window_start,instrument,topic,lag,m5_p,m5_score,m5_n,m6_ic,m6_p,m6_n,research,production,error
2022-01-02,USD_RUB,oil,1,1.0,0.0,125,0.0,1.0,124,False,False,
2022-01-02,USD_RUB,oil,7,1.0,0.0,125,0.0,1.0,118,False,False,
2022-01-02,USD_RUB,oil,14,1.0,0.0,125,0.0,1.0,111,False,False,
2022-01-02,USD_RUB,oil,30,1.0,0.0,125,0.0,1.0,95,False,False,
2022-01-02,USD_RUB,oil,60,1.0,0.0,125,0.0,1.0,65,False,False,
2022-01-02,USD_RUB,rate,1,1.0,0.0,125,0.0,1.0,124,False,False,
2022-01-02,USD_RUB,rate,7,1.0,0.0,125,0.0,1.0,118,False,False,
2022-01-02,USD_RUB,rate,14,1.0,0.0,125,0.0,1.0,111,False,False,
2022-01-02,USD_RUB,rate,30,1.0,0.0,125,0.0,1.0,95,False,False,
2022-01-02,USD_RUB,rate,60,1.0,0.0,125,0.0,1.0,65,False,False,
2022-01-02,USD_RUB,ruble,1,1.0,0.0,125,0.0,1.0,124,False,False,
2022-01-02,USD_RUB,ruble,7,1.0,0.0,125,0.0,1.0,118,False,False,
2022-01-02,USD_RUB,ruble,14,1.0,0.0,125,0.0,1.0,111,False,False,
2022-01-02,USD_RUB,ruble,30,1.0,0.0,125,0.0,1.0,95,False,False,
2022-01-02,USD_RUB,ruble,60,1.0,0.0,125,0.0,1.0,65,False,False,
2022-01-02,USD_RUB,sanctions,1,1.0,0.0,125,0.0,1.0,124,False,False,
2022-01-02,USD_RUB,sanctions,7,1.0,0.0,125,0.0,1.0,118,False,False,
2022-01-02,USD_RUB,sanctions,14,1.0,0.0,125,0.0,1.0,111,False,False,
2022-01-02,USD_RUB,sanctions,30,1.0,0.0,125,0.0,1.0,95,False,False,
2022-01-02,USD_RUB,sanctions,60,1.0,0.0,125,0.0,1.0,65,False,False,
2022-01-02,USD_RUB,inflation,1,1.0,0.0,125,0.0,1.0,124,False,False,
2022-01-02,USD_RUB,inflation,7,1.0,0.0,125,0.0,1.0,118,False,False,
2022-01-02,USD_RUB,inflation,14,1.0,0.0,125,0.0,1.0,111,False,False,
2022-01-02,USD_RUB,inflation,30,1.0,0.0,125,0.0,1.0,95,False,False,
2022-01-02,USD_RUB,inflation,60,1.0,0.0,125,0.0,1.0,65,False,False,
2022-01-02,USD_RUB,banking,1,1.0,0.0,125,0.0,1.0,124,False,False,
2022-01-02,USD_RUB,banking,7,1.0,0.0,125,0.0,1.0,118,False,False,
2022-01-02,USD_RUB,banking,14,1.0,0.0,125,0.0,1.0,111,False,False,
2022-01-02,USD_RUB,banking,30,1.0,0.0,125,0.0,1.0,95,False,False,
2022-01-02,USD_RUB,banking,60,1.0,0.0,125,0.0,1.0,65,False,False,
2022-01-02,USD_RUB,gold,1,1.0,0.0,125,0.0,1.0,124,False,False,
2022-01-02,USD_RUB,gold,7,1.0,0.0,125,0.0,1.0,118,False,False,
2022-01-02,USD_RUB,gold,14,1.0,0.0,125,0.0,1.0,111,False,False,
2022-01-02,USD_RUB,gold,30,1.0,0.0,125,0.0,1.0,95,False,False,
2022-01-02,USD_RUB,gold,60,1.0,0.0,125,0.0,1.0,65,False,False,
2022-01-02,EUR_RUB,oil,1,1.0,0.0,125,0.0,1.0,124,False,False,
2022-01-02,EUR_RUB,oil,7,1.0,0.0,125,0.0,1.0,118,False,False,
2022-01-02,EUR_RUB,oil,14,1.0,0.0,125,0.0,1.0,111,False,False,
2022-01-02,EUR_RUB,oil,30,1.0,0.0,125,0.0,1.0,95,False,False,
2022-01-02,EUR_RUB,oil,60,1.0,0.0,125,0.0,1.0,65,False,False,
2022-01-02,EUR_RUB,rate,1,1.0,0.0,125,0.0,1.0,124,False,False,
2022-01-02,EUR_RUB,rate,7,1.0,0.0,125,0.0,1.0,118,False,False,
2022-01-02,EUR_RUB,rate,14,1.0,0.0,125,0.0,1.0,111,False,False,
2022-01-02,EUR_RUB,rate,30,1.0,0.0,125,0.0,1.0,95,False,False,
2022-01-02,EUR_RUB,rate,60,1.0,0.0,125,0.0,1.0,65,False,False,
2022-01-02,EUR_RUB,ruble,1,1.0,0.0,125,0.0,1.0,124,False,False,
2022-01-02,EUR_RUB,ruble,7,1.0,0.0,125,0.0,1.0,118,False,False,
2022-01-02,EUR_RUB,ruble,14,1.0,0.0,125,0.0,1.0,111,False,False,
2022-01-02,EUR_RUB,ruble,30,1.0,0.0,125,0.0,1.0,95,False,False,
2022-01-02,EUR_RUB,ruble,60,1.0,0.0,125,0.0,1.0,65,False,False,
2022-01-02,EUR_RUB,sanctions,1,1.0,0.0,125,0.0,1.0,124,False,False,
2022-01-02,EUR_RUB,sanctions,7,1.0,0.0,125,0.0,1.0,118,False,False,
2022-01-02,EUR_RUB,sanctions,14,1.0,0.0,125,0.0,1.0,111,False,False,
2022-01-02,EUR_RUB,sanctions,30,1.0,0.0,125,0.0,1.0,95,False,False,
2022-01-02,EUR_RUB,sanctions,60,1.0,0.0,125,0.0,1.0,65,False,False,
2022-01-02,EUR_RUB,inflation,1,1.0,0.0,125,0.0,1.0,124,False,False,
2022-01-02,EUR_RUB,inflation,7,1.0,0.0,125,0.0,1.0,118,False,False,
2022-01-02,EUR_RUB,inflation,14,1.0,0.0,125,0.0,1.0,111,False,False,
2022-01-02,EUR_RUB,inflation,30,1.0,0.0,125,0.0,1.0,95,False,False,
2022-01-02,EUR_RUB,inflation,60,1.0,0.0,125,0.0,1.0,65,False,False,
2022-01-02,EUR_RUB,banking,1,1.0,0.0,125,0.0,1.0,124,False,False,
2022-01-02,EUR_RUB,banking,7,1.0,0.0,125,0.0,1.0,118,False,False,
2022-01-02,EUR_RUB,banking,14,1.0,0.0,125,0.0,1.0,111,False,False,
2022-01-02,EUR_RUB,banking,30,1.0,0.0,125,0.0,1.0,95,False,False,
2022-01-02,EUR_RUB,banking,60,1.0,0.0,125,0.0,1.0,65,False,False,
2022-01-02,EUR_RUB,gold,1,1.0,0.0,125,0.0,1.0,124,False,False,
2022-01-02,EUR_RUB,gold,7,1.0,0.0,125,0.0,1.0,118,False,False,
2022-01-02,EUR_RUB,gold,14,1.0,0.0,125,0.0,1.0,111,False,False,
2022-01-02,EUR_RUB,gold,30,1.0,0.0,125,0.0,1.0,95,False,False,
2022-01-02,EUR_RUB,gold,60,1.0,0.0,125,0.0,1.0,65,False,False,
2022-01-02,BRENT,oil,1,1.0,0.0,125,0.0,1.0,124,False,False,
2022-01-02,BRENT,oil,7,1.0,0.0,125,0.0,1.0,118,False,False,
2022-01-02,BRENT,oil,14,1.0,0.0,125,0.0,1.0,111,False,False,
2022-01-02,BRENT,oil,30,1.0,0.0,125,0.0,1.0,95,False,False,
2022-01-02,BRENT,oil,60,1.0,0.0,125,0.0,1.0,65,False,False,
2022-01-02,BRENT,rate,1,1.0,0.0,125,0.0,1.0,124,False,False,
2022-01-02,BRENT,rate,7,1.0,0.0,125,0.0,1.0,118,False,False,
2022-01-02,BRENT,rate,14,1.0,0.0,125,0.0,1.0,111,False,False,
2022-01-02,BRENT,rate,30,1.0,0.0,125,0.0,1.0,95,False,False,
2022-01-02,BRENT,rate,60,1.0,0.0,125,0.0,1.0,65,False,False,
2022-01-02,BRENT,ruble,1,1.0,0.0,125,0.0,1.0,124,False,False,
2022-01-02,BRENT,ruble,7,1.0,0.0,125,0.0,1.0,118,False,False,
2022-01-02,BRENT,ruble,14,1.0,0.0,125,0.0,1.0,111,False,False,
2022-01-02,BRENT,ruble,30,1.0,0.0,125,0.0,1.0,95,False,False,
2022-01-02,BRENT,ruble,60,1.0,0.0,125,0.0,1.0,65,False,False,
2022-01-02,BRENT,sanctions,1,1.0,0.0,125,0.0,1.0,124,False,False,
2022-01-02,BRENT,sanctions,7,1.0,0.0,125,0.0,1.0,118,False,False,
2022-01-02,BRENT,sanctions,14,1.0,0.0,125,0.0,1.0,111,False,False,
2022-01-02,BRENT,sanctions,30,1.0,0.0,125,0.0,1.0,95,False,False,
2022-01-02,BRENT,sanctions,60,1.0,0.0,125,0.0,1.0,65,False,False,
2022-01-02,BRENT,inflation,1,1.0,0.0,125,0.0,1.0,124,False,False,
2022-01-02,BRENT,inflation,7,1.0,0.0,125,0.0,1.0,118,False,False,
2022-01-02,BRENT,inflation,14,1.0,0.0,125,0.0,1.0,111,False,False,
2022-01-02,BRENT,inflation,30,1.0,0.0,125,0.0,1.0,95,False,False,
2022-01-02,BRENT,inflation,60,1.0,0.0,125,0.0,1.0,65,False,False,
2022-01-02,BRENT,banking,1,1.0,0.0,125,0.0,1.0,124,False,False,
2022-01-02,BRENT,banking,7,1.0,0.0,125,0.0,1.0,118,False,False,
2022-01-02,BRENT,banking,14,1.0,0.0,125,0.0,1.0,111,False,False,
2022-01-02,BRENT,banking,30,1.0,0.0,125,0.0,1.0,95,False,False,
2022-01-02,BRENT,banking,60,1.0,0.0,125,0.0,1.0,65,False,False,
2022-01-02,BRENT,gold,1,1.0,0.0,125,0.0,1.0,124,False,False,
2022-01-02,BRENT,gold,7,1.0,0.0,125,0.0,1.0,118,False,False,
2022-01-02,BRENT,gold,14,1.0,0.0,125,0.0,1.0,111,False,False,
2022-01-02,BRENT,gold,30,1.0,0.0,125,0.0,1.0,95,False,False,
2022-01-02,BRENT,gold,60,1.0,0.0,125,0.0,1.0,65,False,False,
2022-01-02,SP500,oil,1,1.0,0.0,125,0.0,1.0,124,False,False,
2022-01-02,SP500,oil,7,1.0,0.0,125,0.0,1.0,118,False,False,
2022-01-02,SP500,oil,14,1.0,0.0,125,0.0,1.0,111,False,False,
2022-01-02,SP500,oil,30,1.0,0.0,125,0.0,1.0,95,False,False,
2022-01-02,SP500,oil,60,1.0,0.0,125,0.0,1.0,65,False,False,
2022-01-02,SP500,rate,1,1.0,0.0,125,0.0,1.0,124,False,False,
2022-01-02,SP500,rate,7,1.0,0.0,125,0.0,1.0,118,False,False,
2022-01-02,SP500,rate,14,1.0,0.0,125,0.0,1.0,111,False,False,
2022-01-02,SP500,rate,30,1.0,0.0,125,0.0,1.0,95,False,False,
2022-01-02,SP500,rate,60,1.0,0.0,125,0.0,1.0,65,False,False,
2022-01-02,SP500,ruble,1,1.0,0.0,125,0.0,1.0,124,False,False,
2022-01-02,SP500,ruble,7,1.0,0.0,125,0.0,1.0,118,False,False,
2022-01-02,SP500,ruble,14,1.0,0.0,125,0.0,1.0,111,False,False,
2022-01-02,SP500,ruble,30,1.0,0.0,125,0.0,1.0,95,False,False,
2022-01-02,SP500,ruble,60,1.0,0.0,125,0.0,1.0,65,False,False,
2022-01-02,SP500,sanctions,1,1.0,0.0,125,0.0,1.0,124,False,False,
2022-01-02,SP500,sanctions,7,1.0,0.0,125,0.0,1.0,118,False,False,
2022-01-02,SP500,sanctions,14,1.0,0.0,125,0.0,1.0,111,False,False,
2022-01-02,SP500,sanctions,30,1.0,0.0,125,0.0,1.0,95,False,False,
2022-01-02,SP500,sanctions,60,1.0,0.0,125,0.0,1.0,65,False,False,
2022-01-02,SP500,inflation,1,1.0,0.0,125,0.0,1.0,124,False,False,
2022-01-02,SP500,inflation,7,1.0,0.0,125,0.0,1.0,118,False,False,
2022-01-02,SP500,inflation,14,1.0,0.0,125,0.0,1.0,111,False,False,
2022-01-02,SP500,inflation,30,1.0,0.0,125,0.0,1.0,95,False,False,
2022-01-02,SP500,inflation,60,1.0,0.0,125,0.0,1.0,65,False,False,
2022-01-02,SP500,banking,1,1.0,0.0,125,0.0,1.0,124,False,False,
2022-01-02,SP500,banking,7,1.0,0.0,125,0.0,1.0,118,False,False,
2022-01-02,SP500,banking,14,1.0,0.0,125,0.0,1.0,111,False,False,
2022-01-02,SP500,banking,30,1.0,0.0,125,0.0,1.0,95,False,False,
2022-01-02,SP500,banking,60,1.0,0.0,125,0.0,1.0,65,False,False,
2022-01-02,SP500,gold,1,1.0,0.0,125,0.0,1.0,124,False,False,
2022-01-02,SP500,gold,7,1.0,0.0,125,0.0,1.0,118,False,False,
2022-01-02,SP500,gold,14,1.0,0.0,125,0.0,1.0,111,False,False,
2022-01-02,SP500,gold,30,1.0,0.0,125,0.0,1.0,95,False,False,
2022-01-02,SP500,gold,60,1.0,0.0,125,0.0,1.0,65,False,False,
2022-01-02,MSCI_WORLD,oil,1,1.0,0.0,125,0.0,1.0,124,False,False,
2022-01-02,MSCI_WORLD,oil,7,1.0,0.0,125,0.0,1.0,118,False,False,
2022-01-02,MSCI_WORLD,oil,14,1.0,0.0,125,0.0,1.0,111,False,False,
2022-01-02,MSCI_WORLD,oil,30,1.0,0.0,125,0.0,1.0,95,False,False,
2022-01-02,MSCI_WORLD,oil,60,1.0,0.0,125,0.0,1.0,65,False,False,
2022-01-02,MSCI_WORLD,rate,1,1.0,0.0,125,0.0,1.0,124,False,False,
2022-01-02,MSCI_WORLD,rate,7,1.0,0.0,125,0.0,1.0,118,False,False,
2022-01-02,MSCI_WORLD,rate,14,1.0,0.0,125,0.0,1.0,111,False,False,
2022-01-02,MSCI_WORLD,rate,30,1.0,0.0,125,0.0,1.0,95,False,False,
2022-01-02,MSCI_WORLD,rate,60,1.0,0.0,125,0.0,1.0,65,False,False,
2022-01-02,MSCI_WORLD,ruble,1,1.0,0.0,125,0.0,1.0,124,False,False,
2022-01-02,MSCI_WORLD,ruble,7,1.0,0.0,125,0.0,1.0,118,False,False,
2022-01-02,MSCI_WORLD,ruble,14,1.0,0.0,125,0.0,1.0,111,False,False,
2022-01-02,MSCI_WORLD,ruble,30,1.0,0.0,125,0.0,1.0,95,False,False,
2022-01-02,MSCI_WORLD,ruble,60,1.0,0.0,125,0.0,1.0,65,False,False,
2022-01-02,MSCI_WORLD,sanctions,1,1.0,0.0,125,0.0,1.0,124,False,False,
2022-01-02,MSCI_WORLD,sanctions,7,1.0,0.0,125,0.0,1.0,118,False,False,
2022-01-02,MSCI_WORLD,sanctions,14,1.0,0.0,125,0.0,1.0,111,False,False,
2022-01-02,MSCI_WORLD,sanctions,30,1.0,0.0,125,0.0,1.0,95,False,False,
2022-01-02,MSCI_WORLD,sanctions,60,1.0,0.0,125,0.0,1.0,65,False,False,
2022-01-02,MSCI_WORLD,inflation,1,1.0,0.0,125,0.0,1.0,124,False,False,
2022-01-02,MSCI_WORLD,inflation,7,1.0,0.0,125,0.0,1.0,118,False,False,
2022-01-02,MSCI_WORLD,inflation,14,1.0,0.0,125,0.0,1.0,111,False,False,
2022-01-02,MSCI_WORLD,inflation,30,1.0,0.0,125,0.0,1.0,95,False,False,
2022-01-02,MSCI_WORLD,inflation,60,1.0,0.0,125,0.0,1.0,65,False,False,
2022-01-02,MSCI_WORLD,banking,1,1.0,0.0,125,0.0,1.0,124,False,False,
2022-01-02,MSCI_WORLD,banking,7,1.0,0.0,125,0.0,1.0,118,False,False,
2022-01-02,MSCI_WORLD,banking,14,1.0,0.0,125,0.0,1.0,111,False,False,
2022-01-02,MSCI_WORLD,banking,30,1.0,0.0,125,0.0,1.0,95,False,False,
2022-01-02,MSCI_WORLD,banking,60,1.0,0.0,125,0.0,1.0,65,False,False,
2022-01-02,MSCI_WORLD,gold,1,1.0,0.0,125,0.0,1.0,124,False,False,
2022-01-02,MSCI_WORLD,gold,7,1.0,0.0,125,0.0,1.0,118,False,False,
2022-01-02,MSCI_WORLD,gold,14,1.0,0.0,125,0.0,1.0,111,False,False,
2022-01-02,MSCI_WORLD,gold,30,1.0,0.0,125,0.0,1.0,95,False,False,
2022-01-02,MSCI_WORLD,gold,60,1.0,0.0,125,0.0,1.0,65,False,False,
2022-01-02,DXY,oil,1,1.0,0.0,125,0.0,1.0,124,False,False,
2022-01-02,DXY,oil,7,1.0,0.0,125,0.0,1.0,118,False,False,
2022-01-02,DXY,oil,14,1.0,0.0,125,0.0,1.0,111,False,False,
2022-01-02,DXY,oil,30,1.0,0.0,125,0.0,1.0,95,False,False,
2022-01-02,DXY,oil,60,1.0,0.0,125,0.0,1.0,65,False,False,
2022-01-02,DXY,rate,1,1.0,0.0,125,0.0,1.0,124,False,False,
2022-01-02,DXY,rate,7,1.0,0.0,125,0.0,1.0,118,False,False,
2022-01-02,DXY,rate,14,1.0,0.0,125,0.0,1.0,111,False,False,
2022-01-02,DXY,rate,30,1.0,0.0,125,0.0,1.0,95,False,False,
2022-01-02,DXY,rate,60,1.0,0.0,125,0.0,1.0,65,False,False,
2022-01-02,DXY,ruble,1,1.0,0.0,125,0.0,1.0,124,False,False,
2022-01-02,DXY,ruble,7,1.0,0.0,125,0.0,1.0,118,False,False,
2022-01-02,DXY,ruble,14,1.0,0.0,125,0.0,1.0,111,False,False,
2022-01-02,DXY,ruble,30,1.0,0.0,125,0.0,1.0,95,False,False,
2022-01-02,DXY,ruble,60,1.0,0.0,125,0.0,1.0,65,False,False,
2022-01-02,DXY,sanctions,1,1.0,0.0,125,0.0,1.0,124,False,False,
2022-01-02,DXY,sanctions,7,1.0,0.0,125,0.0,1.0,118,False,False,
2022-01-02,DXY,sanctions,14,1.0,0.0,125,0.0,1.0,111,False,False,
2022-01-02,DXY,sanctions,30,1.0,0.0,125,0.0,1.0,95,False,False,
2022-01-02,DXY,sanctions,60,1.0,0.0,125,0.0,1.0,65,False,False,
2022-01-02,DXY,inflation,1,1.0,0.0,125,0.0,1.0,124,False,False,
2022-01-02,DXY,inflation,7,1.0,0.0,125,0.0,1.0,118,False,False,
2022-01-02,DXY,inflation,14,1.0,0.0,125,0.0,1.0,111,False,False,
2022-01-02,DXY,inflation,30,1.0,0.0,125,0.0,1.0,95,False,False,
2022-01-02,DXY,inflation,60,1.0,0.0,125,0.0,1.0,65,False,False,
2022-01-02,DXY,banking,1,1.0,0.0,125,0.0,1.0,124,False,False,
2022-01-02,DXY,banking,7,1.0,0.0,125,0.0,1.0,118,False,False,
2022-01-02,DXY,banking,14,1.0,0.0,125,0.0,1.0,111,False,False,
2022-01-02,DXY,banking,30,1.0,0.0,125,0.0,1.0,95,False,False,
2022-01-02,DXY,banking,60,1.0,0.0,125,0.0,1.0,65,False,False,
2022-01-02,DXY,gold,1,1.0,0.0,125,0.0,1.0,124,False,False,
2022-01-02,DXY,gold,7,1.0,0.0,125,0.0,1.0,118,False,False,
2022-01-02,DXY,gold,14,1.0,0.0,125,0.0,1.0,111,False,False,
2022-01-02,DXY,gold,30,1.0,0.0,125,0.0,1.0,95,False,False,
2022-01-02,DXY,gold,60,1.0,0.0,125,0.0,1.0,65,False,False,
2022-01-02,MSCI_INDIA,oil,1,1.0,0.0,125,0.0,1.0,124,False,False,
2022-01-02,MSCI_INDIA,oil,7,1.0,0.0,125,0.0,1.0,118,False,False,
2022-01-02,MSCI_INDIA,oil,14,1.0,0.0,125,0.0,1.0,111,False,False,
2022-01-02,MSCI_INDIA,oil,30,1.0,0.0,125,0.0,1.0,95,False,False,
2022-01-02,MSCI_INDIA,oil,60,1.0,0.0,125,0.0,1.0,65,False,False,
2022-01-02,MSCI_INDIA,rate,1,1.0,0.0,125,0.0,1.0,124,False,False,
2022-01-02,MSCI_INDIA,rate,7,1.0,0.0,125,0.0,1.0,118,False,False,
2022-01-02,MSCI_INDIA,rate,14,1.0,0.0,125,0.0,1.0,111,False,False,
2022-01-02,MSCI_INDIA,rate,30,1.0,0.0,125,0.0,1.0,95,False,False,
2022-01-02,MSCI_INDIA,rate,60,1.0,0.0,125,0.0,1.0,65,False,False,
2022-01-02,MSCI_INDIA,ruble,1,1.0,0.0,125,0.0,1.0,124,False,False,
2022-01-02,MSCI_INDIA,ruble,7,1.0,0.0,125,0.0,1.0,118,False,False,
2022-01-02,MSCI_INDIA,ruble,14,1.0,0.0,125,0.0,1.0,111,False,False,
2022-01-02,MSCI_INDIA,ruble,30,1.0,0.0,125,0.0,1.0,95,False,False,
2022-01-02,MSCI_INDIA,ruble,60,1.0,0.0,125,0.0,1.0,65,False,False,
2022-01-02,MSCI_INDIA,sanctions,1,1.0,0.0,125,0.0,1.0,124,False,False,
2022-01-02,MSCI_INDIA,sanctions,7,1.0,0.0,125,0.0,1.0,118,False,False,
2022-01-02,MSCI_INDIA,sanctions,14,1.0,0.0,125,0.0,1.0,111,False,False,
2022-01-02,MSCI_INDIA,sanctions,30,1.0,0.0,125,0.0,1.0,95,False,False,
2022-01-02,MSCI_INDIA,sanctions,60,1.0,0.0,125,0.0,1.0,65,False,False,
2022-01-02,MSCI_INDIA,inflation,1,1.0,0.0,125,0.0,1.0,124,False,False,
2022-01-02,MSCI_INDIA,inflation,7,1.0,0.0,125,0.0,1.0,118,False,False,
2022-01-02,MSCI_INDIA,inflation,14,1.0,0.0,125,0.0,1.0,111,False,False,
2022-01-02,MSCI_INDIA,inflation,30,1.0,0.0,125,0.0,1.0,95,False,False,
2022-01-02,MSCI_INDIA,inflation,60,1.0,0.0,125,0.0,1.0,65,False,False,
2022-01-02,MSCI_INDIA,banking,1,1.0,0.0,125,0.0,1.0,124,False,False,
2022-01-02,MSCI_INDIA,banking,7,1.0,0.0,125,0.0,1.0,118,False,False,
2022-01-02,MSCI_INDIA,banking,14,1.0,0.0,125,0.0,1.0,111,False,False,
2022-01-02,MSCI_INDIA,banking,30,1.0,0.0,125,0.0,1.0,95,False,False,
2022-01-02,MSCI_INDIA,banking,60,1.0,0.0,125,0.0,1.0,65,False,False,
2022-01-02,MSCI_INDIA,gold,1,1.0,0.0,125,0.0,1.0,124,False,False,
2022-01-02,MSCI_INDIA,gold,7,1.0,0.0,125,0.0,1.0,118,False,False,
2022-01-02,MSCI_INDIA,gold,14,1.0,0.0,125,0.0,1.0,111,False,False,
2022-01-02,MSCI_INDIA,gold,30,1.0,0.0,125,0.0,1.0,95,False,False,
2022-01-02,MSCI_INDIA,gold,60,1.0,0.0,125,0.0,1.0,65,False,False,
2022-01-05,USD_RUB,oil,1,1.0,0.0,125,0.0,1.0,124,False,False,
2022-01-05,USD_RUB,oil,7,1.0,0.0,125,0.0,1.0,118,False,False,
2022-01-05,USD_RUB,oil,14,1.0,0.0,125,0.0,1.0,111,False,False,
2022-01-05,USD_RUB,oil,30,1.0,0.0,125,0.0,1.0,95,False,False,
2022-01-05,USD_RUB,oil,60,1.0,0.0,125,0.0,1.0,65,False,False,
2022-01-05,USD_RUB,rate,1,1.0,0.0,125,0.0,1.0,124,False,False,
2022-01-05,USD_RUB,rate,7,1.0,0.0,125,0.0,1.0,118,False,False,
2022-01-05,USD_RUB,rate,14,1.0,0.0,125,0.0,1.0,111,False,False,
2022-01-05,USD_RUB,rate,30,1.0,0.0,125,0.0,1.0,95,False,False,
2022-01-05,USD_RUB,rate,60,1.0,0.0,125,0.0,1.0,65,False,False,
2022-01-05,USD_RUB,ruble,1,1.0,0.0,125,0.0,1.0,124,False,False,
2022-01-05,USD_RUB,ruble,7,1.0,0.0,125,0.0,1.0,118,False,False,
2022-01-05,USD_RUB,ruble,14,1.0,0.0,125,0.0,1.0,111,False,False,
2022-01-05,USD_RUB,ruble,30,1.0,0.0,125,0.0,1.0,95,False,False,
2022-01-05,USD_RUB,ruble,60,1.0,0.0,125,0.0,1.0,65,False,False,
2022-01-05,USD_RUB,sanctions,1,1.0,0.0,125,0.0,1.0,124,False,False,
2022-01-05,USD_RUB,sanctions,7,1.0,0.0,125,0.0,1.0,118,False,False,
2022-01-05,USD_RUB,sanctions,14,1.0,0.0,125,0.0,1.0,111,False,False,
2022-01-05,USD_RUB,sanctions,30,1.0,0.0,125,0.0,1.0,95,False,False,
2022-01-05,USD_RUB,sanctions,60,1.0,0.0,125,0.0,1.0,65,False,False,
2022-01-05,USD_RUB,inflation,1,1.0,0.0,125,0.0,1.0,124,False,False,
2022-01-05,USD_RUB,inflation,7,1.0,0.0,125,0.0,1.0,118,False,False,
2022-01-05,USD_RUB,inflation,14,1.0,0.0,125,0.0,1.0,111,False,False,
2022-01-05,USD_RUB,inflation,30,1.0,0.0,125,0.0,1.0,95,False,False,
2022-01-05,USD_RUB,inflation,60,1.0,0.0,125,0.0,1.0,65,False,False,
2022-01-05,USD_RUB,banking,1,1.0,0.0,125,0.0,1.0,124,False,False,
2022-01-05,USD_RUB,banking,7,1.0,0.0,125,0.0,1.0,118,False,False,
2022-01-05,USD_RUB,banking,14,1.0,0.0,125,0.0,1.0,111,False,False,
2022-01-05,USD_RUB,banking,30,1.0,0.0,125,0.0,1.0,95,False,False,
2022-01-05,USD_RUB,banking,60,1.0,0.0,125,0.0,1.0,65,False,False,
2022-01-05,USD_RUB,gold,1,1.0,0.0,125,0.0,1.0,124,False,False,
2022-01-05,USD_RUB,gold,7,1.0,0.0,125,0.0,1.0,118,False,False,
2022-01-05,USD_RUB,gold,14,1.0,0.0,125,0.0,1.0,111,False,False,
2022-01-05,USD_RUB,gold,30,1.0,0.0,125,0.0,1.0,95,False,False,
2022-01-05,USD_RUB,gold,60,1.0,0.0,125,0.0,1.0,65,False,False,
2022-01-05,EUR_RUB,oil,1,1.0,0.0,125,0.0,1.0,124,False,False,
2022-01-05,EUR_RUB,oil,7,1.0,0.0,125,0.0,1.0,118,False,False,
2022-01-05,EUR_RUB,oil,14,1.0,0.0,125,0.0,1.0,111,False,False,
2022-01-05,EUR_RUB,oil,30,1.0,0.0,125,0.0,1.0,95,False,False,
2022-01-05,EUR_RUB,oil,60,1.0,0.0,125,0.0,1.0,65,False,False,
2022-01-05,EUR_RUB,rate,1,1.0,0.0,125,0.0,1.0,124,False,False,
2022-01-05,EUR_RUB,rate,7,1.0,0.0,125,0.0,1.0,118,False,False,
2022-01-05,EUR_RUB,rate,14,1.0,0.0,125,0.0,1.0,111,False,False,
2022-01-05,EUR_RUB,rate,30,1.0,0.0,125,0.0,1.0,95,False,False,
2022-01-05,EUR_RUB,rate,60,1.0,0.0,125,0.0,1.0,65,False,False,
2022-01-05,EUR_RUB,ruble,1,1.0,0.0,125,0.0,1.0,124,False,False,
2022-01-05,EUR_RUB,ruble,7,1.0,0.0,125,0.0,1.0,118,False,False,
2022-01-05,EUR_RUB,ruble,14,1.0,0.0,125,0.0,1.0,111,False,False,
2022-01-05,EUR_RUB,ruble,30,1.0,0.0,125,0.0,1.0,95,False,False,
2022-01-05,EUR_RUB,ruble,60,1.0,0.0,125,0.0,1.0,65,False,False,
2022-01-05,EUR_RUB,sanctions,1,1.0,0.0,125,0.0,1.0,124,False,False,
2022-01-05,EUR_RUB,sanctions,7,1.0,0.0,125,0.0,1.0,118,False,False,
2022-01-05,EUR_RUB,sanctions,14,1.0,0.0,125,0.0,1.0,111,False,False,
2022-01-05,EUR_RUB,sanctions,30,1.0,0.0,125,0.0,1.0,95,False,False,
2022-01-05,EUR_RUB,sanctions,60,1.0,0.0,125,0.0,1.0,65,False,False,
2022-01-05,EUR_RUB,inflation,1,1.0,0.0,125,0.0,1.0,124,False,False,
2022-01-05,EUR_RUB,inflation,7,1.0,0.0,125,0.0,1.0,118,False,False,
2022-01-05,EUR_RUB,inflation,14,1.0,0.0,125,0.0,1.0,111,False,False,
2022-01-05,EUR_RUB,inflation,30,1.0,0.0,125,0.0,1.0,95,False,False,
2022-01-05,EUR_RUB,inflation,60,1.0,0.0,125,0.0,1.0,65,False,False,
2022-01-05,EUR_RUB,banking,1,1.0,0.0,125,0.0,1.0,124,False,False,
2022-01-05,EUR_RUB,banking,7,1.0,0.0,125,0.0,1.0,118,False,False,
2022-01-05,EUR_RUB,banking,14,1.0,0.0,125,0.0,1.0,111,False,False,
2022-01-05,EUR_RUB,banking,30,1.0,0.0,125,0.0,1.0,95,False,False,
2022-01-05,EUR_RUB,banking,60,1.0,0.0,125,0.0,1.0,65,False,False,
2022-01-05,EUR_RUB,gold,1,1.0,0.0,125,0.0,1.0,124,False,False,
2022-01-05,EUR_RUB,gold,7,1.0,0.0,125,0.0,1.0,118,False,False,
2022-01-05,EUR_RUB,gold,14,1.0,0.0,125,0.0,1.0,111,False,False,
2022-01-05,EUR_RUB,gold,30,1.0,0.0,125,0.0,1.0,95,False,False,
2022-01-05,EUR_RUB,gold,60,1.0,0.0,125,0.0,1.0,65,False,False,
2022-01-05,BRENT,oil,1,1.0,0.0,125,0.0,1.0,124,False,False,
2022-01-05,BRENT,oil,7,1.0,0.0,125,0.0,1.0,118,False,False,
2022-01-05,BRENT,oil,14,1.0,0.0,125,0.0,1.0,111,False,False,
2022-01-05,BRENT,oil,30,1.0,0.0,125,0.0,1.0,95,False,False,
2022-01-05,BRENT,oil,60,1.0,0.0,125,0.0,1.0,65,False,False,
2022-01-05,BRENT,rate,1,1.0,0.0,125,0.0,1.0,124,False,False,
2022-01-05,BRENT,rate,7,1.0,0.0,125,0.0,1.0,118,False,False,
2022-01-05,BRENT,rate,14,1.0,0.0,125,0.0,1.0,111,False,False,
2022-01-05,BRENT,rate,30,1.0,0.0,125,0.0,1.0,95,False,False,
2022-01-05,BRENT,rate,60,1.0,0.0,125,0.0,1.0,65,False,False,
2022-01-05,BRENT,ruble,1,1.0,0.0,125,0.0,1.0,124,False,False,
2022-01-05,BRENT,ruble,7,1.0,0.0,125,0.0,1.0,118,False,False,
2022-01-05,BRENT,ruble,14,1.0,0.0,125,0.0,1.0,111,False,False,
2022-01-05,BRENT,ruble,30,1.0,0.0,125,0.0,1.0,95,False,False,
2022-01-05,BRENT,ruble,60,1.0,0.0,125,0.0,1.0,65,False,False,
2022-01-05,BRENT,sanctions,1,1.0,0.0,125,0.0,1.0,124,False,False,
2022-01-05,BRENT,sanctions,7,1.0,0.0,125,0.0,1.0,118,False,False,
2022-01-05,BRENT,sanctions,14,1.0,0.0,125,0.0,1.0,111,False,False,
2022-01-05,BRENT,sanctions,30,1.0,0.0,125,0.0,1.0,95,False,False,
2022-01-05,BRENT,sanctions,60,1.0,0.0,125,0.0,1.0,65,False,False,
2022-01-05,BRENT,inflation,1,1.0,0.0,125,0.0,1.0,124,False,False,
2022-01-05,BRENT,inflation,7,1.0,0.0,125,0.0,1.0,118,False,False,
2022-01-05,BRENT,inflation,14,1.0,0.0,125,0.0,1.0,111,False,False,
2022-01-05,BRENT,inflation,30,1.0,0.0,125,0.0,1.0,95,False,False,
2022-01-05,BRENT,inflation,60,1.0,0.0,125,0.0,1.0,65,False,False,
2022-01-05,BRENT,banking,1,1.0,0.0,125,0.0,1.0,124,False,False,
2022-01-05,BRENT,banking,7,1.0,0.0,125,0.0,1.0,118,False,False,
2022-01-05,BRENT,banking,14,1.0,0.0,125,0.0,1.0,111,False,False,
2022-01-05,BRENT,banking,30,1.0,0.0,125,0.0,1.0,95,False,False,
2022-01-05,BRENT,banking,60,1.0,0.0,125,0.0,1.0,65,False,False,
2022-01-05,BRENT,gold,1,1.0,0.0,125,0.0,1.0,124,False,False,
2022-01-05,BRENT,gold,7,1.0,0.0,125,0.0,1.0,118,False,False,
2022-01-05,BRENT,gold,14,1.0,0.0,125,0.0,1.0,111,False,False,
2022-01-05,BRENT,gold,30,1.0,0.0,125,0.0,1.0,95,False,False,
2022-01-05,BRENT,gold,60,1.0,0.0,125,0.0,1.0,65,False,False,
2022-01-05,SP500,oil,1,1.0,0.0,125,0.0,1.0,124,False,False,
2022-01-05,SP500,oil,7,1.0,0.0,125,0.0,1.0,118,False,False,
2022-01-05,SP500,oil,14,1.0,0.0,125,0.0,1.0,111,False,False,
2022-01-05,SP500,oil,30,1.0,0.0,125,0.0,1.0,95,False,False,
2022-01-05,SP500,oil,60,1.0,0.0,125,0.0,1.0,65,False,False,
2022-01-05,SP500,rate,1,1.0,0.0,125,0.0,1.0,124,False,False,
2022-01-05,SP500,rate,7,1.0,0.0,125,0.0,1.0,118,False,False,
2022-01-05,SP500,rate,14,1.0,0.0,125,0.0,1.0,111,False,False,
2022-01-05,SP500,rate,30,1.0,0.0,125,0.0,1.0,95,False,False,
2022-01-05,SP500,rate,60,1.0,0.0,125,0.0,1.0,65,False,False,
2022-01-05,SP500,ruble,1,1.0,0.0,125,0.0,1.0,124,False,False,
2022-01-05,SP500,ruble,7,1.0,0.0,125,0.0,1.0,118,False,False,
2022-01-05,SP500,ruble,14,1.0,0.0,125,0.0,1.0,111,False,False,
2022-01-05,SP500,ruble,30,1.0,0.0,125,0.0,1.0,95,False,False,
2022-01-05,SP500,ruble,60,1.0,0.0,125,0.0,1.0,65,False,False,
2022-01-05,SP500,sanctions,1,1.0,0.0,125,0.0,1.0,124,False,False,
2022-01-05,SP500,sanctions,7,1.0,0.0,125,0.0,1.0,118,False,False,
2022-01-05,SP500,sanctions,14,1.0,0.0,125,0.0,1.0,111,False,False,
2022-01-05,SP500,sanctions,30,1.0,0.0,125,0.0,1.0,95,False,False,
2022-01-05,SP500,sanctions,60,1.0,0.0,125,0.0,1.0,65,False,False,
2022-01-05,SP500,inflation,1,1.0,0.0,125,0.0,1.0,124,False,False,
2022-01-05,SP500,inflation,7,1.0,0.0,125,0.0,1.0,118,False,False,
2022-01-05,SP500,inflation,14,1.0,0.0,125,0.0,1.0,111,False,False,
2022-01-05,SP500,inflation,30,1.0,0.0,125,0.0,1.0,95,False,False,
2022-01-05,SP500,inflation,60,1.0,0.0,125,0.0,1.0,65,False,False,
2022-01-05,SP500,banking,1,1.0,0.0,125,0.0,1.0,124,False,False,
2022-01-05,SP500,banking,7,1.0,0.0,125,0.0,1.0,118,False,False,
2022-01-05,SP500,banking,14,1.0,0.0,125,0.0,1.0,111,False,False,
2022-01-05,SP500,banking,30,1.0,0.0,125,0.0,1.0,95,False,False,
2022-01-05,SP500,banking,60,1.0,0.0,125,0.0,1.0,65,False,False,
2022-01-05,SP500,gold,1,1.0,0.0,125,0.0,1.0,124,False,False,
2022-01-05,SP500,gold,7,1.0,0.0,125,0.0,1.0,118,False,False,
2022-01-05,SP500,gold,14,1.0,0.0,125,0.0,1.0,111,False,False,
2022-01-05,SP500,gold,30,1.0,0.0,125,0.0,1.0,95,False,False,
2022-01-05,SP500,gold,60,1.0,0.0,125,0.0,1.0,65,False,False,
2022-01-05,MSCI_WORLD,oil,1,1.0,0.0,125,0.0,1.0,124,False,False,
2022-01-05,MSCI_WORLD,oil,7,1.0,0.0,125,0.0,1.0,118,False,False,
2022-01-05,MSCI_WORLD,oil,14,1.0,0.0,125,0.0,1.0,111,False,False,
2022-01-05,MSCI_WORLD,oil,30,1.0,0.0,125,0.0,1.0,95,False,False,
2022-01-05,MSCI_WORLD,oil,60,1.0,0.0,125,0.0,1.0,65,False,False,
2022-01-05,MSCI_WORLD,rate,1,1.0,0.0,125,0.0,1.0,124,False,False,
2022-01-05,MSCI_WORLD,rate,7,1.0,0.0,125,0.0,1.0,118,False,False,
2022-01-05,MSCI_WORLD,rate,14,1.0,0.0,125,0.0,1.0,111,False,False,
2022-01-05,MSCI_WORLD,rate,30,1.0,0.0,125,0.0,1.0,95,False,False,
2022-01-05,MSCI_WORLD,rate,60,1.0,0.0,125,0.0,1.0,65,False,False,
2022-01-05,MSCI_WORLD,ruble,1,1.0,0.0,125,0.0,1.0,124,False,False,
2022-01-05,MSCI_WORLD,ruble,7,1.0,0.0,125,0.0,1.0,118,False,False,
2022-01-05,MSCI_WORLD,ruble,14,1.0,0.0,125,0.0,1.0,111,False,False,
2022-01-05,MSCI_WORLD,ruble,30,1.0,0.0,125,0.0,1.0,95,False,False,
2022-01-05,MSCI_WORLD,ruble,60,1.0,0.0,125,0.0,1.0,65,False,False,
2022-01-05,MSCI_WORLD,sanctions,1,1.0,0.0,125,0.0,1.0,124,False,False,
2022-01-05,MSCI_WORLD,sanctions,7,1.0,0.0,125,0.0,1.0,118,False,False,
2022-01-05,MSCI_WORLD,sanctions,14,1.0,0.0,125,0.0,1.0,111,False,False,
2022-01-05,MSCI_WORLD,sanctions,30,1.0,0.0,125,0.0,1.0,95,False,False,
2022-01-05,MSCI_WORLD,sanctions,60,1.0,0.0,125,0.0,1.0,65,False,False,
2022-01-05,MSCI_WORLD,inflation,1,1.0,0.0,125,0.0,1.0,124,False,False,
2022-01-05,MSCI_WORLD,inflation,7,1.0,0.0,125,0.0,1.0,118,False,False,
2022-01-05,MSCI_WORLD,inflation,14,1.0,0.0,125,0.0,1.0,111,False,False,
2022-01-05,MSCI_WORLD,inflation,30,1.0,0.0,125,0.0,1.0,95,False,False,
2022-01-05,MSCI_WORLD,inflation,60,1.0,0.0,125,0.0,1.0,65,False,False,
2022-01-05,MSCI_WORLD,banking,1,1.0,0.0,125,0.0,1.0,124,False,False,
2022-01-05,MSCI_WORLD,banking,7,1.0,0.0,125,0.0,1.0,118,False,False,
2022-01-05,MSCI_WORLD,banking,14,1.0,0.0,125,0.0,1.0,111,False,False,
2022-01-05,MSCI_WORLD,banking,30,1.0,0.0,125,0.0,1.0,95,False,False,
2022-01-05,MSCI_WORLD,banking,60,1.0,0.0,125,0.0,1.0,65,False,False,
2022-01-05,MSCI_WORLD,gold,1,1.0,0.0,125,0.0,1.0,124,False,False,
2022-01-05,MSCI_WORLD,gold,7,1.0,0.0,125,0.0,1.0,118,False,False,
2022-01-05,MSCI_WORLD,gold,14,1.0,0.0,125,0.0,1.0,111,False,False,
2022-01-05,MSCI_WORLD,gold,30,1.0,0.0,125,0.0,1.0,95,False,False,
2022-01-05,MSCI_WORLD,gold,60,1.0,0.0,125,0.0,1.0,65,False,False,
2022-01-05,DXY,oil,1,1.0,0.0,125,0.0,1.0,124,False,False,
2022-01-05,DXY,oil,7,1.0,0.0,125,0.0,1.0,118,False,False,
2022-01-05,DXY,oil,14,1.0,0.0,125,0.0,1.0,111,False,False,
2022-01-05,DXY,oil,30,1.0,0.0,125,0.0,1.0,95,False,False,
2022-01-05,DXY,oil,60,1.0,0.0,125,0.0,1.0,65,False,False,
2022-01-05,DXY,rate,1,1.0,0.0,125,0.0,1.0,124,False,False,
2022-01-05,DXY,rate,7,1.0,0.0,125,0.0,1.0,118,False,False,
2022-01-05,DXY,rate,14,1.0,0.0,125,0.0,1.0,111,False,False,
2022-01-05,DXY,rate,30,1.0,0.0,125,0.0,1.0,95,False,False,
2022-01-05,DXY,rate,60,1.0,0.0,125,0.0,1.0,65,False,False,
2022-01-05,DXY,ruble,1,1.0,0.0,125,0.0,1.0,124,False,False,
2022-01-05,DXY,ruble,7,1.0,0.0,125,0.0,1.0,118,False,False,
2022-01-05,DXY,ruble,14,1.0,0.0,125,0.0,1.0,111,False,False,
2022-01-05,DXY,ruble,30,1.0,0.0,125,0.0,1.0,95,False,False,
2022-01-05,DXY,ruble,60,1.0,0.0,125,0.0,1.0,65,False,False,
2022-01-05,DXY,sanctions,1,1.0,0.0,125,0.0,1.0,124,False,False,
2022-01-05,DXY,sanctions,7,1.0,0.0,125,0.0,1.0,118,False,False,
2022-01-05,DXY,sanctions,14,1.0,0.0,125,0.0,1.0,111,False,False,
2022-01-05,DXY,sanctions,30,1.0,0.0,125,0.0,1.0,95,False,False,
2022-01-05,DXY,sanctions,60,1.0,0.0,125,0.0,1.0,65,False,False,
2022-01-05,DXY,inflation,1,1.0,0.0,125,0.0,1.0,124,False,False,
2022-01-05,DXY,inflation,7,1.0,0.0,125,0.0,1.0,118,False,False,
2022-01-05,DXY,inflation,14,1.0,0.0,125,0.0,1.0,111,False,False,
2022-01-05,DXY,inflation,30,1.0,0.0,125,0.0,1.0,95,False,False,
2022-01-05,DXY,inflation,60,1.0,0.0,125,0.0,1.0,65,False,False,
2022-01-05,DXY,banking,1,1.0,0.0,125,0.0,1.0,124,False,False,
2022-01-05,DXY,banking,7,1.0,0.0,125,0.0,1.0,118,False,False,
2022-01-05,DXY,banking,14,1.0,0.0,125,0.0,1.0,111,False,False,
2022-01-05,DXY,banking,30,1.0,0.0,125,0.0,1.0,95,False,False,
2022-01-05,DXY,banking,60,1.0,0.0,125,0.0,1.0,65,False,False,
2022-01-05,DXY,gold,1,1.0,0.0,125,0.0,1.0,124,False,False,
2022-01-05,DXY,gold,7,1.0,0.0,125,0.0,1.0,118,False,False,
2022-01-05,DXY,gold,14,1.0,0.0,125,0.0,1.0,111,False,False,
2022-01-05,DXY,gold,30,1.0,0.0,125,0.0,1.0,95,False,False,
2022-01-05,DXY,gold,60,1.0,0.0,125,0.0,1.0,65,False,False,
2022-01-05,MSCI_INDIA,oil,1,1.0,0.0,125,0.0,1.0,124,False,False,
2022-01-05,MSCI_INDIA,oil,7,1.0,0.0,125,0.0,1.0,118,False,False,
2022-01-05,MSCI_INDIA,oil,14,1.0,0.0,125,0.0,1.0,111,False,False,
2022-01-05,MSCI_INDIA,oil,30,1.0,0.0,125,0.0,1.0,95,False,False,
2022-01-05,MSCI_INDIA,oil,60,1.0,0.0,125,0.0,1.0,65,False,False,
2022-01-05,MSCI_INDIA,rate,1,1.0,0.0,125,0.0,1.0,124,False,False,
2022-01-05,MSCI_INDIA,rate,7,1.0,0.0,125,0.0,1.0,118,False,False,
2022-01-05,MSCI_INDIA,rate,14,1.0,0.0,125,0.0,1.0,111,False,False,
2022-01-05,MSCI_INDIA,rate,30,1.0,0.0,125,0.0,1.0,95,False,False,
2022-01-05,MSCI_INDIA,rate,60,1.0,0.0,125,0.0,1.0,65,False,False,
2022-01-05,MSCI_INDIA,ruble,1,1.0,0.0,125,0.0,1.0,124,False,False,
2022-01-05,MSCI_INDIA,ruble,7,1.0,0.0,125,0.0,1.0,118,False,False,
2022-01-05,MSCI_INDIA,ruble,14,1.0,0.0,125,0.0,1.0,111,False,False,
2022-01-05,MSCI_INDIA,ruble,30,1.0,0.0,125,0.0,1.0,95,False,False,
2022-01-05,MSCI_INDIA,ruble,60,1.0,0.0,125,0.0,1.0,65,False,False,
2022-01-05,MSCI_INDIA,sanctions,1,1.0,0.0,125,0.0,1.0,124,False,False,
2022-01-05,MSCI_INDIA,sanctions,7,1.0,0.0,125,0.0,1.0,118,False,False,
2022-01-05,MSCI_INDIA,sanctions,14,1.0,0.0,125,0.0,1.0,111,False,False,
2022-01-05,MSCI_INDIA,sanctions,30,1.0,0.0,125,0.0,1.0,95,False,False,
2022-01-05,MSCI_INDIA,sanctions,60,1.0,0.0,125,0.0,1.0,65,False,False,
2022-01-05,MSCI_INDIA,inflation,1,1.0,0.0,125,0.0,1.0,124,False,False,
2022-01-05,MSCI_INDIA,inflation,7,1.0,0.0,125,0.0,1.0,118,False,False,
2022-01-05,MSCI_INDIA,inflation,14,1.0,0.0,125,0.0,1.0,111,False,False,
2022-01-05,MSCI_INDIA,inflation,30,1.0,0.0,125,0.0,1.0,95,False,False,
2022-01-05,MSCI_INDIA,inflation,60,1.0,0.0,125,0.0,1.0,65,False,False,
2022-01-05,MSCI_INDIA,banking,1,1.0,0.0,125,0.0,1.0,124,False,False,
2022-01-05,MSCI_INDIA,banking,7,1.0,0.0,125,0.0,1.0,118,False,False,
2022-01-05,MSCI_INDIA,banking,14,1.0,0.0,125,0.0,1.0,111,False,False,
2022-01-05,MSCI_INDIA,banking,30,1.0,0.0,125,0.0,1.0,95,False,False,
2022-01-05,MSCI_INDIA,banking,60,1.0,0.0,125,0.0,1.0,65,False,False,
2022-01-05,MSCI_INDIA,gold,1,1.0,0.0,125,0.0,1.0,124,False,False,
2022-01-05,MSCI_INDIA,gold,7,1.0,0.0,125,0.0,1.0,118,False,False,
2022-01-05,MSCI_INDIA,gold,14,1.0,0.0,125,0.0,1.0,111,False,False,
2022-01-05,MSCI_INDIA,gold,30,1.0,0.0,125,0.0,1.0,95,False,False,
2022-01-05,MSCI_INDIA,gold,60,1.0,0.0,125,0.0,1.0,65,False,False,
2022-01-08,USD_RUB,oil,1,1.0,0.0,125,0.0,1.0,124,False,False,
2022-01-08,USD_RUB,oil,7,1.0,0.0,125,0.0,1.0,118,False,False,
2022-01-08,USD_RUB,oil,14,1.0,0.0,125,0.0,1.0,111,False,False,
2022-01-08,USD_RUB,oil,30,1.0,0.0,125,0.0,1.0,95,False,False,
2022-01-08,USD_RUB,oil,60,1.0,0.0,125,0.0,1.0,65,False,False,
2022-01-08,USD_RUB,rate,1,1.0,0.0,125,0.0,1.0,124,False,False,
2022-01-08,USD_RUB,rate,7,1.0,0.0,125,0.0,1.0,118,False,False,
2022-01-08,USD_RUB,rate,14,1.0,0.0,125,0.0,1.0,111,False,False,
2022-01-08,USD_RUB,rate,30,1.0,0.0,125,0.0,1.0,95,False,False,
2022-01-08,USD_RUB,rate,60,1.0,0.0,125,0.0,1.0,65,False,False,
2022-01-08,USD_RUB,ruble,1,1.0,0.0,125,0.0,1.0,124,False,False,
2022-01-08,USD_RUB,ruble,7,1.0,0.0,125,0.0,1.0,118,False,False,
2022-01-08,USD_RUB,ruble,14,1.0,0.0,125,0.0,1.0,111,False,False,
2022-01-08,USD_RUB,ruble,30,1.0,0.0,125,0.0,1.0,95,False,False,
2022-01-08,USD_RUB,ruble,60,1.0,0.0,125,0.0,1.0,65,False,False,
2022-01-08,USD_RUB,sanctions,1,1.0,0.0,125,0.0,1.0,124,False,False,
2022-01-08,USD_RUB,sanctions,7,1.0,0.0,125,0.0,1.0,118,False,False,
2022-01-08,USD_RUB,sanctions,14,1.0,0.0,125,0.0,1.0,111,False,False,
2022-01-08,USD_RUB,sanctions,30,1.0,0.0,125,0.0,1.0,95,False,False,
2022-01-08,USD_RUB,sanctions,60,1.0,0.0,125,0.0,1.0,65,False,False,
2022-01-08,USD_RUB,inflation,1,1.0,0.0,125,0.0,1.0,124,False,False,
2022-01-08,USD_RUB,inflation,7,1.0,0.0,125,0.0,1.0,118,False,False,
2022-01-08,USD_RUB,inflation,14,1.0,0.0,125,0.0,1.0,111,False,False,
2022-01-08,USD_RUB,inflation,30,1.0,0.0,125,0.0,1.0,95,False,False,
2022-01-08,USD_RUB,inflation,60,1.0,0.0,125,0.0,1.0,65,False,False,
2022-01-08,USD_RUB,banking,1,1.0,0.0,125,0.0,1.0,124,False,False,
2022-01-08,USD_RUB,banking,7,1.0,0.0,125,0.0,1.0,118,False,False,
2022-01-08,USD_RUB,banking,14,1.0,0.0,125,0.0,1.0,111,False,False,
2022-01-08,USD_RUB,banking,30,1.0,0.0,125,0.0,1.0,95,False,False,
2022-01-08,USD_RUB,banking,60,1.0,0.0,125,0.0,1.0,65,False,False,
2022-01-08,USD_RUB,gold,1,1.0,0.0,125,0.0,1.0,124,False,False,
2022-01-08,USD_RUB,gold,7,1.0,0.0,125,0.0,1.0,118,False,False,
2022-01-08,USD_RUB,gold,14,1.0,0.0,125,0.0,1.0,111,False,False,
2022-01-08,USD_RUB,gold,30,1.0,0.0,125,0.0,1.0,95,False,False,
2022-01-08,USD_RUB,gold,60,1.0,0.0,125,0.0,1.0,65,False,False,
2022-01-08,EUR_RUB,oil,1,1.0,0.0,125,0.0,1.0,124,False,False,
2022-01-08,EUR_RUB,oil,7,1.0,0.0,125,0.0,1.0,118,False,False,
2022-01-08,EUR_RUB,oil,14,1.0,0.0,125,0.0,1.0,111,False,False,
2022-01-08,EUR_RUB,oil,30,1.0,0.0,125,0.0,1.0,95,False,False,
2022-01-08,EUR_RUB,oil,60,1.0,0.0,125,0.0,1.0,65,False,False,
2022-01-08,EUR_RUB,rate,1,1.0,0.0,125,0.0,1.0,124,False,False,
2022-01-08,EUR_RUB,rate,7,1.0,0.0,125,0.0,1.0,118,False,False,
2022-01-08,EUR_RUB,rate,14,1.0,0.0,125,0.0,1.0,111,False,False,
2022-01-08,EUR_RUB,rate,30,1.0,0.0,125,0.0,1.0,95,False,False,
2022-01-08,EUR_RUB,rate,60,1.0,0.0,125,0.0,1.0,65,False,False,
2022-01-08,EUR_RUB,ruble,1,1.0,0.0,125,0.0,1.0,124,False,False,
2022-01-08,EUR_RUB,ruble,7,1.0,0.0,125,0.0,1.0,118,False,False,
2022-01-08,EUR_RUB,ruble,14,1.0,0.0,125,0.0,1.0,111,False,False,
2022-01-08,EUR_RUB,ruble,30,1.0,0.0,125,0.0,1.0,95,False,False,
2022-01-08,EUR_RUB,ruble,60,1.0,0.0,125,0.0,1.0,65,False,False,
2022-01-08,EUR_RUB,sanctions,1,1.0,0.0,125,0.0,1.0,124,False,False,
2022-01-08,EUR_RUB,sanctions,7,1.0,0.0,125,0.0,1.0,118,False,False,
2022-01-08,EUR_RUB,sanctions,14,1.0,0.0,125,0.0,1.0,111,False,False,
2022-01-08,EUR_RUB,sanctions,30,1.0,0.0,125,0.0,1.0,95,False,False,
2022-01-08,EUR_RUB,sanctions,60,1.0,0.0,125,0.0,1.0,65,False,False,
2022-01-08,EUR_RUB,inflation,1,1.0,0.0,125,0.0,1.0,124,False,False,
2022-01-08,EUR_RUB,inflation,7,1.0,0.0,125,0.0,1.0,118,False,False,
2022-01-08,EUR_RUB,inflation,14,1.0,0.0,125,0.0,1.0,111,False,False,
2022-01-08,EUR_RUB,inflation,30,1.0,0.0,125,0.0,1.0,95,False,False,
2022-01-08,EUR_RUB,inflation,60,1.0,0.0,125,0.0,1.0,65,False,False,
2022-01-08,EUR_RUB,banking,1,1.0,0.0,125,0.0,1.0,124,False,False,
2022-01-08,EUR_RUB,banking,7,1.0,0.0,125,0.0,1.0,118,False,False,
2022-01-08,EUR_RUB,banking,14,1.0,0.0,125,0.0,1.0,111,False,False,
2022-01-08,EUR_RUB,banking,30,1.0,0.0,125,0.0,1.0,95,False,False,
2022-01-08,EUR_RUB,banking,60,1.0,0.0,125,0.0,1.0,65,False,False,
2022-01-08,EUR_RUB,gold,1,1.0,0.0,125,0.0,1.0,124,False,False,
2022-01-08,EUR_RUB,gold,7,1.0,0.0,125,0.0,1.0,118,False,False,
2022-01-08,EUR_RUB,gold,14,1.0,0.0,125,0.0,1.0,111,False,False,
2022-01-08,EUR_RUB,gold,30,1.0,0.0,125,0.0,1.0,95,False,False,
2022-01-08,EUR_RUB,gold,60,1.0,0.0,125,0.0,1.0,65,False,False,
2022-01-08,BRENT,oil,1,1.0,0.0,125,0.0,1.0,124,False,False,
2022-01-08,BRENT,oil,7,1.0,0.0,125,0.0,1.0,118,False,False,
2022-01-08,BRENT,oil,14,1.0,0.0,125,0.0,1.0,111,False,False,
2022-01-08,BRENT,oil,30,1.0,0.0,125,0.0,1.0,95,False,False,
2022-01-08,BRENT,oil,60,1.0,0.0,125,0.0,1.0,65,False,False,
2022-01-08,BRENT,rate,1,1.0,0.0,125,0.0,1.0,124,False,False,
2022-01-08,BRENT,rate,7,1.0,0.0,125,0.0,1.0,118,False,False,
2022-01-08,BRENT,rate,14,1.0,0.0,125,0.0,1.0,111,False,False,
2022-01-08,BRENT,rate,30,1.0,0.0,125,0.0,1.0,95,False,False,
2022-01-08,BRENT,rate,60,1.0,0.0,125,0.0,1.0,65,False,False,
2022-01-08,BRENT,ruble,1,1.0,0.0,125,0.0,1.0,124,False,False,
2022-01-08,BRENT,ruble,7,1.0,0.0,125,0.0,1.0,118,False,False,
2022-01-08,BRENT,ruble,14,1.0,0.0,125,0.0,1.0,111,False,False,
2022-01-08,BRENT,ruble,30,1.0,0.0,125,0.0,1.0,95,False,False,
2022-01-08,BRENT,ruble,60,1.0,0.0,125,0.0,1.0,65,False,False,
2022-01-08,BRENT,sanctions,1,1.0,0.0,125,0.0,1.0,124,False,False,
2022-01-08,BRENT,sanctions,7,1.0,0.0,125,0.0,1.0,118,False,False,
2022-01-08,BRENT,sanctions,14,1.0,0.0,125,0.0,1.0,111,False,False,
2022-01-08,BRENT,sanctions,30,1.0,0.0,125,0.0,1.0,95,False,False,
2022-01-08,BRENT,sanctions,60,1.0,0.0,125,0.0,1.0,65,False,False,
2022-01-08,BRENT,inflation,1,1.0,0.0,125,0.0,1.0,124,False,False,
2022-01-08,BRENT,inflation,7,1.0,0.0,125,0.0,1.0,118,False,False,
2022-01-08,BRENT,inflation,14,1.0,0.0,125,0.0,1.0,111,False,False,
2022-01-08,BRENT,inflation,30,1.0,0.0,125,0.0,1.0,95,False,False,
2022-01-08,BRENT,inflation,60,1.0,0.0,125,0.0,1.0,65,False,False,
2022-01-08,BRENT,banking,1,1.0,0.0,125,0.0,1.0,124,False,False,
2022-01-08,BRENT,banking,7,1.0,0.0,125,0.0,1.0,118,False,False,
2022-01-08,BRENT,banking,14,1.0,0.0,125,0.0,1.0,111,False,False,
2022-01-08,BRENT,banking,30,1.0,0.0,125,0.0,1.0,95,False,False,
2022-01-08,BRENT,banking,60,1.0,0.0,125,0.0,1.0,65,False,False,
2022-01-08,BRENT,gold,1,1.0,0.0,125,0.0,1.0,124,False,False,
2022-01-08,BRENT,gold,7,1.0,0.0,125,0.0,1.0,118,False,False,
2022-01-08,BRENT,gold,14,1.0,0.0,125,0.0,1.0,111,False,False,
2022-01-08,BRENT,gold,30,1.0,0.0,125,0.0,1.0,95,False,False,
2022-01-08,BRENT,gold,60,1.0,0.0,125,0.0,1.0,65,False,False,
2022-01-08,SP500,oil,1,1.0,0.0,125,0.0,1.0,124,False,False,
2022-01-08,SP500,oil,7,1.0,0.0,125,0.0,1.0,118,False,False,
2022-01-08,SP500,oil,14,1.0,0.0,125,0.0,1.0,111,False,False,
2022-01-08,SP500,oil,30,1.0,0.0,125,0.0,1.0,95,False,False,
2022-01-08,SP500,oil,60,1.0,0.0,125,0.0,1.0,65,False,False,
2022-01-08,SP500,rate,1,1.0,0.0,125,0.0,1.0,124,False,False,
2022-01-08,SP500,rate,7,1.0,0.0,125,0.0,1.0,118,False,False,
2022-01-08,SP500,rate,14,1.0,0.0,125,0.0,1.0,111,False,False,
2022-01-08,SP500,rate,30,1.0,0.0,125,0.0,1.0,95,False,False,
2022-01-08,SP500,rate,60,1.0,0.0,125,0.0,1.0,65,False,False,
2022-01-08,SP500,ruble,1,1.0,0.0,125,0.0,1.0,124,False,False,
2022-01-08,SP500,ruble,7,1.0,0.0,125,0.0,1.0,118,False,False,
2022-01-08,SP500,ruble,14,1.0,0.0,125,0.0,1.0,111,False,False,
2022-01-08,SP500,ruble,30,1.0,0.0,125,0.0,1.0,95,False,False,
2022-01-08,SP500,ruble,60,1.0,0.0,125,0.0,1.0,65,False,False,
2022-01-08,SP500,sanctions,1,1.0,0.0,125,0.0,1.0,124,False,False,
2022-01-08,SP500,sanctions,7,1.0,0.0,125,0.0,1.0,118,False,False,
2022-01-08,SP500,sanctions,14,1.0,0.0,125,0.0,1.0,111,False,False,
2022-01-08,SP500,sanctions,30,1.0,0.0,125,0.0,1.0,95,False,False,
2022-01-08,SP500,sanctions,60,1.0,0.0,125,0.0,1.0,65,False,False,
2022-01-08,SP500,inflation,1,1.0,0.0,125,0.0,1.0,124,False,False,
2022-01-08,SP500,inflation,7,1.0,0.0,125,0.0,1.0,118,False,False,
2022-01-08,SP500,inflation,14,1.0,0.0,125,0.0,1.0,111,False,False,
2022-01-08,SP500,inflation,30,1.0,0.0,125,0.0,1.0,95,False,False,
2022-01-08,SP500,inflation,60,1.0,0.0,125,0.0,1.0,65,False,False,
2022-01-08,SP500,banking,1,1.0,0.0,125,0.0,1.0,124,False,False,
2022-01-08,SP500,banking,7,1.0,0.0,125,0.0,1.0,118,False,False,
2022-01-08,SP500,banking,14,1.0,0.0,125,0.0,1.0,111,False,False,
2022-01-08,SP500,banking,30,1.0,0.0,125,0.0,1.0,95,False,False,
2022-01-08,SP500,banking,60,1.0,0.0,125,0.0,1.0,65,False,False,
2022-01-08,SP500,gold,1,1.0,0.0,125,0.0,1.0,124,False,False,
2022-01-08,SP500,gold,7,1.0,0.0,125,0.0,1.0,118,False,False,
2022-01-08,SP500,gold,14,1.0,0.0,125,0.0,1.0,111,False,False,
2022-01-08,SP500,gold,30,1.0,0.0,125,0.0,1.0,95,False,False,
2022-01-08,SP500,gold,60,1.0,0.0,125,0.0,1.0,65,False,False,
2022-01-08,MSCI_WORLD,oil,1,1.0,0.0,125,0.0,1.0,124,False,False,
2022-01-08,MSCI_WORLD,oil,7,1.0,0.0,125,0.0,1.0,118,False,False,
2022-01-08,MSCI_WORLD,oil,14,1.0,0.0,125,0.0,1.0,111,False,False,
2022-01-08,MSCI_WORLD,oil,30,1.0,0.0,125,0.0,1.0,95,False,False,
2022-01-08,MSCI_WORLD,oil,60,1.0,0.0,125,0.0,1.0,65,False,False,
2022-01-08,MSCI_WORLD,rate,1,1.0,0.0,125,0.0,1.0,124,False,False,
2022-01-08,MSCI_WORLD,rate,7,1.0,0.0,125,0.0,1.0,118,False,False,
2022-01-08,MSCI_WORLD,rate,14,1.0,0.0,125,0.0,1.0,111,False,False,
2022-01-08,MSCI_WORLD,rate,30,1.0,0.0,125,0.0,1.0,95,False,False,
2022-01-08,MSCI_WORLD,rate,60,1.0,0.0,125,0.0,1.0,65,False,False,
2022-01-08,MSCI_WORLD,ruble,1,1.0,0.0,125,0.0,1.0,124,False,False,
2022-01-08,MSCI_WORLD,ruble,7,1.0,0.0,125,0.0,1.0,118,False,False,
2022-01-08,MSCI_WORLD,ruble,14,1.0,0.0,125,0.0,1.0,111,False,False,
2022-01-08,MSCI_WORLD,ruble,30,1.0,0.0,125,0.0,1.0,95,False,False,
2022-01-08,MSCI_WORLD,ruble,60,1.0,0.0,125,0.0,1.0,65,False,False,
2022-01-08,MSCI_WORLD,sanctions,1,1.0,0.0,125,0.0,1.0,124,False,False,
2022-01-08,MSCI_WORLD,sanctions,7,1.0,0.0,125,0.0,1.0,118,False,False,
2022-01-08,MSCI_WORLD,sanctions,14,1.0,0.0,125,0.0,1.0,111,False,False,
2022-01-08,MSCI_WORLD,sanctions,30,1.0,0.0,125,0.0,1.0,95,False,False,
2022-01-08,MSCI_WORLD,sanctions,60,1.0,0.0,125,0.0,1.0,65,False,False,
2022-01-08,MSCI_WORLD,inflation,1,1.0,0.0,125,0.0,1.0,124,False,False,
2022-01-08,MSCI_WORLD,inflation,7,1.0,0.0,125,0.0,1.0,118,False,False,
2022-01-08,MSCI_WORLD,inflation,14,1.0,0.0,125,0.0,1.0,111,False,False,
2022-01-08,MSCI_WORLD,inflation,30,1.0,0.0,125,0.0,1.0,95,False,False,
2022-01-08,MSCI_WORLD,inflation,60,1.0,0.0,125,0.0,1.0,65,False,False,
2022-01-08,MSCI_WORLD,banking,1,1.0,0.0,125,0.0,1.0,124,False,False,
2022-01-08,MSCI_WORLD,banking,7,1.0,0.0,125,0.0,1.0,118,False,False,
2022-01-08,MSCI_WORLD,banking,14,1.0,0.0,125,0.0,1.0,111,False,False,
2022-01-08,MSCI_WORLD,banking,30,1.0,0.0,125,0.0,1.0,95,False,False,
2022-01-08,MSCI_WORLD,banking,60,1.0,0.0,125,0.0,1.0,65,False,False,
2022-01-08,MSCI_WORLD,gold,1,1.0,0.0,125,0.0,1.0,124,False,False,
2022-01-08,MSCI_WORLD,gold,7,1.0,0.0,125,0.0,1.0,118,False,False,
2022-01-08,MSCI_WORLD,gold,14,1.0,0.0,125,0.0,1.0,111,False,False,
2022-01-08,MSCI_WORLD,gold,30,1.0,0.0,125,0.0,1.0,95,False,False,
2022-01-08,MSCI_WORLD,gold,60,1.0,0.0,125,0.0,1.0,65,False,False,
2022-01-08,DXY,oil,1,1.0,0.0,125,0.0,1.0,124,False,False,
2022-01-08,DXY,oil,7,1.0,0.0,125,0.0,1.0,118,False,False,
2022-01-08,DXY,oil,14,1.0,0.0,125,0.0,1.0,111,False,False,
2022-01-08,DXY,oil,30,1.0,0.0,125,0.0,1.0,95,False,False,
2022-01-08,DXY,oil,60,1.0,0.0,125,0.0,1.0,65,False,False,
2022-01-08,DXY,rate,1,1.0,0.0,125,0.0,1.0,124,False,False,
2022-01-08,DXY,rate,7,1.0,0.0,125,0.0,1.0,118,False,False,
2022-01-08,DXY,rate,14,1.0,0.0,125,0.0,1.0,111,False,False,
2022-01-08,DXY,rate,30,1.0,0.0,125,0.0,1.0,95,False,False,
2022-01-08,DXY,rate,60,1.0,0.0,125,0.0,1.0,65,False,False,
2022-01-08,DXY,ruble,1,1.0,0.0,125,0.0,1.0,124,False,False,
2022-01-08,DXY,ruble,7,1.0,0.0,125,0.0,1.0,118,False,False,
2022-01-08,DXY,ruble,14,1.0,0.0,125,0.0,1.0,111,False,False,
2022-01-08,DXY,ruble,30,1.0,0.0,125,0.0,1.0,95,False,False,
2022-01-08,DXY,ruble,60,1.0,0.0,125,0.0,1.0,65,False,False,
2022-01-08,DXY,sanctions,1,1.0,0.0,125,0.0,1.0,124,False,False,
2022-01-08,DXY,sanctions,7,1.0,0.0,125,0.0,1.0,118,False,False,
2022-01-08,DXY,sanctions,14,1.0,0.0,125,0.0,1.0,111,False,False,
2022-01-08,DXY,sanctions,30,1.0,0.0,125,0.0,1.0,95,False,False,
2022-01-08,DXY,sanctions,60,1.0,0.0,125,0.0,1.0,65,False,False,
2022-01-08,DXY,inflation,1,1.0,0.0,125,0.0,1.0,124,False,False,
2022-01-08,DXY,inflation,7,1.0,0.0,125,0.0,1.0,118,False,False,
2022-01-08,DXY,inflation,14,1.0,0.0,125,0.0,1.0,111,False,False,
2022-01-08,DXY,inflation,30,1.0,0.0,125,0.0,1.0,95,False,False,
2022-01-08,DXY,inflation,60,1.0,0.0,125,0.0,1.0,65,False,False,
2022-01-08,DXY,banking,1,1.0,0.0,125,0.0,1.0,124,False,False,
2022-01-08,DXY,banking,7,1.0,0.0,125,0.0,1.0,118,False,False,
2022-01-08,DXY,banking,14,1.0,0.0,125,0.0,1.0,111,False,False,
2022-01-08,DXY,banking,30,1.0,0.0,125,0.0,1.0,95,False,False,
2022-01-08,DXY,banking,60,1.0,0.0,125,0.0,1.0,65,False,False,
2022-01-08,DXY,gold,1,1.0,0.0,125,0.0,1.0,124,False,False,
2022-01-08,DXY,gold,7,1.0,0.0,125,0.0,1.0,118,False,False,
2022-01-08,DXY,gold,14,1.0,0.0,125,0.0,1.0,111,False,False,
2022-01-08,DXY,gold,30,1.0,0.0,125,0.0,1.0,95,False,False,
2022-01-08,DXY,gold,60,1.0,0.0,125,0.0,1.0,65,False,False,
2022-01-08,MSCI_INDIA,oil,1,1.0,0.0,125,0.0,1.0,124,False,False,
2022-01-08,MSCI_INDIA,oil,7,1.0,0.0,125,0.0,1.0,118,False,False,
2022-01-08,MSCI_INDIA,oil,14,1.0,0.0,125,0.0,1.0,111,False,False,
2022-01-08,MSCI_INDIA,oil,30,1.0,0.0,125,0.0,1.0,95,False,False,
2022-01-08,MSCI_INDIA,oil,60,1.0,0.0,125,0.0,1.0,65,False,False,
2022-01-08,MSCI_INDIA,rate,1,1.0,0.0,125,0.0,1.0,124,False,False,
2022-01-08,MSCI_INDIA,rate,7,1.0,0.0,125,0.0,1.0,118,False,False,
2022-01-08,MSCI_INDIA,rate,14,1.0,0.0,125,0.0,1.0,111,False,False,
2022-01-08,MSCI_INDIA,rate,30,1.0,0.0,125,0.0,1.0,95,False,False,
2022-01-08,MSCI_INDIA,rate,60,1.0,0.0,125,0.0,1.0,65,False,False,
2022-01-08,MSCI_INDIA,ruble,1,1.0,0.0,125,0.0,1.0,124,False,False,
2022-01-08,MSCI_INDIA,ruble,7,1.0,0.0,125,0.0,1.0,118,False,False,
2022-01-08,MSCI_INDIA,ruble,14,1.0,0.0,125,0.0,1.0,111,False,False,
2022-01-08,MSCI_INDIA,ruble,30,1.0,0.0,125,0.0,1.0,95,False,False,
2022-01-08,MSCI_INDIA,ruble,60,1.0,0.0,125,0.0,1.0,65,False,False,
2022-01-08,MSCI_INDIA,sanctions,1,1.0,0.0,125,0.0,1.0,124,False,False,
2022-01-08,MSCI_INDIA,sanctions,7,1.0,0.0,125,0.0,1.0,118,False,False,
2022-01-08,MSCI_INDIA,sanctions,14,1.0,0.0,125,0.0,1.0,111,False,False,
2022-01-08,MSCI_INDIA,sanctions,30,1.0,0.0,125,0.0,1.0,95,False,False,
2022-01-08,MSCI_INDIA,sanctions,60,1.0,0.0,125,0.0,1.0,65,False,False,
2022-01-08,MSCI_INDIA,inflation,1,1.0,0.0,125,0.0,1.0,124,False,False,
2022-01-08,MSCI_INDIA,inflation,7,1.0,0.0,125,0.0,1.0,118,False,False,
2022-01-08,MSCI_INDIA,inflation,14,1.0,0.0,125,0.0,1.0,111,False,False,
2022-01-08,MSCI_INDIA,inflation,30,1.0,0.0,125,0.0,1.0,95,False,False,
2022-01-08,MSCI_INDIA,inflation,60,1.0,0.0,125,0.0,1.0,65,False,False,
2022-01-08,MSCI_INDIA,banking,1,1.0,0.0,125,0.0,1.0,124,False,False,
2022-01-08,MSCI_INDIA,banking,7,1.0,0.0,125,0.0,1.0,118,False,False,
2022-01-08,MSCI_INDIA,banking,14,1.0,0.0,125,0.0,1.0,111,False,False,
2022-01-08,MSCI_INDIA,banking,30,1.0,0.0,125,0.0,1.0,95,False,False,
2022-01-08,MSCI_INDIA,banking,60,1.0,0.0,125,0.0,1.0,65,False,False,
2022-01-08,MSCI_INDIA,gold,1,1.0,0.0,125,0.0,1.0,124,False,False,
2022-01-08,MSCI_INDIA,gold,7,1.0,0.0,125,0.0,1.0,118,False,False,
2022-01-08,MSCI_INDIA,gold,14,1.0,0.0,125,0.0,1.0,111,False,False,
2022-01-08,MSCI_INDIA,gold,30,1.0,0.0,125,0.0,1.0,95,False,False,
2022-01-08,MSCI_INDIA,gold,60,1.0,0.0,125,0.0,1.0,65,False,False,
2022-01-11,USD_RUB,oil,1,1.0,0.0,125,0.0,1.0,124,False,False,
2022-01-11,USD_RUB,oil,7,1.0,0.0,125,0.0,1.0,118,False,False,
2022-01-11,USD_RUB,oil,14,1.0,0.0,125,0.0,1.0,111,False,False,
2022-01-11,USD_RUB,oil,30,1.0,0.0,125,0.0,1.0,95,False,False,
2022-01-11,USD_RUB,oil,60,1.0,0.0,125,0.0,1.0,65,False,False,
2022-01-11,USD_RUB,rate,1,1.0,0.0,125,0.0,1.0,124,False,False,
2022-01-11,USD_RUB,rate,7,1.0,0.0,125,0.0,1.0,118,False,False,
2022-01-11,USD_RUB,rate,14,1.0,0.0,125,0.0,1.0,111,False,False,
2022-01-11,USD_RUB,rate,30,1.0,0.0,125,0.0,1.0,95,False,False,
2022-01-11,USD_RUB,rate,60,1.0,0.0,125,0.0,1.0,65,False,False,
2022-01-11,USD_RUB,ruble,1,1.0,0.0,125,0.0,1.0,124,False,False,
2022-01-11,USD_RUB,ruble,7,1.0,0.0,125,0.0,1.0,118,False,False,
2022-01-11,USD_RUB,ruble,14,1.0,0.0,125,0.0,1.0,111,False,False,
2022-01-11,USD_RUB,ruble,30,1.0,0.0,125,0.0,1.0,95,False,False,
2022-01-11,USD_RUB,ruble,60,1.0,0.0,125,0.0,1.0,65,False,False,
2022-01-11,USD_RUB,sanctions,1,1.0,0.0,125,0.0,1.0,124,False,False,
2022-01-11,USD_RUB,sanctions,7,1.0,0.0,125,0.0,1.0,118,False,False,
2022-01-11,USD_RUB,sanctions,14,1.0,0.0,125,0.0,1.0,111,False,False,
2022-01-11,USD_RUB,sanctions,30,1.0,0.0,125,0.0,1.0,95,False,False,
2022-01-11,USD_RUB,sanctions,60,1.0,0.0,125,0.0,1.0,65,False,False,
2022-01-11,USD_RUB,inflation,1,1.0,0.0,125,0.0,1.0,124,False,False,
2022-01-11,USD_RUB,inflation,7,1.0,0.0,125,0.0,1.0,118,False,False,
2022-01-11,USD_RUB,inflation,14,1.0,0.0,125,0.0,1.0,111,False,False,
2022-01-11,USD_RUB,inflation,30,1.0,0.0,125,0.0,1.0,95,False,False,
2022-01-11,USD_RUB,inflation,60,1.0,0.0,125,0.0,1.0,65,False,False,
2022-01-11,USD_RUB,banking,1,1.0,0.0,125,0.0,1.0,124,False,False,
2022-01-11,USD_RUB,banking,7,1.0,0.0,125,0.0,1.0,118,False,False,
2022-01-11,USD_RUB,banking,14,1.0,0.0,125,0.0,1.0,111,False,False,
2022-01-11,USD_RUB,banking,30,1.0,0.0,125,0.0,1.0,95,False,False,
2022-01-11,USD_RUB,banking,60,1.0,0.0,125,0.0,1.0,65,False,False,
2022-01-11,USD_RUB,gold,1,1.0,0.0,125,0.0,1.0,124,False,False,
2022-01-11,USD_RUB,gold,7,1.0,0.0,125,0.0,1.0,118,False,False,
2022-01-11,USD_RUB,gold,14,1.0,0.0,125,0.0,1.0,111,False,False,
2022-01-11,USD_RUB,gold,30,1.0,0.0,125,0.0,1.0,95,False,False,
2022-01-11,USD_RUB,gold,60,1.0,0.0,125,0.0,1.0,65,False,False,
2022-01-11,EUR_RUB,oil,1,1.0,0.0,125,0.0,1.0,124,False,False,
2022-01-11,EUR_RUB,oil,7,1.0,0.0,125,0.0,1.0,118,False,False,
2022-01-11,EUR_RUB,oil,14,1.0,0.0,125,0.0,1.0,111,False,False,
2022-01-11,EUR_RUB,oil,30,1.0,0.0,125,0.0,1.0,95,False,False,
2022-01-11,EUR_RUB,oil,60,1.0,0.0,125,0.0,1.0,65,False,False,
2022-01-11,EUR_RUB,rate,1,1.0,0.0,125,0.0,1.0,124,False,False,
2022-01-11,EUR_RUB,rate,7,1.0,0.0,125,0.0,1.0,118,False,False,
2022-01-11,EUR_RUB,rate,14,1.0,0.0,125,0.0,1.0,111,False,False,
2022-01-11,EUR_RUB,rate,30,1.0,0.0,125,0.0,1.0,95,False,False,
2022-01-11,EUR_RUB,rate,60,1.0,0.0,125,0.0,1.0,65,False,False,
2022-01-11,EUR_RUB,ruble,1,1.0,0.0,125,0.0,1.0,124,False,False,
2022-01-11,EUR_RUB,ruble,7,1.0,0.0,125,0.0,1.0,118,False,False,
2022-01-11,EUR_RUB,ruble,14,1.0,0.0,125,0.0,1.0,111,False,False,
2022-01-11,EUR_RUB,ruble,30,1.0,0.0,125,0.0,1.0,95,False,False,
2022-01-11,EUR_RUB,ruble,60,1.0,0.0,125,0.0,1.0,65,False,False,
2022-01-11,EUR_RUB,sanctions,1,1.0,0.0,125,0.0,1.0,124,False,False,
2022-01-11,EUR_RUB,sanctions,7,1.0,0.0,125,0.0,1.0,118,False,False,
2022-01-11,EUR_RUB,sanctions,14,1.0,0.0,125,0.0,1.0,111,False,False,
2022-01-11,EUR_RUB,sanctions,30,1.0,0.0,125,0.0,1.0,95,False,False,
2022-01-11,EUR_RUB,sanctions,60,1.0,0.0,125,0.0,1.0,65,False,False,
2022-01-11,EUR_RUB,inflation,1,1.0,0.0,125,0.0,1.0,124,False,False,
2022-01-11,EUR_RUB,inflation,7,1.0,0.0,125,0.0,1.0,118,False,False,
2022-01-11,EUR_RUB,inflation,14,1.0,0.0,125,0.0,1.0,111,False,False,
2022-01-11,EUR_RUB,inflation,30,1.0,0.0,125,0.0,1.0,95,False,False,
2022-01-11,EUR_RUB,inflation,60,1.0,0.0,125,0.0,1.0,65,False,False,
2022-01-11,EUR_RUB,banking,1,1.0,0.0,125,0.0,1.0,124,False,False,
2022-01-11,EUR_RUB,banking,7,1.0,0.0,125,0.0,1.0,118,False,False,
2022-01-11,EUR_RUB,banking,14,1.0,0.0,125,0.0,1.0,111,False,False,
2022-01-11,EUR_RUB,banking,30,1.0,0.0,125,0.0,1.0,95,False,False,
2022-01-11,EUR_RUB,banking,60,1.0,0.0,125,0.0,1.0,65,False,False,
2022-01-11,EUR_RUB,gold,1,1.0,0.0,125,0.0,1.0,124,False,False,
2022-01-11,EUR_RUB,gold,7,1.0,0.0,125,0.0,1.0,118,False,False,
2022-01-11,EUR_RUB,gold,14,1.0,0.0,125,0.0,1.0,111,False,False,
2022-01-11,EUR_RUB,gold,30,1.0,0.0,125,0.0,1.0,95,False,False,
2022-01-11,EUR_RUB,gold,60,1.0,0.0,125,0.0,1.0,65,False,False,
2022-01-11,BRENT,oil,1,1.0,0.0,125,0.0,1.0,124,False,False,
2022-01-11,BRENT,oil,7,1.0,0.0,125,0.0,1.0,118,False,False,
2022-01-11,BRENT,oil,14,1.0,0.0,125,0.0,1.0,111,False,False,
2022-01-11,BRENT,oil,30,1.0,0.0,125,0.0,1.0,95,False,False,
2022-01-11,BRENT,oil,60,1.0,0.0,125,0.0,1.0,65,False,False,
2022-01-11,BRENT,rate,1,1.0,0.0,125,0.0,1.0,124,False,False,
2022-01-11,BRENT,rate,7,1.0,0.0,125,0.0,1.0,118,False,False,
2022-01-11,BRENT,rate,14,1.0,0.0,125,0.0,1.0,111,False,False,
2022-01-11,BRENT,rate,30,1.0,0.0,125,0.0,1.0,95,False,False,
2022-01-11,BRENT,rate,60,1.0,0.0,125,0.0,1.0,65,False,False,
2022-01-11,BRENT,ruble,1,1.0,0.0,125,0.0,1.0,124,False,False,
2022-01-11,BRENT,ruble,7,1.0,0.0,125,0.0,1.0,118,False,False,
2022-01-11,BRENT,ruble,14,1.0,0.0,125,0.0,1.0,111,False,False,
2022-01-11,BRENT,ruble,30,1.0,0.0,125,0.0,1.0,95,False,False,
2022-01-11,BRENT,ruble,60,1.0,0.0,125,0.0,1.0,65,False,False,
2022-01-11,BRENT,sanctions,1,1.0,0.0,125,0.0,1.0,124,False,False,
2022-01-11,BRENT,sanctions,7,1.0,0.0,125,0.0,1.0,118,False,False,
2022-01-11,BRENT,sanctions,14,1.0,0.0,125,0.0,1.0,111,False,False,
2022-01-11,BRENT,sanctions,30,1.0,0.0,125,0.0,1.0,95,False,False,
2022-01-11,BRENT,sanctions,60,1.0,0.0,125,0.0,1.0,65,False,False,
2022-01-11,BRENT,inflation,1,1.0,0.0,125,0.0,1.0,124,False,False,
2022-01-11,BRENT,inflation,7,1.0,0.0,125,0.0,1.0,118,False,False,
2022-01-11,BRENT,inflation,14,1.0,0.0,125,0.0,1.0,111,False,False,
2022-01-11,BRENT,inflation,30,1.0,0.0,125,0.0,1.0,95,False,False,
2022-01-11,BRENT,inflation,60,1.0,0.0,125,0.0,1.0,65,False,False,
2022-01-11,BRENT,banking,1,1.0,0.0,125,0.0,1.0,124,False,False,
2022-01-11,BRENT,banking,7,1.0,0.0,125,0.0,1.0,118,False,False,
2022-01-11,BRENT,banking,14,1.0,0.0,125,0.0,1.0,111,False,False,
2022-01-11,BRENT,banking,30,1.0,0.0,125,0.0,1.0,95,False,False,
2022-01-11,BRENT,banking,60,1.0,0.0,125,0.0,1.0,65,False,False,
2022-01-11,BRENT,gold,1,1.0,0.0,125,0.0,1.0,124,False,False,
2022-01-11,BRENT,gold,7,1.0,0.0,125,0.0,1.0,118,False,False,
2022-01-11,BRENT,gold,14,1.0,0.0,125,0.0,1.0,111,False,False,
2022-01-11,BRENT,gold,30,1.0,0.0,125,0.0,1.0,95,False,False,
2022-01-11,BRENT,gold,60,1.0,0.0,125,0.0,1.0,65,False,False,
2022-01-11,SP500,oil,1,1.0,0.0,125,0.0,1.0,124,False,False,
2022-01-11,SP500,oil,7,1.0,0.0,125,0.0,1.0,118,False,False,
2022-01-11,SP500,oil,14,1.0,0.0,125,0.0,1.0,111,False,False,
2022-01-11,SP500,oil,30,1.0,0.0,125,0.0,1.0,95,False,False,
2022-01-11,SP500,oil,60,1.0,0.0,125,0.0,1.0,65,False,False,
2022-01-11,SP500,rate,1,1.0,0.0,125,0.0,1.0,124,False,False,
2022-01-11,SP500,rate,7,1.0,0.0,125,0.0,1.0,118,False,False,
2022-01-11,SP500,rate,14,1.0,0.0,125,0.0,1.0,111,False,False,
2022-01-11,SP500,rate,30,1.0,0.0,125,0.0,1.0,95,False,False,
2022-01-11,SP500,rate,60,1.0,0.0,125,0.0,1.0,65,False,False,
2022-01-11,SP500,ruble,1,1.0,0.0,125,0.0,1.0,124,False,False,
2022-01-11,SP500,ruble,7,1.0,0.0,125,0.0,1.0,118,False,False,
2022-01-11,SP500,ruble,14,1.0,0.0,125,0.0,1.0,111,False,False,
2022-01-11,SP500,ruble,30,1.0,0.0,125,0.0,1.0,95,False,False,
2022-01-11,SP500,ruble,60,1.0,0.0,125,0.0,1.0,65,False,False,
2022-01-11,SP500,sanctions,1,1.0,0.0,125,0.0,1.0,124,False,False,
2022-01-11,SP500,sanctions,7,1.0,0.0,125,0.0,1.0,118,False,False,
2022-01-11,SP500,sanctions,14,1.0,0.0,125,0.0,1.0,111,False,False,
2022-01-11,SP500,sanctions,30,1.0,0.0,125,0.0,1.0,95,False,False,
2022-01-11,SP500,sanctions,60,1.0,0.0,125,0.0,1.0,65,False,False,
2022-01-11,SP500,inflation,1,1.0,0.0,125,0.0,1.0,124,False,False,
2022-01-11,SP500,inflation,7,1.0,0.0,125,0.0,1.0,118,False,False,
2022-01-11,SP500,inflation,14,1.0,0.0,125,0.0,1.0,111,False,False,
2022-01-11,SP500,inflation,30,1.0,0.0,125,0.0,1.0,95,False,False,
2022-01-11,SP500,inflation,60,1.0,0.0,125,0.0,1.0,65,False,False,
2022-01-11,SP500,banking,1,1.0,0.0,125,0.0,1.0,124,False,False,
2022-01-11,SP500,banking,7,1.0,0.0,125,0.0,1.0,118,False,False,
2022-01-11,SP500,banking,14,1.0,0.0,125,0.0,1.0,111,False,False,
2022-01-11,SP500,banking,30,1.0,0.0,125,0.0,1.0,95,False,False,
2022-01-11,SP500,banking,60,1.0,0.0,125,0.0,1.0,65,False,False,
2022-01-11,SP500,gold,1,1.0,0.0,125,0.0,1.0,124,False,False,
2022-01-11,SP500,gold,7,1.0,0.0,125,0.0,1.0,118,False,False,
2022-01-11,SP500,gold,14,1.0,0.0,125,0.0,1.0,111,False,False,
2022-01-11,SP500,gold,30,1.0,0.0,125,0.0,1.0,95,False,False,
2022-01-11,SP500,gold,60,1.0,0.0,125,0.0,1.0,65,False,False,
2022-01-11,MSCI_WORLD,oil,1,1.0,0.0,125,0.0,1.0,124,False,False,
2022-01-11,MSCI_WORLD,oil,7,1.0,0.0,125,0.0,1.0,118,False,False,
2022-01-11,MSCI_WORLD,oil,14,1.0,0.0,125,0.0,1.0,111,False,False,
2022-01-11,MSCI_WORLD,oil,30,1.0,0.0,125,0.0,1.0,95,False,False,
2022-01-11,MSCI_WORLD,oil,60,1.0,0.0,125,0.0,1.0,65,False,False,
2022-01-11,MSCI_WORLD,rate,1,1.0,0.0,125,0.0,1.0,124,False,False,
2022-01-11,MSCI_WORLD,rate,7,1.0,0.0,125,0.0,1.0,118,False,False,
2022-01-11,MSCI_WORLD,rate,14,1.0,0.0,125,0.0,1.0,111,False,False,
2022-01-11,MSCI_WORLD,rate,30,1.0,0.0,125,0.0,1.0,95,False,False,
2022-01-11,MSCI_WORLD,rate,60,1.0,0.0,125,0.0,1.0,65,False,False,
2022-01-11,MSCI_WORLD,ruble,1,1.0,0.0,125,0.0,1.0,124,False,False,
2022-01-11,MSCI_WORLD,ruble,7,1.0,0.0,125,0.0,1.0,118,False,False,
2022-01-11,MSCI_WORLD,ruble,14,1.0,0.0,125,0.0,1.0,111,False,False,
2022-01-11,MSCI_WORLD,ruble,30,1.0,0.0,125,0.0,1.0,95,False,False,
2022-01-11,MSCI_WORLD,ruble,60,1.0,0.0,125,0.0,1.0,65,False,False,
2022-01-11,MSCI_WORLD,sanctions,1,1.0,0.0,125,0.0,1.0,124,False,False,
2022-01-11,MSCI_WORLD,sanctions,7,1.0,0.0,125,0.0,1.0,118,False,False,
2022-01-11,MSCI_WORLD,sanctions,14,1.0,0.0,125,0.0,1.0,111,False,False,
2022-01-11,MSCI_WORLD,sanctions,30,1.0,0.0,125,0.0,1.0,95,False,False,
2022-01-11,MSCI_WORLD,sanctions,60,1.0,0.0,125,0.0,1.0,65,False,False,
2022-01-11,MSCI_WORLD,inflation,1,1.0,0.0,125,0.0,1.0,124,False,False,
2022-01-11,MSCI_WORLD,inflation,7,1.0,0.0,125,0.0,1.0,118,False,False,
2022-01-11,MSCI_WORLD,inflation,14,1.0,0.0,125,0.0,1.0,111,False,False,
2022-01-11,MSCI_WORLD,inflation,30,1.0,0.0,125,0.0,1.0,95,False,False,
2022-01-11,MSCI_WORLD,inflation,60,1.0,0.0,125,0.0,1.0,65,False,False,
2022-01-11,MSCI_WORLD,banking,1,1.0,0.0,125,0.0,1.0,124,False,False,
2022-01-11,MSCI_WORLD,banking,7,1.0,0.0,125,0.0,1.0,118,False,False,
2022-01-11,MSCI_WORLD,banking,14,1.0,0.0,125,0.0,1.0,111,False,False,
2022-01-11,MSCI_WORLD,banking,30,1.0,0.0,125,0.0,1.0,95,False,False,
2022-01-11,MSCI_WORLD,banking,60,1.0,0.0,125,0.0,1.0,65,False,False,
2022-01-11,MSCI_WORLD,gold,1,1.0,0.0,125,0.0,1.0,124,False,False,
2022-01-11,MSCI_WORLD,gold,7,1.0,0.0,125,0.0,1.0,118,False,False,
2022-01-11,MSCI_WORLD,gold,14,1.0,0.0,125,0.0,1.0,111,False,False,
2022-01-11,MSCI_WORLD,gold,30,1.0,0.0,125,0.0,1.0,95,False,False,
2022-01-11,MSCI_WORLD,gold,60,1.0,0.0,125,0.0,1.0,65,False,False,
2022-01-11,DXY,oil,1,1.0,0.0,125,0.0,1.0,124,False,False,
2022-01-11,DXY,oil,7,1.0,0.0,125,0.0,1.0,118,False,False,
2022-01-11,DXY,oil,14,1.0,0.0,125,0.0,1.0,111,False,False,
2022-01-11,DXY,oil,30,1.0,0.0,125,0.0,1.0,95,False,False,
2022-01-11,DXY,oil,60,1.0,0.0,125,0.0,1.0,65,False,False,
2022-01-11,DXY,rate,1,1.0,0.0,125,0.0,1.0,124,False,False,
2022-01-11,DXY,rate,7,1.0,0.0,125,0.0,1.0,118,False,False,
2022-01-11,DXY,rate,14,1.0,0.0,125,0.0,1.0,111,False,False,
2022-01-11,DXY,rate,30,1.0,0.0,125,0.0,1.0,95,False,False,
2022-01-11,DXY,rate,60,1.0,0.0,125,0.0,1.0,65,False,False,
2022-01-11,DXY,ruble,1,1.0,0.0,125,0.0,1.0,124,False,False,
2022-01-11,DXY,ruble,7,1.0,0.0,125,0.0,1.0,118,False,False,
2022-01-11,DXY,ruble,14,1.0,0.0,125,0.0,1.0,111,False,False,
2022-01-11,DXY,ruble,30,1.0,0.0,125,0.0,1.0,95,False,False,
2022-01-11,DXY,ruble,60,1.0,0.0,125,0.0,1.0,65,False,False,
2022-01-11,DXY,sanctions,1,1.0,0.0,125,0.0,1.0,124,False,False,
2022-01-11,DXY,sanctions,7,1.0,0.0,125,0.0,1.0,118,False,False,
2022-01-11,DXY,sanctions,14,1.0,0.0,125,0.0,1.0,111,False,False,
2022-01-11,DXY,sanctions,30,1.0,0.0,125,0.0,1.0,95,False,False,
2022-01-11,DXY,sanctions,60,1.0,0.0,125,0.0,1.0,65,False,False,
2022-01-11,DXY,inflation,1,1.0,0.0,125,0.0,1.0,124,False,False,
2022-01-11,DXY,inflation,7,1.0,0.0,125,0.0,1.0,118,False,False,
2022-01-11,DXY,inflation,14,1.0,0.0,125,0.0,1.0,111,False,False,
2022-01-11,DXY,inflation,30,1.0,0.0,125,0.0,1.0,95,False,False,
2022-01-11,DXY,inflation,60,1.0,0.0,125,0.0,1.0,65,False,False,
2022-01-11,DXY,banking,1,1.0,0.0,125,0.0,1.0,124,False,False,
2022-01-11,DXY,banking,7,1.0,0.0,125,0.0,1.0,118,False,False,
2022-01-11,DXY,banking,14,1.0,0.0,125,0.0,1.0,111,False,False,
2022-01-11,DXY,banking,30,1.0,0.0,125,0.0,1.0,95,False,False,
2022-01-11,DXY,banking,60,1.0,0.0,125,0.0,1.0,65,False,False,
2022-01-11,DXY,gold,1,1.0,0.0,125,0.0,1.0,124,False,False,
2022-01-11,DXY,gold,7,1.0,0.0,125,0.0,1.0,118,False,False,
2022-01-11,DXY,gold,14,1.0,0.0,125,0.0,1.0,111,False,False,
2022-01-11,DXY,gold,30,1.0,0.0,125,0.0,1.0,95,False,False,
2022-01-11,DXY,gold,60,1.0,0.0,125,0.0,1.0,65,False,False,
2022-01-11,MSCI_INDIA,oil,1,1.0,0.0,125,0.0,1.0,124,False,False,
2022-01-11,MSCI_INDIA,oil,7,1.0,0.0,125,0.0,1.0,118,False,False,
2022-01-11,MSCI_INDIA,oil,14,1.0,0.0,125,0.0,1.0,111,False,False,
2022-01-11,MSCI_INDIA,oil,30,1.0,0.0,125,0.0,1.0,95,False,False,
2022-01-11,MSCI_INDIA,oil,60,1.0,0.0,125,0.0,1.0,65,False,False,
2022-01-11,MSCI_INDIA,rate,1,1.0,0.0,125,0.0,1.0,124,False,False,
2022-01-11,MSCI_INDIA,rate,7,1.0,0.0,125,0.0,1.0,118,False,False,
2022-01-11,MSCI_INDIA,rate,14,1.0,0.0,125,0.0,1.0,111,False,False,
2022-01-11,MSCI_INDIA,rate,30,1.0,0.0,125,0.0,1.0,95,False,False,
2022-01-11,MSCI_INDIA,rate,60,1.0,0.0,125,0.0,1.0,65,False,False,
2022-01-11,MSCI_INDIA,ruble,1,1.0,0.0,125,0.0,1.0,124,False,False,
2022-01-11,MSCI_INDIA,ruble,7,1.0,0.0,125,0.0,1.0,118,False,False,
2022-01-11,MSCI_INDIA,ruble,14,1.0,0.0,125,0.0,1.0,111,False,False,
2022-01-11,MSCI_INDIA,ruble,30,1.0,0.0,125,0.0,1.0,95,False,False,
2022-01-11,MSCI_INDIA,ruble,60,1.0,0.0,125,0.0,1.0,65,False,False,
2022-01-11,MSCI_INDIA,sanctions,1,1.0,0.0,125,0.0,1.0,124,False,False,
2022-01-11,MSCI_INDIA,sanctions,7,1.0,0.0,125,0.0,1.0,118,False,False,
2022-01-11,MSCI_INDIA,sanctions,14,1.0,0.0,125,0.0,1.0,111,False,False,
2022-01-11,MSCI_INDIA,sanctions,30,1.0,0.0,125,0.0,1.0,95,False,False,
2022-01-11,MSCI_INDIA,sanctions,60,1.0,0.0,125,0.0,1.0,65,False,False,
2022-01-11,MSCI_INDIA,inflation,1,1.0,0.0,125,0.0,1.0,124,False,False,
2022-01-11,MSCI_INDIA,inflation,7,1.0,0.0,125,0.0,1.0,118,False,False,
2022-01-11,MSCI_INDIA,inflation,14,1.0,0.0,125,0.0,1.0,111,False,False,
2022-01-11,MSCI_INDIA,inflation,30,1.0,0.0,125,0.0,1.0,95,False,False,
2022-01-11,MSCI_INDIA,inflation,60,1.0,0.0,125,0.0,1.0,65,False,False,
2022-01-11,MSCI_INDIA,banking,1,1.0,0.0,125,0.0,1.0,124,False,False,
2022-01-11,MSCI_INDIA,banking,7,1.0,0.0,125,0.0,1.0,118,False,False,
2022-01-11,MSCI_INDIA,banking,14,1.0,0.0,125,0.0,1.0,111,False,False,
2022-01-11,MSCI_INDIA,banking,30,1.0,0.0,125,0.0,1.0,95,False,False,
2022-01-11,MSCI_INDIA,banking,60,1.0,0.0,125,0.0,1.0,65,False,False,
2022-01-11,MSCI_INDIA,gold,1,1.0,0.0,125,0.0,1.0,124,False,False,
2022-01-11,MSCI_INDIA,gold,7,1.0,0.0,125,0.0,1.0,118,False,False,
2022-01-11,MSCI_INDIA,gold,14,1.0,0.0,125,0.0,1.0,111,False,False,
2022-01-11,MSCI_INDIA,gold,30,1.0,0.0,125,0.0,1.0,95,False,False,
2022-01-11,MSCI_INDIA,gold,60,1.0,0.0,125,0.0,1.0,65,False,False,
2022-01-14,USD_RUB,oil,1,1.0,0.0,125,0.0,1.0,124,False,False,
2022-01-14,USD_RUB,oil,7,1.0,0.0,125,0.0,1.0,118,False,False,
2022-01-14,USD_RUB,oil,14,1.0,0.0,125,0.0,1.0,111,False,False,
2022-01-14,USD_RUB,oil,30,1.0,0.0,125,0.0,1.0,95,False,False,
2022-01-14,USD_RUB,oil,60,1.0,0.0,125,0.0,1.0,65,False,False,
2022-01-14,USD_RUB,rate,1,1.0,0.0,125,0.0,1.0,124,False,False,
2022-01-14,USD_RUB,rate,7,1.0,0.0,125,0.0,1.0,118,False,False,
2022-01-14,USD_RUB,rate,14,1.0,0.0,125,0.0,1.0,111,False,False,
2022-01-14,USD_RUB,rate,30,1.0,0.0,125,0.0,1.0,95,False,False,
2022-01-14,USD_RUB,rate,60,1.0,0.0,125,0.0,1.0,65,False,False,
2022-01-14,USD_RUB,ruble,1,1.0,0.0,125,0.0,1.0,124,False,False,
2022-01-14,USD_RUB,ruble,7,1.0,0.0,125,0.0,1.0,118,False,False,
2022-01-14,USD_RUB,ruble,14,1.0,0.0,125,0.0,1.0,111,False,False,
2022-01-14,USD_RUB,ruble,30,1.0,0.0,125,0.0,1.0,95,False,False,
2022-01-14,USD_RUB,ruble,60,1.0,0.0,125,0.0,1.0,65,False,False,
2022-01-14,USD_RUB,sanctions,1,1.0,0.0,125,0.0,1.0,124,False,False,
2022-01-14,USD_RUB,sanctions,7,1.0,0.0,125,0.0,1.0,118,False,False,
2022-01-14,USD_RUB,sanctions,14,1.0,0.0,125,0.0,1.0,111,False,False,
2022-01-14,USD_RUB,sanctions,30,1.0,0.0,125,0.0,1.0,95,False,False,
2022-01-14,USD_RUB,sanctions,60,1.0,0.0,125,0.0,1.0,65,False,False,
2022-01-14,USD_RUB,inflation,1,1.0,0.0,125,0.0,1.0,124,False,False,
2022-01-14,USD_RUB,inflation,7,1.0,0.0,125,0.0,1.0,118,False,False,
2022-01-14,USD_RUB,inflation,14,1.0,0.0,125,0.0,1.0,111,False,False,
2022-01-14,USD_RUB,inflation,30,1.0,0.0,125,0.0,1.0,95,False,False,
2022-01-14,USD_RUB,inflation,60,1.0,0.0,125,0.0,1.0,65,False,False,
2022-01-14,USD_RUB,banking,1,1.0,0.0,125,0.0,1.0,124,False,False,
2022-01-14,USD_RUB,banking,7,1.0,0.0,125,0.0,1.0,118,False,False,
2022-01-14,USD_RUB,banking,14,1.0,0.0,125,0.0,1.0,111,False,False,
2022-01-14,USD_RUB,banking,30,1.0,0.0,125,0.0,1.0,95,False,False,
2022-01-14,USD_RUB,banking,60,1.0,0.0,125,0.0,1.0,65,False,False,
2022-01-14,USD_RUB,gold,1,1.0,0.0,125,0.0,1.0,124,False,False,
2022-01-14,USD_RUB,gold,7,1.0,0.0,125,0.0,1.0,118,False,False,
2022-01-14,USD_RUB,gold,14,1.0,0.0,125,0.0,1.0,111,False,False,
2022-01-14,USD_RUB,gold,30,1.0,0.0,125,0.0,1.0,95,False,False,
2022-01-14,USD_RUB,gold,60,1.0,0.0,125,0.0,1.0,65,False,False,
2022-01-14,EUR_RUB,oil,1,1.0,0.0,125,0.0,1.0,124,False,False,
2022-01-14,EUR_RUB,oil,7,1.0,0.0,125,0.0,1.0,118,False,False,
2022-01-14,EUR_RUB,oil,14,1.0,0.0,125,0.0,1.0,111,False,False,
2022-01-14,EUR_RUB,oil,30,1.0,0.0,125,0.0,1.0,95,False,False,
2022-01-14,EUR_RUB,oil,60,1.0,0.0,125,0.0,1.0,65,False,False,
2022-01-14,EUR_RUB,rate,1,1.0,0.0,125,0.0,1.0,124,False,False,
2022-01-14,EUR_RUB,rate,7,1.0,0.0,125,0.0,1.0,118,False,False,
2022-01-14,EUR_RUB,rate,14,1.0,0.0,125,0.0,1.0,111,False,False,
2022-01-14,EUR_RUB,rate,30,1.0,0.0,125,0.0,1.0,95,False,False,
2022-01-14,EUR_RUB,rate,60,1.0,0.0,125,0.0,1.0,65,False,False,
2022-01-14,EUR_RUB,ruble,1,1.0,0.0,125,0.0,1.0,124,False,False,
2022-01-14,EUR_RUB,ruble,7,1.0,0.0,125,0.0,1.0,118,False,False,
2022-01-14,EUR_RUB,ruble,14,1.0,0.0,125,0.0,1.0,111,False,False,
2022-01-14,EUR_RUB,ruble,30,1.0,0.0,125,0.0,1.0,95,False,False,
2022-01-14,EUR_RUB,ruble,60,1.0,0.0,125,0.0,1.0,65,False,False,
2022-01-14,EUR_RUB,sanctions,1,1.0,0.0,125,0.0,1.0,124,False,False,
2022-01-14,EUR_RUB,sanctions,7,1.0,0.0,125,0.0,1.0,118,False,False,
2022-01-14,EUR_RUB,sanctions,14,1.0,0.0,125,0.0,1.0,111,False,False,
2022-01-14,EUR_RUB,sanctions,30,1.0,0.0,125,0.0,1.0,95,False,False,
2022-01-14,EUR_RUB,sanctions,60,1.0,0.0,125,0.0,1.0,65,False,False,
2022-01-14,EUR_RUB,inflation,1,1.0,0.0,125,0.0,1.0,124,False,False,
2022-01-14,EUR_RUB,inflation,7,1.0,0.0,125,0.0,1.0,118,False,False,
2022-01-14,EUR_RUB,inflation,14,1.0,0.0,125,0.0,1.0,111,False,False,
2022-01-14,EUR_RUB,inflation,30,1.0,0.0,125,0.0,1.0,95,False,False,
2022-01-14,EUR_RUB,inflation,60,1.0,0.0,125,0.0,1.0,65,False,False,
2022-01-14,EUR_RUB,banking,1,1.0,0.0,125,0.0,1.0,124,False,False,
2022-01-14,EUR_RUB,banking,7,1.0,0.0,125,0.0,1.0,118,False,False,
2022-01-14,EUR_RUB,banking,14,1.0,0.0,125,0.0,1.0,111,False,False,
2022-01-14,EUR_RUB,banking,30,1.0,0.0,125,0.0,1.0,95,False,False,
2022-01-14,EUR_RUB,banking,60,1.0,0.0,125,0.0,1.0,65,False,False,
2022-01-14,EUR_RUB,gold,1,1.0,0.0,125,0.0,1.0,124,False,False,
2022-01-14,EUR_RUB,gold,7,1.0,0.0,125,0.0,1.0,118,False,False,
2022-01-14,EUR_RUB,gold,14,1.0,0.0,125,0.0,1.0,111,False,False,
2022-01-14,EUR_RUB,gold,30,1.0,0.0,125,0.0,1.0,95,False,False,
2022-01-14,EUR_RUB,gold,60,1.0,0.0,125,0.0,1.0,65,False,False,
2022-01-14,BRENT,oil,1,1.0,0.0,125,0.0,1.0,124,False,False,
2022-01-14,BRENT,oil,7,1.0,0.0,125,0.0,1.0,118,False,False,
2022-01-14,BRENT,oil,14,1.0,0.0,125,0.0,1.0,111,False,False,
2022-01-14,BRENT,oil,30,1.0,0.0,125,0.0,1.0,95,False,False,
2022-01-14,BRENT,oil,60,1.0,0.0,125,0.0,1.0,65,False,False,
2022-01-14,BRENT,rate,1,1.0,0.0,125,0.0,1.0,124,False,False,
2022-01-14,BRENT,rate,7,1.0,0.0,125,0.0,1.0,118,False,False,
2022-01-14,BRENT,rate,14,1.0,0.0,125,0.0,1.0,111,False,False,
2022-01-14,BRENT,rate,30,1.0,0.0,125,0.0,1.0,95,False,False,
2022-01-14,BRENT,rate,60,1.0,0.0,125,0.0,1.0,65,False,False,
2022-01-14,BRENT,ruble,1,1.0,0.0,125,0.0,1.0,124,False,False,
2022-01-14,BRENT,ruble,7,1.0,0.0,125,0.0,1.0,118,False,False,
2022-01-14,BRENT,ruble,14,1.0,0.0,125,0.0,1.0,111,False,False,
2022-01-14,BRENT,ruble,30,1.0,0.0,125,0.0,1.0,95,False,False,
2022-01-14,BRENT,ruble,60,1.0,0.0,125,0.0,1.0,65,False,False,
2022-01-14,BRENT,sanctions,1,1.0,0.0,125,0.0,1.0,124,False,False,
2022-01-14,BRENT,sanctions,7,1.0,0.0,125,0.0,1.0,118,False,False,
2022-01-14,BRENT,sanctions,14,1.0,0.0,125,0.0,1.0,111,False,False,
2022-01-14,BRENT,sanctions,30,1.0,0.0,125,0.0,1.0,95,False,False,
2022-01-14,BRENT,sanctions,60,1.0,0.0,125,0.0,1.0,65,False,False,
2022-01-14,BRENT,inflation,1,1.0,0.0,125,0.0,1.0,124,False,False,
2022-01-14,BRENT,inflation,7,1.0,0.0,125,0.0,1.0,118,False,False,
2022-01-14,BRENT,inflation,14,1.0,0.0,125,0.0,1.0,111,False,False,
2022-01-14,BRENT,inflation,30,1.0,0.0,125,0.0,1.0,95,False,False,
2022-01-14,BRENT,inflation,60,1.0,0.0,125,0.0,1.0,65,False,False,
2022-01-14,BRENT,banking,1,1.0,0.0,125,0.0,1.0,124,False,False,
2022-01-14,BRENT,banking,7,1.0,0.0,125,0.0,1.0,118,False,False,
2022-01-14,BRENT,banking,14,1.0,0.0,125,0.0,1.0,111,False,False,
2022-01-14,BRENT,banking,30,1.0,0.0,125,0.0,1.0,95,False,False,
2022-01-14,BRENT,banking,60,1.0,0.0,125,0.0,1.0,65,False,False,
2022-01-14,BRENT,gold,1,1.0,0.0,125,0.0,1.0,124,False,False,
2022-01-14,BRENT,gold,7,1.0,0.0,125,0.0,1.0,118,False,False,
2022-01-14,BRENT,gold,14,1.0,0.0,125,0.0,1.0,111,False,False,
2022-01-14,BRENT,gold,30,1.0,0.0,125,0.0,1.0,95,False,False,
2022-01-14,BRENT,gold,60,1.0,0.0,125,0.0,1.0,65,False,False,
2022-01-14,SP500,oil,1,1.0,0.0,125,0.0,1.0,124,False,False,
2022-01-14,SP500,oil,7,1.0,0.0,125,0.0,1.0,118,False,False,
2022-01-14,SP500,oil,14,1.0,0.0,125,0.0,1.0,111,False,False,
2022-01-14,SP500,oil,30,1.0,0.0,125,0.0,1.0,95,False,False,
2022-01-14,SP500,oil,60,1.0,0.0,125,0.0,1.0,65,False,False,
2022-01-14,SP500,rate,1,1.0,0.0,125,0.0,1.0,124,False,False,
2022-01-14,SP500,rate,7,1.0,0.0,125,0.0,1.0,118,False,False,
2022-01-14,SP500,rate,14,1.0,0.0,125,0.0,1.0,111,False,False,
2022-01-14,SP500,rate,30,1.0,0.0,125,0.0,1.0,95,False,False,
2022-01-14,SP500,rate,60,1.0,0.0,125,0.0,1.0,65,False,False,
2022-01-14,SP500,ruble,1,1.0,0.0,125,0.0,1.0,124,False,False,
2022-01-14,SP500,ruble,7,1.0,0.0,125,0.0,1.0,118,False,False,
2022-01-14,SP500,ruble,14,1.0,0.0,125,0.0,1.0,111,False,False,
2022-01-14,SP500,ruble,30,1.0,0.0,125,0.0,1.0,95,False,False,
2022-01-14,SP500,ruble,60,1.0,0.0,125,0.0,1.0,65,False,False,
2022-01-14,SP500,sanctions,1,1.0,0.0,125,0.0,1.0,124,False,False,
2022-01-14,SP500,sanctions,7,1.0,0.0,125,0.0,1.0,118,False,False,
2022-01-14,SP500,sanctions,14,1.0,0.0,125,0.0,1.0,111,False,False,
2022-01-14,SP500,sanctions,30,1.0,0.0,125,0.0,1.0,95,False,False,
2022-01-14,SP500,sanctions,60,1.0,0.0,125,0.0,1.0,65,False,False,
2022-01-14,SP500,inflation,1,1.0,0.0,125,0.0,1.0,124,False,False,
2022-01-14,SP500,inflation,7,1.0,0.0,125,0.0,1.0,118,False,False,
2022-01-14,SP500,inflation,14,1.0,0.0,125,0.0,1.0,111,False,False,
2022-01-14,SP500,inflation,30,1.0,0.0,125,0.0,1.0,95,False,False,
2022-01-14,SP500,inflation,60,1.0,0.0,125,0.0,1.0,65,False,False,
2022-01-14,SP500,banking,1,1.0,0.0,125,0.0,1.0,124,False,False,
2022-01-14,SP500,banking,7,1.0,0.0,125,0.0,1.0,118,False,False,
2022-01-14,SP500,banking,14,1.0,0.0,125,0.0,1.0,111,False,False,
2022-01-14,SP500,banking,30,1.0,0.0,125,0.0,1.0,95,False,False,
2022-01-14,SP500,banking,60,1.0,0.0,125,0.0,1.0,65,False,False,
2022-01-14,SP500,gold,1,1.0,0.0,125,0.0,1.0,124,False,False,
2022-01-14,SP500,gold,7,1.0,0.0,125,0.0,1.0,118,False,False,
2022-01-14,SP500,gold,14,1.0,0.0,125,0.0,1.0,111,False,False,
2022-01-14,SP500,gold,30,1.0,0.0,125,0.0,1.0,95,False,False,
2022-01-14,SP500,gold,60,1.0,0.0,125,0.0,1.0,65,False,False,
2022-01-14,MSCI_WORLD,oil,1,1.0,0.0,125,0.0,1.0,124,False,False,
2022-01-14,MSCI_WORLD,oil,7,1.0,0.0,125,0.0,1.0,118,False,False,
2022-01-14,MSCI_WORLD,oil,14,1.0,0.0,125,0.0,1.0,111,False,False,
2022-01-14,MSCI_WORLD,oil,30,1.0,0.0,125,0.0,1.0,95,False,False,
2022-01-14,MSCI_WORLD,oil,60,1.0,0.0,125,0.0,1.0,65,False,False,
2022-01-14,MSCI_WORLD,rate,1,1.0,0.0,125,0.0,1.0,124,False,False,
2022-01-14,MSCI_WORLD,rate,7,1.0,0.0,125,0.0,1.0,118,False,False,
2022-01-14,MSCI_WORLD,rate,14,1.0,0.0,125,0.0,1.0,111,False,False,
2022-01-14,MSCI_WORLD,rate,30,1.0,0.0,125,0.0,1.0,95,False,False,
2022-01-14,MSCI_WORLD,rate,60,1.0,0.0,125,0.0,1.0,65,False,False,
2022-01-14,MSCI_WORLD,ruble,1,1.0,0.0,125,0.0,1.0,124,False,False,
2022-01-14,MSCI_WORLD,ruble,7,1.0,0.0,125,0.0,1.0,118,False,False,
2022-01-14,MSCI_WORLD,ruble,14,1.0,0.0,125,0.0,1.0,111,False,False,
2022-01-14,MSCI_WORLD,ruble,30,1.0,0.0,125,0.0,1.0,95,False,False,
2022-01-14,MSCI_WORLD,ruble,60,1.0,0.0,125,0.0,1.0,65,False,False,
2022-01-14,MSCI_WORLD,sanctions,1,1.0,0.0,125,0.0,1.0,124,False,False,
2022-01-14,MSCI_WORLD,sanctions,7,1.0,0.0,125,0.0,1.0,118,False,False,
2022-01-14,MSCI_WORLD,sanctions,14,1.0,0.0,125,0.0,1.0,111,False,False,
2022-01-14,MSCI_WORLD,sanctions,30,1.0,0.0,125,0.0,1.0,95,False,False,
2022-01-14,MSCI_WORLD,sanctions,60,1.0,0.0,125,0.0,1.0,65,False,False,
2022-01-14,MSCI_WORLD,inflation,1,1.0,0.0,125,0.0,1.0,124,False,False,
2022-01-14,MSCI_WORLD,inflation,7,1.0,0.0,125,0.0,1.0,118,False,False,
2022-01-14,MSCI_WORLD,inflation,14,1.0,0.0,125,0.0,1.0,111,False,False,
2022-01-14,MSCI_WORLD,inflation,30,1.0,0.0,125,0.0,1.0,95,False,False,
2022-01-14,MSCI_WORLD,inflation,60,1.0,0.0,125,0.0,1.0,65,False,False,
2022-01-14,MSCI_WORLD,banking,1,1.0,0.0,125,0.0,1.0,124,False,False,
2022-01-14,MSCI_WORLD,banking,7,1.0,0.0,125,0.0,1.0,118,False,False,
2022-01-14,MSCI_WORLD,banking,14,1.0,0.0,125,0.0,1.0,111,False,False,
2022-01-14,MSCI_WORLD,banking,30,1.0,0.0,125,0.0,1.0,95,False,False,
2022-01-14,MSCI_WORLD,banking,60,1.0,0.0,125,0.0,1.0,65,False,False,
2022-01-14,MSCI_WORLD,gold,1,1.0,0.0,125,0.0,1.0,124,False,False,
2022-01-14,MSCI_WORLD,gold,7,1.0,0.0,125,0.0,1.0,118,False,False,
2022-01-14,MSCI_WORLD,gold,14,1.0,0.0,125,0.0,1.0,111,False,False,
2022-01-14,MSCI_WORLD,gold,30,1.0,0.0,125,0.0,1.0,95,False,False,
2022-01-14,MSCI_WORLD,gold,60,1.0,0.0,125,0.0,1.0,65,False,False,
2022-01-14,DXY,oil,1,1.0,0.0,125,0.0,1.0,124,False,False,
2022-01-14,DXY,oil,7,1.0,0.0,125,0.0,1.0,118,False,False,
2022-01-14,DXY,oil,14,1.0,0.0,125,0.0,1.0,111,False,False,
2022-01-14,DXY,oil,30,1.0,0.0,125,0.0,1.0,95,False,False,
2022-01-14,DXY,oil,60,1.0,0.0,125,0.0,1.0,65,False,False,
2022-01-14,DXY,rate,1,1.0,0.0,125,0.0,1.0,124,False,False,
2022-01-14,DXY,rate,7,1.0,0.0,125,0.0,1.0,118,False,False,
2022-01-14,DXY,rate,14,1.0,0.0,125,0.0,1.0,111,False,False,
2022-01-14,DXY,rate,30,1.0,0.0,125,0.0,1.0,95,False,False,
2022-01-14,DXY,rate,60,1.0,0.0,125,0.0,1.0,65,False,False,
2022-01-14,DXY,ruble,1,1.0,0.0,125,0.0,1.0,124,False,False,
2022-01-14,DXY,ruble,7,1.0,0.0,125,0.0,1.0,118,False,False,
2022-01-14,DXY,ruble,14,1.0,0.0,125,0.0,1.0,111,False,False,
2022-01-14,DXY,ruble,30,1.0,0.0,125,0.0,1.0,95,False,False,
2022-01-14,DXY,ruble,60,1.0,0.0,125,0.0,1.0,65,False,False,
2022-01-14,DXY,sanctions,1,1.0,0.0,125,0.0,1.0,124,False,False,
2022-01-14,DXY,sanctions,7,1.0,0.0,125,0.0,1.0,118,False,False,
2022-01-14,DXY,sanctions,14,1.0,0.0,125,0.0,1.0,111,False,False,
2022-01-14,DXY,sanctions,30,1.0,0.0,125,0.0,1.0,95,False,False,
2022-01-14,DXY,sanctions,60,1.0,0.0,125,0.0,1.0,65,False,False,
2022-01-14,DXY,inflation,1,1.0,0.0,125,0.0,1.0,124,False,False,
2022-01-14,DXY,inflation,7,1.0,0.0,125,0.0,1.0,118,False,False,
2022-01-14,DXY,inflation,14,1.0,0.0,125,0.0,1.0,111,False,False,
2022-01-14,DXY,inflation,30,1.0,0.0,125,0.0,1.0,95,False,False,
2022-01-14,DXY,inflation,60,1.0,0.0,125,0.0,1.0,65,False,False,
2022-01-14,DXY,banking,1,1.0,0.0,125,0.0,1.0,124,False,False,
2022-01-14,DXY,banking,7,1.0,0.0,125,0.0,1.0,118,False,False,
2022-01-14,DXY,banking,14,1.0,0.0,125,0.0,1.0,111,False,False,
2022-01-14,DXY,banking,30,1.0,0.0,125,0.0,1.0,95,False,False,
2022-01-14,DXY,banking,60,1.0,0.0,125,0.0,1.0,65,False,False,
2022-01-14,DXY,gold,1,1.0,0.0,125,0.0,1.0,124,False,False,
2022-01-14,DXY,gold,7,1.0,0.0,125,0.0,1.0,118,False,False,
2022-01-14,DXY,gold,14,1.0,0.0,125,0.0,1.0,111,False,False,
2022-01-14,DXY,gold,30,1.0,0.0,125,0.0,1.0,95,False,False,
2022-01-14,DXY,gold,60,1.0,0.0,125,0.0,1.0,65,False,False,
2022-01-14,MSCI_INDIA,oil,1,1.0,0.0,125,0.0,1.0,124,False,False,
2022-01-14,MSCI_INDIA,oil,7,1.0,0.0,125,0.0,1.0,118,False,False,
2022-01-14,MSCI_INDIA,oil,14,1.0,0.0,125,0.0,1.0,111,False,False,
2022-01-14,MSCI_INDIA,oil,30,1.0,0.0,125,0.0,1.0,95,False,False,
2022-01-14,MSCI_INDIA,oil,60,1.0,0.0,125,0.0,1.0,65,False,False,
2022-01-14,MSCI_INDIA,rate,1,1.0,0.0,125,0.0,1.0,124,False,False,
2022-01-14,MSCI_INDIA,rate,7,1.0,0.0,125,0.0,1.0,118,False,False,
2022-01-14,MSCI_INDIA,rate,14,1.0,0.0,125,0.0,1.0,111,False,False,
2022-01-14,MSCI_INDIA,rate,30,1.0,0.0,125,0.0,1.0,95,False,False,
2022-01-14,MSCI_INDIA,rate,60,1.0,0.0,125,0.0,1.0,65,False,False,
2022-01-14,MSCI_INDIA,ruble,1,1.0,0.0,125,0.0,1.0,124,False,False,
2022-01-14,MSCI_INDIA,ruble,7,1.0,0.0,125,0.0,1.0,118,False,False,
2022-01-14,MSCI_INDIA,ruble,14,1.0,0.0,125,0.0,1.0,111,False,False,
2022-01-14,MSCI_INDIA,ruble,30,1.0,0.0,125,0.0,1.0,95,False,False,
2022-01-14,MSCI_INDIA,ruble,60,1.0,0.0,125,0.0,1.0,65,False,False,
2022-01-14,MSCI_INDIA,sanctions,1,1.0,0.0,125,0.0,1.0,124,False,False,
2022-01-14,MSCI_INDIA,sanctions,7,1.0,0.0,125,0.0,1.0,118,False,False,
2022-01-14,MSCI_INDIA,sanctions,14,1.0,0.0,125,0.0,1.0,111,False,False,
2022-01-14,MSCI_INDIA,sanctions,30,1.0,0.0,125,0.0,1.0,95,False,False,
2022-01-14,MSCI_INDIA,sanctions,60,1.0,0.0,125,0.0,1.0,65,False,False,
2022-01-14,MSCI_INDIA,inflation,1,1.0,0.0,125,0.0,1.0,124,False,False,
2022-01-14,MSCI_INDIA,inflation,7,1.0,0.0,125,0.0,1.0,118,False,False,
2022-01-14,MSCI_INDIA,inflation,14,1.0,0.0,125,0.0,1.0,111,False,False,
2022-01-14,MSCI_INDIA,inflation,30,1.0,0.0,125,0.0,1.0,95,False,False,
2022-01-14,MSCI_INDIA,inflation,60,1.0,0.0,125,0.0,1.0,65,False,False,
2022-01-14,MSCI_INDIA,banking,1,1.0,0.0,125,0.0,1.0,124,False,False,
2022-01-14,MSCI_INDIA,banking,7,1.0,0.0,125,0.0,1.0,118,False,False,
2022-01-14,MSCI_INDIA,banking,14,1.0,0.0,125,0.0,1.0,111,False,False,
2022-01-14,MSCI_INDIA,banking,30,1.0,0.0,125,0.0,1.0,95,False,False,
2022-01-14,MSCI_INDIA,banking,60,1.0,0.0,125,0.0,1.0,65,False,False,
2022-01-14,MSCI_INDIA,gold,1,1.0,0.0,125,0.0,1.0,124,False,False,
2022-01-14,MSCI_INDIA,gold,7,1.0,0.0,125,0.0,1.0,118,False,False,
2022-01-14,MSCI_INDIA,gold,14,1.0,0.0,125,0.0,1.0,111,False,False,
2022-01-14,MSCI_INDIA,gold,30,1.0,0.0,125,0.0,1.0,95,False,False,
2022-01-14,MSCI_INDIA,gold,60,1.0,0.0,125,0.0,1.0,65,False,False,
2022-01-17,USD_RUB,oil,1,1.0,0.0,125,0.0,1.0,124,False,False,
2022-01-17,USD_RUB,oil,7,1.0,0.0,125,0.0,1.0,118,False,False,
2022-01-17,USD_RUB,oil,14,1.0,0.0,125,0.0,1.0,111,False,False,
2022-01-17,USD_RUB,oil,30,1.0,0.0,125,0.0,1.0,95,False,False,
2022-01-17,USD_RUB,oil,60,1.0,0.0,125,0.0,1.0,65,False,False,
2022-01-17,USD_RUB,rate,1,1.0,0.0,125,0.0,1.0,124,False,False,
2022-01-17,USD_RUB,rate,7,1.0,0.0,125,0.0,1.0,118,False,False,
2022-01-17,USD_RUB,rate,14,1.0,0.0,125,0.0,1.0,111,False,False,
2022-01-17,USD_RUB,rate,30,1.0,0.0,125,0.0,1.0,95,False,False,
2022-01-17,USD_RUB,rate,60,1.0,0.0,125,0.0,1.0,65,False,False,
2022-01-17,USD_RUB,ruble,1,1.0,0.0,125,0.0,1.0,124,False,False,
2022-01-17,USD_RUB,ruble,7,1.0,0.0,125,0.0,1.0,118,False,False,
2022-01-17,USD_RUB,ruble,14,1.0,0.0,125,0.0,1.0,111,False,False,
2022-01-17,USD_RUB,ruble,30,1.0,0.0,125,0.0,1.0,95,False,False,
2022-01-17,USD_RUB,ruble,60,1.0,0.0,125,0.0,1.0,65,False,False,
2022-01-17,USD_RUB,sanctions,1,1.0,0.0,125,0.0,1.0,124,False,False,
2022-01-17,USD_RUB,sanctions,7,1.0,0.0,125,0.0,1.0,118,False,False,
2022-01-17,USD_RUB,sanctions,14,1.0,0.0,125,0.0,1.0,111,False,False,
2022-01-17,USD_RUB,sanctions,30,1.0,0.0,125,0.0,1.0,95,False,False,
2022-01-17,USD_RUB,sanctions,60,1.0,0.0,125,0.0,1.0,65,False,False,
2022-01-17,USD_RUB,inflation,1,1.0,0.0,125,0.0,1.0,124,False,False,
2022-01-17,USD_RUB,inflation,7,1.0,0.0,125,0.0,1.0,118,False,False,
2022-01-17,USD_RUB,inflation,14,1.0,0.0,125,0.0,1.0,111,False,False,
2022-01-17,USD_RUB,inflation,30,1.0,0.0,125,0.0,1.0,95,False,False,
2022-01-17,USD_RUB,inflation,60,1.0,0.0,125,0.0,1.0,65,False,False,
2022-01-17,USD_RUB,banking,1,1.0,0.0,125,0.0,1.0,124,False,False,
2022-01-17,USD_RUB,banking,7,1.0,0.0,125,0.0,1.0,118,False,False,
2022-01-17,USD_RUB,banking,14,1.0,0.0,125,0.0,1.0,111,False,False,
2022-01-17,USD_RUB,banking,30,1.0,0.0,125,0.0,1.0,95,False,False,
2022-01-17,USD_RUB,banking,60,1.0,0.0,125,0.0,1.0,65,False,False,
2022-01-17,USD_RUB,gold,1,1.0,0.0,125,0.0,1.0,124,False,False,
2022-01-17,USD_RUB,gold,7,1.0,0.0,125,0.0,1.0,118,False,False,
2022-01-17,USD_RUB,gold,14,1.0,0.0,125,0.0,1.0,111,False,False,
2022-01-17,USD_RUB,gold,30,1.0,0.0,125,0.0,1.0,95,False,False,
2022-01-17,USD_RUB,gold,60,1.0,0.0,125,0.0,1.0,65,False,False,
2022-01-17,EUR_RUB,oil,1,1.0,0.0,125,0.0,1.0,124,False,False,
2022-01-17,EUR_RUB,oil,7,1.0,0.0,125,0.0,1.0,118,False,False,
2022-01-17,EUR_RUB,oil,14,1.0,0.0,125,0.0,1.0,111,False,False,
2022-01-17,EUR_RUB,oil,30,1.0,0.0,125,0.0,1.0,95,False,False,
2022-01-17,EUR_RUB,oil,60,1.0,0.0,125,0.0,1.0,65,False,False,
2022-01-17,EUR_RUB,rate,1,1.0,0.0,125,0.0,1.0,124,False,False,
2022-01-17,EUR_RUB,rate,7,1.0,0.0,125,0.0,1.0,118,False,False,
2022-01-17,EUR_RUB,rate,14,1.0,0.0,125,0.0,1.0,111,False,False,
2022-01-17,EUR_RUB,rate,30,1.0,0.0,125,0.0,1.0,95,False,False,
2022-01-17,EUR_RUB,rate,60,1.0,0.0,125,0.0,1.0,65,False,False,
2022-01-17,EUR_RUB,ruble,1,1.0,0.0,125,0.0,1.0,124,False,False,
2022-01-17,EUR_RUB,ruble,7,1.0,0.0,125,0.0,1.0,118,False,False,
2022-01-17,EUR_RUB,ruble,14,1.0,0.0,125,0.0,1.0,111,False,False,
2022-01-17,EUR_RUB,ruble,30,1.0,0.0,125,0.0,1.0,95,False,False,
2022-01-17,EUR_RUB,ruble,60,1.0,0.0,125,0.0,1.0,65,False,False,
2022-01-17,EUR_RUB,sanctions,1,1.0,0.0,125,0.0,1.0,124,False,False,
2022-01-17,EUR_RUB,sanctions,7,1.0,0.0,125,0.0,1.0,118,False,False,
2022-01-17,EUR_RUB,sanctions,14,1.0,0.0,125,0.0,1.0,111,False,False,
2022-01-17,EUR_RUB,sanctions,30,1.0,0.0,125,0.0,1.0,95,False,False,
2022-01-17,EUR_RUB,sanctions,60,1.0,0.0,125,0.0,1.0,65,False,False,
2022-01-17,EUR_RUB,inflation,1,1.0,0.0,125,0.0,1.0,124,False,False,
2022-01-17,EUR_RUB,inflation,7,1.0,0.0,125,0.0,1.0,118,False,False,
2022-01-17,EUR_RUB,inflation,14,1.0,0.0,125,0.0,1.0,111,False,False,
2022-01-17,EUR_RUB,inflation,30,1.0,0.0,125,0.0,1.0,95,False,False,
2022-01-17,EUR_RUB,inflation,60,1.0,0.0,125,0.0,1.0,65,False,False,
2022-01-17,EUR_RUB,banking,1,1.0,0.0,125,0.0,1.0,124,False,False,
2022-01-17,EUR_RUB,banking,7,1.0,0.0,125,0.0,1.0,118,False,False,
2022-01-17,EUR_RUB,banking,14,1.0,0.0,125,0.0,1.0,111,False,False,
2022-01-17,EUR_RUB,banking,30,1.0,0.0,125,0.0,1.0,95,False,False,
2022-01-17,EUR_RUB,banking,60,1.0,0.0,125,0.0,1.0,65,False,False,
2022-01-17,EUR_RUB,gold,1,1.0,0.0,125,0.0,1.0,124,False,False,
2022-01-17,EUR_RUB,gold,7,1.0,0.0,125,0.0,1.0,118,False,False,
2022-01-17,EUR_RUB,gold,14,1.0,0.0,125,0.0,1.0,111,False,False,
2022-01-17,EUR_RUB,gold,30,1.0,0.0,125,0.0,1.0,95,False,False,
2022-01-17,EUR_RUB,gold,60,1.0,0.0,125,0.0,1.0,65,False,False,
2022-01-17,BRENT,oil,1,1.0,0.0,125,0.0,1.0,124,False,False,
2022-01-17,BRENT,oil,7,1.0,0.0,125,0.0,1.0,118,False,False,
2022-01-17,BRENT,oil,14,1.0,0.0,125,0.0,1.0,111,False,False,
2022-01-17,BRENT,oil,30,1.0,0.0,125,0.0,1.0,95,False,False,
2022-01-17,BRENT,oil,60,1.0,0.0,125,0.0,1.0,65,False,False,
2022-01-17,BRENT,rate,1,1.0,0.0,125,0.0,1.0,124,False,False,
2022-01-17,BRENT,rate,7,1.0,0.0,125,0.0,1.0,118,False,False,
2022-01-17,BRENT,rate,14,1.0,0.0,125,0.0,1.0,111,False,False,
2022-01-17,BRENT,rate,30,1.0,0.0,125,0.0,1.0,95,False,False,
2022-01-17,BRENT,rate,60,1.0,0.0,125,0.0,1.0,65,False,False,
2022-01-17,BRENT,ruble,1,1.0,0.0,125,0.0,1.0,124,False,False,
2022-01-17,BRENT,ruble,7,1.0,0.0,125,0.0,1.0,118,False,False,
2022-01-17,BRENT,ruble,14,1.0,0.0,125,0.0,1.0,111,False,False,
2022-01-17,BRENT,ruble,30,1.0,0.0,125,0.0,1.0,95,False,False,
2022-01-17,BRENT,ruble,60,1.0,0.0,125,0.0,1.0,65,False,False,
2022-01-17,BRENT,sanctions,1,1.0,0.0,125,0.0,1.0,124,False,False,
2022-01-17,BRENT,sanctions,7,1.0,0.0,125,0.0,1.0,118,False,False,
2022-01-17,BRENT,sanctions,14,1.0,0.0,125,0.0,1.0,111,False,False,
2022-01-17,BRENT,sanctions,30,1.0,0.0,125,0.0,1.0,95,False,False,
2022-01-17,BRENT,sanctions,60,1.0,0.0,125,0.0,1.0,65,False,False,
2022-01-17,BRENT,inflation,1,1.0,0.0,125,0.0,1.0,124,False,False,
2022-01-17,BRENT,inflation,7,1.0,0.0,125,0.0,1.0,118,False,False,
2022-01-17,BRENT,inflation,14,1.0,0.0,125,0.0,1.0,111,False,False,
2022-01-17,BRENT,inflation,30,1.0,0.0,125,0.0,1.0,95,False,False,
2022-01-17,BRENT,inflation,60,1.0,0.0,125,0.0,1.0,65,False,False,
2022-01-17,BRENT,banking,1,1.0,0.0,125,0.0,1.0,124,False,False,
2022-01-17,BRENT,banking,7,1.0,0.0,125,0.0,1.0,118,False,False,
2022-01-17,BRENT,banking,14,1.0,0.0,125,0.0,1.0,111,False,False,
2022-01-17,BRENT,banking,30,1.0,0.0,125,0.0,1.0,95,False,False,
2022-01-17,BRENT,banking,60,1.0,0.0,125,0.0,1.0,65,False,False,
2022-01-17,BRENT,gold,1,1.0,0.0,125,0.0,1.0,124,False,False,
2022-01-17,BRENT,gold,7,1.0,0.0,125,0.0,1.0,118,False,False,
2022-01-17,BRENT,gold,14,1.0,0.0,125,0.0,1.0,111,False,False,
2022-01-17,BRENT,gold,30,1.0,0.0,125,0.0,1.0,95,False,False,
2022-01-17,BRENT,gold,60,1.0,0.0,125,0.0,1.0,65,False,False,
2022-01-17,SP500,oil,1,1.0,0.0,125,0.0,1.0,124,False,False,
2022-01-17,SP500,oil,7,1.0,0.0,125,0.0,1.0,118,False,False,
2022-01-17,SP500,oil,14,1.0,0.0,125,0.0,1.0,111,False,False,
2022-01-17,SP500,oil,30,1.0,0.0,125,0.0,1.0,95,False,False,
2022-01-17,SP500,oil,60,1.0,0.0,125,0.0,1.0,65,False,False,
2022-01-17,SP500,rate,1,1.0,0.0,125,0.0,1.0,124,False,False,
2022-01-17,SP500,rate,7,1.0,0.0,125,0.0,1.0,118,False,False,
2022-01-17,SP500,rate,14,1.0,0.0,125,0.0,1.0,111,False,False,
2022-01-17,SP500,rate,30,1.0,0.0,125,0.0,1.0,95,False,False,
2022-01-17,SP500,rate,60,1.0,0.0,125,0.0,1.0,65,False,False,
2022-01-17,SP500,ruble,1,1.0,0.0,125,0.0,1.0,124,False,False,
2022-01-17,SP500,ruble,7,1.0,0.0,125,0.0,1.0,118,False,False,
2022-01-17,SP500,ruble,14,1.0,0.0,125,0.0,1.0,111,False,False,
2022-01-17,SP500,ruble,30,1.0,0.0,125,0.0,1.0,95,False,False,
2022-01-17,SP500,ruble,60,1.0,0.0,125,0.0,1.0,65,False,False,
2022-01-17,SP500,sanctions,1,1.0,0.0,125,0.0,1.0,124,False,False,
2022-01-17,SP500,sanctions,7,1.0,0.0,125,0.0,1.0,118,False,False,
2022-01-17,SP500,sanctions,14,1.0,0.0,125,0.0,1.0,111,False,False,
2022-01-17,SP500,sanctions,30,1.0,0.0,125,0.0,1.0,95,False,False,
2022-01-17,SP500,sanctions,60,1.0,0.0,125,0.0,1.0,65,False,False,
2022-01-17,SP500,inflation,1,1.0,0.0,125,0.0,1.0,124,False,False,
2022-01-17,SP500,inflation,7,1.0,0.0,125,0.0,1.0,118,False,False,
2022-01-17,SP500,inflation,14,1.0,0.0,125,0.0,1.0,111,False,False,
2022-01-17,SP500,inflation,30,1.0,0.0,125,0.0,1.0,95,False,False,
2022-01-17,SP500,inflation,60,1.0,0.0,125,0.0,1.0,65,False,False,
2022-01-17,SP500,banking,1,1.0,0.0,125,0.0,1.0,124,False,False,
2022-01-17,SP500,banking,7,1.0,0.0,125,0.0,1.0,118,False,False,
2022-01-17,SP500,banking,14,1.0,0.0,125,0.0,1.0,111,False,False,
2022-01-17,SP500,banking,30,1.0,0.0,125,0.0,1.0,95,False,False,
2022-01-17,SP500,banking,60,1.0,0.0,125,0.0,1.0,65,False,False,
2022-01-17,SP500,gold,1,1.0,0.0,125,0.0,1.0,124,False,False,
2022-01-17,SP500,gold,7,1.0,0.0,125,0.0,1.0,118,False,False,
2022-01-17,SP500,gold,14,1.0,0.0,125,0.0,1.0,111,False,False,
2022-01-17,SP500,gold,30,1.0,0.0,125,0.0,1.0,95,False,False,
2022-01-17,SP500,gold,60,1.0,0.0,125,0.0,1.0,65,False,False,
2022-01-17,MSCI_WORLD,oil,1,1.0,0.0,125,0.0,1.0,124,False,False,
2022-01-17,MSCI_WORLD,oil,7,1.0,0.0,125,0.0,1.0,118,False,False,
2022-01-17,MSCI_WORLD,oil,14,1.0,0.0,125,0.0,1.0,111,False,False,
2022-01-17,MSCI_WORLD,oil,30,1.0,0.0,125,0.0,1.0,95,False,False,
2022-01-17,MSCI_WORLD,oil,60,1.0,0.0,125,0.0,1.0,65,False,False,
2022-01-17,MSCI_WORLD,rate,1,1.0,0.0,125,0.0,1.0,124,False,False,
2022-01-17,MSCI_WORLD,rate,7,1.0,0.0,125,0.0,1.0,118,False,False,
2022-01-17,MSCI_WORLD,rate,14,1.0,0.0,125,0.0,1.0,111,False,False,
2022-01-17,MSCI_WORLD,rate,30,1.0,0.0,125,0.0,1.0,95,False,False,
2022-01-17,MSCI_WORLD,rate,60,1.0,0.0,125,0.0,1.0,65,False,False,
2022-01-17,MSCI_WORLD,ruble,1,1.0,0.0,125,0.0,1.0,124,False,False,
2022-01-17,MSCI_WORLD,ruble,7,1.0,0.0,125,0.0,1.0,118,False,False,
2022-01-17,MSCI_WORLD,ruble,14,1.0,0.0,125,0.0,1.0,111,False,False,
2022-01-17,MSCI_WORLD,ruble,30,1.0,0.0,125,0.0,1.0,95,False,False,
2022-01-17,MSCI_WORLD,ruble,60,1.0,0.0,125,0.0,1.0,65,False,False,
2022-01-17,MSCI_WORLD,sanctions,1,1.0,0.0,125,0.0,1.0,124,False,False,
2022-01-17,MSCI_WORLD,sanctions,7,1.0,0.0,125,0.0,1.0,118,False,False,
2022-01-17,MSCI_WORLD,sanctions,14,1.0,0.0,125,0.0,1.0,111,False,False,
2022-01-17,MSCI_WORLD,sanctions,30,1.0,0.0,125,0.0,1.0,95,False,False,
2022-01-17,MSCI_WORLD,sanctions,60,1.0,0.0,125,0.0,1.0,65,False,False,
2022-01-17,MSCI_WORLD,inflation,1,1.0,0.0,125,0.0,1.0,124,False,False,
2022-01-17,MSCI_WORLD,inflation,7,1.0,0.0,125,0.0,1.0,118,False,False,
2022-01-17,MSCI_WORLD,inflation,14,1.0,0.0,125,0.0,1.0,111,False,False,
2022-01-17,MSCI_WORLD,inflation,30,1.0,0.0,125,0.0,1.0,95,False,False,
2022-01-17,MSCI_WORLD,inflation,60,1.0,0.0,125,0.0,1.0,65,False,False,
2022-01-17,MSCI_WORLD,banking,1,1.0,0.0,125,0.0,1.0,124,False,False,
2022-01-17,MSCI_WORLD,banking,7,1.0,0.0,125,0.0,1.0,118,False,False,
2022-01-17,MSCI_WORLD,banking,14,1.0,0.0,125,0.0,1.0,111,False,False,
2022-01-17,MSCI_WORLD,banking,30,1.0,0.0,125,0.0,1.0,95,False,False,
2022-01-17,MSCI_WORLD,banking,60,1.0,0.0,125,0.0,1.0,65,False,False,
2022-01-17,MSCI_WORLD,gold,1,1.0,0.0,125,0.0,1.0,124,False,False,
2022-01-17,MSCI_WORLD,gold,7,1.0,0.0,125,0.0,1.0,118,False,False,
2022-01-17,MSCI_WORLD,gold,14,1.0,0.0,125,0.0,1.0,111,False,False,
2022-01-17,MSCI_WORLD,gold,30,1.0,0.0,125,0.0,1.0,95,False,False,
2022-01-17,MSCI_WORLD,gold,60,1.0,0.0,125,0.0,1.0,65,False,False,
2022-01-17,DXY,oil,1,1.0,0.0,125,0.0,1.0,124,False,False,
2022-01-17,DXY,oil,7,1.0,0.0,125,0.0,1.0,118,False,False,
2022-01-17,DXY,oil,14,1.0,0.0,125,0.0,1.0,111,False,False,
2022-01-17,DXY,oil,30,1.0,0.0,125,0.0,1.0,95,False,False,
2022-01-17,DXY,oil,60,1.0,0.0,125,0.0,1.0,65,False,False,
2022-01-17,DXY,rate,1,1.0,0.0,125,0.0,1.0,124,False,False,
2022-01-17,DXY,rate,7,1.0,0.0,125,0.0,1.0,118,False,False,
2022-01-17,DXY,rate,14,1.0,0.0,125,0.0,1.0,111,False,False,
2022-01-17,DXY,rate,30,1.0,0.0,125,0.0,1.0,95,False,False,
2022-01-17,DXY,rate,60,1.0,0.0,125,0.0,1.0,65,False,False,
2022-01-17,DXY,ruble,1,1.0,0.0,125,0.0,1.0,124,False,False,
2022-01-17,DXY,ruble,7,1.0,0.0,125,0.0,1.0,118,False,False,
2022-01-17,DXY,ruble,14,1.0,0.0,125,0.0,1.0,111,False,False,
2022-01-17,DXY,ruble,30,1.0,0.0,125,0.0,1.0,95,False,False,
2022-01-17,DXY,ruble,60,1.0,0.0,125,0.0,1.0,65,False,False,
2022-01-17,DXY,sanctions,1,1.0,0.0,125,0.0,1.0,124,False,False,
2022-01-17,DXY,sanctions,7,1.0,0.0,125,0.0,1.0,118,False,False,
2022-01-17,DXY,sanctions,14,1.0,0.0,125,0.0,1.0,111,False,False,
2022-01-17,DXY,sanctions,30,1.0,0.0,125,0.0,1.0,95,False,False,
2022-01-17,DXY,sanctions,60,1.0,0.0,125,0.0,1.0,65,False,False,
2022-01-17,DXY,inflation,1,1.0,0.0,125,0.0,1.0,124,False,False,
2022-01-17,DXY,inflation,7,1.0,0.0,125,0.0,1.0,118,False,False,
2022-01-17,DXY,inflation,14,1.0,0.0,125,0.0,1.0,111,False,False,
2022-01-17,DXY,inflation,30,1.0,0.0,125,0.0,1.0,95,False,False,
2022-01-17,DXY,inflation,60,1.0,0.0,125,0.0,1.0,65,False,False,
2022-01-17,DXY,banking,1,1.0,0.0,125,0.0,1.0,124,False,False,
2022-01-17,DXY,banking,7,1.0,0.0,125,0.0,1.0,118,False,False,
2022-01-17,DXY,banking,14,1.0,0.0,125,0.0,1.0,111,False,False,
2022-01-17,DXY,banking,30,1.0,0.0,125,0.0,1.0,95,False,False,
2022-01-17,DXY,banking,60,1.0,0.0,125,0.0,1.0,65,False,False,
2022-01-17,DXY,gold,1,1.0,0.0,125,0.0,1.0,124,False,False,
2022-01-17,DXY,gold,7,1.0,0.0,125,0.0,1.0,118,False,False,
2022-01-17,DXY,gold,14,1.0,0.0,125,0.0,1.0,111,False,False,
2022-01-17,DXY,gold,30,1.0,0.0,125,0.0,1.0,95,False,False,
2022-01-17,DXY,gold,60,1.0,0.0,125,0.0,1.0,65,False,False,
2022-01-17,MSCI_INDIA,oil,1,1.0,0.0,125,0.0,1.0,124,False,False,
2022-01-17,MSCI_INDIA,oil,7,1.0,0.0,125,0.0,1.0,118,False,False,
2022-01-17,MSCI_INDIA,oil,14,1.0,0.0,125,0.0,1.0,111,False,False,
2022-01-17,MSCI_INDIA,oil,30,1.0,0.0,125,0.0,1.0,95,False,False,
2022-01-17,MSCI_INDIA,oil,60,1.0,0.0,125,0.0,1.0,65,False,False,
2022-01-17,MSCI_INDIA,rate,1,1.0,0.0,125,0.0,1.0,124,False,False,
2022-01-17,MSCI_INDIA,rate,7,1.0,0.0,125,0.0,1.0,118,False,False,
2022-01-17,MSCI_INDIA,rate,14,1.0,0.0,125,0.0,1.0,111,False,False,
2022-01-17,MSCI_INDIA,rate,30,1.0,0.0,125,0.0,1.0,95,False,False,
2022-01-17,MSCI_INDIA,rate,60,1.0,0.0,125,0.0,1.0,65,False,False,
2022-01-17,MSCI_INDIA,ruble,1,1.0,0.0,125,0.0,1.0,124,False,False,
2022-01-17,MSCI_INDIA,ruble,7,1.0,0.0,125,0.0,1.0,118,False,False,
2022-01-17,MSCI_INDIA,ruble,14,1.0,0.0,125,0.0,1.0,111,False,False,
2022-01-17,MSCI_INDIA,ruble,30,1.0,0.0,125,0.0,1.0,95,False,False,
2022-01-17,MSCI_INDIA,ruble,60,1.0,0.0,125,0.0,1.0,65,False,False,
2022-01-17,MSCI_INDIA,sanctions,1,1.0,0.0,125,0.0,1.0,124,False,False,
2022-01-17,MSCI_INDIA,sanctions,7,1.0,0.0,125,0.0,1.0,118,False,False,
2022-01-17,MSCI_INDIA,sanctions,14,1.0,0.0,125,0.0,1.0,111,False,False,
2022-01-17,MSCI_INDIA,sanctions,30,1.0,0.0,125,0.0,1.0,95,False,False,
2022-01-17,MSCI_INDIA,sanctions,60,1.0,0.0,125,0.0,1.0,65,False,False,
2022-01-17,MSCI_INDIA,inflation,1,1.0,0.0,125,0.0,1.0,124,False,False,
2022-01-17,MSCI_INDIA,inflation,7,1.0,0.0,125,0.0,1.0,118,False,False,
2022-01-17,MSCI_INDIA,inflation,14,1.0,0.0,125,0.0,1.0,111,False,False,
2022-01-17,MSCI_INDIA,inflation,30,1.0,0.0,125,0.0,1.0,95,False,False,
2022-01-17,MSCI_INDIA,inflation,60,1.0,0.0,125,0.0,1.0,65,False,False,
2022-01-17,MSCI_INDIA,banking,1,1.0,0.0,125,0.0,1.0,124,False,False,
2022-01-17,MSCI_INDIA,banking,7,1.0,0.0,125,0.0,1.0,118,False,False,
2022-01-17,MSCI_INDIA,banking,14,1.0,0.0,125,0.0,1.0,111,False,False,
2022-01-17,MSCI_INDIA,banking,30,1.0,0.0,125,0.0,1.0,95,False,False,
2022-01-17,MSCI_INDIA,banking,60,1.0,0.0,125,0.0,1.0,65,False,False,
2022-01-17,MSCI_INDIA,gold,1,1.0,0.0,125,0.0,1.0,124,False,False,
2022-01-17,MSCI_INDIA,gold,7,1.0,0.0,125,0.0,1.0,118,False,False,
2022-01-17,MSCI_INDIA,gold,14,1.0,0.0,125,0.0,1.0,111,False,False,
2022-01-17,MSCI_INDIA,gold,30,1.0,0.0,125,0.0,1.0,95,False,False,
2022-01-17,MSCI_INDIA,gold,60,1.0,0.0,125,0.0,1.0,65,False,False,
2022-01-20,USD_RUB,oil,1,1.0,0.0,125,0.0,1.0,124,False,False,
2022-01-20,USD_RUB,oil,7,1.0,0.0,125,0.0,1.0,118,False,False,
2022-01-20,USD_RUB,oil,14,1.0,0.0,125,0.0,1.0,111,False,False,
2022-01-20,USD_RUB,oil,30,1.0,0.0,125,0.0,1.0,95,False,False,
2022-01-20,USD_RUB,oil,60,1.0,0.0,125,0.0,1.0,65,False,False,
2022-01-20,USD_RUB,rate,1,1.0,0.0,125,0.0,1.0,124,False,False,
2022-01-20,USD_RUB,rate,7,1.0,0.0,125,0.0,1.0,118,False,False,
2022-01-20,USD_RUB,rate,14,1.0,0.0,125,0.0,1.0,111,False,False,
2022-01-20,USD_RUB,rate,30,1.0,0.0,125,0.0,1.0,95,False,False,
2022-01-20,USD_RUB,rate,60,1.0,0.0,125,0.0,1.0,65,False,False,
2022-01-20,USD_RUB,ruble,1,1.0,0.0,125,0.0,1.0,124,False,False,
2022-01-20,USD_RUB,ruble,7,1.0,0.0,125,0.0,1.0,118,False,False,
2022-01-20,USD_RUB,ruble,14,1.0,0.0,125,0.0,1.0,111,False,False,
2022-01-20,USD_RUB,ruble,30,1.0,0.0,125,0.0,1.0,95,False,False,
2022-01-20,USD_RUB,ruble,60,1.0,0.0,125,0.0,1.0,65,False,False,
2022-01-20,USD_RUB,sanctions,1,1.0,0.0,125,0.0,1.0,124,False,False,
2022-01-20,USD_RUB,sanctions,7,1.0,0.0,125,0.0,1.0,118,False,False,
2022-01-20,USD_RUB,sanctions,14,1.0,0.0,125,0.0,1.0,111,False,False,
2022-01-20,USD_RUB,sanctions,30,1.0,0.0,125,0.0,1.0,95,False,False,
2022-01-20,USD_RUB,sanctions,60,1.0,0.0,125,0.0,1.0,65,False,False,
2022-01-20,USD_RUB,inflation,1,1.0,0.0,125,0.0,1.0,124,False,False,
2022-01-20,USD_RUB,inflation,7,1.0,0.0,125,0.0,1.0,118,False,False,
2022-01-20,USD_RUB,inflation,14,1.0,0.0,125,0.0,1.0,111,False,False,
2022-01-20,USD_RUB,inflation,30,1.0,0.0,125,0.0,1.0,95,False,False,
2022-01-20,USD_RUB,inflation,60,1.0,0.0,125,0.0,1.0,65,False,False,
2022-01-20,USD_RUB,banking,1,1.0,0.0,125,0.0,1.0,124,False,False,
2022-01-20,USD_RUB,banking,7,1.0,0.0,125,0.0,1.0,118,False,False,
2022-01-20,USD_RUB,banking,14,1.0,0.0,125,0.0,1.0,111,False,False,
2022-01-20,USD_RUB,banking,30,1.0,0.0,125,0.0,1.0,95,False,False,
2022-01-20,USD_RUB,banking,60,1.0,0.0,125,0.0,1.0,65,False,False,
2022-01-20,USD_RUB,gold,1,1.0,0.0,125,0.0,1.0,124,False,False,
2022-01-20,USD_RUB,gold,7,1.0,0.0,125,0.0,1.0,118,False,False,
2022-01-20,USD_RUB,gold,14,1.0,0.0,125,0.0,1.0,111,False,False,
2022-01-20,USD_RUB,gold,30,1.0,0.0,125,0.0,1.0,95,False,False,
2022-01-20,USD_RUB,gold,60,1.0,0.0,125,0.0,1.0,65,False,False,
2022-01-20,EUR_RUB,oil,1,1.0,0.0,125,0.0,1.0,124,False,False,
2022-01-20,EUR_RUB,oil,7,1.0,0.0,125,0.0,1.0,118,False,False,
2022-01-20,EUR_RUB,oil,14,1.0,0.0,125,0.0,1.0,111,False,False,
2022-01-20,EUR_RUB,oil,30,1.0,0.0,125,0.0,1.0,95,False,False,
2022-01-20,EUR_RUB,oil,60,1.0,0.0,125,0.0,1.0,65,False,False,
2022-01-20,EUR_RUB,rate,1,1.0,0.0,125,0.0,1.0,124,False,False,
2022-01-20,EUR_RUB,rate,7,1.0,0.0,125,0.0,1.0,118,False,False,
2022-01-20,EUR_RUB,rate,14,1.0,0.0,125,0.0,1.0,111,False,False,
2022-01-20,EUR_RUB,rate,30,1.0,0.0,125,0.0,1.0,95,False,False,
2022-01-20,EUR_RUB,rate,60,1.0,0.0,125,0.0,1.0,65,False,False,
2022-01-20,EUR_RUB,ruble,1,1.0,0.0,125,0.0,1.0,124,False,False,
2022-01-20,EUR_RUB,ruble,7,1.0,0.0,125,0.0,1.0,118,False,False,
2022-01-20,EUR_RUB,ruble,14,1.0,0.0,125,0.0,1.0,111,False,False,
2022-01-20,EUR_RUB,ruble,30,1.0,0.0,125,0.0,1.0,95,False,False,
2022-01-20,EUR_RUB,ruble,60,1.0,0.0,125,0.0,1.0,65,False,False,
2022-01-20,EUR_RUB,sanctions,1,1.0,0.0,125,0.0,1.0,124,False,False,
2022-01-20,EUR_RUB,sanctions,7,1.0,0.0,125,0.0,1.0,118,False,False,
2022-01-20,EUR_RUB,sanctions,14,1.0,0.0,125,0.0,1.0,111,False,False,
2022-01-20,EUR_RUB,sanctions,30,1.0,0.0,125,0.0,1.0,95,False,False,
2022-01-20,EUR_RUB,sanctions,60,1.0,0.0,125,0.0,1.0,65,False,False,
2022-01-20,EUR_RUB,inflation,1,1.0,0.0,125,0.0,1.0,124,False,False,
2022-01-20,EUR_RUB,inflation,7,1.0,0.0,125,0.0,1.0,118,False,False,
2022-01-20,EUR_RUB,inflation,14,1.0,0.0,125,0.0,1.0,111,False,False,
2022-01-20,EUR_RUB,inflation,30,1.0,0.0,125,0.0,1.0,95,False,False,
2022-01-20,EUR_RUB,inflation,60,1.0,0.0,125,0.0,1.0,65,False,False,
2022-01-20,EUR_RUB,banking,1,1.0,0.0,125,0.0,1.0,124,False,False,
2022-01-20,EUR_RUB,banking,7,1.0,0.0,125,0.0,1.0,118,False,False,
2022-01-20,EUR_RUB,banking,14,1.0,0.0,125,0.0,1.0,111,False,False,
2022-01-20,EUR_RUB,banking,30,1.0,0.0,125,0.0,1.0,95,False,False,
2022-01-20,EUR_RUB,banking,60,1.0,0.0,125,0.0,1.0,65,False,False,
2022-01-20,EUR_RUB,gold,1,1.0,0.0,125,0.0,1.0,124,False,False,
2022-01-20,EUR_RUB,gold,7,1.0,0.0,125,0.0,1.0,118,False,False,
2022-01-20,EUR_RUB,gold,14,1.0,0.0,125,0.0,1.0,111,False,False,
2022-01-20,EUR_RUB,gold,30,1.0,0.0,125,0.0,1.0,95,False,False,
2022-01-20,EUR_RUB,gold,60,1.0,0.0,125,0.0,1.0,65,False,False,
2022-01-20,BRENT,oil,1,1.0,0.0,125,0.0,1.0,124,False,False,
2022-01-20,BRENT,oil,7,1.0,0.0,125,0.0,1.0,118,False,False,
2022-01-20,BRENT,oil,14,1.0,0.0,125,0.0,1.0,111,False,False,
2022-01-20,BRENT,oil,30,1.0,0.0,125,0.0,1.0,95,False,False,
2022-01-20,BRENT,oil,60,1.0,0.0,125,0.0,1.0,65,False,False,
2022-01-20,BRENT,rate,1,1.0,0.0,125,0.0,1.0,124,False,False,
2022-01-20,BRENT,rate,7,1.0,0.0,125,0.0,1.0,118,False,False,
2022-01-20,BRENT,rate,14,1.0,0.0,125,0.0,1.0,111,False,False,
2022-01-20,BRENT,rate,30,1.0,0.0,125,0.0,1.0,95,False,False,
2022-01-20,BRENT,rate,60,1.0,0.0,125,0.0,1.0,65,False,False,
2022-01-20,BRENT,ruble,1,1.0,0.0,125,0.0,1.0,124,False,False,
2022-01-20,BRENT,ruble,7,1.0,0.0,125,0.0,1.0,118,False,False,
2022-01-20,BRENT,ruble,14,1.0,0.0,125,0.0,1.0,111,False,False,
2022-01-20,BRENT,ruble,30,1.0,0.0,125,0.0,1.0,95,False,False,
2022-01-20,BRENT,ruble,60,1.0,0.0,125,0.0,1.0,65,False,False,
2022-01-20,BRENT,sanctions,1,1.0,0.0,125,0.0,1.0,124,False,False,
2022-01-20,BRENT,sanctions,7,1.0,0.0,125,0.0,1.0,118,False,False,
2022-01-20,BRENT,sanctions,14,1.0,0.0,125,0.0,1.0,111,False,False,
2022-01-20,BRENT,sanctions,30,1.0,0.0,125,0.0,1.0,95,False,False,
2022-01-20,BRENT,sanctions,60,1.0,0.0,125,0.0,1.0,65,False,False,
2022-01-20,BRENT,inflation,1,1.0,0.0,125,0.0,1.0,124,False,False,
2022-01-20,BRENT,inflation,7,1.0,0.0,125,0.0,1.0,118,False,False,
2022-01-20,BRENT,inflation,14,1.0,0.0,125,0.0,1.0,111,False,False,
2022-01-20,BRENT,inflation,30,1.0,0.0,125,0.0,1.0,95,False,False,
2022-01-20,BRENT,inflation,60,1.0,0.0,125,0.0,1.0,65,False,False,
2022-01-20,BRENT,banking,1,1.0,0.0,125,0.0,1.0,124,False,False,
2022-01-20,BRENT,banking,7,1.0,0.0,125,0.0,1.0,118,False,False,
2022-01-20,BRENT,banking,14,1.0,0.0,125,0.0,1.0,111,False,False,
2022-01-20,BRENT,banking,30,1.0,0.0,125,0.0,1.0,95,False,False,
2022-01-20,BRENT,banking,60,1.0,0.0,125,0.0,1.0,65,False,False,
2022-01-20,BRENT,gold,1,1.0,0.0,125,0.0,1.0,124,False,False,
2022-01-20,BRENT,gold,7,1.0,0.0,125,0.0,1.0,118,False,False,
2022-01-20,BRENT,gold,14,1.0,0.0,125,0.0,1.0,111,False,False,
2022-01-20,BRENT,gold,30,1.0,0.0,125,0.0,1.0,95,False,False,
2022-01-20,BRENT,gold,60,1.0,0.0,125,0.0,1.0,65,False,False,
2022-01-20,SP500,oil,1,1.0,0.0,125,0.0,1.0,124,False,False,
2022-01-20,SP500,oil,7,1.0,0.0,125,0.0,1.0,118,False,False,
2022-01-20,SP500,oil,14,1.0,0.0,125,0.0,1.0,111,False,False,
2022-01-20,SP500,oil,30,1.0,0.0,125,0.0,1.0,95,False,False,
2022-01-20,SP500,oil,60,1.0,0.0,125,0.0,1.0,65,False,False,
2022-01-20,SP500,rate,1,1.0,0.0,125,0.0,1.0,124,False,False,
2022-01-20,SP500,rate,7,1.0,0.0,125,0.0,1.0,118,False,False,
2022-01-20,SP500,rate,14,1.0,0.0,125,0.0,1.0,111,False,False,
2022-01-20,SP500,rate,30,1.0,0.0,125,0.0,1.0,95,False,False,
2022-01-20,SP500,rate,60,1.0,0.0,125,0.0,1.0,65,False,False,
2022-01-20,SP500,ruble,1,1.0,0.0,125,0.0,1.0,124,False,False,
2022-01-20,SP500,ruble,7,1.0,0.0,125,0.0,1.0,118,False,False,
2022-01-20,SP500,ruble,14,1.0,0.0,125,0.0,1.0,111,False,False,
2022-01-20,SP500,ruble,30,1.0,0.0,125,0.0,1.0,95,False,False,
2022-01-20,SP500,ruble,60,1.0,0.0,125,0.0,1.0,65,False,False,
2022-01-20,SP500,sanctions,1,1.0,0.0,125,0.0,1.0,124,False,False,
2022-01-20,SP500,sanctions,7,1.0,0.0,125,0.0,1.0,118,False,False,
2022-01-20,SP500,sanctions,14,1.0,0.0,125,0.0,1.0,111,False,False,
2022-01-20,SP500,sanctions,30,1.0,0.0,125,0.0,1.0,95,False,False,
2022-01-20,SP500,sanctions,60,1.0,0.0,125,0.0,1.0,65,False,False,
2022-01-20,SP500,inflation,1,1.0,0.0,125,0.0,1.0,124,False,False,
2022-01-20,SP500,inflation,7,1.0,0.0,125,0.0,1.0,118,False,False,
2022-01-20,SP500,inflation,14,1.0,0.0,125,0.0,1.0,111,False,False,
2022-01-20,SP500,inflation,30,1.0,0.0,125,0.0,1.0,95,False,False,
2022-01-20,SP500,inflation,60,1.0,0.0,125,0.0,1.0,65,False,False,
2022-01-20,SP500,banking,1,1.0,0.0,125,0.0,1.0,124,False,False,
2022-01-20,SP500,banking,7,1.0,0.0,125,0.0,1.0,118,False,False,
2022-01-20,SP500,banking,14,1.0,0.0,125,0.0,1.0,111,False,False,
2022-01-20,SP500,banking,30,1.0,0.0,125,0.0,1.0,95,False,False,
2022-01-20,SP500,banking,60,1.0,0.0,125,0.0,1.0,65,False,False,
2022-01-20,SP500,gold,1,1.0,0.0,125,0.0,1.0,124,False,False,
2022-01-20,SP500,gold,7,1.0,0.0,125,0.0,1.0,118,False,False,
2022-01-20,SP500,gold,14,1.0,0.0,125,0.0,1.0,111,False,False,
2022-01-20,SP500,gold,30,1.0,0.0,125,0.0,1.0,95,False,False,
2022-01-20,SP500,gold,60,1.0,0.0,125,0.0,1.0,65,False,False,
2022-01-20,MSCI_WORLD,oil,1,1.0,0.0,125,0.0,1.0,124,False,False,
2022-01-20,MSCI_WORLD,oil,7,1.0,0.0,125,0.0,1.0,118,False,False,
2022-01-20,MSCI_WORLD,oil,14,1.0,0.0,125,0.0,1.0,111,False,False,
2022-01-20,MSCI_WORLD,oil,30,1.0,0.0,125,0.0,1.0,95,False,False,
2022-01-20,MSCI_WORLD,oil,60,1.0,0.0,125,0.0,1.0,65,False,False,
2022-01-20,MSCI_WORLD,rate,1,1.0,0.0,125,0.0,1.0,124,False,False,
2022-01-20,MSCI_WORLD,rate,7,1.0,0.0,125,0.0,1.0,118,False,False,
2022-01-20,MSCI_WORLD,rate,14,1.0,0.0,125,0.0,1.0,111,False,False,
2022-01-20,MSCI_WORLD,rate,30,1.0,0.0,125,0.0,1.0,95,False,False,
2022-01-20,MSCI_WORLD,rate,60,1.0,0.0,125,0.0,1.0,65,False,False,
2022-01-20,MSCI_WORLD,ruble,1,1.0,0.0,125,0.0,1.0,124,False,False,
2022-01-20,MSCI_WORLD,ruble,7,1.0,0.0,125,0.0,1.0,118,False,False,
2022-01-20,MSCI_WORLD,ruble,14,1.0,0.0,125,0.0,1.0,111,False,False,
2022-01-20,MSCI_WORLD,ruble,30,1.0,0.0,125,0.0,1.0,95,False,False,
2022-01-20,MSCI_WORLD,ruble,60,1.0,0.0,125,0.0,1.0,65,False,False,
2022-01-20,MSCI_WORLD,sanctions,1,1.0,0.0,125,0.0,1.0,124,False,False,
2022-01-20,MSCI_WORLD,sanctions,7,1.0,0.0,125,0.0,1.0,118,False,False,
2022-01-20,MSCI_WORLD,sanctions,14,1.0,0.0,125,0.0,1.0,111,False,False,
2022-01-20,MSCI_WORLD,sanctions,30,1.0,0.0,125,0.0,1.0,95,False,False,
2022-01-20,MSCI_WORLD,sanctions,60,1.0,0.0,125,0.0,1.0,65,False,False,
2022-01-20,MSCI_WORLD,inflation,1,1.0,0.0,125,0.0,1.0,124,False,False,
2022-01-20,MSCI_WORLD,inflation,7,1.0,0.0,125,0.0,1.0,118,False,False,
2022-01-20,MSCI_WORLD,inflation,14,1.0,0.0,125,0.0,1.0,111,False,False,
2022-01-20,MSCI_WORLD,inflation,30,1.0,0.0,125,0.0,1.0,95,False,False,
2022-01-20,MSCI_WORLD,inflation,60,1.0,0.0,125,0.0,1.0,65,False,False,
2022-01-20,MSCI_WORLD,banking,1,1.0,0.0,125,0.0,1.0,124,False,False,
2022-01-20,MSCI_WORLD,banking,7,1.0,0.0,125,0.0,1.0,118,False,False,
2022-01-20,MSCI_WORLD,banking,14,1.0,0.0,125,0.0,1.0,111,False,False,
2022-01-20,MSCI_WORLD,banking,30,1.0,0.0,125,0.0,1.0,95,False,False,
2022-01-20,MSCI_WORLD,banking,60,1.0,0.0,125,0.0,1.0,65,False,False,
2022-01-20,MSCI_WORLD,gold,1,1.0,0.0,125,0.0,1.0,124,False,False,
2022-01-20,MSCI_WORLD,gold,7,1.0,0.0,125,0.0,1.0,118,False,False,
2022-01-20,MSCI_WORLD,gold,14,1.0,0.0,125,0.0,1.0,111,False,False,
2022-01-20,MSCI_WORLD,gold,30,1.0,0.0,125,0.0,1.0,95,False,False,
2022-01-20,MSCI_WORLD,gold,60,1.0,0.0,125,0.0,1.0,65,False,False,
2022-01-20,DXY,oil,1,1.0,0.0,125,0.0,1.0,124,False,False,
2022-01-20,DXY,oil,7,1.0,0.0,125,0.0,1.0,118,False,False,
2022-01-20,DXY,oil,14,1.0,0.0,125,0.0,1.0,111,False,False,
2022-01-20,DXY,oil,30,1.0,0.0,125,0.0,1.0,95,False,False,
2022-01-20,DXY,oil,60,1.0,0.0,125,0.0,1.0,65,False,False,
2022-01-20,DXY,rate,1,1.0,0.0,125,0.0,1.0,124,False,False,
2022-01-20,DXY,rate,7,1.0,0.0,125,0.0,1.0,118,False,False,
2022-01-20,DXY,rate,14,1.0,0.0,125,0.0,1.0,111,False,False,
2022-01-20,DXY,rate,30,1.0,0.0,125,0.0,1.0,95,False,False,
2022-01-20,DXY,rate,60,1.0,0.0,125,0.0,1.0,65,False,False,
2022-01-20,DXY,ruble,1,1.0,0.0,125,0.0,1.0,124,False,False,
2022-01-20,DXY,ruble,7,1.0,0.0,125,0.0,1.0,118,False,False,
2022-01-20,DXY,ruble,14,1.0,0.0,125,0.0,1.0,111,False,False,
2022-01-20,DXY,ruble,30,1.0,0.0,125,0.0,1.0,95,False,False,
2022-01-20,DXY,ruble,60,1.0,0.0,125,0.0,1.0,65,False,False,
2022-01-20,DXY,sanctions,1,1.0,0.0,125,0.0,1.0,124,False,False,
2022-01-20,DXY,sanctions,7,1.0,0.0,125,0.0,1.0,118,False,False,
2022-01-20,DXY,sanctions,14,1.0,0.0,125,0.0,1.0,111,False,False,
2022-01-20,DXY,sanctions,30,1.0,0.0,125,0.0,1.0,95,False,False,
2022-01-20,DXY,sanctions,60,1.0,0.0,125,0.0,1.0,65,False,False,
2022-01-20,DXY,inflation,1,1.0,0.0,125,0.0,1.0,124,False,False,
2022-01-20,DXY,inflation,7,1.0,0.0,125,0.0,1.0,118,False,False,
2022-01-20,DXY,inflation,14,1.0,0.0,125,0.0,1.0,111,False,False,
2022-01-20,DXY,inflation,30,1.0,0.0,125,0.0,1.0,95,False,False,
2022-01-20,DXY,inflation,60,1.0,0.0,125,0.0,1.0,65,False,False,
2022-01-20,DXY,banking,1,1.0,0.0,125,0.0,1.0,124,False,False,
2022-01-20,DXY,banking,7,1.0,0.0,125,0.0,1.0,118,False,False,
2022-01-20,DXY,banking,14,1.0,0.0,125,0.0,1.0,111,False,False,
2022-01-20,DXY,banking,30,1.0,0.0,125,0.0,1.0,95,False,False,
2022-01-20,DXY,banking,60,1.0,0.0,125,0.0,1.0,65,False,False,
2022-01-20,DXY,gold,1,1.0,0.0,125,0.0,1.0,124,False,False,
2022-01-20,DXY,gold,7,1.0,0.0,125,0.0,1.0,118,False,False,
2022-01-20,DXY,gold,14,1.0,0.0,125,0.0,1.0,111,False,False,
2022-01-20,DXY,gold,30,1.0,0.0,125,0.0,1.0,95,False,False,
2022-01-20,DXY,gold,60,1.0,0.0,125,0.0,1.0,65,False,False,
2022-01-20,MSCI_INDIA,oil,1,1.0,0.0,125,0.0,1.0,124,False,False,
2022-01-20,MSCI_INDIA,oil,7,1.0,0.0,125,0.0,1.0,118,False,False,
2022-01-20,MSCI_INDIA,oil,14,1.0,0.0,125,0.0,1.0,111,False,False,
2022-01-20,MSCI_INDIA,oil,30,1.0,0.0,125,0.0,1.0,95,False,False,
2022-01-20,MSCI_INDIA,oil,60,1.0,0.0,125,0.0,1.0,65,False,False,
2022-01-20,MSCI_INDIA,rate,1,1.0,0.0,125,0.0,1.0,124,False,False,
2022-01-20,MSCI_INDIA,rate,7,1.0,0.0,125,0.0,1.0,118,False,False,
2022-01-20,MSCI_INDIA,rate,14,1.0,0.0,125,0.0,1.0,111,False,False,
2022-01-20,MSCI_INDIA,rate,30,1.0,0.0,125,0.0,1.0,95,False,False,
2022-01-20,MSCI_INDIA,rate,60,1.0,0.0,125,0.0,1.0,65,False,False,
2022-01-20,MSCI_INDIA,ruble,1,1.0,0.0,125,0.0,1.0,124,False,False,
2022-01-20,MSCI_INDIA,ruble,7,1.0,0.0,125,0.0,1.0,118,False,False,
2022-01-20,MSCI_INDIA,ruble,14,1.0,0.0,125,0.0,1.0,111,False,False,
2022-01-20,MSCI_INDIA,ruble,30,1.0,0.0,125,0.0,1.0,95,False,False,
2022-01-20,MSCI_INDIA,ruble,60,1.0,0.0,125,0.0,1.0,65,False,False,
2022-01-20,MSCI_INDIA,sanctions,1,1.0,0.0,125,0.0,1.0,124,False,False,
2022-01-20,MSCI_INDIA,sanctions,7,1.0,0.0,125,0.0,1.0,118,False,False,
2022-01-20,MSCI_INDIA,sanctions,14,1.0,0.0,125,0.0,1.0,111,False,False,
2022-01-20,MSCI_INDIA,sanctions,30,1.0,0.0,125,0.0,1.0,95,False,False,
2022-01-20,MSCI_INDIA,sanctions,60,1.0,0.0,125,0.0,1.0,65,False,False,
2022-01-20,MSCI_INDIA,inflation,1,1.0,0.0,125,0.0,1.0,124,False,False,
2022-01-20,MSCI_INDIA,inflation,7,1.0,0.0,125,0.0,1.0,118,False,False,
2022-01-20,MSCI_INDIA,inflation,14,1.0,0.0,125,0.0,1.0,111,False,False,
2022-01-20,MSCI_INDIA,inflation,30,1.0,0.0,125,0.0,1.0,95,False,False,
2022-01-20,MSCI_INDIA,inflation,60,1.0,0.0,125,0.0,1.0,65,False,False,
2022-01-20,MSCI_INDIA,banking,1,1.0,0.0,125,0.0,1.0,124,False,False,
2022-01-20,MSCI_INDIA,banking,7,1.0,0.0,125,0.0,1.0,118,False,False,
2022-01-20,MSCI_INDIA,banking,14,1.0,0.0,125,0.0,1.0,111,False,False,
2022-01-20,MSCI_INDIA,banking,30,1.0,0.0,125,0.0,1.0,95,False,False,
2022-01-20,MSCI_INDIA,banking,60,1.0,0.0,125,0.0,1.0,65,False,False,
2022-01-20,MSCI_INDIA,gold,1,1.0,0.0,125,0.0,1.0,124,False,False,
2022-01-20,MSCI_INDIA,gold,7,1.0,0.0,125,0.0,1.0,118,False,False,
2022-01-20,MSCI_INDIA,gold,14,1.0,0.0,125,0.0,1.0,111,False,False,
2022-01-20,MSCI_INDIA,gold,30,1.0,0.0,125,0.0,1.0,95,False,False,
2022-01-20,MSCI_INDIA,gold,60,1.0,0.0,125,0.0,1.0,65,False,False,
2022-01-23,USD_RUB,oil,1,1.0,0.0,125,0.0,1.0,124,False,False,
2022-01-23,USD_RUB,oil,7,1.0,0.0,125,0.0,1.0,118,False,False,
2022-01-23,USD_RUB,oil,14,1.0,0.0,125,0.0,1.0,111,False,False,
2022-01-23,USD_RUB,oil,30,1.0,0.0,125,0.0,1.0,95,False,False,
2022-01-23,USD_RUB,oil,60,1.0,0.0,125,0.0,1.0,65,False,False,
2022-01-23,USD_RUB,rate,1,1.0,0.0,125,0.0,1.0,124,False,False,
2022-01-23,USD_RUB,rate,7,1.0,0.0,125,0.0,1.0,118,False,False,
2022-01-23,USD_RUB,rate,14,1.0,0.0,125,0.0,1.0,111,False,False,
2022-01-23,USD_RUB,rate,30,1.0,0.0,125,0.0,1.0,95,False,False,
2022-01-23,USD_RUB,rate,60,1.0,0.0,125,0.0,1.0,65,False,False,
2022-01-23,USD_RUB,ruble,1,1.0,0.0,125,0.0,1.0,124,False,False,
2022-01-23,USD_RUB,ruble,7,1.0,0.0,125,0.0,1.0,118,False,False,
2022-01-23,USD_RUB,ruble,14,1.0,0.0,125,0.0,1.0,111,False,False,
2022-01-23,USD_RUB,ruble,30,1.0,0.0,125,0.0,1.0,95,False,False,
2022-01-23,USD_RUB,ruble,60,1.0,0.0,125,0.0,1.0,65,False,False,
2022-01-23,USD_RUB,sanctions,1,1.0,0.0,125,0.0,1.0,124,False,False,
2022-01-23,USD_RUB,sanctions,7,1.0,0.0,125,0.0,1.0,118,False,False,
2022-01-23,USD_RUB,sanctions,14,1.0,0.0,125,0.0,1.0,111,False,False,
2022-01-23,USD_RUB,sanctions,30,1.0,0.0,125,0.0,1.0,95,False,False,
2022-01-23,USD_RUB,sanctions,60,1.0,0.0,125,0.0,1.0,65,False,False,
2022-01-23,USD_RUB,inflation,1,1.0,0.0,125,0.0,1.0,124,False,False,
2022-01-23,USD_RUB,inflation,7,1.0,0.0,125,0.0,1.0,118,False,False,
2022-01-23,USD_RUB,inflation,14,1.0,0.0,125,0.0,1.0,111,False,False,
2022-01-23,USD_RUB,inflation,30,1.0,0.0,125,0.0,1.0,95,False,False,
2022-01-23,USD_RUB,inflation,60,1.0,0.0,125,0.0,1.0,65,False,False,
2022-01-23,USD_RUB,banking,1,1.0,0.0,125,0.0,1.0,124,False,False,
2022-01-23,USD_RUB,banking,7,1.0,0.0,125,0.0,1.0,118,False,False,
2022-01-23,USD_RUB,banking,14,1.0,0.0,125,0.0,1.0,111,False,False,
2022-01-23,USD_RUB,banking,30,1.0,0.0,125,0.0,1.0,95,False,False,
2022-01-23,USD_RUB,banking,60,1.0,0.0,125,0.0,1.0,65,False,False,
2022-01-23,USD_RUB,gold,1,1.0,0.0,125,0.0,1.0,124,False,False,
2022-01-23,USD_RUB,gold,7,1.0,0.0,125,0.0,1.0,118,False,False,
2022-01-23,USD_RUB,gold,14,1.0,0.0,125,0.0,1.0,111,False,False,
2022-01-23,USD_RUB,gold,30,1.0,0.0,125,0.0,1.0,95,False,False,
2022-01-23,USD_RUB,gold,60,1.0,0.0,125,0.0,1.0,65,False,False,
2022-01-23,EUR_RUB,oil,1,1.0,0.0,125,0.0,1.0,124,False,False,
2022-01-23,EUR_RUB,oil,7,1.0,0.0,125,0.0,1.0,118,False,False,
2022-01-23,EUR_RUB,oil,14,1.0,0.0,125,0.0,1.0,111,False,False,
2022-01-23,EUR_RUB,oil,30,1.0,0.0,125,0.0,1.0,95,False,False,
2022-01-23,EUR_RUB,oil,60,1.0,0.0,125,0.0,1.0,65,False,False,
2022-01-23,EUR_RUB,rate,1,1.0,0.0,125,0.0,1.0,124,False,False,
2022-01-23,EUR_RUB,rate,7,1.0,0.0,125,0.0,1.0,118,False,False,
2022-01-23,EUR_RUB,rate,14,1.0,0.0,125,0.0,1.0,111,False,False,
2022-01-23,EUR_RUB,rate,30,1.0,0.0,125,0.0,1.0,95,False,False,
2022-01-23,EUR_RUB,rate,60,1.0,0.0,125,0.0,1.0,65,False,False,
2022-01-23,EUR_RUB,ruble,1,1.0,0.0,125,0.0,1.0,124,False,False,
2022-01-23,EUR_RUB,ruble,7,1.0,0.0,125,0.0,1.0,118,False,False,
2022-01-23,EUR_RUB,ruble,14,1.0,0.0,125,0.0,1.0,111,False,False,
2022-01-23,EUR_RUB,ruble,30,1.0,0.0,125,0.0,1.0,95,False,False,
2022-01-23,EUR_RUB,ruble,60,1.0,0.0,125,0.0,1.0,65,False,False,
2022-01-23,EUR_RUB,sanctions,1,1.0,0.0,125,0.0,1.0,124,False,False,
2022-01-23,EUR_RUB,sanctions,7,1.0,0.0,125,0.0,1.0,118,False,False,
2022-01-23,EUR_RUB,sanctions,14,1.0,0.0,125,0.0,1.0,111,False,False,
2022-01-23,EUR_RUB,sanctions,30,1.0,0.0,125,0.0,1.0,95,False,False,
2022-01-23,EUR_RUB,sanctions,60,1.0,0.0,125,0.0,1.0,65,False,False,
2022-01-23,EUR_RUB,inflation,1,1.0,0.0,125,0.0,1.0,124,False,False,
2022-01-23,EUR_RUB,inflation,7,1.0,0.0,125,0.0,1.0,118,False,False,
2022-01-23,EUR_RUB,inflation,14,1.0,0.0,125,0.0,1.0,111,False,False,
2022-01-23,EUR_RUB,inflation,30,1.0,0.0,125,0.0,1.0,95,False,False,
2022-01-23,EUR_RUB,inflation,60,1.0,0.0,125,0.0,1.0,65,False,False,
2022-01-23,EUR_RUB,banking,1,1.0,0.0,125,0.0,1.0,124,False,False,
2022-01-23,EUR_RUB,banking,7,1.0,0.0,125,0.0,1.0,118,False,False,
2022-01-23,EUR_RUB,banking,14,1.0,0.0,125,0.0,1.0,111,False,False,
2022-01-23,EUR_RUB,banking,30,1.0,0.0,125,0.0,1.0,95,False,False,
2022-01-23,EUR_RUB,banking,60,1.0,0.0,125,0.0,1.0,65,False,False,
2022-01-23,EUR_RUB,gold,1,1.0,0.0,125,0.0,1.0,124,False,False,
2022-01-23,EUR_RUB,gold,7,1.0,0.0,125,0.0,1.0,118,False,False,
2022-01-23,EUR_RUB,gold,14,1.0,0.0,125,0.0,1.0,111,False,False,
2022-01-23,EUR_RUB,gold,30,1.0,0.0,125,0.0,1.0,95,False,False,
2022-01-23,EUR_RUB,gold,60,1.0,0.0,125,0.0,1.0,65,False,False,
2022-01-23,BRENT,oil,1,1.0,0.0,125,0.0,1.0,124,False,False,
2022-01-23,BRENT,oil,7,1.0,0.0,125,0.0,1.0,118,False,False,
2022-01-23,BRENT,oil,14,1.0,0.0,125,0.0,1.0,111,False,False,
2022-01-23,BRENT,oil,30,1.0,0.0,125,0.0,1.0,95,False,False,
2022-01-23,BRENT,oil,60,1.0,0.0,125,0.0,1.0,65,False,False,
2022-01-23,BRENT,rate,1,1.0,0.0,125,0.0,1.0,124,False,False,
2022-01-23,BRENT,rate,7,1.0,0.0,125,0.0,1.0,118,False,False,
2022-01-23,BRENT,rate,14,1.0,0.0,125,0.0,1.0,111,False,False,
2022-01-23,BRENT,rate,30,1.0,0.0,125,0.0,1.0,95,False,False,
2022-01-23,BRENT,rate,60,1.0,0.0,125,0.0,1.0,65,False,False,
2022-01-23,BRENT,ruble,1,1.0,0.0,125,0.0,1.0,124,False,False,
2022-01-23,BRENT,ruble,7,1.0,0.0,125,0.0,1.0,118,False,False,
2022-01-23,BRENT,ruble,14,1.0,0.0,125,0.0,1.0,111,False,False,
2022-01-23,BRENT,ruble,30,1.0,0.0,125,0.0,1.0,95,False,False,
2022-01-23,BRENT,ruble,60,1.0,0.0,125,0.0,1.0,65,False,False,
2022-01-23,BRENT,sanctions,1,1.0,0.0,125,0.0,1.0,124,False,False,
2022-01-23,BRENT,sanctions,7,1.0,0.0,125,0.0,1.0,118,False,False,
2022-01-23,BRENT,sanctions,14,1.0,0.0,125,0.0,1.0,111,False,False,
2022-01-23,BRENT,sanctions,30,1.0,0.0,125,0.0,1.0,95,False,False,
2022-01-23,BRENT,sanctions,60,1.0,0.0,125,0.0,1.0,65,False,False,
2022-01-23,BRENT,inflation,1,1.0,0.0,125,0.0,1.0,124,False,False,
2022-01-23,BRENT,inflation,7,1.0,0.0,125,0.0,1.0,118,False,False,
2022-01-23,BRENT,inflation,14,1.0,0.0,125,0.0,1.0,111,False,False,
2022-01-23,BRENT,inflation,30,1.0,0.0,125,0.0,1.0,95,False,False,
2022-01-23,BRENT,inflation,60,1.0,0.0,125,0.0,1.0,65,False,False,
2022-01-23,BRENT,banking,1,1.0,0.0,125,0.0,1.0,124,False,False,
2022-01-23,BRENT,banking,7,1.0,0.0,125,0.0,1.0,118,False,False,
2022-01-23,BRENT,banking,14,1.0,0.0,125,0.0,1.0,111,False,False,
2022-01-23,BRENT,banking,30,1.0,0.0,125,0.0,1.0,95,False,False,
2022-01-23,BRENT,banking,60,1.0,0.0,125,0.0,1.0,65,False,False,
2022-01-23,BRENT,gold,1,1.0,0.0,125,0.0,1.0,124,False,False,
2022-01-23,BRENT,gold,7,1.0,0.0,125,0.0,1.0,118,False,False,
2022-01-23,BRENT,gold,14,1.0,0.0,125,0.0,1.0,111,False,False,
2022-01-23,BRENT,gold,30,1.0,0.0,125,0.0,1.0,95,False,False,
2022-01-23,BRENT,gold,60,1.0,0.0,125,0.0,1.0,65,False,False,
2022-01-23,SP500,oil,1,1.0,0.0,125,0.0,1.0,124,False,False,
2022-01-23,SP500,oil,7,1.0,0.0,125,0.0,1.0,118,False,False,
2022-01-23,SP500,oil,14,1.0,0.0,125,0.0,1.0,111,False,False,
2022-01-23,SP500,oil,30,1.0,0.0,125,0.0,1.0,95,False,False,
2022-01-23,SP500,oil,60,1.0,0.0,125,0.0,1.0,65,False,False,
2022-01-23,SP500,rate,1,1.0,0.0,125,0.0,1.0,124,False,False,
2022-01-23,SP500,rate,7,1.0,0.0,125,0.0,1.0,118,False,False,
2022-01-23,SP500,rate,14,1.0,0.0,125,0.0,1.0,111,False,False,
2022-01-23,SP500,rate,30,1.0,0.0,125,0.0,1.0,95,False,False,
2022-01-23,SP500,rate,60,1.0,0.0,125,0.0,1.0,65,False,False,
2022-01-23,SP500,ruble,1,1.0,0.0,125,0.0,1.0,124,False,False,
2022-01-23,SP500,ruble,7,1.0,0.0,125,0.0,1.0,118,False,False,
2022-01-23,SP500,ruble,14,1.0,0.0,125,0.0,1.0,111,False,False,
2022-01-23,SP500,ruble,30,1.0,0.0,125,0.0,1.0,95,False,False,
2022-01-23,SP500,ruble,60,1.0,0.0,125,0.0,1.0,65,False,False,
2022-01-23,SP500,sanctions,1,1.0,0.0,125,0.0,1.0,124,False,False,
2022-01-23,SP500,sanctions,7,1.0,0.0,125,0.0,1.0,118,False,False,
2022-01-23,SP500,sanctions,14,1.0,0.0,125,0.0,1.0,111,False,False,
2022-01-23,SP500,sanctions,30,1.0,0.0,125,0.0,1.0,95,False,False,
2022-01-23,SP500,sanctions,60,1.0,0.0,125,0.0,1.0,65,False,False,
2022-01-23,SP500,inflation,1,1.0,0.0,125,0.0,1.0,124,False,False,
2022-01-23,SP500,inflation,7,1.0,0.0,125,0.0,1.0,118,False,False,
2022-01-23,SP500,inflation,14,1.0,0.0,125,0.0,1.0,111,False,False,
2022-01-23,SP500,inflation,30,1.0,0.0,125,0.0,1.0,95,False,False,
2022-01-23,SP500,inflation,60,1.0,0.0,125,0.0,1.0,65,False,False,
2022-01-23,SP500,banking,1,1.0,0.0,125,0.0,1.0,124,False,False,
2022-01-23,SP500,banking,7,1.0,0.0,125,0.0,1.0,118,False,False,
2022-01-23,SP500,banking,14,1.0,0.0,125,0.0,1.0,111,False,False,
2022-01-23,SP500,banking,30,1.0,0.0,125,0.0,1.0,95,False,False,
2022-01-23,SP500,banking,60,1.0,0.0,125,0.0,1.0,65,False,False,
2022-01-23,SP500,gold,1,1.0,0.0,125,0.0,1.0,124,False,False,
2022-01-23,SP500,gold,7,1.0,0.0,125,0.0,1.0,118,False,False,
2022-01-23,SP500,gold,14,1.0,0.0,125,0.0,1.0,111,False,False,
2022-01-23,SP500,gold,30,1.0,0.0,125,0.0,1.0,95,False,False,
2022-01-23,SP500,gold,60,1.0,0.0,125,0.0,1.0,65,False,False,
2022-01-23,MSCI_WORLD,oil,1,1.0,0.0,125,0.0,1.0,124,False,False,
2022-01-23,MSCI_WORLD,oil,7,1.0,0.0,125,0.0,1.0,118,False,False,
2022-01-23,MSCI_WORLD,oil,14,1.0,0.0,125,0.0,1.0,111,False,False,
2022-01-23,MSCI_WORLD,oil,30,1.0,0.0,125,0.0,1.0,95,False,False,
2022-01-23,MSCI_WORLD,oil,60,1.0,0.0,125,0.0,1.0,65,False,False,
2022-01-23,MSCI_WORLD,rate,1,1.0,0.0,125,0.0,1.0,124,False,False,
2022-01-23,MSCI_WORLD,rate,7,1.0,0.0,125,0.0,1.0,118,False,False,
2022-01-23,MSCI_WORLD,rate,14,1.0,0.0,125,0.0,1.0,111,False,False,
2022-01-23,MSCI_WORLD,rate,30,1.0,0.0,125,0.0,1.0,95,False,False,
2022-01-23,MSCI_WORLD,rate,60,1.0,0.0,125,0.0,1.0,65,False,False,
2022-01-23,MSCI_WORLD,ruble,1,1.0,0.0,125,0.0,1.0,124,False,False,
2022-01-23,MSCI_WORLD,ruble,7,1.0,0.0,125,0.0,1.0,118,False,False,
2022-01-23,MSCI_WORLD,ruble,14,1.0,0.0,125,0.0,1.0,111,False,False,
2022-01-23,MSCI_WORLD,ruble,30,1.0,0.0,125,0.0,1.0,95,False,False,
2022-01-23,MSCI_WORLD,ruble,60,1.0,0.0,125,0.0,1.0,65,False,False,
2022-01-23,MSCI_WORLD,sanctions,1,1.0,0.0,125,0.0,1.0,124,False,False,
2022-01-23,MSCI_WORLD,sanctions,7,1.0,0.0,125,0.0,1.0,118,False,False,
2022-01-23,MSCI_WORLD,sanctions,14,1.0,0.0,125,0.0,1.0,111,False,False,
2022-01-23,MSCI_WORLD,sanctions,30,1.0,0.0,125,0.0,1.0,95,False,False,
2022-01-23,MSCI_WORLD,sanctions,60,1.0,0.0,125,0.0,1.0,65,False,False,
2022-01-23,MSCI_WORLD,inflation,1,1.0,0.0,125,0.0,1.0,124,False,False,
2022-01-23,MSCI_WORLD,inflation,7,1.0,0.0,125,0.0,1.0,118,False,False,
2022-01-23,MSCI_WORLD,inflation,14,1.0,0.0,125,0.0,1.0,111,False,False,
2022-01-23,MSCI_WORLD,inflation,30,1.0,0.0,125,0.0,1.0,95,False,False,
2022-01-23,MSCI_WORLD,inflation,60,1.0,0.0,125,0.0,1.0,65,False,False,
2022-01-23,MSCI_WORLD,banking,1,1.0,0.0,125,0.0,1.0,124,False,False,
2022-01-23,MSCI_WORLD,banking,7,1.0,0.0,125,0.0,1.0,118,False,False,
2022-01-23,MSCI_WORLD,banking,14,1.0,0.0,125,0.0,1.0,111,False,False,
2022-01-23,MSCI_WORLD,banking,30,1.0,0.0,125,0.0,1.0,95,False,False,
2022-01-23,MSCI_WORLD,banking,60,1.0,0.0,125,0.0,1.0,65,False,False,
2022-01-23,MSCI_WORLD,gold,1,1.0,0.0,125,0.0,1.0,124,False,False,
2022-01-23,MSCI_WORLD,gold,7,1.0,0.0,125,0.0,1.0,118,False,False,
2022-01-23,MSCI_WORLD,gold,14,1.0,0.0,125,0.0,1.0,111,False,False,
2022-01-23,MSCI_WORLD,gold,30,1.0,0.0,125,0.0,1.0,95,False,False,
2022-01-23,MSCI_WORLD,gold,60,1.0,0.0,125,0.0,1.0,65,False,False,
2022-01-23,DXY,oil,1,1.0,0.0,125,0.0,1.0,124,False,False,
2022-01-23,DXY,oil,7,1.0,0.0,125,0.0,1.0,118,False,False,
2022-01-23,DXY,oil,14,1.0,0.0,125,0.0,1.0,111,False,False,
2022-01-23,DXY,oil,30,1.0,0.0,125,0.0,1.0,95,False,False,
2022-01-23,DXY,oil,60,1.0,0.0,125,0.0,1.0,65,False,False,
2022-01-23,DXY,rate,1,1.0,0.0,125,0.0,1.0,124,False,False,
2022-01-23,DXY,rate,7,1.0,0.0,125,0.0,1.0,118,False,False,
2022-01-23,DXY,rate,14,1.0,0.0,125,0.0,1.0,111,False,False,
2022-01-23,DXY,rate,30,1.0,0.0,125,0.0,1.0,95,False,False,
2022-01-23,DXY,rate,60,1.0,0.0,125,0.0,1.0,65,False,False,
2022-01-23,DXY,ruble,1,1.0,0.0,125,0.0,1.0,124,False,False,
2022-01-23,DXY,ruble,7,1.0,0.0,125,0.0,1.0,118,False,False,
2022-01-23,DXY,ruble,14,1.0,0.0,125,0.0,1.0,111,False,False,
2022-01-23,DXY,ruble,30,1.0,0.0,125,0.0,1.0,95,False,False,
2022-01-23,DXY,ruble,60,1.0,0.0,125,0.0,1.0,65,False,False,
2022-01-23,DXY,sanctions,1,1.0,0.0,125,0.0,1.0,124,False,False,
2022-01-23,DXY,sanctions,7,1.0,0.0,125,0.0,1.0,118,False,False,
2022-01-23,DXY,sanctions,14,1.0,0.0,125,0.0,1.0,111,False,False,
2022-01-23,DXY,sanctions,30,1.0,0.0,125,0.0,1.0,95,False,False,
2022-01-23,DXY,sanctions,60,1.0,0.0,125,0.0,1.0,65,False,False,
2022-01-23,DXY,inflation,1,1.0,0.0,125,0.0,1.0,124,False,False,
2022-01-23,DXY,inflation,7,1.0,0.0,125,0.0,1.0,118,False,False,
2022-01-23,DXY,inflation,14,1.0,0.0,125,0.0,1.0,111,False,False,
2022-01-23,DXY,inflation,30,1.0,0.0,125,0.0,1.0,95,False,False,
2022-01-23,DXY,inflation,60,1.0,0.0,125,0.0,1.0,65,False,False,
2022-01-23,DXY,banking,1,1.0,0.0,125,0.0,1.0,124,False,False,
2022-01-23,DXY,banking,7,1.0,0.0,125,0.0,1.0,118,False,False,
2022-01-23,DXY,banking,14,1.0,0.0,125,0.0,1.0,111,False,False,
2022-01-23,DXY,banking,30,1.0,0.0,125,0.0,1.0,95,False,False,
2022-01-23,DXY,banking,60,1.0,0.0,125,0.0,1.0,65,False,False,
2022-01-23,DXY,gold,1,1.0,0.0,125,0.0,1.0,124,False,False,
2022-01-23,DXY,gold,7,1.0,0.0,125,0.0,1.0,118,False,False,
2022-01-23,DXY,gold,14,1.0,0.0,125,0.0,1.0,111,False,False,
2022-01-23,DXY,gold,30,1.0,0.0,125,0.0,1.0,95,False,False,
2022-01-23,DXY,gold,60,1.0,0.0,125,0.0,1.0,65,False,False,
2022-01-23,MSCI_INDIA,oil,1,1.0,0.0,125,0.0,1.0,124,False,False,
2022-01-23,MSCI_INDIA,oil,7,1.0,0.0,125,0.0,1.0,118,False,False,
2022-01-23,MSCI_INDIA,oil,14,1.0,0.0,125,0.0,1.0,111,False,False,
2022-01-23,MSCI_INDIA,oil,30,1.0,0.0,125,0.0,1.0,95,False,False,
2022-01-23,MSCI_INDIA,oil,60,1.0,0.0,125,0.0,1.0,65,False,False,
2022-01-23,MSCI_INDIA,rate,1,1.0,0.0,125,0.0,1.0,124,False,False,
2022-01-23,MSCI_INDIA,rate,7,1.0,0.0,125,0.0,1.0,118,False,False,
2022-01-23,MSCI_INDIA,rate,14,1.0,0.0,125,0.0,1.0,111,False,False,
2022-01-23,MSCI_INDIA,rate,30,1.0,0.0,125,0.0,1.0,95,False,False,
2022-01-23,MSCI_INDIA,rate,60,1.0,0.0,125,0.0,1.0,65,False,False,
2022-01-23,MSCI_INDIA,ruble,1,1.0,0.0,125,0.0,1.0,124,False,False,
2022-01-23,MSCI_INDIA,ruble,7,1.0,0.0,125,0.0,1.0,118,False,False,
2022-01-23,MSCI_INDIA,ruble,14,1.0,0.0,125,0.0,1.0,111,False,False,
2022-01-23,MSCI_INDIA,ruble,30,1.0,0.0,125,0.0,1.0,95,False,False,
2022-01-23,MSCI_INDIA,ruble,60,1.0,0.0,125,0.0,1.0,65,False,False,
2022-01-23,MSCI_INDIA,sanctions,1,1.0,0.0,125,0.0,1.0,124,False,False,
2022-01-23,MSCI_INDIA,sanctions,7,1.0,0.0,125,0.0,1.0,118,False,False,
2022-01-23,MSCI_INDIA,sanctions,14,1.0,0.0,125,0.0,1.0,111,False,False,
2022-01-23,MSCI_INDIA,sanctions,30,1.0,0.0,125,0.0,1.0,95,False,False,
2022-01-23,MSCI_INDIA,sanctions,60,1.0,0.0,125,0.0,1.0,65,False,False,
2022-01-23,MSCI_INDIA,inflation,1,1.0,0.0,125,0.0,1.0,124,False,False,
2022-01-23,MSCI_INDIA,inflation,7,1.0,0.0,125,0.0,1.0,118,False,False,
2022-01-23,MSCI_INDIA,inflation,14,1.0,0.0,125,0.0,1.0,111,False,False,
2022-01-23,MSCI_INDIA,inflation,30,1.0,0.0,125,0.0,1.0,95,False,False,
2022-01-23,MSCI_INDIA,inflation,60,1.0,0.0,125,0.0,1.0,65,False,False,
2022-01-23,MSCI_INDIA,banking,1,1.0,0.0,125,0.0,1.0,124,False,False,
2022-01-23,MSCI_INDIA,banking,7,1.0,0.0,125,0.0,1.0,118,False,False,
2022-01-23,MSCI_INDIA,banking,14,1.0,0.0,125,0.0,1.0,111,False,False,
2022-01-23,MSCI_INDIA,banking,30,1.0,0.0,125,0.0,1.0,95,False,False,
2022-01-23,MSCI_INDIA,banking,60,1.0,0.0,125,0.0,1.0,65,False,False,
2022-01-23,MSCI_INDIA,gold,1,1.0,0.0,125,0.0,1.0,124,False,False,
2022-01-23,MSCI_INDIA,gold,7,1.0,0.0,125,0.0,1.0,118,False,False,
2022-01-23,MSCI_INDIA,gold,14,1.0,0.0,125,0.0,1.0,111,False,False,
2022-01-23,MSCI_INDIA,gold,30,1.0,0.0,125,0.0,1.0,95,False,False,
2022-01-23,MSCI_INDIA,gold,60,1.0,0.0,125,0.0,1.0,65,False,False,
2022-01-26,USD_RUB,oil,1,1.0,0.0,125,0.0,1.0,124,False,False,
2022-01-26,USD_RUB,oil,7,1.0,0.0,125,0.0,1.0,118,False,False,
2022-01-26,USD_RUB,oil,14,1.0,0.0,125,0.0,1.0,111,False,False,
2022-01-26,USD_RUB,oil,30,1.0,0.0,125,0.0,1.0,95,False,False,
2022-01-26,USD_RUB,oil,60,1.0,0.0,125,0.0,1.0,65,False,False,
2022-01-26,USD_RUB,rate,1,1.0,0.0,125,0.0,1.0,124,False,False,
2022-01-26,USD_RUB,rate,7,1.0,0.0,125,0.0,1.0,118,False,False,
2022-01-26,USD_RUB,rate,14,1.0,0.0,125,0.0,1.0,111,False,False,
2022-01-26,USD_RUB,rate,30,1.0,0.0,125,0.0,1.0,95,False,False,
2022-01-26,USD_RUB,rate,60,1.0,0.0,125,0.0,1.0,65,False,False,
2022-01-26,USD_RUB,ruble,1,1.0,0.0,125,0.0,1.0,124,False,False,
2022-01-26,USD_RUB,ruble,7,1.0,0.0,125,0.0,1.0,118,False,False,
2022-01-26,USD_RUB,ruble,14,1.0,0.0,125,0.0,1.0,111,False,False,
2022-01-26,USD_RUB,ruble,30,1.0,0.0,125,0.0,1.0,95,False,False,
2022-01-26,USD_RUB,ruble,60,1.0,0.0,125,0.0,1.0,65,False,False,
2022-01-26,USD_RUB,sanctions,1,1.0,0.0,125,0.0,1.0,124,False,False,
2022-01-26,USD_RUB,sanctions,7,1.0,0.0,125,0.0,1.0,118,False,False,
2022-01-26,USD_RUB,sanctions,14,1.0,0.0,125,0.0,1.0,111,False,False,
2022-01-26,USD_RUB,sanctions,30,1.0,0.0,125,0.0,1.0,95,False,False,
2022-01-26,USD_RUB,sanctions,60,1.0,0.0,125,0.0,1.0,65,False,False,
2022-01-26,USD_RUB,inflation,1,1.0,0.0,125,0.0,1.0,124,False,False,
2022-01-26,USD_RUB,inflation,7,1.0,0.0,125,0.0,1.0,118,False,False,
2022-01-26,USD_RUB,inflation,14,1.0,0.0,125,0.0,1.0,111,False,False,
2022-01-26,USD_RUB,inflation,30,1.0,0.0,125,0.0,1.0,95,False,False,
2022-01-26,USD_RUB,inflation,60,1.0,0.0,125,0.0,1.0,65,False,False,
2022-01-26,USD_RUB,banking,1,1.0,0.0,125,0.0,1.0,124,False,False,
2022-01-26,USD_RUB,banking,7,1.0,0.0,125,0.0,1.0,118,False,False,
2022-01-26,USD_RUB,banking,14,1.0,0.0,125,0.0,1.0,111,False,False,
2022-01-26,USD_RUB,banking,30,1.0,0.0,125,0.0,1.0,95,False,False,
2022-01-26,USD_RUB,banking,60,1.0,0.0,125,0.0,1.0,65,False,False,
2022-01-26,USD_RUB,gold,1,1.0,0.0,125,0.0,1.0,124,False,False,
2022-01-26,USD_RUB,gold,7,1.0,0.0,125,0.0,1.0,118,False,False,
2022-01-26,USD_RUB,gold,14,1.0,0.0,125,0.0,1.0,111,False,False,
2022-01-26,USD_RUB,gold,30,1.0,0.0,125,0.0,1.0,95,False,False,
2022-01-26,USD_RUB,gold,60,1.0,0.0,125,0.0,1.0,65,False,False,
2022-01-26,EUR_RUB,oil,1,1.0,0.0,125,0.0,1.0,124,False,False,
2022-01-26,EUR_RUB,oil,7,1.0,0.0,125,0.0,1.0,118,False,False,
2022-01-26,EUR_RUB,oil,14,1.0,0.0,125,0.0,1.0,111,False,False,
2022-01-26,EUR_RUB,oil,30,1.0,0.0,125,0.0,1.0,95,False,False,
2022-01-26,EUR_RUB,oil,60,1.0,0.0,125,0.0,1.0,65,False,False,
2022-01-26,EUR_RUB,rate,1,1.0,0.0,125,0.0,1.0,124,False,False,
2022-01-26,EUR_RUB,rate,7,1.0,0.0,125,0.0,1.0,118,False,False,
2022-01-26,EUR_RUB,rate,14,1.0,0.0,125,0.0,1.0,111,False,False,
2022-01-26,EUR_RUB,rate,30,1.0,0.0,125,0.0,1.0,95,False,False,
2022-01-26,EUR_RUB,rate,60,1.0,0.0,125,0.0,1.0,65,False,False,
2022-01-26,EUR_RUB,ruble,1,1.0,0.0,125,0.0,1.0,124,False,False,
2022-01-26,EUR_RUB,ruble,7,1.0,0.0,125,0.0,1.0,118,False,False,
2022-01-26,EUR_RUB,ruble,14,1.0,0.0,125,0.0,1.0,111,False,False,
2022-01-26,EUR_RUB,ruble,30,1.0,0.0,125,0.0,1.0,95,False,False,
2022-01-26,EUR_RUB,ruble,60,1.0,0.0,125,0.0,1.0,65,False,False,
2022-01-26,EUR_RUB,sanctions,1,1.0,0.0,125,0.0,1.0,124,False,False,
2022-01-26,EUR_RUB,sanctions,7,1.0,0.0,125,0.0,1.0,118,False,False,
2022-01-26,EUR_RUB,sanctions,14,1.0,0.0,125,0.0,1.0,111,False,False,
2022-01-26,EUR_RUB,sanctions,30,1.0,0.0,125,0.0,1.0,95,False,False,
2022-01-26,EUR_RUB,sanctions,60,1.0,0.0,125,0.0,1.0,65,False,False,
2022-01-26,EUR_RUB,inflation,1,1.0,0.0,125,0.0,1.0,124,False,False,
2022-01-26,EUR_RUB,inflation,7,1.0,0.0,125,0.0,1.0,118,False,False,
2022-01-26,EUR_RUB,inflation,14,1.0,0.0,125,0.0,1.0,111,False,False,
2022-01-26,EUR_RUB,inflation,30,1.0,0.0,125,0.0,1.0,95,False,False,
2022-01-26,EUR_RUB,inflation,60,1.0,0.0,125,0.0,1.0,65,False,False,
2022-01-26,EUR_RUB,banking,1,1.0,0.0,125,0.0,1.0,124,False,False,
2022-01-26,EUR_RUB,banking,7,1.0,0.0,125,0.0,1.0,118,False,False,
2022-01-26,EUR_RUB,banking,14,1.0,0.0,125,0.0,1.0,111,False,False,
2022-01-26,EUR_RUB,banking,30,1.0,0.0,125,0.0,1.0,95,False,False,
2022-01-26,EUR_RUB,banking,60,1.0,0.0,125,0.0,1.0,65,False,False,
2022-01-26,EUR_RUB,gold,1,1.0,0.0,125,0.0,1.0,124,False,False,
2022-01-26,EUR_RUB,gold,7,1.0,0.0,125,0.0,1.0,118,False,False,
2022-01-26,EUR_RUB,gold,14,1.0,0.0,125,0.0,1.0,111,False,False,
2022-01-26,EUR_RUB,gold,30,1.0,0.0,125,0.0,1.0,95,False,False,
2022-01-26,EUR_RUB,gold,60,1.0,0.0,125,0.0,1.0,65,False,False,
2022-01-26,BRENT,oil,1,1.0,0.0,125,0.0,1.0,124,False,False,
2022-01-26,BRENT,oil,7,1.0,0.0,125,0.0,1.0,118,False,False,
2022-01-26,BRENT,oil,14,1.0,0.0,125,0.0,1.0,111,False,False,
2022-01-26,BRENT,oil,30,1.0,0.0,125,0.0,1.0,95,False,False,
2022-01-26,BRENT,oil,60,1.0,0.0,125,0.0,1.0,65,False,False,
2022-01-26,BRENT,rate,1,1.0,0.0,125,0.0,1.0,124,False,False,
2022-01-26,BRENT,rate,7,1.0,0.0,125,0.0,1.0,118,False,False,
2022-01-26,BRENT,rate,14,1.0,0.0,125,0.0,1.0,111,False,False,
2022-01-26,BRENT,rate,30,1.0,0.0,125,0.0,1.0,95,False,False,
2022-01-26,BRENT,rate,60,1.0,0.0,125,0.0,1.0,65,False,False,
2022-01-26,BRENT,ruble,1,1.0,0.0,125,0.0,1.0,124,False,False,
2022-01-26,BRENT,ruble,7,1.0,0.0,125,0.0,1.0,118,False,False,
2022-01-26,BRENT,ruble,14,1.0,0.0,125,0.0,1.0,111,False,False,
2022-01-26,BRENT,ruble,30,1.0,0.0,125,0.0,1.0,95,False,False,
2022-01-26,BRENT,ruble,60,1.0,0.0,125,0.0,1.0,65,False,False,
2022-01-26,BRENT,sanctions,1,1.0,0.0,125,0.0,1.0,124,False,False,
2022-01-26,BRENT,sanctions,7,1.0,0.0,125,0.0,1.0,118,False,False,
2022-01-26,BRENT,sanctions,14,1.0,0.0,125,0.0,1.0,111,False,False,
2022-01-26,BRENT,sanctions,30,1.0,0.0,125,0.0,1.0,95,False,False,
2022-01-26,BRENT,sanctions,60,1.0,0.0,125,0.0,1.0,65,False,False,
2022-01-26,BRENT,inflation,1,1.0,0.0,125,0.0,1.0,124,False,False,
2022-01-26,BRENT,inflation,7,1.0,0.0,125,0.0,1.0,118,False,False,
2022-01-26,BRENT,inflation,14,1.0,0.0,125,0.0,1.0,111,False,False,
2022-01-26,BRENT,inflation,30,1.0,0.0,125,0.0,1.0,95,False,False,
2022-01-26,BRENT,inflation,60,1.0,0.0,125,0.0,1.0,65,False,False,
2022-01-26,BRENT,banking,1,1.0,0.0,125,0.0,1.0,124,False,False,
2022-01-26,BRENT,banking,7,1.0,0.0,125,0.0,1.0,118,False,False,
2022-01-26,BRENT,banking,14,1.0,0.0,125,0.0,1.0,111,False,False,
2022-01-26,BRENT,banking,30,1.0,0.0,125,0.0,1.0,95,False,False,
2022-01-26,BRENT,banking,60,1.0,0.0,125,0.0,1.0,65,False,False,
2022-01-26,BRENT,gold,1,1.0,0.0,125,0.0,1.0,124,False,False,
2022-01-26,BRENT,gold,7,1.0,0.0,125,0.0,1.0,118,False,False,
2022-01-26,BRENT,gold,14,1.0,0.0,125,0.0,1.0,111,False,False,
2022-01-26,BRENT,gold,30,1.0,0.0,125,0.0,1.0,95,False,False,
2022-01-26,BRENT,gold,60,1.0,0.0,125,0.0,1.0,65,False,False,
2022-01-26,SP500,oil,1,1.0,0.0,125,0.0,1.0,124,False,False,
2022-01-26,SP500,oil,7,1.0,0.0,125,0.0,1.0,118,False,False,
2022-01-26,SP500,oil,14,1.0,0.0,125,0.0,1.0,111,False,False,
2022-01-26,SP500,oil,30,1.0,0.0,125,0.0,1.0,95,False,False,
2022-01-26,SP500,oil,60,1.0,0.0,125,0.0,1.0,65,False,False,
2022-01-26,SP500,rate,1,1.0,0.0,125,0.0,1.0,124,False,False,
2022-01-26,SP500,rate,7,1.0,0.0,125,0.0,1.0,118,False,False,
2022-01-26,SP500,rate,14,1.0,0.0,125,0.0,1.0,111,False,False,
2022-01-26,SP500,rate,30,1.0,0.0,125,0.0,1.0,95,False,False,
2022-01-26,SP500,rate,60,1.0,0.0,125,0.0,1.0,65,False,False,
2022-01-26,SP500,ruble,1,1.0,0.0,125,0.0,1.0,124,False,False,
2022-01-26,SP500,ruble,7,1.0,0.0,125,0.0,1.0,118,False,False,
2022-01-26,SP500,ruble,14,1.0,0.0,125,0.0,1.0,111,False,False,
2022-01-26,SP500,ruble,30,1.0,0.0,125,0.0,1.0,95,False,False,
2022-01-26,SP500,ruble,60,1.0,0.0,125,0.0,1.0,65,False,False,
2022-01-26,SP500,sanctions,1,1.0,0.0,125,0.0,1.0,124,False,False,
2022-01-26,SP500,sanctions,7,1.0,0.0,125,0.0,1.0,118,False,False,
2022-01-26,SP500,sanctions,14,1.0,0.0,125,0.0,1.0,111,False,False,
2022-01-26,SP500,sanctions,30,1.0,0.0,125,0.0,1.0,95,False,False,
2022-01-26,SP500,sanctions,60,1.0,0.0,125,0.0,1.0,65,False,False,
2022-01-26,SP500,inflation,1,1.0,0.0,125,0.0,1.0,124,False,False,
2022-01-26,SP500,inflation,7,1.0,0.0,125,0.0,1.0,118,False,False,
2022-01-26,SP500,inflation,14,1.0,0.0,125,0.0,1.0,111,False,False,
2022-01-26,SP500,inflation,30,1.0,0.0,125,0.0,1.0,95,False,False,
2022-01-26,SP500,inflation,60,1.0,0.0,125,0.0,1.0,65,False,False,
2022-01-26,SP500,banking,1,1.0,0.0,125,0.0,1.0,124,False,False,
2022-01-26,SP500,banking,7,1.0,0.0,125,0.0,1.0,118,False,False,
2022-01-26,SP500,banking,14,1.0,0.0,125,0.0,1.0,111,False,False,
2022-01-26,SP500,banking,30,1.0,0.0,125,0.0,1.0,95,False,False,
2022-01-26,SP500,banking,60,1.0,0.0,125,0.0,1.0,65,False,False,
2022-01-26,SP500,gold,1,1.0,0.0,125,0.0,1.0,124,False,False,
2022-01-26,SP500,gold,7,1.0,0.0,125,0.0,1.0,118,False,False,
2022-01-26,SP500,gold,14,1.0,0.0,125,0.0,1.0,111,False,False,
2022-01-26,SP500,gold,30,1.0,0.0,125,0.0,1.0,95,False,False,
2022-01-26,SP500,gold,60,1.0,0.0,125,0.0,1.0,65,False,False,
2022-01-26,MSCI_WORLD,oil,1,1.0,0.0,125,0.0,1.0,124,False,False,
2022-01-26,MSCI_WORLD,oil,7,1.0,0.0,125,0.0,1.0,118,False,False,
2022-01-26,MSCI_WORLD,oil,14,1.0,0.0,125,0.0,1.0,111,False,False,
2022-01-26,MSCI_WORLD,oil,30,1.0,0.0,125,0.0,1.0,95,False,False,
2022-01-26,MSCI_WORLD,oil,60,1.0,0.0,125,0.0,1.0,65,False,False,
2022-01-26,MSCI_WORLD,rate,1,1.0,0.0,125,0.0,1.0,124,False,False,
2022-01-26,MSCI_WORLD,rate,7,1.0,0.0,125,0.0,1.0,118,False,False,
2022-01-26,MSCI_WORLD,rate,14,1.0,0.0,125,0.0,1.0,111,False,False,
2022-01-26,MSCI_WORLD,rate,30,1.0,0.0,125,0.0,1.0,95,False,False,
2022-01-26,MSCI_WORLD,rate,60,1.0,0.0,125,0.0,1.0,65,False,False,
2022-01-26,MSCI_WORLD,ruble,1,1.0,0.0,125,0.0,1.0,124,False,False,
2022-01-26,MSCI_WORLD,ruble,7,1.0,0.0,125,0.0,1.0,118,False,False,
2022-01-26,MSCI_WORLD,ruble,14,1.0,0.0,125,0.0,1.0,111,False,False,
2022-01-26,MSCI_WORLD,ruble,30,1.0,0.0,125,0.0,1.0,95,False,False,
2022-01-26,MSCI_WORLD,ruble,60,1.0,0.0,125,0.0,1.0,65,False,False,
2022-01-26,MSCI_WORLD,sanctions,1,1.0,0.0,125,0.0,1.0,124,False,False,
2022-01-26,MSCI_WORLD,sanctions,7,1.0,0.0,125,0.0,1.0,118,False,False,
2022-01-26,MSCI_WORLD,sanctions,14,1.0,0.0,125,0.0,1.0,111,False,False,
2022-01-26,MSCI_WORLD,sanctions,30,1.0,0.0,125,0.0,1.0,95,False,False,
2022-01-26,MSCI_WORLD,sanctions,60,1.0,0.0,125,0.0,1.0,65,False,False,
2022-01-26,MSCI_WORLD,inflation,1,1.0,0.0,125,0.0,1.0,124,False,False,
2022-01-26,MSCI_WORLD,inflation,7,1.0,0.0,125,0.0,1.0,118,False,False,
2022-01-26,MSCI_WORLD,inflation,14,1.0,0.0,125,0.0,1.0,111,False,False,
2022-01-26,MSCI_WORLD,inflation,30,1.0,0.0,125,0.0,1.0,95,False,False,
2022-01-26,MSCI_WORLD,inflation,60,1.0,0.0,125,0.0,1.0,65,False,False,
2022-01-26,MSCI_WORLD,banking,1,1.0,0.0,125,0.0,1.0,124,False,False,
2022-01-26,MSCI_WORLD,banking,7,1.0,0.0,125,0.0,1.0,118,False,False,
2022-01-26,MSCI_WORLD,banking,14,1.0,0.0,125,0.0,1.0,111,False,False,
2022-01-26,MSCI_WORLD,banking,30,1.0,0.0,125,0.0,1.0,95,False,False,
2022-01-26,MSCI_WORLD,banking,60,1.0,0.0,125,0.0,1.0,65,False,False,
2022-01-26,MSCI_WORLD,gold,1,1.0,0.0,125,0.0,1.0,124,False,False,
2022-01-26,MSCI_WORLD,gold,7,1.0,0.0,125,0.0,1.0,118,False,False,
2022-01-26,MSCI_WORLD,gold,14,1.0,0.0,125,0.0,1.0,111,False,False,
2022-01-26,MSCI_WORLD,gold,30,1.0,0.0,125,0.0,1.0,95,False,False,
2022-01-26,MSCI_WORLD,gold,60,1.0,0.0,125,0.0,1.0,65,False,False,
2022-01-26,DXY,oil,1,1.0,0.0,125,0.0,1.0,124,False,False,
2022-01-26,DXY,oil,7,1.0,0.0,125,0.0,1.0,118,False,False,
2022-01-26,DXY,oil,14,1.0,0.0,125,0.0,1.0,111,False,False,
2022-01-26,DXY,oil,30,1.0,0.0,125,0.0,1.0,95,False,False,
2022-01-26,DXY,oil,60,1.0,0.0,125,0.0,1.0,65,False,False,
2022-01-26,DXY,rate,1,1.0,0.0,125,0.0,1.0,124,False,False,
2022-01-26,DXY,rate,7,1.0,0.0,125,0.0,1.0,118,False,False,
2022-01-26,DXY,rate,14,1.0,0.0,125,0.0,1.0,111,False,False,
2022-01-26,DXY,rate,30,1.0,0.0,125,0.0,1.0,95,False,False,
2022-01-26,DXY,rate,60,1.0,0.0,125,0.0,1.0,65,False,False,
2022-01-26,DXY,ruble,1,1.0,0.0,125,0.0,1.0,124,False,False,
2022-01-26,DXY,ruble,7,1.0,0.0,125,0.0,1.0,118,False,False,
2022-01-26,DXY,ruble,14,1.0,0.0,125,0.0,1.0,111,False,False,
2022-01-26,DXY,ruble,30,1.0,0.0,125,0.0,1.0,95,False,False,
2022-01-26,DXY,ruble,60,1.0,0.0,125,0.0,1.0,65,False,False,
2022-01-26,DXY,sanctions,1,1.0,0.0,125,0.0,1.0,124,False,False,
2022-01-26,DXY,sanctions,7,1.0,0.0,125,0.0,1.0,118,False,False,
2022-01-26,DXY,sanctions,14,1.0,0.0,125,0.0,1.0,111,False,False,
2022-01-26,DXY,sanctions,30,1.0,0.0,125,0.0,1.0,95,False,False,
2022-01-26,DXY,sanctions,60,1.0,0.0,125,0.0,1.0,65,False,False,
2022-01-26,DXY,inflation,1,1.0,0.0,125,0.0,1.0,124,False,False,
2022-01-26,DXY,inflation,7,1.0,0.0,125,0.0,1.0,118,False,False,
2022-01-26,DXY,inflation,14,1.0,0.0,125,0.0,1.0,111,False,False,
2022-01-26,DXY,inflation,30,1.0,0.0,125,0.0,1.0,95,False,False,
2022-01-26,DXY,inflation,60,1.0,0.0,125,0.0,1.0,65,False,False,
2022-01-26,DXY,banking,1,1.0,0.0,125,0.0,1.0,124,False,False,
2022-01-26,DXY,banking,7,1.0,0.0,125,0.0,1.0,118,False,False,
2022-01-26,DXY,banking,14,1.0,0.0,125,0.0,1.0,111,False,False,
2022-01-26,DXY,banking,30,1.0,0.0,125,0.0,1.0,95,False,False,
2022-01-26,DXY,banking,60,1.0,0.0,125,0.0,1.0,65,False,False,
2022-01-26,DXY,gold,1,1.0,0.0,125,0.0,1.0,124,False,False,
2022-01-26,DXY,gold,7,1.0,0.0,125,0.0,1.0,118,False,False,
2022-01-26,DXY,gold,14,1.0,0.0,125,0.0,1.0,111,False,False,
2022-01-26,DXY,gold,30,1.0,0.0,125,0.0,1.0,95,False,False,
2022-01-26,DXY,gold,60,1.0,0.0,125,0.0,1.0,65,False,False,
2022-01-26,MSCI_INDIA,oil,1,1.0,0.0,125,0.0,1.0,124,False,False,
2022-01-26,MSCI_INDIA,oil,7,1.0,0.0,125,0.0,1.0,118,False,False,
2022-01-26,MSCI_INDIA,oil,14,1.0,0.0,125,0.0,1.0,111,False,False,
2022-01-26,MSCI_INDIA,oil,30,1.0,0.0,125,0.0,1.0,95,False,False,
2022-01-26,MSCI_INDIA,oil,60,1.0,0.0,125,0.0,1.0,65,False,False,
2022-01-26,MSCI_INDIA,rate,1,1.0,0.0,125,0.0,1.0,124,False,False,
2022-01-26,MSCI_INDIA,rate,7,1.0,0.0,125,0.0,1.0,118,False,False,
2022-01-26,MSCI_INDIA,rate,14,1.0,0.0,125,0.0,1.0,111,False,False,
2022-01-26,MSCI_INDIA,rate,30,1.0,0.0,125,0.0,1.0,95,False,False,
2022-01-26,MSCI_INDIA,rate,60,1.0,0.0,125,0.0,1.0,65,False,False,
2022-01-26,MSCI_INDIA,ruble,1,1.0,0.0,125,0.0,1.0,124,False,False,
2022-01-26,MSCI_INDIA,ruble,7,1.0,0.0,125,0.0,1.0,118,False,False,
2022-01-26,MSCI_INDIA,ruble,14,1.0,0.0,125,0.0,1.0,111,False,False,
2022-01-26,MSCI_INDIA,ruble,30,1.0,0.0,125,0.0,1.0,95,False,False,
2022-01-26,MSCI_INDIA,ruble,60,1.0,0.0,125,0.0,1.0,65,False,False,
2022-01-26,MSCI_INDIA,sanctions,1,1.0,0.0,125,0.0,1.0,124,False,False,
2022-01-26,MSCI_INDIA,sanctions,7,1.0,0.0,125,0.0,1.0,118,False,False,
2022-01-26,MSCI_INDIA,sanctions,14,1.0,0.0,125,0.0,1.0,111,False,False,
2022-01-26,MSCI_INDIA,sanctions,30,1.0,0.0,125,0.0,1.0,95,False,False,
2022-01-26,MSCI_INDIA,sanctions,60,1.0,0.0,125,0.0,1.0,65,False,False,
2022-01-26,MSCI_INDIA,inflation,1,1.0,0.0,125,0.0,1.0,124,False,False,
2022-01-26,MSCI_INDIA,inflation,7,1.0,0.0,125,0.0,1.0,118,False,False,
2022-01-26,MSCI_INDIA,inflation,14,1.0,0.0,125,0.0,1.0,111,False,False,
2022-01-26,MSCI_INDIA,inflation,30,1.0,0.0,125,0.0,1.0,95,False,False,
2022-01-26,MSCI_INDIA,inflation,60,1.0,0.0,125,0.0,1.0,65,False,False,
2022-01-26,MSCI_INDIA,banking,1,1.0,0.0,125,0.0,1.0,124,False,False,
2022-01-26,MSCI_INDIA,banking,7,1.0,0.0,125,0.0,1.0,118,False,False,
2022-01-26,MSCI_INDIA,banking,14,1.0,0.0,125,0.0,1.0,111,False,False,
2022-01-26,MSCI_INDIA,banking,30,1.0,0.0,125,0.0,1.0,95,False,False,
2022-01-26,MSCI_INDIA,banking,60,1.0,0.0,125,0.0,1.0,65,False,False,
2022-01-26,MSCI_INDIA,gold,1,1.0,0.0,125,0.0,1.0,124,False,False,
2022-01-26,MSCI_INDIA,gold,7,1.0,0.0,125,0.0,1.0,118,False,False,
2022-01-26,MSCI_INDIA,gold,14,1.0,0.0,125,0.0,1.0,111,False,False,
2022-01-26,MSCI_INDIA,gold,30,1.0,0.0,125,0.0,1.0,95,False,False,
2022-01-26,MSCI_INDIA,gold,60,1.0,0.0,125,0.0,1.0,65,False,False,
2022-01-29,USD_RUB,oil,1,1.0,0.0,125,0.0,1.0,124,False,False,
2022-01-29,USD_RUB,oil,7,1.0,0.0,125,0.0,1.0,118,False,False,
2022-01-29,USD_RUB,oil,14,1.0,0.0,125,0.0,1.0,111,False,False,
2022-01-29,USD_RUB,oil,30,1.0,0.0,125,0.0,1.0,95,False,False,
2022-01-29,USD_RUB,oil,60,1.0,0.0,125,0.0,1.0,65,False,False,
2022-01-29,USD_RUB,rate,1,1.0,0.0,125,0.0,1.0,124,False,False,
2022-01-29,USD_RUB,rate,7,1.0,0.0,125,0.0,1.0,118,False,False,
2022-01-29,USD_RUB,rate,14,1.0,0.0,125,0.0,1.0,111,False,False,
2022-01-29,USD_RUB,rate,30,1.0,0.0,125,0.0,1.0,95,False,False,
2022-01-29,USD_RUB,rate,60,1.0,0.0,125,0.0,1.0,65,False,False,
2022-01-29,USD_RUB,ruble,1,1.0,0.0,125,0.0,1.0,124,False,False,
2022-01-29,USD_RUB,ruble,7,1.0,0.0,125,0.0,1.0,118,False,False,
2022-01-29,USD_RUB,ruble,14,1.0,0.0,125,0.0,1.0,111,False,False,
2022-01-29,USD_RUB,ruble,30,1.0,0.0,125,0.0,1.0,95,False,False,
2022-01-29,USD_RUB,ruble,60,1.0,0.0,125,0.0,1.0,65,False,False,
2022-01-29,USD_RUB,sanctions,1,1.0,0.0,125,0.0,1.0,124,False,False,
2022-01-29,USD_RUB,sanctions,7,1.0,0.0,125,0.0,1.0,118,False,False,
2022-01-29,USD_RUB,sanctions,14,1.0,0.0,125,0.0,1.0,111,False,False,
2022-01-29,USD_RUB,sanctions,30,1.0,0.0,125,0.0,1.0,95,False,False,
2022-01-29,USD_RUB,sanctions,60,1.0,0.0,125,0.0,1.0,65,False,False,
2022-01-29,USD_RUB,inflation,1,1.0,0.0,125,0.0,1.0,124,False,False,
2022-01-29,USD_RUB,inflation,7,1.0,0.0,125,0.0,1.0,118,False,False,
2022-01-29,USD_RUB,inflation,14,1.0,0.0,125,0.0,1.0,111,False,False,
2022-01-29,USD_RUB,inflation,30,1.0,0.0,125,0.0,1.0,95,False,False,
2022-01-29,USD_RUB,inflation,60,1.0,0.0,125,0.0,1.0,65,False,False,
2022-01-29,USD_RUB,banking,1,1.0,0.0,125,0.0,1.0,124,False,False,
2022-01-29,USD_RUB,banking,7,1.0,0.0,125,0.0,1.0,118,False,False,
2022-01-29,USD_RUB,banking,14,1.0,0.0,125,0.0,1.0,111,False,False,
2022-01-29,USD_RUB,banking,30,1.0,0.0,125,0.0,1.0,95,False,False,
2022-01-29,USD_RUB,banking,60,1.0,0.0,125,0.0,1.0,65,False,False,
2022-01-29,USD_RUB,gold,1,1.0,0.0,125,0.0,1.0,124,False,False,
2022-01-29,USD_RUB,gold,7,1.0,0.0,125,0.0,1.0,118,False,False,
2022-01-29,USD_RUB,gold,14,1.0,0.0,125,0.0,1.0,111,False,False,
2022-01-29,USD_RUB,gold,30,1.0,0.0,125,0.0,1.0,95,False,False,
2022-01-29,USD_RUB,gold,60,1.0,0.0,125,0.0,1.0,65,False,False,
2022-01-29,EUR_RUB,oil,1,1.0,0.0,125,0.0,1.0,124,False,False,
2022-01-29,EUR_RUB,oil,7,1.0,0.0,125,0.0,1.0,118,False,False,
2022-01-29,EUR_RUB,oil,14,1.0,0.0,125,0.0,1.0,111,False,False,
2022-01-29,EUR_RUB,oil,30,1.0,0.0,125,0.0,1.0,95,False,False,
2022-01-29,EUR_RUB,oil,60,1.0,0.0,125,0.0,1.0,65,False,False,
2022-01-29,EUR_RUB,rate,1,1.0,0.0,125,0.0,1.0,124,False,False,
2022-01-29,EUR_RUB,rate,7,1.0,0.0,125,0.0,1.0,118,False,False,
2022-01-29,EUR_RUB,rate,14,1.0,0.0,125,0.0,1.0,111,False,False,
2022-01-29,EUR_RUB,rate,30,1.0,0.0,125,0.0,1.0,95,False,False,
2022-01-29,EUR_RUB,rate,60,1.0,0.0,125,0.0,1.0,65,False,False,
2022-01-29,EUR_RUB,ruble,1,1.0,0.0,125,0.0,1.0,124,False,False,
2022-01-29,EUR_RUB,ruble,7,1.0,0.0,125,0.0,1.0,118,False,False,
2022-01-29,EUR_RUB,ruble,14,1.0,0.0,125,0.0,1.0,111,False,False,
2022-01-29,EUR_RUB,ruble,30,1.0,0.0,125,0.0,1.0,95,False,False,
2022-01-29,EUR_RUB,ruble,60,1.0,0.0,125,0.0,1.0,65,False,False,
2022-01-29,EUR_RUB,sanctions,1,1.0,0.0,125,0.0,1.0,124,False,False,
2022-01-29,EUR_RUB,sanctions,7,1.0,0.0,125,0.0,1.0,118,False,False,
2022-01-29,EUR_RUB,sanctions,14,1.0,0.0,125,0.0,1.0,111,False,False,
2022-01-29,EUR_RUB,sanctions,30,1.0,0.0,125,0.0,1.0,95,False,False,
2022-01-29,EUR_RUB,sanctions,60,1.0,0.0,125,0.0,1.0,65,False,False,
2022-01-29,EUR_RUB,inflation,1,1.0,0.0,125,0.0,1.0,124,False,False,
2022-01-29,EUR_RUB,inflation,7,1.0,0.0,125,0.0,1.0,118,False,False,
2022-01-29,EUR_RUB,inflation,14,1.0,0.0,125,0.0,1.0,111,False,False,
2022-01-29,EUR_RUB,inflation,30,1.0,0.0,125,0.0,1.0,95,False,False,
2022-01-29,EUR_RUB,inflation,60,1.0,0.0,125,0.0,1.0,65,False,False,
2022-01-29,EUR_RUB,banking,1,1.0,0.0,125,0.0,1.0,124,False,False,
2022-01-29,EUR_RUB,banking,7,1.0,0.0,125,0.0,1.0,118,False,False,
2022-01-29,EUR_RUB,banking,14,1.0,0.0,125,0.0,1.0,111,False,False,
2022-01-29,EUR_RUB,banking,30,1.0,0.0,125,0.0,1.0,95,False,False,
2022-01-29,EUR_RUB,banking,60,1.0,0.0,125,0.0,1.0,65,False,False,
2022-01-29,EUR_RUB,gold,1,1.0,0.0,125,0.0,1.0,124,False,False,
2022-01-29,EUR_RUB,gold,7,1.0,0.0,125,0.0,1.0,118,False,False,
2022-01-29,EUR_RUB,gold,14,1.0,0.0,125,0.0,1.0,111,False,False,
2022-01-29,EUR_RUB,gold,30,1.0,0.0,125,0.0,1.0,95,False,False,
2022-01-29,EUR_RUB,gold,60,1.0,0.0,125,0.0,1.0,65,False,False,
2022-01-29,BRENT,oil,1,1.0,0.0,125,0.0,1.0,124,False,False,
2022-01-29,BRENT,oil,7,1.0,0.0,125,0.0,1.0,118,False,False,
2022-01-29,BRENT,oil,14,1.0,0.0,125,0.0,1.0,111,False,False,
2022-01-29,BRENT,oil,30,1.0,0.0,125,0.0,1.0,95,False,False,
2022-01-29,BRENT,oil,60,1.0,0.0,125,0.0,1.0,65,False,False,
2022-01-29,BRENT,rate,1,1.0,0.0,125,0.0,1.0,124,False,False,
2022-01-29,BRENT,rate,7,1.0,0.0,125,0.0,1.0,118,False,False,
2022-01-29,BRENT,rate,14,1.0,0.0,125,0.0,1.0,111,False,False,
2022-01-29,BRENT,rate,30,1.0,0.0,125,0.0,1.0,95,False,False,
2022-01-29,BRENT,rate,60,1.0,0.0,125,0.0,1.0,65,False,False,
2022-01-29,BRENT,ruble,1,1.0,0.0,125,0.0,1.0,124,False,False,
2022-01-29,BRENT,ruble,7,1.0,0.0,125,0.0,1.0,118,False,False,
2022-01-29,BRENT,ruble,14,1.0,0.0,125,0.0,1.0,111,False,False,
2022-01-29,BRENT,ruble,30,1.0,0.0,125,0.0,1.0,95,False,False,
2022-01-29,BRENT,ruble,60,1.0,0.0,125,0.0,1.0,65,False,False,
2022-01-29,BRENT,sanctions,1,1.0,0.0,125,0.0,1.0,124,False,False,
2022-01-29,BRENT,sanctions,7,1.0,0.0,125,0.0,1.0,118,False,False,
2022-01-29,BRENT,sanctions,14,1.0,0.0,125,0.0,1.0,111,False,False,
2022-01-29,BRENT,sanctions,30,1.0,0.0,125,0.0,1.0,95,False,False,
2022-01-29,BRENT,sanctions,60,1.0,0.0,125,0.0,1.0,65,False,False,
2022-01-29,BRENT,inflation,1,1.0,0.0,125,0.0,1.0,124,False,False,
2022-01-29,BRENT,inflation,7,1.0,0.0,125,0.0,1.0,118,False,False,
2022-01-29,BRENT,inflation,14,1.0,0.0,125,0.0,1.0,111,False,False,
2022-01-29,BRENT,inflation,30,1.0,0.0,125,0.0,1.0,95,False,False,
2022-01-29,BRENT,inflation,60,1.0,0.0,125,0.0,1.0,65,False,False,
2022-01-29,BRENT,banking,1,1.0,0.0,125,0.0,1.0,124,False,False,
2022-01-29,BRENT,banking,7,1.0,0.0,125,0.0,1.0,118,False,False,
2022-01-29,BRENT,banking,14,1.0,0.0,125,0.0,1.0,111,False,False,
2022-01-29,BRENT,banking,30,1.0,0.0,125,0.0,1.0,95,False,False,
2022-01-29,BRENT,banking,60,1.0,0.0,125,0.0,1.0,65,False,False,
2022-01-29,BRENT,gold,1,1.0,0.0,125,0.0,1.0,124,False,False,
2022-01-29,BRENT,gold,7,1.0,0.0,125,0.0,1.0,118,False,False,
2022-01-29,BRENT,gold,14,1.0,0.0,125,0.0,1.0,111,False,False,
2022-01-29,BRENT,gold,30,1.0,0.0,125,0.0,1.0,95,False,False,
2022-01-29,BRENT,gold,60,1.0,0.0,125,0.0,1.0,65,False,False,
2022-01-29,SP500,oil,1,1.0,0.0,125,0.0,1.0,124,False,False,
2022-01-29,SP500,oil,7,1.0,0.0,125,0.0,1.0,118,False,False,
2022-01-29,SP500,oil,14,1.0,0.0,125,0.0,1.0,111,False,False,
2022-01-29,SP500,oil,30,1.0,0.0,125,0.0,1.0,95,False,False,
2022-01-29,SP500,oil,60,1.0,0.0,125,0.0,1.0,65,False,False,
2022-01-29,SP500,rate,1,1.0,0.0,125,0.0,1.0,124,False,False,
2022-01-29,SP500,rate,7,1.0,0.0,125,0.0,1.0,118,False,False,
2022-01-29,SP500,rate,14,1.0,0.0,125,0.0,1.0,111,False,False,
2022-01-29,SP500,rate,30,1.0,0.0,125,0.0,1.0,95,False,False,
2022-01-29,SP500,rate,60,1.0,0.0,125,0.0,1.0,65,False,False,
2022-01-29,SP500,ruble,1,1.0,0.0,125,0.0,1.0,124,False,False,
2022-01-29,SP500,ruble,7,1.0,0.0,125,0.0,1.0,118,False,False,
2022-01-29,SP500,ruble,14,1.0,0.0,125,0.0,1.0,111,False,False,
2022-01-29,SP500,ruble,30,1.0,0.0,125,0.0,1.0,95,False,False,
2022-01-29,SP500,ruble,60,1.0,0.0,125,0.0,1.0,65,False,False,
2022-01-29,SP500,sanctions,1,1.0,0.0,125,0.0,1.0,124,False,False,
2022-01-29,SP500,sanctions,7,1.0,0.0,125,0.0,1.0,118,False,False,
2022-01-29,SP500,sanctions,14,1.0,0.0,125,0.0,1.0,111,False,False,
2022-01-29,SP500,sanctions,30,1.0,0.0,125,0.0,1.0,95,False,False,
2022-01-29,SP500,sanctions,60,1.0,0.0,125,0.0,1.0,65,False,False,
2022-01-29,SP500,inflation,1,1.0,0.0,125,0.0,1.0,124,False,False,
2022-01-29,SP500,inflation,7,1.0,0.0,125,0.0,1.0,118,False,False,
2022-01-29,SP500,inflation,14,1.0,0.0,125,0.0,1.0,111,False,False,
2022-01-29,SP500,inflation,30,1.0,0.0,125,0.0,1.0,95,False,False,
2022-01-29,SP500,inflation,60,1.0,0.0,125,0.0,1.0,65,False,False,
2022-01-29,SP500,banking,1,1.0,0.0,125,0.0,1.0,124,False,False,
2022-01-29,SP500,banking,7,1.0,0.0,125,0.0,1.0,118,False,False,
2022-01-29,SP500,banking,14,1.0,0.0,125,0.0,1.0,111,False,False,
2022-01-29,SP500,banking,30,1.0,0.0,125,0.0,1.0,95,False,False,
2022-01-29,SP500,banking,60,1.0,0.0,125,0.0,1.0,65,False,False,
2022-01-29,SP500,gold,1,1.0,0.0,125,0.0,1.0,124,False,False,
2022-01-29,SP500,gold,7,1.0,0.0,125,0.0,1.0,118,False,False,
2022-01-29,SP500,gold,14,1.0,0.0,125,0.0,1.0,111,False,False,
2022-01-29,SP500,gold,30,1.0,0.0,125,0.0,1.0,95,False,False,
2022-01-29,SP500,gold,60,1.0,0.0,125,0.0,1.0,65,False,False,
2022-01-29,MSCI_WORLD,oil,1,1.0,0.0,125,0.0,1.0,124,False,False,
2022-01-29,MSCI_WORLD,oil,7,1.0,0.0,125,0.0,1.0,118,False,False,
2022-01-29,MSCI_WORLD,oil,14,1.0,0.0,125,0.0,1.0,111,False,False,
2022-01-29,MSCI_WORLD,oil,30,1.0,0.0,125,0.0,1.0,95,False,False,
2022-01-29,MSCI_WORLD,oil,60,1.0,0.0,125,0.0,1.0,65,False,False,
2022-01-29,MSCI_WORLD,rate,1,1.0,0.0,125,0.0,1.0,124,False,False,
2022-01-29,MSCI_WORLD,rate,7,1.0,0.0,125,0.0,1.0,118,False,False,
2022-01-29,MSCI_WORLD,rate,14,1.0,0.0,125,0.0,1.0,111,False,False,
2022-01-29,MSCI_WORLD,rate,30,1.0,0.0,125,0.0,1.0,95,False,False,
2022-01-29,MSCI_WORLD,rate,60,1.0,0.0,125,0.0,1.0,65,False,False,
2022-01-29,MSCI_WORLD,ruble,1,1.0,0.0,125,0.0,1.0,124,False,False,
2022-01-29,MSCI_WORLD,ruble,7,1.0,0.0,125,0.0,1.0,118,False,False,
2022-01-29,MSCI_WORLD,ruble,14,1.0,0.0,125,0.0,1.0,111,False,False,
2022-01-29,MSCI_WORLD,ruble,30,1.0,0.0,125,0.0,1.0,95,False,False,
2022-01-29,MSCI_WORLD,ruble,60,1.0,0.0,125,0.0,1.0,65,False,False,
2022-01-29,MSCI_WORLD,sanctions,1,1.0,0.0,125,0.0,1.0,124,False,False,
2022-01-29,MSCI_WORLD,sanctions,7,1.0,0.0,125,0.0,1.0,118,False,False,
2022-01-29,MSCI_WORLD,sanctions,14,1.0,0.0,125,0.0,1.0,111,False,False,
2022-01-29,MSCI_WORLD,sanctions,30,1.0,0.0,125,0.0,1.0,95,False,False,
2022-01-29,MSCI_WORLD,sanctions,60,1.0,0.0,125,0.0,1.0,65,False,False,
2022-01-29,MSCI_WORLD,inflation,1,1.0,0.0,125,0.0,1.0,124,False,False,
2022-01-29,MSCI_WORLD,inflation,7,1.0,0.0,125,0.0,1.0,118,False,False,
2022-01-29,MSCI_WORLD,inflation,14,1.0,0.0,125,0.0,1.0,111,False,False,
2022-01-29,MSCI_WORLD,inflation,30,1.0,0.0,125,0.0,1.0,95,False,False,
2022-01-29,MSCI_WORLD,inflation,60,1.0,0.0,125,0.0,1.0,65,False,False,
2022-01-29,MSCI_WORLD,banking,1,1.0,0.0,125,0.0,1.0,124,False,False,
2022-01-29,MSCI_WORLD,banking,7,1.0,0.0,125,0.0,1.0,118,False,False,
2022-01-29,MSCI_WORLD,banking,14,1.0,0.0,125,0.0,1.0,111,False,False,
2022-01-29,MSCI_WORLD,banking,30,1.0,0.0,125,0.0,1.0,95,False,False,
2022-01-29,MSCI_WORLD,banking,60,1.0,0.0,125,0.0,1.0,65,False,False,
2022-01-29,MSCI_WORLD,gold,1,1.0,0.0,125,0.0,1.0,124,False,False,
2022-01-29,MSCI_WORLD,gold,7,1.0,0.0,125,0.0,1.0,118,False,False,
2022-01-29,MSCI_WORLD,gold,14,1.0,0.0,125,0.0,1.0,111,False,False,
2022-01-29,MSCI_WORLD,gold,30,1.0,0.0,125,0.0,1.0,95,False,False,
2022-01-29,MSCI_WORLD,gold,60,1.0,0.0,125,0.0,1.0,65,False,False,
2022-01-29,DXY,oil,1,1.0,0.0,125,0.0,1.0,124,False,False,
2022-01-29,DXY,oil,7,1.0,0.0,125,0.0,1.0,118,False,False,
2022-01-29,DXY,oil,14,1.0,0.0,125,0.0,1.0,111,False,False,
2022-01-29,DXY,oil,30,1.0,0.0,125,0.0,1.0,95,False,False,
2022-01-29,DXY,oil,60,1.0,0.0,125,0.0,1.0,65,False,False,
2022-01-29,DXY,rate,1,1.0,0.0,125,0.0,1.0,124,False,False,
2022-01-29,DXY,rate,7,1.0,0.0,125,0.0,1.0,118,False,False,
2022-01-29,DXY,rate,14,1.0,0.0,125,0.0,1.0,111,False,False,
2022-01-29,DXY,rate,30,1.0,0.0,125,0.0,1.0,95,False,False,
2022-01-29,DXY,rate,60,1.0,0.0,125,0.0,1.0,65,False,False,
2022-01-29,DXY,ruble,1,1.0,0.0,125,0.0,1.0,124,False,False,
2022-01-29,DXY,ruble,7,1.0,0.0,125,0.0,1.0,118,False,False,
2022-01-29,DXY,ruble,14,1.0,0.0,125,0.0,1.0,111,False,False,
2022-01-29,DXY,ruble,30,1.0,0.0,125,0.0,1.0,95,False,False,
2022-01-29,DXY,ruble,60,1.0,0.0,125,0.0,1.0,65,False,False,
2022-01-29,DXY,sanctions,1,1.0,0.0,125,0.0,1.0,124,False,False,
2022-01-29,DXY,sanctions,7,1.0,0.0,125,0.0,1.0,118,False,False,
2022-01-29,DXY,sanctions,14,1.0,0.0,125,0.0,1.0,111,False,False,
2022-01-29,DXY,sanctions,30,1.0,0.0,125,0.0,1.0,95,False,False,
2022-01-29,DXY,sanctions,60,1.0,0.0,125,0.0,1.0,65,False,False,
2022-01-29,DXY,inflation,1,1.0,0.0,125,0.0,1.0,124,False,False,
2022-01-29,DXY,inflation,7,1.0,0.0,125,0.0,1.0,118,False,False,
2022-01-29,DXY,inflation,14,1.0,0.0,125,0.0,1.0,111,False,False,
2022-01-29,DXY,inflation,30,1.0,0.0,125,0.0,1.0,95,False,False,
2022-01-29,DXY,inflation,60,1.0,0.0,125,0.0,1.0,65,False,False,
2022-01-29,DXY,banking,1,1.0,0.0,125,0.0,1.0,124,False,False,
2022-01-29,DXY,banking,7,1.0,0.0,125,0.0,1.0,118,False,False,
2022-01-29,DXY,banking,14,1.0,0.0,125,0.0,1.0,111,False,False,
2022-01-29,DXY,banking,30,1.0,0.0,125,0.0,1.0,95,False,False,
2022-01-29,DXY,banking,60,1.0,0.0,125,0.0,1.0,65,False,False,
2022-01-29,DXY,gold,1,1.0,0.0,125,0.0,1.0,124,False,False,
2022-01-29,DXY,gold,7,1.0,0.0,125,0.0,1.0,118,False,False,
2022-01-29,DXY,gold,14,1.0,0.0,125,0.0,1.0,111,False,False,
2022-01-29,DXY,gold,30,1.0,0.0,125,0.0,1.0,95,False,False,
2022-01-29,DXY,gold,60,1.0,0.0,125,0.0,1.0,65,False,False,
2022-01-29,MSCI_INDIA,oil,1,1.0,0.0,125,0.0,1.0,124,False,False,
2022-01-29,MSCI_INDIA,oil,7,1.0,0.0,125,0.0,1.0,118,False,False,
2022-01-29,MSCI_INDIA,oil,14,1.0,0.0,125,0.0,1.0,111,False,False,
2022-01-29,MSCI_INDIA,oil,30,1.0,0.0,125,0.0,1.0,95,False,False,
2022-01-29,MSCI_INDIA,oil,60,1.0,0.0,125,0.0,1.0,65,False,False,
2022-01-29,MSCI_INDIA,rate,1,1.0,0.0,125,0.0,1.0,124,False,False,
2022-01-29,MSCI_INDIA,rate,7,1.0,0.0,125,0.0,1.0,118,False,False,
2022-01-29,MSCI_INDIA,rate,14,1.0,0.0,125,0.0,1.0,111,False,False,
2022-01-29,MSCI_INDIA,rate,30,1.0,0.0,125,0.0,1.0,95,False,False,
2022-01-29,MSCI_INDIA,rate,60,1.0,0.0,125,0.0,1.0,65,False,False,
2022-01-29,MSCI_INDIA,ruble,1,1.0,0.0,125,0.0,1.0,124,False,False,
2022-01-29,MSCI_INDIA,ruble,7,1.0,0.0,125,0.0,1.0,118,False,False,
2022-01-29,MSCI_INDIA,ruble,14,1.0,0.0,125,0.0,1.0,111,False,False,
2022-01-29,MSCI_INDIA,ruble,30,1.0,0.0,125,0.0,1.0,95,False,False,
2022-01-29,MSCI_INDIA,ruble,60,1.0,0.0,125,0.0,1.0,65,False,False,
2022-01-29,MSCI_INDIA,sanctions,1,1.0,0.0,125,0.0,1.0,124,False,False,
2022-01-29,MSCI_INDIA,sanctions,7,1.0,0.0,125,0.0,1.0,118,False,False,
2022-01-29,MSCI_INDIA,sanctions,14,1.0,0.0,125,0.0,1.0,111,False,False,
2022-01-29,MSCI_INDIA,sanctions,30,1.0,0.0,125,0.0,1.0,95,False,False,
2022-01-29,MSCI_INDIA,sanctions,60,1.0,0.0,125,0.0,1.0,65,False,False,
2022-01-29,MSCI_INDIA,inflation,1,1.0,0.0,125,0.0,1.0,124,False,False,
2022-01-29,MSCI_INDIA,inflation,7,1.0,0.0,125,0.0,1.0,118,False,False,
2022-01-29,MSCI_INDIA,inflation,14,1.0,0.0,125,0.0,1.0,111,False,False,
2022-01-29,MSCI_INDIA,inflation,30,1.0,0.0,125,0.0,1.0,95,False,False,
2022-01-29,MSCI_INDIA,inflation,60,1.0,0.0,125,0.0,1.0,65,False,False,
2022-01-29,MSCI_INDIA,banking,1,1.0,0.0,125,0.0,1.0,124,False,False,
2022-01-29,MSCI_INDIA,banking,7,1.0,0.0,125,0.0,1.0,118,False,False,
2022-01-29,MSCI_INDIA,banking,14,1.0,0.0,125,0.0,1.0,111,False,False,
2022-01-29,MSCI_INDIA,banking,30,1.0,0.0,125,0.0,1.0,95,False,False,
2022-01-29,MSCI_INDIA,banking,60,1.0,0.0,125,0.0,1.0,65,False,False,
2022-01-29,MSCI_INDIA,gold,1,1.0,0.0,125,0.0,1.0,124,False,False,
2022-01-29,MSCI_INDIA,gold,7,1.0,0.0,125,0.0,1.0,118,False,False,
2022-01-29,MSCI_INDIA,gold,14,1.0,0.0,125,0.0,1.0,111,False,False,
2022-01-29,MSCI_INDIA,gold,30,1.0,0.0,125,0.0,1.0,95,False,False,
2022-01-29,MSCI_INDIA,gold,60,1.0,0.0,125,0.0,1.0,65,False,False,
2022-02-01,USD_RUB,oil,1,1.0,0.0,125,0.0,1.0,124,False,False,
2022-02-01,USD_RUB,oil,7,1.0,0.0,125,0.0,1.0,118,False,False,
2022-02-01,USD_RUB,oil,14,1.0,0.0,125,0.0,1.0,111,False,False,
2022-02-01,USD_RUB,oil,30,1.0,0.0,125,0.0,1.0,95,False,False,
2022-02-01,USD_RUB,oil,60,1.0,0.0,125,0.0,1.0,65,False,False,
2022-02-01,USD_RUB,rate,1,1.0,0.0,125,0.0,1.0,124,False,False,
2022-02-01,USD_RUB,rate,7,1.0,0.0,125,0.0,1.0,118,False,False,
2022-02-01,USD_RUB,rate,14,1.0,0.0,125,0.0,1.0,111,False,False,
2022-02-01,USD_RUB,rate,30,1.0,0.0,125,0.0,1.0,95,False,False,
2022-02-01,USD_RUB,rate,60,1.0,0.0,125,0.0,1.0,65,False,False,
2022-02-01,USD_RUB,ruble,1,1.0,0.0,125,0.0,1.0,124,False,False,
2022-02-01,USD_RUB,ruble,7,1.0,0.0,125,0.0,1.0,118,False,False,
2022-02-01,USD_RUB,ruble,14,1.0,0.0,125,0.0,1.0,111,False,False,
2022-02-01,USD_RUB,ruble,30,1.0,0.0,125,0.0,1.0,95,False,False,
2022-02-01,USD_RUB,ruble,60,1.0,0.0,125,0.0,1.0,65,False,False,
2022-02-01,USD_RUB,sanctions,1,1.0,0.0,125,0.0,1.0,124,False,False,
2022-02-01,USD_RUB,sanctions,7,1.0,0.0,125,0.0,1.0,118,False,False,
2022-02-01,USD_RUB,sanctions,14,1.0,0.0,125,0.0,1.0,111,False,False,
2022-02-01,USD_RUB,sanctions,30,1.0,0.0,125,0.0,1.0,95,False,False,
2022-02-01,USD_RUB,sanctions,60,1.0,0.0,125,0.0,1.0,65,False,False,
2022-02-01,USD_RUB,inflation,1,1.0,0.0,125,0.0,1.0,124,False,False,
2022-02-01,USD_RUB,inflation,7,1.0,0.0,125,0.0,1.0,118,False,False,
2022-02-01,USD_RUB,inflation,14,1.0,0.0,125,0.0,1.0,111,False,False,
2022-02-01,USD_RUB,inflation,30,1.0,0.0,125,0.0,1.0,95,False,False,
2022-02-01,USD_RUB,inflation,60,1.0,0.0,125,0.0,1.0,65,False,False,
2022-02-01,USD_RUB,banking,1,1.0,0.0,125,0.0,1.0,124,False,False,
2022-02-01,USD_RUB,banking,7,1.0,0.0,125,0.0,1.0,118,False,False,
2022-02-01,USD_RUB,banking,14,1.0,0.0,125,0.0,1.0,111,False,False,
2022-02-01,USD_RUB,banking,30,1.0,0.0,125,0.0,1.0,95,False,False,
2022-02-01,USD_RUB,banking,60,1.0,0.0,125,0.0,1.0,65,False,False,
2022-02-01,USD_RUB,gold,1,1.0,0.0,125,0.0,1.0,124,False,False,
2022-02-01,USD_RUB,gold,7,1.0,0.0,125,0.0,1.0,118,False,False,
2022-02-01,USD_RUB,gold,14,1.0,0.0,125,0.0,1.0,111,False,False,
2022-02-01,USD_RUB,gold,30,1.0,0.0,125,0.0,1.0,95,False,False,
2022-02-01,USD_RUB,gold,60,1.0,0.0,125,0.0,1.0,65,False,False,
2022-02-01,EUR_RUB,oil,1,1.0,0.0,125,0.0,1.0,124,False,False,
2022-02-01,EUR_RUB,oil,7,1.0,0.0,125,0.0,1.0,118,False,False,
2022-02-01,EUR_RUB,oil,14,1.0,0.0,125,0.0,1.0,111,False,False,
2022-02-01,EUR_RUB,oil,30,1.0,0.0,125,0.0,1.0,95,False,False,
2022-02-01,EUR_RUB,oil,60,1.0,0.0,125,0.0,1.0,65,False,False,
2022-02-01,EUR_RUB,rate,1,1.0,0.0,125,0.0,1.0,124,False,False,
2022-02-01,EUR_RUB,rate,7,1.0,0.0,125,0.0,1.0,118,False,False,
2022-02-01,EUR_RUB,rate,14,1.0,0.0,125,0.0,1.0,111,False,False,
2022-02-01,EUR_RUB,rate,30,1.0,0.0,125,0.0,1.0,95,False,False,
2022-02-01,EUR_RUB,rate,60,1.0,0.0,125,0.0,1.0,65,False,False,
2022-02-01,EUR_RUB,ruble,1,1.0,0.0,125,0.0,1.0,124,False,False,
2022-02-01,EUR_RUB,ruble,7,1.0,0.0,125,0.0,1.0,118,False,False,
2022-02-01,EUR_RUB,ruble,14,1.0,0.0,125,0.0,1.0,111,False,False,
2022-02-01,EUR_RUB,ruble,30,1.0,0.0,125,0.0,1.0,95,False,False,
2022-02-01,EUR_RUB,ruble,60,1.0,0.0,125,0.0,1.0,65,False,False,
2022-02-01,EUR_RUB,sanctions,1,1.0,0.0,125,0.0,1.0,124,False,False,
2022-02-01,EUR_RUB,sanctions,7,1.0,0.0,125,0.0,1.0,118,False,False,
2022-02-01,EUR_RUB,sanctions,14,1.0,0.0,125,0.0,1.0,111,False,False,
2022-02-01,EUR_RUB,sanctions,30,1.0,0.0,125,0.0,1.0,95,False,False,
2022-02-01,EUR_RUB,sanctions,60,1.0,0.0,125,0.0,1.0,65,False,False,
2022-02-01,EUR_RUB,inflation,1,1.0,0.0,125,0.0,1.0,124,False,False,
2022-02-01,EUR_RUB,inflation,7,1.0,0.0,125,0.0,1.0,118,False,False,
2022-02-01,EUR_RUB,inflation,14,1.0,0.0,125,0.0,1.0,111,False,False,
2022-02-01,EUR_RUB,inflation,30,1.0,0.0,125,0.0,1.0,95,False,False,
2022-02-01,EUR_RUB,inflation,60,1.0,0.0,125,0.0,1.0,65,False,False,
2022-02-01,EUR_RUB,banking,1,1.0,0.0,125,0.0,1.0,124,False,False,
2022-02-01,EUR_RUB,banking,7,1.0,0.0,125,0.0,1.0,118,False,False,
2022-02-01,EUR_RUB,banking,14,1.0,0.0,125,0.0,1.0,111,False,False,
2022-02-01,EUR_RUB,banking,30,1.0,0.0,125,0.0,1.0,95,False,False,
2022-02-01,EUR_RUB,banking,60,1.0,0.0,125,0.0,1.0,65,False,False,
2022-02-01,EUR_RUB,gold,1,1.0,0.0,125,0.0,1.0,124,False,False,
2022-02-01,EUR_RUB,gold,7,1.0,0.0,125,0.0,1.0,118,False,False,
2022-02-01,EUR_RUB,gold,14,1.0,0.0,125,0.0,1.0,111,False,False,
2022-02-01,EUR_RUB,gold,30,1.0,0.0,125,0.0,1.0,95,False,False,
2022-02-01,EUR_RUB,gold,60,1.0,0.0,125,0.0,1.0,65,False,False,
2022-02-01,BRENT,oil,1,1.0,0.0,125,0.0,1.0,124,False,False,
2022-02-01,BRENT,oil,7,1.0,0.0,125,0.0,1.0,118,False,False,
2022-02-01,BRENT,oil,14,1.0,0.0,125,0.0,1.0,111,False,False,
2022-02-01,BRENT,oil,30,1.0,0.0,125,0.0,1.0,95,False,False,
2022-02-01,BRENT,oil,60,1.0,0.0,125,0.0,1.0,65,False,False,
2022-02-01,BRENT,rate,1,1.0,0.0,125,0.0,1.0,124,False,False,
2022-02-01,BRENT,rate,7,1.0,0.0,125,0.0,1.0,118,False,False,
2022-02-01,BRENT,rate,14,1.0,0.0,125,0.0,1.0,111,False,False,
2022-02-01,BRENT,rate,30,1.0,0.0,125,0.0,1.0,95,False,False,
2022-02-01,BRENT,rate,60,1.0,0.0,125,0.0,1.0,65,False,False,
2022-02-01,BRENT,ruble,1,1.0,0.0,125,0.0,1.0,124,False,False,
2022-02-01,BRENT,ruble,7,1.0,0.0,125,0.0,1.0,118,False,False,
2022-02-01,BRENT,ruble,14,1.0,0.0,125,0.0,1.0,111,False,False,
2022-02-01,BRENT,ruble,30,1.0,0.0,125,0.0,1.0,95,False,False,
2022-02-01,BRENT,ruble,60,1.0,0.0,125,0.0,1.0,65,False,False,
2022-02-01,BRENT,sanctions,1,1.0,0.0,125,0.0,1.0,124,False,False,
2022-02-01,BRENT,sanctions,7,1.0,0.0,125,0.0,1.0,118,False,False,
2022-02-01,BRENT,sanctions,14,1.0,0.0,125,0.0,1.0,111,False,False,
2022-02-01,BRENT,sanctions,30,1.0,0.0,125,0.0,1.0,95,False,False,
2022-02-01,BRENT,sanctions,60,1.0,0.0,125,0.0,1.0,65,False,False,
2022-02-01,BRENT,inflation,1,1.0,0.0,125,0.0,1.0,124,False,False,
2022-02-01,BRENT,inflation,7,1.0,0.0,125,0.0,1.0,118,False,False,
2022-02-01,BRENT,inflation,14,1.0,0.0,125,0.0,1.0,111,False,False,
2022-02-01,BRENT,inflation,30,1.0,0.0,125,0.0,1.0,95,False,False,
2022-02-01,BRENT,inflation,60,1.0,0.0,125,0.0,1.0,65,False,False,
2022-02-01,BRENT,banking,1,1.0,0.0,125,0.0,1.0,124,False,False,
2022-02-01,BRENT,banking,7,1.0,0.0,125,0.0,1.0,118,False,False,
2022-02-01,BRENT,banking,14,1.0,0.0,125,0.0,1.0,111,False,False,
2022-02-01,BRENT,banking,30,1.0,0.0,125,0.0,1.0,95,False,False,
2022-02-01,BRENT,banking,60,1.0,0.0,125,0.0,1.0,65,False,False,
2022-02-01,BRENT,gold,1,1.0,0.0,125,0.0,1.0,124,False,False,
2022-02-01,BRENT,gold,7,1.0,0.0,125,0.0,1.0,118,False,False,
2022-02-01,BRENT,gold,14,1.0,0.0,125,0.0,1.0,111,False,False,
2022-02-01,BRENT,gold,30,1.0,0.0,125,0.0,1.0,95,False,False,
2022-02-01,BRENT,gold,60,1.0,0.0,125,0.0,1.0,65,False,False,
2022-02-01,SP500,oil,1,1.0,0.0,125,0.0,1.0,124,False,False,
2022-02-01,SP500,oil,7,1.0,0.0,125,0.0,1.0,118,False,False,
2022-02-01,SP500,oil,14,1.0,0.0,125,0.0,1.0,111,False,False,
2022-02-01,SP500,oil,30,1.0,0.0,125,0.0,1.0,95,False,False,
2022-02-01,SP500,oil,60,1.0,0.0,125,0.0,1.0,65,False,False,
2022-02-01,SP500,rate,1,1.0,0.0,125,0.0,1.0,124,False,False,
2022-02-01,SP500,rate,7,1.0,0.0,125,0.0,1.0,118,False,False,
2022-02-01,SP500,rate,14,1.0,0.0,125,0.0,1.0,111,False,False,
2022-02-01,SP500,rate,30,1.0,0.0,125,0.0,1.0,95,False,False,
2022-02-01,SP500,rate,60,1.0,0.0,125,0.0,1.0,65,False,False,
2022-02-01,SP500,ruble,1,1.0,0.0,125,0.0,1.0,124,False,False,
2022-02-01,SP500,ruble,7,1.0,0.0,125,0.0,1.0,118,False,False,
2022-02-01,SP500,ruble,14,1.0,0.0,125,0.0,1.0,111,False,False,
2022-02-01,SP500,ruble,30,1.0,0.0,125,0.0,1.0,95,False,False,
2022-02-01,SP500,ruble,60,1.0,0.0,125,0.0,1.0,65,False,False,
2022-02-01,SP500,sanctions,1,1.0,0.0,125,0.0,1.0,124,False,False,
2022-02-01,SP500,sanctions,7,1.0,0.0,125,0.0,1.0,118,False,False,
2022-02-01,SP500,sanctions,14,1.0,0.0,125,0.0,1.0,111,False,False,
2022-02-01,SP500,sanctions,30,1.0,0.0,125,0.0,1.0,95,False,False,
2022-02-01,SP500,sanctions,60,1.0,0.0,125,0.0,1.0,65,False,False,
2022-02-01,SP500,inflation,1,1.0,0.0,125,0.0,1.0,124,False,False,
2022-02-01,SP500,inflation,7,1.0,0.0,125,0.0,1.0,118,False,False,
2022-02-01,SP500,inflation,14,1.0,0.0,125,0.0,1.0,111,False,False,
2022-02-01,SP500,inflation,30,1.0,0.0,125,0.0,1.0,95,False,False,
2022-02-01,SP500,inflation,60,1.0,0.0,125,0.0,1.0,65,False,False,
2022-02-01,SP500,banking,1,1.0,0.0,125,0.0,1.0,124,False,False,
2022-02-01,SP500,banking,7,1.0,0.0,125,0.0,1.0,118,False,False,
2022-02-01,SP500,banking,14,1.0,0.0,125,0.0,1.0,111,False,False,
2022-02-01,SP500,banking,30,1.0,0.0,125,0.0,1.0,95,False,False,
2022-02-01,SP500,banking,60,1.0,0.0,125,0.0,1.0,65,False,False,
2022-02-01,SP500,gold,1,1.0,0.0,125,0.0,1.0,124,False,False,
2022-02-01,SP500,gold,7,1.0,0.0,125,0.0,1.0,118,False,False,
2022-02-01,SP500,gold,14,1.0,0.0,125,0.0,1.0,111,False,False,
2022-02-01,SP500,gold,30,1.0,0.0,125,0.0,1.0,95,False,False,
2022-02-01,SP500,gold,60,1.0,0.0,125,0.0,1.0,65,False,False,
2022-02-01,MSCI_WORLD,oil,1,1.0,0.0,125,0.0,1.0,124,False,False,
2022-02-01,MSCI_WORLD,oil,7,1.0,0.0,125,0.0,1.0,118,False,False,
2022-02-01,MSCI_WORLD,oil,14,1.0,0.0,125,0.0,1.0,111,False,False,
2022-02-01,MSCI_WORLD,oil,30,1.0,0.0,125,0.0,1.0,95,False,False,
2022-02-01,MSCI_WORLD,oil,60,1.0,0.0,125,0.0,1.0,65,False,False,
2022-02-01,MSCI_WORLD,rate,1,1.0,0.0,125,0.0,1.0,124,False,False,
2022-02-01,MSCI_WORLD,rate,7,1.0,0.0,125,0.0,1.0,118,False,False,
2022-02-01,MSCI_WORLD,rate,14,1.0,0.0,125,0.0,1.0,111,False,False,
2022-02-01,MSCI_WORLD,rate,30,1.0,0.0,125,0.0,1.0,95,False,False,
2022-02-01,MSCI_WORLD,rate,60,1.0,0.0,125,0.0,1.0,65,False,False,
2022-02-01,MSCI_WORLD,ruble,1,1.0,0.0,125,0.0,1.0,124,False,False,
2022-02-01,MSCI_WORLD,ruble,7,1.0,0.0,125,0.0,1.0,118,False,False,
2022-02-01,MSCI_WORLD,ruble,14,1.0,0.0,125,0.0,1.0,111,False,False,
2022-02-01,MSCI_WORLD,ruble,30,1.0,0.0,125,0.0,1.0,95,False,False,
2022-02-01,MSCI_WORLD,ruble,60,1.0,0.0,125,0.0,1.0,65,False,False,
2022-02-01,MSCI_WORLD,sanctions,1,1.0,0.0,125,0.0,1.0,124,False,False,
2022-02-01,MSCI_WORLD,sanctions,7,1.0,0.0,125,0.0,1.0,118,False,False,
2022-02-01,MSCI_WORLD,sanctions,14,1.0,0.0,125,0.0,1.0,111,False,False,
2022-02-01,MSCI_WORLD,sanctions,30,1.0,0.0,125,0.0,1.0,95,False,False,
2022-02-01,MSCI_WORLD,sanctions,60,1.0,0.0,125,0.0,1.0,65,False,False,
2022-02-01,MSCI_WORLD,inflation,1,1.0,0.0,125,0.0,1.0,124,False,False,
2022-02-01,MSCI_WORLD,inflation,7,1.0,0.0,125,0.0,1.0,118,False,False,
2022-02-01,MSCI_WORLD,inflation,14,1.0,0.0,125,0.0,1.0,111,False,False,
2022-02-01,MSCI_WORLD,inflation,30,1.0,0.0,125,0.0,1.0,95,False,False,
2022-02-01,MSCI_WORLD,inflation,60,1.0,0.0,125,0.0,1.0,65,False,False,
2022-02-01,MSCI_WORLD,banking,1,1.0,0.0,125,0.0,1.0,124,False,False,
2022-02-01,MSCI_WORLD,banking,7,1.0,0.0,125,0.0,1.0,118,False,False,
2022-02-01,MSCI_WORLD,banking,14,1.0,0.0,125,0.0,1.0,111,False,False,
2022-02-01,MSCI_WORLD,banking,30,1.0,0.0,125,0.0,1.0,95,False,False,
2022-02-01,MSCI_WORLD,banking,60,1.0,0.0,125,0.0,1.0,65,False,False,
2022-02-01,MSCI_WORLD,gold,1,1.0,0.0,125,0.0,1.0,124,False,False,
2022-02-01,MSCI_WORLD,gold,7,1.0,0.0,125,0.0,1.0,118,False,False,
2022-02-01,MSCI_WORLD,gold,14,1.0,0.0,125,0.0,1.0,111,False,False,
2022-02-01,MSCI_WORLD,gold,30,1.0,0.0,125,0.0,1.0,95,False,False,
2022-02-01,MSCI_WORLD,gold,60,1.0,0.0,125,0.0,1.0,65,False,False,
2022-02-01,DXY,oil,1,1.0,0.0,125,0.0,1.0,124,False,False,
2022-02-01,DXY,oil,7,1.0,0.0,125,0.0,1.0,118,False,False,
2022-02-01,DXY,oil,14,1.0,0.0,125,0.0,1.0,111,False,False,
2022-02-01,DXY,oil,30,1.0,0.0,125,0.0,1.0,95,False,False,
2022-02-01,DXY,oil,60,1.0,0.0,125,0.0,1.0,65,False,False,
2022-02-01,DXY,rate,1,1.0,0.0,125,0.0,1.0,124,False,False,
2022-02-01,DXY,rate,7,1.0,0.0,125,0.0,1.0,118,False,False,
2022-02-01,DXY,rate,14,1.0,0.0,125,0.0,1.0,111,False,False,
2022-02-01,DXY,rate,30,1.0,0.0,125,0.0,1.0,95,False,False,
2022-02-01,DXY,rate,60,1.0,0.0,125,0.0,1.0,65,False,False,
2022-02-01,DXY,ruble,1,1.0,0.0,125,0.0,1.0,124,False,False,
2022-02-01,DXY,ruble,7,1.0,0.0,125,0.0,1.0,118,False,False,
2022-02-01,DXY,ruble,14,1.0,0.0,125,0.0,1.0,111,False,False,
2022-02-01,DXY,ruble,30,1.0,0.0,125,0.0,1.0,95,False,False,
2022-02-01,DXY,ruble,60,1.0,0.0,125,0.0,1.0,65,False,False,
2022-02-01,DXY,sanctions,1,1.0,0.0,125,0.0,1.0,124,False,False,
2022-02-01,DXY,sanctions,7,1.0,0.0,125,0.0,1.0,118,False,False,
2022-02-01,DXY,sanctions,14,1.0,0.0,125,0.0,1.0,111,False,False,
2022-02-01,DXY,sanctions,30,1.0,0.0,125,0.0,1.0,95,False,False,
2022-02-01,DXY,sanctions,60,1.0,0.0,125,0.0,1.0,65,False,False,
2022-02-01,DXY,inflation,1,1.0,0.0,125,0.0,1.0,124,False,False,
2022-02-01,DXY,inflation,7,1.0,0.0,125,0.0,1.0,118,False,False,
2022-02-01,DXY,inflation,14,1.0,0.0,125,0.0,1.0,111,False,False,
2022-02-01,DXY,inflation,30,1.0,0.0,125,0.0,1.0,95,False,False,
2022-02-01,DXY,inflation,60,1.0,0.0,125,0.0,1.0,65,False,False,
2022-02-01,DXY,banking,1,1.0,0.0,125,0.0,1.0,124,False,False,
2022-02-01,DXY,banking,7,1.0,0.0,125,0.0,1.0,118,False,False,
2022-02-01,DXY,banking,14,1.0,0.0,125,0.0,1.0,111,False,False,
2022-02-01,DXY,banking,30,1.0,0.0,125,0.0,1.0,95,False,False,
2022-02-01,DXY,banking,60,1.0,0.0,125,0.0,1.0,65,False,False,
2022-02-01,DXY,gold,1,1.0,0.0,125,0.0,1.0,124,False,False,
2022-02-01,DXY,gold,7,1.0,0.0,125,0.0,1.0,118,False,False,
2022-02-01,DXY,gold,14,1.0,0.0,125,0.0,1.0,111,False,False,
2022-02-01,DXY,gold,30,1.0,0.0,125,0.0,1.0,95,False,False,
2022-02-01,DXY,gold,60,1.0,0.0,125,0.0,1.0,65,False,False,
2022-02-01,MSCI_INDIA,oil,1,1.0,0.0,125,0.0,1.0,124,False,False,
2022-02-01,MSCI_INDIA,oil,7,1.0,0.0,125,0.0,1.0,118,False,False,
2022-02-01,MSCI_INDIA,oil,14,1.0,0.0,125,0.0,1.0,111,False,False,
2022-02-01,MSCI_INDIA,oil,30,1.0,0.0,125,0.0,1.0,95,False,False,
2022-02-01,MSCI_INDIA,oil,60,1.0,0.0,125,0.0,1.0,65,False,False,
2022-02-01,MSCI_INDIA,rate,1,1.0,0.0,125,0.0,1.0,124,False,False,
2022-02-01,MSCI_INDIA,rate,7,1.0,0.0,125,0.0,1.0,118,False,False,
2022-02-01,MSCI_INDIA,rate,14,1.0,0.0,125,0.0,1.0,111,False,False,
2022-02-01,MSCI_INDIA,rate,30,1.0,0.0,125,0.0,1.0,95,False,False,
2022-02-01,MSCI_INDIA,rate,60,1.0,0.0,125,0.0,1.0,65,False,False,
2022-02-01,MSCI_INDIA,ruble,1,1.0,0.0,125,0.0,1.0,124,False,False,
2022-02-01,MSCI_INDIA,ruble,7,1.0,0.0,125,0.0,1.0,118,False,False,
2022-02-01,MSCI_INDIA,ruble,14,1.0,0.0,125,0.0,1.0,111,False,False,
2022-02-01,MSCI_INDIA,ruble,30,1.0,0.0,125,0.0,1.0,95,False,False,
2022-02-01,MSCI_INDIA,ruble,60,1.0,0.0,125,0.0,1.0,65,False,False,
2022-02-01,MSCI_INDIA,sanctions,1,1.0,0.0,125,0.0,1.0,124,False,False,
2022-02-01,MSCI_INDIA,sanctions,7,1.0,0.0,125,0.0,1.0,118,False,False,
2022-02-01,MSCI_INDIA,sanctions,14,1.0,0.0,125,0.0,1.0,111,False,False,
2022-02-01,MSCI_INDIA,sanctions,30,1.0,0.0,125,0.0,1.0,95,False,False,
2022-02-01,MSCI_INDIA,sanctions,60,1.0,0.0,125,0.0,1.0,65,False,False,
2022-02-01,MSCI_INDIA,inflation,1,1.0,0.0,125,0.0,1.0,124,False,False,
2022-02-01,MSCI_INDIA,inflation,7,1.0,0.0,125,0.0,1.0,118,False,False,
2022-02-01,MSCI_INDIA,inflation,14,1.0,0.0,125,0.0,1.0,111,False,False,
2022-02-01,MSCI_INDIA,inflation,30,1.0,0.0,125,0.0,1.0,95,False,False,
2022-02-01,MSCI_INDIA,inflation,60,1.0,0.0,125,0.0,1.0,65,False,False,
2022-02-01,MSCI_INDIA,banking,1,1.0,0.0,125,0.0,1.0,124,False,False,
2022-02-01,MSCI_INDIA,banking,7,1.0,0.0,125,0.0,1.0,118,False,False,
2022-02-01,MSCI_INDIA,banking,14,1.0,0.0,125,0.0,1.0,111,False,False,
2022-02-01,MSCI_INDIA,banking,30,1.0,0.0,125,0.0,1.0,95,False,False,
2022-02-01,MSCI_INDIA,banking,60,1.0,0.0,125,0.0,1.0,65,False,False,
2022-02-01,MSCI_INDIA,gold,1,1.0,0.0,125,0.0,1.0,124,False,False,
2022-02-01,MSCI_INDIA,gold,7,1.0,0.0,125,0.0,1.0,118,False,False,
2022-02-01,MSCI_INDIA,gold,14,1.0,0.0,125,0.0,1.0,111,False,False,
2022-02-01,MSCI_INDIA,gold,30,1.0,0.0,125,0.0,1.0,95,False,False,
2022-02-01,MSCI_INDIA,gold,60,1.0,0.0,125,0.0,1.0,65,False,False,
2022-02-04,USD_RUB,oil,1,1.0,0.0,125,0.0,1.0,124,False,False,
2022-02-04,USD_RUB,oil,7,1.0,0.0,125,0.0,1.0,118,False,False,
2022-02-04,USD_RUB,oil,14,1.0,0.0,125,0.0,1.0,111,False,False,
2022-02-04,USD_RUB,oil,30,1.0,0.0,125,0.0,1.0,95,False,False,
2022-02-04,USD_RUB,oil,60,1.0,0.0,125,0.0,1.0,65,False,False,
2022-02-04,USD_RUB,rate,1,1.0,0.0,125,0.0,1.0,124,False,False,
2022-02-04,USD_RUB,rate,7,1.0,0.0,125,0.0,1.0,118,False,False,
2022-02-04,USD_RUB,rate,14,1.0,0.0,125,0.0,1.0,111,False,False,
2022-02-04,USD_RUB,rate,30,1.0,0.0,125,0.0,1.0,95,False,False,
2022-02-04,USD_RUB,rate,60,1.0,0.0,125,0.0,1.0,65,False,False,
2022-02-04,USD_RUB,ruble,1,1.0,0.0,125,0.0,1.0,124,False,False,
2022-02-04,USD_RUB,ruble,7,1.0,0.0,125,0.0,1.0,118,False,False,
2022-02-04,USD_RUB,ruble,14,1.0,0.0,125,0.0,1.0,111,False,False,
2022-02-04,USD_RUB,ruble,30,1.0,0.0,125,0.0,1.0,95,False,False,
2022-02-04,USD_RUB,ruble,60,1.0,0.0,125,0.0,1.0,65,False,False,
2022-02-04,USD_RUB,sanctions,1,1.0,0.0,125,0.0,1.0,124,False,False,
2022-02-04,USD_RUB,sanctions,7,1.0,0.0,125,0.0,1.0,118,False,False,
2022-02-04,USD_RUB,sanctions,14,1.0,0.0,125,0.0,1.0,111,False,False,
2022-02-04,USD_RUB,sanctions,30,1.0,0.0,125,0.0,1.0,95,False,False,
2022-02-04,USD_RUB,sanctions,60,1.0,0.0,125,0.0,1.0,65,False,False,
2022-02-04,USD_RUB,inflation,1,1.0,0.0,125,0.0,1.0,124,False,False,
2022-02-04,USD_RUB,inflation,7,1.0,0.0,125,0.0,1.0,118,False,False,
2022-02-04,USD_RUB,inflation,14,1.0,0.0,125,0.0,1.0,111,False,False,
2022-02-04,USD_RUB,inflation,30,1.0,0.0,125,0.0,1.0,95,False,False,
2022-02-04,USD_RUB,inflation,60,1.0,0.0,125,0.0,1.0,65,False,False,
2022-02-04,USD_RUB,banking,1,1.0,0.0,125,0.0,1.0,124,False,False,
2022-02-04,USD_RUB,banking,7,1.0,0.0,125,0.0,1.0,118,False,False,
2022-02-04,USD_RUB,banking,14,1.0,0.0,125,0.0,1.0,111,False,False,
2022-02-04,USD_RUB,banking,30,1.0,0.0,125,0.0,1.0,95,False,False,
2022-02-04,USD_RUB,banking,60,1.0,0.0,125,0.0,1.0,65,False,False,
2022-02-04,USD_RUB,gold,1,1.0,0.0,125,0.0,1.0,124,False,False,
2022-02-04,USD_RUB,gold,7,1.0,0.0,125,0.0,1.0,118,False,False,
2022-02-04,USD_RUB,gold,14,1.0,0.0,125,0.0,1.0,111,False,False,
2022-02-04,USD_RUB,gold,30,1.0,0.0,125,0.0,1.0,95,False,False,
2022-02-04,USD_RUB,gold,60,1.0,0.0,125,0.0,1.0,65,False,False,
2022-02-04,EUR_RUB,oil,1,1.0,0.0,125,0.0,1.0,124,False,False,
2022-02-04,EUR_RUB,oil,7,1.0,0.0,125,0.0,1.0,118,False,False,
2022-02-04,EUR_RUB,oil,14,1.0,0.0,125,0.0,1.0,111,False,False,
2022-02-04,EUR_RUB,oil,30,1.0,0.0,125,0.0,1.0,95,False,False,
2022-02-04,EUR_RUB,oil,60,1.0,0.0,125,0.0,1.0,65,False,False,
2022-02-04,EUR_RUB,rate,1,1.0,0.0,125,0.0,1.0,124,False,False,
2022-02-04,EUR_RUB,rate,7,1.0,0.0,125,0.0,1.0,118,False,False,
2022-02-04,EUR_RUB,rate,14,1.0,0.0,125,0.0,1.0,111,False,False,
2022-02-04,EUR_RUB,rate,30,1.0,0.0,125,0.0,1.0,95,False,False,
2022-02-04,EUR_RUB,rate,60,1.0,0.0,125,0.0,1.0,65,False,False,
2022-02-04,EUR_RUB,ruble,1,1.0,0.0,125,0.0,1.0,124,False,False,
2022-02-04,EUR_RUB,ruble,7,1.0,0.0,125,0.0,1.0,118,False,False,
2022-02-04,EUR_RUB,ruble,14,1.0,0.0,125,0.0,1.0,111,False,False,
2022-02-04,EUR_RUB,ruble,30,1.0,0.0,125,0.0,1.0,95,False,False,
2022-02-04,EUR_RUB,ruble,60,1.0,0.0,125,0.0,1.0,65,False,False,
2022-02-04,EUR_RUB,sanctions,1,1.0,0.0,125,0.0,1.0,124,False,False,
2022-02-04,EUR_RUB,sanctions,7,1.0,0.0,125,0.0,1.0,118,False,False,
2022-02-04,EUR_RUB,sanctions,14,1.0,0.0,125,0.0,1.0,111,False,False,
2022-02-04,EUR_RUB,sanctions,30,1.0,0.0,125,0.0,1.0,95,False,False,
2022-02-04,EUR_RUB,sanctions,60,1.0,0.0,125,0.0,1.0,65,False,False,
2022-02-04,EUR_RUB,inflation,1,1.0,0.0,125,0.0,1.0,124,False,False,
2022-02-04,EUR_RUB,inflation,7,1.0,0.0,125,0.0,1.0,118,False,False,
2022-02-04,EUR_RUB,inflation,14,1.0,0.0,125,0.0,1.0,111,False,False,
2022-02-04,EUR_RUB,inflation,30,1.0,0.0,125,0.0,1.0,95,False,False,
2022-02-04,EUR_RUB,inflation,60,1.0,0.0,125,0.0,1.0,65,False,False,
2022-02-04,EUR_RUB,banking,1,1.0,0.0,125,0.0,1.0,124,False,False,
2022-02-04,EUR_RUB,banking,7,1.0,0.0,125,0.0,1.0,118,False,False,
2022-02-04,EUR_RUB,banking,14,1.0,0.0,125,0.0,1.0,111,False,False,
2022-02-04,EUR_RUB,banking,30,1.0,0.0,125,0.0,1.0,95,False,False,
2022-02-04,EUR_RUB,banking,60,1.0,0.0,125,0.0,1.0,65,False,False,
2022-02-04,EUR_RUB,gold,1,1.0,0.0,125,0.0,1.0,124,False,False,
2022-02-04,EUR_RUB,gold,7,1.0,0.0,125,0.0,1.0,118,False,False,
2022-02-04,EUR_RUB,gold,14,1.0,0.0,125,0.0,1.0,111,False,False,
2022-02-04,EUR_RUB,gold,30,1.0,0.0,125,0.0,1.0,95,False,False,
2022-02-04,EUR_RUB,gold,60,1.0,0.0,125,0.0,1.0,65,False,False,
2022-02-04,BRENT,oil,1,1.0,0.0,125,0.0,1.0,124,False,False,
2022-02-04,BRENT,oil,7,1.0,0.0,125,0.0,1.0,118,False,False,
2022-02-04,BRENT,oil,14,1.0,0.0,125,0.0,1.0,111,False,False,
2022-02-04,BRENT,oil,30,1.0,0.0,125,0.0,1.0,95,False,False,
2022-02-04,BRENT,oil,60,1.0,0.0,125,0.0,1.0,65,False,False,
2022-02-04,BRENT,rate,1,1.0,0.0,125,0.0,1.0,124,False,False,
2022-02-04,BRENT,rate,7,1.0,0.0,125,0.0,1.0,118,False,False,
2022-02-04,BRENT,rate,14,1.0,0.0,125,0.0,1.0,111,False,False,
2022-02-04,BRENT,rate,30,1.0,0.0,125,0.0,1.0,95,False,False,
2022-02-04,BRENT,rate,60,1.0,0.0,125,0.0,1.0,65,False,False,
2022-02-04,BRENT,ruble,1,1.0,0.0,125,0.0,1.0,124,False,False,
2022-02-04,BRENT,ruble,7,1.0,0.0,125,0.0,1.0,118,False,False,
2022-02-04,BRENT,ruble,14,1.0,0.0,125,0.0,1.0,111,False,False,
2022-02-04,BRENT,ruble,30,1.0,0.0,125,0.0,1.0,95,False,False,
2022-02-04,BRENT,ruble,60,1.0,0.0,125,0.0,1.0,65,False,False,
2022-02-04,BRENT,sanctions,1,1.0,0.0,125,0.0,1.0,124,False,False,
2022-02-04,BRENT,sanctions,7,1.0,0.0,125,0.0,1.0,118,False,False,
2022-02-04,BRENT,sanctions,14,1.0,0.0,125,0.0,1.0,111,False,False,
2022-02-04,BRENT,sanctions,30,1.0,0.0,125,0.0,1.0,95,False,False,
2022-02-04,BRENT,sanctions,60,1.0,0.0,125,0.0,1.0,65,False,False,
2022-02-04,BRENT,inflation,1,1.0,0.0,125,0.0,1.0,124,False,False,
2022-02-04,BRENT,inflation,7,1.0,0.0,125,0.0,1.0,118,False,False,
2022-02-04,BRENT,inflation,14,1.0,0.0,125,0.0,1.0,111,False,False,
2022-02-04,BRENT,inflation,30,1.0,0.0,125,0.0,1.0,95,False,False,
2022-02-04,BRENT,inflation,60,1.0,0.0,125,0.0,1.0,65,False,False,
2022-02-04,BRENT,banking,1,1.0,0.0,125,0.0,1.0,124,False,False,
2022-02-04,BRENT,banking,7,1.0,0.0,125,0.0,1.0,118,False,False,
2022-02-04,BRENT,banking,14,1.0,0.0,125,0.0,1.0,111,False,False,
2022-02-04,BRENT,banking,30,1.0,0.0,125,0.0,1.0,95,False,False,
2022-02-04,BRENT,banking,60,1.0,0.0,125,0.0,1.0,65,False,False,
2022-02-04,BRENT,gold,1,1.0,0.0,125,0.0,1.0,124,False,False,
2022-02-04,BRENT,gold,7,1.0,0.0,125,0.0,1.0,118,False,False,
2022-02-04,BRENT,gold,14,1.0,0.0,125,0.0,1.0,111,False,False,
2022-02-04,BRENT,gold,30,1.0,0.0,125,0.0,1.0,95,False,False,
2022-02-04,BRENT,gold,60,1.0,0.0,125,0.0,1.0,65,False,False,
2022-02-04,SP500,oil,1,1.0,0.0,125,0.0,1.0,124,False,False,
2022-02-04,SP500,oil,7,1.0,0.0,125,0.0,1.0,118,False,False,
2022-02-04,SP500,oil,14,1.0,0.0,125,0.0,1.0,111,False,False,
2022-02-04,SP500,oil,30,1.0,0.0,125,0.0,1.0,95,False,False,
2022-02-04,SP500,oil,60,1.0,0.0,125,0.0,1.0,65,False,False,
2022-02-04,SP500,rate,1,1.0,0.0,125,0.0,1.0,124,False,False,
2022-02-04,SP500,rate,7,1.0,0.0,125,0.0,1.0,118,False,False,
2022-02-04,SP500,rate,14,1.0,0.0,125,0.0,1.0,111,False,False,
2022-02-04,SP500,rate,30,1.0,0.0,125,0.0,1.0,95,False,False,
2022-02-04,SP500,rate,60,1.0,0.0,125,0.0,1.0,65,False,False,
2022-02-04,SP500,ruble,1,1.0,0.0,125,0.0,1.0,124,False,False,
2022-02-04,SP500,ruble,7,1.0,0.0,125,0.0,1.0,118,False,False,
2022-02-04,SP500,ruble,14,1.0,0.0,125,0.0,1.0,111,False,False,
2022-02-04,SP500,ruble,30,1.0,0.0,125,0.0,1.0,95,False,False,
2022-02-04,SP500,ruble,60,1.0,0.0,125,0.0,1.0,65,False,False,
2022-02-04,SP500,sanctions,1,1.0,0.0,125,0.0,1.0,124,False,False,
2022-02-04,SP500,sanctions,7,1.0,0.0,125,0.0,1.0,118,False,False,
2022-02-04,SP500,sanctions,14,1.0,0.0,125,0.0,1.0,111,False,False,
2022-02-04,SP500,sanctions,30,1.0,0.0,125,0.0,1.0,95,False,False,
2022-02-04,SP500,sanctions,60,1.0,0.0,125,0.0,1.0,65,False,False,
2022-02-04,SP500,inflation,1,1.0,0.0,125,0.0,1.0,124,False,False,
2022-02-04,SP500,inflation,7,1.0,0.0,125,0.0,1.0,118,False,False,
2022-02-04,SP500,inflation,14,1.0,0.0,125,0.0,1.0,111,False,False,
2022-02-04,SP500,inflation,30,1.0,0.0,125,0.0,1.0,95,False,False,
2022-02-04,SP500,inflation,60,1.0,0.0,125,0.0,1.0,65,False,False,
2022-02-04,SP500,banking,1,1.0,0.0,125,0.0,1.0,124,False,False,
2022-02-04,SP500,banking,7,1.0,0.0,125,0.0,1.0,118,False,False,
2022-02-04,SP500,banking,14,1.0,0.0,125,0.0,1.0,111,False,False,
2022-02-04,SP500,banking,30,1.0,0.0,125,0.0,1.0,95,False,False,
2022-02-04,SP500,banking,60,1.0,0.0,125,0.0,1.0,65,False,False,
2022-02-04,SP500,gold,1,1.0,0.0,125,0.0,1.0,124,False,False,
2022-02-04,SP500,gold,7,1.0,0.0,125,0.0,1.0,118,False,False,
2022-02-04,SP500,gold,14,1.0,0.0,125,0.0,1.0,111,False,False,
2022-02-04,SP500,gold,30,1.0,0.0,125,0.0,1.0,95,False,False,
2022-02-04,SP500,gold,60,1.0,0.0,125,0.0,1.0,65,False,False,
2022-02-04,MSCI_WORLD,oil,1,1.0,0.0,125,0.0,1.0,124,False,False,
2022-02-04,MSCI_WORLD,oil,7,1.0,0.0,125,0.0,1.0,118,False,False,
2022-02-04,MSCI_WORLD,oil,14,1.0,0.0,125,0.0,1.0,111,False,False,
2022-02-04,MSCI_WORLD,oil,30,1.0,0.0,125,0.0,1.0,95,False,False,
2022-02-04,MSCI_WORLD,oil,60,1.0,0.0,125,0.0,1.0,65,False,False,
2022-02-04,MSCI_WORLD,rate,1,1.0,0.0,125,0.0,1.0,124,False,False,
2022-02-04,MSCI_WORLD,rate,7,1.0,0.0,125,0.0,1.0,118,False,False,
2022-02-04,MSCI_WORLD,rate,14,1.0,0.0,125,0.0,1.0,111,False,False,
2022-02-04,MSCI_WORLD,rate,30,1.0,0.0,125,0.0,1.0,95,False,False,
2022-02-04,MSCI_WORLD,rate,60,1.0,0.0,125,0.0,1.0,65,False,False,
2022-02-04,MSCI_WORLD,ruble,1,1.0,0.0,125,0.0,1.0,124,False,False,
2022-02-04,MSCI_WORLD,ruble,7,1.0,0.0,125,0.0,1.0,118,False,False,
2022-02-04,MSCI_WORLD,ruble,14,1.0,0.0,125,0.0,1.0,111,False,False,
2022-02-04,MSCI_WORLD,ruble,30,1.0,0.0,125,0.0,1.0,95,False,False,
2022-02-04,MSCI_WORLD,ruble,60,1.0,0.0,125,0.0,1.0,65,False,False,
2022-02-04,MSCI_WORLD,sanctions,1,1.0,0.0,125,0.0,1.0,124,False,False,
2022-02-04,MSCI_WORLD,sanctions,7,1.0,0.0,125,0.0,1.0,118,False,False,
2022-02-04,MSCI_WORLD,sanctions,14,1.0,0.0,125,0.0,1.0,111,False,False,
2022-02-04,MSCI_WORLD,sanctions,30,1.0,0.0,125,0.0,1.0,95,False,False,
2022-02-04,MSCI_WORLD,sanctions,60,1.0,0.0,125,0.0,1.0,65,False,False,
2022-02-04,MSCI_WORLD,inflation,1,1.0,0.0,125,0.0,1.0,124,False,False,
2022-02-04,MSCI_WORLD,inflation,7,1.0,0.0,125,0.0,1.0,118,False,False,
2022-02-04,MSCI_WORLD,inflation,14,1.0,0.0,125,0.0,1.0,111,False,False,
2022-02-04,MSCI_WORLD,inflation,30,1.0,0.0,125,0.0,1.0,95,False,False,
2022-02-04,MSCI_WORLD,inflation,60,1.0,0.0,125,0.0,1.0,65,False,False,
2022-02-04,MSCI_WORLD,banking,1,1.0,0.0,125,0.0,1.0,124,False,False,
2022-02-04,MSCI_WORLD,banking,7,1.0,0.0,125,0.0,1.0,118,False,False,
2022-02-04,MSCI_WORLD,banking,14,1.0,0.0,125,0.0,1.0,111,False,False,
2022-02-04,MSCI_WORLD,banking,30,1.0,0.0,125,0.0,1.0,95,False,False,
2022-02-04,MSCI_WORLD,banking,60,1.0,0.0,125,0.0,1.0,65,False,False,
2022-02-04,MSCI_WORLD,gold,1,1.0,0.0,125,0.0,1.0,124,False,False,
2022-02-04,MSCI_WORLD,gold,7,1.0,0.0,125,0.0,1.0,118,False,False,
2022-02-04,MSCI_WORLD,gold,14,1.0,0.0,125,0.0,1.0,111,False,False,
2022-02-04,MSCI_WORLD,gold,30,1.0,0.0,125,0.0,1.0,95,False,False,
2022-02-04,MSCI_WORLD,gold,60,1.0,0.0,125,0.0,1.0,65,False,False,
2022-02-04,DXY,oil,1,1.0,0.0,125,0.0,1.0,124,False,False,
2022-02-04,DXY,oil,7,1.0,0.0,125,0.0,1.0,118,False,False,
2022-02-04,DXY,oil,14,1.0,0.0,125,0.0,1.0,111,False,False,
2022-02-04,DXY,oil,30,1.0,0.0,125,0.0,1.0,95,False,False,
2022-02-04,DXY,oil,60,1.0,0.0,125,0.0,1.0,65,False,False,
2022-02-04,DXY,rate,1,1.0,0.0,125,0.0,1.0,124,False,False,
2022-02-04,DXY,rate,7,1.0,0.0,125,0.0,1.0,118,False,False,
2022-02-04,DXY,rate,14,1.0,0.0,125,0.0,1.0,111,False,False,
2022-02-04,DXY,rate,30,1.0,0.0,125,0.0,1.0,95,False,False,
2022-02-04,DXY,rate,60,1.0,0.0,125,0.0,1.0,65,False,False,
2022-02-04,DXY,ruble,1,1.0,0.0,125,0.0,1.0,124,False,False,
2022-02-04,DXY,ruble,7,1.0,0.0,125,0.0,1.0,118,False,False,
2022-02-04,DXY,ruble,14,1.0,0.0,125,0.0,1.0,111,False,False,
2022-02-04,DXY,ruble,30,1.0,0.0,125,0.0,1.0,95,False,False,
2022-02-04,DXY,ruble,60,1.0,0.0,125,0.0,1.0,65,False,False,
2022-02-04,DXY,sanctions,1,1.0,0.0,125,0.0,1.0,124,False,False,
2022-02-04,DXY,sanctions,7,1.0,0.0,125,0.0,1.0,118,False,False,
2022-02-04,DXY,sanctions,14,1.0,0.0,125,0.0,1.0,111,False,False,
2022-02-04,DXY,sanctions,30,1.0,0.0,125,0.0,1.0,95,False,False,
2022-02-04,DXY,sanctions,60,1.0,0.0,125,0.0,1.0,65,False,False,
2022-02-04,DXY,inflation,1,1.0,0.0,125,0.0,1.0,124,False,False,
2022-02-04,DXY,inflation,7,1.0,0.0,125,0.0,1.0,118,False,False,
2022-02-04,DXY,inflation,14,1.0,0.0,125,0.0,1.0,111,False,False,
2022-02-04,DXY,inflation,30,1.0,0.0,125,0.0,1.0,95,False,False,
2022-02-04,DXY,inflation,60,1.0,0.0,125,0.0,1.0,65,False,False,
2022-02-04,DXY,banking,1,1.0,0.0,125,0.0,1.0,124,False,False,
2022-02-04,DXY,banking,7,1.0,0.0,125,0.0,1.0,118,False,False,
2022-02-04,DXY,banking,14,1.0,0.0,125,0.0,1.0,111,False,False,
2022-02-04,DXY,banking,30,1.0,0.0,125,0.0,1.0,95,False,False,
2022-02-04,DXY,banking,60,1.0,0.0,125,0.0,1.0,65,False,False,
2022-02-04,DXY,gold,1,1.0,0.0,125,0.0,1.0,124,False,False,
2022-02-04,DXY,gold,7,1.0,0.0,125,0.0,1.0,118,False,False,
2022-02-04,DXY,gold,14,1.0,0.0,125,0.0,1.0,111,False,False,
2022-02-04,DXY,gold,30,1.0,0.0,125,0.0,1.0,95,False,False,
2022-02-04,DXY,gold,60,1.0,0.0,125,0.0,1.0,65,False,False,
2022-02-04,MSCI_INDIA,oil,1,1.0,0.0,125,0.0,1.0,124,False,False,
2022-02-04,MSCI_INDIA,oil,7,1.0,0.0,125,0.0,1.0,118,False,False,
2022-02-04,MSCI_INDIA,oil,14,1.0,0.0,125,0.0,1.0,111,False,False,
2022-02-04,MSCI_INDIA,oil,30,1.0,0.0,125,0.0,1.0,95,False,False,
2022-02-04,MSCI_INDIA,oil,60,1.0,0.0,125,0.0,1.0,65,False,False,
2022-02-04,MSCI_INDIA,rate,1,1.0,0.0,125,0.0,1.0,124,False,False,
2022-02-04,MSCI_INDIA,rate,7,1.0,0.0,125,0.0,1.0,118,False,False,
2022-02-04,MSCI_INDIA,rate,14,1.0,0.0,125,0.0,1.0,111,False,False,
2022-02-04,MSCI_INDIA,rate,30,1.0,0.0,125,0.0,1.0,95,False,False,
2022-02-04,MSCI_INDIA,rate,60,1.0,0.0,125,0.0,1.0,65,False,False,
2022-02-04,MSCI_INDIA,ruble,1,1.0,0.0,125,0.0,1.0,124,False,False,
2022-02-04,MSCI_INDIA,ruble,7,1.0,0.0,125,0.0,1.0,118,False,False,
2022-02-04,MSCI_INDIA,ruble,14,1.0,0.0,125,0.0,1.0,111,False,False,
2022-02-04,MSCI_INDIA,ruble,30,1.0,0.0,125,0.0,1.0,95,False,False,
2022-02-04,MSCI_INDIA,ruble,60,1.0,0.0,125,0.0,1.0,65,False,False,
2022-02-04,MSCI_INDIA,sanctions,1,1.0,0.0,125,0.0,1.0,124,False,False,
2022-02-04,MSCI_INDIA,sanctions,7,1.0,0.0,125,0.0,1.0,118,False,False,
2022-02-04,MSCI_INDIA,sanctions,14,1.0,0.0,125,0.0,1.0,111,False,False,
2022-02-04,MSCI_INDIA,sanctions,30,1.0,0.0,125,0.0,1.0,95,False,False,
2022-02-04,MSCI_INDIA,sanctions,60,1.0,0.0,125,0.0,1.0,65,False,False,
2022-02-04,MSCI_INDIA,inflation,1,1.0,0.0,125,0.0,1.0,124,False,False,
2022-02-04,MSCI_INDIA,inflation,7,1.0,0.0,125,0.0,1.0,118,False,False,
2022-02-04,MSCI_INDIA,inflation,14,1.0,0.0,125,0.0,1.0,111,False,False,
2022-02-04,MSCI_INDIA,inflation,30,1.0,0.0,125,0.0,1.0,95,False,False,
2022-02-04,MSCI_INDIA,inflation,60,1.0,0.0,125,0.0,1.0,65,False,False,
2022-02-04,MSCI_INDIA,banking,1,1.0,0.0,125,0.0,1.0,124,False,False,
2022-02-04,MSCI_INDIA,banking,7,1.0,0.0,125,0.0,1.0,118,False,False,
2022-02-04,MSCI_INDIA,banking,14,1.0,0.0,125,0.0,1.0,111,False,False,
2022-02-04,MSCI_INDIA,banking,30,1.0,0.0,125,0.0,1.0,95,False,False,
2022-02-04,MSCI_INDIA,banking,60,1.0,0.0,125,0.0,1.0,65,False,False,
2022-02-04,MSCI_INDIA,gold,1,1.0,0.0,125,0.0,1.0,124,False,False,
2022-02-04,MSCI_INDIA,gold,7,1.0,0.0,125,0.0,1.0,118,False,False,
2022-02-04,MSCI_INDIA,gold,14,1.0,0.0,125,0.0,1.0,111,False,False,
2022-02-04,MSCI_INDIA,gold,30,1.0,0.0,125,0.0,1.0,95,False,False,
2022-02-04,MSCI_INDIA,gold,60,1.0,0.0,125,0.0,1.0,65,False,False,
2022-02-07,USD_RUB,oil,1,1.0,0.0,125,0.0,1.0,124,False,False,
2022-02-07,USD_RUB,oil,7,1.0,0.0,125,0.0,1.0,118,False,False,
2022-02-07,USD_RUB,oil,14,1.0,0.0,125,0.0,1.0,111,False,False,
2022-02-07,USD_RUB,oil,30,1.0,0.0,125,0.0,1.0,95,False,False,
2022-02-07,USD_RUB,oil,60,1.0,0.0,125,0.0,1.0,65,False,False,
2022-02-07,USD_RUB,rate,1,1.0,0.0,125,0.0,1.0,124,False,False,
2022-02-07,USD_RUB,rate,7,1.0,0.0,125,0.0,1.0,118,False,False,
2022-02-07,USD_RUB,rate,14,1.0,0.0,125,0.0,1.0,111,False,False,
2022-02-07,USD_RUB,rate,30,1.0,0.0,125,0.0,1.0,95,False,False,
2022-02-07,USD_RUB,rate,60,1.0,0.0,125,0.0,1.0,65,False,False,
2022-02-07,USD_RUB,ruble,1,1.0,0.0,125,0.0,1.0,124,False,False,
2022-02-07,USD_RUB,ruble,7,1.0,0.0,125,0.0,1.0,118,False,False,
2022-02-07,USD_RUB,ruble,14,1.0,0.0,125,0.0,1.0,111,False,False,
2022-02-07,USD_RUB,ruble,30,1.0,0.0,125,0.0,1.0,95,False,False,
2022-02-07,USD_RUB,ruble,60,1.0,0.0,125,0.0,1.0,65,False,False,
2022-02-07,USD_RUB,sanctions,1,1.0,0.0,125,0.0,1.0,124,False,False,
2022-02-07,USD_RUB,sanctions,7,1.0,0.0,125,0.0,1.0,118,False,False,
2022-02-07,USD_RUB,sanctions,14,1.0,0.0,125,0.0,1.0,111,False,False,
2022-02-07,USD_RUB,sanctions,30,1.0,0.0,125,0.0,1.0,95,False,False,
2022-02-07,USD_RUB,sanctions,60,1.0,0.0,125,0.0,1.0,65,False,False,
2022-02-07,USD_RUB,inflation,1,1.0,0.0,125,0.0,1.0,124,False,False,
2022-02-07,USD_RUB,inflation,7,1.0,0.0,125,0.0,1.0,118,False,False,
2022-02-07,USD_RUB,inflation,14,1.0,0.0,125,0.0,1.0,111,False,False,
2022-02-07,USD_RUB,inflation,30,1.0,0.0,125,0.0,1.0,95,False,False,
2022-02-07,USD_RUB,inflation,60,1.0,0.0,125,0.0,1.0,65,False,False,
2022-02-07,USD_RUB,banking,1,1.0,0.0,125,0.0,1.0,124,False,False,
2022-02-07,USD_RUB,banking,7,1.0,0.0,125,0.0,1.0,118,False,False,
2022-02-07,USD_RUB,banking,14,1.0,0.0,125,0.0,1.0,111,False,False,
2022-02-07,USD_RUB,banking,30,1.0,0.0,125,0.0,1.0,95,False,False,
2022-02-07,USD_RUB,banking,60,1.0,0.0,125,0.0,1.0,65,False,False,
2022-02-07,USD_RUB,gold,1,1.0,0.0,125,0.0,1.0,124,False,False,
2022-02-07,USD_RUB,gold,7,1.0,0.0,125,0.0,1.0,118,False,False,
2022-02-07,USD_RUB,gold,14,1.0,0.0,125,0.0,1.0,111,False,False,
2022-02-07,USD_RUB,gold,30,1.0,0.0,125,0.0,1.0,95,False,False,
2022-02-07,USD_RUB,gold,60,1.0,0.0,125,0.0,1.0,65,False,False,
2022-02-07,EUR_RUB,oil,1,1.0,0.0,125,0.0,1.0,124,False,False,
2022-02-07,EUR_RUB,oil,7,1.0,0.0,125,0.0,1.0,118,False,False,
2022-02-07,EUR_RUB,oil,14,1.0,0.0,125,0.0,1.0,111,False,False,
2022-02-07,EUR_RUB,oil,30,1.0,0.0,125,0.0,1.0,95,False,False,
2022-02-07,EUR_RUB,oil,60,1.0,0.0,125,0.0,1.0,65,False,False,
2022-02-07,EUR_RUB,rate,1,1.0,0.0,125,0.0,1.0,124,False,False,
2022-02-07,EUR_RUB,rate,7,1.0,0.0,125,0.0,1.0,118,False,False,
2022-02-07,EUR_RUB,rate,14,1.0,0.0,125,0.0,1.0,111,False,False,
2022-02-07,EUR_RUB,rate,30,1.0,0.0,125,0.0,1.0,95,False,False,
2022-02-07,EUR_RUB,rate,60,1.0,0.0,125,0.0,1.0,65,False,False,
2022-02-07,EUR_RUB,ruble,1,1.0,0.0,125,0.0,1.0,124,False,False,
2022-02-07,EUR_RUB,ruble,7,1.0,0.0,125,0.0,1.0,118,False,False,
2022-02-07,EUR_RUB,ruble,14,1.0,0.0,125,0.0,1.0,111,False,False,
2022-02-07,EUR_RUB,ruble,30,1.0,0.0,125,0.0,1.0,95,False,False,
2022-02-07,EUR_RUB,ruble,60,1.0,0.0,125,0.0,1.0,65,False,False,
2022-02-07,EUR_RUB,sanctions,1,1.0,0.0,125,0.0,1.0,124,False,False,
2022-02-07,EUR_RUB,sanctions,7,1.0,0.0,125,0.0,1.0,118,False,False,
2022-02-07,EUR_RUB,sanctions,14,1.0,0.0,125,0.0,1.0,111,False,False,
2022-02-07,EUR_RUB,sanctions,30,1.0,0.0,125,0.0,1.0,95,False,False,
2022-02-07,EUR_RUB,sanctions,60,1.0,0.0,125,0.0,1.0,65,False,False,
2022-02-07,EUR_RUB,inflation,1,1.0,0.0,125,0.0,1.0,124,False,False,
2022-02-07,EUR_RUB,inflation,7,1.0,0.0,125,0.0,1.0,118,False,False,
2022-02-07,EUR_RUB,inflation,14,1.0,0.0,125,0.0,1.0,111,False,False,
2022-02-07,EUR_RUB,inflation,30,1.0,0.0,125,0.0,1.0,95,False,False,
2022-02-07,EUR_RUB,inflation,60,1.0,0.0,125,0.0,1.0,65,False,False,
2022-02-07,EUR_RUB,banking,1,1.0,0.0,125,0.0,1.0,124,False,False,
2022-02-07,EUR_RUB,banking,7,1.0,0.0,125,0.0,1.0,118,False,False,
2022-02-07,EUR_RUB,banking,14,1.0,0.0,125,0.0,1.0,111,False,False,
2022-02-07,EUR_RUB,banking,30,1.0,0.0,125,0.0,1.0,95,False,False,
2022-02-07,EUR_RUB,banking,60,1.0,0.0,125,0.0,1.0,65,False,False,
2022-02-07,EUR_RUB,gold,1,1.0,0.0,125,0.0,1.0,124,False,False,
2022-02-07,EUR_RUB,gold,7,1.0,0.0,125,0.0,1.0,118,False,False,
2022-02-07,EUR_RUB,gold,14,1.0,0.0,125,0.0,1.0,111,False,False,
2022-02-07,EUR_RUB,gold,30,1.0,0.0,125,0.0,1.0,95,False,False,
2022-02-07,EUR_RUB,gold,60,1.0,0.0,125,0.0,1.0,65,False,False,
2022-02-07,BRENT,oil,1,1.0,0.0,125,0.0,1.0,124,False,False,
2022-02-07,BRENT,oil,7,1.0,0.0,125,0.0,1.0,118,False,False,
2022-02-07,BRENT,oil,14,1.0,0.0,125,0.0,1.0,111,False,False,
2022-02-07,BRENT,oil,30,1.0,0.0,125,0.0,1.0,95,False,False,
2022-02-07,BRENT,oil,60,1.0,0.0,125,0.0,1.0,65,False,False,
2022-02-07,BRENT,rate,1,1.0,0.0,125,0.0,1.0,124,False,False,
2022-02-07,BRENT,rate,7,1.0,0.0,125,0.0,1.0,118,False,False,
2022-02-07,BRENT,rate,14,1.0,0.0,125,0.0,1.0,111,False,False,
2022-02-07,BRENT,rate,30,1.0,0.0,125,0.0,1.0,95,False,False,
2022-02-07,BRENT,rate,60,1.0,0.0,125,0.0,1.0,65,False,False,
2022-02-07,BRENT,ruble,1,1.0,0.0,125,0.0,1.0,124,False,False,
2022-02-07,BRENT,ruble,7,1.0,0.0,125,0.0,1.0,118,False,False,
2022-02-07,BRENT,ruble,14,1.0,0.0,125,0.0,1.0,111,False,False,
2022-02-07,BRENT,ruble,30,1.0,0.0,125,0.0,1.0,95,False,False,
2022-02-07,BRENT,ruble,60,1.0,0.0,125,0.0,1.0,65,False,False,
2022-02-07,BRENT,sanctions,1,1.0,0.0,125,0.0,1.0,124,False,False,
2022-02-07,BRENT,sanctions,7,1.0,0.0,125,0.0,1.0,118,False,False,
2022-02-07,BRENT,sanctions,14,1.0,0.0,125,0.0,1.0,111,False,False,
2022-02-07,BRENT,sanctions,30,1.0,0.0,125,0.0,1.0,95,False,False,
2022-02-07,BRENT,sanctions,60,1.0,0.0,125,0.0,1.0,65,False,False,
2022-02-07,BRENT,inflation,1,1.0,0.0,125,0.0,1.0,124,False,False,
2022-02-07,BRENT,inflation,7,1.0,0.0,125,0.0,1.0,118,False,False,
2022-02-07,BRENT,inflation,14,1.0,0.0,125,0.0,1.0,111,False,False,
2022-02-07,BRENT,inflation,30,1.0,0.0,125,0.0,1.0,95,False,False,
2022-02-07,BRENT,inflation,60,1.0,0.0,125,0.0,1.0,65,False,False,
2022-02-07,BRENT,banking,1,1.0,0.0,125,0.0,1.0,124,False,False,
2022-02-07,BRENT,banking,7,1.0,0.0,125,0.0,1.0,118,False,False,
2022-02-07,BRENT,banking,14,1.0,0.0,125,0.0,1.0,111,False,False,
2022-02-07,BRENT,banking,30,1.0,0.0,125,0.0,1.0,95,False,False,
2022-02-07,BRENT,banking,60,1.0,0.0,125,0.0,1.0,65,False,False,
2022-02-07,BRENT,gold,1,1.0,0.0,125,0.0,1.0,124,False,False,
2022-02-07,BRENT,gold,7,1.0,0.0,125,0.0,1.0,118,False,False,
2022-02-07,BRENT,gold,14,1.0,0.0,125,0.0,1.0,111,False,False,
2022-02-07,BRENT,gold,30,1.0,0.0,125,0.0,1.0,95,False,False,
2022-02-07,BRENT,gold,60,1.0,0.0,125,0.0,1.0,65,False,False,
2022-02-07,SP500,oil,1,1.0,0.0,125,0.0,1.0,124,False,False,
2022-02-07,SP500,oil,7,1.0,0.0,125,0.0,1.0,118,False,False,
2022-02-07,SP500,oil,14,1.0,0.0,125,0.0,1.0,111,False,False,
2022-02-07,SP500,oil,30,1.0,0.0,125,0.0,1.0,95,False,False,
2022-02-07,SP500,oil,60,1.0,0.0,125,0.0,1.0,65,False,False,
2022-02-07,SP500,rate,1,1.0,0.0,125,0.0,1.0,124,False,False,
2022-02-07,SP500,rate,7,1.0,0.0,125,0.0,1.0,118,False,False,
2022-02-07,SP500,rate,14,1.0,0.0,125,0.0,1.0,111,False,False,
2022-02-07,SP500,rate,30,1.0,0.0,125,0.0,1.0,95,False,False,
2022-02-07,SP500,rate,60,1.0,0.0,125,0.0,1.0,65,False,False,
2022-02-07,SP500,ruble,1,1.0,0.0,125,0.0,1.0,124,False,False,
2022-02-07,SP500,ruble,7,1.0,0.0,125,0.0,1.0,118,False,False,
2022-02-07,SP500,ruble,14,1.0,0.0,125,0.0,1.0,111,False,False,
2022-02-07,SP500,ruble,30,1.0,0.0,125,0.0,1.0,95,False,False,
2022-02-07,SP500,ruble,60,1.0,0.0,125,0.0,1.0,65,False,False,
2022-02-07,SP500,sanctions,1,1.0,0.0,125,0.0,1.0,124,False,False,
2022-02-07,SP500,sanctions,7,1.0,0.0,125,0.0,1.0,118,False,False,
2022-02-07,SP500,sanctions,14,1.0,0.0,125,0.0,1.0,111,False,False,
2022-02-07,SP500,sanctions,30,1.0,0.0,125,0.0,1.0,95,False,False,
2022-02-07,SP500,sanctions,60,1.0,0.0,125,0.0,1.0,65,False,False,
2022-02-07,SP500,inflation,1,1.0,0.0,125,0.0,1.0,124,False,False,
2022-02-07,SP500,inflation,7,1.0,0.0,125,0.0,1.0,118,False,False,
2022-02-07,SP500,inflation,14,1.0,0.0,125,0.0,1.0,111,False,False,
2022-02-07,SP500,inflation,30,1.0,0.0,125,0.0,1.0,95,False,False,
2022-02-07,SP500,inflation,60,1.0,0.0,125,0.0,1.0,65,False,False,
2022-02-07,SP500,banking,1,1.0,0.0,125,0.0,1.0,124,False,False,
2022-02-07,SP500,banking,7,1.0,0.0,125,0.0,1.0,118,False,False,
2022-02-07,SP500,banking,14,1.0,0.0,125,0.0,1.0,111,False,False,
2022-02-07,SP500,banking,30,1.0,0.0,125,0.0,1.0,95,False,False,
2022-02-07,SP500,banking,60,1.0,0.0,125,0.0,1.0,65,False,False,
2022-02-07,SP500,gold,1,1.0,0.0,125,0.0,1.0,124,False,False,
2022-02-07,SP500,gold,7,1.0,0.0,125,0.0,1.0,118,False,False,
2022-02-07,SP500,gold,14,1.0,0.0,125,0.0,1.0,111,False,False,
2022-02-07,SP500,gold,30,1.0,0.0,125,0.0,1.0,95,False,False,
2022-02-07,SP500,gold,60,1.0,0.0,125,0.0,1.0,65,False,False,
2022-02-07,MSCI_WORLD,oil,1,1.0,0.0,125,0.0,1.0,124,False,False,
2022-02-07,MSCI_WORLD,oil,7,1.0,0.0,125,0.0,1.0,118,False,False,
2022-02-07,MSCI_WORLD,oil,14,1.0,0.0,125,0.0,1.0,111,False,False,
2022-02-07,MSCI_WORLD,oil,30,1.0,0.0,125,0.0,1.0,95,False,False,
2022-02-07,MSCI_WORLD,oil,60,1.0,0.0,125,0.0,1.0,65,False,False,
2022-02-07,MSCI_WORLD,rate,1,1.0,0.0,125,0.0,1.0,124,False,False,
2022-02-07,MSCI_WORLD,rate,7,1.0,0.0,125,0.0,1.0,118,False,False,
2022-02-07,MSCI_WORLD,rate,14,1.0,0.0,125,0.0,1.0,111,False,False,
2022-02-07,MSCI_WORLD,rate,30,1.0,0.0,125,0.0,1.0,95,False,False,
2022-02-07,MSCI_WORLD,rate,60,1.0,0.0,125,0.0,1.0,65,False,False,
2022-02-07,MSCI_WORLD,ruble,1,1.0,0.0,125,0.0,1.0,124,False,False,
2022-02-07,MSCI_WORLD,ruble,7,1.0,0.0,125,0.0,1.0,118,False,False,
2022-02-07,MSCI_WORLD,ruble,14,1.0,0.0,125,0.0,1.0,111,False,False,
2022-02-07,MSCI_WORLD,ruble,30,1.0,0.0,125,0.0,1.0,95,False,False,
2022-02-07,MSCI_WORLD,ruble,60,1.0,0.0,125,0.0,1.0,65,False,False,
2022-02-07,MSCI_WORLD,sanctions,1,1.0,0.0,125,0.0,1.0,124,False,False,
2022-02-07,MSCI_WORLD,sanctions,7,1.0,0.0,125,0.0,1.0,118,False,False,
2022-02-07,MSCI_WORLD,sanctions,14,1.0,0.0,125,0.0,1.0,111,False,False,
2022-02-07,MSCI_WORLD,sanctions,30,1.0,0.0,125,0.0,1.0,95,False,False,
2022-02-07,MSCI_WORLD,sanctions,60,1.0,0.0,125,0.0,1.0,65,False,False,
2022-02-07,MSCI_WORLD,inflation,1,1.0,0.0,125,0.0,1.0,124,False,False,
2022-02-07,MSCI_WORLD,inflation,7,1.0,0.0,125,0.0,1.0,118,False,False,
2022-02-07,MSCI_WORLD,inflation,14,1.0,0.0,125,0.0,1.0,111,False,False,
2022-02-07,MSCI_WORLD,inflation,30,1.0,0.0,125,0.0,1.0,95,False,False,
2022-02-07,MSCI_WORLD,inflation,60,1.0,0.0,125,0.0,1.0,65,False,False,
2022-02-07,MSCI_WORLD,banking,1,1.0,0.0,125,0.0,1.0,124,False,False,
2022-02-07,MSCI_WORLD,banking,7,1.0,0.0,125,0.0,1.0,118,False,False,
2022-02-07,MSCI_WORLD,banking,14,1.0,0.0,125,0.0,1.0,111,False,False,
2022-02-07,MSCI_WORLD,banking,30,1.0,0.0,125,0.0,1.0,95,False,False,
2022-02-07,MSCI_WORLD,banking,60,1.0,0.0,125,0.0,1.0,65,False,False,
2022-02-07,MSCI_WORLD,gold,1,1.0,0.0,125,0.0,1.0,124,False,False,
2022-02-07,MSCI_WORLD,gold,7,1.0,0.0,125,0.0,1.0,118,False,False,
2022-02-07,MSCI_WORLD,gold,14,1.0,0.0,125,0.0,1.0,111,False,False,
2022-02-07,MSCI_WORLD,gold,30,1.0,0.0,125,0.0,1.0,95,False,False,
2022-02-07,MSCI_WORLD,gold,60,1.0,0.0,125,0.0,1.0,65,False,False,
2022-02-07,DXY,oil,1,1.0,0.0,125,0.0,1.0,124,False,False,
2022-02-07,DXY,oil,7,1.0,0.0,125,0.0,1.0,118,False,False,
2022-02-07,DXY,oil,14,1.0,0.0,125,0.0,1.0,111,False,False,
2022-02-07,DXY,oil,30,1.0,0.0,125,0.0,1.0,95,False,False,
2022-02-07,DXY,oil,60,1.0,0.0,125,0.0,1.0,65,False,False,
2022-02-07,DXY,rate,1,1.0,0.0,125,0.0,1.0,124,False,False,
2022-02-07,DXY,rate,7,1.0,0.0,125,0.0,1.0,118,False,False,
2022-02-07,DXY,rate,14,1.0,0.0,125,0.0,1.0,111,False,False,
2022-02-07,DXY,rate,30,1.0,0.0,125,0.0,1.0,95,False,False,
2022-02-07,DXY,rate,60,1.0,0.0,125,0.0,1.0,65,False,False,
2022-02-07,DXY,ruble,1,1.0,0.0,125,0.0,1.0,124,False,False,
2022-02-07,DXY,ruble,7,1.0,0.0,125,0.0,1.0,118,False,False,
2022-02-07,DXY,ruble,14,1.0,0.0,125,0.0,1.0,111,False,False,
2022-02-07,DXY,ruble,30,1.0,0.0,125,0.0,1.0,95,False,False,
2022-02-07,DXY,ruble,60,1.0,0.0,125,0.0,1.0,65,False,False,
2022-02-07,DXY,sanctions,1,1.0,0.0,125,0.0,1.0,124,False,False,
2022-02-07,DXY,sanctions,7,1.0,0.0,125,0.0,1.0,118,False,False,
2022-02-07,DXY,sanctions,14,1.0,0.0,125,0.0,1.0,111,False,False,
2022-02-07,DXY,sanctions,30,1.0,0.0,125,0.0,1.0,95,False,False,
2022-02-07,DXY,sanctions,60,1.0,0.0,125,0.0,1.0,65,False,False,
2022-02-07,DXY,inflation,1,1.0,0.0,125,0.0,1.0,124,False,False,
2022-02-07,DXY,inflation,7,1.0,0.0,125,0.0,1.0,118,False,False,
2022-02-07,DXY,inflation,14,1.0,0.0,125,0.0,1.0,111,False,False,
2022-02-07,DXY,inflation,30,1.0,0.0,125,0.0,1.0,95,False,False,
2022-02-07,DXY,inflation,60,1.0,0.0,125,0.0,1.0,65,False,False,
2022-02-07,DXY,banking,1,1.0,0.0,125,0.0,1.0,124,False,False,
2022-02-07,DXY,banking,7,1.0,0.0,125,0.0,1.0,118,False,False,
2022-02-07,DXY,banking,14,1.0,0.0,125,0.0,1.0,111,False,False,
2022-02-07,DXY,banking,30,1.0,0.0,125,0.0,1.0,95,False,False,
2022-02-07,DXY,banking,60,1.0,0.0,125,0.0,1.0,65,False,False,
2022-02-07,DXY,gold,1,1.0,0.0,125,0.0,1.0,124,False,False,
2022-02-07,DXY,gold,7,1.0,0.0,125,0.0,1.0,118,False,False,
2022-02-07,DXY,gold,14,1.0,0.0,125,0.0,1.0,111,False,False,
2022-02-07,DXY,gold,30,1.0,0.0,125,0.0,1.0,95,False,False,
2022-02-07,DXY,gold,60,1.0,0.0,125,0.0,1.0,65,False,False,
2022-02-07,MSCI_INDIA,oil,1,1.0,0.0,125,0.0,1.0,124,False,False,
2022-02-07,MSCI_INDIA,oil,7,1.0,0.0,125,0.0,1.0,118,False,False,
2022-02-07,MSCI_INDIA,oil,14,1.0,0.0,125,0.0,1.0,111,False,False,
2022-02-07,MSCI_INDIA,oil,30,1.0,0.0,125,0.0,1.0,95,False,False,
2022-02-07,MSCI_INDIA,oil,60,1.0,0.0,125,0.0,1.0,65,False,False,
2022-02-07,MSCI_INDIA,rate,1,1.0,0.0,125,0.0,1.0,124,False,False,
2022-02-07,MSCI_INDIA,rate,7,1.0,0.0,125,0.0,1.0,118,False,False,
2022-02-07,MSCI_INDIA,rate,14,1.0,0.0,125,0.0,1.0,111,False,False,
2022-02-07,MSCI_INDIA,rate,30,1.0,0.0,125,0.0,1.0,95,False,False,
2022-02-07,MSCI_INDIA,rate,60,1.0,0.0,125,0.0,1.0,65,False,False,
2022-02-07,MSCI_INDIA,ruble,1,1.0,0.0,125,0.0,1.0,124,False,False,
2022-02-07,MSCI_INDIA,ruble,7,1.0,0.0,125,0.0,1.0,118,False,False,
2022-02-07,MSCI_INDIA,ruble,14,1.0,0.0,125,0.0,1.0,111,False,False,
2022-02-07,MSCI_INDIA,ruble,30,1.0,0.0,125,0.0,1.0,95,False,False,
2022-02-07,MSCI_INDIA,ruble,60,1.0,0.0,125,0.0,1.0,65,False,False,
2022-02-07,MSCI_INDIA,sanctions,1,1.0,0.0,125,0.0,1.0,124,False,False,
2022-02-07,MSCI_INDIA,sanctions,7,1.0,0.0,125,0.0,1.0,118,False,False,
2022-02-07,MSCI_INDIA,sanctions,14,1.0,0.0,125,0.0,1.0,111,False,False,
2022-02-07,MSCI_INDIA,sanctions,30,1.0,0.0,125,0.0,1.0,95,False,False,
2022-02-07,MSCI_INDIA,sanctions,60,1.0,0.0,125,0.0,1.0,65,False,False,
2022-02-07,MSCI_INDIA,inflation,1,1.0,0.0,125,0.0,1.0,124,False,False,
2022-02-07,MSCI_INDIA,inflation,7,1.0,0.0,125,0.0,1.0,118,False,False,
2022-02-07,MSCI_INDIA,inflation,14,1.0,0.0,125,0.0,1.0,111,False,False,
2022-02-07,MSCI_INDIA,inflation,30,1.0,0.0,125,0.0,1.0,95,False,False,
2022-02-07,MSCI_INDIA,inflation,60,1.0,0.0,125,0.0,1.0,65,False,False,
2022-02-07,MSCI_INDIA,banking,1,1.0,0.0,125,0.0,1.0,124,False,False,
2022-02-07,MSCI_INDIA,banking,7,1.0,0.0,125,0.0,1.0,118,False,False,
2022-02-07,MSCI_INDIA,banking,14,1.0,0.0,125,0.0,1.0,111,False,False,
2022-02-07,MSCI_INDIA,banking,30,1.0,0.0,125,0.0,1.0,95,False,False,
2022-02-07,MSCI_INDIA,banking,60,1.0,0.0,125,0.0,1.0,65,False,False,
2022-02-07,MSCI_INDIA,gold,1,1.0,0.0,125,0.0,1.0,124,False,False,
2022-02-07,MSCI_INDIA,gold,7,1.0,0.0,125,0.0,1.0,118,False,False,
2022-02-07,MSCI_INDIA,gold,14,1.0,0.0,125,0.0,1.0,111,False,False,
2022-02-07,MSCI_INDIA,gold,30,1.0,0.0,125,0.0,1.0,95,False,False,
2022-02-07,MSCI_INDIA,gold,60,1.0,0.0,125,0.0,1.0,65,False,False,
2022-02-10,USD_RUB,oil,1,1.0,0.0,125,0.0,1.0,124,False,False,
2022-02-10,USD_RUB,oil,7,1.0,0.0,125,0.0,1.0,118,False,False,
2022-02-10,USD_RUB,oil,14,1.0,0.0,125,0.0,1.0,111,False,False,
2022-02-10,USD_RUB,oil,30,1.0,0.0,125,0.0,1.0,95,False,False,
2022-02-10,USD_RUB,oil,60,1.0,0.0,125,0.0,1.0,65,False,False,
2022-02-10,USD_RUB,rate,1,1.0,0.0,125,0.0,1.0,124,False,False,
2022-02-10,USD_RUB,rate,7,1.0,0.0,125,0.0,1.0,118,False,False,
2022-02-10,USD_RUB,rate,14,1.0,0.0,125,0.0,1.0,111,False,False,
2022-02-10,USD_RUB,rate,30,1.0,0.0,125,0.0,1.0,95,False,False,
2022-02-10,USD_RUB,rate,60,1.0,0.0,125,0.0,1.0,65,False,False,
2022-02-10,USD_RUB,ruble,1,1.0,0.0,125,0.0,1.0,124,False,False,
2022-02-10,USD_RUB,ruble,7,1.0,0.0,125,0.0,1.0,118,False,False,
2022-02-10,USD_RUB,ruble,14,1.0,0.0,125,0.0,1.0,111,False,False,
2022-02-10,USD_RUB,ruble,30,1.0,0.0,125,0.0,1.0,95,False,False,
2022-02-10,USD_RUB,ruble,60,1.0,0.0,125,0.0,1.0,65,False,False,
2022-02-10,USD_RUB,sanctions,1,1.0,0.0,125,0.0,1.0,124,False,False,
2022-02-10,USD_RUB,sanctions,7,1.0,0.0,125,0.0,1.0,118,False,False,
2022-02-10,USD_RUB,sanctions,14,1.0,0.0,125,0.0,1.0,111,False,False,
2022-02-10,USD_RUB,sanctions,30,1.0,0.0,125,0.0,1.0,95,False,False,
2022-02-10,USD_RUB,sanctions,60,1.0,0.0,125,0.0,1.0,65,False,False,
2022-02-10,USD_RUB,inflation,1,1.0,0.0,125,0.0,1.0,124,False,False,
2022-02-10,USD_RUB,inflation,7,1.0,0.0,125,0.0,1.0,118,False,False,
2022-02-10,USD_RUB,inflation,14,1.0,0.0,125,0.0,1.0,111,False,False,
2022-02-10,USD_RUB,inflation,30,1.0,0.0,125,0.0,1.0,95,False,False,
2022-02-10,USD_RUB,inflation,60,1.0,0.0,125,0.0,1.0,65,False,False,
2022-02-10,USD_RUB,banking,1,1.0,0.0,125,0.0,1.0,124,False,False,
2022-02-10,USD_RUB,banking,7,1.0,0.0,125,0.0,1.0,118,False,False,
2022-02-10,USD_RUB,banking,14,1.0,0.0,125,0.0,1.0,111,False,False,
2022-02-10,USD_RUB,banking,30,1.0,0.0,125,0.0,1.0,95,False,False,
2022-02-10,USD_RUB,banking,60,1.0,0.0,125,0.0,1.0,65,False,False,
2022-02-10,USD_RUB,gold,1,1.0,0.0,125,0.0,1.0,124,False,False,
2022-02-10,USD_RUB,gold,7,1.0,0.0,125,0.0,1.0,118,False,False,
2022-02-10,USD_RUB,gold,14,1.0,0.0,125,0.0,1.0,111,False,False,
2022-02-10,USD_RUB,gold,30,1.0,0.0,125,0.0,1.0,95,False,False,
2022-02-10,USD_RUB,gold,60,1.0,0.0,125,0.0,1.0,65,False,False,
2022-02-10,EUR_RUB,oil,1,1.0,0.0,125,0.0,1.0,124,False,False,
2022-02-10,EUR_RUB,oil,7,1.0,0.0,125,0.0,1.0,118,False,False,
2022-02-10,EUR_RUB,oil,14,1.0,0.0,125,0.0,1.0,111,False,False,
2022-02-10,EUR_RUB,oil,30,1.0,0.0,125,0.0,1.0,95,False,False,
2022-02-10,EUR_RUB,oil,60,1.0,0.0,125,0.0,1.0,65,False,False,
2022-02-10,EUR_RUB,rate,1,1.0,0.0,125,0.0,1.0,124,False,False,
2022-02-10,EUR_RUB,rate,7,1.0,0.0,125,0.0,1.0,118,False,False,
2022-02-10,EUR_RUB,rate,14,1.0,0.0,125,0.0,1.0,111,False,False,
2022-02-10,EUR_RUB,rate,30,1.0,0.0,125,0.0,1.0,95,False,False,
2022-02-10,EUR_RUB,rate,60,1.0,0.0,125,0.0,1.0,65,False,False,
2022-02-10,EUR_RUB,ruble,1,1.0,0.0,125,0.0,1.0,124,False,False,
2022-02-10,EUR_RUB,ruble,7,1.0,0.0,125,0.0,1.0,118,False,False,
2022-02-10,EUR_RUB,ruble,14,1.0,0.0,125,0.0,1.0,111,False,False,
2022-02-10,EUR_RUB,ruble,30,1.0,0.0,125,0.0,1.0,95,False,False,
2022-02-10,EUR_RUB,ruble,60,1.0,0.0,125,0.0,1.0,65,False,False,
2022-02-10,EUR_RUB,sanctions,1,1.0,0.0,125,0.0,1.0,124,False,False,
2022-02-10,EUR_RUB,sanctions,7,1.0,0.0,125,0.0,1.0,118,False,False,
2022-02-10,EUR_RUB,sanctions,14,1.0,0.0,125,0.0,1.0,111,False,False,
2022-02-10,EUR_RUB,sanctions,30,1.0,0.0,125,0.0,1.0,95,False,False,
2022-02-10,EUR_RUB,sanctions,60,1.0,0.0,125,0.0,1.0,65,False,False,
2022-02-10,EUR_RUB,inflation,1,1.0,0.0,125,0.0,1.0,124,False,False,
2022-02-10,EUR_RUB,inflation,7,1.0,0.0,125,0.0,1.0,118,False,False,
2022-02-10,EUR_RUB,inflation,14,1.0,0.0,125,0.0,1.0,111,False,False,
2022-02-10,EUR_RUB,inflation,30,1.0,0.0,125,0.0,1.0,95,False,False,
2022-02-10,EUR_RUB,inflation,60,1.0,0.0,125,0.0,1.0,65,False,False,
2022-02-10,EUR_RUB,banking,1,1.0,0.0,125,0.0,1.0,124,False,False,
2022-02-10,EUR_RUB,banking,7,1.0,0.0,125,0.0,1.0,118,False,False,
2022-02-10,EUR_RUB,banking,14,1.0,0.0,125,0.0,1.0,111,False,False,
2022-02-10,EUR_RUB,banking,30,1.0,0.0,125,0.0,1.0,95,False,False,
2022-02-10,EUR_RUB,banking,60,1.0,0.0,125,0.0,1.0,65,False,False,
2022-02-10,EUR_RUB,gold,1,1.0,0.0,125,0.0,1.0,124,False,False,
2022-02-10,EUR_RUB,gold,7,1.0,0.0,125,0.0,1.0,118,False,False,
2022-02-10,EUR_RUB,gold,14,1.0,0.0,125,0.0,1.0,111,False,False,
2022-02-10,EUR_RUB,gold,30,1.0,0.0,125,0.0,1.0,95,False,False,
2022-02-10,EUR_RUB,gold,60,1.0,0.0,125,0.0,1.0,65,False,False,
2022-02-10,BRENT,oil,1,1.0,0.0,125,0.0,1.0,124,False,False,
2022-02-10,BRENT,oil,7,1.0,0.0,125,0.0,1.0,118,False,False,
2022-02-10,BRENT,oil,14,1.0,0.0,125,0.0,1.0,111,False,False,
2022-02-10,BRENT,oil,30,1.0,0.0,125,0.0,1.0,95,False,False,
2022-02-10,BRENT,oil,60,1.0,0.0,125,0.0,1.0,65,False,False,
2022-02-10,BRENT,rate,1,1.0,0.0,125,0.0,1.0,124,False,False,
2022-02-10,BRENT,rate,7,1.0,0.0,125,0.0,1.0,118,False,False,
2022-02-10,BRENT,rate,14,1.0,0.0,125,0.0,1.0,111,False,False,
2022-02-10,BRENT,rate,30,1.0,0.0,125,0.0,1.0,95,False,False,
2022-02-10,BRENT,rate,60,1.0,0.0,125,0.0,1.0,65,False,False,
2022-02-10,BRENT,ruble,1,1.0,0.0,125,0.0,1.0,124,False,False,
2022-02-10,BRENT,ruble,7,1.0,0.0,125,0.0,1.0,118,False,False,
2022-02-10,BRENT,ruble,14,1.0,0.0,125,0.0,1.0,111,False,False,
2022-02-10,BRENT,ruble,30,1.0,0.0,125,0.0,1.0,95,False,False,
2022-02-10,BRENT,ruble,60,1.0,0.0,125,0.0,1.0,65,False,False,
2022-02-10,BRENT,sanctions,1,1.0,0.0,125,0.0,1.0,124,False,False,
2022-02-10,BRENT,sanctions,7,1.0,0.0,125,0.0,1.0,118,False,False,
2022-02-10,BRENT,sanctions,14,1.0,0.0,125,0.0,1.0,111,False,False,
2022-02-10,BRENT,sanctions,30,1.0,0.0,125,0.0,1.0,95,False,False,
2022-02-10,BRENT,sanctions,60,1.0,0.0,125,0.0,1.0,65,False,False,
2022-02-10,BRENT,inflation,1,1.0,0.0,125,0.0,1.0,124,False,False,
2022-02-10,BRENT,inflation,7,1.0,0.0,125,0.0,1.0,118,False,False,
2022-02-10,BRENT,inflation,14,1.0,0.0,125,0.0,1.0,111,False,False,
2022-02-10,BRENT,inflation,30,1.0,0.0,125,0.0,1.0,95,False,False,
2022-02-10,BRENT,inflation,60,1.0,0.0,125,0.0,1.0,65,False,False,
2022-02-10,BRENT,banking,1,1.0,0.0,125,0.0,1.0,124,False,False,
2022-02-10,BRENT,banking,7,1.0,0.0,125,0.0,1.0,118,False,False,
2022-02-10,BRENT,banking,14,1.0,0.0,125,0.0,1.0,111,False,False,
2022-02-10,BRENT,banking,30,1.0,0.0,125,0.0,1.0,95,False,False,
2022-02-10,BRENT,banking,60,1.0,0.0,125,0.0,1.0,65,False,False,
2022-02-10,BRENT,gold,1,1.0,0.0,125,0.0,1.0,124,False,False,
2022-02-10,BRENT,gold,7,1.0,0.0,125,0.0,1.0,118,False,False,
2022-02-10,BRENT,gold,14,1.0,0.0,125,0.0,1.0,111,False,False,
2022-02-10,BRENT,gold,30,1.0,0.0,125,0.0,1.0,95,False,False,
2022-02-10,BRENT,gold,60,1.0,0.0,125,0.0,1.0,65,False,False,
2022-02-10,SP500,oil,1,1.0,0.0,125,0.0,1.0,124,False,False,
2022-02-10,SP500,oil,7,1.0,0.0,125,0.0,1.0,118,False,False,
2022-02-10,SP500,oil,14,1.0,0.0,125,0.0,1.0,111,False,False,
2022-02-10,SP500,oil,30,1.0,0.0,125,0.0,1.0,95,False,False,
2022-02-10,SP500,oil,60,1.0,0.0,125,0.0,1.0,65,False,False,
2022-02-10,SP500,rate,1,1.0,0.0,125,0.0,1.0,124,False,False,
2022-02-10,SP500,rate,7,1.0,0.0,125,0.0,1.0,118,False,False,
2022-02-10,SP500,rate,14,1.0,0.0,125,0.0,1.0,111,False,False,
2022-02-10,SP500,rate,30,1.0,0.0,125,0.0,1.0,95,False,False,
2022-02-10,SP500,rate,60,1.0,0.0,125,0.0,1.0,65,False,False,
2022-02-10,SP500,ruble,1,1.0,0.0,125,0.0,1.0,124,False,False,
2022-02-10,SP500,ruble,7,1.0,0.0,125,0.0,1.0,118,False,False,
2022-02-10,SP500,ruble,14,1.0,0.0,125,0.0,1.0,111,False,False,
2022-02-10,SP500,ruble,30,1.0,0.0,125,0.0,1.0,95,False,False,
2022-02-10,SP500,ruble,60,1.0,0.0,125,0.0,1.0,65,False,False,
2022-02-10,SP500,sanctions,1,1.0,0.0,125,0.0,1.0,124,False,False,
2022-02-10,SP500,sanctions,7,1.0,0.0,125,0.0,1.0,118,False,False,
2022-02-10,SP500,sanctions,14,1.0,0.0,125,0.0,1.0,111,False,False,
2022-02-10,SP500,sanctions,30,1.0,0.0,125,0.0,1.0,95,False,False,
2022-02-10,SP500,sanctions,60,1.0,0.0,125,0.0,1.0,65,False,False,
2022-02-10,SP500,inflation,1,1.0,0.0,125,0.0,1.0,124,False,False,
2022-02-10,SP500,inflation,7,1.0,0.0,125,0.0,1.0,118,False,False,
2022-02-10,SP500,inflation,14,1.0,0.0,125,0.0,1.0,111,False,False,
2022-02-10,SP500,inflation,30,1.0,0.0,125,0.0,1.0,95,False,False,
2022-02-10,SP500,inflation,60,1.0,0.0,125,0.0,1.0,65,False,False,
2022-02-10,SP500,banking,1,1.0,0.0,125,0.0,1.0,124,False,False,
2022-02-10,SP500,banking,7,1.0,0.0,125,0.0,1.0,118,False,False,
2022-02-10,SP500,banking,14,1.0,0.0,125,0.0,1.0,111,False,False,
2022-02-10,SP500,banking,30,1.0,0.0,125,0.0,1.0,95,False,False,
2022-02-10,SP500,banking,60,1.0,0.0,125,0.0,1.0,65,False,False,
2022-02-10,SP500,gold,1,1.0,0.0,125,0.0,1.0,124,False,False,
2022-02-10,SP500,gold,7,1.0,0.0,125,0.0,1.0,118,False,False,
2022-02-10,SP500,gold,14,1.0,0.0,125,0.0,1.0,111,False,False,
2022-02-10,SP500,gold,30,1.0,0.0,125,0.0,1.0,95,False,False,
2022-02-10,SP500,gold,60,1.0,0.0,125,0.0,1.0,65,False,False,
2022-02-10,MSCI_WORLD,oil,1,1.0,0.0,125,0.0,1.0,124,False,False,
2022-02-10,MSCI_WORLD,oil,7,1.0,0.0,125,0.0,1.0,118,False,False,
2022-02-10,MSCI_WORLD,oil,14,1.0,0.0,125,0.0,1.0,111,False,False,
2022-02-10,MSCI_WORLD,oil,30,1.0,0.0,125,0.0,1.0,95,False,False,
2022-02-10,MSCI_WORLD,oil,60,1.0,0.0,125,0.0,1.0,65,False,False,
2022-02-10,MSCI_WORLD,rate,1,1.0,0.0,125,0.0,1.0,124,False,False,
2022-02-10,MSCI_WORLD,rate,7,1.0,0.0,125,0.0,1.0,118,False,False,
2022-02-10,MSCI_WORLD,rate,14,1.0,0.0,125,0.0,1.0,111,False,False,
2022-02-10,MSCI_WORLD,rate,30,1.0,0.0,125,0.0,1.0,95,False,False,
2022-02-10,MSCI_WORLD,rate,60,1.0,0.0,125,0.0,1.0,65,False,False,
2022-02-10,MSCI_WORLD,ruble,1,1.0,0.0,125,0.0,1.0,124,False,False,
2022-02-10,MSCI_WORLD,ruble,7,1.0,0.0,125,0.0,1.0,118,False,False,
2022-02-10,MSCI_WORLD,ruble,14,1.0,0.0,125,0.0,1.0,111,False,False,
2022-02-10,MSCI_WORLD,ruble,30,1.0,0.0,125,0.0,1.0,95,False,False,
2022-02-10,MSCI_WORLD,ruble,60,1.0,0.0,125,0.0,1.0,65,False,False,
2022-02-10,MSCI_WORLD,sanctions,1,1.0,0.0,125,0.0,1.0,124,False,False,
2022-02-10,MSCI_WORLD,sanctions,7,1.0,0.0,125,0.0,1.0,118,False,False,
2022-02-10,MSCI_WORLD,sanctions,14,1.0,0.0,125,0.0,1.0,111,False,False,
2022-02-10,MSCI_WORLD,sanctions,30,1.0,0.0,125,0.0,1.0,95,False,False,
2022-02-10,MSCI_WORLD,sanctions,60,1.0,0.0,125,0.0,1.0,65,False,False,
2022-02-10,MSCI_WORLD,inflation,1,1.0,0.0,125,0.0,1.0,124,False,False,
2022-02-10,MSCI_WORLD,inflation,7,1.0,0.0,125,0.0,1.0,118,False,False,
2022-02-10,MSCI_WORLD,inflation,14,1.0,0.0,125,0.0,1.0,111,False,False,
2022-02-10,MSCI_WORLD,inflation,30,1.0,0.0,125,0.0,1.0,95,False,False,
2022-02-10,MSCI_WORLD,inflation,60,1.0,0.0,125,0.0,1.0,65,False,False,
2022-02-10,MSCI_WORLD,banking,1,1.0,0.0,125,0.0,1.0,124,False,False,
2022-02-10,MSCI_WORLD,banking,7,1.0,0.0,125,0.0,1.0,118,False,False,
2022-02-10,MSCI_WORLD,banking,14,1.0,0.0,125,0.0,1.0,111,False,False,
2022-02-10,MSCI_WORLD,banking,30,1.0,0.0,125,0.0,1.0,95,False,False,
2022-02-10,MSCI_WORLD,banking,60,1.0,0.0,125,0.0,1.0,65,False,False,
2022-02-10,MSCI_WORLD,gold,1,1.0,0.0,125,0.0,1.0,124,False,False,
2022-02-10,MSCI_WORLD,gold,7,1.0,0.0,125,0.0,1.0,118,False,False,
2022-02-10,MSCI_WORLD,gold,14,1.0,0.0,125,0.0,1.0,111,False,False,
2022-02-10,MSCI_WORLD,gold,30,1.0,0.0,125,0.0,1.0,95,False,False,
2022-02-10,MSCI_WORLD,gold,60,1.0,0.0,125,0.0,1.0,65,False,False,
2022-02-10,DXY,oil,1,1.0,0.0,125,0.0,1.0,124,False,False,
2022-02-10,DXY,oil,7,1.0,0.0,125,0.0,1.0,118,False,False,
2022-02-10,DXY,oil,14,1.0,0.0,125,0.0,1.0,111,False,False,
2022-02-10,DXY,oil,30,1.0,0.0,125,0.0,1.0,95,False,False,
2022-02-10,DXY,oil,60,1.0,0.0,125,0.0,1.0,65,False,False,
2022-02-10,DXY,rate,1,1.0,0.0,125,0.0,1.0,124,False,False,
2022-02-10,DXY,rate,7,1.0,0.0,125,0.0,1.0,118,False,False,
2022-02-10,DXY,rate,14,1.0,0.0,125,0.0,1.0,111,False,False,
2022-02-10,DXY,rate,30,1.0,0.0,125,0.0,1.0,95,False,False,
2022-02-10,DXY,rate,60,1.0,0.0,125,0.0,1.0,65,False,False,
2022-02-10,DXY,ruble,1,1.0,0.0,125,0.0,1.0,124,False,False,
2022-02-10,DXY,ruble,7,1.0,0.0,125,0.0,1.0,118,False,False,
2022-02-10,DXY,ruble,14,1.0,0.0,125,0.0,1.0,111,False,False,
2022-02-10,DXY,ruble,30,1.0,0.0,125,0.0,1.0,95,False,False,
2022-02-10,DXY,ruble,60,1.0,0.0,125,0.0,1.0,65,False,False,
2022-02-10,DXY,sanctions,1,1.0,0.0,125,0.0,1.0,124,False,False,
2022-02-10,DXY,sanctions,7,1.0,0.0,125,0.0,1.0,118,False,False,
2022-02-10,DXY,sanctions,14,1.0,0.0,125,0.0,1.0,111,False,False,
2022-02-10,DXY,sanctions,30,1.0,0.0,125,0.0,1.0,95,False,False,
2022-02-10,DXY,sanctions,60,1.0,0.0,125,0.0,1.0,65,False,False,
2022-02-10,DXY,inflation,1,1.0,0.0,125,0.0,1.0,124,False,False,
2022-02-10,DXY,inflation,7,1.0,0.0,125,0.0,1.0,118,False,False,
2022-02-10,DXY,inflation,14,1.0,0.0,125,0.0,1.0,111,False,False,
2022-02-10,DXY,inflation,30,1.0,0.0,125,0.0,1.0,95,False,False,
2022-02-10,DXY,inflation,60,1.0,0.0,125,0.0,1.0,65,False,False,
2022-02-10,DXY,banking,1,1.0,0.0,125,0.0,1.0,124,False,False,
2022-02-10,DXY,banking,7,1.0,0.0,125,0.0,1.0,118,False,False,
2022-02-10,DXY,banking,14,1.0,0.0,125,0.0,1.0,111,False,False,
2022-02-10,DXY,banking,30,1.0,0.0,125,0.0,1.0,95,False,False,
2022-02-10,DXY,banking,60,1.0,0.0,125,0.0,1.0,65,False,False,
2022-02-10,DXY,gold,1,1.0,0.0,125,0.0,1.0,124,False,False,
2022-02-10,DXY,gold,7,1.0,0.0,125,0.0,1.0,118,False,False,
2022-02-10,DXY,gold,14,1.0,0.0,125,0.0,1.0,111,False,False,
2022-02-10,DXY,gold,30,1.0,0.0,125,0.0,1.0,95,False,False,
2022-02-10,DXY,gold,60,1.0,0.0,125,0.0,1.0,65,False,False,
2022-02-10,MSCI_INDIA,oil,1,1.0,0.0,125,0.0,1.0,124,False,False,
2022-02-10,MSCI_INDIA,oil,7,1.0,0.0,125,0.0,1.0,118,False,False,
2022-02-10,MSCI_INDIA,oil,14,1.0,0.0,125,0.0,1.0,111,False,False,
2022-02-10,MSCI_INDIA,oil,30,1.0,0.0,125,0.0,1.0,95,False,False,
2022-02-10,MSCI_INDIA,oil,60,1.0,0.0,125,0.0,1.0,65,False,False,
2022-02-10,MSCI_INDIA,rate,1,1.0,0.0,125,0.0,1.0,124,False,False,
2022-02-10,MSCI_INDIA,rate,7,1.0,0.0,125,0.0,1.0,118,False,False,
2022-02-10,MSCI_INDIA,rate,14,1.0,0.0,125,0.0,1.0,111,False,False,
2022-02-10,MSCI_INDIA,rate,30,1.0,0.0,125,0.0,1.0,95,False,False,
2022-02-10,MSCI_INDIA,rate,60,1.0,0.0,125,0.0,1.0,65,False,False,
2022-02-10,MSCI_INDIA,ruble,1,1.0,0.0,125,0.0,1.0,124,False,False,
2022-02-10,MSCI_INDIA,ruble,7,1.0,0.0,125,0.0,1.0,118,False,False,
2022-02-10,MSCI_INDIA,ruble,14,1.0,0.0,125,0.0,1.0,111,False,False,
2022-02-10,MSCI_INDIA,ruble,30,1.0,0.0,125,0.0,1.0,95,False,False,
2022-02-10,MSCI_INDIA,ruble,60,1.0,0.0,125,0.0,1.0,65,False,False,
2022-02-10,MSCI_INDIA,sanctions,1,1.0,0.0,125,0.0,1.0,124,False,False,
2022-02-10,MSCI_INDIA,sanctions,7,1.0,0.0,125,0.0,1.0,118,False,False,
2022-02-10,MSCI_INDIA,sanctions,14,1.0,0.0,125,0.0,1.0,111,False,False,
2022-02-10,MSCI_INDIA,sanctions,30,1.0,0.0,125,0.0,1.0,95,False,False,
2022-02-10,MSCI_INDIA,sanctions,60,1.0,0.0,125,0.0,1.0,65,False,False,
2022-02-10,MSCI_INDIA,inflation,1,1.0,0.0,125,0.0,1.0,124,False,False,
2022-02-10,MSCI_INDIA,inflation,7,1.0,0.0,125,0.0,1.0,118,False,False,
2022-02-10,MSCI_INDIA,inflation,14,1.0,0.0,125,0.0,1.0,111,False,False,
2022-02-10,MSCI_INDIA,inflation,30,1.0,0.0,125,0.0,1.0,95,False,False,
2022-02-10,MSCI_INDIA,inflation,60,1.0,0.0,125,0.0,1.0,65,False,False,
2022-02-10,MSCI_INDIA,banking,1,1.0,0.0,125,0.0,1.0,124,False,False,
2022-02-10,MSCI_INDIA,banking,7,1.0,0.0,125,0.0,1.0,118,False,False,
2022-02-10,MSCI_INDIA,banking,14,1.0,0.0,125,0.0,1.0,111,False,False,
2022-02-10,MSCI_INDIA,banking,30,1.0,0.0,125,0.0,1.0,95,False,False,
2022-02-10,MSCI_INDIA,banking,60,1.0,0.0,125,0.0,1.0,65,False,False,
2022-02-10,MSCI_INDIA,gold,1,1.0,0.0,125,0.0,1.0,124,False,False,
2022-02-10,MSCI_INDIA,gold,7,1.0,0.0,125,0.0,1.0,118,False,False,
2022-02-10,MSCI_INDIA,gold,14,1.0,0.0,125,0.0,1.0,111,False,False,
2022-02-10,MSCI_INDIA,gold,30,1.0,0.0,125,0.0,1.0,95,False,False,
2022-02-10,MSCI_INDIA,gold,60,1.0,0.0,125,0.0,1.0,65,False,False,
2022-02-13,USD_RUB,oil,1,1.0,0.0,125,0.0,1.0,124,False,False,
2022-02-13,USD_RUB,oil,7,1.0,0.0,125,0.0,1.0,118,False,False,
2022-02-13,USD_RUB,oil,14,1.0,0.0,125,0.0,1.0,111,False,False,
2022-02-13,USD_RUB,oil,30,1.0,0.0,125,0.0,1.0,95,False,False,
2022-02-13,USD_RUB,oil,60,1.0,0.0,125,0.0,1.0,65,False,False,
2022-02-13,USD_RUB,rate,1,1.0,0.0,125,0.0,1.0,124,False,False,
2022-02-13,USD_RUB,rate,7,1.0,0.0,125,0.0,1.0,118,False,False,
2022-02-13,USD_RUB,rate,14,1.0,0.0,125,0.0,1.0,111,False,False,
2022-02-13,USD_RUB,rate,30,1.0,0.0,125,0.0,1.0,95,False,False,
2022-02-13,USD_RUB,rate,60,1.0,0.0,125,0.0,1.0,65,False,False,
2022-02-13,USD_RUB,ruble,1,1.0,0.0,125,0.0,1.0,124,False,False,
2022-02-13,USD_RUB,ruble,7,1.0,0.0,125,0.0,1.0,118,False,False,
2022-02-13,USD_RUB,ruble,14,1.0,0.0,125,0.0,1.0,111,False,False,
2022-02-13,USD_RUB,ruble,30,1.0,0.0,125,0.0,1.0,95,False,False,
2022-02-13,USD_RUB,ruble,60,1.0,0.0,125,0.0,1.0,65,False,False,
2022-02-13,USD_RUB,sanctions,1,1.0,0.0,125,0.0,1.0,124,False,False,
2022-02-13,USD_RUB,sanctions,7,1.0,0.0,125,0.0,1.0,118,False,False,
2022-02-13,USD_RUB,sanctions,14,1.0,0.0,125,0.0,1.0,111,False,False,
2022-02-13,USD_RUB,sanctions,30,1.0,0.0,125,0.0,1.0,95,False,False,
2022-02-13,USD_RUB,sanctions,60,1.0,0.0,125,0.0,1.0,65,False,False,
2022-02-13,USD_RUB,inflation,1,1.0,0.0,125,0.0,1.0,124,False,False,
2022-02-13,USD_RUB,inflation,7,1.0,0.0,125,0.0,1.0,118,False,False,
2022-02-13,USD_RUB,inflation,14,1.0,0.0,125,0.0,1.0,111,False,False,
2022-02-13,USD_RUB,inflation,30,1.0,0.0,125,0.0,1.0,95,False,False,
2022-02-13,USD_RUB,inflation,60,1.0,0.0,125,0.0,1.0,65,False,False,
2022-02-13,USD_RUB,banking,1,1.0,0.0,125,0.0,1.0,124,False,False,
2022-02-13,USD_RUB,banking,7,1.0,0.0,125,0.0,1.0,118,False,False,
2022-02-13,USD_RUB,banking,14,1.0,0.0,125,0.0,1.0,111,False,False,
2022-02-13,USD_RUB,banking,30,1.0,0.0,125,0.0,1.0,95,False,False,
2022-02-13,USD_RUB,banking,60,1.0,0.0,125,0.0,1.0,65,False,False,
2022-02-13,USD_RUB,gold,1,1.0,0.0,125,0.0,1.0,124,False,False,
2022-02-13,USD_RUB,gold,7,1.0,0.0,125,0.0,1.0,118,False,False,
2022-02-13,USD_RUB,gold,14,1.0,0.0,125,0.0,1.0,111,False,False,
2022-02-13,USD_RUB,gold,30,1.0,0.0,125,0.0,1.0,95,False,False,
2022-02-13,USD_RUB,gold,60,1.0,0.0,125,0.0,1.0,65,False,False,
2022-02-13,EUR_RUB,oil,1,1.0,0.0,125,0.0,1.0,124,False,False,
2022-02-13,EUR_RUB,oil,7,1.0,0.0,125,0.0,1.0,118,False,False,
2022-02-13,EUR_RUB,oil,14,1.0,0.0,125,0.0,1.0,111,False,False,
2022-02-13,EUR_RUB,oil,30,1.0,0.0,125,0.0,1.0,95,False,False,
2022-02-13,EUR_RUB,oil,60,1.0,0.0,125,0.0,1.0,65,False,False,
2022-02-13,EUR_RUB,rate,1,1.0,0.0,125,0.0,1.0,124,False,False,
2022-02-13,EUR_RUB,rate,7,1.0,0.0,125,0.0,1.0,118,False,False,
2022-02-13,EUR_RUB,rate,14,1.0,0.0,125,0.0,1.0,111,False,False,
2022-02-13,EUR_RUB,rate,30,1.0,0.0,125,0.0,1.0,95,False,False,
2022-02-13,EUR_RUB,rate,60,1.0,0.0,125,0.0,1.0,65,False,False,
2022-02-13,EUR_RUB,ruble,1,1.0,0.0,125,0.0,1.0,124,False,False,
2022-02-13,EUR_RUB,ruble,7,1.0,0.0,125,0.0,1.0,118,False,False,
2022-02-13,EUR_RUB,ruble,14,1.0,0.0,125,0.0,1.0,111,False,False,
2022-02-13,EUR_RUB,ruble,30,1.0,0.0,125,0.0,1.0,95,False,False,
2022-02-13,EUR_RUB,ruble,60,1.0,0.0,125,0.0,1.0,65,False,False,
2022-02-13,EUR_RUB,sanctions,1,1.0,0.0,125,0.0,1.0,124,False,False,
2022-02-13,EUR_RUB,sanctions,7,1.0,0.0,125,0.0,1.0,118,False,False,
2022-02-13,EUR_RUB,sanctions,14,1.0,0.0,125,0.0,1.0,111,False,False,
2022-02-13,EUR_RUB,sanctions,30,1.0,0.0,125,0.0,1.0,95,False,False,
2022-02-13,EUR_RUB,sanctions,60,1.0,0.0,125,0.0,1.0,65,False,False,
2022-02-13,EUR_RUB,inflation,1,1.0,0.0,125,0.0,1.0,124,False,False,
2022-02-13,EUR_RUB,inflation,7,1.0,0.0,125,0.0,1.0,118,False,False,
2022-02-13,EUR_RUB,inflation,14,1.0,0.0,125,0.0,1.0,111,False,False,
2022-02-13,EUR_RUB,inflation,30,1.0,0.0,125,0.0,1.0,95,False,False,
2022-02-13,EUR_RUB,inflation,60,1.0,0.0,125,0.0,1.0,65,False,False,
2022-02-13,EUR_RUB,banking,1,1.0,0.0,125,0.0,1.0,124,False,False,
2022-02-13,EUR_RUB,banking,7,1.0,0.0,125,0.0,1.0,118,False,False,
2022-02-13,EUR_RUB,banking,14,1.0,0.0,125,0.0,1.0,111,False,False,
2022-02-13,EUR_RUB,banking,30,1.0,0.0,125,0.0,1.0,95,False,False,
2022-02-13,EUR_RUB,banking,60,1.0,0.0,125,0.0,1.0,65,False,False,
2022-02-13,EUR_RUB,gold,1,1.0,0.0,125,0.0,1.0,124,False,False,
2022-02-13,EUR_RUB,gold,7,1.0,0.0,125,0.0,1.0,118,False,False,
2022-02-13,EUR_RUB,gold,14,1.0,0.0,125,0.0,1.0,111,False,False,
2022-02-13,EUR_RUB,gold,30,1.0,0.0,125,0.0,1.0,95,False,False,
2022-02-13,EUR_RUB,gold,60,1.0,0.0,125,0.0,1.0,65,False,False,
2022-02-13,BRENT,oil,1,1.0,0.0,125,0.0,1.0,124,False,False,
2022-02-13,BRENT,oil,7,1.0,0.0,125,0.0,1.0,118,False,False,
2022-02-13,BRENT,oil,14,1.0,0.0,125,0.0,1.0,111,False,False,
2022-02-13,BRENT,oil,30,1.0,0.0,125,0.0,1.0,95,False,False,
2022-02-13,BRENT,oil,60,1.0,0.0,125,0.0,1.0,65,False,False,
2022-02-13,BRENT,rate,1,1.0,0.0,125,0.0,1.0,124,False,False,
2022-02-13,BRENT,rate,7,1.0,0.0,125,0.0,1.0,118,False,False,
2022-02-13,BRENT,rate,14,1.0,0.0,125,0.0,1.0,111,False,False,
2022-02-13,BRENT,rate,30,1.0,0.0,125,0.0,1.0,95,False,False,
2022-02-13,BRENT,rate,60,1.0,0.0,125,0.0,1.0,65,False,False,
2022-02-13,BRENT,ruble,1,1.0,0.0,125,0.0,1.0,124,False,False,
2022-02-13,BRENT,ruble,7,1.0,0.0,125,0.0,1.0,118,False,False,
2022-02-13,BRENT,ruble,14,1.0,0.0,125,0.0,1.0,111,False,False,
2022-02-13,BRENT,ruble,30,1.0,0.0,125,0.0,1.0,95,False,False,
2022-02-13,BRENT,ruble,60,1.0,0.0,125,0.0,1.0,65,False,False,
2022-02-13,BRENT,sanctions,1,1.0,0.0,125,0.0,1.0,124,False,False,
2022-02-13,BRENT,sanctions,7,1.0,0.0,125,0.0,1.0,118,False,False,
2022-02-13,BRENT,sanctions,14,1.0,0.0,125,0.0,1.0,111,False,False,
2022-02-13,BRENT,sanctions,30,1.0,0.0,125,0.0,1.0,95,False,False,
2022-02-13,BRENT,sanctions,60,1.0,0.0,125,0.0,1.0,65,False,False,
2022-02-13,BRENT,inflation,1,1.0,0.0,125,0.0,1.0,124,False,False,
2022-02-13,BRENT,inflation,7,1.0,0.0,125,0.0,1.0,118,False,False,
2022-02-13,BRENT,inflation,14,1.0,0.0,125,0.0,1.0,111,False,False,
2022-02-13,BRENT,inflation,30,1.0,0.0,125,0.0,1.0,95,False,False,
2022-02-13,BRENT,inflation,60,1.0,0.0,125,0.0,1.0,65,False,False,
2022-02-13,BRENT,banking,1,1.0,0.0,125,0.0,1.0,124,False,False,
2022-02-13,BRENT,banking,7,1.0,0.0,125,0.0,1.0,118,False,False,
2022-02-13,BRENT,banking,14,1.0,0.0,125,0.0,1.0,111,False,False,
2022-02-13,BRENT,banking,30,1.0,0.0,125,0.0,1.0,95,False,False,
2022-02-13,BRENT,banking,60,1.0,0.0,125,0.0,1.0,65,False,False,
2022-02-13,BRENT,gold,1,1.0,0.0,125,0.0,1.0,124,False,False,
2022-02-13,BRENT,gold,7,1.0,0.0,125,0.0,1.0,118,False,False,
2022-02-13,BRENT,gold,14,1.0,0.0,125,0.0,1.0,111,False,False,
2022-02-13,BRENT,gold,30,1.0,0.0,125,0.0,1.0,95,False,False,
2022-02-13,BRENT,gold,60,1.0,0.0,125,0.0,1.0,65,False,False,
2022-02-13,SP500,oil,1,1.0,0.0,125,0.0,1.0,124,False,False,
2022-02-13,SP500,oil,7,1.0,0.0,125,0.0,1.0,118,False,False,
2022-02-13,SP500,oil,14,1.0,0.0,125,0.0,1.0,111,False,False,
2022-02-13,SP500,oil,30,1.0,0.0,125,0.0,1.0,95,False,False,
2022-02-13,SP500,oil,60,1.0,0.0,125,0.0,1.0,65,False,False,
2022-02-13,SP500,rate,1,1.0,0.0,125,0.0,1.0,124,False,False,
2022-02-13,SP500,rate,7,1.0,0.0,125,0.0,1.0,118,False,False,
2022-02-13,SP500,rate,14,1.0,0.0,125,0.0,1.0,111,False,False,
2022-02-13,SP500,rate,30,1.0,0.0,125,0.0,1.0,95,False,False,
2022-02-13,SP500,rate,60,1.0,0.0,125,0.0,1.0,65,False,False,
2022-02-13,SP500,ruble,1,1.0,0.0,125,0.0,1.0,124,False,False,
2022-02-13,SP500,ruble,7,1.0,0.0,125,0.0,1.0,118,False,False,
2022-02-13,SP500,ruble,14,1.0,0.0,125,0.0,1.0,111,False,False,
2022-02-13,SP500,ruble,30,1.0,0.0,125,0.0,1.0,95,False,False,
2022-02-13,SP500,ruble,60,1.0,0.0,125,0.0,1.0,65,False,False,
2022-02-13,SP500,sanctions,1,1.0,0.0,125,0.0,1.0,124,False,False,
2022-02-13,SP500,sanctions,7,1.0,0.0,125,0.0,1.0,118,False,False,
2022-02-13,SP500,sanctions,14,1.0,0.0,125,0.0,1.0,111,False,False,
2022-02-13,SP500,sanctions,30,1.0,0.0,125,0.0,1.0,95,False,False,
2022-02-13,SP500,sanctions,60,1.0,0.0,125,0.0,1.0,65,False,False,
2022-02-13,SP500,inflation,1,1.0,0.0,125,0.0,1.0,124,False,False,
2022-02-13,SP500,inflation,7,1.0,0.0,125,0.0,1.0,118,False,False,
2022-02-13,SP500,inflation,14,1.0,0.0,125,0.0,1.0,111,False,False,
2022-02-13,SP500,inflation,30,1.0,0.0,125,0.0,1.0,95,False,False,
2022-02-13,SP500,inflation,60,1.0,0.0,125,0.0,1.0,65,False,False,
2022-02-13,SP500,banking,1,1.0,0.0,125,0.0,1.0,124,False,False,
2022-02-13,SP500,banking,7,1.0,0.0,125,0.0,1.0,118,False,False,
2022-02-13,SP500,banking,14,1.0,0.0,125,0.0,1.0,111,False,False,
2022-02-13,SP500,banking,30,1.0,0.0,125,0.0,1.0,95,False,False,
2022-02-13,SP500,banking,60,1.0,0.0,125,0.0,1.0,65,False,False,
2022-02-13,SP500,gold,1,1.0,0.0,125,0.0,1.0,124,False,False,
2022-02-13,SP500,gold,7,1.0,0.0,125,0.0,1.0,118,False,False,
2022-02-13,SP500,gold,14,1.0,0.0,125,0.0,1.0,111,False,False,
2022-02-13,SP500,gold,30,1.0,0.0,125,0.0,1.0,95,False,False,
2022-02-13,SP500,gold,60,1.0,0.0,125,0.0,1.0,65,False,False,
2022-02-13,MSCI_WORLD,oil,1,1.0,0.0,125,0.0,1.0,124,False,False,
2022-02-13,MSCI_WORLD,oil,7,1.0,0.0,125,0.0,1.0,118,False,False,
2022-02-13,MSCI_WORLD,oil,14,1.0,0.0,125,0.0,1.0,111,False,False,
2022-02-13,MSCI_WORLD,oil,30,1.0,0.0,125,0.0,1.0,95,False,False,
2022-02-13,MSCI_WORLD,oil,60,1.0,0.0,125,0.0,1.0,65,False,False,
2022-02-13,MSCI_WORLD,rate,1,1.0,0.0,125,0.0,1.0,124,False,False,
2022-02-13,MSCI_WORLD,rate,7,1.0,0.0,125,0.0,1.0,118,False,False,
2022-02-13,MSCI_WORLD,rate,14,1.0,0.0,125,0.0,1.0,111,False,False,
2022-02-13,MSCI_WORLD,rate,30,1.0,0.0,125,0.0,1.0,95,False,False,
2022-02-13,MSCI_WORLD,rate,60,1.0,0.0,125,0.0,1.0,65,False,False,
2022-02-13,MSCI_WORLD,ruble,1,1.0,0.0,125,0.0,1.0,124,False,False,
2022-02-13,MSCI_WORLD,ruble,7,1.0,0.0,125,0.0,1.0,118,False,False,
2022-02-13,MSCI_WORLD,ruble,14,1.0,0.0,125,0.0,1.0,111,False,False,
2022-02-13,MSCI_WORLD,ruble,30,1.0,0.0,125,0.0,1.0,95,False,False,
2022-02-13,MSCI_WORLD,ruble,60,1.0,0.0,125,0.0,1.0,65,False,False,
2022-02-13,MSCI_WORLD,sanctions,1,1.0,0.0,125,0.0,1.0,124,False,False,
2022-02-13,MSCI_WORLD,sanctions,7,1.0,0.0,125,0.0,1.0,118,False,False,
2022-02-13,MSCI_WORLD,sanctions,14,1.0,0.0,125,0.0,1.0,111,False,False,
2022-02-13,MSCI_WORLD,sanctions,30,1.0,0.0,125,0.0,1.0,95,False,False,
2022-02-13,MSCI_WORLD,sanctions,60,1.0,0.0,125,0.0,1.0,65,False,False,
2022-02-13,MSCI_WORLD,inflation,1,1.0,0.0,125,0.0,1.0,124,False,False,
2022-02-13,MSCI_WORLD,inflation,7,1.0,0.0,125,0.0,1.0,118,False,False,
2022-02-13,MSCI_WORLD,inflation,14,1.0,0.0,125,0.0,1.0,111,False,False,
2022-02-13,MSCI_WORLD,inflation,30,1.0,0.0,125,0.0,1.0,95,False,False,
2022-02-13,MSCI_WORLD,inflation,60,1.0,0.0,125,0.0,1.0,65,False,False,
2022-02-13,MSCI_WORLD,banking,1,1.0,0.0,125,0.0,1.0,124,False,False,
2022-02-13,MSCI_WORLD,banking,7,1.0,0.0,125,0.0,1.0,118,False,False,
2022-02-13,MSCI_WORLD,banking,14,1.0,0.0,125,0.0,1.0,111,False,False,
2022-02-13,MSCI_WORLD,banking,30,1.0,0.0,125,0.0,1.0,95,False,False,
2022-02-13,MSCI_WORLD,banking,60,1.0,0.0,125,0.0,1.0,65,False,False,
2022-02-13,MSCI_WORLD,gold,1,1.0,0.0,125,0.0,1.0,124,False,False,
2022-02-13,MSCI_WORLD,gold,7,1.0,0.0,125,0.0,1.0,118,False,False,
2022-02-13,MSCI_WORLD,gold,14,1.0,0.0,125,0.0,1.0,111,False,False,
2022-02-13,MSCI_WORLD,gold,30,1.0,0.0,125,0.0,1.0,95,False,False,
2022-02-13,MSCI_WORLD,gold,60,1.0,0.0,125,0.0,1.0,65,False,False,
2022-02-13,DXY,oil,1,1.0,0.0,125,0.0,1.0,124,False,False,
2022-02-13,DXY,oil,7,1.0,0.0,125,0.0,1.0,118,False,False,
2022-02-13,DXY,oil,14,1.0,0.0,125,0.0,1.0,111,False,False,
2022-02-13,DXY,oil,30,1.0,0.0,125,0.0,1.0,95,False,False,
2022-02-13,DXY,oil,60,1.0,0.0,125,0.0,1.0,65,False,False,
2022-02-13,DXY,rate,1,1.0,0.0,125,0.0,1.0,124,False,False,
2022-02-13,DXY,rate,7,1.0,0.0,125,0.0,1.0,118,False,False,
2022-02-13,DXY,rate,14,1.0,0.0,125,0.0,1.0,111,False,False,
2022-02-13,DXY,rate,30,1.0,0.0,125,0.0,1.0,95,False,False,
2022-02-13,DXY,rate,60,1.0,0.0,125,0.0,1.0,65,False,False,
2022-02-13,DXY,ruble,1,1.0,0.0,125,0.0,1.0,124,False,False,
2022-02-13,DXY,ruble,7,1.0,0.0,125,0.0,1.0,118,False,False,
2022-02-13,DXY,ruble,14,1.0,0.0,125,0.0,1.0,111,False,False,
2022-02-13,DXY,ruble,30,1.0,0.0,125,0.0,1.0,95,False,False,
2022-02-13,DXY,ruble,60,1.0,0.0,125,0.0,1.0,65,False,False,
2022-02-13,DXY,sanctions,1,1.0,0.0,125,0.0,1.0,124,False,False,
2022-02-13,DXY,sanctions,7,1.0,0.0,125,0.0,1.0,118,False,False,
2022-02-13,DXY,sanctions,14,1.0,0.0,125,0.0,1.0,111,False,False,
2022-02-13,DXY,sanctions,30,1.0,0.0,125,0.0,1.0,95,False,False,
2022-02-13,DXY,sanctions,60,1.0,0.0,125,0.0,1.0,65,False,False,
2022-02-13,DXY,inflation,1,1.0,0.0,125,0.0,1.0,124,False,False,
2022-02-13,DXY,inflation,7,1.0,0.0,125,0.0,1.0,118,False,False,
2022-02-13,DXY,inflation,14,1.0,0.0,125,0.0,1.0,111,False,False,
2022-02-13,DXY,inflation,30,1.0,0.0,125,0.0,1.0,95,False,False,
2022-02-13,DXY,inflation,60,1.0,0.0,125,0.0,1.0,65,False,False,
2022-02-13,DXY,banking,1,1.0,0.0,125,0.0,1.0,124,False,False,
2022-02-13,DXY,banking,7,1.0,0.0,125,0.0,1.0,118,False,False,
2022-02-13,DXY,banking,14,1.0,0.0,125,0.0,1.0,111,False,False,
2022-02-13,DXY,banking,30,1.0,0.0,125,0.0,1.0,95,False,False,
2022-02-13,DXY,banking,60,1.0,0.0,125,0.0,1.0,65,False,False,
2022-02-13,DXY,gold,1,1.0,0.0,125,0.0,1.0,124,False,False,
2022-02-13,DXY,gold,7,1.0,0.0,125,0.0,1.0,118,False,False,
2022-02-13,DXY,gold,14,1.0,0.0,125,0.0,1.0,111,False,False,
2022-02-13,DXY,gold,30,1.0,0.0,125,0.0,1.0,95,False,False,
2022-02-13,DXY,gold,60,1.0,0.0,125,0.0,1.0,65,False,False,
2022-02-13,MSCI_INDIA,oil,1,1.0,0.0,125,0.0,1.0,124,False,False,
2022-02-13,MSCI_INDIA,oil,7,1.0,0.0,125,0.0,1.0,118,False,False,
2022-02-13,MSCI_INDIA,oil,14,1.0,0.0,125,0.0,1.0,111,False,False,
2022-02-13,MSCI_INDIA,oil,30,1.0,0.0,125,0.0,1.0,95,False,False,
2022-02-13,MSCI_INDIA,oil,60,1.0,0.0,125,0.0,1.0,65,False,False,
2022-02-13,MSCI_INDIA,rate,1,1.0,0.0,125,0.0,1.0,124,False,False,
2022-02-13,MSCI_INDIA,rate,7,1.0,0.0,125,0.0,1.0,118,False,False,
2022-02-13,MSCI_INDIA,rate,14,1.0,0.0,125,0.0,1.0,111,False,False,
2022-02-13,MSCI_INDIA,rate,30,1.0,0.0,125,0.0,1.0,95,False,False,
2022-02-13,MSCI_INDIA,rate,60,1.0,0.0,125,0.0,1.0,65,False,False,
2022-02-13,MSCI_INDIA,ruble,1,1.0,0.0,125,0.0,1.0,124,False,False,
2022-02-13,MSCI_INDIA,ruble,7,1.0,0.0,125,0.0,1.0,118,False,False,
2022-02-13,MSCI_INDIA,ruble,14,1.0,0.0,125,0.0,1.0,111,False,False,
2022-02-13,MSCI_INDIA,ruble,30,1.0,0.0,125,0.0,1.0,95,False,False,
2022-02-13,MSCI_INDIA,ruble,60,1.0,0.0,125,0.0,1.0,65,False,False,
2022-02-13,MSCI_INDIA,sanctions,1,1.0,0.0,125,0.0,1.0,124,False,False,
2022-02-13,MSCI_INDIA,sanctions,7,1.0,0.0,125,0.0,1.0,118,False,False,
2022-02-13,MSCI_INDIA,sanctions,14,1.0,0.0,125,0.0,1.0,111,False,False,
2022-02-13,MSCI_INDIA,sanctions,30,1.0,0.0,125,0.0,1.0,95,False,False,
2022-02-13,MSCI_INDIA,sanctions,60,1.0,0.0,125,0.0,1.0,65,False,False,
2022-02-13,MSCI_INDIA,inflation,1,1.0,0.0,125,0.0,1.0,124,False,False,
2022-02-13,MSCI_INDIA,inflation,7,1.0,0.0,125,0.0,1.0,118,False,False,
2022-02-13,MSCI_INDIA,inflation,14,1.0,0.0,125,0.0,1.0,111,False,False,
2022-02-13,MSCI_INDIA,inflation,30,1.0,0.0,125,0.0,1.0,95,False,False,
2022-02-13,MSCI_INDIA,inflation,60,1.0,0.0,125,0.0,1.0,65,False,False,
2022-02-13,MSCI_INDIA,banking,1,1.0,0.0,125,0.0,1.0,124,False,False,
2022-02-13,MSCI_INDIA,banking,7,1.0,0.0,125,0.0,1.0,118,False,False,
2022-02-13,MSCI_INDIA,banking,14,1.0,0.0,125,0.0,1.0,111,False,False,
2022-02-13,MSCI_INDIA,banking,30,1.0,0.0,125,0.0,1.0,95,False,False,
2022-02-13,MSCI_INDIA,banking,60,1.0,0.0,125,0.0,1.0,65,False,False,
2022-02-13,MSCI_INDIA,gold,1,1.0,0.0,125,0.0,1.0,124,False,False,
2022-02-13,MSCI_INDIA,gold,7,1.0,0.0,125,0.0,1.0,118,False,False,
2022-02-13,MSCI_INDIA,gold,14,1.0,0.0,125,0.0,1.0,111,False,False,
2022-02-13,MSCI_INDIA,gold,30,1.0,0.0,125,0.0,1.0,95,False,False,
2022-02-13,MSCI_INDIA,gold,60,1.0,0.0,125,0.0,1.0,65,False,False,
2022-02-16,USD_RUB,oil,1,1.0,0.0,125,0.0,1.0,124,False,False,
2022-02-16,USD_RUB,oil,7,1.0,0.0,125,0.0,1.0,118,False,False,
2022-02-16,USD_RUB,oil,14,1.0,0.0,125,0.0,1.0,111,False,False,
2022-02-16,USD_RUB,oil,30,1.0,0.0,125,0.0,1.0,95,False,False,
2022-02-16,USD_RUB,oil,60,1.0,0.0,125,0.0,1.0,65,False,False,
2022-02-16,USD_RUB,rate,1,1.0,0.0,125,0.0,1.0,124,False,False,
2022-02-16,USD_RUB,rate,7,1.0,0.0,125,0.0,1.0,118,False,False,
2022-02-16,USD_RUB,rate,14,1.0,0.0,125,0.0,1.0,111,False,False,
2022-02-16,USD_RUB,rate,30,1.0,0.0,125,0.0,1.0,95,False,False,
2022-02-16,USD_RUB,rate,60,1.0,0.0,125,0.0,1.0,65,False,False,
2022-02-16,USD_RUB,ruble,1,1.0,0.0,125,0.0,1.0,124,False,False,
2022-02-16,USD_RUB,ruble,7,1.0,0.0,125,0.0,1.0,118,False,False,
2022-02-16,USD_RUB,ruble,14,1.0,0.0,125,0.0,1.0,111,False,False,
2022-02-16,USD_RUB,ruble,30,1.0,0.0,125,0.0,1.0,95,False,False,
2022-02-16,USD_RUB,ruble,60,1.0,0.0,125,0.0,1.0,65,False,False,
2022-02-16,USD_RUB,sanctions,1,1.0,0.0,125,0.0,1.0,124,False,False,
2022-02-16,USD_RUB,sanctions,7,1.0,0.0,125,0.0,1.0,118,False,False,
2022-02-16,USD_RUB,sanctions,14,1.0,0.0,125,0.0,1.0,111,False,False,
2022-02-16,USD_RUB,sanctions,30,1.0,0.0,125,0.0,1.0,95,False,False,
2022-02-16,USD_RUB,sanctions,60,1.0,0.0,125,0.0,1.0,65,False,False,
2022-02-16,USD_RUB,inflation,1,1.0,0.0,125,0.0,1.0,124,False,False,
2022-02-16,USD_RUB,inflation,7,1.0,0.0,125,0.0,1.0,118,False,False,
2022-02-16,USD_RUB,inflation,14,1.0,0.0,125,0.0,1.0,111,False,False,
2022-02-16,USD_RUB,inflation,30,1.0,0.0,125,0.0,1.0,95,False,False,
2022-02-16,USD_RUB,inflation,60,1.0,0.0,125,0.0,1.0,65,False,False,
2022-02-16,USD_RUB,banking,1,1.0,0.0,125,0.0,1.0,124,False,False,
2022-02-16,USD_RUB,banking,7,1.0,0.0,125,0.0,1.0,118,False,False,
2022-02-16,USD_RUB,banking,14,1.0,0.0,125,0.0,1.0,111,False,False,
2022-02-16,USD_RUB,banking,30,1.0,0.0,125,0.0,1.0,95,False,False,
2022-02-16,USD_RUB,banking,60,1.0,0.0,125,0.0,1.0,65,False,False,
2022-02-16,USD_RUB,gold,1,1.0,0.0,125,0.0,1.0,124,False,False,
2022-02-16,USD_RUB,gold,7,1.0,0.0,125,0.0,1.0,118,False,False,
2022-02-16,USD_RUB,gold,14,1.0,0.0,125,0.0,1.0,111,False,False,
2022-02-16,USD_RUB,gold,30,1.0,0.0,125,0.0,1.0,95,False,False,
2022-02-16,USD_RUB,gold,60,1.0,0.0,125,0.0,1.0,65,False,False,
2022-02-16,EUR_RUB,oil,1,1.0,0.0,125,0.0,1.0,124,False,False,
2022-02-16,EUR_RUB,oil,7,1.0,0.0,125,0.0,1.0,118,False,False,
2022-02-16,EUR_RUB,oil,14,1.0,0.0,125,0.0,1.0,111,False,False,
2022-02-16,EUR_RUB,oil,30,1.0,0.0,125,0.0,1.0,95,False,False,
2022-02-16,EUR_RUB,oil,60,1.0,0.0,125,0.0,1.0,65,False,False,
2022-02-16,EUR_RUB,rate,1,1.0,0.0,125,0.0,1.0,124,False,False,
2022-02-16,EUR_RUB,rate,7,1.0,0.0,125,0.0,1.0,118,False,False,
2022-02-16,EUR_RUB,rate,14,1.0,0.0,125,0.0,1.0,111,False,False,
2022-02-16,EUR_RUB,rate,30,1.0,0.0,125,0.0,1.0,95,False,False,
2022-02-16,EUR_RUB,rate,60,1.0,0.0,125,0.0,1.0,65,False,False,
2022-02-16,EUR_RUB,ruble,1,1.0,0.0,125,0.0,1.0,124,False,False,
2022-02-16,EUR_RUB,ruble,7,1.0,0.0,125,0.0,1.0,118,False,False,
2022-02-16,EUR_RUB,ruble,14,1.0,0.0,125,0.0,1.0,111,False,False,
2022-02-16,EUR_RUB,ruble,30,1.0,0.0,125,0.0,1.0,95,False,False,
2022-02-16,EUR_RUB,ruble,60,1.0,0.0,125,0.0,1.0,65,False,False,
2022-02-16,EUR_RUB,sanctions,1,1.0,0.0,125,0.0,1.0,124,False,False,
2022-02-16,EUR_RUB,sanctions,7,1.0,0.0,125,0.0,1.0,118,False,False,
2022-02-16,EUR_RUB,sanctions,14,1.0,0.0,125,0.0,1.0,111,False,False,
2022-02-16,EUR_RUB,sanctions,30,1.0,0.0,125,0.0,1.0,95,False,False,
2022-02-16,EUR_RUB,sanctions,60,1.0,0.0,125,0.0,1.0,65,False,False,
2022-02-16,EUR_RUB,inflation,1,1.0,0.0,125,0.0,1.0,124,False,False,
2022-02-16,EUR_RUB,inflation,7,1.0,0.0,125,0.0,1.0,118,False,False,
2022-02-16,EUR_RUB,inflation,14,1.0,0.0,125,0.0,1.0,111,False,False,
2022-02-16,EUR_RUB,inflation,30,1.0,0.0,125,0.0,1.0,95,False,False,
2022-02-16,EUR_RUB,inflation,60,1.0,0.0,125,0.0,1.0,65,False,False,
2022-02-16,EUR_RUB,banking,1,1.0,0.0,125,0.0,1.0,124,False,False,
2022-02-16,EUR_RUB,banking,7,1.0,0.0,125,0.0,1.0,118,False,False,
2022-02-16,EUR_RUB,banking,14,1.0,0.0,125,0.0,1.0,111,False,False,
2022-02-16,EUR_RUB,banking,30,1.0,0.0,125,0.0,1.0,95,False,False,
2022-02-16,EUR_RUB,banking,60,1.0,0.0,125,0.0,1.0,65,False,False,
2022-02-16,EUR_RUB,gold,1,1.0,0.0,125,0.0,1.0,124,False,False,
2022-02-16,EUR_RUB,gold,7,1.0,0.0,125,0.0,1.0,118,False,False,
2022-02-16,EUR_RUB,gold,14,1.0,0.0,125,0.0,1.0,111,False,False,
2022-02-16,EUR_RUB,gold,30,1.0,0.0,125,0.0,1.0,95,False,False,
2022-02-16,EUR_RUB,gold,60,1.0,0.0,125,0.0,1.0,65,False,False,
2022-02-16,BRENT,oil,1,1.0,0.0,125,0.0,1.0,124,False,False,
2022-02-16,BRENT,oil,7,1.0,0.0,125,0.0,1.0,118,False,False,
2022-02-16,BRENT,oil,14,1.0,0.0,125,0.0,1.0,111,False,False,
2022-02-16,BRENT,oil,30,1.0,0.0,125,0.0,1.0,95,False,False,
2022-02-16,BRENT,oil,60,1.0,0.0,125,0.0,1.0,65,False,False,
2022-02-16,BRENT,rate,1,1.0,0.0,125,0.0,1.0,124,False,False,
2022-02-16,BRENT,rate,7,1.0,0.0,125,0.0,1.0,118,False,False,
2022-02-16,BRENT,rate,14,1.0,0.0,125,0.0,1.0,111,False,False,
2022-02-16,BRENT,rate,30,1.0,0.0,125,0.0,1.0,95,False,False,
2022-02-16,BRENT,rate,60,1.0,0.0,125,0.0,1.0,65,False,False,
2022-02-16,BRENT,ruble,1,1.0,0.0,125,0.0,1.0,124,False,False,
2022-02-16,BRENT,ruble,7,1.0,0.0,125,0.0,1.0,118,False,False,
2022-02-16,BRENT,ruble,14,1.0,0.0,125,0.0,1.0,111,False,False,
2022-02-16,BRENT,ruble,30,1.0,0.0,125,0.0,1.0,95,False,False,
2022-02-16,BRENT,ruble,60,1.0,0.0,125,0.0,1.0,65,False,False,
2022-02-16,BRENT,sanctions,1,1.0,0.0,125,0.0,1.0,124,False,False,
2022-02-16,BRENT,sanctions,7,1.0,0.0,125,0.0,1.0,118,False,False,
2022-02-16,BRENT,sanctions,14,1.0,0.0,125,0.0,1.0,111,False,False,
2022-02-16,BRENT,sanctions,30,1.0,0.0,125,0.0,1.0,95,False,False,
2022-02-16,BRENT,sanctions,60,1.0,0.0,125,0.0,1.0,65,False,False,
2022-02-16,BRENT,inflation,1,1.0,0.0,125,0.0,1.0,124,False,False,
2022-02-16,BRENT,inflation,7,1.0,0.0,125,0.0,1.0,118,False,False,
2022-02-16,BRENT,inflation,14,1.0,0.0,125,0.0,1.0,111,False,False,
2022-02-16,BRENT,inflation,30,1.0,0.0,125,0.0,1.0,95,False,False,
2022-02-16,BRENT,inflation,60,1.0,0.0,125,0.0,1.0,65,False,False,
2022-02-16,BRENT,banking,1,1.0,0.0,125,0.0,1.0,124,False,False,
2022-02-16,BRENT,banking,7,1.0,0.0,125,0.0,1.0,118,False,False,
2022-02-16,BRENT,banking,14,1.0,0.0,125,0.0,1.0,111,False,False,
2022-02-16,BRENT,banking,30,1.0,0.0,125,0.0,1.0,95,False,False,
2022-02-16,BRENT,banking,60,1.0,0.0,125,0.0,1.0,65,False,False,
2022-02-16,BRENT,gold,1,1.0,0.0,125,0.0,1.0,124,False,False,
2022-02-16,BRENT,gold,7,1.0,0.0,125,0.0,1.0,118,False,False,
2022-02-16,BRENT,gold,14,1.0,0.0,125,0.0,1.0,111,False,False,
2022-02-16,BRENT,gold,30,1.0,0.0,125,0.0,1.0,95,False,False,
2022-02-16,BRENT,gold,60,1.0,0.0,125,0.0,1.0,65,False,False,
2022-02-16,SP500,oil,1,1.0,0.0,125,0.0,1.0,124,False,False,
2022-02-16,SP500,oil,7,1.0,0.0,125,0.0,1.0,118,False,False,
2022-02-16,SP500,oil,14,1.0,0.0,125,0.0,1.0,111,False,False,
2022-02-16,SP500,oil,30,1.0,0.0,125,0.0,1.0,95,False,False,
2022-02-16,SP500,oil,60,1.0,0.0,125,0.0,1.0,65,False,False,
2022-02-16,SP500,rate,1,1.0,0.0,125,0.0,1.0,124,False,False,
2022-02-16,SP500,rate,7,1.0,0.0,125,0.0,1.0,118,False,False,
2022-02-16,SP500,rate,14,1.0,0.0,125,0.0,1.0,111,False,False,
2022-02-16,SP500,rate,30,1.0,0.0,125,0.0,1.0,95,False,False,
2022-02-16,SP500,rate,60,1.0,0.0,125,0.0,1.0,65,False,False,
2022-02-16,SP500,ruble,1,1.0,0.0,125,0.0,1.0,124,False,False,
2022-02-16,SP500,ruble,7,1.0,0.0,125,0.0,1.0,118,False,False,
2022-02-16,SP500,ruble,14,1.0,0.0,125,0.0,1.0,111,False,False,
2022-02-16,SP500,ruble,30,1.0,0.0,125,0.0,1.0,95,False,False,
2022-02-16,SP500,ruble,60,1.0,0.0,125,0.0,1.0,65,False,False,
2022-02-16,SP500,sanctions,1,1.0,0.0,125,0.0,1.0,124,False,False,
2022-02-16,SP500,sanctions,7,1.0,0.0,125,0.0,1.0,118,False,False,
2022-02-16,SP500,sanctions,14,1.0,0.0,125,0.0,1.0,111,False,False,
2022-02-16,SP500,sanctions,30,1.0,0.0,125,0.0,1.0,95,False,False,
2022-02-16,SP500,sanctions,60,1.0,0.0,125,0.0,1.0,65,False,False,
2022-02-16,SP500,inflation,1,1.0,0.0,125,0.0,1.0,124,False,False,
2022-02-16,SP500,inflation,7,1.0,0.0,125,0.0,1.0,118,False,False,
2022-02-16,SP500,inflation,14,1.0,0.0,125,0.0,1.0,111,False,False,
2022-02-16,SP500,inflation,30,1.0,0.0,125,0.0,1.0,95,False,False,
2022-02-16,SP500,inflation,60,1.0,0.0,125,0.0,1.0,65,False,False,
2022-02-16,SP500,banking,1,1.0,0.0,125,0.0,1.0,124,False,False,
2022-02-16,SP500,banking,7,1.0,0.0,125,0.0,1.0,118,False,False,
2022-02-16,SP500,banking,14,1.0,0.0,125,0.0,1.0,111,False,False,
2022-02-16,SP500,banking,30,1.0,0.0,125,0.0,1.0,95,False,False,
2022-02-16,SP500,banking,60,1.0,0.0,125,0.0,1.0,65,False,False,
2022-02-16,SP500,gold,1,1.0,0.0,125,0.0,1.0,124,False,False,
2022-02-16,SP500,gold,7,1.0,0.0,125,0.0,1.0,118,False,False,
2022-02-16,SP500,gold,14,1.0,0.0,125,0.0,1.0,111,False,False,
2022-02-16,SP500,gold,30,1.0,0.0,125,0.0,1.0,95,False,False,
2022-02-16,SP500,gold,60,1.0,0.0,125,0.0,1.0,65,False,False,
2022-02-16,MSCI_WORLD,oil,1,1.0,0.0,125,0.0,1.0,124,False,False,
2022-02-16,MSCI_WORLD,oil,7,1.0,0.0,125,0.0,1.0,118,False,False,
2022-02-16,MSCI_WORLD,oil,14,1.0,0.0,125,0.0,1.0,111,False,False,
2022-02-16,MSCI_WORLD,oil,30,1.0,0.0,125,0.0,1.0,95,False,False,
2022-02-16,MSCI_WORLD,oil,60,1.0,0.0,125,0.0,1.0,65,False,False,
2022-02-16,MSCI_WORLD,rate,1,1.0,0.0,125,0.0,1.0,124,False,False,
2022-02-16,MSCI_WORLD,rate,7,1.0,0.0,125,0.0,1.0,118,False,False,
2022-02-16,MSCI_WORLD,rate,14,1.0,0.0,125,0.0,1.0,111,False,False,
2022-02-16,MSCI_WORLD,rate,30,1.0,0.0,125,0.0,1.0,95,False,False,
2022-02-16,MSCI_WORLD,rate,60,1.0,0.0,125,0.0,1.0,65,False,False,
2022-02-16,MSCI_WORLD,ruble,1,1.0,0.0,125,0.0,1.0,124,False,False,
2022-02-16,MSCI_WORLD,ruble,7,1.0,0.0,125,0.0,1.0,118,False,False,
2022-02-16,MSCI_WORLD,ruble,14,1.0,0.0,125,0.0,1.0,111,False,False,
2022-02-16,MSCI_WORLD,ruble,30,1.0,0.0,125,0.0,1.0,95,False,False,
2022-02-16,MSCI_WORLD,ruble,60,1.0,0.0,125,0.0,1.0,65,False,False,
2022-02-16,MSCI_WORLD,sanctions,1,1.0,0.0,125,0.0,1.0,124,False,False,
2022-02-16,MSCI_WORLD,sanctions,7,1.0,0.0,125,0.0,1.0,118,False,False,
2022-02-16,MSCI_WORLD,sanctions,14,1.0,0.0,125,0.0,1.0,111,False,False,
2022-02-16,MSCI_WORLD,sanctions,30,1.0,0.0,125,0.0,1.0,95,False,False,
2022-02-16,MSCI_WORLD,sanctions,60,1.0,0.0,125,0.0,1.0,65,False,False,
2022-02-16,MSCI_WORLD,inflation,1,1.0,0.0,125,0.0,1.0,124,False,False,
2022-02-16,MSCI_WORLD,inflation,7,1.0,0.0,125,0.0,1.0,118,False,False,
2022-02-16,MSCI_WORLD,inflation,14,1.0,0.0,125,0.0,1.0,111,False,False,
2022-02-16,MSCI_WORLD,inflation,30,1.0,0.0,125,0.0,1.0,95,False,False,
2022-02-16,MSCI_WORLD,inflation,60,1.0,0.0,125,0.0,1.0,65,False,False,
2022-02-16,MSCI_WORLD,banking,1,1.0,0.0,125,0.0,1.0,124,False,False,
2022-02-16,MSCI_WORLD,banking,7,1.0,0.0,125,0.0,1.0,118,False,False,
2022-02-16,MSCI_WORLD,banking,14,1.0,0.0,125,0.0,1.0,111,False,False,
2022-02-16,MSCI_WORLD,banking,30,1.0,0.0,125,0.0,1.0,95,False,False,
2022-02-16,MSCI_WORLD,banking,60,1.0,0.0,125,0.0,1.0,65,False,False,
2022-02-16,MSCI_WORLD,gold,1,1.0,0.0,125,0.0,1.0,124,False,False,
2022-02-16,MSCI_WORLD,gold,7,1.0,0.0,125,0.0,1.0,118,False,False,
2022-02-16,MSCI_WORLD,gold,14,1.0,0.0,125,0.0,1.0,111,False,False,
2022-02-16,MSCI_WORLD,gold,30,1.0,0.0,125,0.0,1.0,95,False,False,
2022-02-16,MSCI_WORLD,gold,60,1.0,0.0,125,0.0,1.0,65,False,False,
2022-02-16,DXY,oil,1,1.0,0.0,125,0.0,1.0,124,False,False,
2022-02-16,DXY,oil,7,1.0,0.0,125,0.0,1.0,118,False,False,
2022-02-16,DXY,oil,14,1.0,0.0,125,0.0,1.0,111,False,False,
2022-02-16,DXY,oil,30,1.0,0.0,125,0.0,1.0,95,False,False,
2022-02-16,DXY,oil,60,1.0,0.0,125,0.0,1.0,65,False,False,
2022-02-16,DXY,rate,1,1.0,0.0,125,0.0,1.0,124,False,False,
2022-02-16,DXY,rate,7,1.0,0.0,125,0.0,1.0,118,False,False,
2022-02-16,DXY,rate,14,1.0,0.0,125,0.0,1.0,111,False,False,
2022-02-16,DXY,rate,30,1.0,0.0,125,0.0,1.0,95,False,False,
2022-02-16,DXY,rate,60,1.0,0.0,125,0.0,1.0,65,False,False,
2022-02-16,DXY,ruble,1,1.0,0.0,125,0.0,1.0,124,False,False,
2022-02-16,DXY,ruble,7,1.0,0.0,125,0.0,1.0,118,False,False,
2022-02-16,DXY,ruble,14,1.0,0.0,125,0.0,1.0,111,False,False,
2022-02-16,DXY,ruble,30,1.0,0.0,125,0.0,1.0,95,False,False,
2022-02-16,DXY,ruble,60,1.0,0.0,125,0.0,1.0,65,False,False,
2022-02-16,DXY,sanctions,1,1.0,0.0,125,0.0,1.0,124,False,False,
2022-02-16,DXY,sanctions,7,1.0,0.0,125,0.0,1.0,118,False,False,
2022-02-16,DXY,sanctions,14,1.0,0.0,125,0.0,1.0,111,False,False,
2022-02-16,DXY,sanctions,30,1.0,0.0,125,0.0,1.0,95,False,False,
2022-02-16,DXY,sanctions,60,1.0,0.0,125,0.0,1.0,65,False,False,
2022-02-16,DXY,inflation,1,1.0,0.0,125,0.0,1.0,124,False,False,
2022-02-16,DXY,inflation,7,1.0,0.0,125,0.0,1.0,118,False,False,
2022-02-16,DXY,inflation,14,1.0,0.0,125,0.0,1.0,111,False,False,
2022-02-16,DXY,inflation,30,1.0,0.0,125,0.0,1.0,95,False,False,
2022-02-16,DXY,inflation,60,1.0,0.0,125,0.0,1.0,65,False,False,
2022-02-16,DXY,banking,1,1.0,0.0,125,0.0,1.0,124,False,False,
2022-02-16,DXY,banking,7,1.0,0.0,125,0.0,1.0,118,False,False,
2022-02-16,DXY,banking,14,1.0,0.0,125,0.0,1.0,111,False,False,
2022-02-16,DXY,banking,30,1.0,0.0,125,0.0,1.0,95,False,False,
2022-02-16,DXY,banking,60,1.0,0.0,125,0.0,1.0,65,False,False,
2022-02-16,DXY,gold,1,1.0,0.0,125,0.0,1.0,124,False,False,
2022-02-16,DXY,gold,7,1.0,0.0,125,0.0,1.0,118,False,False,
2022-02-16,DXY,gold,14,1.0,0.0,125,0.0,1.0,111,False,False,
2022-02-16,DXY,gold,30,1.0,0.0,125,0.0,1.0,95,False,False,
2022-02-16,DXY,gold,60,1.0,0.0,125,0.0,1.0,65,False,False,
2022-02-16,MSCI_INDIA,oil,1,1.0,0.0,125,0.0,1.0,124,False,False,
2022-02-16,MSCI_INDIA,oil,7,1.0,0.0,125,0.0,1.0,118,False,False,
2022-02-16,MSCI_INDIA,oil,14,1.0,0.0,125,0.0,1.0,111,False,False,
2022-02-16,MSCI_INDIA,oil,30,1.0,0.0,125,0.0,1.0,95,False,False,
2022-02-16,MSCI_INDIA,oil,60,1.0,0.0,125,0.0,1.0,65,False,False,
2022-02-16,MSCI_INDIA,rate,1,1.0,0.0,125,0.0,1.0,124,False,False,
2022-02-16,MSCI_INDIA,rate,7,1.0,0.0,125,0.0,1.0,118,False,False,
2022-02-16,MSCI_INDIA,rate,14,1.0,0.0,125,0.0,1.0,111,False,False,
2022-02-16,MSCI_INDIA,rate,30,1.0,0.0,125,0.0,1.0,95,False,False,
2022-02-16,MSCI_INDIA,rate,60,1.0,0.0,125,0.0,1.0,65,False,False,
2022-02-16,MSCI_INDIA,ruble,1,1.0,0.0,125,0.0,1.0,124,False,False,
2022-02-16,MSCI_INDIA,ruble,7,1.0,0.0,125,0.0,1.0,118,False,False,
2022-02-16,MSCI_INDIA,ruble,14,1.0,0.0,125,0.0,1.0,111,False,False,
2022-02-16,MSCI_INDIA,ruble,30,1.0,0.0,125,0.0,1.0,95,False,False,
2022-02-16,MSCI_INDIA,ruble,60,1.0,0.0,125,0.0,1.0,65,False,False,
2022-02-16,MSCI_INDIA,sanctions,1,1.0,0.0,125,0.0,1.0,124,False,False,
2022-02-16,MSCI_INDIA,sanctions,7,1.0,0.0,125,0.0,1.0,118,False,False,
2022-02-16,MSCI_INDIA,sanctions,14,1.0,0.0,125,0.0,1.0,111,False,False,
2022-02-16,MSCI_INDIA,sanctions,30,1.0,0.0,125,0.0,1.0,95,False,False,
2022-02-16,MSCI_INDIA,sanctions,60,1.0,0.0,125,0.0,1.0,65,False,False,
2022-02-16,MSCI_INDIA,inflation,1,1.0,0.0,125,0.0,1.0,124,False,False,
2022-02-16,MSCI_INDIA,inflation,7,1.0,0.0,125,0.0,1.0,118,False,False,
2022-02-16,MSCI_INDIA,inflation,14,1.0,0.0,125,0.0,1.0,111,False,False,
2022-02-16,MSCI_INDIA,inflation,30,1.0,0.0,125,0.0,1.0,95,False,False,
2022-02-16,MSCI_INDIA,inflation,60,1.0,0.0,125,0.0,1.0,65,False,False,
2022-02-16,MSCI_INDIA,banking,1,1.0,0.0,125,0.0,1.0,124,False,False,
2022-02-16,MSCI_INDIA,banking,7,1.0,0.0,125,0.0,1.0,118,False,False,
2022-02-16,MSCI_INDIA,banking,14,1.0,0.0,125,0.0,1.0,111,False,False,
2022-02-16,MSCI_INDIA,banking,30,1.0,0.0,125,0.0,1.0,95,False,False,
2022-02-16,MSCI_INDIA,banking,60,1.0,0.0,125,0.0,1.0,65,False,False,
2022-02-16,MSCI_INDIA,gold,1,1.0,0.0,125,0.0,1.0,124,False,False,
2022-02-16,MSCI_INDIA,gold,7,1.0,0.0,125,0.0,1.0,118,False,False,
2022-02-16,MSCI_INDIA,gold,14,1.0,0.0,125,0.0,1.0,111,False,False,
2022-02-16,MSCI_INDIA,gold,30,1.0,0.0,125,0.0,1.0,95,False,False,
2022-02-16,MSCI_INDIA,gold,60,1.0,0.0,125,0.0,1.0,65,False,False,
2022-02-19,USD_RUB,oil,1,1.0,0.0,125,0.0,1.0,124,False,False,
2022-02-19,USD_RUB,oil,7,1.0,0.0,125,0.0,1.0,118,False,False,
2022-02-19,USD_RUB,oil,14,1.0,0.0,125,0.0,1.0,111,False,False,
2022-02-19,USD_RUB,oil,30,1.0,0.0,125,0.0,1.0,95,False,False,
2022-02-19,USD_RUB,oil,60,1.0,0.0,125,0.0,1.0,65,False,False,
2022-02-19,USD_RUB,rate,1,1.0,0.0,125,0.0,1.0,124,False,False,
2022-02-19,USD_RUB,rate,7,1.0,0.0,125,0.0,1.0,118,False,False,
2022-02-19,USD_RUB,rate,14,1.0,0.0,125,0.0,1.0,111,False,False,
2022-02-19,USD_RUB,rate,30,1.0,0.0,125,0.0,1.0,95,False,False,
2022-02-19,USD_RUB,rate,60,1.0,0.0,125,0.0,1.0,65,False,False,
2022-02-19,USD_RUB,ruble,1,1.0,0.0,125,0.0,1.0,124,False,False,
2022-02-19,USD_RUB,ruble,7,1.0,0.0,125,0.0,1.0,118,False,False,
2022-02-19,USD_RUB,ruble,14,1.0,0.0,125,0.0,1.0,111,False,False,
2022-02-19,USD_RUB,ruble,30,1.0,0.0,125,0.0,1.0,95,False,False,
2022-02-19,USD_RUB,ruble,60,1.0,0.0,125,0.0,1.0,65,False,False,
2022-02-19,USD_RUB,sanctions,1,1.0,0.0,125,0.0,1.0,124,False,False,
2022-02-19,USD_RUB,sanctions,7,1.0,0.0,125,0.0,1.0,118,False,False,
2022-02-19,USD_RUB,sanctions,14,1.0,0.0,125,0.0,1.0,111,False,False,
2022-02-19,USD_RUB,sanctions,30,1.0,0.0,125,0.0,1.0,95,False,False,
2022-02-19,USD_RUB,sanctions,60,1.0,0.0,125,0.0,1.0,65,False,False,
2022-02-19,USD_RUB,inflation,1,1.0,0.0,125,0.0,1.0,124,False,False,
2022-02-19,USD_RUB,inflation,7,1.0,0.0,125,0.0,1.0,118,False,False,
2022-02-19,USD_RUB,inflation,14,1.0,0.0,125,0.0,1.0,111,False,False,
2022-02-19,USD_RUB,inflation,30,1.0,0.0,125,0.0,1.0,95,False,False,
2022-02-19,USD_RUB,inflation,60,1.0,0.0,125,0.0,1.0,65,False,False,
2022-02-19,USD_RUB,banking,1,1.0,0.0,125,0.0,1.0,124,False,False,
2022-02-19,USD_RUB,banking,7,1.0,0.0,125,0.0,1.0,118,False,False,
2022-02-19,USD_RUB,banking,14,1.0,0.0,125,0.0,1.0,111,False,False,
2022-02-19,USD_RUB,banking,30,1.0,0.0,125,0.0,1.0,95,False,False,
2022-02-19,USD_RUB,banking,60,1.0,0.0,125,0.0,1.0,65,False,False,
2022-02-19,USD_RUB,gold,1,1.0,0.0,125,0.0,1.0,124,False,False,
2022-02-19,USD_RUB,gold,7,1.0,0.0,125,0.0,1.0,118,False,False,
2022-02-19,USD_RUB,gold,14,1.0,0.0,125,0.0,1.0,111,False,False,
2022-02-19,USD_RUB,gold,30,1.0,0.0,125,0.0,1.0,95,False,False,
2022-02-19,USD_RUB,gold,60,1.0,0.0,125,0.0,1.0,65,False,False,
2022-02-19,EUR_RUB,oil,1,1.0,0.0,125,0.0,1.0,124,False,False,
2022-02-19,EUR_RUB,oil,7,1.0,0.0,125,0.0,1.0,118,False,False,
2022-02-19,EUR_RUB,oil,14,1.0,0.0,125,0.0,1.0,111,False,False,
2022-02-19,EUR_RUB,oil,30,1.0,0.0,125,0.0,1.0,95,False,False,
2022-02-19,EUR_RUB,oil,60,1.0,0.0,125,0.0,1.0,65,False,False,
2022-02-19,EUR_RUB,rate,1,1.0,0.0,125,0.0,1.0,124,False,False,
2022-02-19,EUR_RUB,rate,7,1.0,0.0,125,0.0,1.0,118,False,False,
2022-02-19,EUR_RUB,rate,14,1.0,0.0,125,0.0,1.0,111,False,False,
2022-02-19,EUR_RUB,rate,30,1.0,0.0,125,0.0,1.0,95,False,False,
2022-02-19,EUR_RUB,rate,60,1.0,0.0,125,0.0,1.0,65,False,False,
2022-02-19,EUR_RUB,ruble,1,1.0,0.0,125,0.0,1.0,124,False,False,
2022-02-19,EUR_RUB,ruble,7,1.0,0.0,125,0.0,1.0,118,False,False,
2022-02-19,EUR_RUB,ruble,14,1.0,0.0,125,0.0,1.0,111,False,False,
2022-02-19,EUR_RUB,ruble,30,1.0,0.0,125,0.0,1.0,95,False,False,
2022-02-19,EUR_RUB,ruble,60,1.0,0.0,125,0.0,1.0,65,False,False,
2022-02-19,EUR_RUB,sanctions,1,1.0,0.0,125,0.0,1.0,124,False,False,
2022-02-19,EUR_RUB,sanctions,7,1.0,0.0,125,0.0,1.0,118,False,False,
2022-02-19,EUR_RUB,sanctions,14,1.0,0.0,125,0.0,1.0,111,False,False,
2022-02-19,EUR_RUB,sanctions,30,1.0,0.0,125,0.0,1.0,95,False,False,
2022-02-19,EUR_RUB,sanctions,60,1.0,0.0,125,0.0,1.0,65,False,False,
2022-02-19,EUR_RUB,inflation,1,1.0,0.0,125,0.0,1.0,124,False,False,
2022-02-19,EUR_RUB,inflation,7,1.0,0.0,125,0.0,1.0,118,False,False,
2022-02-19,EUR_RUB,inflation,14,1.0,0.0,125,0.0,1.0,111,False,False,
2022-02-19,EUR_RUB,inflation,30,1.0,0.0,125,0.0,1.0,95,False,False,
2022-02-19,EUR_RUB,inflation,60,1.0,0.0,125,0.0,1.0,65,False,False,
2022-02-19,EUR_RUB,banking,1,1.0,0.0,125,0.0,1.0,124,False,False,
2022-02-19,EUR_RUB,banking,7,1.0,0.0,125,0.0,1.0,118,False,False,
2022-02-19,EUR_RUB,banking,14,1.0,0.0,125,0.0,1.0,111,False,False,
2022-02-19,EUR_RUB,banking,30,1.0,0.0,125,0.0,1.0,95,False,False,
2022-02-19,EUR_RUB,banking,60,1.0,0.0,125,0.0,1.0,65,False,False,
2022-02-19,EUR_RUB,gold,1,1.0,0.0,125,0.0,1.0,124,False,False,
2022-02-19,EUR_RUB,gold,7,1.0,0.0,125,0.0,1.0,118,False,False,
2022-02-19,EUR_RUB,gold,14,1.0,0.0,125,0.0,1.0,111,False,False,
2022-02-19,EUR_RUB,gold,30,1.0,0.0,125,0.0,1.0,95,False,False,
2022-02-19,EUR_RUB,gold,60,1.0,0.0,125,0.0,1.0,65,False,False,
2022-02-19,BRENT,oil,1,1.0,0.0,125,0.0,1.0,124,False,False,
2022-02-19,BRENT,oil,7,1.0,0.0,125,0.0,1.0,118,False,False,
2022-02-19,BRENT,oil,14,1.0,0.0,125,0.0,1.0,111,False,False,
2022-02-19,BRENT,oil,30,1.0,0.0,125,0.0,1.0,95,False,False,
2022-02-19,BRENT,oil,60,1.0,0.0,125,0.0,1.0,65,False,False,
2022-02-19,BRENT,rate,1,1.0,0.0,125,0.0,1.0,124,False,False,
2022-02-19,BRENT,rate,7,1.0,0.0,125,0.0,1.0,118,False,False,
2022-02-19,BRENT,rate,14,1.0,0.0,125,0.0,1.0,111,False,False,
2022-02-19,BRENT,rate,30,1.0,0.0,125,0.0,1.0,95,False,False,
2022-02-19,BRENT,rate,60,1.0,0.0,125,0.0,1.0,65,False,False,
2022-02-19,BRENT,ruble,1,1.0,0.0,125,0.0,1.0,124,False,False,
2022-02-19,BRENT,ruble,7,1.0,0.0,125,0.0,1.0,118,False,False,
2022-02-19,BRENT,ruble,14,1.0,0.0,125,0.0,1.0,111,False,False,
2022-02-19,BRENT,ruble,30,1.0,0.0,125,0.0,1.0,95,False,False,
2022-02-19,BRENT,ruble,60,1.0,0.0,125,0.0,1.0,65,False,False,
2022-02-19,BRENT,sanctions,1,1.0,0.0,125,0.0,1.0,124,False,False,
2022-02-19,BRENT,sanctions,7,1.0,0.0,125,0.0,1.0,118,False,False,
2022-02-19,BRENT,sanctions,14,1.0,0.0,125,0.0,1.0,111,False,False,
2022-02-19,BRENT,sanctions,30,1.0,0.0,125,0.0,1.0,95,False,False,
2022-02-19,BRENT,sanctions,60,1.0,0.0,125,0.0,1.0,65,False,False,
2022-02-19,BRENT,inflation,1,1.0,0.0,125,0.0,1.0,124,False,False,
2022-02-19,BRENT,inflation,7,1.0,0.0,125,0.0,1.0,118,False,False,
2022-02-19,BRENT,inflation,14,1.0,0.0,125,0.0,1.0,111,False,False,
2022-02-19,BRENT,inflation,30,1.0,0.0,125,0.0,1.0,95,False,False,
2022-02-19,BRENT,inflation,60,1.0,0.0,125,0.0,1.0,65,False,False,
2022-02-19,BRENT,banking,1,1.0,0.0,125,0.0,1.0,124,False,False,
2022-02-19,BRENT,banking,7,1.0,0.0,125,0.0,1.0,118,False,False,
2022-02-19,BRENT,banking,14,1.0,0.0,125,0.0,1.0,111,False,False,
2022-02-19,BRENT,banking,30,1.0,0.0,125,0.0,1.0,95,False,False,
2022-02-19,BRENT,banking,60,1.0,0.0,125,0.0,1.0,65,False,False,
2022-02-19,BRENT,gold,1,1.0,0.0,125,0.0,1.0,124,False,False,
2022-02-19,BRENT,gold,7,1.0,0.0,125,0.0,1.0,118,False,False,
2022-02-19,BRENT,gold,14,1.0,0.0,125,0.0,1.0,111,False,False,
2022-02-19,BRENT,gold,30,1.0,0.0,125,0.0,1.0,95,False,False,
2022-02-19,BRENT,gold,60,1.0,0.0,125,0.0,1.0,65,False,False,
2022-02-19,SP500,oil,1,1.0,0.0,125,0.0,1.0,124,False,False,
2022-02-19,SP500,oil,7,1.0,0.0,125,0.0,1.0,118,False,False,
2022-02-19,SP500,oil,14,1.0,0.0,125,0.0,1.0,111,False,False,
2022-02-19,SP500,oil,30,1.0,0.0,125,0.0,1.0,95,False,False,
2022-02-19,SP500,oil,60,1.0,0.0,125,0.0,1.0,65,False,False,
2022-02-19,SP500,rate,1,1.0,0.0,125,0.0,1.0,124,False,False,
2022-02-19,SP500,rate,7,1.0,0.0,125,0.0,1.0,118,False,False,
2022-02-19,SP500,rate,14,1.0,0.0,125,0.0,1.0,111,False,False,
2022-02-19,SP500,rate,30,1.0,0.0,125,0.0,1.0,95,False,False,
2022-02-19,SP500,rate,60,1.0,0.0,125,0.0,1.0,65,False,False,
2022-02-19,SP500,ruble,1,1.0,0.0,125,0.0,1.0,124,False,False,
2022-02-19,SP500,ruble,7,1.0,0.0,125,0.0,1.0,118,False,False,
2022-02-19,SP500,ruble,14,1.0,0.0,125,0.0,1.0,111,False,False,
2022-02-19,SP500,ruble,30,1.0,0.0,125,0.0,1.0,95,False,False,
2022-02-19,SP500,ruble,60,1.0,0.0,125,0.0,1.0,65,False,False,
2022-02-19,SP500,sanctions,1,1.0,0.0,125,0.0,1.0,124,False,False,
2022-02-19,SP500,sanctions,7,1.0,0.0,125,0.0,1.0,118,False,False,
2022-02-19,SP500,sanctions,14,1.0,0.0,125,0.0,1.0,111,False,False,
2022-02-19,SP500,sanctions,30,1.0,0.0,125,0.0,1.0,95,False,False,
2022-02-19,SP500,sanctions,60,1.0,0.0,125,0.0,1.0,65,False,False,
2022-02-19,SP500,inflation,1,1.0,0.0,125,0.0,1.0,124,False,False,
2022-02-19,SP500,inflation,7,1.0,0.0,125,0.0,1.0,118,False,False,
2022-02-19,SP500,inflation,14,1.0,0.0,125,0.0,1.0,111,False,False,
2022-02-19,SP500,inflation,30,1.0,0.0,125,0.0,1.0,95,False,False,
2022-02-19,SP500,inflation,60,1.0,0.0,125,0.0,1.0,65,False,False,
2022-02-19,SP500,banking,1,1.0,0.0,125,0.0,1.0,124,False,False,
2022-02-19,SP500,banking,7,1.0,0.0,125,0.0,1.0,118,False,False,
2022-02-19,SP500,banking,14,1.0,0.0,125,0.0,1.0,111,False,False,
2022-02-19,SP500,banking,30,1.0,0.0,125,0.0,1.0,95,False,False,
2022-02-19,SP500,banking,60,1.0,0.0,125,0.0,1.0,65,False,False,
2022-02-19,SP500,gold,1,1.0,0.0,125,0.0,1.0,124,False,False,
2022-02-19,SP500,gold,7,1.0,0.0,125,0.0,1.0,118,False,False,
2022-02-19,SP500,gold,14,1.0,0.0,125,0.0,1.0,111,False,False,
2022-02-19,SP500,gold,30,1.0,0.0,125,0.0,1.0,95,False,False,
2022-02-19,SP500,gold,60,1.0,0.0,125,0.0,1.0,65,False,False,
2022-02-19,MSCI_WORLD,oil,1,1.0,0.0,125,0.0,1.0,124,False,False,
2022-02-19,MSCI_WORLD,oil,7,1.0,0.0,125,0.0,1.0,118,False,False,
2022-02-19,MSCI_WORLD,oil,14,1.0,0.0,125,0.0,1.0,111,False,False,
2022-02-19,MSCI_WORLD,oil,30,1.0,0.0,125,0.0,1.0,95,False,False,
2022-02-19,MSCI_WORLD,oil,60,1.0,0.0,125,0.0,1.0,65,False,False,
2022-02-19,MSCI_WORLD,rate,1,1.0,0.0,125,0.0,1.0,124,False,False,
2022-02-19,MSCI_WORLD,rate,7,1.0,0.0,125,0.0,1.0,118,False,False,
2022-02-19,MSCI_WORLD,rate,14,1.0,0.0,125,0.0,1.0,111,False,False,
2022-02-19,MSCI_WORLD,rate,30,1.0,0.0,125,0.0,1.0,95,False,False,
2022-02-19,MSCI_WORLD,rate,60,1.0,0.0,125,0.0,1.0,65,False,False,
2022-02-19,MSCI_WORLD,ruble,1,1.0,0.0,125,0.0,1.0,124,False,False,
2022-02-19,MSCI_WORLD,ruble,7,1.0,0.0,125,0.0,1.0,118,False,False,
2022-02-19,MSCI_WORLD,ruble,14,1.0,0.0,125,0.0,1.0,111,False,False,
2022-02-19,MSCI_WORLD,ruble,30,1.0,0.0,125,0.0,1.0,95,False,False,
2022-02-19,MSCI_WORLD,ruble,60,1.0,0.0,125,0.0,1.0,65,False,False,
2022-02-19,MSCI_WORLD,sanctions,1,1.0,0.0,125,0.0,1.0,124,False,False,
2022-02-19,MSCI_WORLD,sanctions,7,1.0,0.0,125,0.0,1.0,118,False,False,
2022-02-19,MSCI_WORLD,sanctions,14,1.0,0.0,125,0.0,1.0,111,False,False,
2022-02-19,MSCI_WORLD,sanctions,30,1.0,0.0,125,0.0,1.0,95,False,False,
2022-02-19,MSCI_WORLD,sanctions,60,1.0,0.0,125,0.0,1.0,65,False,False,
2022-02-19,MSCI_WORLD,inflation,1,1.0,0.0,125,0.0,1.0,124,False,False,
2022-02-19,MSCI_WORLD,inflation,7,1.0,0.0,125,0.0,1.0,118,False,False,
2022-02-19,MSCI_WORLD,inflation,14,1.0,0.0,125,0.0,1.0,111,False,False,
2022-02-19,MSCI_WORLD,inflation,30,1.0,0.0,125,0.0,1.0,95,False,False,
2022-02-19,MSCI_WORLD,inflation,60,1.0,0.0,125,0.0,1.0,65,False,False,
2022-02-19,MSCI_WORLD,banking,1,1.0,0.0,125,0.0,1.0,124,False,False,
2022-02-19,MSCI_WORLD,banking,7,1.0,0.0,125,0.0,1.0,118,False,False,
2022-02-19,MSCI_WORLD,banking,14,1.0,0.0,125,0.0,1.0,111,False,False,
2022-02-19,MSCI_WORLD,banking,30,1.0,0.0,125,0.0,1.0,95,False,False,
2022-02-19,MSCI_WORLD,banking,60,1.0,0.0,125,0.0,1.0,65,False,False,
2022-02-19,MSCI_WORLD,gold,1,1.0,0.0,125,0.0,1.0,124,False,False,
2022-02-19,MSCI_WORLD,gold,7,1.0,0.0,125,0.0,1.0,118,False,False,
2022-02-19,MSCI_WORLD,gold,14,1.0,0.0,125,0.0,1.0,111,False,False,
2022-02-19,MSCI_WORLD,gold,30,1.0,0.0,125,0.0,1.0,95,False,False,
2022-02-19,MSCI_WORLD,gold,60,1.0,0.0,125,0.0,1.0,65,False,False,
2022-02-19,DXY,oil,1,1.0,0.0,125,0.0,1.0,124,False,False,
2022-02-19,DXY,oil,7,1.0,0.0,125,0.0,1.0,118,False,False,
2022-02-19,DXY,oil,14,1.0,0.0,125,0.0,1.0,111,False,False,
2022-02-19,DXY,oil,30,1.0,0.0,125,0.0,1.0,95,False,False,
2022-02-19,DXY,oil,60,1.0,0.0,125,0.0,1.0,65,False,False,
2022-02-19,DXY,rate,1,1.0,0.0,125,0.0,1.0,124,False,False,
2022-02-19,DXY,rate,7,1.0,0.0,125,0.0,1.0,118,False,False,
2022-02-19,DXY,rate,14,1.0,0.0,125,0.0,1.0,111,False,False,
2022-02-19,DXY,rate,30,1.0,0.0,125,0.0,1.0,95,False,False,
2022-02-19,DXY,rate,60,1.0,0.0,125,0.0,1.0,65,False,False,
2022-02-19,DXY,ruble,1,1.0,0.0,125,0.0,1.0,124,False,False,
2022-02-19,DXY,ruble,7,1.0,0.0,125,0.0,1.0,118,False,False,
2022-02-19,DXY,ruble,14,1.0,0.0,125,0.0,1.0,111,False,False,
2022-02-19,DXY,ruble,30,1.0,0.0,125,0.0,1.0,95,False,False,
2022-02-19,DXY,ruble,60,1.0,0.0,125,0.0,1.0,65,False,False,
2022-02-19,DXY,sanctions,1,1.0,0.0,125,0.0,1.0,124,False,False,
2022-02-19,DXY,sanctions,7,1.0,0.0,125,0.0,1.0,118,False,False,
2022-02-19,DXY,sanctions,14,1.0,0.0,125,0.0,1.0,111,False,False,
2022-02-19,DXY,sanctions,30,1.0,0.0,125,0.0,1.0,95,False,False,
2022-02-19,DXY,sanctions,60,1.0,0.0,125,0.0,1.0,65,False,False,
2022-02-19,DXY,inflation,1,1.0,0.0,125,0.0,1.0,124,False,False,
2022-02-19,DXY,inflation,7,1.0,0.0,125,0.0,1.0,118,False,False,
2022-02-19,DXY,inflation,14,1.0,0.0,125,0.0,1.0,111,False,False,
2022-02-19,DXY,inflation,30,1.0,0.0,125,0.0,1.0,95,False,False,
2022-02-19,DXY,inflation,60,1.0,0.0,125,0.0,1.0,65,False,False,
2022-02-19,DXY,banking,1,1.0,0.0,125,0.0,1.0,124,False,False,
2022-02-19,DXY,banking,7,1.0,0.0,125,0.0,1.0,118,False,False,
2022-02-19,DXY,banking,14,1.0,0.0,125,0.0,1.0,111,False,False,
2022-02-19,DXY,banking,30,1.0,0.0,125,0.0,1.0,95,False,False,
2022-02-19,DXY,banking,60,1.0,0.0,125,0.0,1.0,65,False,False,
2022-02-19,DXY,gold,1,1.0,0.0,125,0.0,1.0,124,False,False,
2022-02-19,DXY,gold,7,1.0,0.0,125,0.0,1.0,118,False,False,
2022-02-19,DXY,gold,14,1.0,0.0,125,0.0,1.0,111,False,False,
2022-02-19,DXY,gold,30,1.0,0.0,125,0.0,1.0,95,False,False,
2022-02-19,DXY,gold,60,1.0,0.0,125,0.0,1.0,65,False,False,
2022-02-19,MSCI_INDIA,oil,1,1.0,0.0,125,0.0,1.0,124,False,False,
2022-02-19,MSCI_INDIA,oil,7,1.0,0.0,125,0.0,1.0,118,False,False,
2022-02-19,MSCI_INDIA,oil,14,1.0,0.0,125,0.0,1.0,111,False,False,
2022-02-19,MSCI_INDIA,oil,30,1.0,0.0,125,0.0,1.0,95,False,False,
2022-02-19,MSCI_INDIA,oil,60,1.0,0.0,125,0.0,1.0,65,False,False,
2022-02-19,MSCI_INDIA,rate,1,1.0,0.0,125,0.0,1.0,124,False,False,
2022-02-19,MSCI_INDIA,rate,7,1.0,0.0,125,0.0,1.0,118,False,False,
2022-02-19,MSCI_INDIA,rate,14,1.0,0.0,125,0.0,1.0,111,False,False,
2022-02-19,MSCI_INDIA,rate,30,1.0,0.0,125,0.0,1.0,95,False,False,
2022-02-19,MSCI_INDIA,rate,60,1.0,0.0,125,0.0,1.0,65,False,False,
2022-02-19,MSCI_INDIA,ruble,1,1.0,0.0,125,0.0,1.0,124,False,False,
2022-02-19,MSCI_INDIA,ruble,7,1.0,0.0,125,0.0,1.0,118,False,False,
2022-02-19,MSCI_INDIA,ruble,14,1.0,0.0,125,0.0,1.0,111,False,False,
2022-02-19,MSCI_INDIA,ruble,30,1.0,0.0,125,0.0,1.0,95,False,False,
2022-02-19,MSCI_INDIA,ruble,60,1.0,0.0,125,0.0,1.0,65,False,False,
2022-02-19,MSCI_INDIA,sanctions,1,1.0,0.0,125,0.0,1.0,124,False,False,
2022-02-19,MSCI_INDIA,sanctions,7,1.0,0.0,125,0.0,1.0,118,False,False,
2022-02-19,MSCI_INDIA,sanctions,14,1.0,0.0,125,0.0,1.0,111,False,False,
2022-02-19,MSCI_INDIA,sanctions,30,1.0,0.0,125,0.0,1.0,95,False,False,
2022-02-19,MSCI_INDIA,sanctions,60,1.0,0.0,125,0.0,1.0,65,False,False,
2022-02-19,MSCI_INDIA,inflation,1,1.0,0.0,125,0.0,1.0,124,False,False,
2022-02-19,MSCI_INDIA,inflation,7,1.0,0.0,125,0.0,1.0,118,False,False,
2022-02-19,MSCI_INDIA,inflation,14,1.0,0.0,125,0.0,1.0,111,False,False,
2022-02-19,MSCI_INDIA,inflation,30,1.0,0.0,125,0.0,1.0,95,False,False,
2022-02-19,MSCI_INDIA,inflation,60,1.0,0.0,125,0.0,1.0,65,False,False,
2022-02-19,MSCI_INDIA,banking,1,1.0,0.0,125,0.0,1.0,124,False,False,
2022-02-19,MSCI_INDIA,banking,7,1.0,0.0,125,0.0,1.0,118,False,False,
2022-02-19,MSCI_INDIA,banking,14,1.0,0.0,125,0.0,1.0,111,False,False,
2022-02-19,MSCI_INDIA,banking,30,1.0,0.0,125,0.0,1.0,95,False,False,
2022-02-19,MSCI_INDIA,banking,60,1.0,0.0,125,0.0,1.0,65,False,False,
2022-02-19,MSCI_INDIA,gold,1,1.0,0.0,125,0.0,1.0,124,False,False,
2022-02-19,MSCI_INDIA,gold,7,1.0,0.0,125,0.0,1.0,118,False,False,
2022-02-19,MSCI_INDIA,gold,14,1.0,0.0,125,0.0,1.0,111,False,False,
2022-02-19,MSCI_INDIA,gold,30,1.0,0.0,125,0.0,1.0,95,False,False,
2022-02-19,MSCI_INDIA,gold,60,1.0,0.0,125,0.0,1.0,65,False,False,
2022-02-22,USD_RUB,oil,1,1.0,0.0,125,0.0,1.0,124,False,False,
2022-02-22,USD_RUB,oil,7,1.0,0.0,125,0.0,1.0,118,False,False,
2022-02-22,USD_RUB,oil,14,1.0,0.0,125,0.0,1.0,111,False,False,
2022-02-22,USD_RUB,oil,30,1.0,0.0,125,0.0,1.0,95,False,False,
2022-02-22,USD_RUB,oil,60,1.0,0.0,125,0.0,1.0,65,False,False,
2022-02-22,USD_RUB,rate,1,1.0,0.0,125,0.0,1.0,124,False,False,
2022-02-22,USD_RUB,rate,7,1.0,0.0,125,0.0,1.0,118,False,False,
2022-02-22,USD_RUB,rate,14,1.0,0.0,125,0.0,1.0,111,False,False,
2022-02-22,USD_RUB,rate,30,1.0,0.0,125,0.0,1.0,95,False,False,
2022-02-22,USD_RUB,rate,60,1.0,0.0,125,0.0,1.0,65,False,False,
2022-02-22,USD_RUB,ruble,1,1.0,0.0,125,0.0,1.0,124,False,False,
2022-02-22,USD_RUB,ruble,7,1.0,0.0,125,0.0,1.0,118,False,False,
2022-02-22,USD_RUB,ruble,14,1.0,0.0,125,0.0,1.0,111,False,False,
2022-02-22,USD_RUB,ruble,30,1.0,0.0,125,0.0,1.0,95,False,False,
2022-02-22,USD_RUB,ruble,60,1.0,0.0,125,0.0,1.0,65,False,False,
2022-02-22,USD_RUB,sanctions,1,1.0,0.0,125,0.0,1.0,124,False,False,
2022-02-22,USD_RUB,sanctions,7,1.0,0.0,125,0.0,1.0,118,False,False,
2022-02-22,USD_RUB,sanctions,14,1.0,0.0,125,0.0,1.0,111,False,False,
2022-02-22,USD_RUB,sanctions,30,1.0,0.0,125,0.0,1.0,95,False,False,
2022-02-22,USD_RUB,sanctions,60,1.0,0.0,125,0.0,1.0,65,False,False,
2022-02-22,USD_RUB,inflation,1,1.0,0.0,125,0.0,1.0,124,False,False,
2022-02-22,USD_RUB,inflation,7,1.0,0.0,125,0.0,1.0,118,False,False,
2022-02-22,USD_RUB,inflation,14,1.0,0.0,125,0.0,1.0,111,False,False,
2022-02-22,USD_RUB,inflation,30,1.0,0.0,125,0.0,1.0,95,False,False,
2022-02-22,USD_RUB,inflation,60,1.0,0.0,125,0.0,1.0,65,False,False,
2022-02-22,USD_RUB,banking,1,1.0,0.0,125,0.0,1.0,124,False,False,
2022-02-22,USD_RUB,banking,7,1.0,0.0,125,0.0,1.0,118,False,False,
2022-02-22,USD_RUB,banking,14,1.0,0.0,125,0.0,1.0,111,False,False,
2022-02-22,USD_RUB,banking,30,1.0,0.0,125,0.0,1.0,95,False,False,
2022-02-22,USD_RUB,banking,60,1.0,0.0,125,0.0,1.0,65,False,False,
2022-02-22,USD_RUB,gold,1,1.0,0.0,125,0.0,1.0,124,False,False,
2022-02-22,USD_RUB,gold,7,1.0,0.0,125,0.0,1.0,118,False,False,
2022-02-22,USD_RUB,gold,14,1.0,0.0,125,0.0,1.0,111,False,False,
2022-02-22,USD_RUB,gold,30,1.0,0.0,125,0.0,1.0,95,False,False,
2022-02-22,USD_RUB,gold,60,1.0,0.0,125,0.0,1.0,65,False,False,
2022-02-22,EUR_RUB,oil,1,1.0,0.0,125,0.0,1.0,124,False,False,
2022-02-22,EUR_RUB,oil,7,1.0,0.0,125,0.0,1.0,118,False,False,
2022-02-22,EUR_RUB,oil,14,1.0,0.0,125,0.0,1.0,111,False,False,
2022-02-22,EUR_RUB,oil,30,1.0,0.0,125,0.0,1.0,95,False,False,
2022-02-22,EUR_RUB,oil,60,1.0,0.0,125,0.0,1.0,65,False,False,
2022-02-22,EUR_RUB,rate,1,1.0,0.0,125,0.0,1.0,124,False,False,
2022-02-22,EUR_RUB,rate,7,1.0,0.0,125,0.0,1.0,118,False,False,
2022-02-22,EUR_RUB,rate,14,1.0,0.0,125,0.0,1.0,111,False,False,
2022-02-22,EUR_RUB,rate,30,1.0,0.0,125,0.0,1.0,95,False,False,
2022-02-22,EUR_RUB,rate,60,1.0,0.0,125,0.0,1.0,65,False,False,
2022-02-22,EUR_RUB,ruble,1,1.0,0.0,125,0.0,1.0,124,False,False,
2022-02-22,EUR_RUB,ruble,7,1.0,0.0,125,0.0,1.0,118,False,False,
2022-02-22,EUR_RUB,ruble,14,1.0,0.0,125,0.0,1.0,111,False,False,
2022-02-22,EUR_RUB,ruble,30,1.0,0.0,125,0.0,1.0,95,False,False,
2022-02-22,EUR_RUB,ruble,60,1.0,0.0,125,0.0,1.0,65,False,False,
2022-02-22,EUR_RUB,sanctions,1,1.0,0.0,125,0.0,1.0,124,False,False,
2022-02-22,EUR_RUB,sanctions,7,1.0,0.0,125,0.0,1.0,118,False,False,
2022-02-22,EUR_RUB,sanctions,14,1.0,0.0,125,0.0,1.0,111,False,False,
2022-02-22,EUR_RUB,sanctions,30,1.0,0.0,125,0.0,1.0,95,False,False,
2022-02-22,EUR_RUB,sanctions,60,1.0,0.0,125,0.0,1.0,65,False,False,
2022-02-22,EUR_RUB,inflation,1,1.0,0.0,125,0.0,1.0,124,False,False,
2022-02-22,EUR_RUB,inflation,7,1.0,0.0,125,0.0,1.0,118,False,False,
2022-02-22,EUR_RUB,inflation,14,1.0,0.0,125,0.0,1.0,111,False,False,
2022-02-22,EUR_RUB,inflation,30,1.0,0.0,125,0.0,1.0,95,False,False,
2022-02-22,EUR_RUB,inflation,60,1.0,0.0,125,0.0,1.0,65,False,False,
2022-02-22,EUR_RUB,banking,1,1.0,0.0,125,0.0,1.0,124,False,False,
2022-02-22,EUR_RUB,banking,7,1.0,0.0,125,0.0,1.0,118,False,False,
2022-02-22,EUR_RUB,banking,14,1.0,0.0,125,0.0,1.0,111,False,False,
2022-02-22,EUR_RUB,banking,30,1.0,0.0,125,0.0,1.0,95,False,False,
2022-02-22,EUR_RUB,banking,60,1.0,0.0,125,0.0,1.0,65,False,False,
2022-02-22,EUR_RUB,gold,1,1.0,0.0,125,0.0,1.0,124,False,False,
2022-02-22,EUR_RUB,gold,7,1.0,0.0,125,0.0,1.0,118,False,False,
2022-02-22,EUR_RUB,gold,14,1.0,0.0,125,0.0,1.0,111,False,False,
2022-02-22,EUR_RUB,gold,30,1.0,0.0,125,0.0,1.0,95,False,False,
2022-02-22,EUR_RUB,gold,60,1.0,0.0,125,0.0,1.0,65,False,False,
2022-02-22,BRENT,oil,1,1.0,0.0,125,0.0,1.0,124,False,False,
2022-02-22,BRENT,oil,7,1.0,0.0,125,0.0,1.0,118,False,False,
2022-02-22,BRENT,oil,14,1.0,0.0,125,0.0,1.0,111,False,False,
2022-02-22,BRENT,oil,30,1.0,0.0,125,0.0,1.0,95,False,False,
2022-02-22,BRENT,oil,60,1.0,0.0,125,0.0,1.0,65,False,False,
2022-02-22,BRENT,rate,1,1.0,0.0,125,0.0,1.0,124,False,False,
2022-02-22,BRENT,rate,7,1.0,0.0,125,0.0,1.0,118,False,False,
2022-02-22,BRENT,rate,14,1.0,0.0,125,0.0,1.0,111,False,False,
2022-02-22,BRENT,rate,30,1.0,0.0,125,0.0,1.0,95,False,False,
2022-02-22,BRENT,rate,60,1.0,0.0,125,0.0,1.0,65,False,False,
2022-02-22,BRENT,ruble,1,1.0,0.0,125,0.0,1.0,124,False,False,
2022-02-22,BRENT,ruble,7,1.0,0.0,125,0.0,1.0,118,False,False,
2022-02-22,BRENT,ruble,14,1.0,0.0,125,0.0,1.0,111,False,False,
2022-02-22,BRENT,ruble,30,1.0,0.0,125,0.0,1.0,95,False,False,
2022-02-22,BRENT,ruble,60,1.0,0.0,125,0.0,1.0,65,False,False,
2022-02-22,BRENT,sanctions,1,1.0,0.0,125,0.0,1.0,124,False,False,
2022-02-22,BRENT,sanctions,7,1.0,0.0,125,0.0,1.0,118,False,False,
2022-02-22,BRENT,sanctions,14,1.0,0.0,125,0.0,1.0,111,False,False,
2022-02-22,BRENT,sanctions,30,1.0,0.0,125,0.0,1.0,95,False,False,
2022-02-22,BRENT,sanctions,60,1.0,0.0,125,0.0,1.0,65,False,False,
2022-02-22,BRENT,inflation,1,1.0,0.0,125,0.0,1.0,124,False,False,
2022-02-22,BRENT,inflation,7,1.0,0.0,125,0.0,1.0,118,False,False,
2022-02-22,BRENT,inflation,14,1.0,0.0,125,0.0,1.0,111,False,False,
2022-02-22,BRENT,inflation,30,1.0,0.0,125,0.0,1.0,95,False,False,
2022-02-22,BRENT,inflation,60,1.0,0.0,125,0.0,1.0,65,False,False,
2022-02-22,BRENT,banking,1,1.0,0.0,125,0.0,1.0,124,False,False,
2022-02-22,BRENT,banking,7,1.0,0.0,125,0.0,1.0,118,False,False,
2022-02-22,BRENT,banking,14,1.0,0.0,125,0.0,1.0,111,False,False,
2022-02-22,BRENT,banking,30,1.0,0.0,125,0.0,1.0,95,False,False,
2022-02-22,BRENT,banking,60,1.0,0.0,125,0.0,1.0,65,False,False,
2022-02-22,BRENT,gold,1,1.0,0.0,125,0.0,1.0,124,False,False,
2022-02-22,BRENT,gold,7,1.0,0.0,125,0.0,1.0,118,False,False,
2022-02-22,BRENT,gold,14,1.0,0.0,125,0.0,1.0,111,False,False,
2022-02-22,BRENT,gold,30,1.0,0.0,125,0.0,1.0,95,False,False,
2022-02-22,BRENT,gold,60,1.0,0.0,125,0.0,1.0,65,False,False,
2022-02-22,SP500,oil,1,1.0,0.0,125,0.0,1.0,124,False,False,
2022-02-22,SP500,oil,7,1.0,0.0,125,0.0,1.0,118,False,False,
2022-02-22,SP500,oil,14,1.0,0.0,125,0.0,1.0,111,False,False,
2022-02-22,SP500,oil,30,1.0,0.0,125,0.0,1.0,95,False,False,
2022-02-22,SP500,oil,60,1.0,0.0,125,0.0,1.0,65,False,False,
2022-02-22,SP500,rate,1,1.0,0.0,125,0.0,1.0,124,False,False,
2022-02-22,SP500,rate,7,1.0,0.0,125,0.0,1.0,118,False,False,
2022-02-22,SP500,rate,14,1.0,0.0,125,0.0,1.0,111,False,False,
2022-02-22,SP500,rate,30,1.0,0.0,125,0.0,1.0,95,False,False,
2022-02-22,SP500,rate,60,1.0,0.0,125,0.0,1.0,65,False,False,
2022-02-22,SP500,ruble,1,1.0,0.0,125,0.0,1.0,124,False,False,
2022-02-22,SP500,ruble,7,1.0,0.0,125,0.0,1.0,118,False,False,
2022-02-22,SP500,ruble,14,1.0,0.0,125,0.0,1.0,111,False,False,
2022-02-22,SP500,ruble,30,1.0,0.0,125,0.0,1.0,95,False,False,
2022-02-22,SP500,ruble,60,1.0,0.0,125,0.0,1.0,65,False,False,
2022-02-22,SP500,sanctions,1,1.0,0.0,125,0.0,1.0,124,False,False,
2022-02-22,SP500,sanctions,7,1.0,0.0,125,0.0,1.0,118,False,False,
2022-02-22,SP500,sanctions,14,1.0,0.0,125,0.0,1.0,111,False,False,
2022-02-22,SP500,sanctions,30,1.0,0.0,125,0.0,1.0,95,False,False,
2022-02-22,SP500,sanctions,60,1.0,0.0,125,0.0,1.0,65,False,False,
2022-02-22,SP500,inflation,1,1.0,0.0,125,0.0,1.0,124,False,False,
2022-02-22,SP500,inflation,7,1.0,0.0,125,0.0,1.0,118,False,False,
2022-02-22,SP500,inflation,14,1.0,0.0,125,0.0,1.0,111,False,False,
2022-02-22,SP500,inflation,30,1.0,0.0,125,0.0,1.0,95,False,False,
2022-02-22,SP500,inflation,60,1.0,0.0,125,0.0,1.0,65,False,False,
2022-02-22,SP500,banking,1,1.0,0.0,125,0.0,1.0,124,False,False,
2022-02-22,SP500,banking,7,1.0,0.0,125,0.0,1.0,118,False,False,
2022-02-22,SP500,banking,14,1.0,0.0,125,0.0,1.0,111,False,False,
2022-02-22,SP500,banking,30,1.0,0.0,125,0.0,1.0,95,False,False,
2022-02-22,SP500,banking,60,1.0,0.0,125,0.0,1.0,65,False,False,
2022-02-22,SP500,gold,1,1.0,0.0,125,0.0,1.0,124,False,False,
2022-02-22,SP500,gold,7,1.0,0.0,125,0.0,1.0,118,False,False,
2022-02-22,SP500,gold,14,1.0,0.0,125,0.0,1.0,111,False,False,
2022-02-22,SP500,gold,30,1.0,0.0,125,0.0,1.0,95,False,False,
2022-02-22,SP500,gold,60,1.0,0.0,125,0.0,1.0,65,False,False,
2022-02-22,MSCI_WORLD,oil,1,1.0,0.0,125,0.0,1.0,124,False,False,
2022-02-22,MSCI_WORLD,oil,7,1.0,0.0,125,0.0,1.0,118,False,False,
2022-02-22,MSCI_WORLD,oil,14,1.0,0.0,125,0.0,1.0,111,False,False,
2022-02-22,MSCI_WORLD,oil,30,1.0,0.0,125,0.0,1.0,95,False,False,
2022-02-22,MSCI_WORLD,oil,60,1.0,0.0,125,0.0,1.0,65,False,False,
2022-02-22,MSCI_WORLD,rate,1,1.0,0.0,125,0.0,1.0,124,False,False,
2022-02-22,MSCI_WORLD,rate,7,1.0,0.0,125,0.0,1.0,118,False,False,
2022-02-22,MSCI_WORLD,rate,14,1.0,0.0,125,0.0,1.0,111,False,False,
2022-02-22,MSCI_WORLD,rate,30,1.0,0.0,125,0.0,1.0,95,False,False,
2022-02-22,MSCI_WORLD,rate,60,1.0,0.0,125,0.0,1.0,65,False,False,
2022-02-22,MSCI_WORLD,ruble,1,1.0,0.0,125,0.0,1.0,124,False,False,
2022-02-22,MSCI_WORLD,ruble,7,1.0,0.0,125,0.0,1.0,118,False,False,
2022-02-22,MSCI_WORLD,ruble,14,1.0,0.0,125,0.0,1.0,111,False,False,
2022-02-22,MSCI_WORLD,ruble,30,1.0,0.0,125,0.0,1.0,95,False,False,
2022-02-22,MSCI_WORLD,ruble,60,1.0,0.0,125,0.0,1.0,65,False,False,
2022-02-22,MSCI_WORLD,sanctions,1,1.0,0.0,125,0.0,1.0,124,False,False,
2022-02-22,MSCI_WORLD,sanctions,7,1.0,0.0,125,0.0,1.0,118,False,False,
2022-02-22,MSCI_WORLD,sanctions,14,1.0,0.0,125,0.0,1.0,111,False,False,
2022-02-22,MSCI_WORLD,sanctions,30,1.0,0.0,125,0.0,1.0,95,False,False,
2022-02-22,MSCI_WORLD,sanctions,60,1.0,0.0,125,0.0,1.0,65,False,False,
2022-02-22,MSCI_WORLD,inflation,1,1.0,0.0,125,0.0,1.0,124,False,False,
2022-02-22,MSCI_WORLD,inflation,7,1.0,0.0,125,0.0,1.0,118,False,False,
2022-02-22,MSCI_WORLD,inflation,14,1.0,0.0,125,0.0,1.0,111,False,False,
2022-02-22,MSCI_WORLD,inflation,30,1.0,0.0,125,0.0,1.0,95,False,False,
2022-02-22,MSCI_WORLD,inflation,60,1.0,0.0,125,0.0,1.0,65,False,False,
2022-02-22,MSCI_WORLD,banking,1,1.0,0.0,125,0.0,1.0,124,False,False,
2022-02-22,MSCI_WORLD,banking,7,1.0,0.0,125,0.0,1.0,118,False,False,
2022-02-22,MSCI_WORLD,banking,14,1.0,0.0,125,0.0,1.0,111,False,False,
2022-02-22,MSCI_WORLD,banking,30,1.0,0.0,125,0.0,1.0,95,False,False,
2022-02-22,MSCI_WORLD,banking,60,1.0,0.0,125,0.0,1.0,65,False,False,
2022-02-22,MSCI_WORLD,gold,1,1.0,0.0,125,0.0,1.0,124,False,False,
2022-02-22,MSCI_WORLD,gold,7,1.0,0.0,125,0.0,1.0,118,False,False,
2022-02-22,MSCI_WORLD,gold,14,1.0,0.0,125,0.0,1.0,111,False,False,
2022-02-22,MSCI_WORLD,gold,30,1.0,0.0,125,0.0,1.0,95,False,False,
2022-02-22,MSCI_WORLD,gold,60,1.0,0.0,125,0.0,1.0,65,False,False,
2022-02-22,DXY,oil,1,1.0,0.0,125,0.0,1.0,124,False,False,
2022-02-22,DXY,oil,7,1.0,0.0,125,0.0,1.0,118,False,False,
2022-02-22,DXY,oil,14,1.0,0.0,125,0.0,1.0,111,False,False,
2022-02-22,DXY,oil,30,1.0,0.0,125,0.0,1.0,95,False,False,
2022-02-22,DXY,oil,60,1.0,0.0,125,0.0,1.0,65,False,False,
2022-02-22,DXY,rate,1,1.0,0.0,125,0.0,1.0,124,False,False,
2022-02-22,DXY,rate,7,1.0,0.0,125,0.0,1.0,118,False,False,
2022-02-22,DXY,rate,14,1.0,0.0,125,0.0,1.0,111,False,False,
2022-02-22,DXY,rate,30,1.0,0.0,125,0.0,1.0,95,False,False,
2022-02-22,DXY,rate,60,1.0,0.0,125,0.0,1.0,65,False,False,
2022-02-22,DXY,ruble,1,1.0,0.0,125,0.0,1.0,124,False,False,
2022-02-22,DXY,ruble,7,1.0,0.0,125,0.0,1.0,118,False,False,
2022-02-22,DXY,ruble,14,1.0,0.0,125,0.0,1.0,111,False,False,
2022-02-22,DXY,ruble,30,1.0,0.0,125,0.0,1.0,95,False,False,
2022-02-22,DXY,ruble,60,1.0,0.0,125,0.0,1.0,65,False,False,
2022-02-22,DXY,sanctions,1,1.0,0.0,125,0.0,1.0,124,False,False,
2022-02-22,DXY,sanctions,7,1.0,0.0,125,0.0,1.0,118,False,False,
2022-02-22,DXY,sanctions,14,1.0,0.0,125,0.0,1.0,111,False,False,
2022-02-22,DXY,sanctions,30,1.0,0.0,125,0.0,1.0,95,False,False,
2022-02-22,DXY,sanctions,60,1.0,0.0,125,0.0,1.0,65,False,False,
2022-02-22,DXY,inflation,1,1.0,0.0,125,0.0,1.0,124,False,False,
2022-02-22,DXY,inflation,7,1.0,0.0,125,0.0,1.0,118,False,False,
2022-02-22,DXY,inflation,14,1.0,0.0,125,0.0,1.0,111,False,False,
2022-02-22,DXY,inflation,30,1.0,0.0,125,0.0,1.0,95,False,False,
2022-02-22,DXY,inflation,60,1.0,0.0,125,0.0,1.0,65,False,False,
2022-02-22,DXY,banking,1,1.0,0.0,125,0.0,1.0,124,False,False,
2022-02-22,DXY,banking,7,1.0,0.0,125,0.0,1.0,118,False,False,
2022-02-22,DXY,banking,14,1.0,0.0,125,0.0,1.0,111,False,False,
2022-02-22,DXY,banking,30,1.0,0.0,125,0.0,1.0,95,False,False,
2022-02-22,DXY,banking,60,1.0,0.0,125,0.0,1.0,65,False,False,
2022-02-22,DXY,gold,1,1.0,0.0,125,0.0,1.0,124,False,False,
2022-02-22,DXY,gold,7,1.0,0.0,125,0.0,1.0,118,False,False,
2022-02-22,DXY,gold,14,1.0,0.0,125,0.0,1.0,111,False,False,
2022-02-22,DXY,gold,30,1.0,0.0,125,0.0,1.0,95,False,False,
2022-02-22,DXY,gold,60,1.0,0.0,125,0.0,1.0,65,False,False,
2022-02-22,MSCI_INDIA,oil,1,1.0,0.0,125,0.0,1.0,124,False,False,
2022-02-22,MSCI_INDIA,oil,7,1.0,0.0,125,0.0,1.0,118,False,False,
2022-02-22,MSCI_INDIA,oil,14,1.0,0.0,125,0.0,1.0,111,False,False,
2022-02-22,MSCI_INDIA,oil,30,1.0,0.0,125,0.0,1.0,95,False,False,
2022-02-22,MSCI_INDIA,oil,60,1.0,0.0,125,0.0,1.0,65,False,False,
2022-02-22,MSCI_INDIA,rate,1,1.0,0.0,125,0.0,1.0,124,False,False,
2022-02-22,MSCI_INDIA,rate,7,1.0,0.0,125,0.0,1.0,118,False,False,
2022-02-22,MSCI_INDIA,rate,14,1.0,0.0,125,0.0,1.0,111,False,False,
2022-02-22,MSCI_INDIA,rate,30,1.0,0.0,125,0.0,1.0,95,False,False,
2022-02-22,MSCI_INDIA,rate,60,1.0,0.0,125,0.0,1.0,65,False,False,
2022-02-22,MSCI_INDIA,ruble,1,1.0,0.0,125,0.0,1.0,124,False,False,
2022-02-22,MSCI_INDIA,ruble,7,1.0,0.0,125,0.0,1.0,118,False,False,
2022-02-22,MSCI_INDIA,ruble,14,1.0,0.0,125,0.0,1.0,111,False,False,
2022-02-22,MSCI_INDIA,ruble,30,1.0,0.0,125,0.0,1.0,95,False,False,
2022-02-22,MSCI_INDIA,ruble,60,1.0,0.0,125,0.0,1.0,65,False,False,
2022-02-22,MSCI_INDIA,sanctions,1,1.0,0.0,125,0.0,1.0,124,False,False,
2022-02-22,MSCI_INDIA,sanctions,7,1.0,0.0,125,0.0,1.0,118,False,False,
2022-02-22,MSCI_INDIA,sanctions,14,1.0,0.0,125,0.0,1.0,111,False,False,
2022-02-22,MSCI_INDIA,sanctions,30,1.0,0.0,125,0.0,1.0,95,False,False,
2022-02-22,MSCI_INDIA,sanctions,60,1.0,0.0,125,0.0,1.0,65,False,False,
2022-02-22,MSCI_INDIA,inflation,1,1.0,0.0,125,0.0,1.0,124,False,False,
2022-02-22,MSCI_INDIA,inflation,7,1.0,0.0,125,0.0,1.0,118,False,False,
2022-02-22,MSCI_INDIA,inflation,14,1.0,0.0,125,0.0,1.0,111,False,False,
2022-02-22,MSCI_INDIA,inflation,30,1.0,0.0,125,0.0,1.0,95,False,False,
2022-02-22,MSCI_INDIA,inflation,60,1.0,0.0,125,0.0,1.0,65,False,False,
2022-02-22,MSCI_INDIA,banking,1,1.0,0.0,125,0.0,1.0,124,False,False,
2022-02-22,MSCI_INDIA,banking,7,1.0,0.0,125,0.0,1.0,118,False,False,
2022-02-22,MSCI_INDIA,banking,14,1.0,0.0,125,0.0,1.0,111,False,False,
2022-02-22,MSCI_INDIA,banking,30,1.0,0.0,125,0.0,1.0,95,False,False,
2022-02-22,MSCI_INDIA,banking,60,1.0,0.0,125,0.0,1.0,65,False,False,
2022-02-22,MSCI_INDIA,gold,1,1.0,0.0,125,0.0,1.0,124,False,False,
2022-02-22,MSCI_INDIA,gold,7,1.0,0.0,125,0.0,1.0,118,False,False,
2022-02-22,MSCI_INDIA,gold,14,1.0,0.0,125,0.0,1.0,111,False,False,
2022-02-22,MSCI_INDIA,gold,30,1.0,0.0,125,0.0,1.0,95,False,False,
2022-02-22,MSCI_INDIA,gold,60,1.0,0.0,125,0.0,1.0,65,False,False,
2022-02-25,USD_RUB,oil,1,1.0,0.0,125,0.0,1.0,124,False,False,
2022-02-25,USD_RUB,oil,7,1.0,0.0,125,0.0,1.0,118,False,False,
2022-02-25,USD_RUB,oil,14,1.0,0.0,125,0.0,1.0,111,False,False,
2022-02-25,USD_RUB,oil,30,1.0,0.0,125,0.0,1.0,95,False,False,
2022-02-25,USD_RUB,oil,60,1.0,0.0,125,0.0,1.0,65,False,False,
2022-02-25,USD_RUB,rate,1,1.0,0.0,125,0.0,1.0,124,False,False,
2022-02-25,USD_RUB,rate,7,1.0,0.0,125,0.0,1.0,118,False,False,
2022-02-25,USD_RUB,rate,14,1.0,0.0,125,0.0,1.0,111,False,False,
2022-02-25,USD_RUB,rate,30,1.0,0.0,125,0.0,1.0,95,False,False,
2022-02-25,USD_RUB,rate,60,1.0,0.0,125,0.0,1.0,65,False,False,
2022-02-25,USD_RUB,ruble,1,1.0,0.0,125,0.0,1.0,124,False,False,
2022-02-25,USD_RUB,ruble,7,1.0,0.0,125,0.0,1.0,118,False,False,
2022-02-25,USD_RUB,ruble,14,1.0,0.0,125,0.0,1.0,111,False,False,
2022-02-25,USD_RUB,ruble,30,1.0,0.0,125,0.0,1.0,95,False,False,
2022-02-25,USD_RUB,ruble,60,1.0,0.0,125,0.0,1.0,65,False,False,
2022-02-25,USD_RUB,sanctions,1,1.0,0.0,125,0.0,1.0,124,False,False,
2022-02-25,USD_RUB,sanctions,7,1.0,0.0,125,0.0,1.0,118,False,False,
2022-02-25,USD_RUB,sanctions,14,1.0,0.0,125,0.0,1.0,111,False,False,
2022-02-25,USD_RUB,sanctions,30,1.0,0.0,125,0.0,1.0,95,False,False,
2022-02-25,USD_RUB,sanctions,60,1.0,0.0,125,0.0,1.0,65,False,False,
2022-02-25,USD_RUB,inflation,1,1.0,0.0,125,0.0,1.0,124,False,False,
2022-02-25,USD_RUB,inflation,7,1.0,0.0,125,0.0,1.0,118,False,False,
2022-02-25,USD_RUB,inflation,14,1.0,0.0,125,0.0,1.0,111,False,False,
2022-02-25,USD_RUB,inflation,30,1.0,0.0,125,0.0,1.0,95,False,False,
2022-02-25,USD_RUB,inflation,60,1.0,0.0,125,0.0,1.0,65,False,False,
2022-02-25,USD_RUB,banking,1,1.0,0.0,125,0.0,1.0,124,False,False,
2022-02-25,USD_RUB,banking,7,1.0,0.0,125,0.0,1.0,118,False,False,
2022-02-25,USD_RUB,banking,14,1.0,0.0,125,0.0,1.0,111,False,False,
2022-02-25,USD_RUB,banking,30,1.0,0.0,125,0.0,1.0,95,False,False,
2022-02-25,USD_RUB,banking,60,1.0,0.0,125,0.0,1.0,65,False,False,
2022-02-25,USD_RUB,gold,1,1.0,0.0,125,0.0,1.0,124,False,False,
2022-02-25,USD_RUB,gold,7,1.0,0.0,125,0.0,1.0,118,False,False,
2022-02-25,USD_RUB,gold,14,1.0,0.0,125,0.0,1.0,111,False,False,
2022-02-25,USD_RUB,gold,30,1.0,0.0,125,0.0,1.0,95,False,False,
2022-02-25,USD_RUB,gold,60,1.0,0.0,125,0.0,1.0,65,False,False,
2022-02-25,EUR_RUB,oil,1,1.0,0.0,125,0.0,1.0,124,False,False,
2022-02-25,EUR_RUB,oil,7,1.0,0.0,125,0.0,1.0,118,False,False,
2022-02-25,EUR_RUB,oil,14,1.0,0.0,125,0.0,1.0,111,False,False,
2022-02-25,EUR_RUB,oil,30,1.0,0.0,125,0.0,1.0,95,False,False,
2022-02-25,EUR_RUB,oil,60,1.0,0.0,125,0.0,1.0,65,False,False,
2022-02-25,EUR_RUB,rate,1,1.0,0.0,125,0.0,1.0,124,False,False,
2022-02-25,EUR_RUB,rate,7,1.0,0.0,125,0.0,1.0,118,False,False,
2022-02-25,EUR_RUB,rate,14,1.0,0.0,125,0.0,1.0,111,False,False,
2022-02-25,EUR_RUB,rate,30,1.0,0.0,125,0.0,1.0,95,False,False,
2022-02-25,EUR_RUB,rate,60,1.0,0.0,125,0.0,1.0,65,False,False,
2022-02-25,EUR_RUB,ruble,1,1.0,0.0,125,0.0,1.0,124,False,False,
2022-02-25,EUR_RUB,ruble,7,1.0,0.0,125,0.0,1.0,118,False,False,
2022-02-25,EUR_RUB,ruble,14,1.0,0.0,125,0.0,1.0,111,False,False,
2022-02-25,EUR_RUB,ruble,30,1.0,0.0,125,0.0,1.0,95,False,False,
2022-02-25,EUR_RUB,ruble,60,1.0,0.0,125,0.0,1.0,65,False,False,
2022-02-25,EUR_RUB,sanctions,1,1.0,0.0,125,0.0,1.0,124,False,False,
2022-02-25,EUR_RUB,sanctions,7,1.0,0.0,125,0.0,1.0,118,False,False,
2022-02-25,EUR_RUB,sanctions,14,1.0,0.0,125,0.0,1.0,111,False,False,
2022-02-25,EUR_RUB,sanctions,30,1.0,0.0,125,0.0,1.0,95,False,False,
2022-02-25,EUR_RUB,sanctions,60,1.0,0.0,125,0.0,1.0,65,False,False,
2022-02-25,EUR_RUB,inflation,1,1.0,0.0,125,0.0,1.0,124,False,False,
2022-02-25,EUR_RUB,inflation,7,1.0,0.0,125,0.0,1.0,118,False,False,
2022-02-25,EUR_RUB,inflation,14,1.0,0.0,125,0.0,1.0,111,False,False,
2022-02-25,EUR_RUB,inflation,30,1.0,0.0,125,0.0,1.0,95,False,False,
2022-02-25,EUR_RUB,inflation,60,1.0,0.0,125,0.0,1.0,65,False,False,
2022-02-25,EUR_RUB,banking,1,1.0,0.0,125,0.0,1.0,124,False,False,
2022-02-25,EUR_RUB,banking,7,1.0,0.0,125,0.0,1.0,118,False,False,
2022-02-25,EUR_RUB,banking,14,1.0,0.0,125,0.0,1.0,111,False,False,
2022-02-25,EUR_RUB,banking,30,1.0,0.0,125,0.0,1.0,95,False,False,
2022-02-25,EUR_RUB,banking,60,1.0,0.0,125,0.0,1.0,65,False,False,
2022-02-25,EUR_RUB,gold,1,1.0,0.0,125,0.0,1.0,124,False,False,
2022-02-25,EUR_RUB,gold,7,1.0,0.0,125,0.0,1.0,118,False,False,
2022-02-25,EUR_RUB,gold,14,1.0,0.0,125,0.0,1.0,111,False,False,
2022-02-25,EUR_RUB,gold,30,1.0,0.0,125,0.0,1.0,95,False,False,
2022-02-25,EUR_RUB,gold,60,1.0,0.0,125,0.0,1.0,65,False,False,
2022-02-25,BRENT,oil,1,1.0,0.0,125,0.0,1.0,124,False,False,
2022-02-25,BRENT,oil,7,1.0,0.0,125,0.0,1.0,118,False,False,
2022-02-25,BRENT,oil,14,1.0,0.0,125,0.0,1.0,111,False,False,
2022-02-25,BRENT,oil,30,1.0,0.0,125,0.0,1.0,95,False,False,
2022-02-25,BRENT,oil,60,1.0,0.0,125,0.0,1.0,65,False,False,
2022-02-25,BRENT,rate,1,1.0,0.0,125,0.0,1.0,124,False,False,
2022-02-25,BRENT,rate,7,1.0,0.0,125,0.0,1.0,118,False,False,
2022-02-25,BRENT,rate,14,1.0,0.0,125,0.0,1.0,111,False,False,
2022-02-25,BRENT,rate,30,1.0,0.0,125,0.0,1.0,95,False,False,
2022-02-25,BRENT,rate,60,1.0,0.0,125,0.0,1.0,65,False,False,
2022-02-25,BRENT,ruble,1,1.0,0.0,125,0.0,1.0,124,False,False,
2022-02-25,BRENT,ruble,7,1.0,0.0,125,0.0,1.0,118,False,False,
2022-02-25,BRENT,ruble,14,1.0,0.0,125,0.0,1.0,111,False,False,
2022-02-25,BRENT,ruble,30,1.0,0.0,125,0.0,1.0,95,False,False,
2022-02-25,BRENT,ruble,60,1.0,0.0,125,0.0,1.0,65,False,False,
2022-02-25,BRENT,sanctions,1,1.0,0.0,125,0.0,1.0,124,False,False,
2022-02-25,BRENT,sanctions,7,1.0,0.0,125,0.0,1.0,118,False,False,
2022-02-25,BRENT,sanctions,14,1.0,0.0,125,0.0,1.0,111,False,False,
2022-02-25,BRENT,sanctions,30,1.0,0.0,125,0.0,1.0,95,False,False,
2022-02-25,BRENT,sanctions,60,1.0,0.0,125,0.0,1.0,65,False,False,
2022-02-25,BRENT,inflation,1,1.0,0.0,125,0.0,1.0,124,False,False,
2022-02-25,BRENT,inflation,7,1.0,0.0,125,0.0,1.0,118,False,False,
2022-02-25,BRENT,inflation,14,1.0,0.0,125,0.0,1.0,111,False,False,
2022-02-25,BRENT,inflation,30,1.0,0.0,125,0.0,1.0,95,False,False,
2022-02-25,BRENT,inflation,60,1.0,0.0,125,0.0,1.0,65,False,False,
2022-02-25,BRENT,banking,1,1.0,0.0,125,0.0,1.0,124,False,False,
2022-02-25,BRENT,banking,7,1.0,0.0,125,0.0,1.0,118,False,False,
2022-02-25,BRENT,banking,14,1.0,0.0,125,0.0,1.0,111,False,False,
2022-02-25,BRENT,banking,30,1.0,0.0,125,0.0,1.0,95,False,False,
2022-02-25,BRENT,banking,60,1.0,0.0,125,0.0,1.0,65,False,False,
2022-02-25,BRENT,gold,1,1.0,0.0,125,0.0,1.0,124,False,False,
2022-02-25,BRENT,gold,7,1.0,0.0,125,0.0,1.0,118,False,False,
2022-02-25,BRENT,gold,14,1.0,0.0,125,0.0,1.0,111,False,False,
2022-02-25,BRENT,gold,30,1.0,0.0,125,0.0,1.0,95,False,False,
2022-02-25,BRENT,gold,60,1.0,0.0,125,0.0,1.0,65,False,False,
2022-02-25,SP500,oil,1,1.0,0.0,125,0.0,1.0,124,False,False,
2022-02-25,SP500,oil,7,1.0,0.0,125,0.0,1.0,118,False,False,
2022-02-25,SP500,oil,14,1.0,0.0,125,0.0,1.0,111,False,False,
2022-02-25,SP500,oil,30,1.0,0.0,125,0.0,1.0,95,False,False,
2022-02-25,SP500,oil,60,1.0,0.0,125,0.0,1.0,65,False,False,
2022-02-25,SP500,rate,1,1.0,0.0,125,0.0,1.0,124,False,False,
2022-02-25,SP500,rate,7,1.0,0.0,125,0.0,1.0,118,False,False,
2022-02-25,SP500,rate,14,1.0,0.0,125,0.0,1.0,111,False,False,
2022-02-25,SP500,rate,30,1.0,0.0,125,0.0,1.0,95,False,False,
2022-02-25,SP500,rate,60,1.0,0.0,125,0.0,1.0,65,False,False,
2022-02-25,SP500,ruble,1,1.0,0.0,125,0.0,1.0,124,False,False,
2022-02-25,SP500,ruble,7,1.0,0.0,125,0.0,1.0,118,False,False,
2022-02-25,SP500,ruble,14,1.0,0.0,125,0.0,1.0,111,False,False,
2022-02-25,SP500,ruble,30,1.0,0.0,125,0.0,1.0,95,False,False,
2022-02-25,SP500,ruble,60,1.0,0.0,125,0.0,1.0,65,False,False,
2022-02-25,SP500,sanctions,1,1.0,0.0,125,0.0,1.0,124,False,False,
2022-02-25,SP500,sanctions,7,1.0,0.0,125,0.0,1.0,118,False,False,
2022-02-25,SP500,sanctions,14,1.0,0.0,125,0.0,1.0,111,False,False,
2022-02-25,SP500,sanctions,30,1.0,0.0,125,0.0,1.0,95,False,False,
2022-02-25,SP500,sanctions,60,1.0,0.0,125,0.0,1.0,65,False,False,
2022-02-25,SP500,inflation,1,1.0,0.0,125,0.0,1.0,124,False,False,
2022-02-25,SP500,inflation,7,1.0,0.0,125,0.0,1.0,118,False,False,
2022-02-25,SP500,inflation,14,1.0,0.0,125,0.0,1.0,111,False,False,
2022-02-25,SP500,inflation,30,1.0,0.0,125,0.0,1.0,95,False,False,
2022-02-25,SP500,inflation,60,1.0,0.0,125,0.0,1.0,65,False,False,
2022-02-25,SP500,banking,1,1.0,0.0,125,0.0,1.0,124,False,False,
2022-02-25,SP500,banking,7,1.0,0.0,125,0.0,1.0,118,False,False,
2022-02-25,SP500,banking,14,1.0,0.0,125,0.0,1.0,111,False,False,
2022-02-25,SP500,banking,30,1.0,0.0,125,0.0,1.0,95,False,False,
2022-02-25,SP500,banking,60,1.0,0.0,125,0.0,1.0,65,False,False,
2022-02-25,SP500,gold,1,1.0,0.0,125,0.0,1.0,124,False,False,
2022-02-25,SP500,gold,7,1.0,0.0,125,0.0,1.0,118,False,False,
2022-02-25,SP500,gold,14,1.0,0.0,125,0.0,1.0,111,False,False,
2022-02-25,SP500,gold,30,1.0,0.0,125,0.0,1.0,95,False,False,
2022-02-25,SP500,gold,60,1.0,0.0,125,0.0,1.0,65,False,False,
2022-02-25,MSCI_WORLD,oil,1,1.0,0.0,125,0.0,1.0,124,False,False,
2022-02-25,MSCI_WORLD,oil,7,1.0,0.0,125,0.0,1.0,118,False,False,
2022-02-25,MSCI_WORLD,oil,14,1.0,0.0,125,0.0,1.0,111,False,False,
2022-02-25,MSCI_WORLD,oil,30,1.0,0.0,125,0.0,1.0,95,False,False,
2022-02-25,MSCI_WORLD,oil,60,1.0,0.0,125,0.0,1.0,65,False,False,
2022-02-25,MSCI_WORLD,rate,1,1.0,0.0,125,0.0,1.0,124,False,False,
2022-02-25,MSCI_WORLD,rate,7,1.0,0.0,125,0.0,1.0,118,False,False,
2022-02-25,MSCI_WORLD,rate,14,1.0,0.0,125,0.0,1.0,111,False,False,
2022-02-25,MSCI_WORLD,rate,30,1.0,0.0,125,0.0,1.0,95,False,False,
2022-02-25,MSCI_WORLD,rate,60,1.0,0.0,125,0.0,1.0,65,False,False,
2022-02-25,MSCI_WORLD,ruble,1,1.0,0.0,125,0.0,1.0,124,False,False,
2022-02-25,MSCI_WORLD,ruble,7,1.0,0.0,125,0.0,1.0,118,False,False,
2022-02-25,MSCI_WORLD,ruble,14,1.0,0.0,125,0.0,1.0,111,False,False,
2022-02-25,MSCI_WORLD,ruble,30,1.0,0.0,125,0.0,1.0,95,False,False,
2022-02-25,MSCI_WORLD,ruble,60,1.0,0.0,125,0.0,1.0,65,False,False,
2022-02-25,MSCI_WORLD,sanctions,1,1.0,0.0,125,0.0,1.0,124,False,False,
2022-02-25,MSCI_WORLD,sanctions,7,1.0,0.0,125,0.0,1.0,118,False,False,
2022-02-25,MSCI_WORLD,sanctions,14,1.0,0.0,125,0.0,1.0,111,False,False,
2022-02-25,MSCI_WORLD,sanctions,30,1.0,0.0,125,0.0,1.0,95,False,False,
2022-02-25,MSCI_WORLD,sanctions,60,1.0,0.0,125,0.0,1.0,65,False,False,
2022-02-25,MSCI_WORLD,inflation,1,1.0,0.0,125,0.0,1.0,124,False,False,
2022-02-25,MSCI_WORLD,inflation,7,1.0,0.0,125,0.0,1.0,118,False,False,
2022-02-25,MSCI_WORLD,inflation,14,1.0,0.0,125,0.0,1.0,111,False,False,
2022-02-25,MSCI_WORLD,inflation,30,1.0,0.0,125,0.0,1.0,95,False,False,
2022-02-25,MSCI_WORLD,inflation,60,1.0,0.0,125,0.0,1.0,65,False,False,
2022-02-25,MSCI_WORLD,banking,1,1.0,0.0,125,0.0,1.0,124,False,False,
2022-02-25,MSCI_WORLD,banking,7,1.0,0.0,125,0.0,1.0,118,False,False,
2022-02-25,MSCI_WORLD,banking,14,1.0,0.0,125,0.0,1.0,111,False,False,
2022-02-25,MSCI_WORLD,banking,30,1.0,0.0,125,0.0,1.0,95,False,False,
2022-02-25,MSCI_WORLD,banking,60,1.0,0.0,125,0.0,1.0,65,False,False,
2022-02-25,MSCI_WORLD,gold,1,1.0,0.0,125,0.0,1.0,124,False,False,
2022-02-25,MSCI_WORLD,gold,7,1.0,0.0,125,0.0,1.0,118,False,False,
2022-02-25,MSCI_WORLD,gold,14,1.0,0.0,125,0.0,1.0,111,False,False,
2022-02-25,MSCI_WORLD,gold,30,1.0,0.0,125,0.0,1.0,95,False,False,
2022-02-25,MSCI_WORLD,gold,60,1.0,0.0,125,0.0,1.0,65,False,False,
2022-02-25,DXY,oil,1,1.0,0.0,125,0.0,1.0,124,False,False,
2022-02-25,DXY,oil,7,1.0,0.0,125,0.0,1.0,118,False,False,
2022-02-25,DXY,oil,14,1.0,0.0,125,0.0,1.0,111,False,False,
2022-02-25,DXY,oil,30,1.0,0.0,125,0.0,1.0,95,False,False,
2022-02-25,DXY,oil,60,1.0,0.0,125,0.0,1.0,65,False,False,
2022-02-25,DXY,rate,1,1.0,0.0,125,0.0,1.0,124,False,False,
2022-02-25,DXY,rate,7,1.0,0.0,125,0.0,1.0,118,False,False,
2022-02-25,DXY,rate,14,1.0,0.0,125,0.0,1.0,111,False,False,
2022-02-25,DXY,rate,30,1.0,0.0,125,0.0,1.0,95,False,False,
2022-02-25,DXY,rate,60,1.0,0.0,125,0.0,1.0,65,False,False,
2022-02-25,DXY,ruble,1,1.0,0.0,125,0.0,1.0,124,False,False,
2022-02-25,DXY,ruble,7,1.0,0.0,125,0.0,1.0,118,False,False,
2022-02-25,DXY,ruble,14,1.0,0.0,125,0.0,1.0,111,False,False,
2022-02-25,DXY,ruble,30,1.0,0.0,125,0.0,1.0,95,False,False,
2022-02-25,DXY,ruble,60,1.0,0.0,125,0.0,1.0,65,False,False,
2022-02-25,DXY,sanctions,1,1.0,0.0,125,0.0,1.0,124,False,False,
2022-02-25,DXY,sanctions,7,1.0,0.0,125,0.0,1.0,118,False,False,
2022-02-25,DXY,sanctions,14,1.0,0.0,125,0.0,1.0,111,False,False,
2022-02-25,DXY,sanctions,30,1.0,0.0,125,0.0,1.0,95,False,False,
2022-02-25,DXY,sanctions,60,1.0,0.0,125,0.0,1.0,65,False,False,
2022-02-25,DXY,inflation,1,1.0,0.0,125,0.0,1.0,124,False,False,
2022-02-25,DXY,inflation,7,1.0,0.0,125,0.0,1.0,118,False,False,
2022-02-25,DXY,inflation,14,1.0,0.0,125,0.0,1.0,111,False,False,
2022-02-25,DXY,inflation,30,1.0,0.0,125,0.0,1.0,95,False,False,
2022-02-25,DXY,inflation,60,1.0,0.0,125,0.0,1.0,65,False,False,
2022-02-25,DXY,banking,1,1.0,0.0,125,0.0,1.0,124,False,False,
2022-02-25,DXY,banking,7,1.0,0.0,125,0.0,1.0,118,False,False,
2022-02-25,DXY,banking,14,1.0,0.0,125,0.0,1.0,111,False,False,
2022-02-25,DXY,banking,30,1.0,0.0,125,0.0,1.0,95,False,False,
2022-02-25,DXY,banking,60,1.0,0.0,125,0.0,1.0,65,False,False,
2022-02-25,DXY,gold,1,1.0,0.0,125,0.0,1.0,124,False,False,
2022-02-25,DXY,gold,7,1.0,0.0,125,0.0,1.0,118,False,False,
2022-02-25,DXY,gold,14,1.0,0.0,125,0.0,1.0,111,False,False,
2022-02-25,DXY,gold,30,1.0,0.0,125,0.0,1.0,95,False,False,
2022-02-25,DXY,gold,60,1.0,0.0,125,0.0,1.0,65,False,False,
2022-02-25,MSCI_INDIA,oil,1,1.0,0.0,125,0.0,1.0,124,False,False,
2022-02-25,MSCI_INDIA,oil,7,1.0,0.0,125,0.0,1.0,118,False,False,
2022-02-25,MSCI_INDIA,oil,14,1.0,0.0,125,0.0,1.0,111,False,False,
2022-02-25,MSCI_INDIA,oil,30,1.0,0.0,125,0.0,1.0,95,False,False,
2022-02-25,MSCI_INDIA,oil,60,1.0,0.0,125,0.0,1.0,65,False,False,
2022-02-25,MSCI_INDIA,rate,1,1.0,0.0,125,0.0,1.0,124,False,False,
2022-02-25,MSCI_INDIA,rate,7,1.0,0.0,125,0.0,1.0,118,False,False,
2022-02-25,MSCI_INDIA,rate,14,1.0,0.0,125,0.0,1.0,111,False,False,
2022-02-25,MSCI_INDIA,rate,30,1.0,0.0,125,0.0,1.0,95,False,False,
2022-02-25,MSCI_INDIA,rate,60,1.0,0.0,125,0.0,1.0,65,False,False,
2022-02-25,MSCI_INDIA,ruble,1,1.0,0.0,125,0.0,1.0,124,False,False,
2022-02-25,MSCI_INDIA,ruble,7,1.0,0.0,125,0.0,1.0,118,False,False,
2022-02-25,MSCI_INDIA,ruble,14,1.0,0.0,125,0.0,1.0,111,False,False,
2022-02-25,MSCI_INDIA,ruble,30,1.0,0.0,125,0.0,1.0,95,False,False,
2022-02-25,MSCI_INDIA,ruble,60,1.0,0.0,125,0.0,1.0,65,False,False,
2022-02-25,MSCI_INDIA,sanctions,1,1.0,0.0,125,0.0,1.0,124,False,False,
2022-02-25,MSCI_INDIA,sanctions,7,1.0,0.0,125,0.0,1.0,118,False,False,
2022-02-25,MSCI_INDIA,sanctions,14,1.0,0.0,125,0.0,1.0,111,False,False,
2022-02-25,MSCI_INDIA,sanctions,30,1.0,0.0,125,0.0,1.0,95,False,False,
2022-02-25,MSCI_INDIA,sanctions,60,1.0,0.0,125,0.0,1.0,65,False,False,
2022-02-25,MSCI_INDIA,inflation,1,1.0,0.0,125,0.0,1.0,124,False,False,
2022-02-25,MSCI_INDIA,inflation,7,1.0,0.0,125,0.0,1.0,118,False,False,
2022-02-25,MSCI_INDIA,inflation,14,1.0,0.0,125,0.0,1.0,111,False,False,
2022-02-25,MSCI_INDIA,inflation,30,1.0,0.0,125,0.0,1.0,95,False,False,
2022-02-25,MSCI_INDIA,inflation,60,1.0,0.0,125,0.0,1.0,65,False,False,
2022-02-25,MSCI_INDIA,banking,1,1.0,0.0,125,0.0,1.0,124,False,False,
2022-02-25,MSCI_INDIA,banking,7,1.0,0.0,125,0.0,1.0,118,False,False,
2022-02-25,MSCI_INDIA,banking,14,1.0,0.0,125,0.0,1.0,111,False,False,
2022-02-25,MSCI_INDIA,banking,30,1.0,0.0,125,0.0,1.0,95,False,False,
2022-02-25,MSCI_INDIA,banking,60,1.0,0.0,125,0.0,1.0,65,False,False,
2022-02-25,MSCI_INDIA,gold,1,1.0,0.0,125,0.0,1.0,124,False,False,
2022-02-25,MSCI_INDIA,gold,7,1.0,0.0,125,0.0,1.0,118,False,False,
2022-02-25,MSCI_INDIA,gold,14,1.0,0.0,125,0.0,1.0,111,False,False,
2022-02-25,MSCI_INDIA,gold,30,1.0,0.0,125,0.0,1.0,95,False,False,
2022-02-25,MSCI_INDIA,gold,60,1.0,0.0,125,0.0,1.0,65,False,False,
2022-02-28,USD_RUB,oil,1,1.0,0.0,125,0.0,1.0,124,False,False,
2022-02-28,USD_RUB,oil,7,1.0,0.0,125,0.0,1.0,118,False,False,
2022-02-28,USD_RUB,oil,14,1.0,0.0,125,0.0,1.0,111,False,False,
2022-02-28,USD_RUB,oil,30,1.0,0.0,125,0.0,1.0,95,False,False,
2022-02-28,USD_RUB,oil,60,1.0,0.0,125,0.0,1.0,65,False,False,
2022-02-28,USD_RUB,rate,1,1.0,0.0,125,0.0,1.0,124,False,False,
2022-02-28,USD_RUB,rate,7,1.0,0.0,125,0.0,1.0,118,False,False,
2022-02-28,USD_RUB,rate,14,1.0,0.0,125,0.0,1.0,111,False,False,
2022-02-28,USD_RUB,rate,30,1.0,0.0,125,0.0,1.0,95,False,False,
2022-02-28,USD_RUB,rate,60,1.0,0.0,125,0.0,1.0,65,False,False,
2022-02-28,USD_RUB,ruble,1,1.0,0.0,125,0.0,1.0,124,False,False,
2022-02-28,USD_RUB,ruble,7,1.0,0.0,125,0.0,1.0,118,False,False,
2022-02-28,USD_RUB,ruble,14,1.0,0.0,125,0.0,1.0,111,False,False,
2022-02-28,USD_RUB,ruble,30,1.0,0.0,125,0.0,1.0,95,False,False,
2022-02-28,USD_RUB,ruble,60,1.0,0.0,125,0.0,1.0,65,False,False,
2022-02-28,USD_RUB,sanctions,1,1.0,0.0,125,0.0,1.0,124,False,False,
2022-02-28,USD_RUB,sanctions,7,1.0,0.0,125,0.0,1.0,118,False,False,
2022-02-28,USD_RUB,sanctions,14,1.0,0.0,125,0.0,1.0,111,False,False,
2022-02-28,USD_RUB,sanctions,30,1.0,0.0,125,0.0,1.0,95,False,False,
2022-02-28,USD_RUB,sanctions,60,1.0,0.0,125,0.0,1.0,65,False,False,
2022-02-28,USD_RUB,inflation,1,1.0,0.0,125,0.0,1.0,124,False,False,
2022-02-28,USD_RUB,inflation,7,1.0,0.0,125,0.0,1.0,118,False,False,
2022-02-28,USD_RUB,inflation,14,1.0,0.0,125,0.0,1.0,111,False,False,
2022-02-28,USD_RUB,inflation,30,1.0,0.0,125,0.0,1.0,95,False,False,
2022-02-28,USD_RUB,inflation,60,1.0,0.0,125,0.0,1.0,65,False,False,
2022-02-28,USD_RUB,banking,1,1.0,0.0,125,0.0,1.0,124,False,False,
2022-02-28,USD_RUB,banking,7,1.0,0.0,125,0.0,1.0,118,False,False,
2022-02-28,USD_RUB,banking,14,1.0,0.0,125,0.0,1.0,111,False,False,
2022-02-28,USD_RUB,banking,30,1.0,0.0,125,0.0,1.0,95,False,False,
2022-02-28,USD_RUB,banking,60,1.0,0.0,125,0.0,1.0,65,False,False,
2022-02-28,USD_RUB,gold,1,1.0,0.0,125,0.0,1.0,124,False,False,
2022-02-28,USD_RUB,gold,7,1.0,0.0,125,0.0,1.0,118,False,False,
2022-02-28,USD_RUB,gold,14,1.0,0.0,125,0.0,1.0,111,False,False,
2022-02-28,USD_RUB,gold,30,1.0,0.0,125,0.0,1.0,95,False,False,
2022-02-28,USD_RUB,gold,60,1.0,0.0,125,0.0,1.0,65,False,False,
2022-02-28,EUR_RUB,oil,1,1.0,0.0,125,0.0,1.0,124,False,False,
2022-02-28,EUR_RUB,oil,7,1.0,0.0,125,0.0,1.0,118,False,False,
2022-02-28,EUR_RUB,oil,14,1.0,0.0,125,0.0,1.0,111,False,False,
2022-02-28,EUR_RUB,oil,30,1.0,0.0,125,0.0,1.0,95,False,False,
2022-02-28,EUR_RUB,oil,60,1.0,0.0,125,0.0,1.0,65,False,False,
2022-02-28,EUR_RUB,rate,1,1.0,0.0,125,0.0,1.0,124,False,False,
2022-02-28,EUR_RUB,rate,7,1.0,0.0,125,0.0,1.0,118,False,False,
2022-02-28,EUR_RUB,rate,14,1.0,0.0,125,0.0,1.0,111,False,False,
2022-02-28,EUR_RUB,rate,30,1.0,0.0,125,0.0,1.0,95,False,False,
2022-02-28,EUR_RUB,rate,60,1.0,0.0,125,0.0,1.0,65,False,False,
2022-02-28,EUR_RUB,ruble,1,1.0,0.0,125,0.0,1.0,124,False,False,
2022-02-28,EUR_RUB,ruble,7,1.0,0.0,125,0.0,1.0,118,False,False,
2022-02-28,EUR_RUB,ruble,14,1.0,0.0,125,0.0,1.0,111,False,False,
2022-02-28,EUR_RUB,ruble,30,1.0,0.0,125,0.0,1.0,95,False,False,
2022-02-28,EUR_RUB,ruble,60,1.0,0.0,125,0.0,1.0,65,False,False,
2022-02-28,EUR_RUB,sanctions,1,1.0,0.0,125,0.0,1.0,124,False,False,
2022-02-28,EUR_RUB,sanctions,7,1.0,0.0,125,0.0,1.0,118,False,False,
2022-02-28,EUR_RUB,sanctions,14,1.0,0.0,125,0.0,1.0,111,False,False,
2022-02-28,EUR_RUB,sanctions,30,1.0,0.0,125,0.0,1.0,95,False,False,
2022-02-28,EUR_RUB,sanctions,60,1.0,0.0,125,0.0,1.0,65,False,False,
2022-02-28,EUR_RUB,inflation,1,1.0,0.0,125,0.0,1.0,124,False,False,
2022-02-28,EUR_RUB,inflation,7,1.0,0.0,125,0.0,1.0,118,False,False,
2022-02-28,EUR_RUB,inflation,14,1.0,0.0,125,0.0,1.0,111,False,False,
2022-02-28,EUR_RUB,inflation,30,1.0,0.0,125,0.0,1.0,95,False,False,
2022-02-28,EUR_RUB,inflation,60,1.0,0.0,125,0.0,1.0,65,False,False,
2022-02-28,EUR_RUB,banking,1,1.0,0.0,125,0.0,1.0,124,False,False,
2022-02-28,EUR_RUB,banking,7,1.0,0.0,125,0.0,1.0,118,False,False,
2022-02-28,EUR_RUB,banking,14,1.0,0.0,125,0.0,1.0,111,False,False,
2022-02-28,EUR_RUB,banking,30,1.0,0.0,125,0.0,1.0,95,False,False,
2022-02-28,EUR_RUB,banking,60,1.0,0.0,125,0.0,1.0,65,False,False,
2022-02-28,EUR_RUB,gold,1,1.0,0.0,125,0.0,1.0,124,False,False,
2022-02-28,EUR_RUB,gold,7,1.0,0.0,125,0.0,1.0,118,False,False,
2022-02-28,EUR_RUB,gold,14,1.0,0.0,125,0.0,1.0,111,False,False,
2022-02-28,EUR_RUB,gold,30,1.0,0.0,125,0.0,1.0,95,False,False,
2022-02-28,EUR_RUB,gold,60,1.0,0.0,125,0.0,1.0,65,False,False,
2022-02-28,BRENT,oil,1,1.0,0.0,125,0.0,1.0,124,False,False,
2022-02-28,BRENT,oil,7,1.0,0.0,125,0.0,1.0,118,False,False,
2022-02-28,BRENT,oil,14,1.0,0.0,125,0.0,1.0,111,False,False,
2022-02-28,BRENT,oil,30,1.0,0.0,125,0.0,1.0,95,False,False,
2022-02-28,BRENT,oil,60,1.0,0.0,125,0.0,1.0,65,False,False,
2022-02-28,BRENT,rate,1,1.0,0.0,125,0.0,1.0,124,False,False,
2022-02-28,BRENT,rate,7,1.0,0.0,125,0.0,1.0,118,False,False,
2022-02-28,BRENT,rate,14,1.0,0.0,125,0.0,1.0,111,False,False,
2022-02-28,BRENT,rate,30,1.0,0.0,125,0.0,1.0,95,False,False,
2022-02-28,BRENT,rate,60,1.0,0.0,125,0.0,1.0,65,False,False,
2022-02-28,BRENT,ruble,1,1.0,0.0,125,0.0,1.0,124,False,False,
2022-02-28,BRENT,ruble,7,1.0,0.0,125,0.0,1.0,118,False,False,
2022-02-28,BRENT,ruble,14,1.0,0.0,125,0.0,1.0,111,False,False,
2022-02-28,BRENT,ruble,30,1.0,0.0,125,0.0,1.0,95,False,False,
2022-02-28,BRENT,ruble,60,1.0,0.0,125,0.0,1.0,65,False,False,
2022-02-28,BRENT,sanctions,1,1.0,0.0,125,0.0,1.0,124,False,False,
2022-02-28,BRENT,sanctions,7,1.0,0.0,125,0.0,1.0,118,False,False,
2022-02-28,BRENT,sanctions,14,1.0,0.0,125,0.0,1.0,111,False,False,
2022-02-28,BRENT,sanctions,30,1.0,0.0,125,0.0,1.0,95,False,False,
2022-02-28,BRENT,sanctions,60,1.0,0.0,125,0.0,1.0,65,False,False,
2022-02-28,BRENT,inflation,1,1.0,0.0,125,0.0,1.0,124,False,False,
2022-02-28,BRENT,inflation,7,1.0,0.0,125,0.0,1.0,118,False,False,
2022-02-28,BRENT,inflation,14,1.0,0.0,125,0.0,1.0,111,False,False,
2022-02-28,BRENT,inflation,30,1.0,0.0,125,0.0,1.0,95,False,False,
2022-02-28,BRENT,inflation,60,1.0,0.0,125,0.0,1.0,65,False,False,
2022-02-28,BRENT,banking,1,1.0,0.0,125,0.0,1.0,124,False,False,
2022-02-28,BRENT,banking,7,1.0,0.0,125,0.0,1.0,118,False,False,
2022-02-28,BRENT,banking,14,1.0,0.0,125,0.0,1.0,111,False,False,
2022-02-28,BRENT,banking,30,1.0,0.0,125,0.0,1.0,95,False,False,
2022-02-28,BRENT,banking,60,1.0,0.0,125,0.0,1.0,65,False,False,
2022-02-28,BRENT,gold,1,1.0,0.0,125,0.0,1.0,124,False,False,
2022-02-28,BRENT,gold,7,1.0,0.0,125,0.0,1.0,118,False,False,
2022-02-28,BRENT,gold,14,1.0,0.0,125,0.0,1.0,111,False,False,
2022-02-28,BRENT,gold,30,1.0,0.0,125,0.0,1.0,95,False,False,
2022-02-28,BRENT,gold,60,1.0,0.0,125,0.0,1.0,65,False,False,
2022-02-28,SP500,oil,1,1.0,0.0,125,0.0,1.0,124,False,False,
2022-02-28,SP500,oil,7,1.0,0.0,125,0.0,1.0,118,False,False,
2022-02-28,SP500,oil,14,1.0,0.0,125,0.0,1.0,111,False,False,
2022-02-28,SP500,oil,30,1.0,0.0,125,0.0,1.0,95,False,False,
2022-02-28,SP500,oil,60,1.0,0.0,125,0.0,1.0,65,False,False,
2022-02-28,SP500,rate,1,1.0,0.0,125,0.0,1.0,124,False,False,
2022-02-28,SP500,rate,7,1.0,0.0,125,0.0,1.0,118,False,False,
2022-02-28,SP500,rate,14,1.0,0.0,125,0.0,1.0,111,False,False,
2022-02-28,SP500,rate,30,1.0,0.0,125,0.0,1.0,95,False,False,
2022-02-28,SP500,rate,60,1.0,0.0,125,0.0,1.0,65,False,False,
2022-02-28,SP500,ruble,1,1.0,0.0,125,0.0,1.0,124,False,False,
2022-02-28,SP500,ruble,7,1.0,0.0,125,0.0,1.0,118,False,False,
2022-02-28,SP500,ruble,14,1.0,0.0,125,0.0,1.0,111,False,False,
2022-02-28,SP500,ruble,30,1.0,0.0,125,0.0,1.0,95,False,False,
2022-02-28,SP500,ruble,60,1.0,0.0,125,0.0,1.0,65,False,False,
2022-02-28,SP500,sanctions,1,1.0,0.0,125,0.0,1.0,124,False,False,
2022-02-28,SP500,sanctions,7,1.0,0.0,125,0.0,1.0,118,False,False,
2022-02-28,SP500,sanctions,14,1.0,0.0,125,0.0,1.0,111,False,False,
2022-02-28,SP500,sanctions,30,1.0,0.0,125,0.0,1.0,95,False,False,
2022-02-28,SP500,sanctions,60,1.0,0.0,125,0.0,1.0,65,False,False,
2022-02-28,SP500,inflation,1,1.0,0.0,125,0.0,1.0,124,False,False,
2022-02-28,SP500,inflation,7,1.0,0.0,125,0.0,1.0,118,False,False,
2022-02-28,SP500,inflation,14,1.0,0.0,125,0.0,1.0,111,False,False,
2022-02-28,SP500,inflation,30,1.0,0.0,125,0.0,1.0,95,False,False,
2022-02-28,SP500,inflation,60,1.0,0.0,125,0.0,1.0,65,False,False,
2022-02-28,SP500,banking,1,1.0,0.0,125,0.0,1.0,124,False,False,
2022-02-28,SP500,banking,7,1.0,0.0,125,0.0,1.0,118,False,False,
2022-02-28,SP500,banking,14,1.0,0.0,125,0.0,1.0,111,False,False,
2022-02-28,SP500,banking,30,1.0,0.0,125,0.0,1.0,95,False,False,
2022-02-28,SP500,banking,60,1.0,0.0,125,0.0,1.0,65,False,False,
2022-02-28,SP500,gold,1,1.0,0.0,125,0.0,1.0,124,False,False,
2022-02-28,SP500,gold,7,1.0,0.0,125,0.0,1.0,118,False,False,
2022-02-28,SP500,gold,14,1.0,0.0,125,0.0,1.0,111,False,False,
2022-02-28,SP500,gold,30,1.0,0.0,125,0.0,1.0,95,False,False,
2022-02-28,SP500,gold,60,1.0,0.0,125,0.0,1.0,65,False,False,
2022-02-28,MSCI_WORLD,oil,1,1.0,0.0,125,0.0,1.0,124,False,False,
2022-02-28,MSCI_WORLD,oil,7,1.0,0.0,125,0.0,1.0,118,False,False,
2022-02-28,MSCI_WORLD,oil,14,1.0,0.0,125,0.0,1.0,111,False,False,
2022-02-28,MSCI_WORLD,oil,30,1.0,0.0,125,0.0,1.0,95,False,False,
2022-02-28,MSCI_WORLD,oil,60,1.0,0.0,125,0.0,1.0,65,False,False,
2022-02-28,MSCI_WORLD,rate,1,1.0,0.0,125,0.0,1.0,124,False,False,
2022-02-28,MSCI_WORLD,rate,7,1.0,0.0,125,0.0,1.0,118,False,False,
2022-02-28,MSCI_WORLD,rate,14,1.0,0.0,125,0.0,1.0,111,False,False,
2022-02-28,MSCI_WORLD,rate,30,1.0,0.0,125,0.0,1.0,95,False,False,
2022-02-28,MSCI_WORLD,rate,60,1.0,0.0,125,0.0,1.0,65,False,False,
2022-02-28,MSCI_WORLD,ruble,1,1.0,0.0,125,0.0,1.0,124,False,False,
2022-02-28,MSCI_WORLD,ruble,7,1.0,0.0,125,0.0,1.0,118,False,False,
2022-02-28,MSCI_WORLD,ruble,14,1.0,0.0,125,0.0,1.0,111,False,False,
2022-02-28,MSCI_WORLD,ruble,30,1.0,0.0,125,0.0,1.0,95,False,False,
2022-02-28,MSCI_WORLD,ruble,60,1.0,0.0,125,0.0,1.0,65,False,False,
2022-02-28,MSCI_WORLD,sanctions,1,1.0,0.0,125,0.0,1.0,124,False,False,
2022-02-28,MSCI_WORLD,sanctions,7,1.0,0.0,125,0.0,1.0,118,False,False,
2022-02-28,MSCI_WORLD,sanctions,14,1.0,0.0,125,0.0,1.0,111,False,False,
2022-02-28,MSCI_WORLD,sanctions,30,1.0,0.0,125,0.0,1.0,95,False,False,
2022-02-28,MSCI_WORLD,sanctions,60,1.0,0.0,125,0.0,1.0,65,False,False,
2022-02-28,MSCI_WORLD,inflation,1,1.0,0.0,125,0.0,1.0,124,False,False,
2022-02-28,MSCI_WORLD,inflation,7,1.0,0.0,125,0.0,1.0,118,False,False,
2022-02-28,MSCI_WORLD,inflation,14,1.0,0.0,125,0.0,1.0,111,False,False,
2022-02-28,MSCI_WORLD,inflation,30,1.0,0.0,125,0.0,1.0,95,False,False,
2022-02-28,MSCI_WORLD,inflation,60,1.0,0.0,125,0.0,1.0,65,False,False,
2022-02-28,MSCI_WORLD,banking,1,1.0,0.0,125,0.0,1.0,124,False,False,
2022-02-28,MSCI_WORLD,banking,7,1.0,0.0,125,0.0,1.0,118,False,False,
2022-02-28,MSCI_WORLD,banking,14,1.0,0.0,125,0.0,1.0,111,False,False,
2022-02-28,MSCI_WORLD,banking,30,1.0,0.0,125,0.0,1.0,95,False,False,
2022-02-28,MSCI_WORLD,banking,60,1.0,0.0,125,0.0,1.0,65,False,False,
2022-02-28,MSCI_WORLD,gold,1,1.0,0.0,125,0.0,1.0,124,False,False,
2022-02-28,MSCI_WORLD,gold,7,1.0,0.0,125,0.0,1.0,118,False,False,
2022-02-28,MSCI_WORLD,gold,14,1.0,0.0,125,0.0,1.0,111,False,False,
2022-02-28,MSCI_WORLD,gold,30,1.0,0.0,125,0.0,1.0,95,False,False,
2022-02-28,MSCI_WORLD,gold,60,1.0,0.0,125,0.0,1.0,65,False,False,
2022-02-28,DXY,oil,1,1.0,0.0,125,0.0,1.0,124,False,False,
2022-02-28,DXY,oil,7,1.0,0.0,125,0.0,1.0,118,False,False,
2022-02-28,DXY,oil,14,1.0,0.0,125,0.0,1.0,111,False,False,
2022-02-28,DXY,oil,30,1.0,0.0,125,0.0,1.0,95,False,False,
2022-02-28,DXY,oil,60,1.0,0.0,125,0.0,1.0,65,False,False,
2022-02-28,DXY,rate,1,1.0,0.0,125,0.0,1.0,124,False,False,
2022-02-28,DXY,rate,7,1.0,0.0,125,0.0,1.0,118,False,False,
2022-02-28,DXY,rate,14,1.0,0.0,125,0.0,1.0,111,False,False,
2022-02-28,DXY,rate,30,1.0,0.0,125,0.0,1.0,95,False,False,
2022-02-28,DXY,rate,60,1.0,0.0,125,0.0,1.0,65,False,False,
2022-02-28,DXY,ruble,1,1.0,0.0,125,0.0,1.0,124,False,False,
2022-02-28,DXY,ruble,7,1.0,0.0,125,0.0,1.0,118,False,False,
2022-02-28,DXY,ruble,14,1.0,0.0,125,0.0,1.0,111,False,False,
2022-02-28,DXY,ruble,30,1.0,0.0,125,0.0,1.0,95,False,False,
2022-02-28,DXY,ruble,60,1.0,0.0,125,0.0,1.0,65,False,False,
2022-02-28,DXY,sanctions,1,1.0,0.0,125,0.0,1.0,124,False,False,
2022-02-28,DXY,sanctions,7,1.0,0.0,125,0.0,1.0,118,False,False,
2022-02-28,DXY,sanctions,14,1.0,0.0,125,0.0,1.0,111,False,False,
2022-02-28,DXY,sanctions,30,1.0,0.0,125,0.0,1.0,95,False,False,
2022-02-28,DXY,sanctions,60,1.0,0.0,125,0.0,1.0,65,False,False,
2022-02-28,DXY,inflation,1,1.0,0.0,125,0.0,1.0,124,False,False,
2022-02-28,DXY,inflation,7,1.0,0.0,125,0.0,1.0,118,False,False,
2022-02-28,DXY,inflation,14,1.0,0.0,125,0.0,1.0,111,False,False,
2022-02-28,DXY,inflation,30,1.0,0.0,125,0.0,1.0,95,False,False,
2022-02-28,DXY,inflation,60,1.0,0.0,125,0.0,1.0,65,False,False,
2022-02-28,DXY,banking,1,1.0,0.0,125,0.0,1.0,124,False,False,
2022-02-28,DXY,banking,7,1.0,0.0,125,0.0,1.0,118,False,False,
2022-02-28,DXY,banking,14,1.0,0.0,125,0.0,1.0,111,False,False,
2022-02-28,DXY,banking,30,1.0,0.0,125,0.0,1.0,95,False,False,
2022-02-28,DXY,banking,60,1.0,0.0,125,0.0,1.0,65,False,False,
2022-02-28,DXY,gold,1,1.0,0.0,125,0.0,1.0,124,False,False,
2022-02-28,DXY,gold,7,1.0,0.0,125,0.0,1.0,118,False,False,
2022-02-28,DXY,gold,14,1.0,0.0,125,0.0,1.0,111,False,False,
2022-02-28,DXY,gold,30,1.0,0.0,125,0.0,1.0,95,False,False,
2022-02-28,DXY,gold,60,1.0,0.0,125,0.0,1.0,65,False,False,
2022-02-28,MSCI_INDIA,oil,1,1.0,0.0,125,0.0,1.0,124,False,False,
2022-02-28,MSCI_INDIA,oil,7,1.0,0.0,125,0.0,1.0,118,False,False,
2022-02-28,MSCI_INDIA,oil,14,1.0,0.0,125,0.0,1.0,111,False,False,
2022-02-28,MSCI_INDIA,oil,30,1.0,0.0,125,0.0,1.0,95,False,False,
2022-02-28,MSCI_INDIA,oil,60,1.0,0.0,125,0.0,1.0,65,False,False,
2022-02-28,MSCI_INDIA,rate,1,1.0,0.0,125,0.0,1.0,124,False,False,
2022-02-28,MSCI_INDIA,rate,7,1.0,0.0,125,0.0,1.0,118,False,False,
2022-02-28,MSCI_INDIA,rate,14,1.0,0.0,125,0.0,1.0,111,False,False,
2022-02-28,MSCI_INDIA,rate,30,1.0,0.0,125,0.0,1.0,95,False,False,
2022-02-28,MSCI_INDIA,rate,60,1.0,0.0,125,0.0,1.0,65,False,False,
2022-02-28,MSCI_INDIA,ruble,1,1.0,0.0,125,0.0,1.0,124,False,False,
2022-02-28,MSCI_INDIA,ruble,7,1.0,0.0,125,0.0,1.0,118,False,False,
2022-02-28,MSCI_INDIA,ruble,14,1.0,0.0,125,0.0,1.0,111,False,False,
2022-02-28,MSCI_INDIA,ruble,30,1.0,0.0,125,0.0,1.0,95,False,False,
2022-02-28,MSCI_INDIA,ruble,60,1.0,0.0,125,0.0,1.0,65,False,False,
2022-02-28,MSCI_INDIA,sanctions,1,1.0,0.0,125,0.0,1.0,124,False,False,
2022-02-28,MSCI_INDIA,sanctions,7,1.0,0.0,125,0.0,1.0,118,False,False,
2022-02-28,MSCI_INDIA,sanctions,14,1.0,0.0,125,0.0,1.0,111,False,False,
2022-02-28,MSCI_INDIA,sanctions,30,1.0,0.0,125,0.0,1.0,95,False,False,
2022-02-28,MSCI_INDIA,sanctions,60,1.0,0.0,125,0.0,1.0,65,False,False,
2022-02-28,MSCI_INDIA,inflation,1,1.0,0.0,125,0.0,1.0,124,False,False,
2022-02-28,MSCI_INDIA,inflation,7,1.0,0.0,125,0.0,1.0,118,False,False,
2022-02-28,MSCI_INDIA,inflation,14,1.0,0.0,125,0.0,1.0,111,False,False,
2022-02-28,MSCI_INDIA,inflation,30,1.0,0.0,125,0.0,1.0,95,False,False,
2022-02-28,MSCI_INDIA,inflation,60,1.0,0.0,125,0.0,1.0,65,False,False,
2022-02-28,MSCI_INDIA,banking,1,1.0,0.0,125,0.0,1.0,124,False,False,
2022-02-28,MSCI_INDIA,banking,7,1.0,0.0,125,0.0,1.0,118,False,False,
2022-02-28,MSCI_INDIA,banking,14,1.0,0.0,125,0.0,1.0,111,False,False,
2022-02-28,MSCI_INDIA,banking,30,1.0,0.0,125,0.0,1.0,95,False,False,
2022-02-28,MSCI_INDIA,banking,60,1.0,0.0,125,0.0,1.0,65,False,False,
2022-02-28,MSCI_INDIA,gold,1,1.0,0.0,125,0.0,1.0,124,False,False,
2022-02-28,MSCI_INDIA,gold,7,1.0,0.0,125,0.0,1.0,118,False,False,
2022-02-28,MSCI_INDIA,gold,14,1.0,0.0,125,0.0,1.0,111,False,False,
2022-02-28,MSCI_INDIA,gold,30,1.0,0.0,125,0.0,1.0,95,False,False,
2022-02-28,MSCI_INDIA,gold,60,1.0,0.0,125,0.0,1.0,65,False,False,
2022-03-03,USD_RUB,oil,1,1.0,0.0,125,0.0,1.0,124,False,False,
2022-03-03,USD_RUB,oil,7,1.0,0.0,125,0.0,1.0,118,False,False,
2022-03-03,USD_RUB,oil,14,1.0,0.0,125,0.0,1.0,111,False,False,
2022-03-03,USD_RUB,oil,30,1.0,0.0,125,0.0,1.0,95,False,False,
2022-03-03,USD_RUB,oil,60,1.0,0.0,125,0.0,1.0,65,False,False,
2022-03-03,USD_RUB,rate,1,1.0,0.0,125,0.0,1.0,124,False,False,
2022-03-03,USD_RUB,rate,7,1.0,0.0,125,0.0,1.0,118,False,False,
2022-03-03,USD_RUB,rate,14,1.0,0.0,125,0.0,1.0,111,False,False,
2022-03-03,USD_RUB,rate,30,1.0,0.0,125,0.0,1.0,95,False,False,
2022-03-03,USD_RUB,rate,60,1.0,0.0,125,0.0,1.0,65,False,False,
2022-03-03,USD_RUB,ruble,1,1.0,0.0,125,0.0,1.0,124,False,False,
2022-03-03,USD_RUB,ruble,7,1.0,0.0,125,0.0,1.0,118,False,False,
2022-03-03,USD_RUB,ruble,14,1.0,0.0,125,0.0,1.0,111,False,False,
2022-03-03,USD_RUB,ruble,30,1.0,0.0,125,0.0,1.0,95,False,False,
2022-03-03,USD_RUB,ruble,60,1.0,0.0,125,0.0,1.0,65,False,False,
2022-03-03,USD_RUB,sanctions,1,1.0,0.0,125,0.0,1.0,124,False,False,
2022-03-03,USD_RUB,sanctions,7,1.0,0.0,125,0.0,1.0,118,False,False,
2022-03-03,USD_RUB,sanctions,14,1.0,0.0,125,0.0,1.0,111,False,False,
2022-03-03,USD_RUB,sanctions,30,1.0,0.0,125,0.0,1.0,95,False,False,
2022-03-03,USD_RUB,sanctions,60,1.0,0.0,125,0.0,1.0,65,False,False,
2022-03-03,USD_RUB,inflation,1,1.0,0.0,125,0.0,1.0,124,False,False,
2022-03-03,USD_RUB,inflation,7,1.0,0.0,125,0.0,1.0,118,False,False,
2022-03-03,USD_RUB,inflation,14,1.0,0.0,125,0.0,1.0,111,False,False,
2022-03-03,USD_RUB,inflation,30,1.0,0.0,125,0.0,1.0,95,False,False,
2022-03-03,USD_RUB,inflation,60,1.0,0.0,125,0.0,1.0,65,False,False,
2022-03-03,USD_RUB,banking,1,1.0,0.0,125,0.0,1.0,124,False,False,
2022-03-03,USD_RUB,banking,7,1.0,0.0,125,0.0,1.0,118,False,False,
2022-03-03,USD_RUB,banking,14,1.0,0.0,125,0.0,1.0,111,False,False,
2022-03-03,USD_RUB,banking,30,1.0,0.0,125,0.0,1.0,95,False,False,
2022-03-03,USD_RUB,banking,60,1.0,0.0,125,0.0,1.0,65,False,False,
2022-03-03,USD_RUB,gold,1,1.0,0.0,125,0.0,1.0,124,False,False,
2022-03-03,USD_RUB,gold,7,1.0,0.0,125,0.0,1.0,118,False,False,
2022-03-03,USD_RUB,gold,14,1.0,0.0,125,0.0,1.0,111,False,False,
2022-03-03,USD_RUB,gold,30,1.0,0.0,125,0.0,1.0,95,False,False,
2022-03-03,USD_RUB,gold,60,1.0,0.0,125,0.0,1.0,65,False,False,
2022-03-03,EUR_RUB,oil,1,1.0,0.0,125,0.0,1.0,124,False,False,
2022-03-03,EUR_RUB,oil,7,1.0,0.0,125,0.0,1.0,118,False,False,
2022-03-03,EUR_RUB,oil,14,1.0,0.0,125,0.0,1.0,111,False,False,
2022-03-03,EUR_RUB,oil,30,1.0,0.0,125,0.0,1.0,95,False,False,
2022-03-03,EUR_RUB,oil,60,1.0,0.0,125,0.0,1.0,65,False,False,
2022-03-03,EUR_RUB,rate,1,1.0,0.0,125,0.0,1.0,124,False,False,
2022-03-03,EUR_RUB,rate,7,1.0,0.0,125,0.0,1.0,118,False,False,
2022-03-03,EUR_RUB,rate,14,1.0,0.0,125,0.0,1.0,111,False,False,
2022-03-03,EUR_RUB,rate,30,1.0,0.0,125,0.0,1.0,95,False,False,
2022-03-03,EUR_RUB,rate,60,1.0,0.0,125,0.0,1.0,65,False,False,
2022-03-03,EUR_RUB,ruble,1,1.0,0.0,125,0.0,1.0,124,False,False,
2022-03-03,EUR_RUB,ruble,7,1.0,0.0,125,0.0,1.0,118,False,False,
2022-03-03,EUR_RUB,ruble,14,1.0,0.0,125,0.0,1.0,111,False,False,
2022-03-03,EUR_RUB,ruble,30,1.0,0.0,125,0.0,1.0,95,False,False,
2022-03-03,EUR_RUB,ruble,60,1.0,0.0,125,0.0,1.0,65,False,False,
2022-03-03,EUR_RUB,sanctions,1,1.0,0.0,125,0.0,1.0,124,False,False,
2022-03-03,EUR_RUB,sanctions,7,1.0,0.0,125,0.0,1.0,118,False,False,
2022-03-03,EUR_RUB,sanctions,14,1.0,0.0,125,0.0,1.0,111,False,False,
2022-03-03,EUR_RUB,sanctions,30,1.0,0.0,125,0.0,1.0,95,False,False,
2022-03-03,EUR_RUB,sanctions,60,1.0,0.0,125,0.0,1.0,65,False,False,
2022-03-03,EUR_RUB,inflation,1,1.0,0.0,125,0.0,1.0,124,False,False,
2022-03-03,EUR_RUB,inflation,7,1.0,0.0,125,0.0,1.0,118,False,False,
2022-03-03,EUR_RUB,inflation,14,1.0,0.0,125,0.0,1.0,111,False,False,
2022-03-03,EUR_RUB,inflation,30,1.0,0.0,125,0.0,1.0,95,False,False,
2022-03-03,EUR_RUB,inflation,60,1.0,0.0,125,0.0,1.0,65,False,False,
2022-03-03,EUR_RUB,banking,1,1.0,0.0,125,0.0,1.0,124,False,False,
2022-03-03,EUR_RUB,banking,7,1.0,0.0,125,0.0,1.0,118,False,False,
2022-03-03,EUR_RUB,banking,14,1.0,0.0,125,0.0,1.0,111,False,False,
2022-03-03,EUR_RUB,banking,30,1.0,0.0,125,0.0,1.0,95,False,False,
2022-03-03,EUR_RUB,banking,60,1.0,0.0,125,0.0,1.0,65,False,False,
2022-03-03,EUR_RUB,gold,1,1.0,0.0,125,0.0,1.0,124,False,False,
2022-03-03,EUR_RUB,gold,7,1.0,0.0,125,0.0,1.0,118,False,False,
2022-03-03,EUR_RUB,gold,14,1.0,0.0,125,0.0,1.0,111,False,False,
2022-03-03,EUR_RUB,gold,30,1.0,0.0,125,0.0,1.0,95,False,False,
2022-03-03,EUR_RUB,gold,60,1.0,0.0,125,0.0,1.0,65,False,False,
2022-03-03,BRENT,oil,1,1.0,0.0,125,0.0,1.0,124,False,False,
2022-03-03,BRENT,oil,7,1.0,0.0,125,0.0,1.0,118,False,False,
2022-03-03,BRENT,oil,14,1.0,0.0,125,0.0,1.0,111,False,False,
2022-03-03,BRENT,oil,30,1.0,0.0,125,0.0,1.0,95,False,False,
2022-03-03,BRENT,oil,60,1.0,0.0,125,0.0,1.0,65,False,False,
2022-03-03,BRENT,rate,1,1.0,0.0,125,0.0,1.0,124,False,False,
2022-03-03,BRENT,rate,7,1.0,0.0,125,0.0,1.0,118,False,False,
2022-03-03,BRENT,rate,14,1.0,0.0,125,0.0,1.0,111,False,False,
2022-03-03,BRENT,rate,30,1.0,0.0,125,0.0,1.0,95,False,False,
2022-03-03,BRENT,rate,60,1.0,0.0,125,0.0,1.0,65,False,False,
2022-03-03,BRENT,ruble,1,1.0,0.0,125,0.0,1.0,124,False,False,
2022-03-03,BRENT,ruble,7,1.0,0.0,125,0.0,1.0,118,False,False,
2022-03-03,BRENT,ruble,14,1.0,0.0,125,0.0,1.0,111,False,False,
2022-03-03,BRENT,ruble,30,1.0,0.0,125,0.0,1.0,95,False,False,
2022-03-03,BRENT,ruble,60,1.0,0.0,125,0.0,1.0,65,False,False,
2022-03-03,BRENT,sanctions,1,1.0,0.0,125,0.0,1.0,124,False,False,
2022-03-03,BRENT,sanctions,7,1.0,0.0,125,0.0,1.0,118,False,False,
2022-03-03,BRENT,sanctions,14,1.0,0.0,125,0.0,1.0,111,False,False,
2022-03-03,BRENT,sanctions,30,1.0,0.0,125,0.0,1.0,95,False,False,
2022-03-03,BRENT,sanctions,60,1.0,0.0,125,0.0,1.0,65,False,False,
2022-03-03,BRENT,inflation,1,1.0,0.0,125,0.0,1.0,124,False,False,
2022-03-03,BRENT,inflation,7,1.0,0.0,125,0.0,1.0,118,False,False,
2022-03-03,BRENT,inflation,14,1.0,0.0,125,0.0,1.0,111,False,False,
2022-03-03,BRENT,inflation,30,1.0,0.0,125,0.0,1.0,95,False,False,
2022-03-03,BRENT,inflation,60,1.0,0.0,125,0.0,1.0,65,False,False,
2022-03-03,BRENT,banking,1,1.0,0.0,125,0.0,1.0,124,False,False,
2022-03-03,BRENT,banking,7,1.0,0.0,125,0.0,1.0,118,False,False,
2022-03-03,BRENT,banking,14,1.0,0.0,125,0.0,1.0,111,False,False,
2022-03-03,BRENT,banking,30,1.0,0.0,125,0.0,1.0,95,False,False,
2022-03-03,BRENT,banking,60,1.0,0.0,125,0.0,1.0,65,False,False,
2022-03-03,BRENT,gold,1,1.0,0.0,125,0.0,1.0,124,False,False,
2022-03-03,BRENT,gold,7,1.0,0.0,125,0.0,1.0,118,False,False,
2022-03-03,BRENT,gold,14,1.0,0.0,125,0.0,1.0,111,False,False,
2022-03-03,BRENT,gold,30,1.0,0.0,125,0.0,1.0,95,False,False,
2022-03-03,BRENT,gold,60,1.0,0.0,125,0.0,1.0,65,False,False,
2022-03-03,SP500,oil,1,1.0,0.0,125,0.0,1.0,124,False,False,
2022-03-03,SP500,oil,7,1.0,0.0,125,0.0,1.0,118,False,False,
2022-03-03,SP500,oil,14,1.0,0.0,125,0.0,1.0,111,False,False,
2022-03-03,SP500,oil,30,1.0,0.0,125,0.0,1.0,95,False,False,
2022-03-03,SP500,oil,60,1.0,0.0,125,0.0,1.0,65,False,False,
2022-03-03,SP500,rate,1,1.0,0.0,125,0.0,1.0,124,False,False,
2022-03-03,SP500,rate,7,1.0,0.0,125,0.0,1.0,118,False,False,
2022-03-03,SP500,rate,14,1.0,0.0,125,0.0,1.0,111,False,False,
2022-03-03,SP500,rate,30,1.0,0.0,125,0.0,1.0,95,False,False,
2022-03-03,SP500,rate,60,1.0,0.0,125,0.0,1.0,65,False,False,
2022-03-03,SP500,ruble,1,1.0,0.0,125,0.0,1.0,124,False,False,
2022-03-03,SP500,ruble,7,1.0,0.0,125,0.0,1.0,118,False,False,
2022-03-03,SP500,ruble,14,1.0,0.0,125,0.0,1.0,111,False,False,
2022-03-03,SP500,ruble,30,1.0,0.0,125,0.0,1.0,95,False,False,
2022-03-03,SP500,ruble,60,1.0,0.0,125,0.0,1.0,65,False,False,
2022-03-03,SP500,sanctions,1,1.0,0.0,125,0.0,1.0,124,False,False,
2022-03-03,SP500,sanctions,7,1.0,0.0,125,0.0,1.0,118,False,False,
2022-03-03,SP500,sanctions,14,1.0,0.0,125,0.0,1.0,111,False,False,
2022-03-03,SP500,sanctions,30,1.0,0.0,125,0.0,1.0,95,False,False,
2022-03-03,SP500,sanctions,60,1.0,0.0,125,0.0,1.0,65,False,False,
2022-03-03,SP500,inflation,1,1.0,0.0,125,0.0,1.0,124,False,False,
2022-03-03,SP500,inflation,7,1.0,0.0,125,0.0,1.0,118,False,False,
2022-03-03,SP500,inflation,14,1.0,0.0,125,0.0,1.0,111,False,False,
2022-03-03,SP500,inflation,30,1.0,0.0,125,0.0,1.0,95,False,False,
2022-03-03,SP500,inflation,60,1.0,0.0,125,0.0,1.0,65,False,False,
2022-03-03,SP500,banking,1,1.0,0.0,125,0.0,1.0,124,False,False,
2022-03-03,SP500,banking,7,1.0,0.0,125,0.0,1.0,118,False,False,
2022-03-03,SP500,banking,14,1.0,0.0,125,0.0,1.0,111,False,False,
2022-03-03,SP500,banking,30,1.0,0.0,125,0.0,1.0,95,False,False,
2022-03-03,SP500,banking,60,1.0,0.0,125,0.0,1.0,65,False,False,
2022-03-03,SP500,gold,1,1.0,0.0,125,0.0,1.0,124,False,False,
2022-03-03,SP500,gold,7,1.0,0.0,125,0.0,1.0,118,False,False,
2022-03-03,SP500,gold,14,1.0,0.0,125,0.0,1.0,111,False,False,
2022-03-03,SP500,gold,30,1.0,0.0,125,0.0,1.0,95,False,False,
2022-03-03,SP500,gold,60,1.0,0.0,125,0.0,1.0,65,False,False,
2022-03-03,MSCI_WORLD,oil,1,1.0,0.0,125,0.0,1.0,124,False,False,
2022-03-03,MSCI_WORLD,oil,7,1.0,0.0,125,0.0,1.0,118,False,False,
2022-03-03,MSCI_WORLD,oil,14,1.0,0.0,125,0.0,1.0,111,False,False,
2022-03-03,MSCI_WORLD,oil,30,1.0,0.0,125,0.0,1.0,95,False,False,
2022-03-03,MSCI_WORLD,oil,60,1.0,0.0,125,0.0,1.0,65,False,False,
2022-03-03,MSCI_WORLD,rate,1,1.0,0.0,125,0.0,1.0,124,False,False,
2022-03-03,MSCI_WORLD,rate,7,1.0,0.0,125,0.0,1.0,118,False,False,
2022-03-03,MSCI_WORLD,rate,14,1.0,0.0,125,0.0,1.0,111,False,False,
2022-03-03,MSCI_WORLD,rate,30,1.0,0.0,125,0.0,1.0,95,False,False,
2022-03-03,MSCI_WORLD,rate,60,1.0,0.0,125,0.0,1.0,65,False,False,
2022-03-03,MSCI_WORLD,ruble,1,1.0,0.0,125,0.0,1.0,124,False,False,
2022-03-03,MSCI_WORLD,ruble,7,1.0,0.0,125,0.0,1.0,118,False,False,
2022-03-03,MSCI_WORLD,ruble,14,1.0,0.0,125,0.0,1.0,111,False,False,
2022-03-03,MSCI_WORLD,ruble,30,1.0,0.0,125,0.0,1.0,95,False,False,
2022-03-03,MSCI_WORLD,ruble,60,1.0,0.0,125,0.0,1.0,65,False,False,
2022-03-03,MSCI_WORLD,sanctions,1,1.0,0.0,125,0.0,1.0,124,False,False,
2022-03-03,MSCI_WORLD,sanctions,7,1.0,0.0,125,0.0,1.0,118,False,False,
2022-03-03,MSCI_WORLD,sanctions,14,1.0,0.0,125,0.0,1.0,111,False,False,
2022-03-03,MSCI_WORLD,sanctions,30,1.0,0.0,125,0.0,1.0,95,False,False,
2022-03-03,MSCI_WORLD,sanctions,60,1.0,0.0,125,0.0,1.0,65,False,False,
2022-03-03,MSCI_WORLD,inflation,1,1.0,0.0,125,0.0,1.0,124,False,False,
2022-03-03,MSCI_WORLD,inflation,7,1.0,0.0,125,0.0,1.0,118,False,False,
2022-03-03,MSCI_WORLD,inflation,14,1.0,0.0,125,0.0,1.0,111,False,False,
2022-03-03,MSCI_WORLD,inflation,30,1.0,0.0,125,0.0,1.0,95,False,False,
2022-03-03,MSCI_WORLD,inflation,60,1.0,0.0,125,0.0,1.0,65,False,False,
2022-03-03,MSCI_WORLD,banking,1,1.0,0.0,125,0.0,1.0,124,False,False,
2022-03-03,MSCI_WORLD,banking,7,1.0,0.0,125,0.0,1.0,118,False,False,
2022-03-03,MSCI_WORLD,banking,14,1.0,0.0,125,0.0,1.0,111,False,False,
2022-03-03,MSCI_WORLD,banking,30,1.0,0.0,125,0.0,1.0,95,False,False,
2022-03-03,MSCI_WORLD,banking,60,1.0,0.0,125,0.0,1.0,65,False,False,
2022-03-03,MSCI_WORLD,gold,1,1.0,0.0,125,0.0,1.0,124,False,False,
2022-03-03,MSCI_WORLD,gold,7,1.0,0.0,125,0.0,1.0,118,False,False,
2022-03-03,MSCI_WORLD,gold,14,1.0,0.0,125,0.0,1.0,111,False,False,
2022-03-03,MSCI_WORLD,gold,30,1.0,0.0,125,0.0,1.0,95,False,False,
2022-03-03,MSCI_WORLD,gold,60,1.0,0.0,125,0.0,1.0,65,False,False,
2022-03-03,DXY,oil,1,1.0,0.0,125,0.0,1.0,124,False,False,
2022-03-03,DXY,oil,7,1.0,0.0,125,0.0,1.0,118,False,False,
2022-03-03,DXY,oil,14,1.0,0.0,125,0.0,1.0,111,False,False,
2022-03-03,DXY,oil,30,1.0,0.0,125,0.0,1.0,95,False,False,
2022-03-03,DXY,oil,60,1.0,0.0,125,0.0,1.0,65,False,False,
2022-03-03,DXY,rate,1,1.0,0.0,125,0.0,1.0,124,False,False,
2022-03-03,DXY,rate,7,1.0,0.0,125,0.0,1.0,118,False,False,
2022-03-03,DXY,rate,14,1.0,0.0,125,0.0,1.0,111,False,False,
2022-03-03,DXY,rate,30,1.0,0.0,125,0.0,1.0,95,False,False,
2022-03-03,DXY,rate,60,1.0,0.0,125,0.0,1.0,65,False,False,
2022-03-03,DXY,ruble,1,1.0,0.0,125,0.0,1.0,124,False,False,
2022-03-03,DXY,ruble,7,1.0,0.0,125,0.0,1.0,118,False,False,
2022-03-03,DXY,ruble,14,1.0,0.0,125,0.0,1.0,111,False,False,
2022-03-03,DXY,ruble,30,1.0,0.0,125,0.0,1.0,95,False,False,
2022-03-03,DXY,ruble,60,1.0,0.0,125,0.0,1.0,65,False,False,
2022-03-03,DXY,sanctions,1,1.0,0.0,125,0.0,1.0,124,False,False,
2022-03-03,DXY,sanctions,7,1.0,0.0,125,0.0,1.0,118,False,False,
2022-03-03,DXY,sanctions,14,1.0,0.0,125,0.0,1.0,111,False,False,
2022-03-03,DXY,sanctions,30,1.0,0.0,125,0.0,1.0,95,False,False,
2022-03-03,DXY,sanctions,60,1.0,0.0,125,0.0,1.0,65,False,False,
2022-03-03,DXY,inflation,1,1.0,0.0,125,0.0,1.0,124,False,False,
2022-03-03,DXY,inflation,7,1.0,0.0,125,0.0,1.0,118,False,False,
2022-03-03,DXY,inflation,14,1.0,0.0,125,0.0,1.0,111,False,False,
2022-03-03,DXY,inflation,30,1.0,0.0,125,0.0,1.0,95,False,False,
2022-03-03,DXY,inflation,60,1.0,0.0,125,0.0,1.0,65,False,False,
2022-03-03,DXY,banking,1,1.0,0.0,125,0.0,1.0,124,False,False,
2022-03-03,DXY,banking,7,1.0,0.0,125,0.0,1.0,118,False,False,
2022-03-03,DXY,banking,14,1.0,0.0,125,0.0,1.0,111,False,False,
2022-03-03,DXY,banking,30,1.0,0.0,125,0.0,1.0,95,False,False,
2022-03-03,DXY,banking,60,1.0,0.0,125,0.0,1.0,65,False,False,
2022-03-03,DXY,gold,1,1.0,0.0,125,0.0,1.0,124,False,False,
2022-03-03,DXY,gold,7,1.0,0.0,125,0.0,1.0,118,False,False,
2022-03-03,DXY,gold,14,1.0,0.0,125,0.0,1.0,111,False,False,
2022-03-03,DXY,gold,30,1.0,0.0,125,0.0,1.0,95,False,False,
2022-03-03,DXY,gold,60,1.0,0.0,125,0.0,1.0,65,False,False,
2022-03-03,MSCI_INDIA,oil,1,1.0,0.0,125,0.0,1.0,124,False,False,
2022-03-03,MSCI_INDIA,oil,7,1.0,0.0,125,0.0,1.0,118,False,False,
2022-03-03,MSCI_INDIA,oil,14,1.0,0.0,125,0.0,1.0,111,False,False,
2022-03-03,MSCI_INDIA,oil,30,1.0,0.0,125,0.0,1.0,95,False,False,
2022-03-03,MSCI_INDIA,oil,60,1.0,0.0,125,0.0,1.0,65,False,False,
2022-03-03,MSCI_INDIA,rate,1,1.0,0.0,125,0.0,1.0,124,False,False,
2022-03-03,MSCI_INDIA,rate,7,1.0,0.0,125,0.0,1.0,118,False,False,
2022-03-03,MSCI_INDIA,rate,14,1.0,0.0,125,0.0,1.0,111,False,False,
2022-03-03,MSCI_INDIA,rate,30,1.0,0.0,125,0.0,1.0,95,False,False,
2022-03-03,MSCI_INDIA,rate,60,1.0,0.0,125,0.0,1.0,65,False,False,
2022-03-03,MSCI_INDIA,ruble,1,1.0,0.0,125,0.0,1.0,124,False,False,
2022-03-03,MSCI_INDIA,ruble,7,1.0,0.0,125,0.0,1.0,118,False,False,
2022-03-03,MSCI_INDIA,ruble,14,1.0,0.0,125,0.0,1.0,111,False,False,
2022-03-03,MSCI_INDIA,ruble,30,1.0,0.0,125,0.0,1.0,95,False,False,
2022-03-03,MSCI_INDIA,ruble,60,1.0,0.0,125,0.0,1.0,65,False,False,
2022-03-03,MSCI_INDIA,sanctions,1,1.0,0.0,125,0.0,1.0,124,False,False,
2022-03-03,MSCI_INDIA,sanctions,7,1.0,0.0,125,0.0,1.0,118,False,False,
2022-03-03,MSCI_INDIA,sanctions,14,1.0,0.0,125,0.0,1.0,111,False,False,
2022-03-03,MSCI_INDIA,sanctions,30,1.0,0.0,125,0.0,1.0,95,False,False,
2022-03-03,MSCI_INDIA,sanctions,60,1.0,0.0,125,0.0,1.0,65,False,False,
2022-03-03,MSCI_INDIA,inflation,1,1.0,0.0,125,0.0,1.0,124,False,False,
2022-03-03,MSCI_INDIA,inflation,7,1.0,0.0,125,0.0,1.0,118,False,False,
2022-03-03,MSCI_INDIA,inflation,14,1.0,0.0,125,0.0,1.0,111,False,False,
2022-03-03,MSCI_INDIA,inflation,30,1.0,0.0,125,0.0,1.0,95,False,False,
2022-03-03,MSCI_INDIA,inflation,60,1.0,0.0,125,0.0,1.0,65,False,False,
2022-03-03,MSCI_INDIA,banking,1,1.0,0.0,125,0.0,1.0,124,False,False,
2022-03-03,MSCI_INDIA,banking,7,1.0,0.0,125,0.0,1.0,118,False,False,
2022-03-03,MSCI_INDIA,banking,14,1.0,0.0,125,0.0,1.0,111,False,False,
2022-03-03,MSCI_INDIA,banking,30,1.0,0.0,125,0.0,1.0,95,False,False,
2022-03-03,MSCI_INDIA,banking,60,1.0,0.0,125,0.0,1.0,65,False,False,
2022-03-03,MSCI_INDIA,gold,1,1.0,0.0,125,0.0,1.0,124,False,False,
2022-03-03,MSCI_INDIA,gold,7,1.0,0.0,125,0.0,1.0,118,False,False,
2022-03-03,MSCI_INDIA,gold,14,1.0,0.0,125,0.0,1.0,111,False,False,
2022-03-03,MSCI_INDIA,gold,30,1.0,0.0,125,0.0,1.0,95,False,False,
2022-03-03,MSCI_INDIA,gold,60,1.0,0.0,125,0.0,1.0,65,False,False,
2022-03-06,USD_RUB,oil,1,1.0,0.0,125,0.0,1.0,124,False,False,
2022-03-06,USD_RUB,oil,7,1.0,0.0,125,0.0,1.0,118,False,False,
2022-03-06,USD_RUB,oil,14,1.0,0.0,125,0.0,1.0,111,False,False,
2022-03-06,USD_RUB,oil,30,1.0,0.0,125,0.0,1.0,95,False,False,
2022-03-06,USD_RUB,oil,60,1.0,0.0,125,0.0,1.0,65,False,False,
2022-03-06,USD_RUB,rate,1,1.0,0.0,125,0.0,1.0,124,False,False,
2022-03-06,USD_RUB,rate,7,1.0,0.0,125,0.0,1.0,118,False,False,
2022-03-06,USD_RUB,rate,14,1.0,0.0,125,0.0,1.0,111,False,False,
2022-03-06,USD_RUB,rate,30,1.0,0.0,125,0.0,1.0,95,False,False,
2022-03-06,USD_RUB,rate,60,1.0,0.0,125,0.0,1.0,65,False,False,
2022-03-06,USD_RUB,ruble,1,1.0,0.0,125,0.0,1.0,124,False,False,
2022-03-06,USD_RUB,ruble,7,1.0,0.0,125,0.0,1.0,118,False,False,
2022-03-06,USD_RUB,ruble,14,1.0,0.0,125,0.0,1.0,111,False,False,
2022-03-06,USD_RUB,ruble,30,1.0,0.0,125,0.0,1.0,95,False,False,
2022-03-06,USD_RUB,ruble,60,1.0,0.0,125,0.0,1.0,65,False,False,
2022-03-06,USD_RUB,sanctions,1,1.0,0.0,125,0.0,1.0,124,False,False,
2022-03-06,USD_RUB,sanctions,7,1.0,0.0,125,0.0,1.0,118,False,False,
2022-03-06,USD_RUB,sanctions,14,1.0,0.0,125,0.0,1.0,111,False,False,
2022-03-06,USD_RUB,sanctions,30,1.0,0.0,125,0.0,1.0,95,False,False,
2022-03-06,USD_RUB,sanctions,60,1.0,0.0,125,0.0,1.0,65,False,False,
2022-03-06,USD_RUB,inflation,1,1.0,0.0,125,0.0,1.0,124,False,False,
2022-03-06,USD_RUB,inflation,7,1.0,0.0,125,0.0,1.0,118,False,False,
2022-03-06,USD_RUB,inflation,14,1.0,0.0,125,0.0,1.0,111,False,False,
2022-03-06,USD_RUB,inflation,30,1.0,0.0,125,0.0,1.0,95,False,False,
2022-03-06,USD_RUB,inflation,60,1.0,0.0,125,0.0,1.0,65,False,False,
2022-03-06,USD_RUB,banking,1,1.0,0.0,125,0.0,1.0,124,False,False,
2022-03-06,USD_RUB,banking,7,1.0,0.0,125,0.0,1.0,118,False,False,
2022-03-06,USD_RUB,banking,14,1.0,0.0,125,0.0,1.0,111,False,False,
2022-03-06,USD_RUB,banking,30,1.0,0.0,125,0.0,1.0,95,False,False,
2022-03-06,USD_RUB,banking,60,1.0,0.0,125,0.0,1.0,65,False,False,
2022-03-06,USD_RUB,gold,1,1.0,0.0,125,0.0,1.0,124,False,False,
2022-03-06,USD_RUB,gold,7,1.0,0.0,125,0.0,1.0,118,False,False,
2022-03-06,USD_RUB,gold,14,1.0,0.0,125,0.0,1.0,111,False,False,
2022-03-06,USD_RUB,gold,30,1.0,0.0,125,0.0,1.0,95,False,False,
2022-03-06,USD_RUB,gold,60,1.0,0.0,125,0.0,1.0,65,False,False,
2022-03-06,EUR_RUB,oil,1,1.0,0.0,125,0.0,1.0,124,False,False,
2022-03-06,EUR_RUB,oil,7,1.0,0.0,125,0.0,1.0,118,False,False,
2022-03-06,EUR_RUB,oil,14,1.0,0.0,125,0.0,1.0,111,False,False,
2022-03-06,EUR_RUB,oil,30,1.0,0.0,125,0.0,1.0,95,False,False,
2022-03-06,EUR_RUB,oil,60,1.0,0.0,125,0.0,1.0,65,False,False,
2022-03-06,EUR_RUB,rate,1,1.0,0.0,125,0.0,1.0,124,False,False,
2022-03-06,EUR_RUB,rate,7,1.0,0.0,125,0.0,1.0,118,False,False,
2022-03-06,EUR_RUB,rate,14,1.0,0.0,125,0.0,1.0,111,False,False,
2022-03-06,EUR_RUB,rate,30,1.0,0.0,125,0.0,1.0,95,False,False,
2022-03-06,EUR_RUB,rate,60,1.0,0.0,125,0.0,1.0,65,False,False,
2022-03-06,EUR_RUB,ruble,1,1.0,0.0,125,0.0,1.0,124,False,False,
2022-03-06,EUR_RUB,ruble,7,1.0,0.0,125,0.0,1.0,118,False,False,
2022-03-06,EUR_RUB,ruble,14,1.0,0.0,125,0.0,1.0,111,False,False,
2022-03-06,EUR_RUB,ruble,30,1.0,0.0,125,0.0,1.0,95,False,False,
2022-03-06,EUR_RUB,ruble,60,1.0,0.0,125,0.0,1.0,65,False,False,
2022-03-06,EUR_RUB,sanctions,1,1.0,0.0,125,0.0,1.0,124,False,False,
2022-03-06,EUR_RUB,sanctions,7,1.0,0.0,125,0.0,1.0,118,False,False,
2022-03-06,EUR_RUB,sanctions,14,1.0,0.0,125,0.0,1.0,111,False,False,
2022-03-06,EUR_RUB,sanctions,30,1.0,0.0,125,0.0,1.0,95,False,False,
2022-03-06,EUR_RUB,sanctions,60,1.0,0.0,125,0.0,1.0,65,False,False,
2022-03-06,EUR_RUB,inflation,1,1.0,0.0,125,0.0,1.0,124,False,False,
2022-03-06,EUR_RUB,inflation,7,1.0,0.0,125,0.0,1.0,118,False,False,
2022-03-06,EUR_RUB,inflation,14,1.0,0.0,125,0.0,1.0,111,False,False,
2022-03-06,EUR_RUB,inflation,30,1.0,0.0,125,0.0,1.0,95,False,False,
2022-03-06,EUR_RUB,inflation,60,1.0,0.0,125,0.0,1.0,65,False,False,
2022-03-06,EUR_RUB,banking,1,1.0,0.0,125,0.0,1.0,124,False,False,
2022-03-06,EUR_RUB,banking,7,1.0,0.0,125,0.0,1.0,118,False,False,
2022-03-06,EUR_RUB,banking,14,1.0,0.0,125,0.0,1.0,111,False,False,
2022-03-06,EUR_RUB,banking,30,1.0,0.0,125,0.0,1.0,95,False,False,
2022-03-06,EUR_RUB,banking,60,1.0,0.0,125,0.0,1.0,65,False,False,
2022-03-06,EUR_RUB,gold,1,1.0,0.0,125,0.0,1.0,124,False,False,
2022-03-06,EUR_RUB,gold,7,1.0,0.0,125,0.0,1.0,118,False,False,
2022-03-06,EUR_RUB,gold,14,1.0,0.0,125,0.0,1.0,111,False,False,
2022-03-06,EUR_RUB,gold,30,1.0,0.0,125,0.0,1.0,95,False,False,
2022-03-06,EUR_RUB,gold,60,1.0,0.0,125,0.0,1.0,65,False,False,
2022-03-06,BRENT,oil,1,1.0,0.0,125,0.0,1.0,124,False,False,
2022-03-06,BRENT,oil,7,1.0,0.0,125,0.0,1.0,118,False,False,
2022-03-06,BRENT,oil,14,1.0,0.0,125,0.0,1.0,111,False,False,
2022-03-06,BRENT,oil,30,1.0,0.0,125,0.0,1.0,95,False,False,
2022-03-06,BRENT,oil,60,1.0,0.0,125,0.0,1.0,65,False,False,
2022-03-06,BRENT,rate,1,1.0,0.0,125,0.0,1.0,124,False,False,
2022-03-06,BRENT,rate,7,1.0,0.0,125,0.0,1.0,118,False,False,
2022-03-06,BRENT,rate,14,1.0,0.0,125,0.0,1.0,111,False,False,
2022-03-06,BRENT,rate,30,1.0,0.0,125,0.0,1.0,95,False,False,
2022-03-06,BRENT,rate,60,1.0,0.0,125,0.0,1.0,65,False,False,
2022-03-06,BRENT,ruble,1,1.0,0.0,125,0.0,1.0,124,False,False,
2022-03-06,BRENT,ruble,7,1.0,0.0,125,0.0,1.0,118,False,False,
2022-03-06,BRENT,ruble,14,1.0,0.0,125,0.0,1.0,111,False,False,
2022-03-06,BRENT,ruble,30,1.0,0.0,125,0.0,1.0,95,False,False,
2022-03-06,BRENT,ruble,60,1.0,0.0,125,0.0,1.0,65,False,False,
2022-03-06,BRENT,sanctions,1,1.0,0.0,125,0.0,1.0,124,False,False,
2022-03-06,BRENT,sanctions,7,1.0,0.0,125,0.0,1.0,118,False,False,
2022-03-06,BRENT,sanctions,14,1.0,0.0,125,0.0,1.0,111,False,False,
2022-03-06,BRENT,sanctions,30,1.0,0.0,125,0.0,1.0,95,False,False,
2022-03-06,BRENT,sanctions,60,1.0,0.0,125,0.0,1.0,65,False,False,
2022-03-06,BRENT,inflation,1,1.0,0.0,125,0.0,1.0,124,False,False,
2022-03-06,BRENT,inflation,7,1.0,0.0,125,0.0,1.0,118,False,False,
2022-03-06,BRENT,inflation,14,1.0,0.0,125,0.0,1.0,111,False,False,
2022-03-06,BRENT,inflation,30,1.0,0.0,125,0.0,1.0,95,False,False,
2022-03-06,BRENT,inflation,60,1.0,0.0,125,0.0,1.0,65,False,False,
2022-03-06,BRENT,banking,1,1.0,0.0,125,0.0,1.0,124,False,False,
2022-03-06,BRENT,banking,7,1.0,0.0,125,0.0,1.0,118,False,False,
2022-03-06,BRENT,banking,14,1.0,0.0,125,0.0,1.0,111,False,False,
2022-03-06,BRENT,banking,30,1.0,0.0,125,0.0,1.0,95,False,False,
2022-03-06,BRENT,banking,60,1.0,0.0,125,0.0,1.0,65,False,False,
2022-03-06,BRENT,gold,1,1.0,0.0,125,0.0,1.0,124,False,False,
2022-03-06,BRENT,gold,7,1.0,0.0,125,0.0,1.0,118,False,False,
2022-03-06,BRENT,gold,14,1.0,0.0,125,0.0,1.0,111,False,False,
2022-03-06,BRENT,gold,30,1.0,0.0,125,0.0,1.0,95,False,False,
2022-03-06,BRENT,gold,60,1.0,0.0,125,0.0,1.0,65,False,False,
2022-03-06,SP500,oil,1,1.0,0.0,125,0.0,1.0,124,False,False,
2022-03-06,SP500,oil,7,1.0,0.0,125,0.0,1.0,118,False,False,
2022-03-06,SP500,oil,14,1.0,0.0,125,0.0,1.0,111,False,False,
2022-03-06,SP500,oil,30,1.0,0.0,125,0.0,1.0,95,False,False,
2022-03-06,SP500,oil,60,1.0,0.0,125,0.0,1.0,65,False,False,
2022-03-06,SP500,rate,1,1.0,0.0,125,0.0,1.0,124,False,False,
2022-03-06,SP500,rate,7,1.0,0.0,125,0.0,1.0,118,False,False,
2022-03-06,SP500,rate,14,1.0,0.0,125,0.0,1.0,111,False,False,
2022-03-06,SP500,rate,30,1.0,0.0,125,0.0,1.0,95,False,False,
2022-03-06,SP500,rate,60,1.0,0.0,125,0.0,1.0,65,False,False,
2022-03-06,SP500,ruble,1,1.0,0.0,125,0.0,1.0,124,False,False,
2022-03-06,SP500,ruble,7,1.0,0.0,125,0.0,1.0,118,False,False,
2022-03-06,SP500,ruble,14,1.0,0.0,125,0.0,1.0,111,False,False,
2022-03-06,SP500,ruble,30,1.0,0.0,125,0.0,1.0,95,False,False,
2022-03-06,SP500,ruble,60,1.0,0.0,125,0.0,1.0,65,False,False,
2022-03-06,SP500,sanctions,1,1.0,0.0,125,0.0,1.0,124,False,False,
2022-03-06,SP500,sanctions,7,1.0,0.0,125,0.0,1.0,118,False,False,
2022-03-06,SP500,sanctions,14,1.0,0.0,125,0.0,1.0,111,False,False,
2022-03-06,SP500,sanctions,30,1.0,0.0,125,0.0,1.0,95,False,False,
2022-03-06,SP500,sanctions,60,1.0,0.0,125,0.0,1.0,65,False,False,
2022-03-06,SP500,inflation,1,1.0,0.0,125,0.0,1.0,124,False,False,
2022-03-06,SP500,inflation,7,1.0,0.0,125,0.0,1.0,118,False,False,
2022-03-06,SP500,inflation,14,1.0,0.0,125,0.0,1.0,111,False,False,
2022-03-06,SP500,inflation,30,1.0,0.0,125,0.0,1.0,95,False,False,
2022-03-06,SP500,inflation,60,1.0,0.0,125,0.0,1.0,65,False,False,
2022-03-06,SP500,banking,1,1.0,0.0,125,0.0,1.0,124,False,False,
2022-03-06,SP500,banking,7,1.0,0.0,125,0.0,1.0,118,False,False,
2022-03-06,SP500,banking,14,1.0,0.0,125,0.0,1.0,111,False,False,
2022-03-06,SP500,banking,30,1.0,0.0,125,0.0,1.0,95,False,False,
2022-03-06,SP500,banking,60,1.0,0.0,125,0.0,1.0,65,False,False,
2022-03-06,SP500,gold,1,1.0,0.0,125,0.0,1.0,124,False,False,
2022-03-06,SP500,gold,7,1.0,0.0,125,0.0,1.0,118,False,False,
2022-03-06,SP500,gold,14,1.0,0.0,125,0.0,1.0,111,False,False,
2022-03-06,SP500,gold,30,1.0,0.0,125,0.0,1.0,95,False,False,
2022-03-06,SP500,gold,60,1.0,0.0,125,0.0,1.0,65,False,False,
2022-03-06,MSCI_WORLD,oil,1,1.0,0.0,125,0.0,1.0,124,False,False,
2022-03-06,MSCI_WORLD,oil,7,1.0,0.0,125,0.0,1.0,118,False,False,
2022-03-06,MSCI_WORLD,oil,14,1.0,0.0,125,0.0,1.0,111,False,False,
2022-03-06,MSCI_WORLD,oil,30,1.0,0.0,125,0.0,1.0,95,False,False,
2022-03-06,MSCI_WORLD,oil,60,1.0,0.0,125,0.0,1.0,65,False,False,
2022-03-06,MSCI_WORLD,rate,1,1.0,0.0,125,0.0,1.0,124,False,False,
2022-03-06,MSCI_WORLD,rate,7,1.0,0.0,125,0.0,1.0,118,False,False,
2022-03-06,MSCI_WORLD,rate,14,1.0,0.0,125,0.0,1.0,111,False,False,
2022-03-06,MSCI_WORLD,rate,30,1.0,0.0,125,0.0,1.0,95,False,False,
2022-03-06,MSCI_WORLD,rate,60,1.0,0.0,125,0.0,1.0,65,False,False,
2022-03-06,MSCI_WORLD,ruble,1,1.0,0.0,125,0.0,1.0,124,False,False,
2022-03-06,MSCI_WORLD,ruble,7,1.0,0.0,125,0.0,1.0,118,False,False,
2022-03-06,MSCI_WORLD,ruble,14,1.0,0.0,125,0.0,1.0,111,False,False,
2022-03-06,MSCI_WORLD,ruble,30,1.0,0.0,125,0.0,1.0,95,False,False,
2022-03-06,MSCI_WORLD,ruble,60,1.0,0.0,125,0.0,1.0,65,False,False,
2022-03-06,MSCI_WORLD,sanctions,1,1.0,0.0,125,0.0,1.0,124,False,False,
2022-03-06,MSCI_WORLD,sanctions,7,1.0,0.0,125,0.0,1.0,118,False,False,
2022-03-06,MSCI_WORLD,sanctions,14,1.0,0.0,125,0.0,1.0,111,False,False,
2022-03-06,MSCI_WORLD,sanctions,30,1.0,0.0,125,0.0,1.0,95,False,False,
2022-03-06,MSCI_WORLD,sanctions,60,1.0,0.0,125,0.0,1.0,65,False,False,
2022-03-06,MSCI_WORLD,inflation,1,1.0,0.0,125,0.0,1.0,124,False,False,
2022-03-06,MSCI_WORLD,inflation,7,1.0,0.0,125,0.0,1.0,118,False,False,
2022-03-06,MSCI_WORLD,inflation,14,1.0,0.0,125,0.0,1.0,111,False,False,
2022-03-06,MSCI_WORLD,inflation,30,1.0,0.0,125,0.0,1.0,95,False,False,
2022-03-06,MSCI_WORLD,inflation,60,1.0,0.0,125,0.0,1.0,65,False,False,
2022-03-06,MSCI_WORLD,banking,1,1.0,0.0,125,0.0,1.0,124,False,False,
2022-03-06,MSCI_WORLD,banking,7,1.0,0.0,125,0.0,1.0,118,False,False,
2022-03-06,MSCI_WORLD,banking,14,1.0,0.0,125,0.0,1.0,111,False,False,
2022-03-06,MSCI_WORLD,banking,30,1.0,0.0,125,0.0,1.0,95,False,False,
2022-03-06,MSCI_WORLD,banking,60,1.0,0.0,125,0.0,1.0,65,False,False,
2022-03-06,MSCI_WORLD,gold,1,1.0,0.0,125,0.0,1.0,124,False,False,
2022-03-06,MSCI_WORLD,gold,7,1.0,0.0,125,0.0,1.0,118,False,False,
2022-03-06,MSCI_WORLD,gold,14,1.0,0.0,125,0.0,1.0,111,False,False,
2022-03-06,MSCI_WORLD,gold,30,1.0,0.0,125,0.0,1.0,95,False,False,
2022-03-06,MSCI_WORLD,gold,60,1.0,0.0,125,0.0,1.0,65,False,False,
2022-03-06,DXY,oil,1,1.0,0.0,125,0.0,1.0,124,False,False,
2022-03-06,DXY,oil,7,1.0,0.0,125,0.0,1.0,118,False,False,
2022-03-06,DXY,oil,14,1.0,0.0,125,0.0,1.0,111,False,False,
2022-03-06,DXY,oil,30,1.0,0.0,125,0.0,1.0,95,False,False,
2022-03-06,DXY,oil,60,1.0,0.0,125,0.0,1.0,65,False,False,
2022-03-06,DXY,rate,1,1.0,0.0,125,0.0,1.0,124,False,False,
2022-03-06,DXY,rate,7,1.0,0.0,125,0.0,1.0,118,False,False,
2022-03-06,DXY,rate,14,1.0,0.0,125,0.0,1.0,111,False,False,
2022-03-06,DXY,rate,30,1.0,0.0,125,0.0,1.0,95,False,False,
2022-03-06,DXY,rate,60,1.0,0.0,125,0.0,1.0,65,False,False,
2022-03-06,DXY,ruble,1,1.0,0.0,125,0.0,1.0,124,False,False,
2022-03-06,DXY,ruble,7,1.0,0.0,125,0.0,1.0,118,False,False,
2022-03-06,DXY,ruble,14,1.0,0.0,125,0.0,1.0,111,False,False,
2022-03-06,DXY,ruble,30,1.0,0.0,125,0.0,1.0,95,False,False,
2022-03-06,DXY,ruble,60,1.0,0.0,125,0.0,1.0,65,False,False,
2022-03-06,DXY,sanctions,1,1.0,0.0,125,0.0,1.0,124,False,False,
2022-03-06,DXY,sanctions,7,1.0,0.0,125,0.0,1.0,118,False,False,
2022-03-06,DXY,sanctions,14,1.0,0.0,125,0.0,1.0,111,False,False,
2022-03-06,DXY,sanctions,30,1.0,0.0,125,0.0,1.0,95,False,False,
2022-03-06,DXY,sanctions,60,1.0,0.0,125,0.0,1.0,65,False,False,
2022-03-06,DXY,inflation,1,1.0,0.0,125,0.0,1.0,124,False,False,
2022-03-06,DXY,inflation,7,1.0,0.0,125,0.0,1.0,118,False,False,
2022-03-06,DXY,inflation,14,1.0,0.0,125,0.0,1.0,111,False,False,
2022-03-06,DXY,inflation,30,1.0,0.0,125,0.0,1.0,95,False,False,
2022-03-06,DXY,inflation,60,1.0,0.0,125,0.0,1.0,65,False,False,
2022-03-06,DXY,banking,1,1.0,0.0,125,0.0,1.0,124,False,False,
2022-03-06,DXY,banking,7,1.0,0.0,125,0.0,1.0,118,False,False,
2022-03-06,DXY,banking,14,1.0,0.0,125,0.0,1.0,111,False,False,
2022-03-06,DXY,banking,30,1.0,0.0,125,0.0,1.0,95,False,False,
2022-03-06,DXY,banking,60,1.0,0.0,125,0.0,1.0,65,False,False,
2022-03-06,DXY,gold,1,1.0,0.0,125,0.0,1.0,124,False,False,
2022-03-06,DXY,gold,7,1.0,0.0,125,0.0,1.0,118,False,False,
2022-03-06,DXY,gold,14,1.0,0.0,125,0.0,1.0,111,False,False,
2022-03-06,DXY,gold,30,1.0,0.0,125,0.0,1.0,95,False,False,
2022-03-06,DXY,gold,60,1.0,0.0,125,0.0,1.0,65,False,False,
2022-03-06,MSCI_INDIA,oil,1,1.0,0.0,125,0.0,1.0,124,False,False,
2022-03-06,MSCI_INDIA,oil,7,1.0,0.0,125,0.0,1.0,118,False,False,
2022-03-06,MSCI_INDIA,oil,14,1.0,0.0,125,0.0,1.0,111,False,False,
2022-03-06,MSCI_INDIA,oil,30,1.0,0.0,125,0.0,1.0,95,False,False,
2022-03-06,MSCI_INDIA,oil,60,1.0,0.0,125,0.0,1.0,65,False,False,
2022-03-06,MSCI_INDIA,rate,1,1.0,0.0,125,0.0,1.0,124,False,False,
2022-03-06,MSCI_INDIA,rate,7,1.0,0.0,125,0.0,1.0,118,False,False,
2022-03-06,MSCI_INDIA,rate,14,1.0,0.0,125,0.0,1.0,111,False,False,
2022-03-06,MSCI_INDIA,rate,30,1.0,0.0,125,0.0,1.0,95,False,False,
2022-03-06,MSCI_INDIA,rate,60,1.0,0.0,125,0.0,1.0,65,False,False,
2022-03-06,MSCI_INDIA,ruble,1,1.0,0.0,125,0.0,1.0,124,False,False,
2022-03-06,MSCI_INDIA,ruble,7,1.0,0.0,125,0.0,1.0,118,False,False,
2022-03-06,MSCI_INDIA,ruble,14,1.0,0.0,125,0.0,1.0,111,False,False,
2022-03-06,MSCI_INDIA,ruble,30,1.0,0.0,125,0.0,1.0,95,False,False,
2022-03-06,MSCI_INDIA,ruble,60,1.0,0.0,125,0.0,1.0,65,False,False,
2022-03-06,MSCI_INDIA,sanctions,1,1.0,0.0,125,0.0,1.0,124,False,False,
2022-03-06,MSCI_INDIA,sanctions,7,1.0,0.0,125,0.0,1.0,118,False,False,
2022-03-06,MSCI_INDIA,sanctions,14,1.0,0.0,125,0.0,1.0,111,False,False,
2022-03-06,MSCI_INDIA,sanctions,30,1.0,0.0,125,0.0,1.0,95,False,False,
2022-03-06,MSCI_INDIA,sanctions,60,1.0,0.0,125,0.0,1.0,65,False,False,
2022-03-06,MSCI_INDIA,inflation,1,1.0,0.0,125,0.0,1.0,124,False,False,
2022-03-06,MSCI_INDIA,inflation,7,1.0,0.0,125,0.0,1.0,118,False,False,
2022-03-06,MSCI_INDIA,inflation,14,1.0,0.0,125,0.0,1.0,111,False,False,
2022-03-06,MSCI_INDIA,inflation,30,1.0,0.0,125,0.0,1.0,95,False,False,
2022-03-06,MSCI_INDIA,inflation,60,1.0,0.0,125,0.0,1.0,65,False,False,
2022-03-06,MSCI_INDIA,banking,1,1.0,0.0,125,0.0,1.0,124,False,False,
2022-03-06,MSCI_INDIA,banking,7,1.0,0.0,125,0.0,1.0,118,False,False,
2022-03-06,MSCI_INDIA,banking,14,1.0,0.0,125,0.0,1.0,111,False,False,
2022-03-06,MSCI_INDIA,banking,30,1.0,0.0,125,0.0,1.0,95,False,False,
2022-03-06,MSCI_INDIA,banking,60,1.0,0.0,125,0.0,1.0,65,False,False,
2022-03-06,MSCI_INDIA,gold,1,1.0,0.0,125,0.0,1.0,124,False,False,
2022-03-06,MSCI_INDIA,gold,7,1.0,0.0,125,0.0,1.0,118,False,False,
2022-03-06,MSCI_INDIA,gold,14,1.0,0.0,125,0.0,1.0,111,False,False,
2022-03-06,MSCI_INDIA,gold,30,1.0,0.0,125,0.0,1.0,95,False,False,
2022-03-06,MSCI_INDIA,gold,60,1.0,0.0,125,0.0,1.0,65,False,False,
2022-03-09,USD_RUB,oil,1,1.0,0.0,125,0.0,1.0,124,False,False,
2022-03-09,USD_RUB,oil,7,1.0,0.0,125,0.0,1.0,118,False,False,
2022-03-09,USD_RUB,oil,14,1.0,0.0,125,0.0,1.0,111,False,False,
2022-03-09,USD_RUB,oil,30,1.0,0.0,125,0.0,1.0,95,False,False,
2022-03-09,USD_RUB,oil,60,1.0,0.0,125,0.0,1.0,65,False,False,
2022-03-09,USD_RUB,rate,1,1.0,0.0,125,0.0,1.0,124,False,False,
2022-03-09,USD_RUB,rate,7,1.0,0.0,125,0.0,1.0,118,False,False,
2022-03-09,USD_RUB,rate,14,1.0,0.0,125,0.0,1.0,111,False,False,
2022-03-09,USD_RUB,rate,30,1.0,0.0,125,0.0,1.0,95,False,False,
2022-03-09,USD_RUB,rate,60,1.0,0.0,125,0.0,1.0,65,False,False,
2022-03-09,USD_RUB,ruble,1,1.0,0.0,125,0.0,1.0,124,False,False,
2022-03-09,USD_RUB,ruble,7,1.0,0.0,125,0.0,1.0,118,False,False,
2022-03-09,USD_RUB,ruble,14,1.0,0.0,125,0.0,1.0,111,False,False,
2022-03-09,USD_RUB,ruble,30,1.0,0.0,125,0.0,1.0,95,False,False,
2022-03-09,USD_RUB,ruble,60,1.0,0.0,125,0.0,1.0,65,False,False,
2022-03-09,USD_RUB,sanctions,1,1.0,0.0,125,0.0,1.0,124,False,False,
2022-03-09,USD_RUB,sanctions,7,1.0,0.0,125,0.0,1.0,118,False,False,
2022-03-09,USD_RUB,sanctions,14,1.0,0.0,125,0.0,1.0,111,False,False,
2022-03-09,USD_RUB,sanctions,30,1.0,0.0,125,0.0,1.0,95,False,False,
2022-03-09,USD_RUB,sanctions,60,1.0,0.0,125,0.0,1.0,65,False,False,
2022-03-09,USD_RUB,inflation,1,1.0,0.0,125,0.0,1.0,124,False,False,
2022-03-09,USD_RUB,inflation,7,1.0,0.0,125,0.0,1.0,118,False,False,
2022-03-09,USD_RUB,inflation,14,1.0,0.0,125,0.0,1.0,111,False,False,
2022-03-09,USD_RUB,inflation,30,1.0,0.0,125,0.0,1.0,95,False,False,
2022-03-09,USD_RUB,inflation,60,1.0,0.0,125,0.0,1.0,65,False,False,
2022-03-09,USD_RUB,banking,1,1.0,0.0,125,0.0,1.0,124,False,False,
2022-03-09,USD_RUB,banking,7,1.0,0.0,125,0.0,1.0,118,False,False,
2022-03-09,USD_RUB,banking,14,1.0,0.0,125,0.0,1.0,111,False,False,
2022-03-09,USD_RUB,banking,30,1.0,0.0,125,0.0,1.0,95,False,False,
2022-03-09,USD_RUB,banking,60,1.0,0.0,125,0.0,1.0,65,False,False,
2022-03-09,USD_RUB,gold,1,1.0,0.0,125,0.0,1.0,124,False,False,
2022-03-09,USD_RUB,gold,7,1.0,0.0,125,0.0,1.0,118,False,False,
2022-03-09,USD_RUB,gold,14,1.0,0.0,125,0.0,1.0,111,False,False,
2022-03-09,USD_RUB,gold,30,1.0,0.0,125,0.0,1.0,95,False,False,
2022-03-09,USD_RUB,gold,60,1.0,0.0,125,0.0,1.0,65,False,False,
2022-03-09,EUR_RUB,oil,1,1.0,0.0,125,0.0,1.0,124,False,False,
2022-03-09,EUR_RUB,oil,7,1.0,0.0,125,0.0,1.0,118,False,False,
2022-03-09,EUR_RUB,oil,14,1.0,0.0,125,0.0,1.0,111,False,False,
2022-03-09,EUR_RUB,oil,30,1.0,0.0,125,0.0,1.0,95,False,False,
2022-03-09,EUR_RUB,oil,60,1.0,0.0,125,0.0,1.0,65,False,False,
2022-03-09,EUR_RUB,rate,1,1.0,0.0,125,0.0,1.0,124,False,False,
2022-03-09,EUR_RUB,rate,7,1.0,0.0,125,0.0,1.0,118,False,False,
2022-03-09,EUR_RUB,rate,14,1.0,0.0,125,0.0,1.0,111,False,False,
2022-03-09,EUR_RUB,rate,30,1.0,0.0,125,0.0,1.0,95,False,False,
2022-03-09,EUR_RUB,rate,60,1.0,0.0,125,0.0,1.0,65,False,False,
2022-03-09,EUR_RUB,ruble,1,1.0,0.0,125,0.0,1.0,124,False,False,
2022-03-09,EUR_RUB,ruble,7,1.0,0.0,125,0.0,1.0,118,False,False,
2022-03-09,EUR_RUB,ruble,14,1.0,0.0,125,0.0,1.0,111,False,False,
2022-03-09,EUR_RUB,ruble,30,1.0,0.0,125,0.0,1.0,95,False,False,
2022-03-09,EUR_RUB,ruble,60,1.0,0.0,125,0.0,1.0,65,False,False,
2022-03-09,EUR_RUB,sanctions,1,1.0,0.0,125,0.0,1.0,124,False,False,
2022-03-09,EUR_RUB,sanctions,7,1.0,0.0,125,0.0,1.0,118,False,False,
2022-03-09,EUR_RUB,sanctions,14,1.0,0.0,125,0.0,1.0,111,False,False,
2022-03-09,EUR_RUB,sanctions,30,1.0,0.0,125,0.0,1.0,95,False,False,
2022-03-09,EUR_RUB,sanctions,60,1.0,0.0,125,0.0,1.0,65,False,False,
2022-03-09,EUR_RUB,inflation,1,1.0,0.0,125,0.0,1.0,124,False,False,
2022-03-09,EUR_RUB,inflation,7,1.0,0.0,125,0.0,1.0,118,False,False,
2022-03-09,EUR_RUB,inflation,14,1.0,0.0,125,0.0,1.0,111,False,False,
2022-03-09,EUR_RUB,inflation,30,1.0,0.0,125,0.0,1.0,95,False,False,
2022-03-09,EUR_RUB,inflation,60,1.0,0.0,125,0.0,1.0,65,False,False,
2022-03-09,EUR_RUB,banking,1,1.0,0.0,125,0.0,1.0,124,False,False,
2022-03-09,EUR_RUB,banking,7,1.0,0.0,125,0.0,1.0,118,False,False,
2022-03-09,EUR_RUB,banking,14,1.0,0.0,125,0.0,1.0,111,False,False,
2022-03-09,EUR_RUB,banking,30,1.0,0.0,125,0.0,1.0,95,False,False,
2022-03-09,EUR_RUB,banking,60,1.0,0.0,125,0.0,1.0,65,False,False,
2022-03-09,EUR_RUB,gold,1,1.0,0.0,125,0.0,1.0,124,False,False,
2022-03-09,EUR_RUB,gold,7,1.0,0.0,125,0.0,1.0,118,False,False,
2022-03-09,EUR_RUB,gold,14,1.0,0.0,125,0.0,1.0,111,False,False,
2022-03-09,EUR_RUB,gold,30,1.0,0.0,125,0.0,1.0,95,False,False,
2022-03-09,EUR_RUB,gold,60,1.0,0.0,125,0.0,1.0,65,False,False,
2022-03-09,BRENT,oil,1,1.0,0.0,125,0.0,1.0,124,False,False,
2022-03-09,BRENT,oil,7,1.0,0.0,125,0.0,1.0,118,False,False,
2022-03-09,BRENT,oil,14,1.0,0.0,125,0.0,1.0,111,False,False,
2022-03-09,BRENT,oil,30,1.0,0.0,125,0.0,1.0,95,False,False,
2022-03-09,BRENT,oil,60,1.0,0.0,125,0.0,1.0,65,False,False,
2022-03-09,BRENT,rate,1,1.0,0.0,125,0.0,1.0,124,False,False,
2022-03-09,BRENT,rate,7,1.0,0.0,125,0.0,1.0,118,False,False,
2022-03-09,BRENT,rate,14,1.0,0.0,125,0.0,1.0,111,False,False,
2022-03-09,BRENT,rate,30,1.0,0.0,125,0.0,1.0,95,False,False,
2022-03-09,BRENT,rate,60,1.0,0.0,125,0.0,1.0,65,False,False,
2022-03-09,BRENT,ruble,1,1.0,0.0,125,0.0,1.0,124,False,False,
2022-03-09,BRENT,ruble,7,1.0,0.0,125,0.0,1.0,118,False,False,
2022-03-09,BRENT,ruble,14,1.0,0.0,125,0.0,1.0,111,False,False,
2022-03-09,BRENT,ruble,30,1.0,0.0,125,0.0,1.0,95,False,False,
2022-03-09,BRENT,ruble,60,1.0,0.0,125,0.0,1.0,65,False,False,
2022-03-09,BRENT,sanctions,1,1.0,0.0,125,0.0,1.0,124,False,False,
2022-03-09,BRENT,sanctions,7,1.0,0.0,125,0.0,1.0,118,False,False,
2022-03-09,BRENT,sanctions,14,1.0,0.0,125,0.0,1.0,111,False,False,
2022-03-09,BRENT,sanctions,30,1.0,0.0,125,0.0,1.0,95,False,False,
2022-03-09,BRENT,sanctions,60,1.0,0.0,125,0.0,1.0,65,False,False,
2022-03-09,BRENT,inflation,1,1.0,0.0,125,0.0,1.0,124,False,False,
2022-03-09,BRENT,inflation,7,1.0,0.0,125,0.0,1.0,118,False,False,
2022-03-09,BRENT,inflation,14,1.0,0.0,125,0.0,1.0,111,False,False,
2022-03-09,BRENT,inflation,30,1.0,0.0,125,0.0,1.0,95,False,False,
2022-03-09,BRENT,inflation,60,1.0,0.0,125,0.0,1.0,65,False,False,
2022-03-09,BRENT,banking,1,1.0,0.0,125,0.0,1.0,124,False,False,
2022-03-09,BRENT,banking,7,1.0,0.0,125,0.0,1.0,118,False,False,
2022-03-09,BRENT,banking,14,1.0,0.0,125,0.0,1.0,111,False,False,
2022-03-09,BRENT,banking,30,1.0,0.0,125,0.0,1.0,95,False,False,
2022-03-09,BRENT,banking,60,1.0,0.0,125,0.0,1.0,65,False,False,
2022-03-09,BRENT,gold,1,1.0,0.0,125,0.0,1.0,124,False,False,
2022-03-09,BRENT,gold,7,1.0,0.0,125,0.0,1.0,118,False,False,
2022-03-09,BRENT,gold,14,1.0,0.0,125,0.0,1.0,111,False,False,
2022-03-09,BRENT,gold,30,1.0,0.0,125,0.0,1.0,95,False,False,
2022-03-09,BRENT,gold,60,1.0,0.0,125,0.0,1.0,65,False,False,
2022-03-09,SP500,oil,1,1.0,0.0,125,0.0,1.0,124,False,False,
2022-03-09,SP500,oil,7,1.0,0.0,125,0.0,1.0,118,False,False,
2022-03-09,SP500,oil,14,1.0,0.0,125,0.0,1.0,111,False,False,
2022-03-09,SP500,oil,30,1.0,0.0,125,0.0,1.0,95,False,False,
2022-03-09,SP500,oil,60,1.0,0.0,125,0.0,1.0,65,False,False,
2022-03-09,SP500,rate,1,1.0,0.0,125,0.0,1.0,124,False,False,
2022-03-09,SP500,rate,7,1.0,0.0,125,0.0,1.0,118,False,False,
2022-03-09,SP500,rate,14,1.0,0.0,125,0.0,1.0,111,False,False,
2022-03-09,SP500,rate,30,1.0,0.0,125,0.0,1.0,95,False,False,
2022-03-09,SP500,rate,60,1.0,0.0,125,0.0,1.0,65,False,False,
2022-03-09,SP500,ruble,1,1.0,0.0,125,0.0,1.0,124,False,False,
2022-03-09,SP500,ruble,7,1.0,0.0,125,0.0,1.0,118,False,False,
2022-03-09,SP500,ruble,14,1.0,0.0,125,0.0,1.0,111,False,False,
2022-03-09,SP500,ruble,30,1.0,0.0,125,0.0,1.0,95,False,False,
2022-03-09,SP500,ruble,60,1.0,0.0,125,0.0,1.0,65,False,False,
2022-03-09,SP500,sanctions,1,1.0,0.0,125,0.0,1.0,124,False,False,
2022-03-09,SP500,sanctions,7,1.0,0.0,125,0.0,1.0,118,False,False,
2022-03-09,SP500,sanctions,14,1.0,0.0,125,0.0,1.0,111,False,False,
2022-03-09,SP500,sanctions,30,1.0,0.0,125,0.0,1.0,95,False,False,
2022-03-09,SP500,sanctions,60,1.0,0.0,125,0.0,1.0,65,False,False,
2022-03-09,SP500,inflation,1,1.0,0.0,125,0.0,1.0,124,False,False,
2022-03-09,SP500,inflation,7,1.0,0.0,125,0.0,1.0,118,False,False,
2022-03-09,SP500,inflation,14,1.0,0.0,125,0.0,1.0,111,False,False,
2022-03-09,SP500,inflation,30,1.0,0.0,125,0.0,1.0,95,False,False,
2022-03-09,SP500,inflation,60,1.0,0.0,125,0.0,1.0,65,False,False,
2022-03-09,SP500,banking,1,1.0,0.0,125,0.0,1.0,124,False,False,
2022-03-09,SP500,banking,7,1.0,0.0,125,0.0,1.0,118,False,False,
2022-03-09,SP500,banking,14,1.0,0.0,125,0.0,1.0,111,False,False,
2022-03-09,SP500,banking,30,1.0,0.0,125,0.0,1.0,95,False,False,
2022-03-09,SP500,banking,60,1.0,0.0,125,0.0,1.0,65,False,False,
2022-03-09,SP500,gold,1,1.0,0.0,125,0.0,1.0,124,False,False,
2022-03-09,SP500,gold,7,1.0,0.0,125,0.0,1.0,118,False,False,
2022-03-09,SP500,gold,14,1.0,0.0,125,0.0,1.0,111,False,False,
2022-03-09,SP500,gold,30,1.0,0.0,125,0.0,1.0,95,False,False,
2022-03-09,SP500,gold,60,1.0,0.0,125,0.0,1.0,65,False,False,
2022-03-09,MSCI_WORLD,oil,1,1.0,0.0,125,0.0,1.0,124,False,False,
2022-03-09,MSCI_WORLD,oil,7,1.0,0.0,125,0.0,1.0,118,False,False,
2022-03-09,MSCI_WORLD,oil,14,1.0,0.0,125,0.0,1.0,111,False,False,
2022-03-09,MSCI_WORLD,oil,30,1.0,0.0,125,0.0,1.0,95,False,False,
2022-03-09,MSCI_WORLD,oil,60,1.0,0.0,125,0.0,1.0,65,False,False,
2022-03-09,MSCI_WORLD,rate,1,1.0,0.0,125,0.0,1.0,124,False,False,
2022-03-09,MSCI_WORLD,rate,7,1.0,0.0,125,0.0,1.0,118,False,False,
2022-03-09,MSCI_WORLD,rate,14,1.0,0.0,125,0.0,1.0,111,False,False,
2022-03-09,MSCI_WORLD,rate,30,1.0,0.0,125,0.0,1.0,95,False,False,
2022-03-09,MSCI_WORLD,rate,60,1.0,0.0,125,0.0,1.0,65,False,False,
2022-03-09,MSCI_WORLD,ruble,1,1.0,0.0,125,0.0,1.0,124,False,False,
2022-03-09,MSCI_WORLD,ruble,7,1.0,0.0,125,0.0,1.0,118,False,False,
2022-03-09,MSCI_WORLD,ruble,14,1.0,0.0,125,0.0,1.0,111,False,False,
2022-03-09,MSCI_WORLD,ruble,30,1.0,0.0,125,0.0,1.0,95,False,False,
2022-03-09,MSCI_WORLD,ruble,60,1.0,0.0,125,0.0,1.0,65,False,False,
2022-03-09,MSCI_WORLD,sanctions,1,1.0,0.0,125,0.0,1.0,124,False,False,
2022-03-09,MSCI_WORLD,sanctions,7,1.0,0.0,125,0.0,1.0,118,False,False,
2022-03-09,MSCI_WORLD,sanctions,14,1.0,0.0,125,0.0,1.0,111,False,False,
2022-03-09,MSCI_WORLD,sanctions,30,1.0,0.0,125,0.0,1.0,95,False,False,
2022-03-09,MSCI_WORLD,sanctions,60,1.0,0.0,125,0.0,1.0,65,False,False,
2022-03-09,MSCI_WORLD,inflation,1,1.0,0.0,125,0.0,1.0,124,False,False,
2022-03-09,MSCI_WORLD,inflation,7,1.0,0.0,125,0.0,1.0,118,False,False,
2022-03-09,MSCI_WORLD,inflation,14,1.0,0.0,125,0.0,1.0,111,False,False,
2022-03-09,MSCI_WORLD,inflation,30,1.0,0.0,125,0.0,1.0,95,False,False,
2022-03-09,MSCI_WORLD,inflation,60,1.0,0.0,125,0.0,1.0,65,False,False,
2022-03-09,MSCI_WORLD,banking,1,1.0,0.0,125,0.0,1.0,124,False,False,
2022-03-09,MSCI_WORLD,banking,7,1.0,0.0,125,0.0,1.0,118,False,False,
2022-03-09,MSCI_WORLD,banking,14,1.0,0.0,125,0.0,1.0,111,False,False,
2022-03-09,MSCI_WORLD,banking,30,1.0,0.0,125,0.0,1.0,95,False,False,
2022-03-09,MSCI_WORLD,banking,60,1.0,0.0,125,0.0,1.0,65,False,False,
2022-03-09,MSCI_WORLD,gold,1,1.0,0.0,125,0.0,1.0,124,False,False,
2022-03-09,MSCI_WORLD,gold,7,1.0,0.0,125,0.0,1.0,118,False,False,
2022-03-09,MSCI_WORLD,gold,14,1.0,0.0,125,0.0,1.0,111,False,False,
2022-03-09,MSCI_WORLD,gold,30,1.0,0.0,125,0.0,1.0,95,False,False,
2022-03-09,MSCI_WORLD,gold,60,1.0,0.0,125,0.0,1.0,65,False,False,
2022-03-09,DXY,oil,1,1.0,0.0,125,0.0,1.0,124,False,False,
2022-03-09,DXY,oil,7,1.0,0.0,125,0.0,1.0,118,False,False,
2022-03-09,DXY,oil,14,1.0,0.0,125,0.0,1.0,111,False,False,
2022-03-09,DXY,oil,30,1.0,0.0,125,0.0,1.0,95,False,False,
2022-03-09,DXY,oil,60,1.0,0.0,125,0.0,1.0,65,False,False,
2022-03-09,DXY,rate,1,1.0,0.0,125,0.0,1.0,124,False,False,
2022-03-09,DXY,rate,7,1.0,0.0,125,0.0,1.0,118,False,False,
2022-03-09,DXY,rate,14,1.0,0.0,125,0.0,1.0,111,False,False,
2022-03-09,DXY,rate,30,1.0,0.0,125,0.0,1.0,95,False,False,
2022-03-09,DXY,rate,60,1.0,0.0,125,0.0,1.0,65,False,False,
2022-03-09,DXY,ruble,1,1.0,0.0,125,0.0,1.0,124,False,False,
2022-03-09,DXY,ruble,7,1.0,0.0,125,0.0,1.0,118,False,False,
2022-03-09,DXY,ruble,14,1.0,0.0,125,0.0,1.0,111,False,False,
2022-03-09,DXY,ruble,30,1.0,0.0,125,0.0,1.0,95,False,False,
2022-03-09,DXY,ruble,60,1.0,0.0,125,0.0,1.0,65,False,False,
2022-03-09,DXY,sanctions,1,1.0,0.0,125,0.0,1.0,124,False,False,
2022-03-09,DXY,sanctions,7,1.0,0.0,125,0.0,1.0,118,False,False,
2022-03-09,DXY,sanctions,14,1.0,0.0,125,0.0,1.0,111,False,False,
2022-03-09,DXY,sanctions,30,1.0,0.0,125,0.0,1.0,95,False,False,
2022-03-09,DXY,sanctions,60,1.0,0.0,125,0.0,1.0,65,False,False,
2022-03-09,DXY,inflation,1,1.0,0.0,125,0.0,1.0,124,False,False,
2022-03-09,DXY,inflation,7,1.0,0.0,125,0.0,1.0,118,False,False,
2022-03-09,DXY,inflation,14,1.0,0.0,125,0.0,1.0,111,False,False,
2022-03-09,DXY,inflation,30,1.0,0.0,125,0.0,1.0,95,False,False,
2022-03-09,DXY,inflation,60,1.0,0.0,125,0.0,1.0,65,False,False,
2022-03-09,DXY,banking,1,1.0,0.0,125,0.0,1.0,124,False,False,
2022-03-09,DXY,banking,7,1.0,0.0,125,0.0,1.0,118,False,False,
2022-03-09,DXY,banking,14,1.0,0.0,125,0.0,1.0,111,False,False,
2022-03-09,DXY,banking,30,1.0,0.0,125,0.0,1.0,95,False,False,
2022-03-09,DXY,banking,60,1.0,0.0,125,0.0,1.0,65,False,False,
2022-03-09,DXY,gold,1,1.0,0.0,125,0.0,1.0,124,False,False,
2022-03-09,DXY,gold,7,1.0,0.0,125,0.0,1.0,118,False,False,
2022-03-09,DXY,gold,14,1.0,0.0,125,0.0,1.0,111,False,False,
2022-03-09,DXY,gold,30,1.0,0.0,125,0.0,1.0,95,False,False,
2022-03-09,DXY,gold,60,1.0,0.0,125,0.0,1.0,65,False,False,
2022-03-09,MSCI_INDIA,oil,1,1.0,0.0,125,0.0,1.0,124,False,False,
2022-03-09,MSCI_INDIA,oil,7,1.0,0.0,125,0.0,1.0,118,False,False,
2022-03-09,MSCI_INDIA,oil,14,1.0,0.0,125,0.0,1.0,111,False,False,
2022-03-09,MSCI_INDIA,oil,30,1.0,0.0,125,0.0,1.0,95,False,False,
2022-03-09,MSCI_INDIA,oil,60,1.0,0.0,125,0.0,1.0,65,False,False,
2022-03-09,MSCI_INDIA,rate,1,1.0,0.0,125,0.0,1.0,124,False,False,
2022-03-09,MSCI_INDIA,rate,7,1.0,0.0,125,0.0,1.0,118,False,False,
2022-03-09,MSCI_INDIA,rate,14,1.0,0.0,125,0.0,1.0,111,False,False,
2022-03-09,MSCI_INDIA,rate,30,1.0,0.0,125,0.0,1.0,95,False,False,
2022-03-09,MSCI_INDIA,rate,60,1.0,0.0,125,0.0,1.0,65,False,False,
2022-03-09,MSCI_INDIA,ruble,1,1.0,0.0,125,0.0,1.0,124,False,False,
2022-03-09,MSCI_INDIA,ruble,7,1.0,0.0,125,0.0,1.0,118,False,False,
2022-03-09,MSCI_INDIA,ruble,14,1.0,0.0,125,0.0,1.0,111,False,False,
2022-03-09,MSCI_INDIA,ruble,30,1.0,0.0,125,0.0,1.0,95,False,False,
2022-03-09,MSCI_INDIA,ruble,60,1.0,0.0,125,0.0,1.0,65,False,False,
2022-03-09,MSCI_INDIA,sanctions,1,1.0,0.0,125,0.0,1.0,124,False,False,
2022-03-09,MSCI_INDIA,sanctions,7,1.0,0.0,125,0.0,1.0,118,False,False,
2022-03-09,MSCI_INDIA,sanctions,14,1.0,0.0,125,0.0,1.0,111,False,False,
2022-03-09,MSCI_INDIA,sanctions,30,1.0,0.0,125,0.0,1.0,95,False,False,
2022-03-09,MSCI_INDIA,sanctions,60,1.0,0.0,125,0.0,1.0,65,False,False,
2022-03-09,MSCI_INDIA,inflation,1,1.0,0.0,125,0.0,1.0,124,False,False,
2022-03-09,MSCI_INDIA,inflation,7,1.0,0.0,125,0.0,1.0,118,False,False,
2022-03-09,MSCI_INDIA,inflation,14,1.0,0.0,125,0.0,1.0,111,False,False,
2022-03-09,MSCI_INDIA,inflation,30,1.0,0.0,125,0.0,1.0,95,False,False,
2022-03-09,MSCI_INDIA,inflation,60,1.0,0.0,125,0.0,1.0,65,False,False,
2022-03-09,MSCI_INDIA,banking,1,1.0,0.0,125,0.0,1.0,124,False,False,
2022-03-09,MSCI_INDIA,banking,7,1.0,0.0,125,0.0,1.0,118,False,False,
2022-03-09,MSCI_INDIA,banking,14,1.0,0.0,125,0.0,1.0,111,False,False,
2022-03-09,MSCI_INDIA,banking,30,1.0,0.0,125,0.0,1.0,95,False,False,
2022-03-09,MSCI_INDIA,banking,60,1.0,0.0,125,0.0,1.0,65,False,False,
2022-03-09,MSCI_INDIA,gold,1,1.0,0.0,125,0.0,1.0,124,False,False,
2022-03-09,MSCI_INDIA,gold,7,1.0,0.0,125,0.0,1.0,118,False,False,
2022-03-09,MSCI_INDIA,gold,14,1.0,0.0,125,0.0,1.0,111,False,False,
2022-03-09,MSCI_INDIA,gold,30,1.0,0.0,125,0.0,1.0,95,False,False,
2022-03-09,MSCI_INDIA,gold,60,1.0,0.0,125,0.0,1.0,65,False,False,
2022-03-12,USD_RUB,oil,1,1.0,0.0,125,0.0,1.0,124,False,False,
2022-03-12,USD_RUB,oil,7,1.0,0.0,125,0.0,1.0,118,False,False,
2022-03-12,USD_RUB,oil,14,1.0,0.0,125,0.0,1.0,111,False,False,
2022-03-12,USD_RUB,oil,30,1.0,0.0,125,0.0,1.0,95,False,False,
2022-03-12,USD_RUB,oil,60,1.0,0.0,125,0.0,1.0,65,False,False,
2022-03-12,USD_RUB,rate,1,1.0,0.0,125,0.0,1.0,124,False,False,
2022-03-12,USD_RUB,rate,7,1.0,0.0,125,0.0,1.0,118,False,False,
2022-03-12,USD_RUB,rate,14,1.0,0.0,125,0.0,1.0,111,False,False,
2022-03-12,USD_RUB,rate,30,1.0,0.0,125,0.0,1.0,95,False,False,
2022-03-12,USD_RUB,rate,60,1.0,0.0,125,0.0,1.0,65,False,False,
2022-03-12,USD_RUB,ruble,1,1.0,0.0,125,0.0,1.0,124,False,False,
2022-03-12,USD_RUB,ruble,7,1.0,0.0,125,0.0,1.0,118,False,False,
2022-03-12,USD_RUB,ruble,14,1.0,0.0,125,0.0,1.0,111,False,False,
2022-03-12,USD_RUB,ruble,30,1.0,0.0,125,0.0,1.0,95,False,False,
2022-03-12,USD_RUB,ruble,60,1.0,0.0,125,0.0,1.0,65,False,False,
2022-03-12,USD_RUB,sanctions,1,1.0,0.0,125,0.0,1.0,124,False,False,
2022-03-12,USD_RUB,sanctions,7,1.0,0.0,125,0.0,1.0,118,False,False,
2022-03-12,USD_RUB,sanctions,14,1.0,0.0,125,0.0,1.0,111,False,False,
2022-03-12,USD_RUB,sanctions,30,1.0,0.0,125,0.0,1.0,95,False,False,
2022-03-12,USD_RUB,sanctions,60,1.0,0.0,125,0.0,1.0,65,False,False,
2022-03-12,USD_RUB,inflation,1,1.0,0.0,125,0.0,1.0,124,False,False,
2022-03-12,USD_RUB,inflation,7,1.0,0.0,125,0.0,1.0,118,False,False,
2022-03-12,USD_RUB,inflation,14,1.0,0.0,125,0.0,1.0,111,False,False,
2022-03-12,USD_RUB,inflation,30,1.0,0.0,125,0.0,1.0,95,False,False,
2022-03-12,USD_RUB,inflation,60,1.0,0.0,125,0.0,1.0,65,False,False,
2022-03-12,USD_RUB,banking,1,1.0,0.0,125,0.0,1.0,124,False,False,
2022-03-12,USD_RUB,banking,7,1.0,0.0,125,0.0,1.0,118,False,False,
2022-03-12,USD_RUB,banking,14,1.0,0.0,125,0.0,1.0,111,False,False,
2022-03-12,USD_RUB,banking,30,1.0,0.0,125,0.0,1.0,95,False,False,
2022-03-12,USD_RUB,banking,60,1.0,0.0,125,0.0,1.0,65,False,False,
2022-03-12,USD_RUB,gold,1,1.0,0.0,125,0.0,1.0,124,False,False,
2022-03-12,USD_RUB,gold,7,1.0,0.0,125,0.0,1.0,118,False,False,
2022-03-12,USD_RUB,gold,14,1.0,0.0,125,0.0,1.0,111,False,False,
2022-03-12,USD_RUB,gold,30,1.0,0.0,125,0.0,1.0,95,False,False,
2022-03-12,USD_RUB,gold,60,1.0,0.0,125,0.0,1.0,65,False,False,
2022-03-12,EUR_RUB,oil,1,1.0,0.0,125,0.0,1.0,124,False,False,
2022-03-12,EUR_RUB,oil,7,1.0,0.0,125,0.0,1.0,118,False,False,
2022-03-12,EUR_RUB,oil,14,1.0,0.0,125,0.0,1.0,111,False,False,
2022-03-12,EUR_RUB,oil,30,1.0,0.0,125,0.0,1.0,95,False,False,
2022-03-12,EUR_RUB,oil,60,1.0,0.0,125,0.0,1.0,65,False,False,
2022-03-12,EUR_RUB,rate,1,1.0,0.0,125,0.0,1.0,124,False,False,
2022-03-12,EUR_RUB,rate,7,1.0,0.0,125,0.0,1.0,118,False,False,
2022-03-12,EUR_RUB,rate,14,1.0,0.0,125,0.0,1.0,111,False,False,
2022-03-12,EUR_RUB,rate,30,1.0,0.0,125,0.0,1.0,95,False,False,
2022-03-12,EUR_RUB,rate,60,1.0,0.0,125,0.0,1.0,65,False,False,
2022-03-12,EUR_RUB,ruble,1,1.0,0.0,125,0.0,1.0,124,False,False,
2022-03-12,EUR_RUB,ruble,7,1.0,0.0,125,0.0,1.0,118,False,False,
2022-03-12,EUR_RUB,ruble,14,1.0,0.0,125,0.0,1.0,111,False,False,
2022-03-12,EUR_RUB,ruble,30,1.0,0.0,125,0.0,1.0,95,False,False,
2022-03-12,EUR_RUB,ruble,60,1.0,0.0,125,0.0,1.0,65,False,False,
2022-03-12,EUR_RUB,sanctions,1,1.0,0.0,125,0.0,1.0,124,False,False,
2022-03-12,EUR_RUB,sanctions,7,1.0,0.0,125,0.0,1.0,118,False,False,
2022-03-12,EUR_RUB,sanctions,14,1.0,0.0,125,0.0,1.0,111,False,False,
2022-03-12,EUR_RUB,sanctions,30,1.0,0.0,125,0.0,1.0,95,False,False,
2022-03-12,EUR_RUB,sanctions,60,1.0,0.0,125,0.0,1.0,65,False,False,
2022-03-12,EUR_RUB,inflation,1,1.0,0.0,125,0.0,1.0,124,False,False,
2022-03-12,EUR_RUB,inflation,7,1.0,0.0,125,0.0,1.0,118,False,False,
2022-03-12,EUR_RUB,inflation,14,1.0,0.0,125,0.0,1.0,111,False,False,
2022-03-12,EUR_RUB,inflation,30,1.0,0.0,125,0.0,1.0,95,False,False,
2022-03-12,EUR_RUB,inflation,60,1.0,0.0,125,0.0,1.0,65,False,False,
2022-03-12,EUR_RUB,banking,1,1.0,0.0,125,0.0,1.0,124,False,False,
2022-03-12,EUR_RUB,banking,7,1.0,0.0,125,0.0,1.0,118,False,False,
2022-03-12,EUR_RUB,banking,14,1.0,0.0,125,0.0,1.0,111,False,False,
2022-03-12,EUR_RUB,banking,30,1.0,0.0,125,0.0,1.0,95,False,False,
2022-03-12,EUR_RUB,banking,60,1.0,0.0,125,0.0,1.0,65,False,False,
2022-03-12,EUR_RUB,gold,1,1.0,0.0,125,0.0,1.0,124,False,False,
2022-03-12,EUR_RUB,gold,7,1.0,0.0,125,0.0,1.0,118,False,False,
2022-03-12,EUR_RUB,gold,14,1.0,0.0,125,0.0,1.0,111,False,False,
2022-03-12,EUR_RUB,gold,30,1.0,0.0,125,0.0,1.0,95,False,False,
2022-03-12,EUR_RUB,gold,60,1.0,0.0,125,0.0,1.0,65,False,False,
2022-03-12,BRENT,oil,1,1.0,0.0,125,0.0,1.0,124,False,False,
2022-03-12,BRENT,oil,7,1.0,0.0,125,0.0,1.0,118,False,False,
2022-03-12,BRENT,oil,14,1.0,0.0,125,0.0,1.0,111,False,False,
2022-03-12,BRENT,oil,30,1.0,0.0,125,0.0,1.0,95,False,False,
2022-03-12,BRENT,oil,60,1.0,0.0,125,0.0,1.0,65,False,False,
2022-03-12,BRENT,rate,1,1.0,0.0,125,0.0,1.0,124,False,False,
2022-03-12,BRENT,rate,7,1.0,0.0,125,0.0,1.0,118,False,False,
2022-03-12,BRENT,rate,14,1.0,0.0,125,0.0,1.0,111,False,False,
2022-03-12,BRENT,rate,30,1.0,0.0,125,0.0,1.0,95,False,False,
2022-03-12,BRENT,rate,60,1.0,0.0,125,0.0,1.0,65,False,False,
2022-03-12,BRENT,ruble,1,1.0,0.0,125,0.0,1.0,124,False,False,
2022-03-12,BRENT,ruble,7,1.0,0.0,125,0.0,1.0,118,False,False,
2022-03-12,BRENT,ruble,14,1.0,0.0,125,0.0,1.0,111,False,False,
2022-03-12,BRENT,ruble,30,1.0,0.0,125,0.0,1.0,95,False,False,
2022-03-12,BRENT,ruble,60,1.0,0.0,125,0.0,1.0,65,False,False,
2022-03-12,BRENT,sanctions,1,1.0,0.0,125,0.0,1.0,124,False,False,
2022-03-12,BRENT,sanctions,7,1.0,0.0,125,0.0,1.0,118,False,False,
2022-03-12,BRENT,sanctions,14,1.0,0.0,125,0.0,1.0,111,False,False,
2022-03-12,BRENT,sanctions,30,1.0,0.0,125,0.0,1.0,95,False,False,
2022-03-12,BRENT,sanctions,60,1.0,0.0,125,0.0,1.0,65,False,False,
2022-03-12,BRENT,inflation,1,1.0,0.0,125,0.0,1.0,124,False,False,
2022-03-12,BRENT,inflation,7,1.0,0.0,125,0.0,1.0,118,False,False,
2022-03-12,BRENT,inflation,14,1.0,0.0,125,0.0,1.0,111,False,False,
2022-03-12,BRENT,inflation,30,1.0,0.0,125,0.0,1.0,95,False,False,
2022-03-12,BRENT,inflation,60,1.0,0.0,125,0.0,1.0,65,False,False,
2022-03-12,BRENT,banking,1,1.0,0.0,125,0.0,1.0,124,False,False,
2022-03-12,BRENT,banking,7,1.0,0.0,125,0.0,1.0,118,False,False,
2022-03-12,BRENT,banking,14,1.0,0.0,125,0.0,1.0,111,False,False,
2022-03-12,BRENT,banking,30,1.0,0.0,125,0.0,1.0,95,False,False,
2022-03-12,BRENT,banking,60,1.0,0.0,125,0.0,1.0,65,False,False,
2022-03-12,BRENT,gold,1,1.0,0.0,125,0.0,1.0,124,False,False,
2022-03-12,BRENT,gold,7,1.0,0.0,125,0.0,1.0,118,False,False,
2022-03-12,BRENT,gold,14,1.0,0.0,125,0.0,1.0,111,False,False,
2022-03-12,BRENT,gold,30,1.0,0.0,125,0.0,1.0,95,False,False,
2022-03-12,BRENT,gold,60,1.0,0.0,125,0.0,1.0,65,False,False,
2022-03-12,SP500,oil,1,1.0,0.0,125,0.0,1.0,124,False,False,
2022-03-12,SP500,oil,7,1.0,0.0,125,0.0,1.0,118,False,False,
2022-03-12,SP500,oil,14,1.0,0.0,125,0.0,1.0,111,False,False,
2022-03-12,SP500,oil,30,1.0,0.0,125,0.0,1.0,95,False,False,
2022-03-12,SP500,oil,60,1.0,0.0,125,0.0,1.0,65,False,False,
2022-03-12,SP500,rate,1,1.0,0.0,125,0.0,1.0,124,False,False,
2022-03-12,SP500,rate,7,1.0,0.0,125,0.0,1.0,118,False,False,
2022-03-12,SP500,rate,14,1.0,0.0,125,0.0,1.0,111,False,False,
2022-03-12,SP500,rate,30,1.0,0.0,125,0.0,1.0,95,False,False,
2022-03-12,SP500,rate,60,1.0,0.0,125,0.0,1.0,65,False,False,
2022-03-12,SP500,ruble,1,1.0,0.0,125,0.0,1.0,124,False,False,
2022-03-12,SP500,ruble,7,1.0,0.0,125,0.0,1.0,118,False,False,
2022-03-12,SP500,ruble,14,1.0,0.0,125,0.0,1.0,111,False,False,
2022-03-12,SP500,ruble,30,1.0,0.0,125,0.0,1.0,95,False,False,
2022-03-12,SP500,ruble,60,1.0,0.0,125,0.0,1.0,65,False,False,
2022-03-12,SP500,sanctions,1,1.0,0.0,125,0.0,1.0,124,False,False,
2022-03-12,SP500,sanctions,7,1.0,0.0,125,0.0,1.0,118,False,False,
2022-03-12,SP500,sanctions,14,1.0,0.0,125,0.0,1.0,111,False,False,
2022-03-12,SP500,sanctions,30,1.0,0.0,125,0.0,1.0,95,False,False,
2022-03-12,SP500,sanctions,60,1.0,0.0,125,0.0,1.0,65,False,False,
2022-03-12,SP500,inflation,1,1.0,0.0,125,0.0,1.0,124,False,False,
2022-03-12,SP500,inflation,7,1.0,0.0,125,0.0,1.0,118,False,False,
2022-03-12,SP500,inflation,14,1.0,0.0,125,0.0,1.0,111,False,False,
2022-03-12,SP500,inflation,30,1.0,0.0,125,0.0,1.0,95,False,False,
2022-03-12,SP500,inflation,60,1.0,0.0,125,0.0,1.0,65,False,False,
2022-03-12,SP500,banking,1,1.0,0.0,125,0.0,1.0,124,False,False,
2022-03-12,SP500,banking,7,1.0,0.0,125,0.0,1.0,118,False,False,
2022-03-12,SP500,banking,14,1.0,0.0,125,0.0,1.0,111,False,False,
2022-03-12,SP500,banking,30,1.0,0.0,125,0.0,1.0,95,False,False,
2022-03-12,SP500,banking,60,1.0,0.0,125,0.0,1.0,65,False,False,
2022-03-12,SP500,gold,1,1.0,0.0,125,0.0,1.0,124,False,False,
2022-03-12,SP500,gold,7,1.0,0.0,125,0.0,1.0,118,False,False,
2022-03-12,SP500,gold,14,1.0,0.0,125,0.0,1.0,111,False,False,
2022-03-12,SP500,gold,30,1.0,0.0,125,0.0,1.0,95,False,False,
2022-03-12,SP500,gold,60,1.0,0.0,125,0.0,1.0,65,False,False,
2022-03-12,MSCI_WORLD,oil,1,1.0,0.0,125,0.0,1.0,124,False,False,
2022-03-12,MSCI_WORLD,oil,7,1.0,0.0,125,0.0,1.0,118,False,False,
2022-03-12,MSCI_WORLD,oil,14,1.0,0.0,125,0.0,1.0,111,False,False,
2022-03-12,MSCI_WORLD,oil,30,1.0,0.0,125,0.0,1.0,95,False,False,
2022-03-12,MSCI_WORLD,oil,60,1.0,0.0,125,0.0,1.0,65,False,False,
2022-03-12,MSCI_WORLD,rate,1,1.0,0.0,125,0.0,1.0,124,False,False,
2022-03-12,MSCI_WORLD,rate,7,1.0,0.0,125,0.0,1.0,118,False,False,
2022-03-12,MSCI_WORLD,rate,14,1.0,0.0,125,0.0,1.0,111,False,False,
2022-03-12,MSCI_WORLD,rate,30,1.0,0.0,125,0.0,1.0,95,False,False,
2022-03-12,MSCI_WORLD,rate,60,1.0,0.0,125,0.0,1.0,65,False,False,
2022-03-12,MSCI_WORLD,ruble,1,1.0,0.0,125,0.0,1.0,124,False,False,
2022-03-12,MSCI_WORLD,ruble,7,1.0,0.0,125,0.0,1.0,118,False,False,
2022-03-12,MSCI_WORLD,ruble,14,1.0,0.0,125,0.0,1.0,111,False,False,
2022-03-12,MSCI_WORLD,ruble,30,1.0,0.0,125,0.0,1.0,95,False,False,
2022-03-12,MSCI_WORLD,ruble,60,1.0,0.0,125,0.0,1.0,65,False,False,
2022-03-12,MSCI_WORLD,sanctions,1,1.0,0.0,125,0.0,1.0,124,False,False,
2022-03-12,MSCI_WORLD,sanctions,7,1.0,0.0,125,0.0,1.0,118,False,False,
2022-03-12,MSCI_WORLD,sanctions,14,1.0,0.0,125,0.0,1.0,111,False,False,
2022-03-12,MSCI_WORLD,sanctions,30,1.0,0.0,125,0.0,1.0,95,False,False,
2022-03-12,MSCI_WORLD,sanctions,60,1.0,0.0,125,0.0,1.0,65,False,False,
2022-03-12,MSCI_WORLD,inflation,1,1.0,0.0,125,0.0,1.0,124,False,False,
2022-03-12,MSCI_WORLD,inflation,7,1.0,0.0,125,0.0,1.0,118,False,False,
2022-03-12,MSCI_WORLD,inflation,14,1.0,0.0,125,0.0,1.0,111,False,False,
2022-03-12,MSCI_WORLD,inflation,30,1.0,0.0,125,0.0,1.0,95,False,False,
2022-03-12,MSCI_WORLD,inflation,60,1.0,0.0,125,0.0,1.0,65,False,False,
2022-03-12,MSCI_WORLD,banking,1,1.0,0.0,125,0.0,1.0,124,False,False,
2022-03-12,MSCI_WORLD,banking,7,1.0,0.0,125,0.0,1.0,118,False,False,
2022-03-12,MSCI_WORLD,banking,14,1.0,0.0,125,0.0,1.0,111,False,False,
2022-03-12,MSCI_WORLD,banking,30,1.0,0.0,125,0.0,1.0,95,False,False,
2022-03-12,MSCI_WORLD,banking,60,1.0,0.0,125,0.0,1.0,65,False,False,
2022-03-12,MSCI_WORLD,gold,1,1.0,0.0,125,0.0,1.0,124,False,False,
2022-03-12,MSCI_WORLD,gold,7,1.0,0.0,125,0.0,1.0,118,False,False,
2022-03-12,MSCI_WORLD,gold,14,1.0,0.0,125,0.0,1.0,111,False,False,
2022-03-12,MSCI_WORLD,gold,30,1.0,0.0,125,0.0,1.0,95,False,False,
2022-03-12,MSCI_WORLD,gold,60,1.0,0.0,125,0.0,1.0,65,False,False,
2022-03-12,DXY,oil,1,1.0,0.0,125,0.0,1.0,124,False,False,
2022-03-12,DXY,oil,7,1.0,0.0,125,0.0,1.0,118,False,False,
2022-03-12,DXY,oil,14,1.0,0.0,125,0.0,1.0,111,False,False,
2022-03-12,DXY,oil,30,1.0,0.0,125,0.0,1.0,95,False,False,
2022-03-12,DXY,oil,60,1.0,0.0,125,0.0,1.0,65,False,False,
2022-03-12,DXY,rate,1,1.0,0.0,125,0.0,1.0,124,False,False,
2022-03-12,DXY,rate,7,1.0,0.0,125,0.0,1.0,118,False,False,
2022-03-12,DXY,rate,14,1.0,0.0,125,0.0,1.0,111,False,False,
2022-03-12,DXY,rate,30,1.0,0.0,125,0.0,1.0,95,False,False,
2022-03-12,DXY,rate,60,1.0,0.0,125,0.0,1.0,65,False,False,
2022-03-12,DXY,ruble,1,1.0,0.0,125,0.0,1.0,124,False,False,
2022-03-12,DXY,ruble,7,1.0,0.0,125,0.0,1.0,118,False,False,
2022-03-12,DXY,ruble,14,1.0,0.0,125,0.0,1.0,111,False,False,
2022-03-12,DXY,ruble,30,1.0,0.0,125,0.0,1.0,95,False,False,
2022-03-12,DXY,ruble,60,1.0,0.0,125,0.0,1.0,65,False,False,
2022-03-12,DXY,sanctions,1,1.0,0.0,125,0.0,1.0,124,False,False,
2022-03-12,DXY,sanctions,7,1.0,0.0,125,0.0,1.0,118,False,False,
2022-03-12,DXY,sanctions,14,1.0,0.0,125,0.0,1.0,111,False,False,
2022-03-12,DXY,sanctions,30,1.0,0.0,125,0.0,1.0,95,False,False,
2022-03-12,DXY,sanctions,60,1.0,0.0,125,0.0,1.0,65,False,False,
2022-03-12,DXY,inflation,1,1.0,0.0,125,0.0,1.0,124,False,False,
2022-03-12,DXY,inflation,7,1.0,0.0,125,0.0,1.0,118,False,False,
2022-03-12,DXY,inflation,14,1.0,0.0,125,0.0,1.0,111,False,False,
2022-03-12,DXY,inflation,30,1.0,0.0,125,0.0,1.0,95,False,False,
2022-03-12,DXY,inflation,60,1.0,0.0,125,0.0,1.0,65,False,False,
2022-03-12,DXY,banking,1,1.0,0.0,125,0.0,1.0,124,False,False,
2022-03-12,DXY,banking,7,1.0,0.0,125,0.0,1.0,118,False,False,
2022-03-12,DXY,banking,14,1.0,0.0,125,0.0,1.0,111,False,False,
2022-03-12,DXY,banking,30,1.0,0.0,125,0.0,1.0,95,False,False,
2022-03-12,DXY,banking,60,1.0,0.0,125,0.0,1.0,65,False,False,
2022-03-12,DXY,gold,1,1.0,0.0,125,0.0,1.0,124,False,False,
2022-03-12,DXY,gold,7,1.0,0.0,125,0.0,1.0,118,False,False,
2022-03-12,DXY,gold,14,1.0,0.0,125,0.0,1.0,111,False,False,
2022-03-12,DXY,gold,30,1.0,0.0,125,0.0,1.0,95,False,False,
2022-03-12,DXY,gold,60,1.0,0.0,125,0.0,1.0,65,False,False,
2022-03-12,MSCI_INDIA,oil,1,1.0,0.0,125,0.0,1.0,124,False,False,
2022-03-12,MSCI_INDIA,oil,7,1.0,0.0,125,0.0,1.0,118,False,False,
2022-03-12,MSCI_INDIA,oil,14,1.0,0.0,125,0.0,1.0,111,False,False,
2022-03-12,MSCI_INDIA,oil,30,1.0,0.0,125,0.0,1.0,95,False,False,
2022-03-12,MSCI_INDIA,oil,60,1.0,0.0,125,0.0,1.0,65,False,False,
2022-03-12,MSCI_INDIA,rate,1,1.0,0.0,125,0.0,1.0,124,False,False,
2022-03-12,MSCI_INDIA,rate,7,1.0,0.0,125,0.0,1.0,118,False,False,
2022-03-12,MSCI_INDIA,rate,14,1.0,0.0,125,0.0,1.0,111,False,False,
2022-03-12,MSCI_INDIA,rate,30,1.0,0.0,125,0.0,1.0,95,False,False,
2022-03-12,MSCI_INDIA,rate,60,1.0,0.0,125,0.0,1.0,65,False,False,
2022-03-12,MSCI_INDIA,ruble,1,1.0,0.0,125,0.0,1.0,124,False,False,
2022-03-12,MSCI_INDIA,ruble,7,1.0,0.0,125,0.0,1.0,118,False,False,
2022-03-12,MSCI_INDIA,ruble,14,1.0,0.0,125,0.0,1.0,111,False,False,
2022-03-12,MSCI_INDIA,ruble,30,1.0,0.0,125,0.0,1.0,95,False,False,
2022-03-12,MSCI_INDIA,ruble,60,1.0,0.0,125,0.0,1.0,65,False,False,
2022-03-12,MSCI_INDIA,sanctions,1,1.0,0.0,125,0.0,1.0,124,False,False,
2022-03-12,MSCI_INDIA,sanctions,7,1.0,0.0,125,0.0,1.0,118,False,False,
2022-03-12,MSCI_INDIA,sanctions,14,1.0,0.0,125,0.0,1.0,111,False,False,
2022-03-12,MSCI_INDIA,sanctions,30,1.0,0.0,125,0.0,1.0,95,False,False,
2022-03-12,MSCI_INDIA,sanctions,60,1.0,0.0,125,0.0,1.0,65,False,False,
2022-03-12,MSCI_INDIA,inflation,1,1.0,0.0,125,0.0,1.0,124,False,False,
2022-03-12,MSCI_INDIA,inflation,7,1.0,0.0,125,0.0,1.0,118,False,False,
2022-03-12,MSCI_INDIA,inflation,14,1.0,0.0,125,0.0,1.0,111,False,False,
2022-03-12,MSCI_INDIA,inflation,30,1.0,0.0,125,0.0,1.0,95,False,False,
2022-03-12,MSCI_INDIA,inflation,60,1.0,0.0,125,0.0,1.0,65,False,False,
2022-03-12,MSCI_INDIA,banking,1,1.0,0.0,125,0.0,1.0,124,False,False,
2022-03-12,MSCI_INDIA,banking,7,1.0,0.0,125,0.0,1.0,118,False,False,
2022-03-12,MSCI_INDIA,banking,14,1.0,0.0,125,0.0,1.0,111,False,False,
2022-03-12,MSCI_INDIA,banking,30,1.0,0.0,125,0.0,1.0,95,False,False,
2022-03-12,MSCI_INDIA,banking,60,1.0,0.0,125,0.0,1.0,65,False,False,
2022-03-12,MSCI_INDIA,gold,1,1.0,0.0,125,0.0,1.0,124,False,False,
2022-03-12,MSCI_INDIA,gold,7,1.0,0.0,125,0.0,1.0,118,False,False,
2022-03-12,MSCI_INDIA,gold,14,1.0,0.0,125,0.0,1.0,111,False,False,
2022-03-12,MSCI_INDIA,gold,30,1.0,0.0,125,0.0,1.0,95,False,False,
2022-03-12,MSCI_INDIA,gold,60,1.0,0.0,125,0.0,1.0,65,False,False,
2022-03-15,USD_RUB,oil,1,1.0,0.0,125,0.0,1.0,124,False,False,
2022-03-15,USD_RUB,oil,7,1.0,0.0,125,0.0,1.0,118,False,False,
2022-03-15,USD_RUB,oil,14,1.0,0.0,125,0.0,1.0,111,False,False,
2022-03-15,USD_RUB,oil,30,1.0,0.0,125,0.0,1.0,95,False,False,
2022-03-15,USD_RUB,oil,60,1.0,0.0,125,0.0,1.0,65,False,False,
2022-03-15,USD_RUB,rate,1,1.0,0.0,125,0.0,1.0,124,False,False,
2022-03-15,USD_RUB,rate,7,1.0,0.0,125,0.0,1.0,118,False,False,
2022-03-15,USD_RUB,rate,14,1.0,0.0,125,0.0,1.0,111,False,False,
2022-03-15,USD_RUB,rate,30,1.0,0.0,125,0.0,1.0,95,False,False,
2022-03-15,USD_RUB,rate,60,1.0,0.0,125,0.0,1.0,65,False,False,
2022-03-15,USD_RUB,ruble,1,1.0,0.0,125,0.0,1.0,124,False,False,
2022-03-15,USD_RUB,ruble,7,1.0,0.0,125,0.0,1.0,118,False,False,
2022-03-15,USD_RUB,ruble,14,1.0,0.0,125,0.0,1.0,111,False,False,
2022-03-15,USD_RUB,ruble,30,1.0,0.0,125,0.0,1.0,95,False,False,
2022-03-15,USD_RUB,ruble,60,1.0,0.0,125,0.0,1.0,65,False,False,
2022-03-15,USD_RUB,sanctions,1,1.0,0.0,125,0.0,1.0,124,False,False,
2022-03-15,USD_RUB,sanctions,7,1.0,0.0,125,0.0,1.0,118,False,False,
2022-03-15,USD_RUB,sanctions,14,1.0,0.0,125,0.0,1.0,111,False,False,
2022-03-15,USD_RUB,sanctions,30,1.0,0.0,125,0.0,1.0,95,False,False,
2022-03-15,USD_RUB,sanctions,60,1.0,0.0,125,0.0,1.0,65,False,False,
2022-03-15,USD_RUB,inflation,1,1.0,0.0,125,0.0,1.0,124,False,False,
2022-03-15,USD_RUB,inflation,7,1.0,0.0,125,0.0,1.0,118,False,False,
2022-03-15,USD_RUB,inflation,14,1.0,0.0,125,0.0,1.0,111,False,False,
2022-03-15,USD_RUB,inflation,30,1.0,0.0,125,0.0,1.0,95,False,False,
2022-03-15,USD_RUB,inflation,60,1.0,0.0,125,0.0,1.0,65,False,False,
2022-03-15,USD_RUB,banking,1,1.0,0.0,125,0.0,1.0,124,False,False,
2022-03-15,USD_RUB,banking,7,1.0,0.0,125,0.0,1.0,118,False,False,
2022-03-15,USD_RUB,banking,14,1.0,0.0,125,0.0,1.0,111,False,False,
2022-03-15,USD_RUB,banking,30,1.0,0.0,125,0.0,1.0,95,False,False,
2022-03-15,USD_RUB,banking,60,1.0,0.0,125,0.0,1.0,65,False,False,
2022-03-15,USD_RUB,gold,1,1.0,0.0,125,0.0,1.0,124,False,False,
2022-03-15,USD_RUB,gold,7,1.0,0.0,125,0.0,1.0,118,False,False,
2022-03-15,USD_RUB,gold,14,1.0,0.0,125,0.0,1.0,111,False,False,
2022-03-15,USD_RUB,gold,30,1.0,0.0,125,0.0,1.0,95,False,False,
2022-03-15,USD_RUB,gold,60,1.0,0.0,125,0.0,1.0,65,False,False,
2022-03-15,EUR_RUB,oil,1,1.0,0.0,125,0.0,1.0,124,False,False,
2022-03-15,EUR_RUB,oil,7,1.0,0.0,125,0.0,1.0,118,False,False,
2022-03-15,EUR_RUB,oil,14,1.0,0.0,125,0.0,1.0,111,False,False,
2022-03-15,EUR_RUB,oil,30,1.0,0.0,125,0.0,1.0,95,False,False,
2022-03-15,EUR_RUB,oil,60,1.0,0.0,125,0.0,1.0,65,False,False,
2022-03-15,EUR_RUB,rate,1,1.0,0.0,125,0.0,1.0,124,False,False,
2022-03-15,EUR_RUB,rate,7,1.0,0.0,125,0.0,1.0,118,False,False,
2022-03-15,EUR_RUB,rate,14,1.0,0.0,125,0.0,1.0,111,False,False,
2022-03-15,EUR_RUB,rate,30,1.0,0.0,125,0.0,1.0,95,False,False,
2022-03-15,EUR_RUB,rate,60,1.0,0.0,125,0.0,1.0,65,False,False,
2022-03-15,EUR_RUB,ruble,1,1.0,0.0,125,0.0,1.0,124,False,False,
2022-03-15,EUR_RUB,ruble,7,1.0,0.0,125,0.0,1.0,118,False,False,
2022-03-15,EUR_RUB,ruble,14,1.0,0.0,125,0.0,1.0,111,False,False,
2022-03-15,EUR_RUB,ruble,30,1.0,0.0,125,0.0,1.0,95,False,False,
2022-03-15,EUR_RUB,ruble,60,1.0,0.0,125,0.0,1.0,65,False,False,
2022-03-15,EUR_RUB,sanctions,1,1.0,0.0,125,0.0,1.0,124,False,False,
2022-03-15,EUR_RUB,sanctions,7,1.0,0.0,125,0.0,1.0,118,False,False,
2022-03-15,EUR_RUB,sanctions,14,1.0,0.0,125,0.0,1.0,111,False,False,
2022-03-15,EUR_RUB,sanctions,30,1.0,0.0,125,0.0,1.0,95,False,False,
2022-03-15,EUR_RUB,sanctions,60,1.0,0.0,125,0.0,1.0,65,False,False,
2022-03-15,EUR_RUB,inflation,1,1.0,0.0,125,0.0,1.0,124,False,False,
2022-03-15,EUR_RUB,inflation,7,1.0,0.0,125,0.0,1.0,118,False,False,
2022-03-15,EUR_RUB,inflation,14,1.0,0.0,125,0.0,1.0,111,False,False,
2022-03-15,EUR_RUB,inflation,30,1.0,0.0,125,0.0,1.0,95,False,False,
2022-03-15,EUR_RUB,inflation,60,1.0,0.0,125,0.0,1.0,65,False,False,
2022-03-15,EUR_RUB,banking,1,1.0,0.0,125,0.0,1.0,124,False,False,
2022-03-15,EUR_RUB,banking,7,1.0,0.0,125,0.0,1.0,118,False,False,
2022-03-15,EUR_RUB,banking,14,1.0,0.0,125,0.0,1.0,111,False,False,
2022-03-15,EUR_RUB,banking,30,1.0,0.0,125,0.0,1.0,95,False,False,
2022-03-15,EUR_RUB,banking,60,1.0,0.0,125,0.0,1.0,65,False,False,
2022-03-15,EUR_RUB,gold,1,1.0,0.0,125,0.0,1.0,124,False,False,
2022-03-15,EUR_RUB,gold,7,1.0,0.0,125,0.0,1.0,118,False,False,
2022-03-15,EUR_RUB,gold,14,1.0,0.0,125,0.0,1.0,111,False,False,
2022-03-15,EUR_RUB,gold,30,1.0,0.0,125,0.0,1.0,95,False,False,
2022-03-15,EUR_RUB,gold,60,1.0,0.0,125,0.0,1.0,65,False,False,
2022-03-15,BRENT,oil,1,1.0,0.0,125,0.0,1.0,124,False,False,
2022-03-15,BRENT,oil,7,1.0,0.0,125,0.0,1.0,118,False,False,
2022-03-15,BRENT,oil,14,1.0,0.0,125,0.0,1.0,111,False,False,
2022-03-15,BRENT,oil,30,1.0,0.0,125,0.0,1.0,95,False,False,
2022-03-15,BRENT,oil,60,1.0,0.0,125,0.0,1.0,65,False,False,
2022-03-15,BRENT,rate,1,1.0,0.0,125,0.0,1.0,124,False,False,
2022-03-15,BRENT,rate,7,1.0,0.0,125,0.0,1.0,118,False,False,
2022-03-15,BRENT,rate,14,1.0,0.0,125,0.0,1.0,111,False,False,
2022-03-15,BRENT,rate,30,1.0,0.0,125,0.0,1.0,95,False,False,
2022-03-15,BRENT,rate,60,1.0,0.0,125,0.0,1.0,65,False,False,
2022-03-15,BRENT,ruble,1,1.0,0.0,125,0.0,1.0,124,False,False,
2022-03-15,BRENT,ruble,7,1.0,0.0,125,0.0,1.0,118,False,False,
2022-03-15,BRENT,ruble,14,1.0,0.0,125,0.0,1.0,111,False,False,
2022-03-15,BRENT,ruble,30,1.0,0.0,125,0.0,1.0,95,False,False,
2022-03-15,BRENT,ruble,60,1.0,0.0,125,0.0,1.0,65,False,False,
2022-03-15,BRENT,sanctions,1,1.0,0.0,125,0.0,1.0,124,False,False,
2022-03-15,BRENT,sanctions,7,1.0,0.0,125,0.0,1.0,118,False,False,
2022-03-15,BRENT,sanctions,14,1.0,0.0,125,0.0,1.0,111,False,False,
2022-03-15,BRENT,sanctions,30,1.0,0.0,125,0.0,1.0,95,False,False,
2022-03-15,BRENT,sanctions,60,1.0,0.0,125,0.0,1.0,65,False,False,
2022-03-15,BRENT,inflation,1,1.0,0.0,125,0.0,1.0,124,False,False,
2022-03-15,BRENT,inflation,7,1.0,0.0,125,0.0,1.0,118,False,False,
2022-03-15,BRENT,inflation,14,1.0,0.0,125,0.0,1.0,111,False,False,
2022-03-15,BRENT,inflation,30,1.0,0.0,125,0.0,1.0,95,False,False,
2022-03-15,BRENT,inflation,60,1.0,0.0,125,0.0,1.0,65,False,False,
2022-03-15,BRENT,banking,1,1.0,0.0,125,0.0,1.0,124,False,False,
2022-03-15,BRENT,banking,7,1.0,0.0,125,0.0,1.0,118,False,False,
2022-03-15,BRENT,banking,14,1.0,0.0,125,0.0,1.0,111,False,False,
2022-03-15,BRENT,banking,30,1.0,0.0,125,0.0,1.0,95,False,False,
2022-03-15,BRENT,banking,60,1.0,0.0,125,0.0,1.0,65,False,False,
2022-03-15,BRENT,gold,1,1.0,0.0,125,0.0,1.0,124,False,False,
2022-03-15,BRENT,gold,7,1.0,0.0,125,0.0,1.0,118,False,False,
2022-03-15,BRENT,gold,14,1.0,0.0,125,0.0,1.0,111,False,False,
2022-03-15,BRENT,gold,30,1.0,0.0,125,0.0,1.0,95,False,False,
2022-03-15,BRENT,gold,60,1.0,0.0,125,0.0,1.0,65,False,False,
2022-03-15,SP500,oil,1,1.0,0.0,125,0.0,1.0,124,False,False,
2022-03-15,SP500,oil,7,1.0,0.0,125,0.0,1.0,118,False,False,
2022-03-15,SP500,oil,14,1.0,0.0,125,0.0,1.0,111,False,False,
2022-03-15,SP500,oil,30,1.0,0.0,125,0.0,1.0,95,False,False,
2022-03-15,SP500,oil,60,1.0,0.0,125,0.0,1.0,65,False,False,
2022-03-15,SP500,rate,1,1.0,0.0,125,0.0,1.0,124,False,False,
2022-03-15,SP500,rate,7,1.0,0.0,125,0.0,1.0,118,False,False,
2022-03-15,SP500,rate,14,1.0,0.0,125,0.0,1.0,111,False,False,
2022-03-15,SP500,rate,30,1.0,0.0,125,0.0,1.0,95,False,False,
2022-03-15,SP500,rate,60,1.0,0.0,125,0.0,1.0,65,False,False,
2022-03-15,SP500,ruble,1,1.0,0.0,125,0.0,1.0,124,False,False,
2022-03-15,SP500,ruble,7,1.0,0.0,125,0.0,1.0,118,False,False,
2022-03-15,SP500,ruble,14,1.0,0.0,125,0.0,1.0,111,False,False,
2022-03-15,SP500,ruble,30,1.0,0.0,125,0.0,1.0,95,False,False,
2022-03-15,SP500,ruble,60,1.0,0.0,125,0.0,1.0,65,False,False,
2022-03-15,SP500,sanctions,1,1.0,0.0,125,0.0,1.0,124,False,False,
2022-03-15,SP500,sanctions,7,1.0,0.0,125,0.0,1.0,118,False,False,
2022-03-15,SP500,sanctions,14,1.0,0.0,125,0.0,1.0,111,False,False,
2022-03-15,SP500,sanctions,30,1.0,0.0,125,0.0,1.0,95,False,False,
2022-03-15,SP500,sanctions,60,1.0,0.0,125,0.0,1.0,65,False,False,
2022-03-15,SP500,inflation,1,1.0,0.0,125,0.0,1.0,124,False,False,
2022-03-15,SP500,inflation,7,1.0,0.0,125,0.0,1.0,118,False,False,
2022-03-15,SP500,inflation,14,1.0,0.0,125,0.0,1.0,111,False,False,
2022-03-15,SP500,inflation,30,1.0,0.0,125,0.0,1.0,95,False,False,
2022-03-15,SP500,inflation,60,1.0,0.0,125,0.0,1.0,65,False,False,
2022-03-15,SP500,banking,1,1.0,0.0,125,0.0,1.0,124,False,False,
2022-03-15,SP500,banking,7,1.0,0.0,125,0.0,1.0,118,False,False,
2022-03-15,SP500,banking,14,1.0,0.0,125,0.0,1.0,111,False,False,
2022-03-15,SP500,banking,30,1.0,0.0,125,0.0,1.0,95,False,False,
2022-03-15,SP500,banking,60,1.0,0.0,125,0.0,1.0,65,False,False,
2022-03-15,SP500,gold,1,1.0,0.0,125,0.0,1.0,124,False,False,
2022-03-15,SP500,gold,7,1.0,0.0,125,0.0,1.0,118,False,False,
2022-03-15,SP500,gold,14,1.0,0.0,125,0.0,1.0,111,False,False,
2022-03-15,SP500,gold,30,1.0,0.0,125,0.0,1.0,95,False,False,
2022-03-15,SP500,gold,60,1.0,0.0,125,0.0,1.0,65,False,False,
2022-03-15,MSCI_WORLD,oil,1,1.0,0.0,125,0.0,1.0,124,False,False,
2022-03-15,MSCI_WORLD,oil,7,1.0,0.0,125,0.0,1.0,118,False,False,
2022-03-15,MSCI_WORLD,oil,14,1.0,0.0,125,0.0,1.0,111,False,False,
2022-03-15,MSCI_WORLD,oil,30,1.0,0.0,125,0.0,1.0,95,False,False,
2022-03-15,MSCI_WORLD,oil,60,1.0,0.0,125,0.0,1.0,65,False,False,
2022-03-15,MSCI_WORLD,rate,1,1.0,0.0,125,0.0,1.0,124,False,False,
2022-03-15,MSCI_WORLD,rate,7,1.0,0.0,125,0.0,1.0,118,False,False,
2022-03-15,MSCI_WORLD,rate,14,1.0,0.0,125,0.0,1.0,111,False,False,
2022-03-15,MSCI_WORLD,rate,30,1.0,0.0,125,0.0,1.0,95,False,False,
2022-03-15,MSCI_WORLD,rate,60,1.0,0.0,125,0.0,1.0,65,False,False,
2022-03-15,MSCI_WORLD,ruble,1,1.0,0.0,125,0.0,1.0,124,False,False,
2022-03-15,MSCI_WORLD,ruble,7,1.0,0.0,125,0.0,1.0,118,False,False,
2022-03-15,MSCI_WORLD,ruble,14,1.0,0.0,125,0.0,1.0,111,False,False,
2022-03-15,MSCI_WORLD,ruble,30,1.0,0.0,125,0.0,1.0,95,False,False,
2022-03-15,MSCI_WORLD,ruble,60,1.0,0.0,125,0.0,1.0,65,False,False,
2022-03-15,MSCI_WORLD,sanctions,1,1.0,0.0,125,0.0,1.0,124,False,False,
2022-03-15,MSCI_WORLD,sanctions,7,1.0,0.0,125,0.0,1.0,118,False,False,
2022-03-15,MSCI_WORLD,sanctions,14,1.0,0.0,125,0.0,1.0,111,False,False,
2022-03-15,MSCI_WORLD,sanctions,30,1.0,0.0,125,0.0,1.0,95,False,False,
2022-03-15,MSCI_WORLD,sanctions,60,1.0,0.0,125,0.0,1.0,65,False,False,
2022-03-15,MSCI_WORLD,inflation,1,1.0,0.0,125,0.0,1.0,124,False,False,
2022-03-15,MSCI_WORLD,inflation,7,1.0,0.0,125,0.0,1.0,118,False,False,
2022-03-15,MSCI_WORLD,inflation,14,1.0,0.0,125,0.0,1.0,111,False,False,
2022-03-15,MSCI_WORLD,inflation,30,1.0,0.0,125,0.0,1.0,95,False,False,
2022-03-15,MSCI_WORLD,inflation,60,1.0,0.0,125,0.0,1.0,65,False,False,
2022-03-15,MSCI_WORLD,banking,1,1.0,0.0,125,0.0,1.0,124,False,False,
2022-03-15,MSCI_WORLD,banking,7,1.0,0.0,125,0.0,1.0,118,False,False,
2022-03-15,MSCI_WORLD,banking,14,1.0,0.0,125,0.0,1.0,111,False,False,
2022-03-15,MSCI_WORLD,banking,30,1.0,0.0,125,0.0,1.0,95,False,False,
2022-03-15,MSCI_WORLD,banking,60,1.0,0.0,125,0.0,1.0,65,False,False,
2022-03-15,MSCI_WORLD,gold,1,1.0,0.0,125,0.0,1.0,124,False,False,
2022-03-15,MSCI_WORLD,gold,7,1.0,0.0,125,0.0,1.0,118,False,False,
2022-03-15,MSCI_WORLD,gold,14,1.0,0.0,125,0.0,1.0,111,False,False,
2022-03-15,MSCI_WORLD,gold,30,1.0,0.0,125,0.0,1.0,95,False,False,
2022-03-15,MSCI_WORLD,gold,60,1.0,0.0,125,0.0,1.0,65,False,False,
2022-03-15,DXY,oil,1,1.0,0.0,125,0.0,1.0,124,False,False,
2022-03-15,DXY,oil,7,1.0,0.0,125,0.0,1.0,118,False,False,
2022-03-15,DXY,oil,14,1.0,0.0,125,0.0,1.0,111,False,False,
2022-03-15,DXY,oil,30,1.0,0.0,125,0.0,1.0,95,False,False,
2022-03-15,DXY,oil,60,1.0,0.0,125,0.0,1.0,65,False,False,
2022-03-15,DXY,rate,1,1.0,0.0,125,0.0,1.0,124,False,False,
2022-03-15,DXY,rate,7,1.0,0.0,125,0.0,1.0,118,False,False,
2022-03-15,DXY,rate,14,1.0,0.0,125,0.0,1.0,111,False,False,
2022-03-15,DXY,rate,30,1.0,0.0,125,0.0,1.0,95,False,False,
2022-03-15,DXY,rate,60,1.0,0.0,125,0.0,1.0,65,False,False,
2022-03-15,DXY,ruble,1,1.0,0.0,125,0.0,1.0,124,False,False,
2022-03-15,DXY,ruble,7,1.0,0.0,125,0.0,1.0,118,False,False,
2022-03-15,DXY,ruble,14,1.0,0.0,125,0.0,1.0,111,False,False,
2022-03-15,DXY,ruble,30,1.0,0.0,125,0.0,1.0,95,False,False,
2022-03-15,DXY,ruble,60,1.0,0.0,125,0.0,1.0,65,False,False,
2022-03-15,DXY,sanctions,1,1.0,0.0,125,0.0,1.0,124,False,False,
2022-03-15,DXY,sanctions,7,1.0,0.0,125,0.0,1.0,118,False,False,
2022-03-15,DXY,sanctions,14,1.0,0.0,125,0.0,1.0,111,False,False,
2022-03-15,DXY,sanctions,30,1.0,0.0,125,0.0,1.0,95,False,False,
2022-03-15,DXY,sanctions,60,1.0,0.0,125,0.0,1.0,65,False,False,
2022-03-15,DXY,inflation,1,1.0,0.0,125,0.0,1.0,124,False,False,
2022-03-15,DXY,inflation,7,1.0,0.0,125,0.0,1.0,118,False,False,
2022-03-15,DXY,inflation,14,1.0,0.0,125,0.0,1.0,111,False,False,
2022-03-15,DXY,inflation,30,1.0,0.0,125,0.0,1.0,95,False,False,
2022-03-15,DXY,inflation,60,1.0,0.0,125,0.0,1.0,65,False,False,
2022-03-15,DXY,banking,1,1.0,0.0,125,0.0,1.0,124,False,False,
2022-03-15,DXY,banking,7,1.0,0.0,125,0.0,1.0,118,False,False,
2022-03-15,DXY,banking,14,1.0,0.0,125,0.0,1.0,111,False,False,
2022-03-15,DXY,banking,30,1.0,0.0,125,0.0,1.0,95,False,False,
2022-03-15,DXY,banking,60,1.0,0.0,125,0.0,1.0,65,False,False,
2022-03-15,DXY,gold,1,1.0,0.0,125,0.0,1.0,124,False,False,
2022-03-15,DXY,gold,7,1.0,0.0,125,0.0,1.0,118,False,False,
2022-03-15,DXY,gold,14,1.0,0.0,125,0.0,1.0,111,False,False,
2022-03-15,DXY,gold,30,1.0,0.0,125,0.0,1.0,95,False,False,
2022-03-15,DXY,gold,60,1.0,0.0,125,0.0,1.0,65,False,False,
2022-03-15,MSCI_INDIA,oil,1,1.0,0.0,125,0.0,1.0,124,False,False,
2022-03-15,MSCI_INDIA,oil,7,1.0,0.0,125,0.0,1.0,118,False,False,
2022-03-15,MSCI_INDIA,oil,14,1.0,0.0,125,0.0,1.0,111,False,False,
2022-03-15,MSCI_INDIA,oil,30,1.0,0.0,125,0.0,1.0,95,False,False,
2022-03-15,MSCI_INDIA,oil,60,1.0,0.0,125,0.0,1.0,65,False,False,
2022-03-15,MSCI_INDIA,rate,1,1.0,0.0,125,0.0,1.0,124,False,False,
2022-03-15,MSCI_INDIA,rate,7,1.0,0.0,125,0.0,1.0,118,False,False,
2022-03-15,MSCI_INDIA,rate,14,1.0,0.0,125,0.0,1.0,111,False,False,
2022-03-15,MSCI_INDIA,rate,30,1.0,0.0,125,0.0,1.0,95,False,False,
2022-03-15,MSCI_INDIA,rate,60,1.0,0.0,125,0.0,1.0,65,False,False,
2022-03-15,MSCI_INDIA,ruble,1,1.0,0.0,125,0.0,1.0,124,False,False,
2022-03-15,MSCI_INDIA,ruble,7,1.0,0.0,125,0.0,1.0,118,False,False,
2022-03-15,MSCI_INDIA,ruble,14,1.0,0.0,125,0.0,1.0,111,False,False,
2022-03-15,MSCI_INDIA,ruble,30,1.0,0.0,125,0.0,1.0,95,False,False,
2022-03-15,MSCI_INDIA,ruble,60,1.0,0.0,125,0.0,1.0,65,False,False,
2022-03-15,MSCI_INDIA,sanctions,1,1.0,0.0,125,0.0,1.0,124,False,False,
2022-03-15,MSCI_INDIA,sanctions,7,1.0,0.0,125,0.0,1.0,118,False,False,
2022-03-15,MSCI_INDIA,sanctions,14,1.0,0.0,125,0.0,1.0,111,False,False,
2022-03-15,MSCI_INDIA,sanctions,30,1.0,0.0,125,0.0,1.0,95,False,False,
2022-03-15,MSCI_INDIA,sanctions,60,1.0,0.0,125,0.0,1.0,65,False,False,
2022-03-15,MSCI_INDIA,inflation,1,1.0,0.0,125,0.0,1.0,124,False,False,
2022-03-15,MSCI_INDIA,inflation,7,1.0,0.0,125,0.0,1.0,118,False,False,
2022-03-15,MSCI_INDIA,inflation,14,1.0,0.0,125,0.0,1.0,111,False,False,
2022-03-15,MSCI_INDIA,inflation,30,1.0,0.0,125,0.0,1.0,95,False,False,
2022-03-15,MSCI_INDIA,inflation,60,1.0,0.0,125,0.0,1.0,65,False,False,
2022-03-15,MSCI_INDIA,banking,1,1.0,0.0,125,0.0,1.0,124,False,False,
2022-03-15,MSCI_INDIA,banking,7,1.0,0.0,125,0.0,1.0,118,False,False,
2022-03-15,MSCI_INDIA,banking,14,1.0,0.0,125,0.0,1.0,111,False,False,
2022-03-15,MSCI_INDIA,banking,30,1.0,0.0,125,0.0,1.0,95,False,False,
2022-03-15,MSCI_INDIA,banking,60,1.0,0.0,125,0.0,1.0,65,False,False,
2022-03-15,MSCI_INDIA,gold,1,1.0,0.0,125,0.0,1.0,124,False,False,
2022-03-15,MSCI_INDIA,gold,7,1.0,0.0,125,0.0,1.0,118,False,False,
2022-03-15,MSCI_INDIA,gold,14,1.0,0.0,125,0.0,1.0,111,False,False,
2022-03-15,MSCI_INDIA,gold,30,1.0,0.0,125,0.0,1.0,95,False,False,
2022-03-15,MSCI_INDIA,gold,60,1.0,0.0,125,0.0,1.0,65,False,False,
2022-03-18,USD_RUB,oil,1,1.0,0.0,125,0.0,1.0,124,False,False,
2022-03-18,USD_RUB,oil,7,1.0,0.0,125,0.0,1.0,118,False,False,
2022-03-18,USD_RUB,oil,14,1.0,0.0,125,0.0,1.0,111,False,False,
2022-03-18,USD_RUB,oil,30,1.0,0.0,125,0.0,1.0,95,False,False,
2022-03-18,USD_RUB,oil,60,1.0,0.0,125,0.0,1.0,65,False,False,
2022-03-18,USD_RUB,rate,1,1.0,0.0,125,0.0,1.0,124,False,False,
2022-03-18,USD_RUB,rate,7,1.0,0.0,125,0.0,1.0,118,False,False,
2022-03-18,USD_RUB,rate,14,1.0,0.0,125,0.0,1.0,111,False,False,
2022-03-18,USD_RUB,rate,30,1.0,0.0,125,0.0,1.0,95,False,False,
2022-03-18,USD_RUB,rate,60,1.0,0.0,125,0.0,1.0,65,False,False,
2022-03-18,USD_RUB,ruble,1,1.0,0.0,125,0.0,1.0,124,False,False,
2022-03-18,USD_RUB,ruble,7,1.0,0.0,125,0.0,1.0,118,False,False,
2022-03-18,USD_RUB,ruble,14,1.0,0.0,125,0.0,1.0,111,False,False,
2022-03-18,USD_RUB,ruble,30,1.0,0.0,125,0.0,1.0,95,False,False,
2022-03-18,USD_RUB,ruble,60,1.0,0.0,125,0.0,1.0,65,False,False,
2022-03-18,USD_RUB,sanctions,1,1.0,0.0,125,0.0,1.0,124,False,False,
2022-03-18,USD_RUB,sanctions,7,1.0,0.0,125,0.0,1.0,118,False,False,
2022-03-18,USD_RUB,sanctions,14,1.0,0.0,125,0.0,1.0,111,False,False,
2022-03-18,USD_RUB,sanctions,30,1.0,0.0,125,0.0,1.0,95,False,False,
2022-03-18,USD_RUB,sanctions,60,1.0,0.0,125,0.0,1.0,65,False,False,
2022-03-18,USD_RUB,inflation,1,1.0,0.0,125,0.0,1.0,124,False,False,
2022-03-18,USD_RUB,inflation,7,1.0,0.0,125,0.0,1.0,118,False,False,
2022-03-18,USD_RUB,inflation,14,1.0,0.0,125,0.0,1.0,111,False,False,
2022-03-18,USD_RUB,inflation,30,1.0,0.0,125,0.0,1.0,95,False,False,
2022-03-18,USD_RUB,inflation,60,1.0,0.0,125,0.0,1.0,65,False,False,
2022-03-18,USD_RUB,banking,1,1.0,0.0,125,0.0,1.0,124,False,False,
2022-03-18,USD_RUB,banking,7,1.0,0.0,125,0.0,1.0,118,False,False,
2022-03-18,USD_RUB,banking,14,1.0,0.0,125,0.0,1.0,111,False,False,
2022-03-18,USD_RUB,banking,30,1.0,0.0,125,0.0,1.0,95,False,False,
2022-03-18,USD_RUB,banking,60,1.0,0.0,125,0.0,1.0,65,False,False,
2022-03-18,USD_RUB,gold,1,1.0,0.0,125,0.0,1.0,124,False,False,
2022-03-18,USD_RUB,gold,7,1.0,0.0,125,0.0,1.0,118,False,False,
2022-03-18,USD_RUB,gold,14,1.0,0.0,125,0.0,1.0,111,False,False,
2022-03-18,USD_RUB,gold,30,1.0,0.0,125,0.0,1.0,95,False,False,
2022-03-18,USD_RUB,gold,60,1.0,0.0,125,0.0,1.0,65,False,False,
2022-03-18,EUR_RUB,oil,1,1.0,0.0,125,0.0,1.0,124,False,False,
2022-03-18,EUR_RUB,oil,7,1.0,0.0,125,0.0,1.0,118,False,False,
2022-03-18,EUR_RUB,oil,14,1.0,0.0,125,0.0,1.0,111,False,False,
2022-03-18,EUR_RUB,oil,30,1.0,0.0,125,0.0,1.0,95,False,False,
2022-03-18,EUR_RUB,oil,60,1.0,0.0,125,0.0,1.0,65,False,False,
2022-03-18,EUR_RUB,rate,1,1.0,0.0,125,0.0,1.0,124,False,False,
2022-03-18,EUR_RUB,rate,7,1.0,0.0,125,0.0,1.0,118,False,False,
2022-03-18,EUR_RUB,rate,14,1.0,0.0,125,0.0,1.0,111,False,False,
2022-03-18,EUR_RUB,rate,30,1.0,0.0,125,0.0,1.0,95,False,False,
2022-03-18,EUR_RUB,rate,60,1.0,0.0,125,0.0,1.0,65,False,False,
2022-03-18,EUR_RUB,ruble,1,1.0,0.0,125,0.0,1.0,124,False,False,
2022-03-18,EUR_RUB,ruble,7,1.0,0.0,125,0.0,1.0,118,False,False,
2022-03-18,EUR_RUB,ruble,14,1.0,0.0,125,0.0,1.0,111,False,False,
2022-03-18,EUR_RUB,ruble,30,1.0,0.0,125,0.0,1.0,95,False,False,
2022-03-18,EUR_RUB,ruble,60,1.0,0.0,125,0.0,1.0,65,False,False,
2022-03-18,EUR_RUB,sanctions,1,1.0,0.0,125,0.0,1.0,124,False,False,
2022-03-18,EUR_RUB,sanctions,7,1.0,0.0,125,0.0,1.0,118,False,False,
2022-03-18,EUR_RUB,sanctions,14,1.0,0.0,125,0.0,1.0,111,False,False,
2022-03-18,EUR_RUB,sanctions,30,1.0,0.0,125,0.0,1.0,95,False,False,
2022-03-18,EUR_RUB,sanctions,60,1.0,0.0,125,0.0,1.0,65,False,False,
2022-03-18,EUR_RUB,inflation,1,1.0,0.0,125,0.0,1.0,124,False,False,
2022-03-18,EUR_RUB,inflation,7,1.0,0.0,125,0.0,1.0,118,False,False,
2022-03-18,EUR_RUB,inflation,14,1.0,0.0,125,0.0,1.0,111,False,False,
2022-03-18,EUR_RUB,inflation,30,1.0,0.0,125,0.0,1.0,95,False,False,
2022-03-18,EUR_RUB,inflation,60,1.0,0.0,125,0.0,1.0,65,False,False,
2022-03-18,EUR_RUB,banking,1,1.0,0.0,125,0.0,1.0,124,False,False,
2022-03-18,EUR_RUB,banking,7,1.0,0.0,125,0.0,1.0,118,False,False,
2022-03-18,EUR_RUB,banking,14,1.0,0.0,125,0.0,1.0,111,False,False,
2022-03-18,EUR_RUB,banking,30,1.0,0.0,125,0.0,1.0,95,False,False,
2022-03-18,EUR_RUB,banking,60,1.0,0.0,125,0.0,1.0,65,False,False,
2022-03-18,EUR_RUB,gold,1,1.0,0.0,125,0.0,1.0,124,False,False,
2022-03-18,EUR_RUB,gold,7,1.0,0.0,125,0.0,1.0,118,False,False,
2022-03-18,EUR_RUB,gold,14,1.0,0.0,125,0.0,1.0,111,False,False,
2022-03-18,EUR_RUB,gold,30,1.0,0.0,125,0.0,1.0,95,False,False,
2022-03-18,EUR_RUB,gold,60,1.0,0.0,125,0.0,1.0,65,False,False,
2022-03-18,BRENT,oil,1,1.0,0.0,125,0.0,1.0,124,False,False,
2022-03-18,BRENT,oil,7,1.0,0.0,125,0.0,1.0,118,False,False,
2022-03-18,BRENT,oil,14,1.0,0.0,125,0.0,1.0,111,False,False,
2022-03-18,BRENT,oil,30,1.0,0.0,125,0.0,1.0,95,False,False,
2022-03-18,BRENT,oil,60,1.0,0.0,125,0.0,1.0,65,False,False,
2022-03-18,BRENT,rate,1,1.0,0.0,125,0.0,1.0,124,False,False,
2022-03-18,BRENT,rate,7,1.0,0.0,125,0.0,1.0,118,False,False,
2022-03-18,BRENT,rate,14,1.0,0.0,125,0.0,1.0,111,False,False,
2022-03-18,BRENT,rate,30,1.0,0.0,125,0.0,1.0,95,False,False,
2022-03-18,BRENT,rate,60,1.0,0.0,125,0.0,1.0,65,False,False,
2022-03-18,BRENT,ruble,1,1.0,0.0,125,0.0,1.0,124,False,False,
2022-03-18,BRENT,ruble,7,1.0,0.0,125,0.0,1.0,118,False,False,
2022-03-18,BRENT,ruble,14,1.0,0.0,125,0.0,1.0,111,False,False,
2022-03-18,BRENT,ruble,30,1.0,0.0,125,0.0,1.0,95,False,False,
2022-03-18,BRENT,ruble,60,1.0,0.0,125,0.0,1.0,65,False,False,
2022-03-18,BRENT,sanctions,1,1.0,0.0,125,0.0,1.0,124,False,False,
2022-03-18,BRENT,sanctions,7,1.0,0.0,125,0.0,1.0,118,False,False,
2022-03-18,BRENT,sanctions,14,1.0,0.0,125,0.0,1.0,111,False,False,
2022-03-18,BRENT,sanctions,30,1.0,0.0,125,0.0,1.0,95,False,False,
2022-03-18,BRENT,sanctions,60,1.0,0.0,125,0.0,1.0,65,False,False,
2022-03-18,BRENT,inflation,1,1.0,0.0,125,0.0,1.0,124,False,False,
2022-03-18,BRENT,inflation,7,1.0,0.0,125,0.0,1.0,118,False,False,
2022-03-18,BRENT,inflation,14,1.0,0.0,125,0.0,1.0,111,False,False,
2022-03-18,BRENT,inflation,30,1.0,0.0,125,0.0,1.0,95,False,False,
2022-03-18,BRENT,inflation,60,1.0,0.0,125,0.0,1.0,65,False,False,
2022-03-18,BRENT,banking,1,1.0,0.0,125,0.0,1.0,124,False,False,
2022-03-18,BRENT,banking,7,1.0,0.0,125,0.0,1.0,118,False,False,
2022-03-18,BRENT,banking,14,1.0,0.0,125,0.0,1.0,111,False,False,
2022-03-18,BRENT,banking,30,1.0,0.0,125,0.0,1.0,95,False,False,
2022-03-18,BRENT,banking,60,1.0,0.0,125,0.0,1.0,65,False,False,
2022-03-18,BRENT,gold,1,1.0,0.0,125,0.0,1.0,124,False,False,
2022-03-18,BRENT,gold,7,1.0,0.0,125,0.0,1.0,118,False,False,
2022-03-18,BRENT,gold,14,1.0,0.0,125,0.0,1.0,111,False,False,
2022-03-18,BRENT,gold,30,1.0,0.0,125,0.0,1.0,95,False,False,
2022-03-18,BRENT,gold,60,1.0,0.0,125,0.0,1.0,65,False,False,
2022-03-18,SP500,oil,1,1.0,0.0,125,0.0,1.0,124,False,False,
2022-03-18,SP500,oil,7,1.0,0.0,125,0.0,1.0,118,False,False,
2022-03-18,SP500,oil,14,1.0,0.0,125,0.0,1.0,111,False,False,
2022-03-18,SP500,oil,30,1.0,0.0,125,0.0,1.0,95,False,False,
2022-03-18,SP500,oil,60,1.0,0.0,125,0.0,1.0,65,False,False,
2022-03-18,SP500,rate,1,1.0,0.0,125,0.0,1.0,124,False,False,
2022-03-18,SP500,rate,7,1.0,0.0,125,0.0,1.0,118,False,False,
2022-03-18,SP500,rate,14,1.0,0.0,125,0.0,1.0,111,False,False,
2022-03-18,SP500,rate,30,1.0,0.0,125,0.0,1.0,95,False,False,
2022-03-18,SP500,rate,60,1.0,0.0,125,0.0,1.0,65,False,False,
2022-03-18,SP500,ruble,1,1.0,0.0,125,0.0,1.0,124,False,False,
2022-03-18,SP500,ruble,7,1.0,0.0,125,0.0,1.0,118,False,False,
2022-03-18,SP500,ruble,14,1.0,0.0,125,0.0,1.0,111,False,False,
2022-03-18,SP500,ruble,30,1.0,0.0,125,0.0,1.0,95,False,False,
2022-03-18,SP500,ruble,60,1.0,0.0,125,0.0,1.0,65,False,False,
2022-03-18,SP500,sanctions,1,1.0,0.0,125,0.0,1.0,124,False,False,
2022-03-18,SP500,sanctions,7,1.0,0.0,125,0.0,1.0,118,False,False,
2022-03-18,SP500,sanctions,14,1.0,0.0,125,0.0,1.0,111,False,False,
2022-03-18,SP500,sanctions,30,1.0,0.0,125,0.0,1.0,95,False,False,
2022-03-18,SP500,sanctions,60,1.0,0.0,125,0.0,1.0,65,False,False,
2022-03-18,SP500,inflation,1,1.0,0.0,125,0.0,1.0,124,False,False,
2022-03-18,SP500,inflation,7,1.0,0.0,125,0.0,1.0,118,False,False,
2022-03-18,SP500,inflation,14,1.0,0.0,125,0.0,1.0,111,False,False,
2022-03-18,SP500,inflation,30,1.0,0.0,125,0.0,1.0,95,False,False,
2022-03-18,SP500,inflation,60,1.0,0.0,125,0.0,1.0,65,False,False,
2022-03-18,SP500,banking,1,1.0,0.0,125,0.0,1.0,124,False,False,
2022-03-18,SP500,banking,7,1.0,0.0,125,0.0,1.0,118,False,False,
2022-03-18,SP500,banking,14,1.0,0.0,125,0.0,1.0,111,False,False,
2022-03-18,SP500,banking,30,1.0,0.0,125,0.0,1.0,95,False,False,
2022-03-18,SP500,banking,60,1.0,0.0,125,0.0,1.0,65,False,False,
2022-03-18,SP500,gold,1,1.0,0.0,125,0.0,1.0,124,False,False,
2022-03-18,SP500,gold,7,1.0,0.0,125,0.0,1.0,118,False,False,
2022-03-18,SP500,gold,14,1.0,0.0,125,0.0,1.0,111,False,False,
2022-03-18,SP500,gold,30,1.0,0.0,125,0.0,1.0,95,False,False,
2022-03-18,SP500,gold,60,1.0,0.0,125,0.0,1.0,65,False,False,
2022-03-18,MSCI_WORLD,oil,1,1.0,0.0,125,0.0,1.0,124,False,False,
2022-03-18,MSCI_WORLD,oil,7,1.0,0.0,125,0.0,1.0,118,False,False,
2022-03-18,MSCI_WORLD,oil,14,1.0,0.0,125,0.0,1.0,111,False,False,
2022-03-18,MSCI_WORLD,oil,30,1.0,0.0,125,0.0,1.0,95,False,False,
2022-03-18,MSCI_WORLD,oil,60,1.0,0.0,125,0.0,1.0,65,False,False,
2022-03-18,MSCI_WORLD,rate,1,1.0,0.0,125,0.0,1.0,124,False,False,
2022-03-18,MSCI_WORLD,rate,7,1.0,0.0,125,0.0,1.0,118,False,False,
2022-03-18,MSCI_WORLD,rate,14,1.0,0.0,125,0.0,1.0,111,False,False,
2022-03-18,MSCI_WORLD,rate,30,1.0,0.0,125,0.0,1.0,95,False,False,
2022-03-18,MSCI_WORLD,rate,60,1.0,0.0,125,0.0,1.0,65,False,False,
2022-03-18,MSCI_WORLD,ruble,1,1.0,0.0,125,0.0,1.0,124,False,False,
2022-03-18,MSCI_WORLD,ruble,7,1.0,0.0,125,0.0,1.0,118,False,False,
2022-03-18,MSCI_WORLD,ruble,14,1.0,0.0,125,0.0,1.0,111,False,False,
2022-03-18,MSCI_WORLD,ruble,30,1.0,0.0,125,0.0,1.0,95,False,False,
2022-03-18,MSCI_WORLD,ruble,60,1.0,0.0,125,0.0,1.0,65,False,False,
2022-03-18,MSCI_WORLD,sanctions,1,1.0,0.0,125,0.0,1.0,124,False,False,
2022-03-18,MSCI_WORLD,sanctions,7,1.0,0.0,125,0.0,1.0,118,False,False,
2022-03-18,MSCI_WORLD,sanctions,14,1.0,0.0,125,0.0,1.0,111,False,False,
2022-03-18,MSCI_WORLD,sanctions,30,1.0,0.0,125,0.0,1.0,95,False,False,
2022-03-18,MSCI_WORLD,sanctions,60,1.0,0.0,125,0.0,1.0,65,False,False,
2022-03-18,MSCI_WORLD,inflation,1,1.0,0.0,125,0.0,1.0,124,False,False,
2022-03-18,MSCI_WORLD,inflation,7,1.0,0.0,125,0.0,1.0,118,False,False,
2022-03-18,MSCI_WORLD,inflation,14,1.0,0.0,125,0.0,1.0,111,False,False,
2022-03-18,MSCI_WORLD,inflation,30,1.0,0.0,125,0.0,1.0,95,False,False,
2022-03-18,MSCI_WORLD,inflation,60,1.0,0.0,125,0.0,1.0,65,False,False,
2022-03-18,MSCI_WORLD,banking,1,1.0,0.0,125,0.0,1.0,124,False,False,
2022-03-18,MSCI_WORLD,banking,7,1.0,0.0,125,0.0,1.0,118,False,False,
2022-03-18,MSCI_WORLD,banking,14,1.0,0.0,125,0.0,1.0,111,False,False,
2022-03-18,MSCI_WORLD,banking,30,1.0,0.0,125,0.0,1.0,95,False,False,
2022-03-18,MSCI_WORLD,banking,60,1.0,0.0,125,0.0,1.0,65,False,False,
2022-03-18,MSCI_WORLD,gold,1,1.0,0.0,125,0.0,1.0,124,False,False,
2022-03-18,MSCI_WORLD,gold,7,1.0,0.0,125,0.0,1.0,118,False,False,
2022-03-18,MSCI_WORLD,gold,14,1.0,0.0,125,0.0,1.0,111,False,False,
2022-03-18,MSCI_WORLD,gold,30,1.0,0.0,125,0.0,1.0,95,False,False,
2022-03-18,MSCI_WORLD,gold,60,1.0,0.0,125,0.0,1.0,65,False,False,
2022-03-18,DXY,oil,1,1.0,0.0,125,0.0,1.0,124,False,False,
2022-03-18,DXY,oil,7,1.0,0.0,125,0.0,1.0,118,False,False,
2022-03-18,DXY,oil,14,1.0,0.0,125,0.0,1.0,111,False,False,
2022-03-18,DXY,oil,30,1.0,0.0,125,0.0,1.0,95,False,False,
2022-03-18,DXY,oil,60,1.0,0.0,125,0.0,1.0,65,False,False,
2022-03-18,DXY,rate,1,1.0,0.0,125,0.0,1.0,124,False,False,
2022-03-18,DXY,rate,7,1.0,0.0,125,0.0,1.0,118,False,False,
2022-03-18,DXY,rate,14,1.0,0.0,125,0.0,1.0,111,False,False,
2022-03-18,DXY,rate,30,1.0,0.0,125,0.0,1.0,95,False,False,
2022-03-18,DXY,rate,60,1.0,0.0,125,0.0,1.0,65,False,False,
2022-03-18,DXY,ruble,1,1.0,0.0,125,0.0,1.0,124,False,False,
2022-03-18,DXY,ruble,7,1.0,0.0,125,0.0,1.0,118,False,False,
2022-03-18,DXY,ruble,14,1.0,0.0,125,0.0,1.0,111,False,False,
2022-03-18,DXY,ruble,30,1.0,0.0,125,0.0,1.0,95,False,False,
2022-03-18,DXY,ruble,60,1.0,0.0,125,0.0,1.0,65,False,False,
2022-03-18,DXY,sanctions,1,1.0,0.0,125,0.0,1.0,124,False,False,
2022-03-18,DXY,sanctions,7,1.0,0.0,125,0.0,1.0,118,False,False,
2022-03-18,DXY,sanctions,14,1.0,0.0,125,0.0,1.0,111,False,False,
2022-03-18,DXY,sanctions,30,1.0,0.0,125,0.0,1.0,95,False,False,
2022-03-18,DXY,sanctions,60,1.0,0.0,125,0.0,1.0,65,False,False,
2022-03-18,DXY,inflation,1,1.0,0.0,125,0.0,1.0,124,False,False,
2022-03-18,DXY,inflation,7,1.0,0.0,125,0.0,1.0,118,False,False,
2022-03-18,DXY,inflation,14,1.0,0.0,125,0.0,1.0,111,False,False,
2022-03-18,DXY,inflation,30,1.0,0.0,125,0.0,1.0,95,False,False,
2022-03-18,DXY,inflation,60,1.0,0.0,125,0.0,1.0,65,False,False,
2022-03-18,DXY,banking,1,1.0,0.0,125,0.0,1.0,124,False,False,
2022-03-18,DXY,banking,7,1.0,0.0,125,0.0,1.0,118,False,False,
2022-03-18,DXY,banking,14,1.0,0.0,125,0.0,1.0,111,False,False,
2022-03-18,DXY,banking,30,1.0,0.0,125,0.0,1.0,95,False,False,
2022-03-18,DXY,banking,60,1.0,0.0,125,0.0,1.0,65,False,False,
2022-03-18,DXY,gold,1,1.0,0.0,125,0.0,1.0,124,False,False,
2022-03-18,DXY,gold,7,1.0,0.0,125,0.0,1.0,118,False,False,
2022-03-18,DXY,gold,14,1.0,0.0,125,0.0,1.0,111,False,False,
2022-03-18,DXY,gold,30,1.0,0.0,125,0.0,1.0,95,False,False,
2022-03-18,DXY,gold,60,1.0,0.0,125,0.0,1.0,65,False,False,
2022-03-18,MSCI_INDIA,oil,1,1.0,0.0,125,0.0,1.0,124,False,False,
2022-03-18,MSCI_INDIA,oil,7,1.0,0.0,125,0.0,1.0,118,False,False,
2022-03-18,MSCI_INDIA,oil,14,1.0,0.0,125,0.0,1.0,111,False,False,
2022-03-18,MSCI_INDIA,oil,30,1.0,0.0,125,0.0,1.0,95,False,False,
2022-03-18,MSCI_INDIA,oil,60,1.0,0.0,125,0.0,1.0,65,False,False,
2022-03-18,MSCI_INDIA,rate,1,1.0,0.0,125,0.0,1.0,124,False,False,
2022-03-18,MSCI_INDIA,rate,7,1.0,0.0,125,0.0,1.0,118,False,False,
2022-03-18,MSCI_INDIA,rate,14,1.0,0.0,125,0.0,1.0,111,False,False,
2022-03-18,MSCI_INDIA,rate,30,1.0,0.0,125,0.0,1.0,95,False,False,
2022-03-18,MSCI_INDIA,rate,60,1.0,0.0,125,0.0,1.0,65,False,False,
2022-03-18,MSCI_INDIA,ruble,1,1.0,0.0,125,0.0,1.0,124,False,False,
2022-03-18,MSCI_INDIA,ruble,7,1.0,0.0,125,0.0,1.0,118,False,False,
2022-03-18,MSCI_INDIA,ruble,14,1.0,0.0,125,0.0,1.0,111,False,False,
2022-03-18,MSCI_INDIA,ruble,30,1.0,0.0,125,0.0,1.0,95,False,False,
2022-03-18,MSCI_INDIA,ruble,60,1.0,0.0,125,0.0,1.0,65,False,False,
2022-03-18,MSCI_INDIA,sanctions,1,1.0,0.0,125,0.0,1.0,124,False,False,
2022-03-18,MSCI_INDIA,sanctions,7,1.0,0.0,125,0.0,1.0,118,False,False,
2022-03-18,MSCI_INDIA,sanctions,14,1.0,0.0,125,0.0,1.0,111,False,False,
2022-03-18,MSCI_INDIA,sanctions,30,1.0,0.0,125,0.0,1.0,95,False,False,
2022-03-18,MSCI_INDIA,sanctions,60,1.0,0.0,125,0.0,1.0,65,False,False,
2022-03-18,MSCI_INDIA,inflation,1,1.0,0.0,125,0.0,1.0,124,False,False,
2022-03-18,MSCI_INDIA,inflation,7,1.0,0.0,125,0.0,1.0,118,False,False,
2022-03-18,MSCI_INDIA,inflation,14,1.0,0.0,125,0.0,1.0,111,False,False,
2022-03-18,MSCI_INDIA,inflation,30,1.0,0.0,125,0.0,1.0,95,False,False,
2022-03-18,MSCI_INDIA,inflation,60,1.0,0.0,125,0.0,1.0,65,False,False,
2022-03-18,MSCI_INDIA,banking,1,1.0,0.0,125,0.0,1.0,124,False,False,
2022-03-18,MSCI_INDIA,banking,7,1.0,0.0,125,0.0,1.0,118,False,False,
2022-03-18,MSCI_INDIA,banking,14,1.0,0.0,125,0.0,1.0,111,False,False,
2022-03-18,MSCI_INDIA,banking,30,1.0,0.0,125,0.0,1.0,95,False,False,
2022-03-18,MSCI_INDIA,banking,60,1.0,0.0,125,0.0,1.0,65,False,False,
2022-03-18,MSCI_INDIA,gold,1,1.0,0.0,125,0.0,1.0,124,False,False,
2022-03-18,MSCI_INDIA,gold,7,1.0,0.0,125,0.0,1.0,118,False,False,
2022-03-18,MSCI_INDIA,gold,14,1.0,0.0,125,0.0,1.0,111,False,False,
2022-03-18,MSCI_INDIA,gold,30,1.0,0.0,125,0.0,1.0,95,False,False,
2022-03-18,MSCI_INDIA,gold,60,1.0,0.0,125,0.0,1.0,65,False,False,
2022-03-21,USD_RUB,oil,1,1.0,0.0,125,0.0,1.0,124,False,False,
2022-03-21,USD_RUB,oil,7,1.0,0.0,125,0.0,1.0,118,False,False,
2022-03-21,USD_RUB,oil,14,1.0,0.0,125,0.0,1.0,111,False,False,
2022-03-21,USD_RUB,oil,30,1.0,0.0,125,0.0,1.0,95,False,False,
2022-03-21,USD_RUB,oil,60,1.0,0.0,125,0.0,1.0,65,False,False,
2022-03-21,USD_RUB,rate,1,1.0,0.0,125,0.0,1.0,124,False,False,
2022-03-21,USD_RUB,rate,7,1.0,0.0,125,0.0,1.0,118,False,False,
2022-03-21,USD_RUB,rate,14,1.0,0.0,125,0.0,1.0,111,False,False,
2022-03-21,USD_RUB,rate,30,1.0,0.0,125,0.0,1.0,95,False,False,
2022-03-21,USD_RUB,rate,60,1.0,0.0,125,0.0,1.0,65,False,False,
2022-03-21,USD_RUB,ruble,1,1.0,0.0,125,0.0,1.0,124,False,False,
2022-03-21,USD_RUB,ruble,7,1.0,0.0,125,0.0,1.0,118,False,False,
2022-03-21,USD_RUB,ruble,14,1.0,0.0,125,0.0,1.0,111,False,False,
2022-03-21,USD_RUB,ruble,30,1.0,0.0,125,0.0,1.0,95,False,False,
2022-03-21,USD_RUB,ruble,60,1.0,0.0,125,0.0,1.0,65,False,False,
2022-03-21,USD_RUB,sanctions,1,1.0,0.0,125,0.0,1.0,124,False,False,
2022-03-21,USD_RUB,sanctions,7,1.0,0.0,125,0.0,1.0,118,False,False,
2022-03-21,USD_RUB,sanctions,14,1.0,0.0,125,0.0,1.0,111,False,False,
2022-03-21,USD_RUB,sanctions,30,1.0,0.0,125,0.0,1.0,95,False,False,
2022-03-21,USD_RUB,sanctions,60,1.0,0.0,125,0.0,1.0,65,False,False,
2022-03-21,USD_RUB,inflation,1,1.0,0.0,125,0.0,1.0,124,False,False,
2022-03-21,USD_RUB,inflation,7,1.0,0.0,125,0.0,1.0,118,False,False,
2022-03-21,USD_RUB,inflation,14,1.0,0.0,125,0.0,1.0,111,False,False,
2022-03-21,USD_RUB,inflation,30,1.0,0.0,125,0.0,1.0,95,False,False,
2022-03-21,USD_RUB,inflation,60,1.0,0.0,125,0.0,1.0,65,False,False,
2022-03-21,USD_RUB,banking,1,1.0,0.0,125,0.0,1.0,124,False,False,
2022-03-21,USD_RUB,banking,7,1.0,0.0,125,0.0,1.0,118,False,False,
2022-03-21,USD_RUB,banking,14,1.0,0.0,125,0.0,1.0,111,False,False,
2022-03-21,USD_RUB,banking,30,1.0,0.0,125,0.0,1.0,95,False,False,
2022-03-21,USD_RUB,banking,60,1.0,0.0,125,0.0,1.0,65,False,False,
2022-03-21,USD_RUB,gold,1,1.0,0.0,125,0.0,1.0,124,False,False,
2022-03-21,USD_RUB,gold,7,1.0,0.0,125,0.0,1.0,118,False,False,
2022-03-21,USD_RUB,gold,14,1.0,0.0,125,0.0,1.0,111,False,False,
2022-03-21,USD_RUB,gold,30,1.0,0.0,125,0.0,1.0,95,False,False,
2022-03-21,USD_RUB,gold,60,1.0,0.0,125,0.0,1.0,65,False,False,
2022-03-21,EUR_RUB,oil,1,1.0,0.0,125,0.0,1.0,124,False,False,
2022-03-21,EUR_RUB,oil,7,1.0,0.0,125,0.0,1.0,118,False,False,
2022-03-21,EUR_RUB,oil,14,1.0,0.0,125,0.0,1.0,111,False,False,
2022-03-21,EUR_RUB,oil,30,1.0,0.0,125,0.0,1.0,95,False,False,
2022-03-21,EUR_RUB,oil,60,1.0,0.0,125,0.0,1.0,65,False,False,
2022-03-21,EUR_RUB,rate,1,1.0,0.0,125,0.0,1.0,124,False,False,
2022-03-21,EUR_RUB,rate,7,1.0,0.0,125,0.0,1.0,118,False,False,
2022-03-21,EUR_RUB,rate,14,1.0,0.0,125,0.0,1.0,111,False,False,
2022-03-21,EUR_RUB,rate,30,1.0,0.0,125,0.0,1.0,95,False,False,
2022-03-21,EUR_RUB,rate,60,1.0,0.0,125,0.0,1.0,65,False,False,
2022-03-21,EUR_RUB,ruble,1,1.0,0.0,125,0.0,1.0,124,False,False,
2022-03-21,EUR_RUB,ruble,7,1.0,0.0,125,0.0,1.0,118,False,False,
2022-03-21,EUR_RUB,ruble,14,1.0,0.0,125,0.0,1.0,111,False,False,
2022-03-21,EUR_RUB,ruble,30,1.0,0.0,125,0.0,1.0,95,False,False,
2022-03-21,EUR_RUB,ruble,60,1.0,0.0,125,0.0,1.0,65,False,False,
2022-03-21,EUR_RUB,sanctions,1,1.0,0.0,125,0.0,1.0,124,False,False,
2022-03-21,EUR_RUB,sanctions,7,1.0,0.0,125,0.0,1.0,118,False,False,
2022-03-21,EUR_RUB,sanctions,14,1.0,0.0,125,0.0,1.0,111,False,False,
2022-03-21,EUR_RUB,sanctions,30,1.0,0.0,125,0.0,1.0,95,False,False,
2022-03-21,EUR_RUB,sanctions,60,1.0,0.0,125,0.0,1.0,65,False,False,
2022-03-21,EUR_RUB,inflation,1,1.0,0.0,125,0.0,1.0,124,False,False,
2022-03-21,EUR_RUB,inflation,7,1.0,0.0,125,0.0,1.0,118,False,False,
2022-03-21,EUR_RUB,inflation,14,1.0,0.0,125,0.0,1.0,111,False,False,
2022-03-21,EUR_RUB,inflation,30,1.0,0.0,125,0.0,1.0,95,False,False,
2022-03-21,EUR_RUB,inflation,60,1.0,0.0,125,0.0,1.0,65,False,False,
2022-03-21,EUR_RUB,banking,1,1.0,0.0,125,0.0,1.0,124,False,False,
2022-03-21,EUR_RUB,banking,7,1.0,0.0,125,0.0,1.0,118,False,False,
2022-03-21,EUR_RUB,banking,14,1.0,0.0,125,0.0,1.0,111,False,False,
2022-03-21,EUR_RUB,banking,30,1.0,0.0,125,0.0,1.0,95,False,False,
2022-03-21,EUR_RUB,banking,60,1.0,0.0,125,0.0,1.0,65,False,False,
2022-03-21,EUR_RUB,gold,1,1.0,0.0,125,0.0,1.0,124,False,False,
2022-03-21,EUR_RUB,gold,7,1.0,0.0,125,0.0,1.0,118,False,False,
2022-03-21,EUR_RUB,gold,14,1.0,0.0,125,0.0,1.0,111,False,False,
2022-03-21,EUR_RUB,gold,30,1.0,0.0,125,0.0,1.0,95,False,False,
2022-03-21,EUR_RUB,gold,60,1.0,0.0,125,0.0,1.0,65,False,False,
2022-03-21,BRENT,oil,1,1.0,0.0,125,0.0,1.0,124,False,False,
2022-03-21,BRENT,oil,7,1.0,0.0,125,0.0,1.0,118,False,False,
2022-03-21,BRENT,oil,14,1.0,0.0,125,0.0,1.0,111,False,False,
2022-03-21,BRENT,oil,30,1.0,0.0,125,0.0,1.0,95,False,False,
2022-03-21,BRENT,oil,60,1.0,0.0,125,0.0,1.0,65,False,False,
2022-03-21,BRENT,rate,1,1.0,0.0,125,0.0,1.0,124,False,False,
2022-03-21,BRENT,rate,7,1.0,0.0,125,0.0,1.0,118,False,False,
2022-03-21,BRENT,rate,14,1.0,0.0,125,0.0,1.0,111,False,False,
2022-03-21,BRENT,rate,30,1.0,0.0,125,0.0,1.0,95,False,False,
2022-03-21,BRENT,rate,60,1.0,0.0,125,0.0,1.0,65,False,False,
2022-03-21,BRENT,ruble,1,1.0,0.0,125,0.0,1.0,124,False,False,
2022-03-21,BRENT,ruble,7,1.0,0.0,125,0.0,1.0,118,False,False,
2022-03-21,BRENT,ruble,14,1.0,0.0,125,0.0,1.0,111,False,False,
2022-03-21,BRENT,ruble,30,1.0,0.0,125,0.0,1.0,95,False,False,
2022-03-21,BRENT,ruble,60,1.0,0.0,125,0.0,1.0,65,False,False,
2022-03-21,BRENT,sanctions,1,1.0,0.0,125,0.0,1.0,124,False,False,
2022-03-21,BRENT,sanctions,7,1.0,0.0,125,0.0,1.0,118,False,False,
2022-03-21,BRENT,sanctions,14,1.0,0.0,125,0.0,1.0,111,False,False,
2022-03-21,BRENT,sanctions,30,1.0,0.0,125,0.0,1.0,95,False,False,
2022-03-21,BRENT,sanctions,60,1.0,0.0,125,0.0,1.0,65,False,False,
2022-03-21,BRENT,inflation,1,1.0,0.0,125,0.0,1.0,124,False,False,
2022-03-21,BRENT,inflation,7,1.0,0.0,125,0.0,1.0,118,False,False,
2022-03-21,BRENT,inflation,14,1.0,0.0,125,0.0,1.0,111,False,False,
2022-03-21,BRENT,inflation,30,1.0,0.0,125,0.0,1.0,95,False,False,
2022-03-21,BRENT,inflation,60,1.0,0.0,125,0.0,1.0,65,False,False,
2022-03-21,BRENT,banking,1,1.0,0.0,125,0.0,1.0,124,False,False,
2022-03-21,BRENT,banking,7,1.0,0.0,125,0.0,1.0,118,False,False,
2022-03-21,BRENT,banking,14,1.0,0.0,125,0.0,1.0,111,False,False,
2022-03-21,BRENT,banking,30,1.0,0.0,125,0.0,1.0,95,False,False,
2022-03-21,BRENT,banking,60,1.0,0.0,125,0.0,1.0,65,False,False,
2022-03-21,BRENT,gold,1,1.0,0.0,125,0.0,1.0,124,False,False,
2022-03-21,BRENT,gold,7,1.0,0.0,125,0.0,1.0,118,False,False,
2022-03-21,BRENT,gold,14,1.0,0.0,125,0.0,1.0,111,False,False,
2022-03-21,BRENT,gold,30,1.0,0.0,125,0.0,1.0,95,False,False,
2022-03-21,BRENT,gold,60,1.0,0.0,125,0.0,1.0,65,False,False,
2022-03-21,SP500,oil,1,1.0,0.0,125,0.0,1.0,124,False,False,
2022-03-21,SP500,oil,7,1.0,0.0,125,0.0,1.0,118,False,False,
2022-03-21,SP500,oil,14,1.0,0.0,125,0.0,1.0,111,False,False,
2022-03-21,SP500,oil,30,1.0,0.0,125,0.0,1.0,95,False,False,
2022-03-21,SP500,oil,60,1.0,0.0,125,0.0,1.0,65,False,False,
2022-03-21,SP500,rate,1,1.0,0.0,125,0.0,1.0,124,False,False,
2022-03-21,SP500,rate,7,1.0,0.0,125,0.0,1.0,118,False,False,
2022-03-21,SP500,rate,14,1.0,0.0,125,0.0,1.0,111,False,False,
2022-03-21,SP500,rate,30,1.0,0.0,125,0.0,1.0,95,False,False,
2022-03-21,SP500,rate,60,1.0,0.0,125,0.0,1.0,65,False,False,
2022-03-21,SP500,ruble,1,1.0,0.0,125,0.0,1.0,124,False,False,
2022-03-21,SP500,ruble,7,1.0,0.0,125,0.0,1.0,118,False,False,
2022-03-21,SP500,ruble,14,1.0,0.0,125,0.0,1.0,111,False,False,
2022-03-21,SP500,ruble,30,1.0,0.0,125,0.0,1.0,95,False,False,
2022-03-21,SP500,ruble,60,1.0,0.0,125,0.0,1.0,65,False,False,
2022-03-21,SP500,sanctions,1,1.0,0.0,125,0.0,1.0,124,False,False,
2022-03-21,SP500,sanctions,7,1.0,0.0,125,0.0,1.0,118,False,False,
2022-03-21,SP500,sanctions,14,1.0,0.0,125,0.0,1.0,111,False,False,
2022-03-21,SP500,sanctions,30,1.0,0.0,125,0.0,1.0,95,False,False,
2022-03-21,SP500,sanctions,60,1.0,0.0,125,0.0,1.0,65,False,False,
2022-03-21,SP500,inflation,1,1.0,0.0,125,0.0,1.0,124,False,False,
2022-03-21,SP500,inflation,7,1.0,0.0,125,0.0,1.0,118,False,False,
2022-03-21,SP500,inflation,14,1.0,0.0,125,0.0,1.0,111,False,False,
2022-03-21,SP500,inflation,30,1.0,0.0,125,0.0,1.0,95,False,False,
2022-03-21,SP500,inflation,60,1.0,0.0,125,0.0,1.0,65,False,False,
2022-03-21,SP500,banking,1,1.0,0.0,125,0.0,1.0,124,False,False,
2022-03-21,SP500,banking,7,1.0,0.0,125,0.0,1.0,118,False,False,
2022-03-21,SP500,banking,14,1.0,0.0,125,0.0,1.0,111,False,False,
2022-03-21,SP500,banking,30,1.0,0.0,125,0.0,1.0,95,False,False,
2022-03-21,SP500,banking,60,1.0,0.0,125,0.0,1.0,65,False,False,
2022-03-21,SP500,gold,1,1.0,0.0,125,0.0,1.0,124,False,False,
2022-03-21,SP500,gold,7,1.0,0.0,125,0.0,1.0,118,False,False,
2022-03-21,SP500,gold,14,1.0,0.0,125,0.0,1.0,111,False,False,
2022-03-21,SP500,gold,30,1.0,0.0,125,0.0,1.0,95,False,False,
2022-03-21,SP500,gold,60,1.0,0.0,125,0.0,1.0,65,False,False,
2022-03-21,MSCI_WORLD,oil,1,1.0,0.0,125,0.0,1.0,124,False,False,
2022-03-21,MSCI_WORLD,oil,7,1.0,0.0,125,0.0,1.0,118,False,False,
2022-03-21,MSCI_WORLD,oil,14,1.0,0.0,125,0.0,1.0,111,False,False,
2022-03-21,MSCI_WORLD,oil,30,1.0,0.0,125,0.0,1.0,95,False,False,
2022-03-21,MSCI_WORLD,oil,60,1.0,0.0,125,0.0,1.0,65,False,False,
2022-03-21,MSCI_WORLD,rate,1,1.0,0.0,125,0.0,1.0,124,False,False,
2022-03-21,MSCI_WORLD,rate,7,1.0,0.0,125,0.0,1.0,118,False,False,
2022-03-21,MSCI_WORLD,rate,14,1.0,0.0,125,0.0,1.0,111,False,False,
2022-03-21,MSCI_WORLD,rate,30,1.0,0.0,125,0.0,1.0,95,False,False,
2022-03-21,MSCI_WORLD,rate,60,1.0,0.0,125,0.0,1.0,65,False,False,
2022-03-21,MSCI_WORLD,ruble,1,1.0,0.0,125,0.0,1.0,124,False,False,
2022-03-21,MSCI_WORLD,ruble,7,1.0,0.0,125,0.0,1.0,118,False,False,
2022-03-21,MSCI_WORLD,ruble,14,1.0,0.0,125,0.0,1.0,111,False,False,
2022-03-21,MSCI_WORLD,ruble,30,1.0,0.0,125,0.0,1.0,95,False,False,
2022-03-21,MSCI_WORLD,ruble,60,1.0,0.0,125,0.0,1.0,65,False,False,
2022-03-21,MSCI_WORLD,sanctions,1,1.0,0.0,125,0.0,1.0,124,False,False,
2022-03-21,MSCI_WORLD,sanctions,7,1.0,0.0,125,0.0,1.0,118,False,False,
2022-03-21,MSCI_WORLD,sanctions,14,1.0,0.0,125,0.0,1.0,111,False,False,
2022-03-21,MSCI_WORLD,sanctions,30,1.0,0.0,125,0.0,1.0,95,False,False,
2022-03-21,MSCI_WORLD,sanctions,60,1.0,0.0,125,0.0,1.0,65,False,False,
2022-03-21,MSCI_WORLD,inflation,1,1.0,0.0,125,0.0,1.0,124,False,False,
2022-03-21,MSCI_WORLD,inflation,7,1.0,0.0,125,0.0,1.0,118,False,False,
2022-03-21,MSCI_WORLD,inflation,14,1.0,0.0,125,0.0,1.0,111,False,False,
2022-03-21,MSCI_WORLD,inflation,30,1.0,0.0,125,0.0,1.0,95,False,False,
2022-03-21,MSCI_WORLD,inflation,60,1.0,0.0,125,0.0,1.0,65,False,False,
2022-03-21,MSCI_WORLD,banking,1,1.0,0.0,125,0.0,1.0,124,False,False,
2022-03-21,MSCI_WORLD,banking,7,1.0,0.0,125,0.0,1.0,118,False,False,
2022-03-21,MSCI_WORLD,banking,14,1.0,0.0,125,0.0,1.0,111,False,False,
2022-03-21,MSCI_WORLD,banking,30,1.0,0.0,125,0.0,1.0,95,False,False,
2022-03-21,MSCI_WORLD,banking,60,1.0,0.0,125,0.0,1.0,65,False,False,
2022-03-21,MSCI_WORLD,gold,1,1.0,0.0,125,0.0,1.0,124,False,False,
2022-03-21,MSCI_WORLD,gold,7,1.0,0.0,125,0.0,1.0,118,False,False,
2022-03-21,MSCI_WORLD,gold,14,1.0,0.0,125,0.0,1.0,111,False,False,
2022-03-21,MSCI_WORLD,gold,30,1.0,0.0,125,0.0,1.0,95,False,False,
2022-03-21,MSCI_WORLD,gold,60,1.0,0.0,125,0.0,1.0,65,False,False,
2022-03-21,DXY,oil,1,1.0,0.0,125,0.0,1.0,124,False,False,
2022-03-21,DXY,oil,7,1.0,0.0,125,0.0,1.0,118,False,False,
2022-03-21,DXY,oil,14,1.0,0.0,125,0.0,1.0,111,False,False,
2022-03-21,DXY,oil,30,1.0,0.0,125,0.0,1.0,95,False,False,
2022-03-21,DXY,oil,60,1.0,0.0,125,0.0,1.0,65,False,False,
2022-03-21,DXY,rate,1,1.0,0.0,125,0.0,1.0,124,False,False,
2022-03-21,DXY,rate,7,1.0,0.0,125,0.0,1.0,118,False,False,
2022-03-21,DXY,rate,14,1.0,0.0,125,0.0,1.0,111,False,False,
2022-03-21,DXY,rate,30,1.0,0.0,125,0.0,1.0,95,False,False,
2022-03-21,DXY,rate,60,1.0,0.0,125,0.0,1.0,65,False,False,
2022-03-21,DXY,ruble,1,1.0,0.0,125,0.0,1.0,124,False,False,
2022-03-21,DXY,ruble,7,1.0,0.0,125,0.0,1.0,118,False,False,
2022-03-21,DXY,ruble,14,1.0,0.0,125,0.0,1.0,111,False,False,
2022-03-21,DXY,ruble,30,1.0,0.0,125,0.0,1.0,95,False,False,
2022-03-21,DXY,ruble,60,1.0,0.0,125,0.0,1.0,65,False,False,
2022-03-21,DXY,sanctions,1,1.0,0.0,125,0.0,1.0,124,False,False,
2022-03-21,DXY,sanctions,7,1.0,0.0,125,0.0,1.0,118,False,False,
2022-03-21,DXY,sanctions,14,1.0,0.0,125,0.0,1.0,111,False,False,
2022-03-21,DXY,sanctions,30,1.0,0.0,125,0.0,1.0,95,False,False,
2022-03-21,DXY,sanctions,60,1.0,0.0,125,0.0,1.0,65,False,False,
2022-03-21,DXY,inflation,1,1.0,0.0,125,0.0,1.0,124,False,False,
2022-03-21,DXY,inflation,7,1.0,0.0,125,0.0,1.0,118,False,False,
2022-03-21,DXY,inflation,14,1.0,0.0,125,0.0,1.0,111,False,False,
2022-03-21,DXY,inflation,30,1.0,0.0,125,0.0,1.0,95,False,False,
2022-03-21,DXY,inflation,60,1.0,0.0,125,0.0,1.0,65,False,False,
2022-03-21,DXY,banking,1,1.0,0.0,125,0.0,1.0,124,False,False,
2022-03-21,DXY,banking,7,1.0,0.0,125,0.0,1.0,118,False,False,
2022-03-21,DXY,banking,14,1.0,0.0,125,0.0,1.0,111,False,False,
2022-03-21,DXY,banking,30,1.0,0.0,125,0.0,1.0,95,False,False,
2022-03-21,DXY,banking,60,1.0,0.0,125,0.0,1.0,65,False,False,
2022-03-21,DXY,gold,1,1.0,0.0,125,0.0,1.0,124,False,False,
2022-03-21,DXY,gold,7,1.0,0.0,125,0.0,1.0,118,False,False,
2022-03-21,DXY,gold,14,1.0,0.0,125,0.0,1.0,111,False,False,
2022-03-21,DXY,gold,30,1.0,0.0,125,0.0,1.0,95,False,False,
2022-03-21,DXY,gold,60,1.0,0.0,125,0.0,1.0,65,False,False,
2022-03-21,MSCI_INDIA,oil,1,1.0,0.0,125,0.0,1.0,124,False,False,
2022-03-21,MSCI_INDIA,oil,7,1.0,0.0,125,0.0,1.0,118,False,False,
2022-03-21,MSCI_INDIA,oil,14,1.0,0.0,125,0.0,1.0,111,False,False,
2022-03-21,MSCI_INDIA,oil,30,1.0,0.0,125,0.0,1.0,95,False,False,
2022-03-21,MSCI_INDIA,oil,60,1.0,0.0,125,0.0,1.0,65,False,False,
2022-03-21,MSCI_INDIA,rate,1,1.0,0.0,125,0.0,1.0,124,False,False,
2022-03-21,MSCI_INDIA,rate,7,1.0,0.0,125,0.0,1.0,118,False,False,
2022-03-21,MSCI_INDIA,rate,14,1.0,0.0,125,0.0,1.0,111,False,False,
2022-03-21,MSCI_INDIA,rate,30,1.0,0.0,125,0.0,1.0,95,False,False,
2022-03-21,MSCI_INDIA,rate,60,1.0,0.0,125,0.0,1.0,65,False,False,
2022-03-21,MSCI_INDIA,ruble,1,1.0,0.0,125,0.0,1.0,124,False,False,
2022-03-21,MSCI_INDIA,ruble,7,1.0,0.0,125,0.0,1.0,118,False,False,
2022-03-21,MSCI_INDIA,ruble,14,1.0,0.0,125,0.0,1.0,111,False,False,
2022-03-21,MSCI_INDIA,ruble,30,1.0,0.0,125,0.0,1.0,95,False,False,
2022-03-21,MSCI_INDIA,ruble,60,1.0,0.0,125,0.0,1.0,65,False,False,
2022-03-21,MSCI_INDIA,sanctions,1,1.0,0.0,125,0.0,1.0,124,False,False,
2022-03-21,MSCI_INDIA,sanctions,7,1.0,0.0,125,0.0,1.0,118,False,False,
2022-03-21,MSCI_INDIA,sanctions,14,1.0,0.0,125,0.0,1.0,111,False,False,
2022-03-21,MSCI_INDIA,sanctions,30,1.0,0.0,125,0.0,1.0,95,False,False,
2022-03-21,MSCI_INDIA,sanctions,60,1.0,0.0,125,0.0,1.0,65,False,False,
2022-03-21,MSCI_INDIA,inflation,1,1.0,0.0,125,0.0,1.0,124,False,False,
2022-03-21,MSCI_INDIA,inflation,7,1.0,0.0,125,0.0,1.0,118,False,False,
2022-03-21,MSCI_INDIA,inflation,14,1.0,0.0,125,0.0,1.0,111,False,False,
2022-03-21,MSCI_INDIA,inflation,30,1.0,0.0,125,0.0,1.0,95,False,False,
2022-03-21,MSCI_INDIA,inflation,60,1.0,0.0,125,0.0,1.0,65,False,False,
2022-03-21,MSCI_INDIA,banking,1,1.0,0.0,125,0.0,1.0,124,False,False,
2022-03-21,MSCI_INDIA,banking,7,1.0,0.0,125,0.0,1.0,118,False,False,
2022-03-21,MSCI_INDIA,banking,14,1.0,0.0,125,0.0,1.0,111,False,False,
2022-03-21,MSCI_INDIA,banking,30,1.0,0.0,125,0.0,1.0,95,False,False,
2022-03-21,MSCI_INDIA,banking,60,1.0,0.0,125,0.0,1.0,65,False,False,
2022-03-21,MSCI_INDIA,gold,1,1.0,0.0,125,0.0,1.0,124,False,False,
2022-03-21,MSCI_INDIA,gold,7,1.0,0.0,125,0.0,1.0,118,False,False,
2022-03-21,MSCI_INDIA,gold,14,1.0,0.0,125,0.0,1.0,111,False,False,
2022-03-21,MSCI_INDIA,gold,30,1.0,0.0,125,0.0,1.0,95,False,False,
2022-03-21,MSCI_INDIA,gold,60,1.0,0.0,125,0.0,1.0,65,False,False,
2022-03-24,USD_RUB,oil,1,1.0,0.0,125,0.0,1.0,124,False,False,
2022-03-24,USD_RUB,oil,7,1.0,0.0,125,0.0,1.0,118,False,False,
2022-03-24,USD_RUB,oil,14,1.0,0.0,125,0.0,1.0,111,False,False,
2022-03-24,USD_RUB,oil,30,1.0,0.0,125,0.0,1.0,95,False,False,
2022-03-24,USD_RUB,oil,60,1.0,0.0,125,0.0,1.0,65,False,False,
2022-03-24,USD_RUB,rate,1,1.0,0.0,125,0.0,1.0,124,False,False,
2022-03-24,USD_RUB,rate,7,1.0,0.0,125,0.0,1.0,118,False,False,
2022-03-24,USD_RUB,rate,14,1.0,0.0,125,0.0,1.0,111,False,False,
2022-03-24,USD_RUB,rate,30,1.0,0.0,125,0.0,1.0,95,False,False,
2022-03-24,USD_RUB,rate,60,1.0,0.0,125,0.0,1.0,65,False,False,
2022-03-24,USD_RUB,ruble,1,1.0,0.0,125,0.0,1.0,124,False,False,
2022-03-24,USD_RUB,ruble,7,1.0,0.0,125,0.0,1.0,118,False,False,
2022-03-24,USD_RUB,ruble,14,1.0,0.0,125,0.0,1.0,111,False,False,
2022-03-24,USD_RUB,ruble,30,1.0,0.0,125,0.0,1.0,95,False,False,
2022-03-24,USD_RUB,ruble,60,1.0,0.0,125,0.0,1.0,65,False,False,
2022-03-24,USD_RUB,sanctions,1,1.0,0.0,125,0.0,1.0,124,False,False,
2022-03-24,USD_RUB,sanctions,7,1.0,0.0,125,0.0,1.0,118,False,False,
2022-03-24,USD_RUB,sanctions,14,1.0,0.0,125,0.0,1.0,111,False,False,
2022-03-24,USD_RUB,sanctions,30,1.0,0.0,125,0.0,1.0,95,False,False,
2022-03-24,USD_RUB,sanctions,60,1.0,0.0,125,0.0,1.0,65,False,False,
2022-03-24,USD_RUB,inflation,1,1.0,0.0,125,0.0,1.0,124,False,False,
2022-03-24,USD_RUB,inflation,7,1.0,0.0,125,0.0,1.0,118,False,False,
2022-03-24,USD_RUB,inflation,14,1.0,0.0,125,0.0,1.0,111,False,False,
2022-03-24,USD_RUB,inflation,30,1.0,0.0,125,0.0,1.0,95,False,False,
2022-03-24,USD_RUB,inflation,60,1.0,0.0,125,0.0,1.0,65,False,False,
2022-03-24,USD_RUB,banking,1,1.0,0.0,125,0.0,1.0,124,False,False,
2022-03-24,USD_RUB,banking,7,1.0,0.0,125,0.0,1.0,118,False,False,
2022-03-24,USD_RUB,banking,14,1.0,0.0,125,0.0,1.0,111,False,False,
2022-03-24,USD_RUB,banking,30,1.0,0.0,125,0.0,1.0,95,False,False,
2022-03-24,USD_RUB,banking,60,1.0,0.0,125,0.0,1.0,65,False,False,
2022-03-24,USD_RUB,gold,1,1.0,0.0,125,0.0,1.0,124,False,False,
2022-03-24,USD_RUB,gold,7,1.0,0.0,125,0.0,1.0,118,False,False,
2022-03-24,USD_RUB,gold,14,1.0,0.0,125,0.0,1.0,111,False,False,
2022-03-24,USD_RUB,gold,30,1.0,0.0,125,0.0,1.0,95,False,False,
2022-03-24,USD_RUB,gold,60,1.0,0.0,125,0.0,1.0,65,False,False,
2022-03-24,EUR_RUB,oil,1,1.0,0.0,125,0.0,1.0,124,False,False,
2022-03-24,EUR_RUB,oil,7,1.0,0.0,125,0.0,1.0,118,False,False,
2022-03-24,EUR_RUB,oil,14,1.0,0.0,125,0.0,1.0,111,False,False,
2022-03-24,EUR_RUB,oil,30,1.0,0.0,125,0.0,1.0,95,False,False,
2022-03-24,EUR_RUB,oil,60,1.0,0.0,125,0.0,1.0,65,False,False,
2022-03-24,EUR_RUB,rate,1,1.0,0.0,125,0.0,1.0,124,False,False,
2022-03-24,EUR_RUB,rate,7,1.0,0.0,125,0.0,1.0,118,False,False,
2022-03-24,EUR_RUB,rate,14,1.0,0.0,125,0.0,1.0,111,False,False,
2022-03-24,EUR_RUB,rate,30,1.0,0.0,125,0.0,1.0,95,False,False,
2022-03-24,EUR_RUB,rate,60,1.0,0.0,125,0.0,1.0,65,False,False,
2022-03-24,EUR_RUB,ruble,1,1.0,0.0,125,0.0,1.0,124,False,False,
2022-03-24,EUR_RUB,ruble,7,1.0,0.0,125,0.0,1.0,118,False,False,
2022-03-24,EUR_RUB,ruble,14,1.0,0.0,125,0.0,1.0,111,False,False,
2022-03-24,EUR_RUB,ruble,30,1.0,0.0,125,0.0,1.0,95,False,False,
2022-03-24,EUR_RUB,ruble,60,1.0,0.0,125,0.0,1.0,65,False,False,
2022-03-24,EUR_RUB,sanctions,1,1.0,0.0,125,0.0,1.0,124,False,False,
2022-03-24,EUR_RUB,sanctions,7,1.0,0.0,125,0.0,1.0,118,False,False,
2022-03-24,EUR_RUB,sanctions,14,1.0,0.0,125,0.0,1.0,111,False,False,
2022-03-24,EUR_RUB,sanctions,30,1.0,0.0,125,0.0,1.0,95,False,False,
2022-03-24,EUR_RUB,sanctions,60,1.0,0.0,125,0.0,1.0,65,False,False,
2022-03-24,EUR_RUB,inflation,1,1.0,0.0,125,0.0,1.0,124,False,False,
2022-03-24,EUR_RUB,inflation,7,1.0,0.0,125,0.0,1.0,118,False,False,
2022-03-24,EUR_RUB,inflation,14,1.0,0.0,125,0.0,1.0,111,False,False,
2022-03-24,EUR_RUB,inflation,30,1.0,0.0,125,0.0,1.0,95,False,False,
2022-03-24,EUR_RUB,inflation,60,1.0,0.0,125,0.0,1.0,65,False,False,
2022-03-24,EUR_RUB,banking,1,1.0,0.0,125,0.0,1.0,124,False,False,
2022-03-24,EUR_RUB,banking,7,1.0,0.0,125,0.0,1.0,118,False,False,
2022-03-24,EUR_RUB,banking,14,1.0,0.0,125,0.0,1.0,111,False,False,
2022-03-24,EUR_RUB,banking,30,1.0,0.0,125,0.0,1.0,95,False,False,
2022-03-24,EUR_RUB,banking,60,1.0,0.0,125,0.0,1.0,65,False,False,
2022-03-24,EUR_RUB,gold,1,1.0,0.0,125,0.0,1.0,124,False,False,
2022-03-24,EUR_RUB,gold,7,1.0,0.0,125,0.0,1.0,118,False,False,
2022-03-24,EUR_RUB,gold,14,1.0,0.0,125,0.0,1.0,111,False,False,
2022-03-24,EUR_RUB,gold,30,1.0,0.0,125,0.0,1.0,95,False,False,
2022-03-24,EUR_RUB,gold,60,1.0,0.0,125,0.0,1.0,65,False,False,
2022-03-24,BRENT,oil,1,1.0,0.0,125,0.0,1.0,124,False,False,
2022-03-24,BRENT,oil,7,1.0,0.0,125,0.0,1.0,118,False,False,
2022-03-24,BRENT,oil,14,1.0,0.0,125,0.0,1.0,111,False,False,
2022-03-24,BRENT,oil,30,1.0,0.0,125,0.0,1.0,95,False,False,
2022-03-24,BRENT,oil,60,1.0,0.0,125,0.0,1.0,65,False,False,
2022-03-24,BRENT,rate,1,1.0,0.0,125,0.0,1.0,124,False,False,
2022-03-24,BRENT,rate,7,1.0,0.0,125,0.0,1.0,118,False,False,
2022-03-24,BRENT,rate,14,1.0,0.0,125,0.0,1.0,111,False,False,
2022-03-24,BRENT,rate,30,1.0,0.0,125,0.0,1.0,95,False,False,
2022-03-24,BRENT,rate,60,1.0,0.0,125,0.0,1.0,65,False,False,
2022-03-24,BRENT,ruble,1,1.0,0.0,125,0.0,1.0,124,False,False,
2022-03-24,BRENT,ruble,7,1.0,0.0,125,0.0,1.0,118,False,False,
2022-03-24,BRENT,ruble,14,1.0,0.0,125,0.0,1.0,111,False,False,
2022-03-24,BRENT,ruble,30,1.0,0.0,125,0.0,1.0,95,False,False,
2022-03-24,BRENT,ruble,60,1.0,0.0,125,0.0,1.0,65,False,False,
2022-03-24,BRENT,sanctions,1,1.0,0.0,125,0.0,1.0,124,False,False,
2022-03-24,BRENT,sanctions,7,1.0,0.0,125,0.0,1.0,118,False,False,
2022-03-24,BRENT,sanctions,14,1.0,0.0,125,0.0,1.0,111,False,False,
2022-03-24,BRENT,sanctions,30,1.0,0.0,125,0.0,1.0,95,False,False,
2022-03-24,BRENT,sanctions,60,1.0,0.0,125,0.0,1.0,65,False,False,
2022-03-24,BRENT,inflation,1,1.0,0.0,125,0.0,1.0,124,False,False,
2022-03-24,BRENT,inflation,7,1.0,0.0,125,0.0,1.0,118,False,False,
2022-03-24,BRENT,inflation,14,1.0,0.0,125,0.0,1.0,111,False,False,
2022-03-24,BRENT,inflation,30,1.0,0.0,125,0.0,1.0,95,False,False,
2022-03-24,BRENT,inflation,60,1.0,0.0,125,0.0,1.0,65,False,False,
2022-03-24,BRENT,banking,1,1.0,0.0,125,0.0,1.0,124,False,False,
2022-03-24,BRENT,banking,7,1.0,0.0,125,0.0,1.0,118,False,False,
2022-03-24,BRENT,banking,14,1.0,0.0,125,0.0,1.0,111,False,False,
2022-03-24,BRENT,banking,30,1.0,0.0,125,0.0,1.0,95,False,False,
2022-03-24,BRENT,banking,60,1.0,0.0,125,0.0,1.0,65,False,False,
2022-03-24,BRENT,gold,1,1.0,0.0,125,0.0,1.0,124,False,False,
2022-03-24,BRENT,gold,7,1.0,0.0,125,0.0,1.0,118,False,False,
2022-03-24,BRENT,gold,14,1.0,0.0,125,0.0,1.0,111,False,False,
2022-03-24,BRENT,gold,30,1.0,0.0,125,0.0,1.0,95,False,False,
2022-03-24,BRENT,gold,60,1.0,0.0,125,0.0,1.0,65,False,False,
2022-03-24,SP500,oil,1,1.0,0.0,125,0.0,1.0,124,False,False,
2022-03-24,SP500,oil,7,1.0,0.0,125,0.0,1.0,118,False,False,
2022-03-24,SP500,oil,14,1.0,0.0,125,0.0,1.0,111,False,False,
2022-03-24,SP500,oil,30,1.0,0.0,125,0.0,1.0,95,False,False,
2022-03-24,SP500,oil,60,1.0,0.0,125,0.0,1.0,65,False,False,
2022-03-24,SP500,rate,1,1.0,0.0,125,0.0,1.0,124,False,False,
2022-03-24,SP500,rate,7,1.0,0.0,125,0.0,1.0,118,False,False,
2022-03-24,SP500,rate,14,1.0,0.0,125,0.0,1.0,111,False,False,
2022-03-24,SP500,rate,30,1.0,0.0,125,0.0,1.0,95,False,False,
2022-03-24,SP500,rate,60,1.0,0.0,125,0.0,1.0,65,False,False,
2022-03-24,SP500,ruble,1,1.0,0.0,125,0.0,1.0,124,False,False,
2022-03-24,SP500,ruble,7,1.0,0.0,125,0.0,1.0,118,False,False,
2022-03-24,SP500,ruble,14,1.0,0.0,125,0.0,1.0,111,False,False,
2022-03-24,SP500,ruble,30,1.0,0.0,125,0.0,1.0,95,False,False,
2022-03-24,SP500,ruble,60,1.0,0.0,125,0.0,1.0,65,False,False,
2022-03-24,SP500,sanctions,1,1.0,0.0,125,0.0,1.0,124,False,False,
2022-03-24,SP500,sanctions,7,1.0,0.0,125,0.0,1.0,118,False,False,
2022-03-24,SP500,sanctions,14,1.0,0.0,125,0.0,1.0,111,False,False,
2022-03-24,SP500,sanctions,30,1.0,0.0,125,0.0,1.0,95,False,False,
2022-03-24,SP500,sanctions,60,1.0,0.0,125,0.0,1.0,65,False,False,
2022-03-24,SP500,inflation,1,1.0,0.0,125,0.0,1.0,124,False,False,
2022-03-24,SP500,inflation,7,1.0,0.0,125,0.0,1.0,118,False,False,
2022-03-24,SP500,inflation,14,1.0,0.0,125,0.0,1.0,111,False,False,
2022-03-24,SP500,inflation,30,1.0,0.0,125,0.0,1.0,95,False,False,
2022-03-24,SP500,inflation,60,1.0,0.0,125,0.0,1.0,65,False,False,
2022-03-24,SP500,banking,1,1.0,0.0,125,0.0,1.0,124,False,False,
2022-03-24,SP500,banking,7,1.0,0.0,125,0.0,1.0,118,False,False,
2022-03-24,SP500,banking,14,1.0,0.0,125,0.0,1.0,111,False,False,
2022-03-24,SP500,banking,30,1.0,0.0,125,0.0,1.0,95,False,False,
2022-03-24,SP500,banking,60,1.0,0.0,125,0.0,1.0,65,False,False,
2022-03-24,SP500,gold,1,1.0,0.0,125,0.0,1.0,124,False,False,
2022-03-24,SP500,gold,7,1.0,0.0,125,0.0,1.0,118,False,False,
2022-03-24,SP500,gold,14,1.0,0.0,125,0.0,1.0,111,False,False,
2022-03-24,SP500,gold,30,1.0,0.0,125,0.0,1.0,95,False,False,
2022-03-24,SP500,gold,60,1.0,0.0,125,0.0,1.0,65,False,False,
2022-03-24,MSCI_WORLD,oil,1,1.0,0.0,125,0.0,1.0,124,False,False,
2022-03-24,MSCI_WORLD,oil,7,1.0,0.0,125,0.0,1.0,118,False,False,
2022-03-24,MSCI_WORLD,oil,14,1.0,0.0,125,0.0,1.0,111,False,False,
2022-03-24,MSCI_WORLD,oil,30,1.0,0.0,125,0.0,1.0,95,False,False,
2022-03-24,MSCI_WORLD,oil,60,1.0,0.0,125,0.0,1.0,65,False,False,
2022-03-24,MSCI_WORLD,rate,1,1.0,0.0,125,0.0,1.0,124,False,False,
2022-03-24,MSCI_WORLD,rate,7,1.0,0.0,125,0.0,1.0,118,False,False,
2022-03-24,MSCI_WORLD,rate,14,1.0,0.0,125,0.0,1.0,111,False,False,
2022-03-24,MSCI_WORLD,rate,30,1.0,0.0,125,0.0,1.0,95,False,False,
2022-03-24,MSCI_WORLD,rate,60,1.0,0.0,125,0.0,1.0,65,False,False,
2022-03-24,MSCI_WORLD,ruble,1,1.0,0.0,125,0.0,1.0,124,False,False,
2022-03-24,MSCI_WORLD,ruble,7,1.0,0.0,125,0.0,1.0,118,False,False,
2022-03-24,MSCI_WORLD,ruble,14,1.0,0.0,125,0.0,1.0,111,False,False,
2022-03-24,MSCI_WORLD,ruble,30,1.0,0.0,125,0.0,1.0,95,False,False,
2022-03-24,MSCI_WORLD,ruble,60,1.0,0.0,125,0.0,1.0,65,False,False,
2022-03-24,MSCI_WORLD,sanctions,1,1.0,0.0,125,0.0,1.0,124,False,False,
2022-03-24,MSCI_WORLD,sanctions,7,1.0,0.0,125,0.0,1.0,118,False,False,
2022-03-24,MSCI_WORLD,sanctions,14,1.0,0.0,125,0.0,1.0,111,False,False,
2022-03-24,MSCI_WORLD,sanctions,30,1.0,0.0,125,0.0,1.0,95,False,False,
2022-03-24,MSCI_WORLD,sanctions,60,1.0,0.0,125,0.0,1.0,65,False,False,
2022-03-24,MSCI_WORLD,inflation,1,1.0,0.0,125,0.0,1.0,124,False,False,
2022-03-24,MSCI_WORLD,inflation,7,1.0,0.0,125,0.0,1.0,118,False,False,
2022-03-24,MSCI_WORLD,inflation,14,1.0,0.0,125,0.0,1.0,111,False,False,
2022-03-24,MSCI_WORLD,inflation,30,1.0,0.0,125,0.0,1.0,95,False,False,
2022-03-24,MSCI_WORLD,inflation,60,1.0,0.0,125,0.0,1.0,65,False,False,
2022-03-24,MSCI_WORLD,banking,1,1.0,0.0,125,0.0,1.0,124,False,False,
2022-03-24,MSCI_WORLD,banking,7,1.0,0.0,125,0.0,1.0,118,False,False,
2022-03-24,MSCI_WORLD,banking,14,1.0,0.0,125,0.0,1.0,111,False,False,
2022-03-24,MSCI_WORLD,banking,30,1.0,0.0,125,0.0,1.0,95,False,False,
2022-03-24,MSCI_WORLD,banking,60,1.0,0.0,125,0.0,1.0,65,False,False,
2022-03-24,MSCI_WORLD,gold,1,1.0,0.0,125,0.0,1.0,124,False,False,
2022-03-24,MSCI_WORLD,gold,7,1.0,0.0,125,0.0,1.0,118,False,False,
2022-03-24,MSCI_WORLD,gold,14,1.0,0.0,125,0.0,1.0,111,False,False,
2022-03-24,MSCI_WORLD,gold,30,1.0,0.0,125,0.0,1.0,95,False,False,
2022-03-24,MSCI_WORLD,gold,60,1.0,0.0,125,0.0,1.0,65,False,False,
2022-03-24,DXY,oil,1,1.0,0.0,125,0.0,1.0,124,False,False,
2022-03-24,DXY,oil,7,1.0,0.0,125,0.0,1.0,118,False,False,
2022-03-24,DXY,oil,14,1.0,0.0,125,0.0,1.0,111,False,False,
2022-03-24,DXY,oil,30,1.0,0.0,125,0.0,1.0,95,False,False,
2022-03-24,DXY,oil,60,1.0,0.0,125,0.0,1.0,65,False,False,
2022-03-24,DXY,rate,1,1.0,0.0,125,0.0,1.0,124,False,False,
2022-03-24,DXY,rate,7,1.0,0.0,125,0.0,1.0,118,False,False,
2022-03-24,DXY,rate,14,1.0,0.0,125,0.0,1.0,111,False,False,
2022-03-24,DXY,rate,30,1.0,0.0,125,0.0,1.0,95,False,False,
2022-03-24,DXY,rate,60,1.0,0.0,125,0.0,1.0,65,False,False,
2022-03-24,DXY,ruble,1,1.0,0.0,125,0.0,1.0,124,False,False,
2022-03-24,DXY,ruble,7,1.0,0.0,125,0.0,1.0,118,False,False,
2022-03-24,DXY,ruble,14,1.0,0.0,125,0.0,1.0,111,False,False,
2022-03-24,DXY,ruble,30,1.0,0.0,125,0.0,1.0,95,False,False,
2022-03-24,DXY,ruble,60,1.0,0.0,125,0.0,1.0,65,False,False,
2022-03-24,DXY,sanctions,1,1.0,0.0,125,0.0,1.0,124,False,False,
2022-03-24,DXY,sanctions,7,1.0,0.0,125,0.0,1.0,118,False,False,
2022-03-24,DXY,sanctions,14,1.0,0.0,125,0.0,1.0,111,False,False,
2022-03-24,DXY,sanctions,30,1.0,0.0,125,0.0,1.0,95,False,False,
2022-03-24,DXY,sanctions,60,1.0,0.0,125,0.0,1.0,65,False,False,
2022-03-24,DXY,inflation,1,1.0,0.0,125,0.0,1.0,124,False,False,
2022-03-24,DXY,inflation,7,1.0,0.0,125,0.0,1.0,118,False,False,
2022-03-24,DXY,inflation,14,1.0,0.0,125,0.0,1.0,111,False,False,
2022-03-24,DXY,inflation,30,1.0,0.0,125,0.0,1.0,95,False,False,
2022-03-24,DXY,inflation,60,1.0,0.0,125,0.0,1.0,65,False,False,
2022-03-24,DXY,banking,1,1.0,0.0,125,0.0,1.0,124,False,False,
2022-03-24,DXY,banking,7,1.0,0.0,125,0.0,1.0,118,False,False,
2022-03-24,DXY,banking,14,1.0,0.0,125,0.0,1.0,111,False,False,
2022-03-24,DXY,banking,30,1.0,0.0,125,0.0,1.0,95,False,False,
2022-03-24,DXY,banking,60,1.0,0.0,125,0.0,1.0,65,False,False,
2022-03-24,DXY,gold,1,1.0,0.0,125,0.0,1.0,124,False,False,
2022-03-24,DXY,gold,7,1.0,0.0,125,0.0,1.0,118,False,False,
2022-03-24,DXY,gold,14,1.0,0.0,125,0.0,1.0,111,False,False,
2022-03-24,DXY,gold,30,1.0,0.0,125,0.0,1.0,95,False,False,
2022-03-24,DXY,gold,60,1.0,0.0,125,0.0,1.0,65,False,False,
2022-03-24,MSCI_INDIA,oil,1,1.0,0.0,125,0.0,1.0,124,False,False,
2022-03-24,MSCI_INDIA,oil,7,1.0,0.0,125,0.0,1.0,118,False,False,
2022-03-24,MSCI_INDIA,oil,14,1.0,0.0,125,0.0,1.0,111,False,False,
2022-03-24,MSCI_INDIA,oil,30,1.0,0.0,125,0.0,1.0,95,False,False,
2022-03-24,MSCI_INDIA,oil,60,1.0,0.0,125,0.0,1.0,65,False,False,
2022-03-24,MSCI_INDIA,rate,1,1.0,0.0,125,0.0,1.0,124,False,False,
2022-03-24,MSCI_INDIA,rate,7,1.0,0.0,125,0.0,1.0,118,False,False,
2022-03-24,MSCI_INDIA,rate,14,1.0,0.0,125,0.0,1.0,111,False,False,
2022-03-24,MSCI_INDIA,rate,30,1.0,0.0,125,0.0,1.0,95,False,False,
2022-03-24,MSCI_INDIA,rate,60,1.0,0.0,125,0.0,1.0,65,False,False,
2022-03-24,MSCI_INDIA,ruble,1,1.0,0.0,125,0.0,1.0,124,False,False,
2022-03-24,MSCI_INDIA,ruble,7,1.0,0.0,125,0.0,1.0,118,False,False,
2022-03-24,MSCI_INDIA,ruble,14,1.0,0.0,125,0.0,1.0,111,False,False,
2022-03-24,MSCI_INDIA,ruble,30,1.0,0.0,125,0.0,1.0,95,False,False,
2022-03-24,MSCI_INDIA,ruble,60,1.0,0.0,125,0.0,1.0,65,False,False,
2022-03-24,MSCI_INDIA,sanctions,1,1.0,0.0,125,0.0,1.0,124,False,False,
2022-03-24,MSCI_INDIA,sanctions,7,1.0,0.0,125,0.0,1.0,118,False,False,
2022-03-24,MSCI_INDIA,sanctions,14,1.0,0.0,125,0.0,1.0,111,False,False,
2022-03-24,MSCI_INDIA,sanctions,30,1.0,0.0,125,0.0,1.0,95,False,False,
2022-03-24,MSCI_INDIA,sanctions,60,1.0,0.0,125,0.0,1.0,65,False,False,
2022-03-24,MSCI_INDIA,inflation,1,1.0,0.0,125,0.0,1.0,124,False,False,
2022-03-24,MSCI_INDIA,inflation,7,1.0,0.0,125,0.0,1.0,118,False,False,
2022-03-24,MSCI_INDIA,inflation,14,1.0,0.0,125,0.0,1.0,111,False,False,
2022-03-24,MSCI_INDIA,inflation,30,1.0,0.0,125,0.0,1.0,95,False,False,
2022-03-24,MSCI_INDIA,inflation,60,1.0,0.0,125,0.0,1.0,65,False,False,
2022-03-24,MSCI_INDIA,banking,1,1.0,0.0,125,0.0,1.0,124,False,False,
2022-03-24,MSCI_INDIA,banking,7,1.0,0.0,125,0.0,1.0,118,False,False,
2022-03-24,MSCI_INDIA,banking,14,1.0,0.0,125,0.0,1.0,111,False,False,
2022-03-24,MSCI_INDIA,banking,30,1.0,0.0,125,0.0,1.0,95,False,False,
2022-03-24,MSCI_INDIA,banking,60,1.0,0.0,125,0.0,1.0,65,False,False,
2022-03-24,MSCI_INDIA,gold,1,1.0,0.0,125,0.0,1.0,124,False,False,
2022-03-24,MSCI_INDIA,gold,7,1.0,0.0,125,0.0,1.0,118,False,False,
2022-03-24,MSCI_INDIA,gold,14,1.0,0.0,125,0.0,1.0,111,False,False,
2022-03-24,MSCI_INDIA,gold,30,1.0,0.0,125,0.0,1.0,95,False,False,
2022-03-24,MSCI_INDIA,gold,60,1.0,0.0,125,0.0,1.0,65,False,False,
2022-03-27,USD_RUB,oil,1,1.0,0.0,125,0.0,1.0,124,False,False,
2022-03-27,USD_RUB,oil,7,1.0,0.0,125,0.0,1.0,118,False,False,
2022-03-27,USD_RUB,oil,14,1.0,0.0,125,0.0,1.0,111,False,False,
2022-03-27,USD_RUB,oil,30,1.0,0.0,125,0.0,1.0,95,False,False,
2022-03-27,USD_RUB,oil,60,1.0,0.0,125,0.0,1.0,65,False,False,
2022-03-27,USD_RUB,rate,1,1.0,0.0,125,0.0,1.0,124,False,False,
2022-03-27,USD_RUB,rate,7,1.0,0.0,125,0.0,1.0,118,False,False,
2022-03-27,USD_RUB,rate,14,1.0,0.0,125,0.0,1.0,111,False,False,
2022-03-27,USD_RUB,rate,30,1.0,0.0,125,0.0,1.0,95,False,False,
2022-03-27,USD_RUB,rate,60,1.0,0.0,125,0.0,1.0,65,False,False,
2022-03-27,USD_RUB,ruble,1,1.0,0.0,125,0.0,1.0,124,False,False,
2022-03-27,USD_RUB,ruble,7,1.0,0.0,125,0.0,1.0,118,False,False,
2022-03-27,USD_RUB,ruble,14,1.0,0.0,125,0.0,1.0,111,False,False,
2022-03-27,USD_RUB,ruble,30,1.0,0.0,125,0.0,1.0,95,False,False,
2022-03-27,USD_RUB,ruble,60,1.0,0.0,125,0.0,1.0,65,False,False,
2022-03-27,USD_RUB,sanctions,1,1.0,0.0,125,0.0,1.0,124,False,False,
2022-03-27,USD_RUB,sanctions,7,1.0,0.0,125,0.0,1.0,118,False,False,
2022-03-27,USD_RUB,sanctions,14,1.0,0.0,125,0.0,1.0,111,False,False,
2022-03-27,USD_RUB,sanctions,30,1.0,0.0,125,0.0,1.0,95,False,False,
2022-03-27,USD_RUB,sanctions,60,1.0,0.0,125,0.0,1.0,65,False,False,
2022-03-27,USD_RUB,inflation,1,1.0,0.0,125,0.0,1.0,124,False,False,
2022-03-27,USD_RUB,inflation,7,1.0,0.0,125,0.0,1.0,118,False,False,
2022-03-27,USD_RUB,inflation,14,1.0,0.0,125,0.0,1.0,111,False,False,
2022-03-27,USD_RUB,inflation,30,1.0,0.0,125,0.0,1.0,95,False,False,
2022-03-27,USD_RUB,inflation,60,1.0,0.0,125,0.0,1.0,65,False,False,
2022-03-27,USD_RUB,banking,1,1.0,0.0,125,0.0,1.0,124,False,False,
2022-03-27,USD_RUB,banking,7,1.0,0.0,125,0.0,1.0,118,False,False,
2022-03-27,USD_RUB,banking,14,1.0,0.0,125,0.0,1.0,111,False,False,
2022-03-27,USD_RUB,banking,30,1.0,0.0,125,0.0,1.0,95,False,False,
2022-03-27,USD_RUB,banking,60,1.0,0.0,125,0.0,1.0,65,False,False,
2022-03-27,USD_RUB,gold,1,1.0,0.0,125,0.0,1.0,124,False,False,
2022-03-27,USD_RUB,gold,7,1.0,0.0,125,0.0,1.0,118,False,False,
2022-03-27,USD_RUB,gold,14,1.0,0.0,125,0.0,1.0,111,False,False,
2022-03-27,USD_RUB,gold,30,1.0,0.0,125,0.0,1.0,95,False,False,
2022-03-27,USD_RUB,gold,60,1.0,0.0,125,0.0,1.0,65,False,False,
2022-03-27,EUR_RUB,oil,1,1.0,0.0,125,0.0,1.0,124,False,False,
2022-03-27,EUR_RUB,oil,7,1.0,0.0,125,0.0,1.0,118,False,False,
2022-03-27,EUR_RUB,oil,14,1.0,0.0,125,0.0,1.0,111,False,False,
2022-03-27,EUR_RUB,oil,30,1.0,0.0,125,0.0,1.0,95,False,False,
2022-03-27,EUR_RUB,oil,60,1.0,0.0,125,0.0,1.0,65,False,False,
2022-03-27,EUR_RUB,rate,1,1.0,0.0,125,0.0,1.0,124,False,False,
2022-03-27,EUR_RUB,rate,7,1.0,0.0,125,0.0,1.0,118,False,False,
2022-03-27,EUR_RUB,rate,14,1.0,0.0,125,0.0,1.0,111,False,False,
2022-03-27,EUR_RUB,rate,30,1.0,0.0,125,0.0,1.0,95,False,False,
2022-03-27,EUR_RUB,rate,60,1.0,0.0,125,0.0,1.0,65,False,False,
2022-03-27,EUR_RUB,ruble,1,1.0,0.0,125,0.0,1.0,124,False,False,
2022-03-27,EUR_RUB,ruble,7,1.0,0.0,125,0.0,1.0,118,False,False,
2022-03-27,EUR_RUB,ruble,14,1.0,0.0,125,0.0,1.0,111,False,False,
2022-03-27,EUR_RUB,ruble,30,1.0,0.0,125,0.0,1.0,95,False,False,
2022-03-27,EUR_RUB,ruble,60,1.0,0.0,125,0.0,1.0,65,False,False,
2022-03-27,EUR_RUB,sanctions,1,1.0,0.0,125,0.0,1.0,124,False,False,
2022-03-27,EUR_RUB,sanctions,7,1.0,0.0,125,0.0,1.0,118,False,False,
2022-03-27,EUR_RUB,sanctions,14,1.0,0.0,125,0.0,1.0,111,False,False,
2022-03-27,EUR_RUB,sanctions,30,1.0,0.0,125,0.0,1.0,95,False,False,
2022-03-27,EUR_RUB,sanctions,60,1.0,0.0,125,0.0,1.0,65,False,False,
2022-03-27,EUR_RUB,inflation,1,1.0,0.0,125,0.0,1.0,124,False,False,
2022-03-27,EUR_RUB,inflation,7,1.0,0.0,125,0.0,1.0,118,False,False,
2022-03-27,EUR_RUB,inflation,14,1.0,0.0,125,0.0,1.0,111,False,False,
2022-03-27,EUR_RUB,inflation,30,1.0,0.0,125,0.0,1.0,95,False,False,
2022-03-27,EUR_RUB,inflation,60,1.0,0.0,125,0.0,1.0,65,False,False,
2022-03-27,EUR_RUB,banking,1,1.0,0.0,125,0.0,1.0,124,False,False,
2022-03-27,EUR_RUB,banking,7,1.0,0.0,125,0.0,1.0,118,False,False,
2022-03-27,EUR_RUB,banking,14,1.0,0.0,125,0.0,1.0,111,False,False,
2022-03-27,EUR_RUB,banking,30,1.0,0.0,125,0.0,1.0,95,False,False,
2022-03-27,EUR_RUB,banking,60,1.0,0.0,125,0.0,1.0,65,False,False,
2022-03-27,EUR_RUB,gold,1,1.0,0.0,125,0.0,1.0,124,False,False,
2022-03-27,EUR_RUB,gold,7,1.0,0.0,125,0.0,1.0,118,False,False,
2022-03-27,EUR_RUB,gold,14,1.0,0.0,125,0.0,1.0,111,False,False,
2022-03-27,EUR_RUB,gold,30,1.0,0.0,125,0.0,1.0,95,False,False,
2022-03-27,EUR_RUB,gold,60,1.0,0.0,125,0.0,1.0,65,False,False,
2022-03-27,BRENT,oil,1,1.0,0.0,125,0.0,1.0,124,False,False,
2022-03-27,BRENT,oil,7,1.0,0.0,125,0.0,1.0,118,False,False,
2022-03-27,BRENT,oil,14,1.0,0.0,125,0.0,1.0,111,False,False,
2022-03-27,BRENT,oil,30,1.0,0.0,125,0.0,1.0,95,False,False,
2022-03-27,BRENT,oil,60,1.0,0.0,125,0.0,1.0,65,False,False,
2022-03-27,BRENT,rate,1,1.0,0.0,125,0.0,1.0,124,False,False,
2022-03-27,BRENT,rate,7,1.0,0.0,125,0.0,1.0,118,False,False,
2022-03-27,BRENT,rate,14,1.0,0.0,125,0.0,1.0,111,False,False,
2022-03-27,BRENT,rate,30,1.0,0.0,125,0.0,1.0,95,False,False,
2022-03-27,BRENT,rate,60,1.0,0.0,125,0.0,1.0,65,False,False,
2022-03-27,BRENT,ruble,1,1.0,0.0,125,0.0,1.0,124,False,False,
2022-03-27,BRENT,ruble,7,1.0,0.0,125,0.0,1.0,118,False,False,
2022-03-27,BRENT,ruble,14,1.0,0.0,125,0.0,1.0,111,False,False,
2022-03-27,BRENT,ruble,30,1.0,0.0,125,0.0,1.0,95,False,False,
2022-03-27,BRENT,ruble,60,1.0,0.0,125,0.0,1.0,65,False,False,
2022-03-27,BRENT,sanctions,1,1.0,0.0,125,0.0,1.0,124,False,False,
2022-03-27,BRENT,sanctions,7,1.0,0.0,125,0.0,1.0,118,False,False,
2022-03-27,BRENT,sanctions,14,1.0,0.0,125,0.0,1.0,111,False,False,
2022-03-27,BRENT,sanctions,30,1.0,0.0,125,0.0,1.0,95,False,False,
2022-03-27,BRENT,sanctions,60,1.0,0.0,125,0.0,1.0,65,False,False,
2022-03-27,BRENT,inflation,1,1.0,0.0,125,0.0,1.0,124,False,False,
2022-03-27,BRENT,inflation,7,1.0,0.0,125,0.0,1.0,118,False,False,
2022-03-27,BRENT,inflation,14,1.0,0.0,125,0.0,1.0,111,False,False,
2022-03-27,BRENT,inflation,30,1.0,0.0,125,0.0,1.0,95,False,False,
2022-03-27,BRENT,inflation,60,1.0,0.0,125,0.0,1.0,65,False,False,
2022-03-27,BRENT,banking,1,1.0,0.0,125,0.0,1.0,124,False,False,
2022-03-27,BRENT,banking,7,1.0,0.0,125,0.0,1.0,118,False,False,
2022-03-27,BRENT,banking,14,1.0,0.0,125,0.0,1.0,111,False,False,
2022-03-27,BRENT,banking,30,1.0,0.0,125,0.0,1.0,95,False,False,
2022-03-27,BRENT,banking,60,1.0,0.0,125,0.0,1.0,65,False,False,
2022-03-27,BRENT,gold,1,1.0,0.0,125,0.0,1.0,124,False,False,
2022-03-27,BRENT,gold,7,1.0,0.0,125,0.0,1.0,118,False,False,
2022-03-27,BRENT,gold,14,1.0,0.0,125,0.0,1.0,111,False,False,
2022-03-27,BRENT,gold,30,1.0,0.0,125,0.0,1.0,95,False,False,
2022-03-27,BRENT,gold,60,1.0,0.0,125,0.0,1.0,65,False,False,
2022-03-27,SP500,oil,1,1.0,0.0,125,0.0,1.0,124,False,False,
2022-03-27,SP500,oil,7,1.0,0.0,125,0.0,1.0,118,False,False,
2022-03-27,SP500,oil,14,1.0,0.0,125,0.0,1.0,111,False,False,
2022-03-27,SP500,oil,30,1.0,0.0,125,0.0,1.0,95,False,False,
2022-03-27,SP500,oil,60,1.0,0.0,125,0.0,1.0,65,False,False,
2022-03-27,SP500,rate,1,1.0,0.0,125,0.0,1.0,124,False,False,
2022-03-27,SP500,rate,7,1.0,0.0,125,0.0,1.0,118,False,False,
2022-03-27,SP500,rate,14,1.0,0.0,125,0.0,1.0,111,False,False,
2022-03-27,SP500,rate,30,1.0,0.0,125,0.0,1.0,95,False,False,
2022-03-27,SP500,rate,60,1.0,0.0,125,0.0,1.0,65,False,False,
2022-03-27,SP500,ruble,1,1.0,0.0,125,0.0,1.0,124,False,False,
2022-03-27,SP500,ruble,7,1.0,0.0,125,0.0,1.0,118,False,False,
2022-03-27,SP500,ruble,14,1.0,0.0,125,0.0,1.0,111,False,False,
2022-03-27,SP500,ruble,30,1.0,0.0,125,0.0,1.0,95,False,False,
2022-03-27,SP500,ruble,60,1.0,0.0,125,0.0,1.0,65,False,False,
2022-03-27,SP500,sanctions,1,1.0,0.0,125,0.0,1.0,124,False,False,
2022-03-27,SP500,sanctions,7,1.0,0.0,125,0.0,1.0,118,False,False,
2022-03-27,SP500,sanctions,14,1.0,0.0,125,0.0,1.0,111,False,False,
2022-03-27,SP500,sanctions,30,1.0,0.0,125,0.0,1.0,95,False,False,
2022-03-27,SP500,sanctions,60,1.0,0.0,125,0.0,1.0,65,False,False,
2022-03-27,SP500,inflation,1,1.0,0.0,125,0.0,1.0,124,False,False,
2022-03-27,SP500,inflation,7,1.0,0.0,125,0.0,1.0,118,False,False,
2022-03-27,SP500,inflation,14,1.0,0.0,125,0.0,1.0,111,False,False,
2022-03-27,SP500,inflation,30,1.0,0.0,125,0.0,1.0,95,False,False,
2022-03-27,SP500,inflation,60,1.0,0.0,125,0.0,1.0,65,False,False,
2022-03-27,SP500,banking,1,1.0,0.0,125,0.0,1.0,124,False,False,
2022-03-27,SP500,banking,7,1.0,0.0,125,0.0,1.0,118,False,False,
2022-03-27,SP500,banking,14,1.0,0.0,125,0.0,1.0,111,False,False,
2022-03-27,SP500,banking,30,1.0,0.0,125,0.0,1.0,95,False,False,
2022-03-27,SP500,banking,60,1.0,0.0,125,0.0,1.0,65,False,False,
2022-03-27,SP500,gold,1,1.0,0.0,125,0.0,1.0,124,False,False,
2022-03-27,SP500,gold,7,1.0,0.0,125,0.0,1.0,118,False,False,
2022-03-27,SP500,gold,14,1.0,0.0,125,0.0,1.0,111,False,False,
2022-03-27,SP500,gold,30,1.0,0.0,125,0.0,1.0,95,False,False,
2022-03-27,SP500,gold,60,1.0,0.0,125,0.0,1.0,65,False,False,
2022-03-27,MSCI_WORLD,oil,1,1.0,0.0,125,0.0,1.0,124,False,False,
2022-03-27,MSCI_WORLD,oil,7,1.0,0.0,125,0.0,1.0,118,False,False,
2022-03-27,MSCI_WORLD,oil,14,1.0,0.0,125,0.0,1.0,111,False,False,
2022-03-27,MSCI_WORLD,oil,30,1.0,0.0,125,0.0,1.0,95,False,False,
2022-03-27,MSCI_WORLD,oil,60,1.0,0.0,125,0.0,1.0,65,False,False,
2022-03-27,MSCI_WORLD,rate,1,1.0,0.0,125,0.0,1.0,124,False,False,
2022-03-27,MSCI_WORLD,rate,7,1.0,0.0,125,0.0,1.0,118,False,False,
2022-03-27,MSCI_WORLD,rate,14,1.0,0.0,125,0.0,1.0,111,False,False,
2022-03-27,MSCI_WORLD,rate,30,1.0,0.0,125,0.0,1.0,95,False,False,
2022-03-27,MSCI_WORLD,rate,60,1.0,0.0,125,0.0,1.0,65,False,False,
2022-03-27,MSCI_WORLD,ruble,1,1.0,0.0,125,0.0,1.0,124,False,False,
2022-03-27,MSCI_WORLD,ruble,7,1.0,0.0,125,0.0,1.0,118,False,False,
2022-03-27,MSCI_WORLD,ruble,14,1.0,0.0,125,0.0,1.0,111,False,False,
2022-03-27,MSCI_WORLD,ruble,30,1.0,0.0,125,0.0,1.0,95,False,False,
2022-03-27,MSCI_WORLD,ruble,60,1.0,0.0,125,0.0,1.0,65,False,False,
2022-03-27,MSCI_WORLD,sanctions,1,1.0,0.0,125,0.0,1.0,124,False,False,
2022-03-27,MSCI_WORLD,sanctions,7,1.0,0.0,125,0.0,1.0,118,False,False,
2022-03-27,MSCI_WORLD,sanctions,14,1.0,0.0,125,0.0,1.0,111,False,False,
2022-03-27,MSCI_WORLD,sanctions,30,1.0,0.0,125,0.0,1.0,95,False,False,
2022-03-27,MSCI_WORLD,sanctions,60,1.0,0.0,125,0.0,1.0,65,False,False,
2022-03-27,MSCI_WORLD,inflation,1,1.0,0.0,125,0.0,1.0,124,False,False,
2022-03-27,MSCI_WORLD,inflation,7,1.0,0.0,125,0.0,1.0,118,False,False,
2022-03-27,MSCI_WORLD,inflation,14,1.0,0.0,125,0.0,1.0,111,False,False,
2022-03-27,MSCI_WORLD,inflation,30,1.0,0.0,125,0.0,1.0,95,False,False,
2022-03-27,MSCI_WORLD,inflation,60,1.0,0.0,125,0.0,1.0,65,False,False,
2022-03-27,MSCI_WORLD,banking,1,1.0,0.0,125,0.0,1.0,124,False,False,
2022-03-27,MSCI_WORLD,banking,7,1.0,0.0,125,0.0,1.0,118,False,False,
2022-03-27,MSCI_WORLD,banking,14,1.0,0.0,125,0.0,1.0,111,False,False,
2022-03-27,MSCI_WORLD,banking,30,1.0,0.0,125,0.0,1.0,95,False,False,
2022-03-27,MSCI_WORLD,banking,60,1.0,0.0,125,0.0,1.0,65,False,False,
2022-03-27,MSCI_WORLD,gold,1,1.0,0.0,125,0.0,1.0,124,False,False,
2022-03-27,MSCI_WORLD,gold,7,1.0,0.0,125,0.0,1.0,118,False,False,
2022-03-27,MSCI_WORLD,gold,14,1.0,0.0,125,0.0,1.0,111,False,False,
2022-03-27,MSCI_WORLD,gold,30,1.0,0.0,125,0.0,1.0,95,False,False,
2022-03-27,MSCI_WORLD,gold,60,1.0,0.0,125,0.0,1.0,65,False,False,
2022-03-27,DXY,oil,1,1.0,0.0,125,0.0,1.0,124,False,False,
2022-03-27,DXY,oil,7,1.0,0.0,125,0.0,1.0,118,False,False,
2022-03-27,DXY,oil,14,1.0,0.0,125,0.0,1.0,111,False,False,
2022-03-27,DXY,oil,30,1.0,0.0,125,0.0,1.0,95,False,False,
2022-03-27,DXY,oil,60,1.0,0.0,125,0.0,1.0,65,False,False,
2022-03-27,DXY,rate,1,1.0,0.0,125,0.0,1.0,124,False,False,
2022-03-27,DXY,rate,7,1.0,0.0,125,0.0,1.0,118,False,False,
2022-03-27,DXY,rate,14,1.0,0.0,125,0.0,1.0,111,False,False,
2022-03-27,DXY,rate,30,1.0,0.0,125,0.0,1.0,95,False,False,
2022-03-27,DXY,rate,60,1.0,0.0,125,0.0,1.0,65,False,False,
2022-03-27,DXY,ruble,1,1.0,0.0,125,0.0,1.0,124,False,False,
2022-03-27,DXY,ruble,7,1.0,0.0,125,0.0,1.0,118,False,False,
2022-03-27,DXY,ruble,14,1.0,0.0,125,0.0,1.0,111,False,False,
2022-03-27,DXY,ruble,30,1.0,0.0,125,0.0,1.0,95,False,False,
2022-03-27,DXY,ruble,60,1.0,0.0,125,0.0,1.0,65,False,False,
2022-03-27,DXY,sanctions,1,1.0,0.0,125,0.0,1.0,124,False,False,
2022-03-27,DXY,sanctions,7,1.0,0.0,125,0.0,1.0,118,False,False,
2022-03-27,DXY,sanctions,14,1.0,0.0,125,0.0,1.0,111,False,False,
2022-03-27,DXY,sanctions,30,1.0,0.0,125,0.0,1.0,95,False,False,
2022-03-27,DXY,sanctions,60,1.0,0.0,125,0.0,1.0,65,False,False,
2022-03-27,DXY,inflation,1,1.0,0.0,125,0.0,1.0,124,False,False,
2022-03-27,DXY,inflation,7,1.0,0.0,125,0.0,1.0,118,False,False,
2022-03-27,DXY,inflation,14,1.0,0.0,125,0.0,1.0,111,False,False,
2022-03-27,DXY,inflation,30,1.0,0.0,125,0.0,1.0,95,False,False,
2022-03-27,DXY,inflation,60,1.0,0.0,125,0.0,1.0,65,False,False,
2022-03-27,DXY,banking,1,1.0,0.0,125,0.0,1.0,124,False,False,
2022-03-27,DXY,banking,7,1.0,0.0,125,0.0,1.0,118,False,False,
2022-03-27,DXY,banking,14,1.0,0.0,125,0.0,1.0,111,False,False,
2022-03-27,DXY,banking,30,1.0,0.0,125,0.0,1.0,95,False,False,
2022-03-27,DXY,banking,60,1.0,0.0,125,0.0,1.0,65,False,False,
2022-03-27,DXY,gold,1,1.0,0.0,125,0.0,1.0,124,False,False,
2022-03-27,DXY,gold,7,1.0,0.0,125,0.0,1.0,118,False,False,
2022-03-27,DXY,gold,14,1.0,0.0,125,0.0,1.0,111,False,False,
2022-03-27,DXY,gold,30,1.0,0.0,125,0.0,1.0,95,False,False,
2022-03-27,DXY,gold,60,1.0,0.0,125,0.0,1.0,65,False,False,
2022-03-27,MSCI_INDIA,oil,1,1.0,0.0,125,0.0,1.0,124,False,False,
2022-03-27,MSCI_INDIA,oil,7,1.0,0.0,125,0.0,1.0,118,False,False,
2022-03-27,MSCI_INDIA,oil,14,1.0,0.0,125,0.0,1.0,111,False,False,
2022-03-27,MSCI_INDIA,oil,30,1.0,0.0,125,0.0,1.0,95,False,False,
2022-03-27,MSCI_INDIA,oil,60,1.0,0.0,125,0.0,1.0,65,False,False,
2022-03-27,MSCI_INDIA,rate,1,1.0,0.0,125,0.0,1.0,124,False,False,
2022-03-27,MSCI_INDIA,rate,7,1.0,0.0,125,0.0,1.0,118,False,False,
2022-03-27,MSCI_INDIA,rate,14,1.0,0.0,125,0.0,1.0,111,False,False,
2022-03-27,MSCI_INDIA,rate,30,1.0,0.0,125,0.0,1.0,95,False,False,
2022-03-27,MSCI_INDIA,rate,60,1.0,0.0,125,0.0,1.0,65,False,False,
2022-03-27,MSCI_INDIA,ruble,1,1.0,0.0,125,0.0,1.0,124,False,False,
2022-03-27,MSCI_INDIA,ruble,7,1.0,0.0,125,0.0,1.0,118,False,False,
2022-03-27,MSCI_INDIA,ruble,14,1.0,0.0,125,0.0,1.0,111,False,False,
2022-03-27,MSCI_INDIA,ruble,30,1.0,0.0,125,0.0,1.0,95,False,False,
2022-03-27,MSCI_INDIA,ruble,60,1.0,0.0,125,0.0,1.0,65,False,False,
2022-03-27,MSCI_INDIA,sanctions,1,1.0,0.0,125,0.0,1.0,124,False,False,
2022-03-27,MSCI_INDIA,sanctions,7,1.0,0.0,125,0.0,1.0,118,False,False,
2022-03-27,MSCI_INDIA,sanctions,14,1.0,0.0,125,0.0,1.0,111,False,False,
2022-03-27,MSCI_INDIA,sanctions,30,1.0,0.0,125,0.0,1.0,95,False,False,
2022-03-27,MSCI_INDIA,sanctions,60,1.0,0.0,125,0.0,1.0,65,False,False,
2022-03-27,MSCI_INDIA,inflation,1,1.0,0.0,125,0.0,1.0,124,False,False,
2022-03-27,MSCI_INDIA,inflation,7,1.0,0.0,125,0.0,1.0,118,False,False,
2022-03-27,MSCI_INDIA,inflation,14,1.0,0.0,125,0.0,1.0,111,False,False,
2022-03-27,MSCI_INDIA,inflation,30,1.0,0.0,125,0.0,1.0,95,False,False,
2022-03-27,MSCI_INDIA,inflation,60,1.0,0.0,125,0.0,1.0,65,False,False,
2022-03-27,MSCI_INDIA,banking,1,1.0,0.0,125,0.0,1.0,124,False,False,
2022-03-27,MSCI_INDIA,banking,7,1.0,0.0,125,0.0,1.0,118,False,False,
2022-03-27,MSCI_INDIA,banking,14,1.0,0.0,125,0.0,1.0,111,False,False,
2022-03-27,MSCI_INDIA,banking,30,1.0,0.0,125,0.0,1.0,95,False,False,
2022-03-27,MSCI_INDIA,banking,60,1.0,0.0,125,0.0,1.0,65,False,False,
2022-03-27,MSCI_INDIA,gold,1,1.0,0.0,125,0.0,1.0,124,False,False,
2022-03-27,MSCI_INDIA,gold,7,1.0,0.0,125,0.0,1.0,118,False,False,
2022-03-27,MSCI_INDIA,gold,14,1.0,0.0,125,0.0,1.0,111,False,False,
2022-03-27,MSCI_INDIA,gold,30,1.0,0.0,125,0.0,1.0,95,False,False,
2022-03-27,MSCI_INDIA,gold,60,1.0,0.0,125,0.0,1.0,65,False,False,
2022-03-30,USD_RUB,oil,1,1.0,0.0,125,0.0,1.0,124,False,False,
2022-03-30,USD_RUB,oil,7,1.0,0.0,125,0.0,1.0,118,False,False,
2022-03-30,USD_RUB,oil,14,1.0,0.0,125,0.0,1.0,111,False,False,
2022-03-30,USD_RUB,oil,30,1.0,0.0,125,0.0,1.0,95,False,False,
2022-03-30,USD_RUB,oil,60,1.0,0.0,125,0.0,1.0,65,False,False,
2022-03-30,USD_RUB,rate,1,1.0,0.0,125,0.0,1.0,124,False,False,
2022-03-30,USD_RUB,rate,7,1.0,0.0,125,0.0,1.0,118,False,False,
2022-03-30,USD_RUB,rate,14,1.0,0.0,125,0.0,1.0,111,False,False,
2022-03-30,USD_RUB,rate,30,1.0,0.0,125,0.0,1.0,95,False,False,
2022-03-30,USD_RUB,rate,60,1.0,0.0,125,0.0,1.0,65,False,False,
2022-03-30,USD_RUB,ruble,1,1.0,0.0,125,0.0,1.0,124,False,False,
2022-03-30,USD_RUB,ruble,7,1.0,0.0,125,0.0,1.0,118,False,False,
2022-03-30,USD_RUB,ruble,14,1.0,0.0,125,0.0,1.0,111,False,False,
2022-03-30,USD_RUB,ruble,30,1.0,0.0,125,0.0,1.0,95,False,False,
2022-03-30,USD_RUB,ruble,60,1.0,0.0,125,0.0,1.0,65,False,False,
2022-03-30,USD_RUB,sanctions,1,1.0,0.0,125,0.0,1.0,124,False,False,
2022-03-30,USD_RUB,sanctions,7,1.0,0.0,125,0.0,1.0,118,False,False,
2022-03-30,USD_RUB,sanctions,14,1.0,0.0,125,0.0,1.0,111,False,False,
2022-03-30,USD_RUB,sanctions,30,1.0,0.0,125,0.0,1.0,95,False,False,
2022-03-30,USD_RUB,sanctions,60,1.0,0.0,125,0.0,1.0,65,False,False,
2022-03-30,USD_RUB,inflation,1,1.0,0.0,125,0.0,1.0,124,False,False,
2022-03-30,USD_RUB,inflation,7,1.0,0.0,125,0.0,1.0,118,False,False,
2022-03-30,USD_RUB,inflation,14,1.0,0.0,125,0.0,1.0,111,False,False,
2022-03-30,USD_RUB,inflation,30,1.0,0.0,125,0.0,1.0,95,False,False,
2022-03-30,USD_RUB,inflation,60,1.0,0.0,125,0.0,1.0,65,False,False,
2022-03-30,USD_RUB,banking,1,1.0,0.0,125,0.0,1.0,124,False,False,
2022-03-30,USD_RUB,banking,7,1.0,0.0,125,0.0,1.0,118,False,False,
2022-03-30,USD_RUB,banking,14,1.0,0.0,125,0.0,1.0,111,False,False,
2022-03-30,USD_RUB,banking,30,1.0,0.0,125,0.0,1.0,95,False,False,
2022-03-30,USD_RUB,banking,60,1.0,0.0,125,0.0,1.0,65,False,False,
2022-03-30,USD_RUB,gold,1,1.0,0.0,125,0.0,1.0,124,False,False,
2022-03-30,USD_RUB,gold,7,1.0,0.0,125,0.0,1.0,118,False,False,
2022-03-30,USD_RUB,gold,14,1.0,0.0,125,0.0,1.0,111,False,False,
2022-03-30,USD_RUB,gold,30,1.0,0.0,125,0.0,1.0,95,False,False,
2022-03-30,USD_RUB,gold,60,1.0,0.0,125,0.0,1.0,65,False,False,
2022-03-30,EUR_RUB,oil,1,1.0,0.0,125,0.0,1.0,124,False,False,
2022-03-30,EUR_RUB,oil,7,1.0,0.0,125,0.0,1.0,118,False,False,
2022-03-30,EUR_RUB,oil,14,1.0,0.0,125,0.0,1.0,111,False,False,
2022-03-30,EUR_RUB,oil,30,1.0,0.0,125,0.0,1.0,95,False,False,
2022-03-30,EUR_RUB,oil,60,1.0,0.0,125,0.0,1.0,65,False,False,
2022-03-30,EUR_RUB,rate,1,1.0,0.0,125,0.0,1.0,124,False,False,
2022-03-30,EUR_RUB,rate,7,1.0,0.0,125,0.0,1.0,118,False,False,
2022-03-30,EUR_RUB,rate,14,1.0,0.0,125,0.0,1.0,111,False,False,
2022-03-30,EUR_RUB,rate,30,1.0,0.0,125,0.0,1.0,95,False,False,
2022-03-30,EUR_RUB,rate,60,1.0,0.0,125,0.0,1.0,65,False,False,
2022-03-30,EUR_RUB,ruble,1,1.0,0.0,125,0.0,1.0,124,False,False,
2022-03-30,EUR_RUB,ruble,7,1.0,0.0,125,0.0,1.0,118,False,False,
2022-03-30,EUR_RUB,ruble,14,1.0,0.0,125,0.0,1.0,111,False,False,
2022-03-30,EUR_RUB,ruble,30,1.0,0.0,125,0.0,1.0,95,False,False,
2022-03-30,EUR_RUB,ruble,60,1.0,0.0,125,0.0,1.0,65,False,False,
2022-03-30,EUR_RUB,sanctions,1,1.0,0.0,125,0.0,1.0,124,False,False,
2022-03-30,EUR_RUB,sanctions,7,1.0,0.0,125,0.0,1.0,118,False,False,
2022-03-30,EUR_RUB,sanctions,14,1.0,0.0,125,0.0,1.0,111,False,False,
2022-03-30,EUR_RUB,sanctions,30,1.0,0.0,125,0.0,1.0,95,False,False,
2022-03-30,EUR_RUB,sanctions,60,1.0,0.0,125,0.0,1.0,65,False,False,
2022-03-30,EUR_RUB,inflation,1,1.0,0.0,125,0.0,1.0,124,False,False,
2022-03-30,EUR_RUB,inflation,7,1.0,0.0,125,0.0,1.0,118,False,False,
2022-03-30,EUR_RUB,inflation,14,1.0,0.0,125,0.0,1.0,111,False,False,
2022-03-30,EUR_RUB,inflation,30,1.0,0.0,125,0.0,1.0,95,False,False,
2022-03-30,EUR_RUB,inflation,60,1.0,0.0,125,0.0,1.0,65,False,False,
2022-03-30,EUR_RUB,banking,1,1.0,0.0,125,0.0,1.0,124,False,False,
2022-03-30,EUR_RUB,banking,7,1.0,0.0,125,0.0,1.0,118,False,False,
2022-03-30,EUR_RUB,banking,14,1.0,0.0,125,0.0,1.0,111,False,False,
2022-03-30,EUR_RUB,banking,30,1.0,0.0,125,0.0,1.0,95,False,False,
2022-03-30,EUR_RUB,banking,60,1.0,0.0,125,0.0,1.0,65,False,False,
2022-03-30,EUR_RUB,gold,1,1.0,0.0,125,0.0,1.0,124,False,False,
2022-03-30,EUR_RUB,gold,7,1.0,0.0,125,0.0,1.0,118,False,False,
2022-03-30,EUR_RUB,gold,14,1.0,0.0,125,0.0,1.0,111,False,False,
2022-03-30,EUR_RUB,gold,30,1.0,0.0,125,0.0,1.0,95,False,False,
2022-03-30,EUR_RUB,gold,60,1.0,0.0,125,0.0,1.0,65,False,False,
2022-03-30,BRENT,oil,1,1.0,0.0,125,0.0,1.0,124,False,False,
2022-03-30,BRENT,oil,7,1.0,0.0,125,0.0,1.0,118,False,False,
2022-03-30,BRENT,oil,14,1.0,0.0,125,0.0,1.0,111,False,False,
2022-03-30,BRENT,oil,30,1.0,0.0,125,0.0,1.0,95,False,False,
2022-03-30,BRENT,oil,60,1.0,0.0,125,0.0,1.0,65,False,False,
2022-03-30,BRENT,rate,1,1.0,0.0,125,0.0,1.0,124,False,False,
2022-03-30,BRENT,rate,7,1.0,0.0,125,0.0,1.0,118,False,False,
2022-03-30,BRENT,rate,14,1.0,0.0,125,0.0,1.0,111,False,False,
2022-03-30,BRENT,rate,30,1.0,0.0,125,0.0,1.0,95,False,False,
2022-03-30,BRENT,rate,60,1.0,0.0,125,0.0,1.0,65,False,False,
2022-03-30,BRENT,ruble,1,1.0,0.0,125,0.0,1.0,124,False,False,
2022-03-30,BRENT,ruble,7,1.0,0.0,125,0.0,1.0,118,False,False,
2022-03-30,BRENT,ruble,14,1.0,0.0,125,0.0,1.0,111,False,False,
2022-03-30,BRENT,ruble,30,1.0,0.0,125,0.0,1.0,95,False,False,
2022-03-30,BRENT,ruble,60,1.0,0.0,125,0.0,1.0,65,False,False,
2022-03-30,BRENT,sanctions,1,1.0,0.0,125,0.0,1.0,124,False,False,
2022-03-30,BRENT,sanctions,7,1.0,0.0,125,0.0,1.0,118,False,False,
2022-03-30,BRENT,sanctions,14,1.0,0.0,125,0.0,1.0,111,False,False,
2022-03-30,BRENT,sanctions,30,1.0,0.0,125,0.0,1.0,95,False,False,
2022-03-30,BRENT,sanctions,60,1.0,0.0,125,0.0,1.0,65,False,False,
2022-03-30,BRENT,inflation,1,1.0,0.0,125,0.0,1.0,124,False,False,
2022-03-30,BRENT,inflation,7,1.0,0.0,125,0.0,1.0,118,False,False,
2022-03-30,BRENT,inflation,14,1.0,0.0,125,0.0,1.0,111,False,False,
2022-03-30,BRENT,inflation,30,1.0,0.0,125,0.0,1.0,95,False,False,
2022-03-30,BRENT,inflation,60,1.0,0.0,125,0.0,1.0,65,False,False,
2022-03-30,BRENT,banking,1,1.0,0.0,125,0.0,1.0,124,False,False,
2022-03-30,BRENT,banking,7,1.0,0.0,125,0.0,1.0,118,False,False,
2022-03-30,BRENT,banking,14,1.0,0.0,125,0.0,1.0,111,False,False,
2022-03-30,BRENT,banking,30,1.0,0.0,125,0.0,1.0,95,False,False,
2022-03-30,BRENT,banking,60,1.0,0.0,125,0.0,1.0,65,False,False,
2022-03-30,BRENT,gold,1,1.0,0.0,125,0.0,1.0,124,False,False,
2022-03-30,BRENT,gold,7,1.0,0.0,125,0.0,1.0,118,False,False,
2022-03-30,BRENT,gold,14,1.0,0.0,125,0.0,1.0,111,False,False,
2022-03-30,BRENT,gold,30,1.0,0.0,125,0.0,1.0,95,False,False,
2022-03-30,BRENT,gold,60,1.0,0.0,125,0.0,1.0,65,False,False,
2022-03-30,SP500,oil,1,1.0,0.0,125,0.0,1.0,124,False,False,
2022-03-30,SP500,oil,7,1.0,0.0,125,0.0,1.0,118,False,False,
2022-03-30,SP500,oil,14,1.0,0.0,125,0.0,1.0,111,False,False,
2022-03-30,SP500,oil,30,1.0,0.0,125,0.0,1.0,95,False,False,
2022-03-30,SP500,oil,60,1.0,0.0,125,0.0,1.0,65,False,False,
2022-03-30,SP500,rate,1,1.0,0.0,125,0.0,1.0,124,False,False,
2022-03-30,SP500,rate,7,1.0,0.0,125,0.0,1.0,118,False,False,
2022-03-30,SP500,rate,14,1.0,0.0,125,0.0,1.0,111,False,False,
2022-03-30,SP500,rate,30,1.0,0.0,125,0.0,1.0,95,False,False,
2022-03-30,SP500,rate,60,1.0,0.0,125,0.0,1.0,65,False,False,
2022-03-30,SP500,ruble,1,1.0,0.0,125,0.0,1.0,124,False,False,
2022-03-30,SP500,ruble,7,1.0,0.0,125,0.0,1.0,118,False,False,
2022-03-30,SP500,ruble,14,1.0,0.0,125,0.0,1.0,111,False,False,
2022-03-30,SP500,ruble,30,1.0,0.0,125,0.0,1.0,95,False,False,
2022-03-30,SP500,ruble,60,1.0,0.0,125,0.0,1.0,65,False,False,
2022-03-30,SP500,sanctions,1,1.0,0.0,125,0.0,1.0,124,False,False,
2022-03-30,SP500,sanctions,7,1.0,0.0,125,0.0,1.0,118,False,False,
2022-03-30,SP500,sanctions,14,1.0,0.0,125,0.0,1.0,111,False,False,
2022-03-30,SP500,sanctions,30,1.0,0.0,125,0.0,1.0,95,False,False,
2022-03-30,SP500,sanctions,60,1.0,0.0,125,0.0,1.0,65,False,False,
2022-03-30,SP500,inflation,1,1.0,0.0,125,0.0,1.0,124,False,False,
2022-03-30,SP500,inflation,7,1.0,0.0,125,0.0,1.0,118,False,False,
2022-03-30,SP500,inflation,14,1.0,0.0,125,0.0,1.0,111,False,False,
2022-03-30,SP500,inflation,30,1.0,0.0,125,0.0,1.0,95,False,False,
2022-03-30,SP500,inflation,60,1.0,0.0,125,0.0,1.0,65,False,False,
2022-03-30,SP500,banking,1,1.0,0.0,125,0.0,1.0,124,False,False,
2022-03-30,SP500,banking,7,1.0,0.0,125,0.0,1.0,118,False,False,
2022-03-30,SP500,banking,14,1.0,0.0,125,0.0,1.0,111,False,False,
2022-03-30,SP500,banking,30,1.0,0.0,125,0.0,1.0,95,False,False,
2022-03-30,SP500,banking,60,1.0,0.0,125,0.0,1.0,65,False,False,
2022-03-30,SP500,gold,1,1.0,0.0,125,0.0,1.0,124,False,False,
2022-03-30,SP500,gold,7,1.0,0.0,125,0.0,1.0,118,False,False,
2022-03-30,SP500,gold,14,1.0,0.0,125,0.0,1.0,111,False,False,
2022-03-30,SP500,gold,30,1.0,0.0,125,0.0,1.0,95,False,False,
2022-03-30,SP500,gold,60,1.0,0.0,125,0.0,1.0,65,False,False,
2022-03-30,MSCI_WORLD,oil,1,1.0,0.0,125,0.0,1.0,124,False,False,
2022-03-30,MSCI_WORLD,oil,7,1.0,0.0,125,0.0,1.0,118,False,False,
2022-03-30,MSCI_WORLD,oil,14,1.0,0.0,125,0.0,1.0,111,False,False,
2022-03-30,MSCI_WORLD,oil,30,1.0,0.0,125,0.0,1.0,95,False,False,
2022-03-30,MSCI_WORLD,oil,60,1.0,0.0,125,0.0,1.0,65,False,False,
2022-03-30,MSCI_WORLD,rate,1,1.0,0.0,125,0.0,1.0,124,False,False,
2022-03-30,MSCI_WORLD,rate,7,1.0,0.0,125,0.0,1.0,118,False,False,
2022-03-30,MSCI_WORLD,rate,14,1.0,0.0,125,0.0,1.0,111,False,False,
2022-03-30,MSCI_WORLD,rate,30,1.0,0.0,125,0.0,1.0,95,False,False,
2022-03-30,MSCI_WORLD,rate,60,1.0,0.0,125,0.0,1.0,65,False,False,
2022-03-30,MSCI_WORLD,ruble,1,1.0,0.0,125,0.0,1.0,124,False,False,
2022-03-30,MSCI_WORLD,ruble,7,1.0,0.0,125,0.0,1.0,118,False,False,
2022-03-30,MSCI_WORLD,ruble,14,1.0,0.0,125,0.0,1.0,111,False,False,
2022-03-30,MSCI_WORLD,ruble,30,1.0,0.0,125,0.0,1.0,95,False,False,
2022-03-30,MSCI_WORLD,ruble,60,1.0,0.0,125,0.0,1.0,65,False,False,
2022-03-30,MSCI_WORLD,sanctions,1,1.0,0.0,125,0.0,1.0,124,False,False,
2022-03-30,MSCI_WORLD,sanctions,7,1.0,0.0,125,0.0,1.0,118,False,False,
2022-03-30,MSCI_WORLD,sanctions,14,1.0,0.0,125,0.0,1.0,111,False,False,
2022-03-30,MSCI_WORLD,sanctions,30,1.0,0.0,125,0.0,1.0,95,False,False,
2022-03-30,MSCI_WORLD,sanctions,60,1.0,0.0,125,0.0,1.0,65,False,False,
2022-03-30,MSCI_WORLD,inflation,1,1.0,0.0,125,0.0,1.0,124,False,False,
2022-03-30,MSCI_WORLD,inflation,7,1.0,0.0,125,0.0,1.0,118,False,False,
2022-03-30,MSCI_WORLD,inflation,14,1.0,0.0,125,0.0,1.0,111,False,False,
2022-03-30,MSCI_WORLD,inflation,30,1.0,0.0,125,0.0,1.0,95,False,False,
2022-03-30,MSCI_WORLD,inflation,60,1.0,0.0,125,0.0,1.0,65,False,False,
2022-03-30,MSCI_WORLD,banking,1,1.0,0.0,125,0.0,1.0,124,False,False,
2022-03-30,MSCI_WORLD,banking,7,1.0,0.0,125,0.0,1.0,118,False,False,
2022-03-30,MSCI_WORLD,banking,14,1.0,0.0,125,0.0,1.0,111,False,False,
2022-03-30,MSCI_WORLD,banking,30,1.0,0.0,125,0.0,1.0,95,False,False,
2022-03-30,MSCI_WORLD,banking,60,1.0,0.0,125,0.0,1.0,65,False,False,
2022-03-30,MSCI_WORLD,gold,1,1.0,0.0,125,0.0,1.0,124,False,False,
2022-03-30,MSCI_WORLD,gold,7,1.0,0.0,125,0.0,1.0,118,False,False,
2022-03-30,MSCI_WORLD,gold,14,1.0,0.0,125,0.0,1.0,111,False,False,
2022-03-30,MSCI_WORLD,gold,30,1.0,0.0,125,0.0,1.0,95,False,False,
2022-03-30,MSCI_WORLD,gold,60,1.0,0.0,125,0.0,1.0,65,False,False,
2022-03-30,DXY,oil,1,1.0,0.0,125,0.0,1.0,124,False,False,
2022-03-30,DXY,oil,7,1.0,0.0,125,0.0,1.0,118,False,False,
2022-03-30,DXY,oil,14,1.0,0.0,125,0.0,1.0,111,False,False,
2022-03-30,DXY,oil,30,1.0,0.0,125,0.0,1.0,95,False,False,
2022-03-30,DXY,oil,60,1.0,0.0,125,0.0,1.0,65,False,False,
2022-03-30,DXY,rate,1,1.0,0.0,125,0.0,1.0,124,False,False,
2022-03-30,DXY,rate,7,1.0,0.0,125,0.0,1.0,118,False,False,
2022-03-30,DXY,rate,14,1.0,0.0,125,0.0,1.0,111,False,False,
2022-03-30,DXY,rate,30,1.0,0.0,125,0.0,1.0,95,False,False,
2022-03-30,DXY,rate,60,1.0,0.0,125,0.0,1.0,65,False,False,
2022-03-30,DXY,ruble,1,1.0,0.0,125,0.0,1.0,124,False,False,
2022-03-30,DXY,ruble,7,1.0,0.0,125,0.0,1.0,118,False,False,
2022-03-30,DXY,ruble,14,1.0,0.0,125,0.0,1.0,111,False,False,
2022-03-30,DXY,ruble,30,1.0,0.0,125,0.0,1.0,95,False,False,
2022-03-30,DXY,ruble,60,1.0,0.0,125,0.0,1.0,65,False,False,
2022-03-30,DXY,sanctions,1,1.0,0.0,125,0.0,1.0,124,False,False,
2022-03-30,DXY,sanctions,7,1.0,0.0,125,0.0,1.0,118,False,False,
2022-03-30,DXY,sanctions,14,1.0,0.0,125,0.0,1.0,111,False,False,
2022-03-30,DXY,sanctions,30,1.0,0.0,125,0.0,1.0,95,False,False,
2022-03-30,DXY,sanctions,60,1.0,0.0,125,0.0,1.0,65,False,False,
2022-03-30,DXY,inflation,1,1.0,0.0,125,0.0,1.0,124,False,False,
2022-03-30,DXY,inflation,7,1.0,0.0,125,0.0,1.0,118,False,False,
2022-03-30,DXY,inflation,14,1.0,0.0,125,0.0,1.0,111,False,False,
2022-03-30,DXY,inflation,30,1.0,0.0,125,0.0,1.0,95,False,False,
2022-03-30,DXY,inflation,60,1.0,0.0,125,0.0,1.0,65,False,False,
2022-03-30,DXY,banking,1,1.0,0.0,125,0.0,1.0,124,False,False,
2022-03-30,DXY,banking,7,1.0,0.0,125,0.0,1.0,118,False,False,
2022-03-30,DXY,banking,14,1.0,0.0,125,0.0,1.0,111,False,False,
2022-03-30,DXY,banking,30,1.0,0.0,125,0.0,1.0,95,False,False,
2022-03-30,DXY,banking,60,1.0,0.0,125,0.0,1.0,65,False,False,
2022-03-30,DXY,gold,1,1.0,0.0,125,0.0,1.0,124,False,False,
2022-03-30,DXY,gold,7,1.0,0.0,125,0.0,1.0,118,False,False,
2022-03-30,DXY,gold,14,1.0,0.0,125,0.0,1.0,111,False,False,
2022-03-30,DXY,gold,30,1.0,0.0,125,0.0,1.0,95,False,False,
2022-03-30,DXY,gold,60,1.0,0.0,125,0.0,1.0,65,False,False,
2022-03-30,MSCI_INDIA,oil,1,1.0,0.0,125,0.0,1.0,124,False,False,
2022-03-30,MSCI_INDIA,oil,7,1.0,0.0,125,0.0,1.0,118,False,False,
2022-03-30,MSCI_INDIA,oil,14,1.0,0.0,125,0.0,1.0,111,False,False,
2022-03-30,MSCI_INDIA,oil,30,1.0,0.0,125,0.0,1.0,95,False,False,
2022-03-30,MSCI_INDIA,oil,60,1.0,0.0,125,0.0,1.0,65,False,False,
2022-03-30,MSCI_INDIA,rate,1,1.0,0.0,125,0.0,1.0,124,False,False,
2022-03-30,MSCI_INDIA,rate,7,1.0,0.0,125,0.0,1.0,118,False,False,
2022-03-30,MSCI_INDIA,rate,14,1.0,0.0,125,0.0,1.0,111,False,False,
2022-03-30,MSCI_INDIA,rate,30,1.0,0.0,125,0.0,1.0,95,False,False,
2022-03-30,MSCI_INDIA,rate,60,1.0,0.0,125,0.0,1.0,65,False,False,
2022-03-30,MSCI_INDIA,ruble,1,1.0,0.0,125,0.0,1.0,124,False,False,
2022-03-30,MSCI_INDIA,ruble,7,1.0,0.0,125,0.0,1.0,118,False,False,
2022-03-30,MSCI_INDIA,ruble,14,1.0,0.0,125,0.0,1.0,111,False,False,
2022-03-30,MSCI_INDIA,ruble,30,1.0,0.0,125,0.0,1.0,95,False,False,
2022-03-30,MSCI_INDIA,ruble,60,1.0,0.0,125,0.0,1.0,65,False,False,
2022-03-30,MSCI_INDIA,sanctions,1,1.0,0.0,125,0.0,1.0,124,False,False,
2022-03-30,MSCI_INDIA,sanctions,7,1.0,0.0,125,0.0,1.0,118,False,False,
2022-03-30,MSCI_INDIA,sanctions,14,1.0,0.0,125,0.0,1.0,111,False,False,
2022-03-30,MSCI_INDIA,sanctions,30,1.0,0.0,125,0.0,1.0,95,False,False,
2022-03-30,MSCI_INDIA,sanctions,60,1.0,0.0,125,0.0,1.0,65,False,False,
2022-03-30,MSCI_INDIA,inflation,1,1.0,0.0,125,0.0,1.0,124,False,False,
2022-03-30,MSCI_INDIA,inflation,7,1.0,0.0,125,0.0,1.0,118,False,False,
2022-03-30,MSCI_INDIA,inflation,14,1.0,0.0,125,0.0,1.0,111,False,False,
2022-03-30,MSCI_INDIA,inflation,30,1.0,0.0,125,0.0,1.0,95,False,False,
2022-03-30,MSCI_INDIA,inflation,60,1.0,0.0,125,0.0,1.0,65,False,False,
2022-03-30,MSCI_INDIA,banking,1,1.0,0.0,125,0.0,1.0,124,False,False,
2022-03-30,MSCI_INDIA,banking,7,1.0,0.0,125,0.0,1.0,118,False,False,
2022-03-30,MSCI_INDIA,banking,14,1.0,0.0,125,0.0,1.0,111,False,False,
2022-03-30,MSCI_INDIA,banking,30,1.0,0.0,125,0.0,1.0,95,False,False,
2022-03-30,MSCI_INDIA,banking,60,1.0,0.0,125,0.0,1.0,65,False,False,
2022-03-30,MSCI_INDIA,gold,1,1.0,0.0,125,0.0,1.0,124,False,False,
2022-03-30,MSCI_INDIA,gold,7,1.0,0.0,125,0.0,1.0,118,False,False,
2022-03-30,MSCI_INDIA,gold,14,1.0,0.0,125,0.0,1.0,111,False,False,
2022-03-30,MSCI_INDIA,gold,30,1.0,0.0,125,0.0,1.0,95,False,False,
2022-03-30,MSCI_INDIA,gold,60,1.0,0.0,125,0.0,1.0,65,False,False,
2022-04-02,USD_RUB,oil,1,1.0,0.0,125,0.0,1.0,124,False,False,
2022-04-02,USD_RUB,oil,7,1.0,0.0,125,0.0,1.0,118,False,False,
2022-04-02,USD_RUB,oil,14,1.0,0.0,125,0.0,1.0,111,False,False,
2022-04-02,USD_RUB,oil,30,1.0,0.0,125,0.0,1.0,95,False,False,
2022-04-02,USD_RUB,oil,60,1.0,0.0,125,0.0,1.0,65,False,False,
2022-04-02,USD_RUB,rate,1,1.0,0.0,125,0.0,1.0,124,False,False,
2022-04-02,USD_RUB,rate,7,1.0,0.0,125,0.0,1.0,118,False,False,
2022-04-02,USD_RUB,rate,14,1.0,0.0,125,0.0,1.0,111,False,False,
2022-04-02,USD_RUB,rate,30,1.0,0.0,125,0.0,1.0,95,False,False,
2022-04-02,USD_RUB,rate,60,1.0,0.0,125,0.0,1.0,65,False,False,
2022-04-02,USD_RUB,ruble,1,1.0,0.0,125,0.0,1.0,124,False,False,
2022-04-02,USD_RUB,ruble,7,1.0,0.0,125,0.0,1.0,118,False,False,
2022-04-02,USD_RUB,ruble,14,1.0,0.0,125,0.0,1.0,111,False,False,
2022-04-02,USD_RUB,ruble,30,1.0,0.0,125,0.0,1.0,95,False,False,
2022-04-02,USD_RUB,ruble,60,1.0,0.0,125,0.0,1.0,65,False,False,
2022-04-02,USD_RUB,sanctions,1,1.0,0.0,125,0.0,1.0,124,False,False,
2022-04-02,USD_RUB,sanctions,7,1.0,0.0,125,0.0,1.0,118,False,False,
2022-04-02,USD_RUB,sanctions,14,1.0,0.0,125,0.0,1.0,111,False,False,
2022-04-02,USD_RUB,sanctions,30,1.0,0.0,125,0.0,1.0,95,False,False,
2022-04-02,USD_RUB,sanctions,60,1.0,0.0,125,0.0,1.0,65,False,False,
2022-04-02,USD_RUB,inflation,1,1.0,0.0,125,0.0,1.0,124,False,False,
2022-04-02,USD_RUB,inflation,7,1.0,0.0,125,0.0,1.0,118,False,False,
2022-04-02,USD_RUB,inflation,14,1.0,0.0,125,0.0,1.0,111,False,False,
2022-04-02,USD_RUB,inflation,30,1.0,0.0,125,0.0,1.0,95,False,False,
2022-04-02,USD_RUB,inflation,60,1.0,0.0,125,0.0,1.0,65,False,False,
2022-04-02,USD_RUB,banking,1,1.0,0.0,125,0.0,1.0,124,False,False,
2022-04-02,USD_RUB,banking,7,1.0,0.0,125,0.0,1.0,118,False,False,
2022-04-02,USD_RUB,banking,14,1.0,0.0,125,0.0,1.0,111,False,False,
2022-04-02,USD_RUB,banking,30,1.0,0.0,125,0.0,1.0,95,False,False,
2022-04-02,USD_RUB,banking,60,1.0,0.0,125,0.0,1.0,65,False,False,
2022-04-02,USD_RUB,gold,1,1.0,0.0,125,0.0,1.0,124,False,False,
2022-04-02,USD_RUB,gold,7,1.0,0.0,125,0.0,1.0,118,False,False,
2022-04-02,USD_RUB,gold,14,1.0,0.0,125,0.0,1.0,111,False,False,
2022-04-02,USD_RUB,gold,30,1.0,0.0,125,0.0,1.0,95,False,False,
2022-04-02,USD_RUB,gold,60,1.0,0.0,125,0.0,1.0,65,False,False,
2022-04-02,EUR_RUB,oil,1,1.0,0.0,125,0.0,1.0,124,False,False,
2022-04-02,EUR_RUB,oil,7,1.0,0.0,125,0.0,1.0,118,False,False,
2022-04-02,EUR_RUB,oil,14,1.0,0.0,125,0.0,1.0,111,False,False,
2022-04-02,EUR_RUB,oil,30,1.0,0.0,125,0.0,1.0,95,False,False,
2022-04-02,EUR_RUB,oil,60,1.0,0.0,125,0.0,1.0,65,False,False,
2022-04-02,EUR_RUB,rate,1,1.0,0.0,125,0.0,1.0,124,False,False,
2022-04-02,EUR_RUB,rate,7,1.0,0.0,125,0.0,1.0,118,False,False,
2022-04-02,EUR_RUB,rate,14,1.0,0.0,125,0.0,1.0,111,False,False,
2022-04-02,EUR_RUB,rate,30,1.0,0.0,125,0.0,1.0,95,False,False,
2022-04-02,EUR_RUB,rate,60,1.0,0.0,125,0.0,1.0,65,False,False,
2022-04-02,EUR_RUB,ruble,1,1.0,0.0,125,0.0,1.0,124,False,False,
2022-04-02,EUR_RUB,ruble,7,1.0,0.0,125,0.0,1.0,118,False,False,
2022-04-02,EUR_RUB,ruble,14,1.0,0.0,125,0.0,1.0,111,False,False,
2022-04-02,EUR_RUB,ruble,30,1.0,0.0,125,0.0,1.0,95,False,False,
2022-04-02,EUR_RUB,ruble,60,1.0,0.0,125,0.0,1.0,65,False,False,
2022-04-02,EUR_RUB,sanctions,1,1.0,0.0,125,0.0,1.0,124,False,False,
2022-04-02,EUR_RUB,sanctions,7,1.0,0.0,125,0.0,1.0,118,False,False,
2022-04-02,EUR_RUB,sanctions,14,1.0,0.0,125,0.0,1.0,111,False,False,
2022-04-02,EUR_RUB,sanctions,30,1.0,0.0,125,0.0,1.0,95,False,False,
2022-04-02,EUR_RUB,sanctions,60,1.0,0.0,125,0.0,1.0,65,False,False,
2022-04-02,EUR_RUB,inflation,1,1.0,0.0,125,0.0,1.0,124,False,False,
2022-04-02,EUR_RUB,inflation,7,1.0,0.0,125,0.0,1.0,118,False,False,
2022-04-02,EUR_RUB,inflation,14,1.0,0.0,125,0.0,1.0,111,False,False,
2022-04-02,EUR_RUB,inflation,30,1.0,0.0,125,0.0,1.0,95,False,False,
2022-04-02,EUR_RUB,inflation,60,1.0,0.0,125,0.0,1.0,65,False,False,
2022-04-02,EUR_RUB,banking,1,1.0,0.0,125,0.0,1.0,124,False,False,
2022-04-02,EUR_RUB,banking,7,1.0,0.0,125,0.0,1.0,118,False,False,
2022-04-02,EUR_RUB,banking,14,1.0,0.0,125,0.0,1.0,111,False,False,
2022-04-02,EUR_RUB,banking,30,1.0,0.0,125,0.0,1.0,95,False,False,
2022-04-02,EUR_RUB,banking,60,1.0,0.0,125,0.0,1.0,65,False,False,
2022-04-02,EUR_RUB,gold,1,1.0,0.0,125,0.0,1.0,124,False,False,
2022-04-02,EUR_RUB,gold,7,1.0,0.0,125,0.0,1.0,118,False,False,
2022-04-02,EUR_RUB,gold,14,1.0,0.0,125,0.0,1.0,111,False,False,
2022-04-02,EUR_RUB,gold,30,1.0,0.0,125,0.0,1.0,95,False,False,
2022-04-02,EUR_RUB,gold,60,1.0,0.0,125,0.0,1.0,65,False,False,
2022-04-02,BRENT,oil,1,1.0,0.0,125,0.0,1.0,124,False,False,
2022-04-02,BRENT,oil,7,1.0,0.0,125,0.0,1.0,118,False,False,
2022-04-02,BRENT,oil,14,1.0,0.0,125,0.0,1.0,111,False,False,
2022-04-02,BRENT,oil,30,1.0,0.0,125,0.0,1.0,95,False,False,
2022-04-02,BRENT,oil,60,1.0,0.0,125,0.0,1.0,65,False,False,
2022-04-02,BRENT,rate,1,1.0,0.0,125,0.0,1.0,124,False,False,
2022-04-02,BRENT,rate,7,1.0,0.0,125,0.0,1.0,118,False,False,
2022-04-02,BRENT,rate,14,1.0,0.0,125,0.0,1.0,111,False,False,
2022-04-02,BRENT,rate,30,1.0,0.0,125,0.0,1.0,95,False,False,
2022-04-02,BRENT,rate,60,1.0,0.0,125,0.0,1.0,65,False,False,
2022-04-02,BRENT,ruble,1,1.0,0.0,125,0.0,1.0,124,False,False,
2022-04-02,BRENT,ruble,7,1.0,0.0,125,0.0,1.0,118,False,False,
2022-04-02,BRENT,ruble,14,1.0,0.0,125,0.0,1.0,111,False,False,
2022-04-02,BRENT,ruble,30,1.0,0.0,125,0.0,1.0,95,False,False,
2022-04-02,BRENT,ruble,60,1.0,0.0,125,0.0,1.0,65,False,False,
2022-04-02,BRENT,sanctions,1,1.0,0.0,125,0.0,1.0,124,False,False,
2022-04-02,BRENT,sanctions,7,1.0,0.0,125,0.0,1.0,118,False,False,
2022-04-02,BRENT,sanctions,14,1.0,0.0,125,0.0,1.0,111,False,False,
2022-04-02,BRENT,sanctions,30,1.0,0.0,125,0.0,1.0,95,False,False,
2022-04-02,BRENT,sanctions,60,1.0,0.0,125,0.0,1.0,65,False,False,
2022-04-02,BRENT,inflation,1,1.0,0.0,125,0.0,1.0,124,False,False,
2022-04-02,BRENT,inflation,7,1.0,0.0,125,0.0,1.0,118,False,False,
2022-04-02,BRENT,inflation,14,1.0,0.0,125,0.0,1.0,111,False,False,
2022-04-02,BRENT,inflation,30,1.0,0.0,125,0.0,1.0,95,False,False,
2022-04-02,BRENT,inflation,60,1.0,0.0,125,0.0,1.0,65,False,False,
2022-04-02,BRENT,banking,1,1.0,0.0,125,0.0,1.0,124,False,False,
2022-04-02,BRENT,banking,7,1.0,0.0,125,0.0,1.0,118,False,False,
2022-04-02,BRENT,banking,14,1.0,0.0,125,0.0,1.0,111,False,False,
2022-04-02,BRENT,banking,30,1.0,0.0,125,0.0,1.0,95,False,False,
2022-04-02,BRENT,banking,60,1.0,0.0,125,0.0,1.0,65,False,False,
2022-04-02,BRENT,gold,1,1.0,0.0,125,0.0,1.0,124,False,False,
2022-04-02,BRENT,gold,7,1.0,0.0,125,0.0,1.0,118,False,False,
2022-04-02,BRENT,gold,14,1.0,0.0,125,0.0,1.0,111,False,False,
2022-04-02,BRENT,gold,30,1.0,0.0,125,0.0,1.0,95,False,False,
2022-04-02,BRENT,gold,60,1.0,0.0,125,0.0,1.0,65,False,False,
2022-04-02,SP500,oil,1,1.0,0.0,125,0.0,1.0,124,False,False,
2022-04-02,SP500,oil,7,1.0,0.0,125,0.0,1.0,118,False,False,
2022-04-02,SP500,oil,14,1.0,0.0,125,0.0,1.0,111,False,False,
2022-04-02,SP500,oil,30,1.0,0.0,125,0.0,1.0,95,False,False,
2022-04-02,SP500,oil,60,1.0,0.0,125,0.0,1.0,65,False,False,
2022-04-02,SP500,rate,1,1.0,0.0,125,0.0,1.0,124,False,False,
2022-04-02,SP500,rate,7,1.0,0.0,125,0.0,1.0,118,False,False,
2022-04-02,SP500,rate,14,1.0,0.0,125,0.0,1.0,111,False,False,
2022-04-02,SP500,rate,30,1.0,0.0,125,0.0,1.0,95,False,False,
2022-04-02,SP500,rate,60,1.0,0.0,125,0.0,1.0,65,False,False,
2022-04-02,SP500,ruble,1,1.0,0.0,125,0.0,1.0,124,False,False,
2022-04-02,SP500,ruble,7,1.0,0.0,125,0.0,1.0,118,False,False,
2022-04-02,SP500,ruble,14,1.0,0.0,125,0.0,1.0,111,False,False,
2022-04-02,SP500,ruble,30,1.0,0.0,125,0.0,1.0,95,False,False,
2022-04-02,SP500,ruble,60,1.0,0.0,125,0.0,1.0,65,False,False,
2022-04-02,SP500,sanctions,1,1.0,0.0,125,0.0,1.0,124,False,False,
2022-04-02,SP500,sanctions,7,1.0,0.0,125,0.0,1.0,118,False,False,
2022-04-02,SP500,sanctions,14,1.0,0.0,125,0.0,1.0,111,False,False,
2022-04-02,SP500,sanctions,30,1.0,0.0,125,0.0,1.0,95,False,False,
2022-04-02,SP500,sanctions,60,1.0,0.0,125,0.0,1.0,65,False,False,
2022-04-02,SP500,inflation,1,1.0,0.0,125,0.0,1.0,124,False,False,
2022-04-02,SP500,inflation,7,1.0,0.0,125,0.0,1.0,118,False,False,
2022-04-02,SP500,inflation,14,1.0,0.0,125,0.0,1.0,111,False,False,
2022-04-02,SP500,inflation,30,1.0,0.0,125,0.0,1.0,95,False,False,
2022-04-02,SP500,inflation,60,1.0,0.0,125,0.0,1.0,65,False,False,
2022-04-02,SP500,banking,1,1.0,0.0,125,0.0,1.0,124,False,False,
2022-04-02,SP500,banking,7,1.0,0.0,125,0.0,1.0,118,False,False,
2022-04-02,SP500,banking,14,1.0,0.0,125,0.0,1.0,111,False,False,
2022-04-02,SP500,banking,30,1.0,0.0,125,0.0,1.0,95,False,False,
2022-04-02,SP500,banking,60,1.0,0.0,125,0.0,1.0,65,False,False,
2022-04-02,SP500,gold,1,1.0,0.0,125,0.0,1.0,124,False,False,
2022-04-02,SP500,gold,7,1.0,0.0,125,0.0,1.0,118,False,False,
2022-04-02,SP500,gold,14,1.0,0.0,125,0.0,1.0,111,False,False,
2022-04-02,SP500,gold,30,1.0,0.0,125,0.0,1.0,95,False,False,
2022-04-02,SP500,gold,60,1.0,0.0,125,0.0,1.0,65,False,False,
2022-04-02,MSCI_WORLD,oil,1,1.0,0.0,125,0.0,1.0,124,False,False,
2022-04-02,MSCI_WORLD,oil,7,1.0,0.0,125,0.0,1.0,118,False,False,
2022-04-02,MSCI_WORLD,oil,14,1.0,0.0,125,0.0,1.0,111,False,False,
2022-04-02,MSCI_WORLD,oil,30,1.0,0.0,125,0.0,1.0,95,False,False,
2022-04-02,MSCI_WORLD,oil,60,1.0,0.0,125,0.0,1.0,65,False,False,
2022-04-02,MSCI_WORLD,rate,1,1.0,0.0,125,0.0,1.0,124,False,False,
2022-04-02,MSCI_WORLD,rate,7,1.0,0.0,125,0.0,1.0,118,False,False,
2022-04-02,MSCI_WORLD,rate,14,1.0,0.0,125,0.0,1.0,111,False,False,
2022-04-02,MSCI_WORLD,rate,30,1.0,0.0,125,0.0,1.0,95,False,False,
2022-04-02,MSCI_WORLD,rate,60,1.0,0.0,125,0.0,1.0,65,False,False,
2022-04-02,MSCI_WORLD,ruble,1,1.0,0.0,125,0.0,1.0,124,False,False,
2022-04-02,MSCI_WORLD,ruble,7,1.0,0.0,125,0.0,1.0,118,False,False,
2022-04-02,MSCI_WORLD,ruble,14,1.0,0.0,125,0.0,1.0,111,False,False,
2022-04-02,MSCI_WORLD,ruble,30,1.0,0.0,125,0.0,1.0,95,False,False,
2022-04-02,MSCI_WORLD,ruble,60,1.0,0.0,125,0.0,1.0,65,False,False,
2022-04-02,MSCI_WORLD,sanctions,1,1.0,0.0,125,0.0,1.0,124,False,False,
2022-04-02,MSCI_WORLD,sanctions,7,1.0,0.0,125,0.0,1.0,118,False,False,
2022-04-02,MSCI_WORLD,sanctions,14,1.0,0.0,125,0.0,1.0,111,False,False,
2022-04-02,MSCI_WORLD,sanctions,30,1.0,0.0,125,0.0,1.0,95,False,False,
2022-04-02,MSCI_WORLD,sanctions,60,1.0,0.0,125,0.0,1.0,65,False,False,
2022-04-02,MSCI_WORLD,inflation,1,1.0,0.0,125,0.0,1.0,124,False,False,
2022-04-02,MSCI_WORLD,inflation,7,1.0,0.0,125,0.0,1.0,118,False,False,
2022-04-02,MSCI_WORLD,inflation,14,1.0,0.0,125,0.0,1.0,111,False,False,
2022-04-02,MSCI_WORLD,inflation,30,1.0,0.0,125,0.0,1.0,95,False,False,
2022-04-02,MSCI_WORLD,inflation,60,1.0,0.0,125,0.0,1.0,65,False,False,
2022-04-02,MSCI_WORLD,banking,1,1.0,0.0,125,0.0,1.0,124,False,False,
2022-04-02,MSCI_WORLD,banking,7,1.0,0.0,125,0.0,1.0,118,False,False,
2022-04-02,MSCI_WORLD,banking,14,1.0,0.0,125,0.0,1.0,111,False,False,
2022-04-02,MSCI_WORLD,banking,30,1.0,0.0,125,0.0,1.0,95,False,False,
2022-04-02,MSCI_WORLD,banking,60,1.0,0.0,125,0.0,1.0,65,False,False,
2022-04-02,MSCI_WORLD,gold,1,1.0,0.0,125,0.0,1.0,124,False,False,
2022-04-02,MSCI_WORLD,gold,7,1.0,0.0,125,0.0,1.0,118,False,False,
2022-04-02,MSCI_WORLD,gold,14,1.0,0.0,125,0.0,1.0,111,False,False,
2022-04-02,MSCI_WORLD,gold,30,1.0,0.0,125,0.0,1.0,95,False,False,
2022-04-02,MSCI_WORLD,gold,60,1.0,0.0,125,0.0,1.0,65,False,False,
2022-04-02,DXY,oil,1,1.0,0.0,125,0.0,1.0,124,False,False,
2022-04-02,DXY,oil,7,1.0,0.0,125,0.0,1.0,118,False,False,
2022-04-02,DXY,oil,14,1.0,0.0,125,0.0,1.0,111,False,False,
2022-04-02,DXY,oil,30,1.0,0.0,125,0.0,1.0,95,False,False,
2022-04-02,DXY,oil,60,1.0,0.0,125,0.0,1.0,65,False,False,
2022-04-02,DXY,rate,1,1.0,0.0,125,0.0,1.0,124,False,False,
2022-04-02,DXY,rate,7,1.0,0.0,125,0.0,1.0,118,False,False,
2022-04-02,DXY,rate,14,1.0,0.0,125,0.0,1.0,111,False,False,
2022-04-02,DXY,rate,30,1.0,0.0,125,0.0,1.0,95,False,False,
2022-04-02,DXY,rate,60,1.0,0.0,125,0.0,1.0,65,False,False,
2022-04-02,DXY,ruble,1,1.0,0.0,125,0.0,1.0,124,False,False,
2022-04-02,DXY,ruble,7,1.0,0.0,125,0.0,1.0,118,False,False,
2022-04-02,DXY,ruble,14,1.0,0.0,125,0.0,1.0,111,False,False,
2022-04-02,DXY,ruble,30,1.0,0.0,125,0.0,1.0,95,False,False,
2022-04-02,DXY,ruble,60,1.0,0.0,125,0.0,1.0,65,False,False,
2022-04-02,DXY,sanctions,1,1.0,0.0,125,0.0,1.0,124,False,False,
2022-04-02,DXY,sanctions,7,1.0,0.0,125,0.0,1.0,118,False,False,
2022-04-02,DXY,sanctions,14,1.0,0.0,125,0.0,1.0,111,False,False,
2022-04-02,DXY,sanctions,30,1.0,0.0,125,0.0,1.0,95,False,False,
2022-04-02,DXY,sanctions,60,1.0,0.0,125,0.0,1.0,65,False,False,
2022-04-02,DXY,inflation,1,1.0,0.0,125,0.0,1.0,124,False,False,
2022-04-02,DXY,inflation,7,1.0,0.0,125,0.0,1.0,118,False,False,
2022-04-02,DXY,inflation,14,1.0,0.0,125,0.0,1.0,111,False,False,
2022-04-02,DXY,inflation,30,1.0,0.0,125,0.0,1.0,95,False,False,
2022-04-02,DXY,inflation,60,1.0,0.0,125,0.0,1.0,65,False,False,
2022-04-02,DXY,banking,1,1.0,0.0,125,0.0,1.0,124,False,False,
2022-04-02,DXY,banking,7,1.0,0.0,125,0.0,1.0,118,False,False,
2022-04-02,DXY,banking,14,1.0,0.0,125,0.0,1.0,111,False,False,
2022-04-02,DXY,banking,30,1.0,0.0,125,0.0,1.0,95,False,False,
2022-04-02,DXY,banking,60,1.0,0.0,125,0.0,1.0,65,False,False,
2022-04-02,DXY,gold,1,1.0,0.0,125,0.0,1.0,124,False,False,
2022-04-02,DXY,gold,7,1.0,0.0,125,0.0,1.0,118,False,False,
2022-04-02,DXY,gold,14,1.0,0.0,125,0.0,1.0,111,False,False,
2022-04-02,DXY,gold,30,1.0,0.0,125,0.0,1.0,95,False,False,
2022-04-02,DXY,gold,60,1.0,0.0,125,0.0,1.0,65,False,False,
2022-04-02,MSCI_INDIA,oil,1,1.0,0.0,125,0.0,1.0,124,False,False,
2022-04-02,MSCI_INDIA,oil,7,1.0,0.0,125,0.0,1.0,118,False,False,
2022-04-02,MSCI_INDIA,oil,14,1.0,0.0,125,0.0,1.0,111,False,False,
2022-04-02,MSCI_INDIA,oil,30,1.0,0.0,125,0.0,1.0,95,False,False,
2022-04-02,MSCI_INDIA,oil,60,1.0,0.0,125,0.0,1.0,65,False,False,
2022-04-02,MSCI_INDIA,rate,1,1.0,0.0,125,0.0,1.0,124,False,False,
2022-04-02,MSCI_INDIA,rate,7,1.0,0.0,125,0.0,1.0,118,False,False,
2022-04-02,MSCI_INDIA,rate,14,1.0,0.0,125,0.0,1.0,111,False,False,
2022-04-02,MSCI_INDIA,rate,30,1.0,0.0,125,0.0,1.0,95,False,False,
2022-04-02,MSCI_INDIA,rate,60,1.0,0.0,125,0.0,1.0,65,False,False,
2022-04-02,MSCI_INDIA,ruble,1,1.0,0.0,125,0.0,1.0,124,False,False,
2022-04-02,MSCI_INDIA,ruble,7,1.0,0.0,125,0.0,1.0,118,False,False,
2022-04-02,MSCI_INDIA,ruble,14,1.0,0.0,125,0.0,1.0,111,False,False,
2022-04-02,MSCI_INDIA,ruble,30,1.0,0.0,125,0.0,1.0,95,False,False,
2022-04-02,MSCI_INDIA,ruble,60,1.0,0.0,125,0.0,1.0,65,False,False,
2022-04-02,MSCI_INDIA,sanctions,1,1.0,0.0,125,0.0,1.0,124,False,False,
2022-04-02,MSCI_INDIA,sanctions,7,1.0,0.0,125,0.0,1.0,118,False,False,
2022-04-02,MSCI_INDIA,sanctions,14,1.0,0.0,125,0.0,1.0,111,False,False,
2022-04-02,MSCI_INDIA,sanctions,30,1.0,0.0,125,0.0,1.0,95,False,False,
2022-04-02,MSCI_INDIA,sanctions,60,1.0,0.0,125,0.0,1.0,65,False,False,
2022-04-02,MSCI_INDIA,inflation,1,1.0,0.0,125,0.0,1.0,124,False,False,
2022-04-02,MSCI_INDIA,inflation,7,1.0,0.0,125,0.0,1.0,118,False,False,
2022-04-02,MSCI_INDIA,inflation,14,1.0,0.0,125,0.0,1.0,111,False,False,
2022-04-02,MSCI_INDIA,inflation,30,1.0,0.0,125,0.0,1.0,95,False,False,
2022-04-02,MSCI_INDIA,inflation,60,1.0,0.0,125,0.0,1.0,65,False,False,
2022-04-02,MSCI_INDIA,banking,1,1.0,0.0,125,0.0,1.0,124,False,False,
2022-04-02,MSCI_INDIA,banking,7,1.0,0.0,125,0.0,1.0,118,False,False,
2022-04-02,MSCI_INDIA,banking,14,1.0,0.0,125,0.0,1.0,111,False,False,
2022-04-02,MSCI_INDIA,banking,30,1.0,0.0,125,0.0,1.0,95,False,False,
2022-04-02,MSCI_INDIA,banking,60,1.0,0.0,125,0.0,1.0,65,False,False,
2022-04-02,MSCI_INDIA,gold,1,1.0,0.0,125,0.0,1.0,124,False,False,
2022-04-02,MSCI_INDIA,gold,7,1.0,0.0,125,0.0,1.0,118,False,False,
2022-04-02,MSCI_INDIA,gold,14,1.0,0.0,125,0.0,1.0,111,False,False,
2022-04-02,MSCI_INDIA,gold,30,1.0,0.0,125,0.0,1.0,95,False,False,
2022-04-02,MSCI_INDIA,gold,60,1.0,0.0,125,0.0,1.0,65,False,False,
2022-04-05,USD_RUB,oil,1,1.0,0.0,125,0.0,1.0,124,False,False,
2022-04-05,USD_RUB,oil,7,1.0,0.0,125,0.0,1.0,118,False,False,
2022-04-05,USD_RUB,oil,14,1.0,0.0,125,0.0,1.0,111,False,False,
2022-04-05,USD_RUB,oil,30,1.0,0.0,125,0.0,1.0,95,False,False,
2022-04-05,USD_RUB,oil,60,1.0,0.0,125,0.0,1.0,65,False,False,
2022-04-05,USD_RUB,rate,1,1.0,0.0,125,0.0,1.0,124,False,False,
2022-04-05,USD_RUB,rate,7,1.0,0.0,125,0.0,1.0,118,False,False,
2022-04-05,USD_RUB,rate,14,1.0,0.0,125,0.0,1.0,111,False,False,
2022-04-05,USD_RUB,rate,30,1.0,0.0,125,0.0,1.0,95,False,False,
2022-04-05,USD_RUB,rate,60,1.0,0.0,125,0.0,1.0,65,False,False,
2022-04-05,USD_RUB,ruble,1,1.0,0.0,125,0.0,1.0,124,False,False,
2022-04-05,USD_RUB,ruble,7,1.0,0.0,125,0.0,1.0,118,False,False,
2022-04-05,USD_RUB,ruble,14,1.0,0.0,125,0.0,1.0,111,False,False,
2022-04-05,USD_RUB,ruble,30,1.0,0.0,125,0.0,1.0,95,False,False,
2022-04-05,USD_RUB,ruble,60,1.0,0.0,125,0.0,1.0,65,False,False,
2022-04-05,USD_RUB,sanctions,1,1.0,0.0,125,0.0,1.0,124,False,False,
2022-04-05,USD_RUB,sanctions,7,1.0,0.0,125,0.0,1.0,118,False,False,
2022-04-05,USD_RUB,sanctions,14,1.0,0.0,125,0.0,1.0,111,False,False,
2022-04-05,USD_RUB,sanctions,30,1.0,0.0,125,0.0,1.0,95,False,False,
2022-04-05,USD_RUB,sanctions,60,1.0,0.0,125,0.0,1.0,65,False,False,
2022-04-05,USD_RUB,inflation,1,1.0,0.0,125,0.0,1.0,124,False,False,
2022-04-05,USD_RUB,inflation,7,1.0,0.0,125,0.0,1.0,118,False,False,
2022-04-05,USD_RUB,inflation,14,1.0,0.0,125,0.0,1.0,111,False,False,
2022-04-05,USD_RUB,inflation,30,1.0,0.0,125,0.0,1.0,95,False,False,
2022-04-05,USD_RUB,inflation,60,1.0,0.0,125,0.0,1.0,65,False,False,
2022-04-05,USD_RUB,banking,1,1.0,0.0,125,0.0,1.0,124,False,False,
2022-04-05,USD_RUB,banking,7,1.0,0.0,125,0.0,1.0,118,False,False,
2022-04-05,USD_RUB,banking,14,1.0,0.0,125,0.0,1.0,111,False,False,
2022-04-05,USD_RUB,banking,30,1.0,0.0,125,0.0,1.0,95,False,False,
2022-04-05,USD_RUB,banking,60,1.0,0.0,125,0.0,1.0,65,False,False,
2022-04-05,USD_RUB,gold,1,1.0,0.0,125,0.0,1.0,124,False,False,
2022-04-05,USD_RUB,gold,7,1.0,0.0,125,0.0,1.0,118,False,False,
2022-04-05,USD_RUB,gold,14,1.0,0.0,125,0.0,1.0,111,False,False,
2022-04-05,USD_RUB,gold,30,1.0,0.0,125,0.0,1.0,95,False,False,
2022-04-05,USD_RUB,gold,60,1.0,0.0,125,0.0,1.0,65,False,False,
2022-04-05,EUR_RUB,oil,1,1.0,0.0,125,0.0,1.0,124,False,False,
2022-04-05,EUR_RUB,oil,7,1.0,0.0,125,0.0,1.0,118,False,False,
2022-04-05,EUR_RUB,oil,14,1.0,0.0,125,0.0,1.0,111,False,False,
2022-04-05,EUR_RUB,oil,30,1.0,0.0,125,0.0,1.0,95,False,False,
2022-04-05,EUR_RUB,oil,60,1.0,0.0,125,0.0,1.0,65,False,False,
2022-04-05,EUR_RUB,rate,1,1.0,0.0,125,0.0,1.0,124,False,False,
2022-04-05,EUR_RUB,rate,7,1.0,0.0,125,0.0,1.0,118,False,False,
2022-04-05,EUR_RUB,rate,14,1.0,0.0,125,0.0,1.0,111,False,False,
2022-04-05,EUR_RUB,rate,30,1.0,0.0,125,0.0,1.0,95,False,False,
2022-04-05,EUR_RUB,rate,60,1.0,0.0,125,0.0,1.0,65,False,False,
2022-04-05,EUR_RUB,ruble,1,1.0,0.0,125,0.0,1.0,124,False,False,
2022-04-05,EUR_RUB,ruble,7,1.0,0.0,125,0.0,1.0,118,False,False,
2022-04-05,EUR_RUB,ruble,14,1.0,0.0,125,0.0,1.0,111,False,False,
2022-04-05,EUR_RUB,ruble,30,1.0,0.0,125,0.0,1.0,95,False,False,
2022-04-05,EUR_RUB,ruble,60,1.0,0.0,125,0.0,1.0,65,False,False,
2022-04-05,EUR_RUB,sanctions,1,1.0,0.0,125,0.0,1.0,124,False,False,
2022-04-05,EUR_RUB,sanctions,7,1.0,0.0,125,0.0,1.0,118,False,False,
2022-04-05,EUR_RUB,sanctions,14,1.0,0.0,125,0.0,1.0,111,False,False,
2022-04-05,EUR_RUB,sanctions,30,1.0,0.0,125,0.0,1.0,95,False,False,
2022-04-05,EUR_RUB,sanctions,60,1.0,0.0,125,0.0,1.0,65,False,False,
2022-04-05,EUR_RUB,inflation,1,1.0,0.0,125,0.0,1.0,124,False,False,
2022-04-05,EUR_RUB,inflation,7,1.0,0.0,125,0.0,1.0,118,False,False,
2022-04-05,EUR_RUB,inflation,14,1.0,0.0,125,0.0,1.0,111,False,False,
2022-04-05,EUR_RUB,inflation,30,1.0,0.0,125,0.0,1.0,95,False,False,
2022-04-05,EUR_RUB,inflation,60,1.0,0.0,125,0.0,1.0,65,False,False,
2022-04-05,EUR_RUB,banking,1,1.0,0.0,125,0.0,1.0,124,False,False,
2022-04-05,EUR_RUB,banking,7,1.0,0.0,125,0.0,1.0,118,False,False,
2022-04-05,EUR_RUB,banking,14,1.0,0.0,125,0.0,1.0,111,False,False,
2022-04-05,EUR_RUB,banking,30,1.0,0.0,125,0.0,1.0,95,False,False,
2022-04-05,EUR_RUB,banking,60,1.0,0.0,125,0.0,1.0,65,False,False,
2022-04-05,EUR_RUB,gold,1,1.0,0.0,125,0.0,1.0,124,False,False,
2022-04-05,EUR_RUB,gold,7,1.0,0.0,125,0.0,1.0,118,False,False,
2022-04-05,EUR_RUB,gold,14,1.0,0.0,125,0.0,1.0,111,False,False,
2022-04-05,EUR_RUB,gold,30,1.0,0.0,125,0.0,1.0,95,False,False,
2022-04-05,EUR_RUB,gold,60,1.0,0.0,125,0.0,1.0,65,False,False,
2022-04-05,BRENT,oil,1,1.0,0.0,125,0.0,1.0,124,False,False,
2022-04-05,BRENT,oil,7,1.0,0.0,125,0.0,1.0,118,False,False,
2022-04-05,BRENT,oil,14,1.0,0.0,125,0.0,1.0,111,False,False,
2022-04-05,BRENT,oil,30,1.0,0.0,125,0.0,1.0,95,False,False,
2022-04-05,BRENT,oil,60,1.0,0.0,125,0.0,1.0,65,False,False,
2022-04-05,BRENT,rate,1,1.0,0.0,125,0.0,1.0,124,False,False,
2022-04-05,BRENT,rate,7,1.0,0.0,125,0.0,1.0,118,False,False,
2022-04-05,BRENT,rate,14,1.0,0.0,125,0.0,1.0,111,False,False,
2022-04-05,BRENT,rate,30,1.0,0.0,125,0.0,1.0,95,False,False,
2022-04-05,BRENT,rate,60,1.0,0.0,125,0.0,1.0,65,False,False,
2022-04-05,BRENT,ruble,1,1.0,0.0,125,0.0,1.0,124,False,False,
2022-04-05,BRENT,ruble,7,1.0,0.0,125,0.0,1.0,118,False,False,
2022-04-05,BRENT,ruble,14,1.0,0.0,125,0.0,1.0,111,False,False,
2022-04-05,BRENT,ruble,30,1.0,0.0,125,0.0,1.0,95,False,False,
2022-04-05,BRENT,ruble,60,1.0,0.0,125,0.0,1.0,65,False,False,
2022-04-05,BRENT,sanctions,1,1.0,0.0,125,0.0,1.0,124,False,False,
2022-04-05,BRENT,sanctions,7,1.0,0.0,125,0.0,1.0,118,False,False,
2022-04-05,BRENT,sanctions,14,1.0,0.0,125,0.0,1.0,111,False,False,
2022-04-05,BRENT,sanctions,30,1.0,0.0,125,0.0,1.0,95,False,False,
2022-04-05,BRENT,sanctions,60,1.0,0.0,125,0.0,1.0,65,False,False,
2022-04-05,BRENT,inflation,1,1.0,0.0,125,0.0,1.0,124,False,False,
2022-04-05,BRENT,inflation,7,1.0,0.0,125,0.0,1.0,118,False,False,
2022-04-05,BRENT,inflation,14,1.0,0.0,125,0.0,1.0,111,False,False,
2022-04-05,BRENT,inflation,30,1.0,0.0,125,0.0,1.0,95,False,False,
2022-04-05,BRENT,inflation,60,1.0,0.0,125,0.0,1.0,65,False,False,
2022-04-05,BRENT,banking,1,1.0,0.0,125,0.0,1.0,124,False,False,
2022-04-05,BRENT,banking,7,1.0,0.0,125,0.0,1.0,118,False,False,
2022-04-05,BRENT,banking,14,1.0,0.0,125,0.0,1.0,111,False,False,
2022-04-05,BRENT,banking,30,1.0,0.0,125,0.0,1.0,95,False,False,
2022-04-05,BRENT,banking,60,1.0,0.0,125,0.0,1.0,65,False,False,
2022-04-05,BRENT,gold,1,1.0,0.0,125,0.0,1.0,124,False,False,
2022-04-05,BRENT,gold,7,1.0,0.0,125,0.0,1.0,118,False,False,
2022-04-05,BRENT,gold,14,1.0,0.0,125,0.0,1.0,111,False,False,
2022-04-05,BRENT,gold,30,1.0,0.0,125,0.0,1.0,95,False,False,
2022-04-05,BRENT,gold,60,1.0,0.0,125,0.0,1.0,65,False,False,
2022-04-05,SP500,oil,1,1.0,0.0,125,0.0,1.0,124,False,False,
2022-04-05,SP500,oil,7,1.0,0.0,125,0.0,1.0,118,False,False,
2022-04-05,SP500,oil,14,1.0,0.0,125,0.0,1.0,111,False,False,
2022-04-05,SP500,oil,30,1.0,0.0,125,0.0,1.0,95,False,False,
2022-04-05,SP500,oil,60,1.0,0.0,125,0.0,1.0,65,False,False,
2022-04-05,SP500,rate,1,1.0,0.0,125,0.0,1.0,124,False,False,
2022-04-05,SP500,rate,7,1.0,0.0,125,0.0,1.0,118,False,False,
2022-04-05,SP500,rate,14,1.0,0.0,125,0.0,1.0,111,False,False,
2022-04-05,SP500,rate,30,1.0,0.0,125,0.0,1.0,95,False,False,
2022-04-05,SP500,rate,60,1.0,0.0,125,0.0,1.0,65,False,False,
2022-04-05,SP500,ruble,1,1.0,0.0,125,0.0,1.0,124,False,False,
2022-04-05,SP500,ruble,7,1.0,0.0,125,0.0,1.0,118,False,False,
2022-04-05,SP500,ruble,14,1.0,0.0,125,0.0,1.0,111,False,False,
2022-04-05,SP500,ruble,30,1.0,0.0,125,0.0,1.0,95,False,False,
2022-04-05,SP500,ruble,60,1.0,0.0,125,0.0,1.0,65,False,False,
2022-04-05,SP500,sanctions,1,1.0,0.0,125,0.0,1.0,124,False,False,
2022-04-05,SP500,sanctions,7,1.0,0.0,125,0.0,1.0,118,False,False,
2022-04-05,SP500,sanctions,14,1.0,0.0,125,0.0,1.0,111,False,False,
2022-04-05,SP500,sanctions,30,1.0,0.0,125,0.0,1.0,95,False,False,
2022-04-05,SP500,sanctions,60,1.0,0.0,125,0.0,1.0,65,False,False,
2022-04-05,SP500,inflation,1,1.0,0.0,125,0.0,1.0,124,False,False,
2022-04-05,SP500,inflation,7,1.0,0.0,125,0.0,1.0,118,False,False,
2022-04-05,SP500,inflation,14,1.0,0.0,125,0.0,1.0,111,False,False,
2022-04-05,SP500,inflation,30,1.0,0.0,125,0.0,1.0,95,False,False,
2022-04-05,SP500,inflation,60,1.0,0.0,125,0.0,1.0,65,False,False,
2022-04-05,SP500,banking,1,1.0,0.0,125,0.0,1.0,124,False,False,
2022-04-05,SP500,banking,7,1.0,0.0,125,0.0,1.0,118,False,False,
2022-04-05,SP500,banking,14,1.0,0.0,125,0.0,1.0,111,False,False,
2022-04-05,SP500,banking,30,1.0,0.0,125,0.0,1.0,95,False,False,
2022-04-05,SP500,banking,60,1.0,0.0,125,0.0,1.0,65,False,False,
2022-04-05,SP500,gold,1,1.0,0.0,125,0.0,1.0,124,False,False,
2022-04-05,SP500,gold,7,1.0,0.0,125,0.0,1.0,118,False,False,
2022-04-05,SP500,gold,14,1.0,0.0,125,0.0,1.0,111,False,False,
2022-04-05,SP500,gold,30,1.0,0.0,125,0.0,1.0,95,False,False,
2022-04-05,SP500,gold,60,1.0,0.0,125,0.0,1.0,65,False,False,
2022-04-05,MSCI_WORLD,oil,1,1.0,0.0,125,0.0,1.0,124,False,False,
2022-04-05,MSCI_WORLD,oil,7,1.0,0.0,125,0.0,1.0,118,False,False,
2022-04-05,MSCI_WORLD,oil,14,1.0,0.0,125,0.0,1.0,111,False,False,
2022-04-05,MSCI_WORLD,oil,30,1.0,0.0,125,0.0,1.0,95,False,False,
2022-04-05,MSCI_WORLD,oil,60,1.0,0.0,125,0.0,1.0,65,False,False,
2022-04-05,MSCI_WORLD,rate,1,1.0,0.0,125,0.0,1.0,124,False,False,
2022-04-05,MSCI_WORLD,rate,7,1.0,0.0,125,0.0,1.0,118,False,False,
2022-04-05,MSCI_WORLD,rate,14,1.0,0.0,125,0.0,1.0,111,False,False,
2022-04-05,MSCI_WORLD,rate,30,1.0,0.0,125,0.0,1.0,95,False,False,
2022-04-05,MSCI_WORLD,rate,60,1.0,0.0,125,0.0,1.0,65,False,False,
2022-04-05,MSCI_WORLD,ruble,1,1.0,0.0,125,0.0,1.0,124,False,False,
2022-04-05,MSCI_WORLD,ruble,7,1.0,0.0,125,0.0,1.0,118,False,False,
2022-04-05,MSCI_WORLD,ruble,14,1.0,0.0,125,0.0,1.0,111,False,False,
2022-04-05,MSCI_WORLD,ruble,30,1.0,0.0,125,0.0,1.0,95,False,False,
2022-04-05,MSCI_WORLD,ruble,60,1.0,0.0,125,0.0,1.0,65,False,False,
2022-04-05,MSCI_WORLD,sanctions,1,1.0,0.0,125,0.0,1.0,124,False,False,
2022-04-05,MSCI_WORLD,sanctions,7,1.0,0.0,125,0.0,1.0,118,False,False,
2022-04-05,MSCI_WORLD,sanctions,14,1.0,0.0,125,0.0,1.0,111,False,False,
2022-04-05,MSCI_WORLD,sanctions,30,1.0,0.0,125,0.0,1.0,95,False,False,
2022-04-05,MSCI_WORLD,sanctions,60,1.0,0.0,125,0.0,1.0,65,False,False,
2022-04-05,MSCI_WORLD,inflation,1,1.0,0.0,125,0.0,1.0,124,False,False,
2022-04-05,MSCI_WORLD,inflation,7,1.0,0.0,125,0.0,1.0,118,False,False,
2022-04-05,MSCI_WORLD,inflation,14,1.0,0.0,125,0.0,1.0,111,False,False,
2022-04-05,MSCI_WORLD,inflation,30,1.0,0.0,125,0.0,1.0,95,False,False,
2022-04-05,MSCI_WORLD,inflation,60,1.0,0.0,125,0.0,1.0,65,False,False,
2022-04-05,MSCI_WORLD,banking,1,1.0,0.0,125,0.0,1.0,124,False,False,
2022-04-05,MSCI_WORLD,banking,7,1.0,0.0,125,0.0,1.0,118,False,False,
2022-04-05,MSCI_WORLD,banking,14,1.0,0.0,125,0.0,1.0,111,False,False,
2022-04-05,MSCI_WORLD,banking,30,1.0,0.0,125,0.0,1.0,95,False,False,
2022-04-05,MSCI_WORLD,banking,60,1.0,0.0,125,0.0,1.0,65,False,False,
2022-04-05,MSCI_WORLD,gold,1,1.0,0.0,125,0.0,1.0,124,False,False,
2022-04-05,MSCI_WORLD,gold,7,1.0,0.0,125,0.0,1.0,118,False,False,
2022-04-05,MSCI_WORLD,gold,14,1.0,0.0,125,0.0,1.0,111,False,False,
2022-04-05,MSCI_WORLD,gold,30,1.0,0.0,125,0.0,1.0,95,False,False,
2022-04-05,MSCI_WORLD,gold,60,1.0,0.0,125,0.0,1.0,65,False,False,
2022-04-05,DXY,oil,1,1.0,0.0,125,0.0,1.0,124,False,False,
2022-04-05,DXY,oil,7,1.0,0.0,125,0.0,1.0,118,False,False,
2022-04-05,DXY,oil,14,1.0,0.0,125,0.0,1.0,111,False,False,
2022-04-05,DXY,oil,30,1.0,0.0,125,0.0,1.0,95,False,False,
2022-04-05,DXY,oil,60,1.0,0.0,125,0.0,1.0,65,False,False,
2022-04-05,DXY,rate,1,1.0,0.0,125,0.0,1.0,124,False,False,
2022-04-05,DXY,rate,7,1.0,0.0,125,0.0,1.0,118,False,False,
2022-04-05,DXY,rate,14,1.0,0.0,125,0.0,1.0,111,False,False,
2022-04-05,DXY,rate,30,1.0,0.0,125,0.0,1.0,95,False,False,
2022-04-05,DXY,rate,60,1.0,0.0,125,0.0,1.0,65,False,False,
2022-04-05,DXY,ruble,1,1.0,0.0,125,0.0,1.0,124,False,False,
2022-04-05,DXY,ruble,7,1.0,0.0,125,0.0,1.0,118,False,False,
2022-04-05,DXY,ruble,14,1.0,0.0,125,0.0,1.0,111,False,False,
2022-04-05,DXY,ruble,30,1.0,0.0,125,0.0,1.0,95,False,False,
2022-04-05,DXY,ruble,60,1.0,0.0,125,0.0,1.0,65,False,False,
2022-04-05,DXY,sanctions,1,1.0,0.0,125,0.0,1.0,124,False,False,
2022-04-05,DXY,sanctions,7,1.0,0.0,125,0.0,1.0,118,False,False,
2022-04-05,DXY,sanctions,14,1.0,0.0,125,0.0,1.0,111,False,False,
2022-04-05,DXY,sanctions,30,1.0,0.0,125,0.0,1.0,95,False,False,
2022-04-05,DXY,sanctions,60,1.0,0.0,125,0.0,1.0,65,False,False,
2022-04-05,DXY,inflation,1,1.0,0.0,125,0.0,1.0,124,False,False,
2022-04-05,DXY,inflation,7,1.0,0.0,125,0.0,1.0,118,False,False,
2022-04-05,DXY,inflation,14,1.0,0.0,125,0.0,1.0,111,False,False,
2022-04-05,DXY,inflation,30,1.0,0.0,125,0.0,1.0,95,False,False,
2022-04-05,DXY,inflation,60,1.0,0.0,125,0.0,1.0,65,False,False,
2022-04-05,DXY,banking,1,1.0,0.0,125,0.0,1.0,124,False,False,
2022-04-05,DXY,banking,7,1.0,0.0,125,0.0,1.0,118,False,False,
2022-04-05,DXY,banking,14,1.0,0.0,125,0.0,1.0,111,False,False,
2022-04-05,DXY,banking,30,1.0,0.0,125,0.0,1.0,95,False,False,
2022-04-05,DXY,banking,60,1.0,0.0,125,0.0,1.0,65,False,False,
2022-04-05,DXY,gold,1,1.0,0.0,125,0.0,1.0,124,False,False,
2022-04-05,DXY,gold,7,1.0,0.0,125,0.0,1.0,118,False,False,
2022-04-05,DXY,gold,14,1.0,0.0,125,0.0,1.0,111,False,False,
2022-04-05,DXY,gold,30,1.0,0.0,125,0.0,1.0,95,False,False,
2022-04-05,DXY,gold,60,1.0,0.0,125,0.0,1.0,65,False,False,
2022-04-05,MSCI_INDIA,oil,1,1.0,0.0,125,0.0,1.0,124,False,False,
2022-04-05,MSCI_INDIA,oil,7,1.0,0.0,125,0.0,1.0,118,False,False,
2022-04-05,MSCI_INDIA,oil,14,1.0,0.0,125,0.0,1.0,111,False,False,
2022-04-05,MSCI_INDIA,oil,30,1.0,0.0,125,0.0,1.0,95,False,False,
2022-04-05,MSCI_INDIA,oil,60,1.0,0.0,125,0.0,1.0,65,False,False,
2022-04-05,MSCI_INDIA,rate,1,1.0,0.0,125,0.0,1.0,124,False,False,
2022-04-05,MSCI_INDIA,rate,7,1.0,0.0,125,0.0,1.0,118,False,False,
2022-04-05,MSCI_INDIA,rate,14,1.0,0.0,125,0.0,1.0,111,False,False,
2022-04-05,MSCI_INDIA,rate,30,1.0,0.0,125,0.0,1.0,95,False,False,
2022-04-05,MSCI_INDIA,rate,60,1.0,0.0,125,0.0,1.0,65,False,False,
2022-04-05,MSCI_INDIA,ruble,1,1.0,0.0,125,0.0,1.0,124,False,False,
2022-04-05,MSCI_INDIA,ruble,7,1.0,0.0,125,0.0,1.0,118,False,False,
2022-04-05,MSCI_INDIA,ruble,14,1.0,0.0,125,0.0,1.0,111,False,False,
2022-04-05,MSCI_INDIA,ruble,30,1.0,0.0,125,0.0,1.0,95,False,False,
2022-04-05,MSCI_INDIA,ruble,60,1.0,0.0,125,0.0,1.0,65,False,False,
2022-04-05,MSCI_INDIA,sanctions,1,1.0,0.0,125,0.0,1.0,124,False,False,
2022-04-05,MSCI_INDIA,sanctions,7,1.0,0.0,125,0.0,1.0,118,False,False,
2022-04-05,MSCI_INDIA,sanctions,14,1.0,0.0,125,0.0,1.0,111,False,False,
2022-04-05,MSCI_INDIA,sanctions,30,1.0,0.0,125,0.0,1.0,95,False,False,
2022-04-05,MSCI_INDIA,sanctions,60,1.0,0.0,125,0.0,1.0,65,False,False,
2022-04-05,MSCI_INDIA,inflation,1,1.0,0.0,125,0.0,1.0,124,False,False,
2022-04-05,MSCI_INDIA,inflation,7,1.0,0.0,125,0.0,1.0,118,False,False,
2022-04-05,MSCI_INDIA,inflation,14,1.0,0.0,125,0.0,1.0,111,False,False,
2022-04-05,MSCI_INDIA,inflation,30,1.0,0.0,125,0.0,1.0,95,False,False,
2022-04-05,MSCI_INDIA,inflation,60,1.0,0.0,125,0.0,1.0,65,False,False,
2022-04-05,MSCI_INDIA,banking,1,1.0,0.0,125,0.0,1.0,124,False,False,
2022-04-05,MSCI_INDIA,banking,7,1.0,0.0,125,0.0,1.0,118,False,False,
2022-04-05,MSCI_INDIA,banking,14,1.0,0.0,125,0.0,1.0,111,False,False,
2022-04-05,MSCI_INDIA,banking,30,1.0,0.0,125,0.0,1.0,95,False,False,
2022-04-05,MSCI_INDIA,banking,60,1.0,0.0,125,0.0,1.0,65,False,False,
2022-04-05,MSCI_INDIA,gold,1,1.0,0.0,125,0.0,1.0,124,False,False,
2022-04-05,MSCI_INDIA,gold,7,1.0,0.0,125,0.0,1.0,118,False,False,
2022-04-05,MSCI_INDIA,gold,14,1.0,0.0,125,0.0,1.0,111,False,False,
2022-04-05,MSCI_INDIA,gold,30,1.0,0.0,125,0.0,1.0,95,False,False,
2022-04-05,MSCI_INDIA,gold,60,1.0,0.0,125,0.0,1.0,65,False,False,
2022-04-08,USD_RUB,oil,1,1.0,0.0,125,0.0,1.0,124,False,False,
2022-04-08,USD_RUB,oil,7,1.0,0.0,125,0.0,1.0,118,False,False,
2022-04-08,USD_RUB,oil,14,1.0,0.0,125,0.0,1.0,111,False,False,
2022-04-08,USD_RUB,oil,30,1.0,0.0,125,0.0,1.0,95,False,False,
2022-04-08,USD_RUB,oil,60,1.0,0.0,125,0.0,1.0,65,False,False,
2022-04-08,USD_RUB,rate,1,1.0,0.0,125,0.0,1.0,124,False,False,
2022-04-08,USD_RUB,rate,7,1.0,0.0,125,0.0,1.0,118,False,False,
2022-04-08,USD_RUB,rate,14,1.0,0.0,125,0.0,1.0,111,False,False,
2022-04-08,USD_RUB,rate,30,1.0,0.0,125,0.0,1.0,95,False,False,
2022-04-08,USD_RUB,rate,60,1.0,0.0,125,0.0,1.0,65,False,False,
2022-04-08,USD_RUB,ruble,1,1.0,0.0,125,0.0,1.0,124,False,False,
2022-04-08,USD_RUB,ruble,7,1.0,0.0,125,0.0,1.0,118,False,False,
2022-04-08,USD_RUB,ruble,14,1.0,0.0,125,0.0,1.0,111,False,False,
2022-04-08,USD_RUB,ruble,30,1.0,0.0,125,0.0,1.0,95,False,False,
2022-04-08,USD_RUB,ruble,60,1.0,0.0,125,0.0,1.0,65,False,False,
2022-04-08,USD_RUB,sanctions,1,1.0,0.0,125,0.0,1.0,124,False,False,
2022-04-08,USD_RUB,sanctions,7,1.0,0.0,125,0.0,1.0,118,False,False,
2022-04-08,USD_RUB,sanctions,14,1.0,0.0,125,0.0,1.0,111,False,False,
2022-04-08,USD_RUB,sanctions,30,1.0,0.0,125,0.0,1.0,95,False,False,
2022-04-08,USD_RUB,sanctions,60,1.0,0.0,125,0.0,1.0,65,False,False,
2022-04-08,USD_RUB,inflation,1,1.0,0.0,125,0.0,1.0,124,False,False,
2022-04-08,USD_RUB,inflation,7,1.0,0.0,125,0.0,1.0,118,False,False,
2022-04-08,USD_RUB,inflation,14,1.0,0.0,125,0.0,1.0,111,False,False,
2022-04-08,USD_RUB,inflation,30,1.0,0.0,125,0.0,1.0,95,False,False,
2022-04-08,USD_RUB,inflation,60,1.0,0.0,125,0.0,1.0,65,False,False,
2022-04-08,USD_RUB,banking,1,1.0,0.0,125,0.0,1.0,124,False,False,
2022-04-08,USD_RUB,banking,7,1.0,0.0,125,0.0,1.0,118,False,False,
2022-04-08,USD_RUB,banking,14,1.0,0.0,125,0.0,1.0,111,False,False,
2022-04-08,USD_RUB,banking,30,1.0,0.0,125,0.0,1.0,95,False,False,
2022-04-08,USD_RUB,banking,60,1.0,0.0,125,0.0,1.0,65,False,False,
2022-04-08,USD_RUB,gold,1,1.0,0.0,125,0.0,1.0,124,False,False,
2022-04-08,USD_RUB,gold,7,1.0,0.0,125,0.0,1.0,118,False,False,
2022-04-08,USD_RUB,gold,14,1.0,0.0,125,0.0,1.0,111,False,False,
2022-04-08,USD_RUB,gold,30,1.0,0.0,125,0.0,1.0,95,False,False,
2022-04-08,USD_RUB,gold,60,1.0,0.0,125,0.0,1.0,65,False,False,
2022-04-08,EUR_RUB,oil,1,1.0,0.0,125,0.0,1.0,124,False,False,
2022-04-08,EUR_RUB,oil,7,1.0,0.0,125,0.0,1.0,118,False,False,
2022-04-08,EUR_RUB,oil,14,1.0,0.0,125,0.0,1.0,111,False,False,
2022-04-08,EUR_RUB,oil,30,1.0,0.0,125,0.0,1.0,95,False,False,
2022-04-08,EUR_RUB,oil,60,1.0,0.0,125,0.0,1.0,65,False,False,
2022-04-08,EUR_RUB,rate,1,1.0,0.0,125,0.0,1.0,124,False,False,
2022-04-08,EUR_RUB,rate,7,1.0,0.0,125,0.0,1.0,118,False,False,
2022-04-08,EUR_RUB,rate,14,1.0,0.0,125,0.0,1.0,111,False,False,
2022-04-08,EUR_RUB,rate,30,1.0,0.0,125,0.0,1.0,95,False,False,
2022-04-08,EUR_RUB,rate,60,1.0,0.0,125,0.0,1.0,65,False,False,
2022-04-08,EUR_RUB,ruble,1,1.0,0.0,125,0.0,1.0,124,False,False,
2022-04-08,EUR_RUB,ruble,7,1.0,0.0,125,0.0,1.0,118,False,False,
2022-04-08,EUR_RUB,ruble,14,1.0,0.0,125,0.0,1.0,111,False,False,
2022-04-08,EUR_RUB,ruble,30,1.0,0.0,125,0.0,1.0,95,False,False,
2022-04-08,EUR_RUB,ruble,60,1.0,0.0,125,0.0,1.0,65,False,False,
2022-04-08,EUR_RUB,sanctions,1,1.0,0.0,125,0.0,1.0,124,False,False,
2022-04-08,EUR_RUB,sanctions,7,1.0,0.0,125,0.0,1.0,118,False,False,
2022-04-08,EUR_RUB,sanctions,14,1.0,0.0,125,0.0,1.0,111,False,False,
2022-04-08,EUR_RUB,sanctions,30,1.0,0.0,125,0.0,1.0,95,False,False,
2022-04-08,EUR_RUB,sanctions,60,1.0,0.0,125,0.0,1.0,65,False,False,
2022-04-08,EUR_RUB,inflation,1,1.0,0.0,125,0.0,1.0,124,False,False,
2022-04-08,EUR_RUB,inflation,7,1.0,0.0,125,0.0,1.0,118,False,False,
2022-04-08,EUR_RUB,inflation,14,1.0,0.0,125,0.0,1.0,111,False,False,
2022-04-08,EUR_RUB,inflation,30,1.0,0.0,125,0.0,1.0,95,False,False,
2022-04-08,EUR_RUB,inflation,60,1.0,0.0,125,0.0,1.0,65,False,False,
2022-04-08,EUR_RUB,banking,1,1.0,0.0,125,0.0,1.0,124,False,False,
2022-04-08,EUR_RUB,banking,7,1.0,0.0,125,0.0,1.0,118,False,False,
2022-04-08,EUR_RUB,banking,14,1.0,0.0,125,0.0,1.0,111,False,False,
2022-04-08,EUR_RUB,banking,30,1.0,0.0,125,0.0,1.0,95,False,False,
2022-04-08,EUR_RUB,banking,60,1.0,0.0,125,0.0,1.0,65,False,False,
2022-04-08,EUR_RUB,gold,1,1.0,0.0,125,0.0,1.0,124,False,False,
2022-04-08,EUR_RUB,gold,7,1.0,0.0,125,0.0,1.0,118,False,False,
2022-04-08,EUR_RUB,gold,14,1.0,0.0,125,0.0,1.0,111,False,False,
2022-04-08,EUR_RUB,gold,30,1.0,0.0,125,0.0,1.0,95,False,False,
2022-04-08,EUR_RUB,gold,60,1.0,0.0,125,0.0,1.0,65,False,False,
2022-04-08,BRENT,oil,1,1.0,0.0,125,0.0,1.0,124,False,False,
2022-04-08,BRENT,oil,7,1.0,0.0,125,0.0,1.0,118,False,False,
2022-04-08,BRENT,oil,14,1.0,0.0,125,0.0,1.0,111,False,False,
2022-04-08,BRENT,oil,30,1.0,0.0,125,0.0,1.0,95,False,False,
2022-04-08,BRENT,oil,60,1.0,0.0,125,0.0,1.0,65,False,False,
2022-04-08,BRENT,rate,1,1.0,0.0,125,0.0,1.0,124,False,False,
2022-04-08,BRENT,rate,7,1.0,0.0,125,0.0,1.0,118,False,False,
2022-04-08,BRENT,rate,14,1.0,0.0,125,0.0,1.0,111,False,False,
2022-04-08,BRENT,rate,30,1.0,0.0,125,0.0,1.0,95,False,False,
2022-04-08,BRENT,rate,60,1.0,0.0,125,0.0,1.0,65,False,False,
2022-04-08,BRENT,ruble,1,1.0,0.0,125,0.0,1.0,124,False,False,
2022-04-08,BRENT,ruble,7,1.0,0.0,125,0.0,1.0,118,False,False,
2022-04-08,BRENT,ruble,14,1.0,0.0,125,0.0,1.0,111,False,False,
2022-04-08,BRENT,ruble,30,1.0,0.0,125,0.0,1.0,95,False,False,
2022-04-08,BRENT,ruble,60,1.0,0.0,125,0.0,1.0,65,False,False,
2022-04-08,BRENT,sanctions,1,1.0,0.0,125,0.0,1.0,124,False,False,
2022-04-08,BRENT,sanctions,7,1.0,0.0,125,0.0,1.0,118,False,False,
2022-04-08,BRENT,sanctions,14,1.0,0.0,125,0.0,1.0,111,False,False,
2022-04-08,BRENT,sanctions,30,1.0,0.0,125,0.0,1.0,95,False,False,
2022-04-08,BRENT,sanctions,60,1.0,0.0,125,0.0,1.0,65,False,False,
2022-04-08,BRENT,inflation,1,1.0,0.0,125,0.0,1.0,124,False,False,
2022-04-08,BRENT,inflation,7,1.0,0.0,125,0.0,1.0,118,False,False,
2022-04-08,BRENT,inflation,14,1.0,0.0,125,0.0,1.0,111,False,False,
2022-04-08,BRENT,inflation,30,1.0,0.0,125,0.0,1.0,95,False,False,
2022-04-08,BRENT,inflation,60,1.0,0.0,125,0.0,1.0,65,False,False,
2022-04-08,BRENT,banking,1,1.0,0.0,125,0.0,1.0,124,False,False,
2022-04-08,BRENT,banking,7,1.0,0.0,125,0.0,1.0,118,False,False,
2022-04-08,BRENT,banking,14,1.0,0.0,125,0.0,1.0,111,False,False,
2022-04-08,BRENT,banking,30,1.0,0.0,125,0.0,1.0,95,False,False,
2022-04-08,BRENT,banking,60,1.0,0.0,125,0.0,1.0,65,False,False,
2022-04-08,BRENT,gold,1,1.0,0.0,125,0.0,1.0,124,False,False,
2022-04-08,BRENT,gold,7,1.0,0.0,125,0.0,1.0,118,False,False,
2022-04-08,BRENT,gold,14,1.0,0.0,125,0.0,1.0,111,False,False,
2022-04-08,BRENT,gold,30,1.0,0.0,125,0.0,1.0,95,False,False,
2022-04-08,BRENT,gold,60,1.0,0.0,125,0.0,1.0,65,False,False,
2022-04-08,SP500,oil,1,1.0,0.0,125,0.0,1.0,124,False,False,
2022-04-08,SP500,oil,7,1.0,0.0,125,0.0,1.0,118,False,False,
2022-04-08,SP500,oil,14,1.0,0.0,125,0.0,1.0,111,False,False,
2022-04-08,SP500,oil,30,1.0,0.0,125,0.0,1.0,95,False,False,
2022-04-08,SP500,oil,60,1.0,0.0,125,0.0,1.0,65,False,False,
2022-04-08,SP500,rate,1,1.0,0.0,125,0.0,1.0,124,False,False,
2022-04-08,SP500,rate,7,1.0,0.0,125,0.0,1.0,118,False,False,
2022-04-08,SP500,rate,14,1.0,0.0,125,0.0,1.0,111,False,False,
2022-04-08,SP500,rate,30,1.0,0.0,125,0.0,1.0,95,False,False,
2022-04-08,SP500,rate,60,1.0,0.0,125,0.0,1.0,65,False,False,
2022-04-08,SP500,ruble,1,1.0,0.0,125,0.0,1.0,124,False,False,
2022-04-08,SP500,ruble,7,1.0,0.0,125,0.0,1.0,118,False,False,
2022-04-08,SP500,ruble,14,1.0,0.0,125,0.0,1.0,111,False,False,
2022-04-08,SP500,ruble,30,1.0,0.0,125,0.0,1.0,95,False,False,
2022-04-08,SP500,ruble,60,1.0,0.0,125,0.0,1.0,65,False,False,
2022-04-08,SP500,sanctions,1,1.0,0.0,125,0.0,1.0,124,False,False,
2022-04-08,SP500,sanctions,7,1.0,0.0,125,0.0,1.0,118,False,False,
2022-04-08,SP500,sanctions,14,1.0,0.0,125,0.0,1.0,111,False,False,
2022-04-08,SP500,sanctions,30,1.0,0.0,125,0.0,1.0,95,False,False,
2022-04-08,SP500,sanctions,60,1.0,0.0,125,0.0,1.0,65,False,False,
2022-04-08,SP500,inflation,1,1.0,0.0,125,0.0,1.0,124,False,False,
2022-04-08,SP500,inflation,7,1.0,0.0,125,0.0,1.0,118,False,False,
2022-04-08,SP500,inflation,14,1.0,0.0,125,0.0,1.0,111,False,False,
2022-04-08,SP500,inflation,30,1.0,0.0,125,0.0,1.0,95,False,False,
2022-04-08,SP500,inflation,60,1.0,0.0,125,0.0,1.0,65,False,False,
2022-04-08,SP500,banking,1,1.0,0.0,125,0.0,1.0,124,False,False,
2022-04-08,SP500,banking,7,1.0,0.0,125,0.0,1.0,118,False,False,
2022-04-08,SP500,banking,14,1.0,0.0,125,0.0,1.0,111,False,False,
2022-04-08,SP500,banking,30,1.0,0.0,125,0.0,1.0,95,False,False,
2022-04-08,SP500,banking,60,1.0,0.0,125,0.0,1.0,65,False,False,
2022-04-08,SP500,gold,1,1.0,0.0,125,0.0,1.0,124,False,False,
2022-04-08,SP500,gold,7,1.0,0.0,125,0.0,1.0,118,False,False,
2022-04-08,SP500,gold,14,1.0,0.0,125,0.0,1.0,111,False,False,
2022-04-08,SP500,gold,30,1.0,0.0,125,0.0,1.0,95,False,False,
2022-04-08,SP500,gold,60,1.0,0.0,125,0.0,1.0,65,False,False,
2022-04-08,MSCI_WORLD,oil,1,1.0,0.0,125,0.0,1.0,124,False,False,
2022-04-08,MSCI_WORLD,oil,7,1.0,0.0,125,0.0,1.0,118,False,False,
2022-04-08,MSCI_WORLD,oil,14,1.0,0.0,125,0.0,1.0,111,False,False,
2022-04-08,MSCI_WORLD,oil,30,1.0,0.0,125,0.0,1.0,95,False,False,
2022-04-08,MSCI_WORLD,oil,60,1.0,0.0,125,0.0,1.0,65,False,False,
2022-04-08,MSCI_WORLD,rate,1,1.0,0.0,125,0.0,1.0,124,False,False,
2022-04-08,MSCI_WORLD,rate,7,1.0,0.0,125,0.0,1.0,118,False,False,
2022-04-08,MSCI_WORLD,rate,14,1.0,0.0,125,0.0,1.0,111,False,False,
2022-04-08,MSCI_WORLD,rate,30,1.0,0.0,125,0.0,1.0,95,False,False,
2022-04-08,MSCI_WORLD,rate,60,1.0,0.0,125,0.0,1.0,65,False,False,
2022-04-08,MSCI_WORLD,ruble,1,1.0,0.0,125,0.0,1.0,124,False,False,
2022-04-08,MSCI_WORLD,ruble,7,1.0,0.0,125,0.0,1.0,118,False,False,
2022-04-08,MSCI_WORLD,ruble,14,1.0,0.0,125,0.0,1.0,111,False,False,
2022-04-08,MSCI_WORLD,ruble,30,1.0,0.0,125,0.0,1.0,95,False,False,
2022-04-08,MSCI_WORLD,ruble,60,1.0,0.0,125,0.0,1.0,65,False,False,
2022-04-08,MSCI_WORLD,sanctions,1,1.0,0.0,125,0.0,1.0,124,False,False,
2022-04-08,MSCI_WORLD,sanctions,7,1.0,0.0,125,0.0,1.0,118,False,False,
2022-04-08,MSCI_WORLD,sanctions,14,1.0,0.0,125,0.0,1.0,111,False,False,
2022-04-08,MSCI_WORLD,sanctions,30,1.0,0.0,125,0.0,1.0,95,False,False,
2022-04-08,MSCI_WORLD,sanctions,60,1.0,0.0,125,0.0,1.0,65,False,False,
2022-04-08,MSCI_WORLD,inflation,1,1.0,0.0,125,0.0,1.0,124,False,False,
2022-04-08,MSCI_WORLD,inflation,7,1.0,0.0,125,0.0,1.0,118,False,False,
2022-04-08,MSCI_WORLD,inflation,14,1.0,0.0,125,0.0,1.0,111,False,False,
2022-04-08,MSCI_WORLD,inflation,30,1.0,0.0,125,0.0,1.0,95,False,False,
2022-04-08,MSCI_WORLD,inflation,60,1.0,0.0,125,0.0,1.0,65,False,False,
2022-04-08,MSCI_WORLD,banking,1,1.0,0.0,125,0.0,1.0,124,False,False,
2022-04-08,MSCI_WORLD,banking,7,1.0,0.0,125,0.0,1.0,118,False,False,
2022-04-08,MSCI_WORLD,banking,14,1.0,0.0,125,0.0,1.0,111,False,False,
2022-04-08,MSCI_WORLD,banking,30,1.0,0.0,125,0.0,1.0,95,False,False,
2022-04-08,MSCI_WORLD,banking,60,1.0,0.0,125,0.0,1.0,65,False,False,
2022-04-08,MSCI_WORLD,gold,1,1.0,0.0,125,0.0,1.0,124,False,False,
2022-04-08,MSCI_WORLD,gold,7,1.0,0.0,125,0.0,1.0,118,False,False,
2022-04-08,MSCI_WORLD,gold,14,1.0,0.0,125,0.0,1.0,111,False,False,
2022-04-08,MSCI_WORLD,gold,30,1.0,0.0,125,0.0,1.0,95,False,False,
2022-04-08,MSCI_WORLD,gold,60,1.0,0.0,125,0.0,1.0,65,False,False,
2022-04-08,DXY,oil,1,1.0,0.0,125,0.0,1.0,124,False,False,
2022-04-08,DXY,oil,7,1.0,0.0,125,0.0,1.0,118,False,False,
2022-04-08,DXY,oil,14,1.0,0.0,125,0.0,1.0,111,False,False,
2022-04-08,DXY,oil,30,1.0,0.0,125,0.0,1.0,95,False,False,
2022-04-08,DXY,oil,60,1.0,0.0,125,0.0,1.0,65,False,False,
2022-04-08,DXY,rate,1,1.0,0.0,125,0.0,1.0,124,False,False,
2022-04-08,DXY,rate,7,1.0,0.0,125,0.0,1.0,118,False,False,
2022-04-08,DXY,rate,14,1.0,0.0,125,0.0,1.0,111,False,False,
2022-04-08,DXY,rate,30,1.0,0.0,125,0.0,1.0,95,False,False,
2022-04-08,DXY,rate,60,1.0,0.0,125,0.0,1.0,65,False,False,
2022-04-08,DXY,ruble,1,1.0,0.0,125,0.0,1.0,124,False,False,
2022-04-08,DXY,ruble,7,1.0,0.0,125,0.0,1.0,118,False,False,
2022-04-08,DXY,ruble,14,1.0,0.0,125,0.0,1.0,111,False,False,
2022-04-08,DXY,ruble,30,1.0,0.0,125,0.0,1.0,95,False,False,
2022-04-08,DXY,ruble,60,1.0,0.0,125,0.0,1.0,65,False,False,
2022-04-08,DXY,sanctions,1,1.0,0.0,125,0.0,1.0,124,False,False,
2022-04-08,DXY,sanctions,7,1.0,0.0,125,0.0,1.0,118,False,False,
2022-04-08,DXY,sanctions,14,1.0,0.0,125,0.0,1.0,111,False,False,
2022-04-08,DXY,sanctions,30,1.0,0.0,125,0.0,1.0,95,False,False,
2022-04-08,DXY,sanctions,60,1.0,0.0,125,0.0,1.0,65,False,False,
2022-04-08,DXY,inflation,1,1.0,0.0,125,0.0,1.0,124,False,False,
2022-04-08,DXY,inflation,7,1.0,0.0,125,0.0,1.0,118,False,False,
2022-04-08,DXY,inflation,14,1.0,0.0,125,0.0,1.0,111,False,False,
2022-04-08,DXY,inflation,30,1.0,0.0,125,0.0,1.0,95,False,False,
2022-04-08,DXY,inflation,60,1.0,0.0,125,0.0,1.0,65,False,False,
2022-04-08,DXY,banking,1,1.0,0.0,125,0.0,1.0,124,False,False,
2022-04-08,DXY,banking,7,1.0,0.0,125,0.0,1.0,118,False,False,
2022-04-08,DXY,banking,14,1.0,0.0,125,0.0,1.0,111,False,False,
2022-04-08,DXY,banking,30,1.0,0.0,125,0.0,1.0,95,False,False,
2022-04-08,DXY,banking,60,1.0,0.0,125,0.0,1.0,65,False,False,
2022-04-08,DXY,gold,1,1.0,0.0,125,0.0,1.0,124,False,False,
2022-04-08,DXY,gold,7,1.0,0.0,125,0.0,1.0,118,False,False,
2022-04-08,DXY,gold,14,1.0,0.0,125,0.0,1.0,111,False,False,
2022-04-08,DXY,gold,30,1.0,0.0,125,0.0,1.0,95,False,False,
2022-04-08,DXY,gold,60,1.0,0.0,125,0.0,1.0,65,False,False,
2022-04-08,MSCI_INDIA,oil,1,1.0,0.0,125,0.0,1.0,124,False,False,
2022-04-08,MSCI_INDIA,oil,7,1.0,0.0,125,0.0,1.0,118,False,False,
2022-04-08,MSCI_INDIA,oil,14,1.0,0.0,125,0.0,1.0,111,False,False,
2022-04-08,MSCI_INDIA,oil,30,1.0,0.0,125,0.0,1.0,95,False,False,
2022-04-08,MSCI_INDIA,oil,60,1.0,0.0,125,0.0,1.0,65,False,False,
2022-04-08,MSCI_INDIA,rate,1,1.0,0.0,125,0.0,1.0,124,False,False,
2022-04-08,MSCI_INDIA,rate,7,1.0,0.0,125,0.0,1.0,118,False,False,
2022-04-08,MSCI_INDIA,rate,14,1.0,0.0,125,0.0,1.0,111,False,False,
2022-04-08,MSCI_INDIA,rate,30,1.0,0.0,125,0.0,1.0,95,False,False,
2022-04-08,MSCI_INDIA,rate,60,1.0,0.0,125,0.0,1.0,65,False,False,
2022-04-08,MSCI_INDIA,ruble,1,1.0,0.0,125,0.0,1.0,124,False,False,
2022-04-08,MSCI_INDIA,ruble,7,1.0,0.0,125,0.0,1.0,118,False,False,
2022-04-08,MSCI_INDIA,ruble,14,1.0,0.0,125,0.0,1.0,111,False,False,
2022-04-08,MSCI_INDIA,ruble,30,1.0,0.0,125,0.0,1.0,95,False,False,
2022-04-08,MSCI_INDIA,ruble,60,1.0,0.0,125,0.0,1.0,65,False,False,
2022-04-08,MSCI_INDIA,sanctions,1,1.0,0.0,125,0.0,1.0,124,False,False,
2022-04-08,MSCI_INDIA,sanctions,7,1.0,0.0,125,0.0,1.0,118,False,False,
2022-04-08,MSCI_INDIA,sanctions,14,1.0,0.0,125,0.0,1.0,111,False,False,
2022-04-08,MSCI_INDIA,sanctions,30,1.0,0.0,125,0.0,1.0,95,False,False,
2022-04-08,MSCI_INDIA,sanctions,60,1.0,0.0,125,0.0,1.0,65,False,False,
2022-04-08,MSCI_INDIA,inflation,1,1.0,0.0,125,0.0,1.0,124,False,False,
2022-04-08,MSCI_INDIA,inflation,7,1.0,0.0,125,0.0,1.0,118,False,False,
2022-04-08,MSCI_INDIA,inflation,14,1.0,0.0,125,0.0,1.0,111,False,False,
2022-04-08,MSCI_INDIA,inflation,30,1.0,0.0,125,0.0,1.0,95,False,False,
2022-04-08,MSCI_INDIA,inflation,60,1.0,0.0,125,0.0,1.0,65,False,False,
2022-04-08,MSCI_INDIA,banking,1,1.0,0.0,125,0.0,1.0,124,False,False,
2022-04-08,MSCI_INDIA,banking,7,1.0,0.0,125,0.0,1.0,118,False,False,
2022-04-08,MSCI_INDIA,banking,14,1.0,0.0,125,0.0,1.0,111,False,False,
2022-04-08,MSCI_INDIA,banking,30,1.0,0.0,125,0.0,1.0,95,False,False,
2022-04-08,MSCI_INDIA,banking,60,1.0,0.0,125,0.0,1.0,65,False,False,
2022-04-08,MSCI_INDIA,gold,1,1.0,0.0,125,0.0,1.0,124,False,False,
2022-04-08,MSCI_INDIA,gold,7,1.0,0.0,125,0.0,1.0,118,False,False,
2022-04-08,MSCI_INDIA,gold,14,1.0,0.0,125,0.0,1.0,111,False,False,
2022-04-08,MSCI_INDIA,gold,30,1.0,0.0,125,0.0,1.0,95,False,False,
2022-04-08,MSCI_INDIA,gold,60,1.0,0.0,125,0.0,1.0,65,False,False,
2022-04-11,USD_RUB,oil,1,1.0,0.0,125,0.0,1.0,124,False,False,
2022-04-11,USD_RUB,oil,7,1.0,0.0,125,0.0,1.0,118,False,False,
2022-04-11,USD_RUB,oil,14,1.0,0.0,125,0.0,1.0,111,False,False,
2022-04-11,USD_RUB,oil,30,1.0,0.0,125,0.0,1.0,95,False,False,
2022-04-11,USD_RUB,oil,60,1.0,0.0,125,0.0,1.0,65,False,False,
2022-04-11,USD_RUB,rate,1,1.0,0.0,125,0.0,1.0,124,False,False,
2022-04-11,USD_RUB,rate,7,1.0,0.0,125,0.0,1.0,118,False,False,
2022-04-11,USD_RUB,rate,14,1.0,0.0,125,0.0,1.0,111,False,False,
2022-04-11,USD_RUB,rate,30,1.0,0.0,125,0.0,1.0,95,False,False,
2022-04-11,USD_RUB,rate,60,1.0,0.0,125,0.0,1.0,65,False,False,
2022-04-11,USD_RUB,ruble,1,1.0,0.0,125,0.0,1.0,124,False,False,
2022-04-11,USD_RUB,ruble,7,1.0,0.0,125,0.0,1.0,118,False,False,
2022-04-11,USD_RUB,ruble,14,1.0,0.0,125,0.0,1.0,111,False,False,
2022-04-11,USD_RUB,ruble,30,1.0,0.0,125,0.0,1.0,95,False,False,
2022-04-11,USD_RUB,ruble,60,1.0,0.0,125,0.0,1.0,65,False,False,
2022-04-11,USD_RUB,sanctions,1,1.0,0.0,125,0.0,1.0,124,False,False,
2022-04-11,USD_RUB,sanctions,7,1.0,0.0,125,0.0,1.0,118,False,False,
2022-04-11,USD_RUB,sanctions,14,1.0,0.0,125,0.0,1.0,111,False,False,
2022-04-11,USD_RUB,sanctions,30,1.0,0.0,125,0.0,1.0,95,False,False,
2022-04-11,USD_RUB,sanctions,60,1.0,0.0,125,0.0,1.0,65,False,False,
2022-04-11,USD_RUB,inflation,1,1.0,0.0,125,0.0,1.0,124,False,False,
2022-04-11,USD_RUB,inflation,7,1.0,0.0,125,0.0,1.0,118,False,False,
2022-04-11,USD_RUB,inflation,14,1.0,0.0,125,0.0,1.0,111,False,False,
2022-04-11,USD_RUB,inflation,30,1.0,0.0,125,0.0,1.0,95,False,False,
2022-04-11,USD_RUB,inflation,60,1.0,0.0,125,0.0,1.0,65,False,False,
2022-04-11,USD_RUB,banking,1,1.0,0.0,125,0.0,1.0,124,False,False,
2022-04-11,USD_RUB,banking,7,1.0,0.0,125,0.0,1.0,118,False,False,
2022-04-11,USD_RUB,banking,14,1.0,0.0,125,0.0,1.0,111,False,False,
2022-04-11,USD_RUB,banking,30,1.0,0.0,125,0.0,1.0,95,False,False,
2022-04-11,USD_RUB,banking,60,1.0,0.0,125,0.0,1.0,65,False,False,
2022-04-11,USD_RUB,gold,1,1.0,0.0,125,0.0,1.0,124,False,False,
2022-04-11,USD_RUB,gold,7,1.0,0.0,125,0.0,1.0,118,False,False,
2022-04-11,USD_RUB,gold,14,1.0,0.0,125,0.0,1.0,111,False,False,
2022-04-11,USD_RUB,gold,30,1.0,0.0,125,0.0,1.0,95,False,False,
2022-04-11,USD_RUB,gold,60,1.0,0.0,125,0.0,1.0,65,False,False,
2022-04-11,EUR_RUB,oil,1,1.0,0.0,125,0.0,1.0,124,False,False,
2022-04-11,EUR_RUB,oil,7,1.0,0.0,125,0.0,1.0,118,False,False,
2022-04-11,EUR_RUB,oil,14,1.0,0.0,125,0.0,1.0,111,False,False,
2022-04-11,EUR_RUB,oil,30,1.0,0.0,125,0.0,1.0,95,False,False,
2022-04-11,EUR_RUB,oil,60,1.0,0.0,125,0.0,1.0,65,False,False,
2022-04-11,EUR_RUB,rate,1,1.0,0.0,125,0.0,1.0,124,False,False,
2022-04-11,EUR_RUB,rate,7,1.0,0.0,125,0.0,1.0,118,False,False,
2022-04-11,EUR_RUB,rate,14,1.0,0.0,125,0.0,1.0,111,False,False,
2022-04-11,EUR_RUB,rate,30,1.0,0.0,125,0.0,1.0,95,False,False,
2022-04-11,EUR_RUB,rate,60,1.0,0.0,125,0.0,1.0,65,False,False,
2022-04-11,EUR_RUB,ruble,1,1.0,0.0,125,0.0,1.0,124,False,False,
2022-04-11,EUR_RUB,ruble,7,1.0,0.0,125,0.0,1.0,118,False,False,
2022-04-11,EUR_RUB,ruble,14,1.0,0.0,125,0.0,1.0,111,False,False,
2022-04-11,EUR_RUB,ruble,30,1.0,0.0,125,0.0,1.0,95,False,False,
2022-04-11,EUR_RUB,ruble,60,1.0,0.0,125,0.0,1.0,65,False,False,
2022-04-11,EUR_RUB,sanctions,1,1.0,0.0,125,0.0,1.0,124,False,False,
2022-04-11,EUR_RUB,sanctions,7,1.0,0.0,125,0.0,1.0,118,False,False,
2022-04-11,EUR_RUB,sanctions,14,1.0,0.0,125,0.0,1.0,111,False,False,
2022-04-11,EUR_RUB,sanctions,30,1.0,0.0,125,0.0,1.0,95,False,False,
2022-04-11,EUR_RUB,sanctions,60,1.0,0.0,125,0.0,1.0,65,False,False,
2022-04-11,EUR_RUB,inflation,1,1.0,0.0,125,0.0,1.0,124,False,False,
2022-04-11,EUR_RUB,inflation,7,1.0,0.0,125,0.0,1.0,118,False,False,
2022-04-11,EUR_RUB,inflation,14,1.0,0.0,125,0.0,1.0,111,False,False,
2022-04-11,EUR_RUB,inflation,30,1.0,0.0,125,0.0,1.0,95,False,False,
2022-04-11,EUR_RUB,inflation,60,1.0,0.0,125,0.0,1.0,65,False,False,
2022-04-11,EUR_RUB,banking,1,1.0,0.0,125,0.0,1.0,124,False,False,
2022-04-11,EUR_RUB,banking,7,1.0,0.0,125,0.0,1.0,118,False,False,
2022-04-11,EUR_RUB,banking,14,1.0,0.0,125,0.0,1.0,111,False,False,
2022-04-11,EUR_RUB,banking,30,1.0,0.0,125,0.0,1.0,95,False,False,
2022-04-11,EUR_RUB,banking,60,1.0,0.0,125,0.0,1.0,65,False,False,
2022-04-11,EUR_RUB,gold,1,1.0,0.0,125,0.0,1.0,124,False,False,
2022-04-11,EUR_RUB,gold,7,1.0,0.0,125,0.0,1.0,118,False,False,
2022-04-11,EUR_RUB,gold,14,1.0,0.0,125,0.0,1.0,111,False,False,
2022-04-11,EUR_RUB,gold,30,1.0,0.0,125,0.0,1.0,95,False,False,
2022-04-11,EUR_RUB,gold,60,1.0,0.0,125,0.0,1.0,65,False,False,
2022-04-11,BRENT,oil,1,1.0,0.0,125,0.0,1.0,124,False,False,
2022-04-11,BRENT,oil,7,1.0,0.0,125,0.0,1.0,118,False,False,
2022-04-11,BRENT,oil,14,1.0,0.0,125,0.0,1.0,111,False,False,
2022-04-11,BRENT,oil,30,1.0,0.0,125,0.0,1.0,95,False,False,
2022-04-11,BRENT,oil,60,1.0,0.0,125,0.0,1.0,65,False,False,
2022-04-11,BRENT,rate,1,1.0,0.0,125,0.0,1.0,124,False,False,
2022-04-11,BRENT,rate,7,1.0,0.0,125,0.0,1.0,118,False,False,
2022-04-11,BRENT,rate,14,1.0,0.0,125,0.0,1.0,111,False,False,
2022-04-11,BRENT,rate,30,1.0,0.0,125,0.0,1.0,95,False,False,
2022-04-11,BRENT,rate,60,1.0,0.0,125,0.0,1.0,65,False,False,
2022-04-11,BRENT,ruble,1,1.0,0.0,125,0.0,1.0,124,False,False,
2022-04-11,BRENT,ruble,7,1.0,0.0,125,0.0,1.0,118,False,False,
2022-04-11,BRENT,ruble,14,1.0,0.0,125,0.0,1.0,111,False,False,
2022-04-11,BRENT,ruble,30,1.0,0.0,125,0.0,1.0,95,False,False,
2022-04-11,BRENT,ruble,60,1.0,0.0,125,0.0,1.0,65,False,False,
2022-04-11,BRENT,sanctions,1,1.0,0.0,125,0.0,1.0,124,False,False,
2022-04-11,BRENT,sanctions,7,1.0,0.0,125,0.0,1.0,118,False,False,
2022-04-11,BRENT,sanctions,14,1.0,0.0,125,0.0,1.0,111,False,False,
2022-04-11,BRENT,sanctions,30,1.0,0.0,125,0.0,1.0,95,False,False,
2022-04-11,BRENT,sanctions,60,1.0,0.0,125,0.0,1.0,65,False,False,
2022-04-11,BRENT,inflation,1,1.0,0.0,125,0.0,1.0,124,False,False,
2022-04-11,BRENT,inflation,7,1.0,0.0,125,0.0,1.0,118,False,False,
2022-04-11,BRENT,inflation,14,1.0,0.0,125,0.0,1.0,111,False,False,
2022-04-11,BRENT,inflation,30,1.0,0.0,125,0.0,1.0,95,False,False,
2022-04-11,BRENT,inflation,60,1.0,0.0,125,0.0,1.0,65,False,False,
2022-04-11,BRENT,banking,1,1.0,0.0,125,0.0,1.0,124,False,False,
2022-04-11,BRENT,banking,7,1.0,0.0,125,0.0,1.0,118,False,False,
2022-04-11,BRENT,banking,14,1.0,0.0,125,0.0,1.0,111,False,False,
2022-04-11,BRENT,banking,30,1.0,0.0,125,0.0,1.0,95,False,False,
2022-04-11,BRENT,banking,60,1.0,0.0,125,0.0,1.0,65,False,False,
2022-04-11,BRENT,gold,1,1.0,0.0,125,0.0,1.0,124,False,False,
2022-04-11,BRENT,gold,7,1.0,0.0,125,0.0,1.0,118,False,False,
2022-04-11,BRENT,gold,14,1.0,0.0,125,0.0,1.0,111,False,False,
2022-04-11,BRENT,gold,30,1.0,0.0,125,0.0,1.0,95,False,False,
2022-04-11,BRENT,gold,60,1.0,0.0,125,0.0,1.0,65,False,False,
2022-04-11,SP500,oil,1,1.0,0.0,125,0.0,1.0,124,False,False,
2022-04-11,SP500,oil,7,1.0,0.0,125,0.0,1.0,118,False,False,
2022-04-11,SP500,oil,14,1.0,0.0,125,0.0,1.0,111,False,False,
2022-04-11,SP500,oil,30,1.0,0.0,125,0.0,1.0,95,False,False,
2022-04-11,SP500,oil,60,1.0,0.0,125,0.0,1.0,65,False,False,
2022-04-11,SP500,rate,1,1.0,0.0,125,0.0,1.0,124,False,False,
2022-04-11,SP500,rate,7,1.0,0.0,125,0.0,1.0,118,False,False,
2022-04-11,SP500,rate,14,1.0,0.0,125,0.0,1.0,111,False,False,
2022-04-11,SP500,rate,30,1.0,0.0,125,0.0,1.0,95,False,False,
2022-04-11,SP500,rate,60,1.0,0.0,125,0.0,1.0,65,False,False,
2022-04-11,SP500,ruble,1,1.0,0.0,125,0.0,1.0,124,False,False,
2022-04-11,SP500,ruble,7,1.0,0.0,125,0.0,1.0,118,False,False,
2022-04-11,SP500,ruble,14,1.0,0.0,125,0.0,1.0,111,False,False,
2022-04-11,SP500,ruble,30,1.0,0.0,125,0.0,1.0,95,False,False,
2022-04-11,SP500,ruble,60,1.0,0.0,125,0.0,1.0,65,False,False,
2022-04-11,SP500,sanctions,1,1.0,0.0,125,0.0,1.0,124,False,False,
2022-04-11,SP500,sanctions,7,1.0,0.0,125,0.0,1.0,118,False,False,
2022-04-11,SP500,sanctions,14,1.0,0.0,125,0.0,1.0,111,False,False,
2022-04-11,SP500,sanctions,30,1.0,0.0,125,0.0,1.0,95,False,False,
2022-04-11,SP500,sanctions,60,1.0,0.0,125,0.0,1.0,65,False,False,
2022-04-11,SP500,inflation,1,1.0,0.0,125,0.0,1.0,124,False,False,
2022-04-11,SP500,inflation,7,1.0,0.0,125,0.0,1.0,118,False,False,
2022-04-11,SP500,inflation,14,1.0,0.0,125,0.0,1.0,111,False,False,
2022-04-11,SP500,inflation,30,1.0,0.0,125,0.0,1.0,95,False,False,
2022-04-11,SP500,inflation,60,1.0,0.0,125,0.0,1.0,65,False,False,
2022-04-11,SP500,banking,1,1.0,0.0,125,0.0,1.0,124,False,False,
2022-04-11,SP500,banking,7,1.0,0.0,125,0.0,1.0,118,False,False,
2022-04-11,SP500,banking,14,1.0,0.0,125,0.0,1.0,111,False,False,
2022-04-11,SP500,banking,30,1.0,0.0,125,0.0,1.0,95,False,False,
2022-04-11,SP500,banking,60,1.0,0.0,125,0.0,1.0,65,False,False,
2022-04-11,SP500,gold,1,1.0,0.0,125,0.0,1.0,124,False,False,
2022-04-11,SP500,gold,7,1.0,0.0,125,0.0,1.0,118,False,False,
2022-04-11,SP500,gold,14,1.0,0.0,125,0.0,1.0,111,False,False,
2022-04-11,SP500,gold,30,1.0,0.0,125,0.0,1.0,95,False,False,
2022-04-11,SP500,gold,60,1.0,0.0,125,0.0,1.0,65,False,False,
2022-04-11,MSCI_WORLD,oil,1,1.0,0.0,125,0.0,1.0,124,False,False,
2022-04-11,MSCI_WORLD,oil,7,1.0,0.0,125,0.0,1.0,118,False,False,
2022-04-11,MSCI_WORLD,oil,14,1.0,0.0,125,0.0,1.0,111,False,False,
2022-04-11,MSCI_WORLD,oil,30,1.0,0.0,125,0.0,1.0,95,False,False,
2022-04-11,MSCI_WORLD,oil,60,1.0,0.0,125,0.0,1.0,65,False,False,
2022-04-11,MSCI_WORLD,rate,1,1.0,0.0,125,0.0,1.0,124,False,False,
2022-04-11,MSCI_WORLD,rate,7,1.0,0.0,125,0.0,1.0,118,False,False,
2022-04-11,MSCI_WORLD,rate,14,1.0,0.0,125,0.0,1.0,111,False,False,
2022-04-11,MSCI_WORLD,rate,30,1.0,0.0,125,0.0,1.0,95,False,False,
2022-04-11,MSCI_WORLD,rate,60,1.0,0.0,125,0.0,1.0,65,False,False,
2022-04-11,MSCI_WORLD,ruble,1,1.0,0.0,125,0.0,1.0,124,False,False,
2022-04-11,MSCI_WORLD,ruble,7,1.0,0.0,125,0.0,1.0,118,False,False,
2022-04-11,MSCI_WORLD,ruble,14,1.0,0.0,125,0.0,1.0,111,False,False,
2022-04-11,MSCI_WORLD,ruble,30,1.0,0.0,125,0.0,1.0,95,False,False,
2022-04-11,MSCI_WORLD,ruble,60,1.0,0.0,125,0.0,1.0,65,False,False,
2022-04-11,MSCI_WORLD,sanctions,1,1.0,0.0,125,0.0,1.0,124,False,False,
2022-04-11,MSCI_WORLD,sanctions,7,1.0,0.0,125,0.0,1.0,118,False,False,
2022-04-11,MSCI_WORLD,sanctions,14,1.0,0.0,125,0.0,1.0,111,False,False,
2022-04-11,MSCI_WORLD,sanctions,30,1.0,0.0,125,0.0,1.0,95,False,False,
2022-04-11,MSCI_WORLD,sanctions,60,1.0,0.0,125,0.0,1.0,65,False,False,
2022-04-11,MSCI_WORLD,inflation,1,1.0,0.0,125,0.0,1.0,124,False,False,
2022-04-11,MSCI_WORLD,inflation,7,1.0,0.0,125,0.0,1.0,118,False,False,
2022-04-11,MSCI_WORLD,inflation,14,1.0,0.0,125,0.0,1.0,111,False,False,
2022-04-11,MSCI_WORLD,inflation,30,1.0,0.0,125,0.0,1.0,95,False,False,
2022-04-11,MSCI_WORLD,inflation,60,1.0,0.0,125,0.0,1.0,65,False,False,
2022-04-11,MSCI_WORLD,banking,1,1.0,0.0,125,0.0,1.0,124,False,False,
2022-04-11,MSCI_WORLD,banking,7,1.0,0.0,125,0.0,1.0,118,False,False,
2022-04-11,MSCI_WORLD,banking,14,1.0,0.0,125,0.0,1.0,111,False,False,
2022-04-11,MSCI_WORLD,banking,30,1.0,0.0,125,0.0,1.0,95,False,False,
2022-04-11,MSCI_WORLD,banking,60,1.0,0.0,125,0.0,1.0,65,False,False,
2022-04-11,MSCI_WORLD,gold,1,1.0,0.0,125,0.0,1.0,124,False,False,
2022-04-11,MSCI_WORLD,gold,7,1.0,0.0,125,0.0,1.0,118,False,False,
2022-04-11,MSCI_WORLD,gold,14,1.0,0.0,125,0.0,1.0,111,False,False,
2022-04-11,MSCI_WORLD,gold,30,1.0,0.0,125,0.0,1.0,95,False,False,
2022-04-11,MSCI_WORLD,gold,60,1.0,0.0,125,0.0,1.0,65,False,False,
2022-04-11,DXY,oil,1,1.0,0.0,125,0.0,1.0,124,False,False,
2022-04-11,DXY,oil,7,1.0,0.0,125,0.0,1.0,118,False,False,
2022-04-11,DXY,oil,14,1.0,0.0,125,0.0,1.0,111,False,False,
2022-04-11,DXY,oil,30,1.0,0.0,125,0.0,1.0,95,False,False,
2022-04-11,DXY,oil,60,1.0,0.0,125,0.0,1.0,65,False,False,
2022-04-11,DXY,rate,1,1.0,0.0,125,0.0,1.0,124,False,False,
2022-04-11,DXY,rate,7,1.0,0.0,125,0.0,1.0,118,False,False,
2022-04-11,DXY,rate,14,1.0,0.0,125,0.0,1.0,111,False,False,
2022-04-11,DXY,rate,30,1.0,0.0,125,0.0,1.0,95,False,False,
2022-04-11,DXY,rate,60,1.0,0.0,125,0.0,1.0,65,False,False,
2022-04-11,DXY,ruble,1,1.0,0.0,125,0.0,1.0,124,False,False,
2022-04-11,DXY,ruble,7,1.0,0.0,125,0.0,1.0,118,False,False,
2022-04-11,DXY,ruble,14,1.0,0.0,125,0.0,1.0,111,False,False,
2022-04-11,DXY,ruble,30,1.0,0.0,125,0.0,1.0,95,False,False,
2022-04-11,DXY,ruble,60,1.0,0.0,125,0.0,1.0,65,False,False,
2022-04-11,DXY,sanctions,1,1.0,0.0,125,0.0,1.0,124,False,False,
2022-04-11,DXY,sanctions,7,1.0,0.0,125,0.0,1.0,118,False,False,
2022-04-11,DXY,sanctions,14,1.0,0.0,125,0.0,1.0,111,False,False,
2022-04-11,DXY,sanctions,30,1.0,0.0,125,0.0,1.0,95,False,False,
2022-04-11,DXY,sanctions,60,1.0,0.0,125,0.0,1.0,65,False,False,
2022-04-11,DXY,inflation,1,1.0,0.0,125,0.0,1.0,124,False,False,
2022-04-11,DXY,inflation,7,1.0,0.0,125,0.0,1.0,118,False,False,
2022-04-11,DXY,inflation,14,1.0,0.0,125,0.0,1.0,111,False,False,
2022-04-11,DXY,inflation,30,1.0,0.0,125,0.0,1.0,95,False,False,
2022-04-11,DXY,inflation,60,1.0,0.0,125,0.0,1.0,65,False,False,
2022-04-11,DXY,banking,1,1.0,0.0,125,0.0,1.0,124,False,False,
2022-04-11,DXY,banking,7,1.0,0.0,125,0.0,1.0,118,False,False,
2022-04-11,DXY,banking,14,1.0,0.0,125,0.0,1.0,111,False,False,
2022-04-11,DXY,banking,30,1.0,0.0,125,0.0,1.0,95,False,False,
2022-04-11,DXY,banking,60,1.0,0.0,125,0.0,1.0,65,False,False,
2022-04-11,DXY,gold,1,1.0,0.0,125,0.0,1.0,124,False,False,
2022-04-11,DXY,gold,7,1.0,0.0,125,0.0,1.0,118,False,False,
2022-04-11,DXY,gold,14,1.0,0.0,125,0.0,1.0,111,False,False,
2022-04-11,DXY,gold,30,1.0,0.0,125,0.0,1.0,95,False,False,
2022-04-11,DXY,gold,60,1.0,0.0,125,0.0,1.0,65,False,False,
2022-04-11,MSCI_INDIA,oil,1,1.0,0.0,125,0.0,1.0,124,False,False,
2022-04-11,MSCI_INDIA,oil,7,1.0,0.0,125,0.0,1.0,118,False,False,
2022-04-11,MSCI_INDIA,oil,14,1.0,0.0,125,0.0,1.0,111,False,False,
2022-04-11,MSCI_INDIA,oil,30,1.0,0.0,125,0.0,1.0,95,False,False,
2022-04-11,MSCI_INDIA,oil,60,1.0,0.0,125,0.0,1.0,65,False,False,
2022-04-11,MSCI_INDIA,rate,1,1.0,0.0,125,0.0,1.0,124,False,False,
2022-04-11,MSCI_INDIA,rate,7,1.0,0.0,125,0.0,1.0,118,False,False,
2022-04-11,MSCI_INDIA,rate,14,1.0,0.0,125,0.0,1.0,111,False,False,
2022-04-11,MSCI_INDIA,rate,30,1.0,0.0,125,0.0,1.0,95,False,False,
2022-04-11,MSCI_INDIA,rate,60,1.0,0.0,125,0.0,1.0,65,False,False,
2022-04-11,MSCI_INDIA,ruble,1,1.0,0.0,125,0.0,1.0,124,False,False,
2022-04-11,MSCI_INDIA,ruble,7,1.0,0.0,125,0.0,1.0,118,False,False,
2022-04-11,MSCI_INDIA,ruble,14,1.0,0.0,125,0.0,1.0,111,False,False,
2022-04-11,MSCI_INDIA,ruble,30,1.0,0.0,125,0.0,1.0,95,False,False,
2022-04-11,MSCI_INDIA,ruble,60,1.0,0.0,125,0.0,1.0,65,False,False,
2022-04-11,MSCI_INDIA,sanctions,1,1.0,0.0,125,0.0,1.0,124,False,False,
2022-04-11,MSCI_INDIA,sanctions,7,1.0,0.0,125,0.0,1.0,118,False,False,
2022-04-11,MSCI_INDIA,sanctions,14,1.0,0.0,125,0.0,1.0,111,False,False,
2022-04-11,MSCI_INDIA,sanctions,30,1.0,0.0,125,0.0,1.0,95,False,False,
2022-04-11,MSCI_INDIA,sanctions,60,1.0,0.0,125,0.0,1.0,65,False,False,
2022-04-11,MSCI_INDIA,inflation,1,1.0,0.0,125,0.0,1.0,124,False,False,
2022-04-11,MSCI_INDIA,inflation,7,1.0,0.0,125,0.0,1.0,118,False,False,
2022-04-11,MSCI_INDIA,inflation,14,1.0,0.0,125,0.0,1.0,111,False,False,
2022-04-11,MSCI_INDIA,inflation,30,1.0,0.0,125,0.0,1.0,95,False,False,
2022-04-11,MSCI_INDIA,inflation,60,1.0,0.0,125,0.0,1.0,65,False,False,
2022-04-11,MSCI_INDIA,banking,1,1.0,0.0,125,0.0,1.0,124,False,False,
2022-04-11,MSCI_INDIA,banking,7,1.0,0.0,125,0.0,1.0,118,False,False,
2022-04-11,MSCI_INDIA,banking,14,1.0,0.0,125,0.0,1.0,111,False,False,
2022-04-11,MSCI_INDIA,banking,30,1.0,0.0,125,0.0,1.0,95,False,False,
2022-04-11,MSCI_INDIA,banking,60,1.0,0.0,125,0.0,1.0,65,False,False,
2022-04-11,MSCI_INDIA,gold,1,1.0,0.0,125,0.0,1.0,124,False,False,
2022-04-11,MSCI_INDIA,gold,7,1.0,0.0,125,0.0,1.0,118,False,False,
2022-04-11,MSCI_INDIA,gold,14,1.0,0.0,125,0.0,1.0,111,False,False,
2022-04-11,MSCI_INDIA,gold,30,1.0,0.0,125,0.0,1.0,95,False,False,
2022-04-11,MSCI_INDIA,gold,60,1.0,0.0,125,0.0,1.0,65,False,False,
2022-04-14,USD_RUB,oil,1,1.0,0.0,125,0.0,1.0,124,False,False,
2022-04-14,USD_RUB,oil,7,1.0,0.0,125,0.0,1.0,118,False,False,
2022-04-14,USD_RUB,oil,14,1.0,0.0,125,0.0,1.0,111,False,False,
2022-04-14,USD_RUB,oil,30,1.0,0.0,125,0.0,1.0,95,False,False,
2022-04-14,USD_RUB,oil,60,1.0,0.0,125,0.0,1.0,65,False,False,
2022-04-14,USD_RUB,rate,1,1.0,0.0,125,0.0,1.0,124,False,False,
2022-04-14,USD_RUB,rate,7,1.0,0.0,125,0.0,1.0,118,False,False,
2022-04-14,USD_RUB,rate,14,1.0,0.0,125,0.0,1.0,111,False,False,
2022-04-14,USD_RUB,rate,30,1.0,0.0,125,0.0,1.0,95,False,False,
2022-04-14,USD_RUB,rate,60,1.0,0.0,125,0.0,1.0,65,False,False,
2022-04-14,USD_RUB,ruble,1,1.0,0.0,125,0.0,1.0,124,False,False,
2022-04-14,USD_RUB,ruble,7,1.0,0.0,125,0.0,1.0,118,False,False,
2022-04-14,USD_RUB,ruble,14,1.0,0.0,125,0.0,1.0,111,False,False,
2022-04-14,USD_RUB,ruble,30,1.0,0.0,125,0.0,1.0,95,False,False,
2022-04-14,USD_RUB,ruble,60,1.0,0.0,125,0.0,1.0,65,False,False,
2022-04-14,USD_RUB,sanctions,1,1.0,0.0,125,0.0,1.0,124,False,False,
2022-04-14,USD_RUB,sanctions,7,1.0,0.0,125,0.0,1.0,118,False,False,
2022-04-14,USD_RUB,sanctions,14,1.0,0.0,125,0.0,1.0,111,False,False,
2022-04-14,USD_RUB,sanctions,30,1.0,0.0,125,0.0,1.0,95,False,False,
2022-04-14,USD_RUB,sanctions,60,1.0,0.0,125,0.0,1.0,65,False,False,
2022-04-14,USD_RUB,inflation,1,1.0,0.0,125,0.0,1.0,124,False,False,
2022-04-14,USD_RUB,inflation,7,1.0,0.0,125,0.0,1.0,118,False,False,
2022-04-14,USD_RUB,inflation,14,1.0,0.0,125,0.0,1.0,111,False,False,
2022-04-14,USD_RUB,inflation,30,1.0,0.0,125,0.0,1.0,95,False,False,
2022-04-14,USD_RUB,inflation,60,1.0,0.0,125,0.0,1.0,65,False,False,
2022-04-14,USD_RUB,banking,1,1.0,0.0,125,0.0,1.0,124,False,False,
2022-04-14,USD_RUB,banking,7,1.0,0.0,125,0.0,1.0,118,False,False,
2022-04-14,USD_RUB,banking,14,1.0,0.0,125,0.0,1.0,111,False,False,
2022-04-14,USD_RUB,banking,30,1.0,0.0,125,0.0,1.0,95,False,False,
2022-04-14,USD_RUB,banking,60,1.0,0.0,125,0.0,1.0,65,False,False,
2022-04-14,USD_RUB,gold,1,1.0,0.0,125,0.0,1.0,124,False,False,
2022-04-14,USD_RUB,gold,7,1.0,0.0,125,0.0,1.0,118,False,False,
2022-04-14,USD_RUB,gold,14,1.0,0.0,125,0.0,1.0,111,False,False,
2022-04-14,USD_RUB,gold,30,1.0,0.0,125,0.0,1.0,95,False,False,
2022-04-14,USD_RUB,gold,60,1.0,0.0,125,0.0,1.0,65,False,False,
2022-04-14,EUR_RUB,oil,1,1.0,0.0,125,0.0,1.0,124,False,False,
2022-04-14,EUR_RUB,oil,7,1.0,0.0,125,0.0,1.0,118,False,False,
2022-04-14,EUR_RUB,oil,14,1.0,0.0,125,0.0,1.0,111,False,False,
2022-04-14,EUR_RUB,oil,30,1.0,0.0,125,0.0,1.0,95,False,False,
2022-04-14,EUR_RUB,oil,60,1.0,0.0,125,0.0,1.0,65,False,False,
2022-04-14,EUR_RUB,rate,1,1.0,0.0,125,0.0,1.0,124,False,False,
2022-04-14,EUR_RUB,rate,7,1.0,0.0,125,0.0,1.0,118,False,False,
2022-04-14,EUR_RUB,rate,14,1.0,0.0,125,0.0,1.0,111,False,False,
2022-04-14,EUR_RUB,rate,30,1.0,0.0,125,0.0,1.0,95,False,False,
2022-04-14,EUR_RUB,rate,60,1.0,0.0,125,0.0,1.0,65,False,False,
2022-04-14,EUR_RUB,ruble,1,1.0,0.0,125,0.0,1.0,124,False,False,
2022-04-14,EUR_RUB,ruble,7,1.0,0.0,125,0.0,1.0,118,False,False,
2022-04-14,EUR_RUB,ruble,14,1.0,0.0,125,0.0,1.0,111,False,False,
2022-04-14,EUR_RUB,ruble,30,1.0,0.0,125,0.0,1.0,95,False,False,
2022-04-14,EUR_RUB,ruble,60,1.0,0.0,125,0.0,1.0,65,False,False,
2022-04-14,EUR_RUB,sanctions,1,1.0,0.0,125,0.0,1.0,124,False,False,
2022-04-14,EUR_RUB,sanctions,7,1.0,0.0,125,0.0,1.0,118,False,False,
2022-04-14,EUR_RUB,sanctions,14,1.0,0.0,125,0.0,1.0,111,False,False,
2022-04-14,EUR_RUB,sanctions,30,1.0,0.0,125,0.0,1.0,95,False,False,
2022-04-14,EUR_RUB,sanctions,60,1.0,0.0,125,0.0,1.0,65,False,False,
2022-04-14,EUR_RUB,inflation,1,1.0,0.0,125,0.0,1.0,124,False,False,
2022-04-14,EUR_RUB,inflation,7,1.0,0.0,125,0.0,1.0,118,False,False,
2022-04-14,EUR_RUB,inflation,14,1.0,0.0,125,0.0,1.0,111,False,False,
2022-04-14,EUR_RUB,inflation,30,1.0,0.0,125,0.0,1.0,95,False,False,
2022-04-14,EUR_RUB,inflation,60,1.0,0.0,125,0.0,1.0,65,False,False,
2022-04-14,EUR_RUB,banking,1,1.0,0.0,125,0.0,1.0,124,False,False,
2022-04-14,EUR_RUB,banking,7,1.0,0.0,125,0.0,1.0,118,False,False,
2022-04-14,EUR_RUB,banking,14,1.0,0.0,125,0.0,1.0,111,False,False,
2022-04-14,EUR_RUB,banking,30,1.0,0.0,125,0.0,1.0,95,False,False,
2022-04-14,EUR_RUB,banking,60,1.0,0.0,125,0.0,1.0,65,False,False,
2022-04-14,EUR_RUB,gold,1,1.0,0.0,125,0.0,1.0,124,False,False,
2022-04-14,EUR_RUB,gold,7,1.0,0.0,125,0.0,1.0,118,False,False,
2022-04-14,EUR_RUB,gold,14,1.0,0.0,125,0.0,1.0,111,False,False,
2022-04-14,EUR_RUB,gold,30,1.0,0.0,125,0.0,1.0,95,False,False,
2022-04-14,EUR_RUB,gold,60,1.0,0.0,125,0.0,1.0,65,False,False,
2022-04-14,BRENT,oil,1,1.0,0.0,125,0.0,1.0,124,False,False,
2022-04-14,BRENT,oil,7,1.0,0.0,125,0.0,1.0,118,False,False,
2022-04-14,BRENT,oil,14,1.0,0.0,125,0.0,1.0,111,False,False,
2022-04-14,BRENT,oil,30,1.0,0.0,125,0.0,1.0,95,False,False,
2022-04-14,BRENT,oil,60,1.0,0.0,125,0.0,1.0,65,False,False,
2022-04-14,BRENT,rate,1,1.0,0.0,125,0.0,1.0,124,False,False,
2022-04-14,BRENT,rate,7,1.0,0.0,125,0.0,1.0,118,False,False,
2022-04-14,BRENT,rate,14,1.0,0.0,125,0.0,1.0,111,False,False,
2022-04-14,BRENT,rate,30,1.0,0.0,125,0.0,1.0,95,False,False,
2022-04-14,BRENT,rate,60,1.0,0.0,125,0.0,1.0,65,False,False,
2022-04-14,BRENT,ruble,1,1.0,0.0,125,0.0,1.0,124,False,False,
2022-04-14,BRENT,ruble,7,1.0,0.0,125,0.0,1.0,118,False,False,
2022-04-14,BRENT,ruble,14,1.0,0.0,125,0.0,1.0,111,False,False,
2022-04-14,BRENT,ruble,30,1.0,0.0,125,0.0,1.0,95,False,False,
2022-04-14,BRENT,ruble,60,1.0,0.0,125,0.0,1.0,65,False,False,
2022-04-14,BRENT,sanctions,1,1.0,0.0,125,0.0,1.0,124,False,False,
2022-04-14,BRENT,sanctions,7,1.0,0.0,125,0.0,1.0,118,False,False,
2022-04-14,BRENT,sanctions,14,1.0,0.0,125,0.0,1.0,111,False,False,
2022-04-14,BRENT,sanctions,30,1.0,0.0,125,0.0,1.0,95,False,False,
2022-04-14,BRENT,sanctions,60,1.0,0.0,125,0.0,1.0,65,False,False,
2022-04-14,BRENT,inflation,1,1.0,0.0,125,0.0,1.0,124,False,False,
2022-04-14,BRENT,inflation,7,1.0,0.0,125,0.0,1.0,118,False,False,
2022-04-14,BRENT,inflation,14,1.0,0.0,125,0.0,1.0,111,False,False,
2022-04-14,BRENT,inflation,30,1.0,0.0,125,0.0,1.0,95,False,False,
2022-04-14,BRENT,inflation,60,1.0,0.0,125,0.0,1.0,65,False,False,
2022-04-14,BRENT,banking,1,1.0,0.0,125,0.0,1.0,124,False,False,
2022-04-14,BRENT,banking,7,1.0,0.0,125,0.0,1.0,118,False,False,
2022-04-14,BRENT,banking,14,1.0,0.0,125,0.0,1.0,111,False,False,
2022-04-14,BRENT,banking,30,1.0,0.0,125,0.0,1.0,95,False,False,
2022-04-14,BRENT,banking,60,1.0,0.0,125,0.0,1.0,65,False,False,
2022-04-14,BRENT,gold,1,1.0,0.0,125,0.0,1.0,124,False,False,
2022-04-14,BRENT,gold,7,1.0,0.0,125,0.0,1.0,118,False,False,
2022-04-14,BRENT,gold,14,1.0,0.0,125,0.0,1.0,111,False,False,
2022-04-14,BRENT,gold,30,1.0,0.0,125,0.0,1.0,95,False,False,
2022-04-14,BRENT,gold,60,1.0,0.0,125,0.0,1.0,65,False,False,
2022-04-14,SP500,oil,1,1.0,0.0,125,0.0,1.0,124,False,False,
2022-04-14,SP500,oil,7,1.0,0.0,125,0.0,1.0,118,False,False,
2022-04-14,SP500,oil,14,1.0,0.0,125,0.0,1.0,111,False,False,
2022-04-14,SP500,oil,30,1.0,0.0,125,0.0,1.0,95,False,False,
2022-04-14,SP500,oil,60,1.0,0.0,125,0.0,1.0,65,False,False,
2022-04-14,SP500,rate,1,1.0,0.0,125,0.0,1.0,124,False,False,
2022-04-14,SP500,rate,7,1.0,0.0,125,0.0,1.0,118,False,False,
2022-04-14,SP500,rate,14,1.0,0.0,125,0.0,1.0,111,False,False,
2022-04-14,SP500,rate,30,1.0,0.0,125,0.0,1.0,95,False,False,
2022-04-14,SP500,rate,60,1.0,0.0,125,0.0,1.0,65,False,False,
2022-04-14,SP500,ruble,1,1.0,0.0,125,0.0,1.0,124,False,False,
2022-04-14,SP500,ruble,7,1.0,0.0,125,0.0,1.0,118,False,False,
2022-04-14,SP500,ruble,14,1.0,0.0,125,0.0,1.0,111,False,False,
2022-04-14,SP500,ruble,30,1.0,0.0,125,0.0,1.0,95,False,False,
2022-04-14,SP500,ruble,60,1.0,0.0,125,0.0,1.0,65,False,False,
2022-04-14,SP500,sanctions,1,1.0,0.0,125,0.0,1.0,124,False,False,
2022-04-14,SP500,sanctions,7,1.0,0.0,125,0.0,1.0,118,False,False,
2022-04-14,SP500,sanctions,14,1.0,0.0,125,0.0,1.0,111,False,False,
2022-04-14,SP500,sanctions,30,1.0,0.0,125,0.0,1.0,95,False,False,
2022-04-14,SP500,sanctions,60,1.0,0.0,125,0.0,1.0,65,False,False,
2022-04-14,SP500,inflation,1,1.0,0.0,125,0.0,1.0,124,False,False,
2022-04-14,SP500,inflation,7,1.0,0.0,125,0.0,1.0,118,False,False,
2022-04-14,SP500,inflation,14,1.0,0.0,125,0.0,1.0,111,False,False,
2022-04-14,SP500,inflation,30,1.0,0.0,125,0.0,1.0,95,False,False,
2022-04-14,SP500,inflation,60,1.0,0.0,125,0.0,1.0,65,False,False,
2022-04-14,SP500,banking,1,1.0,0.0,125,0.0,1.0,124,False,False,
2022-04-14,SP500,banking,7,1.0,0.0,125,0.0,1.0,118,False,False,
2022-04-14,SP500,banking,14,1.0,0.0,125,0.0,1.0,111,False,False,
2022-04-14,SP500,banking,30,1.0,0.0,125,0.0,1.0,95,False,False,
2022-04-14,SP500,banking,60,1.0,0.0,125,0.0,1.0,65,False,False,
2022-04-14,SP500,gold,1,1.0,0.0,125,0.0,1.0,124,False,False,
2022-04-14,SP500,gold,7,1.0,0.0,125,0.0,1.0,118,False,False,
2022-04-14,SP500,gold,14,1.0,0.0,125,0.0,1.0,111,False,False,
2022-04-14,SP500,gold,30,1.0,0.0,125,0.0,1.0,95,False,False,
2022-04-14,SP500,gold,60,1.0,0.0,125,0.0,1.0,65,False,False,
2022-04-14,MSCI_WORLD,oil,1,1.0,0.0,125,0.0,1.0,124,False,False,
2022-04-14,MSCI_WORLD,oil,7,1.0,0.0,125,0.0,1.0,118,False,False,
2022-04-14,MSCI_WORLD,oil,14,1.0,0.0,125,0.0,1.0,111,False,False,
2022-04-14,MSCI_WORLD,oil,30,1.0,0.0,125,0.0,1.0,95,False,False,
2022-04-14,MSCI_WORLD,oil,60,1.0,0.0,125,0.0,1.0,65,False,False,
2022-04-14,MSCI_WORLD,rate,1,1.0,0.0,125,0.0,1.0,124,False,False,
2022-04-14,MSCI_WORLD,rate,7,1.0,0.0,125,0.0,1.0,118,False,False,
2022-04-14,MSCI_WORLD,rate,14,1.0,0.0,125,0.0,1.0,111,False,False,
2022-04-14,MSCI_WORLD,rate,30,1.0,0.0,125,0.0,1.0,95,False,False,
2022-04-14,MSCI_WORLD,rate,60,1.0,0.0,125,0.0,1.0,65,False,False,
2022-04-14,MSCI_WORLD,ruble,1,1.0,0.0,125,0.0,1.0,124,False,False,
2022-04-14,MSCI_WORLD,ruble,7,1.0,0.0,125,0.0,1.0,118,False,False,
2022-04-14,MSCI_WORLD,ruble,14,1.0,0.0,125,0.0,1.0,111,False,False,
2022-04-14,MSCI_WORLD,ruble,30,1.0,0.0,125,0.0,1.0,95,False,False,
2022-04-14,MSCI_WORLD,ruble,60,1.0,0.0,125,0.0,1.0,65,False,False,
2022-04-14,MSCI_WORLD,sanctions,1,1.0,0.0,125,0.0,1.0,124,False,False,
2022-04-14,MSCI_WORLD,sanctions,7,1.0,0.0,125,0.0,1.0,118,False,False,
2022-04-14,MSCI_WORLD,sanctions,14,1.0,0.0,125,0.0,1.0,111,False,False,
2022-04-14,MSCI_WORLD,sanctions,30,1.0,0.0,125,0.0,1.0,95,False,False,
2022-04-14,MSCI_WORLD,sanctions,60,1.0,0.0,125,0.0,1.0,65,False,False,
2022-04-14,MSCI_WORLD,inflation,1,1.0,0.0,125,0.0,1.0,124,False,False,
2022-04-14,MSCI_WORLD,inflation,7,1.0,0.0,125,0.0,1.0,118,False,False,
2022-04-14,MSCI_WORLD,inflation,14,1.0,0.0,125,0.0,1.0,111,False,False,
2022-04-14,MSCI_WORLD,inflation,30,1.0,0.0,125,0.0,1.0,95,False,False,
2022-04-14,MSCI_WORLD,inflation,60,1.0,0.0,125,0.0,1.0,65,False,False,
2022-04-14,MSCI_WORLD,banking,1,1.0,0.0,125,0.0,1.0,124,False,False,
2022-04-14,MSCI_WORLD,banking,7,1.0,0.0,125,0.0,1.0,118,False,False,
2022-04-14,MSCI_WORLD,banking,14,1.0,0.0,125,0.0,1.0,111,False,False,
2022-04-14,MSCI_WORLD,banking,30,1.0,0.0,125,0.0,1.0,95,False,False,
2022-04-14,MSCI_WORLD,banking,60,1.0,0.0,125,0.0,1.0,65,False,False,
2022-04-14,MSCI_WORLD,gold,1,1.0,0.0,125,0.0,1.0,124,False,False,
2022-04-14,MSCI_WORLD,gold,7,1.0,0.0,125,0.0,1.0,118,False,False,
2022-04-14,MSCI_WORLD,gold,14,1.0,0.0,125,0.0,1.0,111,False,False,
2022-04-14,MSCI_WORLD,gold,30,1.0,0.0,125,0.0,1.0,95,False,False,
2022-04-14,MSCI_WORLD,gold,60,1.0,0.0,125,0.0,1.0,65,False,False,
2022-04-14,DXY,oil,1,1.0,0.0,125,0.0,1.0,124,False,False,
2022-04-14,DXY,oil,7,1.0,0.0,125,0.0,1.0,118,False,False,
2022-04-14,DXY,oil,14,1.0,0.0,125,0.0,1.0,111,False,False,
2022-04-14,DXY,oil,30,1.0,0.0,125,0.0,1.0,95,False,False,
2022-04-14,DXY,oil,60,1.0,0.0,125,0.0,1.0,65,False,False,
2022-04-14,DXY,rate,1,1.0,0.0,125,0.0,1.0,124,False,False,
2022-04-14,DXY,rate,7,1.0,0.0,125,0.0,1.0,118,False,False,
2022-04-14,DXY,rate,14,1.0,0.0,125,0.0,1.0,111,False,False,
2022-04-14,DXY,rate,30,1.0,0.0,125,0.0,1.0,95,False,False,
2022-04-14,DXY,rate,60,1.0,0.0,125,0.0,1.0,65,False,False,
2022-04-14,DXY,ruble,1,1.0,0.0,125,0.0,1.0,124,False,False,
2022-04-14,DXY,ruble,7,1.0,0.0,125,0.0,1.0,118,False,False,
2022-04-14,DXY,ruble,14,1.0,0.0,125,0.0,1.0,111,False,False,
2022-04-14,DXY,ruble,30,1.0,0.0,125,0.0,1.0,95,False,False,
2022-04-14,DXY,ruble,60,1.0,0.0,125,0.0,1.0,65,False,False,
2022-04-14,DXY,sanctions,1,1.0,0.0,125,0.0,1.0,124,False,False,
2022-04-14,DXY,sanctions,7,1.0,0.0,125,0.0,1.0,118,False,False,
2022-04-14,DXY,sanctions,14,1.0,0.0,125,0.0,1.0,111,False,False,
2022-04-14,DXY,sanctions,30,1.0,0.0,125,0.0,1.0,95,False,False,
2022-04-14,DXY,sanctions,60,1.0,0.0,125,0.0,1.0,65,False,False,
2022-04-14,DXY,inflation,1,1.0,0.0,125,0.0,1.0,124,False,False,
2022-04-14,DXY,inflation,7,1.0,0.0,125,0.0,1.0,118,False,False,
2022-04-14,DXY,inflation,14,1.0,0.0,125,0.0,1.0,111,False,False,
2022-04-14,DXY,inflation,30,1.0,0.0,125,0.0,1.0,95,False,False,
2022-04-14,DXY,inflation,60,1.0,0.0,125,0.0,1.0,65,False,False,
2022-04-14,DXY,banking,1,1.0,0.0,125,0.0,1.0,124,False,False,
2022-04-14,DXY,banking,7,1.0,0.0,125,0.0,1.0,118,False,False,
2022-04-14,DXY,banking,14,1.0,0.0,125,0.0,1.0,111,False,False,
2022-04-14,DXY,banking,30,1.0,0.0,125,0.0,1.0,95,False,False,
2022-04-14,DXY,banking,60,1.0,0.0,125,0.0,1.0,65,False,False,
2022-04-14,DXY,gold,1,1.0,0.0,125,0.0,1.0,124,False,False,
2022-04-14,DXY,gold,7,1.0,0.0,125,0.0,1.0,118,False,False,
2022-04-14,DXY,gold,14,1.0,0.0,125,0.0,1.0,111,False,False,
2022-04-14,DXY,gold,30,1.0,0.0,125,0.0,1.0,95,False,False,
2022-04-14,DXY,gold,60,1.0,0.0,125,0.0,1.0,65,False,False,
2022-04-14,MSCI_INDIA,oil,1,1.0,0.0,125,0.0,1.0,124,False,False,
2022-04-14,MSCI_INDIA,oil,7,1.0,0.0,125,0.0,1.0,118,False,False,
2022-04-14,MSCI_INDIA,oil,14,1.0,0.0,125,0.0,1.0,111,False,False,
2022-04-14,MSCI_INDIA,oil,30,1.0,0.0,125,0.0,1.0,95,False,False,
2022-04-14,MSCI_INDIA,oil,60,1.0,0.0,125,0.0,1.0,65,False,False,
2022-04-14,MSCI_INDIA,rate,1,1.0,0.0,125,0.0,1.0,124,False,False,
2022-04-14,MSCI_INDIA,rate,7,1.0,0.0,125,0.0,1.0,118,False,False,
2022-04-14,MSCI_INDIA,rate,14,1.0,0.0,125,0.0,1.0,111,False,False,
2022-04-14,MSCI_INDIA,rate,30,1.0,0.0,125,0.0,1.0,95,False,False,
2022-04-14,MSCI_INDIA,rate,60,1.0,0.0,125,0.0,1.0,65,False,False,
2022-04-14,MSCI_INDIA,ruble,1,1.0,0.0,125,0.0,1.0,124,False,False,
2022-04-14,MSCI_INDIA,ruble,7,1.0,0.0,125,0.0,1.0,118,False,False,
2022-04-14,MSCI_INDIA,ruble,14,1.0,0.0,125,0.0,1.0,111,False,False,
2022-04-14,MSCI_INDIA,ruble,30,1.0,0.0,125,0.0,1.0,95,False,False,
2022-04-14,MSCI_INDIA,ruble,60,1.0,0.0,125,0.0,1.0,65,False,False,
2022-04-14,MSCI_INDIA,sanctions,1,1.0,0.0,125,0.0,1.0,124,False,False,
2022-04-14,MSCI_INDIA,sanctions,7,1.0,0.0,125,0.0,1.0,118,False,False,
2022-04-14,MSCI_INDIA,sanctions,14,1.0,0.0,125,0.0,1.0,111,False,False,
2022-04-14,MSCI_INDIA,sanctions,30,1.0,0.0,125,0.0,1.0,95,False,False,
2022-04-14,MSCI_INDIA,sanctions,60,1.0,0.0,125,0.0,1.0,65,False,False,
2022-04-14,MSCI_INDIA,inflation,1,1.0,0.0,125,0.0,1.0,124,False,False,
2022-04-14,MSCI_INDIA,inflation,7,1.0,0.0,125,0.0,1.0,118,False,False,
2022-04-14,MSCI_INDIA,inflation,14,1.0,0.0,125,0.0,1.0,111,False,False,
2022-04-14,MSCI_INDIA,inflation,30,1.0,0.0,125,0.0,1.0,95,False,False,
2022-04-14,MSCI_INDIA,inflation,60,1.0,0.0,125,0.0,1.0,65,False,False,
2022-04-14,MSCI_INDIA,banking,1,1.0,0.0,125,0.0,1.0,124,False,False,
2022-04-14,MSCI_INDIA,banking,7,1.0,0.0,125,0.0,1.0,118,False,False,
2022-04-14,MSCI_INDIA,banking,14,1.0,0.0,125,0.0,1.0,111,False,False,
2022-04-14,MSCI_INDIA,banking,30,1.0,0.0,125,0.0,1.0,95,False,False,
2022-04-14,MSCI_INDIA,banking,60,1.0,0.0,125,0.0,1.0,65,False,False,
2022-04-14,MSCI_INDIA,gold,1,1.0,0.0,125,0.0,1.0,124,False,False,
2022-04-14,MSCI_INDIA,gold,7,1.0,0.0,125,0.0,1.0,118,False,False,
2022-04-14,MSCI_INDIA,gold,14,1.0,0.0,125,0.0,1.0,111,False,False,
2022-04-14,MSCI_INDIA,gold,30,1.0,0.0,125,0.0,1.0,95,False,False,
2022-04-14,MSCI_INDIA,gold,60,1.0,0.0,125,0.0,1.0,65,False,False,
2022-04-17,USD_RUB,oil,1,1.0,0.0,125,0.0,1.0,124,False,False,
2022-04-17,USD_RUB,oil,7,1.0,0.0,125,0.0,1.0,118,False,False,
2022-04-17,USD_RUB,oil,14,1.0,0.0,125,0.0,1.0,111,False,False,
2022-04-17,USD_RUB,oil,30,1.0,0.0,125,0.0,1.0,95,False,False,
2022-04-17,USD_RUB,oil,60,1.0,0.0,125,0.0,1.0,65,False,False,
2022-04-17,USD_RUB,rate,1,1.0,0.0,125,0.0,1.0,124,False,False,
2022-04-17,USD_RUB,rate,7,1.0,0.0,125,0.0,1.0,118,False,False,
2022-04-17,USD_RUB,rate,14,1.0,0.0,125,0.0,1.0,111,False,False,
2022-04-17,USD_RUB,rate,30,1.0,0.0,125,0.0,1.0,95,False,False,
2022-04-17,USD_RUB,rate,60,1.0,0.0,125,0.0,1.0,65,False,False,
2022-04-17,USD_RUB,ruble,1,1.0,0.0,125,0.0,1.0,124,False,False,
2022-04-17,USD_RUB,ruble,7,1.0,0.0,125,0.0,1.0,118,False,False,
2022-04-17,USD_RUB,ruble,14,1.0,0.0,125,0.0,1.0,111,False,False,
2022-04-17,USD_RUB,ruble,30,1.0,0.0,125,0.0,1.0,95,False,False,
2022-04-17,USD_RUB,ruble,60,1.0,0.0,125,0.0,1.0,65,False,False,
2022-04-17,USD_RUB,sanctions,1,1.0,0.0,125,0.0,1.0,124,False,False,
2022-04-17,USD_RUB,sanctions,7,1.0,0.0,125,0.0,1.0,118,False,False,
2022-04-17,USD_RUB,sanctions,14,1.0,0.0,125,0.0,1.0,111,False,False,
2022-04-17,USD_RUB,sanctions,30,1.0,0.0,125,0.0,1.0,95,False,False,
2022-04-17,USD_RUB,sanctions,60,1.0,0.0,125,0.0,1.0,65,False,False,
2022-04-17,USD_RUB,inflation,1,1.0,0.0,125,0.0,1.0,124,False,False,
2022-04-17,USD_RUB,inflation,7,1.0,0.0,125,0.0,1.0,118,False,False,
2022-04-17,USD_RUB,inflation,14,1.0,0.0,125,0.0,1.0,111,False,False,
2022-04-17,USD_RUB,inflation,30,1.0,0.0,125,0.0,1.0,95,False,False,
2022-04-17,USD_RUB,inflation,60,1.0,0.0,125,0.0,1.0,65,False,False,
2022-04-17,USD_RUB,banking,1,1.0,0.0,125,0.0,1.0,124,False,False,
2022-04-17,USD_RUB,banking,7,1.0,0.0,125,0.0,1.0,118,False,False,
2022-04-17,USD_RUB,banking,14,1.0,0.0,125,0.0,1.0,111,False,False,
2022-04-17,USD_RUB,banking,30,1.0,0.0,125,0.0,1.0,95,False,False,
2022-04-17,USD_RUB,banking,60,1.0,0.0,125,0.0,1.0,65,False,False,
2022-04-17,USD_RUB,gold,1,1.0,0.0,125,0.0,1.0,124,False,False,
2022-04-17,USD_RUB,gold,7,1.0,0.0,125,0.0,1.0,118,False,False,
2022-04-17,USD_RUB,gold,14,1.0,0.0,125,0.0,1.0,111,False,False,
2022-04-17,USD_RUB,gold,30,1.0,0.0,125,0.0,1.0,95,False,False,
2022-04-17,USD_RUB,gold,60,1.0,0.0,125,0.0,1.0,65,False,False,
2022-04-17,EUR_RUB,oil,1,1.0,0.0,125,0.0,1.0,124,False,False,
2022-04-17,EUR_RUB,oil,7,1.0,0.0,125,0.0,1.0,118,False,False,
2022-04-17,EUR_RUB,oil,14,1.0,0.0,125,0.0,1.0,111,False,False,
2022-04-17,EUR_RUB,oil,30,1.0,0.0,125,0.0,1.0,95,False,False,
2022-04-17,EUR_RUB,oil,60,1.0,0.0,125,0.0,1.0,65,False,False,
2022-04-17,EUR_RUB,rate,1,1.0,0.0,125,0.0,1.0,124,False,False,
2022-04-17,EUR_RUB,rate,7,1.0,0.0,125,0.0,1.0,118,False,False,
2022-04-17,EUR_RUB,rate,14,1.0,0.0,125,0.0,1.0,111,False,False,
2022-04-17,EUR_RUB,rate,30,1.0,0.0,125,0.0,1.0,95,False,False,
2022-04-17,EUR_RUB,rate,60,1.0,0.0,125,0.0,1.0,65,False,False,
2022-04-17,EUR_RUB,ruble,1,1.0,0.0,125,0.0,1.0,124,False,False,
2022-04-17,EUR_RUB,ruble,7,1.0,0.0,125,0.0,1.0,118,False,False,
2022-04-17,EUR_RUB,ruble,14,1.0,0.0,125,0.0,1.0,111,False,False,
2022-04-17,EUR_RUB,ruble,30,1.0,0.0,125,0.0,1.0,95,False,False,
2022-04-17,EUR_RUB,ruble,60,1.0,0.0,125,0.0,1.0,65,False,False,
2022-04-17,EUR_RUB,sanctions,1,1.0,0.0,125,0.0,1.0,124,False,False,
2022-04-17,EUR_RUB,sanctions,7,1.0,0.0,125,0.0,1.0,118,False,False,
2022-04-17,EUR_RUB,sanctions,14,1.0,0.0,125,0.0,1.0,111,False,False,
2022-04-17,EUR_RUB,sanctions,30,1.0,0.0,125,0.0,1.0,95,False,False,
2022-04-17,EUR_RUB,sanctions,60,1.0,0.0,125,0.0,1.0,65,False,False,
2022-04-17,EUR_RUB,inflation,1,1.0,0.0,125,0.0,1.0,124,False,False,
2022-04-17,EUR_RUB,inflation,7,1.0,0.0,125,0.0,1.0,118,False,False,
2022-04-17,EUR_RUB,inflation,14,1.0,0.0,125,0.0,1.0,111,False,False,
2022-04-17,EUR_RUB,inflation,30,1.0,0.0,125,0.0,1.0,95,False,False,
2022-04-17,EUR_RUB,inflation,60,1.0,0.0,125,0.0,1.0,65,False,False,
2022-04-17,EUR_RUB,banking,1,1.0,0.0,125,0.0,1.0,124,False,False,
2022-04-17,EUR_RUB,banking,7,1.0,0.0,125,0.0,1.0,118,False,False,
2022-04-17,EUR_RUB,banking,14,1.0,0.0,125,0.0,1.0,111,False,False,
2022-04-17,EUR_RUB,banking,30,1.0,0.0,125,0.0,1.0,95,False,False,
2022-04-17,EUR_RUB,banking,60,1.0,0.0,125,0.0,1.0,65,False,False,
2022-04-17,EUR_RUB,gold,1,1.0,0.0,125,0.0,1.0,124,False,False,
2022-04-17,EUR_RUB,gold,7,1.0,0.0,125,0.0,1.0,118,False,False,
2022-04-17,EUR_RUB,gold,14,1.0,0.0,125,0.0,1.0,111,False,False,
2022-04-17,EUR_RUB,gold,30,1.0,0.0,125,0.0,1.0,95,False,False,
2022-04-17,EUR_RUB,gold,60,1.0,0.0,125,0.0,1.0,65,False,False,
2022-04-17,BRENT,oil,1,1.0,0.0,125,0.0,1.0,124,False,False,
2022-04-17,BRENT,oil,7,1.0,0.0,125,0.0,1.0,118,False,False,
2022-04-17,BRENT,oil,14,1.0,0.0,125,0.0,1.0,111,False,False,
2022-04-17,BRENT,oil,30,1.0,0.0,125,0.0,1.0,95,False,False,
2022-04-17,BRENT,oil,60,1.0,0.0,125,0.0,1.0,65,False,False,
2022-04-17,BRENT,rate,1,1.0,0.0,125,0.0,1.0,124,False,False,
2022-04-17,BRENT,rate,7,1.0,0.0,125,0.0,1.0,118,False,False,
2022-04-17,BRENT,rate,14,1.0,0.0,125,0.0,1.0,111,False,False,
2022-04-17,BRENT,rate,30,1.0,0.0,125,0.0,1.0,95,False,False,
2022-04-17,BRENT,rate,60,1.0,0.0,125,0.0,1.0,65,False,False,
2022-04-17,BRENT,ruble,1,1.0,0.0,125,0.0,1.0,124,False,False,
2022-04-17,BRENT,ruble,7,1.0,0.0,125,0.0,1.0,118,False,False,
2022-04-17,BRENT,ruble,14,1.0,0.0,125,0.0,1.0,111,False,False,
2022-04-17,BRENT,ruble,30,1.0,0.0,125,0.0,1.0,95,False,False,
2022-04-17,BRENT,ruble,60,1.0,0.0,125,0.0,1.0,65,False,False,
2022-04-17,BRENT,sanctions,1,1.0,0.0,125,0.0,1.0,124,False,False,
2022-04-17,BRENT,sanctions,7,1.0,0.0,125,0.0,1.0,118,False,False,
2022-04-17,BRENT,sanctions,14,1.0,0.0,125,0.0,1.0,111,False,False,
2022-04-17,BRENT,sanctions,30,1.0,0.0,125,0.0,1.0,95,False,False,
2022-04-17,BRENT,sanctions,60,1.0,0.0,125,0.0,1.0,65,False,False,
2022-04-17,BRENT,inflation,1,1.0,0.0,125,0.0,1.0,124,False,False,
2022-04-17,BRENT,inflation,7,1.0,0.0,125,0.0,1.0,118,False,False,
2022-04-17,BRENT,inflation,14,1.0,0.0,125,0.0,1.0,111,False,False,
2022-04-17,BRENT,inflation,30,1.0,0.0,125,0.0,1.0,95,False,False,
2022-04-17,BRENT,inflation,60,1.0,0.0,125,0.0,1.0,65,False,False,
2022-04-17,BRENT,banking,1,1.0,0.0,125,0.0,1.0,124,False,False,
2022-04-17,BRENT,banking,7,1.0,0.0,125,0.0,1.0,118,False,False,
2022-04-17,BRENT,banking,14,1.0,0.0,125,0.0,1.0,111,False,False,
2022-04-17,BRENT,banking,30,1.0,0.0,125,0.0,1.0,95,False,False,
2022-04-17,BRENT,banking,60,1.0,0.0,125,0.0,1.0,65,False,False,
2022-04-17,BRENT,gold,1,1.0,0.0,125,0.0,1.0,124,False,False,
2022-04-17,BRENT,gold,7,1.0,0.0,125,0.0,1.0,118,False,False,
2022-04-17,BRENT,gold,14,1.0,0.0,125,0.0,1.0,111,False,False,
2022-04-17,BRENT,gold,30,1.0,0.0,125,0.0,1.0,95,False,False,
2022-04-17,BRENT,gold,60,1.0,0.0,125,0.0,1.0,65,False,False,
2022-04-17,SP500,oil,1,1.0,0.0,125,0.0,1.0,124,False,False,
2022-04-17,SP500,oil,7,1.0,0.0,125,0.0,1.0,118,False,False,
2022-04-17,SP500,oil,14,1.0,0.0,125,0.0,1.0,111,False,False,
2022-04-17,SP500,oil,30,1.0,0.0,125,0.0,1.0,95,False,False,
2022-04-17,SP500,oil,60,1.0,0.0,125,0.0,1.0,65,False,False,
2022-04-17,SP500,rate,1,1.0,0.0,125,0.0,1.0,124,False,False,
2022-04-17,SP500,rate,7,1.0,0.0,125,0.0,1.0,118,False,False,
2022-04-17,SP500,rate,14,1.0,0.0,125,0.0,1.0,111,False,False,
2022-04-17,SP500,rate,30,1.0,0.0,125,0.0,1.0,95,False,False,
2022-04-17,SP500,rate,60,1.0,0.0,125,0.0,1.0,65,False,False,
2022-04-17,SP500,ruble,1,1.0,0.0,125,0.0,1.0,124,False,False,
2022-04-17,SP500,ruble,7,1.0,0.0,125,0.0,1.0,118,False,False,
2022-04-17,SP500,ruble,14,1.0,0.0,125,0.0,1.0,111,False,False,
2022-04-17,SP500,ruble,30,1.0,0.0,125,0.0,1.0,95,False,False,
2022-04-17,SP500,ruble,60,1.0,0.0,125,0.0,1.0,65,False,False,
2022-04-17,SP500,sanctions,1,1.0,0.0,125,0.0,1.0,124,False,False,
2022-04-17,SP500,sanctions,7,1.0,0.0,125,0.0,1.0,118,False,False,
2022-04-17,SP500,sanctions,14,1.0,0.0,125,0.0,1.0,111,False,False,
2022-04-17,SP500,sanctions,30,1.0,0.0,125,0.0,1.0,95,False,False,
2022-04-17,SP500,sanctions,60,1.0,0.0,125,0.0,1.0,65,False,False,
2022-04-17,SP500,inflation,1,1.0,0.0,125,0.0,1.0,124,False,False,
2022-04-17,SP500,inflation,7,1.0,0.0,125,0.0,1.0,118,False,False,
2022-04-17,SP500,inflation,14,1.0,0.0,125,0.0,1.0,111,False,False,
2022-04-17,SP500,inflation,30,1.0,0.0,125,0.0,1.0,95,False,False,
2022-04-17,SP500,inflation,60,1.0,0.0,125,0.0,1.0,65,False,False,
2022-04-17,SP500,banking,1,1.0,0.0,125,0.0,1.0,124,False,False,
2022-04-17,SP500,banking,7,1.0,0.0,125,0.0,1.0,118,False,False,
2022-04-17,SP500,banking,14,1.0,0.0,125,0.0,1.0,111,False,False,
2022-04-17,SP500,banking,30,1.0,0.0,125,0.0,1.0,95,False,False,
2022-04-17,SP500,banking,60,1.0,0.0,125,0.0,1.0,65,False,False,
2022-04-17,SP500,gold,1,1.0,0.0,125,0.0,1.0,124,False,False,
2022-04-17,SP500,gold,7,1.0,0.0,125,0.0,1.0,118,False,False,
2022-04-17,SP500,gold,14,1.0,0.0,125,0.0,1.0,111,False,False,
2022-04-17,SP500,gold,30,1.0,0.0,125,0.0,1.0,95,False,False,
2022-04-17,SP500,gold,60,1.0,0.0,125,0.0,1.0,65,False,False,
2022-04-17,MSCI_WORLD,oil,1,1.0,0.0,125,0.0,1.0,124,False,False,
2022-04-17,MSCI_WORLD,oil,7,1.0,0.0,125,0.0,1.0,118,False,False,
2022-04-17,MSCI_WORLD,oil,14,1.0,0.0,125,0.0,1.0,111,False,False,
2022-04-17,MSCI_WORLD,oil,30,1.0,0.0,125,0.0,1.0,95,False,False,
2022-04-17,MSCI_WORLD,oil,60,1.0,0.0,125,0.0,1.0,65,False,False,
2022-04-17,MSCI_WORLD,rate,1,1.0,0.0,125,0.0,1.0,124,False,False,
2022-04-17,MSCI_WORLD,rate,7,1.0,0.0,125,0.0,1.0,118,False,False,
2022-04-17,MSCI_WORLD,rate,14,1.0,0.0,125,0.0,1.0,111,False,False,
2022-04-17,MSCI_WORLD,rate,30,1.0,0.0,125,0.0,1.0,95,False,False,
2022-04-17,MSCI_WORLD,rate,60,1.0,0.0,125,0.0,1.0,65,False,False,
2022-04-17,MSCI_WORLD,ruble,1,1.0,0.0,125,0.0,1.0,124,False,False,
2022-04-17,MSCI_WORLD,ruble,7,1.0,0.0,125,0.0,1.0,118,False,False,
2022-04-17,MSCI_WORLD,ruble,14,1.0,0.0,125,0.0,1.0,111,False,False,
2022-04-17,MSCI_WORLD,ruble,30,1.0,0.0,125,0.0,1.0,95,False,False,
2022-04-17,MSCI_WORLD,ruble,60,1.0,0.0,125,0.0,1.0,65,False,False,
2022-04-17,MSCI_WORLD,sanctions,1,1.0,0.0,125,0.0,1.0,124,False,False,
2022-04-17,MSCI_WORLD,sanctions,7,1.0,0.0,125,0.0,1.0,118,False,False,
2022-04-17,MSCI_WORLD,sanctions,14,1.0,0.0,125,0.0,1.0,111,False,False,
2022-04-17,MSCI_WORLD,sanctions,30,1.0,0.0,125,0.0,1.0,95,False,False,
2022-04-17,MSCI_WORLD,sanctions,60,1.0,0.0,125,0.0,1.0,65,False,False,
2022-04-17,MSCI_WORLD,inflation,1,1.0,0.0,125,0.0,1.0,124,False,False,
2022-04-17,MSCI_WORLD,inflation,7,1.0,0.0,125,0.0,1.0,118,False,False,
2022-04-17,MSCI_WORLD,inflation,14,1.0,0.0,125,0.0,1.0,111,False,False,
2022-04-17,MSCI_WORLD,inflation,30,1.0,0.0,125,0.0,1.0,95,False,False,
2022-04-17,MSCI_WORLD,inflation,60,1.0,0.0,125,0.0,1.0,65,False,False,
2022-04-17,MSCI_WORLD,banking,1,1.0,0.0,125,0.0,1.0,124,False,False,
2022-04-17,MSCI_WORLD,banking,7,1.0,0.0,125,0.0,1.0,118,False,False,
2022-04-17,MSCI_WORLD,banking,14,1.0,0.0,125,0.0,1.0,111,False,False,
2022-04-17,MSCI_WORLD,banking,30,1.0,0.0,125,0.0,1.0,95,False,False,
2022-04-17,MSCI_WORLD,banking,60,1.0,0.0,125,0.0,1.0,65,False,False,
2022-04-17,MSCI_WORLD,gold,1,1.0,0.0,125,0.0,1.0,124,False,False,
2022-04-17,MSCI_WORLD,gold,7,1.0,0.0,125,0.0,1.0,118,False,False,
2022-04-17,MSCI_WORLD,gold,14,1.0,0.0,125,0.0,1.0,111,False,False,
2022-04-17,MSCI_WORLD,gold,30,1.0,0.0,125,0.0,1.0,95,False,False,
2022-04-17,MSCI_WORLD,gold,60,1.0,0.0,125,0.0,1.0,65,False,False,
2022-04-17,DXY,oil,1,1.0,0.0,125,0.0,1.0,124,False,False,
2022-04-17,DXY,oil,7,1.0,0.0,125,0.0,1.0,118,False,False,
2022-04-17,DXY,oil,14,1.0,0.0,125,0.0,1.0,111,False,False,
2022-04-17,DXY,oil,30,1.0,0.0,125,0.0,1.0,95,False,False,
2022-04-17,DXY,oil,60,1.0,0.0,125,0.0,1.0,65,False,False,
2022-04-17,DXY,rate,1,1.0,0.0,125,0.0,1.0,124,False,False,
2022-04-17,DXY,rate,7,1.0,0.0,125,0.0,1.0,118,False,False,
2022-04-17,DXY,rate,14,1.0,0.0,125,0.0,1.0,111,False,False,
2022-04-17,DXY,rate,30,1.0,0.0,125,0.0,1.0,95,False,False,
2022-04-17,DXY,rate,60,1.0,0.0,125,0.0,1.0,65,False,False,
2022-04-17,DXY,ruble,1,1.0,0.0,125,0.0,1.0,124,False,False,
2022-04-17,DXY,ruble,7,1.0,0.0,125,0.0,1.0,118,False,False,
2022-04-17,DXY,ruble,14,1.0,0.0,125,0.0,1.0,111,False,False,
2022-04-17,DXY,ruble,30,1.0,0.0,125,0.0,1.0,95,False,False,
2022-04-17,DXY,ruble,60,1.0,0.0,125,0.0,1.0,65,False,False,
2022-04-17,DXY,sanctions,1,1.0,0.0,125,0.0,1.0,124,False,False,
2022-04-17,DXY,sanctions,7,1.0,0.0,125,0.0,1.0,118,False,False,
2022-04-17,DXY,sanctions,14,1.0,0.0,125,0.0,1.0,111,False,False,
2022-04-17,DXY,sanctions,30,1.0,0.0,125,0.0,1.0,95,False,False,
2022-04-17,DXY,sanctions,60,1.0,0.0,125,0.0,1.0,65,False,False,
2022-04-17,DXY,inflation,1,1.0,0.0,125,0.0,1.0,124,False,False,
2022-04-17,DXY,inflation,7,1.0,0.0,125,0.0,1.0,118,False,False,
2022-04-17,DXY,inflation,14,1.0,0.0,125,0.0,1.0,111,False,False,
2022-04-17,DXY,inflation,30,1.0,0.0,125,0.0,1.0,95,False,False,
2022-04-17,DXY,inflation,60,1.0,0.0,125,0.0,1.0,65,False,False,
2022-04-17,DXY,banking,1,1.0,0.0,125,0.0,1.0,124,False,False,
2022-04-17,DXY,banking,7,1.0,0.0,125,0.0,1.0,118,False,False,
2022-04-17,DXY,banking,14,1.0,0.0,125,0.0,1.0,111,False,False,
2022-04-17,DXY,banking,30,1.0,0.0,125,0.0,1.0,95,False,False,
2022-04-17,DXY,banking,60,1.0,0.0,125,0.0,1.0,65,False,False,
2022-04-17,DXY,gold,1,1.0,0.0,125,0.0,1.0,124,False,False,
2022-04-17,DXY,gold,7,1.0,0.0,125,0.0,1.0,118,False,False,
2022-04-17,DXY,gold,14,1.0,0.0,125,0.0,1.0,111,False,False,
2022-04-17,DXY,gold,30,1.0,0.0,125,0.0,1.0,95,False,False,
2022-04-17,DXY,gold,60,1.0,0.0,125,0.0,1.0,65,False,False,
2022-04-17,MSCI_INDIA,oil,1,1.0,0.0,125,0.0,1.0,124,False,False,
2022-04-17,MSCI_INDIA,oil,7,1.0,0.0,125,0.0,1.0,118,False,False,
2022-04-17,MSCI_INDIA,oil,14,1.0,0.0,125,0.0,1.0,111,False,False,
2022-04-17,MSCI_INDIA,oil,30,1.0,0.0,125,0.0,1.0,95,False,False,
2022-04-17,MSCI_INDIA,oil,60,1.0,0.0,125,0.0,1.0,65,False,False,
2022-04-17,MSCI_INDIA,rate,1,1.0,0.0,125,0.0,1.0,124,False,False,
2022-04-17,MSCI_INDIA,rate,7,1.0,0.0,125,0.0,1.0,118,False,False,
2022-04-17,MSCI_INDIA,rate,14,1.0,0.0,125,0.0,1.0,111,False,False,
2022-04-17,MSCI_INDIA,rate,30,1.0,0.0,125,0.0,1.0,95,False,False,
2022-04-17,MSCI_INDIA,rate,60,1.0,0.0,125,0.0,1.0,65,False,False,
2022-04-17,MSCI_INDIA,ruble,1,1.0,0.0,125,0.0,1.0,124,False,False,
2022-04-17,MSCI_INDIA,ruble,7,1.0,0.0,125,0.0,1.0,118,False,False,
2022-04-17,MSCI_INDIA,ruble,14,1.0,0.0,125,0.0,1.0,111,False,False,
2022-04-17,MSCI_INDIA,ruble,30,1.0,0.0,125,0.0,1.0,95,False,False,
2022-04-17,MSCI_INDIA,ruble,60,1.0,0.0,125,0.0,1.0,65,False,False,
2022-04-17,MSCI_INDIA,sanctions,1,1.0,0.0,125,0.0,1.0,124,False,False,
2022-04-17,MSCI_INDIA,sanctions,7,1.0,0.0,125,0.0,1.0,118,False,False,
2022-04-17,MSCI_INDIA,sanctions,14,1.0,0.0,125,0.0,1.0,111,False,False,
2022-04-17,MSCI_INDIA,sanctions,30,1.0,0.0,125,0.0,1.0,95,False,False,
2022-04-17,MSCI_INDIA,sanctions,60,1.0,0.0,125,0.0,1.0,65,False,False,
2022-04-17,MSCI_INDIA,inflation,1,1.0,0.0,125,0.0,1.0,124,False,False,
2022-04-17,MSCI_INDIA,inflation,7,1.0,0.0,125,0.0,1.0,118,False,False,
2022-04-17,MSCI_INDIA,inflation,14,1.0,0.0,125,0.0,1.0,111,False,False,
2022-04-17,MSCI_INDIA,inflation,30,1.0,0.0,125,0.0,1.0,95,False,False,
2022-04-17,MSCI_INDIA,inflation,60,1.0,0.0,125,0.0,1.0,65,False,False,
2022-04-17,MSCI_INDIA,banking,1,1.0,0.0,125,0.0,1.0,124,False,False,
2022-04-17,MSCI_INDIA,banking,7,1.0,0.0,125,0.0,1.0,118,False,False,
2022-04-17,MSCI_INDIA,banking,14,1.0,0.0,125,0.0,1.0,111,False,False,
2022-04-17,MSCI_INDIA,banking,30,1.0,0.0,125,0.0,1.0,95,False,False,
2022-04-17,MSCI_INDIA,banking,60,1.0,0.0,125,0.0,1.0,65,False,False,
2022-04-17,MSCI_INDIA,gold,1,1.0,0.0,125,0.0,1.0,124,False,False,
2022-04-17,MSCI_INDIA,gold,7,1.0,0.0,125,0.0,1.0,118,False,False,
2022-04-17,MSCI_INDIA,gold,14,1.0,0.0,125,0.0,1.0,111,False,False,
2022-04-17,MSCI_INDIA,gold,30,1.0,0.0,125,0.0,1.0,95,False,False,
2022-04-17,MSCI_INDIA,gold,60,1.0,0.0,125,0.0,1.0,65,False,False,
2022-04-20,USD_RUB,oil,1,1.0,0.0,125,0.0,1.0,124,False,False,
2022-04-20,USD_RUB,oil,7,1.0,0.0,125,0.0,1.0,118,False,False,
2022-04-20,USD_RUB,oil,14,1.0,0.0,125,0.0,1.0,111,False,False,
2022-04-20,USD_RUB,oil,30,1.0,0.0,125,0.0,1.0,95,False,False,
2022-04-20,USD_RUB,oil,60,1.0,0.0,125,0.0,1.0,65,False,False,
2022-04-20,USD_RUB,rate,1,1.0,0.0,125,0.0,1.0,124,False,False,
2022-04-20,USD_RUB,rate,7,1.0,0.0,125,0.0,1.0,118,False,False,
2022-04-20,USD_RUB,rate,14,1.0,0.0,125,0.0,1.0,111,False,False,
2022-04-20,USD_RUB,rate,30,1.0,0.0,125,0.0,1.0,95,False,False,
2022-04-20,USD_RUB,rate,60,1.0,0.0,125,0.0,1.0,65,False,False,
2022-04-20,USD_RUB,ruble,1,1.0,0.0,125,0.0,1.0,124,False,False,
2022-04-20,USD_RUB,ruble,7,1.0,0.0,125,0.0,1.0,118,False,False,
2022-04-20,USD_RUB,ruble,14,1.0,0.0,125,0.0,1.0,111,False,False,
2022-04-20,USD_RUB,ruble,30,1.0,0.0,125,0.0,1.0,95,False,False,
2022-04-20,USD_RUB,ruble,60,1.0,0.0,125,0.0,1.0,65,False,False,
2022-04-20,USD_RUB,sanctions,1,1.0,0.0,125,0.0,1.0,124,False,False,
2022-04-20,USD_RUB,sanctions,7,1.0,0.0,125,0.0,1.0,118,False,False,
2022-04-20,USD_RUB,sanctions,14,1.0,0.0,125,0.0,1.0,111,False,False,
2022-04-20,USD_RUB,sanctions,30,1.0,0.0,125,0.0,1.0,95,False,False,
2022-04-20,USD_RUB,sanctions,60,1.0,0.0,125,0.0,1.0,65,False,False,
2022-04-20,USD_RUB,inflation,1,1.0,0.0,125,0.0,1.0,124,False,False,
2022-04-20,USD_RUB,inflation,7,1.0,0.0,125,0.0,1.0,118,False,False,
2022-04-20,USD_RUB,inflation,14,1.0,0.0,125,0.0,1.0,111,False,False,
2022-04-20,USD_RUB,inflation,30,1.0,0.0,125,0.0,1.0,95,False,False,
2022-04-20,USD_RUB,inflation,60,1.0,0.0,125,0.0,1.0,65,False,False,
2022-04-20,USD_RUB,banking,1,1.0,0.0,125,0.0,1.0,124,False,False,
2022-04-20,USD_RUB,banking,7,1.0,0.0,125,0.0,1.0,118,False,False,
2022-04-20,USD_RUB,banking,14,1.0,0.0,125,0.0,1.0,111,False,False,
2022-04-20,USD_RUB,banking,30,1.0,0.0,125,0.0,1.0,95,False,False,
2022-04-20,USD_RUB,banking,60,1.0,0.0,125,0.0,1.0,65,False,False,
2022-04-20,USD_RUB,gold,1,1.0,0.0,125,0.0,1.0,124,False,False,
2022-04-20,USD_RUB,gold,7,1.0,0.0,125,0.0,1.0,118,False,False,
2022-04-20,USD_RUB,gold,14,1.0,0.0,125,0.0,1.0,111,False,False,
2022-04-20,USD_RUB,gold,30,1.0,0.0,125,0.0,1.0,95,False,False,
2022-04-20,USD_RUB,gold,60,1.0,0.0,125,0.0,1.0,65,False,False,
2022-04-20,EUR_RUB,oil,1,1.0,0.0,125,0.0,1.0,124,False,False,
2022-04-20,EUR_RUB,oil,7,1.0,0.0,125,0.0,1.0,118,False,False,
2022-04-20,EUR_RUB,oil,14,1.0,0.0,125,0.0,1.0,111,False,False,
2022-04-20,EUR_RUB,oil,30,1.0,0.0,125,0.0,1.0,95,False,False,
2022-04-20,EUR_RUB,oil,60,1.0,0.0,125,0.0,1.0,65,False,False,
2022-04-20,EUR_RUB,rate,1,1.0,0.0,125,0.0,1.0,124,False,False,
2022-04-20,EUR_RUB,rate,7,1.0,0.0,125,0.0,1.0,118,False,False,
2022-04-20,EUR_RUB,rate,14,1.0,0.0,125,0.0,1.0,111,False,False,
2022-04-20,EUR_RUB,rate,30,1.0,0.0,125,0.0,1.0,95,False,False,
2022-04-20,EUR_RUB,rate,60,1.0,0.0,125,0.0,1.0,65,False,False,
2022-04-20,EUR_RUB,ruble,1,1.0,0.0,125,0.0,1.0,124,False,False,
2022-04-20,EUR_RUB,ruble,7,1.0,0.0,125,0.0,1.0,118,False,False,
2022-04-20,EUR_RUB,ruble,14,1.0,0.0,125,0.0,1.0,111,False,False,
2022-04-20,EUR_RUB,ruble,30,1.0,0.0,125,0.0,1.0,95,False,False,
2022-04-20,EUR_RUB,ruble,60,1.0,0.0,125,0.0,1.0,65,False,False,
2022-04-20,EUR_RUB,sanctions,1,1.0,0.0,125,0.0,1.0,124,False,False,
2022-04-20,EUR_RUB,sanctions,7,1.0,0.0,125,0.0,1.0,118,False,False,
2022-04-20,EUR_RUB,sanctions,14,1.0,0.0,125,0.0,1.0,111,False,False,
2022-04-20,EUR_RUB,sanctions,30,1.0,0.0,125,0.0,1.0,95,False,False,
2022-04-20,EUR_RUB,sanctions,60,1.0,0.0,125,0.0,1.0,65,False,False,
2022-04-20,EUR_RUB,inflation,1,1.0,0.0,125,0.0,1.0,124,False,False,
2022-04-20,EUR_RUB,inflation,7,1.0,0.0,125,0.0,1.0,118,False,False,
2022-04-20,EUR_RUB,inflation,14,1.0,0.0,125,0.0,1.0,111,False,False,
2022-04-20,EUR_RUB,inflation,30,1.0,0.0,125,0.0,1.0,95,False,False,
2022-04-20,EUR_RUB,inflation,60,1.0,0.0,125,0.0,1.0,65,False,False,
2022-04-20,EUR_RUB,banking,1,1.0,0.0,125,0.0,1.0,124,False,False,
2022-04-20,EUR_RUB,banking,7,1.0,0.0,125,0.0,1.0,118,False,False,
2022-04-20,EUR_RUB,banking,14,1.0,0.0,125,0.0,1.0,111,False,False,
2022-04-20,EUR_RUB,banking,30,1.0,0.0,125,0.0,1.0,95,False,False,
2022-04-20,EUR_RUB,banking,60,1.0,0.0,125,0.0,1.0,65,False,False,
2022-04-20,EUR_RUB,gold,1,1.0,0.0,125,0.0,1.0,124,False,False,
2022-04-20,EUR_RUB,gold,7,1.0,0.0,125,0.0,1.0,118,False,False,
2022-04-20,EUR_RUB,gold,14,1.0,0.0,125,0.0,1.0,111,False,False,
2022-04-20,EUR_RUB,gold,30,1.0,0.0,125,0.0,1.0,95,False,False,
2022-04-20,EUR_RUB,gold,60,1.0,0.0,125,0.0,1.0,65,False,False,
2022-04-20,BRENT,oil,1,1.0,0.0,125,0.0,1.0,124,False,False,
2022-04-20,BRENT,oil,7,1.0,0.0,125,0.0,1.0,118,False,False,
2022-04-20,BRENT,oil,14,1.0,0.0,125,0.0,1.0,111,False,False,
2022-04-20,BRENT,oil,30,1.0,0.0,125,0.0,1.0,95,False,False,
2022-04-20,BRENT,oil,60,1.0,0.0,125,0.0,1.0,65,False,False,
2022-04-20,BRENT,rate,1,1.0,0.0,125,0.0,1.0,124,False,False,
2022-04-20,BRENT,rate,7,1.0,0.0,125,0.0,1.0,118,False,False,
2022-04-20,BRENT,rate,14,1.0,0.0,125,0.0,1.0,111,False,False,
2022-04-20,BRENT,rate,30,1.0,0.0,125,0.0,1.0,95,False,False,
2022-04-20,BRENT,rate,60,1.0,0.0,125,0.0,1.0,65,False,False,
2022-04-20,BRENT,ruble,1,1.0,0.0,125,0.0,1.0,124,False,False,
2022-04-20,BRENT,ruble,7,1.0,0.0,125,0.0,1.0,118,False,False,
2022-04-20,BRENT,ruble,14,1.0,0.0,125,0.0,1.0,111,False,False,
2022-04-20,BRENT,ruble,30,1.0,0.0,125,0.0,1.0,95,False,False,
2022-04-20,BRENT,ruble,60,1.0,0.0,125,0.0,1.0,65,False,False,
2022-04-20,BRENT,sanctions,1,1.0,0.0,125,0.0,1.0,124,False,False,
2022-04-20,BRENT,sanctions,7,1.0,0.0,125,0.0,1.0,118,False,False,
2022-04-20,BRENT,sanctions,14,1.0,0.0,125,0.0,1.0,111,False,False,
2022-04-20,BRENT,sanctions,30,1.0,0.0,125,0.0,1.0,95,False,False,
2022-04-20,BRENT,sanctions,60,1.0,0.0,125,0.0,1.0,65,False,False,
2022-04-20,BRENT,inflation,1,1.0,0.0,125,0.0,1.0,124,False,False,
2022-04-20,BRENT,inflation,7,1.0,0.0,125,0.0,1.0,118,False,False,
2022-04-20,BRENT,inflation,14,1.0,0.0,125,0.0,1.0,111,False,False,
2022-04-20,BRENT,inflation,30,1.0,0.0,125,0.0,1.0,95,False,False,
2022-04-20,BRENT,inflation,60,1.0,0.0,125,0.0,1.0,65,False,False,
2022-04-20,BRENT,banking,1,1.0,0.0,125,0.0,1.0,124,False,False,
2022-04-20,BRENT,banking,7,1.0,0.0,125,0.0,1.0,118,False,False,
2022-04-20,BRENT,banking,14,1.0,0.0,125,0.0,1.0,111,False,False,
2022-04-20,BRENT,banking,30,1.0,0.0,125,0.0,1.0,95,False,False,
2022-04-20,BRENT,banking,60,1.0,0.0,125,0.0,1.0,65,False,False,
2022-04-20,BRENT,gold,1,1.0,0.0,125,0.0,1.0,124,False,False,
2022-04-20,BRENT,gold,7,1.0,0.0,125,0.0,1.0,118,False,False,
2022-04-20,BRENT,gold,14,1.0,0.0,125,0.0,1.0,111,False,False,
2022-04-20,BRENT,gold,30,1.0,0.0,125,0.0,1.0,95,False,False,
2022-04-20,BRENT,gold,60,1.0,0.0,125,0.0,1.0,65,False,False,
2022-04-20,SP500,oil,1,1.0,0.0,125,0.0,1.0,124,False,False,
2022-04-20,SP500,oil,7,1.0,0.0,125,0.0,1.0,118,False,False,
2022-04-20,SP500,oil,14,1.0,0.0,125,0.0,1.0,111,False,False,
2022-04-20,SP500,oil,30,1.0,0.0,125,0.0,1.0,95,False,False,
2022-04-20,SP500,oil,60,1.0,0.0,125,0.0,1.0,65,False,False,
2022-04-20,SP500,rate,1,1.0,0.0,125,0.0,1.0,124,False,False,
2022-04-20,SP500,rate,7,1.0,0.0,125,0.0,1.0,118,False,False,
2022-04-20,SP500,rate,14,1.0,0.0,125,0.0,1.0,111,False,False,
2022-04-20,SP500,rate,30,1.0,0.0,125,0.0,1.0,95,False,False,
2022-04-20,SP500,rate,60,1.0,0.0,125,0.0,1.0,65,False,False,
2022-04-20,SP500,ruble,1,1.0,0.0,125,0.0,1.0,124,False,False,
2022-04-20,SP500,ruble,7,1.0,0.0,125,0.0,1.0,118,False,False,
2022-04-20,SP500,ruble,14,1.0,0.0,125,0.0,1.0,111,False,False,
2022-04-20,SP500,ruble,30,1.0,0.0,125,0.0,1.0,95,False,False,
2022-04-20,SP500,ruble,60,1.0,0.0,125,0.0,1.0,65,False,False,
2022-04-20,SP500,sanctions,1,1.0,0.0,125,0.0,1.0,124,False,False,
2022-04-20,SP500,sanctions,7,1.0,0.0,125,0.0,1.0,118,False,False,
2022-04-20,SP500,sanctions,14,1.0,0.0,125,0.0,1.0,111,False,False,
2022-04-20,SP500,sanctions,30,1.0,0.0,125,0.0,1.0,95,False,False,
2022-04-20,SP500,sanctions,60,1.0,0.0,125,0.0,1.0,65,False,False,
2022-04-20,SP500,inflation,1,1.0,0.0,125,0.0,1.0,124,False,False,
2022-04-20,SP500,inflation,7,1.0,0.0,125,0.0,1.0,118,False,False,
2022-04-20,SP500,inflation,14,1.0,0.0,125,0.0,1.0,111,False,False,
2022-04-20,SP500,inflation,30,1.0,0.0,125,0.0,1.0,95,False,False,
2022-04-20,SP500,inflation,60,1.0,0.0,125,0.0,1.0,65,False,False,
2022-04-20,SP500,banking,1,1.0,0.0,125,0.0,1.0,124,False,False,
2022-04-20,SP500,banking,7,1.0,0.0,125,0.0,1.0,118,False,False,
2022-04-20,SP500,banking,14,1.0,0.0,125,0.0,1.0,111,False,False,
2022-04-20,SP500,banking,30,1.0,0.0,125,0.0,1.0,95,False,False,
2022-04-20,SP500,banking,60,1.0,0.0,125,0.0,1.0,65,False,False,
2022-04-20,SP500,gold,1,1.0,0.0,125,0.0,1.0,124,False,False,
2022-04-20,SP500,gold,7,1.0,0.0,125,0.0,1.0,118,False,False,
2022-04-20,SP500,gold,14,1.0,0.0,125,0.0,1.0,111,False,False,
2022-04-20,SP500,gold,30,1.0,0.0,125,0.0,1.0,95,False,False,
2022-04-20,SP500,gold,60,1.0,0.0,125,0.0,1.0,65,False,False,
2022-04-20,MSCI_WORLD,oil,1,1.0,0.0,125,0.0,1.0,124,False,False,
2022-04-20,MSCI_WORLD,oil,7,1.0,0.0,125,0.0,1.0,118,False,False,
2022-04-20,MSCI_WORLD,oil,14,1.0,0.0,125,0.0,1.0,111,False,False,
2022-04-20,MSCI_WORLD,oil,30,1.0,0.0,125,0.0,1.0,95,False,False,
2022-04-20,MSCI_WORLD,oil,60,1.0,0.0,125,0.0,1.0,65,False,False,
2022-04-20,MSCI_WORLD,rate,1,1.0,0.0,125,0.0,1.0,124,False,False,
2022-04-20,MSCI_WORLD,rate,7,1.0,0.0,125,0.0,1.0,118,False,False,
2022-04-20,MSCI_WORLD,rate,14,1.0,0.0,125,0.0,1.0,111,False,False,
2022-04-20,MSCI_WORLD,rate,30,1.0,0.0,125,0.0,1.0,95,False,False,
2022-04-20,MSCI_WORLD,rate,60,1.0,0.0,125,0.0,1.0,65,False,False,
2022-04-20,MSCI_WORLD,ruble,1,1.0,0.0,125,0.0,1.0,124,False,False,
2022-04-20,MSCI_WORLD,ruble,7,1.0,0.0,125,0.0,1.0,118,False,False,
2022-04-20,MSCI_WORLD,ruble,14,1.0,0.0,125,0.0,1.0,111,False,False,
2022-04-20,MSCI_WORLD,ruble,30,1.0,0.0,125,0.0,1.0,95,False,False,
2022-04-20,MSCI_WORLD,ruble,60,1.0,0.0,125,0.0,1.0,65,False,False,
2022-04-20,MSCI_WORLD,sanctions,1,1.0,0.0,125,0.0,1.0,124,False,False,
2022-04-20,MSCI_WORLD,sanctions,7,1.0,0.0,125,0.0,1.0,118,False,False,
2022-04-20,MSCI_WORLD,sanctions,14,1.0,0.0,125,0.0,1.0,111,False,False,
2022-04-20,MSCI_WORLD,sanctions,30,1.0,0.0,125,0.0,1.0,95,False,False,
2022-04-20,MSCI_WORLD,sanctions,60,1.0,0.0,125,0.0,1.0,65,False,False,
2022-04-20,MSCI_WORLD,inflation,1,1.0,0.0,125,0.0,1.0,124,False,False,
2022-04-20,MSCI_WORLD,inflation,7,1.0,0.0,125,0.0,1.0,118,False,False,
2022-04-20,MSCI_WORLD,inflation,14,1.0,0.0,125,0.0,1.0,111,False,False,
2022-04-20,MSCI_WORLD,inflation,30,1.0,0.0,125,0.0,1.0,95,False,False,
2022-04-20,MSCI_WORLD,inflation,60,1.0,0.0,125,0.0,1.0,65,False,False,
2022-04-20,MSCI_WORLD,banking,1,1.0,0.0,125,0.0,1.0,124,False,False,
2022-04-20,MSCI_WORLD,banking,7,1.0,0.0,125,0.0,1.0,118,False,False,
2022-04-20,MSCI_WORLD,banking,14,1.0,0.0,125,0.0,1.0,111,False,False,
2022-04-20,MSCI_WORLD,banking,30,1.0,0.0,125,0.0,1.0,95,False,False,
2022-04-20,MSCI_WORLD,banking,60,1.0,0.0,125,0.0,1.0,65,False,False,
2022-04-20,MSCI_WORLD,gold,1,1.0,0.0,125,0.0,1.0,124,False,False,
2022-04-20,MSCI_WORLD,gold,7,1.0,0.0,125,0.0,1.0,118,False,False,
2022-04-20,MSCI_WORLD,gold,14,1.0,0.0,125,0.0,1.0,111,False,False,
2022-04-20,MSCI_WORLD,gold,30,1.0,0.0,125,0.0,1.0,95,False,False,
2022-04-20,MSCI_WORLD,gold,60,1.0,0.0,125,0.0,1.0,65,False,False,
2022-04-20,DXY,oil,1,1.0,0.0,125,0.0,1.0,124,False,False,
2022-04-20,DXY,oil,7,1.0,0.0,125,0.0,1.0,118,False,False,
2022-04-20,DXY,oil,14,1.0,0.0,125,0.0,1.0,111,False,False,
2022-04-20,DXY,oil,30,1.0,0.0,125,0.0,1.0,95,False,False,
2022-04-20,DXY,oil,60,1.0,0.0,125,0.0,1.0,65,False,False,
2022-04-20,DXY,rate,1,1.0,0.0,125,0.0,1.0,124,False,False,
2022-04-20,DXY,rate,7,1.0,0.0,125,0.0,1.0,118,False,False,
2022-04-20,DXY,rate,14,1.0,0.0,125,0.0,1.0,111,False,False,
2022-04-20,DXY,rate,30,1.0,0.0,125,0.0,1.0,95,False,False,
2022-04-20,DXY,rate,60,1.0,0.0,125,0.0,1.0,65,False,False,
2022-04-20,DXY,ruble,1,1.0,0.0,125,0.0,1.0,124,False,False,
2022-04-20,DXY,ruble,7,1.0,0.0,125,0.0,1.0,118,False,False,
2022-04-20,DXY,ruble,14,1.0,0.0,125,0.0,1.0,111,False,False,
2022-04-20,DXY,ruble,30,1.0,0.0,125,0.0,1.0,95,False,False,
2022-04-20,DXY,ruble,60,1.0,0.0,125,0.0,1.0,65,False,False,
2022-04-20,DXY,sanctions,1,1.0,0.0,125,0.0,1.0,124,False,False,
2022-04-20,DXY,sanctions,7,1.0,0.0,125,0.0,1.0,118,False,False,
2022-04-20,DXY,sanctions,14,1.0,0.0,125,0.0,1.0,111,False,False,
2022-04-20,DXY,sanctions,30,1.0,0.0,125,0.0,1.0,95,False,False,
2022-04-20,DXY,sanctions,60,1.0,0.0,125,0.0,1.0,65,False,False,
2022-04-20,DXY,inflation,1,1.0,0.0,125,0.0,1.0,124,False,False,
2022-04-20,DXY,inflation,7,1.0,0.0,125,0.0,1.0,118,False,False,
2022-04-20,DXY,inflation,14,1.0,0.0,125,0.0,1.0,111,False,False,
2022-04-20,DXY,inflation,30,1.0,0.0,125,0.0,1.0,95,False,False,
2022-04-20,DXY,inflation,60,1.0,0.0,125,0.0,1.0,65,False,False,
2022-04-20,DXY,banking,1,1.0,0.0,125,0.0,1.0,124,False,False,
2022-04-20,DXY,banking,7,1.0,0.0,125,0.0,1.0,118,False,False,
2022-04-20,DXY,banking,14,1.0,0.0,125,0.0,1.0,111,False,False,
2022-04-20,DXY,banking,30,1.0,0.0,125,0.0,1.0,95,False,False,
2022-04-20,DXY,banking,60,1.0,0.0,125,0.0,1.0,65,False,False,
2022-04-20,DXY,gold,1,1.0,0.0,125,0.0,1.0,124,False,False,
2022-04-20,DXY,gold,7,1.0,0.0,125,0.0,1.0,118,False,False,
2022-04-20,DXY,gold,14,1.0,0.0,125,0.0,1.0,111,False,False,
2022-04-20,DXY,gold,30,1.0,0.0,125,0.0,1.0,95,False,False,
2022-04-20,DXY,gold,60,1.0,0.0,125,0.0,1.0,65,False,False,
2022-04-20,MSCI_INDIA,oil,1,1.0,0.0,125,0.0,1.0,124,False,False,
2022-04-20,MSCI_INDIA,oil,7,1.0,0.0,125,0.0,1.0,118,False,False,
2022-04-20,MSCI_INDIA,oil,14,1.0,0.0,125,0.0,1.0,111,False,False,
2022-04-20,MSCI_INDIA,oil,30,1.0,0.0,125,0.0,1.0,95,False,False,
2022-04-20,MSCI_INDIA,oil,60,1.0,0.0,125,0.0,1.0,65,False,False,
2022-04-20,MSCI_INDIA,rate,1,1.0,0.0,125,0.0,1.0,124,False,False,
2022-04-20,MSCI_INDIA,rate,7,1.0,0.0,125,0.0,1.0,118,False,False,
2022-04-20,MSCI_INDIA,rate,14,1.0,0.0,125,0.0,1.0,111,False,False,
2022-04-20,MSCI_INDIA,rate,30,1.0,0.0,125,0.0,1.0,95,False,False,
2022-04-20,MSCI_INDIA,rate,60,1.0,0.0,125,0.0,1.0,65,False,False,
2022-04-20,MSCI_INDIA,ruble,1,1.0,0.0,125,0.0,1.0,124,False,False,
2022-04-20,MSCI_INDIA,ruble,7,1.0,0.0,125,0.0,1.0,118,False,False,
2022-04-20,MSCI_INDIA,ruble,14,1.0,0.0,125,0.0,1.0,111,False,False,
2022-04-20,MSCI_INDIA,ruble,30,1.0,0.0,125,0.0,1.0,95,False,False,
2022-04-20,MSCI_INDIA,ruble,60,1.0,0.0,125,0.0,1.0,65,False,False,
2022-04-20,MSCI_INDIA,sanctions,1,1.0,0.0,125,0.0,1.0,124,False,False,
2022-04-20,MSCI_INDIA,sanctions,7,1.0,0.0,125,0.0,1.0,118,False,False,
2022-04-20,MSCI_INDIA,sanctions,14,1.0,0.0,125,0.0,1.0,111,False,False,
2022-04-20,MSCI_INDIA,sanctions,30,1.0,0.0,125,0.0,1.0,95,False,False,
2022-04-20,MSCI_INDIA,sanctions,60,1.0,0.0,125,0.0,1.0,65,False,False,
2022-04-20,MSCI_INDIA,inflation,1,1.0,0.0,125,0.0,1.0,124,False,False,
2022-04-20,MSCI_INDIA,inflation,7,1.0,0.0,125,0.0,1.0,118,False,False,
2022-04-20,MSCI_INDIA,inflation,14,1.0,0.0,125,0.0,1.0,111,False,False,
2022-04-20,MSCI_INDIA,inflation,30,1.0,0.0,125,0.0,1.0,95,False,False,
2022-04-20,MSCI_INDIA,inflation,60,1.0,0.0,125,0.0,1.0,65,False,False,
2022-04-20,MSCI_INDIA,banking,1,1.0,0.0,125,0.0,1.0,124,False,False,
2022-04-20,MSCI_INDIA,banking,7,1.0,0.0,125,0.0,1.0,118,False,False,
2022-04-20,MSCI_INDIA,banking,14,1.0,0.0,125,0.0,1.0,111,False,False,
2022-04-20,MSCI_INDIA,banking,30,1.0,0.0,125,0.0,1.0,95,False,False,
2022-04-20,MSCI_INDIA,banking,60,1.0,0.0,125,0.0,1.0,65,False,False,
2022-04-20,MSCI_INDIA,gold,1,1.0,0.0,125,0.0,1.0,124,False,False,
2022-04-20,MSCI_INDIA,gold,7,1.0,0.0,125,0.0,1.0,118,False,False,
2022-04-20,MSCI_INDIA,gold,14,1.0,0.0,125,0.0,1.0,111,False,False,
2022-04-20,MSCI_INDIA,gold,30,1.0,0.0,125,0.0,1.0,95,False,False,
2022-04-20,MSCI_INDIA,gold,60,1.0,0.0,125,0.0,1.0,65,False,False,
2022-04-23,USD_RUB,oil,1,1.0,0.0,125,0.0,1.0,124,False,False,
2022-04-23,USD_RUB,oil,7,1.0,0.0,125,0.0,1.0,118,False,False,
2022-04-23,USD_RUB,oil,14,1.0,0.0,125,0.0,1.0,111,False,False,
2022-04-23,USD_RUB,oil,30,1.0,0.0,125,0.0,1.0,95,False,False,
2022-04-23,USD_RUB,oil,60,1.0,0.0,125,0.0,1.0,65,False,False,
2022-04-23,USD_RUB,rate,1,1.0,0.0,125,0.0,1.0,124,False,False,
2022-04-23,USD_RUB,rate,7,1.0,0.0,125,0.0,1.0,118,False,False,
2022-04-23,USD_RUB,rate,14,1.0,0.0,125,0.0,1.0,111,False,False,
2022-04-23,USD_RUB,rate,30,1.0,0.0,125,0.0,1.0,95,False,False,
2022-04-23,USD_RUB,rate,60,1.0,0.0,125,0.0,1.0,65,False,False,
2022-04-23,USD_RUB,ruble,1,1.0,0.0,125,0.0,1.0,124,False,False,
2022-04-23,USD_RUB,ruble,7,1.0,0.0,125,0.0,1.0,118,False,False,
2022-04-23,USD_RUB,ruble,14,1.0,0.0,125,0.0,1.0,111,False,False,
2022-04-23,USD_RUB,ruble,30,1.0,0.0,125,0.0,1.0,95,False,False,
2022-04-23,USD_RUB,ruble,60,1.0,0.0,125,0.0,1.0,65,False,False,
2022-04-23,USD_RUB,sanctions,1,1.0,0.0,125,0.0,1.0,124,False,False,
2022-04-23,USD_RUB,sanctions,7,1.0,0.0,125,0.0,1.0,118,False,False,
2022-04-23,USD_RUB,sanctions,14,1.0,0.0,125,0.0,1.0,111,False,False,
2022-04-23,USD_RUB,sanctions,30,1.0,0.0,125,0.0,1.0,95,False,False,
2022-04-23,USD_RUB,sanctions,60,1.0,0.0,125,0.0,1.0,65,False,False,
2022-04-23,USD_RUB,inflation,1,1.0,0.0,125,0.0,1.0,124,False,False,
2022-04-23,USD_RUB,inflation,7,1.0,0.0,125,0.0,1.0,118,False,False,
2022-04-23,USD_RUB,inflation,14,1.0,0.0,125,0.0,1.0,111,False,False,
2022-04-23,USD_RUB,inflation,30,1.0,0.0,125,0.0,1.0,95,False,False,
2022-04-23,USD_RUB,inflation,60,1.0,0.0,125,0.0,1.0,65,False,False,
2022-04-23,USD_RUB,banking,1,1.0,0.0,125,0.0,1.0,124,False,False,
2022-04-23,USD_RUB,banking,7,1.0,0.0,125,0.0,1.0,118,False,False,
2022-04-23,USD_RUB,banking,14,1.0,0.0,125,0.0,1.0,111,False,False,
2022-04-23,USD_RUB,banking,30,1.0,0.0,125,0.0,1.0,95,False,False,
2022-04-23,USD_RUB,banking,60,1.0,0.0,125,0.0,1.0,65,False,False,
2022-04-23,USD_RUB,gold,1,1.0,0.0,125,0.0,1.0,124,False,False,
2022-04-23,USD_RUB,gold,7,1.0,0.0,125,0.0,1.0,118,False,False,
2022-04-23,USD_RUB,gold,14,1.0,0.0,125,0.0,1.0,111,False,False,
2022-04-23,USD_RUB,gold,30,1.0,0.0,125,0.0,1.0,95,False,False,
2022-04-23,USD_RUB,gold,60,1.0,0.0,125,0.0,1.0,65,False,False,
2022-04-23,EUR_RUB,oil,1,1.0,0.0,125,0.0,1.0,124,False,False,
2022-04-23,EUR_RUB,oil,7,1.0,0.0,125,0.0,1.0,118,False,False,
2022-04-23,EUR_RUB,oil,14,1.0,0.0,125,0.0,1.0,111,False,False,
2022-04-23,EUR_RUB,oil,30,1.0,0.0,125,0.0,1.0,95,False,False,
2022-04-23,EUR_RUB,oil,60,1.0,0.0,125,0.0,1.0,65,False,False,
2022-04-23,EUR_RUB,rate,1,1.0,0.0,125,0.0,1.0,124,False,False,
2022-04-23,EUR_RUB,rate,7,1.0,0.0,125,0.0,1.0,118,False,False,
2022-04-23,EUR_RUB,rate,14,1.0,0.0,125,0.0,1.0,111,False,False,
2022-04-23,EUR_RUB,rate,30,1.0,0.0,125,0.0,1.0,95,False,False,
2022-04-23,EUR_RUB,rate,60,1.0,0.0,125,0.0,1.0,65,False,False,
2022-04-23,EUR_RUB,ruble,1,1.0,0.0,125,0.0,1.0,124,False,False,
2022-04-23,EUR_RUB,ruble,7,1.0,0.0,125,0.0,1.0,118,False,False,
2022-04-23,EUR_RUB,ruble,14,1.0,0.0,125,0.0,1.0,111,False,False,
2022-04-23,EUR_RUB,ruble,30,1.0,0.0,125,0.0,1.0,95,False,False,
2022-04-23,EUR_RUB,ruble,60,1.0,0.0,125,0.0,1.0,65,False,False,
2022-04-23,EUR_RUB,sanctions,1,1.0,0.0,125,0.0,1.0,124,False,False,
2022-04-23,EUR_RUB,sanctions,7,1.0,0.0,125,0.0,1.0,118,False,False,
2022-04-23,EUR_RUB,sanctions,14,1.0,0.0,125,0.0,1.0,111,False,False,
2022-04-23,EUR_RUB,sanctions,30,1.0,0.0,125,0.0,1.0,95,False,False,
2022-04-23,EUR_RUB,sanctions,60,1.0,0.0,125,0.0,1.0,65,False,False,
2022-04-23,EUR_RUB,inflation,1,1.0,0.0,125,0.0,1.0,124,False,False,
2022-04-23,EUR_RUB,inflation,7,1.0,0.0,125,0.0,1.0,118,False,False,
2022-04-23,EUR_RUB,inflation,14,1.0,0.0,125,0.0,1.0,111,False,False,
2022-04-23,EUR_RUB,inflation,30,1.0,0.0,125,0.0,1.0,95,False,False,
2022-04-23,EUR_RUB,inflation,60,1.0,0.0,125,0.0,1.0,65,False,False,
2022-04-23,EUR_RUB,banking,1,1.0,0.0,125,0.0,1.0,124,False,False,
2022-04-23,EUR_RUB,banking,7,1.0,0.0,125,0.0,1.0,118,False,False,
2022-04-23,EUR_RUB,banking,14,1.0,0.0,125,0.0,1.0,111,False,False,
2022-04-23,EUR_RUB,banking,30,1.0,0.0,125,0.0,1.0,95,False,False,
2022-04-23,EUR_RUB,banking,60,1.0,0.0,125,0.0,1.0,65,False,False,
2022-04-23,EUR_RUB,gold,1,1.0,0.0,125,0.0,1.0,124,False,False,
2022-04-23,EUR_RUB,gold,7,1.0,0.0,125,0.0,1.0,118,False,False,
2022-04-23,EUR_RUB,gold,14,1.0,0.0,125,0.0,1.0,111,False,False,
2022-04-23,EUR_RUB,gold,30,1.0,0.0,125,0.0,1.0,95,False,False,
2022-04-23,EUR_RUB,gold,60,1.0,0.0,125,0.0,1.0,65,False,False,
2022-04-23,BRENT,oil,1,1.0,0.0,125,0.0,1.0,124,False,False,
2022-04-23,BRENT,oil,7,1.0,0.0,125,0.0,1.0,118,False,False,
2022-04-23,BRENT,oil,14,1.0,0.0,125,0.0,1.0,111,False,False,
2022-04-23,BRENT,oil,30,1.0,0.0,125,0.0,1.0,95,False,False,
2022-04-23,BRENT,oil,60,1.0,0.0,125,0.0,1.0,65,False,False,
2022-04-23,BRENT,rate,1,1.0,0.0,125,0.0,1.0,124,False,False,
2022-04-23,BRENT,rate,7,1.0,0.0,125,0.0,1.0,118,False,False,
2022-04-23,BRENT,rate,14,1.0,0.0,125,0.0,1.0,111,False,False,
2022-04-23,BRENT,rate,30,1.0,0.0,125,0.0,1.0,95,False,False,
2022-04-23,BRENT,rate,60,1.0,0.0,125,0.0,1.0,65,False,False,
2022-04-23,BRENT,ruble,1,1.0,0.0,125,0.0,1.0,124,False,False,
2022-04-23,BRENT,ruble,7,1.0,0.0,125,0.0,1.0,118,False,False,
2022-04-23,BRENT,ruble,14,1.0,0.0,125,0.0,1.0,111,False,False,
2022-04-23,BRENT,ruble,30,1.0,0.0,125,0.0,1.0,95,False,False,
2022-04-23,BRENT,ruble,60,1.0,0.0,125,0.0,1.0,65,False,False,
2022-04-23,BRENT,sanctions,1,1.0,0.0,125,0.0,1.0,124,False,False,
2022-04-23,BRENT,sanctions,7,1.0,0.0,125,0.0,1.0,118,False,False,
2022-04-23,BRENT,sanctions,14,1.0,0.0,125,0.0,1.0,111,False,False,
2022-04-23,BRENT,sanctions,30,1.0,0.0,125,0.0,1.0,95,False,False,
2022-04-23,BRENT,sanctions,60,1.0,0.0,125,0.0,1.0,65,False,False,
2022-04-23,BRENT,inflation,1,1.0,0.0,125,0.0,1.0,124,False,False,
2022-04-23,BRENT,inflation,7,1.0,0.0,125,0.0,1.0,118,False,False,
2022-04-23,BRENT,inflation,14,1.0,0.0,125,0.0,1.0,111,False,False,
2022-04-23,BRENT,inflation,30,1.0,0.0,125,0.0,1.0,95,False,False,
2022-04-23,BRENT,inflation,60,1.0,0.0,125,0.0,1.0,65,False,False,
2022-04-23,BRENT,banking,1,1.0,0.0,125,0.0,1.0,124,False,False,
2022-04-23,BRENT,banking,7,1.0,0.0,125,0.0,1.0,118,False,False,
2022-04-23,BRENT,banking,14,1.0,0.0,125,0.0,1.0,111,False,False,
2022-04-23,BRENT,banking,30,1.0,0.0,125,0.0,1.0,95,False,False,
2022-04-23,BRENT,banking,60,1.0,0.0,125,0.0,1.0,65,False,False,
2022-04-23,BRENT,gold,1,1.0,0.0,125,0.0,1.0,124,False,False,
2022-04-23,BRENT,gold,7,1.0,0.0,125,0.0,1.0,118,False,False,
2022-04-23,BRENT,gold,14,1.0,0.0,125,0.0,1.0,111,False,False,
2022-04-23,BRENT,gold,30,1.0,0.0,125,0.0,1.0,95,False,False,
2022-04-23,BRENT,gold,60,1.0,0.0,125,0.0,1.0,65,False,False,
2022-04-23,SP500,oil,1,1.0,0.0,125,0.0,1.0,124,False,False,
2022-04-23,SP500,oil,7,1.0,0.0,125,0.0,1.0,118,False,False,
2022-04-23,SP500,oil,14,1.0,0.0,125,0.0,1.0,111,False,False,
2022-04-23,SP500,oil,30,1.0,0.0,125,0.0,1.0,95,False,False,
2022-04-23,SP500,oil,60,1.0,0.0,125,0.0,1.0,65,False,False,
2022-04-23,SP500,rate,1,1.0,0.0,125,0.0,1.0,124,False,False,
2022-04-23,SP500,rate,7,1.0,0.0,125,0.0,1.0,118,False,False,
2022-04-23,SP500,rate,14,1.0,0.0,125,0.0,1.0,111,False,False,
2022-04-23,SP500,rate,30,1.0,0.0,125,0.0,1.0,95,False,False,
2022-04-23,SP500,rate,60,1.0,0.0,125,0.0,1.0,65,False,False,
2022-04-23,SP500,ruble,1,1.0,0.0,125,0.0,1.0,124,False,False,
2022-04-23,SP500,ruble,7,1.0,0.0,125,0.0,1.0,118,False,False,
2022-04-23,SP500,ruble,14,1.0,0.0,125,0.0,1.0,111,False,False,
2022-04-23,SP500,ruble,30,1.0,0.0,125,0.0,1.0,95,False,False,
2022-04-23,SP500,ruble,60,1.0,0.0,125,0.0,1.0,65,False,False,
2022-04-23,SP500,sanctions,1,1.0,0.0,125,0.0,1.0,124,False,False,
2022-04-23,SP500,sanctions,7,1.0,0.0,125,0.0,1.0,118,False,False,
2022-04-23,SP500,sanctions,14,1.0,0.0,125,0.0,1.0,111,False,False,
2022-04-23,SP500,sanctions,30,1.0,0.0,125,0.0,1.0,95,False,False,
2022-04-23,SP500,sanctions,60,1.0,0.0,125,0.0,1.0,65,False,False,
2022-04-23,SP500,inflation,1,1.0,0.0,125,0.0,1.0,124,False,False,
2022-04-23,SP500,inflation,7,1.0,0.0,125,0.0,1.0,118,False,False,
2022-04-23,SP500,inflation,14,1.0,0.0,125,0.0,1.0,111,False,False,
2022-04-23,SP500,inflation,30,1.0,0.0,125,0.0,1.0,95,False,False,
2022-04-23,SP500,inflation,60,1.0,0.0,125,0.0,1.0,65,False,False,
2022-04-23,SP500,banking,1,1.0,0.0,125,0.0,1.0,124,False,False,
2022-04-23,SP500,banking,7,1.0,0.0,125,0.0,1.0,118,False,False,
2022-04-23,SP500,banking,14,1.0,0.0,125,0.0,1.0,111,False,False,
2022-04-23,SP500,banking,30,1.0,0.0,125,0.0,1.0,95,False,False,
2022-04-23,SP500,banking,60,1.0,0.0,125,0.0,1.0,65,False,False,
2022-04-23,SP500,gold,1,1.0,0.0,125,0.0,1.0,124,False,False,
2022-04-23,SP500,gold,7,1.0,0.0,125,0.0,1.0,118,False,False,
2022-04-23,SP500,gold,14,1.0,0.0,125,0.0,1.0,111,False,False,
2022-04-23,SP500,gold,30,1.0,0.0,125,0.0,1.0,95,False,False,
2022-04-23,SP500,gold,60,1.0,0.0,125,0.0,1.0,65,False,False,
2022-04-23,MSCI_WORLD,oil,1,1.0,0.0,125,0.0,1.0,124,False,False,
2022-04-23,MSCI_WORLD,oil,7,1.0,0.0,125,0.0,1.0,118,False,False,
2022-04-23,MSCI_WORLD,oil,14,1.0,0.0,125,0.0,1.0,111,False,False,
2022-04-23,MSCI_WORLD,oil,30,1.0,0.0,125,0.0,1.0,95,False,False,
2022-04-23,MSCI_WORLD,oil,60,1.0,0.0,125,0.0,1.0,65,False,False,
2022-04-23,MSCI_WORLD,rate,1,1.0,0.0,125,0.0,1.0,124,False,False,
2022-04-23,MSCI_WORLD,rate,7,1.0,0.0,125,0.0,1.0,118,False,False,
2022-04-23,MSCI_WORLD,rate,14,1.0,0.0,125,0.0,1.0,111,False,False,
2022-04-23,MSCI_WORLD,rate,30,1.0,0.0,125,0.0,1.0,95,False,False,
2022-04-23,MSCI_WORLD,rate,60,1.0,0.0,125,0.0,1.0,65,False,False,
2022-04-23,MSCI_WORLD,ruble,1,1.0,0.0,125,0.0,1.0,124,False,False,
2022-04-23,MSCI_WORLD,ruble,7,1.0,0.0,125,0.0,1.0,118,False,False,
2022-04-23,MSCI_WORLD,ruble,14,1.0,0.0,125,0.0,1.0,111,False,False,
2022-04-23,MSCI_WORLD,ruble,30,1.0,0.0,125,0.0,1.0,95,False,False,
2022-04-23,MSCI_WORLD,ruble,60,1.0,0.0,125,0.0,1.0,65,False,False,
2022-04-23,MSCI_WORLD,sanctions,1,1.0,0.0,125,0.0,1.0,124,False,False,
2022-04-23,MSCI_WORLD,sanctions,7,1.0,0.0,125,0.0,1.0,118,False,False,
2022-04-23,MSCI_WORLD,sanctions,14,1.0,0.0,125,0.0,1.0,111,False,False,
2022-04-23,MSCI_WORLD,sanctions,30,1.0,0.0,125,0.0,1.0,95,False,False,
2022-04-23,MSCI_WORLD,sanctions,60,1.0,0.0,125,0.0,1.0,65,False,False,
2022-04-23,MSCI_WORLD,inflation,1,1.0,0.0,125,0.0,1.0,124,False,False,
2022-04-23,MSCI_WORLD,inflation,7,1.0,0.0,125,0.0,1.0,118,False,False,
2022-04-23,MSCI_WORLD,inflation,14,1.0,0.0,125,0.0,1.0,111,False,False,
2022-04-23,MSCI_WORLD,inflation,30,1.0,0.0,125,0.0,1.0,95,False,False,
2022-04-23,MSCI_WORLD,inflation,60,1.0,0.0,125,0.0,1.0,65,False,False,
2022-04-23,MSCI_WORLD,banking,1,1.0,0.0,125,0.0,1.0,124,False,False,
2022-04-23,MSCI_WORLD,banking,7,1.0,0.0,125,0.0,1.0,118,False,False,
2022-04-23,MSCI_WORLD,banking,14,1.0,0.0,125,0.0,1.0,111,False,False,
2022-04-23,MSCI_WORLD,banking,30,1.0,0.0,125,0.0,1.0,95,False,False,
2022-04-23,MSCI_WORLD,banking,60,1.0,0.0,125,0.0,1.0,65,False,False,
2022-04-23,MSCI_WORLD,gold,1,1.0,0.0,125,0.0,1.0,124,False,False,
2022-04-23,MSCI_WORLD,gold,7,1.0,0.0,125,0.0,1.0,118,False,False,
2022-04-23,MSCI_WORLD,gold,14,1.0,0.0,125,0.0,1.0,111,False,False,
2022-04-23,MSCI_WORLD,gold,30,1.0,0.0,125,0.0,1.0,95,False,False,
2022-04-23,MSCI_WORLD,gold,60,1.0,0.0,125,0.0,1.0,65,False,False,
2022-04-23,DXY,oil,1,1.0,0.0,125,0.0,1.0,124,False,False,
2022-04-23,DXY,oil,7,1.0,0.0,125,0.0,1.0,118,False,False,
2022-04-23,DXY,oil,14,1.0,0.0,125,0.0,1.0,111,False,False,
2022-04-23,DXY,oil,30,1.0,0.0,125,0.0,1.0,95,False,False,
2022-04-23,DXY,oil,60,1.0,0.0,125,0.0,1.0,65,False,False,
2022-04-23,DXY,rate,1,1.0,0.0,125,0.0,1.0,124,False,False,
2022-04-23,DXY,rate,7,1.0,0.0,125,0.0,1.0,118,False,False,
2022-04-23,DXY,rate,14,1.0,0.0,125,0.0,1.0,111,False,False,
2022-04-23,DXY,rate,30,1.0,0.0,125,0.0,1.0,95,False,False,
2022-04-23,DXY,rate,60,1.0,0.0,125,0.0,1.0,65,False,False,
2022-04-23,DXY,ruble,1,1.0,0.0,125,0.0,1.0,124,False,False,
2022-04-23,DXY,ruble,7,1.0,0.0,125,0.0,1.0,118,False,False,
2022-04-23,DXY,ruble,14,1.0,0.0,125,0.0,1.0,111,False,False,
2022-04-23,DXY,ruble,30,1.0,0.0,125,0.0,1.0,95,False,False,
2022-04-23,DXY,ruble,60,1.0,0.0,125,0.0,1.0,65,False,False,
2022-04-23,DXY,sanctions,1,1.0,0.0,125,0.0,1.0,124,False,False,
2022-04-23,DXY,sanctions,7,1.0,0.0,125,0.0,1.0,118,False,False,
2022-04-23,DXY,sanctions,14,1.0,0.0,125,0.0,1.0,111,False,False,
2022-04-23,DXY,sanctions,30,1.0,0.0,125,0.0,1.0,95,False,False,
2022-04-23,DXY,sanctions,60,1.0,0.0,125,0.0,1.0,65,False,False,
2022-04-23,DXY,inflation,1,1.0,0.0,125,0.0,1.0,124,False,False,
2022-04-23,DXY,inflation,7,1.0,0.0,125,0.0,1.0,118,False,False,
2022-04-23,DXY,inflation,14,1.0,0.0,125,0.0,1.0,111,False,False,
2022-04-23,DXY,inflation,30,1.0,0.0,125,0.0,1.0,95,False,False,
2022-04-23,DXY,inflation,60,1.0,0.0,125,0.0,1.0,65,False,False,
2022-04-23,DXY,banking,1,1.0,0.0,125,0.0,1.0,124,False,False,
2022-04-23,DXY,banking,7,1.0,0.0,125,0.0,1.0,118,False,False,
2022-04-23,DXY,banking,14,1.0,0.0,125,0.0,1.0,111,False,False,
2022-04-23,DXY,banking,30,1.0,0.0,125,0.0,1.0,95,False,False,
2022-04-23,DXY,banking,60,1.0,0.0,125,0.0,1.0,65,False,False,
2022-04-23,DXY,gold,1,1.0,0.0,125,0.0,1.0,124,False,False,
2022-04-23,DXY,gold,7,1.0,0.0,125,0.0,1.0,118,False,False,
2022-04-23,DXY,gold,14,1.0,0.0,125,0.0,1.0,111,False,False,
2022-04-23,DXY,gold,30,1.0,0.0,125,0.0,1.0,95,False,False,
2022-04-23,DXY,gold,60,1.0,0.0,125,0.0,1.0,65,False,False,
2022-04-23,MSCI_INDIA,oil,1,1.0,0.0,125,0.0,1.0,124,False,False,
2022-04-23,MSCI_INDIA,oil,7,1.0,0.0,125,0.0,1.0,118,False,False,
2022-04-23,MSCI_INDIA,oil,14,1.0,0.0,125,0.0,1.0,111,False,False,
2022-04-23,MSCI_INDIA,oil,30,1.0,0.0,125,0.0,1.0,95,False,False,
2022-04-23,MSCI_INDIA,oil,60,1.0,0.0,125,0.0,1.0,65,False,False,
2022-04-23,MSCI_INDIA,rate,1,1.0,0.0,125,0.0,1.0,124,False,False,
2022-04-23,MSCI_INDIA,rate,7,1.0,0.0,125,0.0,1.0,118,False,False,
2022-04-23,MSCI_INDIA,rate,14,1.0,0.0,125,0.0,1.0,111,False,False,
2022-04-23,MSCI_INDIA,rate,30,1.0,0.0,125,0.0,1.0,95,False,False,
2022-04-23,MSCI_INDIA,rate,60,1.0,0.0,125,0.0,1.0,65,False,False,
2022-04-23,MSCI_INDIA,ruble,1,1.0,0.0,125,0.0,1.0,124,False,False,
2022-04-23,MSCI_INDIA,ruble,7,1.0,0.0,125,0.0,1.0,118,False,False,
2022-04-23,MSCI_INDIA,ruble,14,1.0,0.0,125,0.0,1.0,111,False,False,
2022-04-23,MSCI_INDIA,ruble,30,1.0,0.0,125,0.0,1.0,95,False,False,
2022-04-23,MSCI_INDIA,ruble,60,1.0,0.0,125,0.0,1.0,65,False,False,
2022-04-23,MSCI_INDIA,sanctions,1,1.0,0.0,125,0.0,1.0,124,False,False,
2022-04-23,MSCI_INDIA,sanctions,7,1.0,0.0,125,0.0,1.0,118,False,False,
2022-04-23,MSCI_INDIA,sanctions,14,1.0,0.0,125,0.0,1.0,111,False,False,
2022-04-23,MSCI_INDIA,sanctions,30,1.0,0.0,125,0.0,1.0,95,False,False,
2022-04-23,MSCI_INDIA,sanctions,60,1.0,0.0,125,0.0,1.0,65,False,False,
2022-04-23,MSCI_INDIA,inflation,1,1.0,0.0,125,0.0,1.0,124,False,False,
2022-04-23,MSCI_INDIA,inflation,7,1.0,0.0,125,0.0,1.0,118,False,False,
2022-04-23,MSCI_INDIA,inflation,14,1.0,0.0,125,0.0,1.0,111,False,False,
2022-04-23,MSCI_INDIA,inflation,30,1.0,0.0,125,0.0,1.0,95,False,False,
2022-04-23,MSCI_INDIA,inflation,60,1.0,0.0,125,0.0,1.0,65,False,False,
2022-04-23,MSCI_INDIA,banking,1,1.0,0.0,125,0.0,1.0,124,False,False,
2022-04-23,MSCI_INDIA,banking,7,1.0,0.0,125,0.0,1.0,118,False,False,
2022-04-23,MSCI_INDIA,banking,14,1.0,0.0,125,0.0,1.0,111,False,False,
2022-04-23,MSCI_INDIA,banking,30,1.0,0.0,125,0.0,1.0,95,False,False,
2022-04-23,MSCI_INDIA,banking,60,1.0,0.0,125,0.0,1.0,65,False,False,
2022-04-23,MSCI_INDIA,gold,1,1.0,0.0,125,0.0,1.0,124,False,False,
2022-04-23,MSCI_INDIA,gold,7,1.0,0.0,125,0.0,1.0,118,False,False,
2022-04-23,MSCI_INDIA,gold,14,1.0,0.0,125,0.0,1.0,111,False,False,
2022-04-23,MSCI_INDIA,gold,30,1.0,0.0,125,0.0,1.0,95,False,False,
2022-04-23,MSCI_INDIA,gold,60,1.0,0.0,125,0.0,1.0,65,False,False,
2022-04-26,USD_RUB,oil,1,1.0,0.0,125,0.0,1.0,124,False,False,
2022-04-26,USD_RUB,oil,7,1.0,0.0,125,0.0,1.0,118,False,False,
2022-04-26,USD_RUB,oil,14,1.0,0.0,125,0.0,1.0,111,False,False,
2022-04-26,USD_RUB,oil,30,1.0,0.0,125,0.0,1.0,95,False,False,
2022-04-26,USD_RUB,oil,60,1.0,0.0,125,0.0,1.0,65,False,False,
2022-04-26,USD_RUB,rate,1,1.0,0.0,125,0.0,1.0,124,False,False,
2022-04-26,USD_RUB,rate,7,1.0,0.0,125,0.0,1.0,118,False,False,
2022-04-26,USD_RUB,rate,14,1.0,0.0,125,0.0,1.0,111,False,False,
2022-04-26,USD_RUB,rate,30,1.0,0.0,125,0.0,1.0,95,False,False,
2022-04-26,USD_RUB,rate,60,1.0,0.0,125,0.0,1.0,65,False,False,
2022-04-26,USD_RUB,ruble,1,1.0,0.0,125,0.0,1.0,124,False,False,
2022-04-26,USD_RUB,ruble,7,1.0,0.0,125,0.0,1.0,118,False,False,
2022-04-26,USD_RUB,ruble,14,1.0,0.0,125,0.0,1.0,111,False,False,
2022-04-26,USD_RUB,ruble,30,1.0,0.0,125,0.0,1.0,95,False,False,
2022-04-26,USD_RUB,ruble,60,1.0,0.0,125,0.0,1.0,65,False,False,
2022-04-26,USD_RUB,sanctions,1,1.0,0.0,125,0.0,1.0,124,False,False,
2022-04-26,USD_RUB,sanctions,7,1.0,0.0,125,0.0,1.0,118,False,False,
2022-04-26,USD_RUB,sanctions,14,1.0,0.0,125,0.0,1.0,111,False,False,
2022-04-26,USD_RUB,sanctions,30,1.0,0.0,125,0.0,1.0,95,False,False,
2022-04-26,USD_RUB,sanctions,60,1.0,0.0,125,0.0,1.0,65,False,False,
2022-04-26,USD_RUB,inflation,1,1.0,0.0,125,0.0,1.0,124,False,False,
2022-04-26,USD_RUB,inflation,7,1.0,0.0,125,0.0,1.0,118,False,False,
2022-04-26,USD_RUB,inflation,14,1.0,0.0,125,0.0,1.0,111,False,False,
2022-04-26,USD_RUB,inflation,30,1.0,0.0,125,0.0,1.0,95,False,False,
2022-04-26,USD_RUB,inflation,60,1.0,0.0,125,0.0,1.0,65,False,False,
2022-04-26,USD_RUB,banking,1,1.0,0.0,125,0.0,1.0,124,False,False,
2022-04-26,USD_RUB,banking,7,1.0,0.0,125,0.0,1.0,118,False,False,
2022-04-26,USD_RUB,banking,14,1.0,0.0,125,0.0,1.0,111,False,False,
2022-04-26,USD_RUB,banking,30,1.0,0.0,125,0.0,1.0,95,False,False,
2022-04-26,USD_RUB,banking,60,1.0,0.0,125,0.0,1.0,65,False,False,
2022-04-26,USD_RUB,gold,1,1.0,0.0,125,0.0,1.0,124,False,False,
2022-04-26,USD_RUB,gold,7,1.0,0.0,125,0.0,1.0,118,False,False,
2022-04-26,USD_RUB,gold,14,1.0,0.0,125,0.0,1.0,111,False,False,
2022-04-26,USD_RUB,gold,30,1.0,0.0,125,0.0,1.0,95,False,False,
2022-04-26,USD_RUB,gold,60,1.0,0.0,125,0.0,1.0,65,False,False,
2022-04-26,EUR_RUB,oil,1,1.0,0.0,125,0.0,1.0,124,False,False,
2022-04-26,EUR_RUB,oil,7,1.0,0.0,125,0.0,1.0,118,False,False,
2022-04-26,EUR_RUB,oil,14,1.0,0.0,125,0.0,1.0,111,False,False,
2022-04-26,EUR_RUB,oil,30,1.0,0.0,125,0.0,1.0,95,False,False,
2022-04-26,EUR_RUB,oil,60,1.0,0.0,125,0.0,1.0,65,False,False,
2022-04-26,EUR_RUB,rate,1,1.0,0.0,125,0.0,1.0,124,False,False,
2022-04-26,EUR_RUB,rate,7,1.0,0.0,125,0.0,1.0,118,False,False,
2022-04-26,EUR_RUB,rate,14,1.0,0.0,125,0.0,1.0,111,False,False,
2022-04-26,EUR_RUB,rate,30,1.0,0.0,125,0.0,1.0,95,False,False,
2022-04-26,EUR_RUB,rate,60,1.0,0.0,125,0.0,1.0,65,False,False,
2022-04-26,EUR_RUB,ruble,1,1.0,0.0,125,0.0,1.0,124,False,False,
2022-04-26,EUR_RUB,ruble,7,1.0,0.0,125,0.0,1.0,118,False,False,
2022-04-26,EUR_RUB,ruble,14,1.0,0.0,125,0.0,1.0,111,False,False,
2022-04-26,EUR_RUB,ruble,30,1.0,0.0,125,0.0,1.0,95,False,False,
2022-04-26,EUR_RUB,ruble,60,1.0,0.0,125,0.0,1.0,65,False,False,
2022-04-26,EUR_RUB,sanctions,1,1.0,0.0,125,0.0,1.0,124,False,False,
2022-04-26,EUR_RUB,sanctions,7,1.0,0.0,125,0.0,1.0,118,False,False,
2022-04-26,EUR_RUB,sanctions,14,1.0,0.0,125,0.0,1.0,111,False,False,
2022-04-26,EUR_RUB,sanctions,30,1.0,0.0,125,0.0,1.0,95,False,False,
2022-04-26,EUR_RUB,sanctions,60,1.0,0.0,125,0.0,1.0,65,False,False,
2022-04-26,EUR_RUB,inflation,1,1.0,0.0,125,0.0,1.0,124,False,False,
2022-04-26,EUR_RUB,inflation,7,1.0,0.0,125,0.0,1.0,118,False,False,
2022-04-26,EUR_RUB,inflation,14,1.0,0.0,125,0.0,1.0,111,False,False,
2022-04-26,EUR_RUB,inflation,30,1.0,0.0,125,0.0,1.0,95,False,False,
2022-04-26,EUR_RUB,inflation,60,1.0,0.0,125,0.0,1.0,65,False,False,
2022-04-26,EUR_RUB,banking,1,1.0,0.0,125,0.0,1.0,124,False,False,
2022-04-26,EUR_RUB,banking,7,1.0,0.0,125,0.0,1.0,118,False,False,
2022-04-26,EUR_RUB,banking,14,1.0,0.0,125,0.0,1.0,111,False,False,
2022-04-26,EUR_RUB,banking,30,1.0,0.0,125,0.0,1.0,95,False,False,
2022-04-26,EUR_RUB,banking,60,1.0,0.0,125,0.0,1.0,65,False,False,
2022-04-26,EUR_RUB,gold,1,1.0,0.0,125,0.0,1.0,124,False,False,
2022-04-26,EUR_RUB,gold,7,1.0,0.0,125,0.0,1.0,118,False,False,
2022-04-26,EUR_RUB,gold,14,1.0,0.0,125,0.0,1.0,111,False,False,
2022-04-26,EUR_RUB,gold,30,1.0,0.0,125,0.0,1.0,95,False,False,
2022-04-26,EUR_RUB,gold,60,1.0,0.0,125,0.0,1.0,65,False,False,
2022-04-26,BRENT,oil,1,1.0,0.0,125,0.0,1.0,124,False,False,
2022-04-26,BRENT,oil,7,1.0,0.0,125,0.0,1.0,118,False,False,
2022-04-26,BRENT,oil,14,1.0,0.0,125,0.0,1.0,111,False,False,
2022-04-26,BRENT,oil,30,1.0,0.0,125,0.0,1.0,95,False,False,
2022-04-26,BRENT,oil,60,1.0,0.0,125,0.0,1.0,65,False,False,
2022-04-26,BRENT,rate,1,1.0,0.0,125,0.0,1.0,124,False,False,
2022-04-26,BRENT,rate,7,1.0,0.0,125,0.0,1.0,118,False,False,
2022-04-26,BRENT,rate,14,1.0,0.0,125,0.0,1.0,111,False,False,
2022-04-26,BRENT,rate,30,1.0,0.0,125,0.0,1.0,95,False,False,
2022-04-26,BRENT,rate,60,1.0,0.0,125,0.0,1.0,65,False,False,
2022-04-26,BRENT,ruble,1,1.0,0.0,125,0.0,1.0,124,False,False,
2022-04-26,BRENT,ruble,7,1.0,0.0,125,0.0,1.0,118,False,False,
2022-04-26,BRENT,ruble,14,1.0,0.0,125,0.0,1.0,111,False,False,
2022-04-26,BRENT,ruble,30,1.0,0.0,125,0.0,1.0,95,False,False,
2022-04-26,BRENT,ruble,60,1.0,0.0,125,0.0,1.0,65,False,False,
2022-04-26,BRENT,sanctions,1,1.0,0.0,125,0.0,1.0,124,False,False,
2022-04-26,BRENT,sanctions,7,1.0,0.0,125,0.0,1.0,118,False,False,
2022-04-26,BRENT,sanctions,14,1.0,0.0,125,0.0,1.0,111,False,False,
2022-04-26,BRENT,sanctions,30,1.0,0.0,125,0.0,1.0,95,False,False,
2022-04-26,BRENT,sanctions,60,1.0,0.0,125,0.0,1.0,65,False,False,
2022-04-26,BRENT,inflation,1,1.0,0.0,125,0.0,1.0,124,False,False,
2022-04-26,BRENT,inflation,7,1.0,0.0,125,0.0,1.0,118,False,False,
2022-04-26,BRENT,inflation,14,1.0,0.0,125,0.0,1.0,111,False,False,
2022-04-26,BRENT,inflation,30,1.0,0.0,125,0.0,1.0,95,False,False,
2022-04-26,BRENT,inflation,60,1.0,0.0,125,0.0,1.0,65,False,False,
2022-04-26,BRENT,banking,1,1.0,0.0,125,0.0,1.0,124,False,False,
2022-04-26,BRENT,banking,7,1.0,0.0,125,0.0,1.0,118,False,False,
2022-04-26,BRENT,banking,14,1.0,0.0,125,0.0,1.0,111,False,False,
2022-04-26,BRENT,banking,30,1.0,0.0,125,0.0,1.0,95,False,False,
2022-04-26,BRENT,banking,60,1.0,0.0,125,0.0,1.0,65,False,False,
2022-04-26,BRENT,gold,1,1.0,0.0,125,0.0,1.0,124,False,False,
2022-04-26,BRENT,gold,7,1.0,0.0,125,0.0,1.0,118,False,False,
2022-04-26,BRENT,gold,14,1.0,0.0,125,0.0,1.0,111,False,False,
2022-04-26,BRENT,gold,30,1.0,0.0,125,0.0,1.0,95,False,False,
2022-04-26,BRENT,gold,60,1.0,0.0,125,0.0,1.0,65,False,False,
2022-04-26,SP500,oil,1,1.0,0.0,125,0.0,1.0,124,False,False,
2022-04-26,SP500,oil,7,1.0,0.0,125,0.0,1.0,118,False,False,
2022-04-26,SP500,oil,14,1.0,0.0,125,0.0,1.0,111,False,False,
2022-04-26,SP500,oil,30,1.0,0.0,125,0.0,1.0,95,False,False,
2022-04-26,SP500,oil,60,1.0,0.0,125,0.0,1.0,65,False,False,
2022-04-26,SP500,rate,1,1.0,0.0,125,0.0,1.0,124,False,False,
2022-04-26,SP500,rate,7,1.0,0.0,125,0.0,1.0,118,False,False,
2022-04-26,SP500,rate,14,1.0,0.0,125,0.0,1.0,111,False,False,
2022-04-26,SP500,rate,30,1.0,0.0,125,0.0,1.0,95,False,False,
2022-04-26,SP500,rate,60,1.0,0.0,125,0.0,1.0,65,False,False,
2022-04-26,SP500,ruble,1,1.0,0.0,125,0.0,1.0,124,False,False,
2022-04-26,SP500,ruble,7,1.0,0.0,125,0.0,1.0,118,False,False,
2022-04-26,SP500,ruble,14,1.0,0.0,125,0.0,1.0,111,False,False,
2022-04-26,SP500,ruble,30,1.0,0.0,125,0.0,1.0,95,False,False,
2022-04-26,SP500,ruble,60,1.0,0.0,125,0.0,1.0,65,False,False,
2022-04-26,SP500,sanctions,1,1.0,0.0,125,0.0,1.0,124,False,False,
2022-04-26,SP500,sanctions,7,1.0,0.0,125,0.0,1.0,118,False,False,
2022-04-26,SP500,sanctions,14,1.0,0.0,125,0.0,1.0,111,False,False,
2022-04-26,SP500,sanctions,30,1.0,0.0,125,0.0,1.0,95,False,False,
2022-04-26,SP500,sanctions,60,1.0,0.0,125,0.0,1.0,65,False,False,
2022-04-26,SP500,inflation,1,1.0,0.0,125,0.0,1.0,124,False,False,
2022-04-26,SP500,inflation,7,1.0,0.0,125,0.0,1.0,118,False,False,
2022-04-26,SP500,inflation,14,1.0,0.0,125,0.0,1.0,111,False,False,
2022-04-26,SP500,inflation,30,1.0,0.0,125,0.0,1.0,95,False,False,
2022-04-26,SP500,inflation,60,1.0,0.0,125,0.0,1.0,65,False,False,
2022-04-26,SP500,banking,1,1.0,0.0,125,0.0,1.0,124,False,False,
2022-04-26,SP500,banking,7,1.0,0.0,125,0.0,1.0,118,False,False,
2022-04-26,SP500,banking,14,1.0,0.0,125,0.0,1.0,111,False,False,
2022-04-26,SP500,banking,30,1.0,0.0,125,0.0,1.0,95,False,False,
2022-04-26,SP500,banking,60,1.0,0.0,125,0.0,1.0,65,False,False,
2022-04-26,SP500,gold,1,1.0,0.0,125,0.0,1.0,124,False,False,
2022-04-26,SP500,gold,7,1.0,0.0,125,0.0,1.0,118,False,False,
2022-04-26,SP500,gold,14,1.0,0.0,125,0.0,1.0,111,False,False,
2022-04-26,SP500,gold,30,1.0,0.0,125,0.0,1.0,95,False,False,
2022-04-26,SP500,gold,60,1.0,0.0,125,0.0,1.0,65,False,False,
2022-04-26,MSCI_WORLD,oil,1,1.0,0.0,125,0.0,1.0,124,False,False,
2022-04-26,MSCI_WORLD,oil,7,1.0,0.0,125,0.0,1.0,118,False,False,
2022-04-26,MSCI_WORLD,oil,14,1.0,0.0,125,0.0,1.0,111,False,False,
2022-04-26,MSCI_WORLD,oil,30,1.0,0.0,125,0.0,1.0,95,False,False,
2022-04-26,MSCI_WORLD,oil,60,1.0,0.0,125,0.0,1.0,65,False,False,
2022-04-26,MSCI_WORLD,rate,1,1.0,0.0,125,0.0,1.0,124,False,False,
2022-04-26,MSCI_WORLD,rate,7,1.0,0.0,125,0.0,1.0,118,False,False,
2022-04-26,MSCI_WORLD,rate,14,1.0,0.0,125,0.0,1.0,111,False,False,
2022-04-26,MSCI_WORLD,rate,30,1.0,0.0,125,0.0,1.0,95,False,False,
2022-04-26,MSCI_WORLD,rate,60,1.0,0.0,125,0.0,1.0,65,False,False,
2022-04-26,MSCI_WORLD,ruble,1,1.0,0.0,125,0.0,1.0,124,False,False,
2022-04-26,MSCI_WORLD,ruble,7,1.0,0.0,125,0.0,1.0,118,False,False,
2022-04-26,MSCI_WORLD,ruble,14,1.0,0.0,125,0.0,1.0,111,False,False,
2022-04-26,MSCI_WORLD,ruble,30,1.0,0.0,125,0.0,1.0,95,False,False,
2022-04-26,MSCI_WORLD,ruble,60,1.0,0.0,125,0.0,1.0,65,False,False,
2022-04-26,MSCI_WORLD,sanctions,1,1.0,0.0,125,0.0,1.0,124,False,False,
2022-04-26,MSCI_WORLD,sanctions,7,1.0,0.0,125,0.0,1.0,118,False,False,
2022-04-26,MSCI_WORLD,sanctions,14,1.0,0.0,125,0.0,1.0,111,False,False,
2022-04-26,MSCI_WORLD,sanctions,30,1.0,0.0,125,0.0,1.0,95,False,False,
2022-04-26,MSCI_WORLD,sanctions,60,1.0,0.0,125,0.0,1.0,65,False,False,
2022-04-26,MSCI_WORLD,inflation,1,1.0,0.0,125,0.0,1.0,124,False,False,
2022-04-26,MSCI_WORLD,inflation,7,1.0,0.0,125,0.0,1.0,118,False,False,
2022-04-26,MSCI_WORLD,inflation,14,1.0,0.0,125,0.0,1.0,111,False,False,
2022-04-26,MSCI_WORLD,inflation,30,1.0,0.0,125,0.0,1.0,95,False,False,
2022-04-26,MSCI_WORLD,inflation,60,1.0,0.0,125,0.0,1.0,65,False,False,
2022-04-26,MSCI_WORLD,banking,1,1.0,0.0,125,0.0,1.0,124,False,False,
2022-04-26,MSCI_WORLD,banking,7,1.0,0.0,125,0.0,1.0,118,False,False,
2022-04-26,MSCI_WORLD,banking,14,1.0,0.0,125,0.0,1.0,111,False,False,
2022-04-26,MSCI_WORLD,banking,30,1.0,0.0,125,0.0,1.0,95,False,False,
2022-04-26,MSCI_WORLD,banking,60,1.0,0.0,125,0.0,1.0,65,False,False,
2022-04-26,MSCI_WORLD,gold,1,1.0,0.0,125,0.0,1.0,124,False,False,
2022-04-26,MSCI_WORLD,gold,7,1.0,0.0,125,0.0,1.0,118,False,False,
2022-04-26,MSCI_WORLD,gold,14,1.0,0.0,125,0.0,1.0,111,False,False,
2022-04-26,MSCI_WORLD,gold,30,1.0,0.0,125,0.0,1.0,95,False,False,
2022-04-26,MSCI_WORLD,gold,60,1.0,0.0,125,0.0,1.0,65,False,False,
2022-04-26,DXY,oil,1,1.0,0.0,125,0.0,1.0,124,False,False,
2022-04-26,DXY,oil,7,1.0,0.0,125,0.0,1.0,118,False,False,
2022-04-26,DXY,oil,14,1.0,0.0,125,0.0,1.0,111,False,False,
2022-04-26,DXY,oil,30,1.0,0.0,125,0.0,1.0,95,False,False,
2022-04-26,DXY,oil,60,1.0,0.0,125,0.0,1.0,65,False,False,
2022-04-26,DXY,rate,1,1.0,0.0,125,0.0,1.0,124,False,False,
2022-04-26,DXY,rate,7,1.0,0.0,125,0.0,1.0,118,False,False,
2022-04-26,DXY,rate,14,1.0,0.0,125,0.0,1.0,111,False,False,
2022-04-26,DXY,rate,30,1.0,0.0,125,0.0,1.0,95,False,False,
2022-04-26,DXY,rate,60,1.0,0.0,125,0.0,1.0,65,False,False,
2022-04-26,DXY,ruble,1,1.0,0.0,125,0.0,1.0,124,False,False,
2022-04-26,DXY,ruble,7,1.0,0.0,125,0.0,1.0,118,False,False,
2022-04-26,DXY,ruble,14,1.0,0.0,125,0.0,1.0,111,False,False,
2022-04-26,DXY,ruble,30,1.0,0.0,125,0.0,1.0,95,False,False,
2022-04-26,DXY,ruble,60,1.0,0.0,125,0.0,1.0,65,False,False,
2022-04-26,DXY,sanctions,1,1.0,0.0,125,0.0,1.0,124,False,False,
2022-04-26,DXY,sanctions,7,1.0,0.0,125,0.0,1.0,118,False,False,
2022-04-26,DXY,sanctions,14,1.0,0.0,125,0.0,1.0,111,False,False,
2022-04-26,DXY,sanctions,30,1.0,0.0,125,0.0,1.0,95,False,False,
2022-04-26,DXY,sanctions,60,1.0,0.0,125,0.0,1.0,65,False,False,
2022-04-26,DXY,inflation,1,1.0,0.0,125,0.0,1.0,124,False,False,
2022-04-26,DXY,inflation,7,1.0,0.0,125,0.0,1.0,118,False,False,
2022-04-26,DXY,inflation,14,1.0,0.0,125,0.0,1.0,111,False,False,
2022-04-26,DXY,inflation,30,1.0,0.0,125,0.0,1.0,95,False,False,
2022-04-26,DXY,inflation,60,1.0,0.0,125,0.0,1.0,65,False,False,
2022-04-26,DXY,banking,1,1.0,0.0,125,0.0,1.0,124,False,False,
2022-04-26,DXY,banking,7,1.0,0.0,125,0.0,1.0,118,False,False,
2022-04-26,DXY,banking,14,1.0,0.0,125,0.0,1.0,111,False,False,
2022-04-26,DXY,banking,30,1.0,0.0,125,0.0,1.0,95,False,False,
2022-04-26,DXY,banking,60,1.0,0.0,125,0.0,1.0,65,False,False,
2022-04-26,DXY,gold,1,1.0,0.0,125,0.0,1.0,124,False,False,
2022-04-26,DXY,gold,7,1.0,0.0,125,0.0,1.0,118,False,False,
2022-04-26,DXY,gold,14,1.0,0.0,125,0.0,1.0,111,False,False,
2022-04-26,DXY,gold,30,1.0,0.0,125,0.0,1.0,95,False,False,
2022-04-26,DXY,gold,60,1.0,0.0,125,0.0,1.0,65,False,False,
2022-04-26,MSCI_INDIA,oil,1,1.0,0.0,125,0.0,1.0,124,False,False,
2022-04-26,MSCI_INDIA,oil,7,1.0,0.0,125,0.0,1.0,118,False,False,
2022-04-26,MSCI_INDIA,oil,14,1.0,0.0,125,0.0,1.0,111,False,False,
2022-04-26,MSCI_INDIA,oil,30,1.0,0.0,125,0.0,1.0,95,False,False,
2022-04-26,MSCI_INDIA,oil,60,1.0,0.0,125,0.0,1.0,65,False,False,
2022-04-26,MSCI_INDIA,rate,1,1.0,0.0,125,0.0,1.0,124,False,False,
2022-04-26,MSCI_INDIA,rate,7,1.0,0.0,125,0.0,1.0,118,False,False,
2022-04-26,MSCI_INDIA,rate,14,1.0,0.0,125,0.0,1.0,111,False,False,
2022-04-26,MSCI_INDIA,rate,30,1.0,0.0,125,0.0,1.0,95,False,False,
2022-04-26,MSCI_INDIA,rate,60,1.0,0.0,125,0.0,1.0,65,False,False,
2022-04-26,MSCI_INDIA,ruble,1,1.0,0.0,125,0.0,1.0,124,False,False,
2022-04-26,MSCI_INDIA,ruble,7,1.0,0.0,125,0.0,1.0,118,False,False,
2022-04-26,MSCI_INDIA,ruble,14,1.0,0.0,125,0.0,1.0,111,False,False,
2022-04-26,MSCI_INDIA,ruble,30,1.0,0.0,125,0.0,1.0,95,False,False,
2022-04-26,MSCI_INDIA,ruble,60,1.0,0.0,125,0.0,1.0,65,False,False,
2022-04-26,MSCI_INDIA,sanctions,1,1.0,0.0,125,0.0,1.0,124,False,False,
2022-04-26,MSCI_INDIA,sanctions,7,1.0,0.0,125,0.0,1.0,118,False,False,
2022-04-26,MSCI_INDIA,sanctions,14,1.0,0.0,125,0.0,1.0,111,False,False,
2022-04-26,MSCI_INDIA,sanctions,30,1.0,0.0,125,0.0,1.0,95,False,False,
2022-04-26,MSCI_INDIA,sanctions,60,1.0,0.0,125,0.0,1.0,65,False,False,
2022-04-26,MSCI_INDIA,inflation,1,1.0,0.0,125,0.0,1.0,124,False,False,
2022-04-26,MSCI_INDIA,inflation,7,1.0,0.0,125,0.0,1.0,118,False,False,
2022-04-26,MSCI_INDIA,inflation,14,1.0,0.0,125,0.0,1.0,111,False,False,
2022-04-26,MSCI_INDIA,inflation,30,1.0,0.0,125,0.0,1.0,95,False,False,
2022-04-26,MSCI_INDIA,inflation,60,1.0,0.0,125,0.0,1.0,65,False,False,
2022-04-26,MSCI_INDIA,banking,1,1.0,0.0,125,0.0,1.0,124,False,False,
2022-04-26,MSCI_INDIA,banking,7,1.0,0.0,125,0.0,1.0,118,False,False,
2022-04-26,MSCI_INDIA,banking,14,1.0,0.0,125,0.0,1.0,111,False,False,
2022-04-26,MSCI_INDIA,banking,30,1.0,0.0,125,0.0,1.0,95,False,False,
2022-04-26,MSCI_INDIA,banking,60,1.0,0.0,125,0.0,1.0,65,False,False,
2022-04-26,MSCI_INDIA,gold,1,1.0,0.0,125,0.0,1.0,124,False,False,
2022-04-26,MSCI_INDIA,gold,7,1.0,0.0,125,0.0,1.0,118,False,False,
2022-04-26,MSCI_INDIA,gold,14,1.0,0.0,125,0.0,1.0,111,False,False,
2022-04-26,MSCI_INDIA,gold,30,1.0,0.0,125,0.0,1.0,95,False,False,
2022-04-26,MSCI_INDIA,gold,60,1.0,0.0,125,0.0,1.0,65,False,False,
2022-04-29,USD_RUB,oil,1,1.0,0.0,125,0.0,1.0,124,False,False,
2022-04-29,USD_RUB,oil,7,1.0,0.0,125,0.0,1.0,118,False,False,
2022-04-29,USD_RUB,oil,14,1.0,0.0,125,0.0,1.0,111,False,False,
2022-04-29,USD_RUB,oil,30,1.0,0.0,125,0.0,1.0,95,False,False,
2022-04-29,USD_RUB,oil,60,1.0,0.0,125,0.0,1.0,65,False,False,
2022-04-29,USD_RUB,rate,1,1.0,0.0,125,0.0,1.0,124,False,False,
2022-04-29,USD_RUB,rate,7,1.0,0.0,125,0.0,1.0,118,False,False,
2022-04-29,USD_RUB,rate,14,1.0,0.0,125,0.0,1.0,111,False,False,
2022-04-29,USD_RUB,rate,30,1.0,0.0,125,0.0,1.0,95,False,False,
2022-04-29,USD_RUB,rate,60,1.0,0.0,125,0.0,1.0,65,False,False,
2022-04-29,USD_RUB,ruble,1,1.0,0.0,125,0.0,1.0,124,False,False,
2022-04-29,USD_RUB,ruble,7,1.0,0.0,125,0.0,1.0,118,False,False,
2022-04-29,USD_RUB,ruble,14,1.0,0.0,125,0.0,1.0,111,False,False,
2022-04-29,USD_RUB,ruble,30,1.0,0.0,125,0.0,1.0,95,False,False,
2022-04-29,USD_RUB,ruble,60,1.0,0.0,125,0.0,1.0,65,False,False,
2022-04-29,USD_RUB,sanctions,1,1.0,0.0,125,0.0,1.0,124,False,False,
2022-04-29,USD_RUB,sanctions,7,1.0,0.0,125,0.0,1.0,118,False,False,
2022-04-29,USD_RUB,sanctions,14,1.0,0.0,125,0.0,1.0,111,False,False,
2022-04-29,USD_RUB,sanctions,30,1.0,0.0,125,0.0,1.0,95,False,False,
2022-04-29,USD_RUB,sanctions,60,1.0,0.0,125,0.0,1.0,65,False,False,
2022-04-29,USD_RUB,inflation,1,1.0,0.0,125,0.0,1.0,124,False,False,
2022-04-29,USD_RUB,inflation,7,1.0,0.0,125,0.0,1.0,118,False,False,
2022-04-29,USD_RUB,inflation,14,1.0,0.0,125,0.0,1.0,111,False,False,
2022-04-29,USD_RUB,inflation,30,1.0,0.0,125,0.0,1.0,95,False,False,
2022-04-29,USD_RUB,inflation,60,1.0,0.0,125,0.0,1.0,65,False,False,
2022-04-29,USD_RUB,banking,1,1.0,0.0,125,0.0,1.0,124,False,False,
2022-04-29,USD_RUB,banking,7,1.0,0.0,125,0.0,1.0,118,False,False,
2022-04-29,USD_RUB,banking,14,1.0,0.0,125,0.0,1.0,111,False,False,
2022-04-29,USD_RUB,banking,30,1.0,0.0,125,0.0,1.0,95,False,False,
2022-04-29,USD_RUB,banking,60,1.0,0.0,125,0.0,1.0,65,False,False,
2022-04-29,USD_RUB,gold,1,1.0,0.0,125,0.0,1.0,124,False,False,
2022-04-29,USD_RUB,gold,7,1.0,0.0,125,0.0,1.0,118,False,False,
2022-04-29,USD_RUB,gold,14,1.0,0.0,125,0.0,1.0,111,False,False,
2022-04-29,USD_RUB,gold,30,1.0,0.0,125,0.0,1.0,95,False,False,
2022-04-29,USD_RUB,gold,60,1.0,0.0,125,0.0,1.0,65,False,False,
2022-04-29,EUR_RUB,oil,1,1.0,0.0,125,0.0,1.0,124,False,False,
2022-04-29,EUR_RUB,oil,7,1.0,0.0,125,0.0,1.0,118,False,False,
2022-04-29,EUR_RUB,oil,14,1.0,0.0,125,0.0,1.0,111,False,False,
2022-04-29,EUR_RUB,oil,30,1.0,0.0,125,0.0,1.0,95,False,False,
2022-04-29,EUR_RUB,oil,60,1.0,0.0,125,0.0,1.0,65,False,False,
2022-04-29,EUR_RUB,rate,1,1.0,0.0,125,0.0,1.0,124,False,False,
2022-04-29,EUR_RUB,rate,7,1.0,0.0,125,0.0,1.0,118,False,False,
2022-04-29,EUR_RUB,rate,14,1.0,0.0,125,0.0,1.0,111,False,False,
2022-04-29,EUR_RUB,rate,30,1.0,0.0,125,0.0,1.0,95,False,False,
2022-04-29,EUR_RUB,rate,60,1.0,0.0,125,0.0,1.0,65,False,False,
2022-04-29,EUR_RUB,ruble,1,1.0,0.0,125,0.0,1.0,124,False,False,
2022-04-29,EUR_RUB,ruble,7,1.0,0.0,125,0.0,1.0,118,False,False,
2022-04-29,EUR_RUB,ruble,14,1.0,0.0,125,0.0,1.0,111,False,False,
2022-04-29,EUR_RUB,ruble,30,1.0,0.0,125,0.0,1.0,95,False,False,
2022-04-29,EUR_RUB,ruble,60,1.0,0.0,125,0.0,1.0,65,False,False,
2022-04-29,EUR_RUB,sanctions,1,1.0,0.0,125,0.0,1.0,124,False,False,
2022-04-29,EUR_RUB,sanctions,7,1.0,0.0,125,0.0,1.0,118,False,False,
2022-04-29,EUR_RUB,sanctions,14,1.0,0.0,125,0.0,1.0,111,False,False,
2022-04-29,EUR_RUB,sanctions,30,1.0,0.0,125,0.0,1.0,95,False,False,
2022-04-29,EUR_RUB,sanctions,60,1.0,0.0,125,0.0,1.0,65,False,False,
2022-04-29,EUR_RUB,inflation,1,1.0,0.0,125,0.0,1.0,124,False,False,
2022-04-29,EUR_RUB,inflation,7,1.0,0.0,125,0.0,1.0,118,False,False,
2022-04-29,EUR_RUB,inflation,14,1.0,0.0,125,0.0,1.0,111,False,False,
2022-04-29,EUR_RUB,inflation,30,1.0,0.0,125,0.0,1.0,95,False,False,
2022-04-29,EUR_RUB,inflation,60,1.0,0.0,125,0.0,1.0,65,False,False,
2022-04-29,EUR_RUB,banking,1,1.0,0.0,125,0.0,1.0,124,False,False,
2022-04-29,EUR_RUB,banking,7,1.0,0.0,125,0.0,1.0,118,False,False,
2022-04-29,EUR_RUB,banking,14,1.0,0.0,125,0.0,1.0,111,False,False,
2022-04-29,EUR_RUB,banking,30,1.0,0.0,125,0.0,1.0,95,False,False,
2022-04-29,EUR_RUB,banking,60,1.0,0.0,125,0.0,1.0,65,False,False,
2022-04-29,EUR_RUB,gold,1,1.0,0.0,125,0.0,1.0,124,False,False,
2022-04-29,EUR_RUB,gold,7,1.0,0.0,125,0.0,1.0,118,False,False,
2022-04-29,EUR_RUB,gold,14,1.0,0.0,125,0.0,1.0,111,False,False,
2022-04-29,EUR_RUB,gold,30,1.0,0.0,125,0.0,1.0,95,False,False,
2022-04-29,EUR_RUB,gold,60,1.0,0.0,125,0.0,1.0,65,False,False,
2022-04-29,BRENT,oil,1,1.0,0.0,125,0.0,1.0,124,False,False,
2022-04-29,BRENT,oil,7,1.0,0.0,125,0.0,1.0,118,False,False,
2022-04-29,BRENT,oil,14,1.0,0.0,125,0.0,1.0,111,False,False,
2022-04-29,BRENT,oil,30,1.0,0.0,125,0.0,1.0,95,False,False,
2022-04-29,BRENT,oil,60,1.0,0.0,125,0.0,1.0,65,False,False,
2022-04-29,BRENT,rate,1,1.0,0.0,125,0.0,1.0,124,False,False,
2022-04-29,BRENT,rate,7,1.0,0.0,125,0.0,1.0,118,False,False,
2022-04-29,BRENT,rate,14,1.0,0.0,125,0.0,1.0,111,False,False,
2022-04-29,BRENT,rate,30,1.0,0.0,125,0.0,1.0,95,False,False,
2022-04-29,BRENT,rate,60,1.0,0.0,125,0.0,1.0,65,False,False,
2022-04-29,BRENT,ruble,1,1.0,0.0,125,0.0,1.0,124,False,False,
2022-04-29,BRENT,ruble,7,1.0,0.0,125,0.0,1.0,118,False,False,
2022-04-29,BRENT,ruble,14,1.0,0.0,125,0.0,1.0,111,False,False,
2022-04-29,BRENT,ruble,30,1.0,0.0,125,0.0,1.0,95,False,False,
2022-04-29,BRENT,ruble,60,1.0,0.0,125,0.0,1.0,65,False,False,
2022-04-29,BRENT,sanctions,1,1.0,0.0,125,0.0,1.0,124,False,False,
2022-04-29,BRENT,sanctions,7,1.0,0.0,125,0.0,1.0,118,False,False,
2022-04-29,BRENT,sanctions,14,1.0,0.0,125,0.0,1.0,111,False,False,
2022-04-29,BRENT,sanctions,30,1.0,0.0,125,0.0,1.0,95,False,False,
2022-04-29,BRENT,sanctions,60,1.0,0.0,125,0.0,1.0,65,False,False,
2022-04-29,BRENT,inflation,1,1.0,0.0,125,0.0,1.0,124,False,False,
2022-04-29,BRENT,inflation,7,1.0,0.0,125,0.0,1.0,118,False,False,
2022-04-29,BRENT,inflation,14,1.0,0.0,125,0.0,1.0,111,False,False,
2022-04-29,BRENT,inflation,30,1.0,0.0,125,0.0,1.0,95,False,False,
2022-04-29,BRENT,inflation,60,1.0,0.0,125,0.0,1.0,65,False,False,
2022-04-29,BRENT,banking,1,1.0,0.0,125,0.0,1.0,124,False,False,
2022-04-29,BRENT,banking,7,1.0,0.0,125,0.0,1.0,118,False,False,
2022-04-29,BRENT,banking,14,1.0,0.0,125,0.0,1.0,111,False,False,
2022-04-29,BRENT,banking,30,1.0,0.0,125,0.0,1.0,95,False,False,
2022-04-29,BRENT,banking,60,1.0,0.0,125,0.0,1.0,65,False,False,
2022-04-29,BRENT,gold,1,1.0,0.0,125,0.0,1.0,124,False,False,
2022-04-29,BRENT,gold,7,1.0,0.0,125,0.0,1.0,118,False,False,
2022-04-29,BRENT,gold,14,1.0,0.0,125,0.0,1.0,111,False,False,
2022-04-29,BRENT,gold,30,1.0,0.0,125,0.0,1.0,95,False,False,
2022-04-29,BRENT,gold,60,1.0,0.0,125,0.0,1.0,65,False,False,
2022-04-29,SP500,oil,1,1.0,0.0,125,0.0,1.0,124,False,False,
2022-04-29,SP500,oil,7,1.0,0.0,125,0.0,1.0,118,False,False,
2022-04-29,SP500,oil,14,1.0,0.0,125,0.0,1.0,111,False,False,
2022-04-29,SP500,oil,30,1.0,0.0,125,0.0,1.0,95,False,False,
2022-04-29,SP500,oil,60,1.0,0.0,125,0.0,1.0,65,False,False,
2022-04-29,SP500,rate,1,1.0,0.0,125,0.0,1.0,124,False,False,
2022-04-29,SP500,rate,7,1.0,0.0,125,0.0,1.0,118,False,False,
2022-04-29,SP500,rate,14,1.0,0.0,125,0.0,1.0,111,False,False,
2022-04-29,SP500,rate,30,1.0,0.0,125,0.0,1.0,95,False,False,
2022-04-29,SP500,rate,60,1.0,0.0,125,0.0,1.0,65,False,False,
2022-04-29,SP500,ruble,1,1.0,0.0,125,0.0,1.0,124,False,False,
2022-04-29,SP500,ruble,7,1.0,0.0,125,0.0,1.0,118,False,False,
2022-04-29,SP500,ruble,14,1.0,0.0,125,0.0,1.0,111,False,False,
2022-04-29,SP500,ruble,30,1.0,0.0,125,0.0,1.0,95,False,False,
2022-04-29,SP500,ruble,60,1.0,0.0,125,0.0,1.0,65,False,False,
2022-04-29,SP500,sanctions,1,1.0,0.0,125,0.0,1.0,124,False,False,
2022-04-29,SP500,sanctions,7,1.0,0.0,125,0.0,1.0,118,False,False,
2022-04-29,SP500,sanctions,14,1.0,0.0,125,0.0,1.0,111,False,False,
2022-04-29,SP500,sanctions,30,1.0,0.0,125,0.0,1.0,95,False,False,
2022-04-29,SP500,sanctions,60,1.0,0.0,125,0.0,1.0,65,False,False,
2022-04-29,SP500,inflation,1,1.0,0.0,125,0.0,1.0,124,False,False,
2022-04-29,SP500,inflation,7,1.0,0.0,125,0.0,1.0,118,False,False,
2022-04-29,SP500,inflation,14,1.0,0.0,125,0.0,1.0,111,False,False,
2022-04-29,SP500,inflation,30,1.0,0.0,125,0.0,1.0,95,False,False,
2022-04-29,SP500,inflation,60,1.0,0.0,125,0.0,1.0,65,False,False,
2022-04-29,SP500,banking,1,1.0,0.0,125,0.0,1.0,124,False,False,
2022-04-29,SP500,banking,7,1.0,0.0,125,0.0,1.0,118,False,False,
2022-04-29,SP500,banking,14,1.0,0.0,125,0.0,1.0,111,False,False,
2022-04-29,SP500,banking,30,1.0,0.0,125,0.0,1.0,95,False,False,
2022-04-29,SP500,banking,60,1.0,0.0,125,0.0,1.0,65,False,False,
2022-04-29,SP500,gold,1,1.0,0.0,125,0.0,1.0,124,False,False,
2022-04-29,SP500,gold,7,1.0,0.0,125,0.0,1.0,118,False,False,
2022-04-29,SP500,gold,14,1.0,0.0,125,0.0,1.0,111,False,False,
2022-04-29,SP500,gold,30,1.0,0.0,125,0.0,1.0,95,False,False,
2022-04-29,SP500,gold,60,1.0,0.0,125,0.0,1.0,65,False,False,
2022-04-29,MSCI_WORLD,oil,1,1.0,0.0,125,0.0,1.0,124,False,False,
2022-04-29,MSCI_WORLD,oil,7,1.0,0.0,125,0.0,1.0,118,False,False,
2022-04-29,MSCI_WORLD,oil,14,1.0,0.0,125,0.0,1.0,111,False,False,
2022-04-29,MSCI_WORLD,oil,30,1.0,0.0,125,0.0,1.0,95,False,False,
2022-04-29,MSCI_WORLD,oil,60,1.0,0.0,125,0.0,1.0,65,False,False,
2022-04-29,MSCI_WORLD,rate,1,1.0,0.0,125,0.0,1.0,124,False,False,
2022-04-29,MSCI_WORLD,rate,7,1.0,0.0,125,0.0,1.0,118,False,False,
2022-04-29,MSCI_WORLD,rate,14,1.0,0.0,125,0.0,1.0,111,False,False,
2022-04-29,MSCI_WORLD,rate,30,1.0,0.0,125,0.0,1.0,95,False,False,
2022-04-29,MSCI_WORLD,rate,60,1.0,0.0,125,0.0,1.0,65,False,False,
2022-04-29,MSCI_WORLD,ruble,1,1.0,0.0,125,0.0,1.0,124,False,False,
2022-04-29,MSCI_WORLD,ruble,7,1.0,0.0,125,0.0,1.0,118,False,False,
2022-04-29,MSCI_WORLD,ruble,14,1.0,0.0,125,0.0,1.0,111,False,False,
2022-04-29,MSCI_WORLD,ruble,30,1.0,0.0,125,0.0,1.0,95,False,False,
2022-04-29,MSCI_WORLD,ruble,60,1.0,0.0,125,0.0,1.0,65,False,False,
2022-04-29,MSCI_WORLD,sanctions,1,1.0,0.0,125,0.0,1.0,124,False,False,
2022-04-29,MSCI_WORLD,sanctions,7,1.0,0.0,125,0.0,1.0,118,False,False,
2022-04-29,MSCI_WORLD,sanctions,14,1.0,0.0,125,0.0,1.0,111,False,False,
2022-04-29,MSCI_WORLD,sanctions,30,1.0,0.0,125,0.0,1.0,95,False,False,
2022-04-29,MSCI_WORLD,sanctions,60,1.0,0.0,125,0.0,1.0,65,False,False,
2022-04-29,MSCI_WORLD,inflation,1,1.0,0.0,125,0.0,1.0,124,False,False,
2022-04-29,MSCI_WORLD,inflation,7,1.0,0.0,125,0.0,1.0,118,False,False,
2022-04-29,MSCI_WORLD,inflation,14,1.0,0.0,125,0.0,1.0,111,False,False,
2022-04-29,MSCI_WORLD,inflation,30,1.0,0.0,125,0.0,1.0,95,False,False,
2022-04-29,MSCI_WORLD,inflation,60,1.0,0.0,125,0.0,1.0,65,False,False,
2022-04-29,MSCI_WORLD,banking,1,1.0,0.0,125,0.0,1.0,124,False,False,
2022-04-29,MSCI_WORLD,banking,7,1.0,0.0,125,0.0,1.0,118,False,False,
2022-04-29,MSCI_WORLD,banking,14,1.0,0.0,125,0.0,1.0,111,False,False,
2022-04-29,MSCI_WORLD,banking,30,1.0,0.0,125,0.0,1.0,95,False,False,
2022-04-29,MSCI_WORLD,banking,60,1.0,0.0,125,0.0,1.0,65,False,False,
2022-04-29,MSCI_WORLD,gold,1,1.0,0.0,125,0.0,1.0,124,False,False,
2022-04-29,MSCI_WORLD,gold,7,1.0,0.0,125,0.0,1.0,118,False,False,
2022-04-29,MSCI_WORLD,gold,14,1.0,0.0,125,0.0,1.0,111,False,False,
2022-04-29,MSCI_WORLD,gold,30,1.0,0.0,125,0.0,1.0,95,False,False,
2022-04-29,MSCI_WORLD,gold,60,1.0,0.0,125,0.0,1.0,65,False,False,
2022-04-29,DXY,oil,1,1.0,0.0,125,0.0,1.0,124,False,False,
2022-04-29,DXY,oil,7,1.0,0.0,125,0.0,1.0,118,False,False,
2022-04-29,DXY,oil,14,1.0,0.0,125,0.0,1.0,111,False,False,
2022-04-29,DXY,oil,30,1.0,0.0,125,0.0,1.0,95,False,False,
2022-04-29,DXY,oil,60,1.0,0.0,125,0.0,1.0,65,False,False,
2022-04-29,DXY,rate,1,1.0,0.0,125,0.0,1.0,124,False,False,
2022-04-29,DXY,rate,7,1.0,0.0,125,0.0,1.0,118,False,False,
2022-04-29,DXY,rate,14,1.0,0.0,125,0.0,1.0,111,False,False,
2022-04-29,DXY,rate,30,1.0,0.0,125,0.0,1.0,95,False,False,
2022-04-29,DXY,rate,60,1.0,0.0,125,0.0,1.0,65,False,False,
2022-04-29,DXY,ruble,1,1.0,0.0,125,0.0,1.0,124,False,False,
2022-04-29,DXY,ruble,7,1.0,0.0,125,0.0,1.0,118,False,False,
2022-04-29,DXY,ruble,14,1.0,0.0,125,0.0,1.0,111,False,False,
2022-04-29,DXY,ruble,30,1.0,0.0,125,0.0,1.0,95,False,False,
2022-04-29,DXY,ruble,60,1.0,0.0,125,0.0,1.0,65,False,False,
2022-04-29,DXY,sanctions,1,1.0,0.0,125,0.0,1.0,124,False,False,
2022-04-29,DXY,sanctions,7,1.0,0.0,125,0.0,1.0,118,False,False,
2022-04-29,DXY,sanctions,14,1.0,0.0,125,0.0,1.0,111,False,False,
2022-04-29,DXY,sanctions,30,1.0,0.0,125,0.0,1.0,95,False,False,
2022-04-29,DXY,sanctions,60,1.0,0.0,125,0.0,1.0,65,False,False,
2022-04-29,DXY,inflation,1,1.0,0.0,125,0.0,1.0,124,False,False,
2022-04-29,DXY,inflation,7,1.0,0.0,125,0.0,1.0,118,False,False,
2022-04-29,DXY,inflation,14,1.0,0.0,125,0.0,1.0,111,False,False,
2022-04-29,DXY,inflation,30,1.0,0.0,125,0.0,1.0,95,False,False,
2022-04-29,DXY,inflation,60,1.0,0.0,125,0.0,1.0,65,False,False,
2022-04-29,DXY,banking,1,1.0,0.0,125,0.0,1.0,124,False,False,
2022-04-29,DXY,banking,7,1.0,0.0,125,0.0,1.0,118,False,False,
2022-04-29,DXY,banking,14,1.0,0.0,125,0.0,1.0,111,False,False,
2022-04-29,DXY,banking,30,1.0,0.0,125,0.0,1.0,95,False,False,
2022-04-29,DXY,banking,60,1.0,0.0,125,0.0,1.0,65,False,False,
2022-04-29,DXY,gold,1,1.0,0.0,125,0.0,1.0,124,False,False,
2022-04-29,DXY,gold,7,1.0,0.0,125,0.0,1.0,118,False,False,
2022-04-29,DXY,gold,14,1.0,0.0,125,0.0,1.0,111,False,False,
2022-04-29,DXY,gold,30,1.0,0.0,125,0.0,1.0,95,False,False,
2022-04-29,DXY,gold,60,1.0,0.0,125,0.0,1.0,65,False,False,
2022-04-29,MSCI_INDIA,oil,1,1.0,0.0,125,0.0,1.0,124,False,False,
2022-04-29,MSCI_INDIA,oil,7,1.0,0.0,125,0.0,1.0,118,False,False,
2022-04-29,MSCI_INDIA,oil,14,1.0,0.0,125,0.0,1.0,111,False,False,
2022-04-29,MSCI_INDIA,oil,30,1.0,0.0,125,0.0,1.0,95,False,False,
2022-04-29,MSCI_INDIA,oil,60,1.0,0.0,125,0.0,1.0,65,False,False,
2022-04-29,MSCI_INDIA,rate,1,1.0,0.0,125,0.0,1.0,124,False,False,
2022-04-29,MSCI_INDIA,rate,7,1.0,0.0,125,0.0,1.0,118,False,False,
2022-04-29,MSCI_INDIA,rate,14,1.0,0.0,125,0.0,1.0,111,False,False,
2022-04-29,MSCI_INDIA,rate,30,1.0,0.0,125,0.0,1.0,95,False,False,
2022-04-29,MSCI_INDIA,rate,60,1.0,0.0,125,0.0,1.0,65,False,False,
2022-04-29,MSCI_INDIA,ruble,1,1.0,0.0,125,0.0,1.0,124,False,False,
2022-04-29,MSCI_INDIA,ruble,7,1.0,0.0,125,0.0,1.0,118,False,False,
2022-04-29,MSCI_INDIA,ruble,14,1.0,0.0,125,0.0,1.0,111,False,False,
2022-04-29,MSCI_INDIA,ruble,30,1.0,0.0,125,0.0,1.0,95,False,False,
2022-04-29,MSCI_INDIA,ruble,60,1.0,0.0,125,0.0,1.0,65,False,False,
2022-04-29,MSCI_INDIA,sanctions,1,1.0,0.0,125,0.0,1.0,124,False,False,
2022-04-29,MSCI_INDIA,sanctions,7,1.0,0.0,125,0.0,1.0,118,False,False,
2022-04-29,MSCI_INDIA,sanctions,14,1.0,0.0,125,0.0,1.0,111,False,False,
2022-04-29,MSCI_INDIA,sanctions,30,1.0,0.0,125,0.0,1.0,95,False,False,
2022-04-29,MSCI_INDIA,sanctions,60,1.0,0.0,125,0.0,1.0,65,False,False,
2022-04-29,MSCI_INDIA,inflation,1,1.0,0.0,125,0.0,1.0,124,False,False,
2022-04-29,MSCI_INDIA,inflation,7,1.0,0.0,125,0.0,1.0,118,False,False,
2022-04-29,MSCI_INDIA,inflation,14,1.0,0.0,125,0.0,1.0,111,False,False,
2022-04-29,MSCI_INDIA,inflation,30,1.0,0.0,125,0.0,1.0,95,False,False,
2022-04-29,MSCI_INDIA,inflation,60,1.0,0.0,125,0.0,1.0,65,False,False,
2022-04-29,MSCI_INDIA,banking,1,1.0,0.0,125,0.0,1.0,124,False,False,
2022-04-29,MSCI_INDIA,banking,7,1.0,0.0,125,0.0,1.0,118,False,False,
2022-04-29,MSCI_INDIA,banking,14,1.0,0.0,125,0.0,1.0,111,False,False,
2022-04-29,MSCI_INDIA,banking,30,1.0,0.0,125,0.0,1.0,95,False,False,
2022-04-29,MSCI_INDIA,banking,60,1.0,0.0,125,0.0,1.0,65,False,False,
2022-04-29,MSCI_INDIA,gold,1,1.0,0.0,125,0.0,1.0,124,False,False,
2022-04-29,MSCI_INDIA,gold,7,1.0,0.0,125,0.0,1.0,118,False,False,
2022-04-29,MSCI_INDIA,gold,14,1.0,0.0,125,0.0,1.0,111,False,False,
2022-04-29,MSCI_INDIA,gold,30,1.0,0.0,125,0.0,1.0,95,False,False,
2022-04-29,MSCI_INDIA,gold,60,1.0,0.0,125,0.0,1.0,65,False,False,
2022-05-02,USD_RUB,oil,1,1.0,0.0,125,0.0,1.0,124,False,False,
2022-05-02,USD_RUB,oil,7,1.0,0.0,125,0.0,1.0,118,False,False,
2022-05-02,USD_RUB,oil,14,1.0,0.0,125,0.0,1.0,111,False,False,
2022-05-02,USD_RUB,oil,30,1.0,0.0,125,0.0,1.0,95,False,False,
2022-05-02,USD_RUB,oil,60,1.0,0.0,125,0.0,1.0,65,False,False,
2022-05-02,USD_RUB,rate,1,1.0,0.0,125,0.0,1.0,124,False,False,
2022-05-02,USD_RUB,rate,7,1.0,0.0,125,0.0,1.0,118,False,False,
2022-05-02,USD_RUB,rate,14,1.0,0.0,125,0.0,1.0,111,False,False,
2022-05-02,USD_RUB,rate,30,1.0,0.0,125,0.0,1.0,95,False,False,
2022-05-02,USD_RUB,rate,60,1.0,0.0,125,0.0,1.0,65,False,False,
2022-05-02,USD_RUB,ruble,1,1.0,0.0,125,0.0,1.0,124,False,False,
2022-05-02,USD_RUB,ruble,7,1.0,0.0,125,0.0,1.0,118,False,False,
2022-05-02,USD_RUB,ruble,14,1.0,0.0,125,0.0,1.0,111,False,False,
2022-05-02,USD_RUB,ruble,30,1.0,0.0,125,0.0,1.0,95,False,False,
2022-05-02,USD_RUB,ruble,60,1.0,0.0,125,0.0,1.0,65,False,False,
2022-05-02,USD_RUB,sanctions,1,1.0,0.0,125,0.0,1.0,124,False,False,
2022-05-02,USD_RUB,sanctions,7,1.0,0.0,125,0.0,1.0,118,False,False,
2022-05-02,USD_RUB,sanctions,14,1.0,0.0,125,0.0,1.0,111,False,False,
2022-05-02,USD_RUB,sanctions,30,1.0,0.0,125,0.0,1.0,95,False,False,
2022-05-02,USD_RUB,sanctions,60,1.0,0.0,125,0.0,1.0,65,False,False,
2022-05-02,USD_RUB,inflation,1,1.0,0.0,125,0.0,1.0,124,False,False,
2022-05-02,USD_RUB,inflation,7,1.0,0.0,125,0.0,1.0,118,False,False,
2022-05-02,USD_RUB,inflation,14,1.0,0.0,125,0.0,1.0,111,False,False,
2022-05-02,USD_RUB,inflation,30,1.0,0.0,125,0.0,1.0,95,False,False,
2022-05-02,USD_RUB,inflation,60,1.0,0.0,125,0.0,1.0,65,False,False,
2022-05-02,USD_RUB,banking,1,1.0,0.0,125,0.0,1.0,124,False,False,
2022-05-02,USD_RUB,banking,7,1.0,0.0,125,0.0,1.0,118,False,False,
2022-05-02,USD_RUB,banking,14,1.0,0.0,125,0.0,1.0,111,False,False,
2022-05-02,USD_RUB,banking,30,1.0,0.0,125,0.0,1.0,95,False,False,
2022-05-02,USD_RUB,banking,60,1.0,0.0,125,0.0,1.0,65,False,False,
2022-05-02,USD_RUB,gold,1,1.0,0.0,125,0.0,1.0,124,False,False,
2022-05-02,USD_RUB,gold,7,1.0,0.0,125,0.0,1.0,118,False,False,
2022-05-02,USD_RUB,gold,14,1.0,0.0,125,0.0,1.0,111,False,False,
2022-05-02,USD_RUB,gold,30,1.0,0.0,125,0.0,1.0,95,False,False,
2022-05-02,USD_RUB,gold,60,1.0,0.0,125,0.0,1.0,65,False,False,
2022-05-02,EUR_RUB,oil,1,1.0,0.0,125,0.0,1.0,124,False,False,
2022-05-02,EUR_RUB,oil,7,1.0,0.0,125,0.0,1.0,118,False,False,
2022-05-02,EUR_RUB,oil,14,1.0,0.0,125,0.0,1.0,111,False,False,
2022-05-02,EUR_RUB,oil,30,1.0,0.0,125,0.0,1.0,95,False,False,
2022-05-02,EUR_RUB,oil,60,1.0,0.0,125,0.0,1.0,65,False,False,
2022-05-02,EUR_RUB,rate,1,1.0,0.0,125,0.0,1.0,124,False,False,
2022-05-02,EUR_RUB,rate,7,1.0,0.0,125,0.0,1.0,118,False,False,
2022-05-02,EUR_RUB,rate,14,1.0,0.0,125,0.0,1.0,111,False,False,
2022-05-02,EUR_RUB,rate,30,1.0,0.0,125,0.0,1.0,95,False,False,
2022-05-02,EUR_RUB,rate,60,1.0,0.0,125,0.0,1.0,65,False,False,
2022-05-02,EUR_RUB,ruble,1,1.0,0.0,125,0.0,1.0,124,False,False,
2022-05-02,EUR_RUB,ruble,7,1.0,0.0,125,0.0,1.0,118,False,False,
2022-05-02,EUR_RUB,ruble,14,1.0,0.0,125,0.0,1.0,111,False,False,
2022-05-02,EUR_RUB,ruble,30,1.0,0.0,125,0.0,1.0,95,False,False,
2022-05-02,EUR_RUB,ruble,60,1.0,0.0,125,0.0,1.0,65,False,False,
2022-05-02,EUR_RUB,sanctions,1,1.0,0.0,125,0.0,1.0,124,False,False,
2022-05-02,EUR_RUB,sanctions,7,1.0,0.0,125,0.0,1.0,118,False,False,
2022-05-02,EUR_RUB,sanctions,14,1.0,0.0,125,0.0,1.0,111,False,False,
2022-05-02,EUR_RUB,sanctions,30,1.0,0.0,125,0.0,1.0,95,False,False,
2022-05-02,EUR_RUB,sanctions,60,1.0,0.0,125,0.0,1.0,65,False,False,
2022-05-02,EUR_RUB,inflation,1,1.0,0.0,125,0.0,1.0,124,False,False,
2022-05-02,EUR_RUB,inflation,7,1.0,0.0,125,0.0,1.0,118,False,False,
2022-05-02,EUR_RUB,inflation,14,1.0,0.0,125,0.0,1.0,111,False,False,
2022-05-02,EUR_RUB,inflation,30,1.0,0.0,125,0.0,1.0,95,False,False,
2022-05-02,EUR_RUB,inflation,60,1.0,0.0,125,0.0,1.0,65,False,False,
2022-05-02,EUR_RUB,banking,1,1.0,0.0,125,0.0,1.0,124,False,False,
2022-05-02,EUR_RUB,banking,7,1.0,0.0,125,0.0,1.0,118,False,False,
2022-05-02,EUR_RUB,banking,14,1.0,0.0,125,0.0,1.0,111,False,False,
2022-05-02,EUR_RUB,banking,30,1.0,0.0,125,0.0,1.0,95,False,False,
2022-05-02,EUR_RUB,banking,60,1.0,0.0,125,0.0,1.0,65,False,False,
2022-05-02,EUR_RUB,gold,1,1.0,0.0,125,0.0,1.0,124,False,False,
2022-05-02,EUR_RUB,gold,7,1.0,0.0,125,0.0,1.0,118,False,False,
2022-05-02,EUR_RUB,gold,14,1.0,0.0,125,0.0,1.0,111,False,False,
2022-05-02,EUR_RUB,gold,30,1.0,0.0,125,0.0,1.0,95,False,False,
2022-05-02,EUR_RUB,gold,60,1.0,0.0,125,0.0,1.0,65,False,False,
2022-05-02,BRENT,oil,1,1.0,0.0,125,0.0,1.0,124,False,False,
2022-05-02,BRENT,oil,7,1.0,0.0,125,0.0,1.0,118,False,False,
2022-05-02,BRENT,oil,14,1.0,0.0,125,0.0,1.0,111,False,False,
2022-05-02,BRENT,oil,30,1.0,0.0,125,0.0,1.0,95,False,False,
2022-05-02,BRENT,oil,60,1.0,0.0,125,0.0,1.0,65,False,False,
2022-05-02,BRENT,rate,1,1.0,0.0,125,0.0,1.0,124,False,False,
2022-05-02,BRENT,rate,7,1.0,0.0,125,0.0,1.0,118,False,False,
2022-05-02,BRENT,rate,14,1.0,0.0,125,0.0,1.0,111,False,False,
2022-05-02,BRENT,rate,30,1.0,0.0,125,0.0,1.0,95,False,False,
2022-05-02,BRENT,rate,60,1.0,0.0,125,0.0,1.0,65,False,False,
2022-05-02,BRENT,ruble,1,1.0,0.0,125,0.0,1.0,124,False,False,
2022-05-02,BRENT,ruble,7,1.0,0.0,125,0.0,1.0,118,False,False,
2022-05-02,BRENT,ruble,14,1.0,0.0,125,0.0,1.0,111,False,False,
2022-05-02,BRENT,ruble,30,1.0,0.0,125,0.0,1.0,95,False,False,
2022-05-02,BRENT,ruble,60,1.0,0.0,125,0.0,1.0,65,False,False,
2022-05-02,BRENT,sanctions,1,1.0,0.0,125,0.0,1.0,124,False,False,
2022-05-02,BRENT,sanctions,7,1.0,0.0,125,0.0,1.0,118,False,False,
2022-05-02,BRENT,sanctions,14,1.0,0.0,125,0.0,1.0,111,False,False,
2022-05-02,BRENT,sanctions,30,1.0,0.0,125,0.0,1.0,95,False,False,
2022-05-02,BRENT,sanctions,60,1.0,0.0,125,0.0,1.0,65,False,False,
2022-05-02,BRENT,inflation,1,1.0,0.0,125,0.0,1.0,124,False,False,
2022-05-02,BRENT,inflation,7,1.0,0.0,125,0.0,1.0,118,False,False,
2022-05-02,BRENT,inflation,14,1.0,0.0,125,0.0,1.0,111,False,False,
2022-05-02,BRENT,inflation,30,1.0,0.0,125,0.0,1.0,95,False,False,
2022-05-02,BRENT,inflation,60,1.0,0.0,125,0.0,1.0,65,False,False,
2022-05-02,BRENT,banking,1,1.0,0.0,125,0.0,1.0,124,False,False,
2022-05-02,BRENT,banking,7,1.0,0.0,125,0.0,1.0,118,False,False,
2022-05-02,BRENT,banking,14,1.0,0.0,125,0.0,1.0,111,False,False,
2022-05-02,BRENT,banking,30,1.0,0.0,125,0.0,1.0,95,False,False,
2022-05-02,BRENT,banking,60,1.0,0.0,125,0.0,1.0,65,False,False,
2022-05-02,BRENT,gold,1,1.0,0.0,125,0.0,1.0,124,False,False,
2022-05-02,BRENT,gold,7,1.0,0.0,125,0.0,1.0,118,False,False,
2022-05-02,BRENT,gold,14,1.0,0.0,125,0.0,1.0,111,False,False,
2022-05-02,BRENT,gold,30,1.0,0.0,125,0.0,1.0,95,False,False,
2022-05-02,BRENT,gold,60,1.0,0.0,125,0.0,1.0,65,False,False,
2022-05-02,SP500,oil,1,1.0,0.0,125,0.0,1.0,124,False,False,
2022-05-02,SP500,oil,7,1.0,0.0,125,0.0,1.0,118,False,False,
2022-05-02,SP500,oil,14,1.0,0.0,125,0.0,1.0,111,False,False,
2022-05-02,SP500,oil,30,1.0,0.0,125,0.0,1.0,95,False,False,
2022-05-02,SP500,oil,60,1.0,0.0,125,0.0,1.0,65,False,False,
2022-05-02,SP500,rate,1,1.0,0.0,125,0.0,1.0,124,False,False,
2022-05-02,SP500,rate,7,1.0,0.0,125,0.0,1.0,118,False,False,
2022-05-02,SP500,rate,14,1.0,0.0,125,0.0,1.0,111,False,False,
2022-05-02,SP500,rate,30,1.0,0.0,125,0.0,1.0,95,False,False,
2022-05-02,SP500,rate,60,1.0,0.0,125,0.0,1.0,65,False,False,
2022-05-02,SP500,ruble,1,1.0,0.0,125,0.0,1.0,124,False,False,
2022-05-02,SP500,ruble,7,1.0,0.0,125,0.0,1.0,118,False,False,
2022-05-02,SP500,ruble,14,1.0,0.0,125,0.0,1.0,111,False,False,
2022-05-02,SP500,ruble,30,1.0,0.0,125,0.0,1.0,95,False,False,
2022-05-02,SP500,ruble,60,1.0,0.0,125,0.0,1.0,65,False,False,
2022-05-02,SP500,sanctions,1,1.0,0.0,125,0.0,1.0,124,False,False,
2022-05-02,SP500,sanctions,7,1.0,0.0,125,0.0,1.0,118,False,False,
2022-05-02,SP500,sanctions,14,1.0,0.0,125,0.0,1.0,111,False,False,
2022-05-02,SP500,sanctions,30,1.0,0.0,125,0.0,1.0,95,False,False,
2022-05-02,SP500,sanctions,60,1.0,0.0,125,0.0,1.0,65,False,False,
2022-05-02,SP500,inflation,1,1.0,0.0,125,0.0,1.0,124,False,False,
2022-05-02,SP500,inflation,7,1.0,0.0,125,0.0,1.0,118,False,False,
2022-05-02,SP500,inflation,14,1.0,0.0,125,0.0,1.0,111,False,False,
2022-05-02,SP500,inflation,30,1.0,0.0,125,0.0,1.0,95,False,False,
2022-05-02,SP500,inflation,60,1.0,0.0,125,0.0,1.0,65,False,False,
2022-05-02,SP500,banking,1,1.0,0.0,125,0.0,1.0,124,False,False,
2022-05-02,SP500,banking,7,1.0,0.0,125,0.0,1.0,118,False,False,
2022-05-02,SP500,banking,14,1.0,0.0,125,0.0,1.0,111,False,False,
2022-05-02,SP500,banking,30,1.0,0.0,125,0.0,1.0,95,False,False,
2022-05-02,SP500,banking,60,1.0,0.0,125,0.0,1.0,65,False,False,
2022-05-02,SP500,gold,1,1.0,0.0,125,0.0,1.0,124,False,False,
2022-05-02,SP500,gold,7,1.0,0.0,125,0.0,1.0,118,False,False,
2022-05-02,SP500,gold,14,1.0,0.0,125,0.0,1.0,111,False,False,
2022-05-02,SP500,gold,30,1.0,0.0,125,0.0,1.0,95,False,False,
2022-05-02,SP500,gold,60,1.0,0.0,125,0.0,1.0,65,False,False,
2022-05-02,MSCI_WORLD,oil,1,1.0,0.0,125,0.0,1.0,124,False,False,
2022-05-02,MSCI_WORLD,oil,7,1.0,0.0,125,0.0,1.0,118,False,False,
2022-05-02,MSCI_WORLD,oil,14,1.0,0.0,125,0.0,1.0,111,False,False,
2022-05-02,MSCI_WORLD,oil,30,1.0,0.0,125,0.0,1.0,95,False,False,
2022-05-02,MSCI_WORLD,oil,60,1.0,0.0,125,0.0,1.0,65,False,False,
2022-05-02,MSCI_WORLD,rate,1,1.0,0.0,125,0.0,1.0,124,False,False,
2022-05-02,MSCI_WORLD,rate,7,1.0,0.0,125,0.0,1.0,118,False,False,
2022-05-02,MSCI_WORLD,rate,14,1.0,0.0,125,0.0,1.0,111,False,False,
2022-05-02,MSCI_WORLD,rate,30,1.0,0.0,125,0.0,1.0,95,False,False,
2022-05-02,MSCI_WORLD,rate,60,1.0,0.0,125,0.0,1.0,65,False,False,
2022-05-02,MSCI_WORLD,ruble,1,1.0,0.0,125,0.0,1.0,124,False,False,
2022-05-02,MSCI_WORLD,ruble,7,1.0,0.0,125,0.0,1.0,118,False,False,
2022-05-02,MSCI_WORLD,ruble,14,1.0,0.0,125,0.0,1.0,111,False,False,
2022-05-02,MSCI_WORLD,ruble,30,1.0,0.0,125,0.0,1.0,95,False,False,
2022-05-02,MSCI_WORLD,ruble,60,1.0,0.0,125,0.0,1.0,65,False,False,
2022-05-02,MSCI_WORLD,sanctions,1,1.0,0.0,125,0.0,1.0,124,False,False,
2022-05-02,MSCI_WORLD,sanctions,7,1.0,0.0,125,0.0,1.0,118,False,False,
2022-05-02,MSCI_WORLD,sanctions,14,1.0,0.0,125,0.0,1.0,111,False,False,
2022-05-02,MSCI_WORLD,sanctions,30,1.0,0.0,125,0.0,1.0,95,False,False,
2022-05-02,MSCI_WORLD,sanctions,60,1.0,0.0,125,0.0,1.0,65,False,False,
2022-05-02,MSCI_WORLD,inflation,1,1.0,0.0,125,0.0,1.0,124,False,False,
2022-05-02,MSCI_WORLD,inflation,7,1.0,0.0,125,0.0,1.0,118,False,False,
2022-05-02,MSCI_WORLD,inflation,14,1.0,0.0,125,0.0,1.0,111,False,False,
2022-05-02,MSCI_WORLD,inflation,30,1.0,0.0,125,0.0,1.0,95,False,False,
2022-05-02,MSCI_WORLD,inflation,60,1.0,0.0,125,0.0,1.0,65,False,False,
2022-05-02,MSCI_WORLD,banking,1,1.0,0.0,125,0.0,1.0,124,False,False,
2022-05-02,MSCI_WORLD,banking,7,1.0,0.0,125,0.0,1.0,118,False,False,
2022-05-02,MSCI_WORLD,banking,14,1.0,0.0,125,0.0,1.0,111,False,False,
2022-05-02,MSCI_WORLD,banking,30,1.0,0.0,125,0.0,1.0,95,False,False,
2022-05-02,MSCI_WORLD,banking,60,1.0,0.0,125,0.0,1.0,65,False,False,
2022-05-02,MSCI_WORLD,gold,1,1.0,0.0,125,0.0,1.0,124,False,False,
2022-05-02,MSCI_WORLD,gold,7,1.0,0.0,125,0.0,1.0,118,False,False,
2022-05-02,MSCI_WORLD,gold,14,1.0,0.0,125,0.0,1.0,111,False,False,
2022-05-02,MSCI_WORLD,gold,30,1.0,0.0,125,0.0,1.0,95,False,False,
2022-05-02,MSCI_WORLD,gold,60,1.0,0.0,125,0.0,1.0,65,False,False,
2022-05-02,DXY,oil,1,1.0,0.0,125,0.0,1.0,124,False,False,
2022-05-02,DXY,oil,7,1.0,0.0,125,0.0,1.0,118,False,False,
2022-05-02,DXY,oil,14,1.0,0.0,125,0.0,1.0,111,False,False,
2022-05-02,DXY,oil,30,1.0,0.0,125,0.0,1.0,95,False,False,
2022-05-02,DXY,oil,60,1.0,0.0,125,0.0,1.0,65,False,False,
2022-05-02,DXY,rate,1,1.0,0.0,125,0.0,1.0,124,False,False,
2022-05-02,DXY,rate,7,1.0,0.0,125,0.0,1.0,118,False,False,
2022-05-02,DXY,rate,14,1.0,0.0,125,0.0,1.0,111,False,False,
2022-05-02,DXY,rate,30,1.0,0.0,125,0.0,1.0,95,False,False,
2022-05-02,DXY,rate,60,1.0,0.0,125,0.0,1.0,65,False,False,
2022-05-02,DXY,ruble,1,1.0,0.0,125,0.0,1.0,124,False,False,
2022-05-02,DXY,ruble,7,1.0,0.0,125,0.0,1.0,118,False,False,
2022-05-02,DXY,ruble,14,1.0,0.0,125,0.0,1.0,111,False,False,
2022-05-02,DXY,ruble,30,1.0,0.0,125,0.0,1.0,95,False,False,
2022-05-02,DXY,ruble,60,1.0,0.0,125,0.0,1.0,65,False,False,
2022-05-02,DXY,sanctions,1,1.0,0.0,125,0.0,1.0,124,False,False,
2022-05-02,DXY,sanctions,7,1.0,0.0,125,0.0,1.0,118,False,False,
2022-05-02,DXY,sanctions,14,1.0,0.0,125,0.0,1.0,111,False,False,
2022-05-02,DXY,sanctions,30,1.0,0.0,125,0.0,1.0,95,False,False,
2022-05-02,DXY,sanctions,60,1.0,0.0,125,0.0,1.0,65,False,False,
2022-05-02,DXY,inflation,1,1.0,0.0,125,0.0,1.0,124,False,False,
2022-05-02,DXY,inflation,7,1.0,0.0,125,0.0,1.0,118,False,False,
2022-05-02,DXY,inflation,14,1.0,0.0,125,0.0,1.0,111,False,False,
2022-05-02,DXY,inflation,30,1.0,0.0,125,0.0,1.0,95,False,False,
2022-05-02,DXY,inflation,60,1.0,0.0,125,0.0,1.0,65,False,False,
2022-05-02,DXY,banking,1,1.0,0.0,125,0.0,1.0,124,False,False,
2022-05-02,DXY,banking,7,1.0,0.0,125,0.0,1.0,118,False,False,
2022-05-02,DXY,banking,14,1.0,0.0,125,0.0,1.0,111,False,False,
2022-05-02,DXY,banking,30,1.0,0.0,125,0.0,1.0,95,False,False,
2022-05-02,DXY,banking,60,1.0,0.0,125,0.0,1.0,65,False,False,
2022-05-02,DXY,gold,1,1.0,0.0,125,0.0,1.0,124,False,False,
2022-05-02,DXY,gold,7,1.0,0.0,125,0.0,1.0,118,False,False,
2022-05-02,DXY,gold,14,1.0,0.0,125,0.0,1.0,111,False,False,
2022-05-02,DXY,gold,30,1.0,0.0,125,0.0,1.0,95,False,False,
2022-05-02,DXY,gold,60,1.0,0.0,125,0.0,1.0,65,False,False,
2022-05-02,MSCI_INDIA,oil,1,1.0,0.0,125,0.0,1.0,124,False,False,
2022-05-02,MSCI_INDIA,oil,7,1.0,0.0,125,0.0,1.0,118,False,False,
2022-05-02,MSCI_INDIA,oil,14,1.0,0.0,125,0.0,1.0,111,False,False,
2022-05-02,MSCI_INDIA,oil,30,1.0,0.0,125,0.0,1.0,95,False,False,
2022-05-02,MSCI_INDIA,oil,60,1.0,0.0,125,0.0,1.0,65,False,False,
2022-05-02,MSCI_INDIA,rate,1,1.0,0.0,125,0.0,1.0,124,False,False,
2022-05-02,MSCI_INDIA,rate,7,1.0,0.0,125,0.0,1.0,118,False,False,
2022-05-02,MSCI_INDIA,rate,14,1.0,0.0,125,0.0,1.0,111,False,False,
2022-05-02,MSCI_INDIA,rate,30,1.0,0.0,125,0.0,1.0,95,False,False,
2022-05-02,MSCI_INDIA,rate,60,1.0,0.0,125,0.0,1.0,65,False,False,
2022-05-02,MSCI_INDIA,ruble,1,1.0,0.0,125,0.0,1.0,124,False,False,
2022-05-02,MSCI_INDIA,ruble,7,1.0,0.0,125,0.0,1.0,118,False,False,
2022-05-02,MSCI_INDIA,ruble,14,1.0,0.0,125,0.0,1.0,111,False,False,
2022-05-02,MSCI_INDIA,ruble,30,1.0,0.0,125,0.0,1.0,95,False,False,
2022-05-02,MSCI_INDIA,ruble,60,1.0,0.0,125,0.0,1.0,65,False,False,
2022-05-02,MSCI_INDIA,sanctions,1,1.0,0.0,125,0.0,1.0,124,False,False,
2022-05-02,MSCI_INDIA,sanctions,7,1.0,0.0,125,0.0,1.0,118,False,False,
2022-05-02,MSCI_INDIA,sanctions,14,1.0,0.0,125,0.0,1.0,111,False,False,
2022-05-02,MSCI_INDIA,sanctions,30,1.0,0.0,125,0.0,1.0,95,False,False,
2022-05-02,MSCI_INDIA,sanctions,60,1.0,0.0,125,0.0,1.0,65,False,False,
2022-05-02,MSCI_INDIA,inflation,1,1.0,0.0,125,0.0,1.0,124,False,False,
2022-05-02,MSCI_INDIA,inflation,7,1.0,0.0,125,0.0,1.0,118,False,False,
2022-05-02,MSCI_INDIA,inflation,14,1.0,0.0,125,0.0,1.0,111,False,False,
2022-05-02,MSCI_INDIA,inflation,30,1.0,0.0,125,0.0,1.0,95,False,False,
2022-05-02,MSCI_INDIA,inflation,60,1.0,0.0,125,0.0,1.0,65,False,False,
2022-05-02,MSCI_INDIA,banking,1,1.0,0.0,125,0.0,1.0,124,False,False,
2022-05-02,MSCI_INDIA,banking,7,1.0,0.0,125,0.0,1.0,118,False,False,
2022-05-02,MSCI_INDIA,banking,14,1.0,0.0,125,0.0,1.0,111,False,False,
2022-05-02,MSCI_INDIA,banking,30,1.0,0.0,125,0.0,1.0,95,False,False,
2022-05-02,MSCI_INDIA,banking,60,1.0,0.0,125,0.0,1.0,65,False,False,
2022-05-02,MSCI_INDIA,gold,1,1.0,0.0,125,0.0,1.0,124,False,False,
2022-05-02,MSCI_INDIA,gold,7,1.0,0.0,125,0.0,1.0,118,False,False,
2022-05-02,MSCI_INDIA,gold,14,1.0,0.0,125,0.0,1.0,111,False,False,
2022-05-02,MSCI_INDIA,gold,30,1.0,0.0,125,0.0,1.0,95,False,False,
2022-05-02,MSCI_INDIA,gold,60,1.0,0.0,125,0.0,1.0,65,False,False,
2022-05-05,USD_RUB,oil,1,1.0,0.0,125,0.0,1.0,124,False,False,
2022-05-05,USD_RUB,oil,7,1.0,0.0,125,0.0,1.0,118,False,False,
2022-05-05,USD_RUB,oil,14,1.0,0.0,125,0.0,1.0,111,False,False,
2022-05-05,USD_RUB,oil,30,1.0,0.0,125,0.0,1.0,95,False,False,
2022-05-05,USD_RUB,oil,60,1.0,0.0,125,0.0,1.0,65,False,False,
2022-05-05,USD_RUB,rate,1,1.0,0.0,125,0.0,1.0,124,False,False,
2022-05-05,USD_RUB,rate,7,1.0,0.0,125,0.0,1.0,118,False,False,
2022-05-05,USD_RUB,rate,14,1.0,0.0,125,0.0,1.0,111,False,False,
2022-05-05,USD_RUB,rate,30,1.0,0.0,125,0.0,1.0,95,False,False,
2022-05-05,USD_RUB,rate,60,1.0,0.0,125,0.0,1.0,65,False,False,
2022-05-05,USD_RUB,ruble,1,1.0,0.0,125,0.0,1.0,124,False,False,
2022-05-05,USD_RUB,ruble,7,1.0,0.0,125,0.0,1.0,118,False,False,
2022-05-05,USD_RUB,ruble,14,1.0,0.0,125,0.0,1.0,111,False,False,
2022-05-05,USD_RUB,ruble,30,1.0,0.0,125,0.0,1.0,95,False,False,
2022-05-05,USD_RUB,ruble,60,1.0,0.0,125,0.0,1.0,65,False,False,
2022-05-05,USD_RUB,sanctions,1,1.0,0.0,125,0.0,1.0,124,False,False,
2022-05-05,USD_RUB,sanctions,7,1.0,0.0,125,0.0,1.0,118,False,False,
2022-05-05,USD_RUB,sanctions,14,1.0,0.0,125,0.0,1.0,111,False,False,
2022-05-05,USD_RUB,sanctions,30,1.0,0.0,125,0.0,1.0,95,False,False,
2022-05-05,USD_RUB,sanctions,60,1.0,0.0,125,0.0,1.0,65,False,False,
2022-05-05,USD_RUB,inflation,1,1.0,0.0,125,0.0,1.0,124,False,False,
2022-05-05,USD_RUB,inflation,7,1.0,0.0,125,0.0,1.0,118,False,False,
2022-05-05,USD_RUB,inflation,14,1.0,0.0,125,0.0,1.0,111,False,False,
2022-05-05,USD_RUB,inflation,30,1.0,0.0,125,0.0,1.0,95,False,False,
2022-05-05,USD_RUB,inflation,60,1.0,0.0,125,0.0,1.0,65,False,False,
2022-05-05,USD_RUB,banking,1,1.0,0.0,125,0.0,1.0,124,False,False,
2022-05-05,USD_RUB,banking,7,1.0,0.0,125,0.0,1.0,118,False,False,
2022-05-05,USD_RUB,banking,14,1.0,0.0,125,0.0,1.0,111,False,False,
2022-05-05,USD_RUB,banking,30,1.0,0.0,125,0.0,1.0,95,False,False,
2022-05-05,USD_RUB,banking,60,1.0,0.0,125,0.0,1.0,65,False,False,
2022-05-05,USD_RUB,gold,1,1.0,0.0,125,0.0,1.0,124,False,False,
2022-05-05,USD_RUB,gold,7,1.0,0.0,125,0.0,1.0,118,False,False,
2022-05-05,USD_RUB,gold,14,1.0,0.0,125,0.0,1.0,111,False,False,
2022-05-05,USD_RUB,gold,30,1.0,0.0,125,0.0,1.0,95,False,False,
2022-05-05,USD_RUB,gold,60,1.0,0.0,125,0.0,1.0,65,False,False,
2022-05-05,EUR_RUB,oil,1,1.0,0.0,125,0.0,1.0,124,False,False,
2022-05-05,EUR_RUB,oil,7,1.0,0.0,125,0.0,1.0,118,False,False,
2022-05-05,EUR_RUB,oil,14,1.0,0.0,125,0.0,1.0,111,False,False,
2022-05-05,EUR_RUB,oil,30,1.0,0.0,125,0.0,1.0,95,False,False,
2022-05-05,EUR_RUB,oil,60,1.0,0.0,125,0.0,1.0,65,False,False,
2022-05-05,EUR_RUB,rate,1,1.0,0.0,125,0.0,1.0,124,False,False,
2022-05-05,EUR_RUB,rate,7,1.0,0.0,125,0.0,1.0,118,False,False,
2022-05-05,EUR_RUB,rate,14,1.0,0.0,125,0.0,1.0,111,False,False,
2022-05-05,EUR_RUB,rate,30,1.0,0.0,125,0.0,1.0,95,False,False,
2022-05-05,EUR_RUB,rate,60,1.0,0.0,125,0.0,1.0,65,False,False,
2022-05-05,EUR_RUB,ruble,1,1.0,0.0,125,0.0,1.0,124,False,False,
2022-05-05,EUR_RUB,ruble,7,1.0,0.0,125,0.0,1.0,118,False,False,
2022-05-05,EUR_RUB,ruble,14,1.0,0.0,125,0.0,1.0,111,False,False,
2022-05-05,EUR_RUB,ruble,30,1.0,0.0,125,0.0,1.0,95,False,False,
2022-05-05,EUR_RUB,ruble,60,1.0,0.0,125,0.0,1.0,65,False,False,
2022-05-05,EUR_RUB,sanctions,1,1.0,0.0,125,0.0,1.0,124,False,False,
2022-05-05,EUR_RUB,sanctions,7,1.0,0.0,125,0.0,1.0,118,False,False,
2022-05-05,EUR_RUB,sanctions,14,1.0,0.0,125,0.0,1.0,111,False,False,
2022-05-05,EUR_RUB,sanctions,30,1.0,0.0,125,0.0,1.0,95,False,False,
2022-05-05,EUR_RUB,sanctions,60,1.0,0.0,125,0.0,1.0,65,False,False,
2022-05-05,EUR_RUB,inflation,1,1.0,0.0,125,0.0,1.0,124,False,False,
2022-05-05,EUR_RUB,inflation,7,1.0,0.0,125,0.0,1.0,118,False,False,
2022-05-05,EUR_RUB,inflation,14,1.0,0.0,125,0.0,1.0,111,False,False,
2022-05-05,EUR_RUB,inflation,30,1.0,0.0,125,0.0,1.0,95,False,False,
2022-05-05,EUR_RUB,inflation,60,1.0,0.0,125,0.0,1.0,65,False,False,
2022-05-05,EUR_RUB,banking,1,1.0,0.0,125,0.0,1.0,124,False,False,
2022-05-05,EUR_RUB,banking,7,1.0,0.0,125,0.0,1.0,118,False,False,
2022-05-05,EUR_RUB,banking,14,1.0,0.0,125,0.0,1.0,111,False,False,
2022-05-05,EUR_RUB,banking,30,1.0,0.0,125,0.0,1.0,95,False,False,
2022-05-05,EUR_RUB,banking,60,1.0,0.0,125,0.0,1.0,65,False,False,
2022-05-05,EUR_RUB,gold,1,1.0,0.0,125,0.0,1.0,124,False,False,
2022-05-05,EUR_RUB,gold,7,1.0,0.0,125,0.0,1.0,118,False,False,
2022-05-05,EUR_RUB,gold,14,1.0,0.0,125,0.0,1.0,111,False,False,
2022-05-05,EUR_RUB,gold,30,1.0,0.0,125,0.0,1.0,95,False,False,
2022-05-05,EUR_RUB,gold,60,1.0,0.0,125,0.0,1.0,65,False,False,
2022-05-05,BRENT,oil,1,1.0,0.0,125,0.0,1.0,124,False,False,
2022-05-05,BRENT,oil,7,1.0,0.0,125,0.0,1.0,118,False,False,
2022-05-05,BRENT,oil,14,1.0,0.0,125,0.0,1.0,111,False,False,
2022-05-05,BRENT,oil,30,1.0,0.0,125,0.0,1.0,95,False,False,
2022-05-05,BRENT,oil,60,1.0,0.0,125,0.0,1.0,65,False,False,
2022-05-05,BRENT,rate,1,1.0,0.0,125,0.0,1.0,124,False,False,
2022-05-05,BRENT,rate,7,1.0,0.0,125,0.0,1.0,118,False,False,
2022-05-05,BRENT,rate,14,1.0,0.0,125,0.0,1.0,111,False,False,
2022-05-05,BRENT,rate,30,1.0,0.0,125,0.0,1.0,95,False,False,
2022-05-05,BRENT,rate,60,1.0,0.0,125,0.0,1.0,65,False,False,
2022-05-05,BRENT,ruble,1,1.0,0.0,125,0.0,1.0,124,False,False,
2022-05-05,BRENT,ruble,7,1.0,0.0,125,0.0,1.0,118,False,False,
2022-05-05,BRENT,ruble,14,1.0,0.0,125,0.0,1.0,111,False,False,
2022-05-05,BRENT,ruble,30,1.0,0.0,125,0.0,1.0,95,False,False,
2022-05-05,BRENT,ruble,60,1.0,0.0,125,0.0,1.0,65,False,False,
2022-05-05,BRENT,sanctions,1,1.0,0.0,125,0.0,1.0,124,False,False,
2022-05-05,BRENT,sanctions,7,1.0,0.0,125,0.0,1.0,118,False,False,
2022-05-05,BRENT,sanctions,14,1.0,0.0,125,0.0,1.0,111,False,False,
2022-05-05,BRENT,sanctions,30,1.0,0.0,125,0.0,1.0,95,False,False,
2022-05-05,BRENT,sanctions,60,1.0,0.0,125,0.0,1.0,65,False,False,
2022-05-05,BRENT,inflation,1,1.0,0.0,125,0.0,1.0,124,False,False,
2022-05-05,BRENT,inflation,7,1.0,0.0,125,0.0,1.0,118,False,False,
2022-05-05,BRENT,inflation,14,1.0,0.0,125,0.0,1.0,111,False,False,
2022-05-05,BRENT,inflation,30,1.0,0.0,125,0.0,1.0,95,False,False,
2022-05-05,BRENT,inflation,60,1.0,0.0,125,0.0,1.0,65,False,False,
2022-05-05,BRENT,banking,1,1.0,0.0,125,0.0,1.0,124,False,False,
2022-05-05,BRENT,banking,7,1.0,0.0,125,0.0,1.0,118,False,False,
2022-05-05,BRENT,banking,14,1.0,0.0,125,0.0,1.0,111,False,False,
2022-05-05,BRENT,banking,30,1.0,0.0,125,0.0,1.0,95,False,False,
2022-05-05,BRENT,banking,60,1.0,0.0,125,0.0,1.0,65,False,False,
2022-05-05,BRENT,gold,1,1.0,0.0,125,0.0,1.0,124,False,False,
2022-05-05,BRENT,gold,7,1.0,0.0,125,0.0,1.0,118,False,False,
2022-05-05,BRENT,gold,14,1.0,0.0,125,0.0,1.0,111,False,False,
2022-05-05,BRENT,gold,30,1.0,0.0,125,0.0,1.0,95,False,False,
2022-05-05,BRENT,gold,60,1.0,0.0,125,0.0,1.0,65,False,False,
2022-05-05,SP500,oil,1,1.0,0.0,125,0.0,1.0,124,False,False,
2022-05-05,SP500,oil,7,1.0,0.0,125,0.0,1.0,118,False,False,
2022-05-05,SP500,oil,14,1.0,0.0,125,0.0,1.0,111,False,False,
2022-05-05,SP500,oil,30,1.0,0.0,125,0.0,1.0,95,False,False,
2022-05-05,SP500,oil,60,1.0,0.0,125,0.0,1.0,65,False,False,
2022-05-05,SP500,rate,1,1.0,0.0,125,0.0,1.0,124,False,False,
2022-05-05,SP500,rate,7,1.0,0.0,125,0.0,1.0,118,False,False,
2022-05-05,SP500,rate,14,1.0,0.0,125,0.0,1.0,111,False,False,
2022-05-05,SP500,rate,30,1.0,0.0,125,0.0,1.0,95,False,False,
2022-05-05,SP500,rate,60,1.0,0.0,125,0.0,1.0,65,False,False,
2022-05-05,SP500,ruble,1,1.0,0.0,125,0.0,1.0,124,False,False,
2022-05-05,SP500,ruble,7,1.0,0.0,125,0.0,1.0,118,False,False,
2022-05-05,SP500,ruble,14,1.0,0.0,125,0.0,1.0,111,False,False,
2022-05-05,SP500,ruble,30,1.0,0.0,125,0.0,1.0,95,False,False,
2022-05-05,SP500,ruble,60,1.0,0.0,125,0.0,1.0,65,False,False,
2022-05-05,SP500,sanctions,1,1.0,0.0,125,0.0,1.0,124,False,False,
2022-05-05,SP500,sanctions,7,1.0,0.0,125,0.0,1.0,118,False,False,
2022-05-05,SP500,sanctions,14,1.0,0.0,125,0.0,1.0,111,False,False,
2022-05-05,SP500,sanctions,30,1.0,0.0,125,0.0,1.0,95,False,False,
2022-05-05,SP500,sanctions,60,1.0,0.0,125,0.0,1.0,65,False,False,
2022-05-05,SP500,inflation,1,1.0,0.0,125,0.0,1.0,124,False,False,
2022-05-05,SP500,inflation,7,1.0,0.0,125,0.0,1.0,118,False,False,
2022-05-05,SP500,inflation,14,1.0,0.0,125,0.0,1.0,111,False,False,
2022-05-05,SP500,inflation,30,1.0,0.0,125,0.0,1.0,95,False,False,
2022-05-05,SP500,inflation,60,1.0,0.0,125,0.0,1.0,65,False,False,
2022-05-05,SP500,banking,1,1.0,0.0,125,0.0,1.0,124,False,False,
2022-05-05,SP500,banking,7,1.0,0.0,125,0.0,1.0,118,False,False,
2022-05-05,SP500,banking,14,1.0,0.0,125,0.0,1.0,111,False,False,
2022-05-05,SP500,banking,30,1.0,0.0,125,0.0,1.0,95,False,False,
2022-05-05,SP500,banking,60,1.0,0.0,125,0.0,1.0,65,False,False,
2022-05-05,SP500,gold,1,1.0,0.0,125,0.0,1.0,124,False,False,
2022-05-05,SP500,gold,7,1.0,0.0,125,0.0,1.0,118,False,False,
2022-05-05,SP500,gold,14,1.0,0.0,125,0.0,1.0,111,False,False,
2022-05-05,SP500,gold,30,1.0,0.0,125,0.0,1.0,95,False,False,
2022-05-05,SP500,gold,60,1.0,0.0,125,0.0,1.0,65,False,False,
2022-05-05,MSCI_WORLD,oil,1,1.0,0.0,125,0.0,1.0,124,False,False,
2022-05-05,MSCI_WORLD,oil,7,1.0,0.0,125,0.0,1.0,118,False,False,
2022-05-05,MSCI_WORLD,oil,14,1.0,0.0,125,0.0,1.0,111,False,False,
2022-05-05,MSCI_WORLD,oil,30,1.0,0.0,125,0.0,1.0,95,False,False,
2022-05-05,MSCI_WORLD,oil,60,1.0,0.0,125,0.0,1.0,65,False,False,
2022-05-05,MSCI_WORLD,rate,1,1.0,0.0,125,0.0,1.0,124,False,False,
2022-05-05,MSCI_WORLD,rate,7,1.0,0.0,125,0.0,1.0,118,False,False,
2022-05-05,MSCI_WORLD,rate,14,1.0,0.0,125,0.0,1.0,111,False,False,
2022-05-05,MSCI_WORLD,rate,30,1.0,0.0,125,0.0,1.0,95,False,False,
2022-05-05,MSCI_WORLD,rate,60,1.0,0.0,125,0.0,1.0,65,False,False,
2022-05-05,MSCI_WORLD,ruble,1,1.0,0.0,125,0.0,1.0,124,False,False,
2022-05-05,MSCI_WORLD,ruble,7,1.0,0.0,125,0.0,1.0,118,False,False,
2022-05-05,MSCI_WORLD,ruble,14,1.0,0.0,125,0.0,1.0,111,False,False,
2022-05-05,MSCI_WORLD,ruble,30,1.0,0.0,125,0.0,1.0,95,False,False,
2022-05-05,MSCI_WORLD,ruble,60,1.0,0.0,125,0.0,1.0,65,False,False,
2022-05-05,MSCI_WORLD,sanctions,1,1.0,0.0,125,0.0,1.0,124,False,False,
2022-05-05,MSCI_WORLD,sanctions,7,1.0,0.0,125,0.0,1.0,118,False,False,
2022-05-05,MSCI_WORLD,sanctions,14,1.0,0.0,125,0.0,1.0,111,False,False,
2022-05-05,MSCI_WORLD,sanctions,30,1.0,0.0,125,0.0,1.0,95,False,False,
2022-05-05,MSCI_WORLD,sanctions,60,1.0,0.0,125,0.0,1.0,65,False,False,
2022-05-05,MSCI_WORLD,inflation,1,1.0,0.0,125,0.0,1.0,124,False,False,
2022-05-05,MSCI_WORLD,inflation,7,1.0,0.0,125,0.0,1.0,118,False,False,
2022-05-05,MSCI_WORLD,inflation,14,1.0,0.0,125,0.0,1.0,111,False,False,
2022-05-05,MSCI_WORLD,inflation,30,1.0,0.0,125,0.0,1.0,95,False,False,
2022-05-05,MSCI_WORLD,inflation,60,1.0,0.0,125,0.0,1.0,65,False,False,
2022-05-05,MSCI_WORLD,banking,1,1.0,0.0,125,0.0,1.0,124,False,False,
2022-05-05,MSCI_WORLD,banking,7,1.0,0.0,125,0.0,1.0,118,False,False,
2022-05-05,MSCI_WORLD,banking,14,1.0,0.0,125,0.0,1.0,111,False,False,
2022-05-05,MSCI_WORLD,banking,30,1.0,0.0,125,0.0,1.0,95,False,False,
2022-05-05,MSCI_WORLD,banking,60,1.0,0.0,125,0.0,1.0,65,False,False,
2022-05-05,MSCI_WORLD,gold,1,1.0,0.0,125,0.0,1.0,124,False,False,
2022-05-05,MSCI_WORLD,gold,7,1.0,0.0,125,0.0,1.0,118,False,False,
2022-05-05,MSCI_WORLD,gold,14,1.0,0.0,125,0.0,1.0,111,False,False,
2022-05-05,MSCI_WORLD,gold,30,1.0,0.0,125,0.0,1.0,95,False,False,
2022-05-05,MSCI_WORLD,gold,60,1.0,0.0,125,0.0,1.0,65,False,False,
2022-05-05,DXY,oil,1,1.0,0.0,125,0.0,1.0,124,False,False,
2022-05-05,DXY,oil,7,1.0,0.0,125,0.0,1.0,118,False,False,
2022-05-05,DXY,oil,14,1.0,0.0,125,0.0,1.0,111,False,False,
2022-05-05,DXY,oil,30,1.0,0.0,125,0.0,1.0,95,False,False,
2022-05-05,DXY,oil,60,1.0,0.0,125,0.0,1.0,65,False,False,
2022-05-05,DXY,rate,1,1.0,0.0,125,0.0,1.0,124,False,False,
2022-05-05,DXY,rate,7,1.0,0.0,125,0.0,1.0,118,False,False,
2022-05-05,DXY,rate,14,1.0,0.0,125,0.0,1.0,111,False,False,
2022-05-05,DXY,rate,30,1.0,0.0,125,0.0,1.0,95,False,False,
2022-05-05,DXY,rate,60,1.0,0.0,125,0.0,1.0,65,False,False,
2022-05-05,DXY,ruble,1,1.0,0.0,125,0.0,1.0,124,False,False,
2022-05-05,DXY,ruble,7,1.0,0.0,125,0.0,1.0,118,False,False,
2022-05-05,DXY,ruble,14,1.0,0.0,125,0.0,1.0,111,False,False,
2022-05-05,DXY,ruble,30,1.0,0.0,125,0.0,1.0,95,False,False,
2022-05-05,DXY,ruble,60,1.0,0.0,125,0.0,1.0,65,False,False,
2022-05-05,DXY,sanctions,1,1.0,0.0,125,0.0,1.0,124,False,False,
2022-05-05,DXY,sanctions,7,1.0,0.0,125,0.0,1.0,118,False,False,
2022-05-05,DXY,sanctions,14,1.0,0.0,125,0.0,1.0,111,False,False,
2022-05-05,DXY,sanctions,30,1.0,0.0,125,0.0,1.0,95,False,False,
2022-05-05,DXY,sanctions,60,1.0,0.0,125,0.0,1.0,65,False,False,
2022-05-05,DXY,inflation,1,1.0,0.0,125,0.0,1.0,124,False,False,
2022-05-05,DXY,inflation,7,1.0,0.0,125,0.0,1.0,118,False,False,
2022-05-05,DXY,inflation,14,1.0,0.0,125,0.0,1.0,111,False,False,
2022-05-05,DXY,inflation,30,1.0,0.0,125,0.0,1.0,95,False,False,
2022-05-05,DXY,inflation,60,1.0,0.0,125,0.0,1.0,65,False,False,
2022-05-05,DXY,banking,1,1.0,0.0,125,0.0,1.0,124,False,False,
2022-05-05,DXY,banking,7,1.0,0.0,125,0.0,1.0,118,False,False,
2022-05-05,DXY,banking,14,1.0,0.0,125,0.0,1.0,111,False,False,
2022-05-05,DXY,banking,30,1.0,0.0,125,0.0,1.0,95,False,False,
2022-05-05,DXY,banking,60,1.0,0.0,125,0.0,1.0,65,False,False,
2022-05-05,DXY,gold,1,1.0,0.0,125,0.0,1.0,124,False,False,
2022-05-05,DXY,gold,7,1.0,0.0,125,0.0,1.0,118,False,False,
2022-05-05,DXY,gold,14,1.0,0.0,125,0.0,1.0,111,False,False,
2022-05-05,DXY,gold,30,1.0,0.0,125,0.0,1.0,95,False,False,
2022-05-05,DXY,gold,60,1.0,0.0,125,0.0,1.0,65,False,False,
2022-05-05,MSCI_INDIA,oil,1,1.0,0.0,125,0.0,1.0,124,False,False,
2022-05-05,MSCI_INDIA,oil,7,1.0,0.0,125,0.0,1.0,118,False,False,
2022-05-05,MSCI_INDIA,oil,14,1.0,0.0,125,0.0,1.0,111,False,False,
2022-05-05,MSCI_INDIA,oil,30,1.0,0.0,125,0.0,1.0,95,False,False,
2022-05-05,MSCI_INDIA,oil,60,1.0,0.0,125,0.0,1.0,65,False,False,
2022-05-05,MSCI_INDIA,rate,1,1.0,0.0,125,0.0,1.0,124,False,False,
2022-05-05,MSCI_INDIA,rate,7,1.0,0.0,125,0.0,1.0,118,False,False,
2022-05-05,MSCI_INDIA,rate,14,1.0,0.0,125,0.0,1.0,111,False,False,
2022-05-05,MSCI_INDIA,rate,30,1.0,0.0,125,0.0,1.0,95,False,False,
2022-05-05,MSCI_INDIA,rate,60,1.0,0.0,125,0.0,1.0,65,False,False,
2022-05-05,MSCI_INDIA,ruble,1,1.0,0.0,125,0.0,1.0,124,False,False,
2022-05-05,MSCI_INDIA,ruble,7,1.0,0.0,125,0.0,1.0,118,False,False,
2022-05-05,MSCI_INDIA,ruble,14,1.0,0.0,125,0.0,1.0,111,False,False,
2022-05-05,MSCI_INDIA,ruble,30,1.0,0.0,125,0.0,1.0,95,False,False,
2022-05-05,MSCI_INDIA,ruble,60,1.0,0.0,125,0.0,1.0,65,False,False,
2022-05-05,MSCI_INDIA,sanctions,1,1.0,0.0,125,0.0,1.0,124,False,False,
2022-05-05,MSCI_INDIA,sanctions,7,1.0,0.0,125,0.0,1.0,118,False,False,
2022-05-05,MSCI_INDIA,sanctions,14,1.0,0.0,125,0.0,1.0,111,False,False,
2022-05-05,MSCI_INDIA,sanctions,30,1.0,0.0,125,0.0,1.0,95,False,False,
2022-05-05,MSCI_INDIA,sanctions,60,1.0,0.0,125,0.0,1.0,65,False,False,
2022-05-05,MSCI_INDIA,inflation,1,1.0,0.0,125,0.0,1.0,124,False,False,
2022-05-05,MSCI_INDIA,inflation,7,1.0,0.0,125,0.0,1.0,118,False,False,
2022-05-05,MSCI_INDIA,inflation,14,1.0,0.0,125,0.0,1.0,111,False,False,
2022-05-05,MSCI_INDIA,inflation,30,1.0,0.0,125,0.0,1.0,95,False,False,
2022-05-05,MSCI_INDIA,inflation,60,1.0,0.0,125,0.0,1.0,65,False,False,
2022-05-05,MSCI_INDIA,banking,1,1.0,0.0,125,0.0,1.0,124,False,False,
2022-05-05,MSCI_INDIA,banking,7,1.0,0.0,125,0.0,1.0,118,False,False,
2022-05-05,MSCI_INDIA,banking,14,1.0,0.0,125,0.0,1.0,111,False,False,
2022-05-05,MSCI_INDIA,banking,30,1.0,0.0,125,0.0,1.0,95,False,False,
2022-05-05,MSCI_INDIA,banking,60,1.0,0.0,125,0.0,1.0,65,False,False,
2022-05-05,MSCI_INDIA,gold,1,1.0,0.0,125,0.0,1.0,124,False,False,
2022-05-05,MSCI_INDIA,gold,7,1.0,0.0,125,0.0,1.0,118,False,False,
2022-05-05,MSCI_INDIA,gold,14,1.0,0.0,125,0.0,1.0,111,False,False,
2022-05-05,MSCI_INDIA,gold,30,1.0,0.0,125,0.0,1.0,95,False,False,
2022-05-05,MSCI_INDIA,gold,60,1.0,0.0,125,0.0,1.0,65,False,False,
2022-05-08,USD_RUB,oil,1,1.0,0.0,125,0.0,1.0,124,False,False,
2022-05-08,USD_RUB,oil,7,1.0,0.0,125,0.0,1.0,118,False,False,
2022-05-08,USD_RUB,oil,14,1.0,0.0,125,0.0,1.0,111,False,False,
2022-05-08,USD_RUB,oil,30,1.0,0.0,125,0.0,1.0,95,False,False,
2022-05-08,USD_RUB,oil,60,1.0,0.0,125,0.0,1.0,65,False,False,
2022-05-08,USD_RUB,rate,1,1.0,0.0,125,0.0,1.0,124,False,False,
2022-05-08,USD_RUB,rate,7,1.0,0.0,125,0.0,1.0,118,False,False,
2022-05-08,USD_RUB,rate,14,1.0,0.0,125,0.0,1.0,111,False,False,
2022-05-08,USD_RUB,rate,30,1.0,0.0,125,0.0,1.0,95,False,False,
2022-05-08,USD_RUB,rate,60,1.0,0.0,125,0.0,1.0,65,False,False,
2022-05-08,USD_RUB,ruble,1,1.0,0.0,125,0.0,1.0,124,False,False,
2022-05-08,USD_RUB,ruble,7,1.0,0.0,125,0.0,1.0,118,False,False,
2022-05-08,USD_RUB,ruble,14,1.0,0.0,125,0.0,1.0,111,False,False,
2022-05-08,USD_RUB,ruble,30,1.0,0.0,125,0.0,1.0,95,False,False,
2022-05-08,USD_RUB,ruble,60,1.0,0.0,125,0.0,1.0,65,False,False,
2022-05-08,USD_RUB,sanctions,1,1.0,0.0,125,0.0,1.0,124,False,False,
2022-05-08,USD_RUB,sanctions,7,1.0,0.0,125,0.0,1.0,118,False,False,
2022-05-08,USD_RUB,sanctions,14,1.0,0.0,125,0.0,1.0,111,False,False,
2022-05-08,USD_RUB,sanctions,30,1.0,0.0,125,0.0,1.0,95,False,False,
2022-05-08,USD_RUB,sanctions,60,1.0,0.0,125,0.0,1.0,65,False,False,
2022-05-08,USD_RUB,inflation,1,1.0,0.0,125,0.0,1.0,124,False,False,
2022-05-08,USD_RUB,inflation,7,1.0,0.0,125,0.0,1.0,118,False,False,
2022-05-08,USD_RUB,inflation,14,1.0,0.0,125,0.0,1.0,111,False,False,
2022-05-08,USD_RUB,inflation,30,1.0,0.0,125,0.0,1.0,95,False,False,
2022-05-08,USD_RUB,inflation,60,1.0,0.0,125,0.0,1.0,65,False,False,
2022-05-08,USD_RUB,banking,1,1.0,0.0,125,0.0,1.0,124,False,False,
2022-05-08,USD_RUB,banking,7,1.0,0.0,125,0.0,1.0,118,False,False,
2022-05-08,USD_RUB,banking,14,1.0,0.0,125,0.0,1.0,111,False,False,
2022-05-08,USD_RUB,banking,30,1.0,0.0,125,0.0,1.0,95,False,False,
2022-05-08,USD_RUB,banking,60,1.0,0.0,125,0.0,1.0,65,False,False,
2022-05-08,USD_RUB,gold,1,1.0,0.0,125,0.0,1.0,124,False,False,
2022-05-08,USD_RUB,gold,7,1.0,0.0,125,0.0,1.0,118,False,False,
2022-05-08,USD_RUB,gold,14,1.0,0.0,125,0.0,1.0,111,False,False,
2022-05-08,USD_RUB,gold,30,1.0,0.0,125,0.0,1.0,95,False,False,
2022-05-08,USD_RUB,gold,60,1.0,0.0,125,0.0,1.0,65,False,False,
2022-05-08,EUR_RUB,oil,1,1.0,0.0,125,0.0,1.0,124,False,False,
2022-05-08,EUR_RUB,oil,7,1.0,0.0,125,0.0,1.0,118,False,False,
2022-05-08,EUR_RUB,oil,14,1.0,0.0,125,0.0,1.0,111,False,False,
2022-05-08,EUR_RUB,oil,30,1.0,0.0,125,0.0,1.0,95,False,False,
2022-05-08,EUR_RUB,oil,60,1.0,0.0,125,0.0,1.0,65,False,False,
2022-05-08,EUR_RUB,rate,1,1.0,0.0,125,0.0,1.0,124,False,False,
2022-05-08,EUR_RUB,rate,7,1.0,0.0,125,0.0,1.0,118,False,False,
2022-05-08,EUR_RUB,rate,14,1.0,0.0,125,0.0,1.0,111,False,False,
2022-05-08,EUR_RUB,rate,30,1.0,0.0,125,0.0,1.0,95,False,False,
2022-05-08,EUR_RUB,rate,60,1.0,0.0,125,0.0,1.0,65,False,False,
2022-05-08,EUR_RUB,ruble,1,1.0,0.0,125,0.0,1.0,124,False,False,
2022-05-08,EUR_RUB,ruble,7,1.0,0.0,125,0.0,1.0,118,False,False,
2022-05-08,EUR_RUB,ruble,14,1.0,0.0,125,0.0,1.0,111,False,False,
2022-05-08,EUR_RUB,ruble,30,1.0,0.0,125,0.0,1.0,95,False,False,
2022-05-08,EUR_RUB,ruble,60,1.0,0.0,125,0.0,1.0,65,False,False,
2022-05-08,EUR_RUB,sanctions,1,1.0,0.0,125,0.0,1.0,124,False,False,
2022-05-08,EUR_RUB,sanctions,7,1.0,0.0,125,0.0,1.0,118,False,False,
2022-05-08,EUR_RUB,sanctions,14,1.0,0.0,125,0.0,1.0,111,False,False,
2022-05-08,EUR_RUB,sanctions,30,1.0,0.0,125,0.0,1.0,95,False,False,
2022-05-08,EUR_RUB,sanctions,60,1.0,0.0,125,0.0,1.0,65,False,False,
2022-05-08,EUR_RUB,inflation,1,1.0,0.0,125,0.0,1.0,124,False,False,
2022-05-08,EUR_RUB,inflation,7,1.0,0.0,125,0.0,1.0,118,False,False,
2022-05-08,EUR_RUB,inflation,14,1.0,0.0,125,0.0,1.0,111,False,False,
2022-05-08,EUR_RUB,inflation,30,1.0,0.0,125,0.0,1.0,95,False,False,
2022-05-08,EUR_RUB,inflation,60,1.0,0.0,125,0.0,1.0,65,False,False,
2022-05-08,EUR_RUB,banking,1,1.0,0.0,125,0.0,1.0,124,False,False,
2022-05-08,EUR_RUB,banking,7,1.0,0.0,125,0.0,1.0,118,False,False,
2022-05-08,EUR_RUB,banking,14,1.0,0.0,125,0.0,1.0,111,False,False,
2022-05-08,EUR_RUB,banking,30,1.0,0.0,125,0.0,1.0,95,False,False,
2022-05-08,EUR_RUB,banking,60,1.0,0.0,125,0.0,1.0,65,False,False,
2022-05-08,EUR_RUB,gold,1,1.0,0.0,125,0.0,1.0,124,False,False,
2022-05-08,EUR_RUB,gold,7,1.0,0.0,125,0.0,1.0,118,False,False,
2022-05-08,EUR_RUB,gold,14,1.0,0.0,125,0.0,1.0,111,False,False,
2022-05-08,EUR_RUB,gold,30,1.0,0.0,125,0.0,1.0,95,False,False,
2022-05-08,EUR_RUB,gold,60,1.0,0.0,125,0.0,1.0,65,False,False,
2022-05-08,BRENT,oil,1,1.0,0.0,125,0.0,1.0,124,False,False,
2022-05-08,BRENT,oil,7,1.0,0.0,125,0.0,1.0,118,False,False,
2022-05-08,BRENT,oil,14,1.0,0.0,125,0.0,1.0,111,False,False,
2022-05-08,BRENT,oil,30,1.0,0.0,125,0.0,1.0,95,False,False,
2022-05-08,BRENT,oil,60,1.0,0.0,125,0.0,1.0,65,False,False,
2022-05-08,BRENT,rate,1,1.0,0.0,125,0.0,1.0,124,False,False,
2022-05-08,BRENT,rate,7,1.0,0.0,125,0.0,1.0,118,False,False,
2022-05-08,BRENT,rate,14,1.0,0.0,125,0.0,1.0,111,False,False,
2022-05-08,BRENT,rate,30,1.0,0.0,125,0.0,1.0,95,False,False,
2022-05-08,BRENT,rate,60,1.0,0.0,125,0.0,1.0,65,False,False,
2022-05-08,BRENT,ruble,1,1.0,0.0,125,0.0,1.0,124,False,False,
2022-05-08,BRENT,ruble,7,1.0,0.0,125,0.0,1.0,118,False,False,
2022-05-08,BRENT,ruble,14,1.0,0.0,125,0.0,1.0,111,False,False,
2022-05-08,BRENT,ruble,30,1.0,0.0,125,0.0,1.0,95,False,False,
2022-05-08,BRENT,ruble,60,1.0,0.0,125,0.0,1.0,65,False,False,
2022-05-08,BRENT,sanctions,1,1.0,0.0,125,0.0,1.0,124,False,False,
2022-05-08,BRENT,sanctions,7,1.0,0.0,125,0.0,1.0,118,False,False,
2022-05-08,BRENT,sanctions,14,1.0,0.0,125,0.0,1.0,111,False,False,
2022-05-08,BRENT,sanctions,30,1.0,0.0,125,0.0,1.0,95,False,False,
2022-05-08,BRENT,sanctions,60,1.0,0.0,125,0.0,1.0,65,False,False,
2022-05-08,BRENT,inflation,1,1.0,0.0,125,0.0,1.0,124,False,False,
2022-05-08,BRENT,inflation,7,1.0,0.0,125,0.0,1.0,118,False,False,
2022-05-08,BRENT,inflation,14,1.0,0.0,125,0.0,1.0,111,False,False,
2022-05-08,BRENT,inflation,30,1.0,0.0,125,0.0,1.0,95,False,False,
2022-05-08,BRENT,inflation,60,1.0,0.0,125,0.0,1.0,65,False,False,
2022-05-08,BRENT,banking,1,1.0,0.0,125,0.0,1.0,124,False,False,
2022-05-08,BRENT,banking,7,1.0,0.0,125,0.0,1.0,118,False,False,
2022-05-08,BRENT,banking,14,1.0,0.0,125,0.0,1.0,111,False,False,
2022-05-08,BRENT,banking,30,1.0,0.0,125,0.0,1.0,95,False,False,
2022-05-08,BRENT,banking,60,1.0,0.0,125,0.0,1.0,65,False,False,
2022-05-08,BRENT,gold,1,1.0,0.0,125,0.0,1.0,124,False,False,
2022-05-08,BRENT,gold,7,1.0,0.0,125,0.0,1.0,118,False,False,
2022-05-08,BRENT,gold,14,1.0,0.0,125,0.0,1.0,111,False,False,
2022-05-08,BRENT,gold,30,1.0,0.0,125,0.0,1.0,95,False,False,
2022-05-08,BRENT,gold,60,1.0,0.0,125,0.0,1.0,65,False,False,
2022-05-08,SP500,oil,1,1.0,0.0,125,0.0,1.0,124,False,False,
2022-05-08,SP500,oil,7,1.0,0.0,125,0.0,1.0,118,False,False,
2022-05-08,SP500,oil,14,1.0,0.0,125,0.0,1.0,111,False,False,
2022-05-08,SP500,oil,30,1.0,0.0,125,0.0,1.0,95,False,False,
2022-05-08,SP500,oil,60,1.0,0.0,125,0.0,1.0,65,False,False,
2022-05-08,SP500,rate,1,1.0,0.0,125,0.0,1.0,124,False,False,
2022-05-08,SP500,rate,7,1.0,0.0,125,0.0,1.0,118,False,False,
2022-05-08,SP500,rate,14,1.0,0.0,125,0.0,1.0,111,False,False,
2022-05-08,SP500,rate,30,1.0,0.0,125,0.0,1.0,95,False,False,
2022-05-08,SP500,rate,60,1.0,0.0,125,0.0,1.0,65,False,False,
2022-05-08,SP500,ruble,1,1.0,0.0,125,0.0,1.0,124,False,False,
2022-05-08,SP500,ruble,7,1.0,0.0,125,0.0,1.0,118,False,False,
2022-05-08,SP500,ruble,14,1.0,0.0,125,0.0,1.0,111,False,False,
2022-05-08,SP500,ruble,30,1.0,0.0,125,0.0,1.0,95,False,False,
2022-05-08,SP500,ruble,60,1.0,0.0,125,0.0,1.0,65,False,False,
2022-05-08,SP500,sanctions,1,1.0,0.0,125,0.0,1.0,124,False,False,
2022-05-08,SP500,sanctions,7,1.0,0.0,125,0.0,1.0,118,False,False,
2022-05-08,SP500,sanctions,14,1.0,0.0,125,0.0,1.0,111,False,False,
2022-05-08,SP500,sanctions,30,1.0,0.0,125,0.0,1.0,95,False,False,
2022-05-08,SP500,sanctions,60,1.0,0.0,125,0.0,1.0,65,False,False,
2022-05-08,SP500,inflation,1,1.0,0.0,125,0.0,1.0,124,False,False,
2022-05-08,SP500,inflation,7,1.0,0.0,125,0.0,1.0,118,False,False,
2022-05-08,SP500,inflation,14,1.0,0.0,125,0.0,1.0,111,False,False,
2022-05-08,SP500,inflation,30,1.0,0.0,125,0.0,1.0,95,False,False,
2022-05-08,SP500,inflation,60,1.0,0.0,125,0.0,1.0,65,False,False,
2022-05-08,SP500,banking,1,1.0,0.0,125,0.0,1.0,124,False,False,
2022-05-08,SP500,banking,7,1.0,0.0,125,0.0,1.0,118,False,False,
2022-05-08,SP500,banking,14,1.0,0.0,125,0.0,1.0,111,False,False,
2022-05-08,SP500,banking,30,1.0,0.0,125,0.0,1.0,95,False,False,
2022-05-08,SP500,banking,60,1.0,0.0,125,0.0,1.0,65,False,False,
2022-05-08,SP500,gold,1,1.0,0.0,125,0.0,1.0,124,False,False,
2022-05-08,SP500,gold,7,1.0,0.0,125,0.0,1.0,118,False,False,
2022-05-08,SP500,gold,14,1.0,0.0,125,0.0,1.0,111,False,False,
2022-05-08,SP500,gold,30,1.0,0.0,125,0.0,1.0,95,False,False,
2022-05-08,SP500,gold,60,1.0,0.0,125,0.0,1.0,65,False,False,
2022-05-08,MSCI_WORLD,oil,1,1.0,0.0,125,0.0,1.0,124,False,False,
2022-05-08,MSCI_WORLD,oil,7,1.0,0.0,125,0.0,1.0,118,False,False,
2022-05-08,MSCI_WORLD,oil,14,1.0,0.0,125,0.0,1.0,111,False,False,
2022-05-08,MSCI_WORLD,oil,30,1.0,0.0,125,0.0,1.0,95,False,False,
2022-05-08,MSCI_WORLD,oil,60,1.0,0.0,125,0.0,1.0,65,False,False,
2022-05-08,MSCI_WORLD,rate,1,1.0,0.0,125,0.0,1.0,124,False,False,
2022-05-08,MSCI_WORLD,rate,7,1.0,0.0,125,0.0,1.0,118,False,False,
2022-05-08,MSCI_WORLD,rate,14,1.0,0.0,125,0.0,1.0,111,False,False,
2022-05-08,MSCI_WORLD,rate,30,1.0,0.0,125,0.0,1.0,95,False,False,
2022-05-08,MSCI_WORLD,rate,60,1.0,0.0,125,0.0,1.0,65,False,False,
2022-05-08,MSCI_WORLD,ruble,1,1.0,0.0,125,0.0,1.0,124,False,False,
2022-05-08,MSCI_WORLD,ruble,7,1.0,0.0,125,0.0,1.0,118,False,False,
2022-05-08,MSCI_WORLD,ruble,14,1.0,0.0,125,0.0,1.0,111,False,False,
2022-05-08,MSCI_WORLD,ruble,30,1.0,0.0,125,0.0,1.0,95,False,False,
2022-05-08,MSCI_WORLD,ruble,60,1.0,0.0,125,0.0,1.0,65,False,False,
2022-05-08,MSCI_WORLD,sanctions,1,1.0,0.0,125,0.0,1.0,124,False,False,
2022-05-08,MSCI_WORLD,sanctions,7,1.0,0.0,125,0.0,1.0,118,False,False,
2022-05-08,MSCI_WORLD,sanctions,14,1.0,0.0,125,0.0,1.0,111,False,False,
2022-05-08,MSCI_WORLD,sanctions,30,1.0,0.0,125,0.0,1.0,95,False,False,
2022-05-08,MSCI_WORLD,sanctions,60,1.0,0.0,125,0.0,1.0,65,False,False,
2022-05-08,MSCI_WORLD,inflation,1,1.0,0.0,125,0.0,1.0,124,False,False,
2022-05-08,MSCI_WORLD,inflation,7,1.0,0.0,125,0.0,1.0,118,False,False,
2022-05-08,MSCI_WORLD,inflation,14,1.0,0.0,125,0.0,1.0,111,False,False,
2022-05-08,MSCI_WORLD,inflation,30,1.0,0.0,125,0.0,1.0,95,False,False,
2022-05-08,MSCI_WORLD,inflation,60,1.0,0.0,125,0.0,1.0,65,False,False,
2022-05-08,MSCI_WORLD,banking,1,1.0,0.0,125,0.0,1.0,124,False,False,
2022-05-08,MSCI_WORLD,banking,7,1.0,0.0,125,0.0,1.0,118,False,False,
2022-05-08,MSCI_WORLD,banking,14,1.0,0.0,125,0.0,1.0,111,False,False,
2022-05-08,MSCI_WORLD,banking,30,1.0,0.0,125,0.0,1.0,95,False,False,
2022-05-08,MSCI_WORLD,banking,60,1.0,0.0,125,0.0,1.0,65,False,False,
2022-05-08,MSCI_WORLD,gold,1,1.0,0.0,125,0.0,1.0,124,False,False,
2022-05-08,MSCI_WORLD,gold,7,1.0,0.0,125,0.0,1.0,118,False,False,
2022-05-08,MSCI_WORLD,gold,14,1.0,0.0,125,0.0,1.0,111,False,False,
2022-05-08,MSCI_WORLD,gold,30,1.0,0.0,125,0.0,1.0,95,False,False,
2022-05-08,MSCI_WORLD,gold,60,1.0,0.0,125,0.0,1.0,65,False,False,
2022-05-08,DXY,oil,1,1.0,0.0,125,0.0,1.0,124,False,False,
2022-05-08,DXY,oil,7,1.0,0.0,125,0.0,1.0,118,False,False,
2022-05-08,DXY,oil,14,1.0,0.0,125,0.0,1.0,111,False,False,
2022-05-08,DXY,oil,30,1.0,0.0,125,0.0,1.0,95,False,False,
2022-05-08,DXY,oil,60,1.0,0.0,125,0.0,1.0,65,False,False,
2022-05-08,DXY,rate,1,1.0,0.0,125,0.0,1.0,124,False,False,
2022-05-08,DXY,rate,7,1.0,0.0,125,0.0,1.0,118,False,False,
2022-05-08,DXY,rate,14,1.0,0.0,125,0.0,1.0,111,False,False,
2022-05-08,DXY,rate,30,1.0,0.0,125,0.0,1.0,95,False,False,
2022-05-08,DXY,rate,60,1.0,0.0,125,0.0,1.0,65,False,False,
2022-05-08,DXY,ruble,1,1.0,0.0,125,0.0,1.0,124,False,False,
2022-05-08,DXY,ruble,7,1.0,0.0,125,0.0,1.0,118,False,False,
2022-05-08,DXY,ruble,14,1.0,0.0,125,0.0,1.0,111,False,False,
2022-05-08,DXY,ruble,30,1.0,0.0,125,0.0,1.0,95,False,False,
2022-05-08,DXY,ruble,60,1.0,0.0,125,0.0,1.0,65,False,False,
2022-05-08,DXY,sanctions,1,1.0,0.0,125,0.0,1.0,124,False,False,
2022-05-08,DXY,sanctions,7,1.0,0.0,125,0.0,1.0,118,False,False,
2022-05-08,DXY,sanctions,14,1.0,0.0,125,0.0,1.0,111,False,False,
2022-05-08,DXY,sanctions,30,1.0,0.0,125,0.0,1.0,95,False,False,
2022-05-08,DXY,sanctions,60,1.0,0.0,125,0.0,1.0,65,False,False,
2022-05-08,DXY,inflation,1,1.0,0.0,125,0.0,1.0,124,False,False,
2022-05-08,DXY,inflation,7,1.0,0.0,125,0.0,1.0,118,False,False,
2022-05-08,DXY,inflation,14,1.0,0.0,125,0.0,1.0,111,False,False,
2022-05-08,DXY,inflation,30,1.0,0.0,125,0.0,1.0,95,False,False,
2022-05-08,DXY,inflation,60,1.0,0.0,125,0.0,1.0,65,False,False,
2022-05-08,DXY,banking,1,1.0,0.0,125,0.0,1.0,124,False,False,
2022-05-08,DXY,banking,7,1.0,0.0,125,0.0,1.0,118,False,False,
2022-05-08,DXY,banking,14,1.0,0.0,125,0.0,1.0,111,False,False,
2022-05-08,DXY,banking,30,1.0,0.0,125,0.0,1.0,95,False,False,
2022-05-08,DXY,banking,60,1.0,0.0,125,0.0,1.0,65,False,False,
2022-05-08,DXY,gold,1,1.0,0.0,125,0.0,1.0,124,False,False,
2022-05-08,DXY,gold,7,1.0,0.0,125,0.0,1.0,118,False,False,
2022-05-08,DXY,gold,14,1.0,0.0,125,0.0,1.0,111,False,False,
2022-05-08,DXY,gold,30,1.0,0.0,125,0.0,1.0,95,False,False,
2022-05-08,DXY,gold,60,1.0,0.0,125,0.0,1.0,65,False,False,
2022-05-08,MSCI_INDIA,oil,1,1.0,0.0,125,0.0,1.0,124,False,False,
2022-05-08,MSCI_INDIA,oil,7,1.0,0.0,125,0.0,1.0,118,False,False,
2022-05-08,MSCI_INDIA,oil,14,1.0,0.0,125,0.0,1.0,111,False,False,
2022-05-08,MSCI_INDIA,oil,30,1.0,0.0,125,0.0,1.0,95,False,False,
2022-05-08,MSCI_INDIA,oil,60,1.0,0.0,125,0.0,1.0,65,False,False,
2022-05-08,MSCI_INDIA,rate,1,1.0,0.0,125,0.0,1.0,124,False,False,
2022-05-08,MSCI_INDIA,rate,7,1.0,0.0,125,0.0,1.0,118,False,False,
2022-05-08,MSCI_INDIA,rate,14,1.0,0.0,125,0.0,1.0,111,False,False,
2022-05-08,MSCI_INDIA,rate,30,1.0,0.0,125,0.0,1.0,95,False,False,
2022-05-08,MSCI_INDIA,rate,60,1.0,0.0,125,0.0,1.0,65,False,False,
2022-05-08,MSCI_INDIA,ruble,1,1.0,0.0,125,0.0,1.0,124,False,False,
2022-05-08,MSCI_INDIA,ruble,7,1.0,0.0,125,0.0,1.0,118,False,False,
2022-05-08,MSCI_INDIA,ruble,14,1.0,0.0,125,0.0,1.0,111,False,False,
2022-05-08,MSCI_INDIA,ruble,30,1.0,0.0,125,0.0,1.0,95,False,False,
2022-05-08,MSCI_INDIA,ruble,60,1.0,0.0,125,0.0,1.0,65,False,False,
2022-05-08,MSCI_INDIA,sanctions,1,1.0,0.0,125,0.0,1.0,124,False,False,
2022-05-08,MSCI_INDIA,sanctions,7,1.0,0.0,125,0.0,1.0,118,False,False,
2022-05-08,MSCI_INDIA,sanctions,14,1.0,0.0,125,0.0,1.0,111,False,False,
2022-05-08,MSCI_INDIA,sanctions,30,1.0,0.0,125,0.0,1.0,95,False,False,
2022-05-08,MSCI_INDIA,sanctions,60,1.0,0.0,125,0.0,1.0,65,False,False,
2022-05-08,MSCI_INDIA,inflation,1,1.0,0.0,125,0.0,1.0,124,False,False,
2022-05-08,MSCI_INDIA,inflation,7,1.0,0.0,125,0.0,1.0,118,False,False,
2022-05-08,MSCI_INDIA,inflation,14,1.0,0.0,125,0.0,1.0,111,False,False,
2022-05-08,MSCI_INDIA,inflation,30,1.0,0.0,125,0.0,1.0,95,False,False,
2022-05-08,MSCI_INDIA,inflation,60,1.0,0.0,125,0.0,1.0,65,False,False,
2022-05-08,MSCI_INDIA,banking,1,1.0,0.0,125,0.0,1.0,124,False,False,
2022-05-08,MSCI_INDIA,banking,7,1.0,0.0,125,0.0,1.0,118,False,False,
2022-05-08,MSCI_INDIA,banking,14,1.0,0.0,125,0.0,1.0,111,False,False,
2022-05-08,MSCI_INDIA,banking,30,1.0,0.0,125,0.0,1.0,95,False,False,
2022-05-08,MSCI_INDIA,banking,60,1.0,0.0,125,0.0,1.0,65,False,False,
2022-05-08,MSCI_INDIA,gold,1,1.0,0.0,125,0.0,1.0,124,False,False,
2022-05-08,MSCI_INDIA,gold,7,1.0,0.0,125,0.0,1.0,118,False,False,
2022-05-08,MSCI_INDIA,gold,14,1.0,0.0,125,0.0,1.0,111,False,False,
2022-05-08,MSCI_INDIA,gold,30,1.0,0.0,125,0.0,1.0,95,False,False,
2022-05-08,MSCI_INDIA,gold,60,1.0,0.0,125,0.0,1.0,65,False,False,
2022-05-11,USD_RUB,oil,1,1.0,0.0,125,0.0,1.0,124,False,False,
2022-05-11,USD_RUB,oil,7,1.0,0.0,125,0.0,1.0,118,False,False,
2022-05-11,USD_RUB,oil,14,1.0,0.0,125,0.0,1.0,111,False,False,
2022-05-11,USD_RUB,oil,30,1.0,0.0,125,0.0,1.0,95,False,False,
2022-05-11,USD_RUB,oil,60,1.0,0.0,125,0.0,1.0,65,False,False,
2022-05-11,USD_RUB,rate,1,1.0,0.0,125,0.0,1.0,124,False,False,
2022-05-11,USD_RUB,rate,7,1.0,0.0,125,0.0,1.0,118,False,False,
2022-05-11,USD_RUB,rate,14,1.0,0.0,125,0.0,1.0,111,False,False,
2022-05-11,USD_RUB,rate,30,1.0,0.0,125,0.0,1.0,95,False,False,
2022-05-11,USD_RUB,rate,60,1.0,0.0,125,0.0,1.0,65,False,False,
2022-05-11,USD_RUB,ruble,1,1.0,0.0,125,0.0,1.0,124,False,False,
2022-05-11,USD_RUB,ruble,7,1.0,0.0,125,0.0,1.0,118,False,False,
2022-05-11,USD_RUB,ruble,14,1.0,0.0,125,0.0,1.0,111,False,False,
2022-05-11,USD_RUB,ruble,30,1.0,0.0,125,0.0,1.0,95,False,False,
2022-05-11,USD_RUB,ruble,60,1.0,0.0,125,0.0,1.0,65,False,False,
2022-05-11,USD_RUB,sanctions,1,1.0,0.0,125,0.0,1.0,124,False,False,
2022-05-11,USD_RUB,sanctions,7,1.0,0.0,125,0.0,1.0,118,False,False,
2022-05-11,USD_RUB,sanctions,14,1.0,0.0,125,0.0,1.0,111,False,False,
2022-05-11,USD_RUB,sanctions,30,1.0,0.0,125,0.0,1.0,95,False,False,
2022-05-11,USD_RUB,sanctions,60,1.0,0.0,125,0.0,1.0,65,False,False,
2022-05-11,USD_RUB,inflation,1,1.0,0.0,125,0.0,1.0,124,False,False,
2022-05-11,USD_RUB,inflation,7,1.0,0.0,125,0.0,1.0,118,False,False,
2022-05-11,USD_RUB,inflation,14,1.0,0.0,125,0.0,1.0,111,False,False,
2022-05-11,USD_RUB,inflation,30,1.0,0.0,125,0.0,1.0,95,False,False,
2022-05-11,USD_RUB,inflation,60,1.0,0.0,125,0.0,1.0,65,False,False,
2022-05-11,USD_RUB,banking,1,1.0,0.0,125,0.0,1.0,124,False,False,
2022-05-11,USD_RUB,banking,7,1.0,0.0,125,0.0,1.0,118,False,False,
2022-05-11,USD_RUB,banking,14,1.0,0.0,125,0.0,1.0,111,False,False,
2022-05-11,USD_RUB,banking,30,1.0,0.0,125,0.0,1.0,95,False,False,
2022-05-11,USD_RUB,banking,60,1.0,0.0,125,0.0,1.0,65,False,False,
2022-05-11,USD_RUB,gold,1,1.0,0.0,125,0.0,1.0,124,False,False,
2022-05-11,USD_RUB,gold,7,1.0,0.0,125,0.0,1.0,118,False,False,
2022-05-11,USD_RUB,gold,14,1.0,0.0,125,0.0,1.0,111,False,False,
2022-05-11,USD_RUB,gold,30,1.0,0.0,125,0.0,1.0,95,False,False,
2022-05-11,USD_RUB,gold,60,1.0,0.0,125,0.0,1.0,65,False,False,
2022-05-11,EUR_RUB,oil,1,1.0,0.0,125,0.0,1.0,124,False,False,
2022-05-11,EUR_RUB,oil,7,1.0,0.0,125,0.0,1.0,118,False,False,
2022-05-11,EUR_RUB,oil,14,1.0,0.0,125,0.0,1.0,111,False,False,
2022-05-11,EUR_RUB,oil,30,1.0,0.0,125,0.0,1.0,95,False,False,
2022-05-11,EUR_RUB,oil,60,1.0,0.0,125,0.0,1.0,65,False,False,
2022-05-11,EUR_RUB,rate,1,1.0,0.0,125,0.0,1.0,124,False,False,
2022-05-11,EUR_RUB,rate,7,1.0,0.0,125,0.0,1.0,118,False,False,
2022-05-11,EUR_RUB,rate,14,1.0,0.0,125,0.0,1.0,111,False,False,
2022-05-11,EUR_RUB,rate,30,1.0,0.0,125,0.0,1.0,95,False,False,
2022-05-11,EUR_RUB,rate,60,1.0,0.0,125,0.0,1.0,65,False,False,
2022-05-11,EUR_RUB,ruble,1,1.0,0.0,125,0.0,1.0,124,False,False,
2022-05-11,EUR_RUB,ruble,7,1.0,0.0,125,0.0,1.0,118,False,False,
2022-05-11,EUR_RUB,ruble,14,1.0,0.0,125,0.0,1.0,111,False,False,
2022-05-11,EUR_RUB,ruble,30,1.0,0.0,125,0.0,1.0,95,False,False,
2022-05-11,EUR_RUB,ruble,60,1.0,0.0,125,0.0,1.0,65,False,False,
2022-05-11,EUR_RUB,sanctions,1,1.0,0.0,125,0.0,1.0,124,False,False,
2022-05-11,EUR_RUB,sanctions,7,1.0,0.0,125,0.0,1.0,118,False,False,
2022-05-11,EUR_RUB,sanctions,14,1.0,0.0,125,0.0,1.0,111,False,False,
2022-05-11,EUR_RUB,sanctions,30,1.0,0.0,125,0.0,1.0,95,False,False,
2022-05-11,EUR_RUB,sanctions,60,1.0,0.0,125,0.0,1.0,65,False,False,
2022-05-11,EUR_RUB,inflation,1,1.0,0.0,125,0.0,1.0,124,False,False,
2022-05-11,EUR_RUB,inflation,7,1.0,0.0,125,0.0,1.0,118,False,False,
2022-05-11,EUR_RUB,inflation,14,1.0,0.0,125,0.0,1.0,111,False,False,
2022-05-11,EUR_RUB,inflation,30,1.0,0.0,125,0.0,1.0,95,False,False,
2022-05-11,EUR_RUB,inflation,60,1.0,0.0,125,0.0,1.0,65,False,False,
2022-05-11,EUR_RUB,banking,1,1.0,0.0,125,0.0,1.0,124,False,False,
2022-05-11,EUR_RUB,banking,7,1.0,0.0,125,0.0,1.0,118,False,False,
2022-05-11,EUR_RUB,banking,14,1.0,0.0,125,0.0,1.0,111,False,False,
2022-05-11,EUR_RUB,banking,30,1.0,0.0,125,0.0,1.0,95,False,False,
2022-05-11,EUR_RUB,banking,60,1.0,0.0,125,0.0,1.0,65,False,False,
2022-05-11,EUR_RUB,gold,1,1.0,0.0,125,0.0,1.0,124,False,False,
2022-05-11,EUR_RUB,gold,7,1.0,0.0,125,0.0,1.0,118,False,False,
2022-05-11,EUR_RUB,gold,14,1.0,0.0,125,0.0,1.0,111,False,False,
2022-05-11,EUR_RUB,gold,30,1.0,0.0,125,0.0,1.0,95,False,False,
2022-05-11,EUR_RUB,gold,60,1.0,0.0,125,0.0,1.0,65,False,False,
2022-05-11,BRENT,oil,1,1.0,0.0,125,0.0,1.0,124,False,False,
2022-05-11,BRENT,oil,7,1.0,0.0,125,0.0,1.0,118,False,False,
2022-05-11,BRENT,oil,14,1.0,0.0,125,0.0,1.0,111,False,False,
2022-05-11,BRENT,oil,30,1.0,0.0,125,0.0,1.0,95,False,False,
2022-05-11,BRENT,oil,60,1.0,0.0,125,0.0,1.0,65,False,False,
2022-05-11,BRENT,rate,1,1.0,0.0,125,0.0,1.0,124,False,False,
2022-05-11,BRENT,rate,7,1.0,0.0,125,0.0,1.0,118,False,False,
2022-05-11,BRENT,rate,14,1.0,0.0,125,0.0,1.0,111,False,False,
2022-05-11,BRENT,rate,30,1.0,0.0,125,0.0,1.0,95,False,False,
2022-05-11,BRENT,rate,60,1.0,0.0,125,0.0,1.0,65,False,False,
2022-05-11,BRENT,ruble,1,1.0,0.0,125,0.0,1.0,124,False,False,
2022-05-11,BRENT,ruble,7,1.0,0.0,125,0.0,1.0,118,False,False,
2022-05-11,BRENT,ruble,14,1.0,0.0,125,0.0,1.0,111,False,False,
2022-05-11,BRENT,ruble,30,1.0,0.0,125,0.0,1.0,95,False,False,
2022-05-11,BRENT,ruble,60,1.0,0.0,125,0.0,1.0,65,False,False,
2022-05-11,BRENT,sanctions,1,1.0,0.0,125,0.0,1.0,124,False,False,
2022-05-11,BRENT,sanctions,7,1.0,0.0,125,0.0,1.0,118,False,False,
2022-05-11,BRENT,sanctions,14,1.0,0.0,125,0.0,1.0,111,False,False,
2022-05-11,BRENT,sanctions,30,1.0,0.0,125,0.0,1.0,95,False,False,
2022-05-11,BRENT,sanctions,60,1.0,0.0,125,0.0,1.0,65,False,False,
2022-05-11,BRENT,inflation,1,1.0,0.0,125,0.0,1.0,124,False,False,
2022-05-11,BRENT,inflation,7,1.0,0.0,125,0.0,1.0,118,False,False,
2022-05-11,BRENT,inflation,14,1.0,0.0,125,0.0,1.0,111,False,False,
2022-05-11,BRENT,inflation,30,1.0,0.0,125,0.0,1.0,95,False,False,
2022-05-11,BRENT,inflation,60,1.0,0.0,125,0.0,1.0,65,False,False,
2022-05-11,BRENT,banking,1,1.0,0.0,125,0.0,1.0,124,False,False,
2022-05-11,BRENT,banking,7,1.0,0.0,125,0.0,1.0,118,False,False,
2022-05-11,BRENT,banking,14,1.0,0.0,125,0.0,1.0,111,False,False,
2022-05-11,BRENT,banking,30,1.0,0.0,125,0.0,1.0,95,False,False,
2022-05-11,BRENT,banking,60,1.0,0.0,125,0.0,1.0,65,False,False,
2022-05-11,BRENT,gold,1,1.0,0.0,125,0.0,1.0,124,False,False,
2022-05-11,BRENT,gold,7,1.0,0.0,125,0.0,1.0,118,False,False,
2022-05-11,BRENT,gold,14,1.0,0.0,125,0.0,1.0,111,False,False,
2022-05-11,BRENT,gold,30,1.0,0.0,125,0.0,1.0,95,False,False,
2022-05-11,BRENT,gold,60,1.0,0.0,125,0.0,1.0,65,False,False,
2022-05-11,SP500,oil,1,1.0,0.0,125,0.0,1.0,124,False,False,
2022-05-11,SP500,oil,7,1.0,0.0,125,0.0,1.0,118,False,False,
2022-05-11,SP500,oil,14,1.0,0.0,125,0.0,1.0,111,False,False,
2022-05-11,SP500,oil,30,1.0,0.0,125,0.0,1.0,95,False,False,
2022-05-11,SP500,oil,60,1.0,0.0,125,0.0,1.0,65,False,False,
2022-05-11,SP500,rate,1,1.0,0.0,125,0.0,1.0,124,False,False,
2022-05-11,SP500,rate,7,1.0,0.0,125,0.0,1.0,118,False,False,
2022-05-11,SP500,rate,14,1.0,0.0,125,0.0,1.0,111,False,False,
2022-05-11,SP500,rate,30,1.0,0.0,125,0.0,1.0,95,False,False,
2022-05-11,SP500,rate,60,1.0,0.0,125,0.0,1.0,65,False,False,
2022-05-11,SP500,ruble,1,1.0,0.0,125,0.0,1.0,124,False,False,
2022-05-11,SP500,ruble,7,1.0,0.0,125,0.0,1.0,118,False,False,
2022-05-11,SP500,ruble,14,1.0,0.0,125,0.0,1.0,111,False,False,
2022-05-11,SP500,ruble,30,1.0,0.0,125,0.0,1.0,95,False,False,
2022-05-11,SP500,ruble,60,1.0,0.0,125,0.0,1.0,65,False,False,
2022-05-11,SP500,sanctions,1,1.0,0.0,125,0.0,1.0,124,False,False,
2022-05-11,SP500,sanctions,7,1.0,0.0,125,0.0,1.0,118,False,False,
2022-05-11,SP500,sanctions,14,1.0,0.0,125,0.0,1.0,111,False,False,
2022-05-11,SP500,sanctions,30,1.0,0.0,125,0.0,1.0,95,False,False,
2022-05-11,SP500,sanctions,60,1.0,0.0,125,0.0,1.0,65,False,False,
2022-05-11,SP500,inflation,1,1.0,0.0,125,0.0,1.0,124,False,False,
2022-05-11,SP500,inflation,7,1.0,0.0,125,0.0,1.0,118,False,False,
2022-05-11,SP500,inflation,14,1.0,0.0,125,0.0,1.0,111,False,False,
2022-05-11,SP500,inflation,30,1.0,0.0,125,0.0,1.0,95,False,False,
2022-05-11,SP500,inflation,60,1.0,0.0,125,0.0,1.0,65,False,False,
2022-05-11,SP500,banking,1,1.0,0.0,125,0.0,1.0,124,False,False,
2022-05-11,SP500,banking,7,1.0,0.0,125,0.0,1.0,118,False,False,
2022-05-11,SP500,banking,14,1.0,0.0,125,0.0,1.0,111,False,False,
2022-05-11,SP500,banking,30,1.0,0.0,125,0.0,1.0,95,False,False,
2022-05-11,SP500,banking,60,1.0,0.0,125,0.0,1.0,65,False,False,
2022-05-11,SP500,gold,1,1.0,0.0,125,0.0,1.0,124,False,False,
2022-05-11,SP500,gold,7,1.0,0.0,125,0.0,1.0,118,False,False,
2022-05-11,SP500,gold,14,1.0,0.0,125,0.0,1.0,111,False,False,
2022-05-11,SP500,gold,30,1.0,0.0,125,0.0,1.0,95,False,False,
2022-05-11,SP500,gold,60,1.0,0.0,125,0.0,1.0,65,False,False,
2022-05-11,MSCI_WORLD,oil,1,1.0,0.0,125,0.0,1.0,124,False,False,
2022-05-11,MSCI_WORLD,oil,7,1.0,0.0,125,0.0,1.0,118,False,False,
2022-05-11,MSCI_WORLD,oil,14,1.0,0.0,125,0.0,1.0,111,False,False,
2022-05-11,MSCI_WORLD,oil,30,1.0,0.0,125,0.0,1.0,95,False,False,
2022-05-11,MSCI_WORLD,oil,60,1.0,0.0,125,0.0,1.0,65,False,False,
2022-05-11,MSCI_WORLD,rate,1,1.0,0.0,125,0.0,1.0,124,False,False,
2022-05-11,MSCI_WORLD,rate,7,1.0,0.0,125,0.0,1.0,118,False,False,
2022-05-11,MSCI_WORLD,rate,14,1.0,0.0,125,0.0,1.0,111,False,False,
2022-05-11,MSCI_WORLD,rate,30,1.0,0.0,125,0.0,1.0,95,False,False,
2022-05-11,MSCI_WORLD,rate,60,1.0,0.0,125,0.0,1.0,65,False,False,
2022-05-11,MSCI_WORLD,ruble,1,1.0,0.0,125,0.0,1.0,124,False,False,
2022-05-11,MSCI_WORLD,ruble,7,1.0,0.0,125,0.0,1.0,118,False,False,
2022-05-11,MSCI_WORLD,ruble,14,1.0,0.0,125,0.0,1.0,111,False,False,
2022-05-11,MSCI_WORLD,ruble,30,1.0,0.0,125,0.0,1.0,95,False,False,
2022-05-11,MSCI_WORLD,ruble,60,1.0,0.0,125,0.0,1.0,65,False,False,
2022-05-11,MSCI_WORLD,sanctions,1,1.0,0.0,125,0.0,1.0,124,False,False,
2022-05-11,MSCI_WORLD,sanctions,7,1.0,0.0,125,0.0,1.0,118,False,False,
2022-05-11,MSCI_WORLD,sanctions,14,1.0,0.0,125,0.0,1.0,111,False,False,
2022-05-11,MSCI_WORLD,sanctions,30,1.0,0.0,125,0.0,1.0,95,False,False,
2022-05-11,MSCI_WORLD,sanctions,60,1.0,0.0,125,0.0,1.0,65,False,False,
2022-05-11,MSCI_WORLD,inflation,1,1.0,0.0,125,0.0,1.0,124,False,False,
2022-05-11,MSCI_WORLD,inflation,7,1.0,0.0,125,0.0,1.0,118,False,False,
2022-05-11,MSCI_WORLD,inflation,14,1.0,0.0,125,0.0,1.0,111,False,False,
2022-05-11,MSCI_WORLD,inflation,30,1.0,0.0,125,0.0,1.0,95,False,False,
2022-05-11,MSCI_WORLD,inflation,60,1.0,0.0,125,0.0,1.0,65,False,False,
2022-05-11,MSCI_WORLD,banking,1,1.0,0.0,125,0.0,1.0,124,False,False,
2022-05-11,MSCI_WORLD,banking,7,1.0,0.0,125,0.0,1.0,118,False,False,
2022-05-11,MSCI_WORLD,banking,14,1.0,0.0,125,0.0,1.0,111,False,False,
2022-05-11,MSCI_WORLD,banking,30,1.0,0.0,125,0.0,1.0,95,False,False,
2022-05-11,MSCI_WORLD,banking,60,1.0,0.0,125,0.0,1.0,65,False,False,
2022-05-11,MSCI_WORLD,gold,1,1.0,0.0,125,0.0,1.0,124,False,False,
2022-05-11,MSCI_WORLD,gold,7,1.0,0.0,125,0.0,1.0,118,False,False,
2022-05-11,MSCI_WORLD,gold,14,1.0,0.0,125,0.0,1.0,111,False,False,
2022-05-11,MSCI_WORLD,gold,30,1.0,0.0,125,0.0,1.0,95,False,False,
2022-05-11,MSCI_WORLD,gold,60,1.0,0.0,125,0.0,1.0,65,False,False,
2022-05-11,DXY,oil,1,1.0,0.0,125,0.0,1.0,124,False,False,
2022-05-11,DXY,oil,7,1.0,0.0,125,0.0,1.0,118,False,False,
2022-05-11,DXY,oil,14,1.0,0.0,125,0.0,1.0,111,False,False,
2022-05-11,DXY,oil,30,1.0,0.0,125,0.0,1.0,95,False,False,
2022-05-11,DXY,oil,60,1.0,0.0,125,0.0,1.0,65,False,False,
2022-05-11,DXY,rate,1,1.0,0.0,125,0.0,1.0,124,False,False,
2022-05-11,DXY,rate,7,1.0,0.0,125,0.0,1.0,118,False,False,
2022-05-11,DXY,rate,14,1.0,0.0,125,0.0,1.0,111,False,False,
2022-05-11,DXY,rate,30,1.0,0.0,125,0.0,1.0,95,False,False,
2022-05-11,DXY,rate,60,1.0,0.0,125,0.0,1.0,65,False,False,
2022-05-11,DXY,ruble,1,1.0,0.0,125,0.0,1.0,124,False,False,
2022-05-11,DXY,ruble,7,1.0,0.0,125,0.0,1.0,118,False,False,
2022-05-11,DXY,ruble,14,1.0,0.0,125,0.0,1.0,111,False,False,
2022-05-11,DXY,ruble,30,1.0,0.0,125,0.0,1.0,95,False,False,
2022-05-11,DXY,ruble,60,1.0,0.0,125,0.0,1.0,65,False,False,
2022-05-11,DXY,sanctions,1,1.0,0.0,125,0.0,1.0,124,False,False,
2022-05-11,DXY,sanctions,7,1.0,0.0,125,0.0,1.0,118,False,False,
2022-05-11,DXY,sanctions,14,1.0,0.0,125,0.0,1.0,111,False,False,
2022-05-11,DXY,sanctions,30,1.0,0.0,125,0.0,1.0,95,False,False,
2022-05-11,DXY,sanctions,60,1.0,0.0,125,0.0,1.0,65,False,False,
2022-05-11,DXY,inflation,1,1.0,0.0,125,0.0,1.0,124,False,False,
2022-05-11,DXY,inflation,7,1.0,0.0,125,0.0,1.0,118,False,False,
2022-05-11,DXY,inflation,14,1.0,0.0,125,0.0,1.0,111,False,False,
2022-05-11,DXY,inflation,30,1.0,0.0,125,0.0,1.0,95,False,False,
2022-05-11,DXY,inflation,60,1.0,0.0,125,0.0,1.0,65,False,False,
2022-05-11,DXY,banking,1,1.0,0.0,125,0.0,1.0,124,False,False,
2022-05-11,DXY,banking,7,1.0,0.0,125,0.0,1.0,118,False,False,
2022-05-11,DXY,banking,14,1.0,0.0,125,0.0,1.0,111,False,False,
2022-05-11,DXY,banking,30,1.0,0.0,125,0.0,1.0,95,False,False,
2022-05-11,DXY,banking,60,1.0,0.0,125,0.0,1.0,65,False,False,
2022-05-11,DXY,gold,1,1.0,0.0,125,0.0,1.0,124,False,False,
2022-05-11,DXY,gold,7,1.0,0.0,125,0.0,1.0,118,False,False,
2022-05-11,DXY,gold,14,1.0,0.0,125,0.0,1.0,111,False,False,
2022-05-11,DXY,gold,30,1.0,0.0,125,0.0,1.0,95,False,False,
2022-05-11,DXY,gold,60,1.0,0.0,125,0.0,1.0,65,False,False,
2022-05-11,MSCI_INDIA,oil,1,1.0,0.0,125,0.0,1.0,124,False,False,
2022-05-11,MSCI_INDIA,oil,7,1.0,0.0,125,0.0,1.0,118,False,False,
2022-05-11,MSCI_INDIA,oil,14,1.0,0.0,125,0.0,1.0,111,False,False,
2022-05-11,MSCI_INDIA,oil,30,1.0,0.0,125,0.0,1.0,95,False,False,
2022-05-11,MSCI_INDIA,oil,60,1.0,0.0,125,0.0,1.0,65,False,False,
2022-05-11,MSCI_INDIA,rate,1,1.0,0.0,125,0.0,1.0,124,False,False,
2022-05-11,MSCI_INDIA,rate,7,1.0,0.0,125,0.0,1.0,118,False,False,
2022-05-11,MSCI_INDIA,rate,14,1.0,0.0,125,0.0,1.0,111,False,False,
2022-05-11,MSCI_INDIA,rate,30,1.0,0.0,125,0.0,1.0,95,False,False,
2022-05-11,MSCI_INDIA,rate,60,1.0,0.0,125,0.0,1.0,65,False,False,
2022-05-11,MSCI_INDIA,ruble,1,1.0,0.0,125,0.0,1.0,124,False,False,
2022-05-11,MSCI_INDIA,ruble,7,1.0,0.0,125,0.0,1.0,118,False,False,
2022-05-11,MSCI_INDIA,ruble,14,1.0,0.0,125,0.0,1.0,111,False,False,
2022-05-11,MSCI_INDIA,ruble,30,1.0,0.0,125,0.0,1.0,95,False,False,
2022-05-11,MSCI_INDIA,ruble,60,1.0,0.0,125,0.0,1.0,65,False,False,
2022-05-11,MSCI_INDIA,sanctions,1,1.0,0.0,125,0.0,1.0,124,False,False,
2022-05-11,MSCI_INDIA,sanctions,7,1.0,0.0,125,0.0,1.0,118,False,False,
2022-05-11,MSCI_INDIA,sanctions,14,1.0,0.0,125,0.0,1.0,111,False,False,
2022-05-11,MSCI_INDIA,sanctions,30,1.0,0.0,125,0.0,1.0,95,False,False,
2022-05-11,MSCI_INDIA,sanctions,60,1.0,0.0,125,0.0,1.0,65,False,False,
2022-05-11,MSCI_INDIA,inflation,1,1.0,0.0,125,0.0,1.0,124,False,False,
2022-05-11,MSCI_INDIA,inflation,7,1.0,0.0,125,0.0,1.0,118,False,False,
2022-05-11,MSCI_INDIA,inflation,14,1.0,0.0,125,0.0,1.0,111,False,False,
2022-05-11,MSCI_INDIA,inflation,30,1.0,0.0,125,0.0,1.0,95,False,False,
2022-05-11,MSCI_INDIA,inflation,60,1.0,0.0,125,0.0,1.0,65,False,False,
2022-05-11,MSCI_INDIA,banking,1,1.0,0.0,125,0.0,1.0,124,False,False,
2022-05-11,MSCI_INDIA,banking,7,1.0,0.0,125,0.0,1.0,118,False,False,
2022-05-11,MSCI_INDIA,banking,14,1.0,0.0,125,0.0,1.0,111,False,False,
2022-05-11,MSCI_INDIA,banking,30,1.0,0.0,125,0.0,1.0,95,False,False,
2022-05-11,MSCI_INDIA,banking,60,1.0,0.0,125,0.0,1.0,65,False,False,
2022-05-11,MSCI_INDIA,gold,1,1.0,0.0,125,0.0,1.0,124,False,False,
2022-05-11,MSCI_INDIA,gold,7,1.0,0.0,125,0.0,1.0,118,False,False,
2022-05-11,MSCI_INDIA,gold,14,1.0,0.0,125,0.0,1.0,111,False,False,
2022-05-11,MSCI_INDIA,gold,30,1.0,0.0,125,0.0,1.0,95,False,False,
2022-05-11,MSCI_INDIA,gold,60,1.0,0.0,125,0.0,1.0,65,False,False,
2022-05-14,USD_RUB,oil,1,1.0,0.0,125,0.0,1.0,124,False,False,
2022-05-14,USD_RUB,oil,7,1.0,0.0,125,0.0,1.0,118,False,False,
2022-05-14,USD_RUB,oil,14,1.0,0.0,125,0.0,1.0,111,False,False,
2022-05-14,USD_RUB,oil,30,1.0,0.0,125,0.0,1.0,95,False,False,
2022-05-14,USD_RUB,oil,60,1.0,0.0,125,0.0,1.0,65,False,False,
2022-05-14,USD_RUB,rate,1,1.0,0.0,125,0.0,1.0,124,False,False,
2022-05-14,USD_RUB,rate,7,1.0,0.0,125,0.0,1.0,118,False,False,
2022-05-14,USD_RUB,rate,14,1.0,0.0,125,0.0,1.0,111,False,False,
2022-05-14,USD_RUB,rate,30,1.0,0.0,125,0.0,1.0,95,False,False,
2022-05-14,USD_RUB,rate,60,1.0,0.0,125,0.0,1.0,65,False,False,
2022-05-14,USD_RUB,ruble,1,1.0,0.0,125,0.0,1.0,124,False,False,
2022-05-14,USD_RUB,ruble,7,1.0,0.0,125,0.0,1.0,118,False,False,
2022-05-14,USD_RUB,ruble,14,1.0,0.0,125,0.0,1.0,111,False,False,
2022-05-14,USD_RUB,ruble,30,1.0,0.0,125,0.0,1.0,95,False,False,
2022-05-14,USD_RUB,ruble,60,1.0,0.0,125,0.0,1.0,65,False,False,
2022-05-14,USD_RUB,sanctions,1,1.0,0.0,125,0.0,1.0,124,False,False,
2022-05-14,USD_RUB,sanctions,7,1.0,0.0,125,0.0,1.0,118,False,False,
2022-05-14,USD_RUB,sanctions,14,1.0,0.0,125,0.0,1.0,111,False,False,
2022-05-14,USD_RUB,sanctions,30,1.0,0.0,125,0.0,1.0,95,False,False,
2022-05-14,USD_RUB,sanctions,60,1.0,0.0,125,0.0,1.0,65,False,False,
2022-05-14,USD_RUB,inflation,1,1.0,0.0,125,0.0,1.0,124,False,False,
2022-05-14,USD_RUB,inflation,7,1.0,0.0,125,0.0,1.0,118,False,False,
2022-05-14,USD_RUB,inflation,14,1.0,0.0,125,0.0,1.0,111,False,False,
2022-05-14,USD_RUB,inflation,30,1.0,0.0,125,0.0,1.0,95,False,False,
2022-05-14,USD_RUB,inflation,60,1.0,0.0,125,0.0,1.0,65,False,False,
2022-05-14,USD_RUB,banking,1,1.0,0.0,125,0.0,1.0,124,False,False,
2022-05-14,USD_RUB,banking,7,1.0,0.0,125,0.0,1.0,118,False,False,
2022-05-14,USD_RUB,banking,14,1.0,0.0,125,0.0,1.0,111,False,False,
2022-05-14,USD_RUB,banking,30,1.0,0.0,125,0.0,1.0,95,False,False,
2022-05-14,USD_RUB,banking,60,1.0,0.0,125,0.0,1.0,65,False,False,
2022-05-14,USD_RUB,gold,1,1.0,0.0,125,0.0,1.0,124,False,False,
2022-05-14,USD_RUB,gold,7,1.0,0.0,125,0.0,1.0,118,False,False,
2022-05-14,USD_RUB,gold,14,1.0,0.0,125,0.0,1.0,111,False,False,
2022-05-14,USD_RUB,gold,30,1.0,0.0,125,0.0,1.0,95,False,False,
2022-05-14,USD_RUB,gold,60,1.0,0.0,125,0.0,1.0,65,False,False,
2022-05-14,EUR_RUB,oil,1,1.0,0.0,125,0.0,1.0,124,False,False,
2022-05-14,EUR_RUB,oil,7,1.0,0.0,125,0.0,1.0,118,False,False,
2022-05-14,EUR_RUB,oil,14,1.0,0.0,125,0.0,1.0,111,False,False,
2022-05-14,EUR_RUB,oil,30,1.0,0.0,125,0.0,1.0,95,False,False,
2022-05-14,EUR_RUB,oil,60,1.0,0.0,125,0.0,1.0,65,False,False,
2022-05-14,EUR_RUB,rate,1,1.0,0.0,125,0.0,1.0,124,False,False,
2022-05-14,EUR_RUB,rate,7,1.0,0.0,125,0.0,1.0,118,False,False,
2022-05-14,EUR_RUB,rate,14,1.0,0.0,125,0.0,1.0,111,False,False,
2022-05-14,EUR_RUB,rate,30,1.0,0.0,125,0.0,1.0,95,False,False,
2022-05-14,EUR_RUB,rate,60,1.0,0.0,125,0.0,1.0,65,False,False,
2022-05-14,EUR_RUB,ruble,1,1.0,0.0,125,0.0,1.0,124,False,False,
2022-05-14,EUR_RUB,ruble,7,1.0,0.0,125,0.0,1.0,118,False,False,
2022-05-14,EUR_RUB,ruble,14,1.0,0.0,125,0.0,1.0,111,False,False,
2022-05-14,EUR_RUB,ruble,30,1.0,0.0,125,0.0,1.0,95,False,False,
2022-05-14,EUR_RUB,ruble,60,1.0,0.0,125,0.0,1.0,65,False,False,
2022-05-14,EUR_RUB,sanctions,1,1.0,0.0,125,0.0,1.0,124,False,False,
2022-05-14,EUR_RUB,sanctions,7,1.0,0.0,125,0.0,1.0,118,False,False,
2022-05-14,EUR_RUB,sanctions,14,1.0,0.0,125,0.0,1.0,111,False,False,
2022-05-14,EUR_RUB,sanctions,30,1.0,0.0,125,0.0,1.0,95,False,False,
2022-05-14,EUR_RUB,sanctions,60,1.0,0.0,125,0.0,1.0,65,False,False,
2022-05-14,EUR_RUB,inflation,1,1.0,0.0,125,0.0,1.0,124,False,False,
2022-05-14,EUR_RUB,inflation,7,1.0,0.0,125,0.0,1.0,118,False,False,
2022-05-14,EUR_RUB,inflation,14,1.0,0.0,125,0.0,1.0,111,False,False,
2022-05-14,EUR_RUB,inflation,30,1.0,0.0,125,0.0,1.0,95,False,False,
2022-05-14,EUR_RUB,inflation,60,1.0,0.0,125,0.0,1.0,65,False,False,
2022-05-14,EUR_RUB,banking,1,1.0,0.0,125,0.0,1.0,124,False,False,
2022-05-14,EUR_RUB,banking,7,1.0,0.0,125,0.0,1.0,118,False,False,
2022-05-14,EUR_RUB,banking,14,1.0,0.0,125,0.0,1.0,111,False,False,
2022-05-14,EUR_RUB,banking,30,1.0,0.0,125,0.0,1.0,95,False,False,
2022-05-14,EUR_RUB,banking,60,1.0,0.0,125,0.0,1.0,65,False,False,
2022-05-14,EUR_RUB,gold,1,1.0,0.0,125,0.0,1.0,124,False,False,
2022-05-14,EUR_RUB,gold,7,1.0,0.0,125,0.0,1.0,118,False,False,
2022-05-14,EUR_RUB,gold,14,1.0,0.0,125,0.0,1.0,111,False,False,
2022-05-14,EUR_RUB,gold,30,1.0,0.0,125,0.0,1.0,95,False,False,
2022-05-14,EUR_RUB,gold,60,1.0,0.0,125,0.0,1.0,65,False,False,
2022-05-14,BRENT,oil,1,1.0,0.0,125,0.0,1.0,124,False,False,
2022-05-14,BRENT,oil,7,1.0,0.0,125,0.0,1.0,118,False,False,
2022-05-14,BRENT,oil,14,1.0,0.0,125,0.0,1.0,111,False,False,
2022-05-14,BRENT,oil,30,1.0,0.0,125,0.0,1.0,95,False,False,
2022-05-14,BRENT,oil,60,1.0,0.0,125,0.0,1.0,65,False,False,
2022-05-14,BRENT,rate,1,1.0,0.0,125,0.0,1.0,124,False,False,
2022-05-14,BRENT,rate,7,1.0,0.0,125,0.0,1.0,118,False,False,
2022-05-14,BRENT,rate,14,1.0,0.0,125,0.0,1.0,111,False,False,
2022-05-14,BRENT,rate,30,1.0,0.0,125,0.0,1.0,95,False,False,
2022-05-14,BRENT,rate,60,1.0,0.0,125,0.0,1.0,65,False,False,
2022-05-14,BRENT,ruble,1,1.0,0.0,125,0.0,1.0,124,False,False,
2022-05-14,BRENT,ruble,7,1.0,0.0,125,0.0,1.0,118,False,False,
2022-05-14,BRENT,ruble,14,1.0,0.0,125,0.0,1.0,111,False,False,
2022-05-14,BRENT,ruble,30,1.0,0.0,125,0.0,1.0,95,False,False,
2022-05-14,BRENT,ruble,60,1.0,0.0,125,0.0,1.0,65,False,False,
2022-05-14,BRENT,sanctions,1,1.0,0.0,125,0.0,1.0,124,False,False,
2022-05-14,BRENT,sanctions,7,1.0,0.0,125,0.0,1.0,118,False,False,
2022-05-14,BRENT,sanctions,14,1.0,0.0,125,0.0,1.0,111,False,False,
2022-05-14,BRENT,sanctions,30,1.0,0.0,125,0.0,1.0,95,False,False,
2022-05-14,BRENT,sanctions,60,1.0,0.0,125,0.0,1.0,65,False,False,
2022-05-14,BRENT,inflation,1,1.0,0.0,125,0.0,1.0,124,False,False,
2022-05-14,BRENT,inflation,7,1.0,0.0,125,0.0,1.0,118,False,False,
2022-05-14,BRENT,inflation,14,1.0,0.0,125,0.0,1.0,111,False,False,
2022-05-14,BRENT,inflation,30,1.0,0.0,125,0.0,1.0,95,False,False,
2022-05-14,BRENT,inflation,60,1.0,0.0,125,0.0,1.0,65,False,False,
2022-05-14,BRENT,banking,1,1.0,0.0,125,0.0,1.0,124,False,False,
2022-05-14,BRENT,banking,7,1.0,0.0,125,0.0,1.0,118,False,False,
2022-05-14,BRENT,banking,14,1.0,0.0,125,0.0,1.0,111,False,False,
2022-05-14,BRENT,banking,30,1.0,0.0,125,0.0,1.0,95,False,False,
2022-05-14,BRENT,banking,60,1.0,0.0,125,0.0,1.0,65,False,False,
2022-05-14,BRENT,gold,1,1.0,0.0,125,0.0,1.0,124,False,False,
2022-05-14,BRENT,gold,7,1.0,0.0,125,0.0,1.0,118,False,False,
2022-05-14,BRENT,gold,14,1.0,0.0,125,0.0,1.0,111,False,False,
2022-05-14,BRENT,gold,30,1.0,0.0,125,0.0,1.0,95,False,False,
2022-05-14,BRENT,gold,60,1.0,0.0,125,0.0,1.0,65,False,False,
2022-05-14,SP500,oil,1,1.0,0.0,125,0.0,1.0,124,False,False,
2022-05-14,SP500,oil,7,1.0,0.0,125,0.0,1.0,118,False,False,
2022-05-14,SP500,oil,14,1.0,0.0,125,0.0,1.0,111,False,False,
2022-05-14,SP500,oil,30,1.0,0.0,125,0.0,1.0,95,False,False,
2022-05-14,SP500,oil,60,1.0,0.0,125,0.0,1.0,65,False,False,
2022-05-14,SP500,rate,1,1.0,0.0,125,0.0,1.0,124,False,False,
2022-05-14,SP500,rate,7,1.0,0.0,125,0.0,1.0,118,False,False,
2022-05-14,SP500,rate,14,1.0,0.0,125,0.0,1.0,111,False,False,
2022-05-14,SP500,rate,30,1.0,0.0,125,0.0,1.0,95,False,False,
2022-05-14,SP500,rate,60,1.0,0.0,125,0.0,1.0,65,False,False,
2022-05-14,SP500,ruble,1,1.0,0.0,125,0.0,1.0,124,False,False,
2022-05-14,SP500,ruble,7,1.0,0.0,125,0.0,1.0,118,False,False,
2022-05-14,SP500,ruble,14,1.0,0.0,125,0.0,1.0,111,False,False,
2022-05-14,SP500,ruble,30,1.0,0.0,125,0.0,1.0,95,False,False,
2022-05-14,SP500,ruble,60,1.0,0.0,125,0.0,1.0,65,False,False,
2022-05-14,SP500,sanctions,1,1.0,0.0,125,0.0,1.0,124,False,False,
2022-05-14,SP500,sanctions,7,1.0,0.0,125,0.0,1.0,118,False,False,
2022-05-14,SP500,sanctions,14,1.0,0.0,125,0.0,1.0,111,False,False,
2022-05-14,SP500,sanctions,30,1.0,0.0,125,0.0,1.0,95,False,False,
2022-05-14,SP500,sanctions,60,1.0,0.0,125,0.0,1.0,65,False,False,
2022-05-14,SP500,inflation,1,1.0,0.0,125,0.0,1.0,124,False,False,
2022-05-14,SP500,inflation,7,1.0,0.0,125,0.0,1.0,118,False,False,
2022-05-14,SP500,inflation,14,1.0,0.0,125,0.0,1.0,111,False,False,
2022-05-14,SP500,inflation,30,1.0,0.0,125,0.0,1.0,95,False,False,
2022-05-14,SP500,inflation,60,1.0,0.0,125,0.0,1.0,65,False,False,
2022-05-14,SP500,banking,1,1.0,0.0,125,0.0,1.0,124,False,False,
2022-05-14,SP500,banking,7,1.0,0.0,125,0.0,1.0,118,False,False,
2022-05-14,SP500,banking,14,1.0,0.0,125,0.0,1.0,111,False,False,
2022-05-14,SP500,banking,30,1.0,0.0,125,0.0,1.0,95,False,False,
2022-05-14,SP500,banking,60,1.0,0.0,125,0.0,1.0,65,False,False,
2022-05-14,SP500,gold,1,1.0,0.0,125,0.0,1.0,124,False,False,
2022-05-14,SP500,gold,7,1.0,0.0,125,0.0,1.0,118,False,False,
2022-05-14,SP500,gold,14,1.0,0.0,125,0.0,1.0,111,False,False,
2022-05-14,SP500,gold,30,1.0,0.0,125,0.0,1.0,95,False,False,
2022-05-14,SP500,gold,60,1.0,0.0,125,0.0,1.0,65,False,False,
2022-05-14,MSCI_WORLD,oil,1,1.0,0.0,125,0.0,1.0,124,False,False,
2022-05-14,MSCI_WORLD,oil,7,1.0,0.0,125,0.0,1.0,118,False,False,
2022-05-14,MSCI_WORLD,oil,14,1.0,0.0,125,0.0,1.0,111,False,False,
2022-05-14,MSCI_WORLD,oil,30,1.0,0.0,125,0.0,1.0,95,False,False,
2022-05-14,MSCI_WORLD,oil,60,1.0,0.0,125,0.0,1.0,65,False,False,
2022-05-14,MSCI_WORLD,rate,1,1.0,0.0,125,0.0,1.0,124,False,False,
2022-05-14,MSCI_WORLD,rate,7,1.0,0.0,125,0.0,1.0,118,False,False,
2022-05-14,MSCI_WORLD,rate,14,1.0,0.0,125,0.0,1.0,111,False,False,
2022-05-14,MSCI_WORLD,rate,30,1.0,0.0,125,0.0,1.0,95,False,False,
2022-05-14,MSCI_WORLD,rate,60,1.0,0.0,125,0.0,1.0,65,False,False,
2022-05-14,MSCI_WORLD,ruble,1,1.0,0.0,125,0.0,1.0,124,False,False,
2022-05-14,MSCI_WORLD,ruble,7,1.0,0.0,125,0.0,1.0,118,False,False,
2022-05-14,MSCI_WORLD,ruble,14,1.0,0.0,125,0.0,1.0,111,False,False,
2022-05-14,MSCI_WORLD,ruble,30,1.0,0.0,125,0.0,1.0,95,False,False,
2022-05-14,MSCI_WORLD,ruble,60,1.0,0.0,125,0.0,1.0,65,False,False,
2022-05-14,MSCI_WORLD,sanctions,1,1.0,0.0,125,0.0,1.0,124,False,False,
2022-05-14,MSCI_WORLD,sanctions,7,1.0,0.0,125,0.0,1.0,118,False,False,
2022-05-14,MSCI_WORLD,sanctions,14,1.0,0.0,125,0.0,1.0,111,False,False,
2022-05-14,MSCI_WORLD,sanctions,30,1.0,0.0,125,0.0,1.0,95,False,False,
2022-05-14,MSCI_WORLD,sanctions,60,1.0,0.0,125,0.0,1.0,65,False,False,
2022-05-14,MSCI_WORLD,inflation,1,1.0,0.0,125,0.0,1.0,124,False,False,
2022-05-14,MSCI_WORLD,inflation,7,1.0,0.0,125,0.0,1.0,118,False,False,
2022-05-14,MSCI_WORLD,inflation,14,1.0,0.0,125,0.0,1.0,111,False,False,
2022-05-14,MSCI_WORLD,inflation,30,1.0,0.0,125,0.0,1.0,95,False,False,
2022-05-14,MSCI_WORLD,inflation,60,1.0,0.0,125,0.0,1.0,65,False,False,
2022-05-14,MSCI_WORLD,banking,1,1.0,0.0,125,0.0,1.0,124,False,False,
2022-05-14,MSCI_WORLD,banking,7,1.0,0.0,125,0.0,1.0,118,False,False,
2022-05-14,MSCI_WORLD,banking,14,1.0,0.0,125,0.0,1.0,111,False,False,
2022-05-14,MSCI_WORLD,banking,30,1.0,0.0,125,0.0,1.0,95,False,False,
2022-05-14,MSCI_WORLD,banking,60,1.0,0.0,125,0.0,1.0,65,False,False,
2022-05-14,MSCI_WORLD,gold,1,1.0,0.0,125,0.0,1.0,124,False,False,
2022-05-14,MSCI_WORLD,gold,7,1.0,0.0,125,0.0,1.0,118,False,False,
2022-05-14,MSCI_WORLD,gold,14,1.0,0.0,125,0.0,1.0,111,False,False,
2022-05-14,MSCI_WORLD,gold,30,1.0,0.0,125,0.0,1.0,95,False,False,
2022-05-14,MSCI_WORLD,gold,60,1.0,0.0,125,0.0,1.0,65,False,False,
2022-05-14,DXY,oil,1,1.0,0.0,125,0.0,1.0,124,False,False,
2022-05-14,DXY,oil,7,1.0,0.0,125,0.0,1.0,118,False,False,
2022-05-14,DXY,oil,14,1.0,0.0,125,0.0,1.0,111,False,False,
2022-05-14,DXY,oil,30,1.0,0.0,125,0.0,1.0,95,False,False,
2022-05-14,DXY,oil,60,1.0,0.0,125,0.0,1.0,65,False,False,
2022-05-14,DXY,rate,1,1.0,0.0,125,0.0,1.0,124,False,False,
2022-05-14,DXY,rate,7,1.0,0.0,125,0.0,1.0,118,False,False,
2022-05-14,DXY,rate,14,1.0,0.0,125,0.0,1.0,111,False,False,
2022-05-14,DXY,rate,30,1.0,0.0,125,0.0,1.0,95,False,False,
2022-05-14,DXY,rate,60,1.0,0.0,125,0.0,1.0,65,False,False,
2022-05-14,DXY,ruble,1,1.0,0.0,125,0.0,1.0,124,False,False,
2022-05-14,DXY,ruble,7,1.0,0.0,125,0.0,1.0,118,False,False,
2022-05-14,DXY,ruble,14,1.0,0.0,125,0.0,1.0,111,False,False,
2022-05-14,DXY,ruble,30,1.0,0.0,125,0.0,1.0,95,False,False,
2022-05-14,DXY,ruble,60,1.0,0.0,125,0.0,1.0,65,False,False,
2022-05-14,DXY,sanctions,1,1.0,0.0,125,0.0,1.0,124,False,False,
2022-05-14,DXY,sanctions,7,1.0,0.0,125,0.0,1.0,118,False,False,
2022-05-14,DXY,sanctions,14,1.0,0.0,125,0.0,1.0,111,False,False,
2022-05-14,DXY,sanctions,30,1.0,0.0,125,0.0,1.0,95,False,False,
2022-05-14,DXY,sanctions,60,1.0,0.0,125,0.0,1.0,65,False,False,
2022-05-14,DXY,inflation,1,1.0,0.0,125,0.0,1.0,124,False,False,
2022-05-14,DXY,inflation,7,1.0,0.0,125,0.0,1.0,118,False,False,
2022-05-14,DXY,inflation,14,1.0,0.0,125,0.0,1.0,111,False,False,
2022-05-14,DXY,inflation,30,1.0,0.0,125,0.0,1.0,95,False,False,
2022-05-14,DXY,inflation,60,1.0,0.0,125,0.0,1.0,65,False,False,
2022-05-14,DXY,banking,1,1.0,0.0,125,0.0,1.0,124,False,False,
2022-05-14,DXY,banking,7,1.0,0.0,125,0.0,1.0,118,False,False,
2022-05-14,DXY,banking,14,1.0,0.0,125,0.0,1.0,111,False,False,
2022-05-14,DXY,banking,30,1.0,0.0,125,0.0,1.0,95,False,False,
2022-05-14,DXY,banking,60,1.0,0.0,125,0.0,1.0,65,False,False,
2022-05-14,DXY,gold,1,1.0,0.0,125,0.0,1.0,124,False,False,
2022-05-14,DXY,gold,7,1.0,0.0,125,0.0,1.0,118,False,False,
2022-05-14,DXY,gold,14,1.0,0.0,125,0.0,1.0,111,False,False,
2022-05-14,DXY,gold,30,1.0,0.0,125,0.0,1.0,95,False,False,
2022-05-14,DXY,gold,60,1.0,0.0,125,0.0,1.0,65,False,False,
2022-05-14,MSCI_INDIA,oil,1,1.0,0.0,125,0.0,1.0,124,False,False,
2022-05-14,MSCI_INDIA,oil,7,1.0,0.0,125,0.0,1.0,118,False,False,
2022-05-14,MSCI_INDIA,oil,14,1.0,0.0,125,0.0,1.0,111,False,False,
2022-05-14,MSCI_INDIA,oil,30,1.0,0.0,125,0.0,1.0,95,False,False,
2022-05-14,MSCI_INDIA,oil,60,1.0,0.0,125,0.0,1.0,65,False,False,
2022-05-14,MSCI_INDIA,rate,1,1.0,0.0,125,0.0,1.0,124,False,False,
2022-05-14,MSCI_INDIA,rate,7,1.0,0.0,125,0.0,1.0,118,False,False,
2022-05-14,MSCI_INDIA,rate,14,1.0,0.0,125,0.0,1.0,111,False,False,
2022-05-14,MSCI_INDIA,rate,30,1.0,0.0,125,0.0,1.0,95,False,False,
2022-05-14,MSCI_INDIA,rate,60,1.0,0.0,125,0.0,1.0,65,False,False,
2022-05-14,MSCI_INDIA,ruble,1,1.0,0.0,125,0.0,1.0,124,False,False,
2022-05-14,MSCI_INDIA,ruble,7,1.0,0.0,125,0.0,1.0,118,False,False,
2022-05-14,MSCI_INDIA,ruble,14,1.0,0.0,125,0.0,1.0,111,False,False,
2022-05-14,MSCI_INDIA,ruble,30,1.0,0.0,125,0.0,1.0,95,False,False,
2022-05-14,MSCI_INDIA,ruble,60,1.0,0.0,125,0.0,1.0,65,False,False,
2022-05-14,MSCI_INDIA,sanctions,1,1.0,0.0,125,0.0,1.0,124,False,False,
2022-05-14,MSCI_INDIA,sanctions,7,1.0,0.0,125,0.0,1.0,118,False,False,
2022-05-14,MSCI_INDIA,sanctions,14,1.0,0.0,125,0.0,1.0,111,False,False,
2022-05-14,MSCI_INDIA,sanctions,30,1.0,0.0,125,0.0,1.0,95,False,False,
2022-05-14,MSCI_INDIA,sanctions,60,1.0,0.0,125,0.0,1.0,65,False,False,
2022-05-14,MSCI_INDIA,inflation,1,1.0,0.0,125,0.0,1.0,124,False,False,
2022-05-14,MSCI_INDIA,inflation,7,1.0,0.0,125,0.0,1.0,118,False,False,
2022-05-14,MSCI_INDIA,inflation,14,1.0,0.0,125,0.0,1.0,111,False,False,
2022-05-14,MSCI_INDIA,inflation,30,1.0,0.0,125,0.0,1.0,95,False,False,
2022-05-14,MSCI_INDIA,inflation,60,1.0,0.0,125,0.0,1.0,65,False,False,
2022-05-14,MSCI_INDIA,banking,1,1.0,0.0,125,0.0,1.0,124,False,False,
2022-05-14,MSCI_INDIA,banking,7,1.0,0.0,125,0.0,1.0,118,False,False,
2022-05-14,MSCI_INDIA,banking,14,1.0,0.0,125,0.0,1.0,111,False,False,
2022-05-14,MSCI_INDIA,banking,30,1.0,0.0,125,0.0,1.0,95,False,False,
2022-05-14,MSCI_INDIA,banking,60,1.0,0.0,125,0.0,1.0,65,False,False,
2022-05-14,MSCI_INDIA,gold,1,1.0,0.0,125,0.0,1.0,124,False,False,
2022-05-14,MSCI_INDIA,gold,7,1.0,0.0,125,0.0,1.0,118,False,False,
2022-05-14,MSCI_INDIA,gold,14,1.0,0.0,125,0.0,1.0,111,False,False,
2022-05-14,MSCI_INDIA,gold,30,1.0,0.0,125,0.0,1.0,95,False,False,
2022-05-14,MSCI_INDIA,gold,60,1.0,0.0,125,0.0,1.0,65,False,False,
2022-05-17,USD_RUB,oil,1,1.0,0.0,125,0.0,1.0,124,False,False,
2022-05-17,USD_RUB,oil,7,1.0,0.0,125,0.0,1.0,118,False,False,
2022-05-17,USD_RUB,oil,14,1.0,0.0,125,0.0,1.0,111,False,False,
2022-05-17,USD_RUB,oil,30,1.0,0.0,125,0.0,1.0,95,False,False,
2022-05-17,USD_RUB,oil,60,1.0,0.0,125,0.0,1.0,65,False,False,
2022-05-17,USD_RUB,rate,1,1.0,0.0,125,0.0,1.0,124,False,False,
2022-05-17,USD_RUB,rate,7,1.0,0.0,125,0.0,1.0,118,False,False,
2022-05-17,USD_RUB,rate,14,1.0,0.0,125,0.0,1.0,111,False,False,
2022-05-17,USD_RUB,rate,30,1.0,0.0,125,0.0,1.0,95,False,False,
2022-05-17,USD_RUB,rate,60,1.0,0.0,125,0.0,1.0,65,False,False,
2022-05-17,USD_RUB,ruble,1,1.0,0.0,125,0.0,1.0,124,False,False,
2022-05-17,USD_RUB,ruble,7,1.0,0.0,125,0.0,1.0,118,False,False,
2022-05-17,USD_RUB,ruble,14,1.0,0.0,125,0.0,1.0,111,False,False,
2022-05-17,USD_RUB,ruble,30,1.0,0.0,125,0.0,1.0,95,False,False,
2022-05-17,USD_RUB,ruble,60,1.0,0.0,125,0.0,1.0,65,False,False,
2022-05-17,USD_RUB,sanctions,1,1.0,0.0,125,0.0,1.0,124,False,False,
2022-05-17,USD_RUB,sanctions,7,1.0,0.0,125,0.0,1.0,118,False,False,
2022-05-17,USD_RUB,sanctions,14,1.0,0.0,125,0.0,1.0,111,False,False,
2022-05-17,USD_RUB,sanctions,30,1.0,0.0,125,0.0,1.0,95,False,False,
2022-05-17,USD_RUB,sanctions,60,1.0,0.0,125,0.0,1.0,65,False,False,
2022-05-17,USD_RUB,inflation,1,1.0,0.0,125,0.0,1.0,124,False,False,
2022-05-17,USD_RUB,inflation,7,1.0,0.0,125,0.0,1.0,118,False,False,
2022-05-17,USD_RUB,inflation,14,1.0,0.0,125,0.0,1.0,111,False,False,
2022-05-17,USD_RUB,inflation,30,1.0,0.0,125,0.0,1.0,95,False,False,
2022-05-17,USD_RUB,inflation,60,1.0,0.0,125,0.0,1.0,65,False,False,
2022-05-17,USD_RUB,banking,1,1.0,0.0,125,0.0,1.0,124,False,False,
2022-05-17,USD_RUB,banking,7,1.0,0.0,125,0.0,1.0,118,False,False,
2022-05-17,USD_RUB,banking,14,1.0,0.0,125,0.0,1.0,111,False,False,
2022-05-17,USD_RUB,banking,30,1.0,0.0,125,0.0,1.0,95,False,False,
2022-05-17,USD_RUB,banking,60,1.0,0.0,125,0.0,1.0,65,False,False,
2022-05-17,USD_RUB,gold,1,1.0,0.0,125,0.0,1.0,124,False,False,
2022-05-17,USD_RUB,gold,7,1.0,0.0,125,0.0,1.0,118,False,False,
2022-05-17,USD_RUB,gold,14,1.0,0.0,125,0.0,1.0,111,False,False,
2022-05-17,USD_RUB,gold,30,1.0,0.0,125,0.0,1.0,95,False,False,
2022-05-17,USD_RUB,gold,60,1.0,0.0,125,0.0,1.0,65,False,False,
2022-05-17,EUR_RUB,oil,1,1.0,0.0,125,0.0,1.0,124,False,False,
2022-05-17,EUR_RUB,oil,7,1.0,0.0,125,0.0,1.0,118,False,False,
2022-05-17,EUR_RUB,oil,14,1.0,0.0,125,0.0,1.0,111,False,False,
2022-05-17,EUR_RUB,oil,30,1.0,0.0,125,0.0,1.0,95,False,False,
2022-05-17,EUR_RUB,oil,60,1.0,0.0,125,0.0,1.0,65,False,False,
2022-05-17,EUR_RUB,rate,1,1.0,0.0,125,0.0,1.0,124,False,False,
2022-05-17,EUR_RUB,rate,7,1.0,0.0,125,0.0,1.0,118,False,False,
2022-05-17,EUR_RUB,rate,14,1.0,0.0,125,0.0,1.0,111,False,False,
2022-05-17,EUR_RUB,rate,30,1.0,0.0,125,0.0,1.0,95,False,False,
2022-05-17,EUR_RUB,rate,60,1.0,0.0,125,0.0,1.0,65,False,False,
2022-05-17,EUR_RUB,ruble,1,1.0,0.0,125,0.0,1.0,124,False,False,
2022-05-17,EUR_RUB,ruble,7,1.0,0.0,125,0.0,1.0,118,False,False,
2022-05-17,EUR_RUB,ruble,14,1.0,0.0,125,0.0,1.0,111,False,False,
2022-05-17,EUR_RUB,ruble,30,1.0,0.0,125,0.0,1.0,95,False,False,
2022-05-17,EUR_RUB,ruble,60,1.0,0.0,125,0.0,1.0,65,False,False,
2022-05-17,EUR_RUB,sanctions,1,1.0,0.0,125,0.0,1.0,124,False,False,
2022-05-17,EUR_RUB,sanctions,7,1.0,0.0,125,0.0,1.0,118,False,False,
2022-05-17,EUR_RUB,sanctions,14,1.0,0.0,125,0.0,1.0,111,False,False,
2022-05-17,EUR_RUB,sanctions,30,1.0,0.0,125,0.0,1.0,95,False,False,
2022-05-17,EUR_RUB,sanctions,60,1.0,0.0,125,0.0,1.0,65,False,False,
2022-05-17,EUR_RUB,inflation,1,1.0,0.0,125,0.0,1.0,124,False,False,
2022-05-17,EUR_RUB,inflation,7,1.0,0.0,125,0.0,1.0,118,False,False,
2022-05-17,EUR_RUB,inflation,14,1.0,0.0,125,0.0,1.0,111,False,False,
2022-05-17,EUR_RUB,inflation,30,1.0,0.0,125,0.0,1.0,95,False,False,
2022-05-17,EUR_RUB,inflation,60,1.0,0.0,125,0.0,1.0,65,False,False,
2022-05-17,EUR_RUB,banking,1,1.0,0.0,125,0.0,1.0,124,False,False,
2022-05-17,EUR_RUB,banking,7,1.0,0.0,125,0.0,1.0,118,False,False,
2022-05-17,EUR_RUB,banking,14,1.0,0.0,125,0.0,1.0,111,False,False,
2022-05-17,EUR_RUB,banking,30,1.0,0.0,125,0.0,1.0,95,False,False,
2022-05-17,EUR_RUB,banking,60,1.0,0.0,125,0.0,1.0,65,False,False,
2022-05-17,EUR_RUB,gold,1,1.0,0.0,125,0.0,1.0,124,False,False,
2022-05-17,EUR_RUB,gold,7,1.0,0.0,125,0.0,1.0,118,False,False,
2022-05-17,EUR_RUB,gold,14,1.0,0.0,125,0.0,1.0,111,False,False,
2022-05-17,EUR_RUB,gold,30,1.0,0.0,125,0.0,1.0,95,False,False,
2022-05-17,EUR_RUB,gold,60,1.0,0.0,125,0.0,1.0,65,False,False,
2022-05-17,BRENT,oil,1,1.0,0.0,125,0.0,1.0,124,False,False,
2022-05-17,BRENT,oil,7,1.0,0.0,125,0.0,1.0,118,False,False,
2022-05-17,BRENT,oil,14,1.0,0.0,125,0.0,1.0,111,False,False,
2022-05-17,BRENT,oil,30,1.0,0.0,125,0.0,1.0,95,False,False,
2022-05-17,BRENT,oil,60,1.0,0.0,125,0.0,1.0,65,False,False,
2022-05-17,BRENT,rate,1,1.0,0.0,125,0.0,1.0,124,False,False,
2022-05-17,BRENT,rate,7,1.0,0.0,125,0.0,1.0,118,False,False,
2022-05-17,BRENT,rate,14,1.0,0.0,125,0.0,1.0,111,False,False,
2022-05-17,BRENT,rate,30,1.0,0.0,125,0.0,1.0,95,False,False,
2022-05-17,BRENT,rate,60,1.0,0.0,125,0.0,1.0,65,False,False,
2022-05-17,BRENT,ruble,1,1.0,0.0,125,0.0,1.0,124,False,False,
2022-05-17,BRENT,ruble,7,1.0,0.0,125,0.0,1.0,118,False,False,
2022-05-17,BRENT,ruble,14,1.0,0.0,125,0.0,1.0,111,False,False,
2022-05-17,BRENT,ruble,30,1.0,0.0,125,0.0,1.0,95,False,False,
2022-05-17,BRENT,ruble,60,1.0,0.0,125,0.0,1.0,65,False,False,
2022-05-17,BRENT,sanctions,1,1.0,0.0,125,0.0,1.0,124,False,False,
2022-05-17,BRENT,sanctions,7,1.0,0.0,125,0.0,1.0,118,False,False,
2022-05-17,BRENT,sanctions,14,1.0,0.0,125,0.0,1.0,111,False,False,
2022-05-17,BRENT,sanctions,30,1.0,0.0,125,0.0,1.0,95,False,False,
2022-05-17,BRENT,sanctions,60,1.0,0.0,125,0.0,1.0,65,False,False,
2022-05-17,BRENT,inflation,1,1.0,0.0,125,0.0,1.0,124,False,False,
2022-05-17,BRENT,inflation,7,1.0,0.0,125,0.0,1.0,118,False,False,
2022-05-17,BRENT,inflation,14,1.0,0.0,125,0.0,1.0,111,False,False,
2022-05-17,BRENT,inflation,30,1.0,0.0,125,0.0,1.0,95,False,False,
2022-05-17,BRENT,inflation,60,1.0,0.0,125,0.0,1.0,65,False,False,
2022-05-17,BRENT,banking,1,1.0,0.0,125,0.0,1.0,124,False,False,
2022-05-17,BRENT,banking,7,1.0,0.0,125,0.0,1.0,118,False,False,
2022-05-17,BRENT,banking,14,1.0,0.0,125,0.0,1.0,111,False,False,
2022-05-17,BRENT,banking,30,1.0,0.0,125,0.0,1.0,95,False,False,
2022-05-17,BRENT,banking,60,1.0,0.0,125,0.0,1.0,65,False,False,
2022-05-17,BRENT,gold,1,1.0,0.0,125,0.0,1.0,124,False,False,
2022-05-17,BRENT,gold,7,1.0,0.0,125,0.0,1.0,118,False,False,
2022-05-17,BRENT,gold,14,1.0,0.0,125,0.0,1.0,111,False,False,
2022-05-17,BRENT,gold,30,1.0,0.0,125,0.0,1.0,95,False,False,
2022-05-17,BRENT,gold,60,1.0,0.0,125,0.0,1.0,65,False,False,
2022-05-17,SP500,oil,1,1.0,0.0,125,0.0,1.0,124,False,False,
2022-05-17,SP500,oil,7,1.0,0.0,125,0.0,1.0,118,False,False,
2022-05-17,SP500,oil,14,1.0,0.0,125,0.0,1.0,111,False,False,
2022-05-17,SP500,oil,30,1.0,0.0,125,0.0,1.0,95,False,False,
2022-05-17,SP500,oil,60,1.0,0.0,125,0.0,1.0,65,False,False,
2022-05-17,SP500,rate,1,1.0,0.0,125,0.0,1.0,124,False,False,
2022-05-17,SP500,rate,7,1.0,0.0,125,0.0,1.0,118,False,False,
2022-05-17,SP500,rate,14,1.0,0.0,125,0.0,1.0,111,False,False,
2022-05-17,SP500,rate,30,1.0,0.0,125,0.0,1.0,95,False,False,
2022-05-17,SP500,rate,60,1.0,0.0,125,0.0,1.0,65,False,False,
2022-05-17,SP500,ruble,1,1.0,0.0,125,0.0,1.0,124,False,False,
2022-05-17,SP500,ruble,7,1.0,0.0,125,0.0,1.0,118,False,False,
2022-05-17,SP500,ruble,14,1.0,0.0,125,0.0,1.0,111,False,False,
2022-05-17,SP500,ruble,30,1.0,0.0,125,0.0,1.0,95,False,False,
2022-05-17,SP500,ruble,60,1.0,0.0,125,0.0,1.0,65,False,False,
2022-05-17,SP500,sanctions,1,1.0,0.0,125,0.0,1.0,124,False,False,
2022-05-17,SP500,sanctions,7,1.0,0.0,125,0.0,1.0,118,False,False,
2022-05-17,SP500,sanctions,14,1.0,0.0,125,0.0,1.0,111,False,False,
2022-05-17,SP500,sanctions,30,1.0,0.0,125,0.0,1.0,95,False,False,
2022-05-17,SP500,sanctions,60,1.0,0.0,125,0.0,1.0,65,False,False,
2022-05-17,SP500,inflation,1,1.0,0.0,125,0.0,1.0,124,False,False,
2022-05-17,SP500,inflation,7,1.0,0.0,125,0.0,1.0,118,False,False,
2022-05-17,SP500,inflation,14,1.0,0.0,125,0.0,1.0,111,False,False,
2022-05-17,SP500,inflation,30,1.0,0.0,125,0.0,1.0,95,False,False,
2022-05-17,SP500,inflation,60,1.0,0.0,125,0.0,1.0,65,False,False,
2022-05-17,SP500,banking,1,1.0,0.0,125,0.0,1.0,124,False,False,
2022-05-17,SP500,banking,7,1.0,0.0,125,0.0,1.0,118,False,False,
2022-05-17,SP500,banking,14,1.0,0.0,125,0.0,1.0,111,False,False,
2022-05-17,SP500,banking,30,1.0,0.0,125,0.0,1.0,95,False,False,
2022-05-17,SP500,banking,60,1.0,0.0,125,0.0,1.0,65,False,False,
2022-05-17,SP500,gold,1,1.0,0.0,125,0.0,1.0,124,False,False,
2022-05-17,SP500,gold,7,1.0,0.0,125,0.0,1.0,118,False,False,
2022-05-17,SP500,gold,14,1.0,0.0,125,0.0,1.0,111,False,False,
2022-05-17,SP500,gold,30,1.0,0.0,125,0.0,1.0,95,False,False,
2022-05-17,SP500,gold,60,1.0,0.0,125,0.0,1.0,65,False,False,
2022-05-17,MSCI_WORLD,oil,1,1.0,0.0,125,0.0,1.0,124,False,False,
2022-05-17,MSCI_WORLD,oil,7,1.0,0.0,125,0.0,1.0,118,False,False,
2022-05-17,MSCI_WORLD,oil,14,1.0,0.0,125,0.0,1.0,111,False,False,
2022-05-17,MSCI_WORLD,oil,30,1.0,0.0,125,0.0,1.0,95,False,False,
2022-05-17,MSCI_WORLD,oil,60,1.0,0.0,125,0.0,1.0,65,False,False,
2022-05-17,MSCI_WORLD,rate,1,1.0,0.0,125,0.0,1.0,124,False,False,
2022-05-17,MSCI_WORLD,rate,7,1.0,0.0,125,0.0,1.0,118,False,False,
2022-05-17,MSCI_WORLD,rate,14,1.0,0.0,125,0.0,1.0,111,False,False,
2022-05-17,MSCI_WORLD,rate,30,1.0,0.0,125,0.0,1.0,95,False,False,
2022-05-17,MSCI_WORLD,rate,60,1.0,0.0,125,0.0,1.0,65,False,False,
2022-05-17,MSCI_WORLD,ruble,1,1.0,0.0,125,0.0,1.0,124,False,False,
2022-05-17,MSCI_WORLD,ruble,7,1.0,0.0,125,0.0,1.0,118,False,False,
2022-05-17,MSCI_WORLD,ruble,14,1.0,0.0,125,0.0,1.0,111,False,False,
2022-05-17,MSCI_WORLD,ruble,30,1.0,0.0,125,0.0,1.0,95,False,False,
2022-05-17,MSCI_WORLD,ruble,60,1.0,0.0,125,0.0,1.0,65,False,False,
2022-05-17,MSCI_WORLD,sanctions,1,1.0,0.0,125,0.0,1.0,124,False,False,
2022-05-17,MSCI_WORLD,sanctions,7,1.0,0.0,125,0.0,1.0,118,False,False,
2022-05-17,MSCI_WORLD,sanctions,14,1.0,0.0,125,0.0,1.0,111,False,False,
2022-05-17,MSCI_WORLD,sanctions,30,1.0,0.0,125,0.0,1.0,95,False,False,
2022-05-17,MSCI_WORLD,sanctions,60,1.0,0.0,125,0.0,1.0,65,False,False,
2022-05-17,MSCI_WORLD,inflation,1,1.0,0.0,125,0.0,1.0,124,False,False,
2022-05-17,MSCI_WORLD,inflation,7,1.0,0.0,125,0.0,1.0,118,False,False,
2022-05-17,MSCI_WORLD,inflation,14,1.0,0.0,125,0.0,1.0,111,False,False,
2022-05-17,MSCI_WORLD,inflation,30,1.0,0.0,125,0.0,1.0,95,False,False,
2022-05-17,MSCI_WORLD,inflation,60,1.0,0.0,125,0.0,1.0,65,False,False,
2022-05-17,MSCI_WORLD,banking,1,1.0,0.0,125,0.0,1.0,124,False,False,
2022-05-17,MSCI_WORLD,banking,7,1.0,0.0,125,0.0,1.0,118,False,False,
2022-05-17,MSCI_WORLD,banking,14,1.0,0.0,125,0.0,1.0,111,False,False,
2022-05-17,MSCI_WORLD,banking,30,1.0,0.0,125,0.0,1.0,95,False,False,
2022-05-17,MSCI_WORLD,banking,60,1.0,0.0,125,0.0,1.0,65,False,False,
2022-05-17,MSCI_WORLD,gold,1,1.0,0.0,125,0.0,1.0,124,False,False,
2022-05-17,MSCI_WORLD,gold,7,1.0,0.0,125,0.0,1.0,118,False,False,
2022-05-17,MSCI_WORLD,gold,14,1.0,0.0,125,0.0,1.0,111,False,False,
2022-05-17,MSCI_WORLD,gold,30,1.0,0.0,125,0.0,1.0,95,False,False,
2022-05-17,MSCI_WORLD,gold,60,1.0,0.0,125,0.0,1.0,65,False,False,
2022-05-17,DXY,oil,1,1.0,0.0,125,0.0,1.0,124,False,False,
2022-05-17,DXY,oil,7,1.0,0.0,125,0.0,1.0,118,False,False,
2022-05-17,DXY,oil,14,1.0,0.0,125,0.0,1.0,111,False,False,
2022-05-17,DXY,oil,30,1.0,0.0,125,0.0,1.0,95,False,False,
2022-05-17,DXY,oil,60,1.0,0.0,125,0.0,1.0,65,False,False,
2022-05-17,DXY,rate,1,1.0,0.0,125,0.0,1.0,124,False,False,
2022-05-17,DXY,rate,7,1.0,0.0,125,0.0,1.0,118,False,False,
2022-05-17,DXY,rate,14,1.0,0.0,125,0.0,1.0,111,False,False,
2022-05-17,DXY,rate,30,1.0,0.0,125,0.0,1.0,95,False,False,
2022-05-17,DXY,rate,60,1.0,0.0,125,0.0,1.0,65,False,False,
2022-05-17,DXY,ruble,1,1.0,0.0,125,0.0,1.0,124,False,False,
2022-05-17,DXY,ruble,7,1.0,0.0,125,0.0,1.0,118,False,False,
2022-05-17,DXY,ruble,14,1.0,0.0,125,0.0,1.0,111,False,False,
2022-05-17,DXY,ruble,30,1.0,0.0,125,0.0,1.0,95,False,False,
2022-05-17,DXY,ruble,60,1.0,0.0,125,0.0,1.0,65,False,False,
2022-05-17,DXY,sanctions,1,1.0,0.0,125,0.0,1.0,124,False,False,
2022-05-17,DXY,sanctions,7,1.0,0.0,125,0.0,1.0,118,False,False,
2022-05-17,DXY,sanctions,14,1.0,0.0,125,0.0,1.0,111,False,False,
2022-05-17,DXY,sanctions,30,1.0,0.0,125,0.0,1.0,95,False,False,
2022-05-17,DXY,sanctions,60,1.0,0.0,125,0.0,1.0,65,False,False,
2022-05-17,DXY,inflation,1,1.0,0.0,125,0.0,1.0,124,False,False,
2022-05-17,DXY,inflation,7,1.0,0.0,125,0.0,1.0,118,False,False,
2022-05-17,DXY,inflation,14,1.0,0.0,125,0.0,1.0,111,False,False,
2022-05-17,DXY,inflation,30,1.0,0.0,125,0.0,1.0,95,False,False,
2022-05-17,DXY,inflation,60,1.0,0.0,125,0.0,1.0,65,False,False,
2022-05-17,DXY,banking,1,1.0,0.0,125,0.0,1.0,124,False,False,
2022-05-17,DXY,banking,7,1.0,0.0,125,0.0,1.0,118,False,False,
2022-05-17,DXY,banking,14,1.0,0.0,125,0.0,1.0,111,False,False,
2022-05-17,DXY,banking,30,1.0,0.0,125,0.0,1.0,95,False,False,
2022-05-17,DXY,banking,60,1.0,0.0,125,0.0,1.0,65,False,False,
2022-05-17,DXY,gold,1,1.0,0.0,125,0.0,1.0,124,False,False,
2022-05-17,DXY,gold,7,1.0,0.0,125,0.0,1.0,118,False,False,
2022-05-17,DXY,gold,14,1.0,0.0,125,0.0,1.0,111,False,False,
2022-05-17,DXY,gold,30,1.0,0.0,125,0.0,1.0,95,False,False,
2022-05-17,DXY,gold,60,1.0,0.0,125,0.0,1.0,65,False,False,
2022-05-17,MSCI_INDIA,oil,1,1.0,0.0,125,0.0,1.0,124,False,False,
2022-05-17,MSCI_INDIA,oil,7,1.0,0.0,125,0.0,1.0,118,False,False,
2022-05-17,MSCI_INDIA,oil,14,1.0,0.0,125,0.0,1.0,111,False,False,
2022-05-17,MSCI_INDIA,oil,30,1.0,0.0,125,0.0,1.0,95,False,False,
2022-05-17,MSCI_INDIA,oil,60,1.0,0.0,125,0.0,1.0,65,False,False,
2022-05-17,MSCI_INDIA,rate,1,1.0,0.0,125,0.0,1.0,124,False,False,
2022-05-17,MSCI_INDIA,rate,7,1.0,0.0,125,0.0,1.0,118,False,False,
2022-05-17,MSCI_INDIA,rate,14,1.0,0.0,125,0.0,1.0,111,False,False,
2022-05-17,MSCI_INDIA,rate,30,1.0,0.0,125,0.0,1.0,95,False,False,
2022-05-17,MSCI_INDIA,rate,60,1.0,0.0,125,0.0,1.0,65,False,False,
2022-05-17,MSCI_INDIA,ruble,1,1.0,0.0,125,0.0,1.0,124,False,False,
2022-05-17,MSCI_INDIA,ruble,7,1.0,0.0,125,0.0,1.0,118,False,False,
2022-05-17,MSCI_INDIA,ruble,14,1.0,0.0,125,0.0,1.0,111,False,False,
2022-05-17,MSCI_INDIA,ruble,30,1.0,0.0,125,0.0,1.0,95,False,False,
2022-05-17,MSCI_INDIA,ruble,60,1.0,0.0,125,0.0,1.0,65,False,False,
2022-05-17,MSCI_INDIA,sanctions,1,1.0,0.0,125,0.0,1.0,124,False,False,
2022-05-17,MSCI_INDIA,sanctions,7,1.0,0.0,125,0.0,1.0,118,False,False,
2022-05-17,MSCI_INDIA,sanctions,14,1.0,0.0,125,0.0,1.0,111,False,False,
2022-05-17,MSCI_INDIA,sanctions,30,1.0,0.0,125,0.0,1.0,95,False,False,
2022-05-17,MSCI_INDIA,sanctions,60,1.0,0.0,125,0.0,1.0,65,False,False,
2022-05-17,MSCI_INDIA,inflation,1,1.0,0.0,125,0.0,1.0,124,False,False,
2022-05-17,MSCI_INDIA,inflation,7,1.0,0.0,125,0.0,1.0,118,False,False,
2022-05-17,MSCI_INDIA,inflation,14,1.0,0.0,125,0.0,1.0,111,False,False,
2022-05-17,MSCI_INDIA,inflation,30,1.0,0.0,125,0.0,1.0,95,False,False,
2022-05-17,MSCI_INDIA,inflation,60,1.0,0.0,125,0.0,1.0,65,False,False,
2022-05-17,MSCI_INDIA,banking,1,1.0,0.0,125,0.0,1.0,124,False,False,
2022-05-17,MSCI_INDIA,banking,7,1.0,0.0,125,0.0,1.0,118,False,False,
2022-05-17,MSCI_INDIA,banking,14,1.0,0.0,125,0.0,1.0,111,False,False,
2022-05-17,MSCI_INDIA,banking,30,1.0,0.0,125,0.0,1.0,95,False,False,
2022-05-17,MSCI_INDIA,banking,60,1.0,0.0,125,0.0,1.0,65,False,False,
2022-05-17,MSCI_INDIA,gold,1,1.0,0.0,125,0.0,1.0,124,False,False,
2022-05-17,MSCI_INDIA,gold,7,1.0,0.0,125,0.0,1.0,118,False,False,
2022-05-17,MSCI_INDIA,gold,14,1.0,0.0,125,0.0,1.0,111,False,False,
2022-05-17,MSCI_INDIA,gold,30,1.0,0.0,125,0.0,1.0,95,False,False,
2022-05-17,MSCI_INDIA,gold,60,1.0,0.0,125,0.0,1.0,65,False,False,
2022-05-20,USD_RUB,oil,1,1.0,0.0,125,0.0,1.0,124,False,False,
2022-05-20,USD_RUB,oil,7,1.0,0.0,125,0.0,1.0,118,False,False,
2022-05-20,USD_RUB,oil,14,1.0,0.0,125,0.0,1.0,111,False,False,
2022-05-20,USD_RUB,oil,30,1.0,0.0,125,0.0,1.0,95,False,False,
2022-05-20,USD_RUB,oil,60,1.0,0.0,125,0.0,1.0,65,False,False,
2022-05-20,USD_RUB,rate,1,1.0,0.0,125,0.0,1.0,124,False,False,
2022-05-20,USD_RUB,rate,7,1.0,0.0,125,0.0,1.0,118,False,False,
2022-05-20,USD_RUB,rate,14,1.0,0.0,125,0.0,1.0,111,False,False,
2022-05-20,USD_RUB,rate,30,1.0,0.0,125,0.0,1.0,95,False,False,
2022-05-20,USD_RUB,rate,60,1.0,0.0,125,0.0,1.0,65,False,False,
2022-05-20,USD_RUB,ruble,1,1.0,0.0,125,0.0,1.0,124,False,False,
2022-05-20,USD_RUB,ruble,7,1.0,0.0,125,0.0,1.0,118,False,False,
2022-05-20,USD_RUB,ruble,14,1.0,0.0,125,0.0,1.0,111,False,False,
2022-05-20,USD_RUB,ruble,30,1.0,0.0,125,0.0,1.0,95,False,False,
2022-05-20,USD_RUB,ruble,60,1.0,0.0,125,0.0,1.0,65,False,False,
2022-05-20,USD_RUB,sanctions,1,1.0,0.0,125,0.0,1.0,124,False,False,
2022-05-20,USD_RUB,sanctions,7,1.0,0.0,125,0.0,1.0,118,False,False,
2022-05-20,USD_RUB,sanctions,14,1.0,0.0,125,0.0,1.0,111,False,False,
2022-05-20,USD_RUB,sanctions,30,1.0,0.0,125,0.0,1.0,95,False,False,
2022-05-20,USD_RUB,sanctions,60,1.0,0.0,125,0.0,1.0,65,False,False,
2022-05-20,USD_RUB,inflation,1,1.0,0.0,125,0.0,1.0,124,False,False,
2022-05-20,USD_RUB,inflation,7,1.0,0.0,125,0.0,1.0,118,False,False,
2022-05-20,USD_RUB,inflation,14,1.0,0.0,125,0.0,1.0,111,False,False,
2022-05-20,USD_RUB,inflation,30,1.0,0.0,125,0.0,1.0,95,False,False,
2022-05-20,USD_RUB,inflation,60,1.0,0.0,125,0.0,1.0,65,False,False,
2022-05-20,USD_RUB,banking,1,1.0,0.0,125,0.0,1.0,124,False,False,
2022-05-20,USD_RUB,banking,7,1.0,0.0,125,0.0,1.0,118,False,False,
2022-05-20,USD_RUB,banking,14,1.0,0.0,125,0.0,1.0,111,False,False,
2022-05-20,USD_RUB,banking,30,1.0,0.0,125,0.0,1.0,95,False,False,
2022-05-20,USD_RUB,banking,60,1.0,0.0,125,0.0,1.0,65,False,False,
2022-05-20,USD_RUB,gold,1,1.0,0.0,125,0.0,1.0,124,False,False,
2022-05-20,USD_RUB,gold,7,1.0,0.0,125,0.0,1.0,118,False,False,
2022-05-20,USD_RUB,gold,14,1.0,0.0,125,0.0,1.0,111,False,False,
2022-05-20,USD_RUB,gold,30,1.0,0.0,125,0.0,1.0,95,False,False,
2022-05-20,USD_RUB,gold,60,1.0,0.0,125,0.0,1.0,65,False,False,
2022-05-20,EUR_RUB,oil,1,1.0,0.0,125,0.0,1.0,124,False,False,
2022-05-20,EUR_RUB,oil,7,1.0,0.0,125,0.0,1.0,118,False,False,
2022-05-20,EUR_RUB,oil,14,1.0,0.0,125,0.0,1.0,111,False,False,
2022-05-20,EUR_RUB,oil,30,1.0,0.0,125,0.0,1.0,95,False,False,
2022-05-20,EUR_RUB,oil,60,1.0,0.0,125,0.0,1.0,65,False,False,
2022-05-20,EUR_RUB,rate,1,1.0,0.0,125,0.0,1.0,124,False,False,
2022-05-20,EUR_RUB,rate,7,1.0,0.0,125,0.0,1.0,118,False,False,
2022-05-20,EUR_RUB,rate,14,1.0,0.0,125,0.0,1.0,111,False,False,
2022-05-20,EUR_RUB,rate,30,1.0,0.0,125,0.0,1.0,95,False,False,
2022-05-20,EUR_RUB,rate,60,1.0,0.0,125,0.0,1.0,65,False,False,
2022-05-20,EUR_RUB,ruble,1,1.0,0.0,125,0.0,1.0,124,False,False,
2022-05-20,EUR_RUB,ruble,7,1.0,0.0,125,0.0,1.0,118,False,False,
2022-05-20,EUR_RUB,ruble,14,1.0,0.0,125,0.0,1.0,111,False,False,
2022-05-20,EUR_RUB,ruble,30,1.0,0.0,125,0.0,1.0,95,False,False,
2022-05-20,EUR_RUB,ruble,60,1.0,0.0,125,0.0,1.0,65,False,False,
2022-05-20,EUR_RUB,sanctions,1,1.0,0.0,125,0.0,1.0,124,False,False,
2022-05-20,EUR_RUB,sanctions,7,1.0,0.0,125,0.0,1.0,118,False,False,
2022-05-20,EUR_RUB,sanctions,14,1.0,0.0,125,0.0,1.0,111,False,False,
2022-05-20,EUR_RUB,sanctions,30,1.0,0.0,125,0.0,1.0,95,False,False,
2022-05-20,EUR_RUB,sanctions,60,1.0,0.0,125,0.0,1.0,65,False,False,
2022-05-20,EUR_RUB,inflation,1,1.0,0.0,125,0.0,1.0,124,False,False,
2022-05-20,EUR_RUB,inflation,7,1.0,0.0,125,0.0,1.0,118,False,False,
2022-05-20,EUR_RUB,inflation,14,1.0,0.0,125,0.0,1.0,111,False,False,
2022-05-20,EUR_RUB,inflation,30,1.0,0.0,125,0.0,1.0,95,False,False,
2022-05-20,EUR_RUB,inflation,60,1.0,0.0,125,0.0,1.0,65,False,False,
2022-05-20,EUR_RUB,banking,1,1.0,0.0,125,0.0,1.0,124,False,False,
2022-05-20,EUR_RUB,banking,7,1.0,0.0,125,0.0,1.0,118,False,False,
2022-05-20,EUR_RUB,banking,14,1.0,0.0,125,0.0,1.0,111,False,False,
2022-05-20,EUR_RUB,banking,30,1.0,0.0,125,0.0,1.0,95,False,False,
2022-05-20,EUR_RUB,banking,60,1.0,0.0,125,0.0,1.0,65,False,False,
2022-05-20,EUR_RUB,gold,1,1.0,0.0,125,0.0,1.0,124,False,False,
2022-05-20,EUR_RUB,gold,7,1.0,0.0,125,0.0,1.0,118,False,False,
2022-05-20,EUR_RUB,gold,14,1.0,0.0,125,0.0,1.0,111,False,False,
2022-05-20,EUR_RUB,gold,30,1.0,0.0,125,0.0,1.0,95,False,False,
2022-05-20,EUR_RUB,gold,60,1.0,0.0,125,0.0,1.0,65,False,False,
2022-05-20,BRENT,oil,1,1.0,0.0,125,0.0,1.0,124,False,False,
2022-05-20,BRENT,oil,7,1.0,0.0,125,0.0,1.0,118,False,False,
2022-05-20,BRENT,oil,14,1.0,0.0,125,0.0,1.0,111,False,False,
2022-05-20,BRENT,oil,30,1.0,0.0,125,0.0,1.0,95,False,False,
2022-05-20,BRENT,oil,60,1.0,0.0,125,0.0,1.0,65,False,False,
2022-05-20,BRENT,rate,1,1.0,0.0,125,0.0,1.0,124,False,False,
2022-05-20,BRENT,rate,7,1.0,0.0,125,0.0,1.0,118,False,False,
2022-05-20,BRENT,rate,14,1.0,0.0,125,0.0,1.0,111,False,False,
2022-05-20,BRENT,rate,30,1.0,0.0,125,0.0,1.0,95,False,False,
2022-05-20,BRENT,rate,60,1.0,0.0,125,0.0,1.0,65,False,False,
2022-05-20,BRENT,ruble,1,1.0,0.0,125,0.0,1.0,124,False,False,
2022-05-20,BRENT,ruble,7,1.0,0.0,125,0.0,1.0,118,False,False,
2022-05-20,BRENT,ruble,14,1.0,0.0,125,0.0,1.0,111,False,False,
2022-05-20,BRENT,ruble,30,1.0,0.0,125,0.0,1.0,95,False,False,
2022-05-20,BRENT,ruble,60,1.0,0.0,125,0.0,1.0,65,False,False,
2022-05-20,BRENT,sanctions,1,1.0,0.0,125,0.0,1.0,124,False,False,
2022-05-20,BRENT,sanctions,7,1.0,0.0,125,0.0,1.0,118,False,False,
2022-05-20,BRENT,sanctions,14,1.0,0.0,125,0.0,1.0,111,False,False,
2022-05-20,BRENT,sanctions,30,1.0,0.0,125,0.0,1.0,95,False,False,
2022-05-20,BRENT,sanctions,60,1.0,0.0,125,0.0,1.0,65,False,False,
2022-05-20,BRENT,inflation,1,1.0,0.0,125,0.0,1.0,124,False,False,
2022-05-20,BRENT,inflation,7,1.0,0.0,125,0.0,1.0,118,False,False,
2022-05-20,BRENT,inflation,14,1.0,0.0,125,0.0,1.0,111,False,False,
2022-05-20,BRENT,inflation,30,1.0,0.0,125,0.0,1.0,95,False,False,
2022-05-20,BRENT,inflation,60,1.0,0.0,125,0.0,1.0,65,False,False,
2022-05-20,BRENT,banking,1,1.0,0.0,125,0.0,1.0,124,False,False,
2022-05-20,BRENT,banking,7,1.0,0.0,125,0.0,1.0,118,False,False,
2022-05-20,BRENT,banking,14,1.0,0.0,125,0.0,1.0,111,False,False,
2022-05-20,BRENT,banking,30,1.0,0.0,125,0.0,1.0,95,False,False,
2022-05-20,BRENT,banking,60,1.0,0.0,125,0.0,1.0,65,False,False,
2022-05-20,BRENT,gold,1,1.0,0.0,125,0.0,1.0,124,False,False,
2022-05-20,BRENT,gold,7,1.0,0.0,125,0.0,1.0,118,False,False,
2022-05-20,BRENT,gold,14,1.0,0.0,125,0.0,1.0,111,False,False,
2022-05-20,BRENT,gold,30,1.0,0.0,125,0.0,1.0,95,False,False,
2022-05-20,BRENT,gold,60,1.0,0.0,125,0.0,1.0,65,False,False,
2022-05-20,SP500,oil,1,1.0,0.0,125,0.0,1.0,124,False,False,
2022-05-20,SP500,oil,7,1.0,0.0,125,0.0,1.0,118,False,False,
2022-05-20,SP500,oil,14,1.0,0.0,125,0.0,1.0,111,False,False,
2022-05-20,SP500,oil,30,1.0,0.0,125,0.0,1.0,95,False,False,
2022-05-20,SP500,oil,60,1.0,0.0,125,0.0,1.0,65,False,False,
2022-05-20,SP500,rate,1,1.0,0.0,125,0.0,1.0,124,False,False,
2022-05-20,SP500,rate,7,1.0,0.0,125,0.0,1.0,118,False,False,
2022-05-20,SP500,rate,14,1.0,0.0,125,0.0,1.0,111,False,False,
2022-05-20,SP500,rate,30,1.0,0.0,125,0.0,1.0,95,False,False,
2022-05-20,SP500,rate,60,1.0,0.0,125,0.0,1.0,65,False,False,
2022-05-20,SP500,ruble,1,1.0,0.0,125,0.0,1.0,124,False,False,
2022-05-20,SP500,ruble,7,1.0,0.0,125,0.0,1.0,118,False,False,
2022-05-20,SP500,ruble,14,1.0,0.0,125,0.0,1.0,111,False,False,
2022-05-20,SP500,ruble,30,1.0,0.0,125,0.0,1.0,95,False,False,
2022-05-20,SP500,ruble,60,1.0,0.0,125,0.0,1.0,65,False,False,
2022-05-20,SP500,sanctions,1,1.0,0.0,125,0.0,1.0,124,False,False,
2022-05-20,SP500,sanctions,7,1.0,0.0,125,0.0,1.0,118,False,False,
2022-05-20,SP500,sanctions,14,1.0,0.0,125,0.0,1.0,111,False,False,
2022-05-20,SP500,sanctions,30,1.0,0.0,125,0.0,1.0,95,False,False,
2022-05-20,SP500,sanctions,60,1.0,0.0,125,0.0,1.0,65,False,False,
2022-05-20,SP500,inflation,1,1.0,0.0,125,0.0,1.0,124,False,False,
2022-05-20,SP500,inflation,7,1.0,0.0,125,0.0,1.0,118,False,False,
2022-05-20,SP500,inflation,14,1.0,0.0,125,0.0,1.0,111,False,False,
2022-05-20,SP500,inflation,30,1.0,0.0,125,0.0,1.0,95,False,False,
2022-05-20,SP500,inflation,60,1.0,0.0,125,0.0,1.0,65,False,False,
2022-05-20,SP500,banking,1,1.0,0.0,125,0.0,1.0,124,False,False,
2022-05-20,SP500,banking,7,1.0,0.0,125,0.0,1.0,118,False,False,
2022-05-20,SP500,banking,14,1.0,0.0,125,0.0,1.0,111,False,False,
2022-05-20,SP500,banking,30,1.0,0.0,125,0.0,1.0,95,False,False,
2022-05-20,SP500,banking,60,1.0,0.0,125,0.0,1.0,65,False,False,
2022-05-20,SP500,gold,1,1.0,0.0,125,0.0,1.0,124,False,False,
2022-05-20,SP500,gold,7,1.0,0.0,125,0.0,1.0,118,False,False,
2022-05-20,SP500,gold,14,1.0,0.0,125,0.0,1.0,111,False,False,
2022-05-20,SP500,gold,30,1.0,0.0,125,0.0,1.0,95,False,False,
2022-05-20,SP500,gold,60,1.0,0.0,125,0.0,1.0,65,False,False,
2022-05-20,MSCI_WORLD,oil,1,1.0,0.0,125,0.0,1.0,124,False,False,
2022-05-20,MSCI_WORLD,oil,7,1.0,0.0,125,0.0,1.0,118,False,False,
2022-05-20,MSCI_WORLD,oil,14,1.0,0.0,125,0.0,1.0,111,False,False,
2022-05-20,MSCI_WORLD,oil,30,1.0,0.0,125,0.0,1.0,95,False,False,
2022-05-20,MSCI_WORLD,oil,60,1.0,0.0,125,0.0,1.0,65,False,False,
2022-05-20,MSCI_WORLD,rate,1,1.0,0.0,125,0.0,1.0,124,False,False,
2022-05-20,MSCI_WORLD,rate,7,1.0,0.0,125,0.0,1.0,118,False,False,
2022-05-20,MSCI_WORLD,rate,14,1.0,0.0,125,0.0,1.0,111,False,False,
2022-05-20,MSCI_WORLD,rate,30,1.0,0.0,125,0.0,1.0,95,False,False,
2022-05-20,MSCI_WORLD,rate,60,1.0,0.0,125,0.0,1.0,65,False,False,
2022-05-20,MSCI_WORLD,ruble,1,1.0,0.0,125,0.0,1.0,124,False,False,
2022-05-20,MSCI_WORLD,ruble,7,1.0,0.0,125,0.0,1.0,118,False,False,
2022-05-20,MSCI_WORLD,ruble,14,1.0,0.0,125,0.0,1.0,111,False,False,
2022-05-20,MSCI_WORLD,ruble,30,1.0,0.0,125,0.0,1.0,95,False,False,
2022-05-20,MSCI_WORLD,ruble,60,1.0,0.0,125,0.0,1.0,65,False,False,
2022-05-20,MSCI_WORLD,sanctions,1,1.0,0.0,125,0.0,1.0,124,False,False,
2022-05-20,MSCI_WORLD,sanctions,7,1.0,0.0,125,0.0,1.0,118,False,False,
2022-05-20,MSCI_WORLD,sanctions,14,1.0,0.0,125,0.0,1.0,111,False,False,
2022-05-20,MSCI_WORLD,sanctions,30,1.0,0.0,125,0.0,1.0,95,False,False,
2022-05-20,MSCI_WORLD,sanctions,60,1.0,0.0,125,0.0,1.0,65,False,False,
2022-05-20,MSCI_WORLD,inflation,1,1.0,0.0,125,0.0,1.0,124,False,False,
2022-05-20,MSCI_WORLD,inflation,7,1.0,0.0,125,0.0,1.0,118,False,False,
2022-05-20,MSCI_WORLD,inflation,14,1.0,0.0,125,0.0,1.0,111,False,False,
2022-05-20,MSCI_WORLD,inflation,30,1.0,0.0,125,0.0,1.0,95,False,False,
2022-05-20,MSCI_WORLD,inflation,60,1.0,0.0,125,0.0,1.0,65,False,False,
2022-05-20,MSCI_WORLD,banking,1,1.0,0.0,125,0.0,1.0,124,False,False,
2022-05-20,MSCI_WORLD,banking,7,1.0,0.0,125,0.0,1.0,118,False,False,
2022-05-20,MSCI_WORLD,banking,14,1.0,0.0,125,0.0,1.0,111,False,False,
2022-05-20,MSCI_WORLD,banking,30,1.0,0.0,125,0.0,1.0,95,False,False,
2022-05-20,MSCI_WORLD,banking,60,1.0,0.0,125,0.0,1.0,65,False,False,
2022-05-20,MSCI_WORLD,gold,1,1.0,0.0,125,0.0,1.0,124,False,False,
2022-05-20,MSCI_WORLD,gold,7,1.0,0.0,125,0.0,1.0,118,False,False,
2022-05-20,MSCI_WORLD,gold,14,1.0,0.0,125,0.0,1.0,111,False,False,
2022-05-20,MSCI_WORLD,gold,30,1.0,0.0,125,0.0,1.0,95,False,False,
2022-05-20,MSCI_WORLD,gold,60,1.0,0.0,125,0.0,1.0,65,False,False,
2022-05-20,DXY,oil,1,1.0,0.0,125,0.0,1.0,124,False,False,
2022-05-20,DXY,oil,7,1.0,0.0,125,0.0,1.0,118,False,False,
2022-05-20,DXY,oil,14,1.0,0.0,125,0.0,1.0,111,False,False,
2022-05-20,DXY,oil,30,1.0,0.0,125,0.0,1.0,95,False,False,
2022-05-20,DXY,oil,60,1.0,0.0,125,0.0,1.0,65,False,False,
2022-05-20,DXY,rate,1,1.0,0.0,125,0.0,1.0,124,False,False,
2022-05-20,DXY,rate,7,1.0,0.0,125,0.0,1.0,118,False,False,
2022-05-20,DXY,rate,14,1.0,0.0,125,0.0,1.0,111,False,False,
2022-05-20,DXY,rate,30,1.0,0.0,125,0.0,1.0,95,False,False,
2022-05-20,DXY,rate,60,1.0,0.0,125,0.0,1.0,65,False,False,
2022-05-20,DXY,ruble,1,1.0,0.0,125,0.0,1.0,124,False,False,
2022-05-20,DXY,ruble,7,1.0,0.0,125,0.0,1.0,118,False,False,
2022-05-20,DXY,ruble,14,1.0,0.0,125,0.0,1.0,111,False,False,
2022-05-20,DXY,ruble,30,1.0,0.0,125,0.0,1.0,95,False,False,
2022-05-20,DXY,ruble,60,1.0,0.0,125,0.0,1.0,65,False,False,
2022-05-20,DXY,sanctions,1,1.0,0.0,125,0.0,1.0,124,False,False,
2022-05-20,DXY,sanctions,7,1.0,0.0,125,0.0,1.0,118,False,False,
2022-05-20,DXY,sanctions,14,1.0,0.0,125,0.0,1.0,111,False,False,
2022-05-20,DXY,sanctions,30,1.0,0.0,125,0.0,1.0,95,False,False,
2022-05-20,DXY,sanctions,60,1.0,0.0,125,0.0,1.0,65,False,False,
2022-05-20,DXY,inflation,1,1.0,0.0,125,0.0,1.0,124,False,False,
2022-05-20,DXY,inflation,7,1.0,0.0,125,0.0,1.0,118,False,False,
2022-05-20,DXY,inflation,14,1.0,0.0,125,0.0,1.0,111,False,False,
2022-05-20,DXY,inflation,30,1.0,0.0,125,0.0,1.0,95,False,False,
2022-05-20,DXY,inflation,60,1.0,0.0,125,0.0,1.0,65,False,False,
2022-05-20,DXY,banking,1,1.0,0.0,125,0.0,1.0,124,False,False,
2022-05-20,DXY,banking,7,1.0,0.0,125,0.0,1.0,118,False,False,
2022-05-20,DXY,banking,14,1.0,0.0,125,0.0,1.0,111,False,False,
2022-05-20,DXY,banking,30,1.0,0.0,125,0.0,1.0,95,False,False,
2022-05-20,DXY,banking,60,1.0,0.0,125,0.0,1.0,65,False,False,
2022-05-20,DXY,gold,1,1.0,0.0,125,0.0,1.0,124,False,False,
2022-05-20,DXY,gold,7,1.0,0.0,125,0.0,1.0,118,False,False,
2022-05-20,DXY,gold,14,1.0,0.0,125,0.0,1.0,111,False,False,
2022-05-20,DXY,gold,30,1.0,0.0,125,0.0,1.0,95,False,False,
2022-05-20,DXY,gold,60,1.0,0.0,125,0.0,1.0,65,False,False,
2022-05-20,MSCI_INDIA,oil,1,1.0,0.0,125,0.0,1.0,124,False,False,
2022-05-20,MSCI_INDIA,oil,7,1.0,0.0,125,0.0,1.0,118,False,False,
2022-05-20,MSCI_INDIA,oil,14,1.0,0.0,125,0.0,1.0,111,False,False,
2022-05-20,MSCI_INDIA,oil,30,1.0,0.0,125,0.0,1.0,95,False,False,
2022-05-20,MSCI_INDIA,oil,60,1.0,0.0,125,0.0,1.0,65,False,False,
2022-05-20,MSCI_INDIA,rate,1,1.0,0.0,125,0.0,1.0,124,False,False,
2022-05-20,MSCI_INDIA,rate,7,1.0,0.0,125,0.0,1.0,118,False,False,
2022-05-20,MSCI_INDIA,rate,14,1.0,0.0,125,0.0,1.0,111,False,False,
2022-05-20,MSCI_INDIA,rate,30,1.0,0.0,125,0.0,1.0,95,False,False,
2022-05-20,MSCI_INDIA,rate,60,1.0,0.0,125,0.0,1.0,65,False,False,
2022-05-20,MSCI_INDIA,ruble,1,1.0,0.0,125,0.0,1.0,124,False,False,
2022-05-20,MSCI_INDIA,ruble,7,1.0,0.0,125,0.0,1.0,118,False,False,
2022-05-20,MSCI_INDIA,ruble,14,1.0,0.0,125,0.0,1.0,111,False,False,
2022-05-20,MSCI_INDIA,ruble,30,1.0,0.0,125,0.0,1.0,95,False,False,
2022-05-20,MSCI_INDIA,ruble,60,1.0,0.0,125,0.0,1.0,65,False,False,
2022-05-20,MSCI_INDIA,sanctions,1,1.0,0.0,125,0.0,1.0,124,False,False,
2022-05-20,MSCI_INDIA,sanctions,7,1.0,0.0,125,0.0,1.0,118,False,False,
2022-05-20,MSCI_INDIA,sanctions,14,1.0,0.0,125,0.0,1.0,111,False,False,
2022-05-20,MSCI_INDIA,sanctions,30,1.0,0.0,125,0.0,1.0,95,False,False,
2022-05-20,MSCI_INDIA,sanctions,60,1.0,0.0,125,0.0,1.0,65,False,False,
2022-05-20,MSCI_INDIA,inflation,1,1.0,0.0,125,0.0,1.0,124,False,False,
2022-05-20,MSCI_INDIA,inflation,7,1.0,0.0,125,0.0,1.0,118,False,False,
2022-05-20,MSCI_INDIA,inflation,14,1.0,0.0,125,0.0,1.0,111,False,False,
2022-05-20,MSCI_INDIA,inflation,30,1.0,0.0,125,0.0,1.0,95,False,False,
2022-05-20,MSCI_INDIA,inflation,60,1.0,0.0,125,0.0,1.0,65,False,False,
2022-05-20,MSCI_INDIA,banking,1,1.0,0.0,125,0.0,1.0,124,False,False,
2022-05-20,MSCI_INDIA,banking,7,1.0,0.0,125,0.0,1.0,118,False,False,
2022-05-20,MSCI_INDIA,banking,14,1.0,0.0,125,0.0,1.0,111,False,False,
2022-05-20,MSCI_INDIA,banking,30,1.0,0.0,125,0.0,1.0,95,False,False,
2022-05-20,MSCI_INDIA,banking,60,1.0,0.0,125,0.0,1.0,65,False,False,
2022-05-20,MSCI_INDIA,gold,1,1.0,0.0,125,0.0,1.0,124,False,False,
2022-05-20,MSCI_INDIA,gold,7,1.0,0.0,125,0.0,1.0,118,False,False,
2022-05-20,MSCI_INDIA,gold,14,1.0,0.0,125,0.0,1.0,111,False,False,
2022-05-20,MSCI_INDIA,gold,30,1.0,0.0,125,0.0,1.0,95,False,False,
2022-05-20,MSCI_INDIA,gold,60,1.0,0.0,125,0.0,1.0,65,False,False,
2022-05-23,USD_RUB,oil,1,1.0,0.0,125,0.0,1.0,124,False,False,
2022-05-23,USD_RUB,oil,7,1.0,0.0,125,0.0,1.0,118,False,False,
2022-05-23,USD_RUB,oil,14,1.0,0.0,125,0.0,1.0,111,False,False,
2022-05-23,USD_RUB,oil,30,1.0,0.0,125,0.0,1.0,95,False,False,
2022-05-23,USD_RUB,oil,60,1.0,0.0,125,0.0,1.0,65,False,False,
2022-05-23,USD_RUB,rate,1,1.0,0.0,125,0.0,1.0,124,False,False,
2022-05-23,USD_RUB,rate,7,1.0,0.0,125,0.0,1.0,118,False,False,
2022-05-23,USD_RUB,rate,14,1.0,0.0,125,0.0,1.0,111,False,False,
2022-05-23,USD_RUB,rate,30,1.0,0.0,125,0.0,1.0,95,False,False,
2022-05-23,USD_RUB,rate,60,1.0,0.0,125,0.0,1.0,65,False,False,
2022-05-23,USD_RUB,ruble,1,1.0,0.0,125,0.0,1.0,124,False,False,
2022-05-23,USD_RUB,ruble,7,1.0,0.0,125,0.0,1.0,118,False,False,
2022-05-23,USD_RUB,ruble,14,1.0,0.0,125,0.0,1.0,111,False,False,
2022-05-23,USD_RUB,ruble,30,1.0,0.0,125,0.0,1.0,95,False,False,
2022-05-23,USD_RUB,ruble,60,1.0,0.0,125,0.0,1.0,65,False,False,
2022-05-23,USD_RUB,sanctions,1,1.0,0.0,125,0.0,1.0,124,False,False,
2022-05-23,USD_RUB,sanctions,7,1.0,0.0,125,0.0,1.0,118,False,False,
2022-05-23,USD_RUB,sanctions,14,1.0,0.0,125,0.0,1.0,111,False,False,
2022-05-23,USD_RUB,sanctions,30,1.0,0.0,125,0.0,1.0,95,False,False,
2022-05-23,USD_RUB,sanctions,60,1.0,0.0,125,0.0,1.0,65,False,False,
2022-05-23,USD_RUB,inflation,1,1.0,0.0,125,0.0,1.0,124,False,False,
2022-05-23,USD_RUB,inflation,7,1.0,0.0,125,0.0,1.0,118,False,False,
2022-05-23,USD_RUB,inflation,14,1.0,0.0,125,0.0,1.0,111,False,False,
2022-05-23,USD_RUB,inflation,30,1.0,0.0,125,0.0,1.0,95,False,False,
2022-05-23,USD_RUB,inflation,60,1.0,0.0,125,0.0,1.0,65,False,False,
2022-05-23,USD_RUB,banking,1,1.0,0.0,125,0.0,1.0,124,False,False,
2022-05-23,USD_RUB,banking,7,1.0,0.0,125,0.0,1.0,118,False,False,
2022-05-23,USD_RUB,banking,14,1.0,0.0,125,0.0,1.0,111,False,False,
2022-05-23,USD_RUB,banking,30,1.0,0.0,125,0.0,1.0,95,False,False,
2022-05-23,USD_RUB,banking,60,1.0,0.0,125,0.0,1.0,65,False,False,
2022-05-23,USD_RUB,gold,1,1.0,0.0,125,0.0,1.0,124,False,False,
2022-05-23,USD_RUB,gold,7,1.0,0.0,125,0.0,1.0,118,False,False,
2022-05-23,USD_RUB,gold,14,1.0,0.0,125,0.0,1.0,111,False,False,
2022-05-23,USD_RUB,gold,30,1.0,0.0,125,0.0,1.0,95,False,False,
2022-05-23,USD_RUB,gold,60,1.0,0.0,125,0.0,1.0,65,False,False,
2022-05-23,EUR_RUB,oil,1,1.0,0.0,125,0.0,1.0,124,False,False,
2022-05-23,EUR_RUB,oil,7,1.0,0.0,125,0.0,1.0,118,False,False,
2022-05-23,EUR_RUB,oil,14,1.0,0.0,125,0.0,1.0,111,False,False,
2022-05-23,EUR_RUB,oil,30,1.0,0.0,125,0.0,1.0,95,False,False,
2022-05-23,EUR_RUB,oil,60,1.0,0.0,125,0.0,1.0,65,False,False,
2022-05-23,EUR_RUB,rate,1,1.0,0.0,125,0.0,1.0,124,False,False,
2022-05-23,EUR_RUB,rate,7,1.0,0.0,125,0.0,1.0,118,False,False,
2022-05-23,EUR_RUB,rate,14,1.0,0.0,125,0.0,1.0,111,False,False,
2022-05-23,EUR_RUB,rate,30,1.0,0.0,125,0.0,1.0,95,False,False,
2022-05-23,EUR_RUB,rate,60,1.0,0.0,125,0.0,1.0,65,False,False,
2022-05-23,EUR_RUB,ruble,1,1.0,0.0,125,0.0,1.0,124,False,False,
2022-05-23,EUR_RUB,ruble,7,1.0,0.0,125,0.0,1.0,118,False,False,
2022-05-23,EUR_RUB,ruble,14,1.0,0.0,125,0.0,1.0,111,False,False,
2022-05-23,EUR_RUB,ruble,30,1.0,0.0,125,0.0,1.0,95,False,False,
2022-05-23,EUR_RUB,ruble,60,1.0,0.0,125,0.0,1.0,65,False,False,
2022-05-23,EUR_RUB,sanctions,1,1.0,0.0,125,0.0,1.0,124,False,False,
2022-05-23,EUR_RUB,sanctions,7,1.0,0.0,125,0.0,1.0,118,False,False,
2022-05-23,EUR_RUB,sanctions,14,1.0,0.0,125,0.0,1.0,111,False,False,
2022-05-23,EUR_RUB,sanctions,30,1.0,0.0,125,0.0,1.0,95,False,False,
2022-05-23,EUR_RUB,sanctions,60,1.0,0.0,125,0.0,1.0,65,False,False,
2022-05-23,EUR_RUB,inflation,1,1.0,0.0,125,0.0,1.0,124,False,False,
2022-05-23,EUR_RUB,inflation,7,1.0,0.0,125,0.0,1.0,118,False,False,
2022-05-23,EUR_RUB,inflation,14,1.0,0.0,125,0.0,1.0,111,False,False,
2022-05-23,EUR_RUB,inflation,30,1.0,0.0,125,0.0,1.0,95,False,False,
2022-05-23,EUR_RUB,inflation,60,1.0,0.0,125,0.0,1.0,65,False,False,
2022-05-23,EUR_RUB,banking,1,1.0,0.0,125,0.0,1.0,124,False,False,
2022-05-23,EUR_RUB,banking,7,1.0,0.0,125,0.0,1.0,118,False,False,
2022-05-23,EUR_RUB,banking,14,1.0,0.0,125,0.0,1.0,111,False,False,
2022-05-23,EUR_RUB,banking,30,1.0,0.0,125,0.0,1.0,95,False,False,
2022-05-23,EUR_RUB,banking,60,1.0,0.0,125,0.0,1.0,65,False,False,
2022-05-23,EUR_RUB,gold,1,1.0,0.0,125,0.0,1.0,124,False,False,
2022-05-23,EUR_RUB,gold,7,1.0,0.0,125,0.0,1.0,118,False,False,
2022-05-23,EUR_RUB,gold,14,1.0,0.0,125,0.0,1.0,111,False,False,
2022-05-23,EUR_RUB,gold,30,1.0,0.0,125,0.0,1.0,95,False,False,
2022-05-23,EUR_RUB,gold,60,1.0,0.0,125,0.0,1.0,65,False,False,
2022-05-23,BRENT,oil,1,1.0,0.0,125,0.0,1.0,124,False,False,
2022-05-23,BRENT,oil,7,1.0,0.0,125,0.0,1.0,118,False,False,
2022-05-23,BRENT,oil,14,1.0,0.0,125,0.0,1.0,111,False,False,
2022-05-23,BRENT,oil,30,1.0,0.0,125,0.0,1.0,95,False,False,
2022-05-23,BRENT,oil,60,1.0,0.0,125,0.0,1.0,65,False,False,
2022-05-23,BRENT,rate,1,1.0,0.0,125,0.0,1.0,124,False,False,
2022-05-23,BRENT,rate,7,1.0,0.0,125,0.0,1.0,118,False,False,
2022-05-23,BRENT,rate,14,1.0,0.0,125,0.0,1.0,111,False,False,
2022-05-23,BRENT,rate,30,1.0,0.0,125,0.0,1.0,95,False,False,
2022-05-23,BRENT,rate,60,1.0,0.0,125,0.0,1.0,65,False,False,
2022-05-23,BRENT,ruble,1,1.0,0.0,125,0.0,1.0,124,False,False,
2022-05-23,BRENT,ruble,7,1.0,0.0,125,0.0,1.0,118,False,False,
2022-05-23,BRENT,ruble,14,1.0,0.0,125,0.0,1.0,111,False,False,
2022-05-23,BRENT,ruble,30,1.0,0.0,125,0.0,1.0,95,False,False,
2022-05-23,BRENT,ruble,60,1.0,0.0,125,0.0,1.0,65,False,False,
2022-05-23,BRENT,sanctions,1,1.0,0.0,125,0.0,1.0,124,False,False,
2022-05-23,BRENT,sanctions,7,1.0,0.0,125,0.0,1.0,118,False,False,
2022-05-23,BRENT,sanctions,14,1.0,0.0,125,0.0,1.0,111,False,False,
2022-05-23,BRENT,sanctions,30,1.0,0.0,125,0.0,1.0,95,False,False,
2022-05-23,BRENT,sanctions,60,1.0,0.0,125,0.0,1.0,65,False,False,
2022-05-23,BRENT,inflation,1,1.0,0.0,125,0.0,1.0,124,False,False,
2022-05-23,BRENT,inflation,7,1.0,0.0,125,0.0,1.0,118,False,False,
2022-05-23,BRENT,inflation,14,1.0,0.0,125,0.0,1.0,111,False,False,
2022-05-23,BRENT,inflation,30,1.0,0.0,125,0.0,1.0,95,False,False,
2022-05-23,BRENT,inflation,60,1.0,0.0,125,0.0,1.0,65,False,False,
2022-05-23,BRENT,banking,1,1.0,0.0,125,0.0,1.0,124,False,False,
2022-05-23,BRENT,banking,7,1.0,0.0,125,0.0,1.0,118,False,False,
2022-05-23,BRENT,banking,14,1.0,0.0,125,0.0,1.0,111,False,False,
2022-05-23,BRENT,banking,30,1.0,0.0,125,0.0,1.0,95,False,False,
2022-05-23,BRENT,banking,60,1.0,0.0,125,0.0,1.0,65,False,False,
2022-05-23,BRENT,gold,1,1.0,0.0,125,0.0,1.0,124,False,False,
2022-05-23,BRENT,gold,7,1.0,0.0,125,0.0,1.0,118,False,False,
2022-05-23,BRENT,gold,14,1.0,0.0,125,0.0,1.0,111,False,False,
2022-05-23,BRENT,gold,30,1.0,0.0,125,0.0,1.0,95,False,False,
2022-05-23,BRENT,gold,60,1.0,0.0,125,0.0,1.0,65,False,False,
2022-05-23,SP500,oil,1,1.0,0.0,125,0.0,1.0,124,False,False,
2022-05-23,SP500,oil,7,1.0,0.0,125,0.0,1.0,118,False,False,
2022-05-23,SP500,oil,14,1.0,0.0,125,0.0,1.0,111,False,False,
2022-05-23,SP500,oil,30,1.0,0.0,125,0.0,1.0,95,False,False,
2022-05-23,SP500,oil,60,1.0,0.0,125,0.0,1.0,65,False,False,
2022-05-23,SP500,rate,1,1.0,0.0,125,0.0,1.0,124,False,False,
2022-05-23,SP500,rate,7,1.0,0.0,125,0.0,1.0,118,False,False,
2022-05-23,SP500,rate,14,1.0,0.0,125,0.0,1.0,111,False,False,
2022-05-23,SP500,rate,30,1.0,0.0,125,0.0,1.0,95,False,False,
2022-05-23,SP500,rate,60,1.0,0.0,125,0.0,1.0,65,False,False,
2022-05-23,SP500,ruble,1,1.0,0.0,125,0.0,1.0,124,False,False,
2022-05-23,SP500,ruble,7,1.0,0.0,125,0.0,1.0,118,False,False,
2022-05-23,SP500,ruble,14,1.0,0.0,125,0.0,1.0,111,False,False,
2022-05-23,SP500,ruble,30,1.0,0.0,125,0.0,1.0,95,False,False,
2022-05-23,SP500,ruble,60,1.0,0.0,125,0.0,1.0,65,False,False,
2022-05-23,SP500,sanctions,1,1.0,0.0,125,0.0,1.0,124,False,False,
2022-05-23,SP500,sanctions,7,1.0,0.0,125,0.0,1.0,118,False,False,
2022-05-23,SP500,sanctions,14,1.0,0.0,125,0.0,1.0,111,False,False,
2022-05-23,SP500,sanctions,30,1.0,0.0,125,0.0,1.0,95,False,False,
2022-05-23,SP500,sanctions,60,1.0,0.0,125,0.0,1.0,65,False,False,
2022-05-23,SP500,inflation,1,1.0,0.0,125,0.0,1.0,124,False,False,
2022-05-23,SP500,inflation,7,1.0,0.0,125,0.0,1.0,118,False,False,
2022-05-23,SP500,inflation,14,1.0,0.0,125,0.0,1.0,111,False,False,
2022-05-23,SP500,inflation,30,1.0,0.0,125,0.0,1.0,95,False,False,
2022-05-23,SP500,inflation,60,1.0,0.0,125,0.0,1.0,65,False,False,
2022-05-23,SP500,banking,1,1.0,0.0,125,0.0,1.0,124,False,False,
2022-05-23,SP500,banking,7,1.0,0.0,125,0.0,1.0,118,False,False,
2022-05-23,SP500,banking,14,1.0,0.0,125,0.0,1.0,111,False,False,
2022-05-23,SP500,banking,30,1.0,0.0,125,0.0,1.0,95,False,False,
2022-05-23,SP500,banking,60,1.0,0.0,125,0.0,1.0,65,False,False,
2022-05-23,SP500,gold,1,1.0,0.0,125,0.0,1.0,124,False,False,
2022-05-23,SP500,gold,7,1.0,0.0,125,0.0,1.0,118,False,False,
2022-05-23,SP500,gold,14,1.0,0.0,125,0.0,1.0,111,False,False,
2022-05-23,SP500,gold,30,1.0,0.0,125,0.0,1.0,95,False,False,
2022-05-23,SP500,gold,60,1.0,0.0,125,0.0,1.0,65,False,False,
2022-05-23,MSCI_WORLD,oil,1,1.0,0.0,125,0.0,1.0,124,False,False,
2022-05-23,MSCI_WORLD,oil,7,1.0,0.0,125,0.0,1.0,118,False,False,
2022-05-23,MSCI_WORLD,oil,14,1.0,0.0,125,0.0,1.0,111,False,False,
2022-05-23,MSCI_WORLD,oil,30,1.0,0.0,125,0.0,1.0,95,False,False,
2022-05-23,MSCI_WORLD,oil,60,1.0,0.0,125,0.0,1.0,65,False,False,
2022-05-23,MSCI_WORLD,rate,1,1.0,0.0,125,0.0,1.0,124,False,False,
2022-05-23,MSCI_WORLD,rate,7,1.0,0.0,125,0.0,1.0,118,False,False,
2022-05-23,MSCI_WORLD,rate,14,1.0,0.0,125,0.0,1.0,111,False,False,
2022-05-23,MSCI_WORLD,rate,30,1.0,0.0,125,0.0,1.0,95,False,False,
2022-05-23,MSCI_WORLD,rate,60,1.0,0.0,125,0.0,1.0,65,False,False,
2022-05-23,MSCI_WORLD,ruble,1,1.0,0.0,125,0.0,1.0,124,False,False,
2022-05-23,MSCI_WORLD,ruble,7,1.0,0.0,125,0.0,1.0,118,False,False,
2022-05-23,MSCI_WORLD,ruble,14,1.0,0.0,125,0.0,1.0,111,False,False,
2022-05-23,MSCI_WORLD,ruble,30,1.0,0.0,125,0.0,1.0,95,False,False,
2022-05-23,MSCI_WORLD,ruble,60,1.0,0.0,125,0.0,1.0,65,False,False,
2022-05-23,MSCI_WORLD,sanctions,1,1.0,0.0,125,0.0,1.0,124,False,False,
2022-05-23,MSCI_WORLD,sanctions,7,1.0,0.0,125,0.0,1.0,118,False,False,
2022-05-23,MSCI_WORLD,sanctions,14,1.0,0.0,125,0.0,1.0,111,False,False,
2022-05-23,MSCI_WORLD,sanctions,30,1.0,0.0,125,0.0,1.0,95,False,False,
2022-05-23,MSCI_WORLD,sanctions,60,1.0,0.0,125,0.0,1.0,65,False,False,
2022-05-23,MSCI_WORLD,inflation,1,1.0,0.0,125,0.0,1.0,124,False,False,
2022-05-23,MSCI_WORLD,inflation,7,1.0,0.0,125,0.0,1.0,118,False,False,
2022-05-23,MSCI_WORLD,inflation,14,1.0,0.0,125,0.0,1.0,111,False,False,
2022-05-23,MSCI_WORLD,inflation,30,1.0,0.0,125,0.0,1.0,95,False,False,
2022-05-23,MSCI_WORLD,inflation,60,1.0,0.0,125,0.0,1.0,65,False,False,
2022-05-23,MSCI_WORLD,banking,1,1.0,0.0,125,0.0,1.0,124,False,False,
2022-05-23,MSCI_WORLD,banking,7,1.0,0.0,125,0.0,1.0,118,False,False,
2022-05-23,MSCI_WORLD,banking,14,1.0,0.0,125,0.0,1.0,111,False,False,
2022-05-23,MSCI_WORLD,banking,30,1.0,0.0,125,0.0,1.0,95,False,False,
2022-05-23,MSCI_WORLD,banking,60,1.0,0.0,125,0.0,1.0,65,False,False,
2022-05-23,MSCI_WORLD,gold,1,1.0,0.0,125,0.0,1.0,124,False,False,
2022-05-23,MSCI_WORLD,gold,7,1.0,0.0,125,0.0,1.0,118,False,False,
2022-05-23,MSCI_WORLD,gold,14,1.0,0.0,125,0.0,1.0,111,False,False,
2022-05-23,MSCI_WORLD,gold,30,1.0,0.0,125,0.0,1.0,95,False,False,
2022-05-23,MSCI_WORLD,gold,60,1.0,0.0,125,0.0,1.0,65,False,False,
2022-05-23,DXY,oil,1,1.0,0.0,125,0.0,1.0,124,False,False,
2022-05-23,DXY,oil,7,1.0,0.0,125,0.0,1.0,118,False,False,
2022-05-23,DXY,oil,14,1.0,0.0,125,0.0,1.0,111,False,False,
2022-05-23,DXY,oil,30,1.0,0.0,125,0.0,1.0,95,False,False,
2022-05-23,DXY,oil,60,1.0,0.0,125,0.0,1.0,65,False,False,
2022-05-23,DXY,rate,1,1.0,0.0,125,0.0,1.0,124,False,False,
2022-05-23,DXY,rate,7,1.0,0.0,125,0.0,1.0,118,False,False,
2022-05-23,DXY,rate,14,1.0,0.0,125,0.0,1.0,111,False,False,
2022-05-23,DXY,rate,30,1.0,0.0,125,0.0,1.0,95,False,False,
2022-05-23,DXY,rate,60,1.0,0.0,125,0.0,1.0,65,False,False,
2022-05-23,DXY,ruble,1,1.0,0.0,125,0.0,1.0,124,False,False,
2022-05-23,DXY,ruble,7,1.0,0.0,125,0.0,1.0,118,False,False,
2022-05-23,DXY,ruble,14,1.0,0.0,125,0.0,1.0,111,False,False,
2022-05-23,DXY,ruble,30,1.0,0.0,125,0.0,1.0,95,False,False,
2022-05-23,DXY,ruble,60,1.0,0.0,125,0.0,1.0,65,False,False,
2022-05-23,DXY,sanctions,1,1.0,0.0,125,0.0,1.0,124,False,False,
2022-05-23,DXY,sanctions,7,1.0,0.0,125,0.0,1.0,118,False,False,
2022-05-23,DXY,sanctions,14,1.0,0.0,125,0.0,1.0,111,False,False,
2022-05-23,DXY,sanctions,30,1.0,0.0,125,0.0,1.0,95,False,False,
2022-05-23,DXY,sanctions,60,1.0,0.0,125,0.0,1.0,65,False,False,
2022-05-23,DXY,inflation,1,1.0,0.0,125,0.0,1.0,124,False,False,
2022-05-23,DXY,inflation,7,1.0,0.0,125,0.0,1.0,118,False,False,
2022-05-23,DXY,inflation,14,1.0,0.0,125,0.0,1.0,111,False,False,
2022-05-23,DXY,inflation,30,1.0,0.0,125,0.0,1.0,95,False,False,
2022-05-23,DXY,inflation,60,1.0,0.0,125,0.0,1.0,65,False,False,
2022-05-23,DXY,banking,1,1.0,0.0,125,0.0,1.0,124,False,False,
2022-05-23,DXY,banking,7,1.0,0.0,125,0.0,1.0,118,False,False,
2022-05-23,DXY,banking,14,1.0,0.0,125,0.0,1.0,111,False,False,
2022-05-23,DXY,banking,30,1.0,0.0,125,0.0,1.0,95,False,False,
2022-05-23,DXY,banking,60,1.0,0.0,125,0.0,1.0,65,False,False,
2022-05-23,DXY,gold,1,1.0,0.0,125,0.0,1.0,124,False,False,
2022-05-23,DXY,gold,7,1.0,0.0,125,0.0,1.0,118,False,False,
2022-05-23,DXY,gold,14,1.0,0.0,125,0.0,1.0,111,False,False,
2022-05-23,DXY,gold,30,1.0,0.0,125,0.0,1.0,95,False,False,
2022-05-23,DXY,gold,60,1.0,0.0,125,0.0,1.0,65,False,False,
2022-05-23,MSCI_INDIA,oil,1,1.0,0.0,125,0.0,1.0,124,False,False,
2022-05-23,MSCI_INDIA,oil,7,1.0,0.0,125,0.0,1.0,118,False,False,
2022-05-23,MSCI_INDIA,oil,14,1.0,0.0,125,0.0,1.0,111,False,False,
2022-05-23,MSCI_INDIA,oil,30,1.0,0.0,125,0.0,1.0,95,False,False,
2022-05-23,MSCI_INDIA,oil,60,1.0,0.0,125,0.0,1.0,65,False,False,
2022-05-23,MSCI_INDIA,rate,1,1.0,0.0,125,0.0,1.0,124,False,False,
2022-05-23,MSCI_INDIA,rate,7,1.0,0.0,125,0.0,1.0,118,False,False,
2022-05-23,MSCI_INDIA,rate,14,1.0,0.0,125,0.0,1.0,111,False,False,
2022-05-23,MSCI_INDIA,rate,30,1.0,0.0,125,0.0,1.0,95,False,False,
2022-05-23,MSCI_INDIA,rate,60,1.0,0.0,125,0.0,1.0,65,False,False,
2022-05-23,MSCI_INDIA,ruble,1,1.0,0.0,125,0.0,1.0,124,False,False,
2022-05-23,MSCI_INDIA,ruble,7,1.0,0.0,125,0.0,1.0,118,False,False,
2022-05-23,MSCI_INDIA,ruble,14,1.0,0.0,125,0.0,1.0,111,False,False,
2022-05-23,MSCI_INDIA,ruble,30,1.0,0.0,125,0.0,1.0,95,False,False,
2022-05-23,MSCI_INDIA,ruble,60,1.0,0.0,125,0.0,1.0,65,False,False,
2022-05-23,MSCI_INDIA,sanctions,1,1.0,0.0,125,0.0,1.0,124,False,False,
2022-05-23,MSCI_INDIA,sanctions,7,1.0,0.0,125,0.0,1.0,118,False,False,
2022-05-23,MSCI_INDIA,sanctions,14,1.0,0.0,125,0.0,1.0,111,False,False,
2022-05-23,MSCI_INDIA,sanctions,30,1.0,0.0,125,0.0,1.0,95,False,False,
2022-05-23,MSCI_INDIA,sanctions,60,1.0,0.0,125,0.0,1.0,65,False,False,
2022-05-23,MSCI_INDIA,inflation,1,1.0,0.0,125,0.0,1.0,124,False,False,
2022-05-23,MSCI_INDIA,inflation,7,1.0,0.0,125,0.0,1.0,118,False,False,
2022-05-23,MSCI_INDIA,inflation,14,1.0,0.0,125,0.0,1.0,111,False,False,
2022-05-23,MSCI_INDIA,inflation,30,1.0,0.0,125,0.0,1.0,95,False,False,
2022-05-23,MSCI_INDIA,inflation,60,1.0,0.0,125,0.0,1.0,65,False,False,
2022-05-23,MSCI_INDIA,banking,1,1.0,0.0,125,0.0,1.0,124,False,False,
2022-05-23,MSCI_INDIA,banking,7,1.0,0.0,125,0.0,1.0,118,False,False,
2022-05-23,MSCI_INDIA,banking,14,1.0,0.0,125,0.0,1.0,111,False,False,
2022-05-23,MSCI_INDIA,banking,30,1.0,0.0,125,0.0,1.0,95,False,False,
2022-05-23,MSCI_INDIA,banking,60,1.0,0.0,125,0.0,1.0,65,False,False,
2022-05-23,MSCI_INDIA,gold,1,1.0,0.0,125,0.0,1.0,124,False,False,
2022-05-23,MSCI_INDIA,gold,7,1.0,0.0,125,0.0,1.0,118,False,False,
2022-05-23,MSCI_INDIA,gold,14,1.0,0.0,125,0.0,1.0,111,False,False,
2022-05-23,MSCI_INDIA,gold,30,1.0,0.0,125,0.0,1.0,95,False,False,
2022-05-23,MSCI_INDIA,gold,60,1.0,0.0,125,0.0,1.0,65,False,False,
2022-05-26,USD_RUB,oil,1,1.0,0.0,125,0.0,1.0,124,False,False,
2022-05-26,USD_RUB,oil,7,1.0,0.0,125,0.0,1.0,118,False,False,
2022-05-26,USD_RUB,oil,14,1.0,0.0,125,0.0,1.0,111,False,False,
2022-05-26,USD_RUB,oil,30,1.0,0.0,125,0.0,1.0,95,False,False,
2022-05-26,USD_RUB,oil,60,1.0,0.0,125,0.0,1.0,65,False,False,
2022-05-26,USD_RUB,rate,1,1.0,0.0,125,0.0,1.0,124,False,False,
2022-05-26,USD_RUB,rate,7,1.0,0.0,125,0.0,1.0,118,False,False,
2022-05-26,USD_RUB,rate,14,1.0,0.0,125,0.0,1.0,111,False,False,
2022-05-26,USD_RUB,rate,30,1.0,0.0,125,0.0,1.0,95,False,False,
2022-05-26,USD_RUB,rate,60,1.0,0.0,125,0.0,1.0,65,False,False,
2022-05-26,USD_RUB,ruble,1,1.0,0.0,125,0.0,1.0,124,False,False,
2022-05-26,USD_RUB,ruble,7,1.0,0.0,125,0.0,1.0,118,False,False,
2022-05-26,USD_RUB,ruble,14,1.0,0.0,125,0.0,1.0,111,False,False,
2022-05-26,USD_RUB,ruble,30,1.0,0.0,125,0.0,1.0,95,False,False,
2022-05-26,USD_RUB,ruble,60,1.0,0.0,125,0.0,1.0,65,False,False,
2022-05-26,USD_RUB,sanctions,1,1.0,0.0,125,0.0,1.0,124,False,False,
2022-05-26,USD_RUB,sanctions,7,1.0,0.0,125,0.0,1.0,118,False,False,
2022-05-26,USD_RUB,sanctions,14,1.0,0.0,125,0.0,1.0,111,False,False,
2022-05-26,USD_RUB,sanctions,30,1.0,0.0,125,0.0,1.0,95,False,False,
2022-05-26,USD_RUB,sanctions,60,1.0,0.0,125,0.0,1.0,65,False,False,
2022-05-26,USD_RUB,inflation,1,1.0,0.0,125,0.0,1.0,124,False,False,
2022-05-26,USD_RUB,inflation,7,1.0,0.0,125,0.0,1.0,118,False,False,
2022-05-26,USD_RUB,inflation,14,1.0,0.0,125,0.0,1.0,111,False,False,
2022-05-26,USD_RUB,inflation,30,1.0,0.0,125,0.0,1.0,95,False,False,
2022-05-26,USD_RUB,inflation,60,1.0,0.0,125,0.0,1.0,65,False,False,
2022-05-26,USD_RUB,banking,1,1.0,0.0,125,0.0,1.0,124,False,False,
2022-05-26,USD_RUB,banking,7,1.0,0.0,125,0.0,1.0,118,False,False,
2022-05-26,USD_RUB,banking,14,1.0,0.0,125,0.0,1.0,111,False,False,
2022-05-26,USD_RUB,banking,30,1.0,0.0,125,0.0,1.0,95,False,False,
2022-05-26,USD_RUB,banking,60,1.0,0.0,125,0.0,1.0,65,False,False,
2022-05-26,USD_RUB,gold,1,1.0,0.0,125,0.0,1.0,124,False,False,
2022-05-26,USD_RUB,gold,7,1.0,0.0,125,0.0,1.0,118,False,False,
2022-05-26,USD_RUB,gold,14,1.0,0.0,125,0.0,1.0,111,False,False,
2022-05-26,USD_RUB,gold,30,1.0,0.0,125,0.0,1.0,95,False,False,
2022-05-26,USD_RUB,gold,60,1.0,0.0,125,0.0,1.0,65,False,False,
2022-05-26,EUR_RUB,oil,1,1.0,0.0,125,0.0,1.0,124,False,False,
2022-05-26,EUR_RUB,oil,7,1.0,0.0,125,0.0,1.0,118,False,False,
2022-05-26,EUR_RUB,oil,14,1.0,0.0,125,0.0,1.0,111,False,False,
2022-05-26,EUR_RUB,oil,30,1.0,0.0,125,0.0,1.0,95,False,False,
2022-05-26,EUR_RUB,oil,60,1.0,0.0,125,0.0,1.0,65,False,False,
2022-05-26,EUR_RUB,rate,1,1.0,0.0,125,0.0,1.0,124,False,False,
2022-05-26,EUR_RUB,rate,7,1.0,0.0,125,0.0,1.0,118,False,False,
2022-05-26,EUR_RUB,rate,14,1.0,0.0,125,0.0,1.0,111,False,False,
2022-05-26,EUR_RUB,rate,30,1.0,0.0,125,0.0,1.0,95,False,False,
2022-05-26,EUR_RUB,rate,60,1.0,0.0,125,0.0,1.0,65,False,False,
2022-05-26,EUR_RUB,ruble,1,1.0,0.0,125,0.0,1.0,124,False,False,
2022-05-26,EUR_RUB,ruble,7,1.0,0.0,125,0.0,1.0,118,False,False,
2022-05-26,EUR_RUB,ruble,14,1.0,0.0,125,0.0,1.0,111,False,False,
2022-05-26,EUR_RUB,ruble,30,1.0,0.0,125,0.0,1.0,95,False,False,
2022-05-26,EUR_RUB,ruble,60,1.0,0.0,125,0.0,1.0,65,False,False,
2022-05-26,EUR_RUB,sanctions,1,1.0,0.0,125,0.0,1.0,124,False,False,
2022-05-26,EUR_RUB,sanctions,7,1.0,0.0,125,0.0,1.0,118,False,False,
2022-05-26,EUR_RUB,sanctions,14,1.0,0.0,125,0.0,1.0,111,False,False,
2022-05-26,EUR_RUB,sanctions,30,1.0,0.0,125,0.0,1.0,95,False,False,
2022-05-26,EUR_RUB,sanctions,60,1.0,0.0,125,0.0,1.0,65,False,False,
2022-05-26,EUR_RUB,inflation,1,1.0,0.0,125,0.0,1.0,124,False,False,
2022-05-26,EUR_RUB,inflation,7,1.0,0.0,125,0.0,1.0,118,False,False,
2022-05-26,EUR_RUB,inflation,14,1.0,0.0,125,0.0,1.0,111,False,False,
2022-05-26,EUR_RUB,inflation,30,1.0,0.0,125,0.0,1.0,95,False,False,
2022-05-26,EUR_RUB,inflation,60,1.0,0.0,125,0.0,1.0,65,False,False,
2022-05-26,EUR_RUB,banking,1,1.0,0.0,125,0.0,1.0,124,False,False,
2022-05-26,EUR_RUB,banking,7,1.0,0.0,125,0.0,1.0,118,False,False,
2022-05-26,EUR_RUB,banking,14,1.0,0.0,125,0.0,1.0,111,False,False,
2022-05-26,EUR_RUB,banking,30,1.0,0.0,125,0.0,1.0,95,False,False,
2022-05-26,EUR_RUB,banking,60,1.0,0.0,125,0.0,1.0,65,False,False,
2022-05-26,EUR_RUB,gold,1,1.0,0.0,125,0.0,1.0,124,False,False,
2022-05-26,EUR_RUB,gold,7,1.0,0.0,125,0.0,1.0,118,False,False,
2022-05-26,EUR_RUB,gold,14,1.0,0.0,125,0.0,1.0,111,False,False,
2022-05-26,EUR_RUB,gold,30,1.0,0.0,125,0.0,1.0,95,False,False,
2022-05-26,EUR_RUB,gold,60,1.0,0.0,125,0.0,1.0,65,False,False,
2022-05-26,BRENT,oil,1,1.0,0.0,125,0.0,1.0,124,False,False,
2022-05-26,BRENT,oil,7,1.0,0.0,125,0.0,1.0,118,False,False,
2022-05-26,BRENT,oil,14,1.0,0.0,125,0.0,1.0,111,False,False,
2022-05-26,BRENT,oil,30,1.0,0.0,125,0.0,1.0,95,False,False,
2022-05-26,BRENT,oil,60,1.0,0.0,125,0.0,1.0,65,False,False,
2022-05-26,BRENT,rate,1,1.0,0.0,125,0.0,1.0,124,False,False,
2022-05-26,BRENT,rate,7,1.0,0.0,125,0.0,1.0,118,False,False,
2022-05-26,BRENT,rate,14,1.0,0.0,125,0.0,1.0,111,False,False,
2022-05-26,BRENT,rate,30,1.0,0.0,125,0.0,1.0,95,False,False,
2022-05-26,BRENT,rate,60,1.0,0.0,125,0.0,1.0,65,False,False,
2022-05-26,BRENT,ruble,1,1.0,0.0,125,0.0,1.0,124,False,False,
2022-05-26,BRENT,ruble,7,1.0,0.0,125,0.0,1.0,118,False,False,
2022-05-26,BRENT,ruble,14,1.0,0.0,125,0.0,1.0,111,False,False,
2022-05-26,BRENT,ruble,30,1.0,0.0,125,0.0,1.0,95,False,False,
2022-05-26,BRENT,ruble,60,1.0,0.0,125,0.0,1.0,65,False,False,
2022-05-26,BRENT,sanctions,1,1.0,0.0,125,0.0,1.0,124,False,False,
2022-05-26,BRENT,sanctions,7,1.0,0.0,125,0.0,1.0,118,False,False,
2022-05-26,BRENT,sanctions,14,1.0,0.0,125,0.0,1.0,111,False,False,
2022-05-26,BRENT,sanctions,30,1.0,0.0,125,0.0,1.0,95,False,False,
2022-05-26,BRENT,sanctions,60,1.0,0.0,125,0.0,1.0,65,False,False,
2022-05-26,BRENT,inflation,1,1.0,0.0,125,0.0,1.0,124,False,False,
2022-05-26,BRENT,inflation,7,1.0,0.0,125,0.0,1.0,118,False,False,
2022-05-26,BRENT,inflation,14,1.0,0.0,125,0.0,1.0,111,False,False,
2022-05-26,BRENT,inflation,30,1.0,0.0,125,0.0,1.0,95,False,False,
2022-05-26,BRENT,inflation,60,1.0,0.0,125,0.0,1.0,65,False,False,
2022-05-26,BRENT,banking,1,1.0,0.0,125,0.0,1.0,124,False,False,
2022-05-26,BRENT,banking,7,1.0,0.0,125,0.0,1.0,118,False,False,
2022-05-26,BRENT,banking,14,1.0,0.0,125,0.0,1.0,111,False,False,
2022-05-26,BRENT,banking,30,1.0,0.0,125,0.0,1.0,95,False,False,
2022-05-26,BRENT,banking,60,1.0,0.0,125,0.0,1.0,65,False,False,
2022-05-26,BRENT,gold,1,1.0,0.0,125,0.0,1.0,124,False,False,
2022-05-26,BRENT,gold,7,1.0,0.0,125,0.0,1.0,118,False,False,
2022-05-26,BRENT,gold,14,1.0,0.0,125,0.0,1.0,111,False,False,
2022-05-26,BRENT,gold,30,1.0,0.0,125,0.0,1.0,95,False,False,
2022-05-26,BRENT,gold,60,1.0,0.0,125,0.0,1.0,65,False,False,
2022-05-26,SP500,oil,1,1.0,0.0,125,0.0,1.0,124,False,False,
2022-05-26,SP500,oil,7,1.0,0.0,125,0.0,1.0,118,False,False,
2022-05-26,SP500,oil,14,1.0,0.0,125,0.0,1.0,111,False,False,
2022-05-26,SP500,oil,30,1.0,0.0,125,0.0,1.0,95,False,False,
2022-05-26,SP500,oil,60,1.0,0.0,125,0.0,1.0,65,False,False,
2022-05-26,SP500,rate,1,1.0,0.0,125,0.0,1.0,124,False,False,
2022-05-26,SP500,rate,7,1.0,0.0,125,0.0,1.0,118,False,False,
2022-05-26,SP500,rate,14,1.0,0.0,125,0.0,1.0,111,False,False,
2022-05-26,SP500,rate,30,1.0,0.0,125,0.0,1.0,95,False,False,
2022-05-26,SP500,rate,60,1.0,0.0,125,0.0,1.0,65,False,False,
2022-05-26,SP500,ruble,1,1.0,0.0,125,0.0,1.0,124,False,False,
2022-05-26,SP500,ruble,7,1.0,0.0,125,0.0,1.0,118,False,False,
2022-05-26,SP500,ruble,14,1.0,0.0,125,0.0,1.0,111,False,False,
2022-05-26,SP500,ruble,30,1.0,0.0,125,0.0,1.0,95,False,False,
2022-05-26,SP500,ruble,60,1.0,0.0,125,0.0,1.0,65,False,False,
2022-05-26,SP500,sanctions,1,1.0,0.0,125,0.0,1.0,124,False,False,
2022-05-26,SP500,sanctions,7,1.0,0.0,125,0.0,1.0,118,False,False,
2022-05-26,SP500,sanctions,14,1.0,0.0,125,0.0,1.0,111,False,False,
2022-05-26,SP500,sanctions,30,1.0,0.0,125,0.0,1.0,95,False,False,
2022-05-26,SP500,sanctions,60,1.0,0.0,125,0.0,1.0,65,False,False,
2022-05-26,SP500,inflation,1,1.0,0.0,125,0.0,1.0,124,False,False,
2022-05-26,SP500,inflation,7,1.0,0.0,125,0.0,1.0,118,False,False,
2022-05-26,SP500,inflation,14,1.0,0.0,125,0.0,1.0,111,False,False,
2022-05-26,SP500,inflation,30,1.0,0.0,125,0.0,1.0,95,False,False,
2022-05-26,SP500,inflation,60,1.0,0.0,125,0.0,1.0,65,False,False,
2022-05-26,SP500,banking,1,1.0,0.0,125,0.0,1.0,124,False,False,
2022-05-26,SP500,banking,7,1.0,0.0,125,0.0,1.0,118,False,False,
2022-05-26,SP500,banking,14,1.0,0.0,125,0.0,1.0,111,False,False,
2022-05-26,SP500,banking,30,1.0,0.0,125,0.0,1.0,95,False,False,
2022-05-26,SP500,banking,60,1.0,0.0,125,0.0,1.0,65,False,False,
2022-05-26,SP500,gold,1,1.0,0.0,125,0.0,1.0,124,False,False,
2022-05-26,SP500,gold,7,1.0,0.0,125,0.0,1.0,118,False,False,
2022-05-26,SP500,gold,14,1.0,0.0,125,0.0,1.0,111,False,False,
2022-05-26,SP500,gold,30,1.0,0.0,125,0.0,1.0,95,False,False,
2022-05-26,SP500,gold,60,1.0,0.0,125,0.0,1.0,65,False,False,
2022-05-26,MSCI_WORLD,oil,1,1.0,0.0,125,0.0,1.0,124,False,False,
2022-05-26,MSCI_WORLD,oil,7,1.0,0.0,125,0.0,1.0,118,False,False,
2022-05-26,MSCI_WORLD,oil,14,1.0,0.0,125,0.0,1.0,111,False,False,
2022-05-26,MSCI_WORLD,oil,30,1.0,0.0,125,0.0,1.0,95,False,False,
2022-05-26,MSCI_WORLD,oil,60,1.0,0.0,125,0.0,1.0,65,False,False,
2022-05-26,MSCI_WORLD,rate,1,1.0,0.0,125,0.0,1.0,124,False,False,
2022-05-26,MSCI_WORLD,rate,7,1.0,0.0,125,0.0,1.0,118,False,False,
2022-05-26,MSCI_WORLD,rate,14,1.0,0.0,125,0.0,1.0,111,False,False,
2022-05-26,MSCI_WORLD,rate,30,1.0,0.0,125,0.0,1.0,95,False,False,
2022-05-26,MSCI_WORLD,rate,60,1.0,0.0,125,0.0,1.0,65,False,False,
2022-05-26,MSCI_WORLD,ruble,1,1.0,0.0,125,0.0,1.0,124,False,False,
2022-05-26,MSCI_WORLD,ruble,7,1.0,0.0,125,0.0,1.0,118,False,False,
2022-05-26,MSCI_WORLD,ruble,14,1.0,0.0,125,0.0,1.0,111,False,False,
2022-05-26,MSCI_WORLD,ruble,30,1.0,0.0,125,0.0,1.0,95,False,False,
2022-05-26,MSCI_WORLD,ruble,60,1.0,0.0,125,0.0,1.0,65,False,False,
2022-05-26,MSCI_WORLD,sanctions,1,1.0,0.0,125,0.0,1.0,124,False,False,
2022-05-26,MSCI_WORLD,sanctions,7,1.0,0.0,125,0.0,1.0,118,False,False,
2022-05-26,MSCI_WORLD,sanctions,14,1.0,0.0,125,0.0,1.0,111,False,False,
2022-05-26,MSCI_WORLD,sanctions,30,1.0,0.0,125,0.0,1.0,95,False,False,
2022-05-26,MSCI_WORLD,sanctions,60,1.0,0.0,125,0.0,1.0,65,False,False,
2022-05-26,MSCI_WORLD,inflation,1,1.0,0.0,125,0.0,1.0,124,False,False,
2022-05-26,MSCI_WORLD,inflation,7,1.0,0.0,125,0.0,1.0,118,False,False,
2022-05-26,MSCI_WORLD,inflation,14,1.0,0.0,125,0.0,1.0,111,False,False,
2022-05-26,MSCI_WORLD,inflation,30,1.0,0.0,125,0.0,1.0,95,False,False,
2022-05-26,MSCI_WORLD,inflation,60,1.0,0.0,125,0.0,1.0,65,False,False,
2022-05-26,MSCI_WORLD,banking,1,1.0,0.0,125,0.0,1.0,124,False,False,
2022-05-26,MSCI_WORLD,banking,7,1.0,0.0,125,0.0,1.0,118,False,False,
2022-05-26,MSCI_WORLD,banking,14,1.0,0.0,125,0.0,1.0,111,False,False,
2022-05-26,MSCI_WORLD,banking,30,1.0,0.0,125,0.0,1.0,95,False,False,
2022-05-26,MSCI_WORLD,banking,60,1.0,0.0,125,0.0,1.0,65,False,False,
2022-05-26,MSCI_WORLD,gold,1,1.0,0.0,125,0.0,1.0,124,False,False,
2022-05-26,MSCI_WORLD,gold,7,1.0,0.0,125,0.0,1.0,118,False,False,
2022-05-26,MSCI_WORLD,gold,14,1.0,0.0,125,0.0,1.0,111,False,False,
2022-05-26,MSCI_WORLD,gold,30,1.0,0.0,125,0.0,1.0,95,False,False,
2022-05-26,MSCI_WORLD,gold,60,1.0,0.0,125,0.0,1.0,65,False,False,
2022-05-26,DXY,oil,1,1.0,0.0,125,0.0,1.0,124,False,False,
2022-05-26,DXY,oil,7,1.0,0.0,125,0.0,1.0,118,False,False,
2022-05-26,DXY,oil,14,1.0,0.0,125,0.0,1.0,111,False,False,
2022-05-26,DXY,oil,30,1.0,0.0,125,0.0,1.0,95,False,False,
2022-05-26,DXY,oil,60,1.0,0.0,125,0.0,1.0,65,False,False,
2022-05-26,DXY,rate,1,1.0,0.0,125,0.0,1.0,124,False,False,
2022-05-26,DXY,rate,7,1.0,0.0,125,0.0,1.0,118,False,False,
2022-05-26,DXY,rate,14,1.0,0.0,125,0.0,1.0,111,False,False,
2022-05-26,DXY,rate,30,1.0,0.0,125,0.0,1.0,95,False,False,
2022-05-26,DXY,rate,60,1.0,0.0,125,0.0,1.0,65,False,False,
2022-05-26,DXY,ruble,1,1.0,0.0,125,0.0,1.0,124,False,False,
2022-05-26,DXY,ruble,7,1.0,0.0,125,0.0,1.0,118,False,False,
2022-05-26,DXY,ruble,14,1.0,0.0,125,0.0,1.0,111,False,False,
2022-05-26,DXY,ruble,30,1.0,0.0,125,0.0,1.0,95,False,False,
2022-05-26,DXY,ruble,60,1.0,0.0,125,0.0,1.0,65,False,False,
2022-05-26,DXY,sanctions,1,1.0,0.0,125,0.0,1.0,124,False,False,
2022-05-26,DXY,sanctions,7,1.0,0.0,125,0.0,1.0,118,False,False,
2022-05-26,DXY,sanctions,14,1.0,0.0,125,0.0,1.0,111,False,False,
2022-05-26,DXY,sanctions,30,1.0,0.0,125,0.0,1.0,95,False,False,
2022-05-26,DXY,sanctions,60,1.0,0.0,125,0.0,1.0,65,False,False,
2022-05-26,DXY,inflation,1,1.0,0.0,125,0.0,1.0,124,False,False,
2022-05-26,DXY,inflation,7,1.0,0.0,125,0.0,1.0,118,False,False,
2022-05-26,DXY,inflation,14,1.0,0.0,125,0.0,1.0,111,False,False,
2022-05-26,DXY,inflation,30,1.0,0.0,125,0.0,1.0,95,False,False,
2022-05-26,DXY,inflation,60,1.0,0.0,125,0.0,1.0,65,False,False,
2022-05-26,DXY,banking,1,1.0,0.0,125,0.0,1.0,124,False,False,
2022-05-26,DXY,banking,7,1.0,0.0,125,0.0,1.0,118,False,False,
2022-05-26,DXY,banking,14,1.0,0.0,125,0.0,1.0,111,False,False,
2022-05-26,DXY,banking,30,1.0,0.0,125,0.0,1.0,95,False,False,
2022-05-26,DXY,banking,60,1.0,0.0,125,0.0,1.0,65,False,False,
2022-05-26,DXY,gold,1,1.0,0.0,125,0.0,1.0,124,False,False,
2022-05-26,DXY,gold,7,1.0,0.0,125,0.0,1.0,118,False,False,
2022-05-26,DXY,gold,14,1.0,0.0,125,0.0,1.0,111,False,False,
2022-05-26,DXY,gold,30,1.0,0.0,125,0.0,1.0,95,False,False,
2022-05-26,DXY,gold,60,1.0,0.0,125,0.0,1.0,65,False,False,
2022-05-26,MSCI_INDIA,oil,1,1.0,0.0,125,0.0,1.0,124,False,False,
2022-05-26,MSCI_INDIA,oil,7,1.0,0.0,125,0.0,1.0,118,False,False,
2022-05-26,MSCI_INDIA,oil,14,1.0,0.0,125,0.0,1.0,111,False,False,
2022-05-26,MSCI_INDIA,oil,30,1.0,0.0,125,0.0,1.0,95,False,False,
2022-05-26,MSCI_INDIA,oil,60,1.0,0.0,125,0.0,1.0,65,False,False,
2022-05-26,MSCI_INDIA,rate,1,1.0,0.0,125,0.0,1.0,124,False,False,
2022-05-26,MSCI_INDIA,rate,7,1.0,0.0,125,0.0,1.0,118,False,False,
2022-05-26,MSCI_INDIA,rate,14,1.0,0.0,125,0.0,1.0,111,False,False,
2022-05-26,MSCI_INDIA,rate,30,1.0,0.0,125,0.0,1.0,95,False,False,
2022-05-26,MSCI_INDIA,rate,60,1.0,0.0,125,0.0,1.0,65,False,False,
2022-05-26,MSCI_INDIA,ruble,1,1.0,0.0,125,0.0,1.0,124,False,False,
2022-05-26,MSCI_INDIA,ruble,7,1.0,0.0,125,0.0,1.0,118,False,False,
2022-05-26,MSCI_INDIA,ruble,14,1.0,0.0,125,0.0,1.0,111,False,False,
2022-05-26,MSCI_INDIA,ruble,30,1.0,0.0,125,0.0,1.0,95,False,False,
2022-05-26,MSCI_INDIA,ruble,60,1.0,0.0,125,0.0,1.0,65,False,False,
2022-05-26,MSCI_INDIA,sanctions,1,1.0,0.0,125,0.0,1.0,124,False,False,
2022-05-26,MSCI_INDIA,sanctions,7,1.0,0.0,125,0.0,1.0,118,False,False,
2022-05-26,MSCI_INDIA,sanctions,14,1.0,0.0,125,0.0,1.0,111,False,False,
2022-05-26,MSCI_INDIA,sanctions,30,1.0,0.0,125,0.0,1.0,95,False,False,
2022-05-26,MSCI_INDIA,sanctions,60,1.0,0.0,125,0.0,1.0,65,False,False,
2022-05-26,MSCI_INDIA,inflation,1,1.0,0.0,125,0.0,1.0,124,False,False,
2022-05-26,MSCI_INDIA,inflation,7,1.0,0.0,125,0.0,1.0,118,False,False,
2022-05-26,MSCI_INDIA,inflation,14,1.0,0.0,125,0.0,1.0,111,False,False,
2022-05-26,MSCI_INDIA,inflation,30,1.0,0.0,125,0.0,1.0,95,False,False,
2022-05-26,MSCI_INDIA,inflation,60,1.0,0.0,125,0.0,1.0,65,False,False,
2022-05-26,MSCI_INDIA,banking,1,1.0,0.0,125,0.0,1.0,124,False,False,
2022-05-26,MSCI_INDIA,banking,7,1.0,0.0,125,0.0,1.0,118,False,False,
2022-05-26,MSCI_INDIA,banking,14,1.0,0.0,125,0.0,1.0,111,False,False,
2022-05-26,MSCI_INDIA,banking,30,1.0,0.0,125,0.0,1.0,95,False,False,
2022-05-26,MSCI_INDIA,banking,60,1.0,0.0,125,0.0,1.0,65,False,False,
2022-05-26,MSCI_INDIA,gold,1,1.0,0.0,125,0.0,1.0,124,False,False,
2022-05-26,MSCI_INDIA,gold,7,1.0,0.0,125,0.0,1.0,118,False,False,
2022-05-26,MSCI_INDIA,gold,14,1.0,0.0,125,0.0,1.0,111,False,False,
2022-05-26,MSCI_INDIA,gold,30,1.0,0.0,125,0.0,1.0,95,False,False,
2022-05-26,MSCI_INDIA,gold,60,1.0,0.0,125,0.0,1.0,65,False,False,
2022-05-29,USD_RUB,oil,1,1.0,0.0,125,0.0,1.0,124,False,False,
2022-05-29,USD_RUB,oil,7,1.0,0.0,125,0.0,1.0,118,False,False,
2022-05-29,USD_RUB,oil,14,1.0,0.0,125,0.0,1.0,111,False,False,
2022-05-29,USD_RUB,oil,30,1.0,0.0,125,0.0,1.0,95,False,False,
2022-05-29,USD_RUB,oil,60,1.0,0.0,125,0.0,1.0,65,False,False,
2022-05-29,USD_RUB,rate,1,1.0,0.0,125,0.0,1.0,124,False,False,
2022-05-29,USD_RUB,rate,7,1.0,0.0,125,0.0,1.0,118,False,False,
2022-05-29,USD_RUB,rate,14,1.0,0.0,125,0.0,1.0,111,False,False,
2022-05-29,USD_RUB,rate,30,1.0,0.0,125,0.0,1.0,95,False,False,
2022-05-29,USD_RUB,rate,60,1.0,0.0,125,0.0,1.0,65,False,False,
2022-05-29,USD_RUB,ruble,1,1.0,0.0,125,0.0,1.0,124,False,False,
2022-05-29,USD_RUB,ruble,7,1.0,0.0,125,0.0,1.0,118,False,False,
2022-05-29,USD_RUB,ruble,14,1.0,0.0,125,0.0,1.0,111,False,False,
2022-05-29,USD_RUB,ruble,30,1.0,0.0,125,0.0,1.0,95,False,False,
2022-05-29,USD_RUB,ruble,60,1.0,0.0,125,0.0,1.0,65,False,False,
2022-05-29,USD_RUB,sanctions,1,1.0,0.0,125,0.0,1.0,124,False,False,
2022-05-29,USD_RUB,sanctions,7,1.0,0.0,125,0.0,1.0,118,False,False,
2022-05-29,USD_RUB,sanctions,14,1.0,0.0,125,0.0,1.0,111,False,False,
2022-05-29,USD_RUB,sanctions,30,1.0,0.0,125,0.0,1.0,95,False,False,
2022-05-29,USD_RUB,sanctions,60,1.0,0.0,125,0.0,1.0,65,False,False,
2022-05-29,USD_RUB,inflation,1,1.0,0.0,125,0.0,1.0,124,False,False,
2022-05-29,USD_RUB,inflation,7,1.0,0.0,125,0.0,1.0,118,False,False,
2022-05-29,USD_RUB,inflation,14,1.0,0.0,125,0.0,1.0,111,False,False,
2022-05-29,USD_RUB,inflation,30,1.0,0.0,125,0.0,1.0,95,False,False,
2022-05-29,USD_RUB,inflation,60,1.0,0.0,125,0.0,1.0,65,False,False,
2022-05-29,USD_RUB,banking,1,1.0,0.0,125,0.0,1.0,124,False,False,
2022-05-29,USD_RUB,banking,7,1.0,0.0,125,0.0,1.0,118,False,False,
2022-05-29,USD_RUB,banking,14,1.0,0.0,125,0.0,1.0,111,False,False,
2022-05-29,USD_RUB,banking,30,1.0,0.0,125,0.0,1.0,95,False,False,
2022-05-29,USD_RUB,banking,60,1.0,0.0,125,0.0,1.0,65,False,False,
2022-05-29,USD_RUB,gold,1,1.0,0.0,125,0.0,1.0,124,False,False,
2022-05-29,USD_RUB,gold,7,1.0,0.0,125,0.0,1.0,118,False,False,
2022-05-29,USD_RUB,gold,14,1.0,0.0,125,0.0,1.0,111,False,False,
2022-05-29,USD_RUB,gold,30,1.0,0.0,125,0.0,1.0,95,False,False,
2022-05-29,USD_RUB,gold,60,1.0,0.0,125,0.0,1.0,65,False,False,
2022-05-29,EUR_RUB,oil,1,1.0,0.0,125,0.0,1.0,124,False,False,
2022-05-29,EUR_RUB,oil,7,1.0,0.0,125,0.0,1.0,118,False,False,
2022-05-29,EUR_RUB,oil,14,1.0,0.0,125,0.0,1.0,111,False,False,
2022-05-29,EUR_RUB,oil,30,1.0,0.0,125,0.0,1.0,95,False,False,
2022-05-29,EUR_RUB,oil,60,1.0,0.0,125,0.0,1.0,65,False,False,
2022-05-29,EUR_RUB,rate,1,1.0,0.0,125,0.0,1.0,124,False,False,
2022-05-29,EUR_RUB,rate,7,1.0,0.0,125,0.0,1.0,118,False,False,
2022-05-29,EUR_RUB,rate,14,1.0,0.0,125,0.0,1.0,111,False,False,
2022-05-29,EUR_RUB,rate,30,1.0,0.0,125,0.0,1.0,95,False,False,
2022-05-29,EUR_RUB,rate,60,1.0,0.0,125,0.0,1.0,65,False,False,
2022-05-29,EUR_RUB,ruble,1,1.0,0.0,125,0.0,1.0,124,False,False,
2022-05-29,EUR_RUB,ruble,7,1.0,0.0,125,0.0,1.0,118,False,False,
2022-05-29,EUR_RUB,ruble,14,1.0,0.0,125,0.0,1.0,111,False,False,
2022-05-29,EUR_RUB,ruble,30,1.0,0.0,125,0.0,1.0,95,False,False,
2022-05-29,EUR_RUB,ruble,60,1.0,0.0,125,0.0,1.0,65,False,False,
2022-05-29,EUR_RUB,sanctions,1,1.0,0.0,125,0.0,1.0,124,False,False,
2022-05-29,EUR_RUB,sanctions,7,1.0,0.0,125,0.0,1.0,118,False,False,
2022-05-29,EUR_RUB,sanctions,14,1.0,0.0,125,0.0,1.0,111,False,False,
2022-05-29,EUR_RUB,sanctions,30,1.0,0.0,125,0.0,1.0,95,False,False,
2022-05-29,EUR_RUB,sanctions,60,1.0,0.0,125,0.0,1.0,65,False,False,
2022-05-29,EUR_RUB,inflation,1,1.0,0.0,125,0.0,1.0,124,False,False,
2022-05-29,EUR_RUB,inflation,7,1.0,0.0,125,0.0,1.0,118,False,False,
2022-05-29,EUR_RUB,inflation,14,1.0,0.0,125,0.0,1.0,111,False,False,
2022-05-29,EUR_RUB,inflation,30,1.0,0.0,125,0.0,1.0,95,False,False,
2022-05-29,EUR_RUB,inflation,60,1.0,0.0,125,0.0,1.0,65,False,False,
2022-05-29,EUR_RUB,banking,1,1.0,0.0,125,0.0,1.0,124,False,False,
2022-05-29,EUR_RUB,banking,7,1.0,0.0,125,0.0,1.0,118,False,False,
2022-05-29,EUR_RUB,banking,14,1.0,0.0,125,0.0,1.0,111,False,False,
2022-05-29,EUR_RUB,banking,30,1.0,0.0,125,0.0,1.0,95,False,False,
2022-05-29,EUR_RUB,banking,60,1.0,0.0,125,0.0,1.0,65,False,False,
2022-05-29,EUR_RUB,gold,1,1.0,0.0,125,0.0,1.0,124,False,False,
2022-05-29,EUR_RUB,gold,7,1.0,0.0,125,0.0,1.0,118,False,False,
2022-05-29,EUR_RUB,gold,14,1.0,0.0,125,0.0,1.0,111,False,False,
2022-05-29,EUR_RUB,gold,30,1.0,0.0,125,0.0,1.0,95,False,False,
2022-05-29,EUR_RUB,gold,60,1.0,0.0,125,0.0,1.0,65,False,False,
2022-05-29,BRENT,oil,1,1.0,0.0,125,0.0,1.0,124,False,False,
2022-05-29,BRENT,oil,7,1.0,0.0,125,0.0,1.0,118,False,False,
2022-05-29,BRENT,oil,14,1.0,0.0,125,0.0,1.0,111,False,False,
2022-05-29,BRENT,oil,30,1.0,0.0,125,0.0,1.0,95,False,False,
2022-05-29,BRENT,oil,60,1.0,0.0,125,0.0,1.0,65,False,False,
2022-05-29,BRENT,rate,1,1.0,0.0,125,0.0,1.0,124,False,False,
2022-05-29,BRENT,rate,7,1.0,0.0,125,0.0,1.0,118,False,False,
2022-05-29,BRENT,rate,14,1.0,0.0,125,0.0,1.0,111,False,False,
2022-05-29,BRENT,rate,30,1.0,0.0,125,0.0,1.0,95,False,False,
2022-05-29,BRENT,rate,60,1.0,0.0,125,0.0,1.0,65,False,False,
2022-05-29,BRENT,ruble,1,1.0,0.0,125,0.0,1.0,124,False,False,
2022-05-29,BRENT,ruble,7,1.0,0.0,125,0.0,1.0,118,False,False,
2022-05-29,BRENT,ruble,14,1.0,0.0,125,0.0,1.0,111,False,False,
2022-05-29,BRENT,ruble,30,1.0,0.0,125,0.0,1.0,95,False,False,
2022-05-29,BRENT,ruble,60,1.0,0.0,125,0.0,1.0,65,False,False,
2022-05-29,BRENT,sanctions,1,1.0,0.0,125,0.0,1.0,124,False,False,
2022-05-29,BRENT,sanctions,7,1.0,0.0,125,0.0,1.0,118,False,False,
2022-05-29,BRENT,sanctions,14,1.0,0.0,125,0.0,1.0,111,False,False,
2022-05-29,BRENT,sanctions,30,1.0,0.0,125,0.0,1.0,95,False,False,
2022-05-29,BRENT,sanctions,60,1.0,0.0,125,0.0,1.0,65,False,False,
2022-05-29,BRENT,inflation,1,1.0,0.0,125,0.0,1.0,124,False,False,
2022-05-29,BRENT,inflation,7,1.0,0.0,125,0.0,1.0,118,False,False,
2022-05-29,BRENT,inflation,14,1.0,0.0,125,0.0,1.0,111,False,False,
2022-05-29,BRENT,inflation,30,1.0,0.0,125,0.0,1.0,95,False,False,
2022-05-29,BRENT,inflation,60,1.0,0.0,125,0.0,1.0,65,False,False,
2022-05-29,BRENT,banking,1,1.0,0.0,125,0.0,1.0,124,False,False,
2022-05-29,BRENT,banking,7,1.0,0.0,125,0.0,1.0,118,False,False,
2022-05-29,BRENT,banking,14,1.0,0.0,125,0.0,1.0,111,False,False,
2022-05-29,BRENT,banking,30,1.0,0.0,125,0.0,1.0,95,False,False,
2022-05-29,BRENT,banking,60,1.0,0.0,125,0.0,1.0,65,False,False,
2022-05-29,BRENT,gold,1,1.0,0.0,125,0.0,1.0,124,False,False,
2022-05-29,BRENT,gold,7,1.0,0.0,125,0.0,1.0,118,False,False,
2022-05-29,BRENT,gold,14,1.0,0.0,125,0.0,1.0,111,False,False,
2022-05-29,BRENT,gold,30,1.0,0.0,125,0.0,1.0,95,False,False,
2022-05-29,BRENT,gold,60,1.0,0.0,125,0.0,1.0,65,False,False,
2022-05-29,SP500,oil,1,1.0,0.0,125,0.0,1.0,124,False,False,
2022-05-29,SP500,oil,7,1.0,0.0,125,0.0,1.0,118,False,False,
2022-05-29,SP500,oil,14,1.0,0.0,125,0.0,1.0,111,False,False,
2022-05-29,SP500,oil,30,1.0,0.0,125,0.0,1.0,95,False,False,
2022-05-29,SP500,oil,60,1.0,0.0,125,0.0,1.0,65,False,False,
2022-05-29,SP500,rate,1,1.0,0.0,125,0.0,1.0,124,False,False,
2022-05-29,SP500,rate,7,1.0,0.0,125,0.0,1.0,118,False,False,
2022-05-29,SP500,rate,14,1.0,0.0,125,0.0,1.0,111,False,False,
2022-05-29,SP500,rate,30,1.0,0.0,125,0.0,1.0,95,False,False,
2022-05-29,SP500,rate,60,1.0,0.0,125,0.0,1.0,65,False,False,
2022-05-29,SP500,ruble,1,1.0,0.0,125,0.0,1.0,124,False,False,
2022-05-29,SP500,ruble,7,1.0,0.0,125,0.0,1.0,118,False,False,
2022-05-29,SP500,ruble,14,1.0,0.0,125,0.0,1.0,111,False,False,
2022-05-29,SP500,ruble,30,1.0,0.0,125,0.0,1.0,95,False,False,
2022-05-29,SP500,ruble,60,1.0,0.0,125,0.0,1.0,65,False,False,
2022-05-29,SP500,sanctions,1,1.0,0.0,125,0.0,1.0,124,False,False,
2022-05-29,SP500,sanctions,7,1.0,0.0,125,0.0,1.0,118,False,False,
2022-05-29,SP500,sanctions,14,1.0,0.0,125,0.0,1.0,111,False,False,
2022-05-29,SP500,sanctions,30,1.0,0.0,125,0.0,1.0,95,False,False,
2022-05-29,SP500,sanctions,60,1.0,0.0,125,0.0,1.0,65,False,False,
2022-05-29,SP500,inflation,1,1.0,0.0,125,0.0,1.0,124,False,False,
2022-05-29,SP500,inflation,7,1.0,0.0,125,0.0,1.0,118,False,False,
2022-05-29,SP500,inflation,14,1.0,0.0,125,0.0,1.0,111,False,False,
2022-05-29,SP500,inflation,30,1.0,0.0,125,0.0,1.0,95,False,False,
2022-05-29,SP500,inflation,60,1.0,0.0,125,0.0,1.0,65,False,False,
2022-05-29,SP500,banking,1,1.0,0.0,125,0.0,1.0,124,False,False,
2022-05-29,SP500,banking,7,1.0,0.0,125,0.0,1.0,118,False,False,
2022-05-29,SP500,banking,14,1.0,0.0,125,0.0,1.0,111,False,False,
2022-05-29,SP500,banking,30,1.0,0.0,125,0.0,1.0,95,False,False,
2022-05-29,SP500,banking,60,1.0,0.0,125,0.0,1.0,65,False,False,
2022-05-29,SP500,gold,1,1.0,0.0,125,0.0,1.0,124,False,False,
2022-05-29,SP500,gold,7,1.0,0.0,125,0.0,1.0,118,False,False,
2022-05-29,SP500,gold,14,1.0,0.0,125,0.0,1.0,111,False,False,
2022-05-29,SP500,gold,30,1.0,0.0,125,0.0,1.0,95,False,False,
2022-05-29,SP500,gold,60,1.0,0.0,125,0.0,1.0,65,False,False,
2022-05-29,MSCI_WORLD,oil,1,1.0,0.0,125,0.0,1.0,124,False,False,
2022-05-29,MSCI_WORLD,oil,7,1.0,0.0,125,0.0,1.0,118,False,False,
2022-05-29,MSCI_WORLD,oil,14,1.0,0.0,125,0.0,1.0,111,False,False,
2022-05-29,MSCI_WORLD,oil,30,1.0,0.0,125,0.0,1.0,95,False,False,
2022-05-29,MSCI_WORLD,oil,60,1.0,0.0,125,0.0,1.0,65,False,False,
2022-05-29,MSCI_WORLD,rate,1,1.0,0.0,125,0.0,1.0,124,False,False,
2022-05-29,MSCI_WORLD,rate,7,1.0,0.0,125,0.0,1.0,118,False,False,
2022-05-29,MSCI_WORLD,rate,14,1.0,0.0,125,0.0,1.0,111,False,False,
2022-05-29,MSCI_WORLD,rate,30,1.0,0.0,125,0.0,1.0,95,False,False,
2022-05-29,MSCI_WORLD,rate,60,1.0,0.0,125,0.0,1.0,65,False,False,
2022-05-29,MSCI_WORLD,ruble,1,1.0,0.0,125,0.0,1.0,124,False,False,
2022-05-29,MSCI_WORLD,ruble,7,1.0,0.0,125,0.0,1.0,118,False,False,
2022-05-29,MSCI_WORLD,ruble,14,1.0,0.0,125,0.0,1.0,111,False,False,
2022-05-29,MSCI_WORLD,ruble,30,1.0,0.0,125,0.0,1.0,95,False,False,
2022-05-29,MSCI_WORLD,ruble,60,1.0,0.0,125,0.0,1.0,65,False,False,
2022-05-29,MSCI_WORLD,sanctions,1,1.0,0.0,125,0.0,1.0,124,False,False,
2022-05-29,MSCI_WORLD,sanctions,7,1.0,0.0,125,0.0,1.0,118,False,False,
2022-05-29,MSCI_WORLD,sanctions,14,1.0,0.0,125,0.0,1.0,111,False,False,
2022-05-29,MSCI_WORLD,sanctions,30,1.0,0.0,125,0.0,1.0,95,False,False,
2022-05-29,MSCI_WORLD,sanctions,60,1.0,0.0,125,0.0,1.0,65,False,False,
2022-05-29,MSCI_WORLD,inflation,1,1.0,0.0,125,0.0,1.0,124,False,False,
2022-05-29,MSCI_WORLD,inflation,7,1.0,0.0,125,0.0,1.0,118,False,False,
2022-05-29,MSCI_WORLD,inflation,14,1.0,0.0,125,0.0,1.0,111,False,False,
2022-05-29,MSCI_WORLD,inflation,30,1.0,0.0,125,0.0,1.0,95,False,False,
2022-05-29,MSCI_WORLD,inflation,60,1.0,0.0,125,0.0,1.0,65,False,False,
2022-05-29,MSCI_WORLD,banking,1,1.0,0.0,125,0.0,1.0,124,False,False,
2022-05-29,MSCI_WORLD,banking,7,1.0,0.0,125,0.0,1.0,118,False,False,
2022-05-29,MSCI_WORLD,banking,14,1.0,0.0,125,0.0,1.0,111,False,False,
2022-05-29,MSCI_WORLD,banking,30,1.0,0.0,125,0.0,1.0,95,False,False,
2022-05-29,MSCI_WORLD,banking,60,1.0,0.0,125,0.0,1.0,65,False,False,
2022-05-29,MSCI_WORLD,gold,1,1.0,0.0,125,0.0,1.0,124,False,False,
2022-05-29,MSCI_WORLD,gold,7,1.0,0.0,125,0.0,1.0,118,False,False,
2022-05-29,MSCI_WORLD,gold,14,1.0,0.0,125,0.0,1.0,111,False,False,
2022-05-29,MSCI_WORLD,gold,30,1.0,0.0,125,0.0,1.0,95,False,False,
2022-05-29,MSCI_WORLD,gold,60,1.0,0.0,125,0.0,1.0,65,False,False,
2022-05-29,DXY,oil,1,1.0,0.0,125,0.0,1.0,124,False,False,
2022-05-29,DXY,oil,7,1.0,0.0,125,0.0,1.0,118,False,False,
2022-05-29,DXY,oil,14,1.0,0.0,125,0.0,1.0,111,False,False,
2022-05-29,DXY,oil,30,1.0,0.0,125,0.0,1.0,95,False,False,
2022-05-29,DXY,oil,60,1.0,0.0,125,0.0,1.0,65,False,False,
2022-05-29,DXY,rate,1,1.0,0.0,125,0.0,1.0,124,False,False,
2022-05-29,DXY,rate,7,1.0,0.0,125,0.0,1.0,118,False,False,
2022-05-29,DXY,rate,14,1.0,0.0,125,0.0,1.0,111,False,False,
2022-05-29,DXY,rate,30,1.0,0.0,125,0.0,1.0,95,False,False,
2022-05-29,DXY,rate,60,1.0,0.0,125,0.0,1.0,65,False,False,
2022-05-29,DXY,ruble,1,1.0,0.0,125,0.0,1.0,124,False,False,
2022-05-29,DXY,ruble,7,1.0,0.0,125,0.0,1.0,118,False,False,
2022-05-29,DXY,ruble,14,1.0,0.0,125,0.0,1.0,111,False,False,
2022-05-29,DXY,ruble,30,1.0,0.0,125,0.0,1.0,95,False,False,
2022-05-29,DXY,ruble,60,1.0,0.0,125,0.0,1.0,65,False,False,
2022-05-29,DXY,sanctions,1,1.0,0.0,125,0.0,1.0,124,False,False,
2022-05-29,DXY,sanctions,7,1.0,0.0,125,0.0,1.0,118,False,False,
2022-05-29,DXY,sanctions,14,1.0,0.0,125,0.0,1.0,111,False,False,
2022-05-29,DXY,sanctions,30,1.0,0.0,125,0.0,1.0,95,False,False,
2022-05-29,DXY,sanctions,60,1.0,0.0,125,0.0,1.0,65,False,False,
2022-05-29,DXY,inflation,1,1.0,0.0,125,0.0,1.0,124,False,False,
2022-05-29,DXY,inflation,7,1.0,0.0,125,0.0,1.0,118,False,False,
2022-05-29,DXY,inflation,14,1.0,0.0,125,0.0,1.0,111,False,False,
2022-05-29,DXY,inflation,30,1.0,0.0,125,0.0,1.0,95,False,False,
2022-05-29,DXY,inflation,60,1.0,0.0,125,0.0,1.0,65,False,False,
2022-05-29,DXY,banking,1,1.0,0.0,125,0.0,1.0,124,False,False,
2022-05-29,DXY,banking,7,1.0,0.0,125,0.0,1.0,118,False,False,
2022-05-29,DXY,banking,14,1.0,0.0,125,0.0,1.0,111,False,False,
2022-05-29,DXY,banking,30,1.0,0.0,125,0.0,1.0,95,False,False,
2022-05-29,DXY,banking,60,1.0,0.0,125,0.0,1.0,65,False,False,
2022-05-29,DXY,gold,1,1.0,0.0,125,0.0,1.0,124,False,False,
2022-05-29,DXY,gold,7,1.0,0.0,125,0.0,1.0,118,False,False,
2022-05-29,DXY,gold,14,1.0,0.0,125,0.0,1.0,111,False,False,
2022-05-29,DXY,gold,30,1.0,0.0,125,0.0,1.0,95,False,False,
2022-05-29,DXY,gold,60,1.0,0.0,125,0.0,1.0,65,False,False,
2022-05-29,MSCI_INDIA,oil,1,1.0,0.0,125,0.0,1.0,124,False,False,
2022-05-29,MSCI_INDIA,oil,7,1.0,0.0,125,0.0,1.0,118,False,False,
2022-05-29,MSCI_INDIA,oil,14,1.0,0.0,125,0.0,1.0,111,False,False,
2022-05-29,MSCI_INDIA,oil,30,1.0,0.0,125,0.0,1.0,95,False,False,
2022-05-29,MSCI_INDIA,oil,60,1.0,0.0,125,0.0,1.0,65,False,False,
2022-05-29,MSCI_INDIA,rate,1,1.0,0.0,125,0.0,1.0,124,False,False,
2022-05-29,MSCI_INDIA,rate,7,1.0,0.0,125,0.0,1.0,118,False,False,
2022-05-29,MSCI_INDIA,rate,14,1.0,0.0,125,0.0,1.0,111,False,False,
2022-05-29,MSCI_INDIA,rate,30,1.0,0.0,125,0.0,1.0,95,False,False,
2022-05-29,MSCI_INDIA,rate,60,1.0,0.0,125,0.0,1.0,65,False,False,
2022-05-29,MSCI_INDIA,ruble,1,1.0,0.0,125,0.0,1.0,124,False,False,
2022-05-29,MSCI_INDIA,ruble,7,1.0,0.0,125,0.0,1.0,118,False,False,
2022-05-29,MSCI_INDIA,ruble,14,1.0,0.0,125,0.0,1.0,111,False,False,
2022-05-29,MSCI_INDIA,ruble,30,1.0,0.0,125,0.0,1.0,95,False,False,
2022-05-29,MSCI_INDIA,ruble,60,1.0,0.0,125,0.0,1.0,65,False,False,
2022-05-29,MSCI_INDIA,sanctions,1,1.0,0.0,125,0.0,1.0,124,False,False,
2022-05-29,MSCI_INDIA,sanctions,7,1.0,0.0,125,0.0,1.0,118,False,False,
2022-05-29,MSCI_INDIA,sanctions,14,1.0,0.0,125,0.0,1.0,111,False,False,
2022-05-29,MSCI_INDIA,sanctions,30,1.0,0.0,125,0.0,1.0,95,False,False,
2022-05-29,MSCI_INDIA,sanctions,60,1.0,0.0,125,0.0,1.0,65,False,False,
2022-05-29,MSCI_INDIA,inflation,1,1.0,0.0,125,0.0,1.0,124,False,False,
2022-05-29,MSCI_INDIA,inflation,7,1.0,0.0,125,0.0,1.0,118,False,False,
2022-05-29,MSCI_INDIA,inflation,14,1.0,0.0,125,0.0,1.0,111,False,False,
2022-05-29,MSCI_INDIA,inflation,30,1.0,0.0,125,0.0,1.0,95,False,False,
2022-05-29,MSCI_INDIA,inflation,60,1.0,0.0,125,0.0,1.0,65,False,False,
2022-05-29,MSCI_INDIA,banking,1,1.0,0.0,125,0.0,1.0,124,False,False,
2022-05-29,MSCI_INDIA,banking,7,1.0,0.0,125,0.0,1.0,118,False,False,
2022-05-29,MSCI_INDIA,banking,14,1.0,0.0,125,0.0,1.0,111,False,False,
2022-05-29,MSCI_INDIA,banking,30,1.0,0.0,125,0.0,1.0,95,False,False,
2022-05-29,MSCI_INDIA,banking,60,1.0,0.0,125,0.0,1.0,65,False,False,
2022-05-29,MSCI_INDIA,gold,1,1.0,0.0,125,0.0,1.0,124,False,False,
2022-05-29,MSCI_INDIA,gold,7,1.0,0.0,125,0.0,1.0,118,False,False,
2022-05-29,MSCI_INDIA,gold,14,1.0,0.0,125,0.0,1.0,111,False,False,
2022-05-29,MSCI_INDIA,gold,30,1.0,0.0,125,0.0,1.0,95,False,False,
2022-05-29,MSCI_INDIA,gold,60,1.0,0.0,125,0.0,1.0,65,False,False,
2022-06-01,USD_RUB,oil,1,1.0,0.0,125,0.0,1.0,124,False,False,
2022-06-01,USD_RUB,oil,7,1.0,0.0,125,0.0,1.0,118,False,False,
2022-06-01,USD_RUB,oil,14,1.0,0.0,125,0.0,1.0,111,False,False,
2022-06-01,USD_RUB,oil,30,1.0,0.0,125,0.0,1.0,95,False,False,
2022-06-01,USD_RUB,oil,60,1.0,0.0,125,0.0,1.0,65,False,False,
2022-06-01,USD_RUB,rate,1,1.0,0.0,125,0.0,1.0,124,False,False,
2022-06-01,USD_RUB,rate,7,1.0,0.0,125,0.0,1.0,118,False,False,
2022-06-01,USD_RUB,rate,14,1.0,0.0,125,0.0,1.0,111,False,False,
2022-06-01,USD_RUB,rate,30,1.0,0.0,125,0.0,1.0,95,False,False,
2022-06-01,USD_RUB,rate,60,1.0,0.0,125,0.0,1.0,65,False,False,
2022-06-01,USD_RUB,ruble,1,1.0,0.0,125,0.0,1.0,124,False,False,
2022-06-01,USD_RUB,ruble,7,1.0,0.0,125,0.0,1.0,118,False,False,
2022-06-01,USD_RUB,ruble,14,1.0,0.0,125,0.0,1.0,111,False,False,
2022-06-01,USD_RUB,ruble,30,1.0,0.0,125,0.0,1.0,95,False,False,
2022-06-01,USD_RUB,ruble,60,1.0,0.0,125,0.0,1.0,65,False,False,
2022-06-01,USD_RUB,sanctions,1,1.0,0.0,125,0.0,1.0,124,False,False,
2022-06-01,USD_RUB,sanctions,7,1.0,0.0,125,0.0,1.0,118,False,False,
2022-06-01,USD_RUB,sanctions,14,1.0,0.0,125,0.0,1.0,111,False,False,
2022-06-01,USD_RUB,sanctions,30,1.0,0.0,125,0.0,1.0,95,False,False,
2022-06-01,USD_RUB,sanctions,60,1.0,0.0,125,0.0,1.0,65,False,False,
2022-06-01,USD_RUB,inflation,1,1.0,0.0,125,0.0,1.0,124,False,False,
2022-06-01,USD_RUB,inflation,7,1.0,0.0,125,0.0,1.0,118,False,False,
2022-06-01,USD_RUB,inflation,14,1.0,0.0,125,0.0,1.0,111,False,False,
2022-06-01,USD_RUB,inflation,30,1.0,0.0,125,0.0,1.0,95,False,False,
2022-06-01,USD_RUB,inflation,60,1.0,0.0,125,0.0,1.0,65,False,False,
2022-06-01,USD_RUB,banking,1,1.0,0.0,125,0.0,1.0,124,False,False,
2022-06-01,USD_RUB,banking,7,1.0,0.0,125,0.0,1.0,118,False,False,
2022-06-01,USD_RUB,banking,14,1.0,0.0,125,0.0,1.0,111,False,False,
2022-06-01,USD_RUB,banking,30,1.0,0.0,125,0.0,1.0,95,False,False,
2022-06-01,USD_RUB,banking,60,1.0,0.0,125,0.0,1.0,65,False,False,
2022-06-01,USD_RUB,gold,1,1.0,0.0,125,0.0,1.0,124,False,False,
2022-06-01,USD_RUB,gold,7,1.0,0.0,125,0.0,1.0,118,False,False,
2022-06-01,USD_RUB,gold,14,1.0,0.0,125,0.0,1.0,111,False,False,
2022-06-01,USD_RUB,gold,30,1.0,0.0,125,0.0,1.0,95,False,False,
2022-06-01,USD_RUB,gold,60,1.0,0.0,125,0.0,1.0,65,False,False,
2022-06-01,EUR_RUB,oil,1,1.0,0.0,125,0.0,1.0,124,False,False,
2022-06-01,EUR_RUB,oil,7,1.0,0.0,125,0.0,1.0,118,False,False,
2022-06-01,EUR_RUB,oil,14,1.0,0.0,125,0.0,1.0,111,False,False,
2022-06-01,EUR_RUB,oil,30,1.0,0.0,125,0.0,1.0,95,False,False,
2022-06-01,EUR_RUB,oil,60,1.0,0.0,125,0.0,1.0,65,False,False,
2022-06-01,EUR_RUB,rate,1,1.0,0.0,125,0.0,1.0,124,False,False,
2022-06-01,EUR_RUB,rate,7,1.0,0.0,125,0.0,1.0,118,False,False,
2022-06-01,EUR_RUB,rate,14,1.0,0.0,125,0.0,1.0,111,False,False,
2022-06-01,EUR_RUB,rate,30,1.0,0.0,125,0.0,1.0,95,False,False,
2022-06-01,EUR_RUB,rate,60,1.0,0.0,125,0.0,1.0,65,False,False,
2022-06-01,EUR_RUB,ruble,1,1.0,0.0,125,0.0,1.0,124,False,False,
2022-06-01,EUR_RUB,ruble,7,1.0,0.0,125,0.0,1.0,118,False,False,
2022-06-01,EUR_RUB,ruble,14,1.0,0.0,125,0.0,1.0,111,False,False,
2022-06-01,EUR_RUB,ruble,30,1.0,0.0,125,0.0,1.0,95,False,False,
2022-06-01,EUR_RUB,ruble,60,1.0,0.0,125,0.0,1.0,65,False,False,
2022-06-01,EUR_RUB,sanctions,1,1.0,0.0,125,0.0,1.0,124,False,False,
2022-06-01,EUR_RUB,sanctions,7,1.0,0.0,125,0.0,1.0,118,False,False,
2022-06-01,EUR_RUB,sanctions,14,1.0,0.0,125,0.0,1.0,111,False,False,
2022-06-01,EUR_RUB,sanctions,30,1.0,0.0,125,0.0,1.0,95,False,False,
2022-06-01,EUR_RUB,sanctions,60,1.0,0.0,125,0.0,1.0,65,False,False,
2022-06-01,EUR_RUB,inflation,1,1.0,0.0,125,0.0,1.0,124,False,False,
2022-06-01,EUR_RUB,inflation,7,1.0,0.0,125,0.0,1.0,118,False,False,
2022-06-01,EUR_RUB,inflation,14,1.0,0.0,125,0.0,1.0,111,False,False,
2022-06-01,EUR_RUB,inflation,30,1.0,0.0,125,0.0,1.0,95,False,False,
2022-06-01,EUR_RUB,inflation,60,1.0,0.0,125,0.0,1.0,65,False,False,
2022-06-01,EUR_RUB,banking,1,1.0,0.0,125,0.0,1.0,124,False,False,
2022-06-01,EUR_RUB,banking,7,1.0,0.0,125,0.0,1.0,118,False,False,
2022-06-01,EUR_RUB,banking,14,1.0,0.0,125,0.0,1.0,111,False,False,
2022-06-01,EUR_RUB,banking,30,1.0,0.0,125,0.0,1.0,95,False,False,
2022-06-01,EUR_RUB,banking,60,1.0,0.0,125,0.0,1.0,65,False,False,
2022-06-01,EUR_RUB,gold,1,1.0,0.0,125,0.0,1.0,124,False,False,
2022-06-01,EUR_RUB,gold,7,1.0,0.0,125,0.0,1.0,118,False,False,
2022-06-01,EUR_RUB,gold,14,1.0,0.0,125,0.0,1.0,111,False,False,
2022-06-01,EUR_RUB,gold,30,1.0,0.0,125,0.0,1.0,95,False,False,
2022-06-01,EUR_RUB,gold,60,1.0,0.0,125,0.0,1.0,65,False,False,
2022-06-01,BRENT,oil,1,1.0,0.0,125,0.0,1.0,124,False,False,
2022-06-01,BRENT,oil,7,1.0,0.0,125,0.0,1.0,118,False,False,
2022-06-01,BRENT,oil,14,1.0,0.0,125,0.0,1.0,111,False,False,
2022-06-01,BRENT,oil,30,1.0,0.0,125,0.0,1.0,95,False,False,
2022-06-01,BRENT,oil,60,1.0,0.0,125,0.0,1.0,65,False,False,
2022-06-01,BRENT,rate,1,1.0,0.0,125,0.0,1.0,124,False,False,
2022-06-01,BRENT,rate,7,1.0,0.0,125,0.0,1.0,118,False,False,
2022-06-01,BRENT,rate,14,1.0,0.0,125,0.0,1.0,111,False,False,
2022-06-01,BRENT,rate,30,1.0,0.0,125,0.0,1.0,95,False,False,
2022-06-01,BRENT,rate,60,1.0,0.0,125,0.0,1.0,65,False,False,
2022-06-01,BRENT,ruble,1,1.0,0.0,125,0.0,1.0,124,False,False,
2022-06-01,BRENT,ruble,7,1.0,0.0,125,0.0,1.0,118,False,False,
2022-06-01,BRENT,ruble,14,1.0,0.0,125,0.0,1.0,111,False,False,
2022-06-01,BRENT,ruble,30,1.0,0.0,125,0.0,1.0,95,False,False,
2022-06-01,BRENT,ruble,60,1.0,0.0,125,0.0,1.0,65,False,False,
2022-06-01,BRENT,sanctions,1,1.0,0.0,125,0.0,1.0,124,False,False,
2022-06-01,BRENT,sanctions,7,1.0,0.0,125,0.0,1.0,118,False,False,
2022-06-01,BRENT,sanctions,14,1.0,0.0,125,0.0,1.0,111,False,False,
2022-06-01,BRENT,sanctions,30,1.0,0.0,125,0.0,1.0,95,False,False,
2022-06-01,BRENT,sanctions,60,1.0,0.0,125,0.0,1.0,65,False,False,
2022-06-01,BRENT,inflation,1,1.0,0.0,125,0.0,1.0,124,False,False,
2022-06-01,BRENT,inflation,7,1.0,0.0,125,0.0,1.0,118,False,False,
2022-06-01,BRENT,inflation,14,1.0,0.0,125,0.0,1.0,111,False,False,
2022-06-01,BRENT,inflation,30,1.0,0.0,125,0.0,1.0,95,False,False,
2022-06-01,BRENT,inflation,60,1.0,0.0,125,0.0,1.0,65,False,False,
2022-06-01,BRENT,banking,1,1.0,0.0,125,0.0,1.0,124,False,False,
2022-06-01,BRENT,banking,7,1.0,0.0,125,0.0,1.0,118,False,False,
2022-06-01,BRENT,banking,14,1.0,0.0,125,0.0,1.0,111,False,False,
2022-06-01,BRENT,banking,30,1.0,0.0,125,0.0,1.0,95,False,False,
2022-06-01,BRENT,banking,60,1.0,0.0,125,0.0,1.0,65,False,False,
2022-06-01,BRENT,gold,1,1.0,0.0,125,0.0,1.0,124,False,False,
2022-06-01,BRENT,gold,7,1.0,0.0,125,0.0,1.0,118,False,False,
2022-06-01,BRENT,gold,14,1.0,0.0,125,0.0,1.0,111,False,False,
2022-06-01,BRENT,gold,30,1.0,0.0,125,0.0,1.0,95,False,False,
2022-06-01,BRENT,gold,60,1.0,0.0,125,0.0,1.0,65,False,False,
2022-06-01,SP500,oil,1,1.0,0.0,125,0.0,1.0,124,False,False,
2022-06-01,SP500,oil,7,1.0,0.0,125,0.0,1.0,118,False,False,
2022-06-01,SP500,oil,14,1.0,0.0,125,0.0,1.0,111,False,False,
2022-06-01,SP500,oil,30,1.0,0.0,125,0.0,1.0,95,False,False,
2022-06-01,SP500,oil,60,1.0,0.0,125,0.0,1.0,65,False,False,
2022-06-01,SP500,rate,1,1.0,0.0,125,0.0,1.0,124,False,False,
2022-06-01,SP500,rate,7,1.0,0.0,125,0.0,1.0,118,False,False,
2022-06-01,SP500,rate,14,1.0,0.0,125,0.0,1.0,111,False,False,
2022-06-01,SP500,rate,30,1.0,0.0,125,0.0,1.0,95,False,False,
2022-06-01,SP500,rate,60,1.0,0.0,125,0.0,1.0,65,False,False,
2022-06-01,SP500,ruble,1,1.0,0.0,125,0.0,1.0,124,False,False,
2022-06-01,SP500,ruble,7,1.0,0.0,125,0.0,1.0,118,False,False,
2022-06-01,SP500,ruble,14,1.0,0.0,125,0.0,1.0,111,False,False,
2022-06-01,SP500,ruble,30,1.0,0.0,125,0.0,1.0,95,False,False,
2022-06-01,SP500,ruble,60,1.0,0.0,125,0.0,1.0,65,False,False,
2022-06-01,SP500,sanctions,1,1.0,0.0,125,0.0,1.0,124,False,False,
2022-06-01,SP500,sanctions,7,1.0,0.0,125,0.0,1.0,118,False,False,
2022-06-01,SP500,sanctions,14,1.0,0.0,125,0.0,1.0,111,False,False,
2022-06-01,SP500,sanctions,30,1.0,0.0,125,0.0,1.0,95,False,False,
2022-06-01,SP500,sanctions,60,1.0,0.0,125,0.0,1.0,65,False,False,
2022-06-01,SP500,inflation,1,1.0,0.0,125,0.0,1.0,124,False,False,
2022-06-01,SP500,inflation,7,1.0,0.0,125,0.0,1.0,118,False,False,
2022-06-01,SP500,inflation,14,1.0,0.0,125,0.0,1.0,111,False,False,
2022-06-01,SP500,inflation,30,1.0,0.0,125,0.0,1.0,95,False,False,
2022-06-01,SP500,inflation,60,1.0,0.0,125,0.0,1.0,65,False,False,
2022-06-01,SP500,banking,1,1.0,0.0,125,0.0,1.0,124,False,False,
2022-06-01,SP500,banking,7,1.0,0.0,125,0.0,1.0,118,False,False,
2022-06-01,SP500,banking,14,1.0,0.0,125,0.0,1.0,111,False,False,
2022-06-01,SP500,banking,30,1.0,0.0,125,0.0,1.0,95,False,False,
2022-06-01,SP500,banking,60,1.0,0.0,125,0.0,1.0,65,False,False,
2022-06-01,SP500,gold,1,1.0,0.0,125,0.0,1.0,124,False,False,
2022-06-01,SP500,gold,7,1.0,0.0,125,0.0,1.0,118,False,False,
2022-06-01,SP500,gold,14,1.0,0.0,125,0.0,1.0,111,False,False,
2022-06-01,SP500,gold,30,1.0,0.0,125,0.0,1.0,95,False,False,
2022-06-01,SP500,gold,60,1.0,0.0,125,0.0,1.0,65,False,False,
2022-06-01,MSCI_WORLD,oil,1,1.0,0.0,125,0.0,1.0,124,False,False,
2022-06-01,MSCI_WORLD,oil,7,1.0,0.0,125,0.0,1.0,118,False,False,
2022-06-01,MSCI_WORLD,oil,14,1.0,0.0,125,0.0,1.0,111,False,False,
2022-06-01,MSCI_WORLD,oil,30,1.0,0.0,125,0.0,1.0,95,False,False,
2022-06-01,MSCI_WORLD,oil,60,1.0,0.0,125,0.0,1.0,65,False,False,
2022-06-01,MSCI_WORLD,rate,1,1.0,0.0,125,0.0,1.0,124,False,False,
2022-06-01,MSCI_WORLD,rate,7,1.0,0.0,125,0.0,1.0,118,False,False,
2022-06-01,MSCI_WORLD,rate,14,1.0,0.0,125,0.0,1.0,111,False,False,
2022-06-01,MSCI_WORLD,rate,30,1.0,0.0,125,0.0,1.0,95,False,False,
2022-06-01,MSCI_WORLD,rate,60,1.0,0.0,125,0.0,1.0,65,False,False,
2022-06-01,MSCI_WORLD,ruble,1,1.0,0.0,125,0.0,1.0,124,False,False,
2022-06-01,MSCI_WORLD,ruble,7,1.0,0.0,125,0.0,1.0,118,False,False,
2022-06-01,MSCI_WORLD,ruble,14,1.0,0.0,125,0.0,1.0,111,False,False,
2022-06-01,MSCI_WORLD,ruble,30,1.0,0.0,125,0.0,1.0,95,False,False,
2022-06-01,MSCI_WORLD,ruble,60,1.0,0.0,125,0.0,1.0,65,False,False,
2022-06-01,MSCI_WORLD,sanctions,1,1.0,0.0,125,0.0,1.0,124,False,False,
2022-06-01,MSCI_WORLD,sanctions,7,1.0,0.0,125,0.0,1.0,118,False,False,
2022-06-01,MSCI_WORLD,sanctions,14,1.0,0.0,125,0.0,1.0,111,False,False,
2022-06-01,MSCI_WORLD,sanctions,30,1.0,0.0,125,0.0,1.0,95,False,False,
2022-06-01,MSCI_WORLD,sanctions,60,1.0,0.0,125,0.0,1.0,65,False,False,
2022-06-01,MSCI_WORLD,inflation,1,1.0,0.0,125,0.0,1.0,124,False,False,
2022-06-01,MSCI_WORLD,inflation,7,1.0,0.0,125,0.0,1.0,118,False,False,
2022-06-01,MSCI_WORLD,inflation,14,1.0,0.0,125,0.0,1.0,111,False,False,
2022-06-01,MSCI_WORLD,inflation,30,1.0,0.0,125,0.0,1.0,95,False,False,
2022-06-01,MSCI_WORLD,inflation,60,1.0,0.0,125,0.0,1.0,65,False,False,
2022-06-01,MSCI_WORLD,banking,1,1.0,0.0,125,0.0,1.0,124,False,False,
2022-06-01,MSCI_WORLD,banking,7,1.0,0.0,125,0.0,1.0,118,False,False,
2022-06-01,MSCI_WORLD,banking,14,1.0,0.0,125,0.0,1.0,111,False,False,
2022-06-01,MSCI_WORLD,banking,30,1.0,0.0,125,0.0,1.0,95,False,False,
2022-06-01,MSCI_WORLD,banking,60,1.0,0.0,125,0.0,1.0,65,False,False,
2022-06-01,MSCI_WORLD,gold,1,1.0,0.0,125,0.0,1.0,124,False,False,
2022-06-01,MSCI_WORLD,gold,7,1.0,0.0,125,0.0,1.0,118,False,False,
2022-06-01,MSCI_WORLD,gold,14,1.0,0.0,125,0.0,1.0,111,False,False,
2022-06-01,MSCI_WORLD,gold,30,1.0,0.0,125,0.0,1.0,95,False,False,
2022-06-01,MSCI_WORLD,gold,60,1.0,0.0,125,0.0,1.0,65,False,False,
2022-06-01,DXY,oil,1,1.0,0.0,125,0.0,1.0,124,False,False,
2022-06-01,DXY,oil,7,1.0,0.0,125,0.0,1.0,118,False,False,
2022-06-01,DXY,oil,14,1.0,0.0,125,0.0,1.0,111,False,False,
2022-06-01,DXY,oil,30,1.0,0.0,125,0.0,1.0,95,False,False,
2022-06-01,DXY,oil,60,1.0,0.0,125,0.0,1.0,65,False,False,
2022-06-01,DXY,rate,1,1.0,0.0,125,0.0,1.0,124,False,False,
2022-06-01,DXY,rate,7,1.0,0.0,125,0.0,1.0,118,False,False,
2022-06-01,DXY,rate,14,1.0,0.0,125,0.0,1.0,111,False,False,
2022-06-01,DXY,rate,30,1.0,0.0,125,0.0,1.0,95,False,False,
2022-06-01,DXY,rate,60,1.0,0.0,125,0.0,1.0,65,False,False,
2022-06-01,DXY,ruble,1,1.0,0.0,125,0.0,1.0,124,False,False,
2022-06-01,DXY,ruble,7,1.0,0.0,125,0.0,1.0,118,False,False,
2022-06-01,DXY,ruble,14,1.0,0.0,125,0.0,1.0,111,False,False,
2022-06-01,DXY,ruble,30,1.0,0.0,125,0.0,1.0,95,False,False,
2022-06-01,DXY,ruble,60,1.0,0.0,125,0.0,1.0,65,False,False,
2022-06-01,DXY,sanctions,1,1.0,0.0,125,0.0,1.0,124,False,False,
2022-06-01,DXY,sanctions,7,1.0,0.0,125,0.0,1.0,118,False,False,
2022-06-01,DXY,sanctions,14,1.0,0.0,125,0.0,1.0,111,False,False,
2022-06-01,DXY,sanctions,30,1.0,0.0,125,0.0,1.0,95,False,False,
2022-06-01,DXY,sanctions,60,1.0,0.0,125,0.0,1.0,65,False,False,
2022-06-01,DXY,inflation,1,1.0,0.0,125,0.0,1.0,124,False,False,
2022-06-01,DXY,inflation,7,1.0,0.0,125,0.0,1.0,118,False,False,
2022-06-01,DXY,inflation,14,1.0,0.0,125,0.0,1.0,111,False,False,
2022-06-01,DXY,inflation,30,1.0,0.0,125,0.0,1.0,95,False,False,
2022-06-01,DXY,inflation,60,1.0,0.0,125,0.0,1.0,65,False,False,
2022-06-01,DXY,banking,1,1.0,0.0,125,0.0,1.0,124,False,False,
2022-06-01,DXY,banking,7,1.0,0.0,125,0.0,1.0,118,False,False,
2022-06-01,DXY,banking,14,1.0,0.0,125,0.0,1.0,111,False,False,
2022-06-01,DXY,banking,30,1.0,0.0,125,0.0,1.0,95,False,False,
2022-06-01,DXY,banking,60,1.0,0.0,125,0.0,1.0,65,False,False,
2022-06-01,DXY,gold,1,1.0,0.0,125,0.0,1.0,124,False,False,
2022-06-01,DXY,gold,7,1.0,0.0,125,0.0,1.0,118,False,False,
2022-06-01,DXY,gold,14,1.0,0.0,125,0.0,1.0,111,False,False,
2022-06-01,DXY,gold,30,1.0,0.0,125,0.0,1.0,95,False,False,
2022-06-01,DXY,gold,60,1.0,0.0,125,0.0,1.0,65,False,False,
2022-06-01,MSCI_INDIA,oil,1,1.0,0.0,125,0.0,1.0,124,False,False,
2022-06-01,MSCI_INDIA,oil,7,1.0,0.0,125,0.0,1.0,118,False,False,
2022-06-01,MSCI_INDIA,oil,14,1.0,0.0,125,0.0,1.0,111,False,False,
2022-06-01,MSCI_INDIA,oil,30,1.0,0.0,125,0.0,1.0,95,False,False,
2022-06-01,MSCI_INDIA,oil,60,1.0,0.0,125,0.0,1.0,65,False,False,
2022-06-01,MSCI_INDIA,rate,1,1.0,0.0,125,0.0,1.0,124,False,False,
2022-06-01,MSCI_INDIA,rate,7,1.0,0.0,125,0.0,1.0,118,False,False,
2022-06-01,MSCI_INDIA,rate,14,1.0,0.0,125,0.0,1.0,111,False,False,
2022-06-01,MSCI_INDIA,rate,30,1.0,0.0,125,0.0,1.0,95,False,False,
2022-06-01,MSCI_INDIA,rate,60,1.0,0.0,125,0.0,1.0,65,False,False,
2022-06-01,MSCI_INDIA,ruble,1,1.0,0.0,125,0.0,1.0,124,False,False,
2022-06-01,MSCI_INDIA,ruble,7,1.0,0.0,125,0.0,1.0,118,False,False,
2022-06-01,MSCI_INDIA,ruble,14,1.0,0.0,125,0.0,1.0,111,False,False,
2022-06-01,MSCI_INDIA,ruble,30,1.0,0.0,125,0.0,1.0,95,False,False,
2022-06-01,MSCI_INDIA,ruble,60,1.0,0.0,125,0.0,1.0,65,False,False,
2022-06-01,MSCI_INDIA,sanctions,1,1.0,0.0,125,0.0,1.0,124,False,False,
2022-06-01,MSCI_INDIA,sanctions,7,1.0,0.0,125,0.0,1.0,118,False,False,
2022-06-01,MSCI_INDIA,sanctions,14,1.0,0.0,125,0.0,1.0,111,False,False,
2022-06-01,MSCI_INDIA,sanctions,30,1.0,0.0,125,0.0,1.0,95,False,False,
2022-06-01,MSCI_INDIA,sanctions,60,1.0,0.0,125,0.0,1.0,65,False,False,
2022-06-01,MSCI_INDIA,inflation,1,1.0,0.0,125,0.0,1.0,124,False,False,
2022-06-01,MSCI_INDIA,inflation,7,1.0,0.0,125,0.0,1.0,118,False,False,
2022-06-01,MSCI_INDIA,inflation,14,1.0,0.0,125,0.0,1.0,111,False,False,
2022-06-01,MSCI_INDIA,inflation,30,1.0,0.0,125,0.0,1.0,95,False,False,
2022-06-01,MSCI_INDIA,inflation,60,1.0,0.0,125,0.0,1.0,65,False,False,
2022-06-01,MSCI_INDIA,banking,1,1.0,0.0,125,0.0,1.0,124,False,False,
2022-06-01,MSCI_INDIA,banking,7,1.0,0.0,125,0.0,1.0,118,False,False,
2022-06-01,MSCI_INDIA,banking,14,1.0,0.0,125,0.0,1.0,111,False,False,
2022-06-01,MSCI_INDIA,banking,30,1.0,0.0,125,0.0,1.0,95,False,False,
2022-06-01,MSCI_INDIA,banking,60,1.0,0.0,125,0.0,1.0,65,False,False,
2022-06-01,MSCI_INDIA,gold,1,1.0,0.0,125,0.0,1.0,124,False,False,
2022-06-01,MSCI_INDIA,gold,7,1.0,0.0,125,0.0,1.0,118,False,False,
2022-06-01,MSCI_INDIA,gold,14,1.0,0.0,125,0.0,1.0,111,False,False,
2022-06-01,MSCI_INDIA,gold,30,1.0,0.0,125,0.0,1.0,95,False,False,
2022-06-01,MSCI_INDIA,gold,60,1.0,0.0,125,0.0,1.0,65,False,False,
2022-06-04,USD_RUB,oil,1,1.0,0.0,125,0.0,1.0,124,False,False,
2022-06-04,USD_RUB,oil,7,1.0,0.0,125,0.0,1.0,118,False,False,
2022-06-04,USD_RUB,oil,14,1.0,0.0,125,0.0,1.0,111,False,False,
2022-06-04,USD_RUB,oil,30,1.0,0.0,125,0.0,1.0,95,False,False,
2022-06-04,USD_RUB,oil,60,1.0,0.0,125,0.0,1.0,65,False,False,
2022-06-04,USD_RUB,rate,1,1.0,0.0,125,0.0,1.0,124,False,False,
2022-06-04,USD_RUB,rate,7,1.0,0.0,125,0.0,1.0,118,False,False,
2022-06-04,USD_RUB,rate,14,1.0,0.0,125,0.0,1.0,111,False,False,
2022-06-04,USD_RUB,rate,30,1.0,0.0,125,0.0,1.0,95,False,False,
2022-06-04,USD_RUB,rate,60,1.0,0.0,125,0.0,1.0,65,False,False,
2022-06-04,USD_RUB,ruble,1,1.0,0.0,125,0.0,1.0,124,False,False,
2022-06-04,USD_RUB,ruble,7,1.0,0.0,125,0.0,1.0,118,False,False,
2022-06-04,USD_RUB,ruble,14,1.0,0.0,125,0.0,1.0,111,False,False,
2022-06-04,USD_RUB,ruble,30,1.0,0.0,125,0.0,1.0,95,False,False,
2022-06-04,USD_RUB,ruble,60,1.0,0.0,125,0.0,1.0,65,False,False,
2022-06-04,USD_RUB,sanctions,1,1.0,0.0,125,0.0,1.0,124,False,False,
2022-06-04,USD_RUB,sanctions,7,1.0,0.0,125,0.0,1.0,118,False,False,
2022-06-04,USD_RUB,sanctions,14,1.0,0.0,125,0.0,1.0,111,False,False,
2022-06-04,USD_RUB,sanctions,30,1.0,0.0,125,0.0,1.0,95,False,False,
2022-06-04,USD_RUB,sanctions,60,1.0,0.0,125,0.0,1.0,65,False,False,
2022-06-04,USD_RUB,inflation,1,1.0,0.0,125,0.0,1.0,124,False,False,
2022-06-04,USD_RUB,inflation,7,1.0,0.0,125,0.0,1.0,118,False,False,
2022-06-04,USD_RUB,inflation,14,1.0,0.0,125,0.0,1.0,111,False,False,
2022-06-04,USD_RUB,inflation,30,1.0,0.0,125,0.0,1.0,95,False,False,
2022-06-04,USD_RUB,inflation,60,1.0,0.0,125,0.0,1.0,65,False,False,
2022-06-04,USD_RUB,banking,1,1.0,0.0,125,0.0,1.0,124,False,False,
2022-06-04,USD_RUB,banking,7,1.0,0.0,125,0.0,1.0,118,False,False,
2022-06-04,USD_RUB,banking,14,1.0,0.0,125,0.0,1.0,111,False,False,
2022-06-04,USD_RUB,banking,30,1.0,0.0,125,0.0,1.0,95,False,False,
2022-06-04,USD_RUB,banking,60,1.0,0.0,125,0.0,1.0,65,False,False,
2022-06-04,USD_RUB,gold,1,1.0,0.0,125,0.0,1.0,124,False,False,
2022-06-04,USD_RUB,gold,7,1.0,0.0,125,0.0,1.0,118,False,False,
2022-06-04,USD_RUB,gold,14,1.0,0.0,125,0.0,1.0,111,False,False,
2022-06-04,USD_RUB,gold,30,1.0,0.0,125,0.0,1.0,95,False,False,
2022-06-04,USD_RUB,gold,60,1.0,0.0,125,0.0,1.0,65,False,False,
2022-06-04,EUR_RUB,oil,1,1.0,0.0,125,0.0,1.0,124,False,False,
2022-06-04,EUR_RUB,oil,7,1.0,0.0,125,0.0,1.0,118,False,False,
2022-06-04,EUR_RUB,oil,14,1.0,0.0,125,0.0,1.0,111,False,False,
2022-06-04,EUR_RUB,oil,30,1.0,0.0,125,0.0,1.0,95,False,False,
2022-06-04,EUR_RUB,oil,60,1.0,0.0,125,0.0,1.0,65,False,False,
2022-06-04,EUR_RUB,rate,1,1.0,0.0,125,0.0,1.0,124,False,False,
2022-06-04,EUR_RUB,rate,7,1.0,0.0,125,0.0,1.0,118,False,False,
2022-06-04,EUR_RUB,rate,14,1.0,0.0,125,0.0,1.0,111,False,False,
2022-06-04,EUR_RUB,rate,30,1.0,0.0,125,0.0,1.0,95,False,False,
2022-06-04,EUR_RUB,rate,60,1.0,0.0,125,0.0,1.0,65,False,False,
2022-06-04,EUR_RUB,ruble,1,1.0,0.0,125,0.0,1.0,124,False,False,
2022-06-04,EUR_RUB,ruble,7,1.0,0.0,125,0.0,1.0,118,False,False,
2022-06-04,EUR_RUB,ruble,14,1.0,0.0,125,0.0,1.0,111,False,False,
2022-06-04,EUR_RUB,ruble,30,1.0,0.0,125,0.0,1.0,95,False,False,
2022-06-04,EUR_RUB,ruble,60,1.0,0.0,125,0.0,1.0,65,False,False,
2022-06-04,EUR_RUB,sanctions,1,1.0,0.0,125,0.0,1.0,124,False,False,
2022-06-04,EUR_RUB,sanctions,7,1.0,0.0,125,0.0,1.0,118,False,False,
2022-06-04,EUR_RUB,sanctions,14,1.0,0.0,125,0.0,1.0,111,False,False,
2022-06-04,EUR_RUB,sanctions,30,1.0,0.0,125,0.0,1.0,95,False,False,
2022-06-04,EUR_RUB,sanctions,60,1.0,0.0,125,0.0,1.0,65,False,False,
2022-06-04,EUR_RUB,inflation,1,1.0,0.0,125,0.0,1.0,124,False,False,
2022-06-04,EUR_RUB,inflation,7,1.0,0.0,125,0.0,1.0,118,False,False,
2022-06-04,EUR_RUB,inflation,14,1.0,0.0,125,0.0,1.0,111,False,False,
2022-06-04,EUR_RUB,inflation,30,1.0,0.0,125,0.0,1.0,95,False,False,
2022-06-04,EUR_RUB,inflation,60,1.0,0.0,125,0.0,1.0,65,False,False,
2022-06-04,EUR_RUB,banking,1,1.0,0.0,125,0.0,1.0,124,False,False,
2022-06-04,EUR_RUB,banking,7,1.0,0.0,125,0.0,1.0,118,False,False,
2022-06-04,EUR_RUB,banking,14,1.0,0.0,125,0.0,1.0,111,False,False,
2022-06-04,EUR_RUB,banking,30,1.0,0.0,125,0.0,1.0,95,False,False,
2022-06-04,EUR_RUB,banking,60,1.0,0.0,125,0.0,1.0,65,False,False,
2022-06-04,EUR_RUB,gold,1,1.0,0.0,125,0.0,1.0,124,False,False,
2022-06-04,EUR_RUB,gold,7,1.0,0.0,125,0.0,1.0,118,False,False,
2022-06-04,EUR_RUB,gold,14,1.0,0.0,125,0.0,1.0,111,False,False,
2022-06-04,EUR_RUB,gold,30,1.0,0.0,125,0.0,1.0,95,False,False,
2022-06-04,EUR_RUB,gold,60,1.0,0.0,125,0.0,1.0,65,False,False,
2022-06-04,BRENT,oil,1,1.0,0.0,125,0.0,1.0,124,False,False,
2022-06-04,BRENT,oil,7,1.0,0.0,125,0.0,1.0,118,False,False,
2022-06-04,BRENT,oil,14,1.0,0.0,125,0.0,1.0,111,False,False,
2022-06-04,BRENT,oil,30,1.0,0.0,125,0.0,1.0,95,False,False,
2022-06-04,BRENT,oil,60,1.0,0.0,125,0.0,1.0,65,False,False,
2022-06-04,BRENT,rate,1,1.0,0.0,125,0.0,1.0,124,False,False,
2022-06-04,BRENT,rate,7,1.0,0.0,125,0.0,1.0,118,False,False,
2022-06-04,BRENT,rate,14,1.0,0.0,125,0.0,1.0,111,False,False,
2022-06-04,BRENT,rate,30,1.0,0.0,125,0.0,1.0,95,False,False,
2022-06-04,BRENT,rate,60,1.0,0.0,125,0.0,1.0,65,False,False,
2022-06-04,BRENT,ruble,1,1.0,0.0,125,0.0,1.0,124,False,False,
2022-06-04,BRENT,ruble,7,1.0,0.0,125,0.0,1.0,118,False,False,
2022-06-04,BRENT,ruble,14,1.0,0.0,125,0.0,1.0,111,False,False,
2022-06-04,BRENT,ruble,30,1.0,0.0,125,0.0,1.0,95,False,False,
2022-06-04,BRENT,ruble,60,1.0,0.0,125,0.0,1.0,65,False,False,
2022-06-04,BRENT,sanctions,1,1.0,0.0,125,0.0,1.0,124,False,False,
2022-06-04,BRENT,sanctions,7,1.0,0.0,125,0.0,1.0,118,False,False,
2022-06-04,BRENT,sanctions,14,1.0,0.0,125,0.0,1.0,111,False,False,
2022-06-04,BRENT,sanctions,30,1.0,0.0,125,0.0,1.0,95,False,False,
2022-06-04,BRENT,sanctions,60,1.0,0.0,125,0.0,1.0,65,False,False,
2022-06-04,BRENT,inflation,1,1.0,0.0,125,0.0,1.0,124,False,False,
2022-06-04,BRENT,inflation,7,1.0,0.0,125,0.0,1.0,118,False,False,
2022-06-04,BRENT,inflation,14,1.0,0.0,125,0.0,1.0,111,False,False,
2022-06-04,BRENT,inflation,30,1.0,0.0,125,0.0,1.0,95,False,False,
2022-06-04,BRENT,inflation,60,1.0,0.0,125,0.0,1.0,65,False,False,
2022-06-04,BRENT,banking,1,1.0,0.0,125,0.0,1.0,124,False,False,
2022-06-04,BRENT,banking,7,1.0,0.0,125,0.0,1.0,118,False,False,
2022-06-04,BRENT,banking,14,1.0,0.0,125,0.0,1.0,111,False,False,
2022-06-04,BRENT,banking,30,1.0,0.0,125,0.0,1.0,95,False,False,
2022-06-04,BRENT,banking,60,1.0,0.0,125,0.0,1.0,65,False,False,
2022-06-04,BRENT,gold,1,1.0,0.0,125,0.0,1.0,124,False,False,
2022-06-04,BRENT,gold,7,1.0,0.0,125,0.0,1.0,118,False,False,
2022-06-04,BRENT,gold,14,1.0,0.0,125,0.0,1.0,111,False,False,
2022-06-04,BRENT,gold,30,1.0,0.0,125,0.0,1.0,95,False,False,
2022-06-04,BRENT,gold,60,1.0,0.0,125,0.0,1.0,65,False,False,
2022-06-04,SP500,oil,1,1.0,0.0,125,0.0,1.0,124,False,False,
2022-06-04,SP500,oil,7,1.0,0.0,125,0.0,1.0,118,False,False,
2022-06-04,SP500,oil,14,1.0,0.0,125,0.0,1.0,111,False,False,
2022-06-04,SP500,oil,30,1.0,0.0,125,0.0,1.0,95,False,False,
2022-06-04,SP500,oil,60,1.0,0.0,125,0.0,1.0,65,False,False,
2022-06-04,SP500,rate,1,1.0,0.0,125,0.0,1.0,124,False,False,
2022-06-04,SP500,rate,7,1.0,0.0,125,0.0,1.0,118,False,False,
2022-06-04,SP500,rate,14,1.0,0.0,125,0.0,1.0,111,False,False,
2022-06-04,SP500,rate,30,1.0,0.0,125,0.0,1.0,95,False,False,
2022-06-04,SP500,rate,60,1.0,0.0,125,0.0,1.0,65,False,False,
2022-06-04,SP500,ruble,1,1.0,0.0,125,0.0,1.0,124,False,False,
2022-06-04,SP500,ruble,7,1.0,0.0,125,0.0,1.0,118,False,False,
2022-06-04,SP500,ruble,14,1.0,0.0,125,0.0,1.0,111,False,False,
2022-06-04,SP500,ruble,30,1.0,0.0,125,0.0,1.0,95,False,False,
2022-06-04,SP500,ruble,60,1.0,0.0,125,0.0,1.0,65,False,False,
2022-06-04,SP500,sanctions,1,1.0,0.0,125,0.0,1.0,124,False,False,
2022-06-04,SP500,sanctions,7,1.0,0.0,125,0.0,1.0,118,False,False,
2022-06-04,SP500,sanctions,14,1.0,0.0,125,0.0,1.0,111,False,False,
2022-06-04,SP500,sanctions,30,1.0,0.0,125,0.0,1.0,95,False,False,
2022-06-04,SP500,sanctions,60,1.0,0.0,125,0.0,1.0,65,False,False,
2022-06-04,SP500,inflation,1,1.0,0.0,125,0.0,1.0,124,False,False,
2022-06-04,SP500,inflation,7,1.0,0.0,125,0.0,1.0,118,False,False,
2022-06-04,SP500,inflation,14,1.0,0.0,125,0.0,1.0,111,False,False,
2022-06-04,SP500,inflation,30,1.0,0.0,125,0.0,1.0,95,False,False,
2022-06-04,SP500,inflation,60,1.0,0.0,125,0.0,1.0,65,False,False,
2022-06-04,SP500,banking,1,1.0,0.0,125,0.0,1.0,124,False,False,
2022-06-04,SP500,banking,7,1.0,0.0,125,0.0,1.0,118,False,False,
2022-06-04,SP500,banking,14,1.0,0.0,125,0.0,1.0,111,False,False,
2022-06-04,SP500,banking,30,1.0,0.0,125,0.0,1.0,95,False,False,
2022-06-04,SP500,banking,60,1.0,0.0,125,0.0,1.0,65,False,False,
2022-06-04,SP500,gold,1,1.0,0.0,125,0.0,1.0,124,False,False,
2022-06-04,SP500,gold,7,1.0,0.0,125,0.0,1.0,118,False,False,
2022-06-04,SP500,gold,14,1.0,0.0,125,0.0,1.0,111,False,False,
2022-06-04,SP500,gold,30,1.0,0.0,125,0.0,1.0,95,False,False,
2022-06-04,SP500,gold,60,1.0,0.0,125,0.0,1.0,65,False,False,
2022-06-04,MSCI_WORLD,oil,1,1.0,0.0,125,0.0,1.0,124,False,False,
2022-06-04,MSCI_WORLD,oil,7,1.0,0.0,125,0.0,1.0,118,False,False,
2022-06-04,MSCI_WORLD,oil,14,1.0,0.0,125,0.0,1.0,111,False,False,
2022-06-04,MSCI_WORLD,oil,30,1.0,0.0,125,0.0,1.0,95,False,False,
2022-06-04,MSCI_WORLD,oil,60,1.0,0.0,125,0.0,1.0,65,False,False,
2022-06-04,MSCI_WORLD,rate,1,1.0,0.0,125,0.0,1.0,124,False,False,
2022-06-04,MSCI_WORLD,rate,7,1.0,0.0,125,0.0,1.0,118,False,False,
2022-06-04,MSCI_WORLD,rate,14,1.0,0.0,125,0.0,1.0,111,False,False,
2022-06-04,MSCI_WORLD,rate,30,1.0,0.0,125,0.0,1.0,95,False,False,
2022-06-04,MSCI_WORLD,rate,60,1.0,0.0,125,0.0,1.0,65,False,False,
2022-06-04,MSCI_WORLD,ruble,1,1.0,0.0,125,0.0,1.0,124,False,False,
2022-06-04,MSCI_WORLD,ruble,7,1.0,0.0,125,0.0,1.0,118,False,False,
2022-06-04,MSCI_WORLD,ruble,14,1.0,0.0,125,0.0,1.0,111,False,False,
2022-06-04,MSCI_WORLD,ruble,30,1.0,0.0,125,0.0,1.0,95,False,False,
2022-06-04,MSCI_WORLD,ruble,60,1.0,0.0,125,0.0,1.0,65,False,False,
2022-06-04,MSCI_WORLD,sanctions,1,1.0,0.0,125,0.0,1.0,124,False,False,
2022-06-04,MSCI_WORLD,sanctions,7,1.0,0.0,125,0.0,1.0,118,False,False,
2022-06-04,MSCI_WORLD,sanctions,14,1.0,0.0,125,0.0,1.0,111,False,False,
2022-06-04,MSCI_WORLD,sanctions,30,1.0,0.0,125,0.0,1.0,95,False,False,
2022-06-04,MSCI_WORLD,sanctions,60,1.0,0.0,125,0.0,1.0,65,False,False,
2022-06-04,MSCI_WORLD,inflation,1,1.0,0.0,125,0.0,1.0,124,False,False,
2022-06-04,MSCI_WORLD,inflation,7,1.0,0.0,125,0.0,1.0,118,False,False,
2022-06-04,MSCI_WORLD,inflation,14,1.0,0.0,125,0.0,1.0,111,False,False,
2022-06-04,MSCI_WORLD,inflation,30,1.0,0.0,125,0.0,1.0,95,False,False,
2022-06-04,MSCI_WORLD,inflation,60,1.0,0.0,125,0.0,1.0,65,False,False,
2022-06-04,MSCI_WORLD,banking,1,1.0,0.0,125,0.0,1.0,124,False,False,
2022-06-04,MSCI_WORLD,banking,7,1.0,0.0,125,0.0,1.0,118,False,False,
2022-06-04,MSCI_WORLD,banking,14,1.0,0.0,125,0.0,1.0,111,False,False,
2022-06-04,MSCI_WORLD,banking,30,1.0,0.0,125,0.0,1.0,95,False,False,
2022-06-04,MSCI_WORLD,banking,60,1.0,0.0,125,0.0,1.0,65,False,False,
2022-06-04,MSCI_WORLD,gold,1,1.0,0.0,125,0.0,1.0,124,False,False,
2022-06-04,MSCI_WORLD,gold,7,1.0,0.0,125,0.0,1.0,118,False,False,
2022-06-04,MSCI_WORLD,gold,14,1.0,0.0,125,0.0,1.0,111,False,False,
2022-06-04,MSCI_WORLD,gold,30,1.0,0.0,125,0.0,1.0,95,False,False,
2022-06-04,MSCI_WORLD,gold,60,1.0,0.0,125,0.0,1.0,65,False,False,
2022-06-04,DXY,oil,1,1.0,0.0,125,0.0,1.0,124,False,False,
2022-06-04,DXY,oil,7,1.0,0.0,125,0.0,1.0,118,False,False,
2022-06-04,DXY,oil,14,1.0,0.0,125,0.0,1.0,111,False,False,
2022-06-04,DXY,oil,30,1.0,0.0,125,0.0,1.0,95,False,False,
2022-06-04,DXY,oil,60,1.0,0.0,125,0.0,1.0,65,False,False,
2022-06-04,DXY,rate,1,1.0,0.0,125,0.0,1.0,124,False,False,
2022-06-04,DXY,rate,7,1.0,0.0,125,0.0,1.0,118,False,False,
2022-06-04,DXY,rate,14,1.0,0.0,125,0.0,1.0,111,False,False,
2022-06-04,DXY,rate,30,1.0,0.0,125,0.0,1.0,95,False,False,
2022-06-04,DXY,rate,60,1.0,0.0,125,0.0,1.0,65,False,False,
2022-06-04,DXY,ruble,1,1.0,0.0,125,0.0,1.0,124,False,False,
2022-06-04,DXY,ruble,7,1.0,0.0,125,0.0,1.0,118,False,False,
2022-06-04,DXY,ruble,14,1.0,0.0,125,0.0,1.0,111,False,False,
2022-06-04,DXY,ruble,30,1.0,0.0,125,0.0,1.0,95,False,False,
2022-06-04,DXY,ruble,60,1.0,0.0,125,0.0,1.0,65,False,False,
2022-06-04,DXY,sanctions,1,1.0,0.0,125,0.0,1.0,124,False,False,
2022-06-04,DXY,sanctions,7,1.0,0.0,125,0.0,1.0,118,False,False,
2022-06-04,DXY,sanctions,14,1.0,0.0,125,0.0,1.0,111,False,False,
2022-06-04,DXY,sanctions,30,1.0,0.0,125,0.0,1.0,95,False,False,
2022-06-04,DXY,sanctions,60,1.0,0.0,125,0.0,1.0,65,False,False,
2022-06-04,DXY,inflation,1,1.0,0.0,125,0.0,1.0,124,False,False,
2022-06-04,DXY,inflation,7,1.0,0.0,125,0.0,1.0,118,False,False,
2022-06-04,DXY,inflation,14,1.0,0.0,125,0.0,1.0,111,False,False,
2022-06-04,DXY,inflation,30,1.0,0.0,125,0.0,1.0,95,False,False,
2022-06-04,DXY,inflation,60,1.0,0.0,125,0.0,1.0,65,False,False,
2022-06-04,DXY,banking,1,1.0,0.0,125,0.0,1.0,124,False,False,
2022-06-04,DXY,banking,7,1.0,0.0,125,0.0,1.0,118,False,False,
2022-06-04,DXY,banking,14,1.0,0.0,125,0.0,1.0,111,False,False,
2022-06-04,DXY,banking,30,1.0,0.0,125,0.0,1.0,95,False,False,
2022-06-04,DXY,banking,60,1.0,0.0,125,0.0,1.0,65,False,False,
2022-06-04,DXY,gold,1,1.0,0.0,125,0.0,1.0,124,False,False,
2022-06-04,DXY,gold,7,1.0,0.0,125,0.0,1.0,118,False,False,
2022-06-04,DXY,gold,14,1.0,0.0,125,0.0,1.0,111,False,False,
2022-06-04,DXY,gold,30,1.0,0.0,125,0.0,1.0,95,False,False,
2022-06-04,DXY,gold,60,1.0,0.0,125,0.0,1.0,65,False,False,
2022-06-04,MSCI_INDIA,oil,1,1.0,0.0,125,0.0,1.0,124,False,False,
2022-06-04,MSCI_INDIA,oil,7,1.0,0.0,125,0.0,1.0,118,False,False,
2022-06-04,MSCI_INDIA,oil,14,1.0,0.0,125,0.0,1.0,111,False,False,
2022-06-04,MSCI_INDIA,oil,30,1.0,0.0,125,0.0,1.0,95,False,False,
2022-06-04,MSCI_INDIA,oil,60,1.0,0.0,125,0.0,1.0,65,False,False,
2022-06-04,MSCI_INDIA,rate,1,1.0,0.0,125,0.0,1.0,124,False,False,
2022-06-04,MSCI_INDIA,rate,7,1.0,0.0,125,0.0,1.0,118,False,False,
2022-06-04,MSCI_INDIA,rate,14,1.0,0.0,125,0.0,1.0,111,False,False,
2022-06-04,MSCI_INDIA,rate,30,1.0,0.0,125,0.0,1.0,95,False,False,
2022-06-04,MSCI_INDIA,rate,60,1.0,0.0,125,0.0,1.0,65,False,False,
2022-06-04,MSCI_INDIA,ruble,1,1.0,0.0,125,0.0,1.0,124,False,False,
2022-06-04,MSCI_INDIA,ruble,7,1.0,0.0,125,0.0,1.0,118,False,False,
2022-06-04,MSCI_INDIA,ruble,14,1.0,0.0,125,0.0,1.0,111,False,False,
2022-06-04,MSCI_INDIA,ruble,30,1.0,0.0,125,0.0,1.0,95,False,False,
2022-06-04,MSCI_INDIA,ruble,60,1.0,0.0,125,0.0,1.0,65,False,False,
2022-06-04,MSCI_INDIA,sanctions,1,1.0,0.0,125,0.0,1.0,124,False,False,
2022-06-04,MSCI_INDIA,sanctions,7,1.0,0.0,125,0.0,1.0,118,False,False,
2022-06-04,MSCI_INDIA,sanctions,14,1.0,0.0,125,0.0,1.0,111,False,False,
2022-06-04,MSCI_INDIA,sanctions,30,1.0,0.0,125,0.0,1.0,95,False,False,
2022-06-04,MSCI_INDIA,sanctions,60,1.0,0.0,125,0.0,1.0,65,False,False,
2022-06-04,MSCI_INDIA,inflation,1,1.0,0.0,125,0.0,1.0,124,False,False,
2022-06-04,MSCI_INDIA,inflation,7,1.0,0.0,125,0.0,1.0,118,False,False,
2022-06-04,MSCI_INDIA,inflation,14,1.0,0.0,125,0.0,1.0,111,False,False,
2022-06-04,MSCI_INDIA,inflation,30,1.0,0.0,125,0.0,1.0,95,False,False,
2022-06-04,MSCI_INDIA,inflation,60,1.0,0.0,125,0.0,1.0,65,False,False,
2022-06-04,MSCI_INDIA,banking,1,1.0,0.0,125,0.0,1.0,124,False,False,
2022-06-04,MSCI_INDIA,banking,7,1.0,0.0,125,0.0,1.0,118,False,False,
2022-06-04,MSCI_INDIA,banking,14,1.0,0.0,125,0.0,1.0,111,False,False,
2022-06-04,MSCI_INDIA,banking,30,1.0,0.0,125,0.0,1.0,95,False,False,
2022-06-04,MSCI_INDIA,banking,60,1.0,0.0,125,0.0,1.0,65,False,False,
2022-06-04,MSCI_INDIA,gold,1,1.0,0.0,125,0.0,1.0,124,False,False,
2022-06-04,MSCI_INDIA,gold,7,1.0,0.0,125,0.0,1.0,118,False,False,
2022-06-04,MSCI_INDIA,gold,14,1.0,0.0,125,0.0,1.0,111,False,False,
2022-06-04,MSCI_INDIA,gold,30,1.0,0.0,125,0.0,1.0,95,False,False,
2022-06-04,MSCI_INDIA,gold,60,1.0,0.0,125,0.0,1.0,65,False,False,
2022-06-07,USD_RUB,oil,1,1.0,0.0,125,0.0,1.0,124,False,False,
2022-06-07,USD_RUB,oil,7,1.0,0.0,125,0.0,1.0,118,False,False,
2022-06-07,USD_RUB,oil,14,1.0,0.0,125,0.0,1.0,111,False,False,
2022-06-07,USD_RUB,oil,30,1.0,0.0,125,0.0,1.0,95,False,False,
2022-06-07,USD_RUB,oil,60,1.0,0.0,125,0.0,1.0,65,False,False,
2022-06-07,USD_RUB,rate,1,1.0,0.0,125,0.0,1.0,124,False,False,
2022-06-07,USD_RUB,rate,7,1.0,0.0,125,0.0,1.0,118,False,False,
2022-06-07,USD_RUB,rate,14,1.0,0.0,125,0.0,1.0,111,False,False,
2022-06-07,USD_RUB,rate,30,1.0,0.0,125,0.0,1.0,95,False,False,
2022-06-07,USD_RUB,rate,60,1.0,0.0,125,0.0,1.0,65,False,False,
2022-06-07,USD_RUB,ruble,1,1.0,0.0,125,0.0,1.0,124,False,False,
2022-06-07,USD_RUB,ruble,7,1.0,0.0,125,0.0,1.0,118,False,False,
2022-06-07,USD_RUB,ruble,14,1.0,0.0,125,0.0,1.0,111,False,False,
2022-06-07,USD_RUB,ruble,30,1.0,0.0,125,0.0,1.0,95,False,False,
2022-06-07,USD_RUB,ruble,60,1.0,0.0,125,0.0,1.0,65,False,False,
2022-06-07,USD_RUB,sanctions,1,1.0,0.0,125,0.0,1.0,124,False,False,
2022-06-07,USD_RUB,sanctions,7,1.0,0.0,125,0.0,1.0,118,False,False,
2022-06-07,USD_RUB,sanctions,14,1.0,0.0,125,0.0,1.0,111,False,False,
2022-06-07,USD_RUB,sanctions,30,1.0,0.0,125,0.0,1.0,95,False,False,
2022-06-07,USD_RUB,sanctions,60,1.0,0.0,125,0.0,1.0,65,False,False,
2022-06-07,USD_RUB,inflation,1,1.0,0.0,125,0.0,1.0,124,False,False,
2022-06-07,USD_RUB,inflation,7,1.0,0.0,125,0.0,1.0,118,False,False,
2022-06-07,USD_RUB,inflation,14,1.0,0.0,125,0.0,1.0,111,False,False,
2022-06-07,USD_RUB,inflation,30,1.0,0.0,125,0.0,1.0,95,False,False,
2022-06-07,USD_RUB,inflation,60,1.0,0.0,125,0.0,1.0,65,False,False,
2022-06-07,USD_RUB,banking,1,1.0,0.0,125,0.0,1.0,124,False,False,
2022-06-07,USD_RUB,banking,7,1.0,0.0,125,0.0,1.0,118,False,False,
2022-06-07,USD_RUB,banking,14,1.0,0.0,125,0.0,1.0,111,False,False,
2022-06-07,USD_RUB,banking,30,1.0,0.0,125,0.0,1.0,95,False,False,
2022-06-07,USD_RUB,banking,60,1.0,0.0,125,0.0,1.0,65,False,False,
2022-06-07,USD_RUB,gold,1,1.0,0.0,125,0.0,1.0,124,False,False,
2022-06-07,USD_RUB,gold,7,1.0,0.0,125,0.0,1.0,118,False,False,
2022-06-07,USD_RUB,gold,14,1.0,0.0,125,0.0,1.0,111,False,False,
2022-06-07,USD_RUB,gold,30,1.0,0.0,125,0.0,1.0,95,False,False,
2022-06-07,USD_RUB,gold,60,1.0,0.0,125,0.0,1.0,65,False,False,
2022-06-07,EUR_RUB,oil,1,1.0,0.0,125,0.0,1.0,124,False,False,
2022-06-07,EUR_RUB,oil,7,1.0,0.0,125,0.0,1.0,118,False,False,
2022-06-07,EUR_RUB,oil,14,1.0,0.0,125,0.0,1.0,111,False,False,
2022-06-07,EUR_RUB,oil,30,1.0,0.0,125,0.0,1.0,95,False,False,
2022-06-07,EUR_RUB,oil,60,1.0,0.0,125,0.0,1.0,65,False,False,
2022-06-07,EUR_RUB,rate,1,1.0,0.0,125,0.0,1.0,124,False,False,
2022-06-07,EUR_RUB,rate,7,1.0,0.0,125,0.0,1.0,118,False,False,
2022-06-07,EUR_RUB,rate,14,1.0,0.0,125,0.0,1.0,111,False,False,
2022-06-07,EUR_RUB,rate,30,1.0,0.0,125,0.0,1.0,95,False,False,
2022-06-07,EUR_RUB,rate,60,1.0,0.0,125,0.0,1.0,65,False,False,
2022-06-07,EUR_RUB,ruble,1,1.0,0.0,125,0.0,1.0,124,False,False,
2022-06-07,EUR_RUB,ruble,7,1.0,0.0,125,0.0,1.0,118,False,False,
2022-06-07,EUR_RUB,ruble,14,1.0,0.0,125,0.0,1.0,111,False,False,
2022-06-07,EUR_RUB,ruble,30,1.0,0.0,125,0.0,1.0,95,False,False,
2022-06-07,EUR_RUB,ruble,60,1.0,0.0,125,0.0,1.0,65,False,False,
2022-06-07,EUR_RUB,sanctions,1,1.0,0.0,125,0.0,1.0,124,False,False,
2022-06-07,EUR_RUB,sanctions,7,1.0,0.0,125,0.0,1.0,118,False,False,
2022-06-07,EUR_RUB,sanctions,14,1.0,0.0,125,0.0,1.0,111,False,False,
2022-06-07,EUR_RUB,sanctions,30,1.0,0.0,125,0.0,1.0,95,False,False,
2022-06-07,EUR_RUB,sanctions,60,1.0,0.0,125,0.0,1.0,65,False,False,
2022-06-07,EUR_RUB,inflation,1,1.0,0.0,125,0.0,1.0,124,False,False,
2022-06-07,EUR_RUB,inflation,7,1.0,0.0,125,0.0,1.0,118,False,False,
2022-06-07,EUR_RUB,inflation,14,1.0,0.0,125,0.0,1.0,111,False,False,
2022-06-07,EUR_RUB,inflation,30,1.0,0.0,125,0.0,1.0,95,False,False,
2022-06-07,EUR_RUB,inflation,60,1.0,0.0,125,0.0,1.0,65,False,False,
2022-06-07,EUR_RUB,banking,1,1.0,0.0,125,0.0,1.0,124,False,False,
2022-06-07,EUR_RUB,banking,7,1.0,0.0,125,0.0,1.0,118,False,False,
2022-06-07,EUR_RUB,banking,14,1.0,0.0,125,0.0,1.0,111,False,False,
2022-06-07,EUR_RUB,banking,30,1.0,0.0,125,0.0,1.0,95,False,False,
2022-06-07,EUR_RUB,banking,60,1.0,0.0,125,0.0,1.0,65,False,False,
2022-06-07,EUR_RUB,gold,1,1.0,0.0,125,0.0,1.0,124,False,False,
2022-06-07,EUR_RUB,gold,7,1.0,0.0,125,0.0,1.0,118,False,False,
2022-06-07,EUR_RUB,gold,14,1.0,0.0,125,0.0,1.0,111,False,False,
2022-06-07,EUR_RUB,gold,30,1.0,0.0,125,0.0,1.0,95,False,False,
2022-06-07,EUR_RUB,gold,60,1.0,0.0,125,0.0,1.0,65,False,False,
2022-06-07,BRENT,oil,1,1.0,0.0,125,0.0,1.0,124,False,False,
2022-06-07,BRENT,oil,7,1.0,0.0,125,0.0,1.0,118,False,False,
2022-06-07,BRENT,oil,14,1.0,0.0,125,0.0,1.0,111,False,False,
2022-06-07,BRENT,oil,30,1.0,0.0,125,0.0,1.0,95,False,False,
2022-06-07,BRENT,oil,60,1.0,0.0,125,0.0,1.0,65,False,False,
2022-06-07,BRENT,rate,1,1.0,0.0,125,0.0,1.0,124,False,False,
2022-06-07,BRENT,rate,7,1.0,0.0,125,0.0,1.0,118,False,False,
2022-06-07,BRENT,rate,14,1.0,0.0,125,0.0,1.0,111,False,False,
2022-06-07,BRENT,rate,30,1.0,0.0,125,0.0,1.0,95,False,False,
2022-06-07,BRENT,rate,60,1.0,0.0,125,0.0,1.0,65,False,False,
2022-06-07,BRENT,ruble,1,1.0,0.0,125,0.0,1.0,124,False,False,
2022-06-07,BRENT,ruble,7,1.0,0.0,125,0.0,1.0,118,False,False,
2022-06-07,BRENT,ruble,14,1.0,0.0,125,0.0,1.0,111,False,False,
2022-06-07,BRENT,ruble,30,1.0,0.0,125,0.0,1.0,95,False,False,
2022-06-07,BRENT,ruble,60,1.0,0.0,125,0.0,1.0,65,False,False,
2022-06-07,BRENT,sanctions,1,1.0,0.0,125,0.0,1.0,124,False,False,
2022-06-07,BRENT,sanctions,7,1.0,0.0,125,0.0,1.0,118,False,False,
2022-06-07,BRENT,sanctions,14,1.0,0.0,125,0.0,1.0,111,False,False,
2022-06-07,BRENT,sanctions,30,1.0,0.0,125,0.0,1.0,95,False,False,
2022-06-07,BRENT,sanctions,60,1.0,0.0,125,0.0,1.0,65,False,False,
2022-06-07,BRENT,inflation,1,1.0,0.0,125,0.0,1.0,124,False,False,
2022-06-07,BRENT,inflation,7,1.0,0.0,125,0.0,1.0,118,False,False,
2022-06-07,BRENT,inflation,14,1.0,0.0,125,0.0,1.0,111,False,False,
2022-06-07,BRENT,inflation,30,1.0,0.0,125,0.0,1.0,95,False,False,
2022-06-07,BRENT,inflation,60,1.0,0.0,125,0.0,1.0,65,False,False,
2022-06-07,BRENT,banking,1,1.0,0.0,125,0.0,1.0,124,False,False,
2022-06-07,BRENT,banking,7,1.0,0.0,125,0.0,1.0,118,False,False,
2022-06-07,BRENT,banking,14,1.0,0.0,125,0.0,1.0,111,False,False,
2022-06-07,BRENT,banking,30,1.0,0.0,125,0.0,1.0,95,False,False,
2022-06-07,BRENT,banking,60,1.0,0.0,125,0.0,1.0,65,False,False,
2022-06-07,BRENT,gold,1,1.0,0.0,125,0.0,1.0,124,False,False,
2022-06-07,BRENT,gold,7,1.0,0.0,125,0.0,1.0,118,False,False,
2022-06-07,BRENT,gold,14,1.0,0.0,125,0.0,1.0,111,False,False,
2022-06-07,BRENT,gold,30,1.0,0.0,125,0.0,1.0,95,False,False,
2022-06-07,BRENT,gold,60,1.0,0.0,125,0.0,1.0,65,False,False,
2022-06-07,SP500,oil,1,1.0,0.0,125,0.0,1.0,124,False,False,
2022-06-07,SP500,oil,7,1.0,0.0,125,0.0,1.0,118,False,False,
2022-06-07,SP500,oil,14,1.0,0.0,125,0.0,1.0,111,False,False,
2022-06-07,SP500,oil,30,1.0,0.0,125,0.0,1.0,95,False,False,
2022-06-07,SP500,oil,60,1.0,0.0,125,0.0,1.0,65,False,False,
2022-06-07,SP500,rate,1,1.0,0.0,125,0.0,1.0,124,False,False,
2022-06-07,SP500,rate,7,1.0,0.0,125,0.0,1.0,118,False,False,
2022-06-07,SP500,rate,14,1.0,0.0,125,0.0,1.0,111,False,False,
2022-06-07,SP500,rate,30,1.0,0.0,125,0.0,1.0,95,False,False,
2022-06-07,SP500,rate,60,1.0,0.0,125,0.0,1.0,65,False,False,
2022-06-07,SP500,ruble,1,1.0,0.0,125,0.0,1.0,124,False,False,
2022-06-07,SP500,ruble,7,1.0,0.0,125,0.0,1.0,118,False,False,
2022-06-07,SP500,ruble,14,1.0,0.0,125,0.0,1.0,111,False,False,
2022-06-07,SP500,ruble,30,1.0,0.0,125,0.0,1.0,95,False,False,
2022-06-07,SP500,ruble,60,1.0,0.0,125,0.0,1.0,65,False,False,
2022-06-07,SP500,sanctions,1,1.0,0.0,125,0.0,1.0,124,False,False,
2022-06-07,SP500,sanctions,7,1.0,0.0,125,0.0,1.0,118,False,False,
2022-06-07,SP500,sanctions,14,1.0,0.0,125,0.0,1.0,111,False,False,
2022-06-07,SP500,sanctions,30,1.0,0.0,125,0.0,1.0,95,False,False,
2022-06-07,SP500,sanctions,60,1.0,0.0,125,0.0,1.0,65,False,False,
2022-06-07,SP500,inflation,1,1.0,0.0,125,0.0,1.0,124,False,False,
2022-06-07,SP500,inflation,7,1.0,0.0,125,0.0,1.0,118,False,False,
2022-06-07,SP500,inflation,14,1.0,0.0,125,0.0,1.0,111,False,False,
2022-06-07,SP500,inflation,30,1.0,0.0,125,0.0,1.0,95,False,False,
2022-06-07,SP500,inflation,60,1.0,0.0,125,0.0,1.0,65,False,False,
2022-06-07,SP500,banking,1,1.0,0.0,125,0.0,1.0,124,False,False,
2022-06-07,SP500,banking,7,1.0,0.0,125,0.0,1.0,118,False,False,
2022-06-07,SP500,banking,14,1.0,0.0,125,0.0,1.0,111,False,False,
2022-06-07,SP500,banking,30,1.0,0.0,125,0.0,1.0,95,False,False,
2022-06-07,SP500,banking,60,1.0,0.0,125,0.0,1.0,65,False,False,
2022-06-07,SP500,gold,1,1.0,0.0,125,0.0,1.0,124,False,False,
2022-06-07,SP500,gold,7,1.0,0.0,125,0.0,1.0,118,False,False,
2022-06-07,SP500,gold,14,1.0,0.0,125,0.0,1.0,111,False,False,
2022-06-07,SP500,gold,30,1.0,0.0,125,0.0,1.0,95,False,False,
2022-06-07,SP500,gold,60,1.0,0.0,125,0.0,1.0,65,False,False,
2022-06-07,MSCI_WORLD,oil,1,1.0,0.0,125,0.0,1.0,124,False,False,
2022-06-07,MSCI_WORLD,oil,7,1.0,0.0,125,0.0,1.0,118,False,False,
2022-06-07,MSCI_WORLD,oil,14,1.0,0.0,125,0.0,1.0,111,False,False,
2022-06-07,MSCI_WORLD,oil,30,1.0,0.0,125,0.0,1.0,95,False,False,
2022-06-07,MSCI_WORLD,oil,60,1.0,0.0,125,0.0,1.0,65,False,False,
2022-06-07,MSCI_WORLD,rate,1,1.0,0.0,125,0.0,1.0,124,False,False,
2022-06-07,MSCI_WORLD,rate,7,1.0,0.0,125,0.0,1.0,118,False,False,
2022-06-07,MSCI_WORLD,rate,14,1.0,0.0,125,0.0,1.0,111,False,False,
2022-06-07,MSCI_WORLD,rate,30,1.0,0.0,125,0.0,1.0,95,False,False,
2022-06-07,MSCI_WORLD,rate,60,1.0,0.0,125,0.0,1.0,65,False,False,
2022-06-07,MSCI_WORLD,ruble,1,1.0,0.0,125,0.0,1.0,124,False,False,
2022-06-07,MSCI_WORLD,ruble,7,1.0,0.0,125,0.0,1.0,118,False,False,
2022-06-07,MSCI_WORLD,ruble,14,1.0,0.0,125,0.0,1.0,111,False,False,
2022-06-07,MSCI_WORLD,ruble,30,1.0,0.0,125,0.0,1.0,95,False,False,
2022-06-07,MSCI_WORLD,ruble,60,1.0,0.0,125,0.0,1.0,65,False,False,
2022-06-07,MSCI_WORLD,sanctions,1,1.0,0.0,125,0.0,1.0,124,False,False,
2022-06-07,MSCI_WORLD,sanctions,7,1.0,0.0,125,0.0,1.0,118,False,False,
2022-06-07,MSCI_WORLD,sanctions,14,1.0,0.0,125,0.0,1.0,111,False,False,
2022-06-07,MSCI_WORLD,sanctions,30,1.0,0.0,125,0.0,1.0,95,False,False,
2022-06-07,MSCI_WORLD,sanctions,60,1.0,0.0,125,0.0,1.0,65,False,False,
2022-06-07,MSCI_WORLD,inflation,1,1.0,0.0,125,0.0,1.0,124,False,False,
2022-06-07,MSCI_WORLD,inflation,7,1.0,0.0,125,0.0,1.0,118,False,False,
2022-06-07,MSCI_WORLD,inflation,14,1.0,0.0,125,0.0,1.0,111,False,False,
2022-06-07,MSCI_WORLD,inflation,30,1.0,0.0,125,0.0,1.0,95,False,False,
2022-06-07,MSCI_WORLD,inflation,60,1.0,0.0,125,0.0,1.0,65,False,False,
2022-06-07,MSCI_WORLD,banking,1,1.0,0.0,125,0.0,1.0,124,False,False,
2022-06-07,MSCI_WORLD,banking,7,1.0,0.0,125,0.0,1.0,118,False,False,
2022-06-07,MSCI_WORLD,banking,14,1.0,0.0,125,0.0,1.0,111,False,False,
2022-06-07,MSCI_WORLD,banking,30,1.0,0.0,125,0.0,1.0,95,False,False,
2022-06-07,MSCI_WORLD,banking,60,1.0,0.0,125,0.0,1.0,65,False,False,
2022-06-07,MSCI_WORLD,gold,1,1.0,0.0,125,0.0,1.0,124,False,False,
2022-06-07,MSCI_WORLD,gold,7,1.0,0.0,125,0.0,1.0,118,False,False,
2022-06-07,MSCI_WORLD,gold,14,1.0,0.0,125,0.0,1.0,111,False,False,
2022-06-07,MSCI_WORLD,gold,30,1.0,0.0,125,0.0,1.0,95,False,False,
2022-06-07,MSCI_WORLD,gold,60,1.0,0.0,125,0.0,1.0,65,False,False,
2022-06-07,DXY,oil,1,1.0,0.0,125,0.0,1.0,124,False,False,
2022-06-07,DXY,oil,7,1.0,0.0,125,0.0,1.0,118,False,False,
2022-06-07,DXY,oil,14,1.0,0.0,125,0.0,1.0,111,False,False,
2022-06-07,DXY,oil,30,1.0,0.0,125,0.0,1.0,95,False,False,
2022-06-07,DXY,oil,60,1.0,0.0,125,0.0,1.0,65,False,False,
2022-06-07,DXY,rate,1,1.0,0.0,125,0.0,1.0,124,False,False,
2022-06-07,DXY,rate,7,1.0,0.0,125,0.0,1.0,118,False,False,
2022-06-07,DXY,rate,14,1.0,0.0,125,0.0,1.0,111,False,False,
2022-06-07,DXY,rate,30,1.0,0.0,125,0.0,1.0,95,False,False,
2022-06-07,DXY,rate,60,1.0,0.0,125,0.0,1.0,65,False,False,
2022-06-07,DXY,ruble,1,1.0,0.0,125,0.0,1.0,124,False,False,
2022-06-07,DXY,ruble,7,1.0,0.0,125,0.0,1.0,118,False,False,
2022-06-07,DXY,ruble,14,1.0,0.0,125,0.0,1.0,111,False,False,
2022-06-07,DXY,ruble,30,1.0,0.0,125,0.0,1.0,95,False,False,
2022-06-07,DXY,ruble,60,1.0,0.0,125,0.0,1.0,65,False,False,
2022-06-07,DXY,sanctions,1,1.0,0.0,125,0.0,1.0,124,False,False,
2022-06-07,DXY,sanctions,7,1.0,0.0,125,0.0,1.0,118,False,False,
2022-06-07,DXY,sanctions,14,1.0,0.0,125,0.0,1.0,111,False,False,
2022-06-07,DXY,sanctions,30,1.0,0.0,125,0.0,1.0,95,False,False,
2022-06-07,DXY,sanctions,60,1.0,0.0,125,0.0,1.0,65,False,False,
2022-06-07,DXY,inflation,1,1.0,0.0,125,0.0,1.0,124,False,False,
2022-06-07,DXY,inflation,7,1.0,0.0,125,0.0,1.0,118,False,False,
2022-06-07,DXY,inflation,14,1.0,0.0,125,0.0,1.0,111,False,False,
2022-06-07,DXY,inflation,30,1.0,0.0,125,0.0,1.0,95,False,False,
2022-06-07,DXY,inflation,60,1.0,0.0,125,0.0,1.0,65,False,False,
2022-06-07,DXY,banking,1,1.0,0.0,125,0.0,1.0,124,False,False,
2022-06-07,DXY,banking,7,1.0,0.0,125,0.0,1.0,118,False,False,
2022-06-07,DXY,banking,14,1.0,0.0,125,0.0,1.0,111,False,False,
2022-06-07,DXY,banking,30,1.0,0.0,125,0.0,1.0,95,False,False,
2022-06-07,DXY,banking,60,1.0,0.0,125,0.0,1.0,65,False,False,
2022-06-07,DXY,gold,1,1.0,0.0,125,0.0,1.0,124,False,False,
2022-06-07,DXY,gold,7,1.0,0.0,125,0.0,1.0,118,False,False,
2022-06-07,DXY,gold,14,1.0,0.0,125,0.0,1.0,111,False,False,
2022-06-07,DXY,gold,30,1.0,0.0,125,0.0,1.0,95,False,False,
2022-06-07,DXY,gold,60,1.0,0.0,125,0.0,1.0,65,False,False,
2022-06-07,MSCI_INDIA,oil,1,1.0,0.0,125,0.0,1.0,124,False,False,
2022-06-07,MSCI_INDIA,oil,7,1.0,0.0,125,0.0,1.0,118,False,False,
2022-06-07,MSCI_INDIA,oil,14,1.0,0.0,125,0.0,1.0,111,False,False,
2022-06-07,MSCI_INDIA,oil,30,1.0,0.0,125,0.0,1.0,95,False,False,
2022-06-07,MSCI_INDIA,oil,60,1.0,0.0,125,0.0,1.0,65,False,False,
2022-06-07,MSCI_INDIA,rate,1,1.0,0.0,125,0.0,1.0,124,False,False,
2022-06-07,MSCI_INDIA,rate,7,1.0,0.0,125,0.0,1.0,118,False,False,
2022-06-07,MSCI_INDIA,rate,14,1.0,0.0,125,0.0,1.0,111,False,False,
2022-06-07,MSCI_INDIA,rate,30,1.0,0.0,125,0.0,1.0,95,False,False,
2022-06-07,MSCI_INDIA,rate,60,1.0,0.0,125,0.0,1.0,65,False,False,
2022-06-07,MSCI_INDIA,ruble,1,1.0,0.0,125,0.0,1.0,124,False,False,
2022-06-07,MSCI_INDIA,ruble,7,1.0,0.0,125,0.0,1.0,118,False,False,
2022-06-07,MSCI_INDIA,ruble,14,1.0,0.0,125,0.0,1.0,111,False,False,
2022-06-07,MSCI_INDIA,ruble,30,1.0,0.0,125,0.0,1.0,95,False,False,
2022-06-07,MSCI_INDIA,ruble,60,1.0,0.0,125,0.0,1.0,65,False,False,
2022-06-07,MSCI_INDIA,sanctions,1,1.0,0.0,125,0.0,1.0,124,False,False,
2022-06-07,MSCI_INDIA,sanctions,7,1.0,0.0,125,0.0,1.0,118,False,False,
2022-06-07,MSCI_INDIA,sanctions,14,1.0,0.0,125,0.0,1.0,111,False,False,
2022-06-07,MSCI_INDIA,sanctions,30,1.0,0.0,125,0.0,1.0,95,False,False,
2022-06-07,MSCI_INDIA,sanctions,60,1.0,0.0,125,0.0,1.0,65,False,False,
2022-06-07,MSCI_INDIA,inflation,1,1.0,0.0,125,0.0,1.0,124,False,False,
2022-06-07,MSCI_INDIA,inflation,7,1.0,0.0,125,0.0,1.0,118,False,False,
2022-06-07,MSCI_INDIA,inflation,14,1.0,0.0,125,0.0,1.0,111,False,False,
2022-06-07,MSCI_INDIA,inflation,30,1.0,0.0,125,0.0,1.0,95,False,False,
2022-06-07,MSCI_INDIA,inflation,60,1.0,0.0,125,0.0,1.0,65,False,False,
2022-06-07,MSCI_INDIA,banking,1,1.0,0.0,125,0.0,1.0,124,False,False,
2022-06-07,MSCI_INDIA,banking,7,1.0,0.0,125,0.0,1.0,118,False,False,
2022-06-07,MSCI_INDIA,banking,14,1.0,0.0,125,0.0,1.0,111,False,False,
2022-06-07,MSCI_INDIA,banking,30,1.0,0.0,125,0.0,1.0,95,False,False,
2022-06-07,MSCI_INDIA,banking,60,1.0,0.0,125,0.0,1.0,65,False,False,
2022-06-07,MSCI_INDIA,gold,1,1.0,0.0,125,0.0,1.0,124,False,False,
2022-06-07,MSCI_INDIA,gold,7,1.0,0.0,125,0.0,1.0,118,False,False,
2022-06-07,MSCI_INDIA,gold,14,1.0,0.0,125,0.0,1.0,111,False,False,
2022-06-07,MSCI_INDIA,gold,30,1.0,0.0,125,0.0,1.0,95,False,False,
2022-06-07,MSCI_INDIA,gold,60,1.0,0.0,125,0.0,1.0,65,False,False,
2022-06-10,USD_RUB,oil,1,1.0,0.0,125,0.0,1.0,124,False,False,
2022-06-10,USD_RUB,oil,7,1.0,0.0,125,0.0,1.0,118,False,False,
2022-06-10,USD_RUB,oil,14,1.0,0.0,125,0.0,1.0,111,False,False,
2022-06-10,USD_RUB,oil,30,1.0,0.0,125,0.0,1.0,95,False,False,
2022-06-10,USD_RUB,oil,60,1.0,0.0,125,0.0,1.0,65,False,False,
2022-06-10,USD_RUB,rate,1,1.0,0.0,125,0.0,1.0,124,False,False,
2022-06-10,USD_RUB,rate,7,1.0,0.0,125,0.0,1.0,118,False,False,
2022-06-10,USD_RUB,rate,14,1.0,0.0,125,0.0,1.0,111,False,False,
2022-06-10,USD_RUB,rate,30,1.0,0.0,125,0.0,1.0,95,False,False,
2022-06-10,USD_RUB,rate,60,1.0,0.0,125,0.0,1.0,65,False,False,
2022-06-10,USD_RUB,ruble,1,1.0,0.0,125,0.0,1.0,124,False,False,
2022-06-10,USD_RUB,ruble,7,1.0,0.0,125,0.0,1.0,118,False,False,
2022-06-10,USD_RUB,ruble,14,1.0,0.0,125,0.0,1.0,111,False,False,
2022-06-10,USD_RUB,ruble,30,1.0,0.0,125,0.0,1.0,95,False,False,
2022-06-10,USD_RUB,ruble,60,1.0,0.0,125,0.0,1.0,65,False,False,
2022-06-10,USD_RUB,sanctions,1,1.0,0.0,125,0.0,1.0,124,False,False,
2022-06-10,USD_RUB,sanctions,7,1.0,0.0,125,0.0,1.0,118,False,False,
2022-06-10,USD_RUB,sanctions,14,1.0,0.0,125,0.0,1.0,111,False,False,
2022-06-10,USD_RUB,sanctions,30,1.0,0.0,125,0.0,1.0,95,False,False,
2022-06-10,USD_RUB,sanctions,60,1.0,0.0,125,0.0,1.0,65,False,False,
2022-06-10,USD_RUB,inflation,1,1.0,0.0,125,0.0,1.0,124,False,False,
2022-06-10,USD_RUB,inflation,7,1.0,0.0,125,0.0,1.0,118,False,False,
2022-06-10,USD_RUB,inflation,14,1.0,0.0,125,0.0,1.0,111,False,False,
2022-06-10,USD_RUB,inflation,30,1.0,0.0,125,0.0,1.0,95,False,False,
2022-06-10,USD_RUB,inflation,60,1.0,0.0,125,0.0,1.0,65,False,False,
2022-06-10,USD_RUB,banking,1,1.0,0.0,125,0.0,1.0,124,False,False,
2022-06-10,USD_RUB,banking,7,1.0,0.0,125,0.0,1.0,118,False,False,
2022-06-10,USD_RUB,banking,14,1.0,0.0,125,0.0,1.0,111,False,False,
2022-06-10,USD_RUB,banking,30,1.0,0.0,125,0.0,1.0,95,False,False,
2022-06-10,USD_RUB,banking,60,1.0,0.0,125,0.0,1.0,65,False,False,
2022-06-10,USD_RUB,gold,1,1.0,0.0,125,0.0,1.0,124,False,False,
2022-06-10,USD_RUB,gold,7,1.0,0.0,125,0.0,1.0,118,False,False,
2022-06-10,USD_RUB,gold,14,1.0,0.0,125,0.0,1.0,111,False,False,
2022-06-10,USD_RUB,gold,30,1.0,0.0,125,0.0,1.0,95,False,False,
2022-06-10,USD_RUB,gold,60,1.0,0.0,125,0.0,1.0,65,False,False,
2022-06-10,EUR_RUB,oil,1,1.0,0.0,125,0.0,1.0,124,False,False,
2022-06-10,EUR_RUB,oil,7,1.0,0.0,125,0.0,1.0,118,False,False,
2022-06-10,EUR_RUB,oil,14,1.0,0.0,125,0.0,1.0,111,False,False,
2022-06-10,EUR_RUB,oil,30,1.0,0.0,125,0.0,1.0,95,False,False,
2022-06-10,EUR_RUB,oil,60,1.0,0.0,125,0.0,1.0,65,False,False,
2022-06-10,EUR_RUB,rate,1,1.0,0.0,125,0.0,1.0,124,False,False,
2022-06-10,EUR_RUB,rate,7,1.0,0.0,125,0.0,1.0,118,False,False,
2022-06-10,EUR_RUB,rate,14,1.0,0.0,125,0.0,1.0,111,False,False,
2022-06-10,EUR_RUB,rate,30,1.0,0.0,125,0.0,1.0,95,False,False,
2022-06-10,EUR_RUB,rate,60,1.0,0.0,125,0.0,1.0,65,False,False,
2022-06-10,EUR_RUB,ruble,1,1.0,0.0,125,0.0,1.0,124,False,False,
2022-06-10,EUR_RUB,ruble,7,1.0,0.0,125,0.0,1.0,118,False,False,
2022-06-10,EUR_RUB,ruble,14,1.0,0.0,125,0.0,1.0,111,False,False,
2022-06-10,EUR_RUB,ruble,30,1.0,0.0,125,0.0,1.0,95,False,False,
2022-06-10,EUR_RUB,ruble,60,1.0,0.0,125,0.0,1.0,65,False,False,
2022-06-10,EUR_RUB,sanctions,1,1.0,0.0,125,0.0,1.0,124,False,False,
2022-06-10,EUR_RUB,sanctions,7,1.0,0.0,125,0.0,1.0,118,False,False,
2022-06-10,EUR_RUB,sanctions,14,1.0,0.0,125,0.0,1.0,111,False,False,
2022-06-10,EUR_RUB,sanctions,30,1.0,0.0,125,0.0,1.0,95,False,False,
2022-06-10,EUR_RUB,sanctions,60,1.0,0.0,125,0.0,1.0,65,False,False,
2022-06-10,EUR_RUB,inflation,1,1.0,0.0,125,0.0,1.0,124,False,False,
2022-06-10,EUR_RUB,inflation,7,1.0,0.0,125,0.0,1.0,118,False,False,
2022-06-10,EUR_RUB,inflation,14,1.0,0.0,125,0.0,1.0,111,False,False,
2022-06-10,EUR_RUB,inflation,30,1.0,0.0,125,0.0,1.0,95,False,False,
2022-06-10,EUR_RUB,inflation,60,1.0,0.0,125,0.0,1.0,65,False,False,
2022-06-10,EUR_RUB,banking,1,1.0,0.0,125,0.0,1.0,124,False,False,
2022-06-10,EUR_RUB,banking,7,1.0,0.0,125,0.0,1.0,118,False,False,
2022-06-10,EUR_RUB,banking,14,1.0,0.0,125,0.0,1.0,111,False,False,
2022-06-10,EUR_RUB,banking,30,1.0,0.0,125,0.0,1.0,95,False,False,
2022-06-10,EUR_RUB,banking,60,1.0,0.0,125,0.0,1.0,65,False,False,
2022-06-10,EUR_RUB,gold,1,1.0,0.0,125,0.0,1.0,124,False,False,
2022-06-10,EUR_RUB,gold,7,1.0,0.0,125,0.0,1.0,118,False,False,
2022-06-10,EUR_RUB,gold,14,1.0,0.0,125,0.0,1.0,111,False,False,
2022-06-10,EUR_RUB,gold,30,1.0,0.0,125,0.0,1.0,95,False,False,
2022-06-10,EUR_RUB,gold,60,1.0,0.0,125,0.0,1.0,65,False,False,
2022-06-10,BRENT,oil,1,1.0,0.0,125,0.0,1.0,124,False,False,
2022-06-10,BRENT,oil,7,1.0,0.0,125,0.0,1.0,118,False,False,
2022-06-10,BRENT,oil,14,1.0,0.0,125,0.0,1.0,111,False,False,
2022-06-10,BRENT,oil,30,1.0,0.0,125,0.0,1.0,95,False,False,
2022-06-10,BRENT,oil,60,1.0,0.0,125,0.0,1.0,65,False,False,
2022-06-10,BRENT,rate,1,1.0,0.0,125,0.0,1.0,124,False,False,
2022-06-10,BRENT,rate,7,1.0,0.0,125,0.0,1.0,118,False,False,
2022-06-10,BRENT,rate,14,1.0,0.0,125,0.0,1.0,111,False,False,
2022-06-10,BRENT,rate,30,1.0,0.0,125,0.0,1.0,95,False,False,
2022-06-10,BRENT,rate,60,1.0,0.0,125,0.0,1.0,65,False,False,
2022-06-10,BRENT,ruble,1,1.0,0.0,125,0.0,1.0,124,False,False,
2022-06-10,BRENT,ruble,7,1.0,0.0,125,0.0,1.0,118,False,False,
2022-06-10,BRENT,ruble,14,1.0,0.0,125,0.0,1.0,111,False,False,
2022-06-10,BRENT,ruble,30,1.0,0.0,125,0.0,1.0,95,False,False,
2022-06-10,BRENT,ruble,60,1.0,0.0,125,0.0,1.0,65,False,False,
2022-06-10,BRENT,sanctions,1,1.0,0.0,125,0.0,1.0,124,False,False,
2022-06-10,BRENT,sanctions,7,1.0,0.0,125,0.0,1.0,118,False,False,
2022-06-10,BRENT,sanctions,14,1.0,0.0,125,0.0,1.0,111,False,False,
2022-06-10,BRENT,sanctions,30,1.0,0.0,125,0.0,1.0,95,False,False,
2022-06-10,BRENT,sanctions,60,1.0,0.0,125,0.0,1.0,65,False,False,
2022-06-10,BRENT,inflation,1,1.0,0.0,125,0.0,1.0,124,False,False,
2022-06-10,BRENT,inflation,7,1.0,0.0,125,0.0,1.0,118,False,False,
2022-06-10,BRENT,inflation,14,1.0,0.0,125,0.0,1.0,111,False,False,
2022-06-10,BRENT,inflation,30,1.0,0.0,125,0.0,1.0,95,False,False,
2022-06-10,BRENT,inflation,60,1.0,0.0,125,0.0,1.0,65,False,False,
2022-06-10,BRENT,banking,1,1.0,0.0,125,0.0,1.0,124,False,False,
2022-06-10,BRENT,banking,7,1.0,0.0,125,0.0,1.0,118,False,False,
2022-06-10,BRENT,banking,14,1.0,0.0,125,0.0,1.0,111,False,False,
2022-06-10,BRENT,banking,30,1.0,0.0,125,0.0,1.0,95,False,False,
2022-06-10,BRENT,banking,60,1.0,0.0,125,0.0,1.0,65,False,False,
2022-06-10,BRENT,gold,1,1.0,0.0,125,0.0,1.0,124,False,False,
2022-06-10,BRENT,gold,7,1.0,0.0,125,0.0,1.0,118,False,False,
2022-06-10,BRENT,gold,14,1.0,0.0,125,0.0,1.0,111,False,False,
2022-06-10,BRENT,gold,30,1.0,0.0,125,0.0,1.0,95,False,False,
2022-06-10,BRENT,gold,60,1.0,0.0,125,0.0,1.0,65,False,False,
2022-06-10,SP500,oil,1,1.0,0.0,125,0.0,1.0,124,False,False,
2022-06-10,SP500,oil,7,1.0,0.0,125,0.0,1.0,118,False,False,
2022-06-10,SP500,oil,14,1.0,0.0,125,0.0,1.0,111,False,False,
2022-06-10,SP500,oil,30,1.0,0.0,125,0.0,1.0,95,False,False,
2022-06-10,SP500,oil,60,1.0,0.0,125,0.0,1.0,65,False,False,
2022-06-10,SP500,rate,1,1.0,0.0,125,0.0,1.0,124,False,False,
2022-06-10,SP500,rate,7,1.0,0.0,125,0.0,1.0,118,False,False,
2022-06-10,SP500,rate,14,1.0,0.0,125,0.0,1.0,111,False,False,
2022-06-10,SP500,rate,30,1.0,0.0,125,0.0,1.0,95,False,False,
2022-06-10,SP500,rate,60,1.0,0.0,125,0.0,1.0,65,False,False,
2022-06-10,SP500,ruble,1,1.0,0.0,125,0.0,1.0,124,False,False,
2022-06-10,SP500,ruble,7,1.0,0.0,125,0.0,1.0,118,False,False,
2022-06-10,SP500,ruble,14,1.0,0.0,125,0.0,1.0,111,False,False,
2022-06-10,SP500,ruble,30,1.0,0.0,125,0.0,1.0,95,False,False,
2022-06-10,SP500,ruble,60,1.0,0.0,125,0.0,1.0,65,False,False,
2022-06-10,SP500,sanctions,1,1.0,0.0,125,0.0,1.0,124,False,False,
2022-06-10,SP500,sanctions,7,1.0,0.0,125,0.0,1.0,118,False,False,
2022-06-10,SP500,sanctions,14,1.0,0.0,125,0.0,1.0,111,False,False,
2022-06-10,SP500,sanctions,30,1.0,0.0,125,0.0,1.0,95,False,False,
2022-06-10,SP500,sanctions,60,1.0,0.0,125,0.0,1.0,65,False,False,
2022-06-10,SP500,inflation,1,1.0,0.0,125,0.0,1.0,124,False,False,
2022-06-10,SP500,inflation,7,1.0,0.0,125,0.0,1.0,118,False,False,
2022-06-10,SP500,inflation,14,1.0,0.0,125,0.0,1.0,111,False,False,
2022-06-10,SP500,inflation,30,1.0,0.0,125,0.0,1.0,95,False,False,
2022-06-10,SP500,inflation,60,1.0,0.0,125,0.0,1.0,65,False,False,
2022-06-10,SP500,banking,1,1.0,0.0,125,0.0,1.0,124,False,False,
2022-06-10,SP500,banking,7,1.0,0.0,125,0.0,1.0,118,False,False,
2022-06-10,SP500,banking,14,1.0,0.0,125,0.0,1.0,111,False,False,
2022-06-10,SP500,banking,30,1.0,0.0,125,0.0,1.0,95,False,False,
2022-06-10,SP500,banking,60,1.0,0.0,125,0.0,1.0,65,False,False,
2022-06-10,SP500,gold,1,1.0,0.0,125,0.0,1.0,124,False,False,
2022-06-10,SP500,gold,7,1.0,0.0,125,0.0,1.0,118,False,False,
2022-06-10,SP500,gold,14,1.0,0.0,125,0.0,1.0,111,False,False,
2022-06-10,SP500,gold,30,1.0,0.0,125,0.0,1.0,95,False,False,
2022-06-10,SP500,gold,60,1.0,0.0,125,0.0,1.0,65,False,False,
2022-06-10,MSCI_WORLD,oil,1,1.0,0.0,125,0.0,1.0,124,False,False,
2022-06-10,MSCI_WORLD,oil,7,1.0,0.0,125,0.0,1.0,118,False,False,
2022-06-10,MSCI_WORLD,oil,14,1.0,0.0,125,0.0,1.0,111,False,False,
2022-06-10,MSCI_WORLD,oil,30,1.0,0.0,125,0.0,1.0,95,False,False,
2022-06-10,MSCI_WORLD,oil,60,1.0,0.0,125,0.0,1.0,65,False,False,
2022-06-10,MSCI_WORLD,rate,1,1.0,0.0,125,0.0,1.0,124,False,False,
2022-06-10,MSCI_WORLD,rate,7,1.0,0.0,125,0.0,1.0,118,False,False,
2022-06-10,MSCI_WORLD,rate,14,1.0,0.0,125,0.0,1.0,111,False,False,
2022-06-10,MSCI_WORLD,rate,30,1.0,0.0,125,0.0,1.0,95,False,False,
2022-06-10,MSCI_WORLD,rate,60,1.0,0.0,125,0.0,1.0,65,False,False,
2022-06-10,MSCI_WORLD,ruble,1,1.0,0.0,125,0.0,1.0,124,False,False,
2022-06-10,MSCI_WORLD,ruble,7,1.0,0.0,125,0.0,1.0,118,False,False,
2022-06-10,MSCI_WORLD,ruble,14,1.0,0.0,125,0.0,1.0,111,False,False,
2022-06-10,MSCI_WORLD,ruble,30,1.0,0.0,125,0.0,1.0,95,False,False,
2022-06-10,MSCI_WORLD,ruble,60,1.0,0.0,125,0.0,1.0,65,False,False,
2022-06-10,MSCI_WORLD,sanctions,1,1.0,0.0,125,0.0,1.0,124,False,False,
2022-06-10,MSCI_WORLD,sanctions,7,1.0,0.0,125,0.0,1.0,118,False,False,
2022-06-10,MSCI_WORLD,sanctions,14,1.0,0.0,125,0.0,1.0,111,False,False,
2022-06-10,MSCI_WORLD,sanctions,30,1.0,0.0,125,0.0,1.0,95,False,False,
2022-06-10,MSCI_WORLD,sanctions,60,1.0,0.0,125,0.0,1.0,65,False,False,
2022-06-10,MSCI_WORLD,inflation,1,1.0,0.0,125,0.0,1.0,124,False,False,
2022-06-10,MSCI_WORLD,inflation,7,1.0,0.0,125,0.0,1.0,118,False,False,
2022-06-10,MSCI_WORLD,inflation,14,1.0,0.0,125,0.0,1.0,111,False,False,
2022-06-10,MSCI_WORLD,inflation,30,1.0,0.0,125,0.0,1.0,95,False,False,
2022-06-10,MSCI_WORLD,inflation,60,1.0,0.0,125,0.0,1.0,65,False,False,
2022-06-10,MSCI_WORLD,banking,1,1.0,0.0,125,0.0,1.0,124,False,False,
2022-06-10,MSCI_WORLD,banking,7,1.0,0.0,125,0.0,1.0,118,False,False,
2022-06-10,MSCI_WORLD,banking,14,1.0,0.0,125,0.0,1.0,111,False,False,
2022-06-10,MSCI_WORLD,banking,30,1.0,0.0,125,0.0,1.0,95,False,False,
2022-06-10,MSCI_WORLD,banking,60,1.0,0.0,125,0.0,1.0,65,False,False,
2022-06-10,MSCI_WORLD,gold,1,1.0,0.0,125,0.0,1.0,124,False,False,
2022-06-10,MSCI_WORLD,gold,7,1.0,0.0,125,0.0,1.0,118,False,False,
2022-06-10,MSCI_WORLD,gold,14,1.0,0.0,125,0.0,1.0,111,False,False,
2022-06-10,MSCI_WORLD,gold,30,1.0,0.0,125,0.0,1.0,95,False,False,
2022-06-10,MSCI_WORLD,gold,60,1.0,0.0,125,0.0,1.0,65,False,False,
2022-06-10,DXY,oil,1,1.0,0.0,125,0.0,1.0,124,False,False,
2022-06-10,DXY,oil,7,1.0,0.0,125,0.0,1.0,118,False,False,
2022-06-10,DXY,oil,14,1.0,0.0,125,0.0,1.0,111,False,False,
2022-06-10,DXY,oil,30,1.0,0.0,125,0.0,1.0,95,False,False,
2022-06-10,DXY,oil,60,1.0,0.0,125,0.0,1.0,65,False,False,
2022-06-10,DXY,rate,1,1.0,0.0,125,0.0,1.0,124,False,False,
2022-06-10,DXY,rate,7,1.0,0.0,125,0.0,1.0,118,False,False,
2022-06-10,DXY,rate,14,1.0,0.0,125,0.0,1.0,111,False,False,
2022-06-10,DXY,rate,30,1.0,0.0,125,0.0,1.0,95,False,False,
2022-06-10,DXY,rate,60,1.0,0.0,125,0.0,1.0,65,False,False,
2022-06-10,DXY,ruble,1,1.0,0.0,125,0.0,1.0,124,False,False,
2022-06-10,DXY,ruble,7,1.0,0.0,125,0.0,1.0,118,False,False,
2022-06-10,DXY,ruble,14,1.0,0.0,125,0.0,1.0,111,False,False,
2022-06-10,DXY,ruble,30,1.0,0.0,125,0.0,1.0,95,False,False,
2022-06-10,DXY,ruble,60,1.0,0.0,125,0.0,1.0,65,False,False,
2022-06-10,DXY,sanctions,1,1.0,0.0,125,0.0,1.0,124,False,False,
2022-06-10,DXY,sanctions,7,1.0,0.0,125,0.0,1.0,118,False,False,
2022-06-10,DXY,sanctions,14,1.0,0.0,125,0.0,1.0,111,False,False,
2022-06-10,DXY,sanctions,30,1.0,0.0,125,0.0,1.0,95,False,False,
2022-06-10,DXY,sanctions,60,1.0,0.0,125,0.0,1.0,65,False,False,
2022-06-10,DXY,inflation,1,1.0,0.0,125,0.0,1.0,124,False,False,
2022-06-10,DXY,inflation,7,1.0,0.0,125,0.0,1.0,118,False,False,
2022-06-10,DXY,inflation,14,1.0,0.0,125,0.0,1.0,111,False,False,
2022-06-10,DXY,inflation,30,1.0,0.0,125,0.0,1.0,95,False,False,
2022-06-10,DXY,inflation,60,1.0,0.0,125,0.0,1.0,65,False,False,
2022-06-10,DXY,banking,1,1.0,0.0,125,0.0,1.0,124,False,False,
2022-06-10,DXY,banking,7,1.0,0.0,125,0.0,1.0,118,False,False,
2022-06-10,DXY,banking,14,1.0,0.0,125,0.0,1.0,111,False,False,
2022-06-10,DXY,banking,30,1.0,0.0,125,0.0,1.0,95,False,False,
2022-06-10,DXY,banking,60,1.0,0.0,125,0.0,1.0,65,False,False,
2022-06-10,DXY,gold,1,1.0,0.0,125,0.0,1.0,124,False,False,
2022-06-10,DXY,gold,7,1.0,0.0,125,0.0,1.0,118,False,False,
2022-06-10,DXY,gold,14,1.0,0.0,125,0.0,1.0,111,False,False,
2022-06-10,DXY,gold,30,1.0,0.0,125,0.0,1.0,95,False,False,
2022-06-10,DXY,gold,60,1.0,0.0,125,0.0,1.0,65,False,False,
2022-06-10,MSCI_INDIA,oil,1,1.0,0.0,125,0.0,1.0,124,False,False,
2022-06-10,MSCI_INDIA,oil,7,1.0,0.0,125,0.0,1.0,118,False,False,
2022-06-10,MSCI_INDIA,oil,14,1.0,0.0,125,0.0,1.0,111,False,False,
2022-06-10,MSCI_INDIA,oil,30,1.0,0.0,125,0.0,1.0,95,False,False,
2022-06-10,MSCI_INDIA,oil,60,1.0,0.0,125,0.0,1.0,65,False,False,
2022-06-10,MSCI_INDIA,rate,1,1.0,0.0,125,0.0,1.0,124,False,False,
2022-06-10,MSCI_INDIA,rate,7,1.0,0.0,125,0.0,1.0,118,False,False,
2022-06-10,MSCI_INDIA,rate,14,1.0,0.0,125,0.0,1.0,111,False,False,
2022-06-10,MSCI_INDIA,rate,30,1.0,0.0,125,0.0,1.0,95,False,False,
2022-06-10,MSCI_INDIA,rate,60,1.0,0.0,125,0.0,1.0,65,False,False,
2022-06-10,MSCI_INDIA,ruble,1,1.0,0.0,125,0.0,1.0,124,False,False,
2022-06-10,MSCI_INDIA,ruble,7,1.0,0.0,125,0.0,1.0,118,False,False,
2022-06-10,MSCI_INDIA,ruble,14,1.0,0.0,125,0.0,1.0,111,False,False,
2022-06-10,MSCI_INDIA,ruble,30,1.0,0.0,125,0.0,1.0,95,False,False,
2022-06-10,MSCI_INDIA,ruble,60,1.0,0.0,125,0.0,1.0,65,False,False,
2022-06-10,MSCI_INDIA,sanctions,1,1.0,0.0,125,0.0,1.0,124,False,False,
2022-06-10,MSCI_INDIA,sanctions,7,1.0,0.0,125,0.0,1.0,118,False,False,
2022-06-10,MSCI_INDIA,sanctions,14,1.0,0.0,125,0.0,1.0,111,False,False,
2022-06-10,MSCI_INDIA,sanctions,30,1.0,0.0,125,0.0,1.0,95,False,False,
2022-06-10,MSCI_INDIA,sanctions,60,1.0,0.0,125,0.0,1.0,65,False,False,
2022-06-10,MSCI_INDIA,inflation,1,1.0,0.0,125,0.0,1.0,124,False,False,
2022-06-10,MSCI_INDIA,inflation,7,1.0,0.0,125,0.0,1.0,118,False,False,
2022-06-10,MSCI_INDIA,inflation,14,1.0,0.0,125,0.0,1.0,111,False,False,
2022-06-10,MSCI_INDIA,inflation,30,1.0,0.0,125,0.0,1.0,95,False,False,
2022-06-10,MSCI_INDIA,inflation,60,1.0,0.0,125,0.0,1.0,65,False,False,
2022-06-10,MSCI_INDIA,banking,1,1.0,0.0,125,0.0,1.0,124,False,False,
2022-06-10,MSCI_INDIA,banking,7,1.0,0.0,125,0.0,1.0,118,False,False,
2022-06-10,MSCI_INDIA,banking,14,1.0,0.0,125,0.0,1.0,111,False,False,
2022-06-10,MSCI_INDIA,banking,30,1.0,0.0,125,0.0,1.0,95,False,False,
2022-06-10,MSCI_INDIA,banking,60,1.0,0.0,125,0.0,1.0,65,False,False,
2022-06-10,MSCI_INDIA,gold,1,1.0,0.0,125,0.0,1.0,124,False,False,
2022-06-10,MSCI_INDIA,gold,7,1.0,0.0,125,0.0,1.0,118,False,False,
2022-06-10,MSCI_INDIA,gold,14,1.0,0.0,125,0.0,1.0,111,False,False,
2022-06-10,MSCI_INDIA,gold,30,1.0,0.0,125,0.0,1.0,95,False,False,
2022-06-10,MSCI_INDIA,gold,60,1.0,0.0,125,0.0,1.0,65,False,False,
2022-06-13,USD_RUB,oil,1,1.0,0.0,125,0.0,1.0,124,False,False,
2022-06-13,USD_RUB,oil,7,1.0,0.0,125,0.0,1.0,118,False,False,
2022-06-13,USD_RUB,oil,14,1.0,0.0,125,0.0,1.0,111,False,False,
2022-06-13,USD_RUB,oil,30,1.0,0.0,125,0.0,1.0,95,False,False,
2022-06-13,USD_RUB,oil,60,1.0,0.0,125,0.0,1.0,65,False,False,
2022-06-13,USD_RUB,rate,1,1.0,0.0,125,0.0,1.0,124,False,False,
2022-06-13,USD_RUB,rate,7,1.0,0.0,125,0.0,1.0,118,False,False,
2022-06-13,USD_RUB,rate,14,1.0,0.0,125,0.0,1.0,111,False,False,
2022-06-13,USD_RUB,rate,30,1.0,0.0,125,0.0,1.0,95,False,False,
2022-06-13,USD_RUB,rate,60,1.0,0.0,125,0.0,1.0,65,False,False,
2022-06-13,USD_RUB,ruble,1,1.0,0.0,125,0.0,1.0,124,False,False,
2022-06-13,USD_RUB,ruble,7,1.0,0.0,125,0.0,1.0,118,False,False,
2022-06-13,USD_RUB,ruble,14,1.0,0.0,125,0.0,1.0,111,False,False,
2022-06-13,USD_RUB,ruble,30,1.0,0.0,125,0.0,1.0,95,False,False,
2022-06-13,USD_RUB,ruble,60,1.0,0.0,125,0.0,1.0,65,False,False,
2022-06-13,USD_RUB,sanctions,1,1.0,0.0,125,0.0,1.0,124,False,False,
2022-06-13,USD_RUB,sanctions,7,1.0,0.0,125,0.0,1.0,118,False,False,
2022-06-13,USD_RUB,sanctions,14,1.0,0.0,125,0.0,1.0,111,False,False,
2022-06-13,USD_RUB,sanctions,30,1.0,0.0,125,0.0,1.0,95,False,False,
2022-06-13,USD_RUB,sanctions,60,1.0,0.0,125,0.0,1.0,65,False,False,
2022-06-13,USD_RUB,inflation,1,1.0,0.0,125,0.0,1.0,124,False,False,
2022-06-13,USD_RUB,inflation,7,1.0,0.0,125,0.0,1.0,118,False,False,
2022-06-13,USD_RUB,inflation,14,1.0,0.0,125,0.0,1.0,111,False,False,
2022-06-13,USD_RUB,inflation,30,1.0,0.0,125,0.0,1.0,95,False,False,
2022-06-13,USD_RUB,inflation,60,1.0,0.0,125,0.0,1.0,65,False,False,
2022-06-13,USD_RUB,banking,1,1.0,0.0,125,0.0,1.0,124,False,False,
2022-06-13,USD_RUB,banking,7,1.0,0.0,125,0.0,1.0,118,False,False,
2022-06-13,USD_RUB,banking,14,1.0,0.0,125,0.0,1.0,111,False,False,
2022-06-13,USD_RUB,banking,30,1.0,0.0,125,0.0,1.0,95,False,False,
2022-06-13,USD_RUB,banking,60,1.0,0.0,125,0.0,1.0,65,False,False,
2022-06-13,USD_RUB,gold,1,1.0,0.0,125,0.0,1.0,124,False,False,
2022-06-13,USD_RUB,gold,7,1.0,0.0,125,0.0,1.0,118,False,False,
2022-06-13,USD_RUB,gold,14,1.0,0.0,125,0.0,1.0,111,False,False,
2022-06-13,USD_RUB,gold,30,1.0,0.0,125,0.0,1.0,95,False,False,
2022-06-13,USD_RUB,gold,60,1.0,0.0,125,0.0,1.0,65,False,False,
2022-06-13,EUR_RUB,oil,1,1.0,0.0,125,0.0,1.0,124,False,False,
2022-06-13,EUR_RUB,oil,7,1.0,0.0,125,0.0,1.0,118,False,False,
2022-06-13,EUR_RUB,oil,14,1.0,0.0,125,0.0,1.0,111,False,False,
2022-06-13,EUR_RUB,oil,30,1.0,0.0,125,0.0,1.0,95,False,False,
2022-06-13,EUR_RUB,oil,60,1.0,0.0,125,0.0,1.0,65,False,False,
2022-06-13,EUR_RUB,rate,1,1.0,0.0,125,0.0,1.0,124,False,False,
2022-06-13,EUR_RUB,rate,7,1.0,0.0,125,0.0,1.0,118,False,False,
2022-06-13,EUR_RUB,rate,14,1.0,0.0,125,0.0,1.0,111,False,False,
2022-06-13,EUR_RUB,rate,30,1.0,0.0,125,0.0,1.0,95,False,False,
2022-06-13,EUR_RUB,rate,60,1.0,0.0,125,0.0,1.0,65,False,False,
2022-06-13,EUR_RUB,ruble,1,1.0,0.0,125,0.0,1.0,124,False,False,
2022-06-13,EUR_RUB,ruble,7,1.0,0.0,125,0.0,1.0,118,False,False,
2022-06-13,EUR_RUB,ruble,14,1.0,0.0,125,0.0,1.0,111,False,False,
2022-06-13,EUR_RUB,ruble,30,1.0,0.0,125,0.0,1.0,95,False,False,
2022-06-13,EUR_RUB,ruble,60,1.0,0.0,125,0.0,1.0,65,False,False,
2022-06-13,EUR_RUB,sanctions,1,1.0,0.0,125,0.0,1.0,124,False,False,
2022-06-13,EUR_RUB,sanctions,7,1.0,0.0,125,0.0,1.0,118,False,False,
2022-06-13,EUR_RUB,sanctions,14,1.0,0.0,125,0.0,1.0,111,False,False,
2022-06-13,EUR_RUB,sanctions,30,1.0,0.0,125,0.0,1.0,95,False,False,
2022-06-13,EUR_RUB,sanctions,60,1.0,0.0,125,0.0,1.0,65,False,False,
2022-06-13,EUR_RUB,inflation,1,1.0,0.0,125,0.0,1.0,124,False,False,
2022-06-13,EUR_RUB,inflation,7,1.0,0.0,125,0.0,1.0,118,False,False,
2022-06-13,EUR_RUB,inflation,14,1.0,0.0,125,0.0,1.0,111,False,False,
2022-06-13,EUR_RUB,inflation,30,1.0,0.0,125,0.0,1.0,95,False,False,
2022-06-13,EUR_RUB,inflation,60,1.0,0.0,125,0.0,1.0,65,False,False,
2022-06-13,EUR_RUB,banking,1,1.0,0.0,125,0.0,1.0,124,False,False,
2022-06-13,EUR_RUB,banking,7,1.0,0.0,125,0.0,1.0,118,False,False,
2022-06-13,EUR_RUB,banking,14,1.0,0.0,125,0.0,1.0,111,False,False,
2022-06-13,EUR_RUB,banking,30,1.0,0.0,125,0.0,1.0,95,False,False,
2022-06-13,EUR_RUB,banking,60,1.0,0.0,125,0.0,1.0,65,False,False,
2022-06-13,EUR_RUB,gold,1,1.0,0.0,125,0.0,1.0,124,False,False,
2022-06-13,EUR_RUB,gold,7,1.0,0.0,125,0.0,1.0,118,False,False,
2022-06-13,EUR_RUB,gold,14,1.0,0.0,125,0.0,1.0,111,False,False,
2022-06-13,EUR_RUB,gold,30,1.0,0.0,125,0.0,1.0,95,False,False,
2022-06-13,EUR_RUB,gold,60,1.0,0.0,125,0.0,1.0,65,False,False,
2022-06-13,BRENT,oil,1,1.0,0.0,125,0.0,1.0,124,False,False,
2022-06-13,BRENT,oil,7,1.0,0.0,125,0.0,1.0,118,False,False,
2022-06-13,BRENT,oil,14,1.0,0.0,125,0.0,1.0,111,False,False,
2022-06-13,BRENT,oil,30,1.0,0.0,125,0.0,1.0,95,False,False,
2022-06-13,BRENT,oil,60,1.0,0.0,125,0.0,1.0,65,False,False,
2022-06-13,BRENT,rate,1,1.0,0.0,125,0.0,1.0,124,False,False,
2022-06-13,BRENT,rate,7,1.0,0.0,125,0.0,1.0,118,False,False,
2022-06-13,BRENT,rate,14,1.0,0.0,125,0.0,1.0,111,False,False,
2022-06-13,BRENT,rate,30,1.0,0.0,125,0.0,1.0,95,False,False,
2022-06-13,BRENT,rate,60,1.0,0.0,125,0.0,1.0,65,False,False,
2022-06-13,BRENT,ruble,1,1.0,0.0,125,0.0,1.0,124,False,False,
2022-06-13,BRENT,ruble,7,1.0,0.0,125,0.0,1.0,118,False,False,
2022-06-13,BRENT,ruble,14,1.0,0.0,125,0.0,1.0,111,False,False,
2022-06-13,BRENT,ruble,30,1.0,0.0,125,0.0,1.0,95,False,False,
2022-06-13,BRENT,ruble,60,1.0,0.0,125,0.0,1.0,65,False,False,
2022-06-13,BRENT,sanctions,1,1.0,0.0,125,0.0,1.0,124,False,False,
2022-06-13,BRENT,sanctions,7,1.0,0.0,125,0.0,1.0,118,False,False,
2022-06-13,BRENT,sanctions,14,1.0,0.0,125,0.0,1.0,111,False,False,
2022-06-13,BRENT,sanctions,30,1.0,0.0,125,0.0,1.0,95,False,False,
2022-06-13,BRENT,sanctions,60,1.0,0.0,125,0.0,1.0,65,False,False,
2022-06-13,BRENT,inflation,1,1.0,0.0,125,0.0,1.0,124,False,False,
2022-06-13,BRENT,inflation,7,1.0,0.0,125,0.0,1.0,118,False,False,
2022-06-13,BRENT,inflation,14,1.0,0.0,125,0.0,1.0,111,False,False,
2022-06-13,BRENT,inflation,30,1.0,0.0,125,0.0,1.0,95,False,False,
2022-06-13,BRENT,inflation,60,1.0,0.0,125,0.0,1.0,65,False,False,
2022-06-13,BRENT,banking,1,1.0,0.0,125,0.0,1.0,124,False,False,
2022-06-13,BRENT,banking,7,1.0,0.0,125,0.0,1.0,118,False,False,
2022-06-13,BRENT,banking,14,1.0,0.0,125,0.0,1.0,111,False,False,
2022-06-13,BRENT,banking,30,1.0,0.0,125,0.0,1.0,95,False,False,
2022-06-13,BRENT,banking,60,1.0,0.0,125,0.0,1.0,65,False,False,
2022-06-13,BRENT,gold,1,1.0,0.0,125,0.0,1.0,124,False,False,
2022-06-13,BRENT,gold,7,1.0,0.0,125,0.0,1.0,118,False,False,
2022-06-13,BRENT,gold,14,1.0,0.0,125,0.0,1.0,111,False,False,
2022-06-13,BRENT,gold,30,1.0,0.0,125,0.0,1.0,95,False,False,
2022-06-13,BRENT,gold,60,1.0,0.0,125,0.0,1.0,65,False,False,
2022-06-13,SP500,oil,1,1.0,0.0,125,0.0,1.0,124,False,False,
2022-06-13,SP500,oil,7,1.0,0.0,125,0.0,1.0,118,False,False,
2022-06-13,SP500,oil,14,1.0,0.0,125,0.0,1.0,111,False,False,
2022-06-13,SP500,oil,30,1.0,0.0,125,0.0,1.0,95,False,False,
2022-06-13,SP500,oil,60,1.0,0.0,125,0.0,1.0,65,False,False,
2022-06-13,SP500,rate,1,1.0,0.0,125,0.0,1.0,124,False,False,
2022-06-13,SP500,rate,7,1.0,0.0,125,0.0,1.0,118,False,False,
2022-06-13,SP500,rate,14,1.0,0.0,125,0.0,1.0,111,False,False,
2022-06-13,SP500,rate,30,1.0,0.0,125,0.0,1.0,95,False,False,
2022-06-13,SP500,rate,60,1.0,0.0,125,0.0,1.0,65,False,False,
2022-06-13,SP500,ruble,1,1.0,0.0,125,0.0,1.0,124,False,False,
2022-06-13,SP500,ruble,7,1.0,0.0,125,0.0,1.0,118,False,False,
2022-06-13,SP500,ruble,14,1.0,0.0,125,0.0,1.0,111,False,False,
2022-06-13,SP500,ruble,30,1.0,0.0,125,0.0,1.0,95,False,False,
2022-06-13,SP500,ruble,60,1.0,0.0,125,0.0,1.0,65,False,False,
2022-06-13,SP500,sanctions,1,1.0,0.0,125,0.0,1.0,124,False,False,
2022-06-13,SP500,sanctions,7,1.0,0.0,125,0.0,1.0,118,False,False,
2022-06-13,SP500,sanctions,14,1.0,0.0,125,0.0,1.0,111,False,False,
2022-06-13,SP500,sanctions,30,1.0,0.0,125,0.0,1.0,95,False,False,
2022-06-13,SP500,sanctions,60,1.0,0.0,125,0.0,1.0,65,False,False,
2022-06-13,SP500,inflation,1,1.0,0.0,125,0.0,1.0,124,False,False,
2022-06-13,SP500,inflation,7,1.0,0.0,125,0.0,1.0,118,False,False,
2022-06-13,SP500,inflation,14,1.0,0.0,125,0.0,1.0,111,False,False,
2022-06-13,SP500,inflation,30,1.0,0.0,125,0.0,1.0,95,False,False,
2022-06-13,SP500,inflation,60,1.0,0.0,125,0.0,1.0,65,False,False,
2022-06-13,SP500,banking,1,1.0,0.0,125,0.0,1.0,124,False,False,
2022-06-13,SP500,banking,7,1.0,0.0,125,0.0,1.0,118,False,False,
2022-06-13,SP500,banking,14,1.0,0.0,125,0.0,1.0,111,False,False,
2022-06-13,SP500,banking,30,1.0,0.0,125,0.0,1.0,95,False,False,
2022-06-13,SP500,banking,60,1.0,0.0,125,0.0,1.0,65,False,False,
2022-06-13,SP500,gold,1,1.0,0.0,125,0.0,1.0,124,False,False,
2022-06-13,SP500,gold,7,1.0,0.0,125,0.0,1.0,118,False,False,
2022-06-13,SP500,gold,14,1.0,0.0,125,0.0,1.0,111,False,False,
2022-06-13,SP500,gold,30,1.0,0.0,125,0.0,1.0,95,False,False,
2022-06-13,SP500,gold,60,1.0,0.0,125,0.0,1.0,65,False,False,
2022-06-13,MSCI_WORLD,oil,1,1.0,0.0,125,0.0,1.0,124,False,False,
2022-06-13,MSCI_WORLD,oil,7,1.0,0.0,125,0.0,1.0,118,False,False,
2022-06-13,MSCI_WORLD,oil,14,1.0,0.0,125,0.0,1.0,111,False,False,
2022-06-13,MSCI_WORLD,oil,30,1.0,0.0,125,0.0,1.0,95,False,False,
2022-06-13,MSCI_WORLD,oil,60,1.0,0.0,125,0.0,1.0,65,False,False,
2022-06-13,MSCI_WORLD,rate,1,1.0,0.0,125,0.0,1.0,124,False,False,
2022-06-13,MSCI_WORLD,rate,7,1.0,0.0,125,0.0,1.0,118,False,False,
2022-06-13,MSCI_WORLD,rate,14,1.0,0.0,125,0.0,1.0,111,False,False,
2022-06-13,MSCI_WORLD,rate,30,1.0,0.0,125,0.0,1.0,95,False,False,
2022-06-13,MSCI_WORLD,rate,60,1.0,0.0,125,0.0,1.0,65,False,False,
2022-06-13,MSCI_WORLD,ruble,1,1.0,0.0,125,0.0,1.0,124,False,False,
2022-06-13,MSCI_WORLD,ruble,7,1.0,0.0,125,0.0,1.0,118,False,False,
2022-06-13,MSCI_WORLD,ruble,14,1.0,0.0,125,0.0,1.0,111,False,False,
2022-06-13,MSCI_WORLD,ruble,30,1.0,0.0,125,0.0,1.0,95,False,False,
2022-06-13,MSCI_WORLD,ruble,60,1.0,0.0,125,0.0,1.0,65,False,False,
2022-06-13,MSCI_WORLD,sanctions,1,1.0,0.0,125,0.0,1.0,124,False,False,
2022-06-13,MSCI_WORLD,sanctions,7,1.0,0.0,125,0.0,1.0,118,False,False,
2022-06-13,MSCI_WORLD,sanctions,14,1.0,0.0,125,0.0,1.0,111,False,False,
2022-06-13,MSCI_WORLD,sanctions,30,1.0,0.0,125,0.0,1.0,95,False,False,
2022-06-13,MSCI_WORLD,sanctions,60,1.0,0.0,125,0.0,1.0,65,False,False,
2022-06-13,MSCI_WORLD,inflation,1,1.0,0.0,125,0.0,1.0,124,False,False,
2022-06-13,MSCI_WORLD,inflation,7,1.0,0.0,125,0.0,1.0,118,False,False,
2022-06-13,MSCI_WORLD,inflation,14,1.0,0.0,125,0.0,1.0,111,False,False,
2022-06-13,MSCI_WORLD,inflation,30,1.0,0.0,125,0.0,1.0,95,False,False,
2022-06-13,MSCI_WORLD,inflation,60,1.0,0.0,125,0.0,1.0,65,False,False,
2022-06-13,MSCI_WORLD,banking,1,1.0,0.0,125,0.0,1.0,124,False,False,
2022-06-13,MSCI_WORLD,banking,7,1.0,0.0,125,0.0,1.0,118,False,False,
2022-06-13,MSCI_WORLD,banking,14,1.0,0.0,125,0.0,1.0,111,False,False,
2022-06-13,MSCI_WORLD,banking,30,1.0,0.0,125,0.0,1.0,95,False,False,
2022-06-13,MSCI_WORLD,banking,60,1.0,0.0,125,0.0,1.0,65,False,False,
2022-06-13,MSCI_WORLD,gold,1,1.0,0.0,125,0.0,1.0,124,False,False,
2022-06-13,MSCI_WORLD,gold,7,1.0,0.0,125,0.0,1.0,118,False,False,
2022-06-13,MSCI_WORLD,gold,14,1.0,0.0,125,0.0,1.0,111,False,False,
2022-06-13,MSCI_WORLD,gold,30,1.0,0.0,125,0.0,1.0,95,False,False,
2022-06-13,MSCI_WORLD,gold,60,1.0,0.0,125,0.0,1.0,65,False,False,
2022-06-13,DXY,oil,1,1.0,0.0,125,0.0,1.0,124,False,False,
2022-06-13,DXY,oil,7,1.0,0.0,125,0.0,1.0,118,False,False,
2022-06-13,DXY,oil,14,1.0,0.0,125,0.0,1.0,111,False,False,
2022-06-13,DXY,oil,30,1.0,0.0,125,0.0,1.0,95,False,False,
2022-06-13,DXY,oil,60,1.0,0.0,125,0.0,1.0,65,False,False,
2022-06-13,DXY,rate,1,1.0,0.0,125,0.0,1.0,124,False,False,
2022-06-13,DXY,rate,7,1.0,0.0,125,0.0,1.0,118,False,False,
2022-06-13,DXY,rate,14,1.0,0.0,125,0.0,1.0,111,False,False,
2022-06-13,DXY,rate,30,1.0,0.0,125,0.0,1.0,95,False,False,
2022-06-13,DXY,rate,60,1.0,0.0,125,0.0,1.0,65,False,False,
2022-06-13,DXY,ruble,1,1.0,0.0,125,0.0,1.0,124,False,False,
2022-06-13,DXY,ruble,7,1.0,0.0,125,0.0,1.0,118,False,False,
2022-06-13,DXY,ruble,14,1.0,0.0,125,0.0,1.0,111,False,False,
2022-06-13,DXY,ruble,30,1.0,0.0,125,0.0,1.0,95,False,False,
2022-06-13,DXY,ruble,60,1.0,0.0,125,0.0,1.0,65,False,False,
2022-06-13,DXY,sanctions,1,1.0,0.0,125,0.0,1.0,124,False,False,
2022-06-13,DXY,sanctions,7,1.0,0.0,125,0.0,1.0,118,False,False,
2022-06-13,DXY,sanctions,14,1.0,0.0,125,0.0,1.0,111,False,False,
2022-06-13,DXY,sanctions,30,1.0,0.0,125,0.0,1.0,95,False,False,
2022-06-13,DXY,sanctions,60,1.0,0.0,125,0.0,1.0,65,False,False,
2022-06-13,DXY,inflation,1,1.0,0.0,125,0.0,1.0,124,False,False,
2022-06-13,DXY,inflation,7,1.0,0.0,125,0.0,1.0,118,False,False,
2022-06-13,DXY,inflation,14,1.0,0.0,125,0.0,1.0,111,False,False,
2022-06-13,DXY,inflation,30,1.0,0.0,125,0.0,1.0,95,False,False,
2022-06-13,DXY,inflation,60,1.0,0.0,125,0.0,1.0,65,False,False,
2022-06-13,DXY,banking,1,1.0,0.0,125,0.0,1.0,124,False,False,
2022-06-13,DXY,banking,7,1.0,0.0,125,0.0,1.0,118,False,False,
2022-06-13,DXY,banking,14,1.0,0.0,125,0.0,1.0,111,False,False,
2022-06-13,DXY,banking,30,1.0,0.0,125,0.0,1.0,95,False,False,
2022-06-13,DXY,banking,60,1.0,0.0,125,0.0,1.0,65,False,False,
2022-06-13,DXY,gold,1,1.0,0.0,125,0.0,1.0,124,False,False,
2022-06-13,DXY,gold,7,1.0,0.0,125,0.0,1.0,118,False,False,
2022-06-13,DXY,gold,14,1.0,0.0,125,0.0,1.0,111,False,False,
2022-06-13,DXY,gold,30,1.0,0.0,125,0.0,1.0,95,False,False,
2022-06-13,DXY,gold,60,1.0,0.0,125,0.0,1.0,65,False,False,
2022-06-13,MSCI_INDIA,oil,1,1.0,0.0,125,0.0,1.0,124,False,False,
2022-06-13,MSCI_INDIA,oil,7,1.0,0.0,125,0.0,1.0,118,False,False,
2022-06-13,MSCI_INDIA,oil,14,1.0,0.0,125,0.0,1.0,111,False,False,
2022-06-13,MSCI_INDIA,oil,30,1.0,0.0,125,0.0,1.0,95,False,False,
2022-06-13,MSCI_INDIA,oil,60,1.0,0.0,125,0.0,1.0,65,False,False,
2022-06-13,MSCI_INDIA,rate,1,1.0,0.0,125,0.0,1.0,124,False,False,
2022-06-13,MSCI_INDIA,rate,7,1.0,0.0,125,0.0,1.0,118,False,False,
2022-06-13,MSCI_INDIA,rate,14,1.0,0.0,125,0.0,1.0,111,False,False,
2022-06-13,MSCI_INDIA,rate,30,1.0,0.0,125,0.0,1.0,95,False,False,
2022-06-13,MSCI_INDIA,rate,60,1.0,0.0,125,0.0,1.0,65,False,False,
2022-06-13,MSCI_INDIA,ruble,1,1.0,0.0,125,0.0,1.0,124,False,False,
2022-06-13,MSCI_INDIA,ruble,7,1.0,0.0,125,0.0,1.0,118,False,False,
2022-06-13,MSCI_INDIA,ruble,14,1.0,0.0,125,0.0,1.0,111,False,False,
2022-06-13,MSCI_INDIA,ruble,30,1.0,0.0,125,0.0,1.0,95,False,False,
2022-06-13,MSCI_INDIA,ruble,60,1.0,0.0,125,0.0,1.0,65,False,False,
2022-06-13,MSCI_INDIA,sanctions,1,1.0,0.0,125,0.0,1.0,124,False,False,
2022-06-13,MSCI_INDIA,sanctions,7,1.0,0.0,125,0.0,1.0,118,False,False,
2022-06-13,MSCI_INDIA,sanctions,14,1.0,0.0,125,0.0,1.0,111,False,False,
2022-06-13,MSCI_INDIA,sanctions,30,1.0,0.0,125,0.0,1.0,95,False,False,
2022-06-13,MSCI_INDIA,sanctions,60,1.0,0.0,125,0.0,1.0,65,False,False,
2022-06-13,MSCI_INDIA,inflation,1,1.0,0.0,125,0.0,1.0,124,False,False,
2022-06-13,MSCI_INDIA,inflation,7,1.0,0.0,125,0.0,1.0,118,False,False,
2022-06-13,MSCI_INDIA,inflation,14,1.0,0.0,125,0.0,1.0,111,False,False,
2022-06-13,MSCI_INDIA,inflation,30,1.0,0.0,125,0.0,1.0,95,False,False,
2022-06-13,MSCI_INDIA,inflation,60,1.0,0.0,125,0.0,1.0,65,False,False,
2022-06-13,MSCI_INDIA,banking,1,1.0,0.0,125,0.0,1.0,124,False,False,
2022-06-13,MSCI_INDIA,banking,7,1.0,0.0,125,0.0,1.0,118,False,False,
2022-06-13,MSCI_INDIA,banking,14,1.0,0.0,125,0.0,1.0,111,False,False,
2022-06-13,MSCI_INDIA,banking,30,1.0,0.0,125,0.0,1.0,95,False,False,
2022-06-13,MSCI_INDIA,banking,60,1.0,0.0,125,0.0,1.0,65,False,False,
2022-06-13,MSCI_INDIA,gold,1,1.0,0.0,125,0.0,1.0,124,False,False,
2022-06-13,MSCI_INDIA,gold,7,1.0,0.0,125,0.0,1.0,118,False,False,
2022-06-13,MSCI_INDIA,gold,14,1.0,0.0,125,0.0,1.0,111,False,False,
2022-06-13,MSCI_INDIA,gold,30,1.0,0.0,125,0.0,1.0,95,False,False,
2022-06-13,MSCI_INDIA,gold,60,1.0,0.0,125,0.0,1.0,65,False,False,
2022-06-16,USD_RUB,oil,1,1.0,0.0,125,0.0,1.0,124,False,False,
2022-06-16,USD_RUB,oil,7,1.0,0.0,125,0.0,1.0,118,False,False,
2022-06-16,USD_RUB,oil,14,1.0,0.0,125,0.0,1.0,111,False,False,
2022-06-16,USD_RUB,oil,30,1.0,0.0,125,0.0,1.0,95,False,False,
2022-06-16,USD_RUB,oil,60,1.0,0.0,125,0.0,1.0,65,False,False,
2022-06-16,USD_RUB,rate,1,1.0,0.0,125,0.0,1.0,124,False,False,
2022-06-16,USD_RUB,rate,7,1.0,0.0,125,0.0,1.0,118,False,False,
2022-06-16,USD_RUB,rate,14,1.0,0.0,125,0.0,1.0,111,False,False,
2022-06-16,USD_RUB,rate,30,1.0,0.0,125,0.0,1.0,95,False,False,
2022-06-16,USD_RUB,rate,60,1.0,0.0,125,0.0,1.0,65,False,False,
2022-06-16,USD_RUB,ruble,1,1.0,0.0,125,0.0,1.0,124,False,False,
2022-06-16,USD_RUB,ruble,7,1.0,0.0,125,0.0,1.0,118,False,False,
2022-06-16,USD_RUB,ruble,14,1.0,0.0,125,0.0,1.0,111,False,False,
2022-06-16,USD_RUB,ruble,30,1.0,0.0,125,0.0,1.0,95,False,False,
2022-06-16,USD_RUB,ruble,60,1.0,0.0,125,0.0,1.0,65,False,False,
2022-06-16,USD_RUB,sanctions,1,1.0,0.0,125,0.0,1.0,124,False,False,
2022-06-16,USD_RUB,sanctions,7,1.0,0.0,125,0.0,1.0,118,False,False,
2022-06-16,USD_RUB,sanctions,14,1.0,0.0,125,0.0,1.0,111,False,False,
2022-06-16,USD_RUB,sanctions,30,1.0,0.0,125,0.0,1.0,95,False,False,
2022-06-16,USD_RUB,sanctions,60,1.0,0.0,125,0.0,1.0,65,False,False,
2022-06-16,USD_RUB,inflation,1,1.0,0.0,125,0.0,1.0,124,False,False,
2022-06-16,USD_RUB,inflation,7,1.0,0.0,125,0.0,1.0,118,False,False,
2022-06-16,USD_RUB,inflation,14,1.0,0.0,125,0.0,1.0,111,False,False,
2022-06-16,USD_RUB,inflation,30,1.0,0.0,125,0.0,1.0,95,False,False,
2022-06-16,USD_RUB,inflation,60,1.0,0.0,125,0.0,1.0,65,False,False,
2022-06-16,USD_RUB,banking,1,1.0,0.0,125,0.0,1.0,124,False,False,
2022-06-16,USD_RUB,banking,7,1.0,0.0,125,0.0,1.0,118,False,False,
2022-06-16,USD_RUB,banking,14,1.0,0.0,125,0.0,1.0,111,False,False,
2022-06-16,USD_RUB,banking,30,1.0,0.0,125,0.0,1.0,95,False,False,
2022-06-16,USD_RUB,banking,60,1.0,0.0,125,0.0,1.0,65,False,False,
2022-06-16,USD_RUB,gold,1,1.0,0.0,125,0.0,1.0,124,False,False,
2022-06-16,USD_RUB,gold,7,1.0,0.0,125,0.0,1.0,118,False,False,
2022-06-16,USD_RUB,gold,14,1.0,0.0,125,0.0,1.0,111,False,False,
2022-06-16,USD_RUB,gold,30,1.0,0.0,125,0.0,1.0,95,False,False,
2022-06-16,USD_RUB,gold,60,1.0,0.0,125,0.0,1.0,65,False,False,
2022-06-16,EUR_RUB,oil,1,1.0,0.0,125,0.0,1.0,124,False,False,
2022-06-16,EUR_RUB,oil,7,1.0,0.0,125,0.0,1.0,118,False,False,
2022-06-16,EUR_RUB,oil,14,1.0,0.0,125,0.0,1.0,111,False,False,
2022-06-16,EUR_RUB,oil,30,1.0,0.0,125,0.0,1.0,95,False,False,
2022-06-16,EUR_RUB,oil,60,1.0,0.0,125,0.0,1.0,65,False,False,
2022-06-16,EUR_RUB,rate,1,1.0,0.0,125,0.0,1.0,124,False,False,
2022-06-16,EUR_RUB,rate,7,1.0,0.0,125,0.0,1.0,118,False,False,
2022-06-16,EUR_RUB,rate,14,1.0,0.0,125,0.0,1.0,111,False,False,
2022-06-16,EUR_RUB,rate,30,1.0,0.0,125,0.0,1.0,95,False,False,
2022-06-16,EUR_RUB,rate,60,1.0,0.0,125,0.0,1.0,65,False,False,
2022-06-16,EUR_RUB,ruble,1,1.0,0.0,125,0.0,1.0,124,False,False,
2022-06-16,EUR_RUB,ruble,7,1.0,0.0,125,0.0,1.0,118,False,False,
2022-06-16,EUR_RUB,ruble,14,1.0,0.0,125,0.0,1.0,111,False,False,
2022-06-16,EUR_RUB,ruble,30,1.0,0.0,125,0.0,1.0,95,False,False,
2022-06-16,EUR_RUB,ruble,60,1.0,0.0,125,0.0,1.0,65,False,False,
2022-06-16,EUR_RUB,sanctions,1,1.0,0.0,125,0.0,1.0,124,False,False,
2022-06-16,EUR_RUB,sanctions,7,1.0,0.0,125,0.0,1.0,118,False,False,
2022-06-16,EUR_RUB,sanctions,14,1.0,0.0,125,0.0,1.0,111,False,False,
2022-06-16,EUR_RUB,sanctions,30,1.0,0.0,125,0.0,1.0,95,False,False,
2022-06-16,EUR_RUB,sanctions,60,1.0,0.0,125,0.0,1.0,65,False,False,
2022-06-16,EUR_RUB,inflation,1,1.0,0.0,125,0.0,1.0,124,False,False,
2022-06-16,EUR_RUB,inflation,7,1.0,0.0,125,0.0,1.0,118,False,False,
2022-06-16,EUR_RUB,inflation,14,1.0,0.0,125,0.0,1.0,111,False,False,
2022-06-16,EUR_RUB,inflation,30,1.0,0.0,125,0.0,1.0,95,False,False,
2022-06-16,EUR_RUB,inflation,60,1.0,0.0,125,0.0,1.0,65,False,False,
2022-06-16,EUR_RUB,banking,1,1.0,0.0,125,0.0,1.0,124,False,False,
2022-06-16,EUR_RUB,banking,7,1.0,0.0,125,0.0,1.0,118,False,False,
2022-06-16,EUR_RUB,banking,14,1.0,0.0,125,0.0,1.0,111,False,False,
2022-06-16,EUR_RUB,banking,30,1.0,0.0,125,0.0,1.0,95,False,False,
2022-06-16,EUR_RUB,banking,60,1.0,0.0,125,0.0,1.0,65,False,False,
2022-06-16,EUR_RUB,gold,1,1.0,0.0,125,0.0,1.0,124,False,False,
2022-06-16,EUR_RUB,gold,7,1.0,0.0,125,0.0,1.0,118,False,False,
2022-06-16,EUR_RUB,gold,14,1.0,0.0,125,0.0,1.0,111,False,False,
2022-06-16,EUR_RUB,gold,30,1.0,0.0,125,0.0,1.0,95,False,False,
2022-06-16,EUR_RUB,gold,60,1.0,0.0,125,0.0,1.0,65,False,False,
2022-06-16,BRENT,oil,1,1.0,0.0,125,0.0,1.0,124,False,False,
2022-06-16,BRENT,oil,7,1.0,0.0,125,0.0,1.0,118,False,False,
2022-06-16,BRENT,oil,14,1.0,0.0,125,0.0,1.0,111,False,False,
2022-06-16,BRENT,oil,30,1.0,0.0,125,0.0,1.0,95,False,False,
2022-06-16,BRENT,oil,60,1.0,0.0,125,0.0,1.0,65,False,False,
2022-06-16,BRENT,rate,1,1.0,0.0,125,0.0,1.0,124,False,False,
2022-06-16,BRENT,rate,7,1.0,0.0,125,0.0,1.0,118,False,False,
2022-06-16,BRENT,rate,14,1.0,0.0,125,0.0,1.0,111,False,False,
2022-06-16,BRENT,rate,30,1.0,0.0,125,0.0,1.0,95,False,False,
2022-06-16,BRENT,rate,60,1.0,0.0,125,0.0,1.0,65,False,False,
2022-06-16,BRENT,ruble,1,1.0,0.0,125,0.0,1.0,124,False,False,
2022-06-16,BRENT,ruble,7,1.0,0.0,125,0.0,1.0,118,False,False,
2022-06-16,BRENT,ruble,14,1.0,0.0,125,0.0,1.0,111,False,False,
2022-06-16,BRENT,ruble,30,1.0,0.0,125,0.0,1.0,95,False,False,
2022-06-16,BRENT,ruble,60,1.0,0.0,125,0.0,1.0,65,False,False,
2022-06-16,BRENT,sanctions,1,1.0,0.0,125,0.0,1.0,124,False,False,
2022-06-16,BRENT,sanctions,7,1.0,0.0,125,0.0,1.0,118,False,False,
2022-06-16,BRENT,sanctions,14,1.0,0.0,125,0.0,1.0,111,False,False,
2022-06-16,BRENT,sanctions,30,1.0,0.0,125,0.0,1.0,95,False,False,
2022-06-16,BRENT,sanctions,60,1.0,0.0,125,0.0,1.0,65,False,False,
2022-06-16,BRENT,inflation,1,1.0,0.0,125,0.0,1.0,124,False,False,
2022-06-16,BRENT,inflation,7,1.0,0.0,125,0.0,1.0,118,False,False,
2022-06-16,BRENT,inflation,14,1.0,0.0,125,0.0,1.0,111,False,False,
2022-06-16,BRENT,inflation,30,1.0,0.0,125,0.0,1.0,95,False,False,
2022-06-16,BRENT,inflation,60,1.0,0.0,125,0.0,1.0,65,False,False,
2022-06-16,BRENT,banking,1,1.0,0.0,125,0.0,1.0,124,False,False,
2022-06-16,BRENT,banking,7,1.0,0.0,125,0.0,1.0,118,False,False,
2022-06-16,BRENT,banking,14,1.0,0.0,125,0.0,1.0,111,False,False,
2022-06-16,BRENT,banking,30,1.0,0.0,125,0.0,1.0,95,False,False,
2022-06-16,BRENT,banking,60,1.0,0.0,125,0.0,1.0,65,False,False,
2022-06-16,BRENT,gold,1,1.0,0.0,125,0.0,1.0,124,False,False,
2022-06-16,BRENT,gold,7,1.0,0.0,125,0.0,1.0,118,False,False,
2022-06-16,BRENT,gold,14,1.0,0.0,125,0.0,1.0,111,False,False,
2022-06-16,BRENT,gold,30,1.0,0.0,125,0.0,1.0,95,False,False,
2022-06-16,BRENT,gold,60,1.0,0.0,125,0.0,1.0,65,False,False,
2022-06-16,SP500,oil,1,1.0,0.0,125,0.0,1.0,124,False,False,
2022-06-16,SP500,oil,7,1.0,0.0,125,0.0,1.0,118,False,False,
2022-06-16,SP500,oil,14,1.0,0.0,125,0.0,1.0,111,False,False,
2022-06-16,SP500,oil,30,1.0,0.0,125,0.0,1.0,95,False,False,
2022-06-16,SP500,oil,60,1.0,0.0,125,0.0,1.0,65,False,False,
2022-06-16,SP500,rate,1,1.0,0.0,125,0.0,1.0,124,False,False,
2022-06-16,SP500,rate,7,1.0,0.0,125,0.0,1.0,118,False,False,
2022-06-16,SP500,rate,14,1.0,0.0,125,0.0,1.0,111,False,False,
2022-06-16,SP500,rate,30,1.0,0.0,125,0.0,1.0,95,False,False,
2022-06-16,SP500,rate,60,1.0,0.0,125,0.0,1.0,65,False,False,
2022-06-16,SP500,ruble,1,1.0,0.0,125,0.0,1.0,124,False,False,
2022-06-16,SP500,ruble,7,1.0,0.0,125,0.0,1.0,118,False,False,
2022-06-16,SP500,ruble,14,1.0,0.0,125,0.0,1.0,111,False,False,
2022-06-16,SP500,ruble,30,1.0,0.0,125,0.0,1.0,95,False,False,
2022-06-16,SP500,ruble,60,1.0,0.0,125,0.0,1.0,65,False,False,
2022-06-16,SP500,sanctions,1,1.0,0.0,125,0.0,1.0,124,False,False,
2022-06-16,SP500,sanctions,7,1.0,0.0,125,0.0,1.0,118,False,False,
2022-06-16,SP500,sanctions,14,1.0,0.0,125,0.0,1.0,111,False,False,
2022-06-16,SP500,sanctions,30,1.0,0.0,125,0.0,1.0,95,False,False,
2022-06-16,SP500,sanctions,60,1.0,0.0,125,0.0,1.0,65,False,False,
2022-06-16,SP500,inflation,1,1.0,0.0,125,0.0,1.0,124,False,False,
2022-06-16,SP500,inflation,7,1.0,0.0,125,0.0,1.0,118,False,False,
2022-06-16,SP500,inflation,14,1.0,0.0,125,0.0,1.0,111,False,False,
2022-06-16,SP500,inflation,30,1.0,0.0,125,0.0,1.0,95,False,False,
2022-06-16,SP500,inflation,60,1.0,0.0,125,0.0,1.0,65,False,False,
2022-06-16,SP500,banking,1,1.0,0.0,125,0.0,1.0,124,False,False,
2022-06-16,SP500,banking,7,1.0,0.0,125,0.0,1.0,118,False,False,
2022-06-16,SP500,banking,14,1.0,0.0,125,0.0,1.0,111,False,False,
2022-06-16,SP500,banking,30,1.0,0.0,125,0.0,1.0,95,False,False,
2022-06-16,SP500,banking,60,1.0,0.0,125,0.0,1.0,65,False,False,
2022-06-16,SP500,gold,1,1.0,0.0,125,0.0,1.0,124,False,False,
2022-06-16,SP500,gold,7,1.0,0.0,125,0.0,1.0,118,False,False,
2022-06-16,SP500,gold,14,1.0,0.0,125,0.0,1.0,111,False,False,
2022-06-16,SP500,gold,30,1.0,0.0,125,0.0,1.0,95,False,False,
2022-06-16,SP500,gold,60,1.0,0.0,125,0.0,1.0,65,False,False,
2022-06-16,MSCI_WORLD,oil,1,1.0,0.0,125,0.0,1.0,124,False,False,
2022-06-16,MSCI_WORLD,oil,7,1.0,0.0,125,0.0,1.0,118,False,False,
2022-06-16,MSCI_WORLD,oil,14,1.0,0.0,125,0.0,1.0,111,False,False,
2022-06-16,MSCI_WORLD,oil,30,1.0,0.0,125,0.0,1.0,95,False,False,
2022-06-16,MSCI_WORLD,oil,60,1.0,0.0,125,0.0,1.0,65,False,False,
2022-06-16,MSCI_WORLD,rate,1,1.0,0.0,125,0.0,1.0,124,False,False,
2022-06-16,MSCI_WORLD,rate,7,1.0,0.0,125,0.0,1.0,118,False,False,
2022-06-16,MSCI_WORLD,rate,14,1.0,0.0,125,0.0,1.0,111,False,False,
2022-06-16,MSCI_WORLD,rate,30,1.0,0.0,125,0.0,1.0,95,False,False,
2022-06-16,MSCI_WORLD,rate,60,1.0,0.0,125,0.0,1.0,65,False,False,
2022-06-16,MSCI_WORLD,ruble,1,1.0,0.0,125,0.0,1.0,124,False,False,
2022-06-16,MSCI_WORLD,ruble,7,1.0,0.0,125,0.0,1.0,118,False,False,
2022-06-16,MSCI_WORLD,ruble,14,1.0,0.0,125,0.0,1.0,111,False,False,
2022-06-16,MSCI_WORLD,ruble,30,1.0,0.0,125,0.0,1.0,95,False,False,
2022-06-16,MSCI_WORLD,ruble,60,1.0,0.0,125,0.0,1.0,65,False,False,
2022-06-16,MSCI_WORLD,sanctions,1,1.0,0.0,125,0.0,1.0,124,False,False,
2022-06-16,MSCI_WORLD,sanctions,7,1.0,0.0,125,0.0,1.0,118,False,False,
2022-06-16,MSCI_WORLD,sanctions,14,1.0,0.0,125,0.0,1.0,111,False,False,
2022-06-16,MSCI_WORLD,sanctions,30,1.0,0.0,125,0.0,1.0,95,False,False,
2022-06-16,MSCI_WORLD,sanctions,60,1.0,0.0,125,0.0,1.0,65,False,False,
2022-06-16,MSCI_WORLD,inflation,1,1.0,0.0,125,0.0,1.0,124,False,False,
2022-06-16,MSCI_WORLD,inflation,7,1.0,0.0,125,0.0,1.0,118,False,False,
2022-06-16,MSCI_WORLD,inflation,14,1.0,0.0,125,0.0,1.0,111,False,False,
2022-06-16,MSCI_WORLD,inflation,30,1.0,0.0,125,0.0,1.0,95,False,False,
2022-06-16,MSCI_WORLD,inflation,60,1.0,0.0,125,0.0,1.0,65,False,False,
2022-06-16,MSCI_WORLD,banking,1,1.0,0.0,125,0.0,1.0,124,False,False,
2022-06-16,MSCI_WORLD,banking,7,1.0,0.0,125,0.0,1.0,118,False,False,
2022-06-16,MSCI_WORLD,banking,14,1.0,0.0,125,0.0,1.0,111,False,False,
2022-06-16,MSCI_WORLD,banking,30,1.0,0.0,125,0.0,1.0,95,False,False,
2022-06-16,MSCI_WORLD,banking,60,1.0,0.0,125,0.0,1.0,65,False,False,
2022-06-16,MSCI_WORLD,gold,1,1.0,0.0,125,0.0,1.0,124,False,False,
2022-06-16,MSCI_WORLD,gold,7,1.0,0.0,125,0.0,1.0,118,False,False,
2022-06-16,MSCI_WORLD,gold,14,1.0,0.0,125,0.0,1.0,111,False,False,
2022-06-16,MSCI_WORLD,gold,30,1.0,0.0,125,0.0,1.0,95,False,False,
2022-06-16,MSCI_WORLD,gold,60,1.0,0.0,125,0.0,1.0,65,False,False,
2022-06-16,DXY,oil,1,1.0,0.0,125,0.0,1.0,124,False,False,
2022-06-16,DXY,oil,7,1.0,0.0,125,0.0,1.0,118,False,False,
2022-06-16,DXY,oil,14,1.0,0.0,125,0.0,1.0,111,False,False,
2022-06-16,DXY,oil,30,1.0,0.0,125,0.0,1.0,95,False,False,
2022-06-16,DXY,oil,60,1.0,0.0,125,0.0,1.0,65,False,False,
2022-06-16,DXY,rate,1,1.0,0.0,125,0.0,1.0,124,False,False,
2022-06-16,DXY,rate,7,1.0,0.0,125,0.0,1.0,118,False,False,
2022-06-16,DXY,rate,14,1.0,0.0,125,0.0,1.0,111,False,False,
2022-06-16,DXY,rate,30,1.0,0.0,125,0.0,1.0,95,False,False,
2022-06-16,DXY,rate,60,1.0,0.0,125,0.0,1.0,65,False,False,
2022-06-16,DXY,ruble,1,1.0,0.0,125,0.0,1.0,124,False,False,
2022-06-16,DXY,ruble,7,1.0,0.0,125,0.0,1.0,118,False,False,
2022-06-16,DXY,ruble,14,1.0,0.0,125,0.0,1.0,111,False,False,
2022-06-16,DXY,ruble,30,1.0,0.0,125,0.0,1.0,95,False,False,
2022-06-16,DXY,ruble,60,1.0,0.0,125,0.0,1.0,65,False,False,
2022-06-16,DXY,sanctions,1,1.0,0.0,125,0.0,1.0,124,False,False,
2022-06-16,DXY,sanctions,7,1.0,0.0,125,0.0,1.0,118,False,False,
2022-06-16,DXY,sanctions,14,1.0,0.0,125,0.0,1.0,111,False,False,
2022-06-16,DXY,sanctions,30,1.0,0.0,125,0.0,1.0,95,False,False,
2022-06-16,DXY,sanctions,60,1.0,0.0,125,0.0,1.0,65,False,False,
2022-06-16,DXY,inflation,1,1.0,0.0,125,0.0,1.0,124,False,False,
2022-06-16,DXY,inflation,7,1.0,0.0,125,0.0,1.0,118,False,False,
2022-06-16,DXY,inflation,14,1.0,0.0,125,0.0,1.0,111,False,False,
2022-06-16,DXY,inflation,30,1.0,0.0,125,0.0,1.0,95,False,False,
2022-06-16,DXY,inflation,60,1.0,0.0,125,0.0,1.0,65,False,False,
2022-06-16,DXY,banking,1,1.0,0.0,125,0.0,1.0,124,False,False,
2022-06-16,DXY,banking,7,1.0,0.0,125,0.0,1.0,118,False,False,
2022-06-16,DXY,banking,14,1.0,0.0,125,0.0,1.0,111,False,False,
2022-06-16,DXY,banking,30,1.0,0.0,125,0.0,1.0,95,False,False,
2022-06-16,DXY,banking,60,1.0,0.0,125,0.0,1.0,65,False,False,
2022-06-16,DXY,gold,1,1.0,0.0,125,0.0,1.0,124,False,False,
2022-06-16,DXY,gold,7,1.0,0.0,125,0.0,1.0,118,False,False,
2022-06-16,DXY,gold,14,1.0,0.0,125,0.0,1.0,111,False,False,
2022-06-16,DXY,gold,30,1.0,0.0,125,0.0,1.0,95,False,False,
2022-06-16,DXY,gold,60,1.0,0.0,125,0.0,1.0,65,False,False,
2022-06-16,MSCI_INDIA,oil,1,1.0,0.0,125,0.0,1.0,124,False,False,
2022-06-16,MSCI_INDIA,oil,7,1.0,0.0,125,0.0,1.0,118,False,False,
2022-06-16,MSCI_INDIA,oil,14,1.0,0.0,125,0.0,1.0,111,False,False,
2022-06-16,MSCI_INDIA,oil,30,1.0,0.0,125,0.0,1.0,95,False,False,
2022-06-16,MSCI_INDIA,oil,60,1.0,0.0,125,0.0,1.0,65,False,False,
2022-06-16,MSCI_INDIA,rate,1,1.0,0.0,125,0.0,1.0,124,False,False,
2022-06-16,MSCI_INDIA,rate,7,1.0,0.0,125,0.0,1.0,118,False,False,
2022-06-16,MSCI_INDIA,rate,14,1.0,0.0,125,0.0,1.0,111,False,False,
2022-06-16,MSCI_INDIA,rate,30,1.0,0.0,125,0.0,1.0,95,False,False,
2022-06-16,MSCI_INDIA,rate,60,1.0,0.0,125,0.0,1.0,65,False,False,
2022-06-16,MSCI_INDIA,ruble,1,1.0,0.0,125,0.0,1.0,124,False,False,
2022-06-16,MSCI_INDIA,ruble,7,1.0,0.0,125,0.0,1.0,118,False,False,
2022-06-16,MSCI_INDIA,ruble,14,1.0,0.0,125,0.0,1.0,111,False,False,
2022-06-16,MSCI_INDIA,ruble,30,1.0,0.0,125,0.0,1.0,95,False,False,
2022-06-16,MSCI_INDIA,ruble,60,1.0,0.0,125,0.0,1.0,65,False,False,
2022-06-16,MSCI_INDIA,sanctions,1,1.0,0.0,125,0.0,1.0,124,False,False,
2022-06-16,MSCI_INDIA,sanctions,7,1.0,0.0,125,0.0,1.0,118,False,False,
2022-06-16,MSCI_INDIA,sanctions,14,1.0,0.0,125,0.0,1.0,111,False,False,
2022-06-16,MSCI_INDIA,sanctions,30,1.0,0.0,125,0.0,1.0,95,False,False,
2022-06-16,MSCI_INDIA,sanctions,60,1.0,0.0,125,0.0,1.0,65,False,False,
2022-06-16,MSCI_INDIA,inflation,1,1.0,0.0,125,0.0,1.0,124,False,False,
2022-06-16,MSCI_INDIA,inflation,7,1.0,0.0,125,0.0,1.0,118,False,False,
2022-06-16,MSCI_INDIA,inflation,14,1.0,0.0,125,0.0,1.0,111,False,False,
2022-06-16,MSCI_INDIA,inflation,30,1.0,0.0,125,0.0,1.0,95,False,False,
2022-06-16,MSCI_INDIA,inflation,60,1.0,0.0,125,0.0,1.0,65,False,False,
2022-06-16,MSCI_INDIA,banking,1,1.0,0.0,125,0.0,1.0,124,False,False,
2022-06-16,MSCI_INDIA,banking,7,1.0,0.0,125,0.0,1.0,118,False,False,
2022-06-16,MSCI_INDIA,banking,14,1.0,0.0,125,0.0,1.0,111,False,False,
2022-06-16,MSCI_INDIA,banking,30,1.0,0.0,125,0.0,1.0,95,False,False,
2022-06-16,MSCI_INDIA,banking,60,1.0,0.0,125,0.0,1.0,65,False,False,
2022-06-16,MSCI_INDIA,gold,1,1.0,0.0,125,0.0,1.0,124,False,False,
2022-06-16,MSCI_INDIA,gold,7,1.0,0.0,125,0.0,1.0,118,False,False,
2022-06-16,MSCI_INDIA,gold,14,1.0,0.0,125,0.0,1.0,111,False,False,
2022-06-16,MSCI_INDIA,gold,30,1.0,0.0,125,0.0,1.0,95,False,False,
2022-06-16,MSCI_INDIA,gold,60,1.0,0.0,125,0.0,1.0,65,False,False,
2022-06-19,USD_RUB,oil,1,1.0,0.0,125,0.0,1.0,124,False,False,
2022-06-19,USD_RUB,oil,7,1.0,0.0,125,0.0,1.0,118,False,False,
2022-06-19,USD_RUB,oil,14,1.0,0.0,125,0.0,1.0,111,False,False,
2022-06-19,USD_RUB,oil,30,1.0,0.0,125,0.0,1.0,95,False,False,
2022-06-19,USD_RUB,oil,60,1.0,0.0,125,0.0,1.0,65,False,False,
2022-06-19,USD_RUB,rate,1,1.0,0.0,125,0.0,1.0,124,False,False,
2022-06-19,USD_RUB,rate,7,1.0,0.0,125,0.0,1.0,118,False,False,
2022-06-19,USD_RUB,rate,14,1.0,0.0,125,0.0,1.0,111,False,False,
2022-06-19,USD_RUB,rate,30,1.0,0.0,125,0.0,1.0,95,False,False,
2022-06-19,USD_RUB,rate,60,1.0,0.0,125,0.0,1.0,65,False,False,
2022-06-19,USD_RUB,ruble,1,1.0,0.0,125,0.0,1.0,124,False,False,
2022-06-19,USD_RUB,ruble,7,1.0,0.0,125,0.0,1.0,118,False,False,
2022-06-19,USD_RUB,ruble,14,1.0,0.0,125,0.0,1.0,111,False,False,
2022-06-19,USD_RUB,ruble,30,1.0,0.0,125,0.0,1.0,95,False,False,
2022-06-19,USD_RUB,ruble,60,1.0,0.0,125,0.0,1.0,65,False,False,
2022-06-19,USD_RUB,sanctions,1,1.0,0.0,125,0.0,1.0,124,False,False,
2022-06-19,USD_RUB,sanctions,7,1.0,0.0,125,0.0,1.0,118,False,False,
2022-06-19,USD_RUB,sanctions,14,1.0,0.0,125,0.0,1.0,111,False,False,
2022-06-19,USD_RUB,sanctions,30,1.0,0.0,125,0.0,1.0,95,False,False,
2022-06-19,USD_RUB,sanctions,60,1.0,0.0,125,0.0,1.0,65,False,False,
2022-06-19,USD_RUB,inflation,1,1.0,0.0,125,0.0,1.0,124,False,False,
2022-06-19,USD_RUB,inflation,7,1.0,0.0,125,0.0,1.0,118,False,False,
2022-06-19,USD_RUB,inflation,14,1.0,0.0,125,0.0,1.0,111,False,False,
2022-06-19,USD_RUB,inflation,30,1.0,0.0,125,0.0,1.0,95,False,False,
2022-06-19,USD_RUB,inflation,60,1.0,0.0,125,0.0,1.0,65,False,False,
2022-06-19,USD_RUB,banking,1,1.0,0.0,125,0.0,1.0,124,False,False,
2022-06-19,USD_RUB,banking,7,1.0,0.0,125,0.0,1.0,118,False,False,
2022-06-19,USD_RUB,banking,14,1.0,0.0,125,0.0,1.0,111,False,False,
2022-06-19,USD_RUB,banking,30,1.0,0.0,125,0.0,1.0,95,False,False,
2022-06-19,USD_RUB,banking,60,1.0,0.0,125,0.0,1.0,65,False,False,
2022-06-19,USD_RUB,gold,1,1.0,0.0,125,0.0,1.0,124,False,False,
2022-06-19,USD_RUB,gold,7,1.0,0.0,125,0.0,1.0,118,False,False,
2022-06-19,USD_RUB,gold,14,1.0,0.0,125,0.0,1.0,111,False,False,
2022-06-19,USD_RUB,gold,30,1.0,0.0,125,0.0,1.0,95,False,False,
2022-06-19,USD_RUB,gold,60,1.0,0.0,125,0.0,1.0,65,False,False,
2022-06-19,EUR_RUB,oil,1,1.0,0.0,125,0.0,1.0,124,False,False,
2022-06-19,EUR_RUB,oil,7,1.0,0.0,125,0.0,1.0,118,False,False,
2022-06-19,EUR_RUB,oil,14,1.0,0.0,125,0.0,1.0,111,False,False,
2022-06-19,EUR_RUB,oil,30,1.0,0.0,125,0.0,1.0,95,False,False,
2022-06-19,EUR_RUB,oil,60,1.0,0.0,125,0.0,1.0,65,False,False,
2022-06-19,EUR_RUB,rate,1,1.0,0.0,125,0.0,1.0,124,False,False,
2022-06-19,EUR_RUB,rate,7,1.0,0.0,125,0.0,1.0,118,False,False,
2022-06-19,EUR_RUB,rate,14,1.0,0.0,125,0.0,1.0,111,False,False,
2022-06-19,EUR_RUB,rate,30,1.0,0.0,125,0.0,1.0,95,False,False,
2022-06-19,EUR_RUB,rate,60,1.0,0.0,125,0.0,1.0,65,False,False,
2022-06-19,EUR_RUB,ruble,1,1.0,0.0,125,0.0,1.0,124,False,False,
2022-06-19,EUR_RUB,ruble,7,1.0,0.0,125,0.0,1.0,118,False,False,
2022-06-19,EUR_RUB,ruble,14,1.0,0.0,125,0.0,1.0,111,False,False,
2022-06-19,EUR_RUB,ruble,30,1.0,0.0,125,0.0,1.0,95,False,False,
2022-06-19,EUR_RUB,ruble,60,1.0,0.0,125,0.0,1.0,65,False,False,
2022-06-19,EUR_RUB,sanctions,1,1.0,0.0,125,0.0,1.0,124,False,False,
2022-06-19,EUR_RUB,sanctions,7,1.0,0.0,125,0.0,1.0,118,False,False,
2022-06-19,EUR_RUB,sanctions,14,1.0,0.0,125,0.0,1.0,111,False,False,
2022-06-19,EUR_RUB,sanctions,30,1.0,0.0,125,0.0,1.0,95,False,False,
2022-06-19,EUR_RUB,sanctions,60,1.0,0.0,125,0.0,1.0,65,False,False,
2022-06-19,EUR_RUB,inflation,1,1.0,0.0,125,0.0,1.0,124,False,False,
2022-06-19,EUR_RUB,inflation,7,1.0,0.0,125,0.0,1.0,118,False,False,
2022-06-19,EUR_RUB,inflation,14,1.0,0.0,125,0.0,1.0,111,False,False,
2022-06-19,EUR_RUB,inflation,30,1.0,0.0,125,0.0,1.0,95,False,False,
2022-06-19,EUR_RUB,inflation,60,1.0,0.0,125,0.0,1.0,65,False,False,
2022-06-19,EUR_RUB,banking,1,1.0,0.0,125,0.0,1.0,124,False,False,
2022-06-19,EUR_RUB,banking,7,1.0,0.0,125,0.0,1.0,118,False,False,
2022-06-19,EUR_RUB,banking,14,1.0,0.0,125,0.0,1.0,111,False,False,
2022-06-19,EUR_RUB,banking,30,1.0,0.0,125,0.0,1.0,95,False,False,
2022-06-19,EUR_RUB,banking,60,1.0,0.0,125,0.0,1.0,65,False,False,
2022-06-19,EUR_RUB,gold,1,1.0,0.0,125,0.0,1.0,124,False,False,
2022-06-19,EUR_RUB,gold,7,1.0,0.0,125,0.0,1.0,118,False,False,
2022-06-19,EUR_RUB,gold,14,1.0,0.0,125,0.0,1.0,111,False,False,
2022-06-19,EUR_RUB,gold,30,1.0,0.0,125,0.0,1.0,95,False,False,
2022-06-19,EUR_RUB,gold,60,1.0,0.0,125,0.0,1.0,65,False,False,
2022-06-19,BRENT,oil,1,1.0,0.0,125,0.0,1.0,124,False,False,
2022-06-19,BRENT,oil,7,1.0,0.0,125,0.0,1.0,118,False,False,
2022-06-19,BRENT,oil,14,1.0,0.0,125,0.0,1.0,111,False,False,
2022-06-19,BRENT,oil,30,1.0,0.0,125,0.0,1.0,95,False,False,
2022-06-19,BRENT,oil,60,1.0,0.0,125,0.0,1.0,65,False,False,
2022-06-19,BRENT,rate,1,1.0,0.0,125,0.0,1.0,124,False,False,
2022-06-19,BRENT,rate,7,1.0,0.0,125,0.0,1.0,118,False,False,
2022-06-19,BRENT,rate,14,1.0,0.0,125,0.0,1.0,111,False,False,
2022-06-19,BRENT,rate,30,1.0,0.0,125,0.0,1.0,95,False,False,
2022-06-19,BRENT,rate,60,1.0,0.0,125,0.0,1.0,65,False,False,
2022-06-19,BRENT,ruble,1,1.0,0.0,125,0.0,1.0,124,False,False,
2022-06-19,BRENT,ruble,7,1.0,0.0,125,0.0,1.0,118,False,False,
2022-06-19,BRENT,ruble,14,1.0,0.0,125,0.0,1.0,111,False,False,
2022-06-19,BRENT,ruble,30,1.0,0.0,125,0.0,1.0,95,False,False,
2022-06-19,BRENT,ruble,60,1.0,0.0,125,0.0,1.0,65,False,False,
2022-06-19,BRENT,sanctions,1,1.0,0.0,125,0.0,1.0,124,False,False,
2022-06-19,BRENT,sanctions,7,1.0,0.0,125,0.0,1.0,118,False,False,
2022-06-19,BRENT,sanctions,14,1.0,0.0,125,0.0,1.0,111,False,False,
2022-06-19,BRENT,sanctions,30,1.0,0.0,125,0.0,1.0,95,False,False,
2022-06-19,BRENT,sanctions,60,1.0,0.0,125,0.0,1.0,65,False,False,
2022-06-19,BRENT,inflation,1,1.0,0.0,125,0.0,1.0,124,False,False,
2022-06-19,BRENT,inflation,7,1.0,0.0,125,0.0,1.0,118,False,False,
2022-06-19,BRENT,inflation,14,1.0,0.0,125,0.0,1.0,111,False,False,
2022-06-19,BRENT,inflation,30,1.0,0.0,125,0.0,1.0,95,False,False,
2022-06-19,BRENT,inflation,60,1.0,0.0,125,0.0,1.0,65,False,False,
2022-06-19,BRENT,banking,1,1.0,0.0,125,0.0,1.0,124,False,False,
2022-06-19,BRENT,banking,7,1.0,0.0,125,0.0,1.0,118,False,False,
2022-06-19,BRENT,banking,14,1.0,0.0,125,0.0,1.0,111,False,False,
2022-06-19,BRENT,banking,30,1.0,0.0,125,0.0,1.0,95,False,False,
2022-06-19,BRENT,banking,60,1.0,0.0,125,0.0,1.0,65,False,False,
2022-06-19,BRENT,gold,1,1.0,0.0,125,0.0,1.0,124,False,False,
2022-06-19,BRENT,gold,7,1.0,0.0,125,0.0,1.0,118,False,False,
2022-06-19,BRENT,gold,14,1.0,0.0,125,0.0,1.0,111,False,False,
2022-06-19,BRENT,gold,30,1.0,0.0,125,0.0,1.0,95,False,False,
2022-06-19,BRENT,gold,60,1.0,0.0,125,0.0,1.0,65,False,False,
2022-06-19,SP500,oil,1,1.0,0.0,125,0.0,1.0,124,False,False,
2022-06-19,SP500,oil,7,1.0,0.0,125,0.0,1.0,118,False,False,
2022-06-19,SP500,oil,14,1.0,0.0,125,0.0,1.0,111,False,False,
2022-06-19,SP500,oil,30,1.0,0.0,125,0.0,1.0,95,False,False,
2022-06-19,SP500,oil,60,1.0,0.0,125,0.0,1.0,65,False,False,
2022-06-19,SP500,rate,1,1.0,0.0,125,0.0,1.0,124,False,False,
2022-06-19,SP500,rate,7,1.0,0.0,125,0.0,1.0,118,False,False,
2022-06-19,SP500,rate,14,1.0,0.0,125,0.0,1.0,111,False,False,
2022-06-19,SP500,rate,30,1.0,0.0,125,0.0,1.0,95,False,False,
2022-06-19,SP500,rate,60,1.0,0.0,125,0.0,1.0,65,False,False,
2022-06-19,SP500,ruble,1,1.0,0.0,125,0.0,1.0,124,False,False,
2022-06-19,SP500,ruble,7,1.0,0.0,125,0.0,1.0,118,False,False,
2022-06-19,SP500,ruble,14,1.0,0.0,125,0.0,1.0,111,False,False,
2022-06-19,SP500,ruble,30,1.0,0.0,125,0.0,1.0,95,False,False,
2022-06-19,SP500,ruble,60,1.0,0.0,125,0.0,1.0,65,False,False,
2022-06-19,SP500,sanctions,1,1.0,0.0,125,0.0,1.0,124,False,False,
2022-06-19,SP500,sanctions,7,1.0,0.0,125,0.0,1.0,118,False,False,
2022-06-19,SP500,sanctions,14,1.0,0.0,125,0.0,1.0,111,False,False,
2022-06-19,SP500,sanctions,30,1.0,0.0,125,0.0,1.0,95,False,False,
2022-06-19,SP500,sanctions,60,1.0,0.0,125,0.0,1.0,65,False,False,
2022-06-19,SP500,inflation,1,1.0,0.0,125,0.0,1.0,124,False,False,
2022-06-19,SP500,inflation,7,1.0,0.0,125,0.0,1.0,118,False,False,
2022-06-19,SP500,inflation,14,1.0,0.0,125,0.0,1.0,111,False,False,
2022-06-19,SP500,inflation,30,1.0,0.0,125,0.0,1.0,95,False,False,
2022-06-19,SP500,inflation,60,1.0,0.0,125,0.0,1.0,65,False,False,
2022-06-19,SP500,banking,1,1.0,0.0,125,0.0,1.0,124,False,False,
2022-06-19,SP500,banking,7,1.0,0.0,125,0.0,1.0,118,False,False,
2022-06-19,SP500,banking,14,1.0,0.0,125,0.0,1.0,111,False,False,
2022-06-19,SP500,banking,30,1.0,0.0,125,0.0,1.0,95,False,False,
2022-06-19,SP500,banking,60,1.0,0.0,125,0.0,1.0,65,False,False,
2022-06-19,SP500,gold,1,1.0,0.0,125,0.0,1.0,124,False,False,
2022-06-19,SP500,gold,7,1.0,0.0,125,0.0,1.0,118,False,False,
2022-06-19,SP500,gold,14,1.0,0.0,125,0.0,1.0,111,False,False,
2022-06-19,SP500,gold,30,1.0,0.0,125,0.0,1.0,95,False,False,
2022-06-19,SP500,gold,60,1.0,0.0,125,0.0,1.0,65,False,False,
2022-06-19,MSCI_WORLD,oil,1,1.0,0.0,125,0.0,1.0,124,False,False,
2022-06-19,MSCI_WORLD,oil,7,1.0,0.0,125,0.0,1.0,118,False,False,
2022-06-19,MSCI_WORLD,oil,14,1.0,0.0,125,0.0,1.0,111,False,False,
2022-06-19,MSCI_WORLD,oil,30,1.0,0.0,125,0.0,1.0,95,False,False,
2022-06-19,MSCI_WORLD,oil,60,1.0,0.0,125,0.0,1.0,65,False,False,
2022-06-19,MSCI_WORLD,rate,1,1.0,0.0,125,0.0,1.0,124,False,False,
2022-06-19,MSCI_WORLD,rate,7,1.0,0.0,125,0.0,1.0,118,False,False,
2022-06-19,MSCI_WORLD,rate,14,1.0,0.0,125,0.0,1.0,111,False,False,
2022-06-19,MSCI_WORLD,rate,30,1.0,0.0,125,0.0,1.0,95,False,False,
2022-06-19,MSCI_WORLD,rate,60,1.0,0.0,125,0.0,1.0,65,False,False,
2022-06-19,MSCI_WORLD,ruble,1,1.0,0.0,125,0.0,1.0,124,False,False,
2022-06-19,MSCI_WORLD,ruble,7,1.0,0.0,125,0.0,1.0,118,False,False,
2022-06-19,MSCI_WORLD,ruble,14,1.0,0.0,125,0.0,1.0,111,False,False,
2022-06-19,MSCI_WORLD,ruble,30,1.0,0.0,125,0.0,1.0,95,False,False,
2022-06-19,MSCI_WORLD,ruble,60,1.0,0.0,125,0.0,1.0,65,False,False,
2022-06-19,MSCI_WORLD,sanctions,1,1.0,0.0,125,0.0,1.0,124,False,False,
2022-06-19,MSCI_WORLD,sanctions,7,1.0,0.0,125,0.0,1.0,118,False,False,
2022-06-19,MSCI_WORLD,sanctions,14,1.0,0.0,125,0.0,1.0,111,False,False,
2022-06-19,MSCI_WORLD,sanctions,30,1.0,0.0,125,0.0,1.0,95,False,False,
2022-06-19,MSCI_WORLD,sanctions,60,1.0,0.0,125,0.0,1.0,65,False,False,
2022-06-19,MSCI_WORLD,inflation,1,1.0,0.0,125,0.0,1.0,124,False,False,
2022-06-19,MSCI_WORLD,inflation,7,1.0,0.0,125,0.0,1.0,118,False,False,
2022-06-19,MSCI_WORLD,inflation,14,1.0,0.0,125,0.0,1.0,111,False,False,
2022-06-19,MSCI_WORLD,inflation,30,1.0,0.0,125,0.0,1.0,95,False,False,
2022-06-19,MSCI_WORLD,inflation,60,1.0,0.0,125,0.0,1.0,65,False,False,
2022-06-19,MSCI_WORLD,banking,1,1.0,0.0,125,0.0,1.0,124,False,False,
2022-06-19,MSCI_WORLD,banking,7,1.0,0.0,125,0.0,1.0,118,False,False,
2022-06-19,MSCI_WORLD,banking,14,1.0,0.0,125,0.0,1.0,111,False,False,
2022-06-19,MSCI_WORLD,banking,30,1.0,0.0,125,0.0,1.0,95,False,False,
2022-06-19,MSCI_WORLD,banking,60,1.0,0.0,125,0.0,1.0,65,False,False,
2022-06-19,MSCI_WORLD,gold,1,1.0,0.0,125,0.0,1.0,124,False,False,
2022-06-19,MSCI_WORLD,gold,7,1.0,0.0,125,0.0,1.0,118,False,False,
2022-06-19,MSCI_WORLD,gold,14,1.0,0.0,125,0.0,1.0,111,False,False,
2022-06-19,MSCI_WORLD,gold,30,1.0,0.0,125,0.0,1.0,95,False,False,
2022-06-19,MSCI_WORLD,gold,60,1.0,0.0,125,0.0,1.0,65,False,False,
2022-06-19,DXY,oil,1,1.0,0.0,125,0.0,1.0,124,False,False,
2022-06-19,DXY,oil,7,1.0,0.0,125,0.0,1.0,118,False,False,
2022-06-19,DXY,oil,14,1.0,0.0,125,0.0,1.0,111,False,False,
2022-06-19,DXY,oil,30,1.0,0.0,125,0.0,1.0,95,False,False,
2022-06-19,DXY,oil,60,1.0,0.0,125,0.0,1.0,65,False,False,
2022-06-19,DXY,rate,1,1.0,0.0,125,0.0,1.0,124,False,False,
2022-06-19,DXY,rate,7,1.0,0.0,125,0.0,1.0,118,False,False,
2022-06-19,DXY,rate,14,1.0,0.0,125,0.0,1.0,111,False,False,
2022-06-19,DXY,rate,30,1.0,0.0,125,0.0,1.0,95,False,False,
2022-06-19,DXY,rate,60,1.0,0.0,125,0.0,1.0,65,False,False,
2022-06-19,DXY,ruble,1,1.0,0.0,125,0.0,1.0,124,False,False,
2022-06-19,DXY,ruble,7,1.0,0.0,125,0.0,1.0,118,False,False,
2022-06-19,DXY,ruble,14,1.0,0.0,125,0.0,1.0,111,False,False,
2022-06-19,DXY,ruble,30,1.0,0.0,125,0.0,1.0,95,False,False,
2022-06-19,DXY,ruble,60,1.0,0.0,125,0.0,1.0,65,False,False,
2022-06-19,DXY,sanctions,1,1.0,0.0,125,0.0,1.0,124,False,False,
2022-06-19,DXY,sanctions,7,1.0,0.0,125,0.0,1.0,118,False,False,
2022-06-19,DXY,sanctions,14,1.0,0.0,125,0.0,1.0,111,False,False,
2022-06-19,DXY,sanctions,30,1.0,0.0,125,0.0,1.0,95,False,False,
2022-06-19,DXY,sanctions,60,1.0,0.0,125,0.0,1.0,65,False,False,
2022-06-19,DXY,inflation,1,1.0,0.0,125,0.0,1.0,124,False,False,
2022-06-19,DXY,inflation,7,1.0,0.0,125,0.0,1.0,118,False,False,
2022-06-19,DXY,inflation,14,1.0,0.0,125,0.0,1.0,111,False,False,
2022-06-19,DXY,inflation,30,1.0,0.0,125,0.0,1.0,95,False,False,
2022-06-19,DXY,inflation,60,1.0,0.0,125,0.0,1.0,65,False,False,
2022-06-19,DXY,banking,1,1.0,0.0,125,0.0,1.0,124,False,False,
2022-06-19,DXY,banking,7,1.0,0.0,125,0.0,1.0,118,False,False,
2022-06-19,DXY,banking,14,1.0,0.0,125,0.0,1.0,111,False,False,
2022-06-19,DXY,banking,30,1.0,0.0,125,0.0,1.0,95,False,False,
2022-06-19,DXY,banking,60,1.0,0.0,125,0.0,1.0,65,False,False,
2022-06-19,DXY,gold,1,1.0,0.0,125,0.0,1.0,124,False,False,
2022-06-19,DXY,gold,7,1.0,0.0,125,0.0,1.0,118,False,False,
2022-06-19,DXY,gold,14,1.0,0.0,125,0.0,1.0,111,False,False,
2022-06-19,DXY,gold,30,1.0,0.0,125,0.0,1.0,95,False,False,
2022-06-19,DXY,gold,60,1.0,0.0,125,0.0,1.0,65,False,False,
2022-06-19,MSCI_INDIA,oil,1,1.0,0.0,125,0.0,1.0,124,False,False,
2022-06-19,MSCI_INDIA,oil,7,1.0,0.0,125,0.0,1.0,118,False,False,
2022-06-19,MSCI_INDIA,oil,14,1.0,0.0,125,0.0,1.0,111,False,False,
2022-06-19,MSCI_INDIA,oil,30,1.0,0.0,125,0.0,1.0,95,False,False,
2022-06-19,MSCI_INDIA,oil,60,1.0,0.0,125,0.0,1.0,65,False,False,
2022-06-19,MSCI_INDIA,rate,1,1.0,0.0,125,0.0,1.0,124,False,False,
2022-06-19,MSCI_INDIA,rate,7,1.0,0.0,125,0.0,1.0,118,False,False,
2022-06-19,MSCI_INDIA,rate,14,1.0,0.0,125,0.0,1.0,111,False,False,
2022-06-19,MSCI_INDIA,rate,30,1.0,0.0,125,0.0,1.0,95,False,False,
2022-06-19,MSCI_INDIA,rate,60,1.0,0.0,125,0.0,1.0,65,False,False,
2022-06-19,MSCI_INDIA,ruble,1,1.0,0.0,125,0.0,1.0,124,False,False,
2022-06-19,MSCI_INDIA,ruble,7,1.0,0.0,125,0.0,1.0,118,False,False,
2022-06-19,MSCI_INDIA,ruble,14,1.0,0.0,125,0.0,1.0,111,False,False,
2022-06-19,MSCI_INDIA,ruble,30,1.0,0.0,125,0.0,1.0,95,False,False,
2022-06-19,MSCI_INDIA,ruble,60,1.0,0.0,125,0.0,1.0,65,False,False,
2022-06-19,MSCI_INDIA,sanctions,1,1.0,0.0,125,0.0,1.0,124,False,False,
2022-06-19,MSCI_INDIA,sanctions,7,1.0,0.0,125,0.0,1.0,118,False,False,
2022-06-19,MSCI_INDIA,sanctions,14,1.0,0.0,125,0.0,1.0,111,False,False,
2022-06-19,MSCI_INDIA,sanctions,30,1.0,0.0,125,0.0,1.0,95,False,False,
2022-06-19,MSCI_INDIA,sanctions,60,1.0,0.0,125,0.0,1.0,65,False,False,
2022-06-19,MSCI_INDIA,inflation,1,1.0,0.0,125,0.0,1.0,124,False,False,
2022-06-19,MSCI_INDIA,inflation,7,1.0,0.0,125,0.0,1.0,118,False,False,
2022-06-19,MSCI_INDIA,inflation,14,1.0,0.0,125,0.0,1.0,111,False,False,
2022-06-19,MSCI_INDIA,inflation,30,1.0,0.0,125,0.0,1.0,95,False,False,
2022-06-19,MSCI_INDIA,inflation,60,1.0,0.0,125,0.0,1.0,65,False,False,
2022-06-19,MSCI_INDIA,banking,1,1.0,0.0,125,0.0,1.0,124,False,False,
2022-06-19,MSCI_INDIA,banking,7,1.0,0.0,125,0.0,1.0,118,False,False,
2022-06-19,MSCI_INDIA,banking,14,1.0,0.0,125,0.0,1.0,111,False,False,
2022-06-19,MSCI_INDIA,banking,30,1.0,0.0,125,0.0,1.0,95,False,False,
2022-06-19,MSCI_INDIA,banking,60,1.0,0.0,125,0.0,1.0,65,False,False,
2022-06-19,MSCI_INDIA,gold,1,1.0,0.0,125,0.0,1.0,124,False,False,
2022-06-19,MSCI_INDIA,gold,7,1.0,0.0,125,0.0,1.0,118,False,False,
2022-06-19,MSCI_INDIA,gold,14,1.0,0.0,125,0.0,1.0,111,False,False,
2022-06-19,MSCI_INDIA,gold,30,1.0,0.0,125,0.0,1.0,95,False,False,
2022-06-19,MSCI_INDIA,gold,60,1.0,0.0,125,0.0,1.0,65,False,False,
2022-06-22,USD_RUB,oil,1,1.0,0.0,125,0.0,1.0,124,False,False,
2022-06-22,USD_RUB,oil,7,1.0,0.0,125,0.0,1.0,118,False,False,
2022-06-22,USD_RUB,oil,14,1.0,0.0,125,0.0,1.0,111,False,False,
2022-06-22,USD_RUB,oil,30,1.0,0.0,125,0.0,1.0,95,False,False,
2022-06-22,USD_RUB,oil,60,1.0,0.0,125,0.0,1.0,65,False,False,
2022-06-22,USD_RUB,rate,1,1.0,0.0,125,0.0,1.0,124,False,False,
2022-06-22,USD_RUB,rate,7,1.0,0.0,125,0.0,1.0,118,False,False,
2022-06-22,USD_RUB,rate,14,1.0,0.0,125,0.0,1.0,111,False,False,
2022-06-22,USD_RUB,rate,30,1.0,0.0,125,0.0,1.0,95,False,False,
2022-06-22,USD_RUB,rate,60,1.0,0.0,125,0.0,1.0,65,False,False,
2022-06-22,USD_RUB,ruble,1,1.0,0.0,125,0.0,1.0,124,False,False,
2022-06-22,USD_RUB,ruble,7,1.0,0.0,125,0.0,1.0,118,False,False,
2022-06-22,USD_RUB,ruble,14,1.0,0.0,125,0.0,1.0,111,False,False,
2022-06-22,USD_RUB,ruble,30,1.0,0.0,125,0.0,1.0,95,False,False,
2022-06-22,USD_RUB,ruble,60,1.0,0.0,125,0.0,1.0,65,False,False,
2022-06-22,USD_RUB,sanctions,1,1.0,0.0,125,0.0,1.0,124,False,False,
2022-06-22,USD_RUB,sanctions,7,1.0,0.0,125,0.0,1.0,118,False,False,
2022-06-22,USD_RUB,sanctions,14,1.0,0.0,125,0.0,1.0,111,False,False,
2022-06-22,USD_RUB,sanctions,30,1.0,0.0,125,0.0,1.0,95,False,False,
2022-06-22,USD_RUB,sanctions,60,1.0,0.0,125,0.0,1.0,65,False,False,
2022-06-22,USD_RUB,inflation,1,1.0,0.0,125,0.0,1.0,124,False,False,
2022-06-22,USD_RUB,inflation,7,1.0,0.0,125,0.0,1.0,118,False,False,
2022-06-22,USD_RUB,inflation,14,1.0,0.0,125,0.0,1.0,111,False,False,
2022-06-22,USD_RUB,inflation,30,1.0,0.0,125,0.0,1.0,95,False,False,
2022-06-22,USD_RUB,inflation,60,1.0,0.0,125,0.0,1.0,65,False,False,
2022-06-22,USD_RUB,banking,1,1.0,0.0,125,0.0,1.0,124,False,False,
2022-06-22,USD_RUB,banking,7,1.0,0.0,125,0.0,1.0,118,False,False,
2022-06-22,USD_RUB,banking,14,1.0,0.0,125,0.0,1.0,111,False,False,
2022-06-22,USD_RUB,banking,30,1.0,0.0,125,0.0,1.0,95,False,False,
2022-06-22,USD_RUB,banking,60,1.0,0.0,125,0.0,1.0,65,False,False,
2022-06-22,USD_RUB,gold,1,1.0,0.0,125,0.0,1.0,124,False,False,
2022-06-22,USD_RUB,gold,7,1.0,0.0,125,0.0,1.0,118,False,False,
2022-06-22,USD_RUB,gold,14,1.0,0.0,125,0.0,1.0,111,False,False,
2022-06-22,USD_RUB,gold,30,1.0,0.0,125,0.0,1.0,95,False,False,
2022-06-22,USD_RUB,gold,60,1.0,0.0,125,0.0,1.0,65,False,False,
2022-06-22,EUR_RUB,oil,1,1.0,0.0,125,0.0,1.0,124,False,False,
2022-06-22,EUR_RUB,oil,7,1.0,0.0,125,0.0,1.0,118,False,False,
2022-06-22,EUR_RUB,oil,14,1.0,0.0,125,0.0,1.0,111,False,False,
2022-06-22,EUR_RUB,oil,30,1.0,0.0,125,0.0,1.0,95,False,False,
2022-06-22,EUR_RUB,oil,60,1.0,0.0,125,0.0,1.0,65,False,False,
2022-06-22,EUR_RUB,rate,1,1.0,0.0,125,0.0,1.0,124,False,False,
2022-06-22,EUR_RUB,rate,7,1.0,0.0,125,0.0,1.0,118,False,False,
2022-06-22,EUR_RUB,rate,14,1.0,0.0,125,0.0,1.0,111,False,False,
2022-06-22,EUR_RUB,rate,30,1.0,0.0,125,0.0,1.0,95,False,False,
2022-06-22,EUR_RUB,rate,60,1.0,0.0,125,0.0,1.0,65,False,False,
2022-06-22,EUR_RUB,ruble,1,1.0,0.0,125,0.0,1.0,124,False,False,
2022-06-22,EUR_RUB,ruble,7,1.0,0.0,125,0.0,1.0,118,False,False,
2022-06-22,EUR_RUB,ruble,14,1.0,0.0,125,0.0,1.0,111,False,False,
2022-06-22,EUR_RUB,ruble,30,1.0,0.0,125,0.0,1.0,95,False,False,
2022-06-22,EUR_RUB,ruble,60,1.0,0.0,125,0.0,1.0,65,False,False,
2022-06-22,EUR_RUB,sanctions,1,1.0,0.0,125,0.0,1.0,124,False,False,
2022-06-22,EUR_RUB,sanctions,7,1.0,0.0,125,0.0,1.0,118,False,False,
2022-06-22,EUR_RUB,sanctions,14,1.0,0.0,125,0.0,1.0,111,False,False,
2022-06-22,EUR_RUB,sanctions,30,1.0,0.0,125,0.0,1.0,95,False,False,
2022-06-22,EUR_RUB,sanctions,60,1.0,0.0,125,0.0,1.0,65,False,False,
2022-06-22,EUR_RUB,inflation,1,1.0,0.0,125,0.0,1.0,124,False,False,
2022-06-22,EUR_RUB,inflation,7,1.0,0.0,125,0.0,1.0,118,False,False,
2022-06-22,EUR_RUB,inflation,14,1.0,0.0,125,0.0,1.0,111,False,False,
2022-06-22,EUR_RUB,inflation,30,1.0,0.0,125,0.0,1.0,95,False,False,
2022-06-22,EUR_RUB,inflation,60,1.0,0.0,125,0.0,1.0,65,False,False,
2022-06-22,EUR_RUB,banking,1,1.0,0.0,125,0.0,1.0,124,False,False,
2022-06-22,EUR_RUB,banking,7,1.0,0.0,125,0.0,1.0,118,False,False,
2022-06-22,EUR_RUB,banking,14,1.0,0.0,125,0.0,1.0,111,False,False,
2022-06-22,EUR_RUB,banking,30,1.0,0.0,125,0.0,1.0,95,False,False,
2022-06-22,EUR_RUB,banking,60,1.0,0.0,125,0.0,1.0,65,False,False,
2022-06-22,EUR_RUB,gold,1,1.0,0.0,125,0.0,1.0,124,False,False,
2022-06-22,EUR_RUB,gold,7,1.0,0.0,125,0.0,1.0,118,False,False,
2022-06-22,EUR_RUB,gold,14,1.0,0.0,125,0.0,1.0,111,False,False,
2022-06-22,EUR_RUB,gold,30,1.0,0.0,125,0.0,1.0,95,False,False,
2022-06-22,EUR_RUB,gold,60,1.0,0.0,125,0.0,1.0,65,False,False,
2022-06-22,BRENT,oil,1,1.0,0.0,125,0.0,1.0,124,False,False,
2022-06-22,BRENT,oil,7,1.0,0.0,125,0.0,1.0,118,False,False,
2022-06-22,BRENT,oil,14,1.0,0.0,125,0.0,1.0,111,False,False,
2022-06-22,BRENT,oil,30,1.0,0.0,125,0.0,1.0,95,False,False,
2022-06-22,BRENT,oil,60,1.0,0.0,125,0.0,1.0,65,False,False,
2022-06-22,BRENT,rate,1,1.0,0.0,125,0.0,1.0,124,False,False,
2022-06-22,BRENT,rate,7,1.0,0.0,125,0.0,1.0,118,False,False,
2022-06-22,BRENT,rate,14,1.0,0.0,125,0.0,1.0,111,False,False,
2022-06-22,BRENT,rate,30,1.0,0.0,125,0.0,1.0,95,False,False,
2022-06-22,BRENT,rate,60,1.0,0.0,125,0.0,1.0,65,False,False,
2022-06-22,BRENT,ruble,1,1.0,0.0,125,0.0,1.0,124,False,False,
2022-06-22,BRENT,ruble,7,1.0,0.0,125,0.0,1.0,118,False,False,
2022-06-22,BRENT,ruble,14,1.0,0.0,125,0.0,1.0,111,False,False,
2022-06-22,BRENT,ruble,30,1.0,0.0,125,0.0,1.0,95,False,False,
2022-06-22,BRENT,ruble,60,1.0,0.0,125,0.0,1.0,65,False,False,
2022-06-22,BRENT,sanctions,1,1.0,0.0,125,0.0,1.0,124,False,False,
2022-06-22,BRENT,sanctions,7,1.0,0.0,125,0.0,1.0,118,False,False,
2022-06-22,BRENT,sanctions,14,1.0,0.0,125,0.0,1.0,111,False,False,
2022-06-22,BRENT,sanctions,30,1.0,0.0,125,0.0,1.0,95,False,False,
2022-06-22,BRENT,sanctions,60,1.0,0.0,125,0.0,1.0,65,False,False,
2022-06-22,BRENT,inflation,1,1.0,0.0,125,0.0,1.0,124,False,False,
2022-06-22,BRENT,inflation,7,1.0,0.0,125,0.0,1.0,118,False,False,
2022-06-22,BRENT,inflation,14,1.0,0.0,125,0.0,1.0,111,False,False,
2022-06-22,BRENT,inflation,30,1.0,0.0,125,0.0,1.0,95,False,False,
2022-06-22,BRENT,inflation,60,1.0,0.0,125,0.0,1.0,65,False,False,
2022-06-22,BRENT,banking,1,1.0,0.0,125,0.0,1.0,124,False,False,
2022-06-22,BRENT,banking,7,1.0,0.0,125,0.0,1.0,118,False,False,
2022-06-22,BRENT,banking,14,1.0,0.0,125,0.0,1.0,111,False,False,
2022-06-22,BRENT,banking,30,1.0,0.0,125,0.0,1.0,95,False,False,
2022-06-22,BRENT,banking,60,1.0,0.0,125,0.0,1.0,65,False,False,
2022-06-22,BRENT,gold,1,1.0,0.0,125,0.0,1.0,124,False,False,
2022-06-22,BRENT,gold,7,1.0,0.0,125,0.0,1.0,118,False,False,
2022-06-22,BRENT,gold,14,1.0,0.0,125,0.0,1.0,111,False,False,
2022-06-22,BRENT,gold,30,1.0,0.0,125,0.0,1.0,95,False,False,
2022-06-22,BRENT,gold,60,1.0,0.0,125,0.0,1.0,65,False,False,
2022-06-22,SP500,oil,1,1.0,0.0,125,0.0,1.0,124,False,False,
2022-06-22,SP500,oil,7,1.0,0.0,125,0.0,1.0,118,False,False,
2022-06-22,SP500,oil,14,1.0,0.0,125,0.0,1.0,111,False,False,
2022-06-22,SP500,oil,30,1.0,0.0,125,0.0,1.0,95,False,False,
2022-06-22,SP500,oil,60,1.0,0.0,125,0.0,1.0,65,False,False,
2022-06-22,SP500,rate,1,1.0,0.0,125,0.0,1.0,124,False,False,
2022-06-22,SP500,rate,7,1.0,0.0,125,0.0,1.0,118,False,False,
2022-06-22,SP500,rate,14,1.0,0.0,125,0.0,1.0,111,False,False,
2022-06-22,SP500,rate,30,1.0,0.0,125,0.0,1.0,95,False,False,
2022-06-22,SP500,rate,60,1.0,0.0,125,0.0,1.0,65,False,False,
2022-06-22,SP500,ruble,1,1.0,0.0,125,0.0,1.0,124,False,False,
2022-06-22,SP500,ruble,7,1.0,0.0,125,0.0,1.0,118,False,False,
2022-06-22,SP500,ruble,14,1.0,0.0,125,0.0,1.0,111,False,False,
2022-06-22,SP500,ruble,30,1.0,0.0,125,0.0,1.0,95,False,False,
2022-06-22,SP500,ruble,60,1.0,0.0,125,0.0,1.0,65,False,False,
2022-06-22,SP500,sanctions,1,1.0,0.0,125,0.0,1.0,124,False,False,
2022-06-22,SP500,sanctions,7,1.0,0.0,125,0.0,1.0,118,False,False,
2022-06-22,SP500,sanctions,14,1.0,0.0,125,0.0,1.0,111,False,False,
2022-06-22,SP500,sanctions,30,1.0,0.0,125,0.0,1.0,95,False,False,
2022-06-22,SP500,sanctions,60,1.0,0.0,125,0.0,1.0,65,False,False,
2022-06-22,SP500,inflation,1,1.0,0.0,125,0.0,1.0,124,False,False,
2022-06-22,SP500,inflation,7,1.0,0.0,125,0.0,1.0,118,False,False,
2022-06-22,SP500,inflation,14,1.0,0.0,125,0.0,1.0,111,False,False,
2022-06-22,SP500,inflation,30,1.0,0.0,125,0.0,1.0,95,False,False,
