[18:18:23] Loading train data...
[18:18:24]   train: 16/16 instruments loaded
[18:18:24] Loading val data...
[18:18:25]   val: 16/16 instruments loaded
[18:18:25] Loading test data...
[18:18:26]   test: 16/16 instruments loaded
[18:18:26] OUROBOROS LOOP: max=8.0h
[18:18:26] Each round learns from the previous. Gates adapt. Focus narrows.
[18:18:26] 
============================================================
[18:18:26] ROUND 1  |  elapsed=0.00h  remaining=8.00h
[18:18:26] ============================================================
[18:18:26] Configs this round: 15
[18:18:26] 
  [1/15] sweep_keyword_raw_market_return  budget=32min  ic_gate=0.03  ens=M6_only
[18:18:26]   Config: sweep_keyword_raw_market_return
[18:18:26]     feature=keyword_raw  target=market_return  ensemble=M6_only  ic_min=0.03
[18:18:30]   HIT  SP500              oil              lag=  1 m5_p=0.6627  m6_ic=0.0539
[18:18:30]   HIT  SP500              oil              lag=  7 m5_p=0.5171  m6_ic=0.0363
[18:18:31]   HIT  SP500              rate             lag= 14 m5_p=0.5287  m6_ic=0.0301
[18:18:32]   HIT  SP500              rate             lag= 30 m5_p=0.9348  m6_ic=0.0314
[18:18:32]   HIT  SP500              ruble            lag=  7 m5_p=0.9108  m6_ic=0.0474
[18:18:32]   HIT  SP500              ruble            lag= 30 m5_p=0.0762  m6_ic=0.0413
[18:18:34]   HIT  SP500              inflation        lag= 14 m5_p=0.5948  m6_ic=0.0655
[18:18:35]   HIT  SP500              banking          lag=  7 m5_p=0.3701  m6_ic=0.0536
[18:18:36]   HIT  SP500              gold             lag=  7 m5_p=0.8524  m6_ic=0.0942
[18:18:36]   HIT  USD_RUB            oil              lag=  1 m5_p=0.4151  m6_ic=0.0614
[18:18:37]   HIT  USD_RUB            oil              lag= 14 m5_p=0.6241  m6_ic=0.0417
[18:18:37]   HIT  USD_RUB            oil              lag= 30 m5_p=0.1626  m6_ic=0.0698
[18:18:37]   HIT  USD_RUB            rate             lag=  1 m5_p=0.7527  m6_ic=0.0950
[18:18:37]   HIT  USD_RUB            rate             lag=  7 m5_p=0.8101  m6_ic=0.0394
[18:18:37]   HIT  USD_RUB            rate             lag= 14 m5_p=0.7542  m6_ic=0.0378
[18:18:38]   HIT  USD_RUB            rate             lag= 30 m5_p=0.9971  m6_ic=0.0479
[18:18:38]   HIT  USD_RUB            ruble            lag=  1 m5_p=0.7646  m6_ic=0.0442
[18:18:38]   HIT  USD_RUB            ruble            lag=  7 m5_p=0.4884  m6_ic=0.0483
[18:18:38]   HIT  USD_RUB            ruble            lag= 14 m5_p=0.9676  m6_ic=0.1183
[18:18:38]   HIT  USD_RUB            sanctions        lag=  1 m5_p=0.0777  m6_ic=0.1348
[18:18:39]   HIT  USD_RUB            sanctions        lag=  7 m5_p=0.9775  m6_ic=0.0313
[18:18:39]   HIT  USD_RUB            sanctions        lag= 14 m5_p=0.1527  m6_ic=0.0743
[18:18:39]   HIT  USD_RUB            sanctions        lag= 30 m5_p=0.6349  m6_ic=0.0726
[18:18:39]   HIT  USD_RUB            inflation        lag=  1 m5_p=0.8798  m6_ic=0.0351
[18:18:39]   HIT  USD_RUB            inflation        lag=  7 m5_p=0.9352  m6_ic=0.0371
[18:18:40]   HIT  USD_RUB            inflation        lag= 14 m5_p=0.5422  m6_ic=0.0338
[18:18:40]   HIT  USD_RUB            banking          lag= 14 m5_p=0.8158  m6_ic=0.0645
[18:18:41]   HIT  USD_RUB            banking          lag= 30 m5_p=0.6790  m6_ic=0.0792
[18:18:41]   HIT  USD_RUB            gold             lag= 14 m5_p=0.9653  m6_ic=0.0307
[18:18:42]   HIT  EUR_RUB            oil              lag=  1 m5_p=0.4151  m6_ic=0.0614
[18:18:42]   HIT  EUR_RUB            oil              lag= 14 m5_p=0.6241  m6_ic=0.0417
[18:18:42]   HIT  EUR_RUB            oil              lag= 30 m5_p=0.1626  m6_ic=0.0698
[18:18:42]   HIT  EUR_RUB            rate             lag=  1 m5_p=0.7527  m6_ic=0.0950
[18:18:43]   HIT  EUR_RUB            rate             lag=  7 m5_p=0.8101  m6_ic=0.0394
[18:18:43]   HIT  EUR_RUB            rate             lag= 14 m5_p=0.7542  m6_ic=0.0378
[18:18:43]   HIT  EUR_RUB            rate             lag= 30 m5_p=0.9971  m6_ic=0.0479
[18:18:43]   HIT  EUR_RUB            ruble            lag=  1 m5_p=0.7646  m6_ic=0.0442
[18:18:43]   HIT  EUR_RUB            ruble            lag=  7 m5_p=0.4884  m6_ic=0.0483
[18:18:44]   HIT  EUR_RUB            ruble            lag= 14 m5_p=0.9676  m6_ic=0.1183
[18:18:44]   HIT  EUR_RUB            sanctions        lag=  1 m5_p=0.0777  m6_ic=0.1348
[18:18:44]   HIT  EUR_RUB            sanctions        lag=  7 m5_p=0.9775  m6_ic=0.0313
[18:18:44]   HIT  EUR_RUB            sanctions        lag= 14 m5_p=0.1527  m6_ic=0.0743
[18:18:45]   HIT  EUR_RUB            sanctions        lag= 30 m5_p=0.6349  m6_ic=0.0726
[18:18:45]   HIT  EUR_RUB            inflation        lag=  1 m5_p=0.8798  m6_ic=0.0351
[18:18:45]   HIT  EUR_RUB            inflation        lag=  7 m5_p=0.9352  m6_ic=0.0371
[18:18:45]   HIT  EUR_RUB            inflation        lag= 14 m5_p=0.5422  m6_ic=0.0338
[18:18:46]   HIT  EUR_RUB            banking          lag= 14 m5_p=0.8158  m6_ic=0.0645
[18:18:46]   HIT  EUR_RUB            banking          lag= 30 m5_p=0.6790  m6_ic=0.0792
[18:18:47]   HIT  EUR_RUB            gold             lag= 14 m5_p=0.9653  m6_ic=0.0307
[18:18:47]   HIT  DJ_SOUTH_AFRICA    oil              lag=  7 m5_p=0.4695  m6_ic=0.0444
[18:18:49]   HIT  DJ_SOUTH_AFRICA    rate             lag= 30 m5_p=0.5259  m6_ic=0.0386
[18:18:49]   HIT  DJ_SOUTH_AFRICA    ruble            lag= 14 m5_p=0.8469  m6_ic=0.0706
[18:18:49]   HIT  DJ_SOUTH_AFRICA    ruble            lag= 30 m5_p=0.4112  m6_ic=0.0331
[18:18:50]   HIT  DJ_SOUTH_AFRICA    sanctions        lag=  1 m5_p=0.7779  m6_ic=0.1255
[18:18:50]   HIT  DJ_SOUTH_AFRICA    sanctions        lag=  7 m5_p=0.4984  m6_ic=0.0476
[18:18:50]   HIT  DJ_SOUTH_AFRICA    sanctions        lag= 14 m5_p=0.0167  m6_ic=0.0383
[18:18:50]   HIT  DJ_SOUTH_AFRICA    sanctions        lag= 30 m5_p=0.1325  m6_ic=0.0511
[18:18:50]   HIT  DJ_SOUTH_AFRICA    inflation        lag=  1 m5_p=0.4426  m6_ic=0.0457
[18:18:51]   HIT  DJ_SOUTH_AFRICA    inflation        lag= 14 m5_p=0.8858  m6_ic=0.0498
[18:18:51]   HIT  DJ_SOUTH_AFRICA    inflation        lag= 30 m5_p=0.9178  m6_ic=0.0772
[18:18:51]   HIT  DJ_SOUTH_AFRICA    banking          lag=  1 m5_p=0.8775  m6_ic=0.0612
[18:18:51]   HIT  DJ_SOUTH_AFRICA    banking          lag=  7 m5_p=0.9187  m6_ic=0.1092
[18:18:51]   HIT  DJ_SOUTH_AFRICA    banking          lag= 14 m5_p=0.7734  m6_ic=0.0857
[18:18:52]   HIT  DJ_SOUTH_AFRICA    banking          lag= 30 m5_p=0.5459  m6_ic=0.0867
[18:18:52]   HIT  DJ_SOUTH_AFRICA    gold             lag=  1 m5_p=0.9638  m6_ic=0.0482
[18:18:52]   HIT  DJ_SOUTH_AFRICA    gold             lag=  7 m5_p=0.0160  m6_ic=0.0380
[18:18:52]   HIT  DJ_SOUTH_AFRICA    gold             lag= 14 m5_p=0.1792  m6_ic=0.0626
[18:18:52]   HIT  DJ_SOUTH_AFRICA    gold             lag= 30 m5_p=0.8632  m6_ic=0.0696
[18:18:53]   HIT  MSCI_WORLD         oil              lag= 14 m5_p=0.7583  m6_ic=0.0790
[18:18:53]   HIT  MSCI_WORLD         oil              lag= 30 m5_p=0.5465  m6_ic=0.0388
[18:18:53]   HIT  MSCI_WORLD         rate             lag=  1 m5_p=0.8296  m6_ic=0.0851
[18:18:54]   HIT  MSCI_WORLD         rate             lag=  7 m5_p=0.4579  m6_ic=0.0438
[18:18:54]   HIT  MSCI_WORLD         rate             lag= 14 m5_p=0.7534  m6_ic=0.0444
[18:18:54]   HIT  MSCI_WORLD         rate             lag= 30 m5_p=0.4239  m6_ic=0.1146
[18:18:54]   HIT  MSCI_WORLD         ruble            lag=  1 m5_p=0.8053  m6_ic=0.0430
[18:18:55]   HIT  MSCI_WORLD         sanctions        lag=  1 m5_p=0.9279  m6_ic=0.0375
[18:18:55]   HIT  MSCI_WORLD         sanctions        lag= 14 m5_p=0.0236  m6_ic=0.0584
[18:18:56]   HIT  MSCI_WORLD         sanctions        lag= 30 m5_p=0.1371  m6_ic=0.0381
[18:18:56]   HIT  MSCI_WORLD         inflation        lag=  1 m5_p=0.9293  m6_ic=0.0340
[18:18:56]   HIT  MSCI_WORLD         inflation        lag=  7 m5_p=0.8139  m6_ic=0.0516
[18:18:56]   HIT  MSCI_WORLD         banking          lag=  1 m5_p=0.6049  m6_ic=0.0353
[18:18:57]   HIT  MSCI_WORLD         banking          lag=  7 m5_p=0.2795  m6_ic=0.0432
[18:18:57]   HIT  MSCI_WORLD         banking          lag= 14 m5_p=0.5942  m6_ic=0.0327
[18:18:57]   HIT  MSCI_WORLD         banking          lag= 30 m5_p=0.7214  m6_ic=0.0710
[18:18:58]   HIT  MSCI_WORLD         gold             lag= 14 m5_p=0.9363  m6_ic=0.0811
[18:18:58]   HIT  DXY                oil              lag=  1 m5_p=0.9938  m6_ic=0.0545
[18:18:58]   HIT  DXY                oil              lag=  7 m5_p=0.4559  m6_ic=0.0401
[18:18:58]   HIT  DXY                oil              lag= 14 m5_p=0.9907  m6_ic=0.0408
[18:18:59]   HIT  DXY                rate             lag=  1 m5_p=0.6407  m6_ic=0.1002
[18:18:59]   HIT  DXY                rate             lag=  7 m5_p=0.8922  m6_ic=0.0507
[18:18:59]   HIT  DXY                rate             lag= 30 m5_p=0.6109  m6_ic=0.0358
[18:19:00]   HIT  DXY                ruble            lag= 30 m5_p=0.7125  m6_ic=0.0336
[18:19:01]   HIT  DXY                sanctions        lag=  7 m5_p=0.6776  m6_ic=0.0334
[18:19:01]   HIT  DXY                sanctions        lag= 14 m5_p=0.2611  m6_ic=0.0324
[18:19:02]   HIT  DXY                banking          lag=  7 m5_p=0.9637  m6_ic=0.0312
[18:19:02]   HIT  DXY                banking          lag= 14 m5_p=0.7537  m6_ic=0.0459
[18:19:03]   HIT  DXY                banking          lag= 30 m5_p=0.8030  m6_ic=0.0401
[18:19:03]   HIT  DXY                gold             lag=  7 m5_p=0.1827  m6_ic=0.0601
[18:19:03]   HIT  DXY                gold             lag= 14 m5_p=0.6443  m6_ic=0.0731
[18:19:03]   HIT  DXY                gold             lag= 30 m5_p=0.8404  m6_ic=0.0608
[18:19:04]   HIT  BRENT              oil              lag=  7 m5_p=0.9807  m6_ic=0.0504
[18:19:04]   HIT  BRENT              oil              lag= 14 m5_p=0.8691  m6_ic=0.0561
[18:19:04]   HIT  BRENT              oil              lag= 30 m5_p=0.8554  m6_ic=0.0732
[18:19:04]   HIT  BRENT              rate             lag=  7 m5_p=0.9612  m6_ic=0.0734
[18:19:05]   HIT  BRENT              rate             lag= 14 m5_p=0.9184  m6_ic=0.0727
[18:19:05]   HIT  BRENT              ruble            lag=  7 m5_p=0.1811  m6_ic=0.0722
[18:19:05]   HIT  BRENT              ruble            lag= 14 m5_p=0.6368  m6_ic=0.0536
[18:19:06]   HIT  BRENT              ruble            lag= 30 m5_p=0.4976  m6_ic=0.0478
[18:19:06]   HIT  BRENT              sanctions        lag=  1 m5_p=0.8883  m6_ic=0.0389
[18:19:06]   HIT  BRENT              sanctions        lag=  7 m5_p=0.0344  m6_ic=0.1222
[18:19:06]   HIT  BRENT              sanctions        lag= 14 m5_p=0.6047  m6_ic=0.0669
[18:19:06]   HIT  BRENT              sanctions        lag= 30 m5_p=0.7844  m6_ic=0.0517
[18:19:07]   HIT  BRENT              inflation        lag=  7 m5_p=0.6647  m6_ic=0.0522
[18:19:07]   HIT  BRENT              inflation        lag= 30 m5_p=0.7393  m6_ic=0.0407
[18:19:08]   HIT  BRENT              banking          lag= 30 m5_p=0.3849  m6_ic=0.0319
[18:19:08]   HIT  BRENT              gold             lag=  1 m5_p=0.4448  m6_ic=0.0355
[18:19:09]   HIT  BRENT              gold             lag= 30 m5_p=0.6646  m6_ic=0.0375
[18:19:09]   HIT  MSCI_INDIA         oil              lag=  1 m5_p=0.8762  m6_ic=0.0847
[18:19:09]   HIT  MSCI_INDIA         oil              lag=  7 m5_p=0.6587  m6_ic=0.0376
[18:19:09]   HIT  MSCI_INDIA         oil              lag= 14 m5_p=0.9138  m6_ic=0.0576
[18:19:10]   HIT  MSCI_INDIA         rate             lag=  7 m5_p=0.4848  m6_ic=0.0311
[18:19:10]   HIT  MSCI_INDIA         rate             lag= 30 m5_p=0.6603  m6_ic=0.0430
[18:19:11]   HIT  MSCI_INDIA         ruble            lag= 30 m5_p=0.6740  m6_ic=0.0458
[18:19:11]   HIT  MSCI_INDIA         sanctions        lag=  1 m5_p=0.8585  m6_ic=0.1201
[18:19:11]   HIT  MSCI_INDIA         sanctions        lag= 14 m5_p=0.0381  m6_ic=0.0760
[18:19:12]   HIT  MSCI_INDIA         inflation        lag=  1 m5_p=0.9173  m6_ic=0.1354
[18:19:12]   HIT  MSCI_INDIA         inflation        lag= 30 m5_p=0.7822  m6_ic=0.0536
[18:19:13]   HIT  MSCI_INDIA         banking          lag=  1 m5_p=0.5125  m6_ic=0.0806
[18:19:13]   HIT  MSCI_INDIA         banking          lag=  7 m5_p=0.5848  m6_ic=0.1100
[18:19:13]   HIT  MSCI_INDIA         banking          lag= 30 m5_p=0.5876  m6_ic=0.0520
[18:19:13]   HIT  MSCI_INDIA         gold             lag=  1 m5_p=0.9223  m6_ic=0.0316
[18:19:14]   HIT  MSCI_INDIA         gold             lag= 30 m5_p=0.8411  m6_ic=0.0849
[18:19:14]   HIT  CHINA_H_SHARES     oil              lag=  1 m5_p=0.4252  m6_ic=0.0343
[18:19:14]   HIT  CHINA_H_SHARES     oil              lag=  7 m5_p=0.2836  m6_ic=0.0621
[18:19:15]   HIT  CHINA_H_SHARES     oil              lag= 14 m5_p=0.7447  m6_ic=0.0546
[18:19:15]   HIT  CHINA_H_SHARES     rate             lag=  1 m5_p=0.4171  m6_ic=0.0592
[18:19:15]   HIT  CHINA_H_SHARES     rate             lag=  7 m5_p=0.8738  m6_ic=0.0416
[18:19:15]   HIT  CHINA_H_SHARES     rate             lag= 14 m5_p=0.2584  m6_ic=0.0415
[18:19:16]   HIT  CHINA_H_SHARES     ruble            lag=  1 m5_p=0.8376  m6_ic=0.0627
[18:19:16]   HIT  CHINA_H_SHARES     ruble            lag= 30 m5_p=0.5751  m6_ic=0.0612
[18:19:16]   HIT  CHINA_H_SHARES     sanctions        lag=  1 m5_p=0.1269  m6_ic=0.0444
[18:19:17]   HIT  CHINA_H_SHARES     sanctions        lag= 14 m5_p=0.0570  m6_ic=0.0427
[18:19:17]   HIT  CHINA_H_SHARES     sanctions        lag= 30 m5_p=0.7132  m6_ic=0.0422
[18:19:17]   HIT  CHINA_H_SHARES     inflation        lag=  1 m5_p=0.5014  m6_ic=0.0630
[18:19:18]   HIT  CHINA_H_SHARES     inflation        lag=  7 m5_p=0.5842  m6_ic=0.0326
[18:19:19]   HIT  CHINA_H_SHARES     banking          lag= 14 m5_p=0.1631  m6_ic=0.0425
[18:19:19]   HIT  CHINA_H_SHARES     banking          lag= 30 m5_p=0.4281  m6_ic=0.0334
[18:19:19]   HIT  CHINA_H_SHARES     gold             lag=  1 m5_p=0.7182  m6_ic=0.0669
[18:19:19]   HIT  CHINA_H_SHARES     gold             lag= 14 m5_p=0.9956  m6_ic=0.0525
[18:19:20]   HIT  FTSE_CHINA_50      oil              lag=  1 m5_p=0.4584  m6_ic=0.0529
[18:19:20]   HIT  FTSE_CHINA_50      oil              lag=  7 m5_p=0.2440  m6_ic=0.0695
[18:19:20]   HIT  FTSE_CHINA_50      oil              lag= 14 m5_p=0.7124  m6_ic=0.0473
[18:19:21]   HIT  FTSE_CHINA_50      rate             lag=  1 m5_p=0.5148  m6_ic=0.0649
[18:19:21]   HIT  FTSE_CHINA_50      rate             lag=  7 m5_p=0.9913  m6_ic=0.0363
[18:19:21]   HIT  FTSE_CHINA_50      rate             lag= 14 m5_p=0.2687  m6_ic=0.0479
[18:19:21]   HIT  FTSE_CHINA_50      ruble            lag=  1 m5_p=0.9901  m6_ic=0.0409
[18:19:22]   HIT  FTSE_CHINA_50      ruble            lag= 30 m5_p=0.3880  m6_ic=0.0817
[18:19:22]   HIT  FTSE_CHINA_50      sanctions        lag= 14 m5_p=0.0897  m6_ic=0.0445
[18:19:23]   HIT  FTSE_CHINA_50      sanctions        lag= 30 m5_p=0.4187  m6_ic=0.0440
[18:19:23]   HIT  FTSE_CHINA_50      inflation        lag=  1 m5_p=0.6470  m6_ic=0.0428
[18:19:23]   HIT  FTSE_CHINA_50      inflation        lag=  7 m5_p=0.3905  m6_ic=0.0340
[18:19:23]   HIT  FTSE_CHINA_50      inflation        lag= 30 m5_p=0.6986  m6_ic=0.0496
[18:19:24]   HIT  FTSE_CHINA_50      banking          lag=  1 m5_p=0.6430  m6_ic=0.0363
[18:19:24]   HIT  FTSE_CHINA_50      banking          lag= 14 m5_p=0.1179  m6_ic=0.0360
[18:19:24]   HIT  FTSE_CHINA_50      gold             lag=  1 m5_p=0.6650  m6_ic=0.0336
[18:19:24]   HIT  FTSE_CHINA_50      gold             lag=  7 m5_p=0.1741  m6_ic=0.0432
[18:19:25]   HIT  FTSE_CHINA_50      gold             lag= 14 m5_p=0.9787  m6_ic=0.0412
[18:19:25]   HIT  FTSE_CHINA_50      gold             lag= 30 m5_p=0.3984  m6_ic=0.0550
[18:19:25]   HIT  GOLD               oil              lag=  1 m5_p=0.9532  m6_ic=0.0326
[18:19:26]   HIT  GOLD               oil              lag= 30 m5_p=0.3688  m6_ic=0.0932
[18:19:26]   HIT  GOLD               ruble            lag=  1 m5_p=0.7153  m6_ic=0.0798
[18:19:27]   HIT  GOLD               ruble            lag=  7 m5_p=0.6456  m6_ic=0.1263
[18:19:27]   HIT  GOLD               ruble            lag= 14 m5_p=0.4860  m6_ic=0.0612
[18:19:27]   HIT  GOLD               ruble            lag= 30 m5_p=0.7346  m6_ic=0.0603
[18:19:27]   HIT  GOLD               sanctions        lag=  1 m5_p=0.9744  m6_ic=0.0562
[18:19:27]   HIT  GOLD               sanctions        lag=  7 m5_p=0.5785  m6_ic=0.0424
[18:19:28]   HIT  GOLD               sanctions        lag= 30 m5_p=0.0448  m6_ic=0.0603
[18:19:28]   HIT  GOLD               inflation        lag=  1 m5_p=0.0726  m6_ic=0.0479
[18:19:29]   HIT  GOLD               inflation        lag= 30 m5_p=0.3846  m6_ic=0.0750
[18:19:29]   HIT  GOLD               banking          lag=  1 m5_p=0.2110  m6_ic=0.0443
[18:19:29]   HIT  GOLD               banking          lag=  7 m5_p=0.6102  m6_ic=0.0774
[18:19:29]   HIT  GOLD               banking          lag= 14 m5_p=0.4794  m6_ic=0.0343
[18:19:30]   HIT  GOLD               gold             lag=  7 m5_p=0.7286  m6_ic=0.0902
[18:19:30]   HIT  GOLD               gold             lag= 14 m5_p=0.2403  m6_ic=0.0845
[18:19:30]   HIT  GOLD               gold             lag= 30 m5_p=0.7674  m6_ic=0.0310
[18:19:30]   HIT  SILVER             oil              lag=  1 m5_p=0.5583  m6_ic=0.0637
[18:19:30]   HIT  SILVER             oil              lag=  7 m5_p=0.7134  m6_ic=0.0428
[18:19:31]   HIT  SILVER             oil              lag= 30 m5_p=0.9348  m6_ic=0.0440
[18:19:31]   HIT  SILVER             rate             lag=  7 m5_p=0.5172  m6_ic=0.0744
[18:19:31]   HIT  SILVER             rate             lag= 14 m5_p=0.5417  m6_ic=0.0392
[18:19:32]   HIT  SILVER             rate             lag= 30 m5_p=0.2067  m6_ic=0.0430
[18:19:32]   HIT  SILVER             ruble            lag= 14 m5_p=0.7541  m6_ic=0.0504
[18:19:32]   HIT  SILVER             ruble            lag= 30 m5_p=0.5015  m6_ic=0.0913
[18:19:33]   HIT  SILVER             sanctions        lag=  7 m5_p=0.7734  m6_ic=0.0438
[18:19:33]   HIT  SILVER             sanctions        lag= 14 m5_p=0.2520  m6_ic=0.0362
[18:19:33]   HIT  SILVER             sanctions        lag= 30 m5_p=0.2898  m6_ic=0.0987
[18:19:33]   HIT  SILVER             inflation        lag=  1 m5_p=0.4563  m6_ic=0.1023
[18:19:34]   HIT  SILVER             inflation        lag= 14 m5_p=0.5560  m6_ic=0.0378
[18:19:34]   HIT  SILVER             banking          lag=  1 m5_p=0.8597  m6_ic=0.1069
[18:19:34]   HIT  SILVER             banking          lag=  7 m5_p=0.7958  m6_ic=0.1034
[18:19:34]   HIT  SILVER             banking          lag= 14 m5_p=0.7033  m6_ic=0.0433
[18:19:34]   HIT  SILVER             banking          lag= 30 m5_p=0.4961  m6_ic=0.0565
[18:19:35]   HIT  SILVER             gold             lag=  1 m5_p=0.5015  m6_ic=0.0709
[18:19:35]   HIT  SILVER             gold             lag= 14 m5_p=0.9397  m6_ic=0.0362
[18:19:36]   HIT  IMOEX              oil              lag=  7 m5_p=0.3656  m6_ic=0.0982
[18:19:36]   HIT  IMOEX              oil              lag= 14 m5_p=0.6076  m6_ic=0.0473
[18:19:36]   HIT  IMOEX              rate             lag=  1 m5_p=0.1954  m6_ic=0.0644
[18:19:37]   HIT  IMOEX              rate             lag= 14 m5_p=0.2500  m6_ic=0.0539
[18:19:37]   HIT  IMOEX              rate             lag= 30 m5_p=0.7067  m6_ic=0.1142
[18:19:37]   HIT  IMOEX              ruble            lag=  1 m5_p=0.6798  m6_ic=0.0638
[18:19:37]   HIT  IMOEX              ruble            lag=  7 m5_p=0.3416  m6_ic=0.0426
[18:19:38]   HIT  IMOEX              ruble            lag= 30 m5_p=0.8905  m6_ic=0.0697
[18:19:38]   HIT  IMOEX              sanctions        lag= 14 m5_p=0.9472  m6_ic=0.0559
[18:19:38]   HIT  IMOEX              inflation        lag=  1 m5_p=0.1679  m6_ic=0.0467
[18:19:39]   HIT  IMOEX              inflation        lag=  7 m5_p=0.5877  m6_ic=0.0634
[18:19:39]   HIT  IMOEX              inflation        lag= 30 m5_p=0.5803  m6_ic=0.1008
[18:19:39]   HIT  IMOEX              banking          lag=  1 m5_p=0.2253  m6_ic=0.1129
[18:19:40]   HIT  IMOEX              banking          lag= 30 m5_p=0.6247  m6_ic=0.0719
[18:19:40]   HIT  IMOEX              gold             lag=  1 m5_p=0.1881  m6_ic=0.0330
[18:19:40]   HIT  IMOEX              gold             lag=  7 m5_p=0.8441  m6_ic=0.0457
[18:19:41]   HIT  MOEXFN             oil              lag=  7 m5_p=0.3823  m6_ic=0.0555
[18:19:41]   HIT  MOEXFN             rate             lag=  1 m5_p=0.1128  m6_ic=0.0572
[18:19:42]   HIT  MOEXFN             rate             lag= 30 m5_p=0.9347  m6_ic=0.0956
[18:19:42]   HIT  MOEXFN             ruble            lag=  1 m5_p=0.3256  m6_ic=0.0750
[18:19:42]   HIT  MOEXFN             ruble            lag=  7 m5_p=0.6758  m6_ic=0.0360
[18:19:43]   HIT  MOEXFN             ruble            lag= 30 m5_p=0.6894  m6_ic=0.0504
[18:19:43]   HIT  MOEXFN             sanctions        lag=  7 m5_p=0.7753  m6_ic=0.0594
[18:19:43]   HIT  MOEXFN             sanctions        lag= 14 m5_p=0.9255  m6_ic=0.0561
[18:19:44]   HIT  MOEXFN             sanctions        lag= 30 m5_p=0.3461  m6_ic=0.0867
[18:19:44]   HIT  MOEXFN             inflation        lag=  1 m5_p=0.0918  m6_ic=0.0509
[18:19:45]   HIT  MOEXFN             banking          lag=  1 m5_p=0.1911  m6_ic=0.0902
[18:19:45]   HIT  MOEXFN             banking          lag=  7 m5_p=0.3546  m6_ic=0.0357
[18:19:45]   HIT  MOEXFN             banking          lag= 30 m5_p=0.2464  m6_ic=0.1143
[18:19:46]   HIT  MOEXFN             gold             lag=  7 m5_p=0.6910  m6_ic=0.0444
[18:19:46]   HIT  MOEXOG             oil              lag=  7 m5_p=0.4351  m6_ic=0.1201
[18:19:46]   HIT  MOEXOG             oil              lag= 14 m5_p=0.5055  m6_ic=0.0430
[18:19:47]   HIT  MOEXOG             oil              lag= 30 m5_p=0.6199  m6_ic=0.0678
[18:19:47]   HIT  MOEXOG             rate             lag=  1 m5_p=0.1240  m6_ic=0.0447
[18:19:47]   HIT  MOEXOG             rate             lag= 14 m5_p=0.2992  m6_ic=0.0307
[18:19:47]   HIT  MOEXOG             rate             lag= 30 m5_p=0.9974  m6_ic=0.1017
[18:19:48]   HIT  MOEXOG             ruble            lag=  1 m5_p=0.7496  m6_ic=0.0840
[18:19:48]   HIT  MOEXOG             ruble            lag=  7 m5_p=0.4303  m6_ic=0.0639
[18:19:48]   HIT  MOEXOG             ruble            lag= 30 m5_p=0.4104  m6_ic=0.1030
[18:19:49]   HIT  MOEXOG             sanctions        lag=  7 m5_p=0.1408  m6_ic=0.0445
[18:19:49]   HIT  MOEXOG             sanctions        lag= 14 m5_p=0.9303  m6_ic=0.0472
[18:19:49]   HIT  MOEXOG             sanctions        lag= 30 m5_p=0.9924  m6_ic=0.0328
[18:19:49]   HIT  MOEXOG             inflation        lag=  7 m5_p=0.4974  m6_ic=0.0594
[18:19:50]   HIT  MOEXOG             inflation        lag= 30 m5_p=0.1695  m6_ic=0.1147
[18:19:50]   HIT  MOEXOG             banking          lag=  1 m5_p=0.1295  m6_ic=0.1578
[18:19:50]   HIT  MOEXOG             banking          lag=  7 m5_p=0.2620  m6_ic=0.0737
[18:19:50]   HIT  MOEXOG             banking          lag= 14 m5_p=0.2146  m6_ic=0.0304
[18:19:50]   HIT  MOEXOG             banking          lag= 30 m5_p=0.1279  m6_ic=0.0343
[18:19:51]   HIT  MOEXOG             gold             lag=  1 m5_p=0.1103  m6_ic=0.0536
[18:19:51]   HIT  MOEXOG             gold             lag= 30 m5_p=0.7551  m6_ic=0.0595
[18:19:52]   HIT  MOEX10             oil              lag=  7 m5_p=0.3970  m6_ic=0.0669
[18:19:52]   HIT  MOEX10             oil              lag= 14 m5_p=0.8907  m6_ic=0.0437
[18:19:52]   HIT  MOEX10             oil              lag= 30 m5_p=0.4688  m6_ic=0.0402
[18:19:52]   HIT  MOEX10             rate             lag=  1 m5_p=0.1918  m6_ic=0.0642
[18:19:52]   HIT  MOEX10             rate             lag= 14 m5_p=0.3288  m6_ic=0.0401
[18:19:53]   HIT  MOEX10             rate             lag= 30 m5_p=0.4227  m6_ic=0.1644
[18:19:53]   HIT  MOEX10             ruble            lag=  1 m5_p=0.7842  m6_ic=0.0666
[18:19:53]   HIT  MOEX10             ruble            lag=  7 m5_p=0.5689  m6_ic=0.0365
[18:19:53]   HIT  MOEX10             ruble            lag= 14 m5_p=0.4969  m6_ic=0.0568
[18:19:53]   HIT  MOEX10             ruble            lag= 30 m5_p=0.5129  m6_ic=0.0473
[18:19:54]   HIT  MOEX10             sanctions        lag= 14 m5_p=0.8578  m6_ic=0.0368
[18:19:54]   HIT  MOEX10             inflation        lag=  1 m5_p=0.1634  m6_ic=0.0644
[18:19:55]   HIT  MOEX10             inflation        lag=  7 m5_p=0.6236  m6_ic=0.0318
[18:19:55]   HIT  MOEX10             banking          lag=  1 m5_p=0.2926  m6_ic=0.0754
[18:19:56]   HIT  MOEX10             banking          lag= 30 m5_p=0.2579  m6_ic=0.1062
[18:19:56]     Train: 269 signals
[18:19:56]     Val holdout (269 candidates)...
[18:19:57]     VAL PASS  SP500              oil              lag=  1  m6_ic=0.0550
[18:19:57]     VAL PASS  SP500              oil              lag=  7  m6_ic=0.0566
[18:19:57]     VAL PASS  SP500              rate             lag= 30  m6_ic=0.0611
[18:19:57]     VAL PASS  SP500              ruble            lag=  7  m6_ic=0.0657
[18:19:58]     VAL PASS  SP500              inflation        lag= 14  m6_ic=0.1072
[18:19:58]     VAL PASS  SP500              banking          lag=  7  m6_ic=0.0827
[18:19:58]     VAL PASS  SP500              gold             lag=  7  m6_ic=0.0408
[18:19:58]     VAL PASS  USD_RUB            oil              lag=  1  m6_ic=0.1082
[18:19:59]     VAL PASS  USD_RUB            oil              lag= 30  m6_ic=0.1140
[18:19:59]     VAL PASS  USD_RUB            rate             lag=  1  m6_ic=0.0635
[18:19:59]     VAL PASS  USD_RUB            rate             lag= 14  m6_ic=0.1297
[18:19:59]     VAL PASS  USD_RUB            rate             lag= 30  m6_ic=0.0577
[18:19:59]     VAL PASS  USD_RUB            ruble            lag=  1  m6_ic=0.0704
[18:20:00]     VAL PASS  USD_RUB            ruble            lag=  7  m6_ic=0.0754
[18:20:00]     VAL PASS  USD_RUB            ruble            lag= 14  m6_ic=0.1186
[18:20:00]     VAL PASS  USD_RUB            sanctions        lag=  7  m6_ic=0.0796
[18:20:00]     VAL PASS  USD_RUB            sanctions        lag= 14  m6_ic=0.1077
[18:20:00]     VAL PASS  USD_RUB            sanctions        lag= 30  m6_ic=0.0894
[18:20:01]     VAL PASS  USD_RUB            inflation        lag=  7  m6_ic=0.0707
[18:20:02]     VAL PASS  EUR_RUB            oil              lag=  1  m6_ic=0.1082
[18:20:02]     VAL PASS  EUR_RUB            oil              lag= 30  m6_ic=0.1140
[18:20:02]     VAL PASS  EUR_RUB            rate             lag=  1  m6_ic=0.0635
[18:20:03]     VAL PASS  EUR_RUB            rate             lag= 14  m6_ic=0.1297
[18:20:03]     VAL PASS  EUR_RUB            rate             lag= 30  m6_ic=0.0577
[18:20:03]     VAL PASS  EUR_RUB            ruble            lag=  1  m6_ic=0.0704
[18:20:03]     VAL PASS  EUR_RUB            ruble            lag=  7  m6_ic=0.0754
[18:20:03]     VAL PASS  EUR_RUB            ruble            lag= 14  m6_ic=0.1186
[18:20:04]     VAL PASS  EUR_RUB            sanctions        lag=  7  m6_ic=0.0796
[18:20:04]     VAL PASS  EUR_RUB            sanctions        lag= 14  m6_ic=0.1077
[18:20:04]     VAL PASS  EUR_RUB            sanctions        lag= 30  m6_ic=0.0894
[18:20:04]     VAL PASS  EUR_RUB            inflation        lag=  7  m6_ic=0.0707
[18:20:06]     VAL PASS  DJ_SOUTH_AFRICA    sanctions        lag=  1  m6_ic=0.0457
[18:20:06]     VAL PASS  DJ_SOUTH_AFRICA    sanctions        lag=  7  m6_ic=0.0566
[18:20:06]     VAL PASS  DJ_SOUTH_AFRICA    sanctions        lag= 14  m6_ic=0.0420
[18:20:06]     VAL PASS  DJ_SOUTH_AFRICA    sanctions        lag= 30  m6_ic=0.0423
[18:20:07]     VAL PASS  DJ_SOUTH_AFRICA    inflation        lag= 30  m6_ic=0.0358
[18:20:07]     VAL PASS  DJ_SOUTH_AFRICA    banking          lag=  1  m6_ic=0.0851
[18:20:07]     VAL PASS  DJ_SOUTH_AFRICA    banking          lag=  7  m6_ic=0.0443
[18:20:08]     VAL PASS  DJ_SOUTH_AFRICA    banking          lag= 30  m6_ic=0.0356
[18:20:08]     VAL PASS  DJ_SOUTH_AFRICA    gold             lag=  1  m6_ic=0.0555
[18:20:08]     VAL PASS  DJ_SOUTH_AFRICA    gold             lag=  7  m6_ic=0.0551
[18:20:08]     VAL PASS  DJ_SOUTH_AFRICA    gold             lag= 14  m6_ic=0.0637
[18:20:08]     VAL PASS  DJ_SOUTH_AFRICA    gold             lag= 30  m6_ic=0.1073
[18:20:09]     VAL PASS  MSCI_WORLD         oil              lag= 14  m6_ic=0.0649
[18:20:09]     VAL PASS  MSCI_WORLD         oil              lag= 30  m6_ic=0.0348
[18:20:09]     VAL PASS  MSCI_WORLD         rate             lag=  1  m6_ic=0.0303
[18:20:09]     VAL PASS  MSCI_WORLD         rate             lag= 14  m6_ic=0.0896
[18:20:09]     VAL PASS  MSCI_WORLD         rate             lag= 30  m6_ic=0.0506
[18:20:11]     VAL PASS  MSCI_WORLD         banking          lag=  1  m6_ic=0.0556
[18:20:11]     VAL PASS  MSCI_WORLD         banking          lag= 30  m6_ic=0.0343
[18:20:12]     VAL PASS  DXY                oil              lag= 14  m6_ic=0.1204
[18:20:12]     VAL PASS  DXY                rate             lag=  7  m6_ic=0.0960
[18:20:12]     VAL PASS  DXY                rate             lag= 30  m6_ic=0.0832
[18:20:13]     VAL PASS  DXY                ruble            lag= 30  m6_ic=0.0981
[18:20:13]     VAL PASS  DXY                sanctions        lag=  7  m6_ic=0.0456
[18:20:13]     VAL PASS  DXY                sanctions        lag= 14  m6_ic=0.0308
[18:20:13]     VAL PASS  DXY                banking          lag=  7  m6_ic=0.0908
[18:20:13]     VAL PASS  DXY                banking          lag= 14  m6_ic=0.0449
[18:20:13]     VAL PASS  DXY                banking          lag= 30  m6_ic=0.0622
[18:20:14]     VAL PASS  DXY                gold             lag= 14  m6_ic=0.0884
[18:20:14]     VAL PASS  DXY                gold             lag= 30  m6_ic=0.0407
[18:20:14]     VAL PASS  BRENT              oil              lag= 14  m6_ic=0.0876
[18:20:15]     VAL PASS  BRENT              oil              lag= 30  m6_ic=0.0938
[18:20:15]     VAL PASS  BRENT              rate             lag= 14  m6_ic=0.0323
[18:20:15]     VAL PASS  BRENT              ruble            lag= 14  m6_ic=0.0517
[18:20:16]     VAL PASS  BRENT              sanctions        lag=  7  m6_ic=0.0416
[18:20:16]     VAL PASS  BRENT              inflation        lag= 30  m6_ic=0.0655
[18:20:17]     VAL PASS  MSCI_INDIA         oil              lag=  7  m6_ic=0.0566
[18:20:18]     VAL PASS  MSCI_INDIA         rate             lag=  7  m6_ic=0.0834
[18:20:18]     VAL PASS  MSCI_INDIA         rate             lag= 30  m6_ic=0.1738
[18:20:18]     VAL PASS  MSCI_INDIA         sanctions        lag=  1  m6_ic=0.1118
[18:20:19]     VAL PASS  MSCI_INDIA         inflation        lag=  1  m6_ic=0.0506
[18:20:19]     VAL PASS  MSCI_INDIA         inflation        lag= 30  m6_ic=0.0443
[18:20:19]     VAL PASS  MSCI_INDIA         banking          lag=  1  m6_ic=0.0486
[18:20:19]     VAL PASS  MSCI_INDIA         banking          lag=  7  m6_ic=0.0330
[18:20:19]     VAL PASS  MSCI_INDIA         banking          lag= 30  m6_ic=0.0722
[18:20:19]     VAL PASS  MSCI_INDIA         gold             lag=  1  m6_ic=0.0812
[18:20:20]     VAL PASS  CHINA_H_SHARES     rate             lag=  1  m6_ic=0.0515
[18:20:20]     VAL PASS  CHINA_H_SHARES     rate             lag=  7  m6_ic=0.0504
[18:20:21]     VAL PASS  CHINA_H_SHARES     rate             lag= 14  m6_ic=0.0901
[18:20:21]     VAL PASS  CHINA_H_SHARES     ruble            lag=  1  m6_ic=0.0727
[18:20:21]     VAL PASS  CHINA_H_SHARES     ruble            lag= 30  m6_ic=0.0745
[18:20:21]     VAL PASS  CHINA_H_SHARES     sanctions        lag=  1  m6_ic=0.0463
[18:20:21]     VAL PASS  CHINA_H_SHARES     sanctions        lag= 14  m6_ic=0.0627
[18:20:22]     VAL PASS  CHINA_H_SHARES     sanctions        lag= 30  m6_ic=0.0977
[18:20:22]     VAL PASS  CHINA_H_SHARES     banking          lag= 14  m6_ic=0.0575
[18:20:23]     VAL PASS  CHINA_H_SHARES     gold             lag= 14  m6_ic=0.0951
[18:20:23]     VAL PASS  FTSE_CHINA_50      oil              lag=  1  m6_ic=0.0758
[18:20:23]     VAL PASS  FTSE_CHINA_50      oil              lag=  7  m6_ic=0.0351
[18:20:23]     VAL PASS  FTSE_CHINA_50      rate             lag=  1  m6_ic=0.0715
[18:20:24]     VAL PASS  FTSE_CHINA_50      rate             lag=  7  m6_ic=0.0946
[18:20:24]     VAL PASS  FTSE_CHINA_50      rate             lag= 14  m6_ic=0.0461
[18:20:24]     VAL PASS  FTSE_CHINA_50      ruble            lag= 30  m6_ic=0.0522
[18:20:24]     VAL PASS  FTSE_CHINA_50      sanctions        lag= 30  m6_ic=0.0720
[18:20:25]     VAL PASS  FTSE_CHINA_50      inflation        lag=  1  m6_ic=0.0345
[18:20:25]     VAL PASS  FTSE_CHINA_50      inflation        lag=  7  m6_ic=0.0458
[18:20:26]     VAL PASS  FTSE_CHINA_50      gold             lag=  7  m6_ic=0.0381
[18:20:26]     VAL PASS  FTSE_CHINA_50      gold             lag= 14  m6_ic=0.0526
[18:20:26]     VAL PASS  FTSE_CHINA_50      gold             lag= 30  m6_ic=0.0736
[18:20:26]     VAL PASS  GOLD               oil              lag=  1  m6_ic=0.0851
[18:20:26]     VAL PASS  GOLD               oil              lag= 30  m6_ic=0.0743
[18:20:27]     VAL PASS  GOLD               ruble            lag=  7  m6_ic=0.0650
[18:20:27]     VAL PASS  GOLD               ruble            lag= 14  m6_ic=0.0500
[18:20:27]     VAL PASS  GOLD               ruble            lag= 30  m6_ic=0.0531
[18:20:27]     VAL PASS  GOLD               sanctions        lag=  1  m6_ic=0.0581
[18:20:27]     VAL PASS  GOLD               sanctions        lag=  7  m6_ic=0.0909
[18:20:28]     VAL PASS  GOLD               inflation        lag=  1  m6_ic=0.0616
[18:20:28]     VAL PASS  GOLD               inflation        lag= 30  m6_ic=0.0763
[18:20:28]     VAL PASS  GOLD               banking          lag=  1  m6_ic=0.0610
[18:20:28]     VAL PASS  GOLD               banking          lag=  7  m6_ic=0.0414
[18:20:28]     VAL PASS  GOLD               banking          lag= 14  m6_ic=0.0503
[18:20:30]     VAL PASS  SILVER             rate             lag= 14  m6_ic=0.1188
[18:20:30]     VAL PASS  SILVER             rate             lag= 30  m6_ic=0.0396
[18:20:30]     VAL PASS  SILVER             ruble            lag= 14  m6_ic=0.0338
[18:20:30]     VAL PASS  SILVER             ruble            lag= 30  m6_ic=0.0367
[18:20:30]     VAL PASS  SILVER             sanctions        lag=  7  m6_ic=0.0692
[18:20:31]     VAL PASS  SILVER             inflation        lag=  1  m6_ic=0.0842
[18:20:31]     VAL PASS  SILVER             inflation        lag= 14  m6_ic=0.0577
[18:20:31]     VAL PASS  SILVER             banking          lag=  1  m6_ic=0.0579
[18:20:32]     VAL PASS  SILVER             banking          lag= 30  m6_ic=0.0373
[18:20:32]     VAL PASS  SILVER             gold             lag=  1  m6_ic=0.0628
[18:20:32]     VAL PASS  SILVER             gold             lag= 14  m6_ic=0.0476
[18:20:32]     VAL PASS  IMOEX              oil              lag= 14  m6_ic=0.0326
[18:20:33]     VAL PASS  IMOEX              rate             lag= 14  m6_ic=0.0616
[18:20:33]     VAL PASS  IMOEX              rate             lag= 30  m6_ic=0.0468
[18:20:33]     VAL PASS  IMOEX              ruble            lag=  1  m6_ic=0.0661
[18:20:33]     VAL PASS  IMOEX              ruble            lag=  7  m6_ic=0.0732
[18:20:33]     VAL PASS  IMOEX              ruble            lag= 30  m6_ic=0.1228
[18:20:33]     VAL PASS  IMOEX              sanctions        lag= 14  m6_ic=0.0891
[18:20:34]     VAL PASS  IMOEX              inflation        lag=  1  m6_ic=0.0482
[18:20:34]     VAL PASS  IMOEX              inflation        lag=  7  m6_ic=0.0720
[18:20:34]     VAL PASS  IMOEX              banking          lag= 30  m6_ic=0.0438
[18:20:35]     VAL PASS  IMOEX              gold             lag=  1  m6_ic=0.0407
[18:20:35]     VAL PASS  MOEXFN             ruble            lag=  1  m6_ic=0.0466
[18:20:36]     VAL PASS  MOEXFN             ruble            lag=  7  m6_ic=0.0524
[18:20:36]     VAL PASS  MOEXFN             ruble            lag= 30  m6_ic=0.1087
[18:20:36]     VAL PASS  MOEXFN             sanctions        lag=  7  m6_ic=0.0638
[18:20:36]     VAL PASS  MOEXFN             sanctions        lag= 14  m6_ic=0.0785
[18:20:36]     VAL PASS  MOEXFN             sanctions        lag= 30  m6_ic=0.0793
[18:20:36]     VAL PASS  MOEXFN             inflation        lag=  1  m6_ic=0.0818
[18:20:37]     VAL PASS  MOEXFN             banking          lag=  1  m6_ic=0.0471
[18:20:37]     VAL PASS  MOEXFN             banking          lag=  7  m6_ic=0.0529
[18:20:38]     VAL PASS  MOEXOG             oil              lag= 14  m6_ic=0.0340
[18:20:38]     VAL PASS  MOEXOG             oil              lag= 30  m6_ic=0.0663
[18:20:38]     VAL PASS  MOEXOG             rate             lag=  1  m6_ic=0.0423
[18:20:38]     VAL PASS  MOEXOG             rate             lag= 14  m6_ic=0.0638
[18:20:38]     VAL PASS  MOEXOG             ruble            lag=  1  m6_ic=0.0505
[18:20:39]     VAL PASS  MOEXOG             ruble            lag=  7  m6_ic=0.0791
[18:20:39]     VAL PASS  MOEXOG             ruble            lag= 30  m6_ic=0.0750
[18:20:39]     VAL PASS  MOEXOG             sanctions        lag=  7  m6_ic=0.0534
[18:20:39]     VAL PASS  MOEXOG             sanctions        lag= 14  m6_ic=0.1024
[18:20:39]     VAL PASS  MOEXOG             sanctions        lag= 30  m6_ic=0.0510
[18:20:40]     VAL PASS  MOEXOG             inflation        lag=  7  m6_ic=0.0845
[18:20:40]     VAL PASS  MOEXOG             banking          lag=  1  m6_ic=0.0887
[18:20:40]     VAL PASS  MOEXOG             banking          lag=  7  m6_ic=0.1396
[18:20:41]     VAL PASS  MOEXOG             gold             lag=  1  m6_ic=0.0336
[18:20:41]     VAL PASS  MOEXOG             gold             lag= 30  m6_ic=0.0948
[18:20:41]     VAL PASS  MOEX10             oil              lag= 14  m6_ic=0.0647
[18:20:41]     VAL PASS  MOEX10             oil              lag= 30  m6_ic=0.0521
[18:20:42]     VAL PASS  MOEX10             rate             lag=  1  m6_ic=0.0330
[18:20:42]     VAL PASS  MOEX10             rate             lag= 30  m6_ic=0.0587
[18:20:42]     VAL PASS  MOEX10             ruble            lag=  1  m6_ic=0.0559
[18:20:42]     VAL PASS  MOEX10             ruble            lag=  7  m6_ic=0.0819
[18:20:42]     VAL PASS  MOEX10             ruble            lag= 14  m6_ic=0.0718
[18:20:43]     VAL PASS  MOEX10             ruble            lag= 30  m6_ic=0.0542
[18:20:43]     VAL PASS  MOEX10             sanctions        lag= 14  m6_ic=0.0879
[18:20:43]     VAL PASS  MOEX10             inflation        lag=  1  m6_ic=0.0420
[18:20:43]     VAL PASS  MOEX10             inflation        lag=  7  m6_ic=0.0700
[18:20:43]     VAL PASS  MOEX10             banking          lag=  1  m6_ic=0.0310
[18:20:43]     Val: 169/269 held
[18:20:43]   → train=269  val=169  max_ic=0.1644
[18:20:43] 
============================================================
[18:20:43] FINAL REPORT
[18:20:43] ============================================================
[18:20:43] Report: C:\project\signal_mind\analytics\phase_b\night_search\night_report_20260521_181814.md
[18:20:43] Hits CSV: C:\project\signal_mind\analytics\phase_b\night_search\night_hits_20260521_181814.csv
[18:20:43] 
  [2/15] sweep_keyword_raw_abs_return  budget=34min  ic_gate=0.03  ens=M6_only
[18:20:43]   Config: sweep_keyword_raw_abs_return
[18:20:43]     feature=keyword_raw  target=abs_return  ensemble=M6_only  ic_min=0.03
[18:20:44]   HIT  SP500              oil              lag=  1 m5_p=0.6627  m6_ic=0.0539
[18:20:44]   HIT  SP500              oil              lag=  7 m5_p=0.5171  m6_ic=0.0363
[18:20:45]   HIT  SP500              rate             lag= 14 m5_p=0.5287  m6_ic=0.0301
[18:20:45]   HIT  SP500              rate             lag= 30 m5_p=0.9348  m6_ic=0.0314
[18:20:46]   HIT  SP500              ruble            lag=  7 m5_p=0.9108  m6_ic=0.0474
[18:20:46]   HIT  SP500              ruble            lag= 30 m5_p=0.0762  m6_ic=0.0413
[18:20:47]   HIT  SP500              inflation        lag= 14 m5_p=0.5948  m6_ic=0.0655
[18:20:48]   HIT  SP500              banking          lag=  7 m5_p=0.3701  m6_ic=0.0536
[18:20:49]   HIT  SP500              gold             lag=  7 m5_p=0.8524  m6_ic=0.0942
[18:20:49]   HIT  USD_RUB            oil              lag=  1 m5_p=0.4151  m6_ic=0.0614
[18:20:50]   HIT  USD_RUB            oil              lag= 14 m5_p=0.6241  m6_ic=0.0417
[18:20:50]   HIT  USD_RUB            oil              lag= 30 m5_p=0.1626  m6_ic=0.0698
[18:20:50]   HIT  USD_RUB            rate             lag=  1 m5_p=0.7527  m6_ic=0.0950
[18:20:50]   HIT  USD_RUB            rate             lag=  7 m5_p=0.8101  m6_ic=0.0394
[18:20:51]   HIT  USD_RUB            rate             lag= 14 m5_p=0.7542  m6_ic=0.0378
[18:20:51]   HIT  USD_RUB            rate             lag= 30 m5_p=0.9971  m6_ic=0.0479
[18:20:51]   HIT  USD_RUB            ruble            lag=  1 m5_p=0.7646  m6_ic=0.0442
[18:20:51]   HIT  USD_RUB            ruble            lag=  7 m5_p=0.4884  m6_ic=0.0483
[18:20:51]   HIT  USD_RUB            ruble            lag= 14 m5_p=0.9676  m6_ic=0.1183
[18:20:52]   HIT  USD_RUB            sanctions        lag=  1 m5_p=0.0777  m6_ic=0.1348
[18:20:52]   HIT  USD_RUB            sanctions        lag=  7 m5_p=0.9775  m6_ic=0.0313
[18:20:52]   HIT  USD_RUB            sanctions        lag= 14 m5_p=0.1527  m6_ic=0.0743
[18:20:52]   HIT  USD_RUB            sanctions        lag= 30 m5_p=0.6349  m6_ic=0.0726
[18:20:52]   HIT  USD_RUB            inflation        lag=  1 m5_p=0.8798  m6_ic=0.0351
[18:20:53]   HIT  USD_RUB            inflation        lag=  7 m5_p=0.9352  m6_ic=0.0371
[18:20:53]   HIT  USD_RUB            inflation        lag= 14 m5_p=0.5422  m6_ic=0.0338
[18:20:54]   HIT  USD_RUB            banking          lag= 14 m5_p=0.8158  m6_ic=0.0645
[18:20:54]   HIT  USD_RUB            banking          lag= 30 m5_p=0.6790  m6_ic=0.0792
[18:20:54]   HIT  USD_RUB            gold             lag= 14 m5_p=0.9653  m6_ic=0.0307
[18:20:55]   HIT  EUR_RUB            oil              lag=  1 m5_p=0.4151  m6_ic=0.0614
[18:20:55]   HIT  EUR_RUB            oil              lag= 14 m5_p=0.6241  m6_ic=0.0417
[18:20:55]   HIT  EUR_RUB            oil              lag= 30 m5_p=0.1626  m6_ic=0.0698
[18:20:56]   HIT  EUR_RUB            rate             lag=  1 m5_p=0.7527  m6_ic=0.0950
[18:20:56]   HIT  EUR_RUB            rate             lag=  7 m5_p=0.8101  m6_ic=0.0394
[18:20:56]   HIT  EUR_RUB            rate             lag= 14 m5_p=0.7542  m6_ic=0.0378
[18:20:56]   HIT  EUR_RUB            rate             lag= 30 m5_p=0.9971  m6_ic=0.0479
[18:20:56]   HIT  EUR_RUB            ruble            lag=  1 m5_p=0.7646  m6_ic=0.0442
[18:20:57]   HIT  EUR_RUB            ruble            lag=  7 m5_p=0.4884  m6_ic=0.0483
[18:20:57]   HIT  EUR_RUB            ruble            lag= 14 m5_p=0.9676  m6_ic=0.1183
[18:20:57]   HIT  EUR_RUB            sanctions        lag=  1 m5_p=0.0777  m6_ic=0.1348
[18:20:57]   HIT  EUR_RUB            sanctions        lag=  7 m5_p=0.9775  m6_ic=0.0313
[18:20:58]   HIT  EUR_RUB            sanctions        lag= 14 m5_p=0.1527  m6_ic=0.0743
[18:20:58]   HIT  EUR_RUB            sanctions        lag= 30 m5_p=0.6349  m6_ic=0.0726
[18:20:58]   HIT  EUR_RUB            inflation        lag=  1 m5_p=0.8798  m6_ic=0.0351
[18:20:58]   HIT  EUR_RUB            inflation        lag=  7 m5_p=0.9352  m6_ic=0.0371
[18:20:58]   HIT  EUR_RUB            inflation        lag= 14 m5_p=0.5422  m6_ic=0.0338
[18:20:59]   HIT  EUR_RUB            banking          lag= 14 m5_p=0.8158  m6_ic=0.0645
[18:20:59]   HIT  EUR_RUB            banking          lag= 30 m5_p=0.6790  m6_ic=0.0792
[18:21:00]   HIT  EUR_RUB            gold             lag= 14 m5_p=0.9653  m6_ic=0.0307
[18:21:00]   HIT  DJ_SOUTH_AFRICA    oil              lag=  7 m5_p=0.4695  m6_ic=0.0444
[18:21:02]   HIT  DJ_SOUTH_AFRICA    rate             lag= 30 m5_p=0.5259  m6_ic=0.0386
[18:21:02]   HIT  DJ_SOUTH_AFRICA    ruble            lag= 14 m5_p=0.8469  m6_ic=0.0706
[18:21:02]   HIT  DJ_SOUTH_AFRICA    ruble            lag= 30 m5_p=0.4112  m6_ic=0.0331
[18:21:03]   HIT  DJ_SOUTH_AFRICA    sanctions        lag=  1 m5_p=0.7779  m6_ic=0.1255
[18:21:03]   HIT  DJ_SOUTH_AFRICA    sanctions        lag=  7 m5_p=0.4984  m6_ic=0.0476
[18:21:03]   HIT  DJ_SOUTH_AFRICA    sanctions        lag= 14 m5_p=0.0167  m6_ic=0.0383
[18:21:03]   HIT  DJ_SOUTH_AFRICA    sanctions        lag= 30 m5_p=0.1325  m6_ic=0.0511
[18:21:03]   HIT  DJ_SOUTH_AFRICA    inflation        lag=  1 m5_p=0.4426  m6_ic=0.0457
[18:21:04]   HIT  DJ_SOUTH_AFRICA    inflation        lag= 14 m5_p=0.8858  m6_ic=0.0498
[18:21:04]   HIT  DJ_SOUTH_AFRICA    inflation        lag= 30 m5_p=0.9178  m6_ic=0.0772
[18:21:04]   HIT  DJ_SOUTH_AFRICA    banking          lag=  1 m5_p=0.8775  m6_ic=0.0612
[18:21:04]   HIT  DJ_SOUTH_AFRICA    banking          lag=  7 m5_p=0.9187  m6_ic=0.1092
[18:21:05]   HIT  DJ_SOUTH_AFRICA    banking          lag= 14 m5_p=0.7734  m6_ic=0.0857
[18:21:05]   HIT  DJ_SOUTH_AFRICA    banking          lag= 30 m5_p=0.5459  m6_ic=0.0867
[18:21:05]   HIT  DJ_SOUTH_AFRICA    gold             lag=  1 m5_p=0.9638  m6_ic=0.0482
[18:21:05]   HIT  DJ_SOUTH_AFRICA    gold             lag=  7 m5_p=0.0160  m6_ic=0.0380
[18:21:05]   HIT  DJ_SOUTH_AFRICA    gold             lag= 14 m5_p=0.1792  m6_ic=0.0626
[18:21:06]   HIT  DJ_SOUTH_AFRICA    gold             lag= 30 m5_p=0.8632  m6_ic=0.0696
[18:21:06]   HIT  MSCI_WORLD         oil              lag= 14 m5_p=0.7583  m6_ic=0.0790
[18:21:06]   HIT  MSCI_WORLD         oil              lag= 30 m5_p=0.5465  m6_ic=0.0388
[18:21:07]   HIT  MSCI_WORLD         rate             lag=  1 m5_p=0.8296  m6_ic=0.0851
[18:21:07]   HIT  MSCI_WORLD         rate             lag=  7 m5_p=0.4579  m6_ic=0.0438
[18:21:07]   HIT  MSCI_WORLD         rate             lag= 14 m5_p=0.7534  m6_ic=0.0444
[18:21:07]   HIT  MSCI_WORLD         rate             lag= 30 m5_p=0.4239  m6_ic=0.1146
[18:21:07]   HIT  MSCI_WORLD         ruble            lag=  1 m5_p=0.8053  m6_ic=0.0430
[18:21:08]   HIT  MSCI_WORLD         sanctions        lag=  1 m5_p=0.9279  m6_ic=0.0375
[18:21:08]   HIT  MSCI_WORLD         sanctions        lag= 14 m5_p=0.0236  m6_ic=0.0584
[18:21:09]   HIT  MSCI_WORLD         sanctions        lag= 30 m5_p=0.1371  m6_ic=0.0381
[18:21:09]   HIT  MSCI_WORLD         inflation        lag=  1 m5_p=0.9293  m6_ic=0.0340
[18:21:09]   HIT  MSCI_WORLD         inflation        lag=  7 m5_p=0.8139  m6_ic=0.0516
[18:21:10]   HIT  MSCI_WORLD         banking          lag=  1 m5_p=0.6049  m6_ic=0.0353
[18:21:10]   HIT  MSCI_WORLD         banking          lag=  7 m5_p=0.2795  m6_ic=0.0432
[18:21:10]   HIT  MSCI_WORLD         banking          lag= 14 m5_p=0.5942  m6_ic=0.0327
[18:21:10]   HIT  MSCI_WORLD         banking          lag= 30 m5_p=0.7214  m6_ic=0.0710
[18:21:11]   HIT  MSCI_WORLD         gold             lag= 14 m5_p=0.9363  m6_ic=0.0811
[18:21:11]   HIT  DXY                oil              lag=  1 m5_p=0.9938  m6_ic=0.0545
[18:21:11]   HIT  DXY                oil              lag=  7 m5_p=0.4559  m6_ic=0.0401
[18:21:12]   HIT  DXY                oil              lag= 14 m5_p=0.9907  m6_ic=0.0408
[18:21:12]   HIT  DXY                rate             lag=  1 m5_p=0.6407  m6_ic=0.1002
[18:21:12]   HIT  DXY                rate             lag=  7 m5_p=0.8922  m6_ic=0.0507
[18:21:13]   HIT  DXY                rate             lag= 30 m5_p=0.6109  m6_ic=0.0358
[18:21:13]   HIT  DXY                ruble            lag= 30 m5_p=0.7125  m6_ic=0.0336
[18:21:14]   HIT  DXY                sanctions        lag=  7 m5_p=0.6776  m6_ic=0.0334
[18:21:14]   HIT  DXY                sanctions        lag= 14 m5_p=0.2611  m6_ic=0.0324
[18:21:15]   HIT  DXY                banking          lag=  7 m5_p=0.9637  m6_ic=0.0312
[18:21:15]   HIT  DXY                banking          lag= 14 m5_p=0.7537  m6_ic=0.0459
[18:21:16]   HIT  DXY                banking          lag= 30 m5_p=0.8030  m6_ic=0.0401
[18:21:16]   HIT  DXY                gold             lag=  7 m5_p=0.1827  m6_ic=0.0601
[18:21:16]   HIT  DXY                gold             lag= 14 m5_p=0.6443  m6_ic=0.0731
[18:21:16]   HIT  DXY                gold             lag= 30 m5_p=0.8404  m6_ic=0.0608
[18:21:17]   HIT  BRENT              oil              lag=  7 m5_p=0.9807  m6_ic=0.0504
[18:21:17]   HIT  BRENT              oil              lag= 14 m5_p=0.8691  m6_ic=0.0561
[18:21:17]   HIT  BRENT              oil              lag= 30 m5_p=0.8554  m6_ic=0.0732
[18:21:18]   HIT  BRENT              rate             lag=  7 m5_p=0.9612  m6_ic=0.0734
[18:21:18]   HIT  BRENT              rate             lag= 14 m5_p=0.9184  m6_ic=0.0727
[18:21:18]   HIT  BRENT              ruble            lag=  7 m5_p=0.1811  m6_ic=0.0722
[18:21:18]   HIT  BRENT              ruble            lag= 14 m5_p=0.6368  m6_ic=0.0536
[18:21:19]   HIT  BRENT              ruble            lag= 30 m5_p=0.4976  m6_ic=0.0478
[18:21:19]   HIT  BRENT              sanctions        lag=  1 m5_p=0.8883  m6_ic=0.0389
[18:21:19]   HIT  BRENT              sanctions        lag=  7 m5_p=0.0344  m6_ic=0.1222
[18:21:19]   HIT  BRENT              sanctions        lag= 14 m5_p=0.6047  m6_ic=0.0669
[18:21:20]   HIT  BRENT              sanctions        lag= 30 m5_p=0.7844  m6_ic=0.0517
[18:21:20]   HIT  BRENT              inflation        lag=  7 m5_p=0.6647  m6_ic=0.0522
[18:21:20]   HIT  BRENT              inflation        lag= 30 m5_p=0.7393  m6_ic=0.0407
[18:21:21]   HIT  BRENT              banking          lag= 30 m5_p=0.3849  m6_ic=0.0319
[18:21:21]   HIT  BRENT              gold             lag=  1 m5_p=0.4448  m6_ic=0.0355
[18:21:22]   HIT  BRENT              gold             lag= 30 m5_p=0.6646  m6_ic=0.0375
[18:21:22]   HIT  MSCI_INDIA         oil              lag=  1 m5_p=0.8762  m6_ic=0.0847
[18:21:22]   HIT  MSCI_INDIA         oil              lag=  7 m5_p=0.6587  m6_ic=0.0376
[18:21:23]   HIT  MSCI_INDIA         oil              lag= 14 m5_p=0.9138  m6_ic=0.0576
[18:21:23]   HIT  MSCI_INDIA         rate             lag=  7 m5_p=0.4848  m6_ic=0.0311
[18:21:24]   HIT  MSCI_INDIA         rate             lag= 30 m5_p=0.6603  m6_ic=0.0430
[18:21:24]   HIT  MSCI_INDIA         ruble            lag= 30 m5_p=0.6740  m6_ic=0.0458
[18:21:24]   HIT  MSCI_INDIA         sanctions        lag=  1 m5_p=0.8585  m6_ic=0.1201
[18:21:25]   HIT  MSCI_INDIA         sanctions        lag= 14 m5_p=0.0381  m6_ic=0.0760
[18:21:25]   HIT  MSCI_INDIA         inflation        lag=  1 m5_p=0.9173  m6_ic=0.1354
[18:21:26]   HIT  MSCI_INDIA         inflation        lag= 30 m5_p=0.7822  m6_ic=0.0536
[18:21:26]   HIT  MSCI_INDIA         banking          lag=  1 m5_p=0.5125  m6_ic=0.0806
[18:21:26]   HIT  MSCI_INDIA         banking          lag=  7 m5_p=0.5848  m6_ic=0.1100
[18:21:27]   HIT  MSCI_INDIA         banking          lag= 30 m5_p=0.5876  m6_ic=0.0520
[18:21:27]   HIT  MSCI_INDIA         gold             lag=  1 m5_p=0.9223  m6_ic=0.0316
[18:21:27]   HIT  MSCI_INDIA         gold             lag= 30 m5_p=0.8411  m6_ic=0.0849
[18:21:28]   HIT  CHINA_H_SHARES     oil              lag=  1 m5_p=0.4252  m6_ic=0.0343
[18:21:28]   HIT  CHINA_H_SHARES     oil              lag=  7 m5_p=0.2836  m6_ic=0.0621
[18:21:28]   HIT  CHINA_H_SHARES     oil              lag= 14 m5_p=0.7447  m6_ic=0.0546
[18:21:28]   HIT  CHINA_H_SHARES     rate             lag=  1 m5_p=0.4171  m6_ic=0.0592
[18:21:29]   HIT  CHINA_H_SHARES     rate             lag=  7 m5_p=0.8738  m6_ic=0.0416
[18:21:29]   HIT  CHINA_H_SHARES     rate             lag= 14 m5_p=0.2584  m6_ic=0.0415
[18:21:29]   HIT  CHINA_H_SHARES     ruble            lag=  1 m5_p=0.8376  m6_ic=0.0627
[18:21:30]   HIT  CHINA_H_SHARES     ruble            lag= 30 m5_p=0.5751  m6_ic=0.0612
[18:21:30]   HIT  CHINA_H_SHARES     sanctions        lag=  1 m5_p=0.1269  m6_ic=0.0444
[18:21:30]   HIT  CHINA_H_SHARES     sanctions        lag= 14 m5_p=0.0570  m6_ic=0.0427
[18:21:31]   HIT  CHINA_H_SHARES     sanctions        lag= 30 m5_p=0.7132  m6_ic=0.0422
[18:21:31]   HIT  CHINA_H_SHARES     inflation        lag=  1 m5_p=0.5014  m6_ic=0.0630
[18:21:31]   HIT  CHINA_H_SHARES     inflation        lag=  7 m5_p=0.5842  m6_ic=0.0326
[18:21:32]   HIT  CHINA_H_SHARES     banking          lag= 14 m5_p=0.1631  m6_ic=0.0425
[18:21:32]   HIT  CHINA_H_SHARES     banking          lag= 30 m5_p=0.4281  m6_ic=0.0334
[18:21:32]   HIT  CHINA_H_SHARES     gold             lag=  1 m5_p=0.7182  m6_ic=0.0669
[18:21:33]   HIT  CHINA_H_SHARES     gold             lag= 14 m5_p=0.9956  m6_ic=0.0525
[18:21:33]   HIT  FTSE_CHINA_50      oil              lag=  1 m5_p=0.4584  m6_ic=0.0529
[18:21:33]   HIT  FTSE_CHINA_50      oil              lag=  7 m5_p=0.2440  m6_ic=0.0695
[18:21:33]   HIT  FTSE_CHINA_50      oil              lag= 14 m5_p=0.7124  m6_ic=0.0473
[18:21:34]   HIT  FTSE_CHINA_50      rate             lag=  1 m5_p=0.5148  m6_ic=0.0649
[18:21:34]   HIT  FTSE_CHINA_50      rate             lag=  7 m5_p=0.9913  m6_ic=0.0363
[18:21:34]   HIT  FTSE_CHINA_50      rate             lag= 14 m5_p=0.2687  m6_ic=0.0479
[18:21:35]   HIT  FTSE_CHINA_50      ruble            lag=  1 m5_p=0.9901  m6_ic=0.0409
[18:21:35]   HIT  FTSE_CHINA_50      ruble            lag= 30 m5_p=0.3880  m6_ic=0.0817
[18:21:36]   HIT  FTSE_CHINA_50      sanctions        lag= 14 m5_p=0.0897  m6_ic=0.0445
[18:21:36]   HIT  FTSE_CHINA_50      sanctions        lag= 30 m5_p=0.4187  m6_ic=0.0440
[18:21:36]   HIT  FTSE_CHINA_50      inflation        lag=  1 m5_p=0.6470  m6_ic=0.0428
[18:21:36]   HIT  FTSE_CHINA_50      inflation        lag=  7 m5_p=0.3905  m6_ic=0.0340
[18:21:37]   HIT  FTSE_CHINA_50      inflation        lag= 30 m5_p=0.6986  m6_ic=0.0496
[18:21:37]   HIT  FTSE_CHINA_50      banking          lag=  1 m5_p=0.6430  m6_ic=0.0363
[18:21:37]   HIT  FTSE_CHINA_50      banking          lag= 14 m5_p=0.1179  m6_ic=0.0360
[18:21:38]   HIT  FTSE_CHINA_50      gold             lag=  1 m5_p=0.6650  m6_ic=0.0336
[18:21:38]   HIT  FTSE_CHINA_50      gold             lag=  7 m5_p=0.1741  m6_ic=0.0432
[18:21:38]   HIT  FTSE_CHINA_50      gold             lag= 14 m5_p=0.9787  m6_ic=0.0412
[18:21:38]   HIT  FTSE_CHINA_50      gold             lag= 30 m5_p=0.3984  m6_ic=0.0550
[18:21:38]   HIT  GOLD               oil              lag=  1 m5_p=0.9532  m6_ic=0.0326
[18:21:39]   HIT  GOLD               oil              lag= 30 m5_p=0.3688  m6_ic=0.0932
[18:21:40]   HIT  GOLD               ruble            lag=  1 m5_p=0.7153  m6_ic=0.0798
[18:21:40]   HIT  GOLD               ruble            lag=  7 m5_p=0.6456  m6_ic=0.1263
[18:21:40]   HIT  GOLD               ruble            lag= 14 m5_p=0.4860  m6_ic=0.0612
[18:21:40]   HIT  GOLD               ruble            lag= 30 m5_p=0.7346  m6_ic=0.0603
[18:21:41]   HIT  GOLD               sanctions        lag=  1 m5_p=0.9744  m6_ic=0.0562
[18:21:41]   HIT  GOLD               sanctions        lag=  7 m5_p=0.5785  m6_ic=0.0424
[18:21:41]   HIT  GOLD               sanctions        lag= 30 m5_p=0.0448  m6_ic=0.0603
[18:21:41]   HIT  GOLD               inflation        lag=  1 m5_p=0.0726  m6_ic=0.0479
[18:21:42]   HIT  GOLD               inflation        lag= 30 m5_p=0.3846  m6_ic=0.0750
[18:21:42]   HIT  GOLD               banking          lag=  1 m5_p=0.2110  m6_ic=0.0443
[18:21:42]   HIT  GOLD               banking          lag=  7 m5_p=0.6102  m6_ic=0.0774
[18:21:43]   HIT  GOLD               banking          lag= 14 m5_p=0.4794  m6_ic=0.0343
[18:21:43]   HIT  GOLD               gold             lag=  7 m5_p=0.7286  m6_ic=0.0902
[18:21:43]   HIT  GOLD               gold             lag= 14 m5_p=0.2403  m6_ic=0.0845
[18:21:44]   HIT  GOLD               gold             lag= 30 m5_p=0.7674  m6_ic=0.0310
[18:21:44]   HIT  SILVER             oil              lag=  1 m5_p=0.5583  m6_ic=0.0637
[18:21:44]   HIT  SILVER             oil              lag=  7 m5_p=0.7134  m6_ic=0.0428
[18:21:44]   HIT  SILVER             oil              lag= 30 m5_p=0.9348  m6_ic=0.0440
[18:21:45]   HIT  SILVER             rate             lag=  7 m5_p=0.5172  m6_ic=0.0744
[18:21:45]   HIT  SILVER             rate             lag= 14 m5_p=0.5417  m6_ic=0.0392
[18:21:45]   HIT  SILVER             rate             lag= 30 m5_p=0.2067  m6_ic=0.0430
[18:21:46]   HIT  SILVER             ruble            lag= 14 m5_p=0.7541  m6_ic=0.0504
[18:21:46]   HIT  SILVER             ruble            lag= 30 m5_p=0.5015  m6_ic=0.0913
[18:21:46]   HIT  SILVER             sanctions        lag=  7 m5_p=0.7734  m6_ic=0.0438
[18:21:46]   HIT  SILVER             sanctions        lag= 14 m5_p=0.2520  m6_ic=0.0362
[18:21:47]   HIT  SILVER             sanctions        lag= 30 m5_p=0.2898  m6_ic=0.0987
[18:21:47]   HIT  SILVER             inflation        lag=  1 m5_p=0.4563  m6_ic=0.1023
[18:21:47]   HIT  SILVER             inflation        lag= 14 m5_p=0.5560  m6_ic=0.0378
[18:21:47]   HIT  SILVER             banking          lag=  1 m5_p=0.8597  m6_ic=0.1069
[18:21:48]   HIT  SILVER             banking          lag=  7 m5_p=0.7958  m6_ic=0.1034
[18:21:48]   HIT  SILVER             banking          lag= 14 m5_p=0.7033  m6_ic=0.0433
[18:21:48]   HIT  SILVER             banking          lag= 30 m5_p=0.4961  m6_ic=0.0565
[18:21:48]   HIT  SILVER             gold             lag=  1 m5_p=0.5015  m6_ic=0.0709
[18:21:49]   HIT  SILVER             gold             lag= 14 m5_p=0.9397  m6_ic=0.0362
[18:21:49]   HIT  IMOEX              oil              lag=  7 m5_p=0.3656  m6_ic=0.0982
[18:21:49]   HIT  IMOEX              oil              lag= 14 m5_p=0.6076  m6_ic=0.0473
[18:21:50]   HIT  IMOEX              rate             lag=  1 m5_p=0.1954  m6_ic=0.0644
[18:21:50]   HIT  IMOEX              rate             lag= 14 m5_p=0.2500  m6_ic=0.0539
[18:21:50]   HIT  IMOEX              rate             lag= 30 m5_p=0.7067  m6_ic=0.1142
[18:21:50]   HIT  IMOEX              ruble            lag=  1 m5_p=0.6798  m6_ic=0.0638
[18:21:51]   HIT  IMOEX              ruble            lag=  7 m5_p=0.3416  m6_ic=0.0426
[18:21:51]   HIT  IMOEX              ruble            lag= 30 m5_p=0.8905  m6_ic=0.0697
[18:21:52]   HIT  IMOEX              sanctions        lag= 14 m5_p=0.9472  m6_ic=0.0559
[18:21:53]   HIT  IMOEX              inflation        lag=  1 m5_p=0.1679  m6_ic=0.0467
[18:21:53]   HIT  IMOEX              inflation        lag=  7 m5_p=0.5877  m6_ic=0.0634
[18:21:53]   HIT  IMOEX              inflation        lag= 30 m5_p=0.5803  m6_ic=0.1008
[18:21:53]   HIT  IMOEX              banking          lag=  1 m5_p=0.2253  m6_ic=0.1129
[18:21:54]   HIT  IMOEX              banking          lag= 30 m5_p=0.6247  m6_ic=0.0719
[18:21:54]   HIT  IMOEX              gold             lag=  1 m5_p=0.1881  m6_ic=0.0330
[18:21:55]   HIT  IMOEX              gold             lag=  7 m5_p=0.8441  m6_ic=0.0457
[18:21:55]   HIT  MOEXFN             oil              lag=  7 m5_p=0.3823  m6_ic=0.0555
[18:21:56]   HIT  MOEXFN             rate             lag=  1 m5_p=0.1128  m6_ic=0.0572
[18:21:57]   HIT  MOEXFN             rate             lag= 30 m5_p=0.9347  m6_ic=0.0956
[18:21:57]   HIT  MOEXFN             ruble            lag=  1 m5_p=0.3256  m6_ic=0.0750
[18:21:57]   HIT  MOEXFN             ruble            lag=  7 m5_p=0.6758  m6_ic=0.0360
[18:21:57]   HIT  MOEXFN             ruble            lag= 30 m5_p=0.6894  m6_ic=0.0504
[18:21:58]   HIT  MOEXFN             sanctions        lag=  7 m5_p=0.7753  m6_ic=0.0594
[18:21:58]   HIT  MOEXFN             sanctions        lag= 14 m5_p=0.9255  m6_ic=0.0561
[18:21:58]   HIT  MOEXFN             sanctions        lag= 30 m5_p=0.3461  m6_ic=0.0867
[18:21:58]   HIT  MOEXFN             inflation        lag=  1 m5_p=0.0918  m6_ic=0.0509
[18:21:59]   HIT  MOEXFN             banking          lag=  1 m5_p=0.1911  m6_ic=0.0902
[18:21:59]   HIT  MOEXFN             banking          lag=  7 m5_p=0.3546  m6_ic=0.0357
[18:22:00]   HIT  MOEXFN             banking          lag= 30 m5_p=0.2464  m6_ic=0.1143
[18:22:00]   HIT  MOEXFN             gold             lag=  7 m5_p=0.6910  m6_ic=0.0444
[18:22:01]   HIT  MOEXOG             oil              lag=  7 m5_p=0.4351  m6_ic=0.1201
[18:22:01]   HIT  MOEXOG             oil              lag= 14 m5_p=0.5055  m6_ic=0.0430
[18:22:01]   HIT  MOEXOG             oil              lag= 30 m5_p=0.6199  m6_ic=0.0678
[18:22:01]   HIT  MOEXOG             rate             lag=  1 m5_p=0.1240  m6_ic=0.0447
[18:22:02]   HIT  MOEXOG             rate             lag= 14 m5_p=0.2992  m6_ic=0.0307
[18:22:02]   HIT  MOEXOG             rate             lag= 30 m5_p=0.9974  m6_ic=0.1017
[18:22:02]   HIT  MOEXOG             ruble            lag=  1 m5_p=0.7496  m6_ic=0.0840
[18:22:02]   HIT  MOEXOG             ruble            lag=  7 m5_p=0.4303  m6_ic=0.0639
[18:22:03]   HIT  MOEXOG             ruble            lag= 30 m5_p=0.4104  m6_ic=0.1030
[18:22:03]   HIT  MOEXOG             sanctions        lag=  7 m5_p=0.1408  m6_ic=0.0445
[18:22:03]   HIT  MOEXOG             sanctions        lag= 14 m5_p=0.9303  m6_ic=0.0472
[18:22:04]   HIT  MOEXOG             sanctions        lag= 30 m5_p=0.9924  m6_ic=0.0328
[18:22:04]   HIT  MOEXOG             inflation        lag=  7 m5_p=0.4974  m6_ic=0.0594
[18:22:04]   HIT  MOEXOG             inflation        lag= 30 m5_p=0.1695  m6_ic=0.1147
[18:22:04]   HIT  MOEXOG             banking          lag=  1 m5_p=0.1295  m6_ic=0.1578
[18:22:05]   HIT  MOEXOG             banking          lag=  7 m5_p=0.2620  m6_ic=0.0737
[18:22:05]   HIT  MOEXOG             banking          lag= 14 m5_p=0.2146  m6_ic=0.0304
[18:22:05]   HIT  MOEXOG             banking          lag= 30 m5_p=0.1279  m6_ic=0.0343
[18:22:05]   HIT  MOEXOG             gold             lag=  1 m5_p=0.1103  m6_ic=0.0536
[18:22:06]   HIT  MOEXOG             gold             lag= 30 m5_p=0.7551  m6_ic=0.0595
[18:22:06]   HIT  MOEX10             oil              lag=  7 m5_p=0.3970  m6_ic=0.0669
[18:22:06]   HIT  MOEX10             oil              lag= 14 m5_p=0.8907  m6_ic=0.0437
[18:22:07]   HIT  MOEX10             oil              lag= 30 m5_p=0.4688  m6_ic=0.0402
[18:22:07]   HIT  MOEX10             rate             lag=  1 m5_p=0.1918  m6_ic=0.0642
[18:22:07]   HIT  MOEX10             rate             lag= 14 m5_p=0.3288  m6_ic=0.0401
[18:22:07]   HIT  MOEX10             rate             lag= 30 m5_p=0.4227  m6_ic=0.1644
[18:22:08]   HIT  MOEX10             ruble            lag=  1 m5_p=0.7842  m6_ic=0.0666
[18:22:08]   HIT  MOEX10             ruble            lag=  7 m5_p=0.5689  m6_ic=0.0365
[18:22:08]   HIT  MOEX10             ruble            lag= 14 m5_p=0.4969  m6_ic=0.0568
[18:22:08]   HIT  MOEX10             ruble            lag= 30 m5_p=0.5129  m6_ic=0.0473
[18:22:09]   HIT  MOEX10             sanctions        lag= 14 m5_p=0.8578  m6_ic=0.0368
[18:22:09]   HIT  MOEX10             inflation        lag=  1 m5_p=0.1634  m6_ic=0.0644
[18:22:09]   HIT  MOEX10             inflation        lag=  7 m5_p=0.6236  m6_ic=0.0318
[18:22:10]   HIT  MOEX10             banking          lag=  1 m5_p=0.2926  m6_ic=0.0754
[18:22:11]   HIT  MOEX10             banking          lag= 30 m5_p=0.2579  m6_ic=0.1062
[18:22:11]     Train: 269 signals
[18:22:11]     Val holdout (269 candidates)...
[18:22:12]     VAL PASS  SP500              oil              lag=  1  m6_ic=0.0550
[18:22:12]     VAL PASS  SP500              oil              lag=  7  m6_ic=0.0566
[18:22:12]     VAL PASS  SP500              rate             lag= 30  m6_ic=0.0611
[18:22:12]     VAL PASS  SP500              ruble            lag=  7  m6_ic=0.0657
[18:22:13]     VAL PASS  SP500              inflation        lag= 14  m6_ic=0.1072
[18:22:13]     VAL PASS  SP500              banking          lag=  7  m6_ic=0.0827
[18:22:13]     VAL PASS  SP500              gold             lag=  7  m6_ic=0.0408
[18:22:13]     VAL PASS  USD_RUB            oil              lag=  1  m6_ic=0.1082
[18:22:14]     VAL PASS  USD_RUB            oil              lag= 30  m6_ic=0.1140
[18:22:14]     VAL PASS  USD_RUB            rate             lag=  1  m6_ic=0.0635
[18:22:14]     VAL PASS  USD_RUB            rate             lag= 14  m6_ic=0.1297
[18:22:14]     VAL PASS  USD_RUB            rate             lag= 30  m6_ic=0.0577
[18:22:14]     VAL PASS  USD_RUB            ruble            lag=  1  m6_ic=0.0704
[18:22:15]     VAL PASS  USD_RUB            ruble            lag=  7  m6_ic=0.0754
[18:22:15]     VAL PASS  USD_RUB            ruble            lag= 14  m6_ic=0.1186
[18:22:15]     VAL PASS  USD_RUB            sanctions        lag=  7  m6_ic=0.0796
[18:22:15]     VAL PASS  USD_RUB            sanctions        lag= 14  m6_ic=0.1077
[18:22:15]     VAL PASS  USD_RUB            sanctions        lag= 30  m6_ic=0.0894
[18:22:16]     VAL PASS  USD_RUB            inflation        lag=  7  m6_ic=0.0707
[18:22:17]     VAL PASS  EUR_RUB            oil              lag=  1  m6_ic=0.1082
[18:22:17]     VAL PASS  EUR_RUB            oil              lag= 30  m6_ic=0.1140
[18:22:17]     VAL PASS  EUR_RUB            rate             lag=  1  m6_ic=0.0635
[18:22:18]     VAL PASS  EUR_RUB            rate             lag= 14  m6_ic=0.1297
[18:22:18]     VAL PASS  EUR_RUB            rate             lag= 30  m6_ic=0.0577
[18:22:18]     VAL PASS  EUR_RUB            ruble            lag=  1  m6_ic=0.0704
[18:22:18]     VAL PASS  EUR_RUB            ruble            lag=  7  m6_ic=0.0754
[18:22:18]     VAL PASS  EUR_RUB            ruble            lag= 14  m6_ic=0.1186
[18:22:19]     VAL PASS  EUR_RUB            sanctions        lag=  7  m6_ic=0.0796
[18:22:19]     VAL PASS  EUR_RUB            sanctions        lag= 14  m6_ic=0.1077
[18:22:19]     VAL PASS  EUR_RUB            sanctions        lag= 30  m6_ic=0.0894
[18:22:19]     VAL PASS  EUR_RUB            inflation        lag=  7  m6_ic=0.0707
[18:22:21]     VAL PASS  DJ_SOUTH_AFRICA    sanctions        lag=  1  m6_ic=0.0457
[18:22:21]     VAL PASS  DJ_SOUTH_AFRICA    sanctions        lag=  7  m6_ic=0.0566
[18:22:21]     VAL PASS  DJ_SOUTH_AFRICA    sanctions        lag= 14  m6_ic=0.0420
[18:22:22]     VAL PASS  DJ_SOUTH_AFRICA    sanctions        lag= 30  m6_ic=0.0423
[18:22:22]     VAL PASS  DJ_SOUTH_AFRICA    inflation        lag= 30  m6_ic=0.0358
[18:22:22]     VAL PASS  DJ_SOUTH_AFRICA    banking          lag=  1  m6_ic=0.0851
[18:22:22]     VAL PASS  DJ_SOUTH_AFRICA    banking          lag=  7  m6_ic=0.0443
[18:22:23]     VAL PASS  DJ_SOUTH_AFRICA    banking          lag= 30  m6_ic=0.0356
[18:22:23]     VAL PASS  DJ_SOUTH_AFRICA    gold             lag=  1  m6_ic=0.0555
[18:22:23]     VAL PASS  DJ_SOUTH_AFRICA    gold             lag=  7  m6_ic=0.0551
[18:22:23]     VAL PASS  DJ_SOUTH_AFRICA    gold             lag= 14  m6_ic=0.0637
[18:22:24]     VAL PASS  DJ_SOUTH_AFRICA    gold             lag= 30  m6_ic=0.1073
[18:22:24]     VAL PASS  MSCI_WORLD         oil              lag= 14  m6_ic=0.0649
[18:22:24]     VAL PASS  MSCI_WORLD         oil              lag= 30  m6_ic=0.0348
[18:22:24]     VAL PASS  MSCI_WORLD         rate             lag=  1  m6_ic=0.0303
[18:22:25]     VAL PASS  MSCI_WORLD         rate             lag= 14  m6_ic=0.0896
[18:22:25]     VAL PASS  MSCI_WORLD         rate             lag= 30  m6_ic=0.0506
[18:22:26]     VAL PASS  MSCI_WORLD         banking          lag=  1  m6_ic=0.0556
[18:22:27]     VAL PASS  MSCI_WORLD         banking          lag= 30  m6_ic=0.0343
[18:22:27]     VAL PASS  DXY                oil              lag= 14  m6_ic=0.1204
[18:22:28]     VAL PASS  DXY                rate             lag=  7  m6_ic=0.0960
[18:22:28]     VAL PASS  DXY                rate             lag= 30  m6_ic=0.0832
[18:22:28]     VAL PASS  DXY                ruble            lag= 30  m6_ic=0.0981
[18:22:28]     VAL PASS  DXY                sanctions        lag=  7  m6_ic=0.0456
[18:22:28]     VAL PASS  DXY                sanctions        lag= 14  m6_ic=0.0308
[18:22:29]     VAL PASS  DXY                banking          lag=  7  m6_ic=0.0908
[18:22:29]     VAL PASS  DXY                banking          lag= 14  m6_ic=0.0449
[18:22:29]     VAL PASS  DXY                banking          lag= 30  m6_ic=0.0622
[18:22:29]     VAL PASS  DXY                gold             lag= 14  m6_ic=0.0884
[18:22:30]     VAL PASS  DXY                gold             lag= 30  m6_ic=0.0407
[18:22:30]     VAL PASS  BRENT              oil              lag= 14  m6_ic=0.0876
[18:22:30]     VAL PASS  BRENT              oil              lag= 30  m6_ic=0.0938
[18:22:30]     VAL PASS  BRENT              rate             lag= 14  m6_ic=0.0323
[18:22:31]     VAL PASS  BRENT              ruble            lag= 14  m6_ic=0.0517
[18:22:31]     VAL PASS  BRENT              sanctions        lag=  7  m6_ic=0.0416
[18:22:32]     VAL PASS  BRENT              inflation        lag= 30  m6_ic=0.0655
[18:22:33]     VAL PASS  MSCI_INDIA         oil              lag=  7  m6_ic=0.0566
[18:22:33]     VAL PASS  MSCI_INDIA         rate             lag=  7  m6_ic=0.0834
[18:22:34]     VAL PASS  MSCI_INDIA         rate             lag= 30  m6_ic=0.1738
[18:22:34]     VAL PASS  MSCI_INDIA         sanctions        lag=  1  m6_ic=0.1118
[18:22:34]     VAL PASS  MSCI_INDIA         inflation        lag=  1  m6_ic=0.0506
[18:22:34]     VAL PASS  MSCI_INDIA         inflation        lag= 30  m6_ic=0.0443
[18:22:35]     VAL PASS  MSCI_INDIA         banking          lag=  1  m6_ic=0.0486
[18:22:35]     VAL PASS  MSCI_INDIA         banking          lag=  7  m6_ic=0.0330
[18:22:35]     VAL PASS  MSCI_INDIA         banking          lag= 30  m6_ic=0.0722
[18:22:35]     VAL PASS  MSCI_INDIA         gold             lag=  1  m6_ic=0.0812
[18:22:36]     VAL PASS  CHINA_H_SHARES     rate             lag=  1  m6_ic=0.0515
[18:22:36]     VAL PASS  CHINA_H_SHARES     rate             lag=  7  m6_ic=0.0504
[18:22:36]     VAL PASS  CHINA_H_SHARES     rate             lag= 14  m6_ic=0.0901
[18:22:36]     VAL PASS  CHINA_H_SHARES     ruble            lag=  1  m6_ic=0.0727
[18:22:37]     VAL PASS  CHINA_H_SHARES     ruble            lag= 30  m6_ic=0.0745
[18:22:37]     VAL PASS  CHINA_H_SHARES     sanctions        lag=  1  m6_ic=0.0463
[18:22:37]     VAL PASS  CHINA_H_SHARES     sanctions        lag= 14  m6_ic=0.0627
[18:22:37]     VAL PASS  CHINA_H_SHARES     sanctions        lag= 30  m6_ic=0.0977
[18:22:38]     VAL PASS  CHINA_H_SHARES     banking          lag= 14  m6_ic=0.0575
[18:22:38]     VAL PASS  CHINA_H_SHARES     gold             lag= 14  m6_ic=0.0951
[18:22:38]     VAL PASS  FTSE_CHINA_50      oil              lag=  1  m6_ic=0.0758
[18:22:39]     VAL PASS  FTSE_CHINA_50      oil              lag=  7  m6_ic=0.0351
[18:22:39]     VAL PASS  FTSE_CHINA_50      rate             lag=  1  m6_ic=0.0715
[18:22:39]     VAL PASS  FTSE_CHINA_50      rate             lag=  7  m6_ic=0.0946
[18:22:39]     VAL PASS  FTSE_CHINA_50      rate             lag= 14  m6_ic=0.0461
[18:22:40]     VAL PASS  FTSE_CHINA_50      ruble            lag= 30  m6_ic=0.0522
[18:22:40]     VAL PASS  FTSE_CHINA_50      sanctions        lag= 30  m6_ic=0.0720
[18:22:40]     VAL PASS  FTSE_CHINA_50      inflation        lag=  1  m6_ic=0.0345
[18:22:41]     VAL PASS  FTSE_CHINA_50      inflation        lag=  7  m6_ic=0.0458
[18:22:41]     VAL PASS  FTSE_CHINA_50      gold             lag=  7  m6_ic=0.0381
[18:22:42]     VAL PASS  FTSE_CHINA_50      gold             lag= 14  m6_ic=0.0526
[18:22:42]     VAL PASS  FTSE_CHINA_50      gold             lag= 30  m6_ic=0.0736
[18:22:42]     VAL PASS  GOLD               oil              lag=  1  m6_ic=0.0851
[18:22:42]     VAL PASS  GOLD               oil              lag= 30  m6_ic=0.0743
[18:22:43]     VAL PASS  GOLD               ruble            lag=  7  m6_ic=0.0650
[18:22:43]     VAL PASS  GOLD               ruble            lag= 14  m6_ic=0.0500
[18:22:43]     VAL PASS  GOLD               ruble            lag= 30  m6_ic=0.0531
[18:22:43]     VAL PASS  GOLD               sanctions        lag=  1  m6_ic=0.0581
[18:22:43]     VAL PASS  GOLD               sanctions        lag=  7  m6_ic=0.0909
[18:22:43]     VAL PASS  GOLD               inflation        lag=  1  m6_ic=0.0616
[18:22:44]     VAL PASS  GOLD               inflation        lag= 30  m6_ic=0.0763
[18:22:44]     VAL PASS  GOLD               banking          lag=  1  m6_ic=0.0610
[18:22:44]     VAL PASS  GOLD               banking          lag=  7  m6_ic=0.0414
[18:22:44]     VAL PASS  GOLD               banking          lag= 14  m6_ic=0.0503
[18:22:46]     VAL PASS  SILVER             rate             lag= 14  m6_ic=0.1188
[18:22:46]     VAL PASS  SILVER             rate             lag= 30  m6_ic=0.0396
[18:22:46]     VAL PASS  SILVER             ruble            lag= 14  m6_ic=0.0338
[18:22:46]     VAL PASS  SILVER             ruble            lag= 30  m6_ic=0.0367
[18:22:46]     VAL PASS  SILVER             sanctions        lag=  7  m6_ic=0.0692
[18:22:47]     VAL PASS  SILVER             inflation        lag=  1  m6_ic=0.0842
[18:22:47]     VAL PASS  SILVER             inflation        lag= 14  m6_ic=0.0577
[18:22:47]     VAL PASS  SILVER             banking          lag=  1  m6_ic=0.0579
[18:22:48]     VAL PASS  SILVER             banking          lag= 30  m6_ic=0.0373
[18:22:48]     VAL PASS  SILVER             gold             lag=  1  m6_ic=0.0628
[18:22:48]     VAL PASS  SILVER             gold             lag= 14  m6_ic=0.0476
[18:22:49]     VAL PASS  IMOEX              oil              lag= 14  m6_ic=0.0326
[18:22:49]     VAL PASS  IMOEX              rate             lag= 14  m6_ic=0.0616
[18:22:49]     VAL PASS  IMOEX              rate             lag= 30  m6_ic=0.0468
[18:22:49]     VAL PASS  IMOEX              ruble            lag=  1  m6_ic=0.0661
[18:22:49]     VAL PASS  IMOEX              ruble            lag=  7  m6_ic=0.0732
[18:22:50]     VAL PASS  IMOEX              ruble            lag= 30  m6_ic=0.1228
[18:22:50]     VAL PASS  IMOEX              sanctions        lag= 14  m6_ic=0.0891
[18:22:50]     VAL PASS  IMOEX              inflation        lag=  1  m6_ic=0.0482
[18:22:50]     VAL PASS  IMOEX              inflation        lag=  7  m6_ic=0.0720
[18:22:51]     VAL PASS  IMOEX              banking          lag= 30  m6_ic=0.0438
[18:22:51]     VAL PASS  IMOEX              gold             lag=  1  m6_ic=0.0407
[18:22:52]     VAL PASS  MOEXFN             ruble            lag=  1  m6_ic=0.0466
[18:22:52]     VAL PASS  MOEXFN             ruble            lag=  7  m6_ic=0.0524
[18:22:52]     VAL PASS  MOEXFN             ruble            lag= 30  m6_ic=0.1087
[18:22:52]     VAL PASS  MOEXFN             sanctions        lag=  7  m6_ic=0.0638
[18:22:53]     VAL PASS  MOEXFN             sanctions        lag= 14  m6_ic=0.0785
[18:22:53]     VAL PASS  MOEXFN             sanctions        lag= 30  m6_ic=0.0793
[18:22:53]     VAL PASS  MOEXFN             inflation        lag=  1  m6_ic=0.0818
[18:22:53]     VAL PASS  MOEXFN             banking          lag=  1  m6_ic=0.0471
[18:22:53]     VAL PASS  MOEXFN             banking          lag=  7  m6_ic=0.0529
[18:22:54]     VAL PASS  MOEXOG             oil              lag= 14  m6_ic=0.0340
[18:22:54]     VAL PASS  MOEXOG             oil              lag= 30  m6_ic=0.0663
[18:22:54]     VAL PASS  MOEXOG             rate             lag=  1  m6_ic=0.0423
[18:22:55]     VAL PASS  MOEXOG             rate             lag= 14  m6_ic=0.0638
[18:22:55]     VAL PASS  MOEXOG             ruble            lag=  1  m6_ic=0.0505
[18:22:55]     VAL PASS  MOEXOG             ruble            lag=  7  m6_ic=0.0791
[18:22:55]     VAL PASS  MOEXOG             ruble            lag= 30  m6_ic=0.0750
[18:22:55]     VAL PASS  MOEXOG             sanctions        lag=  7  m6_ic=0.0534
[18:22:56]     VAL PASS  MOEXOG             sanctions        lag= 14  m6_ic=0.1024
[18:22:56]     VAL PASS  MOEXOG             sanctions        lag= 30  m6_ic=0.0510
[18:22:56]     VAL PASS  MOEXOG             inflation        lag=  7  m6_ic=0.0845
[18:22:56]     VAL PASS  MOEXOG             banking          lag=  1  m6_ic=0.0887
[18:22:57]     VAL PASS  MOEXOG             banking          lag=  7  m6_ic=0.1396
[18:22:57]     VAL PASS  MOEXOG             gold             lag=  1  m6_ic=0.0336
[18:22:57]     VAL PASS  MOEXOG             gold             lag= 30  m6_ic=0.0948
[18:22:58]     VAL PASS  MOEX10             oil              lag= 14  m6_ic=0.0647
[18:22:58]     VAL PASS  MOEX10             oil              lag= 30  m6_ic=0.0521
[18:22:58]     VAL PASS  MOEX10             rate             lag=  1  m6_ic=0.0330
[18:22:59]     VAL PASS  MOEX10             rate             lag= 30  m6_ic=0.0587
[18:22:59]     VAL PASS  MOEX10             ruble            lag=  1  m6_ic=0.0559
[18:22:59]     VAL PASS  MOEX10             ruble            lag=  7  m6_ic=0.0819
[18:22:59]     VAL PASS  MOEX10             ruble            lag= 14  m6_ic=0.0718
[18:22:59]     VAL PASS  MOEX10             ruble            lag= 30  m6_ic=0.0542
[18:22:59]     VAL PASS  MOEX10             sanctions        lag= 14  m6_ic=0.0879
[18:22:59]     VAL PASS  MOEX10             inflation        lag=  1  m6_ic=0.0420
[18:23:00]     VAL PASS  MOEX10             inflation        lag=  7  m6_ic=0.0700
[18:23:00]     VAL PASS  MOEX10             banking          lag=  1  m6_ic=0.0310
[18:23:00]     Val: 169/269 held
[18:23:00]   → train=269  val=169  max_ic=0.1644
[18:23:00] 
============================================================
[18:23:00] FINAL REPORT
[18:23:00] ============================================================
[18:23:00] Report: C:\project\signal_mind\analytics\phase_b\night_search\night_report_20260521_181814.md
[18:23:00] Hits CSV: C:\project\signal_mind\analytics\phase_b\night_search\night_hits_20260521_181814.csv
[18:23:00] 
  [3/15] sweep_keyword_raw_vol_5d  budget=37min  ic_gate=0.03  ens=M6_only
[18:23:00]   Config: sweep_keyword_raw_vol_5d
[18:23:00]     feature=keyword_raw  target=vol_5d  ensemble=M6_only  ic_min=0.03
[18:23:00]   HIT  SP500              oil              lag=  1 m5_p=0.6627  m6_ic=0.0539
[18:23:01]   HIT  SP500              oil              lag=  7 m5_p=0.5171  m6_ic=0.0363
[18:23:02]   HIT  SP500              rate             lag= 14 m5_p=0.5287  m6_ic=0.0301
[18:23:02]   HIT  SP500              rate             lag= 30 m5_p=0.9348  m6_ic=0.0314
[18:23:02]   HIT  SP500              ruble            lag=  7 m5_p=0.9108  m6_ic=0.0474
[18:23:03]   HIT  SP500              ruble            lag= 30 m5_p=0.0762  m6_ic=0.0413
[18:23:04]   HIT  SP500              inflation        lag= 14 m5_p=0.5948  m6_ic=0.0655
[18:23:05]   HIT  SP500              banking          lag=  7 m5_p=0.3701  m6_ic=0.0536
[18:23:06]   HIT  SP500              gold             lag=  7 m5_p=0.8524  m6_ic=0.0942
[18:23:06]   HIT  USD_RUB            oil              lag=  1 m5_p=0.4151  m6_ic=0.0614
[18:23:07]   HIT  USD_RUB            oil              lag= 14 m5_p=0.6241  m6_ic=0.0417
[18:23:07]   HIT  USD_RUB            oil              lag= 30 m5_p=0.1626  m6_ic=0.0698
[18:23:07]   HIT  USD_RUB            rate             lag=  1 m5_p=0.7527  m6_ic=0.0950
[18:23:07]   HIT  USD_RUB            rate             lag=  7 m5_p=0.8101  m6_ic=0.0394
[18:23:07]   HIT  USD_RUB            rate             lag= 14 m5_p=0.7542  m6_ic=0.0378
[18:23:08]   HIT  USD_RUB            rate             lag= 30 m5_p=0.9971  m6_ic=0.0479
[18:23:08]   HIT  USD_RUB            ruble            lag=  1 m5_p=0.7646  m6_ic=0.0442
[18:23:08]   HIT  USD_RUB            ruble            lag=  7 m5_p=0.4884  m6_ic=0.0483
[18:23:08]   HIT  USD_RUB            ruble            lag= 14 m5_p=0.9676  m6_ic=0.1183
[18:23:09]   HIT  USD_RUB            sanctions        lag=  1 m5_p=0.0777  m6_ic=0.1348
[18:23:09]   HIT  USD_RUB            sanctions        lag=  7 m5_p=0.9775  m6_ic=0.0313
[18:23:09]   HIT  USD_RUB            sanctions        lag= 14 m5_p=0.1527  m6_ic=0.0743
[18:23:09]   HIT  USD_RUB            sanctions        lag= 30 m5_p=0.6349  m6_ic=0.0726
[18:23:10]   HIT  USD_RUB            inflation        lag=  1 m5_p=0.8798  m6_ic=0.0351
[18:23:10]   HIT  USD_RUB            inflation        lag=  7 m5_p=0.9352  m6_ic=0.0371
[18:23:10]   HIT  USD_RUB            inflation        lag= 14 m5_p=0.5422  m6_ic=0.0338
[18:23:11]   HIT  USD_RUB            banking          lag= 14 m5_p=0.8158  m6_ic=0.0645
[18:23:11]   HIT  USD_RUB            banking          lag= 30 m5_p=0.6790  m6_ic=0.0792
[18:23:12]   HIT  USD_RUB            gold             lag= 14 m5_p=0.9653  m6_ic=0.0307
[18:23:12]   HIT  EUR_RUB            oil              lag=  1 m5_p=0.4151  m6_ic=0.0614
[18:23:12]   HIT  EUR_RUB            oil              lag= 14 m5_p=0.6241  m6_ic=0.0417
[18:23:13]   HIT  EUR_RUB            oil              lag= 30 m5_p=0.1626  m6_ic=0.0698
[18:23:13]   HIT  EUR_RUB            rate             lag=  1 m5_p=0.7527  m6_ic=0.0950
[18:23:13]   HIT  EUR_RUB            rate             lag=  7 m5_p=0.8101  m6_ic=0.0394
[18:23:13]   HIT  EUR_RUB            rate             lag= 14 m5_p=0.7542  m6_ic=0.0378
[18:23:13]   HIT  EUR_RUB            rate             lag= 30 m5_p=0.9971  m6_ic=0.0479
[18:23:14]   HIT  EUR_RUB            ruble            lag=  1 m5_p=0.7646  m6_ic=0.0442
[18:23:14]   HIT  EUR_RUB            ruble            lag=  7 m5_p=0.4884  m6_ic=0.0483
[18:23:14]   HIT  EUR_RUB            ruble            lag= 14 m5_p=0.9676  m6_ic=0.1183
[18:23:14]   HIT  EUR_RUB            sanctions        lag=  1 m5_p=0.0777  m6_ic=0.1348
[18:23:15]   HIT  EUR_RUB            sanctions        lag=  7 m5_p=0.9775  m6_ic=0.0313
[18:23:15]   HIT  EUR_RUB            sanctions        lag= 14 m5_p=0.1527  m6_ic=0.0743
[18:23:15]   HIT  EUR_RUB            sanctions        lag= 30 m5_p=0.6349  m6_ic=0.0726
[18:23:15]   HIT  EUR_RUB            inflation        lag=  1 m5_p=0.8798  m6_ic=0.0351
[18:23:15]   HIT  EUR_RUB            inflation        lag=  7 m5_p=0.9352  m6_ic=0.0371
[18:23:16]   HIT  EUR_RUB            inflation        lag= 14 m5_p=0.5422  m6_ic=0.0338
[18:23:16]   HIT  EUR_RUB            banking          lag= 14 m5_p=0.8158  m6_ic=0.0645
[18:23:17]   HIT  EUR_RUB            banking          lag= 30 m5_p=0.6790  m6_ic=0.0792
[18:23:17]   HIT  EUR_RUB            gold             lag= 14 m5_p=0.9653  m6_ic=0.0307
[18:23:18]   HIT  DJ_SOUTH_AFRICA    oil              lag=  7 m5_p=0.4695  m6_ic=0.0444
[18:23:19]   HIT  DJ_SOUTH_AFRICA    rate             lag= 30 m5_p=0.5259  m6_ic=0.0386
[18:23:20]   HIT  DJ_SOUTH_AFRICA    ruble            lag= 14 m5_p=0.8469  m6_ic=0.0706
[18:23:20]   HIT  DJ_SOUTH_AFRICA    ruble            lag= 30 m5_p=0.4112  m6_ic=0.0331
[18:23:20]   HIT  DJ_SOUTH_AFRICA    sanctions        lag=  1 m5_p=0.7779  m6_ic=0.1255
[18:23:20]   HIT  DJ_SOUTH_AFRICA    sanctions        lag=  7 m5_p=0.4984  m6_ic=0.0476
[18:23:20]   HIT  DJ_SOUTH_AFRICA    sanctions        lag= 14 m5_p=0.0167  m6_ic=0.0383
[18:23:21]   HIT  DJ_SOUTH_AFRICA    sanctions        lag= 30 m5_p=0.1325  m6_ic=0.0511
[18:23:21]   HIT  DJ_SOUTH_AFRICA    inflation        lag=  1 m5_p=0.4426  m6_ic=0.0457
[18:23:21]   HIT  DJ_SOUTH_AFRICA    inflation        lag= 14 m5_p=0.8858  m6_ic=0.0498
[18:23:21]   HIT  DJ_SOUTH_AFRICA    inflation        lag= 30 m5_p=0.9178  m6_ic=0.0772
[18:23:22]   HIT  DJ_SOUTH_AFRICA    banking          lag=  1 m5_p=0.8775  m6_ic=0.0612
[18:23:22]   HIT  DJ_SOUTH_AFRICA    banking          lag=  7 m5_p=0.9187  m6_ic=0.1092
[18:23:22]   HIT  DJ_SOUTH_AFRICA    banking          lag= 14 m5_p=0.7734  m6_ic=0.0857
[18:23:22]   HIT  DJ_SOUTH_AFRICA    banking          lag= 30 m5_p=0.5459  m6_ic=0.0867
[18:23:22]   HIT  DJ_SOUTH_AFRICA    gold             lag=  1 m5_p=0.9638  m6_ic=0.0482
[18:23:23]   HIT  DJ_SOUTH_AFRICA    gold             lag=  7 m5_p=0.0160  m6_ic=0.0380
[18:23:23]   HIT  DJ_SOUTH_AFRICA    gold             lag= 14 m5_p=0.1792  m6_ic=0.0626
[18:23:23]   HIT  DJ_SOUTH_AFRICA    gold             lag= 30 m5_p=0.8632  m6_ic=0.0696
[18:23:24]   HIT  MSCI_WORLD         oil              lag= 14 m5_p=0.7583  m6_ic=0.0790
[18:23:24]   HIT  MSCI_WORLD         oil              lag= 30 m5_p=0.5465  m6_ic=0.0388
[18:23:24]   HIT  MSCI_WORLD         rate             lag=  1 m5_p=0.8296  m6_ic=0.0851
[18:23:24]   HIT  MSCI_WORLD         rate             lag=  7 m5_p=0.4579  m6_ic=0.0438
[18:23:24]   HIT  MSCI_WORLD         rate             lag= 14 m5_p=0.7534  m6_ic=0.0444
[18:23:25]   HIT  MSCI_WORLD         rate             lag= 30 m5_p=0.4239  m6_ic=0.1146
[18:23:25]   HIT  MSCI_WORLD         ruble            lag=  1 m5_p=0.8053  m6_ic=0.0430
[18:23:26]   HIT  MSCI_WORLD         sanctions        lag=  1 m5_p=0.9279  m6_ic=0.0375
[18:23:26]   HIT  MSCI_WORLD         sanctions        lag= 14 m5_p=0.0236  m6_ic=0.0584
[18:23:26]   HIT  MSCI_WORLD         sanctions        lag= 30 m5_p=0.1371  m6_ic=0.0381
[18:23:26]   HIT  MSCI_WORLD         inflation        lag=  1 m5_p=0.9293  m6_ic=0.0340
[18:23:27]   HIT  MSCI_WORLD         inflation        lag=  7 m5_p=0.8139  m6_ic=0.0516
[18:23:27]   HIT  MSCI_WORLD         banking          lag=  1 m5_p=0.6049  m6_ic=0.0353
[18:23:28]   HIT  MSCI_WORLD         banking          lag=  7 m5_p=0.2795  m6_ic=0.0432
[18:23:28]   HIT  MSCI_WORLD         banking          lag= 14 m5_p=0.5942  m6_ic=0.0327
[18:23:28]   HIT  MSCI_WORLD         banking          lag= 30 m5_p=0.7214  m6_ic=0.0710
[18:23:29]   HIT  MSCI_WORLD         gold             lag= 14 m5_p=0.9363  m6_ic=0.0811
[18:23:29]   HIT  DXY                oil              lag=  1 m5_p=0.9938  m6_ic=0.0545
[18:23:29]   HIT  DXY                oil              lag=  7 m5_p=0.4559  m6_ic=0.0401
[18:23:29]   HIT  DXY                oil              lag= 14 m5_p=0.9907  m6_ic=0.0408
[18:23:30]   HIT  DXY                rate             lag=  1 m5_p=0.6407  m6_ic=0.1002
[18:23:30]   HIT  DXY                rate             lag=  7 m5_p=0.8922  m6_ic=0.0507
[18:23:30]   HIT  DXY                rate             lag= 30 m5_p=0.6109  m6_ic=0.0358
[18:23:31]   HIT  DXY                ruble            lag= 30 m5_p=0.7125  m6_ic=0.0336
[18:23:32]   HIT  DXY                sanctions        lag=  7 m5_p=0.6776  m6_ic=0.0334
[18:23:32]   HIT  DXY                sanctions        lag= 14 m5_p=0.2611  m6_ic=0.0324
[18:23:33]   HIT  DXY                banking          lag=  7 m5_p=0.9637  m6_ic=0.0312
[18:23:33]   HIT  DXY                banking          lag= 14 m5_p=0.7537  m6_ic=0.0459
[18:23:34]   HIT  DXY                banking          lag= 30 m5_p=0.8030  m6_ic=0.0401
[18:23:34]   HIT  DXY                gold             lag=  7 m5_p=0.1827  m6_ic=0.0601
[18:23:34]   HIT  DXY                gold             lag= 14 m5_p=0.6443  m6_ic=0.0731
[18:23:34]   HIT  DXY                gold             lag= 30 m5_p=0.8404  m6_ic=0.0608
[18:23:35]   HIT  BRENT              oil              lag=  7 m5_p=0.9807  m6_ic=0.0504
[18:23:35]   HIT  BRENT              oil              lag= 14 m5_p=0.8691  m6_ic=0.0561
[18:23:35]   HIT  BRENT              oil              lag= 30 m5_p=0.8554  m6_ic=0.0732
[18:23:36]   HIT  BRENT              rate             lag=  7 m5_p=0.9612  m6_ic=0.0734
[18:23:36]   HIT  BRENT              rate             lag= 14 m5_p=0.9184  m6_ic=0.0727
[18:23:36]   HIT  BRENT              ruble            lag=  7 m5_p=0.1811  m6_ic=0.0722
[18:23:37]   HIT  BRENT              ruble            lag= 14 m5_p=0.6368  m6_ic=0.0536
[18:23:37]   HIT  BRENT              ruble            lag= 30 m5_p=0.4976  m6_ic=0.0478
[18:23:37]   HIT  BRENT              sanctions        lag=  1 m5_p=0.8883  m6_ic=0.0389
[18:23:37]   HIT  BRENT              sanctions        lag=  7 m5_p=0.0344  m6_ic=0.1222
[18:23:37]   HIT  BRENT              sanctions        lag= 14 m5_p=0.6047  m6_ic=0.0669
[18:23:38]   HIT  BRENT              sanctions        lag= 30 m5_p=0.7844  m6_ic=0.0517
[18:23:38]   HIT  BRENT              inflation        lag=  7 m5_p=0.6647  m6_ic=0.0522
[18:23:38]   HIT  BRENT              inflation        lag= 30 m5_p=0.7393  m6_ic=0.0407
[18:23:39]   HIT  BRENT              banking          lag= 30 m5_p=0.3849  m6_ic=0.0319
[18:23:39]   HIT  BRENT              gold             lag=  1 m5_p=0.4448  m6_ic=0.0355
[18:23:40]   HIT  BRENT              gold             lag= 30 m5_p=0.6646  m6_ic=0.0375
[18:23:40]   HIT  MSCI_INDIA         oil              lag=  1 m5_p=0.8762  m6_ic=0.0847
[18:23:41]   HIT  MSCI_INDIA         oil              lag=  7 m5_p=0.6587  m6_ic=0.0376
[18:23:41]   HIT  MSCI_INDIA         oil              lag= 14 m5_p=0.9138  m6_ic=0.0576
[18:23:41]   HIT  MSCI_INDIA         rate             lag=  7 m5_p=0.4848  m6_ic=0.0311
[18:23:42]   HIT  MSCI_INDIA         rate             lag= 30 m5_p=0.6603  m6_ic=0.0430
[18:23:43]   HIT  MSCI_INDIA         ruble            lag= 30 m5_p=0.6740  m6_ic=0.0458
[18:23:43]   HIT  MSCI_INDIA         sanctions        lag=  1 m5_p=0.8585  m6_ic=0.1201
[18:23:43]   HIT  MSCI_INDIA         sanctions        lag= 14 m5_p=0.0381  m6_ic=0.0760
[18:23:43]   HIT  MSCI_INDIA         inflation        lag=  1 m5_p=0.9173  m6_ic=0.1354
[18:23:44]   HIT  MSCI_INDIA         inflation        lag= 30 m5_p=0.7822  m6_ic=0.0536
[18:23:44]   HIT  MSCI_INDIA         banking          lag=  1 m5_p=0.5125  m6_ic=0.0806
[18:23:45]   HIT  MSCI_INDIA         banking          lag=  7 m5_p=0.5848  m6_ic=0.1100
[18:23:45]   HIT  MSCI_INDIA         banking          lag= 30 m5_p=0.5876  m6_ic=0.0520
[18:23:45]   HIT  MSCI_INDIA         gold             lag=  1 m5_p=0.9223  m6_ic=0.0316
[18:23:46]   HIT  MSCI_INDIA         gold             lag= 30 m5_p=0.8411  m6_ic=0.0849
[18:23:46]   HIT  CHINA_H_SHARES     oil              lag=  1 m5_p=0.4252  m6_ic=0.0343
[18:23:46]   HIT  CHINA_H_SHARES     oil              lag=  7 m5_p=0.2836  m6_ic=0.0621
[18:23:46]   HIT  CHINA_H_SHARES     oil              lag= 14 m5_p=0.7447  m6_ic=0.0546
[18:23:47]   HIT  CHINA_H_SHARES     rate             lag=  1 m5_p=0.4171  m6_ic=0.0592
[18:23:47]   HIT  CHINA_H_SHARES     rate             lag=  7 m5_p=0.8738  m6_ic=0.0416
[18:23:47]   HIT  CHINA_H_SHARES     rate             lag= 14 m5_p=0.2584  m6_ic=0.0415
[18:23:48]   HIT  CHINA_H_SHARES     ruble            lag=  1 m5_p=0.8376  m6_ic=0.0627
[18:23:48]   HIT  CHINA_H_SHARES     ruble            lag= 30 m5_p=0.5751  m6_ic=0.0612
[18:23:48]   HIT  CHINA_H_SHARES     sanctions        lag=  1 m5_p=0.1269  m6_ic=0.0444
[18:23:49]   HIT  CHINA_H_SHARES     sanctions        lag= 14 m5_p=0.0570  m6_ic=0.0427
[18:23:49]   HIT  CHINA_H_SHARES     sanctions        lag= 30 m5_p=0.7132  m6_ic=0.0422
[18:23:49]   HIT  CHINA_H_SHARES     inflation        lag=  1 m5_p=0.5014  m6_ic=0.0630
[18:23:49]   HIT  CHINA_H_SHARES     inflation        lag=  7 m5_p=0.5842  m6_ic=0.0326
[18:23:50]   HIT  CHINA_H_SHARES     banking          lag= 14 m5_p=0.1631  m6_ic=0.0425
[18:23:51]   HIT  CHINA_H_SHARES     banking          lag= 30 m5_p=0.4281  m6_ic=0.0334
[18:23:51]   HIT  CHINA_H_SHARES     gold             lag=  1 m5_p=0.7182  m6_ic=0.0669
[18:23:51]   HIT  CHINA_H_SHARES     gold             lag= 14 m5_p=0.9956  m6_ic=0.0525
[18:23:52]   HIT  FTSE_CHINA_50      oil              lag=  1 m5_p=0.4584  m6_ic=0.0529
[18:23:52]   HIT  FTSE_CHINA_50      oil              lag=  7 m5_p=0.2440  m6_ic=0.0695
[18:23:52]   HIT  FTSE_CHINA_50      oil              lag= 14 m5_p=0.7124  m6_ic=0.0473
[18:23:52]   HIT  FTSE_CHINA_50      rate             lag=  1 m5_p=0.5148  m6_ic=0.0649
[18:23:53]   HIT  FTSE_CHINA_50      rate             lag=  7 m5_p=0.9913  m6_ic=0.0363
[18:23:53]   HIT  FTSE_CHINA_50      rate             lag= 14 m5_p=0.2687  m6_ic=0.0479
[18:23:53]   HIT  FTSE_CHINA_50      ruble            lag=  1 m5_p=0.9901  m6_ic=0.0409
[18:23:54]   HIT  FTSE_CHINA_50      ruble            lag= 30 m5_p=0.3880  m6_ic=0.0817
[18:23:54]   HIT  FTSE_CHINA_50      sanctions        lag= 14 m5_p=0.0897  m6_ic=0.0445
[18:23:55]   HIT  FTSE_CHINA_50      sanctions        lag= 30 m5_p=0.4187  m6_ic=0.0440
[18:23:55]   HIT  FTSE_CHINA_50      inflation        lag=  1 m5_p=0.6470  m6_ic=0.0428
[18:23:55]   HIT  FTSE_CHINA_50      inflation        lag=  7 m5_p=0.3905  m6_ic=0.0340
[18:23:55]   HIT  FTSE_CHINA_50      inflation        lag= 30 m5_p=0.6986  m6_ic=0.0496
[18:23:56]   HIT  FTSE_CHINA_50      banking          lag=  1 m5_p=0.6430  m6_ic=0.0363
[18:23:56]   HIT  FTSE_CHINA_50      banking          lag= 14 m5_p=0.1179  m6_ic=0.0360
[18:23:56]   HIT  FTSE_CHINA_50      gold             lag=  1 m5_p=0.6650  m6_ic=0.0336
[18:23:57]   HIT  FTSE_CHINA_50      gold             lag=  7 m5_p=0.1741  m6_ic=0.0432
[18:23:57]   HIT  FTSE_CHINA_50      gold             lag= 14 m5_p=0.9787  m6_ic=0.0412
[18:23:57]   HIT  FTSE_CHINA_50      gold             lag= 30 m5_p=0.3984  m6_ic=0.0550
[18:23:57]   HIT  GOLD               oil              lag=  1 m5_p=0.9532  m6_ic=0.0326
[18:23:58]   HIT  GOLD               oil              lag= 30 m5_p=0.3688  m6_ic=0.0932
[18:23:59]   HIT  GOLD               ruble            lag=  1 m5_p=0.7153  m6_ic=0.0798
[18:23:59]   HIT  GOLD               ruble            lag=  7 m5_p=0.6456  m6_ic=0.1263
[18:23:59]   HIT  GOLD               ruble            lag= 14 m5_p=0.4860  m6_ic=0.0612
[18:23:59]   HIT  GOLD               ruble            lag= 30 m5_p=0.7346  m6_ic=0.0603
[18:23:59]   HIT  GOLD               sanctions        lag=  1 m5_p=0.9744  m6_ic=0.0562
[18:24:00]   HIT  GOLD               sanctions        lag=  7 m5_p=0.5785  m6_ic=0.0424
[18:24:00]   HIT  GOLD               sanctions        lag= 30 m5_p=0.0448  m6_ic=0.0603
[18:24:00]   HIT  GOLD               inflation        lag=  1 m5_p=0.0726  m6_ic=0.0479
[18:24:01]   HIT  GOLD               inflation        lag= 30 m5_p=0.3846  m6_ic=0.0750
[18:24:01]   HIT  GOLD               banking          lag=  1 m5_p=0.2110  m6_ic=0.0443
[18:24:01]   HIT  GOLD               banking          lag=  7 m5_p=0.6102  m6_ic=0.0774
[18:24:01]   HIT  GOLD               banking          lag= 14 m5_p=0.4794  m6_ic=0.0343
[18:24:02]   HIT  GOLD               gold             lag=  7 m5_p=0.7286  m6_ic=0.0902
[18:24:02]   HIT  GOLD               gold             lag= 14 m5_p=0.2403  m6_ic=0.0845
[18:24:02]   HIT  GOLD               gold             lag= 30 m5_p=0.7674  m6_ic=0.0310
[18:24:02]   HIT  SILVER             oil              lag=  1 m5_p=0.5583  m6_ic=0.0637
[18:24:02]   HIT  SILVER             oil              lag=  7 m5_p=0.7134  m6_ic=0.0428
[18:24:03]   HIT  SILVER             oil              lag= 30 m5_p=0.9348  m6_ic=0.0440
[18:24:03]   HIT  SILVER             rate             lag=  7 m5_p=0.5172  m6_ic=0.0744
[18:24:03]   HIT  SILVER             rate             lag= 14 m5_p=0.5417  m6_ic=0.0392
[18:24:04]   HIT  SILVER             rate             lag= 30 m5_p=0.2067  m6_ic=0.0430
[18:24:04]   HIT  SILVER             ruble            lag= 14 m5_p=0.7541  m6_ic=0.0504
[18:24:04]   HIT  SILVER             ruble            lag= 30 m5_p=0.5015  m6_ic=0.0913
[18:24:05]   HIT  SILVER             sanctions        lag=  7 m5_p=0.7734  m6_ic=0.0438
[18:24:05]   HIT  SILVER             sanctions        lag= 14 m5_p=0.2520  m6_ic=0.0362
[18:24:05]   HIT  SILVER             sanctions        lag= 30 m5_p=0.2898  m6_ic=0.0987
[18:24:05]   HIT  SILVER             inflation        lag=  1 m5_p=0.4563  m6_ic=0.1023
[18:24:06]   HIT  SILVER             inflation        lag= 14 m5_p=0.5560  m6_ic=0.0378
[18:24:06]   HIT  SILVER             banking          lag=  1 m5_p=0.8597  m6_ic=0.1069
[18:24:06]   HIT  SILVER             banking          lag=  7 m5_p=0.7958  m6_ic=0.1034
[18:24:06]   HIT  SILVER             banking          lag= 14 m5_p=0.7033  m6_ic=0.0433
[18:24:07]   HIT  SILVER             banking          lag= 30 m5_p=0.4961  m6_ic=0.0565
[18:24:07]   HIT  SILVER             gold             lag=  1 m5_p=0.5015  m6_ic=0.0709
[18:24:07]   HIT  SILVER             gold             lag= 14 m5_p=0.9397  m6_ic=0.0362
[18:24:08]   HIT  IMOEX              oil              lag=  7 m5_p=0.3656  m6_ic=0.0982
[18:24:08]   HIT  IMOEX              oil              lag= 14 m5_p=0.6076  m6_ic=0.0473
[18:24:08]   HIT  IMOEX              rate             lag=  1 m5_p=0.1954  m6_ic=0.0644
[18:24:09]   HIT  IMOEX              rate             lag= 14 m5_p=0.2500  m6_ic=0.0539
[18:24:09]   HIT  IMOEX              rate             lag= 30 m5_p=0.7067  m6_ic=0.1142
[18:24:09]   HIT  IMOEX              ruble            lag=  1 m5_p=0.6798  m6_ic=0.0638
[18:24:09]   HIT  IMOEX              ruble            lag=  7 m5_p=0.3416  m6_ic=0.0426
[18:24:10]   HIT  IMOEX              ruble            lag= 30 m5_p=0.8905  m6_ic=0.0697
[18:24:10]   HIT  IMOEX              sanctions        lag= 14 m5_p=0.9472  m6_ic=0.0559
[18:24:11]   HIT  IMOEX              inflation        lag=  1 m5_p=0.1679  m6_ic=0.0467
[18:24:11]   HIT  IMOEX              inflation        lag=  7 m5_p=0.5877  m6_ic=0.0634
[18:24:11]   HIT  IMOEX              inflation        lag= 30 m5_p=0.5803  m6_ic=0.1008
[18:24:12]   HIT  IMOEX              banking          lag=  1 m5_p=0.2253  m6_ic=0.1129
[18:24:12]   HIT  IMOEX              banking          lag= 30 m5_p=0.6247  m6_ic=0.0719
[18:24:12]   HIT  IMOEX              gold             lag=  1 m5_p=0.1881  m6_ic=0.0330
[18:24:13]   HIT  IMOEX              gold             lag=  7 m5_p=0.8441  m6_ic=0.0457
[18:24:13]   HIT  MOEXFN             oil              lag=  7 m5_p=0.3823  m6_ic=0.0555
[18:24:14]   HIT  MOEXFN             rate             lag=  1 m5_p=0.1128  m6_ic=0.0572
[18:24:15]   HIT  MOEXFN             rate             lag= 30 m5_p=0.9347  m6_ic=0.0956
[18:24:15]   HIT  MOEXFN             ruble            lag=  1 m5_p=0.3256  m6_ic=0.0750
[18:24:15]   HIT  MOEXFN             ruble            lag=  7 m5_p=0.6758  m6_ic=0.0360
[18:24:15]   HIT  MOEXFN             ruble            lag= 30 m5_p=0.6894  m6_ic=0.0504
[18:24:16]   HIT  MOEXFN             sanctions        lag=  7 m5_p=0.7753  m6_ic=0.0594
[18:24:16]   HIT  MOEXFN             sanctions        lag= 14 m5_p=0.9255  m6_ic=0.0561
[18:24:16]   HIT  MOEXFN             sanctions        lag= 30 m5_p=0.3461  m6_ic=0.0867
[18:24:16]   HIT  MOEXFN             inflation        lag=  1 m5_p=0.0918  m6_ic=0.0509
[18:24:17]   HIT  MOEXFN             banking          lag=  1 m5_p=0.1911  m6_ic=0.0902
[18:24:17]   HIT  MOEXFN             banking          lag=  7 m5_p=0.3546  m6_ic=0.0357
[18:24:18]   HIT  MOEXFN             banking          lag= 30 m5_p=0.2464  m6_ic=0.1143
[18:24:18]   HIT  MOEXFN             gold             lag=  7 m5_p=0.6910  m6_ic=0.0444
[18:24:19]   HIT  MOEXOG             oil              lag=  7 m5_p=0.4351  m6_ic=0.1201
[18:24:19]   HIT  MOEXOG             oil              lag= 14 m5_p=0.5055  m6_ic=0.0430
[18:24:19]   HIT  MOEXOG             oil              lag= 30 m5_p=0.6199  m6_ic=0.0678
[18:24:20]   HIT  MOEXOG             rate             lag=  1 m5_p=0.1240  m6_ic=0.0447
[18:24:20]   HIT  MOEXOG             rate             lag= 14 m5_p=0.2992  m6_ic=0.0307
[18:24:20]   HIT  MOEXOG             rate             lag= 30 m5_p=0.9974  m6_ic=0.1017
[18:24:20]   HIT  MOEXOG             ruble            lag=  1 m5_p=0.7496  m6_ic=0.0840
[18:24:21]   HIT  MOEXOG             ruble            lag=  7 m5_p=0.4303  m6_ic=0.0639
[18:24:21]   HIT  MOEXOG             ruble            lag= 30 m5_p=0.4104  m6_ic=0.1030
[18:24:21]   HIT  MOEXOG             sanctions        lag=  7 m5_p=0.1408  m6_ic=0.0445
[18:24:22]   HIT  MOEXOG             sanctions        lag= 14 m5_p=0.9303  m6_ic=0.0472
[18:24:22]   HIT  MOEXOG             sanctions        lag= 30 m5_p=0.9924  m6_ic=0.0328
[18:24:22]   HIT  MOEXOG             inflation        lag=  7 m5_p=0.4974  m6_ic=0.0594
[18:24:23]   HIT  MOEXOG             inflation        lag= 30 m5_p=0.1695  m6_ic=0.1147
[18:24:23]   HIT  MOEXOG             banking          lag=  1 m5_p=0.1295  m6_ic=0.1578
[18:24:23]   HIT  MOEXOG             banking          lag=  7 m5_p=0.2620  m6_ic=0.0737
[18:24:23]   HIT  MOEXOG             banking          lag= 14 m5_p=0.2146  m6_ic=0.0304
[18:24:23]   HIT  MOEXOG             banking          lag= 30 m5_p=0.1279  m6_ic=0.0343
[18:24:24]   HIT  MOEXOG             gold             lag=  1 m5_p=0.1103  m6_ic=0.0536
[18:24:24]   HIT  MOEXOG             gold             lag= 30 m5_p=0.7551  m6_ic=0.0595
[18:24:25]   HIT  MOEX10             oil              lag=  7 m5_p=0.3970  m6_ic=0.0669
[18:24:25]   HIT  MOEX10             oil              lag= 14 m5_p=0.8907  m6_ic=0.0437
[18:24:25]   HIT  MOEX10             oil              lag= 30 m5_p=0.4688  m6_ic=0.0402
[18:24:25]   HIT  MOEX10             rate             lag=  1 m5_p=0.1918  m6_ic=0.0642
[18:24:26]   HIT  MOEX10             rate             lag= 14 m5_p=0.3288  m6_ic=0.0401
[18:24:26]   HIT  MOEX10             rate             lag= 30 m5_p=0.4227  m6_ic=0.1644
[18:24:26]   HIT  MOEX10             ruble            lag=  1 m5_p=0.7842  m6_ic=0.0666
[18:24:26]   HIT  MOEX10             ruble            lag=  7 m5_p=0.5689  m6_ic=0.0365
[18:24:26]   HIT  MOEX10             ruble            lag= 14 m5_p=0.4969  m6_ic=0.0568
[18:24:27]   HIT  MOEX10             ruble            lag= 30 m5_p=0.5129  m6_ic=0.0473
[18:24:27]   HIT  MOEX10             sanctions        lag= 14 m5_p=0.8578  m6_ic=0.0368
[18:24:28]   HIT  MOEX10             inflation        lag=  1 m5_p=0.1634  m6_ic=0.0644
[18:24:28]   HIT  MOEX10             inflation        lag=  7 m5_p=0.6236  m6_ic=0.0318
[18:24:28]   HIT  MOEX10             banking          lag=  1 m5_p=0.2926  m6_ic=0.0754
[18:24:29]   HIT  MOEX10             banking          lag= 30 m5_p=0.2579  m6_ic=0.1062
[18:24:30]     Train: 269 signals
[18:24:30]     Val holdout (269 candidates)...
[18:24:30]     VAL PASS  SP500              oil              lag=  1  m6_ic=0.0550
[18:24:30]     VAL PASS  SP500              oil              lag=  7  m6_ic=0.0566
[18:24:31]     VAL PASS  SP500              rate             lag= 30  m6_ic=0.0611
[18:24:31]     VAL PASS  SP500              ruble            lag=  7  m6_ic=0.0657
[18:24:31]     VAL PASS  SP500              inflation        lag= 14  m6_ic=0.1072
[18:24:31]     VAL PASS  SP500              banking          lag=  7  m6_ic=0.0827
[18:24:32]     VAL PASS  SP500              gold             lag=  7  m6_ic=0.0408
[18:24:32]     VAL PASS  USD_RUB            oil              lag=  1  m6_ic=0.1082
[18:24:32]     VAL PASS  USD_RUB            oil              lag= 30  m6_ic=0.1140
[18:24:32]     VAL PASS  USD_RUB            rate             lag=  1  m6_ic=0.0635
[18:24:33]     VAL PASS  USD_RUB            rate             lag= 14  m6_ic=0.1297
[18:24:33]     VAL PASS  USD_RUB            rate             lag= 30  m6_ic=0.0577
[18:24:33]     VAL PASS  USD_RUB            ruble            lag=  1  m6_ic=0.0704
[18:24:33]     VAL PASS  USD_RUB            ruble            lag=  7  m6_ic=0.0754
[18:24:33]     VAL PASS  USD_RUB            ruble            lag= 14  m6_ic=0.1186
[18:24:34]     VAL PASS  USD_RUB            sanctions        lag=  7  m6_ic=0.0796
[18:24:34]     VAL PASS  USD_RUB            sanctions        lag= 14  m6_ic=0.1077
[18:24:34]     VAL PASS  USD_RUB            sanctions        lag= 30  m6_ic=0.0894
[18:24:34]     VAL PASS  USD_RUB            inflation        lag=  7  m6_ic=0.0707
[18:24:35]     VAL PASS  EUR_RUB            oil              lag=  1  m6_ic=0.1082
[18:24:36]     VAL PASS  EUR_RUB            oil              lag= 30  m6_ic=0.1140
[18:24:36]     VAL PASS  EUR_RUB            rate             lag=  1  m6_ic=0.0635
[18:24:36]     VAL PASS  EUR_RUB            rate             lag= 14  m6_ic=0.1297
[18:24:36]     VAL PASS  EUR_RUB            rate             lag= 30  m6_ic=0.0577
[18:24:37]     VAL PASS  EUR_RUB            ruble            lag=  1  m6_ic=0.0704
[18:24:37]     VAL PASS  EUR_RUB            ruble            lag=  7  m6_ic=0.0754
[18:24:37]     VAL PASS  EUR_RUB            ruble            lag= 14  m6_ic=0.1186
[18:24:37]     VAL PASS  EUR_RUB            sanctions        lag=  7  m6_ic=0.0796
[18:24:37]     VAL PASS  EUR_RUB            sanctions        lag= 14  m6_ic=0.1077
[18:24:38]     VAL PASS  EUR_RUB            sanctions        lag= 30  m6_ic=0.0894
[18:24:38]     VAL PASS  EUR_RUB            inflation        lag=  7  m6_ic=0.0707
[18:24:40]     VAL PASS  DJ_SOUTH_AFRICA    sanctions        lag=  1  m6_ic=0.0457
[18:24:40]     VAL PASS  DJ_SOUTH_AFRICA    sanctions        lag=  7  m6_ic=0.0566
[18:24:40]     VAL PASS  DJ_SOUTH_AFRICA    sanctions        lag= 14  m6_ic=0.0420
[18:24:40]     VAL PASS  DJ_SOUTH_AFRICA    sanctions        lag= 30  m6_ic=0.0423
[18:24:41]     VAL PASS  DJ_SOUTH_AFRICA    inflation        lag= 30  m6_ic=0.0358
[18:24:41]     VAL PASS  DJ_SOUTH_AFRICA    banking          lag=  1  m6_ic=0.0851
[18:24:41]     VAL PASS  DJ_SOUTH_AFRICA    banking          lag=  7  m6_ic=0.0443
[18:24:42]     VAL PASS  DJ_SOUTH_AFRICA    banking          lag= 30  m6_ic=0.0356
[18:24:42]     VAL PASS  DJ_SOUTH_AFRICA    gold             lag=  1  m6_ic=0.0555
[18:24:42]     VAL PASS  DJ_SOUTH_AFRICA    gold             lag=  7  m6_ic=0.0551
[18:24:42]     VAL PASS  DJ_SOUTH_AFRICA    gold             lag= 14  m6_ic=0.0637
[18:24:42]     VAL PASS  DJ_SOUTH_AFRICA    gold             lag= 30  m6_ic=0.1073
[18:24:42]     VAL PASS  MSCI_WORLD         oil              lag= 14  m6_ic=0.0649
[18:24:43]     VAL PASS  MSCI_WORLD         oil              lag= 30  m6_ic=0.0348
[18:24:43]     VAL PASS  MSCI_WORLD         rate             lag=  1  m6_ic=0.0303
[18:24:43]     VAL PASS  MSCI_WORLD         rate             lag= 14  m6_ic=0.0896
[18:24:43]     VAL PASS  MSCI_WORLD         rate             lag= 30  m6_ic=0.0506
[18:24:45]     VAL PASS  MSCI_WORLD         banking          lag=  1  m6_ic=0.0556
[18:24:45]     VAL PASS  MSCI_WORLD         banking          lag= 30  m6_ic=0.0343
[18:24:46]     VAL PASS  DXY                oil              lag= 14  m6_ic=0.1204
[18:24:46]     VAL PASS  DXY                rate             lag=  7  m6_ic=0.0960
[18:24:46]     VAL PASS  DXY                rate             lag= 30  m6_ic=0.0832
[18:24:46]     VAL PASS  DXY                ruble            lag= 30  m6_ic=0.0981
[18:24:47]     VAL PASS  DXY                sanctions        lag=  7  m6_ic=0.0456
[18:24:47]     VAL PASS  DXY                sanctions        lag= 14  m6_ic=0.0308
[18:24:47]     VAL PASS  DXY                banking          lag=  7  m6_ic=0.0908
[18:24:47]     VAL PASS  DXY                banking          lag= 14  m6_ic=0.0449
[18:24:47]     VAL PASS  DXY                banking          lag= 30  m6_ic=0.0622
[18:24:48]     VAL PASS  DXY                gold             lag= 14  m6_ic=0.0884
[18:24:48]     VAL PASS  DXY                gold             lag= 30  m6_ic=0.0407
[18:24:48]     VAL PASS  BRENT              oil              lag= 14  m6_ic=0.0876
[18:24:48]     VAL PASS  BRENT              oil              lag= 30  m6_ic=0.0938
[18:24:49]     VAL PASS  BRENT              rate             lag= 14  m6_ic=0.0323
[18:24:49]     VAL PASS  BRENT              ruble            lag= 14  m6_ic=0.0517
[18:24:50]     VAL PASS  BRENT              sanctions        lag=  7  m6_ic=0.0416
[18:24:50]     VAL PASS  BRENT              inflation        lag= 30  m6_ic=0.0655
[18:24:51]     VAL PASS  MSCI_INDIA         oil              lag=  7  m6_ic=0.0566
[18:24:52]     VAL PASS  MSCI_INDIA         rate             lag=  7  m6_ic=0.0834
[18:24:52]     VAL PASS  MSCI_INDIA         rate             lag= 30  m6_ic=0.1738
[18:24:52]     VAL PASS  MSCI_INDIA         sanctions        lag=  1  m6_ic=0.1118
[18:24:52]     VAL PASS  MSCI_INDIA         inflation        lag=  1  m6_ic=0.0506
[18:24:53]     VAL PASS  MSCI_INDIA         inflation        lag= 30  m6_ic=0.0443
[18:24:53]     VAL PASS  MSCI_INDIA         banking          lag=  1  m6_ic=0.0486
[18:24:53]     VAL PASS  MSCI_INDIA         banking          lag=  7  m6_ic=0.0330
[18:24:53]     VAL PASS  MSCI_INDIA         banking          lag= 30  m6_ic=0.0722
[18:24:53]     VAL PASS  MSCI_INDIA         gold             lag=  1  m6_ic=0.0812
[18:24:54]     VAL PASS  CHINA_H_SHARES     rate             lag=  1  m6_ic=0.0515
[18:24:54]     VAL PASS  CHINA_H_SHARES     rate             lag=  7  m6_ic=0.0504
[18:24:55]     VAL PASS  CHINA_H_SHARES     rate             lag= 14  m6_ic=0.0901
[18:24:55]     VAL PASS  CHINA_H_SHARES     ruble            lag=  1  m6_ic=0.0727
[18:24:55]     VAL PASS  CHINA_H_SHARES     ruble            lag= 30  m6_ic=0.0745
[18:24:55]     VAL PASS  CHINA_H_SHARES     sanctions        lag=  1  m6_ic=0.0463
[18:24:55]     VAL PASS  CHINA_H_SHARES     sanctions        lag= 14  m6_ic=0.0627
[18:24:56]     VAL PASS  CHINA_H_SHARES     sanctions        lag= 30  m6_ic=0.0977
[18:24:56]     VAL PASS  CHINA_H_SHARES     banking          lag= 14  m6_ic=0.0575
[18:24:57]     VAL PASS  CHINA_H_SHARES     gold             lag= 14  m6_ic=0.0951
[18:24:57]     VAL PASS  FTSE_CHINA_50      oil              lag=  1  m6_ic=0.0758
[18:24:57]     VAL PASS  FTSE_CHINA_50      oil              lag=  7  m6_ic=0.0351
[18:24:57]     VAL PASS  FTSE_CHINA_50      rate             lag=  1  m6_ic=0.0715
[18:24:58]     VAL PASS  FTSE_CHINA_50      rate             lag=  7  m6_ic=0.0946
[18:24:58]     VAL PASS  FTSE_CHINA_50      rate             lag= 14  m6_ic=0.0461
[18:24:58]     VAL PASS  FTSE_CHINA_50      ruble            lag= 30  m6_ic=0.0522
[18:24:58]     VAL PASS  FTSE_CHINA_50      sanctions        lag= 30  m6_ic=0.0720
[18:24:59]     VAL PASS  FTSE_CHINA_50      inflation        lag=  1  m6_ic=0.0345
[18:24:59]     VAL PASS  FTSE_CHINA_50      inflation        lag=  7  m6_ic=0.0458
[18:25:00]     VAL PASS  FTSE_CHINA_50      gold             lag=  7  m6_ic=0.0381
[18:25:00]     VAL PASS  FTSE_CHINA_50      gold             lag= 14  m6_ic=0.0526
[18:25:00]     VAL PASS  FTSE_CHINA_50      gold             lag= 30  m6_ic=0.0736
[18:25:00]     VAL PASS  GOLD               oil              lag=  1  m6_ic=0.0851
[18:25:00]     VAL PASS  GOLD               oil              lag= 30  m6_ic=0.0743
[18:25:01]     VAL PASS  GOLD               ruble            lag=  7  m6_ic=0.0650
[18:25:01]     VAL PASS  GOLD               ruble            lag= 14  m6_ic=0.0500
[18:25:01]     VAL PASS  GOLD               ruble            lag= 30  m6_ic=0.0531
[18:25:01]     VAL PASS  GOLD               sanctions        lag=  1  m6_ic=0.0581
[18:25:01]     VAL PASS  GOLD               sanctions        lag=  7  m6_ic=0.0909
[18:25:02]     VAL PASS  GOLD               inflation        lag=  1  m6_ic=0.0616
[18:25:02]     VAL PASS  GOLD               inflation        lag= 30  m6_ic=0.0763
[18:25:02]     VAL PASS  GOLD               banking          lag=  1  m6_ic=0.0610
[18:25:02]     VAL PASS  GOLD               banking          lag=  7  m6_ic=0.0414
[18:25:02]     VAL PASS  GOLD               banking          lag= 14  m6_ic=0.0503
[18:25:04]     VAL PASS  SILVER             rate             lag= 14  m6_ic=0.1188
[18:25:04]     VAL PASS  SILVER             rate             lag= 30  m6_ic=0.0396
[18:25:04]     VAL PASS  SILVER             ruble            lag= 14  m6_ic=0.0338
[18:25:04]     VAL PASS  SILVER             ruble            lag= 30  m6_ic=0.0367
[18:25:04]     VAL PASS  SILVER             sanctions        lag=  7  m6_ic=0.0692
[18:25:05]     VAL PASS  SILVER             inflation        lag=  1  m6_ic=0.0842
[18:25:05]     VAL PASS  SILVER             inflation        lag= 14  m6_ic=0.0577
[18:25:05]     VAL PASS  SILVER             banking          lag=  1  m6_ic=0.0579
[18:25:06]     VAL PASS  SILVER             banking          lag= 30  m6_ic=0.0373
[18:25:06]     VAL PASS  SILVER             gold             lag=  1  m6_ic=0.0628
[18:25:06]     VAL PASS  SILVER             gold             lag= 14  m6_ic=0.0476
[18:25:07]     VAL PASS  IMOEX              oil              lag= 14  m6_ic=0.0326
[18:25:07]     VAL PASS  IMOEX              rate             lag= 14  m6_ic=0.0616
[18:25:07]     VAL PASS  IMOEX              rate             lag= 30  m6_ic=0.0468
[18:25:07]     VAL PASS  IMOEX              ruble            lag=  1  m6_ic=0.0661
[18:25:07]     VAL PASS  IMOEX              ruble            lag=  7  m6_ic=0.0732
[18:25:08]     VAL PASS  IMOEX              ruble            lag= 30  m6_ic=0.1228
[18:25:08]     VAL PASS  IMOEX              sanctions        lag= 14  m6_ic=0.0891
[18:25:08]     VAL PASS  IMOEX              inflation        lag=  1  m6_ic=0.0482
[18:25:08]     VAL PASS  IMOEX              inflation        lag=  7  m6_ic=0.0720
[18:25:09]     VAL PASS  IMOEX              banking          lag= 30  m6_ic=0.0438
[18:25:09]     VAL PASS  IMOEX              gold             lag=  1  m6_ic=0.0407
[18:25:10]     VAL PASS  MOEXFN             ruble            lag=  1  m6_ic=0.0466
[18:25:10]     VAL PASS  MOEXFN             ruble            lag=  7  m6_ic=0.0524
[18:25:10]     VAL PASS  MOEXFN             ruble            lag= 30  m6_ic=0.1087
[18:25:10]     VAL PASS  MOEXFN             sanctions        lag=  7  m6_ic=0.0638
[18:25:10]     VAL PASS  MOEXFN             sanctions        lag= 14  m6_ic=0.0785
[18:25:11]     VAL PASS  MOEXFN             sanctions        lag= 30  m6_ic=0.0793
[18:25:11]     VAL PASS  MOEXFN             inflation        lag=  1  m6_ic=0.0818
[18:25:11]     VAL PASS  MOEXFN             banking          lag=  1  m6_ic=0.0471
[18:25:11]     VAL PASS  MOEXFN             banking          lag=  7  m6_ic=0.0529
[18:25:12]     VAL PASS  MOEXOG             oil              lag= 14  m6_ic=0.0340
[18:25:12]     VAL PASS  MOEXOG             oil              lag= 30  m6_ic=0.0663
[18:25:12]     VAL PASS  MOEXOG             rate             lag=  1  m6_ic=0.0423
[18:25:12]     VAL PASS  MOEXOG             rate             lag= 14  m6_ic=0.0638
[18:25:13]     VAL PASS  MOEXOG             ruble            lag=  1  m6_ic=0.0505
[18:25:13]     VAL PASS  MOEXOG             ruble            lag=  7  m6_ic=0.0791
[18:25:13]     VAL PASS  MOEXOG             ruble            lag= 30  m6_ic=0.0750
[18:25:13]     VAL PASS  MOEXOG             sanctions        lag=  7  m6_ic=0.0534
[18:25:13]     VAL PASS  MOEXOG             sanctions        lag= 14  m6_ic=0.1024
[18:25:14]     VAL PASS  MOEXOG             sanctions        lag= 30  m6_ic=0.0510
[18:25:14]     VAL PASS  MOEXOG             inflation        lag=  7  m6_ic=0.0845
[18:25:14]     VAL PASS  MOEXOG             banking          lag=  1  m6_ic=0.0887
[18:25:14]     VAL PASS  MOEXOG             banking          lag=  7  m6_ic=0.1396
[18:25:15]     VAL PASS  MOEXOG             gold             lag=  1  m6_ic=0.0336
[18:25:15]     VAL PASS  MOEXOG             gold             lag= 30  m6_ic=0.0948
[18:25:16]     VAL PASS  MOEX10             oil              lag= 14  m6_ic=0.0647
[18:25:16]     VAL PASS  MOEX10             oil              lag= 30  m6_ic=0.0521
[18:25:16]     VAL PASS  MOEX10             rate             lag=  1  m6_ic=0.0330
[18:25:16]     VAL PASS  MOEX10             rate             lag= 30  m6_ic=0.0587
[18:25:16]     VAL PASS  MOEX10             ruble            lag=  1  m6_ic=0.0559
[18:25:17]     VAL PASS  MOEX10             ruble            lag=  7  m6_ic=0.0819
[18:25:17]     VAL PASS  MOEX10             ruble            lag= 14  m6_ic=0.0718
[18:25:17]     VAL PASS  MOEX10             ruble            lag= 30  m6_ic=0.0542
[18:25:17]     VAL PASS  MOEX10             sanctions        lag= 14  m6_ic=0.0879
[18:25:17]     VAL PASS  MOEX10             inflation        lag=  1  m6_ic=0.0420
[18:25:17]     VAL PASS  MOEX10             inflation        lag=  7  m6_ic=0.0700
[18:25:18]     VAL PASS  MOEX10             banking          lag=  1  m6_ic=0.0310
[18:25:18]     Val: 169/269 held
[18:25:18]   → train=269  val=169  max_ic=0.1644
[18:25:18] 
============================================================
[18:25:18] FINAL REPORT
[18:25:18] ============================================================
[18:25:18] Report: C:\project\signal_mind\analytics\phase_b\night_search\night_report_20260521_181814.md
[18:25:18] Hits CSV: C:\project\signal_mind\analytics\phase_b\night_search\night_hits_20260521_181814.csv
[18:25:18] 
  [4/15] sweep_keyword_z90_market_return  budget=39min  ic_gate=0.03  ens=M6_only
[18:25:18]   Config: sweep_keyword_z90_market_return
[18:25:18]     feature=keyword_z90  target=market_return  ensemble=M6_only  ic_min=0.03
[18:25:18]   HIT  SP500              oil_z            lag=  7 m5_p=0.6748  m6_ic=0.0527
[18:25:18]   HIT  SP500              oil_z            lag= 14 m5_p=0.7862  m6_ic=0.1014
[18:25:19]   HIT  SP500              rate_z           lag=  1 m5_p=0.4366  m6_ic=0.0510
[18:25:19]   HIT  SP500              rate_z           lag=  7 m5_p=0.8581  m6_ic=0.0547
[18:25:20]   HIT  SP500              rate_z           lag= 14 m5_p=0.9377  m6_ic=0.0710
[18:25:20]   HIT  SP500              ruble_z          lag=  1 m5_p=0.6337  m6_ic=0.0566
[18:25:21]   HIT  SP500              sanctions_z      lag=  1 m5_p=0.4430  m6_ic=0.0698
[18:25:21]   HIT  SP500              sanctions_z      lag=  7 m5_p=0.7751  m6_ic=0.0709
[18:25:22]   HIT  SP500              inflation_z      lag=  1 m5_p=0.4970  m6_ic=0.0398
[18:25:22]   HIT  SP500              inflation_z      lag=  7 m5_p=0.5052  m6_ic=0.0847
[18:25:22]   HIT  SP500              inflation_z      lag= 30 m5_p=0.6300  m6_ic=0.0727
[18:25:23]   HIT  SP500              banking_z        lag=  1 m5_p=0.8581  m6_ic=0.0508
[18:25:23]   HIT  SP500              banking_z        lag= 14 m5_p=0.6500  m6_ic=0.0462
[18:25:23]   HIT  SP500              banking_z        lag= 30 m5_p=0.5090  m6_ic=0.0337
[18:25:24]   HIT  SP500              gold_z           lag=  7 m5_p=0.7528  m6_ic=0.0567
[18:25:25]   HIT  USD_RUB            oil_z            lag= 14 m5_p=0.6692  m6_ic=0.0580
[18:25:25]   HIT  USD_RUB            oil_z            lag= 30 m5_p=0.4686  m6_ic=0.0829
[18:25:25]   HIT  USD_RUB            rate_z           lag=  1 m5_p=0.9318  m6_ic=0.1048
[18:25:26]   HIT  USD_RUB            rate_z           lag= 30 m5_p=0.3641  m6_ic=0.0830
[18:25:26]   HIT  USD_RUB            ruble_z          lag=  1 m5_p=0.1133  m6_ic=0.0395
[18:25:26]   HIT  USD_RUB            ruble_z          lag=  7 m5_p=0.1581  m6_ic=0.0476
[18:25:26]   HIT  USD_RUB            ruble_z          lag= 14 m5_p=0.9816  m6_ic=0.1100
[18:25:27]   HIT  USD_RUB            sanctions_z      lag= 14 m5_p=0.6089  m6_ic=0.0672
[18:25:27]   HIT  USD_RUB            sanctions_z      lag= 30 m5_p=0.1916  m6_ic=0.0594
[18:25:30]   HIT  EUR_RUB            oil_z            lag= 14 m5_p=0.6692  m6_ic=0.0580
[18:25:30]   HIT  EUR_RUB            oil_z            lag= 30 m5_p=0.4686  m6_ic=0.0829
[18:25:31]   HIT  EUR_RUB            rate_z           lag=  1 m5_p=0.9318  m6_ic=0.1048
[18:25:31]   HIT  EUR_RUB            rate_z           lag= 30 m5_p=0.3641  m6_ic=0.0830
[18:25:31]   HIT  EUR_RUB            ruble_z          lag=  1 m5_p=0.1133  m6_ic=0.0395
[18:25:32]   HIT  EUR_RUB            ruble_z          lag=  7 m5_p=0.1581  m6_ic=0.0476
[18:25:32]   HIT  EUR_RUB            ruble_z          lag= 14 m5_p=0.9816  m6_ic=0.1100
[18:25:33]   HIT  EUR_RUB            sanctions_z      lag= 14 m5_p=0.6089  m6_ic=0.0672
[18:25:33]   HIT  EUR_RUB            sanctions_z      lag= 30 m5_p=0.1916  m6_ic=0.0594
[18:25:36]   HIT  DJ_SOUTH_AFRICA    oil_z            lag=  7 m5_p=0.6844  m6_ic=0.0421
[18:25:36]   HIT  DJ_SOUTH_AFRICA    oil_z            lag= 30 m5_p=0.7089  m6_ic=0.0453
[18:25:37]   HIT  DJ_SOUTH_AFRICA    ruble_z          lag=  1 m5_p=0.2753  m6_ic=0.0327
[18:25:38]   HIT  DJ_SOUTH_AFRICA    sanctions_z      lag=  1 m5_p=0.6815  m6_ic=0.0457
[18:25:38]   HIT  DJ_SOUTH_AFRICA    sanctions_z      lag= 14 m5_p=0.0779  m6_ic=0.0913
[18:25:39]   HIT  DJ_SOUTH_AFRICA    inflation_z      lag= 14 m5_p=0.3188  m6_ic=0.0959
[18:25:39]   HIT  DJ_SOUTH_AFRICA    inflation_z      lag= 30 m5_p=0.7929  m6_ic=0.0511
[18:25:40]   HIT  DJ_SOUTH_AFRICA    banking_z        lag=  1 m5_p=0.7066  m6_ic=0.0641
[18:25:40]   HIT  DJ_SOUTH_AFRICA    banking_z        lag=  7 m5_p=0.5309  m6_ic=0.0672
[18:25:40]   HIT  DJ_SOUTH_AFRICA    banking_z        lag= 30 m5_p=0.4462  m6_ic=0.1268
[18:25:41]   HIT  DJ_SOUTH_AFRICA    gold_z           lag= 30 m5_p=0.6862  m6_ic=0.0316
[18:25:41]   HIT  MSCI_WORLD         oil_z            lag=  1 m5_p=0.5159  m6_ic=0.0479
[18:25:42]   HIT  MSCI_WORLD         oil_z            lag= 14 m5_p=0.4804  m6_ic=0.0423
[18:25:42]   HIT  MSCI_WORLD         oil_z            lag= 30 m5_p=0.2309  m6_ic=0.0322
[18:25:42]   HIT  MSCI_WORLD         rate_z           lag=  7 m5_p=0.2870  m6_ic=0.0667
[18:25:42]   HIT  MSCI_WORLD         rate_z           lag= 14 m5_p=0.6915  m6_ic=0.0301
[18:25:43]   HIT  MSCI_WORLD         rate_z           lag= 30 m5_p=0.8385  m6_ic=0.0355
[18:25:43]   HIT  MSCI_WORLD         ruble_z          lag=  1 m5_p=0.8080  m6_ic=0.0853
[18:25:43]   HIT  MSCI_WORLD         ruble_z          lag=  7 m5_p=0.9167  m6_ic=0.0921
[18:25:43]   HIT  MSCI_WORLD         ruble_z          lag= 30 m5_p=0.6524  m6_ic=0.0477
[18:25:44]   HIT  MSCI_WORLD         sanctions_z      lag=  7 m5_p=0.9308  m6_ic=0.0323
[18:25:44]   HIT  MSCI_WORLD         sanctions_z      lag= 14 m5_p=0.0137  m6_ic=0.0993
[18:25:44]   HIT  MSCI_WORLD         inflation_z      lag=  1 m5_p=0.7383  m6_ic=0.0436
[18:25:45]   HIT  MSCI_WORLD         inflation_z      lag= 30 m5_p=0.7384  m6_ic=0.0309
[18:25:46]   HIT  MSCI_WORLD         banking_z        lag=  7 m5_p=0.2023  m6_ic=0.0786
[18:25:46]   HIT  MSCI_WORLD         banking_z        lag= 30 m5_p=0.9942  m6_ic=0.0386
[18:25:47]   HIT  DXY                oil_z            lag=  1 m5_p=0.2414  m6_ic=0.0793
[18:25:47]   HIT  DXY                oil_z            lag= 14 m5_p=0.7563  m6_ic=0.0457
[18:25:48]   HIT  DXY                oil_z            lag= 30 m5_p=0.9815  m6_ic=0.0813
[18:25:48]   HIT  DXY                rate_z           lag=  1 m5_p=0.3050  m6_ic=0.0430
[18:25:48]   HIT  DXY                rate_z           lag=  7 m5_p=0.2421  m6_ic=0.0551
[18:25:48]   HIT  DXY                rate_z           lag= 30 m5_p=0.1284  m6_ic=0.0300
[18:25:49]   HIT  DXY                ruble_z          lag=  7 m5_p=0.4020  m6_ic=0.0448
[18:25:49]   HIT  DXY                sanctions_z      lag=  1 m5_p=0.9497  m6_ic=0.0383
[18:25:50]   HIT  DXY                sanctions_z      lag= 14 m5_p=0.1076  m6_ic=0.0375
[18:25:50]   HIT  DXY                inflation_z      lag=  7 m5_p=0.2981  m6_ic=0.0602
[18:25:51]   HIT  DXY                banking_z        lag=  1 m5_p=0.2260  m6_ic=0.0604
[18:25:51]   HIT  DXY                banking_z        lag= 14 m5_p=0.7712  m6_ic=0.0496
[18:25:52]   HIT  DXY                gold_z           lag=  7 m5_p=0.1179  m6_ic=0.0653
[18:25:52]   HIT  DXY                gold_z           lag= 14 m5_p=0.9351  m6_ic=0.1175
[18:25:52]   HIT  DXY                gold_z           lag= 30 m5_p=0.4623  m6_ic=0.0315
[18:25:53]   HIT  BRENT              oil_z            lag=  1 m5_p=0.9346  m6_ic=0.0406
[18:25:53]   HIT  BRENT              oil_z            lag=  7 m5_p=0.7838  m6_ic=0.0323
[18:25:53]   HIT  BRENT              oil_z            lag= 30 m5_p=0.8551  m6_ic=0.0800
[18:25:54]   HIT  BRENT              rate_z           lag=  7 m5_p=0.6818  m6_ic=0.0496
[18:25:54]   HIT  BRENT              ruble_z          lag=  1 m5_p=0.2518  m6_ic=0.0403
[18:25:55]   HIT  BRENT              ruble_z          lag= 30 m5_p=0.4153  m6_ic=0.1042
[18:25:55]   HIT  BRENT              sanctions_z      lag=  1 m5_p=0.5997  m6_ic=0.0313
[18:25:55]   HIT  BRENT              sanctions_z      lag=  7 m5_p=0.9600  m6_ic=0.0553
[18:25:56]   HIT  BRENT              sanctions_z      lag= 14 m5_p=0.3220  m6_ic=0.0433
[18:25:56]   HIT  BRENT              sanctions_z      lag= 30 m5_p=0.5788  m6_ic=0.0428
[18:25:56]   HIT  BRENT              inflation_z      lag=  1 m5_p=0.2547  m6_ic=0.0371
[18:25:56]   HIT  BRENT              inflation_z      lag= 14 m5_p=0.6837  m6_ic=0.1134
[18:25:57]   HIT  BRENT              inflation_z      lag= 30 m5_p=0.6957  m6_ic=0.0373
[18:25:57]   HIT  BRENT              banking_z        lag=  1 m5_p=0.7337  m6_ic=0.0561
[18:25:57]   HIT  BRENT              banking_z        lag=  7 m5_p=0.1672  m6_ic=0.0787
[18:25:57]   HIT  BRENT              banking_z        lag= 14 m5_p=0.6100  m6_ic=0.0377
[18:25:58]   HIT  BRENT              gold_z           lag= 14 m5_p=0.3846  m6_ic=0.0425
[18:25:58]   HIT  BRENT              gold_z           lag= 30 m5_p=0.4444  m6_ic=0.0414
[18:25:59]   HIT  MSCI_INDIA         rate_z           lag=  1 m5_p=0.4597  m6_ic=0.0374
[18:26:00]   HIT  MSCI_INDIA         rate_z           lag= 14 m5_p=0.6407  m6_ic=0.0556
[18:26:00]   HIT  MSCI_INDIA         ruble_z          lag=  1 m5_p=0.7407  m6_ic=0.0782
[18:26:00]   HIT  MSCI_INDIA         ruble_z          lag= 14 m5_p=0.7548  m6_ic=0.0444
[18:26:01]   HIT  MSCI_INDIA         ruble_z          lag= 30 m5_p=0.6840  m6_ic=0.1163
[18:26:01]   HIT  MSCI_INDIA         sanctions_z      lag=  1 m5_p=0.8390  m6_ic=0.0804
[18:26:01]   HIT  MSCI_INDIA         sanctions_z      lag=  7 m5_p=0.6660  m6_ic=0.0532
[18:26:01]   HIT  MSCI_INDIA         sanctions_z      lag= 30 m5_p=0.7515  m6_ic=0.0537
[18:26:02]   HIT  MSCI_INDIA         inflation_z      lag=  7 m5_p=0.4727  m6_ic=0.0344
[18:26:02]   HIT  MSCI_INDIA         inflation_z      lag= 30 m5_p=0.7764  m6_ic=0.0488
[18:26:03]   HIT  MSCI_INDIA         banking_z        lag=  7 m5_p=0.6346  m6_ic=0.0664
[18:26:03]   HIT  MSCI_INDIA         banking_z        lag= 14 m5_p=0.3996  m6_ic=0.0755
[18:26:03]   HIT  MSCI_INDIA         banking_z        lag= 30 m5_p=0.5097  m6_ic=0.1499
[18:26:03]   HIT  MSCI_INDIA         gold_z           lag=  1 m5_p=0.5637  m6_ic=0.0718
[18:26:03]   HIT  MSCI_INDIA         gold_z           lag=  7 m5_p=0.6810  m6_ic=0.0318
[18:26:04]   HIT  MSCI_INDIA         gold_z           lag= 14 m5_p=0.2356  m6_ic=0.1126
[18:26:04]   HIT  CHINA_H_SHARES     oil_z            lag=  1 m5_p=0.4078  m6_ic=0.0396
[18:26:04]   HIT  CHINA_H_SHARES     oil_z            lag=  7 m5_p=0.3879  m6_ic=0.0652
[18:26:05]   HIT  CHINA_H_SHARES     oil_z            lag= 30 m5_p=0.6605  m6_ic=0.0794
[18:26:05]   HIT  CHINA_H_SHARES     rate_z           lag=  1 m5_p=0.0778  m6_ic=0.0808
[18:26:05]   HIT  CHINA_H_SHARES     rate_z           lag=  7 m5_p=0.8293  m6_ic=0.0837
[18:26:05]   HIT  CHINA_H_SHARES     rate_z           lag= 14 m5_p=0.7421  m6_ic=0.0693
[18:26:06]   HIT  CHINA_H_SHARES     ruble_z          lag= 30 m5_p=0.6007  m6_ic=0.0372
[18:26:06]   HIT  CHINA_H_SHARES     sanctions_z      lag=  1 m5_p=0.4326  m6_ic=0.0352
[18:26:07]   HIT  CHINA_H_SHARES     sanctions_z      lag= 14 m5_p=0.3141  m6_ic=0.0414
[18:26:07]   HIT  CHINA_H_SHARES     sanctions_z      lag= 30 m5_p=0.2065  m6_ic=0.0882
[18:26:07]   HIT  CHINA_H_SHARES     inflation_z      lag=  1 m5_p=0.1657  m6_ic=0.0329
[18:26:08]   HIT  CHINA_H_SHARES     inflation_z      lag= 30 m5_p=0.3707  m6_ic=0.0400
[18:26:08]   HIT  CHINA_H_SHARES     banking_z        lag=  7 m5_p=0.9238  m6_ic=0.0517
[18:26:09]   HIT  CHINA_H_SHARES     banking_z        lag= 30 m5_p=0.9528  m6_ic=0.0391
[18:26:09]   HIT  CHINA_H_SHARES     gold_z           lag=  1 m5_p=0.3506  m6_ic=0.0655
[18:26:09]   HIT  CHINA_H_SHARES     gold_z           lag=  7 m5_p=0.2418  m6_ic=0.0632
[18:26:09]   HIT  CHINA_H_SHARES     gold_z           lag= 30 m5_p=0.9133  m6_ic=0.0892
[18:26:10]   HIT  FTSE_CHINA_50      oil_z            lag=  1 m5_p=0.4418  m6_ic=0.0537
[18:26:10]   HIT  FTSE_CHINA_50      oil_z            lag=  7 m5_p=0.3249  m6_ic=0.0373
[18:26:10]   HIT  FTSE_CHINA_50      oil_z            lag= 14 m5_p=0.8152  m6_ic=0.0316
[18:26:10]   HIT  FTSE_CHINA_50      oil_z            lag= 30 m5_p=0.6776  m6_ic=0.0983
[18:26:10]   HIT  FTSE_CHINA_50      rate_z           lag=  1 m5_p=0.0686  m6_ic=0.0939
[18:26:11]   HIT  FTSE_CHINA_50      rate_z           lag=  7 m5_p=0.9920  m6_ic=0.0796
[18:26:11]   HIT  FTSE_CHINA_50      rate_z           lag= 14 m5_p=0.9641  m6_ic=0.0636
[18:26:12]   HIT  FTSE_CHINA_50      ruble_z          lag= 14 m5_p=0.8984  m6_ic=0.0423
[18:26:12]   HIT  FTSE_CHINA_50      sanctions_z      lag=  1 m5_p=0.4682  m6_ic=0.0388
[18:26:12]   HIT  FTSE_CHINA_50      sanctions_z      lag=  7 m5_p=0.6112  m6_ic=0.0567
[18:26:12]   HIT  FTSE_CHINA_50      sanctions_z      lag= 14 m5_p=0.5075  m6_ic=0.0465
[18:26:13]   HIT  FTSE_CHINA_50      sanctions_z      lag= 30 m5_p=0.1301  m6_ic=0.0854
[18:26:14]   HIT  FTSE_CHINA_50      inflation_z      lag= 30 m5_p=0.3401  m6_ic=0.0377
[18:26:14]   HIT  FTSE_CHINA_50      banking_z        lag=  7 m5_p=0.9999  m6_ic=0.0536
[18:26:14]   HIT  FTSE_CHINA_50      banking_z        lag= 30 m5_p=0.7490  m6_ic=0.0443
[18:26:14]   HIT  FTSE_CHINA_50      gold_z           lag=  1 m5_p=0.2753  m6_ic=0.0715
[18:26:15]   HIT  FTSE_CHINA_50      gold_z           lag=  7 m5_p=0.2675  m6_ic=0.0782
[18:26:15]   HIT  FTSE_CHINA_50      gold_z           lag= 30 m5_p=0.7492  m6_ic=0.1108
[18:26:15]   HIT  GOLD               oil_z            lag=  1 m5_p=0.3410  m6_ic=0.0740
[18:26:15]   HIT  GOLD               oil_z            lag=  7 m5_p=0.5309  m6_ic=0.0307
[18:26:16]   HIT  GOLD               oil_z            lag= 30 m5_p=0.8937  m6_ic=0.0544
[18:26:16]   HIT  GOLD               rate_z           lag=  1 m5_p=0.9320  m6_ic=0.0944
[18:26:16]   HIT  GOLD               rate_z           lag= 14 m5_p=0.1962  m6_ic=0.0795
[18:26:17]   HIT  GOLD               rate_z           lag= 30 m5_p=0.9938  m6_ic=0.0415
[18:26:17]   HIT  GOLD               ruble_z          lag= 30 m5_p=0.8547  m6_ic=0.1470
[18:26:17]   HIT  GOLD               sanctions_z      lag=  1 m5_p=0.9873  m6_ic=0.0309
[18:26:18]   HIT  GOLD               sanctions_z      lag= 14 m5_p=0.1815  m6_ic=0.0689
[18:26:18]   HIT  GOLD               sanctions_z      lag= 30 m5_p=0.0688  m6_ic=0.0646
[18:26:18]   HIT  GOLD               inflation_z      lag=  7 m5_p=0.0163  m6_ic=0.1378
[18:26:19]   HIT  GOLD               banking_z        lag=  7 m5_p=0.2484  m6_ic=0.0472
[18:26:20]   HIT  GOLD               banking_z        lag= 30 m5_p=0.8820  m6_ic=0.0463
[18:26:20]   HIT  GOLD               gold_z           lag=  1 m5_p=0.9441  m6_ic=0.0352
[18:26:20]   HIT  GOLD               gold_z           lag=  7 m5_p=0.9611  m6_ic=0.1063
[18:26:20]   HIT  GOLD               gold_z           lag= 14 m5_p=0.0545  m6_ic=0.0797
[18:26:20]   HIT  GOLD               gold_z           lag= 30 m5_p=0.4941  m6_ic=0.0389
[18:26:21]   HIT  SILVER             oil_z            lag= 30 m5_p=0.5800  m6_ic=0.0502
[18:26:21]   HIT  SILVER             rate_z           lag=  1 m5_p=0.4295  m6_ic=0.0367
[18:26:21]   HIT  SILVER             rate_z           lag=  7 m5_p=0.2690  m6_ic=0.1576
[18:26:22]   HIT  SILVER             rate_z           lag= 14 m5_p=0.7726  m6_ic=0.1103
[18:26:22]   HIT  SILVER             rate_z           lag= 30 m5_p=0.3588  m6_ic=0.0329
[18:26:23]   HIT  SILVER             ruble_z          lag= 30 m5_p=0.5785  m6_ic=0.0343
[18:26:23]   HIT  SILVER             sanctions_z      lag=  7 m5_p=0.6731  m6_ic=0.0738
[18:26:23]   HIT  SILVER             sanctions_z      lag= 14 m5_p=0.2403  m6_ic=0.0328
[18:26:24]   HIT  SILVER             inflation_z      lag=  7 m5_p=0.1879  m6_ic=0.0463
[18:26:24]   HIT  SILVER             inflation_z      lag= 30 m5_p=0.3543  m6_ic=0.0508
[18:26:24]   HIT  SILVER             banking_z        lag=  1 m5_p=0.9566  m6_ic=0.0990
[18:26:25]   HIT  SILVER             banking_z        lag= 14 m5_p=0.8649  m6_ic=0.0429
[18:26:25]   HIT  SILVER             banking_z        lag= 30 m5_p=0.5269  m6_ic=0.0363
[18:26:25]   HIT  SILVER             gold_z           lag=  1 m5_p=0.1866  m6_ic=0.0339
[18:26:25]   HIT  SILVER             gold_z           lag= 14 m5_p=0.9873  m6_ic=0.0467
[18:26:25]   HIT  SILVER             gold_z           lag= 30 m5_p=0.1992  m6_ic=0.0391
[18:26:26]   HIT  IMOEX              oil_z            lag=  1 m5_p=0.2413  m6_ic=0.0580
[18:26:26]   HIT  IMOEX              rate_z           lag=  1 m5_p=0.3025  m6_ic=0.0443
[18:26:27]   HIT  IMOEX              rate_z           lag=  7 m5_p=0.2258  m6_ic=0.0420
[18:26:27]   HIT  IMOEX              rate_z           lag= 14 m5_p=0.2674  m6_ic=0.0817
[18:26:27]   HIT  IMOEX              rate_z           lag= 30 m5_p=0.4265  m6_ic=0.1355
[18:26:27]   HIT  IMOEX              ruble_z          lag=  1 m5_p=0.7600  m6_ic=0.1486
[18:26:27]   HIT  IMOEX              ruble_z          lag=  7 m5_p=0.0306  m6_ic=0.0333
[18:26:28]   HIT  IMOEX              ruble_z          lag= 14 m5_p=0.3301  m6_ic=0.0746
[18:26:28]   HIT  IMOEX              ruble_z          lag= 30 m5_p=0.8361  m6_ic=0.0588
[18:26:29]   HIT  IMOEX              sanctions_z      lag= 14 m5_p=0.7735  m6_ic=0.0305
[18:26:29]   HIT  IMOEX              inflation_z      lag=  1 m5_p=0.2068  m6_ic=0.0652
[18:26:30]   HIT  IMOEX              inflation_z      lag= 30 m5_p=0.5172  m6_ic=0.0900
[18:26:30]   HIT  IMOEX              banking_z        lag=  7 m5_p=0.1920  m6_ic=0.0512
[18:26:30]   HIT  IMOEX              banking_z        lag= 30 m5_p=0.0824  m6_ic=0.0624
[18:26:31]   HIT  IMOEX              gold_z           lag=  1 m5_p=0.3190  m6_ic=0.0361
[18:26:31]   HIT  IMOEX              gold_z           lag= 30 m5_p=0.3290  m6_ic=0.0581
[18:26:31]   HIT  MOEXFN             oil_z            lag=  1 m5_p=0.3589  m6_ic=0.1419
[18:26:32]   HIT  MOEXFN             oil_z            lag=  7 m5_p=0.3274  m6_ic=0.0580
[18:26:32]   HIT  MOEXFN             oil_z            lag= 14 m5_p=0.6156  m6_ic=0.0324
[18:26:33]   HIT  MOEXFN             rate_z           lag= 14 m5_p=0.6683  m6_ic=0.0319
[18:26:33]   HIT  MOEXFN             rate_z           lag= 30 m5_p=0.9930  m6_ic=0.0357
[18:26:33]   HIT  MOEXFN             ruble_z          lag=  1 m5_p=0.6517  m6_ic=0.0735
[18:26:33]   HIT  MOEXFN             ruble_z          lag=  7 m5_p=0.2104  m6_ic=0.0631
[18:26:33]   HIT  MOEXFN             ruble_z          lag= 14 m5_p=0.5300  m6_ic=0.0578
[18:26:34]   HIT  MOEXFN             sanctions_z      lag=  1 m5_p=0.0556  m6_ic=0.0696
[18:26:34]   HIT  MOEXFN             sanctions_z      lag=  7 m5_p=0.9122  m6_ic=0.0433
[18:26:35]   HIT  MOEXFN             inflation_z      lag=  1 m5_p=0.2433  m6_ic=0.0377
[18:26:35]   HIT  MOEXFN             inflation_z      lag=  7 m5_p=0.4069  m6_ic=0.0376
[18:26:35]   HIT  MOEXFN             inflation_z      lag= 30 m5_p=0.4238  m6_ic=0.0521
[18:26:35]   HIT  MOEXFN             banking_z        lag=  7 m5_p=0.4758  m6_ic=0.0767
[18:26:36]   HIT  MOEXFN             banking_z        lag= 14 m5_p=0.1339  m6_ic=0.0699
[18:26:36]   HIT  MOEXFN             gold_z           lag=  7 m5_p=0.1800  m6_ic=0.0408
[18:26:37]   HIT  MOEXOG             oil_z            lag=  1 m5_p=0.2170  m6_ic=0.1113
[18:26:37]   HIT  MOEXOG             oil_z            lag=  7 m5_p=0.4584  m6_ic=0.0360
[18:26:38]   HIT  MOEXOG             rate_z           lag=  1 m5_p=0.2176  m6_ic=0.0682
[18:26:38]   HIT  MOEXOG             ruble_z          lag=  1 m5_p=0.7748  m6_ic=0.1057
[18:26:39]   HIT  MOEXOG             ruble_z          lag=  7 m5_p=0.0664  m6_ic=0.0461
[18:26:39]   HIT  MOEXOG             ruble_z          lag= 30 m5_p=0.9428  m6_ic=0.0346
[18:26:39]   HIT  MOEXOG             sanctions_z      lag=  7 m5_p=0.4094  m6_ic=0.0456
[18:26:40]   HIT  MOEXOG             sanctions_z      lag= 14 m5_p=0.3950  m6_ic=0.0419
[18:26:40]   HIT  MOEXOG             sanctions_z      lag= 30 m5_p=0.7427  m6_ic=0.0935
[18:26:40]   HIT  MOEXOG             inflation_z      lag=  1 m5_p=0.1034  m6_ic=0.1183
[18:26:41]   HIT  MOEXOG             inflation_z      lag= 30 m5_p=0.8230  m6_ic=0.1764
[18:26:41]   HIT  MOEXOG             banking_z        lag= 30 m5_p=0.1176  m6_ic=0.0665
[18:26:42]   HIT  MOEXOG             gold_z           lag=  1 m5_p=0.2022  m6_ic=0.0321
[18:26:42]   HIT  MOEXOG             gold_z           lag=  7 m5_p=0.7653  m6_ic=0.0454
[18:26:42]   HIT  MOEXOG             gold_z           lag= 30 m5_p=0.4799  m6_ic=0.0626
[18:26:42]   HIT  MOEX10             oil_z            lag=  1 m5_p=0.3737  m6_ic=0.1661
[18:26:43]   HIT  MOEX10             oil_z            lag=  7 m5_p=0.4867  m6_ic=0.0718
[18:26:43]   HIT  MOEX10             oil_z            lag= 14 m5_p=0.7293  m6_ic=0.0705
[18:26:43]   HIT  MOEX10             rate_z           lag=  1 m5_p=0.3887  m6_ic=0.0357
[18:26:43]   HIT  MOEX10             rate_z           lag=  7 m5_p=0.3078  m6_ic=0.0524
[18:26:44]   HIT  MOEX10             rate_z           lag= 30 m5_p=0.4483  m6_ic=0.0572
[18:26:44]   HIT  MOEX10             ruble_z          lag=  1 m5_p=0.9719  m6_ic=0.1048
[18:26:44]   HIT  MOEX10             ruble_z          lag=  7 m5_p=0.1292  m6_ic=0.0463
[18:26:44]   HIT  MOEX10             ruble_z          lag= 14 m5_p=0.4546  m6_ic=0.0393
[18:26:45]   HIT  MOEX10             sanctions_z      lag=  7 m5_p=0.6263  m6_ic=0.0733
[18:26:45]   HIT  MOEX10             sanctions_z      lag= 30 m5_p=0.4859  m6_ic=0.0602
[18:26:46]   HIT  MOEX10             inflation_z      lag=  1 m5_p=0.2736  m6_ic=0.0465
[18:26:46]   HIT  MOEX10             inflation_z      lag= 30 m5_p=0.7899  m6_ic=0.0795
[18:26:47]   HIT  MOEX10             banking_z        lag= 14 m5_p=0.0831  m6_ic=0.0306
[18:26:48]   HIT  MOEX10             gold_z           lag= 14 m5_p=0.9573  m6_ic=0.0366
[18:26:48]   HIT  MOEX10             gold_z           lag= 30 m5_p=0.6804  m6_ic=0.0659
[18:26:48]     Train: 239 signals
[18:26:48]     Val holdout (239 candidates)...
[18:26:49]     VAL PASS  SP500              rate_z           lag= 14  m6_ic=0.0907
[18:26:49]     VAL PASS  SP500              ruble_z          lag=  1  m6_ic=0.0665
[18:26:49]     VAL PASS  SP500              sanctions_z      lag=  7  m6_ic=0.1125
[18:26:50]     VAL PASS  SP500              inflation_z      lag=  1  m6_ic=0.0551
[18:26:50]     VAL PASS  SP500              inflation_z      lag=  7  m6_ic=0.0685
[18:26:50]     VAL PASS  SP500              banking_z        lag=  1  m6_ic=0.0980
[18:26:51]     VAL PASS  SP500              banking_z        lag= 30  m6_ic=0.0897
[18:26:51]     VAL PASS  USD_RUB            oil_z            lag= 14  m6_ic=0.0405
[18:26:51]     VAL PASS  USD_RUB            oil_z            lag= 30  m6_ic=0.0910
[18:26:51]     VAL PASS  USD_RUB            rate_z           lag=  1  m6_ic=0.1435
[18:26:52]     VAL PASS  USD_RUB            rate_z           lag= 30  m6_ic=0.0349
[18:26:52]     VAL PASS  USD_RUB            ruble_z          lag=  1  m6_ic=0.1347
[18:26:52]     VAL PASS  USD_RUB            ruble_z          lag=  7  m6_ic=0.1535
[18:26:52]     VAL PASS  USD_RUB            ruble_z          lag= 14  m6_ic=0.0900
[18:26:52]     VAL PASS  USD_RUB            sanctions_z      lag= 14  m6_ic=0.0338
[18:26:53]     VAL PASS  USD_RUB            sanctions_z      lag= 30  m6_ic=0.0439
[18:26:53]     VAL PASS  EUR_RUB            oil_z            lag= 14  m6_ic=0.0405
[18:26:53]     VAL PASS  EUR_RUB            oil_z            lag= 30  m6_ic=0.0910
[18:26:53]     VAL PASS  EUR_RUB            rate_z           lag=  1  m6_ic=0.1435
[18:26:54]     VAL PASS  EUR_RUB            rate_z           lag= 30  m6_ic=0.0349
[18:26:54]     VAL PASS  EUR_RUB            ruble_z          lag=  1  m6_ic=0.1347
[18:26:54]     VAL PASS  EUR_RUB            ruble_z          lag=  7  m6_ic=0.1535
[18:26:54]     VAL PASS  EUR_RUB            ruble_z          lag= 14  m6_ic=0.0900
[18:26:54]     VAL PASS  EUR_RUB            sanctions_z      lag= 14  m6_ic=0.0338
[18:26:55]     VAL PASS  EUR_RUB            sanctions_z      lag= 30  m6_ic=0.0439
[18:26:55]     VAL PASS  DJ_SOUTH_AFRICA    oil_z            lag= 30  m6_ic=0.0594
[18:26:55]     VAL PASS  DJ_SOUTH_AFRICA    sanctions_z      lag=  1  m6_ic=0.0689
[18:26:56]     VAL PASS  DJ_SOUTH_AFRICA    inflation_z      lag= 30  m6_ic=0.0897
[18:26:56]     VAL PASS  DJ_SOUTH_AFRICA    banking_z        lag=  1  m6_ic=0.0329
[18:26:56]     VAL PASS  DJ_SOUTH_AFRICA    banking_z        lag=  7  m6_ic=0.0636
[18:26:57]     VAL PASS  MSCI_WORLD         oil_z            lag=  1  m6_ic=0.0304
[18:26:58]     VAL PASS  MSCI_WORLD         rate_z           lag= 14  m6_ic=0.0385
[18:26:58]     VAL PASS  MSCI_WORLD         ruble_z          lag=  1  m6_ic=0.0619
[18:26:59]     VAL PASS  MSCI_WORLD         ruble_z          lag= 30  m6_ic=0.0596
[18:26:59]     VAL PASS  MSCI_WORLD         sanctions_z      lag=  7  m6_ic=0.0977
[18:26:59]     VAL PASS  MSCI_WORLD         sanctions_z      lag= 14  m6_ic=0.0521
[18:26:59]     VAL PASS  MSCI_WORLD         inflation_z      lag= 30  m6_ic=0.1127
[18:27:00]     VAL PASS  MSCI_WORLD         banking_z        lag=  7  m6_ic=0.0324
[18:27:00]     VAL PASS  DXY                oil_z            lag= 14  m6_ic=0.0360
[18:27:00]     VAL PASS  DXY                oil_z            lag= 30  m6_ic=0.1178
[18:27:01]     VAL PASS  DXY                rate_z           lag=  1  m6_ic=0.0472
[18:27:01]     VAL PASS  DXY                rate_z           lag=  7  m6_ic=0.0570
[18:27:01]     VAL PASS  DXY                rate_z           lag= 30  m6_ic=0.0851
[18:27:01]     VAL PASS  DXY                ruble_z          lag=  7  m6_ic=0.0950
[18:27:02]     VAL PASS  DXY                sanctions_z      lag= 14  m6_ic=0.1437
[18:27:02]     VAL PASS  DXY                inflation_z      lag=  7  m6_ic=0.0928
[18:27:02]     VAL PASS  DXY                banking_z        lag=  1  m6_ic=0.0325
[18:27:02]     VAL PASS  DXY                banking_z        lag= 14  m6_ic=0.1399
[18:27:02]     VAL PASS  DXY                gold_z           lag=  7  m6_ic=0.0432
[18:27:03]     VAL PASS  DXY                gold_z           lag= 14  m6_ic=0.1087
[18:27:03]     VAL PASS  BRENT              oil_z            lag=  1  m6_ic=0.1032
[18:27:04]     VAL PASS  BRENT              ruble_z          lag= 30  m6_ic=0.0509
[18:27:04]     VAL PASS  BRENT              sanctions_z      lag=  7  m6_ic=0.0419
[18:27:05]     VAL PASS  BRENT              sanctions_z      lag= 14  m6_ic=0.0669
[18:27:05]     VAL PASS  BRENT              inflation_z      lag= 30  m6_ic=0.0981
[18:27:06]     VAL PASS  BRENT              banking_z        lag=  1  m6_ic=0.0564
[18:27:06]     VAL PASS  BRENT              banking_z        lag= 14  m6_ic=0.0605
[18:27:07]     VAL PASS  BRENT              gold_z           lag= 30  m6_ic=0.1296
[18:27:07]     VAL PASS  MSCI_INDIA         rate_z           lag= 14  m6_ic=0.0480
[18:27:08]     VAL PASS  MSCI_INDIA         ruble_z          lag= 30  m6_ic=0.1265
[18:27:08]     VAL PASS  MSCI_INDIA         sanctions_z      lag=  1  m6_ic=0.0489
[18:27:08]     VAL PASS  MSCI_INDIA         inflation_z      lag=  7  m6_ic=0.0330
[18:27:09]     VAL PASS  MSCI_INDIA         banking_z        lag=  7  m6_ic=0.0539
[18:27:10]     VAL PASS  MSCI_INDIA         gold_z           lag=  7  m6_ic=0.0649
[18:27:10]     VAL PASS  CHINA_H_SHARES     oil_z            lag=  7  m6_ic=0.1027
[18:27:10]     VAL PASS  CHINA_H_SHARES     oil_z            lag= 30  m6_ic=0.1875
[18:27:11]     VAL PASS  CHINA_H_SHARES     rate_z           lag=  1  m6_ic=0.0377
[18:27:11]     VAL PASS  CHINA_H_SHARES     rate_z           lag=  7  m6_ic=0.0334
[18:27:11]     VAL PASS  CHINA_H_SHARES     ruble_z          lag= 30  m6_ic=0.0800
[18:27:11]     VAL PASS  CHINA_H_SHARES     sanctions_z      lag=  1  m6_ic=0.1120
[18:27:12]     VAL PASS  CHINA_H_SHARES     sanctions_z      lag= 14  m6_ic=0.0458
[18:27:12]     VAL PASS  CHINA_H_SHARES     sanctions_z      lag= 30  m6_ic=0.0319
[18:27:12]     VAL PASS  CHINA_H_SHARES     inflation_z      lag=  1  m6_ic=0.1077
[18:27:12]     VAL PASS  CHINA_H_SHARES     banking_z        lag=  7  m6_ic=0.1068
[18:27:13]     VAL PASS  CHINA_H_SHARES     banking_z        lag= 30  m6_ic=0.0977
[18:27:13]     VAL PASS  CHINA_H_SHARES     gold_z           lag=  1  m6_ic=0.0505
[18:27:13]     VAL PASS  CHINA_H_SHARES     gold_z           lag=  7  m6_ic=0.0511
[18:27:13]     VAL PASS  FTSE_CHINA_50      oil_z            lag=  1  m6_ic=0.0538
[18:27:14]     VAL PASS  FTSE_CHINA_50      oil_z            lag=  7  m6_ic=0.1095
[18:27:14]     VAL PASS  FTSE_CHINA_50      oil_z            lag= 30  m6_ic=0.1354
[18:27:14]     VAL PASS  FTSE_CHINA_50      rate_z           lag=  1  m6_ic=0.1022
[18:27:14]     VAL PASS  FTSE_CHINA_50      rate_z           lag=  7  m6_ic=0.0757
[18:27:15]     VAL PASS  FTSE_CHINA_50      ruble_z          lag= 14  m6_ic=0.0397
[18:27:15]     VAL PASS  FTSE_CHINA_50      sanctions_z      lag=  7  m6_ic=0.0579
[18:27:16]     VAL PASS  FTSE_CHINA_50      sanctions_z      lag= 30  m6_ic=0.0526
[18:27:16]     VAL PASS  FTSE_CHINA_50      inflation_z      lag= 30  m6_ic=0.0831
[18:27:16]     VAL PASS  FTSE_CHINA_50      banking_z        lag=  7  m6_ic=0.0489
[18:27:16]     VAL PASS  FTSE_CHINA_50      banking_z        lag= 30  m6_ic=0.0318
[18:27:17]     VAL PASS  FTSE_CHINA_50      gold_z           lag=  1  m6_ic=0.0767
[18:27:17]     VAL PASS  FTSE_CHINA_50      gold_z           lag= 30  m6_ic=0.1237
[18:27:17]     VAL PASS  GOLD               oil_z            lag=  1  m6_ic=0.0908
[18:27:17]     VAL PASS  GOLD               oil_z            lag= 30  m6_ic=0.0629
[18:27:18]     VAL PASS  GOLD               rate_z           lag=  1  m6_ic=0.1066
[18:27:18]     VAL PASS  GOLD               rate_z           lag= 14  m6_ic=0.1597
[18:27:18]     VAL PASS  GOLD               rate_z           lag= 30  m6_ic=0.0724
[18:27:18]     VAL PASS  GOLD               sanctions_z      lag=  1  m6_ic=0.0540
[18:27:19]     VAL PASS  GOLD               sanctions_z      lag= 14  m6_ic=0.0433
[18:27:19]     VAL PASS  GOLD               inflation_z      lag=  7  m6_ic=0.0318
[18:27:19]     VAL PASS  GOLD               banking_z        lag= 30  m6_ic=0.0451
[18:27:20]     VAL PASS  GOLD               gold_z           lag=  1  m6_ic=0.0394
[18:27:20]     VAL PASS  GOLD               gold_z           lag= 14  m6_ic=0.0773
[18:27:21]     VAL PASS  SILVER             rate_z           lag=  7  m6_ic=0.1293
[18:27:21]     VAL PASS  SILVER             rate_z           lag= 14  m6_ic=0.1576
[18:27:21]     VAL PASS  SILVER             rate_z           lag= 30  m6_ic=0.0650
[18:27:21]     VAL PASS  SILVER             ruble_z          lag= 30  m6_ic=0.0850
[18:27:22]     VAL PASS  SILVER             sanctions_z      lag=  7  m6_ic=0.0517
[18:27:22]     VAL PASS  SILVER             inflation_z      lag= 30  m6_ic=0.0609
[18:27:22]     VAL PASS  SILVER             banking_z        lag=  1  m6_ic=0.0796
[18:27:23]     VAL PASS  SILVER             banking_z        lag= 14  m6_ic=0.0997
[18:27:23]     VAL PASS  SILVER             banking_z        lag= 30  m6_ic=0.0700
[18:27:23]     VAL PASS  SILVER             gold_z           lag=  1  m6_ic=0.0474
[18:27:23]     VAL PASS  SILVER             gold_z           lag= 14  m6_ic=0.0687
[18:27:23]     VAL PASS  SILVER             gold_z           lag= 30  m6_ic=0.0849
[18:27:24]     VAL PASS  IMOEX              oil_z            lag=  1  m6_ic=0.0631
[18:27:24]     VAL PASS  IMOEX              rate_z           lag=  1  m6_ic=0.0323
[18:27:24]     VAL PASS  IMOEX              rate_z           lag= 14  m6_ic=0.0584
[18:27:24]     VAL PASS  IMOEX              rate_z           lag= 30  m6_ic=0.0648
[18:27:25]     VAL PASS  IMOEX              ruble_z          lag= 14  m6_ic=0.0858
[18:27:25]     VAL PASS  IMOEX              sanctions_z      lag= 14  m6_ic=0.1077
[18:27:26]     VAL PASS  IMOEX              inflation_z      lag=  1  m6_ic=0.0944
[18:27:26]     VAL PASS  IMOEX              inflation_z      lag= 30  m6_ic=0.0594
[18:27:26]     VAL PASS  IMOEX              banking_z        lag= 30  m6_ic=0.0422
[18:27:26]     VAL PASS  IMOEX              gold_z           lag=  1  m6_ic=0.0365
[18:27:27]     VAL PASS  IMOEX              gold_z           lag= 30  m6_ic=0.1228
[18:27:27]     VAL PASS  MOEXFN             oil_z            lag=  1  m6_ic=0.1353
[18:27:27]     VAL PASS  MOEXFN             oil_z            lag= 14  m6_ic=0.0365
[18:27:27]     VAL PASS  MOEXFN             rate_z           lag= 14  m6_ic=0.0341
[18:27:28]     VAL PASS  MOEXFN             rate_z           lag= 30  m6_ic=0.0700
[18:27:28]     VAL PASS  MOEXFN             ruble_z          lag= 14  m6_ic=0.0594
[18:27:28]     VAL PASS  MOEXFN             sanctions_z      lag=  1  m6_ic=0.0574
[18:27:28]     VAL PASS  MOEXFN             sanctions_z      lag=  7  m6_ic=0.0677
[18:27:29]     VAL PASS  MOEXFN             inflation_z      lag=  1  m6_ic=0.1187
[18:27:29]     VAL PASS  MOEXFN             inflation_z      lag= 30  m6_ic=0.0354
[18:27:29]     VAL PASS  MOEXFN             banking_z        lag= 14  m6_ic=0.0309
[18:27:30]     VAL PASS  MOEXOG             oil_z            lag=  1  m6_ic=0.0449
[18:27:30]     VAL PASS  MOEXOG             oil_z            lag=  7  m6_ic=0.0438
[18:27:30]     VAL PASS  MOEXOG             ruble_z          lag=  1  m6_ic=0.0370
[18:27:31]     VAL PASS  MOEXOG             sanctions_z      lag=  7  m6_ic=0.0375
[18:27:31]     VAL PASS  MOEXOG             sanctions_z      lag= 14  m6_ic=0.0866
[18:27:31]     VAL PASS  MOEXOG             sanctions_z      lag= 30  m6_ic=0.1425
[18:27:32]     VAL PASS  MOEXOG             inflation_z      lag=  1  m6_ic=0.0766
[18:27:32]     VAL PASS  MOEXOG             inflation_z      lag= 30  m6_ic=0.0440
[18:27:32]     VAL PASS  MOEXOG             gold_z           lag=  7  m6_ic=0.0391
[18:27:33]     VAL PASS  MOEXOG             gold_z           lag= 30  m6_ic=0.1182
[18:27:33]     VAL PASS  MOEX10             oil_z            lag=  1  m6_ic=0.0731
[18:27:33]     VAL PASS  MOEX10             oil_z            lag=  7  m6_ic=0.0389
[18:27:33]     VAL PASS  MOEX10             oil_z            lag= 14  m6_ic=0.1335
[18:27:34]     VAL PASS  MOEX10             rate_z           lag= 30  m6_ic=0.1275
[18:27:34]     VAL PASS  MOEX10             ruble_z          lag= 14  m6_ic=0.0695
[18:27:35]     VAL PASS  MOEX10             sanctions_z      lag=  7  m6_ic=0.0474
[18:27:35]     VAL PASS  MOEX10             sanctions_z      lag= 30  m6_ic=0.0620
[18:27:35]     VAL PASS  MOEX10             inflation_z      lag=  1  m6_ic=0.0563
[18:27:35]     VAL PASS  MOEX10             inflation_z      lag= 30  m6_ic=0.0443
[18:27:36]     VAL PASS  MOEX10             banking_z        lag= 14  m6_ic=0.0462
[18:27:36]     VAL PASS  MOEX10             gold_z           lag= 14  m6_ic=0.0630
[18:27:36]     VAL PASS  MOEX10             gold_z           lag= 30  m6_ic=0.0901
[18:27:36]     Val: 156/239 held
[18:27:36]   → train=239  val=156  max_ic=0.1764
[18:27:36] 
============================================================
[18:27:36] FINAL REPORT
[18:27:36] ============================================================
[18:27:36] Report: C:\project\signal_mind\analytics\phase_b\night_search\night_report_20260521_181814.md
[18:27:36] Hits CSV: C:\project\signal_mind\analytics\phase_b\night_search\night_hits_20260521_181814.csv
[18:27:36] 
  [5/15] sweep_keyword_z90_abs_return  budget=43min  ic_gate=0.03  ens=M6_only
[18:27:36]   Config: sweep_keyword_z90_abs_return
[18:27:36]     feature=keyword_z90  target=abs_return  ensemble=M6_only  ic_min=0.03
[18:27:37]   HIT  SP500              oil_z            lag=  7 m5_p=0.6748  m6_ic=0.0527
[18:27:37]   HIT  SP500              oil_z            lag= 14 m5_p=0.7862  m6_ic=0.1014
[18:27:37]   HIT  SP500              rate_z           lag=  1 m5_p=0.4366  m6_ic=0.0510
[18:27:37]   HIT  SP500              rate_z           lag=  7 m5_p=0.8581  m6_ic=0.0547
[18:27:38]   HIT  SP500              rate_z           lag= 14 m5_p=0.9377  m6_ic=0.0710
[18:27:38]   HIT  SP500              ruble_z          lag=  1 m5_p=0.6337  m6_ic=0.0566
[18:27:39]   HIT  SP500              sanctions_z      lag=  1 m5_p=0.4430  m6_ic=0.0698
[18:27:39]   HIT  SP500              sanctions_z      lag=  7 m5_p=0.7751  m6_ic=0.0709
[18:27:40]   HIT  SP500              inflation_z      lag=  1 m5_p=0.4970  m6_ic=0.0398
[18:27:40]   HIT  SP500              inflation_z      lag=  7 m5_p=0.5052  m6_ic=0.0847
[18:27:41]   HIT  SP500              inflation_z      lag= 30 m5_p=0.6300  m6_ic=0.0727
[18:27:41]   HIT  SP500              banking_z        lag=  1 m5_p=0.8581  m6_ic=0.0508
[18:27:41]   HIT  SP500              banking_z        lag= 14 m5_p=0.6500  m6_ic=0.0462
[18:27:41]   HIT  SP500              banking_z        lag= 30 m5_p=0.5090  m6_ic=0.0337
[18:27:42]   HIT  SP500              gold_z           lag=  7 m5_p=0.7528  m6_ic=0.0567
[18:27:43]   HIT  USD_RUB            oil_z            lag= 14 m5_p=0.6692  m6_ic=0.0580
[18:27:43]   HIT  USD_RUB            oil_z            lag= 30 m5_p=0.4686  m6_ic=0.0829
[18:27:43]   HIT  USD_RUB            rate_z           lag=  1 m5_p=0.9318  m6_ic=0.1048
[18:27:44]   HIT  USD_RUB            rate_z           lag= 30 m5_p=0.3641  m6_ic=0.0830
[18:27:44]   HIT  USD_RUB            ruble_z          lag=  1 m5_p=0.1133  m6_ic=0.0395
[18:27:45]   HIT  USD_RUB            ruble_z          lag=  7 m5_p=0.1581  m6_ic=0.0476
[18:27:45]   HIT  USD_RUB            ruble_z          lag= 14 m5_p=0.9816  m6_ic=0.1100
[18:27:45]   HIT  USD_RUB            sanctions_z      lag= 14 m5_p=0.6089  m6_ic=0.0672
[18:27:46]   HIT  USD_RUB            sanctions_z      lag= 30 m5_p=0.1916  m6_ic=0.0594
[18:27:49]   HIT  EUR_RUB            oil_z            lag= 14 m5_p=0.6692  m6_ic=0.0580
[18:27:49]   HIT  EUR_RUB            oil_z            lag= 30 m5_p=0.4686  m6_ic=0.0829
[18:27:49]   HIT  EUR_RUB            rate_z           lag=  1 m5_p=0.9318  m6_ic=0.1048
[18:27:50]   HIT  EUR_RUB            rate_z           lag= 30 m5_p=0.3641  m6_ic=0.0830
[18:27:50]   HIT  EUR_RUB            ruble_z          lag=  1 m5_p=0.1133  m6_ic=0.0395
[18:27:50]   HIT  EUR_RUB            ruble_z          lag=  7 m5_p=0.1581  m6_ic=0.0476
[18:27:50]   HIT  EUR_RUB            ruble_z          lag= 14 m5_p=0.9816  m6_ic=0.1100
[18:27:51]   HIT  EUR_RUB            sanctions_z      lag= 14 m5_p=0.6089  m6_ic=0.0672
[18:27:51]   HIT  EUR_RUB            sanctions_z      lag= 30 m5_p=0.1916  m6_ic=0.0594
[18:27:54]   HIT  DJ_SOUTH_AFRICA    oil_z            lag=  7 m5_p=0.6844  m6_ic=0.0421
[18:27:55]   HIT  DJ_SOUTH_AFRICA    oil_z            lag= 30 m5_p=0.7089  m6_ic=0.0453
[18:27:56]   HIT  DJ_SOUTH_AFRICA    ruble_z          lag=  1 m5_p=0.2753  m6_ic=0.0327
[18:27:56]   HIT  DJ_SOUTH_AFRICA    sanctions_z      lag=  1 m5_p=0.6815  m6_ic=0.0457
[18:27:57]   HIT  DJ_SOUTH_AFRICA    sanctions_z      lag= 14 m5_p=0.0779  m6_ic=0.0913
[18:27:58]   HIT  DJ_SOUTH_AFRICA    inflation_z      lag= 14 m5_p=0.3188  m6_ic=0.0959
[18:27:58]   HIT  DJ_SOUTH_AFRICA    inflation_z      lag= 30 m5_p=0.7929  m6_ic=0.0511
[18:27:58]   HIT  DJ_SOUTH_AFRICA    banking_z        lag=  1 m5_p=0.7066  m6_ic=0.0641
[18:27:58]   HIT  DJ_SOUTH_AFRICA    banking_z        lag=  7 m5_p=0.5309  m6_ic=0.0672
[18:27:59]   HIT  DJ_SOUTH_AFRICA    banking_z        lag= 30 m5_p=0.4462  m6_ic=0.1268
[18:27:59]   HIT  DJ_SOUTH_AFRICA    gold_z           lag= 30 m5_p=0.6862  m6_ic=0.0316
[18:28:00]   HIT  MSCI_WORLD         oil_z            lag=  1 m5_p=0.5159  m6_ic=0.0479
[18:28:00]   HIT  MSCI_WORLD         oil_z            lag= 14 m5_p=0.4804  m6_ic=0.0423
[18:28:00]   HIT  MSCI_WORLD         oil_z            lag= 30 m5_p=0.2309  m6_ic=0.0322
[18:28:01]   HIT  MSCI_WORLD         rate_z           lag=  7 m5_p=0.2870  m6_ic=0.0667
[18:28:01]   HIT  MSCI_WORLD         rate_z           lag= 14 m5_p=0.6915  m6_ic=0.0301
[18:28:01]   HIT  MSCI_WORLD         rate_z           lag= 30 m5_p=0.8385  m6_ic=0.0355
[18:28:01]   HIT  MSCI_WORLD         ruble_z          lag=  1 m5_p=0.8080  m6_ic=0.0853
[18:28:01]   HIT  MSCI_WORLD         ruble_z          lag=  7 m5_p=0.9167  m6_ic=0.0921
[18:28:02]   HIT  MSCI_WORLD         ruble_z          lag= 30 m5_p=0.6524  m6_ic=0.0477
[18:28:02]   HIT  MSCI_WORLD         sanctions_z      lag=  7 m5_p=0.9308  m6_ic=0.0323
[18:28:02]   HIT  MSCI_WORLD         sanctions_z      lag= 14 m5_p=0.0137  m6_ic=0.0993
[18:28:03]   HIT  MSCI_WORLD         inflation_z      lag=  1 m5_p=0.7383  m6_ic=0.0436
[18:28:04]   HIT  MSCI_WORLD         inflation_z      lag= 30 m5_p=0.7384  m6_ic=0.0309
[18:28:04]   HIT  MSCI_WORLD         banking_z        lag=  7 m5_p=0.2023  m6_ic=0.0786
[18:28:04]   HIT  MSCI_WORLD         banking_z        lag= 30 m5_p=0.9942  m6_ic=0.0386
[18:28:05]   HIT  DXY                oil_z            lag=  1 m5_p=0.2414  m6_ic=0.0793
[18:28:06]   HIT  DXY                oil_z            lag= 14 m5_p=0.7563  m6_ic=0.0457
[18:28:06]   HIT  DXY                oil_z            lag= 30 m5_p=0.9815  m6_ic=0.0813
[18:28:06]   HIT  DXY                rate_z           lag=  1 m5_p=0.3050  m6_ic=0.0430
[18:28:06]   HIT  DXY                rate_z           lag=  7 m5_p=0.2421  m6_ic=0.0551
[18:28:07]   HIT  DXY                rate_z           lag= 30 m5_p=0.1284  m6_ic=0.0300
[18:28:07]   HIT  DXY                ruble_z          lag=  7 m5_p=0.4020  m6_ic=0.0448
[18:28:08]   HIT  DXY                sanctions_z      lag=  1 m5_p=0.9497  m6_ic=0.0383
[18:28:08]   HIT  DXY                sanctions_z      lag= 14 m5_p=0.1076  m6_ic=0.0375
[18:28:09]   HIT  DXY                inflation_z      lag=  7 m5_p=0.2981  m6_ic=0.0602
[18:28:09]   HIT  DXY                banking_z        lag=  1 m5_p=0.2260  m6_ic=0.0604
[18:28:10]   HIT  DXY                banking_z        lag= 14 m5_p=0.7712  m6_ic=0.0496
[18:28:10]   HIT  DXY                gold_z           lag=  7 m5_p=0.1179  m6_ic=0.0653
[18:28:11]   HIT  DXY                gold_z           lag= 14 m5_p=0.9351  m6_ic=0.1175
[18:28:11]   HIT  DXY                gold_z           lag= 30 m5_p=0.4623  m6_ic=0.0315
[18:28:11]   HIT  BRENT              oil_z            lag=  1 m5_p=0.9346  m6_ic=0.0406
[18:28:11]   HIT  BRENT              oil_z            lag=  7 m5_p=0.7838  m6_ic=0.0323
[18:28:12]   HIT  BRENT              oil_z            lag= 30 m5_p=0.8551  m6_ic=0.0800
[18:28:12]   HIT  BRENT              rate_z           lag=  7 m5_p=0.6818  m6_ic=0.0496
[18:28:13]   HIT  BRENT              ruble_z          lag=  1 m5_p=0.2518  m6_ic=0.0403
[18:28:13]   HIT  BRENT              ruble_z          lag= 30 m5_p=0.4153  m6_ic=0.1042
[18:28:13]   HIT  BRENT              sanctions_z      lag=  1 m5_p=0.5997  m6_ic=0.0313
[18:28:14]   HIT  BRENT              sanctions_z      lag=  7 m5_p=0.9600  m6_ic=0.0553
[18:28:14]   HIT  BRENT              sanctions_z      lag= 14 m5_p=0.3220  m6_ic=0.0433
[18:28:14]   HIT  BRENT              sanctions_z      lag= 30 m5_p=0.5788  m6_ic=0.0428
[18:28:14]   HIT  BRENT              inflation_z      lag=  1 m5_p=0.2547  m6_ic=0.0371
[18:28:15]   HIT  BRENT              inflation_z      lag= 14 m5_p=0.6837  m6_ic=0.1134
[18:28:15]   HIT  BRENT              inflation_z      lag= 30 m5_p=0.6957  m6_ic=0.0373
[18:28:15]   HIT  BRENT              banking_z        lag=  1 m5_p=0.7337  m6_ic=0.0561
[18:28:15]   HIT  BRENT              banking_z        lag=  7 m5_p=0.1672  m6_ic=0.0787
[18:28:15]   HIT  BRENT              banking_z        lag= 14 m5_p=0.6100  m6_ic=0.0377
[18:28:16]   HIT  BRENT              gold_z           lag= 14 m5_p=0.3846  m6_ic=0.0425
[18:28:17]   HIT  BRENT              gold_z           lag= 30 m5_p=0.4444  m6_ic=0.0414
[18:28:18]   HIT  MSCI_INDIA         rate_z           lag=  1 m5_p=0.4597  m6_ic=0.0374
[18:28:18]   HIT  MSCI_INDIA         rate_z           lag= 14 m5_p=0.6407  m6_ic=0.0556
[18:28:18]   HIT  MSCI_INDIA         ruble_z          lag=  1 m5_p=0.7407  m6_ic=0.0782
[18:28:19]   HIT  MSCI_INDIA         ruble_z          lag= 14 m5_p=0.7548  m6_ic=0.0444
[18:28:19]   HIT  MSCI_INDIA         ruble_z          lag= 30 m5_p=0.6840  m6_ic=0.1163
[18:28:19]   HIT  MSCI_INDIA         sanctions_z      lag=  1 m5_p=0.8390  m6_ic=0.0804
[18:28:19]   HIT  MSCI_INDIA         sanctions_z      lag=  7 m5_p=0.6660  m6_ic=0.0532
[18:28:20]   HIT  MSCI_INDIA         sanctions_z      lag= 30 m5_p=0.7515  m6_ic=0.0537
[18:28:20]   HIT  MSCI_INDIA         inflation_z      lag=  7 m5_p=0.4727  m6_ic=0.0344
[18:28:21]   HIT  MSCI_INDIA         inflation_z      lag= 30 m5_p=0.7764  m6_ic=0.0488
[18:28:21]   HIT  MSCI_INDIA         banking_z        lag=  7 m5_p=0.6346  m6_ic=0.0664
[18:28:21]   HIT  MSCI_INDIA         banking_z        lag= 14 m5_p=0.3996  m6_ic=0.0755
[18:28:21]   HIT  MSCI_INDIA         banking_z        lag= 30 m5_p=0.5097  m6_ic=0.1499
[18:28:22]   HIT  MSCI_INDIA         gold_z           lag=  1 m5_p=0.5637  m6_ic=0.0718
[18:28:22]   HIT  MSCI_INDIA         gold_z           lag=  7 m5_p=0.6810  m6_ic=0.0318
[18:28:22]   HIT  MSCI_INDIA         gold_z           lag= 14 m5_p=0.2356  m6_ic=0.1126
[18:28:22]   HIT  CHINA_H_SHARES     oil_z            lag=  1 m5_p=0.4078  m6_ic=0.0396
[18:28:23]   HIT  CHINA_H_SHARES     oil_z            lag=  7 m5_p=0.3879  m6_ic=0.0652
[18:28:23]   HIT  CHINA_H_SHARES     oil_z            lag= 30 m5_p=0.6605  m6_ic=0.0794
[18:28:23]   HIT  CHINA_H_SHARES     rate_z           lag=  1 m5_p=0.0778  m6_ic=0.0808
[18:28:23]   HIT  CHINA_H_SHARES     rate_z           lag=  7 m5_p=0.8293  m6_ic=0.0837
[18:28:24]   HIT  CHINA_H_SHARES     rate_z           lag= 14 m5_p=0.7421  m6_ic=0.0693
[18:28:25]   HIT  CHINA_H_SHARES     ruble_z          lag= 30 m5_p=0.6007  m6_ic=0.0372
[18:28:25]   HIT  CHINA_H_SHARES     sanctions_z      lag=  1 m5_p=0.4326  m6_ic=0.0352
[18:28:25]   HIT  CHINA_H_SHARES     sanctions_z      lag= 14 m5_p=0.3141  m6_ic=0.0414
[18:28:25]   HIT  CHINA_H_SHARES     sanctions_z      lag= 30 m5_p=0.2065  m6_ic=0.0882
[18:28:26]   HIT  CHINA_H_SHARES     inflation_z      lag=  1 m5_p=0.1657  m6_ic=0.0329
[18:28:26]   HIT  CHINA_H_SHARES     inflation_z      lag= 30 m5_p=0.3707  m6_ic=0.0400
[18:28:27]   HIT  CHINA_H_SHARES     banking_z        lag=  7 m5_p=0.9238  m6_ic=0.0517
[18:28:27]   HIT  CHINA_H_SHARES     banking_z        lag= 30 m5_p=0.9528  m6_ic=0.0391
[18:28:27]   HIT  CHINA_H_SHARES     gold_z           lag=  1 m5_p=0.3506  m6_ic=0.0655
[18:28:27]   HIT  CHINA_H_SHARES     gold_z           lag=  7 m5_p=0.2418  m6_ic=0.0632
[18:28:28]   HIT  CHINA_H_SHARES     gold_z           lag= 30 m5_p=0.9133  m6_ic=0.0892
[18:28:28]   HIT  FTSE_CHINA_50      oil_z            lag=  1 m5_p=0.4418  m6_ic=0.0537
[18:28:28]   HIT  FTSE_CHINA_50      oil_z            lag=  7 m5_p=0.3249  m6_ic=0.0373
[18:28:28]   HIT  FTSE_CHINA_50      oil_z            lag= 14 m5_p=0.8152  m6_ic=0.0316
[18:28:29]   HIT  FTSE_CHINA_50      oil_z            lag= 30 m5_p=0.6776  m6_ic=0.0983
[18:28:29]   HIT  FTSE_CHINA_50      rate_z           lag=  1 m5_p=0.0686  m6_ic=0.0939
[18:28:29]   HIT  FTSE_CHINA_50      rate_z           lag=  7 m5_p=0.9920  m6_ic=0.0796
[18:28:29]   HIT  FTSE_CHINA_50      rate_z           lag= 14 m5_p=0.9641  m6_ic=0.0636
[18:28:30]   HIT  FTSE_CHINA_50      ruble_z          lag= 14 m5_p=0.8984  m6_ic=0.0423
[18:28:30]   HIT  FTSE_CHINA_50      sanctions_z      lag=  1 m5_p=0.4682  m6_ic=0.0388
[18:28:31]   HIT  FTSE_CHINA_50      sanctions_z      lag=  7 m5_p=0.6112  m6_ic=0.0567
[18:28:31]   HIT  FTSE_CHINA_50      sanctions_z      lag= 14 m5_p=0.5075  m6_ic=0.0465
[18:28:31]   HIT  FTSE_CHINA_50      sanctions_z      lag= 30 m5_p=0.1301  m6_ic=0.0854
[18:28:32]   HIT  FTSE_CHINA_50      inflation_z      lag= 30 m5_p=0.3401  m6_ic=0.0377
[18:28:32]   HIT  FTSE_CHINA_50      banking_z        lag=  7 m5_p=0.9999  m6_ic=0.0536
[18:28:33]   HIT  FTSE_CHINA_50      banking_z        lag= 30 m5_p=0.7490  m6_ic=0.0443
[18:28:33]   HIT  FTSE_CHINA_50      gold_z           lag=  1 m5_p=0.2753  m6_ic=0.0715
[18:28:33]   HIT  FTSE_CHINA_50      gold_z           lag=  7 m5_p=0.2675  m6_ic=0.0782
[18:28:33]   HIT  FTSE_CHINA_50      gold_z           lag= 30 m5_p=0.7492  m6_ic=0.1108
[18:28:34]   HIT  GOLD               oil_z            lag=  1 m5_p=0.3410  m6_ic=0.0740
[18:28:34]   HIT  GOLD               oil_z            lag=  7 m5_p=0.5309  m6_ic=0.0307
[18:28:34]   HIT  GOLD               oil_z            lag= 30 m5_p=0.8937  m6_ic=0.0544
[18:28:34]   HIT  GOLD               rate_z           lag=  1 m5_p=0.9320  m6_ic=0.0944
[18:28:35]   HIT  GOLD               rate_z           lag= 14 m5_p=0.1962  m6_ic=0.0795
[18:28:35]   HIT  GOLD               rate_z           lag= 30 m5_p=0.9938  m6_ic=0.0415
[18:28:36]   HIT  GOLD               ruble_z          lag= 30 m5_p=0.8547  m6_ic=0.1470
[18:28:36]   HIT  GOLD               sanctions_z      lag=  1 m5_p=0.9873  m6_ic=0.0309
[18:28:36]   HIT  GOLD               sanctions_z      lag= 14 m5_p=0.1815  m6_ic=0.0689
[18:28:37]   HIT  GOLD               sanctions_z      lag= 30 m5_p=0.0688  m6_ic=0.0646
[18:28:37]   HIT  GOLD               inflation_z      lag=  7 m5_p=0.0163  m6_ic=0.1378
[18:28:38]   HIT  GOLD               banking_z        lag=  7 m5_p=0.2484  m6_ic=0.0472
[18:28:38]   HIT  GOLD               banking_z        lag= 30 m5_p=0.8820  m6_ic=0.0463
[18:28:38]   HIT  GOLD               gold_z           lag=  1 m5_p=0.9441  m6_ic=0.0352
[18:28:39]   HIT  GOLD               gold_z           lag=  7 m5_p=0.9611  m6_ic=0.1063
[18:28:39]   HIT  GOLD               gold_z           lag= 14 m5_p=0.0545  m6_ic=0.0797
[18:28:39]   HIT  GOLD               gold_z           lag= 30 m5_p=0.4941  m6_ic=0.0389
[18:28:40]   HIT  SILVER             oil_z            lag= 30 m5_p=0.5800  m6_ic=0.0502
[18:28:40]   HIT  SILVER             rate_z           lag=  1 m5_p=0.4295  m6_ic=0.0367
[18:28:40]   HIT  SILVER             rate_z           lag=  7 m5_p=0.2690  m6_ic=0.1576
[18:28:40]   HIT  SILVER             rate_z           lag= 14 m5_p=0.7726  m6_ic=0.1103
[18:28:40]   HIT  SILVER             rate_z           lag= 30 m5_p=0.3588  m6_ic=0.0329
[18:28:41]   HIT  SILVER             ruble_z          lag= 30 m5_p=0.5785  m6_ic=0.0343
[18:28:41]   HIT  SILVER             sanctions_z      lag=  7 m5_p=0.6731  m6_ic=0.0738
[18:28:42]   HIT  SILVER             sanctions_z      lag= 14 m5_p=0.2403  m6_ic=0.0328
[18:28:42]   HIT  SILVER             inflation_z      lag=  7 m5_p=0.1879  m6_ic=0.0463
[18:28:43]   HIT  SILVER             inflation_z      lag= 30 m5_p=0.3543  m6_ic=0.0508
[18:28:43]   HIT  SILVER             banking_z        lag=  1 m5_p=0.9566  m6_ic=0.0990
[18:28:43]   HIT  SILVER             banking_z        lag= 14 m5_p=0.8649  m6_ic=0.0429
[18:28:43]   HIT  SILVER             banking_z        lag= 30 m5_p=0.5269  m6_ic=0.0363
[18:28:44]   HIT  SILVER             gold_z           lag=  1 m5_p=0.1866  m6_ic=0.0339
[18:28:44]   HIT  SILVER             gold_z           lag= 14 m5_p=0.9873  m6_ic=0.0467
[18:28:44]   HIT  SILVER             gold_z           lag= 30 m5_p=0.1992  m6_ic=0.0391
[18:28:44]   HIT  IMOEX              oil_z            lag=  1 m5_p=0.2413  m6_ic=0.0580
[18:28:45]   HIT  IMOEX              rate_z           lag=  1 m5_p=0.3025  m6_ic=0.0443
[18:28:45]   HIT  IMOEX              rate_z           lag=  7 m5_p=0.2258  m6_ic=0.0420
[18:28:46]   HIT  IMOEX              rate_z           lag= 14 m5_p=0.2674  m6_ic=0.0817
[18:28:46]   HIT  IMOEX              rate_z           lag= 30 m5_p=0.4265  m6_ic=0.1355
[18:28:46]   HIT  IMOEX              ruble_z          lag=  1 m5_p=0.7600  m6_ic=0.1486
[18:28:46]   HIT  IMOEX              ruble_z          lag=  7 m5_p=0.0306  m6_ic=0.0333
[18:28:46]   HIT  IMOEX              ruble_z          lag= 14 m5_p=0.3301  m6_ic=0.0746
[18:28:47]   HIT  IMOEX              ruble_z          lag= 30 m5_p=0.8361  m6_ic=0.0588
[18:28:47]   HIT  IMOEX              sanctions_z      lag= 14 m5_p=0.7735  m6_ic=0.0305
[18:28:48]   HIT  IMOEX              inflation_z      lag=  1 m5_p=0.2068  m6_ic=0.0652
[18:28:48]   HIT  IMOEX              inflation_z      lag= 30 m5_p=0.5172  m6_ic=0.0900
[18:28:49]   HIT  IMOEX              banking_z        lag=  7 m5_p=0.1920  m6_ic=0.0512
[18:28:49]   HIT  IMOEX              banking_z        lag= 30 m5_p=0.0824  m6_ic=0.0624
[18:28:49]   HIT  IMOEX              gold_z           lag=  1 m5_p=0.3190  m6_ic=0.0361
[18:28:50]   HIT  IMOEX              gold_z           lag= 30 m5_p=0.3290  m6_ic=0.0581
[18:28:50]   HIT  MOEXFN             oil_z            lag=  1 m5_p=0.3589  m6_ic=0.1419
[18:28:50]   HIT  MOEXFN             oil_z            lag=  7 m5_p=0.3274  m6_ic=0.0580
[18:28:50]   HIT  MOEXFN             oil_z            lag= 14 m5_p=0.6156  m6_ic=0.0324
[18:28:51]   HIT  MOEXFN             rate_z           lag= 14 m5_p=0.6683  m6_ic=0.0319
[18:28:51]   HIT  MOEXFN             rate_z           lag= 30 m5_p=0.9930  m6_ic=0.0357
[18:28:51]   HIT  MOEXFN             ruble_z          lag=  1 m5_p=0.6517  m6_ic=0.0735
[18:28:52]   HIT  MOEXFN             ruble_z          lag=  7 m5_p=0.2104  m6_ic=0.0631
[18:28:52]   HIT  MOEXFN             ruble_z          lag= 14 m5_p=0.5300  m6_ic=0.0578
[18:28:52]   HIT  MOEXFN             sanctions_z      lag=  1 m5_p=0.0556  m6_ic=0.0696
[18:28:52]   HIT  MOEXFN             sanctions_z      lag=  7 m5_p=0.9122  m6_ic=0.0433
[18:28:53]   HIT  MOEXFN             inflation_z      lag=  1 m5_p=0.2433  m6_ic=0.0377
[18:28:53]   HIT  MOEXFN             inflation_z      lag=  7 m5_p=0.4069  m6_ic=0.0376
[18:28:54]   HIT  MOEXFN             inflation_z      lag= 30 m5_p=0.4238  m6_ic=0.0521
[18:28:54]   HIT  MOEXFN             banking_z        lag=  7 m5_p=0.4758  m6_ic=0.0767
[18:28:54]   HIT  MOEXFN             banking_z        lag= 14 m5_p=0.1339  m6_ic=0.0699
[18:28:55]   HIT  MOEXFN             gold_z           lag=  7 m5_p=0.1800  m6_ic=0.0408
[18:28:55]   HIT  MOEXOG             oil_z            lag=  1 m5_p=0.2170  m6_ic=0.1113
[18:28:56]   HIT  MOEXOG             oil_z            lag=  7 m5_p=0.4584  m6_ic=0.0360
[18:28:56]   HIT  MOEXOG             rate_z           lag=  1 m5_p=0.2176  m6_ic=0.0682
[18:28:57]   HIT  MOEXOG             ruble_z          lag=  1 m5_p=0.7748  m6_ic=0.1057
[18:28:57]   HIT  MOEXOG             ruble_z          lag=  7 m5_p=0.0664  m6_ic=0.0461
[18:28:58]   HIT  MOEXOG             ruble_z          lag= 30 m5_p=0.9428  m6_ic=0.0346
[18:28:58]   HIT  MOEXOG             sanctions_z      lag=  7 m5_p=0.4094  m6_ic=0.0456
[18:28:58]   HIT  MOEXOG             sanctions_z      lag= 14 m5_p=0.3950  m6_ic=0.0419
[18:28:58]   HIT  MOEXOG             sanctions_z      lag= 30 m5_p=0.7427  m6_ic=0.0935
[18:28:59]   HIT  MOEXOG             inflation_z      lag=  1 m5_p=0.1034  m6_ic=0.1183
[18:28:59]   HIT  MOEXOG             inflation_z      lag= 30 m5_p=0.8230  m6_ic=0.1764
[18:29:00]   HIT  MOEXOG             banking_z        lag= 30 m5_p=0.1176  m6_ic=0.0665
[18:29:00]   HIT  MOEXOG             gold_z           lag=  1 m5_p=0.2022  m6_ic=0.0321
[18:29:00]   HIT  MOEXOG             gold_z           lag=  7 m5_p=0.7653  m6_ic=0.0454
[18:29:01]   HIT  MOEXOG             gold_z           lag= 30 m5_p=0.4799  m6_ic=0.0626
[18:29:01]   HIT  MOEX10             oil_z            lag=  1 m5_p=0.3737  m6_ic=0.1661
[18:29:01]   HIT  MOEX10             oil_z            lag=  7 m5_p=0.4867  m6_ic=0.0718
[18:29:01]   HIT  MOEX10             oil_z            lag= 14 m5_p=0.7293  m6_ic=0.0705
[18:29:02]   HIT  MOEX10             rate_z           lag=  1 m5_p=0.3887  m6_ic=0.0357
[18:29:02]   HIT  MOEX10             rate_z           lag=  7 m5_p=0.3078  m6_ic=0.0524
[18:29:02]   HIT  MOEX10             rate_z           lag= 30 m5_p=0.4483  m6_ic=0.0572
[18:29:02]   HIT  MOEX10             ruble_z          lag=  1 m5_p=0.9719  m6_ic=0.1048
[18:29:03]   HIT  MOEX10             ruble_z          lag=  7 m5_p=0.1292  m6_ic=0.0463
[18:29:03]   HIT  MOEX10             ruble_z          lag= 14 m5_p=0.4546  m6_ic=0.0393
[18:29:03]   HIT  MOEX10             sanctions_z      lag=  7 m5_p=0.6263  m6_ic=0.0733
[18:29:04]   HIT  MOEX10             sanctions_z      lag= 30 m5_p=0.4859  m6_ic=0.0602
[18:29:04]   HIT  MOEX10             inflation_z      lag=  1 m5_p=0.2736  m6_ic=0.0465
[18:29:05]   HIT  MOEX10             inflation_z      lag= 30 m5_p=0.7899  m6_ic=0.0795
[18:29:05]   HIT  MOEX10             banking_z        lag= 14 m5_p=0.0831  m6_ic=0.0306
[18:29:06]   HIT  MOEX10             gold_z           lag= 14 m5_p=0.9573  m6_ic=0.0366
[18:29:06]   HIT  MOEX10             gold_z           lag= 30 m5_p=0.6804  m6_ic=0.0659
[18:29:06]     Train: 239 signals
[18:29:06]     Val holdout (239 candidates)...
[18:29:07]     VAL PASS  SP500              rate_z           lag= 14  m6_ic=0.0907
[18:29:07]     VAL PASS  SP500              ruble_z          lag=  1  m6_ic=0.0665
[18:29:08]     VAL PASS  SP500              sanctions_z      lag=  7  m6_ic=0.1125
[18:29:08]     VAL PASS  SP500              inflation_z      lag=  1  m6_ic=0.0551
[18:29:08]     VAL PASS  SP500              inflation_z      lag=  7  m6_ic=0.0685
[18:29:09]     VAL PASS  SP500              banking_z        lag=  1  m6_ic=0.0980
[18:29:09]     VAL PASS  SP500              banking_z        lag= 30  m6_ic=0.0897
[18:29:09]     VAL PASS  USD_RUB            oil_z            lag= 14  m6_ic=0.0405
[18:29:10]     VAL PASS  USD_RUB            oil_z            lag= 30  m6_ic=0.0910
[18:29:10]     VAL PASS  USD_RUB            rate_z           lag=  1  m6_ic=0.1435
[18:29:10]     VAL PASS  USD_RUB            rate_z           lag= 30  m6_ic=0.0349
[18:29:10]     VAL PASS  USD_RUB            ruble_z          lag=  1  m6_ic=0.1347
[18:29:10]     VAL PASS  USD_RUB            ruble_z          lag=  7  m6_ic=0.1535
[18:29:11]     VAL PASS  USD_RUB            ruble_z          lag= 14  m6_ic=0.0900
[18:29:11]     VAL PASS  USD_RUB            sanctions_z      lag= 14  m6_ic=0.0338
[18:29:11]     VAL PASS  USD_RUB            sanctions_z      lag= 30  m6_ic=0.0439
[18:29:11]     VAL PASS  EUR_RUB            oil_z            lag= 14  m6_ic=0.0405
[18:29:11]     VAL PASS  EUR_RUB            oil_z            lag= 30  m6_ic=0.0910
[18:29:12]     VAL PASS  EUR_RUB            rate_z           lag=  1  m6_ic=0.1435
[18:29:12]     VAL PASS  EUR_RUB            rate_z           lag= 30  m6_ic=0.0349
[18:29:12]     VAL PASS  EUR_RUB            ruble_z          lag=  1  m6_ic=0.1347
[18:29:12]     VAL PASS  EUR_RUB            ruble_z          lag=  7  m6_ic=0.1535
[18:29:12]     VAL PASS  EUR_RUB            ruble_z          lag= 14  m6_ic=0.0900
[18:29:13]     VAL PASS  EUR_RUB            sanctions_z      lag= 14  m6_ic=0.0338
[18:29:13]     VAL PASS  EUR_RUB            sanctions_z      lag= 30  m6_ic=0.0439
[18:29:13]     VAL PASS  DJ_SOUTH_AFRICA    oil_z            lag= 30  m6_ic=0.0594
[18:29:14]     VAL PASS  DJ_SOUTH_AFRICA    sanctions_z      lag=  1  m6_ic=0.0689
[18:29:14]     VAL PASS  DJ_SOUTH_AFRICA    inflation_z      lag= 30  m6_ic=0.0897
[18:29:14]     VAL PASS  DJ_SOUTH_AFRICA    banking_z        lag=  1  m6_ic=0.0329
[18:29:15]     VAL PASS  DJ_SOUTH_AFRICA    banking_z        lag=  7  m6_ic=0.0636
[18:29:15]     VAL PASS  MSCI_WORLD         oil_z            lag=  1  m6_ic=0.0304
[18:29:16]     VAL PASS  MSCI_WORLD         rate_z           lag= 14  m6_ic=0.0385
[18:29:16]     VAL PASS  MSCI_WORLD         ruble_z          lag=  1  m6_ic=0.0619
[18:29:17]     VAL PASS  MSCI_WORLD         ruble_z          lag= 30  m6_ic=0.0596
[18:29:17]     VAL PASS  MSCI_WORLD         sanctions_z      lag=  7  m6_ic=0.0977
[18:29:17]     VAL PASS  MSCI_WORLD         sanctions_z      lag= 14  m6_ic=0.0521
[18:29:18]     VAL PASS  MSCI_WORLD         inflation_z      lag= 30  m6_ic=0.1127
[18:29:18]     VAL PASS  MSCI_WORLD         banking_z        lag=  7  m6_ic=0.0324
[18:29:18]     VAL PASS  DXY                oil_z            lag= 14  m6_ic=0.0360
[18:29:19]     VAL PASS  DXY                oil_z            lag= 30  m6_ic=0.1178
[18:29:19]     VAL PASS  DXY                rate_z           lag=  1  m6_ic=0.0472
[18:29:19]     VAL PASS  DXY                rate_z           lag=  7  m6_ic=0.0570
[18:29:19]     VAL PASS  DXY                rate_z           lag= 30  m6_ic=0.0851
[18:29:19]     VAL PASS  DXY                ruble_z          lag=  7  m6_ic=0.0950
[18:29:20]     VAL PASS  DXY                sanctions_z      lag= 14  m6_ic=0.1437
[18:29:20]     VAL PASS  DXY                inflation_z      lag=  7  m6_ic=0.0928
[18:29:20]     VAL PASS  DXY                banking_z        lag=  1  m6_ic=0.0325
[18:29:20]     VAL PASS  DXY                banking_z        lag= 14  m6_ic=0.1399
[18:29:21]     VAL PASS  DXY                gold_z           lag=  7  m6_ic=0.0432
[18:29:21]     VAL PASS  DXY                gold_z           lag= 14  m6_ic=0.1087
[18:29:21]     VAL PASS  BRENT              oil_z            lag=  1  m6_ic=0.1032
[18:29:22]     VAL PASS  BRENT              ruble_z          lag= 30  m6_ic=0.0509
[18:29:23]     VAL PASS  BRENT              sanctions_z      lag=  7  m6_ic=0.0419
[18:29:23]     VAL PASS  BRENT              sanctions_z      lag= 14  m6_ic=0.0669
[18:29:24]     VAL PASS  BRENT              inflation_z      lag= 30  m6_ic=0.0981
[18:29:24]     VAL PASS  BRENT              banking_z        lag=  1  m6_ic=0.0564
[18:29:24]     VAL PASS  BRENT              banking_z        lag= 14  m6_ic=0.0605
[18:29:25]     VAL PASS  BRENT              gold_z           lag= 30  m6_ic=0.1296
[18:29:25]     VAL PASS  MSCI_INDIA         rate_z           lag= 14  m6_ic=0.0480
[18:29:26]     VAL PASS  MSCI_INDIA         ruble_z          lag= 30  m6_ic=0.1265
[18:29:26]     VAL PASS  MSCI_INDIA         sanctions_z      lag=  1  m6_ic=0.0489
[18:29:26]     VAL PASS  MSCI_INDIA         inflation_z      lag=  7  m6_ic=0.0330
[18:29:27]     VAL PASS  MSCI_INDIA         banking_z        lag=  7  m6_ic=0.0539
[18:29:28]     VAL PASS  MSCI_INDIA         gold_z           lag=  7  m6_ic=0.0649
[18:29:28]     VAL PASS  CHINA_H_SHARES     oil_z            lag=  7  m6_ic=0.1027
[18:29:28]     VAL PASS  CHINA_H_SHARES     oil_z            lag= 30  m6_ic=0.1875
[18:29:29]     VAL PASS  CHINA_H_SHARES     rate_z           lag=  1  m6_ic=0.0377
[18:29:29]     VAL PASS  CHINA_H_SHARES     rate_z           lag=  7  m6_ic=0.0334
[18:29:29]     VAL PASS  CHINA_H_SHARES     ruble_z          lag= 30  m6_ic=0.0800
[18:29:29]     VAL PASS  CHINA_H_SHARES     sanctions_z      lag=  1  m6_ic=0.1120
[18:29:30]     VAL PASS  CHINA_H_SHARES     sanctions_z      lag= 14  m6_ic=0.0458
[18:29:30]     VAL PASS  CHINA_H_SHARES     sanctions_z      lag= 30  m6_ic=0.0319
[18:29:30]     VAL PASS  CHINA_H_SHARES     inflation_z      lag=  1  m6_ic=0.1077
[18:29:30]     VAL PASS  CHINA_H_SHARES     banking_z        lag=  7  m6_ic=0.1068
[18:29:31]     VAL PASS  CHINA_H_SHARES     banking_z        lag= 30  m6_ic=0.0977
[18:29:31]     VAL PASS  CHINA_H_SHARES     gold_z           lag=  1  m6_ic=0.0505
[18:29:31]     VAL PASS  CHINA_H_SHARES     gold_z           lag=  7  m6_ic=0.0511
[18:29:31]     VAL PASS  FTSE_CHINA_50      oil_z            lag=  1  m6_ic=0.0538
[18:29:32]     VAL PASS  FTSE_CHINA_50      oil_z            lag=  7  m6_ic=0.1095
[18:29:32]     VAL PASS  FTSE_CHINA_50      oil_z            lag= 30  m6_ic=0.1354
[18:29:32]     VAL PASS  FTSE_CHINA_50      rate_z           lag=  1  m6_ic=0.1022
[18:29:32]     VAL PASS  FTSE_CHINA_50      rate_z           lag=  7  m6_ic=0.0757
[18:29:33]     VAL PASS  FTSE_CHINA_50      ruble_z          lag= 14  m6_ic=0.0397
[18:29:33]     VAL PASS  FTSE_CHINA_50      sanctions_z      lag=  7  m6_ic=0.0579
[18:29:33]     VAL PASS  FTSE_CHINA_50      sanctions_z      lag= 30  m6_ic=0.0526
[18:29:34]     VAL PASS  FTSE_CHINA_50      inflation_z      lag= 30  m6_ic=0.0831
[18:29:34]     VAL PASS  FTSE_CHINA_50      banking_z        lag=  7  m6_ic=0.0489
[18:29:34]     VAL PASS  FTSE_CHINA_50      banking_z        lag= 30  m6_ic=0.0318
[18:29:34]     VAL PASS  FTSE_CHINA_50      gold_z           lag=  1  m6_ic=0.0767
[18:29:35]     VAL PASS  FTSE_CHINA_50      gold_z           lag= 30  m6_ic=0.1237
[18:29:35]     VAL PASS  GOLD               oil_z            lag=  1  m6_ic=0.0908
[18:29:35]     VAL PASS  GOLD               oil_z            lag= 30  m6_ic=0.0629
[18:29:35]     VAL PASS  GOLD               rate_z           lag=  1  m6_ic=0.1066
[18:29:36]     VAL PASS  GOLD               rate_z           lag= 14  m6_ic=0.1597
[18:29:36]     VAL PASS  GOLD               rate_z           lag= 30  m6_ic=0.0724
[18:29:36]     VAL PASS  GOLD               sanctions_z      lag=  1  m6_ic=0.0540
[18:29:36]     VAL PASS  GOLD               sanctions_z      lag= 14  m6_ic=0.0433
[18:29:37]     VAL PASS  GOLD               inflation_z      lag=  7  m6_ic=0.0318
[18:29:37]     VAL PASS  GOLD               banking_z        lag= 30  m6_ic=0.0451
[18:29:37]     VAL PASS  GOLD               gold_z           lag=  1  m6_ic=0.0394
[18:29:38]     VAL PASS  GOLD               gold_z           lag= 14  m6_ic=0.0773
[18:29:38]     VAL PASS  SILVER             rate_z           lag=  7  m6_ic=0.1293
[18:29:39]     VAL PASS  SILVER             rate_z           lag= 14  m6_ic=0.1576
[18:29:39]     VAL PASS  SILVER             rate_z           lag= 30  m6_ic=0.0650
[18:29:39]     VAL PASS  SILVER             ruble_z          lag= 30  m6_ic=0.0850
[18:29:39]     VAL PASS  SILVER             sanctions_z      lag=  7  m6_ic=0.0517
[18:29:40]     VAL PASS  SILVER             inflation_z      lag= 30  m6_ic=0.0609
[18:29:40]     VAL PASS  SILVER             banking_z        lag=  1  m6_ic=0.0796
[18:29:40]     VAL PASS  SILVER             banking_z        lag= 14  m6_ic=0.0997
[18:29:40]     VAL PASS  SILVER             banking_z        lag= 30  m6_ic=0.0700
[18:29:41]     VAL PASS  SILVER             gold_z           lag=  1  m6_ic=0.0474
[18:29:41]     VAL PASS  SILVER             gold_z           lag= 14  m6_ic=0.0687
[18:29:41]     VAL PASS  SILVER             gold_z           lag= 30  m6_ic=0.0849
[18:29:41]     VAL PASS  IMOEX              oil_z            lag=  1  m6_ic=0.0631
[18:29:41]     VAL PASS  IMOEX              rate_z           lag=  1  m6_ic=0.0323
[18:29:42]     VAL PASS  IMOEX              rate_z           lag= 14  m6_ic=0.0584
[18:29:42]     VAL PASS  IMOEX              rate_z           lag= 30  m6_ic=0.0648
[18:29:43]     VAL PASS  IMOEX              ruble_z          lag= 14  m6_ic=0.0858
[18:29:43]     VAL PASS  IMOEX              sanctions_z      lag= 14  m6_ic=0.1077
[18:29:43]     VAL PASS  IMOEX              inflation_z      lag=  1  m6_ic=0.0944
[18:29:44]     VAL PASS  IMOEX              inflation_z      lag= 30  m6_ic=0.0594
[18:29:44]     VAL PASS  IMOEX              banking_z        lag= 30  m6_ic=0.0422
[18:29:44]     VAL PASS  IMOEX              gold_z           lag=  1  m6_ic=0.0365
[18:29:44]     VAL PASS  IMOEX              gold_z           lag= 30  m6_ic=0.1228
[18:29:45]     VAL PASS  MOEXFN             oil_z            lag=  1  m6_ic=0.1353
[18:29:45]     VAL PASS  MOEXFN             oil_z            lag= 14  m6_ic=0.0365
[18:29:45]     VAL PASS  MOEXFN             rate_z           lag= 14  m6_ic=0.0341
[18:29:45]     VAL PASS  MOEXFN             rate_z           lag= 30  m6_ic=0.0700
[18:29:46]     VAL PASS  MOEXFN             ruble_z          lag= 14  m6_ic=0.0594
[18:29:46]     VAL PASS  MOEXFN             sanctions_z      lag=  1  m6_ic=0.0574
[18:29:46]     VAL PASS  MOEXFN             sanctions_z      lag=  7  m6_ic=0.0677
[18:29:47]     VAL PASS  MOEXFN             inflation_z      lag=  1  m6_ic=0.1187
[18:29:47]     VAL PASS  MOEXFN             inflation_z      lag= 30  m6_ic=0.0354
[18:29:47]     VAL PASS  MOEXFN             banking_z        lag= 14  m6_ic=0.0309
[18:29:48]     VAL PASS  MOEXOG             oil_z            lag=  1  m6_ic=0.0449
[18:29:48]     VAL PASS  MOEXOG             oil_z            lag=  7  m6_ic=0.0438
[18:29:48]     VAL PASS  MOEXOG             ruble_z          lag=  1  m6_ic=0.0370
[18:29:49]     VAL PASS  MOEXOG             sanctions_z      lag=  7  m6_ic=0.0375
[18:29:49]     VAL PASS  MOEXOG             sanctions_z      lag= 14  m6_ic=0.0866
[18:29:49]     VAL PASS  MOEXOG             sanctions_z      lag= 30  m6_ic=0.1425
[18:29:50]     VAL PASS  MOEXOG             inflation_z      lag=  1  m6_ic=0.0766
[18:29:50]     VAL PASS  MOEXOG             inflation_z      lag= 30  m6_ic=0.0440
[18:29:50]     VAL PASS  MOEXOG             gold_z           lag=  7  m6_ic=0.0391
[18:29:51]     VAL PASS  MOEXOG             gold_z           lag= 30  m6_ic=0.1182
[18:29:51]     VAL PASS  MOEX10             oil_z            lag=  1  m6_ic=0.0731
[18:29:51]     VAL PASS  MOEX10             oil_z            lag=  7  m6_ic=0.0389
[18:29:51]     VAL PASS  MOEX10             oil_z            lag= 14  m6_ic=0.1335
[18:29:52]     VAL PASS  MOEX10             rate_z           lag= 30  m6_ic=0.1275
[18:29:52]     VAL PASS  MOEX10             ruble_z          lag= 14  m6_ic=0.0695
[18:29:53]     VAL PASS  MOEX10             sanctions_z      lag=  7  m6_ic=0.0474
[18:29:53]     VAL PASS  MOEX10             sanctions_z      lag= 30  m6_ic=0.0620
[18:29:53]     VAL PASS  MOEX10             inflation_z      lag=  1  m6_ic=0.0563
[18:29:53]     VAL PASS  MOEX10             inflation_z      lag= 30  m6_ic=0.0443
[18:29:53]     VAL PASS  MOEX10             banking_z        lag= 14  m6_ic=0.0462
[18:29:54]     VAL PASS  MOEX10             gold_z           lag= 14  m6_ic=0.0630
[18:29:54]     VAL PASS  MOEX10             gold_z           lag= 30  m6_ic=0.0901
[18:29:54]     Val: 156/239 held
[18:29:54]   → train=239  val=156  max_ic=0.1764
[18:29:54] 
============================================================
[18:29:54] FINAL REPORT
[18:29:54] ============================================================
[18:29:54] Report: C:\project\signal_mind\analytics\phase_b\night_search\night_report_20260521_181814.md
[18:29:54] Hits CSV: C:\project\signal_mind\analytics\phase_b\night_search\night_hits_20260521_181814.csv
[18:29:54] 
  [6/15] sweep_keyword_z90_vol_5d  budget=47min  ic_gate=0.03  ens=M6_only
[18:29:54]   Config: sweep_keyword_z90_vol_5d
[18:29:54]     feature=keyword_z90  target=vol_5d  ensemble=M6_only  ic_min=0.03
[18:29:54]   HIT  SP500              oil_z            lag=  7 m5_p=0.6748  m6_ic=0.0527
[18:29:55]   HIT  SP500              oil_z            lag= 14 m5_p=0.7862  m6_ic=0.1014
[18:29:55]   HIT  SP500              rate_z           lag=  1 m5_p=0.4366  m6_ic=0.0510
[18:29:55]   HIT  SP500              rate_z           lag=  7 m5_p=0.8581  m6_ic=0.0547
[18:29:56]   HIT  SP500              rate_z           lag= 14 m5_p=0.9377  m6_ic=0.0710
[18:29:56]   HIT  SP500              ruble_z          lag=  1 m5_p=0.6337  m6_ic=0.0566
[18:29:57]   HIT  SP500              sanctions_z      lag=  1 m5_p=0.4430  m6_ic=0.0698
[18:29:57]   HIT  SP500              sanctions_z      lag=  7 m5_p=0.7751  m6_ic=0.0709
[18:29:58]   HIT  SP500              inflation_z      lag=  1 m5_p=0.4970  m6_ic=0.0398
[18:29:58]   HIT  SP500              inflation_z      lag=  7 m5_p=0.5052  m6_ic=0.0847
[18:29:58]   HIT  SP500              inflation_z      lag= 30 m5_p=0.6300  m6_ic=0.0727
[18:29:59]   HIT  SP500              banking_z        lag=  1 m5_p=0.8581  m6_ic=0.0508
[18:29:59]   HIT  SP500              banking_z        lag= 14 m5_p=0.6500  m6_ic=0.0462
[18:29:59]   HIT  SP500              banking_z        lag= 30 m5_p=0.5090  m6_ic=0.0337
[18:30:00]   HIT  SP500              gold_z           lag=  7 m5_p=0.7528  m6_ic=0.0567
[18:30:01]   HIT  USD_RUB            oil_z            lag= 14 m5_p=0.6692  m6_ic=0.0580
[18:30:01]   HIT  USD_RUB            oil_z            lag= 30 m5_p=0.4686  m6_ic=0.0829
[18:30:01]   HIT  USD_RUB            rate_z           lag=  1 m5_p=0.9318  m6_ic=0.1048
[18:30:02]   HIT  USD_RUB            rate_z           lag= 30 m5_p=0.3641  m6_ic=0.0830
[18:30:02]   HIT  USD_RUB            ruble_z          lag=  1 m5_p=0.1133  m6_ic=0.0395
[18:30:02]   HIT  USD_RUB            ruble_z          lag=  7 m5_p=0.1581  m6_ic=0.0476
[18:30:02]   HIT  USD_RUB            ruble_z          lag= 14 m5_p=0.9816  m6_ic=0.1100
[18:30:03]   HIT  USD_RUB            sanctions_z      lag= 14 m5_p=0.6089  m6_ic=0.0672
[18:30:03]   HIT  USD_RUB            sanctions_z      lag= 30 m5_p=0.1916  m6_ic=0.0594
[18:30:07]   HIT  EUR_RUB            oil_z            lag= 14 m5_p=0.6692  m6_ic=0.0580
[18:30:07]   HIT  EUR_RUB            oil_z            lag= 30 m5_p=0.4686  m6_ic=0.0829
[18:30:07]   HIT  EUR_RUB            rate_z           lag=  1 m5_p=0.9318  m6_ic=0.1048
[18:30:08]   HIT  EUR_RUB            rate_z           lag= 30 m5_p=0.3641  m6_ic=0.0830
[18:30:08]   HIT  EUR_RUB            ruble_z          lag=  1 m5_p=0.1133  m6_ic=0.0395
[18:30:08]   HIT  EUR_RUB            ruble_z          lag=  7 m5_p=0.1581  m6_ic=0.0476
[18:30:08]   HIT  EUR_RUB            ruble_z          lag= 14 m5_p=0.9816  m6_ic=0.1100
[18:30:09]   HIT  EUR_RUB            sanctions_z      lag= 14 m5_p=0.6089  m6_ic=0.0672
[18:30:09]   HIT  EUR_RUB            sanctions_z      lag= 30 m5_p=0.1916  m6_ic=0.0594
[18:30:12]   HIT  DJ_SOUTH_AFRICA    oil_z            lag=  7 m5_p=0.6844  m6_ic=0.0421
[18:30:13]   HIT  DJ_SOUTH_AFRICA    oil_z            lag= 30 m5_p=0.7089  m6_ic=0.0453
[18:30:14]   HIT  DJ_SOUTH_AFRICA    ruble_z          lag=  1 m5_p=0.2753  m6_ic=0.0327
[18:30:15]   HIT  DJ_SOUTH_AFRICA    sanctions_z      lag=  1 m5_p=0.6815  m6_ic=0.0457
[18:30:15]   HIT  DJ_SOUTH_AFRICA    sanctions_z      lag= 14 m5_p=0.0779  m6_ic=0.0913
[18:30:16]   HIT  DJ_SOUTH_AFRICA    inflation_z      lag= 14 m5_p=0.3188  m6_ic=0.0959
[18:30:16]   HIT  DJ_SOUTH_AFRICA    inflation_z      lag= 30 m5_p=0.7929  m6_ic=0.0511
[18:30:16]   HIT  DJ_SOUTH_AFRICA    banking_z        lag=  1 m5_p=0.7066  m6_ic=0.0641
[18:30:16]   HIT  DJ_SOUTH_AFRICA    banking_z        lag=  7 m5_p=0.5309  m6_ic=0.0672
[18:30:17]   HIT  DJ_SOUTH_AFRICA    banking_z        lag= 30 m5_p=0.4462  m6_ic=0.1268
[18:30:18]   HIT  DJ_SOUTH_AFRICA    gold_z           lag= 30 m5_p=0.6862  m6_ic=0.0316
[18:30:18]   HIT  MSCI_WORLD         oil_z            lag=  1 m5_p=0.5159  m6_ic=0.0479
[18:30:18]   HIT  MSCI_WORLD         oil_z            lag= 14 m5_p=0.4804  m6_ic=0.0423
[18:30:18]   HIT  MSCI_WORLD         oil_z            lag= 30 m5_p=0.2309  m6_ic=0.0322
[18:30:19]   HIT  MSCI_WORLD         rate_z           lag=  7 m5_p=0.2870  m6_ic=0.0667
[18:30:19]   HIT  MSCI_WORLD         rate_z           lag= 14 m5_p=0.6915  m6_ic=0.0301
[18:30:19]   HIT  MSCI_WORLD         rate_z           lag= 30 m5_p=0.8385  m6_ic=0.0355
[18:30:20]   HIT  MSCI_WORLD         ruble_z          lag=  1 m5_p=0.8080  m6_ic=0.0853
[18:30:20]   HIT  MSCI_WORLD         ruble_z          lag=  7 m5_p=0.9167  m6_ic=0.0921
[18:30:20]   HIT  MSCI_WORLD         ruble_z          lag= 30 m5_p=0.6524  m6_ic=0.0477
[18:30:21]   HIT  MSCI_WORLD         sanctions_z      lag=  7 m5_p=0.9308  m6_ic=0.0323
[18:30:21]   HIT  MSCI_WORLD         sanctions_z      lag= 14 m5_p=0.0137  m6_ic=0.0993
[18:30:21]   HIT  MSCI_WORLD         inflation_z      lag=  1 m5_p=0.7383  m6_ic=0.0436
[18:30:22]   HIT  MSCI_WORLD         inflation_z      lag= 30 m5_p=0.7384  m6_ic=0.0309
[18:30:22]   HIT  MSCI_WORLD         banking_z        lag=  7 m5_p=0.2023  m6_ic=0.0786
[18:30:23]   HIT  MSCI_WORLD         banking_z        lag= 30 m5_p=0.9942  m6_ic=0.0386
[18:30:24]   HIT  DXY                oil_z            lag=  1 m5_p=0.2414  m6_ic=0.0793
[18:30:24]   HIT  DXY                oil_z            lag= 14 m5_p=0.7563  m6_ic=0.0457
[18:30:24]   HIT  DXY                oil_z            lag= 30 m5_p=0.9815  m6_ic=0.0813
[18:30:24]   HIT  DXY                rate_z           lag=  1 m5_p=0.3050  m6_ic=0.0430
[18:30:25]   HIT  DXY                rate_z           lag=  7 m5_p=0.2421  m6_ic=0.0551
[18:30:25]   HIT  DXY                rate_z           lag= 30 m5_p=0.1284  m6_ic=0.0300
[18:30:25]   HIT  DXY                ruble_z          lag=  7 m5_p=0.4020  m6_ic=0.0448
[18:30:26]   HIT  DXY                sanctions_z      lag=  1 m5_p=0.9497  m6_ic=0.0383
[18:30:26]   HIT  DXY                sanctions_z      lag= 14 m5_p=0.1076  m6_ic=0.0375
[18:30:27]   HIT  DXY                inflation_z      lag=  7 m5_p=0.2981  m6_ic=0.0602
[18:30:28]   HIT  DXY                banking_z        lag=  1 m5_p=0.2260  m6_ic=0.0604
[18:30:28]   HIT  DXY                banking_z        lag= 14 m5_p=0.7712  m6_ic=0.0496
[18:30:29]   HIT  DXY                gold_z           lag=  7 m5_p=0.1179  m6_ic=0.0653
[18:30:29]   HIT  DXY                gold_z           lag= 14 m5_p=0.9351  m6_ic=0.1175
[18:30:29]   HIT  DXY                gold_z           lag= 30 m5_p=0.4623  m6_ic=0.0315
[18:30:29]   HIT  BRENT              oil_z            lag=  1 m5_p=0.9346  m6_ic=0.0406
[18:30:29]   HIT  BRENT              oil_z            lag=  7 m5_p=0.7838  m6_ic=0.0323
[18:30:30]   HIT  BRENT              oil_z            lag= 30 m5_p=0.8551  m6_ic=0.0800
[18:30:30]   HIT  BRENT              rate_z           lag=  7 m5_p=0.6818  m6_ic=0.0496
[18:30:31]   HIT  BRENT              ruble_z          lag=  1 m5_p=0.2518  m6_ic=0.0403
[18:30:32]   HIT  BRENT              ruble_z          lag= 30 m5_p=0.4153  m6_ic=0.1042
[18:30:32]   HIT  BRENT              sanctions_z      lag=  1 m5_p=0.5997  m6_ic=0.0313
[18:30:32]   HIT  BRENT              sanctions_z      lag=  7 m5_p=0.9600  m6_ic=0.0553
[18:30:32]   HIT  BRENT              sanctions_z      lag= 14 m5_p=0.3220  m6_ic=0.0433
[18:30:32]   HIT  BRENT              sanctions_z      lag= 30 m5_p=0.5788  m6_ic=0.0428
[18:30:32]   HIT  BRENT              inflation_z      lag=  1 m5_p=0.2547  m6_ic=0.0371
[18:30:33]   HIT  BRENT              inflation_z      lag= 14 m5_p=0.6837  m6_ic=0.1134
[18:30:33]   HIT  BRENT              inflation_z      lag= 30 m5_p=0.6957  m6_ic=0.0373
[18:30:33]   HIT  BRENT              banking_z        lag=  1 m5_p=0.7337  m6_ic=0.0561
[18:30:33]   HIT  BRENT              banking_z        lag=  7 m5_p=0.1672  m6_ic=0.0787
[18:30:34]   HIT  BRENT              banking_z        lag= 14 m5_p=0.6100  m6_ic=0.0377
[18:30:34]   HIT  BRENT              gold_z           lag= 14 m5_p=0.3846  m6_ic=0.0425
[18:30:35]   HIT  BRENT              gold_z           lag= 30 m5_p=0.4444  m6_ic=0.0414
[18:30:36]   HIT  MSCI_INDIA         rate_z           lag=  1 m5_p=0.4597  m6_ic=0.0374
[18:30:36]   HIT  MSCI_INDIA         rate_z           lag= 14 m5_p=0.6407  m6_ic=0.0556
[18:30:36]   HIT  MSCI_INDIA         ruble_z          lag=  1 m5_p=0.7407  m6_ic=0.0782
[18:30:37]   HIT  MSCI_INDIA         ruble_z          lag= 14 m5_p=0.7548  m6_ic=0.0444
[18:30:37]   HIT  MSCI_INDIA         ruble_z          lag= 30 m5_p=0.6840  m6_ic=0.1163
[18:30:37]   HIT  MSCI_INDIA         sanctions_z      lag=  1 m5_p=0.8390  m6_ic=0.0804
[18:30:37]   HIT  MSCI_INDIA         sanctions_z      lag=  7 m5_p=0.6660  m6_ic=0.0532
[18:30:38]   HIT  MSCI_INDIA         sanctions_z      lag= 30 m5_p=0.7515  m6_ic=0.0537
[18:30:38]   HIT  MSCI_INDIA         inflation_z      lag=  7 m5_p=0.4727  m6_ic=0.0344
[18:30:39]   HIT  MSCI_INDIA         inflation_z      lag= 30 m5_p=0.7764  m6_ic=0.0488
[18:30:39]   HIT  MSCI_INDIA         banking_z        lag=  7 m5_p=0.6346  m6_ic=0.0664
[18:30:39]   HIT  MSCI_INDIA         banking_z        lag= 14 m5_p=0.3996  m6_ic=0.0755
[18:30:39]   HIT  MSCI_INDIA         banking_z        lag= 30 m5_p=0.5097  m6_ic=0.1499
[18:30:40]   HIT  MSCI_INDIA         gold_z           lag=  1 m5_p=0.5637  m6_ic=0.0718
[18:30:40]   HIT  MSCI_INDIA         gold_z           lag=  7 m5_p=0.6810  m6_ic=0.0318
[18:30:40]   HIT  MSCI_INDIA         gold_z           lag= 14 m5_p=0.2356  m6_ic=0.1126
[18:30:40]   HIT  CHINA_H_SHARES     oil_z            lag=  1 m5_p=0.4078  m6_ic=0.0396
[18:30:41]   HIT  CHINA_H_SHARES     oil_z            lag=  7 m5_p=0.3879  m6_ic=0.0652
[18:30:41]   HIT  CHINA_H_SHARES     oil_z            lag= 30 m5_p=0.6605  m6_ic=0.0794
[18:30:41]   HIT  CHINA_H_SHARES     rate_z           lag=  1 m5_p=0.0778  m6_ic=0.0808
[18:30:41]   HIT  CHINA_H_SHARES     rate_z           lag=  7 m5_p=0.8293  m6_ic=0.0837
[18:30:42]   HIT  CHINA_H_SHARES     rate_z           lag= 14 m5_p=0.7421  m6_ic=0.0693
[18:30:43]   HIT  CHINA_H_SHARES     ruble_z          lag= 30 m5_p=0.6007  m6_ic=0.0372
[18:30:43]   HIT  CHINA_H_SHARES     sanctions_z      lag=  1 m5_p=0.4326  m6_ic=0.0352
[18:30:43]   HIT  CHINA_H_SHARES     sanctions_z      lag= 14 m5_p=0.3141  m6_ic=0.0414
[18:30:44]   HIT  CHINA_H_SHARES     sanctions_z      lag= 30 m5_p=0.2065  m6_ic=0.0882
[18:30:44]   HIT  CHINA_H_SHARES     inflation_z      lag=  1 m5_p=0.1657  m6_ic=0.0329
[18:30:44]   HIT  CHINA_H_SHARES     inflation_z      lag= 30 m5_p=0.3707  m6_ic=0.0400
[18:30:45]   HIT  CHINA_H_SHARES     banking_z        lag=  7 m5_p=0.9238  m6_ic=0.0517
[18:30:45]   HIT  CHINA_H_SHARES     banking_z        lag= 30 m5_p=0.9528  m6_ic=0.0391
[18:30:45]   HIT  CHINA_H_SHARES     gold_z           lag=  1 m5_p=0.3506  m6_ic=0.0655
[18:30:45]   HIT  CHINA_H_SHARES     gold_z           lag=  7 m5_p=0.2418  m6_ic=0.0632
[18:30:46]   HIT  CHINA_H_SHARES     gold_z           lag= 30 m5_p=0.9133  m6_ic=0.0892
[18:30:46]   HIT  FTSE_CHINA_50      oil_z            lag=  1 m5_p=0.4418  m6_ic=0.0537
[18:30:46]   HIT  FTSE_CHINA_50      oil_z            lag=  7 m5_p=0.3249  m6_ic=0.0373
[18:30:46]   HIT  FTSE_CHINA_50      oil_z            lag= 14 m5_p=0.8152  m6_ic=0.0316
[18:30:47]   HIT  FTSE_CHINA_50      oil_z            lag= 30 m5_p=0.6776  m6_ic=0.0983
[18:30:47]   HIT  FTSE_CHINA_50      rate_z           lag=  1 m5_p=0.0686  m6_ic=0.0939
[18:30:47]   HIT  FTSE_CHINA_50      rate_z           lag=  7 m5_p=0.9920  m6_ic=0.0796
[18:30:47]   HIT  FTSE_CHINA_50      rate_z           lag= 14 m5_p=0.9641  m6_ic=0.0636
[18:30:48]   HIT  FTSE_CHINA_50      ruble_z          lag= 14 m5_p=0.8984  m6_ic=0.0423
[18:30:48]   HIT  FTSE_CHINA_50      sanctions_z      lag=  1 m5_p=0.4682  m6_ic=0.0388
[18:30:49]   HIT  FTSE_CHINA_50      sanctions_z      lag=  7 m5_p=0.6112  m6_ic=0.0567
[18:30:49]   HIT  FTSE_CHINA_50      sanctions_z      lag= 14 m5_p=0.5075  m6_ic=0.0465
[18:30:49]   HIT  FTSE_CHINA_50      sanctions_z      lag= 30 m5_p=0.1301  m6_ic=0.0854
[18:30:50]   HIT  FTSE_CHINA_50      inflation_z      lag= 30 m5_p=0.3401  m6_ic=0.0377
[18:30:50]   HIT  FTSE_CHINA_50      banking_z        lag=  7 m5_p=0.9999  m6_ic=0.0536
[18:30:51]   HIT  FTSE_CHINA_50      banking_z        lag= 30 m5_p=0.7490  m6_ic=0.0443
[18:30:51]   HIT  FTSE_CHINA_50      gold_z           lag=  1 m5_p=0.2753  m6_ic=0.0715
[18:30:51]   HIT  FTSE_CHINA_50      gold_z           lag=  7 m5_p=0.2675  m6_ic=0.0782
[18:30:51]   HIT  FTSE_CHINA_50      gold_z           lag= 30 m5_p=0.7492  m6_ic=0.1108
[18:30:52]   HIT  GOLD               oil_z            lag=  1 m5_p=0.3410  m6_ic=0.0740
[18:30:52]   HIT  GOLD               oil_z            lag=  7 m5_p=0.5309  m6_ic=0.0307
[18:30:52]   HIT  GOLD               oil_z            lag= 30 m5_p=0.8937  m6_ic=0.0544
[18:30:52]   HIT  GOLD               rate_z           lag=  1 m5_p=0.9320  m6_ic=0.0944
[18:30:53]   HIT  GOLD               rate_z           lag= 14 m5_p=0.1962  m6_ic=0.0795
[18:30:53]   HIT  GOLD               rate_z           lag= 30 m5_p=0.9938  m6_ic=0.0415
[18:30:54]   HIT  GOLD               ruble_z          lag= 30 m5_p=0.8547  m6_ic=0.1470
[18:30:54]   HIT  GOLD               sanctions_z      lag=  1 m5_p=0.9873  m6_ic=0.0309
[18:30:54]   HIT  GOLD               sanctions_z      lag= 14 m5_p=0.1815  m6_ic=0.0689
[18:30:54]   HIT  GOLD               sanctions_z      lag= 30 m5_p=0.0688  m6_ic=0.0646
[18:30:55]   HIT  GOLD               inflation_z      lag=  7 m5_p=0.0163  m6_ic=0.1378
[18:30:56]   HIT  GOLD               banking_z        lag=  7 m5_p=0.2484  m6_ic=0.0472
[18:30:56]   HIT  GOLD               banking_z        lag= 30 m5_p=0.8820  m6_ic=0.0463
[18:30:56]   HIT  GOLD               gold_z           lag=  1 m5_p=0.9441  m6_ic=0.0352
[18:30:56]   HIT  GOLD               gold_z           lag=  7 m5_p=0.9611  m6_ic=0.1063
[18:30:57]   HIT  GOLD               gold_z           lag= 14 m5_p=0.0545  m6_ic=0.0797
[18:30:57]   HIT  GOLD               gold_z           lag= 30 m5_p=0.4941  m6_ic=0.0389
[18:30:58]   HIT  SILVER             oil_z            lag= 30 m5_p=0.5800  m6_ic=0.0502
[18:30:58]   HIT  SILVER             rate_z           lag=  1 m5_p=0.4295  m6_ic=0.0367
[18:30:58]   HIT  SILVER             rate_z           lag=  7 m5_p=0.2690  m6_ic=0.1576
[18:30:58]   HIT  SILVER             rate_z           lag= 14 m5_p=0.7726  m6_ic=0.1103
[18:30:58]   HIT  SILVER             rate_z           lag= 30 m5_p=0.3588  m6_ic=0.0329
[18:30:59]   HIT  SILVER             ruble_z          lag= 30 m5_p=0.5785  m6_ic=0.0343
[18:30:59]   HIT  SILVER             sanctions_z      lag=  7 m5_p=0.6731  m6_ic=0.0738
[18:31:00]   HIT  SILVER             sanctions_z      lag= 14 m5_p=0.2403  m6_ic=0.0328
[18:31:00]   HIT  SILVER             inflation_z      lag=  7 m5_p=0.1879  m6_ic=0.0463
[18:31:01]   HIT  SILVER             inflation_z      lag= 30 m5_p=0.3543  m6_ic=0.0508
[18:31:01]   HIT  SILVER             banking_z        lag=  1 m5_p=0.9566  m6_ic=0.0990
[18:31:01]   HIT  SILVER             banking_z        lag= 14 m5_p=0.8649  m6_ic=0.0429
[18:31:01]   HIT  SILVER             banking_z        lag= 30 m5_p=0.5269  m6_ic=0.0363
[18:31:01]   HIT  SILVER             gold_z           lag=  1 m5_p=0.1866  m6_ic=0.0339
[18:31:02]   HIT  SILVER             gold_z           lag= 14 m5_p=0.9873  m6_ic=0.0467
[18:31:02]   HIT  SILVER             gold_z           lag= 30 m5_p=0.1992  m6_ic=0.0391
[18:31:02]   HIT  IMOEX              oil_z            lag=  1 m5_p=0.2413  m6_ic=0.0580
[18:31:03]   HIT  IMOEX              rate_z           lag=  1 m5_p=0.3025  m6_ic=0.0443
[18:31:03]   HIT  IMOEX              rate_z           lag=  7 m5_p=0.2258  m6_ic=0.0420
[18:31:03]   HIT  IMOEX              rate_z           lag= 14 m5_p=0.2674  m6_ic=0.0817
[18:31:04]   HIT  IMOEX              rate_z           lag= 30 m5_p=0.4265  m6_ic=0.1355
[18:31:04]   HIT  IMOEX              ruble_z          lag=  1 m5_p=0.7600  m6_ic=0.1486
[18:31:04]   HIT  IMOEX              ruble_z          lag=  7 m5_p=0.0306  m6_ic=0.0333
[18:31:04]   HIT  IMOEX              ruble_z          lag= 14 m5_p=0.3301  m6_ic=0.0746
[18:31:04]   HIT  IMOEX              ruble_z          lag= 30 m5_p=0.8361  m6_ic=0.0588
[18:31:05]   HIT  IMOEX              sanctions_z      lag= 14 m5_p=0.7735  m6_ic=0.0305
[18:31:05]   HIT  IMOEX              inflation_z      lag=  1 m5_p=0.2068  m6_ic=0.0652
[18:31:06]   HIT  IMOEX              inflation_z      lag= 30 m5_p=0.5172  m6_ic=0.0900
[18:31:06]   HIT  IMOEX              banking_z        lag=  7 m5_p=0.1920  m6_ic=0.0512
[18:31:07]   HIT  IMOEX              banking_z        lag= 30 m5_p=0.0824  m6_ic=0.0624
[18:31:07]   HIT  IMOEX              gold_z           lag=  1 m5_p=0.3190  m6_ic=0.0361
[18:31:08]   HIT  IMOEX              gold_z           lag= 30 m5_p=0.3290  m6_ic=0.0581
[18:31:08]   HIT  MOEXFN             oil_z            lag=  1 m5_p=0.3589  m6_ic=0.1419
[18:31:08]   HIT  MOEXFN             oil_z            lag=  7 m5_p=0.3274  m6_ic=0.0580
[18:31:08]   HIT  MOEXFN             oil_z            lag= 14 m5_p=0.6156  m6_ic=0.0324
[18:31:09]   HIT  MOEXFN             rate_z           lag= 14 m5_p=0.6683  m6_ic=0.0319
[18:31:09]   HIT  MOEXFN             rate_z           lag= 30 m5_p=0.9930  m6_ic=0.0357
[18:31:10]   HIT  MOEXFN             ruble_z          lag=  1 m5_p=0.6517  m6_ic=0.0735
[18:31:10]   HIT  MOEXFN             ruble_z          lag=  7 m5_p=0.2104  m6_ic=0.0631
[18:31:10]   HIT  MOEXFN             ruble_z          lag= 14 m5_p=0.5300  m6_ic=0.0578
[18:31:10]   HIT  MOEXFN             sanctions_z      lag=  1 m5_p=0.0556  m6_ic=0.0696
[18:31:11]   HIT  MOEXFN             sanctions_z      lag=  7 m5_p=0.9122  m6_ic=0.0433
[18:31:11]   HIT  MOEXFN             inflation_z      lag=  1 m5_p=0.2433  m6_ic=0.0377
[18:31:11]   HIT  MOEXFN             inflation_z      lag=  7 m5_p=0.4069  m6_ic=0.0376
[18:31:12]   HIT  MOEXFN             inflation_z      lag= 30 m5_p=0.4238  m6_ic=0.0521
[18:31:12]   HIT  MOEXFN             banking_z        lag=  7 m5_p=0.4758  m6_ic=0.0767
[18:31:12]   HIT  MOEXFN             banking_z        lag= 14 m5_p=0.1339  m6_ic=0.0699
[18:31:13]   HIT  MOEXFN             gold_z           lag=  7 m5_p=0.1800  m6_ic=0.0408
[18:31:14]   HIT  MOEXOG             oil_z            lag=  1 m5_p=0.2170  m6_ic=0.1113
[18:31:14]   HIT  MOEXOG             oil_z            lag=  7 m5_p=0.4584  m6_ic=0.0360
[18:31:14]   HIT  MOEXOG             rate_z           lag=  1 m5_p=0.2176  m6_ic=0.0682
[18:31:15]   HIT  MOEXOG             ruble_z          lag=  1 m5_p=0.7748  m6_ic=0.1057
[18:31:16]   HIT  MOEXOG             ruble_z          lag=  7 m5_p=0.0664  m6_ic=0.0461
[18:31:16]   HIT  MOEXOG             ruble_z          lag= 30 m5_p=0.9428  m6_ic=0.0346
[18:31:16]   HIT  MOEXOG             sanctions_z      lag=  7 m5_p=0.4094  m6_ic=0.0456
[18:31:17]   HIT  MOEXOG             sanctions_z      lag= 14 m5_p=0.3950  m6_ic=0.0419
[18:31:17]   HIT  MOEXOG             sanctions_z      lag= 30 m5_p=0.7427  m6_ic=0.0935
[18:31:17]   HIT  MOEXOG             inflation_z      lag=  1 m5_p=0.1034  m6_ic=0.1183
[18:31:17]   HIT  MOEXOG             inflation_z      lag= 30 m5_p=0.8230  m6_ic=0.1764
[18:31:18]   HIT  MOEXOG             banking_z        lag= 30 m5_p=0.1176  m6_ic=0.0665
[18:31:19]   HIT  MOEXOG             gold_z           lag=  1 m5_p=0.2022  m6_ic=0.0321
[18:31:19]   HIT  MOEXOG             gold_z           lag=  7 m5_p=0.7653  m6_ic=0.0454
[18:31:19]   HIT  MOEXOG             gold_z           lag= 30 m5_p=0.4799  m6_ic=0.0626
[18:31:19]   HIT  MOEX10             oil_z            lag=  1 m5_p=0.3737  m6_ic=0.1661
[18:31:20]   HIT  MOEX10             oil_z            lag=  7 m5_p=0.4867  m6_ic=0.0718
[18:31:20]   HIT  MOEX10             oil_z            lag= 14 m5_p=0.7293  m6_ic=0.0705
[18:31:20]   HIT  MOEX10             rate_z           lag=  1 m5_p=0.3887  m6_ic=0.0357
[18:31:20]   HIT  MOEX10             rate_z           lag=  7 m5_p=0.3078  m6_ic=0.0524
[18:31:21]   HIT  MOEX10             rate_z           lag= 30 m5_p=0.4483  m6_ic=0.0572
[18:31:21]   HIT  MOEX10             ruble_z          lag=  1 m5_p=0.9719  m6_ic=0.1048
[18:31:21]   HIT  MOEX10             ruble_z          lag=  7 m5_p=0.1292  m6_ic=0.0463
[18:31:21]   HIT  MOEX10             ruble_z          lag= 14 m5_p=0.4546  m6_ic=0.0393
[18:31:22]   HIT  MOEX10             sanctions_z      lag=  7 m5_p=0.6263  m6_ic=0.0733
[18:31:22]   HIT  MOEX10             sanctions_z      lag= 30 m5_p=0.4859  m6_ic=0.0602
[18:31:22]   HIT  MOEX10             inflation_z      lag=  1 m5_p=0.2736  m6_ic=0.0465
[18:31:23]   HIT  MOEX10             inflation_z      lag= 30 m5_p=0.7899  m6_ic=0.0795
[18:31:24]   HIT  MOEX10             banking_z        lag= 14 m5_p=0.0831  m6_ic=0.0306
[18:31:24]   HIT  MOEX10             gold_z           lag= 14 m5_p=0.9573  m6_ic=0.0366
[18:31:25]   HIT  MOEX10             gold_z           lag= 30 m5_p=0.6804  m6_ic=0.0659
[18:31:25]     Train: 239 signals
[18:31:25]     Val holdout (239 candidates)...
[18:31:26]     VAL PASS  SP500              rate_z           lag= 14  m6_ic=0.0907
[18:31:26]     VAL PASS  SP500              ruble_z          lag=  1  m6_ic=0.0665
[18:31:26]     VAL PASS  SP500              sanctions_z      lag=  7  m6_ic=0.1125
[18:31:26]     VAL PASS  SP500              inflation_z      lag=  1  m6_ic=0.0551
[18:31:27]     VAL PASS  SP500              inflation_z      lag=  7  m6_ic=0.0685
[18:31:27]     VAL PASS  SP500              banking_z        lag=  1  m6_ic=0.0980
[18:31:27]     VAL PASS  SP500              banking_z        lag= 30  m6_ic=0.0897
[18:31:28]     VAL PASS  USD_RUB            oil_z            lag= 14  m6_ic=0.0405
[18:31:28]     VAL PASS  USD_RUB            oil_z            lag= 30  m6_ic=0.0910
[18:31:28]     VAL PASS  USD_RUB            rate_z           lag=  1  m6_ic=0.1435
[18:31:28]     VAL PASS  USD_RUB            rate_z           lag= 30  m6_ic=0.0349
[18:31:29]     VAL PASS  USD_RUB            ruble_z          lag=  1  m6_ic=0.1347
[18:31:29]     VAL PASS  USD_RUB            ruble_z          lag=  7  m6_ic=0.1535
[18:31:29]     VAL PASS  USD_RUB            ruble_z          lag= 14  m6_ic=0.0900
[18:31:29]     VAL PASS  USD_RUB            sanctions_z      lag= 14  m6_ic=0.0338
[18:31:29]     VAL PASS  USD_RUB            sanctions_z      lag= 30  m6_ic=0.0439
[18:31:30]     VAL PASS  EUR_RUB            oil_z            lag= 14  m6_ic=0.0405
[18:31:30]     VAL PASS  EUR_RUB            oil_z            lag= 30  m6_ic=0.0910
[18:31:30]     VAL PASS  EUR_RUB            rate_z           lag=  1  m6_ic=0.1435
[18:31:30]     VAL PASS  EUR_RUB            rate_z           lag= 30  m6_ic=0.0349
[18:31:30]     VAL PASS  EUR_RUB            ruble_z          lag=  1  m6_ic=0.1347
[18:31:31]     VAL PASS  EUR_RUB            ruble_z          lag=  7  m6_ic=0.1535
[18:31:31]     VAL PASS  EUR_RUB            ruble_z          lag= 14  m6_ic=0.0900
[18:31:31]     VAL PASS  EUR_RUB            sanctions_z      lag= 14  m6_ic=0.0338
[18:31:31]     VAL PASS  EUR_RUB            sanctions_z      lag= 30  m6_ic=0.0439
[18:31:32]     VAL PASS  DJ_SOUTH_AFRICA    oil_z            lag= 30  m6_ic=0.0594
[18:31:32]     VAL PASS  DJ_SOUTH_AFRICA    sanctions_z      lag=  1  m6_ic=0.0689
[18:31:33]     VAL PASS  DJ_SOUTH_AFRICA    inflation_z      lag= 30  m6_ic=0.0897
[18:31:33]     VAL PASS  DJ_SOUTH_AFRICA    banking_z        lag=  1  m6_ic=0.0329
[18:31:33]     VAL PASS  DJ_SOUTH_AFRICA    banking_z        lag=  7  m6_ic=0.0636
[18:31:34]     VAL PASS  MSCI_WORLD         oil_z            lag=  1  m6_ic=0.0304
[18:31:34]     VAL PASS  MSCI_WORLD         rate_z           lag= 14  m6_ic=0.0385
[18:31:35]     VAL PASS  MSCI_WORLD         ruble_z          lag=  1  m6_ic=0.0619
[18:31:35]     VAL PASS  MSCI_WORLD         ruble_z          lag= 30  m6_ic=0.0596
[18:31:35]     VAL PASS  MSCI_WORLD         sanctions_z      lag=  7  m6_ic=0.0977
[18:31:36]     VAL PASS  MSCI_WORLD         sanctions_z      lag= 14  m6_ic=0.0521
[18:31:36]     VAL PASS  MSCI_WORLD         inflation_z      lag= 30  m6_ic=0.1127
[18:31:36]     VAL PASS  MSCI_WORLD         banking_z        lag=  7  m6_ic=0.0324
[18:31:37]     VAL PASS  DXY                oil_z            lag= 14  m6_ic=0.0360
[18:31:37]     VAL PASS  DXY                oil_z            lag= 30  m6_ic=0.1178
[18:31:37]     VAL PASS  DXY                rate_z           lag=  1  m6_ic=0.0472
[18:31:38]     VAL PASS  DXY                rate_z           lag=  7  m6_ic=0.0570
[18:31:38]     VAL PASS  DXY                rate_z           lag= 30  m6_ic=0.0851
[18:31:38]     VAL PASS  DXY                ruble_z          lag=  7  m6_ic=0.0950
[18:31:38]     VAL PASS  DXY                sanctions_z      lag= 14  m6_ic=0.1437
[18:31:39]     VAL PASS  DXY                inflation_z      lag=  7  m6_ic=0.0928
[18:31:39]     VAL PASS  DXY                banking_z        lag=  1  m6_ic=0.0325
[18:31:39]     VAL PASS  DXY                banking_z        lag= 14  m6_ic=0.1399
[18:31:39]     VAL PASS  DXY                gold_z           lag=  7  m6_ic=0.0432
[18:31:39]     VAL PASS  DXY                gold_z           lag= 14  m6_ic=0.1087
[18:31:40]     VAL PASS  BRENT              oil_z            lag=  1  m6_ic=0.1032
[18:31:41]     VAL PASS  BRENT              ruble_z          lag= 30  m6_ic=0.0509
[18:31:41]     VAL PASS  BRENT              sanctions_z      lag=  7  m6_ic=0.0419
[18:31:41]     VAL PASS  BRENT              sanctions_z      lag= 14  m6_ic=0.0669
[18:31:42]     VAL PASS  BRENT              inflation_z      lag= 30  m6_ic=0.0981
[18:31:42]     VAL PASS  BRENT              banking_z        lag=  1  m6_ic=0.0564
[18:31:43]     VAL PASS  BRENT              banking_z        lag= 14  m6_ic=0.0605
[18:31:43]     VAL PASS  BRENT              gold_z           lag= 30  m6_ic=0.1296
[18:31:44]     VAL PASS  MSCI_INDIA         rate_z           lag= 14  m6_ic=0.0480
[18:31:44]     VAL PASS  MSCI_INDIA         ruble_z          lag= 30  m6_ic=0.1265
[18:31:45]     VAL PASS  MSCI_INDIA         sanctions_z      lag=  1  m6_ic=0.0489
[18:31:45]     VAL PASS  MSCI_INDIA         inflation_z      lag=  7  m6_ic=0.0330
[18:31:46]     VAL PASS  MSCI_INDIA         banking_z        lag=  7  m6_ic=0.0539
[18:31:46]     VAL PASS  MSCI_INDIA         gold_z           lag=  7  m6_ic=0.0649
[18:31:47]     VAL PASS  CHINA_H_SHARES     oil_z            lag=  7  m6_ic=0.1027
[18:31:47]     VAL PASS  CHINA_H_SHARES     oil_z            lag= 30  m6_ic=0.1875
[18:31:47]     VAL PASS  CHINA_H_SHARES     rate_z           lag=  1  m6_ic=0.0377
[18:31:48]     VAL PASS  CHINA_H_SHARES     rate_z           lag=  7  m6_ic=0.0334
[18:31:48]     VAL PASS  CHINA_H_SHARES     ruble_z          lag= 30  m6_ic=0.0800
[18:31:48]     VAL PASS  CHINA_H_SHARES     sanctions_z      lag=  1  m6_ic=0.1120
[18:31:48]     VAL PASS  CHINA_H_SHARES     sanctions_z      lag= 14  m6_ic=0.0458
[18:31:49]     VAL PASS  CHINA_H_SHARES     sanctions_z      lag= 30  m6_ic=0.0319
[18:31:49]     VAL PASS  CHINA_H_SHARES     inflation_z      lag=  1  m6_ic=0.1077
[18:31:49]     VAL PASS  CHINA_H_SHARES     banking_z        lag=  7  m6_ic=0.1068
[18:31:49]     VAL PASS  CHINA_H_SHARES     banking_z        lag= 30  m6_ic=0.0977
[18:31:50]     VAL PASS  CHINA_H_SHARES     gold_z           lag=  1  m6_ic=0.0505
[18:31:50]     VAL PASS  CHINA_H_SHARES     gold_z           lag=  7  m6_ic=0.0511
[18:31:50]     VAL PASS  FTSE_CHINA_50      oil_z            lag=  1  m6_ic=0.0538
[18:31:50]     VAL PASS  FTSE_CHINA_50      oil_z            lag=  7  m6_ic=0.1095
[18:31:51]     VAL PASS  FTSE_CHINA_50      oil_z            lag= 30  m6_ic=0.1354
[18:31:51]     VAL PASS  FTSE_CHINA_50      rate_z           lag=  1  m6_ic=0.1022
[18:31:51]     VAL PASS  FTSE_CHINA_50      rate_z           lag=  7  m6_ic=0.0757
[18:31:52]     VAL PASS  FTSE_CHINA_50      ruble_z          lag= 14  m6_ic=0.0397
[18:31:52]     VAL PASS  FTSE_CHINA_50      sanctions_z      lag=  7  m6_ic=0.0579
[18:31:52]     VAL PASS  FTSE_CHINA_50      sanctions_z      lag= 30  m6_ic=0.0526
[18:31:53]     VAL PASS  FTSE_CHINA_50      inflation_z      lag= 30  m6_ic=0.0831
[18:31:53]     VAL PASS  FTSE_CHINA_50      banking_z        lag=  7  m6_ic=0.0489
[18:31:53]     VAL PASS  FTSE_CHINA_50      banking_z        lag= 30  m6_ic=0.0318
[18:31:53]     VAL PASS  FTSE_CHINA_50      gold_z           lag=  1  m6_ic=0.0767
[18:31:54]     VAL PASS  FTSE_CHINA_50      gold_z           lag= 30  m6_ic=0.1237
[18:31:54]     VAL PASS  GOLD               oil_z            lag=  1  m6_ic=0.0908
[18:31:54]     VAL PASS  GOLD               oil_z            lag= 30  m6_ic=0.0629
[18:31:54]     VAL PASS  GOLD               rate_z           lag=  1  m6_ic=0.1066
[18:31:55]     VAL PASS  GOLD               rate_z           lag= 14  m6_ic=0.1597
[18:31:55]     VAL PASS  GOLD               rate_z           lag= 30  m6_ic=0.0724
[18:31:55]     VAL PASS  GOLD               sanctions_z      lag=  1  m6_ic=0.0540
[18:31:55]     VAL PASS  GOLD               sanctions_z      lag= 14  m6_ic=0.0433
[18:31:56]     VAL PASS  GOLD               inflation_z      lag=  7  m6_ic=0.0318
[18:31:56]     VAL PASS  GOLD               banking_z        lag= 30  m6_ic=0.0451
[18:31:56]     VAL PASS  GOLD               gold_z           lag=  1  m6_ic=0.0394
[18:31:57]     VAL PASS  GOLD               gold_z           lag= 14  m6_ic=0.0773
[18:31:58]     VAL PASS  SILVER             rate_z           lag=  7  m6_ic=0.1293
[18:31:58]     VAL PASS  SILVER             rate_z           lag= 14  m6_ic=0.1576
[18:31:58]     VAL PASS  SILVER             rate_z           lag= 30  m6_ic=0.0650
[18:31:58]     VAL PASS  SILVER             ruble_z          lag= 30  m6_ic=0.0850
[18:31:58]     VAL PASS  SILVER             sanctions_z      lag=  7  m6_ic=0.0517
[18:31:59]     VAL PASS  SILVER             inflation_z      lag= 30  m6_ic=0.0609
[18:31:59]     VAL PASS  SILVER             banking_z        lag=  1  m6_ic=0.0796
[18:31:59]     VAL PASS  SILVER             banking_z        lag= 14  m6_ic=0.0997
[18:32:00]     VAL PASS  SILVER             banking_z        lag= 30  m6_ic=0.0700
[18:32:00]     VAL PASS  SILVER             gold_z           lag=  1  m6_ic=0.0474
[18:32:00]     VAL PASS  SILVER             gold_z           lag= 14  m6_ic=0.0687
[18:32:00]     VAL PASS  SILVER             gold_z           lag= 30  m6_ic=0.0849
[18:32:00]     VAL PASS  IMOEX              oil_z            lag=  1  m6_ic=0.0631
[18:32:01]     VAL PASS  IMOEX              rate_z           lag=  1  m6_ic=0.0323
[18:32:01]     VAL PASS  IMOEX              rate_z           lag= 14  m6_ic=0.0584
[18:32:01]     VAL PASS  IMOEX              rate_z           lag= 30  m6_ic=0.0648
[18:32:02]     VAL PASS  IMOEX              ruble_z          lag= 14  m6_ic=0.0858
[18:32:02]     VAL PASS  IMOEX              sanctions_z      lag= 14  m6_ic=0.1077
[18:32:02]     VAL PASS  IMOEX              inflation_z      lag=  1  m6_ic=0.0944
[18:32:03]     VAL PASS  IMOEX              inflation_z      lag= 30  m6_ic=0.0594
[18:32:03]     VAL PASS  IMOEX              banking_z        lag= 30  m6_ic=0.0422
[18:32:03]     VAL PASS  IMOEX              gold_z           lag=  1  m6_ic=0.0365
[18:32:03]     VAL PASS  IMOEX              gold_z           lag= 30  m6_ic=0.1228
[18:32:04]     VAL PASS  MOEXFN             oil_z            lag=  1  m6_ic=0.1353
[18:32:04]     VAL PASS  MOEXFN             oil_z            lag= 14  m6_ic=0.0365
[18:32:04]     VAL PASS  MOEXFN             rate_z           lag= 14  m6_ic=0.0341
[18:32:05]     VAL PASS  MOEXFN             rate_z           lag= 30  m6_ic=0.0700
[18:32:05]     VAL PASS  MOEXFN             ruble_z          lag= 14  m6_ic=0.0594
[18:32:05]     VAL PASS  MOEXFN             sanctions_z      lag=  1  m6_ic=0.0574
[18:32:05]     VAL PASS  MOEXFN             sanctions_z      lag=  7  m6_ic=0.0677
[18:32:06]     VAL PASS  MOEXFN             inflation_z      lag=  1  m6_ic=0.1187
[18:32:06]     VAL PASS  MOEXFN             inflation_z      lag= 30  m6_ic=0.0354
[18:32:07]     VAL PASS  MOEXFN             banking_z        lag= 14  m6_ic=0.0309
[18:32:07]     VAL PASS  MOEXOG             oil_z            lag=  1  m6_ic=0.0449
[18:32:07]     VAL PASS  MOEXOG             oil_z            lag=  7  m6_ic=0.0438
[18:32:07]     VAL PASS  MOEXOG             ruble_z          lag=  1  m6_ic=0.0370
[18:32:08]     VAL PASS  MOEXOG             sanctions_z      lag=  7  m6_ic=0.0375
[18:32:08]     VAL PASS  MOEXOG             sanctions_z      lag= 14  m6_ic=0.0866
[18:32:08]     VAL PASS  MOEXOG             sanctions_z      lag= 30  m6_ic=0.1425
[18:32:09]     VAL PASS  MOEXOG             inflation_z      lag=  1  m6_ic=0.0766
[18:32:09]     VAL PASS  MOEXOG             inflation_z      lag= 30  m6_ic=0.0440
[18:32:09]     VAL PASS  MOEXOG             gold_z           lag=  7  m6_ic=0.0391
[18:32:10]     VAL PASS  MOEXOG             gold_z           lag= 30  m6_ic=0.1182
[18:32:10]     VAL PASS  MOEX10             oil_z            lag=  1  m6_ic=0.0731
[18:32:10]     VAL PASS  MOEX10             oil_z            lag=  7  m6_ic=0.0389
[18:32:10]     VAL PASS  MOEX10             oil_z            lag= 14  m6_ic=0.1335
[18:32:11]     VAL PASS  MOEX10             rate_z           lag= 30  m6_ic=0.1275
[18:32:11]     VAL PASS  MOEX10             ruble_z          lag= 14  m6_ic=0.0695
[18:32:12]     VAL PASS  MOEX10             sanctions_z      lag=  7  m6_ic=0.0474
[18:32:12]     VAL PASS  MOEX10             sanctions_z      lag= 30  m6_ic=0.0620
[18:32:12]     VAL PASS  MOEX10             inflation_z      lag=  1  m6_ic=0.0563
[18:32:12]     VAL PASS  MOEX10             inflation_z      lag= 30  m6_ic=0.0443
[18:32:12]     VAL PASS  MOEX10             banking_z        lag= 14  m6_ic=0.0462
[18:32:13]     VAL PASS  MOEX10             gold_z           lag= 14  m6_ic=0.0630
[18:32:13]     VAL PASS  MOEX10             gold_z           lag= 30  m6_ic=0.0901
[18:32:13]     Val: 156/239 held
[18:32:13]   → train=239  val=156  max_ic=0.1764
[18:32:13] 
============================================================
[18:32:13] FINAL REPORT
[18:32:13] ============================================================
[18:32:13] Report: C:\project\signal_mind\analytics\phase_b\night_search\night_report_20260521_181814.md
[18:32:13] Hits CSV: C:\project\signal_mind\analytics\phase_b\night_search\night_hits_20260521_181814.csv
[18:32:13] 
  [7/15] sweep_keyword_z30_market_return  budget=52min  ic_gate=0.03  ens=M6_only
[18:32:13]   Config: sweep_keyword_z30_market_return
[18:32:13]     feature=keyword_z30  target=market_return  ensemble=M6_only  ic_min=0.03
[18:32:13]   HIT  SP500              oil_z            lag=  7 m5_p=0.8254  m6_ic=0.0637
[18:32:14]   HIT  SP500              oil_z            lag= 14 m5_p=0.7170  m6_ic=0.0936
[18:32:14]   HIT  SP500              oil_z            lag= 30 m5_p=0.2916  m6_ic=0.0516
[18:32:14]   HIT  SP500              rate_z           lag=  7 m5_p=0.7357  m6_ic=0.0370
[18:32:15]   HIT  SP500              rate_z           lag= 14 m5_p=0.9951  m6_ic=0.0679
[18:32:16]   HIT  SP500              ruble_z          lag= 30 m5_p=0.2154  m6_ic=0.0653
[18:32:16]   HIT  SP500              sanctions_z      lag= 14 m5_p=0.6295  m6_ic=0.0724
[18:32:17]   HIT  SP500              inflation_z      lag=  1 m5_p=0.5734  m6_ic=0.0578
[18:32:17]   HIT  SP500              inflation_z      lag=  7 m5_p=0.6216  m6_ic=0.0540
[18:32:18]   HIT  SP500              banking_z        lag=  7 m5_p=0.3767  m6_ic=0.0412
[18:32:19]   HIT  SP500              gold_z           lag=  7 m5_p=0.8404  m6_ic=0.1002
[18:32:19]   HIT  SP500              gold_z           lag= 14 m5_p=0.7661  m6_ic=0.0678
[18:32:19]   HIT  USD_RUB            oil_z            lag=  1 m5_p=0.5610  m6_ic=0.0303
[18:32:20]   HIT  USD_RUB            oil_z            lag=  7 m5_p=0.7301  m6_ic=0.0640
[18:32:20]   HIT  USD_RUB            oil_z            lag= 14 m5_p=0.5573  m6_ic=0.0307
[18:32:20]   HIT  USD_RUB            oil_z            lag= 30 m5_p=0.3761  m6_ic=0.0323
[18:32:20]   HIT  USD_RUB            rate_z           lag=  1 m5_p=0.9476  m6_ic=0.0959
[18:32:21]   HIT  USD_RUB            rate_z           lag= 14 m5_p=0.2823  m6_ic=0.0381
[18:32:21]   HIT  USD_RUB            ruble_z          lag=  1 m5_p=0.1170  m6_ic=0.0586
[18:32:21]   HIT  USD_RUB            ruble_z          lag=  7 m5_p=0.0983  m6_ic=0.0333
[18:32:21]   HIT  USD_RUB            ruble_z          lag= 14 m5_p=0.6695  m6_ic=0.1068
[18:32:22]   HIT  USD_RUB            ruble_z          lag= 30 m5_p=0.2572  m6_ic=0.0303
[18:32:22]   HIT  USD_RUB            sanctions_z      lag=  1 m5_p=0.1513  m6_ic=0.0917
[18:32:22]   HIT  USD_RUB            sanctions_z      lag=  7 m5_p=0.0612  m6_ic=0.0407
[18:32:22]   HIT  USD_RUB            sanctions_z      lag= 30 m5_p=0.0838  m6_ic=0.0403
[18:32:23]   HIT  USD_RUB            inflation_z      lag=  7 m5_p=0.4905  m6_ic=0.0813
[18:32:23]   HIT  USD_RUB            inflation_z      lag= 14 m5_p=0.2798  m6_ic=0.0500
[18:32:23]   HIT  USD_RUB            inflation_z      lag= 30 m5_p=0.6349  m6_ic=0.0538
[18:32:23]   HIT  USD_RUB            banking_z        lag=  1 m5_p=0.7376  m6_ic=0.0572
[18:32:24]   HIT  USD_RUB            banking_z        lag=  7 m5_p=0.1520  m6_ic=0.0568
[18:32:24]   HIT  USD_RUB            banking_z        lag= 30 m5_p=0.8190  m6_ic=0.0656
[18:32:25]   HIT  EUR_RUB            oil_z            lag=  1 m5_p=0.5610  m6_ic=0.0303
[18:32:25]   HIT  EUR_RUB            oil_z            lag=  7 m5_p=0.7301  m6_ic=0.0640
[18:32:25]   HIT  EUR_RUB            oil_z            lag= 14 m5_p=0.5573  m6_ic=0.0307
[18:32:26]   HIT  EUR_RUB            oil_z            lag= 30 m5_p=0.3761  m6_ic=0.0323
[18:32:26]   HIT  EUR_RUB            rate_z           lag=  1 m5_p=0.9476  m6_ic=0.0959
[18:32:26]   HIT  EUR_RUB            rate_z           lag= 14 m5_p=0.2823  m6_ic=0.0381
[18:32:27]   HIT  EUR_RUB            ruble_z          lag=  1 m5_p=0.1170  m6_ic=0.0586
[18:32:27]   HIT  EUR_RUB            ruble_z          lag=  7 m5_p=0.0983  m6_ic=0.0333
[18:32:27]   HIT  EUR_RUB            ruble_z          lag= 14 m5_p=0.6695  m6_ic=0.1068
[18:32:27]   HIT  EUR_RUB            ruble_z          lag= 30 m5_p=0.2572  m6_ic=0.0303
[18:32:28]   HIT  EUR_RUB            sanctions_z      lag=  1 m5_p=0.1513  m6_ic=0.0917
[18:32:28]   HIT  EUR_RUB            sanctions_z      lag=  7 m5_p=0.0612  m6_ic=0.0407
[18:32:28]   HIT  EUR_RUB            sanctions_z      lag= 30 m5_p=0.0838  m6_ic=0.0403
[18:32:28]   HIT  EUR_RUB            inflation_z      lag=  7 m5_p=0.4905  m6_ic=0.0813
[18:32:29]   HIT  EUR_RUB            inflation_z      lag= 14 m5_p=0.2798  m6_ic=0.0500
[18:32:29]   HIT  EUR_RUB            inflation_z      lag= 30 m5_p=0.6349  m6_ic=0.0538
[18:32:29]   HIT  EUR_RUB            banking_z        lag=  1 m5_p=0.7376  m6_ic=0.0572
[18:32:29]   HIT  EUR_RUB            banking_z        lag=  7 m5_p=0.1520  m6_ic=0.0568
[18:32:30]   HIT  EUR_RUB            banking_z        lag= 30 m5_p=0.8190  m6_ic=0.0656
[18:32:31]   HIT  DJ_SOUTH_AFRICA    oil_z            lag= 14 m5_p=0.2445  m6_ic=0.0489
[18:32:32]   HIT  DJ_SOUTH_AFRICA    rate_z           lag=  1 m5_p=0.6268  m6_ic=0.0775
[18:32:32]   HIT  DJ_SOUTH_AFRICA    rate_z           lag=  7 m5_p=0.8298  m6_ic=0.0342
[18:32:32]   HIT  DJ_SOUTH_AFRICA    rate_z           lag= 30 m5_p=0.6839  m6_ic=0.0726
[18:32:32]   HIT  DJ_SOUTH_AFRICA    ruble_z          lag=  1 m5_p=0.1001  m6_ic=0.0534
[18:32:33]   HIT  DJ_SOUTH_AFRICA    ruble_z          lag=  7 m5_p=0.4065  m6_ic=0.0595
[18:32:33]   HIT  DJ_SOUTH_AFRICA    ruble_z          lag= 30 m5_p=0.5463  m6_ic=0.0461
[18:32:33]   HIT  DJ_SOUTH_AFRICA    sanctions_z      lag=  1 m5_p=0.7442  m6_ic=0.0604
[18:32:34]   HIT  DJ_SOUTH_AFRICA    sanctions_z      lag= 14 m5_p=0.0128  m6_ic=0.0833
[18:32:34]   HIT  DJ_SOUTH_AFRICA    sanctions_z      lag= 30 m5_p=0.2280  m6_ic=0.1116
[18:32:34]   HIT  DJ_SOUTH_AFRICA    inflation_z      lag=  7 m5_p=0.0980  m6_ic=0.1431
[18:32:35]   HIT  DJ_SOUTH_AFRICA    banking_z        lag=  1 m5_p=0.3162  m6_ic=0.0328
[18:32:36]   HIT  DJ_SOUTH_AFRICA    banking_z        lag= 30 m5_p=0.2699  m6_ic=0.0477
[18:32:36]   HIT  DJ_SOUTH_AFRICA    gold_z           lag=  7 m5_p=0.8091  m6_ic=0.0329
[18:32:36]   HIT  DJ_SOUTH_AFRICA    gold_z           lag= 30 m5_p=0.8393  m6_ic=0.1079
[18:32:37]   HIT  MSCI_WORLD         oil_z            lag= 14 m5_p=0.2593  m6_ic=0.0384
[18:32:38]   HIT  MSCI_WORLD         rate_z           lag= 14 m5_p=0.5906  m6_ic=0.0762
[18:32:38]   HIT  MSCI_WORLD         rate_z           lag= 30 m5_p=0.7262  m6_ic=0.0625
[18:32:38]   HIT  MSCI_WORLD         ruble_z          lag=  1 m5_p=0.9537  m6_ic=0.0402
[18:32:38]   HIT  MSCI_WORLD         ruble_z          lag=  7 m5_p=0.8457  m6_ic=0.0720
[18:32:39]   HIT  MSCI_WORLD         sanctions_z      lag=  1 m5_p=0.8301  m6_ic=0.0666
[18:32:39]   HIT  MSCI_WORLD         sanctions_z      lag= 14 m5_p=0.0116  m6_ic=0.0751
[18:32:40]   HIT  MSCI_WORLD         inflation_z      lag=  1 m5_p=0.3657  m6_ic=0.0524
[18:32:41]   HIT  MSCI_WORLD         banking_z        lag= 30 m5_p=0.8740  m6_ic=0.0714
[18:32:42]   HIT  MSCI_WORLD         gold_z           lag= 14 m5_p=0.2426  m6_ic=0.0489
[18:32:42]   HIT  MSCI_WORLD         gold_z           lag= 30 m5_p=0.9033  m6_ic=0.1028
[18:32:42]   HIT  DXY                oil_z            lag=  1 m5_p=0.0363  m6_ic=0.0493
[18:32:42]   HIT  DXY                oil_z            lag=  7 m5_p=0.4332  m6_ic=0.0514
[18:32:43]   HIT  DXY                oil_z            lag= 30 m5_p=0.9929  m6_ic=0.0315
[18:32:43]   HIT  DXY                rate_z           lag=  1 m5_p=0.0870  m6_ic=0.0481
[18:32:43]   HIT  DXY                rate_z           lag=  7 m5_p=0.2159  m6_ic=0.0660
[18:32:43]   HIT  DXY                rate_z           lag= 14 m5_p=0.4269  m6_ic=0.0606
[18:32:44]   HIT  DXY                rate_z           lag= 30 m5_p=0.1851  m6_ic=0.0488
[18:32:44]   HIT  DXY                ruble_z          lag=  1 m5_p=0.5830  m6_ic=0.0457
[18:32:44]   HIT  DXY                ruble_z          lag= 14 m5_p=0.3215  m6_ic=0.0417
[18:32:45]   HIT  DXY                sanctions_z      lag= 30 m5_p=0.7737  m6_ic=0.0507
[18:32:46]   HIT  DXY                inflation_z      lag=  7 m5_p=0.3826  m6_ic=0.0533
[18:32:46]   HIT  DXY                inflation_z      lag= 14 m5_p=0.8770  m6_ic=0.0450
[18:32:46]   HIT  DXY                banking_z        lag=  1 m5_p=0.1827  m6_ic=0.0520
[18:32:46]   HIT  DXY                banking_z        lag=  7 m5_p=0.7330  m6_ic=0.0326
[18:32:47]   HIT  DXY                banking_z        lag= 14 m5_p=0.9784  m6_ic=0.0366
[18:32:47]   HIT  DXY                gold_z           lag=  7 m5_p=0.1562  m6_ic=0.0631
[18:32:48]   HIT  DXY                gold_z           lag= 14 m5_p=0.7091  m6_ic=0.0767
[18:32:48]   HIT  BRENT              oil_z            lag=  7 m5_p=0.7839  m6_ic=0.0578
[18:32:48]   HIT  BRENT              oil_z            lag= 30 m5_p=0.7896  m6_ic=0.0534
[18:32:49]   HIT  BRENT              rate_z           lag=  1 m5_p=0.4639  m6_ic=0.0489
[18:32:49]   HIT  BRENT              rate_z           lag= 30 m5_p=0.7557  m6_ic=0.1055
[18:32:50]   HIT  BRENT              ruble_z          lag=  1 m5_p=0.1300  m6_ic=0.0318
[18:32:50]   HIT  BRENT              ruble_z          lag=  7 m5_p=0.3462  m6_ic=0.0456
[18:32:50]   HIT  BRENT              ruble_z          lag= 14 m5_p=0.3931  m6_ic=0.0431
[18:32:50]   HIT  BRENT              ruble_z          lag= 30 m5_p=0.3398  m6_ic=0.0647
[18:32:50]   HIT  BRENT              sanctions_z      lag=  1 m5_p=0.9551  m6_ic=0.0360
[18:32:51]   HIT  BRENT              sanctions_z      lag=  7 m5_p=0.7252  m6_ic=0.0542
[18:32:51]   HIT  BRENT              sanctions_z      lag= 14 m5_p=0.2424  m6_ic=0.0325
[18:32:51]   HIT  BRENT              inflation_z      lag=  1 m5_p=0.3106  m6_ic=0.0379
[18:32:51]   HIT  BRENT              inflation_z      lag=  7 m5_p=0.8715  m6_ic=0.0712
[18:32:52]   HIT  BRENT              inflation_z      lag= 14 m5_p=0.9169  m6_ic=0.0952
[18:32:52]   HIT  BRENT              banking_z        lag=  1 m5_p=0.8083  m6_ic=0.0307
[18:32:53]   HIT  BRENT              gold_z           lag=  1 m5_p=0.2283  m6_ic=0.0394
[18:32:53]   HIT  BRENT              gold_z           lag=  7 m5_p=0.5565  m6_ic=0.0647
[18:32:53]   HIT  BRENT              gold_z           lag= 14 m5_p=0.4285  m6_ic=0.0621
[18:32:53]   HIT  BRENT              gold_z           lag= 30 m5_p=0.5484  m6_ic=0.0543
[18:32:54]   HIT  MSCI_INDIA         oil_z            lag= 30 m5_p=0.7651  m6_ic=0.0559
[18:32:55]   HIT  MSCI_INDIA         rate_z           lag=  7 m5_p=0.8927  m6_ic=0.1361
[18:32:55]   HIT  MSCI_INDIA         rate_z           lag= 14 m5_p=0.4433  m6_ic=0.0622
[18:32:55]   HIT  MSCI_INDIA         rate_z           lag= 30 m5_p=0.8638  m6_ic=0.0670
[18:32:56]   HIT  MSCI_INDIA         ruble_z          lag=  7 m5_p=0.4872  m6_ic=0.0582
[18:32:56]   HIT  MSCI_INDIA         ruble_z          lag= 30 m5_p=0.9102  m6_ic=0.0868
[18:32:56]   HIT  MSCI_INDIA         sanctions_z      lag=  7 m5_p=0.7171  m6_ic=0.0578
[18:32:56]   HIT  MSCI_INDIA         sanctions_z      lag= 14 m5_p=0.1846  m6_ic=0.0535
[18:32:57]   HIT  MSCI_INDIA         sanctions_z      lag= 30 m5_p=0.7792  m6_ic=0.0746
[18:32:57]   HIT  MSCI_INDIA         inflation_z      lag=  1 m5_p=0.6167  m6_ic=0.0647
[18:32:57]   HIT  MSCI_INDIA         inflation_z      lag= 14 m5_p=0.4628  m6_ic=0.0468
[18:32:58]   HIT  MSCI_INDIA         inflation_z      lag= 30 m5_p=0.6596  m6_ic=0.1025
[18:32:58]   HIT  MSCI_INDIA         banking_z        lag=  1 m5_p=0.5225  m6_ic=0.0366
[18:32:58]   HIT  MSCI_INDIA         banking_z        lag=  7 m5_p=0.8542  m6_ic=0.0774
[18:32:58]   HIT  MSCI_INDIA         banking_z        lag= 30 m5_p=0.5461  m6_ic=0.0413
[18:32:59]   HIT  MSCI_INDIA         gold_z           lag=  1 m5_p=0.6699  m6_ic=0.0731
[18:32:59]   HIT  MSCI_INDIA         gold_z           lag=  7 m5_p=0.7335  m6_ic=0.0816
[18:32:59]   HIT  MSCI_INDIA         gold_z           lag= 14 m5_p=0.2159  m6_ic=0.0415
[18:32:59]   HIT  CHINA_H_SHARES     oil_z            lag=  1 m5_p=0.5007  m6_ic=0.0682
[18:33:00]   HIT  CHINA_H_SHARES     oil_z            lag= 14 m5_p=0.9264  m6_ic=0.0303
[18:33:00]   HIT  CHINA_H_SHARES     oil_z            lag= 30 m5_p=0.7034  m6_ic=0.0355
[18:33:00]   HIT  CHINA_H_SHARES     rate_z           lag=  1 m5_p=0.0394  m6_ic=0.0625
[18:33:00]   HIT  CHINA_H_SHARES     rate_z           lag=  7 m5_p=0.9527  m6_ic=0.0309
[18:33:01]   HIT  CHINA_H_SHARES     rate_z           lag= 30 m5_p=0.2030  m6_ic=0.0536
[18:33:02]   HIT  CHINA_H_SHARES     ruble_z          lag= 30 m5_p=0.8266  m6_ic=0.1344
[18:33:02]   HIT  CHINA_H_SHARES     sanctions_z      lag=  7 m5_p=0.5359  m6_ic=0.0714
[18:33:03]   HIT  CHINA_H_SHARES     inflation_z      lag=  7 m5_p=0.2935  m6_ic=0.0476
[18:33:03]   HIT  CHINA_H_SHARES     inflation_z      lag= 14 m5_p=0.9861  m6_ic=0.0413
[18:33:03]   HIT  CHINA_H_SHARES     inflation_z      lag= 30 m5_p=0.3077  m6_ic=0.0691
[18:33:04]   HIT  CHINA_H_SHARES     banking_z        lag=  7 m5_p=0.9120  m6_ic=0.0448
[18:33:04]   HIT  CHINA_H_SHARES     banking_z        lag= 30 m5_p=0.9935  m6_ic=0.0303
[18:33:04]   HIT  CHINA_H_SHARES     gold_z           lag=  7 m5_p=0.2118  m6_ic=0.0623
[18:33:05]   HIT  CHINA_H_SHARES     gold_z           lag= 14 m5_p=0.3874  m6_ic=0.0751
[18:33:05]   HIT  CHINA_H_SHARES     gold_z           lag= 30 m5_p=0.8381  m6_ic=0.1381
[18:33:05]   HIT  FTSE_CHINA_50      oil_z            lag=  1 m5_p=0.4869  m6_ic=0.0508
[18:33:05]   HIT  FTSE_CHINA_50      oil_z            lag=  7 m5_p=0.5115  m6_ic=0.0432
[18:33:06]   HIT  FTSE_CHINA_50      rate_z           lag=  1 m5_p=0.0335  m6_ic=0.0535
[18:33:06]   HIT  FTSE_CHINA_50      rate_z           lag= 30 m5_p=0.1565  m6_ic=0.0537
[18:33:07]   HIT  FTSE_CHINA_50      ruble_z          lag= 30 m5_p=0.6544  m6_ic=0.1647
[18:33:08]   HIT  FTSE_CHINA_50      sanctions_z      lag=  7 m5_p=0.4652  m6_ic=0.0412
[18:33:08]   HIT  FTSE_CHINA_50      sanctions_z      lag= 14 m5_p=0.6119  m6_ic=0.0333
[18:33:09]   HIT  FTSE_CHINA_50      inflation_z      lag=  7 m5_p=0.1893  m6_ic=0.0572
[18:33:09]   HIT  FTSE_CHINA_50      inflation_z      lag= 30 m5_p=0.2971  m6_ic=0.0659
[18:33:09]   HIT  FTSE_CHINA_50      banking_z        lag=  7 m5_p=0.9990  m6_ic=0.0715
[18:33:10]   HIT  FTSE_CHINA_50      banking_z        lag= 30 m5_p=0.6948  m6_ic=0.0381
[18:33:10]   HIT  FTSE_CHINA_50      gold_z           lag= 14 m5_p=0.4126  m6_ic=0.0722
[18:33:11]   HIT  FTSE_CHINA_50      gold_z           lag= 30 m5_p=0.6982  m6_ic=0.1673
[18:33:11]   HIT  GOLD               oil_z            lag= 14 m5_p=0.9423  m6_ic=0.0494
[18:33:11]   HIT  GOLD               oil_z            lag= 30 m5_p=0.8657  m6_ic=0.0466
[18:33:12]   HIT  GOLD               rate_z           lag= 14 m5_p=0.2299  m6_ic=0.0556
[18:33:12]   HIT  GOLD               rate_z           lag= 30 m5_p=0.8995  m6_ic=0.0703
[18:33:13]   HIT  GOLD               ruble_z          lag=  7 m5_p=0.8962  m6_ic=0.0833
[18:33:13]   HIT  GOLD               ruble_z          lag= 30 m5_p=0.5798  m6_ic=0.1072
[18:33:14]   HIT  GOLD               sanctions_z      lag= 30 m5_p=0.0589  m6_ic=0.0337
[18:33:14]   HIT  GOLD               inflation_z      lag=  1 m5_p=0.2236  m6_ic=0.0706
[18:33:14]   HIT  GOLD               inflation_z      lag=  7 m5_p=0.0360  m6_ic=0.0828
[18:33:14]   HIT  GOLD               inflation_z      lag= 14 m5_p=0.2796  m6_ic=0.0821
[18:33:15]   HIT  GOLD               banking_z        lag=  7 m5_p=0.1881  m6_ic=0.0517
[18:33:16]   HIT  GOLD               gold_z           lag=  7 m5_p=0.8343  m6_ic=0.0883
[18:33:16]   HIT  GOLD               gold_z           lag= 14 m5_p=0.0620  m6_ic=0.0426
[18:33:16]   HIT  GOLD               gold_z           lag= 30 m5_p=0.4217  m6_ic=0.1003
[18:33:17]   HIT  SILVER             oil_z            lag= 30 m5_p=0.5578  m6_ic=0.0395
[18:33:17]   HIT  SILVER             rate_z           lag=  1 m5_p=0.3262  m6_ic=0.1287
[18:33:17]   HIT  SILVER             rate_z           lag=  7 m5_p=0.4661  m6_ic=0.1086
[18:33:18]   HIT  SILVER             rate_z           lag= 30 m5_p=0.3550  m6_ic=0.0769
[18:33:18]   HIT  SILVER             ruble_z          lag=  7 m5_p=0.4738  m6_ic=0.1011
[18:33:18]   HIT  SILVER             ruble_z          lag= 30 m5_p=0.9263  m6_ic=0.1441
[18:33:18]   HIT  SILVER             sanctions_z      lag=  1 m5_p=0.0249  m6_ic=0.0386
[18:33:19]   HIT  SILVER             sanctions_z      lag=  7 m5_p=0.7252  m6_ic=0.0312
[18:33:19]   HIT  SILVER             sanctions_z      lag= 14 m5_p=0.1365  m6_ic=0.0670
[18:33:19]   HIT  SILVER             sanctions_z      lag= 30 m5_p=0.2364  m6_ic=0.0555
[18:33:19]   HIT  SILVER             inflation_z      lag=  7 m5_p=0.3122  m6_ic=0.1119
[18:33:20]   HIT  SILVER             inflation_z      lag= 30 m5_p=0.6434  m6_ic=0.0400
[18:33:20]   HIT  SILVER             banking_z        lag=  1 m5_p=0.7370  m6_ic=0.0924
[18:33:20]   HIT  SILVER             banking_z        lag=  7 m5_p=0.5184  m6_ic=0.0301
[18:33:21]   HIT  SILVER             gold_z           lag=  1 m5_p=0.0584  m6_ic=0.0631
[18:33:21]   HIT  SILVER             gold_z           lag=  7 m5_p=0.7577  m6_ic=0.0361
[18:33:21]   HIT  SILVER             gold_z           lag= 30 m5_p=0.4651  m6_ic=0.0403
[18:33:22]   HIT  IMOEX              oil_z            lag=  1 m5_p=0.3571  m6_ic=0.0696
[18:33:22]   HIT  IMOEX              oil_z            lag= 30 m5_p=0.6406  m6_ic=0.0514
[18:33:23]   HIT  IMOEX              rate_z           lag= 14 m5_p=0.2562  m6_ic=0.0502
[18:33:23]   HIT  IMOEX              rate_z           lag= 30 m5_p=0.6107  m6_ic=0.1322
[18:33:23]   HIT  IMOEX              ruble_z          lag=  1 m5_p=0.9408  m6_ic=0.0597
[18:33:23]   HIT  IMOEX              ruble_z          lag=  7 m5_p=0.0458  m6_ic=0.0690
[18:33:24]   HIT  IMOEX              ruble_z          lag= 30 m5_p=0.9180  m6_ic=0.0665
[18:33:24]   HIT  IMOEX              sanctions_z      lag=  1 m5_p=0.2181  m6_ic=0.0803
[18:33:24]   HIT  IMOEX              sanctions_z      lag= 14 m5_p=0.6950  m6_ic=0.0354
[18:33:25]   HIT  IMOEX              inflation_z      lag= 14 m5_p=0.5925  m6_ic=0.0569
[18:33:26]   HIT  IMOEX              banking_z        lag=  7 m5_p=0.2841  m6_ic=0.0595
[18:33:26]   HIT  IMOEX              banking_z        lag= 30 m5_p=0.1178  m6_ic=0.0730
[18:33:26]   HIT  IMOEX              gold_z           lag=  1 m5_p=0.4821  m6_ic=0.0339
[18:33:26]   HIT  IMOEX              gold_z           lag=  7 m5_p=0.4466  m6_ic=0.0328
[18:33:27]   HIT  IMOEX              gold_z           lag= 30 m5_p=0.2917  m6_ic=0.0386
[18:33:27]   HIT  MOEXFN             oil_z            lag=  1 m5_p=0.5560  m6_ic=0.0727
[18:33:28]   HIT  MOEXFN             oil_z            lag= 14 m5_p=0.6731  m6_ic=0.0373
[18:33:28]   HIT  MOEXFN             oil_z            lag= 30 m5_p=0.9520  m6_ic=0.0368
[18:33:28]   HIT  MOEXFN             rate_z           lag=  1 m5_p=0.5857  m6_ic=0.0614
[18:33:28]   HIT  MOEXFN             rate_z           lag=  7 m5_p=0.0649  m6_ic=0.0671
[18:33:29]   HIT  MOEXFN             rate_z           lag= 30 m5_p=0.6743  m6_ic=0.0361
[18:33:29]   HIT  MOEXFN             ruble_z          lag=  7 m5_p=0.2908  m6_ic=0.0524
[18:33:30]   HIT  MOEXFN             sanctions_z      lag=  1 m5_p=0.0248  m6_ic=0.0434
[18:33:30]   HIT  MOEXFN             sanctions_z      lag=  7 m5_p=0.7560  m6_ic=0.0796
[18:33:30]   HIT  MOEXFN             sanctions_z      lag= 14 m5_p=0.4188  m6_ic=0.0373
[18:33:30]   HIT  MOEXFN             sanctions_z      lag= 30 m5_p=0.7065  m6_ic=0.0382
[18:33:31]   HIT  MOEXFN             inflation_z      lag=  7 m5_p=0.1289  m6_ic=0.0524
[18:33:31]   HIT  MOEXFN             banking_z        lag=  1 m5_p=0.9847  m6_ic=0.0305
[18:33:31]   HIT  MOEXFN             banking_z        lag=  7 m5_p=0.6786  m6_ic=0.1007
[18:33:32]   HIT  MOEXFN             banking_z        lag= 14 m5_p=0.2242  m6_ic=0.0325
[18:33:32]   HIT  MOEXFN             banking_z        lag= 30 m5_p=0.3350  m6_ic=0.0362
[18:33:32]   HIT  MOEXFN             gold_z           lag=  1 m5_p=0.4996  m6_ic=0.0451
[18:33:33]   HIT  MOEXFN             gold_z           lag= 30 m5_p=0.7046  m6_ic=0.0342
[18:33:33]   HIT  MOEXOG             oil_z            lag=  1 m5_p=0.3724  m6_ic=0.0631
[18:33:33]   HIT  MOEXOG             oil_z            lag= 30 m5_p=0.4142  m6_ic=0.0327
[18:33:34]   HIT  MOEXOG             rate_z           lag=  1 m5_p=0.4612  m6_ic=0.0707
[18:33:34]   HIT  MOEXOG             rate_z           lag= 14 m5_p=0.2424  m6_ic=0.0662
[18:33:34]   HIT  MOEXOG             ruble_z          lag=  1 m5_p=0.8949  m6_ic=0.1057
[18:33:35]   HIT  MOEXOG             ruble_z          lag= 14 m5_p=0.7465  m6_ic=0.0580
[18:33:35]   HIT  MOEXOG             ruble_z          lag= 30 m5_p=0.7976  m6_ic=0.0729
[18:33:36]   HIT  MOEXOG             sanctions_z      lag= 30 m5_p=0.9910  m6_ic=0.0468
[18:33:36]   HIT  MOEXOG             inflation_z      lag= 14 m5_p=0.8699  m6_ic=0.0607
[18:33:37]   HIT  MOEXOG             inflation_z      lag= 30 m5_p=0.6597  m6_ic=0.0801
[18:33:37]   HIT  MOEXOG             banking_z        lag=  1 m5_p=0.6315  m6_ic=0.0497
[18:33:38]   HIT  MOEXOG             gold_z           lag=  1 m5_p=0.3783  m6_ic=0.0514
[18:33:38]   HIT  MOEXOG             gold_z           lag=  7 m5_p=0.5586  m6_ic=0.0352
[18:33:38]   HIT  MOEX10             oil_z            lag=  1 m5_p=0.5139  m6_ic=0.0434
[18:33:39]   HIT  MOEX10             oil_z            lag=  7 m5_p=0.5069  m6_ic=0.0678
[18:33:39]   HIT  MOEX10             oil_z            lag= 14 m5_p=0.9103  m6_ic=0.0741
[18:33:40]   HIT  MOEX10             rate_z           lag= 30 m5_p=0.7390  m6_ic=0.0537
[18:33:40]   HIT  MOEX10             ruble_z          lag=  1 m5_p=0.6965  m6_ic=0.0453
[18:33:40]   HIT  MOEX10             ruble_z          lag=  7 m5_p=0.2110  m6_ic=0.0537
[18:33:40]   HIT  MOEX10             ruble_z          lag= 14 m5_p=0.6922  m6_ic=0.0383
[18:33:41]   HIT  MOEX10             ruble_z          lag= 30 m5_p=0.9554  m6_ic=0.0429
[18:33:41]   HIT  MOEX10             sanctions_z      lag=  1 m5_p=0.1513  m6_ic=0.0704
[18:33:41]   HIT  MOEX10             sanctions_z      lag=  7 m5_p=0.3906  m6_ic=0.0342
[18:33:41]   HIT  MOEX10             sanctions_z      lag= 14 m5_p=0.3927  m6_ic=0.0471
[18:33:41]   HIT  MOEX10             sanctions_z      lag= 30 m5_p=0.5885  m6_ic=0.0451
[18:33:42]   HIT  MOEX10             inflation_z      lag=  7 m5_p=0.1923  m6_ic=0.0489
[18:33:42]   HIT  MOEX10             inflation_z      lag= 14 m5_p=0.7230  m6_ic=0.0916
[18:33:42]   HIT  MOEX10             inflation_z      lag= 30 m5_p=0.7268  m6_ic=0.0455
[18:33:42]   HIT  MOEX10             banking_z        lag=  1 m5_p=0.8517  m6_ic=0.0351
[18:33:43]   HIT  MOEX10             banking_z        lag=  7 m5_p=0.3048  m6_ic=0.0330
[18:33:43]   HIT  MOEX10             gold_z           lag=  1 m5_p=0.6710  m6_ic=0.0428
[18:33:43]   HIT  MOEX10             gold_z           lag=  7 m5_p=0.2770  m6_ic=0.0721
[18:33:44]   HIT  MOEX10             gold_z           lag= 14 m5_p=0.9879  m6_ic=0.0520
[18:33:44]     Train: 256 signals
[18:33:44]     Val holdout (256 candidates)...
[18:33:44]     VAL PASS  SP500              oil_z            lag=  7  m6_ic=0.1011
[18:33:44]     VAL PASS  SP500              oil_z            lag= 14  m6_ic=0.0545
[18:33:45]     VAL PASS  SP500              sanctions_z      lag= 14  m6_ic=0.0620
[18:33:45]     VAL PASS  SP500              inflation_z      lag=  1  m6_ic=0.0769
[18:33:46]     VAL PASS  SP500              inflation_z      lag=  7  m6_ic=0.0609
[18:33:46]     VAL PASS  SP500              banking_z        lag=  7  m6_ic=0.0528
[18:33:46]     VAL PASS  SP500              gold_z           lag=  7  m6_ic=0.0639
[18:33:46]     VAL PASS  SP500              gold_z           lag= 14  m6_ic=0.0975
[18:33:46]     VAL PASS  USD_RUB            oil_z            lag=  1  m6_ic=0.0833
[18:33:47]     VAL PASS  USD_RUB            oil_z            lag=  7  m6_ic=0.0905
[18:33:47]     VAL PASS  USD_RUB            oil_z            lag= 14  m6_ic=0.0654
[18:33:47]     VAL PASS  USD_RUB            oil_z            lag= 30  m6_ic=0.0777
[18:33:47]     VAL PASS  USD_RUB            rate_z           lag= 14  m6_ic=0.0451
[18:33:49]     VAL PASS  USD_RUB            inflation_z      lag=  7  m6_ic=0.1676
[18:33:49]     VAL PASS  USD_RUB            inflation_z      lag= 30  m6_ic=0.0647
[18:33:50]     VAL PASS  USD_RUB            banking_z        lag=  7  m6_ic=0.0651
[18:33:50]     VAL PASS  EUR_RUB            oil_z            lag=  1  m6_ic=0.0833
[18:33:51]     VAL PASS  EUR_RUB            oil_z            lag=  7  m6_ic=0.0905
[18:33:51]     VAL PASS  EUR_RUB            oil_z            lag= 14  m6_ic=0.0654
[18:33:51]     VAL PASS  EUR_RUB            oil_z            lag= 30  m6_ic=0.0777
[18:33:51]     VAL PASS  EUR_RUB            rate_z           lag= 14  m6_ic=0.0451
[18:33:53]     VAL PASS  EUR_RUB            inflation_z      lag=  7  m6_ic=0.1676
[18:33:53]     VAL PASS  EUR_RUB            inflation_z      lag= 30  m6_ic=0.0647
[18:33:54]     VAL PASS  EUR_RUB            banking_z        lag=  7  m6_ic=0.0651
[18:33:54]     VAL PASS  DJ_SOUTH_AFRICA    oil_z            lag= 14  m6_ic=0.0918
[18:33:54]     VAL PASS  DJ_SOUTH_AFRICA    rate_z           lag=  1  m6_ic=0.0730
[18:33:55]     VAL PASS  DJ_SOUTH_AFRICA    rate_z           lag= 30  m6_ic=0.0806
[18:33:55]     VAL PASS  DJ_SOUTH_AFRICA    ruble_z          lag=  1  m6_ic=0.0687
[18:33:55]     VAL PASS  DJ_SOUTH_AFRICA    ruble_z          lag=  7  m6_ic=0.0321
[18:33:56]     VAL PASS  DJ_SOUTH_AFRICA    sanctions_z      lag=  1  m6_ic=0.0403
[18:33:56]     VAL PASS  DJ_SOUTH_AFRICA    sanctions_z      lag= 14  m6_ic=0.0649
[18:33:56]     VAL PASS  DJ_SOUTH_AFRICA    sanctions_z      lag= 30  m6_ic=0.1084
[18:33:56]     VAL PASS  DJ_SOUTH_AFRICA    inflation_z      lag=  7  m6_ic=0.0890
[18:33:56]     VAL PASS  DJ_SOUTH_AFRICA    banking_z        lag=  1  m6_ic=0.0834
[18:33:57]     VAL PASS  DJ_SOUTH_AFRICA    banking_z        lag= 30  m6_ic=0.0524
[18:33:57]     VAL PASS  DJ_SOUTH_AFRICA    gold_z           lag=  7  m6_ic=0.0344
[18:33:57]     VAL PASS  DJ_SOUTH_AFRICA    gold_z           lag= 30  m6_ic=0.0782
[18:33:58]     VAL PASS  MSCI_WORLD         rate_z           lag= 30  m6_ic=0.1301
[18:33:58]     VAL PASS  MSCI_WORLD         ruble_z          lag=  1  m6_ic=0.0343
[18:33:58]     VAL PASS  MSCI_WORLD         ruble_z          lag=  7  m6_ic=0.0589
[18:33:58]     VAL PASS  MSCI_WORLD         sanctions_z      lag=  1  m6_ic=0.0843
[18:33:59]     VAL PASS  MSCI_WORLD         inflation_z      lag=  1  m6_ic=0.0905
[18:33:59]     VAL PASS  MSCI_WORLD         banking_z        lag= 30  m6_ic=0.0447
[18:33:59]     VAL PASS  MSCI_WORLD         gold_z           lag= 14  m6_ic=0.0447
[18:33:59]     VAL PASS  MSCI_WORLD         gold_z           lag= 30  m6_ic=0.0346
[18:34:00]     VAL PASS  DXY                oil_z            lag=  1  m6_ic=0.0744
[18:34:00]     VAL PASS  DXY                oil_z            lag= 30  m6_ic=0.1209
[18:34:00]     VAL PASS  DXY                rate_z           lag=  7  m6_ic=0.0505
[18:34:01]     VAL PASS  DXY                rate_z           lag= 14  m6_ic=0.0737
[18:34:01]     VAL PASS  DXY                rate_z           lag= 30  m6_ic=0.0588
[18:34:01]     VAL PASS  DXY                ruble_z          lag=  1  m6_ic=0.1166
[18:34:01]     VAL PASS  DXY                sanctions_z      lag= 30  m6_ic=0.0454
[18:34:02]     VAL PASS  DXY                inflation_z      lag=  7  m6_ic=0.0523
[18:34:02]     VAL PASS  DXY                inflation_z      lag= 14  m6_ic=0.0854
[18:34:02]     VAL PASS  DXY                banking_z        lag=  1  m6_ic=0.0692
[18:34:02]     VAL PASS  DXY                banking_z        lag=  7  m6_ic=0.0691
[18:34:02]     VAL PASS  DXY                banking_z        lag= 14  m6_ic=0.0665
[18:34:03]     VAL PASS  DXY                gold_z           lag= 14  m6_ic=0.0577
[18:34:03]     VAL PASS  BRENT              rate_z           lag=  1  m6_ic=0.0793
[18:34:04]     VAL PASS  BRENT              rate_z           lag= 30  m6_ic=0.0572
[18:34:04]     VAL PASS  BRENT              ruble_z          lag=  1  m6_ic=0.0634
[18:34:04]     VAL PASS  BRENT              ruble_z          lag=  7  m6_ic=0.0466
[18:34:04]     VAL PASS  BRENT              ruble_z          lag= 14  m6_ic=0.0378
[18:34:05]     VAL PASS  BRENT              sanctions_z      lag=  1  m6_ic=0.0554
[18:34:05]     VAL PASS  BRENT              sanctions_z      lag=  7  m6_ic=0.0620
[18:34:05]     VAL PASS  BRENT              inflation_z      lag=  1  m6_ic=0.0478
[18:34:05]     VAL PASS  BRENT              inflation_z      lag=  7  m6_ic=0.1761
[18:34:06]     VAL PASS  BRENT              inflation_z      lag= 14  m6_ic=0.0414
[18:34:06]     VAL PASS  BRENT              banking_z        lag=  1  m6_ic=0.0363
[18:34:06]     VAL PASS  BRENT              gold_z           lag=  7  m6_ic=0.0345
[18:34:06]     VAL PASS  BRENT              gold_z           lag= 14  m6_ic=0.0691
[18:34:07]     VAL PASS  MSCI_INDIA         rate_z           lag= 14  m6_ic=0.0335
[18:34:08]     VAL PASS  MSCI_INDIA         ruble_z          lag= 30  m6_ic=0.1518
[18:34:08]     VAL PASS  MSCI_INDIA         sanctions_z      lag=  7  m6_ic=0.0641
[18:34:08]     VAL PASS  MSCI_INDIA         sanctions_z      lag= 14  m6_ic=0.1376
[18:34:08]     VAL PASS  MSCI_INDIA         sanctions_z      lag= 30  m6_ic=0.1001
[18:34:09]     VAL PASS  MSCI_INDIA         inflation_z      lag=  1  m6_ic=0.0539
[18:34:09]     VAL PASS  MSCI_INDIA         inflation_z      lag= 14  m6_ic=0.0767
[18:34:09]     VAL PASS  MSCI_INDIA         inflation_z      lag= 30  m6_ic=0.0449
[18:34:09]     VAL PASS  MSCI_INDIA         banking_z        lag=  1  m6_ic=0.0740
[18:34:10]     VAL PASS  MSCI_INDIA         banking_z        lag= 30  m6_ic=0.0373
[18:34:11]     VAL PASS  CHINA_H_SHARES     oil_z            lag= 14  m6_ic=0.0819
[18:34:11]     VAL PASS  CHINA_H_SHARES     oil_z            lag= 30  m6_ic=0.1345
[18:34:12]     VAL PASS  CHINA_H_SHARES     rate_z           lag= 30  m6_ic=0.0634
[18:34:12]     VAL PASS  CHINA_H_SHARES     ruble_z          lag= 30  m6_ic=0.1047
[18:34:12]     VAL PASS  CHINA_H_SHARES     sanctions_z      lag=  7  m6_ic=0.0629
[18:34:12]     VAL PASS  CHINA_H_SHARES     inflation_z      lag=  7  m6_ic=0.0581
[18:34:12]     VAL PASS  CHINA_H_SHARES     inflation_z      lag= 14  m6_ic=0.0627
[18:34:13]     VAL PASS  CHINA_H_SHARES     inflation_z      lag= 30  m6_ic=0.0476
[18:34:13]     VAL PASS  CHINA_H_SHARES     banking_z        lag= 30  m6_ic=0.0314
[18:34:13]     VAL PASS  CHINA_H_SHARES     gold_z           lag= 14  m6_ic=0.0441
[18:34:14]     VAL PASS  CHINA_H_SHARES     gold_z           lag= 30  m6_ic=0.0597
[18:34:14]     VAL PASS  FTSE_CHINA_50      rate_z           lag=  1  m6_ic=0.0893
[18:34:15]     VAL PASS  FTSE_CHINA_50      rate_z           lag= 30  m6_ic=0.0603
[18:34:15]     VAL PASS  FTSE_CHINA_50      ruble_z          lag= 30  m6_ic=0.1202
[18:34:15]     VAL PASS  FTSE_CHINA_50      sanctions_z      lag=  7  m6_ic=0.0326
[18:34:16]     VAL PASS  FTSE_CHINA_50      inflation_z      lag= 30  m6_ic=0.1323
[18:34:16]     VAL PASS  FTSE_CHINA_50      banking_z        lag=  7  m6_ic=0.0824
[18:34:16]     VAL PASS  FTSE_CHINA_50      gold_z           lag= 14  m6_ic=0.0384
[18:34:16]     VAL PASS  FTSE_CHINA_50      gold_z           lag= 30  m6_ic=0.0801
[18:34:17]     VAL PASS  GOLD               oil_z            lag= 30  m6_ic=0.0961
[18:34:17]     VAL PASS  GOLD               rate_z           lag= 30  m6_ic=0.0734
[18:34:18]     VAL PASS  GOLD               sanctions_z      lag= 30  m6_ic=0.0315
[18:34:18]     VAL PASS  GOLD               inflation_z      lag= 14  m6_ic=0.0464
[18:34:19]     VAL PASS  GOLD               gold_z           lag=  7  m6_ic=0.0580
[18:34:19]     VAL PASS  GOLD               gold_z           lag= 30  m6_ic=0.0790
[18:34:19]     VAL PASS  SILVER             rate_z           lag=  1  m6_ic=0.0647
[18:34:20]     VAL PASS  SILVER             rate_z           lag=  7  m6_ic=0.0771
[18:34:20]     VAL PASS  SILVER             rate_z           lag= 30  m6_ic=0.0806
[18:34:20]     VAL PASS  SILVER             ruble_z          lag= 30  m6_ic=0.0839
[18:34:21]     VAL PASS  SILVER             sanctions_z      lag=  7  m6_ic=0.0307
[18:34:21]     VAL PASS  SILVER             sanctions_z      lag= 14  m6_ic=0.0913
[18:34:21]     VAL PASS  SILVER             sanctions_z      lag= 30  m6_ic=0.0898
[18:34:22]     VAL PASS  SILVER             gold_z           lag=  7  m6_ic=0.1005
[18:34:22]     VAL PASS  IMOEX              oil_z            lag=  1  m6_ic=0.1311
[18:34:23]     VAL PASS  IMOEX              oil_z            lag= 30  m6_ic=0.0792
[18:34:23]     VAL PASS  IMOEX              rate_z           lag= 14  m6_ic=0.0772
[18:34:23]     VAL PASS  IMOEX              rate_z           lag= 30  m6_ic=0.0553
[18:34:23]     VAL PASS  IMOEX              ruble_z          lag=  1  m6_ic=0.1524
[18:34:23]     VAL PASS  IMOEX              ruble_z          lag=  7  m6_ic=0.1041
[18:34:24]     VAL PASS  IMOEX              ruble_z          lag= 30  m6_ic=0.1248
[18:34:24]     VAL PASS  IMOEX              sanctions_z      lag=  1  m6_ic=0.1191
[18:34:24]     VAL PASS  IMOEX              sanctions_z      lag= 14  m6_ic=0.1461
[18:34:24]     VAL PASS  IMOEX              inflation_z      lag= 14  m6_ic=0.1065
[18:34:24]     VAL PASS  IMOEX              banking_z        lag=  7  m6_ic=0.1295
[18:34:25]     VAL PASS  IMOEX              gold_z           lag=  1  m6_ic=0.0559
[18:34:25]     VAL PASS  IMOEX              gold_z           lag=  7  m6_ic=0.0766
[18:34:25]     VAL PASS  MOEXFN             oil_z            lag=  1  m6_ic=0.0838
[18:34:26]     VAL PASS  MOEXFN             oil_z            lag= 14  m6_ic=0.0849
[18:34:26]     VAL PASS  MOEXFN             oil_z            lag= 30  m6_ic=0.0554
[18:34:26]     VAL PASS  MOEXFN             rate_z           lag=  1  m6_ic=0.0481
[18:34:26]     VAL PASS  MOEXFN             rate_z           lag=  7  m6_ic=0.0437
[18:34:27]     VAL PASS  MOEXFN             ruble_z          lag=  7  m6_ic=0.1015
[18:34:27]     VAL PASS  MOEXFN             sanctions_z      lag=  1  m6_ic=0.0834
[18:34:27]     VAL PASS  MOEXFN             sanctions_z      lag= 14  m6_ic=0.0918
[18:34:28]     VAL PASS  MOEXFN             sanctions_z      lag= 30  m6_ic=0.0696
[18:34:28]     VAL PASS  MOEXFN             inflation_z      lag=  7  m6_ic=0.0490
[18:34:28]     VAL PASS  MOEXFN             banking_z        lag=  1  m6_ic=0.0692
[18:34:28]     VAL PASS  MOEXFN             banking_z        lag=  7  m6_ic=0.1087
[18:34:29]     VAL PASS  MOEXFN             gold_z           lag= 30  m6_ic=0.0395
[18:34:29]     VAL PASS  MOEXOG             oil_z            lag=  1  m6_ic=0.0706
[18:34:29]     VAL PASS  MOEXOG             oil_z            lag= 30  m6_ic=0.0808
[18:34:30]     VAL PASS  MOEXOG             rate_z           lag=  1  m6_ic=0.0551
[18:34:30]     VAL PASS  MOEXOG             rate_z           lag= 14  m6_ic=0.0520
[18:34:30]     VAL PASS  MOEXOG             ruble_z          lag=  1  m6_ic=0.1357
[18:34:30]     VAL PASS  MOEXOG             ruble_z          lag= 14  m6_ic=0.1405
[18:34:30]     VAL PASS  MOEXOG             ruble_z          lag= 30  m6_ic=0.0940
[18:34:31]     VAL PASS  MOEXOG             sanctions_z      lag= 30  m6_ic=0.1019
[18:34:31]     VAL PASS  MOEXOG             inflation_z      lag= 14  m6_ic=0.1367
[18:34:31]     VAL PASS  MOEXOG             inflation_z      lag= 30  m6_ic=0.0812
[18:34:31]     VAL PASS  MOEXOG             banking_z        lag=  1  m6_ic=0.0469
[18:34:32]     VAL PASS  MOEXOG             gold_z           lag=  7  m6_ic=0.0341
[18:34:32]     VAL PASS  MOEX10             oil_z            lag=  1  m6_ic=0.0992
[18:34:32]     VAL PASS  MOEX10             oil_z            lag= 14  m6_ic=0.0833
[18:34:33]     VAL PASS  MOEX10             ruble_z          lag=  1  m6_ic=0.1609
[18:34:33]     VAL PASS  MOEX10             ruble_z          lag=  7  m6_ic=0.1066
[18:34:33]     VAL PASS  MOEX10             ruble_z          lag= 14  m6_ic=0.0661
[18:34:33]     VAL PASS  MOEX10             ruble_z          lag= 30  m6_ic=0.0592
[18:34:33]     VAL PASS  MOEX10             sanctions_z      lag=  1  m6_ic=0.0987
[18:34:34]     VAL PASS  MOEX10             sanctions_z      lag= 14  m6_ic=0.1194
[18:34:34]     VAL PASS  MOEX10             sanctions_z      lag= 30  m6_ic=0.0984
[18:34:34]     VAL PASS  MOEX10             inflation_z      lag=  7  m6_ic=0.0601
[18:34:34]     VAL PASS  MOEX10             inflation_z      lag= 14  m6_ic=0.1025
[18:34:35]     VAL PASS  MOEX10             inflation_z      lag= 30  m6_ic=0.0734
[18:34:35]     VAL PASS  MOEX10             banking_z        lag=  1  m6_ic=0.0713
[18:34:35]     VAL PASS  MOEX10             banking_z        lag=  7  m6_ic=0.1327
[18:34:35]     VAL PASS  MOEX10             gold_z           lag=  1  m6_ic=0.0462
[18:34:35]     VAL PASS  MOEX10             gold_z           lag=  7  m6_ic=0.0313
[18:34:36]     VAL PASS  MOEX10             gold_z           lag= 14  m6_ic=0.0887
[18:34:36]     Val: 169/256 held
[18:34:36]   → train=256  val=169  max_ic=0.1673
[18:34:36] 
============================================================
[18:34:36] FINAL REPORT
[18:34:36] ============================================================
[18:34:36] Report: C:\project\signal_mind\analytics\phase_b\night_search\night_report_20260521_181814.md
[18:34:36] Hits CSV: C:\project\signal_mind\analytics\phase_b\night_search\night_hits_20260521_181814.csv
[18:34:36] 
  [8/15] sweep_keyword_z30_abs_return  budget=58min  ic_gate=0.03  ens=M6_only
[18:34:36]   Config: sweep_keyword_z30_abs_return
[18:34:36]     feature=keyword_z30  target=abs_return  ensemble=M6_only  ic_min=0.03
[18:34:36]   HIT  SP500              oil_z            lag=  7 m5_p=0.8254  m6_ic=0.0637
[18:34:36]   HIT  SP500              oil_z            lag= 14 m5_p=0.7170  m6_ic=0.0936
[18:34:37]   HIT  SP500              oil_z            lag= 30 m5_p=0.2916  m6_ic=0.0516
[18:34:37]   HIT  SP500              rate_z           lag=  7 m5_p=0.7357  m6_ic=0.0370
[18:34:37]   HIT  SP500              rate_z           lag= 14 m5_p=0.9951  m6_ic=0.0679
[18:34:39]   HIT  SP500              ruble_z          lag= 30 m5_p=0.2154  m6_ic=0.0653
[18:34:39]   HIT  SP500              sanctions_z      lag= 14 m5_p=0.6295  m6_ic=0.0724
[18:34:40]   HIT  SP500              inflation_z      lag=  1 m5_p=0.5734  m6_ic=0.0578
[18:34:40]   HIT  SP500              inflation_z      lag=  7 m5_p=0.6216  m6_ic=0.0540
[18:34:41]   HIT  SP500              banking_z        lag=  7 m5_p=0.3767  m6_ic=0.0412
[18:34:41]   HIT  SP500              gold_z           lag=  7 m5_p=0.8404  m6_ic=0.1002
[18:34:42]   HIT  SP500              gold_z           lag= 14 m5_p=0.7661  m6_ic=0.0678
[18:34:42]   HIT  USD_RUB            oil_z            lag=  1 m5_p=0.5610  m6_ic=0.0303
[18:34:42]   HIT  USD_RUB            oil_z            lag=  7 m5_p=0.7301  m6_ic=0.0640
[18:34:42]   HIT  USD_RUB            oil_z            lag= 14 m5_p=0.5573  m6_ic=0.0307
[18:34:43]   HIT  USD_RUB            oil_z            lag= 30 m5_p=0.3761  m6_ic=0.0323
[18:34:43]   HIT  USD_RUB            rate_z           lag=  1 m5_p=0.9476  m6_ic=0.0959
[18:34:43]   HIT  USD_RUB            rate_z           lag= 14 m5_p=0.2823  m6_ic=0.0381
[18:34:44]   HIT  USD_RUB            ruble_z          lag=  1 m5_p=0.1170  m6_ic=0.0586
[18:34:44]   HIT  USD_RUB            ruble_z          lag=  7 m5_p=0.0983  m6_ic=0.0333
[18:34:44]   HIT  USD_RUB            ruble_z          lag= 14 m5_p=0.6695  m6_ic=0.1068
[18:34:44]   HIT  USD_RUB            ruble_z          lag= 30 m5_p=0.2572  m6_ic=0.0303
[18:34:44]   HIT  USD_RUB            sanctions_z      lag=  1 m5_p=0.1513  m6_ic=0.0917
[18:34:45]   HIT  USD_RUB            sanctions_z      lag=  7 m5_p=0.0612  m6_ic=0.0407
[18:34:45]   HIT  USD_RUB            sanctions_z      lag= 30 m5_p=0.0838  m6_ic=0.0403
[18:34:46]   HIT  USD_RUB            inflation_z      lag=  7 m5_p=0.4905  m6_ic=0.0813
[18:34:46]   HIT  USD_RUB            inflation_z      lag= 14 m5_p=0.2798  m6_ic=0.0500
[18:34:46]   HIT  USD_RUB            inflation_z      lag= 30 m5_p=0.6349  m6_ic=0.0538
[18:34:46]   HIT  USD_RUB            banking_z        lag=  1 m5_p=0.7376  m6_ic=0.0572
[18:34:46]   HIT  USD_RUB            banking_z        lag=  7 m5_p=0.1520  m6_ic=0.0568
[18:34:47]   HIT  USD_RUB            banking_z        lag= 30 m5_p=0.8190  m6_ic=0.0656
[18:34:48]   HIT  EUR_RUB            oil_z            lag=  1 m5_p=0.5610  m6_ic=0.0303
[18:34:48]   HIT  EUR_RUB            oil_z            lag=  7 m5_p=0.7301  m6_ic=0.0640
[18:34:48]   HIT  EUR_RUB            oil_z            lag= 14 m5_p=0.5573  m6_ic=0.0307
[18:34:48]   HIT  EUR_RUB            oil_z            lag= 30 m5_p=0.3761  m6_ic=0.0323
[18:34:49]   HIT  EUR_RUB            rate_z           lag=  1 m5_p=0.9476  m6_ic=0.0959
[18:34:49]   HIT  EUR_RUB            rate_z           lag= 14 m5_p=0.2823  m6_ic=0.0381
[18:34:49]   HIT  EUR_RUB            ruble_z          lag=  1 m5_p=0.1170  m6_ic=0.0586
[18:34:50]   HIT  EUR_RUB            ruble_z          lag=  7 m5_p=0.0983  m6_ic=0.0333
[18:34:50]   HIT  EUR_RUB            ruble_z          lag= 14 m5_p=0.6695  m6_ic=0.1068
[18:34:50]   HIT  EUR_RUB            ruble_z          lag= 30 m5_p=0.2572  m6_ic=0.0303
[18:34:50]   HIT  EUR_RUB            sanctions_z      lag=  1 m5_p=0.1513  m6_ic=0.0917
[18:34:50]   HIT  EUR_RUB            sanctions_z      lag=  7 m5_p=0.0612  m6_ic=0.0407
[18:34:51]   HIT  EUR_RUB            sanctions_z      lag= 30 m5_p=0.0838  m6_ic=0.0403
[18:34:51]   HIT  EUR_RUB            inflation_z      lag=  7 m5_p=0.4905  m6_ic=0.0813
[18:34:51]   HIT  EUR_RUB            inflation_z      lag= 14 m5_p=0.2798  m6_ic=0.0500
[18:34:52]   HIT  EUR_RUB            inflation_z      lag= 30 m5_p=0.6349  m6_ic=0.0538
[18:34:52]   HIT  EUR_RUB            banking_z        lag=  1 m5_p=0.7376  m6_ic=0.0572
[18:34:52]   HIT  EUR_RUB            banking_z        lag=  7 m5_p=0.1520  m6_ic=0.0568
[18:34:52]   HIT  EUR_RUB            banking_z        lag= 30 m5_p=0.8190  m6_ic=0.0656
[18:34:54]   HIT  DJ_SOUTH_AFRICA    oil_z            lag= 14 m5_p=0.2445  m6_ic=0.0489
[18:34:54]   HIT  DJ_SOUTH_AFRICA    rate_z           lag=  1 m5_p=0.6268  m6_ic=0.0775
[18:34:54]   HIT  DJ_SOUTH_AFRICA    rate_z           lag=  7 m5_p=0.8298  m6_ic=0.0342
[18:34:55]   HIT  DJ_SOUTH_AFRICA    rate_z           lag= 30 m5_p=0.6839  m6_ic=0.0726
[18:34:55]   HIT  DJ_SOUTH_AFRICA    ruble_z          lag=  1 m5_p=0.1001  m6_ic=0.0534
[18:34:55]   HIT  DJ_SOUTH_AFRICA    ruble_z          lag=  7 m5_p=0.4065  m6_ic=0.0595
[18:34:56]   HIT  DJ_SOUTH_AFRICA    ruble_z          lag= 30 m5_p=0.5463  m6_ic=0.0461
[18:34:56]   HIT  DJ_SOUTH_AFRICA    sanctions_z      lag=  1 m5_p=0.7442  m6_ic=0.0604
[18:34:56]   HIT  DJ_SOUTH_AFRICA    sanctions_z      lag= 14 m5_p=0.0128  m6_ic=0.0833
[18:34:56]   HIT  DJ_SOUTH_AFRICA    sanctions_z      lag= 30 m5_p=0.2280  m6_ic=0.1116
[18:34:57]   HIT  DJ_SOUTH_AFRICA    inflation_z      lag=  7 m5_p=0.0980  m6_ic=0.1431
[18:34:57]   HIT  DJ_SOUTH_AFRICA    banking_z        lag=  1 m5_p=0.3162  m6_ic=0.0328
[18:34:58]   HIT  DJ_SOUTH_AFRICA    banking_z        lag= 30 m5_p=0.2699  m6_ic=0.0477
[18:34:58]   HIT  DJ_SOUTH_AFRICA    gold_z           lag=  7 m5_p=0.8091  m6_ic=0.0329
[18:34:59]   HIT  DJ_SOUTH_AFRICA    gold_z           lag= 30 m5_p=0.8393  m6_ic=0.1079
[18:34:59]   HIT  MSCI_WORLD         oil_z            lag= 14 m5_p=0.2593  m6_ic=0.0384
[18:35:00]   HIT  MSCI_WORLD         rate_z           lag= 14 m5_p=0.5906  m6_ic=0.0762
[18:35:01]   HIT  MSCI_WORLD         rate_z           lag= 30 m5_p=0.7262  m6_ic=0.0625
[18:35:01]   HIT  MSCI_WORLD         ruble_z          lag=  1 m5_p=0.9537  m6_ic=0.0402
[18:35:01]   HIT  MSCI_WORLD         ruble_z          lag=  7 m5_p=0.8457  m6_ic=0.0720
[18:35:02]   HIT  MSCI_WORLD         sanctions_z      lag=  1 m5_p=0.8301  m6_ic=0.0666
[18:35:02]   HIT  MSCI_WORLD         sanctions_z      lag= 14 m5_p=0.0116  m6_ic=0.0751
[18:35:02]   HIT  MSCI_WORLD         inflation_z      lag=  1 m5_p=0.3657  m6_ic=0.0524
[18:35:04]   HIT  MSCI_WORLD         banking_z        lag= 30 m5_p=0.8740  m6_ic=0.0714
[18:35:04]   HIT  MSCI_WORLD         gold_z           lag= 14 m5_p=0.2426  m6_ic=0.0489
[18:35:05]   HIT  MSCI_WORLD         gold_z           lag= 30 m5_p=0.9033  m6_ic=0.1028
[18:35:05]   HIT  DXY                oil_z            lag=  1 m5_p=0.0363  m6_ic=0.0493
[18:35:05]   HIT  DXY                oil_z            lag=  7 m5_p=0.4332  m6_ic=0.0514
[18:35:06]   HIT  DXY                oil_z            lag= 30 m5_p=0.9929  m6_ic=0.0315
[18:35:06]   HIT  DXY                rate_z           lag=  1 m5_p=0.0870  m6_ic=0.0481
[18:35:06]   HIT  DXY                rate_z           lag=  7 m5_p=0.2159  m6_ic=0.0660
[18:35:06]   HIT  DXY                rate_z           lag= 14 m5_p=0.4269  m6_ic=0.0606
[18:35:06]   HIT  DXY                rate_z           lag= 30 m5_p=0.1851  m6_ic=0.0488
[18:35:06]   HIT  DXY                ruble_z          lag=  1 m5_p=0.5830  m6_ic=0.0457
[18:35:07]   HIT  DXY                ruble_z          lag= 14 m5_p=0.3215  m6_ic=0.0417
[18:35:08]   HIT  DXY                sanctions_z      lag= 30 m5_p=0.7737  m6_ic=0.0507
[18:35:08]   HIT  DXY                inflation_z      lag=  7 m5_p=0.3826  m6_ic=0.0533
[18:35:08]   HIT  DXY                inflation_z      lag= 14 m5_p=0.8770  m6_ic=0.0450
[18:35:09]   HIT  DXY                banking_z        lag=  1 m5_p=0.1827  m6_ic=0.0520
[18:35:09]   HIT  DXY                banking_z        lag=  7 m5_p=0.7330  m6_ic=0.0326
[18:35:09]   HIT  DXY                banking_z        lag= 14 m5_p=0.9784  m6_ic=0.0366
[18:35:10]   HIT  DXY                gold_z           lag=  7 m5_p=0.1562  m6_ic=0.0631
[18:35:10]   HIT  DXY                gold_z           lag= 14 m5_p=0.7091  m6_ic=0.0767
[18:35:11]   HIT  BRENT              oil_z            lag=  7 m5_p=0.7839  m6_ic=0.0578
[18:35:11]   HIT  BRENT              oil_z            lag= 30 m5_p=0.7896  m6_ic=0.0534
[18:35:11]   HIT  BRENT              rate_z           lag=  1 m5_p=0.4639  m6_ic=0.0489
[18:35:12]   HIT  BRENT              rate_z           lag= 30 m5_p=0.7557  m6_ic=0.1055
[18:35:12]   HIT  BRENT              ruble_z          lag=  1 m5_p=0.1300  m6_ic=0.0318
[18:35:12]   HIT  BRENT              ruble_z          lag=  7 m5_p=0.3462  m6_ic=0.0456
[18:35:13]   HIT  BRENT              ruble_z          lag= 14 m5_p=0.3931  m6_ic=0.0431
[18:35:13]   HIT  BRENT              ruble_z          lag= 30 m5_p=0.3398  m6_ic=0.0647
[18:35:13]   HIT  BRENT              sanctions_z      lag=  1 m5_p=0.9551  m6_ic=0.0360
[18:35:13]   HIT  BRENT              sanctions_z      lag=  7 m5_p=0.7252  m6_ic=0.0542
[18:35:13]   HIT  BRENT              sanctions_z      lag= 14 m5_p=0.2424  m6_ic=0.0325
[18:35:14]   HIT  BRENT              inflation_z      lag=  1 m5_p=0.3106  m6_ic=0.0379
[18:35:14]   HIT  BRENT              inflation_z      lag=  7 m5_p=0.8715  m6_ic=0.0712
[18:35:14]   HIT  BRENT              inflation_z      lag= 14 m5_p=0.9169  m6_ic=0.0952
[18:35:15]   HIT  BRENT              banking_z        lag=  1 m5_p=0.8083  m6_ic=0.0307
[18:35:15]   HIT  BRENT              gold_z           lag=  1 m5_p=0.2283  m6_ic=0.0394
[18:35:16]   HIT  BRENT              gold_z           lag=  7 m5_p=0.5565  m6_ic=0.0647
[18:35:16]   HIT  BRENT              gold_z           lag= 14 m5_p=0.4285  m6_ic=0.0621
[18:35:16]   HIT  BRENT              gold_z           lag= 30 m5_p=0.5484  m6_ic=0.0543
[18:35:17]   HIT  MSCI_INDIA         oil_z            lag= 30 m5_p=0.7651  m6_ic=0.0559
[18:35:17]   HIT  MSCI_INDIA         rate_z           lag=  7 m5_p=0.8927  m6_ic=0.1361
[18:35:17]   HIT  MSCI_INDIA         rate_z           lag= 14 m5_p=0.4433  m6_ic=0.0622
[18:35:18]   HIT  MSCI_INDIA         rate_z           lag= 30 m5_p=0.8638  m6_ic=0.0670
[18:35:18]   HIT  MSCI_INDIA         ruble_z          lag=  7 m5_p=0.4872  m6_ic=0.0582
[18:35:19]   HIT  MSCI_INDIA         ruble_z          lag= 30 m5_p=0.9102  m6_ic=0.0868
[18:35:19]   HIT  MSCI_INDIA         sanctions_z      lag=  7 m5_p=0.7171  m6_ic=0.0578
[18:35:19]   HIT  MSCI_INDIA         sanctions_z      lag= 14 m5_p=0.1846  m6_ic=0.0535
[18:35:19]   HIT  MSCI_INDIA         sanctions_z      lag= 30 m5_p=0.7792  m6_ic=0.0746
[18:35:19]   HIT  MSCI_INDIA         inflation_z      lag=  1 m5_p=0.6167  m6_ic=0.0647
[18:35:20]   HIT  MSCI_INDIA         inflation_z      lag= 14 m5_p=0.4628  m6_ic=0.0468
[18:35:20]   HIT  MSCI_INDIA         inflation_z      lag= 30 m5_p=0.6596  m6_ic=0.1025
[18:35:20]   HIT  MSCI_INDIA         banking_z        lag=  1 m5_p=0.5225  m6_ic=0.0366
[18:35:20]   HIT  MSCI_INDIA         banking_z        lag=  7 m5_p=0.8542  m6_ic=0.0774
[18:35:21]   HIT  MSCI_INDIA         banking_z        lag= 30 m5_p=0.5461  m6_ic=0.0413
[18:35:21]   HIT  MSCI_INDIA         gold_z           lag=  1 m5_p=0.6699  m6_ic=0.0731
[18:35:21]   HIT  MSCI_INDIA         gold_z           lag=  7 m5_p=0.7335  m6_ic=0.0816
[18:35:21]   HIT  MSCI_INDIA         gold_z           lag= 14 m5_p=0.2159  m6_ic=0.0415
[18:35:22]   HIT  CHINA_H_SHARES     oil_z            lag=  1 m5_p=0.5007  m6_ic=0.0682
[18:35:22]   HIT  CHINA_H_SHARES     oil_z            lag= 14 m5_p=0.9264  m6_ic=0.0303
[18:35:23]   HIT  CHINA_H_SHARES     oil_z            lag= 30 m5_p=0.7034  m6_ic=0.0355
[18:35:23]   HIT  CHINA_H_SHARES     rate_z           lag=  1 m5_p=0.0394  m6_ic=0.0625
[18:35:23]   HIT  CHINA_H_SHARES     rate_z           lag=  7 m5_p=0.9527  m6_ic=0.0309
[18:35:23]   HIT  CHINA_H_SHARES     rate_z           lag= 30 m5_p=0.2030  m6_ic=0.0536
[18:35:24]   HIT  CHINA_H_SHARES     ruble_z          lag= 30 m5_p=0.8266  m6_ic=0.1344
[18:35:25]   HIT  CHINA_H_SHARES     sanctions_z      lag=  7 m5_p=0.5359  m6_ic=0.0714
[18:35:25]   HIT  CHINA_H_SHARES     inflation_z      lag=  7 m5_p=0.2935  m6_ic=0.0476
[18:35:26]   HIT  CHINA_H_SHARES     inflation_z      lag= 14 m5_p=0.9861  m6_ic=0.0413
[18:35:26]   HIT  CHINA_H_SHARES     inflation_z      lag= 30 m5_p=0.3077  m6_ic=0.0691
[18:35:26]   HIT  CHINA_H_SHARES     banking_z        lag=  7 m5_p=0.9120  m6_ic=0.0448
[18:35:27]   HIT  CHINA_H_SHARES     banking_z        lag= 30 m5_p=0.9935  m6_ic=0.0303
[18:35:27]   HIT  CHINA_H_SHARES     gold_z           lag=  7 m5_p=0.2118  m6_ic=0.0623
[18:35:27]   HIT  CHINA_H_SHARES     gold_z           lag= 14 m5_p=0.3874  m6_ic=0.0751
[18:35:27]   HIT  CHINA_H_SHARES     gold_z           lag= 30 m5_p=0.8381  m6_ic=0.1381
[18:35:27]   HIT  FTSE_CHINA_50      oil_z            lag=  1 m5_p=0.4869  m6_ic=0.0508
[18:35:28]   HIT  FTSE_CHINA_50      oil_z            lag=  7 m5_p=0.5115  m6_ic=0.0432
[18:35:28]   HIT  FTSE_CHINA_50      rate_z           lag=  1 m5_p=0.0335  m6_ic=0.0535
[18:35:29]   HIT  FTSE_CHINA_50      rate_z           lag= 30 m5_p=0.1565  m6_ic=0.0537
[18:35:30]   HIT  FTSE_CHINA_50      ruble_z          lag= 30 m5_p=0.6544  m6_ic=0.1647
[18:35:30]   HIT  FTSE_CHINA_50      sanctions_z      lag=  7 m5_p=0.4652  m6_ic=0.0412
[18:35:30]   HIT  FTSE_CHINA_50      sanctions_z      lag= 14 m5_p=0.6119  m6_ic=0.0333
[18:35:31]   HIT  FTSE_CHINA_50      inflation_z      lag=  7 m5_p=0.1893  m6_ic=0.0572
[18:35:31]   HIT  FTSE_CHINA_50      inflation_z      lag= 30 m5_p=0.2971  m6_ic=0.0659
[18:35:32]   HIT  FTSE_CHINA_50      banking_z        lag=  7 m5_p=0.9990  m6_ic=0.0715
[18:35:32]   HIT  FTSE_CHINA_50      banking_z        lag= 30 m5_p=0.6948  m6_ic=0.0381
[18:35:33]   HIT  FTSE_CHINA_50      gold_z           lag= 14 m5_p=0.4126  m6_ic=0.0722
[18:35:33]   HIT  FTSE_CHINA_50      gold_z           lag= 30 m5_p=0.6982  m6_ic=0.1673
[18:35:33]   HIT  GOLD               oil_z            lag= 14 m5_p=0.9423  m6_ic=0.0494
[18:35:34]   HIT  GOLD               oil_z            lag= 30 m5_p=0.8657  m6_ic=0.0466
[18:35:34]   HIT  GOLD               rate_z           lag= 14 m5_p=0.2299  m6_ic=0.0556
[18:35:34]   HIT  GOLD               rate_z           lag= 30 m5_p=0.8995  m6_ic=0.0703
[18:35:35]   HIT  GOLD               ruble_z          lag=  7 m5_p=0.8962  m6_ic=0.0833
[18:35:35]   HIT  GOLD               ruble_z          lag= 30 m5_p=0.5798  m6_ic=0.1072
[18:35:36]   HIT  GOLD               sanctions_z      lag= 30 m5_p=0.0589  m6_ic=0.0337
[18:35:36]   HIT  GOLD               inflation_z      lag=  1 m5_p=0.2236  m6_ic=0.0706
[18:35:36]   HIT  GOLD               inflation_z      lag=  7 m5_p=0.0360  m6_ic=0.0828
[18:35:36]   HIT  GOLD               inflation_z      lag= 14 m5_p=0.2796  m6_ic=0.0821
[18:35:37]   HIT  GOLD               banking_z        lag=  7 m5_p=0.1881  m6_ic=0.0517
[18:35:38]   HIT  GOLD               gold_z           lag=  7 m5_p=0.8343  m6_ic=0.0883
[18:35:38]   HIT  GOLD               gold_z           lag= 14 m5_p=0.0620  m6_ic=0.0426
[18:35:38]   HIT  GOLD               gold_z           lag= 30 m5_p=0.4217  m6_ic=0.1003
[18:35:39]   HIT  SILVER             oil_z            lag= 30 m5_p=0.5578  m6_ic=0.0395
[18:35:39]   HIT  SILVER             rate_z           lag=  1 m5_p=0.3262  m6_ic=0.1287
[18:35:39]   HIT  SILVER             rate_z           lag=  7 m5_p=0.4661  m6_ic=0.1086
[18:35:40]   HIT  SILVER             rate_z           lag= 30 m5_p=0.3550  m6_ic=0.0769
[18:35:40]   HIT  SILVER             ruble_z          lag=  7 m5_p=0.4738  m6_ic=0.1011
[18:35:40]   HIT  SILVER             ruble_z          lag= 30 m5_p=0.9263  m6_ic=0.1441
[18:35:41]   HIT  SILVER             sanctions_z      lag=  1 m5_p=0.0249  m6_ic=0.0386
[18:35:41]   HIT  SILVER             sanctions_z      lag=  7 m5_p=0.7252  m6_ic=0.0312
[18:35:41]   HIT  SILVER             sanctions_z      lag= 14 m5_p=0.1365  m6_ic=0.0670
[18:35:41]   HIT  SILVER             sanctions_z      lag= 30 m5_p=0.2364  m6_ic=0.0555
[18:35:41]   HIT  SILVER             inflation_z      lag=  7 m5_p=0.3122  m6_ic=0.1119
[18:35:42]   HIT  SILVER             inflation_z      lag= 30 m5_p=0.6434  m6_ic=0.0400
[18:35:42]   HIT  SILVER             banking_z        lag=  1 m5_p=0.7370  m6_ic=0.0924
[18:35:42]   HIT  SILVER             banking_z        lag=  7 m5_p=0.5184  m6_ic=0.0301
[18:35:43]   HIT  SILVER             gold_z           lag=  1 m5_p=0.0584  m6_ic=0.0631
[18:35:43]   HIT  SILVER             gold_z           lag=  7 m5_p=0.7577  m6_ic=0.0361
[18:35:43]   HIT  SILVER             gold_z           lag= 30 m5_p=0.4651  m6_ic=0.0403
[18:35:44]   HIT  IMOEX              oil_z            lag=  1 m5_p=0.3571  m6_ic=0.0696
[18:35:44]   HIT  IMOEX              oil_z            lag= 30 m5_p=0.6406  m6_ic=0.0514
[18:35:45]   HIT  IMOEX              rate_z           lag= 14 m5_p=0.2562  m6_ic=0.0502
[18:35:45]   HIT  IMOEX              rate_z           lag= 30 m5_p=0.6107  m6_ic=0.1322
[18:35:45]   HIT  IMOEX              ruble_z          lag=  1 m5_p=0.9408  m6_ic=0.0597
[18:35:45]   HIT  IMOEX              ruble_z          lag=  7 m5_p=0.0458  m6_ic=0.0690
[18:35:46]   HIT  IMOEX              ruble_z          lag= 30 m5_p=0.9180  m6_ic=0.0665
[18:35:46]   HIT  IMOEX              sanctions_z      lag=  1 m5_p=0.2181  m6_ic=0.0803
[18:35:46]   HIT  IMOEX              sanctions_z      lag= 14 m5_p=0.6950  m6_ic=0.0354
[18:35:47]   HIT  IMOEX              inflation_z      lag= 14 m5_p=0.5925  m6_ic=0.0569
[18:35:48]   HIT  IMOEX              banking_z        lag=  7 m5_p=0.2841  m6_ic=0.0595
[18:35:48]   HIT  IMOEX              banking_z        lag= 30 m5_p=0.1178  m6_ic=0.0730
[18:35:48]   HIT  IMOEX              gold_z           lag=  1 m5_p=0.4821  m6_ic=0.0339
[18:35:48]   HIT  IMOEX              gold_z           lag=  7 m5_p=0.4466  m6_ic=0.0328
[18:35:49]   HIT  IMOEX              gold_z           lag= 30 m5_p=0.2917  m6_ic=0.0386
[18:35:49]   HIT  MOEXFN             oil_z            lag=  1 m5_p=0.5560  m6_ic=0.0727
[18:35:50]   HIT  MOEXFN             oil_z            lag= 14 m5_p=0.6731  m6_ic=0.0373
[18:35:50]   HIT  MOEXFN             oil_z            lag= 30 m5_p=0.9520  m6_ic=0.0368
[18:35:50]   HIT  MOEXFN             rate_z           lag=  1 m5_p=0.5857  m6_ic=0.0614
[18:35:50]   HIT  MOEXFN             rate_z           lag=  7 m5_p=0.0649  m6_ic=0.0671
[18:35:51]   HIT  MOEXFN             rate_z           lag= 30 m5_p=0.6743  m6_ic=0.0361
[18:35:51]   HIT  MOEXFN             ruble_z          lag=  7 m5_p=0.2908  m6_ic=0.0524
[18:35:52]   HIT  MOEXFN             sanctions_z      lag=  1 m5_p=0.0248  m6_ic=0.0434
[18:35:52]   HIT  MOEXFN             sanctions_z      lag=  7 m5_p=0.7560  m6_ic=0.0796
[18:35:52]   HIT  MOEXFN             sanctions_z      lag= 14 m5_p=0.4188  m6_ic=0.0373
[18:35:52]   HIT  MOEXFN             sanctions_z      lag= 30 m5_p=0.7065  m6_ic=0.0382
[18:35:53]   HIT  MOEXFN             inflation_z      lag=  7 m5_p=0.1289  m6_ic=0.0524
[18:35:53]   HIT  MOEXFN             banking_z        lag=  1 m5_p=0.9847  m6_ic=0.0305
[18:35:53]   HIT  MOEXFN             banking_z        lag=  7 m5_p=0.6786  m6_ic=0.1007
[18:35:54]   HIT  MOEXFN             banking_z        lag= 14 m5_p=0.2242  m6_ic=0.0325
[18:35:54]   HIT  MOEXFN             banking_z        lag= 30 m5_p=0.3350  m6_ic=0.0362
[18:35:54]   HIT  MOEXFN             gold_z           lag=  1 m5_p=0.4996  m6_ic=0.0451
[18:35:55]   HIT  MOEXFN             gold_z           lag= 30 m5_p=0.7046  m6_ic=0.0342
[18:35:55]   HIT  MOEXOG             oil_z            lag=  1 m5_p=0.3724  m6_ic=0.0631
[18:35:55]   HIT  MOEXOG             oil_z            lag= 30 m5_p=0.4142  m6_ic=0.0327
[18:35:56]   HIT  MOEXOG             rate_z           lag=  1 m5_p=0.4612  m6_ic=0.0707
[18:35:56]   HIT  MOEXOG             rate_z           lag= 14 m5_p=0.2424  m6_ic=0.0662
[18:35:56]   HIT  MOEXOG             ruble_z          lag=  1 m5_p=0.8949  m6_ic=0.1057
[18:35:57]   HIT  MOEXOG             ruble_z          lag= 14 m5_p=0.7465  m6_ic=0.0580
[18:35:57]   HIT  MOEXOG             ruble_z          lag= 30 m5_p=0.7976  m6_ic=0.0729
[18:35:58]   HIT  MOEXOG             sanctions_z      lag= 30 m5_p=0.9910  m6_ic=0.0468
[18:35:58]   HIT  MOEXOG             inflation_z      lag= 14 m5_p=0.8699  m6_ic=0.0607
[18:35:59]   HIT  MOEXOG             inflation_z      lag= 30 m5_p=0.6597  m6_ic=0.0801
[18:35:59]   HIT  MOEXOG             banking_z        lag=  1 m5_p=0.6315  m6_ic=0.0497
[18:36:00]   HIT  MOEXOG             gold_z           lag=  1 m5_p=0.3783  m6_ic=0.0514
[18:36:00]   HIT  MOEXOG             gold_z           lag=  7 m5_p=0.5586  m6_ic=0.0352
[18:36:00]   HIT  MOEX10             oil_z            lag=  1 m5_p=0.5139  m6_ic=0.0434
[18:36:01]   HIT  MOEX10             oil_z            lag=  7 m5_p=0.5069  m6_ic=0.0678
[18:36:01]   HIT  MOEX10             oil_z            lag= 14 m5_p=0.9103  m6_ic=0.0741
[18:36:02]   HIT  MOEX10             rate_z           lag= 30 m5_p=0.7390  m6_ic=0.0537
[18:36:02]   HIT  MOEX10             ruble_z          lag=  1 m5_p=0.6965  m6_ic=0.0453
[18:36:02]   HIT  MOEX10             ruble_z          lag=  7 m5_p=0.2110  m6_ic=0.0537
[18:36:02]   HIT  MOEX10             ruble_z          lag= 14 m5_p=0.6922  m6_ic=0.0383
[18:36:02]   HIT  MOEX10             ruble_z          lag= 30 m5_p=0.9554  m6_ic=0.0429
[18:36:03]   HIT  MOEX10             sanctions_z      lag=  1 m5_p=0.1513  m6_ic=0.0704
[18:36:03]   HIT  MOEX10             sanctions_z      lag=  7 m5_p=0.3906  m6_ic=0.0342
[18:36:03]   HIT  MOEX10             sanctions_z      lag= 14 m5_p=0.3927  m6_ic=0.0471
[18:36:03]   HIT  MOEX10             sanctions_z      lag= 30 m5_p=0.5885  m6_ic=0.0451
[18:36:04]   HIT  MOEX10             inflation_z      lag=  7 m5_p=0.1923  m6_ic=0.0489
[18:36:04]   HIT  MOEX10             inflation_z      lag= 14 m5_p=0.7230  m6_ic=0.0916
[18:36:04]   HIT  MOEX10             inflation_z      lag= 30 m5_p=0.7268  m6_ic=0.0455
[18:36:04]   HIT  MOEX10             banking_z        lag=  1 m5_p=0.8517  m6_ic=0.0351
[18:36:04]   HIT  MOEX10             banking_z        lag=  7 m5_p=0.3048  m6_ic=0.0330
[18:36:05]   HIT  MOEX10             gold_z           lag=  1 m5_p=0.6710  m6_ic=0.0428
[18:36:05]   HIT  MOEX10             gold_z           lag=  7 m5_p=0.2770  m6_ic=0.0721
[18:36:05]   HIT  MOEX10             gold_z           lag= 14 m5_p=0.9879  m6_ic=0.0520
[18:36:06]     Train: 256 signals
[18:36:06]     Val holdout (256 candidates)...
[18:36:06]     VAL PASS  SP500              oil_z            lag=  7  m6_ic=0.1011
[18:36:06]     VAL PASS  SP500              oil_z            lag= 14  m6_ic=0.0545
[18:36:07]     VAL PASS  SP500              sanctions_z      lag= 14  m6_ic=0.0620
[18:36:07]     VAL PASS  SP500              inflation_z      lag=  1  m6_ic=0.0769
[18:36:07]     VAL PASS  SP500              inflation_z      lag=  7  m6_ic=0.0609
[18:36:08]     VAL PASS  SP500              banking_z        lag=  7  m6_ic=0.0528
[18:36:08]     VAL PASS  SP500              gold_z           lag=  7  m6_ic=0.0639
[18:36:08]     VAL PASS  SP500              gold_z           lag= 14  m6_ic=0.0975
[18:36:08]     VAL PASS  USD_RUB            oil_z            lag=  1  m6_ic=0.0833
[18:36:08]     VAL PASS  USD_RUB            oil_z            lag=  7  m6_ic=0.0905
[18:36:09]     VAL PASS  USD_RUB            oil_z            lag= 14  m6_ic=0.0654
[18:36:09]     VAL PASS  USD_RUB            oil_z            lag= 30  m6_ic=0.0777
[18:36:09]     VAL PASS  USD_RUB            rate_z           lag= 14  m6_ic=0.0451
[18:36:11]     VAL PASS  USD_RUB            inflation_z      lag=  7  m6_ic=0.1676
[18:36:11]     VAL PASS  USD_RUB            inflation_z      lag= 30  m6_ic=0.0647
[18:36:12]     VAL PASS  USD_RUB            banking_z        lag=  7  m6_ic=0.0651
[18:36:12]     VAL PASS  EUR_RUB            oil_z            lag=  1  m6_ic=0.0833
[18:36:12]     VAL PASS  EUR_RUB            oil_z            lag=  7  m6_ic=0.0905
[18:36:13]     VAL PASS  EUR_RUB            oil_z            lag= 14  m6_ic=0.0654
[18:36:13]     VAL PASS  EUR_RUB            oil_z            lag= 30  m6_ic=0.0777
[18:36:13]     VAL PASS  EUR_RUB            rate_z           lag= 14  m6_ic=0.0451
[18:36:15]     VAL PASS  EUR_RUB            inflation_z      lag=  7  m6_ic=0.1676
[18:36:15]     VAL PASS  EUR_RUB            inflation_z      lag= 30  m6_ic=0.0647
[18:36:16]     VAL PASS  EUR_RUB            banking_z        lag=  7  m6_ic=0.0651
[18:36:16]     VAL PASS  DJ_SOUTH_AFRICA    oil_z            lag= 14  m6_ic=0.0918
[18:36:16]     VAL PASS  DJ_SOUTH_AFRICA    rate_z           lag=  1  m6_ic=0.0730
[18:36:17]     VAL PASS  DJ_SOUTH_AFRICA    rate_z           lag= 30  m6_ic=0.0806
[18:36:17]     VAL PASS  DJ_SOUTH_AFRICA    ruble_z          lag=  1  m6_ic=0.0687
[18:36:17]     VAL PASS  DJ_SOUTH_AFRICA    ruble_z          lag=  7  m6_ic=0.0321
[18:36:17]     VAL PASS  DJ_SOUTH_AFRICA    sanctions_z      lag=  1  m6_ic=0.0403
[18:36:18]     VAL PASS  DJ_SOUTH_AFRICA    sanctions_z      lag= 14  m6_ic=0.0649
[18:36:18]     VAL PASS  DJ_SOUTH_AFRICA    sanctions_z      lag= 30  m6_ic=0.1084
[18:36:18]     VAL PASS  DJ_SOUTH_AFRICA    inflation_z      lag=  7  m6_ic=0.0890
[18:36:18]     VAL PASS  DJ_SOUTH_AFRICA    banking_z        lag=  1  m6_ic=0.0834
[18:36:19]     VAL PASS  DJ_SOUTH_AFRICA    banking_z        lag= 30  m6_ic=0.0524
[18:36:19]     VAL PASS  DJ_SOUTH_AFRICA    gold_z           lag=  7  m6_ic=0.0344
[18:36:19]     VAL PASS  DJ_SOUTH_AFRICA    gold_z           lag= 30  m6_ic=0.0782
[18:36:20]     VAL PASS  MSCI_WORLD         rate_z           lag= 30  m6_ic=0.1301
[18:36:20]     VAL PASS  MSCI_WORLD         ruble_z          lag=  1  m6_ic=0.0343
[18:36:20]     VAL PASS  MSCI_WORLD         ruble_z          lag=  7  m6_ic=0.0589
[18:36:20]     VAL PASS  MSCI_WORLD         sanctions_z      lag=  1  m6_ic=0.0843
[18:36:20]     VAL PASS  MSCI_WORLD         inflation_z      lag=  1  m6_ic=0.0905
[18:36:21]     VAL PASS  MSCI_WORLD         banking_z        lag= 30  m6_ic=0.0447
[18:36:21]     VAL PASS  MSCI_WORLD         gold_z           lag= 14  m6_ic=0.0447
[18:36:21]     VAL PASS  MSCI_WORLD         gold_z           lag= 30  m6_ic=0.0346
[18:36:21]     VAL PASS  DXY                oil_z            lag=  1  m6_ic=0.0744
[18:36:22]     VAL PASS  DXY                oil_z            lag= 30  m6_ic=0.1209
[18:36:22]     VAL PASS  DXY                rate_z           lag=  7  m6_ic=0.0505
[18:36:22]     VAL PASS  DXY                rate_z           lag= 14  m6_ic=0.0737
[18:36:23]     VAL PASS  DXY                rate_z           lag= 30  m6_ic=0.0588
[18:36:23]     VAL PASS  DXY                ruble_z          lag=  1  m6_ic=0.1166
[18:36:23]     VAL PASS  DXY                sanctions_z      lag= 30  m6_ic=0.0454
[18:36:23]     VAL PASS  DXY                inflation_z      lag=  7  m6_ic=0.0523
[18:36:23]     VAL PASS  DXY                inflation_z      lag= 14  m6_ic=0.0854
[18:36:24]     VAL PASS  DXY                banking_z        lag=  1  m6_ic=0.0692
[18:36:24]     VAL PASS  DXY                banking_z        lag=  7  m6_ic=0.0691
[18:36:24]     VAL PASS  DXY                banking_z        lag= 14  m6_ic=0.0665
[18:36:24]     VAL PASS  DXY                gold_z           lag= 14  m6_ic=0.0577
[18:36:25]     VAL PASS  BRENT              rate_z           lag=  1  m6_ic=0.0793
[18:36:25]     VAL PASS  BRENT              rate_z           lag= 30  m6_ic=0.0572
[18:36:26]     VAL PASS  BRENT              ruble_z          lag=  1  m6_ic=0.0634
[18:36:26]     VAL PASS  BRENT              ruble_z          lag=  7  m6_ic=0.0466
[18:36:26]     VAL PASS  BRENT              ruble_z          lag= 14  m6_ic=0.0378
[18:36:26]     VAL PASS  BRENT              sanctions_z      lag=  1  m6_ic=0.0554
[18:36:27]     VAL PASS  BRENT              sanctions_z      lag=  7  m6_ic=0.0620
[18:36:27]     VAL PASS  BRENT              inflation_z      lag=  1  m6_ic=0.0478
[18:36:27]     VAL PASS  BRENT              inflation_z      lag=  7  m6_ic=0.1761
[18:36:27]     VAL PASS  BRENT              inflation_z      lag= 14  m6_ic=0.0414
[18:36:28]     VAL PASS  BRENT              banking_z        lag=  1  m6_ic=0.0363
[18:36:28]     VAL PASS  BRENT              gold_z           lag=  7  m6_ic=0.0345
[18:36:28]     VAL PASS  BRENT              gold_z           lag= 14  m6_ic=0.0691
[18:36:29]     VAL PASS  MSCI_INDIA         rate_z           lag= 14  m6_ic=0.0335
[18:36:30]     VAL PASS  MSCI_INDIA         ruble_z          lag= 30  m6_ic=0.1518
[18:36:30]     VAL PASS  MSCI_INDIA         sanctions_z      lag=  7  m6_ic=0.0641
[18:36:30]     VAL PASS  MSCI_INDIA         sanctions_z      lag= 14  m6_ic=0.1376
[18:36:30]     VAL PASS  MSCI_INDIA         sanctions_z      lag= 30  m6_ic=0.1001
[18:36:30]     VAL PASS  MSCI_INDIA         inflation_z      lag=  1  m6_ic=0.0539
[18:36:31]     VAL PASS  MSCI_INDIA         inflation_z      lag= 14  m6_ic=0.0767
[18:36:31]     VAL PASS  MSCI_INDIA         inflation_z      lag= 30  m6_ic=0.0449
[18:36:31]     VAL PASS  MSCI_INDIA         banking_z        lag=  1  m6_ic=0.0740
[18:36:31]     VAL PASS  MSCI_INDIA         banking_z        lag= 30  m6_ic=0.0373
[18:36:32]     VAL PASS  CHINA_H_SHARES     oil_z            lag= 14  m6_ic=0.0819
[18:36:33]     VAL PASS  CHINA_H_SHARES     oil_z            lag= 30  m6_ic=0.1345
[18:36:33]     VAL PASS  CHINA_H_SHARES     rate_z           lag= 30  m6_ic=0.0634
[18:36:33]     VAL PASS  CHINA_H_SHARES     ruble_z          lag= 30  m6_ic=0.1047
[18:36:34]     VAL PASS  CHINA_H_SHARES     sanctions_z      lag=  7  m6_ic=0.0629
[18:36:34]     VAL PASS  CHINA_H_SHARES     inflation_z      lag=  7  m6_ic=0.0581
[18:36:34]     VAL PASS  CHINA_H_SHARES     inflation_z      lag= 14  m6_ic=0.0627
[18:36:34]     VAL PASS  CHINA_H_SHARES     inflation_z      lag= 30  m6_ic=0.0476
[18:36:35]     VAL PASS  CHINA_H_SHARES     banking_z        lag= 30  m6_ic=0.0314
[18:36:35]     VAL PASS  CHINA_H_SHARES     gold_z           lag= 14  m6_ic=0.0441
[18:36:35]     VAL PASS  CHINA_H_SHARES     gold_z           lag= 30  m6_ic=0.0597
[18:36:36]     VAL PASS  FTSE_CHINA_50      rate_z           lag=  1  m6_ic=0.0893
[18:36:36]     VAL PASS  FTSE_CHINA_50      rate_z           lag= 30  m6_ic=0.0603
[18:36:36]     VAL PASS  FTSE_CHINA_50      ruble_z          lag= 30  m6_ic=0.1202
[18:36:37]     VAL PASS  FTSE_CHINA_50      sanctions_z      lag=  7  m6_ic=0.0326
[18:36:37]     VAL PASS  FTSE_CHINA_50      inflation_z      lag= 30  m6_ic=0.1323
[18:36:37]     VAL PASS  FTSE_CHINA_50      banking_z        lag=  7  m6_ic=0.0824
[18:36:38]     VAL PASS  FTSE_CHINA_50      gold_z           lag= 14  m6_ic=0.0384
[18:36:38]     VAL PASS  FTSE_CHINA_50      gold_z           lag= 30  m6_ic=0.0801
[18:36:38]     VAL PASS  GOLD               oil_z            lag= 30  m6_ic=0.0961
[18:36:39]     VAL PASS  GOLD               rate_z           lag= 30  m6_ic=0.0734
[18:36:39]     VAL PASS  GOLD               sanctions_z      lag= 30  m6_ic=0.0315
[18:36:40]     VAL PASS  GOLD               inflation_z      lag= 14  m6_ic=0.0464
[18:36:40]     VAL PASS  GOLD               gold_z           lag=  7  m6_ic=0.0580
[18:36:41]     VAL PASS  GOLD               gold_z           lag= 30  m6_ic=0.0790
[18:36:41]     VAL PASS  SILVER             rate_z           lag=  1  m6_ic=0.0647
[18:36:41]     VAL PASS  SILVER             rate_z           lag=  7  m6_ic=0.0771
[18:36:41]     VAL PASS  SILVER             rate_z           lag= 30  m6_ic=0.0806
[18:36:42]     VAL PASS  SILVER             ruble_z          lag= 30  m6_ic=0.0839
[18:36:42]     VAL PASS  SILVER             sanctions_z      lag=  7  m6_ic=0.0307
[18:36:42]     VAL PASS  SILVER             sanctions_z      lag= 14  m6_ic=0.0913
[18:36:43]     VAL PASS  SILVER             sanctions_z      lag= 30  m6_ic=0.0898
[18:36:44]     VAL PASS  SILVER             gold_z           lag=  7  m6_ic=0.1005
[18:36:44]     VAL PASS  IMOEX              oil_z            lag=  1  m6_ic=0.1311
[18:36:44]     VAL PASS  IMOEX              oil_z            lag= 30  m6_ic=0.0792
[18:36:44]     VAL PASS  IMOEX              rate_z           lag= 14  m6_ic=0.0772
[18:36:45]     VAL PASS  IMOEX              rate_z           lag= 30  m6_ic=0.0553
[18:36:45]     VAL PASS  IMOEX              ruble_z          lag=  1  m6_ic=0.1524
[18:36:45]     VAL PASS  IMOEX              ruble_z          lag=  7  m6_ic=0.1041
[18:36:45]     VAL PASS  IMOEX              ruble_z          lag= 30  m6_ic=0.1248
[18:36:45]     VAL PASS  IMOEX              sanctions_z      lag=  1  m6_ic=0.1191
[18:36:46]     VAL PASS  IMOEX              sanctions_z      lag= 14  m6_ic=0.1461
[18:36:46]     VAL PASS  IMOEX              inflation_z      lag= 14  m6_ic=0.1065
[18:36:46]     VAL PASS  IMOEX              banking_z        lag=  7  m6_ic=0.1295
[18:36:46]     VAL PASS  IMOEX              gold_z           lag=  1  m6_ic=0.0559
[18:36:47]     VAL PASS  IMOEX              gold_z           lag=  7  m6_ic=0.0766
[18:36:47]     VAL PASS  MOEXFN             oil_z            lag=  1  m6_ic=0.0838
[18:36:47]     VAL PASS  MOEXFN             oil_z            lag= 14  m6_ic=0.0849
[18:36:47]     VAL PASS  MOEXFN             oil_z            lag= 30  m6_ic=0.0554
[18:36:48]     VAL PASS  MOEXFN             rate_z           lag=  1  m6_ic=0.0481
[18:36:48]     VAL PASS  MOEXFN             rate_z           lag=  7  m6_ic=0.0437
[18:36:48]     VAL PASS  MOEXFN             ruble_z          lag=  7  m6_ic=0.1015
[18:36:48]     VAL PASS  MOEXFN             sanctions_z      lag=  1  m6_ic=0.0834
[18:36:49]     VAL PASS  MOEXFN             sanctions_z      lag= 14  m6_ic=0.0918
[18:36:49]     VAL PASS  MOEXFN             sanctions_z      lag= 30  m6_ic=0.0696
[18:36:49]     VAL PASS  MOEXFN             inflation_z      lag=  7  m6_ic=0.0490
[18:36:49]     VAL PASS  MOEXFN             banking_z        lag=  1  m6_ic=0.0692
[18:36:50]     VAL PASS  MOEXFN             banking_z        lag=  7  m6_ic=0.1087
[18:36:51]     VAL PASS  MOEXFN             gold_z           lag= 30  m6_ic=0.0395
[18:36:51]     VAL PASS  MOEXOG             oil_z            lag=  1  m6_ic=0.0706
[18:36:51]     VAL PASS  MOEXOG             oil_z            lag= 30  m6_ic=0.0808
[18:36:51]     VAL PASS  MOEXOG             rate_z           lag=  1  m6_ic=0.0551
[18:36:51]     VAL PASS  MOEXOG             rate_z           lag= 14  m6_ic=0.0520
[18:36:51]     VAL PASS  MOEXOG             ruble_z          lag=  1  m6_ic=0.1357
[18:36:52]     VAL PASS  MOEXOG             ruble_z          lag= 14  m6_ic=0.1405
[18:36:52]     VAL PASS  MOEXOG             ruble_z          lag= 30  m6_ic=0.0940
[18:36:52]     VAL PASS  MOEXOG             sanctions_z      lag= 30  m6_ic=0.1019
[18:36:52]     VAL PASS  MOEXOG             inflation_z      lag= 14  m6_ic=0.1367
[18:36:53]     VAL PASS  MOEXOG             inflation_z      lag= 30  m6_ic=0.0812
[18:36:53]     VAL PASS  MOEXOG             banking_z        lag=  1  m6_ic=0.0469
[18:36:53]     VAL PASS  MOEXOG             gold_z           lag=  7  m6_ic=0.0341
[18:36:53]     VAL PASS  MOEX10             oil_z            lag=  1  m6_ic=0.0992
[18:36:54]     VAL PASS  MOEX10             oil_z            lag= 14  m6_ic=0.0833
[18:36:54]     VAL PASS  MOEX10             ruble_z          lag=  1  m6_ic=0.1609
[18:36:54]     VAL PASS  MOEX10             ruble_z          lag=  7  m6_ic=0.1066
[18:36:54]     VAL PASS  MOEX10             ruble_z          lag= 14  m6_ic=0.0661
[18:36:55]     VAL PASS  MOEX10             ruble_z          lag= 30  m6_ic=0.0592
[18:36:55]     VAL PASS  MOEX10             sanctions_z      lag=  1  m6_ic=0.0987
[18:36:55]     VAL PASS  MOEX10             sanctions_z      lag= 14  m6_ic=0.1194
[18:36:55]     VAL PASS  MOEX10             sanctions_z      lag= 30  m6_ic=0.0984
[18:36:56]     VAL PASS  MOEX10             inflation_z      lag=  7  m6_ic=0.0601
[18:36:56]     VAL PASS  MOEX10             inflation_z      lag= 14  m6_ic=0.1025
[18:36:56]     VAL PASS  MOEX10             inflation_z      lag= 30  m6_ic=0.0734
[18:36:56]     VAL PASS  MOEX10             banking_z        lag=  1  m6_ic=0.0713
[18:36:56]     VAL PASS  MOEX10             banking_z        lag=  7  m6_ic=0.1327
[18:36:57]     VAL PASS  MOEX10             gold_z           lag=  1  m6_ic=0.0462
[18:36:57]     VAL PASS  MOEX10             gold_z           lag=  7  m6_ic=0.0313
[18:36:57]     VAL PASS  MOEX10             gold_z           lag= 14  m6_ic=0.0887
[18:36:57]     Val: 169/256 held
[18:36:57]   → train=256  val=169  max_ic=0.1673
[18:36:57] 
============================================================
[18:36:57] FINAL REPORT
[18:36:57] ============================================================
[18:36:57] Report: C:\project\signal_mind\analytics\phase_b\night_search\night_report_20260521_181814.md
[18:36:57] Hits CSV: C:\project\signal_mind\analytics\phase_b\night_search\night_hits_20260521_181814.csv
[18:36:57] 
  [9/15] sweep_keyword_z30_vol_5d  budget=66min  ic_gate=0.03  ens=M6_only
[18:36:57]   Config: sweep_keyword_z30_vol_5d
[18:36:57]     feature=keyword_z30  target=vol_5d  ensemble=M6_only  ic_min=0.03
[18:36:58]   HIT  SP500              oil_z            lag=  7 m5_p=0.8254  m6_ic=0.0637
[18:36:58]   HIT  SP500              oil_z            lag= 14 m5_p=0.7170  m6_ic=0.0936
[18:36:58]   HIT  SP500              oil_z            lag= 30 m5_p=0.2916  m6_ic=0.0516
[18:36:59]   HIT  SP500              rate_z           lag=  7 m5_p=0.7357  m6_ic=0.0370
[18:36:59]   HIT  SP500              rate_z           lag= 14 m5_p=0.9951  m6_ic=0.0679
[18:37:00]   HIT  SP500              ruble_z          lag= 30 m5_p=0.2154  m6_ic=0.0653
[18:37:01]   HIT  SP500              sanctions_z      lag= 14 m5_p=0.6295  m6_ic=0.0724
[18:37:01]   HIT  SP500              inflation_z      lag=  1 m5_p=0.5734  m6_ic=0.0578
[18:37:01]   HIT  SP500              inflation_z      lag=  7 m5_p=0.6216  m6_ic=0.0540
[18:37:02]   HIT  SP500              banking_z        lag=  7 m5_p=0.3767  m6_ic=0.0412
[18:37:03]   HIT  SP500              gold_z           lag=  7 m5_p=0.8404  m6_ic=0.1002
[18:37:03]   HIT  SP500              gold_z           lag= 14 m5_p=0.7661  m6_ic=0.0678
[18:37:04]   HIT  USD_RUB            oil_z            lag=  1 m5_p=0.5610  m6_ic=0.0303
[18:37:04]   HIT  USD_RUB            oil_z            lag=  7 m5_p=0.7301  m6_ic=0.0640
[18:37:04]   HIT  USD_RUB            oil_z            lag= 14 m5_p=0.5573  m6_ic=0.0307
[18:37:04]   HIT  USD_RUB            oil_z            lag= 30 m5_p=0.3761  m6_ic=0.0323
[18:37:04]   HIT  USD_RUB            rate_z           lag=  1 m5_p=0.9476  m6_ic=0.0959
[18:37:05]   HIT  USD_RUB            rate_z           lag= 14 m5_p=0.2823  m6_ic=0.0381
[18:37:05]   HIT  USD_RUB            ruble_z          lag=  1 m5_p=0.1170  m6_ic=0.0586
[18:37:05]   HIT  USD_RUB            ruble_z          lag=  7 m5_p=0.0983  m6_ic=0.0333
[18:37:06]   HIT  USD_RUB            ruble_z          lag= 14 m5_p=0.6695  m6_ic=0.1068
[18:37:06]   HIT  USD_RUB            ruble_z          lag= 30 m5_p=0.2572  m6_ic=0.0303
[18:37:06]   HIT  USD_RUB            sanctions_z      lag=  1 m5_p=0.1513  m6_ic=0.0917
[18:37:06]   HIT  USD_RUB            sanctions_z      lag=  7 m5_p=0.0612  m6_ic=0.0407
[18:37:07]   HIT  USD_RUB            sanctions_z      lag= 30 m5_p=0.0838  m6_ic=0.0403
[18:37:07]   HIT  USD_RUB            inflation_z      lag=  7 m5_p=0.4905  m6_ic=0.0813
[18:37:07]   HIT  USD_RUB            inflation_z      lag= 14 m5_p=0.2798  m6_ic=0.0500
[18:37:08]   HIT  USD_RUB            inflation_z      lag= 30 m5_p=0.6349  m6_ic=0.0538
[18:37:08]   HIT  USD_RUB            banking_z        lag=  1 m5_p=0.7376  m6_ic=0.0572
[18:37:08]   HIT  USD_RUB            banking_z        lag=  7 m5_p=0.1520  m6_ic=0.0568
[18:37:08]   HIT  USD_RUB            banking_z        lag= 30 m5_p=0.8190  m6_ic=0.0656
[18:37:09]   HIT  EUR_RUB            oil_z            lag=  1 m5_p=0.5610  m6_ic=0.0303
[18:37:10]   HIT  EUR_RUB            oil_z            lag=  7 m5_p=0.7301  m6_ic=0.0640
[18:37:10]   HIT  EUR_RUB            oil_z            lag= 14 m5_p=0.5573  m6_ic=0.0307
[18:37:10]   HIT  EUR_RUB            oil_z            lag= 30 m5_p=0.3761  m6_ic=0.0323
[18:37:10]   HIT  EUR_RUB            rate_z           lag=  1 m5_p=0.9476  m6_ic=0.0959
[18:37:11]   HIT  EUR_RUB            rate_z           lag= 14 m5_p=0.2823  m6_ic=0.0381
[18:37:11]   HIT  EUR_RUB            ruble_z          lag=  1 m5_p=0.1170  m6_ic=0.0586
[18:37:11]   HIT  EUR_RUB            ruble_z          lag=  7 m5_p=0.0983  m6_ic=0.0333
[18:37:11]   HIT  EUR_RUB            ruble_z          lag= 14 m5_p=0.6695  m6_ic=0.1068
[18:37:12]   HIT  EUR_RUB            ruble_z          lag= 30 m5_p=0.2572  m6_ic=0.0303
[18:37:12]   HIT  EUR_RUB            sanctions_z      lag=  1 m5_p=0.1513  m6_ic=0.0917
[18:37:12]   HIT  EUR_RUB            sanctions_z      lag=  7 m5_p=0.0612  m6_ic=0.0407
[18:37:12]   HIT  EUR_RUB            sanctions_z      lag= 30 m5_p=0.0838  m6_ic=0.0403
[18:37:13]   HIT  EUR_RUB            inflation_z      lag=  7 m5_p=0.4905  m6_ic=0.0813
[18:37:13]   HIT  EUR_RUB            inflation_z      lag= 14 m5_p=0.2798  m6_ic=0.0500
[18:37:13]   HIT  EUR_RUB            inflation_z      lag= 30 m5_p=0.6349  m6_ic=0.0538
[18:37:13]   HIT  EUR_RUB            banking_z        lag=  1 m5_p=0.7376  m6_ic=0.0572
[18:37:14]   HIT  EUR_RUB            banking_z        lag=  7 m5_p=0.1520  m6_ic=0.0568
[18:37:14]   HIT  EUR_RUB            banking_z        lag= 30 m5_p=0.8190  m6_ic=0.0656
[18:37:15]   HIT  DJ_SOUTH_AFRICA    oil_z            lag= 14 m5_p=0.2445  m6_ic=0.0489
[18:37:16]   HIT  DJ_SOUTH_AFRICA    rate_z           lag=  1 m5_p=0.6268  m6_ic=0.0775
[18:37:16]   HIT  DJ_SOUTH_AFRICA    rate_z           lag=  7 m5_p=0.8298  m6_ic=0.0342
[18:37:17]   HIT  DJ_SOUTH_AFRICA    rate_z           lag= 30 m5_p=0.6839  m6_ic=0.0726
[18:37:17]   HIT  DJ_SOUTH_AFRICA    ruble_z          lag=  1 m5_p=0.1001  m6_ic=0.0534
[18:37:17]   HIT  DJ_SOUTH_AFRICA    ruble_z          lag=  7 m5_p=0.4065  m6_ic=0.0595
[18:37:17]   HIT  DJ_SOUTH_AFRICA    ruble_z          lag= 30 m5_p=0.5463  m6_ic=0.0461
[18:37:18]   HIT  DJ_SOUTH_AFRICA    sanctions_z      lag=  1 m5_p=0.7442  m6_ic=0.0604
[18:37:18]   HIT  DJ_SOUTH_AFRICA    sanctions_z      lag= 14 m5_p=0.0128  m6_ic=0.0833
[18:37:18]   HIT  DJ_SOUTH_AFRICA    sanctions_z      lag= 30 m5_p=0.2280  m6_ic=0.1116
[18:37:19]   HIT  DJ_SOUTH_AFRICA    inflation_z      lag=  7 m5_p=0.0980  m6_ic=0.1431
[18:37:19]   HIT  DJ_SOUTH_AFRICA    banking_z        lag=  1 m5_p=0.3162  m6_ic=0.0328
[18:37:20]   HIT  DJ_SOUTH_AFRICA    banking_z        lag= 30 m5_p=0.2699  m6_ic=0.0477
[18:37:20]   HIT  DJ_SOUTH_AFRICA    gold_z           lag=  7 m5_p=0.8091  m6_ic=0.0329
[18:37:21]   HIT  DJ_SOUTH_AFRICA    gold_z           lag= 30 m5_p=0.8393  m6_ic=0.1079
[18:37:21]   HIT  MSCI_WORLD         oil_z            lag= 14 m5_p=0.2593  m6_ic=0.0384
[18:37:22]   HIT  MSCI_WORLD         rate_z           lag= 14 m5_p=0.5906  m6_ic=0.0762
[18:37:22]   HIT  MSCI_WORLD         rate_z           lag= 30 m5_p=0.7262  m6_ic=0.0625
[18:37:23]   HIT  MSCI_WORLD         ruble_z          lag=  1 m5_p=0.9537  m6_ic=0.0402
[18:37:23]   HIT  MSCI_WORLD         ruble_z          lag=  7 m5_p=0.8457  m6_ic=0.0720
[18:37:23]   HIT  MSCI_WORLD         sanctions_z      lag=  1 m5_p=0.8301  m6_ic=0.0666
[18:37:24]   HIT  MSCI_WORLD         sanctions_z      lag= 14 m5_p=0.0116  m6_ic=0.0751
[18:37:24]   HIT  MSCI_WORLD         inflation_z      lag=  1 m5_p=0.3657  m6_ic=0.0524
[18:37:26]   HIT  MSCI_WORLD         banking_z        lag= 30 m5_p=0.8740  m6_ic=0.0714
[18:37:26]   HIT  MSCI_WORLD         gold_z           lag= 14 m5_p=0.2426  m6_ic=0.0489
[18:37:27]   HIT  MSCI_WORLD         gold_z           lag= 30 m5_p=0.9033  m6_ic=0.1028
[18:37:27]   HIT  DXY                oil_z            lag=  1 m5_p=0.0363  m6_ic=0.0493
[18:37:27]   HIT  DXY                oil_z            lag=  7 m5_p=0.4332  m6_ic=0.0514
[18:37:28]   HIT  DXY                oil_z            lag= 30 m5_p=0.9929  m6_ic=0.0315
[18:37:28]   HIT  DXY                rate_z           lag=  1 m5_p=0.0870  m6_ic=0.0481
[18:37:28]   HIT  DXY                rate_z           lag=  7 m5_p=0.2159  m6_ic=0.0660
[18:37:28]   HIT  DXY                rate_z           lag= 14 m5_p=0.4269  m6_ic=0.0606
[18:37:28]   HIT  DXY                rate_z           lag= 30 m5_p=0.1851  m6_ic=0.0488
[18:37:28]   HIT  DXY                ruble_z          lag=  1 m5_p=0.5830  m6_ic=0.0457
[18:37:29]   HIT  DXY                ruble_z          lag= 14 m5_p=0.3215  m6_ic=0.0417
[18:37:30]   HIT  DXY                sanctions_z      lag= 30 m5_p=0.7737  m6_ic=0.0507
[18:37:30]   HIT  DXY                inflation_z      lag=  7 m5_p=0.3826  m6_ic=0.0533
[18:37:31]   HIT  DXY                inflation_z      lag= 14 m5_p=0.8770  m6_ic=0.0450
[18:37:31]   HIT  DXY                banking_z        lag=  1 m5_p=0.1827  m6_ic=0.0520
[18:37:31]   HIT  DXY                banking_z        lag=  7 m5_p=0.7330  m6_ic=0.0326
[18:37:31]   HIT  DXY                banking_z        lag= 14 m5_p=0.9784  m6_ic=0.0366
[18:37:32]   HIT  DXY                gold_z           lag=  7 m5_p=0.1562  m6_ic=0.0631
[18:37:32]   HIT  DXY                gold_z           lag= 14 m5_p=0.7091  m6_ic=0.0767
[18:37:33]   HIT  BRENT              oil_z            lag=  7 m5_p=0.7839  m6_ic=0.0578
[18:37:33]   HIT  BRENT              oil_z            lag= 30 m5_p=0.7896  m6_ic=0.0534
[18:37:33]   HIT  BRENT              rate_z           lag=  1 m5_p=0.4639  m6_ic=0.0489
[18:37:34]   HIT  BRENT              rate_z           lag= 30 m5_p=0.7557  m6_ic=0.1055
[18:37:34]   HIT  BRENT              ruble_z          lag=  1 m5_p=0.1300  m6_ic=0.0318
[18:37:34]   HIT  BRENT              ruble_z          lag=  7 m5_p=0.3462  m6_ic=0.0456
[18:37:34]   HIT  BRENT              ruble_z          lag= 14 m5_p=0.3931  m6_ic=0.0431
[18:37:35]   HIT  BRENT              ruble_z          lag= 30 m5_p=0.3398  m6_ic=0.0647
[18:37:35]   HIT  BRENT              sanctions_z      lag=  1 m5_p=0.9551  m6_ic=0.0360
[18:37:35]   HIT  BRENT              sanctions_z      lag=  7 m5_p=0.7252  m6_ic=0.0542
[18:37:35]   HIT  BRENT              sanctions_z      lag= 14 m5_p=0.2424  m6_ic=0.0325
[18:37:36]   HIT  BRENT              inflation_z      lag=  1 m5_p=0.3106  m6_ic=0.0379
[18:37:36]   HIT  BRENT              inflation_z      lag=  7 m5_p=0.8715  m6_ic=0.0712
[18:37:36]   HIT  BRENT              inflation_z      lag= 14 m5_p=0.9169  m6_ic=0.0952
[18:37:36]   HIT  BRENT              banking_z        lag=  1 m5_p=0.8083  m6_ic=0.0307
[18:37:37]   HIT  BRENT              gold_z           lag=  1 m5_p=0.2283  m6_ic=0.0394
[18:37:37]   HIT  BRENT              gold_z           lag=  7 m5_p=0.5565  m6_ic=0.0647
[18:37:38]   HIT  BRENT              gold_z           lag= 14 m5_p=0.4285  m6_ic=0.0621
[18:37:38]   HIT  BRENT              gold_z           lag= 30 m5_p=0.5484  m6_ic=0.0543
[18:37:39]   HIT  MSCI_INDIA         oil_z            lag= 30 m5_p=0.7651  m6_ic=0.0559
[18:37:39]   HIT  MSCI_INDIA         rate_z           lag=  7 m5_p=0.8927  m6_ic=0.1361
[18:37:39]   HIT  MSCI_INDIA         rate_z           lag= 14 m5_p=0.4433  m6_ic=0.0622
[18:37:40]   HIT  MSCI_INDIA         rate_z           lag= 30 m5_p=0.8638  m6_ic=0.0670
[18:37:40]   HIT  MSCI_INDIA         ruble_z          lag=  7 m5_p=0.4872  m6_ic=0.0582
[18:37:40]   HIT  MSCI_INDIA         ruble_z          lag= 30 m5_p=0.9102  m6_ic=0.0868
[18:37:41]   HIT  MSCI_INDIA         sanctions_z      lag=  7 m5_p=0.7171  m6_ic=0.0578
[18:37:41]   HIT  MSCI_INDIA         sanctions_z      lag= 14 m5_p=0.1846  m6_ic=0.0535
[18:37:41]   HIT  MSCI_INDIA         sanctions_z      lag= 30 m5_p=0.7792  m6_ic=0.0746
[18:37:42]   HIT  MSCI_INDIA         inflation_z      lag=  1 m5_p=0.6167  m6_ic=0.0647
[18:37:42]   HIT  MSCI_INDIA         inflation_z      lag= 14 m5_p=0.4628  m6_ic=0.0468
[18:37:42]   HIT  MSCI_INDIA         inflation_z      lag= 30 m5_p=0.6596  m6_ic=0.1025
[18:37:42]   HIT  MSCI_INDIA         banking_z        lag=  1 m5_p=0.5225  m6_ic=0.0366
[18:37:42]   HIT  MSCI_INDIA         banking_z        lag=  7 m5_p=0.8542  m6_ic=0.0774
[18:37:43]   HIT  MSCI_INDIA         banking_z        lag= 30 m5_p=0.5461  m6_ic=0.0413
[18:37:43]   HIT  MSCI_INDIA         gold_z           lag=  1 m5_p=0.6699  m6_ic=0.0731
[18:37:43]   HIT  MSCI_INDIA         gold_z           lag=  7 m5_p=0.7335  m6_ic=0.0816
[18:37:44]   HIT  MSCI_INDIA         gold_z           lag= 14 m5_p=0.2159  m6_ic=0.0415
[18:37:44]   HIT  CHINA_H_SHARES     oil_z            lag=  1 m5_p=0.5007  m6_ic=0.0682
[18:37:44]   HIT  CHINA_H_SHARES     oil_z            lag= 14 m5_p=0.9264  m6_ic=0.0303
[18:37:45]   HIT  CHINA_H_SHARES     oil_z            lag= 30 m5_p=0.7034  m6_ic=0.0355
[18:37:45]   HIT  CHINA_H_SHARES     rate_z           lag=  1 m5_p=0.0394  m6_ic=0.0625
[18:37:45]   HIT  CHINA_H_SHARES     rate_z           lag=  7 m5_p=0.9527  m6_ic=0.0309
[18:37:45]   HIT  CHINA_H_SHARES     rate_z           lag= 30 m5_p=0.2030  m6_ic=0.0536
[18:37:46]   HIT  CHINA_H_SHARES     ruble_z          lag= 30 m5_p=0.8266  m6_ic=0.1344
[18:37:46]   HIT  CHINA_H_SHARES     sanctions_z      lag=  7 m5_p=0.5359  m6_ic=0.0714
[18:37:47]   HIT  CHINA_H_SHARES     inflation_z      lag=  7 m5_p=0.2935  m6_ic=0.0476
[18:37:47]   HIT  CHINA_H_SHARES     inflation_z      lag= 14 m5_p=0.9861  m6_ic=0.0413
[18:37:48]   HIT  CHINA_H_SHARES     inflation_z      lag= 30 m5_p=0.3077  m6_ic=0.0691
[18:37:48]   HIT  CHINA_H_SHARES     banking_z        lag=  7 m5_p=0.9120  m6_ic=0.0448
[18:37:49]   HIT  CHINA_H_SHARES     banking_z        lag= 30 m5_p=0.9935  m6_ic=0.0303
[18:37:49]   HIT  CHINA_H_SHARES     gold_z           lag=  7 m5_p=0.2118  m6_ic=0.0623
[18:37:49]   HIT  CHINA_H_SHARES     gold_z           lag= 14 m5_p=0.3874  m6_ic=0.0751
[18:37:49]   HIT  CHINA_H_SHARES     gold_z           lag= 30 m5_p=0.8381  m6_ic=0.1381
[18:37:50]   HIT  FTSE_CHINA_50      oil_z            lag=  1 m5_p=0.4869  m6_ic=0.0508
[18:37:50]   HIT  FTSE_CHINA_50      oil_z            lag=  7 m5_p=0.5115  m6_ic=0.0432
[18:37:50]   HIT  FTSE_CHINA_50      rate_z           lag=  1 m5_p=0.0335  m6_ic=0.0535
[18:37:51]   HIT  FTSE_CHINA_50      rate_z           lag= 30 m5_p=0.1565  m6_ic=0.0537
[18:37:52]   HIT  FTSE_CHINA_50      ruble_z          lag= 30 m5_p=0.6544  m6_ic=0.1647
[18:37:52]   HIT  FTSE_CHINA_50      sanctions_z      lag=  7 m5_p=0.4652  m6_ic=0.0412
[18:37:52]   HIT  FTSE_CHINA_50      sanctions_z      lag= 14 m5_p=0.6119  m6_ic=0.0333
[18:37:53]   HIT  FTSE_CHINA_50      inflation_z      lag=  7 m5_p=0.1893  m6_ic=0.0572
[18:37:53]   HIT  FTSE_CHINA_50      inflation_z      lag= 30 m5_p=0.2971  m6_ic=0.0659
[18:37:54]   HIT  FTSE_CHINA_50      banking_z        lag=  7 m5_p=0.9990  m6_ic=0.0715
[18:37:54]   HIT  FTSE_CHINA_50      banking_z        lag= 30 m5_p=0.6948  m6_ic=0.0381
[18:37:55]   HIT  FTSE_CHINA_50      gold_z           lag= 14 m5_p=0.4126  m6_ic=0.0722
[18:37:55]   HIT  FTSE_CHINA_50      gold_z           lag= 30 m5_p=0.6982  m6_ic=0.1673
[18:37:56]   HIT  GOLD               oil_z            lag= 14 m5_p=0.9423  m6_ic=0.0494
[18:37:56]   HIT  GOLD               oil_z            lag= 30 m5_p=0.8657  m6_ic=0.0466
[18:37:56]   HIT  GOLD               rate_z           lag= 14 m5_p=0.2299  m6_ic=0.0556
[18:37:57]   HIT  GOLD               rate_z           lag= 30 m5_p=0.8995  m6_ic=0.0703
[18:37:57]   HIT  GOLD               ruble_z          lag=  7 m5_p=0.8962  m6_ic=0.0833
[18:37:57]   HIT  GOLD               ruble_z          lag= 30 m5_p=0.5798  m6_ic=0.1072
[18:37:58]   HIT  GOLD               sanctions_z      lag= 30 m5_p=0.0589  m6_ic=0.0337
[18:37:58]   HIT  GOLD               inflation_z      lag=  1 m5_p=0.2236  m6_ic=0.0706
[18:37:58]   HIT  GOLD               inflation_z      lag=  7 m5_p=0.0360  m6_ic=0.0828
[18:37:59]   HIT  GOLD               inflation_z      lag= 14 m5_p=0.2796  m6_ic=0.0821
[18:37:59]   HIT  GOLD               banking_z        lag=  7 m5_p=0.1881  m6_ic=0.0517
[18:38:00]   HIT  GOLD               gold_z           lag=  7 m5_p=0.8343  m6_ic=0.0883
[18:38:00]   HIT  GOLD               gold_z           lag= 14 m5_p=0.0620  m6_ic=0.0426
[18:38:00]   HIT  GOLD               gold_z           lag= 30 m5_p=0.4217  m6_ic=0.1003
[18:38:01]   HIT  SILVER             oil_z            lag= 30 m5_p=0.5578  m6_ic=0.0395
[18:38:01]   HIT  SILVER             rate_z           lag=  1 m5_p=0.3262  m6_ic=0.1287
[18:38:02]   HIT  SILVER             rate_z           lag=  7 m5_p=0.4661  m6_ic=0.1086
[18:38:02]   HIT  SILVER             rate_z           lag= 30 m5_p=0.3550  m6_ic=0.0769
[18:38:02]   HIT  SILVER             ruble_z          lag=  7 m5_p=0.4738  m6_ic=0.1011
[18:38:03]   HIT  SILVER             ruble_z          lag= 30 m5_p=0.9263  m6_ic=0.1441
[18:38:03]   HIT  SILVER             sanctions_z      lag=  1 m5_p=0.0249  m6_ic=0.0386
[18:38:03]   HIT  SILVER             sanctions_z      lag=  7 m5_p=0.7252  m6_ic=0.0312
[18:38:03]   HIT  SILVER             sanctions_z      lag= 14 m5_p=0.1365  m6_ic=0.0670
[18:38:03]   HIT  SILVER             sanctions_z      lag= 30 m5_p=0.2364  m6_ic=0.0555
[18:38:04]   HIT  SILVER             inflation_z      lag=  7 m5_p=0.3122  m6_ic=0.1119
[18:38:04]   HIT  SILVER             inflation_z      lag= 30 m5_p=0.6434  m6_ic=0.0400
[18:38:04]   HIT  SILVER             banking_z        lag=  1 m5_p=0.7370  m6_ic=0.0924
[18:38:04]   HIT  SILVER             banking_z        lag=  7 m5_p=0.5184  m6_ic=0.0301
[18:38:05]   HIT  SILVER             gold_z           lag=  1 m5_p=0.0584  m6_ic=0.0631
[18:38:05]   HIT  SILVER             gold_z           lag=  7 m5_p=0.7577  m6_ic=0.0361
[18:38:06]   HIT  SILVER             gold_z           lag= 30 m5_p=0.4651  m6_ic=0.0403
[18:38:06]   HIT  IMOEX              oil_z            lag=  1 m5_p=0.3571  m6_ic=0.0696
[18:38:06]   HIT  IMOEX              oil_z            lag= 30 m5_p=0.6406  m6_ic=0.0514
[18:38:07]   HIT  IMOEX              rate_z           lag= 14 m5_p=0.2562  m6_ic=0.0502
[18:38:07]   HIT  IMOEX              rate_z           lag= 30 m5_p=0.6107  m6_ic=0.1322
[18:38:07]   HIT  IMOEX              ruble_z          lag=  1 m5_p=0.9408  m6_ic=0.0597
[18:38:08]   HIT  IMOEX              ruble_z          lag=  7 m5_p=0.0458  m6_ic=0.0690
[18:38:08]   HIT  IMOEX              ruble_z          lag= 30 m5_p=0.9180  m6_ic=0.0665
[18:38:08]   HIT  IMOEX              sanctions_z      lag=  1 m5_p=0.2181  m6_ic=0.0803
[18:38:09]   HIT  IMOEX              sanctions_z      lag= 14 m5_p=0.6950  m6_ic=0.0354
[18:38:09]   HIT  IMOEX              inflation_z      lag= 14 m5_p=0.5925  m6_ic=0.0569
[18:38:10]   HIT  IMOEX              banking_z        lag=  7 m5_p=0.2841  m6_ic=0.0595
[18:38:10]   HIT  IMOEX              banking_z        lag= 30 m5_p=0.1178  m6_ic=0.0730
[18:38:11]   HIT  IMOEX              gold_z           lag=  1 m5_p=0.4821  m6_ic=0.0339
[18:38:11]   HIT  IMOEX              gold_z           lag=  7 m5_p=0.4466  m6_ic=0.0328
[18:38:11]   HIT  IMOEX              gold_z           lag= 30 m5_p=0.2917  m6_ic=0.0386
[18:38:11]   HIT  MOEXFN             oil_z            lag=  1 m5_p=0.5560  m6_ic=0.0727
[18:38:12]   HIT  MOEXFN             oil_z            lag= 14 m5_p=0.6731  m6_ic=0.0373
[18:38:12]   HIT  MOEXFN             oil_z            lag= 30 m5_p=0.9520  m6_ic=0.0368
[18:38:12]   HIT  MOEXFN             rate_z           lag=  1 m5_p=0.5857  m6_ic=0.0614
[18:38:12]   HIT  MOEXFN             rate_z           lag=  7 m5_p=0.0649  m6_ic=0.0671
[18:38:13]   HIT  MOEXFN             rate_z           lag= 30 m5_p=0.6743  m6_ic=0.0361
[18:38:13]   HIT  MOEXFN             ruble_z          lag=  7 m5_p=0.2908  m6_ic=0.0524
[18:38:14]   HIT  MOEXFN             sanctions_z      lag=  1 m5_p=0.0248  m6_ic=0.0434
[18:38:14]   HIT  MOEXFN             sanctions_z      lag=  7 m5_p=0.7560  m6_ic=0.0796
[18:38:14]   HIT  MOEXFN             sanctions_z      lag= 14 m5_p=0.4188  m6_ic=0.0373
[18:38:14]   HIT  MOEXFN             sanctions_z      lag= 30 m5_p=0.7065  m6_ic=0.0382
[18:38:15]   HIT  MOEXFN             inflation_z      lag=  7 m5_p=0.1289  m6_ic=0.0524
[18:38:15]   HIT  MOEXFN             banking_z        lag=  1 m5_p=0.9847  m6_ic=0.0305
[18:38:16]   HIT  MOEXFN             banking_z        lag=  7 m5_p=0.6786  m6_ic=0.1007
[18:38:16]   HIT  MOEXFN             banking_z        lag= 14 m5_p=0.2242  m6_ic=0.0325
[18:38:16]   HIT  MOEXFN             banking_z        lag= 30 m5_p=0.3350  m6_ic=0.0362
[18:38:16]   HIT  MOEXFN             gold_z           lag=  1 m5_p=0.4996  m6_ic=0.0451
[18:38:17]   HIT  MOEXFN             gold_z           lag= 30 m5_p=0.7046  m6_ic=0.0342
[18:38:17]   HIT  MOEXOG             oil_z            lag=  1 m5_p=0.3724  m6_ic=0.0631
[18:38:18]   HIT  MOEXOG             oil_z            lag= 30 m5_p=0.4142  m6_ic=0.0327
[18:38:18]   HIT  MOEXOG             rate_z           lag=  1 m5_p=0.4612  m6_ic=0.0707
[18:38:18]   HIT  MOEXOG             rate_z           lag= 14 m5_p=0.2424  m6_ic=0.0662
[18:38:19]   HIT  MOEXOG             ruble_z          lag=  1 m5_p=0.8949  m6_ic=0.1057
[18:38:19]   HIT  MOEXOG             ruble_z          lag= 14 m5_p=0.7465  m6_ic=0.0580
[18:38:19]   HIT  MOEXOG             ruble_z          lag= 30 m5_p=0.7976  m6_ic=0.0729
[18:38:20]   HIT  MOEXOG             sanctions_z      lag= 30 m5_p=0.9910  m6_ic=0.0468
[18:38:21]   HIT  MOEXOG             inflation_z      lag= 14 m5_p=0.8699  m6_ic=0.0607
[18:38:21]   HIT  MOEXOG             inflation_z      lag= 30 m5_p=0.6597  m6_ic=0.0801
[18:38:21]   HIT  MOEXOG             banking_z        lag=  1 m5_p=0.6315  m6_ic=0.0497
[18:38:22]   HIT  MOEXOG             gold_z           lag=  1 m5_p=0.3783  m6_ic=0.0514
[18:38:22]   HIT  MOEXOG             gold_z           lag=  7 m5_p=0.5586  m6_ic=0.0352
[18:38:23]   HIT  MOEX10             oil_z            lag=  1 m5_p=0.5139  m6_ic=0.0434
[18:38:23]   HIT  MOEX10             oil_z            lag=  7 m5_p=0.5069  m6_ic=0.0678
[18:38:23]   HIT  MOEX10             oil_z            lag= 14 m5_p=0.9103  m6_ic=0.0741
[18:38:24]   HIT  MOEX10             rate_z           lag= 30 m5_p=0.7390  m6_ic=0.0537
[18:38:24]   HIT  MOEX10             ruble_z          lag=  1 m5_p=0.6965  m6_ic=0.0453
[18:38:24]   HIT  MOEX10             ruble_z          lag=  7 m5_p=0.2110  m6_ic=0.0537
[18:38:25]   HIT  MOEX10             ruble_z          lag= 14 m5_p=0.6922  m6_ic=0.0383
[18:38:25]   HIT  MOEX10             ruble_z          lag= 30 m5_p=0.9554  m6_ic=0.0429
[18:38:25]   HIT  MOEX10             sanctions_z      lag=  1 m5_p=0.1513  m6_ic=0.0704
[18:38:25]   HIT  MOEX10             sanctions_z      lag=  7 m5_p=0.3906  m6_ic=0.0342
[18:38:25]   HIT  MOEX10             sanctions_z      lag= 14 m5_p=0.3927  m6_ic=0.0471
[18:38:26]   HIT  MOEX10             sanctions_z      lag= 30 m5_p=0.5885  m6_ic=0.0451
[18:38:26]   HIT  MOEX10             inflation_z      lag=  7 m5_p=0.1923  m6_ic=0.0489
[18:38:26]   HIT  MOEX10             inflation_z      lag= 14 m5_p=0.7230  m6_ic=0.0916
[18:38:26]   HIT  MOEX10             inflation_z      lag= 30 m5_p=0.7268  m6_ic=0.0455
[18:38:27]   HIT  MOEX10             banking_z        lag=  1 m5_p=0.8517  m6_ic=0.0351
[18:38:27]   HIT  MOEX10             banking_z        lag=  7 m5_p=0.3048  m6_ic=0.0330
[18:38:27]   HIT  MOEX10             gold_z           lag=  1 m5_p=0.6710  m6_ic=0.0428
[18:38:28]   HIT  MOEX10             gold_z           lag=  7 m5_p=0.2770  m6_ic=0.0721
[18:38:28]   HIT  MOEX10             gold_z           lag= 14 m5_p=0.9879  m6_ic=0.0520
[18:38:28]     Train: 256 signals
[18:38:28]     Val holdout (256 candidates)...
[18:38:28]     VAL PASS  SP500              oil_z            lag=  7  m6_ic=0.1011
[18:38:28]     VAL PASS  SP500              oil_z            lag= 14  m6_ic=0.0545
[18:38:29]     VAL PASS  SP500              sanctions_z      lag= 14  m6_ic=0.0620
[18:38:30]     VAL PASS  SP500              inflation_z      lag=  1  m6_ic=0.0769
[18:38:30]     VAL PASS  SP500              inflation_z      lag=  7  m6_ic=0.0609
[18:38:30]     VAL PASS  SP500              banking_z        lag=  7  m6_ic=0.0528
[18:38:30]     VAL PASS  SP500              gold_z           lag=  7  m6_ic=0.0639
[18:38:30]     VAL PASS  SP500              gold_z           lag= 14  m6_ic=0.0975
[18:38:31]     VAL PASS  USD_RUB            oil_z            lag=  1  m6_ic=0.0833
[18:38:31]     VAL PASS  USD_RUB            oil_z            lag=  7  m6_ic=0.0905
[18:38:31]     VAL PASS  USD_RUB            oil_z            lag= 14  m6_ic=0.0654
[18:38:31]     VAL PASS  USD_RUB            oil_z            lag= 30  m6_ic=0.0777
[18:38:32]     VAL PASS  USD_RUB            rate_z           lag= 14  m6_ic=0.0451
[18:38:33]     VAL PASS  USD_RUB            inflation_z      lag=  7  m6_ic=0.1676
[18:38:34]     VAL PASS  USD_RUB            inflation_z      lag= 30  m6_ic=0.0647
[18:38:34]     VAL PASS  USD_RUB            banking_z        lag=  7  m6_ic=0.0651
[18:38:35]     VAL PASS  EUR_RUB            oil_z            lag=  1  m6_ic=0.0833
[18:38:35]     VAL PASS  EUR_RUB            oil_z            lag=  7  m6_ic=0.0905
[18:38:35]     VAL PASS  EUR_RUB            oil_z            lag= 14  m6_ic=0.0654
[18:38:35]     VAL PASS  EUR_RUB            oil_z            lag= 30  m6_ic=0.0777
[18:38:36]     VAL PASS  EUR_RUB            rate_z           lag= 14  m6_ic=0.0451
[18:38:37]     VAL PASS  EUR_RUB            inflation_z      lag=  7  m6_ic=0.1676
[18:38:38]     VAL PASS  EUR_RUB            inflation_z      lag= 30  m6_ic=0.0647
[18:38:38]     VAL PASS  EUR_RUB            banking_z        lag=  7  m6_ic=0.0651
[18:38:38]     VAL PASS  DJ_SOUTH_AFRICA    oil_z            lag= 14  m6_ic=0.0918
[18:38:39]     VAL PASS  DJ_SOUTH_AFRICA    rate_z           lag=  1  m6_ic=0.0730
[18:38:39]     VAL PASS  DJ_SOUTH_AFRICA    rate_z           lag= 30  m6_ic=0.0806
[18:38:39]     VAL PASS  DJ_SOUTH_AFRICA    ruble_z          lag=  1  m6_ic=0.0687
[18:38:39]     VAL PASS  DJ_SOUTH_AFRICA    ruble_z          lag=  7  m6_ic=0.0321
[18:38:40]     VAL PASS  DJ_SOUTH_AFRICA    sanctions_z      lag=  1  m6_ic=0.0403
[18:38:40]     VAL PASS  DJ_SOUTH_AFRICA    sanctions_z      lag= 14  m6_ic=0.0649
[18:38:40]     VAL PASS  DJ_SOUTH_AFRICA    sanctions_z      lag= 30  m6_ic=0.1084
[18:38:40]     VAL PASS  DJ_SOUTH_AFRICA    inflation_z      lag=  7  m6_ic=0.0890
[18:38:41]     VAL PASS  DJ_SOUTH_AFRICA    banking_z        lag=  1  m6_ic=0.0834
[18:38:41]     VAL PASS  DJ_SOUTH_AFRICA    banking_z        lag= 30  m6_ic=0.0524
[18:38:41]     VAL PASS  DJ_SOUTH_AFRICA    gold_z           lag=  7  m6_ic=0.0344
[18:38:41]     VAL PASS  DJ_SOUTH_AFRICA    gold_z           lag= 30  m6_ic=0.0782
[18:38:42]     VAL PASS  MSCI_WORLD         rate_z           lag= 30  m6_ic=0.1301
[18:38:42]     VAL PASS  MSCI_WORLD         ruble_z          lag=  1  m6_ic=0.0343
[18:38:42]     VAL PASS  MSCI_WORLD         ruble_z          lag=  7  m6_ic=0.0589
[18:38:42]     VAL PASS  MSCI_WORLD         sanctions_z      lag=  1  m6_ic=0.0843
[18:38:43]     VAL PASS  MSCI_WORLD         inflation_z      lag=  1  m6_ic=0.0905
[18:38:43]     VAL PASS  MSCI_WORLD         banking_z        lag= 30  m6_ic=0.0447
[18:38:43]     VAL PASS  MSCI_WORLD         gold_z           lag= 14  m6_ic=0.0447
[18:38:43]     VAL PASS  MSCI_WORLD         gold_z           lag= 30  m6_ic=0.0346
[18:38:44]     VAL PASS  DXY                oil_z            lag=  1  m6_ic=0.0744
[18:38:44]     VAL PASS  DXY                oil_z            lag= 30  m6_ic=0.1209
[18:38:44]     VAL PASS  DXY                rate_z           lag=  7  m6_ic=0.0505
[18:38:45]     VAL PASS  DXY                rate_z           lag= 14  m6_ic=0.0737
[18:38:45]     VAL PASS  DXY                rate_z           lag= 30  m6_ic=0.0588
[18:38:45]     VAL PASS  DXY                ruble_z          lag=  1  m6_ic=0.1166
[18:38:45]     VAL PASS  DXY                sanctions_z      lag= 30  m6_ic=0.0454
[18:38:46]     VAL PASS  DXY                inflation_z      lag=  7  m6_ic=0.0523
[18:38:46]     VAL PASS  DXY                inflation_z      lag= 14  m6_ic=0.0854
[18:38:46]     VAL PASS  DXY                banking_z        lag=  1  m6_ic=0.0692
[18:38:46]     VAL PASS  DXY                banking_z        lag=  7  m6_ic=0.0691
[18:38:47]     VAL PASS  DXY                banking_z        lag= 14  m6_ic=0.0665
[18:38:47]     VAL PASS  DXY                gold_z           lag= 14  m6_ic=0.0577
[18:38:48]     VAL PASS  BRENT              rate_z           lag=  1  m6_ic=0.0793
[18:38:48]     VAL PASS  BRENT              rate_z           lag= 30  m6_ic=0.0572
[18:38:48]     VAL PASS  BRENT              ruble_z          lag=  1  m6_ic=0.0634
[18:38:48]     VAL PASS  BRENT              ruble_z          lag=  7  m6_ic=0.0466
[18:38:48]     VAL PASS  BRENT              ruble_z          lag= 14  m6_ic=0.0378
[18:38:49]     VAL PASS  BRENT              sanctions_z      lag=  1  m6_ic=0.0554
[18:38:49]     VAL PASS  BRENT              sanctions_z      lag=  7  m6_ic=0.0620
[18:38:49]     VAL PASS  BRENT              inflation_z      lag=  1  m6_ic=0.0478
[18:38:50]     VAL PASS  BRENT              inflation_z      lag=  7  m6_ic=0.1761
[18:38:50]     VAL PASS  BRENT              inflation_z      lag= 14  m6_ic=0.0414
[18:38:50]     VAL PASS  BRENT              banking_z        lag=  1  m6_ic=0.0363
[18:38:50]     VAL PASS  BRENT              gold_z           lag=  7  m6_ic=0.0345
[18:38:51]     VAL PASS  BRENT              gold_z           lag= 14  m6_ic=0.0691
[18:38:51]     VAL PASS  MSCI_INDIA         rate_z           lag= 14  m6_ic=0.0335
[18:38:52]     VAL PASS  MSCI_INDIA         ruble_z          lag= 30  m6_ic=0.1518
[18:38:52]     VAL PASS  MSCI_INDIA         sanctions_z      lag=  7  m6_ic=0.0641
[18:38:52]     VAL PASS  MSCI_INDIA         sanctions_z      lag= 14  m6_ic=0.1376
[18:38:53]     VAL PASS  MSCI_INDIA         sanctions_z      lag= 30  m6_ic=0.1001
[18:38:53]     VAL PASS  MSCI_INDIA         inflation_z      lag=  1  m6_ic=0.0539
[18:38:53]     VAL PASS  MSCI_INDIA         inflation_z      lag= 14  m6_ic=0.0767
[18:38:53]     VAL PASS  MSCI_INDIA         inflation_z      lag= 30  m6_ic=0.0449
[18:38:54]     VAL PASS  MSCI_INDIA         banking_z        lag=  1  m6_ic=0.0740
[18:38:54]     VAL PASS  MSCI_INDIA         banking_z        lag= 30  m6_ic=0.0373
[18:38:55]     VAL PASS  CHINA_H_SHARES     oil_z            lag= 14  m6_ic=0.0819
[18:38:55]     VAL PASS  CHINA_H_SHARES     oil_z            lag= 30  m6_ic=0.1345
[18:38:56]     VAL PASS  CHINA_H_SHARES     rate_z           lag= 30  m6_ic=0.0634
[18:38:56]     VAL PASS  CHINA_H_SHARES     ruble_z          lag= 30  m6_ic=0.1047
[18:38:56]     VAL PASS  CHINA_H_SHARES     sanctions_z      lag=  7  m6_ic=0.0629
[18:38:56]     VAL PASS  CHINA_H_SHARES     inflation_z      lag=  7  m6_ic=0.0581
[18:38:57]     VAL PASS  CHINA_H_SHARES     inflation_z      lag= 14  m6_ic=0.0627
[18:38:57]     VAL PASS  CHINA_H_SHARES     inflation_z      lag= 30  m6_ic=0.0476
[18:38:57]     VAL PASS  CHINA_H_SHARES     banking_z        lag= 30  m6_ic=0.0314
[18:38:58]     VAL PASS  CHINA_H_SHARES     gold_z           lag= 14  m6_ic=0.0441
[18:38:58]     VAL PASS  CHINA_H_SHARES     gold_z           lag= 30  m6_ic=0.0597
[18:38:59]     VAL PASS  FTSE_CHINA_50      rate_z           lag=  1  m6_ic=0.0893
[18:38:59]     VAL PASS  FTSE_CHINA_50      rate_z           lag= 30  m6_ic=0.0603
[18:38:59]     VAL PASS  FTSE_CHINA_50      ruble_z          lag= 30  m6_ic=0.1202
[18:38:59]     VAL PASS  FTSE_CHINA_50      sanctions_z      lag=  7  m6_ic=0.0326
[18:39:00]     VAL PASS  FTSE_CHINA_50      inflation_z      lag= 30  m6_ic=0.1323
[18:39:00]     VAL PASS  FTSE_CHINA_50      banking_z        lag=  7  m6_ic=0.0824
[18:39:01]     VAL PASS  FTSE_CHINA_50      gold_z           lag= 14  m6_ic=0.0384
[18:39:01]     VAL PASS  FTSE_CHINA_50      gold_z           lag= 30  m6_ic=0.0801
[18:39:01]     VAL PASS  GOLD               oil_z            lag= 30  m6_ic=0.0961
[18:39:02]     VAL PASS  GOLD               rate_z           lag= 30  m6_ic=0.0734
[18:39:02]     VAL PASS  GOLD               sanctions_z      lag= 30  m6_ic=0.0315
[18:39:03]     VAL PASS  GOLD               inflation_z      lag= 14  m6_ic=0.0464
[18:39:03]     VAL PASS  GOLD               gold_z           lag=  7  m6_ic=0.0580
[18:39:04]     VAL PASS  GOLD               gold_z           lag= 30  m6_ic=0.0790
[18:39:04]     VAL PASS  SILVER             rate_z           lag=  1  m6_ic=0.0647
[18:39:04]     VAL PASS  SILVER             rate_z           lag=  7  m6_ic=0.0771
[18:39:04]     VAL PASS  SILVER             rate_z           lag= 30  m6_ic=0.0806
[18:39:05]     VAL PASS  SILVER             ruble_z          lag= 30  m6_ic=0.0839
[18:39:05]     VAL PASS  SILVER             sanctions_z      lag=  7  m6_ic=0.0307
[18:39:05]     VAL PASS  SILVER             sanctions_z      lag= 14  m6_ic=0.0913
[18:39:05]     VAL PASS  SILVER             sanctions_z      lag= 30  m6_ic=0.0898
[18:39:07]     VAL PASS  SILVER             gold_z           lag=  7  m6_ic=0.1005
[18:39:07]     VAL PASS  IMOEX              oil_z            lag=  1  m6_ic=0.1311
[18:39:07]     VAL PASS  IMOEX              oil_z            lag= 30  m6_ic=0.0792
[18:39:07]     VAL PASS  IMOEX              rate_z           lag= 14  m6_ic=0.0772
[18:39:08]     VAL PASS  IMOEX              rate_z           lag= 30  m6_ic=0.0553
[18:39:08]     VAL PASS  IMOEX              ruble_z          lag=  1  m6_ic=0.1524
[18:39:08]     VAL PASS  IMOEX              ruble_z          lag=  7  m6_ic=0.1041
[18:39:08]     VAL PASS  IMOEX              ruble_z          lag= 30  m6_ic=0.1248
[18:39:08]     VAL PASS  IMOEX              sanctions_z      lag=  1  m6_ic=0.1191
[18:39:09]     VAL PASS  IMOEX              sanctions_z      lag= 14  m6_ic=0.1461
[18:39:09]     VAL PASS  IMOEX              inflation_z      lag= 14  m6_ic=0.1065
[18:39:09]     VAL PASS  IMOEX              banking_z        lag=  7  m6_ic=0.1295
[18:39:09]     VAL PASS  IMOEX              gold_z           lag=  1  m6_ic=0.0559
[18:39:10]     VAL PASS  IMOEX              gold_z           lag=  7  m6_ic=0.0766
[18:39:10]     VAL PASS  MOEXFN             oil_z            lag=  1  m6_ic=0.0838
[18:39:10]     VAL PASS  MOEXFN             oil_z            lag= 14  m6_ic=0.0849
[18:39:10]     VAL PASS  MOEXFN             oil_z            lag= 30  m6_ic=0.0554
[18:39:11]     VAL PASS  MOEXFN             rate_z           lag=  1  m6_ic=0.0481
[18:39:11]     VAL PASS  MOEXFN             rate_z           lag=  7  m6_ic=0.0437
[18:39:11]     VAL PASS  MOEXFN             ruble_z          lag=  7  m6_ic=0.1015
[18:39:11]     VAL PASS  MOEXFN             sanctions_z      lag=  1  m6_ic=0.0834
[18:39:12]     VAL PASS  MOEXFN             sanctions_z      lag= 14  m6_ic=0.0918
[18:39:12]     VAL PASS  MOEXFN             sanctions_z      lag= 30  m6_ic=0.0696
[18:39:12]     VAL PASS  MOEXFN             inflation_z      lag=  7  m6_ic=0.0490
[18:39:12]     VAL PASS  MOEXFN             banking_z        lag=  1  m6_ic=0.0692
[18:39:13]     VAL PASS  MOEXFN             banking_z        lag=  7  m6_ic=0.1087
[18:39:13]     VAL PASS  MOEXFN             gold_z           lag= 30  m6_ic=0.0395
[18:39:14]     VAL PASS  MOEXOG             oil_z            lag=  1  m6_ic=0.0706
[18:39:14]     VAL PASS  MOEXOG             oil_z            lag= 30  m6_ic=0.0808
[18:39:14]     VAL PASS  MOEXOG             rate_z           lag=  1  m6_ic=0.0551
[18:39:14]     VAL PASS  MOEXOG             rate_z           lag= 14  m6_ic=0.0520
[18:39:14]     VAL PASS  MOEXOG             ruble_z          lag=  1  m6_ic=0.1357
[18:39:15]     VAL PASS  MOEXOG             ruble_z          lag= 14  m6_ic=0.1405
[18:39:15]     VAL PASS  MOEXOG             ruble_z          lag= 30  m6_ic=0.0940
[18:39:15]     VAL PASS  MOEXOG             sanctions_z      lag= 30  m6_ic=0.1019
[18:39:15]     VAL PASS  MOEXOG             inflation_z      lag= 14  m6_ic=0.1367
[18:39:16]     VAL PASS  MOEXOG             inflation_z      lag= 30  m6_ic=0.0812
[18:39:16]     VAL PASS  MOEXOG             banking_z        lag=  1  m6_ic=0.0469
[18:39:16]     VAL PASS  MOEXOG             gold_z           lag=  7  m6_ic=0.0341
[18:39:16]     VAL PASS  MOEX10             oil_z            lag=  1  m6_ic=0.0992
[18:39:17]     VAL PASS  MOEX10             oil_z            lag= 14  m6_ic=0.0833
[18:39:17]     VAL PASS  MOEX10             ruble_z          lag=  1  m6_ic=0.1609
[18:39:17]     VAL PASS  MOEX10             ruble_z          lag=  7  m6_ic=0.1066
[18:39:18]     VAL PASS  MOEX10             ruble_z          lag= 14  m6_ic=0.0661
[18:39:18]     VAL PASS  MOEX10             ruble_z          lag= 30  m6_ic=0.0592
[18:39:18]     VAL PASS  MOEX10             sanctions_z      lag=  1  m6_ic=0.0987
[18:39:18]     VAL PASS  MOEX10             sanctions_z      lag= 14  m6_ic=0.1194
[18:39:19]     VAL PASS  MOEX10             sanctions_z      lag= 30  m6_ic=0.0984
[18:39:19]     VAL PASS  MOEX10             inflation_z      lag=  7  m6_ic=0.0601
[18:39:19]     VAL PASS  MOEX10             inflation_z      lag= 14  m6_ic=0.1025
[18:39:19]     VAL PASS  MOEX10             inflation_z      lag= 30  m6_ic=0.0734
[18:39:19]     VAL PASS  MOEX10             banking_z        lag=  1  m6_ic=0.0713
[18:39:19]     VAL PASS  MOEX10             banking_z        lag=  7  m6_ic=0.1327
[18:39:20]     VAL PASS  MOEX10             gold_z           lag=  1  m6_ic=0.0462
[18:39:20]     VAL PASS  MOEX10             gold_z           lag=  7  m6_ic=0.0313
[18:39:20]     VAL PASS  MOEX10             gold_z           lag= 14  m6_ic=0.0887
[18:39:20]     Val: 169/256 held
[18:39:20]   → train=256  val=169  max_ic=0.1673
[18:39:20] 
============================================================
[18:39:20] FINAL REPORT
[18:39:20] ============================================================
[18:39:20] Report: C:\project\signal_mind\analytics\phase_b\night_search\night_report_20260521_181814.md
[18:39:21] Hits CSV: C:\project\signal_mind\analytics\phase_b\night_search\night_hits_20260521_181814.csv
[18:39:21] 
  [10/15] sweep_embedding_raw_market_return  budget=77min  ic_gate=0.03  ens=M6_only
[18:39:21]   Config: sweep_embedding_raw_market_return
[18:39:21]     feature=embedding_raw  target=market_return  ensemble=M6_only  ic_min=0.03
[18:39:21]   HIT  SP500              oil_emb          lag= 30 m5_p=0.7391  m6_ic=0.0739
[18:39:23]   HIT  SP500              ruble_emb        lag=  7 m5_p=0.1061  m6_ic=0.0664
[18:39:23]   HIT  SP500              ruble_emb        lag= 14 m5_p=0.6187  m6_ic=0.0796
[18:39:23]   HIT  SP500              sanctions_emb    lag=  1 m5_p=0.1713  m6_ic=0.0536
[18:39:24]   HIT  SP500              sanctions_emb    lag=  7 m5_p=0.0916  m6_ic=0.0553
[18:39:24]   HIT  SP500              sanctions_emb    lag= 14 m5_p=0.1534  m6_ic=0.0360
[18:39:24]   HIT  SP500              inflation_emb    lag=  1 m5_p=0.9406  m6_ic=0.0484
[18:39:25]   HIT  SP500              inflation_emb    lag=  7 m5_p=0.3355  m6_ic=0.1011
[18:39:25]   HIT  SP500              inflation_emb    lag= 30 m5_p=0.5788  m6_ic=0.0506
[18:39:25]   HIT  SP500              banking_emb      lag=  1 m5_p=0.5709  m6_ic=0.0312
[18:39:26]   HIT  SP500              gold_emb         lag= 14 m5_p=0.4467  m6_ic=0.0763
[18:39:27]   HIT  USD_RUB            oil_emb          lag=  1 m5_p=0.7448  m6_ic=0.0517
[18:39:28]   HIT  USD_RUB            oil_emb          lag= 30 m5_p=0.8768  m6_ic=0.0881
[18:39:28]   HIT  USD_RUB            rate_emb         lag=  1 m5_p=0.0770  m6_ic=0.0326
[18:39:28]   HIT  USD_RUB            rate_emb         lag=  7 m5_p=0.0680  m6_ic=0.0499
[18:39:28]   HIT  USD_RUB            rate_emb         lag= 30 m5_p=0.5357  m6_ic=0.0664
[18:39:29]   HIT  USD_RUB            ruble_emb        lag=  7 m5_p=0.7121  m6_ic=0.1193
[18:39:29]   HIT  USD_RUB            ruble_emb        lag= 14 m5_p=0.0550  m6_ic=0.0786
[18:39:30]   HIT  USD_RUB            sanctions_emb    lag=  7 m5_p=0.4124  m6_ic=0.0885
[18:39:30]   HIT  USD_RUB            inflation_emb    lag=  1 m5_p=0.0616  m6_ic=0.0752
[18:39:30]   HIT  USD_RUB            inflation_emb    lag=  7 m5_p=0.8706  m6_ic=0.0327
[18:39:31]   HIT  USD_RUB            inflation_emb    lag= 14 m5_p=0.6877  m6_ic=0.0344
[18:39:31]   HIT  USD_RUB            banking_emb      lag=  1 m5_p=0.9389  m6_ic=0.0921
[18:39:31]   HIT  USD_RUB            banking_emb      lag= 14 m5_p=0.5740  m6_ic=0.0352
[18:39:32]   HIT  USD_RUB            banking_emb      lag= 30 m5_p=0.8252  m6_ic=0.0489
[18:39:32]   HIT  USD_RUB            gold_emb         lag=  7 m5_p=0.9077  m6_ic=0.0349
[18:39:33]   HIT  EUR_RUB            oil_emb          lag=  1 m5_p=0.7448  m6_ic=0.0517
[18:39:33]   HIT  EUR_RUB            oil_emb          lag= 30 m5_p=0.8768  m6_ic=0.0881
[18:39:33]   HIT  EUR_RUB            rate_emb         lag=  1 m5_p=0.0770  m6_ic=0.0326
[18:39:34]   HIT  EUR_RUB            rate_emb         lag=  7 m5_p=0.0680  m6_ic=0.0499
[18:39:34]   HIT  EUR_RUB            rate_emb         lag= 30 m5_p=0.5357  m6_ic=0.0664
[18:39:35]   HIT  EUR_RUB            ruble_emb        lag=  7 m5_p=0.7121  m6_ic=0.1193
[18:39:35]   HIT  EUR_RUB            ruble_emb        lag= 14 m5_p=0.0550  m6_ic=0.0786
[18:39:35]   HIT  EUR_RUB            sanctions_emb    lag=  7 m5_p=0.4124  m6_ic=0.0885
[18:39:36]   HIT  EUR_RUB            inflation_emb    lag=  1 m5_p=0.0616  m6_ic=0.0752
[18:39:36]   HIT  EUR_RUB            inflation_emb    lag=  7 m5_p=0.8706  m6_ic=0.0327
[18:39:36]   HIT  EUR_RUB            inflation_emb    lag= 14 m5_p=0.6877  m6_ic=0.0344
[18:39:37]   HIT  EUR_RUB            banking_emb      lag=  1 m5_p=0.9389  m6_ic=0.0921
[18:39:37]   HIT  EUR_RUB            banking_emb      lag= 14 m5_p=0.5740  m6_ic=0.0352
[18:39:37]   HIT  EUR_RUB            banking_emb      lag= 30 m5_p=0.8252  m6_ic=0.0489
[18:39:38]   HIT  EUR_RUB            gold_emb         lag=  7 m5_p=0.9077  m6_ic=0.0349
[18:39:39]   HIT  DJ_SOUTH_AFRICA    oil_emb          lag=  7 m5_p=0.8485  m6_ic=0.0371
[18:39:39]   HIT  DJ_SOUTH_AFRICA    oil_emb          lag= 14 m5_p=0.5498  m6_ic=0.0927
[18:39:39]   HIT  DJ_SOUTH_AFRICA    oil_emb          lag= 30 m5_p=0.0778  m6_ic=0.0312
[18:39:39]   HIT  DJ_SOUTH_AFRICA    rate_emb         lag=  1 m5_p=0.0638  m6_ic=0.0318
[18:39:40]   HIT  DJ_SOUTH_AFRICA    rate_emb         lag= 14 m5_p=0.4893  m6_ic=0.1174
[18:39:40]   HIT  DJ_SOUTH_AFRICA    rate_emb         lag= 30 m5_p=0.4674  m6_ic=0.0569
[18:39:40]   HIT  DJ_SOUTH_AFRICA    ruble_emb        lag=  1 m5_p=0.5229  m6_ic=0.0604
[18:39:40]   HIT  DJ_SOUTH_AFRICA    ruble_emb        lag=  7 m5_p=0.1380  m6_ic=0.0332
[18:39:41]   HIT  DJ_SOUTH_AFRICA    ruble_emb        lag= 30 m5_p=0.6104  m6_ic=0.0555
[18:39:41]   HIT  DJ_SOUTH_AFRICA    sanctions_emb    lag=  7 m5_p=0.0377  m6_ic=0.0609
[18:39:41]   HIT  DJ_SOUTH_AFRICA    sanctions_emb    lag= 14 m5_p=0.6578  m6_ic=0.0507
[18:39:41]   HIT  DJ_SOUTH_AFRICA    sanctions_emb    lag= 30 m5_p=0.4399  m6_ic=0.0743
[18:39:42]   HIT  DJ_SOUTH_AFRICA    inflation_emb    lag=  1 m5_p=0.7070  m6_ic=0.0432
[18:39:42]   HIT  DJ_SOUTH_AFRICA    inflation_emb    lag=  7 m5_p=0.1537  m6_ic=0.0520
[18:39:42]   HIT  DJ_SOUTH_AFRICA    inflation_emb    lag= 14 m5_p=0.7240  m6_ic=0.0561
[18:39:42]   HIT  DJ_SOUTH_AFRICA    inflation_emb    lag= 30 m5_p=0.8763  m6_ic=0.0535
[18:39:43]   HIT  DJ_SOUTH_AFRICA    banking_emb      lag= 14 m5_p=0.5877  m6_ic=0.0469
[18:39:43]   HIT  DJ_SOUTH_AFRICA    gold_emb         lag=  7 m5_p=0.5567  m6_ic=0.0355
[18:39:44]   HIT  DJ_SOUTH_AFRICA    gold_emb         lag= 14 m5_p=0.2009  m6_ic=0.0807
[18:39:44]   HIT  DJ_SOUTH_AFRICA    gold_emb         lag= 30 m5_p=0.0076  m6_ic=0.0425
[18:39:44]   HIT  MSCI_WORLD         oil_emb          lag= 14 m5_p=0.9228  m6_ic=0.0302
[18:39:45]   HIT  MSCI_WORLD         rate_emb         lag=  1 m5_p=0.9574  m6_ic=0.0328
[18:39:45]   HIT  MSCI_WORLD         rate_emb         lag=  7 m5_p=0.1236  m6_ic=0.0492
[18:39:45]   HIT  MSCI_WORLD         rate_emb         lag= 30 m5_p=0.0772  m6_ic=0.0424
[18:39:46]   HIT  MSCI_WORLD         sanctions_emb    lag=  1 m5_p=0.9459  m6_ic=0.0494
[18:39:47]   HIT  MSCI_WORLD         sanctions_emb    lag=  7 m5_p=0.8661  m6_ic=0.0378
[18:39:47]   HIT  MSCI_WORLD         inflation_emb    lag=  1 m5_p=0.7441  m6_ic=0.0441
[18:39:47]   HIT  MSCI_WORLD         inflation_emb    lag=  7 m5_p=0.6335  m6_ic=0.0340
[18:39:48]   HIT  MSCI_WORLD         inflation_emb    lag= 14 m5_p=0.7948  m6_ic=0.0635
[18:39:48]   HIT  MSCI_WORLD         inflation_emb    lag= 30 m5_p=0.8049  m6_ic=0.0333
[18:39:48]   HIT  MSCI_WORLD         banking_emb      lag=  1 m5_p=0.3836  m6_ic=0.0378
[18:39:48]   HIT  MSCI_WORLD         banking_emb      lag=  7 m5_p=0.7890  m6_ic=0.0945
[18:39:49]   HIT  MSCI_WORLD         gold_emb         lag=  7 m5_p=0.8757  m6_ic=0.0976
[18:39:49]   HIT  MSCI_WORLD         gold_emb         lag= 14 m5_p=0.7950  m6_ic=0.1159
[18:39:49]   HIT  MSCI_WORLD         gold_emb         lag= 30 m5_p=0.4986  m6_ic=0.1011
[18:39:50]   HIT  DXY                oil_emb          lag=  1 m5_p=0.3734  m6_ic=0.0729
[18:39:50]   HIT  DXY                rate_emb         lag=  1 m5_p=0.8318  m6_ic=0.0390
[18:39:51]   HIT  DXY                rate_emb         lag= 14 m5_p=0.0197  m6_ic=0.0767
[18:39:51]   HIT  DXY                rate_emb         lag= 30 m5_p=0.7622  m6_ic=0.0976
[18:39:51]   HIT  DXY                ruble_emb        lag=  7 m5_p=0.6913  m6_ic=0.0592
[18:39:52]   HIT  DXY                ruble_emb        lag= 14 m5_p=0.8382  m6_ic=0.0534
[18:39:52]   HIT  DXY                ruble_emb        lag= 30 m5_p=0.9023  m6_ic=0.0629
[18:39:52]   HIT  DXY                sanctions_emb    lag=  1 m5_p=0.9646  m6_ic=0.0494
[18:39:52]   HIT  DXY                sanctions_emb    lag=  7 m5_p=0.6018  m6_ic=0.0475
[18:39:52]   HIT  DXY                sanctions_emb    lag= 14 m5_p=0.3624  m6_ic=0.0517
[18:39:53]   HIT  DXY                sanctions_emb    lag= 30 m5_p=0.3064  m6_ic=0.1034
[18:39:53]   HIT  DXY                inflation_emb    lag=  7 m5_p=0.2859  m6_ic=0.0588
[18:39:53]   HIT  DXY                inflation_emb    lag= 30 m5_p=0.7154  m6_ic=0.0365
[18:39:54]   HIT  DXY                banking_emb      lag=  1 m5_p=0.2264  m6_ic=0.0820
[18:39:54]   HIT  DXY                banking_emb      lag=  7 m5_p=0.9442  m6_ic=0.0335
[18:39:55]   HIT  DXY                gold_emb         lag=  7 m5_p=0.9126  m6_ic=0.0382
[18:39:55]   HIT  DXY                gold_emb         lag= 14 m5_p=0.6709  m6_ic=0.1237
[18:39:55]   HIT  DXY                gold_emb         lag= 30 m5_p=0.1762  m6_ic=0.0600
[18:39:56]   HIT  BRENT              oil_emb          lag= 14 m5_p=0.6934  m6_ic=0.0400
[18:39:56]   HIT  BRENT              oil_emb          lag= 30 m5_p=0.9130  m6_ic=0.1104
[18:39:56]   HIT  BRENT              rate_emb         lag=  7 m5_p=0.4801  m6_ic=0.0464
[18:39:57]   HIT  BRENT              rate_emb         lag= 30 m5_p=0.2612  m6_ic=0.0692
[18:39:57]   HIT  BRENT              ruble_emb        lag=  1 m5_p=0.7575  m6_ic=0.0686
[18:39:57]   HIT  BRENT              ruble_emb        lag=  7 m5_p=0.0665  m6_ic=0.0500
[18:39:57]   HIT  BRENT              ruble_emb        lag= 14 m5_p=0.8253  m6_ic=0.0390
[18:39:58]   HIT  BRENT              ruble_emb        lag= 30 m5_p=0.3300  m6_ic=0.0935
[18:39:58]   HIT  BRENT              sanctions_emb    lag= 30 m5_p=0.9523  m6_ic=0.0530
[18:39:59]   HIT  BRENT              inflation_emb    lag=  7 m5_p=0.1720  m6_ic=0.0760
[18:39:59]   HIT  BRENT              inflation_emb    lag= 30 m5_p=0.3597  m6_ic=0.0379
[18:39:59]   HIT  BRENT              banking_emb      lag=  1 m5_p=0.8633  m6_ic=0.1119
[18:40:00]   HIT  BRENT              banking_emb      lag=  7 m5_p=0.8160  m6_ic=0.0430
[18:40:01]   HIT  BRENT              gold_emb         lag= 30 m5_p=0.9238  m6_ic=0.0554
[18:40:01]   HIT  MSCI_INDIA         oil_emb          lag=  1 m5_p=0.3292  m6_ic=0.1213
[18:40:02]   HIT  MSCI_INDIA         oil_emb          lag= 30 m5_p=0.3094  m6_ic=0.0502
[18:40:02]   HIT  MSCI_INDIA         rate_emb         lag=  1 m5_p=0.1585  m6_ic=0.0809
[18:40:03]   HIT  MSCI_INDIA         rate_emb         lag= 30 m5_p=0.2502  m6_ic=0.0447
[18:40:03]   HIT  MSCI_INDIA         ruble_emb        lag=  7 m5_p=0.4546  m6_ic=0.0753
[18:40:03]   HIT  MSCI_INDIA         ruble_emb        lag= 14 m5_p=0.7257  m6_ic=0.1170
[18:40:03]   HIT  MSCI_INDIA         ruble_emb        lag= 30 m5_p=0.5483  m6_ic=0.0717
[18:40:04]   HIT  MSCI_INDIA         inflation_emb    lag=  1 m5_p=0.7917  m6_ic=0.0412
[18:40:05]   HIT  MSCI_INDIA         inflation_emb    lag=  7 m5_p=0.5301  m6_ic=0.0356
[18:40:05]   HIT  MSCI_INDIA         inflation_emb    lag= 14 m5_p=0.1285  m6_ic=0.0672
[18:40:05]   HIT  MSCI_INDIA         banking_emb      lag=  1 m5_p=0.9750  m6_ic=0.0367
[18:40:05]   HIT  MSCI_INDIA         banking_emb      lag=  7 m5_p=0.7599  m6_ic=0.0594
[18:40:06]   HIT  MSCI_INDIA         banking_emb      lag= 14 m5_p=0.4523  m6_ic=0.0721
[18:40:06]   HIT  MSCI_INDIA         banking_emb      lag= 30 m5_p=0.2018  m6_ic=0.0762
[18:40:06]   HIT  MSCI_INDIA         gold_emb         lag=  7 m5_p=0.5405  m6_ic=0.0392
[18:40:07]   HIT  MSCI_INDIA         gold_emb         lag= 30 m5_p=0.9170  m6_ic=0.0421
[18:40:07]   HIT  CHINA_H_SHARES     oil_emb          lag=  1 m5_p=0.9909  m6_ic=0.0863
[18:40:07]   HIT  CHINA_H_SHARES     oil_emb          lag= 30 m5_p=0.4361  m6_ic=0.0799
[18:40:08]   HIT  CHINA_H_SHARES     rate_emb         lag=  1 m5_p=0.2178  m6_ic=0.0901
[18:40:08]   HIT  CHINA_H_SHARES     rate_emb         lag=  7 m5_p=0.8553  m6_ic=0.0471
[18:40:08]   HIT  CHINA_H_SHARES     rate_emb         lag= 14 m5_p=0.0364  m6_ic=0.0771
[18:40:08]   HIT  CHINA_H_SHARES     ruble_emb        lag=  1 m5_p=0.0971  m6_ic=0.0371
[18:40:09]   HIT  CHINA_H_SHARES     ruble_emb        lag=  7 m5_p=0.0111  m6_ic=0.0720
[18:40:09]   HIT  CHINA_H_SHARES     ruble_emb        lag= 14 m5_p=0.5494  m6_ic=0.0324
[18:40:09]   HIT  CHINA_H_SHARES     sanctions_emb    lag=  1 m5_p=0.4580  m6_ic=0.0333
[18:40:09]   HIT  CHINA_H_SHARES     sanctions_emb    lag=  7 m5_p=0.6217  m6_ic=0.0547
[18:40:10]   HIT  CHINA_H_SHARES     sanctions_emb    lag= 30 m5_p=0.5367  m6_ic=0.0430
[18:40:10]   HIT  CHINA_H_SHARES     inflation_emb    lag=  7 m5_p=0.9540  m6_ic=0.0496
[18:40:10]   HIT  CHINA_H_SHARES     inflation_emb    lag= 14 m5_p=0.0526  m6_ic=0.0713
[18:40:11]   HIT  CHINA_H_SHARES     inflation_emb    lag= 30 m5_p=0.6533  m6_ic=0.0354
[18:40:11]   HIT  CHINA_H_SHARES     banking_emb      lag=  1 m5_p=0.9612  m6_ic=0.0659
[18:40:11]   HIT  CHINA_H_SHARES     banking_emb      lag=  7 m5_p=0.9848  m6_ic=0.0339
[18:40:12]   HIT  CHINA_H_SHARES     gold_emb         lag=  1 m5_p=0.9468  m6_ic=0.0312
[18:40:12]   HIT  CHINA_H_SHARES     gold_emb         lag=  7 m5_p=0.8447  m6_ic=0.0588
[18:40:12]   HIT  CHINA_H_SHARES     gold_emb         lag= 14 m5_p=0.3694  m6_ic=0.0732
[18:40:12]   HIT  CHINA_H_SHARES     gold_emb         lag= 30 m5_p=0.5720  m6_ic=0.0662
[18:40:12]   HIT  FTSE_CHINA_50      oil_emb          lag=  1 m5_p=0.8237  m6_ic=0.0584
[18:40:13]   HIT  FTSE_CHINA_50      oil_emb          lag= 14 m5_p=0.9464  m6_ic=0.0439
[18:40:13]   HIT  FTSE_CHINA_50      oil_emb          lag= 30 m5_p=0.3816  m6_ic=0.0640
[18:40:13]   HIT  FTSE_CHINA_50      rate_emb         lag=  1 m5_p=0.2613  m6_ic=0.0949
[18:40:13]   HIT  FTSE_CHINA_50      rate_emb         lag=  7 m5_p=0.7846  m6_ic=0.0348
[18:40:14]   HIT  FTSE_CHINA_50      rate_emb         lag= 14 m5_p=0.0304  m6_ic=0.0779
[18:40:14]   HIT  FTSE_CHINA_50      ruble_emb        lag=  1 m5_p=0.0629  m6_ic=0.0780
[18:40:15]   HIT  FTSE_CHINA_50      ruble_emb        lag= 14 m5_p=0.4802  m6_ic=0.0610
[18:40:15]   HIT  FTSE_CHINA_50      sanctions_emb    lag=  7 m5_p=0.6860  m6_ic=0.0559
[18:40:16]   HIT  FTSE_CHINA_50      sanctions_emb    lag= 30 m5_p=0.3571  m6_ic=0.0738
[18:40:16]   HIT  FTSE_CHINA_50      inflation_emb    lag=  7 m5_p=0.8928  m6_ic=0.0538
[18:40:16]   HIT  FTSE_CHINA_50      inflation_emb    lag= 14 m5_p=0.0430  m6_ic=0.0684
[18:40:16]   HIT  FTSE_CHINA_50      inflation_emb    lag= 30 m5_p=0.6400  m6_ic=0.0316
[18:40:17]   HIT  FTSE_CHINA_50      banking_emb      lag=  1 m5_p=0.9411  m6_ic=0.0508
[18:40:17]   HIT  FTSE_CHINA_50      banking_emb      lag=  7 m5_p=0.8064  m6_ic=0.0305
[18:40:18]   HIT  FTSE_CHINA_50      gold_emb         lag=  7 m5_p=0.8589  m6_ic=0.0558
[18:40:18]   HIT  FTSE_CHINA_50      gold_emb         lag= 14 m5_p=0.2419  m6_ic=0.0816
[18:40:18]   HIT  FTSE_CHINA_50      gold_emb         lag= 30 m5_p=0.4803  m6_ic=0.0633
[18:40:19]   HIT  GOLD               oil_emb          lag= 30 m5_p=0.1388  m6_ic=0.1091
[18:40:19]   HIT  GOLD               rate_emb         lag=  1 m5_p=0.9063  m6_ic=0.1404
[18:40:19]   HIT  GOLD               rate_emb         lag=  7 m5_p=0.3280  m6_ic=0.0759
[18:40:19]   HIT  GOLD               rate_emb         lag= 14 m5_p=0.3908  m6_ic=0.1002
[18:40:19]   HIT  GOLD               rate_emb         lag= 30 m5_p=0.4556  m6_ic=0.0459
[18:40:20]   HIT  GOLD               ruble_emb        lag= 30 m5_p=0.4411  m6_ic=0.0488
[18:40:21]   HIT  GOLD               sanctions_emb    lag= 14 m5_p=0.2355  m6_ic=0.0600
[18:40:21]   HIT  GOLD               inflation_emb    lag=  1 m5_p=0.9295  m6_ic=0.1321
[18:40:21]   HIT  GOLD               inflation_emb    lag=  7 m5_p=0.6545  m6_ic=0.0586
[18:40:22]   HIT  GOLD               inflation_emb    lag= 14 m5_p=0.7785  m6_ic=0.0872
[18:40:22]   HIT  GOLD               inflation_emb    lag= 30 m5_p=0.8263  m6_ic=0.0616
[18:40:22]   HIT  GOLD               banking_emb      lag=  7 m5_p=0.3961  m6_ic=0.0477
[18:40:22]   HIT  GOLD               banking_emb      lag= 14 m5_p=0.6257  m6_ic=0.0400
[18:40:23]   HIT  GOLD               banking_emb      lag= 30 m5_p=0.3287  m6_ic=0.0307
[18:40:23]   HIT  GOLD               gold_emb         lag=  1 m5_p=0.3730  m6_ic=0.0464
[18:40:23]   HIT  GOLD               gold_emb         lag=  7 m5_p=0.3488  m6_ic=0.1122
[18:40:23]   HIT  GOLD               gold_emb         lag= 14 m5_p=0.6406  m6_ic=0.0348
[18:40:23]   HIT  GOLD               gold_emb         lag= 30 m5_p=0.6717  m6_ic=0.0388
[18:40:24]   HIT  SILVER             oil_emb          lag=  7 m5_p=0.2003  m6_ic=0.0348
[18:40:24]   HIT  SILVER             oil_emb          lag= 14 m5_p=0.9077  m6_ic=0.0598
[18:40:24]   HIT  SILVER             oil_emb          lag= 30 m5_p=0.2117  m6_ic=0.0714
[18:40:24]   HIT  SILVER             rate_emb         lag=  1 m5_p=0.4332  m6_ic=0.0515
[18:40:24]   HIT  SILVER             rate_emb         lag=  7 m5_p=0.2404  m6_ic=0.0402
[18:40:25]   HIT  SILVER             rate_emb         lag= 14 m5_p=0.4185  m6_ic=0.0338
[18:40:25]   HIT  SILVER             ruble_emb        lag=  1 m5_p=0.5027  m6_ic=0.0679
[18:40:25]   HIT  SILVER             ruble_emb        lag=  7 m5_p=0.1094  m6_ic=0.0335
[18:40:25]   HIT  SILVER             ruble_emb        lag= 14 m5_p=0.7233  m6_ic=0.1006
[18:40:26]   HIT  SILVER             ruble_emb        lag= 30 m5_p=0.8350  m6_ic=0.0465
[18:40:26]   HIT  SILVER             sanctions_emb    lag=  1 m5_p=0.7351  m6_ic=0.1333
[18:40:26]   HIT  SILVER             sanctions_emb    lag=  7 m5_p=0.4999  m6_ic=0.0933
[18:40:27]   HIT  SILVER             inflation_emb    lag=  1 m5_p=0.6911  m6_ic=0.0498
[18:40:27]   HIT  SILVER             inflation_emb    lag= 30 m5_p=0.6921  m6_ic=0.0493
[18:40:28]   HIT  SILVER             banking_emb      lag= 30 m5_p=0.8745  m6_ic=0.0929
[18:40:29]   HIT  SILVER             gold_emb         lag= 14 m5_p=0.9410  m6_ic=0.1223
[18:40:29]   HIT  SILVER             gold_emb         lag= 30 m5_p=0.8730  m6_ic=0.0579
[18:40:29]   HIT  IMOEX              oil_emb          lag= 14 m5_p=0.4171  m6_ic=0.0348
[18:40:30]   HIT  IMOEX              rate_emb         lag=  1 m5_p=0.1216  m6_ic=0.0814
[18:40:30]   HIT  IMOEX              rate_emb         lag= 14 m5_p=0.3900  m6_ic=0.1071
[18:40:30]   HIT  IMOEX              rate_emb         lag= 30 m5_p=0.9239  m6_ic=0.0745
[18:40:31]   HIT  IMOEX              ruble_emb        lag=  1 m5_p=0.3538  m6_ic=0.0605
[18:40:31]   HIT  IMOEX              ruble_emb        lag=  7 m5_p=0.6969  m6_ic=0.1091
[18:40:31]   HIT  IMOEX              ruble_emb        lag= 14 m5_p=0.5752  m6_ic=0.0849
[18:40:31]   HIT  IMOEX              ruble_emb        lag= 30 m5_p=0.3496  m6_ic=0.0328
[18:40:31]   HIT  IMOEX              sanctions_emb    lag=  1 m5_p=0.4070  m6_ic=0.1019
[18:40:31]   HIT  IMOEX              sanctions_emb    lag=  7 m5_p=0.2338  m6_ic=0.1173
[18:40:32]   HIT  IMOEX              inflation_emb    lag=  1 m5_p=0.0887  m6_ic=0.0574
[18:40:32]   HIT  IMOEX              inflation_emb    lag=  7 m5_p=0.2308  m6_ic=0.0342
[18:40:33]   HIT  IMOEX              banking_emb      lag=  7 m5_p=0.8551  m6_ic=0.0688
[18:40:34]   HIT  IMOEX              gold_emb         lag=  7 m5_p=0.1597  m6_ic=0.0659
[18:40:34]   HIT  IMOEX              gold_emb         lag= 14 m5_p=0.4976  m6_ic=0.0706
[18:40:35]   HIT  MOEXFN             oil_emb          lag= 14 m5_p=0.5602  m6_ic=0.0696
[18:40:35]   HIT  MOEXFN             oil_emb          lag= 30 m5_p=0.4331  m6_ic=0.0849
[18:40:36]   HIT  MOEXFN             rate_emb         lag=  7 m5_p=0.3027  m6_ic=0.0508
[18:40:36]   HIT  MOEXFN             rate_emb         lag= 14 m5_p=0.0939  m6_ic=0.0655
[18:40:36]   HIT  MOEXFN             rate_emb         lag= 30 m5_p=0.4588  m6_ic=0.0520
[18:40:36]   HIT  MOEXFN             ruble_emb        lag=  1 m5_p=0.4051  m6_ic=0.0600
[18:40:36]   HIT  MOEXFN             ruble_emb        lag=  7 m5_p=0.9184  m6_ic=0.0448
[18:40:36]   HIT  MOEXFN             ruble_emb        lag= 14 m5_p=0.9268  m6_ic=0.0307
[18:40:37]   HIT  MOEXFN             sanctions_emb    lag=  1 m5_p=0.5545  m6_ic=0.1003
[18:40:37]   HIT  MOEXFN             sanctions_emb    lag=  7 m5_p=0.2675  m6_ic=0.0685
[18:40:38]   HIT  MOEXFN             sanctions_emb    lag= 30 m5_p=0.6794  m6_ic=0.0667
[18:40:38]   HIT  MOEXFN             inflation_emb    lag= 14 m5_p=0.8303  m6_ic=0.0796
[18:40:39]   HIT  MOEXFN             banking_emb      lag=  1 m5_p=0.4235  m6_ic=0.0403
[18:40:39]   HIT  MOEXFN             banking_emb      lag=  7 m5_p=0.9354  m6_ic=0.0636
[18:40:39]   HIT  MOEXFN             banking_emb      lag= 30 m5_p=0.8517  m6_ic=0.0600
[18:40:39]   HIT  MOEXFN             gold_emb         lag=  1 m5_p=0.8897  m6_ic=0.0880
[18:40:40]   HIT  MOEXFN             gold_emb         lag=  7 m5_p=0.3467  m6_ic=0.0796
[18:40:40]   HIT  MOEXFN             gold_emb         lag= 14 m5_p=0.3763  m6_ic=0.0406
[18:40:40]   HIT  MOEXFN             gold_emb         lag= 30 m5_p=0.2654  m6_ic=0.0391
[18:40:40]   HIT  MOEXOG             oil_emb          lag=  1 m5_p=0.6638  m6_ic=0.0427
[18:40:40]   HIT  MOEXOG             oil_emb          lag=  7 m5_p=0.0552  m6_ic=0.0383
[18:40:41]   HIT  MOEXOG             rate_emb         lag=  1 m5_p=0.0466  m6_ic=0.0488
[18:40:41]   HIT  MOEXOG             rate_emb         lag= 14 m5_p=0.5690  m6_ic=0.0847
[18:40:42]   HIT  MOEXOG             rate_emb         lag= 30 m5_p=0.4720  m6_ic=0.1227
[18:40:42]   HIT  MOEXOG             ruble_emb        lag=  1 m5_p=0.3281  m6_ic=0.0496
[18:40:42]   HIT  MOEXOG             ruble_emb        lag=  7 m5_p=0.6356  m6_ic=0.0826
[18:40:42]   HIT  MOEXOG             ruble_emb        lag= 14 m5_p=0.7891  m6_ic=0.0479
[18:40:43]   HIT  MOEXOG             sanctions_emb    lag=  1 m5_p=0.3517  m6_ic=0.1262
[18:40:43]   HIT  MOEXOG             sanctions_emb    lag=  7 m5_p=0.5112  m6_ic=0.1113
[18:40:43]   HIT  MOEXOG             sanctions_emb    lag= 30 m5_p=0.5821  m6_ic=0.0788
[18:40:44]   HIT  MOEXOG             inflation_emb    lag= 30 m5_p=0.5215  m6_ic=0.0323
[18:40:44]   HIT  MOEXOG             banking_emb      lag=  7 m5_p=0.9745  m6_ic=0.0637
[18:40:45]   HIT  MOEXOG             gold_emb         lag=  7 m5_p=0.2981  m6_ic=0.0520
[18:40:45]   HIT  MOEXOG             gold_emb         lag= 14 m5_p=0.4966  m6_ic=0.0451
[18:40:46]   HIT  MOEX10             oil_emb          lag=  7 m5_p=0.1319  m6_ic=0.0357
[18:40:46]   HIT  MOEX10             oil_emb          lag= 30 m5_p=0.1828  m6_ic=0.0573
[18:40:47]   HIT  MOEX10             rate_emb         lag=  1 m5_p=0.0783  m6_ic=0.0526
[18:40:47]   HIT  MOEX10             rate_emb         lag=  7 m5_p=0.2159  m6_ic=0.0714
[18:40:47]   HIT  MOEX10             rate_emb         lag= 14 m5_p=0.4691  m6_ic=0.0495
[18:40:47]   HIT  MOEX10             rate_emb         lag= 30 m5_p=0.7477  m6_ic=0.0642
[18:40:47]   HIT  MOEX10             ruble_emb        lag=  1 m5_p=0.3155  m6_ic=0.0362
[18:40:48]   HIT  MOEX10             ruble_emb        lag= 14 m5_p=0.8507  m6_ic=0.0382
[18:40:48]   HIT  MOEX10             sanctions_emb    lag=  1 m5_p=0.4780  m6_ic=0.1139
[18:40:49]   HIT  MOEX10             inflation_emb    lag=  1 m5_p=0.1605  m6_ic=0.0351
[18:40:49]   HIT  MOEX10             inflation_emb    lag= 14 m5_p=0.9331  m6_ic=0.0770
[18:40:50]   HIT  MOEX10             banking_emb      lag=  7 m5_p=0.9801  m6_ic=0.0639
[18:40:50]   HIT  MOEX10             banking_emb      lag= 14 m5_p=0.8787  m6_ic=0.0447
[18:40:51]   HIT  MOEX10             gold_emb         lag=  1 m5_p=0.6671  m6_ic=0.0503
[18:40:51]   HIT  MOEX10             gold_emb         lag=  7 m5_p=0.1483  m6_ic=0.1153
[18:40:51]   HIT  MOEX10             gold_emb         lag= 30 m5_p=0.3250  m6_ic=0.0731
[18:40:51]     Train: 262 signals
[18:40:51]     Val holdout (262 candidates)...
[18:40:51]     VAL PASS  SP500              oil_emb          lag= 30  m6_ic=0.0899
[18:40:52]     VAL PASS  SP500              ruble_emb        lag= 14  m6_ic=0.0561
[18:40:52]     VAL PASS  SP500              sanctions_emb    lag= 14  m6_ic=0.0681
[18:40:53]     VAL PASS  SP500              inflation_emb    lag=  1  m6_ic=0.0792
[18:40:53]     VAL PASS  SP500              inflation_emb    lag=  7  m6_ic=0.0586
[18:40:53]     VAL PASS  SP500              inflation_emb    lag= 30  m6_ic=0.0427
[18:40:53]     VAL PASS  SP500              gold_emb         lag= 14  m6_ic=0.0313
[18:40:54]     VAL PASS  USD_RUB            oil_emb          lag=  1  m6_ic=0.0595
[18:40:54]     VAL PASS  USD_RUB            oil_emb          lag= 30  m6_ic=0.0648
[18:40:54]     VAL PASS  USD_RUB            rate_emb         lag=  1  m6_ic=0.0521
[18:40:54]     VAL PASS  USD_RUB            rate_emb         lag=  7  m6_ic=0.0720
[18:40:54]     VAL PASS  USD_RUB            rate_emb         lag= 30  m6_ic=0.0915
[18:40:55]     VAL PASS  USD_RUB            ruble_emb        lag=  7  m6_ic=0.0375
[18:40:55]     VAL PASS  USD_RUB            ruble_emb        lag= 14  m6_ic=0.0778
[18:40:55]     VAL PASS  USD_RUB            sanctions_emb    lag=  7  m6_ic=0.0617
[18:40:55]     VAL PASS  USD_RUB            inflation_emb    lag=  7  m6_ic=0.0986
[18:40:56]     VAL PASS  USD_RUB            banking_emb      lag=  1  m6_ic=0.0940
[18:40:56]     VAL PASS  USD_RUB            banking_emb      lag= 30  m6_ic=0.0485
[18:40:56]     VAL PASS  USD_RUB            gold_emb         lag=  7  m6_ic=0.0684
[18:40:56]     VAL PASS  EUR_RUB            oil_emb          lag=  1  m6_ic=0.0595
[18:40:57]     VAL PASS  EUR_RUB            oil_emb          lag= 30  m6_ic=0.0648
[18:40:57]     VAL PASS  EUR_RUB            rate_emb         lag=  1  m6_ic=0.0521
[18:40:57]     VAL PASS  EUR_RUB            rate_emb         lag=  7  m6_ic=0.0720
[18:40:57]     VAL PASS  EUR_RUB            rate_emb         lag= 30  m6_ic=0.0915
[18:40:57]     VAL PASS  EUR_RUB            ruble_emb        lag=  7  m6_ic=0.0375
[18:40:57]     VAL PASS  EUR_RUB            ruble_emb        lag= 14  m6_ic=0.0778
[18:40:58]     VAL PASS  EUR_RUB            sanctions_emb    lag=  7  m6_ic=0.0617
[18:40:58]     VAL PASS  EUR_RUB            inflation_emb    lag=  7  m6_ic=0.0986
[18:40:58]     VAL PASS  EUR_RUB            banking_emb      lag=  1  m6_ic=0.0940
[18:40:59]     VAL PASS  EUR_RUB            banking_emb      lag= 30  m6_ic=0.0485
[18:40:59]     VAL PASS  EUR_RUB            gold_emb         lag=  7  m6_ic=0.0684
[18:40:59]     VAL PASS  DJ_SOUTH_AFRICA    oil_emb          lag= 14  m6_ic=0.0911
[18:41:00]     VAL PASS  DJ_SOUTH_AFRICA    oil_emb          lag= 30  m6_ic=0.0797
[18:41:00]     VAL PASS  DJ_SOUTH_AFRICA    rate_emb         lag=  1  m6_ic=0.0811
[18:41:00]     VAL PASS  DJ_SOUTH_AFRICA    rate_emb         lag= 14  m6_ic=0.1277
[18:41:00]     VAL PASS  DJ_SOUTH_AFRICA    rate_emb         lag= 30  m6_ic=0.0900
[18:41:00]     VAL PASS  DJ_SOUTH_AFRICA    ruble_emb        lag=  1  m6_ic=0.0375
[18:41:01]     VAL PASS  DJ_SOUTH_AFRICA    sanctions_emb    lag=  7  m6_ic=0.0345
[18:41:01]     VAL PASS  DJ_SOUTH_AFRICA    sanctions_emb    lag= 14  m6_ic=0.0326
[18:41:02]     VAL PASS  DJ_SOUTH_AFRICA    inflation_emb    lag= 14  m6_ic=0.0367
[18:41:02]     VAL PASS  DJ_SOUTH_AFRICA    inflation_emb    lag= 30  m6_ic=0.0317
[18:41:02]     VAL PASS  DJ_SOUTH_AFRICA    banking_emb      lag= 14  m6_ic=0.0761
[18:41:02]     VAL PASS  DJ_SOUTH_AFRICA    gold_emb         lag=  7  m6_ic=0.0435
[18:41:03]     VAL PASS  MSCI_WORLD         oil_emb          lag= 14  m6_ic=0.0370
[18:41:03]     VAL PASS  MSCI_WORLD         rate_emb         lag=  1  m6_ic=0.0447
[18:41:03]     VAL PASS  MSCI_WORLD         rate_emb         lag=  7  m6_ic=0.0648
[18:41:04]     VAL PASS  MSCI_WORLD         rate_emb         lag= 30  m6_ic=0.0473
[18:41:04]     VAL PASS  MSCI_WORLD         inflation_emb    lag=  1  m6_ic=0.0352
[18:41:05]     VAL PASS  MSCI_WORLD         inflation_emb    lag= 30  m6_ic=0.0406
[18:41:05]     VAL PASS  MSCI_WORLD         banking_emb      lag=  7  m6_ic=0.0492
[18:41:05]     VAL PASS  MSCI_WORLD         gold_emb         lag= 14  m6_ic=0.1109
[18:41:06]     VAL PASS  DXY                rate_emb         lag=  1  m6_ic=0.0713
[18:41:06]     VAL PASS  DXY                rate_emb         lag= 14  m6_ic=0.0358
[18:41:06]     VAL PASS  DXY                rate_emb         lag= 30  m6_ic=0.0598
[18:41:07]     VAL PASS  DXY                ruble_emb        lag=  7  m6_ic=0.0603
[18:41:07]     VAL PASS  DXY                ruble_emb        lag= 30  m6_ic=0.0364
[18:41:07]     VAL PASS  DXY                sanctions_emb    lag=  1  m6_ic=0.0566
[18:41:07]     VAL PASS  DXY                sanctions_emb    lag=  7  m6_ic=0.0506
[18:41:07]     VAL PASS  DXY                sanctions_emb    lag= 14  m6_ic=0.0835
[18:41:08]     VAL PASS  DXY                sanctions_emb    lag= 30  m6_ic=0.0392
[18:41:08]     VAL PASS  DXY                inflation_emb    lag=  7  m6_ic=0.0584
[18:41:08]     VAL PASS  DXY                inflation_emb    lag= 30  m6_ic=0.0529
[18:41:08]     VAL PASS  DXY                banking_emb      lag=  1  m6_ic=0.0350
[18:41:08]     VAL PASS  DXY                banking_emb      lag=  7  m6_ic=0.1067
[18:41:08]     VAL PASS  DXY                gold_emb         lag=  7  m6_ic=0.0760
[18:41:09]     VAL PASS  DXY                gold_emb         lag= 30  m6_ic=0.0619
[18:41:09]     VAL PASS  BRENT              oil_emb          lag= 14  m6_ic=0.0320
[18:41:09]     VAL PASS  BRENT              oil_emb          lag= 30  m6_ic=0.0584
[18:41:10]     VAL PASS  BRENT              rate_emb         lag=  7  m6_ic=0.0580
[18:41:10]     VAL PASS  BRENT              rate_emb         lag= 30  m6_ic=0.1135
[18:41:10]     VAL PASS  BRENT              ruble_emb        lag=  1  m6_ic=0.0408
[18:41:10]     VAL PASS  BRENT              ruble_emb        lag=  7  m6_ic=0.0386
[18:41:10]     VAL PASS  BRENT              ruble_emb        lag= 14  m6_ic=0.0512
[18:41:10]     VAL PASS  BRENT              ruble_emb        lag= 30  m6_ic=0.0439
[18:41:11]     VAL PASS  BRENT              inflation_emb    lag= 30  m6_ic=0.0603
[18:41:12]     VAL PASS  BRENT              gold_emb         lag= 30  m6_ic=0.0449
[18:41:12]     VAL PASS  MSCI_INDIA         oil_emb          lag=  1  m6_ic=0.0400
[18:41:12]     VAL PASS  MSCI_INDIA         oil_emb          lag= 30  m6_ic=0.0405
[18:41:12]     VAL PASS  MSCI_INDIA         rate_emb         lag=  1  m6_ic=0.0366
[18:41:12]     VAL PASS  MSCI_INDIA         rate_emb         lag= 30  m6_ic=0.0733
[18:41:12]     VAL PASS  MSCI_INDIA         ruble_emb        lag=  7  m6_ic=0.0481
[18:41:13]     VAL PASS  MSCI_INDIA         ruble_emb        lag= 30  m6_ic=0.0554
[18:41:13]     VAL PASS  MSCI_INDIA         inflation_emb    lag=  7  m6_ic=0.0963
[18:41:13]     VAL PASS  MSCI_INDIA         inflation_emb    lag= 14  m6_ic=0.0752
[18:41:13]     VAL PASS  MSCI_INDIA         banking_emb      lag=  1  m6_ic=0.0923
[18:41:14]     VAL PASS  MSCI_INDIA         banking_emb      lag=  7  m6_ic=0.0425
[18:41:14]     VAL PASS  MSCI_INDIA         banking_emb      lag= 30  m6_ic=0.1132
[18:41:14]     VAL PASS  MSCI_INDIA         gold_emb         lag=  7  m6_ic=0.0450
[18:41:14]     VAL PASS  MSCI_INDIA         gold_emb         lag= 30  m6_ic=0.0345
[18:41:15]     VAL PASS  CHINA_H_SHARES     oil_emb          lag=  1  m6_ic=0.0608
[18:41:15]     VAL PASS  CHINA_H_SHARES     oil_emb          lag= 30  m6_ic=0.1113
[18:41:15]     VAL PASS  CHINA_H_SHARES     rate_emb         lag=  7  m6_ic=0.0354
[18:41:15]     VAL PASS  CHINA_H_SHARES     rate_emb         lag= 14  m6_ic=0.0331
[18:41:16]     VAL PASS  CHINA_H_SHARES     ruble_emb        lag=  7  m6_ic=0.0892
[18:41:16]     VAL PASS  CHINA_H_SHARES     ruble_emb        lag= 14  m6_ic=0.1280
[18:41:16]     VAL PASS  CHINA_H_SHARES     sanctions_emb    lag=  1  m6_ic=0.0474
[18:41:16]     VAL PASS  CHINA_H_SHARES     sanctions_emb    lag=  7  m6_ic=0.0572
[18:41:16]     VAL PASS  CHINA_H_SHARES     sanctions_emb    lag= 30  m6_ic=0.0897
[18:41:17]     VAL PASS  CHINA_H_SHARES     inflation_emb    lag=  7  m6_ic=0.0534
[18:41:17]     VAL PASS  CHINA_H_SHARES     inflation_emb    lag= 14  m6_ic=0.0379
[18:41:17]     VAL PASS  CHINA_H_SHARES     inflation_emb    lag= 30  m6_ic=0.1258
[18:41:18]     VAL PASS  CHINA_H_SHARES     gold_emb         lag=  7  m6_ic=0.1018
[18:41:18]     VAL PASS  CHINA_H_SHARES     gold_emb         lag= 14  m6_ic=0.0745
[18:41:18]     VAL PASS  CHINA_H_SHARES     gold_emb         lag= 30  m6_ic=0.0575
[18:41:18]     VAL PASS  FTSE_CHINA_50      oil_emb          lag= 14  m6_ic=0.0456
[18:41:19]     VAL PASS  FTSE_CHINA_50      oil_emb          lag= 30  m6_ic=0.0821
[18:41:19]     VAL PASS  FTSE_CHINA_50      rate_emb         lag=  1  m6_ic=0.0402
[18:41:19]     VAL PASS  FTSE_CHINA_50      rate_emb         lag= 14  m6_ic=0.0535
[18:41:20]     VAL PASS  FTSE_CHINA_50      ruble_emb        lag= 14  m6_ic=0.0635
[18:41:20]     VAL PASS  FTSE_CHINA_50      sanctions_emb    lag=  7  m6_ic=0.0501
[18:41:20]     VAL PASS  FTSE_CHINA_50      sanctions_emb    lag= 30  m6_ic=0.0560
[18:41:20]     VAL PASS  FTSE_CHINA_50      inflation_emb    lag=  7  m6_ic=0.0397
[18:41:20]     VAL PASS  FTSE_CHINA_50      inflation_emb    lag= 14  m6_ic=0.0955
[18:41:21]     VAL PASS  FTSE_CHINA_50      banking_emb      lag=  1  m6_ic=0.0494
[18:41:21]     VAL PASS  FTSE_CHINA_50      gold_emb         lag=  7  m6_ic=0.0691
[18:41:21]     VAL PASS  FTSE_CHINA_50      gold_emb         lag= 14  m6_ic=0.0930
[18:41:21]     VAL PASS  FTSE_CHINA_50      gold_emb         lag= 30  m6_ic=0.0742
[18:41:22]     VAL PASS  GOLD               rate_emb         lag= 30  m6_ic=0.1112
[18:41:23]     VAL PASS  GOLD               inflation_emb    lag=  1  m6_ic=0.0444
[18:41:23]     VAL PASS  GOLD               inflation_emb    lag=  7  m6_ic=0.1382
[18:41:23]     VAL PASS  GOLD               inflation_emb    lag= 30  m6_ic=0.0972
[18:41:24]     VAL PASS  GOLD               banking_emb      lag=  7  m6_ic=0.1155
[18:41:24]     VAL PASS  GOLD               gold_emb         lag=  7  m6_ic=0.0636
[18:41:25]     VAL PASS  GOLD               gold_emb         lag= 14  m6_ic=0.0313
[18:41:25]     VAL PASS  SILVER             oil_emb          lag=  7  m6_ic=0.0794
[18:41:25]     VAL PASS  SILVER             oil_emb          lag= 14  m6_ic=0.0371
[18:41:25]     VAL PASS  SILVER             oil_emb          lag= 30  m6_ic=0.1323
[18:41:26]     VAL PASS  SILVER             rate_emb         lag=  7  m6_ic=0.0511
[18:41:26]     VAL PASS  SILVER             rate_emb         lag= 14  m6_ic=0.1074
[18:41:26]     VAL PASS  SILVER             ruble_emb        lag=  7  m6_ic=0.0758
[18:41:27]     VAL PASS  SILVER             inflation_emb    lag=  1  m6_ic=0.0448
[18:41:27]     VAL PASS  SILVER             inflation_emb    lag= 30  m6_ic=0.1342
[18:41:27]     VAL PASS  SILVER             banking_emb      lag= 30  m6_ic=0.0590
[18:41:28]     VAL PASS  SILVER             gold_emb         lag= 14  m6_ic=0.0661
[18:41:28]     VAL PASS  SILVER             gold_emb         lag= 30  m6_ic=0.1091
[18:41:28]     VAL PASS  IMOEX              oil_emb          lag= 14  m6_ic=0.0745
[18:41:28]     VAL PASS  IMOEX              rate_emb         lag= 14  m6_ic=0.1414
[18:41:29]     VAL PASS  IMOEX              rate_emb         lag= 30  m6_ic=0.1107
[18:41:29]     VAL PASS  IMOEX              ruble_emb        lag=  1  m6_ic=0.0690
[18:41:29]     VAL PASS  IMOEX              ruble_emb        lag=  7  m6_ic=0.0384
[18:41:29]     VAL PASS  IMOEX              ruble_emb        lag= 14  m6_ic=0.0690
[18:41:29]     VAL PASS  IMOEX              ruble_emb        lag= 30  m6_ic=0.0530
[18:41:30]     VAL PASS  IMOEX              sanctions_emb    lag=  1  m6_ic=0.0531
[18:41:30]     VAL PASS  IMOEX              sanctions_emb    lag=  7  m6_ic=0.0613
[18:41:30]     VAL PASS  IMOEX              inflation_emb    lag=  1  m6_ic=0.0941
[18:41:30]     VAL PASS  IMOEX              banking_emb      lag=  7  m6_ic=0.0366
[18:41:31]     VAL PASS  MOEXFN             oil_emb          lag= 30  m6_ic=0.0898
[18:41:31]     VAL PASS  MOEXFN             rate_emb         lag=  7  m6_ic=0.0698
[18:41:32]     VAL PASS  MOEXFN             rate_emb         lag= 14  m6_ic=0.1303
[18:41:32]     VAL PASS  MOEXFN             rate_emb         lag= 30  m6_ic=0.0674
[18:41:32]     VAL PASS  MOEXFN             ruble_emb        lag=  1  m6_ic=0.0860
[18:41:32]     VAL PASS  MOEXFN             ruble_emb        lag=  7  m6_ic=0.0409
[18:41:32]     VAL PASS  MOEXFN             ruble_emb        lag= 14  m6_ic=0.0746
[18:41:32]     VAL PASS  MOEXFN             sanctions_emb    lag=  1  m6_ic=0.0320
[18:41:33]     VAL PASS  MOEXFN             sanctions_emb    lag= 30  m6_ic=0.1165
[18:41:33]     VAL PASS  MOEXFN             banking_emb      lag=  1  m6_ic=0.0617
[18:41:33]     VAL PASS  MOEXFN             banking_emb      lag=  7  m6_ic=0.0610
[18:41:34]     VAL PASS  MOEXFN             gold_emb         lag=  1  m6_ic=0.0431
[18:41:34]     VAL PASS  MOEXFN             gold_emb         lag= 14  m6_ic=0.0671
[18:41:34]     VAL PASS  MOEXFN             gold_emb         lag= 30  m6_ic=0.0432
[18:41:35]     VAL PASS  MOEXOG             oil_emb          lag=  7  m6_ic=0.0760
[18:41:35]     VAL PASS  MOEXOG             rate_emb         lag=  1  m6_ic=0.0724
[18:41:35]     VAL PASS  MOEXOG             rate_emb         lag= 14  m6_ic=0.1214
[18:41:35]     VAL PASS  MOEXOG             rate_emb         lag= 30  m6_ic=0.0919
[18:41:35]     VAL PASS  MOEXOG             ruble_emb        lag=  1  m6_ic=0.0717
[18:41:36]     VAL PASS  MOEXOG             ruble_emb        lag=  7  m6_ic=0.0711
[18:41:36]     VAL PASS  MOEXOG             ruble_emb        lag= 14  m6_ic=0.0693
[18:41:36]     VAL PASS  MOEXOG             sanctions_emb    lag=  1  m6_ic=0.0403
[18:41:36]     VAL PASS  MOEXOG             sanctions_emb    lag=  7  m6_ic=0.0598
[18:41:36]     VAL PASS  MOEXOG             sanctions_emb    lag= 30  m6_ic=0.0790
[18:41:36]     VAL PASS  MOEXOG             inflation_emb    lag= 30  m6_ic=0.1262
[18:41:37]     VAL PASS  MOEXOG             banking_emb      lag=  7  m6_ic=0.0733
[18:41:37]     VAL PASS  MOEXOG             gold_emb         lag= 14  m6_ic=0.0309
[18:41:37]     VAL PASS  MOEX10             oil_emb          lag=  7  m6_ic=0.0325
[18:41:37]     VAL PASS  MOEX10             oil_emb          lag= 30  m6_ic=0.0996
[18:41:38]     VAL PASS  MOEX10             rate_emb         lag=  1  m6_ic=0.0347
[18:41:38]     VAL PASS  MOEX10             rate_emb         lag= 14  m6_ic=0.1375
[18:41:38]     VAL PASS  MOEX10             rate_emb         lag= 30  m6_ic=0.0699
[18:41:38]     VAL PASS  MOEX10             ruble_emb        lag=  1  m6_ic=0.0934
[18:41:38]     VAL PASS  MOEX10             ruble_emb        lag= 14  m6_ic=0.0760
[18:41:39]     VAL PASS  MOEX10             sanctions_emb    lag=  1  m6_ic=0.0568
[18:41:39]     VAL PASS  MOEX10             inflation_emb    lag=  1  m6_ic=0.0965
[18:41:39]     VAL PASS  MOEX10             inflation_emb    lag= 14  m6_ic=0.0362
[18:41:39]     VAL PASS  MOEX10             banking_emb      lag=  7  m6_ic=0.0565
[18:41:40]     VAL PASS  MOEX10             gold_emb         lag=  7  m6_ic=0.0845
[18:41:40]     VAL PASS  MOEX10             gold_emb         lag= 30  m6_ic=0.0375
[18:41:40]     Val: 186/262 held
[18:41:40]   → train=262  val=186  max_ic=0.1404
[18:41:40] 
============================================================
[18:41:40] FINAL REPORT
[18:41:40] ============================================================
[18:41:40] Report: C:\project\signal_mind\analytics\phase_b\night_search\night_report_20260521_181814.md
[18:41:41] Hits CSV: C:\project\signal_mind\analytics\phase_b\night_search\night_hits_20260521_181814.csv
[18:41:41] 
  [11/15] sweep_embedding_raw_abs_return  budget=91min  ic_gate=0.03  ens=M6_only
[18:41:41]   Config: sweep_embedding_raw_abs_return
[18:41:41]     feature=embedding_raw  target=abs_return  ensemble=M6_only  ic_min=0.03
[18:41:41]   HIT  SP500              oil_emb          lag= 30 m5_p=0.7391  m6_ic=0.0739
[18:41:43]   HIT  SP500              ruble_emb        lag=  7 m5_p=0.1061  m6_ic=0.0664
[18:41:43]   HIT  SP500              ruble_emb        lag= 14 m5_p=0.6187  m6_ic=0.0796
[18:41:43]   HIT  SP500              sanctions_emb    lag=  1 m5_p=0.1713  m6_ic=0.0536
[18:41:44]   HIT  SP500              sanctions_emb    lag=  7 m5_p=0.0916  m6_ic=0.0553
[18:41:44]   HIT  SP500              sanctions_emb    lag= 14 m5_p=0.1534  m6_ic=0.0360
[18:41:44]   HIT  SP500              inflation_emb    lag=  1 m5_p=0.9406  m6_ic=0.0484
[18:41:44]   HIT  SP500              inflation_emb    lag=  7 m5_p=0.3355  m6_ic=0.1011
[18:41:45]   HIT  SP500              inflation_emb    lag= 30 m5_p=0.5788  m6_ic=0.0506
[18:41:45]   HIT  SP500              banking_emb      lag=  1 m5_p=0.5709  m6_ic=0.0312
[18:41:46]   HIT  SP500              gold_emb         lag= 14 m5_p=0.4467  m6_ic=0.0763
[18:41:47]   HIT  USD_RUB            oil_emb          lag=  1 m5_p=0.7448  m6_ic=0.0517
[18:41:47]   HIT  USD_RUB            oil_emb          lag= 30 m5_p=0.8768  m6_ic=0.0881
[18:41:48]   HIT  USD_RUB            rate_emb         lag=  1 m5_p=0.0770  m6_ic=0.0326
[18:41:48]   HIT  USD_RUB            rate_emb         lag=  7 m5_p=0.0680  m6_ic=0.0499
[18:41:48]   HIT  USD_RUB            rate_emb         lag= 30 m5_p=0.5357  m6_ic=0.0664
[18:41:49]   HIT  USD_RUB            ruble_emb        lag=  7 m5_p=0.7121  m6_ic=0.1193
[18:41:49]   HIT  USD_RUB            ruble_emb        lag= 14 m5_p=0.0550  m6_ic=0.0786
[18:41:49]   HIT  USD_RUB            sanctions_emb    lag=  7 m5_p=0.4124  m6_ic=0.0885
[18:41:50]   HIT  USD_RUB            inflation_emb    lag=  1 m5_p=0.0616  m6_ic=0.0752
[18:41:50]   HIT  USD_RUB            inflation_emb    lag=  7 m5_p=0.8706  m6_ic=0.0327
[18:41:50]   HIT  USD_RUB            inflation_emb    lag= 14 m5_p=0.6877  m6_ic=0.0344
[18:41:51]   HIT  USD_RUB            banking_emb      lag=  1 m5_p=0.9389  m6_ic=0.0921
[18:41:51]   HIT  USD_RUB            banking_emb      lag= 14 m5_p=0.5740  m6_ic=0.0352
[18:41:51]   HIT  USD_RUB            banking_emb      lag= 30 m5_p=0.8252  m6_ic=0.0489
[18:41:52]   HIT  USD_RUB            gold_emb         lag=  7 m5_p=0.9077  m6_ic=0.0349
[18:41:52]   HIT  EUR_RUB            oil_emb          lag=  1 m5_p=0.7448  m6_ic=0.0517
[18:41:53]   HIT  EUR_RUB            oil_emb          lag= 30 m5_p=0.8768  m6_ic=0.0881
[18:41:53]   HIT  EUR_RUB            rate_emb         lag=  1 m5_p=0.0770  m6_ic=0.0326
[18:41:53]   HIT  EUR_RUB            rate_emb         lag=  7 m5_p=0.0680  m6_ic=0.0499
[18:41:54]   HIT  EUR_RUB            rate_emb         lag= 30 m5_p=0.5357  m6_ic=0.0664
[18:41:54]   HIT  EUR_RUB            ruble_emb        lag=  7 m5_p=0.7121  m6_ic=0.1193
[18:41:54]   HIT  EUR_RUB            ruble_emb        lag= 14 m5_p=0.0550  m6_ic=0.0786
[18:41:55]   HIT  EUR_RUB            sanctions_emb    lag=  7 m5_p=0.4124  m6_ic=0.0885
[18:41:56]   HIT  EUR_RUB            inflation_emb    lag=  1 m5_p=0.0616  m6_ic=0.0752
[18:41:56]   HIT  EUR_RUB            inflation_emb    lag=  7 m5_p=0.8706  m6_ic=0.0327
[18:41:56]   HIT  EUR_RUB            inflation_emb    lag= 14 m5_p=0.6877  m6_ic=0.0344
[18:41:56]   HIT  EUR_RUB            banking_emb      lag=  1 m5_p=0.9389  m6_ic=0.0921
[18:41:57]   HIT  EUR_RUB            banking_emb      lag= 14 m5_p=0.5740  m6_ic=0.0352
[18:41:57]   HIT  EUR_RUB            banking_emb      lag= 30 m5_p=0.8252  m6_ic=0.0489
[18:41:57]   HIT  EUR_RUB            gold_emb         lag=  7 m5_p=0.9077  m6_ic=0.0349
[18:41:58]   HIT  DJ_SOUTH_AFRICA    oil_emb          lag=  7 m5_p=0.8485  m6_ic=0.0371
[18:41:58]   HIT  DJ_SOUTH_AFRICA    oil_emb          lag= 14 m5_p=0.5498  m6_ic=0.0927
[18:41:59]   HIT  DJ_SOUTH_AFRICA    oil_emb          lag= 30 m5_p=0.0778  m6_ic=0.0312
[18:41:59]   HIT  DJ_SOUTH_AFRICA    rate_emb         lag=  1 m5_p=0.0638  m6_ic=0.0318
[18:41:59]   HIT  DJ_SOUTH_AFRICA    rate_emb         lag= 14 m5_p=0.4893  m6_ic=0.1174
[18:42:00]   HIT  DJ_SOUTH_AFRICA    rate_emb         lag= 30 m5_p=0.4674  m6_ic=0.0569
[18:42:00]   HIT  DJ_SOUTH_AFRICA    ruble_emb        lag=  1 m5_p=0.5229  m6_ic=0.0604
[18:42:00]   HIT  DJ_SOUTH_AFRICA    ruble_emb        lag=  7 m5_p=0.1380  m6_ic=0.0332
[18:42:00]   HIT  DJ_SOUTH_AFRICA    ruble_emb        lag= 30 m5_p=0.6104  m6_ic=0.0555
[18:42:01]   HIT  DJ_SOUTH_AFRICA    sanctions_emb    lag=  7 m5_p=0.0377  m6_ic=0.0609
[18:42:01]   HIT  DJ_SOUTH_AFRICA    sanctions_emb    lag= 14 m5_p=0.6578  m6_ic=0.0507
[18:42:01]   HIT  DJ_SOUTH_AFRICA    sanctions_emb    lag= 30 m5_p=0.4399  m6_ic=0.0743
[18:42:01]   HIT  DJ_SOUTH_AFRICA    inflation_emb    lag=  1 m5_p=0.7070  m6_ic=0.0432
[18:42:02]   HIT  DJ_SOUTH_AFRICA    inflation_emb    lag=  7 m5_p=0.1537  m6_ic=0.0520
[18:42:02]   HIT  DJ_SOUTH_AFRICA    inflation_emb    lag= 14 m5_p=0.7240  m6_ic=0.0561
[18:42:02]   HIT  DJ_SOUTH_AFRICA    inflation_emb    lag= 30 m5_p=0.8763  m6_ic=0.0535
[18:42:03]   HIT  DJ_SOUTH_AFRICA    banking_emb      lag= 14 m5_p=0.5877  m6_ic=0.0469
[18:42:03]   HIT  DJ_SOUTH_AFRICA    gold_emb         lag=  7 m5_p=0.5567  m6_ic=0.0355
[18:42:03]   HIT  DJ_SOUTH_AFRICA    gold_emb         lag= 14 m5_p=0.2009  m6_ic=0.0807
[18:42:04]   HIT  DJ_SOUTH_AFRICA    gold_emb         lag= 30 m5_p=0.0076  m6_ic=0.0425
[18:42:04]   HIT  MSCI_WORLD         oil_emb          lag= 14 m5_p=0.9228  m6_ic=0.0302
[18:42:05]   HIT  MSCI_WORLD         rate_emb         lag=  1 m5_p=0.9574  m6_ic=0.0328
[18:42:05]   HIT  MSCI_WORLD         rate_emb         lag=  7 m5_p=0.1236  m6_ic=0.0492
[18:42:05]   HIT  MSCI_WORLD         rate_emb         lag= 30 m5_p=0.0772  m6_ic=0.0424
[18:42:06]   HIT  MSCI_WORLD         sanctions_emb    lag=  1 m5_p=0.9459  m6_ic=0.0494
[18:42:06]   HIT  MSCI_WORLD         sanctions_emb    lag=  7 m5_p=0.8661  m6_ic=0.0378
[18:42:07]   HIT  MSCI_WORLD         inflation_emb    lag=  1 m5_p=0.7441  m6_ic=0.0441
[18:42:07]   HIT  MSCI_WORLD         inflation_emb    lag=  7 m5_p=0.6335  m6_ic=0.0340
[18:42:07]   HIT  MSCI_WORLD         inflation_emb    lag= 14 m5_p=0.7948  m6_ic=0.0635
[18:42:08]   HIT  MSCI_WORLD         inflation_emb    lag= 30 m5_p=0.8049  m6_ic=0.0333
[18:42:08]   HIT  MSCI_WORLD         banking_emb      lag=  1 m5_p=0.3836  m6_ic=0.0378
[18:42:08]   HIT  MSCI_WORLD         banking_emb      lag=  7 m5_p=0.7890  m6_ic=0.0945
[18:42:09]   HIT  MSCI_WORLD         gold_emb         lag=  7 m5_p=0.8757  m6_ic=0.0976
[18:42:09]   HIT  MSCI_WORLD         gold_emb         lag= 14 m5_p=0.7950  m6_ic=0.1159
[18:42:09]   HIT  MSCI_WORLD         gold_emb         lag= 30 m5_p=0.4986  m6_ic=0.1011
[18:42:09]   HIT  DXY                oil_emb          lag=  1 m5_p=0.3734  m6_ic=0.0729
[18:42:10]   HIT  DXY                rate_emb         lag=  1 m5_p=0.8318  m6_ic=0.0390
[18:42:11]   HIT  DXY                rate_emb         lag= 14 m5_p=0.0197  m6_ic=0.0767
[18:42:11]   HIT  DXY                rate_emb         lag= 30 m5_p=0.7622  m6_ic=0.0976
[18:42:11]   HIT  DXY                ruble_emb        lag=  7 m5_p=0.6913  m6_ic=0.0592
[18:42:11]   HIT  DXY                ruble_emb        lag= 14 m5_p=0.8382  m6_ic=0.0534
[18:42:12]   HIT  DXY                ruble_emb        lag= 30 m5_p=0.9023  m6_ic=0.0629
[18:42:12]   HIT  DXY                sanctions_emb    lag=  1 m5_p=0.9646  m6_ic=0.0494
[18:42:12]   HIT  DXY                sanctions_emb    lag=  7 m5_p=0.6018  m6_ic=0.0475
[18:42:12]   HIT  DXY                sanctions_emb    lag= 14 m5_p=0.3624  m6_ic=0.0517
[18:42:13]   HIT  DXY                sanctions_emb    lag= 30 m5_p=0.3064  m6_ic=0.1034
[18:42:13]   HIT  DXY                inflation_emb    lag=  7 m5_p=0.2859  m6_ic=0.0588
[18:42:13]   HIT  DXY                inflation_emb    lag= 30 m5_p=0.7154  m6_ic=0.0365
[18:42:14]   HIT  DXY                banking_emb      lag=  1 m5_p=0.2264  m6_ic=0.0820
[18:42:14]   HIT  DXY                banking_emb      lag=  7 m5_p=0.9442  m6_ic=0.0335
[18:42:15]   HIT  DXY                gold_emb         lag=  7 m5_p=0.9126  m6_ic=0.0382
[18:42:15]   HIT  DXY                gold_emb         lag= 14 m5_p=0.6709  m6_ic=0.1237
[18:42:15]   HIT  DXY                gold_emb         lag= 30 m5_p=0.1762  m6_ic=0.0600
[18:42:16]   HIT  BRENT              oil_emb          lag= 14 m5_p=0.6934  m6_ic=0.0400
[18:42:16]   HIT  BRENT              oil_emb          lag= 30 m5_p=0.9130  m6_ic=0.1104
[18:42:16]   HIT  BRENT              rate_emb         lag=  7 m5_p=0.4801  m6_ic=0.0464
[18:42:17]   HIT  BRENT              rate_emb         lag= 30 m5_p=0.2612  m6_ic=0.0692
[18:42:17]   HIT  BRENT              ruble_emb        lag=  1 m5_p=0.7575  m6_ic=0.0686
[18:42:17]   HIT  BRENT              ruble_emb        lag=  7 m5_p=0.0665  m6_ic=0.0500
[18:42:17]   HIT  BRENT              ruble_emb        lag= 14 m5_p=0.8253  m6_ic=0.0390
[18:42:17]   HIT  BRENT              ruble_emb        lag= 30 m5_p=0.3300  m6_ic=0.0935
[18:42:18]   HIT  BRENT              sanctions_emb    lag= 30 m5_p=0.9523  m6_ic=0.0530
[18:42:19]   HIT  BRENT              inflation_emb    lag=  7 m5_p=0.1720  m6_ic=0.0760
[18:42:19]   HIT  BRENT              inflation_emb    lag= 30 m5_p=0.3597  m6_ic=0.0379
[18:42:19]   HIT  BRENT              banking_emb      lag=  1 m5_p=0.8633  m6_ic=0.1119
[18:42:19]   HIT  BRENT              banking_emb      lag=  7 m5_p=0.8160  m6_ic=0.0430
[18:42:21]   HIT  BRENT              gold_emb         lag= 30 m5_p=0.9238  m6_ic=0.0554
[18:42:21]   HIT  MSCI_INDIA         oil_emb          lag=  1 m5_p=0.3292  m6_ic=0.1213
[18:42:22]   HIT  MSCI_INDIA         oil_emb          lag= 30 m5_p=0.3094  m6_ic=0.0502
[18:42:22]   HIT  MSCI_INDIA         rate_emb         lag=  1 m5_p=0.1585  m6_ic=0.0809
[18:42:22]   HIT  MSCI_INDIA         rate_emb         lag= 30 m5_p=0.2502  m6_ic=0.0447
[18:42:23]   HIT  MSCI_INDIA         ruble_emb        lag=  7 m5_p=0.4546  m6_ic=0.0753
[18:42:23]   HIT  MSCI_INDIA         ruble_emb        lag= 14 m5_p=0.7257  m6_ic=0.1170
[18:42:23]   HIT  MSCI_INDIA         ruble_emb        lag= 30 m5_p=0.5483  m6_ic=0.0717
[18:42:24]   HIT  MSCI_INDIA         inflation_emb    lag=  1 m5_p=0.7917  m6_ic=0.0412
[18:42:24]   HIT  MSCI_INDIA         inflation_emb    lag=  7 m5_p=0.5301  m6_ic=0.0356
[18:42:25]   HIT  MSCI_INDIA         inflation_emb    lag= 14 m5_p=0.1285  m6_ic=0.0672
[18:42:25]   HIT  MSCI_INDIA         banking_emb      lag=  1 m5_p=0.9750  m6_ic=0.0367
[18:42:25]   HIT  MSCI_INDIA         banking_emb      lag=  7 m5_p=0.7599  m6_ic=0.0594
[18:42:25]   HIT  MSCI_INDIA         banking_emb      lag= 14 m5_p=0.4523  m6_ic=0.0721
[18:42:26]   HIT  MSCI_INDIA         banking_emb      lag= 30 m5_p=0.2018  m6_ic=0.0762
[18:42:26]   HIT  MSCI_INDIA         gold_emb         lag=  7 m5_p=0.5405  m6_ic=0.0392
[18:42:27]   HIT  MSCI_INDIA         gold_emb         lag= 30 m5_p=0.9170  m6_ic=0.0421
[18:42:27]   HIT  CHINA_H_SHARES     oil_emb          lag=  1 m5_p=0.9909  m6_ic=0.0863
[18:42:27]   HIT  CHINA_H_SHARES     oil_emb          lag= 30 m5_p=0.4361  m6_ic=0.0799
[18:42:28]   HIT  CHINA_H_SHARES     rate_emb         lag=  1 m5_p=0.2178  m6_ic=0.0901
[18:42:28]   HIT  CHINA_H_SHARES     rate_emb         lag=  7 m5_p=0.8553  m6_ic=0.0471
[18:42:28]   HIT  CHINA_H_SHARES     rate_emb         lag= 14 m5_p=0.0364  m6_ic=0.0771
[18:42:28]   HIT  CHINA_H_SHARES     ruble_emb        lag=  1 m5_p=0.0971  m6_ic=0.0371
[18:42:28]   HIT  CHINA_H_SHARES     ruble_emb        lag=  7 m5_p=0.0111  m6_ic=0.0720
[18:42:29]   HIT  CHINA_H_SHARES     ruble_emb        lag= 14 m5_p=0.5494  m6_ic=0.0324
[18:42:29]   HIT  CHINA_H_SHARES     sanctions_emb    lag=  1 m5_p=0.4580  m6_ic=0.0333
[18:42:29]   HIT  CHINA_H_SHARES     sanctions_emb    lag=  7 m5_p=0.6217  m6_ic=0.0547
[18:42:30]   HIT  CHINA_H_SHARES     sanctions_emb    lag= 30 m5_p=0.5367  m6_ic=0.0430
[18:42:30]   HIT  CHINA_H_SHARES     inflation_emb    lag=  7 m5_p=0.9540  m6_ic=0.0496
[18:42:30]   HIT  CHINA_H_SHARES     inflation_emb    lag= 14 m5_p=0.0526  m6_ic=0.0713
[18:42:30]   HIT  CHINA_H_SHARES     inflation_emb    lag= 30 m5_p=0.6533  m6_ic=0.0354
[18:42:31]   HIT  CHINA_H_SHARES     banking_emb      lag=  1 m5_p=0.9612  m6_ic=0.0659
[18:42:31]   HIT  CHINA_H_SHARES     banking_emb      lag=  7 m5_p=0.9848  m6_ic=0.0339
[18:42:31]   HIT  CHINA_H_SHARES     gold_emb         lag=  1 m5_p=0.9468  m6_ic=0.0312
[18:42:32]   HIT  CHINA_H_SHARES     gold_emb         lag=  7 m5_p=0.8447  m6_ic=0.0588
[18:42:32]   HIT  CHINA_H_SHARES     gold_emb         lag= 14 m5_p=0.3694  m6_ic=0.0732
[18:42:32]   HIT  CHINA_H_SHARES     gold_emb         lag= 30 m5_p=0.5720  m6_ic=0.0662
[18:42:32]   HIT  FTSE_CHINA_50      oil_emb          lag=  1 m5_p=0.8237  m6_ic=0.0584
[18:42:33]   HIT  FTSE_CHINA_50      oil_emb          lag= 14 m5_p=0.9464  m6_ic=0.0439
[18:42:33]   HIT  FTSE_CHINA_50      oil_emb          lag= 30 m5_p=0.3816  m6_ic=0.0640
[18:42:33]   HIT  FTSE_CHINA_50      rate_emb         lag=  1 m5_p=0.2613  m6_ic=0.0949
[18:42:33]   HIT  FTSE_CHINA_50      rate_emb         lag=  7 m5_p=0.7846  m6_ic=0.0348
[18:42:33]   HIT  FTSE_CHINA_50      rate_emb         lag= 14 m5_p=0.0304  m6_ic=0.0779
[18:42:34]   HIT  FTSE_CHINA_50      ruble_emb        lag=  1 m5_p=0.0629  m6_ic=0.0780
[18:42:34]   HIT  FTSE_CHINA_50      ruble_emb        lag= 14 m5_p=0.4802  m6_ic=0.0610
[18:42:35]   HIT  FTSE_CHINA_50      sanctions_emb    lag=  7 m5_p=0.6860  m6_ic=0.0559
[18:42:35]   HIT  FTSE_CHINA_50      sanctions_emb    lag= 30 m5_p=0.3571  m6_ic=0.0738
[18:42:36]   HIT  FTSE_CHINA_50      inflation_emb    lag=  7 m5_p=0.8928  m6_ic=0.0538
[18:42:36]   HIT  FTSE_CHINA_50      inflation_emb    lag= 14 m5_p=0.0430  m6_ic=0.0684
[18:42:36]   HIT  FTSE_CHINA_50      inflation_emb    lag= 30 m5_p=0.6400  m6_ic=0.0316
[18:42:36]   HIT  FTSE_CHINA_50      banking_emb      lag=  1 m5_p=0.9411  m6_ic=0.0508
[18:42:36]   HIT  FTSE_CHINA_50      banking_emb      lag=  7 m5_p=0.8064  m6_ic=0.0305
[18:42:37]   HIT  FTSE_CHINA_50      gold_emb         lag=  7 m5_p=0.8589  m6_ic=0.0558
[18:42:37]   HIT  FTSE_CHINA_50      gold_emb         lag= 14 m5_p=0.2419  m6_ic=0.0816
[18:42:38]   HIT  FTSE_CHINA_50      gold_emb         lag= 30 m5_p=0.4803  m6_ic=0.0633
[18:42:38]   HIT  GOLD               oil_emb          lag= 30 m5_p=0.1388  m6_ic=0.1091
[18:42:39]   HIT  GOLD               rate_emb         lag=  1 m5_p=0.9063  m6_ic=0.1404
[18:42:39]   HIT  GOLD               rate_emb         lag=  7 m5_p=0.3280  m6_ic=0.0759
[18:42:39]   HIT  GOLD               rate_emb         lag= 14 m5_p=0.3908  m6_ic=0.1002
[18:42:39]   HIT  GOLD               rate_emb         lag= 30 m5_p=0.4556  m6_ic=0.0459
[18:42:40]   HIT  GOLD               ruble_emb        lag= 30 m5_p=0.4411  m6_ic=0.0488
[18:42:41]   HIT  GOLD               sanctions_emb    lag= 14 m5_p=0.2355  m6_ic=0.0600
[18:42:41]   HIT  GOLD               inflation_emb    lag=  1 m5_p=0.9295  m6_ic=0.1321
[18:42:41]   HIT  GOLD               inflation_emb    lag=  7 m5_p=0.6545  m6_ic=0.0586
[18:42:41]   HIT  GOLD               inflation_emb    lag= 14 m5_p=0.7785  m6_ic=0.0872
[18:42:41]   HIT  GOLD               inflation_emb    lag= 30 m5_p=0.8263  m6_ic=0.0616
[18:42:42]   HIT  GOLD               banking_emb      lag=  7 m5_p=0.3961  m6_ic=0.0477
[18:42:42]   HIT  GOLD               banking_emb      lag= 14 m5_p=0.6257  m6_ic=0.0400
[18:42:42]   HIT  GOLD               banking_emb      lag= 30 m5_p=0.3287  m6_ic=0.0307
[18:42:42]   HIT  GOLD               gold_emb         lag=  1 m5_p=0.3730  m6_ic=0.0464
[18:42:43]   HIT  GOLD               gold_emb         lag=  7 m5_p=0.3488  m6_ic=0.1122
[18:42:43]   HIT  GOLD               gold_emb         lag= 14 m5_p=0.6406  m6_ic=0.0348
[18:42:43]   HIT  GOLD               gold_emb         lag= 30 m5_p=0.6717  m6_ic=0.0388
[18:42:43]   HIT  SILVER             oil_emb          lag=  7 m5_p=0.2003  m6_ic=0.0348
[18:42:44]   HIT  SILVER             oil_emb          lag= 14 m5_p=0.9077  m6_ic=0.0598
[18:42:44]   HIT  SILVER             oil_emb          lag= 30 m5_p=0.2117  m6_ic=0.0714
[18:42:44]   HIT  SILVER             rate_emb         lag=  1 m5_p=0.4332  m6_ic=0.0515
[18:42:44]   HIT  SILVER             rate_emb         lag=  7 m5_p=0.2404  m6_ic=0.0402
[18:42:44]   HIT  SILVER             rate_emb         lag= 14 m5_p=0.4185  m6_ic=0.0338
[18:42:45]   HIT  SILVER             ruble_emb        lag=  1 m5_p=0.5027  m6_ic=0.0679
[18:42:45]   HIT  SILVER             ruble_emb        lag=  7 m5_p=0.1094  m6_ic=0.0335
[18:42:45]   HIT  SILVER             ruble_emb        lag= 14 m5_p=0.7233  m6_ic=0.1006
[18:42:45]   HIT  SILVER             ruble_emb        lag= 30 m5_p=0.8350  m6_ic=0.0465
[18:42:45]   HIT  SILVER             sanctions_emb    lag=  1 m5_p=0.7351  m6_ic=0.1333
[18:42:46]   HIT  SILVER             sanctions_emb    lag=  7 m5_p=0.4999  m6_ic=0.0933
[18:42:46]   HIT  SILVER             inflation_emb    lag=  1 m5_p=0.6911  m6_ic=0.0498
[18:42:47]   HIT  SILVER             inflation_emb    lag= 30 m5_p=0.6921  m6_ic=0.0493
[18:42:48]   HIT  SILVER             banking_emb      lag= 30 m5_p=0.8745  m6_ic=0.0929
[18:42:48]   HIT  SILVER             gold_emb         lag= 14 m5_p=0.9410  m6_ic=0.1223
[18:42:48]   HIT  SILVER             gold_emb         lag= 30 m5_p=0.8730  m6_ic=0.0579
[18:42:49]   HIT  IMOEX              oil_emb          lag= 14 m5_p=0.4171  m6_ic=0.0348
[18:42:49]   HIT  IMOEX              rate_emb         lag=  1 m5_p=0.1216  m6_ic=0.0814
[18:42:50]   HIT  IMOEX              rate_emb         lag= 14 m5_p=0.3900  m6_ic=0.1071
[18:42:50]   HIT  IMOEX              rate_emb         lag= 30 m5_p=0.9239  m6_ic=0.0745
[18:42:50]   HIT  IMOEX              ruble_emb        lag=  1 m5_p=0.3538  m6_ic=0.0605
[18:42:50]   HIT  IMOEX              ruble_emb        lag=  7 m5_p=0.6969  m6_ic=0.1091
[18:42:51]   HIT  IMOEX              ruble_emb        lag= 14 m5_p=0.5752  m6_ic=0.0849
[18:42:51]   HIT  IMOEX              ruble_emb        lag= 30 m5_p=0.3496  m6_ic=0.0328
[18:42:51]   HIT  IMOEX              sanctions_emb    lag=  1 m5_p=0.4070  m6_ic=0.1019
[18:42:51]   HIT  IMOEX              sanctions_emb    lag=  7 m5_p=0.2338  m6_ic=0.1173
[18:42:52]   HIT  IMOEX              inflation_emb    lag=  1 m5_p=0.0887  m6_ic=0.0574
[18:42:52]   HIT  IMOEX              inflation_emb    lag=  7 m5_p=0.2308  m6_ic=0.0342
[18:42:53]   HIT  IMOEX              banking_emb      lag=  7 m5_p=0.8551  m6_ic=0.0688
[18:42:54]   HIT  IMOEX              gold_emb         lag=  7 m5_p=0.1597  m6_ic=0.0659
[18:42:54]   HIT  IMOEX              gold_emb         lag= 14 m5_p=0.4976  m6_ic=0.0706
[18:42:55]   HIT  MOEXFN             oil_emb          lag= 14 m5_p=0.5602  m6_ic=0.0696
[18:42:55]   HIT  MOEXFN             oil_emb          lag= 30 m5_p=0.4331  m6_ic=0.0849
[18:42:55]   HIT  MOEXFN             rate_emb         lag=  7 m5_p=0.3027  m6_ic=0.0508
[18:42:55]   HIT  MOEXFN             rate_emb         lag= 14 m5_p=0.0939  m6_ic=0.0655
[18:42:56]   HIT  MOEXFN             rate_emb         lag= 30 m5_p=0.4588  m6_ic=0.0520
[18:42:56]   HIT  MOEXFN             ruble_emb        lag=  1 m5_p=0.4051  m6_ic=0.0600
[18:42:56]   HIT  MOEXFN             ruble_emb        lag=  7 m5_p=0.9184  m6_ic=0.0448
[18:42:56]   HIT  MOEXFN             ruble_emb        lag= 14 m5_p=0.9268  m6_ic=0.0307
[18:42:57]   HIT  MOEXFN             sanctions_emb    lag=  1 m5_p=0.5545  m6_ic=0.1003
[18:42:57]   HIT  MOEXFN             sanctions_emb    lag=  7 m5_p=0.2675  m6_ic=0.0685
[18:42:57]   HIT  MOEXFN             sanctions_emb    lag= 30 m5_p=0.6794  m6_ic=0.0667
[18:42:58]   HIT  MOEXFN             inflation_emb    lag= 14 m5_p=0.8303  m6_ic=0.0796
[18:42:58]   HIT  MOEXFN             banking_emb      lag=  1 m5_p=0.4235  m6_ic=0.0403
[18:42:58]   HIT  MOEXFN             banking_emb      lag=  7 m5_p=0.9354  m6_ic=0.0636
[18:42:59]   HIT  MOEXFN             banking_emb      lag= 30 m5_p=0.8517  m6_ic=0.0600
[18:42:59]   HIT  MOEXFN             gold_emb         lag=  1 m5_p=0.8897  m6_ic=0.0880
[18:42:59]   HIT  MOEXFN             gold_emb         lag=  7 m5_p=0.3467  m6_ic=0.0796
[18:42:59]   HIT  MOEXFN             gold_emb         lag= 14 m5_p=0.3763  m6_ic=0.0406
[18:43:00]   HIT  MOEXFN             gold_emb         lag= 30 m5_p=0.2654  m6_ic=0.0391
[18:43:00]   HIT  MOEXOG             oil_emb          lag=  1 m5_p=0.6638  m6_ic=0.0427
[18:43:00]   HIT  MOEXOG             oil_emb          lag=  7 m5_p=0.0552  m6_ic=0.0383
[18:43:01]   HIT  MOEXOG             rate_emb         lag=  1 m5_p=0.0466  m6_ic=0.0488
[18:43:01]   HIT  MOEXOG             rate_emb         lag= 14 m5_p=0.5690  m6_ic=0.0847
[18:43:01]   HIT  MOEXOG             rate_emb         lag= 30 m5_p=0.4720  m6_ic=0.1227
[18:43:01]   HIT  MOEXOG             ruble_emb        lag=  1 m5_p=0.3281  m6_ic=0.0496
[18:43:02]   HIT  MOEXOG             ruble_emb        lag=  7 m5_p=0.6356  m6_ic=0.0826
[18:43:02]   HIT  MOEXOG             ruble_emb        lag= 14 m5_p=0.7891  m6_ic=0.0479
[18:43:02]   HIT  MOEXOG             sanctions_emb    lag=  1 m5_p=0.3517  m6_ic=0.1262
[18:43:02]   HIT  MOEXOG             sanctions_emb    lag=  7 m5_p=0.5112  m6_ic=0.1113
[18:43:03]   HIT  MOEXOG             sanctions_emb    lag= 30 m5_p=0.5821  m6_ic=0.0788
[18:43:04]   HIT  MOEXOG             inflation_emb    lag= 30 m5_p=0.5215  m6_ic=0.0323
[18:43:04]   HIT  MOEXOG             banking_emb      lag=  7 m5_p=0.9745  m6_ic=0.0637
[18:43:05]   HIT  MOEXOG             gold_emb         lag=  7 m5_p=0.2981  m6_ic=0.0520
[18:43:05]   HIT  MOEXOG             gold_emb         lag= 14 m5_p=0.4966  m6_ic=0.0451
[18:43:06]   HIT  MOEX10             oil_emb          lag=  7 m5_p=0.1319  m6_ic=0.0357
[18:43:06]   HIT  MOEX10             oil_emb          lag= 30 m5_p=0.1828  m6_ic=0.0573
[18:43:06]   HIT  MOEX10             rate_emb         lag=  1 m5_p=0.0783  m6_ic=0.0526
[18:43:07]   HIT  MOEX10             rate_emb         lag=  7 m5_p=0.2159  m6_ic=0.0714
[18:43:07]   HIT  MOEX10             rate_emb         lag= 14 m5_p=0.4691  m6_ic=0.0495
[18:43:07]   HIT  MOEX10             rate_emb         lag= 30 m5_p=0.7477  m6_ic=0.0642
[18:43:07]   HIT  MOEX10             ruble_emb        lag=  1 m5_p=0.3155  m6_ic=0.0362
[18:43:08]   HIT  MOEX10             ruble_emb        lag= 14 m5_p=0.8507  m6_ic=0.0382
[18:43:08]   HIT  MOEX10             sanctions_emb    lag=  1 m5_p=0.4780  m6_ic=0.1139
[18:43:09]   HIT  MOEX10             inflation_emb    lag=  1 m5_p=0.1605  m6_ic=0.0351
[18:43:09]   HIT  MOEX10             inflation_emb    lag= 14 m5_p=0.9331  m6_ic=0.0770
[18:43:10]   HIT  MOEX10             banking_emb      lag=  7 m5_p=0.9801  m6_ic=0.0639
[18:43:10]   HIT  MOEX10             banking_emb      lag= 14 m5_p=0.8787  m6_ic=0.0447
[18:43:10]   HIT  MOEX10             gold_emb         lag=  1 m5_p=0.6671  m6_ic=0.0503
[18:43:11]   HIT  MOEX10             gold_emb         lag=  7 m5_p=0.1483  m6_ic=0.1153
[18:43:11]   HIT  MOEX10             gold_emb         lag= 30 m5_p=0.3250  m6_ic=0.0731
[18:43:11]     Train: 262 signals
[18:43:11]     Val holdout (262 candidates)...
[18:43:11]     VAL PASS  SP500              oil_emb          lag= 30  m6_ic=0.0899
[18:43:12]     VAL PASS  SP500              ruble_emb        lag= 14  m6_ic=0.0561
[18:43:12]     VAL PASS  SP500              sanctions_emb    lag= 14  m6_ic=0.0681
[18:43:12]     VAL PASS  SP500              inflation_emb    lag=  1  m6_ic=0.0792
[18:43:13]     VAL PASS  SP500              inflation_emb    lag=  7  m6_ic=0.0586
[18:43:13]     VAL PASS  SP500              inflation_emb    lag= 30  m6_ic=0.0427
[18:43:13]     VAL PASS  SP500              gold_emb         lag= 14  m6_ic=0.0313
[18:43:13]     VAL PASS  USD_RUB            oil_emb          lag=  1  m6_ic=0.0595
[18:43:14]     VAL PASS  USD_RUB            oil_emb          lag= 30  m6_ic=0.0648
[18:43:14]     VAL PASS  USD_RUB            rate_emb         lag=  1  m6_ic=0.0521
[18:43:14]     VAL PASS  USD_RUB            rate_emb         lag=  7  m6_ic=0.0720
[18:43:14]     VAL PASS  USD_RUB            rate_emb         lag= 30  m6_ic=0.0915
[18:43:14]     VAL PASS  USD_RUB            ruble_emb        lag=  7  m6_ic=0.0375
[18:43:14]     VAL PASS  USD_RUB            ruble_emb        lag= 14  m6_ic=0.0778
[18:43:15]     VAL PASS  USD_RUB            sanctions_emb    lag=  7  m6_ic=0.0617
[18:43:15]     VAL PASS  USD_RUB            inflation_emb    lag=  7  m6_ic=0.0986
[18:43:15]     VAL PASS  USD_RUB            banking_emb      lag=  1  m6_ic=0.0940
[18:43:16]     VAL PASS  USD_RUB            banking_emb      lag= 30  m6_ic=0.0485
[18:43:16]     VAL PASS  USD_RUB            gold_emb         lag=  7  m6_ic=0.0684
[18:43:16]     VAL PASS  EUR_RUB            oil_emb          lag=  1  m6_ic=0.0595
[18:43:16]     VAL PASS  EUR_RUB            oil_emb          lag= 30  m6_ic=0.0648
[18:43:16]     VAL PASS  EUR_RUB            rate_emb         lag=  1  m6_ic=0.0521
[18:43:17]     VAL PASS  EUR_RUB            rate_emb         lag=  7  m6_ic=0.0720
[18:43:17]     VAL PASS  EUR_RUB            rate_emb         lag= 30  m6_ic=0.0915
[18:43:17]     VAL PASS  EUR_RUB            ruble_emb        lag=  7  m6_ic=0.0375
[18:43:17]     VAL PASS  EUR_RUB            ruble_emb        lag= 14  m6_ic=0.0778
[18:43:17]     VAL PASS  EUR_RUB            sanctions_emb    lag=  7  m6_ic=0.0617
[18:43:18]     VAL PASS  EUR_RUB            inflation_emb    lag=  7  m6_ic=0.0986
[18:43:18]     VAL PASS  EUR_RUB            banking_emb      lag=  1  m6_ic=0.0940
[18:43:19]     VAL PASS  EUR_RUB            banking_emb      lag= 30  m6_ic=0.0485
[18:43:19]     VAL PASS  EUR_RUB            gold_emb         lag=  7  m6_ic=0.0684
[18:43:19]     VAL PASS  DJ_SOUTH_AFRICA    oil_emb          lag= 14  m6_ic=0.0911
[18:43:19]     VAL PASS  DJ_SOUTH_AFRICA    oil_emb          lag= 30  m6_ic=0.0797
[18:43:19]     VAL PASS  DJ_SOUTH_AFRICA    rate_emb         lag=  1  m6_ic=0.0811
[18:43:20]     VAL PASS  DJ_SOUTH_AFRICA    rate_emb         lag= 14  m6_ic=0.1277
[18:43:20]     VAL PASS  DJ_SOUTH_AFRICA    rate_emb         lag= 30  m6_ic=0.0900
[18:43:20]     VAL PASS  DJ_SOUTH_AFRICA    ruble_emb        lag=  1  m6_ic=0.0375
[18:43:21]     VAL PASS  DJ_SOUTH_AFRICA    sanctions_emb    lag=  7  m6_ic=0.0345
[18:43:21]     VAL PASS  DJ_SOUTH_AFRICA    sanctions_emb    lag= 14  m6_ic=0.0326
[18:43:22]     VAL PASS  DJ_SOUTH_AFRICA    inflation_emb    lag= 14  m6_ic=0.0367
[18:43:22]     VAL PASS  DJ_SOUTH_AFRICA    inflation_emb    lag= 30  m6_ic=0.0317
[18:43:22]     VAL PASS  DJ_SOUTH_AFRICA    banking_emb      lag= 14  m6_ic=0.0761
[18:43:22]     VAL PASS  DJ_SOUTH_AFRICA    gold_emb         lag=  7  m6_ic=0.0435
[18:43:23]     VAL PASS  MSCI_WORLD         oil_emb          lag= 14  m6_ic=0.0370
[18:43:23]     VAL PASS  MSCI_WORLD         rate_emb         lag=  1  m6_ic=0.0447
[18:43:23]     VAL PASS  MSCI_WORLD         rate_emb         lag=  7  m6_ic=0.0648
[18:43:23]     VAL PASS  MSCI_WORLD         rate_emb         lag= 30  m6_ic=0.0473
[18:43:24]     VAL PASS  MSCI_WORLD         inflation_emb    lag=  1  m6_ic=0.0352
[18:43:24]     VAL PASS  MSCI_WORLD         inflation_emb    lag= 30  m6_ic=0.0406
[18:43:25]     VAL PASS  MSCI_WORLD         banking_emb      lag=  7  m6_ic=0.0492
[18:43:25]     VAL PASS  MSCI_WORLD         gold_emb         lag= 14  m6_ic=0.1109
[18:43:26]     VAL PASS  DXY                rate_emb         lag=  1  m6_ic=0.0713
[18:43:26]     VAL PASS  DXY                rate_emb         lag= 14  m6_ic=0.0358
[18:43:26]     VAL PASS  DXY                rate_emb         lag= 30  m6_ic=0.0598
[18:43:26]     VAL PASS  DXY                ruble_emb        lag=  7  m6_ic=0.0603
[18:43:27]     VAL PASS  DXY                ruble_emb        lag= 30  m6_ic=0.0364
[18:43:27]     VAL PASS  DXY                sanctions_emb    lag=  1  m6_ic=0.0566
[18:43:27]     VAL PASS  DXY                sanctions_emb    lag=  7  m6_ic=0.0506
[18:43:27]     VAL PASS  DXY                sanctions_emb    lag= 14  m6_ic=0.0835
[18:43:27]     VAL PASS  DXY                sanctions_emb    lag= 30  m6_ic=0.0392
[18:43:28]     VAL PASS  DXY                inflation_emb    lag=  7  m6_ic=0.0584
[18:43:28]     VAL PASS  DXY                inflation_emb    lag= 30  m6_ic=0.0529
[18:43:28]     VAL PASS  DXY                banking_emb      lag=  1  m6_ic=0.0350
[18:43:28]     VAL PASS  DXY                banking_emb      lag=  7  m6_ic=0.1067
[18:43:28]     VAL PASS  DXY                gold_emb         lag=  7  m6_ic=0.0760
[18:43:29]     VAL PASS  DXY                gold_emb         lag= 30  m6_ic=0.0619
[18:43:29]     VAL PASS  BRENT              oil_emb          lag= 14  m6_ic=0.0320
[18:43:29]     VAL PASS  BRENT              oil_emb          lag= 30  m6_ic=0.0584
[18:43:29]     VAL PASS  BRENT              rate_emb         lag=  7  m6_ic=0.0580
[18:43:29]     VAL PASS  BRENT              rate_emb         lag= 30  m6_ic=0.1135
[18:43:30]     VAL PASS  BRENT              ruble_emb        lag=  1  m6_ic=0.0408
[18:43:30]     VAL PASS  BRENT              ruble_emb        lag=  7  m6_ic=0.0386
[18:43:30]     VAL PASS  BRENT              ruble_emb        lag= 14  m6_ic=0.0512
[18:43:30]     VAL PASS  BRENT              ruble_emb        lag= 30  m6_ic=0.0439
[18:43:31]     VAL PASS  BRENT              inflation_emb    lag= 30  m6_ic=0.0603
[18:43:31]     VAL PASS  BRENT              gold_emb         lag= 30  m6_ic=0.0449
[18:43:32]     VAL PASS  MSCI_INDIA         oil_emb          lag=  1  m6_ic=0.0400
[18:43:32]     VAL PASS  MSCI_INDIA         oil_emb          lag= 30  m6_ic=0.0405
[18:43:32]     VAL PASS  MSCI_INDIA         rate_emb         lag=  1  m6_ic=0.0366
[18:43:32]     VAL PASS  MSCI_INDIA         rate_emb         lag= 30  m6_ic=0.0733
[18:43:32]     VAL PASS  MSCI_INDIA         ruble_emb        lag=  7  m6_ic=0.0481
[18:43:33]     VAL PASS  MSCI_INDIA         ruble_emb        lag= 30  m6_ic=0.0554
[18:43:33]     VAL PASS  MSCI_INDIA         inflation_emb    lag=  7  m6_ic=0.0963
[18:43:33]     VAL PASS  MSCI_INDIA         inflation_emb    lag= 14  m6_ic=0.0752
[18:43:33]     VAL PASS  MSCI_INDIA         banking_emb      lag=  1  m6_ic=0.0923
[18:43:34]     VAL PASS  MSCI_INDIA         banking_emb      lag=  7  m6_ic=0.0425
[18:43:34]     VAL PASS  MSCI_INDIA         banking_emb      lag= 30  m6_ic=0.1132
[18:43:34]     VAL PASS  MSCI_INDIA         gold_emb         lag=  7  m6_ic=0.0450
[18:43:34]     VAL PASS  MSCI_INDIA         gold_emb         lag= 30  m6_ic=0.0345
[18:43:35]     VAL PASS  CHINA_H_SHARES     oil_emb          lag=  1  m6_ic=0.0608
[18:43:35]     VAL PASS  CHINA_H_SHARES     oil_emb          lag= 30  m6_ic=0.1113
[18:43:35]     VAL PASS  CHINA_H_SHARES     rate_emb         lag=  7  m6_ic=0.0354
[18:43:35]     VAL PASS  CHINA_H_SHARES     rate_emb         lag= 14  m6_ic=0.0331
[18:43:36]     VAL PASS  CHINA_H_SHARES     ruble_emb        lag=  7  m6_ic=0.0892
[18:43:36]     VAL PASS  CHINA_H_SHARES     ruble_emb        lag= 14  m6_ic=0.1280
[18:43:36]     VAL PASS  CHINA_H_SHARES     sanctions_emb    lag=  1  m6_ic=0.0474
[18:43:36]     VAL PASS  CHINA_H_SHARES     sanctions_emb    lag=  7  m6_ic=0.0572
[18:43:36]     VAL PASS  CHINA_H_SHARES     sanctions_emb    lag= 30  m6_ic=0.0897
[18:43:37]     VAL PASS  CHINA_H_SHARES     inflation_emb    lag=  7  m6_ic=0.0534
[18:43:37]     VAL PASS  CHINA_H_SHARES     inflation_emb    lag= 14  m6_ic=0.0379
[18:43:37]     VAL PASS  CHINA_H_SHARES     inflation_emb    lag= 30  m6_ic=0.1258
[18:43:38]     VAL PASS  CHINA_H_SHARES     gold_emb         lag=  7  m6_ic=0.1018
[18:43:38]     VAL PASS  CHINA_H_SHARES     gold_emb         lag= 14  m6_ic=0.0745
[18:43:38]     VAL PASS  CHINA_H_SHARES     gold_emb         lag= 30  m6_ic=0.0575
[18:43:38]     VAL PASS  FTSE_CHINA_50      oil_emb          lag= 14  m6_ic=0.0456
[18:43:39]     VAL PASS  FTSE_CHINA_50      oil_emb          lag= 30  m6_ic=0.0821
[18:43:39]     VAL PASS  FTSE_CHINA_50      rate_emb         lag=  1  m6_ic=0.0402
[18:43:39]     VAL PASS  FTSE_CHINA_50      rate_emb         lag= 14  m6_ic=0.0535
[18:43:40]     VAL PASS  FTSE_CHINA_50      ruble_emb        lag= 14  m6_ic=0.0635
[18:43:40]     VAL PASS  FTSE_CHINA_50      sanctions_emb    lag=  7  m6_ic=0.0501
[18:43:40]     VAL PASS  FTSE_CHINA_50      sanctions_emb    lag= 30  m6_ic=0.0560
[18:43:40]     VAL PASS  FTSE_CHINA_50      inflation_emb    lag=  7  m6_ic=0.0397
[18:43:40]     VAL PASS  FTSE_CHINA_50      inflation_emb    lag= 14  m6_ic=0.0955
[18:43:41]     VAL PASS  FTSE_CHINA_50      banking_emb      lag=  1  m6_ic=0.0494
[18:43:41]     VAL PASS  FTSE_CHINA_50      gold_emb         lag=  7  m6_ic=0.0691
[18:43:41]     VAL PASS  FTSE_CHINA_50      gold_emb         lag= 14  m6_ic=0.0930
[18:43:42]     VAL PASS  FTSE_CHINA_50      gold_emb         lag= 30  m6_ic=0.0742
[18:43:42]     VAL PASS  GOLD               rate_emb         lag= 30  m6_ic=0.1112
[18:43:43]     VAL PASS  GOLD               inflation_emb    lag=  1  m6_ic=0.0444
[18:43:43]     VAL PASS  GOLD               inflation_emb    lag=  7  m6_ic=0.1382
[18:43:44]     VAL PASS  GOLD               inflation_emb    lag= 30  m6_ic=0.0972
[18:43:44]     VAL PASS  GOLD               banking_emb      lag=  7  m6_ic=0.1155
[18:43:45]     VAL PASS  GOLD               gold_emb         lag=  7  m6_ic=0.0636
[18:43:45]     VAL PASS  GOLD               gold_emb         lag= 14  m6_ic=0.0313
[18:43:45]     VAL PASS  SILVER             oil_emb          lag=  7  m6_ic=0.0794
[18:43:45]     VAL PASS  SILVER             oil_emb          lag= 14  m6_ic=0.0371
[18:43:45]     VAL PASS  SILVER             oil_emb          lag= 30  m6_ic=0.1323
[18:43:46]     VAL PASS  SILVER             rate_emb         lag=  7  m6_ic=0.0511
[18:43:46]     VAL PASS  SILVER             rate_emb         lag= 14  m6_ic=0.1074
[18:43:46]     VAL PASS  SILVER             ruble_emb        lag=  7  m6_ic=0.0758
[18:43:47]     VAL PASS  SILVER             inflation_emb    lag=  1  m6_ic=0.0448
[18:43:47]     VAL PASS  SILVER             inflation_emb    lag= 30  m6_ic=0.1342
[18:43:48]     VAL PASS  SILVER             banking_emb      lag= 30  m6_ic=0.0590
[18:43:48]     VAL PASS  SILVER             gold_emb         lag= 14  m6_ic=0.0661
[18:43:48]     VAL PASS  SILVER             gold_emb         lag= 30  m6_ic=0.1091
[18:43:48]     VAL PASS  IMOEX              oil_emb          lag= 14  m6_ic=0.0745
[18:43:49]     VAL PASS  IMOEX              rate_emb         lag= 14  m6_ic=0.1414
[18:43:49]     VAL PASS  IMOEX              rate_emb         lag= 30  m6_ic=0.1107
[18:43:49]     VAL PASS  IMOEX              ruble_emb        lag=  1  m6_ic=0.0690
[18:43:49]     VAL PASS  IMOEX              ruble_emb        lag=  7  m6_ic=0.0384
[18:43:49]     VAL PASS  IMOEX              ruble_emb        lag= 14  m6_ic=0.0690
[18:43:50]     VAL PASS  IMOEX              ruble_emb        lag= 30  m6_ic=0.0530
[18:43:50]     VAL PASS  IMOEX              sanctions_emb    lag=  1  m6_ic=0.0531
[18:43:50]     VAL PASS  IMOEX              sanctions_emb    lag=  7  m6_ic=0.0613
[18:43:50]     VAL PASS  IMOEX              inflation_emb    lag=  1  m6_ic=0.0941
[18:43:50]     VAL PASS  IMOEX              banking_emb      lag=  7  m6_ic=0.0366
[18:43:51]     VAL PASS  MOEXFN             oil_emb          lag= 30  m6_ic=0.0898
[18:43:51]     VAL PASS  MOEXFN             rate_emb         lag=  7  m6_ic=0.0698
[18:43:52]     VAL PASS  MOEXFN             rate_emb         lag= 14  m6_ic=0.1303
[18:43:52]     VAL PASS  MOEXFN             rate_emb         lag= 30  m6_ic=0.0674
[18:43:52]     VAL PASS  MOEXFN             ruble_emb        lag=  1  m6_ic=0.0860
[18:43:52]     VAL PASS  MOEXFN             ruble_emb        lag=  7  m6_ic=0.0409
[18:43:52]     VAL PASS  MOEXFN             ruble_emb        lag= 14  m6_ic=0.0746
[18:43:53]     VAL PASS  MOEXFN             sanctions_emb    lag=  1  m6_ic=0.0320
[18:43:53]     VAL PASS  MOEXFN             sanctions_emb    lag= 30  m6_ic=0.1165
[18:43:53]     VAL PASS  MOEXFN             banking_emb      lag=  1  m6_ic=0.0617
[18:43:53]     VAL PASS  MOEXFN             banking_emb      lag=  7  m6_ic=0.0610
[18:43:54]     VAL PASS  MOEXFN             gold_emb         lag=  1  m6_ic=0.0431
[18:43:54]     VAL PASS  MOEXFN             gold_emb         lag= 14  m6_ic=0.0671
[18:43:54]     VAL PASS  MOEXFN             gold_emb         lag= 30  m6_ic=0.0432
[18:43:55]     VAL PASS  MOEXOG             oil_emb          lag=  7  m6_ic=0.0760
[18:43:55]     VAL PASS  MOEXOG             rate_emb         lag=  1  m6_ic=0.0724
[18:43:55]     VAL PASS  MOEXOG             rate_emb         lag= 14  m6_ic=0.1214
[18:43:55]     VAL PASS  MOEXOG             rate_emb         lag= 30  m6_ic=0.0919
[18:43:56]     VAL PASS  MOEXOG             ruble_emb        lag=  1  m6_ic=0.0717
[18:43:56]     VAL PASS  MOEXOG             ruble_emb        lag=  7  m6_ic=0.0711
[18:43:56]     VAL PASS  MOEXOG             ruble_emb        lag= 14  m6_ic=0.0693
[18:43:56]     VAL PASS  MOEXOG             sanctions_emb    lag=  1  m6_ic=0.0403
[18:43:56]     VAL PASS  MOEXOG             sanctions_emb    lag=  7  m6_ic=0.0598
[18:43:56]     VAL PASS  MOEXOG             sanctions_emb    lag= 30  m6_ic=0.0790
[18:43:57]     VAL PASS  MOEXOG             inflation_emb    lag= 30  m6_ic=0.1262
[18:43:57]     VAL PASS  MOEXOG             banking_emb      lag=  7  m6_ic=0.0733
[18:43:57]     VAL PASS  MOEXOG             gold_emb         lag= 14  m6_ic=0.0309
[18:43:57]     VAL PASS  MOEX10             oil_emb          lag=  7  m6_ic=0.0325
[18:43:58]     VAL PASS  MOEX10             oil_emb          lag= 30  m6_ic=0.0996
[18:43:58]     VAL PASS  MOEX10             rate_emb         lag=  1  m6_ic=0.0347
[18:43:58]     VAL PASS  MOEX10             rate_emb         lag= 14  m6_ic=0.1375
[18:43:58]     VAL PASS  MOEX10             rate_emb         lag= 30  m6_ic=0.0699
[18:43:58]     VAL PASS  MOEX10             ruble_emb        lag=  1  m6_ic=0.0934
[18:43:59]     VAL PASS  MOEX10             ruble_emb        lag= 14  m6_ic=0.0760
[18:43:59]     VAL PASS  MOEX10             sanctions_emb    lag=  1  m6_ic=0.0568
[18:43:59]     VAL PASS  MOEX10             inflation_emb    lag=  1  m6_ic=0.0965
[18:43:59]     VAL PASS  MOEX10             inflation_emb    lag= 14  m6_ic=0.0362
[18:43:59]     VAL PASS  MOEX10             banking_emb      lag=  7  m6_ic=0.0565
[18:44:00]     VAL PASS  MOEX10             gold_emb         lag=  7  m6_ic=0.0845
[18:44:00]     VAL PASS  MOEX10             gold_emb         lag= 30  m6_ic=0.0375
[18:44:00]     Val: 186/262 held
[18:44:00]   → train=262  val=186  max_ic=0.1404
[18:44:00] 
============================================================
[18:44:00] FINAL REPORT
[18:44:00] ============================================================
[18:44:01] Report: C:\project\signal_mind\analytics\phase_b\night_search\night_report_20260521_181814.md
[18:44:01] Hits CSV: C:\project\signal_mind\analytics\phase_b\night_search\night_hits_20260521_181814.csv
[18:44:01] 
  [12/15] sweep_embedding_raw_vol_5d  budget=114min  ic_gate=0.03  ens=M6_only
[18:44:01]   Config: sweep_embedding_raw_vol_5d
[18:44:01]     feature=embedding_raw  target=vol_5d  ensemble=M6_only  ic_min=0.03
[18:44:02]   HIT  SP500              oil_emb          lag= 30 m5_p=0.7391  m6_ic=0.0739
[18:44:03]   HIT  SP500              ruble_emb        lag=  7 m5_p=0.1061  m6_ic=0.0664
[18:44:03]   HIT  SP500              ruble_emb        lag= 14 m5_p=0.6187  m6_ic=0.0796
[18:44:04]   HIT  SP500              sanctions_emb    lag=  1 m5_p=0.1713  m6_ic=0.0536
[18:44:04]   HIT  SP500              sanctions_emb    lag=  7 m5_p=0.0916  m6_ic=0.0553
[18:44:04]   HIT  SP500              sanctions_emb    lag= 14 m5_p=0.1534  m6_ic=0.0360
[18:44:05]   HIT  SP500              inflation_emb    lag=  1 m5_p=0.9406  m6_ic=0.0484
[18:44:05]   HIT  SP500              inflation_emb    lag=  7 m5_p=0.3355  m6_ic=0.1011
[18:44:05]   HIT  SP500              inflation_emb    lag= 30 m5_p=0.5788  m6_ic=0.0506
[18:44:06]   HIT  SP500              banking_emb      lag=  1 m5_p=0.5709  m6_ic=0.0312
[18:44:07]   HIT  SP500              gold_emb         lag= 14 m5_p=0.4467  m6_ic=0.0763
[18:44:07]   HIT  USD_RUB            oil_emb          lag=  1 m5_p=0.7448  m6_ic=0.0517
[18:44:08]   HIT  USD_RUB            oil_emb          lag= 30 m5_p=0.8768  m6_ic=0.0881
[18:44:08]   HIT  USD_RUB            rate_emb         lag=  1 m5_p=0.0770  m6_ic=0.0326
[18:44:08]   HIT  USD_RUB            rate_emb         lag=  7 m5_p=0.0680  m6_ic=0.0499
[18:44:09]   HIT  USD_RUB            rate_emb         lag= 30 m5_p=0.5357  m6_ic=0.0664
[18:44:09]   HIT  USD_RUB            ruble_emb        lag=  7 m5_p=0.7121  m6_ic=0.1193
[18:44:09]   HIT  USD_RUB            ruble_emb        lag= 14 m5_p=0.0550  m6_ic=0.0786
[18:44:10]   HIT  USD_RUB            sanctions_emb    lag=  7 m5_p=0.4124  m6_ic=0.0885
[18:44:11]   HIT  USD_RUB            inflation_emb    lag=  1 m5_p=0.0616  m6_ic=0.0752
[18:44:11]   HIT  USD_RUB            inflation_emb    lag=  7 m5_p=0.8706  m6_ic=0.0327
[18:44:11]   HIT  USD_RUB            inflation_emb    lag= 14 m5_p=0.6877  m6_ic=0.0344
[18:44:11]   HIT  USD_RUB            banking_emb      lag=  1 m5_p=0.9389  m6_ic=0.0921
[18:44:12]   HIT  USD_RUB            banking_emb      lag= 14 m5_p=0.5740  m6_ic=0.0352
[18:44:12]   HIT  USD_RUB            banking_emb      lag= 30 m5_p=0.8252  m6_ic=0.0489
[18:44:12]   HIT  USD_RUB            gold_emb         lag=  7 m5_p=0.9077  m6_ic=0.0349
[18:44:13]   HIT  EUR_RUB            oil_emb          lag=  1 m5_p=0.7448  m6_ic=0.0517
[18:44:14]   HIT  EUR_RUB            oil_emb          lag= 30 m5_p=0.8768  m6_ic=0.0881
[18:44:14]   HIT  EUR_RUB            rate_emb         lag=  1 m5_p=0.0770  m6_ic=0.0326
[18:44:14]   HIT  EUR_RUB            rate_emb         lag=  7 m5_p=0.0680  m6_ic=0.0499
[18:44:15]   HIT  EUR_RUB            rate_emb         lag= 30 m5_p=0.5357  m6_ic=0.0664
[18:44:15]   HIT  EUR_RUB            ruble_emb        lag=  7 m5_p=0.7121  m6_ic=0.1193
[18:44:15]   HIT  EUR_RUB            ruble_emb        lag= 14 m5_p=0.0550  m6_ic=0.0786
[18:44:16]   HIT  EUR_RUB            sanctions_emb    lag=  7 m5_p=0.4124  m6_ic=0.0885
[18:44:16]   HIT  EUR_RUB            inflation_emb    lag=  1 m5_p=0.0616  m6_ic=0.0752
[18:44:17]   HIT  EUR_RUB            inflation_emb    lag=  7 m5_p=0.8706  m6_ic=0.0327
[18:44:17]   HIT  EUR_RUB            inflation_emb    lag= 14 m5_p=0.6877  m6_ic=0.0344
[18:44:17]   HIT  EUR_RUB            banking_emb      lag=  1 m5_p=0.9389  m6_ic=0.0921
[18:44:17]   HIT  EUR_RUB            banking_emb      lag= 14 m5_p=0.5740  m6_ic=0.0352
[18:44:18]   HIT  EUR_RUB            banking_emb      lag= 30 m5_p=0.8252  m6_ic=0.0489
[18:44:18]   HIT  EUR_RUB            gold_emb         lag=  7 m5_p=0.9077  m6_ic=0.0349
[18:44:19]   HIT  DJ_SOUTH_AFRICA    oil_emb          lag=  7 m5_p=0.8485  m6_ic=0.0371
[18:44:19]   HIT  DJ_SOUTH_AFRICA    oil_emb          lag= 14 m5_p=0.5498  m6_ic=0.0927
[18:44:19]   HIT  DJ_SOUTH_AFRICA    oil_emb          lag= 30 m5_p=0.0778  m6_ic=0.0312
[18:44:20]   HIT  DJ_SOUTH_AFRICA    rate_emb         lag=  1 m5_p=0.0638  m6_ic=0.0318
[18:44:20]   HIT  DJ_SOUTH_AFRICA    rate_emb         lag= 14 m5_p=0.4893  m6_ic=0.1174
[18:44:20]   HIT  DJ_SOUTH_AFRICA    rate_emb         lag= 30 m5_p=0.4674  m6_ic=0.0569
[18:44:20]   HIT  DJ_SOUTH_AFRICA    ruble_emb        lag=  1 m5_p=0.5229  m6_ic=0.0604
[18:44:21]   HIT  DJ_SOUTH_AFRICA    ruble_emb        lag=  7 m5_p=0.1380  m6_ic=0.0332
[18:44:21]   HIT  DJ_SOUTH_AFRICA    ruble_emb        lag= 30 m5_p=0.6104  m6_ic=0.0555
[18:44:21]   HIT  DJ_SOUTH_AFRICA    sanctions_emb    lag=  7 m5_p=0.0377  m6_ic=0.0609
[18:44:22]   HIT  DJ_SOUTH_AFRICA    sanctions_emb    lag= 14 m5_p=0.6578  m6_ic=0.0507
[18:44:22]   HIT  DJ_SOUTH_AFRICA    sanctions_emb    lag= 30 m5_p=0.4399  m6_ic=0.0743
[18:44:22]   HIT  DJ_SOUTH_AFRICA    inflation_emb    lag=  1 m5_p=0.7070  m6_ic=0.0432
[18:44:22]   HIT  DJ_SOUTH_AFRICA    inflation_emb    lag=  7 m5_p=0.1537  m6_ic=0.0520
[18:44:23]   HIT  DJ_SOUTH_AFRICA    inflation_emb    lag= 14 m5_p=0.7240  m6_ic=0.0561
[18:44:23]   HIT  DJ_SOUTH_AFRICA    inflation_emb    lag= 30 m5_p=0.8763  m6_ic=0.0535
[18:44:23]   HIT  DJ_SOUTH_AFRICA    banking_emb      lag= 14 m5_p=0.5877  m6_ic=0.0469
[18:44:24]   HIT  DJ_SOUTH_AFRICA    gold_emb         lag=  7 m5_p=0.5567  m6_ic=0.0355
[18:44:24]   HIT  DJ_SOUTH_AFRICA    gold_emb         lag= 14 m5_p=0.2009  m6_ic=0.0807
[18:44:24]   HIT  DJ_SOUTH_AFRICA    gold_emb         lag= 30 m5_p=0.0076  m6_ic=0.0425
[18:44:25]   HIT  MSCI_WORLD         oil_emb          lag= 14 m5_p=0.9228  m6_ic=0.0302
[18:44:25]   HIT  MSCI_WORLD         rate_emb         lag=  1 m5_p=0.9574  m6_ic=0.0328
[18:44:26]   HIT  MSCI_WORLD         rate_emb         lag=  7 m5_p=0.1236  m6_ic=0.0492
[18:44:26]   HIT  MSCI_WORLD         rate_emb         lag= 30 m5_p=0.0772  m6_ic=0.0424
[18:44:27]   HIT  MSCI_WORLD         sanctions_emb    lag=  1 m5_p=0.9459  m6_ic=0.0494
[18:44:27]   HIT  MSCI_WORLD         sanctions_emb    lag=  7 m5_p=0.8661  m6_ic=0.0378
[18:44:28]   HIT  MSCI_WORLD         inflation_emb    lag=  1 m5_p=0.7441  m6_ic=0.0441
[18:44:28]   HIT  MSCI_WORLD         inflation_emb    lag=  7 m5_p=0.6335  m6_ic=0.0340
[18:44:28]   HIT  MSCI_WORLD         inflation_emb    lag= 14 m5_p=0.7948  m6_ic=0.0635
[18:44:29]   HIT  MSCI_WORLD         inflation_emb    lag= 30 m5_p=0.8049  m6_ic=0.0333
[18:44:29]   HIT  MSCI_WORLD         banking_emb      lag=  1 m5_p=0.3836  m6_ic=0.0378
[18:44:29]   HIT  MSCI_WORLD         banking_emb      lag=  7 m5_p=0.7890  m6_ic=0.0945
[18:44:30]   HIT  MSCI_WORLD         gold_emb         lag=  7 m5_p=0.8757  m6_ic=0.0976
[18:44:30]   HIT  MSCI_WORLD         gold_emb         lag= 14 m5_p=0.7950  m6_ic=0.1159
[18:44:30]   HIT  MSCI_WORLD         gold_emb         lag= 30 m5_p=0.4986  m6_ic=0.1011
[18:44:31]   HIT  DXY                oil_emb          lag=  1 m5_p=0.3734  m6_ic=0.0729
[18:44:32]   HIT  DXY                rate_emb         lag=  1 m5_p=0.8318  m6_ic=0.0390
[18:44:32]   HIT  DXY                rate_emb         lag= 14 m5_p=0.0197  m6_ic=0.0767
[18:44:32]   HIT  DXY                rate_emb         lag= 30 m5_p=0.7622  m6_ic=0.0976
[18:44:32]   HIT  DXY                ruble_emb        lag=  7 m5_p=0.6913  m6_ic=0.0592
[18:44:33]   HIT  DXY                ruble_emb        lag= 14 m5_p=0.8382  m6_ic=0.0534
[18:44:33]   HIT  DXY                ruble_emb        lag= 30 m5_p=0.9023  m6_ic=0.0629
[18:44:33]   HIT  DXY                sanctions_emb    lag=  1 m5_p=0.9646  m6_ic=0.0494
[18:44:33]   HIT  DXY                sanctions_emb    lag=  7 m5_p=0.6018  m6_ic=0.0475
[18:44:34]   HIT  DXY                sanctions_emb    lag= 14 m5_p=0.3624  m6_ic=0.0517
[18:44:34]   HIT  DXY                sanctions_emb    lag= 30 m5_p=0.3064  m6_ic=0.1034
[18:44:34]   HIT  DXY                inflation_emb    lag=  7 m5_p=0.2859  m6_ic=0.0588
[18:44:35]   HIT  DXY                inflation_emb    lag= 30 m5_p=0.7154  m6_ic=0.0365
[18:44:35]   HIT  DXY                banking_emb      lag=  1 m5_p=0.2264  m6_ic=0.0820
[18:44:35]   HIT  DXY                banking_emb      lag=  7 m5_p=0.9442  m6_ic=0.0335
[18:44:36]   HIT  DXY                gold_emb         lag=  7 m5_p=0.9126  m6_ic=0.0382
[18:44:36]   HIT  DXY                gold_emb         lag= 14 m5_p=0.6709  m6_ic=0.1237
[18:44:36]   HIT  DXY                gold_emb         lag= 30 m5_p=0.1762  m6_ic=0.0600
[18:44:37]   HIT  BRENT              oil_emb          lag= 14 m5_p=0.6934  m6_ic=0.0400
[18:44:37]   HIT  BRENT              oil_emb          lag= 30 m5_p=0.9130  m6_ic=0.1104
[18:44:37]   HIT  BRENT              rate_emb         lag=  7 m5_p=0.4801  m6_ic=0.0464
[18:44:38]   HIT  BRENT              rate_emb         lag= 30 m5_p=0.2612  m6_ic=0.0692
[18:44:38]   HIT  BRENT              ruble_emb        lag=  1 m5_p=0.7575  m6_ic=0.0686
[18:44:38]   HIT  BRENT              ruble_emb        lag=  7 m5_p=0.0665  m6_ic=0.0500
[18:44:38]   HIT  BRENT              ruble_emb        lag= 14 m5_p=0.8253  m6_ic=0.0390
[18:44:39]   HIT  BRENT              ruble_emb        lag= 30 m5_p=0.3300  m6_ic=0.0935
[18:44:40]   HIT  BRENT              sanctions_emb    lag= 30 m5_p=0.9523  m6_ic=0.0530
[18:44:40]   HIT  BRENT              inflation_emb    lag=  7 m5_p=0.1720  m6_ic=0.0760
[18:44:40]   HIT  BRENT              inflation_emb    lag= 30 m5_p=0.3597  m6_ic=0.0379
[18:44:41]   HIT  BRENT              banking_emb      lag=  1 m5_p=0.8633  m6_ic=0.1119
[18:44:41]   HIT  BRENT              banking_emb      lag=  7 m5_p=0.8160  m6_ic=0.0430
[18:44:42]   HIT  BRENT              gold_emb         lag= 30 m5_p=0.9238  m6_ic=0.0554
[18:44:42]   HIT  MSCI_INDIA         oil_emb          lag=  1 m5_p=0.3292  m6_ic=0.1213
[18:44:43]   HIT  MSCI_INDIA         oil_emb          lag= 30 m5_p=0.3094  m6_ic=0.0502
[18:44:43]   HIT  MSCI_INDIA         rate_emb         lag=  1 m5_p=0.1585  m6_ic=0.0809
[18:44:43]   HIT  MSCI_INDIA         rate_emb         lag= 30 m5_p=0.2502  m6_ic=0.0447
[18:44:44]   HIT  MSCI_INDIA         ruble_emb        lag=  7 m5_p=0.4546  m6_ic=0.0753
[18:44:44]   HIT  MSCI_INDIA         ruble_emb        lag= 14 m5_p=0.7257  m6_ic=0.1170
[18:44:44]   HIT  MSCI_INDIA         ruble_emb        lag= 30 m5_p=0.5483  m6_ic=0.0717
[18:44:45]   HIT  MSCI_INDIA         inflation_emb    lag=  1 m5_p=0.7917  m6_ic=0.0412
[18:44:45]   HIT  MSCI_INDIA         inflation_emb    lag=  7 m5_p=0.5301  m6_ic=0.0356
[18:44:46]   HIT  MSCI_INDIA         inflation_emb    lag= 14 m5_p=0.1285  m6_ic=0.0672
[18:44:46]   HIT  MSCI_INDIA         banking_emb      lag=  1 m5_p=0.9750  m6_ic=0.0367
[18:44:46]   HIT  MSCI_INDIA         banking_emb      lag=  7 m5_p=0.7599  m6_ic=0.0594
[18:44:46]   HIT  MSCI_INDIA         banking_emb      lag= 14 m5_p=0.4523  m6_ic=0.0721
[18:44:47]   HIT  MSCI_INDIA         banking_emb      lag= 30 m5_p=0.2018  m6_ic=0.0762
[18:44:47]   HIT  MSCI_INDIA         gold_emb         lag=  7 m5_p=0.5405  m6_ic=0.0392
[18:44:47]   HIT  MSCI_INDIA         gold_emb         lag= 30 m5_p=0.9170  m6_ic=0.0421
[18:44:48]   HIT  CHINA_H_SHARES     oil_emb          lag=  1 m5_p=0.9909  m6_ic=0.0863
[18:44:48]   HIT  CHINA_H_SHARES     oil_emb          lag= 30 m5_p=0.4361  m6_ic=0.0799
[18:44:48]   HIT  CHINA_H_SHARES     rate_emb         lag=  1 m5_p=0.2178  m6_ic=0.0901
[18:44:49]   HIT  CHINA_H_SHARES     rate_emb         lag=  7 m5_p=0.8553  m6_ic=0.0471
[18:44:49]   HIT  CHINA_H_SHARES     rate_emb         lag= 14 m5_p=0.0364  m6_ic=0.0771
[18:44:49]   HIT  CHINA_H_SHARES     ruble_emb        lag=  1 m5_p=0.0971  m6_ic=0.0371
[18:44:49]   HIT  CHINA_H_SHARES     ruble_emb        lag=  7 m5_p=0.0111  m6_ic=0.0720
[18:44:49]   HIT  CHINA_H_SHARES     ruble_emb        lag= 14 m5_p=0.5494  m6_ic=0.0324
[18:44:50]   HIT  CHINA_H_SHARES     sanctions_emb    lag=  1 m5_p=0.4580  m6_ic=0.0333
[18:44:50]   HIT  CHINA_H_SHARES     sanctions_emb    lag=  7 m5_p=0.6217  m6_ic=0.0547
[18:44:51]   HIT  CHINA_H_SHARES     sanctions_emb    lag= 30 m5_p=0.5367  m6_ic=0.0430
[18:44:51]   HIT  CHINA_H_SHARES     inflation_emb    lag=  7 m5_p=0.9540  m6_ic=0.0496
[18:44:51]   HIT  CHINA_H_SHARES     inflation_emb    lag= 14 m5_p=0.0526  m6_ic=0.0713
[18:44:51]   HIT  CHINA_H_SHARES     inflation_emb    lag= 30 m5_p=0.6533  m6_ic=0.0354
[18:44:52]   HIT  CHINA_H_SHARES     banking_emb      lag=  1 m5_p=0.9612  m6_ic=0.0659
[18:44:52]   HIT  CHINA_H_SHARES     banking_emb      lag=  7 m5_p=0.9848  m6_ic=0.0339
[18:44:52]   HIT  CHINA_H_SHARES     gold_emb         lag=  1 m5_p=0.9468  m6_ic=0.0312
[18:44:53]   HIT  CHINA_H_SHARES     gold_emb         lag=  7 m5_p=0.8447  m6_ic=0.0588
[18:44:53]   HIT  CHINA_H_SHARES     gold_emb         lag= 14 m5_p=0.3694  m6_ic=0.0732
[18:44:53]   HIT  CHINA_H_SHARES     gold_emb         lag= 30 m5_p=0.5720  m6_ic=0.0662
[18:44:53]   HIT  FTSE_CHINA_50      oil_emb          lag=  1 m5_p=0.8237  m6_ic=0.0584
[18:44:53]   HIT  FTSE_CHINA_50      oil_emb          lag= 14 m5_p=0.9464  m6_ic=0.0439
[18:44:54]   HIT  FTSE_CHINA_50      oil_emb          lag= 30 m5_p=0.3816  m6_ic=0.0640
[18:44:54]   HIT  FTSE_CHINA_50      rate_emb         lag=  1 m5_p=0.2613  m6_ic=0.0949
[18:44:54]   HIT  FTSE_CHINA_50      rate_emb         lag=  7 m5_p=0.7846  m6_ic=0.0348
[18:44:54]   HIT  FTSE_CHINA_50      rate_emb         lag= 14 m5_p=0.0304  m6_ic=0.0779
[18:44:55]   HIT  FTSE_CHINA_50      ruble_emb        lag=  1 m5_p=0.0629  m6_ic=0.0780
[18:44:55]   HIT  FTSE_CHINA_50      ruble_emb        lag= 14 m5_p=0.4802  m6_ic=0.0610
[18:44:56]   HIT  FTSE_CHINA_50      sanctions_emb    lag=  7 m5_p=0.6860  m6_ic=0.0559
[18:44:56]   HIT  FTSE_CHINA_50      sanctions_emb    lag= 30 m5_p=0.3571  m6_ic=0.0738
[18:44:57]   HIT  FTSE_CHINA_50      inflation_emb    lag=  7 m5_p=0.8928  m6_ic=0.0538
[18:44:57]   HIT  FTSE_CHINA_50      inflation_emb    lag= 14 m5_p=0.0430  m6_ic=0.0684
[18:44:57]   HIT  FTSE_CHINA_50      inflation_emb    lag= 30 m5_p=0.6400  m6_ic=0.0316
[18:44:57]   HIT  FTSE_CHINA_50      banking_emb      lag=  1 m5_p=0.9411  m6_ic=0.0508
[18:44:57]   HIT  FTSE_CHINA_50      banking_emb      lag=  7 m5_p=0.8064  m6_ic=0.0305
[18:44:58]   HIT  FTSE_CHINA_50      gold_emb         lag=  7 m5_p=0.8589  m6_ic=0.0558
[18:44:58]   HIT  FTSE_CHINA_50      gold_emb         lag= 14 m5_p=0.2419  m6_ic=0.0816
[18:44:59]   HIT  FTSE_CHINA_50      gold_emb         lag= 30 m5_p=0.4803  m6_ic=0.0633
[18:44:59]   HIT  GOLD               oil_emb          lag= 30 m5_p=0.1388  m6_ic=0.1091
[18:45:00]   HIT  GOLD               rate_emb         lag=  1 m5_p=0.9063  m6_ic=0.1404
[18:45:00]   HIT  GOLD               rate_emb         lag=  7 m5_p=0.3280  m6_ic=0.0759
[18:45:00]   HIT  GOLD               rate_emb         lag= 14 m5_p=0.3908  m6_ic=0.1002
[18:45:00]   HIT  GOLD               rate_emb         lag= 30 m5_p=0.4556  m6_ic=0.0459
[18:45:01]   HIT  GOLD               ruble_emb        lag= 30 m5_p=0.4411  m6_ic=0.0488
[18:45:02]   HIT  GOLD               sanctions_emb    lag= 14 m5_p=0.2355  m6_ic=0.0600
[18:45:02]   HIT  GOLD               inflation_emb    lag=  1 m5_p=0.9295  m6_ic=0.1321
[18:45:02]   HIT  GOLD               inflation_emb    lag=  7 m5_p=0.6545  m6_ic=0.0586
[18:45:02]   HIT  GOLD               inflation_emb    lag= 14 m5_p=0.7785  m6_ic=0.0872
[18:45:03]   HIT  GOLD               inflation_emb    lag= 30 m5_p=0.8263  m6_ic=0.0616
[18:45:03]   HIT  GOLD               banking_emb      lag=  7 m5_p=0.3961  m6_ic=0.0477
[18:45:03]   HIT  GOLD               banking_emb      lag= 14 m5_p=0.6257  m6_ic=0.0400
[18:45:03]   HIT  GOLD               banking_emb      lag= 30 m5_p=0.3287  m6_ic=0.0307
[18:45:03]   HIT  GOLD               gold_emb         lag=  1 m5_p=0.3730  m6_ic=0.0464
[18:45:04]   HIT  GOLD               gold_emb         lag=  7 m5_p=0.3488  m6_ic=0.1122
[18:45:04]   HIT  GOLD               gold_emb         lag= 14 m5_p=0.6406  m6_ic=0.0348
[18:45:04]   HIT  GOLD               gold_emb         lag= 30 m5_p=0.6717  m6_ic=0.0388
[18:45:04]   HIT  SILVER             oil_emb          lag=  7 m5_p=0.2003  m6_ic=0.0348
[18:45:05]   HIT  SILVER             oil_emb          lag= 14 m5_p=0.9077  m6_ic=0.0598
[18:45:05]   HIT  SILVER             oil_emb          lag= 30 m5_p=0.2117  m6_ic=0.0714
[18:45:05]   HIT  SILVER             rate_emb         lag=  1 m5_p=0.4332  m6_ic=0.0515
[18:45:05]   HIT  SILVER             rate_emb         lag=  7 m5_p=0.2404  m6_ic=0.0402
[18:45:05]   HIT  SILVER             rate_emb         lag= 14 m5_p=0.4185  m6_ic=0.0338
[18:45:06]   HIT  SILVER             ruble_emb        lag=  1 m5_p=0.5027  m6_ic=0.0679
[18:45:06]   HIT  SILVER             ruble_emb        lag=  7 m5_p=0.1094  m6_ic=0.0335
[18:45:06]   HIT  SILVER             ruble_emb        lag= 14 m5_p=0.7233  m6_ic=0.1006
[18:45:06]   HIT  SILVER             ruble_emb        lag= 30 m5_p=0.8350  m6_ic=0.0465
[18:45:07]   HIT  SILVER             sanctions_emb    lag=  1 m5_p=0.7351  m6_ic=0.1333
[18:45:07]   HIT  SILVER             sanctions_emb    lag=  7 m5_p=0.4999  m6_ic=0.0933
[18:45:07]   HIT  SILVER             inflation_emb    lag=  1 m5_p=0.6911  m6_ic=0.0498
[18:45:08]   HIT  SILVER             inflation_emb    lag= 30 m5_p=0.6921  m6_ic=0.0493
[18:45:09]   HIT  SILVER             banking_emb      lag= 30 m5_p=0.8745  m6_ic=0.0929
[18:45:09]   HIT  SILVER             gold_emb         lag= 14 m5_p=0.9410  m6_ic=0.1223
[18:45:10]   HIT  SILVER             gold_emb         lag= 30 m5_p=0.8730  m6_ic=0.0579
[18:45:10]   HIT  IMOEX              oil_emb          lag= 14 m5_p=0.4171  m6_ic=0.0348
[18:45:11]   HIT  IMOEX              rate_emb         lag=  1 m5_p=0.1216  m6_ic=0.0814
[18:45:11]   HIT  IMOEX              rate_emb         lag= 14 m5_p=0.3900  m6_ic=0.1071
[18:45:11]   HIT  IMOEX              rate_emb         lag= 30 m5_p=0.9239  m6_ic=0.0745
[18:45:11]   HIT  IMOEX              ruble_emb        lag=  1 m5_p=0.3538  m6_ic=0.0605
[18:45:11]   HIT  IMOEX              ruble_emb        lag=  7 m5_p=0.6969  m6_ic=0.1091
[18:45:12]   HIT  IMOEX              ruble_emb        lag= 14 m5_p=0.5752  m6_ic=0.0849
[18:45:12]   HIT  IMOEX              ruble_emb        lag= 30 m5_p=0.3496  m6_ic=0.0328
[18:45:12]   HIT  IMOEX              sanctions_emb    lag=  1 m5_p=0.4070  m6_ic=0.1019
[18:45:12]   HIT  IMOEX              sanctions_emb    lag=  7 m5_p=0.2338  m6_ic=0.1173
[18:45:13]   HIT  IMOEX              inflation_emb    lag=  1 m5_p=0.0887  m6_ic=0.0574
[18:45:13]   HIT  IMOEX              inflation_emb    lag=  7 m5_p=0.2308  m6_ic=0.0342
[18:45:14]   HIT  IMOEX              banking_emb      lag=  7 m5_p=0.8551  m6_ic=0.0688
[18:45:15]   HIT  IMOEX              gold_emb         lag=  7 m5_p=0.1597  m6_ic=0.0659
[18:45:15]   HIT  IMOEX              gold_emb         lag= 14 m5_p=0.4976  m6_ic=0.0706
[18:45:16]   HIT  MOEXFN             oil_emb          lag= 14 m5_p=0.5602  m6_ic=0.0696
[18:45:16]   HIT  MOEXFN             oil_emb          lag= 30 m5_p=0.4331  m6_ic=0.0849
[18:45:16]   HIT  MOEXFN             rate_emb         lag=  7 m5_p=0.3027  m6_ic=0.0508
[18:45:16]   HIT  MOEXFN             rate_emb         lag= 14 m5_p=0.0939  m6_ic=0.0655
[18:45:17]   HIT  MOEXFN             rate_emb         lag= 30 m5_p=0.4588  m6_ic=0.0520
[18:45:17]   HIT  MOEXFN             ruble_emb        lag=  1 m5_p=0.4051  m6_ic=0.0600
[18:45:17]   HIT  MOEXFN             ruble_emb        lag=  7 m5_p=0.9184  m6_ic=0.0448
[18:45:17]   HIT  MOEXFN             ruble_emb        lag= 14 m5_p=0.9268  m6_ic=0.0307
[18:45:18]   HIT  MOEXFN             sanctions_emb    lag=  1 m5_p=0.5545  m6_ic=0.1003
[18:45:18]   HIT  MOEXFN             sanctions_emb    lag=  7 m5_p=0.2675  m6_ic=0.0685
[18:45:18]   HIT  MOEXFN             sanctions_emb    lag= 30 m5_p=0.6794  m6_ic=0.0667
[18:45:19]   HIT  MOEXFN             inflation_emb    lag= 14 m5_p=0.8303  m6_ic=0.0796
[18:45:19]   HIT  MOEXFN             banking_emb      lag=  1 m5_p=0.4235  m6_ic=0.0403
[18:45:19]   HIT  MOEXFN             banking_emb      lag=  7 m5_p=0.9354  m6_ic=0.0636
[18:45:20]   HIT  MOEXFN             banking_emb      lag= 30 m5_p=0.8517  m6_ic=0.0600
[18:45:20]   HIT  MOEXFN             gold_emb         lag=  1 m5_p=0.8897  m6_ic=0.0880
[18:45:20]   HIT  MOEXFN             gold_emb         lag=  7 m5_p=0.3467  m6_ic=0.0796
[18:45:20]   HIT  MOEXFN             gold_emb         lag= 14 m5_p=0.3763  m6_ic=0.0406
[18:45:21]   HIT  MOEXFN             gold_emb         lag= 30 m5_p=0.2654  m6_ic=0.0391
[18:45:21]   HIT  MOEXOG             oil_emb          lag=  1 m5_p=0.6638  m6_ic=0.0427
[18:45:21]   HIT  MOEXOG             oil_emb          lag=  7 m5_p=0.0552  m6_ic=0.0383
[18:45:22]   HIT  MOEXOG             rate_emb         lag=  1 m5_p=0.0466  m6_ic=0.0488
[18:45:22]   HIT  MOEXOG             rate_emb         lag= 14 m5_p=0.5690  m6_ic=0.0847
[18:45:22]   HIT  MOEXOG             rate_emb         lag= 30 m5_p=0.4720  m6_ic=0.1227
[18:45:22]   HIT  MOEXOG             ruble_emb        lag=  1 m5_p=0.3281  m6_ic=0.0496
[18:45:23]   HIT  MOEXOG             ruble_emb        lag=  7 m5_p=0.6356  m6_ic=0.0826
[18:45:23]   HIT  MOEXOG             ruble_emb        lag= 14 m5_p=0.7891  m6_ic=0.0479
[18:45:23]   HIT  MOEXOG             sanctions_emb    lag=  1 m5_p=0.3517  m6_ic=0.1262
[18:45:23]   HIT  MOEXOG             sanctions_emb    lag=  7 m5_p=0.5112  m6_ic=0.1113
[18:45:24]   HIT  MOEXOG             sanctions_emb    lag= 30 m5_p=0.5821  m6_ic=0.0788
[18:45:25]   HIT  MOEXOG             inflation_emb    lag= 30 m5_p=0.5215  m6_ic=0.0323
[18:45:25]   HIT  MOEXOG             banking_emb      lag=  7 m5_p=0.9745  m6_ic=0.0637
[18:45:26]   HIT  MOEXOG             gold_emb         lag=  7 m5_p=0.2981  m6_ic=0.0520
[18:45:26]   HIT  MOEXOG             gold_emb         lag= 14 m5_p=0.4966  m6_ic=0.0451
[18:45:27]   HIT  MOEX10             oil_emb          lag=  7 m5_p=0.1319  m6_ic=0.0357
[18:45:27]   HIT  MOEX10             oil_emb          lag= 30 m5_p=0.1828  m6_ic=0.0573
[18:45:27]   HIT  MOEX10             rate_emb         lag=  1 m5_p=0.0783  m6_ic=0.0526
[18:45:27]   HIT  MOEX10             rate_emb         lag=  7 m5_p=0.2159  m6_ic=0.0714
[18:45:28]   HIT  MOEX10             rate_emb         lag= 14 m5_p=0.4691  m6_ic=0.0495
[18:45:28]   HIT  MOEX10             rate_emb         lag= 30 m5_p=0.7477  m6_ic=0.0642
[18:45:28]   HIT  MOEX10             ruble_emb        lag=  1 m5_p=0.3155  m6_ic=0.0362
[18:45:28]   HIT  MOEX10             ruble_emb        lag= 14 m5_p=0.8507  m6_ic=0.0382
[18:45:29]   HIT  MOEX10             sanctions_emb    lag=  1 m5_p=0.4780  m6_ic=0.1139
[18:45:30]   HIT  MOEX10             inflation_emb    lag=  1 m5_p=0.1605  m6_ic=0.0351
[18:45:30]   HIT  MOEX10             inflation_emb    lag= 14 m5_p=0.9331  m6_ic=0.0770
[18:45:31]   HIT  MOEX10             banking_emb      lag=  7 m5_p=0.9801  m6_ic=0.0639
[18:45:31]   HIT  MOEX10             banking_emb      lag= 14 m5_p=0.8787  m6_ic=0.0447
[18:45:31]   HIT  MOEX10             gold_emb         lag=  1 m5_p=0.6671  m6_ic=0.0503
[18:45:31]   HIT  MOEX10             gold_emb         lag=  7 m5_p=0.1483  m6_ic=0.1153
[18:45:32]   HIT  MOEX10             gold_emb         lag= 30 m5_p=0.3250  m6_ic=0.0731
[18:45:32]     Train: 262 signals
[18:45:32]     Val holdout (262 candidates)...
[18:45:32]     VAL PASS  SP500              oil_emb          lag= 30  m6_ic=0.0899
[18:45:32]     VAL PASS  SP500              ruble_emb        lag= 14  m6_ic=0.0561
[18:45:33]     VAL PASS  SP500              sanctions_emb    lag= 14  m6_ic=0.0681
[18:45:33]     VAL PASS  SP500              inflation_emb    lag=  1  m6_ic=0.0792
[18:45:33]     VAL PASS  SP500              inflation_emb    lag=  7  m6_ic=0.0586
[18:45:33]     VAL PASS  SP500              inflation_emb    lag= 30  m6_ic=0.0427
[18:45:34]     VAL PASS  SP500              gold_emb         lag= 14  m6_ic=0.0313
[18:45:34]     VAL PASS  USD_RUB            oil_emb          lag=  1  m6_ic=0.0595
[18:45:34]     VAL PASS  USD_RUB            oil_emb          lag= 30  m6_ic=0.0648
[18:45:34]     VAL PASS  USD_RUB            rate_emb         lag=  1  m6_ic=0.0521
[18:45:34]     VAL PASS  USD_RUB            rate_emb         lag=  7  m6_ic=0.0720
[18:45:35]     VAL PASS  USD_RUB            rate_emb         lag= 30  m6_ic=0.0915
[18:45:35]     VAL PASS  USD_RUB            ruble_emb        lag=  7  m6_ic=0.0375
[18:45:35]     VAL PASS  USD_RUB            ruble_emb        lag= 14  m6_ic=0.0778
[18:45:35]     VAL PASS  USD_RUB            sanctions_emb    lag=  7  m6_ic=0.0617
[18:45:36]     VAL PASS  USD_RUB            inflation_emb    lag=  7  m6_ic=0.0986
[18:45:36]     VAL PASS  USD_RUB            banking_emb      lag=  1  m6_ic=0.0940
[18:45:36]     VAL PASS  USD_RUB            banking_emb      lag= 30  m6_ic=0.0485
[18:45:37]     VAL PASS  USD_RUB            gold_emb         lag=  7  m6_ic=0.0684
[18:45:37]     VAL PASS  EUR_RUB            oil_emb          lag=  1  m6_ic=0.0595
[18:45:37]     VAL PASS  EUR_RUB            oil_emb          lag= 30  m6_ic=0.0648
[18:45:37]     VAL PASS  EUR_RUB            rate_emb         lag=  1  m6_ic=0.0521
[18:45:37]     VAL PASS  EUR_RUB            rate_emb         lag=  7  m6_ic=0.0720
[18:45:37]     VAL PASS  EUR_RUB            rate_emb         lag= 30  m6_ic=0.0915
[18:45:38]     VAL PASS  EUR_RUB            ruble_emb        lag=  7  m6_ic=0.0375
[18:45:38]     VAL PASS  EUR_RUB            ruble_emb        lag= 14  m6_ic=0.0778
[18:45:38]     VAL PASS  EUR_RUB            sanctions_emb    lag=  7  m6_ic=0.0617
[18:45:38]     VAL PASS  EUR_RUB            inflation_emb    lag=  7  m6_ic=0.0986
[18:45:39]     VAL PASS  EUR_RUB            banking_emb      lag=  1  m6_ic=0.0940
[18:45:39]     VAL PASS  EUR_RUB            banking_emb      lag= 30  m6_ic=0.0485
[18:45:39]     VAL PASS  EUR_RUB            gold_emb         lag=  7  m6_ic=0.0684
[18:45:40]     VAL PASS  DJ_SOUTH_AFRICA    oil_emb          lag= 14  m6_ic=0.0911
[18:45:40]     VAL PASS  DJ_SOUTH_AFRICA    oil_emb          lag= 30  m6_ic=0.0797
[18:45:40]     VAL PASS  DJ_SOUTH_AFRICA    rate_emb         lag=  1  m6_ic=0.0811
[18:45:40]     VAL PASS  DJ_SOUTH_AFRICA    rate_emb         lag= 14  m6_ic=0.1277
[18:45:40]     VAL PASS  DJ_SOUTH_AFRICA    rate_emb         lag= 30  m6_ic=0.0900
[18:45:41]     VAL PASS  DJ_SOUTH_AFRICA    ruble_emb        lag=  1  m6_ic=0.0375
[18:45:41]     VAL PASS  DJ_SOUTH_AFRICA    sanctions_emb    lag=  7  m6_ic=0.0345
[18:45:41]     VAL PASS  DJ_SOUTH_AFRICA    sanctions_emb    lag= 14  m6_ic=0.0326
[18:45:42]     VAL PASS  DJ_SOUTH_AFRICA    inflation_emb    lag= 14  m6_ic=0.0367
[18:45:42]     VAL PASS  DJ_SOUTH_AFRICA    inflation_emb    lag= 30  m6_ic=0.0317
[18:45:42]     VAL PASS  DJ_SOUTH_AFRICA    banking_emb      lag= 14  m6_ic=0.0761
[18:45:43]     VAL PASS  DJ_SOUTH_AFRICA    gold_emb         lag=  7  m6_ic=0.0435
[18:45:43]     VAL PASS  MSCI_WORLD         oil_emb          lag= 14  m6_ic=0.0370
[18:45:43]     VAL PASS  MSCI_WORLD         rate_emb         lag=  1  m6_ic=0.0447
[18:45:43]     VAL PASS  MSCI_WORLD         rate_emb         lag=  7  m6_ic=0.0648
[18:45:44]     VAL PASS  MSCI_WORLD         rate_emb         lag= 30  m6_ic=0.0473
[18:45:44]     VAL PASS  MSCI_WORLD         inflation_emb    lag=  1  m6_ic=0.0352
[18:45:45]     VAL PASS  MSCI_WORLD         inflation_emb    lag= 30  m6_ic=0.0406
[18:45:45]     VAL PASS  MSCI_WORLD         banking_emb      lag=  7  m6_ic=0.0492
[18:45:46]     VAL PASS  MSCI_WORLD         gold_emb         lag= 14  m6_ic=0.1109
[18:45:46]     VAL PASS  DXY                rate_emb         lag=  1  m6_ic=0.0713
[18:45:46]     VAL PASS  DXY                rate_emb         lag= 14  m6_ic=0.0358
[18:45:46]     VAL PASS  DXY                rate_emb         lag= 30  m6_ic=0.0598
[18:45:47]     VAL PASS  DXY                ruble_emb        lag=  7  m6_ic=0.0603
[18:45:47]     VAL PASS  DXY                ruble_emb        lag= 30  m6_ic=0.0364
[18:45:47]     VAL PASS  DXY                sanctions_emb    lag=  1  m6_ic=0.0566
[18:45:47]     VAL PASS  DXY                sanctions_emb    lag=  7  m6_ic=0.0506
[18:45:48]     VAL PASS  DXY                sanctions_emb    lag= 14  m6_ic=0.0835
[18:45:48]     VAL PASS  DXY                sanctions_emb    lag= 30  m6_ic=0.0392
[18:45:48]     VAL PASS  DXY                inflation_emb    lag=  7  m6_ic=0.0584
[18:45:48]     VAL PASS  DXY                inflation_emb    lag= 30  m6_ic=0.0529
[18:45:48]     VAL PASS  DXY                banking_emb      lag=  1  m6_ic=0.0350
[18:45:49]     VAL PASS  DXY                banking_emb      lag=  7  m6_ic=0.1067
[18:45:49]     VAL PASS  DXY                gold_emb         lag=  7  m6_ic=0.0760
[18:45:49]     VAL PASS  DXY                gold_emb         lag= 30  m6_ic=0.0619
[18:45:49]     VAL PASS  BRENT              oil_emb          lag= 14  m6_ic=0.0320
[18:45:50]     VAL PASS  BRENT              oil_emb          lag= 30  m6_ic=0.0584
[18:45:50]     VAL PASS  BRENT              rate_emb         lag=  7  m6_ic=0.0580
[18:45:50]     VAL PASS  BRENT              rate_emb         lag= 30  m6_ic=0.1135
[18:45:50]     VAL PASS  BRENT              ruble_emb        lag=  1  m6_ic=0.0408
[18:45:50]     VAL PASS  BRENT              ruble_emb        lag=  7  m6_ic=0.0386
[18:45:50]     VAL PASS  BRENT              ruble_emb        lag= 14  m6_ic=0.0512
[18:45:51]     VAL PASS  BRENT              ruble_emb        lag= 30  m6_ic=0.0439
[18:45:51]     VAL PASS  BRENT              inflation_emb    lag= 30  m6_ic=0.0603
[18:45:52]     VAL PASS  BRENT              gold_emb         lag= 30  m6_ic=0.0449
[18:45:52]     VAL PASS  MSCI_INDIA         oil_emb          lag=  1  m6_ic=0.0400
[18:45:52]     VAL PASS  MSCI_INDIA         oil_emb          lag= 30  m6_ic=0.0405
[18:45:52]     VAL PASS  MSCI_INDIA         rate_emb         lag=  1  m6_ic=0.0366
[18:45:53]     VAL PASS  MSCI_INDIA         rate_emb         lag= 30  m6_ic=0.0733
[18:45:53]     VAL PASS  MSCI_INDIA         ruble_emb        lag=  7  m6_ic=0.0481
[18:45:53]     VAL PASS  MSCI_INDIA         ruble_emb        lag= 30  m6_ic=0.0554
[18:45:53]     VAL PASS  MSCI_INDIA         inflation_emb    lag=  7  m6_ic=0.0963
[18:45:54]     VAL PASS  MSCI_INDIA         inflation_emb    lag= 14  m6_ic=0.0752
[18:45:54]     VAL PASS  MSCI_INDIA         banking_emb      lag=  1  m6_ic=0.0923
[18:45:54]     VAL PASS  MSCI_INDIA         banking_emb      lag=  7  m6_ic=0.0425
[18:45:54]     VAL PASS  MSCI_INDIA         banking_emb      lag= 30  m6_ic=0.1132
[18:45:55]     VAL PASS  MSCI_INDIA         gold_emb         lag=  7  m6_ic=0.0450
[18:45:55]     VAL PASS  MSCI_INDIA         gold_emb         lag= 30  m6_ic=0.0345
[18:45:55]     VAL PASS  CHINA_H_SHARES     oil_emb          lag=  1  m6_ic=0.0608
[18:45:55]     VAL PASS  CHINA_H_SHARES     oil_emb          lag= 30  m6_ic=0.1113
[18:45:56]     VAL PASS  CHINA_H_SHARES     rate_emb         lag=  7  m6_ic=0.0354
[18:45:56]     VAL PASS  CHINA_H_SHARES     rate_emb         lag= 14  m6_ic=0.0331
[18:45:56]     VAL PASS  CHINA_H_SHARES     ruble_emb        lag=  7  m6_ic=0.0892
[18:45:56]     VAL PASS  CHINA_H_SHARES     ruble_emb        lag= 14  m6_ic=0.1280
[18:45:56]     VAL PASS  CHINA_H_SHARES     sanctions_emb    lag=  1  m6_ic=0.0474
[18:45:57]     VAL PASS  CHINA_H_SHARES     sanctions_emb    lag=  7  m6_ic=0.0572
[18:45:57]     VAL PASS  CHINA_H_SHARES     sanctions_emb    lag= 30  m6_ic=0.0897
[18:45:57]     VAL PASS  CHINA_H_SHARES     inflation_emb    lag=  7  m6_ic=0.0534
[18:45:57]     VAL PASS  CHINA_H_SHARES     inflation_emb    lag= 14  m6_ic=0.0379
[18:45:57]     VAL PASS  CHINA_H_SHARES     inflation_emb    lag= 30  m6_ic=0.1258
[18:45:58]     VAL PASS  CHINA_H_SHARES     gold_emb         lag=  7  m6_ic=0.1018
[18:45:58]     VAL PASS  CHINA_H_SHARES     gold_emb         lag= 14  m6_ic=0.0745
[18:45:59]     VAL PASS  CHINA_H_SHARES     gold_emb         lag= 30  m6_ic=0.0575
[18:45:59]     VAL PASS  FTSE_CHINA_50      oil_emb          lag= 14  m6_ic=0.0456
[18:45:59]     VAL PASS  FTSE_CHINA_50      oil_emb          lag= 30  m6_ic=0.0821
[18:45:59]     VAL PASS  FTSE_CHINA_50      rate_emb         lag=  1  m6_ic=0.0402
[18:46:00]     VAL PASS  FTSE_CHINA_50      rate_emb         lag= 14  m6_ic=0.0535
[18:46:00]     VAL PASS  FTSE_CHINA_50      ruble_emb        lag= 14  m6_ic=0.0635
[18:46:00]     VAL PASS  FTSE_CHINA_50      sanctions_emb    lag=  7  m6_ic=0.0501
[18:46:00]     VAL PASS  FTSE_CHINA_50      sanctions_emb    lag= 30  m6_ic=0.0560
[18:46:00]     VAL PASS  FTSE_CHINA_50      inflation_emb    lag=  7  m6_ic=0.0397
[18:46:01]     VAL PASS  FTSE_CHINA_50      inflation_emb    lag= 14  m6_ic=0.0955
[18:46:01]     VAL PASS  FTSE_CHINA_50      banking_emb      lag=  1  m6_ic=0.0494
[18:46:01]     VAL PASS  FTSE_CHINA_50      gold_emb         lag=  7  m6_ic=0.0691
[18:46:02]     VAL PASS  FTSE_CHINA_50      gold_emb         lag= 14  m6_ic=0.0930
[18:46:02]     VAL PASS  FTSE_CHINA_50      gold_emb         lag= 30  m6_ic=0.0742
[18:46:03]     VAL PASS  GOLD               rate_emb         lag= 30  m6_ic=0.1112
[18:46:03]     VAL PASS  GOLD               inflation_emb    lag=  1  m6_ic=0.0444
[18:46:04]     VAL PASS  GOLD               inflation_emb    lag=  7  m6_ic=0.1382
[18:46:04]     VAL PASS  GOLD               inflation_emb    lag= 30  m6_ic=0.0972
[18:46:04]     VAL PASS  GOLD               banking_emb      lag=  7  m6_ic=0.1155
[18:46:05]     VAL PASS  GOLD               gold_emb         lag=  7  m6_ic=0.0636
[18:46:05]     VAL PASS  GOLD               gold_emb         lag= 14  m6_ic=0.0313
[18:46:05]     VAL PASS  SILVER             oil_emb          lag=  7  m6_ic=0.0794
[18:46:05]     VAL PASS  SILVER             oil_emb          lag= 14  m6_ic=0.0371
[18:46:06]     VAL PASS  SILVER             oil_emb          lag= 30  m6_ic=0.1323
[18:46:06]     VAL PASS  SILVER             rate_emb         lag=  7  m6_ic=0.0511
[18:46:06]     VAL PASS  SILVER             rate_emb         lag= 14  m6_ic=0.1074
[18:46:07]     VAL PASS  SILVER             ruble_emb        lag=  7  m6_ic=0.0758
[18:46:07]     VAL PASS  SILVER             inflation_emb    lag=  1  m6_ic=0.0448
[18:46:07]     VAL PASS  SILVER             inflation_emb    lag= 30  m6_ic=0.1342
[18:46:08]     VAL PASS  SILVER             banking_emb      lag= 30  m6_ic=0.0590
[18:46:08]     VAL PASS  SILVER             gold_emb         lag= 14  m6_ic=0.0661
[18:46:08]     VAL PASS  SILVER             gold_emb         lag= 30  m6_ic=0.1091
[18:46:08]     VAL PASS  IMOEX              oil_emb          lag= 14  m6_ic=0.0745
[18:46:09]     VAL PASS  IMOEX              rate_emb         lag= 14  m6_ic=0.1414
[18:46:09]     VAL PASS  IMOEX              rate_emb         lag= 30  m6_ic=0.1107
[18:46:09]     VAL PASS  IMOEX              ruble_emb        lag=  1  m6_ic=0.0690
[18:46:09]     VAL PASS  IMOEX              ruble_emb        lag=  7  m6_ic=0.0384
[18:46:09]     VAL PASS  IMOEX              ruble_emb        lag= 14  m6_ic=0.0690
[18:46:09]     VAL PASS  IMOEX              ruble_emb        lag= 30  m6_ic=0.0530
[18:46:10]     VAL PASS  IMOEX              sanctions_emb    lag=  1  m6_ic=0.0531
[18:46:10]     VAL PASS  IMOEX              sanctions_emb    lag=  7  m6_ic=0.0613
[18:46:10]     VAL PASS  IMOEX              inflation_emb    lag=  1  m6_ic=0.0941
[18:46:10]     VAL PASS  IMOEX              banking_emb      lag=  7  m6_ic=0.0366
[18:46:11]     VAL PASS  MOEXFN             oil_emb          lag= 30  m6_ic=0.0898
[18:46:11]     VAL PASS  MOEXFN             rate_emb         lag=  7  m6_ic=0.0698
[18:46:11]     VAL PASS  MOEXFN             rate_emb         lag= 14  m6_ic=0.1303
[18:46:12]     VAL PASS  MOEXFN             rate_emb         lag= 30  m6_ic=0.0674
[18:46:12]     VAL PASS  MOEXFN             ruble_emb        lag=  1  m6_ic=0.0860
[18:46:12]     VAL PASS  MOEXFN             ruble_emb        lag=  7  m6_ic=0.0409
[18:46:12]     VAL PASS  MOEXFN             ruble_emb        lag= 14  m6_ic=0.0746
[18:46:12]     VAL PASS  MOEXFN             sanctions_emb    lag=  1  m6_ic=0.0320
[18:46:13]     VAL PASS  MOEXFN             sanctions_emb    lag= 30  m6_ic=0.1165
[18:46:13]     VAL PASS  MOEXFN             banking_emb      lag=  1  m6_ic=0.0617
[18:46:13]     VAL PASS  MOEXFN             banking_emb      lag=  7  m6_ic=0.0610
[18:46:14]     VAL PASS  MOEXFN             gold_emb         lag=  1  m6_ic=0.0431
[18:46:14]     VAL PASS  MOEXFN             gold_emb         lag= 14  m6_ic=0.0671
[18:46:14]     VAL PASS  MOEXFN             gold_emb         lag= 30  m6_ic=0.0432
[18:46:14]     VAL PASS  MOEXOG             oil_emb          lag=  7  m6_ic=0.0760
[18:46:15]     VAL PASS  MOEXOG             rate_emb         lag=  1  m6_ic=0.0724
[18:46:15]     VAL PASS  MOEXOG             rate_emb         lag= 14  m6_ic=0.1214
[18:46:15]     VAL PASS  MOEXOG             rate_emb         lag= 30  m6_ic=0.0919
[18:46:15]     VAL PASS  MOEXOG             ruble_emb        lag=  1  m6_ic=0.0717
[18:46:15]     VAL PASS  MOEXOG             ruble_emb        lag=  7  m6_ic=0.0711
[18:46:16]     VAL PASS  MOEXOG             ruble_emb        lag= 14  m6_ic=0.0693
[18:46:16]     VAL PASS  MOEXOG             sanctions_emb    lag=  1  m6_ic=0.0403
[18:46:16]     VAL PASS  MOEXOG             sanctions_emb    lag=  7  m6_ic=0.0598
[18:46:16]     VAL PASS  MOEXOG             sanctions_emb    lag= 30  m6_ic=0.0790
[18:46:16]     VAL PASS  MOEXOG             inflation_emb    lag= 30  m6_ic=0.1262
[18:46:17]     VAL PASS  MOEXOG             banking_emb      lag=  7  m6_ic=0.0733
[18:46:17]     VAL PASS  MOEXOG             gold_emb         lag= 14  m6_ic=0.0309
[18:46:17]     VAL PASS  MOEX10             oil_emb          lag=  7  m6_ic=0.0325
[18:46:17]     VAL PASS  MOEX10             oil_emb          lag= 30  m6_ic=0.0996
[18:46:17]     VAL PASS  MOEX10             rate_emb         lag=  1  m6_ic=0.0347
[18:46:18]     VAL PASS  MOEX10             rate_emb         lag= 14  m6_ic=0.1375
[18:46:18]     VAL PASS  MOEX10             rate_emb         lag= 30  m6_ic=0.0699
[18:46:18]     VAL PASS  MOEX10             ruble_emb        lag=  1  m6_ic=0.0934
[18:46:18]     VAL PASS  MOEX10             ruble_emb        lag= 14  m6_ic=0.0760
[18:46:19]     VAL PASS  MOEX10             sanctions_emb    lag=  1  m6_ic=0.0568
[18:46:19]     VAL PASS  MOEX10             inflation_emb    lag=  1  m6_ic=0.0965
[18:46:19]     VAL PASS  MOEX10             inflation_emb    lag= 14  m6_ic=0.0362
[18:46:19]     VAL PASS  MOEX10             banking_emb      lag=  7  m6_ic=0.0565
[18:46:20]     VAL PASS  MOEX10             gold_emb         lag=  7  m6_ic=0.0845
[18:46:20]     VAL PASS  MOEX10             gold_emb         lag= 30  m6_ic=0.0375
[18:46:20]     Val: 186/262 held
[18:46:20]   → train=262  val=186  max_ic=0.1404
[18:46:20] 
============================================================
[18:46:20] FINAL REPORT
[18:46:20] ============================================================
[18:46:21] Report: C:\project\signal_mind\analytics\phase_b\night_search\night_report_20260521_181814.md
[18:46:21] Hits CSV: C:\project\signal_mind\analytics\phase_b\night_search\night_hits_20260521_181814.csv
[18:46:21] 
  [13/15] sweep_embedding_z90_market_return  budget=151min  ic_gate=0.03  ens=M6_only
[18:46:21]   Config: sweep_embedding_z90_market_return
[18:46:21]     feature=embedding_z90  target=market_return  ensemble=M6_only  ic_min=0.03
[18:46:21]   HIT  SP500              oil_emb_z        lag=  1 m5_p=0.7065  m6_ic=0.0758
[18:46:21]   HIT  SP500              oil_emb_z        lag=  7 m5_p=0.8172  m6_ic=0.0393
[18:46:21]   HIT  SP500              oil_emb_z        lag= 14 m5_p=0.0828  m6_ic=0.0797
[18:46:22]   HIT  SP500              oil_emb_z        lag= 30 m5_p=0.4790  m6_ic=0.0367
[18:46:22]   HIT  SP500              rate_emb_z       lag= 14 m5_p=0.3951  m6_ic=0.0349
[18:46:23]   HIT  SP500              rate_emb_z       lag= 30 m5_p=0.3930  m6_ic=0.0493
[18:46:23]   HIT  SP500              ruble_emb_z      lag=  1 m5_p=0.0528  m6_ic=0.0345
[18:46:23]   HIT  SP500              ruble_emb_z      lag=  7 m5_p=0.2303  m6_ic=0.0322
[18:46:23]   HIT  SP500              ruble_emb_z      lag= 30 m5_p=0.1561  m6_ic=0.0656
[18:46:24]   HIT  SP500              sanctions_emb_z  lag=  7 m5_p=0.0507  m6_ic=0.0406
[18:46:24]   HIT  SP500              sanctions_emb_z  lag= 14 m5_p=0.7268  m6_ic=0.0771
[18:46:24]   HIT  SP500              sanctions_emb_z  lag= 30 m5_p=0.3147  m6_ic=0.0317
[18:46:24]   HIT  SP500              inflation_emb_z  lag=  1 m5_p=0.6456  m6_ic=0.0562
[18:46:25]   HIT  SP500              inflation_emb_z  lag= 14 m5_p=0.2256  m6_ic=0.0719
[18:46:26]   HIT  SP500              gold_emb_z       lag=  1 m5_p=0.7799  m6_ic=0.0570
[18:46:27]   HIT  SP500              gold_emb_z       lag= 14 m5_p=0.3237  m6_ic=0.0434
[18:46:27]   HIT  SP500              gold_emb_z       lag= 30 m5_p=0.7182  m6_ic=0.0535
[18:46:28]   HIT  USD_RUB            rate_emb_z       lag=  1 m5_p=0.1612  m6_ic=0.0426
[18:46:28]   HIT  USD_RUB            rate_emb_z       lag=  7 m5_p=0.0977  m6_ic=0.0986
[18:46:28]   HIT  USD_RUB            rate_emb_z       lag= 14 m5_p=0.0392  m6_ic=0.0645
[18:46:29]   HIT  USD_RUB            ruble_emb_z      lag=  1 m5_p=0.1687  m6_ic=0.0304
[18:46:29]   HIT  USD_RUB            ruble_emb_z      lag= 14 m5_p=0.1574  m6_ic=0.0438
[18:46:29]   HIT  USD_RUB            ruble_emb_z      lag= 30 m5_p=0.7797  m6_ic=0.0355
[18:46:30]   HIT  USD_RUB            sanctions_emb_z  lag=  7 m5_p=0.8898  m6_ic=0.0510
[18:46:30]   HIT  USD_RUB            sanctions_emb_z  lag= 30 m5_p=0.4128  m6_ic=0.0490
[18:46:30]   HIT  USD_RUB            inflation_emb_z  lag=  1 m5_p=0.0553  m6_ic=0.0413
[18:46:30]   HIT  USD_RUB            inflation_emb_z  lag=  7 m5_p=0.7697  m6_ic=0.0331
[18:46:31]   HIT  USD_RUB            inflation_emb_z  lag= 14 m5_p=0.8057  m6_ic=0.0337
[18:46:31]   HIT  USD_RUB            inflation_emb_z  lag= 30 m5_p=0.5802  m6_ic=0.0884
[18:46:31]   HIT  USD_RUB            banking_emb_z    lag=  1 m5_p=0.9126  m6_ic=0.0434
[18:46:31]   HIT  USD_RUB            banking_emb_z    lag=  7 m5_p=0.6943  m6_ic=0.1137
[18:46:31]   HIT  USD_RUB            banking_emb_z    lag= 14 m5_p=0.8123  m6_ic=0.0337
[18:46:32]   HIT  USD_RUB            gold_emb_z       lag=  1 m5_p=0.5974  m6_ic=0.0501
[18:46:32]   HIT  USD_RUB            gold_emb_z       lag=  7 m5_p=0.7851  m6_ic=0.1043
[18:46:33]   HIT  USD_RUB            gold_emb_z       lag= 30 m5_p=0.2632  m6_ic=0.0432
[18:46:34]   HIT  EUR_RUB            rate_emb_z       lag=  1 m5_p=0.1612  m6_ic=0.0426
[18:46:34]   HIT  EUR_RUB            rate_emb_z       lag=  7 m5_p=0.0977  m6_ic=0.0986
[18:46:34]   HIT  EUR_RUB            rate_emb_z       lag= 14 m5_p=0.0392  m6_ic=0.0645
[18:46:34]   HIT  EUR_RUB            ruble_emb_z      lag=  1 m5_p=0.1687  m6_ic=0.0304
[18:46:35]   HIT  EUR_RUB            ruble_emb_z      lag= 14 m5_p=0.1574  m6_ic=0.0438
[18:46:35]   HIT  EUR_RUB            ruble_emb_z      lag= 30 m5_p=0.7797  m6_ic=0.0355
[18:46:35]   HIT  EUR_RUB            sanctions_emb_z  lag=  7 m5_p=0.8898  m6_ic=0.0510
[18:46:36]   HIT  EUR_RUB            sanctions_emb_z  lag= 30 m5_p=0.4128  m6_ic=0.0490
[18:46:36]   HIT  EUR_RUB            inflation_emb_z  lag=  1 m5_p=0.0553  m6_ic=0.0413
[18:46:36]   HIT  EUR_RUB            inflation_emb_z  lag=  7 m5_p=0.7697  m6_ic=0.0331
[18:46:36]   HIT  EUR_RUB            inflation_emb_z  lag= 14 m5_p=0.8057  m6_ic=0.0337
[18:46:37]   HIT  EUR_RUB            inflation_emb_z  lag= 30 m5_p=0.5802  m6_ic=0.0884
[18:46:37]   HIT  EUR_RUB            banking_emb_z    lag=  1 m5_p=0.9126  m6_ic=0.0434
[18:46:37]   HIT  EUR_RUB            banking_emb_z    lag=  7 m5_p=0.6943  m6_ic=0.1137
[18:46:37]   HIT  EUR_RUB            banking_emb_z    lag= 14 m5_p=0.8123  m6_ic=0.0337
[18:46:38]   HIT  EUR_RUB            gold_emb_z       lag=  1 m5_p=0.5974  m6_ic=0.0501
[18:46:38]   HIT  EUR_RUB            gold_emb_z       lag=  7 m5_p=0.7851  m6_ic=0.1043
[18:46:38]   HIT  EUR_RUB            gold_emb_z       lag= 30 m5_p=0.2632  m6_ic=0.0432
[18:46:38]   HIT  DJ_SOUTH_AFRICA    oil_emb_z        lag=  1 m5_p=0.8221  m6_ic=0.1124
[18:46:39]   HIT  DJ_SOUTH_AFRICA    oil_emb_z        lag= 30 m5_p=0.6389  m6_ic=0.1014
[18:46:40]   HIT  DJ_SOUTH_AFRICA    rate_emb_z       lag= 14 m5_p=0.5234  m6_ic=0.0418
[18:46:40]   HIT  DJ_SOUTH_AFRICA    rate_emb_z       lag= 30 m5_p=0.3592  m6_ic=0.0611
[18:46:41]   HIT  DJ_SOUTH_AFRICA    sanctions_emb_z  lag=  7 m5_p=0.0434  m6_ic=0.0670
[18:46:42]   HIT  DJ_SOUTH_AFRICA    inflation_emb_z  lag=  1 m5_p=0.3201  m6_ic=0.0449
[18:46:42]   HIT  DJ_SOUTH_AFRICA    inflation_emb_z  lag= 30 m5_p=0.8809  m6_ic=0.0922
[18:46:42]   HIT  DJ_SOUTH_AFRICA    banking_emb_z    lag=  1 m5_p=0.3918  m6_ic=0.0604
[18:46:43]   HIT  DJ_SOUTH_AFRICA    banking_emb_z    lag= 14 m5_p=0.5033  m6_ic=0.0547
[18:46:43]   HIT  DJ_SOUTH_AFRICA    banking_emb_z    lag= 30 m5_p=0.6983  m6_ic=0.0314
[18:46:44]   HIT  DJ_SOUTH_AFRICA    gold_emb_z       lag=  7 m5_p=0.2064  m6_ic=0.0798
[18:46:44]   HIT  MSCI_WORLD         oil_emb_z        lag=  1 m5_p=0.2689  m6_ic=0.1514
[18:46:45]   HIT  MSCI_WORLD         oil_emb_z        lag=  7 m5_p=0.2210  m6_ic=0.0657
[18:46:45]   HIT  MSCI_WORLD         rate_emb_z       lag=  7 m5_p=0.1228  m6_ic=0.0539
[18:46:46]   HIT  MSCI_WORLD         rate_emb_z       lag= 14 m5_p=0.1286  m6_ic=0.0381
[18:46:46]   HIT  MSCI_WORLD         ruble_emb_z      lag=  1 m5_p=0.1664  m6_ic=0.0711
[18:46:46]   HIT  MSCI_WORLD         ruble_emb_z      lag= 14 m5_p=0.9920  m6_ic=0.0324
[18:46:47]   HIT  MSCI_WORLD         ruble_emb_z      lag= 30 m5_p=0.4841  m6_ic=0.0353
[18:46:47]   HIT  MSCI_WORLD         sanctions_emb_z  lag=  1 m5_p=0.5408  m6_ic=0.0361
[18:46:47]   HIT  MSCI_WORLD         sanctions_emb_z  lag=  7 m5_p=0.5700  m6_ic=0.0598
[18:46:47]   HIT  MSCI_WORLD         sanctions_emb_z  lag= 14 m5_p=0.9735  m6_ic=0.0894
[18:46:48]   HIT  MSCI_WORLD         inflation_emb_z  lag=  7 m5_p=0.8886  m6_ic=0.0742
[18:46:48]   HIT  MSCI_WORLD         inflation_emb_z  lag= 14 m5_p=0.7276  m6_ic=0.0477
[18:46:48]   HIT  MSCI_WORLD         inflation_emb_z  lag= 30 m5_p=0.9393  m6_ic=0.0709
[18:46:49]   HIT  MSCI_WORLD         banking_emb_z    lag=  7 m5_p=0.6228  m6_ic=0.0597
[18:46:49]   HIT  MSCI_WORLD         banking_emb_z    lag= 14 m5_p=0.1712  m6_ic=0.0603
[18:46:49]   HIT  MSCI_WORLD         gold_emb_z       lag=  1 m5_p=0.6457  m6_ic=0.0383
[18:46:50]   HIT  DXY                oil_emb_z        lag=  1 m5_p=0.4736  m6_ic=0.0546
[18:46:50]   HIT  DXY                oil_emb_z        lag=  7 m5_p=0.4423  m6_ic=0.0927
[18:46:50]   HIT  DXY                oil_emb_z        lag= 14 m5_p=0.6408  m6_ic=0.0967
[18:46:51]   HIT  DXY                rate_emb_z       lag=  1 m5_p=0.8266  m6_ic=0.0799
[18:46:51]   HIT  DXY                rate_emb_z       lag= 14 m5_p=0.0288  m6_ic=0.0476
[18:46:52]   HIT  DXY                rate_emb_z       lag= 30 m5_p=0.3048  m6_ic=0.1179
[18:46:52]   HIT  DXY                ruble_emb_z      lag= 14 m5_p=0.8457  m6_ic=0.0645
[18:46:52]   HIT  DXY                ruble_emb_z      lag= 30 m5_p=0.5505  m6_ic=0.0900
[18:46:53]   HIT  DXY                sanctions_emb_z  lag=  7 m5_p=0.7069  m6_ic=0.0317
[18:46:53]   HIT  DXY                sanctions_emb_z  lag= 14 m5_p=0.4139  m6_ic=0.0336
[18:46:53]   HIT  DXY                sanctions_emb_z  lag= 30 m5_p=0.7200  m6_ic=0.0340
[18:46:53]   HIT  DXY                inflation_emb_z  lag=  1 m5_p=0.4382  m6_ic=0.0632
[18:46:54]   HIT  DXY                inflation_emb_z  lag=  7 m5_p=0.2982  m6_ic=0.0526
[18:46:54]   HIT  DXY                inflation_emb_z  lag= 14 m5_p=0.3512  m6_ic=0.0762
[18:46:54]   HIT  DXY                inflation_emb_z  lag= 30 m5_p=0.9893  m6_ic=0.0311
[18:46:54]   HIT  DXY                banking_emb_z    lag=  1 m5_p=0.3739  m6_ic=0.0356
[18:46:54]   HIT  DXY                banking_emb_z    lag= 14 m5_p=0.5128  m6_ic=0.0831
[18:46:55]   HIT  DXY                banking_emb_z    lag= 30 m5_p=0.7877  m6_ic=0.0443
[18:46:55]   HIT  DXY                gold_emb_z       lag=  7 m5_p=0.9712  m6_ic=0.0320
[18:46:56]   HIT  DXY                gold_emb_z       lag= 30 m5_p=0.9228  m6_ic=0.0432
[18:46:56]   HIT  BRENT              oil_emb_z        lag=  1 m5_p=0.1011  m6_ic=0.0347
[18:46:57]   HIT  BRENT              rate_emb_z       lag=  1 m5_p=0.4142  m6_ic=0.0450
[18:46:57]   HIT  BRENT              rate_emb_z       lag=  7 m5_p=0.3267  m6_ic=0.0813
[18:46:57]   HIT  BRENT              rate_emb_z       lag= 14 m5_p=0.9474  m6_ic=0.0788
[18:46:57]   HIT  BRENT              rate_emb_z       lag= 30 m5_p=0.3689  m6_ic=0.0331
[18:46:58]   HIT  BRENT              ruble_emb_z      lag=  7 m5_p=0.1636  m6_ic=0.0421
[18:46:58]   HIT  BRENT              ruble_emb_z      lag= 14 m5_p=0.6055  m6_ic=0.0882
[18:46:58]   HIT  BRENT              sanctions_emb_z  lag=  7 m5_p=0.3355  m6_ic=0.0415
[18:46:59]   HIT  BRENT              sanctions_emb_z  lag= 30 m5_p=0.7604  m6_ic=0.1134
[18:46:59]   HIT  BRENT              inflation_emb_z  lag=  7 m5_p=0.1354  m6_ic=0.1402
[18:46:59]   HIT  BRENT              inflation_emb_z  lag= 14 m5_p=0.4514  m6_ic=0.0348
[18:47:00]   HIT  BRENT              inflation_emb_z  lag= 30 m5_p=0.4299  m6_ic=0.0383
[18:47:00]   HIT  BRENT              banking_emb_z    lag=  1 m5_p=0.8689  m6_ic=0.1221
[18:47:01]   HIT  BRENT              gold_emb_z       lag=  1 m5_p=0.6198  m6_ic=0.0328
[18:47:01]   HIT  BRENT              gold_emb_z       lag= 30 m5_p=0.3724  m6_ic=0.0887
[18:47:01]   HIT  MSCI_INDIA         oil_emb_z        lag=  1 m5_p=0.6784  m6_ic=0.0840
[18:47:02]   HIT  MSCI_INDIA         oil_emb_z        lag=  7 m5_p=0.0789  m6_ic=0.0701
[18:47:02]   HIT  MSCI_INDIA         oil_emb_z        lag= 30 m5_p=0.9424  m6_ic=0.0797
[18:47:02]   HIT  MSCI_INDIA         rate_emb_z       lag=  1 m5_p=0.1855  m6_ic=0.0719
[18:47:02]   HIT  MSCI_INDIA         rate_emb_z       lag=  7 m5_p=0.9259  m6_ic=0.0988
[18:47:03]   HIT  MSCI_INDIA         ruble_emb_z      lag=  1 m5_p=0.5372  m6_ic=0.0638
[18:47:03]   HIT  MSCI_INDIA         ruble_emb_z      lag=  7 m5_p=0.3100  m6_ic=0.0367
[18:47:04]   HIT  MSCI_INDIA         ruble_emb_z      lag= 30 m5_p=0.1705  m6_ic=0.0686
[18:47:04]   HIT  MSCI_INDIA         sanctions_emb_z  lag=  1 m5_p=0.5988  m6_ic=0.0495
[18:47:04]   HIT  MSCI_INDIA         sanctions_emb_z  lag=  7 m5_p=0.8932  m6_ic=0.0586
[18:47:05]   HIT  MSCI_INDIA         inflation_emb_z  lag= 14 m5_p=0.0209  m6_ic=0.0699
[18:47:06]   HIT  MSCI_INDIA         banking_emb_z    lag= 30 m5_p=0.9294  m6_ic=0.0577
[18:47:06]   HIT  MSCI_INDIA         gold_emb_z       lag=  1 m5_p=0.6979  m6_ic=0.0594
[18:47:06]   HIT  MSCI_INDIA         gold_emb_z       lag=  7 m5_p=0.5940  m6_ic=0.0545
[18:47:07]   HIT  MSCI_INDIA         gold_emb_z       lag= 30 m5_p=0.8681  m6_ic=0.0582
[18:47:07]   HIT  CHINA_H_SHARES     oil_emb_z        lag=  1 m5_p=0.9893  m6_ic=0.0724
[18:47:08]   HIT  CHINA_H_SHARES     oil_emb_z        lag= 30 m5_p=0.7057  m6_ic=0.0362
[18:47:08]   HIT  CHINA_H_SHARES     rate_emb_z       lag= 14 m5_p=0.0364  m6_ic=0.0403
[18:47:09]   HIT  CHINA_H_SHARES     rate_emb_z       lag= 30 m5_p=0.4860  m6_ic=0.0910
[18:47:09]   HIT  CHINA_H_SHARES     ruble_emb_z      lag=  1 m5_p=0.1288  m6_ic=0.0651
[18:47:09]   HIT  CHINA_H_SHARES     ruble_emb_z      lag=  7 m5_p=0.0258  m6_ic=0.0937
[18:47:09]   HIT  CHINA_H_SHARES     ruble_emb_z      lag= 14 m5_p=0.6639  m6_ic=0.0697
[18:47:09]   HIT  CHINA_H_SHARES     ruble_emb_z      lag= 30 m5_p=0.8530  m6_ic=0.0383
[18:47:10]   HIT  CHINA_H_SHARES     sanctions_emb_z  lag=  1 m5_p=0.4712  m6_ic=0.0567
[18:47:10]   HIT  CHINA_H_SHARES     sanctions_emb_z  lag=  7 m5_p=0.4604  m6_ic=0.0971
[18:47:10]   HIT  CHINA_H_SHARES     sanctions_emb_z  lag= 30 m5_p=0.9912  m6_ic=0.0599
[18:47:11]   HIT  CHINA_H_SHARES     inflation_emb_z  lag=  7 m5_p=0.9088  m6_ic=0.0790
[18:47:11]   HIT  CHINA_H_SHARES     inflation_emb_z  lag= 14 m5_p=0.0994  m6_ic=0.0681
[18:47:11]   HIT  CHINA_H_SHARES     inflation_emb_z  lag= 30 m5_p=0.6375  m6_ic=0.0694
[18:47:11]   HIT  CHINA_H_SHARES     banking_emb_z    lag=  1 m5_p=0.9391  m6_ic=0.0503
[18:47:11]   HIT  CHINA_H_SHARES     banking_emb_z    lag=  7 m5_p=0.8681  m6_ic=0.0387
[18:47:12]   HIT  CHINA_H_SHARES     banking_emb_z    lag= 14 m5_p=0.8741  m6_ic=0.1206
[18:47:12]   HIT  CHINA_H_SHARES     gold_emb_z       lag=  7 m5_p=0.9698  m6_ic=0.0383
[18:47:13]   HIT  FTSE_CHINA_50      oil_emb_z        lag=  1 m5_p=0.8491  m6_ic=0.0405
[18:47:14]   HIT  FTSE_CHINA_50      rate_emb_z       lag=  7 m5_p=0.7444  m6_ic=0.0365
[18:47:14]   HIT  FTSE_CHINA_50      rate_emb_z       lag= 14 m5_p=0.0357  m6_ic=0.0421
[18:47:14]   HIT  FTSE_CHINA_50      rate_emb_z       lag= 30 m5_p=0.3121  m6_ic=0.0740
[18:47:14]   HIT  FTSE_CHINA_50      ruble_emb_z      lag=  1 m5_p=0.0784  m6_ic=0.0809
[18:47:15]   HIT  FTSE_CHINA_50      ruble_emb_z      lag=  7 m5_p=0.0464  m6_ic=0.0841
[18:47:15]   HIT  FTSE_CHINA_50      ruble_emb_z      lag= 14 m5_p=0.6174  m6_ic=0.0732
[18:47:15]   HIT  FTSE_CHINA_50      ruble_emb_z      lag= 30 m5_p=0.8329  m6_ic=0.0443
[18:47:15]   HIT  FTSE_CHINA_50      sanctions_emb_z  lag=  1 m5_p=0.3410  m6_ic=0.0346
[18:47:15]   HIT  FTSE_CHINA_50      sanctions_emb_z  lag=  7 m5_p=0.5076  m6_ic=0.0943
[18:47:16]   HIT  FTSE_CHINA_50      sanctions_emb_z  lag= 30 m5_p=0.8105  m6_ic=0.0432
[18:47:16]   HIT  FTSE_CHINA_50      inflation_emb_z  lag=  7 m5_p=0.9227  m6_ic=0.0687
[18:47:16]   HIT  FTSE_CHINA_50      inflation_emb_z  lag= 14 m5_p=0.0992  m6_ic=0.0651
[18:47:17]   HIT  FTSE_CHINA_50      inflation_emb_z  lag= 30 m5_p=0.5427  m6_ic=0.0894
[18:47:17]   HIT  FTSE_CHINA_50      banking_emb_z    lag=  1 m5_p=0.9363  m6_ic=0.0318
[18:47:17]   HIT  FTSE_CHINA_50      banking_emb_z    lag=  7 m5_p=0.6325  m6_ic=0.0315
[18:47:17]   HIT  FTSE_CHINA_50      banking_emb_z    lag= 14 m5_p=0.7967  m6_ic=0.1036
[18:47:18]   HIT  FTSE_CHINA_50      gold_emb_z       lag=  7 m5_p=0.7251  m6_ic=0.0612
[18:47:19]   HIT  GOLD               oil_emb_z        lag= 14 m5_p=0.2620  m6_ic=0.0581
[18:47:19]   HIT  GOLD               oil_emb_z        lag= 30 m5_p=0.6483  m6_ic=0.0605
[18:47:19]   HIT  GOLD               rate_emb_z       lag=  1 m5_p=0.7457  m6_ic=0.0963
[18:47:20]   HIT  GOLD               rate_emb_z       lag= 14 m5_p=0.3958  m6_ic=0.0432
[18:47:20]   HIT  GOLD               rate_emb_z       lag= 30 m5_p=0.9518  m6_ic=0.1247
[18:47:20]   HIT  GOLD               ruble_emb_z      lag=  7 m5_p=0.1019  m6_ic=0.0459
[18:47:20]   HIT  GOLD               ruble_emb_z      lag= 14 m5_p=0.6285  m6_ic=0.0650
[18:47:20]   HIT  GOLD               ruble_emb_z      lag= 30 m5_p=0.9995  m6_ic=0.0908
[18:47:21]   HIT  GOLD               sanctions_emb_z  lag=  1 m5_p=0.6497  m6_ic=0.0709
[18:47:21]   HIT  GOLD               sanctions_emb_z  lag= 14 m5_p=0.2963  m6_ic=0.0583
[18:47:21]   HIT  GOLD               sanctions_emb_z  lag= 30 m5_p=0.9756  m6_ic=0.0771
[18:47:22]   HIT  GOLD               inflation_emb_z  lag=  1 m5_p=0.8350  m6_ic=0.1288
[18:47:22]   HIT  GOLD               inflation_emb_z  lag= 14 m5_p=0.7996  m6_ic=0.0665
[18:47:22]   HIT  GOLD               banking_emb_z    lag=  1 m5_p=0.1266  m6_ic=0.0524
[18:47:23]   HIT  GOLD               banking_emb_z    lag= 14 m5_p=0.4410  m6_ic=0.0481
[18:47:23]   HIT  GOLD               gold_emb_z       lag=  1 m5_p=0.6920  m6_ic=0.0673
[18:47:23]   HIT  GOLD               gold_emb_z       lag=  7 m5_p=0.5645  m6_ic=0.1370
[18:47:24]   HIT  GOLD               gold_emb_z       lag= 30 m5_p=0.4815  m6_ic=0.0461
[18:47:24]   HIT  SILVER             oil_emb_z        lag=  1 m5_p=0.6895  m6_ic=0.0366
[18:47:24]   HIT  SILVER             oil_emb_z        lag=  7 m5_p=0.4870  m6_ic=0.0364
[18:47:24]   HIT  SILVER             oil_emb_z        lag= 14 m5_p=0.9875  m6_ic=0.0543
[18:47:25]   HIT  SILVER             rate_emb_z       lag=  1 m5_p=0.7504  m6_ic=0.0501
[18:47:25]   HIT  SILVER             rate_emb_z       lag=  7 m5_p=0.1456  m6_ic=0.0333
[18:47:25]   HIT  SILVER             rate_emb_z       lag= 30 m5_p=0.7659  m6_ic=0.0507
[18:47:25]   HIT  SILVER             ruble_emb_z      lag=  1 m5_p=0.4948  m6_ic=0.0589
[18:47:25]   HIT  SILVER             ruble_emb_z      lag=  7 m5_p=0.4274  m6_ic=0.1058
[18:47:26]   HIT  SILVER             ruble_emb_z      lag= 14 m5_p=0.4557  m6_ic=0.0451
[18:47:26]   HIT  SILVER             ruble_emb_z      lag= 30 m5_p=0.9529  m6_ic=0.0911
[18:47:26]   HIT  SILVER             sanctions_emb_z  lag=  1 m5_p=0.8650  m6_ic=0.0795
[18:47:26]   HIT  SILVER             sanctions_emb_z  lag= 14 m5_p=0.6519  m6_ic=0.0563
[18:47:27]   HIT  SILVER             sanctions_emb_z  lag= 30 m5_p=0.2999  m6_ic=0.0628
[18:47:27]   HIT  SILVER             inflation_emb_z  lag=  1 m5_p=0.5365  m6_ic=0.0332
[18:47:27]   HIT  SILVER             inflation_emb_z  lag= 14 m5_p=0.4693  m6_ic=0.0385
[18:47:27]   HIT  SILVER             inflation_emb_z  lag= 30 m5_p=0.3962  m6_ic=0.0404
[18:47:28]   HIT  SILVER             gold_emb_z       lag=  1 m5_p=0.7854  m6_ic=0.0433
[18:47:29]   HIT  SILVER             gold_emb_z       lag=  7 m5_p=0.2833  m6_ic=0.0583
[18:47:29]   HIT  SILVER             gold_emb_z       lag= 14 m5_p=0.9673  m6_ic=0.0550
[18:47:29]   HIT  IMOEX              oil_emb_z        lag=  7 m5_p=0.0775  m6_ic=0.0426
[18:47:30]   HIT  IMOEX              rate_emb_z       lag=  7 m5_p=0.2090  m6_ic=0.0853
[18:47:30]   HIT  IMOEX              rate_emb_z       lag= 14 m5_p=0.4143  m6_ic=0.0941
[18:47:30]   HIT  IMOEX              rate_emb_z       lag= 30 m5_p=0.6379  m6_ic=0.0740
[18:47:31]   HIT  IMOEX              ruble_emb_z      lag=  7 m5_p=0.8983  m6_ic=0.0365
[18:47:31]   HIT  IMOEX              ruble_emb_z      lag= 14 m5_p=0.5601  m6_ic=0.0870
[18:47:31]   HIT  IMOEX              ruble_emb_z      lag= 30 m5_p=0.4858  m6_ic=0.1052
[18:47:31]   HIT  IMOEX              sanctions_emb_z  lag=  1 m5_p=0.8655  m6_ic=0.0635
[18:47:32]   HIT  IMOEX              sanctions_emb_z  lag=  7 m5_p=0.1284  m6_ic=0.0402
[18:47:32]   HIT  IMOEX              sanctions_emb_z  lag= 14 m5_p=0.3439  m6_ic=0.0984
[18:47:32]   HIT  IMOEX              sanctions_emb_z  lag= 30 m5_p=0.2528  m6_ic=0.0877
[18:47:32]   HIT  IMOEX              inflation_emb_z  lag=  1 m5_p=0.2269  m6_ic=0.0885
[18:47:32]   HIT  IMOEX              inflation_emb_z  lag=  7 m5_p=0.4770  m6_ic=0.0760
[18:47:33]   HIT  IMOEX              inflation_emb_z  lag= 30 m5_p=0.2827  m6_ic=0.0794
[18:47:33]   HIT  IMOEX              banking_emb_z    lag=  7 m5_p=0.4350  m6_ic=0.0478
[18:47:35]   HIT  MOEXFN             oil_emb_z        lag=  7 m5_p=0.1384  m6_ic=0.0418
[18:47:35]   HIT  MOEXFN             oil_emb_z        lag= 30 m5_p=0.3234  m6_ic=0.1036
[18:47:36]   HIT  MOEXFN             rate_emb_z       lag= 14 m5_p=0.1283  m6_ic=0.0745
[18:47:36]   HIT  MOEXFN             ruble_emb_z      lag=  1 m5_p=0.1970  m6_ic=0.0331
[18:47:37]   HIT  MOEXFN             ruble_emb_z      lag= 14 m5_p=0.9925  m6_ic=0.0471
[18:47:37]   HIT  MOEXFN             ruble_emb_z      lag= 30 m5_p=0.8908  m6_ic=0.0996
[18:47:38]   HIT  MOEXFN             sanctions_emb_z  lag= 30 m5_p=0.3830  m6_ic=0.0520
[18:47:38]   HIT  MOEXFN             inflation_emb_z  lag=  7 m5_p=0.4968  m6_ic=0.1050
[18:47:38]   HIT  MOEXFN             inflation_emb_z  lag= 14 m5_p=0.9658  m6_ic=0.0334
[18:47:38]   HIT  MOEXFN             inflation_emb_z  lag= 30 m5_p=0.6884  m6_ic=0.0354
[18:47:39]   HIT  MOEXFN             banking_emb_z    lag= 30 m5_p=0.7341  m6_ic=0.0503
[18:47:40]   HIT  MOEXFN             gold_emb_z       lag= 14 m5_p=0.2758  m6_ic=0.0430
[18:47:40]   HIT  MOEXOG             oil_emb_z        lag=  1 m5_p=0.7135  m6_ic=0.0718
[18:47:40]   HIT  MOEXOG             oil_emb_z        lag=  7 m5_p=0.0733  m6_ic=0.1059
[18:47:41]   HIT  MOEXOG             oil_emb_z        lag= 14 m5_p=0.9043  m6_ic=0.0620
[18:47:41]   HIT  MOEXOG             oil_emb_z        lag= 30 m5_p=0.1069  m6_ic=0.0736
[18:47:41]   HIT  MOEXOG             rate_emb_z       lag=  7 m5_p=0.0755  m6_ic=0.0722
[18:47:41]   HIT  MOEXOG             rate_emb_z       lag= 14 m5_p=0.6295  m6_ic=0.1002
[18:47:42]   HIT  MOEXOG             rate_emb_z       lag= 30 m5_p=0.4671  m6_ic=0.0770
[18:47:42]   HIT  MOEXOG             ruble_emb_z      lag= 14 m5_p=0.7797  m6_ic=0.0519
[18:47:42]   HIT  MOEXOG             ruble_emb_z      lag= 30 m5_p=0.1859  m6_ic=0.0760
[18:47:43]   HIT  MOEXOG             sanctions_emb_z  lag=  7 m5_p=0.2161  m6_ic=0.0405
[18:47:43]   HIT  MOEXOG             inflation_emb_z  lag=  1 m5_p=0.1669  m6_ic=0.0863
[18:47:43]   HIT  MOEXOG             inflation_emb_z  lag=  7 m5_p=0.4320  m6_ic=0.0360
[18:47:44]   HIT  MOEXOG             inflation_emb_z  lag= 30 m5_p=0.3389  m6_ic=0.0472
[18:47:45]   HIT  MOEXOG             banking_emb_z    lag= 30 m5_p=0.7124  m6_ic=0.0584
[18:47:45]   HIT  MOEXOG             gold_emb_z       lag=  1 m5_p=0.6755  m6_ic=0.0347
[18:47:45]   HIT  MOEXOG             gold_emb_z       lag=  7 m5_p=0.2092  m6_ic=0.0829
[18:47:45]   HIT  MOEXOG             gold_emb_z       lag= 14 m5_p=0.4845  m6_ic=0.0778
[18:47:46]   HIT  MOEXOG             gold_emb_z       lag= 30 m5_p=0.5771  m6_ic=0.0319
[18:47:46]   HIT  MOEX10             oil_emb_z        lag= 14 m5_p=0.7244  m6_ic=0.0301
[18:47:46]   HIT  MOEX10             oil_emb_z        lag= 30 m5_p=0.1532  m6_ic=0.0940
[18:47:47]   HIT  MOEX10             rate_emb_z       lag= 14 m5_p=0.5362  m6_ic=0.0615
[18:47:47]   HIT  MOEX10             ruble_emb_z      lag=  1 m5_p=0.2101  m6_ic=0.0667
[18:47:48]   HIT  MOEX10             ruble_emb_z      lag= 30 m5_p=0.1711  m6_ic=0.0947
[18:47:49]   HIT  MOEX10             sanctions_emb_z  lag= 14 m5_p=0.1501  m6_ic=0.0430
[18:47:49]   HIT  MOEX10             inflation_emb_z  lag=  1 m5_p=0.2963  m6_ic=0.0465
[18:47:49]   HIT  MOEX10             inflation_emb_z  lag=  7 m5_p=0.4887  m6_ic=0.0685
[18:47:49]   HIT  MOEX10             inflation_emb_z  lag= 14 m5_p=0.8985  m6_ic=0.0505
[18:47:50]   HIT  MOEX10             banking_emb_z    lag= 14 m5_p=0.7807  m6_ic=0.0464
[18:47:50]   HIT  MOEX10             banking_emb_z    lag= 30 m5_p=0.6500  m6_ic=0.0796
[18:47:51]   HIT  MOEX10             gold_emb_z       lag= 30 m5_p=0.7972  m6_ic=0.0517
[18:47:51]     Train: 260 signals
[18:47:51]     Val holdout (260 candidates)...
[18:47:51]     VAL PASS  SP500              oil_emb_z        lag=  1  m6_ic=0.0710
[18:47:52]     VAL PASS  SP500              oil_emb_z        lag=  7  m6_ic=0.0531
[18:47:52]     VAL PASS  SP500              oil_emb_z        lag= 14  m6_ic=0.0603
[18:47:52]     VAL PASS  SP500              rate_emb_z       lag= 14  m6_ic=0.0688
[18:47:52]     VAL PASS  SP500              rate_emb_z       lag= 30  m6_ic=0.0745
[18:47:53]     VAL PASS  SP500              ruble_emb_z      lag=  1  m6_ic=0.0875
[18:47:53]     VAL PASS  SP500              ruble_emb_z      lag=  7  m6_ic=0.0653
[18:47:53]     VAL PASS  SP500              sanctions_emb_z  lag= 14  m6_ic=0.0501
[18:47:54]     VAL PASS  SP500              sanctions_emb_z  lag= 30  m6_ic=0.1002
[18:47:54]     VAL PASS  SP500              inflation_emb_z  lag=  1  m6_ic=0.0800
[18:47:54]     VAL PASS  SP500              inflation_emb_z  lag= 14  m6_ic=0.0769
[18:47:55]     VAL PASS  SP500              gold_emb_z       lag= 14  m6_ic=0.0349
[18:47:55]     VAL PASS  SP500              gold_emb_z       lag= 30  m6_ic=0.1651
[18:47:55]     VAL PASS  USD_RUB            rate_emb_z       lag=  1  m6_ic=0.0935
[18:47:55]     VAL PASS  USD_RUB            rate_emb_z       lag=  7  m6_ic=0.0575
[18:47:56]     VAL PASS  USD_RUB            ruble_emb_z      lag= 14  m6_ic=0.0617
[18:47:56]     VAL PASS  USD_RUB            ruble_emb_z      lag= 30  m6_ic=0.0522
[18:47:56]     VAL PASS  USD_RUB            sanctions_emb_z  lag=  7  m6_ic=0.0575
[18:47:57]     VAL PASS  USD_RUB            inflation_emb_z  lag=  1  m6_ic=0.0509
[18:47:57]     VAL PASS  USD_RUB            inflation_emb_z  lag=  7  m6_ic=0.0921
[18:47:57]     VAL PASS  USD_RUB            inflation_emb_z  lag= 30  m6_ic=0.0370
[18:47:57]     VAL PASS  USD_RUB            banking_emb_z    lag=  1  m6_ic=0.0343
[18:47:58]     VAL PASS  USD_RUB            gold_emb_z       lag=  1  m6_ic=0.0917
[18:47:58]     VAL PASS  USD_RUB            gold_emb_z       lag= 30  m6_ic=0.0586
[18:47:59]     VAL PASS  EUR_RUB            rate_emb_z       lag=  1  m6_ic=0.0935
[18:47:59]     VAL PASS  EUR_RUB            rate_emb_z       lag=  7  m6_ic=0.0575
[18:47:59]     VAL PASS  EUR_RUB            ruble_emb_z      lag= 14  m6_ic=0.0617
[18:48:00]     VAL PASS  EUR_RUB            ruble_emb_z      lag= 30  m6_ic=0.0522
[18:48:00]     VAL PASS  EUR_RUB            sanctions_emb_z  lag=  7  m6_ic=0.0575
[18:48:00]     VAL PASS  EUR_RUB            inflation_emb_z  lag=  1  m6_ic=0.0509
[18:48:01]     VAL PASS  EUR_RUB            inflation_emb_z  lag=  7  m6_ic=0.0921
[18:48:01]     VAL PASS  EUR_RUB            inflation_emb_z  lag= 30  m6_ic=0.0370
[18:48:01]     VAL PASS  EUR_RUB            banking_emb_z    lag=  1  m6_ic=0.0343
[18:48:02]     VAL PASS  EUR_RUB            gold_emb_z       lag=  1  m6_ic=0.0917
[18:48:02]     VAL PASS  EUR_RUB            gold_emb_z       lag= 30  m6_ic=0.0586
[18:48:02]     VAL PASS  DJ_SOUTH_AFRICA    oil_emb_z        lag=  1  m6_ic=0.0576
[18:48:03]     VAL PASS  DJ_SOUTH_AFRICA    oil_emb_z        lag= 30  m6_ic=0.1367
[18:48:03]     VAL PASS  DJ_SOUTH_AFRICA    rate_emb_z       lag= 14  m6_ic=0.0339
[18:48:03]     VAL PASS  DJ_SOUTH_AFRICA    rate_emb_z       lag= 30  m6_ic=0.0896
[18:48:03]     VAL PASS  DJ_SOUTH_AFRICA    sanctions_emb_z  lag=  7  m6_ic=0.0498
[18:48:04]     VAL PASS  DJ_SOUTH_AFRICA    inflation_emb_z  lag= 30  m6_ic=0.0759
[18:48:05]     VAL PASS  MSCI_WORLD         oil_emb_z        lag=  1  m6_ic=0.0462
[18:48:05]     VAL PASS  MSCI_WORLD         oil_emb_z        lag=  7  m6_ic=0.0908
[18:48:06]     VAL PASS  MSCI_WORLD         ruble_emb_z      lag= 14  m6_ic=0.0440
[18:48:06]     VAL PASS  MSCI_WORLD         ruble_emb_z      lag= 30  m6_ic=0.0365
[18:48:06]     VAL PASS  MSCI_WORLD         sanctions_emb_z  lag=  1  m6_ic=0.0409
[18:48:06]     VAL PASS  MSCI_WORLD         sanctions_emb_z  lag=  7  m6_ic=0.0357
[18:48:06]     VAL PASS  MSCI_WORLD         sanctions_emb_z  lag= 14  m6_ic=0.0331
[18:48:07]     VAL PASS  MSCI_WORLD         inflation_emb_z  lag= 14  m6_ic=0.0352
[18:48:07]     VAL PASS  MSCI_WORLD         banking_emb_z    lag=  7  m6_ic=0.0640
[18:48:07]     VAL PASS  MSCI_WORLD         banking_emb_z    lag= 14  m6_ic=0.1243
[18:48:08]     VAL PASS  DXY                oil_emb_z        lag=  1  m6_ic=0.0635
[18:48:08]     VAL PASS  DXY                oil_emb_z        lag=  7  m6_ic=0.1685
[18:48:08]     VAL PASS  DXY                oil_emb_z        lag= 14  m6_ic=0.0967
[18:48:08]     VAL PASS  DXY                rate_emb_z       lag=  1  m6_ic=0.0553
[18:48:09]     VAL PASS  DXY                ruble_emb_z      lag= 30  m6_ic=0.0502
[18:48:09]     VAL PASS  DXY                sanctions_emb_z  lag=  7  m6_ic=0.0833
[18:48:10]     VAL PASS  DXY                inflation_emb_z  lag=  1  m6_ic=0.0556
[18:48:10]     VAL PASS  DXY                inflation_emb_z  lag=  7  m6_ic=0.0368
[18:48:10]     VAL PASS  DXY                inflation_emb_z  lag= 14  m6_ic=0.0940
[18:48:11]     VAL PASS  DXY                inflation_emb_z  lag= 30  m6_ic=0.0626
[18:48:11]     VAL PASS  DXY                banking_emb_z    lag=  1  m6_ic=0.0705
[18:48:11]     VAL PASS  DXY                banking_emb_z    lag= 14  m6_ic=0.0573
[18:48:11]     VAL PASS  DXY                banking_emb_z    lag= 30  m6_ic=0.0425
[18:48:11]     VAL PASS  DXY                gold_emb_z       lag=  7  m6_ic=0.0819
[18:48:12]     VAL PASS  DXY                gold_emb_z       lag= 30  m6_ic=0.0566
[18:48:12]     VAL PASS  BRENT              oil_emb_z        lag=  1  m6_ic=0.0304
[18:48:12]     VAL PASS  BRENT              rate_emb_z       lag=  1  m6_ic=0.1163
[18:48:12]     VAL PASS  BRENT              rate_emb_z       lag=  7  m6_ic=0.0563
[18:48:12]     VAL PASS  BRENT              rate_emb_z       lag= 14  m6_ic=0.1027
[18:48:13]     VAL PASS  BRENT              rate_emb_z       lag= 30  m6_ic=0.0734
[18:48:13]     VAL PASS  BRENT              ruble_emb_z      lag=  7  m6_ic=0.0777
[18:48:13]     VAL PASS  BRENT              ruble_emb_z      lag= 14  m6_ic=0.0332
[18:48:14]     VAL PASS  BRENT              sanctions_emb_z  lag= 30  m6_ic=0.0513
[18:48:14]     VAL PASS  BRENT              inflation_emb_z  lag=  7  m6_ic=0.0633
[18:48:14]     VAL PASS  BRENT              inflation_emb_z  lag= 14  m6_ic=0.0515
[18:48:14]     VAL PASS  BRENT              inflation_emb_z  lag= 30  m6_ic=0.0483
[18:48:15]     VAL PASS  BRENT              gold_emb_z       lag=  1  m6_ic=0.0553
[18:48:15]     VAL PASS  BRENT              gold_emb_z       lag= 30  m6_ic=0.0526
[18:48:15]     VAL PASS  MSCI_INDIA         oil_emb_z        lag=  1  m6_ic=0.0567
[18:48:15]     VAL PASS  MSCI_INDIA         oil_emb_z        lag=  7  m6_ic=0.0505
[18:48:15]     VAL PASS  MSCI_INDIA         oil_emb_z        lag= 30  m6_ic=0.0644
[18:48:16]     VAL PASS  MSCI_INDIA         rate_emb_z       lag=  1  m6_ic=0.0332
[18:48:16]     VAL PASS  MSCI_INDIA         rate_emb_z       lag=  7  m6_ic=0.0467
[18:48:16]     VAL PASS  MSCI_INDIA         ruble_emb_z      lag=  1  m6_ic=0.0347
[18:48:16]     VAL PASS  MSCI_INDIA         ruble_emb_z      lag=  7  m6_ic=0.0358
[18:48:16]     VAL PASS  MSCI_INDIA         ruble_emb_z      lag= 30  m6_ic=0.0606
[18:48:17]     VAL PASS  MSCI_INDIA         inflation_emb_z  lag= 14  m6_ic=0.0461
[18:48:17]     VAL PASS  MSCI_INDIA         banking_emb_z    lag= 30  m6_ic=0.1817
[18:48:18]     VAL PASS  MSCI_INDIA         gold_emb_z       lag=  7  m6_ic=0.0711
[18:48:18]     VAL PASS  MSCI_INDIA         gold_emb_z       lag= 30  m6_ic=0.0423
[18:48:18]     VAL PASS  CHINA_H_SHARES     oil_emb_z        lag=  1  m6_ic=0.1001
[18:48:18]     VAL PASS  CHINA_H_SHARES     oil_emb_z        lag= 30  m6_ic=0.1111
[18:48:18]     VAL PASS  CHINA_H_SHARES     rate_emb_z       lag= 14  m6_ic=0.0510
[18:48:19]     VAL PASS  CHINA_H_SHARES     rate_emb_z       lag= 30  m6_ic=0.0523
[18:48:19]     VAL PASS  CHINA_H_SHARES     ruble_emb_z      lag= 14  m6_ic=0.1738
[18:48:20]     VAL PASS  CHINA_H_SHARES     sanctions_emb_z  lag=  1  m6_ic=0.0895
[18:48:20]     VAL PASS  CHINA_H_SHARES     sanctions_emb_z  lag=  7  m6_ic=0.0478
[18:48:20]     VAL PASS  CHINA_H_SHARES     sanctions_emb_z  lag= 30  m6_ic=0.0432
[18:48:20]     VAL PASS  CHINA_H_SHARES     inflation_emb_z  lag=  7  m6_ic=0.0842
[18:48:21]     VAL PASS  CHINA_H_SHARES     inflation_emb_z  lag= 14  m6_ic=0.0570
[18:48:22]     VAL PASS  CHINA_H_SHARES     gold_emb_z       lag=  7  m6_ic=0.1068
[18:48:22]     VAL PASS  FTSE_CHINA_50      oil_emb_z        lag=  1  m6_ic=0.0347
[18:48:22]     VAL PASS  FTSE_CHINA_50      rate_emb_z       lag=  7  m6_ic=0.0332
[18:48:22]     VAL PASS  FTSE_CHINA_50      rate_emb_z       lag= 30  m6_ic=0.1051
[18:48:23]     VAL PASS  FTSE_CHINA_50      ruble_emb_z      lag=  1  m6_ic=0.0499
[18:48:23]     VAL PASS  FTSE_CHINA_50      ruble_emb_z      lag= 14  m6_ic=0.0690
[18:48:23]     VAL PASS  FTSE_CHINA_50      ruble_emb_z      lag= 30  m6_ic=0.1288
[18:48:23]     VAL PASS  FTSE_CHINA_50      sanctions_emb_z  lag=  1  m6_ic=0.0728
[18:48:24]     VAL PASS  FTSE_CHINA_50      sanctions_emb_z  lag=  7  m6_ic=0.0415
[18:48:24]     VAL PASS  FTSE_CHINA_50      sanctions_emb_z  lag= 30  m6_ic=0.0469
[18:48:24]     VAL PASS  FTSE_CHINA_50      inflation_emb_z  lag=  7  m6_ic=0.0714
[18:48:24]     VAL PASS  FTSE_CHINA_50      inflation_emb_z  lag= 30  m6_ic=0.0422
[18:48:25]     VAL PASS  FTSE_CHINA_50      banking_emb_z    lag=  7  m6_ic=0.0385
[18:48:25]     VAL PASS  FTSE_CHINA_50      gold_emb_z       lag=  7  m6_ic=0.0346
[18:48:25]     VAL PASS  GOLD               oil_emb_z        lag= 30  m6_ic=0.1184
[18:48:26]     VAL PASS  GOLD               rate_emb_z       lag=  1  m6_ic=0.1016
[18:48:26]     VAL PASS  GOLD               rate_emb_z       lag= 14  m6_ic=0.0620
[18:48:26]     VAL PASS  GOLD               rate_emb_z       lag= 30  m6_ic=0.1201
[18:48:26]     VAL PASS  GOLD               ruble_emb_z      lag=  7  m6_ic=0.1107
[18:48:27]     VAL PASS  GOLD               ruble_emb_z      lag= 30  m6_ic=0.0372
[18:48:27]     VAL PASS  GOLD               sanctions_emb_z  lag= 30  m6_ic=0.0509
[18:48:27]     VAL PASS  GOLD               inflation_emb_z  lag=  1  m6_ic=0.1358
[18:48:28]     VAL PASS  GOLD               banking_emb_z    lag=  1  m6_ic=0.0501
[18:48:28]     VAL PASS  GOLD               banking_emb_z    lag= 14  m6_ic=0.0452
[18:48:28]     VAL PASS  GOLD               gold_emb_z       lag=  1  m6_ic=0.0508
[18:48:29]     VAL PASS  SILVER             oil_emb_z        lag=  1  m6_ic=0.0944
[18:48:29]     VAL PASS  SILVER             oil_emb_z        lag=  7  m6_ic=0.1289
[18:48:29]     VAL PASS  SILVER             rate_emb_z       lag=  1  m6_ic=0.0865
[18:48:30]     VAL PASS  SILVER             rate_emb_z       lag= 30  m6_ic=0.0674
[18:48:30]     VAL PASS  SILVER             ruble_emb_z      lag=  7  m6_ic=0.0392
[18:48:30]     VAL PASS  SILVER             ruble_emb_z      lag= 30  m6_ic=0.0486
[18:48:31]     VAL PASS  SILVER             sanctions_emb_z  lag= 14  m6_ic=0.0804
[18:48:31]     VAL PASS  SILVER             sanctions_emb_z  lag= 30  m6_ic=0.0535
[18:48:31]     VAL PASS  SILVER             inflation_emb_z  lag=  1  m6_ic=0.0496
[18:48:31]     VAL PASS  SILVER             inflation_emb_z  lag= 14  m6_ic=0.0556
[18:48:31]     VAL PASS  SILVER             inflation_emb_z  lag= 30  m6_ic=0.0598
[18:48:32]     VAL PASS  SILVER             gold_emb_z       lag= 14  m6_ic=0.1416
[18:48:32]     VAL PASS  IMOEX              oil_emb_z        lag=  7  m6_ic=0.0446
[18:48:33]     VAL PASS  IMOEX              rate_emb_z       lag= 14  m6_ic=0.1515
[18:48:33]     VAL PASS  IMOEX              rate_emb_z       lag= 30  m6_ic=0.1019
[18:48:33]     VAL PASS  IMOEX              ruble_emb_z      lag= 14  m6_ic=0.1229
[18:48:33]     VAL PASS  IMOEX              ruble_emb_z      lag= 30  m6_ic=0.1410
[18:48:34]     VAL PASS  IMOEX              sanctions_emb_z  lag=  7  m6_ic=0.0502
[18:48:34]     VAL PASS  IMOEX              sanctions_emb_z  lag= 14  m6_ic=0.1057
[18:48:34]     VAL PASS  IMOEX              sanctions_emb_z  lag= 30  m6_ic=0.0640
[18:48:34]     VAL PASS  IMOEX              inflation_emb_z  lag=  1  m6_ic=0.1056
[18:48:35]     VAL PASS  IMOEX              inflation_emb_z  lag=  7  m6_ic=0.0840
[18:48:35]     VAL PASS  IMOEX              inflation_emb_z  lag= 30  m6_ic=0.0374
[18:48:36]     VAL PASS  MOEXFN             rate_emb_z       lag= 14  m6_ic=0.1772
[18:48:36]     VAL PASS  MOEXFN             ruble_emb_z      lag=  1  m6_ic=0.0796
[18:48:36]     VAL PASS  MOEXFN             ruble_emb_z      lag= 14  m6_ic=0.1199
[18:48:36]     VAL PASS  MOEXFN             ruble_emb_z      lag= 30  m6_ic=0.1240
[18:48:36]     VAL PASS  MOEXFN             sanctions_emb_z  lag= 30  m6_ic=0.0366
[18:48:37]     VAL PASS  MOEXFN             inflation_emb_z  lag=  7  m6_ic=0.1169
[18:48:37]     VAL PASS  MOEXFN             inflation_emb_z  lag= 30  m6_ic=0.0446
[18:48:37]     VAL PASS  MOEXFN             banking_emb_z    lag= 30  m6_ic=0.0792
[18:48:38]     VAL PASS  MOEXOG             oil_emb_z        lag=  1  m6_ic=0.0416
[18:48:38]     VAL PASS  MOEXOG             oil_emb_z        lag=  7  m6_ic=0.0706
[18:48:38]     VAL PASS  MOEXOG             oil_emb_z        lag= 14  m6_ic=0.0718
[18:48:38]     VAL PASS  MOEXOG             oil_emb_z        lag= 30  m6_ic=0.0664
[18:48:38]     VAL PASS  MOEXOG             rate_emb_z       lag=  7  m6_ic=0.0349
[18:48:39]     VAL PASS  MOEXOG             rate_emb_z       lag= 14  m6_ic=0.1417
[18:48:39]     VAL PASS  MOEXOG             rate_emb_z       lag= 30  m6_ic=0.0866
[18:48:39]     VAL PASS  MOEXOG             ruble_emb_z      lag= 14  m6_ic=0.0964
[18:48:39]     VAL PASS  MOEXOG             ruble_emb_z      lag= 30  m6_ic=0.1103
[18:48:40]     VAL PASS  MOEXOG             inflation_emb_z  lag=  1  m6_ic=0.1491
[18:48:40]     VAL PASS  MOEXOG             inflation_emb_z  lag=  7  m6_ic=0.0409
[18:48:40]     VAL PASS  MOEXOG             inflation_emb_z  lag= 30  m6_ic=0.0399
[18:48:40]     VAL PASS  MOEXOG             banking_emb_z    lag= 30  m6_ic=0.0722
[18:48:41]     VAL PASS  MOEXOG             gold_emb_z       lag=  1  m6_ic=0.0892
[18:48:41]     VAL PASS  MOEXOG             gold_emb_z       lag= 14  m6_ic=0.0572
[18:48:41]     VAL PASS  MOEXOG             gold_emb_z       lag= 30  m6_ic=0.1562
[18:48:41]     VAL PASS  MOEX10             oil_emb_z        lag= 14  m6_ic=0.0816
[18:48:42]     VAL PASS  MOEX10             oil_emb_z        lag= 30  m6_ic=0.0310
[18:48:42]     VAL PASS  MOEX10             rate_emb_z       lag= 14  m6_ic=0.1497
[18:48:42]     VAL PASS  MOEX10             ruble_emb_z      lag=  1  m6_ic=0.0487
[18:48:42]     VAL PASS  MOEX10             ruble_emb_z      lag= 30  m6_ic=0.1278
[18:48:42]     VAL PASS  MOEX10             sanctions_emb_z  lag= 14  m6_ic=0.1211
[18:48:43]     VAL PASS  MOEX10             inflation_emb_z  lag=  1  m6_ic=0.1071
[18:48:43]     VAL PASS  MOEX10             inflation_emb_z  lag=  7  m6_ic=0.0961
[18:48:43]     VAL PASS  MOEX10             inflation_emb_z  lag= 14  m6_ic=0.0450
[18:48:43]     VAL PASS  MOEX10             banking_emb_z    lag= 14  m6_ic=0.0410
[18:48:43]     VAL PASS  MOEX10             banking_emb_z    lag= 30  m6_ic=0.0736
[18:48:44]     VAL PASS  MOEX10             gold_emb_z       lag= 30  m6_ic=0.0702
[18:48:44]     Val: 185/260 held
[18:48:44]   → train=260  val=185  max_ic=0.1514
[18:48:44] 
============================================================
[18:48:44] FINAL REPORT
[18:48:44] ============================================================
[18:48:45] Report: C:\project\signal_mind\analytics\phase_b\night_search\night_report_20260521_181814.md
[18:48:45] Hits CSV: C:\project\signal_mind\analytics\phase_b\night_search\night_hits_20260521_181814.csv
[18:48:45] 
  [14/15] sweep_embedding_z90_abs_return  budget=225min  ic_gate=0.03  ens=M6_only
[18:48:45]   Config: sweep_embedding_z90_abs_return
[18:48:45]     feature=embedding_z90  target=abs_return  ensemble=M6_only  ic_min=0.03
[18:48:45]   HIT  SP500              oil_emb_z        lag=  1 m5_p=0.7065  m6_ic=0.0758
[18:48:45]   HIT  SP500              oil_emb_z        lag=  7 m5_p=0.8172  m6_ic=0.0393
[18:48:45]   HIT  SP500              oil_emb_z        lag= 14 m5_p=0.0828  m6_ic=0.0797
[18:48:46]   HIT  SP500              oil_emb_z        lag= 30 m5_p=0.4790  m6_ic=0.0367
[18:48:46]   HIT  SP500              rate_emb_z       lag= 14 m5_p=0.3951  m6_ic=0.0349
[18:48:47]   HIT  SP500              rate_emb_z       lag= 30 m5_p=0.3930  m6_ic=0.0493
[18:48:47]   HIT  SP500              ruble_emb_z      lag=  1 m5_p=0.0528  m6_ic=0.0345
[18:48:47]   HIT  SP500              ruble_emb_z      lag=  7 m5_p=0.2303  m6_ic=0.0322
[18:48:47]   HIT  SP500              ruble_emb_z      lag= 30 m5_p=0.1561  m6_ic=0.0656
[18:48:48]   HIT  SP500              sanctions_emb_z  lag=  7 m5_p=0.0507  m6_ic=0.0406
[18:48:48]   HIT  SP500              sanctions_emb_z  lag= 14 m5_p=0.7268  m6_ic=0.0771
[18:48:48]   HIT  SP500              sanctions_emb_z  lag= 30 m5_p=0.3147  m6_ic=0.0317
[18:48:48]   HIT  SP500              inflation_emb_z  lag=  1 m5_p=0.6456  m6_ic=0.0562
[18:48:49]   HIT  SP500              inflation_emb_z  lag= 14 m5_p=0.2256  m6_ic=0.0719
[18:48:50]   HIT  SP500              gold_emb_z       lag=  1 m5_p=0.7799  m6_ic=0.0570
[18:48:51]   HIT  SP500              gold_emb_z       lag= 14 m5_p=0.3237  m6_ic=0.0434
[18:48:51]   HIT  SP500              gold_emb_z       lag= 30 m5_p=0.7182  m6_ic=0.0535
[18:48:52]   HIT  USD_RUB            rate_emb_z       lag=  1 m5_p=0.1612  m6_ic=0.0426
[18:48:52]   HIT  USD_RUB            rate_emb_z       lag=  7 m5_p=0.0977  m6_ic=0.0986
[18:48:52]   HIT  USD_RUB            rate_emb_z       lag= 14 m5_p=0.0392  m6_ic=0.0645
[18:48:53]   HIT  USD_RUB            ruble_emb_z      lag=  1 m5_p=0.1687  m6_ic=0.0304
[18:48:53]   HIT  USD_RUB            ruble_emb_z      lag= 14 m5_p=0.1574  m6_ic=0.0438
[18:48:53]   HIT  USD_RUB            ruble_emb_z      lag= 30 m5_p=0.7797  m6_ic=0.0355
[18:48:54]   HIT  USD_RUB            sanctions_emb_z  lag=  7 m5_p=0.8898  m6_ic=0.0510
[18:48:54]   HIT  USD_RUB            sanctions_emb_z  lag= 30 m5_p=0.4128  m6_ic=0.0490
[18:48:54]   HIT  USD_RUB            inflation_emb_z  lag=  1 m5_p=0.0553  m6_ic=0.0413
[18:48:54]   HIT  USD_RUB            inflation_emb_z  lag=  7 m5_p=0.7697  m6_ic=0.0331
[18:48:55]   HIT  USD_RUB            inflation_emb_z  lag= 14 m5_p=0.8057  m6_ic=0.0337
[18:48:55]   HIT  USD_RUB            inflation_emb_z  lag= 30 m5_p=0.5802  m6_ic=0.0884
[18:48:55]   HIT  USD_RUB            banking_emb_z    lag=  1 m5_p=0.9126  m6_ic=0.0434
[18:48:55]   HIT  USD_RUB            banking_emb_z    lag=  7 m5_p=0.6943  m6_ic=0.1137
[18:48:55]   HIT  USD_RUB            banking_emb_z    lag= 14 m5_p=0.8123  m6_ic=0.0337
[18:48:56]   HIT  USD_RUB            gold_emb_z       lag=  1 m5_p=0.5974  m6_ic=0.0501
[18:48:56]   HIT  USD_RUB            gold_emb_z       lag=  7 m5_p=0.7851  m6_ic=0.1043
[18:48:56]   HIT  USD_RUB            gold_emb_z       lag= 30 m5_p=0.2632  m6_ic=0.0432
[18:48:57]   HIT  EUR_RUB            rate_emb_z       lag=  1 m5_p=0.1612  m6_ic=0.0426
[18:48:58]   HIT  EUR_RUB            rate_emb_z       lag=  7 m5_p=0.0977  m6_ic=0.0986
[18:48:58]   HIT  EUR_RUB            rate_emb_z       lag= 14 m5_p=0.0392  m6_ic=0.0645
[18:48:58]   HIT  EUR_RUB            ruble_emb_z      lag=  1 m5_p=0.1687  m6_ic=0.0304
[18:48:59]   HIT  EUR_RUB            ruble_emb_z      lag= 14 m5_p=0.1574  m6_ic=0.0438
[18:48:59]   HIT  EUR_RUB            ruble_emb_z      lag= 30 m5_p=0.7797  m6_ic=0.0355
[18:48:59]   HIT  EUR_RUB            sanctions_emb_z  lag=  7 m5_p=0.8898  m6_ic=0.0510
[18:49:00]   HIT  EUR_RUB            sanctions_emb_z  lag= 30 m5_p=0.4128  m6_ic=0.0490
[18:49:00]   HIT  EUR_RUB            inflation_emb_z  lag=  1 m5_p=0.0553  m6_ic=0.0413
[18:49:00]   HIT  EUR_RUB            inflation_emb_z  lag=  7 m5_p=0.7697  m6_ic=0.0331
[18:49:00]   HIT  EUR_RUB            inflation_emb_z  lag= 14 m5_p=0.8057  m6_ic=0.0337
[18:49:01]   HIT  EUR_RUB            inflation_emb_z  lag= 30 m5_p=0.5802  m6_ic=0.0884
[18:49:01]   HIT  EUR_RUB            banking_emb_z    lag=  1 m5_p=0.9126  m6_ic=0.0434
[18:49:01]   HIT  EUR_RUB            banking_emb_z    lag=  7 m5_p=0.6943  m6_ic=0.1137
[18:49:01]   HIT  EUR_RUB            banking_emb_z    lag= 14 m5_p=0.8123  m6_ic=0.0337
[18:49:02]   HIT  EUR_RUB            gold_emb_z       lag=  1 m5_p=0.5974  m6_ic=0.0501
[18:49:02]   HIT  EUR_RUB            gold_emb_z       lag=  7 m5_p=0.7851  m6_ic=0.1043
[18:49:02]   HIT  EUR_RUB            gold_emb_z       lag= 30 m5_p=0.2632  m6_ic=0.0432
[18:49:02]   HIT  DJ_SOUTH_AFRICA    oil_emb_z        lag=  1 m5_p=0.8221  m6_ic=0.1124
[18:49:03]   HIT  DJ_SOUTH_AFRICA    oil_emb_z        lag= 30 m5_p=0.6389  m6_ic=0.1014
[18:49:03]   HIT  DJ_SOUTH_AFRICA    rate_emb_z       lag= 14 m5_p=0.5234  m6_ic=0.0418
[18:49:04]   HIT  DJ_SOUTH_AFRICA    rate_emb_z       lag= 30 m5_p=0.3592  m6_ic=0.0611
[18:49:05]   HIT  DJ_SOUTH_AFRICA    sanctions_emb_z  lag=  7 m5_p=0.0434  m6_ic=0.0670
[18:49:06]   HIT  DJ_SOUTH_AFRICA    inflation_emb_z  lag=  1 m5_p=0.3201  m6_ic=0.0449
[18:49:06]   HIT  DJ_SOUTH_AFRICA    inflation_emb_z  lag= 30 m5_p=0.8809  m6_ic=0.0922
[18:49:06]   HIT  DJ_SOUTH_AFRICA    banking_emb_z    lag=  1 m5_p=0.3918  m6_ic=0.0604
[18:49:07]   HIT  DJ_SOUTH_AFRICA    banking_emb_z    lag= 14 m5_p=0.5033  m6_ic=0.0547
[18:49:07]   HIT  DJ_SOUTH_AFRICA    banking_emb_z    lag= 30 m5_p=0.6983  m6_ic=0.0314
[18:49:07]   HIT  DJ_SOUTH_AFRICA    gold_emb_z       lag=  7 m5_p=0.2064  m6_ic=0.0798
[18:49:08]   HIT  MSCI_WORLD         oil_emb_z        lag=  1 m5_p=0.2689  m6_ic=0.1514
[18:49:08]   HIT  MSCI_WORLD         oil_emb_z        lag=  7 m5_p=0.2210  m6_ic=0.0657
[18:49:09]   HIT  MSCI_WORLD         rate_emb_z       lag=  7 m5_p=0.1228  m6_ic=0.0539
[18:49:09]   HIT  MSCI_WORLD         rate_emb_z       lag= 14 m5_p=0.1286  m6_ic=0.0381
[18:49:10]   HIT  MSCI_WORLD         ruble_emb_z      lag=  1 m5_p=0.1664  m6_ic=0.0711
[18:49:10]   HIT  MSCI_WORLD         ruble_emb_z      lag= 14 m5_p=0.9920  m6_ic=0.0324
[18:49:10]   HIT  MSCI_WORLD         ruble_emb_z      lag= 30 m5_p=0.4841  m6_ic=0.0353
[18:49:10]   HIT  MSCI_WORLD         sanctions_emb_z  lag=  1 m5_p=0.5408  m6_ic=0.0361
[18:49:11]   HIT  MSCI_WORLD         sanctions_emb_z  lag=  7 m5_p=0.5700  m6_ic=0.0598
[18:49:11]   HIT  MSCI_WORLD         sanctions_emb_z  lag= 14 m5_p=0.9735  m6_ic=0.0894
[18:49:11]   HIT  MSCI_WORLD         inflation_emb_z  lag=  7 m5_p=0.8886  m6_ic=0.0742
[18:49:12]   HIT  MSCI_WORLD         inflation_emb_z  lag= 14 m5_p=0.7276  m6_ic=0.0477
[18:49:12]   HIT  MSCI_WORLD         inflation_emb_z  lag= 30 m5_p=0.9393  m6_ic=0.0709
[18:49:12]   HIT  MSCI_WORLD         banking_emb_z    lag=  7 m5_p=0.6228  m6_ic=0.0597
[18:49:12]   HIT  MSCI_WORLD         banking_emb_z    lag= 14 m5_p=0.1712  m6_ic=0.0603
[18:49:13]   HIT  MSCI_WORLD         gold_emb_z       lag=  1 m5_p=0.6457  m6_ic=0.0383
[18:49:14]   HIT  DXY                oil_emb_z        lag=  1 m5_p=0.4736  m6_ic=0.0546
[18:49:14]   HIT  DXY                oil_emb_z        lag=  7 m5_p=0.4423  m6_ic=0.0927
[18:49:14]   HIT  DXY                oil_emb_z        lag= 14 m5_p=0.6408  m6_ic=0.0967
[18:49:14]   HIT  DXY                rate_emb_z       lag=  1 m5_p=0.8266  m6_ic=0.0799
[18:49:15]   HIT  DXY                rate_emb_z       lag= 14 m5_p=0.0288  m6_ic=0.0476
[18:49:15]   HIT  DXY                rate_emb_z       lag= 30 m5_p=0.3048  m6_ic=0.1179
[18:49:16]   HIT  DXY                ruble_emb_z      lag= 14 m5_p=0.8457  m6_ic=0.0645
[18:49:16]   HIT  DXY                ruble_emb_z      lag= 30 m5_p=0.5505  m6_ic=0.0900
[18:49:16]   HIT  DXY                sanctions_emb_z  lag=  7 m5_p=0.7069  m6_ic=0.0317
[18:49:16]   HIT  DXY                sanctions_emb_z  lag= 14 m5_p=0.4139  m6_ic=0.0336
[18:49:17]   HIT  DXY                sanctions_emb_z  lag= 30 m5_p=0.7200  m6_ic=0.0340
[18:49:17]   HIT  DXY                inflation_emb_z  lag=  1 m5_p=0.4382  m6_ic=0.0632
[18:49:17]   HIT  DXY                inflation_emb_z  lag=  7 m5_p=0.2982  m6_ic=0.0526
[18:49:17]   HIT  DXY                inflation_emb_z  lag= 14 m5_p=0.3512  m6_ic=0.0762
[18:49:17]   HIT  DXY                inflation_emb_z  lag= 30 m5_p=0.9893  m6_ic=0.0311
[18:49:18]   HIT  DXY                banking_emb_z    lag=  1 m5_p=0.3739  m6_ic=0.0356
[18:49:18]   HIT  DXY                banking_emb_z    lag= 14 m5_p=0.5128  m6_ic=0.0831
[18:49:18]   HIT  DXY                banking_emb_z    lag= 30 m5_p=0.7877  m6_ic=0.0443
[18:49:19]   HIT  DXY                gold_emb_z       lag=  7 m5_p=0.9712  m6_ic=0.0320
[18:49:19]   HIT  DXY                gold_emb_z       lag= 30 m5_p=0.9228  m6_ic=0.0432
[18:49:19]   HIT  BRENT              oil_emb_z        lag=  1 m5_p=0.1011  m6_ic=0.0347
[18:49:20]   HIT  BRENT              rate_emb_z       lag=  1 m5_p=0.4142  m6_ic=0.0450
[18:49:20]   HIT  BRENT              rate_emb_z       lag=  7 m5_p=0.3267  m6_ic=0.0813
[18:49:20]   HIT  BRENT              rate_emb_z       lag= 14 m5_p=0.9474  m6_ic=0.0788
[18:49:21]   HIT  BRENT              rate_emb_z       lag= 30 m5_p=0.3689  m6_ic=0.0331
[18:49:21]   HIT  BRENT              ruble_emb_z      lag=  7 m5_p=0.1636  m6_ic=0.0421
[18:49:21]   HIT  BRENT              ruble_emb_z      lag= 14 m5_p=0.6055  m6_ic=0.0882
[18:49:22]   HIT  BRENT              sanctions_emb_z  lag=  7 m5_p=0.3355  m6_ic=0.0415
[18:49:22]   HIT  BRENT              sanctions_emb_z  lag= 30 m5_p=0.7604  m6_ic=0.1134
[18:49:23]   HIT  BRENT              inflation_emb_z  lag=  7 m5_p=0.1354  m6_ic=0.1402
[18:49:23]   HIT  BRENT              inflation_emb_z  lag= 14 m5_p=0.4514  m6_ic=0.0348
[18:49:23]   HIT  BRENT              inflation_emb_z  lag= 30 m5_p=0.4299  m6_ic=0.0383
[18:49:23]   HIT  BRENT              banking_emb_z    lag=  1 m5_p=0.8689  m6_ic=0.1221
[18:49:24]   HIT  BRENT              gold_emb_z       lag=  1 m5_p=0.6198  m6_ic=0.0328
[18:49:25]   HIT  BRENT              gold_emb_z       lag= 30 m5_p=0.3724  m6_ic=0.0887
[18:49:25]   HIT  MSCI_INDIA         oil_emb_z        lag=  1 m5_p=0.6784  m6_ic=0.0840
[18:49:25]   HIT  MSCI_INDIA         oil_emb_z        lag=  7 m5_p=0.0789  m6_ic=0.0701
[18:49:25]   HIT  MSCI_INDIA         oil_emb_z        lag= 30 m5_p=0.9424  m6_ic=0.0797
[18:49:26]   HIT  MSCI_INDIA         rate_emb_z       lag=  1 m5_p=0.1855  m6_ic=0.0719
[18:49:26]   HIT  MSCI_INDIA         rate_emb_z       lag=  7 m5_p=0.9259  m6_ic=0.0988
[18:49:26]   HIT  MSCI_INDIA         ruble_emb_z      lag=  1 m5_p=0.5372  m6_ic=0.0638
[18:49:27]   HIT  MSCI_INDIA         ruble_emb_z      lag=  7 m5_p=0.3100  m6_ic=0.0367
[18:49:27]   HIT  MSCI_INDIA         ruble_emb_z      lag= 30 m5_p=0.1705  m6_ic=0.0686
[18:49:27]   HIT  MSCI_INDIA         sanctions_emb_z  lag=  1 m5_p=0.5988  m6_ic=0.0495
[18:49:27]   HIT  MSCI_INDIA         sanctions_emb_z  lag=  7 m5_p=0.8932  m6_ic=0.0586
[18:49:28]   HIT  MSCI_INDIA         inflation_emb_z  lag= 14 m5_p=0.0209  m6_ic=0.0699
[18:49:29]   HIT  MSCI_INDIA         banking_emb_z    lag= 30 m5_p=0.9294  m6_ic=0.0577
[18:49:30]   HIT  MSCI_INDIA         gold_emb_z       lag=  1 m5_p=0.6979  m6_ic=0.0594
[18:49:30]   HIT  MSCI_INDIA         gold_emb_z       lag=  7 m5_p=0.5940  m6_ic=0.0545
[18:49:30]   HIT  MSCI_INDIA         gold_emb_z       lag= 30 m5_p=0.8681  m6_ic=0.0582
[18:49:30]   HIT  CHINA_H_SHARES     oil_emb_z        lag=  1 m5_p=0.9893  m6_ic=0.0724
[18:49:31]   HIT  CHINA_H_SHARES     oil_emb_z        lag= 30 m5_p=0.7057  m6_ic=0.0362
[18:49:32]   HIT  CHINA_H_SHARES     rate_emb_z       lag= 14 m5_p=0.0364  m6_ic=0.0403
[18:49:32]   HIT  CHINA_H_SHARES     rate_emb_z       lag= 30 m5_p=0.4860  m6_ic=0.0910
[18:49:32]   HIT  CHINA_H_SHARES     ruble_emb_z      lag=  1 m5_p=0.1288  m6_ic=0.0651
[18:49:32]   HIT  CHINA_H_SHARES     ruble_emb_z      lag=  7 m5_p=0.0258  m6_ic=0.0937
[18:49:32]   HIT  CHINA_H_SHARES     ruble_emb_z      lag= 14 m5_p=0.6639  m6_ic=0.0697
[18:49:33]   HIT  CHINA_H_SHARES     ruble_emb_z      lag= 30 m5_p=0.8530  m6_ic=0.0383
[18:49:33]   HIT  CHINA_H_SHARES     sanctions_emb_z  lag=  1 m5_p=0.4712  m6_ic=0.0567
[18:49:33]   HIT  CHINA_H_SHARES     sanctions_emb_z  lag=  7 m5_p=0.4604  m6_ic=0.0971
[18:49:34]   HIT  CHINA_H_SHARES     sanctions_emb_z  lag= 30 m5_p=0.9912  m6_ic=0.0599
[18:49:34]   HIT  CHINA_H_SHARES     inflation_emb_z  lag=  7 m5_p=0.9088  m6_ic=0.0790
[18:49:34]   HIT  CHINA_H_SHARES     inflation_emb_z  lag= 14 m5_p=0.0994  m6_ic=0.0681
[18:49:34]   HIT  CHINA_H_SHARES     inflation_emb_z  lag= 30 m5_p=0.6375  m6_ic=0.0694
[18:49:34]   HIT  CHINA_H_SHARES     banking_emb_z    lag=  1 m5_p=0.9391  m6_ic=0.0503
[18:49:35]   HIT  CHINA_H_SHARES     banking_emb_z    lag=  7 m5_p=0.8681  m6_ic=0.0387
[18:49:35]   HIT  CHINA_H_SHARES     banking_emb_z    lag= 14 m5_p=0.8741  m6_ic=0.1206
[18:49:35]   HIT  CHINA_H_SHARES     gold_emb_z       lag=  7 m5_p=0.9698  m6_ic=0.0383
[18:49:36]   HIT  FTSE_CHINA_50      oil_emb_z        lag=  1 m5_p=0.8491  m6_ic=0.0405
[18:49:37]   HIT  FTSE_CHINA_50      rate_emb_z       lag=  7 m5_p=0.7444  m6_ic=0.0365
[18:49:37]   HIT  FTSE_CHINA_50      rate_emb_z       lag= 14 m5_p=0.0357  m6_ic=0.0421
[18:49:38]   HIT  FTSE_CHINA_50      rate_emb_z       lag= 30 m5_p=0.3121  m6_ic=0.0740
[18:49:38]   HIT  FTSE_CHINA_50      ruble_emb_z      lag=  1 m5_p=0.0784  m6_ic=0.0809
[18:49:38]   HIT  FTSE_CHINA_50      ruble_emb_z      lag=  7 m5_p=0.0464  m6_ic=0.0841
[18:49:38]   HIT  FTSE_CHINA_50      ruble_emb_z      lag= 14 m5_p=0.6174  m6_ic=0.0732
[18:49:38]   HIT  FTSE_CHINA_50      ruble_emb_z      lag= 30 m5_p=0.8329  m6_ic=0.0443
[18:49:39]   HIT  FTSE_CHINA_50      sanctions_emb_z  lag=  1 m5_p=0.3410  m6_ic=0.0346
[18:49:39]   HIT  FTSE_CHINA_50      sanctions_emb_z  lag=  7 m5_p=0.5076  m6_ic=0.0943
[18:49:39]   HIT  FTSE_CHINA_50      sanctions_emb_z  lag= 30 m5_p=0.8105  m6_ic=0.0432
[18:49:40]   HIT  FTSE_CHINA_50      inflation_emb_z  lag=  7 m5_p=0.9227  m6_ic=0.0687
[18:49:40]   HIT  FTSE_CHINA_50      inflation_emb_z  lag= 14 m5_p=0.0992  m6_ic=0.0651
[18:49:40]   HIT  FTSE_CHINA_50      inflation_emb_z  lag= 30 m5_p=0.5427  m6_ic=0.0894
[18:49:40]   HIT  FTSE_CHINA_50      banking_emb_z    lag=  1 m5_p=0.9363  m6_ic=0.0318
[18:49:40]   HIT  FTSE_CHINA_50      banking_emb_z    lag=  7 m5_p=0.6325  m6_ic=0.0315
[18:49:41]   HIT  FTSE_CHINA_50      banking_emb_z    lag= 14 m5_p=0.7967  m6_ic=0.1036
[18:49:41]   HIT  FTSE_CHINA_50      gold_emb_z       lag=  7 m5_p=0.7251  m6_ic=0.0612
[18:49:42]   HIT  GOLD               oil_emb_z        lag= 14 m5_p=0.2620  m6_ic=0.0581
[18:49:42]   HIT  GOLD               oil_emb_z        lag= 30 m5_p=0.6483  m6_ic=0.0605
[18:49:42]   HIT  GOLD               rate_emb_z       lag=  1 m5_p=0.7457  m6_ic=0.0963
[18:49:43]   HIT  GOLD               rate_emb_z       lag= 14 m5_p=0.3958  m6_ic=0.0432
[18:49:43]   HIT  GOLD               rate_emb_z       lag= 30 m5_p=0.9518  m6_ic=0.1247
[18:49:43]   HIT  GOLD               ruble_emb_z      lag=  7 m5_p=0.1019  m6_ic=0.0459
[18:49:44]   HIT  GOLD               ruble_emb_z      lag= 14 m5_p=0.6285  m6_ic=0.0650
[18:49:44]   HIT  GOLD               ruble_emb_z      lag= 30 m5_p=0.9995  m6_ic=0.0908
[18:49:44]   HIT  GOLD               sanctions_emb_z  lag=  1 m5_p=0.6497  m6_ic=0.0709
[18:49:44]   HIT  GOLD               sanctions_emb_z  lag= 14 m5_p=0.2963  m6_ic=0.0583
[18:49:45]   HIT  GOLD               sanctions_emb_z  lag= 30 m5_p=0.9756  m6_ic=0.0771
[18:49:45]   HIT  GOLD               inflation_emb_z  lag=  1 m5_p=0.8350  m6_ic=0.1288
[18:49:45]   HIT  GOLD               inflation_emb_z  lag= 14 m5_p=0.7996  m6_ic=0.0665
[18:49:46]   HIT  GOLD               banking_emb_z    lag=  1 m5_p=0.1266  m6_ic=0.0524
[18:49:46]   HIT  GOLD               banking_emb_z    lag= 14 m5_p=0.4410  m6_ic=0.0481
[18:49:46]   HIT  GOLD               gold_emb_z       lag=  1 m5_p=0.6920  m6_ic=0.0673
[18:49:46]   HIT  GOLD               gold_emb_z       lag=  7 m5_p=0.5645  m6_ic=0.1370
[18:49:47]   HIT  GOLD               gold_emb_z       lag= 30 m5_p=0.4815  m6_ic=0.0461
[18:49:47]   HIT  SILVER             oil_emb_z        lag=  1 m5_p=0.6895  m6_ic=0.0366
[18:49:47]   HIT  SILVER             oil_emb_z        lag=  7 m5_p=0.4870  m6_ic=0.0364
[18:49:47]   HIT  SILVER             oil_emb_z        lag= 14 m5_p=0.9875  m6_ic=0.0543
[18:49:48]   HIT  SILVER             rate_emb_z       lag=  1 m5_p=0.7504  m6_ic=0.0501
[18:49:48]   HIT  SILVER             rate_emb_z       lag=  7 m5_p=0.1456  m6_ic=0.0333
[18:49:48]   HIT  SILVER             rate_emb_z       lag= 30 m5_p=0.7659  m6_ic=0.0507
[18:49:48]   HIT  SILVER             ruble_emb_z      lag=  1 m5_p=0.4948  m6_ic=0.0589
[18:49:49]   HIT  SILVER             ruble_emb_z      lag=  7 m5_p=0.4274  m6_ic=0.1058
[18:49:49]   HIT  SILVER             ruble_emb_z      lag= 14 m5_p=0.4557  m6_ic=0.0451
[18:49:49]   HIT  SILVER             ruble_emb_z      lag= 30 m5_p=0.9529  m6_ic=0.0911
[18:49:49]   HIT  SILVER             sanctions_emb_z  lag=  1 m5_p=0.8650  m6_ic=0.0795
[18:49:50]   HIT  SILVER             sanctions_emb_z  lag= 14 m5_p=0.6519  m6_ic=0.0563
[18:49:50]   HIT  SILVER             sanctions_emb_z  lag= 30 m5_p=0.2999  m6_ic=0.0628
[18:49:50]   HIT  SILVER             inflation_emb_z  lag=  1 m5_p=0.5365  m6_ic=0.0332
[18:49:50]   HIT  SILVER             inflation_emb_z  lag= 14 m5_p=0.4693  m6_ic=0.0385
[18:49:51]   HIT  SILVER             inflation_emb_z  lag= 30 m5_p=0.3962  m6_ic=0.0404
[18:49:52]   HIT  SILVER             gold_emb_z       lag=  1 m5_p=0.7854  m6_ic=0.0433
[18:49:52]   HIT  SILVER             gold_emb_z       lag=  7 m5_p=0.2833  m6_ic=0.0583
[18:49:52]   HIT  SILVER             gold_emb_z       lag= 14 m5_p=0.9673  m6_ic=0.0550
[18:49:53]   HIT  IMOEX              oil_emb_z        lag=  7 m5_p=0.0775  m6_ic=0.0426
[18:49:53]   HIT  IMOEX              rate_emb_z       lag=  7 m5_p=0.2090  m6_ic=0.0853
[18:49:54]   HIT  IMOEX              rate_emb_z       lag= 14 m5_p=0.4143  m6_ic=0.0941
[18:49:54]   HIT  IMOEX              rate_emb_z       lag= 30 m5_p=0.6379  m6_ic=0.0740
[18:49:54]   HIT  IMOEX              ruble_emb_z      lag=  7 m5_p=0.8983  m6_ic=0.0365
[18:49:54]   HIT  IMOEX              ruble_emb_z      lag= 14 m5_p=0.5601  m6_ic=0.0870
[18:49:55]   HIT  IMOEX              ruble_emb_z      lag= 30 m5_p=0.4858  m6_ic=0.1052
[18:49:55]   HIT  IMOEX              sanctions_emb_z  lag=  1 m5_p=0.8655  m6_ic=0.0635
[18:49:55]   HIT  IMOEX              sanctions_emb_z  lag=  7 m5_p=0.1284  m6_ic=0.0402
[18:49:55]   HIT  IMOEX              sanctions_emb_z  lag= 14 m5_p=0.3439  m6_ic=0.0984
[18:49:55]   HIT  IMOEX              sanctions_emb_z  lag= 30 m5_p=0.2528  m6_ic=0.0877
[18:49:56]   HIT  IMOEX              inflation_emb_z  lag=  1 m5_p=0.2269  m6_ic=0.0885
[18:49:56]   HIT  IMOEX              inflation_emb_z  lag=  7 m5_p=0.4770  m6_ic=0.0760
[18:49:56]   HIT  IMOEX              inflation_emb_z  lag= 30 m5_p=0.2827  m6_ic=0.0794
[18:49:57]   HIT  IMOEX              banking_emb_z    lag=  7 m5_p=0.4350  m6_ic=0.0478
[18:49:58]   HIT  MOEXFN             oil_emb_z        lag=  7 m5_p=0.1384  m6_ic=0.0418
[18:49:59]   HIT  MOEXFN             oil_emb_z        lag= 30 m5_p=0.3234  m6_ic=0.1036
[18:49:59]   HIT  MOEXFN             rate_emb_z       lag= 14 m5_p=0.1283  m6_ic=0.0745
[18:49:59]   HIT  MOEXFN             ruble_emb_z      lag=  1 m5_p=0.1970  m6_ic=0.0331
[18:50:00]   HIT  MOEXFN             ruble_emb_z      lag= 14 m5_p=0.9925  m6_ic=0.0471
[18:50:00]   HIT  MOEXFN             ruble_emb_z      lag= 30 m5_p=0.8908  m6_ic=0.0996
[18:50:01]   HIT  MOEXFN             sanctions_emb_z  lag= 30 m5_p=0.3830  m6_ic=0.0520
[18:50:01]   HIT  MOEXFN             inflation_emb_z  lag=  7 m5_p=0.4968  m6_ic=0.1050
[18:50:01]   HIT  MOEXFN             inflation_emb_z  lag= 14 m5_p=0.9658  m6_ic=0.0334
[18:50:02]   HIT  MOEXFN             inflation_emb_z  lag= 30 m5_p=0.6884  m6_ic=0.0354
[18:50:03]   HIT  MOEXFN             banking_emb_z    lag= 30 m5_p=0.7341  m6_ic=0.0503
[18:50:03]   HIT  MOEXFN             gold_emb_z       lag= 14 m5_p=0.2758  m6_ic=0.0430
[18:50:03]   HIT  MOEXOG             oil_emb_z        lag=  1 m5_p=0.7135  m6_ic=0.0718
[18:50:04]   HIT  MOEXOG             oil_emb_z        lag=  7 m5_p=0.0733  m6_ic=0.1059
[18:50:04]   HIT  MOEXOG             oil_emb_z        lag= 14 m5_p=0.9043  m6_ic=0.0620
[18:50:04]   HIT  MOEXOG             oil_emb_z        lag= 30 m5_p=0.1069  m6_ic=0.0736
[18:50:04]   HIT  MOEXOG             rate_emb_z       lag=  7 m5_p=0.0755  m6_ic=0.0722
[18:50:05]   HIT  MOEXOG             rate_emb_z       lag= 14 m5_p=0.6295  m6_ic=0.1002
[18:50:05]   HIT  MOEXOG             rate_emb_z       lag= 30 m5_p=0.4671  m6_ic=0.0770
[18:50:05]   HIT  MOEXOG             ruble_emb_z      lag= 14 m5_p=0.7797  m6_ic=0.0519
[18:50:06]   HIT  MOEXOG             ruble_emb_z      lag= 30 m5_p=0.1859  m6_ic=0.0760
[18:50:06]   HIT  MOEXOG             sanctions_emb_z  lag=  7 m5_p=0.2161  m6_ic=0.0405
[18:50:07]   HIT  MOEXOG             inflation_emb_z  lag=  1 m5_p=0.1669  m6_ic=0.0863
[18:50:07]   HIT  MOEXOG             inflation_emb_z  lag=  7 m5_p=0.4320  m6_ic=0.0360
[18:50:07]   HIT  MOEXOG             inflation_emb_z  lag= 30 m5_p=0.3389  m6_ic=0.0472
[18:50:08]   HIT  MOEXOG             banking_emb_z    lag= 30 m5_p=0.7124  m6_ic=0.0584
[18:50:08]   HIT  MOEXOG             gold_emb_z       lag=  1 m5_p=0.6755  m6_ic=0.0347
[18:50:08]   HIT  MOEXOG             gold_emb_z       lag=  7 m5_p=0.2092  m6_ic=0.0829
[18:50:09]   HIT  MOEXOG             gold_emb_z       lag= 14 m5_p=0.4845  m6_ic=0.0778
[18:50:09]   HIT  MOEXOG             gold_emb_z       lag= 30 m5_p=0.5771  m6_ic=0.0319
[18:50:09]   HIT  MOEX10             oil_emb_z        lag= 14 m5_p=0.7244  m6_ic=0.0301
[18:50:10]   HIT  MOEX10             oil_emb_z        lag= 30 m5_p=0.1532  m6_ic=0.0940
[18:50:10]   HIT  MOEX10             rate_emb_z       lag= 14 m5_p=0.5362  m6_ic=0.0615
[18:50:11]   HIT  MOEX10             ruble_emb_z      lag=  1 m5_p=0.2101  m6_ic=0.0667
[18:50:11]   HIT  MOEX10             ruble_emb_z      lag= 30 m5_p=0.1711  m6_ic=0.0947
[18:50:12]   HIT  MOEX10             sanctions_emb_z  lag= 14 m5_p=0.1501  m6_ic=0.0430
[18:50:12]   HIT  MOEX10             inflation_emb_z  lag=  1 m5_p=0.2963  m6_ic=0.0465
[18:50:12]   HIT  MOEX10             inflation_emb_z  lag=  7 m5_p=0.4887  m6_ic=0.0685
[18:50:13]   HIT  MOEX10             inflation_emb_z  lag= 14 m5_p=0.8985  m6_ic=0.0505
[18:50:13]   HIT  MOEX10             banking_emb_z    lag= 14 m5_p=0.7807  m6_ic=0.0464
[18:50:14]   HIT  MOEX10             banking_emb_z    lag= 30 m5_p=0.6500  m6_ic=0.0796
[18:50:15]   HIT  MOEX10             gold_emb_z       lag= 30 m5_p=0.7972  m6_ic=0.0517
[18:50:15]     Train: 260 signals
[18:50:15]     Val holdout (260 candidates)...
[18:50:15]     VAL PASS  SP500              oil_emb_z        lag=  1  m6_ic=0.0710
[18:50:15]     VAL PASS  SP500              oil_emb_z        lag=  7  m6_ic=0.0531
[18:50:15]     VAL PASS  SP500              oil_emb_z        lag= 14  m6_ic=0.0603
[18:50:16]     VAL PASS  SP500              rate_emb_z       lag= 14  m6_ic=0.0688
[18:50:16]     VAL PASS  SP500              rate_emb_z       lag= 30  m6_ic=0.0745
[18:50:16]     VAL PASS  SP500              ruble_emb_z      lag=  1  m6_ic=0.0875
[18:50:16]     VAL PASS  SP500              ruble_emb_z      lag=  7  m6_ic=0.0653
[18:50:17]     VAL PASS  SP500              sanctions_emb_z  lag= 14  m6_ic=0.0501
[18:50:17]     VAL PASS  SP500              sanctions_emb_z  lag= 30  m6_ic=0.1002
[18:50:17]     VAL PASS  SP500              inflation_emb_z  lag=  1  m6_ic=0.0800
[18:50:17]     VAL PASS  SP500              inflation_emb_z  lag= 14  m6_ic=0.0769
[18:50:18]     VAL PASS  SP500              gold_emb_z       lag= 14  m6_ic=0.0349
[18:50:18]     VAL PASS  SP500              gold_emb_z       lag= 30  m6_ic=0.1651
[18:50:18]     VAL PASS  USD_RUB            rate_emb_z       lag=  1  m6_ic=0.0935
[18:50:19]     VAL PASS  USD_RUB            rate_emb_z       lag=  7  m6_ic=0.0575
[18:50:19]     VAL PASS  USD_RUB            ruble_emb_z      lag= 14  m6_ic=0.0617
[18:50:19]     VAL PASS  USD_RUB            ruble_emb_z      lag= 30  m6_ic=0.0522
[18:50:19]     VAL PASS  USD_RUB            sanctions_emb_z  lag=  7  m6_ic=0.0575
[18:50:20]     VAL PASS  USD_RUB            inflation_emb_z  lag=  1  m6_ic=0.0509
[18:50:20]     VAL PASS  USD_RUB            inflation_emb_z  lag=  7  m6_ic=0.0921
[18:50:20]     VAL PASS  USD_RUB            inflation_emb_z  lag= 30  m6_ic=0.0370
[18:50:21]     VAL PASS  USD_RUB            banking_emb_z    lag=  1  m6_ic=0.0343
[18:50:21]     VAL PASS  USD_RUB            gold_emb_z       lag=  1  m6_ic=0.0917
[18:50:22]     VAL PASS  USD_RUB            gold_emb_z       lag= 30  m6_ic=0.0586
[18:50:22]     VAL PASS  EUR_RUB            rate_emb_z       lag=  1  m6_ic=0.0935
[18:50:22]     VAL PASS  EUR_RUB            rate_emb_z       lag=  7  m6_ic=0.0575
[18:50:23]     VAL PASS  EUR_RUB            ruble_emb_z      lag= 14  m6_ic=0.0617
[18:50:23]     VAL PASS  EUR_RUB            ruble_emb_z      lag= 30  m6_ic=0.0522
[18:50:23]     VAL PASS  EUR_RUB            sanctions_emb_z  lag=  7  m6_ic=0.0575
[18:50:23]     VAL PASS  EUR_RUB            inflation_emb_z  lag=  1  m6_ic=0.0509
[18:50:24]     VAL PASS  EUR_RUB            inflation_emb_z  lag=  7  m6_ic=0.0921
[18:50:24]     VAL PASS  EUR_RUB            inflation_emb_z  lag= 30  m6_ic=0.0370
[18:50:24]     VAL PASS  EUR_RUB            banking_emb_z    lag=  1  m6_ic=0.0343
[18:50:25]     VAL PASS  EUR_RUB            gold_emb_z       lag=  1  m6_ic=0.0917
[18:50:25]     VAL PASS  EUR_RUB            gold_emb_z       lag= 30  m6_ic=0.0586
[18:50:26]     VAL PASS  DJ_SOUTH_AFRICA    oil_emb_z        lag=  1  m6_ic=0.0576
[18:50:26]     VAL PASS  DJ_SOUTH_AFRICA    oil_emb_z        lag= 30  m6_ic=0.1367
[18:50:26]     VAL PASS  DJ_SOUTH_AFRICA    rate_emb_z       lag= 14  m6_ic=0.0339
[18:50:26]     VAL PASS  DJ_SOUTH_AFRICA    rate_emb_z       lag= 30  m6_ic=0.0896
[18:50:27]     VAL PASS  DJ_SOUTH_AFRICA    sanctions_emb_z  lag=  7  m6_ic=0.0498
[18:50:27]     VAL PASS  DJ_SOUTH_AFRICA    inflation_emb_z  lag= 30  m6_ic=0.0759
[18:50:28]     VAL PASS  MSCI_WORLD         oil_emb_z        lag=  1  m6_ic=0.0462
[18:50:28]     VAL PASS  MSCI_WORLD         oil_emb_z        lag=  7  m6_ic=0.0908
[18:50:29]     VAL PASS  MSCI_WORLD         ruble_emb_z      lag= 14  m6_ic=0.0440
[18:50:29]     VAL PASS  MSCI_WORLD         ruble_emb_z      lag= 30  m6_ic=0.0365
[18:50:29]     VAL PASS  MSCI_WORLD         sanctions_emb_z  lag=  1  m6_ic=0.0409
[18:50:30]     VAL PASS  MSCI_WORLD         sanctions_emb_z  lag=  7  m6_ic=0.0357
[18:50:30]     VAL PASS  MSCI_WORLD         sanctions_emb_z  lag= 14  m6_ic=0.0331
[18:50:30]     VAL PASS  MSCI_WORLD         inflation_emb_z  lag= 14  m6_ic=0.0352
[18:50:31]     VAL PASS  MSCI_WORLD         banking_emb_z    lag=  7  m6_ic=0.0640
[18:50:31]     VAL PASS  MSCI_WORLD         banking_emb_z    lag= 14  m6_ic=0.1243
[18:50:31]     VAL PASS  DXY                oil_emb_z        lag=  1  m6_ic=0.0635
[18:50:31]     VAL PASS  DXY                oil_emb_z        lag=  7  m6_ic=0.1685
[18:50:32]     VAL PASS  DXY                oil_emb_z        lag= 14  m6_ic=0.0967
[18:50:32]     VAL PASS  DXY                rate_emb_z       lag=  1  m6_ic=0.0553
[18:50:32]     VAL PASS  DXY                ruble_emb_z      lag= 30  m6_ic=0.0502
[18:50:33]     VAL PASS  DXY                sanctions_emb_z  lag=  7  m6_ic=0.0833
[18:50:33]     VAL PASS  DXY                inflation_emb_z  lag=  1  m6_ic=0.0556
[18:50:33]     VAL PASS  DXY                inflation_emb_z  lag=  7  m6_ic=0.0368
[18:50:34]     VAL PASS  DXY                inflation_emb_z  lag= 14  m6_ic=0.0940
[18:50:34]     VAL PASS  DXY                inflation_emb_z  lag= 30  m6_ic=0.0626
[18:50:34]     VAL PASS  DXY                banking_emb_z    lag=  1  m6_ic=0.0705
[18:50:34]     VAL PASS  DXY                banking_emb_z    lag= 14  m6_ic=0.0573
[18:50:35]     VAL PASS  DXY                banking_emb_z    lag= 30  m6_ic=0.0425
[18:50:35]     VAL PASS  DXY                gold_emb_z       lag=  7  m6_ic=0.0819
[18:50:35]     VAL PASS  DXY                gold_emb_z       lag= 30  m6_ic=0.0566
[18:50:35]     VAL PASS  BRENT              oil_emb_z        lag=  1  m6_ic=0.0304
[18:50:35]     VAL PASS  BRENT              rate_emb_z       lag=  1  m6_ic=0.1163
[18:50:35]     VAL PASS  BRENT              rate_emb_z       lag=  7  m6_ic=0.0563
[18:50:36]     VAL PASS  BRENT              rate_emb_z       lag= 14  m6_ic=0.1027
[18:50:36]     VAL PASS  BRENT              rate_emb_z       lag= 30  m6_ic=0.0734
[18:50:36]     VAL PASS  BRENT              ruble_emb_z      lag=  7  m6_ic=0.0777
[18:50:36]     VAL PASS  BRENT              ruble_emb_z      lag= 14  m6_ic=0.0332
[18:50:37]     VAL PASS  BRENT              sanctions_emb_z  lag= 30  m6_ic=0.0513
[18:50:37]     VAL PASS  BRENT              inflation_emb_z  lag=  7  m6_ic=0.0633
[18:50:37]     VAL PASS  BRENT              inflation_emb_z  lag= 14  m6_ic=0.0515
[18:50:37]     VAL PASS  BRENT              inflation_emb_z  lag= 30  m6_ic=0.0483
[18:50:38]     VAL PASS  BRENT              gold_emb_z       lag=  1  m6_ic=0.0553
[18:50:38]     VAL PASS  BRENT              gold_emb_z       lag= 30  m6_ic=0.0526
[18:50:38]     VAL PASS  MSCI_INDIA         oil_emb_z        lag=  1  m6_ic=0.0567
[18:50:38]     VAL PASS  MSCI_INDIA         oil_emb_z        lag=  7  m6_ic=0.0505
[18:50:39]     VAL PASS  MSCI_INDIA         oil_emb_z        lag= 30  m6_ic=0.0644
[18:50:39]     VAL PASS  MSCI_INDIA         rate_emb_z       lag=  1  m6_ic=0.0332
[18:50:39]     VAL PASS  MSCI_INDIA         rate_emb_z       lag=  7  m6_ic=0.0467
[18:50:39]     VAL PASS  MSCI_INDIA         ruble_emb_z      lag=  1  m6_ic=0.0347
[18:50:39]     VAL PASS  MSCI_INDIA         ruble_emb_z      lag=  7  m6_ic=0.0358
[18:50:40]     VAL PASS  MSCI_INDIA         ruble_emb_z      lag= 30  m6_ic=0.0606
[18:50:40]     VAL PASS  MSCI_INDIA         inflation_emb_z  lag= 14  m6_ic=0.0461
[18:50:40]     VAL PASS  MSCI_INDIA         banking_emb_z    lag= 30  m6_ic=0.1817
[18:50:41]     VAL PASS  MSCI_INDIA         gold_emb_z       lag=  7  m6_ic=0.0711
[18:50:41]     VAL PASS  MSCI_INDIA         gold_emb_z       lag= 30  m6_ic=0.0423
[18:50:41]     VAL PASS  CHINA_H_SHARES     oil_emb_z        lag=  1  m6_ic=0.1001
[18:50:41]     VAL PASS  CHINA_H_SHARES     oil_emb_z        lag= 30  m6_ic=0.1111
[18:50:42]     VAL PASS  CHINA_H_SHARES     rate_emb_z       lag= 14  m6_ic=0.0510
[18:50:42]     VAL PASS  CHINA_H_SHARES     rate_emb_z       lag= 30  m6_ic=0.0523
[18:50:42]     VAL PASS  CHINA_H_SHARES     ruble_emb_z      lag= 14  m6_ic=0.1738
[18:50:43]     VAL PASS  CHINA_H_SHARES     sanctions_emb_z  lag=  1  m6_ic=0.0895
[18:50:43]     VAL PASS  CHINA_H_SHARES     sanctions_emb_z  lag=  7  m6_ic=0.0478
[18:50:43]     VAL PASS  CHINA_H_SHARES     sanctions_emb_z  lag= 30  m6_ic=0.0432
[18:50:43]     VAL PASS  CHINA_H_SHARES     inflation_emb_z  lag=  7  m6_ic=0.0842
[18:50:43]     VAL PASS  CHINA_H_SHARES     inflation_emb_z  lag= 14  m6_ic=0.0570
[18:50:44]     VAL PASS  CHINA_H_SHARES     gold_emb_z       lag=  7  m6_ic=0.1068
[18:50:45]     VAL PASS  FTSE_CHINA_50      oil_emb_z        lag=  1  m6_ic=0.0347
[18:50:45]     VAL PASS  FTSE_CHINA_50      rate_emb_z       lag=  7  m6_ic=0.0332
[18:50:45]     VAL PASS  FTSE_CHINA_50      rate_emb_z       lag= 30  m6_ic=0.1051
[18:50:45]     VAL PASS  FTSE_CHINA_50      ruble_emb_z      lag=  1  m6_ic=0.0499
[18:50:46]     VAL PASS  FTSE_CHINA_50      ruble_emb_z      lag= 14  m6_ic=0.0690
[18:50:46]     VAL PASS  FTSE_CHINA_50      ruble_emb_z      lag= 30  m6_ic=0.1288
[18:50:46]     VAL PASS  FTSE_CHINA_50      sanctions_emb_z  lag=  1  m6_ic=0.0728
[18:50:46]     VAL PASS  FTSE_CHINA_50      sanctions_emb_z  lag=  7  m6_ic=0.0415
[18:50:47]     VAL PASS  FTSE_CHINA_50      sanctions_emb_z  lag= 30  m6_ic=0.0469
[18:50:47]     VAL PASS  FTSE_CHINA_50      inflation_emb_z  lag=  7  m6_ic=0.0714
[18:50:47]     VAL PASS  FTSE_CHINA_50      inflation_emb_z  lag= 30  m6_ic=0.0422
[18:50:48]     VAL PASS  FTSE_CHINA_50      banking_emb_z    lag=  7  m6_ic=0.0385
[18:50:48]     VAL PASS  FTSE_CHINA_50      gold_emb_z       lag=  7  m6_ic=0.0346
[18:50:48]     VAL PASS  GOLD               oil_emb_z        lag= 30  m6_ic=0.1184
[18:50:49]     VAL PASS  GOLD               rate_emb_z       lag=  1  m6_ic=0.1016
[18:50:49]     VAL PASS  GOLD               rate_emb_z       lag= 14  m6_ic=0.0620
[18:50:49]     VAL PASS  GOLD               rate_emb_z       lag= 30  m6_ic=0.1201
[18:50:49]     VAL PASS  GOLD               ruble_emb_z      lag=  7  m6_ic=0.1107
[18:50:50]     VAL PASS  GOLD               ruble_emb_z      lag= 30  m6_ic=0.0372
[18:50:50]     VAL PASS  GOLD               sanctions_emb_z  lag= 30  m6_ic=0.0509
[18:50:50]     VAL PASS  GOLD               inflation_emb_z  lag=  1  m6_ic=0.1358
[18:50:51]     VAL PASS  GOLD               banking_emb_z    lag=  1  m6_ic=0.0501
[18:50:51]     VAL PASS  GOLD               banking_emb_z    lag= 14  m6_ic=0.0452
[18:50:51]     VAL PASS  GOLD               gold_emb_z       lag=  1  m6_ic=0.0508
[18:50:52]     VAL PASS  SILVER             oil_emb_z        lag=  1  m6_ic=0.0944
[18:50:52]     VAL PASS  SILVER             oil_emb_z        lag=  7  m6_ic=0.1289
[18:50:52]     VAL PASS  SILVER             rate_emb_z       lag=  1  m6_ic=0.0865
[18:50:53]     VAL PASS  SILVER             rate_emb_z       lag= 30  m6_ic=0.0674
[18:50:53]     VAL PASS  SILVER             ruble_emb_z      lag=  7  m6_ic=0.0392
[18:50:53]     VAL PASS  SILVER             ruble_emb_z      lag= 30  m6_ic=0.0486
[18:50:54]     VAL PASS  SILVER             sanctions_emb_z  lag= 14  m6_ic=0.0804
[18:50:54]     VAL PASS  SILVER             sanctions_emb_z  lag= 30  m6_ic=0.0535
[18:50:54]     VAL PASS  SILVER             inflation_emb_z  lag=  1  m6_ic=0.0496
[18:50:54]     VAL PASS  SILVER             inflation_emb_z  lag= 14  m6_ic=0.0556
[18:50:54]     VAL PASS  SILVER             inflation_emb_z  lag= 30  m6_ic=0.0598
[18:50:55]     VAL PASS  SILVER             gold_emb_z       lag= 14  m6_ic=0.1416
[18:50:55]     VAL PASS  IMOEX              oil_emb_z        lag=  7  m6_ic=0.0446
[18:50:55]     VAL PASS  IMOEX              rate_emb_z       lag= 14  m6_ic=0.1515
[18:50:56]     VAL PASS  IMOEX              rate_emb_z       lag= 30  m6_ic=0.1019
[18:50:56]     VAL PASS  IMOEX              ruble_emb_z      lag= 14  m6_ic=0.1229
[18:50:56]     VAL PASS  IMOEX              ruble_emb_z      lag= 30  m6_ic=0.1410
[18:50:57]     VAL PASS  IMOEX              sanctions_emb_z  lag=  7  m6_ic=0.0502
[18:50:57]     VAL PASS  IMOEX              sanctions_emb_z  lag= 14  m6_ic=0.1057
[18:50:57]     VAL PASS  IMOEX              sanctions_emb_z  lag= 30  m6_ic=0.0640
[18:50:57]     VAL PASS  IMOEX              inflation_emb_z  lag=  1  m6_ic=0.1056
[18:50:57]     VAL PASS  IMOEX              inflation_emb_z  lag=  7  m6_ic=0.0840
[18:50:58]     VAL PASS  IMOEX              inflation_emb_z  lag= 30  m6_ic=0.0374
[18:50:59]     VAL PASS  MOEXFN             rate_emb_z       lag= 14  m6_ic=0.1772
[18:50:59]     VAL PASS  MOEXFN             ruble_emb_z      lag=  1  m6_ic=0.0796
[18:50:59]     VAL PASS  MOEXFN             ruble_emb_z      lag= 14  m6_ic=0.1199
[18:50:59]     VAL PASS  MOEXFN             ruble_emb_z      lag= 30  m6_ic=0.1240
[18:50:59]     VAL PASS  MOEXFN             sanctions_emb_z  lag= 30  m6_ic=0.0366
[18:51:00]     VAL PASS  MOEXFN             inflation_emb_z  lag=  7  m6_ic=0.1169
[18:51:00]     VAL PASS  MOEXFN             inflation_emb_z  lag= 30  m6_ic=0.0446
[18:51:00]     VAL PASS  MOEXFN             banking_emb_z    lag= 30  m6_ic=0.0792
[18:51:01]     VAL PASS  MOEXOG             oil_emb_z        lag=  1  m6_ic=0.0416
[18:51:01]     VAL PASS  MOEXOG             oil_emb_z        lag=  7  m6_ic=0.0706
[18:51:01]     VAL PASS  MOEXOG             oil_emb_z        lag= 14  m6_ic=0.0718
[18:51:01]     VAL PASS  MOEXOG             oil_emb_z        lag= 30  m6_ic=0.0664
[18:51:01]     VAL PASS  MOEXOG             rate_emb_z       lag=  7  m6_ic=0.0349
[18:51:02]     VAL PASS  MOEXOG             rate_emb_z       lag= 14  m6_ic=0.1417
[18:51:02]     VAL PASS  MOEXOG             rate_emb_z       lag= 30  m6_ic=0.0866
[18:51:02]     VAL PASS  MOEXOG             ruble_emb_z      lag= 14  m6_ic=0.0964
[18:51:02]     VAL PASS  MOEXOG             ruble_emb_z      lag= 30  m6_ic=0.1103
[18:51:03]     VAL PASS  MOEXOG             inflation_emb_z  lag=  1  m6_ic=0.1491
[18:51:03]     VAL PASS  MOEXOG             inflation_emb_z  lag=  7  m6_ic=0.0409
[18:51:03]     VAL PASS  MOEXOG             inflation_emb_z  lag= 30  m6_ic=0.0399
[18:51:03]     VAL PASS  MOEXOG             banking_emb_z    lag= 30  m6_ic=0.0722
[18:51:03]     VAL PASS  MOEXOG             gold_emb_z       lag=  1  m6_ic=0.0892
[18:51:04]     VAL PASS  MOEXOG             gold_emb_z       lag= 14  m6_ic=0.0572
[18:51:04]     VAL PASS  MOEXOG             gold_emb_z       lag= 30  m6_ic=0.1562
[18:51:04]     VAL PASS  MOEX10             oil_emb_z        lag= 14  m6_ic=0.0816
[18:51:05]     VAL PASS  MOEX10             oil_emb_z        lag= 30  m6_ic=0.0310
[18:51:05]     VAL PASS  MOEX10             rate_emb_z       lag= 14  m6_ic=0.1497
[18:51:05]     VAL PASS  MOEX10             ruble_emb_z      lag=  1  m6_ic=0.0487
[18:51:05]     VAL PASS  MOEX10             ruble_emb_z      lag= 30  m6_ic=0.1278
[18:51:05]     VAL PASS  MOEX10             sanctions_emb_z  lag= 14  m6_ic=0.1211
[18:51:05]     VAL PASS  MOEX10             inflation_emb_z  lag=  1  m6_ic=0.1071
[18:51:06]     VAL PASS  MOEX10             inflation_emb_z  lag=  7  m6_ic=0.0961
[18:51:06]     VAL PASS  MOEX10             inflation_emb_z  lag= 14  m6_ic=0.0450
[18:51:06]     VAL PASS  MOEX10             banking_emb_z    lag= 14  m6_ic=0.0410
[18:51:06]     VAL PASS  MOEX10             banking_emb_z    lag= 30  m6_ic=0.0736
[18:51:07]     VAL PASS  MOEX10             gold_emb_z       lag= 30  m6_ic=0.0702
[18:51:07]     Val: 185/260 held
[18:51:07]   → train=260  val=185  max_ic=0.1514
[18:51:07] 
============================================================
[18:51:07] FINAL REPORT
[18:51:07] ============================================================
[18:51:08] Report: C:\project\signal_mind\analytics\phase_b\night_search\night_report_20260521_181814.md
[18:51:08] Hits CSV: C:\project\signal_mind\analytics\phase_b\night_search\night_hits_20260521_181814.csv
[18:51:08] 
  [15/15] sweep_embedding_z90_vol_5d  budget=447min  ic_gate=0.03  ens=M6_only
[18:51:08]   Config: sweep_embedding_z90_vol_5d
[18:51:08]     feature=embedding_z90  target=vol_5d  ensemble=M6_only  ic_min=0.03
[18:51:08]   HIT  SP500              oil_emb_z        lag=  1 m5_p=0.7065  m6_ic=0.0758
[18:51:08]   HIT  SP500              oil_emb_z        lag=  7 m5_p=0.8172  m6_ic=0.0393
[18:51:08]   HIT  SP500              oil_emb_z        lag= 14 m5_p=0.0828  m6_ic=0.0797
[18:51:09]   HIT  SP500              oil_emb_z        lag= 30 m5_p=0.4790  m6_ic=0.0367
[18:51:09]   HIT  SP500              rate_emb_z       lag= 14 m5_p=0.3951  m6_ic=0.0349
[18:51:10]   HIT  SP500              rate_emb_z       lag= 30 m5_p=0.3930  m6_ic=0.0493
[18:51:10]   HIT  SP500              ruble_emb_z      lag=  1 m5_p=0.0528  m6_ic=0.0345
[18:51:10]   HIT  SP500              ruble_emb_z      lag=  7 m5_p=0.2303  m6_ic=0.0322
[18:51:10]   HIT  SP500              ruble_emb_z      lag= 30 m5_p=0.1561  m6_ic=0.0656
[18:51:11]   HIT  SP500              sanctions_emb_z  lag=  7 m5_p=0.0507  m6_ic=0.0406
[18:51:11]   HIT  SP500              sanctions_emb_z  lag= 14 m5_p=0.7268  m6_ic=0.0771
[18:51:11]   HIT  SP500              sanctions_emb_z  lag= 30 m5_p=0.3147  m6_ic=0.0317
[18:51:11]   HIT  SP500              inflation_emb_z  lag=  1 m5_p=0.6456  m6_ic=0.0562
[18:51:12]   HIT  SP500              inflation_emb_z  lag= 14 m5_p=0.2256  m6_ic=0.0719
[18:51:13]   HIT  SP500              gold_emb_z       lag=  1 m5_p=0.7799  m6_ic=0.0570
[18:51:13]   HIT  SP500              gold_emb_z       lag= 14 m5_p=0.3237  m6_ic=0.0434
[18:51:14]   HIT  SP500              gold_emb_z       lag= 30 m5_p=0.7182  m6_ic=0.0535
[18:51:15]   HIT  USD_RUB            rate_emb_z       lag=  1 m5_p=0.1612  m6_ic=0.0426
[18:51:15]   HIT  USD_RUB            rate_emb_z       lag=  7 m5_p=0.0977  m6_ic=0.0986
[18:51:15]   HIT  USD_RUB            rate_emb_z       lag= 14 m5_p=0.0392  m6_ic=0.0645
[18:51:15]   HIT  USD_RUB            ruble_emb_z      lag=  1 m5_p=0.1687  m6_ic=0.0304
[18:51:16]   HIT  USD_RUB            ruble_emb_z      lag= 14 m5_p=0.1574  m6_ic=0.0438
[18:51:16]   HIT  USD_RUB            ruble_emb_z      lag= 30 m5_p=0.7797  m6_ic=0.0355
[18:51:17]   HIT  USD_RUB            sanctions_emb_z  lag=  7 m5_p=0.8898  m6_ic=0.0510
[18:51:17]   HIT  USD_RUB            sanctions_emb_z  lag= 30 m5_p=0.4128  m6_ic=0.0490
[18:51:17]   HIT  USD_RUB            inflation_emb_z  lag=  1 m5_p=0.0553  m6_ic=0.0413
[18:51:17]   HIT  USD_RUB            inflation_emb_z  lag=  7 m5_p=0.7697  m6_ic=0.0331
[18:51:18]   HIT  USD_RUB            inflation_emb_z  lag= 14 m5_p=0.8057  m6_ic=0.0337
[18:51:18]   HIT  USD_RUB            inflation_emb_z  lag= 30 m5_p=0.5802  m6_ic=0.0884
[18:51:18]   HIT  USD_RUB            banking_emb_z    lag=  1 m5_p=0.9126  m6_ic=0.0434
[18:51:18]   HIT  USD_RUB            banking_emb_z    lag=  7 m5_p=0.6943  m6_ic=0.1137
[18:51:18]   HIT  USD_RUB            banking_emb_z    lag= 14 m5_p=0.8123  m6_ic=0.0337
[18:51:19]   HIT  USD_RUB            gold_emb_z       lag=  1 m5_p=0.5974  m6_ic=0.0501
[18:51:19]   HIT  USD_RUB            gold_emb_z       lag=  7 m5_p=0.7851  m6_ic=0.1043
[18:51:19]   HIT  USD_RUB            gold_emb_z       lag= 30 m5_p=0.2632  m6_ic=0.0432
[18:51:20]   HIT  EUR_RUB            rate_emb_z       lag=  1 m5_p=0.1612  m6_ic=0.0426
[18:51:20]   HIT  EUR_RUB            rate_emb_z       lag=  7 m5_p=0.0977  m6_ic=0.0986
[18:51:21]   HIT  EUR_RUB            rate_emb_z       lag= 14 m5_p=0.0392  m6_ic=0.0645
[18:51:21]   HIT  EUR_RUB            ruble_emb_z      lag=  1 m5_p=0.1687  m6_ic=0.0304
[18:51:21]   HIT  EUR_RUB            ruble_emb_z      lag= 14 m5_p=0.1574  m6_ic=0.0438
[18:51:22]   HIT  EUR_RUB            ruble_emb_z      lag= 30 m5_p=0.7797  m6_ic=0.0355
[18:51:22]   HIT  EUR_RUB            sanctions_emb_z  lag=  7 m5_p=0.8898  m6_ic=0.0510
[18:51:22]   HIT  EUR_RUB            sanctions_emb_z  lag= 30 m5_p=0.4128  m6_ic=0.0490
[18:51:23]   HIT  EUR_RUB            inflation_emb_z  lag=  1 m5_p=0.0553  m6_ic=0.0413
[18:51:23]   HIT  EUR_RUB            inflation_emb_z  lag=  7 m5_p=0.7697  m6_ic=0.0331
[18:51:23]   HIT  EUR_RUB            inflation_emb_z  lag= 14 m5_p=0.8057  m6_ic=0.0337
[18:51:23]   HIT  EUR_RUB            inflation_emb_z  lag= 30 m5_p=0.5802  m6_ic=0.0884
[18:51:23]   HIT  EUR_RUB            banking_emb_z    lag=  1 m5_p=0.9126  m6_ic=0.0434
[18:51:24]   HIT  EUR_RUB            banking_emb_z    lag=  7 m5_p=0.6943  m6_ic=0.1137
[18:51:24]   HIT  EUR_RUB            banking_emb_z    lag= 14 m5_p=0.8123  m6_ic=0.0337
[18:51:24]   HIT  EUR_RUB            gold_emb_z       lag=  1 m5_p=0.5974  m6_ic=0.0501
[18:51:25]   HIT  EUR_RUB            gold_emb_z       lag=  7 m5_p=0.7851  m6_ic=0.1043
[18:51:25]   HIT  EUR_RUB            gold_emb_z       lag= 30 m5_p=0.2632  m6_ic=0.0432
[18:51:25]   HIT  DJ_SOUTH_AFRICA    oil_emb_z        lag=  1 m5_p=0.8221  m6_ic=0.1124
[18:51:26]   HIT  DJ_SOUTH_AFRICA    oil_emb_z        lag= 30 m5_p=0.6389  m6_ic=0.1014
[18:51:26]   HIT  DJ_SOUTH_AFRICA    rate_emb_z       lag= 14 m5_p=0.5234  m6_ic=0.0418
[18:51:27]   HIT  DJ_SOUTH_AFRICA    rate_emb_z       lag= 30 m5_p=0.3592  m6_ic=0.0611
[18:51:28]   HIT  DJ_SOUTH_AFRICA    sanctions_emb_z  lag=  7 m5_p=0.0434  m6_ic=0.0670
[18:51:28]   HIT  DJ_SOUTH_AFRICA    inflation_emb_z  lag=  1 m5_p=0.3201  m6_ic=0.0449
[18:51:29]   HIT  DJ_SOUTH_AFRICA    inflation_emb_z  lag= 30 m5_p=0.8809  m6_ic=0.0922
[18:51:29]   HIT  DJ_SOUTH_AFRICA    banking_emb_z    lag=  1 m5_p=0.3918  m6_ic=0.0604
[18:51:30]   HIT  DJ_SOUTH_AFRICA    banking_emb_z    lag= 14 m5_p=0.5033  m6_ic=0.0547
[18:51:30]   HIT  DJ_SOUTH_AFRICA    banking_emb_z    lag= 30 m5_p=0.6983  m6_ic=0.0314
[18:51:30]   HIT  DJ_SOUTH_AFRICA    gold_emb_z       lag=  7 m5_p=0.2064  m6_ic=0.0798
[18:51:31]   HIT  MSCI_WORLD         oil_emb_z        lag=  1 m5_p=0.2689  m6_ic=0.1514
[18:51:31]   HIT  MSCI_WORLD         oil_emb_z        lag=  7 m5_p=0.2210  m6_ic=0.0657
[18:51:32]   HIT  MSCI_WORLD         rate_emb_z       lag=  7 m5_p=0.1228  m6_ic=0.0539
[18:51:32]   HIT  MSCI_WORLD         rate_emb_z       lag= 14 m5_p=0.1286  m6_ic=0.0381
[18:51:32]   HIT  MSCI_WORLD         ruble_emb_z      lag=  1 m5_p=0.1664  m6_ic=0.0711
[18:51:33]   HIT  MSCI_WORLD         ruble_emb_z      lag= 14 m5_p=0.9920  m6_ic=0.0324
[18:51:33]   HIT  MSCI_WORLD         ruble_emb_z      lag= 30 m5_p=0.4841  m6_ic=0.0353
[18:51:33]   HIT  MSCI_WORLD         sanctions_emb_z  lag=  1 m5_p=0.5408  m6_ic=0.0361
[18:51:33]   HIT  MSCI_WORLD         sanctions_emb_z  lag=  7 m5_p=0.5700  m6_ic=0.0598
[18:51:34]   HIT  MSCI_WORLD         sanctions_emb_z  lag= 14 m5_p=0.9735  m6_ic=0.0894
[18:51:34]   HIT  MSCI_WORLD         inflation_emb_z  lag=  7 m5_p=0.8886  m6_ic=0.0742
[18:51:34]   HIT  MSCI_WORLD         inflation_emb_z  lag= 14 m5_p=0.7276  m6_ic=0.0477
[18:51:35]   HIT  MSCI_WORLD         inflation_emb_z  lag= 30 m5_p=0.9393  m6_ic=0.0709
[18:51:35]   HIT  MSCI_WORLD         banking_emb_z    lag=  7 m5_p=0.6228  m6_ic=0.0597
[18:51:35]   HIT  MSCI_WORLD         banking_emb_z    lag= 14 m5_p=0.1712  m6_ic=0.0603
[18:51:36]   HIT  MSCI_WORLD         gold_emb_z       lag=  1 m5_p=0.6457  m6_ic=0.0383
[18:51:36]   HIT  DXY                oil_emb_z        lag=  1 m5_p=0.4736  m6_ic=0.0546
[18:51:37]   HIT  DXY                oil_emb_z        lag=  7 m5_p=0.4423  m6_ic=0.0927
[18:51:37]   HIT  DXY                oil_emb_z        lag= 14 m5_p=0.6408  m6_ic=0.0967
[18:51:38]   HIT  DXY                rate_emb_z       lag=  1 m5_p=0.8266  m6_ic=0.0799
[18:51:38]   HIT  DXY                rate_emb_z       lag= 14 m5_p=0.0288  m6_ic=0.0476
[18:51:38]   HIT  DXY                rate_emb_z       lag= 30 m5_p=0.3048  m6_ic=0.1179
[18:51:39]   HIT  DXY                ruble_emb_z      lag= 14 m5_p=0.8457  m6_ic=0.0645
[18:51:39]   HIT  DXY                ruble_emb_z      lag= 30 m5_p=0.5505  m6_ic=0.0900
[18:51:40]   HIT  DXY                sanctions_emb_z  lag=  7 m5_p=0.7069  m6_ic=0.0317
[18:51:40]   HIT  DXY                sanctions_emb_z  lag= 14 m5_p=0.4139  m6_ic=0.0336
[18:51:40]   HIT  DXY                sanctions_emb_z  lag= 30 m5_p=0.7200  m6_ic=0.0340
[18:51:41]   HIT  DXY                inflation_emb_z  lag=  1 m5_p=0.4382  m6_ic=0.0632
[18:51:41]   HIT  DXY                inflation_emb_z  lag=  7 m5_p=0.2982  m6_ic=0.0526
[18:51:41]   HIT  DXY                inflation_emb_z  lag= 14 m5_p=0.3512  m6_ic=0.0762
[18:51:41]   HIT  DXY                inflation_emb_z  lag= 30 m5_p=0.9893  m6_ic=0.0311
[18:51:41]   HIT  DXY                banking_emb_z    lag=  1 m5_p=0.3739  m6_ic=0.0356
[18:51:42]   HIT  DXY                banking_emb_z    lag= 14 m5_p=0.5128  m6_ic=0.0831
[18:51:42]   HIT  DXY                banking_emb_z    lag= 30 m5_p=0.7877  m6_ic=0.0443
[18:51:42]   HIT  DXY                gold_emb_z       lag=  7 m5_p=0.9712  m6_ic=0.0320
[18:51:43]   HIT  DXY                gold_emb_z       lag= 30 m5_p=0.9228  m6_ic=0.0432
[18:51:43]   HIT  BRENT              oil_emb_z        lag=  1 m5_p=0.1011  m6_ic=0.0347
[18:51:44]   HIT  BRENT              rate_emb_z       lag=  1 m5_p=0.4142  m6_ic=0.0450
[18:51:44]   HIT  BRENT              rate_emb_z       lag=  7 m5_p=0.3267  m6_ic=0.0813
[18:51:44]   HIT  BRENT              rate_emb_z       lag= 14 m5_p=0.9474  m6_ic=0.0788
[18:51:44]   HIT  BRENT              rate_emb_z       lag= 30 m5_p=0.3689  m6_ic=0.0331
[18:51:45]   HIT  BRENT              ruble_emb_z      lag=  7 m5_p=0.1636  m6_ic=0.0421
[18:51:45]   HIT  BRENT              ruble_emb_z      lag= 14 m5_p=0.6055  m6_ic=0.0882
[18:51:46]   HIT  BRENT              sanctions_emb_z  lag=  7 m5_p=0.3355  m6_ic=0.0415
[18:51:46]   HIT  BRENT              sanctions_emb_z  lag= 30 m5_p=0.7604  m6_ic=0.1134
[18:51:46]   HIT  BRENT              inflation_emb_z  lag=  7 m5_p=0.1354  m6_ic=0.1402
[18:51:47]   HIT  BRENT              inflation_emb_z  lag= 14 m5_p=0.4514  m6_ic=0.0348
[18:51:47]   HIT  BRENT              inflation_emb_z  lag= 30 m5_p=0.4299  m6_ic=0.0383
[18:51:47]   HIT  BRENT              banking_emb_z    lag=  1 m5_p=0.8689  m6_ic=0.1221
[18:51:48]   HIT  BRENT              gold_emb_z       lag=  1 m5_p=0.6198  m6_ic=0.0328
[18:51:49]   HIT  BRENT              gold_emb_z       lag= 30 m5_p=0.3724  m6_ic=0.0887
[18:51:49]   HIT  MSCI_INDIA         oil_emb_z        lag=  1 m5_p=0.6784  m6_ic=0.0840
[18:51:49]   HIT  MSCI_INDIA         oil_emb_z        lag=  7 m5_p=0.0789  m6_ic=0.0701
[18:51:49]   HIT  MSCI_INDIA         oil_emb_z        lag= 30 m5_p=0.9424  m6_ic=0.0797
[18:51:50]   HIT  MSCI_INDIA         rate_emb_z       lag=  1 m5_p=0.1855  m6_ic=0.0719
[18:51:50]   HIT  MSCI_INDIA         rate_emb_z       lag=  7 m5_p=0.9259  m6_ic=0.0988
[18:51:50]   HIT  MSCI_INDIA         ruble_emb_z      lag=  1 m5_p=0.5372  m6_ic=0.0638
[18:51:51]   HIT  MSCI_INDIA         ruble_emb_z      lag=  7 m5_p=0.3100  m6_ic=0.0367
[18:51:51]   HIT  MSCI_INDIA         ruble_emb_z      lag= 30 m5_p=0.1705  m6_ic=0.0686
[18:51:51]   HIT  MSCI_INDIA         sanctions_emb_z  lag=  1 m5_p=0.5988  m6_ic=0.0495
[18:51:51]   HIT  MSCI_INDIA         sanctions_emb_z  lag=  7 m5_p=0.8932  m6_ic=0.0586
[18:51:52]   HIT  MSCI_INDIA         inflation_emb_z  lag= 14 m5_p=0.0209  m6_ic=0.0699
[18:51:53]   HIT  MSCI_INDIA         banking_emb_z    lag= 30 m5_p=0.9294  m6_ic=0.0577
[18:51:53]   HIT  MSCI_INDIA         gold_emb_z       lag=  1 m5_p=0.6979  m6_ic=0.0594
[18:51:54]   HIT  MSCI_INDIA         gold_emb_z       lag=  7 m5_p=0.5940  m6_ic=0.0545
[18:51:54]   HIT  MSCI_INDIA         gold_emb_z       lag= 30 m5_p=0.8681  m6_ic=0.0582
[18:51:54]   HIT  CHINA_H_SHARES     oil_emb_z        lag=  1 m5_p=0.9893  m6_ic=0.0724
[18:51:55]   HIT  CHINA_H_SHARES     oil_emb_z        lag= 30 m5_p=0.7057  m6_ic=0.0362
[18:51:56]   HIT  CHINA_H_SHARES     rate_emb_z       lag= 14 m5_p=0.0364  m6_ic=0.0403
[18:51:56]   HIT  CHINA_H_SHARES     rate_emb_z       lag= 30 m5_p=0.4860  m6_ic=0.0910
[18:51:56]   HIT  CHINA_H_SHARES     ruble_emb_z      lag=  1 m5_p=0.1288  m6_ic=0.0651
[18:51:56]   HIT  CHINA_H_SHARES     ruble_emb_z      lag=  7 m5_p=0.0258  m6_ic=0.0937
[18:51:56]   HIT  CHINA_H_SHARES     ruble_emb_z      lag= 14 m5_p=0.6639  m6_ic=0.0697
[18:51:57]   HIT  CHINA_H_SHARES     ruble_emb_z      lag= 30 m5_p=0.8530  m6_ic=0.0383
[18:51:57]   HIT  CHINA_H_SHARES     sanctions_emb_z  lag=  1 m5_p=0.4712  m6_ic=0.0567
[18:51:57]   HIT  CHINA_H_SHARES     sanctions_emb_z  lag=  7 m5_p=0.4604  m6_ic=0.0971
[18:51:57]   HIT  CHINA_H_SHARES     sanctions_emb_z  lag= 30 m5_p=0.9912  m6_ic=0.0599
[18:51:58]   HIT  CHINA_H_SHARES     inflation_emb_z  lag=  7 m5_p=0.9088  m6_ic=0.0790
[18:51:58]   HIT  CHINA_H_SHARES     inflation_emb_z  lag= 14 m5_p=0.0994  m6_ic=0.0681
[18:51:58]   HIT  CHINA_H_SHARES     inflation_emb_z  lag= 30 m5_p=0.6375  m6_ic=0.0694
[18:51:58]   HIT  CHINA_H_SHARES     banking_emb_z    lag=  1 m5_p=0.9391  m6_ic=0.0503
[18:51:59]   HIT  CHINA_H_SHARES     banking_emb_z    lag=  7 m5_p=0.8681  m6_ic=0.0387
[18:51:59]   HIT  CHINA_H_SHARES     banking_emb_z    lag= 14 m5_p=0.8741  m6_ic=0.1206
[18:51:59]   HIT  CHINA_H_SHARES     gold_emb_z       lag=  7 m5_p=0.9698  m6_ic=0.0383
[18:52:00]   HIT  FTSE_CHINA_50      oil_emb_z        lag=  1 m5_p=0.8491  m6_ic=0.0405
[18:52:01]   HIT  FTSE_CHINA_50      rate_emb_z       lag=  7 m5_p=0.7444  m6_ic=0.0365
[18:52:01]   HIT  FTSE_CHINA_50      rate_emb_z       lag= 14 m5_p=0.0357  m6_ic=0.0421
[18:52:01]   HIT  FTSE_CHINA_50      rate_emb_z       lag= 30 m5_p=0.3121  m6_ic=0.0740
[18:52:02]   HIT  FTSE_CHINA_50      ruble_emb_z      lag=  1 m5_p=0.0784  m6_ic=0.0809
[18:52:02]   HIT  FTSE_CHINA_50      ruble_emb_z      lag=  7 m5_p=0.0464  m6_ic=0.0841
[18:52:02]   HIT  FTSE_CHINA_50      ruble_emb_z      lag= 14 m5_p=0.6174  m6_ic=0.0732
[18:52:02]   HIT  FTSE_CHINA_50      ruble_emb_z      lag= 30 m5_p=0.8329  m6_ic=0.0443
[18:52:02]   HIT  FTSE_CHINA_50      sanctions_emb_z  lag=  1 m5_p=0.3410  m6_ic=0.0346
[18:52:03]   HIT  FTSE_CHINA_50      sanctions_emb_z  lag=  7 m5_p=0.5076  m6_ic=0.0943
[18:52:03]   HIT  FTSE_CHINA_50      sanctions_emb_z  lag= 30 m5_p=0.8105  m6_ic=0.0432
[18:52:03]   HIT  FTSE_CHINA_50      inflation_emb_z  lag=  7 m5_p=0.9227  m6_ic=0.0687
[18:52:04]   HIT  FTSE_CHINA_50      inflation_emb_z  lag= 14 m5_p=0.0992  m6_ic=0.0651
[18:52:04]   HIT  FTSE_CHINA_50      inflation_emb_z  lag= 30 m5_p=0.5427  m6_ic=0.0894
[18:52:04]   HIT  FTSE_CHINA_50      banking_emb_z    lag=  1 m5_p=0.9363  m6_ic=0.0318
[18:52:04]   HIT  FTSE_CHINA_50      banking_emb_z    lag=  7 m5_p=0.6325  m6_ic=0.0315
[18:52:04]   HIT  FTSE_CHINA_50      banking_emb_z    lag= 14 m5_p=0.7967  m6_ic=0.1036
[18:52:05]   HIT  FTSE_CHINA_50      gold_emb_z       lag=  7 m5_p=0.7251  m6_ic=0.0612
[18:52:06]   HIT  GOLD               oil_emb_z        lag= 14 m5_p=0.2620  m6_ic=0.0581
[18:52:06]   HIT  GOLD               oil_emb_z        lag= 30 m5_p=0.6483  m6_ic=0.0605
[18:52:06]   HIT  GOLD               rate_emb_z       lag=  1 m5_p=0.7457  m6_ic=0.0963
[18:52:07]   HIT  GOLD               rate_emb_z       lag= 14 m5_p=0.3958  m6_ic=0.0432
[18:52:07]   HIT  GOLD               rate_emb_z       lag= 30 m5_p=0.9518  m6_ic=0.1247
[18:52:07]   HIT  GOLD               ruble_emb_z      lag=  7 m5_p=0.1019  m6_ic=0.0459
[18:52:08]   HIT  GOLD               ruble_emb_z      lag= 14 m5_p=0.6285  m6_ic=0.0650
[18:52:08]   HIT  GOLD               ruble_emb_z      lag= 30 m5_p=0.9995  m6_ic=0.0908
[18:52:08]   HIT  GOLD               sanctions_emb_z  lag=  1 m5_p=0.6497  m6_ic=0.0709
[18:52:08]   HIT  GOLD               sanctions_emb_z  lag= 14 m5_p=0.2963  m6_ic=0.0583
[18:52:09]   HIT  GOLD               sanctions_emb_z  lag= 30 m5_p=0.9756  m6_ic=0.0771
[18:52:09]   HIT  GOLD               inflation_emb_z  lag=  1 m5_p=0.8350  m6_ic=0.1288
[18:52:09]   HIT  GOLD               inflation_emb_z  lag= 14 m5_p=0.7996  m6_ic=0.0665
[18:52:09]   HIT  GOLD               banking_emb_z    lag=  1 m5_p=0.1266  m6_ic=0.0524
[18:52:10]   HIT  GOLD               banking_emb_z    lag= 14 m5_p=0.4410  m6_ic=0.0481
[18:52:10]   HIT  GOLD               gold_emb_z       lag=  1 m5_p=0.6920  m6_ic=0.0673
[18:52:10]   HIT  GOLD               gold_emb_z       lag=  7 m5_p=0.5645  m6_ic=0.1370
[18:52:11]   HIT  GOLD               gold_emb_z       lag= 30 m5_p=0.4815  m6_ic=0.0461
[18:52:11]   HIT  SILVER             oil_emb_z        lag=  1 m5_p=0.6895  m6_ic=0.0366
[18:52:11]   HIT  SILVER             oil_emb_z        lag=  7 m5_p=0.4870  m6_ic=0.0364
[18:52:11]   HIT  SILVER             oil_emb_z        lag= 14 m5_p=0.9875  m6_ic=0.0543
[18:52:12]   HIT  SILVER             rate_emb_z       lag=  1 m5_p=0.7504  m6_ic=0.0501
[18:52:12]   HIT  SILVER             rate_emb_z       lag=  7 m5_p=0.1456  m6_ic=0.0333
[18:52:12]   HIT  SILVER             rate_emb_z       lag= 30 m5_p=0.7659  m6_ic=0.0507
[18:52:12]   HIT  SILVER             ruble_emb_z      lag=  1 m5_p=0.4948  m6_ic=0.0589
[18:52:13]   HIT  SILVER             ruble_emb_z      lag=  7 m5_p=0.4274  m6_ic=0.1058
[18:52:13]   HIT  SILVER             ruble_emb_z      lag= 14 m5_p=0.4557  m6_ic=0.0451
[18:52:13]   HIT  SILVER             ruble_emb_z      lag= 30 m5_p=0.9529  m6_ic=0.0911
[18:52:13]   HIT  SILVER             sanctions_emb_z  lag=  1 m5_p=0.8650  m6_ic=0.0795
[18:52:14]   HIT  SILVER             sanctions_emb_z  lag= 14 m5_p=0.6519  m6_ic=0.0563
[18:52:14]   HIT  SILVER             sanctions_emb_z  lag= 30 m5_p=0.2999  m6_ic=0.0628
[18:52:14]   HIT  SILVER             inflation_emb_z  lag=  1 m5_p=0.5365  m6_ic=0.0332
[18:52:14]   HIT  SILVER             inflation_emb_z  lag= 14 m5_p=0.4693  m6_ic=0.0385
[18:52:15]   HIT  SILVER             inflation_emb_z  lag= 30 m5_p=0.3962  m6_ic=0.0404
[18:52:16]   HIT  SILVER             gold_emb_z       lag=  1 m5_p=0.7854  m6_ic=0.0433
[18:52:16]   HIT  SILVER             gold_emb_z       lag=  7 m5_p=0.2833  m6_ic=0.0583
[18:52:16]   HIT  SILVER             gold_emb_z       lag= 14 m5_p=0.9673  m6_ic=0.0550
[18:52:16]   HIT  IMOEX              oil_emb_z        lag=  7 m5_p=0.0775  m6_ic=0.0426
[18:52:17]   HIT  IMOEX              rate_emb_z       lag=  7 m5_p=0.2090  m6_ic=0.0853
[18:52:18]   HIT  IMOEX              rate_emb_z       lag= 14 m5_p=0.4143  m6_ic=0.0941
[18:52:18]   HIT  IMOEX              rate_emb_z       lag= 30 m5_p=0.6379  m6_ic=0.0740
[18:52:18]   HIT  IMOEX              ruble_emb_z      lag=  7 m5_p=0.8983  m6_ic=0.0365
[18:52:18]   HIT  IMOEX              ruble_emb_z      lag= 14 m5_p=0.5601  m6_ic=0.0870
[18:52:19]   HIT  IMOEX              ruble_emb_z      lag= 30 m5_p=0.4858  m6_ic=0.1052
[18:52:19]   HIT  IMOEX              sanctions_emb_z  lag=  1 m5_p=0.8655  m6_ic=0.0635
[18:52:19]   HIT  IMOEX              sanctions_emb_z  lag=  7 m5_p=0.1284  m6_ic=0.0402
[18:52:19]   HIT  IMOEX              sanctions_emb_z  lag= 14 m5_p=0.3439  m6_ic=0.0984
[18:52:19]   HIT  IMOEX              sanctions_emb_z  lag= 30 m5_p=0.2528  m6_ic=0.0877
[18:52:20]   HIT  IMOEX              inflation_emb_z  lag=  1 m5_p=0.2269  m6_ic=0.0885
[18:52:20]   HIT  IMOEX              inflation_emb_z  lag=  7 m5_p=0.4770  m6_ic=0.0760
[18:52:20]   HIT  IMOEX              inflation_emb_z  lag= 30 m5_p=0.2827  m6_ic=0.0794
[18:52:20]   HIT  IMOEX              banking_emb_z    lag=  7 m5_p=0.4350  m6_ic=0.0478
[18:52:22]   HIT  MOEXFN             oil_emb_z        lag=  7 m5_p=0.1384  m6_ic=0.0418
[18:52:23]   HIT  MOEXFN             oil_emb_z        lag= 30 m5_p=0.3234  m6_ic=0.1036
[18:52:23]   HIT  MOEXFN             rate_emb_z       lag= 14 m5_p=0.1283  m6_ic=0.0745
[18:52:24]   HIT  MOEXFN             ruble_emb_z      lag=  1 m5_p=0.1970  m6_ic=0.0331
[18:52:24]   HIT  MOEXFN             ruble_emb_z      lag= 14 m5_p=0.9925  m6_ic=0.0471
[18:52:24]   HIT  MOEXFN             ruble_emb_z      lag= 30 m5_p=0.8908  m6_ic=0.0996
[18:52:25]   HIT  MOEXFN             sanctions_emb_z  lag= 30 m5_p=0.3830  m6_ic=0.0520
[18:52:25]   HIT  MOEXFN             inflation_emb_z  lag=  7 m5_p=0.4968  m6_ic=0.1050
[18:52:26]   HIT  MOEXFN             inflation_emb_z  lag= 14 m5_p=0.9658  m6_ic=0.0334
[18:52:26]   HIT  MOEXFN             inflation_emb_z  lag= 30 m5_p=0.6884  m6_ic=0.0354
[18:52:27]   HIT  MOEXFN             banking_emb_z    lag= 30 m5_p=0.7341  m6_ic=0.0503
[18:52:27]   HIT  MOEXFN             gold_emb_z       lag= 14 m5_p=0.2758  m6_ic=0.0430
[18:52:28]   HIT  MOEXOG             oil_emb_z        lag=  1 m5_p=0.7135  m6_ic=0.0718
[18:52:28]   HIT  MOEXOG             oil_emb_z        lag=  7 m5_p=0.0733  m6_ic=0.1059
[18:52:28]   HIT  MOEXOG             oil_emb_z        lag= 14 m5_p=0.9043  m6_ic=0.0620
[18:52:28]   HIT  MOEXOG             oil_emb_z        lag= 30 m5_p=0.1069  m6_ic=0.0736
[18:52:29]   HIT  MOEXOG             rate_emb_z       lag=  7 m5_p=0.0755  m6_ic=0.0722
[18:52:29]   HIT  MOEXOG             rate_emb_z       lag= 14 m5_p=0.6295  m6_ic=0.1002
[18:52:29]   HIT  MOEXOG             rate_emb_z       lag= 30 m5_p=0.4671  m6_ic=0.0770
[18:52:30]   HIT  MOEXOG             ruble_emb_z      lag= 14 m5_p=0.7797  m6_ic=0.0519
[18:52:30]   HIT  MOEXOG             ruble_emb_z      lag= 30 m5_p=0.1859  m6_ic=0.0760
[18:52:30]   HIT  MOEXOG             sanctions_emb_z  lag=  7 m5_p=0.2161  m6_ic=0.0405
[18:52:31]   HIT  MOEXOG             inflation_emb_z  lag=  1 m5_p=0.1669  m6_ic=0.0863
[18:52:31]   HIT  MOEXOG             inflation_emb_z  lag=  7 m5_p=0.4320  m6_ic=0.0360
[18:52:32]   HIT  MOEXOG             inflation_emb_z  lag= 30 m5_p=0.3389  m6_ic=0.0472
[18:52:32]   HIT  MOEXOG             banking_emb_z    lag= 30 m5_p=0.7124  m6_ic=0.0584
[18:52:33]   HIT  MOEXOG             gold_emb_z       lag=  1 m5_p=0.6755  m6_ic=0.0347
[18:52:33]   HIT  MOEXOG             gold_emb_z       lag=  7 m5_p=0.2092  m6_ic=0.0829
[18:52:33]   HIT  MOEXOG             gold_emb_z       lag= 14 m5_p=0.4845  m6_ic=0.0778
[18:52:33]   HIT  MOEXOG             gold_emb_z       lag= 30 m5_p=0.5771  m6_ic=0.0319
[18:52:34]   HIT  MOEX10             oil_emb_z        lag= 14 m5_p=0.7244  m6_ic=0.0301
[18:52:34]   HIT  MOEX10             oil_emb_z        lag= 30 m5_p=0.1532  m6_ic=0.0940
[18:52:35]   HIT  MOEX10             rate_emb_z       lag= 14 m5_p=0.5362  m6_ic=0.0615
[18:52:35]   HIT  MOEX10             ruble_emb_z      lag=  1 m5_p=0.2101  m6_ic=0.0667
[18:52:35]   HIT  MOEX10             ruble_emb_z      lag= 30 m5_p=0.1711  m6_ic=0.0947
[18:52:36]   HIT  MOEX10             sanctions_emb_z  lag= 14 m5_p=0.1501  m6_ic=0.0430
[18:52:36]   HIT  MOEX10             inflation_emb_z  lag=  1 m5_p=0.2963  m6_ic=0.0465
[18:52:37]   HIT  MOEX10             inflation_emb_z  lag=  7 m5_p=0.4887  m6_ic=0.0685
[18:52:37]   HIT  MOEX10             inflation_emb_z  lag= 14 m5_p=0.8985  m6_ic=0.0505
[18:52:38]   HIT  MOEX10             banking_emb_z    lag= 14 m5_p=0.7807  m6_ic=0.0464
[18:52:38]   HIT  MOEX10             banking_emb_z    lag= 30 m5_p=0.6500  m6_ic=0.0796
[18:52:39]   HIT  MOEX10             gold_emb_z       lag= 30 m5_p=0.7972  m6_ic=0.0517
[18:52:39]     Train: 260 signals
[18:52:39]     Val holdout (260 candidates)...
[18:52:39]     VAL PASS  SP500              oil_emb_z        lag=  1  m6_ic=0.0710
[18:52:39]     VAL PASS  SP500              oil_emb_z        lag=  7  m6_ic=0.0531
[18:52:39]     VAL PASS  SP500              oil_emb_z        lag= 14  m6_ic=0.0603
[18:52:40]     VAL PASS  SP500              rate_emb_z       lag= 14  m6_ic=0.0688
[18:52:40]     VAL PASS  SP500              rate_emb_z       lag= 30  m6_ic=0.0745
[18:52:40]     VAL PASS  SP500              ruble_emb_z      lag=  1  m6_ic=0.0875
[18:52:40]     VAL PASS  SP500              ruble_emb_z      lag=  7  m6_ic=0.0653
[18:52:41]     VAL PASS  SP500              sanctions_emb_z  lag= 14  m6_ic=0.0501
[18:52:41]     VAL PASS  SP500              sanctions_emb_z  lag= 30  m6_ic=0.1002
[18:52:42]     VAL PASS  SP500              inflation_emb_z  lag=  1  m6_ic=0.0800
[18:52:42]     VAL PASS  SP500              inflation_emb_z  lag= 14  m6_ic=0.0769
[18:52:42]     VAL PASS  SP500              gold_emb_z       lag= 14  m6_ic=0.0349
[18:52:43]     VAL PASS  SP500              gold_emb_z       lag= 30  m6_ic=0.1651
[18:52:43]     VAL PASS  USD_RUB            rate_emb_z       lag=  1  m6_ic=0.0935
[18:52:43]     VAL PASS  USD_RUB            rate_emb_z       lag=  7  m6_ic=0.0575
[18:52:44]     VAL PASS  USD_RUB            ruble_emb_z      lag= 14  m6_ic=0.0617
[18:52:44]     VAL PASS  USD_RUB            ruble_emb_z      lag= 30  m6_ic=0.0522
[18:52:44]     VAL PASS  USD_RUB            sanctions_emb_z  lag=  7  m6_ic=0.0575
[18:52:45]     VAL PASS  USD_RUB            inflation_emb_z  lag=  1  m6_ic=0.0509
[18:52:45]     VAL PASS  USD_RUB            inflation_emb_z  lag=  7  m6_ic=0.0921
[18:52:45]     VAL PASS  USD_RUB            inflation_emb_z  lag= 30  m6_ic=0.0370
[18:52:45]     VAL PASS  USD_RUB            banking_emb_z    lag=  1  m6_ic=0.0343
[18:52:46]     VAL PASS  USD_RUB            gold_emb_z       lag=  1  m6_ic=0.0917
[18:52:46]     VAL PASS  USD_RUB            gold_emb_z       lag= 30  m6_ic=0.0586
[18:52:47]     VAL PASS  EUR_RUB            rate_emb_z       lag=  1  m6_ic=0.0935
[18:52:47]     VAL PASS  EUR_RUB            rate_emb_z       lag=  7  m6_ic=0.0575
[18:52:47]     VAL PASS  EUR_RUB            ruble_emb_z      lag= 14  m6_ic=0.0617
[18:52:48]     VAL PASS  EUR_RUB            ruble_emb_z      lag= 30  m6_ic=0.0522
[18:52:48]     VAL PASS  EUR_RUB            sanctions_emb_z  lag=  7  m6_ic=0.0575
[18:52:48]     VAL PASS  EUR_RUB            inflation_emb_z  lag=  1  m6_ic=0.0509
[18:52:48]     VAL PASS  EUR_RUB            inflation_emb_z  lag=  7  m6_ic=0.0921
[18:52:49]     VAL PASS  EUR_RUB            inflation_emb_z  lag= 30  m6_ic=0.0370
[18:52:49]     VAL PASS  EUR_RUB            banking_emb_z    lag=  1  m6_ic=0.0343
[18:52:49]     VAL PASS  EUR_RUB            gold_emb_z       lag=  1  m6_ic=0.0917
[18:52:50]     VAL PASS  EUR_RUB            gold_emb_z       lag= 30  m6_ic=0.0586
[18:52:50]     VAL PASS  DJ_SOUTH_AFRICA    oil_emb_z        lag=  1  m6_ic=0.0576
[18:52:50]     VAL PASS  DJ_SOUTH_AFRICA    oil_emb_z        lag= 30  m6_ic=0.1367
[18:52:51]     VAL PASS  DJ_SOUTH_AFRICA    rate_emb_z       lag= 14  m6_ic=0.0339
[18:52:51]     VAL PASS  DJ_SOUTH_AFRICA    rate_emb_z       lag= 30  m6_ic=0.0896
[18:52:51]     VAL PASS  DJ_SOUTH_AFRICA    sanctions_emb_z  lag=  7  m6_ic=0.0498
[18:52:51]     VAL PASS  DJ_SOUTH_AFRICA    inflation_emb_z  lag= 30  m6_ic=0.0759
[18:52:52]     VAL PASS  MSCI_WORLD         oil_emb_z        lag=  1  m6_ic=0.0462
[18:52:53]     VAL PASS  MSCI_WORLD         oil_emb_z        lag=  7  m6_ic=0.0908
[18:52:53]     VAL PASS  MSCI_WORLD         ruble_emb_z      lag= 14  m6_ic=0.0440
[18:52:54]     VAL PASS  MSCI_WORLD         ruble_emb_z      lag= 30  m6_ic=0.0365
[18:52:54]     VAL PASS  MSCI_WORLD         sanctions_emb_z  lag=  1  m6_ic=0.0409
[18:52:54]     VAL PASS  MSCI_WORLD         sanctions_emb_z  lag=  7  m6_ic=0.0357
[18:52:54]     VAL PASS  MSCI_WORLD         sanctions_emb_z  lag= 14  m6_ic=0.0331
[18:52:55]     VAL PASS  MSCI_WORLD         inflation_emb_z  lag= 14  m6_ic=0.0352
[18:52:55]     VAL PASS  MSCI_WORLD         banking_emb_z    lag=  7  m6_ic=0.0640
[18:52:55]     VAL PASS  MSCI_WORLD         banking_emb_z    lag= 14  m6_ic=0.1243
[18:52:56]     VAL PASS  DXY                oil_emb_z        lag=  1  m6_ic=0.0635
[18:52:56]     VAL PASS  DXY                oil_emb_z        lag=  7  m6_ic=0.1685
[18:52:56]     VAL PASS  DXY                oil_emb_z        lag= 14  m6_ic=0.0967
[18:52:56]     VAL PASS  DXY                rate_emb_z       lag=  1  m6_ic=0.0553
[18:52:57]     VAL PASS  DXY                ruble_emb_z      lag= 30  m6_ic=0.0502
[18:52:57]     VAL PASS  DXY                sanctions_emb_z  lag=  7  m6_ic=0.0833
[18:52:58]     VAL PASS  DXY                inflation_emb_z  lag=  1  m6_ic=0.0556
[18:52:58]     VAL PASS  DXY                inflation_emb_z  lag=  7  m6_ic=0.0368
[18:52:58]     VAL PASS  DXY                inflation_emb_z  lag= 14  m6_ic=0.0940
[18:52:58]     VAL PASS  DXY                inflation_emb_z  lag= 30  m6_ic=0.0626
[18:52:59]     VAL PASS  DXY                banking_emb_z    lag=  1  m6_ic=0.0705
[18:52:59]     VAL PASS  DXY                banking_emb_z    lag= 14  m6_ic=0.0573
[18:52:59]     VAL PASS  DXY                banking_emb_z    lag= 30  m6_ic=0.0425
[18:52:59]     VAL PASS  DXY                gold_emb_z       lag=  7  m6_ic=0.0819
[18:52:59]     VAL PASS  DXY                gold_emb_z       lag= 30  m6_ic=0.0566
[18:53:00]     VAL PASS  BRENT              oil_emb_z        lag=  1  m6_ic=0.0304
[18:53:00]     VAL PASS  BRENT              rate_emb_z       lag=  1  m6_ic=0.1163
[18:53:00]     VAL PASS  BRENT              rate_emb_z       lag=  7  m6_ic=0.0563
[18:53:00]     VAL PASS  BRENT              rate_emb_z       lag= 14  m6_ic=0.1027
[18:53:00]     VAL PASS  BRENT              rate_emb_z       lag= 30  m6_ic=0.0734
[18:53:01]     VAL PASS  BRENT              ruble_emb_z      lag=  7  m6_ic=0.0777
[18:53:01]     VAL PASS  BRENT              ruble_emb_z      lag= 14  m6_ic=0.0332
[18:53:01]     VAL PASS  BRENT              sanctions_emb_z  lag= 30  m6_ic=0.0513
[18:53:01]     VAL PASS  BRENT              inflation_emb_z  lag=  7  m6_ic=0.0633
[18:53:02]     VAL PASS  BRENT              inflation_emb_z  lag= 14  m6_ic=0.0515
[18:53:02]     VAL PASS  BRENT              inflation_emb_z  lag= 30  m6_ic=0.0483
[18:53:02]     VAL PASS  BRENT              gold_emb_z       lag=  1  m6_ic=0.0553
[18:53:03]     VAL PASS  BRENT              gold_emb_z       lag= 30  m6_ic=0.0526
[18:53:03]     VAL PASS  MSCI_INDIA         oil_emb_z        lag=  1  m6_ic=0.0567
[18:53:03]     VAL PASS  MSCI_INDIA         oil_emb_z        lag=  7  m6_ic=0.0505
[18:53:03]     VAL PASS  MSCI_INDIA         oil_emb_z        lag= 30  m6_ic=0.0644
[18:53:03]     VAL PASS  MSCI_INDIA         rate_emb_z       lag=  1  m6_ic=0.0332
[18:53:04]     VAL PASS  MSCI_INDIA         rate_emb_z       lag=  7  m6_ic=0.0467
[18:53:04]     VAL PASS  MSCI_INDIA         ruble_emb_z      lag=  1  m6_ic=0.0347
[18:53:04]     VAL PASS  MSCI_INDIA         ruble_emb_z      lag=  7  m6_ic=0.0358
[18:53:04]     VAL PASS  MSCI_INDIA         ruble_emb_z      lag= 30  m6_ic=0.0606
[18:53:05]     VAL PASS  MSCI_INDIA         inflation_emb_z  lag= 14  m6_ic=0.0461
[18:53:05]     VAL PASS  MSCI_INDIA         banking_emb_z    lag= 30  m6_ic=0.1817
[18:53:05]     VAL PASS  MSCI_INDIA         gold_emb_z       lag=  7  m6_ic=0.0711
[18:53:06]     VAL PASS  MSCI_INDIA         gold_emb_z       lag= 30  m6_ic=0.0423
[18:53:06]     VAL PASS  CHINA_H_SHARES     oil_emb_z        lag=  1  m6_ic=0.1001
[18:53:06]     VAL PASS  CHINA_H_SHARES     oil_emb_z        lag= 30  m6_ic=0.1111
[18:53:06]     VAL PASS  CHINA_H_SHARES     rate_emb_z       lag= 14  m6_ic=0.0510
[18:53:06]     VAL PASS  CHINA_H_SHARES     rate_emb_z       lag= 30  m6_ic=0.0523
[18:53:07]     VAL PASS  CHINA_H_SHARES     ruble_emb_z      lag= 14  m6_ic=0.1738
[18:53:07]     VAL PASS  CHINA_H_SHARES     sanctions_emb_z  lag=  1  m6_ic=0.0895
[18:53:08]     VAL PASS  CHINA_H_SHARES     sanctions_emb_z  lag=  7  m6_ic=0.0478
[18:53:08]     VAL PASS  CHINA_H_SHARES     sanctions_emb_z  lag= 30  m6_ic=0.0432
[18:53:08]     VAL PASS  CHINA_H_SHARES     inflation_emb_z  lag=  7  m6_ic=0.0842
[18:53:08]     VAL PASS  CHINA_H_SHARES     inflation_emb_z  lag= 14  m6_ic=0.0570
[18:53:09]     VAL PASS  CHINA_H_SHARES     gold_emb_z       lag=  7  m6_ic=0.1068
[18:53:09]     VAL PASS  FTSE_CHINA_50      oil_emb_z        lag=  1  m6_ic=0.0347
[18:53:10]     VAL PASS  FTSE_CHINA_50      rate_emb_z       lag=  7  m6_ic=0.0332
[18:53:10]     VAL PASS  FTSE_CHINA_50      rate_emb_z       lag= 30  m6_ic=0.1051
[18:53:10]     VAL PASS  FTSE_CHINA_50      ruble_emb_z      lag=  1  m6_ic=0.0499
[18:53:11]     VAL PASS  FTSE_CHINA_50      ruble_emb_z      lag= 14  m6_ic=0.0690
[18:53:11]     VAL PASS  FTSE_CHINA_50      ruble_emb_z      lag= 30  m6_ic=0.1288
[18:53:11]     VAL PASS  FTSE_CHINA_50      sanctions_emb_z  lag=  1  m6_ic=0.0728
[18:53:11]     VAL PASS  FTSE_CHINA_50      sanctions_emb_z  lag=  7  m6_ic=0.0415
[18:53:11]     VAL PASS  FTSE_CHINA_50      sanctions_emb_z  lag= 30  m6_ic=0.0469
[18:53:12]     VAL PASS  FTSE_CHINA_50      inflation_emb_z  lag=  7  m6_ic=0.0714
[18:53:12]     VAL PASS  FTSE_CHINA_50      inflation_emb_z  lag= 30  m6_ic=0.0422
[18:53:13]     VAL PASS  FTSE_CHINA_50      banking_emb_z    lag=  7  m6_ic=0.0385
[18:53:13]     VAL PASS  FTSE_CHINA_50      gold_emb_z       lag=  7  m6_ic=0.0346
[18:53:13]     VAL PASS  GOLD               oil_emb_z        lag= 30  m6_ic=0.1184
[18:53:13]     VAL PASS  GOLD               rate_emb_z       lag=  1  m6_ic=0.1016
[18:53:14]     VAL PASS  GOLD               rate_emb_z       lag= 14  m6_ic=0.0620
[18:53:14]     VAL PASS  GOLD               rate_emb_z       lag= 30  m6_ic=0.1201
[18:53:14]     VAL PASS  GOLD               ruble_emb_z      lag=  7  m6_ic=0.1107
[18:53:14]     VAL PASS  GOLD               ruble_emb_z      lag= 30  m6_ic=0.0372
[18:53:15]     VAL PASS  GOLD               sanctions_emb_z  lag= 30  m6_ic=0.0509
[18:53:15]     VAL PASS  GOLD               inflation_emb_z  lag=  1  m6_ic=0.1358
[18:53:16]     VAL PASS  GOLD               banking_emb_z    lag=  1  m6_ic=0.0501
[18:53:16]     VAL PASS  GOLD               banking_emb_z    lag= 14  m6_ic=0.0452
[18:53:16]     VAL PASS  GOLD               gold_emb_z       lag=  1  m6_ic=0.0508
[18:53:17]     VAL PASS  SILVER             oil_emb_z        lag=  1  m6_ic=0.0944
[18:53:17]     VAL PASS  SILVER             oil_emb_z        lag=  7  m6_ic=0.1289
[18:53:17]     VAL PASS  SILVER             rate_emb_z       lag=  1  m6_ic=0.0865
[18:53:18]     VAL PASS  SILVER             rate_emb_z       lag= 30  m6_ic=0.0674
[18:53:18]     VAL PASS  SILVER             ruble_emb_z      lag=  7  m6_ic=0.0392
[18:53:18]     VAL PASS  SILVER             ruble_emb_z      lag= 30  m6_ic=0.0486
[18:53:19]     VAL PASS  SILVER             sanctions_emb_z  lag= 14  m6_ic=0.0804
[18:53:19]     VAL PASS  SILVER             sanctions_emb_z  lag= 30  m6_ic=0.0535
[18:53:19]     VAL PASS  SILVER             inflation_emb_z  lag=  1  m6_ic=0.0496
[18:53:19]     VAL PASS  SILVER             inflation_emb_z  lag= 14  m6_ic=0.0556
[18:53:20]     VAL PASS  SILVER             inflation_emb_z  lag= 30  m6_ic=0.0598
[18:53:20]     VAL PASS  SILVER             gold_emb_z       lag= 14  m6_ic=0.1416
[18:53:20]     VAL PASS  IMOEX              oil_emb_z        lag=  7  m6_ic=0.0446
[18:53:21]     VAL PASS  IMOEX              rate_emb_z       lag= 14  m6_ic=0.1515
[18:53:21]     VAL PASS  IMOEX              rate_emb_z       lag= 30  m6_ic=0.1019
[18:53:21]     VAL PASS  IMOEX              ruble_emb_z      lag= 14  m6_ic=0.1229
[18:53:22]     VAL PASS  IMOEX              ruble_emb_z      lag= 30  m6_ic=0.1410
[18:53:22]     VAL PASS  IMOEX              sanctions_emb_z  lag=  7  m6_ic=0.0502
[18:53:22]     VAL PASS  IMOEX              sanctions_emb_z  lag= 14  m6_ic=0.1057
[18:53:22]     VAL PASS  IMOEX              sanctions_emb_z  lag= 30  m6_ic=0.0640
[18:53:22]     VAL PASS  IMOEX              inflation_emb_z  lag=  1  m6_ic=0.1056
[18:53:23]     VAL PASS  IMOEX              inflation_emb_z  lag=  7  m6_ic=0.0840
[18:53:23]     VAL PASS  IMOEX              inflation_emb_z  lag= 30  m6_ic=0.0374
[18:53:24]     VAL PASS  MOEXFN             rate_emb_z       lag= 14  m6_ic=0.1772
[18:53:24]     VAL PASS  MOEXFN             ruble_emb_z      lag=  1  m6_ic=0.0796
[18:53:24]     VAL PASS  MOEXFN             ruble_emb_z      lag= 14  m6_ic=0.1199
[18:53:24]     VAL PASS  MOEXFN             ruble_emb_z      lag= 30  m6_ic=0.1240
[18:53:25]     VAL PASS  MOEXFN             sanctions_emb_z  lag= 30  m6_ic=0.0366
[18:53:25]     VAL PASS  MOEXFN             inflation_emb_z  lag=  7  m6_ic=0.1169
[18:53:25]     VAL PASS  MOEXFN             inflation_emb_z  lag= 30  m6_ic=0.0446
[18:53:25]     VAL PASS  MOEXFN             banking_emb_z    lag= 30  m6_ic=0.0792
[18:53:26]     VAL PASS  MOEXOG             oil_emb_z        lag=  1  m6_ic=0.0416
[18:53:26]     VAL PASS  MOEXOG             oil_emb_z        lag=  7  m6_ic=0.0706
[18:53:26]     VAL PASS  MOEXOG             oil_emb_z        lag= 14  m6_ic=0.0718
[18:53:26]     VAL PASS  MOEXOG             oil_emb_z        lag= 30  m6_ic=0.0664
[18:53:27]     VAL PASS  MOEXOG             rate_emb_z       lag=  7  m6_ic=0.0349
[18:53:27]     VAL PASS  MOEXOG             rate_emb_z       lag= 14  m6_ic=0.1417
[18:53:27]     VAL PASS  MOEXOG             rate_emb_z       lag= 30  m6_ic=0.0866
[18:53:27]     VAL PASS  MOEXOG             ruble_emb_z      lag= 14  m6_ic=0.0964
[18:53:27]     VAL PASS  MOEXOG             ruble_emb_z      lag= 30  m6_ic=0.1103
[18:53:28]     VAL PASS  MOEXOG             inflation_emb_z  lag=  1  m6_ic=0.1491
[18:53:28]     VAL PASS  MOEXOG             inflation_emb_z  lag=  7  m6_ic=0.0409
[18:53:28]     VAL PASS  MOEXOG             inflation_emb_z  lag= 30  m6_ic=0.0399
[18:53:28]     VAL PASS  MOEXOG             banking_emb_z    lag= 30  m6_ic=0.0722
[18:53:29]     VAL PASS  MOEXOG             gold_emb_z       lag=  1  m6_ic=0.0892
[18:53:29]     VAL PASS  MOEXOG             gold_emb_z       lag= 14  m6_ic=0.0572
[18:53:29]     VAL PASS  MOEXOG             gold_emb_z       lag= 30  m6_ic=0.1562
[18:53:30]     VAL PASS  MOEX10             oil_emb_z        lag= 14  m6_ic=0.0816
[18:53:30]     VAL PASS  MOEX10             oil_emb_z        lag= 30  m6_ic=0.0310
[18:53:30]     VAL PASS  MOEX10             rate_emb_z       lag= 14  m6_ic=0.1497
[18:53:30]     VAL PASS  MOEX10             ruble_emb_z      lag=  1  m6_ic=0.0487
[18:53:30]     VAL PASS  MOEX10             ruble_emb_z      lag= 30  m6_ic=0.1278
[18:53:31]     VAL PASS  MOEX10             sanctions_emb_z  lag= 14  m6_ic=0.1211
[18:53:31]     VAL PASS  MOEX10             inflation_emb_z  lag=  1  m6_ic=0.1071
[18:53:31]     VAL PASS  MOEX10             inflation_emb_z  lag=  7  m6_ic=0.0961
[18:53:31]     VAL PASS  MOEX10             inflation_emb_z  lag= 14  m6_ic=0.0450
[18:53:31]     VAL PASS  MOEX10             banking_emb_z    lag= 14  m6_ic=0.0410
[18:53:32]     VAL PASS  MOEX10             banking_emb_z    lag= 30  m6_ic=0.0736
[18:53:32]     VAL PASS  MOEX10             gold_emb_z       lag= 30  m6_ic=0.0702
[18:53:32]     Val: 185/260 held
[18:53:32]   → train=260  val=185  max_ic=0.1514
[18:53:32] 
============================================================
[18:53:32] FINAL REPORT
[18:53:32] ============================================================
[18:53:33] Report: C:\project\signal_mind\analytics\phase_b\night_search\night_report_20260521_181814.md
[18:53:33] Hits CSV: C:\project\signal_mind\analytics\phase_b\night_search\night_hits_20260521_181814.csv
[18:53:33] 
────────────────────────────────────────
[18:53:33] Round 1 done: train=3858  val=2595  mean_ic=0.0615
[18:53:33] Cumulative: train=3858  val=2595  val_rate=67.3%  stable=1139
[18:53:33] 
============================================================
[18:53:33] ROUND 2  |  elapsed=0.59h  remaining=7.41h
[18:53:33] ============================================================
[18:53:33]   Knowledge after 1 rounds:
[18:53:33]     train_total=3858  val_total=2595  val_pass_rate=67.3%
[18:53:33]     stable_signals=1139  ic_trend=unknown
[18:53:33]     top_instruments=['GOLD', 'IMOEX', 'MOEXOG']
[18:53:33]     top_topics=['sanctions_emb', 'oil_emb_z', 'ruble_z']
[18:53:33]     best_feat=keyword_z90  → next_ic_gate=0.080  ensemble=M5_AND_M6
[18:53:33] Configs this round: 8
[18:53:33] 
  [1/8] r2_primary_keyword_z90  budget=56min  ic_gate=0.08  ens=M5_AND_M6
[18:53:33]   Config: r2_primary_keyword_z90
[18:53:33]     feature=keyword_z90  target=market_return  ensemble=M5_AND_M6  ic_min=0.08
[18:54:26]   HIT  MSCI_WORLD         sanctions_z      lag= 14 m5_p=0.0137  m6_ic=0.0993
[18:55:34]   HIT  GOLD               inflation_z      lag=  7 m5_p=0.0163  m6_ic=0.1378
[18:56:31]     Train: 2 signals
[18:56:31]     Val holdout (2 candidates)...
[18:56:31]     Val: 0/2 held
[18:56:31]   → train=2  val=0  max_ic=0.1378
[18:56:31] 
============================================================
[18:56:31] FINAL REPORT
[18:56:31] ============================================================
[18:56:32] Report: C:\project\signal_mind\analytics\phase_b\night_search\night_report_20260521_181814.md
[18:56:32] Hits CSV: C:\project\signal_mind\analytics\phase_b\night_search\night_hits_20260521_181814.csv
[18:56:32] 
  [2/8] r2_alt_embedding_raw  budget=63min  ic_gate=0.08  ens=M5_AND_M6
[18:56:32]   Config: r2_alt_embedding_raw
[18:56:32]     feature=embedding_raw  target=market_return  ensemble=M5_AND_M6  ic_min=0.08
[18:58:04]     Train: 0 signals
[18:58:04]   → train=0  val=0  max_ic=0.0000
[18:58:04] 
============================================================
[18:58:04] FINAL REPORT
[18:58:04] ============================================================
[18:58:05] Report: C:\project\signal_mind\analytics\phase_b\night_search\night_report_20260521_181814.md
[18:58:06] Hits CSV: C:\project\signal_mind\analytics\phase_b\night_search\night_hits_20260521_181814.csv
[18:58:06] 
  [3/8] r2_alt_embedding_z90  budget=73min  ic_gate=0.08  ens=M5_AND_M6
[18:58:06]   Config: r2_alt_embedding_z90
[18:58:06]     feature=embedding_z90  target=market_return  ensemble=M5_AND_M6  ic_min=0.08
[18:58:53]   HIT  CHINA_H_SHARES     ruble_emb_z      lag=  7 m5_p=0.0258  m6_ic=0.0937
[18:58:59]   HIT  FTSE_CHINA_50      ruble_emb_z      lag=  7 m5_p=0.0464  m6_ic=0.0841
[18:59:35]     Train: 2 signals
[18:59:35]     Val holdout (2 candidates)...
[18:59:36]     Val: 0/2 held
[18:59:36]   → train=2  val=0  max_ic=0.0937
[18:59:36] 
============================================================
[18:59:36] FINAL REPORT
[18:59:36] ============================================================
[18:59:37] Report: C:\project\signal_mind\analytics\phase_b\night_search\night_report_20260521_181814.md
[18:59:37] Hits CSV: C:\project\signal_mind\analytics\phase_b\night_search\night_hits_20260521_181814.csv
[18:59:37] 
  [4/8] r2_alt_keyword_z30  budget=88min  ic_gate=0.08  ens=M5_AND_M6
[18:59:37]   Config: r2_alt_keyword_z30
[18:59:37]     feature=keyword_z30  target=market_return  ensemble=M5_AND_M6  ic_min=0.08
[18:59:57]   HIT  DJ_SOUTH_AFRICA    sanctions_z      lag= 14 m5_p=0.0128  m6_ic=0.0833
[19:00:37]   HIT  GOLD               inflation_z      lag=  7 m5_p=0.0360  m6_ic=0.0828
[19:01:06]     Train: 2 signals
[19:01:06]     Val holdout (2 candidates)...
[19:01:06]     Val: 0/2 held
[19:01:06]   → train=2  val=0  max_ic=0.0833
[19:01:06] 
============================================================
[19:01:06] FINAL REPORT
[19:01:06] ============================================================
[19:01:08] Report: C:\project\signal_mind\analytics\phase_b\night_search\night_report_20260521_181814.md
[19:01:08] Hits CSV: C:\project\signal_mind\analytics\phase_b\night_search\night_hits_20260521_181814.csv
[19:01:08] 
  [5/8] r2_stable_MOEXOG_inflat  budget=109min  ic_gate=0.06  ens=M5_AND_M6
[19:01:08]   Config: r2_stable_MOEXOG_inflat
[19:01:08]     feature=keyword_z90  target=market_return  ensemble=M5_AND_M6  ic_min=0.06
[19:02:52]   HIT  MOEXOG             sanctions_z      lag= 23 m5_p=0.0420  m6_ic=0.0722
[19:03:02]     Train: 1 signals
[19:03:02]     Val holdout (1 candidates)...
[19:03:02]     Val: 0/1 held
[19:03:02]   → train=1  val=0  max_ic=0.0722
[19:03:02] 
============================================================
[19:03:02] FINAL REPORT
[19:03:02] ============================================================
[19:03:04] Report: C:\project\signal_mind\analytics\phase_b\night_search\night_report_20260521_181814.md
[19:03:04] Hits CSV: C:\project\signal_mind\analytics\phase_b\night_search\night_hits_20260521_181814.csv
[19:03:04] 
  [6/8] r2_stable_FTSE_C_gold_z  budget=145min  ic_gate=0.06  ens=M5_AND_M6
[19:03:04]   Config: r2_stable_FTSE_C_gold_z
[19:03:04]     feature=keyword_z90  target=market_return  ensemble=M5_AND_M6  ic_min=0.06
[19:04:48]   HIT  MOEXOG             sanctions_z      lag= 23 m5_p=0.0420  m6_ic=0.0722
[19:04:59]     Train: 1 signals
[19:04:59]     Val holdout (1 candidates)...
[19:04:59]     Val: 0/1 held
[19:04:59]   → train=1  val=0  max_ic=0.0722
[19:04:59] 
============================================================
[19:04:59] FINAL REPORT
[19:04:59] ============================================================
[19:05:00] Report: C:\project\signal_mind\analytics\phase_b\night_search\night_report_20260521_181814.md
[19:05:00] Hits CSV: C:\project\signal_mind\analytics\phase_b\night_search\night_hits_20260521_181814.csv
[19:05:00] 
  [7/8] r2_stable_MOEX10_oil_z  budget=217min  ic_gate=0.06  ens=M5_AND_M6
[19:05:00]   Config: r2_stable_MOEX10_oil_z
[19:05:00]     feature=keyword_z90  target=market_return  ensemble=M5_AND_M6  ic_min=0.06
[19:05:07]   HIT  USD_RUB            sanctions_z      lag=  2 m5_p=0.0239  m6_ic=0.0680
[19:05:10]   HIT  EUR_RUB            sanctions_z      lag=  2 m5_p=0.0239  m6_ic=0.0680
[19:05:40]   HIT  GOLD               rate_z           lag=  8 m5_p=0.0277  m6_ic=0.0683
[19:06:02]     Train: 3 signals
[19:06:02]     Val holdout (3 candidates)...
[19:06:02]     Val: 0/3 held
[19:06:02]   → train=3  val=0  max_ic=0.0683
[19:06:02] 
============================================================
[19:06:02] FINAL REPORT
[19:06:02] ============================================================
[19:06:04] Report: C:\project\signal_mind\analytics\phase_b\night_search\night_report_20260521_181814.md
[19:06:04] Hits CSV: C:\project\signal_mind\analytics\phase_b\night_search\night_hits_20260521_181814.csv
[19:06:04] 
  [8/8] r2_stable_SILVER_rate_z  budget=432min  ic_gate=0.06  ens=M5_AND_M6
[19:06:04]   Config: r2_stable_SILVER_rate_z
[19:06:04]     feature=keyword_z90  target=market_return  ensemble=M5_AND_M6  ic_min=0.06
[19:06:22]   HIT  MSCI_WORLD         sanctions_z      lag= 14 m5_p=0.0137  m6_ic=0.0993
[19:06:46]   HIT  GOLD               inflation_z      lag=  7 m5_p=0.0163  m6_ic=0.1378
[19:07:07]     Train: 2 signals
[19:07:07]     Val holdout (2 candidates)...
[19:07:07]     Val: 0/2 held
[19:07:07]   → train=2  val=0  max_ic=0.1378
[19:07:07] 
============================================================
[19:07:07] FINAL REPORT
[19:07:07] ============================================================
[19:07:08] Report: C:\project\signal_mind\analytics\phase_b\night_search\night_report_20260521_181814.md
[19:07:09] Hits CSV: C:\project\signal_mind\analytics\phase_b\night_search\night_hits_20260521_181814.csv
[19:07:09] 
────────────────────────────────────────
[19:07:09] Round 2 done: train=13  val=0  mean_ic=0.0897
[19:07:09] Cumulative: train=3871  val=2595  val_rate=67.0%  stable=1140
[19:07:09] 
============================================================
[19:07:09] ROUND 3  |  elapsed=0.81h  remaining=7.19h
[19:07:09] ============================================================
[19:07:09]   Knowledge after 2 rounds:
[19:07:09]     train_total=3871  val_total=2595  val_pass_rate=67.0%
[19:07:09]     stable_signals=1140  ic_trend=unknown
[19:07:09]     top_instruments=['GOLD', 'IMOEX', 'MOEXOG']
[19:07:09]     top_topics=['sanctions_emb', 'oil_emb_z', 'ruble_z']
[19:07:09]     best_feat=keyword_z90  → next_ic_gate=0.080  ensemble=M5_AND_M6
[19:07:09] Configs this round: 10
[19:07:09] 
  [1/10] r3_primary_keyword_z90  budget=43min  ic_gate=0.08  ens=M5_AND_M6
[19:07:09]   Config: r3_primary_keyword_z90
[19:07:09]     feature=keyword_z90  target=market_return  ensemble=M5_AND_M6  ic_min=0.08
[19:09:39]   HIT  GOLD               inflation_z      lag=  7 m5_p=0.0163  m6_ic=0.1378
[19:10:48]     Train: 1 signals
[19:10:48]     Val holdout (1 candidates)...
[19:10:49]     Val: 0/1 held
[19:10:49]   → train=1  val=0  max_ic=0.1378
[19:10:49] 
============================================================
[19:10:49] FINAL REPORT
[19:10:49] ============================================================
[19:10:50] Report: C:\project\signal_mind\analytics\phase_b\night_search\night_report_20260521_181814.md
[19:10:50] Hits CSV: C:\project\signal_mind\analytics\phase_b\night_search\night_hits_20260521_181814.csv
[19:10:50] 
  [2/10] r3_alt_embedding_raw  budget=48min  ic_gate=0.08  ens=M5_AND_M6
[19:10:50]   Config: r3_alt_embedding_raw
[19:10:50]     feature=embedding_raw  target=market_return  ensemble=M5_AND_M6  ic_min=0.08
[19:11:44]   HIT  FTSE_CHINA_50      oil_emb          lag= 23 m5_p=0.0062  m6_ic=0.0804
[19:11:50]   HIT  GOLD               rate_emb         lag= 23 m5_p=0.0240  m6_ic=0.0939
[19:11:55]   HIT  SILVER             oil_emb          lag= 23 m5_p=0.0425  m6_ic=0.0922
[19:12:05]   HIT  IMOEX              banking_emb      lag=  2 m5_p=0.0241  m6_ic=0.0864
[19:12:16]   HIT  MOEXOG             banking_emb      lag=  2 m5_p=0.0222  m6_ic=0.1510
[19:12:22]   HIT  MOEX10             banking_emb      lag=  2 m5_p=0.0267  m6_ic=0.0887
[19:12:24]     Train: 6 signals
[19:12:24]     Val holdout (6 candidates)...
[19:12:25]     Val: 0/6 held
[19:12:25]   → train=6  val=0  max_ic=0.1510
[19:12:25] 
============================================================
[19:12:25] FINAL REPORT
[19:12:25] ============================================================
[19:12:26] Report: C:\project\signal_mind\analytics\phase_b\night_search\night_report_20260521_181814.md
[19:12:26] Hits CSV: C:\project\signal_mind\analytics\phase_b\night_search\night_hits_20260521_181814.csv
[19:12:26] 
  [3/10] r3_alt_embedding_z90  budget=53min  ic_gate=0.08  ens=M5_AND_M6
[19:12:26]   Config: r3_alt_embedding_z90
[19:12:26]     feature=embedding_z90  target=market_return  ensemble=M5_AND_M6  ic_min=0.08
[19:12:57]   HIT  DXY                rate_emb_z       lag=  8 m5_p=0.0403  m6_ic=0.0857
[19:13:03]   HIT  BRENT              ruble_emb_z      lag=  8 m5_p=0.0321  m6_ic=0.1098
[19:13:08]   HIT  MSCI_INDIA         oil_emb_z        lag=  2 m5_p=0.0235  m6_ic=0.0955
[19:13:09]   HIT  MSCI_INDIA         rate_emb_z       lag=  8 m5_p=0.0230  m6_ic=0.0825
[19:13:14]   HIT  CHINA_H_SHARES     oil_emb_z        lag= 23 m5_p=0.0132  m6_ic=0.1293
[19:13:19]   HIT  FTSE_CHINA_50      oil_emb_z        lag= 23 m5_p=0.0115  m6_ic=0.1480
[19:13:58]     Train: 6 signals
[19:13:58]     Val holdout (6 candidates)...
[19:13:59]     Val: 0/6 held
[19:13:59]   → train=6  val=0  max_ic=0.1480
[19:13:59] 
============================================================
[19:13:59] FINAL REPORT
[19:13:59] ============================================================
[19:14:00] Report: C:\project\signal_mind\analytics\phase_b\night_search\night_report_20260521_181814.md
[19:14:00] Hits CSV: C:\project\signal_mind\analytics\phase_b\night_search\night_hits_20260521_181814.csv
[19:14:00] 
  [4/10] r3_alt_keyword_z30  budget=61min  ic_gate=0.08  ens=M5_AND_M6
[19:14:00]   Config: r3_alt_keyword_z30
[19:14:00]     feature=keyword_z30  target=market_return  ensemble=M5_AND_M6  ic_min=0.08
[19:15:21]   HIT  MOEXOG             oil_z            lag= 23 m5_p=0.0341  m6_ic=0.0843
[19:15:31]     Train: 1 signals
[19:15:31]     Val holdout (1 candidates)...
[19:15:31]     Val: 0/1 held
[19:15:31]   → train=1  val=0  max_ic=0.0843
[19:15:31] 
============================================================
[19:15:31] FINAL REPORT
[19:15:31] ============================================================
[19:15:33] Report: C:\project\signal_mind\analytics\phase_b\night_search\night_report_20260521_181814.md
[19:15:33] Hits CSV: C:\project\signal_mind\analytics\phase_b\night_search\night_hits_20260521_181814.csv
[19:15:33] 
  [5/10] r3_stable_GOLD_inflat  budget=70min  ic_gate=0.06  ens=M5_AND_M6
[19:15:33]   Config: r3_stable_GOLD_inflat
[19:15:33]     feature=keyword_z90  target=market_return  ensemble=M5_AND_M6  ic_min=0.06
[19:15:51]   HIT  MSCI_WORLD         sanctions_z      lag= 14 m5_p=0.0137  m6_ic=0.0993
[19:16:15]   HIT  GOLD               inflation_z      lag=  7 m5_p=0.0163  m6_ic=0.1378
[19:16:36]     Train: 2 signals
[19:16:36]     Val holdout (2 candidates)...
[19:16:36]     Val: 0/2 held
[19:16:36]   → train=2  val=0  max_ic=0.1378
[19:16:36] 
============================================================
[19:16:36] FINAL REPORT
[19:16:36] ============================================================
[19:16:37] Report: C:\project\signal_mind\analytics\phase_b\night_search\night_report_20260521_181814.md
[19:16:38] Hits CSV: C:\project\signal_mind\analytics\phase_b\night_search\night_hits_20260521_181814.csv
[19:16:38] 
  [6/10] r3_stable_MSCI_W_sancti  budget=84min  ic_gate=0.06  ens=M5_AND_M6
[19:16:38]   Config: r3_stable_MSCI_W_sancti
[19:16:38]     feature=keyword_z90  target=market_return  ensemble=M5_AND_M6  ic_min=0.06
[19:16:45]   HIT  USD_RUB            oil_z            lag= 28 m5_p=0.0221  m6_ic=0.0768
[19:16:50]   HIT  EUR_RUB            oil_z            lag= 28 m5_p=0.0221  m6_ic=0.0768
[19:16:56]   HIT  DJ_SOUTH_AFRICA    oil_z            lag= 21 m5_p=0.0026  m6_ic=0.0660
[19:17:01]   HIT  DJ_SOUTH_AFRICA    gold_z           lag= 28 m5_p=0.0225  m6_ic=0.0676
[19:17:01]   HIT  MSCI_WORLD         oil_z            lag= 21 m5_p=0.0462  m6_ic=0.0646
[19:17:04]   HIT  MSCI_WORLD         sanctions_z      lag= 14 m5_p=0.0137  m6_ic=0.0993
[19:17:18]   HIT  BRENT              gold_z           lag= 21 m5_p=0.0117  m6_ic=0.0684
[19:17:38]   HIT  GOLD               inflation_z      lag=  7 m5_p=0.0163  m6_ic=0.1378
[19:18:09]     Train: 8 signals
[19:18:09]     Val holdout (8 candidates)...
[19:18:11]     Val: 0/8 held
[19:18:11]   → train=8  val=0  max_ic=0.1378
[19:18:11] 
============================================================
[19:18:11] FINAL REPORT
[19:18:11] ============================================================
[19:18:12] Report: C:\project\signal_mind\analytics\phase_b\night_search\night_report_20260521_181814.md
[19:18:13] Hits CSV: C:\project\signal_mind\analytics\phase_b\night_search\night_hits_20260521_181814.csv
[19:18:13] 
  [7/10] r3_stable_DJ_SOU_sancti  budget=105min  ic_gate=0.06  ens=M5_AND_M6
[19:18:13]   Config: r3_stable_DJ_SOU_sancti
[19:18:13]     feature=keyword_z90  target=market_return  ensemble=M5_AND_M6  ic_min=0.06
[19:18:20]   HIT  USD_RUB            oil_z            lag= 28 m5_p=0.0221  m6_ic=0.0768
[19:18:25]   HIT  EUR_RUB            oil_z            lag= 28 m5_p=0.0221  m6_ic=0.0768
[19:18:31]   HIT  DJ_SOUTH_AFRICA    oil_z            lag= 21 m5_p=0.0026  m6_ic=0.0660
[19:18:36]   HIT  DJ_SOUTH_AFRICA    gold_z           lag= 28 m5_p=0.0225  m6_ic=0.0676
[19:18:37]   HIT  MSCI_WORLD         oil_z            lag= 21 m5_p=0.0462  m6_ic=0.0646
[19:18:39]   HIT  MSCI_WORLD         sanctions_z      lag= 14 m5_p=0.0137  m6_ic=0.0993
[19:18:53]   HIT  BRENT              gold_z           lag= 21 m5_p=0.0117  m6_ic=0.0684
[19:19:14]   HIT  GOLD               inflation_z      lag=  7 m5_p=0.0163  m6_ic=0.1378
[19:19:47]     Train: 8 signals
[19:19:47]     Val holdout (8 candidates)...
[19:19:48]     Val: 0/8 held
[19:19:48]   → train=8  val=0  max_ic=0.1378
[19:19:48] 
============================================================
[19:19:48] FINAL REPORT
[19:19:48] ============================================================
[19:19:50] Report: C:\project\signal_mind\analytics\phase_b\night_search\night_report_20260521_181814.md
[19:19:50] Hits CSV: C:\project\signal_mind\analytics\phase_b\night_search\night_hits_20260521_181814.csv
[19:19:50] 
  [8/10] r3_stable_MOEXOG_inflat  budget=140min  ic_gate=0.06  ens=M5_AND_M6
[19:19:50]   Config: r3_stable_MOEXOG_inflat
[19:19:50]     feature=keyword_z90  target=market_return  ensemble=M5_AND_M6  ic_min=0.06
[19:21:34]   HIT  MOEXOG             sanctions_z      lag= 23 m5_p=0.0420  m6_ic=0.0722
[19:21:45]     Train: 1 signals
[19:21:45]     Val holdout (1 candidates)...
[19:21:45]     Val: 0/1 held
[19:21:45]   → train=1  val=0  max_ic=0.0722
[19:21:45] 
============================================================
[19:21:45] FINAL REPORT
[19:21:45] ============================================================
[19:21:47] Report: C:\project\signal_mind\analytics\phase_b\night_search\night_report_20260521_181814.md
[19:21:47] Hits CSV: C:\project\signal_mind\analytics\phase_b\night_search\night_hits_20260521_181814.csv
[19:21:47] 
  [9/10] r3_regime2022_keyword_z90  budget=208min  ic_gate=0.07  ens=M5_AND_M6
[19:21:47]   Loading regime 2022-01-01..2022-12-31
[19:21:47]   Regime loaded: 16 instruments
[19:21:47]   Config: r3_regime2022_keyword_z90
[19:21:47]     feature=keyword_z90  target=market_return  ensemble=M5_AND_M6  ic_min=0.07
[19:22:51]   HIT  MOEXFN             gold_z           lag=  8 m5_p=0.0263  m6_ic=0.1080
[19:22:57]     Train: 1 signals
[19:22:57]     Val holdout (1 candidates)...
[19:22:57]     Val: 0/1 held
[19:22:57]   → train=1  val=0  max_ic=0.1080
[19:22:57] 
============================================================
[19:22:57] FINAL REPORT
[19:22:57] ============================================================
[19:22:59] Report: C:\project\signal_mind\analytics\phase_b\night_search\night_report_20260521_181814.md
[19:22:59] Hits CSV: C:\project\signal_mind\analytics\phase_b\night_search\night_hits_20260521_181814.csv
[19:22:59] 
  [10/10] r3_regime2023_keyword_z90  budget=415min  ic_gate=0.07  ens=M5_AND_M6
[19:22:59]   Loading regime 2023-01-01..2023-09-30
[19:22:59]   Regime loaded: 16 instruments
[19:22:59]   Config: r3_regime2023_keyword_z90
[19:22:59]     feature=keyword_z90  target=market_return  ensemble=M5_AND_M6  ic_min=0.07
[19:23:08]     Train: 0 signals
[19:23:08]   → train=0  val=0  max_ic=0.0000
[19:23:08] 
============================================================
[19:23:08] FINAL REPORT
[19:23:08] ============================================================
[19:23:09] Report: C:\project\signal_mind\analytics\phase_b\night_search\night_report_20260521_181814.md
[19:23:09] Hits CSV: C:\project\signal_mind\analytics\phase_b\night_search\night_hits_20260521_181814.csv
[19:23:09] 
────────────────────────────────────────
[19:23:09] Round 3 done: train=34  val=0  mean_ic=0.0940
[19:23:09] Cumulative: train=3905  val=2595  val_rate=66.5%  stable=1146
[19:23:09] 
============================================================
[19:23:09] ROUND 4  |  elapsed=1.08h  remaining=6.92h
[19:23:09] ============================================================
[19:23:09]   Knowledge after 3 rounds:
[19:23:09]     train_total=3905  val_total=2595  val_pass_rate=66.5%
[19:23:09]     stable_signals=1146  ic_trend=stable
[19:23:09]     top_instruments=['GOLD', 'IMOEX', 'MOEXOG']
[19:23:09]     top_topics=['sanctions_emb', 'oil_emb_z', 'inflation_z']
[19:23:09]     best_feat=keyword_z90  → next_ic_gate=0.080  ensemble=M5_AND_M6
[19:23:09] Configs this round: 8
[19:23:09] 
  [1/8] r4_primary_keyword_z90  budget=52min  ic_gate=0.08  ens=M5_AND_M6
[19:23:09]   Config: r4_primary_keyword_z90
[19:23:09]     feature=keyword_z90  target=market_return  ensemble=M5_AND_M6  ic_min=0.08
[19:25:58]   HIT  GOLD               inflation_z      lag=  7 m5_p=0.0163  m6_ic=0.1378
[19:27:18]     Train: 1 signals
[19:27:18]     Val holdout (1 candidates)...
[19:27:18]     Val: 0/1 held
[19:27:18]   → train=1  val=0  max_ic=0.1378
[19:27:18] 
============================================================
[19:27:18] FINAL REPORT
[19:27:18] ============================================================
[19:27:19] Report: C:\project\signal_mind\analytics\phase_b\night_search\night_report_20260521_181814.md
[19:27:19] Hits CSV: C:\project\signal_mind\analytics\phase_b\night_search\night_hits_20260521_181814.csv
[19:27:19] 
  [2/8] r4_alt_embedding_raw  budget=59min  ic_gate=0.08  ens=M5_AND_M6
[19:27:19]   Config: r4_alt_embedding_raw
[19:27:19]     feature=embedding_raw  target=market_return  ensemble=M5_AND_M6  ic_min=0.08
[19:28:12]   HIT  FTSE_CHINA_50      oil_emb          lag= 23 m5_p=0.0062  m6_ic=0.0804
[19:28:18]   HIT  GOLD               rate_emb         lag= 23 m5_p=0.0240  m6_ic=0.0939
[19:28:23]   HIT  SILVER             oil_emb          lag= 23 m5_p=0.0425  m6_ic=0.0922
[19:28:32]   HIT  IMOEX              banking_emb      lag=  2 m5_p=0.0241  m6_ic=0.0864
[19:28:44]   HIT  MOEXOG             banking_emb      lag=  2 m5_p=0.0222  m6_ic=0.1510
[19:28:50]   HIT  MOEX10             banking_emb      lag=  2 m5_p=0.0267  m6_ic=0.0887
[19:28:51]     Train: 6 signals
[19:28:51]     Val holdout (6 candidates)...
[19:28:52]     Val: 0/6 held
[19:28:52]   → train=6  val=0  max_ic=0.1510
[19:28:52] 
============================================================
[19:28:52] FINAL REPORT
[19:28:52] ============================================================
[19:28:54] Report: C:\project\signal_mind\analytics\phase_b\night_search\night_report_20260521_181814.md
[19:28:54] Hits CSV: C:\project\signal_mind\analytics\phase_b\night_search\night_hits_20260521_181814.csv
[19:28:54] 
  [3/8] r4_alt_embedding_z90  budget=68min  ic_gate=0.08  ens=M5_AND_M6
[19:28:54]   Config: r4_alt_embedding_z90
[19:28:54]     feature=embedding_z90  target=market_return  ensemble=M5_AND_M6  ic_min=0.08
[19:29:24]   HIT  DXY                rate_emb_z       lag=  8 m5_p=0.0403  m6_ic=0.0857
[19:29:31]   HIT  BRENT              ruble_emb_z      lag=  8 m5_p=0.0321  m6_ic=0.1098
[19:29:35]   HIT  MSCI_INDIA         oil_emb_z        lag=  2 m5_p=0.0235  m6_ic=0.0955
[19:29:36]   HIT  MSCI_INDIA         rate_emb_z       lag=  8 m5_p=0.0230  m6_ic=0.0825
[19:29:41]   HIT  CHINA_H_SHARES     oil_emb_z        lag= 23 m5_p=0.0132  m6_ic=0.1293
[19:29:47]   HIT  FTSE_CHINA_50      oil_emb_z        lag= 23 m5_p=0.0115  m6_ic=0.1480
[19:30:25]     Train: 6 signals
[19:30:25]     Val holdout (6 candidates)...
[19:30:26]     Val: 0/6 held
[19:30:26]   → train=6  val=0  max_ic=0.1480
[19:30:26] 
============================================================
[19:30:26] FINAL REPORT
[19:30:26] ============================================================
[19:30:28] Report: C:\project\signal_mind\analytics\phase_b\night_search\night_report_20260521_181814.md
[19:30:28] Hits CSV: C:\project\signal_mind\analytics\phase_b\night_search\night_hits_20260521_181814.csv
[19:30:28] 
  [4/8] r4_alt_keyword_z30  budget=82min  ic_gate=0.08  ens=M5_AND_M6
[19:30:28]   Config: r4_alt_keyword_z30
[19:30:28]     feature=keyword_z30  target=market_return  ensemble=M5_AND_M6  ic_min=0.08
[19:30:35]   HIT  USD_RUB            oil_z            lag= 28 m5_p=0.0116  m6_ic=0.0999
[19:30:40]   HIT  EUR_RUB            oil_z            lag= 28 m5_p=0.0116  m6_ic=0.0999
[19:31:48]   HIT  MOEXOG             oil_z            lag= 23 m5_p=0.0341  m6_ic=0.0843
[19:31:58]     Train: 3 signals
[19:31:58]     Val holdout (3 candidates)...
[19:31:59]     Val: 0/3 held
[19:31:59]   → train=3  val=0  max_ic=0.0999
[19:31:59] 
============================================================
[19:31:59] FINAL REPORT
[19:31:59] ============================================================
[19:32:00] Report: C:\project\signal_mind\analytics\phase_b\night_search\night_report_20260521_181814.md
[19:32:00] Hits CSV: C:\project\signal_mind\analytics\phase_b\night_search\night_hits_20260521_181814.csv
[19:32:00] 
  [5/8] r4_stable_GOLD_inflat  budget=102min  ic_gate=0.06  ens=M5_AND_M6
[19:32:00]   Config: r4_stable_GOLD_inflat
[19:32:00]     feature=keyword_z90  target=market_return  ensemble=M5_AND_M6  ic_min=0.06
[19:32:19]   HIT  MSCI_WORLD         sanctions_z      lag= 14 m5_p=0.0137  m6_ic=0.0993
[19:32:43]   HIT  GOLD               inflation_z      lag=  7 m5_p=0.0163  m6_ic=0.1378
[19:33:04]     Train: 2 signals
[19:33:04]     Val holdout (2 candidates)...
[19:33:04]     Val: 0/2 held
[19:33:04]   → train=2  val=0  max_ic=0.1378
[19:33:04] 
============================================================
[19:33:04] FINAL REPORT
[19:33:04] ============================================================
[19:33:06] Report: C:\project\signal_mind\analytics\phase_b\night_search\night_report_20260521_181814.md
[19:33:06] Hits CSV: C:\project\signal_mind\analytics\phase_b\night_search\night_hits_20260521_181814.csv
[19:33:06] 
  [6/8] r4_stable_MSCI_W_sancti  budget=135min  ic_gate=0.06  ens=M5_AND_M6
[19:33:06]   Config: r4_stable_MSCI_W_sancti
[19:33:06]     feature=keyword_z90  target=market_return  ensemble=M5_AND_M6  ic_min=0.06
[19:33:13]   HIT  USD_RUB            oil_z            lag= 28 m5_p=0.0221  m6_ic=0.0768
[19:33:19]   HIT  EUR_RUB            oil_z            lag= 28 m5_p=0.0221  m6_ic=0.0768
[19:33:24]   HIT  DJ_SOUTH_AFRICA    oil_z            lag= 21 m5_p=0.0026  m6_ic=0.0660
[19:33:30]   HIT  DJ_SOUTH_AFRICA    gold_z           lag= 28 m5_p=0.0225  m6_ic=0.0676
[19:33:30]   HIT  MSCI_WORLD         oil_z            lag= 21 m5_p=0.0462  m6_ic=0.0646
[19:33:32]   HIT  MSCI_WORLD         sanctions_z      lag= 14 m5_p=0.0137  m6_ic=0.0993
[19:33:47]   HIT  BRENT              gold_z           lag= 21 m5_p=0.0117  m6_ic=0.0684
[19:34:07]   HIT  GOLD               inflation_z      lag=  7 m5_p=0.0163  m6_ic=0.1378
[19:34:38]     Train: 8 signals
[19:34:38]     Val holdout (8 candidates)...
[19:34:39]     Val: 0/8 held
[19:34:39]   → train=8  val=0  max_ic=0.1378
[19:34:39] 
============================================================
[19:34:39] FINAL REPORT
[19:34:39] ============================================================
[19:34:41] Report: C:\project\signal_mind\analytics\phase_b\night_search\night_report_20260521_181814.md
[19:34:41] Hits CSV: C:\project\signal_mind\analytics\phase_b\night_search\night_hits_20260521_181814.csv
[19:34:41] 
  [7/8] r4_stable_DJ_SOU_sancti  budget=202min  ic_gate=0.06  ens=M5_AND_M6
[19:34:41]   Config: r4_stable_DJ_SOU_sancti
[19:34:41]     feature=keyword_z90  target=market_return  ensemble=M5_AND_M6  ic_min=0.06
[19:34:47]   HIT  USD_RUB            oil_z            lag= 28 m5_p=0.0221  m6_ic=0.0768
[19:34:53]   HIT  EUR_RUB            oil_z            lag= 28 m5_p=0.0221  m6_ic=0.0768
[19:34:59]   HIT  DJ_SOUTH_AFRICA    oil_z            lag= 21 m5_p=0.0026  m6_ic=0.0660
[19:35:04]   HIT  DJ_SOUTH_AFRICA    gold_z           lag= 28 m5_p=0.0225  m6_ic=0.0676
[19:35:04]   HIT  MSCI_WORLD         oil_z            lag= 21 m5_p=0.0462  m6_ic=0.0646
[19:35:07]   HIT  MSCI_WORLD         sanctions_z      lag= 14 m5_p=0.0137  m6_ic=0.0993
[19:35:21]   HIT  BRENT              gold_z           lag= 21 m5_p=0.0117  m6_ic=0.0684
[19:35:42]   HIT  GOLD               inflation_z      lag=  7 m5_p=0.0163  m6_ic=0.1378
[19:36:12]     Train: 8 signals
[19:36:12]     Val holdout (8 candidates)...
[19:36:14]     Val: 0/8 held
[19:36:14]   → train=8  val=0  max_ic=0.1378
[19:36:14] 
============================================================
[19:36:14] FINAL REPORT
[19:36:14] ============================================================
[19:36:15] Report: C:\project\signal_mind\analytics\phase_b\night_search\night_report_20260521_181814.md
[19:36:15] Hits CSV: C:\project\signal_mind\analytics\phase_b\night_search\night_hits_20260521_181814.csv
[19:36:15] 
  [8/8] r4_stable_MOEXOG_inflat  budget=402min  ic_gate=0.06  ens=M5_AND_M6
[19:36:15]   Config: r4_stable_MOEXOG_inflat
[19:36:15]     feature=keyword_z90  target=market_return  ensemble=M5_AND_M6  ic_min=0.06
[19:38:00]   HIT  MOEXOG             sanctions_z      lag= 23 m5_p=0.0420  m6_ic=0.0722
[19:38:10]     Train: 1 signals
[19:38:10]     Val holdout (1 candidates)...
[19:38:11]     Val: 0/1 held
[19:38:11]   → train=1  val=0  max_ic=0.0722
[19:38:11] 
============================================================
[19:38:11] FINAL REPORT
[19:38:11] ============================================================
[19:38:12] Report: C:\project\signal_mind\analytics\phase_b\night_search\night_report_20260521_181814.md
[19:38:12] Hits CSV: C:\project\signal_mind\analytics\phase_b\night_search\night_hits_20260521_181814.csv
[19:38:12] 
────────────────────────────────────────
[19:38:12] Round 4 done: train=35  val=0  mean_ic=0.0940
[19:38:12] Cumulative: train=3940  val=2595  val_rate=65.9%  stable=1159
[19:38:12] 
============================================================
[19:38:12] ROUND 5  |  elapsed=1.33h  remaining=6.67h
[19:38:12] ============================================================
[19:38:12]   Knowledge after 4 rounds:
[19:38:12]     train_total=3940  val_total=2595  val_pass_rate=65.9%
[19:38:12]     stable_signals=1159  ic_trend=improving
[19:38:12]     top_instruments=['GOLD', 'IMOEX', 'MOEXOG']
[19:38:12]     top_topics=['sanctions_emb', 'oil_emb_z', 'inflation_z']
[19:38:12]     best_feat=keyword_z90  → next_ic_gate=0.080  ensemble=M5_AND_M6
[19:38:12] Configs this round: 8
[19:38:12] 
  [1/8] r5_primary_keyword_z90  budget=50min  ic_gate=0.08  ens=M5_AND_M6
[19:38:12]   Config: r5_primary_keyword_z90
[19:38:12]     feature=keyword_z90  target=market_return  ensemble=M5_AND_M6  ic_min=0.08
[19:41:01]   HIT  GOLD               inflation_z      lag=  7 m5_p=0.0163  m6_ic=0.1378
[19:42:20]     Train: 1 signals
[19:42:20]     Val holdout (1 candidates)...
[19:42:20]     Val: 0/1 held
[19:42:20]   → train=1  val=0  max_ic=0.1378
[19:42:20] 
============================================================
[19:42:20] FINAL REPORT
[19:42:20] ============================================================
[19:42:21] Report: C:\project\signal_mind\analytics\phase_b\night_search\night_report_20260521_181814.md
[19:42:21] Hits CSV: C:\project\signal_mind\analytics\phase_b\night_search\night_hits_20260521_181814.csv
[19:42:21] 
  [2/8] r5_alt_embedding_raw  budget=57min  ic_gate=0.08  ens=M5_AND_M6
[19:42:21]   Config: r5_alt_embedding_raw
[19:42:21]     feature=embedding_raw  target=market_return  ensemble=M5_AND_M6  ic_min=0.08
[19:43:14]   HIT  FTSE_CHINA_50      oil_emb          lag= 23 m5_p=0.0062  m6_ic=0.0804
[19:43:21]   HIT  GOLD               rate_emb         lag= 23 m5_p=0.0240  m6_ic=0.0939
[19:43:25]   HIT  SILVER             oil_emb          lag= 23 m5_p=0.0425  m6_ic=0.0922
[19:43:35]   HIT  IMOEX              banking_emb      lag=  2 m5_p=0.0241  m6_ic=0.0864
[19:43:46]   HIT  MOEXOG             banking_emb      lag=  2 m5_p=0.0222  m6_ic=0.1510
[19:43:51]   HIT  MOEX10             banking_emb      lag=  2 m5_p=0.0267  m6_ic=0.0887
[19:43:53]     Train: 6 signals
[19:43:53]     Val holdout (6 candidates)...
[19:43:54]     Val: 0/6 held
[19:43:54]   → train=6  val=0  max_ic=0.1510
[19:43:54] 
============================================================
[19:43:54] FINAL REPORT
[19:43:54] ============================================================
[19:43:55] Report: C:\project\signal_mind\analytics\phase_b\night_search\night_report_20260521_181814.md
[19:43:56] Hits CSV: C:\project\signal_mind\analytics\phase_b\night_search\night_hits_20260521_181814.csv
[19:43:56] 
  [3/8] r5_alt_embedding_z90  budget=66min  ic_gate=0.08  ens=M5_AND_M6
[19:43:56]   Config: r5_alt_embedding_z90
[19:43:56]     feature=embedding_z90  target=market_return  ensemble=M5_AND_M6  ic_min=0.08
[19:44:26]   HIT  DXY                rate_emb_z       lag=  8 m5_p=0.0403  m6_ic=0.0857
[19:44:33]   HIT  BRENT              ruble_emb_z      lag=  8 m5_p=0.0321  m6_ic=0.1098
[19:44:37]   HIT  MSCI_INDIA         oil_emb_z        lag=  2 m5_p=0.0235  m6_ic=0.0955
[19:44:38]   HIT  MSCI_INDIA         rate_emb_z       lag=  8 m5_p=0.0230  m6_ic=0.0825
[19:44:43]   HIT  CHINA_H_SHARES     oil_emb_z        lag= 23 m5_p=0.0132  m6_ic=0.1293
[19:44:49]   HIT  FTSE_CHINA_50      oil_emb_z        lag= 23 m5_p=0.0115  m6_ic=0.1480
[19:45:27]     Train: 6 signals
[19:45:27]     Val holdout (6 candidates)...
[19:45:28]     Val: 0/6 held
[19:45:28]   → train=6  val=0  max_ic=0.1480
[19:45:28] 
============================================================
[19:45:28] FINAL REPORT
[19:45:28] ============================================================
[19:45:30] Report: C:\project\signal_mind\analytics\phase_b\night_search\night_report_20260521_181814.md
[19:45:30] Hits CSV: C:\project\signal_mind\analytics\phase_b\night_search\night_hits_20260521_181814.csv
[19:45:30] 
  [4/8] r5_alt_keyword_z30  budget=79min  ic_gate=0.08  ens=M5_AND_M6
[19:45:30]   Config: r5_alt_keyword_z30
[19:45:30]     feature=keyword_z30  target=market_return  ensemble=M5_AND_M6  ic_min=0.08
[19:45:37]   HIT  USD_RUB            oil_z            lag= 28 m5_p=0.0116  m6_ic=0.0999
[19:45:42]   HIT  EUR_RUB            oil_z            lag= 28 m5_p=0.0116  m6_ic=0.0999
[19:46:50]   HIT  MOEXOG             oil_z            lag= 23 m5_p=0.0341  m6_ic=0.0843
[19:47:01]     Train: 3 signals
[19:47:01]     Val holdout (3 candidates)...
[19:47:02]     Val: 0/3 held
[19:47:02]   → train=3  val=0  max_ic=0.0999
[19:47:02] 
============================================================
[19:47:02] FINAL REPORT
[19:47:02] ============================================================
[19:47:03] Report: C:\project\signal_mind\analytics\phase_b\night_search\night_report_20260521_181814.md
[19:47:03] Hits CSV: C:\project\signal_mind\analytics\phase_b\night_search\night_hits_20260521_181814.csv
[19:47:03] 
  [5/8] r5_stable_GOLD_inflat  budget=98min  ic_gate=0.06  ens=M5_AND_M6
[19:47:03]   Config: r5_stable_GOLD_inflat
[19:47:03]     feature=keyword_z90  target=market_return  ensemble=M5_AND_M6  ic_min=0.06
[19:47:22]   HIT  MSCI_WORLD         sanctions_z      lag= 14 m5_p=0.0137  m6_ic=0.0993
[19:47:46]   HIT  GOLD               inflation_z      lag=  7 m5_p=0.0163  m6_ic=0.1378
[19:48:07]     Train: 2 signals
[19:48:07]     Val holdout (2 candidates)...
[19:48:07]     Val: 0/2 held
[19:48:07]   → train=2  val=0  max_ic=0.1378
[19:48:07] 
============================================================
[19:48:07] FINAL REPORT
[19:48:07] ============================================================
[19:48:08] Report: C:\project\signal_mind\analytics\phase_b\night_search\night_report_20260521_181814.md
[19:48:08] Hits CSV: C:\project\signal_mind\analytics\phase_b\night_search\night_hits_20260521_181814.csv
[19:48:08] 
  [6/8] r5_stable_MSCI_W_sancti  budget=130min  ic_gate=0.06  ens=M5_AND_M6
[19:48:08]   Config: r5_stable_MSCI_W_sancti
[19:48:08]     feature=keyword_z90  target=market_return  ensemble=M5_AND_M6  ic_min=0.06
[19:48:15]   HIT  USD_RUB            oil_z            lag= 28 m5_p=0.0221  m6_ic=0.0768
[19:48:21]   HIT  EUR_RUB            oil_z            lag= 28 m5_p=0.0221  m6_ic=0.0768
[19:48:27]   HIT  DJ_SOUTH_AFRICA    oil_z            lag= 21 m5_p=0.0026  m6_ic=0.0660
[19:48:32]   HIT  DJ_SOUTH_AFRICA    gold_z           lag= 28 m5_p=0.0225  m6_ic=0.0676
[19:48:32]   HIT  MSCI_WORLD         oil_z            lag= 21 m5_p=0.0462  m6_ic=0.0646
[19:48:35]   HIT  MSCI_WORLD         sanctions_z      lag= 14 m5_p=0.0137  m6_ic=0.0993
[19:48:49]   HIT  BRENT              gold_z           lag= 21 m5_p=0.0117  m6_ic=0.0684
[19:49:10]   HIT  GOLD               inflation_z      lag=  7 m5_p=0.0163  m6_ic=0.1378
[19:49:40]     Train: 8 signals
[19:49:40]     Val holdout (8 candidates)...
[19:49:42]     Val: 0/8 held
[19:49:42]   → train=8  val=0  max_ic=0.1378
[19:49:42] 
============================================================
[19:49:42] FINAL REPORT
[19:49:42] ============================================================
[19:49:43] Report: C:\project\signal_mind\analytics\phase_b\night_search\night_report_20260521_181814.md
[19:49:43] Hits CSV: C:\project\signal_mind\analytics\phase_b\night_search\night_hits_20260521_181814.csv
[19:49:43] 
  [7/8] r5_stable_DJ_SOU_sancti  budget=194min  ic_gate=0.06  ens=M5_AND_M6
[19:49:43]   Config: r5_stable_DJ_SOU_sancti
[19:49:43]     feature=keyword_z90  target=market_return  ensemble=M5_AND_M6  ic_min=0.06
[19:49:50]   HIT  USD_RUB            oil_z            lag= 28 m5_p=0.0221  m6_ic=0.0768
[19:49:56]   HIT  EUR_RUB            oil_z            lag= 28 m5_p=0.0221  m6_ic=0.0768
[19:50:02]   HIT  DJ_SOUTH_AFRICA    oil_z            lag= 21 m5_p=0.0026  m6_ic=0.0660
[19:50:07]   HIT  DJ_SOUTH_AFRICA    gold_z           lag= 28 m5_p=0.0225  m6_ic=0.0676
[19:50:07]   HIT  MSCI_WORLD         oil_z            lag= 21 m5_p=0.0462  m6_ic=0.0646
[19:50:10]   HIT  MSCI_WORLD         sanctions_z      lag= 14 m5_p=0.0137  m6_ic=0.0993
[19:50:23]   HIT  BRENT              gold_z           lag= 21 m5_p=0.0117  m6_ic=0.0684
[19:50:44]   HIT  GOLD               inflation_z      lag=  7 m5_p=0.0163  m6_ic=0.1378
[19:51:14]     Train: 8 signals
[19:51:14]     Val holdout (8 candidates)...
[19:51:16]     Val: 0/8 held
[19:51:16]   → train=8  val=0  max_ic=0.1378
[19:51:16] 
============================================================
[19:51:16] FINAL REPORT
[19:51:16] ============================================================
[19:51:17] Report: C:\project\signal_mind\analytics\phase_b\night_search\night_report_20260521_181814.md
[19:51:18] Hits CSV: C:\project\signal_mind\analytics\phase_b\night_search\night_hits_20260521_181814.csv
[19:51:18] 
  [8/8] r5_stable_MOEXOG_inflat  budget=387min  ic_gate=0.06  ens=M5_AND_M6
[19:51:18]   Config: r5_stable_MOEXOG_inflat
[19:51:18]     feature=keyword_z90  target=market_return  ensemble=M5_AND_M6  ic_min=0.06
[19:53:03]   HIT  MOEXOG             sanctions_z      lag= 23 m5_p=0.0420  m6_ic=0.0722
[19:53:14]     Train: 1 signals
[19:53:14]     Val holdout (1 candidates)...
[19:53:14]     Val: 0/1 held
[19:53:14]   → train=1  val=0  max_ic=0.0722
[19:53:14] 
============================================================
[19:53:14] FINAL REPORT
[19:53:14] ============================================================
[19:53:15] Report: C:\project\signal_mind\analytics\phase_b\night_search\night_report_20260521_181814.md
[19:53:15] Hits CSV: C:\project\signal_mind\analytics\phase_b\night_search\night_hits_20260521_181814.csv
[19:53:15] 
────────────────────────────────────────
[19:53:15] Round 5 done: train=35  val=0  mean_ic=0.0940
[19:53:15] Cumulative: train=3975  val=2595  val_rate=65.3%  stable=1159
[19:53:15] 
============================================================
[19:53:15] ROUND 6  |  elapsed=1.58h  remaining=6.42h
[19:53:15] ============================================================
[19:53:15]   Knowledge after 5 rounds:
[19:53:15]     train_total=3975  val_total=2595  val_pass_rate=65.3%
[19:53:15]     stable_signals=1159  ic_trend=improving
[19:53:15]     top_instruments=['GOLD', 'IMOEX', 'MOEXOG']
[19:53:15]     top_topics=['oil_emb_z', 'sanctions_emb', 'inflation_z']
[19:53:15]     best_feat=keyword_z90  → next_ic_gate=0.080  ensemble=M5_AND_M6
[19:53:15] Configs this round: 10
[19:53:15] 
  [1/10] r6_primary_keyword_z90  budget=39min  ic_gate=0.08  ens=M5_AND_M6
[19:53:15]   Config: r6_primary_keyword_z90
[19:53:15]     feature=keyword_z90  target=market_return  ensemble=M5_AND_M6  ic_min=0.08
[19:56:03]   HIT  GOLD               inflation_z      lag=  7 m5_p=0.0163  m6_ic=0.1378
[19:57:22]     Train: 1 signals
[19:57:22]     Val holdout (1 candidates)...
[19:57:22]     Val: 0/1 held
[19:57:22]   → train=1  val=0  max_ic=0.1378
[19:57:22] 
============================================================
[19:57:22] FINAL REPORT
[19:57:22] ============================================================
[19:57:24] Report: C:\project\signal_mind\analytics\phase_b\night_search\night_report_20260521_181814.md
[19:57:24] Hits CSV: C:\project\signal_mind\analytics\phase_b\night_search\night_hits_20260521_181814.csv
[19:57:24] 
  [2/10] r6_alt_embedding_raw  budget=42min  ic_gate=0.08  ens=M5_AND_M6
[19:57:24]   Config: r6_alt_embedding_raw
[19:57:24]     feature=embedding_raw  target=market_return  ensemble=M5_AND_M6  ic_min=0.08
[19:58:18]   HIT  FTSE_CHINA_50      oil_emb          lag= 23 m5_p=0.0062  m6_ic=0.0804
[19:58:24]   HIT  GOLD               rate_emb         lag= 23 m5_p=0.0240  m6_ic=0.0939
[19:58:29]   HIT  SILVER             oil_emb          lag= 23 m5_p=0.0425  m6_ic=0.0922
[19:58:38]   HIT  IMOEX              banking_emb      lag=  2 m5_p=0.0241  m6_ic=0.0864
[19:58:50]   HIT  MOEXOG             banking_emb      lag=  2 m5_p=0.0222  m6_ic=0.1510
[19:58:55]   HIT  MOEX10             banking_emb      lag=  2 m5_p=0.0267  m6_ic=0.0887
[19:58:57]     Train: 6 signals
[19:58:57]     Val holdout (6 candidates)...
[19:58:58]     Val: 0/6 held
[19:58:58]   → train=6  val=0  max_ic=0.1510
[19:58:58] 
============================================================
[19:58:58] FINAL REPORT
[19:58:58] ============================================================
[19:58:59] Report: C:\project\signal_mind\analytics\phase_b\night_search\night_report_20260521_181814.md
[19:58:59] Hits CSV: C:\project\signal_mind\analytics\phase_b\night_search\night_hits_20260521_181814.csv
[19:58:59] 
  [3/10] r6_alt_embedding_z90  budget=47min  ic_gate=0.08  ens=M5_AND_M6
[19:58:59]   Config: r6_alt_embedding_z90
[19:58:59]     feature=embedding_z90  target=market_return  ensemble=M5_AND_M6  ic_min=0.08
[19:59:30]   HIT  DXY                rate_emb_z       lag=  8 m5_p=0.0403  m6_ic=0.0857
[19:59:36]   HIT  BRENT              ruble_emb_z      lag=  8 m5_p=0.0321  m6_ic=0.1098
[19:59:40]   HIT  MSCI_INDIA         oil_emb_z        lag=  2 m5_p=0.0235  m6_ic=0.0955
[19:59:41]   HIT  MSCI_INDIA         rate_emb_z       lag=  8 m5_p=0.0230  m6_ic=0.0825
[19:59:46]   HIT  CHINA_H_SHARES     oil_emb_z        lag= 23 m5_p=0.0132  m6_ic=0.1293
[19:59:52]   HIT  FTSE_CHINA_50      oil_emb_z        lag= 23 m5_p=0.0115  m6_ic=0.1480
[20:00:30]     Train: 6 signals
[20:00:30]     Val holdout (6 candidates)...
[20:00:31]     Val: 0/6 held
[20:00:31]   → train=6  val=0  max_ic=0.1480
[20:00:31] 
============================================================
[20:00:31] FINAL REPORT
[20:00:31] ============================================================
[20:00:33] Report: C:\project\signal_mind\analytics\phase_b\night_search\night_report_20260521_181814.md
[20:00:33] Hits CSV: C:\project\signal_mind\analytics\phase_b\night_search\night_hits_20260521_181814.csv
[20:00:33] 
  [4/10] r6_alt_keyword_z30  budget=54min  ic_gate=0.08  ens=M5_AND_M6
[20:00:33]   Config: r6_alt_keyword_z30
[20:00:33]     feature=keyword_z30  target=market_return  ensemble=M5_AND_M6  ic_min=0.08
[20:00:40]   HIT  USD_RUB            oil_z            lag= 28 m5_p=0.0116  m6_ic=0.0999
[20:00:46]   HIT  EUR_RUB            oil_z            lag= 28 m5_p=0.0116  m6_ic=0.0999
[20:01:53]   HIT  MOEXOG             oil_z            lag= 23 m5_p=0.0341  m6_ic=0.0843
[20:02:03]     Train: 3 signals
[20:02:03]     Val holdout (3 candidates)...
[20:02:04]     Val: 0/3 held
[20:02:04]   → train=3  val=0  max_ic=0.0999
[20:02:04] 
============================================================
[20:02:04] FINAL REPORT
[20:02:04] ============================================================
[20:02:05] Report: C:\project\signal_mind\analytics\phase_b\night_search\night_report_20260521_181814.md
[20:02:05] Hits CSV: C:\project\signal_mind\analytics\phase_b\night_search\night_hits_20260521_181814.csv
[20:02:05] 
  [5/10] r6_stable_GOLD_inflat  budget=63min  ic_gate=0.06  ens=M5_AND_M6
[20:02:05]   Config: r6_stable_GOLD_inflat
[20:02:05]     feature=keyword_z90  target=market_return  ensemble=M5_AND_M6  ic_min=0.06
[20:02:24]   HIT  MSCI_WORLD         sanctions_z      lag= 14 m5_p=0.0137  m6_ic=0.0993
[20:02:48]   HIT  GOLD               inflation_z      lag=  7 m5_p=0.0163  m6_ic=0.1378
[20:03:09]     Train: 2 signals
[20:03:09]     Val holdout (2 candidates)...
[20:03:09]     Val: 0/2 held
[20:03:09]   → train=2  val=0  max_ic=0.1378
[20:03:09] 
============================================================
[20:03:09] FINAL REPORT
[20:03:09] ============================================================
[20:03:10] Report: C:\project\signal_mind\analytics\phase_b\night_search\night_report_20260521_181814.md
[20:03:11] Hits CSV: C:\project\signal_mind\analytics\phase_b\night_search\night_hits_20260521_181814.csv
[20:03:11] 
  [6/10] r6_stable_MSCI_W_sancti  budget=75min  ic_gate=0.06  ens=M5_AND_M6
[20:03:11]   Config: r6_stable_MSCI_W_sancti
[20:03:11]     feature=keyword_z90  target=market_return  ensemble=M5_AND_M6  ic_min=0.06
[20:03:18]   HIT  USD_RUB            oil_z            lag= 28 m5_p=0.0221  m6_ic=0.0768
[20:03:23]   HIT  EUR_RUB            oil_z            lag= 28 m5_p=0.0221  m6_ic=0.0768
[20:03:29]   HIT  DJ_SOUTH_AFRICA    oil_z            lag= 21 m5_p=0.0026  m6_ic=0.0660
[20:03:34]   HIT  DJ_SOUTH_AFRICA    gold_z           lag= 28 m5_p=0.0225  m6_ic=0.0676
[20:03:35]   HIT  MSCI_WORLD         oil_z            lag= 21 m5_p=0.0462  m6_ic=0.0646
[20:03:37]   HIT  MSCI_WORLD         sanctions_z      lag= 14 m5_p=0.0137  m6_ic=0.0993
[20:03:51]   HIT  BRENT              gold_z           lag= 21 m5_p=0.0117  m6_ic=0.0684
[20:04:12]   HIT  GOLD               inflation_z      lag=  7 m5_p=0.0163  m6_ic=0.1378
[20:04:42]     Train: 8 signals
[20:04:42]     Val holdout (8 candidates)...
[20:04:44]     Val: 0/8 held
[20:04:44]   → train=8  val=0  max_ic=0.1378
[20:04:44] 
============================================================
[20:04:44] FINAL REPORT
[20:04:44] ============================================================
[20:04:45] Report: C:\project\signal_mind\analytics\phase_b\night_search\night_report_20260521_181814.md
[20:04:45] Hits CSV: C:\project\signal_mind\analytics\phase_b\night_search\night_hits_20260521_181814.csv
[20:04:45] 
  [7/10] r6_stable_USD_RU_oil_z  budget=93min  ic_gate=0.06  ens=M5_AND_M6
[20:04:45]   Config: r6_stable_USD_RU_oil_z
[20:04:45]     feature=keyword_z90  target=market_return  ensemble=M5_AND_M6  ic_min=0.06
[20:04:53]   HIT  USD_RUB            oil_z            lag= 28 m5_p=0.0221  m6_ic=0.0768
[20:05:00]   HIT  EUR_RUB            oil_z            lag= 28 m5_p=0.0221  m6_ic=0.0768
[20:05:07]   HIT  DJ_SOUTH_AFRICA    oil_z            lag= 21 m5_p=0.0026  m6_ic=0.0660
[20:05:14]   HIT  DJ_SOUTH_AFRICA    gold_z           lag= 28 m5_p=0.0225  m6_ic=0.0676
[20:05:15]   HIT  MSCI_WORLD         oil_z            lag= 21 m5_p=0.0462  m6_ic=0.0646
[20:05:36]   HIT  BRENT              gold_z           lag= 21 m5_p=0.0117  m6_ic=0.0684
[20:06:37]     Train: 6 signals
[20:06:37]     Val holdout (6 candidates)...
[20:06:39]     Val: 0/6 held
[20:06:39]   → train=6  val=0  max_ic=0.0768
[20:06:39] 
============================================================
[20:06:39] FINAL REPORT
[20:06:39] ============================================================
[20:06:40] Report: C:\project\signal_mind\analytics\phase_b\night_search\night_report_20260521_181814.md
[20:06:40] Hits CSV: C:\project\signal_mind\analytics\phase_b\night_search\night_hits_20260521_181814.csv
[20:06:40] 
  [8/10] r6_stable_EUR_RU_oil_z  budget=124min  ic_gate=0.06  ens=M5_AND_M6
[20:06:40]   Config: r6_stable_EUR_RU_oil_z
[20:06:40]     feature=keyword_z90  target=market_return  ensemble=M5_AND_M6  ic_min=0.06
[20:06:48]   HIT  USD_RUB            oil_z            lag= 28 m5_p=0.0221  m6_ic=0.0768
[20:06:55]   HIT  EUR_RUB            oil_z            lag= 28 m5_p=0.0221  m6_ic=0.0768
[20:07:02]   HIT  DJ_SOUTH_AFRICA    oil_z            lag= 21 m5_p=0.0026  m6_ic=0.0660
[20:07:09]   HIT  DJ_SOUTH_AFRICA    gold_z           lag= 28 m5_p=0.0225  m6_ic=0.0676
[20:07:09]   HIT  MSCI_WORLD         oil_z            lag= 21 m5_p=0.0462  m6_ic=0.0646
[20:07:30]   HIT  BRENT              gold_z           lag= 21 m5_p=0.0117  m6_ic=0.0684
[20:08:32]     Train: 6 signals
[20:08:32]     Val holdout (6 candidates)...
[20:08:33]     Val: 0/6 held
[20:08:33]   → train=6  val=0  max_ic=0.0768
[20:08:33] 
============================================================
[20:08:33] FINAL REPORT
[20:08:33] ============================================================
[20:08:34] Report: C:\project\signal_mind\analytics\phase_b\night_search\night_report_20260521_181814.md
[20:08:34] Hits CSV: C:\project\signal_mind\analytics\phase_b\night_search\night_hits_20260521_181814.csv
[20:08:34] 
  [9/10] r6_regime2022_keyword_z90  budget=185min  ic_gate=0.07  ens=M5_AND_M6
[20:08:34]   Loading regime 2022-01-01..2022-12-31
[20:08:35]   Regime loaded: 16 instruments
[20:08:35]   Config: r6_regime2022_keyword_z90
[20:08:35]     feature=keyword_z90  target=market_return  ensemble=M5_AND_M6  ic_min=0.07
[20:09:29]   HIT  MOEXFN             gold_z           lag=  8 m5_p=0.0263  m6_ic=0.1080
[20:09:34]     Train: 1 signals
[20:09:34]     Val holdout (1 candidates)...
[20:09:34]     Val: 0/1 held
[20:09:34]   → train=1  val=0  max_ic=0.1080
[20:09:34] 
============================================================
[20:09:34] FINAL REPORT
[20:09:34] ============================================================
[20:09:36] Report: C:\project\signal_mind\analytics\phase_b\night_search\night_report_20260521_181814.md
[20:09:36] Hits CSV: C:\project\signal_mind\analytics\phase_b\night_search\night_hits_20260521_181814.csv
[20:09:36] 
  [10/10] r6_regime2023_keyword_z90  budget=369min  ic_gate=0.07  ens=M5_AND_M6
[20:09:36]   Loading regime 2023-01-01..2023-09-30
[20:09:36]   Regime loaded: 16 instruments
[20:09:36]   Config: r6_regime2023_keyword_z90
[20:09:36]     feature=keyword_z90  target=market_return  ensemble=M5_AND_M6  ic_min=0.07
[20:09:44]     Train: 0 signals
[20:09:44]   → train=0  val=0  max_ic=0.0000
[20:09:44] 
============================================================
[20:09:44] FINAL REPORT
[20:09:44] ============================================================
[20:09:45] Report: C:\project\signal_mind\analytics\phase_b\night_search\night_report_20260521_181814.md
[20:09:46] Hits CSV: C:\project\signal_mind\analytics\phase_b\night_search\night_hits_20260521_181814.csv
[20:09:46] 
────────────────────────────────────────
[20:09:46] Round 6 done: train=39  val=0  mean_ic=0.0899
[20:09:46] Cumulative: train=4014  val=2595  val_rate=64.6%  stable=1160
[20:09:46] 
============================================================
[20:09:46] ROUND 7  |  elapsed=1.86h  remaining=6.14h
[20:09:46] ============================================================
[20:09:46]   Knowledge after 6 rounds:
[20:09:46]     train_total=4014  val_total=2595  val_pass_rate=64.6%
[20:09:46]     stable_signals=1160  ic_trend=improving
[20:09:46]     top_instruments=['GOLD', 'MOEXOG', 'IMOEX']
[20:09:46]     top_topics=['oil_emb_z', 'sanctions_emb', 'inflation_z']
[20:09:46]     best_feat=keyword_z90  → next_ic_gate=0.080  ensemble=M5_AND_M6
[20:09:46] Configs this round: 8
[20:09:46] 
  [1/8] r7_primary_keyword_z90  budget=46min  ic_gate=0.08  ens=M5_AND_M6
[20:09:46]   Config: r7_primary_keyword_z90
[20:09:46]     feature=keyword_z90  target=market_return  ensemble=M5_AND_M6  ic_min=0.08
[20:12:38]   HIT  GOLD               inflation_z      lag=  7 m5_p=0.0163  m6_ic=0.1378
[20:13:58]     Train: 1 signals
[20:13:58]     Val holdout (1 candidates)...
[20:13:58]     Val: 0/1 held
[20:13:58]   → train=1  val=0  max_ic=0.1378
[20:13:58] 
============================================================
[20:13:58] FINAL REPORT
[20:13:58] ============================================================
[20:13:59] Report: C:\project\signal_mind\analytics\phase_b\night_search\night_report_20260521_181814.md
[20:13:59] Hits CSV: C:\project\signal_mind\analytics\phase_b\night_search\night_hits_20260521_181814.csv
[20:13:59] 
  [2/8] r7_alt_embedding_raw  budget=52min  ic_gate=0.08  ens=M5_AND_M6
[20:13:59]   Config: r7_alt_embedding_raw
[20:13:59]     feature=embedding_raw  target=market_return  ensemble=M5_AND_M6  ic_min=0.08
[20:14:52]   HIT  FTSE_CHINA_50      oil_emb          lag= 23 m5_p=0.0062  m6_ic=0.0804
[20:14:58]   HIT  GOLD               rate_emb         lag= 23 m5_p=0.0240  m6_ic=0.0939
[20:15:03]   HIT  SILVER             oil_emb          lag= 23 m5_p=0.0425  m6_ic=0.0922
[20:15:12]   HIT  IMOEX              banking_emb      lag=  2 m5_p=0.0241  m6_ic=0.0864
[20:15:23]   HIT  MOEXOG             banking_emb      lag=  2 m5_p=0.0222  m6_ic=0.1510
[20:15:29]   HIT  MOEX10             banking_emb      lag=  2 m5_p=0.0267  m6_ic=0.0887
[20:15:30]     Train: 6 signals
[20:15:30]     Val holdout (6 candidates)...
[20:15:31]     Val: 0/6 held
[20:15:31]   → train=6  val=0  max_ic=0.1510
[20:15:31] 
============================================================
[20:15:31] FINAL REPORT
[20:15:31] ============================================================
[20:15:32] Report: C:\project\signal_mind\analytics\phase_b\night_search\night_report_20260521_181814.md
[20:15:33] Hits CSV: C:\project\signal_mind\analytics\phase_b\night_search\night_hits_20260521_181814.csv
[20:15:33] 
  [3/8] r7_alt_embedding_z90  budget=60min  ic_gate=0.08  ens=M5_AND_M6
[20:15:33]   Config: r7_alt_embedding_z90
[20:15:33]     feature=embedding_z90  target=market_return  ensemble=M5_AND_M6  ic_min=0.08
[20:16:03]   HIT  DXY                rate_emb_z       lag=  8 m5_p=0.0403  m6_ic=0.0857
[20:16:09]   HIT  BRENT              ruble_emb_z      lag=  8 m5_p=0.0321  m6_ic=0.1098
[20:16:13]   HIT  MSCI_INDIA         oil_emb_z        lag=  2 m5_p=0.0235  m6_ic=0.0955
[20:16:14]   HIT  MSCI_INDIA         rate_emb_z       lag=  8 m5_p=0.0230  m6_ic=0.0825
[20:16:19]   HIT  CHINA_H_SHARES     oil_emb_z        lag= 23 m5_p=0.0132  m6_ic=0.1293
[20:16:25]   HIT  FTSE_CHINA_50      oil_emb_z        lag= 23 m5_p=0.0115  m6_ic=0.1480
[20:17:03]     Train: 6 signals
[20:17:03]     Val holdout (6 candidates)...
[20:17:04]     Val: 0/6 held
[20:17:04]   → train=6  val=0  max_ic=0.1480
[20:17:04] 
============================================================
[20:17:04] FINAL REPORT
[20:17:04] ============================================================
[20:17:06] Report: C:\project\signal_mind\analytics\phase_b\night_search\night_report_20260521_181814.md
[20:17:06] Hits CSV: C:\project\signal_mind\analytics\phase_b\night_search\night_hits_20260521_181814.csv
[20:17:06] 
  [4/8] r7_alt_keyword_z30  budget=72min  ic_gate=0.08  ens=M5_AND_M6
[20:17:06]   Config: r7_alt_keyword_z30
[20:17:06]     feature=keyword_z30  target=market_return  ensemble=M5_AND_M6  ic_min=0.08
[20:17:13]   HIT  USD_RUB            oil_z            lag= 28 m5_p=0.0116  m6_ic=0.0999
[20:17:19]   HIT  EUR_RUB            oil_z            lag= 28 m5_p=0.0116  m6_ic=0.0999
[20:18:28]   HIT  MOEXOG             oil_z            lag= 23 m5_p=0.0341  m6_ic=0.0843
[20:18:38]     Train: 3 signals
[20:18:38]     Val holdout (3 candidates)...
[20:18:39]     Val: 0/3 held
[20:18:39]   → train=3  val=0  max_ic=0.0999
[20:18:39] 
============================================================
[20:18:39] FINAL REPORT
[20:18:39] ============================================================
[20:18:41] Report: C:\project\signal_mind\analytics\phase_b\night_search\night_report_20260521_181814.md
[20:18:41] Hits CSV: C:\project\signal_mind\analytics\phase_b\night_search\night_hits_20260521_181814.csv
[20:18:41] 
  [5/8] r7_stable_GOLD_inflat  budget=90min  ic_gate=0.06  ens=M5_AND_M6
[20:18:41]   Config: r7_stable_GOLD_inflat
[20:18:41]     feature=keyword_z90  target=market_return  ensemble=M5_AND_M6  ic_min=0.06
[20:19:00]   HIT  MSCI_WORLD         sanctions_z      lag= 14 m5_p=0.0137  m6_ic=0.0993
[20:19:24]   HIT  GOLD               inflation_z      lag=  7 m5_p=0.0163  m6_ic=0.1378
[20:19:45]     Train: 2 signals
[20:19:45]     Val holdout (2 candidates)...
[20:19:46]     Val: 0/2 held
[20:19:46]   → train=2  val=0  max_ic=0.1378
[20:19:46] 
============================================================
[20:19:46] FINAL REPORT
[20:19:46] ============================================================
[20:19:47] Report: C:\project\signal_mind\analytics\phase_b\night_search\night_report_20260521_181814.md
[20:19:47] Hits CSV: C:\project\signal_mind\analytics\phase_b\night_search\night_hits_20260521_181814.csv
[20:19:47] 
  [6/8] r7_stable_MSCI_W_sancti  budget=120min  ic_gate=0.06  ens=M5_AND_M6
[20:19:47]   Config: r7_stable_MSCI_W_sancti
[20:19:47]     feature=keyword_z90  target=market_return  ensemble=M5_AND_M6  ic_min=0.06
[20:19:54]   HIT  USD_RUB            oil_z            lag= 28 m5_p=0.0221  m6_ic=0.0768
[20:20:00]   HIT  EUR_RUB            oil_z            lag= 28 m5_p=0.0221  m6_ic=0.0768
[20:20:06]   HIT  DJ_SOUTH_AFRICA    oil_z            lag= 21 m5_p=0.0026  m6_ic=0.0660
[20:20:11]   HIT  DJ_SOUTH_AFRICA    gold_z           lag= 28 m5_p=0.0225  m6_ic=0.0676
[20:20:11]   HIT  MSCI_WORLD         oil_z            lag= 21 m5_p=0.0462  m6_ic=0.0646
[20:20:14]   HIT  MSCI_WORLD         sanctions_z      lag= 14 m5_p=0.0137  m6_ic=0.0993
[20:20:28]   HIT  BRENT              gold_z           lag= 21 m5_p=0.0117  m6_ic=0.0684
[20:20:49]   HIT  GOLD               inflation_z      lag=  7 m5_p=0.0163  m6_ic=0.1378
[20:21:19]     Train: 8 signals
[20:21:19]     Val holdout (8 candidates)...
[20:21:21]     Val: 0/8 held
[20:21:21]   → train=8  val=0  max_ic=0.1378
[20:21:21] 
============================================================
[20:21:21] FINAL REPORT
[20:21:21] ============================================================
[20:21:22] Report: C:\project\signal_mind\analytics\phase_b\night_search\night_report_20260521_181814.md
[20:21:22] Hits CSV: C:\project\signal_mind\analytics\phase_b\night_search\night_hits_20260521_181814.csv
[20:21:22] 
  [7/8] r7_stable_USD_RU_oil_z  budget=179min  ic_gate=0.06  ens=M5_AND_M6
[20:21:22]   Config: r7_stable_USD_RU_oil_z
[20:21:22]     feature=keyword_z90  target=market_return  ensemble=M5_AND_M6  ic_min=0.06
[20:21:30]   HIT  USD_RUB            oil_z            lag= 28 m5_p=0.0221  m6_ic=0.0768
[20:21:37]   HIT  EUR_RUB            oil_z            lag= 28 m5_p=0.0221  m6_ic=0.0768
[20:21:44]   HIT  DJ_SOUTH_AFRICA    oil_z            lag= 21 m5_p=0.0026  m6_ic=0.0660
[20:21:51]   HIT  DJ_SOUTH_AFRICA    gold_z           lag= 28 m5_p=0.0225  m6_ic=0.0676
[20:21:52]   HIT  MSCI_WORLD         oil_z            lag= 21 m5_p=0.0462  m6_ic=0.0646
[20:22:13]   HIT  BRENT              gold_z           lag= 21 m5_p=0.0117  m6_ic=0.0684
[20:23:14]     Train: 6 signals
[20:23:14]     Val holdout (6 candidates)...
[20:23:16]     Val: 0/6 held
[20:23:16]   → train=6  val=0  max_ic=0.0768
[20:23:16] 
============================================================
[20:23:16] FINAL REPORT
[20:23:16] ============================================================
[20:23:17] Report: C:\project\signal_mind\analytics\phase_b\night_search\night_report_20260521_181814.md
[20:23:17] Hits CSV: C:\project\signal_mind\analytics\phase_b\night_search\night_hits_20260521_181814.csv
[20:23:17] 
  [8/8] r7_stable_EUR_RU_oil_z  budget=355min  ic_gate=0.06  ens=M5_AND_M6
[20:23:17]   Config: r7_stable_EUR_RU_oil_z
[20:23:17]     feature=keyword_z90  target=market_return  ensemble=M5_AND_M6  ic_min=0.06
[20:23:25]   HIT  USD_RUB            oil_z            lag= 28 m5_p=0.0221  m6_ic=0.0768
[20:23:32]   HIT  EUR_RUB            oil_z            lag= 28 m5_p=0.0221  m6_ic=0.0768
[20:23:39]   HIT  DJ_SOUTH_AFRICA    oil_z            lag= 21 m5_p=0.0026  m6_ic=0.0660
[20:23:45]   HIT  DJ_SOUTH_AFRICA    gold_z           lag= 28 m5_p=0.0225  m6_ic=0.0676
[20:23:46]   HIT  MSCI_WORLD         oil_z            lag= 21 m5_p=0.0462  m6_ic=0.0646
[20:24:07]   HIT  BRENT              gold_z           lag= 21 m5_p=0.0117  m6_ic=0.0684
[20:25:09]     Train: 6 signals
[20:25:09]     Val holdout (6 candidates)...
[20:25:10]     Val: 0/6 held
[20:25:10]   → train=6  val=0  max_ic=0.0768
[20:25:10] 
============================================================
[20:25:10] FINAL REPORT
[20:25:10] ============================================================
[20:25:12] Report: C:\project\signal_mind\analytics\phase_b\night_search\night_report_20260521_181814.md
[20:25:12] Hits CSV: C:\project\signal_mind\analytics\phase_b\night_search\night_hits_20260521_181814.csv
[20:25:12] 
────────────────────────────────────────
[20:25:12] Round 7 done: train=38  val=0  mean_ic=0.0895
[20:25:12] Cumulative: train=4052  val=2595  val_rate=64.0%  stable=1160
[20:25:12] 
============================================================
[20:25:12] ROUND 8  |  elapsed=2.11h  remaining=5.89h
[20:25:12] ============================================================
[20:25:12]   Knowledge after 7 rounds:
[20:25:12]     train_total=4052  val_total=2595  val_pass_rate=64.0%
[20:25:12]     stable_signals=1160  ic_trend=improving
[20:25:12]     top_instruments=['GOLD', 'MOEXOG', 'IMOEX']
[20:25:12]     top_topics=['oil_emb_z', 'sanctions_emb', 'inflation_z']
[20:25:12]     best_feat=keyword_z90  → next_ic_gate=0.080  ensemble=M5_AND_M6
[20:25:12] Configs this round: 8
[20:25:12] 
  [1/8] r8_primary_keyword_z90  budget=44min  ic_gate=0.08  ens=M5_AND_M6
[20:25:12]   Config: r8_primary_keyword_z90
[20:25:12]     feature=keyword_z90  target=market_return  ensemble=M5_AND_M6  ic_min=0.08
[20:28:01]   HIT  GOLD               inflation_z      lag=  7 m5_p=0.0163  m6_ic=0.1378
[20:29:24]     Train: 1 signals
[20:29:24]     Val holdout (1 candidates)...
[20:29:24]     Val: 0/1 held
[20:29:24]   → train=1  val=0  max_ic=0.1378
[20:29:24] 
============================================================
[20:29:24] FINAL REPORT
[20:29:24] ============================================================
[20:29:25] Report: C:\project\signal_mind\analytics\phase_b\night_search\night_report_20260521_181814.md
[20:29:26] Hits CSV: C:\project\signal_mind\analytics\phase_b\night_search\night_hits_20260521_181814.csv
[20:29:26] 
  [2/8] r8_alt_embedding_raw  budget=50min  ic_gate=0.08  ens=M5_AND_M6
[20:29:26]   Config: r8_alt_embedding_raw
[20:29:26]     feature=embedding_raw  target=market_return  ensemble=M5_AND_M6  ic_min=0.08
[20:30:18]   HIT  FTSE_CHINA_50      oil_emb          lag= 23 m5_p=0.0062  m6_ic=0.0804
[20:30:24]   HIT  GOLD               rate_emb         lag= 23 m5_p=0.0240  m6_ic=0.0939
[20:30:29]   HIT  SILVER             oil_emb          lag= 23 m5_p=0.0425  m6_ic=0.0922
[20:30:38]   HIT  IMOEX              banking_emb      lag=  2 m5_p=0.0241  m6_ic=0.0864
[20:30:49]   HIT  MOEXOG             banking_emb      lag=  2 m5_p=0.0222  m6_ic=0.1510
[20:30:55]   HIT  MOEX10             banking_emb      lag=  2 m5_p=0.0267  m6_ic=0.0887
[20:30:56]     Train: 6 signals
[20:30:56]     Val holdout (6 candidates)...
[20:30:57]     Val: 0/6 held
[20:30:57]   → train=6  val=0  max_ic=0.1510
[20:30:57] 
============================================================
[20:30:57] FINAL REPORT
[20:30:57] ============================================================
[20:30:59] Report: C:\project\signal_mind\analytics\phase_b\night_search\night_report_20260521_181814.md
[20:30:59] Hits CSV: C:\project\signal_mind\analytics\phase_b\night_search\night_hits_20260521_181814.csv
[20:30:59] 
  [3/8] r8_alt_embedding_z90  budget=58min  ic_gate=0.08  ens=M5_AND_M6
[20:30:59]   Config: r8_alt_embedding_z90
[20:30:59]     feature=embedding_z90  target=market_return  ensemble=M5_AND_M6  ic_min=0.08
[20:31:28]   HIT  DXY                rate_emb_z       lag=  8 m5_p=0.0403  m6_ic=0.0857
[20:31:35]   HIT  BRENT              ruble_emb_z      lag=  8 m5_p=0.0321  m6_ic=0.1098
[20:31:39]   HIT  MSCI_INDIA         oil_emb_z        lag=  2 m5_p=0.0235  m6_ic=0.0955
[20:31:40]   HIT  MSCI_INDIA         rate_emb_z       lag=  8 m5_p=0.0230  m6_ic=0.0825
[20:31:45]   HIT  CHINA_H_SHARES     oil_emb_z        lag= 23 m5_p=0.0132  m6_ic=0.1293
[20:31:50]   HIT  FTSE_CHINA_50      oil_emb_z        lag= 23 m5_p=0.0115  m6_ic=0.1480
[20:32:28]     Train: 6 signals
[20:32:28]     Val holdout (6 candidates)...
[20:32:29]     Val: 0/6 held
[20:32:29]   → train=6  val=0  max_ic=0.1480
[20:32:29] 
============================================================
[20:32:29] FINAL REPORT
[20:32:29] ============================================================
[20:32:30] Report: C:\project\signal_mind\analytics\phase_b\night_search\night_report_20260521_181814.md
[20:32:31] Hits CSV: C:\project\signal_mind\analytics\phase_b\night_search\night_hits_20260521_181814.csv
[20:32:31] 
  [4/8] r8_alt_keyword_z30  budget=69min  ic_gate=0.08  ens=M5_AND_M6
[20:32:31]   Config: r8_alt_keyword_z30
[20:32:31]     feature=keyword_z30  target=market_return  ensemble=M5_AND_M6  ic_min=0.08
[20:32:37]   HIT  USD_RUB            oil_z            lag= 28 m5_p=0.0116  m6_ic=0.0999
[20:32:43]   HIT  EUR_RUB            oil_z            lag= 28 m5_p=0.0116  m6_ic=0.0999
[20:33:51]   HIT  MOEXOG             oil_z            lag= 23 m5_p=0.0341  m6_ic=0.0843
[20:34:02]     Train: 3 signals
[20:34:02]     Val holdout (3 candidates)...
[20:34:03]     Val: 0/3 held
[20:34:03]   → train=3  val=0  max_ic=0.0999
[20:34:03] 
============================================================
[20:34:03] FINAL REPORT
[20:34:03] ============================================================
[20:34:04] Report: C:\project\signal_mind\analytics\phase_b\night_search\night_report_20260521_181814.md
[20:34:04] Hits CSV: C:\project\signal_mind\analytics\phase_b\night_search\night_hits_20260521_181814.csv
[20:34:04] 
  [5/8] r8_stable_GOLD_inflat  budget=86min  ic_gate=0.06  ens=M5_AND_M6
[20:34:04]   Config: r8_stable_GOLD_inflat
[20:34:04]     feature=keyword_z90  target=market_return  ensemble=M5_AND_M6  ic_min=0.06
[20:34:23]   HIT  MSCI_WORLD         sanctions_z      lag= 14 m5_p=0.0137  m6_ic=0.0993
[20:34:47]   HIT  GOLD               inflation_z      lag=  7 m5_p=0.0163  m6_ic=0.1378
[20:35:08]     Train: 2 signals
[20:35:08]     Val holdout (2 candidates)...
[20:35:08]     Val: 0/2 held
[20:35:08]   → train=2  val=0  max_ic=0.1378
[20:35:08] 
============================================================
[20:35:08] FINAL REPORT
[20:35:08] ============================================================
[20:35:10] Report: C:\project\signal_mind\analytics\phase_b\night_search\night_report_20260521_181814.md
[20:35:10] Hits CSV: C:\project\signal_mind\analytics\phase_b\night_search\night_hits_20260521_181814.csv
[20:35:10] 
  [6/8] r8_stable_MSCI_W_sancti  budget=114min  ic_gate=0.06  ens=M5_AND_M6
[20:35:10]   Config: r8_stable_MSCI_W_sancti
[20:35:10]     feature=keyword_z90  target=market_return  ensemble=M5_AND_M6  ic_min=0.06
[20:35:17]   HIT  USD_RUB            oil_z            lag= 28 m5_p=0.0221  m6_ic=0.0768
[20:35:23]   HIT  EUR_RUB            oil_z            lag= 28 m5_p=0.0221  m6_ic=0.0768
[20:35:29]   HIT  DJ_SOUTH_AFRICA    oil_z            lag= 21 m5_p=0.0026  m6_ic=0.0660
[20:35:34]   HIT  DJ_SOUTH_AFRICA    gold_z           lag= 28 m5_p=0.0225  m6_ic=0.0676
[20:35:34]   HIT  MSCI_WORLD         oil_z            lag= 21 m5_p=0.0462  m6_ic=0.0646
[20:35:37]   HIT  MSCI_WORLD         sanctions_z      lag= 14 m5_p=0.0137  m6_ic=0.0993
[20:35:51]   HIT  BRENT              gold_z           lag= 21 m5_p=0.0117  m6_ic=0.0684
[20:36:12]   HIT  GOLD               inflation_z      lag=  7 m5_p=0.0163  m6_ic=0.1378
[20:36:43]     Train: 8 signals
[20:36:43]     Val holdout (8 candidates)...
[20:36:44]     Val: 0/8 held
[20:36:44]   → train=8  val=0  max_ic=0.1378
[20:36:44] 
============================================================
[20:36:44] FINAL REPORT
[20:36:44] ============================================================
[20:36:46] Report: C:\project\signal_mind\analytics\phase_b\night_search\night_report_20260521_181814.md
[20:36:46] Hits CSV: C:\project\signal_mind\analytics\phase_b\night_search\night_hits_20260521_181814.csv
[20:36:46] 
  [7/8] r8_stable_USD_RU_oil_z  budget=171min  ic_gate=0.06  ens=M5_AND_M6
[20:36:46]   Config: r8_stable_USD_RU_oil_z
[20:36:46]     feature=keyword_z90  target=market_return  ensemble=M5_AND_M6  ic_min=0.06
[20:36:54]   HIT  USD_RUB            oil_z            lag= 28 m5_p=0.0221  m6_ic=0.0768
[20:37:01]   HIT  EUR_RUB            oil_z            lag= 28 m5_p=0.0221  m6_ic=0.0768
[20:37:08]   HIT  DJ_SOUTH_AFRICA    oil_z            lag= 21 m5_p=0.0026  m6_ic=0.0660
[20:37:15]   HIT  DJ_SOUTH_AFRICA    gold_z           lag= 28 m5_p=0.0225  m6_ic=0.0676
[20:37:16]   HIT  MSCI_WORLD         oil_z            lag= 21 m5_p=0.0462  m6_ic=0.0646
[20:37:37]   HIT  BRENT              gold_z           lag= 21 m5_p=0.0117  m6_ic=0.0684
[20:38:39]     Train: 6 signals
[20:38:39]     Val holdout (6 candidates)...
[20:38:40]     Val: 0/6 held
[20:38:40]   → train=6  val=0  max_ic=0.0768
[20:38:40] 
============================================================
[20:38:40] FINAL REPORT
[20:38:40] ============================================================
[20:38:42] Report: C:\project\signal_mind\analytics\phase_b\night_search\night_report_20260521_181814.md
[20:38:42] Hits CSV: C:\project\signal_mind\analytics\phase_b\night_search\night_hits_20260521_181814.csv
[20:38:42] 
  [8/8] r8_stable_EUR_RU_oil_z  budget=340min  ic_gate=0.06  ens=M5_AND_M6
[20:38:42]   Config: r8_stable_EUR_RU_oil_z
[20:38:42]     feature=keyword_z90  target=market_return  ensemble=M5_AND_M6  ic_min=0.06
[20:38:50]   HIT  USD_RUB            oil_z            lag= 28 m5_p=0.0221  m6_ic=0.0768
[20:38:57]   HIT  EUR_RUB            oil_z            lag= 28 m5_p=0.0221  m6_ic=0.0768
[20:39:04]   HIT  DJ_SOUTH_AFRICA    oil_z            lag= 21 m5_p=0.0026  m6_ic=0.0660
[20:39:10]   HIT  DJ_SOUTH_AFRICA    gold_z           lag= 28 m5_p=0.0225  m6_ic=0.0676
[20:39:11]   HIT  MSCI_WORLD         oil_z            lag= 21 m5_p=0.0462  m6_ic=0.0646
[20:39:32]   HIT  BRENT              gold_z           lag= 21 m5_p=0.0117  m6_ic=0.0684
[20:40:35]     Train: 6 signals
[20:40:35]     Val holdout (6 candidates)...
[20:40:37]     Val: 0/6 held
[20:40:37]   → train=6  val=0  max_ic=0.0768
[20:40:37] 
============================================================
[20:40:37] FINAL REPORT
[20:40:37] ============================================================
[20:40:38] Report: C:\project\signal_mind\analytics\phase_b\night_search\night_report_20260521_181814.md
[20:40:38] Hits CSV: C:\project\signal_mind\analytics\phase_b\night_search\night_hits_20260521_181814.csv
[20:40:38] 
────────────────────────────────────────
[20:40:38] Round 8 done: train=38  val=0  mean_ic=0.0895
[20:40:38] Cumulative: train=4090  val=2595  val_rate=63.4%  stable=1160
[20:40:38] 
============================================================
[20:40:38] ROUND 9  |  elapsed=2.37h  remaining=5.63h
[20:40:38] ============================================================
[20:40:38]   Knowledge after 8 rounds:
[20:40:38]     train_total=4090  val_total=2595  val_pass_rate=63.4%
[20:40:38]     stable_signals=1160  ic_trend=stable
[20:40:38]     top_instruments=['GOLD', 'MOEXOG', 'IMOEX']
[20:40:38]     top_topics=['oil_emb_z', 'inflation_z', 'sanctions_emb']
[20:40:38]     best_feat=keyword_z90  → next_ic_gate=0.080  ensemble=M5_AND_M6
[20:40:38] Configs this round: 10
[20:40:38] 
  [1/10] r9_primary_keyword_z90  budget=34min  ic_gate=0.08  ens=M5_AND_M6
[20:40:38]   Config: r9_primary_keyword_z90
[20:40:38]     feature=keyword_z90  target=market_return  ensemble=M5_AND_M6  ic_min=0.08
[20:43:27]   HIT  GOLD               inflation_z      lag=  7 m5_p=0.0163  m6_ic=0.1378
[20:44:46]     Train: 1 signals
[20:44:46]     Val holdout (1 candidates)...
[20:44:46]     Val: 0/1 held
[20:44:46]   → train=1  val=0  max_ic=0.1378
[20:44:46] 
============================================================
[20:44:46] FINAL REPORT
[20:44:46] ============================================================
[20:44:47] Report: C:\project\signal_mind\analytics\phase_b\night_search\night_report_20260521_181814.md
[20:44:47] Hits CSV: C:\project\signal_mind\analytics\phase_b\night_search\night_hits_20260521_181814.csv
[20:44:47] 
  [2/10] r9_alt_embedding_raw  budget=37min  ic_gate=0.08  ens=M5_AND_M6
[20:44:47]   Config: r9_alt_embedding_raw
[20:44:47]     feature=embedding_raw  target=market_return  ensemble=M5_AND_M6  ic_min=0.08
[20:45:40]   HIT  FTSE_CHINA_50      oil_emb          lag= 23 m5_p=0.0062  m6_ic=0.0804
[20:45:47]   HIT  GOLD               rate_emb         lag= 23 m5_p=0.0240  m6_ic=0.0939
[20:45:51]   HIT  SILVER             oil_emb          lag= 23 m5_p=0.0425  m6_ic=0.0922
[20:46:00]   HIT  IMOEX              banking_emb      lag=  2 m5_p=0.0241  m6_ic=0.0864
[20:46:12]   HIT  MOEXOG             banking_emb      lag=  2 m5_p=0.0222  m6_ic=0.1510
[20:46:18]   HIT  MOEX10             banking_emb      lag=  2 m5_p=0.0267  m6_ic=0.0887
[20:46:19]     Train: 6 signals
[20:46:19]     Val holdout (6 candidates)...
[20:46:20]     Val: 0/6 held
[20:46:20]   → train=6  val=0  max_ic=0.1510
[20:46:20] 
============================================================
[20:46:20] FINAL REPORT
[20:46:20] ============================================================
[20:46:21] Report: C:\project\signal_mind\analytics\phase_b\night_search\night_report_20260521_181814.md
[20:46:22] Hits CSV: C:\project\signal_mind\analytics\phase_b\night_search\night_hits_20260521_181814.csv
[20:46:22] 
  [3/10] r9_alt_embedding_z90  budget=42min  ic_gate=0.08  ens=M5_AND_M6
[20:46:22]   Config: r9_alt_embedding_z90
[20:46:22]     feature=embedding_z90  target=market_return  ensemble=M5_AND_M6  ic_min=0.08
[20:46:52]   HIT  DXY                rate_emb_z       lag=  8 m5_p=0.0403  m6_ic=0.0857
[20:46:58]   HIT  BRENT              ruble_emb_z      lag=  8 m5_p=0.0321  m6_ic=0.1098
[20:47:02]   HIT  MSCI_INDIA         oil_emb_z        lag=  2 m5_p=0.0235  m6_ic=0.0955
[20:47:03]   HIT  MSCI_INDIA         rate_emb_z       lag=  8 m5_p=0.0230  m6_ic=0.0825
[20:47:08]   HIT  CHINA_H_SHARES     oil_emb_z        lag= 23 m5_p=0.0132  m6_ic=0.1293
[20:47:14]   HIT  FTSE_CHINA_50      oil_emb_z        lag= 23 m5_p=0.0115  m6_ic=0.1480
[20:47:53]     Train: 6 signals
[20:47:53]     Val holdout (6 candidates)...
[20:47:54]     Val: 0/6 held
[20:47:54]   → train=6  val=0  max_ic=0.1480
[20:47:54] 
============================================================
[20:47:54] FINAL REPORT
[20:47:54] ============================================================
[20:47:55] Report: C:\project\signal_mind\analytics\phase_b\night_search\night_report_20260521_181814.md
[20:47:55] Hits CSV: C:\project\signal_mind\analytics\phase_b\night_search\night_hits_20260521_181814.csv
[20:47:55] 
  [4/10] r9_alt_keyword_z30  budget=47min  ic_gate=0.08  ens=M5_AND_M6
[20:47:55]   Config: r9_alt_keyword_z30
[20:47:55]     feature=keyword_z30  target=market_return  ensemble=M5_AND_M6  ic_min=0.08
[20:48:02]   HIT  USD_RUB            oil_z            lag= 28 m5_p=0.0116  m6_ic=0.0999
[20:48:08]   HIT  EUR_RUB            oil_z            lag= 28 m5_p=0.0116  m6_ic=0.0999
[20:49:16]   HIT  MOEXOG             oil_z            lag= 23 m5_p=0.0341  m6_ic=0.0843
[20:49:27]     Train: 3 signals
[20:49:27]     Val holdout (3 candidates)...
[20:49:27]     Val: 0/3 held
[20:49:27]   → train=3  val=0  max_ic=0.0999
[20:49:27] 
============================================================
[20:49:27] FINAL REPORT
[20:49:27] ============================================================
[20:49:29] Report: C:\project\signal_mind\analytics\phase_b\night_search\night_report_20260521_181814.md
[20:49:29] Hits CSV: C:\project\signal_mind\analytics\phase_b\night_search\night_hits_20260521_181814.csv
[20:49:29] 
  [5/10] r9_stable_GOLD_inflat  budget=55min  ic_gate=0.06  ens=M5_AND_M6
[20:49:29]   Config: r9_stable_GOLD_inflat
[20:49:29]     feature=keyword_z90  target=market_return  ensemble=M5_AND_M6  ic_min=0.06
[20:49:47]   HIT  MSCI_WORLD         sanctions_z      lag= 14 m5_p=0.0137  m6_ic=0.0993
[20:50:12]   HIT  GOLD               inflation_z      lag=  7 m5_p=0.0163  m6_ic=0.1378
[20:50:32]     Train: 2 signals
[20:50:32]     Val holdout (2 candidates)...
[20:50:33]     Val: 0/2 held
[20:50:33]   → train=2  val=0  max_ic=0.1378
[20:50:33] 
============================================================
[20:50:33] FINAL REPORT
[20:50:33] ============================================================
[20:50:34] Report: C:\project\signal_mind\analytics\phase_b\night_search\night_report_20260521_181814.md
[20:50:34] Hits CSV: C:\project\signal_mind\analytics\phase_b\night_search\night_hits_20260521_181814.csv
[20:50:34] 
  [6/10] r9_stable_MSCI_W_sancti  budget=66min  ic_gate=0.06  ens=M5_AND_M6
[20:50:34]   Config: r9_stable_MSCI_W_sancti
[20:50:34]     feature=keyword_z90  target=market_return  ensemble=M5_AND_M6  ic_min=0.06
[20:50:41]   HIT  USD_RUB            oil_z            lag= 28 m5_p=0.0221  m6_ic=0.0768
[20:50:47]   HIT  EUR_RUB            oil_z            lag= 28 m5_p=0.0221  m6_ic=0.0768
[20:50:52]   HIT  DJ_SOUTH_AFRICA    oil_z            lag= 21 m5_p=0.0026  m6_ic=0.0660
[20:50:58]   HIT  DJ_SOUTH_AFRICA    gold_z           lag= 28 m5_p=0.0225  m6_ic=0.0676
[20:50:58]   HIT  MSCI_WORLD         oil_z            lag= 21 m5_p=0.0462  m6_ic=0.0646
[20:51:01]   HIT  MSCI_WORLD         sanctions_z      lag= 14 m5_p=0.0137  m6_ic=0.0993
[20:51:15]   HIT  BRENT              gold_z           lag= 21 m5_p=0.0117  m6_ic=0.0684
[20:51:35]   HIT  GOLD               inflation_z      lag=  7 m5_p=0.0163  m6_ic=0.1378
[20:52:06]     Train: 8 signals
[20:52:06]     Val holdout (8 candidates)...
[20:52:08]     Val: 0/8 held
[20:52:08]   → train=8  val=0  max_ic=0.1378
[20:52:08] 
============================================================
[20:52:08] FINAL REPORT
[20:52:08] ============================================================
[20:52:09] Report: C:\project\signal_mind\analytics\phase_b\night_search\night_report_20260521_181814.md
[20:52:10] Hits CSV: C:\project\signal_mind\analytics\phase_b\night_search\night_hits_20260521_181814.csv
[20:52:10] 
  [7/10] r9_stable_USD_RU_oil_z  budget=82min  ic_gate=0.06  ens=M5_AND_M6
[20:52:10]   Config: r9_stable_USD_RU_oil_z
[20:52:10]     feature=keyword_z90  target=market_return  ensemble=M5_AND_M6  ic_min=0.06
[20:52:18]   HIT  USD_RUB            oil_z            lag= 28 m5_p=0.0221  m6_ic=0.0768
[20:52:25]   HIT  EUR_RUB            oil_z            lag= 28 m5_p=0.0221  m6_ic=0.0768
[20:52:32]   HIT  DJ_SOUTH_AFRICA    oil_z            lag= 21 m5_p=0.0026  m6_ic=0.0660
[20:52:39]   HIT  DJ_SOUTH_AFRICA    gold_z           lag= 28 m5_p=0.0225  m6_ic=0.0676
[20:52:40]   HIT  MSCI_WORLD         oil_z            lag= 21 m5_p=0.0462  m6_ic=0.0646
[20:53:00]   HIT  BRENT              gold_z           lag= 21 m5_p=0.0117  m6_ic=0.0684
[20:54:02]     Train: 6 signals
[20:54:02]     Val holdout (6 candidates)...
[20:54:03]     Val: 0/6 held
[20:54:03]   → train=6  val=0  max_ic=0.0768
[20:54:03] 
============================================================
[20:54:03] FINAL REPORT
[20:54:03] ============================================================
[20:54:04] Report: C:\project\signal_mind\analytics\phase_b\night_search\night_report_20260521_181814.md
[20:54:04] Hits CSV: C:\project\signal_mind\analytics\phase_b\night_search\night_hits_20260521_181814.csv
[20:54:04] 
  [8/10] r9_stable_EUR_RU_oil_z  budget=108min  ic_gate=0.06  ens=M5_AND_M6
[20:54:04]   Config: r9_stable_EUR_RU_oil_z
[20:54:04]     feature=keyword_z90  target=market_return  ensemble=M5_AND_M6  ic_min=0.06
[20:54:12]   HIT  USD_RUB            oil_z            lag= 28 m5_p=0.0221  m6_ic=0.0768
[20:54:20]   HIT  EUR_RUB            oil_z            lag= 28 m5_p=0.0221  m6_ic=0.0768
[20:54:26]   HIT  DJ_SOUTH_AFRICA    oil_z            lag= 21 m5_p=0.0026  m6_ic=0.0660
[20:54:33]   HIT  DJ_SOUTH_AFRICA    gold_z           lag= 28 m5_p=0.0225  m6_ic=0.0676
[20:54:34]   HIT  MSCI_WORLD         oil_z            lag= 21 m5_p=0.0462  m6_ic=0.0646
[20:54:54]   HIT  BRENT              gold_z           lag= 21 m5_p=0.0117  m6_ic=0.0684
[20:55:55]     Train: 6 signals
[20:55:55]     Val holdout (6 candidates)...
[20:55:56]     Val: 0/6 held
[20:55:56]   → train=6  val=0  max_ic=0.0768
[20:55:56] 
============================================================
[20:55:56] FINAL REPORT
[20:55:56] ============================================================
[20:55:58] Report: C:\project\signal_mind\analytics\phase_b\night_search\night_report_20260521_181814.md
[20:55:58] Hits CSV: C:\project\signal_mind\analytics\phase_b\night_search\night_hits_20260521_181814.csv
[20:55:58] 
  [9/10] r9_regime2022_keyword_z90  budget=161min  ic_gate=0.07  ens=M5_AND_M6
[20:55:58]   Loading regime 2022-01-01..2022-12-31
[20:55:58]   Regime loaded: 16 instruments
[20:55:58]   Config: r9_regime2022_keyword_z90
[20:55:58]     feature=keyword_z90  target=market_return  ensemble=M5_AND_M6  ic_min=0.07
[20:56:52]   HIT  MOEXFN             gold_z           lag=  8 m5_p=0.0263  m6_ic=0.1080
[20:56:57]     Train: 1 signals
[20:56:57]     Val holdout (1 candidates)...
[20:56:58]     Val: 0/1 held
[20:56:58]   → train=1  val=0  max_ic=0.1080
[20:56:58] 
============================================================
[20:56:58] FINAL REPORT
[20:56:58] ============================================================
[20:56:59] Report: C:\project\signal_mind\analytics\phase_b\night_search\night_report_20260521_181814.md
[20:56:59] Hits CSV: C:\project\signal_mind\analytics\phase_b\night_search\night_hits_20260521_181814.csv
[20:56:59] 
  [10/10] r9_regime2023_keyword_z90  budget=321min  ic_gate=0.07  ens=M5_AND_M6
[20:56:59]   Loading regime 2023-01-01..2023-09-30
[20:57:00]   Regime loaded: 16 instruments
[20:57:00]   Config: r9_regime2023_keyword_z90
[20:57:00]     feature=keyword_z90  target=market_return  ensemble=M5_AND_M6  ic_min=0.07
[20:57:08]     Train: 0 signals
[20:57:08]   → train=0  val=0  max_ic=0.0000
[20:57:08] 
============================================================
[20:57:08] FINAL REPORT
[20:57:08] ============================================================
[20:57:09] Report: C:\project\signal_mind\analytics\phase_b\night_search\night_report_20260521_181814.md
[20:57:09] Hits CSV: C:\project\signal_mind\analytics\phase_b\night_search\night_hits_20260521_181814.csv
[20:57:09] 
────────────────────────────────────────
[20:57:09] Round 9 done: train=39  val=0  mean_ic=0.0899
[20:57:09] Cumulative: train=4129  val=2595  val_rate=62.8%  stable=1160
[20:57:09] 
============================================================
[20:57:09] ROUND 10  |  elapsed=2.65h  remaining=5.35h
[20:57:09] ============================================================
[20:57:09]   Knowledge after 9 rounds:
[20:57:09]     train_total=4129  val_total=2595  val_pass_rate=62.8%
[20:57:09]     stable_signals=1160  ic_trend=stable
[20:57:09]     top_instruments=['GOLD', 'MOEXOG', 'IMOEX']
[20:57:09]     top_topics=['oil_emb_z', 'inflation_z', 'sanctions_emb']
[20:57:09]     best_feat=keyword_z90  → next_ic_gate=0.080  ensemble=M5_AND_M6
[20:57:09] Configs this round: 8
[20:57:09] 
  [1/8] r10_primary_keyword_z90  budget=40min  ic_gate=0.08  ens=M5_AND_M6
[20:57:09]   Config: r10_primary_keyword_z90
[20:57:09]     feature=keyword_z90  target=market_return  ensemble=M5_AND_M6  ic_min=0.08
[20:59:57]   HIT  GOLD               inflation_z      lag=  7 m5_p=0.0163  m6_ic=0.1378
[21:01:16]     Train: 1 signals
[21:01:16]     Val holdout (1 candidates)...
[21:01:16]     Val: 0/1 held
[21:01:16]   → train=1  val=0  max_ic=0.1378
[21:01:16] 
============================================================
[21:01:16] FINAL REPORT
[21:01:16] ============================================================
[21:01:17] Report: C:\project\signal_mind\analytics\phase_b\night_search\night_report_20260521_181814.md
[21:01:17] Hits CSV: C:\project\signal_mind\analytics\phase_b\night_search\night_hits_20260521_181814.csv
[21:01:17] 
  [2/8] r10_alt_embedding_raw  budget=45min  ic_gate=0.08  ens=M5_AND_M6
[21:01:17]   Config: r10_alt_embedding_raw
[21:01:17]     feature=embedding_raw  target=market_return  ensemble=M5_AND_M6  ic_min=0.08
[21:02:10]   HIT  FTSE_CHINA_50      oil_emb          lag= 23 m5_p=0.0062  m6_ic=0.0804
[21:02:17]   HIT  GOLD               rate_emb         lag= 23 m5_p=0.0240  m6_ic=0.0939
[21:02:21]   HIT  SILVER             oil_emb          lag= 23 m5_p=0.0425  m6_ic=0.0922
[21:02:31]   HIT  IMOEX              banking_emb      lag=  2 m5_p=0.0241  m6_ic=0.0864
[21:02:42]   HIT  MOEXOG             banking_emb      lag=  2 m5_p=0.0222  m6_ic=0.1510
[21:02:48]   HIT  MOEX10             banking_emb      lag=  2 m5_p=0.0267  m6_ic=0.0887
[21:02:49]     Train: 6 signals
[21:02:49]     Val holdout (6 candidates)...
[21:02:50]     Val: 0/6 held
[21:02:50]   → train=6  val=0  max_ic=0.1510
[21:02:50] 
============================================================
[21:02:50] FINAL REPORT
[21:02:50] ============================================================
[21:02:52] Report: C:\project\signal_mind\analytics\phase_b\night_search\night_report_20260521_181814.md
[21:02:52] Hits CSV: C:\project\signal_mind\analytics\phase_b\night_search\night_hits_20260521_181814.csv
[21:02:52] 
  [3/8] r10_alt_embedding_z90  budget=53min  ic_gate=0.08  ens=M5_AND_M6
[21:02:52]   Config: r10_alt_embedding_z90
[21:02:52]     feature=embedding_z90  target=market_return  ensemble=M5_AND_M6  ic_min=0.08
[21:03:22]   HIT  DXY                rate_emb_z       lag=  8 m5_p=0.0403  m6_ic=0.0857
[21:03:29]   HIT  BRENT              ruble_emb_z      lag=  8 m5_p=0.0321  m6_ic=0.1098
[21:03:33]   HIT  MSCI_INDIA         oil_emb_z        lag=  2 m5_p=0.0235  m6_ic=0.0955
[21:03:34]   HIT  MSCI_INDIA         rate_emb_z       lag=  8 m5_p=0.0230  m6_ic=0.0825
[21:03:39]   HIT  CHINA_H_SHARES     oil_emb_z        lag= 23 m5_p=0.0132  m6_ic=0.1293
[21:03:44]   HIT  FTSE_CHINA_50      oil_emb_z        lag= 23 m5_p=0.0115  m6_ic=0.1480
[21:04:22]     Train: 6 signals
[21:04:22]     Val holdout (6 candidates)...
[21:04:24]     Val: 0/6 held
[21:04:24]   → train=6  val=0  max_ic=0.1480
[21:04:24] 
============================================================
[21:04:24] FINAL REPORT
[21:04:24] ============================================================
[21:04:25] Report: C:\project\signal_mind\analytics\phase_b\night_search\night_report_20260521_181814.md
[21:04:25] Hits CSV: C:\project\signal_mind\analytics\phase_b\night_search\night_hits_20260521_181814.csv
[21:04:25] 
  [4/8] r10_alt_keyword_z30  budget=63min  ic_gate=0.08  ens=M5_AND_M6
[21:04:25]   Config: r10_alt_keyword_z30
[21:04:25]     feature=keyword_z30  target=market_return  ensemble=M5_AND_M6  ic_min=0.08
[21:04:32]   HIT  USD_RUB            oil_z            lag= 28 m5_p=0.0116  m6_ic=0.0999
[21:04:38]   HIT  EUR_RUB            oil_z            lag= 28 m5_p=0.0116  m6_ic=0.0999
[21:05:45]   HIT  MOEXOG             oil_z            lag= 23 m5_p=0.0341  m6_ic=0.0843
[21:05:55]     Train: 3 signals
[21:05:55]     Val holdout (3 candidates)...
[21:05:56]     Val: 0/3 held
[21:05:56]   → train=3  val=0  max_ic=0.0999
[21:05:56] 
============================================================
[21:05:56] FINAL REPORT
[21:05:56] ============================================================
[21:05:57] Report: C:\project\signal_mind\analytics\phase_b\night_search\night_report_20260521_181814.md
[21:05:57] Hits CSV: C:\project\signal_mind\analytics\phase_b\night_search\night_hits_20260521_181814.csv
[21:05:57] 
  [5/8] r10_stable_GOLD_inflat  budget=78min  ic_gate=0.06  ens=M5_AND_M6
[21:05:57]   Config: r10_stable_GOLD_inflat
[21:05:57]     feature=keyword_z90  target=market_return  ensemble=M5_AND_M6  ic_min=0.06
[21:06:16]   HIT  MSCI_WORLD         sanctions_z      lag= 14 m5_p=0.0137  m6_ic=0.0993
[21:06:40]   HIT  GOLD               inflation_z      lag=  7 m5_p=0.0163  m6_ic=0.1378
[21:07:01]     Train: 2 signals
[21:07:01]     Val holdout (2 candidates)...
[21:07:01]     Val: 0/2 held
[21:07:01]   → train=2  val=0  max_ic=0.1378
[21:07:01] 
============================================================
[21:07:01] FINAL REPORT
[21:07:01] ============================================================
[21:07:03] Report: C:\project\signal_mind\analytics\phase_b\night_search\night_report_20260521_181814.md
[21:07:03] Hits CSV: C:\project\signal_mind\analytics\phase_b\night_search\night_hits_20260521_181814.csv
[21:07:03] 
  [6/8] r10_stable_MSCI_W_sancti  budget=104min  ic_gate=0.06  ens=M5_AND_M6
[21:07:03]   Config: r10_stable_MSCI_W_sancti
[21:07:03]     feature=keyword_z90  target=market_return  ensemble=M5_AND_M6  ic_min=0.06
[21:07:10]   HIT  USD_RUB            oil_z            lag= 28 m5_p=0.0221  m6_ic=0.0768
[21:07:16]   HIT  EUR_RUB            oil_z            lag= 28 m5_p=0.0221  m6_ic=0.0768
[21:07:21]   HIT  DJ_SOUTH_AFRICA    oil_z            lag= 21 m5_p=0.0026  m6_ic=0.0660
[21:07:27]   HIT  DJ_SOUTH_AFRICA    gold_z           lag= 28 m5_p=0.0225  m6_ic=0.0676
[21:07:27]   HIT  MSCI_WORLD         oil_z            lag= 21 m5_p=0.0462  m6_ic=0.0646
[21:07:29]   HIT  MSCI_WORLD         sanctions_z      lag= 14 m5_p=0.0137  m6_ic=0.0993
[21:07:44]   HIT  BRENT              gold_z           lag= 21 m5_p=0.0117  m6_ic=0.0684
[21:08:05]   HIT  GOLD               inflation_z      lag=  7 m5_p=0.0163  m6_ic=0.1378
[21:08:36]     Train: 8 signals
[21:08:36]     Val holdout (8 candidates)...
[21:08:37]     Val: 0/8 held
[21:08:37]   → train=8  val=0  max_ic=0.1378
[21:08:37] 
============================================================
[21:08:37] FINAL REPORT
[21:08:37] ============================================================
[21:08:39] Report: C:\project\signal_mind\analytics\phase_b\night_search\night_report_20260521_181814.md
[21:08:39] Hits CSV: C:\project\signal_mind\analytics\phase_b\night_search\night_hits_20260521_181814.csv
[21:08:39] 
  [7/8] r10_stable_USD_RU_oil_z  budget=155min  ic_gate=0.06  ens=M5_AND_M6
[21:08:39]   Config: r10_stable_USD_RU_oil_z
[21:08:39]     feature=keyword_z90  target=market_return  ensemble=M5_AND_M6  ic_min=0.06
[21:08:47]   HIT  USD_RUB            oil_z            lag= 28 m5_p=0.0221  m6_ic=0.0768
[21:08:54]   HIT  EUR_RUB            oil_z            lag= 28 m5_p=0.0221  m6_ic=0.0768
[21:09:01]   HIT  DJ_SOUTH_AFRICA    oil_z            lag= 21 m5_p=0.0026  m6_ic=0.0660
[21:09:07]   HIT  DJ_SOUTH_AFRICA    gold_z           lag= 28 m5_p=0.0225  m6_ic=0.0676
[21:09:08]   HIT  MSCI_WORLD         oil_z            lag= 21 m5_p=0.0462  m6_ic=0.0646
[21:09:29]   HIT  BRENT              gold_z           lag= 21 m5_p=0.0117  m6_ic=0.0684
[21:10:30]     Train: 6 signals
[21:10:30]     Val holdout (6 candidates)...
[21:10:32]     Val: 0/6 held
[21:10:32]   → train=6  val=0  max_ic=0.0768
[21:10:32] 
============================================================
[21:10:32] FINAL REPORT
[21:10:32] ============================================================
[21:10:33] Report: C:\project\signal_mind\analytics\phase_b\night_search\night_report_20260521_181814.md
[21:10:33] Hits CSV: C:\project\signal_mind\analytics\phase_b\night_search\night_hits_20260521_181814.csv
[21:10:33] 
  [8/8] r10_stable_EUR_RU_oil_z  budget=308min  ic_gate=0.06  ens=M5_AND_M6
[21:10:33]   Config: r10_stable_EUR_RU_oil_z
[21:10:33]     feature=keyword_z90  target=market_return  ensemble=M5_AND_M6  ic_min=0.06
[21:10:41]   HIT  USD_RUB            oil_z            lag= 28 m5_p=0.0221  m6_ic=0.0768
[21:10:48]   HIT  EUR_RUB            oil_z            lag= 28 m5_p=0.0221  m6_ic=0.0768
[21:10:56]   HIT  DJ_SOUTH_AFRICA    oil_z            lag= 21 m5_p=0.0026  m6_ic=0.0660
[21:11:02]   HIT  DJ_SOUTH_AFRICA    gold_z           lag= 28 m5_p=0.0225  m6_ic=0.0676
[21:11:03]   HIT  MSCI_WORLD         oil_z            lag= 21 m5_p=0.0462  m6_ic=0.0646
[21:11:23]   HIT  BRENT              gold_z           lag= 21 m5_p=0.0117  m6_ic=0.0684
[21:12:25]     Train: 6 signals
[21:12:25]     Val holdout (6 candidates)...
[21:12:26]     Val: 0/6 held
[21:12:26]   → train=6  val=0  max_ic=0.0768
[21:12:26] 
============================================================
[21:12:26] FINAL REPORT
[21:12:26] ============================================================
[21:12:27] Report: C:\project\signal_mind\analytics\phase_b\night_search\night_report_20260521_181814.md
[21:12:28] Hits CSV: C:\project\signal_mind\analytics\phase_b\night_search\night_hits_20260521_181814.csv
[21:12:28] 
────────────────────────────────────────
[21:12:28] Round 10 done: train=38  val=0  mean_ic=0.0895
[21:12:28] Cumulative: train=4167  val=2595  val_rate=62.3%  stable=1160
[21:12:28] 
============================================================
[21:12:28] ROUND 11  |  elapsed=2.90h  remaining=5.10h
[21:12:28] ============================================================
[21:12:28]   Knowledge after 10 rounds:
[21:12:28]     train_total=4167  val_total=2595  val_pass_rate=62.3%
[21:12:28]     stable_signals=1160  ic_trend=stable
[21:12:28]     top_instruments=['GOLD', 'MOEXOG', 'IMOEX']
[21:12:28]     top_topics=['oil_emb_z', 'inflation_z', 'sanctions_emb']
[21:12:28]     best_feat=keyword_z90  → next_ic_gate=0.080  ensemble=M5_AND_M6
[21:12:28] Configs this round: 8
[21:12:28] 
  [1/8] r11_primary_keyword_z90  budget=38min  ic_gate=0.08  ens=M5_AND_M6
[21:12:28]   Config: r11_primary_keyword_z90
[21:12:28]     feature=keyword_z90  target=market_return  ensemble=M5_AND_M6  ic_min=0.08
[21:15:15]   HIT  GOLD               inflation_z      lag=  7 m5_p=0.0163  m6_ic=0.1378
[21:16:35]     Train: 1 signals
[21:16:35]     Val holdout (1 candidates)...
[21:16:35]     Val: 0/1 held
[21:16:35]   → train=1  val=0  max_ic=0.1378
[21:16:35] 
============================================================
[21:16:35] FINAL REPORT
[21:16:35] ============================================================
[21:16:36] Report: C:\project\signal_mind\analytics\phase_b\night_search\night_report_20260521_181814.md
[21:16:36] Hits CSV: C:\project\signal_mind\analytics\phase_b\night_search\night_hits_20260521_181814.csv
[21:16:36] 
  [2/8] r11_alt_embedding_z90  budget=43min  ic_gate=0.08  ens=M5_AND_M6
[21:16:36]   Config: r11_alt_embedding_z90
[21:16:36]     feature=embedding_z90  target=market_return  ensemble=M5_AND_M6  ic_min=0.08
[21:17:07]   HIT  DXY                rate_emb_z       lag=  8 m5_p=0.0403  m6_ic=0.0857
[21:17:14]   HIT  BRENT              ruble_emb_z      lag=  8 m5_p=0.0321  m6_ic=0.1098
[21:17:18]   HIT  MSCI_INDIA         oil_emb_z        lag=  2 m5_p=0.0235  m6_ic=0.0955
[21:17:19]   HIT  MSCI_INDIA         rate_emb_z       lag=  8 m5_p=0.0230  m6_ic=0.0825
[21:17:24]   HIT  CHINA_H_SHARES     oil_emb_z        lag= 23 m5_p=0.0132  m6_ic=0.1293
[21:17:29]   HIT  FTSE_CHINA_50      oil_emb_z        lag= 23 m5_p=0.0115  m6_ic=0.1480
[21:18:08]     Train: 6 signals
[21:18:08]     Val holdout (6 candidates)...
[21:18:09]     Val: 0/6 held
[21:18:09]   → train=6  val=0  max_ic=0.1480
[21:18:09] 
============================================================
[21:18:09] FINAL REPORT
[21:18:09] ============================================================
[21:18:10] Report: C:\project\signal_mind\analytics\phase_b\night_search\night_report_20260521_181814.md
[21:18:10] Hits CSV: C:\project\signal_mind\analytics\phase_b\night_search\night_hits_20260521_181814.csv
[21:18:10] 
  [3/8] r11_alt_embedding_raw  budget=50min  ic_gate=0.08  ens=M5_AND_M6
[21:18:10]   Config: r11_alt_embedding_raw
[21:18:10]     feature=embedding_raw  target=market_return  ensemble=M5_AND_M6  ic_min=0.08
[21:19:03]   HIT  FTSE_CHINA_50      oil_emb          lag= 23 m5_p=0.0062  m6_ic=0.0804
[21:19:09]   HIT  GOLD               rate_emb         lag= 23 m5_p=0.0240  m6_ic=0.0939
[21:19:14]   HIT  SILVER             oil_emb          lag= 23 m5_p=0.0425  m6_ic=0.0922
[21:19:23]   HIT  IMOEX              banking_emb      lag=  2 m5_p=0.0241  m6_ic=0.0864
[21:19:35]   HIT  MOEXOG             banking_emb      lag=  2 m5_p=0.0222  m6_ic=0.1510
[21:19:40]   HIT  MOEX10             banking_emb      lag=  2 m5_p=0.0267  m6_ic=0.0887
[21:19:42]     Train: 6 signals
[21:19:42]     Val holdout (6 candidates)...
[21:19:43]     Val: 0/6 held
[21:19:43]   → train=6  val=0  max_ic=0.1510
[21:19:43] 
============================================================
[21:19:43] FINAL REPORT
[21:19:43] ============================================================
[21:19:44] Report: C:\project\signal_mind\analytics\phase_b\night_search\night_report_20260521_181814.md
[21:19:44] Hits CSV: C:\project\signal_mind\analytics\phase_b\night_search\night_hits_20260521_181814.csv
[21:19:44] 
  [4/8] r11_alt_keyword_z30  budget=60min  ic_gate=0.08  ens=M5_AND_M6
[21:19:44]   Config: r11_alt_keyword_z30
[21:19:44]     feature=keyword_z30  target=market_return  ensemble=M5_AND_M6  ic_min=0.08
[21:19:51]   HIT  USD_RUB            oil_z            lag= 28 m5_p=0.0116  m6_ic=0.0999
[21:19:57]   HIT  EUR_RUB            oil_z            lag= 28 m5_p=0.0116  m6_ic=0.0999
[21:21:05]   HIT  MOEXOG             oil_z            lag= 23 m5_p=0.0341  m6_ic=0.0843
[21:21:15]     Train: 3 signals
[21:21:15]     Val holdout (3 candidates)...
[21:21:16]     Val: 0/3 held
[21:21:16]   → train=3  val=0  max_ic=0.0999
[21:21:16] 
============================================================
[21:21:16] FINAL REPORT
[21:21:16] ============================================================
[21:21:17] Report: C:\project\signal_mind\analytics\phase_b\night_search\night_report_20260521_181814.md
[21:21:17] Hits CSV: C:\project\signal_mind\analytics\phase_b\night_search\night_hits_20260521_181814.csv
[21:21:17] 
  [5/8] r11_stable_GOLD_inflat  budget=74min  ic_gate=0.06  ens=M5_AND_M6
[21:21:17]   Config: r11_stable_GOLD_inflat
[21:21:17]     feature=keyword_z90  target=market_return  ensemble=M5_AND_M6  ic_min=0.06
[21:21:36]   HIT  MSCI_WORLD         sanctions_z      lag= 14 m5_p=0.0137  m6_ic=0.0993
[21:21:59]   HIT  GOLD               inflation_z      lag=  7 m5_p=0.0163  m6_ic=0.1378
[21:22:20]     Train: 2 signals
[21:22:20]     Val holdout (2 candidates)...
[21:22:21]     Val: 0/2 held
[21:22:21]   → train=2  val=0  max_ic=0.1378
[21:22:21] 
============================================================
[21:22:21] FINAL REPORT
[21:22:21] ============================================================
[21:22:22] Report: C:\project\signal_mind\analytics\phase_b\night_search\night_report_20260521_181814.md
[21:22:22] Hits CSV: C:\project\signal_mind\analytics\phase_b\night_search\night_hits_20260521_181814.csv
[21:22:22] 
  [6/8] r11_stable_USD_RU_oil_z  budget=99min  ic_gate=0.06  ens=M5_AND_M6
[21:22:22]   Config: r11_stable_USD_RU_oil_z
[21:22:22]     feature=keyword_z90  target=market_return  ensemble=M5_AND_M6  ic_min=0.06
[21:22:31]   HIT  USD_RUB            oil_z            lag= 28 m5_p=0.0221  m6_ic=0.0768
[21:22:38]   HIT  EUR_RUB            oil_z            lag= 28 m5_p=0.0221  m6_ic=0.0768
[21:22:45]   HIT  DJ_SOUTH_AFRICA    oil_z            lag= 21 m5_p=0.0026  m6_ic=0.0660
[21:22:52]   HIT  DJ_SOUTH_AFRICA    gold_z           lag= 28 m5_p=0.0225  m6_ic=0.0676
[21:22:52]   HIT  MSCI_WORLD         oil_z            lag= 21 m5_p=0.0462  m6_ic=0.0646
[21:23:13]   HIT  BRENT              gold_z           lag= 21 m5_p=0.0117  m6_ic=0.0684
[21:24:14]     Train: 6 signals
[21:24:14]     Val holdout (6 candidates)...
[21:24:15]     Val: 0/6 held
[21:24:15]   → train=6  val=0  max_ic=0.0768
[21:24:15] 
============================================================
[21:24:15] FINAL REPORT
[21:24:15] ============================================================
[21:24:17] Report: C:\project\signal_mind\analytics\phase_b\night_search\night_report_20260521_181814.md
[21:24:17] Hits CSV: C:\project\signal_mind\analytics\phase_b\night_search\night_hits_20260521_181814.csv
[21:24:17] 
  [7/8] r11_stable_EUR_RU_oil_z  budget=147min  ic_gate=0.06  ens=M5_AND_M6
[21:24:17]   Config: r11_stable_EUR_RU_oil_z
[21:24:17]     feature=keyword_z90  target=market_return  ensemble=M5_AND_M6  ic_min=0.06
[21:24:25]   HIT  USD_RUB            oil_z            lag= 28 m5_p=0.0221  m6_ic=0.0768
[21:24:32]   HIT  EUR_RUB            oil_z            lag= 28 m5_p=0.0221  m6_ic=0.0768
[21:24:39]   HIT  DJ_SOUTH_AFRICA    oil_z            lag= 21 m5_p=0.0026  m6_ic=0.0660
[21:24:46]   HIT  DJ_SOUTH_AFRICA    gold_z           lag= 28 m5_p=0.0225  m6_ic=0.0676
[21:24:47]   HIT  MSCI_WORLD         oil_z            lag= 21 m5_p=0.0462  m6_ic=0.0646
[21:25:07]   HIT  BRENT              gold_z           lag= 21 m5_p=0.0117  m6_ic=0.0684
[21:26:09]     Train: 6 signals
[21:26:09]     Val holdout (6 candidates)...
[21:26:10]     Val: 0/6 held
[21:26:10]   → train=6  val=0  max_ic=0.0768
[21:26:10] 
============================================================
[21:26:10] FINAL REPORT
[21:26:10] ============================================================
[21:26:11] Report: C:\project\signal_mind\analytics\phase_b\night_search\night_report_20260521_181814.md
[21:26:11] Hits CSV: C:\project\signal_mind\analytics\phase_b\night_search\night_hits_20260521_181814.csv
[21:26:11] 
  [8/8] r11_stable_MSCI_W_sancti  budget=292min  ic_gate=0.06  ens=M5_AND_M6
[21:26:11]   Config: r11_stable_MSCI_W_sancti
[21:26:11]     feature=keyword_z90  target=market_return  ensemble=M5_AND_M6  ic_min=0.06
[21:26:19]   HIT  USD_RUB            oil_z            lag= 28 m5_p=0.0221  m6_ic=0.0768
[21:26:24]   HIT  EUR_RUB            oil_z            lag= 28 m5_p=0.0221  m6_ic=0.0768
[21:26:30]   HIT  DJ_SOUTH_AFRICA    oil_z            lag= 21 m5_p=0.0026  m6_ic=0.0660
[21:26:35]   HIT  DJ_SOUTH_AFRICA    gold_z           lag= 28 m5_p=0.0225  m6_ic=0.0676
[21:26:35]   HIT  MSCI_WORLD         oil_z            lag= 21 m5_p=0.0462  m6_ic=0.0646
[21:26:38]   HIT  MSCI_WORLD         sanctions_z      lag= 14 m5_p=0.0137  m6_ic=0.0993
[21:26:52]   HIT  BRENT              gold_z           lag= 21 m5_p=0.0117  m6_ic=0.0684
[21:27:13]   HIT  GOLD               inflation_z      lag=  7 m5_p=0.0163  m6_ic=0.1378
[21:27:42]     Train: 8 signals
[21:27:42]     Val holdout (8 candidates)...
[21:27:44]     Val: 0/8 held
[21:27:44]   → train=8  val=0  max_ic=0.1378
[21:27:44] 
============================================================
[21:27:44] FINAL REPORT
[21:27:44] ============================================================
[21:27:45] Report: C:\project\signal_mind\analytics\phase_b\night_search\night_report_20260521_181814.md
[21:27:46] Hits CSV: C:\project\signal_mind\analytics\phase_b\night_search\night_hits_20260521_181814.csv
[21:27:46] 
────────────────────────────────────────
[21:27:46] Round 11 done: train=38  val=0  mean_ic=0.0895
[21:27:46] Cumulative: train=4205  val=2595  val_rate=61.7%  stable=1160
[21:27:46] 
============================================================
[21:27:46] ROUND 12  |  elapsed=3.16h  remaining=4.84h
[21:27:46] ============================================================
[21:27:46]   Knowledge after 11 rounds:
[21:27:46]     train_total=4205  val_total=2595  val_pass_rate=61.7%
[21:27:46]     stable_signals=1160  ic_trend=stable
[21:27:46]     top_instruments=['GOLD', 'MOEXOG', 'IMOEX']
[21:27:46]     top_topics=['oil_emb_z', 'inflation_z', 'sanctions_emb']
[21:27:46]     best_feat=keyword_z90  → next_ic_gate=0.080  ensemble=M5_AND_M6
[21:27:46] Configs this round: 10
[21:27:46] 
  [1/10] r12_primary_keyword_z90  budget=29min  ic_gate=0.08  ens=M5_AND_M6
[21:27:46]   Config: r12_primary_keyword_z90
[21:27:46]     feature=keyword_z90  target=market_return  ensemble=M5_AND_M6  ic_min=0.08
[21:30:34]   HIT  GOLD               inflation_z      lag=  7 m5_p=0.0163  m6_ic=0.1378
[21:31:53]     Train: 1 signals
[21:31:53]     Val holdout (1 candidates)...
[21:31:53]     Val: 0/1 held
[21:31:53]   → train=1  val=0  max_ic=0.1378
[21:31:53] 
============================================================
[21:31:53] FINAL REPORT
[21:31:53] ============================================================
[21:31:55] Report: C:\project\signal_mind\analytics\phase_b\night_search\night_report_20260521_181814.md
[21:31:55] Hits CSV: C:\project\signal_mind\analytics\phase_b\night_search\night_hits_20260521_181814.csv
[21:31:55] 
  [2/10] r12_alt_embedding_z90  budget=32min  ic_gate=0.08  ens=M5_AND_M6
[21:31:55]   Config: r12_alt_embedding_z90
[21:31:55]     feature=embedding_z90  target=market_return  ensemble=M5_AND_M6  ic_min=0.08
[21:32:25]   HIT  DXY                rate_emb_z       lag=  8 m5_p=0.0403  m6_ic=0.0857
[21:32:31]   HIT  BRENT              ruble_emb_z      lag=  8 m5_p=0.0321  m6_ic=0.1098
[21:32:35]   HIT  MSCI_INDIA         oil_emb_z        lag=  2 m5_p=0.0235  m6_ic=0.0955
[21:32:36]   HIT  MSCI_INDIA         rate_emb_z       lag=  8 m5_p=0.0230  m6_ic=0.0825
[21:32:42]   HIT  CHINA_H_SHARES     oil_emb_z        lag= 23 m5_p=0.0132  m6_ic=0.1293
[21:32:47]   HIT  FTSE_CHINA_50      oil_emb_z        lag= 23 m5_p=0.0115  m6_ic=0.1480
[21:33:26]     Train: 6 signals
[21:33:26]     Val holdout (6 candidates)...
[21:33:27]     Val: 0/6 held
[21:33:27]   → train=6  val=0  max_ic=0.1480
[21:33:27] 
============================================================
[21:33:27] FINAL REPORT
[21:33:27] ============================================================
[21:33:28] Report: C:\project\signal_mind\analytics\phase_b\night_search\night_report_20260521_181814.md
[21:33:28] Hits CSV: C:\project\signal_mind\analytics\phase_b\night_search\night_hits_20260521_181814.csv
[21:33:28] 
  [3/10] r12_alt_embedding_raw  budget=36min  ic_gate=0.08  ens=M5_AND_M6
[21:33:28]   Config: r12_alt_embedding_raw
[21:33:28]     feature=embedding_raw  target=market_return  ensemble=M5_AND_M6  ic_min=0.08
[21:34:21]   HIT  FTSE_CHINA_50      oil_emb          lag= 23 m5_p=0.0062  m6_ic=0.0804
[21:34:27]   HIT  GOLD               rate_emb         lag= 23 m5_p=0.0240  m6_ic=0.0939
[21:34:32]   HIT  SILVER             oil_emb          lag= 23 m5_p=0.0425  m6_ic=0.0922
[21:34:41]   HIT  IMOEX              banking_emb      lag=  2 m5_p=0.0241  m6_ic=0.0864
[21:34:52]   HIT  MOEXOG             banking_emb      lag=  2 m5_p=0.0222  m6_ic=0.1510
[21:34:58]   HIT  MOEX10             banking_emb      lag=  2 m5_p=0.0267  m6_ic=0.0887
[21:34:59]     Train: 6 signals
[21:34:59]     Val holdout (6 candidates)...
[21:35:00]     Val: 0/6 held
[21:35:00]   → train=6  val=0  max_ic=0.1510
[21:35:00] 
============================================================
[21:35:00] FINAL REPORT
[21:35:00] ============================================================
[21:35:02] Report: C:\project\signal_mind\analytics\phase_b\night_search\night_report_20260521_181814.md
[21:35:02] Hits CSV: C:\project\signal_mind\analytics\phase_b\night_search\night_hits_20260521_181814.csv
[21:35:02] 
  [4/10] r12_alt_keyword_z30  budget=40min  ic_gate=0.08  ens=M5_AND_M6
[21:35:02]   Config: r12_alt_keyword_z30
[21:35:02]     feature=keyword_z30  target=market_return  ensemble=M5_AND_M6  ic_min=0.08
[21:35:09]   HIT  USD_RUB            oil_z            lag= 28 m5_p=0.0116  m6_ic=0.0999
[21:35:14]   HIT  EUR_RUB            oil_z            lag= 28 m5_p=0.0116  m6_ic=0.0999
[21:36:22]   HIT  MOEXOG             oil_z            lag= 23 m5_p=0.0341  m6_ic=0.0843
[21:36:32]     Train: 3 signals
[21:36:32]     Val holdout (3 candidates)...
[21:36:33]     Val: 0/3 held
[21:36:33]   → train=3  val=0  max_ic=0.0999
[21:36:33] 
============================================================
[21:36:33] FINAL REPORT
[21:36:33] ============================================================
[21:36:34] Report: C:\project\signal_mind\analytics\phase_b\night_search\night_report_20260521_181814.md
[21:36:34] Hits CSV: C:\project\signal_mind\analytics\phase_b\night_search\night_hits_20260521_181814.csv
[21:36:34] 
  [5/10] r12_stable_GOLD_inflat  budget=47min  ic_gate=0.06  ens=M5_AND_M6
[21:36:34]   Config: r12_stable_GOLD_inflat
[21:36:34]     feature=keyword_z90  target=market_return  ensemble=M5_AND_M6  ic_min=0.06
[21:36:52]   HIT  MSCI_WORLD         sanctions_z      lag= 14 m5_p=0.0137  m6_ic=0.0993
[21:37:16]   HIT  GOLD               inflation_z      lag=  7 m5_p=0.0163  m6_ic=0.1378
[21:37:37]     Train: 2 signals
[21:37:37]     Val holdout (2 candidates)...
[21:37:38]     Val: 0/2 held
[21:37:38]   → train=2  val=0  max_ic=0.1378
[21:37:38] 
============================================================
[21:37:38] FINAL REPORT
[21:37:38] ============================================================
[21:37:39] Report: C:\project\signal_mind\analytics\phase_b\night_search\night_report_20260521_181814.md
[21:37:39] Hits CSV: C:\project\signal_mind\analytics\phase_b\night_search\night_hits_20260521_181814.csv
[21:37:39] 
  [6/10] r12_stable_USD_RU_oil_z  budget=56min  ic_gate=0.06  ens=M5_AND_M6
[21:37:39]   Config: r12_stable_USD_RU_oil_z
[21:37:39]     feature=keyword_z90  target=market_return  ensemble=M5_AND_M6  ic_min=0.06
[21:37:47]   HIT  USD_RUB            oil_z            lag= 28 m5_p=0.0221  m6_ic=0.0768
[21:37:55]   HIT  EUR_RUB            oil_z            lag= 28 m5_p=0.0221  m6_ic=0.0768
[21:38:02]   HIT  DJ_SOUTH_AFRICA    oil_z            lag= 21 m5_p=0.0026  m6_ic=0.0660
[21:38:08]   HIT  DJ_SOUTH_AFRICA    gold_z           lag= 28 m5_p=0.0225  m6_ic=0.0676
[21:38:09]   HIT  MSCI_WORLD         oil_z            lag= 21 m5_p=0.0462  m6_ic=0.0646
[21:38:29]   HIT  BRENT              gold_z           lag= 21 m5_p=0.0117  m6_ic=0.0684
[21:39:31]     Train: 6 signals
[21:39:31]     Val holdout (6 candidates)...
[21:39:32]     Val: 0/6 held
[21:39:32]   → train=6  val=0  max_ic=0.0768
[21:39:32] 
============================================================
[21:39:32] FINAL REPORT
[21:39:32] ============================================================
[21:39:33] Report: C:\project\signal_mind\analytics\phase_b\night_search\night_report_20260521_181814.md
[21:39:34] Hits CSV: C:\project\signal_mind\analytics\phase_b\night_search\night_hits_20260521_181814.csv
[21:39:34] 
  [7/10] r12_stable_EUR_RU_oil_z  budget=70min  ic_gate=0.06  ens=M5_AND_M6
[21:39:34]   Config: r12_stable_EUR_RU_oil_z
[21:39:34]     feature=keyword_z90  target=market_return  ensemble=M5_AND_M6  ic_min=0.06
[21:39:41]   HIT  USD_RUB            oil_z            lag= 28 m5_p=0.0221  m6_ic=0.0768
[21:39:49]   HIT  EUR_RUB            oil_z            lag= 28 m5_p=0.0221  m6_ic=0.0768
[21:39:56]   HIT  DJ_SOUTH_AFRICA    oil_z            lag= 21 m5_p=0.0026  m6_ic=0.0660
[21:40:02]   HIT  DJ_SOUTH_AFRICA    gold_z           lag= 28 m5_p=0.0225  m6_ic=0.0676
[21:40:03]   HIT  MSCI_WORLD         oil_z            lag= 21 m5_p=0.0462  m6_ic=0.0646
[21:40:23]   HIT  BRENT              gold_z           lag= 21 m5_p=0.0117  m6_ic=0.0684
[21:41:24]     Train: 6 signals
[21:41:24]     Val holdout (6 candidates)...
[21:41:26]     Val: 0/6 held
[21:41:26]   → train=6  val=0  max_ic=0.0768
[21:41:26] 
============================================================
[21:41:26] FINAL REPORT
[21:41:26] ============================================================
[21:41:27] Report: C:\project\signal_mind\analytics\phase_b\night_search\night_report_20260521_181814.md
[21:41:27] Hits CSV: C:\project\signal_mind\analytics\phase_b\night_search\night_hits_20260521_181814.csv
[21:41:27] 
  [8/10] r12_stable_MSCI_W_sancti  budget=92min  ic_gate=0.06  ens=M5_AND_M6
[21:41:27]   Config: r12_stable_MSCI_W_sancti
[21:41:27]     feature=keyword_z90  target=market_return  ensemble=M5_AND_M6  ic_min=0.06
[21:41:34]   HIT  USD_RUB            oil_z            lag= 28 m5_p=0.0221  m6_ic=0.0768
[21:41:39]   HIT  EUR_RUB            oil_z            lag= 28 m5_p=0.0221  m6_ic=0.0768
[21:41:45]   HIT  DJ_SOUTH_AFRICA    oil_z            lag= 21 m5_p=0.0026  m6_ic=0.0660
[21:41:50]   HIT  DJ_SOUTH_AFRICA    gold_z           lag= 28 m5_p=0.0225  m6_ic=0.0676
[21:41:50]   HIT  MSCI_WORLD         oil_z            lag= 21 m5_p=0.0462  m6_ic=0.0646
[21:41:53]   HIT  MSCI_WORLD         sanctions_z      lag= 14 m5_p=0.0137  m6_ic=0.0993
[21:42:07]   HIT  BRENT              gold_z           lag= 21 m5_p=0.0117  m6_ic=0.0684
[21:42:27]   HIT  GOLD               inflation_z      lag=  7 m5_p=0.0163  m6_ic=0.1378
[21:42:57]     Train: 8 signals
[21:42:57]     Val holdout (8 candidates)...
[21:42:59]     Val: 0/8 held
[21:42:59]   → train=8  val=0  max_ic=0.1378
[21:42:59] 
============================================================
[21:42:59] FINAL REPORT
[21:42:59] ============================================================
[21:43:00] Report: C:\project\signal_mind\analytics\phase_b\night_search\night_report_20260521_181814.md
[21:43:00] Hits CSV: C:\project\signal_mind\analytics\phase_b\night_search\night_hits_20260521_181814.csv
[21:43:00] 
  [9/10] r12_regime2022_keyword_z90  budget=138min  ic_gate=0.07  ens=M5_AND_M6
[21:43:00]   Loading regime 2022-01-01..2022-12-31
[21:43:01]   Regime loaded: 16 instruments
[21:43:01]   Config: r12_regime2022_keyword_z90
[21:43:01]     feature=keyword_z90  target=market_return  ensemble=M5_AND_M6  ic_min=0.07
[21:43:54]   HIT  MOEXFN             gold_z           lag=  8 m5_p=0.0263  m6_ic=0.1080
[21:44:00]     Train: 1 signals
[21:44:00]     Val holdout (1 candidates)...
[21:44:00]     Val: 0/1 held
[21:44:00]   → train=1  val=0  max_ic=0.1080
[21:44:00] 
============================================================
[21:44:00] FINAL REPORT
[21:44:00] ============================================================
[21:44:01] Report: C:\project\signal_mind\analytics\phase_b\night_search\night_report_20260521_181814.md
[21:44:01] Hits CSV: C:\project\signal_mind\analytics\phase_b\night_search\night_hits_20260521_181814.csv
[21:44:01] 
  [10/10] r12_regime2023_keyword_z90  budget=274min  ic_gate=0.07  ens=M5_AND_M6
[21:44:01]   Loading regime 2023-01-01..2023-09-30
[21:44:02]   Regime loaded: 16 instruments
[21:44:02]   Config: r12_regime2023_keyword_z90
[21:44:02]     feature=keyword_z90  target=market_return  ensemble=M5_AND_M6  ic_min=0.07
[21:44:10]     Train: 0 signals
[21:44:10]   → train=0  val=0  max_ic=0.0000
[21:44:10] 
============================================================
[21:44:10] FINAL REPORT
[21:44:10] ============================================================
[21:44:11] Report: C:\project\signal_mind\analytics\phase_b\night_search\night_report_20260521_181814.md
[21:44:11] Hits CSV: C:\project\signal_mind\analytics\phase_b\night_search\night_hits_20260521_181814.csv
[21:44:11] 
────────────────────────────────────────
[21:44:11] Round 12 done: train=39  val=0  mean_ic=0.0899
[21:44:11] Cumulative: train=4244  val=2595  val_rate=61.1%  stable=1160
[21:44:11] 
============================================================
[21:44:11] ROUND 13  |  elapsed=3.43h  remaining=4.57h
[21:44:11] ============================================================
[21:44:11]   Knowledge after 12 rounds:
[21:44:11]     train_total=4244  val_total=2595  val_pass_rate=61.1%
[21:44:11]     stable_signals=1160  ic_trend=stable
[21:44:11]     top_instruments=['GOLD', 'MOEXOG', 'IMOEX']
[21:44:11]     top_topics=['oil_emb_z', 'inflation_z', 'sanctions_emb']
[21:44:11]     best_feat=keyword_z90  → next_ic_gate=0.080  ensemble=M5_AND_M6
[21:44:11] Configs this round: 8
[21:44:11] 
  [1/8] r13_primary_keyword_z90  budget=34min  ic_gate=0.08  ens=M5_AND_M6
[21:44:11]   Config: r13_primary_keyword_z90
[21:44:11]     feature=keyword_z90  target=market_return  ensemble=M5_AND_M6  ic_min=0.08
[21:46:58]   HIT  GOLD               inflation_z      lag=  7 m5_p=0.0163  m6_ic=0.1378
[21:48:17]     Train: 1 signals
[21:48:17]     Val holdout (1 candidates)...
[21:48:17]     Val: 0/1 held
[21:48:17]   → train=1  val=0  max_ic=0.1378
[21:48:17] 
============================================================
[21:48:17] FINAL REPORT
[21:48:17] ============================================================
[21:48:19] Report: C:\project\signal_mind\analytics\phase_b\night_search\night_report_20260521_181814.md
[21:48:19] Hits CSV: C:\project\signal_mind\analytics\phase_b\night_search\night_hits_20260521_181814.csv
[21:48:19] 
  [2/8] r13_alt_embedding_z90  budget=39min  ic_gate=0.08  ens=M5_AND_M6
[21:48:19]   Config: r13_alt_embedding_z90
[21:48:19]     feature=embedding_z90  target=market_return  ensemble=M5_AND_M6  ic_min=0.08
[21:48:49]   HIT  DXY                rate_emb_z       lag=  8 m5_p=0.0403  m6_ic=0.0857
[21:48:55]   HIT  BRENT              ruble_emb_z      lag=  8 m5_p=0.0321  m6_ic=0.1098
[21:48:59]   HIT  MSCI_INDIA         oil_emb_z        lag=  2 m5_p=0.0235  m6_ic=0.0955
[21:49:00]   HIT  MSCI_INDIA         rate_emb_z       lag=  8 m5_p=0.0230  m6_ic=0.0825
[21:49:05]   HIT  CHINA_H_SHARES     oil_emb_z        lag= 23 m5_p=0.0132  m6_ic=0.1293
[21:49:11]   HIT  FTSE_CHINA_50      oil_emb_z        lag= 23 m5_p=0.0115  m6_ic=0.1480
[21:49:49]     Train: 6 signals
[21:49:49]     Val holdout (6 candidates)...
[21:49:50]     Val: 0/6 held
[21:49:50]   → train=6  val=0  max_ic=0.1480
[21:49:50] 
============================================================
[21:49:50] FINAL REPORT
[21:49:50] ============================================================
[21:49:51] Report: C:\project\signal_mind\analytics\phase_b\night_search\night_report_20260521_181814.md
[21:49:51] Hits CSV: C:\project\signal_mind\analytics\phase_b\night_search\night_hits_20260521_181814.csv
[21:49:51] 
  [3/8] r13_alt_embedding_raw  budget=45min  ic_gate=0.08  ens=M5_AND_M6
[21:49:51]   Config: r13_alt_embedding_raw
[21:49:51]     feature=embedding_raw  target=market_return  ensemble=M5_AND_M6  ic_min=0.08
[21:50:44]   HIT  FTSE_CHINA_50      oil_emb          lag= 23 m5_p=0.0062  m6_ic=0.0804
[21:50:50]   HIT  GOLD               rate_emb         lag= 23 m5_p=0.0240  m6_ic=0.0939
[21:50:55]   HIT  SILVER             oil_emb          lag= 23 m5_p=0.0425  m6_ic=0.0922
[21:51:04]   HIT  IMOEX              banking_emb      lag=  2 m5_p=0.0241  m6_ic=0.0864
[21:51:15]   HIT  MOEXOG             banking_emb      lag=  2 m5_p=0.0222  m6_ic=0.1510
[21:51:21]   HIT  MOEX10             banking_emb      lag=  2 m5_p=0.0267  m6_ic=0.0887
[21:51:22]     Train: 6 signals
[21:51:22]     Val holdout (6 candidates)...
[21:51:23]     Val: 0/6 held
[21:51:23]   → train=6  val=0  max_ic=0.1510
[21:51:23] 
============================================================
[21:51:23] FINAL REPORT
[21:51:23] ============================================================
[21:51:25] Report: C:\project\signal_mind\analytics\phase_b\night_search\night_report_20260521_181814.md
[21:51:25] Hits CSV: C:\project\signal_mind\analytics\phase_b\night_search\night_hits_20260521_181814.csv
[21:51:25] 
  [4/8] r13_alt_keyword_z30  budget=53min  ic_gate=0.08  ens=M5_AND_M6
[21:51:25]   Config: r13_alt_keyword_z30
[21:51:25]     feature=keyword_z30  target=market_return  ensemble=M5_AND_M6  ic_min=0.08
[21:51:32]   HIT  USD_RUB            oil_z            lag= 28 m5_p=0.0116  m6_ic=0.0999
[21:51:38]   HIT  EUR_RUB            oil_z            lag= 28 m5_p=0.0116  m6_ic=0.0999
[21:52:46]   HIT  MOEXOG             oil_z            lag= 23 m5_p=0.0341  m6_ic=0.0843
[21:52:57]     Train: 3 signals
[21:52:57]     Val holdout (3 candidates)...
[21:52:58]     Val: 0/3 held
[21:52:58]   → train=3  val=0  max_ic=0.0999
[21:52:58] 
============================================================
[21:52:58] FINAL REPORT
[21:52:58] ============================================================
[21:52:59] Report: C:\project\signal_mind\analytics\phase_b\night_search\night_report_20260521_181814.md
[21:52:59] Hits CSV: C:\project\signal_mind\analytics\phase_b\night_search\night_hits_20260521_181814.csv
[21:52:59] 
  [5/8] r13_stable_GOLD_inflat  budget=66min  ic_gate=0.06  ens=M5_AND_M6
[21:52:59]   Config: r13_stable_GOLD_inflat
[21:52:59]     feature=keyword_z90  target=market_return  ensemble=M5_AND_M6  ic_min=0.06
[21:53:17]   HIT  MSCI_WORLD         sanctions_z      lag= 14 m5_p=0.0137  m6_ic=0.0993
[21:53:41]   HIT  GOLD               inflation_z      lag=  7 m5_p=0.0163  m6_ic=0.1378
[21:54:01]     Train: 2 signals
[21:54:01]     Val holdout (2 candidates)...
[21:54:02]     Val: 0/2 held
[21:54:02]   → train=2  val=0  max_ic=0.1378
[21:54:02] 
============================================================
[21:54:02] FINAL REPORT
[21:54:02] ============================================================
[21:54:03] Report: C:\project\signal_mind\analytics\phase_b\night_search\night_report_20260521_181814.md
[21:54:03] Hits CSV: C:\project\signal_mind\analytics\phase_b\night_search\night_hits_20260521_181814.csv
[21:54:03] 
  [6/8] r13_stable_USD_RU_oil_z  budget=88min  ic_gate=0.06  ens=M5_AND_M6
[21:54:03]   Config: r13_stable_USD_RU_oil_z
[21:54:03]     feature=keyword_z90  target=market_return  ensemble=M5_AND_M6  ic_min=0.06
[21:54:11]   HIT  USD_RUB            oil_z            lag= 28 m5_p=0.0221  m6_ic=0.0768
[21:54:19]   HIT  EUR_RUB            oil_z            lag= 28 m5_p=0.0221  m6_ic=0.0768
[21:54:26]   HIT  DJ_SOUTH_AFRICA    oil_z            lag= 21 m5_p=0.0026  m6_ic=0.0660
[21:54:32]   HIT  DJ_SOUTH_AFRICA    gold_z           lag= 28 m5_p=0.0225  m6_ic=0.0676
[21:54:33]   HIT  MSCI_WORLD         oil_z            lag= 21 m5_p=0.0462  m6_ic=0.0646
[21:54:53]   HIT  BRENT              gold_z           lag= 21 m5_p=0.0117  m6_ic=0.0684
[21:55:54]     Train: 6 signals
[21:55:54]     Val holdout (6 candidates)...
[21:55:55]     Val: 0/6 held
[21:55:55]   → train=6  val=0  max_ic=0.0768
[21:55:55] 
============================================================
[21:55:55] FINAL REPORT
[21:55:55] ============================================================
[21:55:57] Report: C:\project\signal_mind\analytics\phase_b\night_search\night_report_20260521_181814.md
[21:55:57] Hits CSV: C:\project\signal_mind\analytics\phase_b\night_search\night_hits_20260521_181814.csv
[21:55:57] 
  [7/8] r13_stable_EUR_RU_oil_z  budget=131min  ic_gate=0.06  ens=M5_AND_M6
[21:55:57]   Config: r13_stable_EUR_RU_oil_z
[21:55:57]     feature=keyword_z90  target=market_return  ensemble=M5_AND_M6  ic_min=0.06
[21:56:05]   HIT  USD_RUB            oil_z            lag= 28 m5_p=0.0221  m6_ic=0.0768
[21:56:12]   HIT  EUR_RUB            oil_z            lag= 28 m5_p=0.0221  m6_ic=0.0768
[21:56:19]   HIT  DJ_SOUTH_AFRICA    oil_z            lag= 21 m5_p=0.0026  m6_ic=0.0660
[21:56:26]   HIT  DJ_SOUTH_AFRICA    gold_z           lag= 28 m5_p=0.0225  m6_ic=0.0676
[21:56:26]   HIT  MSCI_WORLD         oil_z            lag= 21 m5_p=0.0462  m6_ic=0.0646
[21:56:47]   HIT  BRENT              gold_z           lag= 21 m5_p=0.0117  m6_ic=0.0684
[21:57:48]     Train: 6 signals
[21:57:48]     Val holdout (6 candidates)...
[21:57:49]     Val: 0/6 held
[21:57:49]   → train=6  val=0  max_ic=0.0768
[21:57:49] 
============================================================
[21:57:49] FINAL REPORT
[21:57:49] ============================================================
[21:57:50] Report: C:\project\signal_mind\analytics\phase_b\night_search\night_report_20260521_181814.md
[21:57:50] Hits CSV: C:\project\signal_mind\analytics\phase_b\night_search\night_hits_20260521_181814.csv
[21:57:50] 
  [8/8] r13_stable_MSCI_W_sancti  budget=261min  ic_gate=0.06  ens=M5_AND_M6
[21:57:50]   Config: r13_stable_MSCI_W_sancti
[21:57:50]     feature=keyword_z90  target=market_return  ensemble=M5_AND_M6  ic_min=0.06
[21:57:57]   HIT  USD_RUB            oil_z            lag= 28 m5_p=0.0221  m6_ic=0.0768
[21:58:03]   HIT  EUR_RUB            oil_z            lag= 28 m5_p=0.0221  m6_ic=0.0768
[21:58:08]   HIT  DJ_SOUTH_AFRICA    oil_z            lag= 21 m5_p=0.0026  m6_ic=0.0660
[21:58:14]   HIT  DJ_SOUTH_AFRICA    gold_z           lag= 28 m5_p=0.0225  m6_ic=0.0676
[21:58:14]   HIT  MSCI_WORLD         oil_z            lag= 21 m5_p=0.0462  m6_ic=0.0646
[21:58:16]   HIT  MSCI_WORLD         sanctions_z      lag= 14 m5_p=0.0137  m6_ic=0.0993
[21:58:30]   HIT  BRENT              gold_z           lag= 21 m5_p=0.0117  m6_ic=0.0684
[21:58:51]   HIT  GOLD               inflation_z      lag=  7 m5_p=0.0163  m6_ic=0.1378
[21:59:21]     Train: 8 signals
[21:59:21]     Val holdout (8 candidates)...
[21:59:23]     Val: 0/8 held
[21:59:23]   → train=8  val=0  max_ic=0.1378
[21:59:23] 
============================================================
[21:59:23] FINAL REPORT
[21:59:23] ============================================================
[21:59:24] Report: C:\project\signal_mind\analytics\phase_b\night_search\night_report_20260521_181814.md
[21:59:24] Hits CSV: C:\project\signal_mind\analytics\phase_b\night_search\night_hits_20260521_181814.csv
[21:59:24] 
────────────────────────────────────────
[21:59:24] Round 13 done: train=38  val=0  mean_ic=0.0895
[21:59:24] Cumulative: train=4282  val=2595  val_rate=60.6%  stable=1160
[21:59:24] 
============================================================
[21:59:24] ROUND 14  |  elapsed=3.68h  remaining=4.32h
[21:59:24] ============================================================
[21:59:24]   Knowledge after 13 rounds:
[21:59:24]     train_total=4282  val_total=2595  val_pass_rate=60.6%
[21:59:24]     stable_signals=1160  ic_trend=stable
[21:59:24]     top_instruments=['GOLD', 'MOEXOG', 'IMOEX']
[21:59:24]     top_topics=['oil_emb_z', 'inflation_z', 'sanctions_emb']
[21:59:24]     best_feat=keyword_z90  → next_ic_gate=0.080  ensemble=M5_AND_M6
[21:59:24] Configs this round: 8
[21:59:24] 
  [1/8] r14_primary_keyword_z90  budget=32min  ic_gate=0.08  ens=M5_AND_M6
[21:59:24]   Config: r14_primary_keyword_z90
[21:59:24]     feature=keyword_z90  target=market_return  ensemble=M5_AND_M6  ic_min=0.08
[22:02:11]   HIT  GOLD               inflation_z      lag=  7 m5_p=0.0163  m6_ic=0.1378
[22:03:30]     Train: 1 signals
[22:03:30]     Val holdout (1 candidates)...
[22:03:30]     Val: 0/1 held
[22:03:30]   → train=1  val=0  max_ic=0.1378
[22:03:30] 
============================================================
[22:03:30] FINAL REPORT
[22:03:30] ============================================================
[22:03:31] Report: C:\project\signal_mind\analytics\phase_b\night_search\night_report_20260521_181814.md
[22:03:32] Hits CSV: C:\project\signal_mind\analytics\phase_b\night_search\night_hits_20260521_181814.csv
[22:03:32] 
  [2/8] r14_alt_embedding_z90  budget=36min  ic_gate=0.08  ens=M5_AND_M6
[22:03:32]   Config: r14_alt_embedding_z90
[22:03:32]     feature=embedding_z90  target=market_return  ensemble=M5_AND_M6  ic_min=0.08
[22:04:02]   HIT  DXY                rate_emb_z       lag=  8 m5_p=0.0403  m6_ic=0.0857
[22:04:08]   HIT  BRENT              ruble_emb_z      lag=  8 m5_p=0.0321  m6_ic=0.1098
[22:04:12]   HIT  MSCI_INDIA         oil_emb_z        lag=  2 m5_p=0.0235  m6_ic=0.0955
[22:04:13]   HIT  MSCI_INDIA         rate_emb_z       lag=  8 m5_p=0.0230  m6_ic=0.0825
[22:04:19]   HIT  CHINA_H_SHARES     oil_emb_z        lag= 23 m5_p=0.0132  m6_ic=0.1293
[22:04:24]   HIT  FTSE_CHINA_50      oil_emb_z        lag= 23 m5_p=0.0115  m6_ic=0.1480
[22:05:02]     Train: 6 signals
[22:05:02]     Val holdout (6 candidates)...
[22:05:03]     Val: 0/6 held
[22:05:03]   → train=6  val=0  max_ic=0.1480
[22:05:03] 
============================================================
[22:05:03] FINAL REPORT
[22:05:03] ============================================================
[22:05:04] Report: C:\project\signal_mind\analytics\phase_b\night_search\night_report_20260521_181814.md
[22:05:05] Hits CSV: C:\project\signal_mind\analytics\phase_b\night_search\night_hits_20260521_181814.csv
[22:05:05] 
  [3/8] r14_alt_embedding_raw  budget=42min  ic_gate=0.08  ens=M5_AND_M6
[22:05:05]   Config: r14_alt_embedding_raw
[22:05:05]     feature=embedding_raw  target=market_return  ensemble=M5_AND_M6  ic_min=0.08
[22:05:57]   HIT  FTSE_CHINA_50      oil_emb          lag= 23 m5_p=0.0062  m6_ic=0.0804
[22:06:03]   HIT  GOLD               rate_emb         lag= 23 m5_p=0.0240  m6_ic=0.0939
[22:06:08]   HIT  SILVER             oil_emb          lag= 23 m5_p=0.0425  m6_ic=0.0922
[22:06:17]   HIT  IMOEX              banking_emb      lag=  2 m5_p=0.0241  m6_ic=0.0864
[22:06:28]   HIT  MOEXOG             banking_emb      lag=  2 m5_p=0.0222  m6_ic=0.1510
[22:06:34]   HIT  MOEX10             banking_emb      lag=  2 m5_p=0.0267  m6_ic=0.0887
[22:06:35]     Train: 6 signals
[22:06:35]     Val holdout (6 candidates)...
[22:06:36]     Val: 0/6 held
[22:06:36]   → train=6  val=0  max_ic=0.1510
[22:06:36] 
============================================================
[22:06:36] FINAL REPORT
[22:06:36] ============================================================
[22:06:38] Report: C:\project\signal_mind\analytics\phase_b\night_search\night_report_20260521_181814.md
[22:06:38] Hits CSV: C:\project\signal_mind\analytics\phase_b\night_search\night_hits_20260521_181814.csv
[22:06:38] 
  [4/8] r14_alt_keyword_z30  budget=50min  ic_gate=0.08  ens=M5_AND_M6
[22:06:38]   Config: r14_alt_keyword_z30
[22:06:38]     feature=keyword_z30  target=market_return  ensemble=M5_AND_M6  ic_min=0.08
[22:06:45]   HIT  USD_RUB            oil_z            lag= 28 m5_p=0.0116  m6_ic=0.0999
[22:06:50]   HIT  EUR_RUB            oil_z            lag= 28 m5_p=0.0116  m6_ic=0.0999
[22:07:58]   HIT  MOEXOG             oil_z            lag= 23 m5_p=0.0341  m6_ic=0.0843
[22:08:09]     Train: 3 signals
[22:08:09]     Val holdout (3 candidates)...
[22:08:09]     Val: 0/3 held
[22:08:09]   → train=3  val=0  max_ic=0.0999
[22:08:09] 
============================================================
[22:08:09] FINAL REPORT
[22:08:09] ============================================================
[22:08:11] Report: C:\project\signal_mind\analytics\phase_b\night_search\night_report_20260521_181814.md
[22:08:11] Hits CSV: C:\project\signal_mind\analytics\phase_b\night_search\night_hits_20260521_181814.csv
[22:08:11] 
  [5/8] r14_stable_GOLD_inflat  budget=63min  ic_gate=0.06  ens=M5_AND_M6
[22:08:11]   Config: r14_stable_GOLD_inflat
[22:08:11]     feature=keyword_z90  target=market_return  ensemble=M5_AND_M6  ic_min=0.06
[22:08:29]   HIT  MSCI_WORLD         sanctions_z      lag= 14 m5_p=0.0137  m6_ic=0.0993
[22:08:53]   HIT  GOLD               inflation_z      lag=  7 m5_p=0.0163  m6_ic=0.1378
[22:09:14]     Train: 2 signals
[22:09:14]     Val holdout (2 candidates)...
[22:09:14]     Val: 0/2 held
[22:09:14]   → train=2  val=0  max_ic=0.1378
[22:09:14] 
============================================================
[22:09:14] FINAL REPORT
[22:09:14] ============================================================
[22:09:16] Report: C:\project\signal_mind\analytics\phase_b\night_search\night_report_20260521_181814.md
[22:09:16] Hits CSV: C:\project\signal_mind\analytics\phase_b\night_search\night_hits_20260521_181814.csv
[22:09:16] 
  [6/8] r14_stable_USD_RU_oil_z  budget=83min  ic_gate=0.06  ens=M5_AND_M6
[22:09:16]   Config: r14_stable_USD_RU_oil_z
[22:09:16]     feature=keyword_z90  target=market_return  ensemble=M5_AND_M6  ic_min=0.06
[22:09:24]   HIT  USD_RUB            oil_z            lag= 28 m5_p=0.0221  m6_ic=0.0768
[22:09:31]   HIT  EUR_RUB            oil_z            lag= 28 m5_p=0.0221  m6_ic=0.0768
[22:09:38]   HIT  DJ_SOUTH_AFRICA    oil_z            lag= 21 m5_p=0.0026  m6_ic=0.0660
[22:09:44]   HIT  DJ_SOUTH_AFRICA    gold_z           lag= 28 m5_p=0.0225  m6_ic=0.0676
[22:09:45]   HIT  MSCI_WORLD         oil_z            lag= 21 m5_p=0.0462  m6_ic=0.0646
[22:10:05]   HIT  BRENT              gold_z           lag= 21 m5_p=0.0117  m6_ic=0.0684
[22:11:07]     Train: 6 signals
[22:11:07]     Val holdout (6 candidates)...
[22:11:08]     Val: 0/6 held
[22:11:08]   → train=6  val=0  max_ic=0.0768
[22:11:08] 
============================================================
[22:11:08] FINAL REPORT
[22:11:08] ============================================================
[22:11:10] Report: C:\project\signal_mind\analytics\phase_b\night_search\night_report_20260521_181814.md
[22:11:10] Hits CSV: C:\project\signal_mind\analytics\phase_b\night_search\night_hits_20260521_181814.csv
[22:11:10] 
  [7/8] r14_stable_EUR_RU_oil_z  budget=124min  ic_gate=0.06  ens=M5_AND_M6
[22:11:10]   Config: r14_stable_EUR_RU_oil_z
[22:11:10]     feature=keyword_z90  target=market_return  ensemble=M5_AND_M6  ic_min=0.06
[22:11:18]   HIT  USD_RUB            oil_z            lag= 28 m5_p=0.0221  m6_ic=0.0768
[22:11:25]   HIT  EUR_RUB            oil_z            lag= 28 m5_p=0.0221  m6_ic=0.0768
[22:11:32]   HIT  DJ_SOUTH_AFRICA    oil_z            lag= 21 m5_p=0.0026  m6_ic=0.0660
[22:11:38]   HIT  DJ_SOUTH_AFRICA    gold_z           lag= 28 m5_p=0.0225  m6_ic=0.0676
[22:11:39]   HIT  MSCI_WORLD         oil_z            lag= 21 m5_p=0.0462  m6_ic=0.0646
[22:12:00]   HIT  BRENT              gold_z           lag= 21 m5_p=0.0117  m6_ic=0.0684
[22:13:01]     Train: 6 signals
[22:13:01]     Val holdout (6 candidates)...
[22:13:02]     Val: 0/6 held
[22:13:02]   → train=6  val=0  max_ic=0.0768
[22:13:02] 
============================================================
[22:13:02] FINAL REPORT
[22:13:02] ============================================================
[22:13:03] Report: C:\project\signal_mind\analytics\phase_b\night_search\night_report_20260521_181814.md
[22:13:04] Hits CSV: C:\project\signal_mind\analytics\phase_b\night_search\night_hits_20260521_181814.csv
[22:13:04] 
  [8/8] r14_stable_MSCI_W_sancti  budget=245min  ic_gate=0.06  ens=M5_AND_M6
[22:13:04]   Config: r14_stable_MSCI_W_sancti
[22:13:04]     feature=keyword_z90  target=market_return  ensemble=M5_AND_M6  ic_min=0.06
[22:13:10]   HIT  USD_RUB            oil_z            lag= 28 m5_p=0.0221  m6_ic=0.0768
[22:13:16]   HIT  EUR_RUB            oil_z            lag= 28 m5_p=0.0221  m6_ic=0.0768
[22:13:22]   HIT  DJ_SOUTH_AFRICA    oil_z            lag= 21 m5_p=0.0026  m6_ic=0.0660
[22:13:27]   HIT  DJ_SOUTH_AFRICA    gold_z           lag= 28 m5_p=0.0225  m6_ic=0.0676
[22:13:28]   HIT  MSCI_WORLD         oil_z            lag= 21 m5_p=0.0462  m6_ic=0.0646
[22:13:30]   HIT  MSCI_WORLD         sanctions_z      lag= 14 m5_p=0.0137  m6_ic=0.0993
[22:13:44]   HIT  BRENT              gold_z           lag= 21 m5_p=0.0117  m6_ic=0.0684
[22:14:04]   HIT  GOLD               inflation_z      lag=  7 m5_p=0.0163  m6_ic=0.1378
[22:14:34]     Train: 8 signals
[22:14:34]     Val holdout (8 candidates)...
[22:14:36]     Val: 0/8 held
[22:14:36]   → train=8  val=0  max_ic=0.1378
[22:14:36] 
============================================================
[22:14:36] FINAL REPORT
[22:14:36] ============================================================
[22:14:37] Report: C:\project\signal_mind\analytics\phase_b\night_search\night_report_20260521_181814.md
[22:14:37] Hits CSV: C:\project\signal_mind\analytics\phase_b\night_search\night_hits_20260521_181814.csv
[22:14:37] 
────────────────────────────────────────
[22:14:37] Round 14 done: train=38  val=0  mean_ic=0.0895
[22:14:37] Cumulative: train=4320  val=2595  val_rate=60.1%  stable=1160
[22:14:37] 
============================================================
[22:14:37] ROUND 15  |  elapsed=3.94h  remaining=4.06h
[22:14:37] ============================================================
[22:14:37]   Knowledge after 14 rounds:
[22:14:37]     train_total=4320  val_total=2595  val_pass_rate=60.1%
[22:14:37]     stable_signals=1160  ic_trend=stable
[22:14:37]     top_instruments=['GOLD', 'MOEXOG', 'IMOEX']
[22:14:37]     top_topics=['oil_emb_z', 'inflation_z', 'sanctions_emb']
[22:14:37]     best_feat=keyword_z90  → next_ic_gate=0.080  ensemble=M5_AND_M6
[22:14:37] Configs this round: 10
[22:14:37] 
  [1/10] r15_primary_keyword_z90  budget=24min  ic_gate=0.08  ens=M5_AND_M6
[22:14:37]   Config: r15_primary_keyword_z90
[22:14:37]     feature=keyword_z90  target=market_return  ensemble=M5_AND_M6  ic_min=0.08
[22:17:25]   HIT  GOLD               inflation_z      lag=  7 m5_p=0.0163  m6_ic=0.1378
[22:18:59]     Train: 1 signals
[22:18:59]     Val holdout (1 candidates)...
[22:19:00]     Val: 0/1 held
[22:19:00]   → train=1  val=0  max_ic=0.1378
[22:19:00] 
============================================================
[22:19:00] FINAL REPORT
[22:19:00] ============================================================
[22:19:01] Report: C:\project\signal_mind\analytics\phase_b\night_search\night_report_20260521_181814.md
[22:19:01] Hits CSV: C:\project\signal_mind\analytics\phase_b\night_search\night_hits_20260521_181814.csv
[22:19:01] 
  [2/10] r15_alt_embedding_z90  budget=27min  ic_gate=0.08  ens=M5_AND_M6
[22:19:01]   Config: r15_alt_embedding_z90
[22:19:01]     feature=embedding_z90  target=market_return  ensemble=M5_AND_M6  ic_min=0.08
[22:19:43]   HIT  DXY                rate_emb_z       lag=  8 m5_p=0.0403  m6_ic=0.0857
[22:19:50]   HIT  BRENT              ruble_emb_z      lag=  8 m5_p=0.0321  m6_ic=0.1098
[22:19:54]   HIT  MSCI_INDIA         oil_emb_z        lag=  2 m5_p=0.0235  m6_ic=0.0955
[22:19:55]   HIT  MSCI_INDIA         rate_emb_z       lag=  8 m5_p=0.0230  m6_ic=0.0825
[22:20:00]   HIT  CHINA_H_SHARES     oil_emb_z        lag= 23 m5_p=0.0132  m6_ic=0.1293
[22:20:06]   HIT  FTSE_CHINA_50      oil_emb_z        lag= 23 m5_p=0.0115  m6_ic=0.1480
[22:20:45]     Train: 6 signals
[22:20:45]     Val holdout (6 candidates)...
[22:20:46]     Val: 0/6 held
[22:20:46]   → train=6  val=0  max_ic=0.1480
[22:20:46] 
============================================================
[22:20:46] FINAL REPORT
[22:20:46] ============================================================
[22:20:47] Report: C:\project\signal_mind\analytics\phase_b\night_search\night_report_20260521_181814.md
[22:20:47] Hits CSV: C:\project\signal_mind\analytics\phase_b\night_search\night_hits_20260521_181814.csv
[22:20:47] 
  [3/10] r15_alt_embedding_raw  budget=30min  ic_gate=0.08  ens=M5_AND_M6
[22:20:47]   Config: r15_alt_embedding_raw
[22:20:47]     feature=embedding_raw  target=market_return  ensemble=M5_AND_M6  ic_min=0.08
[22:21:40]   HIT  FTSE_CHINA_50      oil_emb          lag= 23 m5_p=0.0062  m6_ic=0.0804
[22:21:46]   HIT  GOLD               rate_emb         lag= 23 m5_p=0.0240  m6_ic=0.0939
[22:21:51]   HIT  SILVER             oil_emb          lag= 23 m5_p=0.0425  m6_ic=0.0922
[22:22:00]   HIT  IMOEX              banking_emb      lag=  2 m5_p=0.0241  m6_ic=0.0864
[22:22:12]   HIT  MOEXOG             banking_emb      lag=  2 m5_p=0.0222  m6_ic=0.1510
[22:22:17]   HIT  MOEX10             banking_emb      lag=  2 m5_p=0.0267  m6_ic=0.0887
[22:22:19]     Train: 6 signals
[22:22:19]     Val holdout (6 candidates)...
[22:22:20]     Val: 0/6 held
[22:22:20]   → train=6  val=0  max_ic=0.1510
[22:22:20] 
============================================================
[22:22:20] FINAL REPORT
[22:22:20] ============================================================
[22:22:21] Report: C:\project\signal_mind\analytics\phase_b\night_search\night_report_20260521_181814.md
[22:22:22] Hits CSV: C:\project\signal_mind\analytics\phase_b\night_search\night_hits_20260521_181814.csv
[22:22:22] 
  [4/10] r15_alt_keyword_z30  budget=34min  ic_gate=0.08  ens=M5_AND_M6
[22:22:22]   Config: r15_alt_keyword_z30
[22:22:22]     feature=keyword_z30  target=market_return  ensemble=M5_AND_M6  ic_min=0.08
[22:22:28]   HIT  USD_RUB            oil_z            lag= 28 m5_p=0.0116  m6_ic=0.0999
[22:22:34]   HIT  EUR_RUB            oil_z            lag= 28 m5_p=0.0116  m6_ic=0.0999
[22:23:42]   HIT  MOEXOG             oil_z            lag= 23 m5_p=0.0341  m6_ic=0.0843
[22:23:52]     Train: 3 signals
[22:23:52]     Val holdout (3 candidates)...
[22:23:53]     Val: 0/3 held
[22:23:53]   → train=3  val=0  max_ic=0.0999
[22:23:53] 
============================================================
[22:23:53] FINAL REPORT
[22:23:53] ============================================================
[22:23:55] Report: C:\project\signal_mind\analytics\phase_b\night_search\night_report_20260521_181814.md
[22:23:55] Hits CSV: C:\project\signal_mind\analytics\phase_b\night_search\night_hits_20260521_181814.csv
[22:23:55] 
  [5/10] r15_stable_GOLD_inflat  budget=39min  ic_gate=0.06  ens=M5_AND_M6
[22:23:55]   Config: r15_stable_GOLD_inflat
[22:23:55]     feature=keyword_z90  target=market_return  ensemble=M5_AND_M6  ic_min=0.06
[22:24:13]   HIT  MSCI_WORLD         sanctions_z      lag= 14 m5_p=0.0137  m6_ic=0.0993
[22:24:37]   HIT  GOLD               inflation_z      lag=  7 m5_p=0.0163  m6_ic=0.1378
[22:24:58]     Train: 2 signals
[22:24:58]     Val holdout (2 candidates)...
[22:24:58]     Val: 0/2 held
[22:24:58]   → train=2  val=0  max_ic=0.1378
[22:24:58] 
============================================================
[22:24:58] FINAL REPORT
[22:24:58] ============================================================
[22:25:00] Report: C:\project\signal_mind\analytics\phase_b\night_search\night_report_20260521_181814.md
[22:25:00] Hits CSV: C:\project\signal_mind\analytics\phase_b\night_search\night_hits_20260521_181814.csv
[22:25:00] 
  [6/10] r15_stable_USD_RU_oil_z  budget=47min  ic_gate=0.06  ens=M5_AND_M6
[22:25:00]   Config: r15_stable_USD_RU_oil_z
[22:25:00]     feature=keyword_z90  target=market_return  ensemble=M5_AND_M6  ic_min=0.06
[22:25:08]   HIT  USD_RUB            oil_z            lag= 28 m5_p=0.0221  m6_ic=0.0768
[22:25:15]   HIT  EUR_RUB            oil_z            lag= 28 m5_p=0.0221  m6_ic=0.0768
[22:25:22]   HIT  DJ_SOUTH_AFRICA    oil_z            lag= 21 m5_p=0.0026  m6_ic=0.0660
[22:25:29]   HIT  DJ_SOUTH_AFRICA    gold_z           lag= 28 m5_p=0.0225  m6_ic=0.0676
[22:25:29]   HIT  MSCI_WORLD         oil_z            lag= 21 m5_p=0.0462  m6_ic=0.0646
[22:25:50]   HIT  BRENT              gold_z           lag= 21 m5_p=0.0117  m6_ic=0.0684
[22:26:51]     Train: 6 signals
[22:26:51]     Val holdout (6 candidates)...
[22:26:52]     Val: 0/6 held
[22:26:52]   → train=6  val=0  max_ic=0.0768
[22:26:52] 
============================================================
[22:26:52] FINAL REPORT
[22:26:52] ============================================================
[22:26:54] Report: C:\project\signal_mind\analytics\phase_b\night_search\night_report_20260521_181814.md
[22:26:54] Hits CSV: C:\project\signal_mind\analytics\phase_b\night_search\night_hits_20260521_181814.csv
[22:26:54] 
  [7/10] r15_stable_EUR_RU_oil_z  budget=58min  ic_gate=0.06  ens=M5_AND_M6
[22:26:54]   Config: r15_stable_EUR_RU_oil_z
[22:26:54]     feature=keyword_z90  target=market_return  ensemble=M5_AND_M6  ic_min=0.06
[22:27:02]   HIT  USD_RUB            oil_z            lag= 28 m5_p=0.0221  m6_ic=0.0768
[22:27:09]   HIT  EUR_RUB            oil_z            lag= 28 m5_p=0.0221  m6_ic=0.0768
[22:27:16]   HIT  DJ_SOUTH_AFRICA    oil_z            lag= 21 m5_p=0.0026  m6_ic=0.0660
[22:27:23]   HIT  DJ_SOUTH_AFRICA    gold_z           lag= 28 m5_p=0.0225  m6_ic=0.0676
[22:27:23]   HIT  MSCI_WORLD         oil_z            lag= 21 m5_p=0.0462  m6_ic=0.0646
[22:27:44]   HIT  BRENT              gold_z           lag= 21 m5_p=0.0117  m6_ic=0.0684
[22:28:45]     Train: 6 signals
[22:28:45]     Val holdout (6 candidates)...
[22:28:46]     Val: 0/6 held
[22:28:46]   → train=6  val=0  max_ic=0.0768
[22:28:46] 
============================================================
[22:28:46] FINAL REPORT
[22:28:46] ============================================================
[22:28:48] Report: C:\project\signal_mind\analytics\phase_b\night_search\night_report_20260521_181814.md
[22:28:48] Hits CSV: C:\project\signal_mind\analytics\phase_b\night_search\night_hits_20260521_181814.csv
[22:28:48] 
  [8/10] r15_stable_MSCI_W_sancti  budget=77min  ic_gate=0.06  ens=M5_AND_M6
[22:28:48]   Config: r15_stable_MSCI_W_sancti
[22:28:48]     feature=keyword_z90  target=market_return  ensemble=M5_AND_M6  ic_min=0.06
[22:28:54]   HIT  USD_RUB            oil_z            lag= 28 m5_p=0.0221  m6_ic=0.0768
[22:29:00]   HIT  EUR_RUB            oil_z            lag= 28 m5_p=0.0221  m6_ic=0.0768
[22:29:06]   HIT  DJ_SOUTH_AFRICA    oil_z            lag= 21 m5_p=0.0026  m6_ic=0.0660
[22:29:11]   HIT  DJ_SOUTH_AFRICA    gold_z           lag= 28 m5_p=0.0225  m6_ic=0.0676
[22:29:11]   HIT  MSCI_WORLD         oil_z            lag= 21 m5_p=0.0462  m6_ic=0.0646
[22:29:14]   HIT  MSCI_WORLD         sanctions_z      lag= 14 m5_p=0.0137  m6_ic=0.0993
[22:29:29]   HIT  BRENT              gold_z           lag= 21 m5_p=0.0117  m6_ic=0.0684
[22:29:50]   HIT  GOLD               inflation_z      lag=  7 m5_p=0.0163  m6_ic=0.1378
[22:30:20]     Train: 8 signals
[22:30:20]     Val holdout (8 candidates)...
[22:30:22]     Val: 0/8 held
[22:30:22]   → train=8  val=0  max_ic=0.1378
[22:30:22] 
============================================================
[22:30:22] FINAL REPORT
[22:30:22] ============================================================
[22:30:23] Report: C:\project\signal_mind\analytics\phase_b\night_search\night_report_20260521_181814.md
[22:30:23] Hits CSV: C:\project\signal_mind\analytics\phase_b\night_search\night_hits_20260521_181814.csv
[22:30:23] 
  [9/10] r15_regime2022_keyword_z90  budget=114min  ic_gate=0.07  ens=M5_AND_M6
[22:30:23]   Loading regime 2022-01-01..2022-12-31
[22:30:24]   Regime loaded: 16 instruments
[22:30:24]   Config: r15_regime2022_keyword_z90
[22:30:24]     feature=keyword_z90  target=market_return  ensemble=M5_AND_M6  ic_min=0.07
[22:31:17]   HIT  MOEXFN             gold_z           lag=  8 m5_p=0.0263  m6_ic=0.1080
[22:31:22]     Train: 1 signals
[22:31:22]     Val holdout (1 candidates)...
[22:31:23]     Val: 0/1 held
[22:31:23]   → train=1  val=0  max_ic=0.1080
[22:31:23] 
============================================================
[22:31:23] FINAL REPORT
[22:31:23] ============================================================
[22:31:24] Report: C:\project\signal_mind\analytics\phase_b\night_search\night_report_20260521_181814.md
[22:31:24] Hits CSV: C:\project\signal_mind\analytics\phase_b\night_search\night_hits_20260521_181814.csv
[22:31:24] 
  [10/10] r15_regime2023_keyword_z90  budget=227min  ic_gate=0.07  ens=M5_AND_M6
[22:31:24]   Loading regime 2023-01-01..2023-09-30
[22:31:25]   Regime loaded: 16 instruments
[22:31:25]   Config: r15_regime2023_keyword_z90
[22:31:25]     feature=keyword_z90  target=market_return  ensemble=M5_AND_M6  ic_min=0.07
[22:31:33]     Train: 0 signals
[22:31:33]   → train=0  val=0  max_ic=0.0000
[22:31:33] 
============================================================
[22:31:33] FINAL REPORT
[22:31:33] ============================================================
[22:31:34] Report: C:\project\signal_mind\analytics\phase_b\night_search\night_report_20260521_181814.md
[22:31:34] Hits CSV: C:\project\signal_mind\analytics\phase_b\night_search\night_hits_20260521_181814.csv
[22:31:34] 
────────────────────────────────────────
[22:31:34] Round 15 done: train=39  val=0  mean_ic=0.0899
[22:31:34] Cumulative: train=4359  val=2595  val_rate=59.5%  stable=1160
[22:31:34] 
============================================================
[22:31:34] ROUND 16  |  elapsed=4.22h  remaining=3.78h
[22:31:34] ============================================================
[22:31:34]   Knowledge after 15 rounds:
[22:31:34]     train_total=4359  val_total=2595  val_pass_rate=59.5%
[22:31:34]     stable_signals=1160  ic_trend=stable
[22:31:34]     top_instruments=['GOLD', 'MOEXOG', 'MSCI_INDIA']
[22:31:34]     top_topics=['oil_emb_z', 'inflation_z', 'sanctions_emb']
[22:31:34]     best_feat=keyword_z90  → next_ic_gate=0.080  ensemble=M5_AND_M6
[22:31:34] Configs this round: 8
[22:31:34] 
  [1/8] r16_primary_keyword_z90  budget=28min  ic_gate=0.08  ens=M5_AND_M6
[22:31:34]   Config: r16_primary_keyword_z90
[22:31:34]     feature=keyword_z90  target=market_return  ensemble=M5_AND_M6  ic_min=0.08
[22:34:21]   HIT  GOLD               inflation_z      lag=  7 m5_p=0.0163  m6_ic=0.1378
[22:35:39]     Train: 1 signals
[22:35:39]     Val holdout (1 candidates)...
[22:35:39]     Val: 0/1 held
[22:35:39]   → train=1  val=0  max_ic=0.1378
[22:35:39] 
============================================================
[22:35:39] FINAL REPORT
[22:35:39] ============================================================
[22:35:40] Report: C:\project\signal_mind\analytics\phase_b\night_search\night_report_20260521_181814.md
[22:35:40] Hits CSV: C:\project\signal_mind\analytics\phase_b\night_search\night_hits_20260521_181814.csv
[22:35:40] 
  [2/8] r16_alt_embedding_z90  budget=32min  ic_gate=0.08  ens=M5_AND_M6
[22:35:40]   Config: r16_alt_embedding_z90
[22:35:40]     feature=embedding_z90  target=market_return  ensemble=M5_AND_M6  ic_min=0.08
[22:36:11]   HIT  DXY                rate_emb_z       lag=  8 m5_p=0.0403  m6_ic=0.0857
[22:36:17]   HIT  BRENT              ruble_emb_z      lag=  8 m5_p=0.0321  m6_ic=0.1098
[22:36:21]   HIT  MSCI_INDIA         oil_emb_z        lag=  2 m5_p=0.0235  m6_ic=0.0955
[22:36:22]   HIT  MSCI_INDIA         rate_emb_z       lag=  8 m5_p=0.0230  m6_ic=0.0825
[22:36:27]   HIT  CHINA_H_SHARES     oil_emb_z        lag= 23 m5_p=0.0132  m6_ic=0.1293
[22:36:33]   HIT  FTSE_CHINA_50      oil_emb_z        lag= 23 m5_p=0.0115  m6_ic=0.1480
[22:37:11]     Train: 6 signals
[22:37:11]     Val holdout (6 candidates)...
[22:37:12]     Val: 0/6 held
[22:37:12]   → train=6  val=0  max_ic=0.1480
[22:37:12] 
============================================================
[22:37:12] FINAL REPORT
[22:37:12] ============================================================
[22:37:14] Report: C:\project\signal_mind\analytics\phase_b\night_search\night_report_20260521_181814.md
[22:37:14] Hits CSV: C:\project\signal_mind\analytics\phase_b\night_search\night_hits_20260521_181814.csv
[22:37:14] 
  [3/8] r16_alt_embedding_raw  budget=37min  ic_gate=0.08  ens=M5_AND_M6
[22:37:14]   Config: r16_alt_embedding_raw
[22:37:14]     feature=embedding_raw  target=market_return  ensemble=M5_AND_M6  ic_min=0.08
[22:38:06]   HIT  FTSE_CHINA_50      oil_emb          lag= 23 m5_p=0.0062  m6_ic=0.0804
[22:38:13]   HIT  GOLD               rate_emb         lag= 23 m5_p=0.0240  m6_ic=0.0939
[22:38:17]   HIT  SILVER             oil_emb          lag= 23 m5_p=0.0425  m6_ic=0.0922
[22:38:26]   HIT  IMOEX              banking_emb      lag=  2 m5_p=0.0241  m6_ic=0.0864
[22:38:38]   HIT  MOEXOG             banking_emb      lag=  2 m5_p=0.0222  m6_ic=0.1510
[22:38:43]   HIT  MOEX10             banking_emb      lag=  2 m5_p=0.0267  m6_ic=0.0887
[22:38:45]     Train: 6 signals
[22:38:45]     Val holdout (6 candidates)...
[22:38:46]     Val: 0/6 held
[22:38:46]   → train=6  val=0  max_ic=0.1510
[22:38:46] 
============================================================
[22:38:46] FINAL REPORT
[22:38:46] ============================================================
[22:38:47] Report: C:\project\signal_mind\analytics\phase_b\night_search\night_report_20260521_181814.md
[22:38:47] Hits CSV: C:\project\signal_mind\analytics\phase_b\night_search\night_hits_20260521_181814.csv
[22:38:47] 
  [4/8] r16_alt_keyword_z30  budget=44min  ic_gate=0.08  ens=M5_AND_M6
[22:38:47]   Config: r16_alt_keyword_z30
[22:38:47]     feature=keyword_z30  target=market_return  ensemble=M5_AND_M6  ic_min=0.08
[22:38:54]   HIT  USD_RUB            oil_z            lag= 28 m5_p=0.0116  m6_ic=0.0999
[22:39:00]   HIT  EUR_RUB            oil_z            lag= 28 m5_p=0.0116  m6_ic=0.0999
[22:40:06]   HIT  MOEXOG             oil_z            lag= 23 m5_p=0.0341  m6_ic=0.0843
[22:40:17]     Train: 3 signals
[22:40:17]     Val holdout (3 candidates)...
[22:40:17]     Val: 0/3 held
[22:40:17]   → train=3  val=0  max_ic=0.0999
[22:40:17] 
============================================================
[22:40:17] FINAL REPORT
[22:40:17] ============================================================
[22:40:19] Report: C:\project\signal_mind\analytics\phase_b\night_search\night_report_20260521_181814.md
[22:40:19] Hits CSV: C:\project\signal_mind\analytics\phase_b\night_search\night_hits_20260521_181814.csv
[22:40:19] 
  [5/8] r16_stable_GOLD_inflat  budget=55min  ic_gate=0.06  ens=M5_AND_M6
[22:40:19]   Config: r16_stable_GOLD_inflat
[22:40:19]     feature=keyword_z90  target=market_return  ensemble=M5_AND_M6  ic_min=0.06
[22:40:38]   HIT  MSCI_WORLD         sanctions_z      lag= 14 m5_p=0.0137  m6_ic=0.0993
[22:41:01]   HIT  GOLD               inflation_z      lag=  7 m5_p=0.0163  m6_ic=0.1378
[22:41:22]     Train: 2 signals
[22:41:22]     Val holdout (2 candidates)...
[22:41:22]     Val: 0/2 held
[22:41:22]   → train=2  val=0  max_ic=0.1378
[22:41:22] 
============================================================
[22:41:22] FINAL REPORT
[22:41:22] ============================================================
[22:41:24] Report: C:\project\signal_mind\analytics\phase_b\night_search\night_report_20260521_181814.md
[22:41:24] Hits CSV: C:\project\signal_mind\analytics\phase_b\night_search\night_hits_20260521_181814.csv
[22:41:24] 
  [6/8] r16_stable_USD_RU_oil_z  budget=72min  ic_gate=0.06  ens=M5_AND_M6
[22:41:24]   Config: r16_stable_USD_RU_oil_z
[22:41:24]     feature=keyword_z90  target=market_return  ensemble=M5_AND_M6  ic_min=0.06
[22:41:32]   HIT  USD_RUB            oil_z            lag= 28 m5_p=0.0221  m6_ic=0.0768
[22:41:39]   HIT  EUR_RUB            oil_z            lag= 28 m5_p=0.0221  m6_ic=0.0768
[22:41:46]   HIT  DJ_SOUTH_AFRICA    oil_z            lag= 21 m5_p=0.0026  m6_ic=0.0660
[22:41:53]   HIT  DJ_SOUTH_AFRICA    gold_z           lag= 28 m5_p=0.0225  m6_ic=0.0676
[22:41:53]   HIT  MSCI_WORLD         oil_z            lag= 21 m5_p=0.0462  m6_ic=0.0646
[22:42:14]   HIT  BRENT              gold_z           lag= 21 m5_p=0.0117  m6_ic=0.0684
[22:43:15]     Train: 6 signals
[22:43:15]     Val holdout (6 candidates)...
[22:43:16]     Val: 0/6 held
[22:43:16]   → train=6  val=0  max_ic=0.0768
[22:43:16] 
============================================================
[22:43:16] FINAL REPORT
[22:43:16] ============================================================
[22:43:18] Report: C:\project\signal_mind\analytics\phase_b\night_search\night_report_20260521_181814.md
[22:43:18] Hits CSV: C:\project\signal_mind\analytics\phase_b\night_search\night_hits_20260521_181814.csv
[22:43:18] 
  [7/8] r16_stable_EUR_RU_oil_z  budget=108min  ic_gate=0.06  ens=M5_AND_M6
[22:43:18]   Config: r16_stable_EUR_RU_oil_z
[22:43:18]     feature=keyword_z90  target=market_return  ensemble=M5_AND_M6  ic_min=0.06
[22:43:26]   HIT  USD_RUB            oil_z            lag= 28 m5_p=0.0221  m6_ic=0.0768
[22:43:33]   HIT  EUR_RUB            oil_z            lag= 28 m5_p=0.0221  m6_ic=0.0768
[22:43:40]   HIT  DJ_SOUTH_AFRICA    oil_z            lag= 21 m5_p=0.0026  m6_ic=0.0660
[22:43:46]   HIT  DJ_SOUTH_AFRICA    gold_z           lag= 28 m5_p=0.0225  m6_ic=0.0676
[22:43:47]   HIT  MSCI_WORLD         oil_z            lag= 21 m5_p=0.0462  m6_ic=0.0646
[22:44:08]   HIT  BRENT              gold_z           lag= 21 m5_p=0.0117  m6_ic=0.0684
[22:45:09]     Train: 6 signals
[22:45:09]     Val holdout (6 candidates)...
[22:45:10]     Val: 0/6 held
[22:45:10]   → train=6  val=0  max_ic=0.0768
[22:45:10] 
============================================================
[22:45:10] FINAL REPORT
[22:45:10] ============================================================
[22:45:12] Report: C:\project\signal_mind\analytics\phase_b\night_search\night_report_20260521_181814.md
[22:45:12] Hits CSV: C:\project\signal_mind\analytics\phase_b\night_search\night_hits_20260521_181814.csv
[22:45:12] 
  [8/8] r16_stable_MSCI_W_sancti  budget=213min  ic_gate=0.06  ens=M5_AND_M6
[22:45:12]   Config: r16_stable_MSCI_W_sancti
[22:45:12]     feature=keyword_z90  target=market_return  ensemble=M5_AND_M6  ic_min=0.06
[22:45:19]   HIT  USD_RUB            oil_z            lag= 28 m5_p=0.0221  m6_ic=0.0768
[22:45:24]   HIT  EUR_RUB            oil_z            lag= 28 m5_p=0.0221  m6_ic=0.0768
[22:45:30]   HIT  DJ_SOUTH_AFRICA    oil_z            lag= 21 m5_p=0.0026  m6_ic=0.0660
[22:45:35]   HIT  DJ_SOUTH_AFRICA    gold_z           lag= 28 m5_p=0.0225  m6_ic=0.0676
[22:45:36]   HIT  MSCI_WORLD         oil_z            lag= 21 m5_p=0.0462  m6_ic=0.0646
[22:45:38]   HIT  MSCI_WORLD         sanctions_z      lag= 14 m5_p=0.0137  m6_ic=0.0993
[22:45:52]   HIT  BRENT              gold_z           lag= 21 m5_p=0.0117  m6_ic=0.0684
[22:46:13]   HIT  GOLD               inflation_z      lag=  7 m5_p=0.0163  m6_ic=0.1378
[22:46:43]     Train: 8 signals
[22:46:43]     Val holdout (8 candidates)...
[22:46:44]     Val: 0/8 held
[22:46:44]   → train=8  val=0  max_ic=0.1378
[22:46:44] 
============================================================
[22:46:44] FINAL REPORT
[22:46:44] ============================================================
[22:46:46] Report: C:\project\signal_mind\analytics\phase_b\night_search\night_report_20260521_181814.md
[22:46:46] Hits CSV: C:\project\signal_mind\analytics\phase_b\night_search\night_hits_20260521_181814.csv
[22:46:46] 
────────────────────────────────────────
[22:46:46] Round 16 done: train=38  val=0  mean_ic=0.0895
[22:46:46] Cumulative: train=4397  val=2595  val_rate=59.0%  stable=1160
[22:46:46] 
============================================================
[22:46:46] ROUND 17  |  elapsed=4.47h  remaining=3.53h
[22:46:46] ============================================================
[22:46:46]   Knowledge after 16 rounds:
[22:46:46]     train_total=4397  val_total=2595  val_pass_rate=59.0%
[22:46:46]     stable_signals=1160  ic_trend=stable
[22:46:46]     top_instruments=['GOLD', 'MOEXOG', 'MSCI_INDIA']
[22:46:46]     top_topics=['oil_emb_z', 'inflation_z', 'sanctions_emb']
[22:46:46]     best_feat=keyword_z90  → next_ic_gate=0.080  ensemble=M5_AND_M6
[22:46:46] Configs this round: 8
[22:46:46] 
  [1/8] r17_primary_keyword_z90  budget=26min  ic_gate=0.08  ens=M5_AND_M6
[22:46:46]   Config: r17_primary_keyword_z90
[22:46:46]     feature=keyword_z90  target=market_return  ensemble=M5_AND_M6  ic_min=0.08
[22:49:32]   HIT  GOLD               inflation_z      lag=  7 m5_p=0.0163  m6_ic=0.1378
[22:50:49]     Train: 1 signals
[22:50:49]     Val holdout (1 candidates)...
[22:50:50]     Val: 0/1 held
[22:50:50]   → train=1  val=0  max_ic=0.1378
[22:50:50] 
============================================================
[22:50:50] FINAL REPORT
[22:50:50] ============================================================
[22:50:51] Report: C:\project\signal_mind\analytics\phase_b\night_search\night_report_20260521_181814.md
[22:50:51] Hits CSV: C:\project\signal_mind\analytics\phase_b\night_search\night_hits_20260521_181814.csv
[22:50:51] 
  [2/8] r17_alt_embedding_z90  budget=30min  ic_gate=0.08  ens=M5_AND_M6
[22:50:51]   Config: r17_alt_embedding_z90
[22:50:51]     feature=embedding_z90  target=market_return  ensemble=M5_AND_M6  ic_min=0.08
[22:51:21]   HIT  DXY                rate_emb_z       lag=  8 m5_p=0.0403  m6_ic=0.0857
[22:51:28]   HIT  BRENT              ruble_emb_z      lag=  8 m5_p=0.0321  m6_ic=0.1098
[22:51:31]   HIT  MSCI_INDIA         oil_emb_z        lag=  2 m5_p=0.0235  m6_ic=0.0955
[22:51:32]   HIT  MSCI_INDIA         rate_emb_z       lag=  8 m5_p=0.0230  m6_ic=0.0825
[22:51:38]   HIT  CHINA_H_SHARES     oil_emb_z        lag= 23 m5_p=0.0132  m6_ic=0.1293
[22:51:44]   HIT  FTSE_CHINA_50      oil_emb_z        lag= 23 m5_p=0.0115  m6_ic=0.1480
[22:52:22]     Train: 6 signals
[22:52:22]     Val holdout (6 candidates)...
[22:52:23]     Val: 0/6 held
[22:52:23]   → train=6  val=0  max_ic=0.1480
[22:52:23] 
============================================================
[22:52:23] FINAL REPORT
[22:52:23] ============================================================
[22:52:25] Report: C:\project\signal_mind\analytics\phase_b\night_search\night_report_20260521_181814.md
[22:52:25] Hits CSV: C:\project\signal_mind\analytics\phase_b\night_search\night_hits_20260521_181814.csv
[22:52:25] 
  [3/8] r17_alt_embedding_raw  budget=34min  ic_gate=0.08  ens=M5_AND_M6
[22:52:25]   Config: r17_alt_embedding_raw
[22:52:25]     feature=embedding_raw  target=market_return  ensemble=M5_AND_M6  ic_min=0.08
[22:53:18]   HIT  FTSE_CHINA_50      oil_emb          lag= 23 m5_p=0.0062  m6_ic=0.0804
[22:53:24]   HIT  GOLD               rate_emb         lag= 23 m5_p=0.0240  m6_ic=0.0939
[22:53:29]   HIT  SILVER             oil_emb          lag= 23 m5_p=0.0425  m6_ic=0.0922
[22:53:38]   HIT  IMOEX              banking_emb      lag=  2 m5_p=0.0241  m6_ic=0.0864
[22:53:49]   HIT  MOEXOG             banking_emb      lag=  2 m5_p=0.0222  m6_ic=0.1510
[22:53:55]   HIT  MOEX10             banking_emb      lag=  2 m5_p=0.0267  m6_ic=0.0887
[22:53:56]     Train: 6 signals
[22:53:56]     Val holdout (6 candidates)...
[22:53:58]     Val: 0/6 held
[22:53:58]   → train=6  val=0  max_ic=0.1510
[22:53:58] 
============================================================
[22:53:58] FINAL REPORT
[22:53:58] ============================================================
[22:53:59] Report: C:\project\signal_mind\analytics\phase_b\night_search\night_report_20260521_181814.md
[22:53:59] Hits CSV: C:\project\signal_mind\analytics\phase_b\night_search\night_hits_20260521_181814.csv
[22:53:59] 
  [4/8] r17_alt_keyword_z30  budget=41min  ic_gate=0.08  ens=M5_AND_M6
[22:53:59]   Config: r17_alt_keyword_z30
[22:53:59]     feature=keyword_z30  target=market_return  ensemble=M5_AND_M6  ic_min=0.08
[22:54:06]   HIT  USD_RUB            oil_z            lag= 28 m5_p=0.0116  m6_ic=0.0999
[22:54:12]   HIT  EUR_RUB            oil_z            lag= 28 m5_p=0.0116  m6_ic=0.0999
[22:55:19]   HIT  MOEXOG             oil_z            lag= 23 m5_p=0.0341  m6_ic=0.0843
[22:55:29]     Train: 3 signals
[22:55:29]     Val holdout (3 candidates)...
[22:55:30]     Val: 0/3 held
[22:55:30]   → train=3  val=0  max_ic=0.0999
[22:55:30] 
============================================================
[22:55:30] FINAL REPORT
[22:55:30] ============================================================
[22:55:31] Report: C:\project\signal_mind\analytics\phase_b\night_search\night_report_20260521_181814.md
[22:55:31] Hits CSV: C:\project\signal_mind\analytics\phase_b\night_search\night_hits_20260521_181814.csv
[22:55:31] 
  [5/8] r17_stable_GOLD_inflat  budget=51min  ic_gate=0.06  ens=M5_AND_M6
[22:55:31]   Config: r17_stable_GOLD_inflat
[22:55:31]     feature=keyword_z90  target=market_return  ensemble=M5_AND_M6  ic_min=0.06
[22:55:50]   HIT  MSCI_WORLD         sanctions_z      lag= 14 m5_p=0.0137  m6_ic=0.0993
[22:56:14]   HIT  GOLD               inflation_z      lag=  7 m5_p=0.0163  m6_ic=0.1378
[22:56:34]     Train: 2 signals
[22:56:34]     Val holdout (2 candidates)...
[22:56:35]     Val: 0/2 held
[22:56:35]   → train=2  val=0  max_ic=0.1378
[22:56:35] 
============================================================
[22:56:35] FINAL REPORT
[22:56:35] ============================================================
[22:56:36] Report: C:\project\signal_mind\analytics\phase_b\night_search\night_report_20260521_181814.md
[22:56:36] Hits CSV: C:\project\signal_mind\analytics\phase_b\night_search\night_hits_20260521_181814.csv
[22:56:36] 
  [6/8] r17_stable_USD_RU_oil_z  budget=67min  ic_gate=0.06  ens=M5_AND_M6
[22:56:36]   Config: r17_stable_USD_RU_oil_z
[22:56:36]     feature=keyword_z90  target=market_return  ensemble=M5_AND_M6  ic_min=0.06
[22:56:44]   HIT  USD_RUB            oil_z            lag= 28 m5_p=0.0221  m6_ic=0.0768
[22:56:51]   HIT  EUR_RUB            oil_z            lag= 28 m5_p=0.0221  m6_ic=0.0768
[22:56:58]   HIT  DJ_SOUTH_AFRICA    oil_z            lag= 21 m5_p=0.0026  m6_ic=0.0660
[22:57:05]   HIT  DJ_SOUTH_AFRICA    gold_z           lag= 28 m5_p=0.0225  m6_ic=0.0676
[22:57:06]   HIT  MSCI_WORLD         oil_z            lag= 21 m5_p=0.0462  m6_ic=0.0646
[22:57:26]   HIT  BRENT              gold_z           lag= 21 m5_p=0.0117  m6_ic=0.0684
[22:58:28]     Train: 6 signals
[22:58:28]     Val holdout (6 candidates)...
[22:58:29]     Val: 0/6 held
[22:58:29]   → train=6  val=0  max_ic=0.0768
[22:58:29] 
============================================================
[22:58:29] FINAL REPORT
[22:58:29] ============================================================
[22:58:30] Report: C:\project\signal_mind\analytics\phase_b\night_search\night_report_20260521_181814.md
[22:58:31] Hits CSV: C:\project\signal_mind\analytics\phase_b\night_search\night_hits_20260521_181814.csv
[22:58:31] 
  [7/8] r17_stable_EUR_RU_oil_z  budget=100min  ic_gate=0.06  ens=M5_AND_M6
[22:58:31]   Config: r17_stable_EUR_RU_oil_z
[22:58:31]     feature=keyword_z90  target=market_return  ensemble=M5_AND_M6  ic_min=0.06
[22:58:39]   HIT  USD_RUB            oil_z            lag= 28 m5_p=0.0221  m6_ic=0.0768
[22:58:46]   HIT  EUR_RUB            oil_z            lag= 28 m5_p=0.0221  m6_ic=0.0768
[22:58:52]   HIT  DJ_SOUTH_AFRICA    oil_z            lag= 21 m5_p=0.0026  m6_ic=0.0660
[22:58:59]   HIT  DJ_SOUTH_AFRICA    gold_z           lag= 28 m5_p=0.0225  m6_ic=0.0676
[22:59:00]   HIT  MSCI_WORLD         oil_z            lag= 21 m5_p=0.0462  m6_ic=0.0646
[22:59:20]   HIT  BRENT              gold_z           lag= 21 m5_p=0.0117  m6_ic=0.0684
[23:00:21]     Train: 6 signals
[23:00:21]     Val holdout (6 candidates)...
[23:00:23]     Val: 0/6 held
[23:00:23]   → train=6  val=0  max_ic=0.0768
[23:00:23] 
============================================================
[23:00:23] FINAL REPORT
[23:00:23] ============================================================
[23:00:24] Report: C:\project\signal_mind\analytics\phase_b\night_search\night_report_20260521_181814.md
[23:00:24] Hits CSV: C:\project\signal_mind\analytics\phase_b\night_search\night_hits_20260521_181814.csv
[23:00:24] 
  [8/8] r17_stable_MSCI_W_sancti  budget=198min  ic_gate=0.06  ens=M5_AND_M6
[23:00:24]   Config: r17_stable_MSCI_W_sancti
[23:00:24]     feature=keyword_z90  target=market_return  ensemble=M5_AND_M6  ic_min=0.06
[23:00:31]   HIT  USD_RUB            oil_z            lag= 28 m5_p=0.0221  m6_ic=0.0768
[23:00:37]   HIT  EUR_RUB            oil_z            lag= 28 m5_p=0.0221  m6_ic=0.0768
[23:00:42]   HIT  DJ_SOUTH_AFRICA    oil_z            lag= 21 m5_p=0.0026  m6_ic=0.0660
[23:00:48]   HIT  DJ_SOUTH_AFRICA    gold_z           lag= 28 m5_p=0.0225  m6_ic=0.0676
[23:00:48]   HIT  MSCI_WORLD         oil_z            lag= 21 m5_p=0.0462  m6_ic=0.0646
[23:00:51]   HIT  MSCI_WORLD         sanctions_z      lag= 14 m5_p=0.0137  m6_ic=0.0993
[23:01:05]   HIT  BRENT              gold_z           lag= 21 m5_p=0.0117  m6_ic=0.0684
[23:01:25]   HIT  GOLD               inflation_z      lag=  7 m5_p=0.0163  m6_ic=0.1378
[23:01:55]     Train: 8 signals
[23:01:55]     Val holdout (8 candidates)...
[23:01:56]     Val: 0/8 held
[23:01:56]   → train=8  val=0  max_ic=0.1378
[23:01:56] 
============================================================
[23:01:56] FINAL REPORT
[23:01:56] ============================================================
[23:01:58] Report: C:\project\signal_mind\analytics\phase_b\night_search\night_report_20260521_181814.md
[23:01:58] Hits CSV: C:\project\signal_mind\analytics\phase_b\night_search\night_hits_20260521_181814.csv
[23:01:58] 
────────────────────────────────────────
[23:01:58] Round 17 done: train=38  val=0  mean_ic=0.0895
[23:01:58] Cumulative: train=4435  val=2595  val_rate=58.5%  stable=1160
[23:01:58] 
============================================================
[23:01:58] ROUND 18  |  elapsed=4.73h  remaining=3.27h
[23:01:58] ============================================================
[23:01:58]   Knowledge after 17 rounds:
[23:01:58]     train_total=4435  val_total=2595  val_pass_rate=58.5%
[23:01:58]     stable_signals=1160  ic_trend=stable
[23:01:58]     top_instruments=['GOLD', 'MOEXOG', 'MSCI_INDIA']
[23:01:58]     top_topics=['oil_emb_z', 'inflation_z', 'banking_emb']
[23:01:58]     best_feat=keyword_z90  → next_ic_gate=0.080  ensemble=M5_AND_M6
[23:01:58] Configs this round: 10
[23:01:58] 
  [1/10] r18_primary_keyword_z90  budget=20min  ic_gate=0.08  ens=M5_AND_M6
[23:01:58]   Config: r18_primary_keyword_z90
[23:01:58]     feature=keyword_z90  target=market_return  ensemble=M5_AND_M6  ic_min=0.08
[23:04:45]   HIT  GOLD               inflation_z      lag=  7 m5_p=0.0163  m6_ic=0.1378
[23:06:02]     Train: 1 signals
[23:06:02]     Val holdout (1 candidates)...
[23:06:02]     Val: 0/1 held
[23:06:02]   → train=1  val=0  max_ic=0.1378
[23:06:02] 
============================================================
[23:06:02] FINAL REPORT
[23:06:02] ============================================================
[23:06:04] Report: C:\project\signal_mind\analytics\phase_b\night_search\night_report_20260521_181814.md
[23:06:04] Hits CSV: C:\project\signal_mind\analytics\phase_b\night_search\night_hits_20260521_181814.csv
[23:06:04] 
  [2/10] r18_alt_embedding_z90  budget=21min  ic_gate=0.08  ens=M5_AND_M6
[23:06:04]   Config: r18_alt_embedding_z90
[23:06:04]     feature=embedding_z90  target=market_return  ensemble=M5_AND_M6  ic_min=0.08
[23:06:34]   HIT  DXY                rate_emb_z       lag=  8 m5_p=0.0403  m6_ic=0.0857
[23:06:40]   HIT  BRENT              ruble_emb_z      lag=  8 m5_p=0.0321  m6_ic=0.1098
[23:06:44]   HIT  MSCI_INDIA         oil_emb_z        lag=  2 m5_p=0.0235  m6_ic=0.0955
[23:06:45]   HIT  MSCI_INDIA         rate_emb_z       lag=  8 m5_p=0.0230  m6_ic=0.0825
[23:06:50]   HIT  CHINA_H_SHARES     oil_emb_z        lag= 23 m5_p=0.0132  m6_ic=0.1293
[23:06:56]   HIT  FTSE_CHINA_50      oil_emb_z        lag= 23 m5_p=0.0115  m6_ic=0.1480
[23:07:34]     Train: 6 signals
[23:07:34]     Val holdout (6 candidates)...
[23:07:35]     Val: 0/6 held
[23:07:35]   → train=6  val=0  max_ic=0.1480
[23:07:35] 
============================================================
[23:07:35] FINAL REPORT
[23:07:35] ============================================================
[23:07:37] Report: C:\project\signal_mind\analytics\phase_b\night_search\night_report_20260521_181814.md
[23:07:37] Hits CSV: C:\project\signal_mind\analytics\phase_b\night_search\night_hits_20260521_181814.csv
[23:07:37] 
  [3/10] r18_alt_embedding_raw  budget=24min  ic_gate=0.08  ens=M5_AND_M6
[23:07:37]   Config: r18_alt_embedding_raw
[23:07:37]     feature=embedding_raw  target=market_return  ensemble=M5_AND_M6  ic_min=0.08
[23:08:30]   HIT  FTSE_CHINA_50      oil_emb          lag= 23 m5_p=0.0062  m6_ic=0.0804
[23:08:36]   HIT  GOLD               rate_emb         lag= 23 m5_p=0.0240  m6_ic=0.0939
[23:08:41]   HIT  SILVER             oil_emb          lag= 23 m5_p=0.0425  m6_ic=0.0922
[23:08:50]   HIT  IMOEX              banking_emb      lag=  2 m5_p=0.0241  m6_ic=0.0864
[23:09:01]   HIT  MOEXOG             banking_emb      lag=  2 m5_p=0.0222  m6_ic=0.1510
[23:09:06]   HIT  MOEX10             banking_emb      lag=  2 m5_p=0.0267  m6_ic=0.0887
[23:09:08]     Train: 6 signals
[23:09:08]     Val holdout (6 candidates)...
[23:09:09]     Val: 0/6 held
[23:09:09]   → train=6  val=0  max_ic=0.1510
[23:09:09] 
============================================================
[23:09:09] FINAL REPORT
[23:09:09] ============================================================
[23:09:10] Report: C:\project\signal_mind\analytics\phase_b\night_search\night_report_20260521_181814.md
[23:09:11] Hits CSV: C:\project\signal_mind\analytics\phase_b\night_search\night_hits_20260521_181814.csv
[23:09:11] 
  [4/10] r18_alt_keyword_z30  budget=27min  ic_gate=0.08  ens=M5_AND_M6
[23:09:11]   Config: r18_alt_keyword_z30
[23:09:11]     feature=keyword_z30  target=market_return  ensemble=M5_AND_M6  ic_min=0.08
[23:09:17]   HIT  USD_RUB            oil_z            lag= 28 m5_p=0.0116  m6_ic=0.0999
[23:09:23]   HIT  EUR_RUB            oil_z            lag= 28 m5_p=0.0116  m6_ic=0.0999
[23:10:30]   HIT  MOEXOG             oil_z            lag= 23 m5_p=0.0341  m6_ic=0.0843
[23:10:41]     Train: 3 signals
[23:10:41]     Val holdout (3 candidates)...
[23:10:42]     Val: 0/3 held
[23:10:42]   → train=3  val=0  max_ic=0.0999
[23:10:42] 
============================================================
[23:10:42] FINAL REPORT
[23:10:42] ============================================================
[23:10:43] Report: C:\project\signal_mind\analytics\phase_b\night_search\night_report_20260521_181814.md
[23:10:43] Hits CSV: C:\project\signal_mind\analytics\phase_b\night_search\night_hits_20260521_181814.csv
[23:10:43] 
  [5/10] r18_stable_GOLD_inflat  budget=31min  ic_gate=0.06  ens=M5_AND_M6
[23:10:43]   Config: r18_stable_GOLD_inflat
[23:10:43]     feature=keyword_z90  target=market_return  ensemble=M5_AND_M6  ic_min=0.06
[23:11:02]   HIT  MSCI_WORLD         sanctions_z      lag= 14 m5_p=0.0137  m6_ic=0.0993
[23:11:26]   HIT  GOLD               inflation_z      lag=  7 m5_p=0.0163  m6_ic=0.1378
[23:11:46]     Train: 2 signals
[23:11:46]     Val holdout (2 candidates)...
[23:11:47]     Val: 0/2 held
[23:11:47]   → train=2  val=0  max_ic=0.1378
[23:11:47] 
============================================================
[23:11:47] FINAL REPORT
[23:11:47] ============================================================
[23:11:48] Report: C:\project\signal_mind\analytics\phase_b\night_search\night_report_20260521_181814.md
[23:11:48] Hits CSV: C:\project\signal_mind\analytics\phase_b\night_search\night_hits_20260521_181814.csv
[23:11:48] 
  [6/10] r18_stable_USD_RU_oil_z  budget=37min  ic_gate=0.06  ens=M5_AND_M6
[23:11:48]   Config: r18_stable_USD_RU_oil_z
[23:11:48]     feature=keyword_z90  target=market_return  ensemble=M5_AND_M6  ic_min=0.06
[23:11:56]   HIT  USD_RUB            oil_z            lag= 28 m5_p=0.0221  m6_ic=0.0768
[23:12:03]   HIT  EUR_RUB            oil_z            lag= 28 m5_p=0.0221  m6_ic=0.0768
[23:12:10]   HIT  DJ_SOUTH_AFRICA    oil_z            lag= 21 m5_p=0.0026  m6_ic=0.0660
[23:12:17]   HIT  DJ_SOUTH_AFRICA    gold_z           lag= 28 m5_p=0.0225  m6_ic=0.0676
[23:12:18]   HIT  MSCI_WORLD         oil_z            lag= 21 m5_p=0.0462  m6_ic=0.0646
[23:12:38]   HIT  BRENT              gold_z           lag= 21 m5_p=0.0117  m6_ic=0.0684
[23:13:39]     Train: 6 signals
[23:13:39]     Val holdout (6 candidates)...
[23:13:40]     Val: 0/6 held
[23:13:40]   → train=6  val=0  max_ic=0.0768
[23:13:40] 
============================================================
[23:13:40] FINAL REPORT
[23:13:40] ============================================================
[23:13:42] Report: C:\project\signal_mind\analytics\phase_b\night_search\night_report_20260521_181814.md
[23:13:42] Hits CSV: C:\project\signal_mind\analytics\phase_b\night_search\night_hits_20260521_181814.csv
[23:13:42] 
  [7/10] r18_stable_EUR_RU_oil_z  budget=46min  ic_gate=0.06  ens=M5_AND_M6
[23:13:42]   Config: r18_stable_EUR_RU_oil_z
[23:13:42]     feature=keyword_z90  target=market_return  ensemble=M5_AND_M6  ic_min=0.06
[23:13:50]   HIT  USD_RUB            oil_z            lag= 28 m5_p=0.0221  m6_ic=0.0768
[23:13:57]   HIT  EUR_RUB            oil_z            lag= 28 m5_p=0.0221  m6_ic=0.0768
[23:14:04]   HIT  DJ_SOUTH_AFRICA    oil_z            lag= 21 m5_p=0.0026  m6_ic=0.0660
[23:14:10]   HIT  DJ_SOUTH_AFRICA    gold_z           lag= 28 m5_p=0.0225  m6_ic=0.0676
[23:14:11]   HIT  MSCI_WORLD         oil_z            lag= 21 m5_p=0.0462  m6_ic=0.0646
[23:14:32]   HIT  BRENT              gold_z           lag= 21 m5_p=0.0117  m6_ic=0.0684
[23:15:32]     Train: 6 signals
[23:15:32]     Val holdout (6 candidates)...
[23:15:34]     Val: 0/6 held
[23:15:34]   → train=6  val=0  max_ic=0.0768
[23:15:34] 
============================================================
[23:15:34] FINAL REPORT
[23:15:34] ============================================================
[23:15:35] Report: C:\project\signal_mind\analytics\phase_b\night_search\night_report_20260521_181814.md
[23:15:35] Hits CSV: C:\project\signal_mind\analytics\phase_b\night_search\night_hits_20260521_181814.csv
[23:15:35] 
  [8/10] r18_stable_BRENT_gold_z  budget=61min  ic_gate=0.06  ens=M5_AND_M6
[23:15:35]   Config: r18_stable_BRENT_gold_z
[23:15:35]     feature=keyword_z90  target=market_return  ensemble=M5_AND_M6  ic_min=0.06
[23:15:42]   HIT  USD_RUB            oil_z            lag= 28 m5_p=0.0221  m6_ic=0.0768
[23:15:49]   HIT  EUR_RUB            oil_z            lag= 28 m5_p=0.0221  m6_ic=0.0768
[23:15:55]   HIT  DJ_SOUTH_AFRICA    oil_z            lag= 21 m5_p=0.0026  m6_ic=0.0660
[23:16:01]   HIT  DJ_SOUTH_AFRICA    gold_z           lag= 28 m5_p=0.0225  m6_ic=0.0676
[23:16:01]   HIT  MSCI_WORLD         oil_z            lag= 21 m5_p=0.0462  m6_ic=0.0646
[23:16:04]   HIT  MSCI_WORLD         sanctions_z      lag= 14 m5_p=0.0137  m6_ic=0.0993
[23:16:19]   HIT  BRENT              gold_z           lag= 21 m5_p=0.0117  m6_ic=0.0684
[23:17:14]     Train: 7 signals
[23:17:14]     Val holdout (7 candidates)...
[23:17:16]     Val: 0/7 held
[23:17:16]   → train=7  val=0  max_ic=0.0993
[23:17:16] 
============================================================
[23:17:16] FINAL REPORT
[23:17:16] ============================================================
[23:17:17] Report: C:\project\signal_mind\analytics\phase_b\night_search\night_report_20260521_181814.md
[23:17:18] Hits CSV: C:\project\signal_mind\analytics\phase_b\night_search\night_hits_20260521_181814.csv
[23:17:18] 
  [9/10] r18_regime2022_keyword_z90  budget=91min  ic_gate=0.07  ens=M5_AND_M6
[23:17:18]   Loading regime 2022-01-01..2022-12-31
[23:17:18]   Regime loaded: 16 instruments
[23:17:18]   Config: r18_regime2022_keyword_z90
[23:17:18]     feature=keyword_z90  target=market_return  ensemble=M5_AND_M6  ic_min=0.07
[23:18:12]   HIT  MOEXFN             gold_z           lag=  8 m5_p=0.0263  m6_ic=0.1080
[23:18:17]     Train: 1 signals
[23:18:17]     Val holdout (1 candidates)...
[23:18:17]     Val: 0/1 held
[23:18:17]   → train=1  val=0  max_ic=0.1080
[23:18:17] 
============================================================
[23:18:17] FINAL REPORT
[23:18:17] ============================================================
[23:18:18] Report: C:\project\signal_mind\analytics\phase_b\night_search\night_report_20260521_181814.md
[23:18:19] Hits CSV: C:\project\signal_mind\analytics\phase_b\night_search\night_hits_20260521_181814.csv
[23:18:19] 
  [10/10] r18_regime2023_keyword_z90  budget=180min  ic_gate=0.07  ens=M5_AND_M6
[23:18:19]   Loading regime 2023-01-01..2023-09-30
[23:18:19]   Regime loaded: 16 instruments
[23:18:19]   Config: r18_regime2023_keyword_z90
[23:18:19]     feature=keyword_z90  target=market_return  ensemble=M5_AND_M6  ic_min=0.07
[23:18:27]     Train: 0 signals
[23:18:27]   → train=0  val=0  max_ic=0.0000
[23:18:27] 
============================================================
[23:18:27] FINAL REPORT
[23:18:27] ============================================================
[23:18:29] Report: C:\project\signal_mind\analytics\phase_b\night_search\night_report_20260521_181814.md
[23:18:29] Hits CSV: C:\project\signal_mind\analytics\phase_b\night_search\night_hits_20260521_181814.csv
[23:18:29] 
────────────────────────────────────────
[23:18:29] Round 18 done: train=38  val=0  mean_ic=0.0887
[23:18:29] Cumulative: train=4473  val=2595  val_rate=58.0%  stable=1160
[23:18:29] 
============================================================
[23:18:29] ROUND 19  |  elapsed=5.00h  remaining=3.00h
[23:18:29] ============================================================
[23:18:29]   Knowledge after 18 rounds:
[23:18:29]     train_total=4473  val_total=2595  val_pass_rate=58.0%
[23:18:29]     stable_signals=1160  ic_trend=stable
[23:18:29]     top_instruments=['GOLD', 'MOEXOG', 'MSCI_INDIA']
[23:18:29]     top_topics=['oil_emb_z', 'inflation_z', 'banking_emb']
[23:18:29]     best_feat=keyword_z90  → next_ic_gate=0.080  ensemble=M5_AND_M6
[23:18:29] Configs this round: 8
[23:18:29] 
  [1/8] r19_primary_keyword_z90  budget=22min  ic_gate=0.08  ens=M5_AND_M6
[23:18:29]   Config: r19_primary_keyword_z90
[23:18:29]     feature=keyword_z90  target=market_return  ensemble=M5_AND_M6  ic_min=0.08
[23:21:17]   HIT  GOLD               inflation_z      lag=  7 m5_p=0.0163  m6_ic=0.1378
[23:22:34]     Train: 1 signals
[23:22:34]     Val holdout (1 candidates)...
[23:22:34]     Val: 0/1 held
[23:22:34]   → train=1  val=0  max_ic=0.1378
[23:22:34] 
============================================================
[23:22:34] FINAL REPORT
[23:22:34] ============================================================
[23:22:36] Report: C:\project\signal_mind\analytics\phase_b\night_search\night_report_20260521_181814.md
[23:22:36] Hits CSV: C:\project\signal_mind\analytics\phase_b\night_search\night_hits_20260521_181814.csv
[23:22:36] 
  [2/8] r19_alt_embedding_z90  budget=25min  ic_gate=0.08  ens=M5_AND_M6
[23:22:36]   Config: r19_alt_embedding_z90
[23:22:36]     feature=embedding_z90  target=market_return  ensemble=M5_AND_M6  ic_min=0.08
[23:23:06]   HIT  DXY                rate_emb_z       lag=  8 m5_p=0.0403  m6_ic=0.0857
[23:23:12]   HIT  BRENT              ruble_emb_z      lag=  8 m5_p=0.0321  m6_ic=0.1098
[23:23:16]   HIT  MSCI_INDIA         oil_emb_z        lag=  2 m5_p=0.0235  m6_ic=0.0955
[23:23:17]   HIT  MSCI_INDIA         rate_emb_z       lag=  8 m5_p=0.0230  m6_ic=0.0825
[23:23:22]   HIT  CHINA_H_SHARES     oil_emb_z        lag= 23 m5_p=0.0132  m6_ic=0.1293
[23:23:28]   HIT  FTSE_CHINA_50      oil_emb_z        lag= 23 m5_p=0.0115  m6_ic=0.1480
[23:24:05]     Train: 6 signals
[23:24:05]     Val holdout (6 candidates)...
[23:24:06]     Val: 0/6 held
[23:24:06]   → train=6  val=0  max_ic=0.1480
[23:24:06] 
============================================================
[23:24:06] FINAL REPORT
[23:24:06] ============================================================
[23:24:08] Report: C:\project\signal_mind\analytics\phase_b\night_search\night_report_20260521_181814.md
[23:24:08] Hits CSV: C:\project\signal_mind\analytics\phase_b\night_search\night_hits_20260521_181814.csv
[23:24:08] 
  [3/8] r19_alt_embedding_raw  budget=29min  ic_gate=0.08  ens=M5_AND_M6
[23:24:08]   Config: r19_alt_embedding_raw
[23:24:08]     feature=embedding_raw  target=market_return  ensemble=M5_AND_M6  ic_min=0.08
[23:25:00]   HIT  FTSE_CHINA_50      oil_emb          lag= 23 m5_p=0.0062  m6_ic=0.0804
[23:25:06]   HIT  GOLD               rate_emb         lag= 23 m5_p=0.0240  m6_ic=0.0939
[23:25:10]   HIT  SILVER             oil_emb          lag= 23 m5_p=0.0425  m6_ic=0.0922
[23:25:19]   HIT  IMOEX              banking_emb      lag=  2 m5_p=0.0241  m6_ic=0.0864
[23:25:30]   HIT  MOEXOG             banking_emb      lag=  2 m5_p=0.0222  m6_ic=0.1510
[23:25:36]   HIT  MOEX10             banking_emb      lag=  2 m5_p=0.0267  m6_ic=0.0887
[23:25:37]     Train: 6 signals
[23:25:37]     Val holdout (6 candidates)...
[23:25:39]     Val: 0/6 held
[23:25:39]   → train=6  val=0  max_ic=0.1510
[23:25:39] 
============================================================
[23:25:39] FINAL REPORT
[23:25:39] ============================================================
[23:25:40] Report: C:\project\signal_mind\analytics\phase_b\night_search\night_report_20260521_181814.md
[23:25:40] Hits CSV: C:\project\signal_mind\analytics\phase_b\night_search\night_hits_20260521_181814.csv
[23:25:40] 
  [4/8] r19_alt_keyword_z30  budget=35min  ic_gate=0.08  ens=M5_AND_M6
[23:25:40]   Config: r19_alt_keyword_z30
[23:25:40]     feature=keyword_z30  target=market_return  ensemble=M5_AND_M6  ic_min=0.08
[23:25:47]   HIT  USD_RUB            oil_z            lag= 28 m5_p=0.0116  m6_ic=0.0999
[23:25:53]   HIT  EUR_RUB            oil_z            lag= 28 m5_p=0.0116  m6_ic=0.0999
[23:27:00]   HIT  MOEXOG             oil_z            lag= 23 m5_p=0.0341  m6_ic=0.0843
[23:27:10]     Train: 3 signals
[23:27:10]     Val holdout (3 candidates)...
[23:27:11]     Val: 0/3 held
[23:27:11]   → train=3  val=0  max_ic=0.0999
[23:27:11] 
============================================================
[23:27:11] FINAL REPORT
[23:27:11] ============================================================
[23:27:12] Report: C:\project\signal_mind\analytics\phase_b\night_search\night_report_20260521_181814.md
[23:27:12] Hits CSV: C:\project\signal_mind\analytics\phase_b\night_search\night_hits_20260521_181814.csv
[23:27:12] 
  [5/8] r19_stable_USD_RU_oil_z  budget=43min  ic_gate=0.06  ens=M5_AND_M6
[23:27:12]   Config: r19_stable_USD_RU_oil_z
[23:27:12]     feature=keyword_z90  target=market_return  ensemble=M5_AND_M6  ic_min=0.06
[23:27:20]   HIT  USD_RUB            oil_z            lag= 28 m5_p=0.0221  m6_ic=0.0768
[23:27:27]   HIT  EUR_RUB            oil_z            lag= 28 m5_p=0.0221  m6_ic=0.0768
[23:27:34]   HIT  DJ_SOUTH_AFRICA    oil_z            lag= 21 m5_p=0.0026  m6_ic=0.0660
[23:27:41]   HIT  DJ_SOUTH_AFRICA    gold_z           lag= 28 m5_p=0.0225  m6_ic=0.0676
[23:27:42]   HIT  MSCI_WORLD         oil_z            lag= 21 m5_p=0.0462  m6_ic=0.0646
[23:28:02]   HIT  BRENT              gold_z           lag= 21 m5_p=0.0117  m6_ic=0.0684
[23:29:03]     Train: 6 signals
[23:29:03]     Val holdout (6 candidates)...
[23:29:05]     Val: 0/6 held
[23:29:05]   → train=6  val=0  max_ic=0.0768
[23:29:05] 
============================================================
[23:29:05] FINAL REPORT
[23:29:05] ============================================================
[23:29:06] Report: C:\project\signal_mind\analytics\phase_b\night_search\night_report_20260521_181814.md
[23:29:06] Hits CSV: C:\project\signal_mind\analytics\phase_b\night_search\night_hits_20260521_181814.csv
[23:29:06] 
  [6/8] r19_stable_EUR_RU_oil_z  budget=56min  ic_gate=0.06  ens=M5_AND_M6
[23:29:06]   Config: r19_stable_EUR_RU_oil_z
[23:29:06]     feature=keyword_z90  target=market_return  ensemble=M5_AND_M6  ic_min=0.06
[23:29:15]   HIT  USD_RUB            oil_z            lag= 28 m5_p=0.0221  m6_ic=0.0768
[23:29:22]   HIT  EUR_RUB            oil_z            lag= 28 m5_p=0.0221  m6_ic=0.0768
[23:29:30]   HIT  DJ_SOUTH_AFRICA    oil_z            lag= 21 m5_p=0.0026  m6_ic=0.0660
[23:29:36]   HIT  DJ_SOUTH_AFRICA    gold_z           lag= 28 m5_p=0.0225  m6_ic=0.0676
[23:29:37]   HIT  MSCI_WORLD         oil_z            lag= 21 m5_p=0.0462  m6_ic=0.0646
[23:29:58]   HIT  BRENT              gold_z           lag= 21 m5_p=0.0117  m6_ic=0.0684
[23:30:59]     Train: 6 signals
[23:30:59]     Val holdout (6 candidates)...
[23:31:00]     Val: 0/6 held
[23:31:00]   → train=6  val=0  max_ic=0.0768
[23:31:00] 
============================================================
[23:31:00] FINAL REPORT
[23:31:00] ============================================================
[23:31:02] Report: C:\project\signal_mind\analytics\phase_b\night_search\night_report_20260521_181814.md
[23:31:02] Hits CSV: C:\project\signal_mind\analytics\phase_b\night_search\night_hits_20260521_181814.csv
[23:31:02] 
  [7/8] r19_stable_GOLD_inflat  budget=84min  ic_gate=0.06  ens=M5_AND_M6
[23:31:02]   Config: r19_stable_GOLD_inflat
[23:31:02]     feature=keyword_z90  target=market_return  ensemble=M5_AND_M6  ic_min=0.06
[23:31:20]   HIT  MSCI_WORLD         sanctions_z      lag= 14 m5_p=0.0137  m6_ic=0.0993
[23:31:44]   HIT  GOLD               inflation_z      lag=  7 m5_p=0.0163  m6_ic=0.1378
[23:32:05]     Train: 2 signals
[23:32:05]     Val holdout (2 candidates)...
[23:32:05]     Val: 0/2 held
[23:32:05]   → train=2  val=0  max_ic=0.1378
[23:32:05] 
============================================================
[23:32:05] FINAL REPORT
[23:32:05] ============================================================
[23:32:06] Report: C:\project\signal_mind\analytics\phase_b\night_search\night_report_20260521_181814.md
[23:32:07] Hits CSV: C:\project\signal_mind\analytics\phase_b\night_search\night_hits_20260521_181814.csv
[23:32:07] 
  [8/8] r19_stable_BRENT_gold_z  budget=166min  ic_gate=0.06  ens=M5_AND_M6
[23:32:07]   Config: r19_stable_BRENT_gold_z
[23:32:07]     feature=keyword_z90  target=market_return  ensemble=M5_AND_M6  ic_min=0.06
[23:32:14]   HIT  USD_RUB            oil_z            lag= 28 m5_p=0.0221  m6_ic=0.0768
[23:32:20]   HIT  EUR_RUB            oil_z            lag= 28 m5_p=0.0221  m6_ic=0.0768
[23:32:27]   HIT  DJ_SOUTH_AFRICA    oil_z            lag= 21 m5_p=0.0026  m6_ic=0.0660
[23:32:32]   HIT  DJ_SOUTH_AFRICA    gold_z           lag= 28 m5_p=0.0225  m6_ic=0.0676
[23:32:33]   HIT  MSCI_WORLD         oil_z            lag= 21 m5_p=0.0462  m6_ic=0.0646
[23:32:35]   HIT  MSCI_WORLD         sanctions_z      lag= 14 m5_p=0.0137  m6_ic=0.0993
[23:32:54]   HIT  BRENT              gold_z           lag= 21 m5_p=0.0117  m6_ic=0.0684
[23:33:49]     Train: 7 signals
[23:33:49]     Val holdout (7 candidates)...
[23:33:51]     Val: 0/7 held
[23:33:51]   → train=7  val=0  max_ic=0.0993
[23:33:51] 
============================================================
[23:33:51] FINAL REPORT
[23:33:51] ============================================================
[23:33:52] Report: C:\project\signal_mind\analytics\phase_b\night_search\night_report_20260521_181814.md
[23:33:52] Hits CSV: C:\project\signal_mind\analytics\phase_b\night_search\night_hits_20260521_181814.csv
[23:33:52] 
────────────────────────────────────────
[23:33:52] Round 19 done: train=37  val=0  mean_ic=0.0882
[23:33:52] Cumulative: train=4510  val=2595  val_rate=57.5%  stable=1160
[23:33:52] 
============================================================
[23:33:52] ROUND 20  |  elapsed=5.26h  remaining=2.74h
[23:33:52] ============================================================
[23:33:52]   Knowledge after 19 rounds:
[23:33:52]     train_total=4510  val_total=2595  val_pass_rate=57.5%
[23:33:52]     stable_signals=1160  ic_trend=stable
[23:33:52]     top_instruments=['GOLD', 'MOEXOG', 'MSCI_INDIA']
[23:33:52]     top_topics=['oil_emb_z', 'inflation_z', 'banking_emb']
[23:33:52]     best_feat=keyword_z90  → next_ic_gate=0.080  ensemble=M5_AND_M6
[23:33:52] Configs this round: 8
[23:33:52] 
  [1/8] r20_primary_keyword_z90  budget=21min  ic_gate=0.08  ens=M5_AND_M6
[23:33:52]   Config: r20_primary_keyword_z90
[23:33:52]     feature=keyword_z90  target=market_return  ensemble=M5_AND_M6  ic_min=0.08
[23:36:38]   HIT  GOLD               inflation_z      lag=  7 m5_p=0.0163  m6_ic=0.1378
[23:37:56]     Train: 1 signals
[23:37:56]     Val holdout (1 candidates)...
[23:37:56]     Val: 0/1 held
[23:37:56]   → train=1  val=0  max_ic=0.1378
[23:37:56] 
============================================================
[23:37:56] FINAL REPORT
[23:37:56] ============================================================
[23:37:57] Report: C:\project\signal_mind\analytics\phase_b\night_search\night_report_20260521_181814.md
[23:37:58] Hits CSV: C:\project\signal_mind\analytics\phase_b\night_search\night_hits_20260521_181814.csv
[23:37:58] 
  [2/8] r20_alt_embedding_z90  budget=23min  ic_gate=0.08  ens=M5_AND_M6
[23:37:58]   Config: r20_alt_embedding_z90
[23:37:58]     feature=embedding_z90  target=market_return  ensemble=M5_AND_M6  ic_min=0.08
[23:38:27]   HIT  DXY                rate_emb_z       lag=  8 m5_p=0.0403  m6_ic=0.0857
[23:38:34]   HIT  BRENT              ruble_emb_z      lag=  8 m5_p=0.0321  m6_ic=0.1098
[23:38:38]   HIT  MSCI_INDIA         oil_emb_z        lag=  2 m5_p=0.0235  m6_ic=0.0955
[23:38:39]   HIT  MSCI_INDIA         rate_emb_z       lag=  8 m5_p=0.0230  m6_ic=0.0825
[23:38:44]   HIT  CHINA_H_SHARES     oil_emb_z        lag= 23 m5_p=0.0132  m6_ic=0.1293
[23:38:50]   HIT  FTSE_CHINA_50      oil_emb_z        lag= 23 m5_p=0.0115  m6_ic=0.1480
[23:39:28]     Train: 6 signals
[23:39:28]     Val holdout (6 candidates)...
[23:39:29]     Val: 0/6 held
[23:39:29]   → train=6  val=0  max_ic=0.1480
[23:39:29] 
============================================================
[23:39:29] FINAL REPORT
[23:39:29] ============================================================
[23:39:30] Report: C:\project\signal_mind\analytics\phase_b\night_search\night_report_20260521_181814.md
[23:39:31] Hits CSV: C:\project\signal_mind\analytics\phase_b\night_search\night_hits_20260521_181814.csv
[23:39:31] 
  [3/8] r20_alt_embedding_raw  budget=26min  ic_gate=0.08  ens=M5_AND_M6
[23:39:31]   Config: r20_alt_embedding_raw
[23:39:31]     feature=embedding_raw  target=market_return  ensemble=M5_AND_M6  ic_min=0.08
[23:40:22]   HIT  FTSE_CHINA_50      oil_emb          lag= 23 m5_p=0.0062  m6_ic=0.0804
[23:40:28]   HIT  GOLD               rate_emb         lag= 23 m5_p=0.0240  m6_ic=0.0939
[23:40:33]   HIT  SILVER             oil_emb          lag= 23 m5_p=0.0425  m6_ic=0.0922
[23:40:42]   HIT  IMOEX              banking_emb      lag=  2 m5_p=0.0241  m6_ic=0.0864
[23:40:53]   HIT  MOEXOG             banking_emb      lag=  2 m5_p=0.0222  m6_ic=0.1510
[23:40:59]   HIT  MOEX10             banking_emb      lag=  2 m5_p=0.0267  m6_ic=0.0887
[23:41:00]     Train: 6 signals
[23:41:00]     Val holdout (6 candidates)...
[23:41:01]     Val: 0/6 held
[23:41:01]   → train=6  val=0  max_ic=0.1510
[23:41:01] 
============================================================
[23:41:01] FINAL REPORT
[23:41:01] ============================================================
[23:41:03] Report: C:\project\signal_mind\analytics\phase_b\night_search\night_report_20260521_181814.md
[23:41:03] Hits CSV: C:\project\signal_mind\analytics\phase_b\night_search\night_hits_20260521_181814.csv
[23:41:03] 
  [4/8] r20_alt_keyword_z30  budget=31min  ic_gate=0.08  ens=M5_AND_M6
[23:41:03]   Config: r20_alt_keyword_z30
[23:41:03]     feature=keyword_z30  target=market_return  ensemble=M5_AND_M6  ic_min=0.08
[23:41:10]   HIT  USD_RUB            oil_z            lag= 28 m5_p=0.0116  m6_ic=0.0999
[23:41:15]   HIT  EUR_RUB            oil_z            lag= 28 m5_p=0.0116  m6_ic=0.0999
[23:42:22]   HIT  MOEXOG             oil_z            lag= 23 m5_p=0.0341  m6_ic=0.0843
[23:42:32]     Train: 3 signals
[23:42:32]     Val holdout (3 candidates)...
[23:42:33]     Val: 0/3 held
[23:42:33]   → train=3  val=0  max_ic=0.0999
[23:42:33] 
============================================================
[23:42:33] FINAL REPORT
[23:42:33] ============================================================
[23:42:34] Report: C:\project\signal_mind\analytics\phase_b\night_search\night_report_20260521_181814.md
[23:42:34] Hits CSV: C:\project\signal_mind\analytics\phase_b\night_search\night_hits_20260521_181814.csv
[23:42:34] 
  [5/8] r20_stable_USD_RU_oil_z  budget=39min  ic_gate=0.06  ens=M5_AND_M6
[23:42:34]   Config: r20_stable_USD_RU_oil_z
[23:42:34]     feature=keyword_z90  target=market_return  ensemble=M5_AND_M6  ic_min=0.06
[23:42:42]   HIT  USD_RUB            oil_z            lag= 28 m5_p=0.0221  m6_ic=0.0768
[23:42:50]   HIT  EUR_RUB            oil_z            lag= 28 m5_p=0.0221  m6_ic=0.0768
[23:42:57]   HIT  DJ_SOUTH_AFRICA    oil_z            lag= 21 m5_p=0.0026  m6_ic=0.0660
[23:43:03]   HIT  DJ_SOUTH_AFRICA    gold_z           lag= 28 m5_p=0.0225  m6_ic=0.0676
[23:43:04]   HIT  MSCI_WORLD         oil_z            lag= 21 m5_p=0.0462  m6_ic=0.0646
[23:43:24]   HIT  BRENT              gold_z           lag= 21 m5_p=0.0117  m6_ic=0.0684
[23:44:25]     Train: 6 signals
[23:44:25]     Val holdout (6 candidates)...
[23:44:27]     Val: 0/6 held
[23:44:27]   → train=6  val=0  max_ic=0.0768
[23:44:27] 
============================================================
[23:44:27] FINAL REPORT
[23:44:27] ============================================================
[23:44:28] Report: C:\project\signal_mind\analytics\phase_b\night_search\night_report_20260521_181814.md
[23:44:28] Hits CSV: C:\project\signal_mind\analytics\phase_b\night_search\night_hits_20260521_181814.csv
[23:44:28] 
  [6/8] r20_stable_EUR_RU_oil_z  budget=51min  ic_gate=0.06  ens=M5_AND_M6
[23:44:28]   Config: r20_stable_EUR_RU_oil_z
[23:44:28]     feature=keyword_z90  target=market_return  ensemble=M5_AND_M6  ic_min=0.06
[23:44:36]   HIT  USD_RUB            oil_z            lag= 28 m5_p=0.0221  m6_ic=0.0768
[23:44:43]   HIT  EUR_RUB            oil_z            lag= 28 m5_p=0.0221  m6_ic=0.0768
[23:44:50]   HIT  DJ_SOUTH_AFRICA    oil_z            lag= 21 m5_p=0.0026  m6_ic=0.0660
[23:44:56]   HIT  DJ_SOUTH_AFRICA    gold_z           lag= 28 m5_p=0.0225  m6_ic=0.0676
[23:44:57]   HIT  MSCI_WORLD         oil_z            lag= 21 m5_p=0.0462  m6_ic=0.0646
[23:45:18]   HIT  BRENT              gold_z           lag= 21 m5_p=0.0117  m6_ic=0.0684
[23:46:18]     Train: 6 signals
[23:46:18]     Val holdout (6 candidates)...
[23:46:20]     Val: 0/6 held
[23:46:20]   → train=6  val=0  max_ic=0.0768
[23:46:20] 
============================================================
[23:46:20] FINAL REPORT
[23:46:20] ============================================================
[23:46:21] Report: C:\project\signal_mind\analytics\phase_b\night_search\night_report_20260521_181814.md
[23:46:21] Hits CSV: C:\project\signal_mind\analytics\phase_b\night_search\night_hits_20260521_181814.csv
[23:46:21] 
  [7/8] r20_stable_GOLD_inflat  budget=76min  ic_gate=0.06  ens=M5_AND_M6
[23:46:21]   Config: r20_stable_GOLD_inflat
[23:46:21]     feature=keyword_z90  target=market_return  ensemble=M5_AND_M6  ic_min=0.06
[23:46:39]   HIT  MSCI_WORLD         sanctions_z      lag= 14 m5_p=0.0137  m6_ic=0.0993
[23:47:03]   HIT  GOLD               inflation_z      lag=  7 m5_p=0.0163  m6_ic=0.1378
[23:47:24]     Train: 2 signals
[23:47:24]     Val holdout (2 candidates)...
[23:47:25]     Val: 0/2 held
[23:47:25]   → train=2  val=0  max_ic=0.1378
[23:47:25] 
============================================================
[23:47:25] FINAL REPORT
[23:47:25] ============================================================
[23:47:26] Report: C:\project\signal_mind\analytics\phase_b\night_search\night_report_20260521_181814.md
[23:47:26] Hits CSV: C:\project\signal_mind\analytics\phase_b\night_search\night_hits_20260521_181814.csv
[23:47:26] 
  [8/8] r20_stable_BRENT_gold_z  budget=151min  ic_gate=0.06  ens=M5_AND_M6
[23:47:26]   Config: r20_stable_BRENT_gold_z
[23:47:26]     feature=keyword_z90  target=market_return  ensemble=M5_AND_M6  ic_min=0.06
[23:47:34]   HIT  USD_RUB            oil_z            lag= 28 m5_p=0.0221  m6_ic=0.0768
[23:47:40]   HIT  EUR_RUB            oil_z            lag= 28 m5_p=0.0221  m6_ic=0.0768
[23:47:46]   HIT  DJ_SOUTH_AFRICA    oil_z            lag= 21 m5_p=0.0026  m6_ic=0.0660
[23:47:52]   HIT  DJ_SOUTH_AFRICA    gold_z           lag= 28 m5_p=0.0225  m6_ic=0.0676
[23:47:53]   HIT  MSCI_WORLD         oil_z            lag= 21 m5_p=0.0462  m6_ic=0.0646
[23:47:55]   HIT  MSCI_WORLD         sanctions_z      lag= 14 m5_p=0.0137  m6_ic=0.0993
[23:48:11]   HIT  BRENT              gold_z           lag= 21 m5_p=0.0117  m6_ic=0.0684
[23:49:06]     Train: 7 signals
[23:49:06]     Val holdout (7 candidates)...
[23:49:08]     Val: 0/7 held
[23:49:08]   → train=7  val=0  max_ic=0.0993
[23:49:08] 
============================================================
[23:49:08] FINAL REPORT
[23:49:08] ============================================================
[23:49:09] Report: C:\project\signal_mind\analytics\phase_b\night_search\night_report_20260521_181814.md
[23:49:09] Hits CSV: C:\project\signal_mind\analytics\phase_b\night_search\night_hits_20260521_181814.csv
[23:49:09] 
────────────────────────────────────────
[23:49:09] Round 20 done: train=37  val=0  mean_ic=0.0882
[23:49:09] Cumulative: train=4547  val=2595  val_rate=57.1%  stable=1160
[23:49:09] 
============================================================
[23:49:09] ROUND 21  |  elapsed=5.51h  remaining=2.49h
[23:49:09] ============================================================
[23:49:09]   Knowledge after 20 rounds:
[23:49:09]     train_total=4547  val_total=2595  val_pass_rate=57.1%
[23:49:09]     stable_signals=1160  ic_trend=stable
[23:49:09]     top_instruments=['GOLD', 'MOEXOG', 'MSCI_INDIA']
[23:49:09]     top_topics=['oil_emb_z', 'inflation_z', 'banking_emb']
[23:49:09]     best_feat=keyword_z90  → next_ic_gate=0.080  ensemble=M5_AND_M6
[23:49:09] Configs this round: 10
[23:49:09] 
  [1/10] r21_primary_keyword_z90  budget=15min  ic_gate=0.08  ens=M5_AND_M6
[23:49:09]   Config: r21_primary_keyword_z90
[23:49:09]     feature=keyword_z90  target=market_return  ensemble=M5_AND_M6  ic_min=0.08
[23:51:56]   HIT  GOLD               inflation_z      lag=  7 m5_p=0.0163  m6_ic=0.1378
[23:53:14]     Train: 1 signals
[23:53:14]     Val holdout (1 candidates)...
[23:53:14]     Val: 0/1 held
[23:53:14]   → train=1  val=0  max_ic=0.1378
[23:53:14] 
============================================================
[23:53:14] FINAL REPORT
[23:53:14] ============================================================
[23:53:16] Report: C:\project\signal_mind\analytics\phase_b\night_search\night_report_20260521_181814.md
[23:53:16] Hits CSV: C:\project\signal_mind\analytics\phase_b\night_search\night_hits_20260521_181814.csv
[23:53:16] 
  [2/10] r21_alt_embedding_z90  budget=16min  ic_gate=0.08  ens=M5_AND_M6
[23:53:16]   Config: r21_alt_embedding_z90
[23:53:16]     feature=embedding_z90  target=market_return  ensemble=M5_AND_M6  ic_min=0.08
[23:53:46]   HIT  DXY                rate_emb_z       lag=  8 m5_p=0.0403  m6_ic=0.0857
[23:53:53]   HIT  BRENT              ruble_emb_z      lag=  8 m5_p=0.0321  m6_ic=0.1098
[23:53:56]   HIT  MSCI_INDIA         oil_emb_z        lag=  2 m5_p=0.0235  m6_ic=0.0955
[23:53:57]   HIT  MSCI_INDIA         rate_emb_z       lag=  8 m5_p=0.0230  m6_ic=0.0825
[23:54:02]   HIT  CHINA_H_SHARES     oil_emb_z        lag= 23 m5_p=0.0132  m6_ic=0.1293
[23:54:08]   HIT  FTSE_CHINA_50      oil_emb_z        lag= 23 m5_p=0.0115  m6_ic=0.1480
[23:54:46]     Train: 6 signals
[23:54:46]     Val holdout (6 candidates)...
[23:54:47]     Val: 0/6 held
[23:54:47]   → train=6  val=0  max_ic=0.1480
[23:54:47] 
============================================================
[23:54:47] FINAL REPORT
[23:54:47] ============================================================
[23:54:49] Report: C:\project\signal_mind\analytics\phase_b\night_search\night_report_20260521_181814.md
[23:54:49] Hits CSV: C:\project\signal_mind\analytics\phase_b\night_search\night_hits_20260521_181814.csv
[23:54:49] 
  [3/10] r21_alt_embedding_raw  budget=18min  ic_gate=0.08  ens=M5_AND_M6
[23:54:49]   Config: r21_alt_embedding_raw
[23:54:49]     feature=embedding_raw  target=market_return  ensemble=M5_AND_M6  ic_min=0.08
[23:55:41]   HIT  FTSE_CHINA_50      oil_emb          lag= 23 m5_p=0.0062  m6_ic=0.0804
[23:55:47]   HIT  GOLD               rate_emb         lag= 23 m5_p=0.0240  m6_ic=0.0939
[23:55:52]   HIT  SILVER             oil_emb          lag= 23 m5_p=0.0425  m6_ic=0.0922
[23:56:00]   HIT  IMOEX              banking_emb      lag=  2 m5_p=0.0241  m6_ic=0.0864
[23:56:12]   HIT  MOEXOG             banking_emb      lag=  2 m5_p=0.0222  m6_ic=0.1510
[23:56:17]   HIT  MOEX10             banking_emb      lag=  2 m5_p=0.0267  m6_ic=0.0887
[23:56:19]     Train: 6 signals
[23:56:19]     Val holdout (6 candidates)...
[23:56:20]     Val: 0/6 held
[23:56:20]   → train=6  val=0  max_ic=0.1510
[23:56:20] 
============================================================
[23:56:20] FINAL REPORT
[23:56:20] ============================================================
[23:56:21] Report: C:\project\signal_mind\analytics\phase_b\night_search\night_report_20260521_181814.md
[23:56:21] Hits CSV: C:\project\signal_mind\analytics\phase_b\night_search\night_hits_20260521_181814.csv
[23:56:21] 
  [4/10] r21_alt_keyword_z30  budget=20min  ic_gate=0.08  ens=M5_AND_M6
[23:56:21]   Config: r21_alt_keyword_z30
[23:56:21]     feature=keyword_z30  target=market_return  ensemble=M5_AND_M6  ic_min=0.08
[23:56:28]   HIT  USD_RUB            oil_z            lag= 28 m5_p=0.0116  m6_ic=0.0999
[23:56:34]   HIT  EUR_RUB            oil_z            lag= 28 m5_p=0.0116  m6_ic=0.0999
[23:57:40]   HIT  MOEXOG             oil_z            lag= 23 m5_p=0.0341  m6_ic=0.0843
[23:57:51]     Train: 3 signals
[23:57:51]     Val holdout (3 candidates)...
[23:57:51]     Val: 0/3 held
[23:57:51]   → train=3  val=0  max_ic=0.0999
[23:57:51] 
============================================================
[23:57:51] FINAL REPORT
[23:57:51] ============================================================
[23:57:53] Report: C:\project\signal_mind\analytics\phase_b\night_search\night_report_20260521_181814.md
[23:57:53] Hits CSV: C:\project\signal_mind\analytics\phase_b\night_search\night_hits_20260521_181814.csv
[23:57:53] 
  [5/10] r21_stable_USD_RU_oil_z  budget=23min  ic_gate=0.06  ens=M5_AND_M6
[23:57:53]   Config: r21_stable_USD_RU_oil_z
[23:57:53]     feature=keyword_z90  target=market_return  ensemble=M5_AND_M6  ic_min=0.06
[23:58:01]   HIT  USD_RUB            oil_z            lag= 28 m5_p=0.0221  m6_ic=0.0768
[23:58:08]   HIT  EUR_RUB            oil_z            lag= 28 m5_p=0.0221  m6_ic=0.0768
[23:58:15]   HIT  DJ_SOUTH_AFRICA    oil_z            lag= 21 m5_p=0.0026  m6_ic=0.0660
[23:58:21]   HIT  DJ_SOUTH_AFRICA    gold_z           lag= 28 m5_p=0.0225  m6_ic=0.0676
[23:58:22]   HIT  MSCI_WORLD         oil_z            lag= 21 m5_p=0.0462  m6_ic=0.0646
[23:58:43]   HIT  BRENT              gold_z           lag= 21 m5_p=0.0117  m6_ic=0.0684
[23:59:44]     Train: 6 signals
[23:59:44]     Val holdout (6 candidates)...
[23:59:45]     Val: 0/6 held
[23:59:45]   → train=6  val=0  max_ic=0.0768
[23:59:45] 
============================================================
[23:59:45] FINAL REPORT
[23:59:45] ============================================================
[23:59:46] Report: C:\project\signal_mind\analytics\phase_b\night_search\night_report_20260521_181814.md
[23:59:46] Hits CSV: C:\project\signal_mind\analytics\phase_b\night_search\night_hits_20260521_181814.csv
[23:59:46] 
  [6/10] r21_stable_EUR_RU_oil_z  budget=28min  ic_gate=0.06  ens=M5_AND_M6
[23:59:46]   Config: r21_stable_EUR_RU_oil_z
[23:59:46]     feature=keyword_z90  target=market_return  ensemble=M5_AND_M6  ic_min=0.06
[23:59:54]   HIT  USD_RUB            oil_z            lag= 28 m5_p=0.0221  m6_ic=0.0768
[00:00:01]   HIT  EUR_RUB            oil_z            lag= 28 m5_p=0.0221  m6_ic=0.0768
[00:00:08]   HIT  DJ_SOUTH_AFRICA    oil_z            lag= 21 m5_p=0.0026  m6_ic=0.0660
[00:00:14]   HIT  DJ_SOUTH_AFRICA    gold_z           lag= 28 m5_p=0.0225  m6_ic=0.0676
[00:00:15]   HIT  MSCI_WORLD         oil_z            lag= 21 m5_p=0.0462  m6_ic=0.0646
[00:00:35]   HIT  BRENT              gold_z           lag= 21 m5_p=0.0117  m6_ic=0.0684
[00:01:36]     Train: 6 signals
[00:01:36]     Val holdout (6 candidates)...
[00:01:37]     Val: 0/6 held
[00:01:37]   → train=6  val=0  max_ic=0.0768
[00:01:37] 
============================================================
[00:01:37] FINAL REPORT
[00:01:37] ============================================================
[00:01:39] Report: C:\project\signal_mind\analytics\phase_b\night_search\night_report_20260521_181814.md
[00:01:39] Hits CSV: C:\project\signal_mind\analytics\phase_b\night_search\night_hits_20260521_181814.csv
[00:01:39] 
  [7/10] r21_stable_GOLD_inflat  budget=34min  ic_gate=0.06  ens=M5_AND_M6
[00:01:39]   Config: r21_stable_GOLD_inflat
[00:01:39]     feature=keyword_z90  target=market_return  ensemble=M5_AND_M6  ic_min=0.06
[00:01:57]   HIT  MSCI_WORLD         sanctions_z      lag= 14 m5_p=0.0137  m6_ic=0.0993
[00:02:20]   HIT  GOLD               inflation_z      lag=  7 m5_p=0.0163  m6_ic=0.1378
[00:02:41]     Train: 2 signals
[00:02:41]     Val holdout (2 candidates)...
[00:02:41]     Val: 0/2 held
[00:02:41]   → train=2  val=0  max_ic=0.1378
[00:02:41] 
============================================================
[00:02:41] FINAL REPORT
[00:02:41] ============================================================
[00:02:43] Report: C:\project\signal_mind\analytics\phase_b\night_search\night_report_20260521_181814.md
[00:02:43] Hits CSV: C:\project\signal_mind\analytics\phase_b\night_search\night_hits_20260521_181814.csv
[00:02:43] 
  [8/10] r21_stable_BRENT_gold_z  budget=45min  ic_gate=0.06  ens=M5_AND_M6
[00:02:43]   Config: r21_stable_BRENT_gold_z
[00:02:43]     feature=keyword_z90  target=market_return  ensemble=M5_AND_M6  ic_min=0.06
[00:02:50]   HIT  USD_RUB            oil_z            lag= 28 m5_p=0.0221  m6_ic=0.0768
[00:02:57]   HIT  EUR_RUB            oil_z            lag= 28 m5_p=0.0221  m6_ic=0.0768
[00:03:03]   HIT  DJ_SOUTH_AFRICA    oil_z            lag= 21 m5_p=0.0026  m6_ic=0.0660
[00:03:08]   HIT  DJ_SOUTH_AFRICA    gold_z           lag= 28 m5_p=0.0225  m6_ic=0.0676
[00:03:09]   HIT  MSCI_WORLD         oil_z            lag= 21 m5_p=0.0462  m6_ic=0.0646
[00:03:12]   HIT  MSCI_WORLD         sanctions_z      lag= 14 m5_p=0.0137  m6_ic=0.0993
[00:03:28]   HIT  BRENT              gold_z           lag= 21 m5_p=0.0117  m6_ic=0.0684
[00:04:22]     Train: 7 signals
[00:04:22]     Val holdout (7 candidates)...
[00:04:23]     Val: 0/7 held
[00:04:23]   → train=7  val=0  max_ic=0.0993
[00:04:23] 
============================================================
[00:04:23] FINAL REPORT
[00:04:23] ============================================================
[00:04:25] Report: C:\project\signal_mind\analytics\phase_b\night_search\night_report_20260521_181814.md
[00:04:25] Hits CSV: C:\project\signal_mind\analytics\phase_b\night_search\night_hits_20260521_181814.csv
[00:04:25] 
  [9/10] r21_regime2022_keyword_z90  budget=67min  ic_gate=0.07  ens=M5_AND_M6
[00:04:25]   Loading regime 2022-01-01..2022-12-31
[00:04:26]   Regime loaded: 16 instruments
[00:04:26]   Config: r21_regime2022_keyword_z90
[00:04:26]     feature=keyword_z90  target=market_return  ensemble=M5_AND_M6  ic_min=0.07
[00:05:19]   HIT  MOEXFN             gold_z           lag=  8 m5_p=0.0263  m6_ic=0.1080
[00:05:24]     Train: 1 signals
[00:05:24]     Val holdout (1 candidates)...
[00:05:24]     Val: 0/1 held
[00:05:24]   → train=1  val=0  max_ic=0.1080
[00:05:24] 
============================================================
[00:05:24] FINAL REPORT
[00:05:24] ============================================================
[00:05:26] Report: C:\project\signal_mind\analytics\phase_b\night_search\night_report_20260521_181814.md
[00:05:26] Hits CSV: C:\project\signal_mind\analytics\phase_b\night_search\night_hits_20260521_181814.csv
[00:05:26] 
  [10/10] r21_regime2023_keyword_z90  budget=133min  ic_gate=0.07  ens=M5_AND_M6
[00:05:26]   Loading regime 2023-01-01..2023-09-30
[00:05:27]   Regime loaded: 16 instruments
[00:05:27]   Config: r21_regime2023_keyword_z90
[00:05:27]     feature=keyword_z90  target=market_return  ensemble=M5_AND_M6  ic_min=0.07
[00:05:34]     Train: 0 signals
[00:05:34]   → train=0  val=0  max_ic=0.0000
[00:05:34] 
============================================================
[00:05:34] FINAL REPORT
[00:05:34] ============================================================
[00:05:36] Report: C:\project\signal_mind\analytics\phase_b\night_search\night_report_20260521_181814.md
[00:05:36] Hits CSV: C:\project\signal_mind\analytics\phase_b\night_search\night_hits_20260521_181814.csv
[00:05:36] 
────────────────────────────────────────
[00:05:36] Round 21 done: train=38  val=0  mean_ic=0.0887
[00:05:36] Cumulative: train=4585  val=2595  val_rate=56.6%  stable=1160
[00:05:36] 
============================================================
[00:05:36] ROUND 22  |  elapsed=5.79h  remaining=2.21h
[00:05:36] ============================================================
[00:05:36]   Knowledge after 21 rounds:
[00:05:36]     train_total=4585  val_total=2595  val_pass_rate=56.6%
[00:05:36]     stable_signals=1160  ic_trend=stable
[00:05:36]     top_instruments=['GOLD', 'MOEXOG', 'MSCI_INDIA']
[00:05:36]     top_topics=['oil_emb_z', 'inflation_z', 'banking_emb']
[00:05:36]     best_feat=keyword_z90  → next_ic_gate=0.080  ensemble=M5_AND_M6
[00:05:36] Configs this round: 8
[00:05:36] 
  [1/8] r22_primary_keyword_z90  budget=17min  ic_gate=0.08  ens=M5_AND_M6
[00:05:36]   Config: r22_primary_keyword_z90
[00:05:36]     feature=keyword_z90  target=market_return  ensemble=M5_AND_M6  ic_min=0.08
[00:08:22]   HIT  GOLD               inflation_z      lag=  7 m5_p=0.0163  m6_ic=0.1378
[00:09:39]     Train: 1 signals
[00:09:39]     Val holdout (1 candidates)...
[00:09:39]     Val: 0/1 held
[00:09:39]   → train=1  val=0  max_ic=0.1378
[00:09:39] 
============================================================
[00:09:39] FINAL REPORT
[00:09:39] ============================================================
[00:09:41] Report: C:\project\signal_mind\analytics\phase_b\night_search\night_report_20260521_181814.md
[00:09:41] Hits CSV: C:\project\signal_mind\analytics\phase_b\night_search\night_hits_20260521_181814.csv
[00:09:41] 
  [2/8] r22_alt_embedding_z90  budget=18min  ic_gate=0.08  ens=M5_AND_M6
[00:09:41]   Config: r22_alt_embedding_z90
[00:09:41]     feature=embedding_z90  target=market_return  ensemble=M5_AND_M6  ic_min=0.08
[00:10:11]   HIT  DXY                rate_emb_z       lag=  8 m5_p=0.0403  m6_ic=0.0857
[00:10:17]   HIT  BRENT              ruble_emb_z      lag=  8 m5_p=0.0321  m6_ic=0.1098
[00:10:21]   HIT  MSCI_INDIA         oil_emb_z        lag=  2 m5_p=0.0235  m6_ic=0.0955
[00:10:22]   HIT  MSCI_INDIA         rate_emb_z       lag=  8 m5_p=0.0230  m6_ic=0.0825
[00:10:27]   HIT  CHINA_H_SHARES     oil_emb_z        lag= 23 m5_p=0.0132  m6_ic=0.1293
[00:10:33]   HIT  FTSE_CHINA_50      oil_emb_z        lag= 23 m5_p=0.0115  m6_ic=0.1480
[00:11:11]     Train: 6 signals
[00:11:11]     Val holdout (6 candidates)...
[00:11:12]     Val: 0/6 held
[00:11:12]   → train=6  val=0  max_ic=0.1480
[00:11:12] 
============================================================
[00:11:12] FINAL REPORT
[00:11:12] ============================================================
[00:11:13] Report: C:\project\signal_mind\analytics\phase_b\night_search\night_report_20260521_181814.md
[00:11:14] Hits CSV: C:\project\signal_mind\analytics\phase_b\night_search\night_hits_20260521_181814.csv
[00:11:14] 
  [3/8] r22_alt_embedding_raw  budget=21min  ic_gate=0.08  ens=M5_AND_M6
[00:11:14]   Config: r22_alt_embedding_raw
[00:11:14]     feature=embedding_raw  target=market_return  ensemble=M5_AND_M6  ic_min=0.08
[00:12:06]   HIT  FTSE_CHINA_50      oil_emb          lag= 23 m5_p=0.0062  m6_ic=0.0804
[00:12:12]   HIT  GOLD               rate_emb         lag= 23 m5_p=0.0240  m6_ic=0.0939
[00:12:17]   HIT  SILVER             oil_emb          lag= 23 m5_p=0.0425  m6_ic=0.0922
[00:12:26]   HIT  IMOEX              banking_emb      lag=  2 m5_p=0.0241  m6_ic=0.0864
[00:12:37]   HIT  MOEXOG             banking_emb      lag=  2 m5_p=0.0222  m6_ic=0.1510
[00:12:43]   HIT  MOEX10             banking_emb      lag=  2 m5_p=0.0267  m6_ic=0.0887
[00:12:44]     Train: 6 signals
[00:12:44]     Val holdout (6 candidates)...
[00:12:45]     Val: 0/6 held
[00:12:45]   → train=6  val=0  max_ic=0.1510
[00:12:45] 
============================================================
[00:12:45] FINAL REPORT
[00:12:45] ============================================================
[00:12:47] Report: C:\project\signal_mind\analytics\phase_b\night_search\night_report_20260521_181814.md
[00:12:47] Hits CSV: C:\project\signal_mind\analytics\phase_b\night_search\night_hits_20260521_181814.csv
[00:12:47] 
  [4/8] r22_alt_keyword_z30  budget=25min  ic_gate=0.08  ens=M5_AND_M6
[00:12:47]   Config: r22_alt_keyword_z30
[00:12:47]     feature=keyword_z30  target=market_return  ensemble=M5_AND_M6  ic_min=0.08
[00:12:54]   HIT  USD_RUB            oil_z            lag= 28 m5_p=0.0116  m6_ic=0.0999
[00:13:00]   HIT  EUR_RUB            oil_z            lag= 28 m5_p=0.0116  m6_ic=0.0999
[00:14:06]   HIT  MOEXOG             oil_z            lag= 23 m5_p=0.0341  m6_ic=0.0843
[00:14:16]     Train: 3 signals
[00:14:16]     Val holdout (3 candidates)...
[00:14:17]     Val: 0/3 held
[00:14:17]   → train=3  val=0  max_ic=0.0999
[00:14:17] 
============================================================
[00:14:17] FINAL REPORT
[00:14:17] ============================================================
[00:14:18] Report: C:\project\signal_mind\analytics\phase_b\night_search\night_report_20260521_181814.md
[00:14:19] Hits CSV: C:\project\signal_mind\analytics\phase_b\night_search\night_hits_20260521_181814.csv
[00:14:19] 
  [5/8] r22_stable_USD_RU_oil_z  budget=31min  ic_gate=0.06  ens=M5_AND_M6
[00:14:19]   Config: r22_stable_USD_RU_oil_z
[00:14:19]     feature=keyword_z90  target=market_return  ensemble=M5_AND_M6  ic_min=0.06
[00:14:27]   HIT  USD_RUB            oil_z            lag= 28 m5_p=0.0221  m6_ic=0.0768
[00:14:34]   HIT  EUR_RUB            oil_z            lag= 28 m5_p=0.0221  m6_ic=0.0768
[00:14:41]   HIT  DJ_SOUTH_AFRICA    oil_z            lag= 21 m5_p=0.0026  m6_ic=0.0660
[00:14:47]   HIT  DJ_SOUTH_AFRICA    gold_z           lag= 28 m5_p=0.0225  m6_ic=0.0676
[00:14:48]   HIT  MSCI_WORLD         oil_z            lag= 21 m5_p=0.0462  m6_ic=0.0646
[00:15:08]   HIT  BRENT              gold_z           lag= 21 m5_p=0.0117  m6_ic=0.0684
[00:16:09]     Train: 6 signals
[00:16:09]     Val holdout (6 candidates)...
[00:16:10]     Val: 0/6 held
[00:16:10]   → train=6  val=0  max_ic=0.0768
[00:16:10] 
============================================================
[00:16:10] FINAL REPORT
[00:16:10] ============================================================
[00:16:12] Report: C:\project\signal_mind\analytics\phase_b\night_search\night_report_20260521_181814.md
[00:16:12] Hits CSV: C:\project\signal_mind\analytics\phase_b\night_search\night_hits_20260521_181814.csv
[00:16:12] 
  [6/8] r22_stable_EUR_RU_oil_z  budget=41min  ic_gate=0.06  ens=M5_AND_M6
[00:16:12]   Config: r22_stable_EUR_RU_oil_z
[00:16:12]     feature=keyword_z90  target=market_return  ensemble=M5_AND_M6  ic_min=0.06
[00:16:20]   HIT  USD_RUB            oil_z            lag= 28 m5_p=0.0221  m6_ic=0.0768
[00:16:27]   HIT  EUR_RUB            oil_z            lag= 28 m5_p=0.0221  m6_ic=0.0768
[00:16:34]   HIT  DJ_SOUTH_AFRICA    oil_z            lag= 21 m5_p=0.0026  m6_ic=0.0660
[00:16:40]   HIT  DJ_SOUTH_AFRICA    gold_z           lag= 28 m5_p=0.0225  m6_ic=0.0676
[00:16:41]   HIT  MSCI_WORLD         oil_z            lag= 21 m5_p=0.0462  m6_ic=0.0646
[00:17:02]   HIT  BRENT              gold_z           lag= 21 m5_p=0.0117  m6_ic=0.0684
[00:18:02]     Train: 6 signals
[00:18:02]     Val holdout (6 candidates)...
[00:18:04]     Val: 0/6 held
[00:18:04]   → train=6  val=0  max_ic=0.0768
[00:18:04] 
============================================================
[00:18:04] FINAL REPORT
[00:18:04] ============================================================
[00:18:05] Report: C:\project\signal_mind\analytics\phase_b\night_search\night_report_20260521_181814.md
[00:18:05] Hits CSV: C:\project\signal_mind\analytics\phase_b\night_search\night_hits_20260521_181814.csv
[00:18:05] 
  [7/8] r22_stable_GOLD_inflat  budget=60min  ic_gate=0.06  ens=M5_AND_M6
[00:18:05]   Config: r22_stable_GOLD_inflat
[00:18:05]     feature=keyword_z90  target=market_return  ensemble=M5_AND_M6  ic_min=0.06
[00:18:24]   HIT  MSCI_WORLD         sanctions_z      lag= 14 m5_p=0.0137  m6_ic=0.0993
[00:18:48]   HIT  GOLD               inflation_z      lag=  7 m5_p=0.0163  m6_ic=0.1378
[00:19:08]     Train: 2 signals
[00:19:08]     Val holdout (2 candidates)...
[00:19:08]     Val: 0/2 held
[00:19:08]   → train=2  val=0  max_ic=0.1378
[00:19:08] 
============================================================
[00:19:08] FINAL REPORT
[00:19:08] ============================================================
[00:19:10] Report: C:\project\signal_mind\analytics\phase_b\night_search\night_report_20260521_181814.md
[00:19:10] Hits CSV: C:\project\signal_mind\analytics\phase_b\night_search\night_hits_20260521_181814.csv
[00:19:10] 
  [8/8] r22_stable_BRENT_gold_z  budget=119min  ic_gate=0.06  ens=M5_AND_M6
[00:19:10]   Config: r22_stable_BRENT_gold_z
[00:19:10]     feature=keyword_z90  target=market_return  ensemble=M5_AND_M6  ic_min=0.06
[00:19:17]   HIT  USD_RUB            oil_z            lag= 28 m5_p=0.0221  m6_ic=0.0768
[00:19:24]   HIT  EUR_RUB            oil_z            lag= 28 m5_p=0.0221  m6_ic=0.0768
[00:19:30]   HIT  DJ_SOUTH_AFRICA    oil_z            lag= 21 m5_p=0.0026  m6_ic=0.0660
[00:19:36]   HIT  DJ_SOUTH_AFRICA    gold_z           lag= 28 m5_p=0.0225  m6_ic=0.0676
[00:19:36]   HIT  MSCI_WORLD         oil_z            lag= 21 m5_p=0.0462  m6_ic=0.0646
[00:19:39]   HIT  MSCI_WORLD         sanctions_z      lag= 14 m5_p=0.0137  m6_ic=0.0993
[00:19:55]   HIT  BRENT              gold_z           lag= 21 m5_p=0.0117  m6_ic=0.0684
[00:20:49]     Train: 7 signals
[00:20:49]     Val holdout (7 candidates)...
[00:20:50]     Val: 0/7 held
[00:20:50]   → train=7  val=0  max_ic=0.0993
[00:20:50] 
============================================================
[00:20:50] FINAL REPORT
[00:20:50] ============================================================
[00:20:52] Report: C:\project\signal_mind\analytics\phase_b\night_search\night_report_20260521_181814.md
[00:20:52] Hits CSV: C:\project\signal_mind\analytics\phase_b\night_search\night_hits_20260521_181814.csv
[00:20:52] 
────────────────────────────────────────
[00:20:52] Round 22 done: train=37  val=0  mean_ic=0.0882
[00:20:52] Cumulative: train=4622  val=2595  val_rate=56.1%  stable=1160
[00:20:52] 
============================================================
[00:20:52] ROUND 23  |  elapsed=6.04h  remaining=1.96h
[00:20:52] ============================================================
[00:20:52]   Knowledge after 22 rounds:
[00:20:52]     train_total=4622  val_total=2595  val_pass_rate=56.1%
[00:20:52]     stable_signals=1160  ic_trend=stable
[00:20:52]     top_instruments=['GOLD', 'MOEXOG', 'MSCI_INDIA']
[00:20:52]     top_topics=['oil_emb_z', 'inflation_z', 'banking_emb']
[00:20:52]     best_feat=keyword_z90  → next_ic_gate=0.080  ensemble=M5_AND_M6
[00:20:52] Configs this round: 8
[00:20:52] 
  [1/8] r23_primary_keyword_z90  budget=15min  ic_gate=0.08  ens=M5_AND_M6
[00:20:52]   Config: r23_primary_keyword_z90
[00:20:52]     feature=keyword_z90  target=market_return  ensemble=M5_AND_M6  ic_min=0.08
[00:23:41]   HIT  GOLD               inflation_z      lag=  7 m5_p=0.0163  m6_ic=0.1378
[00:24:59]     Train: 1 signals
[00:24:59]     Val holdout (1 candidates)...
[00:24:59]     Val: 0/1 held
[00:24:59]   → train=1  val=0  max_ic=0.1378
[00:24:59] 
============================================================
[00:24:59] FINAL REPORT
[00:24:59] ============================================================
[00:25:00] Report: C:\project\signal_mind\analytics\phase_b\night_search\night_report_20260521_181814.md
[00:25:00] Hits CSV: C:\project\signal_mind\analytics\phase_b\night_search\night_hits_20260521_181814.csv
[00:25:00] 
  [2/8] r23_alt_embedding_z90  budget=16min  ic_gate=0.08  ens=M5_AND_M6
[00:25:00]   Config: r23_alt_embedding_z90
[00:25:00]     feature=embedding_z90  target=market_return  ensemble=M5_AND_M6  ic_min=0.08
[00:25:30]   HIT  DXY                rate_emb_z       lag=  8 m5_p=0.0403  m6_ic=0.0857
[00:25:37]   HIT  BRENT              ruble_emb_z      lag=  8 m5_p=0.0321  m6_ic=0.1098
[00:25:41]   HIT  MSCI_INDIA         oil_emb_z        lag=  2 m5_p=0.0235  m6_ic=0.0955
[00:25:42]   HIT  MSCI_INDIA         rate_emb_z       lag=  8 m5_p=0.0230  m6_ic=0.0825
[00:25:47]   HIT  CHINA_H_SHARES     oil_emb_z        lag= 23 m5_p=0.0132  m6_ic=0.1293
[00:25:52]   HIT  FTSE_CHINA_50      oil_emb_z        lag= 23 m5_p=0.0115  m6_ic=0.1480
[00:26:30]     Train: 6 signals
[00:26:30]     Val holdout (6 candidates)...
[00:26:31]     Val: 0/6 held
[00:26:31]   → train=6  val=0  max_ic=0.1480
[00:26:31] 
============================================================
[00:26:31] FINAL REPORT
[00:26:31] ============================================================
[00:26:33] Report: C:\project\signal_mind\analytics\phase_b\night_search\night_report_20260521_181814.md
[00:26:33] Hits CSV: C:\project\signal_mind\analytics\phase_b\night_search\night_hits_20260521_181814.csv
[00:26:33] 
  [3/8] r23_alt_embedding_raw  budget=19min  ic_gate=0.08  ens=M5_AND_M6
[00:26:33]   Config: r23_alt_embedding_raw
[00:26:33]     feature=embedding_raw  target=market_return  ensemble=M5_AND_M6  ic_min=0.08
[00:27:25]   HIT  FTSE_CHINA_50      oil_emb          lag= 23 m5_p=0.0062  m6_ic=0.0804
[00:27:31]   HIT  GOLD               rate_emb         lag= 23 m5_p=0.0240  m6_ic=0.0939
[00:27:36]   HIT  SILVER             oil_emb          lag= 23 m5_p=0.0425  m6_ic=0.0922
[00:27:45]   HIT  IMOEX              banking_emb      lag=  2 m5_p=0.0241  m6_ic=0.0864
[00:27:56]   HIT  MOEXOG             banking_emb      lag=  2 m5_p=0.0222  m6_ic=0.1510
[00:28:02]   HIT  MOEX10             banking_emb      lag=  2 m5_p=0.0267  m6_ic=0.0887
[00:28:03]     Train: 6 signals
[00:28:03]     Val holdout (6 candidates)...
[00:28:04]     Val: 0/6 held
[00:28:04]   → train=6  val=0  max_ic=0.1510
[00:28:04] 
============================================================
[00:28:04] FINAL REPORT
[00:28:04] ============================================================
[00:28:06] Report: C:\project\signal_mind\analytics\phase_b\night_search\night_report_20260521_181814.md
[00:28:06] Hits CSV: C:\project\signal_mind\analytics\phase_b\night_search\night_hits_20260521_181814.csv
[00:28:06] 
  [4/8] r23_alt_keyword_z30  budget=22min  ic_gate=0.08  ens=M5_AND_M6
[00:28:06]   Config: r23_alt_keyword_z30
[00:28:06]     feature=keyword_z30  target=market_return  ensemble=M5_AND_M6  ic_min=0.08
[00:28:13]   HIT  USD_RUB            oil_z            lag= 28 m5_p=0.0116  m6_ic=0.0999
[00:28:19]   HIT  EUR_RUB            oil_z            lag= 28 m5_p=0.0116  m6_ic=0.0999
[00:29:26]   HIT  MOEXOG             oil_z            lag= 23 m5_p=0.0341  m6_ic=0.0843
[00:29:37]     Train: 3 signals
[00:29:37]     Val holdout (3 candidates)...
[00:29:38]     Val: 0/3 held
[00:29:38]   → train=3  val=0  max_ic=0.0999
[00:29:38] 
============================================================
[00:29:38] FINAL REPORT
[00:29:38] ============================================================
[00:29:39] Report: C:\project\signal_mind\analytics\phase_b\night_search\night_report_20260521_181814.md
[00:29:39] Hits CSV: C:\project\signal_mind\analytics\phase_b\night_search\night_hits_20260521_181814.csv
[00:29:39] 
  [5/8] r23_stable_USD_RU_oil_z  budget=27min  ic_gate=0.06  ens=M5_AND_M6
[00:29:39]   Config: r23_stable_USD_RU_oil_z
[00:29:39]     feature=keyword_z90  target=market_return  ensemble=M5_AND_M6  ic_min=0.06
[00:29:47]   HIT  USD_RUB            oil_z            lag= 28 m5_p=0.0221  m6_ic=0.0768
[00:29:55]   HIT  EUR_RUB            oil_z            lag= 28 m5_p=0.0221  m6_ic=0.0768
[00:30:02]   HIT  DJ_SOUTH_AFRICA    oil_z            lag= 21 m5_p=0.0026  m6_ic=0.0660
[00:30:08]   HIT  DJ_SOUTH_AFRICA    gold_z           lag= 28 m5_p=0.0225  m6_ic=0.0676
[00:30:09]   HIT  MSCI_WORLD         oil_z            lag= 21 m5_p=0.0462  m6_ic=0.0646
[00:30:29]   HIT  BRENT              gold_z           lag= 21 m5_p=0.0117  m6_ic=0.0684
[00:31:30]     Train: 6 signals
[00:31:30]     Val holdout (6 candidates)...
[00:31:32]     Val: 0/6 held
[00:31:32]   → train=6  val=0  max_ic=0.0768
[00:31:32] 
============================================================
[00:31:32] FINAL REPORT
[00:31:32] ============================================================
[00:31:33] Report: C:\project\signal_mind\analytics\phase_b\night_search\night_report_20260521_181814.md
[00:31:33] Hits CSV: C:\project\signal_mind\analytics\phase_b\night_search\night_hits_20260521_181814.csv
[00:31:33] 
  [6/8] r23_stable_EUR_RU_oil_z  budget=36min  ic_gate=0.06  ens=M5_AND_M6
[00:31:33]   Config: r23_stable_EUR_RU_oil_z
[00:31:33]     feature=keyword_z90  target=market_return  ensemble=M5_AND_M6  ic_min=0.06
[00:31:41]   HIT  USD_RUB            oil_z            lag= 28 m5_p=0.0221  m6_ic=0.0768
[00:31:48]   HIT  EUR_RUB            oil_z            lag= 28 m5_p=0.0221  m6_ic=0.0768
[00:31:55]   HIT  DJ_SOUTH_AFRICA    oil_z            lag= 21 m5_p=0.0026  m6_ic=0.0660
[00:32:02]   HIT  DJ_SOUTH_AFRICA    gold_z           lag= 28 m5_p=0.0225  m6_ic=0.0676
[00:32:02]   HIT  MSCI_WORLD         oil_z            lag= 21 m5_p=0.0462  m6_ic=0.0646
[00:32:23]   HIT  BRENT              gold_z           lag= 21 m5_p=0.0117  m6_ic=0.0684
[00:33:24]     Train: 6 signals
[00:33:24]     Val holdout (6 candidates)...
[00:33:25]     Val: 0/6 held
[00:33:25]   → train=6  val=0  max_ic=0.0768
[00:33:25] 
============================================================
[00:33:25] FINAL REPORT
[00:33:25] ============================================================
[00:33:27] Report: C:\project\signal_mind\analytics\phase_b\night_search\night_report_20260521_181814.md
[00:33:27] Hits CSV: C:\project\signal_mind\analytics\phase_b\night_search\night_hits_20260521_181814.csv
[00:33:27] 
  [7/8] r23_stable_GOLD_inflat  budget=52min  ic_gate=0.06  ens=M5_AND_M6
[00:33:27]   Config: r23_stable_GOLD_inflat
[00:33:27]     feature=keyword_z90  target=market_return  ensemble=M5_AND_M6  ic_min=0.06
[00:33:45]   HIT  MSCI_WORLD         sanctions_z      lag= 14 m5_p=0.0137  m6_ic=0.0993
[00:34:08]   HIT  GOLD               inflation_z      lag=  7 m5_p=0.0163  m6_ic=0.1378
[00:34:29]     Train: 2 signals
[00:34:29]     Val holdout (2 candidates)...
[00:34:30]     Val: 0/2 held
[00:34:30]   → train=2  val=0  max_ic=0.1378
[00:34:30] 
============================================================
[00:34:30] FINAL REPORT
[00:34:30] ============================================================
[00:34:31] Report: C:\project\signal_mind\analytics\phase_b\night_search\night_report_20260521_181814.md
[00:34:31] Hits CSV: C:\project\signal_mind\analytics\phase_b\night_search\night_hits_20260521_181814.csv
[00:34:31] 
  [8/8] r23_stable_BRENT_gold_z  budget=104min  ic_gate=0.06  ens=M5_AND_M6
[00:34:31]   Config: r23_stable_BRENT_gold_z
[00:34:31]     feature=keyword_z90  target=market_return  ensemble=M5_AND_M6  ic_min=0.06
[00:34:39]   HIT  USD_RUB            oil_z            lag= 28 m5_p=0.0221  m6_ic=0.0768
[00:34:45]   HIT  EUR_RUB            oil_z            lag= 28 m5_p=0.0221  m6_ic=0.0768
[00:34:51]   HIT  DJ_SOUTH_AFRICA    oil_z            lag= 21 m5_p=0.0026  m6_ic=0.0660
[00:34:57]   HIT  DJ_SOUTH_AFRICA    gold_z           lag= 28 m5_p=0.0225  m6_ic=0.0676
[00:34:57]   HIT  MSCI_WORLD         oil_z            lag= 21 m5_p=0.0462  m6_ic=0.0646
[00:35:00]   HIT  MSCI_WORLD         sanctions_z      lag= 14 m5_p=0.0137  m6_ic=0.0993
[00:35:15]   HIT  BRENT              gold_z           lag= 21 m5_p=0.0117  m6_ic=0.0684
[00:36:11]     Train: 7 signals
[00:36:11]     Val holdout (7 candidates)...
[00:36:12]     Val: 0/7 held
[00:36:12]   → train=7  val=0  max_ic=0.0993
[00:36:12] 
============================================================
[00:36:12] FINAL REPORT
[00:36:12] ============================================================
[00:36:14] Report: C:\project\signal_mind\analytics\phase_b\night_search\night_report_20260521_181814.md
[00:36:14] Hits CSV: C:\project\signal_mind\analytics\phase_b\night_search\night_hits_20260521_181814.csv
[00:36:14] 
────────────────────────────────────────
[00:36:14] Round 23 done: train=37  val=0  mean_ic=0.0882
[00:36:14] Cumulative: train=4659  val=2595  val_rate=55.7%  stable=1160
[00:36:14] 
============================================================
[00:36:14] ROUND 24  |  elapsed=6.30h  remaining=1.70h
[00:36:14] ============================================================
[00:36:14]   Knowledge after 23 rounds:
[00:36:14]     train_total=4659  val_total=2595  val_pass_rate=55.7%
[00:36:14]     stable_signals=1160  ic_trend=stable
[00:36:14]     top_instruments=['GOLD', 'MOEXOG', 'MSCI_INDIA']
[00:36:14]     top_topics=['oil_emb_z', 'inflation_z', 'banking_emb']
[00:36:14]     best_feat=keyword_z90  → next_ic_gate=0.080  ensemble=M5_AND_M6
[00:36:14] Configs this round: 10
[00:36:14] 
  [1/10] r24_primary_keyword_z90  budget=10min  ic_gate=0.08  ens=M5_AND_M6
[00:36:14]   Config: r24_primary_keyword_z90
[00:36:14]     feature=keyword_z90  target=market_return  ensemble=M5_AND_M6  ic_min=0.08
[00:39:01]   HIT  GOLD               inflation_z      lag=  7 m5_p=0.0163  m6_ic=0.1378
[00:40:19]     Train: 1 signals
[00:40:19]     Val holdout (1 candidates)...
[00:40:19]     Val: 0/1 held
[00:40:19]   → train=1  val=0  max_ic=0.1378
[00:40:19] 
============================================================
[00:40:19] FINAL REPORT
[00:40:19] ============================================================
[00:40:21] Report: C:\project\signal_mind\analytics\phase_b\night_search\night_report_20260521_181814.md
[00:40:21] Hits CSV: C:\project\signal_mind\analytics\phase_b\night_search\night_hits_20260521_181814.csv
[00:40:21] 
  [2/10] r24_alt_embedding_z90  budget=11min  ic_gate=0.08  ens=M5_AND_M6
[00:40:21]   Config: r24_alt_embedding_z90
[00:40:21]     feature=embedding_z90  target=market_return  ensemble=M5_AND_M6  ic_min=0.08
[00:40:51]   HIT  DXY                rate_emb_z       lag=  8 m5_p=0.0403  m6_ic=0.0857
[00:40:57]   HIT  BRENT              ruble_emb_z      lag=  8 m5_p=0.0321  m6_ic=0.1098
[00:41:01]   HIT  MSCI_INDIA         oil_emb_z        lag=  2 m5_p=0.0235  m6_ic=0.0955
[00:41:02]   HIT  MSCI_INDIA         rate_emb_z       lag=  8 m5_p=0.0230  m6_ic=0.0825
[00:41:07]   HIT  CHINA_H_SHARES     oil_emb_z        lag= 23 m5_p=0.0132  m6_ic=0.1293
[00:41:13]   HIT  FTSE_CHINA_50      oil_emb_z        lag= 23 m5_p=0.0115  m6_ic=0.1480
[00:41:50]     Train: 6 signals
[00:41:50]     Val holdout (6 candidates)...
[00:41:51]     Val: 0/6 held
[00:41:51]   → train=6  val=0  max_ic=0.1480
[00:41:51] 
============================================================
[00:41:51] FINAL REPORT
[00:41:51] ============================================================
[00:41:53] Report: C:\project\signal_mind\analytics\phase_b\night_search\night_report_20260521_181814.md
[00:41:53] Hits CSV: C:\project\signal_mind\analytics\phase_b\night_search\night_hits_20260521_181814.csv
[00:41:53] 
  [3/10] r24_alt_embedding_raw  budget=12min  ic_gate=0.08  ens=M5_AND_M6
[00:41:53]   Config: r24_alt_embedding_raw
[00:41:53]     feature=embedding_raw  target=market_return  ensemble=M5_AND_M6  ic_min=0.08
[00:42:45]   HIT  FTSE_CHINA_50      oil_emb          lag= 23 m5_p=0.0062  m6_ic=0.0804
[00:42:52]   HIT  GOLD               rate_emb         lag= 23 m5_p=0.0240  m6_ic=0.0939
[00:42:56]   HIT  SILVER             oil_emb          lag= 23 m5_p=0.0425  m6_ic=0.0922
[00:43:05]   HIT  IMOEX              banking_emb      lag=  2 m5_p=0.0241  m6_ic=0.0864
[00:43:16]   HIT  MOEXOG             banking_emb      lag=  2 m5_p=0.0222  m6_ic=0.1510
[00:43:22]   HIT  MOEX10             banking_emb      lag=  2 m5_p=0.0267  m6_ic=0.0887
[00:43:24]     Train: 6 signals
[00:43:24]     Val holdout (6 candidates)...
[00:43:25]     Val: 0/6 held
[00:43:25]   → train=6  val=0  max_ic=0.1510
[00:43:25] 
============================================================
[00:43:25] FINAL REPORT
[00:43:25] ============================================================
[00:43:26] Report: C:\project\signal_mind\analytics\phase_b\night_search\night_report_20260521_181814.md
[00:43:26] Hits CSV: C:\project\signal_mind\analytics\phase_b\night_search\night_hits_20260521_181814.csv
[00:43:26] 
  [4/10] r24_alt_keyword_z30  budget=14min  ic_gate=0.08  ens=M5_AND_M6
[00:43:26]   Config: r24_alt_keyword_z30
[00:43:26]     feature=keyword_z30  target=market_return  ensemble=M5_AND_M6  ic_min=0.08
[00:43:33]   HIT  USD_RUB            oil_z            lag= 28 m5_p=0.0116  m6_ic=0.0999
[00:43:39]   HIT  EUR_RUB            oil_z            lag= 28 m5_p=0.0116  m6_ic=0.0999
[00:44:45]   HIT  MOEXOG             oil_z            lag= 23 m5_p=0.0341  m6_ic=0.0843
[00:44:55]     Train: 3 signals
[00:44:55]     Val holdout (3 candidates)...
[00:44:56]     Val: 0/3 held
[00:44:56]   → train=3  val=0  max_ic=0.0999
[00:44:56] 
============================================================
[00:44:56] FINAL REPORT
[00:44:56] ============================================================
[00:44:58] Report: C:\project\signal_mind\analytics\phase_b\night_search\night_report_20260521_181814.md
[00:44:58] Hits CSV: C:\project\signal_mind\analytics\phase_b\night_search\night_hits_20260521_181814.csv
[00:44:58] 
  [5/10] r24_stable_USD_RU_oil_z  budget=16min  ic_gate=0.06  ens=M5_AND_M6
[00:44:58]   Config: r24_stable_USD_RU_oil_z
[00:44:58]     feature=keyword_z90  target=market_return  ensemble=M5_AND_M6  ic_min=0.06
[00:45:06]   HIT  USD_RUB            oil_z            lag= 28 m5_p=0.0221  m6_ic=0.0768
[00:45:13]   HIT  EUR_RUB            oil_z            lag= 28 m5_p=0.0221  m6_ic=0.0768
[00:45:20]   HIT  DJ_SOUTH_AFRICA    oil_z            lag= 21 m5_p=0.0026  m6_ic=0.0660
[00:45:27]   HIT  DJ_SOUTH_AFRICA    gold_z           lag= 28 m5_p=0.0225  m6_ic=0.0676
[00:45:28]   HIT  MSCI_WORLD         oil_z            lag= 21 m5_p=0.0462  m6_ic=0.0646
[00:45:48]   HIT  BRENT              gold_z           lag= 21 m5_p=0.0117  m6_ic=0.0684
[00:46:49]     Train: 6 signals
[00:46:49]     Val holdout (6 candidates)...
[00:46:50]     Val: 0/6 held
[00:46:50]   → train=6  val=0  max_ic=0.0768
[00:46:50] 
============================================================
[00:46:50] FINAL REPORT
[00:46:50] ============================================================
[00:46:52] Report: C:\project\signal_mind\analytics\phase_b\night_search\night_report_20260521_181814.md
[00:46:52] Hits CSV: C:\project\signal_mind\analytics\phase_b\night_search\night_hits_20260521_181814.csv
[00:46:52] 
  [6/10] r24_stable_EUR_RU_oil_z  budget=18min  ic_gate=0.06  ens=M5_AND_M6
[00:46:52]   Config: r24_stable_EUR_RU_oil_z
[00:46:52]     feature=keyword_z90  target=market_return  ensemble=M5_AND_M6  ic_min=0.06
[00:47:00]   HIT  USD_RUB            oil_z            lag= 28 m5_p=0.0221  m6_ic=0.0768
[00:47:07]   HIT  EUR_RUB            oil_z            lag= 28 m5_p=0.0221  m6_ic=0.0768
[00:47:14]   HIT  DJ_SOUTH_AFRICA    oil_z            lag= 21 m5_p=0.0026  m6_ic=0.0660
[00:47:21]   HIT  DJ_SOUTH_AFRICA    gold_z           lag= 28 m5_p=0.0225  m6_ic=0.0676
[00:47:22]   HIT  MSCI_WORLD         oil_z            lag= 21 m5_p=0.0462  m6_ic=0.0646
[00:47:42]   HIT  BRENT              gold_z           lag= 21 m5_p=0.0117  m6_ic=0.0684
[00:48:43]     Train: 6 signals
[00:48:43]     Val holdout (6 candidates)...
[00:48:45]     Val: 0/6 held
[00:48:45]   → train=6  val=0  max_ic=0.0768
[00:48:45] 
============================================================
[00:48:45] FINAL REPORT
[00:48:45] ============================================================
[00:48:46] Report: C:\project\signal_mind\analytics\phase_b\night_search\night_report_20260521_181814.md
[00:48:46] Hits CSV: C:\project\signal_mind\analytics\phase_b\night_search\night_hits_20260521_181814.csv
[00:48:46] 
  [7/10] r24_stable_GOLD_inflat  budget=22min  ic_gate=0.06  ens=M5_AND_M6
[00:48:46]   Config: r24_stable_GOLD_inflat
[00:48:46]     feature=keyword_z90  target=market_return  ensemble=M5_AND_M6  ic_min=0.06
[00:49:04]   HIT  MSCI_WORLD         sanctions_z      lag= 14 m5_p=0.0137  m6_ic=0.0993
[00:49:29]   HIT  GOLD               inflation_z      lag=  7 m5_p=0.0163  m6_ic=0.1378
[00:49:49]     Train: 2 signals
[00:49:49]     Val holdout (2 candidates)...
[00:49:50]     Val: 0/2 held
[00:49:50]   → train=2  val=0  max_ic=0.1378
[00:49:50] 
============================================================
[00:49:50] FINAL REPORT
[00:49:50] ============================================================
[00:49:51] Report: C:\project\signal_mind\analytics\phase_b\night_search\night_report_20260521_181814.md
[00:49:51] Hits CSV: C:\project\signal_mind\analytics\phase_b\night_search\night_hits_20260521_181814.csv
[00:49:51] 
  [8/10] r24_stable_BRENT_gold_z  budget=30min  ic_gate=0.06  ens=M5_AND_M6
[00:49:51]   Config: r24_stable_BRENT_gold_z
[00:49:51]     feature=keyword_z90  target=market_return  ensemble=M5_AND_M6  ic_min=0.06
[00:49:59]   HIT  USD_RUB            oil_z            lag= 28 m5_p=0.0221  m6_ic=0.0768
[00:50:05]   HIT  EUR_RUB            oil_z            lag= 28 m5_p=0.0221  m6_ic=0.0768
[00:50:11]   HIT  DJ_SOUTH_AFRICA    oil_z            lag= 21 m5_p=0.0026  m6_ic=0.0660
[00:50:17]   HIT  DJ_SOUTH_AFRICA    gold_z           lag= 28 m5_p=0.0225  m6_ic=0.0676
[00:50:17]   HIT  MSCI_WORLD         oil_z            lag= 21 m5_p=0.0462  m6_ic=0.0646
[00:50:20]   HIT  MSCI_WORLD         sanctions_z      lag= 14 m5_p=0.0137  m6_ic=0.0993
[00:50:36]   HIT  BRENT              gold_z           lag= 21 m5_p=0.0117  m6_ic=0.0684
[00:51:30]     Train: 7 signals
[00:51:30]     Val holdout (7 candidates)...
[00:51:32]     Val: 0/7 held
[00:51:32]   → train=7  val=0  max_ic=0.0993
[00:51:32] 
============================================================
[00:51:32] FINAL REPORT
[00:51:32] ============================================================
[00:51:33] Report: C:\project\signal_mind\analytics\phase_b\night_search\night_report_20260521_181814.md
[00:51:33] Hits CSV: C:\project\signal_mind\analytics\phase_b\night_search\night_hits_20260521_181814.csv
[00:51:33] 
  [9/10] r24_regime2022_keyword_z90  budget=43min  ic_gate=0.07  ens=M5_AND_M6
[00:51:33]   Loading regime 2022-01-01..2022-12-31
[00:51:34]   Regime loaded: 16 instruments
[00:51:34]   Config: r24_regime2022_keyword_z90
[00:51:34]     feature=keyword_z90  target=market_return  ensemble=M5_AND_M6  ic_min=0.07
[00:52:29]   HIT  MOEXFN             gold_z           lag=  8 m5_p=0.0263  m6_ic=0.1080
[00:52:34]     Train: 1 signals
[00:52:34]     Val holdout (1 candidates)...
[00:52:35]     Val: 0/1 held
[00:52:35]   → train=1  val=0  max_ic=0.1080
[00:52:35] 
============================================================
[00:52:35] FINAL REPORT
[00:52:35] ============================================================
[00:52:36] Report: C:\project\signal_mind\analytics\phase_b\night_search\night_report_20260521_181814.md
[00:52:36] Hits CSV: C:\project\signal_mind\analytics\phase_b\night_search\night_hits_20260521_181814.csv
[00:52:36] 
  [10/10] r24_regime2023_keyword_z90  budget=86min  ic_gate=0.07  ens=M5_AND_M6
[00:52:36]   Loading regime 2023-01-01..2023-09-30
[00:52:37]   Regime loaded: 16 instruments
[00:52:37]   Config: r24_regime2023_keyword_z90
[00:52:37]     feature=keyword_z90  target=market_return  ensemble=M5_AND_M6  ic_min=0.07
[00:52:45]     Train: 0 signals
[00:52:45]   → train=0  val=0  max_ic=0.0000
[00:52:45] 
============================================================
[00:52:45] FINAL REPORT
[00:52:45] ============================================================
[00:52:46] Report: C:\project\signal_mind\analytics\phase_b\night_search\night_report_20260521_181814.md
[00:52:47] Hits CSV: C:\project\signal_mind\analytics\phase_b\night_search\night_hits_20260521_181814.csv
[00:52:47] 
────────────────────────────────────────
[00:52:47] Round 24 done: train=38  val=0  mean_ic=0.0887
[00:52:47] Cumulative: train=4697  val=2595  val_rate=55.2%  stable=1160
[00:52:47] 
============================================================
[00:52:47] ROUND 25  |  elapsed=6.57h  remaining=1.43h
[00:52:47] ============================================================
[00:52:47]   Knowledge after 24 rounds:
[00:52:47]     train_total=4697  val_total=2595  val_pass_rate=55.2%
[00:52:47]     stable_signals=1160  ic_trend=stable
[00:52:47]     top_instruments=['GOLD', 'MOEXOG', 'MSCI_INDIA']
[00:52:47]     top_topics=['oil_emb_z', 'inflation_z', 'banking_emb']
[00:52:47]     best_feat=keyword_z90  → next_ic_gate=0.080  ensemble=M5_AND_M6
[00:52:47] Configs this round: 8
[00:52:47] 
  [1/8] r25_primary_keyword_z90  budget=11min  ic_gate=0.08  ens=M5_AND_M6
[00:52:47]   Config: r25_primary_keyword_z90
[00:52:47]     feature=keyword_z90  target=market_return  ensemble=M5_AND_M6  ic_min=0.08
[00:55:33]   HIT  GOLD               inflation_z      lag=  7 m5_p=0.0163  m6_ic=0.1378
[00:56:50]     Train: 1 signals
[00:56:50]     Val holdout (1 candidates)...
[00:56:50]     Val: 0/1 held
[00:56:50]   → train=1  val=0  max_ic=0.1378
[00:56:50] 
============================================================
[00:56:50] FINAL REPORT
[00:56:50] ============================================================
[00:56:52] Report: C:\project\signal_mind\analytics\phase_b\night_search\night_report_20260521_181814.md
[00:56:52] Hits CSV: C:\project\signal_mind\analytics\phase_b\night_search\night_hits_20260521_181814.csv
[00:56:52] 
  [2/8] r25_alt_embedding_z90  budget=12min  ic_gate=0.08  ens=M5_AND_M6
[00:56:52]   Config: r25_alt_embedding_z90
[00:56:52]     feature=embedding_z90  target=market_return  ensemble=M5_AND_M6  ic_min=0.08
[00:57:22]   HIT  DXY                rate_emb_z       lag=  8 m5_p=0.0403  m6_ic=0.0857
[00:57:29]   HIT  BRENT              ruble_emb_z      lag=  8 m5_p=0.0321  m6_ic=0.1098
[00:57:33]   HIT  MSCI_INDIA         oil_emb_z        lag=  2 m5_p=0.0235  m6_ic=0.0955
[00:57:34]   HIT  MSCI_INDIA         rate_emb_z       lag=  8 m5_p=0.0230  m6_ic=0.0825
[00:57:39]   HIT  CHINA_H_SHARES     oil_emb_z        lag= 23 m5_p=0.0132  m6_ic=0.1293
[00:57:45]   HIT  FTSE_CHINA_50      oil_emb_z        lag= 23 m5_p=0.0115  m6_ic=0.1480
[00:58:22]     Train: 6 signals
[00:58:22]     Val holdout (6 candidates)...
[00:58:24]     Val: 0/6 held
[00:58:24]   → train=6  val=0  max_ic=0.1480
[00:58:24] 
============================================================
[00:58:24] FINAL REPORT
[00:58:24] ============================================================
[00:58:25] Report: C:\project\signal_mind\analytics\phase_b\night_search\night_report_20260521_181814.md
[00:58:25] Hits CSV: C:\project\signal_mind\analytics\phase_b\night_search\night_hits_20260521_181814.csv
[00:58:25] 
  [3/8] r25_alt_embedding_raw  budget=13min  ic_gate=0.08  ens=M5_AND_M6
[00:58:25]   Config: r25_alt_embedding_raw
[00:58:25]     feature=embedding_raw  target=market_return  ensemble=M5_AND_M6  ic_min=0.08
[00:59:18]   HIT  FTSE_CHINA_50      oil_emb          lag= 23 m5_p=0.0062  m6_ic=0.0804
[00:59:24]   HIT  GOLD               rate_emb         lag= 23 m5_p=0.0240  m6_ic=0.0939
[00:59:28]   HIT  SILVER             oil_emb          lag= 23 m5_p=0.0425  m6_ic=0.0922
[00:59:37]   HIT  IMOEX              banking_emb      lag=  2 m5_p=0.0241  m6_ic=0.0864
[00:59:49]   HIT  MOEXOG             banking_emb      lag=  2 m5_p=0.0222  m6_ic=0.1510
[00:59:55]   HIT  MOEX10             banking_emb      lag=  2 m5_p=0.0267  m6_ic=0.0887
[00:59:56]     Train: 6 signals
[00:59:56]     Val holdout (6 candidates)...
[00:59:57]     Val: 0/6 held
[00:59:57]   → train=6  val=0  max_ic=0.1510
[00:59:57] 
============================================================
[00:59:57] FINAL REPORT
[00:59:57] ============================================================
[00:59:59] Report: C:\project\signal_mind\analytics\phase_b\night_search\night_report_20260521_181814.md
[00:59:59] Hits CSV: C:\project\signal_mind\analytics\phase_b\night_search\night_hits_20260521_181814.csv
[00:59:59] 
  [4/8] r25_alt_keyword_z30  budget=16min  ic_gate=0.08  ens=M5_AND_M6
[00:59:59]   Config: r25_alt_keyword_z30
[00:59:59]     feature=keyword_z30  target=market_return  ensemble=M5_AND_M6  ic_min=0.08
[01:00:06]   HIT  USD_RUB            oil_z            lag= 28 m5_p=0.0116  m6_ic=0.0999
[01:00:11]   HIT  EUR_RUB            oil_z            lag= 28 m5_p=0.0116  m6_ic=0.0999
[01:01:18]   HIT  MOEXOG             oil_z            lag= 23 m5_p=0.0341  m6_ic=0.0843
[01:01:29]     Train: 3 signals
[01:01:29]     Val holdout (3 candidates)...
[01:01:30]     Val: 0/3 held
[01:01:30]   → train=3  val=0  max_ic=0.0999
[01:01:30] 
============================================================
[01:01:30] FINAL REPORT
[01:01:30] ============================================================
[01:01:31] Report: C:\project\signal_mind\analytics\phase_b\night_search\night_report_20260521_181814.md
[01:01:31] Hits CSV: C:\project\signal_mind\analytics\phase_b\night_search\night_hits_20260521_181814.csv
[01:01:31] 
  [5/8] r25_stable_USD_RU_oil_z  budget=19min  ic_gate=0.06  ens=M5_AND_M6
[01:01:31]   Config: r25_stable_USD_RU_oil_z
[01:01:31]     feature=keyword_z90  target=market_return  ensemble=M5_AND_M6  ic_min=0.06
[01:01:39]   HIT  USD_RUB            oil_z            lag= 28 m5_p=0.0221  m6_ic=0.0768
[01:01:46]   HIT  EUR_RUB            oil_z            lag= 28 m5_p=0.0221  m6_ic=0.0768
[01:01:54]   HIT  DJ_SOUTH_AFRICA    oil_z            lag= 21 m5_p=0.0026  m6_ic=0.0660
[01:02:00]   HIT  DJ_SOUTH_AFRICA    gold_z           lag= 28 m5_p=0.0225  m6_ic=0.0676
[01:02:01]   HIT  MSCI_WORLD         oil_z            lag= 21 m5_p=0.0462  m6_ic=0.0646
[01:02:22]   HIT  BRENT              gold_z           lag= 21 m5_p=0.0117  m6_ic=0.0684
[01:03:22]     Train: 6 signals
[01:03:22]     Val holdout (6 candidates)...
[01:03:23]     Val: 0/6 held
[01:03:23]   → train=6  val=0  max_ic=0.0768
[01:03:23] 
============================================================
[01:03:23] FINAL REPORT
[01:03:23] ============================================================
[01:03:25] Report: C:\project\signal_mind\analytics\phase_b\night_search\night_report_20260521_181814.md
[01:03:25] Hits CSV: C:\project\signal_mind\analytics\phase_b\night_search\night_hits_20260521_181814.csv
[01:03:25] 
  [6/8] r25_stable_EUR_RU_oil_z  budget=25min  ic_gate=0.06  ens=M5_AND_M6
[01:03:25]   Config: r25_stable_EUR_RU_oil_z
[01:03:25]     feature=keyword_z90  target=market_return  ensemble=M5_AND_M6  ic_min=0.06
[01:03:33]   HIT  USD_RUB            oil_z            lag= 28 m5_p=0.0221  m6_ic=0.0768
[01:03:40]   HIT  EUR_RUB            oil_z            lag= 28 m5_p=0.0221  m6_ic=0.0768
[01:03:47]   HIT  DJ_SOUTH_AFRICA    oil_z            lag= 21 m5_p=0.0026  m6_ic=0.0660
[01:03:53]   HIT  DJ_SOUTH_AFRICA    gold_z           lag= 28 m5_p=0.0225  m6_ic=0.0676
[01:03:54]   HIT  MSCI_WORLD         oil_z            lag= 21 m5_p=0.0462  m6_ic=0.0646
[01:04:14]   HIT  BRENT              gold_z           lag= 21 m5_p=0.0117  m6_ic=0.0684
[01:05:15]     Train: 6 signals
[01:05:15]     Val holdout (6 candidates)...
[01:05:17]     Val: 0/6 held
[01:05:17]   → train=6  val=0  max_ic=0.0768
[01:05:17] 
============================================================
[01:05:17] FINAL REPORT
[01:05:17] ============================================================
[01:05:18] Report: C:\project\signal_mind\analytics\phase_b\night_search\night_report_20260521_181814.md
[01:05:18] Hits CSV: C:\project\signal_mind\analytics\phase_b\night_search\night_hits_20260521_181814.csv
[01:05:18] 
  [7/8] r25_stable_GOLD_inflat  budget=37min  ic_gate=0.06  ens=M5_AND_M6
[01:05:18]   Config: r25_stable_GOLD_inflat
[01:05:18]     feature=keyword_z90  target=market_return  ensemble=M5_AND_M6  ic_min=0.06
[01:05:37]   HIT  MSCI_WORLD         sanctions_z      lag= 14 m5_p=0.0137  m6_ic=0.0993
[01:06:01]   HIT  GOLD               inflation_z      lag=  7 m5_p=0.0163  m6_ic=0.1378
[01:06:21]     Train: 2 signals
[01:06:21]     Val holdout (2 candidates)...
[01:06:21]     Val: 0/2 held
[01:06:21]   → train=2  val=0  max_ic=0.1378
[01:06:21] 
============================================================
[01:06:21] FINAL REPORT
[01:06:21] ============================================================
[01:06:23] Report: C:\project\signal_mind\analytics\phase_b\night_search\night_report_20260521_181814.md
[01:06:23] Hits CSV: C:\project\signal_mind\analytics\phase_b\night_search\night_hits_20260521_181814.csv
[01:06:23] 
  [8/8] r25_stable_BRENT_gold_z  budget=72min  ic_gate=0.06  ens=M5_AND_M6
[01:06:23]   Config: r25_stable_BRENT_gold_z
[01:06:23]     feature=keyword_z90  target=market_return  ensemble=M5_AND_M6  ic_min=0.06
[01:06:30]   HIT  USD_RUB            oil_z            lag= 28 m5_p=0.0221  m6_ic=0.0768
[01:06:37]   HIT  EUR_RUB            oil_z            lag= 28 m5_p=0.0221  m6_ic=0.0768
[01:06:43]   HIT  DJ_SOUTH_AFRICA    oil_z            lag= 21 m5_p=0.0026  m6_ic=0.0660
[01:06:49]   HIT  DJ_SOUTH_AFRICA    gold_z           lag= 28 m5_p=0.0225  m6_ic=0.0676
[01:06:49]   HIT  MSCI_WORLD         oil_z            lag= 21 m5_p=0.0462  m6_ic=0.0646
[01:06:52]   HIT  MSCI_WORLD         sanctions_z      lag= 14 m5_p=0.0137  m6_ic=0.0993
[01:07:07]   HIT  BRENT              gold_z           lag= 21 m5_p=0.0117  m6_ic=0.0684
[01:08:02]     Train: 7 signals
[01:08:02]     Val holdout (7 candidates)...
[01:08:04]     Val: 0/7 held
[01:08:04]   → train=7  val=0  max_ic=0.0993
[01:08:04] 
============================================================
[01:08:04] FINAL REPORT
[01:08:04] ============================================================
[01:08:05] Report: C:\project\signal_mind\analytics\phase_b\night_search\night_report_20260521_181814.md
[01:08:05] Hits CSV: C:\project\signal_mind\analytics\phase_b\night_search\night_hits_20260521_181814.csv
[01:08:05] 
────────────────────────────────────────
[01:08:05] Round 25 done: train=37  val=0  mean_ic=0.0882
[01:08:05] Cumulative: train=4734  val=2595  val_rate=54.8%  stable=1160
[01:08:05] 
============================================================
[01:08:05] ROUND 26  |  elapsed=6.83h  remaining=1.17h
[01:08:05] ============================================================
[01:08:05]   Knowledge after 25 rounds:
[01:08:05]     train_total=4734  val_total=2595  val_pass_rate=54.8%
[01:08:05]     stable_signals=1160  ic_trend=stable
[01:08:05]     top_instruments=['GOLD', 'MOEXOG', 'MSCI_INDIA']
[01:08:05]     top_topics=['oil_emb_z', 'inflation_z', 'banking_emb']
[01:08:05]     best_feat=keyword_z90  → next_ic_gate=0.080  ensemble=M5_AND_M6
[01:08:05] Configs this round: 8
[01:08:05] 
  [1/8] r26_primary_keyword_z90  budget=9min  ic_gate=0.08  ens=M5_AND_M6
[01:08:05]   Config: r26_primary_keyword_z90
[01:08:05]     feature=keyword_z90  target=market_return  ensemble=M5_AND_M6  ic_min=0.08
[01:10:51]   HIT  GOLD               inflation_z      lag=  7 m5_p=0.0163  m6_ic=0.1378
[01:12:08]     Train: 1 signals
[01:12:08]     Val holdout (1 candidates)...
[01:12:08]     Val: 0/1 held
[01:12:08]   → train=1  val=0  max_ic=0.1378
[01:12:08] 
============================================================
[01:12:08] FINAL REPORT
[01:12:08] ============================================================
[01:12:10] Report: C:\project\signal_mind\analytics\phase_b\night_search\night_report_20260521_181814.md
[01:12:10] Hits CSV: C:\project\signal_mind\analytics\phase_b\night_search\night_hits_20260521_181814.csv
[01:12:10] 
  [2/8] r26_alt_embedding_z90  budget=9min  ic_gate=0.08  ens=M5_AND_M6
[01:12:10]   Config: r26_alt_embedding_z90
[01:12:10]     feature=embedding_z90  target=market_return  ensemble=M5_AND_M6  ic_min=0.08
[01:12:40]   HIT  DXY                rate_emb_z       lag=  8 m5_p=0.0403  m6_ic=0.0857
[01:12:47]   HIT  BRENT              ruble_emb_z      lag=  8 m5_p=0.0321  m6_ic=0.1098
[01:12:51]   HIT  MSCI_INDIA         oil_emb_z        lag=  2 m5_p=0.0235  m6_ic=0.0955
[01:12:52]   HIT  MSCI_INDIA         rate_emb_z       lag=  8 m5_p=0.0230  m6_ic=0.0825
[01:12:57]   HIT  CHINA_H_SHARES     oil_emb_z        lag= 23 m5_p=0.0132  m6_ic=0.1293
[01:13:02]   HIT  FTSE_CHINA_50      oil_emb_z        lag= 23 m5_p=0.0115  m6_ic=0.1480
[01:13:40]     Train: 6 signals
[01:13:40]     Val holdout (6 candidates)...
[01:13:41]     Val: 0/6 held
[01:13:41]   → train=6  val=0  max_ic=0.1480
[01:13:41] 
============================================================
[01:13:41] FINAL REPORT
[01:13:41] ============================================================
[01:13:43] Report: C:\project\signal_mind\analytics\phase_b\night_search\night_report_20260521_181814.md
[01:13:43] Hits CSV: C:\project\signal_mind\analytics\phase_b\night_search\night_hits_20260521_181814.csv
[01:13:43] 
  [3/8] r26_alt_embedding_raw  budget=11min  ic_gate=0.08  ens=M5_AND_M6
[01:13:43]   Config: r26_alt_embedding_raw
[01:13:43]     feature=embedding_raw  target=market_return  ensemble=M5_AND_M6  ic_min=0.08
[01:14:35]   HIT  FTSE_CHINA_50      oil_emb          lag= 23 m5_p=0.0062  m6_ic=0.0804
[01:14:41]   HIT  GOLD               rate_emb         lag= 23 m5_p=0.0240  m6_ic=0.0939
[01:14:46]   HIT  SILVER             oil_emb          lag= 23 m5_p=0.0425  m6_ic=0.0922
[01:14:55]   HIT  IMOEX              banking_emb      lag=  2 m5_p=0.0241  m6_ic=0.0864
[01:15:06]   HIT  MOEXOG             banking_emb      lag=  2 m5_p=0.0222  m6_ic=0.1510
[01:15:12]   HIT  MOEX10             banking_emb      lag=  2 m5_p=0.0267  m6_ic=0.0887
[01:15:14]     Train: 6 signals
[01:15:14]     Val holdout (6 candidates)...
[01:15:15]     Val: 0/6 held
[01:15:15]   → train=6  val=0  max_ic=0.1510
[01:15:15] 
============================================================
[01:15:15] FINAL REPORT
[01:15:15] ============================================================
[01:15:16] Report: C:\project\signal_mind\analytics\phase_b\night_search\night_report_20260521_181814.md
[01:15:17] Hits CSV: C:\project\signal_mind\analytics\phase_b\night_search\night_hits_20260521_181814.csv
[01:15:17] 
  [4/8] r26_alt_keyword_z30  budget=13min  ic_gate=0.08  ens=M5_AND_M6
[01:15:17]   Config: r26_alt_keyword_z30
[01:15:17]     feature=keyword_z30  target=market_return  ensemble=M5_AND_M6  ic_min=0.08
[01:15:23]   HIT  USD_RUB            oil_z            lag= 28 m5_p=0.0116  m6_ic=0.0999
[01:15:29]   HIT  EUR_RUB            oil_z            lag= 28 m5_p=0.0116  m6_ic=0.0999
[01:16:36]   HIT  MOEXOG             oil_z            lag= 23 m5_p=0.0341  m6_ic=0.0843
[01:16:47]     Train: 3 signals
[01:16:47]     Val holdout (3 candidates)...
[01:16:47]     Val: 0/3 held
[01:16:47]   → train=3  val=0  max_ic=0.0999
[01:16:47] 
============================================================
[01:16:47] FINAL REPORT
[01:16:47] ============================================================
[01:16:49] Report: C:\project\signal_mind\analytics\phase_b\night_search\night_report_20260521_181814.md
[01:16:49] Hits CSV: C:\project\signal_mind\analytics\phase_b\night_search\night_hits_20260521_181814.csv
[01:16:49] 
  [5/8] r26_stable_USD_RU_oil_z  budget=15min  ic_gate=0.06  ens=M5_AND_M6
[01:16:49]   Config: r26_stable_USD_RU_oil_z
[01:16:49]     feature=keyword_z90  target=market_return  ensemble=M5_AND_M6  ic_min=0.06
[01:16:57]   HIT  USD_RUB            oil_z            lag= 28 m5_p=0.0221  m6_ic=0.0768
[01:17:04]   HIT  EUR_RUB            oil_z            lag= 28 m5_p=0.0221  m6_ic=0.0768
[01:17:11]   HIT  DJ_SOUTH_AFRICA    oil_z            lag= 21 m5_p=0.0026  m6_ic=0.0660
[01:17:18]   HIT  DJ_SOUTH_AFRICA    gold_z           lag= 28 m5_p=0.0225  m6_ic=0.0676
[01:17:19]   HIT  MSCI_WORLD         oil_z            lag= 21 m5_p=0.0462  m6_ic=0.0646
[01:17:39]   HIT  BRENT              gold_z           lag= 21 m5_p=0.0117  m6_ic=0.0684
[01:18:40]     Train: 6 signals
[01:18:40]     Val holdout (6 candidates)...
[01:18:42]     Val: 0/6 held
[01:18:42]   → train=6  val=0  max_ic=0.0768
[01:18:42] 
============================================================
[01:18:42] FINAL REPORT
[01:18:42] ============================================================
[01:18:43] Report: C:\project\signal_mind\analytics\phase_b\night_search\night_report_20260521_181814.md
[01:18:44] Hits CSV: C:\project\signal_mind\analytics\phase_b\night_search\night_hits_20260521_181814.csv
[01:18:44] 
  [6/8] r26_stable_EUR_RU_oil_z  budget=20min  ic_gate=0.06  ens=M5_AND_M6
[01:18:44]   Config: r26_stable_EUR_RU_oil_z
[01:18:44]     feature=keyword_z90  target=market_return  ensemble=M5_AND_M6  ic_min=0.06
[01:18:52]   HIT  USD_RUB            oil_z            lag= 28 m5_p=0.0221  m6_ic=0.0768
[01:18:59]   HIT  EUR_RUB            oil_z            lag= 28 m5_p=0.0221  m6_ic=0.0768
[01:19:06]   HIT  DJ_SOUTH_AFRICA    oil_z            lag= 21 m5_p=0.0026  m6_ic=0.0660
[01:19:13]   HIT  DJ_SOUTH_AFRICA    gold_z           lag= 28 m5_p=0.0225  m6_ic=0.0676
[01:19:14]   HIT  MSCI_WORLD         oil_z            lag= 21 m5_p=0.0462  m6_ic=0.0646
[01:19:34]   HIT  BRENT              gold_z           lag= 21 m5_p=0.0117  m6_ic=0.0684
[01:20:35]     Train: 6 signals
[01:20:35]     Val holdout (6 candidates)...
[01:20:36]     Val: 0/6 held
[01:20:36]   → train=6  val=0  max_ic=0.0768
[01:20:36] 
============================================================
[01:20:36] FINAL REPORT
[01:20:36] ============================================================
[01:20:38] Report: C:\project\signal_mind\analytics\phase_b\night_search\night_report_20260521_181814.md
[01:20:38] Hits CSV: C:\project\signal_mind\analytics\phase_b\night_search\night_hits_20260521_181814.csv
[01:20:38] 
  [7/8] r26_stable_GOLD_inflat  budget=29min  ic_gate=0.06  ens=M5_AND_M6
[01:20:38]   Config: r26_stable_GOLD_inflat
[01:20:38]     feature=keyword_z90  target=market_return  ensemble=M5_AND_M6  ic_min=0.06
[01:20:56]   HIT  MSCI_WORLD         sanctions_z      lag= 14 m5_p=0.0137  m6_ic=0.0993
[01:21:20]   HIT  GOLD               inflation_z      lag=  7 m5_p=0.0163  m6_ic=0.1378
[01:21:40]     Train: 2 signals
[01:21:40]     Val holdout (2 candidates)...
[01:21:41]     Val: 0/2 held
[01:21:41]   → train=2  val=0  max_ic=0.1378
[01:21:41] 
============================================================
[01:21:41] FINAL REPORT
[01:21:41] ============================================================
[01:21:42] Report: C:\project\signal_mind\analytics\phase_b\night_search\night_report_20260521_181814.md
[01:21:43] Hits CSV: C:\project\signal_mind\analytics\phase_b\night_search\night_hits_20260521_181814.csv
[01:21:43] 
  [8/8] r26_stable_BRENT_gold_z  budget=57min  ic_gate=0.06  ens=M5_AND_M6
[01:21:43]   Config: r26_stable_BRENT_gold_z
[01:21:43]     feature=keyword_z90  target=market_return  ensemble=M5_AND_M6  ic_min=0.06
[01:21:50]   HIT  USD_RUB            oil_z            lag= 28 m5_p=0.0221  m6_ic=0.0768
[01:21:56]   HIT  EUR_RUB            oil_z            lag= 28 m5_p=0.0221  m6_ic=0.0768
[01:22:02]   HIT  DJ_SOUTH_AFRICA    oil_z            lag= 21 m5_p=0.0026  m6_ic=0.0660
[01:22:08]   HIT  DJ_SOUTH_AFRICA    gold_z           lag= 28 m5_p=0.0225  m6_ic=0.0676
[01:22:09]   HIT  MSCI_WORLD         oil_z            lag= 21 m5_p=0.0462  m6_ic=0.0646
[01:22:11]   HIT  MSCI_WORLD         sanctions_z      lag= 14 m5_p=0.0137  m6_ic=0.0993
[01:22:27]   HIT  BRENT              gold_z           lag= 21 m5_p=0.0117  m6_ic=0.0684
[01:23:22]     Train: 7 signals
[01:23:22]     Val holdout (7 candidates)...
[01:23:23]     Val: 0/7 held
[01:23:23]   → train=7  val=0  max_ic=0.0993
[01:23:23] 
============================================================
[01:23:23] FINAL REPORT
[01:23:23] ============================================================
[01:23:25] Report: C:\project\signal_mind\analytics\phase_b\night_search\night_report_20260521_181814.md
[01:23:25] Hits CSV: C:\project\signal_mind\analytics\phase_b\night_search\night_hits_20260521_181814.csv
[01:23:25] 
────────────────────────────────────────
[01:23:25] Round 26 done: train=37  val=0  mean_ic=0.0882
[01:23:25] Cumulative: train=4771  val=2595  val_rate=54.4%  stable=1160
[01:23:25] 
============================================================
[01:23:25] ROUND 27  |  elapsed=7.08h  remaining=0.92h
[01:23:25] ============================================================
[01:23:25]   Knowledge after 26 rounds:
[01:23:25]     train_total=4771  val_total=2595  val_pass_rate=54.4%
[01:23:25]     stable_signals=1160  ic_trend=stable
[01:23:25]     top_instruments=['GOLD', 'MOEXOG', 'MSCI_INDIA']
[01:23:25]     top_topics=['oil_emb_z', 'inflation_z', 'banking_emb']
[01:23:25]     best_feat=keyword_z90  → next_ic_gate=0.080  ensemble=M5_AND_M6
[01:23:25] Configs this round: 10
[01:23:25] 
  [1/10] r27_primary_keyword_z90  budget=5min  ic_gate=0.08  ens=M5_AND_M6
[01:23:25]   Config: r27_primary_keyword_z90
[01:23:25]     feature=keyword_z90  target=market_return  ensemble=M5_AND_M6  ic_min=0.08
[01:26:11]   HIT  GOLD               inflation_z      lag=  7 m5_p=0.0163  m6_ic=0.1378
[01:27:16]   Budget exhausted at 953/1008
[01:27:16]     Train: 1 signals
[01:27:16]     Val holdout (1 candidates)...
[01:27:16]     Val: 0/1 held
[01:27:16]   → train=1  val=0  max_ic=0.1378
[01:27:16] 
============================================================
[01:27:16] FINAL REPORT
[01:27:16] ============================================================
[01:27:18] Report: C:\project\signal_mind\analytics\phase_b\night_search\night_report_20260521_181814.md
[01:27:18] Hits CSV: C:\project\signal_mind\analytics\phase_b\night_search\night_hits_20260521_181814.csv
[01:27:18] 
  [2/10] r27_alt_embedding_z90  budget=6min  ic_gate=0.08  ens=M5_AND_M6
[01:27:18]   Config: r27_alt_embedding_z90
[01:27:18]     feature=embedding_z90  target=market_return  ensemble=M5_AND_M6  ic_min=0.08
[01:27:48]   HIT  DXY                rate_emb_z       lag=  8 m5_p=0.0403  m6_ic=0.0857
[01:27:54]   HIT  BRENT              ruble_emb_z      lag=  8 m5_p=0.0321  m6_ic=0.1098
[01:27:58]   HIT  MSCI_INDIA         oil_emb_z        lag=  2 m5_p=0.0235  m6_ic=0.0955
[01:27:59]   HIT  MSCI_INDIA         rate_emb_z       lag=  8 m5_p=0.0230  m6_ic=0.0825
[01:28:04]   HIT  CHINA_H_SHARES     oil_emb_z        lag= 23 m5_p=0.0132  m6_ic=0.1293
[01:28:09]   HIT  FTSE_CHINA_50      oil_emb_z        lag= 23 m5_p=0.0115  m6_ic=0.1480
[01:28:48]     Train: 6 signals
[01:28:48]     Val holdout (6 candidates)...
[01:28:49]     Val: 0/6 held
[01:28:49]   → train=6  val=0  max_ic=0.1480
[01:28:49] 
============================================================
[01:28:49] FINAL REPORT
[01:28:49] ============================================================
[01:28:51] Report: C:\project\signal_mind\analytics\phase_b\night_search\night_report_20260521_181814.md
[01:28:51] Hits CSV: C:\project\signal_mind\analytics\phase_b\night_search\night_hits_20260521_181814.csv
[01:28:51] 
  [3/10] r27_alt_embedding_raw  budget=6min  ic_gate=0.08  ens=M5_AND_M6
[01:28:51]   Config: r27_alt_embedding_raw
[01:28:51]     feature=embedding_raw  target=market_return  ensemble=M5_AND_M6  ic_min=0.08
[01:29:44]   HIT  FTSE_CHINA_50      oil_emb          lag= 23 m5_p=0.0062  m6_ic=0.0804
[01:29:50]   HIT  GOLD               rate_emb         lag= 23 m5_p=0.0240  m6_ic=0.0939
[01:29:55]   HIT  SILVER             oil_emb          lag= 23 m5_p=0.0425  m6_ic=0.0922
[01:30:04]   HIT  IMOEX              banking_emb      lag=  2 m5_p=0.0241  m6_ic=0.0864
[01:30:15]   HIT  MOEXOG             banking_emb      lag=  2 m5_p=0.0222  m6_ic=0.1510
[01:30:21]   HIT  MOEX10             banking_emb      lag=  2 m5_p=0.0267  m6_ic=0.0887
[01:30:23]     Train: 6 signals
[01:30:23]     Val holdout (6 candidates)...
[01:30:24]     Val: 0/6 held
[01:30:24]   → train=6  val=0  max_ic=0.1510
[01:30:24] 
============================================================
[01:30:24] FINAL REPORT
[01:30:24] ============================================================
[01:30:25] Report: C:\project\signal_mind\analytics\phase_b\night_search\night_report_20260521_181814.md
[01:30:25] Hits CSV: C:\project\signal_mind\analytics\phase_b\night_search\night_hits_20260521_181814.csv
[01:30:25] 
  [4/10] r27_alt_keyword_z30  budget=7min  ic_gate=0.08  ens=M5_AND_M6
[01:30:25]   Config: r27_alt_keyword_z30
[01:30:25]     feature=keyword_z30  target=market_return  ensemble=M5_AND_M6  ic_min=0.08
[01:30:32]   HIT  USD_RUB            oil_z            lag= 28 m5_p=0.0116  m6_ic=0.0999
[01:30:38]   HIT  EUR_RUB            oil_z            lag= 28 m5_p=0.0116  m6_ic=0.0999
[01:31:44]   HIT  MOEXOG             oil_z            lag= 23 m5_p=0.0341  m6_ic=0.0843
[01:31:55]     Train: 3 signals
[01:31:55]     Val holdout (3 candidates)...
[01:31:55]     Val: 0/3 held
[01:31:55]   → train=3  val=0  max_ic=0.0999
[01:31:55] 
============================================================
[01:31:55] FINAL REPORT
[01:31:55] ============================================================
[01:31:57] Report: C:\project\signal_mind\analytics\phase_b\night_search\night_report_20260521_181814.md
[01:31:57] Hits CSV: C:\project\signal_mind\analytics\phase_b\night_search\night_hits_20260521_181814.csv
[01:31:57] 
  [5/10] r27_stable_USD_RU_oil_z  budget=8min  ic_gate=0.06  ens=M5_AND_M6
[01:31:57]   Config: r27_stable_USD_RU_oil_z
[01:31:57]     feature=keyword_z90  target=market_return  ensemble=M5_AND_M6  ic_min=0.06
[01:32:05]   HIT  USD_RUB            oil_z            lag= 28 m5_p=0.0221  m6_ic=0.0768
[01:32:12]   HIT  EUR_RUB            oil_z            lag= 28 m5_p=0.0221  m6_ic=0.0768
[01:32:19]   HIT  DJ_SOUTH_AFRICA    oil_z            lag= 21 m5_p=0.0026  m6_ic=0.0660
[01:32:25]   HIT  DJ_SOUTH_AFRICA    gold_z           lag= 28 m5_p=0.0225  m6_ic=0.0676
[01:32:26]   HIT  MSCI_WORLD         oil_z            lag= 21 m5_p=0.0462  m6_ic=0.0646
[01:32:47]   HIT  BRENT              gold_z           lag= 21 m5_p=0.0117  m6_ic=0.0684
[01:33:48]     Train: 6 signals
[01:33:48]     Val holdout (6 candidates)...
[01:33:49]     Val: 0/6 held
[01:33:49]   → train=6  val=0  max_ic=0.0768
[01:33:49] 
============================================================
[01:33:49] FINAL REPORT
[01:33:49] ============================================================
[01:33:51] Report: C:\project\signal_mind\analytics\phase_b\night_search\night_report_20260521_181814.md
[01:33:51] Hits CSV: C:\project\signal_mind\analytics\phase_b\night_search\night_hits_20260521_181814.csv
[01:33:51] 
  [6/10] r27_stable_EUR_RU_oil_z  budget=9min  ic_gate=0.06  ens=M5_AND_M6
[01:33:51]   Config: r27_stable_EUR_RU_oil_z
[01:33:51]     feature=keyword_z90  target=market_return  ensemble=M5_AND_M6  ic_min=0.06
[01:33:59]   HIT  USD_RUB            oil_z            lag= 28 m5_p=0.0221  m6_ic=0.0768
[01:34:06]   HIT  EUR_RUB            oil_z            lag= 28 m5_p=0.0221  m6_ic=0.0768
[01:34:13]   HIT  DJ_SOUTH_AFRICA    oil_z            lag= 21 m5_p=0.0026  m6_ic=0.0660
[01:34:19]   HIT  DJ_SOUTH_AFRICA    gold_z           lag= 28 m5_p=0.0225  m6_ic=0.0676
[01:34:20]   HIT  MSCI_WORLD         oil_z            lag= 21 m5_p=0.0462  m6_ic=0.0646
[01:34:41]   HIT  BRENT              gold_z           lag= 21 m5_p=0.0117  m6_ic=0.0684
[01:35:42]     Train: 6 signals
[01:35:42]     Val holdout (6 candidates)...
[01:35:43]     Val: 0/6 held
[01:35:43]   → train=6  val=0  max_ic=0.0768
[01:35:43] 
============================================================
[01:35:43] FINAL REPORT
[01:35:43] ============================================================
[01:35:44] Report: C:\project\signal_mind\analytics\phase_b\night_search\night_report_20260521_181814.md
[01:35:45] Hits CSV: C:\project\signal_mind\analytics\phase_b\night_search\night_hits_20260521_181814.csv
[01:35:45] 
  [7/10] r27_stable_GOLD_inflat  budget=11min  ic_gate=0.06  ens=M5_AND_M6
[01:35:45]   Config: r27_stable_GOLD_inflat
[01:35:45]     feature=keyword_z90  target=market_return  ensemble=M5_AND_M6  ic_min=0.06
[01:36:03]   HIT  MSCI_WORLD         sanctions_z      lag= 14 m5_p=0.0137  m6_ic=0.0993
[01:36:26]   HIT  GOLD               inflation_z      lag=  7 m5_p=0.0163  m6_ic=0.1378
[01:36:47]     Train: 2 signals
[01:36:47]     Val holdout (2 candidates)...
[01:36:47]     Val: 0/2 held
[01:36:47]   → train=2  val=0  max_ic=0.1378
[01:36:47] 
============================================================
[01:36:47] FINAL REPORT
[01:36:47] ============================================================
[01:36:49] Report: C:\project\signal_mind\analytics\phase_b\night_search\night_report_20260521_181814.md
[01:36:49] Hits CSV: C:\project\signal_mind\analytics\phase_b\night_search\night_hits_20260521_181814.csv
[01:36:49] 
  [8/10] r27_stable_BRENT_gold_z  budget=14min  ic_gate=0.06  ens=M5_AND_M6
[01:36:49]   Config: r27_stable_BRENT_gold_z
[01:36:49]     feature=keyword_z90  target=market_return  ensemble=M5_AND_M6  ic_min=0.06
[01:36:56]   HIT  USD_RUB            oil_z            lag= 28 m5_p=0.0221  m6_ic=0.0768
[01:37:03]   HIT  EUR_RUB            oil_z            lag= 28 m5_p=0.0221  m6_ic=0.0768
[01:37:09]   HIT  DJ_SOUTH_AFRICA    oil_z            lag= 21 m5_p=0.0026  m6_ic=0.0660
[01:37:14]   HIT  DJ_SOUTH_AFRICA    gold_z           lag= 28 m5_p=0.0225  m6_ic=0.0676
[01:37:15]   HIT  MSCI_WORLD         oil_z            lag= 21 m5_p=0.0462  m6_ic=0.0646
[01:37:17]   HIT  MSCI_WORLD         sanctions_z      lag= 14 m5_p=0.0137  m6_ic=0.0993
[01:37:33]   HIT  BRENT              gold_z           lag= 21 m5_p=0.0117  m6_ic=0.0684
[01:38:28]     Train: 7 signals
[01:38:28]     Val holdout (7 candidates)...
[01:38:30]     Val: 0/7 held
[01:38:30]   → train=7  val=0  max_ic=0.0993
[01:38:30] 
============================================================
[01:38:30] FINAL REPORT
[01:38:30] ============================================================
[01:38:31] Report: C:\project\signal_mind\analytics\phase_b\night_search\night_report_20260521_181814.md
[01:38:31] Hits CSV: C:\project\signal_mind\analytics\phase_b\night_search\night_hits_20260521_181814.csv
[01:38:31] 
  [9/10] r27_regime2022_keyword_z90  budget=20min  ic_gate=0.07  ens=M5_AND_M6
[01:38:31]   Loading regime 2022-01-01..2022-12-31
[01:38:32]   Regime loaded: 16 instruments
[01:38:32]   Config: r27_regime2022_keyword_z90
[01:38:32]     feature=keyword_z90  target=market_return  ensemble=M5_AND_M6  ic_min=0.07
[01:39:26]   HIT  MOEXFN             gold_z           lag=  8 m5_p=0.0263  m6_ic=0.1080
[01:39:31]     Train: 1 signals
[01:39:31]     Val holdout (1 candidates)...
[01:39:31]     Val: 0/1 held
[01:39:31]   → train=1  val=0  max_ic=0.1080
[01:39:31] 
============================================================
[01:39:31] FINAL REPORT
[01:39:31] ============================================================
[01:39:33] Report: C:\project\signal_mind\analytics\phase_b\night_search\night_report_20260521_181814.md
[01:39:33] Hits CSV: C:\project\signal_mind\analytics\phase_b\night_search\night_hits_20260521_181814.csv
[01:39:33] 
  [10/10] r27_regime2023_keyword_z90  budget=39min  ic_gate=0.07  ens=M5_AND_M6
[01:39:33]   Loading regime 2023-01-01..2023-09-30
[01:39:34]   Regime loaded: 16 instruments
[01:39:34]   Config: r27_regime2023_keyword_z90
[01:39:34]     feature=keyword_z90  target=market_return  ensemble=M5_AND_M6  ic_min=0.07
[01:39:41]     Train: 0 signals
[01:39:41]   → train=0  val=0  max_ic=0.0000
[01:39:41] 
============================================================
[01:39:41] FINAL REPORT
[01:39:41] ============================================================
[01:39:43] Report: C:\project\signal_mind\analytics\phase_b\night_search\night_report_20260521_181814.md
[01:39:43] Hits CSV: C:\project\signal_mind\analytics\phase_b\night_search\night_hits_20260521_181814.csv
[01:39:43] 
────────────────────────────────────────
[01:39:43] Round 27 done: train=38  val=0  mean_ic=0.0887
[01:39:43] Cumulative: train=4809  val=2595  val_rate=54.0%  stable=1160
[01:39:43] 
============================================================
[01:39:43] ROUND 28  |  elapsed=7.36h  remaining=0.64h
[01:39:43] ============================================================
[01:39:43]   Knowledge after 27 rounds:
[01:39:43]     train_total=4809  val_total=2595  val_pass_rate=54.0%
[01:39:43]     stable_signals=1160  ic_trend=stable
[01:39:43]     top_instruments=['GOLD', 'MOEXOG', 'MSCI_INDIA']
[01:39:43]     top_topics=['oil_emb_z', 'inflation_z', 'banking_emb']
[01:39:43]     best_feat=keyword_z90  → next_ic_gate=0.080  ensemble=M5_AND_M6
[01:39:43] Configs this round: 8
[01:39:43] 
  [1/8] r28_primary_keyword_z90  budget=5min  ic_gate=0.08  ens=M5_AND_M6
[01:39:43]   Config: r28_primary_keyword_z90
[01:39:43]     feature=keyword_z90  target=market_return  ensemble=M5_AND_M6  ic_min=0.08
[01:42:29]   HIT  GOLD               inflation_z      lag=  7 m5_p=0.0163  m6_ic=0.1378
[01:43:13]   Budget exhausted at 862/1008
[01:43:13]     Train: 1 signals
[01:43:13]     Val holdout (1 candidates)...
[01:43:13]     Val: 0/1 held
[01:43:13]   → train=1  val=0  max_ic=0.1378
[01:43:13] 
============================================================
[01:43:13] FINAL REPORT
[01:43:13] ============================================================
[01:43:15] Report: C:\project\signal_mind\analytics\phase_b\night_search\night_report_20260521_181814.md
[01:43:15] Hits CSV: C:\project\signal_mind\analytics\phase_b\night_search\night_hits_20260521_181814.csv
[01:43:15] 
  [2/8] r28_alt_embedding_z90  budget=5min  ic_gate=0.08  ens=M5_AND_M6
[01:43:15]   Config: r28_alt_embedding_z90
[01:43:15]     feature=embedding_z90  target=market_return  ensemble=M5_AND_M6  ic_min=0.08
[01:43:45]   HIT  DXY                rate_emb_z       lag=  8 m5_p=0.0403  m6_ic=0.0857
[01:43:52]   HIT  BRENT              ruble_emb_z      lag=  8 m5_p=0.0321  m6_ic=0.1098
[01:43:55]   HIT  MSCI_INDIA         oil_emb_z        lag=  2 m5_p=0.0235  m6_ic=0.0955
[01:43:56]   HIT  MSCI_INDIA         rate_emb_z       lag=  8 m5_p=0.0230  m6_ic=0.0825
[01:44:02]   HIT  CHINA_H_SHARES     oil_emb_z        lag= 23 m5_p=0.0132  m6_ic=0.1293
[01:44:07]   HIT  FTSE_CHINA_50      oil_emb_z        lag= 23 m5_p=0.0115  m6_ic=0.1480
[01:44:44]     Train: 6 signals
[01:44:44]     Val holdout (6 candidates)...
[01:44:46]     Val: 0/6 held
[01:44:46]   → train=6  val=0  max_ic=0.1480
[01:44:46] 
============================================================
[01:44:46] FINAL REPORT
[01:44:46] ============================================================
[01:44:47] Report: C:\project\signal_mind\analytics\phase_b\night_search\night_report_20260521_181814.md
[01:44:47] Hits CSV: C:\project\signal_mind\analytics\phase_b\night_search\night_hits_20260521_181814.csv
[01:44:47] 
  [3/8] r28_alt_embedding_raw  budget=6min  ic_gate=0.08  ens=M5_AND_M6
[01:44:47]   Config: r28_alt_embedding_raw
[01:44:47]     feature=embedding_raw  target=market_return  ensemble=M5_AND_M6  ic_min=0.08
[01:45:40]   HIT  FTSE_CHINA_50      oil_emb          lag= 23 m5_p=0.0062  m6_ic=0.0804
[01:45:46]   HIT  GOLD               rate_emb         lag= 23 m5_p=0.0240  m6_ic=0.0939
[01:45:51]   HIT  SILVER             oil_emb          lag= 23 m5_p=0.0425  m6_ic=0.0922
[01:46:00]   HIT  IMOEX              banking_emb      lag=  2 m5_p=0.0241  m6_ic=0.0864
[01:46:11]   HIT  MOEXOG             banking_emb      lag=  2 m5_p=0.0222  m6_ic=0.1510
[01:46:16]   HIT  MOEX10             banking_emb      lag=  2 m5_p=0.0267  m6_ic=0.0887
[01:46:18]     Train: 6 signals
[01:46:18]     Val holdout (6 candidates)...
[01:46:19]     Val: 0/6 held
[01:46:19]   → train=6  val=0  max_ic=0.1510
[01:46:19] 
============================================================
[01:46:19] FINAL REPORT
[01:46:19] ============================================================
[01:46:20] Report: C:\project\signal_mind\analytics\phase_b\night_search\night_report_20260521_181814.md
[01:46:21] Hits CSV: C:\project\signal_mind\analytics\phase_b\night_search\night_hits_20260521_181814.csv
[01:46:21] 
  [4/8] r28_alt_keyword_z30  budget=6min  ic_gate=0.08  ens=M5_AND_M6
[01:46:21]   Config: r28_alt_keyword_z30
[01:46:21]     feature=keyword_z30  target=market_return  ensemble=M5_AND_M6  ic_min=0.08
[01:46:28]   HIT  USD_RUB            oil_z            lag= 28 m5_p=0.0116  m6_ic=0.0999
[01:46:33]   HIT  EUR_RUB            oil_z            lag= 28 m5_p=0.0116  m6_ic=0.0999
[01:47:40]   HIT  MOEXOG             oil_z            lag= 23 m5_p=0.0341  m6_ic=0.0843
[01:47:50]     Train: 3 signals
[01:47:50]     Val holdout (3 candidates)...
[01:47:51]     Val: 0/3 held
[01:47:51]   → train=3  val=0  max_ic=0.0999
[01:47:51] 
============================================================
[01:47:51] FINAL REPORT
[01:47:51] ============================================================
[01:47:52] Report: C:\project\signal_mind\analytics\phase_b\night_search\night_report_20260521_181814.md
[01:47:53] Hits CSV: C:\project\signal_mind\analytics\phase_b\night_search\night_hits_20260521_181814.csv
[01:47:53] 
  [5/8] r28_stable_USD_RU_oil_z  budget=8min  ic_gate=0.06  ens=M5_AND_M6
[01:47:53]   Config: r28_stable_USD_RU_oil_z
[01:47:53]     feature=keyword_z90  target=market_return  ensemble=M5_AND_M6  ic_min=0.06
[01:48:01]   HIT  USD_RUB            oil_z            lag= 28 m5_p=0.0221  m6_ic=0.0768
[01:48:08]   HIT  EUR_RUB            oil_z            lag= 28 m5_p=0.0221  m6_ic=0.0768
[01:48:15]   HIT  DJ_SOUTH_AFRICA    oil_z            lag= 21 m5_p=0.0026  m6_ic=0.0660
[01:48:21]   HIT  DJ_SOUTH_AFRICA    gold_z           lag= 28 m5_p=0.0225  m6_ic=0.0676
[01:48:22]   HIT  MSCI_WORLD         oil_z            lag= 21 m5_p=0.0462  m6_ic=0.0646
[01:48:43]   HIT  BRENT              gold_z           lag= 21 m5_p=0.0117  m6_ic=0.0684
[01:49:44]     Train: 6 signals
[01:49:44]     Val holdout (6 candidates)...
[01:49:45]     Val: 0/6 held
[01:49:45]   → train=6  val=0  max_ic=0.0768
[01:49:45] 
============================================================
[01:49:45] FINAL REPORT
[01:49:45] ============================================================
[01:49:47] Report: C:\project\signal_mind\analytics\phase_b\night_search\night_report_20260521_181814.md
[01:49:47] Hits CSV: C:\project\signal_mind\analytics\phase_b\night_search\night_hits_20260521_181814.csv
[01:49:47] 
  [6/8] r28_stable_EUR_RU_oil_z  budget=10min  ic_gate=0.06  ens=M5_AND_M6
[01:49:47]   Config: r28_stable_EUR_RU_oil_z
[01:49:47]     feature=keyword_z90  target=market_return  ensemble=M5_AND_M6  ic_min=0.06
[01:49:55]   HIT  USD_RUB            oil_z            lag= 28 m5_p=0.0221  m6_ic=0.0768
[01:50:02]   HIT  EUR_RUB            oil_z            lag= 28 m5_p=0.0221  m6_ic=0.0768
[01:50:09]   HIT  DJ_SOUTH_AFRICA    oil_z            lag= 21 m5_p=0.0026  m6_ic=0.0660
[01:50:15]   HIT  DJ_SOUTH_AFRICA    gold_z           lag= 28 m5_p=0.0225  m6_ic=0.0676
[01:50:16]   HIT  MSCI_WORLD         oil_z            lag= 21 m5_p=0.0462  m6_ic=0.0646
[01:50:37]   HIT  BRENT              gold_z           lag= 21 m5_p=0.0117  m6_ic=0.0684
[01:51:37]     Train: 6 signals
[01:51:37]     Val holdout (6 candidates)...
[01:51:39]     Val: 0/6 held
[01:51:39]   → train=6  val=0  max_ic=0.0768
[01:51:39] 
============================================================
[01:51:39] FINAL REPORT
[01:51:39] ============================================================
[01:51:41] Report: C:\project\signal_mind\analytics\phase_b\night_search\night_report_20260521_181814.md
[01:51:41] Hits CSV: C:\project\signal_mind\analytics\phase_b\night_search\night_hits_20260521_181814.csv
[01:51:41] 
  [7/8] r28_stable_GOLD_inflat  budget=13min  ic_gate=0.06  ens=M5_AND_M6
[01:51:41]   Config: r28_stable_GOLD_inflat
[01:51:41]     feature=keyword_z90  target=market_return  ensemble=M5_AND_M6  ic_min=0.06
[01:51:59]   HIT  MSCI_WORLD         sanctions_z      lag= 14 m5_p=0.0137  m6_ic=0.0993
[01:52:23]   HIT  GOLD               inflation_z      lag=  7 m5_p=0.0163  m6_ic=0.1378
[01:52:43]     Train: 2 signals
[01:52:43]     Val holdout (2 candidates)...
[01:52:44]     Val: 0/2 held
[01:52:44]   → train=2  val=0  max_ic=0.1378
[01:52:44] 
============================================================
[01:52:44] FINAL REPORT
[01:52:44] ============================================================
[01:52:45] Report: C:\project\signal_mind\analytics\phase_b\night_search\night_report_20260521_181814.md
[01:52:46] Hits CSV: C:\project\signal_mind\analytics\phase_b\night_search\night_hits_20260521_181814.csv
[01:52:46] 
  [8/8] r28_stable_BRENT_gold_z  budget=26min  ic_gate=0.06  ens=M5_AND_M6
[01:52:46]   Config: r28_stable_BRENT_gold_z
[01:52:46]     feature=keyword_z90  target=market_return  ensemble=M5_AND_M6  ic_min=0.06
[01:52:53]   HIT  USD_RUB            oil_z            lag= 28 m5_p=0.0221  m6_ic=0.0768
[01:52:59]   HIT  EUR_RUB            oil_z            lag= 28 m5_p=0.0221  m6_ic=0.0768
[01:53:06]   HIT  DJ_SOUTH_AFRICA    oil_z            lag= 21 m5_p=0.0026  m6_ic=0.0660
[01:53:11]   HIT  DJ_SOUTH_AFRICA    gold_z           lag= 28 m5_p=0.0225  m6_ic=0.0676
[01:53:12]   HIT  MSCI_WORLD         oil_z            lag= 21 m5_p=0.0462  m6_ic=0.0646
[01:53:15]   HIT  MSCI_WORLD         sanctions_z      lag= 14 m5_p=0.0137  m6_ic=0.0993
[01:53:30]   HIT  BRENT              gold_z           lag= 21 m5_p=0.0117  m6_ic=0.0684
[01:54:26]     Train: 7 signals
[01:54:26]     Val holdout (7 candidates)...
[01:54:27]     Val: 0/7 held
[01:54:27]   → train=7  val=0  max_ic=0.0993
[01:54:27] 
============================================================
[01:54:27] FINAL REPORT
[01:54:27] ============================================================
[01:54:29] Report: C:\project\signal_mind\analytics\phase_b\night_search\night_report_20260521_181814.md
[01:54:29] Hits CSV: C:\project\signal_mind\analytics\phase_b\night_search\night_hits_20260521_181814.csv
[01:54:29] 
────────────────────────────────────────
[01:54:29] Round 28 done: train=37  val=0  mean_ic=0.0882
[01:54:29] Cumulative: train=4846  val=2595  val_rate=53.5%  stable=1160
[01:54:29] 
============================================================
[01:54:29] ROUND 29  |  elapsed=7.60h  remaining=0.40h
[01:54:29] ============================================================
[01:54:29]   Knowledge after 28 rounds:
[01:54:29]     train_total=4846  val_total=2595  val_pass_rate=53.5%
[01:54:29]     stable_signals=1160  ic_trend=stable
[01:54:29]     top_instruments=['GOLD', 'MOEXOG', 'MSCI_INDIA']
[01:54:29]     top_topics=['oil_emb_z', 'inflation_z', 'banking_emb']
[01:54:29]     best_feat=keyword_z90  → next_ic_gate=0.080  ensemble=M5_AND_M6
[01:54:29] Configs this round: 8
[01:54:29] 
  [1/8] r29_primary_keyword_z90  budget=5min  ic_gate=0.08  ens=M5_AND_M6
[01:54:29]   Config: r29_primary_keyword_z90
[01:54:29]     feature=keyword_z90  target=market_return  ensemble=M5_AND_M6  ic_min=0.08
[01:57:15]   HIT  GOLD               inflation_z      lag=  7 m5_p=0.0163  m6_ic=0.1378
[01:57:59]   Budget exhausted at 863/1008
[01:57:59]     Train: 1 signals
[01:57:59]     Val holdout (1 candidates)...
[01:57:59]     Val: 0/1 held
[01:57:59]   → train=1  val=0  max_ic=0.1378
[01:57:59] 
============================================================
[01:57:59] FINAL REPORT
[01:57:59] ============================================================
[01:58:01] Report: C:\project\signal_mind\analytics\phase_b\night_search\night_report_20260521_181814.md
[01:58:01] Hits CSV: C:\project\signal_mind\analytics\phase_b\night_search\night_hits_20260521_181814.csv
[01:58:01] 
  [2/8] r29_alt_embedding_z90  budget=5min  ic_gate=0.08  ens=M5_AND_M6
[01:58:01]   Config: r29_alt_embedding_z90
[01:58:01]     feature=embedding_z90  target=market_return  ensemble=M5_AND_M6  ic_min=0.08
[01:58:31]   HIT  DXY                rate_emb_z       lag=  8 m5_p=0.0403  m6_ic=0.0857
[01:58:38]   HIT  BRENT              ruble_emb_z      lag=  8 m5_p=0.0321  m6_ic=0.1098
[01:58:41]   HIT  MSCI_INDIA         oil_emb_z        lag=  2 m5_p=0.0235  m6_ic=0.0955
[01:58:42]   HIT  MSCI_INDIA         rate_emb_z       lag=  8 m5_p=0.0230  m6_ic=0.0825
[01:58:48]   HIT  CHINA_H_SHARES     oil_emb_z        lag= 23 m5_p=0.0132  m6_ic=0.1293
[01:58:53]   HIT  FTSE_CHINA_50      oil_emb_z        lag= 23 m5_p=0.0115  m6_ic=0.1480
[01:59:31]     Train: 6 signals
[01:59:31]     Val holdout (6 candidates)...
[01:59:32]     Val: 0/6 held
[01:59:32]   → train=6  val=0  max_ic=0.1480
[01:59:32] 
============================================================
[01:59:32] FINAL REPORT
[01:59:32] ============================================================
[01:59:33] Report: C:\project\signal_mind\analytics\phase_b\night_search\night_report_20260521_181814.md
[01:59:34] Hits CSV: C:\project\signal_mind\analytics\phase_b\night_search\night_hits_20260521_181814.csv
[01:59:34] 
  [3/8] r29_alt_embedding_raw  budget=5min  ic_gate=0.08  ens=M5_AND_M6
[01:59:34]   Config: r29_alt_embedding_raw
[01:59:34]     feature=embedding_raw  target=market_return  ensemble=M5_AND_M6  ic_min=0.08
[02:00:26]   HIT  FTSE_CHINA_50      oil_emb          lag= 23 m5_p=0.0062  m6_ic=0.0804
[02:00:32]   HIT  GOLD               rate_emb         lag= 23 m5_p=0.0240  m6_ic=0.0939
[02:00:37]   HIT  SILVER             oil_emb          lag= 23 m5_p=0.0425  m6_ic=0.0922
[02:00:46]   HIT  IMOEX              banking_emb      lag=  2 m5_p=0.0241  m6_ic=0.0864
[02:00:57]   HIT  MOEXOG             banking_emb      lag=  2 m5_p=0.0222  m6_ic=0.1510
[02:01:03]   HIT  MOEX10             banking_emb      lag=  2 m5_p=0.0267  m6_ic=0.0887
[02:01:04]     Train: 6 signals
[02:01:04]     Val holdout (6 candidates)...
[02:01:05]     Val: 0/6 held
[02:01:05]   → train=6  val=0  max_ic=0.1510
[02:01:05] 
============================================================
[02:01:05] FINAL REPORT
[02:01:05] ============================================================
[02:01:07] Report: C:\project\signal_mind\analytics\phase_b\night_search\night_report_20260521_181814.md
[02:01:07] Hits CSV: C:\project\signal_mind\analytics\phase_b\night_search\night_hits_20260521_181814.csv
[02:01:07] 
  [4/8] r29_alt_keyword_z30  budget=5min  ic_gate=0.08  ens=M5_AND_M6
[02:01:07]   Config: r29_alt_keyword_z30
[02:01:07]     feature=keyword_z30  target=market_return  ensemble=M5_AND_M6  ic_min=0.08
[02:01:14]   HIT  USD_RUB            oil_z            lag= 28 m5_p=0.0116  m6_ic=0.0999
[02:01:20]   HIT  EUR_RUB            oil_z            lag= 28 m5_p=0.0116  m6_ic=0.0999
[02:02:27]   HIT  MOEXOG             oil_z            lag= 23 m5_p=0.0341  m6_ic=0.0843
[02:02:37]     Train: 3 signals
[02:02:37]     Val holdout (3 candidates)...
[02:02:38]     Val: 0/3 held
[02:02:38]   → train=3  val=0  max_ic=0.0999
[02:02:38] 
============================================================
[02:02:38] FINAL REPORT
[02:02:38] ============================================================
[02:02:40] Report: C:\project\signal_mind\analytics\phase_b\night_search\night_report_20260521_181814.md
[02:02:40] Hits CSV: C:\project\signal_mind\analytics\phase_b\night_search\night_hits_20260521_181814.csv
[02:02:40] 
  [5/8] r29_stable_USD_RU_oil_z  budget=5min  ic_gate=0.06  ens=M5_AND_M6
[02:02:40]   Config: r29_stable_USD_RU_oil_z
[02:02:40]     feature=keyword_z90  target=market_return  ensemble=M5_AND_M6  ic_min=0.06
[02:02:48]   HIT  USD_RUB            oil_z            lag= 28 m5_p=0.0221  m6_ic=0.0768
[02:02:55]   HIT  EUR_RUB            oil_z            lag= 28 m5_p=0.0221  m6_ic=0.0768
[02:03:02]   HIT  DJ_SOUTH_AFRICA    oil_z            lag= 21 m5_p=0.0026  m6_ic=0.0660
[02:03:08]   HIT  DJ_SOUTH_AFRICA    gold_z           lag= 28 m5_p=0.0225  m6_ic=0.0676
[02:03:09]   HIT  MSCI_WORLD         oil_z            lag= 21 m5_p=0.0462  m6_ic=0.0646
[02:03:30]   HIT  BRENT              gold_z           lag= 21 m5_p=0.0117  m6_ic=0.0684
[02:04:30]     Train: 6 signals
[02:04:30]     Val holdout (6 candidates)...
[02:04:32]     Val: 0/6 held
[02:04:32]   → train=6  val=0  max_ic=0.0768
[02:04:32] 
============================================================
[02:04:32] FINAL REPORT
[02:04:32] ============================================================
[02:04:33] Report: C:\project\signal_mind\analytics\phase_b\night_search\night_report_20260521_181814.md
[02:04:33] Hits CSV: C:\project\signal_mind\analytics\phase_b\night_search\night_hits_20260521_181814.csv
[02:04:33] 
  [6/8] r29_stable_EUR_RU_oil_z  budget=5min  ic_gate=0.06  ens=M5_AND_M6
[02:04:33]   Config: r29_stable_EUR_RU_oil_z
[02:04:33]     feature=keyword_z90  target=market_return  ensemble=M5_AND_M6  ic_min=0.06
[02:04:41]   HIT  USD_RUB            oil_z            lag= 28 m5_p=0.0221  m6_ic=0.0768
[02:04:48]   HIT  EUR_RUB            oil_z            lag= 28 m5_p=0.0221  m6_ic=0.0768
[02:04:55]   HIT  DJ_SOUTH_AFRICA    oil_z            lag= 21 m5_p=0.0026  m6_ic=0.0660
[02:05:02]   HIT  DJ_SOUTH_AFRICA    gold_z           lag= 28 m5_p=0.0225  m6_ic=0.0676
[02:05:02]   HIT  MSCI_WORLD         oil_z            lag= 21 m5_p=0.0462  m6_ic=0.0646
[02:05:23]   HIT  BRENT              gold_z           lag= 21 m5_p=0.0117  m6_ic=0.0684
[02:06:23]     Train: 6 signals
[02:06:23]     Val holdout (6 candidates)...
[02:06:25]     Val: 0/6 held
[02:06:25]   → train=6  val=0  max_ic=0.0768
[02:06:25] 
============================================================
[02:06:25] FINAL REPORT
[02:06:25] ============================================================
[02:06:26] Report: C:\project\signal_mind\analytics\phase_b\night_search\night_report_20260521_181814.md
[02:06:27] Hits CSV: C:\project\signal_mind\analytics\phase_b\night_search\night_hits_20260521_181814.csv
[02:06:27] 
  [7/8] r29_stable_GOLD_inflat  budget=6min  ic_gate=0.06  ens=M5_AND_M6
[02:06:27]   Config: r29_stable_GOLD_inflat
[02:06:27]     feature=keyword_z90  target=market_return  ensemble=M5_AND_M6  ic_min=0.06
[02:06:44]   HIT  MSCI_WORLD         sanctions_z      lag= 14 m5_p=0.0137  m6_ic=0.0993
[02:07:08]   HIT  GOLD               inflation_z      lag=  7 m5_p=0.0163  m6_ic=0.1378
[02:07:29]     Train: 2 signals
[02:07:29]     Val holdout (2 candidates)...
[02:07:30]     Val: 0/2 held
[02:07:30]   → train=2  val=0  max_ic=0.1378
[02:07:30] 
============================================================
[02:07:30] FINAL REPORT
[02:07:30] ============================================================
[02:07:31] Report: C:\project\signal_mind\analytics\phase_b\night_search\night_report_20260521_181814.md
[02:07:31] Hits CSV: C:\project\signal_mind\analytics\phase_b\night_search\night_hits_20260521_181814.csv
[02:07:31] 
  [8/8] r29_stable_BRENT_gold_z  budget=11min  ic_gate=0.06  ens=M5_AND_M6
[02:07:31]   Config: r29_stable_BRENT_gold_z
[02:07:31]     feature=keyword_z90  target=market_return  ensemble=M5_AND_M6  ic_min=0.06
[02:07:39]   HIT  USD_RUB            oil_z            lag= 28 m5_p=0.0221  m6_ic=0.0768
[02:07:45]   HIT  EUR_RUB            oil_z            lag= 28 m5_p=0.0221  m6_ic=0.0768
[02:07:51]   HIT  DJ_SOUTH_AFRICA    oil_z            lag= 21 m5_p=0.0026  m6_ic=0.0660
[02:07:57]   HIT  DJ_SOUTH_AFRICA    gold_z           lag= 28 m5_p=0.0225  m6_ic=0.0676
[02:07:57]   HIT  MSCI_WORLD         oil_z            lag= 21 m5_p=0.0462  m6_ic=0.0646
[02:08:00]   HIT  MSCI_WORLD         sanctions_z      lag= 14 m5_p=0.0137  m6_ic=0.0993
[02:08:16]   HIT  BRENT              gold_z           lag= 21 m5_p=0.0117  m6_ic=0.0684
[02:09:10]     Train: 7 signals
[02:09:10]     Val holdout (7 candidates)...
[02:09:12]     Val: 0/7 held
[02:09:12]   → train=7  val=0  max_ic=0.0993
[02:09:12] 
============================================================
[02:09:12] FINAL REPORT
[02:09:12] ============================================================
[02:09:13] Report: C:\project\signal_mind\analytics\phase_b\night_search\night_report_20260521_181814.md
[02:09:14] Hits CSV: C:\project\signal_mind\analytics\phase_b\night_search\night_hits_20260521_181814.csv
[02:09:14] 
────────────────────────────────────────
[02:09:14] Round 29 done: train=37  val=0  mean_ic=0.0882
[02:09:14] Cumulative: train=4883  val=2595  val_rate=53.1%  stable=1160
[02:09:14] 
============================================================
[02:09:14] ROUND 30  |  elapsed=7.85h  remaining=0.15h
[02:09:14] ============================================================
[02:09:14]   Knowledge after 29 rounds:
[02:09:14]     train_total=4883  val_total=2595  val_pass_rate=53.1%
[02:09:14]     stable_signals=1160  ic_trend=stable
[02:09:14]     top_instruments=['GOLD', 'MOEXOG', 'MSCI_INDIA']
[02:09:14]     top_topics=['oil_emb_z', 'inflation_z', 'banking_emb']
[02:09:14]     best_feat=keyword_z90  → next_ic_gate=0.080  ensemble=M5_AND_M6
[02:09:14] Configs this round: 10
[02:09:14] 
  [1/10] r30_primary_keyword_z90  budget=5min  ic_gate=0.08  ens=M5_AND_M6
[02:09:14]   Config: r30_primary_keyword_z90
[02:09:14]     feature=keyword_z90  target=market_return  ensemble=M5_AND_M6  ic_min=0.08
[02:12:00]   HIT  GOLD               inflation_z      lag=  7 m5_p=0.0163  m6_ic=0.1378
[02:12:44]   Budget exhausted at 859/1008
[02:12:44]     Train: 1 signals
[02:12:44]     Val holdout (1 candidates)...
[02:12:44]     Val: 0/1 held
[02:12:44]   → train=1  val=0  max_ic=0.1378
[02:12:44] 
============================================================
[02:12:44] FINAL REPORT
[02:12:44] ============================================================
[02:12:46] Report: C:\project\signal_mind\analytics\phase_b\night_search\night_report_20260521_181814.md
[02:12:46] Hits CSV: C:\project\signal_mind\analytics\phase_b\night_search\night_hits_20260521_181814.csv
[02:12:46] 
  [2/10] r30_alt_embedding_z90  budget=5min  ic_gate=0.08  ens=M5_AND_M6
[02:12:46]   Config: r30_alt_embedding_z90
[02:12:46]     feature=embedding_z90  target=market_return  ensemble=M5_AND_M6  ic_min=0.08
[02:13:16]   HIT  DXY                rate_emb_z       lag=  8 m5_p=0.0403  m6_ic=0.0857
[02:13:22]   HIT  BRENT              ruble_emb_z      lag=  8 m5_p=0.0321  m6_ic=0.1098
[02:13:26]   HIT  MSCI_INDIA         oil_emb_z        lag=  2 m5_p=0.0235  m6_ic=0.0955
[02:13:27]   HIT  MSCI_INDIA         rate_emb_z       lag=  8 m5_p=0.0230  m6_ic=0.0825
[02:13:32]   HIT  CHINA_H_SHARES     oil_emb_z        lag= 23 m5_p=0.0132  m6_ic=0.1293
[02:13:38]   HIT  FTSE_CHINA_50      oil_emb_z        lag= 23 m5_p=0.0115  m6_ic=0.1480
[02:14:15]     Train: 6 signals
[02:14:15]     Val holdout (6 candidates)...
[02:14:16]     Val: 0/6 held
[02:14:16]   → train=6  val=0  max_ic=0.1480
[02:14:16] 
============================================================
[02:14:16] FINAL REPORT
[02:14:16] ============================================================
[02:14:18] Report: C:\project\signal_mind\analytics\phase_b\night_search\night_report_20260521_181814.md
[02:14:18] Hits CSV: C:\project\signal_mind\analytics\phase_b\night_search\night_hits_20260521_181814.csv
[02:14:18] 
────────────────────────────────────────
[02:14:18] Round 30 done: train=7  val=0  mean_ic=0.1126
[02:14:18] Cumulative: train=4890  val=2595  val_rate=53.1%  stable=1160
[02:14:18] Time budget exhausted (7.93h).
[02:14:18] 
============================================================
[02:14:18] FINAL REPORT
[02:14:18] ============================================================
[02:14:20] Report: C:\project\signal_mind\analytics\phase_b\night_search\night_report_20260521_181814.md
[02:14:20] Hits CSV: C:\project\signal_mind\analytics\phase_b\night_search\night_hits_20260521_181814.csv
[02:14:20] 
Ouroboros complete: 30 rounds in 7.93h  total_train=4890  total_val=2595  stable_signals=1160
