[18:14:24] Night Search started — phases=[1, 2, 3]  budget=2.0h/phase
[18:14:24] Loading train data...
[18:14:25]   train: 16/16 instruments loaded
[18:14:25] Loading val data...
[18:14:26]   val: 16/16 instruments loaded
[18:14:26] Loading test data...
[18:14:26]   test: 16/16 instruments loaded
[18:14:26] ============================================================
[18:14:26] PHASE 1: Feature sweep (M6-only, fast)
[18:14:26] ============================================================
[18:14:26] Configs: 15
[18:14:26] 
[1/15] sweep_keyword_raw_market_return
[18:14:26]   Config: sweep_keyword_raw_market_return
[18:14:26]     feature=keyword_raw  target=market_return  ensemble=M6_only  ic_min=0.03
[18:14:28]   HIT  SP500              oil              lag=  1 m5_p=0.6627  m6_ic=0.0539
[18:14:28]   HIT  SP500              oil              lag=  7 m5_p=0.5171  m6_ic=0.0363
[18:14:29]   HIT  SP500              rate             lag= 14 m5_p=0.5287  m6_ic=0.0301
[18:14:30]   HIT  SP500              rate             lag= 30 m5_p=0.9348  m6_ic=0.0314
[18:14:30]   HIT  SP500              ruble            lag=  7 m5_p=0.9108  m6_ic=0.0474
[18:14:31]   HIT  SP500              ruble            lag= 30 m5_p=0.0762  m6_ic=0.0413
[18:14:32]   HIT  SP500              inflation        lag= 14 m5_p=0.5948  m6_ic=0.0655
[18:14:33]   HIT  SP500              banking          lag=  7 m5_p=0.3701  m6_ic=0.0536
[18:14:34]   HIT  SP500              gold             lag=  7 m5_p=0.8524  m6_ic=0.0942
[18:14:34]   HIT  USD_RUB            oil              lag=  1 m5_p=0.4151  m6_ic=0.0614
[18:14:35]   HIT  USD_RUB            oil              lag= 14 m5_p=0.6241  m6_ic=0.0417
[18:14:35]   HIT  USD_RUB            oil              lag= 30 m5_p=0.1626  m6_ic=0.0698
[18:14:35]   HIT  USD_RUB            rate             lag=  1 m5_p=0.7527  m6_ic=0.0950
[18:14:35]   HIT  USD_RUB            rate             lag=  7 m5_p=0.8101  m6_ic=0.0394
[18:14:35]   HIT  USD_RUB            rate             lag= 14 m5_p=0.7542  m6_ic=0.0378
[18:14:36]   HIT  USD_RUB            rate             lag= 30 m5_p=0.9971  m6_ic=0.0479
[18:14:36]   HIT  USD_RUB            ruble            lag=  1 m5_p=0.7646  m6_ic=0.0442
[18:14:36]   HIT  USD_RUB            ruble            lag=  7 m5_p=0.4884  m6_ic=0.0483
[18:14:36]   HIT  USD_RUB            ruble            lag= 14 m5_p=0.9676  m6_ic=0.1183
[18:14:37]   HIT  USD_RUB            sanctions        lag=  1 m5_p=0.0777  m6_ic=0.1348
[18:14:37]   HIT  USD_RUB            sanctions        lag=  7 m5_p=0.9775  m6_ic=0.0313
[18:14:37]   HIT  USD_RUB            sanctions        lag= 14 m5_p=0.1527  m6_ic=0.0743
[18:14:37]   HIT  USD_RUB            sanctions        lag= 30 m5_p=0.6349  m6_ic=0.0726
[18:14:37]   HIT  USD_RUB            inflation        lag=  1 m5_p=0.8798  m6_ic=0.0351
[18:14:37]   HIT  USD_RUB            inflation        lag=  7 m5_p=0.9352  m6_ic=0.0371
[18:14:38]   HIT  USD_RUB            inflation        lag= 14 m5_p=0.5422  m6_ic=0.0338
[18:14:38]   HIT  USD_RUB            banking          lag= 14 m5_p=0.8158  m6_ic=0.0645
[18:14:39]   HIT  USD_RUB            banking          lag= 30 m5_p=0.6790  m6_ic=0.0792
[18:14:39]   HIT  USD_RUB            gold             lag= 14 m5_p=0.9653  m6_ic=0.0307
[18:14:40]   HIT  EUR_RUB            oil              lag=  1 m5_p=0.4151  m6_ic=0.0614
[18:14:40]   HIT  EUR_RUB            oil              lag= 14 m5_p=0.6241  m6_ic=0.0417
[18:14:40]   HIT  EUR_RUB            oil              lag= 30 m5_p=0.1626  m6_ic=0.0698
[18:14:40]   HIT  EUR_RUB            rate             lag=  1 m5_p=0.7527  m6_ic=0.0950
[18:14:40]   HIT  EUR_RUB            rate             lag=  7 m5_p=0.8101  m6_ic=0.0394
[18:14:41]   HIT  EUR_RUB            rate             lag= 14 m5_p=0.7542  m6_ic=0.0378
[18:14:41]   HIT  EUR_RUB            rate             lag= 30 m5_p=0.9971  m6_ic=0.0479
[18:14:41]   HIT  EUR_RUB            ruble            lag=  1 m5_p=0.7646  m6_ic=0.0442
[18:14:41]   HIT  EUR_RUB            ruble            lag=  7 m5_p=0.4884  m6_ic=0.0483
[18:14:41]   HIT  EUR_RUB            ruble            lag= 14 m5_p=0.9676  m6_ic=0.1183
[18:14:42]   HIT  EUR_RUB            sanctions        lag=  1 m5_p=0.0777  m6_ic=0.1348
[18:14:42]   HIT  EUR_RUB            sanctions        lag=  7 m5_p=0.9775  m6_ic=0.0313
[18:14:42]   HIT  EUR_RUB            sanctions        lag= 14 m5_p=0.1527  m6_ic=0.0743
[18:14:42]   HIT  EUR_RUB            sanctions        lag= 30 m5_p=0.6349  m6_ic=0.0726
[18:14:43]   HIT  EUR_RUB            inflation        lag=  1 m5_p=0.8798  m6_ic=0.0351
[18:14:43]   HIT  EUR_RUB            inflation        lag=  7 m5_p=0.9352  m6_ic=0.0371
[18:14:43]   HIT  EUR_RUB            inflation        lag= 14 m5_p=0.5422  m6_ic=0.0338
[18:14:44]   HIT  EUR_RUB            banking          lag= 14 m5_p=0.8158  m6_ic=0.0645
[18:14:44]   HIT  EUR_RUB            banking          lag= 30 m5_p=0.6790  m6_ic=0.0792
[18:14:44]   HIT  EUR_RUB            gold             lag= 14 m5_p=0.9653  m6_ic=0.0307
[18:14:45]   HIT  DJ_SOUTH_AFRICA    oil              lag=  7 m5_p=0.4695  m6_ic=0.0444
[18:14:46]   HIT  DJ_SOUTH_AFRICA    rate             lag= 30 m5_p=0.5259  m6_ic=0.0386
[18:14:47]   HIT  DJ_SOUTH_AFRICA    ruble            lag= 14 m5_p=0.8469  m6_ic=0.0706
[18:14:47]   HIT  DJ_SOUTH_AFRICA    ruble            lag= 30 m5_p=0.4112  m6_ic=0.0331
[18:14:47]   HIT  DJ_SOUTH_AFRICA    sanctions        lag=  1 m5_p=0.7779  m6_ic=0.1255
[18:14:47]   HIT  DJ_SOUTH_AFRICA    sanctions        lag=  7 m5_p=0.4984  m6_ic=0.0476
[18:14:48]   HIT  DJ_SOUTH_AFRICA    sanctions        lag= 14 m5_p=0.0167  m6_ic=0.0383
[18:14:48]   HIT  DJ_SOUTH_AFRICA    sanctions        lag= 30 m5_p=0.1325  m6_ic=0.0511
[18:14:48]   HIT  DJ_SOUTH_AFRICA    inflation        lag=  1 m5_p=0.4426  m6_ic=0.0457
[18:14:48]   HIT  DJ_SOUTH_AFRICA    inflation        lag= 14 m5_p=0.8858  m6_ic=0.0498
[18:14:49]   HIT  DJ_SOUTH_AFRICA    inflation        lag= 30 m5_p=0.9178  m6_ic=0.0772
[18:14:49]   HIT  DJ_SOUTH_AFRICA    banking          lag=  1 m5_p=0.8775  m6_ic=0.0612
[18:14:49]   HIT  DJ_SOUTH_AFRICA    banking          lag=  7 m5_p=0.9187  m6_ic=0.1092
[18:14:49]   HIT  DJ_SOUTH_AFRICA    banking          lag= 14 m5_p=0.7734  m6_ic=0.0857
[18:14:49]   HIT  DJ_SOUTH_AFRICA    banking          lag= 30 m5_p=0.5459  m6_ic=0.0867
[18:14:49]   HIT  DJ_SOUTH_AFRICA    gold             lag=  1 m5_p=0.9638  m6_ic=0.0482
[18:14:50]   HIT  DJ_SOUTH_AFRICA    gold             lag=  7 m5_p=0.0160  m6_ic=0.0380
[18:14:50]   HIT  DJ_SOUTH_AFRICA    gold             lag= 14 m5_p=0.1792  m6_ic=0.0626
[18:14:50]   HIT  DJ_SOUTH_AFRICA    gold             lag= 30 m5_p=0.8632  m6_ic=0.0696
[18:14:51]   HIT  MSCI_WORLD         oil              lag= 14 m5_p=0.7583  m6_ic=0.0790
[18:14:51]   HIT  MSCI_WORLD         oil              lag= 30 m5_p=0.5465  m6_ic=0.0388
[18:14:51]   HIT  MSCI_WORLD         rate             lag=  1 m5_p=0.8296  m6_ic=0.0851
[18:14:51]   HIT  MSCI_WORLD         rate             lag=  7 m5_p=0.4579  m6_ic=0.0438
[18:14:51]   HIT  MSCI_WORLD         rate             lag= 14 m5_p=0.7534  m6_ic=0.0444
[18:14:52]   HIT  MSCI_WORLD         rate             lag= 30 m5_p=0.4239  m6_ic=0.1146
[18:14:52]   HIT  MSCI_WORLD         ruble            lag=  1 m5_p=0.8053  m6_ic=0.0430
[18:14:53]   HIT  MSCI_WORLD         sanctions        lag=  1 m5_p=0.9279  m6_ic=0.0375
[18:14:53]   HIT  MSCI_WORLD         sanctions        lag= 14 m5_p=0.0236  m6_ic=0.0584
[18:14:53]   HIT  MSCI_WORLD         sanctions        lag= 30 m5_p=0.1371  m6_ic=0.0381
[18:14:53]   HIT  MSCI_WORLD         inflation        lag=  1 m5_p=0.9293  m6_ic=0.0340
[18:14:54]   HIT  MSCI_WORLD         inflation        lag=  7 m5_p=0.8139  m6_ic=0.0516
[18:14:54]   HIT  MSCI_WORLD         banking          lag=  1 m5_p=0.6049  m6_ic=0.0353
[18:14:54]   HIT  MSCI_WORLD         banking          lag=  7 m5_p=0.2795  m6_ic=0.0432
[18:14:54]   HIT  MSCI_WORLD         banking          lag= 14 m5_p=0.5942  m6_ic=0.0327
[18:14:55]   HIT  MSCI_WORLD         banking          lag= 30 m5_p=0.7214  m6_ic=0.0710
[18:14:55]   HIT  MSCI_WORLD         gold             lag= 14 m5_p=0.9363  m6_ic=0.0811
[18:14:56]   HIT  DXY                oil              lag=  1 m5_p=0.9938  m6_ic=0.0545
[18:14:56]   HIT  DXY                oil              lag=  7 m5_p=0.4559  m6_ic=0.0401
[18:14:56]   HIT  DXY                oil              lag= 14 m5_p=0.9907  m6_ic=0.0408
[18:14:57]   HIT  DXY                rate             lag=  1 m5_p=0.6407  m6_ic=0.1002
[18:14:57]   HIT  DXY                rate             lag=  7 m5_p=0.8922  m6_ic=0.0507
[18:14:57]   HIT  DXY                rate             lag= 30 m5_p=0.6109  m6_ic=0.0358
[18:14:58]   HIT  DXY                ruble            lag= 30 m5_p=0.7125  m6_ic=0.0336
[18:14:58]   HIT  DXY                sanctions        lag=  7 m5_p=0.6776  m6_ic=0.0334
[18:14:58]   HIT  DXY                sanctions        lag= 14 m5_p=0.2611  m6_ic=0.0324
[18:15:00]   HIT  DXY                banking          lag=  7 m5_p=0.9637  m6_ic=0.0312
[18:15:00]   HIT  DXY                banking          lag= 14 m5_p=0.7537  m6_ic=0.0459
[18:15:00]   HIT  DXY                banking          lag= 30 m5_p=0.8030  m6_ic=0.0401
[18:15:01]   HIT  DXY                gold             lag=  7 m5_p=0.1827  m6_ic=0.0601
[18:15:01]   HIT  DXY                gold             lag= 14 m5_p=0.6443  m6_ic=0.0731
[18:15:01]   HIT  DXY                gold             lag= 30 m5_p=0.8404  m6_ic=0.0608
[18:15:01]   HIT  BRENT              oil              lag=  7 m5_p=0.9807  m6_ic=0.0504
[18:15:02]   HIT  BRENT              oil              lag= 14 m5_p=0.8691  m6_ic=0.0561
[18:15:02]   HIT  BRENT              oil              lag= 30 m5_p=0.8554  m6_ic=0.0732
[18:15:02]   HIT  BRENT              rate             lag=  7 m5_p=0.9612  m6_ic=0.0734
[18:15:02]   HIT  BRENT              rate             lag= 14 m5_p=0.9184  m6_ic=0.0727
[18:15:03]   HIT  BRENT              ruble            lag=  7 m5_p=0.1811  m6_ic=0.0722
[18:15:03]   HIT  BRENT              ruble            lag= 14 m5_p=0.6368  m6_ic=0.0536
[18:15:03]   HIT  BRENT              ruble            lag= 30 m5_p=0.4976  m6_ic=0.0478
[18:15:04]   HIT  BRENT              sanctions        lag=  1 m5_p=0.8883  m6_ic=0.0389
[18:15:04]   HIT  BRENT              sanctions        lag=  7 m5_p=0.0344  m6_ic=0.1222
[18:15:04]   HIT  BRENT              sanctions        lag= 14 m5_p=0.6047  m6_ic=0.0669
[18:15:04]   HIT  BRENT              sanctions        lag= 30 m5_p=0.7844  m6_ic=0.0517
[18:15:05]   HIT  BRENT              inflation        lag=  7 m5_p=0.6647  m6_ic=0.0522
[18:15:05]   HIT  BRENT              inflation        lag= 30 m5_p=0.7393  m6_ic=0.0407
[18:15:06]   HIT  BRENT              banking          lag= 30 m5_p=0.3849  m6_ic=0.0319
[18:15:06]   HIT  BRENT              gold             lag=  1 m5_p=0.4448  m6_ic=0.0355
[18:15:07]   HIT  BRENT              gold             lag= 30 m5_p=0.6646  m6_ic=0.0375
[18:15:07]   HIT  MSCI_INDIA         oil              lag=  1 m5_p=0.8762  m6_ic=0.0847
[18:15:07]   HIT  MSCI_INDIA         oil              lag=  7 m5_p=0.6587  m6_ic=0.0376
[18:15:07]   HIT  MSCI_INDIA         oil              lag= 14 m5_p=0.9138  m6_ic=0.0576
[18:15:08]   HIT  MSCI_INDIA         rate             lag=  7 m5_p=0.4848  m6_ic=0.0311
[18:15:08]   HIT  MSCI_INDIA         rate             lag= 30 m5_p=0.6603  m6_ic=0.0430
[18:15:09]   HIT  MSCI_INDIA         ruble            lag= 30 m5_p=0.6740  m6_ic=0.0458
[18:15:09]   HIT  MSCI_INDIA         sanctions        lag=  1 m5_p=0.8585  m6_ic=0.1201
[18:15:10]   HIT  MSCI_INDIA         sanctions        lag= 14 m5_p=0.0381  m6_ic=0.0760
[18:15:10]   HIT  MSCI_INDIA         inflation        lag=  1 m5_p=0.9173  m6_ic=0.1354
[18:15:11]   HIT  MSCI_INDIA         inflation        lag= 30 m5_p=0.7822  m6_ic=0.0536
[18:15:11]   HIT  MSCI_INDIA         banking          lag=  1 m5_p=0.5125  m6_ic=0.0806
[18:15:11]   HIT  MSCI_INDIA         banking          lag=  7 m5_p=0.5848  m6_ic=0.1100
[18:15:11]   HIT  MSCI_INDIA         banking          lag= 30 m5_p=0.5876  m6_ic=0.0520
[18:15:12]   HIT  MSCI_INDIA         gold             lag=  1 m5_p=0.9223  m6_ic=0.0316
[18:15:12]   HIT  MSCI_INDIA         gold             lag= 30 m5_p=0.8411  m6_ic=0.0849
[18:15:12]   HIT  CHINA_H_SHARES     oil              lag=  1 m5_p=0.4252  m6_ic=0.0343
[18:15:13]   HIT  CHINA_H_SHARES     oil              lag=  7 m5_p=0.2836  m6_ic=0.0621
[18:15:13]   HIT  CHINA_H_SHARES     oil              lag= 14 m5_p=0.7447  m6_ic=0.0546
[18:15:13]   HIT  CHINA_H_SHARES     rate             lag=  1 m5_p=0.4171  m6_ic=0.0592
[18:15:13]   HIT  CHINA_H_SHARES     rate             lag=  7 m5_p=0.8738  m6_ic=0.0416
[18:15:14]   HIT  CHINA_H_SHARES     rate             lag= 14 m5_p=0.2584  m6_ic=0.0415
[18:15:14]   HIT  CHINA_H_SHARES     ruble            lag=  1 m5_p=0.8376  m6_ic=0.0627
[18:15:14]   HIT  CHINA_H_SHARES     ruble            lag= 30 m5_p=0.5751  m6_ic=0.0612
[18:15:15]   HIT  CHINA_H_SHARES     sanctions        lag=  1 m5_p=0.1269  m6_ic=0.0444
[18:15:15]   HIT  CHINA_H_SHARES     sanctions        lag= 14 m5_p=0.0570  m6_ic=0.0427
[18:15:15]   HIT  CHINA_H_SHARES     sanctions        lag= 30 m5_p=0.7132  m6_ic=0.0422
[18:15:15]   HIT  CHINA_H_SHARES     inflation        lag=  1 m5_p=0.5014  m6_ic=0.0630
[18:15:16]   HIT  CHINA_H_SHARES     inflation        lag=  7 m5_p=0.5842  m6_ic=0.0326
[18:15:16]   HIT  CHINA_H_SHARES     banking          lag= 14 m5_p=0.1631  m6_ic=0.0425
[18:15:17]   HIT  CHINA_H_SHARES     banking          lag= 30 m5_p=0.4281  m6_ic=0.0334
[18:15:17]   HIT  CHINA_H_SHARES     gold             lag=  1 m5_p=0.7182  m6_ic=0.0669
[18:15:17]   HIT  CHINA_H_SHARES     gold             lag= 14 m5_p=0.9956  m6_ic=0.0525
[18:15:18]   HIT  FTSE_CHINA_50      oil              lag=  1 m5_p=0.4584  m6_ic=0.0529
[18:15:18]   HIT  FTSE_CHINA_50      oil              lag=  7 m5_p=0.2440  m6_ic=0.0695
[18:15:18]   HIT  FTSE_CHINA_50      oil              lag= 14 m5_p=0.7124  m6_ic=0.0473
[18:15:19]   HIT  FTSE_CHINA_50      rate             lag=  1 m5_p=0.5148  m6_ic=0.0649
[18:15:19]   HIT  FTSE_CHINA_50      rate             lag=  7 m5_p=0.9913  m6_ic=0.0363
[18:15:19]   HIT  FTSE_CHINA_50      rate             lag= 14 m5_p=0.2687  m6_ic=0.0479
[18:15:19]   HIT  FTSE_CHINA_50      ruble            lag=  1 m5_p=0.9901  m6_ic=0.0409
[18:15:20]   HIT  FTSE_CHINA_50      ruble            lag= 30 m5_p=0.3880  m6_ic=0.0817
[18:15:20]   HIT  FTSE_CHINA_50      sanctions        lag= 14 m5_p=0.0897  m6_ic=0.0445
[18:15:21]   HIT  FTSE_CHINA_50      sanctions        lag= 30 m5_p=0.4187  m6_ic=0.0440
[18:15:21]   HIT  FTSE_CHINA_50      inflation        lag=  1 m5_p=0.6470  m6_ic=0.0428
[18:15:21]   HIT  FTSE_CHINA_50      inflation        lag=  7 m5_p=0.3905  m6_ic=0.0340
[18:15:21]   HIT  FTSE_CHINA_50      inflation        lag= 30 m5_p=0.6986  m6_ic=0.0496
[18:15:22]   HIT  FTSE_CHINA_50      banking          lag=  1 m5_p=0.6430  m6_ic=0.0363
[18:15:22]   HIT  FTSE_CHINA_50      banking          lag= 14 m5_p=0.1179  m6_ic=0.0360
[18:15:22]   HIT  FTSE_CHINA_50      gold             lag=  1 m5_p=0.6650  m6_ic=0.0336
[18:15:23]   HIT  FTSE_CHINA_50      gold             lag=  7 m5_p=0.1741  m6_ic=0.0432
[18:15:23]   HIT  FTSE_CHINA_50      gold             lag= 14 m5_p=0.9787  m6_ic=0.0412
[18:15:23]   HIT  FTSE_CHINA_50      gold             lag= 30 m5_p=0.3984  m6_ic=0.0550
[18:15:23]   HIT  GOLD               oil              lag=  1 m5_p=0.9532  m6_ic=0.0326
[18:15:24]   HIT  GOLD               oil              lag= 30 m5_p=0.3688  m6_ic=0.0932
[18:15:25]   HIT  GOLD               ruble            lag=  1 m5_p=0.7153  m6_ic=0.0798
[18:15:25]   HIT  GOLD               ruble            lag=  7 m5_p=0.6456  m6_ic=0.1263
[18:15:25]   HIT  GOLD               ruble            lag= 14 m5_p=0.4860  m6_ic=0.0612
[18:15:25]   HIT  GOLD               ruble            lag= 30 m5_p=0.7346  m6_ic=0.0603
[18:15:25]   HIT  GOLD               sanctions        lag=  1 m5_p=0.9744  m6_ic=0.0562
[18:15:26]   HIT  GOLD               sanctions        lag=  7 m5_p=0.5785  m6_ic=0.0424
[18:15:26]   HIT  GOLD               sanctions        lag= 30 m5_p=0.0448  m6_ic=0.0603
[18:15:26]   HIT  GOLD               inflation        lag=  1 m5_p=0.0726  m6_ic=0.0479
[18:15:27]   HIT  GOLD               inflation        lag= 30 m5_p=0.3846  m6_ic=0.0750
[18:15:27]   HIT  GOLD               banking          lag=  1 m5_p=0.2110  m6_ic=0.0443
[18:15:27]   HIT  GOLD               banking          lag=  7 m5_p=0.6102  m6_ic=0.0774
[18:15:27]   HIT  GOLD               banking          lag= 14 m5_p=0.4794  m6_ic=0.0343
[18:15:28]   HIT  GOLD               gold             lag=  7 m5_p=0.7286  m6_ic=0.0902
[18:15:28]   HIT  GOLD               gold             lag= 14 m5_p=0.2403  m6_ic=0.0845
[18:15:28]   HIT  GOLD               gold             lag= 30 m5_p=0.7674  m6_ic=0.0310
[18:15:28]   HIT  SILVER             oil              lag=  1 m5_p=0.5583  m6_ic=0.0637
[18:15:29]   HIT  SILVER             oil              lag=  7 m5_p=0.7134  m6_ic=0.0428
[18:15:29]   HIT  SILVER             oil              lag= 30 m5_p=0.9348  m6_ic=0.0440
[18:15:29]   HIT  SILVER             rate             lag=  7 m5_p=0.5172  m6_ic=0.0744
[18:15:29]   HIT  SILVER             rate             lag= 14 m5_p=0.5417  m6_ic=0.0392
[18:15:30]   HIT  SILVER             rate             lag= 30 m5_p=0.2067  m6_ic=0.0430
[18:15:30]   HIT  SILVER             ruble            lag= 14 m5_p=0.7541  m6_ic=0.0504
[18:15:30]   HIT  SILVER             ruble            lag= 30 m5_p=0.5015  m6_ic=0.0913
[18:15:31]   HIT  SILVER             sanctions        lag=  7 m5_p=0.7734  m6_ic=0.0438
[18:15:31]   HIT  SILVER             sanctions        lag= 14 m5_p=0.2520  m6_ic=0.0362
[18:15:31]   HIT  SILVER             sanctions        lag= 30 m5_p=0.2898  m6_ic=0.0987
[18:15:31]   HIT  SILVER             inflation        lag=  1 m5_p=0.4563  m6_ic=0.1023
[18:15:32]   HIT  SILVER             inflation        lag= 14 m5_p=0.5560  m6_ic=0.0378
[18:15:32]   HIT  SILVER             banking          lag=  1 m5_p=0.8597  m6_ic=0.1069
[18:15:32]   HIT  SILVER             banking          lag=  7 m5_p=0.7958  m6_ic=0.1034
[18:15:32]   HIT  SILVER             banking          lag= 14 m5_p=0.7033  m6_ic=0.0433
[18:15:33]   HIT  SILVER             banking          lag= 30 m5_p=0.4961  m6_ic=0.0565
[18:15:33]   HIT  SILVER             gold             lag=  1 m5_p=0.5015  m6_ic=0.0709
[18:15:33]   HIT  SILVER             gold             lag= 14 m5_p=0.9397  m6_ic=0.0362
[18:15:34]   HIT  IMOEX              oil              lag=  7 m5_p=0.3656  m6_ic=0.0982
[18:15:34]   HIT  IMOEX              oil              lag= 14 m5_p=0.6076  m6_ic=0.0473
[18:15:34]   HIT  IMOEX              rate             lag=  1 m5_p=0.1954  m6_ic=0.0644
[18:15:35]   HIT  IMOEX              rate             lag= 14 m5_p=0.2500  m6_ic=0.0539
[18:15:35]   HIT  IMOEX              rate             lag= 30 m5_p=0.7067  m6_ic=0.1142
[18:15:35]   HIT  IMOEX              ruble            lag=  1 m5_p=0.6798  m6_ic=0.0638
[18:15:35]   HIT  IMOEX              ruble            lag=  7 m5_p=0.3416  m6_ic=0.0426
[18:15:36]   HIT  IMOEX              ruble            lag= 30 m5_p=0.8905  m6_ic=0.0697
[18:15:36]   HIT  IMOEX              sanctions        lag= 14 m5_p=0.9472  m6_ic=0.0559
[18:15:37]   HIT  IMOEX              inflation        lag=  1 m5_p=0.1679  m6_ic=0.0467
[18:15:37]   HIT  IMOEX              inflation        lag=  7 m5_p=0.5877  m6_ic=0.0634
[18:15:37]   HIT  IMOEX              inflation        lag= 30 m5_p=0.5803  m6_ic=0.1008
[18:15:37]   HIT  IMOEX              banking          lag=  1 m5_p=0.2253  m6_ic=0.1129
[18:15:38]   HIT  IMOEX              banking          lag= 30 m5_p=0.6247  m6_ic=0.0719
[18:15:38]   HIT  IMOEX              gold             lag=  1 m5_p=0.1881  m6_ic=0.0330
[18:15:38]   HIT  IMOEX              gold             lag=  7 m5_p=0.8441  m6_ic=0.0457
[18:15:39]   HIT  MOEXFN             oil              lag=  7 m5_p=0.3823  m6_ic=0.0555
[18:15:40]   HIT  MOEXFN             rate             lag=  1 m5_p=0.1128  m6_ic=0.0572
[18:15:40]   HIT  MOEXFN             rate             lag= 30 m5_p=0.9347  m6_ic=0.0956
[18:15:40]   HIT  MOEXFN             ruble            lag=  1 m5_p=0.3256  m6_ic=0.0750
[18:15:41]   HIT  MOEXFN             ruble            lag=  7 m5_p=0.6758  m6_ic=0.0360
[18:15:41]   HIT  MOEXFN             ruble            lag= 30 m5_p=0.6894  m6_ic=0.0504
[18:15:41]   HIT  MOEXFN             sanctions        lag=  7 m5_p=0.7753  m6_ic=0.0594
[18:15:42]   HIT  MOEXFN             sanctions        lag= 14 m5_p=0.9255  m6_ic=0.0561
[18:15:42]   HIT  MOEXFN             sanctions        lag= 30 m5_p=0.3461  m6_ic=0.0867
[18:15:42]   HIT  MOEXFN             inflation        lag=  1 m5_p=0.0918  m6_ic=0.0509
[18:15:43]   HIT  MOEXFN             banking          lag=  1 m5_p=0.1911  m6_ic=0.0902
[18:15:43]   HIT  MOEXFN             banking          lag=  7 m5_p=0.3546  m6_ic=0.0357
[18:15:44]   HIT  MOEXFN             banking          lag= 30 m5_p=0.2464  m6_ic=0.1143
[18:15:44]   HIT  MOEXFN             gold             lag=  7 m5_p=0.6910  m6_ic=0.0444
[18:15:45]   HIT  MOEXOG             oil              lag=  7 m5_p=0.4351  m6_ic=0.1201
[18:15:45]   HIT  MOEXOG             oil              lag= 14 m5_p=0.5055  m6_ic=0.0430
[18:15:45]   HIT  MOEXOG             oil              lag= 30 m5_p=0.6199  m6_ic=0.0678
[18:15:45]   HIT  MOEXOG             rate             lag=  1 m5_p=0.1240  m6_ic=0.0447
[18:15:46]   HIT  MOEXOG             rate             lag= 14 m5_p=0.2992  m6_ic=0.0307
[18:15:46]   HIT  MOEXOG             rate             lag= 30 m5_p=0.9974  m6_ic=0.1017
[18:15:46]   HIT  MOEXOG             ruble            lag=  1 m5_p=0.7496  m6_ic=0.0840
[18:15:46]   HIT  MOEXOG             ruble            lag=  7 m5_p=0.4303  m6_ic=0.0639
[18:15:47]   HIT  MOEXOG             ruble            lag= 30 m5_p=0.4104  m6_ic=0.1030
[18:15:47]   HIT  MOEXOG             sanctions        lag=  7 m5_p=0.1408  m6_ic=0.0445
[18:15:47]   HIT  MOEXOG             sanctions        lag= 14 m5_p=0.9303  m6_ic=0.0472
[18:15:47]   HIT  MOEXOG             sanctions        lag= 30 m5_p=0.9924  m6_ic=0.0328
[18:15:48]   HIT  MOEXOG             inflation        lag=  7 m5_p=0.4974  m6_ic=0.0594
[18:15:48]   HIT  MOEXOG             inflation        lag= 30 m5_p=0.1695  m6_ic=0.1147
[18:15:48]   HIT  MOEXOG             banking          lag=  1 m5_p=0.1295  m6_ic=0.1578
[18:15:49]   HIT  MOEXOG             banking          lag=  7 m5_p=0.2620  m6_ic=0.0737
[18:15:49]   HIT  MOEXOG             banking          lag= 14 m5_p=0.2146  m6_ic=0.0304
[18:15:49]   HIT  MOEXOG             banking          lag= 30 m5_p=0.1279  m6_ic=0.0343
[18:15:49]   HIT  MOEXOG             gold             lag=  1 m5_p=0.1103  m6_ic=0.0536
[18:15:50]   HIT  MOEXOG             gold             lag= 30 m5_p=0.7551  m6_ic=0.0595
[18:15:50]   HIT  MOEX10             oil              lag=  7 m5_p=0.3970  m6_ic=0.0669
[18:15:50]   HIT  MOEX10             oil              lag= 14 m5_p=0.8907  m6_ic=0.0437
[18:15:51]   HIT  MOEX10             oil              lag= 30 m5_p=0.4688  m6_ic=0.0402
[18:15:51]   HIT  MOEX10             rate             lag=  1 m5_p=0.1918  m6_ic=0.0642
[18:15:51]   HIT  MOEX10             rate             lag= 14 m5_p=0.3288  m6_ic=0.0401
[18:15:52]   HIT  MOEX10             rate             lag= 30 m5_p=0.4227  m6_ic=0.1644
[18:15:52]   HIT  MOEX10             ruble            lag=  1 m5_p=0.7842  m6_ic=0.0666
[18:15:52]   HIT  MOEX10             ruble            lag=  7 m5_p=0.5689  m6_ic=0.0365
[18:15:52]   HIT  MOEX10             ruble            lag= 14 m5_p=0.4969  m6_ic=0.0568
[18:15:53]   HIT  MOEX10             ruble            lag= 30 m5_p=0.5129  m6_ic=0.0473
[18:15:54]   HIT  MOEX10             sanctions        lag= 14 m5_p=0.8578  m6_ic=0.0368
[18:15:54]   HIT  MOEX10             inflation        lag=  1 m5_p=0.1634  m6_ic=0.0644
[18:15:54]   HIT  MOEX10             inflation        lag=  7 m5_p=0.6236  m6_ic=0.0318
[18:15:55]   HIT  MOEX10             banking          lag=  1 m5_p=0.2926  m6_ic=0.0754
[18:15:56]   HIT  MOEX10             banking          lag= 30 m5_p=0.2579  m6_ic=0.1062
[18:15:57]     Train: 269 signals
[18:15:57]     Val holdout (269 candidates)...
[18:15:57]     VAL PASS  SP500              oil              lag=  1  m6_ic=0.0550
[18:15:57]     VAL PASS  SP500              oil              lag=  7  m6_ic=0.0566
[18:15:57]     VAL PASS  SP500              rate             lag= 30  m6_ic=0.0611
[18:15:57]     VAL PASS  SP500              ruble            lag=  7  m6_ic=0.0657
[18:15:58]     VAL PASS  SP500              inflation        lag= 14  m6_ic=0.1072
[18:15:58]     VAL PASS  SP500              banking          lag=  7  m6_ic=0.0827
[18:15:58]     VAL PASS  SP500              gold             lag=  7  m6_ic=0.0408
[18:15:58]     VAL PASS  USD_RUB            oil              lag=  1  m6_ic=0.1082
[18:15:59]     VAL PASS  USD_RUB            oil              lag= 30  m6_ic=0.1140
[18:15:59]     VAL PASS  USD_RUB            rate             lag=  1  m6_ic=0.0635
[18:15:59]     VAL PASS  USD_RUB            rate             lag= 14  m6_ic=0.1297
[18:16:00]     VAL PASS  USD_RUB            rate             lag= 30  m6_ic=0.0577
[18:16:00]     VAL PASS  USD_RUB            ruble            lag=  1  m6_ic=0.0704
[18:16:00]     VAL PASS  USD_RUB            ruble            lag=  7  m6_ic=0.0754
[18:16:00]     VAL PASS  USD_RUB            ruble            lag= 14  m6_ic=0.1186
[18:16:00]     VAL PASS  USD_RUB            sanctions        lag=  7  m6_ic=0.0796
[18:16:01]     VAL PASS  USD_RUB            sanctions        lag= 14  m6_ic=0.1077
[18:16:01]     VAL PASS  USD_RUB            sanctions        lag= 30  m6_ic=0.0894
[18:16:01]     VAL PASS  USD_RUB            inflation        lag=  7  m6_ic=0.0707
[18:16:02]     VAL PASS  EUR_RUB            oil              lag=  1  m6_ic=0.1082
[18:16:02]     VAL PASS  EUR_RUB            oil              lag= 30  m6_ic=0.1140
[18:16:03]     VAL PASS  EUR_RUB            rate             lag=  1  m6_ic=0.0635
[18:16:03]     VAL PASS  EUR_RUB            rate             lag= 14  m6_ic=0.1297
[18:16:03]     VAL PASS  EUR_RUB            rate             lag= 30  m6_ic=0.0577
[18:16:03]     VAL PASS  EUR_RUB            ruble            lag=  1  m6_ic=0.0704
[18:16:03]     VAL PASS  EUR_RUB            ruble            lag=  7  m6_ic=0.0754
[18:16:04]     VAL PASS  EUR_RUB            ruble            lag= 14  m6_ic=0.1186
[18:16:04]     VAL PASS  EUR_RUB            sanctions        lag=  7  m6_ic=0.0796
[18:16:04]     VAL PASS  EUR_RUB            sanctions        lag= 14  m6_ic=0.1077
[18:16:04]     VAL PASS  EUR_RUB            sanctions        lag= 30  m6_ic=0.0894
[18:16:05]     VAL PASS  EUR_RUB            inflation        lag=  7  m6_ic=0.0707
[18:16:06]     VAL PASS  DJ_SOUTH_AFRICA    sanctions        lag=  1  m6_ic=0.0457
[18:16:06]     VAL PASS  DJ_SOUTH_AFRICA    sanctions        lag=  7  m6_ic=0.0566
[18:16:07]     VAL PASS  DJ_SOUTH_AFRICA    sanctions        lag= 14  m6_ic=0.0420
[18:16:07]     VAL PASS  DJ_SOUTH_AFRICA    sanctions        lag= 30  m6_ic=0.0423
[18:16:07]     VAL PASS  DJ_SOUTH_AFRICA    inflation        lag= 30  m6_ic=0.0358
[18:16:08]     VAL PASS  DJ_SOUTH_AFRICA    banking          lag=  1  m6_ic=0.0851
[18:16:08]     VAL PASS  DJ_SOUTH_AFRICA    banking          lag=  7  m6_ic=0.0443
[18:16:08]     VAL PASS  DJ_SOUTH_AFRICA    banking          lag= 30  m6_ic=0.0356
[18:16:08]     VAL PASS  DJ_SOUTH_AFRICA    gold             lag=  1  m6_ic=0.0555
[18:16:08]     VAL PASS  DJ_SOUTH_AFRICA    gold             lag=  7  m6_ic=0.0551
[18:16:09]     VAL PASS  DJ_SOUTH_AFRICA    gold             lag= 14  m6_ic=0.0637
[18:16:09]     VAL PASS  DJ_SOUTH_AFRICA    gold             lag= 30  m6_ic=0.1073
[18:16:09]     VAL PASS  MSCI_WORLD         oil              lag= 14  m6_ic=0.0649
[18:16:09]     VAL PASS  MSCI_WORLD         oil              lag= 30  m6_ic=0.0348
[18:16:09]     VAL PASS  MSCI_WORLD         rate             lag=  1  m6_ic=0.0303
[18:16:10]     VAL PASS  MSCI_WORLD         rate             lag= 14  m6_ic=0.0896
[18:16:10]     VAL PASS  MSCI_WORLD         rate             lag= 30  m6_ic=0.0506
[18:16:11]     VAL PASS  MSCI_WORLD         banking          lag=  1  m6_ic=0.0556
[18:16:12]     VAL PASS  MSCI_WORLD         banking          lag= 30  m6_ic=0.0343
[18:16:12]     VAL PASS  DXY                oil              lag= 14  m6_ic=0.1204
[18:16:13]     VAL PASS  DXY                rate             lag=  7  m6_ic=0.0960
[18:16:13]     VAL PASS  DXY                rate             lag= 30  m6_ic=0.0832
[18:16:13]     VAL PASS  DXY                ruble            lag= 30  m6_ic=0.0981
[18:16:13]     VAL PASS  DXY                sanctions        lag=  7  m6_ic=0.0456
[18:16:13]     VAL PASS  DXY                sanctions        lag= 14  m6_ic=0.0308
[18:16:14]     VAL PASS  DXY                banking          lag=  7  m6_ic=0.0908
[18:16:14]     VAL PASS  DXY                banking          lag= 14  m6_ic=0.0449
[18:16:14]     VAL PASS  DXY                banking          lag= 30  m6_ic=0.0622
[18:16:14]     VAL PASS  DXY                gold             lag= 14  m6_ic=0.0884
[18:16:14]     VAL PASS  DXY                gold             lag= 30  m6_ic=0.0407
[18:16:15]     VAL PASS  BRENT              oil              lag= 14  m6_ic=0.0876
[18:16:15]     VAL PASS  BRENT              oil              lag= 30  m6_ic=0.0938
[18:16:15]     VAL PASS  BRENT              rate             lag= 14  m6_ic=0.0323
[18:16:16]     VAL PASS  BRENT              ruble            lag= 14  m6_ic=0.0517
[18:16:16]     VAL PASS  BRENT              sanctions        lag=  7  m6_ic=0.0416
[18:16:17]     VAL PASS  BRENT              inflation        lag= 30  m6_ic=0.0655
[18:16:18]     VAL PASS  MSCI_INDIA         oil              lag=  7  m6_ic=0.0566
[18:16:18]     VAL PASS  MSCI_INDIA         rate             lag=  7  m6_ic=0.0834
[18:16:18]     VAL PASS  MSCI_INDIA         rate             lag= 30  m6_ic=0.1738
[18:16:19]     VAL PASS  MSCI_INDIA         sanctions        lag=  1  m6_ic=0.1118
[18:16:19]     VAL PASS  MSCI_INDIA         inflation        lag=  1  m6_ic=0.0506
[18:16:19]     VAL PASS  MSCI_INDIA         inflation        lag= 30  m6_ic=0.0443
[18:16:20]     VAL PASS  MSCI_INDIA         banking          lag=  1  m6_ic=0.0486
[18:16:20]     VAL PASS  MSCI_INDIA         banking          lag=  7  m6_ic=0.0330
[18:16:20]     VAL PASS  MSCI_INDIA         banking          lag= 30  m6_ic=0.0722
[18:16:20]     VAL PASS  MSCI_INDIA         gold             lag=  1  m6_ic=0.0812
[18:16:21]     VAL PASS  CHINA_H_SHARES     rate             lag=  1  m6_ic=0.0515
[18:16:21]     VAL PASS  CHINA_H_SHARES     rate             lag=  7  m6_ic=0.0504
[18:16:21]     VAL PASS  CHINA_H_SHARES     rate             lag= 14  m6_ic=0.0901
[18:16:21]     VAL PASS  CHINA_H_SHARES     ruble            lag=  1  m6_ic=0.0727
[18:16:22]     VAL PASS  CHINA_H_SHARES     ruble            lag= 30  m6_ic=0.0745
[18:16:22]     VAL PASS  CHINA_H_SHARES     sanctions        lag=  1  m6_ic=0.0463
[18:16:22]     VAL PASS  CHINA_H_SHARES     sanctions        lag= 14  m6_ic=0.0627
[18:16:22]     VAL PASS  CHINA_H_SHARES     sanctions        lag= 30  m6_ic=0.0977
[18:16:23]     VAL PASS  CHINA_H_SHARES     banking          lag= 14  m6_ic=0.0575
[18:16:23]     VAL PASS  CHINA_H_SHARES     gold             lag= 14  m6_ic=0.0951
[18:16:23]     VAL PASS  FTSE_CHINA_50      oil              lag=  1  m6_ic=0.0758
[18:16:24]     VAL PASS  FTSE_CHINA_50      oil              lag=  7  m6_ic=0.0351
[18:16:24]     VAL PASS  FTSE_CHINA_50      rate             lag=  1  m6_ic=0.0715
[18:16:24]     VAL PASS  FTSE_CHINA_50      rate             lag=  7  m6_ic=0.0946
[18:16:24]     VAL PASS  FTSE_CHINA_50      rate             lag= 14  m6_ic=0.0461
[18:16:25]     VAL PASS  FTSE_CHINA_50      ruble            lag= 30  m6_ic=0.0522
[18:16:25]     VAL PASS  FTSE_CHINA_50      sanctions        lag= 30  m6_ic=0.0720
[18:16:25]     VAL PASS  FTSE_CHINA_50      inflation        lag=  1  m6_ic=0.0345
[18:16:25]     VAL PASS  FTSE_CHINA_50      inflation        lag=  7  m6_ic=0.0458
[18:16:27]     VAL PASS  FTSE_CHINA_50      gold             lag=  7  m6_ic=0.0381
[18:16:27]     VAL PASS  FTSE_CHINA_50      gold             lag= 14  m6_ic=0.0526
[18:16:27]     VAL PASS  FTSE_CHINA_50      gold             lag= 30  m6_ic=0.0736
[18:16:27]     VAL PASS  GOLD               oil              lag=  1  m6_ic=0.0851
[18:16:27]     VAL PASS  GOLD               oil              lag= 30  m6_ic=0.0743
[18:16:28]     VAL PASS  GOLD               ruble            lag=  7  m6_ic=0.0650
[18:16:28]     VAL PASS  GOLD               ruble            lag= 14  m6_ic=0.0500
[18:16:28]     VAL PASS  GOLD               ruble            lag= 30  m6_ic=0.0531
[18:16:28]     VAL PASS  GOLD               sanctions        lag=  1  m6_ic=0.0581
[18:16:28]     VAL PASS  GOLD               sanctions        lag=  7  m6_ic=0.0909
[18:16:29]     VAL PASS  GOLD               inflation        lag=  1  m6_ic=0.0616
[18:16:29]     VAL PASS  GOLD               inflation        lag= 30  m6_ic=0.0763
[18:16:29]     VAL PASS  GOLD               banking          lag=  1  m6_ic=0.0610
[18:16:29]     VAL PASS  GOLD               banking          lag=  7  m6_ic=0.0414
[18:16:30]     VAL PASS  GOLD               banking          lag= 14  m6_ic=0.0503
[18:16:31]     VAL PASS  SILVER             rate             lag= 14  m6_ic=0.1188
[18:16:31]     VAL PASS  SILVER             rate             lag= 30  m6_ic=0.0396
[18:16:31]     VAL PASS  SILVER             ruble            lag= 14  m6_ic=0.0338
[18:16:31]     VAL PASS  SILVER             ruble            lag= 30  m6_ic=0.0367
[18:16:32]     VAL PASS  SILVER             sanctions        lag=  7  m6_ic=0.0692
[18:16:32]     VAL PASS  SILVER             inflation        lag=  1  m6_ic=0.0842
[18:16:32]     VAL PASS  SILVER             inflation        lag= 14  m6_ic=0.0577
[18:16:32]     VAL PASS  SILVER             banking          lag=  1  m6_ic=0.0579
[18:16:33]     VAL PASS  SILVER             banking          lag= 30  m6_ic=0.0373
[18:16:33]     VAL PASS  SILVER             gold             lag=  1  m6_ic=0.0628
[18:16:33]     VAL PASS  SILVER             gold             lag= 14  m6_ic=0.0476
[18:16:33]     VAL PASS  IMOEX              oil              lag= 14  m6_ic=0.0326
[18:16:34]     VAL PASS  IMOEX              rate             lag= 14  m6_ic=0.0616
[18:16:34]     VAL PASS  IMOEX              rate             lag= 30  m6_ic=0.0468
[18:16:34]     VAL PASS  IMOEX              ruble            lag=  1  m6_ic=0.0661
[18:16:34]     VAL PASS  IMOEX              ruble            lag=  7  m6_ic=0.0732
[18:16:35]     VAL PASS  IMOEX              ruble            lag= 30  m6_ic=0.1228
[18:16:35]     VAL PASS  IMOEX              sanctions        lag= 14  m6_ic=0.0891
[18:16:35]     VAL PASS  IMOEX              inflation        lag=  1  m6_ic=0.0482
[18:16:35]     VAL PASS  IMOEX              inflation        lag=  7  m6_ic=0.0720
[18:16:36]     VAL PASS  IMOEX              banking          lag= 30  m6_ic=0.0438
[18:16:36]     VAL PASS  IMOEX              gold             lag=  1  m6_ic=0.0407
[18:16:37]     VAL PASS  MOEXFN             ruble            lag=  1  m6_ic=0.0466
[18:16:37]     VAL PASS  MOEXFN             ruble            lag=  7  m6_ic=0.0524
[18:16:37]     VAL PASS  MOEXFN             ruble            lag= 30  m6_ic=0.1087
[18:16:37]     VAL PASS  MOEXFN             sanctions        lag=  7  m6_ic=0.0638
[18:16:37]     VAL PASS  MOEXFN             sanctions        lag= 14  m6_ic=0.0785
[18:16:38]     VAL PASS  MOEXFN             sanctions        lag= 30  m6_ic=0.0793
[18:16:38]     VAL PASS  MOEXFN             inflation        lag=  1  m6_ic=0.0818
[18:16:38]     VAL PASS  MOEXFN             banking          lag=  1  m6_ic=0.0471
[18:16:38]     VAL PASS  MOEXFN             banking          lag=  7  m6_ic=0.0529
[18:16:39]     VAL PASS  MOEXOG             oil              lag= 14  m6_ic=0.0340
[18:16:39]     VAL PASS  MOEXOG             oil              lag= 30  m6_ic=0.0663
[18:16:39]     VAL PASS  MOEXOG             rate             lag=  1  m6_ic=0.0423
[18:16:39]     VAL PASS  MOEXOG             rate             lag= 14  m6_ic=0.0638
[18:16:40]     VAL PASS  MOEXOG             ruble            lag=  1  m6_ic=0.0505
[18:16:40]     VAL PASS  MOEXOG             ruble            lag=  7  m6_ic=0.0791
[18:16:40]     VAL PASS  MOEXOG             ruble            lag= 30  m6_ic=0.0750
[18:16:40]     VAL PASS  MOEXOG             sanctions        lag=  7  m6_ic=0.0534
[18:16:40]     VAL PASS  MOEXOG             sanctions        lag= 14  m6_ic=0.1024
[18:16:41]     VAL PASS  MOEXOG             sanctions        lag= 30  m6_ic=0.0510
[18:16:41]     VAL PASS  MOEXOG             inflation        lag=  7  m6_ic=0.0845
[18:16:41]     VAL PASS  MOEXOG             banking          lag=  1  m6_ic=0.0887
[18:16:41]     VAL PASS  MOEXOG             banking          lag=  7  m6_ic=0.1396
[18:16:42]     VAL PASS  MOEXOG             gold             lag=  1  m6_ic=0.0336
[18:16:42]     VAL PASS  MOEXOG             gold             lag= 30  m6_ic=0.0948
[18:16:43]     VAL PASS  MOEX10             oil              lag= 14  m6_ic=0.0647
[18:16:43]     VAL PASS  MOEX10             oil              lag= 30  m6_ic=0.0521
[18:16:43]     VAL PASS  MOEX10             rate             lag=  1  m6_ic=0.0330
[18:16:43]     VAL PASS  MOEX10             rate             lag= 30  m6_ic=0.0587
[18:16:43]     VAL PASS  MOEX10             ruble            lag=  1  m6_ic=0.0559
[18:16:44]     VAL PASS  MOEX10             ruble            lag=  7  m6_ic=0.0819
[18:16:44]     VAL PASS  MOEX10             ruble            lag= 14  m6_ic=0.0718
[18:16:44]     VAL PASS  MOEX10             ruble            lag= 30  m6_ic=0.0542
[18:16:44]     VAL PASS  MOEX10             sanctions        lag= 14  m6_ic=0.0879
[18:16:44]     VAL PASS  MOEX10             inflation        lag=  1  m6_ic=0.0420
[18:16:44]     VAL PASS  MOEX10             inflation        lag=  7  m6_ic=0.0700
[18:16:45]     VAL PASS  MOEX10             banking          lag=  1  m6_ic=0.0310
[18:16:45]     Val: 169/269 held
[18:16:45]   Score: 2838.0  train=269  ic_max=0.1644
[18:16:45] 
[2/15] sweep_keyword_raw_abs_return
[18:16:45]   Config: sweep_keyword_raw_abs_return
[18:16:45]     feature=keyword_raw  target=abs_return  ensemble=M6_only  ic_min=0.03
[18:16:45]   HIT  SP500              oil              lag=  1 m5_p=0.6627  m6_ic=0.0539
[18:16:45]   HIT  SP500              oil              lag=  7 m5_p=0.5171  m6_ic=0.0363
[18:16:46]   HIT  SP500              rate             lag= 14 m5_p=0.5287  m6_ic=0.0301
[18:16:46]   HIT  SP500              rate             lag= 30 m5_p=0.9348  m6_ic=0.0314
[18:16:47]   HIT  SP500              ruble            lag=  7 m5_p=0.9108  m6_ic=0.0474
[18:16:47]   HIT  SP500              ruble            lag= 30 m5_p=0.0762  m6_ic=0.0413
[18:16:48]   HIT  SP500              inflation        lag= 14 m5_p=0.5948  m6_ic=0.0655
[18:16:50]   HIT  SP500              banking          lag=  7 m5_p=0.3701  m6_ic=0.0536
[18:16:52]   HIT  SP500              gold             lag=  7 m5_p=0.8524  m6_ic=0.0942
[18:16:53]   HIT  USD_RUB            oil              lag=  1 m5_p=0.4151  m6_ic=0.0614
[18:16:53]   HIT  USD_RUB            oil              lag= 14 m5_p=0.6241  m6_ic=0.0417
[18:16:54]   HIT  USD_RUB            oil              lag= 30 m5_p=0.1626  m6_ic=0.0698
[18:16:54]   HIT  USD_RUB            rate             lag=  1 m5_p=0.7527  m6_ic=0.0950
[18:16:54]   HIT  USD_RUB            rate             lag=  7 m5_p=0.8101  m6_ic=0.0394
[18:16:55]   HIT  USD_RUB            rate             lag= 14 m5_p=0.7542  m6_ic=0.0378
[18:16:55]   HIT  USD_RUB            rate             lag= 30 m5_p=0.9971  m6_ic=0.0479
[18:16:55]   HIT  USD_RUB            ruble            lag=  1 m5_p=0.7646  m6_ic=0.0442
[18:16:56]   HIT  USD_RUB            ruble            lag=  7 m5_p=0.4884  m6_ic=0.0483
[18:16:56]   HIT  USD_RUB            ruble            lag= 14 m5_p=0.9676  m6_ic=0.1183
[18:16:57]   HIT  USD_RUB            sanctions        lag=  1 m5_p=0.0777  m6_ic=0.1348
[18:16:57]   HIT  USD_RUB            sanctions        lag=  7 m5_p=0.9775  m6_ic=0.0313
[18:16:57]   HIT  USD_RUB            sanctions        lag= 14 m5_p=0.1527  m6_ic=0.0743
[18:16:57]   HIT  USD_RUB            sanctions        lag= 30 m5_p=0.6349  m6_ic=0.0726
[18:16:58]   HIT  USD_RUB            inflation        lag=  1 m5_p=0.8798  m6_ic=0.0351
[18:16:58]   HIT  USD_RUB            inflation        lag=  7 m5_p=0.9352  m6_ic=0.0371
[18:16:58]   HIT  USD_RUB            inflation        lag= 14 m5_p=0.5422  m6_ic=0.0338
[18:16:59]   HIT  USD_RUB            banking          lag= 14 m5_p=0.8158  m6_ic=0.0645
[18:16:59]   HIT  USD_RUB            banking          lag= 30 m5_p=0.6790  m6_ic=0.0792
[18:17:00]   HIT  USD_RUB            gold             lag= 14 m5_p=0.9653  m6_ic=0.0307
[18:17:00]   HIT  EUR_RUB            oil              lag=  1 m5_p=0.4151  m6_ic=0.0614
[18:17:01]   HIT  EUR_RUB            oil              lag= 14 m5_p=0.6241  m6_ic=0.0417
[18:17:01]   HIT  EUR_RUB            oil              lag= 30 m5_p=0.1626  m6_ic=0.0698
[18:17:01]   HIT  EUR_RUB            rate             lag=  1 m5_p=0.7527  m6_ic=0.0950
[18:17:01]   HIT  EUR_RUB            rate             lag=  7 m5_p=0.8101  m6_ic=0.0394
[18:17:02]   HIT  EUR_RUB            rate             lag= 14 m5_p=0.7542  m6_ic=0.0378
[18:17:02]   HIT  EUR_RUB            rate             lag= 30 m5_p=0.9971  m6_ic=0.0479
[18:17:02]   HIT  EUR_RUB            ruble            lag=  1 m5_p=0.7646  m6_ic=0.0442
[18:17:02]   HIT  EUR_RUB            ruble            lag=  7 m5_p=0.4884  m6_ic=0.0483
[18:17:02]   HIT  EUR_RUB            ruble            lag= 14 m5_p=0.9676  m6_ic=0.1183
[18:17:03]   HIT  EUR_RUB            sanctions        lag=  1 m5_p=0.0777  m6_ic=0.1348
[18:17:03]   HIT  EUR_RUB            sanctions        lag=  7 m5_p=0.9775  m6_ic=0.0313
[18:17:03]   HIT  EUR_RUB            sanctions        lag= 14 m5_p=0.1527  m6_ic=0.0743
[18:17:03]   HIT  EUR_RUB            sanctions        lag= 30 m5_p=0.6349  m6_ic=0.0726
[18:17:04]   HIT  EUR_RUB            inflation        lag=  1 m5_p=0.8798  m6_ic=0.0351
[18:17:04]   HIT  EUR_RUB            inflation        lag=  7 m5_p=0.9352  m6_ic=0.0371
[18:17:04]   HIT  EUR_RUB            inflation        lag= 14 m5_p=0.5422  m6_ic=0.0338
[18:17:05]   HIT  EUR_RUB            banking          lag= 14 m5_p=0.8158  m6_ic=0.0645
[18:17:05]   HIT  EUR_RUB            banking          lag= 30 m5_p=0.6790  m6_ic=0.0792
[18:17:06]   HIT  EUR_RUB            gold             lag= 14 m5_p=0.9653  m6_ic=0.0307
[18:17:06]   HIT  DJ_SOUTH_AFRICA    oil              lag=  7 m5_p=0.4695  m6_ic=0.0444
[18:17:08]   HIT  DJ_SOUTH_AFRICA    rate             lag= 30 m5_p=0.5259  m6_ic=0.0386
[18:17:08]   HIT  DJ_SOUTH_AFRICA    ruble            lag= 14 m5_p=0.8469  m6_ic=0.0706
[18:17:08]   HIT  DJ_SOUTH_AFRICA    ruble            lag= 30 m5_p=0.4112  m6_ic=0.0331
[18:17:09]   HIT  DJ_SOUTH_AFRICA    sanctions        lag=  1 m5_p=0.7779  m6_ic=0.1255
[18:17:09]   HIT  DJ_SOUTH_AFRICA    sanctions        lag=  7 m5_p=0.4984  m6_ic=0.0476
[18:17:09]   HIT  DJ_SOUTH_AFRICA    sanctions        lag= 14 m5_p=0.0167  m6_ic=0.0383
[18:17:09]   HIT  DJ_SOUTH_AFRICA    sanctions        lag= 30 m5_p=0.1325  m6_ic=0.0511
[18:17:09]   HIT  DJ_SOUTH_AFRICA    inflation        lag=  1 m5_p=0.4426  m6_ic=0.0457
[18:17:10]   HIT  DJ_SOUTH_AFRICA    inflation        lag= 14 m5_p=0.8858  m6_ic=0.0498
[18:17:10]   HIT  DJ_SOUTH_AFRICA    inflation        lag= 30 m5_p=0.9178  m6_ic=0.0772
[18:17:10]   HIT  DJ_SOUTH_AFRICA    banking          lag=  1 m5_p=0.8775  m6_ic=0.0612
[18:17:10]   HIT  DJ_SOUTH_AFRICA    banking          lag=  7 m5_p=0.9187  m6_ic=0.1092
[18:17:11]   HIT  DJ_SOUTH_AFRICA    banking          lag= 14 m5_p=0.7734  m6_ic=0.0857
[18:17:11]   HIT  DJ_SOUTH_AFRICA    banking          lag= 30 m5_p=0.5459  m6_ic=0.0867
[18:17:11]   HIT  DJ_SOUTH_AFRICA    gold             lag=  1 m5_p=0.9638  m6_ic=0.0482
[18:17:11]   HIT  DJ_SOUTH_AFRICA    gold             lag=  7 m5_p=0.0160  m6_ic=0.0380
[18:17:11]   HIT  DJ_SOUTH_AFRICA    gold             lag= 14 m5_p=0.1792  m6_ic=0.0626
[18:17:12]   HIT  DJ_SOUTH_AFRICA    gold             lag= 30 m5_p=0.8632  m6_ic=0.0696
[18:17:12]   HIT  MSCI_WORLD         oil              lag= 14 m5_p=0.7583  m6_ic=0.0790
[18:17:13]   HIT  MSCI_WORLD         oil              lag= 30 m5_p=0.5465  m6_ic=0.0388
[18:17:13]   HIT  MSCI_WORLD         rate             lag=  1 m5_p=0.8296  m6_ic=0.0851
[18:17:13]   HIT  MSCI_WORLD         rate             lag=  7 m5_p=0.4579  m6_ic=0.0438
[18:17:13]   HIT  MSCI_WORLD         rate             lag= 14 m5_p=0.7534  m6_ic=0.0444
[18:17:13]   HIT  MSCI_WORLD         rate             lag= 30 m5_p=0.4239  m6_ic=0.1146
[18:17:14]   HIT  MSCI_WORLD         ruble            lag=  1 m5_p=0.8053  m6_ic=0.0430
[18:17:14]   HIT  MSCI_WORLD         sanctions        lag=  1 m5_p=0.9279  m6_ic=0.0375
[18:17:15]   HIT  MSCI_WORLD         sanctions        lag= 14 m5_p=0.0236  m6_ic=0.0584
[18:17:15]   HIT  MSCI_WORLD         sanctions        lag= 30 m5_p=0.1371  m6_ic=0.0381
[18:17:15]   HIT  MSCI_WORLD         inflation        lag=  1 m5_p=0.9293  m6_ic=0.0340
[18:17:15]   HIT  MSCI_WORLD         inflation        lag=  7 m5_p=0.8139  m6_ic=0.0516
[18:17:16]   HIT  MSCI_WORLD         banking          lag=  1 m5_p=0.6049  m6_ic=0.0353
[18:17:16]   HIT  MSCI_WORLD         banking          lag=  7 m5_p=0.2795  m6_ic=0.0432
[18:17:16]   HIT  MSCI_WORLD         banking          lag= 14 m5_p=0.5942  m6_ic=0.0327
[18:17:17]   HIT  MSCI_WORLD         banking          lag= 30 m5_p=0.7214  m6_ic=0.0710
[18:17:17]   HIT  MSCI_WORLD         gold             lag= 14 m5_p=0.9363  m6_ic=0.0811
[18:17:18]   HIT  DXY                oil              lag=  1 m5_p=0.9938  m6_ic=0.0545
[18:17:18]   HIT  DXY                oil              lag=  7 m5_p=0.4559  m6_ic=0.0401
[18:17:18]   HIT  DXY                oil              lag= 14 m5_p=0.9907  m6_ic=0.0408
[18:17:18]   HIT  DXY                rate             lag=  1 m5_p=0.6407  m6_ic=0.1002
[18:17:19]   HIT  DXY                rate             lag=  7 m5_p=0.8922  m6_ic=0.0507
[18:17:19]   HIT  DXY                rate             lag= 30 m5_p=0.6109  m6_ic=0.0358
[18:17:20]   HIT  DXY                ruble            lag= 30 m5_p=0.7125  m6_ic=0.0336
[18:17:20]   HIT  DXY                sanctions        lag=  7 m5_p=0.6776  m6_ic=0.0334
[18:17:20]   HIT  DXY                sanctions        lag= 14 m5_p=0.2611  m6_ic=0.0324
[18:17:22]   HIT  DXY                banking          lag=  7 m5_p=0.9637  m6_ic=0.0312
[18:17:22]   HIT  DXY                banking          lag= 14 m5_p=0.7537  m6_ic=0.0459
[18:17:22]   HIT  DXY                banking          lag= 30 m5_p=0.8030  m6_ic=0.0401
[18:17:23]   HIT  DXY                gold             lag=  7 m5_p=0.1827  m6_ic=0.0601
[18:17:23]   HIT  DXY                gold             lag= 14 m5_p=0.6443  m6_ic=0.0731
[18:17:23]   HIT  DXY                gold             lag= 30 m5_p=0.8404  m6_ic=0.0608
[18:17:23]   HIT  BRENT              oil              lag=  7 m5_p=0.9807  m6_ic=0.0504
[18:17:24]   HIT  BRENT              oil              lag= 14 m5_p=0.8691  m6_ic=0.0561
[18:17:24]   HIT  BRENT              oil              lag= 30 m5_p=0.8554  m6_ic=0.0732
[18:17:24]   HIT  BRENT              rate             lag=  7 m5_p=0.9612  m6_ic=0.0734
[18:17:24]   HIT  BRENT              rate             lag= 14 m5_p=0.9184  m6_ic=0.0727
[18:17:25]   HIT  BRENT              ruble            lag=  7 m5_p=0.1811  m6_ic=0.0722
[18:17:25]   HIT  BRENT              ruble            lag= 14 m5_p=0.6368  m6_ic=0.0536
[18:17:25]   HIT  BRENT              ruble            lag= 30 m5_p=0.4976  m6_ic=0.0478
[18:17:26]   HIT  BRENT              sanctions        lag=  1 m5_p=0.8883  m6_ic=0.0389
[18:17:26]   HIT  BRENT              sanctions        lag=  7 m5_p=0.0344  m6_ic=0.1222
[18:17:26]   HIT  BRENT              sanctions        lag= 14 m5_p=0.6047  m6_ic=0.0669
[18:17:26]   HIT  BRENT              sanctions        lag= 30 m5_p=0.7844  m6_ic=0.0517
[18:17:27]   HIT  BRENT              inflation        lag=  7 m5_p=0.6647  m6_ic=0.0522
[18:17:27]   HIT  BRENT              inflation        lag= 30 m5_p=0.7393  m6_ic=0.0407
[18:17:28]   HIT  BRENT              banking          lag= 30 m5_p=0.3849  m6_ic=0.0319
[18:17:28]   HIT  BRENT              gold             lag=  1 m5_p=0.4448  m6_ic=0.0355
[18:17:29]   HIT  BRENT              gold             lag= 30 m5_p=0.6646  m6_ic=0.0375
[18:17:29]   HIT  MSCI_INDIA         oil              lag=  1 m5_p=0.8762  m6_ic=0.0847
[18:17:29]   HIT  MSCI_INDIA         oil              lag=  7 m5_p=0.6587  m6_ic=0.0376
[18:17:29]   HIT  MSCI_INDIA         oil              lag= 14 m5_p=0.9138  m6_ic=0.0576
[18:17:30]   HIT  MSCI_INDIA         rate             lag=  7 m5_p=0.4848  m6_ic=0.0311
[18:17:30]   HIT  MSCI_INDIA         rate             lag= 30 m5_p=0.6603  m6_ic=0.0430
[18:17:31]   HIT  MSCI_INDIA         ruble            lag= 30 m5_p=0.6740  m6_ic=0.0458
[18:17:31]   HIT  MSCI_INDIA         sanctions        lag=  1 m5_p=0.8585  m6_ic=0.1201
[18:17:32]   HIT  MSCI_INDIA         sanctions        lag= 14 m5_p=0.0381  m6_ic=0.0760
[18:17:32]   HIT  MSCI_INDIA         inflation        lag=  1 m5_p=0.9173  m6_ic=0.1354
[18:17:33]   HIT  MSCI_INDIA         inflation        lag= 30 m5_p=0.7822  m6_ic=0.0536
[18:17:33]   HIT  MSCI_INDIA         banking          lag=  1 m5_p=0.5125  m6_ic=0.0806
[18:17:33]   HIT  MSCI_INDIA         banking          lag=  7 m5_p=0.5848  m6_ic=0.1100
[18:17:34]   HIT  MSCI_INDIA         banking          lag= 30 m5_p=0.5876  m6_ic=0.0520
[18:17:34]   HIT  MSCI_INDIA         gold             lag=  1 m5_p=0.9223  m6_ic=0.0316
[18:17:34]   HIT  MSCI_INDIA         gold             lag= 30 m5_p=0.8411  m6_ic=0.0849
[18:17:35]   HIT  CHINA_H_SHARES     oil              lag=  1 m5_p=0.4252  m6_ic=0.0343
[18:17:35]   HIT  CHINA_H_SHARES     oil              lag=  7 m5_p=0.2836  m6_ic=0.0621
[18:17:35]   HIT  CHINA_H_SHARES     oil              lag= 14 m5_p=0.7447  m6_ic=0.0546
[18:17:35]   HIT  CHINA_H_SHARES     rate             lag=  1 m5_p=0.4171  m6_ic=0.0592
[18:17:36]   HIT  CHINA_H_SHARES     rate             lag=  7 m5_p=0.8738  m6_ic=0.0416
[18:17:36]   HIT  CHINA_H_SHARES     rate             lag= 14 m5_p=0.2584  m6_ic=0.0415
[18:17:36]   HIT  CHINA_H_SHARES     ruble            lag=  1 m5_p=0.8376  m6_ic=0.0627
[18:17:37]   HIT  CHINA_H_SHARES     ruble            lag= 30 m5_p=0.5751  m6_ic=0.0612
[18:17:37]   HIT  CHINA_H_SHARES     sanctions        lag=  1 m5_p=0.1269  m6_ic=0.0444
[18:17:37]   HIT  CHINA_H_SHARES     sanctions        lag= 14 m5_p=0.0570  m6_ic=0.0427
[18:17:38]   HIT  CHINA_H_SHARES     sanctions        lag= 30 m5_p=0.7132  m6_ic=0.0422
[18:17:38]   HIT  CHINA_H_SHARES     inflation        lag=  1 m5_p=0.5014  m6_ic=0.0630
[18:17:38]   HIT  CHINA_H_SHARES     inflation        lag=  7 m5_p=0.5842  m6_ic=0.0326
[18:17:39]   HIT  CHINA_H_SHARES     banking          lag= 14 m5_p=0.1631  m6_ic=0.0425
[18:17:39]   HIT  CHINA_H_SHARES     banking          lag= 30 m5_p=0.4281  m6_ic=0.0334
[18:17:40]   HIT  CHINA_H_SHARES     gold             lag=  1 m5_p=0.7182  m6_ic=0.0669
[18:17:40]   HIT  CHINA_H_SHARES     gold             lag= 14 m5_p=0.9956  m6_ic=0.0525
[18:17:40]   HIT  FTSE_CHINA_50      oil              lag=  1 m5_p=0.4584  m6_ic=0.0529
[18:17:41]   HIT  FTSE_CHINA_50      oil              lag=  7 m5_p=0.2440  m6_ic=0.0695
[18:17:41]   HIT  FTSE_CHINA_50      oil              lag= 14 m5_p=0.7124  m6_ic=0.0473
[18:17:41]   HIT  FTSE_CHINA_50      rate             lag=  1 m5_p=0.5148  m6_ic=0.0649
[18:17:41]   HIT  FTSE_CHINA_50      rate             lag=  7 m5_p=0.9913  m6_ic=0.0363
[18:17:42]   HIT  FTSE_CHINA_50      rate             lag= 14 m5_p=0.2687  m6_ic=0.0479
[18:17:42]   HIT  FTSE_CHINA_50      ruble            lag=  1 m5_p=0.9901  m6_ic=0.0409
[18:17:43]   HIT  FTSE_CHINA_50      ruble            lag= 30 m5_p=0.3880  m6_ic=0.0817
[18:17:43]   HIT  FTSE_CHINA_50      sanctions        lag= 14 m5_p=0.0897  m6_ic=0.0445
[18:17:43]   HIT  FTSE_CHINA_50      sanctions        lag= 30 m5_p=0.4187  m6_ic=0.0440
[18:17:44]   HIT  FTSE_CHINA_50      inflation        lag=  1 m5_p=0.6470  m6_ic=0.0428
[18:17:44]   HIT  FTSE_CHINA_50      inflation        lag=  7 m5_p=0.3905  m6_ic=0.0340
[18:17:44]   HIT  FTSE_CHINA_50      inflation        lag= 30 m5_p=0.6986  m6_ic=0.0496
[18:17:44]   HIT  FTSE_CHINA_50      banking          lag=  1 m5_p=0.6430  m6_ic=0.0363
[18:17:45]   HIT  FTSE_CHINA_50      banking          lag= 14 m5_p=0.1179  m6_ic=0.0360
[18:17:45]   HIT  FTSE_CHINA_50      gold             lag=  1 m5_p=0.6650  m6_ic=0.0336
[18:17:45]   HIT  FTSE_CHINA_50      gold             lag=  7 m5_p=0.1741  m6_ic=0.0432
[18:17:46]   HIT  FTSE_CHINA_50      gold             lag= 14 m5_p=0.9787  m6_ic=0.0412
[18:17:46]   HIT  FTSE_CHINA_50      gold             lag= 30 m5_p=0.3984  m6_ic=0.0550
[18:17:46]   HIT  GOLD               oil              lag=  1 m5_p=0.9532  m6_ic=0.0326
[18:17:47]   HIT  GOLD               oil              lag= 30 m5_p=0.3688  m6_ic=0.0932
[18:17:48]   HIT  GOLD               ruble            lag=  1 m5_p=0.7153  m6_ic=0.0798
[18:17:48]   HIT  GOLD               ruble            lag=  7 m5_p=0.6456  m6_ic=0.1263
[18:17:48]   HIT  GOLD               ruble            lag= 14 m5_p=0.4860  m6_ic=0.0612
[18:17:49]   HIT  GOLD               ruble            lag= 30 m5_p=0.7346  m6_ic=0.0603
[18:17:49]   HIT  GOLD               sanctions        lag=  1 m5_p=0.9744  m6_ic=0.0562
[18:17:49]   HIT  GOLD               sanctions        lag=  7 m5_p=0.5785  m6_ic=0.0424
[18:17:50]   HIT  GOLD               sanctions        lag= 30 m5_p=0.0448  m6_ic=0.0603
[18:17:50]   HIT  GOLD               inflation        lag=  1 m5_p=0.0726  m6_ic=0.0479
[18:17:50]   HIT  GOLD               inflation        lag= 30 m5_p=0.3846  m6_ic=0.0750
[18:17:51]   HIT  GOLD               banking          lag=  1 m5_p=0.2110  m6_ic=0.0443
[18:17:51]   HIT  GOLD               banking          lag=  7 m5_p=0.6102  m6_ic=0.0774
[18:17:51]   HIT  GOLD               banking          lag= 14 m5_p=0.4794  m6_ic=0.0343
[18:17:52]   HIT  GOLD               gold             lag=  7 m5_p=0.7286  m6_ic=0.0902
[18:17:52]   HIT  GOLD               gold             lag= 14 m5_p=0.2403  m6_ic=0.0845
[18:17:52]   HIT  GOLD               gold             lag= 30 m5_p=0.7674  m6_ic=0.0310
[18:17:52]   HIT  SILVER             oil              lag=  1 m5_p=0.5583  m6_ic=0.0637
[18:17:52]   HIT  SILVER             oil              lag=  7 m5_p=0.7134  m6_ic=0.0428
[18:17:53]   HIT  SILVER             oil              lag= 30 m5_p=0.9348  m6_ic=0.0440
[18:17:53]   HIT  SILVER             rate             lag=  7 m5_p=0.5172  m6_ic=0.0744
[18:17:53]   HIT  SILVER             rate             lag= 14 m5_p=0.5417  m6_ic=0.0392
[18:17:54]   HIT  SILVER             rate             lag= 30 m5_p=0.2067  m6_ic=0.0430
[18:17:54]   HIT  SILVER             ruble            lag= 14 m5_p=0.7541  m6_ic=0.0504
[18:17:54]   HIT  SILVER             ruble            lag= 30 m5_p=0.5015  m6_ic=0.0913
[18:17:55]   HIT  SILVER             sanctions        lag=  7 m5_p=0.7734  m6_ic=0.0438
[18:17:55]   HIT  SILVER             sanctions        lag= 14 m5_p=0.2520  m6_ic=0.0362
[18:17:55]   HIT  SILVER             sanctions        lag= 30 m5_p=0.2898  m6_ic=0.0987
[18:17:55]   HIT  SILVER             inflation        lag=  1 m5_p=0.4563  m6_ic=0.1023
[18:17:56]   HIT  SILVER             inflation        lag= 14 m5_p=0.5560  m6_ic=0.0378
[18:17:56]   HIT  SILVER             banking          lag=  1 m5_p=0.8597  m6_ic=0.1069
[18:17:56]   HIT  SILVER             banking          lag=  7 m5_p=0.7958  m6_ic=0.1034
[18:17:56]   HIT  SILVER             banking          lag= 14 m5_p=0.7033  m6_ic=0.0433
[18:17:57]   HIT  SILVER             banking          lag= 30 m5_p=0.4961  m6_ic=0.0565
[18:17:57]   HIT  SILVER             gold             lag=  1 m5_p=0.5015  m6_ic=0.0709
[18:17:57]   HIT  SILVER             gold             lag= 14 m5_p=0.9397  m6_ic=0.0362
[18:17:58]   HIT  IMOEX              oil              lag=  7 m5_p=0.3656  m6_ic=0.0982
[18:17:58]   HIT  IMOEX              oil              lag= 14 m5_p=0.6076  m6_ic=0.0473
[18:17:58]   HIT  IMOEX              rate             lag=  1 m5_p=0.1954  m6_ic=0.0644
[18:17:59]   HIT  IMOEX              rate             lag= 14 m5_p=0.2500  m6_ic=0.0539
[18:17:59]   HIT  IMOEX              rate             lag= 30 m5_p=0.7067  m6_ic=0.1142
[18:17:59]   HIT  IMOEX              ruble            lag=  1 m5_p=0.6798  m6_ic=0.0638
[18:17:59]   HIT  IMOEX              ruble            lag=  7 m5_p=0.3416  m6_ic=0.0426
[18:18:00]   HIT  IMOEX              ruble            lag= 30 m5_p=0.8905  m6_ic=0.0697
[18:18:00]   HIT  IMOEX              sanctions        lag= 14 m5_p=0.9472  m6_ic=0.0559
[18:18:01]   HIT  IMOEX              inflation        lag=  1 m5_p=0.1679  m6_ic=0.0467
[18:18:01]   HIT  IMOEX              inflation        lag=  7 m5_p=0.5877  m6_ic=0.0634
[18:18:01]   HIT  IMOEX              inflation        lag= 30 m5_p=0.5803  m6_ic=0.1008
[18:18:01]   HIT  IMOEX              banking          lag=  1 m5_p=0.2253  m6_ic=0.1129
[18:18:02]   HIT  IMOEX              banking          lag= 30 m5_p=0.6247  m6_ic=0.0719
[18:18:02]   HIT  IMOEX              gold             lag=  1 m5_p=0.1881  m6_ic=0.0330
[18:18:03]   HIT  IMOEX              gold             lag=  7 m5_p=0.8441  m6_ic=0.0457
[18:18:03]   HIT  MOEXFN             oil              lag=  7 m5_p=0.3823  m6_ic=0.0555
[18:18:04]   HIT  MOEXFN             rate             lag=  1 m5_p=0.1128  m6_ic=0.0572
[18:18:05]   HIT  MOEXFN             rate             lag= 30 m5_p=0.9347  m6_ic=0.0956
[18:18:05]   HIT  MOEXFN             ruble            lag=  1 m5_p=0.3256  m6_ic=0.0750
[18:18:05]   HIT  MOEXFN             ruble            lag=  7 m5_p=0.6758  m6_ic=0.0360
[18:18:05]   HIT  MOEXFN             ruble            lag= 30 m5_p=0.6894  m6_ic=0.0504
[18:18:06]   HIT  MOEXFN             sanctions        lag=  7 m5_p=0.7753  m6_ic=0.0594
[18:18:06]   HIT  MOEXFN             sanctions        lag= 14 m5_p=0.9255  m6_ic=0.0561
[18:18:06]   HIT  MOEXFN             sanctions        lag= 30 m5_p=0.3461  m6_ic=0.0867
[18:18:06]   HIT  MOEXFN             inflation        lag=  1 m5_p=0.0918  m6_ic=0.0509
[18:18:07]   HIT  MOEXFN             banking          lag=  1 m5_p=0.1911  m6_ic=0.0902
[18:18:07]   HIT  MOEXFN             banking          lag=  7 m5_p=0.3546  m6_ic=0.0357
[18:18:08]   HIT  MOEXFN             banking          lag= 30 m5_p=0.2464  m6_ic=0.1143
[18:18:08]   HIT  MOEXFN             gold             lag=  7 m5_p=0.6910  m6_ic=0.0444
[18:18:09]   HIT  MOEXOG             oil              lag=  7 m5_p=0.4351  m6_ic=0.1201
[18:18:09]   HIT  MOEXOG             oil              lag= 14 m5_p=0.5055  m6_ic=0.0430
[18:18:10]   HIT  MOEXOG             oil              lag= 30 m5_p=0.6199  m6_ic=0.0678
[18:18:10]   HIT  MOEXOG             rate             lag=  1 m5_p=0.1240  m6_ic=0.0447
[18:18:10]   HIT  MOEXOG             rate             lag= 14 m5_p=0.2992  m6_ic=0.0307
[18:18:10]   HIT  MOEXOG             rate             lag= 30 m5_p=0.9974  m6_ic=0.1017
[18:18:10]   HIT  MOEXOG             ruble            lag=  1 m5_p=0.7496  m6_ic=0.0840
[18:18:11]   HIT  MOEXOG             ruble            lag=  7 m5_p=0.4303  m6_ic=0.0639
[18:18:11]   HIT  MOEXOG             ruble            lag= 30 m5_p=0.4104  m6_ic=0.1030
[18:18:11]   HIT  MOEXOG             sanctions        lag=  7 m5_p=0.1408  m6_ic=0.0445
[18:18:12]   HIT  MOEXOG             sanctions        lag= 14 m5_p=0.9303  m6_ic=0.0472
[18:18:12]   HIT  MOEXOG             sanctions        lag= 30 m5_p=0.9924  m6_ic=0.0328
[18:18:12]   HIT  MOEXOG             inflation        lag=  7 m5_p=0.4974  m6_ic=0.0594
[18:18:13]   HIT  MOEXOG             inflation        lag= 30 m5_p=0.1695  m6_ic=0.1147
[18:18:13]   HIT  MOEXOG             banking          lag=  1 m5_p=0.1295  m6_ic=0.1578
[18:18:13]   HIT  MOEXOG             banking          lag=  7 m5_p=0.2620  m6_ic=0.0737
[18:18:13]   HIT  MOEXOG             banking          lag= 14 m5_p=0.2146  m6_ic=0.0304
[18:18:14]   HIT  MOEXOG             banking          lag= 30 m5_p=0.1279  m6_ic=0.0343
[18:18:14]   HIT  MOEXOG             gold             lag=  1 m5_p=0.1103  m6_ic=0.0536
[18:18:14]   HIT  MOEXOG             gold             lag= 30 m5_p=0.7551  m6_ic=0.0595
[18:18:15]   HIT  MOEX10             oil              lag=  7 m5_p=0.3970  m6_ic=0.0669
[18:18:15]   HIT  MOEX10             oil              lag= 14 m5_p=0.8907  m6_ic=0.0437
[18:18:15]   HIT  MOEX10             oil              lag= 30 m5_p=0.4688  m6_ic=0.0402
[18:18:15]   HIT  MOEX10             rate             lag=  1 m5_p=0.1918  m6_ic=0.0642
[18:18:16]   HIT  MOEX10             rate             lag= 14 m5_p=0.3288  m6_ic=0.0401
[18:18:16]   HIT  MOEX10             rate             lag= 30 m5_p=0.4227  m6_ic=0.1644
[18:18:16]   HIT  MOEX10             ruble            lag=  1 m5_p=0.7842  m6_ic=0.0666
[18:18:16]   HIT  MOEX10             ruble            lag=  7 m5_p=0.5689  m6_ic=0.0365
[18:18:17]   HIT  MOEX10             ruble            lag= 14 m5_p=0.4969  m6_ic=0.0568
[18:18:17]   HIT  MOEX10             ruble            lag= 30 m5_p=0.5129  m6_ic=0.0473
[18:18:17]   HIT  MOEX10             sanctions        lag= 14 m5_p=0.8578  m6_ic=0.0368
[18:18:18]   HIT  MOEX10             inflation        lag=  1 m5_p=0.1634  m6_ic=0.0644
[18:18:18]   HIT  MOEX10             inflation        lag=  7 m5_p=0.6236  m6_ic=0.0318
[18:18:19]   HIT  MOEX10             banking          lag=  1 m5_p=0.2926  m6_ic=0.0754
[18:18:19]   HIT  MOEX10             banking          lag= 30 m5_p=0.2579  m6_ic=0.1062
[18:18:20]     Train: 269 signals
[18:18:20]     Val holdout (269 candidates)...
[18:18:20]     VAL PASS  SP500              oil              lag=  1  m6_ic=0.0550
[18:18:20]     VAL PASS  SP500              oil              lag=  7  m6_ic=0.0566
[18:18:21]     VAL PASS  SP500              rate             lag= 30  m6_ic=0.0611
[18:18:21]     VAL PASS  SP500              ruble            lag=  7  m6_ic=0.0657
[18:18:21]     VAL PASS  SP500              inflation        lag= 14  m6_ic=0.1072
[18:18:22]     VAL PASS  SP500              banking          lag=  7  m6_ic=0.0827
[18:18:22]     VAL PASS  SP500              gold             lag=  7  m6_ic=0.0408
[18:18:22]     VAL PASS  USD_RUB            oil              lag=  1  m6_ic=0.1082
[18:18:22]     VAL PASS  USD_RUB            oil              lag= 30  m6_ic=0.1140
[18:18:22]     VAL PASS  USD_RUB            rate             lag=  1  m6_ic=0.0635
[18:18:23]     VAL PASS  USD_RUB            rate             lag= 14  m6_ic=0.1297
[18:18:23]     VAL PASS  USD_RUB            rate             lag= 30  m6_ic=0.0577
[18:18:23]     VAL PASS  USD_RUB            ruble            lag=  1  m6_ic=0.0704
[18:18:23]     VAL PASS  USD_RUB            ruble            lag=  7  m6_ic=0.0754
[18:18:24]     VAL PASS  USD_RUB            ruble            lag= 14  m6_ic=0.1186
[18:18:24]     VAL PASS  USD_RUB            sanctions        lag=  7  m6_ic=0.0796
[18:18:24]     VAL PASS  USD_RUB            sanctions        lag= 14  m6_ic=0.1077
[18:18:24]     VAL PASS  USD_RUB            sanctions        lag= 30  m6_ic=0.0894
[18:18:25]     VAL PASS  USD_RUB            inflation        lag=  7  m6_ic=0.0707
[18:18:25]     VAL PASS  EUR_RUB            oil              lag=  1  m6_ic=0.1082
[18:18:26]     VAL PASS  EUR_RUB            oil              lag= 30  m6_ic=0.1140
[18:18:26]     VAL PASS  EUR_RUB            rate             lag=  1  m6_ic=0.0635
[18:18:26]     VAL PASS  EUR_RUB            rate             lag= 14  m6_ic=0.1297
[18:18:27]     VAL PASS  EUR_RUB            rate             lag= 30  m6_ic=0.0577
[18:18:27]     VAL PASS  EUR_RUB            ruble            lag=  1  m6_ic=0.0704
[18:18:27]     VAL PASS  EUR_RUB            ruble            lag=  7  m6_ic=0.0754
[18:18:27]     VAL PASS  EUR_RUB            ruble            lag= 14  m6_ic=0.1186
[18:18:27]     VAL PASS  EUR_RUB            sanctions        lag=  7  m6_ic=0.0796
[18:18:28]     VAL PASS  EUR_RUB            sanctions        lag= 14  m6_ic=0.1077
[18:18:28]     VAL PASS  EUR_RUB            sanctions        lag= 30  m6_ic=0.0894
[18:18:28]     VAL PASS  EUR_RUB            inflation        lag=  7  m6_ic=0.0707
[18:18:30]     VAL PASS  DJ_SOUTH_AFRICA    sanctions        lag=  1  m6_ic=0.0457
[18:18:30]     VAL PASS  DJ_SOUTH_AFRICA    sanctions        lag=  7  m6_ic=0.0566
[18:18:30]     VAL PASS  DJ_SOUTH_AFRICA    sanctions        lag= 14  m6_ic=0.0420
[18:18:30]     VAL PASS  DJ_SOUTH_AFRICA    sanctions        lag= 30  m6_ic=0.0423
[18:18:31]     VAL PASS  DJ_SOUTH_AFRICA    inflation        lag= 30  m6_ic=0.0358
[18:18:31]     VAL PASS  DJ_SOUTH_AFRICA    banking          lag=  1  m6_ic=0.0851
[18:18:31]     VAL PASS  DJ_SOUTH_AFRICA    banking          lag=  7  m6_ic=0.0443
[18:18:32]     VAL PASS  DJ_SOUTH_AFRICA    banking          lag= 30  m6_ic=0.0356
[18:18:32]     VAL PASS  DJ_SOUTH_AFRICA    gold             lag=  1  m6_ic=0.0555
[18:18:32]     VAL PASS  DJ_SOUTH_AFRICA    gold             lag=  7  m6_ic=0.0551
[18:18:32]     VAL PASS  DJ_SOUTH_AFRICA    gold             lag= 14  m6_ic=0.0637
[18:18:32]     VAL PASS  DJ_SOUTH_AFRICA    gold             lag= 30  m6_ic=0.1073
[18:18:33]     VAL PASS  MSCI_WORLD         oil              lag= 14  m6_ic=0.0649
[18:18:33]     VAL PASS  MSCI_WORLD         oil              lag= 30  m6_ic=0.0348
[18:18:33]     VAL PASS  MSCI_WORLD         rate             lag=  1  m6_ic=0.0303
[18:18:33]     VAL PASS  MSCI_WORLD         rate             lag= 14  m6_ic=0.0896
[18:18:33]     VAL PASS  MSCI_WORLD         rate             lag= 30  m6_ic=0.0506
[18:18:35]     VAL PASS  MSCI_WORLD         banking          lag=  1  m6_ic=0.0556
[18:18:35]     VAL PASS  MSCI_WORLD         banking          lag= 30  m6_ic=0.0343
[18:18:36]     VAL PASS  DXY                oil              lag= 14  m6_ic=0.1204
[18:18:36]     VAL PASS  DXY                rate             lag=  7  m6_ic=0.0960
[18:18:37]     VAL PASS  DXY                rate             lag= 30  m6_ic=0.0832
[18:18:37]     VAL PASS  DXY                ruble            lag= 30  m6_ic=0.0981
[18:18:37]     VAL PASS  DXY                sanctions        lag=  7  m6_ic=0.0456
[18:18:37]     VAL PASS  DXY                sanctions        lag= 14  m6_ic=0.0308
[18:18:37]     VAL PASS  DXY                banking          lag=  7  m6_ic=0.0908
[18:18:37]     VAL PASS  DXY                banking          lag= 14  m6_ic=0.0449
[18:18:38]     VAL PASS  DXY                banking          lag= 30  m6_ic=0.0622
[18:18:38]     VAL PASS  DXY                gold             lag= 14  m6_ic=0.0884
[18:18:38]     VAL PASS  DXY                gold             lag= 30  m6_ic=0.0407
[18:18:39]     VAL PASS  BRENT              oil              lag= 14  m6_ic=0.0876
[18:18:39]     VAL PASS  BRENT              oil              lag= 30  m6_ic=0.0938
[18:18:39]     VAL PASS  BRENT              rate             lag= 14  m6_ic=0.0323
[18:18:39]     VAL PASS  BRENT              ruble            lag= 14  m6_ic=0.0517
[18:18:40]     VAL PASS  BRENT              sanctions        lag=  7  m6_ic=0.0416
[18:18:41]     VAL PASS  BRENT              inflation        lag= 30  m6_ic=0.0655
[18:18:42]     VAL PASS  MSCI_INDIA         oil              lag=  7  m6_ic=0.0566
[18:18:42]     VAL PASS  MSCI_INDIA         rate             lag=  7  m6_ic=0.0834
[18:18:42]     VAL PASS  MSCI_INDIA         rate             lag= 30  m6_ic=0.1738
[18:18:43]     VAL PASS  MSCI_INDIA         sanctions        lag=  1  m6_ic=0.1118
[18:18:43]     VAL PASS  MSCI_INDIA         inflation        lag=  1  m6_ic=0.0506
[18:18:43]     VAL PASS  MSCI_INDIA         inflation        lag= 30  m6_ic=0.0443
[18:18:43]     VAL PASS  MSCI_INDIA         banking          lag=  1  m6_ic=0.0486
[18:18:44]     VAL PASS  MSCI_INDIA         banking          lag=  7  m6_ic=0.0330
[18:18:44]     VAL PASS  MSCI_INDIA         banking          lag= 30  m6_ic=0.0722
[18:18:44]     VAL PASS  MSCI_INDIA         gold             lag=  1  m6_ic=0.0812
[18:18:45]     VAL PASS  CHINA_H_SHARES     rate             lag=  1  m6_ic=0.0515
[18:18:45]     VAL PASS  CHINA_H_SHARES     rate             lag=  7  m6_ic=0.0504
[18:18:45]     VAL PASS  CHINA_H_SHARES     rate             lag= 14  m6_ic=0.0901
[18:18:45]     VAL PASS  CHINA_H_SHARES     ruble            lag=  1  m6_ic=0.0727
[18:18:46]     VAL PASS  CHINA_H_SHARES     ruble            lag= 30  m6_ic=0.0745
[18:18:46]     VAL PASS  CHINA_H_SHARES     sanctions        lag=  1  m6_ic=0.0463
[18:18:46]     VAL PASS  CHINA_H_SHARES     sanctions        lag= 14  m6_ic=0.0627
[18:18:46]     VAL PASS  CHINA_H_SHARES     sanctions        lag= 30  m6_ic=0.0977
[18:18:47]     VAL PASS  CHINA_H_SHARES     banking          lag= 14  m6_ic=0.0575
[18:18:47]     VAL PASS  CHINA_H_SHARES     gold             lag= 14  m6_ic=0.0951
[18:18:47]     VAL PASS  FTSE_CHINA_50      oil              lag=  1  m6_ic=0.0758
[18:18:47]     VAL PASS  FTSE_CHINA_50      oil              lag=  7  m6_ic=0.0351
[18:18:48]     VAL PASS  FTSE_CHINA_50      rate             lag=  1  m6_ic=0.0715
[18:18:48]     VAL PASS  FTSE_CHINA_50      rate             lag=  7  m6_ic=0.0946
[18:18:48]     VAL PASS  FTSE_CHINA_50      rate             lag= 14  m6_ic=0.0461
[18:18:49]     VAL PASS  FTSE_CHINA_50      ruble            lag= 30  m6_ic=0.0522
[18:18:49]     VAL PASS  FTSE_CHINA_50      sanctions        lag= 30  m6_ic=0.0720
[18:18:49]     VAL PASS  FTSE_CHINA_50      inflation        lag=  1  m6_ic=0.0345
[18:18:49]     VAL PASS  FTSE_CHINA_50      inflation        lag=  7  m6_ic=0.0458
[18:18:50]     VAL PASS  FTSE_CHINA_50      gold             lag=  7  m6_ic=0.0381
[18:18:50]     VAL PASS  FTSE_CHINA_50      gold             lag= 14  m6_ic=0.0526
[18:18:50]     VAL PASS  FTSE_CHINA_50      gold             lag= 30  m6_ic=0.0736
[18:18:51]     VAL PASS  GOLD               oil              lag=  1  m6_ic=0.0851
[18:18:51]     VAL PASS  GOLD               oil              lag= 30  m6_ic=0.0743
[18:18:51]     VAL PASS  GOLD               ruble            lag=  7  m6_ic=0.0650
[18:18:51]     VAL PASS  GOLD               ruble            lag= 14  m6_ic=0.0500
[18:18:52]     VAL PASS  GOLD               ruble            lag= 30  m6_ic=0.0531
[18:18:52]     VAL PASS  GOLD               sanctions        lag=  1  m6_ic=0.0581
[18:18:52]     VAL PASS  GOLD               sanctions        lag=  7  m6_ic=0.0909
[18:18:52]     VAL PASS  GOLD               inflation        lag=  1  m6_ic=0.0616
[18:18:52]     VAL PASS  GOLD               inflation        lag= 30  m6_ic=0.0763
[18:18:53]     VAL PASS  GOLD               banking          lag=  1  m6_ic=0.0610
[18:18:53]     VAL PASS  GOLD               banking          lag=  7  m6_ic=0.0414
[18:18:53]     VAL PASS  GOLD               banking          lag= 14  m6_ic=0.0503
[18:18:54]     VAL PASS  SILVER             rate             lag= 14  m6_ic=0.1188
[18:18:55]     VAL PASS  SILVER             rate             lag= 30  m6_ic=0.0396
[18:18:55]     VAL PASS  SILVER             ruble            lag= 14  m6_ic=0.0338
[18:18:55]     VAL PASS  SILVER             ruble            lag= 30  m6_ic=0.0367
[18:18:55]     VAL PASS  SILVER             sanctions        lag=  7  m6_ic=0.0692
[18:18:56]     VAL PASS  SILVER             inflation        lag=  1  m6_ic=0.0842
[18:18:56]     VAL PASS  SILVER             inflation        lag= 14  m6_ic=0.0577
[18:18:56]     VAL PASS  SILVER             banking          lag=  1  m6_ic=0.0579
[18:18:56]     VAL PASS  SILVER             banking          lag= 30  m6_ic=0.0373
[18:18:57]     VAL PASS  SILVER             gold             lag=  1  m6_ic=0.0628
[18:18:57]     VAL PASS  SILVER             gold             lag= 14  m6_ic=0.0476
[18:18:57]     VAL PASS  IMOEX              oil              lag= 14  m6_ic=0.0326
[18:18:57]     VAL PASS  IMOEX              rate             lag= 14  m6_ic=0.0616
[18:18:58]     VAL PASS  IMOEX              rate             lag= 30  m6_ic=0.0468
[18:18:58]     VAL PASS  IMOEX              ruble            lag=  1  m6_ic=0.0661
[18:18:58]     VAL PASS  IMOEX              ruble            lag=  7  m6_ic=0.0732
[18:18:58]     VAL PASS  IMOEX              ruble            lag= 30  m6_ic=0.1228
[18:18:58]     VAL PASS  IMOEX              sanctions        lag= 14  m6_ic=0.0891
[18:18:59]     VAL PASS  IMOEX              inflation        lag=  1  m6_ic=0.0482
[18:18:59]     VAL PASS  IMOEX              inflation        lag=  7  m6_ic=0.0720
[18:18:59]     VAL PASS  IMOEX              banking          lag= 30  m6_ic=0.0438
[18:18:59]     VAL PASS  IMOEX              gold             lag=  1  m6_ic=0.0407
[18:19:00]     VAL PASS  MOEXFN             ruble            lag=  1  m6_ic=0.0466
[18:19:01]     VAL PASS  MOEXFN             ruble            lag=  7  m6_ic=0.0524
[18:19:01]     VAL PASS  MOEXFN             ruble            lag= 30  m6_ic=0.1087
[18:19:01]     VAL PASS  MOEXFN             sanctions        lag=  7  m6_ic=0.0638
[18:19:01]     VAL PASS  MOEXFN             sanctions        lag= 14  m6_ic=0.0785
[18:19:01]     VAL PASS  MOEXFN             sanctions        lag= 30  m6_ic=0.0793
[18:19:02]     VAL PASS  MOEXFN             inflation        lag=  1  m6_ic=0.0818
[18:19:02]     VAL PASS  MOEXFN             banking          lag=  1  m6_ic=0.0471
[18:19:02]     VAL PASS  MOEXFN             banking          lag=  7  m6_ic=0.0529
[18:19:03]     VAL PASS  MOEXOG             oil              lag= 14  m6_ic=0.0340
[18:19:03]     VAL PASS  MOEXOG             oil              lag= 30  m6_ic=0.0663
[18:19:03]     VAL PASS  MOEXOG             rate             lag=  1  m6_ic=0.0423
[18:19:03]     VAL PASS  MOEXOG             rate             lag= 14  m6_ic=0.0638
[18:19:04]     VAL PASS  MOEXOG             ruble            lag=  1  m6_ic=0.0505
[18:19:04]     VAL PASS  MOEXOG             ruble            lag=  7  m6_ic=0.0791
[18:19:04]     VAL PASS  MOEXOG             ruble            lag= 30  m6_ic=0.0750
[18:19:04]     VAL PASS  MOEXOG             sanctions        lag=  7  m6_ic=0.0534
[18:19:04]     VAL PASS  MOEXOG             sanctions        lag= 14  m6_ic=0.1024
[18:19:04]     VAL PASS  MOEXOG             sanctions        lag= 30  m6_ic=0.0510
[18:19:05]     VAL PASS  MOEXOG             inflation        lag=  7  m6_ic=0.0845
[18:19:05]     VAL PASS  MOEXOG             banking          lag=  1  m6_ic=0.0887
[18:19:05]     VAL PASS  MOEXOG             banking          lag=  7  m6_ic=0.1396
[18:19:06]     VAL PASS  MOEXOG             gold             lag=  1  m6_ic=0.0336
[18:19:06]     VAL PASS  MOEXOG             gold             lag= 30  m6_ic=0.0948
[18:19:06]     VAL PASS  MOEX10             oil              lag= 14  m6_ic=0.0647
[18:19:07]     VAL PASS  MOEX10             oil              lag= 30  m6_ic=0.0521
[18:19:07]     VAL PASS  MOEX10             rate             lag=  1  m6_ic=0.0330
[18:19:07]     VAL PASS  MOEX10             rate             lag= 30  m6_ic=0.0587
[18:19:07]     VAL PASS  MOEX10             ruble            lag=  1  m6_ic=0.0559
[18:19:07]     VAL PASS  MOEX10             ruble            lag=  7  m6_ic=0.0819
[18:19:08]     VAL PASS  MOEX10             ruble            lag= 14  m6_ic=0.0718
[18:19:08]     VAL PASS  MOEX10             ruble            lag= 30  m6_ic=0.0542
[18:19:08]     VAL PASS  MOEX10             sanctions        lag= 14  m6_ic=0.0879
[18:19:08]     VAL PASS  MOEX10             inflation        lag=  1  m6_ic=0.0420
[18:19:08]     VAL PASS  MOEX10             inflation        lag=  7  m6_ic=0.0700
[18:19:09]     VAL PASS  MOEX10             banking          lag=  1  m6_ic=0.0310
[18:19:09]     Val: 169/269 held
[18:19:09]   Score: 2838.0  train=269  ic_max=0.1644
[18:19:09] 
[3/15] sweep_keyword_raw_vol_5d
[18:19:09]   Config: sweep_keyword_raw_vol_5d
[18:19:09]     feature=keyword_raw  target=vol_5d  ensemble=M6_only  ic_min=0.03
[18:19:09]   HIT  SP500              oil              lag=  1 m5_p=0.6627  m6_ic=0.0539
[18:19:09]   HIT  SP500              oil              lag=  7 m5_p=0.5171  m6_ic=0.0363
[18:19:10]   HIT  SP500              rate             lag= 14 m5_p=0.5287  m6_ic=0.0301
[18:19:10]   HIT  SP500              rate             lag= 30 m5_p=0.9348  m6_ic=0.0314
[18:19:11]   HIT  SP500              ruble            lag=  7 m5_p=0.9108  m6_ic=0.0474
[18:19:11]   HIT  SP500              ruble            lag= 30 m5_p=0.0762  m6_ic=0.0413
[18:19:13]   HIT  SP500              inflation        lag= 14 m5_p=0.5948  m6_ic=0.0655
[18:19:13]   HIT  SP500              banking          lag=  7 m5_p=0.3701  m6_ic=0.0536
[18:19:14]   HIT  SP500              gold             lag=  7 m5_p=0.8524  m6_ic=0.0942
[18:19:15]   HIT  USD_RUB            oil              lag=  1 m5_p=0.4151  m6_ic=0.0614
[18:19:15]   HIT  USD_RUB            oil              lag= 14 m5_p=0.6241  m6_ic=0.0417
[18:19:15]   HIT  USD_RUB            oil              lag= 30 m5_p=0.1626  m6_ic=0.0698
[18:19:15]   HIT  USD_RUB            rate             lag=  1 m5_p=0.7527  m6_ic=0.0950
[18:19:16]   HIT  USD_RUB            rate             lag=  7 m5_p=0.8101  m6_ic=0.0394
[18:19:16]   HIT  USD_RUB            rate             lag= 14 m5_p=0.7542  m6_ic=0.0378
[18:19:16]   HIT  USD_RUB            rate             lag= 30 m5_p=0.9971  m6_ic=0.0479
[18:19:16]   HIT  USD_RUB            ruble            lag=  1 m5_p=0.7646  m6_ic=0.0442
[18:19:16]   HIT  USD_RUB            ruble            lag=  7 m5_p=0.4884  m6_ic=0.0483
[18:19:17]   HIT  USD_RUB            ruble            lag= 14 m5_p=0.9676  m6_ic=0.1183
[18:19:17]   HIT  USD_RUB            sanctions        lag=  1 m5_p=0.0777  m6_ic=0.1348
[18:19:17]   HIT  USD_RUB            sanctions        lag=  7 m5_p=0.9775  m6_ic=0.0313
[18:19:18]   HIT  USD_RUB            sanctions        lag= 14 m5_p=0.1527  m6_ic=0.0743
[18:19:18]   HIT  USD_RUB            sanctions        lag= 30 m5_p=0.6349  m6_ic=0.0726
[18:19:18]   HIT  USD_RUB            inflation        lag=  1 m5_p=0.8798  m6_ic=0.0351
[18:19:18]   HIT  USD_RUB            inflation        lag=  7 m5_p=0.9352  m6_ic=0.0371
[18:19:18]   HIT  USD_RUB            inflation        lag= 14 m5_p=0.5422  m6_ic=0.0338
[18:19:19]   HIT  USD_RUB            banking          lag= 14 m5_p=0.8158  m6_ic=0.0645
[18:19:19]   HIT  USD_RUB            banking          lag= 30 m5_p=0.6790  m6_ic=0.0792
[18:19:20]   HIT  USD_RUB            gold             lag= 14 m5_p=0.9653  m6_ic=0.0307
[18:19:20]   HIT  EUR_RUB            oil              lag=  1 m5_p=0.4151  m6_ic=0.0614
[18:19:21]   HIT  EUR_RUB            oil              lag= 14 m5_p=0.6241  m6_ic=0.0417
[18:19:21]   HIT  EUR_RUB            oil              lag= 30 m5_p=0.1626  m6_ic=0.0698
[18:19:21]   HIT  EUR_RUB            rate             lag=  1 m5_p=0.7527  m6_ic=0.0950
[18:19:21]   HIT  EUR_RUB            rate             lag=  7 m5_p=0.8101  m6_ic=0.0394
[18:19:22]   HIT  EUR_RUB            rate             lag= 14 m5_p=0.7542  m6_ic=0.0378
[18:19:22]   HIT  EUR_RUB            rate             lag= 30 m5_p=0.9971  m6_ic=0.0479
[18:19:22]   HIT  EUR_RUB            ruble            lag=  1 m5_p=0.7646  m6_ic=0.0442
[18:19:22]   HIT  EUR_RUB            ruble            lag=  7 m5_p=0.4884  m6_ic=0.0483
[18:19:22]   HIT  EUR_RUB            ruble            lag= 14 m5_p=0.9676  m6_ic=0.1183
[18:19:23]   HIT  EUR_RUB            sanctions        lag=  1 m5_p=0.0777  m6_ic=0.1348
[18:19:23]   HIT  EUR_RUB            sanctions        lag=  7 m5_p=0.9775  m6_ic=0.0313
[18:19:23]   HIT  EUR_RUB            sanctions        lag= 14 m5_p=0.1527  m6_ic=0.0743
[18:19:23]   HIT  EUR_RUB            sanctions        lag= 30 m5_p=0.6349  m6_ic=0.0726
[18:19:24]   HIT  EUR_RUB            inflation        lag=  1 m5_p=0.8798  m6_ic=0.0351
[18:19:24]   HIT  EUR_RUB            inflation        lag=  7 m5_p=0.9352  m6_ic=0.0371
[18:19:24]   HIT  EUR_RUB            inflation        lag= 14 m5_p=0.5422  m6_ic=0.0338
[18:19:25]   HIT  EUR_RUB            banking          lag= 14 m5_p=0.8158  m6_ic=0.0645
[18:19:25]   HIT  EUR_RUB            banking          lag= 30 m5_p=0.6790  m6_ic=0.0792
[18:19:26]   HIT  EUR_RUB            gold             lag= 14 m5_p=0.9653  m6_ic=0.0307
[18:19:26]   HIT  DJ_SOUTH_AFRICA    oil              lag=  7 m5_p=0.4695  m6_ic=0.0444
[18:19:28]   HIT  DJ_SOUTH_AFRICA    rate             lag= 30 m5_p=0.5259  m6_ic=0.0386
[18:19:28]   HIT  DJ_SOUTH_AFRICA    ruble            lag= 14 m5_p=0.8469  m6_ic=0.0706
[18:19:28]   HIT  DJ_SOUTH_AFRICA    ruble            lag= 30 m5_p=0.4112  m6_ic=0.0331
[18:19:28]   HIT  DJ_SOUTH_AFRICA    sanctions        lag=  1 m5_p=0.7779  m6_ic=0.1255
[18:19:29]   HIT  DJ_SOUTH_AFRICA    sanctions        lag=  7 m5_p=0.4984  m6_ic=0.0476
[18:19:29]   HIT  DJ_SOUTH_AFRICA    sanctions        lag= 14 m5_p=0.0167  m6_ic=0.0383
[18:19:29]   HIT  DJ_SOUTH_AFRICA    sanctions        lag= 30 m5_p=0.1325  m6_ic=0.0511
[18:19:29]   HIT  DJ_SOUTH_AFRICA    inflation        lag=  1 m5_p=0.4426  m6_ic=0.0457
[18:19:30]   HIT  DJ_SOUTH_AFRICA    inflation        lag= 14 m5_p=0.8858  m6_ic=0.0498
[18:19:30]   HIT  DJ_SOUTH_AFRICA    inflation        lag= 30 m5_p=0.9178  m6_ic=0.0772
[18:19:30]   HIT  DJ_SOUTH_AFRICA    banking          lag=  1 m5_p=0.8775  m6_ic=0.0612
[18:19:30]   HIT  DJ_SOUTH_AFRICA    banking          lag=  7 m5_p=0.9187  m6_ic=0.1092
[18:19:30]   HIT  DJ_SOUTH_AFRICA    banking          lag= 14 m5_p=0.7734  m6_ic=0.0857
[18:19:31]   HIT  DJ_SOUTH_AFRICA    banking          lag= 30 m5_p=0.5459  m6_ic=0.0867
[18:19:31]   HIT  DJ_SOUTH_AFRICA    gold             lag=  1 m5_p=0.9638  m6_ic=0.0482
[18:19:31]   HIT  DJ_SOUTH_AFRICA    gold             lag=  7 m5_p=0.0160  m6_ic=0.0380
[18:19:31]   HIT  DJ_SOUTH_AFRICA    gold             lag= 14 m5_p=0.1792  m6_ic=0.0626
[18:19:31]   HIT  DJ_SOUTH_AFRICA    gold             lag= 30 m5_p=0.8632  m6_ic=0.0696
[18:19:32]   HIT  MSCI_WORLD         oil              lag= 14 m5_p=0.7583  m6_ic=0.0790
[18:19:32]   HIT  MSCI_WORLD         oil              lag= 30 m5_p=0.5465  m6_ic=0.0388
[18:19:33]   HIT  MSCI_WORLD         rate             lag=  1 m5_p=0.8296  m6_ic=0.0851
[18:19:33]   HIT  MSCI_WORLD         rate             lag=  7 m5_p=0.4579  m6_ic=0.0438
[18:19:33]   HIT  MSCI_WORLD         rate             lag= 14 m5_p=0.7534  m6_ic=0.0444
[18:19:33]   HIT  MSCI_WORLD         rate             lag= 30 m5_p=0.4239  m6_ic=0.1146
[18:19:33]   HIT  MSCI_WORLD         ruble            lag=  1 m5_p=0.8053  m6_ic=0.0430
[18:19:34]   HIT  MSCI_WORLD         sanctions        lag=  1 m5_p=0.9279  m6_ic=0.0375
[18:19:34]   HIT  MSCI_WORLD         sanctions        lag= 14 m5_p=0.0236  m6_ic=0.0584
[18:19:35]   HIT  MSCI_WORLD         sanctions        lag= 30 m5_p=0.1371  m6_ic=0.0381
[18:19:35]   HIT  MSCI_WORLD         inflation        lag=  1 m5_p=0.9293  m6_ic=0.0340
[18:19:35]   HIT  MSCI_WORLD         inflation        lag=  7 m5_p=0.8139  m6_ic=0.0516
[18:19:36]   HIT  MSCI_WORLD         banking          lag=  1 m5_p=0.6049  m6_ic=0.0353
[18:19:36]   HIT  MSCI_WORLD         banking          lag=  7 m5_p=0.2795  m6_ic=0.0432
[18:19:36]   HIT  MSCI_WORLD         banking          lag= 14 m5_p=0.5942  m6_ic=0.0327
[18:19:36]   HIT  MSCI_WORLD         banking          lag= 30 m5_p=0.7214  m6_ic=0.0710
[18:19:37]   HIT  MSCI_WORLD         gold             lag= 14 m5_p=0.9363  m6_ic=0.0811
[18:19:37]   HIT  DXY                oil              lag=  1 m5_p=0.9938  m6_ic=0.0545
[18:19:38]   HIT  DXY                oil              lag=  7 m5_p=0.4559  m6_ic=0.0401
[18:19:38]   HIT  DXY                oil              lag= 14 m5_p=0.9907  m6_ic=0.0408
[18:19:38]   HIT  DXY                rate             lag=  1 m5_p=0.6407  m6_ic=0.1002
[18:19:38]   HIT  DXY                rate             lag=  7 m5_p=0.8922  m6_ic=0.0507
[18:19:39]   HIT  DXY                rate             lag= 30 m5_p=0.6109  m6_ic=0.0358
[18:19:40]   HIT  DXY                ruble            lag= 30 m5_p=0.7125  m6_ic=0.0336
[18:19:40]   HIT  DXY                sanctions        lag=  7 m5_p=0.6776  m6_ic=0.0334
[18:19:40]   HIT  DXY                sanctions        lag= 14 m5_p=0.2611  m6_ic=0.0324
[18:19:42]   HIT  DXY                banking          lag=  7 m5_p=0.9637  m6_ic=0.0312
[18:19:42]   HIT  DXY                banking          lag= 14 m5_p=0.7537  m6_ic=0.0459
[18:19:42]   HIT  DXY                banking          lag= 30 m5_p=0.8030  m6_ic=0.0401
[18:19:42]   HIT  DXY                gold             lag=  7 m5_p=0.1827  m6_ic=0.0601
[18:19:43]   HIT  DXY                gold             lag= 14 m5_p=0.6443  m6_ic=0.0731
[18:19:43]   HIT  DXY                gold             lag= 30 m5_p=0.8404  m6_ic=0.0608
[18:19:43]   HIT  BRENT              oil              lag=  7 m5_p=0.9807  m6_ic=0.0504
[18:19:43]   HIT  BRENT              oil              lag= 14 m5_p=0.8691  m6_ic=0.0561
[18:19:44]   HIT  BRENT              oil              lag= 30 m5_p=0.8554  m6_ic=0.0732
[18:19:44]   HIT  BRENT              rate             lag=  7 m5_p=0.9612  m6_ic=0.0734
[18:19:44]   HIT  BRENT              rate             lag= 14 m5_p=0.9184  m6_ic=0.0727
[18:19:45]   HIT  BRENT              ruble            lag=  7 m5_p=0.1811  m6_ic=0.0722
[18:19:45]   HIT  BRENT              ruble            lag= 14 m5_p=0.6368  m6_ic=0.0536
[18:19:45]   HIT  BRENT              ruble            lag= 30 m5_p=0.4976  m6_ic=0.0478
[18:19:45]   HIT  BRENT              sanctions        lag=  1 m5_p=0.8883  m6_ic=0.0389
[18:19:46]   HIT  BRENT              sanctions        lag=  7 m5_p=0.0344  m6_ic=0.1222
[18:19:46]   HIT  BRENT              sanctions        lag= 14 m5_p=0.6047  m6_ic=0.0669
[18:19:46]   HIT  BRENT              sanctions        lag= 30 m5_p=0.7844  m6_ic=0.0517
[18:19:46]   HIT  BRENT              inflation        lag=  7 m5_p=0.6647  m6_ic=0.0522
[18:19:47]   HIT  BRENT              inflation        lag= 30 m5_p=0.7393  m6_ic=0.0407
[18:19:48]   HIT  BRENT              banking          lag= 30 m5_p=0.3849  m6_ic=0.0319
[18:19:48]   HIT  BRENT              gold             lag=  1 m5_p=0.4448  m6_ic=0.0355
[18:19:48]   HIT  BRENT              gold             lag= 30 m5_p=0.6646  m6_ic=0.0375
[18:19:49]   HIT  MSCI_INDIA         oil              lag=  1 m5_p=0.8762  m6_ic=0.0847
[18:19:49]   HIT  MSCI_INDIA         oil              lag=  7 m5_p=0.6587  m6_ic=0.0376
[18:19:49]   HIT  MSCI_INDIA         oil              lag= 14 m5_p=0.9138  m6_ic=0.0576
[18:19:50]   HIT  MSCI_INDIA         rate             lag=  7 m5_p=0.4848  m6_ic=0.0311
[18:19:50]   HIT  MSCI_INDIA         rate             lag= 30 m5_p=0.6603  m6_ic=0.0430
[18:19:51]   HIT  MSCI_INDIA         ruble            lag= 30 m5_p=0.6740  m6_ic=0.0458
[18:19:51]   HIT  MSCI_INDIA         sanctions        lag=  1 m5_p=0.8585  m6_ic=0.1201
[18:19:51]   HIT  MSCI_INDIA         sanctions        lag= 14 m5_p=0.0381  m6_ic=0.0760
[18:19:52]   HIT  MSCI_INDIA         inflation        lag=  1 m5_p=0.9173  m6_ic=0.1354
[18:19:53]   HIT  MSCI_INDIA         inflation        lag= 30 m5_p=0.7822  m6_ic=0.0536
[18:19:53]   HIT  MSCI_INDIA         banking          lag=  1 m5_p=0.5125  m6_ic=0.0806
[18:19:53]   HIT  MSCI_INDIA         banking          lag=  7 m5_p=0.5848  m6_ic=0.1100
[18:19:53]   HIT  MSCI_INDIA         banking          lag= 30 m5_p=0.5876  m6_ic=0.0520
[18:19:53]   HIT  MSCI_INDIA         gold             lag=  1 m5_p=0.9223  m6_ic=0.0316
[18:19:54]   HIT  MSCI_INDIA         gold             lag= 30 m5_p=0.8411  m6_ic=0.0849
[18:19:54]   HIT  CHINA_H_SHARES     oil              lag=  1 m5_p=0.4252  m6_ic=0.0343
[18:19:54]   HIT  CHINA_H_SHARES     oil              lag=  7 m5_p=0.2836  m6_ic=0.0621
[18:19:55]   HIT  CHINA_H_SHARES     oil              lag= 14 m5_p=0.7447  m6_ic=0.0546
[18:19:55]   HIT  CHINA_H_SHARES     rate             lag=  1 m5_p=0.4171  m6_ic=0.0592
[18:19:55]   HIT  CHINA_H_SHARES     rate             lag=  7 m5_p=0.8738  m6_ic=0.0416
[18:19:55]   HIT  CHINA_H_SHARES     rate             lag= 14 m5_p=0.2584  m6_ic=0.0415
[18:19:56]   HIT  CHINA_H_SHARES     ruble            lag=  1 m5_p=0.8376  m6_ic=0.0627
[18:19:56]   HIT  CHINA_H_SHARES     ruble            lag= 30 m5_p=0.5751  m6_ic=0.0612
[18:19:57]   HIT  CHINA_H_SHARES     sanctions        lag=  1 m5_p=0.1269  m6_ic=0.0444
[18:19:57]   HIT  CHINA_H_SHARES     sanctions        lag= 14 m5_p=0.0570  m6_ic=0.0427
[18:19:57]   HIT  CHINA_H_SHARES     sanctions        lag= 30 m5_p=0.7132  m6_ic=0.0422
[18:19:57]   HIT  CHINA_H_SHARES     inflation        lag=  1 m5_p=0.5014  m6_ic=0.0630
[18:19:58]   HIT  CHINA_H_SHARES     inflation        lag=  7 m5_p=0.5842  m6_ic=0.0326
[18:19:59]   HIT  CHINA_H_SHARES     banking          lag= 14 m5_p=0.1631  m6_ic=0.0425
[18:19:59]   HIT  CHINA_H_SHARES     banking          lag= 30 m5_p=0.4281  m6_ic=0.0334
[18:19:59]   HIT  CHINA_H_SHARES     gold             lag=  1 m5_p=0.7182  m6_ic=0.0669
[18:19:59]   HIT  CHINA_H_SHARES     gold             lag= 14 m5_p=0.9956  m6_ic=0.0525
[18:20:00]   HIT  FTSE_CHINA_50      oil              lag=  1 m5_p=0.4584  m6_ic=0.0529
[18:20:00]   HIT  FTSE_CHINA_50      oil              lag=  7 m5_p=0.2440  m6_ic=0.0695
[18:20:00]   HIT  FTSE_CHINA_50      oil              lag= 14 m5_p=0.7124  m6_ic=0.0473
[18:20:01]   HIT  FTSE_CHINA_50      rate             lag=  1 m5_p=0.5148  m6_ic=0.0649
[18:20:01]   HIT  FTSE_CHINA_50      rate             lag=  7 m5_p=0.9913  m6_ic=0.0363
[18:20:01]   HIT  FTSE_CHINA_50      rate             lag= 14 m5_p=0.2687  m6_ic=0.0479
[18:20:01]   HIT  FTSE_CHINA_50      ruble            lag=  1 m5_p=0.9901  m6_ic=0.0409
[18:20:02]   HIT  FTSE_CHINA_50      ruble            lag= 30 m5_p=0.3880  m6_ic=0.0817
[18:20:03]   HIT  FTSE_CHINA_50      sanctions        lag= 14 m5_p=0.0897  m6_ic=0.0445
[18:20:03]   HIT  FTSE_CHINA_50      sanctions        lag= 30 m5_p=0.4187  m6_ic=0.0440
[18:20:03]   HIT  FTSE_CHINA_50      inflation        lag=  1 m5_p=0.6470  m6_ic=0.0428
[18:20:03]   HIT  FTSE_CHINA_50      inflation        lag=  7 m5_p=0.3905  m6_ic=0.0340
[18:20:04]   HIT  FTSE_CHINA_50      inflation        lag= 30 m5_p=0.6986  m6_ic=0.0496
[18:20:04]   HIT  FTSE_CHINA_50      banking          lag=  1 m5_p=0.6430  m6_ic=0.0363
[18:20:04]   HIT  FTSE_CHINA_50      banking          lag= 14 m5_p=0.1179  m6_ic=0.0360
[18:20:05]   HIT  FTSE_CHINA_50      gold             lag=  1 m5_p=0.6650  m6_ic=0.0336
[18:20:05]   HIT  FTSE_CHINA_50      gold             lag=  7 m5_p=0.1741  m6_ic=0.0432
[18:20:05]   HIT  FTSE_CHINA_50      gold             lag= 14 m5_p=0.9787  m6_ic=0.0412
[18:20:05]   HIT  FTSE_CHINA_50      gold             lag= 30 m5_p=0.3984  m6_ic=0.0550
[18:20:05]   HIT  GOLD               oil              lag=  1 m5_p=0.9532  m6_ic=0.0326
[18:20:06]   HIT  GOLD               oil              lag= 30 m5_p=0.3688  m6_ic=0.0932
[18:20:07]   HIT  GOLD               ruble            lag=  1 m5_p=0.7153  m6_ic=0.0798
[18:20:07]   HIT  GOLD               ruble            lag=  7 m5_p=0.6456  m6_ic=0.1263
[18:20:07]   HIT  GOLD               ruble            lag= 14 m5_p=0.4860  m6_ic=0.0612
[18:20:08]   HIT  GOLD               ruble            lag= 30 m5_p=0.7346  m6_ic=0.0603
[18:20:08]   HIT  GOLD               sanctions        lag=  1 m5_p=0.9744  m6_ic=0.0562
[18:20:08]   HIT  GOLD               sanctions        lag=  7 m5_p=0.5785  m6_ic=0.0424
[18:20:08]   HIT  GOLD               sanctions        lag= 30 m5_p=0.0448  m6_ic=0.0603
[18:20:08]   HIT  GOLD               inflation        lag=  1 m5_p=0.0726  m6_ic=0.0479
[18:20:09]   HIT  GOLD               inflation        lag= 30 m5_p=0.3846  m6_ic=0.0750
[18:20:09]   HIT  GOLD               banking          lag=  1 m5_p=0.2110  m6_ic=0.0443
[18:20:09]   HIT  GOLD               banking          lag=  7 m5_p=0.6102  m6_ic=0.0774
[18:20:10]   HIT  GOLD               banking          lag= 14 m5_p=0.4794  m6_ic=0.0343
[18:20:10]   HIT  GOLD               gold             lag=  7 m5_p=0.7286  m6_ic=0.0902
[18:20:10]   HIT  GOLD               gold             lag= 14 m5_p=0.2403  m6_ic=0.0845
[18:20:11]   HIT  GOLD               gold             lag= 30 m5_p=0.7674  m6_ic=0.0310
[18:20:11]   HIT  SILVER             oil              lag=  1 m5_p=0.5583  m6_ic=0.0637
[18:20:11]   HIT  SILVER             oil              lag=  7 m5_p=0.7134  m6_ic=0.0428
[18:20:11]   HIT  SILVER             oil              lag= 30 m5_p=0.9348  m6_ic=0.0440
[18:20:12]   HIT  SILVER             rate             lag=  7 m5_p=0.5172  m6_ic=0.0744
[18:20:12]   HIT  SILVER             rate             lag= 14 m5_p=0.5417  m6_ic=0.0392
[18:20:12]   HIT  SILVER             rate             lag= 30 m5_p=0.2067  m6_ic=0.0430
[18:20:13]   HIT  SILVER             ruble            lag= 14 m5_p=0.7541  m6_ic=0.0504
[18:20:13]   HIT  SILVER             ruble            lag= 30 m5_p=0.5015  m6_ic=0.0913
[18:20:13]   HIT  SILVER             sanctions        lag=  7 m5_p=0.7734  m6_ic=0.0438
[18:20:14]   HIT  SILVER             sanctions        lag= 14 m5_p=0.2520  m6_ic=0.0362
[18:20:14]   HIT  SILVER             sanctions        lag= 30 m5_p=0.2898  m6_ic=0.0987
[18:20:14]   HIT  SILVER             inflation        lag=  1 m5_p=0.4563  m6_ic=0.1023
[18:20:14]   HIT  SILVER             inflation        lag= 14 m5_p=0.5560  m6_ic=0.0378
[18:20:15]   HIT  SILVER             banking          lag=  1 m5_p=0.8597  m6_ic=0.1069
[18:20:15]   HIT  SILVER             banking          lag=  7 m5_p=0.7958  m6_ic=0.1034
[18:20:15]   HIT  SILVER             banking          lag= 14 m5_p=0.7033  m6_ic=0.0433
[18:20:15]   HIT  SILVER             banking          lag= 30 m5_p=0.4961  m6_ic=0.0565
[18:20:15]   HIT  SILVER             gold             lag=  1 m5_p=0.5015  m6_ic=0.0709
[18:20:16]   HIT  SILVER             gold             lag= 14 m5_p=0.9397  m6_ic=0.0362
[18:20:16]   HIT  IMOEX              oil              lag=  7 m5_p=0.3656  m6_ic=0.0982
[18:20:17]   HIT  IMOEX              oil              lag= 14 m5_p=0.6076  m6_ic=0.0473
[18:20:17]   HIT  IMOEX              rate             lag=  1 m5_p=0.1954  m6_ic=0.0644
[18:20:17]   HIT  IMOEX              rate             lag= 14 m5_p=0.2500  m6_ic=0.0539
[18:20:18]   HIT  IMOEX              rate             lag= 30 m5_p=0.7067  m6_ic=0.1142
[18:20:18]   HIT  IMOEX              ruble            lag=  1 m5_p=0.6798  m6_ic=0.0638
[18:20:18]   HIT  IMOEX              ruble            lag=  7 m5_p=0.3416  m6_ic=0.0426
[18:20:18]   HIT  IMOEX              ruble            lag= 30 m5_p=0.8905  m6_ic=0.0697
[18:20:19]   HIT  IMOEX              sanctions        lag= 14 m5_p=0.9472  m6_ic=0.0559
[18:20:19]   HIT  IMOEX              inflation        lag=  1 m5_p=0.1679  m6_ic=0.0467
[18:20:20]   HIT  IMOEX              inflation        lag=  7 m5_p=0.5877  m6_ic=0.0634
[18:20:20]   HIT  IMOEX              inflation        lag= 30 m5_p=0.5803  m6_ic=0.1008
[18:20:20]   HIT  IMOEX              banking          lag=  1 m5_p=0.2253  m6_ic=0.1129
[18:20:21]   HIT  IMOEX              banking          lag= 30 m5_p=0.6247  m6_ic=0.0719
[18:20:21]   HIT  IMOEX              gold             lag=  1 m5_p=0.1881  m6_ic=0.0330
[18:20:21]   HIT  IMOEX              gold             lag=  7 m5_p=0.8441  m6_ic=0.0457
[18:20:22]   HIT  MOEXFN             oil              lag=  7 m5_p=0.3823  m6_ic=0.0555
[18:20:23]   HIT  MOEXFN             rate             lag=  1 m5_p=0.1128  m6_ic=0.0572
[18:20:23]   HIT  MOEXFN             rate             lag= 30 m5_p=0.9347  m6_ic=0.0956
[18:20:23]   HIT  MOEXFN             ruble            lag=  1 m5_p=0.3256  m6_ic=0.0750
[18:20:24]   HIT  MOEXFN             ruble            lag=  7 m5_p=0.6758  m6_ic=0.0360
[18:20:24]   HIT  MOEXFN             ruble            lag= 30 m5_p=0.6894  m6_ic=0.0504
[18:20:24]   HIT  MOEXFN             sanctions        lag=  7 m5_p=0.7753  m6_ic=0.0594
[18:20:25]   HIT  MOEXFN             sanctions        lag= 14 m5_p=0.9255  m6_ic=0.0561
[18:20:25]   HIT  MOEXFN             sanctions        lag= 30 m5_p=0.3461  m6_ic=0.0867
[18:20:25]   HIT  MOEXFN             inflation        lag=  1 m5_p=0.0918  m6_ic=0.0509
[18:20:26]   HIT  MOEXFN             banking          lag=  1 m5_p=0.1911  m6_ic=0.0902
[18:20:26]   HIT  MOEXFN             banking          lag=  7 m5_p=0.3546  m6_ic=0.0357
[18:20:26]   HIT  MOEXFN             banking          lag= 30 m5_p=0.2464  m6_ic=0.1143
[18:20:27]   HIT  MOEXFN             gold             lag=  7 m5_p=0.6910  m6_ic=0.0444
[18:20:28]   HIT  MOEXOG             oil              lag=  7 m5_p=0.4351  m6_ic=0.1201
[18:20:28]   HIT  MOEXOG             oil              lag= 14 m5_p=0.5055  m6_ic=0.0430
[18:20:28]   HIT  MOEXOG             oil              lag= 30 m5_p=0.6199  m6_ic=0.0678
[18:20:28]   HIT  MOEXOG             rate             lag=  1 m5_p=0.1240  m6_ic=0.0447
[18:20:29]   HIT  MOEXOG             rate             lag= 14 m5_p=0.2992  m6_ic=0.0307
[18:20:29]   HIT  MOEXOG             rate             lag= 30 m5_p=0.9974  m6_ic=0.1017
[18:20:29]   HIT  MOEXOG             ruble            lag=  1 m5_p=0.7496  m6_ic=0.0840
[18:20:29]   HIT  MOEXOG             ruble            lag=  7 m5_p=0.4303  m6_ic=0.0639
[18:20:30]   HIT  MOEXOG             ruble            lag= 30 m5_p=0.4104  m6_ic=0.1030
[18:20:30]   HIT  MOEXOG             sanctions        lag=  7 m5_p=0.1408  m6_ic=0.0445
[18:20:30]   HIT  MOEXOG             sanctions        lag= 14 m5_p=0.9303  m6_ic=0.0472
[18:20:30]   HIT  MOEXOG             sanctions        lag= 30 m5_p=0.9924  m6_ic=0.0328
[18:20:31]   HIT  MOEXOG             inflation        lag=  7 m5_p=0.4974  m6_ic=0.0594
[18:20:31]   HIT  MOEXOG             inflation        lag= 30 m5_p=0.1695  m6_ic=0.1147
[18:20:31]   HIT  MOEXOG             banking          lag=  1 m5_p=0.1295  m6_ic=0.1578
[18:20:31]   HIT  MOEXOG             banking          lag=  7 m5_p=0.2620  m6_ic=0.0737
[18:20:32]   HIT  MOEXOG             banking          lag= 14 m5_p=0.2146  m6_ic=0.0304
[18:20:32]   HIT  MOEXOG             banking          lag= 30 m5_p=0.1279  m6_ic=0.0343
[18:20:32]   HIT  MOEXOG             gold             lag=  1 m5_p=0.1103  m6_ic=0.0536
[18:20:33]   HIT  MOEXOG             gold             lag= 30 m5_p=0.7551  m6_ic=0.0595
[18:20:33]   HIT  MOEX10             oil              lag=  7 m5_p=0.3970  m6_ic=0.0669
[18:20:33]   HIT  MOEX10             oil              lag= 14 m5_p=0.8907  m6_ic=0.0437
[18:20:33]   HIT  MOEX10             oil              lag= 30 m5_p=0.4688  m6_ic=0.0402
[18:20:34]   HIT  MOEX10             rate             lag=  1 m5_p=0.1918  m6_ic=0.0642
[18:20:34]   HIT  MOEX10             rate             lag= 14 m5_p=0.3288  m6_ic=0.0401
[18:20:34]   HIT  MOEX10             rate             lag= 30 m5_p=0.4227  m6_ic=0.1644
[18:20:34]   HIT  MOEX10             ruble            lag=  1 m5_p=0.7842  m6_ic=0.0666
[18:20:35]   HIT  MOEX10             ruble            lag=  7 m5_p=0.5689  m6_ic=0.0365
[18:20:35]   HIT  MOEX10             ruble            lag= 14 m5_p=0.4969  m6_ic=0.0568
[18:20:35]   HIT  MOEX10             ruble            lag= 30 m5_p=0.5129  m6_ic=0.0473
[18:20:36]   HIT  MOEX10             sanctions        lag= 14 m5_p=0.8578  m6_ic=0.0368
[18:20:36]   HIT  MOEX10             inflation        lag=  1 m5_p=0.1634  m6_ic=0.0644
[18:20:36]   HIT  MOEX10             inflation        lag=  7 m5_p=0.6236  m6_ic=0.0318
[18:20:37]   HIT  MOEX10             banking          lag=  1 m5_p=0.2926  m6_ic=0.0754
[18:20:38]   HIT  MOEX10             banking          lag= 30 m5_p=0.2579  m6_ic=0.1062
[18:20:39]     Train: 269 signals
[18:20:39]     Val holdout (269 candidates)...
[18:20:39]     VAL PASS  SP500              oil              lag=  1  m6_ic=0.0550
[18:20:39]     VAL PASS  SP500              oil              lag=  7  m6_ic=0.0566
[18:20:39]     VAL PASS  SP500              rate             lag= 30  m6_ic=0.0611
[18:20:39]     VAL PASS  SP500              ruble            lag=  7  m6_ic=0.0657
[18:20:40]     VAL PASS  SP500              inflation        lag= 14  m6_ic=0.1072
[18:20:40]     VAL PASS  SP500              banking          lag=  7  m6_ic=0.0827
[18:20:40]     VAL PASS  SP500              gold             lag=  7  m6_ic=0.0408
[18:20:40]     VAL PASS  USD_RUB            oil              lag=  1  m6_ic=0.1082
[18:20:41]     VAL PASS  USD_RUB            oil              lag= 30  m6_ic=0.1140
[18:20:41]     VAL PASS  USD_RUB            rate             lag=  1  m6_ic=0.0635
[18:20:41]     VAL PASS  USD_RUB            rate             lag= 14  m6_ic=0.1297
[18:20:42]     VAL PASS  USD_RUB            rate             lag= 30  m6_ic=0.0577
[18:20:42]     VAL PASS  USD_RUB            ruble            lag=  1  m6_ic=0.0704
[18:20:42]     VAL PASS  USD_RUB            ruble            lag=  7  m6_ic=0.0754
[18:20:42]     VAL PASS  USD_RUB            ruble            lag= 14  m6_ic=0.1186
[18:20:42]     VAL PASS  USD_RUB            sanctions        lag=  7  m6_ic=0.0796
[18:20:43]     VAL PASS  USD_RUB            sanctions        lag= 14  m6_ic=0.1077
[18:20:43]     VAL PASS  USD_RUB            sanctions        lag= 30  m6_ic=0.0894
[18:20:43]     VAL PASS  USD_RUB            inflation        lag=  7  m6_ic=0.0707
[18:20:44]     VAL PASS  EUR_RUB            oil              lag=  1  m6_ic=0.1082
[18:20:45]     VAL PASS  EUR_RUB            oil              lag= 30  m6_ic=0.1140
[18:20:45]     VAL PASS  EUR_RUB            rate             lag=  1  m6_ic=0.0635
[18:20:45]     VAL PASS  EUR_RUB            rate             lag= 14  m6_ic=0.1297
[18:20:45]     VAL PASS  EUR_RUB            rate             lag= 30  m6_ic=0.0577
[18:20:45]     VAL PASS  EUR_RUB            ruble            lag=  1  m6_ic=0.0704
[18:20:46]     VAL PASS  EUR_RUB            ruble            lag=  7  m6_ic=0.0754
[18:20:46]     VAL PASS  EUR_RUB            ruble            lag= 14  m6_ic=0.1186
[18:20:46]     VAL PASS  EUR_RUB            sanctions        lag=  7  m6_ic=0.0796
[18:20:46]     VAL PASS  EUR_RUB            sanctions        lag= 14  m6_ic=0.1077
[18:20:46]     VAL PASS  EUR_RUB            sanctions        lag= 30  m6_ic=0.0894
[18:20:47]     VAL PASS  EUR_RUB            inflation        lag=  7  m6_ic=0.0707
[18:20:48]     VAL PASS  DJ_SOUTH_AFRICA    sanctions        lag=  1  m6_ic=0.0457
[18:20:49]     VAL PASS  DJ_SOUTH_AFRICA    sanctions        lag=  7  m6_ic=0.0566
[18:20:49]     VAL PASS  DJ_SOUTH_AFRICA    sanctions        lag= 14  m6_ic=0.0420
[18:20:49]     VAL PASS  DJ_SOUTH_AFRICA    sanctions        lag= 30  m6_ic=0.0423
[18:20:50]     VAL PASS  DJ_SOUTH_AFRICA    inflation        lag= 30  m6_ic=0.0358
[18:20:50]     VAL PASS  DJ_SOUTH_AFRICA    banking          lag=  1  m6_ic=0.0851
[18:20:50]     VAL PASS  DJ_SOUTH_AFRICA    banking          lag=  7  m6_ic=0.0443
[18:20:50]     VAL PASS  DJ_SOUTH_AFRICA    banking          lag= 30  m6_ic=0.0356
[18:20:50]     VAL PASS  DJ_SOUTH_AFRICA    gold             lag=  1  m6_ic=0.0555
[18:20:51]     VAL PASS  DJ_SOUTH_AFRICA    gold             lag=  7  m6_ic=0.0551
[18:20:51]     VAL PASS  DJ_SOUTH_AFRICA    gold             lag= 14  m6_ic=0.0637
[18:20:51]     VAL PASS  DJ_SOUTH_AFRICA    gold             lag= 30  m6_ic=0.1073
[18:20:51]     VAL PASS  MSCI_WORLD         oil              lag= 14  m6_ic=0.0649
[18:20:51]     VAL PASS  MSCI_WORLD         oil              lag= 30  m6_ic=0.0348
[18:20:52]     VAL PASS  MSCI_WORLD         rate             lag=  1  m6_ic=0.0303
[18:20:52]     VAL PASS  MSCI_WORLD         rate             lag= 14  m6_ic=0.0896
[18:20:52]     VAL PASS  MSCI_WORLD         rate             lag= 30  m6_ic=0.0506
[18:20:53]     VAL PASS  MSCI_WORLD         banking          lag=  1  m6_ic=0.0556
[18:20:54]     VAL PASS  MSCI_WORLD         banking          lag= 30  m6_ic=0.0343
[18:20:55]     VAL PASS  DXY                oil              lag= 14  m6_ic=0.1204
[18:20:55]     VAL PASS  DXY                rate             lag=  7  m6_ic=0.0960
[18:20:55]     VAL PASS  DXY                rate             lag= 30  m6_ic=0.0832
[18:20:55]     VAL PASS  DXY                ruble            lag= 30  m6_ic=0.0981
[18:20:56]     VAL PASS  DXY                sanctions        lag=  7  m6_ic=0.0456
[18:20:56]     VAL PASS  DXY                sanctions        lag= 14  m6_ic=0.0308
[18:20:56]     VAL PASS  DXY                banking          lag=  7  m6_ic=0.0908
[18:20:56]     VAL PASS  DXY                banking          lag= 14  m6_ic=0.0449
[18:20:56]     VAL PASS  DXY                banking          lag= 30  m6_ic=0.0622
[18:20:57]     VAL PASS  DXY                gold             lag= 14  m6_ic=0.0884
[18:20:57]     VAL PASS  DXY                gold             lag= 30  m6_ic=0.0407
[18:20:57]     VAL PASS  BRENT              oil              lag= 14  m6_ic=0.0876
[18:20:57]     VAL PASS  BRENT              oil              lag= 30  m6_ic=0.0938
[18:20:58]     VAL PASS  BRENT              rate             lag= 14  m6_ic=0.0323
[18:20:58]     VAL PASS  BRENT              ruble            lag= 14  m6_ic=0.0517
[18:20:59]     VAL PASS  BRENT              sanctions        lag=  7  m6_ic=0.0416
[18:20:59]     VAL PASS  BRENT              inflation        lag= 30  m6_ic=0.0655
[18:21:00]     VAL PASS  MSCI_INDIA         oil              lag=  7  m6_ic=0.0566
[18:21:01]     VAL PASS  MSCI_INDIA         rate             lag=  7  m6_ic=0.0834
[18:21:01]     VAL PASS  MSCI_INDIA         rate             lag= 30  m6_ic=0.1738
[18:21:01]     VAL PASS  MSCI_INDIA         sanctions        lag=  1  m6_ic=0.1118
[18:21:02]     VAL PASS  MSCI_INDIA         inflation        lag=  1  m6_ic=0.0506
[18:21:02]     VAL PASS  MSCI_INDIA         inflation        lag= 30  m6_ic=0.0443
[18:21:02]     VAL PASS  MSCI_INDIA         banking          lag=  1  m6_ic=0.0486
[18:21:02]     VAL PASS  MSCI_INDIA         banking          lag=  7  m6_ic=0.0330
[18:21:02]     VAL PASS  MSCI_INDIA         banking          lag= 30  m6_ic=0.0722
[18:21:03]     VAL PASS  MSCI_INDIA         gold             lag=  1  m6_ic=0.0812
[18:21:03]     VAL PASS  CHINA_H_SHARES     rate             lag=  1  m6_ic=0.0515
[18:21:04]     VAL PASS  CHINA_H_SHARES     rate             lag=  7  m6_ic=0.0504
[18:21:04]     VAL PASS  CHINA_H_SHARES     rate             lag= 14  m6_ic=0.0901
[18:21:04]     VAL PASS  CHINA_H_SHARES     ruble            lag=  1  m6_ic=0.0727
[18:21:04]     VAL PASS  CHINA_H_SHARES     ruble            lag= 30  m6_ic=0.0745
[18:21:04]     VAL PASS  CHINA_H_SHARES     sanctions        lag=  1  m6_ic=0.0463
[18:21:05]     VAL PASS  CHINA_H_SHARES     sanctions        lag= 14  m6_ic=0.0627
[18:21:05]     VAL PASS  CHINA_H_SHARES     sanctions        lag= 30  m6_ic=0.0977
[18:21:05]     VAL PASS  CHINA_H_SHARES     banking          lag= 14  m6_ic=0.0575
[18:21:06]     VAL PASS  CHINA_H_SHARES     gold             lag= 14  m6_ic=0.0951
[18:21:06]     VAL PASS  FTSE_CHINA_50      oil              lag=  1  m6_ic=0.0758
[18:21:06]     VAL PASS  FTSE_CHINA_50      oil              lag=  7  m6_ic=0.0351
[18:21:07]     VAL PASS  FTSE_CHINA_50      rate             lag=  1  m6_ic=0.0715
[18:21:07]     VAL PASS  FTSE_CHINA_50      rate             lag=  7  m6_ic=0.0946
[18:21:07]     VAL PASS  FTSE_CHINA_50      rate             lag= 14  m6_ic=0.0461
[18:21:07]     VAL PASS  FTSE_CHINA_50      ruble            lag= 30  m6_ic=0.0522
[18:21:08]     VAL PASS  FTSE_CHINA_50      sanctions        lag= 30  m6_ic=0.0720
[18:21:08]     VAL PASS  FTSE_CHINA_50      inflation        lag=  1  m6_ic=0.0345
[18:21:08]     VAL PASS  FTSE_CHINA_50      inflation        lag=  7  m6_ic=0.0458
[18:21:09]     VAL PASS  FTSE_CHINA_50      gold             lag=  7  m6_ic=0.0381
[18:21:09]     VAL PASS  FTSE_CHINA_50      gold             lag= 14  m6_ic=0.0526
[18:21:09]     VAL PASS  FTSE_CHINA_50      gold             lag= 30  m6_ic=0.0736
[18:21:10]     VAL PASS  GOLD               oil              lag=  1  m6_ic=0.0851
[18:21:10]     VAL PASS  GOLD               oil              lag= 30  m6_ic=0.0743
[18:21:10]     VAL PASS  GOLD               ruble            lag=  7  m6_ic=0.0650
[18:21:10]     VAL PASS  GOLD               ruble            lag= 14  m6_ic=0.0500
[18:21:10]     VAL PASS  GOLD               ruble            lag= 30  m6_ic=0.0531
[18:21:11]     VAL PASS  GOLD               sanctions        lag=  1  m6_ic=0.0581
[18:21:11]     VAL PASS  GOLD               sanctions        lag=  7  m6_ic=0.0909
[18:21:11]     VAL PASS  GOLD               inflation        lag=  1  m6_ic=0.0616
[18:21:11]     VAL PASS  GOLD               inflation        lag= 30  m6_ic=0.0763
[18:21:11]     VAL PASS  GOLD               banking          lag=  1  m6_ic=0.0610
[18:21:12]     VAL PASS  GOLD               banking          lag=  7  m6_ic=0.0414
[18:21:12]     VAL PASS  GOLD               banking          lag= 14  m6_ic=0.0503
[18:21:13]     VAL PASS  SILVER             rate             lag= 14  m6_ic=0.1188
[18:21:13]     VAL PASS  SILVER             rate             lag= 30  m6_ic=0.0396
[18:21:14]     VAL PASS  SILVER             ruble            lag= 14  m6_ic=0.0338
[18:21:14]     VAL PASS  SILVER             ruble            lag= 30  m6_ic=0.0367
[18:21:14]     VAL PASS  SILVER             sanctions        lag=  7  m6_ic=0.0692
[18:21:14]     VAL PASS  SILVER             inflation        lag=  1  m6_ic=0.0842
[18:21:15]     VAL PASS  SILVER             inflation        lag= 14  m6_ic=0.0577
[18:21:15]     VAL PASS  SILVER             banking          lag=  1  m6_ic=0.0579
[18:21:15]     VAL PASS  SILVER             banking          lag= 30  m6_ic=0.0373
[18:21:16]     VAL PASS  SILVER             gold             lag=  1  m6_ic=0.0628
[18:21:16]     VAL PASS  SILVER             gold             lag= 14  m6_ic=0.0476
[18:21:16]     VAL PASS  IMOEX              oil              lag= 14  m6_ic=0.0326
[18:21:16]     VAL PASS  IMOEX              rate             lag= 14  m6_ic=0.0616
[18:21:17]     VAL PASS  IMOEX              rate             lag= 30  m6_ic=0.0468
[18:21:17]     VAL PASS  IMOEX              ruble            lag=  1  m6_ic=0.0661
[18:21:17]     VAL PASS  IMOEX              ruble            lag=  7  m6_ic=0.0732
[18:21:17]     VAL PASS  IMOEX              ruble            lag= 30  m6_ic=0.1228
[18:21:17]     VAL PASS  IMOEX              sanctions        lag= 14  m6_ic=0.0891
[18:21:17]     VAL PASS  IMOEX              inflation        lag=  1  m6_ic=0.0482
[18:21:18]     VAL PASS  IMOEX              inflation        lag=  7  m6_ic=0.0720
[18:21:18]     VAL PASS  IMOEX              banking          lag= 30  m6_ic=0.0438
[18:21:18]     VAL PASS  IMOEX              gold             lag=  1  m6_ic=0.0407
[18:21:19]     VAL PASS  MOEXFN             ruble            lag=  1  m6_ic=0.0466
[18:21:19]     VAL PASS  MOEXFN             ruble            lag=  7  m6_ic=0.0524
[18:21:20]     VAL PASS  MOEXFN             ruble            lag= 30  m6_ic=0.1087
[18:21:20]     VAL PASS  MOEXFN             sanctions        lag=  7  m6_ic=0.0638
[18:21:20]     VAL PASS  MOEXFN             sanctions        lag= 14  m6_ic=0.0785
[18:21:20]     VAL PASS  MOEXFN             sanctions        lag= 30  m6_ic=0.0793
[18:21:20]     VAL PASS  MOEXFN             inflation        lag=  1  m6_ic=0.0818
[18:21:21]     VAL PASS  MOEXFN             banking          lag=  1  m6_ic=0.0471
[18:21:21]     VAL PASS  MOEXFN             banking          lag=  7  m6_ic=0.0529
[18:21:22]     VAL PASS  MOEXOG             oil              lag= 14  m6_ic=0.0340
[18:21:22]     VAL PASS  MOEXOG             oil              lag= 30  m6_ic=0.0663
[18:21:22]     VAL PASS  MOEXOG             rate             lag=  1  m6_ic=0.0423
[18:21:22]     VAL PASS  MOEXOG             rate             lag= 14  m6_ic=0.0638
[18:21:22]     VAL PASS  MOEXOG             ruble            lag=  1  m6_ic=0.0505
[18:21:23]     VAL PASS  MOEXOG             ruble            lag=  7  m6_ic=0.0791
[18:21:23]     VAL PASS  MOEXOG             ruble            lag= 30  m6_ic=0.0750
[18:21:23]     VAL PASS  MOEXOG             sanctions        lag=  7  m6_ic=0.0534
[18:21:23]     VAL PASS  MOEXOG             sanctions        lag= 14  m6_ic=0.1024
[18:21:23]     VAL PASS  MOEXOG             sanctions        lag= 30  m6_ic=0.0510
[18:21:24]     VAL PASS  MOEXOG             inflation        lag=  7  m6_ic=0.0845
[18:21:24]     VAL PASS  MOEXOG             banking          lag=  1  m6_ic=0.0887
[18:21:24]     VAL PASS  MOEXOG             banking          lag=  7  m6_ic=0.1396
[18:21:25]     VAL PASS  MOEXOG             gold             lag=  1  m6_ic=0.0336
[18:21:25]     VAL PASS  MOEXOG             gold             lag= 30  m6_ic=0.0948
[18:21:25]     VAL PASS  MOEX10             oil              lag= 14  m6_ic=0.0647
[18:21:25]     VAL PASS  MOEX10             oil              lag= 30  m6_ic=0.0521
[18:21:26]     VAL PASS  MOEX10             rate             lag=  1  m6_ic=0.0330
[18:21:26]     VAL PASS  MOEX10             rate             lag= 30  m6_ic=0.0587
[18:21:26]     VAL PASS  MOEX10             ruble            lag=  1  m6_ic=0.0559
[18:21:26]     VAL PASS  MOEX10             ruble            lag=  7  m6_ic=0.0819
[18:21:26]     VAL PASS  MOEX10             ruble            lag= 14  m6_ic=0.0718
[18:21:27]     VAL PASS  MOEX10             ruble            lag= 30  m6_ic=0.0542
[18:21:27]     VAL PASS  MOEX10             sanctions        lag= 14  m6_ic=0.0879
[18:21:27]     VAL PASS  MOEX10             inflation        lag=  1  m6_ic=0.0420
[18:21:27]     VAL PASS  MOEX10             inflation        lag=  7  m6_ic=0.0700
[18:21:27]     VAL PASS  MOEX10             banking          lag=  1  m6_ic=0.0310
[18:21:28]     Val: 169/269 held
[18:21:28]   Score: 2838.0  train=269  ic_max=0.1644
[18:21:28] 
[4/15] sweep_keyword_z90_market_return
[18:21:28]   Config: sweep_keyword_z90_market_return
[18:21:28]     feature=keyword_z90  target=market_return  ensemble=M6_only  ic_min=0.03
[18:21:28]   HIT  SP500              oil_z            lag=  7 m5_p=0.6748  m6_ic=0.0527
[18:21:28]   HIT  SP500              oil_z            lag= 14 m5_p=0.7862  m6_ic=0.1014
[18:21:29]   HIT  SP500              rate_z           lag=  1 m5_p=0.4366  m6_ic=0.0510
[18:21:29]   HIT  SP500              rate_z           lag=  7 m5_p=0.8581  m6_ic=0.0547
[18:21:29]   HIT  SP500              rate_z           lag= 14 m5_p=0.9377  m6_ic=0.0710
[18:21:29]   HIT  SP500              ruble_z          lag=  1 m5_p=0.6337  m6_ic=0.0566
[18:21:30]   HIT  SP500              sanctions_z      lag=  1 m5_p=0.4430  m6_ic=0.0698
[18:21:30]   HIT  SP500              sanctions_z      lag=  7 m5_p=0.7751  m6_ic=0.0709
[18:21:31]   HIT  SP500              inflation_z      lag=  1 m5_p=0.4970  m6_ic=0.0398
[18:21:31]   HIT  SP500              inflation_z      lag=  7 m5_p=0.5052  m6_ic=0.0847
[18:21:32]   HIT  SP500              inflation_z      lag= 30 m5_p=0.6300  m6_ic=0.0727
[18:21:32]   HIT  SP500              banking_z        lag=  1 m5_p=0.8581  m6_ic=0.0508
[18:21:32]   HIT  SP500              banking_z        lag= 14 m5_p=0.6500  m6_ic=0.0462
[18:21:33]   HIT  SP500              banking_z        lag= 30 m5_p=0.5090  m6_ic=0.0337
[18:21:33]   HIT  SP500              gold_z           lag=  7 m5_p=0.7528  m6_ic=0.0567
[18:21:34]   HIT  USD_RUB            oil_z            lag= 14 m5_p=0.6692  m6_ic=0.0580
[18:21:34]   HIT  USD_RUB            oil_z            lag= 30 m5_p=0.4686  m6_ic=0.0829
[18:21:34]   HIT  USD_RUB            rate_z           lag=  1 m5_p=0.9318  m6_ic=0.1048
[18:21:35]   HIT  USD_RUB            rate_z           lag= 30 m5_p=0.3641  m6_ic=0.0830
[18:21:35]   HIT  USD_RUB            ruble_z          lag=  1 m5_p=0.1133  m6_ic=0.0395
[18:21:35]   HIT  USD_RUB            ruble_z          lag=  7 m5_p=0.1581  m6_ic=0.0476
[18:21:36]   HIT  USD_RUB            ruble_z          lag= 14 m5_p=0.9816  m6_ic=0.1100
[18:21:37]   HIT  USD_RUB            sanctions_z      lag= 14 m5_p=0.6089  m6_ic=0.0672
[18:21:37]   HIT  USD_RUB            sanctions_z      lag= 30 m5_p=0.1916  m6_ic=0.0594
[18:21:40]   HIT  EUR_RUB            oil_z            lag= 14 m5_p=0.6692  m6_ic=0.0580
[18:21:40]   HIT  EUR_RUB            oil_z            lag= 30 m5_p=0.4686  m6_ic=0.0829
[18:21:40]   HIT  EUR_RUB            rate_z           lag=  1 m5_p=0.9318  m6_ic=0.1048
[18:21:41]   HIT  EUR_RUB            rate_z           lag= 30 m5_p=0.3641  m6_ic=0.0830
[18:21:41]   HIT  EUR_RUB            ruble_z          lag=  1 m5_p=0.1133  m6_ic=0.0395
[18:21:41]   HIT  EUR_RUB            ruble_z          lag=  7 m5_p=0.1581  m6_ic=0.0476
[18:21:41]   HIT  EUR_RUB            ruble_z          lag= 14 m5_p=0.9816  m6_ic=0.1100
[18:21:42]   HIT  EUR_RUB            sanctions_z      lag= 14 m5_p=0.6089  m6_ic=0.0672
[18:21:42]   HIT  EUR_RUB            sanctions_z      lag= 30 m5_p=0.1916  m6_ic=0.0594
[18:21:45]   HIT  DJ_SOUTH_AFRICA    oil_z            lag=  7 m5_p=0.6844  m6_ic=0.0421
[18:21:46]   HIT  DJ_SOUTH_AFRICA    oil_z            lag= 30 m5_p=0.7089  m6_ic=0.0453
[18:21:47]   HIT  DJ_SOUTH_AFRICA    ruble_z          lag=  1 m5_p=0.2753  m6_ic=0.0327
[18:21:48]   HIT  DJ_SOUTH_AFRICA    sanctions_z      lag=  1 m5_p=0.6815  m6_ic=0.0457
[18:21:48]   HIT  DJ_SOUTH_AFRICA    sanctions_z      lag= 14 m5_p=0.0779  m6_ic=0.0913
[18:21:49]   HIT  DJ_SOUTH_AFRICA    inflation_z      lag= 14 m5_p=0.3188  m6_ic=0.0959
[18:21:49]   HIT  DJ_SOUTH_AFRICA    inflation_z      lag= 30 m5_p=0.7929  m6_ic=0.0511
[18:21:49]   HIT  DJ_SOUTH_AFRICA    banking_z        lag=  1 m5_p=0.7066  m6_ic=0.0641
[18:21:49]   HIT  DJ_SOUTH_AFRICA    banking_z        lag=  7 m5_p=0.5309  m6_ic=0.0672
[18:21:50]   HIT  DJ_SOUTH_AFRICA    banking_z        lag= 30 m5_p=0.4462  m6_ic=0.1268
[18:21:51]   HIT  DJ_SOUTH_AFRICA    gold_z           lag= 30 m5_p=0.6862  m6_ic=0.0316
[18:21:51]   HIT  MSCI_WORLD         oil_z            lag=  1 m5_p=0.5159  m6_ic=0.0479
[18:21:51]   HIT  MSCI_WORLD         oil_z            lag= 14 m5_p=0.4804  m6_ic=0.0423
[18:21:51]   HIT  MSCI_WORLD         oil_z            lag= 30 m5_p=0.2309  m6_ic=0.0322
[18:21:52]   HIT  MSCI_WORLD         rate_z           lag=  7 m5_p=0.2870  m6_ic=0.0667
[18:21:52]   HIT  MSCI_WORLD         rate_z           lag= 14 m5_p=0.6915  m6_ic=0.0301
[18:21:52]   HIT  MSCI_WORLD         rate_z           lag= 30 m5_p=0.8385  m6_ic=0.0355
[18:21:52]   HIT  MSCI_WORLD         ruble_z          lag=  1 m5_p=0.8080  m6_ic=0.0853
[18:21:53]   HIT  MSCI_WORLD         ruble_z          lag=  7 m5_p=0.9167  m6_ic=0.0921
[18:21:53]   HIT  MSCI_WORLD         ruble_z          lag= 30 m5_p=0.6524  m6_ic=0.0477
[18:21:53]   HIT  MSCI_WORLD         sanctions_z      lag=  7 m5_p=0.9308  m6_ic=0.0323
[18:21:53]   HIT  MSCI_WORLD         sanctions_z      lag= 14 m5_p=0.0137  m6_ic=0.0993
[18:21:54]   HIT  MSCI_WORLD         inflation_z      lag=  1 m5_p=0.7383  m6_ic=0.0436
[18:21:54]   HIT  MSCI_WORLD         inflation_z      lag= 30 m5_p=0.7384  m6_ic=0.0309
[18:21:55]   HIT  MSCI_WORLD         banking_z        lag=  7 m5_p=0.2023  m6_ic=0.0786
[18:21:55]   HIT  MSCI_WORLD         banking_z        lag= 30 m5_p=0.9942  m6_ic=0.0386
[18:21:56]   HIT  DXY                oil_z            lag=  1 m5_p=0.2414  m6_ic=0.0793
[18:21:57]   HIT  DXY                oil_z            lag= 14 m5_p=0.7563  m6_ic=0.0457
[18:21:57]   HIT  DXY                oil_z            lag= 30 m5_p=0.9815  m6_ic=0.0813
[18:21:57]   HIT  DXY                rate_z           lag=  1 m5_p=0.3050  m6_ic=0.0430
[18:21:57]   HIT  DXY                rate_z           lag=  7 m5_p=0.2421  m6_ic=0.0551
[18:21:58]   HIT  DXY                rate_z           lag= 30 m5_p=0.1284  m6_ic=0.0300
[18:21:58]   HIT  DXY                ruble_z          lag=  7 m5_p=0.4020  m6_ic=0.0448
[18:21:59]   HIT  DXY                sanctions_z      lag=  1 m5_p=0.9497  m6_ic=0.0383
[18:21:59]   HIT  DXY                sanctions_z      lag= 14 m5_p=0.1076  m6_ic=0.0375
[18:22:00]   HIT  DXY                inflation_z      lag=  7 m5_p=0.2981  m6_ic=0.0602
[18:22:00]   HIT  DXY                banking_z        lag=  1 m5_p=0.2260  m6_ic=0.0604
[18:22:01]   HIT  DXY                banking_z        lag= 14 m5_p=0.7712  m6_ic=0.0496
[18:22:01]   HIT  DXY                gold_z           lag=  7 m5_p=0.1179  m6_ic=0.0653
[18:22:02]   HIT  DXY                gold_z           lag= 14 m5_p=0.9351  m6_ic=0.1175
[18:22:02]   HIT  DXY                gold_z           lag= 30 m5_p=0.4623  m6_ic=0.0315
[18:22:02]   HIT  BRENT              oil_z            lag=  1 m5_p=0.9346  m6_ic=0.0406
[18:22:02]   HIT  BRENT              oil_z            lag=  7 m5_p=0.7838  m6_ic=0.0323
[18:22:03]   HIT  BRENT              oil_z            lag= 30 m5_p=0.8551  m6_ic=0.0800
[18:22:03]   HIT  BRENT              rate_z           lag=  7 m5_p=0.6818  m6_ic=0.0496
[18:22:04]   HIT  BRENT              ruble_z          lag=  1 m5_p=0.2518  m6_ic=0.0403
[18:22:04]   HIT  BRENT              ruble_z          lag= 30 m5_p=0.4153  m6_ic=0.1042
[18:22:04]   HIT  BRENT              sanctions_z      lag=  1 m5_p=0.5997  m6_ic=0.0313
[18:22:05]   HIT  BRENT              sanctions_z      lag=  7 m5_p=0.9600  m6_ic=0.0553
[18:22:05]   HIT  BRENT              sanctions_z      lag= 14 m5_p=0.3220  m6_ic=0.0433
[18:22:05]   HIT  BRENT              sanctions_z      lag= 30 m5_p=0.5788  m6_ic=0.0428
[18:22:05]   HIT  BRENT              inflation_z      lag=  1 m5_p=0.2547  m6_ic=0.0371
[18:22:06]   HIT  BRENT              inflation_z      lag= 14 m5_p=0.6837  m6_ic=0.1134
[18:22:06]   HIT  BRENT              inflation_z      lag= 30 m5_p=0.6957  m6_ic=0.0373
[18:22:06]   HIT  BRENT              banking_z        lag=  1 m5_p=0.7337  m6_ic=0.0561
[18:22:06]   HIT  BRENT              banking_z        lag=  7 m5_p=0.1672  m6_ic=0.0787
[18:22:06]   HIT  BRENT              banking_z        lag= 14 m5_p=0.6100  m6_ic=0.0377
[18:22:07]   HIT  BRENT              gold_z           lag= 14 m5_p=0.3846  m6_ic=0.0425
[18:22:07]   HIT  BRENT              gold_z           lag= 30 m5_p=0.4444  m6_ic=0.0414
[18:22:09]   HIT  MSCI_INDIA         rate_z           lag=  1 m5_p=0.4597  m6_ic=0.0374
[18:22:09]   HIT  MSCI_INDIA         rate_z           lag= 14 m5_p=0.6407  m6_ic=0.0556
[18:22:09]   HIT  MSCI_INDIA         ruble_z          lag=  1 m5_p=0.7407  m6_ic=0.0782
[18:22:10]   HIT  MSCI_INDIA         ruble_z          lag= 14 m5_p=0.7548  m6_ic=0.0444
[18:22:10]   HIT  MSCI_INDIA         ruble_z          lag= 30 m5_p=0.6840  m6_ic=0.1163
[18:22:10]   HIT  MSCI_INDIA         sanctions_z      lag=  1 m5_p=0.8390  m6_ic=0.0804
[18:22:10]   HIT  MSCI_INDIA         sanctions_z      lag=  7 m5_p=0.6660  m6_ic=0.0532
[18:22:11]   HIT  MSCI_INDIA         sanctions_z      lag= 30 m5_p=0.7515  m6_ic=0.0537
[18:22:11]   HIT  MSCI_INDIA         inflation_z      lag=  7 m5_p=0.4727  m6_ic=0.0344
[18:22:11]   HIT  MSCI_INDIA         inflation_z      lag= 30 m5_p=0.7764  m6_ic=0.0488
[18:22:12]   HIT  MSCI_INDIA         banking_z        lag=  7 m5_p=0.6346  m6_ic=0.0664
[18:22:12]   HIT  MSCI_INDIA         banking_z        lag= 14 m5_p=0.3996  m6_ic=0.0755
[18:22:12]   HIT  MSCI_INDIA         banking_z        lag= 30 m5_p=0.5097  m6_ic=0.1499
[18:22:12]   HIT  MSCI_INDIA         gold_z           lag=  1 m5_p=0.5637  m6_ic=0.0718
[18:22:13]   HIT  MSCI_INDIA         gold_z           lag=  7 m5_p=0.6810  m6_ic=0.0318
[18:22:13]   HIT  MSCI_INDIA         gold_z           lag= 14 m5_p=0.2356  m6_ic=0.1126
[18:22:13]   HIT  CHINA_H_SHARES     oil_z            lag=  1 m5_p=0.4078  m6_ic=0.0396
[18:22:13]   HIT  CHINA_H_SHARES     oil_z            lag=  7 m5_p=0.3879  m6_ic=0.0652
[18:22:14]   HIT  CHINA_H_SHARES     oil_z            lag= 30 m5_p=0.6605  m6_ic=0.0794
[18:22:14]   HIT  CHINA_H_SHARES     rate_z           lag=  1 m5_p=0.0778  m6_ic=0.0808
[18:22:14]   HIT  CHINA_H_SHARES     rate_z           lag=  7 m5_p=0.8293  m6_ic=0.0837
[18:22:14]   HIT  CHINA_H_SHARES     rate_z           lag= 14 m5_p=0.7421  m6_ic=0.0693
[18:22:15]   HIT  CHINA_H_SHARES     ruble_z          lag= 30 m5_p=0.6007  m6_ic=0.0372
[18:22:16]   HIT  CHINA_H_SHARES     sanctions_z      lag=  1 m5_p=0.4326  m6_ic=0.0352
[18:22:16]   HIT  CHINA_H_SHARES     sanctions_z      lag= 14 m5_p=0.3141  m6_ic=0.0414
[18:22:16]   HIT  CHINA_H_SHARES     sanctions_z      lag= 30 m5_p=0.2065  m6_ic=0.0882
[18:22:16]   HIT  CHINA_H_SHARES     inflation_z      lag=  1 m5_p=0.1657  m6_ic=0.0329
[18:22:17]   HIT  CHINA_H_SHARES     inflation_z      lag= 30 m5_p=0.3707  m6_ic=0.0400
[18:22:18]   HIT  CHINA_H_SHARES     banking_z        lag=  7 m5_p=0.9238  m6_ic=0.0517
[18:22:18]   HIT  CHINA_H_SHARES     banking_z        lag= 30 m5_p=0.9528  m6_ic=0.0391
[18:22:18]   HIT  CHINA_H_SHARES     gold_z           lag=  1 m5_p=0.3506  m6_ic=0.0655
[18:22:18]   HIT  CHINA_H_SHARES     gold_z           lag=  7 m5_p=0.2418  m6_ic=0.0632
[18:22:19]   HIT  CHINA_H_SHARES     gold_z           lag= 30 m5_p=0.9133  m6_ic=0.0892
[18:22:19]   HIT  FTSE_CHINA_50      oil_z            lag=  1 m5_p=0.4418  m6_ic=0.0537
[18:22:19]   HIT  FTSE_CHINA_50      oil_z            lag=  7 m5_p=0.3249  m6_ic=0.0373
[18:22:19]   HIT  FTSE_CHINA_50      oil_z            lag= 14 m5_p=0.8152  m6_ic=0.0316
[18:22:20]   HIT  FTSE_CHINA_50      oil_z            lag= 30 m5_p=0.6776  m6_ic=0.0983
[18:22:20]   HIT  FTSE_CHINA_50      rate_z           lag=  1 m5_p=0.0686  m6_ic=0.0939
[18:22:20]   HIT  FTSE_CHINA_50      rate_z           lag=  7 m5_p=0.9920  m6_ic=0.0796
[18:22:20]   HIT  FTSE_CHINA_50      rate_z           lag= 14 m5_p=0.9641  m6_ic=0.0636
[18:22:21]   HIT  FTSE_CHINA_50      ruble_z          lag= 14 m5_p=0.8984  m6_ic=0.0423
[18:22:21]   HIT  FTSE_CHINA_50      sanctions_z      lag=  1 m5_p=0.4682  m6_ic=0.0388
[18:22:21]   HIT  FTSE_CHINA_50      sanctions_z      lag=  7 m5_p=0.6112  m6_ic=0.0567
[18:22:22]   HIT  FTSE_CHINA_50      sanctions_z      lag= 14 m5_p=0.5075  m6_ic=0.0465
[18:22:22]   HIT  FTSE_CHINA_50      sanctions_z      lag= 30 m5_p=0.1301  m6_ic=0.0854
[18:22:23]   HIT  FTSE_CHINA_50      inflation_z      lag= 30 m5_p=0.3401  m6_ic=0.0377
[18:22:23]   HIT  FTSE_CHINA_50      banking_z        lag=  7 m5_p=0.9999  m6_ic=0.0536
[18:22:23]   HIT  FTSE_CHINA_50      banking_z        lag= 30 m5_p=0.7490  m6_ic=0.0443
[18:22:24]   HIT  FTSE_CHINA_50      gold_z           lag=  1 m5_p=0.2753  m6_ic=0.0715
[18:22:24]   HIT  FTSE_CHINA_50      gold_z           lag=  7 m5_p=0.2675  m6_ic=0.0782
[18:22:24]   HIT  FTSE_CHINA_50      gold_z           lag= 30 m5_p=0.7492  m6_ic=0.1108
[18:22:25]   HIT  GOLD               oil_z            lag=  1 m5_p=0.3410  m6_ic=0.0740
[18:22:25]   HIT  GOLD               oil_z            lag=  7 m5_p=0.5309  m6_ic=0.0307
[18:22:25]   HIT  GOLD               oil_z            lag= 30 m5_p=0.8937  m6_ic=0.0544
[18:22:25]   HIT  GOLD               rate_z           lag=  1 m5_p=0.9320  m6_ic=0.0944
[18:22:26]   HIT  GOLD               rate_z           lag= 14 m5_p=0.1962  m6_ic=0.0795
[18:22:26]   HIT  GOLD               rate_z           lag= 30 m5_p=0.9938  m6_ic=0.0415
[18:22:27]   HIT  GOLD               ruble_z          lag= 30 m5_p=0.8547  m6_ic=0.1470
[18:22:27]   HIT  GOLD               sanctions_z      lag=  1 m5_p=0.9873  m6_ic=0.0309
[18:22:27]   HIT  GOLD               sanctions_z      lag= 14 m5_p=0.1815  m6_ic=0.0689
[18:22:28]   HIT  GOLD               sanctions_z      lag= 30 m5_p=0.0688  m6_ic=0.0646
[18:22:28]   HIT  GOLD               inflation_z      lag=  7 m5_p=0.0163  m6_ic=0.1378
[18:22:29]   HIT  GOLD               banking_z        lag=  7 m5_p=0.2484  m6_ic=0.0472
[18:22:29]   HIT  GOLD               banking_z        lag= 30 m5_p=0.8820  m6_ic=0.0463
[18:22:29]   HIT  GOLD               gold_z           lag=  1 m5_p=0.9441  m6_ic=0.0352
[18:22:29]   HIT  GOLD               gold_z           lag=  7 m5_p=0.9611  m6_ic=0.1063
[18:22:30]   HIT  GOLD               gold_z           lag= 14 m5_p=0.0545  m6_ic=0.0797
[18:22:30]   HIT  GOLD               gold_z           lag= 30 m5_p=0.4941  m6_ic=0.0389
[18:22:30]   HIT  SILVER             oil_z            lag= 30 m5_p=0.5800  m6_ic=0.0502
[18:22:31]   HIT  SILVER             rate_z           lag=  1 m5_p=0.4295  m6_ic=0.0367
[18:22:31]   HIT  SILVER             rate_z           lag=  7 m5_p=0.2690  m6_ic=0.1576
[18:22:31]   HIT  SILVER             rate_z           lag= 14 m5_p=0.7726  m6_ic=0.1103
[18:22:31]   HIT  SILVER             rate_z           lag= 30 m5_p=0.3588  m6_ic=0.0329
[18:22:32]   HIT  SILVER             ruble_z          lag= 30 m5_p=0.5785  m6_ic=0.0343
[18:22:32]   HIT  SILVER             sanctions_z      lag=  7 m5_p=0.6731  m6_ic=0.0738
[18:22:33]   HIT  SILVER             sanctions_z      lag= 14 m5_p=0.2403  m6_ic=0.0328
[18:22:33]   HIT  SILVER             inflation_z      lag=  7 m5_p=0.1879  m6_ic=0.0463
[18:22:34]   HIT  SILVER             inflation_z      lag= 30 m5_p=0.3543  m6_ic=0.0508
[18:22:34]   HIT  SILVER             banking_z        lag=  1 m5_p=0.9566  m6_ic=0.0990
[18:22:34]   HIT  SILVER             banking_z        lag= 14 m5_p=0.8649  m6_ic=0.0429
[18:22:34]   HIT  SILVER             banking_z        lag= 30 m5_p=0.5269  m6_ic=0.0363
[18:22:34]   HIT  SILVER             gold_z           lag=  1 m5_p=0.1866  m6_ic=0.0339
[18:22:35]   HIT  SILVER             gold_z           lag= 14 m5_p=0.9873  m6_ic=0.0467
[18:22:35]   HIT  SILVER             gold_z           lag= 30 m5_p=0.1992  m6_ic=0.0391
[18:22:35]   HIT  IMOEX              oil_z            lag=  1 m5_p=0.2413  m6_ic=0.0580
[18:22:36]   HIT  IMOEX              rate_z           lag=  1 m5_p=0.3025  m6_ic=0.0443
[18:22:36]   HIT  IMOEX              rate_z           lag=  7 m5_p=0.2258  m6_ic=0.0420
[18:22:36]   HIT  IMOEX              rate_z           lag= 14 m5_p=0.2674  m6_ic=0.0817
[18:22:37]   HIT  IMOEX              rate_z           lag= 30 m5_p=0.4265  m6_ic=0.1355
[18:22:37]   HIT  IMOEX              ruble_z          lag=  1 m5_p=0.7600  m6_ic=0.1486
[18:22:37]   HIT  IMOEX              ruble_z          lag=  7 m5_p=0.0306  m6_ic=0.0333
[18:22:37]   HIT  IMOEX              ruble_z          lag= 14 m5_p=0.3301  m6_ic=0.0746
[18:22:38]   HIT  IMOEX              ruble_z          lag= 30 m5_p=0.8361  m6_ic=0.0588
[18:22:38]   HIT  IMOEX              sanctions_z      lag= 14 m5_p=0.7735  m6_ic=0.0305
[18:22:39]   HIT  IMOEX              inflation_z      lag=  1 m5_p=0.2068  m6_ic=0.0652
[18:22:39]   HIT  IMOEX              inflation_z      lag= 30 m5_p=0.5172  m6_ic=0.0900
[18:22:39]   HIT  IMOEX              banking_z        lag=  7 m5_p=0.1920  m6_ic=0.0512
[18:22:40]   HIT  IMOEX              banking_z        lag= 30 m5_p=0.0824  m6_ic=0.0624
[18:22:40]   HIT  IMOEX              gold_z           lag=  1 m5_p=0.3190  m6_ic=0.0361
[18:22:41]   HIT  IMOEX              gold_z           lag= 30 m5_p=0.3290  m6_ic=0.0581
[18:22:41]   HIT  MOEXFN             oil_z            lag=  1 m5_p=0.3589  m6_ic=0.1419
[18:22:41]   HIT  MOEXFN             oil_z            lag=  7 m5_p=0.3274  m6_ic=0.0580
[18:22:41]   HIT  MOEXFN             oil_z            lag= 14 m5_p=0.6156  m6_ic=0.0324
[18:22:42]   HIT  MOEXFN             rate_z           lag= 14 m5_p=0.6683  m6_ic=0.0319
[18:22:42]   HIT  MOEXFN             rate_z           lag= 30 m5_p=0.9930  m6_ic=0.0357
[18:22:42]   HIT  MOEXFN             ruble_z          lag=  1 m5_p=0.6517  m6_ic=0.0735
[18:22:43]   HIT  MOEXFN             ruble_z          lag=  7 m5_p=0.2104  m6_ic=0.0631
[18:22:43]   HIT  MOEXFN             ruble_z          lag= 14 m5_p=0.5300  m6_ic=0.0578
[18:22:43]   HIT  MOEXFN             sanctions_z      lag=  1 m5_p=0.0556  m6_ic=0.0696
[18:22:44]   HIT  MOEXFN             sanctions_z      lag=  7 m5_p=0.9122  m6_ic=0.0433
[18:22:44]   HIT  MOEXFN             inflation_z      lag=  1 m5_p=0.2433  m6_ic=0.0377
[18:22:44]   HIT  MOEXFN             inflation_z      lag=  7 m5_p=0.4069  m6_ic=0.0376
[18:22:45]   HIT  MOEXFN             inflation_z      lag= 30 m5_p=0.4238  m6_ic=0.0521
[18:22:45]   HIT  MOEXFN             banking_z        lag=  7 m5_p=0.4758  m6_ic=0.0767
[18:22:45]   HIT  MOEXFN             banking_z        lag= 14 m5_p=0.1339  m6_ic=0.0699
[18:22:46]   HIT  MOEXFN             gold_z           lag=  7 m5_p=0.1800  m6_ic=0.0408
[18:22:47]   HIT  MOEXOG             oil_z            lag=  1 m5_p=0.2170  m6_ic=0.1113
[18:22:47]   HIT  MOEXOG             oil_z            lag=  7 m5_p=0.4584  m6_ic=0.0360
[18:22:47]   HIT  MOEXOG             rate_z           lag=  1 m5_p=0.2176  m6_ic=0.0682
[18:22:48]   HIT  MOEXOG             ruble_z          lag=  1 m5_p=0.7748  m6_ic=0.1057
[18:22:48]   HIT  MOEXOG             ruble_z          lag=  7 m5_p=0.0664  m6_ic=0.0461
[18:22:49]   HIT  MOEXOG             ruble_z          lag= 30 m5_p=0.9428  m6_ic=0.0346
[18:22:49]   HIT  MOEXOG             sanctions_z      lag=  7 m5_p=0.4094  m6_ic=0.0456
[18:22:49]   HIT  MOEXOG             sanctions_z      lag= 14 m5_p=0.3950  m6_ic=0.0419
[18:22:50]   HIT  MOEXOG             sanctions_z      lag= 30 m5_p=0.7427  m6_ic=0.0935
[18:22:50]   HIT  MOEXOG             inflation_z      lag=  1 m5_p=0.1034  m6_ic=0.1183
[18:22:50]   HIT  MOEXOG             inflation_z      lag= 30 m5_p=0.8230  m6_ic=0.1764
[18:22:51]   HIT  MOEXOG             banking_z        lag= 30 m5_p=0.1176  m6_ic=0.0665
[18:22:51]   HIT  MOEXOG             gold_z           lag=  1 m5_p=0.2022  m6_ic=0.0321
[18:22:52]   HIT  MOEXOG             gold_z           lag=  7 m5_p=0.7653  m6_ic=0.0454
[18:22:52]   HIT  MOEXOG             gold_z           lag= 30 m5_p=0.4799  m6_ic=0.0626
[18:22:52]   HIT  MOEX10             oil_z            lag=  1 m5_p=0.3737  m6_ic=0.1661
[18:22:52]   HIT  MOEX10             oil_z            lag=  7 m5_p=0.4867  m6_ic=0.0718
[18:22:53]   HIT  MOEX10             oil_z            lag= 14 m5_p=0.7293  m6_ic=0.0705
[18:22:53]   HIT  MOEX10             rate_z           lag=  1 m5_p=0.3887  m6_ic=0.0357
[18:22:53]   HIT  MOEX10             rate_z           lag=  7 m5_p=0.3078  m6_ic=0.0524
[18:22:54]   HIT  MOEX10             rate_z           lag= 30 m5_p=0.4483  m6_ic=0.0572
[18:22:54]   HIT  MOEX10             ruble_z          lag=  1 m5_p=0.9719  m6_ic=0.1048
[18:22:54]   HIT  MOEX10             ruble_z          lag=  7 m5_p=0.1292  m6_ic=0.0463
[18:22:54]   HIT  MOEX10             ruble_z          lag= 14 m5_p=0.4546  m6_ic=0.0393
[18:22:55]   HIT  MOEX10             sanctions_z      lag=  7 m5_p=0.6263  m6_ic=0.0733
[18:22:55]   HIT  MOEX10             sanctions_z      lag= 30 m5_p=0.4859  m6_ic=0.0602
[18:22:55]   HIT  MOEX10             inflation_z      lag=  1 m5_p=0.2736  m6_ic=0.0465
[18:22:56]   HIT  MOEX10             inflation_z      lag= 30 m5_p=0.7899  m6_ic=0.0795
[18:22:57]   HIT  MOEX10             banking_z        lag= 14 m5_p=0.0831  m6_ic=0.0306
[18:22:57]   HIT  MOEX10             gold_z           lag= 14 m5_p=0.9573  m6_ic=0.0366
[18:22:58]   HIT  MOEX10             gold_z           lag= 30 m5_p=0.6804  m6_ic=0.0659
[18:22:58]     Train: 239 signals
[18:22:58]     Val holdout (239 candidates)...
[18:22:59]     VAL PASS  SP500              rate_z           lag= 14  m6_ic=0.0907
[18:22:59]     VAL PASS  SP500              ruble_z          lag=  1  m6_ic=0.0665
[18:22:59]     VAL PASS  SP500              sanctions_z      lag=  7  m6_ic=0.1125
[18:23:00]     VAL PASS  SP500              inflation_z      lag=  1  m6_ic=0.0551
[18:23:00]     VAL PASS  SP500              inflation_z      lag=  7  m6_ic=0.0685
[18:23:00]     VAL PASS  SP500              banking_z        lag=  1  m6_ic=0.0980
[18:23:01]     VAL PASS  SP500              banking_z        lag= 30  m6_ic=0.0897
[18:23:01]     VAL PASS  USD_RUB            oil_z            lag= 14  m6_ic=0.0405
[18:23:01]     VAL PASS  USD_RUB            oil_z            lag= 30  m6_ic=0.0910
[18:23:01]     VAL PASS  USD_RUB            rate_z           lag=  1  m6_ic=0.1435
[18:23:02]     VAL PASS  USD_RUB            rate_z           lag= 30  m6_ic=0.0349
[18:23:02]     VAL PASS  USD_RUB            ruble_z          lag=  1  m6_ic=0.1347
[18:23:02]     VAL PASS  USD_RUB            ruble_z          lag=  7  m6_ic=0.1535
[18:23:02]     VAL PASS  USD_RUB            ruble_z          lag= 14  m6_ic=0.0900
[18:23:03]     VAL PASS  USD_RUB            sanctions_z      lag= 14  m6_ic=0.0338
[18:23:03]     VAL PASS  USD_RUB            sanctions_z      lag= 30  m6_ic=0.0439
[18:23:03]     VAL PASS  EUR_RUB            oil_z            lag= 14  m6_ic=0.0405
[18:23:03]     VAL PASS  EUR_RUB            oil_z            lag= 30  m6_ic=0.0910
[18:23:03]     VAL PASS  EUR_RUB            rate_z           lag=  1  m6_ic=0.1435
[18:23:04]     VAL PASS  EUR_RUB            rate_z           lag= 30  m6_ic=0.0349
[18:23:04]     VAL PASS  EUR_RUB            ruble_z          lag=  1  m6_ic=0.1347
[18:23:04]     VAL PASS  EUR_RUB            ruble_z          lag=  7  m6_ic=0.1535
[18:23:04]     VAL PASS  EUR_RUB            ruble_z          lag= 14  m6_ic=0.0900
[18:23:04]     VAL PASS  EUR_RUB            sanctions_z      lag= 14  m6_ic=0.0338
[18:23:05]     VAL PASS  EUR_RUB            sanctions_z      lag= 30  m6_ic=0.0439
[18:23:05]     VAL PASS  DJ_SOUTH_AFRICA    oil_z            lag= 30  m6_ic=0.0594
[18:23:05]     VAL PASS  DJ_SOUTH_AFRICA    sanctions_z      lag=  1  m6_ic=0.0689
[18:23:06]     VAL PASS  DJ_SOUTH_AFRICA    inflation_z      lag= 30  m6_ic=0.0897
[18:23:06]     VAL PASS  DJ_SOUTH_AFRICA    banking_z        lag=  1  m6_ic=0.0329
[18:23:06]     VAL PASS  DJ_SOUTH_AFRICA    banking_z        lag=  7  m6_ic=0.0636
[18:23:07]     VAL PASS  MSCI_WORLD         oil_z            lag=  1  m6_ic=0.0304
[18:23:08]     VAL PASS  MSCI_WORLD         rate_z           lag= 14  m6_ic=0.0385
[18:23:08]     VAL PASS  MSCI_WORLD         ruble_z          lag=  1  m6_ic=0.0619
[18:23:09]     VAL PASS  MSCI_WORLD         ruble_z          lag= 30  m6_ic=0.0596
[18:23:09]     VAL PASS  MSCI_WORLD         sanctions_z      lag=  7  m6_ic=0.0977
[18:23:09]     VAL PASS  MSCI_WORLD         sanctions_z      lag= 14  m6_ic=0.0521
[18:23:10]     VAL PASS  MSCI_WORLD         inflation_z      lag= 30  m6_ic=0.1127
[18:23:10]     VAL PASS  MSCI_WORLD         banking_z        lag=  7  m6_ic=0.0324
[18:23:10]     VAL PASS  DXY                oil_z            lag= 14  m6_ic=0.0360
[18:23:11]     VAL PASS  DXY                oil_z            lag= 30  m6_ic=0.1178
[18:23:11]     VAL PASS  DXY                rate_z           lag=  1  m6_ic=0.0472
[18:23:11]     VAL PASS  DXY                rate_z           lag=  7  m6_ic=0.0570
[18:23:11]     VAL PASS  DXY                rate_z           lag= 30  m6_ic=0.0851
[18:23:11]     VAL PASS  DXY                ruble_z          lag=  7  m6_ic=0.0950
[18:23:12]     VAL PASS  DXY                sanctions_z      lag= 14  m6_ic=0.1437
[18:23:12]     VAL PASS  DXY                inflation_z      lag=  7  m6_ic=0.0928
[18:23:12]     VAL PASS  DXY                banking_z        lag=  1  m6_ic=0.0325
[18:23:12]     VAL PASS  DXY                banking_z        lag= 14  m6_ic=0.1399
[18:23:13]     VAL PASS  DXY                gold_z           lag=  7  m6_ic=0.0432
[18:23:13]     VAL PASS  DXY                gold_z           lag= 14  m6_ic=0.1087
[18:23:13]     VAL PASS  BRENT              oil_z            lag=  1  m6_ic=0.1032
[18:23:14]     VAL PASS  BRENT              ruble_z          lag= 30  m6_ic=0.0509
[18:23:15]     VAL PASS  BRENT              sanctions_z      lag=  7  m6_ic=0.0419
[18:23:15]     VAL PASS  BRENT              sanctions_z      lag= 14  m6_ic=0.0669
[18:23:16]     VAL PASS  BRENT              inflation_z      lag= 30  m6_ic=0.0981
[18:23:16]     VAL PASS  BRENT              banking_z        lag=  1  m6_ic=0.0564
[18:23:16]     VAL PASS  BRENT              banking_z        lag= 14  m6_ic=0.0605
[18:23:17]     VAL PASS  BRENT              gold_z           lag= 30  m6_ic=0.1296
[18:23:17]     VAL PASS  MSCI_INDIA         rate_z           lag= 14  m6_ic=0.0480
[18:23:18]     VAL PASS  MSCI_INDIA         ruble_z          lag= 30  m6_ic=0.1265
[18:23:18]     VAL PASS  MSCI_INDIA         sanctions_z      lag=  1  m6_ic=0.0489
[18:23:19]     VAL PASS  MSCI_INDIA         inflation_z      lag=  7  m6_ic=0.0330
[18:23:19]     VAL PASS  MSCI_INDIA         banking_z        lag=  7  m6_ic=0.0539
[18:23:20]     VAL PASS  MSCI_INDIA         gold_z           lag=  7  m6_ic=0.0649
[18:23:20]     VAL PASS  CHINA_H_SHARES     oil_z            lag=  7  m6_ic=0.1027
[18:23:20]     VAL PASS  CHINA_H_SHARES     oil_z            lag= 30  m6_ic=0.1875
[18:23:21]     VAL PASS  CHINA_H_SHARES     rate_z           lag=  1  m6_ic=0.0377
[18:23:21]     VAL PASS  CHINA_H_SHARES     rate_z           lag=  7  m6_ic=0.0334
[18:23:21]     VAL PASS  CHINA_H_SHARES     ruble_z          lag= 30  m6_ic=0.0800
[18:23:21]     VAL PASS  CHINA_H_SHARES     sanctions_z      lag=  1  m6_ic=0.1120
[18:23:22]     VAL PASS  CHINA_H_SHARES     sanctions_z      lag= 14  m6_ic=0.0458
[18:23:22]     VAL PASS  CHINA_H_SHARES     sanctions_z      lag= 30  m6_ic=0.0319
[18:23:22]     VAL PASS  CHINA_H_SHARES     inflation_z      lag=  1  m6_ic=0.1077
[18:23:23]     VAL PASS  CHINA_H_SHARES     banking_z        lag=  7  m6_ic=0.1068
[18:23:23]     VAL PASS  CHINA_H_SHARES     banking_z        lag= 30  m6_ic=0.0977
[18:23:23]     VAL PASS  CHINA_H_SHARES     gold_z           lag=  1  m6_ic=0.0505
[18:23:23]     VAL PASS  CHINA_H_SHARES     gold_z           lag=  7  m6_ic=0.0511
[18:23:24]     VAL PASS  FTSE_CHINA_50      oil_z            lag=  1  m6_ic=0.0538
[18:23:24]     VAL PASS  FTSE_CHINA_50      oil_z            lag=  7  m6_ic=0.1095
[18:23:24]     VAL PASS  FTSE_CHINA_50      oil_z            lag= 30  m6_ic=0.1354
[18:23:24]     VAL PASS  FTSE_CHINA_50      rate_z           lag=  1  m6_ic=0.1022
[18:23:25]     VAL PASS  FTSE_CHINA_50      rate_z           lag=  7  m6_ic=0.0757
[18:23:25]     VAL PASS  FTSE_CHINA_50      ruble_z          lag= 14  m6_ic=0.0397
[18:23:25]     VAL PASS  FTSE_CHINA_50      sanctions_z      lag=  7  m6_ic=0.0579
[18:23:26]     VAL PASS  FTSE_CHINA_50      sanctions_z      lag= 30  m6_ic=0.0526
[18:23:26]     VAL PASS  FTSE_CHINA_50      inflation_z      lag= 30  m6_ic=0.0831
[18:23:26]     VAL PASS  FTSE_CHINA_50      banking_z        lag=  7  m6_ic=0.0489
[18:23:26]     VAL PASS  FTSE_CHINA_50      banking_z        lag= 30  m6_ic=0.0318
[18:23:27]     VAL PASS  FTSE_CHINA_50      gold_z           lag=  1  m6_ic=0.0767
[18:23:27]     VAL PASS  FTSE_CHINA_50      gold_z           lag= 30  m6_ic=0.1237
[18:23:27]     VAL PASS  GOLD               oil_z            lag=  1  m6_ic=0.0908
[18:23:28]     VAL PASS  GOLD               oil_z            lag= 30  m6_ic=0.0629
[18:23:28]     VAL PASS  GOLD               rate_z           lag=  1  m6_ic=0.1066
[18:23:28]     VAL PASS  GOLD               rate_z           lag= 14  m6_ic=0.1597
[18:23:28]     VAL PASS  GOLD               rate_z           lag= 30  m6_ic=0.0724
[18:23:28]     VAL PASS  GOLD               sanctions_z      lag=  1  m6_ic=0.0540
[18:23:29]     VAL PASS  GOLD               sanctions_z      lag= 14  m6_ic=0.0433
[18:23:29]     VAL PASS  GOLD               inflation_z      lag=  7  m6_ic=0.0318
[18:23:29]     VAL PASS  GOLD               banking_z        lag= 30  m6_ic=0.0451
[18:23:30]     VAL PASS  GOLD               gold_z           lag=  1  m6_ic=0.0394
[18:23:30]     VAL PASS  GOLD               gold_z           lag= 14  m6_ic=0.0773
[18:23:31]     VAL PASS  SILVER             rate_z           lag=  7  m6_ic=0.1293
[18:23:31]     VAL PASS  SILVER             rate_z           lag= 14  m6_ic=0.1576
[18:23:31]     VAL PASS  SILVER             rate_z           lag= 30  m6_ic=0.0650
[18:23:31]     VAL PASS  SILVER             ruble_z          lag= 30  m6_ic=0.0850
[18:23:32]     VAL PASS  SILVER             sanctions_z      lag=  7  m6_ic=0.0517
[18:23:32]     VAL PASS  SILVER             inflation_z      lag= 30  m6_ic=0.0609
[18:23:32]     VAL PASS  SILVER             banking_z        lag=  1  m6_ic=0.0796
[18:23:33]     VAL PASS  SILVER             banking_z        lag= 14  m6_ic=0.0997
[18:23:33]     VAL PASS  SILVER             banking_z        lag= 30  m6_ic=0.0700
[18:23:33]     VAL PASS  SILVER             gold_z           lag=  1  m6_ic=0.0474
[18:23:33]     VAL PASS  SILVER             gold_z           lag= 14  m6_ic=0.0687
[18:23:33]     VAL PASS  SILVER             gold_z           lag= 30  m6_ic=0.0849
[18:23:34]     VAL PASS  IMOEX              oil_z            lag=  1  m6_ic=0.0631
[18:23:34]     VAL PASS  IMOEX              rate_z           lag=  1  m6_ic=0.0323
[18:23:34]     VAL PASS  IMOEX              rate_z           lag= 14  m6_ic=0.0584
[18:23:34]     VAL PASS  IMOEX              rate_z           lag= 30  m6_ic=0.0648
[18:23:35]     VAL PASS  IMOEX              ruble_z          lag= 14  m6_ic=0.0858
[18:23:35]     VAL PASS  IMOEX              sanctions_z      lag= 14  m6_ic=0.1077
[18:23:36]     VAL PASS  IMOEX              inflation_z      lag=  1  m6_ic=0.0944
[18:23:36]     VAL PASS  IMOEX              inflation_z      lag= 30  m6_ic=0.0594
[18:23:36]     VAL PASS  IMOEX              banking_z        lag= 30  m6_ic=0.0422
[18:23:36]     VAL PASS  IMOEX              gold_z           lag=  1  m6_ic=0.0365
[18:23:37]     VAL PASS  IMOEX              gold_z           lag= 30  m6_ic=0.1228
[18:23:37]     VAL PASS  MOEXFN             oil_z            lag=  1  m6_ic=0.1353
[18:23:37]     VAL PASS  MOEXFN             oil_z            lag= 14  m6_ic=0.0365
[18:23:37]     VAL PASS  MOEXFN             rate_z           lag= 14  m6_ic=0.0341
[18:23:38]     VAL PASS  MOEXFN             rate_z           lag= 30  m6_ic=0.0700
[18:23:38]     VAL PASS  MOEXFN             ruble_z          lag= 14  m6_ic=0.0594
[18:23:38]     VAL PASS  MOEXFN             sanctions_z      lag=  1  m6_ic=0.0574
[18:23:39]     VAL PASS  MOEXFN             sanctions_z      lag=  7  m6_ic=0.0677
[18:23:39]     VAL PASS  MOEXFN             inflation_z      lag=  1  m6_ic=0.1187
[18:23:39]     VAL PASS  MOEXFN             inflation_z      lag= 30  m6_ic=0.0354
[18:23:40]     VAL PASS  MOEXFN             banking_z        lag= 14  m6_ic=0.0309
[18:23:40]     VAL PASS  MOEXOG             oil_z            lag=  1  m6_ic=0.0449
[18:23:40]     VAL PASS  MOEXOG             oil_z            lag=  7  m6_ic=0.0438
[18:23:41]     VAL PASS  MOEXOG             ruble_z          lag=  1  m6_ic=0.0370
[18:23:41]     VAL PASS  MOEXOG             sanctions_z      lag=  7  m6_ic=0.0375
[18:23:41]     VAL PASS  MOEXOG             sanctions_z      lag= 14  m6_ic=0.0866
[18:23:42]     VAL PASS  MOEXOG             sanctions_z      lag= 30  m6_ic=0.1425
[18:23:42]     VAL PASS  MOEXOG             inflation_z      lag=  1  m6_ic=0.0766
[18:23:42]     VAL PASS  MOEXOG             inflation_z      lag= 30  m6_ic=0.0440
[18:23:43]     VAL PASS  MOEXOG             gold_z           lag=  7  m6_ic=0.0391
[18:23:43]     VAL PASS  MOEXOG             gold_z           lag= 30  m6_ic=0.1182
[18:23:43]     VAL PASS  MOEX10             oil_z            lag=  1  m6_ic=0.0731
[18:23:43]     VAL PASS  MOEX10             oil_z            lag=  7  m6_ic=0.0389
[18:23:44]     VAL PASS  MOEX10             oil_z            lag= 14  m6_ic=0.1335
[18:23:44]     VAL PASS  MOEX10             rate_z           lag= 30  m6_ic=0.1275
[18:23:45]     VAL PASS  MOEX10             ruble_z          lag= 14  m6_ic=0.0695
[18:23:45]     VAL PASS  MOEX10             sanctions_z      lag=  7  m6_ic=0.0474
[18:23:45]     VAL PASS  MOEX10             sanctions_z      lag= 30  m6_ic=0.0620
[18:23:45]     VAL PASS  MOEX10             inflation_z      lag=  1  m6_ic=0.0563
[18:23:46]     VAL PASS  MOEX10             inflation_z      lag= 30  m6_ic=0.0443
[18:23:46]     VAL PASS  MOEX10             banking_z        lag= 14  m6_ic=0.0462
[18:23:46]     VAL PASS  MOEX10             gold_z           lag= 14  m6_ic=0.0630
[18:23:46]     VAL PASS  MOEX10             gold_z           lag= 30  m6_ic=0.0901
[18:23:46]     Val: 156/239 held
[18:23:46]   Score: 2532.3  train=239  ic_max=0.1764
[18:23:46] 
[5/15] sweep_keyword_z90_abs_return
[18:23:46]   Config: sweep_keyword_z90_abs_return
[18:23:46]     feature=keyword_z90  target=abs_return  ensemble=M6_only  ic_min=0.03
[18:23:47]   HIT  SP500              oil_z            lag=  7 m5_p=0.6748  m6_ic=0.0527
[18:23:47]   HIT  SP500              oil_z            lag= 14 m5_p=0.7862  m6_ic=0.1014
[18:23:47]   HIT  SP500              rate_z           lag=  1 m5_p=0.4366  m6_ic=0.0510
[18:23:47]   HIT  SP500              rate_z           lag=  7 m5_p=0.8581  m6_ic=0.0547
[18:23:48]   HIT  SP500              rate_z           lag= 14 m5_p=0.9377  m6_ic=0.0710
[18:23:48]   HIT  SP500              ruble_z          lag=  1 m5_p=0.6337  m6_ic=0.0566
[18:23:49]   HIT  SP500              sanctions_z      lag=  1 m5_p=0.4430  m6_ic=0.0698
[18:23:49]   HIT  SP500              sanctions_z      lag=  7 m5_p=0.7751  m6_ic=0.0709
[18:23:50]   HIT  SP500              inflation_z      lag=  1 m5_p=0.4970  m6_ic=0.0398
[18:23:50]   HIT  SP500              inflation_z      lag=  7 m5_p=0.5052  m6_ic=0.0847
[18:23:50]   HIT  SP500              inflation_z      lag= 30 m5_p=0.6300  m6_ic=0.0727
[18:23:51]   HIT  SP500              banking_z        lag=  1 m5_p=0.8581  m6_ic=0.0508
[18:23:51]   HIT  SP500              banking_z        lag= 14 m5_p=0.6500  m6_ic=0.0462
[18:23:51]   HIT  SP500              banking_z        lag= 30 m5_p=0.5090  m6_ic=0.0337
[18:23:52]   HIT  SP500              gold_z           lag=  7 m5_p=0.7528  m6_ic=0.0567
[18:23:53]   HIT  USD_RUB            oil_z            lag= 14 m5_p=0.6692  m6_ic=0.0580
[18:23:53]   HIT  USD_RUB            oil_z            lag= 30 m5_p=0.4686  m6_ic=0.0829
[18:23:53]   HIT  USD_RUB            rate_z           lag=  1 m5_p=0.9318  m6_ic=0.1048
[18:23:54]   HIT  USD_RUB            rate_z           lag= 30 m5_p=0.3641  m6_ic=0.0830
[18:23:54]   HIT  USD_RUB            ruble_z          lag=  1 m5_p=0.1133  m6_ic=0.0395
[18:23:54]   HIT  USD_RUB            ruble_z          lag=  7 m5_p=0.1581  m6_ic=0.0476
[18:23:54]   HIT  USD_RUB            ruble_z          lag= 14 m5_p=0.9816  m6_ic=0.1100
[18:23:55]   HIT  USD_RUB            sanctions_z      lag= 14 m5_p=0.6089  m6_ic=0.0672
[18:23:55]   HIT  USD_RUB            sanctions_z      lag= 30 m5_p=0.1916  m6_ic=0.0594
[18:23:58]   HIT  EUR_RUB            oil_z            lag= 14 m5_p=0.6692  m6_ic=0.0580
[18:23:59]   HIT  EUR_RUB            oil_z            lag= 30 m5_p=0.4686  m6_ic=0.0829
[18:23:59]   HIT  EUR_RUB            rate_z           lag=  1 m5_p=0.9318  m6_ic=0.1048
[18:24:00]   HIT  EUR_RUB            rate_z           lag= 30 m5_p=0.3641  m6_ic=0.0830
[18:24:00]   HIT  EUR_RUB            ruble_z          lag=  1 m5_p=0.1133  m6_ic=0.0395
[18:24:00]   HIT  EUR_RUB            ruble_z          lag=  7 m5_p=0.1581  m6_ic=0.0476
[18:24:00]   HIT  EUR_RUB            ruble_z          lag= 14 m5_p=0.9816  m6_ic=0.1100
[18:24:01]   HIT  EUR_RUB            sanctions_z      lag= 14 m5_p=0.6089  m6_ic=0.0672
[18:24:01]   HIT  EUR_RUB            sanctions_z      lag= 30 m5_p=0.1916  m6_ic=0.0594
[18:24:04]   HIT  DJ_SOUTH_AFRICA    oil_z            lag=  7 m5_p=0.6844  m6_ic=0.0421
[18:24:04]   HIT  DJ_SOUTH_AFRICA    oil_z            lag= 30 m5_p=0.7089  m6_ic=0.0453
[18:24:05]   HIT  DJ_SOUTH_AFRICA    ruble_z          lag=  1 m5_p=0.2753  m6_ic=0.0327
[18:24:06]   HIT  DJ_SOUTH_AFRICA    sanctions_z      lag=  1 m5_p=0.6815  m6_ic=0.0457
[18:24:07]   HIT  DJ_SOUTH_AFRICA    sanctions_z      lag= 14 m5_p=0.0779  m6_ic=0.0913
[18:24:07]   HIT  DJ_SOUTH_AFRICA    inflation_z      lag= 14 m5_p=0.3188  m6_ic=0.0959
[18:24:08]   HIT  DJ_SOUTH_AFRICA    inflation_z      lag= 30 m5_p=0.7929  m6_ic=0.0511
[18:24:08]   HIT  DJ_SOUTH_AFRICA    banking_z        lag=  1 m5_p=0.7066  m6_ic=0.0641
[18:24:08]   HIT  DJ_SOUTH_AFRICA    banking_z        lag=  7 m5_p=0.5309  m6_ic=0.0672
[18:24:08]   HIT  DJ_SOUTH_AFRICA    banking_z        lag= 30 m5_p=0.4462  m6_ic=0.1268
[18:24:09]   HIT  DJ_SOUTH_AFRICA    gold_z           lag= 30 m5_p=0.6862  m6_ic=0.0316
[18:24:09]   HIT  MSCI_WORLD         oil_z            lag=  1 m5_p=0.5159  m6_ic=0.0479
[18:24:10]   HIT  MSCI_WORLD         oil_z            lag= 14 m5_p=0.4804  m6_ic=0.0423
[18:24:10]   HIT  MSCI_WORLD         oil_z            lag= 30 m5_p=0.2309  m6_ic=0.0322
[18:24:11]   HIT  MSCI_WORLD         rate_z           lag=  7 m5_p=0.2870  m6_ic=0.0667
[18:24:11]   HIT  MSCI_WORLD         rate_z           lag= 14 m5_p=0.6915  m6_ic=0.0301
[18:24:11]   HIT  MSCI_WORLD         rate_z           lag= 30 m5_p=0.8385  m6_ic=0.0355
[18:24:11]   HIT  MSCI_WORLD         ruble_z          lag=  1 m5_p=0.8080  m6_ic=0.0853
[18:24:11]   HIT  MSCI_WORLD         ruble_z          lag=  7 m5_p=0.9167  m6_ic=0.0921
[18:24:12]   HIT  MSCI_WORLD         ruble_z          lag= 30 m5_p=0.6524  m6_ic=0.0477
[18:24:12]   HIT  MSCI_WORLD         sanctions_z      lag=  7 m5_p=0.9308  m6_ic=0.0323
[18:24:12]   HIT  MSCI_WORLD         sanctions_z      lag= 14 m5_p=0.0137  m6_ic=0.0993
[18:24:13]   HIT  MSCI_WORLD         inflation_z      lag=  1 m5_p=0.7383  m6_ic=0.0436
[18:24:13]   HIT  MSCI_WORLD         inflation_z      lag= 30 m5_p=0.7384  m6_ic=0.0309
[18:24:14]   HIT  MSCI_WORLD         banking_z        lag=  7 m5_p=0.2023  m6_ic=0.0786
[18:24:14]   HIT  MSCI_WORLD         banking_z        lag= 30 m5_p=0.9942  m6_ic=0.0386
[18:24:15]   HIT  DXY                oil_z            lag=  1 m5_p=0.2414  m6_ic=0.0793
[18:24:16]   HIT  DXY                oil_z            lag= 14 m5_p=0.7563  m6_ic=0.0457
[18:24:16]   HIT  DXY                oil_z            lag= 30 m5_p=0.9815  m6_ic=0.0813
[18:24:16]   HIT  DXY                rate_z           lag=  1 m5_p=0.3050  m6_ic=0.0430
[18:24:16]   HIT  DXY                rate_z           lag=  7 m5_p=0.2421  m6_ic=0.0551
[18:24:17]   HIT  DXY                rate_z           lag= 30 m5_p=0.1284  m6_ic=0.0300
[18:24:17]   HIT  DXY                ruble_z          lag=  7 m5_p=0.4020  m6_ic=0.0448
[18:24:18]   HIT  DXY                sanctions_z      lag=  1 m5_p=0.9497  m6_ic=0.0383
[18:24:18]   HIT  DXY                sanctions_z      lag= 14 m5_p=0.1076  m6_ic=0.0375
[18:24:19]   HIT  DXY                inflation_z      lag=  7 m5_p=0.2981  m6_ic=0.0602
[18:24:19]   HIT  DXY                banking_z        lag=  1 m5_p=0.2260  m6_ic=0.0604
[18:24:20]   HIT  DXY                banking_z        lag= 14 m5_p=0.7712  m6_ic=0.0496
[18:24:20]   HIT  DXY                gold_z           lag=  7 m5_p=0.1179  m6_ic=0.0653
[18:24:21]   HIT  DXY                gold_z           lag= 14 m5_p=0.9351  m6_ic=0.1175
[18:24:21]   HIT  DXY                gold_z           lag= 30 m5_p=0.4623  m6_ic=0.0315
[18:24:21]   HIT  BRENT              oil_z            lag=  1 m5_p=0.9346  m6_ic=0.0406
[18:24:21]   HIT  BRENT              oil_z            lag=  7 m5_p=0.7838  m6_ic=0.0323
[18:24:22]   HIT  BRENT              oil_z            lag= 30 m5_p=0.8551  m6_ic=0.0800
[18:24:22]   HIT  BRENT              rate_z           lag=  7 m5_p=0.6818  m6_ic=0.0496
[18:24:23]   HIT  BRENT              ruble_z          lag=  1 m5_p=0.2518  m6_ic=0.0403
[18:24:23]   HIT  BRENT              ruble_z          lag= 30 m5_p=0.4153  m6_ic=0.1042
[18:24:23]   HIT  BRENT              sanctions_z      lag=  1 m5_p=0.5997  m6_ic=0.0313
[18:24:24]   HIT  BRENT              sanctions_z      lag=  7 m5_p=0.9600  m6_ic=0.0553
[18:24:24]   HIT  BRENT              sanctions_z      lag= 14 m5_p=0.3220  m6_ic=0.0433
[18:24:24]   HIT  BRENT              sanctions_z      lag= 30 m5_p=0.5788  m6_ic=0.0428
[18:24:24]   HIT  BRENT              inflation_z      lag=  1 m5_p=0.2547  m6_ic=0.0371
[18:24:25]   HIT  BRENT              inflation_z      lag= 14 m5_p=0.6837  m6_ic=0.1134
[18:24:25]   HIT  BRENT              inflation_z      lag= 30 m5_p=0.6957  m6_ic=0.0373
[18:24:25]   HIT  BRENT              banking_z        lag=  1 m5_p=0.7337  m6_ic=0.0561
[18:24:25]   HIT  BRENT              banking_z        lag=  7 m5_p=0.1672  m6_ic=0.0787
[18:24:25]   HIT  BRENT              banking_z        lag= 14 m5_p=0.6100  m6_ic=0.0377
[18:24:26]   HIT  BRENT              gold_z           lag= 14 m5_p=0.3846  m6_ic=0.0425
[18:24:26]   HIT  BRENT              gold_z           lag= 30 m5_p=0.4444  m6_ic=0.0414
[18:24:27]   HIT  MSCI_INDIA         rate_z           lag=  1 m5_p=0.4597  m6_ic=0.0374
[18:24:28]   HIT  MSCI_INDIA         rate_z           lag= 14 m5_p=0.6407  m6_ic=0.0556
[18:24:28]   HIT  MSCI_INDIA         ruble_z          lag=  1 m5_p=0.7407  m6_ic=0.0782
[18:24:29]   HIT  MSCI_INDIA         ruble_z          lag= 14 m5_p=0.7548  m6_ic=0.0444
[18:24:29]   HIT  MSCI_INDIA         ruble_z          lag= 30 m5_p=0.6840  m6_ic=0.1163
[18:24:29]   HIT  MSCI_INDIA         sanctions_z      lag=  1 m5_p=0.8390  m6_ic=0.0804
[18:24:29]   HIT  MSCI_INDIA         sanctions_z      lag=  7 m5_p=0.6660  m6_ic=0.0532
[18:24:30]   HIT  MSCI_INDIA         sanctions_z      lag= 30 m5_p=0.7515  m6_ic=0.0537
[18:24:30]   HIT  MSCI_INDIA         inflation_z      lag=  7 m5_p=0.4727  m6_ic=0.0344
[18:24:30]   HIT  MSCI_INDIA         inflation_z      lag= 30 m5_p=0.7764  m6_ic=0.0488
[18:24:31]   HIT  MSCI_INDIA         banking_z        lag=  7 m5_p=0.6346  m6_ic=0.0664
[18:24:31]   HIT  MSCI_INDIA         banking_z        lag= 14 m5_p=0.3996  m6_ic=0.0755
[18:24:31]   HIT  MSCI_INDIA         banking_z        lag= 30 m5_p=0.5097  m6_ic=0.1499
[18:24:31]   HIT  MSCI_INDIA         gold_z           lag=  1 m5_p=0.5637  m6_ic=0.0718
[18:24:32]   HIT  MSCI_INDIA         gold_z           lag=  7 m5_p=0.6810  m6_ic=0.0318
[18:24:32]   HIT  MSCI_INDIA         gold_z           lag= 14 m5_p=0.2356  m6_ic=0.1126
[18:24:32]   HIT  CHINA_H_SHARES     oil_z            lag=  1 m5_p=0.4078  m6_ic=0.0396
[18:24:32]   HIT  CHINA_H_SHARES     oil_z            lag=  7 m5_p=0.3879  m6_ic=0.0652
[18:24:33]   HIT  CHINA_H_SHARES     oil_z            lag= 30 m5_p=0.6605  m6_ic=0.0794
[18:24:33]   HIT  CHINA_H_SHARES     rate_z           lag=  1 m5_p=0.0778  m6_ic=0.0808
[18:24:33]   HIT  CHINA_H_SHARES     rate_z           lag=  7 m5_p=0.8293  m6_ic=0.0837
[18:24:34]   HIT  CHINA_H_SHARES     rate_z           lag= 14 m5_p=0.7421  m6_ic=0.0693
[18:24:35]   HIT  CHINA_H_SHARES     ruble_z          lag= 30 m5_p=0.6007  m6_ic=0.0372
[18:24:35]   HIT  CHINA_H_SHARES     sanctions_z      lag=  1 m5_p=0.4326  m6_ic=0.0352
[18:24:35]   HIT  CHINA_H_SHARES     sanctions_z      lag= 14 m5_p=0.3141  m6_ic=0.0414
[18:24:35]   HIT  CHINA_H_SHARES     sanctions_z      lag= 30 m5_p=0.2065  m6_ic=0.0882
[18:24:36]   HIT  CHINA_H_SHARES     inflation_z      lag=  1 m5_p=0.1657  m6_ic=0.0329
[18:24:36]   HIT  CHINA_H_SHARES     inflation_z      lag= 30 m5_p=0.3707  m6_ic=0.0400
[18:24:37]   HIT  CHINA_H_SHARES     banking_z        lag=  7 m5_p=0.9238  m6_ic=0.0517
[18:24:37]   HIT  CHINA_H_SHARES     banking_z        lag= 30 m5_p=0.9528  m6_ic=0.0391
[18:24:37]   HIT  CHINA_H_SHARES     gold_z           lag=  1 m5_p=0.3506  m6_ic=0.0655
[18:24:37]   HIT  CHINA_H_SHARES     gold_z           lag=  7 m5_p=0.2418  m6_ic=0.0632
[18:24:38]   HIT  CHINA_H_SHARES     gold_z           lag= 30 m5_p=0.9133  m6_ic=0.0892
[18:24:38]   HIT  FTSE_CHINA_50      oil_z            lag=  1 m5_p=0.4418  m6_ic=0.0537
[18:24:38]   HIT  FTSE_CHINA_50      oil_z            lag=  7 m5_p=0.3249  m6_ic=0.0373
[18:24:38]   HIT  FTSE_CHINA_50      oil_z            lag= 14 m5_p=0.8152  m6_ic=0.0316
[18:24:39]   HIT  FTSE_CHINA_50      oil_z            lag= 30 m5_p=0.6776  m6_ic=0.0983
[18:24:39]   HIT  FTSE_CHINA_50      rate_z           lag=  1 m5_p=0.0686  m6_ic=0.0939
[18:24:39]   HIT  FTSE_CHINA_50      rate_z           lag=  7 m5_p=0.9920  m6_ic=0.0796
[18:24:39]   HIT  FTSE_CHINA_50      rate_z           lag= 14 m5_p=0.9641  m6_ic=0.0636
[18:24:40]   HIT  FTSE_CHINA_50      ruble_z          lag= 14 m5_p=0.8984  m6_ic=0.0423
[18:24:40]   HIT  FTSE_CHINA_50      sanctions_z      lag=  1 m5_p=0.4682  m6_ic=0.0388
[18:24:41]   HIT  FTSE_CHINA_50      sanctions_z      lag=  7 m5_p=0.6112  m6_ic=0.0567
[18:24:41]   HIT  FTSE_CHINA_50      sanctions_z      lag= 14 m5_p=0.5075  m6_ic=0.0465
[18:24:41]   HIT  FTSE_CHINA_50      sanctions_z      lag= 30 m5_p=0.1301  m6_ic=0.0854
[18:24:42]   HIT  FTSE_CHINA_50      inflation_z      lag= 30 m5_p=0.3401  m6_ic=0.0377
[18:24:42]   HIT  FTSE_CHINA_50      banking_z        lag=  7 m5_p=0.9999  m6_ic=0.0536
[18:24:43]   HIT  FTSE_CHINA_50      banking_z        lag= 30 m5_p=0.7490  m6_ic=0.0443
[18:24:43]   HIT  FTSE_CHINA_50      gold_z           lag=  1 m5_p=0.2753  m6_ic=0.0715
[18:24:43]   HIT  FTSE_CHINA_50      gold_z           lag=  7 m5_p=0.2675  m6_ic=0.0782
[18:24:43]   HIT  FTSE_CHINA_50      gold_z           lag= 30 m5_p=0.7492  m6_ic=0.1108
[18:24:44]   HIT  GOLD               oil_z            lag=  1 m5_p=0.3410  m6_ic=0.0740
[18:24:44]   HIT  GOLD               oil_z            lag=  7 m5_p=0.5309  m6_ic=0.0307
[18:24:44]   HIT  GOLD               oil_z            lag= 30 m5_p=0.8937  m6_ic=0.0544
[18:24:44]   HIT  GOLD               rate_z           lag=  1 m5_p=0.9320  m6_ic=0.0944
[18:24:45]   HIT  GOLD               rate_z           lag= 14 m5_p=0.1962  m6_ic=0.0795
[18:24:45]   HIT  GOLD               rate_z           lag= 30 m5_p=0.9938  m6_ic=0.0415
[18:24:46]   HIT  GOLD               ruble_z          lag= 30 m5_p=0.8547  m6_ic=0.1470
[18:24:46]   HIT  GOLD               sanctions_z      lag=  1 m5_p=0.9873  m6_ic=0.0309
[18:24:46]   HIT  GOLD               sanctions_z      lag= 14 m5_p=0.1815  m6_ic=0.0689
[18:24:46]   HIT  GOLD               sanctions_z      lag= 30 m5_p=0.0688  m6_ic=0.0646
[18:24:47]   HIT  GOLD               inflation_z      lag=  7 m5_p=0.0163  m6_ic=0.1378
[18:24:47]   HIT  GOLD               banking_z        lag=  7 m5_p=0.2484  m6_ic=0.0472
[18:24:48]   HIT  GOLD               banking_z        lag= 30 m5_p=0.8820  m6_ic=0.0463
[18:24:48]   HIT  GOLD               gold_z           lag=  1 m5_p=0.9441  m6_ic=0.0352
[18:24:48]   HIT  GOLD               gold_z           lag=  7 m5_p=0.9611  m6_ic=0.1063
[18:24:48]   HIT  GOLD               gold_z           lag= 14 m5_p=0.0545  m6_ic=0.0797
[18:24:49]   HIT  GOLD               gold_z           lag= 30 m5_p=0.4941  m6_ic=0.0389
[18:24:49]   HIT  SILVER             oil_z            lag= 30 m5_p=0.5800  m6_ic=0.0502
[18:24:49]   HIT  SILVER             rate_z           lag=  1 m5_p=0.4295  m6_ic=0.0367
[18:24:50]   HIT  SILVER             rate_z           lag=  7 m5_p=0.2690  m6_ic=0.1576
[18:24:50]   HIT  SILVER             rate_z           lag= 14 m5_p=0.7726  m6_ic=0.1103
[18:24:50]   HIT  SILVER             rate_z           lag= 30 m5_p=0.3588  m6_ic=0.0329
[18:24:51]   HIT  SILVER             ruble_z          lag= 30 m5_p=0.5785  m6_ic=0.0343
[18:24:51]   HIT  SILVER             sanctions_z      lag=  7 m5_p=0.6731  m6_ic=0.0738
[18:24:51]   HIT  SILVER             sanctions_z      lag= 14 m5_p=0.2403  m6_ic=0.0328
[18:24:52]   HIT  SILVER             inflation_z      lag=  7 m5_p=0.1879  m6_ic=0.0463
[18:24:52]   HIT  SILVER             inflation_z      lag= 30 m5_p=0.3543  m6_ic=0.0508
[18:24:53]   HIT  SILVER             banking_z        lag=  1 m5_p=0.9566  m6_ic=0.0990
[18:24:53]   HIT  SILVER             banking_z        lag= 14 m5_p=0.8649  m6_ic=0.0429
[18:24:53]   HIT  SILVER             banking_z        lag= 30 m5_p=0.5269  m6_ic=0.0363
[18:24:53]   HIT  SILVER             gold_z           lag=  1 m5_p=0.1866  m6_ic=0.0339
[18:24:54]   HIT  SILVER             gold_z           lag= 14 m5_p=0.9873  m6_ic=0.0467
[18:24:54]   HIT  SILVER             gold_z           lag= 30 m5_p=0.1992  m6_ic=0.0391
[18:24:54]   HIT  IMOEX              oil_z            lag=  1 m5_p=0.2413  m6_ic=0.0580
[18:24:55]   HIT  IMOEX              rate_z           lag=  1 m5_p=0.3025  m6_ic=0.0443
[18:24:55]   HIT  IMOEX              rate_z           lag=  7 m5_p=0.2258  m6_ic=0.0420
[18:24:55]   HIT  IMOEX              rate_z           lag= 14 m5_p=0.2674  m6_ic=0.0817
[18:24:55]   HIT  IMOEX              rate_z           lag= 30 m5_p=0.4265  m6_ic=0.1355
[18:24:56]   HIT  IMOEX              ruble_z          lag=  1 m5_p=0.7600  m6_ic=0.1486
[18:24:56]   HIT  IMOEX              ruble_z          lag=  7 m5_p=0.0306  m6_ic=0.0333
[18:24:56]   HIT  IMOEX              ruble_z          lag= 14 m5_p=0.3301  m6_ic=0.0746
[18:24:56]   HIT  IMOEX              ruble_z          lag= 30 m5_p=0.8361  m6_ic=0.0588
[18:24:57]   HIT  IMOEX              sanctions_z      lag= 14 m5_p=0.7735  m6_ic=0.0305
[18:24:57]   HIT  IMOEX              inflation_z      lag=  1 m5_p=0.2068  m6_ic=0.0652
[18:24:58]   HIT  IMOEX              inflation_z      lag= 30 m5_p=0.5172  m6_ic=0.0900
[18:24:58]   HIT  IMOEX              banking_z        lag=  7 m5_p=0.1920  m6_ic=0.0512
[18:24:59]   HIT  IMOEX              banking_z        lag= 30 m5_p=0.0824  m6_ic=0.0624
[18:24:59]   HIT  IMOEX              gold_z           lag=  1 m5_p=0.3190  m6_ic=0.0361
[18:24:59]   HIT  IMOEX              gold_z           lag= 30 m5_p=0.3290  m6_ic=0.0581
[18:25:00]   HIT  MOEXFN             oil_z            lag=  1 m5_p=0.3589  m6_ic=0.1419
[18:25:00]   HIT  MOEXFN             oil_z            lag=  7 m5_p=0.3274  m6_ic=0.0580
[18:25:00]   HIT  MOEXFN             oil_z            lag= 14 m5_p=0.6156  m6_ic=0.0324
[18:25:01]   HIT  MOEXFN             rate_z           lag= 14 m5_p=0.6683  m6_ic=0.0319
[18:25:01]   HIT  MOEXFN             rate_z           lag= 30 m5_p=0.9930  m6_ic=0.0357
[18:25:01]   HIT  MOEXFN             ruble_z          lag=  1 m5_p=0.6517  m6_ic=0.0735
[18:25:01]   HIT  MOEXFN             ruble_z          lag=  7 m5_p=0.2104  m6_ic=0.0631
[18:25:02]   HIT  MOEXFN             ruble_z          lag= 14 m5_p=0.5300  m6_ic=0.0578
[18:25:02]   HIT  MOEXFN             sanctions_z      lag=  1 m5_p=0.0556  m6_ic=0.0696
[18:25:02]   HIT  MOEXFN             sanctions_z      lag=  7 m5_p=0.9122  m6_ic=0.0433
[18:25:03]   HIT  MOEXFN             inflation_z      lag=  1 m5_p=0.2433  m6_ic=0.0377
[18:25:03]   HIT  MOEXFN             inflation_z      lag=  7 m5_p=0.4069  m6_ic=0.0376
[18:25:03]   HIT  MOEXFN             inflation_z      lag= 30 m5_p=0.4238  m6_ic=0.0521
[18:25:04]   HIT  MOEXFN             banking_z        lag=  7 m5_p=0.4758  m6_ic=0.0767
[18:25:04]   HIT  MOEXFN             banking_z        lag= 14 m5_p=0.1339  m6_ic=0.0699
[18:25:04]   HIT  MOEXFN             gold_z           lag=  7 m5_p=0.1800  m6_ic=0.0408
[18:25:05]   HIT  MOEXOG             oil_z            lag=  1 m5_p=0.2170  m6_ic=0.1113
[18:25:05]   HIT  MOEXOG             oil_z            lag=  7 m5_p=0.4584  m6_ic=0.0360
[18:25:06]   HIT  MOEXOG             rate_z           lag=  1 m5_p=0.2176  m6_ic=0.0682
[18:25:07]   HIT  MOEXOG             ruble_z          lag=  1 m5_p=0.7748  m6_ic=0.1057
[18:25:07]   HIT  MOEXOG             ruble_z          lag=  7 m5_p=0.0664  m6_ic=0.0461
[18:25:07]   HIT  MOEXOG             ruble_z          lag= 30 m5_p=0.9428  m6_ic=0.0346
[18:25:08]   HIT  MOEXOG             sanctions_z      lag=  7 m5_p=0.4094  m6_ic=0.0456
[18:25:08]   HIT  MOEXOG             sanctions_z      lag= 14 m5_p=0.3950  m6_ic=0.0419
[18:25:08]   HIT  MOEXOG             sanctions_z      lag= 30 m5_p=0.7427  m6_ic=0.0935
[18:25:08]   HIT  MOEXOG             inflation_z      lag=  1 m5_p=0.1034  m6_ic=0.1183
[18:25:09]   HIT  MOEXOG             inflation_z      lag= 30 m5_p=0.8230  m6_ic=0.1764
[18:25:10]   HIT  MOEXOG             banking_z        lag= 30 m5_p=0.1176  m6_ic=0.0665
[18:25:10]   HIT  MOEXOG             gold_z           lag=  1 m5_p=0.2022  m6_ic=0.0321
[18:25:10]   HIT  MOEXOG             gold_z           lag=  7 m5_p=0.7653  m6_ic=0.0454
[18:25:10]   HIT  MOEXOG             gold_z           lag= 30 m5_p=0.4799  m6_ic=0.0626
[18:25:11]   HIT  MOEX10             oil_z            lag=  1 m5_p=0.3737  m6_ic=0.1661
[18:25:11]   HIT  MOEX10             oil_z            lag=  7 m5_p=0.4867  m6_ic=0.0718
[18:25:11]   HIT  MOEX10             oil_z            lag= 14 m5_p=0.7293  m6_ic=0.0705
[18:25:11]   HIT  MOEX10             rate_z           lag=  1 m5_p=0.3887  m6_ic=0.0357
[18:25:12]   HIT  MOEX10             rate_z           lag=  7 m5_p=0.3078  m6_ic=0.0524
[18:25:12]   HIT  MOEX10             rate_z           lag= 30 m5_p=0.4483  m6_ic=0.0572
[18:25:12]   HIT  MOEX10             ruble_z          lag=  1 m5_p=0.9719  m6_ic=0.1048
[18:25:12]   HIT  MOEX10             ruble_z          lag=  7 m5_p=0.1292  m6_ic=0.0463
[18:25:13]   HIT  MOEX10             ruble_z          lag= 14 m5_p=0.4546  m6_ic=0.0393
[18:25:13]   HIT  MOEX10             sanctions_z      lag=  7 m5_p=0.6263  m6_ic=0.0733
[18:25:14]   HIT  MOEX10             sanctions_z      lag= 30 m5_p=0.4859  m6_ic=0.0602
[18:25:14]   HIT  MOEX10             inflation_z      lag=  1 m5_p=0.2736  m6_ic=0.0465
[18:25:14]   HIT  MOEX10             inflation_z      lag= 30 m5_p=0.7899  m6_ic=0.0795
[18:25:15]   HIT  MOEX10             banking_z        lag= 14 m5_p=0.0831  m6_ic=0.0306
[18:25:16]   HIT  MOEX10             gold_z           lag= 14 m5_p=0.9573  m6_ic=0.0366
[18:25:16]   HIT  MOEX10             gold_z           lag= 30 m5_p=0.6804  m6_ic=0.0659
[18:25:16]     Train: 239 signals
[18:25:16]     Val holdout (239 candidates)...
[18:25:17]     VAL PASS  SP500              rate_z           lag= 14  m6_ic=0.0907
[18:25:17]     VAL PASS  SP500              ruble_z          lag=  1  m6_ic=0.0665
[18:25:18]     VAL PASS  SP500              sanctions_z      lag=  7  m6_ic=0.1125
[18:25:18]     VAL PASS  SP500              inflation_z      lag=  1  m6_ic=0.0551
[18:25:18]     VAL PASS  SP500              inflation_z      lag=  7  m6_ic=0.0685
[18:25:18]     VAL PASS  SP500              banking_z        lag=  1  m6_ic=0.0980
[18:25:19]     VAL PASS  SP500              banking_z        lag= 30  m6_ic=0.0897
[18:25:19]     VAL PASS  USD_RUB            oil_z            lag= 14  m6_ic=0.0405
[18:25:19]     VAL PASS  USD_RUB            oil_z            lag= 30  m6_ic=0.0910
[18:25:20]     VAL PASS  USD_RUB            rate_z           lag=  1  m6_ic=0.1435
[18:25:20]     VAL PASS  USD_RUB            rate_z           lag= 30  m6_ic=0.0349
[18:25:20]     VAL PASS  USD_RUB            ruble_z          lag=  1  m6_ic=0.1347
[18:25:20]     VAL PASS  USD_RUB            ruble_z          lag=  7  m6_ic=0.1535
[18:25:20]     VAL PASS  USD_RUB            ruble_z          lag= 14  m6_ic=0.0900
[18:25:21]     VAL PASS  USD_RUB            sanctions_z      lag= 14  m6_ic=0.0338
[18:25:21]     VAL PASS  USD_RUB            sanctions_z      lag= 30  m6_ic=0.0439
[18:25:21]     VAL PASS  EUR_RUB            oil_z            lag= 14  m6_ic=0.0405
[18:25:21]     VAL PASS  EUR_RUB            oil_z            lag= 30  m6_ic=0.0910
[18:25:21]     VAL PASS  EUR_RUB            rate_z           lag=  1  m6_ic=0.1435
[18:25:22]     VAL PASS  EUR_RUB            rate_z           lag= 30  m6_ic=0.0349
[18:25:22]     VAL PASS  EUR_RUB            ruble_z          lag=  1  m6_ic=0.1347
[18:25:22]     VAL PASS  EUR_RUB            ruble_z          lag=  7  m6_ic=0.1535
[18:25:22]     VAL PASS  EUR_RUB            ruble_z          lag= 14  m6_ic=0.0900
[18:25:22]     VAL PASS  EUR_RUB            sanctions_z      lag= 14  m6_ic=0.0338
[18:25:23]     VAL PASS  EUR_RUB            sanctions_z      lag= 30  m6_ic=0.0439
[18:25:23]     VAL PASS  DJ_SOUTH_AFRICA    oil_z            lag= 30  m6_ic=0.0594
[18:25:23]     VAL PASS  DJ_SOUTH_AFRICA    sanctions_z      lag=  1  m6_ic=0.0689
[18:25:24]     VAL PASS  DJ_SOUTH_AFRICA    inflation_z      lag= 30  m6_ic=0.0897
[18:25:24]     VAL PASS  DJ_SOUTH_AFRICA    banking_z        lag=  1  m6_ic=0.0329
[18:25:24]     VAL PASS  DJ_SOUTH_AFRICA    banking_z        lag=  7  m6_ic=0.0636
[18:25:25]     VAL PASS  MSCI_WORLD         oil_z            lag=  1  m6_ic=0.0304
[18:25:26]     VAL PASS  MSCI_WORLD         rate_z           lag= 14  m6_ic=0.0385
[18:25:26]     VAL PASS  MSCI_WORLD         ruble_z          lag=  1  m6_ic=0.0619
[18:25:27]     VAL PASS  MSCI_WORLD         ruble_z          lag= 30  m6_ic=0.0596
[18:25:27]     VAL PASS  MSCI_WORLD         sanctions_z      lag=  7  m6_ic=0.0977
[18:25:27]     VAL PASS  MSCI_WORLD         sanctions_z      lag= 14  m6_ic=0.0521
[18:25:28]     VAL PASS  MSCI_WORLD         inflation_z      lag= 30  m6_ic=0.1127
[18:25:28]     VAL PASS  MSCI_WORLD         banking_z        lag=  7  m6_ic=0.0324
[18:25:28]     VAL PASS  DXY                oil_z            lag= 14  m6_ic=0.0360
[18:25:29]     VAL PASS  DXY                oil_z            lag= 30  m6_ic=0.1178
[18:25:29]     VAL PASS  DXY                rate_z           lag=  1  m6_ic=0.0472
[18:25:29]     VAL PASS  DXY                rate_z           lag=  7  m6_ic=0.0570
[18:25:29]     VAL PASS  DXY                rate_z           lag= 30  m6_ic=0.0851
[18:25:29]     VAL PASS  DXY                ruble_z          lag=  7  m6_ic=0.0950
[18:25:30]     VAL PASS  DXY                sanctions_z      lag= 14  m6_ic=0.1437
[18:25:30]     VAL PASS  DXY                inflation_z      lag=  7  m6_ic=0.0928
[18:25:30]     VAL PASS  DXY                banking_z        lag=  1  m6_ic=0.0325
[18:25:30]     VAL PASS  DXY                banking_z        lag= 14  m6_ic=0.1399
[18:25:31]     VAL PASS  DXY                gold_z           lag=  7  m6_ic=0.0432
[18:25:31]     VAL PASS  DXY                gold_z           lag= 14  m6_ic=0.1087
[18:25:31]     VAL PASS  BRENT              oil_z            lag=  1  m6_ic=0.1032
[18:25:32]     VAL PASS  BRENT              ruble_z          lag= 30  m6_ic=0.0509
[18:25:33]     VAL PASS  BRENT              sanctions_z      lag=  7  m6_ic=0.0419
[18:25:33]     VAL PASS  BRENT              sanctions_z      lag= 14  m6_ic=0.0669
[18:25:34]     VAL PASS  BRENT              inflation_z      lag= 30  m6_ic=0.0981
[18:25:34]     VAL PASS  BRENT              banking_z        lag=  1  m6_ic=0.0564
[18:25:34]     VAL PASS  BRENT              banking_z        lag= 14  m6_ic=0.0605
[18:25:35]     VAL PASS  BRENT              gold_z           lag= 30  m6_ic=0.1296
[18:25:35]     VAL PASS  MSCI_INDIA         rate_z           lag= 14  m6_ic=0.0480
[18:25:36]     VAL PASS  MSCI_INDIA         ruble_z          lag= 30  m6_ic=0.1265
[18:25:36]     VAL PASS  MSCI_INDIA         sanctions_z      lag=  1  m6_ic=0.0489
[18:25:37]     VAL PASS  MSCI_INDIA         inflation_z      lag=  7  m6_ic=0.0330
[18:25:37]     VAL PASS  MSCI_INDIA         banking_z        lag=  7  m6_ic=0.0539
[18:25:38]     VAL PASS  MSCI_INDIA         gold_z           lag=  7  m6_ic=0.0649
[18:25:38]     VAL PASS  CHINA_H_SHARES     oil_z            lag=  7  m6_ic=0.1027
[18:25:39]     VAL PASS  CHINA_H_SHARES     oil_z            lag= 30  m6_ic=0.1875
[18:25:39]     VAL PASS  CHINA_H_SHARES     rate_z           lag=  1  m6_ic=0.0377
[18:25:39]     VAL PASS  CHINA_H_SHARES     rate_z           lag=  7  m6_ic=0.0334
[18:25:39]     VAL PASS  CHINA_H_SHARES     ruble_z          lag= 30  m6_ic=0.0800
[18:25:40]     VAL PASS  CHINA_H_SHARES     sanctions_z      lag=  1  m6_ic=0.1120
[18:25:40]     VAL PASS  CHINA_H_SHARES     sanctions_z      lag= 14  m6_ic=0.0458
[18:25:40]     VAL PASS  CHINA_H_SHARES     sanctions_z      lag= 30  m6_ic=0.0319
[18:25:40]     VAL PASS  CHINA_H_SHARES     inflation_z      lag=  1  m6_ic=0.1077
[18:25:41]     VAL PASS  CHINA_H_SHARES     banking_z        lag=  7  m6_ic=0.1068
[18:25:41]     VAL PASS  CHINA_H_SHARES     banking_z        lag= 30  m6_ic=0.0977
[18:25:41]     VAL PASS  CHINA_H_SHARES     gold_z           lag=  1  m6_ic=0.0505
[18:25:41]     VAL PASS  CHINA_H_SHARES     gold_z           lag=  7  m6_ic=0.0511
[18:25:42]     VAL PASS  FTSE_CHINA_50      oil_z            lag=  1  m6_ic=0.0538
[18:25:42]     VAL PASS  FTSE_CHINA_50      oil_z            lag=  7  m6_ic=0.1095
[18:25:42]     VAL PASS  FTSE_CHINA_50      oil_z            lag= 30  m6_ic=0.1354
[18:25:43]     VAL PASS  FTSE_CHINA_50      rate_z           lag=  1  m6_ic=0.1022
[18:25:43]     VAL PASS  FTSE_CHINA_50      rate_z           lag=  7  m6_ic=0.0757
[18:25:43]     VAL PASS  FTSE_CHINA_50      ruble_z          lag= 14  m6_ic=0.0397
[18:25:43]     VAL PASS  FTSE_CHINA_50      sanctions_z      lag=  7  m6_ic=0.0579
[18:25:44]     VAL PASS  FTSE_CHINA_50      sanctions_z      lag= 30  m6_ic=0.0526
[18:25:44]     VAL PASS  FTSE_CHINA_50      inflation_z      lag= 30  m6_ic=0.0831
[18:25:44]     VAL PASS  FTSE_CHINA_50      banking_z        lag=  7  m6_ic=0.0489
[18:25:45]     VAL PASS  FTSE_CHINA_50      banking_z        lag= 30  m6_ic=0.0318
[18:25:45]     VAL PASS  FTSE_CHINA_50      gold_z           lag=  1  m6_ic=0.0767
[18:25:45]     VAL PASS  FTSE_CHINA_50      gold_z           lag= 30  m6_ic=0.1237
[18:25:45]     VAL PASS  GOLD               oil_z            lag=  1  m6_ic=0.0908
[18:25:46]     VAL PASS  GOLD               oil_z            lag= 30  m6_ic=0.0629
[18:25:46]     VAL PASS  GOLD               rate_z           lag=  1  m6_ic=0.1066
[18:25:46]     VAL PASS  GOLD               rate_z           lag= 14  m6_ic=0.1597
[18:25:46]     VAL PASS  GOLD               rate_z           lag= 30  m6_ic=0.0724
[18:25:47]     VAL PASS  GOLD               sanctions_z      lag=  1  m6_ic=0.0540
[18:25:47]     VAL PASS  GOLD               sanctions_z      lag= 14  m6_ic=0.0433
[18:25:47]     VAL PASS  GOLD               inflation_z      lag=  7  m6_ic=0.0318
[18:25:48]     VAL PASS  GOLD               banking_z        lag= 30  m6_ic=0.0451
[18:25:48]     VAL PASS  GOLD               gold_z           lag=  1  m6_ic=0.0394
[18:25:48]     VAL PASS  GOLD               gold_z           lag= 14  m6_ic=0.0773
[18:25:49]     VAL PASS  SILVER             rate_z           lag=  7  m6_ic=0.1293
[18:25:49]     VAL PASS  SILVER             rate_z           lag= 14  m6_ic=0.1576
[18:25:49]     VAL PASS  SILVER             rate_z           lag= 30  m6_ic=0.0650
[18:25:50]     VAL PASS  SILVER             ruble_z          lag= 30  m6_ic=0.0850
[18:25:50]     VAL PASS  SILVER             sanctions_z      lag=  7  m6_ic=0.0517
[18:25:50]     VAL PASS  SILVER             inflation_z      lag= 30  m6_ic=0.0609
[18:25:51]     VAL PASS  SILVER             banking_z        lag=  1  m6_ic=0.0796
[18:25:51]     VAL PASS  SILVER             banking_z        lag= 14  m6_ic=0.0997
[18:25:51]     VAL PASS  SILVER             banking_z        lag= 30  m6_ic=0.0700
[18:25:51]     VAL PASS  SILVER             gold_z           lag=  1  m6_ic=0.0474
[18:25:51]     VAL PASS  SILVER             gold_z           lag= 14  m6_ic=0.0687
[18:25:52]     VAL PASS  SILVER             gold_z           lag= 30  m6_ic=0.0849
[18:25:52]     VAL PASS  IMOEX              oil_z            lag=  1  m6_ic=0.0631
[18:25:52]     VAL PASS  IMOEX              rate_z           lag=  1  m6_ic=0.0323
[18:25:52]     VAL PASS  IMOEX              rate_z           lag= 14  m6_ic=0.0584
[18:25:53]     VAL PASS  IMOEX              rate_z           lag= 30  m6_ic=0.0648
[18:25:53]     VAL PASS  IMOEX              ruble_z          lag= 14  m6_ic=0.0858
[18:25:54]     VAL PASS  IMOEX              sanctions_z      lag= 14  m6_ic=0.1077
[18:25:54]     VAL PASS  IMOEX              inflation_z      lag=  1  m6_ic=0.0944
[18:25:54]     VAL PASS  IMOEX              inflation_z      lag= 30  m6_ic=0.0594
[18:25:54]     VAL PASS  IMOEX              banking_z        lag= 30  m6_ic=0.0422
[18:25:55]     VAL PASS  IMOEX              gold_z           lag=  1  m6_ic=0.0365
[18:25:55]     VAL PASS  IMOEX              gold_z           lag= 30  m6_ic=0.1228
[18:25:55]     VAL PASS  MOEXFN             oil_z            lag=  1  m6_ic=0.1353
[18:25:55]     VAL PASS  MOEXFN             oil_z            lag= 14  m6_ic=0.0365
[18:25:56]     VAL PASS  MOEXFN             rate_z           lag= 14  m6_ic=0.0341
[18:25:56]     VAL PASS  MOEXFN             rate_z           lag= 30  m6_ic=0.0700
[18:25:56]     VAL PASS  MOEXFN             ruble_z          lag= 14  m6_ic=0.0594
[18:25:57]     VAL PASS  MOEXFN             sanctions_z      lag=  1  m6_ic=0.0574
[18:25:57]     VAL PASS  MOEXFN             sanctions_z      lag=  7  m6_ic=0.0677
[18:25:57]     VAL PASS  MOEXFN             inflation_z      lag=  1  m6_ic=0.1187
[18:25:57]     VAL PASS  MOEXFN             inflation_z      lag= 30  m6_ic=0.0354
[18:25:58]     VAL PASS  MOEXFN             banking_z        lag= 14  m6_ic=0.0309
[18:25:58]     VAL PASS  MOEXOG             oil_z            lag=  1  m6_ic=0.0449
[18:25:58]     VAL PASS  MOEXOG             oil_z            lag=  7  m6_ic=0.0438
[18:25:59]     VAL PASS  MOEXOG             ruble_z          lag=  1  m6_ic=0.0370
[18:25:59]     VAL PASS  MOEXOG             sanctions_z      lag=  7  m6_ic=0.0375
[18:25:59]     VAL PASS  MOEXOG             sanctions_z      lag= 14  m6_ic=0.0866
[18:26:00]     VAL PASS  MOEXOG             sanctions_z      lag= 30  m6_ic=0.1425
[18:26:00]     VAL PASS  MOEXOG             inflation_z      lag=  1  m6_ic=0.0766
[18:26:00]     VAL PASS  MOEXOG             inflation_z      lag= 30  m6_ic=0.0440
[18:26:01]     VAL PASS  MOEXOG             gold_z           lag=  7  m6_ic=0.0391
[18:26:01]     VAL PASS  MOEXOG             gold_z           lag= 30  m6_ic=0.1182
[18:26:01]     VAL PASS  MOEX10             oil_z            lag=  1  m6_ic=0.0731
[18:26:01]     VAL PASS  MOEX10             oil_z            lag=  7  m6_ic=0.0389
[18:26:01]     VAL PASS  MOEX10             oil_z            lag= 14  m6_ic=0.1335
[18:26:02]     VAL PASS  MOEX10             rate_z           lag= 30  m6_ic=0.1275
[18:26:03]     VAL PASS  MOEX10             ruble_z          lag= 14  m6_ic=0.0695
[18:26:03]     VAL PASS  MOEX10             sanctions_z      lag=  7  m6_ic=0.0474
[18:26:03]     VAL PASS  MOEX10             sanctions_z      lag= 30  m6_ic=0.0620
[18:26:03]     VAL PASS  MOEX10             inflation_z      lag=  1  m6_ic=0.0563
[18:26:03]     VAL PASS  MOEX10             inflation_z      lag= 30  m6_ic=0.0443
[18:26:04]     VAL PASS  MOEX10             banking_z        lag= 14  m6_ic=0.0462
[18:26:04]     VAL PASS  MOEX10             gold_z           lag= 14  m6_ic=0.0630
[18:26:04]     VAL PASS  MOEX10             gold_z           lag= 30  m6_ic=0.0901
[18:26:04]     Val: 156/239 held
[18:26:04]   Score: 2532.3  train=239  ic_max=0.1764
[18:26:04] 
[6/15] sweep_keyword_z90_vol_5d
[18:26:04]   Config: sweep_keyword_z90_vol_5d
[18:26:04]     feature=keyword_z90  target=vol_5d  ensemble=M6_only  ic_min=0.03
[18:26:05]   HIT  SP500              oil_z            lag=  7 m5_p=0.6748  m6_ic=0.0527
[18:26:05]   HIT  SP500              oil_z            lag= 14 m5_p=0.7862  m6_ic=0.1014
[18:26:05]   HIT  SP500              rate_z           lag=  1 m5_p=0.4366  m6_ic=0.0510
[18:26:05]   HIT  SP500              rate_z           lag=  7 m5_p=0.8581  m6_ic=0.0547
[18:26:06]   HIT  SP500              rate_z           lag= 14 m5_p=0.9377  m6_ic=0.0710
[18:26:06]   HIT  SP500              ruble_z          lag=  1 m5_p=0.6337  m6_ic=0.0566
[18:26:07]   HIT  SP500              sanctions_z      lag=  1 m5_p=0.4430  m6_ic=0.0698
[18:26:07]   HIT  SP500              sanctions_z      lag=  7 m5_p=0.7751  m6_ic=0.0709
[18:26:08]   HIT  SP500              inflation_z      lag=  1 m5_p=0.4970  m6_ic=0.0398
[18:26:08]   HIT  SP500              inflation_z      lag=  7 m5_p=0.5052  m6_ic=0.0847
[18:26:08]   HIT  SP500              inflation_z      lag= 30 m5_p=0.6300  m6_ic=0.0727
[18:26:09]   HIT  SP500              banking_z        lag=  1 m5_p=0.8581  m6_ic=0.0508
[18:26:09]   HIT  SP500              banking_z        lag= 14 m5_p=0.6500  m6_ic=0.0462
[18:26:09]   HIT  SP500              banking_z        lag= 30 m5_p=0.5090  m6_ic=0.0337
[18:26:10]   HIT  SP500              gold_z           lag=  7 m5_p=0.7528  m6_ic=0.0567
[18:26:11]   HIT  USD_RUB            oil_z            lag= 14 m5_p=0.6692  m6_ic=0.0580
[18:26:11]   HIT  USD_RUB            oil_z            lag= 30 m5_p=0.4686  m6_ic=0.0829
[18:26:11]   HIT  USD_RUB            rate_z           lag=  1 m5_p=0.9318  m6_ic=0.1048
[18:26:12]   HIT  USD_RUB            rate_z           lag= 30 m5_p=0.3641  m6_ic=0.0830
[18:26:12]   HIT  USD_RUB            ruble_z          lag=  1 m5_p=0.1133  m6_ic=0.0395
[18:26:12]   HIT  USD_RUB            ruble_z          lag=  7 m5_p=0.1581  m6_ic=0.0476
[18:26:12]   HIT  USD_RUB            ruble_z          lag= 14 m5_p=0.9816  m6_ic=0.1100
[18:26:13]   HIT  USD_RUB            sanctions_z      lag= 14 m5_p=0.6089  m6_ic=0.0672
[18:26:13]   HIT  USD_RUB            sanctions_z      lag= 30 m5_p=0.1916  m6_ic=0.0594
[18:26:16]   HIT  EUR_RUB            oil_z            lag= 14 m5_p=0.6692  m6_ic=0.0580
[18:26:17]   HIT  EUR_RUB            oil_z            lag= 30 m5_p=0.4686  m6_ic=0.0829
[18:26:17]   HIT  EUR_RUB            rate_z           lag=  1 m5_p=0.9318  m6_ic=0.1048
[18:26:17]   HIT  EUR_RUB            rate_z           lag= 30 m5_p=0.3641  m6_ic=0.0830
[18:26:18]   HIT  EUR_RUB            ruble_z          lag=  1 m5_p=0.1133  m6_ic=0.0395
[18:26:18]   HIT  EUR_RUB            ruble_z          lag=  7 m5_p=0.1581  m6_ic=0.0476
[18:26:18]   HIT  EUR_RUB            ruble_z          lag= 14 m5_p=0.9816  m6_ic=0.1100
[18:26:19]   HIT  EUR_RUB            sanctions_z      lag= 14 m5_p=0.6089  m6_ic=0.0672
[18:26:19]   HIT  EUR_RUB            sanctions_z      lag= 30 m5_p=0.1916  m6_ic=0.0594
[18:26:22]   HIT  DJ_SOUTH_AFRICA    oil_z            lag=  7 m5_p=0.6844  m6_ic=0.0421
[18:26:22]   HIT  DJ_SOUTH_AFRICA    oil_z            lag= 30 m5_p=0.7089  m6_ic=0.0453
[18:26:23]   HIT  DJ_SOUTH_AFRICA    ruble_z          lag=  1 m5_p=0.2753  m6_ic=0.0327
[18:26:24]   HIT  DJ_SOUTH_AFRICA    sanctions_z      lag=  1 m5_p=0.6815  m6_ic=0.0457
[18:26:24]   HIT  DJ_SOUTH_AFRICA    sanctions_z      lag= 14 m5_p=0.0779  m6_ic=0.0913
[18:26:25]   HIT  DJ_SOUTH_AFRICA    inflation_z      lag= 14 m5_p=0.3188  m6_ic=0.0959
[18:26:26]   HIT  DJ_SOUTH_AFRICA    inflation_z      lag= 30 m5_p=0.7929  m6_ic=0.0511
[18:26:26]   HIT  DJ_SOUTH_AFRICA    banking_z        lag=  1 m5_p=0.7066  m6_ic=0.0641
[18:26:26]   HIT  DJ_SOUTH_AFRICA    banking_z        lag=  7 m5_p=0.5309  m6_ic=0.0672
[18:26:26]   HIT  DJ_SOUTH_AFRICA    banking_z        lag= 30 m5_p=0.4462  m6_ic=0.1268
[18:26:27]   HIT  DJ_SOUTH_AFRICA    gold_z           lag= 30 m5_p=0.6862  m6_ic=0.0316
[18:26:27]   HIT  MSCI_WORLD         oil_z            lag=  1 m5_p=0.5159  m6_ic=0.0479
[18:26:28]   HIT  MSCI_WORLD         oil_z            lag= 14 m5_p=0.4804  m6_ic=0.0423
[18:26:28]   HIT  MSCI_WORLD         oil_z            lag= 30 m5_p=0.2309  m6_ic=0.0322
[18:26:28]   HIT  MSCI_WORLD         rate_z           lag=  7 m5_p=0.2870  m6_ic=0.0667
[18:26:29]   HIT  MSCI_WORLD         rate_z           lag= 14 m5_p=0.6915  m6_ic=0.0301
[18:26:29]   HIT  MSCI_WORLD         rate_z           lag= 30 m5_p=0.8385  m6_ic=0.0355
[18:26:29]   HIT  MSCI_WORLD         ruble_z          lag=  1 m5_p=0.8080  m6_ic=0.0853
[18:26:29]   HIT  MSCI_WORLD         ruble_z          lag=  7 m5_p=0.9167  m6_ic=0.0921
[18:26:30]   HIT  MSCI_WORLD         ruble_z          lag= 30 m5_p=0.6524  m6_ic=0.0477
[18:26:30]   HIT  MSCI_WORLD         sanctions_z      lag=  7 m5_p=0.9308  m6_ic=0.0323
[18:26:30]   HIT  MSCI_WORLD         sanctions_z      lag= 14 m5_p=0.0137  m6_ic=0.0993
[18:26:31]   HIT  MSCI_WORLD         inflation_z      lag=  1 m5_p=0.7383  m6_ic=0.0436
[18:26:31]   HIT  MSCI_WORLD         inflation_z      lag= 30 m5_p=0.7384  m6_ic=0.0309
[18:26:32]   HIT  MSCI_WORLD         banking_z        lag=  7 m5_p=0.2023  m6_ic=0.0786
[18:26:32]   HIT  MSCI_WORLD         banking_z        lag= 30 m5_p=0.9942  m6_ic=0.0386
[18:26:33]   HIT  DXY                oil_z            lag=  1 m5_p=0.2414  m6_ic=0.0793
[18:26:33]   HIT  DXY                oil_z            lag= 14 m5_p=0.7563  m6_ic=0.0457
[18:26:34]   HIT  DXY                oil_z            lag= 30 m5_p=0.9815  m6_ic=0.0813
[18:26:34]   HIT  DXY                rate_z           lag=  1 m5_p=0.3050  m6_ic=0.0430
[18:26:34]   HIT  DXY                rate_z           lag=  7 m5_p=0.2421  m6_ic=0.0551
[18:26:34]   HIT  DXY                rate_z           lag= 30 m5_p=0.1284  m6_ic=0.0300
[18:26:35]   HIT  DXY                ruble_z          lag=  7 m5_p=0.4020  m6_ic=0.0448
[18:26:35]   HIT  DXY                sanctions_z      lag=  1 m5_p=0.9497  m6_ic=0.0383
[18:26:36]   HIT  DXY                sanctions_z      lag= 14 m5_p=0.1076  m6_ic=0.0375
[18:26:37]   HIT  DXY                inflation_z      lag=  7 m5_p=0.2981  m6_ic=0.0602
[18:26:37]   HIT  DXY                banking_z        lag=  1 m5_p=0.2260  m6_ic=0.0604
[18:26:38]   HIT  DXY                banking_z        lag= 14 m5_p=0.7712  m6_ic=0.0496
[18:26:38]   HIT  DXY                gold_z           lag=  7 m5_p=0.1179  m6_ic=0.0653
[18:26:38]   HIT  DXY                gold_z           lag= 14 m5_p=0.9351  m6_ic=0.1175
[18:26:39]   HIT  DXY                gold_z           lag= 30 m5_p=0.4623  m6_ic=0.0315
[18:26:39]   HIT  BRENT              oil_z            lag=  1 m5_p=0.9346  m6_ic=0.0406
[18:26:39]   HIT  BRENT              oil_z            lag=  7 m5_p=0.7838  m6_ic=0.0323
[18:26:39]   HIT  BRENT              oil_z            lag= 30 m5_p=0.8551  m6_ic=0.0800
[18:26:40]   HIT  BRENT              rate_z           lag=  7 m5_p=0.6818  m6_ic=0.0496
[18:26:40]   HIT  BRENT              ruble_z          lag=  1 m5_p=0.2518  m6_ic=0.0403
[18:26:41]   HIT  BRENT              ruble_z          lag= 30 m5_p=0.4153  m6_ic=0.1042
[18:26:41]   HIT  BRENT              sanctions_z      lag=  1 m5_p=0.5997  m6_ic=0.0313
[18:26:41]   HIT  BRENT              sanctions_z      lag=  7 m5_p=0.9600  m6_ic=0.0553
[18:26:42]   HIT  BRENT              sanctions_z      lag= 14 m5_p=0.3220  m6_ic=0.0433
[18:26:42]   HIT  BRENT              sanctions_z      lag= 30 m5_p=0.5788  m6_ic=0.0428
[18:26:42]   HIT  BRENT              inflation_z      lag=  1 m5_p=0.2547  m6_ic=0.0371
[18:26:42]   HIT  BRENT              inflation_z      lag= 14 m5_p=0.6837  m6_ic=0.1134
[18:26:43]   HIT  BRENT              inflation_z      lag= 30 m5_p=0.6957  m6_ic=0.0373
[18:26:43]   HIT  BRENT              banking_z        lag=  1 m5_p=0.7337  m6_ic=0.0561
[18:26:43]   HIT  BRENT              banking_z        lag=  7 m5_p=0.1672  m6_ic=0.0787
[18:26:43]   HIT  BRENT              banking_z        lag= 14 m5_p=0.6100  m6_ic=0.0377
[18:26:44]   HIT  BRENT              gold_z           lag= 14 m5_p=0.3846  m6_ic=0.0425
[18:26:44]   HIT  BRENT              gold_z           lag= 30 m5_p=0.4444  m6_ic=0.0414
[18:26:45]   HIT  MSCI_INDIA         rate_z           lag=  1 m5_p=0.4597  m6_ic=0.0374
[18:26:46]   HIT  MSCI_INDIA         rate_z           lag= 14 m5_p=0.6407  m6_ic=0.0556
[18:26:46]   HIT  MSCI_INDIA         ruble_z          lag=  1 m5_p=0.7407  m6_ic=0.0782
[18:26:47]   HIT  MSCI_INDIA         ruble_z          lag= 14 m5_p=0.7548  m6_ic=0.0444
[18:26:47]   HIT  MSCI_INDIA         ruble_z          lag= 30 m5_p=0.6840  m6_ic=0.1163
[18:26:47]   HIT  MSCI_INDIA         sanctions_z      lag=  1 m5_p=0.8390  m6_ic=0.0804
[18:26:47]   HIT  MSCI_INDIA         sanctions_z      lag=  7 m5_p=0.6660  m6_ic=0.0532
[18:26:48]   HIT  MSCI_INDIA         sanctions_z      lag= 30 m5_p=0.7515  m6_ic=0.0537
[18:26:48]   HIT  MSCI_INDIA         inflation_z      lag=  7 m5_p=0.4727  m6_ic=0.0344
[18:26:48]   HIT  MSCI_INDIA         inflation_z      lag= 30 m5_p=0.7764  m6_ic=0.0488
[18:26:49]   HIT  MSCI_INDIA         banking_z        lag=  7 m5_p=0.6346  m6_ic=0.0664
[18:26:49]   HIT  MSCI_INDIA         banking_z        lag= 14 m5_p=0.3996  m6_ic=0.0755
[18:26:49]   HIT  MSCI_INDIA         banking_z        lag= 30 m5_p=0.5097  m6_ic=0.1499
[18:26:49]   HIT  MSCI_INDIA         gold_z           lag=  1 m5_p=0.5637  m6_ic=0.0718
[18:26:50]   HIT  MSCI_INDIA         gold_z           lag=  7 m5_p=0.6810  m6_ic=0.0318
[18:26:50]   HIT  MSCI_INDIA         gold_z           lag= 14 m5_p=0.2356  m6_ic=0.1126
[18:26:50]   HIT  CHINA_H_SHARES     oil_z            lag=  1 m5_p=0.4078  m6_ic=0.0396
[18:26:50]   HIT  CHINA_H_SHARES     oil_z            lag=  7 m5_p=0.3879  m6_ic=0.0652
[18:26:51]   HIT  CHINA_H_SHARES     oil_z            lag= 30 m5_p=0.6605  m6_ic=0.0794
[18:26:51]   HIT  CHINA_H_SHARES     rate_z           lag=  1 m5_p=0.0778  m6_ic=0.0808
[18:26:51]   HIT  CHINA_H_SHARES     rate_z           lag=  7 m5_p=0.8293  m6_ic=0.0837
[18:26:51]   HIT  CHINA_H_SHARES     rate_z           lag= 14 m5_p=0.7421  m6_ic=0.0693
[18:26:52]   HIT  CHINA_H_SHARES     ruble_z          lag= 30 m5_p=0.6007  m6_ic=0.0372
[18:26:53]   HIT  CHINA_H_SHARES     sanctions_z      lag=  1 m5_p=0.4326  m6_ic=0.0352
[18:26:53]   HIT  CHINA_H_SHARES     sanctions_z      lag= 14 m5_p=0.3141  m6_ic=0.0414
[18:26:53]   HIT  CHINA_H_SHARES     sanctions_z      lag= 30 m5_p=0.2065  m6_ic=0.0882
[18:26:53]   HIT  CHINA_H_SHARES     inflation_z      lag=  1 m5_p=0.1657  m6_ic=0.0329
[18:26:54]   HIT  CHINA_H_SHARES     inflation_z      lag= 30 m5_p=0.3707  m6_ic=0.0400
[18:26:54]   HIT  CHINA_H_SHARES     banking_z        lag=  7 m5_p=0.9238  m6_ic=0.0517
[18:26:55]   HIT  CHINA_H_SHARES     banking_z        lag= 30 m5_p=0.9528  m6_ic=0.0391
[18:26:55]   HIT  CHINA_H_SHARES     gold_z           lag=  1 m5_p=0.3506  m6_ic=0.0655
[18:26:55]   HIT  CHINA_H_SHARES     gold_z           lag=  7 m5_p=0.2418  m6_ic=0.0632
[18:26:56]   HIT  CHINA_H_SHARES     gold_z           lag= 30 m5_p=0.9133  m6_ic=0.0892
[18:26:56]   HIT  FTSE_CHINA_50      oil_z            lag=  1 m5_p=0.4418  m6_ic=0.0537
[18:26:56]   HIT  FTSE_CHINA_50      oil_z            lag=  7 m5_p=0.3249  m6_ic=0.0373
[18:26:56]   HIT  FTSE_CHINA_50      oil_z            lag= 14 m5_p=0.8152  m6_ic=0.0316
[18:26:57]   HIT  FTSE_CHINA_50      oil_z            lag= 30 m5_p=0.6776  m6_ic=0.0983
[18:26:57]   HIT  FTSE_CHINA_50      rate_z           lag=  1 m5_p=0.0686  m6_ic=0.0939
[18:26:57]   HIT  FTSE_CHINA_50      rate_z           lag=  7 m5_p=0.9920  m6_ic=0.0796
[18:26:57]   HIT  FTSE_CHINA_50      rate_z           lag= 14 m5_p=0.9641  m6_ic=0.0636
[18:26:58]   HIT  FTSE_CHINA_50      ruble_z          lag= 14 m5_p=0.8984  m6_ic=0.0423
[18:26:58]   HIT  FTSE_CHINA_50      sanctions_z      lag=  1 m5_p=0.4682  m6_ic=0.0388
[18:26:58]   HIT  FTSE_CHINA_50      sanctions_z      lag=  7 m5_p=0.6112  m6_ic=0.0567
[18:26:59]   HIT  FTSE_CHINA_50      sanctions_z      lag= 14 m5_p=0.5075  m6_ic=0.0465
[18:26:59]   HIT  FTSE_CHINA_50      sanctions_z      lag= 30 m5_p=0.1301  m6_ic=0.0854
[18:27:00]   HIT  FTSE_CHINA_50      inflation_z      lag= 30 m5_p=0.3401  m6_ic=0.0377
[18:27:00]   HIT  FTSE_CHINA_50      banking_z        lag=  7 m5_p=0.9999  m6_ic=0.0536
[18:27:00]   HIT  FTSE_CHINA_50      banking_z        lag= 30 m5_p=0.7490  m6_ic=0.0443
[18:27:01]   HIT  FTSE_CHINA_50      gold_z           lag=  1 m5_p=0.2753  m6_ic=0.0715
[18:27:01]   HIT  FTSE_CHINA_50      gold_z           lag=  7 m5_p=0.2675  m6_ic=0.0782
[18:27:01]   HIT  FTSE_CHINA_50      gold_z           lag= 30 m5_p=0.7492  m6_ic=0.1108
[18:27:01]   HIT  GOLD               oil_z            lag=  1 m5_p=0.3410  m6_ic=0.0740
[18:27:02]   HIT  GOLD               oil_z            lag=  7 m5_p=0.5309  m6_ic=0.0307
[18:27:02]   HIT  GOLD               oil_z            lag= 30 m5_p=0.8937  m6_ic=0.0544
[18:27:02]   HIT  GOLD               rate_z           lag=  1 m5_p=0.9320  m6_ic=0.0944
[18:27:03]   HIT  GOLD               rate_z           lag= 14 m5_p=0.1962  m6_ic=0.0795
[18:27:03]   HIT  GOLD               rate_z           lag= 30 m5_p=0.9938  m6_ic=0.0415
[18:27:04]   HIT  GOLD               ruble_z          lag= 30 m5_p=0.8547  m6_ic=0.1470
[18:27:04]   HIT  GOLD               sanctions_z      lag=  1 m5_p=0.9873  m6_ic=0.0309
[18:27:04]   HIT  GOLD               sanctions_z      lag= 14 m5_p=0.1815  m6_ic=0.0689
[18:27:04]   HIT  GOLD               sanctions_z      lag= 30 m5_p=0.0688  m6_ic=0.0646
[18:27:05]   HIT  GOLD               inflation_z      lag=  7 m5_p=0.0163  m6_ic=0.1378
[18:27:06]   HIT  GOLD               banking_z        lag=  7 m5_p=0.2484  m6_ic=0.0472
[18:27:06]   HIT  GOLD               banking_z        lag= 30 m5_p=0.8820  m6_ic=0.0463
[18:27:06]   HIT  GOLD               gold_z           lag=  1 m5_p=0.9441  m6_ic=0.0352
[18:27:06]   HIT  GOLD               gold_z           lag=  7 m5_p=0.9611  m6_ic=0.1063
[18:27:06]   HIT  GOLD               gold_z           lag= 14 m5_p=0.0545  m6_ic=0.0797
[18:27:07]   HIT  GOLD               gold_z           lag= 30 m5_p=0.4941  m6_ic=0.0389
[18:27:07]   HIT  SILVER             oil_z            lag= 30 m5_p=0.5800  m6_ic=0.0502
[18:27:08]   HIT  SILVER             rate_z           lag=  1 m5_p=0.4295  m6_ic=0.0367
[18:27:08]   HIT  SILVER             rate_z           lag=  7 m5_p=0.2690  m6_ic=0.1576
[18:27:08]   HIT  SILVER             rate_z           lag= 14 m5_p=0.7726  m6_ic=0.1103
[18:27:08]   HIT  SILVER             rate_z           lag= 30 m5_p=0.3588  m6_ic=0.0329
[18:27:09]   HIT  SILVER             ruble_z          lag= 30 m5_p=0.5785  m6_ic=0.0343
[18:27:09]   HIT  SILVER             sanctions_z      lag=  7 m5_p=0.6731  m6_ic=0.0738
[18:27:10]   HIT  SILVER             sanctions_z      lag= 14 m5_p=0.2403  m6_ic=0.0328
[18:27:10]   HIT  SILVER             inflation_z      lag=  7 m5_p=0.1879  m6_ic=0.0463
[18:27:11]   HIT  SILVER             inflation_z      lag= 30 m5_p=0.3543  m6_ic=0.0508
[18:27:11]   HIT  SILVER             banking_z        lag=  1 m5_p=0.9566  m6_ic=0.0990
[18:27:11]   HIT  SILVER             banking_z        lag= 14 m5_p=0.8649  m6_ic=0.0429
[18:27:11]   HIT  SILVER             banking_z        lag= 30 m5_p=0.5269  m6_ic=0.0363
[18:27:12]   HIT  SILVER             gold_z           lag=  1 m5_p=0.1866  m6_ic=0.0339
[18:27:12]   HIT  SILVER             gold_z           lag= 14 m5_p=0.9873  m6_ic=0.0467
[18:27:12]   HIT  SILVER             gold_z           lag= 30 m5_p=0.1992  m6_ic=0.0391
[18:27:12]   HIT  IMOEX              oil_z            lag=  1 m5_p=0.2413  m6_ic=0.0580
[18:27:13]   HIT  IMOEX              rate_z           lag=  1 m5_p=0.3025  m6_ic=0.0443
[18:27:13]   HIT  IMOEX              rate_z           lag=  7 m5_p=0.2258  m6_ic=0.0420
[18:27:14]   HIT  IMOEX              rate_z           lag= 14 m5_p=0.2674  m6_ic=0.0817
[18:27:14]   HIT  IMOEX              rate_z           lag= 30 m5_p=0.4265  m6_ic=0.1355
[18:27:14]   HIT  IMOEX              ruble_z          lag=  1 m5_p=0.7600  m6_ic=0.1486
[18:27:14]   HIT  IMOEX              ruble_z          lag=  7 m5_p=0.0306  m6_ic=0.0333
[18:27:14]   HIT  IMOEX              ruble_z          lag= 14 m5_p=0.3301  m6_ic=0.0746
[18:27:15]   HIT  IMOEX              ruble_z          lag= 30 m5_p=0.8361  m6_ic=0.0588
[18:27:15]   HIT  IMOEX              sanctions_z      lag= 14 m5_p=0.7735  m6_ic=0.0305
[18:27:16]   HIT  IMOEX              inflation_z      lag=  1 m5_p=0.2068  m6_ic=0.0652
[18:27:16]   HIT  IMOEX              inflation_z      lag= 30 m5_p=0.5172  m6_ic=0.0900
[18:27:17]   HIT  IMOEX              banking_z        lag=  7 m5_p=0.1920  m6_ic=0.0512
[18:27:17]   HIT  IMOEX              banking_z        lag= 30 m5_p=0.0824  m6_ic=0.0624
[18:27:17]   HIT  IMOEX              gold_z           lag=  1 m5_p=0.3190  m6_ic=0.0361
[18:27:18]   HIT  IMOEX              gold_z           lag= 30 m5_p=0.3290  m6_ic=0.0581
[18:27:18]   HIT  MOEXFN             oil_z            lag=  1 m5_p=0.3589  m6_ic=0.1419
[18:27:18]   HIT  MOEXFN             oil_z            lag=  7 m5_p=0.3274  m6_ic=0.0580
[18:27:18]   HIT  MOEXFN             oil_z            lag= 14 m5_p=0.6156  m6_ic=0.0324
[18:27:19]   HIT  MOEXFN             rate_z           lag= 14 m5_p=0.6683  m6_ic=0.0319
[18:27:19]   HIT  MOEXFN             rate_z           lag= 30 m5_p=0.9930  m6_ic=0.0357
[18:27:20]   HIT  MOEXFN             ruble_z          lag=  1 m5_p=0.6517  m6_ic=0.0735
[18:27:20]   HIT  MOEXFN             ruble_z          lag=  7 m5_p=0.2104  m6_ic=0.0631
[18:27:20]   HIT  MOEXFN             ruble_z          lag= 14 m5_p=0.5300  m6_ic=0.0578
[18:27:20]   HIT  MOEXFN             sanctions_z      lag=  1 m5_p=0.0556  m6_ic=0.0696
[18:27:21]   HIT  MOEXFN             sanctions_z      lag=  7 m5_p=0.9122  m6_ic=0.0433
[18:27:21]   HIT  MOEXFN             inflation_z      lag=  1 m5_p=0.2433  m6_ic=0.0377
[18:27:21]   HIT  MOEXFN             inflation_z      lag=  7 m5_p=0.4069  m6_ic=0.0376
[18:27:22]   HIT  MOEXFN             inflation_z      lag= 30 m5_p=0.4238  m6_ic=0.0521
[18:27:22]   HIT  MOEXFN             banking_z        lag=  7 m5_p=0.4758  m6_ic=0.0767
[18:27:22]   HIT  MOEXFN             banking_z        lag= 14 m5_p=0.1339  m6_ic=0.0699
[18:27:23]   HIT  MOEXFN             gold_z           lag=  7 m5_p=0.1800  m6_ic=0.0408
[18:27:24]   HIT  MOEXOG             oil_z            lag=  1 m5_p=0.2170  m6_ic=0.1113
[18:27:24]   HIT  MOEXOG             oil_z            lag=  7 m5_p=0.4584  m6_ic=0.0360
[18:27:24]   HIT  MOEXOG             rate_z           lag=  1 m5_p=0.2176  m6_ic=0.0682
[18:27:25]   HIT  MOEXOG             ruble_z          lag=  1 m5_p=0.7748  m6_ic=0.1057
[18:27:25]   HIT  MOEXOG             ruble_z          lag=  7 m5_p=0.0664  m6_ic=0.0461
[18:27:26]   HIT  MOEXOG             ruble_z          lag= 30 m5_p=0.9428  m6_ic=0.0346
[18:27:26]   HIT  MOEXOG             sanctions_z      lag=  7 m5_p=0.4094  m6_ic=0.0456
[18:27:26]   HIT  MOEXOG             sanctions_z      lag= 14 m5_p=0.3950  m6_ic=0.0419
[18:27:27]   HIT  MOEXOG             sanctions_z      lag= 30 m5_p=0.7427  m6_ic=0.0935
[18:27:27]   HIT  MOEXOG             inflation_z      lag=  1 m5_p=0.1034  m6_ic=0.1183
[18:27:27]   HIT  MOEXOG             inflation_z      lag= 30 m5_p=0.8230  m6_ic=0.1764
[18:27:28]   HIT  MOEXOG             banking_z        lag= 30 m5_p=0.1176  m6_ic=0.0665
[18:27:28]   HIT  MOEXOG             gold_z           lag=  1 m5_p=0.2022  m6_ic=0.0321
[18:27:29]   HIT  MOEXOG             gold_z           lag=  7 m5_p=0.7653  m6_ic=0.0454
[18:27:29]   HIT  MOEXOG             gold_z           lag= 30 m5_p=0.4799  m6_ic=0.0626
[18:27:29]   HIT  MOEX10             oil_z            lag=  1 m5_p=0.3737  m6_ic=0.1661
[18:27:29]   HIT  MOEX10             oil_z            lag=  7 m5_p=0.4867  m6_ic=0.0718
[18:27:30]   HIT  MOEX10             oil_z            lag= 14 m5_p=0.7293  m6_ic=0.0705
[18:27:30]   HIT  MOEX10             rate_z           lag=  1 m5_p=0.3887  m6_ic=0.0357
[18:27:30]   HIT  MOEX10             rate_z           lag=  7 m5_p=0.3078  m6_ic=0.0524
[18:27:31]   HIT  MOEX10             rate_z           lag= 30 m5_p=0.4483  m6_ic=0.0572
[18:27:31]   HIT  MOEX10             ruble_z          lag=  1 m5_p=0.9719  m6_ic=0.1048
[18:27:31]   HIT  MOEX10             ruble_z          lag=  7 m5_p=0.1292  m6_ic=0.0463
[18:27:31]   HIT  MOEX10             ruble_z          lag= 14 m5_p=0.4546  m6_ic=0.0393
[18:27:32]   HIT  MOEX10             sanctions_z      lag=  7 m5_p=0.6263  m6_ic=0.0733
[18:27:32]   HIT  MOEX10             sanctions_z      lag= 30 m5_p=0.4859  m6_ic=0.0602
[18:27:33]   HIT  MOEX10             inflation_z      lag=  1 m5_p=0.2736  m6_ic=0.0465
[18:27:33]   HIT  MOEX10             inflation_z      lag= 30 m5_p=0.7899  m6_ic=0.0795
[18:27:34]   HIT  MOEX10             banking_z        lag= 14 m5_p=0.0831  m6_ic=0.0306
[18:27:35]   HIT  MOEX10             gold_z           lag= 14 m5_p=0.9573  m6_ic=0.0366
[18:27:35]   HIT  MOEX10             gold_z           lag= 30 m5_p=0.6804  m6_ic=0.0659
[18:27:35]     Train: 239 signals
[18:27:35]     Val holdout (239 candidates)...
[18:27:36]     VAL PASS  SP500              rate_z           lag= 14  m6_ic=0.0907
[18:27:37]     VAL PASS  SP500              ruble_z          lag=  1  m6_ic=0.0665
[18:27:37]     VAL PASS  SP500              sanctions_z      lag=  7  m6_ic=0.1125
[18:27:37]     VAL PASS  SP500              inflation_z      lag=  1  m6_ic=0.0551
[18:27:38]     VAL PASS  SP500              inflation_z      lag=  7  m6_ic=0.0685
[18:27:38]     VAL PASS  SP500              banking_z        lag=  1  m6_ic=0.0980
[18:27:39]     VAL PASS  SP500              banking_z        lag= 30  m6_ic=0.0897
[18:27:39]     VAL PASS  USD_RUB            oil_z            lag= 14  m6_ic=0.0405
[18:27:39]     VAL PASS  USD_RUB            oil_z            lag= 30  m6_ic=0.0910
[18:27:40]     VAL PASS  USD_RUB            rate_z           lag=  1  m6_ic=0.1435
[18:27:40]     VAL PASS  USD_RUB            rate_z           lag= 30  m6_ic=0.0349
[18:27:40]     VAL PASS  USD_RUB            ruble_z          lag=  1  m6_ic=0.1347
[18:27:40]     VAL PASS  USD_RUB            ruble_z          lag=  7  m6_ic=0.1535
[18:27:41]     VAL PASS  USD_RUB            ruble_z          lag= 14  m6_ic=0.0900
[18:27:41]     VAL PASS  USD_RUB            sanctions_z      lag= 14  m6_ic=0.0338
[18:27:41]     VAL PASS  USD_RUB            sanctions_z      lag= 30  m6_ic=0.0439
[18:27:41]     VAL PASS  EUR_RUB            oil_z            lag= 14  m6_ic=0.0405
[18:27:42]     VAL PASS  EUR_RUB            oil_z            lag= 30  m6_ic=0.0910
[18:27:42]     VAL PASS  EUR_RUB            rate_z           lag=  1  m6_ic=0.1435
[18:27:42]     VAL PASS  EUR_RUB            rate_z           lag= 30  m6_ic=0.0349
[18:27:42]     VAL PASS  EUR_RUB            ruble_z          lag=  1  m6_ic=0.1347
[18:27:42]     VAL PASS  EUR_RUB            ruble_z          lag=  7  m6_ic=0.1535
[18:27:43]     VAL PASS  EUR_RUB            ruble_z          lag= 14  m6_ic=0.0900
[18:27:43]     VAL PASS  EUR_RUB            sanctions_z      lag= 14  m6_ic=0.0338
[18:27:43]     VAL PASS  EUR_RUB            sanctions_z      lag= 30  m6_ic=0.0439
[18:27:44]     VAL PASS  DJ_SOUTH_AFRICA    oil_z            lag= 30  m6_ic=0.0594
[18:27:44]     VAL PASS  DJ_SOUTH_AFRICA    sanctions_z      lag=  1  m6_ic=0.0689
[18:27:45]     VAL PASS  DJ_SOUTH_AFRICA    inflation_z      lag= 30  m6_ic=0.0897
[18:27:45]     VAL PASS  DJ_SOUTH_AFRICA    banking_z        lag=  1  m6_ic=0.0329
[18:27:45]     VAL PASS  DJ_SOUTH_AFRICA    banking_z        lag=  7  m6_ic=0.0636
[18:27:46]     VAL PASS  MSCI_WORLD         oil_z            lag=  1  m6_ic=0.0304
[18:27:47]     VAL PASS  MSCI_WORLD         rate_z           lag= 14  m6_ic=0.0385
[18:27:48]     VAL PASS  MSCI_WORLD         ruble_z          lag=  1  m6_ic=0.0619
[18:27:48]     VAL PASS  MSCI_WORLD         ruble_z          lag= 30  m6_ic=0.0596
[18:27:48]     VAL PASS  MSCI_WORLD         sanctions_z      lag=  7  m6_ic=0.0977
[18:27:49]     VAL PASS  MSCI_WORLD         sanctions_z      lag= 14  m6_ic=0.0521
[18:27:49]     VAL PASS  MSCI_WORLD         inflation_z      lag= 30  m6_ic=0.1127
[18:27:49]     VAL PASS  MSCI_WORLD         banking_z        lag=  7  m6_ic=0.0324
[18:27:50]     VAL PASS  DXY                oil_z            lag= 14  m6_ic=0.0360
[18:27:50]     VAL PASS  DXY                oil_z            lag= 30  m6_ic=0.1178
[18:27:51]     VAL PASS  DXY                rate_z           lag=  1  m6_ic=0.0472
[18:27:51]     VAL PASS  DXY                rate_z           lag=  7  m6_ic=0.0570
[18:27:51]     VAL PASS  DXY                rate_z           lag= 30  m6_ic=0.0851
[18:27:51]     VAL PASS  DXY                ruble_z          lag=  7  m6_ic=0.0950
[18:27:52]     VAL PASS  DXY                sanctions_z      lag= 14  m6_ic=0.1437
[18:27:52]     VAL PASS  DXY                inflation_z      lag=  7  m6_ic=0.0928
[18:27:52]     VAL PASS  DXY                banking_z        lag=  1  m6_ic=0.0325
[18:27:53]     VAL PASS  DXY                banking_z        lag= 14  m6_ic=0.1399
[18:27:53]     VAL PASS  DXY                gold_z           lag=  7  m6_ic=0.0432
[18:27:53]     VAL PASS  DXY                gold_z           lag= 14  m6_ic=0.1087
[18:27:54]     VAL PASS  BRENT              oil_z            lag=  1  m6_ic=0.1032
[18:27:55]     VAL PASS  BRENT              ruble_z          lag= 30  m6_ic=0.0509
[18:27:55]     VAL PASS  BRENT              sanctions_z      lag=  7  m6_ic=0.0419
[18:27:55]     VAL PASS  BRENT              sanctions_z      lag= 14  m6_ic=0.0669
[18:27:56]     VAL PASS  BRENT              inflation_z      lag= 30  m6_ic=0.0981
[18:27:57]     VAL PASS  BRENT              banking_z        lag=  1  m6_ic=0.0564
[18:27:57]     VAL PASS  BRENT              banking_z        lag= 14  m6_ic=0.0605
[18:27:58]     VAL PASS  BRENT              gold_z           lag= 30  m6_ic=0.1296
[18:27:58]     VAL PASS  MSCI_INDIA         rate_z           lag= 14  m6_ic=0.0480
[18:27:59]     VAL PASS  MSCI_INDIA         ruble_z          lag= 30  m6_ic=0.1265
[18:27:59]     VAL PASS  MSCI_INDIA         sanctions_z      lag=  1  m6_ic=0.0489
[18:28:00]     VAL PASS  MSCI_INDIA         inflation_z      lag=  7  m6_ic=0.0330
[18:28:01]     VAL PASS  MSCI_INDIA         banking_z        lag=  7  m6_ic=0.0539
[18:28:02]     VAL PASS  MSCI_INDIA         gold_z           lag=  7  m6_ic=0.0649
[18:28:03]     VAL PASS  CHINA_H_SHARES     oil_z            lag=  7  m6_ic=0.1027
[18:28:03]     VAL PASS  CHINA_H_SHARES     oil_z            lag= 30  m6_ic=0.1875
[18:28:03]     VAL PASS  CHINA_H_SHARES     rate_z           lag=  1  m6_ic=0.0377
[18:28:04]     VAL PASS  CHINA_H_SHARES     rate_z           lag=  7  m6_ic=0.0334
[18:28:04]     VAL PASS  CHINA_H_SHARES     ruble_z          lag= 30  m6_ic=0.0800
[18:28:04]     VAL PASS  CHINA_H_SHARES     sanctions_z      lag=  1  m6_ic=0.1120
[18:28:04]     VAL PASS  CHINA_H_SHARES     sanctions_z      lag= 14  m6_ic=0.0458
[18:28:05]     VAL PASS  CHINA_H_SHARES     sanctions_z      lag= 30  m6_ic=0.0319
[18:28:05]     VAL PASS  CHINA_H_SHARES     inflation_z      lag=  1  m6_ic=0.1077
[18:28:05]     VAL PASS  CHINA_H_SHARES     banking_z        lag=  7  m6_ic=0.1068
[18:28:05]     VAL PASS  CHINA_H_SHARES     banking_z        lag= 30  m6_ic=0.0977
[18:28:06]     VAL PASS  CHINA_H_SHARES     gold_z           lag=  1  m6_ic=0.0505
[18:28:06]     VAL PASS  CHINA_H_SHARES     gold_z           lag=  7  m6_ic=0.0511
[18:28:06]     VAL PASS  FTSE_CHINA_50      oil_z            lag=  1  m6_ic=0.0538
[18:28:06]     VAL PASS  FTSE_CHINA_50      oil_z            lag=  7  m6_ic=0.1095
[18:28:07]     VAL PASS  FTSE_CHINA_50      oil_z            lag= 30  m6_ic=0.1354
[18:28:07]     VAL PASS  FTSE_CHINA_50      rate_z           lag=  1  m6_ic=0.1022
[18:28:08]     VAL PASS  FTSE_CHINA_50      rate_z           lag=  7  m6_ic=0.0757
[18:28:08]     VAL PASS  FTSE_CHINA_50      ruble_z          lag= 14  m6_ic=0.0397
[18:28:08]     VAL PASS  FTSE_CHINA_50      sanctions_z      lag=  7  m6_ic=0.0579
[18:28:09]     VAL PASS  FTSE_CHINA_50      sanctions_z      lag= 30  m6_ic=0.0526
[18:28:09]     VAL PASS  FTSE_CHINA_50      inflation_z      lag= 30  m6_ic=0.0831
[18:28:09]     VAL PASS  FTSE_CHINA_50      banking_z        lag=  7  m6_ic=0.0489
[18:28:10]     VAL PASS  FTSE_CHINA_50      banking_z        lag= 30  m6_ic=0.0318
[18:28:10]     VAL PASS  FTSE_CHINA_50      gold_z           lag=  1  m6_ic=0.0767
[18:28:10]     VAL PASS  FTSE_CHINA_50      gold_z           lag= 30  m6_ic=0.1237
[18:28:10]     VAL PASS  GOLD               oil_z            lag=  1  m6_ic=0.0908
[18:28:11]     VAL PASS  GOLD               oil_z            lag= 30  m6_ic=0.0629
[18:28:11]     VAL PASS  GOLD               rate_z           lag=  1  m6_ic=0.1066
[18:28:11]     VAL PASS  GOLD               rate_z           lag= 14  m6_ic=0.1597
[18:28:11]     VAL PASS  GOLD               rate_z           lag= 30  m6_ic=0.0724
[18:28:12]     VAL PASS  GOLD               sanctions_z      lag=  1  m6_ic=0.0540
[18:28:12]     VAL PASS  GOLD               sanctions_z      lag= 14  m6_ic=0.0433
[18:28:12]     VAL PASS  GOLD               inflation_z      lag=  7  m6_ic=0.0318
[18:28:13]     VAL PASS  GOLD               banking_z        lag= 30  m6_ic=0.0451
[18:28:13]     VAL PASS  GOLD               gold_z           lag=  1  m6_ic=0.0394
[18:28:13]     VAL PASS  GOLD               gold_z           lag= 14  m6_ic=0.0773
[18:28:14]     VAL PASS  SILVER             rate_z           lag=  7  m6_ic=0.1293
[18:28:14]     VAL PASS  SILVER             rate_z           lag= 14  m6_ic=0.1576
[18:28:14]     VAL PASS  SILVER             rate_z           lag= 30  m6_ic=0.0650
[18:28:15]     VAL PASS  SILVER             ruble_z          lag= 30  m6_ic=0.0850
[18:28:15]     VAL PASS  SILVER             sanctions_z      lag=  7  m6_ic=0.0517
[18:28:15]     VAL PASS  SILVER             inflation_z      lag= 30  m6_ic=0.0609
[18:28:16]     VAL PASS  SILVER             banking_z        lag=  1  m6_ic=0.0796
[18:28:16]     VAL PASS  SILVER             banking_z        lag= 14  m6_ic=0.0997
[18:28:16]     VAL PASS  SILVER             banking_z        lag= 30  m6_ic=0.0700
[18:28:16]     VAL PASS  SILVER             gold_z           lag=  1  m6_ic=0.0474
[18:28:16]     VAL PASS  SILVER             gold_z           lag= 14  m6_ic=0.0687
[18:28:17]     VAL PASS  SILVER             gold_z           lag= 30  m6_ic=0.0849
[18:28:17]     VAL PASS  IMOEX              oil_z            lag=  1  m6_ic=0.0631
[18:28:17]     VAL PASS  IMOEX              rate_z           lag=  1  m6_ic=0.0323
[18:28:17]     VAL PASS  IMOEX              rate_z           lag= 14  m6_ic=0.0584
[18:28:18]     VAL PASS  IMOEX              rate_z           lag= 30  m6_ic=0.0648
[18:28:18]     VAL PASS  IMOEX              ruble_z          lag= 14  m6_ic=0.0858
[18:28:19]     VAL PASS  IMOEX              sanctions_z      lag= 14  m6_ic=0.1077
[18:28:19]     VAL PASS  IMOEX              inflation_z      lag=  1  m6_ic=0.0944
[18:28:19]     VAL PASS  IMOEX              inflation_z      lag= 30  m6_ic=0.0594
[18:28:20]     VAL PASS  IMOEX              banking_z        lag= 30  m6_ic=0.0422
[18:28:20]     VAL PASS  IMOEX              gold_z           lag=  1  m6_ic=0.0365
[18:28:20]     VAL PASS  IMOEX              gold_z           lag= 30  m6_ic=0.1228
[18:28:20]     VAL PASS  MOEXFN             oil_z            lag=  1  m6_ic=0.1353
[18:28:21]     VAL PASS  MOEXFN             oil_z            lag= 14  m6_ic=0.0365
[18:28:21]     VAL PASS  MOEXFN             rate_z           lag= 14  m6_ic=0.0341
[18:28:21]     VAL PASS  MOEXFN             rate_z           lag= 30  m6_ic=0.0700
[18:28:22]     VAL PASS  MOEXFN             ruble_z          lag= 14  m6_ic=0.0594
[18:28:22]     VAL PASS  MOEXFN             sanctions_z      lag=  1  m6_ic=0.0574
[18:28:23]     VAL PASS  MOEXFN             sanctions_z      lag=  7  m6_ic=0.0677
[18:28:23]     VAL PASS  MOEXFN             inflation_z      lag=  1  m6_ic=0.1187
[18:28:23]     VAL PASS  MOEXFN             inflation_z      lag= 30  m6_ic=0.0354
[18:28:24]     VAL PASS  MOEXFN             banking_z        lag= 14  m6_ic=0.0309
[18:28:24]     VAL PASS  MOEXOG             oil_z            lag=  1  m6_ic=0.0449
[18:28:24]     VAL PASS  MOEXOG             oil_z            lag=  7  m6_ic=0.0438
[18:28:25]     VAL PASS  MOEXOG             ruble_z          lag=  1  m6_ic=0.0370
[18:28:25]     VAL PASS  MOEXOG             sanctions_z      lag=  7  m6_ic=0.0375
[18:28:26]     VAL PASS  MOEXOG             sanctions_z      lag= 14  m6_ic=0.0866
[18:28:26]     VAL PASS  MOEXOG             sanctions_z      lag= 30  m6_ic=0.1425
[18:28:26]     VAL PASS  MOEXOG             inflation_z      lag=  1  m6_ic=0.0766
[18:28:26]     VAL PASS  MOEXOG             inflation_z      lag= 30  m6_ic=0.0440
[18:28:27]     VAL PASS  MOEXOG             gold_z           lag=  7  m6_ic=0.0391
[18:28:27]     VAL PASS  MOEXOG             gold_z           lag= 30  m6_ic=0.1182
[18:28:27]     VAL PASS  MOEX10             oil_z            lag=  1  m6_ic=0.0731
[18:28:28]     VAL PASS  MOEX10             oil_z            lag=  7  m6_ic=0.0389
[18:28:28]     VAL PASS  MOEX10             oil_z            lag= 14  m6_ic=0.1335
[18:28:28]     VAL PASS  MOEX10             rate_z           lag= 30  m6_ic=0.1275
[18:28:29]     VAL PASS  MOEX10             ruble_z          lag= 14  m6_ic=0.0695
[18:28:29]     VAL PASS  MOEX10             sanctions_z      lag=  7  m6_ic=0.0474
[18:28:29]     VAL PASS  MOEX10             sanctions_z      lag= 30  m6_ic=0.0620
[18:28:29]     VAL PASS  MOEX10             inflation_z      lag=  1  m6_ic=0.0563
[18:28:30]     VAL PASS  MOEX10             inflation_z      lag= 30  m6_ic=0.0443
[18:28:30]     VAL PASS  MOEX10             banking_z        lag= 14  m6_ic=0.0462
[18:28:30]     VAL PASS  MOEX10             gold_z           lag= 14  m6_ic=0.0630
[18:28:30]     VAL PASS  MOEX10             gold_z           lag= 30  m6_ic=0.0901
[18:28:30]     Val: 156/239 held
[18:28:30]   Score: 2532.3  train=239  ic_max=0.1764
[18:28:30] 
[7/15] sweep_keyword_z30_market_return
[18:28:30]   Config: sweep_keyword_z30_market_return
[18:28:30]     feature=keyword_z30  target=market_return  ensemble=M6_only  ic_min=0.03
[18:28:31]   HIT  SP500              oil_z            lag=  7 m5_p=0.8254  m6_ic=0.0637
[18:28:31]   HIT  SP500              oil_z            lag= 14 m5_p=0.7170  m6_ic=0.0936
[18:28:31]   HIT  SP500              oil_z            lag= 30 m5_p=0.2916  m6_ic=0.0516
[18:28:32]   HIT  SP500              rate_z           lag=  7 m5_p=0.7357  m6_ic=0.0370
[18:28:32]   HIT  SP500              rate_z           lag= 14 m5_p=0.9951  m6_ic=0.0679
[18:28:33]   HIT  SP500              ruble_z          lag= 30 m5_p=0.2154  m6_ic=0.0653
[18:28:33]   HIT  SP500              sanctions_z      lag= 14 m5_p=0.6295  m6_ic=0.0724
[18:28:34]   HIT  SP500              inflation_z      lag=  1 m5_p=0.5734  m6_ic=0.0578
[18:28:34]   HIT  SP500              inflation_z      lag=  7 m5_p=0.6216  m6_ic=0.0540
[18:28:35]   HIT  SP500              banking_z        lag=  7 m5_p=0.3767  m6_ic=0.0412
[18:28:36]   HIT  SP500              gold_z           lag=  7 m5_p=0.8404  m6_ic=0.1002
[18:28:36]   HIT  SP500              gold_z           lag= 14 m5_p=0.7661  m6_ic=0.0678
[18:28:36]   HIT  USD_RUB            oil_z            lag=  1 m5_p=0.5610  m6_ic=0.0303
[18:28:37]   HIT  USD_RUB            oil_z            lag=  7 m5_p=0.7301  m6_ic=0.0640
[18:28:37]   HIT  USD_RUB            oil_z            lag= 14 m5_p=0.5573  m6_ic=0.0307
[18:28:37]   HIT  USD_RUB            oil_z            lag= 30 m5_p=0.3761  m6_ic=0.0323
[18:28:37]   HIT  USD_RUB            rate_z           lag=  1 m5_p=0.9476  m6_ic=0.0959
[18:28:38]   HIT  USD_RUB            rate_z           lag= 14 m5_p=0.2823  m6_ic=0.0381
[18:28:38]   HIT  USD_RUB            ruble_z          lag=  1 m5_p=0.1170  m6_ic=0.0586
[18:28:38]   HIT  USD_RUB            ruble_z          lag=  7 m5_p=0.0983  m6_ic=0.0333
[18:28:38]   HIT  USD_RUB            ruble_z          lag= 14 m5_p=0.6695  m6_ic=0.1068
[18:28:39]   HIT  USD_RUB            ruble_z          lag= 30 m5_p=0.2572  m6_ic=0.0303
[18:28:39]   HIT  USD_RUB            sanctions_z      lag=  1 m5_p=0.1513  m6_ic=0.0917
[18:28:39]   HIT  USD_RUB            sanctions_z      lag=  7 m5_p=0.0612  m6_ic=0.0407
[18:28:39]   HIT  USD_RUB            sanctions_z      lag= 30 m5_p=0.0838  m6_ic=0.0403
[18:28:40]   HIT  USD_RUB            inflation_z      lag=  7 m5_p=0.4905  m6_ic=0.0813
[18:28:40]   HIT  USD_RUB            inflation_z      lag= 14 m5_p=0.2798  m6_ic=0.0500
[18:28:40]   HIT  USD_RUB            inflation_z      lag= 30 m5_p=0.6349  m6_ic=0.0538
[18:28:40]   HIT  USD_RUB            banking_z        lag=  1 m5_p=0.7376  m6_ic=0.0572
[18:28:41]   HIT  USD_RUB            banking_z        lag=  7 m5_p=0.1520  m6_ic=0.0568
[18:28:41]   HIT  USD_RUB            banking_z        lag= 30 m5_p=0.8190  m6_ic=0.0656
[18:28:42]   HIT  EUR_RUB            oil_z            lag=  1 m5_p=0.5610  m6_ic=0.0303
[18:28:42]   HIT  EUR_RUB            oil_z            lag=  7 m5_p=0.7301  m6_ic=0.0640
[18:28:42]   HIT  EUR_RUB            oil_z            lag= 14 m5_p=0.5573  m6_ic=0.0307
[18:28:43]   HIT  EUR_RUB            oil_z            lag= 30 m5_p=0.3761  m6_ic=0.0323
[18:28:43]   HIT  EUR_RUB            rate_z           lag=  1 m5_p=0.9476  m6_ic=0.0959
[18:28:43]   HIT  EUR_RUB            rate_z           lag= 14 m5_p=0.2823  m6_ic=0.0381
[18:28:44]   HIT  EUR_RUB            ruble_z          lag=  1 m5_p=0.1170  m6_ic=0.0586
[18:28:44]   HIT  EUR_RUB            ruble_z          lag=  7 m5_p=0.0983  m6_ic=0.0333
[18:28:44]   HIT  EUR_RUB            ruble_z          lag= 14 m5_p=0.6695  m6_ic=0.1068
[18:28:44]   HIT  EUR_RUB            ruble_z          lag= 30 m5_p=0.2572  m6_ic=0.0303
[18:28:44]   HIT  EUR_RUB            sanctions_z      lag=  1 m5_p=0.1513  m6_ic=0.0917
[18:28:45]   HIT  EUR_RUB            sanctions_z      lag=  7 m5_p=0.0612  m6_ic=0.0407
[18:28:45]   HIT  EUR_RUB            sanctions_z      lag= 30 m5_p=0.0838  m6_ic=0.0403
[18:28:45]   HIT  EUR_RUB            inflation_z      lag=  7 m5_p=0.4905  m6_ic=0.0813
[18:28:46]   HIT  EUR_RUB            inflation_z      lag= 14 m5_p=0.2798  m6_ic=0.0500
[18:28:46]   HIT  EUR_RUB            inflation_z      lag= 30 m5_p=0.6349  m6_ic=0.0538
[18:28:46]   HIT  EUR_RUB            banking_z        lag=  1 m5_p=0.7376  m6_ic=0.0572
[18:28:46]   HIT  EUR_RUB            banking_z        lag=  7 m5_p=0.1520  m6_ic=0.0568
[18:28:47]   HIT  EUR_RUB            banking_z        lag= 30 m5_p=0.8190  m6_ic=0.0656
[18:28:48]   HIT  DJ_SOUTH_AFRICA    oil_z            lag= 14 m5_p=0.2445  m6_ic=0.0489
[18:28:49]   HIT  DJ_SOUTH_AFRICA    rate_z           lag=  1 m5_p=0.6268  m6_ic=0.0775
[18:28:49]   HIT  DJ_SOUTH_AFRICA    rate_z           lag=  7 m5_p=0.8298  m6_ic=0.0342
[18:28:49]   HIT  DJ_SOUTH_AFRICA    rate_z           lag= 30 m5_p=0.6839  m6_ic=0.0726
[18:28:49]   HIT  DJ_SOUTH_AFRICA    ruble_z          lag=  1 m5_p=0.1001  m6_ic=0.0534
[18:28:50]   HIT  DJ_SOUTH_AFRICA    ruble_z          lag=  7 m5_p=0.4065  m6_ic=0.0595
[18:28:50]   HIT  DJ_SOUTH_AFRICA    ruble_z          lag= 30 m5_p=0.5463  m6_ic=0.0461
[18:28:50]   HIT  DJ_SOUTH_AFRICA    sanctions_z      lag=  1 m5_p=0.7442  m6_ic=0.0604
[18:28:51]   HIT  DJ_SOUTH_AFRICA    sanctions_z      lag= 14 m5_p=0.0128  m6_ic=0.0833
[18:28:51]   HIT  DJ_SOUTH_AFRICA    sanctions_z      lag= 30 m5_p=0.2280  m6_ic=0.1116
[18:28:51]   HIT  DJ_SOUTH_AFRICA    inflation_z      lag=  7 m5_p=0.0980  m6_ic=0.1431
[18:28:52]   HIT  DJ_SOUTH_AFRICA    banking_z        lag=  1 m5_p=0.3162  m6_ic=0.0328
[18:28:53]   HIT  DJ_SOUTH_AFRICA    banking_z        lag= 30 m5_p=0.2699  m6_ic=0.0477
[18:28:53]   HIT  DJ_SOUTH_AFRICA    gold_z           lag=  7 m5_p=0.8091  m6_ic=0.0329
[18:28:53]   HIT  DJ_SOUTH_AFRICA    gold_z           lag= 30 m5_p=0.8393  m6_ic=0.1079
[18:28:54]   HIT  MSCI_WORLD         oil_z            lag= 14 m5_p=0.2593  m6_ic=0.0384
[18:28:55]   HIT  MSCI_WORLD         rate_z           lag= 14 m5_p=0.5906  m6_ic=0.0762
[18:28:55]   HIT  MSCI_WORLD         rate_z           lag= 30 m5_p=0.7262  m6_ic=0.0625
[18:28:55]   HIT  MSCI_WORLD         ruble_z          lag=  1 m5_p=0.9537  m6_ic=0.0402
[18:28:55]   HIT  MSCI_WORLD         ruble_z          lag=  7 m5_p=0.8457  m6_ic=0.0720
[18:28:56]   HIT  MSCI_WORLD         sanctions_z      lag=  1 m5_p=0.8301  m6_ic=0.0666
[18:28:56]   HIT  MSCI_WORLD         sanctions_z      lag= 14 m5_p=0.0116  m6_ic=0.0751
[18:28:57]   HIT  MSCI_WORLD         inflation_z      lag=  1 m5_p=0.3657  m6_ic=0.0524
[18:28:58]   HIT  MSCI_WORLD         banking_z        lag= 30 m5_p=0.8740  m6_ic=0.0714
[18:28:59]   HIT  MSCI_WORLD         gold_z           lag= 14 m5_p=0.2426  m6_ic=0.0489
[18:28:59]   HIT  MSCI_WORLD         gold_z           lag= 30 m5_p=0.9033  m6_ic=0.1028
[18:28:59]   HIT  DXY                oil_z            lag=  1 m5_p=0.0363  m6_ic=0.0493
[18:29:00]   HIT  DXY                oil_z            lag=  7 m5_p=0.4332  m6_ic=0.0514
[18:29:00]   HIT  DXY                oil_z            lag= 30 m5_p=0.9929  m6_ic=0.0315
[18:29:00]   HIT  DXY                rate_z           lag=  1 m5_p=0.0870  m6_ic=0.0481
[18:29:00]   HIT  DXY                rate_z           lag=  7 m5_p=0.2159  m6_ic=0.0660
[18:29:01]   HIT  DXY                rate_z           lag= 14 m5_p=0.4269  m6_ic=0.0606
[18:29:01]   HIT  DXY                rate_z           lag= 30 m5_p=0.1851  m6_ic=0.0488
[18:29:01]   HIT  DXY                ruble_z          lag=  1 m5_p=0.5830  m6_ic=0.0457
[18:29:01]   HIT  DXY                ruble_z          lag= 14 m5_p=0.3215  m6_ic=0.0417
[18:29:02]   HIT  DXY                sanctions_z      lag= 30 m5_p=0.7737  m6_ic=0.0507
[18:29:03]   HIT  DXY                inflation_z      lag=  7 m5_p=0.3826  m6_ic=0.0533
[18:29:03]   HIT  DXY                inflation_z      lag= 14 m5_p=0.8770  m6_ic=0.0450
[18:29:03]   HIT  DXY                banking_z        lag=  1 m5_p=0.1827  m6_ic=0.0520
[18:29:04]   HIT  DXY                banking_z        lag=  7 m5_p=0.7330  m6_ic=0.0326
[18:29:04]   HIT  DXY                banking_z        lag= 14 m5_p=0.9784  m6_ic=0.0366
[18:29:05]   HIT  DXY                gold_z           lag=  7 m5_p=0.1562  m6_ic=0.0631
[18:29:05]   HIT  DXY                gold_z           lag= 14 m5_p=0.7091  m6_ic=0.0767
[18:29:05]   HIT  BRENT              oil_z            lag=  7 m5_p=0.7839  m6_ic=0.0578
[18:29:06]   HIT  BRENT              oil_z            lag= 30 m5_p=0.7896  m6_ic=0.0534
[18:29:06]   HIT  BRENT              rate_z           lag=  1 m5_p=0.4639  m6_ic=0.0489
[18:29:07]   HIT  BRENT              rate_z           lag= 30 m5_p=0.7557  m6_ic=0.1055
[18:29:07]   HIT  BRENT              ruble_z          lag=  1 m5_p=0.1300  m6_ic=0.0318
[18:29:07]   HIT  BRENT              ruble_z          lag=  7 m5_p=0.3462  m6_ic=0.0456
[18:29:07]   HIT  BRENT              ruble_z          lag= 14 m5_p=0.3931  m6_ic=0.0431
[18:29:07]   HIT  BRENT              ruble_z          lag= 30 m5_p=0.3398  m6_ic=0.0647
[18:29:08]   HIT  BRENT              sanctions_z      lag=  1 m5_p=0.9551  m6_ic=0.0360
[18:29:08]   HIT  BRENT              sanctions_z      lag=  7 m5_p=0.7252  m6_ic=0.0542
[18:29:08]   HIT  BRENT              sanctions_z      lag= 14 m5_p=0.2424  m6_ic=0.0325
[18:29:08]   HIT  BRENT              inflation_z      lag=  1 m5_p=0.3106  m6_ic=0.0379
[18:29:08]   HIT  BRENT              inflation_z      lag=  7 m5_p=0.8715  m6_ic=0.0712
[18:29:09]   HIT  BRENT              inflation_z      lag= 14 m5_p=0.9169  m6_ic=0.0952
[18:29:09]   HIT  BRENT              banking_z        lag=  1 m5_p=0.8083  m6_ic=0.0307
[18:29:10]   HIT  BRENT              gold_z           lag=  1 m5_p=0.2283  m6_ic=0.0394
[18:29:10]   HIT  BRENT              gold_z           lag=  7 m5_p=0.5565  m6_ic=0.0647
[18:29:10]   HIT  BRENT              gold_z           lag= 14 m5_p=0.4285  m6_ic=0.0621
[18:29:11]   HIT  BRENT              gold_z           lag= 30 m5_p=0.5484  m6_ic=0.0543
[18:29:11]   HIT  MSCI_INDIA         oil_z            lag= 30 m5_p=0.7651  m6_ic=0.0559
[18:29:12]   HIT  MSCI_INDIA         rate_z           lag=  7 m5_p=0.8927  m6_ic=0.1361
[18:29:12]   HIT  MSCI_INDIA         rate_z           lag= 14 m5_p=0.4433  m6_ic=0.0622
[18:29:12]   HIT  MSCI_INDIA         rate_z           lag= 30 m5_p=0.8638  m6_ic=0.0670
[18:29:13]   HIT  MSCI_INDIA         ruble_z          lag=  7 m5_p=0.4872  m6_ic=0.0582
[18:29:13]   HIT  MSCI_INDIA         ruble_z          lag= 30 m5_p=0.9102  m6_ic=0.0868
[18:29:13]   HIT  MSCI_INDIA         sanctions_z      lag=  7 m5_p=0.7171  m6_ic=0.0578
[18:29:14]   HIT  MSCI_INDIA         sanctions_z      lag= 14 m5_p=0.1846  m6_ic=0.0535
[18:29:14]   HIT  MSCI_INDIA         sanctions_z      lag= 30 m5_p=0.7792  m6_ic=0.0746
[18:29:14]   HIT  MSCI_INDIA         inflation_z      lag=  1 m5_p=0.6167  m6_ic=0.0647
[18:29:14]   HIT  MSCI_INDIA         inflation_z      lag= 14 m5_p=0.4628  m6_ic=0.0468
[18:29:15]   HIT  MSCI_INDIA         inflation_z      lag= 30 m5_p=0.6596  m6_ic=0.1025
[18:29:15]   HIT  MSCI_INDIA         banking_z        lag=  1 m5_p=0.5225  m6_ic=0.0366
[18:29:15]   HIT  MSCI_INDIA         banking_z        lag=  7 m5_p=0.8542  m6_ic=0.0774
[18:29:15]   HIT  MSCI_INDIA         banking_z        lag= 30 m5_p=0.5461  m6_ic=0.0413
[18:29:16]   HIT  MSCI_INDIA         gold_z           lag=  1 m5_p=0.6699  m6_ic=0.0731
[18:29:16]   HIT  MSCI_INDIA         gold_z           lag=  7 m5_p=0.7335  m6_ic=0.0816
[18:29:16]   HIT  MSCI_INDIA         gold_z           lag= 14 m5_p=0.2159  m6_ic=0.0415
[18:29:16]   HIT  CHINA_H_SHARES     oil_z            lag=  1 m5_p=0.5007  m6_ic=0.0682
[18:29:17]   HIT  CHINA_H_SHARES     oil_z            lag= 14 m5_p=0.9264  m6_ic=0.0303
[18:29:17]   HIT  CHINA_H_SHARES     oil_z            lag= 30 m5_p=0.7034  m6_ic=0.0355
[18:29:17]   HIT  CHINA_H_SHARES     rate_z           lag=  1 m5_p=0.0394  m6_ic=0.0625
[18:29:17]   HIT  CHINA_H_SHARES     rate_z           lag=  7 m5_p=0.9527  m6_ic=0.0309
[18:29:18]   HIT  CHINA_H_SHARES     rate_z           lag= 30 m5_p=0.2030  m6_ic=0.0536
[18:29:19]   HIT  CHINA_H_SHARES     ruble_z          lag= 30 m5_p=0.8266  m6_ic=0.1344
[18:29:19]   HIT  CHINA_H_SHARES     sanctions_z      lag=  7 m5_p=0.5359  m6_ic=0.0714
[18:29:20]   HIT  CHINA_H_SHARES     inflation_z      lag=  7 m5_p=0.2935  m6_ic=0.0476
[18:29:20]   HIT  CHINA_H_SHARES     inflation_z      lag= 14 m5_p=0.9861  m6_ic=0.0413
[18:29:20]   HIT  CHINA_H_SHARES     inflation_z      lag= 30 m5_p=0.3077  m6_ic=0.0691
[18:29:21]   HIT  CHINA_H_SHARES     banking_z        lag=  7 m5_p=0.9120  m6_ic=0.0448
[18:29:21]   HIT  CHINA_H_SHARES     banking_z        lag= 30 m5_p=0.9935  m6_ic=0.0303
[18:29:22]   HIT  CHINA_H_SHARES     gold_z           lag=  7 m5_p=0.2118  m6_ic=0.0623
[18:29:22]   HIT  CHINA_H_SHARES     gold_z           lag= 14 m5_p=0.3874  m6_ic=0.0751
[18:29:22]   HIT  CHINA_H_SHARES     gold_z           lag= 30 m5_p=0.8381  m6_ic=0.1381
[18:29:22]   HIT  FTSE_CHINA_50      oil_z            lag=  1 m5_p=0.4869  m6_ic=0.0508
[18:29:22]   HIT  FTSE_CHINA_50      oil_z            lag=  7 m5_p=0.5115  m6_ic=0.0432
[18:29:23]   HIT  FTSE_CHINA_50      rate_z           lag=  1 m5_p=0.0335  m6_ic=0.0535
[18:29:24]   HIT  FTSE_CHINA_50      rate_z           lag= 30 m5_p=0.1565  m6_ic=0.0537
[18:29:24]   HIT  FTSE_CHINA_50      ruble_z          lag= 30 m5_p=0.6544  m6_ic=0.1647
[18:29:25]   HIT  FTSE_CHINA_50      sanctions_z      lag=  7 m5_p=0.4652  m6_ic=0.0412
[18:29:25]   HIT  FTSE_CHINA_50      sanctions_z      lag= 14 m5_p=0.6119  m6_ic=0.0333
[18:29:26]   HIT  FTSE_CHINA_50      inflation_z      lag=  7 m5_p=0.1893  m6_ic=0.0572
[18:29:26]   HIT  FTSE_CHINA_50      inflation_z      lag= 30 m5_p=0.2971  m6_ic=0.0659
[18:29:26]   HIT  FTSE_CHINA_50      banking_z        lag=  7 m5_p=0.9990  m6_ic=0.0715
[18:29:27]   HIT  FTSE_CHINA_50      banking_z        lag= 30 m5_p=0.6948  m6_ic=0.0381
[18:29:27]   HIT  FTSE_CHINA_50      gold_z           lag= 14 m5_p=0.4126  m6_ic=0.0722
[18:29:28]   HIT  FTSE_CHINA_50      gold_z           lag= 30 m5_p=0.6982  m6_ic=0.1673
[18:29:28]   HIT  GOLD               oil_z            lag= 14 m5_p=0.9423  m6_ic=0.0494
[18:29:28]   HIT  GOLD               oil_z            lag= 30 m5_p=0.8657  m6_ic=0.0466
[18:29:29]   HIT  GOLD               rate_z           lag= 14 m5_p=0.2299  m6_ic=0.0556
[18:29:29]   HIT  GOLD               rate_z           lag= 30 m5_p=0.8995  m6_ic=0.0703
[18:29:30]   HIT  GOLD               ruble_z          lag=  7 m5_p=0.8962  m6_ic=0.0833
[18:29:30]   HIT  GOLD               ruble_z          lag= 30 m5_p=0.5798  m6_ic=0.1072
[18:29:31]   HIT  GOLD               sanctions_z      lag= 30 m5_p=0.0589  m6_ic=0.0337
[18:29:31]   HIT  GOLD               inflation_z      lag=  1 m5_p=0.2236  m6_ic=0.0706
[18:29:31]   HIT  GOLD               inflation_z      lag=  7 m5_p=0.0360  m6_ic=0.0828
[18:29:31]   HIT  GOLD               inflation_z      lag= 14 m5_p=0.2796  m6_ic=0.0821
[18:29:32]   HIT  GOLD               banking_z        lag=  7 m5_p=0.1881  m6_ic=0.0517
[18:29:33]   HIT  GOLD               gold_z           lag=  7 m5_p=0.8343  m6_ic=0.0883
[18:29:33]   HIT  GOLD               gold_z           lag= 14 m5_p=0.0620  m6_ic=0.0426
[18:29:33]   HIT  GOLD               gold_z           lag= 30 m5_p=0.4217  m6_ic=0.1003
[18:29:34]   HIT  SILVER             oil_z            lag= 30 m5_p=0.5578  m6_ic=0.0395
[18:29:34]   HIT  SILVER             rate_z           lag=  1 m5_p=0.3262  m6_ic=0.1287
[18:29:34]   HIT  SILVER             rate_z           lag=  7 m5_p=0.4661  m6_ic=0.1086
[18:29:34]   HIT  SILVER             rate_z           lag= 30 m5_p=0.3550  m6_ic=0.0769
[18:29:35]   HIT  SILVER             ruble_z          lag=  7 m5_p=0.4738  m6_ic=0.1011
[18:29:35]   HIT  SILVER             ruble_z          lag= 30 m5_p=0.9263  m6_ic=0.1441
[18:29:35]   HIT  SILVER             sanctions_z      lag=  1 m5_p=0.0249  m6_ic=0.0386
[18:29:36]   HIT  SILVER             sanctions_z      lag=  7 m5_p=0.7252  m6_ic=0.0312
[18:29:36]   HIT  SILVER             sanctions_z      lag= 14 m5_p=0.1365  m6_ic=0.0670
[18:29:36]   HIT  SILVER             sanctions_z      lag= 30 m5_p=0.2364  m6_ic=0.0555
[18:29:36]   HIT  SILVER             inflation_z      lag=  7 m5_p=0.3122  m6_ic=0.1119
[18:29:37]   HIT  SILVER             inflation_z      lag= 30 m5_p=0.6434  m6_ic=0.0400
[18:29:37]   HIT  SILVER             banking_z        lag=  1 m5_p=0.7370  m6_ic=0.0924
[18:29:37]   HIT  SILVER             banking_z        lag=  7 m5_p=0.5184  m6_ic=0.0301
[18:29:38]   HIT  SILVER             gold_z           lag=  1 m5_p=0.0584  m6_ic=0.0631
[18:29:38]   HIT  SILVER             gold_z           lag=  7 m5_p=0.7577  m6_ic=0.0361
[18:29:38]   HIT  SILVER             gold_z           lag= 30 m5_p=0.4651  m6_ic=0.0403
[18:29:39]   HIT  IMOEX              oil_z            lag=  1 m5_p=0.3571  m6_ic=0.0696
[18:29:39]   HIT  IMOEX              oil_z            lag= 30 m5_p=0.6406  m6_ic=0.0514
[18:29:40]   HIT  IMOEX              rate_z           lag= 14 m5_p=0.2562  m6_ic=0.0502
[18:29:40]   HIT  IMOEX              rate_z           lag= 30 m5_p=0.6107  m6_ic=0.1322
[18:29:40]   HIT  IMOEX              ruble_z          lag=  1 m5_p=0.9408  m6_ic=0.0597
[18:29:40]   HIT  IMOEX              ruble_z          lag=  7 m5_p=0.0458  m6_ic=0.0690
[18:29:41]   HIT  IMOEX              ruble_z          lag= 30 m5_p=0.9180  m6_ic=0.0665
[18:29:41]   HIT  IMOEX              sanctions_z      lag=  1 m5_p=0.2181  m6_ic=0.0803
[18:29:41]   HIT  IMOEX              sanctions_z      lag= 14 m5_p=0.6950  m6_ic=0.0354
[18:29:42]   HIT  IMOEX              inflation_z      lag= 14 m5_p=0.5925  m6_ic=0.0569
[18:29:43]   HIT  IMOEX              banking_z        lag=  7 m5_p=0.2841  m6_ic=0.0595
[18:29:43]   HIT  IMOEX              banking_z        lag= 30 m5_p=0.1178  m6_ic=0.0730
[18:29:43]   HIT  IMOEX              gold_z           lag=  1 m5_p=0.4821  m6_ic=0.0339
[18:29:43]   HIT  IMOEX              gold_z           lag=  7 m5_p=0.4466  m6_ic=0.0328
[18:29:44]   HIT  IMOEX              gold_z           lag= 30 m5_p=0.2917  m6_ic=0.0386
[18:29:44]   HIT  MOEXFN             oil_z            lag=  1 m5_p=0.5560  m6_ic=0.0727
[18:29:44]   HIT  MOEXFN             oil_z            lag= 14 m5_p=0.6731  m6_ic=0.0373
[18:29:45]   HIT  MOEXFN             oil_z            lag= 30 m5_p=0.9520  m6_ic=0.0368
[18:29:45]   HIT  MOEXFN             rate_z           lag=  1 m5_p=0.5857  m6_ic=0.0614
[18:29:45]   HIT  MOEXFN             rate_z           lag=  7 m5_p=0.0649  m6_ic=0.0671
[18:29:45]   HIT  MOEXFN             rate_z           lag= 30 m5_p=0.6743  m6_ic=0.0361
[18:29:46]   HIT  MOEXFN             ruble_z          lag=  7 m5_p=0.2908  m6_ic=0.0524
[18:29:46]   HIT  MOEXFN             sanctions_z      lag=  1 m5_p=0.0248  m6_ic=0.0434
[18:29:47]   HIT  MOEXFN             sanctions_z      lag=  7 m5_p=0.7560  m6_ic=0.0796
[18:29:47]   HIT  MOEXFN             sanctions_z      lag= 14 m5_p=0.4188  m6_ic=0.0373
[18:29:47]   HIT  MOEXFN             sanctions_z      lag= 30 m5_p=0.7065  m6_ic=0.0382
[18:29:47]   HIT  MOEXFN             inflation_z      lag=  7 m5_p=0.1289  m6_ic=0.0524
[18:29:48]   HIT  MOEXFN             banking_z        lag=  1 m5_p=0.9847  m6_ic=0.0305
[18:29:48]   HIT  MOEXFN             banking_z        lag=  7 m5_p=0.6786  m6_ic=0.1007
[18:29:48]   HIT  MOEXFN             banking_z        lag= 14 m5_p=0.2242  m6_ic=0.0325
[18:29:49]   HIT  MOEXFN             banking_z        lag= 30 m5_p=0.3350  m6_ic=0.0362
[18:29:49]   HIT  MOEXFN             gold_z           lag=  1 m5_p=0.4996  m6_ic=0.0451
[18:29:49]   HIT  MOEXFN             gold_z           lag= 30 m5_p=0.7046  m6_ic=0.0342
[18:29:50]   HIT  MOEXOG             oil_z            lag=  1 m5_p=0.3724  m6_ic=0.0631
[18:29:50]   HIT  MOEXOG             oil_z            lag= 30 m5_p=0.4142  m6_ic=0.0327
[18:29:50]   HIT  MOEXOG             rate_z           lag=  1 m5_p=0.4612  m6_ic=0.0707
[18:29:51]   HIT  MOEXOG             rate_z           lag= 14 m5_p=0.2424  m6_ic=0.0662
[18:29:51]   HIT  MOEXOG             ruble_z          lag=  1 m5_p=0.8949  m6_ic=0.1057
[18:29:52]   HIT  MOEXOG             ruble_z          lag= 14 m5_p=0.7465  m6_ic=0.0580
[18:29:52]   HIT  MOEXOG             ruble_z          lag= 30 m5_p=0.7976  m6_ic=0.0729
[18:29:53]   HIT  MOEXOG             sanctions_z      lag= 30 m5_p=0.9910  m6_ic=0.0468
[18:29:53]   HIT  MOEXOG             inflation_z      lag= 14 m5_p=0.8699  m6_ic=0.0607
[18:29:54]   HIT  MOEXOG             inflation_z      lag= 30 m5_p=0.6597  m6_ic=0.0801
[18:29:54]   HIT  MOEXOG             banking_z        lag=  1 m5_p=0.6315  m6_ic=0.0497
[18:29:55]   HIT  MOEXOG             gold_z           lag=  1 m5_p=0.3783  m6_ic=0.0514
[18:29:55]   HIT  MOEXOG             gold_z           lag=  7 m5_p=0.5586  m6_ic=0.0352
[18:29:55]   HIT  MOEX10             oil_z            lag=  1 m5_p=0.5139  m6_ic=0.0434
[18:29:56]   HIT  MOEX10             oil_z            lag=  7 m5_p=0.5069  m6_ic=0.0678
[18:29:56]   HIT  MOEX10             oil_z            lag= 14 m5_p=0.9103  m6_ic=0.0741
[18:29:57]   HIT  MOEX10             rate_z           lag= 30 m5_p=0.7390  m6_ic=0.0537
[18:29:57]   HIT  MOEX10             ruble_z          lag=  1 m5_p=0.6965  m6_ic=0.0453
[18:29:57]   HIT  MOEX10             ruble_z          lag=  7 m5_p=0.2110  m6_ic=0.0537
[18:29:57]   HIT  MOEX10             ruble_z          lag= 14 m5_p=0.6922  m6_ic=0.0383
[18:29:58]   HIT  MOEX10             ruble_z          lag= 30 m5_p=0.9554  m6_ic=0.0429
[18:29:58]   HIT  MOEX10             sanctions_z      lag=  1 m5_p=0.1513  m6_ic=0.0704
[18:29:58]   HIT  MOEX10             sanctions_z      lag=  7 m5_p=0.3906  m6_ic=0.0342
[18:29:58]   HIT  MOEX10             sanctions_z      lag= 14 m5_p=0.3927  m6_ic=0.0471
[18:29:58]   HIT  MOEX10             sanctions_z      lag= 30 m5_p=0.5885  m6_ic=0.0451
[18:29:59]   HIT  MOEX10             inflation_z      lag=  7 m5_p=0.1923  m6_ic=0.0489
[18:29:59]   HIT  MOEX10             inflation_z      lag= 14 m5_p=0.7230  m6_ic=0.0916
[18:29:59]   HIT  MOEX10             inflation_z      lag= 30 m5_p=0.7268  m6_ic=0.0455
[18:29:59]   HIT  MOEX10             banking_z        lag=  1 m5_p=0.8517  m6_ic=0.0351
[18:29:59]   HIT  MOEX10             banking_z        lag=  7 m5_p=0.3048  m6_ic=0.0330
[18:30:00]   HIT  MOEX10             gold_z           lag=  1 m5_p=0.6710  m6_ic=0.0428
[18:30:00]   HIT  MOEX10             gold_z           lag=  7 m5_p=0.2770  m6_ic=0.0721
[18:30:00]   HIT  MOEX10             gold_z           lag= 14 m5_p=0.9879  m6_ic=0.0520
[18:30:01]     Train: 256 signals
[18:30:01]     Val holdout (256 candidates)...
[18:30:01]     VAL PASS  SP500              oil_z            lag=  7  m6_ic=0.1011
[18:30:01]     VAL PASS  SP500              oil_z            lag= 14  m6_ic=0.0545
[18:30:02]     VAL PASS  SP500              sanctions_z      lag= 14  m6_ic=0.0620
[18:30:02]     VAL PASS  SP500              inflation_z      lag=  1  m6_ic=0.0769
[18:30:03]     VAL PASS  SP500              inflation_z      lag=  7  m6_ic=0.0609
[18:30:03]     VAL PASS  SP500              banking_z        lag=  7  m6_ic=0.0528
[18:30:03]     VAL PASS  SP500              gold_z           lag=  7  m6_ic=0.0639
[18:30:03]     VAL PASS  SP500              gold_z           lag= 14  m6_ic=0.0975
[18:30:04]     VAL PASS  USD_RUB            oil_z            lag=  1  m6_ic=0.0833
[18:30:04]     VAL PASS  USD_RUB            oil_z            lag=  7  m6_ic=0.0905
[18:30:04]     VAL PASS  USD_RUB            oil_z            lag= 14  m6_ic=0.0654
[18:30:04]     VAL PASS  USD_RUB            oil_z            lag= 30  m6_ic=0.0777
[18:30:05]     VAL PASS  USD_RUB            rate_z           lag= 14  m6_ic=0.0451
[18:30:06]     VAL PASS  USD_RUB            inflation_z      lag=  7  m6_ic=0.1676
[18:30:07]     VAL PASS  USD_RUB            inflation_z      lag= 30  m6_ic=0.0647
[18:30:07]     VAL PASS  USD_RUB            banking_z        lag=  7  m6_ic=0.0651
[18:30:07]     VAL PASS  EUR_RUB            oil_z            lag=  1  m6_ic=0.0833
[18:30:08]     VAL PASS  EUR_RUB            oil_z            lag=  7  m6_ic=0.0905
[18:30:08]     VAL PASS  EUR_RUB            oil_z            lag= 14  m6_ic=0.0654
[18:30:08]     VAL PASS  EUR_RUB            oil_z            lag= 30  m6_ic=0.0777
[18:30:08]     VAL PASS  EUR_RUB            rate_z           lag= 14  m6_ic=0.0451
[18:30:10]     VAL PASS  EUR_RUB            inflation_z      lag=  7  m6_ic=0.1676
[18:30:10]     VAL PASS  EUR_RUB            inflation_z      lag= 30  m6_ic=0.0647
[18:30:11]     VAL PASS  EUR_RUB            banking_z        lag=  7  m6_ic=0.0651
[18:30:11]     VAL PASS  DJ_SOUTH_AFRICA    oil_z            lag= 14  m6_ic=0.0918
[18:30:11]     VAL PASS  DJ_SOUTH_AFRICA    rate_z           lag=  1  m6_ic=0.0730
[18:30:12]     VAL PASS  DJ_SOUTH_AFRICA    rate_z           lag= 30  m6_ic=0.0806
[18:30:12]     VAL PASS  DJ_SOUTH_AFRICA    ruble_z          lag=  1  m6_ic=0.0687
[18:30:12]     VAL PASS  DJ_SOUTH_AFRICA    ruble_z          lag=  7  m6_ic=0.0321
[18:30:13]     VAL PASS  DJ_SOUTH_AFRICA    sanctions_z      lag=  1  m6_ic=0.0403
[18:30:13]     VAL PASS  DJ_SOUTH_AFRICA    sanctions_z      lag= 14  m6_ic=0.0649
[18:30:13]     VAL PASS  DJ_SOUTH_AFRICA    sanctions_z      lag= 30  m6_ic=0.1084
[18:30:13]     VAL PASS  DJ_SOUTH_AFRICA    inflation_z      lag=  7  m6_ic=0.0890
[18:30:13]     VAL PASS  DJ_SOUTH_AFRICA    banking_z        lag=  1  m6_ic=0.0834
[18:30:14]     VAL PASS  DJ_SOUTH_AFRICA    banking_z        lag= 30  m6_ic=0.0524
[18:30:14]     VAL PASS  DJ_SOUTH_AFRICA    gold_z           lag=  7  m6_ic=0.0344
[18:30:14]     VAL PASS  DJ_SOUTH_AFRICA    gold_z           lag= 30  m6_ic=0.0782
[18:30:15]     VAL PASS  MSCI_WORLD         rate_z           lag= 30  m6_ic=0.1301
[18:30:15]     VAL PASS  MSCI_WORLD         ruble_z          lag=  1  m6_ic=0.0343
[18:30:15]     VAL PASS  MSCI_WORLD         ruble_z          lag=  7  m6_ic=0.0589
[18:30:15]     VAL PASS  MSCI_WORLD         sanctions_z      lag=  1  m6_ic=0.0843
[18:30:16]     VAL PASS  MSCI_WORLD         inflation_z      lag=  1  m6_ic=0.0905
[18:30:16]     VAL PASS  MSCI_WORLD         banking_z        lag= 30  m6_ic=0.0447
[18:30:16]     VAL PASS  MSCI_WORLD         gold_z           lag= 14  m6_ic=0.0447
[18:30:16]     VAL PASS  MSCI_WORLD         gold_z           lag= 30  m6_ic=0.0346
[18:30:17]     VAL PASS  DXY                oil_z            lag=  1  m6_ic=0.0744
[18:30:17]     VAL PASS  DXY                oil_z            lag= 30  m6_ic=0.1209
[18:30:17]     VAL PASS  DXY                rate_z           lag=  7  m6_ic=0.0505
[18:30:18]     VAL PASS  DXY                rate_z           lag= 14  m6_ic=0.0737
[18:30:18]     VAL PASS  DXY                rate_z           lag= 30  m6_ic=0.0588
[18:30:18]     VAL PASS  DXY                ruble_z          lag=  1  m6_ic=0.1166
[18:30:18]     VAL PASS  DXY                sanctions_z      lag= 30  m6_ic=0.0454
[18:30:19]     VAL PASS  DXY                inflation_z      lag=  7  m6_ic=0.0523
[18:30:19]     VAL PASS  DXY                inflation_z      lag= 14  m6_ic=0.0854
[18:30:19]     VAL PASS  DXY                banking_z        lag=  1  m6_ic=0.0692
[18:30:19]     VAL PASS  DXY                banking_z        lag=  7  m6_ic=0.0691
[18:30:19]     VAL PASS  DXY                banking_z        lag= 14  m6_ic=0.0665
[18:30:20]     VAL PASS  DXY                gold_z           lag= 14  m6_ic=0.0577
[18:30:20]     VAL PASS  BRENT              rate_z           lag=  1  m6_ic=0.0793
[18:30:21]     VAL PASS  BRENT              rate_z           lag= 30  m6_ic=0.0572
[18:30:21]     VAL PASS  BRENT              ruble_z          lag=  1  m6_ic=0.0634
[18:30:21]     VAL PASS  BRENT              ruble_z          lag=  7  m6_ic=0.0466
[18:30:21]     VAL PASS  BRENT              ruble_z          lag= 14  m6_ic=0.0378
[18:30:22]     VAL PASS  BRENT              sanctions_z      lag=  1  m6_ic=0.0554
[18:30:22]     VAL PASS  BRENT              sanctions_z      lag=  7  m6_ic=0.0620
[18:30:22]     VAL PASS  BRENT              inflation_z      lag=  1  m6_ic=0.0478
[18:30:22]     VAL PASS  BRENT              inflation_z      lag=  7  m6_ic=0.1761
[18:30:23]     VAL PASS  BRENT              inflation_z      lag= 14  m6_ic=0.0414
[18:30:23]     VAL PASS  BRENT              banking_z        lag=  1  m6_ic=0.0363
[18:30:23]     VAL PASS  BRENT              gold_z           lag=  7  m6_ic=0.0345
[18:30:23]     VAL PASS  BRENT              gold_z           lag= 14  m6_ic=0.0691
[18:30:24]     VAL PASS  MSCI_INDIA         rate_z           lag= 14  m6_ic=0.0335
[18:30:25]     VAL PASS  MSCI_INDIA         ruble_z          lag= 30  m6_ic=0.1518
[18:30:25]     VAL PASS  MSCI_INDIA         sanctions_z      lag=  7  m6_ic=0.0641
[18:30:25]     VAL PASS  MSCI_INDIA         sanctions_z      lag= 14  m6_ic=0.1376
[18:30:25]     VAL PASS  MSCI_INDIA         sanctions_z      lag= 30  m6_ic=0.1001
[18:30:26]     VAL PASS  MSCI_INDIA         inflation_z      lag=  1  m6_ic=0.0539
[18:30:26]     VAL PASS  MSCI_INDIA         inflation_z      lag= 14  m6_ic=0.0767
[18:30:26]     VAL PASS  MSCI_INDIA         inflation_z      lag= 30  m6_ic=0.0449
[18:30:26]     VAL PASS  MSCI_INDIA         banking_z        lag=  1  m6_ic=0.0740
[18:30:27]     VAL PASS  MSCI_INDIA         banking_z        lag= 30  m6_ic=0.0373
[18:30:28]     VAL PASS  CHINA_H_SHARES     oil_z            lag= 14  m6_ic=0.0819
[18:30:28]     VAL PASS  CHINA_H_SHARES     oil_z            lag= 30  m6_ic=0.1345
[18:30:28]     VAL PASS  CHINA_H_SHARES     rate_z           lag= 30  m6_ic=0.0634
[18:30:29]     VAL PASS  CHINA_H_SHARES     ruble_z          lag= 30  m6_ic=0.1047
[18:30:29]     VAL PASS  CHINA_H_SHARES     sanctions_z      lag=  7  m6_ic=0.0629
[18:30:29]     VAL PASS  CHINA_H_SHARES     inflation_z      lag=  7  m6_ic=0.0581
[18:30:29]     VAL PASS  CHINA_H_SHARES     inflation_z      lag= 14  m6_ic=0.0627
[18:30:29]     VAL PASS  CHINA_H_SHARES     inflation_z      lag= 30  m6_ic=0.0476
[18:30:30]     VAL PASS  CHINA_H_SHARES     banking_z        lag= 30  m6_ic=0.0314
[18:30:30]     VAL PASS  CHINA_H_SHARES     gold_z           lag= 14  m6_ic=0.0441
[18:30:31]     VAL PASS  CHINA_H_SHARES     gold_z           lag= 30  m6_ic=0.0597
[18:30:31]     VAL PASS  FTSE_CHINA_50      rate_z           lag=  1  m6_ic=0.0893
[18:30:31]     VAL PASS  FTSE_CHINA_50      rate_z           lag= 30  m6_ic=0.0603
[18:30:32]     VAL PASS  FTSE_CHINA_50      ruble_z          lag= 30  m6_ic=0.1202
[18:30:32]     VAL PASS  FTSE_CHINA_50      sanctions_z      lag=  7  m6_ic=0.0326
[18:30:32]     VAL PASS  FTSE_CHINA_50      inflation_z      lag= 30  m6_ic=0.1323
[18:30:33]     VAL PASS  FTSE_CHINA_50      banking_z        lag=  7  m6_ic=0.0824
[18:30:33]     VAL PASS  FTSE_CHINA_50      gold_z           lag= 14  m6_ic=0.0384
[18:30:33]     VAL PASS  FTSE_CHINA_50      gold_z           lag= 30  m6_ic=0.0801
[18:30:34]     VAL PASS  GOLD               oil_z            lag= 30  m6_ic=0.0961
[18:30:34]     VAL PASS  GOLD               rate_z           lag= 30  m6_ic=0.0734
[18:30:35]     VAL PASS  GOLD               sanctions_z      lag= 30  m6_ic=0.0315
[18:30:35]     VAL PASS  GOLD               inflation_z      lag= 14  m6_ic=0.0464
[18:30:36]     VAL PASS  GOLD               gold_z           lag=  7  m6_ic=0.0580
[18:30:36]     VAL PASS  GOLD               gold_z           lag= 30  m6_ic=0.0790
[18:30:36]     VAL PASS  SILVER             rate_z           lag=  1  m6_ic=0.0647
[18:30:37]     VAL PASS  SILVER             rate_z           lag=  7  m6_ic=0.0771
[18:30:37]     VAL PASS  SILVER             rate_z           lag= 30  m6_ic=0.0806
[18:30:37]     VAL PASS  SILVER             ruble_z          lag= 30  m6_ic=0.0839
[18:30:38]     VAL PASS  SILVER             sanctions_z      lag=  7  m6_ic=0.0307
[18:30:38]     VAL PASS  SILVER             sanctions_z      lag= 14  m6_ic=0.0913
[18:30:38]     VAL PASS  SILVER             sanctions_z      lag= 30  m6_ic=0.0898
[18:30:39]     VAL PASS  SILVER             gold_z           lag=  7  m6_ic=0.1005
[18:30:40]     VAL PASS  IMOEX              oil_z            lag=  1  m6_ic=0.1311
[18:30:40]     VAL PASS  IMOEX              oil_z            lag= 30  m6_ic=0.0792
[18:30:40]     VAL PASS  IMOEX              rate_z           lag= 14  m6_ic=0.0772
[18:30:40]     VAL PASS  IMOEX              rate_z           lag= 30  m6_ic=0.0553
[18:30:40]     VAL PASS  IMOEX              ruble_z          lag=  1  m6_ic=0.1524
[18:30:41]     VAL PASS  IMOEX              ruble_z          lag=  7  m6_ic=0.1041
[18:30:41]     VAL PASS  IMOEX              ruble_z          lag= 30  m6_ic=0.1248
[18:30:41]     VAL PASS  IMOEX              sanctions_z      lag=  1  m6_ic=0.1191
[18:30:41]     VAL PASS  IMOEX              sanctions_z      lag= 14  m6_ic=0.1461
[18:30:41]     VAL PASS  IMOEX              inflation_z      lag= 14  m6_ic=0.1065
[18:30:42]     VAL PASS  IMOEX              banking_z        lag=  7  m6_ic=0.1295
[18:30:42]     VAL PASS  IMOEX              gold_z           lag=  1  m6_ic=0.0559
[18:30:42]     VAL PASS  IMOEX              gold_z           lag=  7  m6_ic=0.0766
[18:30:43]     VAL PASS  MOEXFN             oil_z            lag=  1  m6_ic=0.0838
[18:30:43]     VAL PASS  MOEXFN             oil_z            lag= 14  m6_ic=0.0849
[18:30:43]     VAL PASS  MOEXFN             oil_z            lag= 30  m6_ic=0.0554
[18:30:43]     VAL PASS  MOEXFN             rate_z           lag=  1  m6_ic=0.0481
[18:30:43]     VAL PASS  MOEXFN             rate_z           lag=  7  m6_ic=0.0437
[18:30:44]     VAL PASS  MOEXFN             ruble_z          lag=  7  m6_ic=0.1015
[18:30:44]     VAL PASS  MOEXFN             sanctions_z      lag=  1  m6_ic=0.0834
[18:30:44]     VAL PASS  MOEXFN             sanctions_z      lag= 14  m6_ic=0.0918
[18:30:45]     VAL PASS  MOEXFN             sanctions_z      lag= 30  m6_ic=0.0696
[18:30:45]     VAL PASS  MOEXFN             inflation_z      lag=  7  m6_ic=0.0490
[18:30:45]     VAL PASS  MOEXFN             banking_z        lag=  1  m6_ic=0.0692
[18:30:45]     VAL PASS  MOEXFN             banking_z        lag=  7  m6_ic=0.1087
[18:30:46]     VAL PASS  MOEXFN             gold_z           lag= 30  m6_ic=0.0395
[18:30:46]     VAL PASS  MOEXOG             oil_z            lag=  1  m6_ic=0.0706
[18:30:46]     VAL PASS  MOEXOG             oil_z            lag= 30  m6_ic=0.0808
[18:30:47]     VAL PASS  MOEXOG             rate_z           lag=  1  m6_ic=0.0551
[18:30:47]     VAL PASS  MOEXOG             rate_z           lag= 14  m6_ic=0.0520
[18:30:47]     VAL PASS  MOEXOG             ruble_z          lag=  1  m6_ic=0.1357
[18:30:47]     VAL PASS  MOEXOG             ruble_z          lag= 14  m6_ic=0.1405
[18:30:47]     VAL PASS  MOEXOG             ruble_z          lag= 30  m6_ic=0.0940
[18:30:48]     VAL PASS  MOEXOG             sanctions_z      lag= 30  m6_ic=0.1019
[18:30:48]     VAL PASS  MOEXOG             inflation_z      lag= 14  m6_ic=0.1367
[18:30:48]     VAL PASS  MOEXOG             inflation_z      lag= 30  m6_ic=0.0812
[18:30:48]     VAL PASS  MOEXOG             banking_z        lag=  1  m6_ic=0.0469
[18:30:49]     VAL PASS  MOEXOG             gold_z           lag=  7  m6_ic=0.0341
[18:30:49]     VAL PASS  MOEX10             oil_z            lag=  1  m6_ic=0.0992
[18:30:49]     VAL PASS  MOEX10             oil_z            lag= 14  m6_ic=0.0833
[18:30:50]     VAL PASS  MOEX10             ruble_z          lag=  1  m6_ic=0.1609
[18:30:50]     VAL PASS  MOEX10             ruble_z          lag=  7  m6_ic=0.1066
[18:30:50]     VAL PASS  MOEX10             ruble_z          lag= 14  m6_ic=0.0661
[18:30:50]     VAL PASS  MOEX10             ruble_z          lag= 30  m6_ic=0.0592
[18:30:50]     VAL PASS  MOEX10             sanctions_z      lag=  1  m6_ic=0.0987
[18:30:51]     VAL PASS  MOEX10             sanctions_z      lag= 14  m6_ic=0.1194
[18:30:51]     VAL PASS  MOEX10             sanctions_z      lag= 30  m6_ic=0.0984
[18:30:51]     VAL PASS  MOEX10             inflation_z      lag=  7  m6_ic=0.0601
[18:30:51]     VAL PASS  MOEX10             inflation_z      lag= 14  m6_ic=0.1025
[18:30:52]     VAL PASS  MOEX10             inflation_z      lag= 30  m6_ic=0.0734
[18:30:52]     VAL PASS  MOEX10             banking_z        lag=  1  m6_ic=0.0713
[18:30:52]     VAL PASS  MOEX10             banking_z        lag=  7  m6_ic=0.1327
[18:30:52]     VAL PASS  MOEX10             gold_z           lag=  1  m6_ic=0.0462
[18:30:52]     VAL PASS  MOEX10             gold_z           lag=  7  m6_ic=0.0313
[18:30:52]     VAL PASS  MOEX10             gold_z           lag= 14  m6_ic=0.0887
[18:30:52]     Val: 169/256 held
[18:30:52]   Score: 2720.0  train=256  ic_max=0.1673
[18:30:52] 
[8/15] sweep_keyword_z30_abs_return
[18:30:52]   Config: sweep_keyword_z30_abs_return
[18:30:52]     feature=keyword_z30  target=abs_return  ensemble=M6_only  ic_min=0.03
[18:30:53]   HIT  SP500              oil_z            lag=  7 m5_p=0.8254  m6_ic=0.0637
[18:30:53]   HIT  SP500              oil_z            lag= 14 m5_p=0.7170  m6_ic=0.0936
[18:30:53]   HIT  SP500              oil_z            lag= 30 m5_p=0.2916  m6_ic=0.0516
[18:30:54]   HIT  SP500              rate_z           lag=  7 m5_p=0.7357  m6_ic=0.0370
[18:30:54]   HIT  SP500              rate_z           lag= 14 m5_p=0.9951  m6_ic=0.0679
[18:30:55]   HIT  SP500              ruble_z          lag= 30 m5_p=0.2154  m6_ic=0.0653
[18:30:56]   HIT  SP500              sanctions_z      lag= 14 m5_p=0.6295  m6_ic=0.0724
[18:30:56]   HIT  SP500              inflation_z      lag=  1 m5_p=0.5734  m6_ic=0.0578
[18:30:56]   HIT  SP500              inflation_z      lag=  7 m5_p=0.6216  m6_ic=0.0540
[18:30:57]   HIT  SP500              banking_z        lag=  7 m5_p=0.3767  m6_ic=0.0412
[18:30:58]   HIT  SP500              gold_z           lag=  7 m5_p=0.8404  m6_ic=0.1002
[18:30:58]   HIT  SP500              gold_z           lag= 14 m5_p=0.7661  m6_ic=0.0678
[18:30:58]   HIT  USD_RUB            oil_z            lag=  1 m5_p=0.5610  m6_ic=0.0303
[18:30:59]   HIT  USD_RUB            oil_z            lag=  7 m5_p=0.7301  m6_ic=0.0640
[18:30:59]   HIT  USD_RUB            oil_z            lag= 14 m5_p=0.5573  m6_ic=0.0307
[18:30:59]   HIT  USD_RUB            oil_z            lag= 30 m5_p=0.3761  m6_ic=0.0323
[18:30:59]   HIT  USD_RUB            rate_z           lag=  1 m5_p=0.9476  m6_ic=0.0959
[18:31:00]   HIT  USD_RUB            rate_z           lag= 14 m5_p=0.2823  m6_ic=0.0381
[18:31:00]   HIT  USD_RUB            ruble_z          lag=  1 m5_p=0.1170  m6_ic=0.0586
[18:31:00]   HIT  USD_RUB            ruble_z          lag=  7 m5_p=0.0983  m6_ic=0.0333
[18:31:00]   HIT  USD_RUB            ruble_z          lag= 14 m5_p=0.6695  m6_ic=0.1068
[18:31:01]   HIT  USD_RUB            ruble_z          lag= 30 m5_p=0.2572  m6_ic=0.0303
[18:31:01]   HIT  USD_RUB            sanctions_z      lag=  1 m5_p=0.1513  m6_ic=0.0917
[18:31:01]   HIT  USD_RUB            sanctions_z      lag=  7 m5_p=0.0612  m6_ic=0.0407
[18:31:01]   HIT  USD_RUB            sanctions_z      lag= 30 m5_p=0.0838  m6_ic=0.0403
[18:31:02]   HIT  USD_RUB            inflation_z      lag=  7 m5_p=0.4905  m6_ic=0.0813
[18:31:02]   HIT  USD_RUB            inflation_z      lag= 14 m5_p=0.2798  m6_ic=0.0500
[18:31:02]   HIT  USD_RUB            inflation_z      lag= 30 m5_p=0.6349  m6_ic=0.0538
[18:31:02]   HIT  USD_RUB            banking_z        lag=  1 m5_p=0.7376  m6_ic=0.0572
[18:31:03]   HIT  USD_RUB            banking_z        lag=  7 m5_p=0.1520  m6_ic=0.0568
[18:31:03]   HIT  USD_RUB            banking_z        lag= 30 m5_p=0.8190  m6_ic=0.0656
[18:31:04]   HIT  EUR_RUB            oil_z            lag=  1 m5_p=0.5610  m6_ic=0.0303
[18:31:04]   HIT  EUR_RUB            oil_z            lag=  7 m5_p=0.7301  m6_ic=0.0640
[18:31:05]   HIT  EUR_RUB            oil_z            lag= 14 m5_p=0.5573  m6_ic=0.0307
[18:31:05]   HIT  EUR_RUB            oil_z            lag= 30 m5_p=0.3761  m6_ic=0.0323
[18:31:05]   HIT  EUR_RUB            rate_z           lag=  1 m5_p=0.9476  m6_ic=0.0959
[18:31:05]   HIT  EUR_RUB            rate_z           lag= 14 m5_p=0.2823  m6_ic=0.0381
[18:31:06]   HIT  EUR_RUB            ruble_z          lag=  1 m5_p=0.1170  m6_ic=0.0586
[18:31:06]   HIT  EUR_RUB            ruble_z          lag=  7 m5_p=0.0983  m6_ic=0.0333
[18:31:06]   HIT  EUR_RUB            ruble_z          lag= 14 m5_p=0.6695  m6_ic=0.1068
[18:31:06]   HIT  EUR_RUB            ruble_z          lag= 30 m5_p=0.2572  m6_ic=0.0303
[18:31:07]   HIT  EUR_RUB            sanctions_z      lag=  1 m5_p=0.1513  m6_ic=0.0917
[18:31:07]   HIT  EUR_RUB            sanctions_z      lag=  7 m5_p=0.0612  m6_ic=0.0407
[18:31:07]   HIT  EUR_RUB            sanctions_z      lag= 30 m5_p=0.0838  m6_ic=0.0403
[18:31:08]   HIT  EUR_RUB            inflation_z      lag=  7 m5_p=0.4905  m6_ic=0.0813
[18:31:08]   HIT  EUR_RUB            inflation_z      lag= 14 m5_p=0.2798  m6_ic=0.0500
[18:31:08]   HIT  EUR_RUB            inflation_z      lag= 30 m5_p=0.6349  m6_ic=0.0538
[18:31:08]   HIT  EUR_RUB            banking_z        lag=  1 m5_p=0.7376  m6_ic=0.0572
[18:31:08]   HIT  EUR_RUB            banking_z        lag=  7 m5_p=0.1520  m6_ic=0.0568
[18:31:09]   HIT  EUR_RUB            banking_z        lag= 30 m5_p=0.8190  m6_ic=0.0656
[18:31:10]   HIT  DJ_SOUTH_AFRICA    oil_z            lag= 14 m5_p=0.2445  m6_ic=0.0489
[18:31:11]   HIT  DJ_SOUTH_AFRICA    rate_z           lag=  1 m5_p=0.6268  m6_ic=0.0775
[18:31:11]   HIT  DJ_SOUTH_AFRICA    rate_z           lag=  7 m5_p=0.8298  m6_ic=0.0342
[18:31:11]   HIT  DJ_SOUTH_AFRICA    rate_z           lag= 30 m5_p=0.6839  m6_ic=0.0726
[18:31:11]   HIT  DJ_SOUTH_AFRICA    ruble_z          lag=  1 m5_p=0.1001  m6_ic=0.0534
[18:31:12]   HIT  DJ_SOUTH_AFRICA    ruble_z          lag=  7 m5_p=0.4065  m6_ic=0.0595
[18:31:12]   HIT  DJ_SOUTH_AFRICA    ruble_z          lag= 30 m5_p=0.5463  m6_ic=0.0461
[18:31:12]   HIT  DJ_SOUTH_AFRICA    sanctions_z      lag=  1 m5_p=0.7442  m6_ic=0.0604
[18:31:13]   HIT  DJ_SOUTH_AFRICA    sanctions_z      lag= 14 m5_p=0.0128  m6_ic=0.0833
[18:31:13]   HIT  DJ_SOUTH_AFRICA    sanctions_z      lag= 30 m5_p=0.2280  m6_ic=0.1116
[18:31:13]   HIT  DJ_SOUTH_AFRICA    inflation_z      lag=  7 m5_p=0.0980  m6_ic=0.1431
[18:31:14]   HIT  DJ_SOUTH_AFRICA    banking_z        lag=  1 m5_p=0.3162  m6_ic=0.0328
[18:31:14]   HIT  DJ_SOUTH_AFRICA    banking_z        lag= 30 m5_p=0.2699  m6_ic=0.0477
[18:31:15]   HIT  DJ_SOUTH_AFRICA    gold_z           lag=  7 m5_p=0.8091  m6_ic=0.0329
[18:31:15]   HIT  DJ_SOUTH_AFRICA    gold_z           lag= 30 m5_p=0.8393  m6_ic=0.1079
[18:31:16]   HIT  MSCI_WORLD         oil_z            lag= 14 m5_p=0.2593  m6_ic=0.0384
[18:31:17]   HIT  MSCI_WORLD         rate_z           lag= 14 m5_p=0.5906  m6_ic=0.0762
[18:31:17]   HIT  MSCI_WORLD         rate_z           lag= 30 m5_p=0.7262  m6_ic=0.0625
[18:31:17]   HIT  MSCI_WORLD         ruble_z          lag=  1 m5_p=0.9537  m6_ic=0.0402
[18:31:17]   HIT  MSCI_WORLD         ruble_z          lag=  7 m5_p=0.8457  m6_ic=0.0720
[18:31:18]   HIT  MSCI_WORLD         sanctions_z      lag=  1 m5_p=0.8301  m6_ic=0.0666
[18:31:18]   HIT  MSCI_WORLD         sanctions_z      lag= 14 m5_p=0.0116  m6_ic=0.0751
[18:31:19]   HIT  MSCI_WORLD         inflation_z      lag=  1 m5_p=0.3657  m6_ic=0.0524
[18:31:20]   HIT  MSCI_WORLD         banking_z        lag= 30 m5_p=0.8740  m6_ic=0.0714
[18:31:21]   HIT  MSCI_WORLD         gold_z           lag= 14 m5_p=0.2426  m6_ic=0.0489
[18:31:21]   HIT  MSCI_WORLD         gold_z           lag= 30 m5_p=0.9033  m6_ic=0.1028
[18:31:21]   HIT  DXY                oil_z            lag=  1 m5_p=0.0363  m6_ic=0.0493
[18:31:21]   HIT  DXY                oil_z            lag=  7 m5_p=0.4332  m6_ic=0.0514
[18:31:22]   HIT  DXY                oil_z            lag= 30 m5_p=0.9929  m6_ic=0.0315
[18:31:22]   HIT  DXY                rate_z           lag=  1 m5_p=0.0870  m6_ic=0.0481
[18:31:22]   HIT  DXY                rate_z           lag=  7 m5_p=0.2159  m6_ic=0.0660
[18:31:22]   HIT  DXY                rate_z           lag= 14 m5_p=0.4269  m6_ic=0.0606
[18:31:23]   HIT  DXY                rate_z           lag= 30 m5_p=0.1851  m6_ic=0.0488
[18:31:23]   HIT  DXY                ruble_z          lag=  1 m5_p=0.5830  m6_ic=0.0457
[18:31:23]   HIT  DXY                ruble_z          lag= 14 m5_p=0.3215  m6_ic=0.0417
[18:31:24]   HIT  DXY                sanctions_z      lag= 30 m5_p=0.7737  m6_ic=0.0507
[18:31:24]   HIT  DXY                inflation_z      lag=  7 m5_p=0.3826  m6_ic=0.0533
[18:31:25]   HIT  DXY                inflation_z      lag= 14 m5_p=0.8770  m6_ic=0.0450
[18:31:25]   HIT  DXY                banking_z        lag=  1 m5_p=0.1827  m6_ic=0.0520
[18:31:25]   HIT  DXY                banking_z        lag=  7 m5_p=0.7330  m6_ic=0.0326
[18:31:25]   HIT  DXY                banking_z        lag= 14 m5_p=0.9784  m6_ic=0.0366
[18:31:26]   HIT  DXY                gold_z           lag=  7 m5_p=0.1562  m6_ic=0.0631
[18:31:26]   HIT  DXY                gold_z           lag= 14 m5_p=0.7091  m6_ic=0.0767
[18:31:27]   HIT  BRENT              oil_z            lag=  7 m5_p=0.7839  m6_ic=0.0578
[18:31:27]   HIT  BRENT              oil_z            lag= 30 m5_p=0.7896  m6_ic=0.0534
[18:31:27]   HIT  BRENT              rate_z           lag=  1 m5_p=0.4639  m6_ic=0.0489
[18:31:28]   HIT  BRENT              rate_z           lag= 30 m5_p=0.7557  m6_ic=0.1055
[18:31:28]   HIT  BRENT              ruble_z          lag=  1 m5_p=0.1300  m6_ic=0.0318
[18:31:28]   HIT  BRENT              ruble_z          lag=  7 m5_p=0.3462  m6_ic=0.0456
[18:31:29]   HIT  BRENT              ruble_z          lag= 14 m5_p=0.3931  m6_ic=0.0431
[18:31:29]   HIT  BRENT              ruble_z          lag= 30 m5_p=0.3398  m6_ic=0.0647
[18:31:29]   HIT  BRENT              sanctions_z      lag=  1 m5_p=0.9551  m6_ic=0.0360
[18:31:29]   HIT  BRENT              sanctions_z      lag=  7 m5_p=0.7252  m6_ic=0.0542
[18:31:29]   HIT  BRENT              sanctions_z      lag= 14 m5_p=0.2424  m6_ic=0.0325
[18:31:30]   HIT  BRENT              inflation_z      lag=  1 m5_p=0.3106  m6_ic=0.0379
[18:31:30]   HIT  BRENT              inflation_z      lag=  7 m5_p=0.8715  m6_ic=0.0712
[18:31:30]   HIT  BRENT              inflation_z      lag= 14 m5_p=0.9169  m6_ic=0.0952
[18:31:31]   HIT  BRENT              banking_z        lag=  1 m5_p=0.8083  m6_ic=0.0307
[18:31:31]   HIT  BRENT              gold_z           lag=  1 m5_p=0.2283  m6_ic=0.0394
[18:31:32]   HIT  BRENT              gold_z           lag=  7 m5_p=0.5565  m6_ic=0.0647
[18:31:32]   HIT  BRENT              gold_z           lag= 14 m5_p=0.4285  m6_ic=0.0621
[18:31:32]   HIT  BRENT              gold_z           lag= 30 m5_p=0.5484  m6_ic=0.0543
[18:31:33]   HIT  MSCI_INDIA         oil_z            lag= 30 m5_p=0.7651  m6_ic=0.0559
[18:31:33]   HIT  MSCI_INDIA         rate_z           lag=  7 m5_p=0.8927  m6_ic=0.1361
[18:31:33]   HIT  MSCI_INDIA         rate_z           lag= 14 m5_p=0.4433  m6_ic=0.0622
[18:31:34]   HIT  MSCI_INDIA         rate_z           lag= 30 m5_p=0.8638  m6_ic=0.0670
[18:31:34]   HIT  MSCI_INDIA         ruble_z          lag=  7 m5_p=0.4872  m6_ic=0.0582
[18:31:34]   HIT  MSCI_INDIA         ruble_z          lag= 30 m5_p=0.9102  m6_ic=0.0868
[18:31:35]   HIT  MSCI_INDIA         sanctions_z      lag=  7 m5_p=0.7171  m6_ic=0.0578
[18:31:35]   HIT  MSCI_INDIA         sanctions_z      lag= 14 m5_p=0.1846  m6_ic=0.0535
[18:31:35]   HIT  MSCI_INDIA         sanctions_z      lag= 30 m5_p=0.7792  m6_ic=0.0746
[18:31:35]   HIT  MSCI_INDIA         inflation_z      lag=  1 m5_p=0.6167  m6_ic=0.0647
[18:31:36]   HIT  MSCI_INDIA         inflation_z      lag= 14 m5_p=0.4628  m6_ic=0.0468
[18:31:36]   HIT  MSCI_INDIA         inflation_z      lag= 30 m5_p=0.6596  m6_ic=0.1025
[18:31:36]   HIT  MSCI_INDIA         banking_z        lag=  1 m5_p=0.5225  m6_ic=0.0366
[18:31:36]   HIT  MSCI_INDIA         banking_z        lag=  7 m5_p=0.8542  m6_ic=0.0774
[18:31:37]   HIT  MSCI_INDIA         banking_z        lag= 30 m5_p=0.5461  m6_ic=0.0413
[18:31:37]   HIT  MSCI_INDIA         gold_z           lag=  1 m5_p=0.6699  m6_ic=0.0731
[18:31:37]   HIT  MSCI_INDIA         gold_z           lag=  7 m5_p=0.7335  m6_ic=0.0816
[18:31:37]   HIT  MSCI_INDIA         gold_z           lag= 14 m5_p=0.2159  m6_ic=0.0415
[18:31:38]   HIT  CHINA_H_SHARES     oil_z            lag=  1 m5_p=0.5007  m6_ic=0.0682
[18:31:38]   HIT  CHINA_H_SHARES     oil_z            lag= 14 m5_p=0.9264  m6_ic=0.0303
[18:31:38]   HIT  CHINA_H_SHARES     oil_z            lag= 30 m5_p=0.7034  m6_ic=0.0355
[18:31:39]   HIT  CHINA_H_SHARES     rate_z           lag=  1 m5_p=0.0394  m6_ic=0.0625
[18:31:39]   HIT  CHINA_H_SHARES     rate_z           lag=  7 m5_p=0.9527  m6_ic=0.0309
[18:31:39]   HIT  CHINA_H_SHARES     rate_z           lag= 30 m5_p=0.2030  m6_ic=0.0536
[18:31:40]   HIT  CHINA_H_SHARES     ruble_z          lag= 30 m5_p=0.8266  m6_ic=0.1344
[18:31:40]   HIT  CHINA_H_SHARES     sanctions_z      lag=  7 m5_p=0.5359  m6_ic=0.0714
[18:31:41]   HIT  CHINA_H_SHARES     inflation_z      lag=  7 m5_p=0.2935  m6_ic=0.0476
[18:31:41]   HIT  CHINA_H_SHARES     inflation_z      lag= 14 m5_p=0.9861  m6_ic=0.0413
[18:31:42]   HIT  CHINA_H_SHARES     inflation_z      lag= 30 m5_p=0.3077  m6_ic=0.0691
[18:31:42]   HIT  CHINA_H_SHARES     banking_z        lag=  7 m5_p=0.9120  m6_ic=0.0448
[18:31:42]   HIT  CHINA_H_SHARES     banking_z        lag= 30 m5_p=0.9935  m6_ic=0.0303
[18:31:43]   HIT  CHINA_H_SHARES     gold_z           lag=  7 m5_p=0.2118  m6_ic=0.0623
[18:31:43]   HIT  CHINA_H_SHARES     gold_z           lag= 14 m5_p=0.3874  m6_ic=0.0751
[18:31:43]   HIT  CHINA_H_SHARES     gold_z           lag= 30 m5_p=0.8381  m6_ic=0.1381
[18:31:43]   HIT  FTSE_CHINA_50      oil_z            lag=  1 m5_p=0.4869  m6_ic=0.0508
[18:31:44]   HIT  FTSE_CHINA_50      oil_z            lag=  7 m5_p=0.5115  m6_ic=0.0432
[18:31:44]   HIT  FTSE_CHINA_50      rate_z           lag=  1 m5_p=0.0335  m6_ic=0.0535
[18:31:45]   HIT  FTSE_CHINA_50      rate_z           lag= 30 m5_p=0.1565  m6_ic=0.0537
[18:31:46]   HIT  FTSE_CHINA_50      ruble_z          lag= 30 m5_p=0.6544  m6_ic=0.1647
[18:31:46]   HIT  FTSE_CHINA_50      sanctions_z      lag=  7 m5_p=0.4652  m6_ic=0.0412
[18:31:46]   HIT  FTSE_CHINA_50      sanctions_z      lag= 14 m5_p=0.6119  m6_ic=0.0333
[18:31:47]   HIT  FTSE_CHINA_50      inflation_z      lag=  7 m5_p=0.1893  m6_ic=0.0572
[18:31:47]   HIT  FTSE_CHINA_50      inflation_z      lag= 30 m5_p=0.2971  m6_ic=0.0659
[18:31:47]   HIT  FTSE_CHINA_50      banking_z        lag=  7 m5_p=0.9990  m6_ic=0.0715
[18:31:48]   HIT  FTSE_CHINA_50      banking_z        lag= 30 m5_p=0.6948  m6_ic=0.0381
[18:31:48]   HIT  FTSE_CHINA_50      gold_z           lag= 14 m5_p=0.4126  m6_ic=0.0722
[18:31:49]   HIT  FTSE_CHINA_50      gold_z           lag= 30 m5_p=0.6982  m6_ic=0.1673
[18:31:49]   HIT  GOLD               oil_z            lag= 14 m5_p=0.9423  m6_ic=0.0494
[18:31:50]   HIT  GOLD               oil_z            lag= 30 m5_p=0.8657  m6_ic=0.0466
[18:31:50]   HIT  GOLD               rate_z           lag= 14 m5_p=0.2299  m6_ic=0.0556
[18:31:50]   HIT  GOLD               rate_z           lag= 30 m5_p=0.8995  m6_ic=0.0703
[18:31:51]   HIT  GOLD               ruble_z          lag=  7 m5_p=0.8962  m6_ic=0.0833
[18:31:51]   HIT  GOLD               ruble_z          lag= 30 m5_p=0.5798  m6_ic=0.1072
[18:31:52]   HIT  GOLD               sanctions_z      lag= 30 m5_p=0.0589  m6_ic=0.0337
[18:31:52]   HIT  GOLD               inflation_z      lag=  1 m5_p=0.2236  m6_ic=0.0706
[18:31:52]   HIT  GOLD               inflation_z      lag=  7 m5_p=0.0360  m6_ic=0.0828
[18:31:52]   HIT  GOLD               inflation_z      lag= 14 m5_p=0.2796  m6_ic=0.0821
[18:31:53]   HIT  GOLD               banking_z        lag=  7 m5_p=0.1881  m6_ic=0.0517
[18:31:54]   HIT  GOLD               gold_z           lag=  7 m5_p=0.8343  m6_ic=0.0883
[18:31:54]   HIT  GOLD               gold_z           lag= 14 m5_p=0.0620  m6_ic=0.0426
[18:31:54]   HIT  GOLD               gold_z           lag= 30 m5_p=0.4217  m6_ic=0.1003
[18:31:55]   HIT  SILVER             oil_z            lag= 30 m5_p=0.5578  m6_ic=0.0395
[18:31:55]   HIT  SILVER             rate_z           lag=  1 m5_p=0.3262  m6_ic=0.1287
[18:31:55]   HIT  SILVER             rate_z           lag=  7 m5_p=0.4661  m6_ic=0.1086
[18:31:56]   HIT  SILVER             rate_z           lag= 30 m5_p=0.3550  m6_ic=0.0769
[18:31:56]   HIT  SILVER             ruble_z          lag=  7 m5_p=0.4738  m6_ic=0.1011
[18:31:56]   HIT  SILVER             ruble_z          lag= 30 m5_p=0.9263  m6_ic=0.1441
[18:31:57]   HIT  SILVER             sanctions_z      lag=  1 m5_p=0.0249  m6_ic=0.0386
[18:31:57]   HIT  SILVER             sanctions_z      lag=  7 m5_p=0.7252  m6_ic=0.0312
[18:31:57]   HIT  SILVER             sanctions_z      lag= 14 m5_p=0.1365  m6_ic=0.0670
[18:31:57]   HIT  SILVER             sanctions_z      lag= 30 m5_p=0.2364  m6_ic=0.0555
[18:31:58]   HIT  SILVER             inflation_z      lag=  7 m5_p=0.3122  m6_ic=0.1119
[18:31:58]   HIT  SILVER             inflation_z      lag= 30 m5_p=0.6434  m6_ic=0.0400
[18:31:58]   HIT  SILVER             banking_z        lag=  1 m5_p=0.7370  m6_ic=0.0924
[18:31:58]   HIT  SILVER             banking_z        lag=  7 m5_p=0.5184  m6_ic=0.0301
[18:31:59]   HIT  SILVER             gold_z           lag=  1 m5_p=0.0584  m6_ic=0.0631
[18:31:59]   HIT  SILVER             gold_z           lag=  7 m5_p=0.7577  m6_ic=0.0361
[18:31:59]   HIT  SILVER             gold_z           lag= 30 m5_p=0.4651  m6_ic=0.0403
[18:32:00]   HIT  IMOEX              oil_z            lag=  1 m5_p=0.3571  m6_ic=0.0696
[18:32:00]   HIT  IMOEX              oil_z            lag= 30 m5_p=0.6406  m6_ic=0.0514
[18:32:01]   HIT  IMOEX              rate_z           lag= 14 m5_p=0.2562  m6_ic=0.0502
[18:32:01]   HIT  IMOEX              rate_z           lag= 30 m5_p=0.6107  m6_ic=0.1322
[18:32:01]   HIT  IMOEX              ruble_z          lag=  1 m5_p=0.9408  m6_ic=0.0597
[18:32:01]   HIT  IMOEX              ruble_z          lag=  7 m5_p=0.0458  m6_ic=0.0690
[18:32:02]   HIT  IMOEX              ruble_z          lag= 30 m5_p=0.9180  m6_ic=0.0665
[18:32:02]   HIT  IMOEX              sanctions_z      lag=  1 m5_p=0.2181  m6_ic=0.0803
[18:32:02]   HIT  IMOEX              sanctions_z      lag= 14 m5_p=0.6950  m6_ic=0.0354
[18:32:03]   HIT  IMOEX              inflation_z      lag= 14 m5_p=0.5925  m6_ic=0.0569
[18:32:04]   HIT  IMOEX              banking_z        lag=  7 m5_p=0.2841  m6_ic=0.0595
[18:32:04]   HIT  IMOEX              banking_z        lag= 30 m5_p=0.1178  m6_ic=0.0730
[18:32:04]   HIT  IMOEX              gold_z           lag=  1 m5_p=0.4821  m6_ic=0.0339
[18:32:05]   HIT  IMOEX              gold_z           lag=  7 m5_p=0.4466  m6_ic=0.0328
[18:32:05]   HIT  IMOEX              gold_z           lag= 30 m5_p=0.2917  m6_ic=0.0386
[18:32:05]   HIT  MOEXFN             oil_z            lag=  1 m5_p=0.5560  m6_ic=0.0727
[18:32:05]   HIT  MOEXFN             oil_z            lag= 14 m5_p=0.6731  m6_ic=0.0373
[18:32:06]   HIT  MOEXFN             oil_z            lag= 30 m5_p=0.9520  m6_ic=0.0368
[18:32:06]   HIT  MOEXFN             rate_z           lag=  1 m5_p=0.5857  m6_ic=0.0614
[18:32:06]   HIT  MOEXFN             rate_z           lag=  7 m5_p=0.0649  m6_ic=0.0671
[18:32:07]   HIT  MOEXFN             rate_z           lag= 30 m5_p=0.6743  m6_ic=0.0361
[18:32:07]   HIT  MOEXFN             ruble_z          lag=  7 m5_p=0.2908  m6_ic=0.0524
[18:32:08]   HIT  MOEXFN             sanctions_z      lag=  1 m5_p=0.0248  m6_ic=0.0434
[18:32:08]   HIT  MOEXFN             sanctions_z      lag=  7 m5_p=0.7560  m6_ic=0.0796
[18:32:08]   HIT  MOEXFN             sanctions_z      lag= 14 m5_p=0.4188  m6_ic=0.0373
[18:32:08]   HIT  MOEXFN             sanctions_z      lag= 30 m5_p=0.7065  m6_ic=0.0382
[18:32:08]   HIT  MOEXFN             inflation_z      lag=  7 m5_p=0.1289  m6_ic=0.0524
[18:32:09]   HIT  MOEXFN             banking_z        lag=  1 m5_p=0.9847  m6_ic=0.0305
[18:32:09]   HIT  MOEXFN             banking_z        lag=  7 m5_p=0.6786  m6_ic=0.1007
[18:32:09]   HIT  MOEXFN             banking_z        lag= 14 m5_p=0.2242  m6_ic=0.0325
[18:32:10]   HIT  MOEXFN             banking_z        lag= 30 m5_p=0.3350  m6_ic=0.0362
[18:32:10]   HIT  MOEXFN             gold_z           lag=  1 m5_p=0.4996  m6_ic=0.0451
[18:32:10]   HIT  MOEXFN             gold_z           lag= 30 m5_p=0.7046  m6_ic=0.0342
[18:32:11]   HIT  MOEXOG             oil_z            lag=  1 m5_p=0.3724  m6_ic=0.0631
[18:32:11]   HIT  MOEXOG             oil_z            lag= 30 m5_p=0.4142  m6_ic=0.0327
[18:32:11]   HIT  MOEXOG             rate_z           lag=  1 m5_p=0.4612  m6_ic=0.0707
[18:32:12]   HIT  MOEXOG             rate_z           lag= 14 m5_p=0.2424  m6_ic=0.0662
[18:32:12]   HIT  MOEXOG             ruble_z          lag=  1 m5_p=0.8949  m6_ic=0.1057
[18:32:13]   HIT  MOEXOG             ruble_z          lag= 14 m5_p=0.7465  m6_ic=0.0580
[18:32:13]   HIT  MOEXOG             ruble_z          lag= 30 m5_p=0.7976  m6_ic=0.0729
[18:32:13]   HIT  MOEXOG             sanctions_z      lag= 30 m5_p=0.9910  m6_ic=0.0468
[18:32:14]   HIT  MOEXOG             inflation_z      lag= 14 m5_p=0.8699  m6_ic=0.0607
[18:32:14]   HIT  MOEXOG             inflation_z      lag= 30 m5_p=0.6597  m6_ic=0.0801
[18:32:14]   HIT  MOEXOG             banking_z        lag=  1 m5_p=0.6315  m6_ic=0.0497
[18:32:15]   HIT  MOEXOG             gold_z           lag=  1 m5_p=0.3783  m6_ic=0.0514
[18:32:15]   HIT  MOEXOG             gold_z           lag=  7 m5_p=0.5586  m6_ic=0.0352
[18:32:16]   HIT  MOEX10             oil_z            lag=  1 m5_p=0.5139  m6_ic=0.0434
[18:32:16]   HIT  MOEX10             oil_z            lag=  7 m5_p=0.5069  m6_ic=0.0678
[18:32:16]   HIT  MOEX10             oil_z            lag= 14 m5_p=0.9103  m6_ic=0.0741
[18:32:17]   HIT  MOEX10             rate_z           lag= 30 m5_p=0.7390  m6_ic=0.0537
[18:32:18]   HIT  MOEX10             ruble_z          lag=  1 m5_p=0.6965  m6_ic=0.0453
[18:32:18]   HIT  MOEX10             ruble_z          lag=  7 m5_p=0.2110  m6_ic=0.0537
[18:32:18]   HIT  MOEX10             ruble_z          lag= 14 m5_p=0.6922  m6_ic=0.0383
[18:32:18]   HIT  MOEX10             ruble_z          lag= 30 m5_p=0.9554  m6_ic=0.0429
[18:32:18]   HIT  MOEX10             sanctions_z      lag=  1 m5_p=0.1513  m6_ic=0.0704
[18:32:19]   HIT  MOEX10             sanctions_z      lag=  7 m5_p=0.3906  m6_ic=0.0342
[18:32:19]   HIT  MOEX10             sanctions_z      lag= 14 m5_p=0.3927  m6_ic=0.0471
[18:32:19]   HIT  MOEX10             sanctions_z      lag= 30 m5_p=0.5885  m6_ic=0.0451
[18:32:19]   HIT  MOEX10             inflation_z      lag=  7 m5_p=0.1923  m6_ic=0.0489
[18:32:19]   HIT  MOEX10             inflation_z      lag= 14 m5_p=0.7230  m6_ic=0.0916
[18:32:20]   HIT  MOEX10             inflation_z      lag= 30 m5_p=0.7268  m6_ic=0.0455
[18:32:20]   HIT  MOEX10             banking_z        lag=  1 m5_p=0.8517  m6_ic=0.0351
[18:32:20]   HIT  MOEX10             banking_z        lag=  7 m5_p=0.3048  m6_ic=0.0330
[18:32:21]   HIT  MOEX10             gold_z           lag=  1 m5_p=0.6710  m6_ic=0.0428
[18:32:21]   HIT  MOEX10             gold_z           lag=  7 m5_p=0.2770  m6_ic=0.0721
[18:32:21]   HIT  MOEX10             gold_z           lag= 14 m5_p=0.9879  m6_ic=0.0520
[18:32:21]     Train: 256 signals
[18:32:21]     Val holdout (256 candidates)...
[18:32:21]     VAL PASS  SP500              oil_z            lag=  7  m6_ic=0.1011
[18:32:22]     VAL PASS  SP500              oil_z            lag= 14  m6_ic=0.0545
[18:32:23]     VAL PASS  SP500              sanctions_z      lag= 14  m6_ic=0.0620
[18:32:23]     VAL PASS  SP500              inflation_z      lag=  1  m6_ic=0.0769
[18:32:23]     VAL PASS  SP500              inflation_z      lag=  7  m6_ic=0.0609
[18:32:23]     VAL PASS  SP500              banking_z        lag=  7  m6_ic=0.0528
[18:32:24]     VAL PASS  SP500              gold_z           lag=  7  m6_ic=0.0639
[18:32:24]     VAL PASS  SP500              gold_z           lag= 14  m6_ic=0.0975
[18:32:24]     VAL PASS  USD_RUB            oil_z            lag=  1  m6_ic=0.0833
[18:32:24]     VAL PASS  USD_RUB            oil_z            lag=  7  m6_ic=0.0905
[18:32:24]     VAL PASS  USD_RUB            oil_z            lag= 14  m6_ic=0.0654
[18:32:25]     VAL PASS  USD_RUB            oil_z            lag= 30  m6_ic=0.0777
[18:32:25]     VAL PASS  USD_RUB            rate_z           lag= 14  m6_ic=0.0451
[18:32:27]     VAL PASS  USD_RUB            inflation_z      lag=  7  m6_ic=0.1676
[18:32:27]     VAL PASS  USD_RUB            inflation_z      lag= 30  m6_ic=0.0647
[18:32:27]     VAL PASS  USD_RUB            banking_z        lag=  7  m6_ic=0.0651
[18:32:28]     VAL PASS  EUR_RUB            oil_z            lag=  1  m6_ic=0.0833
[18:32:28]     VAL PASS  EUR_RUB            oil_z            lag=  7  m6_ic=0.0905
[18:32:28]     VAL PASS  EUR_RUB            oil_z            lag= 14  m6_ic=0.0654
[18:32:28]     VAL PASS  EUR_RUB            oil_z            lag= 30  m6_ic=0.0777
[18:32:29]     VAL PASS  EUR_RUB            rate_z           lag= 14  m6_ic=0.0451
[18:32:30]     VAL PASS  EUR_RUB            inflation_z      lag=  7  m6_ic=0.1676
[18:32:31]     VAL PASS  EUR_RUB            inflation_z      lag= 30  m6_ic=0.0647
[18:32:31]     VAL PASS  EUR_RUB            banking_z        lag=  7  m6_ic=0.0651
[18:32:32]     VAL PASS  DJ_SOUTH_AFRICA    oil_z            lag= 14  m6_ic=0.0918
[18:32:32]     VAL PASS  DJ_SOUTH_AFRICA    rate_z           lag=  1  m6_ic=0.0730
[18:32:32]     VAL PASS  DJ_SOUTH_AFRICA    rate_z           lag= 30  m6_ic=0.0806
[18:32:32]     VAL PASS  DJ_SOUTH_AFRICA    ruble_z          lag=  1  m6_ic=0.0687
[18:32:33]     VAL PASS  DJ_SOUTH_AFRICA    ruble_z          lag=  7  m6_ic=0.0321
[18:32:33]     VAL PASS  DJ_SOUTH_AFRICA    sanctions_z      lag=  1  m6_ic=0.0403
[18:32:33]     VAL PASS  DJ_SOUTH_AFRICA    sanctions_z      lag= 14  m6_ic=0.0649
[18:32:33]     VAL PASS  DJ_SOUTH_AFRICA    sanctions_z      lag= 30  m6_ic=0.1084
[18:32:34]     VAL PASS  DJ_SOUTH_AFRICA    inflation_z      lag=  7  m6_ic=0.0890
[18:32:34]     VAL PASS  DJ_SOUTH_AFRICA    banking_z        lag=  1  m6_ic=0.0834
[18:32:34]     VAL PASS  DJ_SOUTH_AFRICA    banking_z        lag= 30  m6_ic=0.0524
[18:32:34]     VAL PASS  DJ_SOUTH_AFRICA    gold_z           lag=  7  m6_ic=0.0344
[18:32:34]     VAL PASS  DJ_SOUTH_AFRICA    gold_z           lag= 30  m6_ic=0.0782
[18:32:35]     VAL PASS  MSCI_WORLD         rate_z           lag= 30  m6_ic=0.1301
[18:32:35]     VAL PASS  MSCI_WORLD         ruble_z          lag=  1  m6_ic=0.0343
[18:32:35]     VAL PASS  MSCI_WORLD         ruble_z          lag=  7  m6_ic=0.0589
[18:32:35]     VAL PASS  MSCI_WORLD         sanctions_z      lag=  1  m6_ic=0.0843
[18:32:36]     VAL PASS  MSCI_WORLD         inflation_z      lag=  1  m6_ic=0.0905
[18:32:36]     VAL PASS  MSCI_WORLD         banking_z        lag= 30  m6_ic=0.0447
[18:32:36]     VAL PASS  MSCI_WORLD         gold_z           lag= 14  m6_ic=0.0447
[18:32:37]     VAL PASS  MSCI_WORLD         gold_z           lag= 30  m6_ic=0.0346
[18:32:37]     VAL PASS  DXY                oil_z            lag=  1  m6_ic=0.0744
[18:32:37]     VAL PASS  DXY                oil_z            lag= 30  m6_ic=0.1209
[18:32:38]     VAL PASS  DXY                rate_z           lag=  7  m6_ic=0.0505
[18:32:38]     VAL PASS  DXY                rate_z           lag= 14  m6_ic=0.0737
[18:32:38]     VAL PASS  DXY                rate_z           lag= 30  m6_ic=0.0588
[18:32:38]     VAL PASS  DXY                ruble_z          lag=  1  m6_ic=0.1166
[18:32:39]     VAL PASS  DXY                sanctions_z      lag= 30  m6_ic=0.0454
[18:32:39]     VAL PASS  DXY                inflation_z      lag=  7  m6_ic=0.0523
[18:32:39]     VAL PASS  DXY                inflation_z      lag= 14  m6_ic=0.0854
[18:32:39]     VAL PASS  DXY                banking_z        lag=  1  m6_ic=0.0692
[18:32:39]     VAL PASS  DXY                banking_z        lag=  7  m6_ic=0.0691
[18:32:40]     VAL PASS  DXY                banking_z        lag= 14  m6_ic=0.0665
[18:32:40]     VAL PASS  DXY                gold_z           lag= 14  m6_ic=0.0577
[18:32:41]     VAL PASS  BRENT              rate_z           lag=  1  m6_ic=0.0793
[18:32:41]     VAL PASS  BRENT              rate_z           lag= 30  m6_ic=0.0572
[18:32:41]     VAL PASS  BRENT              ruble_z          lag=  1  m6_ic=0.0634
[18:32:41]     VAL PASS  BRENT              ruble_z          lag=  7  m6_ic=0.0466
[18:32:42]     VAL PASS  BRENT              ruble_z          lag= 14  m6_ic=0.0378
[18:32:42]     VAL PASS  BRENT              sanctions_z      lag=  1  m6_ic=0.0554
[18:32:42]     VAL PASS  BRENT              sanctions_z      lag=  7  m6_ic=0.0620
[18:32:43]     VAL PASS  BRENT              inflation_z      lag=  1  m6_ic=0.0478
[18:32:43]     VAL PASS  BRENT              inflation_z      lag=  7  m6_ic=0.1761
[18:32:43]     VAL PASS  BRENT              inflation_z      lag= 14  m6_ic=0.0414
[18:32:43]     VAL PASS  BRENT              banking_z        lag=  1  m6_ic=0.0363
[18:32:44]     VAL PASS  BRENT              gold_z           lag=  7  m6_ic=0.0345
[18:32:44]     VAL PASS  BRENT              gold_z           lag= 14  m6_ic=0.0691
[18:32:45]     VAL PASS  MSCI_INDIA         rate_z           lag= 14  m6_ic=0.0335
[18:32:45]     VAL PASS  MSCI_INDIA         ruble_z          lag= 30  m6_ic=0.1518
[18:32:45]     VAL PASS  MSCI_INDIA         sanctions_z      lag=  7  m6_ic=0.0641
[18:32:46]     VAL PASS  MSCI_INDIA         sanctions_z      lag= 14  m6_ic=0.1376
[18:32:46]     VAL PASS  MSCI_INDIA         sanctions_z      lag= 30  m6_ic=0.1001
[18:32:46]     VAL PASS  MSCI_INDIA         inflation_z      lag=  1  m6_ic=0.0539
[18:32:46]     VAL PASS  MSCI_INDIA         inflation_z      lag= 14  m6_ic=0.0767
[18:32:46]     VAL PASS  MSCI_INDIA         inflation_z      lag= 30  m6_ic=0.0449
[18:32:47]     VAL PASS  MSCI_INDIA         banking_z        lag=  1  m6_ic=0.0740
[18:32:47]     VAL PASS  MSCI_INDIA         banking_z        lag= 30  m6_ic=0.0373
[18:32:48]     VAL PASS  CHINA_H_SHARES     oil_z            lag= 14  m6_ic=0.0819
[18:32:48]     VAL PASS  CHINA_H_SHARES     oil_z            lag= 30  m6_ic=0.1345
[18:32:49]     VAL PASS  CHINA_H_SHARES     rate_z           lag= 30  m6_ic=0.0634
[18:32:49]     VAL PASS  CHINA_H_SHARES     ruble_z          lag= 30  m6_ic=0.1047
[18:32:49]     VAL PASS  CHINA_H_SHARES     sanctions_z      lag=  7  m6_ic=0.0629
[18:32:50]     VAL PASS  CHINA_H_SHARES     inflation_z      lag=  7  m6_ic=0.0581
[18:32:50]     VAL PASS  CHINA_H_SHARES     inflation_z      lag= 14  m6_ic=0.0627
[18:32:50]     VAL PASS  CHINA_H_SHARES     inflation_z      lag= 30  m6_ic=0.0476
[18:32:50]     VAL PASS  CHINA_H_SHARES     banking_z        lag= 30  m6_ic=0.0314
[18:32:51]     VAL PASS  CHINA_H_SHARES     gold_z           lag= 14  m6_ic=0.0441
[18:32:51]     VAL PASS  CHINA_H_SHARES     gold_z           lag= 30  m6_ic=0.0597
[18:32:51]     VAL PASS  FTSE_CHINA_50      rate_z           lag=  1  m6_ic=0.0893
[18:32:52]     VAL PASS  FTSE_CHINA_50      rate_z           lag= 30  m6_ic=0.0603
[18:32:52]     VAL PASS  FTSE_CHINA_50      ruble_z          lag= 30  m6_ic=0.1202
[18:32:52]     VAL PASS  FTSE_CHINA_50      sanctions_z      lag=  7  m6_ic=0.0326
[18:32:53]     VAL PASS  FTSE_CHINA_50      inflation_z      lag= 30  m6_ic=0.1323
[18:32:53]     VAL PASS  FTSE_CHINA_50      banking_z        lag=  7  m6_ic=0.0824
[18:32:53]     VAL PASS  FTSE_CHINA_50      gold_z           lag= 14  m6_ic=0.0384
[18:32:53]     VAL PASS  FTSE_CHINA_50      gold_z           lag= 30  m6_ic=0.0801
[18:32:54]     VAL PASS  GOLD               oil_z            lag= 30  m6_ic=0.0961
[18:32:54]     VAL PASS  GOLD               rate_z           lag= 30  m6_ic=0.0734
[18:32:55]     VAL PASS  GOLD               sanctions_z      lag= 30  m6_ic=0.0315
[18:32:55]     VAL PASS  GOLD               inflation_z      lag= 14  m6_ic=0.0464
[18:32:56]     VAL PASS  GOLD               gold_z           lag=  7  m6_ic=0.0580
[18:32:56]     VAL PASS  GOLD               gold_z           lag= 30  m6_ic=0.0790
[18:32:56]     VAL PASS  SILVER             rate_z           lag=  1  m6_ic=0.0647
[18:32:57]     VAL PASS  SILVER             rate_z           lag=  7  m6_ic=0.0771
[18:32:57]     VAL PASS  SILVER             rate_z           lag= 30  m6_ic=0.0806
[18:32:57]     VAL PASS  SILVER             ruble_z          lag= 30  m6_ic=0.0839
[18:32:58]     VAL PASS  SILVER             sanctions_z      lag=  7  m6_ic=0.0307
[18:32:58]     VAL PASS  SILVER             sanctions_z      lag= 14  m6_ic=0.0913
[18:32:58]     VAL PASS  SILVER             sanctions_z      lag= 30  m6_ic=0.0898
[18:32:59]     VAL PASS  SILVER             gold_z           lag=  7  m6_ic=0.1005
[18:33:00]     VAL PASS  IMOEX              oil_z            lag=  1  m6_ic=0.1311
[18:33:00]     VAL PASS  IMOEX              oil_z            lag= 30  m6_ic=0.0792
[18:33:00]     VAL PASS  IMOEX              rate_z           lag= 14  m6_ic=0.0772
[18:33:00]     VAL PASS  IMOEX              rate_z           lag= 30  m6_ic=0.0553
[18:33:00]     VAL PASS  IMOEX              ruble_z          lag=  1  m6_ic=0.1524
[18:33:01]     VAL PASS  IMOEX              ruble_z          lag=  7  m6_ic=0.1041
[18:33:01]     VAL PASS  IMOEX              ruble_z          lag= 30  m6_ic=0.1248
[18:33:01]     VAL PASS  IMOEX              sanctions_z      lag=  1  m6_ic=0.1191
[18:33:01]     VAL PASS  IMOEX              sanctions_z      lag= 14  m6_ic=0.1461
[18:33:01]     VAL PASS  IMOEX              inflation_z      lag= 14  m6_ic=0.1065
[18:33:02]     VAL PASS  IMOEX              banking_z        lag=  7  m6_ic=0.1295
[18:33:02]     VAL PASS  IMOEX              gold_z           lag=  1  m6_ic=0.0559
[18:33:02]     VAL PASS  IMOEX              gold_z           lag=  7  m6_ic=0.0766
[18:33:03]     VAL PASS  MOEXFN             oil_z            lag=  1  m6_ic=0.0838
[18:33:03]     VAL PASS  MOEXFN             oil_z            lag= 14  m6_ic=0.0849
[18:33:03]     VAL PASS  MOEXFN             oil_z            lag= 30  m6_ic=0.0554
[18:33:03]     VAL PASS  MOEXFN             rate_z           lag=  1  m6_ic=0.0481
[18:33:03]     VAL PASS  MOEXFN             rate_z           lag=  7  m6_ic=0.0437
[18:33:04]     VAL PASS  MOEXFN             ruble_z          lag=  7  m6_ic=0.1015
[18:33:04]     VAL PASS  MOEXFN             sanctions_z      lag=  1  m6_ic=0.0834
[18:33:04]     VAL PASS  MOEXFN             sanctions_z      lag= 14  m6_ic=0.0918
[18:33:05]     VAL PASS  MOEXFN             sanctions_z      lag= 30  m6_ic=0.0696
[18:33:05]     VAL PASS  MOEXFN             inflation_z      lag=  7  m6_ic=0.0490
[18:33:05]     VAL PASS  MOEXFN             banking_z        lag=  1  m6_ic=0.0692
[18:33:05]     VAL PASS  MOEXFN             banking_z        lag=  7  m6_ic=0.1087
[18:33:06]     VAL PASS  MOEXFN             gold_z           lag= 30  m6_ic=0.0395
[18:33:06]     VAL PASS  MOEXOG             oil_z            lag=  1  m6_ic=0.0706
[18:33:07]     VAL PASS  MOEXOG             oil_z            lag= 30  m6_ic=0.0808
[18:33:07]     VAL PASS  MOEXOG             rate_z           lag=  1  m6_ic=0.0551
[18:33:07]     VAL PASS  MOEXOG             rate_z           lag= 14  m6_ic=0.0520
[18:33:07]     VAL PASS  MOEXOG             ruble_z          lag=  1  m6_ic=0.1357
[18:33:07]     VAL PASS  MOEXOG             ruble_z          lag= 14  m6_ic=0.1405
[18:33:08]     VAL PASS  MOEXOG             ruble_z          lag= 30  m6_ic=0.0940
[18:33:08]     VAL PASS  MOEXOG             sanctions_z      lag= 30  m6_ic=0.1019
[18:33:08]     VAL PASS  MOEXOG             inflation_z      lag= 14  m6_ic=0.1367
[18:33:08]     VAL PASS  MOEXOG             inflation_z      lag= 30  m6_ic=0.0812
[18:33:08]     VAL PASS  MOEXOG             banking_z        lag=  1  m6_ic=0.0469
[18:33:09]     VAL PASS  MOEXOG             gold_z           lag=  7  m6_ic=0.0341
[18:33:09]     VAL PASS  MOEX10             oil_z            lag=  1  m6_ic=0.0992
[18:33:09]     VAL PASS  MOEX10             oil_z            lag= 14  m6_ic=0.0833
[18:33:10]     VAL PASS  MOEX10             ruble_z          lag=  1  m6_ic=0.1609
[18:33:10]     VAL PASS  MOEX10             ruble_z          lag=  7  m6_ic=0.1066
[18:33:10]     VAL PASS  MOEX10             ruble_z          lag= 14  m6_ic=0.0661
[18:33:10]     VAL PASS  MOEX10             ruble_z          lag= 30  m6_ic=0.0592
[18:33:11]     VAL PASS  MOEX10             sanctions_z      lag=  1  m6_ic=0.0987
[18:33:11]     VAL PASS  MOEX10             sanctions_z      lag= 14  m6_ic=0.1194
[18:33:11]     VAL PASS  MOEX10             sanctions_z      lag= 30  m6_ic=0.0984
[18:33:11]     VAL PASS  MOEX10             inflation_z      lag=  7  m6_ic=0.0601
[18:33:12]     VAL PASS  MOEX10             inflation_z      lag= 14  m6_ic=0.1025
[18:33:12]     VAL PASS  MOEX10             inflation_z      lag= 30  m6_ic=0.0734
[18:33:12]     VAL PASS  MOEX10             banking_z        lag=  1  m6_ic=0.0713
[18:33:12]     VAL PASS  MOEX10             banking_z        lag=  7  m6_ic=0.1327
[18:33:12]     VAL PASS  MOEX10             gold_z           lag=  1  m6_ic=0.0462
[18:33:13]     VAL PASS  MOEX10             gold_z           lag=  7  m6_ic=0.0313
[18:33:13]     VAL PASS  MOEX10             gold_z           lag= 14  m6_ic=0.0887
[18:33:13]     Val: 169/256 held
[18:33:13]   Score: 2720.0  train=256  ic_max=0.1673
[18:33:13] 
[9/15] sweep_keyword_z30_vol_5d
[18:33:13]   Config: sweep_keyword_z30_vol_5d
[18:33:13]     feature=keyword_z30  target=vol_5d  ensemble=M6_only  ic_min=0.03
[18:33:13]   HIT  SP500              oil_z            lag=  7 m5_p=0.8254  m6_ic=0.0637
[18:33:13]   HIT  SP500              oil_z            lag= 14 m5_p=0.7170  m6_ic=0.0936
[18:33:14]   HIT  SP500              oil_z            lag= 30 m5_p=0.2916  m6_ic=0.0516
[18:33:14]   HIT  SP500              rate_z           lag=  7 m5_p=0.7357  m6_ic=0.0370
[18:33:14]   HIT  SP500              rate_z           lag= 14 m5_p=0.9951  m6_ic=0.0679
[18:33:16]   HIT  SP500              ruble_z          lag= 30 m5_p=0.2154  m6_ic=0.0653
[18:33:16]   HIT  SP500              sanctions_z      lag= 14 m5_p=0.6295  m6_ic=0.0724
[18:33:17]   HIT  SP500              inflation_z      lag=  1 m5_p=0.5734  m6_ic=0.0578
[18:33:17]   HIT  SP500              inflation_z      lag=  7 m5_p=0.6216  m6_ic=0.0540
[18:33:18]   HIT  SP500              banking_z        lag=  7 m5_p=0.3767  m6_ic=0.0412
[18:33:19]   HIT  SP500              gold_z           lag=  7 m5_p=0.8404  m6_ic=0.1002
[18:33:19]   HIT  SP500              gold_z           lag= 14 m5_p=0.7661  m6_ic=0.0678
[18:33:19]   HIT  USD_RUB            oil_z            lag=  1 m5_p=0.5610  m6_ic=0.0303
[18:33:19]   HIT  USD_RUB            oil_z            lag=  7 m5_p=0.7301  m6_ic=0.0640
[18:33:20]   HIT  USD_RUB            oil_z            lag= 14 m5_p=0.5573  m6_ic=0.0307
[18:33:20]   HIT  USD_RUB            oil_z            lag= 30 m5_p=0.3761  m6_ic=0.0323
[18:33:20]   HIT  USD_RUB            rate_z           lag=  1 m5_p=0.9476  m6_ic=0.0959
[18:33:20]   HIT  USD_RUB            rate_z           lag= 14 m5_p=0.2823  m6_ic=0.0381
[18:33:21]   HIT  USD_RUB            ruble_z          lag=  1 m5_p=0.1170  m6_ic=0.0586
[18:33:21]   HIT  USD_RUB            ruble_z          lag=  7 m5_p=0.0983  m6_ic=0.0333
[18:33:21]   HIT  USD_RUB            ruble_z          lag= 14 m5_p=0.6695  m6_ic=0.1068
[18:33:21]   HIT  USD_RUB            ruble_z          lag= 30 m5_p=0.2572  m6_ic=0.0303
[18:33:22]   HIT  USD_RUB            sanctions_z      lag=  1 m5_p=0.1513  m6_ic=0.0917
[18:33:22]   HIT  USD_RUB            sanctions_z      lag=  7 m5_p=0.0612  m6_ic=0.0407
[18:33:22]   HIT  USD_RUB            sanctions_z      lag= 30 m5_p=0.0838  m6_ic=0.0403
[18:33:22]   HIT  USD_RUB            inflation_z      lag=  7 m5_p=0.4905  m6_ic=0.0813
[18:33:23]   HIT  USD_RUB            inflation_z      lag= 14 m5_p=0.2798  m6_ic=0.0500
[18:33:23]   HIT  USD_RUB            inflation_z      lag= 30 m5_p=0.6349  m6_ic=0.0538
[18:33:23]   HIT  USD_RUB            banking_z        lag=  1 m5_p=0.7376  m6_ic=0.0572
[18:33:23]   HIT  USD_RUB            banking_z        lag=  7 m5_p=0.1520  m6_ic=0.0568
[18:33:24]   HIT  USD_RUB            banking_z        lag= 30 m5_p=0.8190  m6_ic=0.0656
[18:33:25]   HIT  EUR_RUB            oil_z            lag=  1 m5_p=0.5610  m6_ic=0.0303
[18:33:25]   HIT  EUR_RUB            oil_z            lag=  7 m5_p=0.7301  m6_ic=0.0640
[18:33:25]   HIT  EUR_RUB            oil_z            lag= 14 m5_p=0.5573  m6_ic=0.0307
[18:33:25]   HIT  EUR_RUB            oil_z            lag= 30 m5_p=0.3761  m6_ic=0.0323
[18:33:26]   HIT  EUR_RUB            rate_z           lag=  1 m5_p=0.9476  m6_ic=0.0959
[18:33:26]   HIT  EUR_RUB            rate_z           lag= 14 m5_p=0.2823  m6_ic=0.0381
[18:33:26]   HIT  EUR_RUB            ruble_z          lag=  1 m5_p=0.1170  m6_ic=0.0586
[18:33:27]   HIT  EUR_RUB            ruble_z          lag=  7 m5_p=0.0983  m6_ic=0.0333
[18:33:27]   HIT  EUR_RUB            ruble_z          lag= 14 m5_p=0.6695  m6_ic=0.1068
[18:33:27]   HIT  EUR_RUB            ruble_z          lag= 30 m5_p=0.2572  m6_ic=0.0303
[18:33:27]   HIT  EUR_RUB            sanctions_z      lag=  1 m5_p=0.1513  m6_ic=0.0917
[18:33:27]   HIT  EUR_RUB            sanctions_z      lag=  7 m5_p=0.0612  m6_ic=0.0407
[18:33:28]   HIT  EUR_RUB            sanctions_z      lag= 30 m5_p=0.0838  m6_ic=0.0403
[18:33:28]   HIT  EUR_RUB            inflation_z      lag=  7 m5_p=0.4905  m6_ic=0.0813
[18:33:28]   HIT  EUR_RUB            inflation_z      lag= 14 m5_p=0.2798  m6_ic=0.0500
[18:33:29]   HIT  EUR_RUB            inflation_z      lag= 30 m5_p=0.6349  m6_ic=0.0538
[18:33:29]   HIT  EUR_RUB            banking_z        lag=  1 m5_p=0.7376  m6_ic=0.0572
[18:33:29]   HIT  EUR_RUB            banking_z        lag=  7 m5_p=0.1520  m6_ic=0.0568
[18:33:29]   HIT  EUR_RUB            banking_z        lag= 30 m5_p=0.8190  m6_ic=0.0656
[18:33:31]   HIT  DJ_SOUTH_AFRICA    oil_z            lag= 14 m5_p=0.2445  m6_ic=0.0489
[18:33:31]   HIT  DJ_SOUTH_AFRICA    rate_z           lag=  1 m5_p=0.6268  m6_ic=0.0775
[18:33:32]   HIT  DJ_SOUTH_AFRICA    rate_z           lag=  7 m5_p=0.8298  m6_ic=0.0342
[18:33:32]   HIT  DJ_SOUTH_AFRICA    rate_z           lag= 30 m5_p=0.6839  m6_ic=0.0726
[18:33:32]   HIT  DJ_SOUTH_AFRICA    ruble_z          lag=  1 m5_p=0.1001  m6_ic=0.0534
[18:33:32]   HIT  DJ_SOUTH_AFRICA    ruble_z          lag=  7 m5_p=0.4065  m6_ic=0.0595
[18:33:33]   HIT  DJ_SOUTH_AFRICA    ruble_z          lag= 30 m5_p=0.5463  m6_ic=0.0461
[18:33:33]   HIT  DJ_SOUTH_AFRICA    sanctions_z      lag=  1 m5_p=0.7442  m6_ic=0.0604
[18:33:33]   HIT  DJ_SOUTH_AFRICA    sanctions_z      lag= 14 m5_p=0.0128  m6_ic=0.0833
[18:33:33]   HIT  DJ_SOUTH_AFRICA    sanctions_z      lag= 30 m5_p=0.2280  m6_ic=0.1116
[18:33:34]   HIT  DJ_SOUTH_AFRICA    inflation_z      lag=  7 m5_p=0.0980  m6_ic=0.1431
[18:33:34]   HIT  DJ_SOUTH_AFRICA    banking_z        lag=  1 m5_p=0.3162  m6_ic=0.0328
[18:33:35]   HIT  DJ_SOUTH_AFRICA    banking_z        lag= 30 m5_p=0.2699  m6_ic=0.0477
[18:33:35]   HIT  DJ_SOUTH_AFRICA    gold_z           lag=  7 m5_p=0.8091  m6_ic=0.0329
[18:33:36]   HIT  DJ_SOUTH_AFRICA    gold_z           lag= 30 m5_p=0.8393  m6_ic=0.1079
[18:33:36]   HIT  MSCI_WORLD         oil_z            lag= 14 m5_p=0.2593  m6_ic=0.0384
[18:33:37]   HIT  MSCI_WORLD         rate_z           lag= 14 m5_p=0.5906  m6_ic=0.0762
[18:33:37]   HIT  MSCI_WORLD         rate_z           lag= 30 m5_p=0.7262  m6_ic=0.0625
[18:33:38]   HIT  MSCI_WORLD         ruble_z          lag=  1 m5_p=0.9537  m6_ic=0.0402
[18:33:38]   HIT  MSCI_WORLD         ruble_z          lag=  7 m5_p=0.8457  m6_ic=0.0720
[18:33:38]   HIT  MSCI_WORLD         sanctions_z      lag=  1 m5_p=0.8301  m6_ic=0.0666
[18:33:39]   HIT  MSCI_WORLD         sanctions_z      lag= 14 m5_p=0.0116  m6_ic=0.0751
[18:33:39]   HIT  MSCI_WORLD         inflation_z      lag=  1 m5_p=0.3657  m6_ic=0.0524
[18:33:41]   HIT  MSCI_WORLD         banking_z        lag= 30 m5_p=0.8740  m6_ic=0.0714
[18:33:41]   HIT  MSCI_WORLD         gold_z           lag= 14 m5_p=0.2426  m6_ic=0.0489
[18:33:42]   HIT  MSCI_WORLD         gold_z           lag= 30 m5_p=0.9033  m6_ic=0.1028
[18:33:42]   HIT  DXY                oil_z            lag=  1 m5_p=0.0363  m6_ic=0.0493
[18:33:42]   HIT  DXY                oil_z            lag=  7 m5_p=0.4332  m6_ic=0.0514
[18:33:42]   HIT  DXY                oil_z            lag= 30 m5_p=0.9929  m6_ic=0.0315
[18:33:43]   HIT  DXY                rate_z           lag=  1 m5_p=0.0870  m6_ic=0.0481
[18:33:43]   HIT  DXY                rate_z           lag=  7 m5_p=0.2159  m6_ic=0.0660
[18:33:43]   HIT  DXY                rate_z           lag= 14 m5_p=0.4269  m6_ic=0.0606
[18:33:43]   HIT  DXY                rate_z           lag= 30 m5_p=0.1851  m6_ic=0.0488
[18:33:43]   HIT  DXY                ruble_z          lag=  1 m5_p=0.5830  m6_ic=0.0457
[18:33:44]   HIT  DXY                ruble_z          lag= 14 m5_p=0.3215  m6_ic=0.0417
[18:33:45]   HIT  DXY                sanctions_z      lag= 30 m5_p=0.7737  m6_ic=0.0507
[18:33:45]   HIT  DXY                inflation_z      lag=  7 m5_p=0.3826  m6_ic=0.0533
[18:33:45]   HIT  DXY                inflation_z      lag= 14 m5_p=0.8770  m6_ic=0.0450
[18:33:46]   HIT  DXY                banking_z        lag=  1 m5_p=0.1827  m6_ic=0.0520
[18:33:46]   HIT  DXY                banking_z        lag=  7 m5_p=0.7330  m6_ic=0.0326
[18:33:46]   HIT  DXY                banking_z        lag= 14 m5_p=0.9784  m6_ic=0.0366
[18:33:47]   HIT  DXY                gold_z           lag=  7 m5_p=0.1562  m6_ic=0.0631
[18:33:47]   HIT  DXY                gold_z           lag= 14 m5_p=0.7091  m6_ic=0.0767
[18:33:48]   HIT  BRENT              oil_z            lag=  7 m5_p=0.7839  m6_ic=0.0578
[18:33:48]   HIT  BRENT              oil_z            lag= 30 m5_p=0.7896  m6_ic=0.0534
[18:33:48]   HIT  BRENT              rate_z           lag=  1 m5_p=0.4639  m6_ic=0.0489
[18:33:49]   HIT  BRENT              rate_z           lag= 30 m5_p=0.7557  m6_ic=0.1055
[18:33:49]   HIT  BRENT              ruble_z          lag=  1 m5_p=0.1300  m6_ic=0.0318
[18:33:49]   HIT  BRENT              ruble_z          lag=  7 m5_p=0.3462  m6_ic=0.0456
[18:33:49]   HIT  BRENT              ruble_z          lag= 14 m5_p=0.3931  m6_ic=0.0431
[18:33:50]   HIT  BRENT              ruble_z          lag= 30 m5_p=0.3398  m6_ic=0.0647
[18:33:50]   HIT  BRENT              sanctions_z      lag=  1 m5_p=0.9551  m6_ic=0.0360
[18:33:50]   HIT  BRENT              sanctions_z      lag=  7 m5_p=0.7252  m6_ic=0.0542
[18:33:50]   HIT  BRENT              sanctions_z      lag= 14 m5_p=0.2424  m6_ic=0.0325
[18:33:51]   HIT  BRENT              inflation_z      lag=  1 m5_p=0.3106  m6_ic=0.0379
[18:33:51]   HIT  BRENT              inflation_z      lag=  7 m5_p=0.8715  m6_ic=0.0712
[18:33:51]   HIT  BRENT              inflation_z      lag= 14 m5_p=0.9169  m6_ic=0.0952
[18:33:51]   HIT  BRENT              banking_z        lag=  1 m5_p=0.8083  m6_ic=0.0307
[18:33:52]   HIT  BRENT              gold_z           lag=  1 m5_p=0.2283  m6_ic=0.0394
[18:33:53]   HIT  BRENT              gold_z           lag=  7 m5_p=0.5565  m6_ic=0.0647
[18:33:53]   HIT  BRENT              gold_z           lag= 14 m5_p=0.4285  m6_ic=0.0621
[18:33:53]   HIT  BRENT              gold_z           lag= 30 m5_p=0.5484  m6_ic=0.0543
[18:33:54]   HIT  MSCI_INDIA         oil_z            lag= 30 m5_p=0.7651  m6_ic=0.0559
[18:33:54]   HIT  MSCI_INDIA         rate_z           lag=  7 m5_p=0.8927  m6_ic=0.1361
[18:33:54]   HIT  MSCI_INDIA         rate_z           lag= 14 m5_p=0.4433  m6_ic=0.0622
[18:33:55]   HIT  MSCI_INDIA         rate_z           lag= 30 m5_p=0.8638  m6_ic=0.0670
[18:33:55]   HIT  MSCI_INDIA         ruble_z          lag=  7 m5_p=0.4872  m6_ic=0.0582
[18:33:55]   HIT  MSCI_INDIA         ruble_z          lag= 30 m5_p=0.9102  m6_ic=0.0868
[18:33:56]   HIT  MSCI_INDIA         sanctions_z      lag=  7 m5_p=0.7171  m6_ic=0.0578
[18:33:56]   HIT  MSCI_INDIA         sanctions_z      lag= 14 m5_p=0.1846  m6_ic=0.0535
[18:33:56]   HIT  MSCI_INDIA         sanctions_z      lag= 30 m5_p=0.7792  m6_ic=0.0746
[18:33:56]   HIT  MSCI_INDIA         inflation_z      lag=  1 m5_p=0.6167  m6_ic=0.0647
[18:33:57]   HIT  MSCI_INDIA         inflation_z      lag= 14 m5_p=0.4628  m6_ic=0.0468
[18:33:57]   HIT  MSCI_INDIA         inflation_z      lag= 30 m5_p=0.6596  m6_ic=0.1025
[18:33:57]   HIT  MSCI_INDIA         banking_z        lag=  1 m5_p=0.5225  m6_ic=0.0366
[18:33:57]   HIT  MSCI_INDIA         banking_z        lag=  7 m5_p=0.8542  m6_ic=0.0774
[18:33:58]   HIT  MSCI_INDIA         banking_z        lag= 30 m5_p=0.5461  m6_ic=0.0413
[18:33:58]   HIT  MSCI_INDIA         gold_z           lag=  1 m5_p=0.6699  m6_ic=0.0731
[18:33:58]   HIT  MSCI_INDIA         gold_z           lag=  7 m5_p=0.7335  m6_ic=0.0816
[18:33:58]   HIT  MSCI_INDIA         gold_z           lag= 14 m5_p=0.2159  m6_ic=0.0415
[18:33:59]   HIT  CHINA_H_SHARES     oil_z            lag=  1 m5_p=0.5007  m6_ic=0.0682
[18:33:59]   HIT  CHINA_H_SHARES     oil_z            lag= 14 m5_p=0.9264  m6_ic=0.0303
[18:33:59]   HIT  CHINA_H_SHARES     oil_z            lag= 30 m5_p=0.7034  m6_ic=0.0355
[18:34:00]   HIT  CHINA_H_SHARES     rate_z           lag=  1 m5_p=0.0394  m6_ic=0.0625
[18:34:00]   HIT  CHINA_H_SHARES     rate_z           lag=  7 m5_p=0.9527  m6_ic=0.0309
[18:34:00]   HIT  CHINA_H_SHARES     rate_z           lag= 30 m5_p=0.2030  m6_ic=0.0536
[18:34:01]   HIT  CHINA_H_SHARES     ruble_z          lag= 30 m5_p=0.8266  m6_ic=0.1344
[18:34:01]   HIT  CHINA_H_SHARES     sanctions_z      lag=  7 m5_p=0.5359  m6_ic=0.0714
[18:34:02]   HIT  CHINA_H_SHARES     inflation_z      lag=  7 m5_p=0.2935  m6_ic=0.0476
[18:34:02]   HIT  CHINA_H_SHARES     inflation_z      lag= 14 m5_p=0.9861  m6_ic=0.0413
[18:34:03]   HIT  CHINA_H_SHARES     inflation_z      lag= 30 m5_p=0.3077  m6_ic=0.0691
[18:34:03]   HIT  CHINA_H_SHARES     banking_z        lag=  7 m5_p=0.9120  m6_ic=0.0448
[18:34:03]   HIT  CHINA_H_SHARES     banking_z        lag= 30 m5_p=0.9935  m6_ic=0.0303
[18:34:04]   HIT  CHINA_H_SHARES     gold_z           lag=  7 m5_p=0.2118  m6_ic=0.0623
[18:34:04]   HIT  CHINA_H_SHARES     gold_z           lag= 14 m5_p=0.3874  m6_ic=0.0751
[18:34:04]   HIT  CHINA_H_SHARES     gold_z           lag= 30 m5_p=0.8381  m6_ic=0.1381
[18:34:04]   HIT  FTSE_CHINA_50      oil_z            lag=  1 m5_p=0.4869  m6_ic=0.0508
[18:34:05]   HIT  FTSE_CHINA_50      oil_z            lag=  7 m5_p=0.5115  m6_ic=0.0432
[18:34:05]   HIT  FTSE_CHINA_50      rate_z           lag=  1 m5_p=0.0335  m6_ic=0.0535
[18:34:06]   HIT  FTSE_CHINA_50      rate_z           lag= 30 m5_p=0.1565  m6_ic=0.0537
[18:34:07]   HIT  FTSE_CHINA_50      ruble_z          lag= 30 m5_p=0.6544  m6_ic=0.1647
[18:34:07]   HIT  FTSE_CHINA_50      sanctions_z      lag=  7 m5_p=0.4652  m6_ic=0.0412
[18:34:07]   HIT  FTSE_CHINA_50      sanctions_z      lag= 14 m5_p=0.6119  m6_ic=0.0333
[18:34:08]   HIT  FTSE_CHINA_50      inflation_z      lag=  7 m5_p=0.1893  m6_ic=0.0572
[18:34:08]   HIT  FTSE_CHINA_50      inflation_z      lag= 30 m5_p=0.2971  m6_ic=0.0659
[18:34:09]   HIT  FTSE_CHINA_50      banking_z        lag=  7 m5_p=0.9990  m6_ic=0.0715
[18:34:09]   HIT  FTSE_CHINA_50      banking_z        lag= 30 m5_p=0.6948  m6_ic=0.0381
[18:34:10]   HIT  FTSE_CHINA_50      gold_z           lag= 14 m5_p=0.4126  m6_ic=0.0722
[18:34:10]   HIT  FTSE_CHINA_50      gold_z           lag= 30 m5_p=0.6982  m6_ic=0.1673
[18:34:10]   HIT  GOLD               oil_z            lag= 14 m5_p=0.9423  m6_ic=0.0494
[18:34:11]   HIT  GOLD               oil_z            lag= 30 m5_p=0.8657  m6_ic=0.0466
[18:34:11]   HIT  GOLD               rate_z           lag= 14 m5_p=0.2299  m6_ic=0.0556
[18:34:11]   HIT  GOLD               rate_z           lag= 30 m5_p=0.8995  m6_ic=0.0703
[18:34:12]   HIT  GOLD               ruble_z          lag=  7 m5_p=0.8962  m6_ic=0.0833
[18:34:12]   HIT  GOLD               ruble_z          lag= 30 m5_p=0.5798  m6_ic=0.1072
[18:34:13]   HIT  GOLD               sanctions_z      lag= 30 m5_p=0.0589  m6_ic=0.0337
[18:34:13]   HIT  GOLD               inflation_z      lag=  1 m5_p=0.2236  m6_ic=0.0706
[18:34:13]   HIT  GOLD               inflation_z      lag=  7 m5_p=0.0360  m6_ic=0.0828
[18:34:13]   HIT  GOLD               inflation_z      lag= 14 m5_p=0.2796  m6_ic=0.0821
[18:34:14]   HIT  GOLD               banking_z        lag=  7 m5_p=0.1881  m6_ic=0.0517
[18:34:15]   HIT  GOLD               gold_z           lag=  7 m5_p=0.8343  m6_ic=0.0883
[18:34:15]   HIT  GOLD               gold_z           lag= 14 m5_p=0.0620  m6_ic=0.0426
[18:34:15]   HIT  GOLD               gold_z           lag= 30 m5_p=0.4217  m6_ic=0.1003
[18:34:16]   HIT  SILVER             oil_z            lag= 30 m5_p=0.5578  m6_ic=0.0395
[18:34:16]   HIT  SILVER             rate_z           lag=  1 m5_p=0.3262  m6_ic=0.1287
[18:34:16]   HIT  SILVER             rate_z           lag=  7 m5_p=0.4661  m6_ic=0.1086
[18:34:17]   HIT  SILVER             rate_z           lag= 30 m5_p=0.3550  m6_ic=0.0769
[18:34:17]   HIT  SILVER             ruble_z          lag=  7 m5_p=0.4738  m6_ic=0.1011
[18:34:18]   HIT  SILVER             ruble_z          lag= 30 m5_p=0.9263  m6_ic=0.1441
[18:34:18]   HIT  SILVER             sanctions_z      lag=  1 m5_p=0.0249  m6_ic=0.0386
[18:34:18]   HIT  SILVER             sanctions_z      lag=  7 m5_p=0.7252  m6_ic=0.0312
[18:34:18]   HIT  SILVER             sanctions_z      lag= 14 m5_p=0.1365  m6_ic=0.0670
[18:34:18]   HIT  SILVER             sanctions_z      lag= 30 m5_p=0.2364  m6_ic=0.0555
[18:34:19]   HIT  SILVER             inflation_z      lag=  7 m5_p=0.3122  m6_ic=0.1119
[18:34:19]   HIT  SILVER             inflation_z      lag= 30 m5_p=0.6434  m6_ic=0.0400
[18:34:19]   HIT  SILVER             banking_z        lag=  1 m5_p=0.7370  m6_ic=0.0924
[18:34:19]   HIT  SILVER             banking_z        lag=  7 m5_p=0.5184  m6_ic=0.0301
[18:34:20]   HIT  SILVER             gold_z           lag=  1 m5_p=0.0584  m6_ic=0.0631
[18:34:20]   HIT  SILVER             gold_z           lag=  7 m5_p=0.7577  m6_ic=0.0361
[18:34:20]   HIT  SILVER             gold_z           lag= 30 m5_p=0.4651  m6_ic=0.0403
[18:34:21]   HIT  IMOEX              oil_z            lag=  1 m5_p=0.3571  m6_ic=0.0696
[18:34:21]   HIT  IMOEX              oil_z            lag= 30 m5_p=0.6406  m6_ic=0.0514
[18:34:22]   HIT  IMOEX              rate_z           lag= 14 m5_p=0.2562  m6_ic=0.0502
[18:34:22]   HIT  IMOEX              rate_z           lag= 30 m5_p=0.6107  m6_ic=0.1322
[18:34:22]   HIT  IMOEX              ruble_z          lag=  1 m5_p=0.9408  m6_ic=0.0597
[18:34:22]   HIT  IMOEX              ruble_z          lag=  7 m5_p=0.0458  m6_ic=0.0690
[18:34:23]   HIT  IMOEX              ruble_z          lag= 30 m5_p=0.9180  m6_ic=0.0665
[18:34:23]   HIT  IMOEX              sanctions_z      lag=  1 m5_p=0.2181  m6_ic=0.0803
[18:34:23]   HIT  IMOEX              sanctions_z      lag= 14 m5_p=0.6950  m6_ic=0.0354
[18:34:24]   HIT  IMOEX              inflation_z      lag= 14 m5_p=0.5925  m6_ic=0.0569
[18:34:25]   HIT  IMOEX              banking_z        lag=  7 m5_p=0.2841  m6_ic=0.0595
[18:34:25]   HIT  IMOEX              banking_z        lag= 30 m5_p=0.1178  m6_ic=0.0730
[18:34:25]   HIT  IMOEX              gold_z           lag=  1 m5_p=0.4821  m6_ic=0.0339
[18:34:26]   HIT  IMOEX              gold_z           lag=  7 m5_p=0.4466  m6_ic=0.0328
[18:34:26]   HIT  IMOEX              gold_z           lag= 30 m5_p=0.2917  m6_ic=0.0386
[18:34:26]   HIT  MOEXFN             oil_z            lag=  1 m5_p=0.5560  m6_ic=0.0727
[18:34:27]   HIT  MOEXFN             oil_z            lag= 14 m5_p=0.6731  m6_ic=0.0373
[18:34:27]   HIT  MOEXFN             oil_z            lag= 30 m5_p=0.9520  m6_ic=0.0368
[18:34:27]   HIT  MOEXFN             rate_z           lag=  1 m5_p=0.5857  m6_ic=0.0614
[18:34:27]   HIT  MOEXFN             rate_z           lag=  7 m5_p=0.0649  m6_ic=0.0671
[18:34:28]   HIT  MOEXFN             rate_z           lag= 30 m5_p=0.6743  m6_ic=0.0361
[18:34:28]   HIT  MOEXFN             ruble_z          lag=  7 m5_p=0.2908  m6_ic=0.0524
[18:34:29]   HIT  MOEXFN             sanctions_z      lag=  1 m5_p=0.0248  m6_ic=0.0434
[18:34:29]   HIT  MOEXFN             sanctions_z      lag=  7 m5_p=0.7560  m6_ic=0.0796
[18:34:29]   HIT  MOEXFN             sanctions_z      lag= 14 m5_p=0.4188  m6_ic=0.0373
[18:34:29]   HIT  MOEXFN             sanctions_z      lag= 30 m5_p=0.7065  m6_ic=0.0382
[18:34:30]   HIT  MOEXFN             inflation_z      lag=  7 m5_p=0.1289  m6_ic=0.0524
[18:34:30]   HIT  MOEXFN             banking_z        lag=  1 m5_p=0.9847  m6_ic=0.0305
[18:34:30]   HIT  MOEXFN             banking_z        lag=  7 m5_p=0.6786  m6_ic=0.1007
[18:34:31]   HIT  MOEXFN             banking_z        lag= 14 m5_p=0.2242  m6_ic=0.0325
[18:34:31]   HIT  MOEXFN             banking_z        lag= 30 m5_p=0.3350  m6_ic=0.0362
[18:34:31]   HIT  MOEXFN             gold_z           lag=  1 m5_p=0.4996  m6_ic=0.0451
[18:34:32]   HIT  MOEXFN             gold_z           lag= 30 m5_p=0.7046  m6_ic=0.0342
[18:34:32]   HIT  MOEXOG             oil_z            lag=  1 m5_p=0.3724  m6_ic=0.0631
[18:34:32]   HIT  MOEXOG             oil_z            lag= 30 m5_p=0.4142  m6_ic=0.0327
[18:34:33]   HIT  MOEXOG             rate_z           lag=  1 m5_p=0.4612  m6_ic=0.0707
[18:34:33]   HIT  MOEXOG             rate_z           lag= 14 m5_p=0.2424  m6_ic=0.0662
[18:34:33]   HIT  MOEXOG             ruble_z          lag=  1 m5_p=0.8949  m6_ic=0.1057
[18:34:34]   HIT  MOEXOG             ruble_z          lag= 14 m5_p=0.7465  m6_ic=0.0580
[18:34:34]   HIT  MOEXOG             ruble_z          lag= 30 m5_p=0.7976  m6_ic=0.0729
[18:34:35]   HIT  MOEXOG             sanctions_z      lag= 30 m5_p=0.9910  m6_ic=0.0468
[18:34:35]   HIT  MOEXOG             inflation_z      lag= 14 m5_p=0.8699  m6_ic=0.0607
[18:34:35]   HIT  MOEXOG             inflation_z      lag= 30 m5_p=0.6597  m6_ic=0.0801
[18:34:36]   HIT  MOEXOG             banking_z        lag=  1 m5_p=0.6315  m6_ic=0.0497
[18:34:36]   HIT  MOEXOG             gold_z           lag=  1 m5_p=0.3783  m6_ic=0.0514
[18:34:36]   HIT  MOEXOG             gold_z           lag=  7 m5_p=0.5586  m6_ic=0.0352
[18:34:37]   HIT  MOEX10             oil_z            lag=  1 m5_p=0.5139  m6_ic=0.0434
[18:34:37]   HIT  MOEX10             oil_z            lag=  7 m5_p=0.5069  m6_ic=0.0678
[18:34:37]   HIT  MOEX10             oil_z            lag= 14 m5_p=0.9103  m6_ic=0.0741
[18:34:38]   HIT  MOEX10             rate_z           lag= 30 m5_p=0.7390  m6_ic=0.0537
[18:34:39]   HIT  MOEX10             ruble_z          lag=  1 m5_p=0.6965  m6_ic=0.0453
[18:34:39]   HIT  MOEX10             ruble_z          lag=  7 m5_p=0.2110  m6_ic=0.0537
[18:34:39]   HIT  MOEX10             ruble_z          lag= 14 m5_p=0.6922  m6_ic=0.0383
[18:34:39]   HIT  MOEX10             ruble_z          lag= 30 m5_p=0.9554  m6_ic=0.0429
[18:34:39]   HIT  MOEX10             sanctions_z      lag=  1 m5_p=0.1513  m6_ic=0.0704
[18:34:40]   HIT  MOEX10             sanctions_z      lag=  7 m5_p=0.3906  m6_ic=0.0342
[18:34:40]   HIT  MOEX10             sanctions_z      lag= 14 m5_p=0.3927  m6_ic=0.0471
[18:34:40]   HIT  MOEX10             sanctions_z      lag= 30 m5_p=0.5885  m6_ic=0.0451
[18:34:40]   HIT  MOEX10             inflation_z      lag=  7 m5_p=0.1923  m6_ic=0.0489
[18:34:41]   HIT  MOEX10             inflation_z      lag= 14 m5_p=0.7230  m6_ic=0.0916
[18:34:41]   HIT  MOEX10             inflation_z      lag= 30 m5_p=0.7268  m6_ic=0.0455
[18:34:41]   HIT  MOEX10             banking_z        lag=  1 m5_p=0.8517  m6_ic=0.0351
[18:34:41]   HIT  MOEX10             banking_z        lag=  7 m5_p=0.3048  m6_ic=0.0330
[18:34:42]   HIT  MOEX10             gold_z           lag=  1 m5_p=0.6710  m6_ic=0.0428
[18:34:42]   HIT  MOEX10             gold_z           lag=  7 m5_p=0.2770  m6_ic=0.0721
[18:34:42]   HIT  MOEX10             gold_z           lag= 14 m5_p=0.9879  m6_ic=0.0520
[18:34:42]     Train: 256 signals
[18:34:42]     Val holdout (256 candidates)...
[18:34:43]     VAL PASS  SP500              oil_z            lag=  7  m6_ic=0.1011
[18:34:43]     VAL PASS  SP500              oil_z            lag= 14  m6_ic=0.0545
[18:34:44]     VAL PASS  SP500              sanctions_z      lag= 14  m6_ic=0.0620
[18:34:44]     VAL PASS  SP500              inflation_z      lag=  1  m6_ic=0.0769
[18:34:44]     VAL PASS  SP500              inflation_z      lag=  7  m6_ic=0.0609
[18:34:45]     VAL PASS  SP500              banking_z        lag=  7  m6_ic=0.0528
[18:34:45]     VAL PASS  SP500              gold_z           lag=  7  m6_ic=0.0639
[18:34:45]     VAL PASS  SP500              gold_z           lag= 14  m6_ic=0.0975
[18:34:45]     VAL PASS  USD_RUB            oil_z            lag=  1  m6_ic=0.0833
[18:34:45]     VAL PASS  USD_RUB            oil_z            lag=  7  m6_ic=0.0905
[18:34:45]     VAL PASS  USD_RUB            oil_z            lag= 14  m6_ic=0.0654
[18:34:46]     VAL PASS  USD_RUB            oil_z            lag= 30  m6_ic=0.0777
[18:34:46]     VAL PASS  USD_RUB            rate_z           lag= 14  m6_ic=0.0451
[18:34:48]     VAL PASS  USD_RUB            inflation_z      lag=  7  m6_ic=0.1676
[18:34:48]     VAL PASS  USD_RUB            inflation_z      lag= 30  m6_ic=0.0647
[18:34:48]     VAL PASS  USD_RUB            banking_z        lag=  7  m6_ic=0.0651
[18:34:49]     VAL PASS  EUR_RUB            oil_z            lag=  1  m6_ic=0.0833
[18:34:49]     VAL PASS  EUR_RUB            oil_z            lag=  7  m6_ic=0.0905
[18:34:49]     VAL PASS  EUR_RUB            oil_z            lag= 14  m6_ic=0.0654
[18:34:50]     VAL PASS  EUR_RUB            oil_z            lag= 30  m6_ic=0.0777
[18:34:50]     VAL PASS  EUR_RUB            rate_z           lag= 14  m6_ic=0.0451
[18:34:51]     VAL PASS  EUR_RUB            inflation_z      lag=  7  m6_ic=0.1676
[18:34:52]     VAL PASS  EUR_RUB            inflation_z      lag= 30  m6_ic=0.0647
[18:34:52]     VAL PASS  EUR_RUB            banking_z        lag=  7  m6_ic=0.0651
[18:34:53]     VAL PASS  DJ_SOUTH_AFRICA    oil_z            lag= 14  m6_ic=0.0918
[18:34:53]     VAL PASS  DJ_SOUTH_AFRICA    rate_z           lag=  1  m6_ic=0.0730
[18:34:53]     VAL PASS  DJ_SOUTH_AFRICA    rate_z           lag= 30  m6_ic=0.0806
[18:34:54]     VAL PASS  DJ_SOUTH_AFRICA    ruble_z          lag=  1  m6_ic=0.0687
[18:34:54]     VAL PASS  DJ_SOUTH_AFRICA    ruble_z          lag=  7  m6_ic=0.0321
[18:34:54]     VAL PASS  DJ_SOUTH_AFRICA    sanctions_z      lag=  1  m6_ic=0.0403
[18:34:54]     VAL PASS  DJ_SOUTH_AFRICA    sanctions_z      lag= 14  m6_ic=0.0649
[18:34:55]     VAL PASS  DJ_SOUTH_AFRICA    sanctions_z      lag= 30  m6_ic=0.1084
[18:34:55]     VAL PASS  DJ_SOUTH_AFRICA    inflation_z      lag=  7  m6_ic=0.0890
[18:34:55]     VAL PASS  DJ_SOUTH_AFRICA    banking_z        lag=  1  m6_ic=0.0834
[18:34:55]     VAL PASS  DJ_SOUTH_AFRICA    banking_z        lag= 30  m6_ic=0.0524
[18:34:55]     VAL PASS  DJ_SOUTH_AFRICA    gold_z           lag=  7  m6_ic=0.0344
[18:34:56]     VAL PASS  DJ_SOUTH_AFRICA    gold_z           lag= 30  m6_ic=0.0782
[18:34:56]     VAL PASS  MSCI_WORLD         rate_z           lag= 30  m6_ic=0.1301
[18:34:56]     VAL PASS  MSCI_WORLD         ruble_z          lag=  1  m6_ic=0.0343
[18:34:57]     VAL PASS  MSCI_WORLD         ruble_z          lag=  7  m6_ic=0.0589
[18:34:57]     VAL PASS  MSCI_WORLD         sanctions_z      lag=  1  m6_ic=0.0843
[18:34:57]     VAL PASS  MSCI_WORLD         inflation_z      lag=  1  m6_ic=0.0905
[18:34:57]     VAL PASS  MSCI_WORLD         banking_z        lag= 30  m6_ic=0.0447
[18:34:58]     VAL PASS  MSCI_WORLD         gold_z           lag= 14  m6_ic=0.0447
[18:34:58]     VAL PASS  MSCI_WORLD         gold_z           lag= 30  m6_ic=0.0346
[18:34:58]     VAL PASS  DXY                oil_z            lag=  1  m6_ic=0.0744
[18:34:58]     VAL PASS  DXY                oil_z            lag= 30  m6_ic=0.1209
[18:34:59]     VAL PASS  DXY                rate_z           lag=  7  m6_ic=0.0505
[18:34:59]     VAL PASS  DXY                rate_z           lag= 14  m6_ic=0.0737
[18:34:59]     VAL PASS  DXY                rate_z           lag= 30  m6_ic=0.0588
[18:34:59]     VAL PASS  DXY                ruble_z          lag=  1  m6_ic=0.1166
[18:35:00]     VAL PASS  DXY                sanctions_z      lag= 30  m6_ic=0.0454
[18:35:00]     VAL PASS  DXY                inflation_z      lag=  7  m6_ic=0.0523
[18:35:00]     VAL PASS  DXY                inflation_z      lag= 14  m6_ic=0.0854
[18:35:01]     VAL PASS  DXY                banking_z        lag=  1  m6_ic=0.0692
[18:35:01]     VAL PASS  DXY                banking_z        lag=  7  m6_ic=0.0691
[18:35:01]     VAL PASS  DXY                banking_z        lag= 14  m6_ic=0.0665
[18:35:01]     VAL PASS  DXY                gold_z           lag= 14  m6_ic=0.0577
[18:35:02]     VAL PASS  BRENT              rate_z           lag=  1  m6_ic=0.0793
[18:35:02]     VAL PASS  BRENT              rate_z           lag= 30  m6_ic=0.0572
[18:35:02]     VAL PASS  BRENT              ruble_z          lag=  1  m6_ic=0.0634
[18:35:02]     VAL PASS  BRENT              ruble_z          lag=  7  m6_ic=0.0466
[18:35:03]     VAL PASS  BRENT              ruble_z          lag= 14  m6_ic=0.0378
[18:35:03]     VAL PASS  BRENT              sanctions_z      lag=  1  m6_ic=0.0554
[18:35:03]     VAL PASS  BRENT              sanctions_z      lag=  7  m6_ic=0.0620
[18:35:04]     VAL PASS  BRENT              inflation_z      lag=  1  m6_ic=0.0478
[18:35:04]     VAL PASS  BRENT              inflation_z      lag=  7  m6_ic=0.1761
[18:35:04]     VAL PASS  BRENT              inflation_z      lag= 14  m6_ic=0.0414
[18:35:04]     VAL PASS  BRENT              banking_z        lag=  1  m6_ic=0.0363
[18:35:05]     VAL PASS  BRENT              gold_z           lag=  7  m6_ic=0.0345
[18:35:05]     VAL PASS  BRENT              gold_z           lag= 14  m6_ic=0.0691
[18:35:06]     VAL PASS  MSCI_INDIA         rate_z           lag= 14  m6_ic=0.0335
[18:35:06]     VAL PASS  MSCI_INDIA         ruble_z          lag= 30  m6_ic=0.1518
[18:35:07]     VAL PASS  MSCI_INDIA         sanctions_z      lag=  7  m6_ic=0.0641
[18:35:07]     VAL PASS  MSCI_INDIA         sanctions_z      lag= 14  m6_ic=0.1376
[18:35:07]     VAL PASS  MSCI_INDIA         sanctions_z      lag= 30  m6_ic=0.1001
[18:35:07]     VAL PASS  MSCI_INDIA         inflation_z      lag=  1  m6_ic=0.0539
[18:35:07]     VAL PASS  MSCI_INDIA         inflation_z      lag= 14  m6_ic=0.0767
[18:35:08]     VAL PASS  MSCI_INDIA         inflation_z      lag= 30  m6_ic=0.0449
[18:35:08]     VAL PASS  MSCI_INDIA         banking_z        lag=  1  m6_ic=0.0740
[18:35:08]     VAL PASS  MSCI_INDIA         banking_z        lag= 30  m6_ic=0.0373
[18:35:09]     VAL PASS  CHINA_H_SHARES     oil_z            lag= 14  m6_ic=0.0819
[18:35:10]     VAL PASS  CHINA_H_SHARES     oil_z            lag= 30  m6_ic=0.1345
[18:35:10]     VAL PASS  CHINA_H_SHARES     rate_z           lag= 30  m6_ic=0.0634
[18:35:10]     VAL PASS  CHINA_H_SHARES     ruble_z          lag= 30  m6_ic=0.1047
[18:35:11]     VAL PASS  CHINA_H_SHARES     sanctions_z      lag=  7  m6_ic=0.0629
[18:35:11]     VAL PASS  CHINA_H_SHARES     inflation_z      lag=  7  m6_ic=0.0581
[18:35:11]     VAL PASS  CHINA_H_SHARES     inflation_z      lag= 14  m6_ic=0.0627
[18:35:11]     VAL PASS  CHINA_H_SHARES     inflation_z      lag= 30  m6_ic=0.0476
[18:35:12]     VAL PASS  CHINA_H_SHARES     banking_z        lag= 30  m6_ic=0.0314
[18:35:12]     VAL PASS  CHINA_H_SHARES     gold_z           lag= 14  m6_ic=0.0441
[18:35:12]     VAL PASS  CHINA_H_SHARES     gold_z           lag= 30  m6_ic=0.0597
[18:35:13]     VAL PASS  FTSE_CHINA_50      rate_z           lag=  1  m6_ic=0.0893
[18:35:13]     VAL PASS  FTSE_CHINA_50      rate_z           lag= 30  m6_ic=0.0603
[18:35:13]     VAL PASS  FTSE_CHINA_50      ruble_z          lag= 30  m6_ic=0.1202
[18:35:13]     VAL PASS  FTSE_CHINA_50      sanctions_z      lag=  7  m6_ic=0.0326
[18:35:14]     VAL PASS  FTSE_CHINA_50      inflation_z      lag= 30  m6_ic=0.1323
[18:35:14]     VAL PASS  FTSE_CHINA_50      banking_z        lag=  7  m6_ic=0.0824
[18:35:15]     VAL PASS  FTSE_CHINA_50      gold_z           lag= 14  m6_ic=0.0384
[18:35:15]     VAL PASS  FTSE_CHINA_50      gold_z           lag= 30  m6_ic=0.0801
[18:35:15]     VAL PASS  GOLD               oil_z            lag= 30  m6_ic=0.0961
[18:35:16]     VAL PASS  GOLD               rate_z           lag= 30  m6_ic=0.0734
[18:35:16]     VAL PASS  GOLD               sanctions_z      lag= 30  m6_ic=0.0315
[18:35:17]     VAL PASS  GOLD               inflation_z      lag= 14  m6_ic=0.0464
[18:35:17]     VAL PASS  GOLD               gold_z           lag=  7  m6_ic=0.0580
[18:35:18]     VAL PASS  GOLD               gold_z           lag= 30  m6_ic=0.0790
[18:35:18]     VAL PASS  SILVER             rate_z           lag=  1  m6_ic=0.0647
[18:35:18]     VAL PASS  SILVER             rate_z           lag=  7  m6_ic=0.0771
[18:35:19]     VAL PASS  SILVER             rate_z           lag= 30  m6_ic=0.0806
[18:35:19]     VAL PASS  SILVER             ruble_z          lag= 30  m6_ic=0.0839
[18:35:19]     VAL PASS  SILVER             sanctions_z      lag=  7  m6_ic=0.0307
[18:35:20]     VAL PASS  SILVER             sanctions_z      lag= 14  m6_ic=0.0913
[18:35:20]     VAL PASS  SILVER             sanctions_z      lag= 30  m6_ic=0.0898
[18:35:21]     VAL PASS  SILVER             gold_z           lag=  7  m6_ic=0.1005
[18:35:21]     VAL PASS  IMOEX              oil_z            lag=  1  m6_ic=0.1311
[18:35:21]     VAL PASS  IMOEX              oil_z            lag= 30  m6_ic=0.0792
[18:35:22]     VAL PASS  IMOEX              rate_z           lag= 14  m6_ic=0.0772
[18:35:22]     VAL PASS  IMOEX              rate_z           lag= 30  m6_ic=0.0553
[18:35:22]     VAL PASS  IMOEX              ruble_z          lag=  1  m6_ic=0.1524
[18:35:22]     VAL PASS  IMOEX              ruble_z          lag=  7  m6_ic=0.1041
[18:35:22]     VAL PASS  IMOEX              ruble_z          lag= 30  m6_ic=0.1248
[18:35:23]     VAL PASS  IMOEX              sanctions_z      lag=  1  m6_ic=0.1191
[18:35:23]     VAL PASS  IMOEX              sanctions_z      lag= 14  m6_ic=0.1461
[18:35:23]     VAL PASS  IMOEX              inflation_z      lag= 14  m6_ic=0.1065
[18:35:23]     VAL PASS  IMOEX              banking_z        lag=  7  m6_ic=0.1295
[18:35:24]     VAL PASS  IMOEX              gold_z           lag=  1  m6_ic=0.0559
[18:35:24]     VAL PASS  IMOEX              gold_z           lag=  7  m6_ic=0.0766
[18:35:24]     VAL PASS  MOEXFN             oil_z            lag=  1  m6_ic=0.0838
[18:35:25]     VAL PASS  MOEXFN             oil_z            lag= 14  m6_ic=0.0849
[18:35:25]     VAL PASS  MOEXFN             oil_z            lag= 30  m6_ic=0.0554
[18:35:25]     VAL PASS  MOEXFN             rate_z           lag=  1  m6_ic=0.0481
[18:35:25]     VAL PASS  MOEXFN             rate_z           lag=  7  m6_ic=0.0437
[18:35:26]     VAL PASS  MOEXFN             ruble_z          lag=  7  m6_ic=0.1015
[18:35:26]     VAL PASS  MOEXFN             sanctions_z      lag=  1  m6_ic=0.0834
[18:35:26]     VAL PASS  MOEXFN             sanctions_z      lag= 14  m6_ic=0.0918
[18:35:27]     VAL PASS  MOEXFN             sanctions_z      lag= 30  m6_ic=0.0696
[18:35:27]     VAL PASS  MOEXFN             inflation_z      lag=  7  m6_ic=0.0490
[18:35:27]     VAL PASS  MOEXFN             banking_z        lag=  1  m6_ic=0.0692
[18:35:27]     VAL PASS  MOEXFN             banking_z        lag=  7  m6_ic=0.1087
[18:35:28]     VAL PASS  MOEXFN             gold_z           lag= 30  m6_ic=0.0395
[18:35:28]     VAL PASS  MOEXOG             oil_z            lag=  1  m6_ic=0.0706
[18:35:28]     VAL PASS  MOEXOG             oil_z            lag= 30  m6_ic=0.0808
[18:35:29]     VAL PASS  MOEXOG             rate_z           lag=  1  m6_ic=0.0551
[18:35:29]     VAL PASS  MOEXOG             rate_z           lag= 14  m6_ic=0.0520
[18:35:29]     VAL PASS  MOEXOG             ruble_z          lag=  1  m6_ic=0.1357
[18:35:29]     VAL PASS  MOEXOG             ruble_z          lag= 14  m6_ic=0.1405
[18:35:29]     VAL PASS  MOEXOG             ruble_z          lag= 30  m6_ic=0.0940
[18:35:29]     VAL PASS  MOEXOG             sanctions_z      lag= 30  m6_ic=0.1019
[18:35:30]     VAL PASS  MOEXOG             inflation_z      lag= 14  m6_ic=0.1367
[18:35:30]     VAL PASS  MOEXOG             inflation_z      lag= 30  m6_ic=0.0812
[18:35:30]     VAL PASS  MOEXOG             banking_z        lag=  1  m6_ic=0.0469
[18:35:30]     VAL PASS  MOEXOG             gold_z           lag=  7  m6_ic=0.0341
[18:35:31]     VAL PASS  MOEX10             oil_z            lag=  1  m6_ic=0.0992
[18:35:31]     VAL PASS  MOEX10             oil_z            lag= 14  m6_ic=0.0833
[18:35:31]     VAL PASS  MOEX10             ruble_z          lag=  1  m6_ic=0.1609
[18:35:32]     VAL PASS  MOEX10             ruble_z          lag=  7  m6_ic=0.1066
[18:35:32]     VAL PASS  MOEX10             ruble_z          lag= 14  m6_ic=0.0661
[18:35:32]     VAL PASS  MOEX10             ruble_z          lag= 30  m6_ic=0.0592
[18:35:32]     VAL PASS  MOEX10             sanctions_z      lag=  1  m6_ic=0.0987
[18:35:33]     VAL PASS  MOEX10             sanctions_z      lag= 14  m6_ic=0.1194
[18:35:33]     VAL PASS  MOEX10             sanctions_z      lag= 30  m6_ic=0.0984
[18:35:33]     VAL PASS  MOEX10             inflation_z      lag=  7  m6_ic=0.0601
[18:35:33]     VAL PASS  MOEX10             inflation_z      lag= 14  m6_ic=0.1025
[18:35:33]     VAL PASS  MOEX10             inflation_z      lag= 30  m6_ic=0.0734
[18:35:34]     VAL PASS  MOEX10             banking_z        lag=  1  m6_ic=0.0713
[18:35:34]     VAL PASS  MOEX10             banking_z        lag=  7  m6_ic=0.1327
[18:35:34]     VAL PASS  MOEX10             gold_z           lag=  1  m6_ic=0.0462
[18:35:34]     VAL PASS  MOEX10             gold_z           lag=  7  m6_ic=0.0313
[18:35:34]     VAL PASS  MOEX10             gold_z           lag= 14  m6_ic=0.0887
[18:35:34]     Val: 169/256 held
[18:35:34]   Score: 2720.0  train=256  ic_max=0.1673
[18:35:34] 
[10/15] sweep_embedding_raw_market_return
[18:35:34]   Config: sweep_embedding_raw_market_return
[18:35:34]     feature=embedding_raw  target=market_return  ensemble=M6_only  ic_min=0.03
[18:35:35]   HIT  SP500              oil_emb          lag= 30 m5_p=0.7391  m6_ic=0.0739
[18:35:37]   HIT  SP500              ruble_emb        lag=  7 m5_p=0.1061  m6_ic=0.0664
[18:35:37]   HIT  SP500              ruble_emb        lag= 14 m5_p=0.6187  m6_ic=0.0796
[18:35:37]   HIT  SP500              sanctions_emb    lag=  1 m5_p=0.1713  m6_ic=0.0536
[18:35:37]   HIT  SP500              sanctions_emb    lag=  7 m5_p=0.0916  m6_ic=0.0553
[18:35:38]   HIT  SP500              sanctions_emb    lag= 14 m5_p=0.1534  m6_ic=0.0360
[18:35:38]   HIT  SP500              inflation_emb    lag=  1 m5_p=0.9406  m6_ic=0.0484
[18:35:38]   HIT  SP500              inflation_emb    lag=  7 m5_p=0.3355  m6_ic=0.1011
[18:35:39]   HIT  SP500              inflation_emb    lag= 30 m5_p=0.5788  m6_ic=0.0506
[18:35:39]   HIT  SP500              banking_emb      lag=  1 m5_p=0.5709  m6_ic=0.0312
[18:35:40]   HIT  SP500              gold_emb         lag= 14 m5_p=0.4467  m6_ic=0.0763
[18:35:41]   HIT  USD_RUB            oil_emb          lag=  1 m5_p=0.7448  m6_ic=0.0517
[18:35:41]   HIT  USD_RUB            oil_emb          lag= 30 m5_p=0.8768  m6_ic=0.0881
[18:35:41]   HIT  USD_RUB            rate_emb         lag=  1 m5_p=0.0770  m6_ic=0.0326
[18:35:42]   HIT  USD_RUB            rate_emb         lag=  7 m5_p=0.0680  m6_ic=0.0499
[18:35:42]   HIT  USD_RUB            rate_emb         lag= 30 m5_p=0.5357  m6_ic=0.0664
[18:35:42]   HIT  USD_RUB            ruble_emb        lag=  7 m5_p=0.7121  m6_ic=0.1193
[18:35:43]   HIT  USD_RUB            ruble_emb        lag= 14 m5_p=0.0550  m6_ic=0.0786
[18:35:43]   HIT  USD_RUB            sanctions_emb    lag=  7 m5_p=0.4124  m6_ic=0.0885
[18:35:44]   HIT  USD_RUB            inflation_emb    lag=  1 m5_p=0.0616  m6_ic=0.0752
[18:35:44]   HIT  USD_RUB            inflation_emb    lag=  7 m5_p=0.8706  m6_ic=0.0327
[18:35:44]   HIT  USD_RUB            inflation_emb    lag= 14 m5_p=0.6877  m6_ic=0.0344
[18:35:45]   HIT  USD_RUB            banking_emb      lag=  1 m5_p=0.9389  m6_ic=0.0921
[18:35:45]   HIT  USD_RUB            banking_emb      lag= 14 m5_p=0.5740  m6_ic=0.0352
[18:35:45]   HIT  USD_RUB            banking_emb      lag= 30 m5_p=0.8252  m6_ic=0.0489
[18:35:46]   HIT  USD_RUB            gold_emb         lag=  7 m5_p=0.9077  m6_ic=0.0349
[18:35:46]   HIT  EUR_RUB            oil_emb          lag=  1 m5_p=0.7448  m6_ic=0.0517
[18:35:47]   HIT  EUR_RUB            oil_emb          lag= 30 m5_p=0.8768  m6_ic=0.0881
[18:35:47]   HIT  EUR_RUB            rate_emb         lag=  1 m5_p=0.0770  m6_ic=0.0326
[18:35:47]   HIT  EUR_RUB            rate_emb         lag=  7 m5_p=0.0680  m6_ic=0.0499
[18:35:48]   HIT  EUR_RUB            rate_emb         lag= 30 m5_p=0.5357  m6_ic=0.0664
[18:35:48]   HIT  EUR_RUB            ruble_emb        lag=  7 m5_p=0.7121  m6_ic=0.1193
[18:35:48]   HIT  EUR_RUB            ruble_emb        lag= 14 m5_p=0.0550  m6_ic=0.0786
[18:35:49]   HIT  EUR_RUB            sanctions_emb    lag=  7 m5_p=0.4124  m6_ic=0.0885
[18:35:50]   HIT  EUR_RUB            inflation_emb    lag=  1 m5_p=0.0616  m6_ic=0.0752
[18:35:50]   HIT  EUR_RUB            inflation_emb    lag=  7 m5_p=0.8706  m6_ic=0.0327
[18:35:50]   HIT  EUR_RUB            inflation_emb    lag= 14 m5_p=0.6877  m6_ic=0.0344
[18:35:50]   HIT  EUR_RUB            banking_emb      lag=  1 m5_p=0.9389  m6_ic=0.0921
[18:35:51]   HIT  EUR_RUB            banking_emb      lag= 14 m5_p=0.5740  m6_ic=0.0352
[18:35:51]   HIT  EUR_RUB            banking_emb      lag= 30 m5_p=0.8252  m6_ic=0.0489
[18:35:51]   HIT  EUR_RUB            gold_emb         lag=  7 m5_p=0.9077  m6_ic=0.0349
[18:35:52]   HIT  DJ_SOUTH_AFRICA    oil_emb          lag=  7 m5_p=0.8485  m6_ic=0.0371
[18:35:52]   HIT  DJ_SOUTH_AFRICA    oil_emb          lag= 14 m5_p=0.5498  m6_ic=0.0927
[18:35:53]   HIT  DJ_SOUTH_AFRICA    oil_emb          lag= 30 m5_p=0.0778  m6_ic=0.0312
[18:35:53]   HIT  DJ_SOUTH_AFRICA    rate_emb         lag=  1 m5_p=0.0638  m6_ic=0.0318
[18:35:53]   HIT  DJ_SOUTH_AFRICA    rate_emb         lag= 14 m5_p=0.4893  m6_ic=0.1174
[18:35:54]   HIT  DJ_SOUTH_AFRICA    rate_emb         lag= 30 m5_p=0.4674  m6_ic=0.0569
[18:35:54]   HIT  DJ_SOUTH_AFRICA    ruble_emb        lag=  1 m5_p=0.5229  m6_ic=0.0604
[18:35:54]   HIT  DJ_SOUTH_AFRICA    ruble_emb        lag=  7 m5_p=0.1380  m6_ic=0.0332
[18:35:54]   HIT  DJ_SOUTH_AFRICA    ruble_emb        lag= 30 m5_p=0.6104  m6_ic=0.0555
[18:35:55]   HIT  DJ_SOUTH_AFRICA    sanctions_emb    lag=  7 m5_p=0.0377  m6_ic=0.0609
[18:35:55]   HIT  DJ_SOUTH_AFRICA    sanctions_emb    lag= 14 m5_p=0.6578  m6_ic=0.0507
[18:35:55]   HIT  DJ_SOUTH_AFRICA    sanctions_emb    lag= 30 m5_p=0.4399  m6_ic=0.0743
[18:35:55]   HIT  DJ_SOUTH_AFRICA    inflation_emb    lag=  1 m5_p=0.7070  m6_ic=0.0432
[18:35:56]   HIT  DJ_SOUTH_AFRICA    inflation_emb    lag=  7 m5_p=0.1537  m6_ic=0.0520
[18:35:56]   HIT  DJ_SOUTH_AFRICA    inflation_emb    lag= 14 m5_p=0.7240  m6_ic=0.0561
[18:35:56]   HIT  DJ_SOUTH_AFRICA    inflation_emb    lag= 30 m5_p=0.8763  m6_ic=0.0535
[18:35:56]   HIT  DJ_SOUTH_AFRICA    banking_emb      lag= 14 m5_p=0.5877  m6_ic=0.0469
[18:35:57]   HIT  DJ_SOUTH_AFRICA    gold_emb         lag=  7 m5_p=0.5567  m6_ic=0.0355
[18:35:57]   HIT  DJ_SOUTH_AFRICA    gold_emb         lag= 14 m5_p=0.2009  m6_ic=0.0807
[18:35:57]   HIT  DJ_SOUTH_AFRICA    gold_emb         lag= 30 m5_p=0.0076  m6_ic=0.0425
[18:35:58]   HIT  MSCI_WORLD         oil_emb          lag= 14 m5_p=0.9228  m6_ic=0.0302
[18:35:58]   HIT  MSCI_WORLD         rate_emb         lag=  1 m5_p=0.9574  m6_ic=0.0328
[18:35:59]   HIT  MSCI_WORLD         rate_emb         lag=  7 m5_p=0.1236  m6_ic=0.0492
[18:35:59]   HIT  MSCI_WORLD         rate_emb         lag= 30 m5_p=0.0772  m6_ic=0.0424
[18:36:00]   HIT  MSCI_WORLD         sanctions_emb    lag=  1 m5_p=0.9459  m6_ic=0.0494
[18:36:00]   HIT  MSCI_WORLD         sanctions_emb    lag=  7 m5_p=0.8661  m6_ic=0.0378
[18:36:01]   HIT  MSCI_WORLD         inflation_emb    lag=  1 m5_p=0.7441  m6_ic=0.0441
[18:36:01]   HIT  MSCI_WORLD         inflation_emb    lag=  7 m5_p=0.6335  m6_ic=0.0340
[18:36:01]   HIT  MSCI_WORLD         inflation_emb    lag= 14 m5_p=0.7948  m6_ic=0.0635
[18:36:01]   HIT  MSCI_WORLD         inflation_emb    lag= 30 m5_p=0.8049  m6_ic=0.0333
[18:36:02]   HIT  MSCI_WORLD         banking_emb      lag=  1 m5_p=0.3836  m6_ic=0.0378
[18:36:02]   HIT  MSCI_WORLD         banking_emb      lag=  7 m5_p=0.7890  m6_ic=0.0945
[18:36:03]   HIT  MSCI_WORLD         gold_emb         lag=  7 m5_p=0.8757  m6_ic=0.0976
[18:36:03]   HIT  MSCI_WORLD         gold_emb         lag= 14 m5_p=0.7950  m6_ic=0.1159
[18:36:03]   HIT  MSCI_WORLD         gold_emb         lag= 30 m5_p=0.4986  m6_ic=0.1011
[18:36:03]   HIT  DXY                oil_emb          lag=  1 m5_p=0.3734  m6_ic=0.0729
[18:36:04]   HIT  DXY                rate_emb         lag=  1 m5_p=0.8318  m6_ic=0.0390
[18:36:04]   HIT  DXY                rate_emb         lag= 14 m5_p=0.0197  m6_ic=0.0767
[18:36:05]   HIT  DXY                rate_emb         lag= 30 m5_p=0.7622  m6_ic=0.0976
[18:36:05]   HIT  DXY                ruble_emb        lag=  7 m5_p=0.6913  m6_ic=0.0592
[18:36:05]   HIT  DXY                ruble_emb        lag= 14 m5_p=0.8382  m6_ic=0.0534
[18:36:06]   HIT  DXY                ruble_emb        lag= 30 m5_p=0.9023  m6_ic=0.0629
[18:36:06]   HIT  DXY                sanctions_emb    lag=  1 m5_p=0.9646  m6_ic=0.0494
[18:36:06]   HIT  DXY                sanctions_emb    lag=  7 m5_p=0.6018  m6_ic=0.0475
[18:36:06]   HIT  DXY                sanctions_emb    lag= 14 m5_p=0.3624  m6_ic=0.0517
[18:36:06]   HIT  DXY                sanctions_emb    lag= 30 m5_p=0.3064  m6_ic=0.1034
[18:36:07]   HIT  DXY                inflation_emb    lag=  7 m5_p=0.2859  m6_ic=0.0588
[18:36:07]   HIT  DXY                inflation_emb    lag= 30 m5_p=0.7154  m6_ic=0.0365
[18:36:07]   HIT  DXY                banking_emb      lag=  1 m5_p=0.2264  m6_ic=0.0820
[18:36:08]   HIT  DXY                banking_emb      lag=  7 m5_p=0.9442  m6_ic=0.0335
[18:36:08]   HIT  DXY                gold_emb         lag=  7 m5_p=0.9126  m6_ic=0.0382
[18:36:08]   HIT  DXY                gold_emb         lag= 14 m5_p=0.6709  m6_ic=0.1237
[18:36:09]   HIT  DXY                gold_emb         lag= 30 m5_p=0.1762  m6_ic=0.0600
[18:36:09]   HIT  BRENT              oil_emb          lag= 14 m5_p=0.6934  m6_ic=0.0400
[18:36:09]   HIT  BRENT              oil_emb          lag= 30 m5_p=0.9130  m6_ic=0.1104
[18:36:10]   HIT  BRENT              rate_emb         lag=  7 m5_p=0.4801  m6_ic=0.0464
[18:36:10]   HIT  BRENT              rate_emb         lag= 30 m5_p=0.2612  m6_ic=0.0692
[18:36:10]   HIT  BRENT              ruble_emb        lag=  1 m5_p=0.7575  m6_ic=0.0686
[18:36:11]   HIT  BRENT              ruble_emb        lag=  7 m5_p=0.0665  m6_ic=0.0500
[18:36:11]   HIT  BRENT              ruble_emb        lag= 14 m5_p=0.8253  m6_ic=0.0390
[18:36:11]   HIT  BRENT              ruble_emb        lag= 30 m5_p=0.3300  m6_ic=0.0935
[18:36:12]   HIT  BRENT              sanctions_emb    lag= 30 m5_p=0.9523  m6_ic=0.0530
[18:36:12]   HIT  BRENT              inflation_emb    lag=  7 m5_p=0.1720  m6_ic=0.0760
[18:36:13]   HIT  BRENT              inflation_emb    lag= 30 m5_p=0.3597  m6_ic=0.0379
[18:36:13]   HIT  BRENT              banking_emb      lag=  1 m5_p=0.8633  m6_ic=0.1119
[18:36:13]   HIT  BRENT              banking_emb      lag=  7 m5_p=0.8160  m6_ic=0.0430
[18:36:14]   HIT  BRENT              gold_emb         lag= 30 m5_p=0.9238  m6_ic=0.0554
[18:36:14]   HIT  MSCI_INDIA         oil_emb          lag=  1 m5_p=0.3292  m6_ic=0.1213
[18:36:15]   HIT  MSCI_INDIA         oil_emb          lag= 30 m5_p=0.3094  m6_ic=0.0502
[18:36:15]   HIT  MSCI_INDIA         rate_emb         lag=  1 m5_p=0.1585  m6_ic=0.0809
[18:36:16]   HIT  MSCI_INDIA         rate_emb         lag= 30 m5_p=0.2502  m6_ic=0.0447
[18:36:16]   HIT  MSCI_INDIA         ruble_emb        lag=  7 m5_p=0.4546  m6_ic=0.0753
[18:36:16]   HIT  MSCI_INDIA         ruble_emb        lag= 14 m5_p=0.7257  m6_ic=0.1170
[18:36:17]   HIT  MSCI_INDIA         ruble_emb        lag= 30 m5_p=0.5483  m6_ic=0.0717
[18:36:18]   HIT  MSCI_INDIA         inflation_emb    lag=  1 m5_p=0.7917  m6_ic=0.0412
[18:36:18]   HIT  MSCI_INDIA         inflation_emb    lag=  7 m5_p=0.5301  m6_ic=0.0356
[18:36:18]   HIT  MSCI_INDIA         inflation_emb    lag= 14 m5_p=0.1285  m6_ic=0.0672
[18:36:19]   HIT  MSCI_INDIA         banking_emb      lag=  1 m5_p=0.9750  m6_ic=0.0367
[18:36:19]   HIT  MSCI_INDIA         banking_emb      lag=  7 m5_p=0.7599  m6_ic=0.0594
[18:36:19]   HIT  MSCI_INDIA         banking_emb      lag= 14 m5_p=0.4523  m6_ic=0.0721
[18:36:19]   HIT  MSCI_INDIA         banking_emb      lag= 30 m5_p=0.2018  m6_ic=0.0762
[18:36:20]   HIT  MSCI_INDIA         gold_emb         lag=  7 m5_p=0.5405  m6_ic=0.0392
[18:36:20]   HIT  MSCI_INDIA         gold_emb         lag= 30 m5_p=0.9170  m6_ic=0.0421
[18:36:20]   HIT  CHINA_H_SHARES     oil_emb          lag=  1 m5_p=0.9909  m6_ic=0.0863
[18:36:21]   HIT  CHINA_H_SHARES     oil_emb          lag= 30 m5_p=0.4361  m6_ic=0.0799
[18:36:21]   HIT  CHINA_H_SHARES     rate_emb         lag=  1 m5_p=0.2178  m6_ic=0.0901
[18:36:21]   HIT  CHINA_H_SHARES     rate_emb         lag=  7 m5_p=0.8553  m6_ic=0.0471
[18:36:21]   HIT  CHINA_H_SHARES     rate_emb         lag= 14 m5_p=0.0364  m6_ic=0.0771
[18:36:22]   HIT  CHINA_H_SHARES     ruble_emb        lag=  1 m5_p=0.0971  m6_ic=0.0371
[18:36:22]   HIT  CHINA_H_SHARES     ruble_emb        lag=  7 m5_p=0.0111  m6_ic=0.0720
[18:36:22]   HIT  CHINA_H_SHARES     ruble_emb        lag= 14 m5_p=0.5494  m6_ic=0.0324
[18:36:23]   HIT  CHINA_H_SHARES     sanctions_emb    lag=  1 m5_p=0.4580  m6_ic=0.0333
[18:36:23]   HIT  CHINA_H_SHARES     sanctions_emb    lag=  7 m5_p=0.6217  m6_ic=0.0547
[18:36:23]   HIT  CHINA_H_SHARES     sanctions_emb    lag= 30 m5_p=0.5367  m6_ic=0.0430
[18:36:24]   HIT  CHINA_H_SHARES     inflation_emb    lag=  7 m5_p=0.9540  m6_ic=0.0496
[18:36:24]   HIT  CHINA_H_SHARES     inflation_emb    lag= 14 m5_p=0.0526  m6_ic=0.0713
[18:36:24]   HIT  CHINA_H_SHARES     inflation_emb    lag= 30 m5_p=0.6533  m6_ic=0.0354
[18:36:24]   HIT  CHINA_H_SHARES     banking_emb      lag=  1 m5_p=0.9612  m6_ic=0.0659
[18:36:24]   HIT  CHINA_H_SHARES     banking_emb      lag=  7 m5_p=0.9848  m6_ic=0.0339
[18:36:25]   HIT  CHINA_H_SHARES     gold_emb         lag=  1 m5_p=0.9468  m6_ic=0.0312
[18:36:25]   HIT  CHINA_H_SHARES     gold_emb         lag=  7 m5_p=0.8447  m6_ic=0.0588
[18:36:25]   HIT  CHINA_H_SHARES     gold_emb         lag= 14 m5_p=0.3694  m6_ic=0.0732
[18:36:26]   HIT  CHINA_H_SHARES     gold_emb         lag= 30 m5_p=0.5720  m6_ic=0.0662
[18:36:26]   HIT  FTSE_CHINA_50      oil_emb          lag=  1 m5_p=0.8237  m6_ic=0.0584
[18:36:26]   HIT  FTSE_CHINA_50      oil_emb          lag= 14 m5_p=0.9464  m6_ic=0.0439
[18:36:26]   HIT  FTSE_CHINA_50      oil_emb          lag= 30 m5_p=0.3816  m6_ic=0.0640
[18:36:27]   HIT  FTSE_CHINA_50      rate_emb         lag=  1 m5_p=0.2613  m6_ic=0.0949
[18:36:27]   HIT  FTSE_CHINA_50      rate_emb         lag=  7 m5_p=0.7846  m6_ic=0.0348
[18:36:27]   HIT  FTSE_CHINA_50      rate_emb         lag= 14 m5_p=0.0304  m6_ic=0.0779
[18:36:27]   HIT  FTSE_CHINA_50      ruble_emb        lag=  1 m5_p=0.0629  m6_ic=0.0780
[18:36:28]   HIT  FTSE_CHINA_50      ruble_emb        lag= 14 m5_p=0.4802  m6_ic=0.0610
[18:36:29]   HIT  FTSE_CHINA_50      sanctions_emb    lag=  7 m5_p=0.6860  m6_ic=0.0559
[18:36:29]   HIT  FTSE_CHINA_50      sanctions_emb    lag= 30 m5_p=0.3571  m6_ic=0.0738
[18:36:29]   HIT  FTSE_CHINA_50      inflation_emb    lag=  7 m5_p=0.8928  m6_ic=0.0538
[18:36:30]   HIT  FTSE_CHINA_50      inflation_emb    lag= 14 m5_p=0.0430  m6_ic=0.0684
[18:36:30]   HIT  FTSE_CHINA_50      inflation_emb    lag= 30 m5_p=0.6400  m6_ic=0.0316
[18:36:30]   HIT  FTSE_CHINA_50      banking_emb      lag=  1 m5_p=0.9411  m6_ic=0.0508
[18:36:30]   HIT  FTSE_CHINA_50      banking_emb      lag=  7 m5_p=0.8064  m6_ic=0.0305
[18:36:31]   HIT  FTSE_CHINA_50      gold_emb         lag=  7 m5_p=0.8589  m6_ic=0.0558
[18:36:31]   HIT  FTSE_CHINA_50      gold_emb         lag= 14 m5_p=0.2419  m6_ic=0.0816
[18:36:31]   HIT  FTSE_CHINA_50      gold_emb         lag= 30 m5_p=0.4803  m6_ic=0.0633
[18:36:32]   HIT  GOLD               oil_emb          lag= 30 m5_p=0.1388  m6_ic=0.1091
[18:36:32]   HIT  GOLD               rate_emb         lag=  1 m5_p=0.9063  m6_ic=0.1404
[18:36:32]   HIT  GOLD               rate_emb         lag=  7 m5_p=0.3280  m6_ic=0.0759
[18:36:33]   HIT  GOLD               rate_emb         lag= 14 m5_p=0.3908  m6_ic=0.1002
[18:36:33]   HIT  GOLD               rate_emb         lag= 30 m5_p=0.4556  m6_ic=0.0459
[18:36:34]   HIT  GOLD               ruble_emb        lag= 30 m5_p=0.4411  m6_ic=0.0488
[18:36:34]   HIT  GOLD               sanctions_emb    lag= 14 m5_p=0.2355  m6_ic=0.0600
[18:36:35]   HIT  GOLD               inflation_emb    lag=  1 m5_p=0.9295  m6_ic=0.1321
[18:36:35]   HIT  GOLD               inflation_emb    lag=  7 m5_p=0.6545  m6_ic=0.0586
[18:36:35]   HIT  GOLD               inflation_emb    lag= 14 m5_p=0.7785  m6_ic=0.0872
[18:36:35]   HIT  GOLD               inflation_emb    lag= 30 m5_p=0.8263  m6_ic=0.0616
[18:36:36]   HIT  GOLD               banking_emb      lag=  7 m5_p=0.3961  m6_ic=0.0477
[18:36:36]   HIT  GOLD               banking_emb      lag= 14 m5_p=0.6257  m6_ic=0.0400
[18:36:36]   HIT  GOLD               banking_emb      lag= 30 m5_p=0.3287  m6_ic=0.0307
[18:36:36]   HIT  GOLD               gold_emb         lag=  1 m5_p=0.3730  m6_ic=0.0464
[18:36:36]   HIT  GOLD               gold_emb         lag=  7 m5_p=0.3488  m6_ic=0.1122
[18:36:36]   HIT  GOLD               gold_emb         lag= 14 m5_p=0.6406  m6_ic=0.0348
[18:36:37]   HIT  GOLD               gold_emb         lag= 30 m5_p=0.6717  m6_ic=0.0388
[18:36:37]   HIT  SILVER             oil_emb          lag=  7 m5_p=0.2003  m6_ic=0.0348
[18:36:37]   HIT  SILVER             oil_emb          lag= 14 m5_p=0.9077  m6_ic=0.0598
[18:36:37]   HIT  SILVER             oil_emb          lag= 30 m5_p=0.2117  m6_ic=0.0714
[18:36:38]   HIT  SILVER             rate_emb         lag=  1 m5_p=0.4332  m6_ic=0.0515
[18:36:38]   HIT  SILVER             rate_emb         lag=  7 m5_p=0.2404  m6_ic=0.0402
[18:36:38]   HIT  SILVER             rate_emb         lag= 14 m5_p=0.4185  m6_ic=0.0338
[18:36:38]   HIT  SILVER             ruble_emb        lag=  1 m5_p=0.5027  m6_ic=0.0679
[18:36:39]   HIT  SILVER             ruble_emb        lag=  7 m5_p=0.1094  m6_ic=0.0335
[18:36:39]   HIT  SILVER             ruble_emb        lag= 14 m5_p=0.7233  m6_ic=0.1006
[18:36:39]   HIT  SILVER             ruble_emb        lag= 30 m5_p=0.8350  m6_ic=0.0465
[18:36:39]   HIT  SILVER             sanctions_emb    lag=  1 m5_p=0.7351  m6_ic=0.1333
[18:36:39]   HIT  SILVER             sanctions_emb    lag=  7 m5_p=0.4999  m6_ic=0.0933
[18:36:40]   HIT  SILVER             inflation_emb    lag=  1 m5_p=0.6911  m6_ic=0.0498
[18:36:40]   HIT  SILVER             inflation_emb    lag= 30 m5_p=0.6921  m6_ic=0.0493
[18:36:41]   HIT  SILVER             banking_emb      lag= 30 m5_p=0.8745  m6_ic=0.0929
[18:36:42]   HIT  SILVER             gold_emb         lag= 14 m5_p=0.9410  m6_ic=0.1223
[18:36:42]   HIT  SILVER             gold_emb         lag= 30 m5_p=0.8730  m6_ic=0.0579
[18:36:43]   HIT  IMOEX              oil_emb          lag= 14 m5_p=0.4171  m6_ic=0.0348
[18:36:43]   HIT  IMOEX              rate_emb         lag=  1 m5_p=0.1216  m6_ic=0.0814
[18:36:43]   HIT  IMOEX              rate_emb         lag= 14 m5_p=0.3900  m6_ic=0.1071
[18:36:44]   HIT  IMOEX              rate_emb         lag= 30 m5_p=0.9239  m6_ic=0.0745
[18:36:44]   HIT  IMOEX              ruble_emb        lag=  1 m5_p=0.3538  m6_ic=0.0605
[18:36:44]   HIT  IMOEX              ruble_emb        lag=  7 m5_p=0.6969  m6_ic=0.1091
[18:36:44]   HIT  IMOEX              ruble_emb        lag= 14 m5_p=0.5752  m6_ic=0.0849
[18:36:44]   HIT  IMOEX              ruble_emb        lag= 30 m5_p=0.3496  m6_ic=0.0328
[18:36:45]   HIT  IMOEX              sanctions_emb    lag=  1 m5_p=0.4070  m6_ic=0.1019
[18:36:45]   HIT  IMOEX              sanctions_emb    lag=  7 m5_p=0.2338  m6_ic=0.1173
[18:36:45]   HIT  IMOEX              inflation_emb    lag=  1 m5_p=0.0887  m6_ic=0.0574
[18:36:46]   HIT  IMOEX              inflation_emb    lag=  7 m5_p=0.2308  m6_ic=0.0342
[18:36:46]   HIT  IMOEX              banking_emb      lag=  7 m5_p=0.8551  m6_ic=0.0688
[18:36:47]   HIT  IMOEX              gold_emb         lag=  7 m5_p=0.1597  m6_ic=0.0659
[18:36:47]   HIT  IMOEX              gold_emb         lag= 14 m5_p=0.4976  m6_ic=0.0706
[18:36:48]   HIT  MOEXFN             oil_emb          lag= 14 m5_p=0.5602  m6_ic=0.0696
[18:36:48]   HIT  MOEXFN             oil_emb          lag= 30 m5_p=0.4331  m6_ic=0.0849
[18:36:49]   HIT  MOEXFN             rate_emb         lag=  7 m5_p=0.3027  m6_ic=0.0508
[18:36:49]   HIT  MOEXFN             rate_emb         lag= 14 m5_p=0.0939  m6_ic=0.0655
[18:36:49]   HIT  MOEXFN             rate_emb         lag= 30 m5_p=0.4588  m6_ic=0.0520
[18:36:49]   HIT  MOEXFN             ruble_emb        lag=  1 m5_p=0.4051  m6_ic=0.0600
[18:36:50]   HIT  MOEXFN             ruble_emb        lag=  7 m5_p=0.9184  m6_ic=0.0448
[18:36:50]   HIT  MOEXFN             ruble_emb        lag= 14 m5_p=0.9268  m6_ic=0.0307
[18:36:50]   HIT  MOEXFN             sanctions_emb    lag=  1 m5_p=0.5545  m6_ic=0.1003
[18:36:50]   HIT  MOEXFN             sanctions_emb    lag=  7 m5_p=0.2675  m6_ic=0.0685
[18:36:51]   HIT  MOEXFN             sanctions_emb    lag= 30 m5_p=0.6794  m6_ic=0.0667
[18:36:51]   HIT  MOEXFN             inflation_emb    lag= 14 m5_p=0.8303  m6_ic=0.0796
[18:36:52]   HIT  MOEXFN             banking_emb      lag=  1 m5_p=0.4235  m6_ic=0.0403
[18:36:52]   HIT  MOEXFN             banking_emb      lag=  7 m5_p=0.9354  m6_ic=0.0636
[18:36:52]   HIT  MOEXFN             banking_emb      lag= 30 m5_p=0.8517  m6_ic=0.0600
[18:36:53]   HIT  MOEXFN             gold_emb         lag=  1 m5_p=0.8897  m6_ic=0.0880
[18:36:53]   HIT  MOEXFN             gold_emb         lag=  7 m5_p=0.3467  m6_ic=0.0796
[18:36:53]   HIT  MOEXFN             gold_emb         lag= 14 m5_p=0.3763  m6_ic=0.0406
[18:36:53]   HIT  MOEXFN             gold_emb         lag= 30 m5_p=0.2654  m6_ic=0.0391
[18:36:53]   HIT  MOEXOG             oil_emb          lag=  1 m5_p=0.6638  m6_ic=0.0427
[18:36:53]   HIT  MOEXOG             oil_emb          lag=  7 m5_p=0.0552  m6_ic=0.0383
[18:36:54]   HIT  MOEXOG             rate_emb         lag=  1 m5_p=0.0466  m6_ic=0.0488
[18:36:54]   HIT  MOEXOG             rate_emb         lag= 14 m5_p=0.5690  m6_ic=0.0847
[18:36:55]   HIT  MOEXOG             rate_emb         lag= 30 m5_p=0.4720  m6_ic=0.1227
[18:36:55]   HIT  MOEXOG             ruble_emb        lag=  1 m5_p=0.3281  m6_ic=0.0496
[18:36:55]   HIT  MOEXOG             ruble_emb        lag=  7 m5_p=0.6356  m6_ic=0.0826
[18:36:55]   HIT  MOEXOG             ruble_emb        lag= 14 m5_p=0.7891  m6_ic=0.0479
[18:36:56]   HIT  MOEXOG             sanctions_emb    lag=  1 m5_p=0.3517  m6_ic=0.1262
[18:36:56]   HIT  MOEXOG             sanctions_emb    lag=  7 m5_p=0.5112  m6_ic=0.1113
[18:36:56]   HIT  MOEXOG             sanctions_emb    lag= 30 m5_p=0.5821  m6_ic=0.0788
[18:36:57]   HIT  MOEXOG             inflation_emb    lag= 30 m5_p=0.5215  m6_ic=0.0323
[18:36:58]   HIT  MOEXOG             banking_emb      lag=  7 m5_p=0.9745  m6_ic=0.0637
[18:36:58]   HIT  MOEXOG             gold_emb         lag=  7 m5_p=0.2981  m6_ic=0.0520
[18:36:59]   HIT  MOEXOG             gold_emb         lag= 14 m5_p=0.4966  m6_ic=0.0451
[18:36:59]   HIT  MOEX10             oil_emb          lag=  7 m5_p=0.1319  m6_ic=0.0357
[18:37:00]   HIT  MOEX10             oil_emb          lag= 30 m5_p=0.1828  m6_ic=0.0573
[18:37:00]   HIT  MOEX10             rate_emb         lag=  1 m5_p=0.0783  m6_ic=0.0526
[18:37:00]   HIT  MOEX10             rate_emb         lag=  7 m5_p=0.2159  m6_ic=0.0714
[18:37:00]   HIT  MOEX10             rate_emb         lag= 14 m5_p=0.4691  m6_ic=0.0495
[18:37:00]   HIT  MOEX10             rate_emb         lag= 30 m5_p=0.7477  m6_ic=0.0642
[18:37:01]   HIT  MOEX10             ruble_emb        lag=  1 m5_p=0.3155  m6_ic=0.0362
[18:37:01]   HIT  MOEX10             ruble_emb        lag= 14 m5_p=0.8507  m6_ic=0.0382
[18:37:01]   HIT  MOEX10             sanctions_emb    lag=  1 m5_p=0.4780  m6_ic=0.1139
[18:37:02]   HIT  MOEX10             inflation_emb    lag=  1 m5_p=0.1605  m6_ic=0.0351
[18:37:03]   HIT  MOEX10             inflation_emb    lag= 14 m5_p=0.9331  m6_ic=0.0770
[18:37:03]   HIT  MOEX10             banking_emb      lag=  7 m5_p=0.9801  m6_ic=0.0639
[18:37:03]   HIT  MOEX10             banking_emb      lag= 14 m5_p=0.8787  m6_ic=0.0447
[18:37:04]   HIT  MOEX10             gold_emb         lag=  1 m5_p=0.6671  m6_ic=0.0503
[18:37:04]   HIT  MOEX10             gold_emb         lag=  7 m5_p=0.1483  m6_ic=0.1153
[18:37:04]   HIT  MOEX10             gold_emb         lag= 30 m5_p=0.3250  m6_ic=0.0731
[18:37:04]     Train: 262 signals
[18:37:04]     Val holdout (262 candidates)...
[18:37:05]     VAL PASS  SP500              oil_emb          lag= 30  m6_ic=0.0899
[18:37:05]     VAL PASS  SP500              ruble_emb        lag= 14  m6_ic=0.0561
[18:37:06]     VAL PASS  SP500              sanctions_emb    lag= 14  m6_ic=0.0681
[18:37:06]     VAL PASS  SP500              inflation_emb    lag=  1  m6_ic=0.0792
[18:37:06]     VAL PASS  SP500              inflation_emb    lag=  7  m6_ic=0.0586
[18:37:06]     VAL PASS  SP500              inflation_emb    lag= 30  m6_ic=0.0427
[18:37:07]     VAL PASS  SP500              gold_emb         lag= 14  m6_ic=0.0313
[18:37:07]     VAL PASS  USD_RUB            oil_emb          lag=  1  m6_ic=0.0595
[18:37:07]     VAL PASS  USD_RUB            oil_emb          lag= 30  m6_ic=0.0648
[18:37:07]     VAL PASS  USD_RUB            rate_emb         lag=  1  m6_ic=0.0521
[18:37:07]     VAL PASS  USD_RUB            rate_emb         lag=  7  m6_ic=0.0720
[18:37:07]     VAL PASS  USD_RUB            rate_emb         lag= 30  m6_ic=0.0915
[18:37:08]     VAL PASS  USD_RUB            ruble_emb        lag=  7  m6_ic=0.0375
[18:37:08]     VAL PASS  USD_RUB            ruble_emb        lag= 14  m6_ic=0.0778
[18:37:08]     VAL PASS  USD_RUB            sanctions_emb    lag=  7  m6_ic=0.0617
[18:37:08]     VAL PASS  USD_RUB            inflation_emb    lag=  7  m6_ic=0.0986
[18:37:09]     VAL PASS  USD_RUB            banking_emb      lag=  1  m6_ic=0.0940
[18:37:09]     VAL PASS  USD_RUB            banking_emb      lag= 30  m6_ic=0.0485
[18:37:09]     VAL PASS  USD_RUB            gold_emb         lag=  7  m6_ic=0.0684
[18:37:09]     VAL PASS  EUR_RUB            oil_emb          lag=  1  m6_ic=0.0595
[18:37:10]     VAL PASS  EUR_RUB            oil_emb          lag= 30  m6_ic=0.0648
[18:37:10]     VAL PASS  EUR_RUB            rate_emb         lag=  1  m6_ic=0.0521
[18:37:10]     VAL PASS  EUR_RUB            rate_emb         lag=  7  m6_ic=0.0720
[18:37:10]     VAL PASS  EUR_RUB            rate_emb         lag= 30  m6_ic=0.0915
[18:37:10]     VAL PASS  EUR_RUB            ruble_emb        lag=  7  m6_ic=0.0375
[18:37:11]     VAL PASS  EUR_RUB            ruble_emb        lag= 14  m6_ic=0.0778
[18:37:11]     VAL PASS  EUR_RUB            sanctions_emb    lag=  7  m6_ic=0.0617
[18:37:11]     VAL PASS  EUR_RUB            inflation_emb    lag=  7  m6_ic=0.0986
[18:37:12]     VAL PASS  EUR_RUB            banking_emb      lag=  1  m6_ic=0.0940
[18:37:12]     VAL PASS  EUR_RUB            banking_emb      lag= 30  m6_ic=0.0485
[18:37:12]     VAL PASS  EUR_RUB            gold_emb         lag=  7  m6_ic=0.0684
[18:37:13]     VAL PASS  DJ_SOUTH_AFRICA    oil_emb          lag= 14  m6_ic=0.0911
[18:37:13]     VAL PASS  DJ_SOUTH_AFRICA    oil_emb          lag= 30  m6_ic=0.0797
[18:37:13]     VAL PASS  DJ_SOUTH_AFRICA    rate_emb         lag=  1  m6_ic=0.0811
[18:37:13]     VAL PASS  DJ_SOUTH_AFRICA    rate_emb         lag= 14  m6_ic=0.1277
[18:37:13]     VAL PASS  DJ_SOUTH_AFRICA    rate_emb         lag= 30  m6_ic=0.0900
[18:37:14]     VAL PASS  DJ_SOUTH_AFRICA    ruble_emb        lag=  1  m6_ic=0.0375
[18:37:14]     VAL PASS  DJ_SOUTH_AFRICA    sanctions_emb    lag=  7  m6_ic=0.0345
[18:37:14]     VAL PASS  DJ_SOUTH_AFRICA    sanctions_emb    lag= 14  m6_ic=0.0326
[18:37:15]     VAL PASS  DJ_SOUTH_AFRICA    inflation_emb    lag= 14  m6_ic=0.0367
[18:37:15]     VAL PASS  DJ_SOUTH_AFRICA    inflation_emb    lag= 30  m6_ic=0.0317
[18:37:15]     VAL PASS  DJ_SOUTH_AFRICA    banking_emb      lag= 14  m6_ic=0.0761
[18:37:16]     VAL PASS  DJ_SOUTH_AFRICA    gold_emb         lag=  7  m6_ic=0.0435
[18:37:16]     VAL PASS  MSCI_WORLD         oil_emb          lag= 14  m6_ic=0.0370
[18:37:16]     VAL PASS  MSCI_WORLD         rate_emb         lag=  1  m6_ic=0.0447
[18:37:16]     VAL PASS  MSCI_WORLD         rate_emb         lag=  7  m6_ic=0.0648
[18:37:17]     VAL PASS  MSCI_WORLD         rate_emb         lag= 30  m6_ic=0.0473
[18:37:17]     VAL PASS  MSCI_WORLD         inflation_emb    lag=  1  m6_ic=0.0352
[18:37:18]     VAL PASS  MSCI_WORLD         inflation_emb    lag= 30  m6_ic=0.0406
[18:37:18]     VAL PASS  MSCI_WORLD         banking_emb      lag=  7  m6_ic=0.0492
[18:37:18]     VAL PASS  MSCI_WORLD         gold_emb         lag= 14  m6_ic=0.1109
[18:37:19]     VAL PASS  DXY                rate_emb         lag=  1  m6_ic=0.0713
[18:37:19]     VAL PASS  DXY                rate_emb         lag= 14  m6_ic=0.0358
[18:37:19]     VAL PASS  DXY                rate_emb         lag= 30  m6_ic=0.0598
[18:37:20]     VAL PASS  DXY                ruble_emb        lag=  7  m6_ic=0.0603
[18:37:20]     VAL PASS  DXY                ruble_emb        lag= 30  m6_ic=0.0364
[18:37:20]     VAL PASS  DXY                sanctions_emb    lag=  1  m6_ic=0.0566
[18:37:20]     VAL PASS  DXY                sanctions_emb    lag=  7  m6_ic=0.0506
[18:37:21]     VAL PASS  DXY                sanctions_emb    lag= 14  m6_ic=0.0835
[18:37:21]     VAL PASS  DXY                sanctions_emb    lag= 30  m6_ic=0.0392
[18:37:21]     VAL PASS  DXY                inflation_emb    lag=  7  m6_ic=0.0584
[18:37:21]     VAL PASS  DXY                inflation_emb    lag= 30  m6_ic=0.0529
[18:37:21]     VAL PASS  DXY                banking_emb      lag=  1  m6_ic=0.0350
[18:37:22]     VAL PASS  DXY                banking_emb      lag=  7  m6_ic=0.1067
[18:37:22]     VAL PASS  DXY                gold_emb         lag=  7  m6_ic=0.0760
[18:37:22]     VAL PASS  DXY                gold_emb         lag= 30  m6_ic=0.0619
[18:37:22]     VAL PASS  BRENT              oil_emb          lag= 14  m6_ic=0.0320
[18:37:23]     VAL PASS  BRENT              oil_emb          lag= 30  m6_ic=0.0584
[18:37:23]     VAL PASS  BRENT              rate_emb         lag=  7  m6_ic=0.0580
[18:37:23]     VAL PASS  BRENT              rate_emb         lag= 30  m6_ic=0.1135
[18:37:23]     VAL PASS  BRENT              ruble_emb        lag=  1  m6_ic=0.0408
[18:37:23]     VAL PASS  BRENT              ruble_emb        lag=  7  m6_ic=0.0386
[18:37:23]     VAL PASS  BRENT              ruble_emb        lag= 14  m6_ic=0.0512
[18:37:24]     VAL PASS  BRENT              ruble_emb        lag= 30  m6_ic=0.0439
[18:37:24]     VAL PASS  BRENT              inflation_emb    lag= 30  m6_ic=0.0603
[18:37:25]     VAL PASS  BRENT              gold_emb         lag= 30  m6_ic=0.0449
[18:37:25]     VAL PASS  MSCI_INDIA         oil_emb          lag=  1  m6_ic=0.0400
[18:37:25]     VAL PASS  MSCI_INDIA         oil_emb          lag= 30  m6_ic=0.0405
[18:37:25]     VAL PASS  MSCI_INDIA         rate_emb         lag=  1  m6_ic=0.0366
[18:37:26]     VAL PASS  MSCI_INDIA         rate_emb         lag= 30  m6_ic=0.0733
[18:37:26]     VAL PASS  MSCI_INDIA         ruble_emb        lag=  7  m6_ic=0.0481
[18:37:26]     VAL PASS  MSCI_INDIA         ruble_emb        lag= 30  m6_ic=0.0554
[18:37:27]     VAL PASS  MSCI_INDIA         inflation_emb    lag=  7  m6_ic=0.0963
[18:37:27]     VAL PASS  MSCI_INDIA         inflation_emb    lag= 14  m6_ic=0.0752
[18:37:27]     VAL PASS  MSCI_INDIA         banking_emb      lag=  1  m6_ic=0.0923
[18:37:27]     VAL PASS  MSCI_INDIA         banking_emb      lag=  7  m6_ic=0.0425
[18:37:28]     VAL PASS  MSCI_INDIA         banking_emb      lag= 30  m6_ic=0.1132
[18:37:28]     VAL PASS  MSCI_INDIA         gold_emb         lag=  7  m6_ic=0.0450
[18:37:28]     VAL PASS  MSCI_INDIA         gold_emb         lag= 30  m6_ic=0.0345
[18:37:28]     VAL PASS  CHINA_H_SHARES     oil_emb          lag=  1  m6_ic=0.0608
[18:37:28]     VAL PASS  CHINA_H_SHARES     oil_emb          lag= 30  m6_ic=0.1113
[18:37:29]     VAL PASS  CHINA_H_SHARES     rate_emb         lag=  7  m6_ic=0.0354
[18:37:29]     VAL PASS  CHINA_H_SHARES     rate_emb         lag= 14  m6_ic=0.0331
[18:37:29]     VAL PASS  CHINA_H_SHARES     ruble_emb        lag=  7  m6_ic=0.0892
[18:37:29]     VAL PASS  CHINA_H_SHARES     ruble_emb        lag= 14  m6_ic=0.1280
[18:37:30]     VAL PASS  CHINA_H_SHARES     sanctions_emb    lag=  1  m6_ic=0.0474
[18:37:30]     VAL PASS  CHINA_H_SHARES     sanctions_emb    lag=  7  m6_ic=0.0572
[18:37:30]     VAL PASS  CHINA_H_SHARES     sanctions_emb    lag= 30  m6_ic=0.0897
[18:37:30]     VAL PASS  CHINA_H_SHARES     inflation_emb    lag=  7  m6_ic=0.0534
[18:37:30]     VAL PASS  CHINA_H_SHARES     inflation_emb    lag= 14  m6_ic=0.0379
[18:37:30]     VAL PASS  CHINA_H_SHARES     inflation_emb    lag= 30  m6_ic=0.1258
[18:37:31]     VAL PASS  CHINA_H_SHARES     gold_emb         lag=  7  m6_ic=0.1018
[18:37:31]     VAL PASS  CHINA_H_SHARES     gold_emb         lag= 14  m6_ic=0.0745
[18:37:32]     VAL PASS  CHINA_H_SHARES     gold_emb         lag= 30  m6_ic=0.0575
[18:37:32]     VAL PASS  FTSE_CHINA_50      oil_emb          lag= 14  m6_ic=0.0456
[18:37:32]     VAL PASS  FTSE_CHINA_50      oil_emb          lag= 30  m6_ic=0.0821
[18:37:32]     VAL PASS  FTSE_CHINA_50      rate_emb         lag=  1  m6_ic=0.0402
[18:37:33]     VAL PASS  FTSE_CHINA_50      rate_emb         lag= 14  m6_ic=0.0535
[18:37:33]     VAL PASS  FTSE_CHINA_50      ruble_emb        lag= 14  m6_ic=0.0635
[18:37:33]     VAL PASS  FTSE_CHINA_50      sanctions_emb    lag=  7  m6_ic=0.0501
[18:37:33]     VAL PASS  FTSE_CHINA_50      sanctions_emb    lag= 30  m6_ic=0.0560
[18:37:34]     VAL PASS  FTSE_CHINA_50      inflation_emb    lag=  7  m6_ic=0.0397
[18:37:34]     VAL PASS  FTSE_CHINA_50      inflation_emb    lag= 14  m6_ic=0.0955
[18:37:34]     VAL PASS  FTSE_CHINA_50      banking_emb      lag=  1  m6_ic=0.0494
[18:37:34]     VAL PASS  FTSE_CHINA_50      gold_emb         lag=  7  m6_ic=0.0691
[18:37:35]     VAL PASS  FTSE_CHINA_50      gold_emb         lag= 14  m6_ic=0.0930
[18:37:35]     VAL PASS  FTSE_CHINA_50      gold_emb         lag= 30  m6_ic=0.0742
[18:37:36]     VAL PASS  GOLD               rate_emb         lag= 30  m6_ic=0.1112
[18:37:36]     VAL PASS  GOLD               inflation_emb    lag=  1  m6_ic=0.0444
[18:37:36]     VAL PASS  GOLD               inflation_emb    lag=  7  m6_ic=0.1382
[18:37:37]     VAL PASS  GOLD               inflation_emb    lag= 30  m6_ic=0.0972
[18:37:37]     VAL PASS  GOLD               banking_emb      lag=  7  m6_ic=0.1155
[18:37:38]     VAL PASS  GOLD               gold_emb         lag=  7  m6_ic=0.0636
[18:37:38]     VAL PASS  GOLD               gold_emb         lag= 14  m6_ic=0.0313
[18:37:38]     VAL PASS  SILVER             oil_emb          lag=  7  m6_ic=0.0794
[18:37:38]     VAL PASS  SILVER             oil_emb          lag= 14  m6_ic=0.0371
[18:37:39]     VAL PASS  SILVER             oil_emb          lag= 30  m6_ic=0.1323
[18:37:39]     VAL PASS  SILVER             rate_emb         lag=  7  m6_ic=0.0511
[18:37:39]     VAL PASS  SILVER             rate_emb         lag= 14  m6_ic=0.1074
[18:37:39]     VAL PASS  SILVER             ruble_emb        lag=  7  m6_ic=0.0758
[18:37:40]     VAL PASS  SILVER             inflation_emb    lag=  1  m6_ic=0.0448
[18:37:40]     VAL PASS  SILVER             inflation_emb    lag= 30  m6_ic=0.1342
[18:37:41]     VAL PASS  SILVER             banking_emb      lag= 30  m6_ic=0.0590
[18:37:41]     VAL PASS  SILVER             gold_emb         lag= 14  m6_ic=0.0661
[18:37:41]     VAL PASS  SILVER             gold_emb         lag= 30  m6_ic=0.1091
[18:37:41]     VAL PASS  IMOEX              oil_emb          lag= 14  m6_ic=0.0745
[18:37:42]     VAL PASS  IMOEX              rate_emb         lag= 14  m6_ic=0.1414
[18:37:42]     VAL PASS  IMOEX              rate_emb         lag= 30  m6_ic=0.1107
[18:37:42]     VAL PASS  IMOEX              ruble_emb        lag=  1  m6_ic=0.0690
[18:37:42]     VAL PASS  IMOEX              ruble_emb        lag=  7  m6_ic=0.0384
[18:37:42]     VAL PASS  IMOEX              ruble_emb        lag= 14  m6_ic=0.0690
[18:37:43]     VAL PASS  IMOEX              ruble_emb        lag= 30  m6_ic=0.0530
[18:37:43]     VAL PASS  IMOEX              sanctions_emb    lag=  1  m6_ic=0.0531
[18:37:43]     VAL PASS  IMOEX              sanctions_emb    lag=  7  m6_ic=0.0613
[18:37:43]     VAL PASS  IMOEX              inflation_emb    lag=  1  m6_ic=0.0941
[18:37:43]     VAL PASS  IMOEX              banking_emb      lag=  7  m6_ic=0.0366
[18:37:44]     VAL PASS  MOEXFN             oil_emb          lag= 30  m6_ic=0.0898
[18:37:44]     VAL PASS  MOEXFN             rate_emb         lag=  7  m6_ic=0.0698
[18:37:45]     VAL PASS  MOEXFN             rate_emb         lag= 14  m6_ic=0.1303
[18:37:45]     VAL PASS  MOEXFN             rate_emb         lag= 30  m6_ic=0.0674
[18:37:45]     VAL PASS  MOEXFN             ruble_emb        lag=  1  m6_ic=0.0860
[18:37:45]     VAL PASS  MOEXFN             ruble_emb        lag=  7  m6_ic=0.0409
[18:37:45]     VAL PASS  MOEXFN             ruble_emb        lag= 14  m6_ic=0.0746
[18:37:46]     VAL PASS  MOEXFN             sanctions_emb    lag=  1  m6_ic=0.0320
[18:37:46]     VAL PASS  MOEXFN             sanctions_emb    lag= 30  m6_ic=0.1165
[18:37:46]     VAL PASS  MOEXFN             banking_emb      lag=  1  m6_ic=0.0617
[18:37:47]     VAL PASS  MOEXFN             banking_emb      lag=  7  m6_ic=0.0610
[18:37:47]     VAL PASS  MOEXFN             gold_emb         lag=  1  m6_ic=0.0431
[18:37:47]     VAL PASS  MOEXFN             gold_emb         lag= 14  m6_ic=0.0671
[18:37:48]     VAL PASS  MOEXFN             gold_emb         lag= 30  m6_ic=0.0432
[18:37:48]     VAL PASS  MOEXOG             oil_emb          lag=  7  m6_ic=0.0760
[18:37:48]     VAL PASS  MOEXOG             rate_emb         lag=  1  m6_ic=0.0724
[18:37:48]     VAL PASS  MOEXOG             rate_emb         lag= 14  m6_ic=0.1214
[18:37:49]     VAL PASS  MOEXOG             rate_emb         lag= 30  m6_ic=0.0919
[18:37:49]     VAL PASS  MOEXOG             ruble_emb        lag=  1  m6_ic=0.0717
[18:37:49]     VAL PASS  MOEXOG             ruble_emb        lag=  7  m6_ic=0.0711
[18:37:49]     VAL PASS  MOEXOG             ruble_emb        lag= 14  m6_ic=0.0693
[18:37:49]     VAL PASS  MOEXOG             sanctions_emb    lag=  1  m6_ic=0.0403
[18:37:49]     VAL PASS  MOEXOG             sanctions_emb    lag=  7  m6_ic=0.0598
[18:37:50]     VAL PASS  MOEXOG             sanctions_emb    lag= 30  m6_ic=0.0790
[18:37:50]     VAL PASS  MOEXOG             inflation_emb    lag= 30  m6_ic=0.1262
[18:37:50]     VAL PASS  MOEXOG             banking_emb      lag=  7  m6_ic=0.0733
[18:37:50]     VAL PASS  MOEXOG             gold_emb         lag= 14  m6_ic=0.0309
[18:37:51]     VAL PASS  MOEX10             oil_emb          lag=  7  m6_ic=0.0325
[18:37:51]     VAL PASS  MOEX10             oil_emb          lag= 30  m6_ic=0.0996
[18:37:51]     VAL PASS  MOEX10             rate_emb         lag=  1  m6_ic=0.0347
[18:37:51]     VAL PASS  MOEX10             rate_emb         lag= 14  m6_ic=0.1375
[18:37:52]     VAL PASS  MOEX10             rate_emb         lag= 30  m6_ic=0.0699
[18:37:52]     VAL PASS  MOEX10             ruble_emb        lag=  1  m6_ic=0.0934
[18:37:52]     VAL PASS  MOEX10             ruble_emb        lag= 14  m6_ic=0.0760
[18:37:52]     VAL PASS  MOEX10             sanctions_emb    lag=  1  m6_ic=0.0568
[18:37:52]     VAL PASS  MOEX10             inflation_emb    lag=  1  m6_ic=0.0965
[18:37:52]     VAL PASS  MOEX10             inflation_emb    lag= 14  m6_ic=0.0362
[18:37:53]     VAL PASS  MOEX10             banking_emb      lag=  7  m6_ic=0.0565
[18:37:53]     VAL PASS  MOEX10             gold_emb         lag=  7  m6_ic=0.0845
[18:37:53]     VAL PASS  MOEX10             gold_emb         lag= 30  m6_ic=0.0375
[18:37:53]     Val: 186/262 held
[18:37:53]   Score: 2787.3  train=262  ic_max=0.1404
[18:37:53] 
[11/15] sweep_embedding_raw_abs_return
[18:37:53]   Config: sweep_embedding_raw_abs_return
[18:37:53]     feature=embedding_raw  target=abs_return  ensemble=M6_only  ic_min=0.03
[18:37:54]   HIT  SP500              oil_emb          lag= 30 m5_p=0.7391  m6_ic=0.0739
[18:37:55]   HIT  SP500              ruble_emb        lag=  7 m5_p=0.1061  m6_ic=0.0664
[18:37:56]   HIT  SP500              ruble_emb        lag= 14 m5_p=0.6187  m6_ic=0.0796
[18:37:56]   HIT  SP500              sanctions_emb    lag=  1 m5_p=0.1713  m6_ic=0.0536
[18:37:56]   HIT  SP500              sanctions_emb    lag=  7 m5_p=0.0916  m6_ic=0.0553
[18:37:57]   HIT  SP500              sanctions_emb    lag= 14 m5_p=0.1534  m6_ic=0.0360
[18:37:57]   HIT  SP500              inflation_emb    lag=  1 m5_p=0.9406  m6_ic=0.0484
[18:37:57]   HIT  SP500              inflation_emb    lag=  7 m5_p=0.3355  m6_ic=0.1011
[18:37:58]   HIT  SP500              inflation_emb    lag= 30 m5_p=0.5788  m6_ic=0.0506
[18:37:58]   HIT  SP500              banking_emb      lag=  1 m5_p=0.5709  m6_ic=0.0312
[18:37:59]   HIT  SP500              gold_emb         lag= 14 m5_p=0.4467  m6_ic=0.0763
[18:37:59]   HIT  USD_RUB            oil_emb          lag=  1 m5_p=0.7448  m6_ic=0.0517
[18:38:00]   HIT  USD_RUB            oil_emb          lag= 30 m5_p=0.8768  m6_ic=0.0881
[18:38:00]   HIT  USD_RUB            rate_emb         lag=  1 m5_p=0.0770  m6_ic=0.0326
[18:38:01]   HIT  USD_RUB            rate_emb         lag=  7 m5_p=0.0680  m6_ic=0.0499
[18:38:01]   HIT  USD_RUB            rate_emb         lag= 30 m5_p=0.5357  m6_ic=0.0664
[18:38:01]   HIT  USD_RUB            ruble_emb        lag=  7 m5_p=0.7121  m6_ic=0.1193
[18:38:01]   HIT  USD_RUB            ruble_emb        lag= 14 m5_p=0.0550  m6_ic=0.0786
[18:38:02]   HIT  USD_RUB            sanctions_emb    lag=  7 m5_p=0.4124  m6_ic=0.0885
[18:38:03]   HIT  USD_RUB            inflation_emb    lag=  1 m5_p=0.0616  m6_ic=0.0752
[18:38:03]   HIT  USD_RUB            inflation_emb    lag=  7 m5_p=0.8706  m6_ic=0.0327
[18:38:03]   HIT  USD_RUB            inflation_emb    lag= 14 m5_p=0.6877  m6_ic=0.0344
[18:38:03]   HIT  USD_RUB            banking_emb      lag=  1 m5_p=0.9389  m6_ic=0.0921
[18:38:04]   HIT  USD_RUB            banking_emb      lag= 14 m5_p=0.5740  m6_ic=0.0352
[18:38:04]   HIT  USD_RUB            banking_emb      lag= 30 m5_p=0.8252  m6_ic=0.0489
[18:38:05]   HIT  USD_RUB            gold_emb         lag=  7 m5_p=0.9077  m6_ic=0.0349
[18:38:05]   HIT  EUR_RUB            oil_emb          lag=  1 m5_p=0.7448  m6_ic=0.0517
[18:38:06]   HIT  EUR_RUB            oil_emb          lag= 30 m5_p=0.8768  m6_ic=0.0881
[18:38:06]   HIT  EUR_RUB            rate_emb         lag=  1 m5_p=0.0770  m6_ic=0.0326
[18:38:06]   HIT  EUR_RUB            rate_emb         lag=  7 m5_p=0.0680  m6_ic=0.0499
[18:38:07]   HIT  EUR_RUB            rate_emb         lag= 30 m5_p=0.5357  m6_ic=0.0664
[18:38:07]   HIT  EUR_RUB            ruble_emb        lag=  7 m5_p=0.7121  m6_ic=0.1193
[18:38:07]   HIT  EUR_RUB            ruble_emb        lag= 14 m5_p=0.0550  m6_ic=0.0786
[18:38:08]   HIT  EUR_RUB            sanctions_emb    lag=  7 m5_p=0.4124  m6_ic=0.0885
[18:38:09]   HIT  EUR_RUB            inflation_emb    lag=  1 m5_p=0.0616  m6_ic=0.0752
[18:38:09]   HIT  EUR_RUB            inflation_emb    lag=  7 m5_p=0.8706  m6_ic=0.0327
[18:38:09]   HIT  EUR_RUB            inflation_emb    lag= 14 m5_p=0.6877  m6_ic=0.0344
[18:38:09]   HIT  EUR_RUB            banking_emb      lag=  1 m5_p=0.9389  m6_ic=0.0921
[18:38:10]   HIT  EUR_RUB            banking_emb      lag= 14 m5_p=0.5740  m6_ic=0.0352
[18:38:10]   HIT  EUR_RUB            banking_emb      lag= 30 m5_p=0.8252  m6_ic=0.0489
[18:38:10]   HIT  EUR_RUB            gold_emb         lag=  7 m5_p=0.9077  m6_ic=0.0349
[18:38:11]   HIT  DJ_SOUTH_AFRICA    oil_emb          lag=  7 m5_p=0.8485  m6_ic=0.0371
[18:38:11]   HIT  DJ_SOUTH_AFRICA    oil_emb          lag= 14 m5_p=0.5498  m6_ic=0.0927
[18:38:11]   HIT  DJ_SOUTH_AFRICA    oil_emb          lag= 30 m5_p=0.0778  m6_ic=0.0312
[18:38:12]   HIT  DJ_SOUTH_AFRICA    rate_emb         lag=  1 m5_p=0.0638  m6_ic=0.0318
[18:38:12]   HIT  DJ_SOUTH_AFRICA    rate_emb         lag= 14 m5_p=0.4893  m6_ic=0.1174
[18:38:12]   HIT  DJ_SOUTH_AFRICA    rate_emb         lag= 30 m5_p=0.4674  m6_ic=0.0569
[18:38:13]   HIT  DJ_SOUTH_AFRICA    ruble_emb        lag=  1 m5_p=0.5229  m6_ic=0.0604
[18:38:13]   HIT  DJ_SOUTH_AFRICA    ruble_emb        lag=  7 m5_p=0.1380  m6_ic=0.0332
[18:38:13]   HIT  DJ_SOUTH_AFRICA    ruble_emb        lag= 30 m5_p=0.6104  m6_ic=0.0555
[18:38:14]   HIT  DJ_SOUTH_AFRICA    sanctions_emb    lag=  7 m5_p=0.0377  m6_ic=0.0609
[18:38:14]   HIT  DJ_SOUTH_AFRICA    sanctions_emb    lag= 14 m5_p=0.6578  m6_ic=0.0507
[18:38:14]   HIT  DJ_SOUTH_AFRICA    sanctions_emb    lag= 30 m5_p=0.4399  m6_ic=0.0743
[18:38:14]   HIT  DJ_SOUTH_AFRICA    inflation_emb    lag=  1 m5_p=0.7070  m6_ic=0.0432
[18:38:14]   HIT  DJ_SOUTH_AFRICA    inflation_emb    lag=  7 m5_p=0.1537  m6_ic=0.0520
[18:38:15]   HIT  DJ_SOUTH_AFRICA    inflation_emb    lag= 14 m5_p=0.7240  m6_ic=0.0561
[18:38:15]   HIT  DJ_SOUTH_AFRICA    inflation_emb    lag= 30 m5_p=0.8763  m6_ic=0.0535
[18:38:15]   HIT  DJ_SOUTH_AFRICA    banking_emb      lag= 14 m5_p=0.5877  m6_ic=0.0469
[18:38:16]   HIT  DJ_SOUTH_AFRICA    gold_emb         lag=  7 m5_p=0.5567  m6_ic=0.0355
[18:38:16]   HIT  DJ_SOUTH_AFRICA    gold_emb         lag= 14 m5_p=0.2009  m6_ic=0.0807
[18:38:16]   HIT  DJ_SOUTH_AFRICA    gold_emb         lag= 30 m5_p=0.0076  m6_ic=0.0425
[18:38:17]   HIT  MSCI_WORLD         oil_emb          lag= 14 m5_p=0.9228  m6_ic=0.0302
[18:38:17]   HIT  MSCI_WORLD         rate_emb         lag=  1 m5_p=0.9574  m6_ic=0.0328
[18:38:18]   HIT  MSCI_WORLD         rate_emb         lag=  7 m5_p=0.1236  m6_ic=0.0492
[18:38:18]   HIT  MSCI_WORLD         rate_emb         lag= 30 m5_p=0.0772  m6_ic=0.0424
[18:38:19]   HIT  MSCI_WORLD         sanctions_emb    lag=  1 m5_p=0.9459  m6_ic=0.0494
[18:38:19]   HIT  MSCI_WORLD         sanctions_emb    lag=  7 m5_p=0.8661  m6_ic=0.0378
[18:38:20]   HIT  MSCI_WORLD         inflation_emb    lag=  1 m5_p=0.7441  m6_ic=0.0441
[18:38:20]   HIT  MSCI_WORLD         inflation_emb    lag=  7 m5_p=0.6335  m6_ic=0.0340
[18:38:20]   HIT  MSCI_WORLD         inflation_emb    lag= 14 m5_p=0.7948  m6_ic=0.0635
[18:38:21]   HIT  MSCI_WORLD         inflation_emb    lag= 30 m5_p=0.8049  m6_ic=0.0333
[18:38:21]   HIT  MSCI_WORLD         banking_emb      lag=  1 m5_p=0.3836  m6_ic=0.0378
[18:38:21]   HIT  MSCI_WORLD         banking_emb      lag=  7 m5_p=0.7890  m6_ic=0.0945
[18:38:22]   HIT  MSCI_WORLD         gold_emb         lag=  7 m5_p=0.8757  m6_ic=0.0976
[18:38:22]   HIT  MSCI_WORLD         gold_emb         lag= 14 m5_p=0.7950  m6_ic=0.1159
[18:38:22]   HIT  MSCI_WORLD         gold_emb         lag= 30 m5_p=0.4986  m6_ic=0.1011
[18:38:22]   HIT  DXY                oil_emb          lag=  1 m5_p=0.3734  m6_ic=0.0729
[18:38:23]   HIT  DXY                rate_emb         lag=  1 m5_p=0.8318  m6_ic=0.0390
[18:38:23]   HIT  DXY                rate_emb         lag= 14 m5_p=0.0197  m6_ic=0.0767
[18:38:24]   HIT  DXY                rate_emb         lag= 30 m5_p=0.7622  m6_ic=0.0976
[18:38:24]   HIT  DXY                ruble_emb        lag=  7 m5_p=0.6913  m6_ic=0.0592
[18:38:24]   HIT  DXY                ruble_emb        lag= 14 m5_p=0.8382  m6_ic=0.0534
[18:38:25]   HIT  DXY                ruble_emb        lag= 30 m5_p=0.9023  m6_ic=0.0629
[18:38:25]   HIT  DXY                sanctions_emb    lag=  1 m5_p=0.9646  m6_ic=0.0494
[18:38:25]   HIT  DXY                sanctions_emb    lag=  7 m5_p=0.6018  m6_ic=0.0475
[18:38:25]   HIT  DXY                sanctions_emb    lag= 14 m5_p=0.3624  m6_ic=0.0517
[18:38:25]   HIT  DXY                sanctions_emb    lag= 30 m5_p=0.3064  m6_ic=0.1034
[18:38:26]   HIT  DXY                inflation_emb    lag=  7 m5_p=0.2859  m6_ic=0.0588
[18:38:26]   HIT  DXY                inflation_emb    lag= 30 m5_p=0.7154  m6_ic=0.0365
[18:38:26]   HIT  DXY                banking_emb      lag=  1 m5_p=0.2264  m6_ic=0.0820
[18:38:27]   HIT  DXY                banking_emb      lag=  7 m5_p=0.9442  m6_ic=0.0335
[18:38:27]   HIT  DXY                gold_emb         lag=  7 m5_p=0.9126  m6_ic=0.0382
[18:38:28]   HIT  DXY                gold_emb         lag= 14 m5_p=0.6709  m6_ic=0.1237
[18:38:28]   HIT  DXY                gold_emb         lag= 30 m5_p=0.1762  m6_ic=0.0600
[18:38:28]   HIT  BRENT              oil_emb          lag= 14 m5_p=0.6934  m6_ic=0.0400
[18:38:29]   HIT  BRENT              oil_emb          lag= 30 m5_p=0.9130  m6_ic=0.1104
[18:38:29]   HIT  BRENT              rate_emb         lag=  7 m5_p=0.4801  m6_ic=0.0464
[18:38:29]   HIT  BRENT              rate_emb         lag= 30 m5_p=0.2612  m6_ic=0.0692
[18:38:30]   HIT  BRENT              ruble_emb        lag=  1 m5_p=0.7575  m6_ic=0.0686
[18:38:30]   HIT  BRENT              ruble_emb        lag=  7 m5_p=0.0665  m6_ic=0.0500
[18:38:30]   HIT  BRENT              ruble_emb        lag= 14 m5_p=0.8253  m6_ic=0.0390
[18:38:30]   HIT  BRENT              ruble_emb        lag= 30 m5_p=0.3300  m6_ic=0.0935
[18:38:31]   HIT  BRENT              sanctions_emb    lag= 30 m5_p=0.9523  m6_ic=0.0530
[18:38:31]   HIT  BRENT              inflation_emb    lag=  7 m5_p=0.1720  m6_ic=0.0760
[18:38:32]   HIT  BRENT              inflation_emb    lag= 30 m5_p=0.3597  m6_ic=0.0379
[18:38:32]   HIT  BRENT              banking_emb      lag=  1 m5_p=0.8633  m6_ic=0.1119
[18:38:32]   HIT  BRENT              banking_emb      lag=  7 m5_p=0.8160  m6_ic=0.0430
[18:38:34]   HIT  BRENT              gold_emb         lag= 30 m5_p=0.9238  m6_ic=0.0554
[18:38:34]   HIT  MSCI_INDIA         oil_emb          lag=  1 m5_p=0.3292  m6_ic=0.1213
[18:38:34]   HIT  MSCI_INDIA         oil_emb          lag= 30 m5_p=0.3094  m6_ic=0.0502
[18:38:35]   HIT  MSCI_INDIA         rate_emb         lag=  1 m5_p=0.1585  m6_ic=0.0809
[18:38:35]   HIT  MSCI_INDIA         rate_emb         lag= 30 m5_p=0.2502  m6_ic=0.0447
[18:38:35]   HIT  MSCI_INDIA         ruble_emb        lag=  7 m5_p=0.4546  m6_ic=0.0753
[18:38:36]   HIT  MSCI_INDIA         ruble_emb        lag= 14 m5_p=0.7257  m6_ic=0.1170
[18:38:36]   HIT  MSCI_INDIA         ruble_emb        lag= 30 m5_p=0.5483  m6_ic=0.0717
[18:38:37]   HIT  MSCI_INDIA         inflation_emb    lag=  1 m5_p=0.7917  m6_ic=0.0412
[18:38:37]   HIT  MSCI_INDIA         inflation_emb    lag=  7 m5_p=0.5301  m6_ic=0.0356
[18:38:37]   HIT  MSCI_INDIA         inflation_emb    lag= 14 m5_p=0.1285  m6_ic=0.0672
[18:38:38]   HIT  MSCI_INDIA         banking_emb      lag=  1 m5_p=0.9750  m6_ic=0.0367
[18:38:38]   HIT  MSCI_INDIA         banking_emb      lag=  7 m5_p=0.7599  m6_ic=0.0594
[18:38:38]   HIT  MSCI_INDIA         banking_emb      lag= 14 m5_p=0.4523  m6_ic=0.0721
[18:38:38]   HIT  MSCI_INDIA         banking_emb      lag= 30 m5_p=0.2018  m6_ic=0.0762
[18:38:39]   HIT  MSCI_INDIA         gold_emb         lag=  7 m5_p=0.5405  m6_ic=0.0392
[18:38:39]   HIT  MSCI_INDIA         gold_emb         lag= 30 m5_p=0.9170  m6_ic=0.0421
[18:38:39]   HIT  CHINA_H_SHARES     oil_emb          lag=  1 m5_p=0.9909  m6_ic=0.0863
[18:38:40]   HIT  CHINA_H_SHARES     oil_emb          lag= 30 m5_p=0.4361  m6_ic=0.0799
[18:38:40]   HIT  CHINA_H_SHARES     rate_emb         lag=  1 m5_p=0.2178  m6_ic=0.0901
[18:38:40]   HIT  CHINA_H_SHARES     rate_emb         lag=  7 m5_p=0.8553  m6_ic=0.0471
[18:38:41]   HIT  CHINA_H_SHARES     rate_emb         lag= 14 m5_p=0.0364  m6_ic=0.0771
[18:38:41]   HIT  CHINA_H_SHARES     ruble_emb        lag=  1 m5_p=0.0971  m6_ic=0.0371
[18:38:41]   HIT  CHINA_H_SHARES     ruble_emb        lag=  7 m5_p=0.0111  m6_ic=0.0720
[18:38:41]   HIT  CHINA_H_SHARES     ruble_emb        lag= 14 m5_p=0.5494  m6_ic=0.0324
[18:38:42]   HIT  CHINA_H_SHARES     sanctions_emb    lag=  1 m5_p=0.4580  m6_ic=0.0333
[18:38:42]   HIT  CHINA_H_SHARES     sanctions_emb    lag=  7 m5_p=0.6217  m6_ic=0.0547
[18:38:42]   HIT  CHINA_H_SHARES     sanctions_emb    lag= 30 m5_p=0.5367  m6_ic=0.0430
[18:38:43]   HIT  CHINA_H_SHARES     inflation_emb    lag=  7 m5_p=0.9540  m6_ic=0.0496
[18:38:43]   HIT  CHINA_H_SHARES     inflation_emb    lag= 14 m5_p=0.0526  m6_ic=0.0713
[18:38:43]   HIT  CHINA_H_SHARES     inflation_emb    lag= 30 m5_p=0.6533  m6_ic=0.0354
[18:38:43]   HIT  CHINA_H_SHARES     banking_emb      lag=  1 m5_p=0.9612  m6_ic=0.0659
[18:38:44]   HIT  CHINA_H_SHARES     banking_emb      lag=  7 m5_p=0.9848  m6_ic=0.0339
[18:38:44]   HIT  CHINA_H_SHARES     gold_emb         lag=  1 m5_p=0.9468  m6_ic=0.0312
[18:38:44]   HIT  CHINA_H_SHARES     gold_emb         lag=  7 m5_p=0.8447  m6_ic=0.0588
[18:38:45]   HIT  CHINA_H_SHARES     gold_emb         lag= 14 m5_p=0.3694  m6_ic=0.0732
[18:38:45]   HIT  CHINA_H_SHARES     gold_emb         lag= 30 m5_p=0.5720  m6_ic=0.0662
[18:38:45]   HIT  FTSE_CHINA_50      oil_emb          lag=  1 m5_p=0.8237  m6_ic=0.0584
[18:38:46]   HIT  FTSE_CHINA_50      oil_emb          lag= 14 m5_p=0.9464  m6_ic=0.0439
[18:38:46]   HIT  FTSE_CHINA_50      oil_emb          lag= 30 m5_p=0.3816  m6_ic=0.0640
[18:38:46]   HIT  FTSE_CHINA_50      rate_emb         lag=  1 m5_p=0.2613  m6_ic=0.0949
[18:38:46]   HIT  FTSE_CHINA_50      rate_emb         lag=  7 m5_p=0.7846  m6_ic=0.0348
[18:38:46]   HIT  FTSE_CHINA_50      rate_emb         lag= 14 m5_p=0.0304  m6_ic=0.0779
[18:38:47]   HIT  FTSE_CHINA_50      ruble_emb        lag=  1 m5_p=0.0629  m6_ic=0.0780
[18:38:47]   HIT  FTSE_CHINA_50      ruble_emb        lag= 14 m5_p=0.4802  m6_ic=0.0610
[18:38:48]   HIT  FTSE_CHINA_50      sanctions_emb    lag=  7 m5_p=0.6860  m6_ic=0.0559
[18:38:48]   HIT  FTSE_CHINA_50      sanctions_emb    lag= 30 m5_p=0.3571  m6_ic=0.0738
[18:38:49]   HIT  FTSE_CHINA_50      inflation_emb    lag=  7 m5_p=0.8928  m6_ic=0.0538
[18:38:49]   HIT  FTSE_CHINA_50      inflation_emb    lag= 14 m5_p=0.0430  m6_ic=0.0684
[18:38:49]   HIT  FTSE_CHINA_50      inflation_emb    lag= 30 m5_p=0.6400  m6_ic=0.0316
[18:38:49]   HIT  FTSE_CHINA_50      banking_emb      lag=  1 m5_p=0.9411  m6_ic=0.0508
[18:38:49]   HIT  FTSE_CHINA_50      banking_emb      lag=  7 m5_p=0.8064  m6_ic=0.0305
[18:38:50]   HIT  FTSE_CHINA_50      gold_emb         lag=  7 m5_p=0.8589  m6_ic=0.0558
[18:38:50]   HIT  FTSE_CHINA_50      gold_emb         lag= 14 m5_p=0.2419  m6_ic=0.0816
[18:38:51]   HIT  FTSE_CHINA_50      gold_emb         lag= 30 m5_p=0.4803  m6_ic=0.0633
[18:38:51]   HIT  GOLD               oil_emb          lag= 30 m5_p=0.1388  m6_ic=0.1091
[18:38:52]   HIT  GOLD               rate_emb         lag=  1 m5_p=0.9063  m6_ic=0.1404
[18:38:52]   HIT  GOLD               rate_emb         lag=  7 m5_p=0.3280  m6_ic=0.0759
[18:38:52]   HIT  GOLD               rate_emb         lag= 14 m5_p=0.3908  m6_ic=0.1002
[18:38:52]   HIT  GOLD               rate_emb         lag= 30 m5_p=0.4556  m6_ic=0.0459
[18:38:53]   HIT  GOLD               ruble_emb        lag= 30 m5_p=0.4411  m6_ic=0.0488
[18:38:53]   HIT  GOLD               sanctions_emb    lag= 14 m5_p=0.2355  m6_ic=0.0600
[18:38:54]   HIT  GOLD               inflation_emb    lag=  1 m5_p=0.9295  m6_ic=0.1321
[18:38:54]   HIT  GOLD               inflation_emb    lag=  7 m5_p=0.6545  m6_ic=0.0586
[18:38:54]   HIT  GOLD               inflation_emb    lag= 14 m5_p=0.7785  m6_ic=0.0872
[18:38:54]   HIT  GOLD               inflation_emb    lag= 30 m5_p=0.8263  m6_ic=0.0616
[18:38:55]   HIT  GOLD               banking_emb      lag=  7 m5_p=0.3961  m6_ic=0.0477
[18:38:55]   HIT  GOLD               banking_emb      lag= 14 m5_p=0.6257  m6_ic=0.0400
[18:38:55]   HIT  GOLD               banking_emb      lag= 30 m5_p=0.3287  m6_ic=0.0307
[18:38:55]   HIT  GOLD               gold_emb         lag=  1 m5_p=0.3730  m6_ic=0.0464
[18:38:56]   HIT  GOLD               gold_emb         lag=  7 m5_p=0.3488  m6_ic=0.1122
[18:38:56]   HIT  GOLD               gold_emb         lag= 14 m5_p=0.6406  m6_ic=0.0348
[18:38:56]   HIT  GOLD               gold_emb         lag= 30 m5_p=0.6717  m6_ic=0.0388
[18:38:56]   HIT  SILVER             oil_emb          lag=  7 m5_p=0.2003  m6_ic=0.0348
[18:38:57]   HIT  SILVER             oil_emb          lag= 14 m5_p=0.9077  m6_ic=0.0598
[18:38:57]   HIT  SILVER             oil_emb          lag= 30 m5_p=0.2117  m6_ic=0.0714
[18:38:57]   HIT  SILVER             rate_emb         lag=  1 m5_p=0.4332  m6_ic=0.0515
[18:38:57]   HIT  SILVER             rate_emb         lag=  7 m5_p=0.2404  m6_ic=0.0402
[18:38:57]   HIT  SILVER             rate_emb         lag= 14 m5_p=0.4185  m6_ic=0.0338
[18:38:58]   HIT  SILVER             ruble_emb        lag=  1 m5_p=0.5027  m6_ic=0.0679
[18:38:58]   HIT  SILVER             ruble_emb        lag=  7 m5_p=0.1094  m6_ic=0.0335
[18:38:58]   HIT  SILVER             ruble_emb        lag= 14 m5_p=0.7233  m6_ic=0.1006
[18:38:58]   HIT  SILVER             ruble_emb        lag= 30 m5_p=0.8350  m6_ic=0.0465
[18:38:59]   HIT  SILVER             sanctions_emb    lag=  1 m5_p=0.7351  m6_ic=0.1333
[18:38:59]   HIT  SILVER             sanctions_emb    lag=  7 m5_p=0.4999  m6_ic=0.0933
[18:38:59]   HIT  SILVER             inflation_emb    lag=  1 m5_p=0.6911  m6_ic=0.0498
[18:39:00]   HIT  SILVER             inflation_emb    lag= 30 m5_p=0.6921  m6_ic=0.0493
[18:39:01]   HIT  SILVER             banking_emb      lag= 30 m5_p=0.8745  m6_ic=0.0929
[18:39:01]   HIT  SILVER             gold_emb         lag= 14 m5_p=0.9410  m6_ic=0.1223
[18:39:01]   HIT  SILVER             gold_emb         lag= 30 m5_p=0.8730  m6_ic=0.0579
[18:39:02]   HIT  IMOEX              oil_emb          lag= 14 m5_p=0.4171  m6_ic=0.0348
[18:39:02]   HIT  IMOEX              rate_emb         lag=  1 m5_p=0.1216  m6_ic=0.0814
[18:39:03]   HIT  IMOEX              rate_emb         lag= 14 m5_p=0.3900  m6_ic=0.1071
[18:39:03]   HIT  IMOEX              rate_emb         lag= 30 m5_p=0.9239  m6_ic=0.0745
[18:39:03]   HIT  IMOEX              ruble_emb        lag=  1 m5_p=0.3538  m6_ic=0.0605
[18:39:03]   HIT  IMOEX              ruble_emb        lag=  7 m5_p=0.6969  m6_ic=0.1091
[18:39:04]   HIT  IMOEX              ruble_emb        lag= 14 m5_p=0.5752  m6_ic=0.0849
[18:39:04]   HIT  IMOEX              ruble_emb        lag= 30 m5_p=0.3496  m6_ic=0.0328
[18:39:04]   HIT  IMOEX              sanctions_emb    lag=  1 m5_p=0.4070  m6_ic=0.1019
[18:39:04]   HIT  IMOEX              sanctions_emb    lag=  7 m5_p=0.2338  m6_ic=0.1173
[18:39:05]   HIT  IMOEX              inflation_emb    lag=  1 m5_p=0.0887  m6_ic=0.0574
[18:39:05]   HIT  IMOEX              inflation_emb    lag=  7 m5_p=0.2308  m6_ic=0.0342
[18:39:06]   HIT  IMOEX              banking_emb      lag=  7 m5_p=0.8551  m6_ic=0.0688
[18:39:07]   HIT  IMOEX              gold_emb         lag=  7 m5_p=0.1597  m6_ic=0.0659
[18:39:07]   HIT  IMOEX              gold_emb         lag= 14 m5_p=0.4976  m6_ic=0.0706
[18:39:08]   HIT  MOEXFN             oil_emb          lag= 14 m5_p=0.5602  m6_ic=0.0696
[18:39:08]   HIT  MOEXFN             oil_emb          lag= 30 m5_p=0.4331  m6_ic=0.0849
[18:39:08]   HIT  MOEXFN             rate_emb         lag=  7 m5_p=0.3027  m6_ic=0.0508
[18:39:09]   HIT  MOEXFN             rate_emb         lag= 14 m5_p=0.0939  m6_ic=0.0655
[18:39:09]   HIT  MOEXFN             rate_emb         lag= 30 m5_p=0.4588  m6_ic=0.0520
[18:39:09]   HIT  MOEXFN             ruble_emb        lag=  1 m5_p=0.4051  m6_ic=0.0600
[18:39:09]   HIT  MOEXFN             ruble_emb        lag=  7 m5_p=0.9184  m6_ic=0.0448
[18:39:09]   HIT  MOEXFN             ruble_emb        lag= 14 m5_p=0.9268  m6_ic=0.0307
[18:39:10]   HIT  MOEXFN             sanctions_emb    lag=  1 m5_p=0.5545  m6_ic=0.1003
[18:39:10]   HIT  MOEXFN             sanctions_emb    lag=  7 m5_p=0.2675  m6_ic=0.0685
[18:39:10]   HIT  MOEXFN             sanctions_emb    lag= 30 m5_p=0.6794  m6_ic=0.0667
[18:39:11]   HIT  MOEXFN             inflation_emb    lag= 14 m5_p=0.8303  m6_ic=0.0796
[18:39:11]   HIT  MOEXFN             banking_emb      lag=  1 m5_p=0.4235  m6_ic=0.0403
[18:39:12]   HIT  MOEXFN             banking_emb      lag=  7 m5_p=0.9354  m6_ic=0.0636
[18:39:12]   HIT  MOEXFN             banking_emb      lag= 30 m5_p=0.8517  m6_ic=0.0600
[18:39:12]   HIT  MOEXFN             gold_emb         lag=  1 m5_p=0.8897  m6_ic=0.0880
[18:39:12]   HIT  MOEXFN             gold_emb         lag=  7 m5_p=0.3467  m6_ic=0.0796
[18:39:12]   HIT  MOEXFN             gold_emb         lag= 14 m5_p=0.3763  m6_ic=0.0406
[18:39:13]   HIT  MOEXFN             gold_emb         lag= 30 m5_p=0.2654  m6_ic=0.0391
[18:39:13]   HIT  MOEXOG             oil_emb          lag=  1 m5_p=0.6638  m6_ic=0.0427
[18:39:13]   HIT  MOEXOG             oil_emb          lag=  7 m5_p=0.0552  m6_ic=0.0383
[18:39:14]   HIT  MOEXOG             rate_emb         lag=  1 m5_p=0.0466  m6_ic=0.0488
[18:39:14]   HIT  MOEXOG             rate_emb         lag= 14 m5_p=0.5690  m6_ic=0.0847
[18:39:14]   HIT  MOEXOG             rate_emb         lag= 30 m5_p=0.4720  m6_ic=0.1227
[18:39:14]   HIT  MOEXOG             ruble_emb        lag=  1 m5_p=0.3281  m6_ic=0.0496
[18:39:15]   HIT  MOEXOG             ruble_emb        lag=  7 m5_p=0.6356  m6_ic=0.0826
[18:39:15]   HIT  MOEXOG             ruble_emb        lag= 14 m5_p=0.7891  m6_ic=0.0479
[18:39:15]   HIT  MOEXOG             sanctions_emb    lag=  1 m5_p=0.3517  m6_ic=0.1262
[18:39:15]   HIT  MOEXOG             sanctions_emb    lag=  7 m5_p=0.5112  m6_ic=0.1113
[18:39:16]   HIT  MOEXOG             sanctions_emb    lag= 30 m5_p=0.5821  m6_ic=0.0788
[18:39:17]   HIT  MOEXOG             inflation_emb    lag= 30 m5_p=0.5215  m6_ic=0.0323
[18:39:17]   HIT  MOEXOG             banking_emb      lag=  7 m5_p=0.9745  m6_ic=0.0637
[18:39:18]   HIT  MOEXOG             gold_emb         lag=  7 m5_p=0.2981  m6_ic=0.0520
[18:39:18]   HIT  MOEXOG             gold_emb         lag= 14 m5_p=0.4966  m6_ic=0.0451
[18:39:19]   HIT  MOEX10             oil_emb          lag=  7 m5_p=0.1319  m6_ic=0.0357
[18:39:20]   HIT  MOEX10             oil_emb          lag= 30 m5_p=0.1828  m6_ic=0.0573
[18:39:20]   HIT  MOEX10             rate_emb         lag=  1 m5_p=0.0783  m6_ic=0.0526
[18:39:20]   HIT  MOEX10             rate_emb         lag=  7 m5_p=0.2159  m6_ic=0.0714
[18:39:20]   HIT  MOEX10             rate_emb         lag= 14 m5_p=0.4691  m6_ic=0.0495
[18:39:20]   HIT  MOEX10             rate_emb         lag= 30 m5_p=0.7477  m6_ic=0.0642
[18:39:21]   HIT  MOEX10             ruble_emb        lag=  1 m5_p=0.3155  m6_ic=0.0362
[18:39:21]   HIT  MOEX10             ruble_emb        lag= 14 m5_p=0.8507  m6_ic=0.0382
[18:39:21]   HIT  MOEX10             sanctions_emb    lag=  1 m5_p=0.4780  m6_ic=0.1139
[18:39:22]   HIT  MOEX10             inflation_emb    lag=  1 m5_p=0.1605  m6_ic=0.0351
[18:39:23]   HIT  MOEX10             inflation_emb    lag= 14 m5_p=0.9331  m6_ic=0.0770
[18:39:23]   HIT  MOEX10             banking_emb      lag=  7 m5_p=0.9801  m6_ic=0.0639
[18:39:23]   HIT  MOEX10             banking_emb      lag= 14 m5_p=0.8787  m6_ic=0.0447
[18:39:24]   HIT  MOEX10             gold_emb         lag=  1 m5_p=0.6671  m6_ic=0.0503
[18:39:24]   HIT  MOEX10             gold_emb         lag=  7 m5_p=0.1483  m6_ic=0.1153
[18:39:24]   HIT  MOEX10             gold_emb         lag= 30 m5_p=0.3250  m6_ic=0.0731
[18:39:24]     Train: 262 signals
[18:39:24]     Val holdout (262 candidates)...
[18:39:25]     VAL PASS  SP500              oil_emb          lag= 30  m6_ic=0.0899
[18:39:25]     VAL PASS  SP500              ruble_emb        lag= 14  m6_ic=0.0561
[18:39:26]     VAL PASS  SP500              sanctions_emb    lag= 14  m6_ic=0.0681
[18:39:26]     VAL PASS  SP500              inflation_emb    lag=  1  m6_ic=0.0792
[18:39:26]     VAL PASS  SP500              inflation_emb    lag=  7  m6_ic=0.0586
[18:39:26]     VAL PASS  SP500              inflation_emb    lag= 30  m6_ic=0.0427
[18:39:27]     VAL PASS  SP500              gold_emb         lag= 14  m6_ic=0.0313
[18:39:27]     VAL PASS  USD_RUB            oil_emb          lag=  1  m6_ic=0.0595
[18:39:27]     VAL PASS  USD_RUB            oil_emb          lag= 30  m6_ic=0.0648
[18:39:27]     VAL PASS  USD_RUB            rate_emb         lag=  1  m6_ic=0.0521
[18:39:27]     VAL PASS  USD_RUB            rate_emb         lag=  7  m6_ic=0.0720
[18:39:28]     VAL PASS  USD_RUB            rate_emb         lag= 30  m6_ic=0.0915
[18:39:28]     VAL PASS  USD_RUB            ruble_emb        lag=  7  m6_ic=0.0375
[18:39:28]     VAL PASS  USD_RUB            ruble_emb        lag= 14  m6_ic=0.0778
[18:39:28]     VAL PASS  USD_RUB            sanctions_emb    lag=  7  m6_ic=0.0617
[18:39:28]     VAL PASS  USD_RUB            inflation_emb    lag=  7  m6_ic=0.0986
[18:39:29]     VAL PASS  USD_RUB            banking_emb      lag=  1  m6_ic=0.0940
[18:39:29]     VAL PASS  USD_RUB            banking_emb      lag= 30  m6_ic=0.0485
[18:39:29]     VAL PASS  USD_RUB            gold_emb         lag=  7  m6_ic=0.0684
[18:39:30]     VAL PASS  EUR_RUB            oil_emb          lag=  1  m6_ic=0.0595
[18:39:30]     VAL PASS  EUR_RUB            oil_emb          lag= 30  m6_ic=0.0648
[18:39:30]     VAL PASS  EUR_RUB            rate_emb         lag=  1  m6_ic=0.0521
[18:39:30]     VAL PASS  EUR_RUB            rate_emb         lag=  7  m6_ic=0.0720
[18:39:30]     VAL PASS  EUR_RUB            rate_emb         lag= 30  m6_ic=0.0915
[18:39:30]     VAL PASS  EUR_RUB            ruble_emb        lag=  7  m6_ic=0.0375
[18:39:31]     VAL PASS  EUR_RUB            ruble_emb        lag= 14  m6_ic=0.0778
[18:39:31]     VAL PASS  EUR_RUB            sanctions_emb    lag=  7  m6_ic=0.0617
[18:39:31]     VAL PASS  EUR_RUB            inflation_emb    lag=  7  m6_ic=0.0986
[18:39:32]     VAL PASS  EUR_RUB            banking_emb      lag=  1  m6_ic=0.0940
[18:39:32]     VAL PASS  EUR_RUB            banking_emb      lag= 30  m6_ic=0.0485
[18:39:32]     VAL PASS  EUR_RUB            gold_emb         lag=  7  m6_ic=0.0684
[18:39:32]     VAL PASS  DJ_SOUTH_AFRICA    oil_emb          lag= 14  m6_ic=0.0911
[18:39:33]     VAL PASS  DJ_SOUTH_AFRICA    oil_emb          lag= 30  m6_ic=0.0797
[18:39:33]     VAL PASS  DJ_SOUTH_AFRICA    rate_emb         lag=  1  m6_ic=0.0811
[18:39:33]     VAL PASS  DJ_SOUTH_AFRICA    rate_emb         lag= 14  m6_ic=0.1277
[18:39:33]     VAL PASS  DJ_SOUTH_AFRICA    rate_emb         lag= 30  m6_ic=0.0900
[18:39:33]     VAL PASS  DJ_SOUTH_AFRICA    ruble_emb        lag=  1  m6_ic=0.0375
[18:39:34]     VAL PASS  DJ_SOUTH_AFRICA    sanctions_emb    lag=  7  m6_ic=0.0345
[18:39:34]     VAL PASS  DJ_SOUTH_AFRICA    sanctions_emb    lag= 14  m6_ic=0.0326
[18:39:35]     VAL PASS  DJ_SOUTH_AFRICA    inflation_emb    lag= 14  m6_ic=0.0367
[18:39:35]     VAL PASS  DJ_SOUTH_AFRICA    inflation_emb    lag= 30  m6_ic=0.0317
[18:39:35]     VAL PASS  DJ_SOUTH_AFRICA    banking_emb      lag= 14  m6_ic=0.0761
[18:39:36]     VAL PASS  DJ_SOUTH_AFRICA    gold_emb         lag=  7  m6_ic=0.0435
[18:39:36]     VAL PASS  MSCI_WORLD         oil_emb          lag= 14  m6_ic=0.0370
[18:39:36]     VAL PASS  MSCI_WORLD         rate_emb         lag=  1  m6_ic=0.0447
[18:39:37]     VAL PASS  MSCI_WORLD         rate_emb         lag=  7  m6_ic=0.0648
[18:39:37]     VAL PASS  MSCI_WORLD         rate_emb         lag= 30  m6_ic=0.0473
[18:39:37]     VAL PASS  MSCI_WORLD         inflation_emb    lag=  1  m6_ic=0.0352
[18:39:38]     VAL PASS  MSCI_WORLD         inflation_emb    lag= 30  m6_ic=0.0406
[18:39:38]     VAL PASS  MSCI_WORLD         banking_emb      lag=  7  m6_ic=0.0492
[18:39:39]     VAL PASS  MSCI_WORLD         gold_emb         lag= 14  m6_ic=0.1109
[18:39:39]     VAL PASS  DXY                rate_emb         lag=  1  m6_ic=0.0713
[18:39:39]     VAL PASS  DXY                rate_emb         lag= 14  m6_ic=0.0358
[18:39:40]     VAL PASS  DXY                rate_emb         lag= 30  m6_ic=0.0598
[18:39:40]     VAL PASS  DXY                ruble_emb        lag=  7  m6_ic=0.0603
[18:39:40]     VAL PASS  DXY                ruble_emb        lag= 30  m6_ic=0.0364
[18:39:40]     VAL PASS  DXY                sanctions_emb    lag=  1  m6_ic=0.0566
[18:39:40]     VAL PASS  DXY                sanctions_emb    lag=  7  m6_ic=0.0506
[18:39:41]     VAL PASS  DXY                sanctions_emb    lag= 14  m6_ic=0.0835
[18:39:41]     VAL PASS  DXY                sanctions_emb    lag= 30  m6_ic=0.0392
[18:39:41]     VAL PASS  DXY                inflation_emb    lag=  7  m6_ic=0.0584
[18:39:41]     VAL PASS  DXY                inflation_emb    lag= 30  m6_ic=0.0529
[18:39:41]     VAL PASS  DXY                banking_emb      lag=  1  m6_ic=0.0350
[18:39:42]     VAL PASS  DXY                banking_emb      lag=  7  m6_ic=0.1067
[18:39:42]     VAL PASS  DXY                gold_emb         lag=  7  m6_ic=0.0760
[18:39:42]     VAL PASS  DXY                gold_emb         lag= 30  m6_ic=0.0619
[18:39:42]     VAL PASS  BRENT              oil_emb          lag= 14  m6_ic=0.0320
[18:39:43]     VAL PASS  BRENT              oil_emb          lag= 30  m6_ic=0.0584
[18:39:43]     VAL PASS  BRENT              rate_emb         lag=  7  m6_ic=0.0580
[18:39:43]     VAL PASS  BRENT              rate_emb         lag= 30  m6_ic=0.1135
[18:39:43]     VAL PASS  BRENT              ruble_emb        lag=  1  m6_ic=0.0408
[18:39:43]     VAL PASS  BRENT              ruble_emb        lag=  7  m6_ic=0.0386
[18:39:44]     VAL PASS  BRENT              ruble_emb        lag= 14  m6_ic=0.0512
[18:39:44]     VAL PASS  BRENT              ruble_emb        lag= 30  m6_ic=0.0439
[18:39:44]     VAL PASS  BRENT              inflation_emb    lag= 30  m6_ic=0.0603
[18:39:45]     VAL PASS  BRENT              gold_emb         lag= 30  m6_ic=0.0449
[18:39:45]     VAL PASS  MSCI_INDIA         oil_emb          lag=  1  m6_ic=0.0400
[18:39:45]     VAL PASS  MSCI_INDIA         oil_emb          lag= 30  m6_ic=0.0405
[18:39:46]     VAL PASS  MSCI_INDIA         rate_emb         lag=  1  m6_ic=0.0366
[18:39:46]     VAL PASS  MSCI_INDIA         rate_emb         lag= 30  m6_ic=0.0733
[18:39:46]     VAL PASS  MSCI_INDIA         ruble_emb        lag=  7  m6_ic=0.0481
[18:39:46]     VAL PASS  MSCI_INDIA         ruble_emb        lag= 30  m6_ic=0.0554
[18:39:47]     VAL PASS  MSCI_INDIA         inflation_emb    lag=  7  m6_ic=0.0963
[18:39:47]     VAL PASS  MSCI_INDIA         inflation_emb    lag= 14  m6_ic=0.0752
[18:39:47]     VAL PASS  MSCI_INDIA         banking_emb      lag=  1  m6_ic=0.0923
[18:39:47]     VAL PASS  MSCI_INDIA         banking_emb      lag=  7  m6_ic=0.0425
[18:39:48]     VAL PASS  MSCI_INDIA         banking_emb      lag= 30  m6_ic=0.1132
[18:39:48]     VAL PASS  MSCI_INDIA         gold_emb         lag=  7  m6_ic=0.0450
[18:39:48]     VAL PASS  MSCI_INDIA         gold_emb         lag= 30  m6_ic=0.0345
[18:39:48]     VAL PASS  CHINA_H_SHARES     oil_emb          lag=  1  m6_ic=0.0608
[18:39:48]     VAL PASS  CHINA_H_SHARES     oil_emb          lag= 30  m6_ic=0.1113
[18:39:49]     VAL PASS  CHINA_H_SHARES     rate_emb         lag=  7  m6_ic=0.0354
[18:39:49]     VAL PASS  CHINA_H_SHARES     rate_emb         lag= 14  m6_ic=0.0331
[18:39:49]     VAL PASS  CHINA_H_SHARES     ruble_emb        lag=  7  m6_ic=0.0892
[18:39:50]     VAL PASS  CHINA_H_SHARES     ruble_emb        lag= 14  m6_ic=0.1280
[18:39:50]     VAL PASS  CHINA_H_SHARES     sanctions_emb    lag=  1  m6_ic=0.0474
[18:39:50]     VAL PASS  CHINA_H_SHARES     sanctions_emb    lag=  7  m6_ic=0.0572
[18:39:50]     VAL PASS  CHINA_H_SHARES     sanctions_emb    lag= 30  m6_ic=0.0897
[18:39:50]     VAL PASS  CHINA_H_SHARES     inflation_emb    lag=  7  m6_ic=0.0534
[18:39:50]     VAL PASS  CHINA_H_SHARES     inflation_emb    lag= 14  m6_ic=0.0379
[18:39:51]     VAL PASS  CHINA_H_SHARES     inflation_emb    lag= 30  m6_ic=0.1258
[18:39:51]     VAL PASS  CHINA_H_SHARES     gold_emb         lag=  7  m6_ic=0.1018
[18:39:51]     VAL PASS  CHINA_H_SHARES     gold_emb         lag= 14  m6_ic=0.0745
[18:39:52]     VAL PASS  CHINA_H_SHARES     gold_emb         lag= 30  m6_ic=0.0575
[18:39:52]     VAL PASS  FTSE_CHINA_50      oil_emb          lag= 14  m6_ic=0.0456
[18:39:52]     VAL PASS  FTSE_CHINA_50      oil_emb          lag= 30  m6_ic=0.0821
[18:39:53]     VAL PASS  FTSE_CHINA_50      rate_emb         lag=  1  m6_ic=0.0402
[18:39:53]     VAL PASS  FTSE_CHINA_50      rate_emb         lag= 14  m6_ic=0.0535
[18:39:53]     VAL PASS  FTSE_CHINA_50      ruble_emb        lag= 14  m6_ic=0.0635
[18:39:53]     VAL PASS  FTSE_CHINA_50      sanctions_emb    lag=  7  m6_ic=0.0501
[18:39:54]     VAL PASS  FTSE_CHINA_50      sanctions_emb    lag= 30  m6_ic=0.0560
[18:39:54]     VAL PASS  FTSE_CHINA_50      inflation_emb    lag=  7  m6_ic=0.0397
[18:39:54]     VAL PASS  FTSE_CHINA_50      inflation_emb    lag= 14  m6_ic=0.0955
[18:39:54]     VAL PASS  FTSE_CHINA_50      banking_emb      lag=  1  m6_ic=0.0494
[18:39:55]     VAL PASS  FTSE_CHINA_50      gold_emb         lag=  7  m6_ic=0.0691
[18:39:55]     VAL PASS  FTSE_CHINA_50      gold_emb         lag= 14  m6_ic=0.0930
[18:39:55]     VAL PASS  FTSE_CHINA_50      gold_emb         lag= 30  m6_ic=0.0742
[18:39:56]     VAL PASS  GOLD               rate_emb         lag= 30  m6_ic=0.1112
[18:39:57]     VAL PASS  GOLD               inflation_emb    lag=  1  m6_ic=0.0444
[18:39:57]     VAL PASS  GOLD               inflation_emb    lag=  7  m6_ic=0.1382
[18:39:57]     VAL PASS  GOLD               inflation_emb    lag= 30  m6_ic=0.0972
[18:39:57]     VAL PASS  GOLD               banking_emb      lag=  7  m6_ic=0.1155
[18:39:58]     VAL PASS  GOLD               gold_emb         lag=  7  m6_ic=0.0636
[18:39:58]     VAL PASS  GOLD               gold_emb         lag= 14  m6_ic=0.0313
[18:39:59]     VAL PASS  SILVER             oil_emb          lag=  7  m6_ic=0.0794
[18:39:59]     VAL PASS  SILVER             oil_emb          lag= 14  m6_ic=0.0371
[18:39:59]     VAL PASS  SILVER             oil_emb          lag= 30  m6_ic=0.1323
[18:39:59]     VAL PASS  SILVER             rate_emb         lag=  7  m6_ic=0.0511
[18:40:00]     VAL PASS  SILVER             rate_emb         lag= 14  m6_ic=0.1074
[18:40:00]     VAL PASS  SILVER             ruble_emb        lag=  7  m6_ic=0.0758
[18:40:01]     VAL PASS  SILVER             inflation_emb    lag=  1  m6_ic=0.0448
[18:40:01]     VAL PASS  SILVER             inflation_emb    lag= 30  m6_ic=0.1342
[18:40:01]     VAL PASS  SILVER             banking_emb      lag= 30  m6_ic=0.0590
[18:40:01]     VAL PASS  SILVER             gold_emb         lag= 14  m6_ic=0.0661
[18:40:02]     VAL PASS  SILVER             gold_emb         lag= 30  m6_ic=0.1091
[18:40:02]     VAL PASS  IMOEX              oil_emb          lag= 14  m6_ic=0.0745
[18:40:02]     VAL PASS  IMOEX              rate_emb         lag= 14  m6_ic=0.1414
[18:40:02]     VAL PASS  IMOEX              rate_emb         lag= 30  m6_ic=0.1107
[18:40:03]     VAL PASS  IMOEX              ruble_emb        lag=  1  m6_ic=0.0690
[18:40:03]     VAL PASS  IMOEX              ruble_emb        lag=  7  m6_ic=0.0384
[18:40:03]     VAL PASS  IMOEX              ruble_emb        lag= 14  m6_ic=0.0690
[18:40:03]     VAL PASS  IMOEX              ruble_emb        lag= 30  m6_ic=0.0530
[18:40:03]     VAL PASS  IMOEX              sanctions_emb    lag=  1  m6_ic=0.0531
[18:40:04]     VAL PASS  IMOEX              sanctions_emb    lag=  7  m6_ic=0.0613
[18:40:04]     VAL PASS  IMOEX              inflation_emb    lag=  1  m6_ic=0.0941
[18:40:04]     VAL PASS  IMOEX              banking_emb      lag=  7  m6_ic=0.0366
[18:40:05]     VAL PASS  MOEXFN             oil_emb          lag= 30  m6_ic=0.0898
[18:40:05]     VAL PASS  MOEXFN             rate_emb         lag=  7  m6_ic=0.0698
[18:40:05]     VAL PASS  MOEXFN             rate_emb         lag= 14  m6_ic=0.1303
[18:40:05]     VAL PASS  MOEXFN             rate_emb         lag= 30  m6_ic=0.0674
[18:40:06]     VAL PASS  MOEXFN             ruble_emb        lag=  1  m6_ic=0.0860
[18:40:06]     VAL PASS  MOEXFN             ruble_emb        lag=  7  m6_ic=0.0409
[18:40:06]     VAL PASS  MOEXFN             ruble_emb        lag= 14  m6_ic=0.0746
[18:40:06]     VAL PASS  MOEXFN             sanctions_emb    lag=  1  m6_ic=0.0320
[18:40:07]     VAL PASS  MOEXFN             sanctions_emb    lag= 30  m6_ic=0.1165
[18:40:07]     VAL PASS  MOEXFN             banking_emb      lag=  1  m6_ic=0.0617
[18:40:07]     VAL PASS  MOEXFN             banking_emb      lag=  7  m6_ic=0.0610
[18:40:07]     VAL PASS  MOEXFN             gold_emb         lag=  1  m6_ic=0.0431
[18:40:08]     VAL PASS  MOEXFN             gold_emb         lag= 14  m6_ic=0.0671
[18:40:08]     VAL PASS  MOEXFN             gold_emb         lag= 30  m6_ic=0.0432
[18:40:08]     VAL PASS  MOEXOG             oil_emb          lag=  7  m6_ic=0.0760
[18:40:09]     VAL PASS  MOEXOG             rate_emb         lag=  1  m6_ic=0.0724
[18:40:09]     VAL PASS  MOEXOG             rate_emb         lag= 14  m6_ic=0.1214
[18:40:09]     VAL PASS  MOEXOG             rate_emb         lag= 30  m6_ic=0.0919
[18:40:09]     VAL PASS  MOEXOG             ruble_emb        lag=  1  m6_ic=0.0717
[18:40:09]     VAL PASS  MOEXOG             ruble_emb        lag=  7  m6_ic=0.0711
[18:40:09]     VAL PASS  MOEXOG             ruble_emb        lag= 14  m6_ic=0.0693
[18:40:10]     VAL PASS  MOEXOG             sanctions_emb    lag=  1  m6_ic=0.0403
[18:40:10]     VAL PASS  MOEXOG             sanctions_emb    lag=  7  m6_ic=0.0598
[18:40:10]     VAL PASS  MOEXOG             sanctions_emb    lag= 30  m6_ic=0.0790
[18:40:10]     VAL PASS  MOEXOG             inflation_emb    lag= 30  m6_ic=0.1262
[18:40:10]     VAL PASS  MOEXOG             banking_emb      lag=  7  m6_ic=0.0733
[18:40:11]     VAL PASS  MOEXOG             gold_emb         lag= 14  m6_ic=0.0309
[18:40:11]     VAL PASS  MOEX10             oil_emb          lag=  7  m6_ic=0.0325
[18:40:11]     VAL PASS  MOEX10             oil_emb          lag= 30  m6_ic=0.0996
[18:40:11]     VAL PASS  MOEX10             rate_emb         lag=  1  m6_ic=0.0347
[18:40:12]     VAL PASS  MOEX10             rate_emb         lag= 14  m6_ic=0.1375
[18:40:12]     VAL PASS  MOEX10             rate_emb         lag= 30  m6_ic=0.0699
[18:40:12]     VAL PASS  MOEX10             ruble_emb        lag=  1  m6_ic=0.0934
[18:40:12]     VAL PASS  MOEX10             ruble_emb        lag= 14  m6_ic=0.0760
[18:40:12]     VAL PASS  MOEX10             sanctions_emb    lag=  1  m6_ic=0.0568
[18:40:13]     VAL PASS  MOEX10             inflation_emb    lag=  1  m6_ic=0.0965
[18:40:13]     VAL PASS  MOEX10             inflation_emb    lag= 14  m6_ic=0.0362
[18:40:13]     VAL PASS  MOEX10             banking_emb      lag=  7  m6_ic=0.0565
[18:40:14]     VAL PASS  MOEX10             gold_emb         lag=  7  m6_ic=0.0845
[18:40:14]     VAL PASS  MOEX10             gold_emb         lag= 30  m6_ic=0.0375
[18:40:14]     Val: 186/262 held
[18:40:14]   Score: 2787.3  train=262  ic_max=0.1404
[18:40:14] 
[12/15] sweep_embedding_raw_vol_5d
[18:40:14]   Config: sweep_embedding_raw_vol_5d
[18:40:14]     feature=embedding_raw  target=vol_5d  ensemble=M6_only  ic_min=0.03
[18:40:15]   HIT  SP500              oil_emb          lag= 30 m5_p=0.7391  m6_ic=0.0739
[18:40:16]   HIT  SP500              ruble_emb        lag=  7 m5_p=0.1061  m6_ic=0.0664
[18:40:16]   HIT  SP500              ruble_emb        lag= 14 m5_p=0.6187  m6_ic=0.0796
[18:40:16]   HIT  SP500              sanctions_emb    lag=  1 m5_p=0.1713  m6_ic=0.0536
[18:40:17]   HIT  SP500              sanctions_emb    lag=  7 m5_p=0.0916  m6_ic=0.0553
[18:40:17]   HIT  SP500              sanctions_emb    lag= 14 m5_p=0.1534  m6_ic=0.0360
[18:40:17]   HIT  SP500              inflation_emb    lag=  1 m5_p=0.9406  m6_ic=0.0484
[18:40:18]   HIT  SP500              inflation_emb    lag=  7 m5_p=0.3355  m6_ic=0.1011
[18:40:18]   HIT  SP500              inflation_emb    lag= 30 m5_p=0.5788  m6_ic=0.0506
[18:40:18]   HIT  SP500              banking_emb      lag=  1 m5_p=0.5709  m6_ic=0.0312
[18:40:19]   HIT  SP500              gold_emb         lag= 14 m5_p=0.4467  m6_ic=0.0763
[18:40:20]   HIT  USD_RUB            oil_emb          lag=  1 m5_p=0.7448  m6_ic=0.0517
[18:40:21]   HIT  USD_RUB            oil_emb          lag= 30 m5_p=0.8768  m6_ic=0.0881
[18:40:21]   HIT  USD_RUB            rate_emb         lag=  1 m5_p=0.0770  m6_ic=0.0326
[18:40:21]   HIT  USD_RUB            rate_emb         lag=  7 m5_p=0.0680  m6_ic=0.0499
[18:40:21]   HIT  USD_RUB            rate_emb         lag= 30 m5_p=0.5357  m6_ic=0.0664
[18:40:22]   HIT  USD_RUB            ruble_emb        lag=  7 m5_p=0.7121  m6_ic=0.1193
[18:40:22]   HIT  USD_RUB            ruble_emb        lag= 14 m5_p=0.0550  m6_ic=0.0786
[18:40:23]   HIT  USD_RUB            sanctions_emb    lag=  7 m5_p=0.4124  m6_ic=0.0885
[18:40:23]   HIT  USD_RUB            inflation_emb    lag=  1 m5_p=0.0616  m6_ic=0.0752
[18:40:23]   HIT  USD_RUB            inflation_emb    lag=  7 m5_p=0.8706  m6_ic=0.0327
[18:40:24]   HIT  USD_RUB            inflation_emb    lag= 14 m5_p=0.6877  m6_ic=0.0344
[18:40:24]   HIT  USD_RUB            banking_emb      lag=  1 m5_p=0.9389  m6_ic=0.0921
[18:40:25]   HIT  USD_RUB            banking_emb      lag= 14 m5_p=0.5740  m6_ic=0.0352
[18:40:25]   HIT  USD_RUB            banking_emb      lag= 30 m5_p=0.8252  m6_ic=0.0489
[18:40:25]   HIT  USD_RUB            gold_emb         lag=  7 m5_p=0.9077  m6_ic=0.0349
[18:40:26]   HIT  EUR_RUB            oil_emb          lag=  1 m5_p=0.7448  m6_ic=0.0517
[18:40:26]   HIT  EUR_RUB            oil_emb          lag= 30 m5_p=0.8768  m6_ic=0.0881
[18:40:27]   HIT  EUR_RUB            rate_emb         lag=  1 m5_p=0.0770  m6_ic=0.0326
[18:40:27]   HIT  EUR_RUB            rate_emb         lag=  7 m5_p=0.0680  m6_ic=0.0499
[18:40:27]   HIT  EUR_RUB            rate_emb         lag= 30 m5_p=0.5357  m6_ic=0.0664
[18:40:28]   HIT  EUR_RUB            ruble_emb        lag=  7 m5_p=0.7121  m6_ic=0.1193
[18:40:28]   HIT  EUR_RUB            ruble_emb        lag= 14 m5_p=0.0550  m6_ic=0.0786
[18:40:28]   HIT  EUR_RUB            sanctions_emb    lag=  7 m5_p=0.4124  m6_ic=0.0885
[18:40:29]   HIT  EUR_RUB            inflation_emb    lag=  1 m5_p=0.0616  m6_ic=0.0752
[18:40:29]   HIT  EUR_RUB            inflation_emb    lag=  7 m5_p=0.8706  m6_ic=0.0327
[18:40:29]   HIT  EUR_RUB            inflation_emb    lag= 14 m5_p=0.6877  m6_ic=0.0344
[18:40:30]   HIT  EUR_RUB            banking_emb      lag=  1 m5_p=0.9389  m6_ic=0.0921
[18:40:30]   HIT  EUR_RUB            banking_emb      lag= 14 m5_p=0.5740  m6_ic=0.0352
[18:40:31]   HIT  EUR_RUB            banking_emb      lag= 30 m5_p=0.8252  m6_ic=0.0489
[18:40:31]   HIT  EUR_RUB            gold_emb         lag=  7 m5_p=0.9077  m6_ic=0.0349
[18:40:32]   HIT  DJ_SOUTH_AFRICA    oil_emb          lag=  7 m5_p=0.8485  m6_ic=0.0371
[18:40:32]   HIT  DJ_SOUTH_AFRICA    oil_emb          lag= 14 m5_p=0.5498  m6_ic=0.0927
[18:40:32]   HIT  DJ_SOUTH_AFRICA    oil_emb          lag= 30 m5_p=0.0778  m6_ic=0.0312
[18:40:32]   HIT  DJ_SOUTH_AFRICA    rate_emb         lag=  1 m5_p=0.0638  m6_ic=0.0318
[18:40:33]   HIT  DJ_SOUTH_AFRICA    rate_emb         lag= 14 m5_p=0.4893  m6_ic=0.1174
[18:40:33]   HIT  DJ_SOUTH_AFRICA    rate_emb         lag= 30 m5_p=0.4674  m6_ic=0.0569
[18:40:33]   HIT  DJ_SOUTH_AFRICA    ruble_emb        lag=  1 m5_p=0.5229  m6_ic=0.0604
[18:40:33]   HIT  DJ_SOUTH_AFRICA    ruble_emb        lag=  7 m5_p=0.1380  m6_ic=0.0332
[18:40:34]   HIT  DJ_SOUTH_AFRICA    ruble_emb        lag= 30 m5_p=0.6104  m6_ic=0.0555
[18:40:34]   HIT  DJ_SOUTH_AFRICA    sanctions_emb    lag=  7 m5_p=0.0377  m6_ic=0.0609
[18:40:34]   HIT  DJ_SOUTH_AFRICA    sanctions_emb    lag= 14 m5_p=0.6578  m6_ic=0.0507
[18:40:34]   HIT  DJ_SOUTH_AFRICA    sanctions_emb    lag= 30 m5_p=0.4399  m6_ic=0.0743
[18:40:35]   HIT  DJ_SOUTH_AFRICA    inflation_emb    lag=  1 m5_p=0.7070  m6_ic=0.0432
[18:40:35]   HIT  DJ_SOUTH_AFRICA    inflation_emb    lag=  7 m5_p=0.1537  m6_ic=0.0520
[18:40:35]   HIT  DJ_SOUTH_AFRICA    inflation_emb    lag= 14 m5_p=0.7240  m6_ic=0.0561
[18:40:35]   HIT  DJ_SOUTH_AFRICA    inflation_emb    lag= 30 m5_p=0.8763  m6_ic=0.0535
[18:40:36]   HIT  DJ_SOUTH_AFRICA    banking_emb      lag= 14 m5_p=0.5877  m6_ic=0.0469
[18:40:36]   HIT  DJ_SOUTH_AFRICA    gold_emb         lag=  7 m5_p=0.5567  m6_ic=0.0355
[18:40:37]   HIT  DJ_SOUTH_AFRICA    gold_emb         lag= 14 m5_p=0.2009  m6_ic=0.0807
[18:40:37]   HIT  DJ_SOUTH_AFRICA    gold_emb         lag= 30 m5_p=0.0076  m6_ic=0.0425
[18:40:37]   HIT  MSCI_WORLD         oil_emb          lag= 14 m5_p=0.9228  m6_ic=0.0302
[18:40:38]   HIT  MSCI_WORLD         rate_emb         lag=  1 m5_p=0.9574  m6_ic=0.0328
[18:40:38]   HIT  MSCI_WORLD         rate_emb         lag=  7 m5_p=0.1236  m6_ic=0.0492
[18:40:39]   HIT  MSCI_WORLD         rate_emb         lag= 30 m5_p=0.0772  m6_ic=0.0424
[18:40:40]   HIT  MSCI_WORLD         sanctions_emb    lag=  1 m5_p=0.9459  m6_ic=0.0494
[18:40:40]   HIT  MSCI_WORLD         sanctions_emb    lag=  7 m5_p=0.8661  m6_ic=0.0378
[18:40:40]   HIT  MSCI_WORLD         inflation_emb    lag=  1 m5_p=0.7441  m6_ic=0.0441
[18:40:41]   HIT  MSCI_WORLD         inflation_emb    lag=  7 m5_p=0.6335  m6_ic=0.0340
[18:40:41]   HIT  MSCI_WORLD         inflation_emb    lag= 14 m5_p=0.7948  m6_ic=0.0635
[18:40:41]   HIT  MSCI_WORLD         inflation_emb    lag= 30 m5_p=0.8049  m6_ic=0.0333
[18:40:41]   HIT  MSCI_WORLD         banking_emb      lag=  1 m5_p=0.3836  m6_ic=0.0378
[18:40:41]   HIT  MSCI_WORLD         banking_emb      lag=  7 m5_p=0.7890  m6_ic=0.0945
[18:40:42]   HIT  MSCI_WORLD         gold_emb         lag=  7 m5_p=0.8757  m6_ic=0.0976
[18:40:42]   HIT  MSCI_WORLD         gold_emb         lag= 14 m5_p=0.7950  m6_ic=0.1159
[18:40:43]   HIT  MSCI_WORLD         gold_emb         lag= 30 m5_p=0.4986  m6_ic=0.1011
[18:40:43]   HIT  DXY                oil_emb          lag=  1 m5_p=0.3734  m6_ic=0.0729
[18:40:44]   HIT  DXY                rate_emb         lag=  1 m5_p=0.8318  m6_ic=0.0390
[18:40:44]   HIT  DXY                rate_emb         lag= 14 m5_p=0.0197  m6_ic=0.0767
[18:40:44]   HIT  DXY                rate_emb         lag= 30 m5_p=0.7622  m6_ic=0.0976
[18:40:45]   HIT  DXY                ruble_emb        lag=  7 m5_p=0.6913  m6_ic=0.0592
[18:40:45]   HIT  DXY                ruble_emb        lag= 14 m5_p=0.8382  m6_ic=0.0534
[18:40:45]   HIT  DXY                ruble_emb        lag= 30 m5_p=0.9023  m6_ic=0.0629
[18:40:45]   HIT  DXY                sanctions_emb    lag=  1 m5_p=0.9646  m6_ic=0.0494
[18:40:46]   HIT  DXY                sanctions_emb    lag=  7 m5_p=0.6018  m6_ic=0.0475
[18:40:46]   HIT  DXY                sanctions_emb    lag= 14 m5_p=0.3624  m6_ic=0.0517
[18:40:46]   HIT  DXY                sanctions_emb    lag= 30 m5_p=0.3064  m6_ic=0.1034
[18:40:46]   HIT  DXY                inflation_emb    lag=  7 m5_p=0.2859  m6_ic=0.0588
[18:40:47]   HIT  DXY                inflation_emb    lag= 30 m5_p=0.7154  m6_ic=0.0365
[18:40:47]   HIT  DXY                banking_emb      lag=  1 m5_p=0.2264  m6_ic=0.0820
[18:40:47]   HIT  DXY                banking_emb      lag=  7 m5_p=0.9442  m6_ic=0.0335
[18:40:48]   HIT  DXY                gold_emb         lag=  7 m5_p=0.9126  m6_ic=0.0382
[18:40:48]   HIT  DXY                gold_emb         lag= 14 m5_p=0.6709  m6_ic=0.1237
[18:40:48]   HIT  DXY                gold_emb         lag= 30 m5_p=0.1762  m6_ic=0.0600
[18:40:49]   HIT  BRENT              oil_emb          lag= 14 m5_p=0.6934  m6_ic=0.0400
[18:40:49]   HIT  BRENT              oil_emb          lag= 30 m5_p=0.9130  m6_ic=0.1104
[18:40:50]   HIT  BRENT              rate_emb         lag=  7 m5_p=0.4801  m6_ic=0.0464
[18:40:50]   HIT  BRENT              rate_emb         lag= 30 m5_p=0.2612  m6_ic=0.0692
[18:40:50]   HIT  BRENT              ruble_emb        lag=  1 m5_p=0.7575  m6_ic=0.0686
[18:40:50]   HIT  BRENT              ruble_emb        lag=  7 m5_p=0.0665  m6_ic=0.0500
[18:40:51]   HIT  BRENT              ruble_emb        lag= 14 m5_p=0.8253  m6_ic=0.0390
[18:40:51]   HIT  BRENT              ruble_emb        lag= 30 m5_p=0.3300  m6_ic=0.0935
[18:40:52]   HIT  BRENT              sanctions_emb    lag= 30 m5_p=0.9523  m6_ic=0.0530
[18:40:52]   HIT  BRENT              inflation_emb    lag=  7 m5_p=0.1720  m6_ic=0.0760
[18:40:52]   HIT  BRENT              inflation_emb    lag= 30 m5_p=0.3597  m6_ic=0.0379
[18:40:53]   HIT  BRENT              banking_emb      lag=  1 m5_p=0.8633  m6_ic=0.1119
[18:40:53]   HIT  BRENT              banking_emb      lag=  7 m5_p=0.8160  m6_ic=0.0430
[18:40:54]   HIT  BRENT              gold_emb         lag= 30 m5_p=0.9238  m6_ic=0.0554
[18:40:54]   HIT  MSCI_INDIA         oil_emb          lag=  1 m5_p=0.3292  m6_ic=0.1213
[18:40:55]   HIT  MSCI_INDIA         oil_emb          lag= 30 m5_p=0.3094  m6_ic=0.0502
[18:40:55]   HIT  MSCI_INDIA         rate_emb         lag=  1 m5_p=0.1585  m6_ic=0.0809
[18:40:56]   HIT  MSCI_INDIA         rate_emb         lag= 30 m5_p=0.2502  m6_ic=0.0447
[18:40:56]   HIT  MSCI_INDIA         ruble_emb        lag=  7 m5_p=0.4546  m6_ic=0.0753
[18:40:56]   HIT  MSCI_INDIA         ruble_emb        lag= 14 m5_p=0.7257  m6_ic=0.1170
[18:40:56]   HIT  MSCI_INDIA         ruble_emb        lag= 30 m5_p=0.5483  m6_ic=0.0717
[18:40:57]   HIT  MSCI_INDIA         inflation_emb    lag=  1 m5_p=0.7917  m6_ic=0.0412
[18:40:58]   HIT  MSCI_INDIA         inflation_emb    lag=  7 m5_p=0.5301  m6_ic=0.0356
[18:40:58]   HIT  MSCI_INDIA         inflation_emb    lag= 14 m5_p=0.1285  m6_ic=0.0672
[18:40:58]   HIT  MSCI_INDIA         banking_emb      lag=  1 m5_p=0.9750  m6_ic=0.0367
[18:40:58]   HIT  MSCI_INDIA         banking_emb      lag=  7 m5_p=0.7599  m6_ic=0.0594
[18:40:58]   HIT  MSCI_INDIA         banking_emb      lag= 14 m5_p=0.4523  m6_ic=0.0721
[18:40:59]   HIT  MSCI_INDIA         banking_emb      lag= 30 m5_p=0.2018  m6_ic=0.0762
[18:40:59]   HIT  MSCI_INDIA         gold_emb         lag=  7 m5_p=0.5405  m6_ic=0.0392
[18:41:00]   HIT  MSCI_INDIA         gold_emb         lag= 30 m5_p=0.9170  m6_ic=0.0421
[18:41:00]   HIT  CHINA_H_SHARES     oil_emb          lag=  1 m5_p=0.9909  m6_ic=0.0863
[18:41:00]   HIT  CHINA_H_SHARES     oil_emb          lag= 30 m5_p=0.4361  m6_ic=0.0799
[18:41:00]   HIT  CHINA_H_SHARES     rate_emb         lag=  1 m5_p=0.2178  m6_ic=0.0901
[18:41:01]   HIT  CHINA_H_SHARES     rate_emb         lag=  7 m5_p=0.8553  m6_ic=0.0471
[18:41:01]   HIT  CHINA_H_SHARES     rate_emb         lag= 14 m5_p=0.0364  m6_ic=0.0771
[18:41:01]   HIT  CHINA_H_SHARES     ruble_emb        lag=  1 m5_p=0.0971  m6_ic=0.0371
[18:41:02]   HIT  CHINA_H_SHARES     ruble_emb        lag=  7 m5_p=0.0111  m6_ic=0.0720
[18:41:02]   HIT  CHINA_H_SHARES     ruble_emb        lag= 14 m5_p=0.5494  m6_ic=0.0324
[18:41:02]   HIT  CHINA_H_SHARES     sanctions_emb    lag=  1 m5_p=0.4580  m6_ic=0.0333
[18:41:02]   HIT  CHINA_H_SHARES     sanctions_emb    lag=  7 m5_p=0.6217  m6_ic=0.0547
[18:41:03]   HIT  CHINA_H_SHARES     sanctions_emb    lag= 30 m5_p=0.5367  m6_ic=0.0430
[18:41:03]   HIT  CHINA_H_SHARES     inflation_emb    lag=  7 m5_p=0.9540  m6_ic=0.0496
[18:41:03]   HIT  CHINA_H_SHARES     inflation_emb    lag= 14 m5_p=0.0526  m6_ic=0.0713
[18:41:04]   HIT  CHINA_H_SHARES     inflation_emb    lag= 30 m5_p=0.6533  m6_ic=0.0354
[18:41:04]   HIT  CHINA_H_SHARES     banking_emb      lag=  1 m5_p=0.9612  m6_ic=0.0659
[18:41:04]   HIT  CHINA_H_SHARES     banking_emb      lag=  7 m5_p=0.9848  m6_ic=0.0339
[18:41:04]   HIT  CHINA_H_SHARES     gold_emb         lag=  1 m5_p=0.9468  m6_ic=0.0312
[18:41:05]   HIT  CHINA_H_SHARES     gold_emb         lag=  7 m5_p=0.8447  m6_ic=0.0588
[18:41:05]   HIT  CHINA_H_SHARES     gold_emb         lag= 14 m5_p=0.3694  m6_ic=0.0732
[18:41:05]   HIT  CHINA_H_SHARES     gold_emb         lag= 30 m5_p=0.5720  m6_ic=0.0662
[18:41:05]   HIT  FTSE_CHINA_50      oil_emb          lag=  1 m5_p=0.8237  m6_ic=0.0584
[18:41:06]   HIT  FTSE_CHINA_50      oil_emb          lag= 14 m5_p=0.9464  m6_ic=0.0439
[18:41:06]   HIT  FTSE_CHINA_50      oil_emb          lag= 30 m5_p=0.3816  m6_ic=0.0640
[18:41:06]   HIT  FTSE_CHINA_50      rate_emb         lag=  1 m5_p=0.2613  m6_ic=0.0949
[18:41:06]   HIT  FTSE_CHINA_50      rate_emb         lag=  7 m5_p=0.7846  m6_ic=0.0348
[18:41:06]   HIT  FTSE_CHINA_50      rate_emb         lag= 14 m5_p=0.0304  m6_ic=0.0779
[18:41:07]   HIT  FTSE_CHINA_50      ruble_emb        lag=  1 m5_p=0.0629  m6_ic=0.0780
[18:41:07]   HIT  FTSE_CHINA_50      ruble_emb        lag= 14 m5_p=0.4802  m6_ic=0.0610
[18:41:08]   HIT  FTSE_CHINA_50      sanctions_emb    lag=  7 m5_p=0.6860  m6_ic=0.0559
[18:41:08]   HIT  FTSE_CHINA_50      sanctions_emb    lag= 30 m5_p=0.3571  m6_ic=0.0738
[18:41:09]   HIT  FTSE_CHINA_50      inflation_emb    lag=  7 m5_p=0.8928  m6_ic=0.0538
[18:41:09]   HIT  FTSE_CHINA_50      inflation_emb    lag= 14 m5_p=0.0430  m6_ic=0.0684
[18:41:09]   HIT  FTSE_CHINA_50      inflation_emb    lag= 30 m5_p=0.6400  m6_ic=0.0316
[18:41:09]   HIT  FTSE_CHINA_50      banking_emb      lag=  1 m5_p=0.9411  m6_ic=0.0508
[18:41:10]   HIT  FTSE_CHINA_50      banking_emb      lag=  7 m5_p=0.8064  m6_ic=0.0305
[18:41:10]   HIT  FTSE_CHINA_50      gold_emb         lag=  7 m5_p=0.8589  m6_ic=0.0558
[18:41:11]   HIT  FTSE_CHINA_50      gold_emb         lag= 14 m5_p=0.2419  m6_ic=0.0816
[18:41:11]   HIT  FTSE_CHINA_50      gold_emb         lag= 30 m5_p=0.4803  m6_ic=0.0633
[18:41:12]   HIT  GOLD               oil_emb          lag= 30 m5_p=0.1388  m6_ic=0.1091
[18:41:12]   HIT  GOLD               rate_emb         lag=  1 m5_p=0.9063  m6_ic=0.1404
[18:41:12]   HIT  GOLD               rate_emb         lag=  7 m5_p=0.3280  m6_ic=0.0759
[18:41:12]   HIT  GOLD               rate_emb         lag= 14 m5_p=0.3908  m6_ic=0.1002
[18:41:12]   HIT  GOLD               rate_emb         lag= 30 m5_p=0.4556  m6_ic=0.0459
[18:41:13]   HIT  GOLD               ruble_emb        lag= 30 m5_p=0.4411  m6_ic=0.0488
[18:41:14]   HIT  GOLD               sanctions_emb    lag= 14 m5_p=0.2355  m6_ic=0.0600
[18:41:14]   HIT  GOLD               inflation_emb    lag=  1 m5_p=0.9295  m6_ic=0.1321
[18:41:14]   HIT  GOLD               inflation_emb    lag=  7 m5_p=0.6545  m6_ic=0.0586
[18:41:14]   HIT  GOLD               inflation_emb    lag= 14 m5_p=0.7785  m6_ic=0.0872
[18:41:15]   HIT  GOLD               inflation_emb    lag= 30 m5_p=0.8263  m6_ic=0.0616
[18:41:15]   HIT  GOLD               banking_emb      lag=  7 m5_p=0.3961  m6_ic=0.0477
[18:41:15]   HIT  GOLD               banking_emb      lag= 14 m5_p=0.6257  m6_ic=0.0400
[18:41:15]   HIT  GOLD               banking_emb      lag= 30 m5_p=0.3287  m6_ic=0.0307
[18:41:16]   HIT  GOLD               gold_emb         lag=  1 m5_p=0.3730  m6_ic=0.0464
[18:41:16]   HIT  GOLD               gold_emb         lag=  7 m5_p=0.3488  m6_ic=0.1122
[18:41:16]   HIT  GOLD               gold_emb         lag= 14 m5_p=0.6406  m6_ic=0.0348
[18:41:16]   HIT  GOLD               gold_emb         lag= 30 m5_p=0.6717  m6_ic=0.0388
[18:41:16]   HIT  SILVER             oil_emb          lag=  7 m5_p=0.2003  m6_ic=0.0348
[18:41:17]   HIT  SILVER             oil_emb          lag= 14 m5_p=0.9077  m6_ic=0.0598
[18:41:17]   HIT  SILVER             oil_emb          lag= 30 m5_p=0.2117  m6_ic=0.0714
[18:41:17]   HIT  SILVER             rate_emb         lag=  1 m5_p=0.4332  m6_ic=0.0515
[18:41:17]   HIT  SILVER             rate_emb         lag=  7 m5_p=0.2404  m6_ic=0.0402
[18:41:18]   HIT  SILVER             rate_emb         lag= 14 m5_p=0.4185  m6_ic=0.0338
[18:41:18]   HIT  SILVER             ruble_emb        lag=  1 m5_p=0.5027  m6_ic=0.0679
[18:41:18]   HIT  SILVER             ruble_emb        lag=  7 m5_p=0.1094  m6_ic=0.0335
[18:41:18]   HIT  SILVER             ruble_emb        lag= 14 m5_p=0.7233  m6_ic=0.1006
[18:41:18]   HIT  SILVER             ruble_emb        lag= 30 m5_p=0.8350  m6_ic=0.0465
[18:41:19]   HIT  SILVER             sanctions_emb    lag=  1 m5_p=0.7351  m6_ic=0.1333
[18:41:19]   HIT  SILVER             sanctions_emb    lag=  7 m5_p=0.4999  m6_ic=0.0933
[18:41:19]   HIT  SILVER             inflation_emb    lag=  1 m5_p=0.6911  m6_ic=0.0498
[18:41:20]   HIT  SILVER             inflation_emb    lag= 30 m5_p=0.6921  m6_ic=0.0493
[18:41:21]   HIT  SILVER             banking_emb      lag= 30 m5_p=0.8745  m6_ic=0.0929
[18:41:21]   HIT  SILVER             gold_emb         lag= 14 m5_p=0.9410  m6_ic=0.1223
[18:41:22]   HIT  SILVER             gold_emb         lag= 30 m5_p=0.8730  m6_ic=0.0579
[18:41:22]   HIT  IMOEX              oil_emb          lag= 14 m5_p=0.4171  m6_ic=0.0348
[18:41:23]   HIT  IMOEX              rate_emb         lag=  1 m5_p=0.1216  m6_ic=0.0814
[18:41:23]   HIT  IMOEX              rate_emb         lag= 14 m5_p=0.3900  m6_ic=0.1071
[18:41:23]   HIT  IMOEX              rate_emb         lag= 30 m5_p=0.9239  m6_ic=0.0745
[18:41:23]   HIT  IMOEX              ruble_emb        lag=  1 m5_p=0.3538  m6_ic=0.0605
[18:41:23]   HIT  IMOEX              ruble_emb        lag=  7 m5_p=0.6969  m6_ic=0.1091
[18:41:24]   HIT  IMOEX              ruble_emb        lag= 14 m5_p=0.5752  m6_ic=0.0849
[18:41:24]   HIT  IMOEX              ruble_emb        lag= 30 m5_p=0.3496  m6_ic=0.0328
[18:41:24]   HIT  IMOEX              sanctions_emb    lag=  1 m5_p=0.4070  m6_ic=0.1019
[18:41:24]   HIT  IMOEX              sanctions_emb    lag=  7 m5_p=0.2338  m6_ic=0.1173
[18:41:25]   HIT  IMOEX              inflation_emb    lag=  1 m5_p=0.0887  m6_ic=0.0574
[18:41:25]   HIT  IMOEX              inflation_emb    lag=  7 m5_p=0.2308  m6_ic=0.0342
[18:41:26]   HIT  IMOEX              banking_emb      lag=  7 m5_p=0.8551  m6_ic=0.0688
[18:41:27]   HIT  IMOEX              gold_emb         lag=  7 m5_p=0.1597  m6_ic=0.0659
[18:41:27]   HIT  IMOEX              gold_emb         lag= 14 m5_p=0.4976  m6_ic=0.0706
[18:41:28]   HIT  MOEXFN             oil_emb          lag= 14 m5_p=0.5602  m6_ic=0.0696
[18:41:28]   HIT  MOEXFN             oil_emb          lag= 30 m5_p=0.4331  m6_ic=0.0849
[18:41:28]   HIT  MOEXFN             rate_emb         lag=  7 m5_p=0.3027  m6_ic=0.0508
[18:41:29]   HIT  MOEXFN             rate_emb         lag= 14 m5_p=0.0939  m6_ic=0.0655
[18:41:29]   HIT  MOEXFN             rate_emb         lag= 30 m5_p=0.4588  m6_ic=0.0520
[18:41:29]   HIT  MOEXFN             ruble_emb        lag=  1 m5_p=0.4051  m6_ic=0.0600
[18:41:29]   HIT  MOEXFN             ruble_emb        lag=  7 m5_p=0.9184  m6_ic=0.0448
[18:41:29]   HIT  MOEXFN             ruble_emb        lag= 14 m5_p=0.9268  m6_ic=0.0307
[18:41:30]   HIT  MOEXFN             sanctions_emb    lag=  1 m5_p=0.5545  m6_ic=0.1003
[18:41:30]   HIT  MOEXFN             sanctions_emb    lag=  7 m5_p=0.2675  m6_ic=0.0685
[18:41:30]   HIT  MOEXFN             sanctions_emb    lag= 30 m5_p=0.6794  m6_ic=0.0667
[18:41:31]   HIT  MOEXFN             inflation_emb    lag= 14 m5_p=0.8303  m6_ic=0.0796
[18:41:31]   HIT  MOEXFN             banking_emb      lag=  1 m5_p=0.4235  m6_ic=0.0403
[18:41:32]   HIT  MOEXFN             banking_emb      lag=  7 m5_p=0.9354  m6_ic=0.0636
[18:41:32]   HIT  MOEXFN             banking_emb      lag= 30 m5_p=0.8517  m6_ic=0.0600
[18:41:32]   HIT  MOEXFN             gold_emb         lag=  1 m5_p=0.8897  m6_ic=0.0880
[18:41:32]   HIT  MOEXFN             gold_emb         lag=  7 m5_p=0.3467  m6_ic=0.0796
[18:41:33]   HIT  MOEXFN             gold_emb         lag= 14 m5_p=0.3763  m6_ic=0.0406
[18:41:33]   HIT  MOEXFN             gold_emb         lag= 30 m5_p=0.2654  m6_ic=0.0391
[18:41:33]   HIT  MOEXOG             oil_emb          lag=  1 m5_p=0.6638  m6_ic=0.0427
[18:41:33]   HIT  MOEXOG             oil_emb          lag=  7 m5_p=0.0552  m6_ic=0.0383
[18:41:34]   HIT  MOEXOG             rate_emb         lag=  1 m5_p=0.0466  m6_ic=0.0488
[18:41:34]   HIT  MOEXOG             rate_emb         lag= 14 m5_p=0.5690  m6_ic=0.0847
[18:41:34]   HIT  MOEXOG             rate_emb         lag= 30 m5_p=0.4720  m6_ic=0.1227
[18:41:35]   HIT  MOEXOG             ruble_emb        lag=  1 m5_p=0.3281  m6_ic=0.0496
[18:41:35]   HIT  MOEXOG             ruble_emb        lag=  7 m5_p=0.6356  m6_ic=0.0826
[18:41:35]   HIT  MOEXOG             ruble_emb        lag= 14 m5_p=0.7891  m6_ic=0.0479
[18:41:35]   HIT  MOEXOG             sanctions_emb    lag=  1 m5_p=0.3517  m6_ic=0.1262
[18:41:36]   HIT  MOEXOG             sanctions_emb    lag=  7 m5_p=0.5112  m6_ic=0.1113
[18:41:36]   HIT  MOEXOG             sanctions_emb    lag= 30 m5_p=0.5821  m6_ic=0.0788
[18:41:37]   HIT  MOEXOG             inflation_emb    lag= 30 m5_p=0.5215  m6_ic=0.0323
[18:41:37]   HIT  MOEXOG             banking_emb      lag=  7 m5_p=0.9745  m6_ic=0.0637
[18:41:38]   HIT  MOEXOG             gold_emb         lag=  7 m5_p=0.2981  m6_ic=0.0520
[18:41:38]   HIT  MOEXOG             gold_emb         lag= 14 m5_p=0.4966  m6_ic=0.0451
[18:41:39]   HIT  MOEX10             oil_emb          lag=  7 m5_p=0.1319  m6_ic=0.0357
[18:41:39]   HIT  MOEX10             oil_emb          lag= 30 m5_p=0.1828  m6_ic=0.0573
[18:41:39]   HIT  MOEX10             rate_emb         lag=  1 m5_p=0.0783  m6_ic=0.0526
[18:41:40]   HIT  MOEX10             rate_emb         lag=  7 m5_p=0.2159  m6_ic=0.0714
[18:41:40]   HIT  MOEX10             rate_emb         lag= 14 m5_p=0.4691  m6_ic=0.0495
[18:41:40]   HIT  MOEX10             rate_emb         lag= 30 m5_p=0.7477  m6_ic=0.0642
[18:41:40]   HIT  MOEX10             ruble_emb        lag=  1 m5_p=0.3155  m6_ic=0.0362
[18:41:41]   HIT  MOEX10             ruble_emb        lag= 14 m5_p=0.8507  m6_ic=0.0382
[18:41:41]   HIT  MOEX10             sanctions_emb    lag=  1 m5_p=0.4780  m6_ic=0.1139
[18:41:42]   HIT  MOEX10             inflation_emb    lag=  1 m5_p=0.1605  m6_ic=0.0351
[18:41:42]   HIT  MOEX10             inflation_emb    lag= 14 m5_p=0.9331  m6_ic=0.0770
[18:41:43]   HIT  MOEX10             banking_emb      lag=  7 m5_p=0.9801  m6_ic=0.0639
[18:41:43]   HIT  MOEX10             banking_emb      lag= 14 m5_p=0.8787  m6_ic=0.0447
[18:41:44]   HIT  MOEX10             gold_emb         lag=  1 m5_p=0.6671  m6_ic=0.0503
[18:41:44]   HIT  MOEX10             gold_emb         lag=  7 m5_p=0.1483  m6_ic=0.1153
[18:41:44]   HIT  MOEX10             gold_emb         lag= 30 m5_p=0.3250  m6_ic=0.0731
[18:41:44]     Train: 262 signals
[18:41:44]     Val holdout (262 candidates)...
[18:41:44]     VAL PASS  SP500              oil_emb          lag= 30  m6_ic=0.0899
[18:41:45]     VAL PASS  SP500              ruble_emb        lag= 14  m6_ic=0.0561
[18:41:45]     VAL PASS  SP500              sanctions_emb    lag= 14  m6_ic=0.0681
[18:41:45]     VAL PASS  SP500              inflation_emb    lag=  1  m6_ic=0.0792
[18:41:46]     VAL PASS  SP500              inflation_emb    lag=  7  m6_ic=0.0586
[18:41:46]     VAL PASS  SP500              inflation_emb    lag= 30  m6_ic=0.0427
[18:41:46]     VAL PASS  SP500              gold_emb         lag= 14  m6_ic=0.0313
[18:41:46]     VAL PASS  USD_RUB            oil_emb          lag=  1  m6_ic=0.0595
[18:41:47]     VAL PASS  USD_RUB            oil_emb          lag= 30  m6_ic=0.0648
[18:41:47]     VAL PASS  USD_RUB            rate_emb         lag=  1  m6_ic=0.0521
[18:41:47]     VAL PASS  USD_RUB            rate_emb         lag=  7  m6_ic=0.0720
[18:41:47]     VAL PASS  USD_RUB            rate_emb         lag= 30  m6_ic=0.0915
[18:41:47]     VAL PASS  USD_RUB            ruble_emb        lag=  7  m6_ic=0.0375
[18:41:48]     VAL PASS  USD_RUB            ruble_emb        lag= 14  m6_ic=0.0778
[18:41:48]     VAL PASS  USD_RUB            sanctions_emb    lag=  7  m6_ic=0.0617
[18:41:48]     VAL PASS  USD_RUB            inflation_emb    lag=  7  m6_ic=0.0986
[18:41:48]     VAL PASS  USD_RUB            banking_emb      lag=  1  m6_ic=0.0940
[18:41:49]     VAL PASS  USD_RUB            banking_emb      lag= 30  m6_ic=0.0485
[18:41:49]     VAL PASS  USD_RUB            gold_emb         lag=  7  m6_ic=0.0684
[18:41:49]     VAL PASS  EUR_RUB            oil_emb          lag=  1  m6_ic=0.0595
[18:41:49]     VAL PASS  EUR_RUB            oil_emb          lag= 30  m6_ic=0.0648
[18:41:50]     VAL PASS  EUR_RUB            rate_emb         lag=  1  m6_ic=0.0521
[18:41:50]     VAL PASS  EUR_RUB            rate_emb         lag=  7  m6_ic=0.0720
[18:41:50]     VAL PASS  EUR_RUB            rate_emb         lag= 30  m6_ic=0.0915
[18:41:50]     VAL PASS  EUR_RUB            ruble_emb        lag=  7  m6_ic=0.0375
[18:41:50]     VAL PASS  EUR_RUB            ruble_emb        lag= 14  m6_ic=0.0778
[18:41:51]     VAL PASS  EUR_RUB            sanctions_emb    lag=  7  m6_ic=0.0617
[18:41:51]     VAL PASS  EUR_RUB            inflation_emb    lag=  7  m6_ic=0.0986
[18:41:51]     VAL PASS  EUR_RUB            banking_emb      lag=  1  m6_ic=0.0940
[18:41:52]     VAL PASS  EUR_RUB            banking_emb      lag= 30  m6_ic=0.0485
[18:41:52]     VAL PASS  EUR_RUB            gold_emb         lag=  7  m6_ic=0.0684
[18:41:52]     VAL PASS  DJ_SOUTH_AFRICA    oil_emb          lag= 14  m6_ic=0.0911
[18:41:52]     VAL PASS  DJ_SOUTH_AFRICA    oil_emb          lag= 30  m6_ic=0.0797
[18:41:52]     VAL PASS  DJ_SOUTH_AFRICA    rate_emb         lag=  1  m6_ic=0.0811
[18:41:53]     VAL PASS  DJ_SOUTH_AFRICA    rate_emb         lag= 14  m6_ic=0.1277
[18:41:53]     VAL PASS  DJ_SOUTH_AFRICA    rate_emb         lag= 30  m6_ic=0.0900
[18:41:53]     VAL PASS  DJ_SOUTH_AFRICA    ruble_emb        lag=  1  m6_ic=0.0375
[18:41:54]     VAL PASS  DJ_SOUTH_AFRICA    sanctions_emb    lag=  7  m6_ic=0.0345
[18:41:54]     VAL PASS  DJ_SOUTH_AFRICA    sanctions_emb    lag= 14  m6_ic=0.0326
[18:41:55]     VAL PASS  DJ_SOUTH_AFRICA    inflation_emb    lag= 14  m6_ic=0.0367
[18:41:55]     VAL PASS  DJ_SOUTH_AFRICA    inflation_emb    lag= 30  m6_ic=0.0317
[18:41:55]     VAL PASS  DJ_SOUTH_AFRICA    banking_emb      lag= 14  m6_ic=0.0761
[18:41:55]     VAL PASS  DJ_SOUTH_AFRICA    gold_emb         lag=  7  m6_ic=0.0435
[18:41:56]     VAL PASS  MSCI_WORLD         oil_emb          lag= 14  m6_ic=0.0370
[18:41:56]     VAL PASS  MSCI_WORLD         rate_emb         lag=  1  m6_ic=0.0447
[18:41:56]     VAL PASS  MSCI_WORLD         rate_emb         lag=  7  m6_ic=0.0648
[18:41:56]     VAL PASS  MSCI_WORLD         rate_emb         lag= 30  m6_ic=0.0473
[18:41:57]     VAL PASS  MSCI_WORLD         inflation_emb    lag=  1  m6_ic=0.0352
[18:41:57]     VAL PASS  MSCI_WORLD         inflation_emb    lag= 30  m6_ic=0.0406
[18:41:58]     VAL PASS  MSCI_WORLD         banking_emb      lag=  7  m6_ic=0.0492
[18:41:58]     VAL PASS  MSCI_WORLD         gold_emb         lag= 14  m6_ic=0.1109
[18:41:59]     VAL PASS  DXY                rate_emb         lag=  1  m6_ic=0.0713
[18:41:59]     VAL PASS  DXY                rate_emb         lag= 14  m6_ic=0.0358
[18:41:59]     VAL PASS  DXY                rate_emb         lag= 30  m6_ic=0.0598
[18:41:59]     VAL PASS  DXY                ruble_emb        lag=  7  m6_ic=0.0603
[18:42:00]     VAL PASS  DXY                ruble_emb        lag= 30  m6_ic=0.0364
[18:42:00]     VAL PASS  DXY                sanctions_emb    lag=  1  m6_ic=0.0566
[18:42:00]     VAL PASS  DXY                sanctions_emb    lag=  7  m6_ic=0.0506
[18:42:00]     VAL PASS  DXY                sanctions_emb    lag= 14  m6_ic=0.0835
[18:42:00]     VAL PASS  DXY                sanctions_emb    lag= 30  m6_ic=0.0392
[18:42:01]     VAL PASS  DXY                inflation_emb    lag=  7  m6_ic=0.0584
[18:42:01]     VAL PASS  DXY                inflation_emb    lag= 30  m6_ic=0.0529
[18:42:01]     VAL PASS  DXY                banking_emb      lag=  1  m6_ic=0.0350
[18:42:01]     VAL PASS  DXY                banking_emb      lag=  7  m6_ic=0.1067
[18:42:01]     VAL PASS  DXY                gold_emb         lag=  7  m6_ic=0.0760
[18:42:02]     VAL PASS  DXY                gold_emb         lag= 30  m6_ic=0.0619
[18:42:02]     VAL PASS  BRENT              oil_emb          lag= 14  m6_ic=0.0320
[18:42:02]     VAL PASS  BRENT              oil_emb          lag= 30  m6_ic=0.0584
[18:42:02]     VAL PASS  BRENT              rate_emb         lag=  7  m6_ic=0.0580
[18:42:02]     VAL PASS  BRENT              rate_emb         lag= 30  m6_ic=0.1135
[18:42:03]     VAL PASS  BRENT              ruble_emb        lag=  1  m6_ic=0.0408
[18:42:03]     VAL PASS  BRENT              ruble_emb        lag=  7  m6_ic=0.0386
[18:42:03]     VAL PASS  BRENT              ruble_emb        lag= 14  m6_ic=0.0512
[18:42:03]     VAL PASS  BRENT              ruble_emb        lag= 30  m6_ic=0.0439
[18:42:04]     VAL PASS  BRENT              inflation_emb    lag= 30  m6_ic=0.0603
[18:42:04]     VAL PASS  BRENT              gold_emb         lag= 30  m6_ic=0.0449
[18:42:05]     VAL PASS  MSCI_INDIA         oil_emb          lag=  1  m6_ic=0.0400
[18:42:05]     VAL PASS  MSCI_INDIA         oil_emb          lag= 30  m6_ic=0.0405
[18:42:05]     VAL PASS  MSCI_INDIA         rate_emb         lag=  1  m6_ic=0.0366
[18:42:05]     VAL PASS  MSCI_INDIA         rate_emb         lag= 30  m6_ic=0.0733
[18:42:05]     VAL PASS  MSCI_INDIA         ruble_emb        lag=  7  m6_ic=0.0481
[18:42:06]     VAL PASS  MSCI_INDIA         ruble_emb        lag= 30  m6_ic=0.0554
[18:42:06]     VAL PASS  MSCI_INDIA         inflation_emb    lag=  7  m6_ic=0.0963
[18:42:06]     VAL PASS  MSCI_INDIA         inflation_emb    lag= 14  m6_ic=0.0752
[18:42:07]     VAL PASS  MSCI_INDIA         banking_emb      lag=  1  m6_ic=0.0923
[18:42:07]     VAL PASS  MSCI_INDIA         banking_emb      lag=  7  m6_ic=0.0425
[18:42:07]     VAL PASS  MSCI_INDIA         banking_emb      lag= 30  m6_ic=0.1132
[18:42:07]     VAL PASS  MSCI_INDIA         gold_emb         lag=  7  m6_ic=0.0450
[18:42:07]     VAL PASS  MSCI_INDIA         gold_emb         lag= 30  m6_ic=0.0345
[18:42:08]     VAL PASS  CHINA_H_SHARES     oil_emb          lag=  1  m6_ic=0.0608
[18:42:08]     VAL PASS  CHINA_H_SHARES     oil_emb          lag= 30  m6_ic=0.1113
[18:42:08]     VAL PASS  CHINA_H_SHARES     rate_emb         lag=  7  m6_ic=0.0354
[18:42:08]     VAL PASS  CHINA_H_SHARES     rate_emb         lag= 14  m6_ic=0.0331
[18:42:09]     VAL PASS  CHINA_H_SHARES     ruble_emb        lag=  7  m6_ic=0.0892
[18:42:09]     VAL PASS  CHINA_H_SHARES     ruble_emb        lag= 14  m6_ic=0.1280
[18:42:09]     VAL PASS  CHINA_H_SHARES     sanctions_emb    lag=  1  m6_ic=0.0474
[18:42:09]     VAL PASS  CHINA_H_SHARES     sanctions_emb    lag=  7  m6_ic=0.0572
[18:42:09]     VAL PASS  CHINA_H_SHARES     sanctions_emb    lag= 30  m6_ic=0.0897
[18:42:10]     VAL PASS  CHINA_H_SHARES     inflation_emb    lag=  7  m6_ic=0.0534
[18:42:10]     VAL PASS  CHINA_H_SHARES     inflation_emb    lag= 14  m6_ic=0.0379
[18:42:10]     VAL PASS  CHINA_H_SHARES     inflation_emb    lag= 30  m6_ic=0.1258
[18:42:11]     VAL PASS  CHINA_H_SHARES     gold_emb         lag=  7  m6_ic=0.1018
[18:42:11]     VAL PASS  CHINA_H_SHARES     gold_emb         lag= 14  m6_ic=0.0745
[18:42:11]     VAL PASS  CHINA_H_SHARES     gold_emb         lag= 30  m6_ic=0.0575
[18:42:11]     VAL PASS  FTSE_CHINA_50      oil_emb          lag= 14  m6_ic=0.0456
[18:42:12]     VAL PASS  FTSE_CHINA_50      oil_emb          lag= 30  m6_ic=0.0821
[18:42:12]     VAL PASS  FTSE_CHINA_50      rate_emb         lag=  1  m6_ic=0.0402
[18:42:12]     VAL PASS  FTSE_CHINA_50      rate_emb         lag= 14  m6_ic=0.0535
[18:42:12]     VAL PASS  FTSE_CHINA_50      ruble_emb        lag= 14  m6_ic=0.0635
[18:42:13]     VAL PASS  FTSE_CHINA_50      sanctions_emb    lag=  7  m6_ic=0.0501
[18:42:13]     VAL PASS  FTSE_CHINA_50      sanctions_emb    lag= 30  m6_ic=0.0560
[18:42:13]     VAL PASS  FTSE_CHINA_50      inflation_emb    lag=  7  m6_ic=0.0397
[18:42:13]     VAL PASS  FTSE_CHINA_50      inflation_emb    lag= 14  m6_ic=0.0955
[18:42:14]     VAL PASS  FTSE_CHINA_50      banking_emb      lag=  1  m6_ic=0.0494
[18:42:14]     VAL PASS  FTSE_CHINA_50      gold_emb         lag=  7  m6_ic=0.0691
[18:42:14]     VAL PASS  FTSE_CHINA_50      gold_emb         lag= 14  m6_ic=0.0930
[18:42:14]     VAL PASS  FTSE_CHINA_50      gold_emb         lag= 30  m6_ic=0.0742
[18:42:15]     VAL PASS  GOLD               rate_emb         lag= 30  m6_ic=0.1112
[18:42:16]     VAL PASS  GOLD               inflation_emb    lag=  1  m6_ic=0.0444
[18:42:16]     VAL PASS  GOLD               inflation_emb    lag=  7  m6_ic=0.1382
[18:42:16]     VAL PASS  GOLD               inflation_emb    lag= 30  m6_ic=0.0972
[18:42:17]     VAL PASS  GOLD               banking_emb      lag=  7  m6_ic=0.1155
[18:42:17]     VAL PASS  GOLD               gold_emb         lag=  7  m6_ic=0.0636
[18:42:18]     VAL PASS  GOLD               gold_emb         lag= 14  m6_ic=0.0313
[18:42:18]     VAL PASS  SILVER             oil_emb          lag=  7  m6_ic=0.0794
[18:42:18]     VAL PASS  SILVER             oil_emb          lag= 14  m6_ic=0.0371
[18:42:18]     VAL PASS  SILVER             oil_emb          lag= 30  m6_ic=0.1323
[18:42:19]     VAL PASS  SILVER             rate_emb         lag=  7  m6_ic=0.0511
[18:42:19]     VAL PASS  SILVER             rate_emb         lag= 14  m6_ic=0.1074
[18:42:19]     VAL PASS  SILVER             ruble_emb        lag=  7  m6_ic=0.0758
[18:42:20]     VAL PASS  SILVER             inflation_emb    lag=  1  m6_ic=0.0448
[18:42:20]     VAL PASS  SILVER             inflation_emb    lag= 30  m6_ic=0.1342
[18:42:20]     VAL PASS  SILVER             banking_emb      lag= 30  m6_ic=0.0590
[18:42:20]     VAL PASS  SILVER             gold_emb         lag= 14  m6_ic=0.0661
[18:42:21]     VAL PASS  SILVER             gold_emb         lag= 30  m6_ic=0.1091
[18:42:21]     VAL PASS  IMOEX              oil_emb          lag= 14  m6_ic=0.0745
[18:42:21]     VAL PASS  IMOEX              rate_emb         lag= 14  m6_ic=0.1414
[18:42:21]     VAL PASS  IMOEX              rate_emb         lag= 30  m6_ic=0.1107
[18:42:22]     VAL PASS  IMOEX              ruble_emb        lag=  1  m6_ic=0.0690
[18:42:22]     VAL PASS  IMOEX              ruble_emb        lag=  7  m6_ic=0.0384
[18:42:22]     VAL PASS  IMOEX              ruble_emb        lag= 14  m6_ic=0.0690
[18:42:22]     VAL PASS  IMOEX              ruble_emb        lag= 30  m6_ic=0.0530
[18:42:22]     VAL PASS  IMOEX              sanctions_emb    lag=  1  m6_ic=0.0531
[18:42:22]     VAL PASS  IMOEX              sanctions_emb    lag=  7  m6_ic=0.0613
[18:42:23]     VAL PASS  IMOEX              inflation_emb    lag=  1  m6_ic=0.0941
[18:42:23]     VAL PASS  IMOEX              banking_emb      lag=  7  m6_ic=0.0366
[18:42:24]     VAL PASS  MOEXFN             oil_emb          lag= 30  m6_ic=0.0898
[18:42:24]     VAL PASS  MOEXFN             rate_emb         lag=  7  m6_ic=0.0698
[18:42:24]     VAL PASS  MOEXFN             rate_emb         lag= 14  m6_ic=0.1303
[18:42:24]     VAL PASS  MOEXFN             rate_emb         lag= 30  m6_ic=0.0674
[18:42:25]     VAL PASS  MOEXFN             ruble_emb        lag=  1  m6_ic=0.0860
[18:42:25]     VAL PASS  MOEXFN             ruble_emb        lag=  7  m6_ic=0.0409
[18:42:25]     VAL PASS  MOEXFN             ruble_emb        lag= 14  m6_ic=0.0746
[18:42:25]     VAL PASS  MOEXFN             sanctions_emb    lag=  1  m6_ic=0.0320
[18:42:25]     VAL PASS  MOEXFN             sanctions_emb    lag= 30  m6_ic=0.1165
[18:42:26]     VAL PASS  MOEXFN             banking_emb      lag=  1  m6_ic=0.0617
[18:42:26]     VAL PASS  MOEXFN             banking_emb      lag=  7  m6_ic=0.0610
[18:42:26]     VAL PASS  MOEXFN             gold_emb         lag=  1  m6_ic=0.0431
[18:42:27]     VAL PASS  MOEXFN             gold_emb         lag= 14  m6_ic=0.0671
[18:42:27]     VAL PASS  MOEXFN             gold_emb         lag= 30  m6_ic=0.0432
[18:42:27]     VAL PASS  MOEXOG             oil_emb          lag=  7  m6_ic=0.0760
[18:42:28]     VAL PASS  MOEXOG             rate_emb         lag=  1  m6_ic=0.0724
[18:42:28]     VAL PASS  MOEXOG             rate_emb         lag= 14  m6_ic=0.1214
[18:42:28]     VAL PASS  MOEXOG             rate_emb         lag= 30  m6_ic=0.0919
[18:42:28]     VAL PASS  MOEXOG             ruble_emb        lag=  1  m6_ic=0.0717
[18:42:28]     VAL PASS  MOEXOG             ruble_emb        lag=  7  m6_ic=0.0711
[18:42:28]     VAL PASS  MOEXOG             ruble_emb        lag= 14  m6_ic=0.0693
[18:42:29]     VAL PASS  MOEXOG             sanctions_emb    lag=  1  m6_ic=0.0403
[18:42:29]     VAL PASS  MOEXOG             sanctions_emb    lag=  7  m6_ic=0.0598
[18:42:29]     VAL PASS  MOEXOG             sanctions_emb    lag= 30  m6_ic=0.0790
[18:42:29]     VAL PASS  MOEXOG             inflation_emb    lag= 30  m6_ic=0.1262
[18:42:29]     VAL PASS  MOEXOG             banking_emb      lag=  7  m6_ic=0.0733
[18:42:30]     VAL PASS  MOEXOG             gold_emb         lag= 14  m6_ic=0.0309
[18:42:30]     VAL PASS  MOEX10             oil_emb          lag=  7  m6_ic=0.0325
[18:42:30]     VAL PASS  MOEX10             oil_emb          lag= 30  m6_ic=0.0996
[18:42:30]     VAL PASS  MOEX10             rate_emb         lag=  1  m6_ic=0.0347
[18:42:31]     VAL PASS  MOEX10             rate_emb         lag= 14  m6_ic=0.1375
[18:42:31]     VAL PASS  MOEX10             rate_emb         lag= 30  m6_ic=0.0699
[18:42:31]     VAL PASS  MOEX10             ruble_emb        lag=  1  m6_ic=0.0934
[18:42:31]     VAL PASS  MOEX10             ruble_emb        lag= 14  m6_ic=0.0760
[18:42:31]     VAL PASS  MOEX10             sanctions_emb    lag=  1  m6_ic=0.0568
[18:42:32]     VAL PASS  MOEX10             inflation_emb    lag=  1  m6_ic=0.0965
[18:42:32]     VAL PASS  MOEX10             inflation_emb    lag= 14  m6_ic=0.0362
[18:42:32]     VAL PASS  MOEX10             banking_emb      lag=  7  m6_ic=0.0565
[18:42:32]     VAL PASS  MOEX10             gold_emb         lag=  7  m6_ic=0.0845
[18:42:33]     VAL PASS  MOEX10             gold_emb         lag= 30  m6_ic=0.0375
[18:42:33]     Val: 186/262 held
[18:42:33]   Score: 2787.3  train=262  ic_max=0.1404
[18:42:33] 
[13/15] sweep_embedding_z90_market_return
[18:42:33]   Config: sweep_embedding_z90_market_return
[18:42:33]     feature=embedding_z90  target=market_return  ensemble=M6_only  ic_min=0.03
[18:42:33]   HIT  SP500              oil_emb_z        lag=  1 m5_p=0.7065  m6_ic=0.0758
[18:42:33]   HIT  SP500              oil_emb_z        lag=  7 m5_p=0.8172  m6_ic=0.0393
[18:42:33]   HIT  SP500              oil_emb_z        lag= 14 m5_p=0.0828  m6_ic=0.0797
[18:42:33]   HIT  SP500              oil_emb_z        lag= 30 m5_p=0.4790  m6_ic=0.0367
[18:42:34]   HIT  SP500              rate_emb_z       lag= 14 m5_p=0.3951  m6_ic=0.0349
[18:42:34]   HIT  SP500              rate_emb_z       lag= 30 m5_p=0.3930  m6_ic=0.0493
[18:42:34]   HIT  SP500              ruble_emb_z      lag=  1 m5_p=0.0528  m6_ic=0.0345
[18:42:35]   HIT  SP500              ruble_emb_z      lag=  7 m5_p=0.2303  m6_ic=0.0322
[18:42:35]   HIT  SP500              ruble_emb_z      lag= 30 m5_p=0.1561  m6_ic=0.0656
[18:42:36]   HIT  SP500              sanctions_emb_z  lag=  7 m5_p=0.0507  m6_ic=0.0406
[18:42:36]   HIT  SP500              sanctions_emb_z  lag= 14 m5_p=0.7268  m6_ic=0.0771
[18:42:36]   HIT  SP500              sanctions_emb_z  lag= 30 m5_p=0.3147  m6_ic=0.0317
[18:42:36]   HIT  SP500              inflation_emb_z  lag=  1 m5_p=0.6456  m6_ic=0.0562
[18:42:37]   HIT  SP500              inflation_emb_z  lag= 14 m5_p=0.2256  m6_ic=0.0719
[18:42:38]   HIT  SP500              gold_emb_z       lag=  1 m5_p=0.7799  m6_ic=0.0570
[18:42:38]   HIT  SP500              gold_emb_z       lag= 14 m5_p=0.3237  m6_ic=0.0434
[18:42:38]   HIT  SP500              gold_emb_z       lag= 30 m5_p=0.7182  m6_ic=0.0535
[18:42:39]   HIT  USD_RUB            rate_emb_z       lag=  1 m5_p=0.1612  m6_ic=0.0426
[18:42:40]   HIT  USD_RUB            rate_emb_z       lag=  7 m5_p=0.0977  m6_ic=0.0986
[18:42:40]   HIT  USD_RUB            rate_emb_z       lag= 14 m5_p=0.0392  m6_ic=0.0645
[18:42:40]   HIT  USD_RUB            ruble_emb_z      lag=  1 m5_p=0.1687  m6_ic=0.0304
[18:42:41]   HIT  USD_RUB            ruble_emb_z      lag= 14 m5_p=0.1574  m6_ic=0.0438
[18:42:41]   HIT  USD_RUB            ruble_emb_z      lag= 30 m5_p=0.7797  m6_ic=0.0355
[18:42:41]   HIT  USD_RUB            sanctions_emb_z  lag=  7 m5_p=0.8898  m6_ic=0.0510
[18:42:42]   HIT  USD_RUB            sanctions_emb_z  lag= 30 m5_p=0.4128  m6_ic=0.0490
[18:42:42]   HIT  USD_RUB            inflation_emb_z  lag=  1 m5_p=0.0553  m6_ic=0.0413
[18:42:42]   HIT  USD_RUB            inflation_emb_z  lag=  7 m5_p=0.7697  m6_ic=0.0331
[18:42:42]   HIT  USD_RUB            inflation_emb_z  lag= 14 m5_p=0.8057  m6_ic=0.0337
[18:42:42]   HIT  USD_RUB            inflation_emb_z  lag= 30 m5_p=0.5802  m6_ic=0.0884
[18:42:43]   HIT  USD_RUB            banking_emb_z    lag=  1 m5_p=0.9126  m6_ic=0.0434
[18:42:43]   HIT  USD_RUB            banking_emb_z    lag=  7 m5_p=0.6943  m6_ic=0.1137
[18:42:43]   HIT  USD_RUB            banking_emb_z    lag= 14 m5_p=0.8123  m6_ic=0.0337
[18:42:43]   HIT  USD_RUB            gold_emb_z       lag=  1 m5_p=0.5974  m6_ic=0.0501
[18:42:44]   HIT  USD_RUB            gold_emb_z       lag=  7 m5_p=0.7851  m6_ic=0.1043
[18:42:44]   HIT  USD_RUB            gold_emb_z       lag= 30 m5_p=0.2632  m6_ic=0.0432
[18:42:45]   HIT  EUR_RUB            rate_emb_z       lag=  1 m5_p=0.1612  m6_ic=0.0426
[18:42:45]   HIT  EUR_RUB            rate_emb_z       lag=  7 m5_p=0.0977  m6_ic=0.0986
[18:42:45]   HIT  EUR_RUB            rate_emb_z       lag= 14 m5_p=0.0392  m6_ic=0.0645
[18:42:46]   HIT  EUR_RUB            ruble_emb_z      lag=  1 m5_p=0.1687  m6_ic=0.0304
[18:42:46]   HIT  EUR_RUB            ruble_emb_z      lag= 14 m5_p=0.1574  m6_ic=0.0438
[18:42:47]   HIT  EUR_RUB            ruble_emb_z      lag= 30 m5_p=0.7797  m6_ic=0.0355
[18:42:47]   HIT  EUR_RUB            sanctions_emb_z  lag=  7 m5_p=0.8898  m6_ic=0.0510
[18:42:47]   HIT  EUR_RUB            sanctions_emb_z  lag= 30 m5_p=0.4128  m6_ic=0.0490
[18:42:48]   HIT  EUR_RUB            inflation_emb_z  lag=  1 m5_p=0.0553  m6_ic=0.0413
[18:42:48]   HIT  EUR_RUB            inflation_emb_z  lag=  7 m5_p=0.7697  m6_ic=0.0331
[18:42:48]   HIT  EUR_RUB            inflation_emb_z  lag= 14 m5_p=0.8057  m6_ic=0.0337
[18:42:48]   HIT  EUR_RUB            inflation_emb_z  lag= 30 m5_p=0.5802  m6_ic=0.0884
[18:42:48]   HIT  EUR_RUB            banking_emb_z    lag=  1 m5_p=0.9126  m6_ic=0.0434
[18:42:49]   HIT  EUR_RUB            banking_emb_z    lag=  7 m5_p=0.6943  m6_ic=0.1137
[18:42:49]   HIT  EUR_RUB            banking_emb_z    lag= 14 m5_p=0.8123  m6_ic=0.0337
[18:42:49]   HIT  EUR_RUB            gold_emb_z       lag=  1 m5_p=0.5974  m6_ic=0.0501
[18:42:49]   HIT  EUR_RUB            gold_emb_z       lag=  7 m5_p=0.7851  m6_ic=0.1043
[18:42:50]   HIT  EUR_RUB            gold_emb_z       lag= 30 m5_p=0.2632  m6_ic=0.0432
[18:42:50]   HIT  DJ_SOUTH_AFRICA    oil_emb_z        lag=  1 m5_p=0.8221  m6_ic=0.1124
[18:42:51]   HIT  DJ_SOUTH_AFRICA    oil_emb_z        lag= 30 m5_p=0.6389  m6_ic=0.1014
[18:42:51]   HIT  DJ_SOUTH_AFRICA    rate_emb_z       lag= 14 m5_p=0.5234  m6_ic=0.0418
[18:42:51]   HIT  DJ_SOUTH_AFRICA    rate_emb_z       lag= 30 m5_p=0.3592  m6_ic=0.0611
[18:42:53]   HIT  DJ_SOUTH_AFRICA    sanctions_emb_z  lag=  7 m5_p=0.0434  m6_ic=0.0670
[18:42:53]   HIT  DJ_SOUTH_AFRICA    inflation_emb_z  lag=  1 m5_p=0.3201  m6_ic=0.0449
[18:42:54]   HIT  DJ_SOUTH_AFRICA    inflation_emb_z  lag= 30 m5_p=0.8809  m6_ic=0.0922
[18:42:54]   HIT  DJ_SOUTH_AFRICA    banking_emb_z    lag=  1 m5_p=0.3918  m6_ic=0.0604
[18:42:54]   HIT  DJ_SOUTH_AFRICA    banking_emb_z    lag= 14 m5_p=0.5033  m6_ic=0.0547
[18:42:55]   HIT  DJ_SOUTH_AFRICA    banking_emb_z    lag= 30 m5_p=0.6983  m6_ic=0.0314
[18:42:55]   HIT  DJ_SOUTH_AFRICA    gold_emb_z       lag=  7 m5_p=0.2064  m6_ic=0.0798
[18:42:56]   HIT  MSCI_WORLD         oil_emb_z        lag=  1 m5_p=0.2689  m6_ic=0.1514
[18:42:56]   HIT  MSCI_WORLD         oil_emb_z        lag=  7 m5_p=0.2210  m6_ic=0.0657
[18:42:57]   HIT  MSCI_WORLD         rate_emb_z       lag=  7 m5_p=0.1228  m6_ic=0.0539
[18:42:57]   HIT  MSCI_WORLD         rate_emb_z       lag= 14 m5_p=0.1286  m6_ic=0.0381
[18:42:57]   HIT  MSCI_WORLD         ruble_emb_z      lag=  1 m5_p=0.1664  m6_ic=0.0711
[18:42:58]   HIT  MSCI_WORLD         ruble_emb_z      lag= 14 m5_p=0.9920  m6_ic=0.0324
[18:42:58]   HIT  MSCI_WORLD         ruble_emb_z      lag= 30 m5_p=0.4841  m6_ic=0.0353
[18:42:58]   HIT  MSCI_WORLD         sanctions_emb_z  lag=  1 m5_p=0.5408  m6_ic=0.0361
[18:42:58]   HIT  MSCI_WORLD         sanctions_emb_z  lag=  7 m5_p=0.5700  m6_ic=0.0598
[18:42:58]   HIT  MSCI_WORLD         sanctions_emb_z  lag= 14 m5_p=0.9735  m6_ic=0.0894
[18:42:59]   HIT  MSCI_WORLD         inflation_emb_z  lag=  7 m5_p=0.8886  m6_ic=0.0742
[18:42:59]   HIT  MSCI_WORLD         inflation_emb_z  lag= 14 m5_p=0.7276  m6_ic=0.0477
[18:42:59]   HIT  MSCI_WORLD         inflation_emb_z  lag= 30 m5_p=0.9393  m6_ic=0.0709
[18:43:00]   HIT  MSCI_WORLD         banking_emb_z    lag=  7 m5_p=0.6228  m6_ic=0.0597
[18:43:00]   HIT  MSCI_WORLD         banking_emb_z    lag= 14 m5_p=0.1712  m6_ic=0.0603
[18:43:00]   HIT  MSCI_WORLD         gold_emb_z       lag=  1 m5_p=0.6457  m6_ic=0.0383
[18:43:01]   HIT  DXY                oil_emb_z        lag=  1 m5_p=0.4736  m6_ic=0.0546
[18:43:01]   HIT  DXY                oil_emb_z        lag=  7 m5_p=0.4423  m6_ic=0.0927
[18:43:02]   HIT  DXY                oil_emb_z        lag= 14 m5_p=0.6408  m6_ic=0.0967
[18:43:02]   HIT  DXY                rate_emb_z       lag=  1 m5_p=0.8266  m6_ic=0.0799
[18:43:02]   HIT  DXY                rate_emb_z       lag= 14 m5_p=0.0288  m6_ic=0.0476
[18:43:03]   HIT  DXY                rate_emb_z       lag= 30 m5_p=0.3048  m6_ic=0.1179
[18:43:03]   HIT  DXY                ruble_emb_z      lag= 14 m5_p=0.8457  m6_ic=0.0645
[18:43:04]   HIT  DXY                ruble_emb_z      lag= 30 m5_p=0.5505  m6_ic=0.0900
[18:43:04]   HIT  DXY                sanctions_emb_z  lag=  7 m5_p=0.7069  m6_ic=0.0317
[18:43:04]   HIT  DXY                sanctions_emb_z  lag= 14 m5_p=0.4139  m6_ic=0.0336
[18:43:04]   HIT  DXY                sanctions_emb_z  lag= 30 m5_p=0.7200  m6_ic=0.0340
[18:43:05]   HIT  DXY                inflation_emb_z  lag=  1 m5_p=0.4382  m6_ic=0.0632
[18:43:05]   HIT  DXY                inflation_emb_z  lag=  7 m5_p=0.2982  m6_ic=0.0526
[18:43:05]   HIT  DXY                inflation_emb_z  lag= 14 m5_p=0.3512  m6_ic=0.0762
[18:43:05]   HIT  DXY                inflation_emb_z  lag= 30 m5_p=0.9893  m6_ic=0.0311
[18:43:05]   HIT  DXY                banking_emb_z    lag=  1 m5_p=0.3739  m6_ic=0.0356
[18:43:06]   HIT  DXY                banking_emb_z    lag= 14 m5_p=0.5128  m6_ic=0.0831
[18:43:06]   HIT  DXY                banking_emb_z    lag= 30 m5_p=0.7877  m6_ic=0.0443
[18:43:06]   HIT  DXY                gold_emb_z       lag=  7 m5_p=0.9712  m6_ic=0.0320
[18:43:07]   HIT  DXY                gold_emb_z       lag= 30 m5_p=0.9228  m6_ic=0.0432
[18:43:07]   HIT  BRENT              oil_emb_z        lag=  1 m5_p=0.1011  m6_ic=0.0347
[18:43:08]   HIT  BRENT              rate_emb_z       lag=  1 m5_p=0.4142  m6_ic=0.0450
[18:43:08]   HIT  BRENT              rate_emb_z       lag=  7 m5_p=0.3267  m6_ic=0.0813
[18:43:08]   HIT  BRENT              rate_emb_z       lag= 14 m5_p=0.9474  m6_ic=0.0788
[18:43:08]   HIT  BRENT              rate_emb_z       lag= 30 m5_p=0.3689  m6_ic=0.0331
[18:43:09]   HIT  BRENT              ruble_emb_z      lag=  7 m5_p=0.1636  m6_ic=0.0421
[18:43:09]   HIT  BRENT              ruble_emb_z      lag= 14 m5_p=0.6055  m6_ic=0.0882
[18:43:09]   HIT  BRENT              sanctions_emb_z  lag=  7 m5_p=0.3355  m6_ic=0.0415
[18:43:10]   HIT  BRENT              sanctions_emb_z  lag= 30 m5_p=0.7604  m6_ic=0.1134
[18:43:10]   HIT  BRENT              inflation_emb_z  lag=  7 m5_p=0.1354  m6_ic=0.1402
[18:43:10]   HIT  BRENT              inflation_emb_z  lag= 14 m5_p=0.4514  m6_ic=0.0348
[18:43:11]   HIT  BRENT              inflation_emb_z  lag= 30 m5_p=0.4299  m6_ic=0.0383
[18:43:11]   HIT  BRENT              banking_emb_z    lag=  1 m5_p=0.8689  m6_ic=0.1221
[18:43:12]   HIT  BRENT              gold_emb_z       lag=  1 m5_p=0.6198  m6_ic=0.0328
[18:43:12]   HIT  BRENT              gold_emb_z       lag= 30 m5_p=0.3724  m6_ic=0.0887
[18:43:12]   HIT  MSCI_INDIA         oil_emb_z        lag=  1 m5_p=0.6784  m6_ic=0.0840
[18:43:13]   HIT  MSCI_INDIA         oil_emb_z        lag=  7 m5_p=0.0789  m6_ic=0.0701
[18:43:13]   HIT  MSCI_INDIA         oil_emb_z        lag= 30 m5_p=0.9424  m6_ic=0.0797
[18:43:13]   HIT  MSCI_INDIA         rate_emb_z       lag=  1 m5_p=0.1855  m6_ic=0.0719
[18:43:13]   HIT  MSCI_INDIA         rate_emb_z       lag=  7 m5_p=0.9259  m6_ic=0.0988
[18:43:14]   HIT  MSCI_INDIA         ruble_emb_z      lag=  1 m5_p=0.5372  m6_ic=0.0638
[18:43:14]   HIT  MSCI_INDIA         ruble_emb_z      lag=  7 m5_p=0.3100  m6_ic=0.0367
[18:43:15]   HIT  MSCI_INDIA         ruble_emb_z      lag= 30 m5_p=0.1705  m6_ic=0.0686
[18:43:15]   HIT  MSCI_INDIA         sanctions_emb_z  lag=  1 m5_p=0.5988  m6_ic=0.0495
[18:43:15]   HIT  MSCI_INDIA         sanctions_emb_z  lag=  7 m5_p=0.8932  m6_ic=0.0586
[18:43:16]   HIT  MSCI_INDIA         inflation_emb_z  lag= 14 m5_p=0.0209  m6_ic=0.0699
[18:43:17]   HIT  MSCI_INDIA         banking_emb_z    lag= 30 m5_p=0.9294  m6_ic=0.0577
[18:43:17]   HIT  MSCI_INDIA         gold_emb_z       lag=  1 m5_p=0.6979  m6_ic=0.0594
[18:43:17]   HIT  MSCI_INDIA         gold_emb_z       lag=  7 m5_p=0.5940  m6_ic=0.0545
[18:43:18]   HIT  MSCI_INDIA         gold_emb_z       lag= 30 m5_p=0.8681  m6_ic=0.0582
[18:43:18]   HIT  CHINA_H_SHARES     oil_emb_z        lag=  1 m5_p=0.9893  m6_ic=0.0724
[18:43:19]   HIT  CHINA_H_SHARES     oil_emb_z        lag= 30 m5_p=0.7057  m6_ic=0.0362
[18:43:19]   HIT  CHINA_H_SHARES     rate_emb_z       lag= 14 m5_p=0.0364  m6_ic=0.0403
[18:43:20]   HIT  CHINA_H_SHARES     rate_emb_z       lag= 30 m5_p=0.4860  m6_ic=0.0910
[18:43:20]   HIT  CHINA_H_SHARES     ruble_emb_z      lag=  1 m5_p=0.1288  m6_ic=0.0651
[18:43:20]   HIT  CHINA_H_SHARES     ruble_emb_z      lag=  7 m5_p=0.0258  m6_ic=0.0937
[18:43:20]   HIT  CHINA_H_SHARES     ruble_emb_z      lag= 14 m5_p=0.6639  m6_ic=0.0697
[18:43:20]   HIT  CHINA_H_SHARES     ruble_emb_z      lag= 30 m5_p=0.8530  m6_ic=0.0383
[18:43:21]   HIT  CHINA_H_SHARES     sanctions_emb_z  lag=  1 m5_p=0.4712  m6_ic=0.0567
[18:43:21]   HIT  CHINA_H_SHARES     sanctions_emb_z  lag=  7 m5_p=0.4604  m6_ic=0.0971
[18:43:21]   HIT  CHINA_H_SHARES     sanctions_emb_z  lag= 30 m5_p=0.9912  m6_ic=0.0599
[18:43:22]   HIT  CHINA_H_SHARES     inflation_emb_z  lag=  7 m5_p=0.9088  m6_ic=0.0790
[18:43:22]   HIT  CHINA_H_SHARES     inflation_emb_z  lag= 14 m5_p=0.0994  m6_ic=0.0681
[18:43:22]   HIT  CHINA_H_SHARES     inflation_emb_z  lag= 30 m5_p=0.6375  m6_ic=0.0694
[18:43:22]   HIT  CHINA_H_SHARES     banking_emb_z    lag=  1 m5_p=0.9391  m6_ic=0.0503
[18:43:22]   HIT  CHINA_H_SHARES     banking_emb_z    lag=  7 m5_p=0.8681  m6_ic=0.0387
[18:43:23]   HIT  CHINA_H_SHARES     banking_emb_z    lag= 14 m5_p=0.8741  m6_ic=0.1206
[18:43:23]   HIT  CHINA_H_SHARES     gold_emb_z       lag=  7 m5_p=0.9698  m6_ic=0.0383
[18:43:24]   HIT  FTSE_CHINA_50      oil_emb_z        lag=  1 m5_p=0.8491  m6_ic=0.0405
[18:43:25]   HIT  FTSE_CHINA_50      rate_emb_z       lag=  7 m5_p=0.7444  m6_ic=0.0365
[18:43:25]   HIT  FTSE_CHINA_50      rate_emb_z       lag= 14 m5_p=0.0357  m6_ic=0.0421
[18:43:25]   HIT  FTSE_CHINA_50      rate_emb_z       lag= 30 m5_p=0.3121  m6_ic=0.0740
[18:43:25]   HIT  FTSE_CHINA_50      ruble_emb_z      lag=  1 m5_p=0.0784  m6_ic=0.0809
[18:43:26]   HIT  FTSE_CHINA_50      ruble_emb_z      lag=  7 m5_p=0.0464  m6_ic=0.0841
[18:43:26]   HIT  FTSE_CHINA_50      ruble_emb_z      lag= 14 m5_p=0.6174  m6_ic=0.0732
[18:43:26]   HIT  FTSE_CHINA_50      ruble_emb_z      lag= 30 m5_p=0.8329  m6_ic=0.0443
[18:43:26]   HIT  FTSE_CHINA_50      sanctions_emb_z  lag=  1 m5_p=0.3410  m6_ic=0.0346
[18:43:26]   HIT  FTSE_CHINA_50      sanctions_emb_z  lag=  7 m5_p=0.5076  m6_ic=0.0943
[18:43:27]   HIT  FTSE_CHINA_50      sanctions_emb_z  lag= 30 m5_p=0.8105  m6_ic=0.0432
[18:43:27]   HIT  FTSE_CHINA_50      inflation_emb_z  lag=  7 m5_p=0.9227  m6_ic=0.0687
[18:43:27]   HIT  FTSE_CHINA_50      inflation_emb_z  lag= 14 m5_p=0.0992  m6_ic=0.0651
[18:43:28]   HIT  FTSE_CHINA_50      inflation_emb_z  lag= 30 m5_p=0.5427  m6_ic=0.0894
[18:43:28]   HIT  FTSE_CHINA_50      banking_emb_z    lag=  1 m5_p=0.9363  m6_ic=0.0318
[18:43:28]   HIT  FTSE_CHINA_50      banking_emb_z    lag=  7 m5_p=0.6325  m6_ic=0.0315
[18:43:28]   HIT  FTSE_CHINA_50      banking_emb_z    lag= 14 m5_p=0.7967  m6_ic=0.1036
[18:43:29]   HIT  FTSE_CHINA_50      gold_emb_z       lag=  7 m5_p=0.7251  m6_ic=0.0612
[18:43:30]   HIT  GOLD               oil_emb_z        lag= 14 m5_p=0.2620  m6_ic=0.0581
[18:43:30]   HIT  GOLD               oil_emb_z        lag= 30 m5_p=0.6483  m6_ic=0.0605
[18:43:30]   HIT  GOLD               rate_emb_z       lag=  1 m5_p=0.7457  m6_ic=0.0963
[18:43:30]   HIT  GOLD               rate_emb_z       lag= 14 m5_p=0.3958  m6_ic=0.0432
[18:43:31]   HIT  GOLD               rate_emb_z       lag= 30 m5_p=0.9518  m6_ic=0.1247
[18:43:31]   HIT  GOLD               ruble_emb_z      lag=  7 m5_p=0.1019  m6_ic=0.0459
[18:43:31]   HIT  GOLD               ruble_emb_z      lag= 14 m5_p=0.6285  m6_ic=0.0650
[18:43:31]   HIT  GOLD               ruble_emb_z      lag= 30 m5_p=0.9995  m6_ic=0.0908
[18:43:32]   HIT  GOLD               sanctions_emb_z  lag=  1 m5_p=0.6497  m6_ic=0.0709
[18:43:32]   HIT  GOLD               sanctions_emb_z  lag= 14 m5_p=0.2963  m6_ic=0.0583
[18:43:32]   HIT  GOLD               sanctions_emb_z  lag= 30 m5_p=0.9756  m6_ic=0.0771
[18:43:32]   HIT  GOLD               inflation_emb_z  lag=  1 m5_p=0.8350  m6_ic=0.1288
[18:43:33]   HIT  GOLD               inflation_emb_z  lag= 14 m5_p=0.7996  m6_ic=0.0665
[18:43:33]   HIT  GOLD               banking_emb_z    lag=  1 m5_p=0.1266  m6_ic=0.0524
[18:43:33]   HIT  GOLD               banking_emb_z    lag= 14 m5_p=0.4410  m6_ic=0.0481
[18:43:34]   HIT  GOLD               gold_emb_z       lag=  1 m5_p=0.6920  m6_ic=0.0673
[18:43:34]   HIT  GOLD               gold_emb_z       lag=  7 m5_p=0.5645  m6_ic=0.1370
[18:43:34]   HIT  GOLD               gold_emb_z       lag= 30 m5_p=0.4815  m6_ic=0.0461
[18:43:35]   HIT  SILVER             oil_emb_z        lag=  1 m5_p=0.6895  m6_ic=0.0366
[18:43:35]   HIT  SILVER             oil_emb_z        lag=  7 m5_p=0.4870  m6_ic=0.0364
[18:43:35]   HIT  SILVER             oil_emb_z        lag= 14 m5_p=0.9875  m6_ic=0.0543
[18:43:35]   HIT  SILVER             rate_emb_z       lag=  1 m5_p=0.7504  m6_ic=0.0501
[18:43:36]   HIT  SILVER             rate_emb_z       lag=  7 m5_p=0.1456  m6_ic=0.0333
[18:43:36]   HIT  SILVER             rate_emb_z       lag= 30 m5_p=0.7659  m6_ic=0.0507
[18:43:36]   HIT  SILVER             ruble_emb_z      lag=  1 m5_p=0.4948  m6_ic=0.0589
[18:43:36]   HIT  SILVER             ruble_emb_z      lag=  7 m5_p=0.4274  m6_ic=0.1058
[18:43:37]   HIT  SILVER             ruble_emb_z      lag= 14 m5_p=0.4557  m6_ic=0.0451
[18:43:37]   HIT  SILVER             ruble_emb_z      lag= 30 m5_p=0.9529  m6_ic=0.0911
[18:43:37]   HIT  SILVER             sanctions_emb_z  lag=  1 m5_p=0.8650  m6_ic=0.0795
[18:43:37]   HIT  SILVER             sanctions_emb_z  lag= 14 m5_p=0.6519  m6_ic=0.0563
[18:43:38]   HIT  SILVER             sanctions_emb_z  lag= 30 m5_p=0.2999  m6_ic=0.0628
[18:43:38]   HIT  SILVER             inflation_emb_z  lag=  1 m5_p=0.5365  m6_ic=0.0332
[18:43:38]   HIT  SILVER             inflation_emb_z  lag= 14 m5_p=0.4693  m6_ic=0.0385
[18:43:38]   HIT  SILVER             inflation_emb_z  lag= 30 m5_p=0.3962  m6_ic=0.0404
[18:43:39]   HIT  SILVER             gold_emb_z       lag=  1 m5_p=0.7854  m6_ic=0.0433
[18:43:40]   HIT  SILVER             gold_emb_z       lag=  7 m5_p=0.2833  m6_ic=0.0583
[18:43:40]   HIT  SILVER             gold_emb_z       lag= 14 m5_p=0.9673  m6_ic=0.0550
[18:43:40]   HIT  IMOEX              oil_emb_z        lag=  7 m5_p=0.0775  m6_ic=0.0426
[18:43:41]   HIT  IMOEX              rate_emb_z       lag=  7 m5_p=0.2090  m6_ic=0.0853
[18:43:41]   HIT  IMOEX              rate_emb_z       lag= 14 m5_p=0.4143  m6_ic=0.0941
[18:43:41]   HIT  IMOEX              rate_emb_z       lag= 30 m5_p=0.6379  m6_ic=0.0740
[18:43:42]   HIT  IMOEX              ruble_emb_z      lag=  7 m5_p=0.8983  m6_ic=0.0365
[18:43:42]   HIT  IMOEX              ruble_emb_z      lag= 14 m5_p=0.5601  m6_ic=0.0870
[18:43:42]   HIT  IMOEX              ruble_emb_z      lag= 30 m5_p=0.4858  m6_ic=0.1052
[18:43:42]   HIT  IMOEX              sanctions_emb_z  lag=  1 m5_p=0.8655  m6_ic=0.0635
[18:43:43]   HIT  IMOEX              sanctions_emb_z  lag=  7 m5_p=0.1284  m6_ic=0.0402
[18:43:43]   HIT  IMOEX              sanctions_emb_z  lag= 14 m5_p=0.3439  m6_ic=0.0984
[18:43:43]   HIT  IMOEX              sanctions_emb_z  lag= 30 m5_p=0.2528  m6_ic=0.0877
[18:43:43]   HIT  IMOEX              inflation_emb_z  lag=  1 m5_p=0.2269  m6_ic=0.0885
[18:43:43]   HIT  IMOEX              inflation_emb_z  lag=  7 m5_p=0.4770  m6_ic=0.0760
[18:43:44]   HIT  IMOEX              inflation_emb_z  lag= 30 m5_p=0.2827  m6_ic=0.0794
[18:43:44]   HIT  IMOEX              banking_emb_z    lag=  7 m5_p=0.4350  m6_ic=0.0478
[18:43:46]   HIT  MOEXFN             oil_emb_z        lag=  7 m5_p=0.1384  m6_ic=0.0418
[18:43:46]   HIT  MOEXFN             oil_emb_z        lag= 30 m5_p=0.3234  m6_ic=0.1036
[18:43:47]   HIT  MOEXFN             rate_emb_z       lag= 14 m5_p=0.1283  m6_ic=0.0745
[18:43:47]   HIT  MOEXFN             ruble_emb_z      lag=  1 m5_p=0.1970  m6_ic=0.0331
[18:43:48]   HIT  MOEXFN             ruble_emb_z      lag= 14 m5_p=0.9925  m6_ic=0.0471
[18:43:48]   HIT  MOEXFN             ruble_emb_z      lag= 30 m5_p=0.8908  m6_ic=0.0996
[18:43:49]   HIT  MOEXFN             sanctions_emb_z  lag= 30 m5_p=0.3830  m6_ic=0.0520
[18:43:49]   HIT  MOEXFN             inflation_emb_z  lag=  7 m5_p=0.4968  m6_ic=0.1050
[18:43:49]   HIT  MOEXFN             inflation_emb_z  lag= 14 m5_p=0.9658  m6_ic=0.0334
[18:43:49]   HIT  MOEXFN             inflation_emb_z  lag= 30 m5_p=0.6884  m6_ic=0.0354
[18:43:50]   HIT  MOEXFN             banking_emb_z    lag= 30 m5_p=0.7341  m6_ic=0.0503
[18:43:51]   HIT  MOEXFN             gold_emb_z       lag= 14 m5_p=0.2758  m6_ic=0.0430
[18:43:51]   HIT  MOEXOG             oil_emb_z        lag=  1 m5_p=0.7135  m6_ic=0.0718
[18:43:51]   HIT  MOEXOG             oil_emb_z        lag=  7 m5_p=0.0733  m6_ic=0.1059
[18:43:51]   HIT  MOEXOG             oil_emb_z        lag= 14 m5_p=0.9043  m6_ic=0.0620
[18:43:52]   HIT  MOEXOG             oil_emb_z        lag= 30 m5_p=0.1069  m6_ic=0.0736
[18:43:52]   HIT  MOEXOG             rate_emb_z       lag=  7 m5_p=0.0755  m6_ic=0.0722
[18:43:52]   HIT  MOEXOG             rate_emb_z       lag= 14 m5_p=0.6295  m6_ic=0.1002
[18:43:52]   HIT  MOEXOG             rate_emb_z       lag= 30 m5_p=0.4671  m6_ic=0.0770
[18:43:53]   HIT  MOEXOG             ruble_emb_z      lag= 14 m5_p=0.7797  m6_ic=0.0519
[18:43:53]   HIT  MOEXOG             ruble_emb_z      lag= 30 m5_p=0.1859  m6_ic=0.0760
[18:43:54]   HIT  MOEXOG             sanctions_emb_z  lag=  7 m5_p=0.2161  m6_ic=0.0405
[18:43:54]   HIT  MOEXOG             inflation_emb_z  lag=  1 m5_p=0.1669  m6_ic=0.0863
[18:43:54]   HIT  MOEXOG             inflation_emb_z  lag=  7 m5_p=0.4320  m6_ic=0.0360
[18:43:55]   HIT  MOEXOG             inflation_emb_z  lag= 30 m5_p=0.3389  m6_ic=0.0472
[18:43:56]   HIT  MOEXOG             banking_emb_z    lag= 30 m5_p=0.7124  m6_ic=0.0584
[18:43:56]   HIT  MOEXOG             gold_emb_z       lag=  1 m5_p=0.6755  m6_ic=0.0347
[18:43:56]   HIT  MOEXOG             gold_emb_z       lag=  7 m5_p=0.2092  m6_ic=0.0829
[18:43:56]   HIT  MOEXOG             gold_emb_z       lag= 14 m5_p=0.4845  m6_ic=0.0778
[18:43:56]   HIT  MOEXOG             gold_emb_z       lag= 30 m5_p=0.5771  m6_ic=0.0319
[18:43:57]   HIT  MOEX10             oil_emb_z        lag= 14 m5_p=0.7244  m6_ic=0.0301
[18:43:57]   HIT  MOEX10             oil_emb_z        lag= 30 m5_p=0.1532  m6_ic=0.0940
[18:43:58]   HIT  MOEX10             rate_emb_z       lag= 14 m5_p=0.5362  m6_ic=0.0615
[18:43:58]   HIT  MOEX10             ruble_emb_z      lag=  1 m5_p=0.2101  m6_ic=0.0667
[18:43:59]   HIT  MOEX10             ruble_emb_z      lag= 30 m5_p=0.1711  m6_ic=0.0947
[18:43:59]   HIT  MOEX10             sanctions_emb_z  lag= 14 m5_p=0.1501  m6_ic=0.0430
[18:44:00]   HIT  MOEX10             inflation_emb_z  lag=  1 m5_p=0.2963  m6_ic=0.0465
[18:44:00]   HIT  MOEX10             inflation_emb_z  lag=  7 m5_p=0.4887  m6_ic=0.0685
[18:44:00]   HIT  MOEX10             inflation_emb_z  lag= 14 m5_p=0.8985  m6_ic=0.0505
[18:44:01]   HIT  MOEX10             banking_emb_z    lag= 14 m5_p=0.7807  m6_ic=0.0464
[18:44:01]   HIT  MOEX10             banking_emb_z    lag= 30 m5_p=0.6500  m6_ic=0.0796
[18:44:02]   HIT  MOEX10             gold_emb_z       lag= 30 m5_p=0.7972  m6_ic=0.0517
[18:44:02]     Train: 260 signals
[18:44:02]     Val holdout (260 candidates)...
[18:44:02]     VAL PASS  SP500              oil_emb_z        lag=  1  m6_ic=0.0710
[18:44:02]     VAL PASS  SP500              oil_emb_z        lag=  7  m6_ic=0.0531
[18:44:02]     VAL PASS  SP500              oil_emb_z        lag= 14  m6_ic=0.0603
[18:44:03]     VAL PASS  SP500              rate_emb_z       lag= 14  m6_ic=0.0688
[18:44:03]     VAL PASS  SP500              rate_emb_z       lag= 30  m6_ic=0.0745
[18:44:03]     VAL PASS  SP500              ruble_emb_z      lag=  1  m6_ic=0.0875
[18:44:03]     VAL PASS  SP500              ruble_emb_z      lag=  7  m6_ic=0.0653
[18:44:04]     VAL PASS  SP500              sanctions_emb_z  lag= 14  m6_ic=0.0501
[18:44:04]     VAL PASS  SP500              sanctions_emb_z  lag= 30  m6_ic=0.1002
[18:44:05]     VAL PASS  SP500              inflation_emb_z  lag=  1  m6_ic=0.0800
[18:44:05]     VAL PASS  SP500              inflation_emb_z  lag= 14  m6_ic=0.0769
[18:44:05]     VAL PASS  SP500              gold_emb_z       lag= 14  m6_ic=0.0349
[18:44:05]     VAL PASS  SP500              gold_emb_z       lag= 30  m6_ic=0.1651
[18:44:06]     VAL PASS  USD_RUB            rate_emb_z       lag=  1  m6_ic=0.0935
[18:44:06]     VAL PASS  USD_RUB            rate_emb_z       lag=  7  m6_ic=0.0575
[18:44:06]     VAL PASS  USD_RUB            ruble_emb_z      lag= 14  m6_ic=0.0617
[18:44:07]     VAL PASS  USD_RUB            ruble_emb_z      lag= 30  m6_ic=0.0522
[18:44:07]     VAL PASS  USD_RUB            sanctions_emb_z  lag=  7  m6_ic=0.0575
[18:44:07]     VAL PASS  USD_RUB            inflation_emb_z  lag=  1  m6_ic=0.0509
[18:44:07]     VAL PASS  USD_RUB            inflation_emb_z  lag=  7  m6_ic=0.0921
[18:44:08]     VAL PASS  USD_RUB            inflation_emb_z  lag= 30  m6_ic=0.0370
[18:44:08]     VAL PASS  USD_RUB            banking_emb_z    lag=  1  m6_ic=0.0343
[18:44:09]     VAL PASS  USD_RUB            gold_emb_z       lag=  1  m6_ic=0.0917
[18:44:09]     VAL PASS  USD_RUB            gold_emb_z       lag= 30  m6_ic=0.0586
[18:44:09]     VAL PASS  EUR_RUB            rate_emb_z       lag=  1  m6_ic=0.0935
[18:44:09]     VAL PASS  EUR_RUB            rate_emb_z       lag=  7  m6_ic=0.0575
[18:44:10]     VAL PASS  EUR_RUB            ruble_emb_z      lag= 14  m6_ic=0.0617
[18:44:10]     VAL PASS  EUR_RUB            ruble_emb_z      lag= 30  m6_ic=0.0522
[18:44:10]     VAL PASS  EUR_RUB            sanctions_emb_z  lag=  7  m6_ic=0.0575
[18:44:11]     VAL PASS  EUR_RUB            inflation_emb_z  lag=  1  m6_ic=0.0509
[18:44:11]     VAL PASS  EUR_RUB            inflation_emb_z  lag=  7  m6_ic=0.0921
[18:44:11]     VAL PASS  EUR_RUB            inflation_emb_z  lag= 30  m6_ic=0.0370
[18:44:12]     VAL PASS  EUR_RUB            banking_emb_z    lag=  1  m6_ic=0.0343
[18:44:12]     VAL PASS  EUR_RUB            gold_emb_z       lag=  1  m6_ic=0.0917
[18:44:13]     VAL PASS  EUR_RUB            gold_emb_z       lag= 30  m6_ic=0.0586
[18:44:13]     VAL PASS  DJ_SOUTH_AFRICA    oil_emb_z        lag=  1  m6_ic=0.0576
[18:44:13]     VAL PASS  DJ_SOUTH_AFRICA    oil_emb_z        lag= 30  m6_ic=0.1367
[18:44:13]     VAL PASS  DJ_SOUTH_AFRICA    rate_emb_z       lag= 14  m6_ic=0.0339
[18:44:13]     VAL PASS  DJ_SOUTH_AFRICA    rate_emb_z       lag= 30  m6_ic=0.0896
[18:44:14]     VAL PASS  DJ_SOUTH_AFRICA    sanctions_emb_z  lag=  7  m6_ic=0.0498
[18:44:14]     VAL PASS  DJ_SOUTH_AFRICA    inflation_emb_z  lag= 30  m6_ic=0.0759
[18:44:15]     VAL PASS  MSCI_WORLD         oil_emb_z        lag=  1  m6_ic=0.0462
[18:44:15]     VAL PASS  MSCI_WORLD         oil_emb_z        lag=  7  m6_ic=0.0908
[18:44:16]     VAL PASS  MSCI_WORLD         ruble_emb_z      lag= 14  m6_ic=0.0440
[18:44:16]     VAL PASS  MSCI_WORLD         ruble_emb_z      lag= 30  m6_ic=0.0365
[18:44:17]     VAL PASS  MSCI_WORLD         sanctions_emb_z  lag=  1  m6_ic=0.0409
[18:44:17]     VAL PASS  MSCI_WORLD         sanctions_emb_z  lag=  7  m6_ic=0.0357
[18:44:17]     VAL PASS  MSCI_WORLD         sanctions_emb_z  lag= 14  m6_ic=0.0331
[18:44:17]     VAL PASS  MSCI_WORLD         inflation_emb_z  lag= 14  m6_ic=0.0352
[18:44:18]     VAL PASS  MSCI_WORLD         banking_emb_z    lag=  7  m6_ic=0.0640
[18:44:18]     VAL PASS  MSCI_WORLD         banking_emb_z    lag= 14  m6_ic=0.1243
[18:44:18]     VAL PASS  DXY                oil_emb_z        lag=  1  m6_ic=0.0635
[18:44:19]     VAL PASS  DXY                oil_emb_z        lag=  7  m6_ic=0.1685
[18:44:19]     VAL PASS  DXY                oil_emb_z        lag= 14  m6_ic=0.0967
[18:44:19]     VAL PASS  DXY                rate_emb_z       lag=  1  m6_ic=0.0553
[18:44:20]     VAL PASS  DXY                ruble_emb_z      lag= 30  m6_ic=0.0502
[18:44:20]     VAL PASS  DXY                sanctions_emb_z  lag=  7  m6_ic=0.0833
[18:44:21]     VAL PASS  DXY                inflation_emb_z  lag=  1  m6_ic=0.0556
[18:44:21]     VAL PASS  DXY                inflation_emb_z  lag=  7  m6_ic=0.0368
[18:44:21]     VAL PASS  DXY                inflation_emb_z  lag= 14  m6_ic=0.0940
[18:44:21]     VAL PASS  DXY                inflation_emb_z  lag= 30  m6_ic=0.0626
[18:44:21]     VAL PASS  DXY                banking_emb_z    lag=  1  m6_ic=0.0705
[18:44:22]     VAL PASS  DXY                banking_emb_z    lag= 14  m6_ic=0.0573
[18:44:22]     VAL PASS  DXY                banking_emb_z    lag= 30  m6_ic=0.0425
[18:44:22]     VAL PASS  DXY                gold_emb_z       lag=  7  m6_ic=0.0819
[18:44:22]     VAL PASS  DXY                gold_emb_z       lag= 30  m6_ic=0.0566
[18:44:22]     VAL PASS  BRENT              oil_emb_z        lag=  1  m6_ic=0.0304
[18:44:23]     VAL PASS  BRENT              rate_emb_z       lag=  1  m6_ic=0.1163
[18:44:23]     VAL PASS  BRENT              rate_emb_z       lag=  7  m6_ic=0.0563
[18:44:23]     VAL PASS  BRENT              rate_emb_z       lag= 14  m6_ic=0.1027
[18:44:23]     VAL PASS  BRENT              rate_emb_z       lag= 30  m6_ic=0.0734
[18:44:23]     VAL PASS  BRENT              ruble_emb_z      lag=  7  m6_ic=0.0777
[18:44:24]     VAL PASS  BRENT              ruble_emb_z      lag= 14  m6_ic=0.0332
[18:44:24]     VAL PASS  BRENT              sanctions_emb_z  lag= 30  m6_ic=0.0513
[18:44:24]     VAL PASS  BRENT              inflation_emb_z  lag=  7  m6_ic=0.0633
[18:44:24]     VAL PASS  BRENT              inflation_emb_z  lag= 14  m6_ic=0.0515
[18:44:25]     VAL PASS  BRENT              inflation_emb_z  lag= 30  m6_ic=0.0483
[18:44:25]     VAL PASS  BRENT              gold_emb_z       lag=  1  m6_ic=0.0553
[18:44:25]     VAL PASS  BRENT              gold_emb_z       lag= 30  m6_ic=0.0526
[18:44:25]     VAL PASS  MSCI_INDIA         oil_emb_z        lag=  1  m6_ic=0.0567
[18:44:26]     VAL PASS  MSCI_INDIA         oil_emb_z        lag=  7  m6_ic=0.0505
[18:44:26]     VAL PASS  MSCI_INDIA         oil_emb_z        lag= 30  m6_ic=0.0644
[18:44:26]     VAL PASS  MSCI_INDIA         rate_emb_z       lag=  1  m6_ic=0.0332
[18:44:26]     VAL PASS  MSCI_INDIA         rate_emb_z       lag=  7  m6_ic=0.0467
[18:44:26]     VAL PASS  MSCI_INDIA         ruble_emb_z      lag=  1  m6_ic=0.0347
[18:44:26]     VAL PASS  MSCI_INDIA         ruble_emb_z      lag=  7  m6_ic=0.0358
[18:44:27]     VAL PASS  MSCI_INDIA         ruble_emb_z      lag= 30  m6_ic=0.0606
[18:44:27]     VAL PASS  MSCI_INDIA         inflation_emb_z  lag= 14  m6_ic=0.0461
[18:44:28]     VAL PASS  MSCI_INDIA         banking_emb_z    lag= 30  m6_ic=0.1817
[18:44:28]     VAL PASS  MSCI_INDIA         gold_emb_z       lag=  7  m6_ic=0.0711
[18:44:28]     VAL PASS  MSCI_INDIA         gold_emb_z       lag= 30  m6_ic=0.0423
[18:44:28]     VAL PASS  CHINA_H_SHARES     oil_emb_z        lag=  1  m6_ic=0.1001
[18:44:29]     VAL PASS  CHINA_H_SHARES     oil_emb_z        lag= 30  m6_ic=0.1111
[18:44:29]     VAL PASS  CHINA_H_SHARES     rate_emb_z       lag= 14  m6_ic=0.0510
[18:44:29]     VAL PASS  CHINA_H_SHARES     rate_emb_z       lag= 30  m6_ic=0.0523
[18:44:30]     VAL PASS  CHINA_H_SHARES     ruble_emb_z      lag= 14  m6_ic=0.1738
[18:44:30]     VAL PASS  CHINA_H_SHARES     sanctions_emb_z  lag=  1  m6_ic=0.0895
[18:44:30]     VAL PASS  CHINA_H_SHARES     sanctions_emb_z  lag=  7  m6_ic=0.0478
[18:44:30]     VAL PASS  CHINA_H_SHARES     sanctions_emb_z  lag= 30  m6_ic=0.0432
[18:44:31]     VAL PASS  CHINA_H_SHARES     inflation_emb_z  lag=  7  m6_ic=0.0842
[18:44:31]     VAL PASS  CHINA_H_SHARES     inflation_emb_z  lag= 14  m6_ic=0.0570
[18:44:32]     VAL PASS  CHINA_H_SHARES     gold_emb_z       lag=  7  m6_ic=0.1068
[18:44:32]     VAL PASS  FTSE_CHINA_50      oil_emb_z        lag=  1  m6_ic=0.0347
[18:44:32]     VAL PASS  FTSE_CHINA_50      rate_emb_z       lag=  7  m6_ic=0.0332
[18:44:33]     VAL PASS  FTSE_CHINA_50      rate_emb_z       lag= 30  m6_ic=0.1051
[18:44:33]     VAL PASS  FTSE_CHINA_50      ruble_emb_z      lag=  1  m6_ic=0.0499
[18:44:33]     VAL PASS  FTSE_CHINA_50      ruble_emb_z      lag= 14  m6_ic=0.0690
[18:44:33]     VAL PASS  FTSE_CHINA_50      ruble_emb_z      lag= 30  m6_ic=0.1288
[18:44:34]     VAL PASS  FTSE_CHINA_50      sanctions_emb_z  lag=  1  m6_ic=0.0728
[18:44:34]     VAL PASS  FTSE_CHINA_50      sanctions_emb_z  lag=  7  m6_ic=0.0415
[18:44:34]     VAL PASS  FTSE_CHINA_50      sanctions_emb_z  lag= 30  m6_ic=0.0469
[18:44:34]     VAL PASS  FTSE_CHINA_50      inflation_emb_z  lag=  7  m6_ic=0.0714
[18:44:35]     VAL PASS  FTSE_CHINA_50      inflation_emb_z  lag= 30  m6_ic=0.0422
[18:44:35]     VAL PASS  FTSE_CHINA_50      banking_emb_z    lag=  7  m6_ic=0.0385
[18:44:35]     VAL PASS  FTSE_CHINA_50      gold_emb_z       lag=  7  m6_ic=0.0346
[18:44:36]     VAL PASS  GOLD               oil_emb_z        lag= 30  m6_ic=0.1184
[18:44:36]     VAL PASS  GOLD               rate_emb_z       lag=  1  m6_ic=0.1016
[18:44:36]     VAL PASS  GOLD               rate_emb_z       lag= 14  m6_ic=0.0620
[18:44:36]     VAL PASS  GOLD               rate_emb_z       lag= 30  m6_ic=0.1201
[18:44:36]     VAL PASS  GOLD               ruble_emb_z      lag=  7  m6_ic=0.1107
[18:44:37]     VAL PASS  GOLD               ruble_emb_z      lag= 30  m6_ic=0.0372
[18:44:37]     VAL PASS  GOLD               sanctions_emb_z  lag= 30  m6_ic=0.0509
[18:44:38]     VAL PASS  GOLD               inflation_emb_z  lag=  1  m6_ic=0.1358
[18:44:38]     VAL PASS  GOLD               banking_emb_z    lag=  1  m6_ic=0.0501
[18:44:38]     VAL PASS  GOLD               banking_emb_z    lag= 14  m6_ic=0.0452
[18:44:38]     VAL PASS  GOLD               gold_emb_z       lag=  1  m6_ic=0.0508
[18:44:39]     VAL PASS  SILVER             oil_emb_z        lag=  1  m6_ic=0.0944
[18:44:39]     VAL PASS  SILVER             oil_emb_z        lag=  7  m6_ic=0.1289
[18:44:40]     VAL PASS  SILVER             rate_emb_z       lag=  1  m6_ic=0.0865
[18:44:40]     VAL PASS  SILVER             rate_emb_z       lag= 30  m6_ic=0.0674
[18:44:40]     VAL PASS  SILVER             ruble_emb_z      lag=  7  m6_ic=0.0392
[18:44:41]     VAL PASS  SILVER             ruble_emb_z      lag= 30  m6_ic=0.0486
[18:44:41]     VAL PASS  SILVER             sanctions_emb_z  lag= 14  m6_ic=0.0804
[18:44:41]     VAL PASS  SILVER             sanctions_emb_z  lag= 30  m6_ic=0.0535
[18:44:41]     VAL PASS  SILVER             inflation_emb_z  lag=  1  m6_ic=0.0496
[18:44:42]     VAL PASS  SILVER             inflation_emb_z  lag= 14  m6_ic=0.0556
[18:44:42]     VAL PASS  SILVER             inflation_emb_z  lag= 30  m6_ic=0.0598
[18:44:42]     VAL PASS  SILVER             gold_emb_z       lag= 14  m6_ic=0.1416
[18:44:43]     VAL PASS  IMOEX              oil_emb_z        lag=  7  m6_ic=0.0446
[18:44:43]     VAL PASS  IMOEX              rate_emb_z       lag= 14  m6_ic=0.1515
[18:44:43]     VAL PASS  IMOEX              rate_emb_z       lag= 30  m6_ic=0.1019
[18:44:44]     VAL PASS  IMOEX              ruble_emb_z      lag= 14  m6_ic=0.1229
[18:44:44]     VAL PASS  IMOEX              ruble_emb_z      lag= 30  m6_ic=0.1410
[18:44:44]     VAL PASS  IMOEX              sanctions_emb_z  lag=  7  m6_ic=0.0502
[18:44:44]     VAL PASS  IMOEX              sanctions_emb_z  lag= 14  m6_ic=0.1057
[18:44:45]     VAL PASS  IMOEX              sanctions_emb_z  lag= 30  m6_ic=0.0640
[18:44:45]     VAL PASS  IMOEX              inflation_emb_z  lag=  1  m6_ic=0.1056
[18:44:45]     VAL PASS  IMOEX              inflation_emb_z  lag=  7  m6_ic=0.0840
[18:44:45]     VAL PASS  IMOEX              inflation_emb_z  lag= 30  m6_ic=0.0374
[18:44:46]     VAL PASS  MOEXFN             rate_emb_z       lag= 14  m6_ic=0.1772
[18:44:46]     VAL PASS  MOEXFN             ruble_emb_z      lag=  1  m6_ic=0.0796
[18:44:47]     VAL PASS  MOEXFN             ruble_emb_z      lag= 14  m6_ic=0.1199
[18:44:47]     VAL PASS  MOEXFN             ruble_emb_z      lag= 30  m6_ic=0.1240
[18:44:47]     VAL PASS  MOEXFN             sanctions_emb_z  lag= 30  m6_ic=0.0366
[18:44:47]     VAL PASS  MOEXFN             inflation_emb_z  lag=  7  m6_ic=0.1169
[18:44:48]     VAL PASS  MOEXFN             inflation_emb_z  lag= 30  m6_ic=0.0446
[18:44:48]     VAL PASS  MOEXFN             banking_emb_z    lag= 30  m6_ic=0.0792
[18:44:48]     VAL PASS  MOEXOG             oil_emb_z        lag=  1  m6_ic=0.0416
[18:44:48]     VAL PASS  MOEXOG             oil_emb_z        lag=  7  m6_ic=0.0706
[18:44:49]     VAL PASS  MOEXOG             oil_emb_z        lag= 14  m6_ic=0.0718
[18:44:49]     VAL PASS  MOEXOG             oil_emb_z        lag= 30  m6_ic=0.0664
[18:44:49]     VAL PASS  MOEXOG             rate_emb_z       lag=  7  m6_ic=0.0349
[18:44:49]     VAL PASS  MOEXOG             rate_emb_z       lag= 14  m6_ic=0.1417
[18:44:50]     VAL PASS  MOEXOG             rate_emb_z       lag= 30  m6_ic=0.0866
[18:44:50]     VAL PASS  MOEXOG             ruble_emb_z      lag= 14  m6_ic=0.0964
[18:44:50]     VAL PASS  MOEXOG             ruble_emb_z      lag= 30  m6_ic=0.1103
[18:44:50]     VAL PASS  MOEXOG             inflation_emb_z  lag=  1  m6_ic=0.1491
[18:44:50]     VAL PASS  MOEXOG             inflation_emb_z  lag=  7  m6_ic=0.0409
[18:44:51]     VAL PASS  MOEXOG             inflation_emb_z  lag= 30  m6_ic=0.0399
[18:44:51]     VAL PASS  MOEXOG             banking_emb_z    lag= 30  m6_ic=0.0722
[18:44:51]     VAL PASS  MOEXOG             gold_emb_z       lag=  1  m6_ic=0.0892
[18:44:52]     VAL PASS  MOEXOG             gold_emb_z       lag= 14  m6_ic=0.0572
[18:44:52]     VAL PASS  MOEXOG             gold_emb_z       lag= 30  m6_ic=0.1562
[18:44:52]     VAL PASS  MOEX10             oil_emb_z        lag= 14  m6_ic=0.0816
[18:44:52]     VAL PASS  MOEX10             oil_emb_z        lag= 30  m6_ic=0.0310
[18:44:52]     VAL PASS  MOEX10             rate_emb_z       lag= 14  m6_ic=0.1497
[18:44:53]     VAL PASS  MOEX10             ruble_emb_z      lag=  1  m6_ic=0.0487
[18:44:53]     VAL PASS  MOEX10             ruble_emb_z      lag= 30  m6_ic=0.1278
[18:44:53]     VAL PASS  MOEX10             sanctions_emb_z  lag= 14  m6_ic=0.1211
[18:44:53]     VAL PASS  MOEX10             inflation_emb_z  lag=  1  m6_ic=0.1071
[18:44:53]     VAL PASS  MOEX10             inflation_emb_z  lag=  7  m6_ic=0.0961
[18:44:54]     VAL PASS  MOEX10             inflation_emb_z  lag= 14  m6_ic=0.0450
[18:44:54]     VAL PASS  MOEX10             banking_emb_z    lag= 14  m6_ic=0.0410
[18:44:54]     VAL PASS  MOEX10             banking_emb_z    lag= 30  m6_ic=0.0736
[18:44:54]     VAL PASS  MOEX10             gold_emb_z       lag= 30  m6_ic=0.0702
[18:44:54]     Val: 185/260 held
[18:44:54]   Score: 2763.2  train=260  ic_max=0.1514
[18:44:54] 
[14/15] sweep_embedding_z90_abs_return
[18:44:54]   Config: sweep_embedding_z90_abs_return
[18:44:54]     feature=embedding_z90  target=abs_return  ensemble=M6_only  ic_min=0.03
[18:44:54]   HIT  SP500              oil_emb_z        lag=  1 m5_p=0.7065  m6_ic=0.0758
[18:44:55]   HIT  SP500              oil_emb_z        lag=  7 m5_p=0.8172  m6_ic=0.0393
[18:44:55]   HIT  SP500              oil_emb_z        lag= 14 m5_p=0.0828  m6_ic=0.0797
[18:44:55]   HIT  SP500              oil_emb_z        lag= 30 m5_p=0.4790  m6_ic=0.0367
[18:44:56]   HIT  SP500              rate_emb_z       lag= 14 m5_p=0.3951  m6_ic=0.0349
[18:44:56]   HIT  SP500              rate_emb_z       lag= 30 m5_p=0.3930  m6_ic=0.0493
[18:44:56]   HIT  SP500              ruble_emb_z      lag=  1 m5_p=0.0528  m6_ic=0.0345
[18:44:56]   HIT  SP500              ruble_emb_z      lag=  7 m5_p=0.2303  m6_ic=0.0322
[18:44:57]   HIT  SP500              ruble_emb_z      lag= 30 m5_p=0.1561  m6_ic=0.0656
[18:44:57]   HIT  SP500              sanctions_emb_z  lag=  7 m5_p=0.0507  m6_ic=0.0406
[18:44:57]   HIT  SP500              sanctions_emb_z  lag= 14 m5_p=0.7268  m6_ic=0.0771
[18:44:57]   HIT  SP500              sanctions_emb_z  lag= 30 m5_p=0.3147  m6_ic=0.0317
[18:44:58]   HIT  SP500              inflation_emb_z  lag=  1 m5_p=0.6456  m6_ic=0.0562
[18:44:58]   HIT  SP500              inflation_emb_z  lag= 14 m5_p=0.2256  m6_ic=0.0719
[18:44:59]   HIT  SP500              gold_emb_z       lag=  1 m5_p=0.7799  m6_ic=0.0570
[18:45:00]   HIT  SP500              gold_emb_z       lag= 14 m5_p=0.3237  m6_ic=0.0434
[18:45:00]   HIT  SP500              gold_emb_z       lag= 30 m5_p=0.7182  m6_ic=0.0535
[18:45:01]   HIT  USD_RUB            rate_emb_z       lag=  1 m5_p=0.1612  m6_ic=0.0426
[18:45:01]   HIT  USD_RUB            rate_emb_z       lag=  7 m5_p=0.0977  m6_ic=0.0986
[18:45:01]   HIT  USD_RUB            rate_emb_z       lag= 14 m5_p=0.0392  m6_ic=0.0645
[18:45:02]   HIT  USD_RUB            ruble_emb_z      lag=  1 m5_p=0.1687  m6_ic=0.0304
[18:45:02]   HIT  USD_RUB            ruble_emb_z      lag= 14 m5_p=0.1574  m6_ic=0.0438
[18:45:02]   HIT  USD_RUB            ruble_emb_z      lag= 30 m5_p=0.7797  m6_ic=0.0355
[18:45:03]   HIT  USD_RUB            sanctions_emb_z  lag=  7 m5_p=0.8898  m6_ic=0.0510
[18:45:03]   HIT  USD_RUB            sanctions_emb_z  lag= 30 m5_p=0.4128  m6_ic=0.0490
[18:45:03]   HIT  USD_RUB            inflation_emb_z  lag=  1 m5_p=0.0553  m6_ic=0.0413
[18:45:04]   HIT  USD_RUB            inflation_emb_z  lag=  7 m5_p=0.7697  m6_ic=0.0331
[18:45:04]   HIT  USD_RUB            inflation_emb_z  lag= 14 m5_p=0.8057  m6_ic=0.0337
[18:45:04]   HIT  USD_RUB            inflation_emb_z  lag= 30 m5_p=0.5802  m6_ic=0.0884
[18:45:04]   HIT  USD_RUB            banking_emb_z    lag=  1 m5_p=0.9126  m6_ic=0.0434
[18:45:04]   HIT  USD_RUB            banking_emb_z    lag=  7 m5_p=0.6943  m6_ic=0.1137
[18:45:05]   HIT  USD_RUB            banking_emb_z    lag= 14 m5_p=0.8123  m6_ic=0.0337
[18:45:05]   HIT  USD_RUB            gold_emb_z       lag=  1 m5_p=0.5974  m6_ic=0.0501
[18:45:05]   HIT  USD_RUB            gold_emb_z       lag=  7 m5_p=0.7851  m6_ic=0.1043
[18:45:06]   HIT  USD_RUB            gold_emb_z       lag= 30 m5_p=0.2632  m6_ic=0.0432
[18:45:07]   HIT  EUR_RUB            rate_emb_z       lag=  1 m5_p=0.1612  m6_ic=0.0426
[18:45:07]   HIT  EUR_RUB            rate_emb_z       lag=  7 m5_p=0.0977  m6_ic=0.0986
[18:45:07]   HIT  EUR_RUB            rate_emb_z       lag= 14 m5_p=0.0392  m6_ic=0.0645
[18:45:07]   HIT  EUR_RUB            ruble_emb_z      lag=  1 m5_p=0.1687  m6_ic=0.0304
[18:45:08]   HIT  EUR_RUB            ruble_emb_z      lag= 14 m5_p=0.1574  m6_ic=0.0438
[18:45:08]   HIT  EUR_RUB            ruble_emb_z      lag= 30 m5_p=0.7797  m6_ic=0.0355
[18:45:09]   HIT  EUR_RUB            sanctions_emb_z  lag=  7 m5_p=0.8898  m6_ic=0.0510
[18:45:09]   HIT  EUR_RUB            sanctions_emb_z  lag= 30 m5_p=0.4128  m6_ic=0.0490
[18:45:09]   HIT  EUR_RUB            inflation_emb_z  lag=  1 m5_p=0.0553  m6_ic=0.0413
[18:45:09]   HIT  EUR_RUB            inflation_emb_z  lag=  7 m5_p=0.7697  m6_ic=0.0331
[18:45:10]   HIT  EUR_RUB            inflation_emb_z  lag= 14 m5_p=0.8057  m6_ic=0.0337
[18:45:10]   HIT  EUR_RUB            inflation_emb_z  lag= 30 m5_p=0.5802  m6_ic=0.0884
[18:45:10]   HIT  EUR_RUB            banking_emb_z    lag=  1 m5_p=0.9126  m6_ic=0.0434
[18:45:10]   HIT  EUR_RUB            banking_emb_z    lag=  7 m5_p=0.6943  m6_ic=0.1137
[18:45:10]   HIT  EUR_RUB            banking_emb_z    lag= 14 m5_p=0.8123  m6_ic=0.0337
[18:45:11]   HIT  EUR_RUB            gold_emb_z       lag=  1 m5_p=0.5974  m6_ic=0.0501
[18:45:11]   HIT  EUR_RUB            gold_emb_z       lag=  7 m5_p=0.7851  m6_ic=0.1043
[18:45:11]   HIT  EUR_RUB            gold_emb_z       lag= 30 m5_p=0.2632  m6_ic=0.0432
[18:45:12]   HIT  DJ_SOUTH_AFRICA    oil_emb_z        lag=  1 m5_p=0.8221  m6_ic=0.1124
[18:45:12]   HIT  DJ_SOUTH_AFRICA    oil_emb_z        lag= 30 m5_p=0.6389  m6_ic=0.1014
[18:45:13]   HIT  DJ_SOUTH_AFRICA    rate_emb_z       lag= 14 m5_p=0.5234  m6_ic=0.0418
[18:45:13]   HIT  DJ_SOUTH_AFRICA    rate_emb_z       lag= 30 m5_p=0.3592  m6_ic=0.0611
[18:45:14]   HIT  DJ_SOUTH_AFRICA    sanctions_emb_z  lag=  7 m5_p=0.0434  m6_ic=0.0670
[18:45:15]   HIT  DJ_SOUTH_AFRICA    inflation_emb_z  lag=  1 m5_p=0.3201  m6_ic=0.0449
[18:45:15]   HIT  DJ_SOUTH_AFRICA    inflation_emb_z  lag= 30 m5_p=0.8809  m6_ic=0.0922
[18:45:15]   HIT  DJ_SOUTH_AFRICA    banking_emb_z    lag=  1 m5_p=0.3918  m6_ic=0.0604
[18:45:16]   HIT  DJ_SOUTH_AFRICA    banking_emb_z    lag= 14 m5_p=0.5033  m6_ic=0.0547
[18:45:16]   HIT  DJ_SOUTH_AFRICA    banking_emb_z    lag= 30 m5_p=0.6983  m6_ic=0.0314
[18:45:16]   HIT  DJ_SOUTH_AFRICA    gold_emb_z       lag=  7 m5_p=0.2064  m6_ic=0.0798
[18:45:17]   HIT  MSCI_WORLD         oil_emb_z        lag=  1 m5_p=0.2689  m6_ic=0.1514
[18:45:17]   HIT  MSCI_WORLD         oil_emb_z        lag=  7 m5_p=0.2210  m6_ic=0.0657
[18:45:18]   HIT  MSCI_WORLD         rate_emb_z       lag=  7 m5_p=0.1228  m6_ic=0.0539
[18:45:18]   HIT  MSCI_WORLD         rate_emb_z       lag= 14 m5_p=0.1286  m6_ic=0.0381
[18:45:19]   HIT  MSCI_WORLD         ruble_emb_z      lag=  1 m5_p=0.1664  m6_ic=0.0711
[18:45:19]   HIT  MSCI_WORLD         ruble_emb_z      lag= 14 m5_p=0.9920  m6_ic=0.0324
[18:45:19]   HIT  MSCI_WORLD         ruble_emb_z      lag= 30 m5_p=0.4841  m6_ic=0.0353
[18:45:20]   HIT  MSCI_WORLD         sanctions_emb_z  lag=  1 m5_p=0.5408  m6_ic=0.0361
[18:45:20]   HIT  MSCI_WORLD         sanctions_emb_z  lag=  7 m5_p=0.5700  m6_ic=0.0598
[18:45:20]   HIT  MSCI_WORLD         sanctions_emb_z  lag= 14 m5_p=0.9735  m6_ic=0.0894
[18:45:21]   HIT  MSCI_WORLD         inflation_emb_z  lag=  7 m5_p=0.8886  m6_ic=0.0742
[18:45:21]   HIT  MSCI_WORLD         inflation_emb_z  lag= 14 m5_p=0.7276  m6_ic=0.0477
[18:45:21]   HIT  MSCI_WORLD         inflation_emb_z  lag= 30 m5_p=0.9393  m6_ic=0.0709
[18:45:21]   HIT  MSCI_WORLD         banking_emb_z    lag=  7 m5_p=0.6228  m6_ic=0.0597
[18:45:22]   HIT  MSCI_WORLD         banking_emb_z    lag= 14 m5_p=0.1712  m6_ic=0.0603
[18:45:22]   HIT  MSCI_WORLD         gold_emb_z       lag=  1 m5_p=0.6457  m6_ic=0.0383
[18:45:23]   HIT  DXY                oil_emb_z        lag=  1 m5_p=0.4736  m6_ic=0.0546
[18:45:23]   HIT  DXY                oil_emb_z        lag=  7 m5_p=0.4423  m6_ic=0.0927
[18:45:23]   HIT  DXY                oil_emb_z        lag= 14 m5_p=0.6408  m6_ic=0.0967
[18:45:24]   HIT  DXY                rate_emb_z       lag=  1 m5_p=0.8266  m6_ic=0.0799
[18:45:24]   HIT  DXY                rate_emb_z       lag= 14 m5_p=0.0288  m6_ic=0.0476
[18:45:24]   HIT  DXY                rate_emb_z       lag= 30 m5_p=0.3048  m6_ic=0.1179
[18:45:25]   HIT  DXY                ruble_emb_z      lag= 14 m5_p=0.8457  m6_ic=0.0645
[18:45:25]   HIT  DXY                ruble_emb_z      lag= 30 m5_p=0.5505  m6_ic=0.0900
[18:45:25]   HIT  DXY                sanctions_emb_z  lag=  7 m5_p=0.7069  m6_ic=0.0317
[18:45:26]   HIT  DXY                sanctions_emb_z  lag= 14 m5_p=0.4139  m6_ic=0.0336
[18:45:26]   HIT  DXY                sanctions_emb_z  lag= 30 m5_p=0.7200  m6_ic=0.0340
[18:45:26]   HIT  DXY                inflation_emb_z  lag=  1 m5_p=0.4382  m6_ic=0.0632
[18:45:26]   HIT  DXY                inflation_emb_z  lag=  7 m5_p=0.2982  m6_ic=0.0526
[18:45:26]   HIT  DXY                inflation_emb_z  lag= 14 m5_p=0.3512  m6_ic=0.0762
[18:45:27]   HIT  DXY                inflation_emb_z  lag= 30 m5_p=0.9893  m6_ic=0.0311
[18:45:27]   HIT  DXY                banking_emb_z    lag=  1 m5_p=0.3739  m6_ic=0.0356
[18:45:27]   HIT  DXY                banking_emb_z    lag= 14 m5_p=0.5128  m6_ic=0.0831
[18:45:28]   HIT  DXY                banking_emb_z    lag= 30 m5_p=0.7877  m6_ic=0.0443
[18:45:28]   HIT  DXY                gold_emb_z       lag=  7 m5_p=0.9712  m6_ic=0.0320
[18:45:28]   HIT  DXY                gold_emb_z       lag= 30 m5_p=0.9228  m6_ic=0.0432
[18:45:29]   HIT  BRENT              oil_emb_z        lag=  1 m5_p=0.1011  m6_ic=0.0347
[18:45:29]   HIT  BRENT              rate_emb_z       lag=  1 m5_p=0.4142  m6_ic=0.0450
[18:45:30]   HIT  BRENT              rate_emb_z       lag=  7 m5_p=0.3267  m6_ic=0.0813
[18:45:30]   HIT  BRENT              rate_emb_z       lag= 14 m5_p=0.9474  m6_ic=0.0788
[18:45:30]   HIT  BRENT              rate_emb_z       lag= 30 m5_p=0.3689  m6_ic=0.0331
[18:45:30]   HIT  BRENT              ruble_emb_z      lag=  7 m5_p=0.1636  m6_ic=0.0421
[18:45:31]   HIT  BRENT              ruble_emb_z      lag= 14 m5_p=0.6055  m6_ic=0.0882
[18:45:31]   HIT  BRENT              sanctions_emb_z  lag=  7 m5_p=0.3355  m6_ic=0.0415
[18:45:32]   HIT  BRENT              sanctions_emb_z  lag= 30 m5_p=0.7604  m6_ic=0.1134
[18:45:32]   HIT  BRENT              inflation_emb_z  lag=  7 m5_p=0.1354  m6_ic=0.1402
[18:45:32]   HIT  BRENT              inflation_emb_z  lag= 14 m5_p=0.4514  m6_ic=0.0348
[18:45:32]   HIT  BRENT              inflation_emb_z  lag= 30 m5_p=0.4299  m6_ic=0.0383
[18:45:33]   HIT  BRENT              banking_emb_z    lag=  1 m5_p=0.8689  m6_ic=0.1221
[18:45:33]   HIT  BRENT              gold_emb_z       lag=  1 m5_p=0.6198  m6_ic=0.0328
[18:45:34]   HIT  BRENT              gold_emb_z       lag= 30 m5_p=0.3724  m6_ic=0.0887
[18:45:34]   HIT  MSCI_INDIA         oil_emb_z        lag=  1 m5_p=0.6784  m6_ic=0.0840
[18:45:34]   HIT  MSCI_INDIA         oil_emb_z        lag=  7 m5_p=0.0789  m6_ic=0.0701
[18:45:35]   HIT  MSCI_INDIA         oil_emb_z        lag= 30 m5_p=0.9424  m6_ic=0.0797
[18:45:35]   HIT  MSCI_INDIA         rate_emb_z       lag=  1 m5_p=0.1855  m6_ic=0.0719
[18:45:35]   HIT  MSCI_INDIA         rate_emb_z       lag=  7 m5_p=0.9259  m6_ic=0.0988
[18:45:36]   HIT  MSCI_INDIA         ruble_emb_z      lag=  1 m5_p=0.5372  m6_ic=0.0638
[18:45:36]   HIT  MSCI_INDIA         ruble_emb_z      lag=  7 m5_p=0.3100  m6_ic=0.0367
[18:45:36]   HIT  MSCI_INDIA         ruble_emb_z      lag= 30 m5_p=0.1705  m6_ic=0.0686
[18:45:37]   HIT  MSCI_INDIA         sanctions_emb_z  lag=  1 m5_p=0.5988  m6_ic=0.0495
[18:45:37]   HIT  MSCI_INDIA         sanctions_emb_z  lag=  7 m5_p=0.8932  m6_ic=0.0586
[18:45:38]   HIT  MSCI_INDIA         inflation_emb_z  lag= 14 m5_p=0.0209  m6_ic=0.0699
[18:45:39]   HIT  MSCI_INDIA         banking_emb_z    lag= 30 m5_p=0.9294  m6_ic=0.0577
[18:45:39]   HIT  MSCI_INDIA         gold_emb_z       lag=  1 m5_p=0.6979  m6_ic=0.0594
[18:45:39]   HIT  MSCI_INDIA         gold_emb_z       lag=  7 m5_p=0.5940  m6_ic=0.0545
[18:45:40]   HIT  MSCI_INDIA         gold_emb_z       lag= 30 m5_p=0.8681  m6_ic=0.0582
[18:45:40]   HIT  CHINA_H_SHARES     oil_emb_z        lag=  1 m5_p=0.9893  m6_ic=0.0724
[18:45:40]   HIT  CHINA_H_SHARES     oil_emb_z        lag= 30 m5_p=0.7057  m6_ic=0.0362
[18:45:41]   HIT  CHINA_H_SHARES     rate_emb_z       lag= 14 m5_p=0.0364  m6_ic=0.0403
[18:45:41]   HIT  CHINA_H_SHARES     rate_emb_z       lag= 30 m5_p=0.4860  m6_ic=0.0910
[18:45:41]   HIT  CHINA_H_SHARES     ruble_emb_z      lag=  1 m5_p=0.1288  m6_ic=0.0651
[18:45:42]   HIT  CHINA_H_SHARES     ruble_emb_z      lag=  7 m5_p=0.0258  m6_ic=0.0937
[18:45:42]   HIT  CHINA_H_SHARES     ruble_emb_z      lag= 14 m5_p=0.6639  m6_ic=0.0697
[18:45:42]   HIT  CHINA_H_SHARES     ruble_emb_z      lag= 30 m5_p=0.8530  m6_ic=0.0383
[18:45:42]   HIT  CHINA_H_SHARES     sanctions_emb_z  lag=  1 m5_p=0.4712  m6_ic=0.0567
[18:45:43]   HIT  CHINA_H_SHARES     sanctions_emb_z  lag=  7 m5_p=0.4604  m6_ic=0.0971
[18:45:43]   HIT  CHINA_H_SHARES     sanctions_emb_z  lag= 30 m5_p=0.9912  m6_ic=0.0599
[18:45:43]   HIT  CHINA_H_SHARES     inflation_emb_z  lag=  7 m5_p=0.9088  m6_ic=0.0790
[18:45:43]   HIT  CHINA_H_SHARES     inflation_emb_z  lag= 14 m5_p=0.0994  m6_ic=0.0681
[18:45:44]   HIT  CHINA_H_SHARES     inflation_emb_z  lag= 30 m5_p=0.6375  m6_ic=0.0694
[18:45:44]   HIT  CHINA_H_SHARES     banking_emb_z    lag=  1 m5_p=0.9391  m6_ic=0.0503
[18:45:44]   HIT  CHINA_H_SHARES     banking_emb_z    lag=  7 m5_p=0.8681  m6_ic=0.0387
[18:45:44]   HIT  CHINA_H_SHARES     banking_emb_z    lag= 14 m5_p=0.8741  m6_ic=0.1206
[18:45:45]   HIT  CHINA_H_SHARES     gold_emb_z       lag=  7 m5_p=0.9698  m6_ic=0.0383
[18:45:45]   HIT  FTSE_CHINA_50      oil_emb_z        lag=  1 m5_p=0.8491  m6_ic=0.0405
[18:45:46]   HIT  FTSE_CHINA_50      rate_emb_z       lag=  7 m5_p=0.7444  m6_ic=0.0365
[18:45:47]   HIT  FTSE_CHINA_50      rate_emb_z       lag= 14 m5_p=0.0357  m6_ic=0.0421
[18:45:47]   HIT  FTSE_CHINA_50      rate_emb_z       lag= 30 m5_p=0.3121  m6_ic=0.0740
[18:45:47]   HIT  FTSE_CHINA_50      ruble_emb_z      lag=  1 m5_p=0.0784  m6_ic=0.0809
[18:45:47]   HIT  FTSE_CHINA_50      ruble_emb_z      lag=  7 m5_p=0.0464  m6_ic=0.0841
[18:45:47]   HIT  FTSE_CHINA_50      ruble_emb_z      lag= 14 m5_p=0.6174  m6_ic=0.0732
[18:45:48]   HIT  FTSE_CHINA_50      ruble_emb_z      lag= 30 m5_p=0.8329  m6_ic=0.0443
[18:45:48]   HIT  FTSE_CHINA_50      sanctions_emb_z  lag=  1 m5_p=0.3410  m6_ic=0.0346
[18:45:48]   HIT  FTSE_CHINA_50      sanctions_emb_z  lag=  7 m5_p=0.5076  m6_ic=0.0943
[18:45:48]   HIT  FTSE_CHINA_50      sanctions_emb_z  lag= 30 m5_p=0.8105  m6_ic=0.0432
[18:45:49]   HIT  FTSE_CHINA_50      inflation_emb_z  lag=  7 m5_p=0.9227  m6_ic=0.0687
[18:45:49]   HIT  FTSE_CHINA_50      inflation_emb_z  lag= 14 m5_p=0.0992  m6_ic=0.0651
[18:45:49]   HIT  FTSE_CHINA_50      inflation_emb_z  lag= 30 m5_p=0.5427  m6_ic=0.0894
[18:45:49]   HIT  FTSE_CHINA_50      banking_emb_z    lag=  1 m5_p=0.9363  m6_ic=0.0318
[18:45:50]   HIT  FTSE_CHINA_50      banking_emb_z    lag=  7 m5_p=0.6325  m6_ic=0.0315
[18:45:50]   HIT  FTSE_CHINA_50      banking_emb_z    lag= 14 m5_p=0.7967  m6_ic=0.1036
[18:45:50]   HIT  FTSE_CHINA_50      gold_emb_z       lag=  7 m5_p=0.7251  m6_ic=0.0612
[18:45:51]   HIT  GOLD               oil_emb_z        lag= 14 m5_p=0.2620  m6_ic=0.0581
[18:45:52]   HIT  GOLD               oil_emb_z        lag= 30 m5_p=0.6483  m6_ic=0.0605
[18:45:52]   HIT  GOLD               rate_emb_z       lag=  1 m5_p=0.7457  m6_ic=0.0963
[18:45:52]   HIT  GOLD               rate_emb_z       lag= 14 m5_p=0.3958  m6_ic=0.0432
[18:45:52]   HIT  GOLD               rate_emb_z       lag= 30 m5_p=0.9518  m6_ic=0.1247
[18:45:53]   HIT  GOLD               ruble_emb_z      lag=  7 m5_p=0.1019  m6_ic=0.0459
[18:45:53]   HIT  GOLD               ruble_emb_z      lag= 14 m5_p=0.6285  m6_ic=0.0650
[18:45:53]   HIT  GOLD               ruble_emb_z      lag= 30 m5_p=0.9995  m6_ic=0.0908
[18:45:53]   HIT  GOLD               sanctions_emb_z  lag=  1 m5_p=0.6497  m6_ic=0.0709
[18:45:54]   HIT  GOLD               sanctions_emb_z  lag= 14 m5_p=0.2963  m6_ic=0.0583
[18:45:54]   HIT  GOLD               sanctions_emb_z  lag= 30 m5_p=0.9756  m6_ic=0.0771
[18:45:54]   HIT  GOLD               inflation_emb_z  lag=  1 m5_p=0.8350  m6_ic=0.1288
[18:45:54]   HIT  GOLD               inflation_emb_z  lag= 14 m5_p=0.7996  m6_ic=0.0665
[18:45:55]   HIT  GOLD               banking_emb_z    lag=  1 m5_p=0.1266  m6_ic=0.0524
[18:45:55]   HIT  GOLD               banking_emb_z    lag= 14 m5_p=0.4410  m6_ic=0.0481
[18:45:56]   HIT  GOLD               gold_emb_z       lag=  1 m5_p=0.6920  m6_ic=0.0673
[18:45:56]   HIT  GOLD               gold_emb_z       lag=  7 m5_p=0.5645  m6_ic=0.1370
[18:45:56]   HIT  GOLD               gold_emb_z       lag= 30 m5_p=0.4815  m6_ic=0.0461
[18:45:56]   HIT  SILVER             oil_emb_z        lag=  1 m5_p=0.6895  m6_ic=0.0366
[18:45:56]   HIT  SILVER             oil_emb_z        lag=  7 m5_p=0.4870  m6_ic=0.0364
[18:45:57]   HIT  SILVER             oil_emb_z        lag= 14 m5_p=0.9875  m6_ic=0.0543
[18:45:57]   HIT  SILVER             rate_emb_z       lag=  1 m5_p=0.7504  m6_ic=0.0501
[18:45:57]   HIT  SILVER             rate_emb_z       lag=  7 m5_p=0.1456  m6_ic=0.0333
[18:45:58]   HIT  SILVER             rate_emb_z       lag= 30 m5_p=0.7659  m6_ic=0.0507
[18:45:58]   HIT  SILVER             ruble_emb_z      lag=  1 m5_p=0.4948  m6_ic=0.0589
[18:45:58]   HIT  SILVER             ruble_emb_z      lag=  7 m5_p=0.4274  m6_ic=0.1058
[18:45:58]   HIT  SILVER             ruble_emb_z      lag= 14 m5_p=0.4557  m6_ic=0.0451
[18:45:58]   HIT  SILVER             ruble_emb_z      lag= 30 m5_p=0.9529  m6_ic=0.0911
[18:45:59]   HIT  SILVER             sanctions_emb_z  lag=  1 m5_p=0.8650  m6_ic=0.0795
[18:45:59]   HIT  SILVER             sanctions_emb_z  lag= 14 m5_p=0.6519  m6_ic=0.0563
[18:45:59]   HIT  SILVER             sanctions_emb_z  lag= 30 m5_p=0.2999  m6_ic=0.0628
[18:45:59]   HIT  SILVER             inflation_emb_z  lag=  1 m5_p=0.5365  m6_ic=0.0332
[18:46:00]   HIT  SILVER             inflation_emb_z  lag= 14 m5_p=0.4693  m6_ic=0.0385
[18:46:00]   HIT  SILVER             inflation_emb_z  lag= 30 m5_p=0.3962  m6_ic=0.0404
[18:46:01]   HIT  SILVER             gold_emb_z       lag=  1 m5_p=0.7854  m6_ic=0.0433
[18:46:01]   HIT  SILVER             gold_emb_z       lag=  7 m5_p=0.2833  m6_ic=0.0583
[18:46:01]   HIT  SILVER             gold_emb_z       lag= 14 m5_p=0.9673  m6_ic=0.0550
[18:46:02]   HIT  IMOEX              oil_emb_z        lag=  7 m5_p=0.0775  m6_ic=0.0426
[18:46:03]   HIT  IMOEX              rate_emb_z       lag=  7 m5_p=0.2090  m6_ic=0.0853
[18:46:03]   HIT  IMOEX              rate_emb_z       lag= 14 m5_p=0.4143  m6_ic=0.0941
[18:46:03]   HIT  IMOEX              rate_emb_z       lag= 30 m5_p=0.6379  m6_ic=0.0740
[18:46:03]   HIT  IMOEX              ruble_emb_z      lag=  7 m5_p=0.8983  m6_ic=0.0365
[18:46:04]   HIT  IMOEX              ruble_emb_z      lag= 14 m5_p=0.5601  m6_ic=0.0870
[18:46:04]   HIT  IMOEX              ruble_emb_z      lag= 30 m5_p=0.4858  m6_ic=0.1052
[18:46:04]   HIT  IMOEX              sanctions_emb_z  lag=  1 m5_p=0.8655  m6_ic=0.0635
[18:46:04]   HIT  IMOEX              sanctions_emb_z  lag=  7 m5_p=0.1284  m6_ic=0.0402
[18:46:04]   HIT  IMOEX              sanctions_emb_z  lag= 14 m5_p=0.3439  m6_ic=0.0984
[18:46:04]   HIT  IMOEX              sanctions_emb_z  lag= 30 m5_p=0.2528  m6_ic=0.0877
[18:46:05]   HIT  IMOEX              inflation_emb_z  lag=  1 m5_p=0.2269  m6_ic=0.0885
[18:46:05]   HIT  IMOEX              inflation_emb_z  lag=  7 m5_p=0.4770  m6_ic=0.0760
[18:46:05]   HIT  IMOEX              inflation_emb_z  lag= 30 m5_p=0.2827  m6_ic=0.0794
[18:46:06]   HIT  IMOEX              banking_emb_z    lag=  7 m5_p=0.4350  m6_ic=0.0478
[18:46:07]   HIT  MOEXFN             oil_emb_z        lag=  7 m5_p=0.1384  m6_ic=0.0418
[18:46:08]   HIT  MOEXFN             oil_emb_z        lag= 30 m5_p=0.3234  m6_ic=0.1036
[18:46:08]   HIT  MOEXFN             rate_emb_z       lag= 14 m5_p=0.1283  m6_ic=0.0745
[18:46:09]   HIT  MOEXFN             ruble_emb_z      lag=  1 m5_p=0.1970  m6_ic=0.0331
[18:46:09]   HIT  MOEXFN             ruble_emb_z      lag= 14 m5_p=0.9925  m6_ic=0.0471
[18:46:09]   HIT  MOEXFN             ruble_emb_z      lag= 30 m5_p=0.8908  m6_ic=0.0996
[18:46:10]   HIT  MOEXFN             sanctions_emb_z  lag= 30 m5_p=0.3830  m6_ic=0.0520
[18:46:10]   HIT  MOEXFN             inflation_emb_z  lag=  7 m5_p=0.4968  m6_ic=0.1050
[18:46:11]   HIT  MOEXFN             inflation_emb_z  lag= 14 m5_p=0.9658  m6_ic=0.0334
[18:46:11]   HIT  MOEXFN             inflation_emb_z  lag= 30 m5_p=0.6884  m6_ic=0.0354
[18:46:12]   HIT  MOEXFN             banking_emb_z    lag= 30 m5_p=0.7341  m6_ic=0.0503
[18:46:12]   HIT  MOEXFN             gold_emb_z       lag= 14 m5_p=0.2758  m6_ic=0.0430
[18:46:13]   HIT  MOEXOG             oil_emb_z        lag=  1 m5_p=0.7135  m6_ic=0.0718
[18:46:13]   HIT  MOEXOG             oil_emb_z        lag=  7 m5_p=0.0733  m6_ic=0.1059
[18:46:13]   HIT  MOEXOG             oil_emb_z        lag= 14 m5_p=0.9043  m6_ic=0.0620
[18:46:13]   HIT  MOEXOG             oil_emb_z        lag= 30 m5_p=0.1069  m6_ic=0.0736
[18:46:14]   HIT  MOEXOG             rate_emb_z       lag=  7 m5_p=0.0755  m6_ic=0.0722
[18:46:14]   HIT  MOEXOG             rate_emb_z       lag= 14 m5_p=0.6295  m6_ic=0.1002
[18:46:14]   HIT  MOEXOG             rate_emb_z       lag= 30 m5_p=0.4671  m6_ic=0.0770
[18:46:15]   HIT  MOEXOG             ruble_emb_z      lag= 14 m5_p=0.7797  m6_ic=0.0519
[18:46:15]   HIT  MOEXOG             ruble_emb_z      lag= 30 m5_p=0.1859  m6_ic=0.0760
[18:46:15]   HIT  MOEXOG             sanctions_emb_z  lag=  7 m5_p=0.2161  m6_ic=0.0405
[18:46:16]   HIT  MOEXOG             inflation_emb_z  lag=  1 m5_p=0.1669  m6_ic=0.0863
[18:46:16]   HIT  MOEXOG             inflation_emb_z  lag=  7 m5_p=0.4320  m6_ic=0.0360
[18:46:16]   HIT  MOEXOG             inflation_emb_z  lag= 30 m5_p=0.3389  m6_ic=0.0472
[18:46:17]   HIT  MOEXOG             banking_emb_z    lag= 30 m5_p=0.7124  m6_ic=0.0584
[18:46:17]   HIT  MOEXOG             gold_emb_z       lag=  1 m5_p=0.6755  m6_ic=0.0347
[18:46:18]   HIT  MOEXOG             gold_emb_z       lag=  7 m5_p=0.2092  m6_ic=0.0829
[18:46:18]   HIT  MOEXOG             gold_emb_z       lag= 14 m5_p=0.4845  m6_ic=0.0778
[18:46:18]   HIT  MOEXOG             gold_emb_z       lag= 30 m5_p=0.5771  m6_ic=0.0319
[18:46:19]   HIT  MOEX10             oil_emb_z        lag= 14 m5_p=0.7244  m6_ic=0.0301
[18:46:19]   HIT  MOEX10             oil_emb_z        lag= 30 m5_p=0.1532  m6_ic=0.0940
[18:46:19]   HIT  MOEX10             rate_emb_z       lag= 14 m5_p=0.5362  m6_ic=0.0615
[18:46:20]   HIT  MOEX10             ruble_emb_z      lag=  1 m5_p=0.2101  m6_ic=0.0667
[18:46:20]   HIT  MOEX10             ruble_emb_z      lag= 30 m5_p=0.1711  m6_ic=0.0947
[18:46:21]   HIT  MOEX10             sanctions_emb_z  lag= 14 m5_p=0.1501  m6_ic=0.0430
[18:46:21]   HIT  MOEX10             inflation_emb_z  lag=  1 m5_p=0.2963  m6_ic=0.0465
[18:46:22]   HIT  MOEX10             inflation_emb_z  lag=  7 m5_p=0.4887  m6_ic=0.0685
[18:46:22]   HIT  MOEX10             inflation_emb_z  lag= 14 m5_p=0.8985  m6_ic=0.0505
[18:46:23]   HIT  MOEX10             banking_emb_z    lag= 14 m5_p=0.7807  m6_ic=0.0464
[18:46:23]   HIT  MOEX10             banking_emb_z    lag= 30 m5_p=0.6500  m6_ic=0.0796
[18:46:24]   HIT  MOEX10             gold_emb_z       lag= 30 m5_p=0.7972  m6_ic=0.0517
[18:46:24]     Train: 260 signals
[18:46:24]     Val holdout (260 candidates)...
[18:46:24]     VAL PASS  SP500              oil_emb_z        lag=  1  m6_ic=0.0710
[18:46:24]     VAL PASS  SP500              oil_emb_z        lag=  7  m6_ic=0.0531
[18:46:24]     VAL PASS  SP500              oil_emb_z        lag= 14  m6_ic=0.0603
[18:46:25]     VAL PASS  SP500              rate_emb_z       lag= 14  m6_ic=0.0688
[18:46:25]     VAL PASS  SP500              rate_emb_z       lag= 30  m6_ic=0.0745
[18:46:25]     VAL PASS  SP500              ruble_emb_z      lag=  1  m6_ic=0.0875
[18:46:25]     VAL PASS  SP500              ruble_emb_z      lag=  7  m6_ic=0.0653
[18:46:26]     VAL PASS  SP500              sanctions_emb_z  lag= 14  m6_ic=0.0501
[18:46:26]     VAL PASS  SP500              sanctions_emb_z  lag= 30  m6_ic=0.1002
[18:46:26]     VAL PASS  SP500              inflation_emb_z  lag=  1  m6_ic=0.0800
[18:46:26]     VAL PASS  SP500              inflation_emb_z  lag= 14  m6_ic=0.0769
[18:46:27]     VAL PASS  SP500              gold_emb_z       lag= 14  m6_ic=0.0349
[18:46:27]     VAL PASS  SP500              gold_emb_z       lag= 30  m6_ic=0.1651
[18:46:27]     VAL PASS  USD_RUB            rate_emb_z       lag=  1  m6_ic=0.0935
[18:46:27]     VAL PASS  USD_RUB            rate_emb_z       lag=  7  m6_ic=0.0575
[18:46:28]     VAL PASS  USD_RUB            ruble_emb_z      lag= 14  m6_ic=0.0617
[18:46:28]     VAL PASS  USD_RUB            ruble_emb_z      lag= 30  m6_ic=0.0522
[18:46:28]     VAL PASS  USD_RUB            sanctions_emb_z  lag=  7  m6_ic=0.0575
[18:46:29]     VAL PASS  USD_RUB            inflation_emb_z  lag=  1  m6_ic=0.0509
[18:46:29]     VAL PASS  USD_RUB            inflation_emb_z  lag=  7  m6_ic=0.0921
[18:46:29]     VAL PASS  USD_RUB            inflation_emb_z  lag= 30  m6_ic=0.0370
[18:46:30]     VAL PASS  USD_RUB            banking_emb_z    lag=  1  m6_ic=0.0343
[18:46:30]     VAL PASS  USD_RUB            gold_emb_z       lag=  1  m6_ic=0.0917
[18:46:31]     VAL PASS  USD_RUB            gold_emb_z       lag= 30  m6_ic=0.0586
[18:46:31]     VAL PASS  EUR_RUB            rate_emb_z       lag=  1  m6_ic=0.0935
[18:46:31]     VAL PASS  EUR_RUB            rate_emb_z       lag=  7  m6_ic=0.0575
[18:46:32]     VAL PASS  EUR_RUB            ruble_emb_z      lag= 14  m6_ic=0.0617
[18:46:32]     VAL PASS  EUR_RUB            ruble_emb_z      lag= 30  m6_ic=0.0522
[18:46:32]     VAL PASS  EUR_RUB            sanctions_emb_z  lag=  7  m6_ic=0.0575
[18:46:33]     VAL PASS  EUR_RUB            inflation_emb_z  lag=  1  m6_ic=0.0509
[18:46:33]     VAL PASS  EUR_RUB            inflation_emb_z  lag=  7  m6_ic=0.0921
[18:46:33]     VAL PASS  EUR_RUB            inflation_emb_z  lag= 30  m6_ic=0.0370
[18:46:33]     VAL PASS  EUR_RUB            banking_emb_z    lag=  1  m6_ic=0.0343
[18:46:34]     VAL PASS  EUR_RUB            gold_emb_z       lag=  1  m6_ic=0.0917
[18:46:34]     VAL PASS  EUR_RUB            gold_emb_z       lag= 30  m6_ic=0.0586
[18:46:35]     VAL PASS  DJ_SOUTH_AFRICA    oil_emb_z        lag=  1  m6_ic=0.0576
[18:46:35]     VAL PASS  DJ_SOUTH_AFRICA    oil_emb_z        lag= 30  m6_ic=0.1367
[18:46:35]     VAL PASS  DJ_SOUTH_AFRICA    rate_emb_z       lag= 14  m6_ic=0.0339
[18:46:35]     VAL PASS  DJ_SOUTH_AFRICA    rate_emb_z       lag= 30  m6_ic=0.0896
[18:46:35]     VAL PASS  DJ_SOUTH_AFRICA    sanctions_emb_z  lag=  7  m6_ic=0.0498
[18:46:36]     VAL PASS  DJ_SOUTH_AFRICA    inflation_emb_z  lag= 30  m6_ic=0.0759
[18:46:37]     VAL PASS  MSCI_WORLD         oil_emb_z        lag=  1  m6_ic=0.0462
[18:46:37]     VAL PASS  MSCI_WORLD         oil_emb_z        lag=  7  m6_ic=0.0908
[18:46:38]     VAL PASS  MSCI_WORLD         ruble_emb_z      lag= 14  m6_ic=0.0440
[18:46:38]     VAL PASS  MSCI_WORLD         ruble_emb_z      lag= 30  m6_ic=0.0365
[18:46:38]     VAL PASS  MSCI_WORLD         sanctions_emb_z  lag=  1  m6_ic=0.0409
[18:46:39]     VAL PASS  MSCI_WORLD         sanctions_emb_z  lag=  7  m6_ic=0.0357
[18:46:39]     VAL PASS  MSCI_WORLD         sanctions_emb_z  lag= 14  m6_ic=0.0331
[18:46:39]     VAL PASS  MSCI_WORLD         inflation_emb_z  lag= 14  m6_ic=0.0352
[18:46:40]     VAL PASS  MSCI_WORLD         banking_emb_z    lag=  7  m6_ic=0.0640
[18:46:40]     VAL PASS  MSCI_WORLD         banking_emb_z    lag= 14  m6_ic=0.1243
[18:46:40]     VAL PASS  DXY                oil_emb_z        lag=  1  m6_ic=0.0635
[18:46:40]     VAL PASS  DXY                oil_emb_z        lag=  7  m6_ic=0.1685
[18:46:41]     VAL PASS  DXY                oil_emb_z        lag= 14  m6_ic=0.0967
[18:46:41]     VAL PASS  DXY                rate_emb_z       lag=  1  m6_ic=0.0553
[18:46:41]     VAL PASS  DXY                ruble_emb_z      lag= 30  m6_ic=0.0502
[18:46:42]     VAL PASS  DXY                sanctions_emb_z  lag=  7  m6_ic=0.0833
[18:46:42]     VAL PASS  DXY                inflation_emb_z  lag=  1  m6_ic=0.0556
[18:46:43]     VAL PASS  DXY                inflation_emb_z  lag=  7  m6_ic=0.0368
[18:46:43]     VAL PASS  DXY                inflation_emb_z  lag= 14  m6_ic=0.0940
[18:46:43]     VAL PASS  DXY                inflation_emb_z  lag= 30  m6_ic=0.0626
[18:46:43]     VAL PASS  DXY                banking_emb_z    lag=  1  m6_ic=0.0705
[18:46:43]     VAL PASS  DXY                banking_emb_z    lag= 14  m6_ic=0.0573
[18:46:44]     VAL PASS  DXY                banking_emb_z    lag= 30  m6_ic=0.0425
[18:46:44]     VAL PASS  DXY                gold_emb_z       lag=  7  m6_ic=0.0819
[18:46:44]     VAL PASS  DXY                gold_emb_z       lag= 30  m6_ic=0.0566
[18:46:44]     VAL PASS  BRENT              oil_emb_z        lag=  1  m6_ic=0.0304
[18:46:45]     VAL PASS  BRENT              rate_emb_z       lag=  1  m6_ic=0.1163
[18:46:45]     VAL PASS  BRENT              rate_emb_z       lag=  7  m6_ic=0.0563
[18:46:45]     VAL PASS  BRENT              rate_emb_z       lag= 14  m6_ic=0.1027
[18:46:45]     VAL PASS  BRENT              rate_emb_z       lag= 30  m6_ic=0.0734
[18:46:45]     VAL PASS  BRENT              ruble_emb_z      lag=  7  m6_ic=0.0777
[18:46:46]     VAL PASS  BRENT              ruble_emb_z      lag= 14  m6_ic=0.0332
[18:46:46]     VAL PASS  BRENT              sanctions_emb_z  lag= 30  m6_ic=0.0513
[18:46:46]     VAL PASS  BRENT              inflation_emb_z  lag=  7  m6_ic=0.0633
[18:46:46]     VAL PASS  BRENT              inflation_emb_z  lag= 14  m6_ic=0.0515
[18:46:47]     VAL PASS  BRENT              inflation_emb_z  lag= 30  m6_ic=0.0483
[18:46:47]     VAL PASS  BRENT              gold_emb_z       lag=  1  m6_ic=0.0553
[18:46:47]     VAL PASS  BRENT              gold_emb_z       lag= 30  m6_ic=0.0526
[18:46:47]     VAL PASS  MSCI_INDIA         oil_emb_z        lag=  1  m6_ic=0.0567
[18:46:48]     VAL PASS  MSCI_INDIA         oil_emb_z        lag=  7  m6_ic=0.0505
[18:46:48]     VAL PASS  MSCI_INDIA         oil_emb_z        lag= 30  m6_ic=0.0644
[18:46:48]     VAL PASS  MSCI_INDIA         rate_emb_z       lag=  1  m6_ic=0.0332
[18:46:48]     VAL PASS  MSCI_INDIA         rate_emb_z       lag=  7  m6_ic=0.0467
[18:46:48]     VAL PASS  MSCI_INDIA         ruble_emb_z      lag=  1  m6_ic=0.0347
[18:46:49]     VAL PASS  MSCI_INDIA         ruble_emb_z      lag=  7  m6_ic=0.0358
[18:46:49]     VAL PASS  MSCI_INDIA         ruble_emb_z      lag= 30  m6_ic=0.0606
[18:46:49]     VAL PASS  MSCI_INDIA         inflation_emb_z  lag= 14  m6_ic=0.0461
[18:46:50]     VAL PASS  MSCI_INDIA         banking_emb_z    lag= 30  m6_ic=0.1817
[18:46:50]     VAL PASS  MSCI_INDIA         gold_emb_z       lag=  7  m6_ic=0.0711
[18:46:50]     VAL PASS  MSCI_INDIA         gold_emb_z       lag= 30  m6_ic=0.0423
[18:46:50]     VAL PASS  CHINA_H_SHARES     oil_emb_z        lag=  1  m6_ic=0.1001
[18:46:51]     VAL PASS  CHINA_H_SHARES     oil_emb_z        lag= 30  m6_ic=0.1111
[18:46:51]     VAL PASS  CHINA_H_SHARES     rate_emb_z       lag= 14  m6_ic=0.0510
[18:46:51]     VAL PASS  CHINA_H_SHARES     rate_emb_z       lag= 30  m6_ic=0.0523
[18:46:52]     VAL PASS  CHINA_H_SHARES     ruble_emb_z      lag= 14  m6_ic=0.1738
[18:46:52]     VAL PASS  CHINA_H_SHARES     sanctions_emb_z  lag=  1  m6_ic=0.0895
[18:46:52]     VAL PASS  CHINA_H_SHARES     sanctions_emb_z  lag=  7  m6_ic=0.0478
[18:46:52]     VAL PASS  CHINA_H_SHARES     sanctions_emb_z  lag= 30  m6_ic=0.0432
[18:46:53]     VAL PASS  CHINA_H_SHARES     inflation_emb_z  lag=  7  m6_ic=0.0842
[18:46:53]     VAL PASS  CHINA_H_SHARES     inflation_emb_z  lag= 14  m6_ic=0.0570
[18:46:54]     VAL PASS  CHINA_H_SHARES     gold_emb_z       lag=  7  m6_ic=0.1068
[18:46:54]     VAL PASS  FTSE_CHINA_50      oil_emb_z        lag=  1  m6_ic=0.0347
[18:46:54]     VAL PASS  FTSE_CHINA_50      rate_emb_z       lag=  7  m6_ic=0.0332
[18:46:55]     VAL PASS  FTSE_CHINA_50      rate_emb_z       lag= 30  m6_ic=0.1051
[18:46:55]     VAL PASS  FTSE_CHINA_50      ruble_emb_z      lag=  1  m6_ic=0.0499
[18:46:55]     VAL PASS  FTSE_CHINA_50      ruble_emb_z      lag= 14  m6_ic=0.0690
[18:46:55]     VAL PASS  FTSE_CHINA_50      ruble_emb_z      lag= 30  m6_ic=0.1288
[18:46:56]     VAL PASS  FTSE_CHINA_50      sanctions_emb_z  lag=  1  m6_ic=0.0728
[18:46:56]     VAL PASS  FTSE_CHINA_50      sanctions_emb_z  lag=  7  m6_ic=0.0415
[18:46:56]     VAL PASS  FTSE_CHINA_50      sanctions_emb_z  lag= 30  m6_ic=0.0469
[18:46:56]     VAL PASS  FTSE_CHINA_50      inflation_emb_z  lag=  7  m6_ic=0.0714
[18:46:57]     VAL PASS  FTSE_CHINA_50      inflation_emb_z  lag= 30  m6_ic=0.0422
[18:46:57]     VAL PASS  FTSE_CHINA_50      banking_emb_z    lag=  7  m6_ic=0.0385
[18:46:57]     VAL PASS  FTSE_CHINA_50      gold_emb_z       lag=  7  m6_ic=0.0346
[18:46:58]     VAL PASS  GOLD               oil_emb_z        lag= 30  m6_ic=0.1184
[18:46:58]     VAL PASS  GOLD               rate_emb_z       lag=  1  m6_ic=0.1016
[18:46:58]     VAL PASS  GOLD               rate_emb_z       lag= 14  m6_ic=0.0620
[18:46:58]     VAL PASS  GOLD               rate_emb_z       lag= 30  m6_ic=0.1201
[18:46:59]     VAL PASS  GOLD               ruble_emb_z      lag=  7  m6_ic=0.1107
[18:46:59]     VAL PASS  GOLD               ruble_emb_z      lag= 30  m6_ic=0.0372
[18:46:59]     VAL PASS  GOLD               sanctions_emb_z  lag= 30  m6_ic=0.0509
[18:47:00]     VAL PASS  GOLD               inflation_emb_z  lag=  1  m6_ic=0.1358
[18:47:00]     VAL PASS  GOLD               banking_emb_z    lag=  1  m6_ic=0.0501
[18:47:00]     VAL PASS  GOLD               banking_emb_z    lag= 14  m6_ic=0.0452
[18:47:00]     VAL PASS  GOLD               gold_emb_z       lag=  1  m6_ic=0.0508
[18:47:01]     VAL PASS  SILVER             oil_emb_z        lag=  1  m6_ic=0.0944
[18:47:01]     VAL PASS  SILVER             oil_emb_z        lag=  7  m6_ic=0.1289
[18:47:02]     VAL PASS  SILVER             rate_emb_z       lag=  1  m6_ic=0.0865
[18:47:02]     VAL PASS  SILVER             rate_emb_z       lag= 30  m6_ic=0.0674
[18:47:02]     VAL PASS  SILVER             ruble_emb_z      lag=  7  m6_ic=0.0392
[18:47:03]     VAL PASS  SILVER             ruble_emb_z      lag= 30  m6_ic=0.0486
[18:47:03]     VAL PASS  SILVER             sanctions_emb_z  lag= 14  m6_ic=0.0804
[18:47:03]     VAL PASS  SILVER             sanctions_emb_z  lag= 30  m6_ic=0.0535
[18:47:04]     VAL PASS  SILVER             inflation_emb_z  lag=  1  m6_ic=0.0496
[18:47:04]     VAL PASS  SILVER             inflation_emb_z  lag= 14  m6_ic=0.0556
[18:47:04]     VAL PASS  SILVER             inflation_emb_z  lag= 30  m6_ic=0.0598
[18:47:04]     VAL PASS  SILVER             gold_emb_z       lag= 14  m6_ic=0.1416
[18:47:05]     VAL PASS  IMOEX              oil_emb_z        lag=  7  m6_ic=0.0446
[18:47:05]     VAL PASS  IMOEX              rate_emb_z       lag= 14  m6_ic=0.1515
[18:47:05]     VAL PASS  IMOEX              rate_emb_z       lag= 30  m6_ic=0.1019
[18:47:06]     VAL PASS  IMOEX              ruble_emb_z      lag= 14  m6_ic=0.1229
[18:47:06]     VAL PASS  IMOEX              ruble_emb_z      lag= 30  m6_ic=0.1410
[18:47:06]     VAL PASS  IMOEX              sanctions_emb_z  lag=  7  m6_ic=0.0502
[18:47:07]     VAL PASS  IMOEX              sanctions_emb_z  lag= 14  m6_ic=0.1057
[18:47:07]     VAL PASS  IMOEX              sanctions_emb_z  lag= 30  m6_ic=0.0640
[18:47:07]     VAL PASS  IMOEX              inflation_emb_z  lag=  1  m6_ic=0.1056
[18:47:07]     VAL PASS  IMOEX              inflation_emb_z  lag=  7  m6_ic=0.0840
[18:47:07]     VAL PASS  IMOEX              inflation_emb_z  lag= 30  m6_ic=0.0374
[18:47:08]     VAL PASS  MOEXFN             rate_emb_z       lag= 14  m6_ic=0.1772
[18:47:08]     VAL PASS  MOEXFN             ruble_emb_z      lag=  1  m6_ic=0.0796
[18:47:09]     VAL PASS  MOEXFN             ruble_emb_z      lag= 14  m6_ic=0.1199
[18:47:09]     VAL PASS  MOEXFN             ruble_emb_z      lag= 30  m6_ic=0.1240
[18:47:09]     VAL PASS  MOEXFN             sanctions_emb_z  lag= 30  m6_ic=0.0366
[18:47:09]     VAL PASS  MOEXFN             inflation_emb_z  lag=  7  m6_ic=0.1169
[18:47:10]     VAL PASS  MOEXFN             inflation_emb_z  lag= 30  m6_ic=0.0446
[18:47:10]     VAL PASS  MOEXFN             banking_emb_z    lag= 30  m6_ic=0.0792
[18:47:10]     VAL PASS  MOEXOG             oil_emb_z        lag=  1  m6_ic=0.0416
[18:47:10]     VAL PASS  MOEXOG             oil_emb_z        lag=  7  m6_ic=0.0706
[18:47:11]     VAL PASS  MOEXOG             oil_emb_z        lag= 14  m6_ic=0.0718
[18:47:11]     VAL PASS  MOEXOG             oil_emb_z        lag= 30  m6_ic=0.0664
[18:47:11]     VAL PASS  MOEXOG             rate_emb_z       lag=  7  m6_ic=0.0349
[18:47:11]     VAL PASS  MOEXOG             rate_emb_z       lag= 14  m6_ic=0.1417
[18:47:11]     VAL PASS  MOEXOG             rate_emb_z       lag= 30  m6_ic=0.0866
[18:47:12]     VAL PASS  MOEXOG             ruble_emb_z      lag= 14  m6_ic=0.0964
[18:47:12]     VAL PASS  MOEXOG             ruble_emb_z      lag= 30  m6_ic=0.1103
[18:47:12]     VAL PASS  MOEXOG             inflation_emb_z  lag=  1  m6_ic=0.1491
[18:47:12]     VAL PASS  MOEXOG             inflation_emb_z  lag=  7  m6_ic=0.0409
[18:47:13]     VAL PASS  MOEXOG             inflation_emb_z  lag= 30  m6_ic=0.0399
[18:47:13]     VAL PASS  MOEXOG             banking_emb_z    lag= 30  m6_ic=0.0722
[18:47:13]     VAL PASS  MOEXOG             gold_emb_z       lag=  1  m6_ic=0.0892
[18:47:13]     VAL PASS  MOEXOG             gold_emb_z       lag= 14  m6_ic=0.0572
[18:47:14]     VAL PASS  MOEXOG             gold_emb_z       lag= 30  m6_ic=0.1562
[18:47:14]     VAL PASS  MOEX10             oil_emb_z        lag= 14  m6_ic=0.0816
[18:47:14]     VAL PASS  MOEX10             oil_emb_z        lag= 30  m6_ic=0.0310
[18:47:14]     VAL PASS  MOEX10             rate_emb_z       lag= 14  m6_ic=0.1497
[18:47:14]     VAL PASS  MOEX10             ruble_emb_z      lag=  1  m6_ic=0.0487
[18:47:15]     VAL PASS  MOEX10             ruble_emb_z      lag= 30  m6_ic=0.1278
[18:47:15]     VAL PASS  MOEX10             sanctions_emb_z  lag= 14  m6_ic=0.1211
[18:47:15]     VAL PASS  MOEX10             inflation_emb_z  lag=  1  m6_ic=0.1071
[18:47:15]     VAL PASS  MOEX10             inflation_emb_z  lag=  7  m6_ic=0.0961
[18:47:15]     VAL PASS  MOEX10             inflation_emb_z  lag= 14  m6_ic=0.0450
[18:47:16]     VAL PASS  MOEX10             banking_emb_z    lag= 14  m6_ic=0.0410
[18:47:16]     VAL PASS  MOEX10             banking_emb_z    lag= 30  m6_ic=0.0736
[18:47:16]     VAL PASS  MOEX10             gold_emb_z       lag= 30  m6_ic=0.0702
[18:47:16]     Val: 185/260 held
[18:47:16]   Score: 2763.2  train=260  ic_max=0.1514
[18:47:16] 
[15/15] sweep_embedding_z90_vol_5d
[18:47:16]   Config: sweep_embedding_z90_vol_5d
[18:47:16]     feature=embedding_z90  target=vol_5d  ensemble=M6_only  ic_min=0.03
[18:47:16]   HIT  SP500              oil_emb_z        lag=  1 m5_p=0.7065  m6_ic=0.0758
[18:47:16]   HIT  SP500              oil_emb_z        lag=  7 m5_p=0.8172  m6_ic=0.0393
[18:47:17]   HIT  SP500              oil_emb_z        lag= 14 m5_p=0.0828  m6_ic=0.0797
[18:47:17]   HIT  SP500              oil_emb_z        lag= 30 m5_p=0.4790  m6_ic=0.0367
[18:47:17]   HIT  SP500              rate_emb_z       lag= 14 m5_p=0.3951  m6_ic=0.0349
[18:47:18]   HIT  SP500              rate_emb_z       lag= 30 m5_p=0.3930  m6_ic=0.0493
[18:47:18]   HIT  SP500              ruble_emb_z      lag=  1 m5_p=0.0528  m6_ic=0.0345
[18:47:18]   HIT  SP500              ruble_emb_z      lag=  7 m5_p=0.2303  m6_ic=0.0322
[18:47:18]   HIT  SP500              ruble_emb_z      lag= 30 m5_p=0.1561  m6_ic=0.0656
[18:47:19]   HIT  SP500              sanctions_emb_z  lag=  7 m5_p=0.0507  m6_ic=0.0406
[18:47:19]   HIT  SP500              sanctions_emb_z  lag= 14 m5_p=0.7268  m6_ic=0.0771
[18:47:19]   HIT  SP500              sanctions_emb_z  lag= 30 m5_p=0.3147  m6_ic=0.0317
[18:47:19]   HIT  SP500              inflation_emb_z  lag=  1 m5_p=0.6456  m6_ic=0.0562
[18:47:20]   HIT  SP500              inflation_emb_z  lag= 14 m5_p=0.2256  m6_ic=0.0719
[18:47:21]   HIT  SP500              gold_emb_z       lag=  1 m5_p=0.7799  m6_ic=0.0570
[18:47:21]   HIT  SP500              gold_emb_z       lag= 14 m5_p=0.3237  m6_ic=0.0434
[18:47:22]   HIT  SP500              gold_emb_z       lag= 30 m5_p=0.7182  m6_ic=0.0535
[18:47:23]   HIT  USD_RUB            rate_emb_z       lag=  1 m5_p=0.1612  m6_ic=0.0426
[18:47:23]   HIT  USD_RUB            rate_emb_z       lag=  7 m5_p=0.0977  m6_ic=0.0986
[18:47:23]   HIT  USD_RUB            rate_emb_z       lag= 14 m5_p=0.0392  m6_ic=0.0645
[18:47:24]   HIT  USD_RUB            ruble_emb_z      lag=  1 m5_p=0.1687  m6_ic=0.0304
[18:47:24]   HIT  USD_RUB            ruble_emb_z      lag= 14 m5_p=0.1574  m6_ic=0.0438
[18:47:24]   HIT  USD_RUB            ruble_emb_z      lag= 30 m5_p=0.7797  m6_ic=0.0355
[18:47:25]   HIT  USD_RUB            sanctions_emb_z  lag=  7 m5_p=0.8898  m6_ic=0.0510
[18:47:25]   HIT  USD_RUB            sanctions_emb_z  lag= 30 m5_p=0.4128  m6_ic=0.0490
[18:47:25]   HIT  USD_RUB            inflation_emb_z  lag=  1 m5_p=0.0553  m6_ic=0.0413
[18:47:25]   HIT  USD_RUB            inflation_emb_z  lag=  7 m5_p=0.7697  m6_ic=0.0331
[18:47:26]   HIT  USD_RUB            inflation_emb_z  lag= 14 m5_p=0.8057  m6_ic=0.0337
[18:47:26]   HIT  USD_RUB            inflation_emb_z  lag= 30 m5_p=0.5802  m6_ic=0.0884
[18:47:26]   HIT  USD_RUB            banking_emb_z    lag=  1 m5_p=0.9126  m6_ic=0.0434
[18:47:26]   HIT  USD_RUB            banking_emb_z    lag=  7 m5_p=0.6943  m6_ic=0.1137
[18:47:26]   HIT  USD_RUB            banking_emb_z    lag= 14 m5_p=0.8123  m6_ic=0.0337
[18:47:27]   HIT  USD_RUB            gold_emb_z       lag=  1 m5_p=0.5974  m6_ic=0.0501
[18:47:27]   HIT  USD_RUB            gold_emb_z       lag=  7 m5_p=0.7851  m6_ic=0.1043
[18:47:27]   HIT  USD_RUB            gold_emb_z       lag= 30 m5_p=0.2632  m6_ic=0.0432
[18:47:28]   HIT  EUR_RUB            rate_emb_z       lag=  1 m5_p=0.1612  m6_ic=0.0426
[18:47:29]   HIT  EUR_RUB            rate_emb_z       lag=  7 m5_p=0.0977  m6_ic=0.0986
[18:47:29]   HIT  EUR_RUB            rate_emb_z       lag= 14 m5_p=0.0392  m6_ic=0.0645
[18:47:29]   HIT  EUR_RUB            ruble_emb_z      lag=  1 m5_p=0.1687  m6_ic=0.0304
[18:47:30]   HIT  EUR_RUB            ruble_emb_z      lag= 14 m5_p=0.1574  m6_ic=0.0438
[18:47:30]   HIT  EUR_RUB            ruble_emb_z      lag= 30 m5_p=0.7797  m6_ic=0.0355
[18:47:30]   HIT  EUR_RUB            sanctions_emb_z  lag=  7 m5_p=0.8898  m6_ic=0.0510
[18:47:31]   HIT  EUR_RUB            sanctions_emb_z  lag= 30 m5_p=0.4128  m6_ic=0.0490
[18:47:31]   HIT  EUR_RUB            inflation_emb_z  lag=  1 m5_p=0.0553  m6_ic=0.0413
[18:47:31]   HIT  EUR_RUB            inflation_emb_z  lag=  7 m5_p=0.7697  m6_ic=0.0331
[18:47:31]   HIT  EUR_RUB            inflation_emb_z  lag= 14 m5_p=0.8057  m6_ic=0.0337
[18:47:31]   HIT  EUR_RUB            inflation_emb_z  lag= 30 m5_p=0.5802  m6_ic=0.0884
[18:47:32]   HIT  EUR_RUB            banking_emb_z    lag=  1 m5_p=0.9126  m6_ic=0.0434
[18:47:32]   HIT  EUR_RUB            banking_emb_z    lag=  7 m5_p=0.6943  m6_ic=0.1137
[18:47:32]   HIT  EUR_RUB            banking_emb_z    lag= 14 m5_p=0.8123  m6_ic=0.0337
[18:47:32]   HIT  EUR_RUB            gold_emb_z       lag=  1 m5_p=0.5974  m6_ic=0.0501
[18:47:33]   HIT  EUR_RUB            gold_emb_z       lag=  7 m5_p=0.7851  m6_ic=0.1043
[18:47:33]   HIT  EUR_RUB            gold_emb_z       lag= 30 m5_p=0.2632  m6_ic=0.0432
[18:47:33]   HIT  DJ_SOUTH_AFRICA    oil_emb_z        lag=  1 m5_p=0.8221  m6_ic=0.1124
[18:47:34]   HIT  DJ_SOUTH_AFRICA    oil_emb_z        lag= 30 m5_p=0.6389  m6_ic=0.1014
[18:47:35]   HIT  DJ_SOUTH_AFRICA    rate_emb_z       lag= 14 m5_p=0.5234  m6_ic=0.0418
[18:47:35]   HIT  DJ_SOUTH_AFRICA    rate_emb_z       lag= 30 m5_p=0.3592  m6_ic=0.0611
[18:47:36]   HIT  DJ_SOUTH_AFRICA    sanctions_emb_z  lag=  7 m5_p=0.0434  m6_ic=0.0670
[18:47:37]   HIT  DJ_SOUTH_AFRICA    inflation_emb_z  lag=  1 m5_p=0.3201  m6_ic=0.0449
[18:47:37]   HIT  DJ_SOUTH_AFRICA    inflation_emb_z  lag= 30 m5_p=0.8809  m6_ic=0.0922
[18:47:37]   HIT  DJ_SOUTH_AFRICA    banking_emb_z    lag=  1 m5_p=0.3918  m6_ic=0.0604
[18:47:38]   HIT  DJ_SOUTH_AFRICA    banking_emb_z    lag= 14 m5_p=0.5033  m6_ic=0.0547
[18:47:38]   HIT  DJ_SOUTH_AFRICA    banking_emb_z    lag= 30 m5_p=0.6983  m6_ic=0.0314
[18:47:38]   HIT  DJ_SOUTH_AFRICA    gold_emb_z       lag=  7 m5_p=0.2064  m6_ic=0.0798
[18:47:39]   HIT  MSCI_WORLD         oil_emb_z        lag=  1 m5_p=0.2689  m6_ic=0.1514
[18:47:39]   HIT  MSCI_WORLD         oil_emb_z        lag=  7 m5_p=0.2210  m6_ic=0.0657
[18:47:40]   HIT  MSCI_WORLD         rate_emb_z       lag=  7 m5_p=0.1228  m6_ic=0.0539
[18:47:40]   HIT  MSCI_WORLD         rate_emb_z       lag= 14 m5_p=0.1286  m6_ic=0.0381
[18:47:41]   HIT  MSCI_WORLD         ruble_emb_z      lag=  1 m5_p=0.1664  m6_ic=0.0711
[18:47:41]   HIT  MSCI_WORLD         ruble_emb_z      lag= 14 m5_p=0.9920  m6_ic=0.0324
[18:47:41]   HIT  MSCI_WORLD         ruble_emb_z      lag= 30 m5_p=0.4841  m6_ic=0.0353
[18:47:42]   HIT  MSCI_WORLD         sanctions_emb_z  lag=  1 m5_p=0.5408  m6_ic=0.0361
[18:47:42]   HIT  MSCI_WORLD         sanctions_emb_z  lag=  7 m5_p=0.5700  m6_ic=0.0598
[18:47:42]   HIT  MSCI_WORLD         sanctions_emb_z  lag= 14 m5_p=0.9735  m6_ic=0.0894
[18:47:43]   HIT  MSCI_WORLD         inflation_emb_z  lag=  7 m5_p=0.8886  m6_ic=0.0742
[18:47:43]   HIT  MSCI_WORLD         inflation_emb_z  lag= 14 m5_p=0.7276  m6_ic=0.0477
[18:47:43]   HIT  MSCI_WORLD         inflation_emb_z  lag= 30 m5_p=0.9393  m6_ic=0.0709
[18:47:43]   HIT  MSCI_WORLD         banking_emb_z    lag=  7 m5_p=0.6228  m6_ic=0.0597
[18:47:44]   HIT  MSCI_WORLD         banking_emb_z    lag= 14 m5_p=0.1712  m6_ic=0.0603
[18:47:44]   HIT  MSCI_WORLD         gold_emb_z       lag=  1 m5_p=0.6457  m6_ic=0.0383
[18:47:45]   HIT  DXY                oil_emb_z        lag=  1 m5_p=0.4736  m6_ic=0.0546
[18:47:45]   HIT  DXY                oil_emb_z        lag=  7 m5_p=0.4423  m6_ic=0.0927
[18:47:45]   HIT  DXY                oil_emb_z        lag= 14 m5_p=0.6408  m6_ic=0.0967
[18:47:46]   HIT  DXY                rate_emb_z       lag=  1 m5_p=0.8266  m6_ic=0.0799
[18:47:46]   HIT  DXY                rate_emb_z       lag= 14 m5_p=0.0288  m6_ic=0.0476
[18:47:46]   HIT  DXY                rate_emb_z       lag= 30 m5_p=0.3048  m6_ic=0.1179
[18:47:47]   HIT  DXY                ruble_emb_z      lag= 14 m5_p=0.8457  m6_ic=0.0645
[18:47:47]   HIT  DXY                ruble_emb_z      lag= 30 m5_p=0.5505  m6_ic=0.0900
[18:47:47]   HIT  DXY                sanctions_emb_z  lag=  7 m5_p=0.7069  m6_ic=0.0317
[18:47:48]   HIT  DXY                sanctions_emb_z  lag= 14 m5_p=0.4139  m6_ic=0.0336
[18:47:48]   HIT  DXY                sanctions_emb_z  lag= 30 m5_p=0.7200  m6_ic=0.0340
[18:47:48]   HIT  DXY                inflation_emb_z  lag=  1 m5_p=0.4382  m6_ic=0.0632
[18:47:48]   HIT  DXY                inflation_emb_z  lag=  7 m5_p=0.2982  m6_ic=0.0526
[18:47:48]   HIT  DXY                inflation_emb_z  lag= 14 m5_p=0.3512  m6_ic=0.0762
[18:47:49]   HIT  DXY                inflation_emb_z  lag= 30 m5_p=0.9893  m6_ic=0.0311
[18:47:49]   HIT  DXY                banking_emb_z    lag=  1 m5_p=0.3739  m6_ic=0.0356
[18:47:49]   HIT  DXY                banking_emb_z    lag= 14 m5_p=0.5128  m6_ic=0.0831
[18:47:49]   HIT  DXY                banking_emb_z    lag= 30 m5_p=0.7877  m6_ic=0.0443
[18:47:50]   HIT  DXY                gold_emb_z       lag=  7 m5_p=0.9712  m6_ic=0.0320
[18:47:50]   HIT  DXY                gold_emb_z       lag= 30 m5_p=0.9228  m6_ic=0.0432
[18:47:50]   HIT  BRENT              oil_emb_z        lag=  1 m5_p=0.1011  m6_ic=0.0347
[18:47:51]   HIT  BRENT              rate_emb_z       lag=  1 m5_p=0.4142  m6_ic=0.0450
[18:47:51]   HIT  BRENT              rate_emb_z       lag=  7 m5_p=0.3267  m6_ic=0.0813
[18:47:52]   HIT  BRENT              rate_emb_z       lag= 14 m5_p=0.9474  m6_ic=0.0788
[18:47:52]   HIT  BRENT              rate_emb_z       lag= 30 m5_p=0.3689  m6_ic=0.0331
[18:47:52]   HIT  BRENT              ruble_emb_z      lag=  7 m5_p=0.1636  m6_ic=0.0421
[18:47:52]   HIT  BRENT              ruble_emb_z      lag= 14 m5_p=0.6055  m6_ic=0.0882
[18:47:53]   HIT  BRENT              sanctions_emb_z  lag=  7 m5_p=0.3355  m6_ic=0.0415
[18:47:53]   HIT  BRENT              sanctions_emb_z  lag= 30 m5_p=0.7604  m6_ic=0.1134
[18:47:54]   HIT  BRENT              inflation_emb_z  lag=  7 m5_p=0.1354  m6_ic=0.1402
[18:47:54]   HIT  BRENT              inflation_emb_z  lag= 14 m5_p=0.4514  m6_ic=0.0348
[18:47:54]   HIT  BRENT              inflation_emb_z  lag= 30 m5_p=0.4299  m6_ic=0.0383
[18:47:54]   HIT  BRENT              banking_emb_z    lag=  1 m5_p=0.8689  m6_ic=0.1221
[18:47:55]   HIT  BRENT              gold_emb_z       lag=  1 m5_p=0.6198  m6_ic=0.0328
[18:47:56]   HIT  BRENT              gold_emb_z       lag= 30 m5_p=0.3724  m6_ic=0.0887
[18:47:56]   HIT  MSCI_INDIA         oil_emb_z        lag=  1 m5_p=0.6784  m6_ic=0.0840
[18:47:56]   HIT  MSCI_INDIA         oil_emb_z        lag=  7 m5_p=0.0789  m6_ic=0.0701
[18:47:57]   HIT  MSCI_INDIA         oil_emb_z        lag= 30 m5_p=0.9424  m6_ic=0.0797
[18:47:57]   HIT  MSCI_INDIA         rate_emb_z       lag=  1 m5_p=0.1855  m6_ic=0.0719
[18:47:57]   HIT  MSCI_INDIA         rate_emb_z       lag=  7 m5_p=0.9259  m6_ic=0.0988
[18:47:58]   HIT  MSCI_INDIA         ruble_emb_z      lag=  1 m5_p=0.5372  m6_ic=0.0638
[18:47:58]   HIT  MSCI_INDIA         ruble_emb_z      lag=  7 m5_p=0.3100  m6_ic=0.0367
[18:47:58]   HIT  MSCI_INDIA         ruble_emb_z      lag= 30 m5_p=0.1705  m6_ic=0.0686
[18:47:59]   HIT  MSCI_INDIA         sanctions_emb_z  lag=  1 m5_p=0.5988  m6_ic=0.0495
[18:47:59]   HIT  MSCI_INDIA         sanctions_emb_z  lag=  7 m5_p=0.8932  m6_ic=0.0586
[18:48:00]   HIT  MSCI_INDIA         inflation_emb_z  lag= 14 m5_p=0.0209  m6_ic=0.0699
[18:48:01]   HIT  MSCI_INDIA         banking_emb_z    lag= 30 m5_p=0.9294  m6_ic=0.0577
[18:48:01]   HIT  MSCI_INDIA         gold_emb_z       lag=  1 m5_p=0.6979  m6_ic=0.0594
[18:48:01]   HIT  MSCI_INDIA         gold_emb_z       lag=  7 m5_p=0.5940  m6_ic=0.0545
[18:48:02]   HIT  MSCI_INDIA         gold_emb_z       lag= 30 m5_p=0.8681  m6_ic=0.0582
[18:48:02]   HIT  CHINA_H_SHARES     oil_emb_z        lag=  1 m5_p=0.9893  m6_ic=0.0724
[18:48:03]   HIT  CHINA_H_SHARES     oil_emb_z        lag= 30 m5_p=0.7057  m6_ic=0.0362
[18:48:03]   HIT  CHINA_H_SHARES     rate_emb_z       lag= 14 m5_p=0.0364  m6_ic=0.0403
[18:48:03]   HIT  CHINA_H_SHARES     rate_emb_z       lag= 30 m5_p=0.4860  m6_ic=0.0910
[18:48:04]   HIT  CHINA_H_SHARES     ruble_emb_z      lag=  1 m5_p=0.1288  m6_ic=0.0651
[18:48:04]   HIT  CHINA_H_SHARES     ruble_emb_z      lag=  7 m5_p=0.0258  m6_ic=0.0937
[18:48:04]   HIT  CHINA_H_SHARES     ruble_emb_z      lag= 14 m5_p=0.6639  m6_ic=0.0697
[18:48:04]   HIT  CHINA_H_SHARES     ruble_emb_z      lag= 30 m5_p=0.8530  m6_ic=0.0383
[18:48:04]   HIT  CHINA_H_SHARES     sanctions_emb_z  lag=  1 m5_p=0.4712  m6_ic=0.0567
[18:48:04]   HIT  CHINA_H_SHARES     sanctions_emb_z  lag=  7 m5_p=0.4604  m6_ic=0.0971
[18:48:05]   HIT  CHINA_H_SHARES     sanctions_emb_z  lag= 30 m5_p=0.9912  m6_ic=0.0599
[18:48:05]   HIT  CHINA_H_SHARES     inflation_emb_z  lag=  7 m5_p=0.9088  m6_ic=0.0790
[18:48:05]   HIT  CHINA_H_SHARES     inflation_emb_z  lag= 14 m5_p=0.0994  m6_ic=0.0681
[18:48:06]   HIT  CHINA_H_SHARES     inflation_emb_z  lag= 30 m5_p=0.6375  m6_ic=0.0694
[18:48:06]   HIT  CHINA_H_SHARES     banking_emb_z    lag=  1 m5_p=0.9391  m6_ic=0.0503
[18:48:06]   HIT  CHINA_H_SHARES     banking_emb_z    lag=  7 m5_p=0.8681  m6_ic=0.0387
[18:48:06]   HIT  CHINA_H_SHARES     banking_emb_z    lag= 14 m5_p=0.8741  m6_ic=0.1206
[18:48:07]   HIT  CHINA_H_SHARES     gold_emb_z       lag=  7 m5_p=0.9698  m6_ic=0.0383
[18:48:08]   HIT  FTSE_CHINA_50      oil_emb_z        lag=  1 m5_p=0.8491  m6_ic=0.0405
[18:48:09]   HIT  FTSE_CHINA_50      rate_emb_z       lag=  7 m5_p=0.7444  m6_ic=0.0365
[18:48:09]   HIT  FTSE_CHINA_50      rate_emb_z       lag= 14 m5_p=0.0357  m6_ic=0.0421
[18:48:09]   HIT  FTSE_CHINA_50      rate_emb_z       lag= 30 m5_p=0.3121  m6_ic=0.0740
[18:48:09]   HIT  FTSE_CHINA_50      ruble_emb_z      lag=  1 m5_p=0.0784  m6_ic=0.0809
[18:48:09]   HIT  FTSE_CHINA_50      ruble_emb_z      lag=  7 m5_p=0.0464  m6_ic=0.0841
[18:48:10]   HIT  FTSE_CHINA_50      ruble_emb_z      lag= 14 m5_p=0.6174  m6_ic=0.0732
[18:48:10]   HIT  FTSE_CHINA_50      ruble_emb_z      lag= 30 m5_p=0.8329  m6_ic=0.0443
[18:48:10]   HIT  FTSE_CHINA_50      sanctions_emb_z  lag=  1 m5_p=0.3410  m6_ic=0.0346
[18:48:10]   HIT  FTSE_CHINA_50      sanctions_emb_z  lag=  7 m5_p=0.5076  m6_ic=0.0943
[18:48:11]   HIT  FTSE_CHINA_50      sanctions_emb_z  lag= 30 m5_p=0.8105  m6_ic=0.0432
[18:48:11]   HIT  FTSE_CHINA_50      inflation_emb_z  lag=  7 m5_p=0.9227  m6_ic=0.0687
[18:48:11]   HIT  FTSE_CHINA_50      inflation_emb_z  lag= 14 m5_p=0.0992  m6_ic=0.0651
[18:48:11]   HIT  FTSE_CHINA_50      inflation_emb_z  lag= 30 m5_p=0.5427  m6_ic=0.0894
[18:48:12]   HIT  FTSE_CHINA_50      banking_emb_z    lag=  1 m5_p=0.9363  m6_ic=0.0318
[18:48:12]   HIT  FTSE_CHINA_50      banking_emb_z    lag=  7 m5_p=0.6325  m6_ic=0.0315
[18:48:12]   HIT  FTSE_CHINA_50      banking_emb_z    lag= 14 m5_p=0.7967  m6_ic=0.1036
[18:48:13]   HIT  FTSE_CHINA_50      gold_emb_z       lag=  7 m5_p=0.7251  m6_ic=0.0612
[18:48:14]   HIT  GOLD               oil_emb_z        lag= 14 m5_p=0.2620  m6_ic=0.0581
[18:48:14]   HIT  GOLD               oil_emb_z        lag= 30 m5_p=0.6483  m6_ic=0.0605
[18:48:14]   HIT  GOLD               rate_emb_z       lag=  1 m5_p=0.7457  m6_ic=0.0963
[18:48:14]   HIT  GOLD               rate_emb_z       lag= 14 m5_p=0.3958  m6_ic=0.0432
[18:48:15]   HIT  GOLD               rate_emb_z       lag= 30 m5_p=0.9518  m6_ic=0.1247
[18:48:15]   HIT  GOLD               ruble_emb_z      lag=  7 m5_p=0.1019  m6_ic=0.0459
[18:48:15]   HIT  GOLD               ruble_emb_z      lag= 14 m5_p=0.6285  m6_ic=0.0650
[18:48:15]   HIT  GOLD               ruble_emb_z      lag= 30 m5_p=0.9995  m6_ic=0.0908
[18:48:15]   HIT  GOLD               sanctions_emb_z  lag=  1 m5_p=0.6497  m6_ic=0.0709
[18:48:16]   HIT  GOLD               sanctions_emb_z  lag= 14 m5_p=0.2963  m6_ic=0.0583
[18:48:16]   HIT  GOLD               sanctions_emb_z  lag= 30 m5_p=0.9756  m6_ic=0.0771
[18:48:16]   HIT  GOLD               inflation_emb_z  lag=  1 m5_p=0.8350  m6_ic=0.1288
[18:48:17]   HIT  GOLD               inflation_emb_z  lag= 14 m5_p=0.7996  m6_ic=0.0665
[18:48:17]   HIT  GOLD               banking_emb_z    lag=  1 m5_p=0.1266  m6_ic=0.0524
[18:48:18]   HIT  GOLD               banking_emb_z    lag= 14 m5_p=0.4410  m6_ic=0.0481
[18:48:18]   HIT  GOLD               gold_emb_z       lag=  1 m5_p=0.6920  m6_ic=0.0673
[18:48:18]   HIT  GOLD               gold_emb_z       lag=  7 m5_p=0.5645  m6_ic=0.1370
[18:48:19]   HIT  GOLD               gold_emb_z       lag= 30 m5_p=0.4815  m6_ic=0.0461
[18:48:19]   HIT  SILVER             oil_emb_z        lag=  1 m5_p=0.6895  m6_ic=0.0366
[18:48:19]   HIT  SILVER             oil_emb_z        lag=  7 m5_p=0.4870  m6_ic=0.0364
[18:48:19]   HIT  SILVER             oil_emb_z        lag= 14 m5_p=0.9875  m6_ic=0.0543
[18:48:19]   HIT  SILVER             rate_emb_z       lag=  1 m5_p=0.7504  m6_ic=0.0501
[18:48:20]   HIT  SILVER             rate_emb_z       lag=  7 m5_p=0.1456  m6_ic=0.0333
[18:48:20]   HIT  SILVER             rate_emb_z       lag= 30 m5_p=0.7659  m6_ic=0.0507
[18:48:20]   HIT  SILVER             ruble_emb_z      lag=  1 m5_p=0.4948  m6_ic=0.0589
[18:48:20]   HIT  SILVER             ruble_emb_z      lag=  7 m5_p=0.4274  m6_ic=0.1058
[18:48:21]   HIT  SILVER             ruble_emb_z      lag= 14 m5_p=0.4557  m6_ic=0.0451
[18:48:21]   HIT  SILVER             ruble_emb_z      lag= 30 m5_p=0.9529  m6_ic=0.0911
[18:48:21]   HIT  SILVER             sanctions_emb_z  lag=  1 m5_p=0.8650  m6_ic=0.0795
[18:48:21]   HIT  SILVER             sanctions_emb_z  lag= 14 m5_p=0.6519  m6_ic=0.0563
[18:48:22]   HIT  SILVER             sanctions_emb_z  lag= 30 m5_p=0.2999  m6_ic=0.0628
[18:48:22]   HIT  SILVER             inflation_emb_z  lag=  1 m5_p=0.5365  m6_ic=0.0332
[18:48:22]   HIT  SILVER             inflation_emb_z  lag= 14 m5_p=0.4693  m6_ic=0.0385
[18:48:22]   HIT  SILVER             inflation_emb_z  lag= 30 m5_p=0.3962  m6_ic=0.0404
[18:48:23]   HIT  SILVER             gold_emb_z       lag=  1 m5_p=0.7854  m6_ic=0.0433
[18:48:23]   HIT  SILVER             gold_emb_z       lag=  7 m5_p=0.2833  m6_ic=0.0583
[18:48:24]   HIT  SILVER             gold_emb_z       lag= 14 m5_p=0.9673  m6_ic=0.0550
[18:48:24]   HIT  IMOEX              oil_emb_z        lag=  7 m5_p=0.0775  m6_ic=0.0426
[18:48:25]   HIT  IMOEX              rate_emb_z       lag=  7 m5_p=0.2090  m6_ic=0.0853
[18:48:25]   HIT  IMOEX              rate_emb_z       lag= 14 m5_p=0.4143  m6_ic=0.0941
[18:48:25]   HIT  IMOEX              rate_emb_z       lag= 30 m5_p=0.6379  m6_ic=0.0740
[18:48:26]   HIT  IMOEX              ruble_emb_z      lag=  7 m5_p=0.8983  m6_ic=0.0365
[18:48:26]   HIT  IMOEX              ruble_emb_z      lag= 14 m5_p=0.5601  m6_ic=0.0870
[18:48:26]   HIT  IMOEX              ruble_emb_z      lag= 30 m5_p=0.4858  m6_ic=0.1052
[18:48:26]   HIT  IMOEX              sanctions_emb_z  lag=  1 m5_p=0.8655  m6_ic=0.0635
[18:48:27]   HIT  IMOEX              sanctions_emb_z  lag=  7 m5_p=0.1284  m6_ic=0.0402
[18:48:27]   HIT  IMOEX              sanctions_emb_z  lag= 14 m5_p=0.3439  m6_ic=0.0984
[18:48:27]   HIT  IMOEX              sanctions_emb_z  lag= 30 m5_p=0.2528  m6_ic=0.0877
[18:48:27]   HIT  IMOEX              inflation_emb_z  lag=  1 m5_p=0.2269  m6_ic=0.0885
[18:48:27]   HIT  IMOEX              inflation_emb_z  lag=  7 m5_p=0.4770  m6_ic=0.0760
[18:48:28]   HIT  IMOEX              inflation_emb_z  lag= 30 m5_p=0.2827  m6_ic=0.0794
[18:48:28]   HIT  IMOEX              banking_emb_z    lag=  7 m5_p=0.4350  m6_ic=0.0478
[18:48:30]   HIT  MOEXFN             oil_emb_z        lag=  7 m5_p=0.1384  m6_ic=0.0418
[18:48:30]   HIT  MOEXFN             oil_emb_z        lag= 30 m5_p=0.3234  m6_ic=0.1036
[18:48:31]   HIT  MOEXFN             rate_emb_z       lag= 14 m5_p=0.1283  m6_ic=0.0745
[18:48:31]   HIT  MOEXFN             ruble_emb_z      lag=  1 m5_p=0.1970  m6_ic=0.0331
[18:48:31]   HIT  MOEXFN             ruble_emb_z      lag= 14 m5_p=0.9925  m6_ic=0.0471
[18:48:32]   HIT  MOEXFN             ruble_emb_z      lag= 30 m5_p=0.8908  m6_ic=0.0996
[18:48:32]   HIT  MOEXFN             sanctions_emb_z  lag= 30 m5_p=0.3830  m6_ic=0.0520
[18:48:33]   HIT  MOEXFN             inflation_emb_z  lag=  7 m5_p=0.4968  m6_ic=0.1050
[18:48:33]   HIT  MOEXFN             inflation_emb_z  lag= 14 m5_p=0.9658  m6_ic=0.0334
[18:48:33]   HIT  MOEXFN             inflation_emb_z  lag= 30 m5_p=0.6884  m6_ic=0.0354
[18:48:34]   HIT  MOEXFN             banking_emb_z    lag= 30 m5_p=0.7341  m6_ic=0.0503
[18:48:35]   HIT  MOEXFN             gold_emb_z       lag= 14 m5_p=0.2758  m6_ic=0.0430
[18:48:35]   HIT  MOEXOG             oil_emb_z        lag=  1 m5_p=0.7135  m6_ic=0.0718
[18:48:35]   HIT  MOEXOG             oil_emb_z        lag=  7 m5_p=0.0733  m6_ic=0.1059
[18:48:35]   HIT  MOEXOG             oil_emb_z        lag= 14 m5_p=0.9043  m6_ic=0.0620
[18:48:36]   HIT  MOEXOG             oil_emb_z        lag= 30 m5_p=0.1069  m6_ic=0.0736
[18:48:36]   HIT  MOEXOG             rate_emb_z       lag=  7 m5_p=0.0755  m6_ic=0.0722
[18:48:36]   HIT  MOEXOG             rate_emb_z       lag= 14 m5_p=0.6295  m6_ic=0.1002
[18:48:36]   HIT  MOEXOG             rate_emb_z       lag= 30 m5_p=0.4671  m6_ic=0.0770
[18:48:37]   HIT  MOEXOG             ruble_emb_z      lag= 14 m5_p=0.7797  m6_ic=0.0519
[18:48:37]   HIT  MOEXOG             ruble_emb_z      lag= 30 m5_p=0.1859  m6_ic=0.0760
[18:48:37]   HIT  MOEXOG             sanctions_emb_z  lag=  7 m5_p=0.2161  m6_ic=0.0405
[18:48:38]   HIT  MOEXOG             inflation_emb_z  lag=  1 m5_p=0.1669  m6_ic=0.0863
[18:48:38]   HIT  MOEXOG             inflation_emb_z  lag=  7 m5_p=0.4320  m6_ic=0.0360
[18:48:39]   HIT  MOEXOG             inflation_emb_z  lag= 30 m5_p=0.3389  m6_ic=0.0472
[18:48:39]   HIT  MOEXOG             banking_emb_z    lag= 30 m5_p=0.7124  m6_ic=0.0584
[18:48:40]   HIT  MOEXOG             gold_emb_z       lag=  1 m5_p=0.6755  m6_ic=0.0347
[18:48:40]   HIT  MOEXOG             gold_emb_z       lag=  7 m5_p=0.2092  m6_ic=0.0829
[18:48:40]   HIT  MOEXOG             gold_emb_z       lag= 14 m5_p=0.4845  m6_ic=0.0778
[18:48:40]   HIT  MOEXOG             gold_emb_z       lag= 30 m5_p=0.5771  m6_ic=0.0319
[18:48:41]   HIT  MOEX10             oil_emb_z        lag= 14 m5_p=0.7244  m6_ic=0.0301
[18:48:41]   HIT  MOEX10             oil_emb_z        lag= 30 m5_p=0.1532  m6_ic=0.0940
[18:48:42]   HIT  MOEX10             rate_emb_z       lag= 14 m5_p=0.5362  m6_ic=0.0615
[18:48:42]   HIT  MOEX10             ruble_emb_z      lag=  1 m5_p=0.2101  m6_ic=0.0667
[18:48:43]   HIT  MOEX10             ruble_emb_z      lag= 30 m5_p=0.1711  m6_ic=0.0947
[18:48:43]   HIT  MOEX10             sanctions_emb_z  lag= 14 m5_p=0.1501  m6_ic=0.0430
[18:48:44]   HIT  MOEX10             inflation_emb_z  lag=  1 m5_p=0.2963  m6_ic=0.0465
[18:48:44]   HIT  MOEX10             inflation_emb_z  lag=  7 m5_p=0.4887  m6_ic=0.0685
[18:48:44]   HIT  MOEX10             inflation_emb_z  lag= 14 m5_p=0.8985  m6_ic=0.0505
[18:48:45]   HIT  MOEX10             banking_emb_z    lag= 14 m5_p=0.7807  m6_ic=0.0464
[18:48:45]   HIT  MOEX10             banking_emb_z    lag= 30 m5_p=0.6500  m6_ic=0.0796
[18:48:46]   HIT  MOEX10             gold_emb_z       lag= 30 m5_p=0.7972  m6_ic=0.0517
[18:48:46]     Train: 260 signals
[18:48:46]     Val holdout (260 candidates)...
[18:48:46]     VAL PASS  SP500              oil_emb_z        lag=  1  m6_ic=0.0710
[18:48:46]     VAL PASS  SP500              oil_emb_z        lag=  7  m6_ic=0.0531
[18:48:46]     VAL PASS  SP500              oil_emb_z        lag= 14  m6_ic=0.0603
[18:48:47]     VAL PASS  SP500              rate_emb_z       lag= 14  m6_ic=0.0688
[18:48:47]     VAL PASS  SP500              rate_emb_z       lag= 30  m6_ic=0.0745
[18:48:47]     VAL PASS  SP500              ruble_emb_z      lag=  1  m6_ic=0.0875
[18:48:47]     VAL PASS  SP500              ruble_emb_z      lag=  7  m6_ic=0.0653
[18:48:48]     VAL PASS  SP500              sanctions_emb_z  lag= 14  m6_ic=0.0501
[18:48:48]     VAL PASS  SP500              sanctions_emb_z  lag= 30  m6_ic=0.1002
[18:48:48]     VAL PASS  SP500              inflation_emb_z  lag=  1  m6_ic=0.0800
[18:48:49]     VAL PASS  SP500              inflation_emb_z  lag= 14  m6_ic=0.0769
[18:48:49]     VAL PASS  SP500              gold_emb_z       lag= 14  m6_ic=0.0349
[18:48:49]     VAL PASS  SP500              gold_emb_z       lag= 30  m6_ic=0.1651
[18:48:49]     VAL PASS  USD_RUB            rate_emb_z       lag=  1  m6_ic=0.0935
[18:48:50]     VAL PASS  USD_RUB            rate_emb_z       lag=  7  m6_ic=0.0575
[18:48:50]     VAL PASS  USD_RUB            ruble_emb_z      lag= 14  m6_ic=0.0617
[18:48:50]     VAL PASS  USD_RUB            ruble_emb_z      lag= 30  m6_ic=0.0522
[18:48:51]     VAL PASS  USD_RUB            sanctions_emb_z  lag=  7  m6_ic=0.0575
[18:48:51]     VAL PASS  USD_RUB            inflation_emb_z  lag=  1  m6_ic=0.0509
[18:48:51]     VAL PASS  USD_RUB            inflation_emb_z  lag=  7  m6_ic=0.0921
[18:48:52]     VAL PASS  USD_RUB            inflation_emb_z  lag= 30  m6_ic=0.0370
[18:48:52]     VAL PASS  USD_RUB            banking_emb_z    lag=  1  m6_ic=0.0343
[18:48:52]     VAL PASS  USD_RUB            gold_emb_z       lag=  1  m6_ic=0.0917
[18:48:53]     VAL PASS  USD_RUB            gold_emb_z       lag= 30  m6_ic=0.0586
[18:48:53]     VAL PASS  EUR_RUB            rate_emb_z       lag=  1  m6_ic=0.0935
[18:48:53]     VAL PASS  EUR_RUB            rate_emb_z       lag=  7  m6_ic=0.0575
[18:48:54]     VAL PASS  EUR_RUB            ruble_emb_z      lag= 14  m6_ic=0.0617
[18:48:54]     VAL PASS  EUR_RUB            ruble_emb_z      lag= 30  m6_ic=0.0522
[18:48:54]     VAL PASS  EUR_RUB            sanctions_emb_z  lag=  7  m6_ic=0.0575
[18:48:55]     VAL PASS  EUR_RUB            inflation_emb_z  lag=  1  m6_ic=0.0509
[18:48:55]     VAL PASS  EUR_RUB            inflation_emb_z  lag=  7  m6_ic=0.0921
[18:48:55]     VAL PASS  EUR_RUB            inflation_emb_z  lag= 30  m6_ic=0.0370
[18:48:56]     VAL PASS  EUR_RUB            banking_emb_z    lag=  1  m6_ic=0.0343
[18:48:56]     VAL PASS  EUR_RUB            gold_emb_z       lag=  1  m6_ic=0.0917
[18:48:57]     VAL PASS  EUR_RUB            gold_emb_z       lag= 30  m6_ic=0.0586
[18:48:57]     VAL PASS  DJ_SOUTH_AFRICA    oil_emb_z        lag=  1  m6_ic=0.0576
[18:48:57]     VAL PASS  DJ_SOUTH_AFRICA    oil_emb_z        lag= 30  m6_ic=0.1367
[18:48:57]     VAL PASS  DJ_SOUTH_AFRICA    rate_emb_z       lag= 14  m6_ic=0.0339
[18:48:57]     VAL PASS  DJ_SOUTH_AFRICA    rate_emb_z       lag= 30  m6_ic=0.0896
[18:48:58]     VAL PASS  DJ_SOUTH_AFRICA    sanctions_emb_z  lag=  7  m6_ic=0.0498
[18:48:58]     VAL PASS  DJ_SOUTH_AFRICA    inflation_emb_z  lag= 30  m6_ic=0.0759
[18:48:59]     VAL PASS  MSCI_WORLD         oil_emb_z        lag=  1  m6_ic=0.0462
[18:48:59]     VAL PASS  MSCI_WORLD         oil_emb_z        lag=  7  m6_ic=0.0908
[18:49:00]     VAL PASS  MSCI_WORLD         ruble_emb_z      lag= 14  m6_ic=0.0440
[18:49:00]     VAL PASS  MSCI_WORLD         ruble_emb_z      lag= 30  m6_ic=0.0365
[18:49:00]     VAL PASS  MSCI_WORLD         sanctions_emb_z  lag=  1  m6_ic=0.0409
[18:49:01]     VAL PASS  MSCI_WORLD         sanctions_emb_z  lag=  7  m6_ic=0.0357
[18:49:01]     VAL PASS  MSCI_WORLD         sanctions_emb_z  lag= 14  m6_ic=0.0331
[18:49:01]     VAL PASS  MSCI_WORLD         inflation_emb_z  lag= 14  m6_ic=0.0352
[18:49:02]     VAL PASS  MSCI_WORLD         banking_emb_z    lag=  7  m6_ic=0.0640
[18:49:02]     VAL PASS  MSCI_WORLD         banking_emb_z    lag= 14  m6_ic=0.1243
[18:49:02]     VAL PASS  DXY                oil_emb_z        lag=  1  m6_ic=0.0635
[18:49:02]     VAL PASS  DXY                oil_emb_z        lag=  7  m6_ic=0.1685
[18:49:03]     VAL PASS  DXY                oil_emb_z        lag= 14  m6_ic=0.0967
[18:49:03]     VAL PASS  DXY                rate_emb_z       lag=  1  m6_ic=0.0553
[18:49:04]     VAL PASS  DXY                ruble_emb_z      lag= 30  m6_ic=0.0502
[18:49:04]     VAL PASS  DXY                sanctions_emb_z  lag=  7  m6_ic=0.0833
[18:49:04]     VAL PASS  DXY                inflation_emb_z  lag=  1  m6_ic=0.0556
[18:49:05]     VAL PASS  DXY                inflation_emb_z  lag=  7  m6_ic=0.0368
[18:49:05]     VAL PASS  DXY                inflation_emb_z  lag= 14  m6_ic=0.0940
[18:49:05]     VAL PASS  DXY                inflation_emb_z  lag= 30  m6_ic=0.0626
[18:49:05]     VAL PASS  DXY                banking_emb_z    lag=  1  m6_ic=0.0705
[18:49:05]     VAL PASS  DXY                banking_emb_z    lag= 14  m6_ic=0.0573
[18:49:06]     VAL PASS  DXY                banking_emb_z    lag= 30  m6_ic=0.0425
[18:49:06]     VAL PASS  DXY                gold_emb_z       lag=  7  m6_ic=0.0819
[18:49:06]     VAL PASS  DXY                gold_emb_z       lag= 30  m6_ic=0.0566
[18:49:06]     VAL PASS  BRENT              oil_emb_z        lag=  1  m6_ic=0.0304
[18:49:06]     VAL PASS  BRENT              rate_emb_z       lag=  1  m6_ic=0.1163
[18:49:07]     VAL PASS  BRENT              rate_emb_z       lag=  7  m6_ic=0.0563
[18:49:07]     VAL PASS  BRENT              rate_emb_z       lag= 14  m6_ic=0.1027
[18:49:07]     VAL PASS  BRENT              rate_emb_z       lag= 30  m6_ic=0.0734
[18:49:07]     VAL PASS  BRENT              ruble_emb_z      lag=  7  m6_ic=0.0777
[18:49:08]     VAL PASS  BRENT              ruble_emb_z      lag= 14  m6_ic=0.0332
[18:49:08]     VAL PASS  BRENT              sanctions_emb_z  lag= 30  m6_ic=0.0513
[18:49:08]     VAL PASS  BRENT              inflation_emb_z  lag=  7  m6_ic=0.0633
[18:49:08]     VAL PASS  BRENT              inflation_emb_z  lag= 14  m6_ic=0.0515
[18:49:08]     VAL PASS  BRENT              inflation_emb_z  lag= 30  m6_ic=0.0483
[18:49:09]     VAL PASS  BRENT              gold_emb_z       lag=  1  m6_ic=0.0553
[18:49:09]     VAL PASS  BRENT              gold_emb_z       lag= 30  m6_ic=0.0526
[18:49:09]     VAL PASS  MSCI_INDIA         oil_emb_z        lag=  1  m6_ic=0.0567
[18:49:09]     VAL PASS  MSCI_INDIA         oil_emb_z        lag=  7  m6_ic=0.0505
[18:49:10]     VAL PASS  MSCI_INDIA         oil_emb_z        lag= 30  m6_ic=0.0644
[18:49:10]     VAL PASS  MSCI_INDIA         rate_emb_z       lag=  1  m6_ic=0.0332
[18:49:10]     VAL PASS  MSCI_INDIA         rate_emb_z       lag=  7  m6_ic=0.0467
[18:49:10]     VAL PASS  MSCI_INDIA         ruble_emb_z      lag=  1  m6_ic=0.0347
[18:49:10]     VAL PASS  MSCI_INDIA         ruble_emb_z      lag=  7  m6_ic=0.0358
[18:49:11]     VAL PASS  MSCI_INDIA         ruble_emb_z      lag= 30  m6_ic=0.0606
[18:49:11]     VAL PASS  MSCI_INDIA         inflation_emb_z  lag= 14  m6_ic=0.0461
[18:49:12]     VAL PASS  MSCI_INDIA         banking_emb_z    lag= 30  m6_ic=0.1817
[18:49:12]     VAL PASS  MSCI_INDIA         gold_emb_z       lag=  7  m6_ic=0.0711
[18:49:12]     VAL PASS  MSCI_INDIA         gold_emb_z       lag= 30  m6_ic=0.0423
[18:49:12]     VAL PASS  CHINA_H_SHARES     oil_emb_z        lag=  1  m6_ic=0.1001
[18:49:13]     VAL PASS  CHINA_H_SHARES     oil_emb_z        lag= 30  m6_ic=0.1111
[18:49:13]     VAL PASS  CHINA_H_SHARES     rate_emb_z       lag= 14  m6_ic=0.0510
[18:49:13]     VAL PASS  CHINA_H_SHARES     rate_emb_z       lag= 30  m6_ic=0.0523
[18:49:14]     VAL PASS  CHINA_H_SHARES     ruble_emb_z      lag= 14  m6_ic=0.1738
[18:49:14]     VAL PASS  CHINA_H_SHARES     sanctions_emb_z  lag=  1  m6_ic=0.0895
[18:49:14]     VAL PASS  CHINA_H_SHARES     sanctions_emb_z  lag=  7  m6_ic=0.0478
[18:49:14]     VAL PASS  CHINA_H_SHARES     sanctions_emb_z  lag= 30  m6_ic=0.0432
[18:49:15]     VAL PASS  CHINA_H_SHARES     inflation_emb_z  lag=  7  m6_ic=0.0842
[18:49:15]     VAL PASS  CHINA_H_SHARES     inflation_emb_z  lag= 14  m6_ic=0.0570
[18:49:16]     VAL PASS  CHINA_H_SHARES     gold_emb_z       lag=  7  m6_ic=0.1068
[18:49:16]     VAL PASS  FTSE_CHINA_50      oil_emb_z        lag=  1  m6_ic=0.0347
[18:49:16]     VAL PASS  FTSE_CHINA_50      rate_emb_z       lag=  7  m6_ic=0.0332
[18:49:17]     VAL PASS  FTSE_CHINA_50      rate_emb_z       lag= 30  m6_ic=0.1051
[18:49:17]     VAL PASS  FTSE_CHINA_50      ruble_emb_z      lag=  1  m6_ic=0.0499
[18:49:17]     VAL PASS  FTSE_CHINA_50      ruble_emb_z      lag= 14  m6_ic=0.0690
[18:49:17]     VAL PASS  FTSE_CHINA_50      ruble_emb_z      lag= 30  m6_ic=0.1288
[18:49:18]     VAL PASS  FTSE_CHINA_50      sanctions_emb_z  lag=  1  m6_ic=0.0728
[18:49:18]     VAL PASS  FTSE_CHINA_50      sanctions_emb_z  lag=  7  m6_ic=0.0415
[18:49:18]     VAL PASS  FTSE_CHINA_50      sanctions_emb_z  lag= 30  m6_ic=0.0469
[18:49:18]     VAL PASS  FTSE_CHINA_50      inflation_emb_z  lag=  7  m6_ic=0.0714
[18:49:19]     VAL PASS  FTSE_CHINA_50      inflation_emb_z  lag= 30  m6_ic=0.0422
[18:49:19]     VAL PASS  FTSE_CHINA_50      banking_emb_z    lag=  7  m6_ic=0.0385
[18:49:20]     VAL PASS  FTSE_CHINA_50      gold_emb_z       lag=  7  m6_ic=0.0346
[18:49:20]     VAL PASS  GOLD               oil_emb_z        lag= 30  m6_ic=0.1184
[18:49:20]     VAL PASS  GOLD               rate_emb_z       lag=  1  m6_ic=0.1016
[18:49:20]     VAL PASS  GOLD               rate_emb_z       lag= 14  m6_ic=0.0620
[18:49:20]     VAL PASS  GOLD               rate_emb_z       lag= 30  m6_ic=0.1201
[18:49:21]     VAL PASS  GOLD               ruble_emb_z      lag=  7  m6_ic=0.1107
[18:49:21]     VAL PASS  GOLD               ruble_emb_z      lag= 30  m6_ic=0.0372
[18:49:22]     VAL PASS  GOLD               sanctions_emb_z  lag= 30  m6_ic=0.0509
[18:49:22]     VAL PASS  GOLD               inflation_emb_z  lag=  1  m6_ic=0.1358
[18:49:22]     VAL PASS  GOLD               banking_emb_z    lag=  1  m6_ic=0.0501
[18:49:22]     VAL PASS  GOLD               banking_emb_z    lag= 14  m6_ic=0.0452
[18:49:22]     VAL PASS  GOLD               gold_emb_z       lag=  1  m6_ic=0.0508
[18:49:23]     VAL PASS  SILVER             oil_emb_z        lag=  1  m6_ic=0.0944
[18:49:23]     VAL PASS  SILVER             oil_emb_z        lag=  7  m6_ic=0.1289
[18:49:24]     VAL PASS  SILVER             rate_emb_z       lag=  1  m6_ic=0.0865
[18:49:24]     VAL PASS  SILVER             rate_emb_z       lag= 30  m6_ic=0.0674
[18:49:24]     VAL PASS  SILVER             ruble_emb_z      lag=  7  m6_ic=0.0392
[18:49:25]     VAL PASS  SILVER             ruble_emb_z      lag= 30  m6_ic=0.0486
[18:49:25]     VAL PASS  SILVER             sanctions_emb_z  lag= 14  m6_ic=0.0804
[18:49:25]     VAL PASS  SILVER             sanctions_emb_z  lag= 30  m6_ic=0.0535
[18:49:25]     VAL PASS  SILVER             inflation_emb_z  lag=  1  m6_ic=0.0496
[18:49:26]     VAL PASS  SILVER             inflation_emb_z  lag= 14  m6_ic=0.0556
[18:49:26]     VAL PASS  SILVER             inflation_emb_z  lag= 30  m6_ic=0.0598
[18:49:26]     VAL PASS  SILVER             gold_emb_z       lag= 14  m6_ic=0.1416
[18:49:27]     VAL PASS  IMOEX              oil_emb_z        lag=  7  m6_ic=0.0446
[18:49:27]     VAL PASS  IMOEX              rate_emb_z       lag= 14  m6_ic=0.1515
[18:49:27]     VAL PASS  IMOEX              rate_emb_z       lag= 30  m6_ic=0.1019
[18:49:28]     VAL PASS  IMOEX              ruble_emb_z      lag= 14  m6_ic=0.1229
[18:49:28]     VAL PASS  IMOEX              ruble_emb_z      lag= 30  m6_ic=0.1410
[18:49:28]     VAL PASS  IMOEX              sanctions_emb_z  lag=  7  m6_ic=0.0502
[18:49:28]     VAL PASS  IMOEX              sanctions_emb_z  lag= 14  m6_ic=0.1057
[18:49:29]     VAL PASS  IMOEX              sanctions_emb_z  lag= 30  m6_ic=0.0640
[18:49:29]     VAL PASS  IMOEX              inflation_emb_z  lag=  1  m6_ic=0.1056
[18:49:29]     VAL PASS  IMOEX              inflation_emb_z  lag=  7  m6_ic=0.0840
[18:49:29]     VAL PASS  IMOEX              inflation_emb_z  lag= 30  m6_ic=0.0374
[18:49:30]     VAL PASS  MOEXFN             rate_emb_z       lag= 14  m6_ic=0.1772
[18:49:30]     VAL PASS  MOEXFN             ruble_emb_z      lag=  1  m6_ic=0.0796
[18:49:31]     VAL PASS  MOEXFN             ruble_emb_z      lag= 14  m6_ic=0.1199
[18:49:31]     VAL PASS  MOEXFN             ruble_emb_z      lag= 30  m6_ic=0.1240
[18:49:31]     VAL PASS  MOEXFN             sanctions_emb_z  lag= 30  m6_ic=0.0366
[18:49:31]     VAL PASS  MOEXFN             inflation_emb_z  lag=  7  m6_ic=0.1169
[18:49:32]     VAL PASS  MOEXFN             inflation_emb_z  lag= 30  m6_ic=0.0446
[18:49:32]     VAL PASS  MOEXFN             banking_emb_z    lag= 30  m6_ic=0.0792
[18:49:32]     VAL PASS  MOEXOG             oil_emb_z        lag=  1  m6_ic=0.0416
[18:49:32]     VAL PASS  MOEXOG             oil_emb_z        lag=  7  m6_ic=0.0706
[18:49:33]     VAL PASS  MOEXOG             oil_emb_z        lag= 14  m6_ic=0.0718
[18:49:33]     VAL PASS  MOEXOG             oil_emb_z        lag= 30  m6_ic=0.0664
[18:49:33]     VAL PASS  MOEXOG             rate_emb_z       lag=  7  m6_ic=0.0349
[18:49:33]     VAL PASS  MOEXOG             rate_emb_z       lag= 14  m6_ic=0.1417
[18:49:33]     VAL PASS  MOEXOG             rate_emb_z       lag= 30  m6_ic=0.0866
[18:49:34]     VAL PASS  MOEXOG             ruble_emb_z      lag= 14  m6_ic=0.0964
[18:49:34]     VAL PASS  MOEXOG             ruble_emb_z      lag= 30  m6_ic=0.1103
[18:49:34]     VAL PASS  MOEXOG             inflation_emb_z  lag=  1  m6_ic=0.1491
[18:49:34]     VAL PASS  MOEXOG             inflation_emb_z  lag=  7  m6_ic=0.0409
[18:49:35]     VAL PASS  MOEXOG             inflation_emb_z  lag= 30  m6_ic=0.0399
[18:49:35]     VAL PASS  MOEXOG             banking_emb_z    lag= 30  m6_ic=0.0722
[18:49:35]     VAL PASS  MOEXOG             gold_emb_z       lag=  1  m6_ic=0.0892
[18:49:35]     VAL PASS  MOEXOG             gold_emb_z       lag= 14  m6_ic=0.0572
[18:49:36]     VAL PASS  MOEXOG             gold_emb_z       lag= 30  m6_ic=0.1562
[18:49:36]     VAL PASS  MOEX10             oil_emb_z        lag= 14  m6_ic=0.0816
[18:49:36]     VAL PASS  MOEX10             oil_emb_z        lag= 30  m6_ic=0.0310
[18:49:36]     VAL PASS  MOEX10             rate_emb_z       lag= 14  m6_ic=0.1497
[18:49:37]     VAL PASS  MOEX10             ruble_emb_z      lag=  1  m6_ic=0.0487
[18:49:37]     VAL PASS  MOEX10             ruble_emb_z      lag= 30  m6_ic=0.1278
[18:49:37]     VAL PASS  MOEX10             sanctions_emb_z  lag= 14  m6_ic=0.1211
[18:49:37]     VAL PASS  MOEX10             inflation_emb_z  lag=  1  m6_ic=0.1071
[18:49:37]     VAL PASS  MOEX10             inflation_emb_z  lag=  7  m6_ic=0.0961
[18:49:38]     VAL PASS  MOEX10             inflation_emb_z  lag= 14  m6_ic=0.0450
[18:49:38]     VAL PASS  MOEX10             banking_emb_z    lag= 14  m6_ic=0.0410
[18:49:38]     VAL PASS  MOEX10             banking_emb_z    lag= 30  m6_ic=0.0736
[18:49:38]     VAL PASS  MOEX10             gold_emb_z       lag= 30  m6_ic=0.0702
[18:49:38]     Val: 185/260 held
[18:49:38]   Score: 2763.2  train=260  ic_max=0.1514
[18:49:38] 
--- Phase 1 summary ---
[18:49:38]   Total Train signals: 3858
[18:49:38]   Total Val signals:   2595
[18:49:38]   Best config: sweep_keyword_raw_market_return  (score=2838.0, ic_max=0.1644)
[18:49:38] 
============================================================
[18:49:38] PHASE 2: Deep dive — top configs with M5+M6/AND
[18:49:38] ============================================================
[18:49:38] Configs (top Phase-1 winners): 6
[18:49:38] 
[1/6] deep_keyword_raw_market_return
[18:49:38]   Config: deep_keyword_raw_market_return
[18:49:38]     feature=keyword_raw  target=market_return  ensemble=M5_AND_M6  ic_min=0.01
[18:50:17]   HIT  DJ_SOUTH_AFRICA    sanctions        lag= 14 m5_p=0.0167  m6_ic=0.0383
[18:50:22]   HIT  DJ_SOUTH_AFRICA    gold             lag=  7 m5_p=0.0160  m6_ic=0.0380
[18:50:28]   HIT  MSCI_WORLD         sanctions        lag= 14 m5_p=0.0236  m6_ic=0.0584
[18:50:50]   HIT  BRENT              sanctions        lag=  7 m5_p=0.0344  m6_ic=0.1222
[18:51:02]   HIT  MSCI_INDIA         sanctions        lag= 14 m5_p=0.0381  m6_ic=0.0760
[18:51:34]   HIT  GOLD               sanctions        lag= 30 m5_p=0.0448  m6_ic=0.0603
[18:52:16]   HIT  MOEXOG             ruble            lag= 60 m5_p=0.0250  m6_ic=0.0620
[18:52:33]     Train: 7 signals
[18:52:33]     Val holdout (7 candidates)...
[18:52:34]     VAL PASS  BRENT              sanctions        lag=  7  m6_ic=0.0416
[18:52:35]     Val: 1/7 held
[18:52:35]   Score: 81.5  train=7  val=1
[18:52:35] 
[2/6] deep_m6strict_keyword_raw_market_return
[18:52:35]   Config: deep_m6strict_keyword_raw_market_return
[18:52:35]     feature=keyword_raw  target=market_return  ensemble=M6_only  ic_min=0.05
[18:52:51]   HIT  USD_RUB            sanctions        lag=  1 m5_p=0.0777  m6_ic=0.1348
[18:53:02]   HIT  EUR_RUB            sanctions        lag=  1 m5_p=0.0777  m6_ic=0.1348
[18:53:29]   HIT  MSCI_WORLD         banking          lag= 60 m5_p=0.5480  m6_ic=0.1035
[18:53:33]   HIT  DXY                rate             lag=  1 m5_p=0.6407  m6_ic=0.1002
[18:53:47]   HIT  BRENT              sanctions        lag=  7 m5_p=0.0344  m6_ic=0.1222
[18:54:03]   HIT  MSCI_INDIA         banking          lag= 90 m5_p=0.6798  m6_ic=0.1085
[18:54:43]   HIT  SILVER             banking          lag=  7 m5_p=0.7958  m6_ic=0.1034
[18:54:54]   HIT  IMOEX              banking          lag=  1 m5_p=0.2253  m6_ic=0.1129
[18:55:05]   HIT  MOEXFN             banking          lag=  1 m5_p=0.1911  m6_ic=0.0902
[18:55:08]   HIT  MOEXOG             oil              lag=  7 m5_p=0.4351  m6_ic=0.1201
[18:55:12]   HIT  MOEXOG             ruble            lag= 30 m5_p=0.4104  m6_ic=0.1030
[18:55:12]   HIT  MOEXOG             ruble            lag= 90 m5_p=0.8259  m6_ic=0.1327
[18:55:15]   HIT  MOEXOG             inflation        lag= 30 m5_p=0.1695  m6_ic=0.1147
[18:55:16]   HIT  MOEXOG             banking          lag=  1 m5_p=0.1295  m6_ic=0.1578
[18:55:18]   HIT  MOEXOG             gold             lag= 60 m5_p=0.6476  m6_ic=0.1396
[18:55:29]     Train: 15 signals
[18:55:29]     Val holdout (15 candidates)...
[18:55:33]     Val: 0/15 held
[18:55:33]   Score: 176.9  train=15  val=0
[18:55:33] 
[3/6] deep_keyword_raw_abs_return
[18:55:33]   Config: deep_keyword_raw_abs_return
[18:55:33]     feature=keyword_raw  target=abs_return  ensemble=M5_AND_M6  ic_min=0.01
[18:56:12]   HIT  DJ_SOUTH_AFRICA    sanctions        lag= 14 m5_p=0.0167  m6_ic=0.0383
[18:56:16]   HIT  DJ_SOUTH_AFRICA    gold             lag=  7 m5_p=0.0160  m6_ic=0.0380
[18:56:23]   HIT  MSCI_WORLD         sanctions        lag= 14 m5_p=0.0236  m6_ic=0.0584
[18:56:45]   HIT  BRENT              sanctions        lag=  7 m5_p=0.0344  m6_ic=0.1222
[18:56:56]   HIT  MSCI_INDIA         sanctions        lag= 14 m5_p=0.0381  m6_ic=0.0760
[18:57:29]   HIT  GOLD               sanctions        lag= 30 m5_p=0.0448  m6_ic=0.0603
[18:58:10]   HIT  MOEXOG             ruble            lag= 60 m5_p=0.0250  m6_ic=0.0620
[18:58:28]     Train: 7 signals
[18:58:28]     Val holdout (7 candidates)...
[18:58:29]     VAL PASS  BRENT              sanctions        lag=  7  m6_ic=0.0416
[18:58:29]     Val: 1/7 held
[18:58:29]   Score: 81.5  train=7  val=1
[18:58:29] 
[4/6] deep_m6strict_keyword_raw_abs_return
[18:58:29]   Config: deep_m6strict_keyword_raw_abs_return
[18:58:29]     feature=keyword_raw  target=abs_return  ensemble=M6_only  ic_min=0.05
[18:58:45]   HIT  USD_RUB            sanctions        lag=  1 m5_p=0.0777  m6_ic=0.1348
[18:58:56]   HIT  EUR_RUB            sanctions        lag=  1 m5_p=0.0777  m6_ic=0.1348
[18:59:23]   HIT  MSCI_WORLD         banking          lag= 60 m5_p=0.5480  m6_ic=0.1035
[18:59:27]   HIT  DXY                rate             lag=  1 m5_p=0.6407  m6_ic=0.1002
[18:59:41]   HIT  BRENT              sanctions        lag=  7 m5_p=0.0344  m6_ic=0.1222
[18:59:57]   HIT  MSCI_INDIA         banking          lag= 90 m5_p=0.6798  m6_ic=0.1085
[19:00:38]   HIT  SILVER             banking          lag=  7 m5_p=0.7958  m6_ic=0.1034
[19:00:48]   HIT  IMOEX              banking          lag=  1 m5_p=0.2253  m6_ic=0.1129
[19:00:59]   HIT  MOEXFN             banking          lag=  1 m5_p=0.1911  m6_ic=0.0902
[19:01:03]   HIT  MOEXOG             oil              lag=  7 m5_p=0.4351  m6_ic=0.1201
[19:01:06]   HIT  MOEXOG             ruble            lag= 30 m5_p=0.4104  m6_ic=0.1030
[19:01:07]   HIT  MOEXOG             ruble            lag= 90 m5_p=0.8259  m6_ic=0.1327
[19:01:09]   HIT  MOEXOG             inflation        lag= 30 m5_p=0.1695  m6_ic=0.1147
[19:01:10]   HIT  MOEXOG             banking          lag=  1 m5_p=0.1295  m6_ic=0.1578
[19:01:13]   HIT  MOEXOG             gold             lag= 60 m5_p=0.6476  m6_ic=0.1396
[19:01:24]     Train: 15 signals
[19:01:24]     Val holdout (15 candidates)...
[19:01:27]     Val: 0/15 held
[19:01:27]   Score: 176.9  train=15  val=0
[19:01:27] 
[5/6] deep_keyword_raw_vol_5d
[19:01:27]   Config: deep_keyword_raw_vol_5d
[19:01:27]     feature=keyword_raw  target=vol_5d  ensemble=M5_AND_M6  ic_min=0.01
[19:02:06]   HIT  DJ_SOUTH_AFRICA    sanctions        lag= 14 m5_p=0.0167  m6_ic=0.0383
[19:02:11]   HIT  DJ_SOUTH_AFRICA    gold             lag=  7 m5_p=0.0160  m6_ic=0.0380
[19:02:17]   HIT  MSCI_WORLD         sanctions        lag= 14 m5_p=0.0236  m6_ic=0.0584
[19:02:40]   HIT  BRENT              sanctions        lag=  7 m5_p=0.0344  m6_ic=0.1222
[19:02:51]   HIT  MSCI_INDIA         sanctions        lag= 14 m5_p=0.0381  m6_ic=0.0760
[19:03:24]   HIT  GOLD               sanctions        lag= 30 m5_p=0.0448  m6_ic=0.0603
[19:04:05]   HIT  MOEXOG             ruble            lag= 60 m5_p=0.0250  m6_ic=0.0620
[19:04:23]     Train: 7 signals
[19:04:23]     Val holdout (7 candidates)...
[19:04:23]     VAL PASS  BRENT              sanctions        lag=  7  m6_ic=0.0416
[19:04:24]     Val: 1/7 held
[19:04:24]   Score: 81.5  train=7  val=1
[19:04:24] 
[6/6] deep_m6strict_keyword_raw_vol_5d
[19:04:24]   Config: deep_m6strict_keyword_raw_vol_5d
[19:04:24]     feature=keyword_raw  target=vol_5d  ensemble=M6_only  ic_min=0.05
[19:04:40]   HIT  USD_RUB            sanctions        lag=  1 m5_p=0.0777  m6_ic=0.1348
[19:04:51]   HIT  EUR_RUB            sanctions        lag=  1 m5_p=0.0777  m6_ic=0.1348
[19:05:18]   HIT  MSCI_WORLD         banking          lag= 60 m5_p=0.5480  m6_ic=0.1035
[19:05:22]   HIT  DXY                rate             lag=  1 m5_p=0.6407  m6_ic=0.1002
[19:05:36]   HIT  BRENT              sanctions        lag=  7 m5_p=0.0344  m6_ic=0.1222
[19:05:52]   HIT  MSCI_INDIA         banking          lag= 90 m5_p=0.6798  m6_ic=0.1085
[19:06:33]   HIT  SILVER             banking          lag=  7 m5_p=0.7958  m6_ic=0.1034
[19:06:44]   HIT  IMOEX              banking          lag=  1 m5_p=0.2253  m6_ic=0.1129
[19:06:54]   HIT  MOEXFN             banking          lag=  1 m5_p=0.1911  m6_ic=0.0902
[19:06:58]   HIT  MOEXOG             oil              lag=  7 m5_p=0.4351  m6_ic=0.1201
[19:07:01]   HIT  MOEXOG             ruble            lag= 30 m5_p=0.4104  m6_ic=0.1030
[19:07:02]   HIT  MOEXOG             ruble            lag= 90 m5_p=0.8259  m6_ic=0.1327
[19:07:04]   HIT  MOEXOG             inflation        lag= 30 m5_p=0.1695  m6_ic=0.1147
[19:07:05]   HIT  MOEXOG             banking          lag=  1 m5_p=0.1295  m6_ic=0.1578
[19:07:08]   HIT  MOEXOG             gold             lag= 60 m5_p=0.6476  m6_ic=0.1396
[19:07:19]     Train: 15 signals
[19:07:19]     Val holdout (15 candidates)...
[19:07:22]     Val: 0/15 held
[19:07:22]   Score: 176.9  train=15  val=0
[19:07:22] 
--- Phase 2 summary ---
[19:07:22]   Total Train signals: 66
[19:07:22]   Total Val signals:   3
[19:07:22]   Best config: deep_m6strict_keyword_raw_market_return  (score=176.9, ic_max=0.1578)
[19:07:22] 
============================================================
[19:07:22] PHASE 3: Regime detection (2022 vs 2023)
[19:07:22] ============================================================
[19:07:22]   Base config: deep_m6strict_keyword_raw_market_return
[19:07:22] 
Regime: regime_2022  (2022-01-01 .. 2022-12-31)
[19:07:22]   Loading regime 2022-01-01..2022-12-31
[19:07:23]   Regime loaded: 16 instruments
[19:07:23]   Config: regime_2022_keyword_raw_market_return
[19:07:23]     feature=keyword_raw  target=market_return  ensemble=M6_only  ic_min=0.05
[19:07:40]   HIT  USD_RUB            gold             lag= 60 m5_p=0.9663  m6_ic=0.1921
[19:07:48]   HIT  EUR_RUB            gold             lag= 60 m5_p=0.9663  m6_ic=0.1921
[19:08:15]   HIT  BRENT              sanctions        lag=  7 m5_p=0.0882  m6_ic=0.1366
[19:08:18]   HIT  BRENT              gold             lag= 30 m5_p=0.9149  m6_ic=0.1318
[19:08:51]   HIT  IMOEX              banking          lag=  1 m5_p=0.4982  m6_ic=0.1337
[19:08:55]   HIT  MOEXFN             ruble            lag= 30 m5_p=0.4698  m6_ic=0.1740
[19:08:57]   HIT  MOEXFN             inflation        lag= 14 m5_p=0.6562  m6_ic=0.1198
[19:08:58]   HIT  MOEXFN             gold             lag=  7 m5_p=0.5269  m6_ic=0.1733
[19:08:58]   HIT  MOEXFN             gold             lag= 14 m5_p=0.1427  m6_ic=0.1440
[19:09:11]   HIT  MOEX10             gold             lag=  7 m5_p=0.7088  m6_ic=0.1388
[19:09:12]     Train: 10 signals
[19:09:12]     Val holdout (10 candidates)...
[19:09:14]     Val: 0/10 held
[19:09:14]   regime_2022: 10 signals, max_ic=0.1921
[19:09:14] 
Regime: regime_2023  (2023-01-01 .. 2023-09-30)
[19:09:14]   Loading regime 2023-01-01..2023-09-30
[19:09:14]   Regime loaded: 16 instruments
[19:09:14]   Config: regime_2023_keyword_raw_market_return
[19:09:14]     feature=keyword_raw  target=market_return  ensemble=M6_only  ic_min=0.05
[19:09:18]   HIT  SP500              inflation        lag=  7 m5_p=0.0040  m6_ic=0.1709
[19:09:20]   HIT  SP500              gold             lag=  7 m5_p=0.6075  m6_ic=0.1228
[19:09:47]     Train: 2 signals
[19:09:47]     Val holdout (2 candidates)...
[19:09:48]     Val: 0/2 held
[19:09:48]   regime_2023: 2 signals, max_ic=0.1709
[19:09:48] 
--- Phase 3 summary ---
[19:09:48]   Total Train signals: 12
[19:09:48]   Total Val signals:   0
[19:09:48]   Best config: regime_2022_keyword_raw_market_return  (score=125.4, ic_max=0.1921)
[19:09:48] 
============================================================
[19:09:48] FINAL REPORT
[19:09:48] ============================================================
[19:09:49] Report: C:\project\signal_mind\analytics\phase_b\night_search\night_report_20260520_181422.md
[19:09:49] Hits CSV: C:\project\signal_mind\analytics\phase_b\night_search\night_hits_20260520_181422.csv
[19:09:49] Total elapsed: 0.92h
