instrument,topic,lag,m5_pvalue,m5_score,m6_ic,m6_confirmed,m5_confirmed,ensemble_pass,config_id,split,regime
SP500,oil,1,0.662653,-0.000201,0.053872,True,False,True,keyword_raw__market_return__M6_only__p0.05_ic0.03,train,
SP500,oil,7,0.517128,-0.000262,0.036254,True,False,True,keyword_raw__market_return__M6_only__p0.05_ic0.03,train,
SP500,rate,14,0.528677,0.000226,0.03006,True,False,True,keyword_raw__market_return__M6_only__p0.05_ic0.03,train,
SP500,rate,30,0.934799,-4.4e-05,0.031378,True,False,True,keyword_raw__market_return__M6_only__p0.05_ic0.03,train,
SP500,ruble,7,0.910762,-5.6e-05,0.047408,True,False,True,keyword_raw__market_return__M6_only__p0.05_ic0.03,train,
SP500,ruble,30,0.076173,-0.001069,0.041347,True,False,True,keyword_raw__market_return__M6_only__p0.05_ic0.03,train,
SP500,inflation,14,0.59475,0.000194,0.065512,True,False,True,keyword_raw__market_return__M6_only__p0.05_ic0.03,train,
SP500,banking,7,0.370129,-0.000342,0.053611,True,False,True,keyword_raw__market_return__M6_only__p0.05_ic0.03,train,
SP500,gold,7,0.852431,-8.4e-05,0.09417,True,False,True,keyword_raw__market_return__M6_only__p0.05_ic0.03,train,
USD_RUB,oil,1,0.415133,0.00086,0.061381,True,False,True,keyword_raw__market_return__M6_only__p0.05_ic0.03,train,
USD_RUB,oil,14,0.624089,0.000584,0.041734,True,False,True,keyword_raw__market_return__M6_only__p0.05_ic0.03,train,
USD_RUB,oil,30,0.162642,0.001852,0.069768,True,False,True,keyword_raw__market_return__M6_only__p0.05_ic0.03,train,
USD_RUB,rate,1,0.752745,0.000186,0.095006,True,False,True,keyword_raw__market_return__M6_only__p0.05_ic0.03,train,
USD_RUB,rate,7,0.810121,0.000203,0.039383,True,False,True,keyword_raw__market_return__M6_only__p0.05_ic0.03,train,
USD_RUB,rate,14,0.754178,0.000334,0.037805,True,False,True,keyword_raw__market_return__M6_only__p0.05_ic0.03,train,
USD_RUB,rate,30,0.997102,-5e-06,0.047934,True,False,True,keyword_raw__market_return__M6_only__p0.05_ic0.03,train,
USD_RUB,ruble,1,0.764592,0.000379,0.04423,True,False,True,keyword_raw__market_return__M6_only__p0.05_ic0.03,train,
USD_RUB,ruble,7,0.488441,0.000896,0.048318,True,False,True,keyword_raw__market_return__M6_only__p0.05_ic0.03,train,
USD_RUB,ruble,14,0.967569,-5.4e-05,0.118316,True,False,True,keyword_raw__market_return__M6_only__p0.05_ic0.03,train,
USD_RUB,sanctions,1,0.077713,0.001614,0.134829,True,False,True,keyword_raw__market_return__M6_only__p0.05_ic0.03,train,
USD_RUB,sanctions,7,0.977451,-2.8e-05,0.031252,True,False,True,keyword_raw__market_return__M6_only__p0.05_ic0.03,train,
USD_RUB,sanctions,14,0.152658,-0.001714,0.074295,True,False,True,keyword_raw__market_return__M6_only__p0.05_ic0.03,train,
USD_RUB,sanctions,30,0.634892,-0.000598,0.072629,True,False,True,keyword_raw__market_return__M6_only__p0.05_ic0.03,train,
USD_RUB,inflation,1,0.879772,0.00011,0.035137,True,False,True,keyword_raw__market_return__M6_only__p0.05_ic0.03,train,
USD_RUB,inflation,7,0.9352,7.6e-05,0.037075,True,False,True,keyword_raw__market_return__M6_only__p0.05_ic0.03,train,
USD_RUB,inflation,14,0.542178,0.000691,0.033775,True,False,True,keyword_raw__market_return__M6_only__p0.05_ic0.03,train,
USD_RUB,banking,14,0.815778,0.000254,0.064515,True,False,True,keyword_raw__market_return__M6_only__p0.05_ic0.03,train,
USD_RUB,banking,30,0.678954,0.000579,0.079218,True,False,True,keyword_raw__market_return__M6_only__p0.05_ic0.03,train,
USD_RUB,gold,14,0.965262,5.4e-05,0.030675,True,False,True,keyword_raw__market_return__M6_only__p0.05_ic0.03,train,
EUR_RUB,oil,1,0.415133,0.00086,0.061381,True,False,True,keyword_raw__market_return__M6_only__p0.05_ic0.03,train,
EUR_RUB,oil,14,0.624089,0.000584,0.041734,True,False,True,keyword_raw__market_return__M6_only__p0.05_ic0.03,train,
EUR_RUB,oil,30,0.162642,0.001852,0.069768,True,False,True,keyword_raw__market_return__M6_only__p0.05_ic0.03,train,
EUR_RUB,rate,1,0.752745,0.000186,0.095006,True,False,True,keyword_raw__market_return__M6_only__p0.05_ic0.03,train,
EUR_RUB,rate,7,0.810121,0.000203,0.039383,True,False,True,keyword_raw__market_return__M6_only__p0.05_ic0.03,train,
EUR_RUB,rate,14,0.754178,0.000334,0.037805,True,False,True,keyword_raw__market_return__M6_only__p0.05_ic0.03,train,
EUR_RUB,rate,30,0.997102,-5e-06,0.047934,True,False,True,keyword_raw__market_return__M6_only__p0.05_ic0.03,train,
EUR_RUB,ruble,1,0.764592,0.000379,0.04423,True,False,True,keyword_raw__market_return__M6_only__p0.05_ic0.03,train,
EUR_RUB,ruble,7,0.488441,0.000896,0.048318,True,False,True,keyword_raw__market_return__M6_only__p0.05_ic0.03,train,
EUR_RUB,ruble,14,0.967569,-5.4e-05,0.118316,True,False,True,keyword_raw__market_return__M6_only__p0.05_ic0.03,train,
EUR_RUB,sanctions,1,0.077713,0.001614,0.134829,True,False,True,keyword_raw__market_return__M6_only__p0.05_ic0.03,train,
EUR_RUB,sanctions,7,0.977451,-2.8e-05,0.031252,True,False,True,keyword_raw__market_return__M6_only__p0.05_ic0.03,train,
EUR_RUB,sanctions,14,0.152658,-0.001714,0.074295,True,False,True,keyword_raw__market_return__M6_only__p0.05_ic0.03,train,
EUR_RUB,sanctions,30,0.634892,-0.000598,0.072629,True,False,True,keyword_raw__market_return__M6_only__p0.05_ic0.03,train,
EUR_RUB,inflation,1,0.879772,0.00011,0.035137,True,False,True,keyword_raw__market_return__M6_only__p0.05_ic0.03,train,
EUR_RUB,inflation,7,0.9352,7.6e-05,0.037075,True,False,True,keyword_raw__market_return__M6_only__p0.05_ic0.03,train,
EUR_RUB,inflation,14,0.542178,0.000691,0.033775,True,False,True,keyword_raw__market_return__M6_only__p0.05_ic0.03,train,
EUR_RUB,banking,14,0.815778,0.000254,0.064515,True,False,True,keyword_raw__market_return__M6_only__p0.05_ic0.03,train,
EUR_RUB,banking,30,0.678954,0.000579,0.079218,True,False,True,keyword_raw__market_return__M6_only__p0.05_ic0.03,train,
EUR_RUB,gold,14,0.965262,5.4e-05,0.030675,True,False,True,keyword_raw__market_return__M6_only__p0.05_ic0.03,train,
DJ_SOUTH_AFRICA,oil,7,0.469521,-0.000352,0.044366,True,False,True,keyword_raw__market_return__M6_only__p0.05_ic0.03,train,
DJ_SOUTH_AFRICA,rate,30,0.525856,-0.000409,0.038598,True,False,True,keyword_raw__market_return__M6_only__p0.05_ic0.03,train,
DJ_SOUTH_AFRICA,ruble,14,0.846896,0.000107,0.070634,True,False,True,keyword_raw__market_return__M6_only__p0.05_ic0.03,train,
DJ_SOUTH_AFRICA,ruble,30,0.411249,-0.00053,0.03314,True,False,True,keyword_raw__market_return__M6_only__p0.05_ic0.03,train,
DJ_SOUTH_AFRICA,sanctions,1,0.777909,0.000106,0.125549,True,False,True,keyword_raw__market_return__M6_only__p0.05_ic0.03,train,
DJ_SOUTH_AFRICA,sanctions,7,0.49843,0.00027,0.047629,True,False,True,keyword_raw__market_return__M6_only__p0.05_ic0.03,train,
DJ_SOUTH_AFRICA,sanctions,14,0.016709,0.001097,0.038281,True,True,True,keyword_raw__market_return__M6_only__p0.05_ic0.03,train,
DJ_SOUTH_AFRICA,sanctions,30,0.132528,-0.000803,0.051112,True,False,True,keyword_raw__market_return__M6_only__p0.05_ic0.03,train,
DJ_SOUTH_AFRICA,inflation,1,0.442601,-0.00023,0.045735,True,False,True,keyword_raw__market_return__M6_only__p0.05_ic0.03,train,
DJ_SOUTH_AFRICA,inflation,14,0.885816,-7.3e-05,0.049795,True,False,True,keyword_raw__market_return__M6_only__p0.05_ic0.03,train,
DJ_SOUTH_AFRICA,inflation,30,0.917826,-6.7e-05,0.077213,True,False,True,keyword_raw__market_return__M6_only__p0.05_ic0.03,train,
DJ_SOUTH_AFRICA,banking,1,0.877464,-5.5e-05,0.061231,True,False,True,keyword_raw__market_return__M6_only__p0.05_ic0.03,train,
DJ_SOUTH_AFRICA,banking,7,0.918654,4.5e-05,0.109166,True,False,True,keyword_raw__market_return__M6_only__p0.05_ic0.03,train,
DJ_SOUTH_AFRICA,banking,14,0.773403,-0.000136,0.085671,True,False,True,keyword_raw__market_return__M6_only__p0.05_ic0.03,train,
DJ_SOUTH_AFRICA,banking,30,0.545942,0.000358,0.086725,True,False,True,keyword_raw__market_return__M6_only__p0.05_ic0.03,train,
DJ_SOUTH_AFRICA,gold,1,0.963799,2e-05,0.0482,True,False,True,keyword_raw__market_return__M6_only__p0.05_ic0.03,train,
DJ_SOUTH_AFRICA,gold,7,0.015972,-0.001177,0.037981,True,True,True,keyword_raw__market_return__M6_only__p0.05_ic0.03,train,
DJ_SOUTH_AFRICA,gold,14,0.179196,-0.000737,0.062601,True,False,True,keyword_raw__market_return__M6_only__p0.05_ic0.03,train,
DJ_SOUTH_AFRICA,gold,30,0.863195,0.000102,0.069643,True,False,True,keyword_raw__market_return__M6_only__p0.05_ic0.03,train,
MSCI_WORLD,oil,14,0.758271,-0.000151,0.079041,True,False,True,keyword_raw__market_return__M6_only__p0.05_ic0.03,train,
MSCI_WORLD,oil,30,0.54651,-0.000334,0.038784,True,False,True,keyword_raw__market_return__M6_only__p0.05_ic0.03,train,
MSCI_WORLD,rate,1,0.829646,-5.1e-05,0.08508,True,False,True,keyword_raw__market_return__M6_only__p0.05_ic0.03,train,
MSCI_WORLD,rate,7,0.457895,-0.000253,0.043848,True,False,True,keyword_raw__market_return__M6_only__p0.05_ic0.03,train,
MSCI_WORLD,rate,14,0.753367,0.000132,0.044358,True,False,True,keyword_raw__market_return__M6_only__p0.05_ic0.03,train,
MSCI_WORLD,rate,30,0.423852,-0.000467,0.114601,True,False,True,keyword_raw__market_return__M6_only__p0.05_ic0.03,train,
MSCI_WORLD,ruble,1,0.80533,-0.000125,0.042983,True,False,True,keyword_raw__market_return__M6_only__p0.05_ic0.03,train,
MSCI_WORLD,sanctions,1,0.927942,3.3e-05,0.037515,True,False,True,keyword_raw__market_return__M6_only__p0.05_ic0.03,train,
MSCI_WORLD,sanctions,14,0.023643,0.00097,0.058422,True,True,True,keyword_raw__market_return__M6_only__p0.05_ic0.03,train,
MSCI_WORLD,sanctions,30,0.137131,-0.000764,0.038065,True,False,True,keyword_raw__market_return__M6_only__p0.05_ic0.03,train,
MSCI_WORLD,inflation,1,0.929298,-2.6e-05,0.034008,True,False,True,keyword_raw__market_return__M6_only__p0.05_ic0.03,train,
MSCI_WORLD,inflation,7,0.81393,-9.1e-05,0.051645,True,False,True,keyword_raw__market_return__M6_only__p0.05_ic0.03,train,
MSCI_WORLD,banking,1,0.60491,0.000178,0.03528,True,False,True,keyword_raw__market_return__M6_only__p0.05_ic0.03,train,
MSCI_WORLD,banking,7,0.279523,0.000431,0.043244,True,False,True,keyword_raw__market_return__M6_only__p0.05_ic0.03,train,
MSCI_WORLD,banking,14,0.594226,0.00023,0.032701,True,False,True,keyword_raw__market_return__M6_only__p0.05_ic0.03,train,
MSCI_WORLD,banking,30,0.721394,0.000195,0.071036,True,False,True,keyword_raw__market_return__M6_only__p0.05_ic0.03,train,
MSCI_WORLD,gold,14,0.936273,-4.1e-05,0.081085,True,False,True,keyword_raw__market_return__M6_only__p0.05_ic0.03,train,
DXY,oil,1,0.993826,-2e-06,0.054546,True,False,True,keyword_raw__market_return__M6_only__p0.05_ic0.03,train,
DXY,oil,7,0.455858,0.000167,0.040117,True,False,True,keyword_raw__market_return__M6_only__p0.05_ic0.03,train,
DXY,oil,14,0.990711,3e-06,0.040753,True,False,True,keyword_raw__market_return__M6_only__p0.05_ic0.03,train,
DXY,rate,1,0.640711,5.2e-05,0.100184,True,False,True,keyword_raw__market_return__M6_only__p0.05_ic0.03,train,
DXY,rate,7,0.892232,2.4e-05,0.050703,True,False,True,keyword_raw__market_return__M6_only__p0.05_ic0.03,train,
DXY,rate,30,0.610944,0.000145,0.035782,True,False,True,keyword_raw__market_return__M6_only__p0.05_ic0.03,train,
DXY,ruble,30,0.712455,0.000119,0.033615,True,False,True,keyword_raw__market_return__M6_only__p0.05_ic0.03,train,
DXY,sanctions,7,0.677561,-7.8e-05,0.033442,True,False,True,keyword_raw__market_return__M6_only__p0.05_ic0.03,train,
DXY,sanctions,14,0.261129,-0.000233,0.032392,True,False,True,keyword_raw__market_return__M6_only__p0.05_ic0.03,train,
DXY,banking,7,0.963658,9e-06,0.031162,True,False,True,keyword_raw__market_return__M6_only__p0.05_ic0.03,train,
DXY,banking,14,0.753653,6.8e-05,0.045932,True,False,True,keyword_raw__market_return__M6_only__p0.05_ic0.03,train,
DXY,banking,30,0.803035,7.1e-05,0.040069,True,False,True,keyword_raw__market_return__M6_only__p0.05_ic0.03,train,
DXY,gold,7,0.182688,0.000302,0.060135,True,False,True,keyword_raw__market_return__M6_only__p0.05_ic0.03,train,
DXY,gold,14,0.644281,0.000117,0.073131,True,False,True,keyword_raw__market_return__M6_only__p0.05_ic0.03,train,
DXY,gold,30,0.840356,-5.6e-05,0.060786,True,False,True,keyword_raw__market_return__M6_only__p0.05_ic0.03,train,
BRENT,oil,7,0.980693,-2.6e-05,0.050438,True,False,True,keyword_raw__market_return__M6_only__p0.05_ic0.03,train,
BRENT,oil,14,0.869098,-0.000199,0.056058,True,False,True,keyword_raw__market_return__M6_only__p0.05_ic0.03,train,
BRENT,oil,30,0.855372,0.000242,0.073206,True,False,True,keyword_raw__market_return__M6_only__p0.05_ic0.03,train,
BRENT,rate,7,0.961212,-4.2e-05,0.073412,True,False,True,keyword_raw__market_return__M6_only__p0.05_ic0.03,train,
BRENT,rate,14,0.918352,0.000108,0.072712,True,False,True,keyword_raw__market_return__M6_only__p0.05_ic0.03,train,
BRENT,ruble,7,0.181132,-0.001625,0.07216,True,False,True,keyword_raw__market_return__M6_only__p0.05_ic0.03,train,
BRENT,ruble,14,0.636846,-0.000593,0.053585,True,False,True,keyword_raw__market_return__M6_only__p0.05_ic0.03,train,
BRENT,ruble,30,0.497601,0.001017,0.047836,True,False,True,keyword_raw__market_return__M6_only__p0.05_ic0.03,train,
BRENT,sanctions,1,0.888254,-0.000118,0.038918,True,False,True,keyword_raw__market_return__M6_only__p0.05_ic0.03,train,
BRENT,sanctions,7,0.034367,-0.00195,0.122236,True,True,True,keyword_raw__market_return__M6_only__p0.05_ic0.03,train,
BRENT,sanctions,14,0.604681,0.000541,0.066886,True,False,True,keyword_raw__market_return__M6_only__p0.05_ic0.03,train,
BRENT,sanctions,30,0.784428,0.000323,0.051715,True,False,True,keyword_raw__market_return__M6_only__p0.05_ic0.03,train,
BRENT,inflation,7,0.664684,-0.000418,0.052189,True,False,True,keyword_raw__market_return__M6_only__p0.05_ic0.03,train,
BRENT,inflation,30,0.739268,-0.0005,0.040665,True,False,True,keyword_raw__market_return__M6_only__p0.05_ic0.03,train,
BRENT,banking,30,0.384947,0.00121,0.03186,True,False,True,keyword_raw__market_return__M6_only__p0.05_ic0.03,train,
BRENT,gold,1,0.444825,0.000753,0.03549,True,False,True,keyword_raw__market_return__M6_only__p0.05_ic0.03,train,
BRENT,gold,30,0.664599,0.000572,0.037462,True,False,True,keyword_raw__market_return__M6_only__p0.05_ic0.03,train,
MSCI_INDIA,oil,1,0.876168,-6.3e-05,0.084739,True,False,True,keyword_raw__market_return__M6_only__p0.05_ic0.03,train,
MSCI_INDIA,oil,7,0.65872,0.000191,0.03764,True,False,True,keyword_raw__market_return__M6_only__p0.05_ic0.03,train,
MSCI_INDIA,oil,14,0.913772,5e-05,0.057574,True,False,True,keyword_raw__market_return__M6_only__p0.05_ic0.03,train,
MSCI_INDIA,rate,7,0.48475,0.00024,0.031131,True,False,True,keyword_raw__market_return__M6_only__p0.05_ic0.03,train,
MSCI_INDIA,rate,30,0.660313,0.000204,0.042964,True,False,True,keyword_raw__market_return__M6_only__p0.05_ic0.03,train,
MSCI_INDIA,ruble,30,0.673999,-0.000171,0.045782,True,False,True,keyword_raw__market_return__M6_only__p0.05_ic0.03,train,
MSCI_INDIA,sanctions,1,0.858516,-6.2e-05,0.120096,True,False,True,keyword_raw__market_return__M6_only__p0.05_ic0.03,train,
MSCI_INDIA,sanctions,14,0.038119,0.000872,0.076009,True,True,True,keyword_raw__market_return__M6_only__p0.05_ic0.03,train,
MSCI_INDIA,inflation,1,0.917327,-2.9e-05,0.135408,True,False,True,keyword_raw__market_return__M6_only__p0.05_ic0.03,train,
MSCI_INDIA,inflation,30,0.782196,0.000114,0.05364,True,False,True,keyword_raw__market_return__M6_only__p0.05_ic0.03,train,
MSCI_INDIA,banking,1,0.512455,0.000217,0.08059,True,False,True,keyword_raw__market_return__M6_only__p0.05_ic0.03,train,
MSCI_INDIA,banking,7,0.584799,0.000217,0.110009,True,False,True,keyword_raw__market_return__M6_only__p0.05_ic0.03,train,
MSCI_INDIA,banking,30,0.587618,0.000195,0.05195,True,False,True,keyword_raw__market_return__M6_only__p0.05_ic0.03,train,
MSCI_INDIA,gold,1,0.92231,-4e-05,0.031565,True,False,True,keyword_raw__market_return__M6_only__p0.05_ic0.03,train,
MSCI_INDIA,gold,30,0.841086,7.3e-05,0.084926,True,False,True,keyword_raw__market_return__M6_only__p0.05_ic0.03,train,
CHINA_H_SHARES,oil,1,0.425231,-0.000665,0.034283,True,False,True,keyword_raw__market_return__M6_only__p0.05_ic0.03,train,
CHINA_H_SHARES,oil,7,0.283623,-0.001009,0.06206,True,False,True,keyword_raw__market_return__M6_only__p0.05_ic0.03,train,
CHINA_H_SHARES,oil,14,0.744738,-0.000327,0.05456,True,False,True,keyword_raw__market_return__M6_only__p0.05_ic0.03,train,
CHINA_H_SHARES,rate,1,0.417117,0.000365,0.059182,True,False,True,keyword_raw__market_return__M6_only__p0.05_ic0.03,train,
CHINA_H_SHARES,rate,7,0.873766,0.00012,0.041588,True,False,True,keyword_raw__market_return__M6_only__p0.05_ic0.03,train,
CHINA_H_SHARES,rate,14,0.258428,-0.001017,0.041496,True,False,True,keyword_raw__market_return__M6_only__p0.05_ic0.03,train,
CHINA_H_SHARES,ruble,1,0.837612,0.000207,0.062748,True,False,True,keyword_raw__market_return__M6_only__p0.05_ic0.03,train,
CHINA_H_SHARES,ruble,30,0.575147,-0.000452,0.061177,True,False,True,keyword_raw__market_return__M6_only__p0.05_ic0.03,train,
CHINA_H_SHARES,sanctions,1,0.126908,-0.001123,0.044409,True,False,True,keyword_raw__market_return__M6_only__p0.05_ic0.03,train,
CHINA_H_SHARES,sanctions,14,0.056952,0.001741,0.042686,True,False,True,keyword_raw__market_return__M6_only__p0.05_ic0.03,train,
CHINA_H_SHARES,sanctions,30,0.713247,-0.000287,0.042222,True,False,True,keyword_raw__market_return__M6_only__p0.05_ic0.03,train,
CHINA_H_SHARES,inflation,1,0.501387,0.000375,0.063028,True,False,True,keyword_raw__market_return__M6_only__p0.05_ic0.03,train,
CHINA_H_SHARES,inflation,7,0.584184,-0.00045,0.032594,True,False,True,keyword_raw__market_return__M6_only__p0.05_ic0.03,train,
CHINA_H_SHARES,banking,14,0.163103,-0.001281,0.042529,True,False,True,keyword_raw__market_return__M6_only__p0.05_ic0.03,train,
CHINA_H_SHARES,banking,30,0.428064,0.000603,0.033365,True,False,True,keyword_raw__market_return__M6_only__p0.05_ic0.03,train,
CHINA_H_SHARES,gold,1,0.71824,0.000308,0.066865,True,False,True,keyword_raw__market_return__M6_only__p0.05_ic0.03,train,
CHINA_H_SHARES,gold,14,0.995626,-6e-06,0.052461,True,False,True,keyword_raw__market_return__M6_only__p0.05_ic0.03,train,
FTSE_CHINA_50,oil,1,0.458398,-0.000658,0.052934,True,False,True,keyword_raw__market_return__M6_only__p0.05_ic0.03,train,
FTSE_CHINA_50,oil,7,0.243988,-0.001159,0.069519,True,False,True,keyword_raw__market_return__M6_only__p0.05_ic0.03,train,
FTSE_CHINA_50,oil,14,0.712409,-0.000392,0.047338,True,False,True,keyword_raw__market_return__M6_only__p0.05_ic0.03,train,
FTSE_CHINA_50,rate,1,0.514813,0.000314,0.064895,True,False,True,keyword_raw__market_return__M6_only__p0.05_ic0.03,train,
FTSE_CHINA_50,rate,7,0.991297,9e-06,0.036325,True,False,True,keyword_raw__market_return__M6_only__p0.05_ic0.03,train,
FTSE_CHINA_50,rate,14,0.268693,-0.001045,0.047853,True,False,True,keyword_raw__market_return__M6_only__p0.05_ic0.03,train,
FTSE_CHINA_50,ruble,1,0.990094,1.3e-05,0.0409,True,False,True,keyword_raw__market_return__M6_only__p0.05_ic0.03,train,
FTSE_CHINA_50,ruble,30,0.387984,-0.000756,0.081699,True,False,True,keyword_raw__market_return__M6_only__p0.05_ic0.03,train,
FTSE_CHINA_50,sanctions,14,0.089672,0.001653,0.044486,True,False,True,keyword_raw__market_return__M6_only__p0.05_ic0.03,train,
FTSE_CHINA_50,sanctions,30,0.418706,-0.000686,0.044015,True,False,True,keyword_raw__market_return__M6_only__p0.05_ic0.03,train,
FTSE_CHINA_50,inflation,1,0.646966,0.000272,0.042842,True,False,True,keyword_raw__market_return__M6_only__p0.05_ic0.03,train,
FTSE_CHINA_50,inflation,7,0.390501,-0.000742,0.033966,True,False,True,keyword_raw__market_return__M6_only__p0.05_ic0.03,train,
FTSE_CHINA_50,inflation,30,0.698582,0.000351,0.049633,True,False,True,keyword_raw__market_return__M6_only__p0.05_ic0.03,train,
FTSE_CHINA_50,banking,1,0.643041,0.000337,0.036256,True,False,True,keyword_raw__market_return__M6_only__p0.05_ic0.03,train,
FTSE_CHINA_50,banking,14,0.117928,-0.001521,0.035956,True,False,True,keyword_raw__market_return__M6_only__p0.05_ic0.03,train,
FTSE_CHINA_50,gold,1,0.665003,0.000394,0.03357,True,False,True,keyword_raw__market_return__M6_only__p0.05_ic0.03,train,
FTSE_CHINA_50,gold,7,0.174092,-0.001365,0.043179,True,False,True,keyword_raw__market_return__M6_only__p0.05_ic0.03,train,
FTSE_CHINA_50,gold,14,0.978703,3e-05,0.041186,True,False,True,keyword_raw__market_return__M6_only__p0.05_ic0.03,train,
FTSE_CHINA_50,gold,30,0.398388,0.000729,0.055001,True,False,True,keyword_raw__market_return__M6_only__p0.05_ic0.03,train,
GOLD,oil,1,0.953168,-2.7e-05,0.032584,True,False,True,keyword_raw__market_return__M6_only__p0.05_ic0.03,train,
GOLD,oil,30,0.36876,-0.00026,0.093218,True,False,True,keyword_raw__market_return__M6_only__p0.05_ic0.03,train,
GOLD,ruble,1,0.715266,0.000192,0.079781,True,False,True,keyword_raw__market_return__M6_only__p0.05_ic0.03,train,
GOLD,ruble,7,0.645555,-0.000252,0.12627,True,False,True,keyword_raw__market_return__M6_only__p0.05_ic0.03,train,
GOLD,ruble,14,0.485954,-0.00039,0.061238,True,False,True,keyword_raw__market_return__M6_only__p0.05_ic0.03,train,
GOLD,ruble,30,0.734645,9.7e-05,0.060255,True,False,True,keyword_raw__market_return__M6_only__p0.05_ic0.03,train,
GOLD,sanctions,1,0.974356,1.2e-05,0.056229,True,False,True,keyword_raw__market_return__M6_only__p0.05_ic0.03,train,
GOLD,sanctions,7,0.57846,-0.000238,0.042431,True,False,True,keyword_raw__market_return__M6_only__p0.05_ic0.03,train,
GOLD,sanctions,30,0.044846,-0.000628,0.060316,True,True,True,keyword_raw__market_return__M6_only__p0.05_ic0.03,train,
GOLD,inflation,1,0.07257,-0.000535,0.047939,True,False,True,keyword_raw__market_return__M6_only__p0.05_ic0.03,train,
GOLD,inflation,30,0.384617,-0.000351,0.075029,True,False,True,keyword_raw__market_return__M6_only__p0.05_ic0.03,train,
GOLD,banking,1,0.210952,-0.000456,0.044324,True,False,True,keyword_raw__market_return__M6_only__p0.05_ic0.03,train,
GOLD,banking,7,0.610188,0.000231,0.077365,True,False,True,keyword_raw__market_return__M6_only__p0.05_ic0.03,train,
GOLD,banking,14,0.479435,-0.000339,0.034278,True,False,True,keyword_raw__market_return__M6_only__p0.05_ic0.03,train,
GOLD,gold,7,0.728572,-0.000177,0.090188,True,False,True,keyword_raw__market_return__M6_only__p0.05_ic0.03,train,
GOLD,gold,14,0.240347,-0.000677,0.08452,True,False,True,keyword_raw__market_return__M6_only__p0.05_ic0.03,train,
GOLD,gold,30,0.767415,-8.6e-05,0.030987,True,False,True,keyword_raw__market_return__M6_only__p0.05_ic0.03,train,
SILVER,oil,1,0.55831,0.000547,0.063676,True,False,True,keyword_raw__market_return__M6_only__p0.05_ic0.03,train,
SILVER,oil,7,0.71339,-0.000368,0.042799,True,False,True,keyword_raw__market_return__M6_only__p0.05_ic0.03,train,
SILVER,oil,30,0.934833,-5.4e-05,0.044032,True,False,True,keyword_raw__market_return__M6_only__p0.05_ic0.03,train,
SILVER,rate,7,0.517163,-0.000517,0.074358,True,False,True,keyword_raw__market_return__M6_only__p0.05_ic0.03,train,
SILVER,rate,14,0.541689,0.000614,0.039189,True,False,True,keyword_raw__market_return__M6_only__p0.05_ic0.03,train,
SILVER,rate,30,0.20666,-0.001299,0.043008,True,False,True,keyword_raw__market_return__M6_only__p0.05_ic0.03,train,
SILVER,ruble,14,0.754126,-0.000354,0.050427,True,False,True,keyword_raw__market_return__M6_only__p0.05_ic0.03,train,
SILVER,ruble,30,0.501546,0.000346,0.091302,True,False,True,keyword_raw__market_return__M6_only__p0.05_ic0.03,train,
SILVER,sanctions,7,0.773394,-0.000243,0.043753,True,False,True,keyword_raw__market_return__M6_only__p0.05_ic0.03,train,
SILVER,sanctions,14,0.251999,0.001018,0.036186,True,False,True,keyword_raw__market_return__M6_only__p0.05_ic0.03,train,
SILVER,sanctions,30,0.28978,-0.000708,0.098664,True,False,True,keyword_raw__market_return__M6_only__p0.05_ic0.03,train,
SILVER,inflation,1,0.456345,-0.000529,0.102295,True,False,True,keyword_raw__market_return__M6_only__p0.05_ic0.03,train,
SILVER,inflation,14,0.555965,0.000622,0.037762,True,False,True,keyword_raw__market_return__M6_only__p0.05_ic0.03,train,
SILVER,banking,1,0.859666,0.000139,0.106865,True,False,True,keyword_raw__market_return__M6_only__p0.05_ic0.03,train,
SILVER,banking,7,0.79582,0.000232,0.10342,True,False,True,keyword_raw__market_return__M6_only__p0.05_ic0.03,train,
SILVER,banking,14,0.703337,-0.000376,0.043328,True,False,True,keyword_raw__market_return__M6_only__p0.05_ic0.03,train,
SILVER,banking,30,0.496066,-0.000535,0.056497,True,False,True,keyword_raw__market_return__M6_only__p0.05_ic0.03,train,
SILVER,gold,1,0.501519,0.000658,0.070856,True,False,True,keyword_raw__market_return__M6_only__p0.05_ic0.03,train,
SILVER,gold,14,0.939729,8.8e-05,0.036239,True,False,True,keyword_raw__market_return__M6_only__p0.05_ic0.03,train,
IMOEX,oil,7,0.365599,0.001142,0.098238,True,False,True,keyword_raw__market_return__M6_only__p0.05_ic0.03,train,
IMOEX,oil,14,0.607596,0.000697,0.047283,True,False,True,keyword_raw__market_return__M6_only__p0.05_ic0.03,train,
IMOEX,rate,1,0.195409,0.000845,0.064383,True,False,True,keyword_raw__market_return__M6_only__p0.05_ic0.03,train,
IMOEX,rate,14,0.249976,-0.001447,0.053915,True,False,True,keyword_raw__market_return__M6_only__p0.05_ic0.03,train,
IMOEX,rate,30,0.706738,-0.000361,0.114224,True,False,True,keyword_raw__market_return__M6_only__p0.05_ic0.03,train,
IMOEX,ruble,1,0.679831,0.000561,0.063838,True,False,True,keyword_raw__market_return__M6_only__p0.05_ic0.03,train,
IMOEX,ruble,7,0.341631,0.001337,0.042569,True,False,True,keyword_raw__market_return__M6_only__p0.05_ic0.03,train,
IMOEX,ruble,30,0.890509,-0.000132,0.069717,True,False,True,keyword_raw__market_return__M6_only__p0.05_ic0.03,train,
IMOEX,sanctions,14,0.947172,8.8e-05,0.055909,True,False,True,keyword_raw__market_return__M6_only__p0.05_ic0.03,train,
IMOEX,inflation,1,0.167921,0.001096,0.046667,True,False,True,keyword_raw__market_return__M6_only__p0.05_ic0.03,train,
IMOEX,inflation,7,0.587703,-0.000614,0.063356,True,False,True,keyword_raw__market_return__M6_only__p0.05_ic0.03,train,
IMOEX,inflation,30,0.580321,0.000533,0.100805,True,False,True,keyword_raw__market_return__M6_only__p0.05_ic0.03,train,
IMOEX,banking,1,0.225265,0.001112,0.112895,True,False,True,keyword_raw__market_return__M6_only__p0.05_ic0.03,train,
IMOEX,banking,30,0.624705,0.000456,0.071883,True,False,True,keyword_raw__market_return__M6_only__p0.05_ic0.03,train,
IMOEX,gold,1,0.188102,0.001503,0.033012,True,False,True,keyword_raw__market_return__M6_only__p0.05_ic0.03,train,
IMOEX,gold,7,0.844076,-0.00025,0.045686,True,False,True,keyword_raw__market_return__M6_only__p0.05_ic0.03,train,
MOEXFN,oil,7,0.382295,0.00121,0.055549,True,False,True,keyword_raw__market_return__M6_only__p0.05_ic0.03,train,
MOEXFN,rate,1,0.112769,0.001104,0.057193,True,False,True,keyword_raw__market_return__M6_only__p0.05_ic0.03,train,
MOEXFN,rate,30,0.934689,9.4e-05,0.09556,True,False,True,keyword_raw__market_return__M6_only__p0.05_ic0.03,train,
MOEXFN,ruble,1,0.325592,0.001473,0.075027,True,False,True,keyword_raw__market_return__M6_only__p0.05_ic0.03,train,
MOEXFN,ruble,7,0.675782,0.000638,0.036044,True,False,True,keyword_raw__market_return__M6_only__p0.05_ic0.03,train,
MOEXFN,ruble,30,0.689448,0.000389,0.050449,True,False,True,keyword_raw__market_return__M6_only__p0.05_ic0.03,train,
MOEXFN,sanctions,7,0.775324,0.000402,0.059416,True,False,True,keyword_raw__market_return__M6_only__p0.05_ic0.03,train,
MOEXFN,sanctions,14,0.925483,0.000135,0.056064,True,False,True,keyword_raw__market_return__M6_only__p0.05_ic0.03,train,
MOEXFN,sanctions,30,0.346086,-0.000789,0.086667,True,False,True,keyword_raw__market_return__M6_only__p0.05_ic0.03,train,
MOEXFN,inflation,1,0.091793,0.001453,0.050888,True,False,True,keyword_raw__market_return__M6_only__p0.05_ic0.03,train,
MOEXFN,banking,1,0.191106,0.001307,0.09018,True,False,True,keyword_raw__market_return__M6_only__p0.05_ic0.03,train,
MOEXFN,banking,7,0.354573,0.001159,0.035718,True,False,True,keyword_raw__market_return__M6_only__p0.05_ic0.03,train,
MOEXFN,banking,30,0.246366,0.001169,0.114327,True,False,True,keyword_raw__market_return__M6_only__p0.05_ic0.03,train,
MOEXFN,gold,7,0.691018,-0.000548,0.044372,True,False,True,keyword_raw__market_return__M6_only__p0.05_ic0.03,train,
MOEXOG,oil,7,0.435134,0.001014,0.120136,True,False,True,keyword_raw__market_return__M6_only__p0.05_ic0.03,train,
MOEXOG,oil,14,0.505478,0.000933,0.042967,True,False,True,keyword_raw__market_return__M6_only__p0.05_ic0.03,train,
MOEXOG,oil,30,0.619859,-0.00039,0.067849,True,False,True,keyword_raw__market_return__M6_only__p0.05_ic0.03,train,
MOEXOG,rate,1,0.124023,0.001048,0.044653,True,False,True,keyword_raw__market_return__M6_only__p0.05_ic0.03,train,
MOEXOG,rate,14,0.299158,-0.001297,0.030748,True,False,True,keyword_raw__market_return__M6_only__p0.05_ic0.03,train,
MOEXOG,rate,30,0.99739,3e-06,0.101716,True,False,True,keyword_raw__market_return__M6_only__p0.05_ic0.03,train,
MOEXOG,ruble,1,0.749572,0.000434,0.083997,True,False,True,keyword_raw__market_return__M6_only__p0.05_ic0.03,train,
MOEXOG,ruble,7,0.430255,0.001103,0.063885,True,False,True,keyword_raw__market_return__M6_only__p0.05_ic0.03,train,
MOEXOG,ruble,30,0.410353,0.000701,0.103018,True,False,True,keyword_raw__market_return__M6_only__p0.05_ic0.03,train,
MOEXOG,sanctions,7,0.14077,-0.001905,0.044538,True,False,True,keyword_raw__market_return__M6_only__p0.05_ic0.03,train,
MOEXOG,sanctions,14,0.930269,0.000116,0.047221,True,False,True,keyword_raw__market_return__M6_only__p0.05_ic0.03,train,
MOEXOG,sanctions,30,0.992423,7e-06,0.03285,True,False,True,keyword_raw__market_return__M6_only__p0.05_ic0.03,train,
MOEXOG,inflation,7,0.497428,-0.000786,0.059395,True,False,True,keyword_raw__market_return__M6_only__p0.05_ic0.03,train,
MOEXOG,inflation,30,0.169467,0.001329,0.114689,True,False,True,keyword_raw__market_return__M6_only__p0.05_ic0.03,train,
MOEXOG,banking,1,0.129475,0.001412,0.157788,True,False,True,keyword_raw__market_return__M6_only__p0.05_ic0.03,train,
MOEXOG,banking,7,0.26202,0.001357,0.07372,True,False,True,keyword_raw__market_return__M6_only__p0.05_ic0.03,train,
MOEXOG,banking,14,0.214556,-0.001577,0.030401,True,False,True,keyword_raw__market_return__M6_only__p0.05_ic0.03,train,
MOEXOG,banking,30,0.127939,0.001342,0.034251,True,False,True,keyword_raw__market_return__M6_only__p0.05_ic0.03,train,
MOEXOG,gold,1,0.110293,0.001834,0.053587,True,False,True,keyword_raw__market_return__M6_only__p0.05_ic0.03,train,
MOEXOG,gold,30,0.755145,-0.00024,0.059512,True,False,True,keyword_raw__market_return__M6_only__p0.05_ic0.03,train,
MOEX10,oil,7,0.397026,0.001025,0.066893,True,False,True,keyword_raw__market_return__M6_only__p0.05_ic0.03,train,
MOEX10,oil,14,0.890697,0.00018,0.043668,True,False,True,keyword_raw__market_return__M6_only__p0.05_ic0.03,train,
MOEX10,oil,30,0.468805,-0.000553,0.040183,True,False,True,keyword_raw__market_return__M6_only__p0.05_ic0.03,train,
MOEX10,rate,1,0.191776,0.000827,0.064173,True,False,True,keyword_raw__market_return__M6_only__p0.05_ic0.03,train,
MOEX10,rate,14,0.328802,-0.001148,0.040086,True,False,True,keyword_raw__market_return__M6_only__p0.05_ic0.03,train,
MOEX10,rate,30,0.422703,-0.000754,0.164444,True,False,True,keyword_raw__market_return__M6_only__p0.05_ic0.03,train,
MOEX10,ruble,1,0.784207,0.000353,0.0666,True,False,True,keyword_raw__market_return__M6_only__p0.05_ic0.03,train,
MOEX10,ruble,7,0.568921,0.000752,0.03655,True,False,True,keyword_raw__market_return__M6_only__p0.05_ic0.03,train,
MOEX10,ruble,14,0.496867,0.000922,0.056799,True,False,True,keyword_raw__market_return__M6_only__p0.05_ic0.03,train,
MOEX10,ruble,30,0.512947,0.000548,0.047329,True,False,True,keyword_raw__market_return__M6_only__p0.05_ic0.03,train,
MOEX10,sanctions,14,0.857759,0.000224,0.036755,True,False,True,keyword_raw__market_return__M6_only__p0.05_ic0.03,train,
MOEX10,inflation,1,0.163416,0.001067,0.064379,True,False,True,keyword_raw__market_return__M6_only__p0.05_ic0.03,train,
MOEX10,inflation,7,0.623648,-0.000526,0.031802,True,False,True,keyword_raw__market_return__M6_only__p0.05_ic0.03,train,
MOEX10,banking,1,0.292599,0.000923,0.075404,True,False,True,keyword_raw__market_return__M6_only__p0.05_ic0.03,train,
MOEX10,banking,30,0.257863,0.000947,0.106204,True,False,True,keyword_raw__market_return__M6_only__p0.05_ic0.03,train,
SP500,oil,1,0.114234,-0.000561,0.055004,True,False,True,keyword_raw__market_return__M6_only__p0.05_ic0.03,val,
SP500,oil,7,0.017957,-0.000826,0.056638,True,True,True,keyword_raw__market_return__M6_only__p0.05_ic0.03,val,
SP500,rate,30,0.070186,-0.002312,0.061125,True,False,True,keyword_raw__market_return__M6_only__p0.05_ic0.03,val,
SP500,ruble,7,0.602474,0.000294,0.065698,True,False,True,keyword_raw__market_return__M6_only__p0.05_ic0.03,val,
SP500,inflation,14,0.069969,-0.001233,0.107186,True,False,True,keyword_raw__market_return__M6_only__p0.05_ic0.03,val,
SP500,banking,7,0.001948,-0.001363,0.082651,True,True,True,keyword_raw__market_return__M6_only__p0.05_ic0.03,val,
SP500,gold,7,3.8e-05,-0.002043,0.040801,True,True,True,keyword_raw__market_return__M6_only__p0.05_ic0.03,val,
USD_RUB,oil,1,0.677978,-0.000139,0.108217,True,False,True,keyword_raw__market_return__M6_only__p0.05_ic0.03,val,
USD_RUB,oil,30,0.224526,0.002331,0.114003,True,False,True,keyword_raw__market_return__M6_only__p0.05_ic0.03,val,
USD_RUB,rate,1,0.755919,-0.000121,0.063546,True,False,True,keyword_raw__market_return__M6_only__p0.05_ic0.03,val,
USD_RUB,rate,14,0.782209,-0.000398,0.129749,True,False,True,keyword_raw__market_return__M6_only__p0.05_ic0.03,val,
USD_RUB,rate,30,0.561739,-0.00183,0.057687,True,False,True,keyword_raw__market_return__M6_only__p0.05_ic0.03,val,
USD_RUB,ruble,1,0.424729,-0.000576,0.070449,True,False,True,keyword_raw__market_return__M6_only__p0.05_ic0.03,val,
USD_RUB,ruble,7,0.840305,-0.000154,0.075409,True,False,True,keyword_raw__market_return__M6_only__p0.05_ic0.03,val,
USD_RUB,ruble,14,0.967306,-3e-05,0.118617,True,False,True,keyword_raw__market_return__M6_only__p0.05_ic0.03,val,
USD_RUB,sanctions,7,0.63418,0.000354,0.079628,True,False,True,keyword_raw__market_return__M6_only__p0.05_ic0.03,val,
USD_RUB,sanctions,14,0.427421,-0.000704,0.107739,True,False,True,keyword_raw__market_return__M6_only__p0.05_ic0.03,val,
USD_RUB,sanctions,30,0.677379,0.000427,0.08938,True,False,True,keyword_raw__market_return__M6_only__p0.05_ic0.03,val,
USD_RUB,inflation,7,0.340796,-0.000618,0.070654,True,False,True,keyword_raw__market_return__M6_only__p0.05_ic0.03,val,
EUR_RUB,oil,1,0.677978,-0.000139,0.108217,True,False,True,keyword_raw__market_return__M6_only__p0.05_ic0.03,val,
EUR_RUB,oil,30,0.224526,0.002331,0.114003,True,False,True,keyword_raw__market_return__M6_only__p0.05_ic0.03,val,
EUR_RUB,rate,1,0.755919,-0.000121,0.063546,True,False,True,keyword_raw__market_return__M6_only__p0.05_ic0.03,val,
EUR_RUB,rate,14,0.782209,-0.000398,0.129749,True,False,True,keyword_raw__market_return__M6_only__p0.05_ic0.03,val,
EUR_RUB,rate,30,0.561739,-0.00183,0.057687,True,False,True,keyword_raw__market_return__M6_only__p0.05_ic0.03,val,
EUR_RUB,ruble,1,0.424729,-0.000576,0.070449,True,False,True,keyword_raw__market_return__M6_only__p0.05_ic0.03,val,
EUR_RUB,ruble,7,0.840305,-0.000154,0.075409,True,False,True,keyword_raw__market_return__M6_only__p0.05_ic0.03,val,
EUR_RUB,ruble,14,0.967306,-3e-05,0.118617,True,False,True,keyword_raw__market_return__M6_only__p0.05_ic0.03,val,
EUR_RUB,sanctions,7,0.63418,0.000354,0.079628,True,False,True,keyword_raw__market_return__M6_only__p0.05_ic0.03,val,
EUR_RUB,sanctions,14,0.427421,-0.000704,0.107739,True,False,True,keyword_raw__market_return__M6_only__p0.05_ic0.03,val,
EUR_RUB,sanctions,30,0.677379,0.000427,0.08938,True,False,True,keyword_raw__market_return__M6_only__p0.05_ic0.03,val,
EUR_RUB,inflation,7,0.340796,-0.000618,0.070654,True,False,True,keyword_raw__market_return__M6_only__p0.05_ic0.03,val,
DJ_SOUTH_AFRICA,sanctions,1,0.478114,0.00029,0.045734,True,False,True,keyword_raw__market_return__M6_only__p0.05_ic0.03,val,
DJ_SOUTH_AFRICA,sanctions,7,0.842871,0.000111,0.056645,True,False,True,keyword_raw__market_return__M6_only__p0.05_ic0.03,val,
DJ_SOUTH_AFRICA,sanctions,14,0.532122,0.000407,0.041983,True,False,True,keyword_raw__market_return__M6_only__p0.05_ic0.03,val,
DJ_SOUTH_AFRICA,sanctions,30,0.146806,-0.001026,0.042268,True,False,True,keyword_raw__market_return__M6_only__p0.05_ic0.03,val,
DJ_SOUTH_AFRICA,inflation,30,0.005184,0.00327,0.035842,True,True,True,keyword_raw__market_return__M6_only__p0.05_ic0.03,val,
DJ_SOUTH_AFRICA,banking,1,0.833236,-5.7e-05,0.085136,True,False,True,keyword_raw__market_return__M6_only__p0.05_ic0.03,val,
DJ_SOUTH_AFRICA,banking,7,0.694933,0.000301,0.044304,True,False,True,keyword_raw__market_return__M6_only__p0.05_ic0.03,val,
DJ_SOUTH_AFRICA,banking,30,0.820764,0.000571,0.035633,True,False,True,keyword_raw__market_return__M6_only__p0.05_ic0.03,val,
DJ_SOUTH_AFRICA,gold,1,0.430046,0.000242,0.055534,True,False,True,keyword_raw__market_return__M6_only__p0.05_ic0.03,val,
DJ_SOUTH_AFRICA,gold,7,0.713561,-0.000168,0.055129,True,False,True,keyword_raw__market_return__M6_only__p0.05_ic0.03,val,
DJ_SOUTH_AFRICA,gold,14,0.609405,-0.000272,0.063712,True,False,True,keyword_raw__market_return__M6_only__p0.05_ic0.03,val,
DJ_SOUTH_AFRICA,gold,30,0.563827,0.000349,0.107268,True,False,True,keyword_raw__market_return__M6_only__p0.05_ic0.03,val,
MSCI_WORLD,oil,14,0.450856,0.000396,0.064879,True,False,True,keyword_raw__market_return__M6_only__p0.05_ic0.03,val,
MSCI_WORLD,oil,30,0.000835,0.004498,0.034757,True,True,True,keyword_raw__market_return__M6_only__p0.05_ic0.03,val,
MSCI_WORLD,rate,1,0.110163,0.000421,0.030253,True,False,True,keyword_raw__market_return__M6_only__p0.05_ic0.03,val,
MSCI_WORLD,rate,14,0.102115,0.001244,0.089626,True,False,True,keyword_raw__market_return__M6_only__p0.05_ic0.03,val,
MSCI_WORLD,rate,30,0.201659,0.002015,0.050627,True,False,True,keyword_raw__market_return__M6_only__p0.05_ic0.03,val,
MSCI_WORLD,banking,1,0.27452,0.000269,0.055631,True,False,True,keyword_raw__market_return__M6_only__p0.05_ic0.03,val,
MSCI_WORLD,banking,30,0.49203,-0.001608,0.034274,True,False,True,keyword_raw__market_return__M6_only__p0.05_ic0.03,val,
DXY,oil,14,0.204466,0.000382,0.12038,True,False,True,keyword_raw__market_return__M6_only__p0.05_ic0.03,val,
DXY,rate,7,0.001424,-0.000843,0.096049,True,True,True,keyword_raw__market_return__M6_only__p0.05_ic0.03,val,
DXY,rate,30,0.481961,0.000498,0.083211,True,False,True,keyword_raw__market_return__M6_only__p0.05_ic0.03,val,
DXY,ruble,30,0.925578,-1.3e-05,0.09809,True,False,True,keyword_raw__market_return__M6_only__p0.05_ic0.03,val,
DXY,sanctions,7,0.001747,-0.000745,0.045628,True,True,True,keyword_raw__market_return__M6_only__p0.05_ic0.03,val,
DXY,sanctions,14,0.00211,-0.000855,0.03083,True,True,True,keyword_raw__market_return__M6_only__p0.05_ic0.03,val,
DXY,banking,7,0.000542,-0.00105,0.090841,True,True,True,keyword_raw__market_return__M6_only__p0.05_ic0.03,val,
DXY,banking,14,0.416893,0.000381,0.0449,True,False,True,keyword_raw__market_return__M6_only__p0.05_ic0.03,val,
DXY,banking,30,0.969707,-2.7e-05,0.062227,True,False,True,keyword_raw__market_return__M6_only__p0.05_ic0.03,val,
DXY,gold,14,0.319443,-0.000244,0.088412,True,False,True,keyword_raw__market_return__M6_only__p0.05_ic0.03,val,
DXY,gold,30,0.141397,-0.000429,0.040736,True,False,True,keyword_raw__market_return__M6_only__p0.05_ic0.03,val,
BRENT,oil,14,0.41665,0.000908,0.087645,True,False,True,keyword_raw__market_return__M6_only__p0.05_ic0.03,val,
BRENT,oil,30,0.116005,0.00349,0.0938,True,False,True,keyword_raw__market_return__M6_only__p0.05_ic0.03,val,
BRENT,rate,14,0.603076,-0.000737,0.03228,True,False,True,keyword_raw__market_return__M6_only__p0.05_ic0.03,val,
BRENT,ruble,14,0.950148,-6e-05,0.051745,True,False,True,keyword_raw__market_return__M6_only__p0.05_ic0.03,val,
BRENT,sanctions,7,0.006498,-0.002581,0.041613,True,True,True,keyword_raw__market_return__M6_only__p0.05_ic0.03,val,
BRENT,inflation,30,0.30099,0.002,0.065464,True,False,True,keyword_raw__market_return__M6_only__p0.05_ic0.03,val,
MSCI_INDIA,oil,7,0.584889,0.000231,0.056627,True,False,True,keyword_raw__market_return__M6_only__p0.05_ic0.03,val,
MSCI_INDIA,rate,7,0.350764,0.000526,0.083379,True,False,True,keyword_raw__market_return__M6_only__p0.05_ic0.03,val,
MSCI_INDIA,rate,30,0.865882,0.000365,0.173759,True,False,True,keyword_raw__market_return__M6_only__p0.05_ic0.03,val,
MSCI_INDIA,sanctions,1,0.151816,0.000593,0.111827,True,False,True,keyword_raw__market_return__M6_only__p0.05_ic0.03,val,
MSCI_INDIA,inflation,1,0.010646,0.000744,0.050566,True,True,True,keyword_raw__market_return__M6_only__p0.05_ic0.03,val,
MSCI_INDIA,inflation,30,0.818494,0.000248,0.044307,True,False,True,keyword_raw__market_return__M6_only__p0.05_ic0.03,val,
MSCI_INDIA,banking,1,0.063139,0.000505,0.048575,True,False,True,keyword_raw__market_return__M6_only__p0.05_ic0.03,val,
MSCI_INDIA,banking,7,0.066687,0.001497,0.033,True,False,True,keyword_raw__market_return__M6_only__p0.05_ic0.03,val,
MSCI_INDIA,banking,30,0.75594,0.000642,0.072235,True,False,True,keyword_raw__market_return__M6_only__p0.05_ic0.03,val,
MSCI_INDIA,gold,1,0.034189,0.000662,0.081192,True,True,True,keyword_raw__market_return__M6_only__p0.05_ic0.03,val,
CHINA_H_SHARES,rate,1,0.159373,-0.000859,0.05146,True,False,True,keyword_raw__market_return__M6_only__p0.05_ic0.03,val,
CHINA_H_SHARES,rate,7,0.941622,0.0001,0.050397,True,False,True,keyword_raw__market_return__M6_only__p0.05_ic0.03,val,
CHINA_H_SHARES,rate,14,0.828821,0.000367,0.090051,True,False,True,keyword_raw__market_return__M6_only__p0.05_ic0.03,val,
CHINA_H_SHARES,ruble,1,0.50458,-0.000752,0.072695,True,False,True,keyword_raw__market_return__M6_only__p0.05_ic0.03,val,
CHINA_H_SHARES,ruble,30,0.709793,0.00028,0.07454,True,False,True,keyword_raw__market_return__M6_only__p0.05_ic0.03,val,
CHINA_H_SHARES,sanctions,1,0.637618,-0.000398,0.046305,True,False,True,keyword_raw__market_return__M6_only__p0.05_ic0.03,val,
CHINA_H_SHARES,sanctions,14,0.953622,8.5e-05,0.06268,True,False,True,keyword_raw__market_return__M6_only__p0.05_ic0.03,val,
CHINA_H_SHARES,sanctions,30,0.323369,-0.001411,0.097726,True,False,True,keyword_raw__market_return__M6_only__p0.05_ic0.03,val,
CHINA_H_SHARES,banking,14,0.255808,0.002325,0.057485,True,False,True,keyword_raw__market_return__M6_only__p0.05_ic0.03,val,
CHINA_H_SHARES,gold,14,0.235035,0.001408,0.095098,True,False,True,keyword_raw__market_return__M6_only__p0.05_ic0.03,val,
FTSE_CHINA_50,oil,1,0.635581,-0.000202,0.075799,True,False,True,keyword_raw__market_return__M6_only__p0.05_ic0.03,val,
FTSE_CHINA_50,oil,7,0.362355,0.001205,0.035126,True,False,True,keyword_raw__market_return__M6_only__p0.05_ic0.03,val,
FTSE_CHINA_50,rate,1,0.810193,-0.00014,0.071463,True,False,True,keyword_raw__market_return__M6_only__p0.05_ic0.03,val,
FTSE_CHINA_50,rate,7,0.60666,-0.000699,0.094625,True,False,True,keyword_raw__market_return__M6_only__p0.05_ic0.03,val,
FTSE_CHINA_50,rate,14,0.241947,0.002039,0.046064,True,False,True,keyword_raw__market_return__M6_only__p0.05_ic0.03,val,
FTSE_CHINA_50,ruble,30,0.6739,0.000282,0.052153,True,False,True,keyword_raw__market_return__M6_only__p0.05_ic0.03,val,
FTSE_CHINA_50,sanctions,30,0.925786,-0.000121,0.071988,True,False,True,keyword_raw__market_return__M6_only__p0.05_ic0.03,val,
FTSE_CHINA_50,inflation,1,0.933409,-4.7e-05,0.034453,True,False,True,keyword_raw__market_return__M6_only__p0.05_ic0.03,val,
FTSE_CHINA_50,inflation,7,0.649417,-0.000507,0.045763,True,False,True,keyword_raw__market_return__M6_only__p0.05_ic0.03,val,
FTSE_CHINA_50,gold,7,0.048713,0.001966,0.038085,True,True,True,keyword_raw__market_return__M6_only__p0.05_ic0.03,val,
FTSE_CHINA_50,gold,14,0.091869,0.001993,0.052615,True,False,True,keyword_raw__market_return__M6_only__p0.05_ic0.03,val,
FTSE_CHINA_50,gold,30,0.557346,-0.000696,0.07364,True,False,True,keyword_raw__market_return__M6_only__p0.05_ic0.03,val,
GOLD,oil,1,0.52327,0.000215,0.085057,True,False,True,keyword_raw__market_return__M6_only__p0.05_ic0.03,val,
GOLD,oil,30,0.04934,-0.007061,0.0743,True,True,True,keyword_raw__market_return__M6_only__p0.05_ic0.03,val,
GOLD,ruble,7,0.281899,-0.000828,0.064987,True,False,True,keyword_raw__market_return__M6_only__p0.05_ic0.03,val,
GOLD,ruble,14,0.924755,8e-05,0.05001,True,False,True,keyword_raw__market_return__M6_only__p0.05_ic0.03,val,
GOLD,ruble,30,0.471823,0.000232,0.05313,True,False,True,keyword_raw__market_return__M6_only__p0.05_ic0.03,val,
GOLD,sanctions,1,0.842109,0.000115,0.058095,True,False,True,keyword_raw__market_return__M6_only__p0.05_ic0.03,val,
GOLD,sanctions,7,0.115293,-0.001187,0.090909,True,False,True,keyword_raw__market_return__M6_only__p0.05_ic0.03,val,
GOLD,inflation,1,0.638523,0.000208,0.061617,True,False,True,keyword_raw__market_return__M6_only__p0.05_ic0.03,val,
GOLD,inflation,30,0.22148,0.002697,0.076338,True,False,True,keyword_raw__market_return__M6_only__p0.05_ic0.03,val,
GOLD,banking,1,0.79457,-0.00011,0.061039,True,False,True,keyword_raw__market_return__M6_only__p0.05_ic0.03,val,
GOLD,banking,7,0.518295,0.000748,0.041378,True,False,True,keyword_raw__market_return__M6_only__p0.05_ic0.03,val,
GOLD,banking,14,0.492073,-0.001241,0.05035,True,False,True,keyword_raw__market_return__M6_only__p0.05_ic0.03,val,
SILVER,rate,14,0.903359,0.000294,0.118838,True,False,True,keyword_raw__market_return__M6_only__p0.05_ic0.03,val,
SILVER,rate,30,0.961963,-0.000377,0.039599,True,False,True,keyword_raw__market_return__M6_only__p0.05_ic0.03,val,
SILVER,ruble,14,0.815482,-0.000371,0.033827,True,False,True,keyword_raw__market_return__M6_only__p0.05_ic0.03,val,
SILVER,ruble,30,0.664288,0.000301,0.036654,True,False,True,keyword_raw__market_return__M6_only__p0.05_ic0.03,val,
SILVER,sanctions,7,0.027204,-0.003343,0.069248,True,True,True,keyword_raw__market_return__M6_only__p0.05_ic0.03,val,
SILVER,inflation,1,0.616819,-0.000427,0.084218,True,False,True,keyword_raw__market_return__M6_only__p0.05_ic0.03,val,
SILVER,inflation,14,0.684462,-0.000773,0.057711,True,False,True,keyword_raw__market_return__M6_only__p0.05_ic0.03,val,
SILVER,banking,1,0.267065,-0.000909,0.057896,True,False,True,keyword_raw__market_return__M6_only__p0.05_ic0.03,val,
SILVER,banking,30,0.10497,-0.013769,0.037309,True,False,True,keyword_raw__market_return__M6_only__p0.05_ic0.03,val,
SILVER,gold,1,0.615447,-0.000433,0.062769,True,False,True,keyword_raw__market_return__M6_only__p0.05_ic0.03,val,
SILVER,gold,14,0.31245,0.001663,0.047592,True,False,True,keyword_raw__market_return__M6_only__p0.05_ic0.03,val,
IMOEX,oil,14,0.429792,-0.000711,0.03257,True,False,True,keyword_raw__market_return__M6_only__p0.05_ic0.03,val,
IMOEX,rate,14,0.653601,0.000675,0.061648,True,False,True,keyword_raw__market_return__M6_only__p0.05_ic0.03,val,
IMOEX,rate,30,0.408151,0.003511,0.046755,True,False,True,keyword_raw__market_return__M6_only__p0.05_ic0.03,val,
IMOEX,ruble,1,0.331172,-0.000756,0.066143,True,False,True,keyword_raw__market_return__M6_only__p0.05_ic0.03,val,
IMOEX,ruble,7,0.084209,0.001278,0.073202,True,False,True,keyword_raw__market_return__M6_only__p0.05_ic0.03,val,
IMOEX,ruble,30,0.850713,-7.6e-05,0.122805,True,False,True,keyword_raw__market_return__M6_only__p0.05_ic0.03,val,
IMOEX,sanctions,14,0.719939,-0.000354,0.089118,True,False,True,keyword_raw__market_return__M6_only__p0.05_ic0.03,val,
IMOEX,inflation,1,0.757456,-0.00013,0.048173,True,False,True,keyword_raw__market_return__M6_only__p0.05_ic0.03,val,
IMOEX,inflation,7,0.085959,0.001143,0.072032,True,False,True,keyword_raw__market_return__M6_only__p0.05_ic0.03,val,
IMOEX,banking,30,0.966107,-0.000179,0.043831,True,False,True,keyword_raw__market_return__M6_only__p0.05_ic0.03,val,
IMOEX,gold,1,0.980648,-1.1e-05,0.040698,True,False,True,keyword_raw__market_return__M6_only__p0.05_ic0.03,val,
MOEXFN,ruble,1,0.532907,-0.00054,0.046553,True,False,True,keyword_raw__market_return__M6_only__p0.05_ic0.03,val,
MOEXFN,ruble,7,0.278153,0.000894,0.052375,True,False,True,keyword_raw__market_return__M6_only__p0.05_ic0.03,val,
MOEXFN,ruble,30,0.688911,-0.000164,0.108679,True,False,True,keyword_raw__market_return__M6_only__p0.05_ic0.03,val,
MOEXFN,sanctions,7,0.992228,-9e-06,0.063764,True,False,True,keyword_raw__market_return__M6_only__p0.05_ic0.03,val,
MOEXFN,sanctions,14,0.467841,-0.000809,0.078477,True,False,True,keyword_raw__market_return__M6_only__p0.05_ic0.03,val,
MOEXFN,sanctions,30,0.171318,-0.001591,0.079285,True,False,True,keyword_raw__market_return__M6_only__p0.05_ic0.03,val,
MOEXFN,inflation,1,0.905036,-5.5e-05,0.081834,True,False,True,keyword_raw__market_return__M6_only__p0.05_ic0.03,val,
MOEXFN,banking,1,0.686761,-0.000174,0.047073,True,False,True,keyword_raw__market_return__M6_only__p0.05_ic0.03,val,
MOEXFN,banking,7,0.612123,0.000604,0.052887,True,False,True,keyword_raw__market_return__M6_only__p0.05_ic0.03,val,
MOEXOG,oil,14,0.222586,-0.001127,0.03404,True,False,True,keyword_raw__market_return__M6_only__p0.05_ic0.03,val,
MOEXOG,oil,30,0.268606,-0.002339,0.066251,True,False,True,keyword_raw__market_return__M6_only__p0.05_ic0.03,val,
MOEXOG,rate,1,0.877405,-6.8e-05,0.04229,True,False,True,keyword_raw__market_return__M6_only__p0.05_ic0.03,val,
MOEXOG,rate,14,0.838717,0.000306,0.063796,True,False,True,keyword_raw__market_return__M6_only__p0.05_ic0.03,val,
MOEXOG,ruble,1,0.499693,-0.000543,0.050521,True,False,True,keyword_raw__market_return__M6_only__p0.05_ic0.03,val,
MOEXOG,ruble,7,0.062284,0.001422,0.079129,True,False,True,keyword_raw__market_return__M6_only__p0.05_ic0.03,val,
MOEXOG,ruble,30,0.904486,5.3e-05,0.074964,True,False,True,keyword_raw__market_return__M6_only__p0.05_ic0.03,val,
MOEXOG,sanctions,7,0.698447,0.00031,0.053374,True,False,True,keyword_raw__market_return__M6_only__p0.05_ic0.03,val,
MOEXOG,sanctions,14,0.587777,-0.000543,0.10243,True,False,True,keyword_raw__market_return__M6_only__p0.05_ic0.03,val,
MOEXOG,sanctions,30,0.183739,-0.001287,0.050991,True,False,True,keyword_raw__market_return__M6_only__p0.05_ic0.03,val,
MOEXOG,inflation,7,0.041851,0.001382,0.084521,True,True,True,keyword_raw__market_return__M6_only__p0.05_ic0.03,val,
MOEXOG,banking,1,0.840103,-8.1e-05,0.088706,True,False,True,keyword_raw__market_return__M6_only__p0.05_ic0.03,val,
MOEXOG,banking,7,0.674922,0.000438,0.13958,True,False,True,keyword_raw__market_return__M6_only__p0.05_ic0.03,val,
MOEXOG,gold,1,0.813133,0.000108,0.033552,True,False,True,keyword_raw__market_return__M6_only__p0.05_ic0.03,val,
MOEXOG,gold,30,0.747481,0.000275,0.094797,True,False,True,keyword_raw__market_return__M6_only__p0.05_ic0.03,val,
MOEX10,oil,14,0.373117,-0.000926,0.064687,True,False,True,keyword_raw__market_return__M6_only__p0.05_ic0.03,val,
MOEX10,oil,30,0.363787,-0.002106,0.052109,True,False,True,keyword_raw__market_return__M6_only__p0.05_ic0.03,val,
MOEX10,rate,1,0.628508,-0.000239,0.032952,True,False,True,keyword_raw__market_return__M6_only__p0.05_ic0.03,val,
MOEX10,rate,30,0.285625,0.005208,0.058724,True,False,True,keyword_raw__market_return__M6_only__p0.05_ic0.03,val,
MOEX10,ruble,1,0.330584,-0.000881,0.055895,True,False,True,keyword_raw__market_return__M6_only__p0.05_ic0.03,val,
MOEX10,ruble,7,0.118565,0.001346,0.081915,True,False,True,keyword_raw__market_return__M6_only__p0.05_ic0.03,val,
MOEX10,ruble,14,0.866854,-0.000158,0.071805,True,False,True,keyword_raw__market_return__M6_only__p0.05_ic0.03,val,
MOEX10,ruble,30,0.859875,-8.9e-05,0.05417,True,False,True,keyword_raw__market_return__M6_only__p0.05_ic0.03,val,
MOEX10,sanctions,14,0.803666,-0.000285,0.087868,True,False,True,keyword_raw__market_return__M6_only__p0.05_ic0.03,val,
MOEX10,inflation,1,0.735189,-0.000165,0.042045,True,False,True,keyword_raw__market_return__M6_only__p0.05_ic0.03,val,
MOEX10,inflation,7,0.087557,0.001321,0.069977,True,False,True,keyword_raw__market_return__M6_only__p0.05_ic0.03,val,
MOEX10,banking,1,0.572251,-0.000256,0.030985,True,False,True,keyword_raw__market_return__M6_only__p0.05_ic0.03,val,
SP500,oil,1,0.662653,-0.000201,0.053872,True,False,True,keyword_raw__abs_return__M6_only__p0.05_ic0.03,train,
SP500,oil,7,0.517128,-0.000262,0.036254,True,False,True,keyword_raw__abs_return__M6_only__p0.05_ic0.03,train,
SP500,rate,14,0.528677,0.000226,0.03006,True,False,True,keyword_raw__abs_return__M6_only__p0.05_ic0.03,train,
SP500,rate,30,0.934799,-4.4e-05,0.031378,True,False,True,keyword_raw__abs_return__M6_only__p0.05_ic0.03,train,
SP500,ruble,7,0.910762,-5.6e-05,0.047408,True,False,True,keyword_raw__abs_return__M6_only__p0.05_ic0.03,train,
SP500,ruble,30,0.076173,-0.001069,0.041347,True,False,True,keyword_raw__abs_return__M6_only__p0.05_ic0.03,train,
SP500,inflation,14,0.59475,0.000194,0.065512,True,False,True,keyword_raw__abs_return__M6_only__p0.05_ic0.03,train,
SP500,banking,7,0.370129,-0.000342,0.053611,True,False,True,keyword_raw__abs_return__M6_only__p0.05_ic0.03,train,
SP500,gold,7,0.852431,-8.4e-05,0.09417,True,False,True,keyword_raw__abs_return__M6_only__p0.05_ic0.03,train,
USD_RUB,oil,1,0.415133,0.00086,0.061381,True,False,True,keyword_raw__abs_return__M6_only__p0.05_ic0.03,train,
USD_RUB,oil,14,0.624089,0.000584,0.041734,True,False,True,keyword_raw__abs_return__M6_only__p0.05_ic0.03,train,
USD_RUB,oil,30,0.162642,0.001852,0.069768,True,False,True,keyword_raw__abs_return__M6_only__p0.05_ic0.03,train,
USD_RUB,rate,1,0.752745,0.000186,0.095006,True,False,True,keyword_raw__abs_return__M6_only__p0.05_ic0.03,train,
USD_RUB,rate,7,0.810121,0.000203,0.039383,True,False,True,keyword_raw__abs_return__M6_only__p0.05_ic0.03,train,
USD_RUB,rate,14,0.754178,0.000334,0.037805,True,False,True,keyword_raw__abs_return__M6_only__p0.05_ic0.03,train,
USD_RUB,rate,30,0.997102,-5e-06,0.047934,True,False,True,keyword_raw__abs_return__M6_only__p0.05_ic0.03,train,
USD_RUB,ruble,1,0.764592,0.000379,0.04423,True,False,True,keyword_raw__abs_return__M6_only__p0.05_ic0.03,train,
USD_RUB,ruble,7,0.488441,0.000896,0.048318,True,False,True,keyword_raw__abs_return__M6_only__p0.05_ic0.03,train,
USD_RUB,ruble,14,0.967569,-5.4e-05,0.118316,True,False,True,keyword_raw__abs_return__M6_only__p0.05_ic0.03,train,
USD_RUB,sanctions,1,0.077713,0.001614,0.134829,True,False,True,keyword_raw__abs_return__M6_only__p0.05_ic0.03,train,
USD_RUB,sanctions,7,0.977451,-2.8e-05,0.031252,True,False,True,keyword_raw__abs_return__M6_only__p0.05_ic0.03,train,
USD_RUB,sanctions,14,0.152658,-0.001714,0.074295,True,False,True,keyword_raw__abs_return__M6_only__p0.05_ic0.03,train,
USD_RUB,sanctions,30,0.634892,-0.000598,0.072629,True,False,True,keyword_raw__abs_return__M6_only__p0.05_ic0.03,train,
USD_RUB,inflation,1,0.879772,0.00011,0.035137,True,False,True,keyword_raw__abs_return__M6_only__p0.05_ic0.03,train,
USD_RUB,inflation,7,0.9352,7.6e-05,0.037075,True,False,True,keyword_raw__abs_return__M6_only__p0.05_ic0.03,train,
USD_RUB,inflation,14,0.542178,0.000691,0.033775,True,False,True,keyword_raw__abs_return__M6_only__p0.05_ic0.03,train,
USD_RUB,banking,14,0.815778,0.000254,0.064515,True,False,True,keyword_raw__abs_return__M6_only__p0.05_ic0.03,train,
USD_RUB,banking,30,0.678954,0.000579,0.079218,True,False,True,keyword_raw__abs_return__M6_only__p0.05_ic0.03,train,
USD_RUB,gold,14,0.965262,5.4e-05,0.030675,True,False,True,keyword_raw__abs_return__M6_only__p0.05_ic0.03,train,
EUR_RUB,oil,1,0.415133,0.00086,0.061381,True,False,True,keyword_raw__abs_return__M6_only__p0.05_ic0.03,train,
EUR_RUB,oil,14,0.624089,0.000584,0.041734,True,False,True,keyword_raw__abs_return__M6_only__p0.05_ic0.03,train,
EUR_RUB,oil,30,0.162642,0.001852,0.069768,True,False,True,keyword_raw__abs_return__M6_only__p0.05_ic0.03,train,
EUR_RUB,rate,1,0.752745,0.000186,0.095006,True,False,True,keyword_raw__abs_return__M6_only__p0.05_ic0.03,train,
EUR_RUB,rate,7,0.810121,0.000203,0.039383,True,False,True,keyword_raw__abs_return__M6_only__p0.05_ic0.03,train,
EUR_RUB,rate,14,0.754178,0.000334,0.037805,True,False,True,keyword_raw__abs_return__M6_only__p0.05_ic0.03,train,
EUR_RUB,rate,30,0.997102,-5e-06,0.047934,True,False,True,keyword_raw__abs_return__M6_only__p0.05_ic0.03,train,
EUR_RUB,ruble,1,0.764592,0.000379,0.04423,True,False,True,keyword_raw__abs_return__M6_only__p0.05_ic0.03,train,
EUR_RUB,ruble,7,0.488441,0.000896,0.048318,True,False,True,keyword_raw__abs_return__M6_only__p0.05_ic0.03,train,
EUR_RUB,ruble,14,0.967569,-5.4e-05,0.118316,True,False,True,keyword_raw__abs_return__M6_only__p0.05_ic0.03,train,
EUR_RUB,sanctions,1,0.077713,0.001614,0.134829,True,False,True,keyword_raw__abs_return__M6_only__p0.05_ic0.03,train,
EUR_RUB,sanctions,7,0.977451,-2.8e-05,0.031252,True,False,True,keyword_raw__abs_return__M6_only__p0.05_ic0.03,train,
EUR_RUB,sanctions,14,0.152658,-0.001714,0.074295,True,False,True,keyword_raw__abs_return__M6_only__p0.05_ic0.03,train,
EUR_RUB,sanctions,30,0.634892,-0.000598,0.072629,True,False,True,keyword_raw__abs_return__M6_only__p0.05_ic0.03,train,
EUR_RUB,inflation,1,0.879772,0.00011,0.035137,True,False,True,keyword_raw__abs_return__M6_only__p0.05_ic0.03,train,
EUR_RUB,inflation,7,0.9352,7.6e-05,0.037075,True,False,True,keyword_raw__abs_return__M6_only__p0.05_ic0.03,train,
EUR_RUB,inflation,14,0.542178,0.000691,0.033775,True,False,True,keyword_raw__abs_return__M6_only__p0.05_ic0.03,train,
EUR_RUB,banking,14,0.815778,0.000254,0.064515,True,False,True,keyword_raw__abs_return__M6_only__p0.05_ic0.03,train,
EUR_RUB,banking,30,0.678954,0.000579,0.079218,True,False,True,keyword_raw__abs_return__M6_only__p0.05_ic0.03,train,
EUR_RUB,gold,14,0.965262,5.4e-05,0.030675,True,False,True,keyword_raw__abs_return__M6_only__p0.05_ic0.03,train,
DJ_SOUTH_AFRICA,oil,7,0.469521,-0.000352,0.044366,True,False,True,keyword_raw__abs_return__M6_only__p0.05_ic0.03,train,
DJ_SOUTH_AFRICA,rate,30,0.525856,-0.000409,0.038598,True,False,True,keyword_raw__abs_return__M6_only__p0.05_ic0.03,train,
DJ_SOUTH_AFRICA,ruble,14,0.846896,0.000107,0.070634,True,False,True,keyword_raw__abs_return__M6_only__p0.05_ic0.03,train,
DJ_SOUTH_AFRICA,ruble,30,0.411249,-0.00053,0.03314,True,False,True,keyword_raw__abs_return__M6_only__p0.05_ic0.03,train,
DJ_SOUTH_AFRICA,sanctions,1,0.777909,0.000106,0.125549,True,False,True,keyword_raw__abs_return__M6_only__p0.05_ic0.03,train,
DJ_SOUTH_AFRICA,sanctions,7,0.49843,0.00027,0.047629,True,False,True,keyword_raw__abs_return__M6_only__p0.05_ic0.03,train,
DJ_SOUTH_AFRICA,sanctions,14,0.016709,0.001097,0.038281,True,True,True,keyword_raw__abs_return__M6_only__p0.05_ic0.03,train,
DJ_SOUTH_AFRICA,sanctions,30,0.132528,-0.000803,0.051112,True,False,True,keyword_raw__abs_return__M6_only__p0.05_ic0.03,train,
DJ_SOUTH_AFRICA,inflation,1,0.442601,-0.00023,0.045735,True,False,True,keyword_raw__abs_return__M6_only__p0.05_ic0.03,train,
DJ_SOUTH_AFRICA,inflation,14,0.885816,-7.3e-05,0.049795,True,False,True,keyword_raw__abs_return__M6_only__p0.05_ic0.03,train,
DJ_SOUTH_AFRICA,inflation,30,0.917826,-6.7e-05,0.077213,True,False,True,keyword_raw__abs_return__M6_only__p0.05_ic0.03,train,
DJ_SOUTH_AFRICA,banking,1,0.877464,-5.5e-05,0.061231,True,False,True,keyword_raw__abs_return__M6_only__p0.05_ic0.03,train,
DJ_SOUTH_AFRICA,banking,7,0.918654,4.5e-05,0.109166,True,False,True,keyword_raw__abs_return__M6_only__p0.05_ic0.03,train,
DJ_SOUTH_AFRICA,banking,14,0.773403,-0.000136,0.085671,True,False,True,keyword_raw__abs_return__M6_only__p0.05_ic0.03,train,
DJ_SOUTH_AFRICA,banking,30,0.545942,0.000358,0.086725,True,False,True,keyword_raw__abs_return__M6_only__p0.05_ic0.03,train,
DJ_SOUTH_AFRICA,gold,1,0.963799,2e-05,0.0482,True,False,True,keyword_raw__abs_return__M6_only__p0.05_ic0.03,train,
DJ_SOUTH_AFRICA,gold,7,0.015972,-0.001177,0.037981,True,True,True,keyword_raw__abs_return__M6_only__p0.05_ic0.03,train,
DJ_SOUTH_AFRICA,gold,14,0.179196,-0.000737,0.062601,True,False,True,keyword_raw__abs_return__M6_only__p0.05_ic0.03,train,
DJ_SOUTH_AFRICA,gold,30,0.863195,0.000102,0.069643,True,False,True,keyword_raw__abs_return__M6_only__p0.05_ic0.03,train,
MSCI_WORLD,oil,14,0.758271,-0.000151,0.079041,True,False,True,keyword_raw__abs_return__M6_only__p0.05_ic0.03,train,
MSCI_WORLD,oil,30,0.54651,-0.000334,0.038784,True,False,True,keyword_raw__abs_return__M6_only__p0.05_ic0.03,train,
MSCI_WORLD,rate,1,0.829646,-5.1e-05,0.08508,True,False,True,keyword_raw__abs_return__M6_only__p0.05_ic0.03,train,
MSCI_WORLD,rate,7,0.457895,-0.000253,0.043848,True,False,True,keyword_raw__abs_return__M6_only__p0.05_ic0.03,train,
MSCI_WORLD,rate,14,0.753367,0.000132,0.044358,True,False,True,keyword_raw__abs_return__M6_only__p0.05_ic0.03,train,
MSCI_WORLD,rate,30,0.423852,-0.000467,0.114601,True,False,True,keyword_raw__abs_return__M6_only__p0.05_ic0.03,train,
MSCI_WORLD,ruble,1,0.80533,-0.000125,0.042983,True,False,True,keyword_raw__abs_return__M6_only__p0.05_ic0.03,train,
MSCI_WORLD,sanctions,1,0.927942,3.3e-05,0.037515,True,False,True,keyword_raw__abs_return__M6_only__p0.05_ic0.03,train,
MSCI_WORLD,sanctions,14,0.023643,0.00097,0.058422,True,True,True,keyword_raw__abs_return__M6_only__p0.05_ic0.03,train,
MSCI_WORLD,sanctions,30,0.137131,-0.000764,0.038065,True,False,True,keyword_raw__abs_return__M6_only__p0.05_ic0.03,train,
MSCI_WORLD,inflation,1,0.929298,-2.6e-05,0.034008,True,False,True,keyword_raw__abs_return__M6_only__p0.05_ic0.03,train,
MSCI_WORLD,inflation,7,0.81393,-9.1e-05,0.051645,True,False,True,keyword_raw__abs_return__M6_only__p0.05_ic0.03,train,
MSCI_WORLD,banking,1,0.60491,0.000178,0.03528,True,False,True,keyword_raw__abs_return__M6_only__p0.05_ic0.03,train,
MSCI_WORLD,banking,7,0.279523,0.000431,0.043244,True,False,True,keyword_raw__abs_return__M6_only__p0.05_ic0.03,train,
MSCI_WORLD,banking,14,0.594226,0.00023,0.032701,True,False,True,keyword_raw__abs_return__M6_only__p0.05_ic0.03,train,
MSCI_WORLD,banking,30,0.721394,0.000195,0.071036,True,False,True,keyword_raw__abs_return__M6_only__p0.05_ic0.03,train,
MSCI_WORLD,gold,14,0.936273,-4.1e-05,0.081085,True,False,True,keyword_raw__abs_return__M6_only__p0.05_ic0.03,train,
DXY,oil,1,0.993826,-2e-06,0.054546,True,False,True,keyword_raw__abs_return__M6_only__p0.05_ic0.03,train,
DXY,oil,7,0.455858,0.000167,0.040117,True,False,True,keyword_raw__abs_return__M6_only__p0.05_ic0.03,train,
DXY,oil,14,0.990711,3e-06,0.040753,True,False,True,keyword_raw__abs_return__M6_only__p0.05_ic0.03,train,
DXY,rate,1,0.640711,5.2e-05,0.100184,True,False,True,keyword_raw__abs_return__M6_only__p0.05_ic0.03,train,
DXY,rate,7,0.892232,2.4e-05,0.050703,True,False,True,keyword_raw__abs_return__M6_only__p0.05_ic0.03,train,
DXY,rate,30,0.610944,0.000145,0.035782,True,False,True,keyword_raw__abs_return__M6_only__p0.05_ic0.03,train,
DXY,ruble,30,0.712455,0.000119,0.033615,True,False,True,keyword_raw__abs_return__M6_only__p0.05_ic0.03,train,
DXY,sanctions,7,0.677561,-7.8e-05,0.033442,True,False,True,keyword_raw__abs_return__M6_only__p0.05_ic0.03,train,
DXY,sanctions,14,0.261129,-0.000233,0.032392,True,False,True,keyword_raw__abs_return__M6_only__p0.05_ic0.03,train,
DXY,banking,7,0.963658,9e-06,0.031162,True,False,True,keyword_raw__abs_return__M6_only__p0.05_ic0.03,train,
DXY,banking,14,0.753653,6.8e-05,0.045932,True,False,True,keyword_raw__abs_return__M6_only__p0.05_ic0.03,train,
DXY,banking,30,0.803035,7.1e-05,0.040069,True,False,True,keyword_raw__abs_return__M6_only__p0.05_ic0.03,train,
DXY,gold,7,0.182688,0.000302,0.060135,True,False,True,keyword_raw__abs_return__M6_only__p0.05_ic0.03,train,
DXY,gold,14,0.644281,0.000117,0.073131,True,False,True,keyword_raw__abs_return__M6_only__p0.05_ic0.03,train,
DXY,gold,30,0.840356,-5.6e-05,0.060786,True,False,True,keyword_raw__abs_return__M6_only__p0.05_ic0.03,train,
BRENT,oil,7,0.980693,-2.6e-05,0.050438,True,False,True,keyword_raw__abs_return__M6_only__p0.05_ic0.03,train,
BRENT,oil,14,0.869098,-0.000199,0.056058,True,False,True,keyword_raw__abs_return__M6_only__p0.05_ic0.03,train,
BRENT,oil,30,0.855372,0.000242,0.073206,True,False,True,keyword_raw__abs_return__M6_only__p0.05_ic0.03,train,
BRENT,rate,7,0.961212,-4.2e-05,0.073412,True,False,True,keyword_raw__abs_return__M6_only__p0.05_ic0.03,train,
BRENT,rate,14,0.918352,0.000108,0.072712,True,False,True,keyword_raw__abs_return__M6_only__p0.05_ic0.03,train,
BRENT,ruble,7,0.181132,-0.001625,0.07216,True,False,True,keyword_raw__abs_return__M6_only__p0.05_ic0.03,train,
BRENT,ruble,14,0.636846,-0.000593,0.053585,True,False,True,keyword_raw__abs_return__M6_only__p0.05_ic0.03,train,
BRENT,ruble,30,0.497601,0.001017,0.047836,True,False,True,keyword_raw__abs_return__M6_only__p0.05_ic0.03,train,
BRENT,sanctions,1,0.888254,-0.000118,0.038918,True,False,True,keyword_raw__abs_return__M6_only__p0.05_ic0.03,train,
BRENT,sanctions,7,0.034367,-0.00195,0.122236,True,True,True,keyword_raw__abs_return__M6_only__p0.05_ic0.03,train,
BRENT,sanctions,14,0.604681,0.000541,0.066886,True,False,True,keyword_raw__abs_return__M6_only__p0.05_ic0.03,train,
BRENT,sanctions,30,0.784428,0.000323,0.051715,True,False,True,keyword_raw__abs_return__M6_only__p0.05_ic0.03,train,
BRENT,inflation,7,0.664684,-0.000418,0.052189,True,False,True,keyword_raw__abs_return__M6_only__p0.05_ic0.03,train,
BRENT,inflation,30,0.739268,-0.0005,0.040665,True,False,True,keyword_raw__abs_return__M6_only__p0.05_ic0.03,train,
BRENT,banking,30,0.384947,0.00121,0.03186,True,False,True,keyword_raw__abs_return__M6_only__p0.05_ic0.03,train,
BRENT,gold,1,0.444825,0.000753,0.03549,True,False,True,keyword_raw__abs_return__M6_only__p0.05_ic0.03,train,
BRENT,gold,30,0.664599,0.000572,0.037462,True,False,True,keyword_raw__abs_return__M6_only__p0.05_ic0.03,train,
MSCI_INDIA,oil,1,0.876168,-6.3e-05,0.084739,True,False,True,keyword_raw__abs_return__M6_only__p0.05_ic0.03,train,
MSCI_INDIA,oil,7,0.65872,0.000191,0.03764,True,False,True,keyword_raw__abs_return__M6_only__p0.05_ic0.03,train,
MSCI_INDIA,oil,14,0.913772,5e-05,0.057574,True,False,True,keyword_raw__abs_return__M6_only__p0.05_ic0.03,train,
MSCI_INDIA,rate,7,0.48475,0.00024,0.031131,True,False,True,keyword_raw__abs_return__M6_only__p0.05_ic0.03,train,
MSCI_INDIA,rate,30,0.660313,0.000204,0.042964,True,False,True,keyword_raw__abs_return__M6_only__p0.05_ic0.03,train,
MSCI_INDIA,ruble,30,0.673999,-0.000171,0.045782,True,False,True,keyword_raw__abs_return__M6_only__p0.05_ic0.03,train,
MSCI_INDIA,sanctions,1,0.858516,-6.2e-05,0.120096,True,False,True,keyword_raw__abs_return__M6_only__p0.05_ic0.03,train,
MSCI_INDIA,sanctions,14,0.038119,0.000872,0.076009,True,True,True,keyword_raw__abs_return__M6_only__p0.05_ic0.03,train,
MSCI_INDIA,inflation,1,0.917327,-2.9e-05,0.135408,True,False,True,keyword_raw__abs_return__M6_only__p0.05_ic0.03,train,
MSCI_INDIA,inflation,30,0.782196,0.000114,0.05364,True,False,True,keyword_raw__abs_return__M6_only__p0.05_ic0.03,train,
MSCI_INDIA,banking,1,0.512455,0.000217,0.08059,True,False,True,keyword_raw__abs_return__M6_only__p0.05_ic0.03,train,
MSCI_INDIA,banking,7,0.584799,0.000217,0.110009,True,False,True,keyword_raw__abs_return__M6_only__p0.05_ic0.03,train,
MSCI_INDIA,banking,30,0.587618,0.000195,0.05195,True,False,True,keyword_raw__abs_return__M6_only__p0.05_ic0.03,train,
MSCI_INDIA,gold,1,0.92231,-4e-05,0.031565,True,False,True,keyword_raw__abs_return__M6_only__p0.05_ic0.03,train,
MSCI_INDIA,gold,30,0.841086,7.3e-05,0.084926,True,False,True,keyword_raw__abs_return__M6_only__p0.05_ic0.03,train,
CHINA_H_SHARES,oil,1,0.425231,-0.000665,0.034283,True,False,True,keyword_raw__abs_return__M6_only__p0.05_ic0.03,train,
CHINA_H_SHARES,oil,7,0.283623,-0.001009,0.06206,True,False,True,keyword_raw__abs_return__M6_only__p0.05_ic0.03,train,
CHINA_H_SHARES,oil,14,0.744738,-0.000327,0.05456,True,False,True,keyword_raw__abs_return__M6_only__p0.05_ic0.03,train,
CHINA_H_SHARES,rate,1,0.417117,0.000365,0.059182,True,False,True,keyword_raw__abs_return__M6_only__p0.05_ic0.03,train,
CHINA_H_SHARES,rate,7,0.873766,0.00012,0.041588,True,False,True,keyword_raw__abs_return__M6_only__p0.05_ic0.03,train,
CHINA_H_SHARES,rate,14,0.258428,-0.001017,0.041496,True,False,True,keyword_raw__abs_return__M6_only__p0.05_ic0.03,train,
CHINA_H_SHARES,ruble,1,0.837612,0.000207,0.062748,True,False,True,keyword_raw__abs_return__M6_only__p0.05_ic0.03,train,
CHINA_H_SHARES,ruble,30,0.575147,-0.000452,0.061177,True,False,True,keyword_raw__abs_return__M6_only__p0.05_ic0.03,train,
CHINA_H_SHARES,sanctions,1,0.126908,-0.001123,0.044409,True,False,True,keyword_raw__abs_return__M6_only__p0.05_ic0.03,train,
CHINA_H_SHARES,sanctions,14,0.056952,0.001741,0.042686,True,False,True,keyword_raw__abs_return__M6_only__p0.05_ic0.03,train,
CHINA_H_SHARES,sanctions,30,0.713247,-0.000287,0.042222,True,False,True,keyword_raw__abs_return__M6_only__p0.05_ic0.03,train,
CHINA_H_SHARES,inflation,1,0.501387,0.000375,0.063028,True,False,True,keyword_raw__abs_return__M6_only__p0.05_ic0.03,train,
CHINA_H_SHARES,inflation,7,0.584184,-0.00045,0.032594,True,False,True,keyword_raw__abs_return__M6_only__p0.05_ic0.03,train,
CHINA_H_SHARES,banking,14,0.163103,-0.001281,0.042529,True,False,True,keyword_raw__abs_return__M6_only__p0.05_ic0.03,train,
CHINA_H_SHARES,banking,30,0.428064,0.000603,0.033365,True,False,True,keyword_raw__abs_return__M6_only__p0.05_ic0.03,train,
CHINA_H_SHARES,gold,1,0.71824,0.000308,0.066865,True,False,True,keyword_raw__abs_return__M6_only__p0.05_ic0.03,train,
CHINA_H_SHARES,gold,14,0.995626,-6e-06,0.052461,True,False,True,keyword_raw__abs_return__M6_only__p0.05_ic0.03,train,
FTSE_CHINA_50,oil,1,0.458398,-0.000658,0.052934,True,False,True,keyword_raw__abs_return__M6_only__p0.05_ic0.03,train,
FTSE_CHINA_50,oil,7,0.243988,-0.001159,0.069519,True,False,True,keyword_raw__abs_return__M6_only__p0.05_ic0.03,train,
FTSE_CHINA_50,oil,14,0.712409,-0.000392,0.047338,True,False,True,keyword_raw__abs_return__M6_only__p0.05_ic0.03,train,
FTSE_CHINA_50,rate,1,0.514813,0.000314,0.064895,True,False,True,keyword_raw__abs_return__M6_only__p0.05_ic0.03,train,
FTSE_CHINA_50,rate,7,0.991297,9e-06,0.036325,True,False,True,keyword_raw__abs_return__M6_only__p0.05_ic0.03,train,
FTSE_CHINA_50,rate,14,0.268693,-0.001045,0.047853,True,False,True,keyword_raw__abs_return__M6_only__p0.05_ic0.03,train,
FTSE_CHINA_50,ruble,1,0.990094,1.3e-05,0.0409,True,False,True,keyword_raw__abs_return__M6_only__p0.05_ic0.03,train,
FTSE_CHINA_50,ruble,30,0.387984,-0.000756,0.081699,True,False,True,keyword_raw__abs_return__M6_only__p0.05_ic0.03,train,
FTSE_CHINA_50,sanctions,14,0.089672,0.001653,0.044486,True,False,True,keyword_raw__abs_return__M6_only__p0.05_ic0.03,train,
FTSE_CHINA_50,sanctions,30,0.418706,-0.000686,0.044015,True,False,True,keyword_raw__abs_return__M6_only__p0.05_ic0.03,train,
FTSE_CHINA_50,inflation,1,0.646966,0.000272,0.042842,True,False,True,keyword_raw__abs_return__M6_only__p0.05_ic0.03,train,
FTSE_CHINA_50,inflation,7,0.390501,-0.000742,0.033966,True,False,True,keyword_raw__abs_return__M6_only__p0.05_ic0.03,train,
FTSE_CHINA_50,inflation,30,0.698582,0.000351,0.049633,True,False,True,keyword_raw__abs_return__M6_only__p0.05_ic0.03,train,
FTSE_CHINA_50,banking,1,0.643041,0.000337,0.036256,True,False,True,keyword_raw__abs_return__M6_only__p0.05_ic0.03,train,
FTSE_CHINA_50,banking,14,0.117928,-0.001521,0.035956,True,False,True,keyword_raw__abs_return__M6_only__p0.05_ic0.03,train,
FTSE_CHINA_50,gold,1,0.665003,0.000394,0.03357,True,False,True,keyword_raw__abs_return__M6_only__p0.05_ic0.03,train,
FTSE_CHINA_50,gold,7,0.174092,-0.001365,0.043179,True,False,True,keyword_raw__abs_return__M6_only__p0.05_ic0.03,train,
FTSE_CHINA_50,gold,14,0.978703,3e-05,0.041186,True,False,True,keyword_raw__abs_return__M6_only__p0.05_ic0.03,train,
FTSE_CHINA_50,gold,30,0.398388,0.000729,0.055001,True,False,True,keyword_raw__abs_return__M6_only__p0.05_ic0.03,train,
GOLD,oil,1,0.953168,-2.7e-05,0.032584,True,False,True,keyword_raw__abs_return__M6_only__p0.05_ic0.03,train,
GOLD,oil,30,0.36876,-0.00026,0.093218,True,False,True,keyword_raw__abs_return__M6_only__p0.05_ic0.03,train,
GOLD,ruble,1,0.715266,0.000192,0.079781,True,False,True,keyword_raw__abs_return__M6_only__p0.05_ic0.03,train,
GOLD,ruble,7,0.645555,-0.000252,0.12627,True,False,True,keyword_raw__abs_return__M6_only__p0.05_ic0.03,train,
GOLD,ruble,14,0.485954,-0.00039,0.061238,True,False,True,keyword_raw__abs_return__M6_only__p0.05_ic0.03,train,
GOLD,ruble,30,0.734645,9.7e-05,0.060255,True,False,True,keyword_raw__abs_return__M6_only__p0.05_ic0.03,train,
GOLD,sanctions,1,0.974356,1.2e-05,0.056229,True,False,True,keyword_raw__abs_return__M6_only__p0.05_ic0.03,train,
GOLD,sanctions,7,0.57846,-0.000238,0.042431,True,False,True,keyword_raw__abs_return__M6_only__p0.05_ic0.03,train,
GOLD,sanctions,30,0.044846,-0.000628,0.060316,True,True,True,keyword_raw__abs_return__M6_only__p0.05_ic0.03,train,
GOLD,inflation,1,0.07257,-0.000535,0.047939,True,False,True,keyword_raw__abs_return__M6_only__p0.05_ic0.03,train,
GOLD,inflation,30,0.384617,-0.000351,0.075029,True,False,True,keyword_raw__abs_return__M6_only__p0.05_ic0.03,train,
GOLD,banking,1,0.210952,-0.000456,0.044324,True,False,True,keyword_raw__abs_return__M6_only__p0.05_ic0.03,train,
GOLD,banking,7,0.610188,0.000231,0.077365,True,False,True,keyword_raw__abs_return__M6_only__p0.05_ic0.03,train,
GOLD,banking,14,0.479435,-0.000339,0.034278,True,False,True,keyword_raw__abs_return__M6_only__p0.05_ic0.03,train,
GOLD,gold,7,0.728572,-0.000177,0.090188,True,False,True,keyword_raw__abs_return__M6_only__p0.05_ic0.03,train,
GOLD,gold,14,0.240347,-0.000677,0.08452,True,False,True,keyword_raw__abs_return__M6_only__p0.05_ic0.03,train,
GOLD,gold,30,0.767415,-8.6e-05,0.030987,True,False,True,keyword_raw__abs_return__M6_only__p0.05_ic0.03,train,
SILVER,oil,1,0.55831,0.000547,0.063676,True,False,True,keyword_raw__abs_return__M6_only__p0.05_ic0.03,train,
SILVER,oil,7,0.71339,-0.000368,0.042799,True,False,True,keyword_raw__abs_return__M6_only__p0.05_ic0.03,train,
SILVER,oil,30,0.934833,-5.4e-05,0.044032,True,False,True,keyword_raw__abs_return__M6_only__p0.05_ic0.03,train,
SILVER,rate,7,0.517163,-0.000517,0.074358,True,False,True,keyword_raw__abs_return__M6_only__p0.05_ic0.03,train,
SILVER,rate,14,0.541689,0.000614,0.039189,True,False,True,keyword_raw__abs_return__M6_only__p0.05_ic0.03,train,
SILVER,rate,30,0.20666,-0.001299,0.043008,True,False,True,keyword_raw__abs_return__M6_only__p0.05_ic0.03,train,
SILVER,ruble,14,0.754126,-0.000354,0.050427,True,False,True,keyword_raw__abs_return__M6_only__p0.05_ic0.03,train,
SILVER,ruble,30,0.501546,0.000346,0.091302,True,False,True,keyword_raw__abs_return__M6_only__p0.05_ic0.03,train,
SILVER,sanctions,7,0.773394,-0.000243,0.043753,True,False,True,keyword_raw__abs_return__M6_only__p0.05_ic0.03,train,
SILVER,sanctions,14,0.251999,0.001018,0.036186,True,False,True,keyword_raw__abs_return__M6_only__p0.05_ic0.03,train,
SILVER,sanctions,30,0.28978,-0.000708,0.098664,True,False,True,keyword_raw__abs_return__M6_only__p0.05_ic0.03,train,
SILVER,inflation,1,0.456345,-0.000529,0.102295,True,False,True,keyword_raw__abs_return__M6_only__p0.05_ic0.03,train,
SILVER,inflation,14,0.555965,0.000622,0.037762,True,False,True,keyword_raw__abs_return__M6_only__p0.05_ic0.03,train,
SILVER,banking,1,0.859666,0.000139,0.106865,True,False,True,keyword_raw__abs_return__M6_only__p0.05_ic0.03,train,
SILVER,banking,7,0.79582,0.000232,0.10342,True,False,True,keyword_raw__abs_return__M6_only__p0.05_ic0.03,train,
SILVER,banking,14,0.703337,-0.000376,0.043328,True,False,True,keyword_raw__abs_return__M6_only__p0.05_ic0.03,train,
SILVER,banking,30,0.496066,-0.000535,0.056497,True,False,True,keyword_raw__abs_return__M6_only__p0.05_ic0.03,train,
SILVER,gold,1,0.501519,0.000658,0.070856,True,False,True,keyword_raw__abs_return__M6_only__p0.05_ic0.03,train,
SILVER,gold,14,0.939729,8.8e-05,0.036239,True,False,True,keyword_raw__abs_return__M6_only__p0.05_ic0.03,train,
IMOEX,oil,7,0.365599,0.001142,0.098238,True,False,True,keyword_raw__abs_return__M6_only__p0.05_ic0.03,train,
IMOEX,oil,14,0.607596,0.000697,0.047283,True,False,True,keyword_raw__abs_return__M6_only__p0.05_ic0.03,train,
IMOEX,rate,1,0.195409,0.000845,0.064383,True,False,True,keyword_raw__abs_return__M6_only__p0.05_ic0.03,train,
IMOEX,rate,14,0.249976,-0.001447,0.053915,True,False,True,keyword_raw__abs_return__M6_only__p0.05_ic0.03,train,
IMOEX,rate,30,0.706738,-0.000361,0.114224,True,False,True,keyword_raw__abs_return__M6_only__p0.05_ic0.03,train,
IMOEX,ruble,1,0.679831,0.000561,0.063838,True,False,True,keyword_raw__abs_return__M6_only__p0.05_ic0.03,train,
IMOEX,ruble,7,0.341631,0.001337,0.042569,True,False,True,keyword_raw__abs_return__M6_only__p0.05_ic0.03,train,
IMOEX,ruble,30,0.890509,-0.000132,0.069717,True,False,True,keyword_raw__abs_return__M6_only__p0.05_ic0.03,train,
IMOEX,sanctions,14,0.947172,8.8e-05,0.055909,True,False,True,keyword_raw__abs_return__M6_only__p0.05_ic0.03,train,
IMOEX,inflation,1,0.167921,0.001096,0.046667,True,False,True,keyword_raw__abs_return__M6_only__p0.05_ic0.03,train,
IMOEX,inflation,7,0.587703,-0.000614,0.063356,True,False,True,keyword_raw__abs_return__M6_only__p0.05_ic0.03,train,
IMOEX,inflation,30,0.580321,0.000533,0.100805,True,False,True,keyword_raw__abs_return__M6_only__p0.05_ic0.03,train,
IMOEX,banking,1,0.225265,0.001112,0.112895,True,False,True,keyword_raw__abs_return__M6_only__p0.05_ic0.03,train,
IMOEX,banking,30,0.624705,0.000456,0.071883,True,False,True,keyword_raw__abs_return__M6_only__p0.05_ic0.03,train,
IMOEX,gold,1,0.188102,0.001503,0.033012,True,False,True,keyword_raw__abs_return__M6_only__p0.05_ic0.03,train,
IMOEX,gold,7,0.844076,-0.00025,0.045686,True,False,True,keyword_raw__abs_return__M6_only__p0.05_ic0.03,train,
MOEXFN,oil,7,0.382295,0.00121,0.055549,True,False,True,keyword_raw__abs_return__M6_only__p0.05_ic0.03,train,
MOEXFN,rate,1,0.112769,0.001104,0.057193,True,False,True,keyword_raw__abs_return__M6_only__p0.05_ic0.03,train,
MOEXFN,rate,30,0.934689,9.4e-05,0.09556,True,False,True,keyword_raw__abs_return__M6_only__p0.05_ic0.03,train,
MOEXFN,ruble,1,0.325592,0.001473,0.075027,True,False,True,keyword_raw__abs_return__M6_only__p0.05_ic0.03,train,
MOEXFN,ruble,7,0.675782,0.000638,0.036044,True,False,True,keyword_raw__abs_return__M6_only__p0.05_ic0.03,train,
MOEXFN,ruble,30,0.689448,0.000389,0.050449,True,False,True,keyword_raw__abs_return__M6_only__p0.05_ic0.03,train,
MOEXFN,sanctions,7,0.775324,0.000402,0.059416,True,False,True,keyword_raw__abs_return__M6_only__p0.05_ic0.03,train,
MOEXFN,sanctions,14,0.925483,0.000135,0.056064,True,False,True,keyword_raw__abs_return__M6_only__p0.05_ic0.03,train,
MOEXFN,sanctions,30,0.346086,-0.000789,0.086667,True,False,True,keyword_raw__abs_return__M6_only__p0.05_ic0.03,train,
MOEXFN,inflation,1,0.091793,0.001453,0.050888,True,False,True,keyword_raw__abs_return__M6_only__p0.05_ic0.03,train,
MOEXFN,banking,1,0.191106,0.001307,0.09018,True,False,True,keyword_raw__abs_return__M6_only__p0.05_ic0.03,train,
MOEXFN,banking,7,0.354573,0.001159,0.035718,True,False,True,keyword_raw__abs_return__M6_only__p0.05_ic0.03,train,
MOEXFN,banking,30,0.246366,0.001169,0.114327,True,False,True,keyword_raw__abs_return__M6_only__p0.05_ic0.03,train,
MOEXFN,gold,7,0.691018,-0.000548,0.044372,True,False,True,keyword_raw__abs_return__M6_only__p0.05_ic0.03,train,
MOEXOG,oil,7,0.435134,0.001014,0.120136,True,False,True,keyword_raw__abs_return__M6_only__p0.05_ic0.03,train,
MOEXOG,oil,14,0.505478,0.000933,0.042967,True,False,True,keyword_raw__abs_return__M6_only__p0.05_ic0.03,train,
MOEXOG,oil,30,0.619859,-0.00039,0.067849,True,False,True,keyword_raw__abs_return__M6_only__p0.05_ic0.03,train,
MOEXOG,rate,1,0.124023,0.001048,0.044653,True,False,True,keyword_raw__abs_return__M6_only__p0.05_ic0.03,train,
MOEXOG,rate,14,0.299158,-0.001297,0.030748,True,False,True,keyword_raw__abs_return__M6_only__p0.05_ic0.03,train,
MOEXOG,rate,30,0.99739,3e-06,0.101716,True,False,True,keyword_raw__abs_return__M6_only__p0.05_ic0.03,train,
MOEXOG,ruble,1,0.749572,0.000434,0.083997,True,False,True,keyword_raw__abs_return__M6_only__p0.05_ic0.03,train,
MOEXOG,ruble,7,0.430255,0.001103,0.063885,True,False,True,keyword_raw__abs_return__M6_only__p0.05_ic0.03,train,
MOEXOG,ruble,30,0.410353,0.000701,0.103018,True,False,True,keyword_raw__abs_return__M6_only__p0.05_ic0.03,train,
MOEXOG,sanctions,7,0.14077,-0.001905,0.044538,True,False,True,keyword_raw__abs_return__M6_only__p0.05_ic0.03,train,
MOEXOG,sanctions,14,0.930269,0.000116,0.047221,True,False,True,keyword_raw__abs_return__M6_only__p0.05_ic0.03,train,
MOEXOG,sanctions,30,0.992423,7e-06,0.03285,True,False,True,keyword_raw__abs_return__M6_only__p0.05_ic0.03,train,
MOEXOG,inflation,7,0.497428,-0.000786,0.059395,True,False,True,keyword_raw__abs_return__M6_only__p0.05_ic0.03,train,
MOEXOG,inflation,30,0.169467,0.001329,0.114689,True,False,True,keyword_raw__abs_return__M6_only__p0.05_ic0.03,train,
MOEXOG,banking,1,0.129475,0.001412,0.157788,True,False,True,keyword_raw__abs_return__M6_only__p0.05_ic0.03,train,
MOEXOG,banking,7,0.26202,0.001357,0.07372,True,False,True,keyword_raw__abs_return__M6_only__p0.05_ic0.03,train,
MOEXOG,banking,14,0.214556,-0.001577,0.030401,True,False,True,keyword_raw__abs_return__M6_only__p0.05_ic0.03,train,
MOEXOG,banking,30,0.127939,0.001342,0.034251,True,False,True,keyword_raw__abs_return__M6_only__p0.05_ic0.03,train,
MOEXOG,gold,1,0.110293,0.001834,0.053587,True,False,True,keyword_raw__abs_return__M6_only__p0.05_ic0.03,train,
MOEXOG,gold,30,0.755145,-0.00024,0.059512,True,False,True,keyword_raw__abs_return__M6_only__p0.05_ic0.03,train,
MOEX10,oil,7,0.397026,0.001025,0.066893,True,False,True,keyword_raw__abs_return__M6_only__p0.05_ic0.03,train,
MOEX10,oil,14,0.890697,0.00018,0.043668,True,False,True,keyword_raw__abs_return__M6_only__p0.05_ic0.03,train,
MOEX10,oil,30,0.468805,-0.000553,0.040183,True,False,True,keyword_raw__abs_return__M6_only__p0.05_ic0.03,train,
MOEX10,rate,1,0.191776,0.000827,0.064173,True,False,True,keyword_raw__abs_return__M6_only__p0.05_ic0.03,train,
MOEX10,rate,14,0.328802,-0.001148,0.040086,True,False,True,keyword_raw__abs_return__M6_only__p0.05_ic0.03,train,
MOEX10,rate,30,0.422703,-0.000754,0.164444,True,False,True,keyword_raw__abs_return__M6_only__p0.05_ic0.03,train,
MOEX10,ruble,1,0.784207,0.000353,0.0666,True,False,True,keyword_raw__abs_return__M6_only__p0.05_ic0.03,train,
MOEX10,ruble,7,0.568921,0.000752,0.03655,True,False,True,keyword_raw__abs_return__M6_only__p0.05_ic0.03,train,
MOEX10,ruble,14,0.496867,0.000922,0.056799,True,False,True,keyword_raw__abs_return__M6_only__p0.05_ic0.03,train,
MOEX10,ruble,30,0.512947,0.000548,0.047329,True,False,True,keyword_raw__abs_return__M6_only__p0.05_ic0.03,train,
MOEX10,sanctions,14,0.857759,0.000224,0.036755,True,False,True,keyword_raw__abs_return__M6_only__p0.05_ic0.03,train,
MOEX10,inflation,1,0.163416,0.001067,0.064379,True,False,True,keyword_raw__abs_return__M6_only__p0.05_ic0.03,train,
MOEX10,inflation,7,0.623648,-0.000526,0.031802,True,False,True,keyword_raw__abs_return__M6_only__p0.05_ic0.03,train,
MOEX10,banking,1,0.292599,0.000923,0.075404,True,False,True,keyword_raw__abs_return__M6_only__p0.05_ic0.03,train,
MOEX10,banking,30,0.257863,0.000947,0.106204,True,False,True,keyword_raw__abs_return__M6_only__p0.05_ic0.03,train,
SP500,oil,1,0.114234,-0.000561,0.055004,True,False,True,keyword_raw__abs_return__M6_only__p0.05_ic0.03,val,
SP500,oil,7,0.017957,-0.000826,0.056638,True,True,True,keyword_raw__abs_return__M6_only__p0.05_ic0.03,val,
SP500,rate,30,0.070186,-0.002312,0.061125,True,False,True,keyword_raw__abs_return__M6_only__p0.05_ic0.03,val,
SP500,ruble,7,0.602474,0.000294,0.065698,True,False,True,keyword_raw__abs_return__M6_only__p0.05_ic0.03,val,
SP500,inflation,14,0.069969,-0.001233,0.107186,True,False,True,keyword_raw__abs_return__M6_only__p0.05_ic0.03,val,
SP500,banking,7,0.001948,-0.001363,0.082651,True,True,True,keyword_raw__abs_return__M6_only__p0.05_ic0.03,val,
SP500,gold,7,3.8e-05,-0.002043,0.040801,True,True,True,keyword_raw__abs_return__M6_only__p0.05_ic0.03,val,
USD_RUB,oil,1,0.677978,-0.000139,0.108217,True,False,True,keyword_raw__abs_return__M6_only__p0.05_ic0.03,val,
USD_RUB,oil,30,0.224526,0.002331,0.114003,True,False,True,keyword_raw__abs_return__M6_only__p0.05_ic0.03,val,
USD_RUB,rate,1,0.755919,-0.000121,0.063546,True,False,True,keyword_raw__abs_return__M6_only__p0.05_ic0.03,val,
USD_RUB,rate,14,0.782209,-0.000398,0.129749,True,False,True,keyword_raw__abs_return__M6_only__p0.05_ic0.03,val,
USD_RUB,rate,30,0.561739,-0.00183,0.057687,True,False,True,keyword_raw__abs_return__M6_only__p0.05_ic0.03,val,
USD_RUB,ruble,1,0.424729,-0.000576,0.070449,True,False,True,keyword_raw__abs_return__M6_only__p0.05_ic0.03,val,
USD_RUB,ruble,7,0.840305,-0.000154,0.075409,True,False,True,keyword_raw__abs_return__M6_only__p0.05_ic0.03,val,
USD_RUB,ruble,14,0.967306,-3e-05,0.118617,True,False,True,keyword_raw__abs_return__M6_only__p0.05_ic0.03,val,
USD_RUB,sanctions,7,0.63418,0.000354,0.079628,True,False,True,keyword_raw__abs_return__M6_only__p0.05_ic0.03,val,
USD_RUB,sanctions,14,0.427421,-0.000704,0.107739,True,False,True,keyword_raw__abs_return__M6_only__p0.05_ic0.03,val,
USD_RUB,sanctions,30,0.677379,0.000427,0.08938,True,False,True,keyword_raw__abs_return__M6_only__p0.05_ic0.03,val,
USD_RUB,inflation,7,0.340796,-0.000618,0.070654,True,False,True,keyword_raw__abs_return__M6_only__p0.05_ic0.03,val,
EUR_RUB,oil,1,0.677978,-0.000139,0.108217,True,False,True,keyword_raw__abs_return__M6_only__p0.05_ic0.03,val,
EUR_RUB,oil,30,0.224526,0.002331,0.114003,True,False,True,keyword_raw__abs_return__M6_only__p0.05_ic0.03,val,
EUR_RUB,rate,1,0.755919,-0.000121,0.063546,True,False,True,keyword_raw__abs_return__M6_only__p0.05_ic0.03,val,
EUR_RUB,rate,14,0.782209,-0.000398,0.129749,True,False,True,keyword_raw__abs_return__M6_only__p0.05_ic0.03,val,
EUR_RUB,rate,30,0.561739,-0.00183,0.057687,True,False,True,keyword_raw__abs_return__M6_only__p0.05_ic0.03,val,
EUR_RUB,ruble,1,0.424729,-0.000576,0.070449,True,False,True,keyword_raw__abs_return__M6_only__p0.05_ic0.03,val,
EUR_RUB,ruble,7,0.840305,-0.000154,0.075409,True,False,True,keyword_raw__abs_return__M6_only__p0.05_ic0.03,val,
EUR_RUB,ruble,14,0.967306,-3e-05,0.118617,True,False,True,keyword_raw__abs_return__M6_only__p0.05_ic0.03,val,
EUR_RUB,sanctions,7,0.63418,0.000354,0.079628,True,False,True,keyword_raw__abs_return__M6_only__p0.05_ic0.03,val,
EUR_RUB,sanctions,14,0.427421,-0.000704,0.107739,True,False,True,keyword_raw__abs_return__M6_only__p0.05_ic0.03,val,
EUR_RUB,sanctions,30,0.677379,0.000427,0.08938,True,False,True,keyword_raw__abs_return__M6_only__p0.05_ic0.03,val,
EUR_RUB,inflation,7,0.340796,-0.000618,0.070654,True,False,True,keyword_raw__abs_return__M6_only__p0.05_ic0.03,val,
DJ_SOUTH_AFRICA,sanctions,1,0.478114,0.00029,0.045734,True,False,True,keyword_raw__abs_return__M6_only__p0.05_ic0.03,val,
DJ_SOUTH_AFRICA,sanctions,7,0.842871,0.000111,0.056645,True,False,True,keyword_raw__abs_return__M6_only__p0.05_ic0.03,val,
DJ_SOUTH_AFRICA,sanctions,14,0.532122,0.000407,0.041983,True,False,True,keyword_raw__abs_return__M6_only__p0.05_ic0.03,val,
DJ_SOUTH_AFRICA,sanctions,30,0.146806,-0.001026,0.042268,True,False,True,keyword_raw__abs_return__M6_only__p0.05_ic0.03,val,
DJ_SOUTH_AFRICA,inflation,30,0.005184,0.00327,0.035842,True,True,True,keyword_raw__abs_return__M6_only__p0.05_ic0.03,val,
DJ_SOUTH_AFRICA,banking,1,0.833236,-5.7e-05,0.085136,True,False,True,keyword_raw__abs_return__M6_only__p0.05_ic0.03,val,
DJ_SOUTH_AFRICA,banking,7,0.694933,0.000301,0.044304,True,False,True,keyword_raw__abs_return__M6_only__p0.05_ic0.03,val,
DJ_SOUTH_AFRICA,banking,30,0.820764,0.000571,0.035633,True,False,True,keyword_raw__abs_return__M6_only__p0.05_ic0.03,val,
DJ_SOUTH_AFRICA,gold,1,0.430046,0.000242,0.055534,True,False,True,keyword_raw__abs_return__M6_only__p0.05_ic0.03,val,
DJ_SOUTH_AFRICA,gold,7,0.713561,-0.000168,0.055129,True,False,True,keyword_raw__abs_return__M6_only__p0.05_ic0.03,val,
DJ_SOUTH_AFRICA,gold,14,0.609405,-0.000272,0.063712,True,False,True,keyword_raw__abs_return__M6_only__p0.05_ic0.03,val,
DJ_SOUTH_AFRICA,gold,30,0.563827,0.000349,0.107268,True,False,True,keyword_raw__abs_return__M6_only__p0.05_ic0.03,val,
MSCI_WORLD,oil,14,0.450856,0.000396,0.064879,True,False,True,keyword_raw__abs_return__M6_only__p0.05_ic0.03,val,
MSCI_WORLD,oil,30,0.000835,0.004498,0.034757,True,True,True,keyword_raw__abs_return__M6_only__p0.05_ic0.03,val,
MSCI_WORLD,rate,1,0.110163,0.000421,0.030253,True,False,True,keyword_raw__abs_return__M6_only__p0.05_ic0.03,val,
MSCI_WORLD,rate,14,0.102115,0.001244,0.089626,True,False,True,keyword_raw__abs_return__M6_only__p0.05_ic0.03,val,
MSCI_WORLD,rate,30,0.201659,0.002015,0.050627,True,False,True,keyword_raw__abs_return__M6_only__p0.05_ic0.03,val,
MSCI_WORLD,banking,1,0.27452,0.000269,0.055631,True,False,True,keyword_raw__abs_return__M6_only__p0.05_ic0.03,val,
MSCI_WORLD,banking,30,0.49203,-0.001608,0.034274,True,False,True,keyword_raw__abs_return__M6_only__p0.05_ic0.03,val,
DXY,oil,14,0.204466,0.000382,0.12038,True,False,True,keyword_raw__abs_return__M6_only__p0.05_ic0.03,val,
DXY,rate,7,0.001424,-0.000843,0.096049,True,True,True,keyword_raw__abs_return__M6_only__p0.05_ic0.03,val,
DXY,rate,30,0.481961,0.000498,0.083211,True,False,True,keyword_raw__abs_return__M6_only__p0.05_ic0.03,val,
DXY,ruble,30,0.925578,-1.3e-05,0.09809,True,False,True,keyword_raw__abs_return__M6_only__p0.05_ic0.03,val,
DXY,sanctions,7,0.001747,-0.000745,0.045628,True,True,True,keyword_raw__abs_return__M6_only__p0.05_ic0.03,val,
DXY,sanctions,14,0.00211,-0.000855,0.03083,True,True,True,keyword_raw__abs_return__M6_only__p0.05_ic0.03,val,
DXY,banking,7,0.000542,-0.00105,0.090841,True,True,True,keyword_raw__abs_return__M6_only__p0.05_ic0.03,val,
DXY,banking,14,0.416893,0.000381,0.0449,True,False,True,keyword_raw__abs_return__M6_only__p0.05_ic0.03,val,
DXY,banking,30,0.969707,-2.7e-05,0.062227,True,False,True,keyword_raw__abs_return__M6_only__p0.05_ic0.03,val,
DXY,gold,14,0.319443,-0.000244,0.088412,True,False,True,keyword_raw__abs_return__M6_only__p0.05_ic0.03,val,
DXY,gold,30,0.141397,-0.000429,0.040736,True,False,True,keyword_raw__abs_return__M6_only__p0.05_ic0.03,val,
BRENT,oil,14,0.41665,0.000908,0.087645,True,False,True,keyword_raw__abs_return__M6_only__p0.05_ic0.03,val,
BRENT,oil,30,0.116005,0.00349,0.0938,True,False,True,keyword_raw__abs_return__M6_only__p0.05_ic0.03,val,
BRENT,rate,14,0.603076,-0.000737,0.03228,True,False,True,keyword_raw__abs_return__M6_only__p0.05_ic0.03,val,
BRENT,ruble,14,0.950148,-6e-05,0.051745,True,False,True,keyword_raw__abs_return__M6_only__p0.05_ic0.03,val,
BRENT,sanctions,7,0.006498,-0.002581,0.041613,True,True,True,keyword_raw__abs_return__M6_only__p0.05_ic0.03,val,
BRENT,inflation,30,0.30099,0.002,0.065464,True,False,True,keyword_raw__abs_return__M6_only__p0.05_ic0.03,val,
MSCI_INDIA,oil,7,0.584889,0.000231,0.056627,True,False,True,keyword_raw__abs_return__M6_only__p0.05_ic0.03,val,
MSCI_INDIA,rate,7,0.350764,0.000526,0.083379,True,False,True,keyword_raw__abs_return__M6_only__p0.05_ic0.03,val,
MSCI_INDIA,rate,30,0.865882,0.000365,0.173759,True,False,True,keyword_raw__abs_return__M6_only__p0.05_ic0.03,val,
MSCI_INDIA,sanctions,1,0.151816,0.000593,0.111827,True,False,True,keyword_raw__abs_return__M6_only__p0.05_ic0.03,val,
MSCI_INDIA,inflation,1,0.010646,0.000744,0.050566,True,True,True,keyword_raw__abs_return__M6_only__p0.05_ic0.03,val,
MSCI_INDIA,inflation,30,0.818494,0.000248,0.044307,True,False,True,keyword_raw__abs_return__M6_only__p0.05_ic0.03,val,
MSCI_INDIA,banking,1,0.063139,0.000505,0.048575,True,False,True,keyword_raw__abs_return__M6_only__p0.05_ic0.03,val,
MSCI_INDIA,banking,7,0.066687,0.001497,0.033,True,False,True,keyword_raw__abs_return__M6_only__p0.05_ic0.03,val,
MSCI_INDIA,banking,30,0.75594,0.000642,0.072235,True,False,True,keyword_raw__abs_return__M6_only__p0.05_ic0.03,val,
MSCI_INDIA,gold,1,0.034189,0.000662,0.081192,True,True,True,keyword_raw__abs_return__M6_only__p0.05_ic0.03,val,
CHINA_H_SHARES,rate,1,0.159373,-0.000859,0.05146,True,False,True,keyword_raw__abs_return__M6_only__p0.05_ic0.03,val,
CHINA_H_SHARES,rate,7,0.941622,0.0001,0.050397,True,False,True,keyword_raw__abs_return__M6_only__p0.05_ic0.03,val,
CHINA_H_SHARES,rate,14,0.828821,0.000367,0.090051,True,False,True,keyword_raw__abs_return__M6_only__p0.05_ic0.03,val,
CHINA_H_SHARES,ruble,1,0.50458,-0.000752,0.072695,True,False,True,keyword_raw__abs_return__M6_only__p0.05_ic0.03,val,
CHINA_H_SHARES,ruble,30,0.709793,0.00028,0.07454,True,False,True,keyword_raw__abs_return__M6_only__p0.05_ic0.03,val,
CHINA_H_SHARES,sanctions,1,0.637618,-0.000398,0.046305,True,False,True,keyword_raw__abs_return__M6_only__p0.05_ic0.03,val,
CHINA_H_SHARES,sanctions,14,0.953622,8.5e-05,0.06268,True,False,True,keyword_raw__abs_return__M6_only__p0.05_ic0.03,val,
CHINA_H_SHARES,sanctions,30,0.323369,-0.001411,0.097726,True,False,True,keyword_raw__abs_return__M6_only__p0.05_ic0.03,val,
CHINA_H_SHARES,banking,14,0.255808,0.002325,0.057485,True,False,True,keyword_raw__abs_return__M6_only__p0.05_ic0.03,val,
CHINA_H_SHARES,gold,14,0.235035,0.001408,0.095098,True,False,True,keyword_raw__abs_return__M6_only__p0.05_ic0.03,val,
FTSE_CHINA_50,oil,1,0.635581,-0.000202,0.075799,True,False,True,keyword_raw__abs_return__M6_only__p0.05_ic0.03,val,
FTSE_CHINA_50,oil,7,0.362355,0.001205,0.035126,True,False,True,keyword_raw__abs_return__M6_only__p0.05_ic0.03,val,
FTSE_CHINA_50,rate,1,0.810193,-0.00014,0.071463,True,False,True,keyword_raw__abs_return__M6_only__p0.05_ic0.03,val,
FTSE_CHINA_50,rate,7,0.60666,-0.000699,0.094625,True,False,True,keyword_raw__abs_return__M6_only__p0.05_ic0.03,val,
FTSE_CHINA_50,rate,14,0.241947,0.002039,0.046064,True,False,True,keyword_raw__abs_return__M6_only__p0.05_ic0.03,val,
FTSE_CHINA_50,ruble,30,0.6739,0.000282,0.052153,True,False,True,keyword_raw__abs_return__M6_only__p0.05_ic0.03,val,
FTSE_CHINA_50,sanctions,30,0.925786,-0.000121,0.071988,True,False,True,keyword_raw__abs_return__M6_only__p0.05_ic0.03,val,
FTSE_CHINA_50,inflation,1,0.933409,-4.7e-05,0.034453,True,False,True,keyword_raw__abs_return__M6_only__p0.05_ic0.03,val,
FTSE_CHINA_50,inflation,7,0.649417,-0.000507,0.045763,True,False,True,keyword_raw__abs_return__M6_only__p0.05_ic0.03,val,
FTSE_CHINA_50,gold,7,0.048713,0.001966,0.038085,True,True,True,keyword_raw__abs_return__M6_only__p0.05_ic0.03,val,
FTSE_CHINA_50,gold,14,0.091869,0.001993,0.052615,True,False,True,keyword_raw__abs_return__M6_only__p0.05_ic0.03,val,
FTSE_CHINA_50,gold,30,0.557346,-0.000696,0.07364,True,False,True,keyword_raw__abs_return__M6_only__p0.05_ic0.03,val,
GOLD,oil,1,0.52327,0.000215,0.085057,True,False,True,keyword_raw__abs_return__M6_only__p0.05_ic0.03,val,
GOLD,oil,30,0.04934,-0.007061,0.0743,True,True,True,keyword_raw__abs_return__M6_only__p0.05_ic0.03,val,
GOLD,ruble,7,0.281899,-0.000828,0.064987,True,False,True,keyword_raw__abs_return__M6_only__p0.05_ic0.03,val,
GOLD,ruble,14,0.924755,8e-05,0.05001,True,False,True,keyword_raw__abs_return__M6_only__p0.05_ic0.03,val,
GOLD,ruble,30,0.471823,0.000232,0.05313,True,False,True,keyword_raw__abs_return__M6_only__p0.05_ic0.03,val,
GOLD,sanctions,1,0.842109,0.000115,0.058095,True,False,True,keyword_raw__abs_return__M6_only__p0.05_ic0.03,val,
GOLD,sanctions,7,0.115293,-0.001187,0.090909,True,False,True,keyword_raw__abs_return__M6_only__p0.05_ic0.03,val,
GOLD,inflation,1,0.638523,0.000208,0.061617,True,False,True,keyword_raw__abs_return__M6_only__p0.05_ic0.03,val,
GOLD,inflation,30,0.22148,0.002697,0.076338,True,False,True,keyword_raw__abs_return__M6_only__p0.05_ic0.03,val,
GOLD,banking,1,0.79457,-0.00011,0.061039,True,False,True,keyword_raw__abs_return__M6_only__p0.05_ic0.03,val,
GOLD,banking,7,0.518295,0.000748,0.041378,True,False,True,keyword_raw__abs_return__M6_only__p0.05_ic0.03,val,
GOLD,banking,14,0.492073,-0.001241,0.05035,True,False,True,keyword_raw__abs_return__M6_only__p0.05_ic0.03,val,
SILVER,rate,14,0.903359,0.000294,0.118838,True,False,True,keyword_raw__abs_return__M6_only__p0.05_ic0.03,val,
SILVER,rate,30,0.961963,-0.000377,0.039599,True,False,True,keyword_raw__abs_return__M6_only__p0.05_ic0.03,val,
SILVER,ruble,14,0.815482,-0.000371,0.033827,True,False,True,keyword_raw__abs_return__M6_only__p0.05_ic0.03,val,
SILVER,ruble,30,0.664288,0.000301,0.036654,True,False,True,keyword_raw__abs_return__M6_only__p0.05_ic0.03,val,
SILVER,sanctions,7,0.027204,-0.003343,0.069248,True,True,True,keyword_raw__abs_return__M6_only__p0.05_ic0.03,val,
SILVER,inflation,1,0.616819,-0.000427,0.084218,True,False,True,keyword_raw__abs_return__M6_only__p0.05_ic0.03,val,
SILVER,inflation,14,0.684462,-0.000773,0.057711,True,False,True,keyword_raw__abs_return__M6_only__p0.05_ic0.03,val,
SILVER,banking,1,0.267065,-0.000909,0.057896,True,False,True,keyword_raw__abs_return__M6_only__p0.05_ic0.03,val,
SILVER,banking,30,0.10497,-0.013769,0.037309,True,False,True,keyword_raw__abs_return__M6_only__p0.05_ic0.03,val,
SILVER,gold,1,0.615447,-0.000433,0.062769,True,False,True,keyword_raw__abs_return__M6_only__p0.05_ic0.03,val,
SILVER,gold,14,0.31245,0.001663,0.047592,True,False,True,keyword_raw__abs_return__M6_only__p0.05_ic0.03,val,
IMOEX,oil,14,0.429792,-0.000711,0.03257,True,False,True,keyword_raw__abs_return__M6_only__p0.05_ic0.03,val,
IMOEX,rate,14,0.653601,0.000675,0.061648,True,False,True,keyword_raw__abs_return__M6_only__p0.05_ic0.03,val,
IMOEX,rate,30,0.408151,0.003511,0.046755,True,False,True,keyword_raw__abs_return__M6_only__p0.05_ic0.03,val,
IMOEX,ruble,1,0.331172,-0.000756,0.066143,True,False,True,keyword_raw__abs_return__M6_only__p0.05_ic0.03,val,
IMOEX,ruble,7,0.084209,0.001278,0.073202,True,False,True,keyword_raw__abs_return__M6_only__p0.05_ic0.03,val,
IMOEX,ruble,30,0.850713,-7.6e-05,0.122805,True,False,True,keyword_raw__abs_return__M6_only__p0.05_ic0.03,val,
IMOEX,sanctions,14,0.719939,-0.000354,0.089118,True,False,True,keyword_raw__abs_return__M6_only__p0.05_ic0.03,val,
IMOEX,inflation,1,0.757456,-0.00013,0.048173,True,False,True,keyword_raw__abs_return__M6_only__p0.05_ic0.03,val,
IMOEX,inflation,7,0.085959,0.001143,0.072032,True,False,True,keyword_raw__abs_return__M6_only__p0.05_ic0.03,val,
IMOEX,banking,30,0.966107,-0.000179,0.043831,True,False,True,keyword_raw__abs_return__M6_only__p0.05_ic0.03,val,
IMOEX,gold,1,0.980648,-1.1e-05,0.040698,True,False,True,keyword_raw__abs_return__M6_only__p0.05_ic0.03,val,
MOEXFN,ruble,1,0.532907,-0.00054,0.046553,True,False,True,keyword_raw__abs_return__M6_only__p0.05_ic0.03,val,
MOEXFN,ruble,7,0.278153,0.000894,0.052375,True,False,True,keyword_raw__abs_return__M6_only__p0.05_ic0.03,val,
MOEXFN,ruble,30,0.688911,-0.000164,0.108679,True,False,True,keyword_raw__abs_return__M6_only__p0.05_ic0.03,val,
MOEXFN,sanctions,7,0.992228,-9e-06,0.063764,True,False,True,keyword_raw__abs_return__M6_only__p0.05_ic0.03,val,
MOEXFN,sanctions,14,0.467841,-0.000809,0.078477,True,False,True,keyword_raw__abs_return__M6_only__p0.05_ic0.03,val,
MOEXFN,sanctions,30,0.171318,-0.001591,0.079285,True,False,True,keyword_raw__abs_return__M6_only__p0.05_ic0.03,val,
MOEXFN,inflation,1,0.905036,-5.5e-05,0.081834,True,False,True,keyword_raw__abs_return__M6_only__p0.05_ic0.03,val,
MOEXFN,banking,1,0.686761,-0.000174,0.047073,True,False,True,keyword_raw__abs_return__M6_only__p0.05_ic0.03,val,
MOEXFN,banking,7,0.612123,0.000604,0.052887,True,False,True,keyword_raw__abs_return__M6_only__p0.05_ic0.03,val,
MOEXOG,oil,14,0.222586,-0.001127,0.03404,True,False,True,keyword_raw__abs_return__M6_only__p0.05_ic0.03,val,
MOEXOG,oil,30,0.268606,-0.002339,0.066251,True,False,True,keyword_raw__abs_return__M6_only__p0.05_ic0.03,val,
MOEXOG,rate,1,0.877405,-6.8e-05,0.04229,True,False,True,keyword_raw__abs_return__M6_only__p0.05_ic0.03,val,
MOEXOG,rate,14,0.838717,0.000306,0.063796,True,False,True,keyword_raw__abs_return__M6_only__p0.05_ic0.03,val,
MOEXOG,ruble,1,0.499693,-0.000543,0.050521,True,False,True,keyword_raw__abs_return__M6_only__p0.05_ic0.03,val,
MOEXOG,ruble,7,0.062284,0.001422,0.079129,True,False,True,keyword_raw__abs_return__M6_only__p0.05_ic0.03,val,
MOEXOG,ruble,30,0.904486,5.3e-05,0.074964,True,False,True,keyword_raw__abs_return__M6_only__p0.05_ic0.03,val,
MOEXOG,sanctions,7,0.698447,0.00031,0.053374,True,False,True,keyword_raw__abs_return__M6_only__p0.05_ic0.03,val,
MOEXOG,sanctions,14,0.587777,-0.000543,0.10243,True,False,True,keyword_raw__abs_return__M6_only__p0.05_ic0.03,val,
MOEXOG,sanctions,30,0.183739,-0.001287,0.050991,True,False,True,keyword_raw__abs_return__M6_only__p0.05_ic0.03,val,
MOEXOG,inflation,7,0.041851,0.001382,0.084521,True,True,True,keyword_raw__abs_return__M6_only__p0.05_ic0.03,val,
MOEXOG,banking,1,0.840103,-8.1e-05,0.088706,True,False,True,keyword_raw__abs_return__M6_only__p0.05_ic0.03,val,
MOEXOG,banking,7,0.674922,0.000438,0.13958,True,False,True,keyword_raw__abs_return__M6_only__p0.05_ic0.03,val,
MOEXOG,gold,1,0.813133,0.000108,0.033552,True,False,True,keyword_raw__abs_return__M6_only__p0.05_ic0.03,val,
MOEXOG,gold,30,0.747481,0.000275,0.094797,True,False,True,keyword_raw__abs_return__M6_only__p0.05_ic0.03,val,
MOEX10,oil,14,0.373117,-0.000926,0.064687,True,False,True,keyword_raw__abs_return__M6_only__p0.05_ic0.03,val,
MOEX10,oil,30,0.363787,-0.002106,0.052109,True,False,True,keyword_raw__abs_return__M6_only__p0.05_ic0.03,val,
MOEX10,rate,1,0.628508,-0.000239,0.032952,True,False,True,keyword_raw__abs_return__M6_only__p0.05_ic0.03,val,
MOEX10,rate,30,0.285625,0.005208,0.058724,True,False,True,keyword_raw__abs_return__M6_only__p0.05_ic0.03,val,
MOEX10,ruble,1,0.330584,-0.000881,0.055895,True,False,True,keyword_raw__abs_return__M6_only__p0.05_ic0.03,val,
MOEX10,ruble,7,0.118565,0.001346,0.081915,True,False,True,keyword_raw__abs_return__M6_only__p0.05_ic0.03,val,
MOEX10,ruble,14,0.866854,-0.000158,0.071805,True,False,True,keyword_raw__abs_return__M6_only__p0.05_ic0.03,val,
MOEX10,ruble,30,0.859875,-8.9e-05,0.05417,True,False,True,keyword_raw__abs_return__M6_only__p0.05_ic0.03,val,
MOEX10,sanctions,14,0.803666,-0.000285,0.087868,True,False,True,keyword_raw__abs_return__M6_only__p0.05_ic0.03,val,
MOEX10,inflation,1,0.735189,-0.000165,0.042045,True,False,True,keyword_raw__abs_return__M6_only__p0.05_ic0.03,val,
MOEX10,inflation,7,0.087557,0.001321,0.069977,True,False,True,keyword_raw__abs_return__M6_only__p0.05_ic0.03,val,
MOEX10,banking,1,0.572251,-0.000256,0.030985,True,False,True,keyword_raw__abs_return__M6_only__p0.05_ic0.03,val,
SP500,oil,1,0.662653,-0.000201,0.053872,True,False,True,keyword_raw__vol_5d__M6_only__p0.05_ic0.03,train,
SP500,oil,7,0.517128,-0.000262,0.036254,True,False,True,keyword_raw__vol_5d__M6_only__p0.05_ic0.03,train,
SP500,rate,14,0.528677,0.000226,0.03006,True,False,True,keyword_raw__vol_5d__M6_only__p0.05_ic0.03,train,
SP500,rate,30,0.934799,-4.4e-05,0.031378,True,False,True,keyword_raw__vol_5d__M6_only__p0.05_ic0.03,train,
SP500,ruble,7,0.910762,-5.6e-05,0.047408,True,False,True,keyword_raw__vol_5d__M6_only__p0.05_ic0.03,train,
SP500,ruble,30,0.076173,-0.001069,0.041347,True,False,True,keyword_raw__vol_5d__M6_only__p0.05_ic0.03,train,
SP500,inflation,14,0.59475,0.000194,0.065512,True,False,True,keyword_raw__vol_5d__M6_only__p0.05_ic0.03,train,
SP500,banking,7,0.370129,-0.000342,0.053611,True,False,True,keyword_raw__vol_5d__M6_only__p0.05_ic0.03,train,
SP500,gold,7,0.852431,-8.4e-05,0.09417,True,False,True,keyword_raw__vol_5d__M6_only__p0.05_ic0.03,train,
USD_RUB,oil,1,0.415133,0.00086,0.061381,True,False,True,keyword_raw__vol_5d__M6_only__p0.05_ic0.03,train,
USD_RUB,oil,14,0.624089,0.000584,0.041734,True,False,True,keyword_raw__vol_5d__M6_only__p0.05_ic0.03,train,
USD_RUB,oil,30,0.162642,0.001852,0.069768,True,False,True,keyword_raw__vol_5d__M6_only__p0.05_ic0.03,train,
USD_RUB,rate,1,0.752745,0.000186,0.095006,True,False,True,keyword_raw__vol_5d__M6_only__p0.05_ic0.03,train,
USD_RUB,rate,7,0.810121,0.000203,0.039383,True,False,True,keyword_raw__vol_5d__M6_only__p0.05_ic0.03,train,
USD_RUB,rate,14,0.754178,0.000334,0.037805,True,False,True,keyword_raw__vol_5d__M6_only__p0.05_ic0.03,train,
USD_RUB,rate,30,0.997102,-5e-06,0.047934,True,False,True,keyword_raw__vol_5d__M6_only__p0.05_ic0.03,train,
USD_RUB,ruble,1,0.764592,0.000379,0.04423,True,False,True,keyword_raw__vol_5d__M6_only__p0.05_ic0.03,train,
USD_RUB,ruble,7,0.488441,0.000896,0.048318,True,False,True,keyword_raw__vol_5d__M6_only__p0.05_ic0.03,train,
USD_RUB,ruble,14,0.967569,-5.4e-05,0.118316,True,False,True,keyword_raw__vol_5d__M6_only__p0.05_ic0.03,train,
USD_RUB,sanctions,1,0.077713,0.001614,0.134829,True,False,True,keyword_raw__vol_5d__M6_only__p0.05_ic0.03,train,
USD_RUB,sanctions,7,0.977451,-2.8e-05,0.031252,True,False,True,keyword_raw__vol_5d__M6_only__p0.05_ic0.03,train,
USD_RUB,sanctions,14,0.152658,-0.001714,0.074295,True,False,True,keyword_raw__vol_5d__M6_only__p0.05_ic0.03,train,
USD_RUB,sanctions,30,0.634892,-0.000598,0.072629,True,False,True,keyword_raw__vol_5d__M6_only__p0.05_ic0.03,train,
USD_RUB,inflation,1,0.879772,0.00011,0.035137,True,False,True,keyword_raw__vol_5d__M6_only__p0.05_ic0.03,train,
USD_RUB,inflation,7,0.9352,7.6e-05,0.037075,True,False,True,keyword_raw__vol_5d__M6_only__p0.05_ic0.03,train,
USD_RUB,inflation,14,0.542178,0.000691,0.033775,True,False,True,keyword_raw__vol_5d__M6_only__p0.05_ic0.03,train,
USD_RUB,banking,14,0.815778,0.000254,0.064515,True,False,True,keyword_raw__vol_5d__M6_only__p0.05_ic0.03,train,
USD_RUB,banking,30,0.678954,0.000579,0.079218,True,False,True,keyword_raw__vol_5d__M6_only__p0.05_ic0.03,train,
USD_RUB,gold,14,0.965262,5.4e-05,0.030675,True,False,True,keyword_raw__vol_5d__M6_only__p0.05_ic0.03,train,
EUR_RUB,oil,1,0.415133,0.00086,0.061381,True,False,True,keyword_raw__vol_5d__M6_only__p0.05_ic0.03,train,
EUR_RUB,oil,14,0.624089,0.000584,0.041734,True,False,True,keyword_raw__vol_5d__M6_only__p0.05_ic0.03,train,
EUR_RUB,oil,30,0.162642,0.001852,0.069768,True,False,True,keyword_raw__vol_5d__M6_only__p0.05_ic0.03,train,
EUR_RUB,rate,1,0.752745,0.000186,0.095006,True,False,True,keyword_raw__vol_5d__M6_only__p0.05_ic0.03,train,
EUR_RUB,rate,7,0.810121,0.000203,0.039383,True,False,True,keyword_raw__vol_5d__M6_only__p0.05_ic0.03,train,
EUR_RUB,rate,14,0.754178,0.000334,0.037805,True,False,True,keyword_raw__vol_5d__M6_only__p0.05_ic0.03,train,
EUR_RUB,rate,30,0.997102,-5e-06,0.047934,True,False,True,keyword_raw__vol_5d__M6_only__p0.05_ic0.03,train,
EUR_RUB,ruble,1,0.764592,0.000379,0.04423,True,False,True,keyword_raw__vol_5d__M6_only__p0.05_ic0.03,train,
EUR_RUB,ruble,7,0.488441,0.000896,0.048318,True,False,True,keyword_raw__vol_5d__M6_only__p0.05_ic0.03,train,
EUR_RUB,ruble,14,0.967569,-5.4e-05,0.118316,True,False,True,keyword_raw__vol_5d__M6_only__p0.05_ic0.03,train,
EUR_RUB,sanctions,1,0.077713,0.001614,0.134829,True,False,True,keyword_raw__vol_5d__M6_only__p0.05_ic0.03,train,
EUR_RUB,sanctions,7,0.977451,-2.8e-05,0.031252,True,False,True,keyword_raw__vol_5d__M6_only__p0.05_ic0.03,train,
EUR_RUB,sanctions,14,0.152658,-0.001714,0.074295,True,False,True,keyword_raw__vol_5d__M6_only__p0.05_ic0.03,train,
EUR_RUB,sanctions,30,0.634892,-0.000598,0.072629,True,False,True,keyword_raw__vol_5d__M6_only__p0.05_ic0.03,train,
EUR_RUB,inflation,1,0.879772,0.00011,0.035137,True,False,True,keyword_raw__vol_5d__M6_only__p0.05_ic0.03,train,
EUR_RUB,inflation,7,0.9352,7.6e-05,0.037075,True,False,True,keyword_raw__vol_5d__M6_only__p0.05_ic0.03,train,
EUR_RUB,inflation,14,0.542178,0.000691,0.033775,True,False,True,keyword_raw__vol_5d__M6_only__p0.05_ic0.03,train,
EUR_RUB,banking,14,0.815778,0.000254,0.064515,True,False,True,keyword_raw__vol_5d__M6_only__p0.05_ic0.03,train,
EUR_RUB,banking,30,0.678954,0.000579,0.079218,True,False,True,keyword_raw__vol_5d__M6_only__p0.05_ic0.03,train,
EUR_RUB,gold,14,0.965262,5.4e-05,0.030675,True,False,True,keyword_raw__vol_5d__M6_only__p0.05_ic0.03,train,
DJ_SOUTH_AFRICA,oil,7,0.469521,-0.000352,0.044366,True,False,True,keyword_raw__vol_5d__M6_only__p0.05_ic0.03,train,
DJ_SOUTH_AFRICA,rate,30,0.525856,-0.000409,0.038598,True,False,True,keyword_raw__vol_5d__M6_only__p0.05_ic0.03,train,
DJ_SOUTH_AFRICA,ruble,14,0.846896,0.000107,0.070634,True,False,True,keyword_raw__vol_5d__M6_only__p0.05_ic0.03,train,
DJ_SOUTH_AFRICA,ruble,30,0.411249,-0.00053,0.03314,True,False,True,keyword_raw__vol_5d__M6_only__p0.05_ic0.03,train,
DJ_SOUTH_AFRICA,sanctions,1,0.777909,0.000106,0.125549,True,False,True,keyword_raw__vol_5d__M6_only__p0.05_ic0.03,train,
DJ_SOUTH_AFRICA,sanctions,7,0.49843,0.00027,0.047629,True,False,True,keyword_raw__vol_5d__M6_only__p0.05_ic0.03,train,
DJ_SOUTH_AFRICA,sanctions,14,0.016709,0.001097,0.038281,True,True,True,keyword_raw__vol_5d__M6_only__p0.05_ic0.03,train,
DJ_SOUTH_AFRICA,sanctions,30,0.132528,-0.000803,0.051112,True,False,True,keyword_raw__vol_5d__M6_only__p0.05_ic0.03,train,
DJ_SOUTH_AFRICA,inflation,1,0.442601,-0.00023,0.045735,True,False,True,keyword_raw__vol_5d__M6_only__p0.05_ic0.03,train,
DJ_SOUTH_AFRICA,inflation,14,0.885816,-7.3e-05,0.049795,True,False,True,keyword_raw__vol_5d__M6_only__p0.05_ic0.03,train,
DJ_SOUTH_AFRICA,inflation,30,0.917826,-6.7e-05,0.077213,True,False,True,keyword_raw__vol_5d__M6_only__p0.05_ic0.03,train,
DJ_SOUTH_AFRICA,banking,1,0.877464,-5.5e-05,0.061231,True,False,True,keyword_raw__vol_5d__M6_only__p0.05_ic0.03,train,
DJ_SOUTH_AFRICA,banking,7,0.918654,4.5e-05,0.109166,True,False,True,keyword_raw__vol_5d__M6_only__p0.05_ic0.03,train,
DJ_SOUTH_AFRICA,banking,14,0.773403,-0.000136,0.085671,True,False,True,keyword_raw__vol_5d__M6_only__p0.05_ic0.03,train,
DJ_SOUTH_AFRICA,banking,30,0.545942,0.000358,0.086725,True,False,True,keyword_raw__vol_5d__M6_only__p0.05_ic0.03,train,
DJ_SOUTH_AFRICA,gold,1,0.963799,2e-05,0.0482,True,False,True,keyword_raw__vol_5d__M6_only__p0.05_ic0.03,train,
DJ_SOUTH_AFRICA,gold,7,0.015972,-0.001177,0.037981,True,True,True,keyword_raw__vol_5d__M6_only__p0.05_ic0.03,train,
DJ_SOUTH_AFRICA,gold,14,0.179196,-0.000737,0.062601,True,False,True,keyword_raw__vol_5d__M6_only__p0.05_ic0.03,train,
DJ_SOUTH_AFRICA,gold,30,0.863195,0.000102,0.069643,True,False,True,keyword_raw__vol_5d__M6_only__p0.05_ic0.03,train,
MSCI_WORLD,oil,14,0.758271,-0.000151,0.079041,True,False,True,keyword_raw__vol_5d__M6_only__p0.05_ic0.03,train,
MSCI_WORLD,oil,30,0.54651,-0.000334,0.038784,True,False,True,keyword_raw__vol_5d__M6_only__p0.05_ic0.03,train,
MSCI_WORLD,rate,1,0.829646,-5.1e-05,0.08508,True,False,True,keyword_raw__vol_5d__M6_only__p0.05_ic0.03,train,
MSCI_WORLD,rate,7,0.457895,-0.000253,0.043848,True,False,True,keyword_raw__vol_5d__M6_only__p0.05_ic0.03,train,
MSCI_WORLD,rate,14,0.753367,0.000132,0.044358,True,False,True,keyword_raw__vol_5d__M6_only__p0.05_ic0.03,train,
MSCI_WORLD,rate,30,0.423852,-0.000467,0.114601,True,False,True,keyword_raw__vol_5d__M6_only__p0.05_ic0.03,train,
MSCI_WORLD,ruble,1,0.80533,-0.000125,0.042983,True,False,True,keyword_raw__vol_5d__M6_only__p0.05_ic0.03,train,
MSCI_WORLD,sanctions,1,0.927942,3.3e-05,0.037515,True,False,True,keyword_raw__vol_5d__M6_only__p0.05_ic0.03,train,
MSCI_WORLD,sanctions,14,0.023643,0.00097,0.058422,True,True,True,keyword_raw__vol_5d__M6_only__p0.05_ic0.03,train,
MSCI_WORLD,sanctions,30,0.137131,-0.000764,0.038065,True,False,True,keyword_raw__vol_5d__M6_only__p0.05_ic0.03,train,
MSCI_WORLD,inflation,1,0.929298,-2.6e-05,0.034008,True,False,True,keyword_raw__vol_5d__M6_only__p0.05_ic0.03,train,
MSCI_WORLD,inflation,7,0.81393,-9.1e-05,0.051645,True,False,True,keyword_raw__vol_5d__M6_only__p0.05_ic0.03,train,
MSCI_WORLD,banking,1,0.60491,0.000178,0.03528,True,False,True,keyword_raw__vol_5d__M6_only__p0.05_ic0.03,train,
MSCI_WORLD,banking,7,0.279523,0.000431,0.043244,True,False,True,keyword_raw__vol_5d__M6_only__p0.05_ic0.03,train,
MSCI_WORLD,banking,14,0.594226,0.00023,0.032701,True,False,True,keyword_raw__vol_5d__M6_only__p0.05_ic0.03,train,
MSCI_WORLD,banking,30,0.721394,0.000195,0.071036,True,False,True,keyword_raw__vol_5d__M6_only__p0.05_ic0.03,train,
MSCI_WORLD,gold,14,0.936273,-4.1e-05,0.081085,True,False,True,keyword_raw__vol_5d__M6_only__p0.05_ic0.03,train,
DXY,oil,1,0.993826,-2e-06,0.054546,True,False,True,keyword_raw__vol_5d__M6_only__p0.05_ic0.03,train,
DXY,oil,7,0.455858,0.000167,0.040117,True,False,True,keyword_raw__vol_5d__M6_only__p0.05_ic0.03,train,
DXY,oil,14,0.990711,3e-06,0.040753,True,False,True,keyword_raw__vol_5d__M6_only__p0.05_ic0.03,train,
DXY,rate,1,0.640711,5.2e-05,0.100184,True,False,True,keyword_raw__vol_5d__M6_only__p0.05_ic0.03,train,
DXY,rate,7,0.892232,2.4e-05,0.050703,True,False,True,keyword_raw__vol_5d__M6_only__p0.05_ic0.03,train,
DXY,rate,30,0.610944,0.000145,0.035782,True,False,True,keyword_raw__vol_5d__M6_only__p0.05_ic0.03,train,
DXY,ruble,30,0.712455,0.000119,0.033615,True,False,True,keyword_raw__vol_5d__M6_only__p0.05_ic0.03,train,
DXY,sanctions,7,0.677561,-7.8e-05,0.033442,True,False,True,keyword_raw__vol_5d__M6_only__p0.05_ic0.03,train,
DXY,sanctions,14,0.261129,-0.000233,0.032392,True,False,True,keyword_raw__vol_5d__M6_only__p0.05_ic0.03,train,
DXY,banking,7,0.963658,9e-06,0.031162,True,False,True,keyword_raw__vol_5d__M6_only__p0.05_ic0.03,train,
DXY,banking,14,0.753653,6.8e-05,0.045932,True,False,True,keyword_raw__vol_5d__M6_only__p0.05_ic0.03,train,
DXY,banking,30,0.803035,7.1e-05,0.040069,True,False,True,keyword_raw__vol_5d__M6_only__p0.05_ic0.03,train,
DXY,gold,7,0.182688,0.000302,0.060135,True,False,True,keyword_raw__vol_5d__M6_only__p0.05_ic0.03,train,
DXY,gold,14,0.644281,0.000117,0.073131,True,False,True,keyword_raw__vol_5d__M6_only__p0.05_ic0.03,train,
DXY,gold,30,0.840356,-5.6e-05,0.060786,True,False,True,keyword_raw__vol_5d__M6_only__p0.05_ic0.03,train,
BRENT,oil,7,0.980693,-2.6e-05,0.050438,True,False,True,keyword_raw__vol_5d__M6_only__p0.05_ic0.03,train,
BRENT,oil,14,0.869098,-0.000199,0.056058,True,False,True,keyword_raw__vol_5d__M6_only__p0.05_ic0.03,train,
BRENT,oil,30,0.855372,0.000242,0.073206,True,False,True,keyword_raw__vol_5d__M6_only__p0.05_ic0.03,train,
BRENT,rate,7,0.961212,-4.2e-05,0.073412,True,False,True,keyword_raw__vol_5d__M6_only__p0.05_ic0.03,train,
BRENT,rate,14,0.918352,0.000108,0.072712,True,False,True,keyword_raw__vol_5d__M6_only__p0.05_ic0.03,train,
BRENT,ruble,7,0.181132,-0.001625,0.07216,True,False,True,keyword_raw__vol_5d__M6_only__p0.05_ic0.03,train,
BRENT,ruble,14,0.636846,-0.000593,0.053585,True,False,True,keyword_raw__vol_5d__M6_only__p0.05_ic0.03,train,
BRENT,ruble,30,0.497601,0.001017,0.047836,True,False,True,keyword_raw__vol_5d__M6_only__p0.05_ic0.03,train,
BRENT,sanctions,1,0.888254,-0.000118,0.038918,True,False,True,keyword_raw__vol_5d__M6_only__p0.05_ic0.03,train,
BRENT,sanctions,7,0.034367,-0.00195,0.122236,True,True,True,keyword_raw__vol_5d__M6_only__p0.05_ic0.03,train,
BRENT,sanctions,14,0.604681,0.000541,0.066886,True,False,True,keyword_raw__vol_5d__M6_only__p0.05_ic0.03,train,
BRENT,sanctions,30,0.784428,0.000323,0.051715,True,False,True,keyword_raw__vol_5d__M6_only__p0.05_ic0.03,train,
BRENT,inflation,7,0.664684,-0.000418,0.052189,True,False,True,keyword_raw__vol_5d__M6_only__p0.05_ic0.03,train,
BRENT,inflation,30,0.739268,-0.0005,0.040665,True,False,True,keyword_raw__vol_5d__M6_only__p0.05_ic0.03,train,
BRENT,banking,30,0.384947,0.00121,0.03186,True,False,True,keyword_raw__vol_5d__M6_only__p0.05_ic0.03,train,
BRENT,gold,1,0.444825,0.000753,0.03549,True,False,True,keyword_raw__vol_5d__M6_only__p0.05_ic0.03,train,
BRENT,gold,30,0.664599,0.000572,0.037462,True,False,True,keyword_raw__vol_5d__M6_only__p0.05_ic0.03,train,
MSCI_INDIA,oil,1,0.876168,-6.3e-05,0.084739,True,False,True,keyword_raw__vol_5d__M6_only__p0.05_ic0.03,train,
MSCI_INDIA,oil,7,0.65872,0.000191,0.03764,True,False,True,keyword_raw__vol_5d__M6_only__p0.05_ic0.03,train,
MSCI_INDIA,oil,14,0.913772,5e-05,0.057574,True,False,True,keyword_raw__vol_5d__M6_only__p0.05_ic0.03,train,
MSCI_INDIA,rate,7,0.48475,0.00024,0.031131,True,False,True,keyword_raw__vol_5d__M6_only__p0.05_ic0.03,train,
MSCI_INDIA,rate,30,0.660313,0.000204,0.042964,True,False,True,keyword_raw__vol_5d__M6_only__p0.05_ic0.03,train,
MSCI_INDIA,ruble,30,0.673999,-0.000171,0.045782,True,False,True,keyword_raw__vol_5d__M6_only__p0.05_ic0.03,train,
MSCI_INDIA,sanctions,1,0.858516,-6.2e-05,0.120096,True,False,True,keyword_raw__vol_5d__M6_only__p0.05_ic0.03,train,
MSCI_INDIA,sanctions,14,0.038119,0.000872,0.076009,True,True,True,keyword_raw__vol_5d__M6_only__p0.05_ic0.03,train,
MSCI_INDIA,inflation,1,0.917327,-2.9e-05,0.135408,True,False,True,keyword_raw__vol_5d__M6_only__p0.05_ic0.03,train,
MSCI_INDIA,inflation,30,0.782196,0.000114,0.05364,True,False,True,keyword_raw__vol_5d__M6_only__p0.05_ic0.03,train,
MSCI_INDIA,banking,1,0.512455,0.000217,0.08059,True,False,True,keyword_raw__vol_5d__M6_only__p0.05_ic0.03,train,
MSCI_INDIA,banking,7,0.584799,0.000217,0.110009,True,False,True,keyword_raw__vol_5d__M6_only__p0.05_ic0.03,train,
MSCI_INDIA,banking,30,0.587618,0.000195,0.05195,True,False,True,keyword_raw__vol_5d__M6_only__p0.05_ic0.03,train,
MSCI_INDIA,gold,1,0.92231,-4e-05,0.031565,True,False,True,keyword_raw__vol_5d__M6_only__p0.05_ic0.03,train,
MSCI_INDIA,gold,30,0.841086,7.3e-05,0.084926,True,False,True,keyword_raw__vol_5d__M6_only__p0.05_ic0.03,train,
CHINA_H_SHARES,oil,1,0.425231,-0.000665,0.034283,True,False,True,keyword_raw__vol_5d__M6_only__p0.05_ic0.03,train,
CHINA_H_SHARES,oil,7,0.283623,-0.001009,0.06206,True,False,True,keyword_raw__vol_5d__M6_only__p0.05_ic0.03,train,
CHINA_H_SHARES,oil,14,0.744738,-0.000327,0.05456,True,False,True,keyword_raw__vol_5d__M6_only__p0.05_ic0.03,train,
CHINA_H_SHARES,rate,1,0.417117,0.000365,0.059182,True,False,True,keyword_raw__vol_5d__M6_only__p0.05_ic0.03,train,
CHINA_H_SHARES,rate,7,0.873766,0.00012,0.041588,True,False,True,keyword_raw__vol_5d__M6_only__p0.05_ic0.03,train,
CHINA_H_SHARES,rate,14,0.258428,-0.001017,0.041496,True,False,True,keyword_raw__vol_5d__M6_only__p0.05_ic0.03,train,
CHINA_H_SHARES,ruble,1,0.837612,0.000207,0.062748,True,False,True,keyword_raw__vol_5d__M6_only__p0.05_ic0.03,train,
CHINA_H_SHARES,ruble,30,0.575147,-0.000452,0.061177,True,False,True,keyword_raw__vol_5d__M6_only__p0.05_ic0.03,train,
CHINA_H_SHARES,sanctions,1,0.126908,-0.001123,0.044409,True,False,True,keyword_raw__vol_5d__M6_only__p0.05_ic0.03,train,
CHINA_H_SHARES,sanctions,14,0.056952,0.001741,0.042686,True,False,True,keyword_raw__vol_5d__M6_only__p0.05_ic0.03,train,
CHINA_H_SHARES,sanctions,30,0.713247,-0.000287,0.042222,True,False,True,keyword_raw__vol_5d__M6_only__p0.05_ic0.03,train,
CHINA_H_SHARES,inflation,1,0.501387,0.000375,0.063028,True,False,True,keyword_raw__vol_5d__M6_only__p0.05_ic0.03,train,
CHINA_H_SHARES,inflation,7,0.584184,-0.00045,0.032594,True,False,True,keyword_raw__vol_5d__M6_only__p0.05_ic0.03,train,
CHINA_H_SHARES,banking,14,0.163103,-0.001281,0.042529,True,False,True,keyword_raw__vol_5d__M6_only__p0.05_ic0.03,train,
CHINA_H_SHARES,banking,30,0.428064,0.000603,0.033365,True,False,True,keyword_raw__vol_5d__M6_only__p0.05_ic0.03,train,
CHINA_H_SHARES,gold,1,0.71824,0.000308,0.066865,True,False,True,keyword_raw__vol_5d__M6_only__p0.05_ic0.03,train,
CHINA_H_SHARES,gold,14,0.995626,-6e-06,0.052461,True,False,True,keyword_raw__vol_5d__M6_only__p0.05_ic0.03,train,
FTSE_CHINA_50,oil,1,0.458398,-0.000658,0.052934,True,False,True,keyword_raw__vol_5d__M6_only__p0.05_ic0.03,train,
FTSE_CHINA_50,oil,7,0.243988,-0.001159,0.069519,True,False,True,keyword_raw__vol_5d__M6_only__p0.05_ic0.03,train,
FTSE_CHINA_50,oil,14,0.712409,-0.000392,0.047338,True,False,True,keyword_raw__vol_5d__M6_only__p0.05_ic0.03,train,
FTSE_CHINA_50,rate,1,0.514813,0.000314,0.064895,True,False,True,keyword_raw__vol_5d__M6_only__p0.05_ic0.03,train,
FTSE_CHINA_50,rate,7,0.991297,9e-06,0.036325,True,False,True,keyword_raw__vol_5d__M6_only__p0.05_ic0.03,train,
FTSE_CHINA_50,rate,14,0.268693,-0.001045,0.047853,True,False,True,keyword_raw__vol_5d__M6_only__p0.05_ic0.03,train,
FTSE_CHINA_50,ruble,1,0.990094,1.3e-05,0.0409,True,False,True,keyword_raw__vol_5d__M6_only__p0.05_ic0.03,train,
FTSE_CHINA_50,ruble,30,0.387984,-0.000756,0.081699,True,False,True,keyword_raw__vol_5d__M6_only__p0.05_ic0.03,train,
FTSE_CHINA_50,sanctions,14,0.089672,0.001653,0.044486,True,False,True,keyword_raw__vol_5d__M6_only__p0.05_ic0.03,train,
FTSE_CHINA_50,sanctions,30,0.418706,-0.000686,0.044015,True,False,True,keyword_raw__vol_5d__M6_only__p0.05_ic0.03,train,
FTSE_CHINA_50,inflation,1,0.646966,0.000272,0.042842,True,False,True,keyword_raw__vol_5d__M6_only__p0.05_ic0.03,train,
FTSE_CHINA_50,inflation,7,0.390501,-0.000742,0.033966,True,False,True,keyword_raw__vol_5d__M6_only__p0.05_ic0.03,train,
FTSE_CHINA_50,inflation,30,0.698582,0.000351,0.049633,True,False,True,keyword_raw__vol_5d__M6_only__p0.05_ic0.03,train,
FTSE_CHINA_50,banking,1,0.643041,0.000337,0.036256,True,False,True,keyword_raw__vol_5d__M6_only__p0.05_ic0.03,train,
FTSE_CHINA_50,banking,14,0.117928,-0.001521,0.035956,True,False,True,keyword_raw__vol_5d__M6_only__p0.05_ic0.03,train,
FTSE_CHINA_50,gold,1,0.665003,0.000394,0.03357,True,False,True,keyword_raw__vol_5d__M6_only__p0.05_ic0.03,train,
FTSE_CHINA_50,gold,7,0.174092,-0.001365,0.043179,True,False,True,keyword_raw__vol_5d__M6_only__p0.05_ic0.03,train,
FTSE_CHINA_50,gold,14,0.978703,3e-05,0.041186,True,False,True,keyword_raw__vol_5d__M6_only__p0.05_ic0.03,train,
FTSE_CHINA_50,gold,30,0.398388,0.000729,0.055001,True,False,True,keyword_raw__vol_5d__M6_only__p0.05_ic0.03,train,
GOLD,oil,1,0.953168,-2.7e-05,0.032584,True,False,True,keyword_raw__vol_5d__M6_only__p0.05_ic0.03,train,
GOLD,oil,30,0.36876,-0.00026,0.093218,True,False,True,keyword_raw__vol_5d__M6_only__p0.05_ic0.03,train,
GOLD,ruble,1,0.715266,0.000192,0.079781,True,False,True,keyword_raw__vol_5d__M6_only__p0.05_ic0.03,train,
GOLD,ruble,7,0.645555,-0.000252,0.12627,True,False,True,keyword_raw__vol_5d__M6_only__p0.05_ic0.03,train,
GOLD,ruble,14,0.485954,-0.00039,0.061238,True,False,True,keyword_raw__vol_5d__M6_only__p0.05_ic0.03,train,
GOLD,ruble,30,0.734645,9.7e-05,0.060255,True,False,True,keyword_raw__vol_5d__M6_only__p0.05_ic0.03,train,
GOLD,sanctions,1,0.974356,1.2e-05,0.056229,True,False,True,keyword_raw__vol_5d__M6_only__p0.05_ic0.03,train,
GOLD,sanctions,7,0.57846,-0.000238,0.042431,True,False,True,keyword_raw__vol_5d__M6_only__p0.05_ic0.03,train,
GOLD,sanctions,30,0.044846,-0.000628,0.060316,True,True,True,keyword_raw__vol_5d__M6_only__p0.05_ic0.03,train,
GOLD,inflation,1,0.07257,-0.000535,0.047939,True,False,True,keyword_raw__vol_5d__M6_only__p0.05_ic0.03,train,
GOLD,inflation,30,0.384617,-0.000351,0.075029,True,False,True,keyword_raw__vol_5d__M6_only__p0.05_ic0.03,train,
GOLD,banking,1,0.210952,-0.000456,0.044324,True,False,True,keyword_raw__vol_5d__M6_only__p0.05_ic0.03,train,
GOLD,banking,7,0.610188,0.000231,0.077365,True,False,True,keyword_raw__vol_5d__M6_only__p0.05_ic0.03,train,
GOLD,banking,14,0.479435,-0.000339,0.034278,True,False,True,keyword_raw__vol_5d__M6_only__p0.05_ic0.03,train,
GOLD,gold,7,0.728572,-0.000177,0.090188,True,False,True,keyword_raw__vol_5d__M6_only__p0.05_ic0.03,train,
GOLD,gold,14,0.240347,-0.000677,0.08452,True,False,True,keyword_raw__vol_5d__M6_only__p0.05_ic0.03,train,
GOLD,gold,30,0.767415,-8.6e-05,0.030987,True,False,True,keyword_raw__vol_5d__M6_only__p0.05_ic0.03,train,
SILVER,oil,1,0.55831,0.000547,0.063676,True,False,True,keyword_raw__vol_5d__M6_only__p0.05_ic0.03,train,
SILVER,oil,7,0.71339,-0.000368,0.042799,True,False,True,keyword_raw__vol_5d__M6_only__p0.05_ic0.03,train,
SILVER,oil,30,0.934833,-5.4e-05,0.044032,True,False,True,keyword_raw__vol_5d__M6_only__p0.05_ic0.03,train,
SILVER,rate,7,0.517163,-0.000517,0.074358,True,False,True,keyword_raw__vol_5d__M6_only__p0.05_ic0.03,train,
SILVER,rate,14,0.541689,0.000614,0.039189,True,False,True,keyword_raw__vol_5d__M6_only__p0.05_ic0.03,train,
SILVER,rate,30,0.20666,-0.001299,0.043008,True,False,True,keyword_raw__vol_5d__M6_only__p0.05_ic0.03,train,
SILVER,ruble,14,0.754126,-0.000354,0.050427,True,False,True,keyword_raw__vol_5d__M6_only__p0.05_ic0.03,train,
SILVER,ruble,30,0.501546,0.000346,0.091302,True,False,True,keyword_raw__vol_5d__M6_only__p0.05_ic0.03,train,
SILVER,sanctions,7,0.773394,-0.000243,0.043753,True,False,True,keyword_raw__vol_5d__M6_only__p0.05_ic0.03,train,
SILVER,sanctions,14,0.251999,0.001018,0.036186,True,False,True,keyword_raw__vol_5d__M6_only__p0.05_ic0.03,train,
SILVER,sanctions,30,0.28978,-0.000708,0.098664,True,False,True,keyword_raw__vol_5d__M6_only__p0.05_ic0.03,train,
SILVER,inflation,1,0.456345,-0.000529,0.102295,True,False,True,keyword_raw__vol_5d__M6_only__p0.05_ic0.03,train,
SILVER,inflation,14,0.555965,0.000622,0.037762,True,False,True,keyword_raw__vol_5d__M6_only__p0.05_ic0.03,train,
SILVER,banking,1,0.859666,0.000139,0.106865,True,False,True,keyword_raw__vol_5d__M6_only__p0.05_ic0.03,train,
SILVER,banking,7,0.79582,0.000232,0.10342,True,False,True,keyword_raw__vol_5d__M6_only__p0.05_ic0.03,train,
SILVER,banking,14,0.703337,-0.000376,0.043328,True,False,True,keyword_raw__vol_5d__M6_only__p0.05_ic0.03,train,
SILVER,banking,30,0.496066,-0.000535,0.056497,True,False,True,keyword_raw__vol_5d__M6_only__p0.05_ic0.03,train,
SILVER,gold,1,0.501519,0.000658,0.070856,True,False,True,keyword_raw__vol_5d__M6_only__p0.05_ic0.03,train,
SILVER,gold,14,0.939729,8.8e-05,0.036239,True,False,True,keyword_raw__vol_5d__M6_only__p0.05_ic0.03,train,
IMOEX,oil,7,0.365599,0.001142,0.098238,True,False,True,keyword_raw__vol_5d__M6_only__p0.05_ic0.03,train,
IMOEX,oil,14,0.607596,0.000697,0.047283,True,False,True,keyword_raw__vol_5d__M6_only__p0.05_ic0.03,train,
IMOEX,rate,1,0.195409,0.000845,0.064383,True,False,True,keyword_raw__vol_5d__M6_only__p0.05_ic0.03,train,
IMOEX,rate,14,0.249976,-0.001447,0.053915,True,False,True,keyword_raw__vol_5d__M6_only__p0.05_ic0.03,train,
IMOEX,rate,30,0.706738,-0.000361,0.114224,True,False,True,keyword_raw__vol_5d__M6_only__p0.05_ic0.03,train,
IMOEX,ruble,1,0.679831,0.000561,0.063838,True,False,True,keyword_raw__vol_5d__M6_only__p0.05_ic0.03,train,
IMOEX,ruble,7,0.341631,0.001337,0.042569,True,False,True,keyword_raw__vol_5d__M6_only__p0.05_ic0.03,train,
IMOEX,ruble,30,0.890509,-0.000132,0.069717,True,False,True,keyword_raw__vol_5d__M6_only__p0.05_ic0.03,train,
IMOEX,sanctions,14,0.947172,8.8e-05,0.055909,True,False,True,keyword_raw__vol_5d__M6_only__p0.05_ic0.03,train,
IMOEX,inflation,1,0.167921,0.001096,0.046667,True,False,True,keyword_raw__vol_5d__M6_only__p0.05_ic0.03,train,
IMOEX,inflation,7,0.587703,-0.000614,0.063356,True,False,True,keyword_raw__vol_5d__M6_only__p0.05_ic0.03,train,
IMOEX,inflation,30,0.580321,0.000533,0.100805,True,False,True,keyword_raw__vol_5d__M6_only__p0.05_ic0.03,train,
IMOEX,banking,1,0.225265,0.001112,0.112895,True,False,True,keyword_raw__vol_5d__M6_only__p0.05_ic0.03,train,
IMOEX,banking,30,0.624705,0.000456,0.071883,True,False,True,keyword_raw__vol_5d__M6_only__p0.05_ic0.03,train,
IMOEX,gold,1,0.188102,0.001503,0.033012,True,False,True,keyword_raw__vol_5d__M6_only__p0.05_ic0.03,train,
IMOEX,gold,7,0.844076,-0.00025,0.045686,True,False,True,keyword_raw__vol_5d__M6_only__p0.05_ic0.03,train,
MOEXFN,oil,7,0.382295,0.00121,0.055549,True,False,True,keyword_raw__vol_5d__M6_only__p0.05_ic0.03,train,
MOEXFN,rate,1,0.112769,0.001104,0.057193,True,False,True,keyword_raw__vol_5d__M6_only__p0.05_ic0.03,train,
MOEXFN,rate,30,0.934689,9.4e-05,0.09556,True,False,True,keyword_raw__vol_5d__M6_only__p0.05_ic0.03,train,
MOEXFN,ruble,1,0.325592,0.001473,0.075027,True,False,True,keyword_raw__vol_5d__M6_only__p0.05_ic0.03,train,
MOEXFN,ruble,7,0.675782,0.000638,0.036044,True,False,True,keyword_raw__vol_5d__M6_only__p0.05_ic0.03,train,
MOEXFN,ruble,30,0.689448,0.000389,0.050449,True,False,True,keyword_raw__vol_5d__M6_only__p0.05_ic0.03,train,
MOEXFN,sanctions,7,0.775324,0.000402,0.059416,True,False,True,keyword_raw__vol_5d__M6_only__p0.05_ic0.03,train,
MOEXFN,sanctions,14,0.925483,0.000135,0.056064,True,False,True,keyword_raw__vol_5d__M6_only__p0.05_ic0.03,train,
MOEXFN,sanctions,30,0.346086,-0.000789,0.086667,True,False,True,keyword_raw__vol_5d__M6_only__p0.05_ic0.03,train,
MOEXFN,inflation,1,0.091793,0.001453,0.050888,True,False,True,keyword_raw__vol_5d__M6_only__p0.05_ic0.03,train,
MOEXFN,banking,1,0.191106,0.001307,0.09018,True,False,True,keyword_raw__vol_5d__M6_only__p0.05_ic0.03,train,
MOEXFN,banking,7,0.354573,0.001159,0.035718,True,False,True,keyword_raw__vol_5d__M6_only__p0.05_ic0.03,train,
MOEXFN,banking,30,0.246366,0.001169,0.114327,True,False,True,keyword_raw__vol_5d__M6_only__p0.05_ic0.03,train,
MOEXFN,gold,7,0.691018,-0.000548,0.044372,True,False,True,keyword_raw__vol_5d__M6_only__p0.05_ic0.03,train,
MOEXOG,oil,7,0.435134,0.001014,0.120136,True,False,True,keyword_raw__vol_5d__M6_only__p0.05_ic0.03,train,
MOEXOG,oil,14,0.505478,0.000933,0.042967,True,False,True,keyword_raw__vol_5d__M6_only__p0.05_ic0.03,train,
MOEXOG,oil,30,0.619859,-0.00039,0.067849,True,False,True,keyword_raw__vol_5d__M6_only__p0.05_ic0.03,train,
MOEXOG,rate,1,0.124023,0.001048,0.044653,True,False,True,keyword_raw__vol_5d__M6_only__p0.05_ic0.03,train,
MOEXOG,rate,14,0.299158,-0.001297,0.030748,True,False,True,keyword_raw__vol_5d__M6_only__p0.05_ic0.03,train,
MOEXOG,rate,30,0.99739,3e-06,0.101716,True,False,True,keyword_raw__vol_5d__M6_only__p0.05_ic0.03,train,
MOEXOG,ruble,1,0.749572,0.000434,0.083997,True,False,True,keyword_raw__vol_5d__M6_only__p0.05_ic0.03,train,
MOEXOG,ruble,7,0.430255,0.001103,0.063885,True,False,True,keyword_raw__vol_5d__M6_only__p0.05_ic0.03,train,
MOEXOG,ruble,30,0.410353,0.000701,0.103018,True,False,True,keyword_raw__vol_5d__M6_only__p0.05_ic0.03,train,
MOEXOG,sanctions,7,0.14077,-0.001905,0.044538,True,False,True,keyword_raw__vol_5d__M6_only__p0.05_ic0.03,train,
MOEXOG,sanctions,14,0.930269,0.000116,0.047221,True,False,True,keyword_raw__vol_5d__M6_only__p0.05_ic0.03,train,
MOEXOG,sanctions,30,0.992423,7e-06,0.03285,True,False,True,keyword_raw__vol_5d__M6_only__p0.05_ic0.03,train,
MOEXOG,inflation,7,0.497428,-0.000786,0.059395,True,False,True,keyword_raw__vol_5d__M6_only__p0.05_ic0.03,train,
MOEXOG,inflation,30,0.169467,0.001329,0.114689,True,False,True,keyword_raw__vol_5d__M6_only__p0.05_ic0.03,train,
MOEXOG,banking,1,0.129475,0.001412,0.157788,True,False,True,keyword_raw__vol_5d__M6_only__p0.05_ic0.03,train,
MOEXOG,banking,7,0.26202,0.001357,0.07372,True,False,True,keyword_raw__vol_5d__M6_only__p0.05_ic0.03,train,
MOEXOG,banking,14,0.214556,-0.001577,0.030401,True,False,True,keyword_raw__vol_5d__M6_only__p0.05_ic0.03,train,
MOEXOG,banking,30,0.127939,0.001342,0.034251,True,False,True,keyword_raw__vol_5d__M6_only__p0.05_ic0.03,train,
MOEXOG,gold,1,0.110293,0.001834,0.053587,True,False,True,keyword_raw__vol_5d__M6_only__p0.05_ic0.03,train,
MOEXOG,gold,30,0.755145,-0.00024,0.059512,True,False,True,keyword_raw__vol_5d__M6_only__p0.05_ic0.03,train,
MOEX10,oil,7,0.397026,0.001025,0.066893,True,False,True,keyword_raw__vol_5d__M6_only__p0.05_ic0.03,train,
MOEX10,oil,14,0.890697,0.00018,0.043668,True,False,True,keyword_raw__vol_5d__M6_only__p0.05_ic0.03,train,
MOEX10,oil,30,0.468805,-0.000553,0.040183,True,False,True,keyword_raw__vol_5d__M6_only__p0.05_ic0.03,train,
MOEX10,rate,1,0.191776,0.000827,0.064173,True,False,True,keyword_raw__vol_5d__M6_only__p0.05_ic0.03,train,
MOEX10,rate,14,0.328802,-0.001148,0.040086,True,False,True,keyword_raw__vol_5d__M6_only__p0.05_ic0.03,train,
MOEX10,rate,30,0.422703,-0.000754,0.164444,True,False,True,keyword_raw__vol_5d__M6_only__p0.05_ic0.03,train,
MOEX10,ruble,1,0.784207,0.000353,0.0666,True,False,True,keyword_raw__vol_5d__M6_only__p0.05_ic0.03,train,
MOEX10,ruble,7,0.568921,0.000752,0.03655,True,False,True,keyword_raw__vol_5d__M6_only__p0.05_ic0.03,train,
MOEX10,ruble,14,0.496867,0.000922,0.056799,True,False,True,keyword_raw__vol_5d__M6_only__p0.05_ic0.03,train,
MOEX10,ruble,30,0.512947,0.000548,0.047329,True,False,True,keyword_raw__vol_5d__M6_only__p0.05_ic0.03,train,
MOEX10,sanctions,14,0.857759,0.000224,0.036755,True,False,True,keyword_raw__vol_5d__M6_only__p0.05_ic0.03,train,
MOEX10,inflation,1,0.163416,0.001067,0.064379,True,False,True,keyword_raw__vol_5d__M6_only__p0.05_ic0.03,train,
MOEX10,inflation,7,0.623648,-0.000526,0.031802,True,False,True,keyword_raw__vol_5d__M6_only__p0.05_ic0.03,train,
MOEX10,banking,1,0.292599,0.000923,0.075404,True,False,True,keyword_raw__vol_5d__M6_only__p0.05_ic0.03,train,
MOEX10,banking,30,0.257863,0.000947,0.106204,True,False,True,keyword_raw__vol_5d__M6_only__p0.05_ic0.03,train,
SP500,oil,1,0.114234,-0.000561,0.055004,True,False,True,keyword_raw__vol_5d__M6_only__p0.05_ic0.03,val,
SP500,oil,7,0.017957,-0.000826,0.056638,True,True,True,keyword_raw__vol_5d__M6_only__p0.05_ic0.03,val,
SP500,rate,30,0.070186,-0.002312,0.061125,True,False,True,keyword_raw__vol_5d__M6_only__p0.05_ic0.03,val,
SP500,ruble,7,0.602474,0.000294,0.065698,True,False,True,keyword_raw__vol_5d__M6_only__p0.05_ic0.03,val,
SP500,inflation,14,0.069969,-0.001233,0.107186,True,False,True,keyword_raw__vol_5d__M6_only__p0.05_ic0.03,val,
SP500,banking,7,0.001948,-0.001363,0.082651,True,True,True,keyword_raw__vol_5d__M6_only__p0.05_ic0.03,val,
SP500,gold,7,3.8e-05,-0.002043,0.040801,True,True,True,keyword_raw__vol_5d__M6_only__p0.05_ic0.03,val,
USD_RUB,oil,1,0.677978,-0.000139,0.108217,True,False,True,keyword_raw__vol_5d__M6_only__p0.05_ic0.03,val,
USD_RUB,oil,30,0.224526,0.002331,0.114003,True,False,True,keyword_raw__vol_5d__M6_only__p0.05_ic0.03,val,
USD_RUB,rate,1,0.755919,-0.000121,0.063546,True,False,True,keyword_raw__vol_5d__M6_only__p0.05_ic0.03,val,
USD_RUB,rate,14,0.782209,-0.000398,0.129749,True,False,True,keyword_raw__vol_5d__M6_only__p0.05_ic0.03,val,
USD_RUB,rate,30,0.561739,-0.00183,0.057687,True,False,True,keyword_raw__vol_5d__M6_only__p0.05_ic0.03,val,
USD_RUB,ruble,1,0.424729,-0.000576,0.070449,True,False,True,keyword_raw__vol_5d__M6_only__p0.05_ic0.03,val,
USD_RUB,ruble,7,0.840305,-0.000154,0.075409,True,False,True,keyword_raw__vol_5d__M6_only__p0.05_ic0.03,val,
USD_RUB,ruble,14,0.967306,-3e-05,0.118617,True,False,True,keyword_raw__vol_5d__M6_only__p0.05_ic0.03,val,
USD_RUB,sanctions,7,0.63418,0.000354,0.079628,True,False,True,keyword_raw__vol_5d__M6_only__p0.05_ic0.03,val,
USD_RUB,sanctions,14,0.427421,-0.000704,0.107739,True,False,True,keyword_raw__vol_5d__M6_only__p0.05_ic0.03,val,
USD_RUB,sanctions,30,0.677379,0.000427,0.08938,True,False,True,keyword_raw__vol_5d__M6_only__p0.05_ic0.03,val,
USD_RUB,inflation,7,0.340796,-0.000618,0.070654,True,False,True,keyword_raw__vol_5d__M6_only__p0.05_ic0.03,val,
EUR_RUB,oil,1,0.677978,-0.000139,0.108217,True,False,True,keyword_raw__vol_5d__M6_only__p0.05_ic0.03,val,
EUR_RUB,oil,30,0.224526,0.002331,0.114003,True,False,True,keyword_raw__vol_5d__M6_only__p0.05_ic0.03,val,
EUR_RUB,rate,1,0.755919,-0.000121,0.063546,True,False,True,keyword_raw__vol_5d__M6_only__p0.05_ic0.03,val,
EUR_RUB,rate,14,0.782209,-0.000398,0.129749,True,False,True,keyword_raw__vol_5d__M6_only__p0.05_ic0.03,val,
EUR_RUB,rate,30,0.561739,-0.00183,0.057687,True,False,True,keyword_raw__vol_5d__M6_only__p0.05_ic0.03,val,
EUR_RUB,ruble,1,0.424729,-0.000576,0.070449,True,False,True,keyword_raw__vol_5d__M6_only__p0.05_ic0.03,val,
EUR_RUB,ruble,7,0.840305,-0.000154,0.075409,True,False,True,keyword_raw__vol_5d__M6_only__p0.05_ic0.03,val,
EUR_RUB,ruble,14,0.967306,-3e-05,0.118617,True,False,True,keyword_raw__vol_5d__M6_only__p0.05_ic0.03,val,
EUR_RUB,sanctions,7,0.63418,0.000354,0.079628,True,False,True,keyword_raw__vol_5d__M6_only__p0.05_ic0.03,val,
EUR_RUB,sanctions,14,0.427421,-0.000704,0.107739,True,False,True,keyword_raw__vol_5d__M6_only__p0.05_ic0.03,val,
EUR_RUB,sanctions,30,0.677379,0.000427,0.08938,True,False,True,keyword_raw__vol_5d__M6_only__p0.05_ic0.03,val,
EUR_RUB,inflation,7,0.340796,-0.000618,0.070654,True,False,True,keyword_raw__vol_5d__M6_only__p0.05_ic0.03,val,
DJ_SOUTH_AFRICA,sanctions,1,0.478114,0.00029,0.045734,True,False,True,keyword_raw__vol_5d__M6_only__p0.05_ic0.03,val,
DJ_SOUTH_AFRICA,sanctions,7,0.842871,0.000111,0.056645,True,False,True,keyword_raw__vol_5d__M6_only__p0.05_ic0.03,val,
DJ_SOUTH_AFRICA,sanctions,14,0.532122,0.000407,0.041983,True,False,True,keyword_raw__vol_5d__M6_only__p0.05_ic0.03,val,
DJ_SOUTH_AFRICA,sanctions,30,0.146806,-0.001026,0.042268,True,False,True,keyword_raw__vol_5d__M6_only__p0.05_ic0.03,val,
DJ_SOUTH_AFRICA,inflation,30,0.005184,0.00327,0.035842,True,True,True,keyword_raw__vol_5d__M6_only__p0.05_ic0.03,val,
DJ_SOUTH_AFRICA,banking,1,0.833236,-5.7e-05,0.085136,True,False,True,keyword_raw__vol_5d__M6_only__p0.05_ic0.03,val,
DJ_SOUTH_AFRICA,banking,7,0.694933,0.000301,0.044304,True,False,True,keyword_raw__vol_5d__M6_only__p0.05_ic0.03,val,
DJ_SOUTH_AFRICA,banking,30,0.820764,0.000571,0.035633,True,False,True,keyword_raw__vol_5d__M6_only__p0.05_ic0.03,val,
DJ_SOUTH_AFRICA,gold,1,0.430046,0.000242,0.055534,True,False,True,keyword_raw__vol_5d__M6_only__p0.05_ic0.03,val,
DJ_SOUTH_AFRICA,gold,7,0.713561,-0.000168,0.055129,True,False,True,keyword_raw__vol_5d__M6_only__p0.05_ic0.03,val,
DJ_SOUTH_AFRICA,gold,14,0.609405,-0.000272,0.063712,True,False,True,keyword_raw__vol_5d__M6_only__p0.05_ic0.03,val,
DJ_SOUTH_AFRICA,gold,30,0.563827,0.000349,0.107268,True,False,True,keyword_raw__vol_5d__M6_only__p0.05_ic0.03,val,
MSCI_WORLD,oil,14,0.450856,0.000396,0.064879,True,False,True,keyword_raw__vol_5d__M6_only__p0.05_ic0.03,val,
MSCI_WORLD,oil,30,0.000835,0.004498,0.034757,True,True,True,keyword_raw__vol_5d__M6_only__p0.05_ic0.03,val,
MSCI_WORLD,rate,1,0.110163,0.000421,0.030253,True,False,True,keyword_raw__vol_5d__M6_only__p0.05_ic0.03,val,
MSCI_WORLD,rate,14,0.102115,0.001244,0.089626,True,False,True,keyword_raw__vol_5d__M6_only__p0.05_ic0.03,val,
MSCI_WORLD,rate,30,0.201659,0.002015,0.050627,True,False,True,keyword_raw__vol_5d__M6_only__p0.05_ic0.03,val,
MSCI_WORLD,banking,1,0.27452,0.000269,0.055631,True,False,True,keyword_raw__vol_5d__M6_only__p0.05_ic0.03,val,
MSCI_WORLD,banking,30,0.49203,-0.001608,0.034274,True,False,True,keyword_raw__vol_5d__M6_only__p0.05_ic0.03,val,
DXY,oil,14,0.204466,0.000382,0.12038,True,False,True,keyword_raw__vol_5d__M6_only__p0.05_ic0.03,val,
DXY,rate,7,0.001424,-0.000843,0.096049,True,True,True,keyword_raw__vol_5d__M6_only__p0.05_ic0.03,val,
DXY,rate,30,0.481961,0.000498,0.083211,True,False,True,keyword_raw__vol_5d__M6_only__p0.05_ic0.03,val,
DXY,ruble,30,0.925578,-1.3e-05,0.09809,True,False,True,keyword_raw__vol_5d__M6_only__p0.05_ic0.03,val,
DXY,sanctions,7,0.001747,-0.000745,0.045628,True,True,True,keyword_raw__vol_5d__M6_only__p0.05_ic0.03,val,
DXY,sanctions,14,0.00211,-0.000855,0.03083,True,True,True,keyword_raw__vol_5d__M6_only__p0.05_ic0.03,val,
DXY,banking,7,0.000542,-0.00105,0.090841,True,True,True,keyword_raw__vol_5d__M6_only__p0.05_ic0.03,val,
DXY,banking,14,0.416893,0.000381,0.0449,True,False,True,keyword_raw__vol_5d__M6_only__p0.05_ic0.03,val,
DXY,banking,30,0.969707,-2.7e-05,0.062227,True,False,True,keyword_raw__vol_5d__M6_only__p0.05_ic0.03,val,
DXY,gold,14,0.319443,-0.000244,0.088412,True,False,True,keyword_raw__vol_5d__M6_only__p0.05_ic0.03,val,
DXY,gold,30,0.141397,-0.000429,0.040736,True,False,True,keyword_raw__vol_5d__M6_only__p0.05_ic0.03,val,
BRENT,oil,14,0.41665,0.000908,0.087645,True,False,True,keyword_raw__vol_5d__M6_only__p0.05_ic0.03,val,
BRENT,oil,30,0.116005,0.00349,0.0938,True,False,True,keyword_raw__vol_5d__M6_only__p0.05_ic0.03,val,
BRENT,rate,14,0.603076,-0.000737,0.03228,True,False,True,keyword_raw__vol_5d__M6_only__p0.05_ic0.03,val,
BRENT,ruble,14,0.950148,-6e-05,0.051745,True,False,True,keyword_raw__vol_5d__M6_only__p0.05_ic0.03,val,
BRENT,sanctions,7,0.006498,-0.002581,0.041613,True,True,True,keyword_raw__vol_5d__M6_only__p0.05_ic0.03,val,
BRENT,inflation,30,0.30099,0.002,0.065464,True,False,True,keyword_raw__vol_5d__M6_only__p0.05_ic0.03,val,
MSCI_INDIA,oil,7,0.584889,0.000231,0.056627,True,False,True,keyword_raw__vol_5d__M6_only__p0.05_ic0.03,val,
MSCI_INDIA,rate,7,0.350764,0.000526,0.083379,True,False,True,keyword_raw__vol_5d__M6_only__p0.05_ic0.03,val,
MSCI_INDIA,rate,30,0.865882,0.000365,0.173759,True,False,True,keyword_raw__vol_5d__M6_only__p0.05_ic0.03,val,
MSCI_INDIA,sanctions,1,0.151816,0.000593,0.111827,True,False,True,keyword_raw__vol_5d__M6_only__p0.05_ic0.03,val,
MSCI_INDIA,inflation,1,0.010646,0.000744,0.050566,True,True,True,keyword_raw__vol_5d__M6_only__p0.05_ic0.03,val,
MSCI_INDIA,inflation,30,0.818494,0.000248,0.044307,True,False,True,keyword_raw__vol_5d__M6_only__p0.05_ic0.03,val,
MSCI_INDIA,banking,1,0.063139,0.000505,0.048575,True,False,True,keyword_raw__vol_5d__M6_only__p0.05_ic0.03,val,
MSCI_INDIA,banking,7,0.066687,0.001497,0.033,True,False,True,keyword_raw__vol_5d__M6_only__p0.05_ic0.03,val,
MSCI_INDIA,banking,30,0.75594,0.000642,0.072235,True,False,True,keyword_raw__vol_5d__M6_only__p0.05_ic0.03,val,
MSCI_INDIA,gold,1,0.034189,0.000662,0.081192,True,True,True,keyword_raw__vol_5d__M6_only__p0.05_ic0.03,val,
CHINA_H_SHARES,rate,1,0.159373,-0.000859,0.05146,True,False,True,keyword_raw__vol_5d__M6_only__p0.05_ic0.03,val,
CHINA_H_SHARES,rate,7,0.941622,0.0001,0.050397,True,False,True,keyword_raw__vol_5d__M6_only__p0.05_ic0.03,val,
CHINA_H_SHARES,rate,14,0.828821,0.000367,0.090051,True,False,True,keyword_raw__vol_5d__M6_only__p0.05_ic0.03,val,
CHINA_H_SHARES,ruble,1,0.50458,-0.000752,0.072695,True,False,True,keyword_raw__vol_5d__M6_only__p0.05_ic0.03,val,
CHINA_H_SHARES,ruble,30,0.709793,0.00028,0.07454,True,False,True,keyword_raw__vol_5d__M6_only__p0.05_ic0.03,val,
CHINA_H_SHARES,sanctions,1,0.637618,-0.000398,0.046305,True,False,True,keyword_raw__vol_5d__M6_only__p0.05_ic0.03,val,
CHINA_H_SHARES,sanctions,14,0.953622,8.5e-05,0.06268,True,False,True,keyword_raw__vol_5d__M6_only__p0.05_ic0.03,val,
CHINA_H_SHARES,sanctions,30,0.323369,-0.001411,0.097726,True,False,True,keyword_raw__vol_5d__M6_only__p0.05_ic0.03,val,
CHINA_H_SHARES,banking,14,0.255808,0.002325,0.057485,True,False,True,keyword_raw__vol_5d__M6_only__p0.05_ic0.03,val,
CHINA_H_SHARES,gold,14,0.235035,0.001408,0.095098,True,False,True,keyword_raw__vol_5d__M6_only__p0.05_ic0.03,val,
FTSE_CHINA_50,oil,1,0.635581,-0.000202,0.075799,True,False,True,keyword_raw__vol_5d__M6_only__p0.05_ic0.03,val,
FTSE_CHINA_50,oil,7,0.362355,0.001205,0.035126,True,False,True,keyword_raw__vol_5d__M6_only__p0.05_ic0.03,val,
FTSE_CHINA_50,rate,1,0.810193,-0.00014,0.071463,True,False,True,keyword_raw__vol_5d__M6_only__p0.05_ic0.03,val,
FTSE_CHINA_50,rate,7,0.60666,-0.000699,0.094625,True,False,True,keyword_raw__vol_5d__M6_only__p0.05_ic0.03,val,
FTSE_CHINA_50,rate,14,0.241947,0.002039,0.046064,True,False,True,keyword_raw__vol_5d__M6_only__p0.05_ic0.03,val,
FTSE_CHINA_50,ruble,30,0.6739,0.000282,0.052153,True,False,True,keyword_raw__vol_5d__M6_only__p0.05_ic0.03,val,
FTSE_CHINA_50,sanctions,30,0.925786,-0.000121,0.071988,True,False,True,keyword_raw__vol_5d__M6_only__p0.05_ic0.03,val,
FTSE_CHINA_50,inflation,1,0.933409,-4.7e-05,0.034453,True,False,True,keyword_raw__vol_5d__M6_only__p0.05_ic0.03,val,
FTSE_CHINA_50,inflation,7,0.649417,-0.000507,0.045763,True,False,True,keyword_raw__vol_5d__M6_only__p0.05_ic0.03,val,
FTSE_CHINA_50,gold,7,0.048713,0.001966,0.038085,True,True,True,keyword_raw__vol_5d__M6_only__p0.05_ic0.03,val,
FTSE_CHINA_50,gold,14,0.091869,0.001993,0.052615,True,False,True,keyword_raw__vol_5d__M6_only__p0.05_ic0.03,val,
FTSE_CHINA_50,gold,30,0.557346,-0.000696,0.07364,True,False,True,keyword_raw__vol_5d__M6_only__p0.05_ic0.03,val,
GOLD,oil,1,0.52327,0.000215,0.085057,True,False,True,keyword_raw__vol_5d__M6_only__p0.05_ic0.03,val,
GOLD,oil,30,0.04934,-0.007061,0.0743,True,True,True,keyword_raw__vol_5d__M6_only__p0.05_ic0.03,val,
GOLD,ruble,7,0.281899,-0.000828,0.064987,True,False,True,keyword_raw__vol_5d__M6_only__p0.05_ic0.03,val,
GOLD,ruble,14,0.924755,8e-05,0.05001,True,False,True,keyword_raw__vol_5d__M6_only__p0.05_ic0.03,val,
GOLD,ruble,30,0.471823,0.000232,0.05313,True,False,True,keyword_raw__vol_5d__M6_only__p0.05_ic0.03,val,
GOLD,sanctions,1,0.842109,0.000115,0.058095,True,False,True,keyword_raw__vol_5d__M6_only__p0.05_ic0.03,val,
GOLD,sanctions,7,0.115293,-0.001187,0.090909,True,False,True,keyword_raw__vol_5d__M6_only__p0.05_ic0.03,val,
GOLD,inflation,1,0.638523,0.000208,0.061617,True,False,True,keyword_raw__vol_5d__M6_only__p0.05_ic0.03,val,
GOLD,inflation,30,0.22148,0.002697,0.076338,True,False,True,keyword_raw__vol_5d__M6_only__p0.05_ic0.03,val,
GOLD,banking,1,0.79457,-0.00011,0.061039,True,False,True,keyword_raw__vol_5d__M6_only__p0.05_ic0.03,val,
GOLD,banking,7,0.518295,0.000748,0.041378,True,False,True,keyword_raw__vol_5d__M6_only__p0.05_ic0.03,val,
GOLD,banking,14,0.492073,-0.001241,0.05035,True,False,True,keyword_raw__vol_5d__M6_only__p0.05_ic0.03,val,
SILVER,rate,14,0.903359,0.000294,0.118838,True,False,True,keyword_raw__vol_5d__M6_only__p0.05_ic0.03,val,
SILVER,rate,30,0.961963,-0.000377,0.039599,True,False,True,keyword_raw__vol_5d__M6_only__p0.05_ic0.03,val,
SILVER,ruble,14,0.815482,-0.000371,0.033827,True,False,True,keyword_raw__vol_5d__M6_only__p0.05_ic0.03,val,
SILVER,ruble,30,0.664288,0.000301,0.036654,True,False,True,keyword_raw__vol_5d__M6_only__p0.05_ic0.03,val,
SILVER,sanctions,7,0.027204,-0.003343,0.069248,True,True,True,keyword_raw__vol_5d__M6_only__p0.05_ic0.03,val,
SILVER,inflation,1,0.616819,-0.000427,0.084218,True,False,True,keyword_raw__vol_5d__M6_only__p0.05_ic0.03,val,
SILVER,inflation,14,0.684462,-0.000773,0.057711,True,False,True,keyword_raw__vol_5d__M6_only__p0.05_ic0.03,val,
SILVER,banking,1,0.267065,-0.000909,0.057896,True,False,True,keyword_raw__vol_5d__M6_only__p0.05_ic0.03,val,
SILVER,banking,30,0.10497,-0.013769,0.037309,True,False,True,keyword_raw__vol_5d__M6_only__p0.05_ic0.03,val,
SILVER,gold,1,0.615447,-0.000433,0.062769,True,False,True,keyword_raw__vol_5d__M6_only__p0.05_ic0.03,val,
SILVER,gold,14,0.31245,0.001663,0.047592,True,False,True,keyword_raw__vol_5d__M6_only__p0.05_ic0.03,val,
IMOEX,oil,14,0.429792,-0.000711,0.03257,True,False,True,keyword_raw__vol_5d__M6_only__p0.05_ic0.03,val,
IMOEX,rate,14,0.653601,0.000675,0.061648,True,False,True,keyword_raw__vol_5d__M6_only__p0.05_ic0.03,val,
IMOEX,rate,30,0.408151,0.003511,0.046755,True,False,True,keyword_raw__vol_5d__M6_only__p0.05_ic0.03,val,
IMOEX,ruble,1,0.331172,-0.000756,0.066143,True,False,True,keyword_raw__vol_5d__M6_only__p0.05_ic0.03,val,
IMOEX,ruble,7,0.084209,0.001278,0.073202,True,False,True,keyword_raw__vol_5d__M6_only__p0.05_ic0.03,val,
IMOEX,ruble,30,0.850713,-7.6e-05,0.122805,True,False,True,keyword_raw__vol_5d__M6_only__p0.05_ic0.03,val,
IMOEX,sanctions,14,0.719939,-0.000354,0.089118,True,False,True,keyword_raw__vol_5d__M6_only__p0.05_ic0.03,val,
IMOEX,inflation,1,0.757456,-0.00013,0.048173,True,False,True,keyword_raw__vol_5d__M6_only__p0.05_ic0.03,val,
IMOEX,inflation,7,0.085959,0.001143,0.072032,True,False,True,keyword_raw__vol_5d__M6_only__p0.05_ic0.03,val,
IMOEX,banking,30,0.966107,-0.000179,0.043831,True,False,True,keyword_raw__vol_5d__M6_only__p0.05_ic0.03,val,
IMOEX,gold,1,0.980648,-1.1e-05,0.040698,True,False,True,keyword_raw__vol_5d__M6_only__p0.05_ic0.03,val,
MOEXFN,ruble,1,0.532907,-0.00054,0.046553,True,False,True,keyword_raw__vol_5d__M6_only__p0.05_ic0.03,val,
MOEXFN,ruble,7,0.278153,0.000894,0.052375,True,False,True,keyword_raw__vol_5d__M6_only__p0.05_ic0.03,val,
MOEXFN,ruble,30,0.688911,-0.000164,0.108679,True,False,True,keyword_raw__vol_5d__M6_only__p0.05_ic0.03,val,
MOEXFN,sanctions,7,0.992228,-9e-06,0.063764,True,False,True,keyword_raw__vol_5d__M6_only__p0.05_ic0.03,val,
MOEXFN,sanctions,14,0.467841,-0.000809,0.078477,True,False,True,keyword_raw__vol_5d__M6_only__p0.05_ic0.03,val,
MOEXFN,sanctions,30,0.171318,-0.001591,0.079285,True,False,True,keyword_raw__vol_5d__M6_only__p0.05_ic0.03,val,
MOEXFN,inflation,1,0.905036,-5.5e-05,0.081834,True,False,True,keyword_raw__vol_5d__M6_only__p0.05_ic0.03,val,
MOEXFN,banking,1,0.686761,-0.000174,0.047073,True,False,True,keyword_raw__vol_5d__M6_only__p0.05_ic0.03,val,
MOEXFN,banking,7,0.612123,0.000604,0.052887,True,False,True,keyword_raw__vol_5d__M6_only__p0.05_ic0.03,val,
MOEXOG,oil,14,0.222586,-0.001127,0.03404,True,False,True,keyword_raw__vol_5d__M6_only__p0.05_ic0.03,val,
MOEXOG,oil,30,0.268606,-0.002339,0.066251,True,False,True,keyword_raw__vol_5d__M6_only__p0.05_ic0.03,val,
MOEXOG,rate,1,0.877405,-6.8e-05,0.04229,True,False,True,keyword_raw__vol_5d__M6_only__p0.05_ic0.03,val,
MOEXOG,rate,14,0.838717,0.000306,0.063796,True,False,True,keyword_raw__vol_5d__M6_only__p0.05_ic0.03,val,
MOEXOG,ruble,1,0.499693,-0.000543,0.050521,True,False,True,keyword_raw__vol_5d__M6_only__p0.05_ic0.03,val,
MOEXOG,ruble,7,0.062284,0.001422,0.079129,True,False,True,keyword_raw__vol_5d__M6_only__p0.05_ic0.03,val,
MOEXOG,ruble,30,0.904486,5.3e-05,0.074964,True,False,True,keyword_raw__vol_5d__M6_only__p0.05_ic0.03,val,
MOEXOG,sanctions,7,0.698447,0.00031,0.053374,True,False,True,keyword_raw__vol_5d__M6_only__p0.05_ic0.03,val,
MOEXOG,sanctions,14,0.587777,-0.000543,0.10243,True,False,True,keyword_raw__vol_5d__M6_only__p0.05_ic0.03,val,
MOEXOG,sanctions,30,0.183739,-0.001287,0.050991,True,False,True,keyword_raw__vol_5d__M6_only__p0.05_ic0.03,val,
MOEXOG,inflation,7,0.041851,0.001382,0.084521,True,True,True,keyword_raw__vol_5d__M6_only__p0.05_ic0.03,val,
MOEXOG,banking,1,0.840103,-8.1e-05,0.088706,True,False,True,keyword_raw__vol_5d__M6_only__p0.05_ic0.03,val,
MOEXOG,banking,7,0.674922,0.000438,0.13958,True,False,True,keyword_raw__vol_5d__M6_only__p0.05_ic0.03,val,
MOEXOG,gold,1,0.813133,0.000108,0.033552,True,False,True,keyword_raw__vol_5d__M6_only__p0.05_ic0.03,val,
MOEXOG,gold,30,0.747481,0.000275,0.094797,True,False,True,keyword_raw__vol_5d__M6_only__p0.05_ic0.03,val,
MOEX10,oil,14,0.373117,-0.000926,0.064687,True,False,True,keyword_raw__vol_5d__M6_only__p0.05_ic0.03,val,
MOEX10,oil,30,0.363787,-0.002106,0.052109,True,False,True,keyword_raw__vol_5d__M6_only__p0.05_ic0.03,val,
MOEX10,rate,1,0.628508,-0.000239,0.032952,True,False,True,keyword_raw__vol_5d__M6_only__p0.05_ic0.03,val,
MOEX10,rate,30,0.285625,0.005208,0.058724,True,False,True,keyword_raw__vol_5d__M6_only__p0.05_ic0.03,val,
MOEX10,ruble,1,0.330584,-0.000881,0.055895,True,False,True,keyword_raw__vol_5d__M6_only__p0.05_ic0.03,val,
MOEX10,ruble,7,0.118565,0.001346,0.081915,True,False,True,keyword_raw__vol_5d__M6_only__p0.05_ic0.03,val,
MOEX10,ruble,14,0.866854,-0.000158,0.071805,True,False,True,keyword_raw__vol_5d__M6_only__p0.05_ic0.03,val,
MOEX10,ruble,30,0.859875,-8.9e-05,0.05417,True,False,True,keyword_raw__vol_5d__M6_only__p0.05_ic0.03,val,
MOEX10,sanctions,14,0.803666,-0.000285,0.087868,True,False,True,keyword_raw__vol_5d__M6_only__p0.05_ic0.03,val,
MOEX10,inflation,1,0.735189,-0.000165,0.042045,True,False,True,keyword_raw__vol_5d__M6_only__p0.05_ic0.03,val,
MOEX10,inflation,7,0.087557,0.001321,0.069977,True,False,True,keyword_raw__vol_5d__M6_only__p0.05_ic0.03,val,
MOEX10,banking,1,0.572251,-0.000256,0.030985,True,False,True,keyword_raw__vol_5d__M6_only__p0.05_ic0.03,val,
SP500,oil_z,7,0.674771,-0.000179,0.052677,True,False,True,keyword_z90__market_return__M6_only__p0.05_ic0.03,train,
SP500,oil_z,14,0.786231,0.000119,0.101432,True,False,True,keyword_z90__market_return__M6_only__p0.05_ic0.03,train,
SP500,rate_z,1,0.436631,-0.000385,0.050968,True,False,True,keyword_z90__market_return__M6_only__p0.05_ic0.03,train,
SP500,rate_z,7,0.858143,6.7e-05,0.054651,True,False,True,keyword_z90__market_return__M6_only__p0.05_ic0.03,train,
SP500,rate_z,14,0.937675,-3e-05,0.070988,True,False,True,keyword_z90__market_return__M6_only__p0.05_ic0.03,train,
SP500,ruble_z,1,0.633734,0.000233,0.056563,True,False,True,keyword_z90__market_return__M6_only__p0.05_ic0.03,train,
SP500,sanctions_z,1,0.442961,-0.000367,0.069769,True,False,True,keyword_z90__market_return__M6_only__p0.05_ic0.03,train,
SP500,sanctions_z,7,0.775124,-0.000137,0.07087,True,False,True,keyword_z90__market_return__M6_only__p0.05_ic0.03,train,
SP500,inflation_z,1,0.497047,-0.000335,0.0398,True,False,True,keyword_z90__market_return__M6_only__p0.05_ic0.03,train,
SP500,inflation_z,7,0.505228,-0.000242,0.084663,True,False,True,keyword_z90__market_return__M6_only__p0.05_ic0.03,train,
SP500,inflation_z,30,0.629984,-0.000222,0.072657,True,False,True,keyword_z90__market_return__M6_only__p0.05_ic0.03,train,
SP500,banking_z,1,0.858051,-8.6e-05,0.050753,True,False,True,keyword_z90__market_return__M6_only__p0.05_ic0.03,train,
SP500,banking_z,14,0.650038,0.000181,0.046217,True,False,True,keyword_z90__market_return__M6_only__p0.05_ic0.03,train,
SP500,banking_z,30,0.509045,-0.000303,0.03369,True,False,True,keyword_z90__market_return__M6_only__p0.05_ic0.03,train,
SP500,gold_z,7,0.75278,0.000148,0.0567,True,False,True,keyword_z90__market_return__M6_only__p0.05_ic0.03,train,
USD_RUB,oil_z,14,0.669243,0.00057,0.058023,True,False,True,keyword_z90__market_return__M6_only__p0.05_ic0.03,train,
USD_RUB,oil_z,30,0.468605,0.000579,0.082949,True,False,True,keyword_z90__market_return__M6_only__p0.05_ic0.03,train,
USD_RUB,rate_z,1,0.931775,0.000102,0.104792,True,False,True,keyword_z90__market_return__M6_only__p0.05_ic0.03,train,
USD_RUB,rate_z,30,0.364143,0.000751,0.082972,True,False,True,keyword_z90__market_return__M6_only__p0.05_ic0.03,train,
USD_RUB,ruble_z,1,0.113253,0.002069,0.039455,True,False,True,keyword_z90__market_return__M6_only__p0.05_ic0.03,train,
USD_RUB,ruble_z,7,0.158087,0.001895,0.047584,True,False,True,keyword_z90__market_return__M6_only__p0.05_ic0.03,train,
USD_RUB,ruble_z,14,0.981602,-3.2e-05,0.10996,True,False,True,keyword_z90__market_return__M6_only__p0.05_ic0.03,train,
USD_RUB,sanctions_z,14,0.608864,-0.000674,0.067202,True,False,True,keyword_z90__market_return__M6_only__p0.05_ic0.03,train,
USD_RUB,sanctions_z,30,0.191572,-0.001215,0.059415,True,False,True,keyword_z90__market_return__M6_only__p0.05_ic0.03,train,
EUR_RUB,oil_z,14,0.669243,0.00057,0.058023,True,False,True,keyword_z90__market_return__M6_only__p0.05_ic0.03,train,
EUR_RUB,oil_z,30,0.468605,0.000579,0.082949,True,False,True,keyword_z90__market_return__M6_only__p0.05_ic0.03,train,
EUR_RUB,rate_z,1,0.931775,0.000102,0.104792,True,False,True,keyword_z90__market_return__M6_only__p0.05_ic0.03,train,
EUR_RUB,rate_z,30,0.364143,0.000751,0.082972,True,False,True,keyword_z90__market_return__M6_only__p0.05_ic0.03,train,
EUR_RUB,ruble_z,1,0.113253,0.002069,0.039455,True,False,True,keyword_z90__market_return__M6_only__p0.05_ic0.03,train,
EUR_RUB,ruble_z,7,0.158087,0.001895,0.047584,True,False,True,keyword_z90__market_return__M6_only__p0.05_ic0.03,train,
EUR_RUB,ruble_z,14,0.981602,-3.2e-05,0.10996,True,False,True,keyword_z90__market_return__M6_only__p0.05_ic0.03,train,
EUR_RUB,sanctions_z,14,0.608864,-0.000674,0.067202,True,False,True,keyword_z90__market_return__M6_only__p0.05_ic0.03,train,
EUR_RUB,sanctions_z,30,0.191572,-0.001215,0.059415,True,False,True,keyword_z90__market_return__M6_only__p0.05_ic0.03,train,
DJ_SOUTH_AFRICA,oil_z,7,0.684355,-0.000214,0.042102,True,False,True,keyword_z90__market_return__M6_only__p0.05_ic0.03,train,
DJ_SOUTH_AFRICA,oil_z,30,0.708869,-0.000154,0.045327,True,False,True,keyword_z90__market_return__M6_only__p0.05_ic0.03,train,
DJ_SOUTH_AFRICA,ruble_z,1,0.275346,0.000578,0.032713,True,False,True,keyword_z90__market_return__M6_only__p0.05_ic0.03,train,
DJ_SOUTH_AFRICA,sanctions_z,1,0.68151,0.000202,0.045676,True,False,True,keyword_z90__market_return__M6_only__p0.05_ic0.03,train,
DJ_SOUTH_AFRICA,sanctions_z,14,0.077867,0.000932,0.091262,True,False,True,keyword_z90__market_return__M6_only__p0.05_ic0.03,train,
DJ_SOUTH_AFRICA,inflation_z,14,0.318795,-0.000519,0.095912,True,False,True,keyword_z90__market_return__M6_only__p0.05_ic0.03,train,
DJ_SOUTH_AFRICA,inflation_z,30,0.792936,0.000107,0.051146,True,False,True,keyword_z90__market_return__M6_only__p0.05_ic0.03,train,
DJ_SOUTH_AFRICA,banking_z,1,0.706646,0.000172,0.064057,True,False,True,keyword_z90__market_return__M6_only__p0.05_ic0.03,train,
DJ_SOUTH_AFRICA,banking_z,7,0.530941,0.000297,0.067246,True,False,True,keyword_z90__market_return__M6_only__p0.05_ic0.03,train,
DJ_SOUTH_AFRICA,banking_z,30,0.446176,-0.000325,0.126804,True,False,True,keyword_z90__market_return__M6_only__p0.05_ic0.03,train,
DJ_SOUTH_AFRICA,gold_z,30,0.686196,0.000163,0.031556,True,False,True,keyword_z90__market_return__M6_only__p0.05_ic0.03,train,
MSCI_WORLD,oil_z,1,0.515928,0.00033,0.047921,True,False,True,keyword_z90__market_return__M6_only__p0.05_ic0.03,train,
MSCI_WORLD,oil_z,14,0.480434,0.000372,0.042313,True,False,True,keyword_z90__market_return__M6_only__p0.05_ic0.03,train,
MSCI_WORLD,oil_z,30,0.230905,-0.000448,0.032198,True,False,True,keyword_z90__market_return__M6_only__p0.05_ic0.03,train,
MSCI_WORLD,rate_z,7,0.286998,-0.000499,0.066706,True,False,True,keyword_z90__market_return__M6_only__p0.05_ic0.03,train,
MSCI_WORLD,rate_z,14,0.691495,0.000193,0.030137,True,False,True,keyword_z90__market_return__M6_only__p0.05_ic0.03,train,
MSCI_WORLD,rate_z,30,0.838483,8.5e-05,0.03555,True,False,True,keyword_z90__market_return__M6_only__p0.05_ic0.03,train,
MSCI_WORLD,ruble_z,1,0.80801,-0.000126,0.085287,True,False,True,keyword_z90__market_return__M6_only__p0.05_ic0.03,train,
MSCI_WORLD,ruble_z,7,0.916705,-5.5e-05,0.092104,True,False,True,keyword_z90__market_return__M6_only__p0.05_ic0.03,train,
MSCI_WORLD,ruble_z,30,0.652353,-0.000161,0.047681,True,False,True,keyword_z90__market_return__M6_only__p0.05_ic0.03,train,
MSCI_WORLD,sanctions_z,7,0.930756,4.2e-05,0.032323,True,False,True,keyword_z90__market_return__M6_only__p0.05_ic0.03,train,
MSCI_WORLD,sanctions_z,14,0.013743,0.001235,0.099342,True,True,True,keyword_z90__market_return__M6_only__p0.05_ic0.03,train,
MSCI_WORLD,inflation_z,1,0.738289,0.00015,0.043565,True,False,True,keyword_z90__market_return__M6_only__p0.05_ic0.03,train,
MSCI_WORLD,inflation_z,30,0.738373,-0.000138,0.03093,True,False,True,keyword_z90__market_return__M6_only__p0.05_ic0.03,train,
MSCI_WORLD,banking_z,7,0.202331,0.000573,0.078566,True,False,True,keyword_z90__market_return__M6_only__p0.05_ic0.03,train,
MSCI_WORLD,banking_z,30,0.994176,-3e-06,0.038586,True,False,True,keyword_z90__market_return__M6_only__p0.05_ic0.03,train,
DXY,oil_z,1,0.241415,-0.000289,0.079306,True,False,True,keyword_z90__market_return__M6_only__p0.05_ic0.03,train,
DXY,oil_z,14,0.756318,-8e-05,0.045725,True,False,True,keyword_z90__market_return__M6_only__p0.05_ic0.03,train,
DXY,oil_z,30,0.98149,4e-06,0.081297,True,False,True,keyword_z90__market_return__M6_only__p0.05_ic0.03,train,
DXY,rate_z,1,0.305045,-0.000236,0.043022,True,False,True,keyword_z90__market_return__M6_only__p0.05_ic0.03,train,
DXY,rate_z,7,0.242055,0.000275,0.055069,True,False,True,keyword_z90__market_return__M6_only__p0.05_ic0.03,train,
DXY,rate_z,30,0.128375,0.000285,0.030014,True,False,True,keyword_z90__market_return__M6_only__p0.05_ic0.03,train,
DXY,ruble_z,7,0.40204,0.000217,0.0448,True,False,True,keyword_z90__market_return__M6_only__p0.05_ic0.03,train,
DXY,sanctions_z,1,0.949743,-1.5e-05,0.038298,True,False,True,keyword_z90__market_return__M6_only__p0.05_ic0.03,train,
DXY,sanctions_z,14,0.107578,-0.000397,0.037527,True,False,True,keyword_z90__market_return__M6_only__p0.05_ic0.03,train,
DXY,inflation_z,7,0.298146,0.000239,0.060182,True,False,True,keyword_z90__market_return__M6_only__p0.05_ic0.03,train,
DXY,banking_z,1,0.225986,-0.00026,0.060445,True,False,True,keyword_z90__market_return__M6_only__p0.05_ic0.03,train,
DXY,banking_z,14,0.771161,-6.9e-05,0.049611,True,False,True,keyword_z90__market_return__M6_only__p0.05_ic0.03,train,
DXY,gold_z,7,0.117868,0.000383,0.0653,True,False,True,keyword_z90__market_return__M6_only__p0.05_ic0.03,train,
DXY,gold_z,14,0.935112,-2.1e-05,0.11753,True,False,True,keyword_z90__market_return__M6_only__p0.05_ic0.03,train,
DXY,gold_z,30,0.462316,0.000139,0.031544,True,False,True,keyword_z90__market_return__M6_only__p0.05_ic0.03,train,
BRENT,oil_z,1,0.934569,9.7e-05,0.040599,True,False,True,keyword_z90__market_return__M6_only__p0.05_ic0.03,train,
BRENT,oil_z,7,0.783768,0.000328,0.032286,True,False,True,keyword_z90__market_return__M6_only__p0.05_ic0.03,train,
BRENT,oil_z,30,0.855073,0.000153,0.080005,True,False,True,keyword_z90__market_return__M6_only__p0.05_ic0.03,train,
BRENT,rate_z,7,0.681806,0.000461,0.04961,True,False,True,keyword_z90__market_return__M6_only__p0.05_ic0.03,train,
BRENT,ruble_z,1,0.251842,0.001377,0.040269,True,False,True,keyword_z90__market_return__M6_only__p0.05_ic0.03,train,
BRENT,ruble_z,30,0.415329,-0.000703,0.104186,True,False,True,keyword_z90__market_return__M6_only__p0.05_ic0.03,train,
BRENT,sanctions_z,1,0.599696,0.000587,0.031293,True,False,True,keyword_z90__market_return__M6_only__p0.05_ic0.03,train,
BRENT,sanctions_z,7,0.959951,5.8e-05,0.055322,True,False,True,keyword_z90__market_return__M6_only__p0.05_ic0.03,train,
BRENT,sanctions_z,14,0.322024,0.001208,0.04328,True,False,True,keyword_z90__market_return__M6_only__p0.05_ic0.03,train,
BRENT,sanctions_z,30,0.578772,0.000471,0.042846,True,False,True,keyword_z90__market_return__M6_only__p0.05_ic0.03,train,
BRENT,inflation_z,1,0.25473,0.00116,0.037149,True,False,True,keyword_z90__market_return__M6_only__p0.05_ic0.03,train,
BRENT,inflation_z,14,0.683728,-0.000471,0.113375,True,False,True,keyword_z90__market_return__M6_only__p0.05_ic0.03,train,
BRENT,inflation_z,30,0.695748,-0.00035,0.037294,True,False,True,keyword_z90__market_return__M6_only__p0.05_ic0.03,train,
BRENT,banking_z,1,0.733678,0.00035,0.056118,True,False,True,keyword_z90__market_return__M6_only__p0.05_ic0.03,train,
BRENT,banking_z,7,0.167223,0.001469,0.07869,True,False,True,keyword_z90__market_return__M6_only__p0.05_ic0.03,train,
BRENT,banking_z,14,0.610021,0.000575,0.037748,True,False,True,keyword_z90__market_return__M6_only__p0.05_ic0.03,train,
BRENT,gold_z,14,0.384611,-0.001107,0.042454,True,False,True,keyword_z90__market_return__M6_only__p0.05_ic0.03,train,
BRENT,gold_z,30,0.444404,0.000665,0.041405,True,False,True,keyword_z90__market_return__M6_only__p0.05_ic0.03,train,
MSCI_INDIA,rate_z,1,0.459656,-0.000333,0.037438,True,False,True,keyword_z90__market_return__M6_only__p0.05_ic0.03,train,
MSCI_INDIA,rate_z,14,0.640732,-0.000217,0.055586,True,False,True,keyword_z90__market_return__M6_only__p0.05_ic0.03,train,
MSCI_INDIA,ruble_z,1,0.740701,0.000163,0.07819,True,False,True,keyword_z90__market_return__M6_only__p0.05_ic0.03,train,
MSCI_INDIA,ruble_z,14,0.754778,-0.000155,0.044447,True,False,True,keyword_z90__market_return__M6_only__p0.05_ic0.03,train,
MSCI_INDIA,ruble_z,30,0.683962,0.000131,0.116289,True,False,True,keyword_z90__market_return__M6_only__p0.05_ic0.03,train,
MSCI_INDIA,sanctions_z,1,0.83899,-9.3e-05,0.080438,True,False,True,keyword_z90__market_return__M6_only__p0.05_ic0.03,train,
MSCI_INDIA,sanctions_z,7,0.665977,-0.000201,0.053177,True,False,True,keyword_z90__market_return__M6_only__p0.05_ic0.03,train,
MSCI_INDIA,sanctions_z,30,0.751465,0.000107,0.053727,True,False,True,keyword_z90__market_return__M6_only__p0.05_ic0.03,train,
MSCI_INDIA,inflation_z,7,0.472707,-0.000319,0.034355,True,False,True,keyword_z90__market_return__M6_only__p0.05_ic0.03,train,
MSCI_INDIA,inflation_z,30,0.776406,9.3e-05,0.048789,True,False,True,keyword_z90__market_return__M6_only__p0.05_ic0.03,train,
MSCI_INDIA,banking_z,7,0.634565,0.000209,0.066361,True,False,True,keyword_z90__market_return__M6_only__p0.05_ic0.03,train,
MSCI_INDIA,banking_z,14,0.399558,0.00038,0.075537,True,False,True,keyword_z90__market_return__M6_only__p0.05_ic0.03,train,
MSCI_INDIA,banking_z,30,0.509689,-0.000217,0.149882,True,False,True,keyword_z90__market_return__M6_only__p0.05_ic0.03,train,
MSCI_INDIA,gold_z,1,0.56369,-0.000281,0.071787,True,False,True,keyword_z90__market_return__M6_only__p0.05_ic0.03,train,
MSCI_INDIA,gold_z,7,0.681009,-0.000198,0.031829,True,False,True,keyword_z90__market_return__M6_only__p0.05_ic0.03,train,
MSCI_INDIA,gold_z,14,0.235586,0.000583,0.112587,True,False,True,keyword_z90__market_return__M6_only__p0.05_ic0.03,train,
CHINA_H_SHARES,oil_z,1,0.40783,-0.000838,0.039591,True,False,True,keyword_z90__market_return__M6_only__p0.05_ic0.03,train,
CHINA_H_SHARES,oil_z,7,0.387937,-0.000885,0.065247,True,False,True,keyword_z90__market_return__M6_only__p0.05_ic0.03,train,
CHINA_H_SHARES,oil_z,30,0.660497,-0.00032,0.079445,True,False,True,keyword_z90__market_return__M6_only__p0.05_ic0.03,train,
CHINA_H_SHARES,rate_z,1,0.077804,0.001607,0.080806,True,False,True,keyword_z90__market_return__M6_only__p0.05_ic0.03,train,
CHINA_H_SHARES,rate_z,7,0.829289,0.000209,0.083667,True,False,True,keyword_z90__market_return__M6_only__p0.05_ic0.03,train,
CHINA_H_SHARES,rate_z,14,0.742149,0.000334,0.069295,True,False,True,keyword_z90__market_return__M6_only__p0.05_ic0.03,train,
CHINA_H_SHARES,ruble_z,30,0.600669,-0.000389,0.037238,True,False,True,keyword_z90__market_return__M6_only__p0.05_ic0.03,train,
CHINA_H_SHARES,sanctions_z,1,0.432642,-0.00075,0.03518,True,False,True,keyword_z90__market_return__M6_only__p0.05_ic0.03,train,
CHINA_H_SHARES,sanctions_z,14,0.314131,0.001011,0.041394,True,False,True,keyword_z90__market_return__M6_only__p0.05_ic0.03,train,
CHINA_H_SHARES,sanctions_z,30,0.206509,-0.000992,0.088168,True,False,True,keyword_z90__market_return__M6_only__p0.05_ic0.03,train,
CHINA_H_SHARES,inflation_z,1,0.165664,0.001164,0.032919,True,False,True,keyword_z90__market_return__M6_only__p0.05_ic0.03,train,
CHINA_H_SHARES,inflation_z,30,0.370746,0.000604,0.039968,True,False,True,keyword_z90__market_return__M6_only__p0.05_ic0.03,train,
CHINA_H_SHARES,banking_z,7,0.92379,9e-05,0.051692,True,False,True,keyword_z90__market_return__M6_only__p0.05_ic0.03,train,
CHINA_H_SHARES,banking_z,30,0.952762,-4.2e-05,0.03907,True,False,True,keyword_z90__market_return__M6_only__p0.05_ic0.03,train,
CHINA_H_SHARES,gold_z,1,0.350576,0.000949,0.065495,True,False,True,keyword_z90__market_return__M6_only__p0.05_ic0.03,train,
CHINA_H_SHARES,gold_z,7,0.241788,-0.001202,0.063201,True,False,True,keyword_z90__market_return__M6_only__p0.05_ic0.03,train,
CHINA_H_SHARES,gold_z,30,0.913278,7.7e-05,0.08922,True,False,True,keyword_z90__market_return__M6_only__p0.05_ic0.03,train,
FTSE_CHINA_50,oil_z,1,0.441792,-0.000828,0.053676,True,False,True,keyword_z90__market_return__M6_only__p0.05_ic0.03,train,
FTSE_CHINA_50,oil_z,7,0.324901,-0.001071,0.037316,True,False,True,keyword_z90__market_return__M6_only__p0.05_ic0.03,train,
FTSE_CHINA_50,oil_z,14,0.815168,-0.000266,0.031556,True,False,True,keyword_z90__market_return__M6_only__p0.05_ic0.03,train,
FTSE_CHINA_50,oil_z,30,0.677564,-0.000322,0.098324,True,False,True,keyword_z90__market_return__M6_only__p0.05_ic0.03,train,
FTSE_CHINA_50,rate_z,1,0.068636,0.001765,0.093875,True,False,True,keyword_z90__market_return__M6_only__p0.05_ic0.03,train,
FTSE_CHINA_50,rate_z,7,0.992033,1e-05,0.07964,True,False,True,keyword_z90__market_return__M6_only__p0.05_ic0.03,train,
FTSE_CHINA_50,rate_z,14,0.964062,4.8e-05,0.063565,True,False,True,keyword_z90__market_return__M6_only__p0.05_ic0.03,train,
FTSE_CHINA_50,ruble_z,14,0.898351,-0.000149,0.04228,True,False,True,keyword_z90__market_return__M6_only__p0.05_ic0.03,train,
FTSE_CHINA_50,sanctions_z,1,0.468177,-0.000737,0.0388,True,False,True,keyword_z90__market_return__M6_only__p0.05_ic0.03,train,
FTSE_CHINA_50,sanctions_z,7,0.611237,-0.000527,0.056702,True,False,True,keyword_z90__market_return__M6_only__p0.05_ic0.03,train,
FTSE_CHINA_50,sanctions_z,14,0.507523,0.000702,0.046479,True,False,True,keyword_z90__market_return__M6_only__p0.05_ic0.03,train,
FTSE_CHINA_50,sanctions_z,30,0.130101,-0.001283,0.085425,True,False,True,keyword_z90__market_return__M6_only__p0.05_ic0.03,train,
FTSE_CHINA_50,inflation_z,30,0.340142,0.00068,0.037709,True,False,True,keyword_z90__market_return__M6_only__p0.05_ic0.03,train,
FTSE_CHINA_50,banking_z,7,0.999898,0.0,0.053645,True,False,True,keyword_z90__market_return__M6_only__p0.05_ic0.03,train,
FTSE_CHINA_50,banking_z,30,0.749023,0.000246,0.044321,True,False,True,keyword_z90__market_return__M6_only__p0.05_ic0.03,train,
FTSE_CHINA_50,gold_z,1,0.275252,0.001179,0.071464,True,False,True,keyword_z90__market_return__M6_only__p0.05_ic0.03,train,
FTSE_CHINA_50,gold_z,7,0.267547,-0.001207,0.078178,True,False,True,keyword_z90__market_return__M6_only__p0.05_ic0.03,train,
FTSE_CHINA_50,gold_z,30,0.749233,0.000249,0.110786,True,False,True,keyword_z90__market_return__M6_only__p0.05_ic0.03,train,
GOLD,oil_z,1,0.34101,0.000522,0.07395,True,False,True,keyword_z90__market_return__M6_only__p0.05_ic0.03,train,
GOLD,oil_z,7,0.530879,-0.000351,0.030705,True,False,True,keyword_z90__market_return__M6_only__p0.05_ic0.03,train,
GOLD,oil_z,30,0.893705,-4e-05,0.054444,True,False,True,keyword_z90__market_return__M6_only__p0.05_ic0.03,train,
GOLD,rate_z,1,0.932012,4.2e-05,0.094395,True,False,True,keyword_z90__market_return__M6_only__p0.05_ic0.03,train,
GOLD,rate_z,14,0.196231,-0.000713,0.079474,True,False,True,keyword_z90__market_return__M6_only__p0.05_ic0.03,train,
GOLD,rate_z,30,0.993761,3e-06,0.041495,True,False,True,keyword_z90__market_return__M6_only__p0.05_ic0.03,train,
GOLD,ruble_z,30,0.854678,5.5e-05,0.147012,True,False,True,keyword_z90__market_return__M6_only__p0.05_ic0.03,train,
GOLD,sanctions_z,1,0.987283,8e-06,0.030932,True,False,True,keyword_z90__market_return__M6_only__p0.05_ic0.03,train,
GOLD,sanctions_z,14,0.18148,0.000767,0.068935,True,False,True,keyword_z90__market_return__M6_only__p0.05_ic0.03,train,
GOLD,sanctions_z,30,0.068839,-0.000599,0.064614,True,False,True,keyword_z90__market_return__M6_only__p0.05_ic0.03,train,
GOLD,inflation_z,7,0.016276,-0.001157,0.137763,True,True,True,keyword_z90__market_return__M6_only__p0.05_ic0.03,train,
GOLD,banking_z,7,0.248401,0.000596,0.047184,True,False,True,keyword_z90__market_return__M6_only__p0.05_ic0.03,train,
GOLD,banking_z,30,0.881961,4e-05,0.046343,True,False,True,keyword_z90__market_return__M6_only__p0.05_ic0.03,train,
GOLD,gold_z,1,0.944119,3.7e-05,0.035231,True,False,True,keyword_z90__market_return__M6_only__p0.05_ic0.03,train,
GOLD,gold_z,7,0.961095,2.7e-05,0.106271,True,False,True,keyword_z90__market_return__M6_only__p0.05_ic0.03,train,
GOLD,gold_z,14,0.054482,-0.001126,0.079697,True,False,True,keyword_z90__market_return__M6_only__p0.05_ic0.03,train,
GOLD,gold_z,30,0.494083,-0.000236,0.038923,True,False,True,keyword_z90__market_return__M6_only__p0.05_ic0.03,train,
SILVER,oil_z,30,0.579967,0.000373,0.050161,True,False,True,keyword_z90__market_return__M6_only__p0.05_ic0.03,train,
SILVER,rate_z,1,0.42954,0.000799,0.03665,True,False,True,keyword_z90__market_return__M6_only__p0.05_ic0.03,train,
SILVER,rate_z,7,0.269022,-0.001146,0.157618,True,False,True,keyword_z90__market_return__M6_only__p0.05_ic0.03,train,
SILVER,rate_z,14,0.772639,-0.000323,0.110257,True,False,True,keyword_z90__market_return__M6_only__p0.05_ic0.03,train,
SILVER,rate_z,30,0.358764,-0.000659,0.032927,True,False,True,keyword_z90__market_return__M6_only__p0.05_ic0.03,train,
SILVER,ruble_z,30,0.578471,0.000335,0.03425,True,False,True,keyword_z90__market_return__M6_only__p0.05_ic0.03,train,
SILVER,sanctions_z,7,0.673094,-0.000471,0.073783,True,False,True,keyword_z90__market_return__M6_only__p0.05_ic0.03,train,
SILVER,sanctions_z,14,0.240257,0.001309,0.032847,True,False,True,keyword_z90__market_return__M6_only__p0.05_ic0.03,train,
SILVER,inflation_z,7,0.187856,-0.001355,0.046254,True,False,True,keyword_z90__market_return__M6_only__p0.05_ic0.03,train,
SILVER,inflation_z,30,0.354288,-0.000672,0.050847,True,False,True,keyword_z90__market_return__M6_only__p0.05_ic0.03,train,
SILVER,banking_z,1,0.956593,5.6e-05,0.098992,True,False,True,keyword_z90__market_return__M6_only__p0.05_ic0.03,train,
SILVER,banking_z,14,0.864915,-0.000187,0.042922,True,False,True,keyword_z90__market_return__M6_only__p0.05_ic0.03,train,
SILVER,banking_z,30,0.526918,-0.000414,0.036343,True,False,True,keyword_z90__market_return__M6_only__p0.05_ic0.03,train,
SILVER,gold_z,1,0.186578,0.001428,0.033892,True,False,True,keyword_z90__market_return__M6_only__p0.05_ic0.03,train,
SILVER,gold_z,14,0.987302,-1.9e-05,0.046737,True,False,True,keyword_z90__market_return__M6_only__p0.05_ic0.03,train,
SILVER,gold_z,30,0.199216,-0.000787,0.039094,True,False,True,keyword_z90__market_return__M6_only__p0.05_ic0.03,train,
IMOEX,oil_z,1,0.241267,0.001565,0.05802,True,False,True,keyword_z90__market_return__M6_only__p0.05_ic0.03,train,
IMOEX,rate_z,1,0.302493,0.001287,0.044346,True,False,True,keyword_z90__market_return__M6_only__p0.05_ic0.03,train,
IMOEX,rate_z,7,0.225847,-0.001583,0.041959,True,False,True,keyword_z90__market_return__M6_only__p0.05_ic0.03,train,
IMOEX,rate_z,14,0.267373,-0.001495,0.081706,True,False,True,keyword_z90__market_return__M6_only__p0.05_ic0.03,train,
IMOEX,rate_z,30,0.42655,-0.000376,0.135467,True,False,True,keyword_z90__market_return__M6_only__p0.05_ic0.03,train,
IMOEX,ruble_z,1,0.760046,0.000422,0.148604,True,False,True,keyword_z90__market_return__M6_only__p0.05_ic0.03,train,
IMOEX,ruble_z,7,0.030589,0.003039,0.033314,True,True,True,keyword_z90__market_return__M6_only__p0.05_ic0.03,train,
IMOEX,ruble_z,14,0.330082,0.001412,0.074608,True,False,True,keyword_z90__market_return__M6_only__p0.05_ic0.03,train,
IMOEX,ruble_z,30,0.836146,-9.8e-05,0.05881,True,False,True,keyword_z90__market_return__M6_only__p0.05_ic0.03,train,
IMOEX,sanctions_z,14,0.773491,-0.000408,0.030498,True,False,True,keyword_z90__market_return__M6_only__p0.05_ic0.03,train,
IMOEX,inflation_z,1,0.206771,0.001492,0.065246,True,False,True,keyword_z90__market_return__M6_only__p0.05_ic0.03,train,
IMOEX,inflation_z,30,0.517246,-0.000304,0.090004,True,False,True,keyword_z90__market_return__M6_only__p0.05_ic0.03,train,
IMOEX,banking_z,7,0.192035,0.001659,0.051183,True,False,True,keyword_z90__market_return__M6_only__p0.05_ic0.03,train,
IMOEX,banking_z,30,0.082421,0.000879,0.062396,True,False,True,keyword_z90__market_return__M6_only__p0.05_ic0.03,train,
IMOEX,gold_z,1,0.318999,0.001335,0.036102,True,False,True,keyword_z90__market_return__M6_only__p0.05_ic0.03,train,
IMOEX,gold_z,30,0.32903,0.000479,0.058059,True,False,True,keyword_z90__market_return__M6_only__p0.05_ic0.03,train,
MOEXFN,oil_z,1,0.35886,0.001345,0.141913,True,False,True,keyword_z90__market_return__M6_only__p0.05_ic0.03,train,
MOEXFN,oil_z,7,0.327415,0.001474,0.058013,True,False,True,keyword_z90__market_return__M6_only__p0.05_ic0.03,train,
MOEXFN,oil_z,14,0.615638,0.000809,0.03238,True,False,True,keyword_z90__market_return__M6_only__p0.05_ic0.03,train,
MOEXFN,rate_z,14,0.668345,-0.000621,0.031864,True,False,True,keyword_z90__market_return__M6_only__p0.05_ic0.03,train,
MOEXFN,rate_z,30,0.992962,-5e-06,0.035654,True,False,True,keyword_z90__market_return__M6_only__p0.05_ic0.03,train,
MOEXFN,ruble_z,1,0.651686,0.000684,0.073503,True,False,True,keyword_z90__market_return__M6_only__p0.05_ic0.03,train,
MOEXFN,ruble_z,7,0.210373,0.001907,0.063143,True,False,True,keyword_z90__market_return__M6_only__p0.05_ic0.03,train,
MOEXFN,ruble_z,14,0.529995,0.000975,0.057802,True,False,True,keyword_z90__market_return__M6_only__p0.05_ic0.03,train,
MOEXFN,sanctions_z,1,0.055615,-0.002728,0.069608,True,False,True,keyword_z90__market_return__M6_only__p0.05_ic0.03,train,
MOEXFN,sanctions_z,7,0.912224,0.000165,0.043289,True,False,True,keyword_z90__market_return__M6_only__p0.05_ic0.03,train,
MOEXFN,inflation_z,1,0.243349,0.00151,0.037658,True,False,True,keyword_z90__market_return__M6_only__p0.05_ic0.03,train,
MOEXFN,inflation_z,7,0.406856,-0.001143,0.037605,True,False,True,keyword_z90__market_return__M6_only__p0.05_ic0.03,train,
MOEXFN,inflation_z,30,0.423753,0.000414,0.052149,True,False,True,keyword_z90__market_return__M6_only__p0.05_ic0.03,train,
MOEXFN,banking_z,7,0.475827,0.000972,0.076668,True,False,True,keyword_z90__market_return__M6_only__p0.05_ic0.03,train,
MOEXFN,banking_z,14,0.133861,-0.002145,0.069917,True,False,True,keyword_z90__market_return__M6_only__p0.05_ic0.03,train,
MOEXFN,gold_z,7,0.180048,-0.001986,0.040764,True,False,True,keyword_z90__market_return__M6_only__p0.05_ic0.03,train,
MOEXOG,oil_z,1,0.217002,0.001658,0.111311,True,False,True,keyword_z90__market_return__M6_only__p0.05_ic0.03,train,
MOEXOG,oil_z,7,0.458403,0.001038,0.035958,True,False,True,keyword_z90__market_return__M6_only__p0.05_ic0.03,train,
MOEXOG,rate_z,1,0.217569,0.001551,0.068228,True,False,True,keyword_z90__market_return__M6_only__p0.05_ic0.03,train,
MOEXOG,ruble_z,1,0.774765,0.000397,0.105734,True,False,True,keyword_z90__market_return__M6_only__p0.05_ic0.03,train,
MOEXOG,ruble_z,7,0.066386,0.002596,0.04613,True,False,True,keyword_z90__market_return__M6_only__p0.05_ic0.03,train,
MOEXOG,ruble_z,30,0.942771,-3.5e-05,0.034552,True,False,True,keyword_z90__market_return__M6_only__p0.05_ic0.03,train,
MOEXOG,sanctions_z,7,0.40942,-0.00114,0.045636,True,False,True,keyword_z90__market_return__M6_only__p0.05_ic0.03,train,
MOEXOG,sanctions_z,14,0.395047,-0.001229,0.041884,True,False,True,keyword_z90__market_return__M6_only__p0.05_ic0.03,train,
MOEXOG,sanctions_z,30,0.742654,-0.000179,0.093507,True,False,True,keyword_z90__market_return__M6_only__p0.05_ic0.03,train,
MOEXOG,inflation_z,1,0.10337,0.001948,0.118261,True,False,True,keyword_z90__market_return__M6_only__p0.05_ic0.03,train,
MOEXOG,inflation_z,30,0.823015,0.000106,0.176388,True,False,True,keyword_z90__market_return__M6_only__p0.05_ic0.03,train,
MOEXOG,banking_z,30,0.117631,0.000761,0.066538,True,False,True,keyword_z90__market_return__M6_only__p0.05_ic0.03,train,
MOEXOG,gold_z,1,0.20217,0.001717,0.032148,True,False,True,keyword_z90__market_return__M6_only__p0.05_ic0.03,train,
MOEXOG,gold_z,7,0.765326,-0.000412,0.045393,True,False,True,keyword_z90__market_return__M6_only__p0.05_ic0.03,train,
MOEXOG,gold_z,30,0.479948,0.000344,0.062598,True,False,True,keyword_z90__market_return__M6_only__p0.05_ic0.03,train,
MOEX10,oil_z,1,0.373678,0.001125,0.166146,True,False,True,keyword_z90__market_return__M6_only__p0.05_ic0.03,train,
MOEX10,oil_z,7,0.486742,0.000908,0.071793,True,False,True,keyword_z90__market_return__M6_only__p0.05_ic0.03,train,
MOEX10,oil_z,14,0.729346,0.000482,0.070494,True,False,True,keyword_z90__market_return__M6_only__p0.05_ic0.03,train,
MOEX10,rate_z,1,0.388703,0.00102,0.035703,True,False,True,keyword_z90__market_return__M6_only__p0.05_ic0.03,train,
MOEX10,rate_z,7,0.307808,-0.001226,0.052361,True,False,True,keyword_z90__market_return__M6_only__p0.05_ic0.03,train,
MOEX10,rate_z,30,0.448297,-0.000355,0.057171,True,False,True,keyword_z90__market_return__M6_only__p0.05_ic0.03,train,
MOEX10,ruble_z,1,0.97193,-4.6e-05,0.104781,True,False,True,keyword_z90__market_return__M6_only__p0.05_ic0.03,train,
MOEX10,ruble_z,7,0.129221,0.002002,0.046329,True,False,True,keyword_z90__market_return__M6_only__p0.05_ic0.03,train,
MOEX10,ruble_z,14,0.454584,0.001013,0.039264,True,False,True,keyword_z90__market_return__M6_only__p0.05_ic0.03,train,
MOEX10,sanctions_z,7,0.626323,-0.000631,0.073329,True,False,True,keyword_z90__market_return__M6_only__p0.05_ic0.03,train,
MOEX10,sanctions_z,30,0.485861,-0.000367,0.06018,True,False,True,keyword_z90__market_return__M6_only__p0.05_ic0.03,train,
MOEX10,inflation_z,1,0.273581,0.00123,0.046451,True,False,True,keyword_z90__market_return__M6_only__p0.05_ic0.03,train,
MOEX10,inflation_z,30,0.789904,0.000118,0.079518,True,False,True,keyword_z90__market_return__M6_only__p0.05_ic0.03,train,
MOEX10,banking_z,14,0.083063,-0.002167,0.030632,True,False,True,keyword_z90__market_return__M6_only__p0.05_ic0.03,train,
MOEX10,gold_z,14,0.957256,-7.3e-05,0.036638,True,False,True,keyword_z90__market_return__M6_only__p0.05_ic0.03,train,
MOEX10,gold_z,30,0.68044,0.000189,0.065892,True,False,True,keyword_z90__market_return__M6_only__p0.05_ic0.03,train,
SP500,rate_z,14,0.44573,-0.000451,0.0907,True,False,True,keyword_z90__market_return__M6_only__p0.05_ic0.03,val,
SP500,ruble_z,1,0.990359,7e-06,0.066527,True,False,True,keyword_z90__market_return__M6_only__p0.05_ic0.03,val,
SP500,sanctions_z,7,0.165908,-0.000795,0.112455,True,False,True,keyword_z90__market_return__M6_only__p0.05_ic0.03,val,
SP500,inflation_z,1,0.48642,-0.000362,0.055067,True,False,True,keyword_z90__market_return__M6_only__p0.05_ic0.03,val,
SP500,inflation_z,7,0.469922,0.000402,0.068524,True,False,True,keyword_z90__market_return__M6_only__p0.05_ic0.03,val,
SP500,banking_z,1,0.965205,-2.2e-05,0.098035,True,False,True,keyword_z90__market_return__M6_only__p0.05_ic0.03,val,
SP500,banking_z,30,0.205286,0.000663,0.089745,True,False,True,keyword_z90__market_return__M6_only__p0.05_ic0.03,val,
USD_RUB,oil_z,14,0.366486,-0.000696,0.04054,True,False,True,keyword_z90__market_return__M6_only__p0.05_ic0.03,val,
USD_RUB,oil_z,30,0.671243,-0.000193,0.090984,True,False,True,keyword_z90__market_return__M6_only__p0.05_ic0.03,val,
USD_RUB,rate_z,1,0.061431,-0.00124,0.143484,True,False,True,keyword_z90__market_return__M6_only__p0.05_ic0.03,val,
USD_RUB,rate_z,30,0.797157,-0.000124,0.034876,True,False,True,keyword_z90__market_return__M6_only__p0.05_ic0.03,val,
USD_RUB,ruble_z,1,0.512259,-0.000494,0.13468,True,False,True,keyword_z90__market_return__M6_only__p0.05_ic0.03,val,
USD_RUB,ruble_z,7,0.619103,-0.0004,0.153537,True,False,True,keyword_z90__market_return__M6_only__p0.05_ic0.03,val,
USD_RUB,ruble_z,14,0.993181,7e-06,0.089959,True,False,True,keyword_z90__market_return__M6_only__p0.05_ic0.03,val,
USD_RUB,sanctions_z,14,0.616496,-0.000414,0.03384,True,False,True,keyword_z90__market_return__M6_only__p0.05_ic0.03,val,
USD_RUB,sanctions_z,30,0.868685,-6.9e-05,0.043892,True,False,True,keyword_z90__market_return__M6_only__p0.05_ic0.03,val,
EUR_RUB,oil_z,14,0.366486,-0.000696,0.04054,True,False,True,keyword_z90__market_return__M6_only__p0.05_ic0.03,val,
EUR_RUB,oil_z,30,0.671243,-0.000193,0.090984,True,False,True,keyword_z90__market_return__M6_only__p0.05_ic0.03,val,
EUR_RUB,rate_z,1,0.061431,-0.00124,0.143484,True,False,True,keyword_z90__market_return__M6_only__p0.05_ic0.03,val,
EUR_RUB,rate_z,30,0.797157,-0.000124,0.034876,True,False,True,keyword_z90__market_return__M6_only__p0.05_ic0.03,val,
EUR_RUB,ruble_z,1,0.512259,-0.000494,0.13468,True,False,True,keyword_z90__market_return__M6_only__p0.05_ic0.03,val,
EUR_RUB,ruble_z,7,0.619103,-0.0004,0.153537,True,False,True,keyword_z90__market_return__M6_only__p0.05_ic0.03,val,
EUR_RUB,ruble_z,14,0.993181,7e-06,0.089959,True,False,True,keyword_z90__market_return__M6_only__p0.05_ic0.03,val,
EUR_RUB,sanctions_z,14,0.616496,-0.000414,0.03384,True,False,True,keyword_z90__market_return__M6_only__p0.05_ic0.03,val,
EUR_RUB,sanctions_z,30,0.868685,-6.9e-05,0.043892,True,False,True,keyword_z90__market_return__M6_only__p0.05_ic0.03,val,
DJ_SOUTH_AFRICA,oil_z,30,0.329438,0.000357,0.059431,True,False,True,keyword_z90__market_return__M6_only__p0.05_ic0.03,val,
DJ_SOUTH_AFRICA,sanctions_z,1,0.701794,0.000209,0.068892,True,False,True,keyword_z90__market_return__M6_only__p0.05_ic0.03,val,
DJ_SOUTH_AFRICA,inflation_z,30,0.757818,0.00012,0.089704,True,False,True,keyword_z90__market_return__M6_only__p0.05_ic0.03,val,
DJ_SOUTH_AFRICA,banking_z,1,0.614026,-0.000239,0.03293,True,False,True,keyword_z90__market_return__M6_only__p0.05_ic0.03,val,
DJ_SOUTH_AFRICA,banking_z,7,0.706225,0.000193,0.063582,True,False,True,keyword_z90__market_return__M6_only__p0.05_ic0.03,val,
MSCI_WORLD,oil_z,1,0.822393,-0.000105,0.030421,True,False,True,keyword_z90__market_return__M6_only__p0.05_ic0.03,val,
MSCI_WORLD,rate_z,14,0.205111,-0.000647,0.038536,True,False,True,keyword_z90__market_return__M6_only__p0.05_ic0.03,val,
MSCI_WORLD,ruble_z,1,0.997766,-1e-06,0.061924,True,False,True,keyword_z90__market_return__M6_only__p0.05_ic0.03,val,
MSCI_WORLD,ruble_z,30,0.836059,-7.8e-05,0.059584,True,False,True,keyword_z90__market_return__M6_only__p0.05_ic0.03,val,
MSCI_WORLD,sanctions_z,7,0.814036,-0.000125,0.097678,True,False,True,keyword_z90__market_return__M6_only__p0.05_ic0.03,val,
MSCI_WORLD,sanctions_z,14,0.530853,-0.000351,0.052141,True,False,True,keyword_z90__market_return__M6_only__p0.05_ic0.03,val,
MSCI_WORLD,inflation_z,30,0.33439,0.000362,0.112708,True,False,True,keyword_z90__market_return__M6_only__p0.05_ic0.03,val,
MSCI_WORLD,banking_z,7,0.977624,-1.3e-05,0.032354,True,False,True,keyword_z90__market_return__M6_only__p0.05_ic0.03,val,
DXY,oil_z,14,0.85728,-4.4e-05,0.03595,True,False,True,keyword_z90__market_return__M6_only__p0.05_ic0.03,val,
DXY,oil_z,30,0.251024,-0.000166,0.117788,True,False,True,keyword_z90__market_return__M6_only__p0.05_ic0.03,val,
DXY,rate_z,1,0.920674,2.1e-05,0.047239,True,False,True,keyword_z90__market_return__M6_only__p0.05_ic0.03,val,
DXY,rate_z,7,0.699138,-8.6e-05,0.057016,True,False,True,keyword_z90__market_return__M6_only__p0.05_ic0.03,val,
DXY,rate_z,30,0.682333,-6e-05,0.085083,True,False,True,keyword_z90__market_return__M6_only__p0.05_ic0.03,val,
DXY,ruble_z,7,0.277957,0.000275,0.094955,True,False,True,keyword_z90__market_return__M6_only__p0.05_ic0.03,val,
DXY,sanctions_z,14,0.003657,-0.000737,0.143691,True,True,True,keyword_z90__market_return__M6_only__p0.05_ic0.03,val,
DXY,inflation_z,7,0.396128,-0.00019,0.092818,True,False,True,keyword_z90__market_return__M6_only__p0.05_ic0.03,val,
DXY,banking_z,1,0.489914,-0.000139,0.032461,True,False,True,keyword_z90__market_return__M6_only__p0.05_ic0.03,val,
DXY,banking_z,14,0.737277,-7.9e-05,0.139941,True,False,True,keyword_z90__market_return__M6_only__p0.05_ic0.03,val,
DXY,gold_z,7,0.85484,-4.2e-05,0.043217,True,False,True,keyword_z90__market_return__M6_only__p0.05_ic0.03,val,
DXY,gold_z,14,0.752623,-7.8e-05,0.108727,True,False,True,keyword_z90__market_return__M6_only__p0.05_ic0.03,val,
BRENT,oil_z,1,0.524959,0.000552,0.10323,True,False,True,keyword_z90__market_return__M6_only__p0.05_ic0.03,val,
BRENT,ruble_z,30,0.462775,0.000455,0.050886,True,False,True,keyword_z90__market_return__M6_only__p0.05_ic0.03,val,
BRENT,sanctions_z,7,0.430051,-0.000766,0.041897,True,False,True,keyword_z90__market_return__M6_only__p0.05_ic0.03,val,
BRENT,sanctions_z,14,0.413688,0.000847,0.066856,True,False,True,keyword_z90__market_return__M6_only__p0.05_ic0.03,val,
BRENT,inflation_z,30,0.40077,-0.000556,0.098098,True,False,True,keyword_z90__market_return__M6_only__p0.05_ic0.03,val,
BRENT,banking_z,1,0.848847,0.000153,0.056424,True,False,True,keyword_z90__market_return__M6_only__p0.05_ic0.03,val,
BRENT,banking_z,14,0.270608,-0.001031,0.060488,True,False,True,keyword_z90__market_return__M6_only__p0.05_ic0.03,val,
BRENT,gold_z,30,0.916536,-6.5e-05,0.129628,True,False,True,keyword_z90__market_return__M6_only__p0.05_ic0.03,val,
MSCI_INDIA,rate_z,14,0.801979,0.000146,0.04799,True,False,True,keyword_z90__market_return__M6_only__p0.05_ic0.03,val,
MSCI_INDIA,ruble_z,30,0.80238,-8.9e-05,0.126476,True,False,True,keyword_z90__market_return__M6_only__p0.05_ic0.03,val,
MSCI_INDIA,sanctions_z,1,0.16053,0.000774,0.048945,True,False,True,keyword_z90__market_return__M6_only__p0.05_ic0.03,val,
MSCI_INDIA,inflation_z,7,0.256916,0.000608,0.033044,True,False,True,keyword_z90__market_return__M6_only__p0.05_ic0.03,val,
MSCI_INDIA,banking_z,7,0.934626,-4.4e-05,0.05394,True,False,True,keyword_z90__market_return__M6_only__p0.05_ic0.03,val,
MSCI_INDIA,gold_z,7,0.775145,0.000156,0.064917,True,False,True,keyword_z90__market_return__M6_only__p0.05_ic0.03,val,
CHINA_H_SHARES,oil_z,7,0.184662,-0.001479,0.102726,True,False,True,keyword_z90__market_return__M6_only__p0.05_ic0.03,val,
CHINA_H_SHARES,oil_z,30,0.957862,3.4e-05,0.187465,True,False,True,keyword_z90__market_return__M6_only__p0.05_ic0.03,val,
CHINA_H_SHARES,rate_z,1,0.086284,-0.001711,0.037726,True,False,True,keyword_z90__market_return__M6_only__p0.05_ic0.03,val,
CHINA_H_SHARES,rate_z,7,0.805861,0.000273,0.033374,True,False,True,keyword_z90__market_return__M6_only__p0.05_ic0.03,val,
CHINA_H_SHARES,ruble_z,30,0.644688,0.000359,0.080033,True,False,True,keyword_z90__market_return__M6_only__p0.05_ic0.03,val,
CHINA_H_SHARES,sanctions_z,1,0.927087,0.000103,0.112037,True,False,True,keyword_z90__market_return__M6_only__p0.05_ic0.03,val,
CHINA_H_SHARES,sanctions_z,14,0.379267,0.001133,0.04581,True,False,True,keyword_z90__market_return__M6_only__p0.05_ic0.03,val,
CHINA_H_SHARES,sanctions_z,30,0.580477,-0.000352,0.031876,True,False,True,keyword_z90__market_return__M6_only__p0.05_ic0.03,val,
CHINA_H_SHARES,inflation_z,1,0.974601,3.2e-05,0.107715,True,False,True,keyword_z90__market_return__M6_only__p0.05_ic0.03,val,
CHINA_H_SHARES,banking_z,7,0.865078,-0.000182,0.106799,True,False,True,keyword_z90__market_return__M6_only__p0.05_ic0.03,val,
CHINA_H_SHARES,banking_z,30,0.771042,0.000221,0.097685,True,False,True,keyword_z90__market_return__M6_only__p0.05_ic0.03,val,
CHINA_H_SHARES,gold_z,1,0.785671,-0.000289,0.05055,True,False,True,keyword_z90__market_return__M6_only__p0.05_ic0.03,val,
CHINA_H_SHARES,gold_z,7,0.019634,-0.00262,0.051058,True,True,True,keyword_z90__market_return__M6_only__p0.05_ic0.03,val,
FTSE_CHINA_50,oil_z,1,0.708544,-0.000391,0.053807,True,False,True,keyword_z90__market_return__M6_only__p0.05_ic0.03,val,
FTSE_CHINA_50,oil_z,7,0.129051,-0.001676,0.109517,True,False,True,keyword_z90__market_return__M6_only__p0.05_ic0.03,val,
FTSE_CHINA_50,oil_z,30,0.852538,-0.000126,0.135377,True,False,True,keyword_z90__market_return__M6_only__p0.05_ic0.03,val,
FTSE_CHINA_50,rate_z,1,0.255951,-0.001131,0.102154,True,False,True,keyword_z90__market_return__M6_only__p0.05_ic0.03,val,
FTSE_CHINA_50,rate_z,7,0.979859,-2.8e-05,0.075688,True,False,True,keyword_z90__market_return__M6_only__p0.05_ic0.03,val,
FTSE_CHINA_50,ruble_z,14,0.871141,-0.000217,0.039737,True,False,True,keyword_z90__market_return__M6_only__p0.05_ic0.03,val,
FTSE_CHINA_50,sanctions_z,7,0.899557,-0.000146,0.057907,True,False,True,keyword_z90__market_return__M6_only__p0.05_ic0.03,val,
FTSE_CHINA_50,sanctions_z,30,0.813653,0.000145,0.052577,True,False,True,keyword_z90__market_return__M6_only__p0.05_ic0.03,val,
FTSE_CHINA_50,inflation_z,30,0.607158,0.000346,0.08312,True,False,True,keyword_z90__market_return__M6_only__p0.05_ic0.03,val,
FTSE_CHINA_50,banking_z,7,0.810042,-0.000257,0.048861,True,False,True,keyword_z90__market_return__M6_only__p0.05_ic0.03,val,
FTSE_CHINA_50,banking_z,30,0.089453,0.001309,0.031761,True,False,True,keyword_z90__market_return__M6_only__p0.05_ic0.03,val,
FTSE_CHINA_50,gold_z,1,0.548755,-0.000636,0.076675,True,False,True,keyword_z90__market_return__M6_only__p0.05_ic0.03,val,
FTSE_CHINA_50,gold_z,30,0.758023,0.000195,0.123731,True,False,True,keyword_z90__market_return__M6_only__p0.05_ic0.03,val,
GOLD,oil_z,1,0.796693,0.00017,0.090759,True,False,True,keyword_z90__market_return__M6_only__p0.05_ic0.03,val,
GOLD,oil_z,30,0.842296,-6.6e-05,0.062905,True,False,True,keyword_z90__market_return__M6_only__p0.05_ic0.03,val,
GOLD,rate_z,1,0.194075,-0.00085,0.106621,True,False,True,keyword_z90__market_return__M6_only__p0.05_ic0.03,val,
GOLD,rate_z,14,0.443351,0.000636,0.15969,True,False,True,keyword_z90__market_return__M6_only__p0.05_ic0.03,val,
GOLD,rate_z,30,0.823015,-8.4e-05,0.072395,True,False,True,keyword_z90__market_return__M6_only__p0.05_ic0.03,val,
GOLD,sanctions_z,1,0.967286,-3e-05,0.054017,True,False,True,keyword_z90__market_return__M6_only__p0.05_ic0.03,val,
GOLD,sanctions_z,14,0.089171,0.001506,0.043302,True,False,True,keyword_z90__market_return__M6_only__p0.05_ic0.03,val,
GOLD,inflation_z,7,0.313744,0.00072,0.031828,True,False,True,keyword_z90__market_return__M6_only__p0.05_ic0.03,val,
GOLD,banking_z,30,0.924474,-3.1e-05,0.045128,True,False,True,keyword_z90__market_return__M6_only__p0.05_ic0.03,val,
GOLD,gold_z,1,0.66849,0.0003,0.039369,True,False,True,keyword_z90__market_return__M6_only__p0.05_ic0.03,val,
GOLD,gold_z,14,0.37276,0.000743,0.077254,True,False,True,keyword_z90__market_return__M6_only__p0.05_ic0.03,val,
SILVER,rate_z,7,0.988715,2e-05,0.129272,True,False,True,keyword_z90__market_return__M6_only__p0.05_ic0.03,val,
SILVER,rate_z,14,0.060277,0.002948,0.157637,True,False,True,keyword_z90__market_return__M6_only__p0.05_ic0.03,val,
SILVER,rate_z,30,0.742753,0.000221,0.065046,True,False,True,keyword_z90__market_return__M6_only__p0.05_ic0.03,val,
SILVER,ruble_z,30,0.927405,-6e-05,0.084956,True,False,True,keyword_z90__market_return__M6_only__p0.05_ic0.03,val,
SILVER,sanctions_z,7,0.099902,-0.002503,0.051671,True,False,True,keyword_z90__market_return__M6_only__p0.05_ic0.03,val,
SILVER,inflation_z,30,0.896558,-7.5e-05,0.060884,True,False,True,keyword_z90__market_return__M6_only__p0.05_ic0.03,val,
SILVER,banking_z,1,0.499453,-0.000795,0.079629,True,False,True,keyword_z90__market_return__M6_only__p0.05_ic0.03,val,
SILVER,banking_z,14,0.202692,-0.001965,0.099743,True,False,True,keyword_z90__market_return__M6_only__p0.05_ic0.03,val,
SILVER,banking_z,30,0.461736,-0.000547,0.069964,True,False,True,keyword_z90__market_return__M6_only__p0.05_ic0.03,val,
SILVER,gold_z,1,0.23016,-0.001618,0.047382,True,False,True,keyword_z90__market_return__M6_only__p0.05_ic0.03,val,
SILVER,gold_z,14,0.614428,0.000802,0.068734,True,False,True,keyword_z90__market_return__M6_only__p0.05_ic0.03,val,
SILVER,gold_z,30,0.757057,-0.000179,0.084946,True,False,True,keyword_z90__market_return__M6_only__p0.05_ic0.03,val,
IMOEX,oil_z,1,0.575621,0.000417,0.063113,True,False,True,keyword_z90__market_return__M6_only__p0.05_ic0.03,val,
IMOEX,rate_z,1,0.552149,0.000431,0.032255,True,False,True,keyword_z90__market_return__M6_only__p0.05_ic0.03,val,
IMOEX,rate_z,14,0.052208,-0.001658,0.058362,True,False,True,keyword_z90__market_return__M6_only__p0.05_ic0.03,val,
IMOEX,rate_z,30,0.721023,-0.000186,0.064795,True,False,True,keyword_z90__market_return__M6_only__p0.05_ic0.03,val,
IMOEX,ruble_z,14,0.665766,-0.000414,0.085816,True,False,True,keyword_z90__market_return__M6_only__p0.05_ic0.03,val,
IMOEX,sanctions_z,14,0.933609,-7.5e-05,0.10771,True,False,True,keyword_z90__market_return__M6_only__p0.05_ic0.03,val,
IMOEX,inflation_z,1,0.333594,0.000693,0.094396,True,False,True,keyword_z90__market_return__M6_only__p0.05_ic0.03,val,
IMOEX,inflation_z,30,0.553541,0.000305,0.059449,True,False,True,keyword_z90__market_return__M6_only__p0.05_ic0.03,val,
IMOEX,banking_z,30,0.966003,2.2e-05,0.042249,True,False,True,keyword_z90__market_return__M6_only__p0.05_ic0.03,val,
IMOEX,gold_z,1,0.347794,0.000708,0.036504,True,False,True,keyword_z90__market_return__M6_only__p0.05_ic0.03,val,
IMOEX,gold_z,30,0.560339,0.000298,0.122794,True,False,True,keyword_z90__market_return__M6_only__p0.05_ic0.03,val,
MOEXFN,oil_z,1,0.387161,0.000714,0.135342,True,False,True,keyword_z90__market_return__M6_only__p0.05_ic0.03,val,
MOEXFN,oil_z,14,0.864937,0.000161,0.036462,True,False,True,keyword_z90__market_return__M6_only__p0.05_ic0.03,val,
MOEXFN,rate_z,14,0.035049,-0.001993,0.034077,True,True,True,keyword_z90__market_return__M6_only__p0.05_ic0.03,val,
MOEXFN,rate_z,30,0.530861,-0.000332,0.070044,True,False,True,keyword_z90__market_return__M6_only__p0.05_ic0.03,val,
MOEXFN,ruble_z,14,0.720231,-0.000382,0.059398,True,False,True,keyword_z90__market_return__M6_only__p0.05_ic0.03,val,
MOEXFN,sanctions_z,1,0.492919,0.000607,0.05738,True,False,True,keyword_z90__market_return__M6_only__p0.05_ic0.03,val,
MOEXFN,sanctions_z,7,0.577796,-0.000522,0.067674,True,False,True,keyword_z90__market_return__M6_only__p0.05_ic0.03,val,
MOEXFN,inflation_z,1,0.219287,0.000975,0.118747,True,False,True,keyword_z90__market_return__M6_only__p0.05_ic0.03,val,
MOEXFN,inflation_z,30,0.640659,0.000259,0.035379,True,False,True,keyword_z90__market_return__M6_only__p0.05_ic0.03,val,
MOEXFN,banking_z,14,0.618268,0.000462,0.030897,True,False,True,keyword_z90__market_return__M6_only__p0.05_ic0.03,val,
MOEXOG,oil_z,1,0.444276,0.000589,0.044893,True,False,True,keyword_z90__market_return__M6_only__p0.05_ic0.03,val,
MOEXOG,oil_z,7,0.396415,-0.000676,0.043795,True,False,True,keyword_z90__market_return__M6_only__p0.05_ic0.03,val,
MOEXOG,ruble_z,1,0.407183,-0.000704,0.037012,True,False,True,keyword_z90__market_return__M6_only__p0.05_ic0.03,val,
MOEXOG,sanctions_z,7,0.992652,8e-06,0.03752,True,False,True,keyword_z90__market_return__M6_only__p0.05_ic0.03,val,
MOEXOG,sanctions_z,14,0.750748,-0.000293,0.086643,True,False,True,keyword_z90__market_return__M6_only__p0.05_ic0.03,val,
MOEXOG,sanctions_z,30,0.344507,-0.000491,0.142492,True,False,True,keyword_z90__market_return__M6_only__p0.05_ic0.03,val,
MOEXOG,inflation_z,1,0.251635,0.000849,0.07659,True,False,True,keyword_z90__market_return__M6_only__p0.05_ic0.03,val,
MOEXOG,inflation_z,30,0.750163,0.000164,0.044039,True,False,True,keyword_z90__market_return__M6_only__p0.05_ic0.03,val,
MOEXOG,gold_z,7,0.06776,-0.001501,0.039097,True,False,True,keyword_z90__market_return__M6_only__p0.05_ic0.03,val,
MOEXOG,gold_z,30,0.621992,0.000258,0.118204,True,False,True,keyword_z90__market_return__M6_only__p0.05_ic0.03,val,
MOEX10,oil_z,1,0.594264,0.00046,0.073069,True,False,True,keyword_z90__market_return__M6_only__p0.05_ic0.03,val,
MOEX10,oil_z,7,0.263368,-0.001,0.038869,True,False,True,keyword_z90__market_return__M6_only__p0.05_ic0.03,val,
MOEX10,oil_z,14,0.867185,-0.000165,0.133508,True,False,True,keyword_z90__market_return__M6_only__p0.05_ic0.03,val,
MOEX10,rate_z,30,0.910251,-7.2e-05,0.127454,True,False,True,keyword_z90__market_return__M6_only__p0.05_ic0.03,val,
MOEX10,ruble_z,14,0.753887,-0.00035,0.069452,True,False,True,keyword_z90__market_return__M6_only__p0.05_ic0.03,val,
MOEX10,sanctions_z,7,0.617589,-0.000489,0.047424,True,False,True,keyword_z90__market_return__M6_only__p0.05_ic0.03,val,
MOEX10,sanctions_z,30,0.80309,-0.000157,0.061954,True,False,True,keyword_z90__market_return__M6_only__p0.05_ic0.03,val,
MOEX10,inflation_z,1,0.185031,0.001102,0.056344,True,False,True,keyword_z90__market_return__M6_only__p0.05_ic0.03,val,
MOEX10,inflation_z,30,0.805054,0.000157,0.044306,True,False,True,keyword_z90__market_return__M6_only__p0.05_ic0.03,val,
MOEX10,banking_z,14,0.653946,0.00044,0.046154,True,False,True,keyword_z90__market_return__M6_only__p0.05_ic0.03,val,
MOEX10,gold_z,14,0.744653,0.000324,0.063032,True,False,True,keyword_z90__market_return__M6_only__p0.05_ic0.03,val,
MOEX10,gold_z,30,0.616321,0.0003,0.090057,True,False,True,keyword_z90__market_return__M6_only__p0.05_ic0.03,val,
SP500,oil_z,7,0.674771,-0.000179,0.052677,True,False,True,keyword_z90__abs_return__M6_only__p0.05_ic0.03,train,
SP500,oil_z,14,0.786231,0.000119,0.101432,True,False,True,keyword_z90__abs_return__M6_only__p0.05_ic0.03,train,
SP500,rate_z,1,0.436631,-0.000385,0.050968,True,False,True,keyword_z90__abs_return__M6_only__p0.05_ic0.03,train,
SP500,rate_z,7,0.858143,6.7e-05,0.054651,True,False,True,keyword_z90__abs_return__M6_only__p0.05_ic0.03,train,
SP500,rate_z,14,0.937675,-3e-05,0.070988,True,False,True,keyword_z90__abs_return__M6_only__p0.05_ic0.03,train,
SP500,ruble_z,1,0.633734,0.000233,0.056563,True,False,True,keyword_z90__abs_return__M6_only__p0.05_ic0.03,train,
SP500,sanctions_z,1,0.442961,-0.000367,0.069769,True,False,True,keyword_z90__abs_return__M6_only__p0.05_ic0.03,train,
SP500,sanctions_z,7,0.775124,-0.000137,0.07087,True,False,True,keyword_z90__abs_return__M6_only__p0.05_ic0.03,train,
SP500,inflation_z,1,0.497047,-0.000335,0.0398,True,False,True,keyword_z90__abs_return__M6_only__p0.05_ic0.03,train,
SP500,inflation_z,7,0.505228,-0.000242,0.084663,True,False,True,keyword_z90__abs_return__M6_only__p0.05_ic0.03,train,
SP500,inflation_z,30,0.629984,-0.000222,0.072657,True,False,True,keyword_z90__abs_return__M6_only__p0.05_ic0.03,train,
SP500,banking_z,1,0.858051,-8.6e-05,0.050753,True,False,True,keyword_z90__abs_return__M6_only__p0.05_ic0.03,train,
SP500,banking_z,14,0.650038,0.000181,0.046217,True,False,True,keyword_z90__abs_return__M6_only__p0.05_ic0.03,train,
SP500,banking_z,30,0.509045,-0.000303,0.03369,True,False,True,keyword_z90__abs_return__M6_only__p0.05_ic0.03,train,
SP500,gold_z,7,0.75278,0.000148,0.0567,True,False,True,keyword_z90__abs_return__M6_only__p0.05_ic0.03,train,
USD_RUB,oil_z,14,0.669243,0.00057,0.058023,True,False,True,keyword_z90__abs_return__M6_only__p0.05_ic0.03,train,
USD_RUB,oil_z,30,0.468605,0.000579,0.082949,True,False,True,keyword_z90__abs_return__M6_only__p0.05_ic0.03,train,
USD_RUB,rate_z,1,0.931775,0.000102,0.104792,True,False,True,keyword_z90__abs_return__M6_only__p0.05_ic0.03,train,
USD_RUB,rate_z,30,0.364143,0.000751,0.082972,True,False,True,keyword_z90__abs_return__M6_only__p0.05_ic0.03,train,
USD_RUB,ruble_z,1,0.113253,0.002069,0.039455,True,False,True,keyword_z90__abs_return__M6_only__p0.05_ic0.03,train,
USD_RUB,ruble_z,7,0.158087,0.001895,0.047584,True,False,True,keyword_z90__abs_return__M6_only__p0.05_ic0.03,train,
USD_RUB,ruble_z,14,0.981602,-3.2e-05,0.10996,True,False,True,keyword_z90__abs_return__M6_only__p0.05_ic0.03,train,
USD_RUB,sanctions_z,14,0.608864,-0.000674,0.067202,True,False,True,keyword_z90__abs_return__M6_only__p0.05_ic0.03,train,
USD_RUB,sanctions_z,30,0.191572,-0.001215,0.059415,True,False,True,keyword_z90__abs_return__M6_only__p0.05_ic0.03,train,
EUR_RUB,oil_z,14,0.669243,0.00057,0.058023,True,False,True,keyword_z90__abs_return__M6_only__p0.05_ic0.03,train,
EUR_RUB,oil_z,30,0.468605,0.000579,0.082949,True,False,True,keyword_z90__abs_return__M6_only__p0.05_ic0.03,train,
EUR_RUB,rate_z,1,0.931775,0.000102,0.104792,True,False,True,keyword_z90__abs_return__M6_only__p0.05_ic0.03,train,
EUR_RUB,rate_z,30,0.364143,0.000751,0.082972,True,False,True,keyword_z90__abs_return__M6_only__p0.05_ic0.03,train,
EUR_RUB,ruble_z,1,0.113253,0.002069,0.039455,True,False,True,keyword_z90__abs_return__M6_only__p0.05_ic0.03,train,
EUR_RUB,ruble_z,7,0.158087,0.001895,0.047584,True,False,True,keyword_z90__abs_return__M6_only__p0.05_ic0.03,train,
EUR_RUB,ruble_z,14,0.981602,-3.2e-05,0.10996,True,False,True,keyword_z90__abs_return__M6_only__p0.05_ic0.03,train,
EUR_RUB,sanctions_z,14,0.608864,-0.000674,0.067202,True,False,True,keyword_z90__abs_return__M6_only__p0.05_ic0.03,train,
EUR_RUB,sanctions_z,30,0.191572,-0.001215,0.059415,True,False,True,keyword_z90__abs_return__M6_only__p0.05_ic0.03,train,
DJ_SOUTH_AFRICA,oil_z,7,0.684355,-0.000214,0.042102,True,False,True,keyword_z90__abs_return__M6_only__p0.05_ic0.03,train,
DJ_SOUTH_AFRICA,oil_z,30,0.708869,-0.000154,0.045327,True,False,True,keyword_z90__abs_return__M6_only__p0.05_ic0.03,train,
DJ_SOUTH_AFRICA,ruble_z,1,0.275346,0.000578,0.032713,True,False,True,keyword_z90__abs_return__M6_only__p0.05_ic0.03,train,
DJ_SOUTH_AFRICA,sanctions_z,1,0.68151,0.000202,0.045676,True,False,True,keyword_z90__abs_return__M6_only__p0.05_ic0.03,train,
DJ_SOUTH_AFRICA,sanctions_z,14,0.077867,0.000932,0.091262,True,False,True,keyword_z90__abs_return__M6_only__p0.05_ic0.03,train,
DJ_SOUTH_AFRICA,inflation_z,14,0.318795,-0.000519,0.095912,True,False,True,keyword_z90__abs_return__M6_only__p0.05_ic0.03,train,
DJ_SOUTH_AFRICA,inflation_z,30,0.792936,0.000107,0.051146,True,False,True,keyword_z90__abs_return__M6_only__p0.05_ic0.03,train,
DJ_SOUTH_AFRICA,banking_z,1,0.706646,0.000172,0.064057,True,False,True,keyword_z90__abs_return__M6_only__p0.05_ic0.03,train,
DJ_SOUTH_AFRICA,banking_z,7,0.530941,0.000297,0.067246,True,False,True,keyword_z90__abs_return__M6_only__p0.05_ic0.03,train,
DJ_SOUTH_AFRICA,banking_z,30,0.446176,-0.000325,0.126804,True,False,True,keyword_z90__abs_return__M6_only__p0.05_ic0.03,train,
DJ_SOUTH_AFRICA,gold_z,30,0.686196,0.000163,0.031556,True,False,True,keyword_z90__abs_return__M6_only__p0.05_ic0.03,train,
MSCI_WORLD,oil_z,1,0.515928,0.00033,0.047921,True,False,True,keyword_z90__abs_return__M6_only__p0.05_ic0.03,train,
MSCI_WORLD,oil_z,14,0.480434,0.000372,0.042313,True,False,True,keyword_z90__abs_return__M6_only__p0.05_ic0.03,train,
MSCI_WORLD,oil_z,30,0.230905,-0.000448,0.032198,True,False,True,keyword_z90__abs_return__M6_only__p0.05_ic0.03,train,
MSCI_WORLD,rate_z,7,0.286998,-0.000499,0.066706,True,False,True,keyword_z90__abs_return__M6_only__p0.05_ic0.03,train,
MSCI_WORLD,rate_z,14,0.691495,0.000193,0.030137,True,False,True,keyword_z90__abs_return__M6_only__p0.05_ic0.03,train,
MSCI_WORLD,rate_z,30,0.838483,8.5e-05,0.03555,True,False,True,keyword_z90__abs_return__M6_only__p0.05_ic0.03,train,
MSCI_WORLD,ruble_z,1,0.80801,-0.000126,0.085287,True,False,True,keyword_z90__abs_return__M6_only__p0.05_ic0.03,train,
MSCI_WORLD,ruble_z,7,0.916705,-5.5e-05,0.092104,True,False,True,keyword_z90__abs_return__M6_only__p0.05_ic0.03,train,
MSCI_WORLD,ruble_z,30,0.652353,-0.000161,0.047681,True,False,True,keyword_z90__abs_return__M6_only__p0.05_ic0.03,train,
MSCI_WORLD,sanctions_z,7,0.930756,4.2e-05,0.032323,True,False,True,keyword_z90__abs_return__M6_only__p0.05_ic0.03,train,
MSCI_WORLD,sanctions_z,14,0.013743,0.001235,0.099342,True,True,True,keyword_z90__abs_return__M6_only__p0.05_ic0.03,train,
MSCI_WORLD,inflation_z,1,0.738289,0.00015,0.043565,True,False,True,keyword_z90__abs_return__M6_only__p0.05_ic0.03,train,
MSCI_WORLD,inflation_z,30,0.738373,-0.000138,0.03093,True,False,True,keyword_z90__abs_return__M6_only__p0.05_ic0.03,train,
MSCI_WORLD,banking_z,7,0.202331,0.000573,0.078566,True,False,True,keyword_z90__abs_return__M6_only__p0.05_ic0.03,train,
MSCI_WORLD,banking_z,30,0.994176,-3e-06,0.038586,True,False,True,keyword_z90__abs_return__M6_only__p0.05_ic0.03,train,
DXY,oil_z,1,0.241415,-0.000289,0.079306,True,False,True,keyword_z90__abs_return__M6_only__p0.05_ic0.03,train,
DXY,oil_z,14,0.756318,-8e-05,0.045725,True,False,True,keyword_z90__abs_return__M6_only__p0.05_ic0.03,train,
DXY,oil_z,30,0.98149,4e-06,0.081297,True,False,True,keyword_z90__abs_return__M6_only__p0.05_ic0.03,train,
DXY,rate_z,1,0.305045,-0.000236,0.043022,True,False,True,keyword_z90__abs_return__M6_only__p0.05_ic0.03,train,
DXY,rate_z,7,0.242055,0.000275,0.055069,True,False,True,keyword_z90__abs_return__M6_only__p0.05_ic0.03,train,
DXY,rate_z,30,0.128375,0.000285,0.030014,True,False,True,keyword_z90__abs_return__M6_only__p0.05_ic0.03,train,
DXY,ruble_z,7,0.40204,0.000217,0.0448,True,False,True,keyword_z90__abs_return__M6_only__p0.05_ic0.03,train,
DXY,sanctions_z,1,0.949743,-1.5e-05,0.038298,True,False,True,keyword_z90__abs_return__M6_only__p0.05_ic0.03,train,
DXY,sanctions_z,14,0.107578,-0.000397,0.037527,True,False,True,keyword_z90__abs_return__M6_only__p0.05_ic0.03,train,
DXY,inflation_z,7,0.298146,0.000239,0.060182,True,False,True,keyword_z90__abs_return__M6_only__p0.05_ic0.03,train,
DXY,banking_z,1,0.225986,-0.00026,0.060445,True,False,True,keyword_z90__abs_return__M6_only__p0.05_ic0.03,train,
DXY,banking_z,14,0.771161,-6.9e-05,0.049611,True,False,True,keyword_z90__abs_return__M6_only__p0.05_ic0.03,train,
DXY,gold_z,7,0.117868,0.000383,0.0653,True,False,True,keyword_z90__abs_return__M6_only__p0.05_ic0.03,train,
DXY,gold_z,14,0.935112,-2.1e-05,0.11753,True,False,True,keyword_z90__abs_return__M6_only__p0.05_ic0.03,train,
DXY,gold_z,30,0.462316,0.000139,0.031544,True,False,True,keyword_z90__abs_return__M6_only__p0.05_ic0.03,train,
BRENT,oil_z,1,0.934569,9.7e-05,0.040599,True,False,True,keyword_z90__abs_return__M6_only__p0.05_ic0.03,train,
BRENT,oil_z,7,0.783768,0.000328,0.032286,True,False,True,keyword_z90__abs_return__M6_only__p0.05_ic0.03,train,
BRENT,oil_z,30,0.855073,0.000153,0.080005,True,False,True,keyword_z90__abs_return__M6_only__p0.05_ic0.03,train,
BRENT,rate_z,7,0.681806,0.000461,0.04961,True,False,True,keyword_z90__abs_return__M6_only__p0.05_ic0.03,train,
BRENT,ruble_z,1,0.251842,0.001377,0.040269,True,False,True,keyword_z90__abs_return__M6_only__p0.05_ic0.03,train,
BRENT,ruble_z,30,0.415329,-0.000703,0.104186,True,False,True,keyword_z90__abs_return__M6_only__p0.05_ic0.03,train,
BRENT,sanctions_z,1,0.599696,0.000587,0.031293,True,False,True,keyword_z90__abs_return__M6_only__p0.05_ic0.03,train,
BRENT,sanctions_z,7,0.959951,5.8e-05,0.055322,True,False,True,keyword_z90__abs_return__M6_only__p0.05_ic0.03,train,
BRENT,sanctions_z,14,0.322024,0.001208,0.04328,True,False,True,keyword_z90__abs_return__M6_only__p0.05_ic0.03,train,
BRENT,sanctions_z,30,0.578772,0.000471,0.042846,True,False,True,keyword_z90__abs_return__M6_only__p0.05_ic0.03,train,
BRENT,inflation_z,1,0.25473,0.00116,0.037149,True,False,True,keyword_z90__abs_return__M6_only__p0.05_ic0.03,train,
BRENT,inflation_z,14,0.683728,-0.000471,0.113375,True,False,True,keyword_z90__abs_return__M6_only__p0.05_ic0.03,train,
BRENT,inflation_z,30,0.695748,-0.00035,0.037294,True,False,True,keyword_z90__abs_return__M6_only__p0.05_ic0.03,train,
BRENT,banking_z,1,0.733678,0.00035,0.056118,True,False,True,keyword_z90__abs_return__M6_only__p0.05_ic0.03,train,
BRENT,banking_z,7,0.167223,0.001469,0.07869,True,False,True,keyword_z90__abs_return__M6_only__p0.05_ic0.03,train,
BRENT,banking_z,14,0.610021,0.000575,0.037748,True,False,True,keyword_z90__abs_return__M6_only__p0.05_ic0.03,train,
BRENT,gold_z,14,0.384611,-0.001107,0.042454,True,False,True,keyword_z90__abs_return__M6_only__p0.05_ic0.03,train,
BRENT,gold_z,30,0.444404,0.000665,0.041405,True,False,True,keyword_z90__abs_return__M6_only__p0.05_ic0.03,train,
MSCI_INDIA,rate_z,1,0.459656,-0.000333,0.037438,True,False,True,keyword_z90__abs_return__M6_only__p0.05_ic0.03,train,
MSCI_INDIA,rate_z,14,0.640732,-0.000217,0.055586,True,False,True,keyword_z90__abs_return__M6_only__p0.05_ic0.03,train,
MSCI_INDIA,ruble_z,1,0.740701,0.000163,0.07819,True,False,True,keyword_z90__abs_return__M6_only__p0.05_ic0.03,train,
MSCI_INDIA,ruble_z,14,0.754778,-0.000155,0.044447,True,False,True,keyword_z90__abs_return__M6_only__p0.05_ic0.03,train,
MSCI_INDIA,ruble_z,30,0.683962,0.000131,0.116289,True,False,True,keyword_z90__abs_return__M6_only__p0.05_ic0.03,train,
MSCI_INDIA,sanctions_z,1,0.83899,-9.3e-05,0.080438,True,False,True,keyword_z90__abs_return__M6_only__p0.05_ic0.03,train,
MSCI_INDIA,sanctions_z,7,0.665977,-0.000201,0.053177,True,False,True,keyword_z90__abs_return__M6_only__p0.05_ic0.03,train,
MSCI_INDIA,sanctions_z,30,0.751465,0.000107,0.053727,True,False,True,keyword_z90__abs_return__M6_only__p0.05_ic0.03,train,
MSCI_INDIA,inflation_z,7,0.472707,-0.000319,0.034355,True,False,True,keyword_z90__abs_return__M6_only__p0.05_ic0.03,train,
MSCI_INDIA,inflation_z,30,0.776406,9.3e-05,0.048789,True,False,True,keyword_z90__abs_return__M6_only__p0.05_ic0.03,train,
MSCI_INDIA,banking_z,7,0.634565,0.000209,0.066361,True,False,True,keyword_z90__abs_return__M6_only__p0.05_ic0.03,train,
MSCI_INDIA,banking_z,14,0.399558,0.00038,0.075537,True,False,True,keyword_z90__abs_return__M6_only__p0.05_ic0.03,train,
MSCI_INDIA,banking_z,30,0.509689,-0.000217,0.149882,True,False,True,keyword_z90__abs_return__M6_only__p0.05_ic0.03,train,
MSCI_INDIA,gold_z,1,0.56369,-0.000281,0.071787,True,False,True,keyword_z90__abs_return__M6_only__p0.05_ic0.03,train,
MSCI_INDIA,gold_z,7,0.681009,-0.000198,0.031829,True,False,True,keyword_z90__abs_return__M6_only__p0.05_ic0.03,train,
MSCI_INDIA,gold_z,14,0.235586,0.000583,0.112587,True,False,True,keyword_z90__abs_return__M6_only__p0.05_ic0.03,train,
CHINA_H_SHARES,oil_z,1,0.40783,-0.000838,0.039591,True,False,True,keyword_z90__abs_return__M6_only__p0.05_ic0.03,train,
CHINA_H_SHARES,oil_z,7,0.387937,-0.000885,0.065247,True,False,True,keyword_z90__abs_return__M6_only__p0.05_ic0.03,train,
CHINA_H_SHARES,oil_z,30,0.660497,-0.00032,0.079445,True,False,True,keyword_z90__abs_return__M6_only__p0.05_ic0.03,train,
CHINA_H_SHARES,rate_z,1,0.077804,0.001607,0.080806,True,False,True,keyword_z90__abs_return__M6_only__p0.05_ic0.03,train,
CHINA_H_SHARES,rate_z,7,0.829289,0.000209,0.083667,True,False,True,keyword_z90__abs_return__M6_only__p0.05_ic0.03,train,
CHINA_H_SHARES,rate_z,14,0.742149,0.000334,0.069295,True,False,True,keyword_z90__abs_return__M6_only__p0.05_ic0.03,train,
CHINA_H_SHARES,ruble_z,30,0.600669,-0.000389,0.037238,True,False,True,keyword_z90__abs_return__M6_only__p0.05_ic0.03,train,
CHINA_H_SHARES,sanctions_z,1,0.432642,-0.00075,0.03518,True,False,True,keyword_z90__abs_return__M6_only__p0.05_ic0.03,train,
CHINA_H_SHARES,sanctions_z,14,0.314131,0.001011,0.041394,True,False,True,keyword_z90__abs_return__M6_only__p0.05_ic0.03,train,
CHINA_H_SHARES,sanctions_z,30,0.206509,-0.000992,0.088168,True,False,True,keyword_z90__abs_return__M6_only__p0.05_ic0.03,train,
CHINA_H_SHARES,inflation_z,1,0.165664,0.001164,0.032919,True,False,True,keyword_z90__abs_return__M6_only__p0.05_ic0.03,train,
CHINA_H_SHARES,inflation_z,30,0.370746,0.000604,0.039968,True,False,True,keyword_z90__abs_return__M6_only__p0.05_ic0.03,train,
CHINA_H_SHARES,banking_z,7,0.92379,9e-05,0.051692,True,False,True,keyword_z90__abs_return__M6_only__p0.05_ic0.03,train,
CHINA_H_SHARES,banking_z,30,0.952762,-4.2e-05,0.03907,True,False,True,keyword_z90__abs_return__M6_only__p0.05_ic0.03,train,
CHINA_H_SHARES,gold_z,1,0.350576,0.000949,0.065495,True,False,True,keyword_z90__abs_return__M6_only__p0.05_ic0.03,train,
CHINA_H_SHARES,gold_z,7,0.241788,-0.001202,0.063201,True,False,True,keyword_z90__abs_return__M6_only__p0.05_ic0.03,train,
CHINA_H_SHARES,gold_z,30,0.913278,7.7e-05,0.08922,True,False,True,keyword_z90__abs_return__M6_only__p0.05_ic0.03,train,
FTSE_CHINA_50,oil_z,1,0.441792,-0.000828,0.053676,True,False,True,keyword_z90__abs_return__M6_only__p0.05_ic0.03,train,
FTSE_CHINA_50,oil_z,7,0.324901,-0.001071,0.037316,True,False,True,keyword_z90__abs_return__M6_only__p0.05_ic0.03,train,
FTSE_CHINA_50,oil_z,14,0.815168,-0.000266,0.031556,True,False,True,keyword_z90__abs_return__M6_only__p0.05_ic0.03,train,
FTSE_CHINA_50,oil_z,30,0.677564,-0.000322,0.098324,True,False,True,keyword_z90__abs_return__M6_only__p0.05_ic0.03,train,
FTSE_CHINA_50,rate_z,1,0.068636,0.001765,0.093875,True,False,True,keyword_z90__abs_return__M6_only__p0.05_ic0.03,train,
FTSE_CHINA_50,rate_z,7,0.992033,1e-05,0.07964,True,False,True,keyword_z90__abs_return__M6_only__p0.05_ic0.03,train,
FTSE_CHINA_50,rate_z,14,0.964062,4.8e-05,0.063565,True,False,True,keyword_z90__abs_return__M6_only__p0.05_ic0.03,train,
FTSE_CHINA_50,ruble_z,14,0.898351,-0.000149,0.04228,True,False,True,keyword_z90__abs_return__M6_only__p0.05_ic0.03,train,
FTSE_CHINA_50,sanctions_z,1,0.468177,-0.000737,0.0388,True,False,True,keyword_z90__abs_return__M6_only__p0.05_ic0.03,train,
FTSE_CHINA_50,sanctions_z,7,0.611237,-0.000527,0.056702,True,False,True,keyword_z90__abs_return__M6_only__p0.05_ic0.03,train,
FTSE_CHINA_50,sanctions_z,14,0.507523,0.000702,0.046479,True,False,True,keyword_z90__abs_return__M6_only__p0.05_ic0.03,train,
FTSE_CHINA_50,sanctions_z,30,0.130101,-0.001283,0.085425,True,False,True,keyword_z90__abs_return__M6_only__p0.05_ic0.03,train,
FTSE_CHINA_50,inflation_z,30,0.340142,0.00068,0.037709,True,False,True,keyword_z90__abs_return__M6_only__p0.05_ic0.03,train,
FTSE_CHINA_50,banking_z,7,0.999898,0.0,0.053645,True,False,True,keyword_z90__abs_return__M6_only__p0.05_ic0.03,train,
FTSE_CHINA_50,banking_z,30,0.749023,0.000246,0.044321,True,False,True,keyword_z90__abs_return__M6_only__p0.05_ic0.03,train,
FTSE_CHINA_50,gold_z,1,0.275252,0.001179,0.071464,True,False,True,keyword_z90__abs_return__M6_only__p0.05_ic0.03,train,
FTSE_CHINA_50,gold_z,7,0.267547,-0.001207,0.078178,True,False,True,keyword_z90__abs_return__M6_only__p0.05_ic0.03,train,
FTSE_CHINA_50,gold_z,30,0.749233,0.000249,0.110786,True,False,True,keyword_z90__abs_return__M6_only__p0.05_ic0.03,train,
GOLD,oil_z,1,0.34101,0.000522,0.07395,True,False,True,keyword_z90__abs_return__M6_only__p0.05_ic0.03,train,
GOLD,oil_z,7,0.530879,-0.000351,0.030705,True,False,True,keyword_z90__abs_return__M6_only__p0.05_ic0.03,train,
GOLD,oil_z,30,0.893705,-4e-05,0.054444,True,False,True,keyword_z90__abs_return__M6_only__p0.05_ic0.03,train,
GOLD,rate_z,1,0.932012,4.2e-05,0.094395,True,False,True,keyword_z90__abs_return__M6_only__p0.05_ic0.03,train,
GOLD,rate_z,14,0.196231,-0.000713,0.079474,True,False,True,keyword_z90__abs_return__M6_only__p0.05_ic0.03,train,
GOLD,rate_z,30,0.993761,3e-06,0.041495,True,False,True,keyword_z90__abs_return__M6_only__p0.05_ic0.03,train,
GOLD,ruble_z,30,0.854678,5.5e-05,0.147012,True,False,True,keyword_z90__abs_return__M6_only__p0.05_ic0.03,train,
GOLD,sanctions_z,1,0.987283,8e-06,0.030932,True,False,True,keyword_z90__abs_return__M6_only__p0.05_ic0.03,train,
GOLD,sanctions_z,14,0.18148,0.000767,0.068935,True,False,True,keyword_z90__abs_return__M6_only__p0.05_ic0.03,train,
GOLD,sanctions_z,30,0.068839,-0.000599,0.064614,True,False,True,keyword_z90__abs_return__M6_only__p0.05_ic0.03,train,
GOLD,inflation_z,7,0.016276,-0.001157,0.137763,True,True,True,keyword_z90__abs_return__M6_only__p0.05_ic0.03,train,
GOLD,banking_z,7,0.248401,0.000596,0.047184,True,False,True,keyword_z90__abs_return__M6_only__p0.05_ic0.03,train,
GOLD,banking_z,30,0.881961,4e-05,0.046343,True,False,True,keyword_z90__abs_return__M6_only__p0.05_ic0.03,train,
GOLD,gold_z,1,0.944119,3.7e-05,0.035231,True,False,True,keyword_z90__abs_return__M6_only__p0.05_ic0.03,train,
GOLD,gold_z,7,0.961095,2.7e-05,0.106271,True,False,True,keyword_z90__abs_return__M6_only__p0.05_ic0.03,train,
GOLD,gold_z,14,0.054482,-0.001126,0.079697,True,False,True,keyword_z90__abs_return__M6_only__p0.05_ic0.03,train,
GOLD,gold_z,30,0.494083,-0.000236,0.038923,True,False,True,keyword_z90__abs_return__M6_only__p0.05_ic0.03,train,
SILVER,oil_z,30,0.579967,0.000373,0.050161,True,False,True,keyword_z90__abs_return__M6_only__p0.05_ic0.03,train,
SILVER,rate_z,1,0.42954,0.000799,0.03665,True,False,True,keyword_z90__abs_return__M6_only__p0.05_ic0.03,train,
SILVER,rate_z,7,0.269022,-0.001146,0.157618,True,False,True,keyword_z90__abs_return__M6_only__p0.05_ic0.03,train,
SILVER,rate_z,14,0.772639,-0.000323,0.110257,True,False,True,keyword_z90__abs_return__M6_only__p0.05_ic0.03,train,
SILVER,rate_z,30,0.358764,-0.000659,0.032927,True,False,True,keyword_z90__abs_return__M6_only__p0.05_ic0.03,train,
SILVER,ruble_z,30,0.578471,0.000335,0.03425,True,False,True,keyword_z90__abs_return__M6_only__p0.05_ic0.03,train,
SILVER,sanctions_z,7,0.673094,-0.000471,0.073783,True,False,True,keyword_z90__abs_return__M6_only__p0.05_ic0.03,train,
SILVER,sanctions_z,14,0.240257,0.001309,0.032847,True,False,True,keyword_z90__abs_return__M6_only__p0.05_ic0.03,train,
SILVER,inflation_z,7,0.187856,-0.001355,0.046254,True,False,True,keyword_z90__abs_return__M6_only__p0.05_ic0.03,train,
SILVER,inflation_z,30,0.354288,-0.000672,0.050847,True,False,True,keyword_z90__abs_return__M6_only__p0.05_ic0.03,train,
SILVER,banking_z,1,0.956593,5.6e-05,0.098992,True,False,True,keyword_z90__abs_return__M6_only__p0.05_ic0.03,train,
SILVER,banking_z,14,0.864915,-0.000187,0.042922,True,False,True,keyword_z90__abs_return__M6_only__p0.05_ic0.03,train,
SILVER,banking_z,30,0.526918,-0.000414,0.036343,True,False,True,keyword_z90__abs_return__M6_only__p0.05_ic0.03,train,
SILVER,gold_z,1,0.186578,0.001428,0.033892,True,False,True,keyword_z90__abs_return__M6_only__p0.05_ic0.03,train,
SILVER,gold_z,14,0.987302,-1.9e-05,0.046737,True,False,True,keyword_z90__abs_return__M6_only__p0.05_ic0.03,train,
SILVER,gold_z,30,0.199216,-0.000787,0.039094,True,False,True,keyword_z90__abs_return__M6_only__p0.05_ic0.03,train,
IMOEX,oil_z,1,0.241267,0.001565,0.05802,True,False,True,keyword_z90__abs_return__M6_only__p0.05_ic0.03,train,
IMOEX,rate_z,1,0.302493,0.001287,0.044346,True,False,True,keyword_z90__abs_return__M6_only__p0.05_ic0.03,train,
IMOEX,rate_z,7,0.225847,-0.001583,0.041959,True,False,True,keyword_z90__abs_return__M6_only__p0.05_ic0.03,train,
IMOEX,rate_z,14,0.267373,-0.001495,0.081706,True,False,True,keyword_z90__abs_return__M6_only__p0.05_ic0.03,train,
IMOEX,rate_z,30,0.42655,-0.000376,0.135467,True,False,True,keyword_z90__abs_return__M6_only__p0.05_ic0.03,train,
IMOEX,ruble_z,1,0.760046,0.000422,0.148604,True,False,True,keyword_z90__abs_return__M6_only__p0.05_ic0.03,train,
IMOEX,ruble_z,7,0.030589,0.003039,0.033314,True,True,True,keyword_z90__abs_return__M6_only__p0.05_ic0.03,train,
IMOEX,ruble_z,14,0.330082,0.001412,0.074608,True,False,True,keyword_z90__abs_return__M6_only__p0.05_ic0.03,train,
IMOEX,ruble_z,30,0.836146,-9.8e-05,0.05881,True,False,True,keyword_z90__abs_return__M6_only__p0.05_ic0.03,train,
IMOEX,sanctions_z,14,0.773491,-0.000408,0.030498,True,False,True,keyword_z90__abs_return__M6_only__p0.05_ic0.03,train,
IMOEX,inflation_z,1,0.206771,0.001492,0.065246,True,False,True,keyword_z90__abs_return__M6_only__p0.05_ic0.03,train,
IMOEX,inflation_z,30,0.517246,-0.000304,0.090004,True,False,True,keyword_z90__abs_return__M6_only__p0.05_ic0.03,train,
IMOEX,banking_z,7,0.192035,0.001659,0.051183,True,False,True,keyword_z90__abs_return__M6_only__p0.05_ic0.03,train,
IMOEX,banking_z,30,0.082421,0.000879,0.062396,True,False,True,keyword_z90__abs_return__M6_only__p0.05_ic0.03,train,
IMOEX,gold_z,1,0.318999,0.001335,0.036102,True,False,True,keyword_z90__abs_return__M6_only__p0.05_ic0.03,train,
IMOEX,gold_z,30,0.32903,0.000479,0.058059,True,False,True,keyword_z90__abs_return__M6_only__p0.05_ic0.03,train,
MOEXFN,oil_z,1,0.35886,0.001345,0.141913,True,False,True,keyword_z90__abs_return__M6_only__p0.05_ic0.03,train,
MOEXFN,oil_z,7,0.327415,0.001474,0.058013,True,False,True,keyword_z90__abs_return__M6_only__p0.05_ic0.03,train,
MOEXFN,oil_z,14,0.615638,0.000809,0.03238,True,False,True,keyword_z90__abs_return__M6_only__p0.05_ic0.03,train,
MOEXFN,rate_z,14,0.668345,-0.000621,0.031864,True,False,True,keyword_z90__abs_return__M6_only__p0.05_ic0.03,train,
MOEXFN,rate_z,30,0.992962,-5e-06,0.035654,True,False,True,keyword_z90__abs_return__M6_only__p0.05_ic0.03,train,
MOEXFN,ruble_z,1,0.651686,0.000684,0.073503,True,False,True,keyword_z90__abs_return__M6_only__p0.05_ic0.03,train,
MOEXFN,ruble_z,7,0.210373,0.001907,0.063143,True,False,True,keyword_z90__abs_return__M6_only__p0.05_ic0.03,train,
MOEXFN,ruble_z,14,0.529995,0.000975,0.057802,True,False,True,keyword_z90__abs_return__M6_only__p0.05_ic0.03,train,
MOEXFN,sanctions_z,1,0.055615,-0.002728,0.069608,True,False,True,keyword_z90__abs_return__M6_only__p0.05_ic0.03,train,
MOEXFN,sanctions_z,7,0.912224,0.000165,0.043289,True,False,True,keyword_z90__abs_return__M6_only__p0.05_ic0.03,train,
MOEXFN,inflation_z,1,0.243349,0.00151,0.037658,True,False,True,keyword_z90__abs_return__M6_only__p0.05_ic0.03,train,
MOEXFN,inflation_z,7,0.406856,-0.001143,0.037605,True,False,True,keyword_z90__abs_return__M6_only__p0.05_ic0.03,train,
MOEXFN,inflation_z,30,0.423753,0.000414,0.052149,True,False,True,keyword_z90__abs_return__M6_only__p0.05_ic0.03,train,
MOEXFN,banking_z,7,0.475827,0.000972,0.076668,True,False,True,keyword_z90__abs_return__M6_only__p0.05_ic0.03,train,
MOEXFN,banking_z,14,0.133861,-0.002145,0.069917,True,False,True,keyword_z90__abs_return__M6_only__p0.05_ic0.03,train,
MOEXFN,gold_z,7,0.180048,-0.001986,0.040764,True,False,True,keyword_z90__abs_return__M6_only__p0.05_ic0.03,train,
MOEXOG,oil_z,1,0.217002,0.001658,0.111311,True,False,True,keyword_z90__abs_return__M6_only__p0.05_ic0.03,train,
MOEXOG,oil_z,7,0.458403,0.001038,0.035958,True,False,True,keyword_z90__abs_return__M6_only__p0.05_ic0.03,train,
MOEXOG,rate_z,1,0.217569,0.001551,0.068228,True,False,True,keyword_z90__abs_return__M6_only__p0.05_ic0.03,train,
MOEXOG,ruble_z,1,0.774765,0.000397,0.105734,True,False,True,keyword_z90__abs_return__M6_only__p0.05_ic0.03,train,
MOEXOG,ruble_z,7,0.066386,0.002596,0.04613,True,False,True,keyword_z90__abs_return__M6_only__p0.05_ic0.03,train,
MOEXOG,ruble_z,30,0.942771,-3.5e-05,0.034552,True,False,True,keyword_z90__abs_return__M6_only__p0.05_ic0.03,train,
MOEXOG,sanctions_z,7,0.40942,-0.00114,0.045636,True,False,True,keyword_z90__abs_return__M6_only__p0.05_ic0.03,train,
MOEXOG,sanctions_z,14,0.395047,-0.001229,0.041884,True,False,True,keyword_z90__abs_return__M6_only__p0.05_ic0.03,train,
MOEXOG,sanctions_z,30,0.742654,-0.000179,0.093507,True,False,True,keyword_z90__abs_return__M6_only__p0.05_ic0.03,train,
MOEXOG,inflation_z,1,0.10337,0.001948,0.118261,True,False,True,keyword_z90__abs_return__M6_only__p0.05_ic0.03,train,
MOEXOG,inflation_z,30,0.823015,0.000106,0.176388,True,False,True,keyword_z90__abs_return__M6_only__p0.05_ic0.03,train,
MOEXOG,banking_z,30,0.117631,0.000761,0.066538,True,False,True,keyword_z90__abs_return__M6_only__p0.05_ic0.03,train,
MOEXOG,gold_z,1,0.20217,0.001717,0.032148,True,False,True,keyword_z90__abs_return__M6_only__p0.05_ic0.03,train,
MOEXOG,gold_z,7,0.765326,-0.000412,0.045393,True,False,True,keyword_z90__abs_return__M6_only__p0.05_ic0.03,train,
MOEXOG,gold_z,30,0.479948,0.000344,0.062598,True,False,True,keyword_z90__abs_return__M6_only__p0.05_ic0.03,train,
MOEX10,oil_z,1,0.373678,0.001125,0.166146,True,False,True,keyword_z90__abs_return__M6_only__p0.05_ic0.03,train,
MOEX10,oil_z,7,0.486742,0.000908,0.071793,True,False,True,keyword_z90__abs_return__M6_only__p0.05_ic0.03,train,
MOEX10,oil_z,14,0.729346,0.000482,0.070494,True,False,True,keyword_z90__abs_return__M6_only__p0.05_ic0.03,train,
MOEX10,rate_z,1,0.388703,0.00102,0.035703,True,False,True,keyword_z90__abs_return__M6_only__p0.05_ic0.03,train,
MOEX10,rate_z,7,0.307808,-0.001226,0.052361,True,False,True,keyword_z90__abs_return__M6_only__p0.05_ic0.03,train,
MOEX10,rate_z,30,0.448297,-0.000355,0.057171,True,False,True,keyword_z90__abs_return__M6_only__p0.05_ic0.03,train,
MOEX10,ruble_z,1,0.97193,-4.6e-05,0.104781,True,False,True,keyword_z90__abs_return__M6_only__p0.05_ic0.03,train,
MOEX10,ruble_z,7,0.129221,0.002002,0.046329,True,False,True,keyword_z90__abs_return__M6_only__p0.05_ic0.03,train,
MOEX10,ruble_z,14,0.454584,0.001013,0.039264,True,False,True,keyword_z90__abs_return__M6_only__p0.05_ic0.03,train,
MOEX10,sanctions_z,7,0.626323,-0.000631,0.073329,True,False,True,keyword_z90__abs_return__M6_only__p0.05_ic0.03,train,
MOEX10,sanctions_z,30,0.485861,-0.000367,0.06018,True,False,True,keyword_z90__abs_return__M6_only__p0.05_ic0.03,train,
MOEX10,inflation_z,1,0.273581,0.00123,0.046451,True,False,True,keyword_z90__abs_return__M6_only__p0.05_ic0.03,train,
MOEX10,inflation_z,30,0.789904,0.000118,0.079518,True,False,True,keyword_z90__abs_return__M6_only__p0.05_ic0.03,train,
MOEX10,banking_z,14,0.083063,-0.002167,0.030632,True,False,True,keyword_z90__abs_return__M6_only__p0.05_ic0.03,train,
MOEX10,gold_z,14,0.957256,-7.3e-05,0.036638,True,False,True,keyword_z90__abs_return__M6_only__p0.05_ic0.03,train,
MOEX10,gold_z,30,0.68044,0.000189,0.065892,True,False,True,keyword_z90__abs_return__M6_only__p0.05_ic0.03,train,
SP500,rate_z,14,0.44573,-0.000451,0.0907,True,False,True,keyword_z90__abs_return__M6_only__p0.05_ic0.03,val,
SP500,ruble_z,1,0.990359,7e-06,0.066527,True,False,True,keyword_z90__abs_return__M6_only__p0.05_ic0.03,val,
SP500,sanctions_z,7,0.165908,-0.000795,0.112455,True,False,True,keyword_z90__abs_return__M6_only__p0.05_ic0.03,val,
SP500,inflation_z,1,0.48642,-0.000362,0.055067,True,False,True,keyword_z90__abs_return__M6_only__p0.05_ic0.03,val,
SP500,inflation_z,7,0.469922,0.000402,0.068524,True,False,True,keyword_z90__abs_return__M6_only__p0.05_ic0.03,val,
SP500,banking_z,1,0.965205,-2.2e-05,0.098035,True,False,True,keyword_z90__abs_return__M6_only__p0.05_ic0.03,val,
SP500,banking_z,30,0.205286,0.000663,0.089745,True,False,True,keyword_z90__abs_return__M6_only__p0.05_ic0.03,val,
USD_RUB,oil_z,14,0.366486,-0.000696,0.04054,True,False,True,keyword_z90__abs_return__M6_only__p0.05_ic0.03,val,
USD_RUB,oil_z,30,0.671243,-0.000193,0.090984,True,False,True,keyword_z90__abs_return__M6_only__p0.05_ic0.03,val,
USD_RUB,rate_z,1,0.061431,-0.00124,0.143484,True,False,True,keyword_z90__abs_return__M6_only__p0.05_ic0.03,val,
USD_RUB,rate_z,30,0.797157,-0.000124,0.034876,True,False,True,keyword_z90__abs_return__M6_only__p0.05_ic0.03,val,
USD_RUB,ruble_z,1,0.512259,-0.000494,0.13468,True,False,True,keyword_z90__abs_return__M6_only__p0.05_ic0.03,val,
USD_RUB,ruble_z,7,0.619103,-0.0004,0.153537,True,False,True,keyword_z90__abs_return__M6_only__p0.05_ic0.03,val,
USD_RUB,ruble_z,14,0.993181,7e-06,0.089959,True,False,True,keyword_z90__abs_return__M6_only__p0.05_ic0.03,val,
USD_RUB,sanctions_z,14,0.616496,-0.000414,0.03384,True,False,True,keyword_z90__abs_return__M6_only__p0.05_ic0.03,val,
USD_RUB,sanctions_z,30,0.868685,-6.9e-05,0.043892,True,False,True,keyword_z90__abs_return__M6_only__p0.05_ic0.03,val,
EUR_RUB,oil_z,14,0.366486,-0.000696,0.04054,True,False,True,keyword_z90__abs_return__M6_only__p0.05_ic0.03,val,
EUR_RUB,oil_z,30,0.671243,-0.000193,0.090984,True,False,True,keyword_z90__abs_return__M6_only__p0.05_ic0.03,val,
EUR_RUB,rate_z,1,0.061431,-0.00124,0.143484,True,False,True,keyword_z90__abs_return__M6_only__p0.05_ic0.03,val,
EUR_RUB,rate_z,30,0.797157,-0.000124,0.034876,True,False,True,keyword_z90__abs_return__M6_only__p0.05_ic0.03,val,
EUR_RUB,ruble_z,1,0.512259,-0.000494,0.13468,True,False,True,keyword_z90__abs_return__M6_only__p0.05_ic0.03,val,
EUR_RUB,ruble_z,7,0.619103,-0.0004,0.153537,True,False,True,keyword_z90__abs_return__M6_only__p0.05_ic0.03,val,
EUR_RUB,ruble_z,14,0.993181,7e-06,0.089959,True,False,True,keyword_z90__abs_return__M6_only__p0.05_ic0.03,val,
EUR_RUB,sanctions_z,14,0.616496,-0.000414,0.03384,True,False,True,keyword_z90__abs_return__M6_only__p0.05_ic0.03,val,
EUR_RUB,sanctions_z,30,0.868685,-6.9e-05,0.043892,True,False,True,keyword_z90__abs_return__M6_only__p0.05_ic0.03,val,
DJ_SOUTH_AFRICA,oil_z,30,0.329438,0.000357,0.059431,True,False,True,keyword_z90__abs_return__M6_only__p0.05_ic0.03,val,
DJ_SOUTH_AFRICA,sanctions_z,1,0.701794,0.000209,0.068892,True,False,True,keyword_z90__abs_return__M6_only__p0.05_ic0.03,val,
DJ_SOUTH_AFRICA,inflation_z,30,0.757818,0.00012,0.089704,True,False,True,keyword_z90__abs_return__M6_only__p0.05_ic0.03,val,
DJ_SOUTH_AFRICA,banking_z,1,0.614026,-0.000239,0.03293,True,False,True,keyword_z90__abs_return__M6_only__p0.05_ic0.03,val,
DJ_SOUTH_AFRICA,banking_z,7,0.706225,0.000193,0.063582,True,False,True,keyword_z90__abs_return__M6_only__p0.05_ic0.03,val,
MSCI_WORLD,oil_z,1,0.822393,-0.000105,0.030421,True,False,True,keyword_z90__abs_return__M6_only__p0.05_ic0.03,val,
MSCI_WORLD,rate_z,14,0.205111,-0.000647,0.038536,True,False,True,keyword_z90__abs_return__M6_only__p0.05_ic0.03,val,
MSCI_WORLD,ruble_z,1,0.997766,-1e-06,0.061924,True,False,True,keyword_z90__abs_return__M6_only__p0.05_ic0.03,val,
MSCI_WORLD,ruble_z,30,0.836059,-7.8e-05,0.059584,True,False,True,keyword_z90__abs_return__M6_only__p0.05_ic0.03,val,
MSCI_WORLD,sanctions_z,7,0.814036,-0.000125,0.097678,True,False,True,keyword_z90__abs_return__M6_only__p0.05_ic0.03,val,
MSCI_WORLD,sanctions_z,14,0.530853,-0.000351,0.052141,True,False,True,keyword_z90__abs_return__M6_only__p0.05_ic0.03,val,
MSCI_WORLD,inflation_z,30,0.33439,0.000362,0.112708,True,False,True,keyword_z90__abs_return__M6_only__p0.05_ic0.03,val,
MSCI_WORLD,banking_z,7,0.977624,-1.3e-05,0.032354,True,False,True,keyword_z90__abs_return__M6_only__p0.05_ic0.03,val,
DXY,oil_z,14,0.85728,-4.4e-05,0.03595,True,False,True,keyword_z90__abs_return__M6_only__p0.05_ic0.03,val,
DXY,oil_z,30,0.251024,-0.000166,0.117788,True,False,True,keyword_z90__abs_return__M6_only__p0.05_ic0.03,val,
DXY,rate_z,1,0.920674,2.1e-05,0.047239,True,False,True,keyword_z90__abs_return__M6_only__p0.05_ic0.03,val,
DXY,rate_z,7,0.699138,-8.6e-05,0.057016,True,False,True,keyword_z90__abs_return__M6_only__p0.05_ic0.03,val,
DXY,rate_z,30,0.682333,-6e-05,0.085083,True,False,True,keyword_z90__abs_return__M6_only__p0.05_ic0.03,val,
DXY,ruble_z,7,0.277957,0.000275,0.094955,True,False,True,keyword_z90__abs_return__M6_only__p0.05_ic0.03,val,
DXY,sanctions_z,14,0.003657,-0.000737,0.143691,True,True,True,keyword_z90__abs_return__M6_only__p0.05_ic0.03,val,
DXY,inflation_z,7,0.396128,-0.00019,0.092818,True,False,True,keyword_z90__abs_return__M6_only__p0.05_ic0.03,val,
DXY,banking_z,1,0.489914,-0.000139,0.032461,True,False,True,keyword_z90__abs_return__M6_only__p0.05_ic0.03,val,
DXY,banking_z,14,0.737277,-7.9e-05,0.139941,True,False,True,keyword_z90__abs_return__M6_only__p0.05_ic0.03,val,
DXY,gold_z,7,0.85484,-4.2e-05,0.043217,True,False,True,keyword_z90__abs_return__M6_only__p0.05_ic0.03,val,
DXY,gold_z,14,0.752623,-7.8e-05,0.108727,True,False,True,keyword_z90__abs_return__M6_only__p0.05_ic0.03,val,
BRENT,oil_z,1,0.524959,0.000552,0.10323,True,False,True,keyword_z90__abs_return__M6_only__p0.05_ic0.03,val,
BRENT,ruble_z,30,0.462775,0.000455,0.050886,True,False,True,keyword_z90__abs_return__M6_only__p0.05_ic0.03,val,
BRENT,sanctions_z,7,0.430051,-0.000766,0.041897,True,False,True,keyword_z90__abs_return__M6_only__p0.05_ic0.03,val,
BRENT,sanctions_z,14,0.413688,0.000847,0.066856,True,False,True,keyword_z90__abs_return__M6_only__p0.05_ic0.03,val,
BRENT,inflation_z,30,0.40077,-0.000556,0.098098,True,False,True,keyword_z90__abs_return__M6_only__p0.05_ic0.03,val,
BRENT,banking_z,1,0.848847,0.000153,0.056424,True,False,True,keyword_z90__abs_return__M6_only__p0.05_ic0.03,val,
BRENT,banking_z,14,0.270608,-0.001031,0.060488,True,False,True,keyword_z90__abs_return__M6_only__p0.05_ic0.03,val,
BRENT,gold_z,30,0.916536,-6.5e-05,0.129628,True,False,True,keyword_z90__abs_return__M6_only__p0.05_ic0.03,val,
MSCI_INDIA,rate_z,14,0.801979,0.000146,0.04799,True,False,True,keyword_z90__abs_return__M6_only__p0.05_ic0.03,val,
MSCI_INDIA,ruble_z,30,0.80238,-8.9e-05,0.126476,True,False,True,keyword_z90__abs_return__M6_only__p0.05_ic0.03,val,
MSCI_INDIA,sanctions_z,1,0.16053,0.000774,0.048945,True,False,True,keyword_z90__abs_return__M6_only__p0.05_ic0.03,val,
MSCI_INDIA,inflation_z,7,0.256916,0.000608,0.033044,True,False,True,keyword_z90__abs_return__M6_only__p0.05_ic0.03,val,
MSCI_INDIA,banking_z,7,0.934626,-4.4e-05,0.05394,True,False,True,keyword_z90__abs_return__M6_only__p0.05_ic0.03,val,
MSCI_INDIA,gold_z,7,0.775145,0.000156,0.064917,True,False,True,keyword_z90__abs_return__M6_only__p0.05_ic0.03,val,
CHINA_H_SHARES,oil_z,7,0.184662,-0.001479,0.102726,True,False,True,keyword_z90__abs_return__M6_only__p0.05_ic0.03,val,
CHINA_H_SHARES,oil_z,30,0.957862,3.4e-05,0.187465,True,False,True,keyword_z90__abs_return__M6_only__p0.05_ic0.03,val,
CHINA_H_SHARES,rate_z,1,0.086284,-0.001711,0.037726,True,False,True,keyword_z90__abs_return__M6_only__p0.05_ic0.03,val,
CHINA_H_SHARES,rate_z,7,0.805861,0.000273,0.033374,True,False,True,keyword_z90__abs_return__M6_only__p0.05_ic0.03,val,
CHINA_H_SHARES,ruble_z,30,0.644688,0.000359,0.080033,True,False,True,keyword_z90__abs_return__M6_only__p0.05_ic0.03,val,
CHINA_H_SHARES,sanctions_z,1,0.927087,0.000103,0.112037,True,False,True,keyword_z90__abs_return__M6_only__p0.05_ic0.03,val,
CHINA_H_SHARES,sanctions_z,14,0.379267,0.001133,0.04581,True,False,True,keyword_z90__abs_return__M6_only__p0.05_ic0.03,val,
CHINA_H_SHARES,sanctions_z,30,0.580477,-0.000352,0.031876,True,False,True,keyword_z90__abs_return__M6_only__p0.05_ic0.03,val,
CHINA_H_SHARES,inflation_z,1,0.974601,3.2e-05,0.107715,True,False,True,keyword_z90__abs_return__M6_only__p0.05_ic0.03,val,
CHINA_H_SHARES,banking_z,7,0.865078,-0.000182,0.106799,True,False,True,keyword_z90__abs_return__M6_only__p0.05_ic0.03,val,
CHINA_H_SHARES,banking_z,30,0.771042,0.000221,0.097685,True,False,True,keyword_z90__abs_return__M6_only__p0.05_ic0.03,val,
CHINA_H_SHARES,gold_z,1,0.785671,-0.000289,0.05055,True,False,True,keyword_z90__abs_return__M6_only__p0.05_ic0.03,val,
CHINA_H_SHARES,gold_z,7,0.019634,-0.00262,0.051058,True,True,True,keyword_z90__abs_return__M6_only__p0.05_ic0.03,val,
FTSE_CHINA_50,oil_z,1,0.708544,-0.000391,0.053807,True,False,True,keyword_z90__abs_return__M6_only__p0.05_ic0.03,val,
FTSE_CHINA_50,oil_z,7,0.129051,-0.001676,0.109517,True,False,True,keyword_z90__abs_return__M6_only__p0.05_ic0.03,val,
FTSE_CHINA_50,oil_z,30,0.852538,-0.000126,0.135377,True,False,True,keyword_z90__abs_return__M6_only__p0.05_ic0.03,val,
FTSE_CHINA_50,rate_z,1,0.255951,-0.001131,0.102154,True,False,True,keyword_z90__abs_return__M6_only__p0.05_ic0.03,val,
FTSE_CHINA_50,rate_z,7,0.979859,-2.8e-05,0.075688,True,False,True,keyword_z90__abs_return__M6_only__p0.05_ic0.03,val,
FTSE_CHINA_50,ruble_z,14,0.871141,-0.000217,0.039737,True,False,True,keyword_z90__abs_return__M6_only__p0.05_ic0.03,val,
FTSE_CHINA_50,sanctions_z,7,0.899557,-0.000146,0.057907,True,False,True,keyword_z90__abs_return__M6_only__p0.05_ic0.03,val,
FTSE_CHINA_50,sanctions_z,30,0.813653,0.000145,0.052577,True,False,True,keyword_z90__abs_return__M6_only__p0.05_ic0.03,val,
FTSE_CHINA_50,inflation_z,30,0.607158,0.000346,0.08312,True,False,True,keyword_z90__abs_return__M6_only__p0.05_ic0.03,val,
FTSE_CHINA_50,banking_z,7,0.810042,-0.000257,0.048861,True,False,True,keyword_z90__abs_return__M6_only__p0.05_ic0.03,val,
FTSE_CHINA_50,banking_z,30,0.089453,0.001309,0.031761,True,False,True,keyword_z90__abs_return__M6_only__p0.05_ic0.03,val,
FTSE_CHINA_50,gold_z,1,0.548755,-0.000636,0.076675,True,False,True,keyword_z90__abs_return__M6_only__p0.05_ic0.03,val,
FTSE_CHINA_50,gold_z,30,0.758023,0.000195,0.123731,True,False,True,keyword_z90__abs_return__M6_only__p0.05_ic0.03,val,
GOLD,oil_z,1,0.796693,0.00017,0.090759,True,False,True,keyword_z90__abs_return__M6_only__p0.05_ic0.03,val,
GOLD,oil_z,30,0.842296,-6.6e-05,0.062905,True,False,True,keyword_z90__abs_return__M6_only__p0.05_ic0.03,val,
GOLD,rate_z,1,0.194075,-0.00085,0.106621,True,False,True,keyword_z90__abs_return__M6_only__p0.05_ic0.03,val,
GOLD,rate_z,14,0.443351,0.000636,0.15969,True,False,True,keyword_z90__abs_return__M6_only__p0.05_ic0.03,val,
GOLD,rate_z,30,0.823015,-8.4e-05,0.072395,True,False,True,keyword_z90__abs_return__M6_only__p0.05_ic0.03,val,
GOLD,sanctions_z,1,0.967286,-3e-05,0.054017,True,False,True,keyword_z90__abs_return__M6_only__p0.05_ic0.03,val,
GOLD,sanctions_z,14,0.089171,0.001506,0.043302,True,False,True,keyword_z90__abs_return__M6_only__p0.05_ic0.03,val,
GOLD,inflation_z,7,0.313744,0.00072,0.031828,True,False,True,keyword_z90__abs_return__M6_only__p0.05_ic0.03,val,
GOLD,banking_z,30,0.924474,-3.1e-05,0.045128,True,False,True,keyword_z90__abs_return__M6_only__p0.05_ic0.03,val,
GOLD,gold_z,1,0.66849,0.0003,0.039369,True,False,True,keyword_z90__abs_return__M6_only__p0.05_ic0.03,val,
GOLD,gold_z,14,0.37276,0.000743,0.077254,True,False,True,keyword_z90__abs_return__M6_only__p0.05_ic0.03,val,
SILVER,rate_z,7,0.988715,2e-05,0.129272,True,False,True,keyword_z90__abs_return__M6_only__p0.05_ic0.03,val,
SILVER,rate_z,14,0.060277,0.002948,0.157637,True,False,True,keyword_z90__abs_return__M6_only__p0.05_ic0.03,val,
SILVER,rate_z,30,0.742753,0.000221,0.065046,True,False,True,keyword_z90__abs_return__M6_only__p0.05_ic0.03,val,
SILVER,ruble_z,30,0.927405,-6e-05,0.084956,True,False,True,keyword_z90__abs_return__M6_only__p0.05_ic0.03,val,
SILVER,sanctions_z,7,0.099902,-0.002503,0.051671,True,False,True,keyword_z90__abs_return__M6_only__p0.05_ic0.03,val,
SILVER,inflation_z,30,0.896558,-7.5e-05,0.060884,True,False,True,keyword_z90__abs_return__M6_only__p0.05_ic0.03,val,
SILVER,banking_z,1,0.499453,-0.000795,0.079629,True,False,True,keyword_z90__abs_return__M6_only__p0.05_ic0.03,val,
SILVER,banking_z,14,0.202692,-0.001965,0.099743,True,False,True,keyword_z90__abs_return__M6_only__p0.05_ic0.03,val,
SILVER,banking_z,30,0.461736,-0.000547,0.069964,True,False,True,keyword_z90__abs_return__M6_only__p0.05_ic0.03,val,
SILVER,gold_z,1,0.23016,-0.001618,0.047382,True,False,True,keyword_z90__abs_return__M6_only__p0.05_ic0.03,val,
SILVER,gold_z,14,0.614428,0.000802,0.068734,True,False,True,keyword_z90__abs_return__M6_only__p0.05_ic0.03,val,
SILVER,gold_z,30,0.757057,-0.000179,0.084946,True,False,True,keyword_z90__abs_return__M6_only__p0.05_ic0.03,val,
IMOEX,oil_z,1,0.575621,0.000417,0.063113,True,False,True,keyword_z90__abs_return__M6_only__p0.05_ic0.03,val,
IMOEX,rate_z,1,0.552149,0.000431,0.032255,True,False,True,keyword_z90__abs_return__M6_only__p0.05_ic0.03,val,
IMOEX,rate_z,14,0.052208,-0.001658,0.058362,True,False,True,keyword_z90__abs_return__M6_only__p0.05_ic0.03,val,
IMOEX,rate_z,30,0.721023,-0.000186,0.064795,True,False,True,keyword_z90__abs_return__M6_only__p0.05_ic0.03,val,
IMOEX,ruble_z,14,0.665766,-0.000414,0.085816,True,False,True,keyword_z90__abs_return__M6_only__p0.05_ic0.03,val,
IMOEX,sanctions_z,14,0.933609,-7.5e-05,0.10771,True,False,True,keyword_z90__abs_return__M6_only__p0.05_ic0.03,val,
IMOEX,inflation_z,1,0.333594,0.000693,0.094396,True,False,True,keyword_z90__abs_return__M6_only__p0.05_ic0.03,val,
IMOEX,inflation_z,30,0.553541,0.000305,0.059449,True,False,True,keyword_z90__abs_return__M6_only__p0.05_ic0.03,val,
IMOEX,banking_z,30,0.966003,2.2e-05,0.042249,True,False,True,keyword_z90__abs_return__M6_only__p0.05_ic0.03,val,
IMOEX,gold_z,1,0.347794,0.000708,0.036504,True,False,True,keyword_z90__abs_return__M6_only__p0.05_ic0.03,val,
IMOEX,gold_z,30,0.560339,0.000298,0.122794,True,False,True,keyword_z90__abs_return__M6_only__p0.05_ic0.03,val,
MOEXFN,oil_z,1,0.387161,0.000714,0.135342,True,False,True,keyword_z90__abs_return__M6_only__p0.05_ic0.03,val,
MOEXFN,oil_z,14,0.864937,0.000161,0.036462,True,False,True,keyword_z90__abs_return__M6_only__p0.05_ic0.03,val,
MOEXFN,rate_z,14,0.035049,-0.001993,0.034077,True,True,True,keyword_z90__abs_return__M6_only__p0.05_ic0.03,val,
MOEXFN,rate_z,30,0.530861,-0.000332,0.070044,True,False,True,keyword_z90__abs_return__M6_only__p0.05_ic0.03,val,
MOEXFN,ruble_z,14,0.720231,-0.000382,0.059398,True,False,True,keyword_z90__abs_return__M6_only__p0.05_ic0.03,val,
MOEXFN,sanctions_z,1,0.492919,0.000607,0.05738,True,False,True,keyword_z90__abs_return__M6_only__p0.05_ic0.03,val,
MOEXFN,sanctions_z,7,0.577796,-0.000522,0.067674,True,False,True,keyword_z90__abs_return__M6_only__p0.05_ic0.03,val,
MOEXFN,inflation_z,1,0.219287,0.000975,0.118747,True,False,True,keyword_z90__abs_return__M6_only__p0.05_ic0.03,val,
MOEXFN,inflation_z,30,0.640659,0.000259,0.035379,True,False,True,keyword_z90__abs_return__M6_only__p0.05_ic0.03,val,
MOEXFN,banking_z,14,0.618268,0.000462,0.030897,True,False,True,keyword_z90__abs_return__M6_only__p0.05_ic0.03,val,
MOEXOG,oil_z,1,0.444276,0.000589,0.044893,True,False,True,keyword_z90__abs_return__M6_only__p0.05_ic0.03,val,
MOEXOG,oil_z,7,0.396415,-0.000676,0.043795,True,False,True,keyword_z90__abs_return__M6_only__p0.05_ic0.03,val,
MOEXOG,ruble_z,1,0.407183,-0.000704,0.037012,True,False,True,keyword_z90__abs_return__M6_only__p0.05_ic0.03,val,
MOEXOG,sanctions_z,7,0.992652,8e-06,0.03752,True,False,True,keyword_z90__abs_return__M6_only__p0.05_ic0.03,val,
MOEXOG,sanctions_z,14,0.750748,-0.000293,0.086643,True,False,True,keyword_z90__abs_return__M6_only__p0.05_ic0.03,val,
MOEXOG,sanctions_z,30,0.344507,-0.000491,0.142492,True,False,True,keyword_z90__abs_return__M6_only__p0.05_ic0.03,val,
MOEXOG,inflation_z,1,0.251635,0.000849,0.07659,True,False,True,keyword_z90__abs_return__M6_only__p0.05_ic0.03,val,
MOEXOG,inflation_z,30,0.750163,0.000164,0.044039,True,False,True,keyword_z90__abs_return__M6_only__p0.05_ic0.03,val,
MOEXOG,gold_z,7,0.06776,-0.001501,0.039097,True,False,True,keyword_z90__abs_return__M6_only__p0.05_ic0.03,val,
MOEXOG,gold_z,30,0.621992,0.000258,0.118204,True,False,True,keyword_z90__abs_return__M6_only__p0.05_ic0.03,val,
MOEX10,oil_z,1,0.594264,0.00046,0.073069,True,False,True,keyword_z90__abs_return__M6_only__p0.05_ic0.03,val,
MOEX10,oil_z,7,0.263368,-0.001,0.038869,True,False,True,keyword_z90__abs_return__M6_only__p0.05_ic0.03,val,
MOEX10,oil_z,14,0.867185,-0.000165,0.133508,True,False,True,keyword_z90__abs_return__M6_only__p0.05_ic0.03,val,
MOEX10,rate_z,30,0.910251,-7.2e-05,0.127454,True,False,True,keyword_z90__abs_return__M6_only__p0.05_ic0.03,val,
MOEX10,ruble_z,14,0.753887,-0.00035,0.069452,True,False,True,keyword_z90__abs_return__M6_only__p0.05_ic0.03,val,
MOEX10,sanctions_z,7,0.617589,-0.000489,0.047424,True,False,True,keyword_z90__abs_return__M6_only__p0.05_ic0.03,val,
MOEX10,sanctions_z,30,0.80309,-0.000157,0.061954,True,False,True,keyword_z90__abs_return__M6_only__p0.05_ic0.03,val,
MOEX10,inflation_z,1,0.185031,0.001102,0.056344,True,False,True,keyword_z90__abs_return__M6_only__p0.05_ic0.03,val,
MOEX10,inflation_z,30,0.805054,0.000157,0.044306,True,False,True,keyword_z90__abs_return__M6_only__p0.05_ic0.03,val,
MOEX10,banking_z,14,0.653946,0.00044,0.046154,True,False,True,keyword_z90__abs_return__M6_only__p0.05_ic0.03,val,
MOEX10,gold_z,14,0.744653,0.000324,0.063032,True,False,True,keyword_z90__abs_return__M6_only__p0.05_ic0.03,val,
MOEX10,gold_z,30,0.616321,0.0003,0.090057,True,False,True,keyword_z90__abs_return__M6_only__p0.05_ic0.03,val,
SP500,oil_z,7,0.674771,-0.000179,0.052677,True,False,True,keyword_z90__vol_5d__M6_only__p0.05_ic0.03,train,
SP500,oil_z,14,0.786231,0.000119,0.101432,True,False,True,keyword_z90__vol_5d__M6_only__p0.05_ic0.03,train,
SP500,rate_z,1,0.436631,-0.000385,0.050968,True,False,True,keyword_z90__vol_5d__M6_only__p0.05_ic0.03,train,
SP500,rate_z,7,0.858143,6.7e-05,0.054651,True,False,True,keyword_z90__vol_5d__M6_only__p0.05_ic0.03,train,
SP500,rate_z,14,0.937675,-3e-05,0.070988,True,False,True,keyword_z90__vol_5d__M6_only__p0.05_ic0.03,train,
SP500,ruble_z,1,0.633734,0.000233,0.056563,True,False,True,keyword_z90__vol_5d__M6_only__p0.05_ic0.03,train,
SP500,sanctions_z,1,0.442961,-0.000367,0.069769,True,False,True,keyword_z90__vol_5d__M6_only__p0.05_ic0.03,train,
SP500,sanctions_z,7,0.775124,-0.000137,0.07087,True,False,True,keyword_z90__vol_5d__M6_only__p0.05_ic0.03,train,
SP500,inflation_z,1,0.497047,-0.000335,0.0398,True,False,True,keyword_z90__vol_5d__M6_only__p0.05_ic0.03,train,
SP500,inflation_z,7,0.505228,-0.000242,0.084663,True,False,True,keyword_z90__vol_5d__M6_only__p0.05_ic0.03,train,
SP500,inflation_z,30,0.629984,-0.000222,0.072657,True,False,True,keyword_z90__vol_5d__M6_only__p0.05_ic0.03,train,
SP500,banking_z,1,0.858051,-8.6e-05,0.050753,True,False,True,keyword_z90__vol_5d__M6_only__p0.05_ic0.03,train,
SP500,banking_z,14,0.650038,0.000181,0.046217,True,False,True,keyword_z90__vol_5d__M6_only__p0.05_ic0.03,train,
SP500,banking_z,30,0.509045,-0.000303,0.03369,True,False,True,keyword_z90__vol_5d__M6_only__p0.05_ic0.03,train,
SP500,gold_z,7,0.75278,0.000148,0.0567,True,False,True,keyword_z90__vol_5d__M6_only__p0.05_ic0.03,train,
USD_RUB,oil_z,14,0.669243,0.00057,0.058023,True,False,True,keyword_z90__vol_5d__M6_only__p0.05_ic0.03,train,
USD_RUB,oil_z,30,0.468605,0.000579,0.082949,True,False,True,keyword_z90__vol_5d__M6_only__p0.05_ic0.03,train,
USD_RUB,rate_z,1,0.931775,0.000102,0.104792,True,False,True,keyword_z90__vol_5d__M6_only__p0.05_ic0.03,train,
USD_RUB,rate_z,30,0.364143,0.000751,0.082972,True,False,True,keyword_z90__vol_5d__M6_only__p0.05_ic0.03,train,
USD_RUB,ruble_z,1,0.113253,0.002069,0.039455,True,False,True,keyword_z90__vol_5d__M6_only__p0.05_ic0.03,train,
USD_RUB,ruble_z,7,0.158087,0.001895,0.047584,True,False,True,keyword_z90__vol_5d__M6_only__p0.05_ic0.03,train,
USD_RUB,ruble_z,14,0.981602,-3.2e-05,0.10996,True,False,True,keyword_z90__vol_5d__M6_only__p0.05_ic0.03,train,
USD_RUB,sanctions_z,14,0.608864,-0.000674,0.067202,True,False,True,keyword_z90__vol_5d__M6_only__p0.05_ic0.03,train,
USD_RUB,sanctions_z,30,0.191572,-0.001215,0.059415,True,False,True,keyword_z90__vol_5d__M6_only__p0.05_ic0.03,train,
EUR_RUB,oil_z,14,0.669243,0.00057,0.058023,True,False,True,keyword_z90__vol_5d__M6_only__p0.05_ic0.03,train,
EUR_RUB,oil_z,30,0.468605,0.000579,0.082949,True,False,True,keyword_z90__vol_5d__M6_only__p0.05_ic0.03,train,
EUR_RUB,rate_z,1,0.931775,0.000102,0.104792,True,False,True,keyword_z90__vol_5d__M6_only__p0.05_ic0.03,train,
EUR_RUB,rate_z,30,0.364143,0.000751,0.082972,True,False,True,keyword_z90__vol_5d__M6_only__p0.05_ic0.03,train,
EUR_RUB,ruble_z,1,0.113253,0.002069,0.039455,True,False,True,keyword_z90__vol_5d__M6_only__p0.05_ic0.03,train,
EUR_RUB,ruble_z,7,0.158087,0.001895,0.047584,True,False,True,keyword_z90__vol_5d__M6_only__p0.05_ic0.03,train,
EUR_RUB,ruble_z,14,0.981602,-3.2e-05,0.10996,True,False,True,keyword_z90__vol_5d__M6_only__p0.05_ic0.03,train,
EUR_RUB,sanctions_z,14,0.608864,-0.000674,0.067202,True,False,True,keyword_z90__vol_5d__M6_only__p0.05_ic0.03,train,
EUR_RUB,sanctions_z,30,0.191572,-0.001215,0.059415,True,False,True,keyword_z90__vol_5d__M6_only__p0.05_ic0.03,train,
DJ_SOUTH_AFRICA,oil_z,7,0.684355,-0.000214,0.042102,True,False,True,keyword_z90__vol_5d__M6_only__p0.05_ic0.03,train,
DJ_SOUTH_AFRICA,oil_z,30,0.708869,-0.000154,0.045327,True,False,True,keyword_z90__vol_5d__M6_only__p0.05_ic0.03,train,
DJ_SOUTH_AFRICA,ruble_z,1,0.275346,0.000578,0.032713,True,False,True,keyword_z90__vol_5d__M6_only__p0.05_ic0.03,train,
DJ_SOUTH_AFRICA,sanctions_z,1,0.68151,0.000202,0.045676,True,False,True,keyword_z90__vol_5d__M6_only__p0.05_ic0.03,train,
DJ_SOUTH_AFRICA,sanctions_z,14,0.077867,0.000932,0.091262,True,False,True,keyword_z90__vol_5d__M6_only__p0.05_ic0.03,train,
DJ_SOUTH_AFRICA,inflation_z,14,0.318795,-0.000519,0.095912,True,False,True,keyword_z90__vol_5d__M6_only__p0.05_ic0.03,train,
DJ_SOUTH_AFRICA,inflation_z,30,0.792936,0.000107,0.051146,True,False,True,keyword_z90__vol_5d__M6_only__p0.05_ic0.03,train,
DJ_SOUTH_AFRICA,banking_z,1,0.706646,0.000172,0.064057,True,False,True,keyword_z90__vol_5d__M6_only__p0.05_ic0.03,train,
DJ_SOUTH_AFRICA,banking_z,7,0.530941,0.000297,0.067246,True,False,True,keyword_z90__vol_5d__M6_only__p0.05_ic0.03,train,
DJ_SOUTH_AFRICA,banking_z,30,0.446176,-0.000325,0.126804,True,False,True,keyword_z90__vol_5d__M6_only__p0.05_ic0.03,train,
DJ_SOUTH_AFRICA,gold_z,30,0.686196,0.000163,0.031556,True,False,True,keyword_z90__vol_5d__M6_only__p0.05_ic0.03,train,
MSCI_WORLD,oil_z,1,0.515928,0.00033,0.047921,True,False,True,keyword_z90__vol_5d__M6_only__p0.05_ic0.03,train,
MSCI_WORLD,oil_z,14,0.480434,0.000372,0.042313,True,False,True,keyword_z90__vol_5d__M6_only__p0.05_ic0.03,train,
MSCI_WORLD,oil_z,30,0.230905,-0.000448,0.032198,True,False,True,keyword_z90__vol_5d__M6_only__p0.05_ic0.03,train,
MSCI_WORLD,rate_z,7,0.286998,-0.000499,0.066706,True,False,True,keyword_z90__vol_5d__M6_only__p0.05_ic0.03,train,
MSCI_WORLD,rate_z,14,0.691495,0.000193,0.030137,True,False,True,keyword_z90__vol_5d__M6_only__p0.05_ic0.03,train,
MSCI_WORLD,rate_z,30,0.838483,8.5e-05,0.03555,True,False,True,keyword_z90__vol_5d__M6_only__p0.05_ic0.03,train,
MSCI_WORLD,ruble_z,1,0.80801,-0.000126,0.085287,True,False,True,keyword_z90__vol_5d__M6_only__p0.05_ic0.03,train,
MSCI_WORLD,ruble_z,7,0.916705,-5.5e-05,0.092104,True,False,True,keyword_z90__vol_5d__M6_only__p0.05_ic0.03,train,
MSCI_WORLD,ruble_z,30,0.652353,-0.000161,0.047681,True,False,True,keyword_z90__vol_5d__M6_only__p0.05_ic0.03,train,
MSCI_WORLD,sanctions_z,7,0.930756,4.2e-05,0.032323,True,False,True,keyword_z90__vol_5d__M6_only__p0.05_ic0.03,train,
MSCI_WORLD,sanctions_z,14,0.013743,0.001235,0.099342,True,True,True,keyword_z90__vol_5d__M6_only__p0.05_ic0.03,train,
MSCI_WORLD,inflation_z,1,0.738289,0.00015,0.043565,True,False,True,keyword_z90__vol_5d__M6_only__p0.05_ic0.03,train,
MSCI_WORLD,inflation_z,30,0.738373,-0.000138,0.03093,True,False,True,keyword_z90__vol_5d__M6_only__p0.05_ic0.03,train,
MSCI_WORLD,banking_z,7,0.202331,0.000573,0.078566,True,False,True,keyword_z90__vol_5d__M6_only__p0.05_ic0.03,train,
MSCI_WORLD,banking_z,30,0.994176,-3e-06,0.038586,True,False,True,keyword_z90__vol_5d__M6_only__p0.05_ic0.03,train,
DXY,oil_z,1,0.241415,-0.000289,0.079306,True,False,True,keyword_z90__vol_5d__M6_only__p0.05_ic0.03,train,
DXY,oil_z,14,0.756318,-8e-05,0.045725,True,False,True,keyword_z90__vol_5d__M6_only__p0.05_ic0.03,train,
DXY,oil_z,30,0.98149,4e-06,0.081297,True,False,True,keyword_z90__vol_5d__M6_only__p0.05_ic0.03,train,
DXY,rate_z,1,0.305045,-0.000236,0.043022,True,False,True,keyword_z90__vol_5d__M6_only__p0.05_ic0.03,train,
DXY,rate_z,7,0.242055,0.000275,0.055069,True,False,True,keyword_z90__vol_5d__M6_only__p0.05_ic0.03,train,
DXY,rate_z,30,0.128375,0.000285,0.030014,True,False,True,keyword_z90__vol_5d__M6_only__p0.05_ic0.03,train,
DXY,ruble_z,7,0.40204,0.000217,0.0448,True,False,True,keyword_z90__vol_5d__M6_only__p0.05_ic0.03,train,
DXY,sanctions_z,1,0.949743,-1.5e-05,0.038298,True,False,True,keyword_z90__vol_5d__M6_only__p0.05_ic0.03,train,
DXY,sanctions_z,14,0.107578,-0.000397,0.037527,True,False,True,keyword_z90__vol_5d__M6_only__p0.05_ic0.03,train,
DXY,inflation_z,7,0.298146,0.000239,0.060182,True,False,True,keyword_z90__vol_5d__M6_only__p0.05_ic0.03,train,
DXY,banking_z,1,0.225986,-0.00026,0.060445,True,False,True,keyword_z90__vol_5d__M6_only__p0.05_ic0.03,train,
DXY,banking_z,14,0.771161,-6.9e-05,0.049611,True,False,True,keyword_z90__vol_5d__M6_only__p0.05_ic0.03,train,
DXY,gold_z,7,0.117868,0.000383,0.0653,True,False,True,keyword_z90__vol_5d__M6_only__p0.05_ic0.03,train,
DXY,gold_z,14,0.935112,-2.1e-05,0.11753,True,False,True,keyword_z90__vol_5d__M6_only__p0.05_ic0.03,train,
DXY,gold_z,30,0.462316,0.000139,0.031544,True,False,True,keyword_z90__vol_5d__M6_only__p0.05_ic0.03,train,
BRENT,oil_z,1,0.934569,9.7e-05,0.040599,True,False,True,keyword_z90__vol_5d__M6_only__p0.05_ic0.03,train,
BRENT,oil_z,7,0.783768,0.000328,0.032286,True,False,True,keyword_z90__vol_5d__M6_only__p0.05_ic0.03,train,
BRENT,oil_z,30,0.855073,0.000153,0.080005,True,False,True,keyword_z90__vol_5d__M6_only__p0.05_ic0.03,train,
BRENT,rate_z,7,0.681806,0.000461,0.04961,True,False,True,keyword_z90__vol_5d__M6_only__p0.05_ic0.03,train,
BRENT,ruble_z,1,0.251842,0.001377,0.040269,True,False,True,keyword_z90__vol_5d__M6_only__p0.05_ic0.03,train,
BRENT,ruble_z,30,0.415329,-0.000703,0.104186,True,False,True,keyword_z90__vol_5d__M6_only__p0.05_ic0.03,train,
BRENT,sanctions_z,1,0.599696,0.000587,0.031293,True,False,True,keyword_z90__vol_5d__M6_only__p0.05_ic0.03,train,
BRENT,sanctions_z,7,0.959951,5.8e-05,0.055322,True,False,True,keyword_z90__vol_5d__M6_only__p0.05_ic0.03,train,
BRENT,sanctions_z,14,0.322024,0.001208,0.04328,True,False,True,keyword_z90__vol_5d__M6_only__p0.05_ic0.03,train,
BRENT,sanctions_z,30,0.578772,0.000471,0.042846,True,False,True,keyword_z90__vol_5d__M6_only__p0.05_ic0.03,train,
BRENT,inflation_z,1,0.25473,0.00116,0.037149,True,False,True,keyword_z90__vol_5d__M6_only__p0.05_ic0.03,train,
BRENT,inflation_z,14,0.683728,-0.000471,0.113375,True,False,True,keyword_z90__vol_5d__M6_only__p0.05_ic0.03,train,
BRENT,inflation_z,30,0.695748,-0.00035,0.037294,True,False,True,keyword_z90__vol_5d__M6_only__p0.05_ic0.03,train,
BRENT,banking_z,1,0.733678,0.00035,0.056118,True,False,True,keyword_z90__vol_5d__M6_only__p0.05_ic0.03,train,
BRENT,banking_z,7,0.167223,0.001469,0.07869,True,False,True,keyword_z90__vol_5d__M6_only__p0.05_ic0.03,train,
BRENT,banking_z,14,0.610021,0.000575,0.037748,True,False,True,keyword_z90__vol_5d__M6_only__p0.05_ic0.03,train,
BRENT,gold_z,14,0.384611,-0.001107,0.042454,True,False,True,keyword_z90__vol_5d__M6_only__p0.05_ic0.03,train,
BRENT,gold_z,30,0.444404,0.000665,0.041405,True,False,True,keyword_z90__vol_5d__M6_only__p0.05_ic0.03,train,
MSCI_INDIA,rate_z,1,0.459656,-0.000333,0.037438,True,False,True,keyword_z90__vol_5d__M6_only__p0.05_ic0.03,train,
MSCI_INDIA,rate_z,14,0.640732,-0.000217,0.055586,True,False,True,keyword_z90__vol_5d__M6_only__p0.05_ic0.03,train,
MSCI_INDIA,ruble_z,1,0.740701,0.000163,0.07819,True,False,True,keyword_z90__vol_5d__M6_only__p0.05_ic0.03,train,
MSCI_INDIA,ruble_z,14,0.754778,-0.000155,0.044447,True,False,True,keyword_z90__vol_5d__M6_only__p0.05_ic0.03,train,
MSCI_INDIA,ruble_z,30,0.683962,0.000131,0.116289,True,False,True,keyword_z90__vol_5d__M6_only__p0.05_ic0.03,train,
MSCI_INDIA,sanctions_z,1,0.83899,-9.3e-05,0.080438,True,False,True,keyword_z90__vol_5d__M6_only__p0.05_ic0.03,train,
MSCI_INDIA,sanctions_z,7,0.665977,-0.000201,0.053177,True,False,True,keyword_z90__vol_5d__M6_only__p0.05_ic0.03,train,
MSCI_INDIA,sanctions_z,30,0.751465,0.000107,0.053727,True,False,True,keyword_z90__vol_5d__M6_only__p0.05_ic0.03,train,
MSCI_INDIA,inflation_z,7,0.472707,-0.000319,0.034355,True,False,True,keyword_z90__vol_5d__M6_only__p0.05_ic0.03,train,
MSCI_INDIA,inflation_z,30,0.776406,9.3e-05,0.048789,True,False,True,keyword_z90__vol_5d__M6_only__p0.05_ic0.03,train,
MSCI_INDIA,banking_z,7,0.634565,0.000209,0.066361,True,False,True,keyword_z90__vol_5d__M6_only__p0.05_ic0.03,train,
MSCI_INDIA,banking_z,14,0.399558,0.00038,0.075537,True,False,True,keyword_z90__vol_5d__M6_only__p0.05_ic0.03,train,
MSCI_INDIA,banking_z,30,0.509689,-0.000217,0.149882,True,False,True,keyword_z90__vol_5d__M6_only__p0.05_ic0.03,train,
MSCI_INDIA,gold_z,1,0.56369,-0.000281,0.071787,True,False,True,keyword_z90__vol_5d__M6_only__p0.05_ic0.03,train,
MSCI_INDIA,gold_z,7,0.681009,-0.000198,0.031829,True,False,True,keyword_z90__vol_5d__M6_only__p0.05_ic0.03,train,
MSCI_INDIA,gold_z,14,0.235586,0.000583,0.112587,True,False,True,keyword_z90__vol_5d__M6_only__p0.05_ic0.03,train,
CHINA_H_SHARES,oil_z,1,0.40783,-0.000838,0.039591,True,False,True,keyword_z90__vol_5d__M6_only__p0.05_ic0.03,train,
CHINA_H_SHARES,oil_z,7,0.387937,-0.000885,0.065247,True,False,True,keyword_z90__vol_5d__M6_only__p0.05_ic0.03,train,
CHINA_H_SHARES,oil_z,30,0.660497,-0.00032,0.079445,True,False,True,keyword_z90__vol_5d__M6_only__p0.05_ic0.03,train,
CHINA_H_SHARES,rate_z,1,0.077804,0.001607,0.080806,True,False,True,keyword_z90__vol_5d__M6_only__p0.05_ic0.03,train,
CHINA_H_SHARES,rate_z,7,0.829289,0.000209,0.083667,True,False,True,keyword_z90__vol_5d__M6_only__p0.05_ic0.03,train,
CHINA_H_SHARES,rate_z,14,0.742149,0.000334,0.069295,True,False,True,keyword_z90__vol_5d__M6_only__p0.05_ic0.03,train,
CHINA_H_SHARES,ruble_z,30,0.600669,-0.000389,0.037238,True,False,True,keyword_z90__vol_5d__M6_only__p0.05_ic0.03,train,
CHINA_H_SHARES,sanctions_z,1,0.432642,-0.00075,0.03518,True,False,True,keyword_z90__vol_5d__M6_only__p0.05_ic0.03,train,
CHINA_H_SHARES,sanctions_z,14,0.314131,0.001011,0.041394,True,False,True,keyword_z90__vol_5d__M6_only__p0.05_ic0.03,train,
CHINA_H_SHARES,sanctions_z,30,0.206509,-0.000992,0.088168,True,False,True,keyword_z90__vol_5d__M6_only__p0.05_ic0.03,train,
CHINA_H_SHARES,inflation_z,1,0.165664,0.001164,0.032919,True,False,True,keyword_z90__vol_5d__M6_only__p0.05_ic0.03,train,
CHINA_H_SHARES,inflation_z,30,0.370746,0.000604,0.039968,True,False,True,keyword_z90__vol_5d__M6_only__p0.05_ic0.03,train,
CHINA_H_SHARES,banking_z,7,0.92379,9e-05,0.051692,True,False,True,keyword_z90__vol_5d__M6_only__p0.05_ic0.03,train,
CHINA_H_SHARES,banking_z,30,0.952762,-4.2e-05,0.03907,True,False,True,keyword_z90__vol_5d__M6_only__p0.05_ic0.03,train,
CHINA_H_SHARES,gold_z,1,0.350576,0.000949,0.065495,True,False,True,keyword_z90__vol_5d__M6_only__p0.05_ic0.03,train,
CHINA_H_SHARES,gold_z,7,0.241788,-0.001202,0.063201,True,False,True,keyword_z90__vol_5d__M6_only__p0.05_ic0.03,train,
CHINA_H_SHARES,gold_z,30,0.913278,7.7e-05,0.08922,True,False,True,keyword_z90__vol_5d__M6_only__p0.05_ic0.03,train,
FTSE_CHINA_50,oil_z,1,0.441792,-0.000828,0.053676,True,False,True,keyword_z90__vol_5d__M6_only__p0.05_ic0.03,train,
FTSE_CHINA_50,oil_z,7,0.324901,-0.001071,0.037316,True,False,True,keyword_z90__vol_5d__M6_only__p0.05_ic0.03,train,
FTSE_CHINA_50,oil_z,14,0.815168,-0.000266,0.031556,True,False,True,keyword_z90__vol_5d__M6_only__p0.05_ic0.03,train,
FTSE_CHINA_50,oil_z,30,0.677564,-0.000322,0.098324,True,False,True,keyword_z90__vol_5d__M6_only__p0.05_ic0.03,train,
FTSE_CHINA_50,rate_z,1,0.068636,0.001765,0.093875,True,False,True,keyword_z90__vol_5d__M6_only__p0.05_ic0.03,train,
FTSE_CHINA_50,rate_z,7,0.992033,1e-05,0.07964,True,False,True,keyword_z90__vol_5d__M6_only__p0.05_ic0.03,train,
FTSE_CHINA_50,rate_z,14,0.964062,4.8e-05,0.063565,True,False,True,keyword_z90__vol_5d__M6_only__p0.05_ic0.03,train,
FTSE_CHINA_50,ruble_z,14,0.898351,-0.000149,0.04228,True,False,True,keyword_z90__vol_5d__M6_only__p0.05_ic0.03,train,
FTSE_CHINA_50,sanctions_z,1,0.468177,-0.000737,0.0388,True,False,True,keyword_z90__vol_5d__M6_only__p0.05_ic0.03,train,
FTSE_CHINA_50,sanctions_z,7,0.611237,-0.000527,0.056702,True,False,True,keyword_z90__vol_5d__M6_only__p0.05_ic0.03,train,
FTSE_CHINA_50,sanctions_z,14,0.507523,0.000702,0.046479,True,False,True,keyword_z90__vol_5d__M6_only__p0.05_ic0.03,train,
FTSE_CHINA_50,sanctions_z,30,0.130101,-0.001283,0.085425,True,False,True,keyword_z90__vol_5d__M6_only__p0.05_ic0.03,train,
FTSE_CHINA_50,inflation_z,30,0.340142,0.00068,0.037709,True,False,True,keyword_z90__vol_5d__M6_only__p0.05_ic0.03,train,
FTSE_CHINA_50,banking_z,7,0.999898,0.0,0.053645,True,False,True,keyword_z90__vol_5d__M6_only__p0.05_ic0.03,train,
FTSE_CHINA_50,banking_z,30,0.749023,0.000246,0.044321,True,False,True,keyword_z90__vol_5d__M6_only__p0.05_ic0.03,train,
FTSE_CHINA_50,gold_z,1,0.275252,0.001179,0.071464,True,False,True,keyword_z90__vol_5d__M6_only__p0.05_ic0.03,train,
FTSE_CHINA_50,gold_z,7,0.267547,-0.001207,0.078178,True,False,True,keyword_z90__vol_5d__M6_only__p0.05_ic0.03,train,
FTSE_CHINA_50,gold_z,30,0.749233,0.000249,0.110786,True,False,True,keyword_z90__vol_5d__M6_only__p0.05_ic0.03,train,
GOLD,oil_z,1,0.34101,0.000522,0.07395,True,False,True,keyword_z90__vol_5d__M6_only__p0.05_ic0.03,train,
GOLD,oil_z,7,0.530879,-0.000351,0.030705,True,False,True,keyword_z90__vol_5d__M6_only__p0.05_ic0.03,train,
GOLD,oil_z,30,0.893705,-4e-05,0.054444,True,False,True,keyword_z90__vol_5d__M6_only__p0.05_ic0.03,train,
GOLD,rate_z,1,0.932012,4.2e-05,0.094395,True,False,True,keyword_z90__vol_5d__M6_only__p0.05_ic0.03,train,
GOLD,rate_z,14,0.196231,-0.000713,0.079474,True,False,True,keyword_z90__vol_5d__M6_only__p0.05_ic0.03,train,
GOLD,rate_z,30,0.993761,3e-06,0.041495,True,False,True,keyword_z90__vol_5d__M6_only__p0.05_ic0.03,train,
GOLD,ruble_z,30,0.854678,5.5e-05,0.147012,True,False,True,keyword_z90__vol_5d__M6_only__p0.05_ic0.03,train,
GOLD,sanctions_z,1,0.987283,8e-06,0.030932,True,False,True,keyword_z90__vol_5d__M6_only__p0.05_ic0.03,train,
GOLD,sanctions_z,14,0.18148,0.000767,0.068935,True,False,True,keyword_z90__vol_5d__M6_only__p0.05_ic0.03,train,
GOLD,sanctions_z,30,0.068839,-0.000599,0.064614,True,False,True,keyword_z90__vol_5d__M6_only__p0.05_ic0.03,train,
GOLD,inflation_z,7,0.016276,-0.001157,0.137763,True,True,True,keyword_z90__vol_5d__M6_only__p0.05_ic0.03,train,
GOLD,banking_z,7,0.248401,0.000596,0.047184,True,False,True,keyword_z90__vol_5d__M6_only__p0.05_ic0.03,train,
GOLD,banking_z,30,0.881961,4e-05,0.046343,True,False,True,keyword_z90__vol_5d__M6_only__p0.05_ic0.03,train,
GOLD,gold_z,1,0.944119,3.7e-05,0.035231,True,False,True,keyword_z90__vol_5d__M6_only__p0.05_ic0.03,train,
GOLD,gold_z,7,0.961095,2.7e-05,0.106271,True,False,True,keyword_z90__vol_5d__M6_only__p0.05_ic0.03,train,
GOLD,gold_z,14,0.054482,-0.001126,0.079697,True,False,True,keyword_z90__vol_5d__M6_only__p0.05_ic0.03,train,
GOLD,gold_z,30,0.494083,-0.000236,0.038923,True,False,True,keyword_z90__vol_5d__M6_only__p0.05_ic0.03,train,
SILVER,oil_z,30,0.579967,0.000373,0.050161,True,False,True,keyword_z90__vol_5d__M6_only__p0.05_ic0.03,train,
SILVER,rate_z,1,0.42954,0.000799,0.03665,True,False,True,keyword_z90__vol_5d__M6_only__p0.05_ic0.03,train,
SILVER,rate_z,7,0.269022,-0.001146,0.157618,True,False,True,keyword_z90__vol_5d__M6_only__p0.05_ic0.03,train,
SILVER,rate_z,14,0.772639,-0.000323,0.110257,True,False,True,keyword_z90__vol_5d__M6_only__p0.05_ic0.03,train,
SILVER,rate_z,30,0.358764,-0.000659,0.032927,True,False,True,keyword_z90__vol_5d__M6_only__p0.05_ic0.03,train,
SILVER,ruble_z,30,0.578471,0.000335,0.03425,True,False,True,keyword_z90__vol_5d__M6_only__p0.05_ic0.03,train,
SILVER,sanctions_z,7,0.673094,-0.000471,0.073783,True,False,True,keyword_z90__vol_5d__M6_only__p0.05_ic0.03,train,
SILVER,sanctions_z,14,0.240257,0.001309,0.032847,True,False,True,keyword_z90__vol_5d__M6_only__p0.05_ic0.03,train,
SILVER,inflation_z,7,0.187856,-0.001355,0.046254,True,False,True,keyword_z90__vol_5d__M6_only__p0.05_ic0.03,train,
SILVER,inflation_z,30,0.354288,-0.000672,0.050847,True,False,True,keyword_z90__vol_5d__M6_only__p0.05_ic0.03,train,
SILVER,banking_z,1,0.956593,5.6e-05,0.098992,True,False,True,keyword_z90__vol_5d__M6_only__p0.05_ic0.03,train,
SILVER,banking_z,14,0.864915,-0.000187,0.042922,True,False,True,keyword_z90__vol_5d__M6_only__p0.05_ic0.03,train,
SILVER,banking_z,30,0.526918,-0.000414,0.036343,True,False,True,keyword_z90__vol_5d__M6_only__p0.05_ic0.03,train,
SILVER,gold_z,1,0.186578,0.001428,0.033892,True,False,True,keyword_z90__vol_5d__M6_only__p0.05_ic0.03,train,
SILVER,gold_z,14,0.987302,-1.9e-05,0.046737,True,False,True,keyword_z90__vol_5d__M6_only__p0.05_ic0.03,train,
SILVER,gold_z,30,0.199216,-0.000787,0.039094,True,False,True,keyword_z90__vol_5d__M6_only__p0.05_ic0.03,train,
IMOEX,oil_z,1,0.241267,0.001565,0.05802,True,False,True,keyword_z90__vol_5d__M6_only__p0.05_ic0.03,train,
IMOEX,rate_z,1,0.302493,0.001287,0.044346,True,False,True,keyword_z90__vol_5d__M6_only__p0.05_ic0.03,train,
IMOEX,rate_z,7,0.225847,-0.001583,0.041959,True,False,True,keyword_z90__vol_5d__M6_only__p0.05_ic0.03,train,
IMOEX,rate_z,14,0.267373,-0.001495,0.081706,True,False,True,keyword_z90__vol_5d__M6_only__p0.05_ic0.03,train,
IMOEX,rate_z,30,0.42655,-0.000376,0.135467,True,False,True,keyword_z90__vol_5d__M6_only__p0.05_ic0.03,train,
IMOEX,ruble_z,1,0.760046,0.000422,0.148604,True,False,True,keyword_z90__vol_5d__M6_only__p0.05_ic0.03,train,
IMOEX,ruble_z,7,0.030589,0.003039,0.033314,True,True,True,keyword_z90__vol_5d__M6_only__p0.05_ic0.03,train,
IMOEX,ruble_z,14,0.330082,0.001412,0.074608,True,False,True,keyword_z90__vol_5d__M6_only__p0.05_ic0.03,train,
IMOEX,ruble_z,30,0.836146,-9.8e-05,0.05881,True,False,True,keyword_z90__vol_5d__M6_only__p0.05_ic0.03,train,
IMOEX,sanctions_z,14,0.773491,-0.000408,0.030498,True,False,True,keyword_z90__vol_5d__M6_only__p0.05_ic0.03,train,
IMOEX,inflation_z,1,0.206771,0.001492,0.065246,True,False,True,keyword_z90__vol_5d__M6_only__p0.05_ic0.03,train,
IMOEX,inflation_z,30,0.517246,-0.000304,0.090004,True,False,True,keyword_z90__vol_5d__M6_only__p0.05_ic0.03,train,
IMOEX,banking_z,7,0.192035,0.001659,0.051183,True,False,True,keyword_z90__vol_5d__M6_only__p0.05_ic0.03,train,
IMOEX,banking_z,30,0.082421,0.000879,0.062396,True,False,True,keyword_z90__vol_5d__M6_only__p0.05_ic0.03,train,
IMOEX,gold_z,1,0.318999,0.001335,0.036102,True,False,True,keyword_z90__vol_5d__M6_only__p0.05_ic0.03,train,
IMOEX,gold_z,30,0.32903,0.000479,0.058059,True,False,True,keyword_z90__vol_5d__M6_only__p0.05_ic0.03,train,
MOEXFN,oil_z,1,0.35886,0.001345,0.141913,True,False,True,keyword_z90__vol_5d__M6_only__p0.05_ic0.03,train,
MOEXFN,oil_z,7,0.327415,0.001474,0.058013,True,False,True,keyword_z90__vol_5d__M6_only__p0.05_ic0.03,train,
MOEXFN,oil_z,14,0.615638,0.000809,0.03238,True,False,True,keyword_z90__vol_5d__M6_only__p0.05_ic0.03,train,
MOEXFN,rate_z,14,0.668345,-0.000621,0.031864,True,False,True,keyword_z90__vol_5d__M6_only__p0.05_ic0.03,train,
MOEXFN,rate_z,30,0.992962,-5e-06,0.035654,True,False,True,keyword_z90__vol_5d__M6_only__p0.05_ic0.03,train,
MOEXFN,ruble_z,1,0.651686,0.000684,0.073503,True,False,True,keyword_z90__vol_5d__M6_only__p0.05_ic0.03,train,
MOEXFN,ruble_z,7,0.210373,0.001907,0.063143,True,False,True,keyword_z90__vol_5d__M6_only__p0.05_ic0.03,train,
MOEXFN,ruble_z,14,0.529995,0.000975,0.057802,True,False,True,keyword_z90__vol_5d__M6_only__p0.05_ic0.03,train,
MOEXFN,sanctions_z,1,0.055615,-0.002728,0.069608,True,False,True,keyword_z90__vol_5d__M6_only__p0.05_ic0.03,train,
MOEXFN,sanctions_z,7,0.912224,0.000165,0.043289,True,False,True,keyword_z90__vol_5d__M6_only__p0.05_ic0.03,train,
MOEXFN,inflation_z,1,0.243349,0.00151,0.037658,True,False,True,keyword_z90__vol_5d__M6_only__p0.05_ic0.03,train,
MOEXFN,inflation_z,7,0.406856,-0.001143,0.037605,True,False,True,keyword_z90__vol_5d__M6_only__p0.05_ic0.03,train,
MOEXFN,inflation_z,30,0.423753,0.000414,0.052149,True,False,True,keyword_z90__vol_5d__M6_only__p0.05_ic0.03,train,
MOEXFN,banking_z,7,0.475827,0.000972,0.076668,True,False,True,keyword_z90__vol_5d__M6_only__p0.05_ic0.03,train,
MOEXFN,banking_z,14,0.133861,-0.002145,0.069917,True,False,True,keyword_z90__vol_5d__M6_only__p0.05_ic0.03,train,
MOEXFN,gold_z,7,0.180048,-0.001986,0.040764,True,False,True,keyword_z90__vol_5d__M6_only__p0.05_ic0.03,train,
MOEXOG,oil_z,1,0.217002,0.001658,0.111311,True,False,True,keyword_z90__vol_5d__M6_only__p0.05_ic0.03,train,
MOEXOG,oil_z,7,0.458403,0.001038,0.035958,True,False,True,keyword_z90__vol_5d__M6_only__p0.05_ic0.03,train,
MOEXOG,rate_z,1,0.217569,0.001551,0.068228,True,False,True,keyword_z90__vol_5d__M6_only__p0.05_ic0.03,train,
MOEXOG,ruble_z,1,0.774765,0.000397,0.105734,True,False,True,keyword_z90__vol_5d__M6_only__p0.05_ic0.03,train,
MOEXOG,ruble_z,7,0.066386,0.002596,0.04613,True,False,True,keyword_z90__vol_5d__M6_only__p0.05_ic0.03,train,
MOEXOG,ruble_z,30,0.942771,-3.5e-05,0.034552,True,False,True,keyword_z90__vol_5d__M6_only__p0.05_ic0.03,train,
MOEXOG,sanctions_z,7,0.40942,-0.00114,0.045636,True,False,True,keyword_z90__vol_5d__M6_only__p0.05_ic0.03,train,
MOEXOG,sanctions_z,14,0.395047,-0.001229,0.041884,True,False,True,keyword_z90__vol_5d__M6_only__p0.05_ic0.03,train,
MOEXOG,sanctions_z,30,0.742654,-0.000179,0.093507,True,False,True,keyword_z90__vol_5d__M6_only__p0.05_ic0.03,train,
MOEXOG,inflation_z,1,0.10337,0.001948,0.118261,True,False,True,keyword_z90__vol_5d__M6_only__p0.05_ic0.03,train,
MOEXOG,inflation_z,30,0.823015,0.000106,0.176388,True,False,True,keyword_z90__vol_5d__M6_only__p0.05_ic0.03,train,
MOEXOG,banking_z,30,0.117631,0.000761,0.066538,True,False,True,keyword_z90__vol_5d__M6_only__p0.05_ic0.03,train,
MOEXOG,gold_z,1,0.20217,0.001717,0.032148,True,False,True,keyword_z90__vol_5d__M6_only__p0.05_ic0.03,train,
MOEXOG,gold_z,7,0.765326,-0.000412,0.045393,True,False,True,keyword_z90__vol_5d__M6_only__p0.05_ic0.03,train,
MOEXOG,gold_z,30,0.479948,0.000344,0.062598,True,False,True,keyword_z90__vol_5d__M6_only__p0.05_ic0.03,train,
MOEX10,oil_z,1,0.373678,0.001125,0.166146,True,False,True,keyword_z90__vol_5d__M6_only__p0.05_ic0.03,train,
MOEX10,oil_z,7,0.486742,0.000908,0.071793,True,False,True,keyword_z90__vol_5d__M6_only__p0.05_ic0.03,train,
MOEX10,oil_z,14,0.729346,0.000482,0.070494,True,False,True,keyword_z90__vol_5d__M6_only__p0.05_ic0.03,train,
MOEX10,rate_z,1,0.388703,0.00102,0.035703,True,False,True,keyword_z90__vol_5d__M6_only__p0.05_ic0.03,train,
MOEX10,rate_z,7,0.307808,-0.001226,0.052361,True,False,True,keyword_z90__vol_5d__M6_only__p0.05_ic0.03,train,
MOEX10,rate_z,30,0.448297,-0.000355,0.057171,True,False,True,keyword_z90__vol_5d__M6_only__p0.05_ic0.03,train,
MOEX10,ruble_z,1,0.97193,-4.6e-05,0.104781,True,False,True,keyword_z90__vol_5d__M6_only__p0.05_ic0.03,train,
MOEX10,ruble_z,7,0.129221,0.002002,0.046329,True,False,True,keyword_z90__vol_5d__M6_only__p0.05_ic0.03,train,
MOEX10,ruble_z,14,0.454584,0.001013,0.039264,True,False,True,keyword_z90__vol_5d__M6_only__p0.05_ic0.03,train,
MOEX10,sanctions_z,7,0.626323,-0.000631,0.073329,True,False,True,keyword_z90__vol_5d__M6_only__p0.05_ic0.03,train,
MOEX10,sanctions_z,30,0.485861,-0.000367,0.06018,True,False,True,keyword_z90__vol_5d__M6_only__p0.05_ic0.03,train,
MOEX10,inflation_z,1,0.273581,0.00123,0.046451,True,False,True,keyword_z90__vol_5d__M6_only__p0.05_ic0.03,train,
MOEX10,inflation_z,30,0.789904,0.000118,0.079518,True,False,True,keyword_z90__vol_5d__M6_only__p0.05_ic0.03,train,
MOEX10,banking_z,14,0.083063,-0.002167,0.030632,True,False,True,keyword_z90__vol_5d__M6_only__p0.05_ic0.03,train,
MOEX10,gold_z,14,0.957256,-7.3e-05,0.036638,True,False,True,keyword_z90__vol_5d__M6_only__p0.05_ic0.03,train,
MOEX10,gold_z,30,0.68044,0.000189,0.065892,True,False,True,keyword_z90__vol_5d__M6_only__p0.05_ic0.03,train,
SP500,rate_z,14,0.44573,-0.000451,0.0907,True,False,True,keyword_z90__vol_5d__M6_only__p0.05_ic0.03,val,
SP500,ruble_z,1,0.990359,7e-06,0.066527,True,False,True,keyword_z90__vol_5d__M6_only__p0.05_ic0.03,val,
SP500,sanctions_z,7,0.165908,-0.000795,0.112455,True,False,True,keyword_z90__vol_5d__M6_only__p0.05_ic0.03,val,
SP500,inflation_z,1,0.48642,-0.000362,0.055067,True,False,True,keyword_z90__vol_5d__M6_only__p0.05_ic0.03,val,
SP500,inflation_z,7,0.469922,0.000402,0.068524,True,False,True,keyword_z90__vol_5d__M6_only__p0.05_ic0.03,val,
SP500,banking_z,1,0.965205,-2.2e-05,0.098035,True,False,True,keyword_z90__vol_5d__M6_only__p0.05_ic0.03,val,
SP500,banking_z,30,0.205286,0.000663,0.089745,True,False,True,keyword_z90__vol_5d__M6_only__p0.05_ic0.03,val,
USD_RUB,oil_z,14,0.366486,-0.000696,0.04054,True,False,True,keyword_z90__vol_5d__M6_only__p0.05_ic0.03,val,
USD_RUB,oil_z,30,0.671243,-0.000193,0.090984,True,False,True,keyword_z90__vol_5d__M6_only__p0.05_ic0.03,val,
USD_RUB,rate_z,1,0.061431,-0.00124,0.143484,True,False,True,keyword_z90__vol_5d__M6_only__p0.05_ic0.03,val,
USD_RUB,rate_z,30,0.797157,-0.000124,0.034876,True,False,True,keyword_z90__vol_5d__M6_only__p0.05_ic0.03,val,
USD_RUB,ruble_z,1,0.512259,-0.000494,0.13468,True,False,True,keyword_z90__vol_5d__M6_only__p0.05_ic0.03,val,
USD_RUB,ruble_z,7,0.619103,-0.0004,0.153537,True,False,True,keyword_z90__vol_5d__M6_only__p0.05_ic0.03,val,
USD_RUB,ruble_z,14,0.993181,7e-06,0.089959,True,False,True,keyword_z90__vol_5d__M6_only__p0.05_ic0.03,val,
USD_RUB,sanctions_z,14,0.616496,-0.000414,0.03384,True,False,True,keyword_z90__vol_5d__M6_only__p0.05_ic0.03,val,
USD_RUB,sanctions_z,30,0.868685,-6.9e-05,0.043892,True,False,True,keyword_z90__vol_5d__M6_only__p0.05_ic0.03,val,
EUR_RUB,oil_z,14,0.366486,-0.000696,0.04054,True,False,True,keyword_z90__vol_5d__M6_only__p0.05_ic0.03,val,
EUR_RUB,oil_z,30,0.671243,-0.000193,0.090984,True,False,True,keyword_z90__vol_5d__M6_only__p0.05_ic0.03,val,
EUR_RUB,rate_z,1,0.061431,-0.00124,0.143484,True,False,True,keyword_z90__vol_5d__M6_only__p0.05_ic0.03,val,
EUR_RUB,rate_z,30,0.797157,-0.000124,0.034876,True,False,True,keyword_z90__vol_5d__M6_only__p0.05_ic0.03,val,
EUR_RUB,ruble_z,1,0.512259,-0.000494,0.13468,True,False,True,keyword_z90__vol_5d__M6_only__p0.05_ic0.03,val,
EUR_RUB,ruble_z,7,0.619103,-0.0004,0.153537,True,False,True,keyword_z90__vol_5d__M6_only__p0.05_ic0.03,val,
EUR_RUB,ruble_z,14,0.993181,7e-06,0.089959,True,False,True,keyword_z90__vol_5d__M6_only__p0.05_ic0.03,val,
EUR_RUB,sanctions_z,14,0.616496,-0.000414,0.03384,True,False,True,keyword_z90__vol_5d__M6_only__p0.05_ic0.03,val,
EUR_RUB,sanctions_z,30,0.868685,-6.9e-05,0.043892,True,False,True,keyword_z90__vol_5d__M6_only__p0.05_ic0.03,val,
DJ_SOUTH_AFRICA,oil_z,30,0.329438,0.000357,0.059431,True,False,True,keyword_z90__vol_5d__M6_only__p0.05_ic0.03,val,
DJ_SOUTH_AFRICA,sanctions_z,1,0.701794,0.000209,0.068892,True,False,True,keyword_z90__vol_5d__M6_only__p0.05_ic0.03,val,
DJ_SOUTH_AFRICA,inflation_z,30,0.757818,0.00012,0.089704,True,False,True,keyword_z90__vol_5d__M6_only__p0.05_ic0.03,val,
DJ_SOUTH_AFRICA,banking_z,1,0.614026,-0.000239,0.03293,True,False,True,keyword_z90__vol_5d__M6_only__p0.05_ic0.03,val,
DJ_SOUTH_AFRICA,banking_z,7,0.706225,0.000193,0.063582,True,False,True,keyword_z90__vol_5d__M6_only__p0.05_ic0.03,val,
MSCI_WORLD,oil_z,1,0.822393,-0.000105,0.030421,True,False,True,keyword_z90__vol_5d__M6_only__p0.05_ic0.03,val,
MSCI_WORLD,rate_z,14,0.205111,-0.000647,0.038536,True,False,True,keyword_z90__vol_5d__M6_only__p0.05_ic0.03,val,
MSCI_WORLD,ruble_z,1,0.997766,-1e-06,0.061924,True,False,True,keyword_z90__vol_5d__M6_only__p0.05_ic0.03,val,
MSCI_WORLD,ruble_z,30,0.836059,-7.8e-05,0.059584,True,False,True,keyword_z90__vol_5d__M6_only__p0.05_ic0.03,val,
MSCI_WORLD,sanctions_z,7,0.814036,-0.000125,0.097678,True,False,True,keyword_z90__vol_5d__M6_only__p0.05_ic0.03,val,
MSCI_WORLD,sanctions_z,14,0.530853,-0.000351,0.052141,True,False,True,keyword_z90__vol_5d__M6_only__p0.05_ic0.03,val,
MSCI_WORLD,inflation_z,30,0.33439,0.000362,0.112708,True,False,True,keyword_z90__vol_5d__M6_only__p0.05_ic0.03,val,
MSCI_WORLD,banking_z,7,0.977624,-1.3e-05,0.032354,True,False,True,keyword_z90__vol_5d__M6_only__p0.05_ic0.03,val,
DXY,oil_z,14,0.85728,-4.4e-05,0.03595,True,False,True,keyword_z90__vol_5d__M6_only__p0.05_ic0.03,val,
DXY,oil_z,30,0.251024,-0.000166,0.117788,True,False,True,keyword_z90__vol_5d__M6_only__p0.05_ic0.03,val,
DXY,rate_z,1,0.920674,2.1e-05,0.047239,True,False,True,keyword_z90__vol_5d__M6_only__p0.05_ic0.03,val,
DXY,rate_z,7,0.699138,-8.6e-05,0.057016,True,False,True,keyword_z90__vol_5d__M6_only__p0.05_ic0.03,val,
DXY,rate_z,30,0.682333,-6e-05,0.085083,True,False,True,keyword_z90__vol_5d__M6_only__p0.05_ic0.03,val,
DXY,ruble_z,7,0.277957,0.000275,0.094955,True,False,True,keyword_z90__vol_5d__M6_only__p0.05_ic0.03,val,
DXY,sanctions_z,14,0.003657,-0.000737,0.143691,True,True,True,keyword_z90__vol_5d__M6_only__p0.05_ic0.03,val,
DXY,inflation_z,7,0.396128,-0.00019,0.092818,True,False,True,keyword_z90__vol_5d__M6_only__p0.05_ic0.03,val,
DXY,banking_z,1,0.489914,-0.000139,0.032461,True,False,True,keyword_z90__vol_5d__M6_only__p0.05_ic0.03,val,
DXY,banking_z,14,0.737277,-7.9e-05,0.139941,True,False,True,keyword_z90__vol_5d__M6_only__p0.05_ic0.03,val,
DXY,gold_z,7,0.85484,-4.2e-05,0.043217,True,False,True,keyword_z90__vol_5d__M6_only__p0.05_ic0.03,val,
DXY,gold_z,14,0.752623,-7.8e-05,0.108727,True,False,True,keyword_z90__vol_5d__M6_only__p0.05_ic0.03,val,
BRENT,oil_z,1,0.524959,0.000552,0.10323,True,False,True,keyword_z90__vol_5d__M6_only__p0.05_ic0.03,val,
BRENT,ruble_z,30,0.462775,0.000455,0.050886,True,False,True,keyword_z90__vol_5d__M6_only__p0.05_ic0.03,val,
BRENT,sanctions_z,7,0.430051,-0.000766,0.041897,True,False,True,keyword_z90__vol_5d__M6_only__p0.05_ic0.03,val,
BRENT,sanctions_z,14,0.413688,0.000847,0.066856,True,False,True,keyword_z90__vol_5d__M6_only__p0.05_ic0.03,val,
BRENT,inflation_z,30,0.40077,-0.000556,0.098098,True,False,True,keyword_z90__vol_5d__M6_only__p0.05_ic0.03,val,
BRENT,banking_z,1,0.848847,0.000153,0.056424,True,False,True,keyword_z90__vol_5d__M6_only__p0.05_ic0.03,val,
BRENT,banking_z,14,0.270608,-0.001031,0.060488,True,False,True,keyword_z90__vol_5d__M6_only__p0.05_ic0.03,val,
BRENT,gold_z,30,0.916536,-6.5e-05,0.129628,True,False,True,keyword_z90__vol_5d__M6_only__p0.05_ic0.03,val,
MSCI_INDIA,rate_z,14,0.801979,0.000146,0.04799,True,False,True,keyword_z90__vol_5d__M6_only__p0.05_ic0.03,val,
MSCI_INDIA,ruble_z,30,0.80238,-8.9e-05,0.126476,True,False,True,keyword_z90__vol_5d__M6_only__p0.05_ic0.03,val,
MSCI_INDIA,sanctions_z,1,0.16053,0.000774,0.048945,True,False,True,keyword_z90__vol_5d__M6_only__p0.05_ic0.03,val,
MSCI_INDIA,inflation_z,7,0.256916,0.000608,0.033044,True,False,True,keyword_z90__vol_5d__M6_only__p0.05_ic0.03,val,
MSCI_INDIA,banking_z,7,0.934626,-4.4e-05,0.05394,True,False,True,keyword_z90__vol_5d__M6_only__p0.05_ic0.03,val,
MSCI_INDIA,gold_z,7,0.775145,0.000156,0.064917,True,False,True,keyword_z90__vol_5d__M6_only__p0.05_ic0.03,val,
CHINA_H_SHARES,oil_z,7,0.184662,-0.001479,0.102726,True,False,True,keyword_z90__vol_5d__M6_only__p0.05_ic0.03,val,
CHINA_H_SHARES,oil_z,30,0.957862,3.4e-05,0.187465,True,False,True,keyword_z90__vol_5d__M6_only__p0.05_ic0.03,val,
CHINA_H_SHARES,rate_z,1,0.086284,-0.001711,0.037726,True,False,True,keyword_z90__vol_5d__M6_only__p0.05_ic0.03,val,
CHINA_H_SHARES,rate_z,7,0.805861,0.000273,0.033374,True,False,True,keyword_z90__vol_5d__M6_only__p0.05_ic0.03,val,
CHINA_H_SHARES,ruble_z,30,0.644688,0.000359,0.080033,True,False,True,keyword_z90__vol_5d__M6_only__p0.05_ic0.03,val,
CHINA_H_SHARES,sanctions_z,1,0.927087,0.000103,0.112037,True,False,True,keyword_z90__vol_5d__M6_only__p0.05_ic0.03,val,
CHINA_H_SHARES,sanctions_z,14,0.379267,0.001133,0.04581,True,False,True,keyword_z90__vol_5d__M6_only__p0.05_ic0.03,val,
CHINA_H_SHARES,sanctions_z,30,0.580477,-0.000352,0.031876,True,False,True,keyword_z90__vol_5d__M6_only__p0.05_ic0.03,val,
CHINA_H_SHARES,inflation_z,1,0.974601,3.2e-05,0.107715,True,False,True,keyword_z90__vol_5d__M6_only__p0.05_ic0.03,val,
CHINA_H_SHARES,banking_z,7,0.865078,-0.000182,0.106799,True,False,True,keyword_z90__vol_5d__M6_only__p0.05_ic0.03,val,
CHINA_H_SHARES,banking_z,30,0.771042,0.000221,0.097685,True,False,True,keyword_z90__vol_5d__M6_only__p0.05_ic0.03,val,
CHINA_H_SHARES,gold_z,1,0.785671,-0.000289,0.05055,True,False,True,keyword_z90__vol_5d__M6_only__p0.05_ic0.03,val,
CHINA_H_SHARES,gold_z,7,0.019634,-0.00262,0.051058,True,True,True,keyword_z90__vol_5d__M6_only__p0.05_ic0.03,val,
FTSE_CHINA_50,oil_z,1,0.708544,-0.000391,0.053807,True,False,True,keyword_z90__vol_5d__M6_only__p0.05_ic0.03,val,
FTSE_CHINA_50,oil_z,7,0.129051,-0.001676,0.109517,True,False,True,keyword_z90__vol_5d__M6_only__p0.05_ic0.03,val,
FTSE_CHINA_50,oil_z,30,0.852538,-0.000126,0.135377,True,False,True,keyword_z90__vol_5d__M6_only__p0.05_ic0.03,val,
FTSE_CHINA_50,rate_z,1,0.255951,-0.001131,0.102154,True,False,True,keyword_z90__vol_5d__M6_only__p0.05_ic0.03,val,
FTSE_CHINA_50,rate_z,7,0.979859,-2.8e-05,0.075688,True,False,True,keyword_z90__vol_5d__M6_only__p0.05_ic0.03,val,
FTSE_CHINA_50,ruble_z,14,0.871141,-0.000217,0.039737,True,False,True,keyword_z90__vol_5d__M6_only__p0.05_ic0.03,val,
FTSE_CHINA_50,sanctions_z,7,0.899557,-0.000146,0.057907,True,False,True,keyword_z90__vol_5d__M6_only__p0.05_ic0.03,val,
FTSE_CHINA_50,sanctions_z,30,0.813653,0.000145,0.052577,True,False,True,keyword_z90__vol_5d__M6_only__p0.05_ic0.03,val,
FTSE_CHINA_50,inflation_z,30,0.607158,0.000346,0.08312,True,False,True,keyword_z90__vol_5d__M6_only__p0.05_ic0.03,val,
FTSE_CHINA_50,banking_z,7,0.810042,-0.000257,0.048861,True,False,True,keyword_z90__vol_5d__M6_only__p0.05_ic0.03,val,
FTSE_CHINA_50,banking_z,30,0.089453,0.001309,0.031761,True,False,True,keyword_z90__vol_5d__M6_only__p0.05_ic0.03,val,
FTSE_CHINA_50,gold_z,1,0.548755,-0.000636,0.076675,True,False,True,keyword_z90__vol_5d__M6_only__p0.05_ic0.03,val,
FTSE_CHINA_50,gold_z,30,0.758023,0.000195,0.123731,True,False,True,keyword_z90__vol_5d__M6_only__p0.05_ic0.03,val,
GOLD,oil_z,1,0.796693,0.00017,0.090759,True,False,True,keyword_z90__vol_5d__M6_only__p0.05_ic0.03,val,
GOLD,oil_z,30,0.842296,-6.6e-05,0.062905,True,False,True,keyword_z90__vol_5d__M6_only__p0.05_ic0.03,val,
GOLD,rate_z,1,0.194075,-0.00085,0.106621,True,False,True,keyword_z90__vol_5d__M6_only__p0.05_ic0.03,val,
GOLD,rate_z,14,0.443351,0.000636,0.15969,True,False,True,keyword_z90__vol_5d__M6_only__p0.05_ic0.03,val,
GOLD,rate_z,30,0.823015,-8.4e-05,0.072395,True,False,True,keyword_z90__vol_5d__M6_only__p0.05_ic0.03,val,
GOLD,sanctions_z,1,0.967286,-3e-05,0.054017,True,False,True,keyword_z90__vol_5d__M6_only__p0.05_ic0.03,val,
GOLD,sanctions_z,14,0.089171,0.001506,0.043302,True,False,True,keyword_z90__vol_5d__M6_only__p0.05_ic0.03,val,
GOLD,inflation_z,7,0.313744,0.00072,0.031828,True,False,True,keyword_z90__vol_5d__M6_only__p0.05_ic0.03,val,
GOLD,banking_z,30,0.924474,-3.1e-05,0.045128,True,False,True,keyword_z90__vol_5d__M6_only__p0.05_ic0.03,val,
GOLD,gold_z,1,0.66849,0.0003,0.039369,True,False,True,keyword_z90__vol_5d__M6_only__p0.05_ic0.03,val,
GOLD,gold_z,14,0.37276,0.000743,0.077254,True,False,True,keyword_z90__vol_5d__M6_only__p0.05_ic0.03,val,
SILVER,rate_z,7,0.988715,2e-05,0.129272,True,False,True,keyword_z90__vol_5d__M6_only__p0.05_ic0.03,val,
SILVER,rate_z,14,0.060277,0.002948,0.157637,True,False,True,keyword_z90__vol_5d__M6_only__p0.05_ic0.03,val,
SILVER,rate_z,30,0.742753,0.000221,0.065046,True,False,True,keyword_z90__vol_5d__M6_only__p0.05_ic0.03,val,
SILVER,ruble_z,30,0.927405,-6e-05,0.084956,True,False,True,keyword_z90__vol_5d__M6_only__p0.05_ic0.03,val,
SILVER,sanctions_z,7,0.099902,-0.002503,0.051671,True,False,True,keyword_z90__vol_5d__M6_only__p0.05_ic0.03,val,
SILVER,inflation_z,30,0.896558,-7.5e-05,0.060884,True,False,True,keyword_z90__vol_5d__M6_only__p0.05_ic0.03,val,
SILVER,banking_z,1,0.499453,-0.000795,0.079629,True,False,True,keyword_z90__vol_5d__M6_only__p0.05_ic0.03,val,
SILVER,banking_z,14,0.202692,-0.001965,0.099743,True,False,True,keyword_z90__vol_5d__M6_only__p0.05_ic0.03,val,
SILVER,banking_z,30,0.461736,-0.000547,0.069964,True,False,True,keyword_z90__vol_5d__M6_only__p0.05_ic0.03,val,
SILVER,gold_z,1,0.23016,-0.001618,0.047382,True,False,True,keyword_z90__vol_5d__M6_only__p0.05_ic0.03,val,
SILVER,gold_z,14,0.614428,0.000802,0.068734,True,False,True,keyword_z90__vol_5d__M6_only__p0.05_ic0.03,val,
SILVER,gold_z,30,0.757057,-0.000179,0.084946,True,False,True,keyword_z90__vol_5d__M6_only__p0.05_ic0.03,val,
IMOEX,oil_z,1,0.575621,0.000417,0.063113,True,False,True,keyword_z90__vol_5d__M6_only__p0.05_ic0.03,val,
IMOEX,rate_z,1,0.552149,0.000431,0.032255,True,False,True,keyword_z90__vol_5d__M6_only__p0.05_ic0.03,val,
IMOEX,rate_z,14,0.052208,-0.001658,0.058362,True,False,True,keyword_z90__vol_5d__M6_only__p0.05_ic0.03,val,
IMOEX,rate_z,30,0.721023,-0.000186,0.064795,True,False,True,keyword_z90__vol_5d__M6_only__p0.05_ic0.03,val,
IMOEX,ruble_z,14,0.665766,-0.000414,0.085816,True,False,True,keyword_z90__vol_5d__M6_only__p0.05_ic0.03,val,
IMOEX,sanctions_z,14,0.933609,-7.5e-05,0.10771,True,False,True,keyword_z90__vol_5d__M6_only__p0.05_ic0.03,val,
IMOEX,inflation_z,1,0.333594,0.000693,0.094396,True,False,True,keyword_z90__vol_5d__M6_only__p0.05_ic0.03,val,
IMOEX,inflation_z,30,0.553541,0.000305,0.059449,True,False,True,keyword_z90__vol_5d__M6_only__p0.05_ic0.03,val,
IMOEX,banking_z,30,0.966003,2.2e-05,0.042249,True,False,True,keyword_z90__vol_5d__M6_only__p0.05_ic0.03,val,
IMOEX,gold_z,1,0.347794,0.000708,0.036504,True,False,True,keyword_z90__vol_5d__M6_only__p0.05_ic0.03,val,
IMOEX,gold_z,30,0.560339,0.000298,0.122794,True,False,True,keyword_z90__vol_5d__M6_only__p0.05_ic0.03,val,
MOEXFN,oil_z,1,0.387161,0.000714,0.135342,True,False,True,keyword_z90__vol_5d__M6_only__p0.05_ic0.03,val,
MOEXFN,oil_z,14,0.864937,0.000161,0.036462,True,False,True,keyword_z90__vol_5d__M6_only__p0.05_ic0.03,val,
MOEXFN,rate_z,14,0.035049,-0.001993,0.034077,True,True,True,keyword_z90__vol_5d__M6_only__p0.05_ic0.03,val,
MOEXFN,rate_z,30,0.530861,-0.000332,0.070044,True,False,True,keyword_z90__vol_5d__M6_only__p0.05_ic0.03,val,
MOEXFN,ruble_z,14,0.720231,-0.000382,0.059398,True,False,True,keyword_z90__vol_5d__M6_only__p0.05_ic0.03,val,
MOEXFN,sanctions_z,1,0.492919,0.000607,0.05738,True,False,True,keyword_z90__vol_5d__M6_only__p0.05_ic0.03,val,
MOEXFN,sanctions_z,7,0.577796,-0.000522,0.067674,True,False,True,keyword_z90__vol_5d__M6_only__p0.05_ic0.03,val,
MOEXFN,inflation_z,1,0.219287,0.000975,0.118747,True,False,True,keyword_z90__vol_5d__M6_only__p0.05_ic0.03,val,
MOEXFN,inflation_z,30,0.640659,0.000259,0.035379,True,False,True,keyword_z90__vol_5d__M6_only__p0.05_ic0.03,val,
MOEXFN,banking_z,14,0.618268,0.000462,0.030897,True,False,True,keyword_z90__vol_5d__M6_only__p0.05_ic0.03,val,
MOEXOG,oil_z,1,0.444276,0.000589,0.044893,True,False,True,keyword_z90__vol_5d__M6_only__p0.05_ic0.03,val,
MOEXOG,oil_z,7,0.396415,-0.000676,0.043795,True,False,True,keyword_z90__vol_5d__M6_only__p0.05_ic0.03,val,
MOEXOG,ruble_z,1,0.407183,-0.000704,0.037012,True,False,True,keyword_z90__vol_5d__M6_only__p0.05_ic0.03,val,
MOEXOG,sanctions_z,7,0.992652,8e-06,0.03752,True,False,True,keyword_z90__vol_5d__M6_only__p0.05_ic0.03,val,
MOEXOG,sanctions_z,14,0.750748,-0.000293,0.086643,True,False,True,keyword_z90__vol_5d__M6_only__p0.05_ic0.03,val,
MOEXOG,sanctions_z,30,0.344507,-0.000491,0.142492,True,False,True,keyword_z90__vol_5d__M6_only__p0.05_ic0.03,val,
MOEXOG,inflation_z,1,0.251635,0.000849,0.07659,True,False,True,keyword_z90__vol_5d__M6_only__p0.05_ic0.03,val,
MOEXOG,inflation_z,30,0.750163,0.000164,0.044039,True,False,True,keyword_z90__vol_5d__M6_only__p0.05_ic0.03,val,
MOEXOG,gold_z,7,0.06776,-0.001501,0.039097,True,False,True,keyword_z90__vol_5d__M6_only__p0.05_ic0.03,val,
MOEXOG,gold_z,30,0.621992,0.000258,0.118204,True,False,True,keyword_z90__vol_5d__M6_only__p0.05_ic0.03,val,
MOEX10,oil_z,1,0.594264,0.00046,0.073069,True,False,True,keyword_z90__vol_5d__M6_only__p0.05_ic0.03,val,
MOEX10,oil_z,7,0.263368,-0.001,0.038869,True,False,True,keyword_z90__vol_5d__M6_only__p0.05_ic0.03,val,
MOEX10,oil_z,14,0.867185,-0.000165,0.133508,True,False,True,keyword_z90__vol_5d__M6_only__p0.05_ic0.03,val,
MOEX10,rate_z,30,0.910251,-7.2e-05,0.127454,True,False,True,keyword_z90__vol_5d__M6_only__p0.05_ic0.03,val,
MOEX10,ruble_z,14,0.753887,-0.00035,0.069452,True,False,True,keyword_z90__vol_5d__M6_only__p0.05_ic0.03,val,
MOEX10,sanctions_z,7,0.617589,-0.000489,0.047424,True,False,True,keyword_z90__vol_5d__M6_only__p0.05_ic0.03,val,
MOEX10,sanctions_z,30,0.80309,-0.000157,0.061954,True,False,True,keyword_z90__vol_5d__M6_only__p0.05_ic0.03,val,
MOEX10,inflation_z,1,0.185031,0.001102,0.056344,True,False,True,keyword_z90__vol_5d__M6_only__p0.05_ic0.03,val,
MOEX10,inflation_z,30,0.805054,0.000157,0.044306,True,False,True,keyword_z90__vol_5d__M6_only__p0.05_ic0.03,val,
MOEX10,banking_z,14,0.653946,0.00044,0.046154,True,False,True,keyword_z90__vol_5d__M6_only__p0.05_ic0.03,val,
MOEX10,gold_z,14,0.744653,0.000324,0.063032,True,False,True,keyword_z90__vol_5d__M6_only__p0.05_ic0.03,val,
MOEX10,gold_z,30,0.616321,0.0003,0.090057,True,False,True,keyword_z90__vol_5d__M6_only__p0.05_ic0.03,val,
SP500,oil_z,7,0.825398,-9.4e-05,0.063704,True,False,True,keyword_z30__market_return__M6_only__p0.05_ic0.03,train,
SP500,oil_z,14,0.716991,0.00016,0.093591,True,False,True,keyword_z30__market_return__M6_only__p0.05_ic0.03,train,
SP500,oil_z,30,0.291613,0.00054,0.051573,True,False,True,keyword_z30__market_return__M6_only__p0.05_ic0.03,train,
SP500,rate_z,7,0.735734,0.000129,0.037036,True,False,True,keyword_z30__market_return__M6_only__p0.05_ic0.03,train,
SP500,rate_z,14,0.995081,2e-06,0.067915,True,False,True,keyword_z30__market_return__M6_only__p0.05_ic0.03,train,
SP500,ruble_z,30,0.215411,-0.000687,0.065253,True,False,True,keyword_z30__market_return__M6_only__p0.05_ic0.03,train,
SP500,sanctions_z,14,0.629541,0.000236,0.072389,True,False,True,keyword_z30__market_return__M6_only__p0.05_ic0.03,train,
SP500,inflation_z,1,0.573386,-0.000281,0.057836,True,False,True,keyword_z30__market_return__M6_only__p0.05_ic0.03,train,
SP500,inflation_z,7,0.621607,-0.000182,0.054048,True,False,True,keyword_z30__market_return__M6_only__p0.05_ic0.03,train,
SP500,banking_z,7,0.376713,-0.000361,0.0412,True,False,True,keyword_z30__market_return__M6_only__p0.05_ic0.03,train,
SP500,gold_z,7,0.840372,9.6e-05,0.100155,True,False,True,keyword_z30__market_return__M6_only__p0.05_ic0.03,train,
SP500,gold_z,14,0.766104,-0.000145,0.067849,True,False,True,keyword_z30__market_return__M6_only__p0.05_ic0.03,train,
USD_RUB,oil_z,1,0.561046,0.000766,0.030283,True,False,True,keyword_z30__market_return__M6_only__p0.05_ic0.03,train,
USD_RUB,oil_z,7,0.730143,-0.000459,0.063967,True,False,True,keyword_z30__market_return__M6_only__p0.05_ic0.03,train,
USD_RUB,oil_z,14,0.557275,0.000821,0.030678,True,False,True,keyword_z30__market_return__M6_only__p0.05_ic0.03,train,
USD_RUB,oil_z,30,0.376098,0.000725,0.03228,True,False,True,keyword_z30__market_return__M6_only__p0.05_ic0.03,train,
USD_RUB,rate_z,1,0.947637,-8.4e-05,0.095894,True,False,True,keyword_z30__market_return__M6_only__p0.05_ic0.03,train,
USD_RUB,rate_z,14,0.282306,0.00148,0.038115,True,False,True,keyword_z30__market_return__M6_only__p0.05_ic0.03,train,
USD_RUB,ruble_z,1,0.116962,0.002065,0.058559,True,False,True,keyword_z30__market_return__M6_only__p0.05_ic0.03,train,
USD_RUB,ruble_z,7,0.098346,0.002242,0.033342,True,False,True,keyword_z30__market_return__M6_only__p0.05_ic0.03,train,
USD_RUB,ruble_z,14,0.6695,0.000594,0.106753,True,False,True,keyword_z30__market_return__M6_only__p0.05_ic0.03,train,
USD_RUB,ruble_z,30,0.257226,-0.000916,0.030263,True,False,True,keyword_z30__market_return__M6_only__p0.05_ic0.03,train,
USD_RUB,sanctions_z,1,0.151281,0.00179,0.091664,True,False,True,keyword_z30__market_return__M6_only__p0.05_ic0.03,train,
USD_RUB,sanctions_z,7,0.061234,0.002381,0.040745,True,False,True,keyword_z30__market_return__M6_only__p0.05_ic0.03,train,
USD_RUB,sanctions_z,30,0.083777,-0.001524,0.040271,True,False,True,keyword_z30__market_return__M6_only__p0.05_ic0.03,train,
USD_RUB,inflation_z,7,0.490486,0.000886,0.081321,True,False,True,keyword_z30__market_return__M6_only__p0.05_ic0.03,train,
USD_RUB,inflation_z,14,0.279826,0.001456,0.050027,True,False,True,keyword_z30__market_return__M6_only__p0.05_ic0.03,train,
USD_RUB,inflation_z,30,0.634933,0.000398,0.053849,True,False,True,keyword_z30__market_return__M6_only__p0.05_ic0.03,train,
USD_RUB,banking_z,1,0.737632,-0.00041,0.057222,True,False,True,keyword_z30__market_return__M6_only__p0.05_ic0.03,train,
USD_RUB,banking_z,7,0.152015,0.001776,0.056824,True,False,True,keyword_z30__market_return__M6_only__p0.05_ic0.03,train,
USD_RUB,banking_z,30,0.818993,-0.000195,0.065578,True,False,True,keyword_z30__market_return__M6_only__p0.05_ic0.03,train,
EUR_RUB,oil_z,1,0.561046,0.000766,0.030283,True,False,True,keyword_z30__market_return__M6_only__p0.05_ic0.03,train,
EUR_RUB,oil_z,7,0.730143,-0.000459,0.063967,True,False,True,keyword_z30__market_return__M6_only__p0.05_ic0.03,train,
EUR_RUB,oil_z,14,0.557275,0.000821,0.030678,True,False,True,keyword_z30__market_return__M6_only__p0.05_ic0.03,train,
EUR_RUB,oil_z,30,0.376098,0.000725,0.03228,True,False,True,keyword_z30__market_return__M6_only__p0.05_ic0.03,train,
EUR_RUB,rate_z,1,0.947637,-8.4e-05,0.095894,True,False,True,keyword_z30__market_return__M6_only__p0.05_ic0.03,train,
EUR_RUB,rate_z,14,0.282306,0.00148,0.038115,True,False,True,keyword_z30__market_return__M6_only__p0.05_ic0.03,train,
EUR_RUB,ruble_z,1,0.116962,0.002065,0.058559,True,False,True,keyword_z30__market_return__M6_only__p0.05_ic0.03,train,
EUR_RUB,ruble_z,7,0.098346,0.002242,0.033342,True,False,True,keyword_z30__market_return__M6_only__p0.05_ic0.03,train,
EUR_RUB,ruble_z,14,0.6695,0.000594,0.106753,True,False,True,keyword_z30__market_return__M6_only__p0.05_ic0.03,train,
EUR_RUB,ruble_z,30,0.257226,-0.000916,0.030263,True,False,True,keyword_z30__market_return__M6_only__p0.05_ic0.03,train,
EUR_RUB,sanctions_z,1,0.151281,0.00179,0.091664,True,False,True,keyword_z30__market_return__M6_only__p0.05_ic0.03,train,
EUR_RUB,sanctions_z,7,0.061234,0.002381,0.040745,True,False,True,keyword_z30__market_return__M6_only__p0.05_ic0.03,train,
EUR_RUB,sanctions_z,30,0.083777,-0.001524,0.040271,True,False,True,keyword_z30__market_return__M6_only__p0.05_ic0.03,train,
EUR_RUB,inflation_z,7,0.490486,0.000886,0.081321,True,False,True,keyword_z30__market_return__M6_only__p0.05_ic0.03,train,
EUR_RUB,inflation_z,14,0.279826,0.001456,0.050027,True,False,True,keyword_z30__market_return__M6_only__p0.05_ic0.03,train,
EUR_RUB,inflation_z,30,0.634933,0.000398,0.053849,True,False,True,keyword_z30__market_return__M6_only__p0.05_ic0.03,train,
EUR_RUB,banking_z,1,0.737632,-0.00041,0.057222,True,False,True,keyword_z30__market_return__M6_only__p0.05_ic0.03,train,
EUR_RUB,banking_z,7,0.152015,0.001776,0.056824,True,False,True,keyword_z30__market_return__M6_only__p0.05_ic0.03,train,
EUR_RUB,banking_z,30,0.818993,-0.000195,0.065578,True,False,True,keyword_z30__market_return__M6_only__p0.05_ic0.03,train,
DJ_SOUTH_AFRICA,oil_z,14,0.244519,0.00066,0.048904,True,False,True,keyword_z30__market_return__M6_only__p0.05_ic0.03,train,
DJ_SOUTH_AFRICA,rate_z,1,0.626782,0.000253,0.077454,True,False,True,keyword_z30__market_return__M6_only__p0.05_ic0.03,train,
DJ_SOUTH_AFRICA,rate_z,7,0.829793,-0.000114,0.034164,True,False,True,keyword_z30__market_return__M6_only__p0.05_ic0.03,train,
DJ_SOUTH_AFRICA,rate_z,30,0.68393,0.000165,0.072643,True,False,True,keyword_z30__market_return__M6_only__p0.05_ic0.03,train,
DJ_SOUTH_AFRICA,ruble_z,1,0.100132,0.000878,0.05342,True,False,True,keyword_z30__market_return__M6_only__p0.05_ic0.03,train,
DJ_SOUTH_AFRICA,ruble_z,7,0.406528,-0.000458,0.0595,True,False,True,keyword_z30__market_return__M6_only__p0.05_ic0.03,train,
DJ_SOUTH_AFRICA,ruble_z,30,0.54631,-0.000226,0.046104,True,False,True,keyword_z30__market_return__M6_only__p0.05_ic0.03,train,
DJ_SOUTH_AFRICA,sanctions_z,1,0.74421,0.000165,0.060388,True,False,True,keyword_z30__market_return__M6_only__p0.05_ic0.03,train,
DJ_SOUTH_AFRICA,sanctions_z,14,0.012787,0.001341,0.08334,True,True,True,keyword_z30__market_return__M6_only__p0.05_ic0.03,train,
DJ_SOUTH_AFRICA,sanctions_z,30,0.227994,-0.000454,0.111598,True,False,True,keyword_z30__market_return__M6_only__p0.05_ic0.03,train,
DJ_SOUTH_AFRICA,inflation_z,7,0.097965,-0.000871,0.143065,True,False,True,keyword_z30__market_return__M6_only__p0.05_ic0.03,train,
DJ_SOUTH_AFRICA,banking_z,1,0.316226,0.000497,0.032776,True,False,True,keyword_z30__market_return__M6_only__p0.05_ic0.03,train,
DJ_SOUTH_AFRICA,banking_z,30,0.269914,-0.000458,0.047732,True,False,True,keyword_z30__market_return__M6_only__p0.05_ic0.03,train,
DJ_SOUTH_AFRICA,gold_z,7,0.809134,-0.000129,0.032929,True,False,True,keyword_z30__market_return__M6_only__p0.05_ic0.03,train,
DJ_SOUTH_AFRICA,gold_z,30,0.839317,8.4e-05,0.107938,True,False,True,keyword_z30__market_return__M6_only__p0.05_ic0.03,train,
MSCI_WORLD,oil_z,14,0.259348,0.000619,0.038444,True,False,True,keyword_z30__market_return__M6_only__p0.05_ic0.03,train,
MSCI_WORLD,rate_z,14,0.590565,0.000285,0.076171,True,False,True,keyword_z30__market_return__M6_only__p0.05_ic0.03,train,
MSCI_WORLD,rate_z,30,0.72624,0.000147,0.062521,True,False,True,keyword_z30__market_return__M6_only__p0.05_ic0.03,train,
MSCI_WORLD,ruble_z,1,0.953696,-3e-05,0.040228,True,False,True,keyword_z30__market_return__M6_only__p0.05_ic0.03,train,
MSCI_WORLD,ruble_z,7,0.845663,-0.000103,0.072038,True,False,True,keyword_z30__market_return__M6_only__p0.05_ic0.03,train,
MSCI_WORLD,sanctions_z,1,0.830103,0.000106,0.066627,True,False,True,keyword_z30__market_return__M6_only__p0.05_ic0.03,train,
MSCI_WORLD,sanctions_z,14,0.011629,0.001297,0.075112,True,True,True,keyword_z30__market_return__M6_only__p0.05_ic0.03,train,
MSCI_WORLD,inflation_z,1,0.365685,0.000447,0.052356,True,False,True,keyword_z30__market_return__M6_only__p0.05_ic0.03,train,
MSCI_WORLD,banking_z,30,0.874007,6.9e-05,0.071444,True,False,True,keyword_z30__market_return__M6_only__p0.05_ic0.03,train,
MSCI_WORLD,gold_z,14,0.242605,0.000632,0.048913,True,False,True,keyword_z30__market_return__M6_only__p0.05_ic0.03,train,
MSCI_WORLD,gold_z,30,0.903347,4.9e-05,0.102837,True,False,True,keyword_z30__market_return__M6_only__p0.05_ic0.03,train,
DXY,oil_z,1,0.036295,-0.000528,0.049285,True,True,True,keyword_z30__market_return__M6_only__p0.05_ic0.03,train,
DXY,oil_z,7,0.433208,0.000201,0.051441,True,False,True,keyword_z30__market_return__M6_only__p0.05_ic0.03,train,
DXY,oil_z,30,0.99294,1e-06,0.031501,True,False,True,keyword_z30__market_return__M6_only__p0.05_ic0.03,train,
DXY,rate_z,1,0.087008,-0.000422,0.048065,True,False,True,keyword_z30__market_return__M6_only__p0.05_ic0.03,train,
DXY,rate_z,7,0.21587,0.000313,0.066009,True,False,True,keyword_z30__market_return__M6_only__p0.05_ic0.03,train,
DXY,rate_z,14,0.42693,0.000212,0.06057,True,False,True,keyword_z30__market_return__M6_only__p0.05_ic0.03,train,
DXY,rate_z,30,0.185068,0.000252,0.048778,True,False,True,keyword_z30__market_return__M6_only__p0.05_ic0.03,train,
DXY,ruble_z,1,0.582969,0.000139,0.045704,True,False,True,keyword_z30__market_return__M6_only__p0.05_ic0.03,train,
DXY,ruble_z,14,0.321498,-0.000266,0.041689,True,False,True,keyword_z30__market_return__M6_only__p0.05_ic0.03,train,
DXY,sanctions_z,30,0.773668,5.1e-05,0.050708,True,False,True,keyword_z30__market_return__M6_only__p0.05_ic0.03,train,
DXY,inflation_z,7,0.382596,0.000216,0.053329,True,False,True,keyword_z30__market_return__M6_only__p0.05_ic0.03,train,
DXY,inflation_z,14,0.876966,-4e-05,0.045015,True,False,True,keyword_z30__market_return__M6_only__p0.05_ic0.03,train,
DXY,banking_z,1,0.182694,-0.000314,0.051982,True,False,True,keyword_z30__market_return__M6_only__p0.05_ic0.03,train,
DXY,banking_z,7,0.733029,-8.2e-05,0.032552,True,False,True,keyword_z30__market_return__M6_only__p0.05_ic0.03,train,
DXY,banking_z,14,0.978392,-7e-06,0.036554,True,False,True,keyword_z30__market_return__M6_only__p0.05_ic0.03,train,
DXY,gold_z,7,0.156213,0.000358,0.063103,True,False,True,keyword_z30__market_return__M6_only__p0.05_ic0.03,train,
DXY,gold_z,14,0.709074,-0.0001,0.076735,True,False,True,keyword_z30__market_return__M6_only__p0.05_ic0.03,train,
BRENT,oil_z,7,0.783869,0.00034,0.057839,True,False,True,keyword_z30__market_return__M6_only__p0.05_ic0.03,train,
BRENT,oil_z,30,0.789613,0.000223,0.053382,True,False,True,keyword_z30__market_return__M6_only__p0.05_ic0.03,train,
BRENT,rate_z,1,0.463888,0.000862,0.048946,True,False,True,keyword_z30__market_return__M6_only__p0.05_ic0.03,train,
BRENT,rate_z,30,0.755664,-0.000289,0.105518,True,False,True,keyword_z30__market_return__M6_only__p0.05_ic0.03,train,
BRENT,ruble_z,1,0.130039,0.001835,0.031806,True,False,True,keyword_z30__market_return__M6_only__p0.05_ic0.03,train,
BRENT,ruble_z,7,0.346223,-0.001188,0.045646,True,False,True,keyword_z30__market_return__M6_only__p0.05_ic0.03,train,
BRENT,ruble_z,14,0.393138,-0.001097,0.043074,True,False,True,keyword_z30__market_return__M6_only__p0.05_ic0.03,train,
BRENT,ruble_z,30,0.339793,-0.000839,0.064711,True,False,True,keyword_z30__market_return__M6_only__p0.05_ic0.03,train,
BRENT,sanctions_z,1,0.955147,-6.5e-05,0.036026,True,False,True,keyword_z30__market_return__M6_only__p0.05_ic0.03,train,
BRENT,sanctions_z,7,0.725211,0.000417,0.054228,True,False,True,keyword_z30__market_return__M6_only__p0.05_ic0.03,train,
BRENT,sanctions_z,14,0.242401,0.001449,0.032546,True,False,True,keyword_z30__market_return__M6_only__p0.05_ic0.03,train,
BRENT,inflation_z,1,0.310592,0.00115,0.037861,True,False,True,keyword_z30__market_return__M6_only__p0.05_ic0.03,train,
BRENT,inflation_z,7,0.871485,0.00019,0.071236,True,False,True,keyword_z30__market_return__M6_only__p0.05_ic0.03,train,
BRENT,inflation_z,14,0.91691,-0.000127,0.09521,True,False,True,keyword_z30__market_return__M6_only__p0.05_ic0.03,train,
BRENT,banking_z,1,0.808299,0.000274,0.030656,True,False,True,keyword_z30__market_return__M6_only__p0.05_ic0.03,train,
BRENT,gold_z,1,0.228291,0.001458,0.039403,True,False,True,keyword_z30__market_return__M6_only__p0.05_ic0.03,train,
BRENT,gold_z,7,0.556507,0.000719,0.06469,True,False,True,keyword_z30__market_return__M6_only__p0.05_ic0.03,train,
BRENT,gold_z,14,0.428527,-0.001026,0.062129,True,False,True,keyword_z30__market_return__M6_only__p0.05_ic0.03,train,
BRENT,gold_z,30,0.548371,0.000532,0.054314,True,False,True,keyword_z30__market_return__M6_only__p0.05_ic0.03,train,
MSCI_INDIA,oil_z,30,0.765091,-8.7e-05,0.055922,True,False,True,keyword_z30__market_return__M6_only__p0.05_ic0.03,train,
MSCI_INDIA,rate_z,7,0.892691,-6.7e-05,0.136145,True,False,True,keyword_z30__market_return__M6_only__p0.05_ic0.03,train,
MSCI_INDIA,rate_z,14,0.443331,-0.000386,0.062153,True,False,True,keyword_z30__market_return__M6_only__p0.05_ic0.03,train,
MSCI_INDIA,rate_z,30,0.863766,6.3e-05,0.066985,True,False,True,keyword_z30__market_return__M6_only__p0.05_ic0.03,train,
MSCI_INDIA,ruble_z,7,0.487192,-0.000351,0.058165,True,False,True,keyword_z30__market_return__M6_only__p0.05_ic0.03,train,
MSCI_INDIA,ruble_z,30,0.910227,-3.5e-05,0.086842,True,False,True,keyword_z30__market_return__M6_only__p0.05_ic0.03,train,
MSCI_INDIA,sanctions_z,7,0.717136,-0.000174,0.057799,True,False,True,keyword_z30__market_return__M6_only__p0.05_ic0.03,train,
MSCI_INDIA,sanctions_z,14,0.184557,0.000639,0.053486,True,False,True,keyword_z30__market_return__M6_only__p0.05_ic0.03,train,
MSCI_INDIA,sanctions_z,30,0.779249,-9.2e-05,0.074554,True,False,True,keyword_z30__market_return__M6_only__p0.05_ic0.03,train,
MSCI_INDIA,inflation_z,1,0.616667,-0.000236,0.064679,True,False,True,keyword_z30__market_return__M6_only__p0.05_ic0.03,train,
MSCI_INDIA,inflation_z,14,0.462811,-0.000362,0.046776,True,False,True,keyword_z30__market_return__M6_only__p0.05_ic0.03,train,
MSCI_INDIA,inflation_z,30,0.659565,0.000146,0.102502,True,False,True,keyword_z30__market_return__M6_only__p0.05_ic0.03,train,
MSCI_INDIA,banking_z,1,0.522508,-0.000295,0.036586,True,False,True,keyword_z30__market_return__M6_only__p0.05_ic0.03,train,
MSCI_INDIA,banking_z,7,0.854249,-8.6e-05,0.077395,True,False,True,keyword_z30__market_return__M6_only__p0.05_ic0.03,train,
MSCI_INDIA,banking_z,30,0.546126,-0.000197,0.041253,True,False,True,keyword_z30__market_return__M6_only__p0.05_ic0.03,train,
MSCI_INDIA,gold_z,1,0.669921,-0.000212,0.073133,True,False,True,keyword_z30__market_return__M6_only__p0.05_ic0.03,train,
MSCI_INDIA,gold_z,7,0.733496,-0.000169,0.081551,True,False,True,keyword_z30__market_return__M6_only__p0.05_ic0.03,train,
MSCI_INDIA,gold_z,14,0.215914,0.000626,0.041513,True,False,True,keyword_z30__market_return__M6_only__p0.05_ic0.03,train,
CHINA_H_SHARES,oil_z,1,0.500671,-0.0007,0.068211,True,False,True,keyword_z30__market_return__M6_only__p0.05_ic0.03,train,
CHINA_H_SHARES,oil_z,14,0.926426,-0.000103,0.030316,True,False,True,keyword_z30__market_return__M6_only__p0.05_ic0.03,train,
CHINA_H_SHARES,oil_z,30,0.703353,-0.000271,0.035504,True,False,True,keyword_z30__market_return__M6_only__p0.05_ic0.03,train,
CHINA_H_SHARES,rate_z,1,0.039398,0.002035,0.06255,True,True,True,keyword_z30__market_return__M6_only__p0.05_ic0.03,train,
CHINA_H_SHARES,rate_z,7,0.952655,-6.1e-05,0.030879,True,False,True,keyword_z30__market_return__M6_only__p0.05_ic0.03,train,
CHINA_H_SHARES,rate_z,30,0.20296,0.00092,0.053583,True,False,True,keyword_z30__market_return__M6_only__p0.05_ic0.03,train,
CHINA_H_SHARES,ruble_z,30,0.826634,-0.000158,0.134446,True,False,True,keyword_z30__market_return__M6_only__p0.05_ic0.03,train,
CHINA_H_SHARES,sanctions_z,7,0.535935,-0.000621,0.071419,True,False,True,keyword_z30__market_return__M6_only__p0.05_ic0.03,train,
CHINA_H_SHARES,inflation_z,7,0.293529,-0.001059,0.047571,True,False,True,keyword_z30__market_return__M6_only__p0.05_ic0.03,train,
CHINA_H_SHARES,inflation_z,14,0.986127,-1.8e-05,0.041271,True,False,True,keyword_z30__market_return__M6_only__p0.05_ic0.03,train,
CHINA_H_SHARES,inflation_z,30,0.307671,0.000677,0.069113,True,False,True,keyword_z30__market_return__M6_only__p0.05_ic0.03,train,
CHINA_H_SHARES,banking_z,7,0.912008,0.00011,0.044784,True,False,True,keyword_z30__market_return__M6_only__p0.05_ic0.03,train,
CHINA_H_SHARES,banking_z,30,0.99353,6e-06,0.030289,True,False,True,keyword_z30__market_return__M6_only__p0.05_ic0.03,train,
CHINA_H_SHARES,gold_z,7,0.211845,-0.00132,0.062301,True,False,True,keyword_z30__market_return__M6_only__p0.05_ic0.03,train,
CHINA_H_SHARES,gold_z,14,0.387378,-0.000956,0.075062,True,False,True,keyword_z30__market_return__M6_only__p0.05_ic0.03,train,
CHINA_H_SHARES,gold_z,30,0.838066,0.000147,0.138082,True,False,True,keyword_z30__market_return__M6_only__p0.05_ic0.03,train,
FTSE_CHINA_50,oil_z,1,0.486885,-0.000768,0.050805,True,False,True,keyword_z30__market_return__M6_only__p0.05_ic0.03,train,
FTSE_CHINA_50,oil_z,7,0.511466,-0.000747,0.043206,True,False,True,keyword_z30__market_return__M6_only__p0.05_ic0.03,train,
FTSE_CHINA_50,rate_z,1,0.033479,0.002233,0.053451,True,True,True,keyword_z30__market_return__M6_only__p0.05_ic0.03,train,
FTSE_CHINA_50,rate_z,30,0.156536,0.001116,0.053695,True,False,True,keyword_z30__market_return__M6_only__p0.05_ic0.03,train,
FTSE_CHINA_50,ruble_z,30,0.654387,-0.000347,0.164721,True,False,True,keyword_z30__market_return__M6_only__p0.05_ic0.03,train,
FTSE_CHINA_50,sanctions_z,7,0.465217,-0.000776,0.041179,True,False,True,keyword_z30__market_return__M6_only__p0.05_ic0.03,train,
FTSE_CHINA_50,sanctions_z,14,0.611929,0.000551,0.033271,True,False,True,keyword_z30__market_return__M6_only__p0.05_ic0.03,train,
FTSE_CHINA_50,inflation_z,7,0.189326,-0.001404,0.05716,True,False,True,keyword_z30__market_return__M6_only__p0.05_ic0.03,train,
FTSE_CHINA_50,inflation_z,30,0.297063,0.000741,0.065878,True,False,True,keyword_z30__market_return__M6_only__p0.05_ic0.03,train,
FTSE_CHINA_50,banking_z,7,0.999047,1e-06,0.071547,True,False,True,keyword_z30__market_return__M6_only__p0.05_ic0.03,train,
FTSE_CHINA_50,banking_z,30,0.694798,0.000302,0.038057,True,False,True,keyword_z30__market_return__M6_only__p0.05_ic0.03,train,
FTSE_CHINA_50,gold_z,14,0.412584,-0.000958,0.072217,True,False,True,keyword_z30__market_return__M6_only__p0.05_ic0.03,train,
FTSE_CHINA_50,gold_z,30,0.698183,0.000306,0.167287,True,False,True,keyword_z30__market_return__M6_only__p0.05_ic0.03,train,
GOLD,oil_z,14,0.942265,-4.5e-05,0.049427,True,False,True,keyword_z30__market_return__M6_only__p0.05_ic0.03,train,
GOLD,oil_z,30,0.865719,4.6e-05,0.046574,True,False,True,keyword_z30__market_return__M6_only__p0.05_ic0.03,train,
GOLD,rate_z,14,0.229904,-0.000717,0.055621,True,False,True,keyword_z30__market_return__M6_only__p0.05_ic0.03,train,
GOLD,rate_z,30,0.899536,4.7e-05,0.070297,True,False,True,keyword_z30__market_return__M6_only__p0.05_ic0.03,train,
GOLD,ruble_z,7,0.896233,7.6e-05,0.083301,True,False,True,keyword_z30__market_return__M6_only__p0.05_ic0.03,train,
GOLD,ruble_z,30,0.579832,-0.000162,0.107168,True,False,True,keyword_z30__market_return__M6_only__p0.05_ic0.03,train,
GOLD,sanctions_z,30,0.058917,-0.00059,0.033679,True,False,True,keyword_z30__market_return__M6_only__p0.05_ic0.03,train,
GOLD,inflation_z,1,0.223579,-0.000623,0.070593,True,False,True,keyword_z30__market_return__M6_only__p0.05_ic0.03,train,
GOLD,inflation_z,7,0.036041,-0.001128,0.082791,True,True,True,keyword_z30__market_return__M6_only__p0.05_ic0.03,train,
GOLD,inflation_z,14,0.27958,-0.000638,0.082087,True,False,True,keyword_z30__market_return__M6_only__p0.05_ic0.03,train,
GOLD,banking_z,7,0.188079,0.000717,0.051699,True,False,True,keyword_z30__market_return__M6_only__p0.05_ic0.03,train,
GOLD,gold_z,7,0.834313,0.000118,0.088304,True,False,True,keyword_z30__market_return__M6_only__p0.05_ic0.03,train,
GOLD,gold_z,14,0.062022,-0.001121,0.042623,True,False,True,keyword_z30__market_return__M6_only__p0.05_ic0.03,train,
GOLD,gold_z,30,0.421652,-0.000275,0.100307,True,False,True,keyword_z30__market_return__M6_only__p0.05_ic0.03,train,
SILVER,oil_z,30,0.557764,0.000402,0.039491,True,False,True,keyword_z30__market_return__M6_only__p0.05_ic0.03,train,
SILVER,rate_z,1,0.326204,0.001063,0.128685,True,False,True,keyword_z30__market_return__M6_only__p0.05_ic0.03,train,
SILVER,rate_z,7,0.466144,-0.000818,0.108622,True,False,True,keyword_z30__market_return__M6_only__p0.05_ic0.03,train,
SILVER,rate_z,30,0.355004,-0.000675,0.076872,True,False,True,keyword_z30__market_return__M6_only__p0.05_ic0.03,train,
SILVER,ruble_z,7,0.473809,0.000829,0.101142,True,False,True,keyword_z30__market_return__M6_only__p0.05_ic0.03,train,
SILVER,ruble_z,30,0.926311,-5.7e-05,0.144126,True,False,True,keyword_z30__market_return__M6_only__p0.05_ic0.03,train,
SILVER,sanctions_z,1,0.024904,0.002368,0.038574,True,True,True,keyword_z30__market_return__M6_only__p0.05_ic0.03,train,
SILVER,sanctions_z,7,0.725221,0.000389,0.031245,True,False,True,keyword_z30__market_return__M6_only__p0.05_ic0.03,train,
SILVER,sanctions_z,14,0.136546,0.001678,0.067042,True,False,True,keyword_z30__market_return__M6_only__p0.05_ic0.03,train,
SILVER,sanctions_z,30,0.236418,-0.000739,0.055508,True,False,True,keyword_z30__market_return__M6_only__p0.05_ic0.03,train,
SILVER,inflation_z,7,0.312217,-0.001127,0.111862,True,False,True,keyword_z30__market_return__M6_only__p0.05_ic0.03,train,
SILVER,inflation_z,30,0.643356,-0.000331,0.040025,True,False,True,keyword_z30__market_return__M6_only__p0.05_ic0.03,train,
SILVER,banking_z,1,0.737037,-0.000361,0.092374,True,False,True,keyword_z30__market_return__M6_only__p0.05_ic0.03,train,
SILVER,banking_z,7,0.518403,0.000703,0.030123,True,False,True,keyword_z30__market_return__M6_only__p0.05_ic0.03,train,
SILVER,gold_z,1,0.058401,0.002097,0.06307,True,False,True,keyword_z30__market_return__M6_only__p0.05_ic0.03,train,
SILVER,gold_z,7,0.757666,0.000347,0.036119,True,False,True,keyword_z30__market_return__M6_only__p0.05_ic0.03,train,
SILVER,gold_z,30,0.465096,-0.000452,0.040276,True,False,True,keyword_z30__market_return__M6_only__p0.05_ic0.03,train,
IMOEX,oil_z,1,0.357061,0.001256,0.069641,True,False,True,keyword_z30__market_return__M6_only__p0.05_ic0.03,train,
IMOEX,oil_z,30,0.640598,0.000201,0.051415,True,False,True,keyword_z30__market_return__M6_only__p0.05_ic0.03,train,
IMOEX,rate_z,14,0.256193,-0.001629,0.050203,True,False,True,keyword_z30__market_return__M6_only__p0.05_ic0.03,train,
IMOEX,rate_z,30,0.610749,-0.000236,0.132212,True,False,True,keyword_z30__market_return__M6_only__p0.05_ic0.03,train,
IMOEX,ruble_z,1,0.940764,-0.000103,0.059664,True,False,True,keyword_z30__market_return__M6_only__p0.05_ic0.03,train,
IMOEX,ruble_z,7,0.045778,0.002836,0.069028,True,True,True,keyword_z30__market_return__M6_only__p0.05_ic0.03,train,
IMOEX,ruble_z,30,0.918048,-4.8e-05,0.066543,True,False,True,keyword_z30__market_return__M6_only__p0.05_ic0.03,train,
IMOEX,sanctions_z,1,0.218074,-0.001643,0.080309,True,False,True,keyword_z30__market_return__M6_only__p0.05_ic0.03,train,
IMOEX,sanctions_z,14,0.694992,-0.000564,0.035374,True,False,True,keyword_z30__market_return__M6_only__p0.05_ic0.03,train,
IMOEX,inflation_z,14,0.592514,-0.000753,0.056878,True,False,True,keyword_z30__market_return__M6_only__p0.05_ic0.03,train,
IMOEX,banking_z,7,0.284128,0.001439,0.059464,True,False,True,keyword_z30__market_return__M6_only__p0.05_ic0.03,train,
IMOEX,banking_z,30,0.117771,0.000768,0.073011,True,False,True,keyword_z30__market_return__M6_only__p0.05_ic0.03,train,
IMOEX,gold_z,1,0.482097,0.000964,0.033914,True,False,True,keyword_z30__market_return__M6_only__p0.05_ic0.03,train,
IMOEX,gold_z,7,0.446618,-0.001066,0.032849,True,False,True,keyword_z30__market_return__M6_only__p0.05_ic0.03,train,
IMOEX,gold_z,30,0.291696,0.000523,0.038561,True,False,True,keyword_z30__market_return__M6_only__p0.05_ic0.03,train,
MOEXFN,oil_z,1,0.555987,0.000882,0.072724,True,False,True,keyword_z30__market_return__M6_only__p0.05_ic0.03,train,
MOEXFN,oil_z,14,0.673132,0.000695,0.037284,True,False,True,keyword_z30__market_return__M6_only__p0.05_ic0.03,train,
MOEXFN,oil_z,30,0.951997,-2.9e-05,0.036787,True,False,True,keyword_z30__market_return__M6_only__p0.05_ic0.03,train,
MOEXFN,rate_z,1,0.585706,0.000798,0.061416,True,False,True,keyword_z30__market_return__M6_only__p0.05_ic0.03,train,
MOEXFN,rate_z,7,0.064928,-0.002748,0.067133,True,False,True,keyword_z30__market_return__M6_only__p0.05_ic0.03,train,
MOEXFN,rate_z,30,0.674338,0.000233,0.036096,True,False,True,keyword_z30__market_return__M6_only__p0.05_ic0.03,train,
MOEXFN,ruble_z,7,0.290806,0.001624,0.052363,True,False,True,keyword_z30__market_return__M6_only__p0.05_ic0.03,train,
MOEXFN,sanctions_z,1,0.024817,-0.003265,0.043417,True,True,True,keyword_z30__market_return__M6_only__p0.05_ic0.03,train,
MOEXFN,sanctions_z,7,0.755998,-0.000472,0.079588,True,False,True,keyword_z30__market_return__M6_only__p0.05_ic0.03,train,
MOEXFN,sanctions_z,14,0.418796,-0.001279,0.037335,True,False,True,keyword_z30__market_return__M6_only__p0.05_ic0.03,train,
MOEXFN,sanctions_z,30,0.706536,-0.000201,0.038156,True,False,True,keyword_z30__market_return__M6_only__p0.05_ic0.03,train,
MOEXFN,inflation_z,7,0.128855,-0.002234,0.052418,True,False,True,keyword_z30__market_return__M6_only__p0.05_ic0.03,train,
MOEXFN,banking_z,1,0.984658,2.7e-05,0.030516,True,False,True,keyword_z30__market_return__M6_only__p0.05_ic0.03,train,
MOEXFN,banking_z,7,0.678573,0.0006,0.100703,True,False,True,keyword_z30__market_return__M6_only__p0.05_ic0.03,train,
MOEXFN,banking_z,14,0.224197,-0.001831,0.032464,True,False,True,keyword_z30__market_return__M6_only__p0.05_ic0.03,train,
MOEXFN,banking_z,30,0.335017,0.000485,0.036192,True,False,True,keyword_z30__market_return__M6_only__p0.05_ic0.03,train,
MOEXFN,gold_z,1,0.499572,0.001015,0.045065,True,False,True,keyword_z30__market_return__M6_only__p0.05_ic0.03,train,
MOEXFN,gold_z,30,0.704607,0.000197,0.034163,True,False,True,keyword_z30__market_return__M6_only__p0.05_ic0.03,train,
MOEXOG,oil_z,1,0.372412,0.001223,0.063082,True,False,True,keyword_z30__market_return__M6_only__p0.05_ic0.03,train,
MOEXOG,oil_z,30,0.414184,0.00035,0.032739,True,False,True,keyword_z30__market_return__M6_only__p0.05_ic0.03,train,
MOEXOG,rate_z,1,0.461153,0.000989,0.070696,True,False,True,keyword_z30__market_return__M6_only__p0.05_ic0.03,train,
MOEXOG,rate_z,14,0.242371,-0.001678,0.066195,True,False,True,keyword_z30__market_return__M6_only__p0.05_ic0.03,train,
MOEXOG,ruble_z,1,0.894888,-0.000184,0.105722,True,False,True,keyword_z30__market_return__M6_only__p0.05_ic0.03,train,
MOEXOG,ruble_z,14,0.746495,0.00048,0.058005,True,False,True,keyword_z30__market_return__M6_only__p0.05_ic0.03,train,
MOEXOG,ruble_z,30,0.797615,-0.00012,0.07292,True,False,True,keyword_z30__market_return__M6_only__p0.05_ic0.03,train,
MOEXOG,sanctions_z,30,0.990988,6e-06,0.046818,True,False,True,keyword_z30__market_return__M6_only__p0.05_ic0.03,train,
MOEXOG,inflation_z,14,0.869916,-0.000234,0.060663,True,False,True,keyword_z30__market_return__M6_only__p0.05_ic0.03,train,
MOEXOG,inflation_z,30,0.659731,0.000211,0.080055,True,False,True,keyword_z30__market_return__M6_only__p0.05_ic0.03,train,
MOEXOG,banking_z,1,0.631545,0.000612,0.04966,True,False,True,keyword_z30__market_return__M6_only__p0.05_ic0.03,train,
MOEXOG,gold_z,1,0.37829,0.001214,0.051427,True,False,True,keyword_z30__market_return__M6_only__p0.05_ic0.03,train,
MOEXOG,gold_z,7,0.558599,-0.000826,0.035227,True,False,True,keyword_z30__market_return__M6_only__p0.05_ic0.03,train,
MOEX10,oil_z,1,0.513895,0.000843,0.043421,True,False,True,keyword_z30__market_return__M6_only__p0.05_ic0.03,train,
MOEX10,oil_z,7,0.506928,0.000894,0.067772,True,False,True,keyword_z30__market_return__M6_only__p0.05_ic0.03,train,
MOEX10,oil_z,14,0.910342,0.00016,0.074066,True,False,True,keyword_z30__market_return__M6_only__p0.05_ic0.03,train,
MOEX10,rate_z,30,0.738966,-0.000156,0.053724,True,False,True,keyword_z30__market_return__M6_only__p0.05_ic0.03,train,
MOEX10,ruble_z,1,0.696468,-0.000511,0.045346,True,False,True,keyword_z30__market_return__M6_only__p0.05_ic0.03,train,
MOEX10,ruble_z,7,0.21098,0.001669,0.053721,True,False,True,keyword_z30__market_return__M6_only__p0.05_ic0.03,train,
MOEX10,ruble_z,14,0.692223,0.000545,0.038291,True,False,True,keyword_z30__market_return__M6_only__p0.05_ic0.03,train,
MOEX10,ruble_z,30,0.95536,-2.6e-05,0.042919,True,False,True,keyword_z30__market_return__M6_only__p0.05_ic0.03,train,
MOEX10,sanctions_z,1,0.151317,-0.001807,0.070367,True,False,True,keyword_z30__market_return__M6_only__p0.05_ic0.03,train,
MOEX10,sanctions_z,7,0.390566,-0.001131,0.034185,True,False,True,keyword_z30__market_return__M6_only__p0.05_ic0.03,train,
MOEX10,sanctions_z,14,0.392678,-0.001171,0.047063,True,False,True,keyword_z30__market_return__M6_only__p0.05_ic0.03,train,
MOEX10,sanctions_z,30,0.588467,-0.000268,0.045114,True,False,True,keyword_z30__market_return__M6_only__p0.05_ic0.03,train,
MOEX10,inflation_z,7,0.192324,-0.001656,0.048919,True,False,True,keyword_z30__market_return__M6_only__p0.05_ic0.03,train,
MOEX10,inflation_z,14,0.722953,-0.000472,0.09159,True,False,True,keyword_z30__market_return__M6_only__p0.05_ic0.03,train,
MOEX10,inflation_z,30,0.726849,0.000159,0.045462,True,False,True,keyword_z30__market_return__M6_only__p0.05_ic0.03,train,
MOEX10,banking_z,1,0.851688,0.000225,0.035082,True,False,True,keyword_z30__market_return__M6_only__p0.05_ic0.03,train,
MOEX10,banking_z,7,0.304784,0.001296,0.03303,True,False,True,keyword_z30__market_return__M6_only__p0.05_ic0.03,train,
MOEX10,gold_z,1,0.671035,0.000551,0.042827,True,False,True,keyword_z30__market_return__M6_only__p0.05_ic0.03,train,
MOEX10,gold_z,7,0.277004,-0.001433,0.072121,True,False,True,keyword_z30__market_return__M6_only__p0.05_ic0.03,train,
MOEX10,gold_z,14,0.987914,2.1e-05,0.052005,True,False,True,keyword_z30__market_return__M6_only__p0.05_ic0.03,train,
SP500,oil_z,7,0.101582,-0.000926,0.101142,True,False,True,keyword_z30__market_return__M6_only__p0.05_ic0.03,val,
SP500,oil_z,14,0.302795,-0.000618,0.054493,True,False,True,keyword_z30__market_return__M6_only__p0.05_ic0.03,val,
SP500,sanctions_z,14,0.474822,0.000438,0.062017,True,False,True,keyword_z30__market_return__M6_only__p0.05_ic0.03,val,
SP500,inflation_z,1,0.48093,-0.00038,0.076944,True,False,True,keyword_z30__market_return__M6_only__p0.05_ic0.03,val,
SP500,inflation_z,7,0.478555,0.000406,0.060944,True,False,True,keyword_z30__market_return__M6_only__p0.05_ic0.03,val,
SP500,banking_z,7,0.02622,-0.001244,0.052807,True,True,True,keyword_z30__market_return__M6_only__p0.05_ic0.03,val,
SP500,gold_z,7,0.138868,-0.000856,0.063871,True,False,True,keyword_z30__market_return__M6_only__p0.05_ic0.03,val,
SP500,gold_z,14,0.221234,-0.00075,0.097509,True,False,True,keyword_z30__market_return__M6_only__p0.05_ic0.03,val,
USD_RUB,oil_z,1,0.265191,-0.00082,0.083309,True,False,True,keyword_z30__market_return__M6_only__p0.05_ic0.03,val,
USD_RUB,oil_z,7,0.695884,0.000305,0.090526,True,False,True,keyword_z30__market_return__M6_only__p0.05_ic0.03,val,
USD_RUB,oil_z,14,0.724376,-0.00029,0.065411,True,False,True,keyword_z30__market_return__M6_only__p0.05_ic0.03,val,
USD_RUB,oil_z,30,0.65571,-0.00019,0.077709,True,False,True,keyword_z30__market_return__M6_only__p0.05_ic0.03,val,
USD_RUB,rate_z,14,0.68603,0.00033,0.04514,True,False,True,keyword_z30__market_return__M6_only__p0.05_ic0.03,val,
USD_RUB,inflation_z,7,0.294413,0.000809,0.167616,True,False,True,keyword_z30__market_return__M6_only__p0.05_ic0.03,val,
USD_RUB,inflation_z,30,0.93273,-4.2e-05,0.06472,True,False,True,keyword_z30__market_return__M6_only__p0.05_ic0.03,val,
USD_RUB,banking_z,7,0.938653,-5.9e-05,0.065079,True,False,True,keyword_z30__market_return__M6_only__p0.05_ic0.03,val,
EUR_RUB,oil_z,1,0.265191,-0.00082,0.083309,True,False,True,keyword_z30__market_return__M6_only__p0.05_ic0.03,val,
EUR_RUB,oil_z,7,0.695884,0.000305,0.090526,True,False,True,keyword_z30__market_return__M6_only__p0.05_ic0.03,val,
EUR_RUB,oil_z,14,0.724376,-0.00029,0.065411,True,False,True,keyword_z30__market_return__M6_only__p0.05_ic0.03,val,
EUR_RUB,oil_z,30,0.65571,-0.00019,0.077709,True,False,True,keyword_z30__market_return__M6_only__p0.05_ic0.03,val,
EUR_RUB,rate_z,14,0.68603,0.00033,0.04514,True,False,True,keyword_z30__market_return__M6_only__p0.05_ic0.03,val,
EUR_RUB,inflation_z,7,0.294413,0.000809,0.167616,True,False,True,keyword_z30__market_return__M6_only__p0.05_ic0.03,val,
EUR_RUB,inflation_z,30,0.93273,-4.2e-05,0.06472,True,False,True,keyword_z30__market_return__M6_only__p0.05_ic0.03,val,
EUR_RUB,banking_z,7,0.938653,-5.9e-05,0.065079,True,False,True,keyword_z30__market_return__M6_only__p0.05_ic0.03,val,
DJ_SOUTH_AFRICA,oil_z,14,0.510231,-0.0004,0.091801,True,False,True,keyword_z30__market_return__M6_only__p0.05_ic0.03,val,
DJ_SOUTH_AFRICA,rate_z,1,0.665046,-0.000228,0.073021,True,False,True,keyword_z30__market_return__M6_only__p0.05_ic0.03,val,
DJ_SOUTH_AFRICA,rate_z,30,0.726306,-0.000125,0.08056,True,False,True,keyword_z30__market_return__M6_only__p0.05_ic0.03,val,
DJ_SOUTH_AFRICA,ruble_z,1,0.531155,0.00035,0.068658,True,False,True,keyword_z30__market_return__M6_only__p0.05_ic0.03,val,
DJ_SOUTH_AFRICA,ruble_z,7,0.904718,7.1e-05,0.032108,True,False,True,keyword_z30__market_return__M6_only__p0.05_ic0.03,val,
DJ_SOUTH_AFRICA,sanctions_z,1,0.806929,0.000135,0.04027,True,False,True,keyword_z30__market_return__M6_only__p0.05_ic0.03,val,
DJ_SOUTH_AFRICA,sanctions_z,14,0.844245,-0.000121,0.064947,True,False,True,keyword_z30__market_return__M6_only__p0.05_ic0.03,val,
DJ_SOUTH_AFRICA,sanctions_z,30,0.668541,0.000135,0.108352,True,False,True,keyword_z30__market_return__M6_only__p0.05_ic0.03,val,
DJ_SOUTH_AFRICA,inflation_z,7,0.375671,0.000503,0.088999,True,False,True,keyword_z30__market_return__M6_only__p0.05_ic0.03,val,
DJ_SOUTH_AFRICA,banking_z,1,0.616859,-0.000262,0.083444,True,False,True,keyword_z30__market_return__M6_only__p0.05_ic0.03,val,
DJ_SOUTH_AFRICA,banking_z,30,0.699724,-0.000167,0.052416,True,False,True,keyword_z30__market_return__M6_only__p0.05_ic0.03,val,
DJ_SOUTH_AFRICA,gold_z,7,0.755193,-0.000177,0.034363,True,False,True,keyword_z30__market_return__M6_only__p0.05_ic0.03,val,
DJ_SOUTH_AFRICA,gold_z,30,0.594021,0.0002,0.078195,True,False,True,keyword_z30__market_return__M6_only__p0.05_ic0.03,val,
MSCI_WORLD,rate_z,30,0.829179,8.4e-05,0.130084,True,False,True,keyword_z30__market_return__M6_only__p0.05_ic0.03,val,
MSCI_WORLD,ruble_z,1,0.917122,5.3e-05,0.034268,True,False,True,keyword_z30__market_return__M6_only__p0.05_ic0.03,val,
MSCI_WORLD,ruble_z,7,0.446204,0.000414,0.058887,True,False,True,keyword_z30__market_return__M6_only__p0.05_ic0.03,val,
MSCI_WORLD,sanctions_z,1,0.691709,0.000199,0.084339,True,False,True,keyword_z30__market_return__M6_only__p0.05_ic0.03,val,
MSCI_WORLD,inflation_z,1,0.897934,6.2e-05,0.090535,True,False,True,keyword_z30__market_return__M6_only__p0.05_ic0.03,val,
MSCI_WORLD,banking_z,30,0.691401,0.000161,0.044706,True,False,True,keyword_z30__market_return__M6_only__p0.05_ic0.03,val,
MSCI_WORLD,gold_z,14,0.089343,-0.000924,0.044685,True,False,True,keyword_z30__market_return__M6_only__p0.05_ic0.03,val,
MSCI_WORLD,gold_z,30,0.678618,0.000138,0.034619,True,False,True,keyword_z30__market_return__M6_only__p0.05_ic0.03,val,
DXY,oil_z,1,0.771537,6.8e-05,0.074403,True,False,True,keyword_z30__market_return__M6_only__p0.05_ic0.03,val,
DXY,oil_z,30,0.282333,-0.000147,0.120937,True,False,True,keyword_z30__market_return__M6_only__p0.05_ic0.03,val,
DXY,rate_z,7,0.921276,2.3e-05,0.050461,True,False,True,keyword_z30__market_return__M6_only__p0.05_ic0.03,val,
DXY,rate_z,14,0.148455,-0.000367,0.073709,True,False,True,keyword_z30__market_return__M6_only__p0.05_ic0.03,val,
DXY,rate_z,30,0.9119,-1.6e-05,0.058825,True,False,True,keyword_z30__market_return__M6_only__p0.05_ic0.03,val,
DXY,ruble_z,1,0.55216,0.000142,0.116625,True,False,True,keyword_z30__market_return__M6_only__p0.05_ic0.03,val,
DXY,sanctions_z,30,0.756379,-3.5e-05,0.045395,True,False,True,keyword_z30__market_return__M6_only__p0.05_ic0.03,val,
DXY,inflation_z,7,0.744589,-7.8e-05,0.052266,True,False,True,keyword_z30__market_return__M6_only__p0.05_ic0.03,val,
DXY,inflation_z,14,0.09672,-0.000415,0.08541,True,False,True,keyword_z30__market_return__M6_only__p0.05_ic0.03,val,
DXY,banking_z,1,0.857562,-4e-05,0.069156,True,False,True,keyword_z30__market_return__M6_only__p0.05_ic0.03,val,
DXY,banking_z,7,0.831629,-5e-05,0.069081,True,False,True,keyword_z30__market_return__M6_only__p0.05_ic0.03,val,
DXY,banking_z,14,0.778064,-7e-05,0.066462,True,False,True,keyword_z30__market_return__M6_only__p0.05_ic0.03,val,
DXY,gold_z,14,0.84658,5e-05,0.057679,True,False,True,keyword_z30__market_return__M6_only__p0.05_ic0.03,val,
BRENT,rate_z,1,0.915032,9.6e-05,0.079313,True,False,True,keyword_z30__market_return__M6_only__p0.05_ic0.03,val,
BRENT,rate_z,30,0.444299,-0.000499,0.057206,True,False,True,keyword_z30__market_return__M6_only__p0.05_ic0.03,val,
BRENT,ruble_z,1,0.741976,0.000313,0.063405,True,False,True,keyword_z30__market_return__M6_only__p0.05_ic0.03,val,
BRENT,ruble_z,7,0.730671,0.000346,0.04655,True,False,True,keyword_z30__market_return__M6_only__p0.05_ic0.03,val,
BRENT,ruble_z,14,0.32746,0.001061,0.037788,True,False,True,keyword_z30__market_return__M6_only__p0.05_ic0.03,val,
BRENT,sanctions_z,1,0.445863,0.000713,0.055405,True,False,True,keyword_z30__market_return__M6_only__p0.05_ic0.03,val,
BRENT,sanctions_z,7,0.361473,-0.000894,0.061996,True,False,True,keyword_z30__market_return__M6_only__p0.05_ic0.03,val,
BRENT,inflation_z,1,0.364199,-0.000813,0.047769,True,False,True,keyword_z30__market_return__M6_only__p0.05_ic0.03,val,
BRENT,inflation_z,7,0.710916,-0.000356,0.176119,True,False,True,keyword_z30__market_return__M6_only__p0.05_ic0.03,val,
BRENT,inflation_z,14,0.253787,-0.001143,0.041381,True,False,True,keyword_z30__market_return__M6_only__p0.05_ic0.03,val,
BRENT,banking_z,1,0.621376,0.00044,0.036338,True,False,True,keyword_z30__market_return__M6_only__p0.05_ic0.03,val,
BRENT,gold_z,7,0.163952,0.00133,0.034488,True,False,True,keyword_z30__market_return__M6_only__p0.05_ic0.03,val,
BRENT,gold_z,14,0.236384,-0.001209,0.069121,True,False,True,keyword_z30__market_return__M6_only__p0.05_ic0.03,val,
MSCI_INDIA,rate_z,14,0.790406,0.00016,0.03352,True,False,True,keyword_z30__market_return__M6_only__p0.05_ic0.03,val,
MSCI_INDIA,ruble_z,30,0.707443,-0.000133,0.151841,True,False,True,keyword_z30__market_return__M6_only__p0.05_ic0.03,val,
MSCI_INDIA,sanctions_z,7,0.795214,0.00015,0.064146,True,False,True,keyword_z30__market_return__M6_only__p0.05_ic0.03,val,
MSCI_INDIA,sanctions_z,14,0.902584,-7.6e-05,0.137589,True,False,True,keyword_z30__market_return__M6_only__p0.05_ic0.03,val,
MSCI_INDIA,sanctions_z,30,0.627976,-0.000148,0.100068,True,False,True,keyword_z30__market_return__M6_only__p0.05_ic0.03,val,
MSCI_INDIA,inflation_z,1,0.411006,0.000441,0.053874,True,False,True,keyword_z30__market_return__M6_only__p0.05_ic0.03,val,
MSCI_INDIA,inflation_z,14,0.098779,0.001006,0.076732,True,False,True,keyword_z30__market_return__M6_only__p0.05_ic0.03,val,
MSCI_INDIA,inflation_z,30,0.170282,0.000554,0.044878,True,False,True,keyword_z30__market_return__M6_only__p0.05_ic0.03,val,
MSCI_INDIA,banking_z,1,0.316792,0.000535,0.074026,True,False,True,keyword_z30__market_return__M6_only__p0.05_ic0.03,val,
MSCI_INDIA,banking_z,30,0.471812,-0.000259,0.037338,True,False,True,keyword_z30__market_return__M6_only__p0.05_ic0.03,val,
CHINA_H_SHARES,oil_z,14,0.808626,-0.0003,0.081908,True,False,True,keyword_z30__market_return__M6_only__p0.05_ic0.03,val,
CHINA_H_SHARES,oil_z,30,0.97014,2.3e-05,0.134539,True,False,True,keyword_z30__market_return__M6_only__p0.05_ic0.03,val,
CHINA_H_SHARES,rate_z,30,0.85521,-0.000143,0.063438,True,False,True,keyword_z30__market_return__M6_only__p0.05_ic0.03,val,
CHINA_H_SHARES,ruble_z,30,0.429223,0.000603,0.104744,True,False,True,keyword_z30__market_return__M6_only__p0.05_ic0.03,val,
CHINA_H_SHARES,sanctions_z,7,0.024537,-0.002656,0.062884,True,True,True,keyword_z30__market_return__M6_only__p0.05_ic0.03,val,
CHINA_H_SHARES,inflation_z,7,0.726055,0.000408,0.058149,True,False,True,keyword_z30__market_return__M6_only__p0.05_ic0.03,val,
CHINA_H_SHARES,inflation_z,14,0.326432,-0.001222,0.062736,True,False,True,keyword_z30__market_return__M6_only__p0.05_ic0.03,val,
CHINA_H_SHARES,inflation_z,30,0.883493,0.000107,0.047567,True,False,True,keyword_z30__market_return__M6_only__p0.05_ic0.03,val,
CHINA_H_SHARES,banking_z,30,0.879443,0.000111,0.031371,True,False,True,keyword_z30__market_return__M6_only__p0.05_ic0.03,val,
CHINA_H_SHARES,gold_z,14,0.996242,-6e-06,0.04411,True,False,True,keyword_z30__market_return__M6_only__p0.05_ic0.03,val,
CHINA_H_SHARES,gold_z,30,0.824617,0.00015,0.059667,True,False,True,keyword_z30__market_return__M6_only__p0.05_ic0.03,val,
FTSE_CHINA_50,rate_z,1,0.309286,-0.00109,0.089253,True,False,True,keyword_z30__market_return__M6_only__p0.05_ic0.03,val,
FTSE_CHINA_50,rate_z,30,0.271518,0.000787,0.060254,True,False,True,keyword_z30__market_return__M6_only__p0.05_ic0.03,val,
FTSE_CHINA_50,ruble_z,30,0.907846,-6.9e-05,0.120155,True,False,True,keyword_z30__market_return__M6_only__p0.05_ic0.03,val,
FTSE_CHINA_50,sanctions_z,7,0.5804,-0.000648,0.032587,True,False,True,keyword_z30__market_return__M6_only__p0.05_ic0.03,val,
FTSE_CHINA_50,inflation_z,30,0.532086,0.000413,0.132255,True,False,True,keyword_z30__market_return__M6_only__p0.05_ic0.03,val,
FTSE_CHINA_50,banking_z,7,0.611816,-0.000589,0.082405,True,False,True,keyword_z30__market_return__M6_only__p0.05_ic0.03,val,
FTSE_CHINA_50,gold_z,14,0.596437,0.000676,0.038429,True,False,True,keyword_z30__market_return__M6_only__p0.05_ic0.03,val,
FTSE_CHINA_50,gold_z,30,0.559286,0.000378,0.080103,True,False,True,keyword_z30__market_return__M6_only__p0.05_ic0.03,val,
GOLD,oil_z,30,0.712959,-0.000122,0.096079,True,False,True,keyword_z30__market_return__M6_only__p0.05_ic0.03,val,
GOLD,rate_z,30,0.689151,-0.000137,0.073405,True,False,True,keyword_z30__market_return__M6_only__p0.05_ic0.03,val,
GOLD,sanctions_z,30,0.462469,-0.000277,0.031523,True,False,True,keyword_z30__market_return__M6_only__p0.05_ic0.03,val,
GOLD,inflation_z,14,0.83357,0.000175,0.046444,True,False,True,keyword_z30__market_return__M6_only__p0.05_ic0.03,val,
GOLD,gold_z,7,0.854292,-0.000142,0.058036,True,False,True,keyword_z30__market_return__M6_only__p0.05_ic0.03,val,
GOLD,gold_z,30,0.734281,0.00011,0.07897,True,False,True,keyword_z30__market_return__M6_only__p0.05_ic0.03,val,
SILVER,rate_z,1,0.028032,-0.002969,0.064691,True,True,True,keyword_z30__market_return__M6_only__p0.05_ic0.03,val,
SILVER,rate_z,7,0.699488,-0.000574,0.077062,True,False,True,keyword_z30__market_return__M6_only__p0.05_ic0.03,val,
SILVER,rate_z,30,0.884413,8.8e-05,0.080596,True,False,True,keyword_z30__market_return__M6_only__p0.05_ic0.03,val,
SILVER,ruble_z,30,0.96987,-2.5e-05,0.08388,True,False,True,keyword_z30__market_return__M6_only__p0.05_ic0.03,val,
SILVER,sanctions_z,7,0.06758,-0.002784,0.03075,True,False,True,keyword_z30__market_return__M6_only__p0.05_ic0.03,val,
SILVER,sanctions_z,14,0.464398,0.001234,0.091296,True,False,True,keyword_z30__market_return__M6_only__p0.05_ic0.03,val,
SILVER,sanctions_z,30,0.726404,-0.000201,0.089831,True,False,True,keyword_z30__market_return__M6_only__p0.05_ic0.03,val,
SILVER,gold_z,7,0.87308,-0.000237,0.10049,True,False,True,keyword_z30__market_return__M6_only__p0.05_ic0.03,val,
IMOEX,oil_z,1,0.402042,0.000668,0.131145,True,False,True,keyword_z30__market_return__M6_only__p0.05_ic0.03,val,
IMOEX,oil_z,30,0.77845,0.000122,0.079209,True,False,True,keyword_z30__market_return__M6_only__p0.05_ic0.03,val,
IMOEX,rate_z,14,0.030385,-0.001954,0.077211,True,True,True,keyword_z30__market_return__M6_only__p0.05_ic0.03,val,
IMOEX,rate_z,30,0.998783,1e-06,0.055287,True,False,True,keyword_z30__market_return__M6_only__p0.05_ic0.03,val,
IMOEX,ruble_z,1,0.236765,-0.000972,0.152372,True,False,True,keyword_z30__market_return__M6_only__p0.05_ic0.03,val,
IMOEX,ruble_z,7,0.091251,0.001483,0.104104,True,False,True,keyword_z30__market_return__M6_only__p0.05_ic0.03,val,
IMOEX,ruble_z,30,0.871725,-7.4e-05,0.124784,True,False,True,keyword_z30__market_return__M6_only__p0.05_ic0.03,val,
IMOEX,sanctions_z,1,0.392475,0.000691,0.119076,True,False,True,keyword_z30__market_return__M6_only__p0.05_ic0.03,val,
IMOEX,sanctions_z,14,0.77077,-0.000261,0.146082,True,False,True,keyword_z30__market_return__M6_only__p0.05_ic0.03,val,
IMOEX,inflation_z,14,0.887968,-0.000126,0.10647,True,False,True,keyword_z30__market_return__M6_only__p0.05_ic0.03,val,
IMOEX,banking_z,7,0.213,-0.001022,0.129506,True,False,True,keyword_z30__market_return__M6_only__p0.05_ic0.03,val,
IMOEX,gold_z,1,0.248006,0.000922,0.055877,True,False,True,keyword_z30__market_return__M6_only__p0.05_ic0.03,val,
IMOEX,gold_z,7,0.095494,-0.001401,0.076559,True,False,True,keyword_z30__market_return__M6_only__p0.05_ic0.03,val,
MOEXFN,oil_z,1,0.259942,0.000996,0.083846,True,False,True,keyword_z30__market_return__M6_only__p0.05_ic0.03,val,
MOEXFN,oil_z,14,0.953187,5.9e-05,0.084922,True,False,True,keyword_z30__market_return__M6_only__p0.05_ic0.03,val,
MOEXFN,oil_z,30,0.998015,1e-06,0.055372,True,False,True,keyword_z30__market_return__M6_only__p0.05_ic0.03,val,
MOEXFN,rate_z,1,0.324754,0.000849,0.048134,True,False,True,keyword_z30__market_return__M6_only__p0.05_ic0.03,val,
MOEXFN,rate_z,7,0.07648,-0.001639,0.043734,True,False,True,keyword_z30__market_return__M6_only__p0.05_ic0.03,val,
MOEXFN,ruble_z,7,0.203293,0.001241,0.101488,True,False,True,keyword_z30__market_return__M6_only__p0.05_ic0.03,val,
MOEXFN,sanctions_z,1,0.46779,0.00065,0.083389,True,False,True,keyword_z30__market_return__M6_only__p0.05_ic0.03,val,
MOEXFN,sanctions_z,14,0.667731,-0.000429,0.091815,True,False,True,keyword_z30__market_return__M6_only__p0.05_ic0.03,val,
MOEXFN,sanctions_z,30,0.689373,-0.000203,0.069587,True,False,True,keyword_z30__market_return__M6_only__p0.05_ic0.03,val,
MOEXFN,inflation_z,7,0.334669,-0.000898,0.049019,True,False,True,keyword_z30__market_return__M6_only__p0.05_ic0.03,val,
MOEXFN,banking_z,1,0.043186,0.001717,0.069241,True,True,True,keyword_z30__market_return__M6_only__p0.05_ic0.03,val,
MOEXFN,banking_z,7,0.173223,-0.001235,0.108746,True,False,True,keyword_z30__market_return__M6_only__p0.05_ic0.03,val,
MOEXFN,gold_z,30,0.630594,0.000267,0.039497,True,False,True,keyword_z30__market_return__M6_only__p0.05_ic0.03,val,
MOEXOG,oil_z,1,0.315262,0.000828,0.070578,True,False,True,keyword_z30__market_return__M6_only__p0.05_ic0.03,val,
MOEXOG,oil_z,30,0.828273,0.0001,0.080824,True,False,True,keyword_z30__market_return__M6_only__p0.05_ic0.03,val,
MOEXOG,rate_z,1,0.245714,0.000935,0.055117,True,False,True,keyword_z30__market_return__M6_only__p0.05_ic0.03,val,
MOEXOG,rate_z,14,0.020723,-0.002143,0.05198,True,True,True,keyword_z30__market_return__M6_only__p0.05_ic0.03,val,
MOEXOG,ruble_z,1,0.379594,-0.000747,0.135735,True,False,True,keyword_z30__market_return__M6_only__p0.05_ic0.03,val,
MOEXOG,ruble_z,14,0.494284,-0.000674,0.140528,True,False,True,keyword_z30__market_return__M6_only__p0.05_ic0.03,val,
MOEXOG,ruble_z,30,0.85143,9.3e-05,0.09403,True,False,True,keyword_z30__market_return__M6_only__p0.05_ic0.03,val,
MOEXOG,sanctions_z,30,0.580369,-0.000261,0.101942,True,False,True,keyword_z30__market_return__M6_only__p0.05_ic0.03,val,
MOEXOG,inflation_z,14,0.679371,-0.00038,0.136672,True,False,True,keyword_z30__market_return__M6_only__p0.05_ic0.03,val,
MOEXOG,inflation_z,30,0.493267,0.000356,0.081247,True,False,True,keyword_z30__market_return__M6_only__p0.05_ic0.03,val,
MOEXOG,banking_z,1,0.020153,0.00184,0.046876,True,True,True,keyword_z30__market_return__M6_only__p0.05_ic0.03,val,
MOEXOG,gold_z,7,0.063591,-0.001622,0.034143,True,False,True,keyword_z30__market_return__M6_only__p0.05_ic0.03,val,
MOEX10,oil_z,1,0.395554,0.000786,0.099205,True,False,True,keyword_z30__market_return__M6_only__p0.05_ic0.03,val,
MOEX10,oil_z,14,0.759176,-0.000323,0.083265,True,False,True,keyword_z30__market_return__M6_only__p0.05_ic0.03,val,
MOEX10,ruble_z,1,0.242683,-0.001114,0.160903,True,False,True,keyword_z30__market_return__M6_only__p0.05_ic0.03,val,
MOEX10,ruble_z,7,0.102758,0.001663,0.106609,True,False,True,keyword_z30__market_return__M6_only__p0.05_ic0.03,val,
MOEX10,ruble_z,14,0.554407,-0.000658,0.066071,True,False,True,keyword_z30__market_return__M6_only__p0.05_ic0.03,val,
MOEX10,ruble_z,30,0.977657,1.6e-05,0.059227,True,False,True,keyword_z30__market_return__M6_only__p0.05_ic0.03,val,
MOEX10,sanctions_z,1,0.515773,0.00061,0.098687,True,False,True,keyword_z30__market_return__M6_only__p0.05_ic0.03,val,
MOEX10,sanctions_z,14,0.627512,-0.000508,0.119435,True,False,True,keyword_z30__market_return__M6_only__p0.05_ic0.03,val,
MOEX10,sanctions_z,30,0.959032,2.9e-05,0.09835,True,False,True,keyword_z30__market_return__M6_only__p0.05_ic0.03,val,
MOEX10,inflation_z,7,0.202437,-0.001236,0.060125,True,False,True,keyword_z30__market_return__M6_only__p0.05_ic0.03,val,
MOEX10,inflation_z,14,0.675496,-0.00043,0.102459,True,False,True,keyword_z30__market_return__M6_only__p0.05_ic0.03,val,
MOEX10,inflation_z,30,0.649984,0.000298,0.073425,True,False,True,keyword_z30__market_return__M6_only__p0.05_ic0.03,val,
MOEX10,banking_z,1,0.06563,0.001639,0.071305,True,False,True,keyword_z30__market_return__M6_only__p0.05_ic0.03,val,
MOEX10,banking_z,7,0.200876,-0.001215,0.132732,True,False,True,keyword_z30__market_return__M6_only__p0.05_ic0.03,val,
MOEX10,gold_z,1,0.134025,0.001388,0.046204,True,False,True,keyword_z30__market_return__M6_only__p0.05_ic0.03,val,
MOEX10,gold_z,7,0.06506,-0.001795,0.031262,True,False,True,keyword_z30__market_return__M6_only__p0.05_ic0.03,val,
MOEX10,gold_z,14,0.716672,0.000377,0.088658,True,False,True,keyword_z30__market_return__M6_only__p0.05_ic0.03,val,
SP500,oil_z,7,0.825398,-9.4e-05,0.063704,True,False,True,keyword_z30__abs_return__M6_only__p0.05_ic0.03,train,
SP500,oil_z,14,0.716991,0.00016,0.093591,True,False,True,keyword_z30__abs_return__M6_only__p0.05_ic0.03,train,
SP500,oil_z,30,0.291613,0.00054,0.051573,True,False,True,keyword_z30__abs_return__M6_only__p0.05_ic0.03,train,
SP500,rate_z,7,0.735734,0.000129,0.037036,True,False,True,keyword_z30__abs_return__M6_only__p0.05_ic0.03,train,
SP500,rate_z,14,0.995081,2e-06,0.067915,True,False,True,keyword_z30__abs_return__M6_only__p0.05_ic0.03,train,
SP500,ruble_z,30,0.215411,-0.000687,0.065253,True,False,True,keyword_z30__abs_return__M6_only__p0.05_ic0.03,train,
SP500,sanctions_z,14,0.629541,0.000236,0.072389,True,False,True,keyword_z30__abs_return__M6_only__p0.05_ic0.03,train,
SP500,inflation_z,1,0.573386,-0.000281,0.057836,True,False,True,keyword_z30__abs_return__M6_only__p0.05_ic0.03,train,
SP500,inflation_z,7,0.621607,-0.000182,0.054048,True,False,True,keyword_z30__abs_return__M6_only__p0.05_ic0.03,train,
SP500,banking_z,7,0.376713,-0.000361,0.0412,True,False,True,keyword_z30__abs_return__M6_only__p0.05_ic0.03,train,
SP500,gold_z,7,0.840372,9.6e-05,0.100155,True,False,True,keyword_z30__abs_return__M6_only__p0.05_ic0.03,train,
SP500,gold_z,14,0.766104,-0.000145,0.067849,True,False,True,keyword_z30__abs_return__M6_only__p0.05_ic0.03,train,
USD_RUB,oil_z,1,0.561046,0.000766,0.030283,True,False,True,keyword_z30__abs_return__M6_only__p0.05_ic0.03,train,
USD_RUB,oil_z,7,0.730143,-0.000459,0.063967,True,False,True,keyword_z30__abs_return__M6_only__p0.05_ic0.03,train,
USD_RUB,oil_z,14,0.557275,0.000821,0.030678,True,False,True,keyword_z30__abs_return__M6_only__p0.05_ic0.03,train,
USD_RUB,oil_z,30,0.376098,0.000725,0.03228,True,False,True,keyword_z30__abs_return__M6_only__p0.05_ic0.03,train,
USD_RUB,rate_z,1,0.947637,-8.4e-05,0.095894,True,False,True,keyword_z30__abs_return__M6_only__p0.05_ic0.03,train,
USD_RUB,rate_z,14,0.282306,0.00148,0.038115,True,False,True,keyword_z30__abs_return__M6_only__p0.05_ic0.03,train,
USD_RUB,ruble_z,1,0.116962,0.002065,0.058559,True,False,True,keyword_z30__abs_return__M6_only__p0.05_ic0.03,train,
USD_RUB,ruble_z,7,0.098346,0.002242,0.033342,True,False,True,keyword_z30__abs_return__M6_only__p0.05_ic0.03,train,
USD_RUB,ruble_z,14,0.6695,0.000594,0.106753,True,False,True,keyword_z30__abs_return__M6_only__p0.05_ic0.03,train,
USD_RUB,ruble_z,30,0.257226,-0.000916,0.030263,True,False,True,keyword_z30__abs_return__M6_only__p0.05_ic0.03,train,
USD_RUB,sanctions_z,1,0.151281,0.00179,0.091664,True,False,True,keyword_z30__abs_return__M6_only__p0.05_ic0.03,train,
USD_RUB,sanctions_z,7,0.061234,0.002381,0.040745,True,False,True,keyword_z30__abs_return__M6_only__p0.05_ic0.03,train,
USD_RUB,sanctions_z,30,0.083777,-0.001524,0.040271,True,False,True,keyword_z30__abs_return__M6_only__p0.05_ic0.03,train,
USD_RUB,inflation_z,7,0.490486,0.000886,0.081321,True,False,True,keyword_z30__abs_return__M6_only__p0.05_ic0.03,train,
USD_RUB,inflation_z,14,0.279826,0.001456,0.050027,True,False,True,keyword_z30__abs_return__M6_only__p0.05_ic0.03,train,
USD_RUB,inflation_z,30,0.634933,0.000398,0.053849,True,False,True,keyword_z30__abs_return__M6_only__p0.05_ic0.03,train,
USD_RUB,banking_z,1,0.737632,-0.00041,0.057222,True,False,True,keyword_z30__abs_return__M6_only__p0.05_ic0.03,train,
USD_RUB,banking_z,7,0.152015,0.001776,0.056824,True,False,True,keyword_z30__abs_return__M6_only__p0.05_ic0.03,train,
USD_RUB,banking_z,30,0.818993,-0.000195,0.065578,True,False,True,keyword_z30__abs_return__M6_only__p0.05_ic0.03,train,
EUR_RUB,oil_z,1,0.561046,0.000766,0.030283,True,False,True,keyword_z30__abs_return__M6_only__p0.05_ic0.03,train,
EUR_RUB,oil_z,7,0.730143,-0.000459,0.063967,True,False,True,keyword_z30__abs_return__M6_only__p0.05_ic0.03,train,
EUR_RUB,oil_z,14,0.557275,0.000821,0.030678,True,False,True,keyword_z30__abs_return__M6_only__p0.05_ic0.03,train,
EUR_RUB,oil_z,30,0.376098,0.000725,0.03228,True,False,True,keyword_z30__abs_return__M6_only__p0.05_ic0.03,train,
EUR_RUB,rate_z,1,0.947637,-8.4e-05,0.095894,True,False,True,keyword_z30__abs_return__M6_only__p0.05_ic0.03,train,
EUR_RUB,rate_z,14,0.282306,0.00148,0.038115,True,False,True,keyword_z30__abs_return__M6_only__p0.05_ic0.03,train,
EUR_RUB,ruble_z,1,0.116962,0.002065,0.058559,True,False,True,keyword_z30__abs_return__M6_only__p0.05_ic0.03,train,
EUR_RUB,ruble_z,7,0.098346,0.002242,0.033342,True,False,True,keyword_z30__abs_return__M6_only__p0.05_ic0.03,train,
EUR_RUB,ruble_z,14,0.6695,0.000594,0.106753,True,False,True,keyword_z30__abs_return__M6_only__p0.05_ic0.03,train,
EUR_RUB,ruble_z,30,0.257226,-0.000916,0.030263,True,False,True,keyword_z30__abs_return__M6_only__p0.05_ic0.03,train,
EUR_RUB,sanctions_z,1,0.151281,0.00179,0.091664,True,False,True,keyword_z30__abs_return__M6_only__p0.05_ic0.03,train,
EUR_RUB,sanctions_z,7,0.061234,0.002381,0.040745,True,False,True,keyword_z30__abs_return__M6_only__p0.05_ic0.03,train,
EUR_RUB,sanctions_z,30,0.083777,-0.001524,0.040271,True,False,True,keyword_z30__abs_return__M6_only__p0.05_ic0.03,train,
EUR_RUB,inflation_z,7,0.490486,0.000886,0.081321,True,False,True,keyword_z30__abs_return__M6_only__p0.05_ic0.03,train,
EUR_RUB,inflation_z,14,0.279826,0.001456,0.050027,True,False,True,keyword_z30__abs_return__M6_only__p0.05_ic0.03,train,
EUR_RUB,inflation_z,30,0.634933,0.000398,0.053849,True,False,True,keyword_z30__abs_return__M6_only__p0.05_ic0.03,train,
EUR_RUB,banking_z,1,0.737632,-0.00041,0.057222,True,False,True,keyword_z30__abs_return__M6_only__p0.05_ic0.03,train,
EUR_RUB,banking_z,7,0.152015,0.001776,0.056824,True,False,True,keyword_z30__abs_return__M6_only__p0.05_ic0.03,train,
EUR_RUB,banking_z,30,0.818993,-0.000195,0.065578,True,False,True,keyword_z30__abs_return__M6_only__p0.05_ic0.03,train,
DJ_SOUTH_AFRICA,oil_z,14,0.244519,0.00066,0.048904,True,False,True,keyword_z30__abs_return__M6_only__p0.05_ic0.03,train,
DJ_SOUTH_AFRICA,rate_z,1,0.626782,0.000253,0.077454,True,False,True,keyword_z30__abs_return__M6_only__p0.05_ic0.03,train,
DJ_SOUTH_AFRICA,rate_z,7,0.829793,-0.000114,0.034164,True,False,True,keyword_z30__abs_return__M6_only__p0.05_ic0.03,train,
DJ_SOUTH_AFRICA,rate_z,30,0.68393,0.000165,0.072643,True,False,True,keyword_z30__abs_return__M6_only__p0.05_ic0.03,train,
DJ_SOUTH_AFRICA,ruble_z,1,0.100132,0.000878,0.05342,True,False,True,keyword_z30__abs_return__M6_only__p0.05_ic0.03,train,
DJ_SOUTH_AFRICA,ruble_z,7,0.406528,-0.000458,0.0595,True,False,True,keyword_z30__abs_return__M6_only__p0.05_ic0.03,train,
DJ_SOUTH_AFRICA,ruble_z,30,0.54631,-0.000226,0.046104,True,False,True,keyword_z30__abs_return__M6_only__p0.05_ic0.03,train,
DJ_SOUTH_AFRICA,sanctions_z,1,0.74421,0.000165,0.060388,True,False,True,keyword_z30__abs_return__M6_only__p0.05_ic0.03,train,
DJ_SOUTH_AFRICA,sanctions_z,14,0.012787,0.001341,0.08334,True,True,True,keyword_z30__abs_return__M6_only__p0.05_ic0.03,train,
DJ_SOUTH_AFRICA,sanctions_z,30,0.227994,-0.000454,0.111598,True,False,True,keyword_z30__abs_return__M6_only__p0.05_ic0.03,train,
DJ_SOUTH_AFRICA,inflation_z,7,0.097965,-0.000871,0.143065,True,False,True,keyword_z30__abs_return__M6_only__p0.05_ic0.03,train,
DJ_SOUTH_AFRICA,banking_z,1,0.316226,0.000497,0.032776,True,False,True,keyword_z30__abs_return__M6_only__p0.05_ic0.03,train,
DJ_SOUTH_AFRICA,banking_z,30,0.269914,-0.000458,0.047732,True,False,True,keyword_z30__abs_return__M6_only__p0.05_ic0.03,train,
DJ_SOUTH_AFRICA,gold_z,7,0.809134,-0.000129,0.032929,True,False,True,keyword_z30__abs_return__M6_only__p0.05_ic0.03,train,
DJ_SOUTH_AFRICA,gold_z,30,0.839317,8.4e-05,0.107938,True,False,True,keyword_z30__abs_return__M6_only__p0.05_ic0.03,train,
MSCI_WORLD,oil_z,14,0.259348,0.000619,0.038444,True,False,True,keyword_z30__abs_return__M6_only__p0.05_ic0.03,train,
MSCI_WORLD,rate_z,14,0.590565,0.000285,0.076171,True,False,True,keyword_z30__abs_return__M6_only__p0.05_ic0.03,train,
MSCI_WORLD,rate_z,30,0.72624,0.000147,0.062521,True,False,True,keyword_z30__abs_return__M6_only__p0.05_ic0.03,train,
MSCI_WORLD,ruble_z,1,0.953696,-3e-05,0.040228,True,False,True,keyword_z30__abs_return__M6_only__p0.05_ic0.03,train,
MSCI_WORLD,ruble_z,7,0.845663,-0.000103,0.072038,True,False,True,keyword_z30__abs_return__M6_only__p0.05_ic0.03,train,
MSCI_WORLD,sanctions_z,1,0.830103,0.000106,0.066627,True,False,True,keyword_z30__abs_return__M6_only__p0.05_ic0.03,train,
MSCI_WORLD,sanctions_z,14,0.011629,0.001297,0.075112,True,True,True,keyword_z30__abs_return__M6_only__p0.05_ic0.03,train,
MSCI_WORLD,inflation_z,1,0.365685,0.000447,0.052356,True,False,True,keyword_z30__abs_return__M6_only__p0.05_ic0.03,train,
MSCI_WORLD,banking_z,30,0.874007,6.9e-05,0.071444,True,False,True,keyword_z30__abs_return__M6_only__p0.05_ic0.03,train,
MSCI_WORLD,gold_z,14,0.242605,0.000632,0.048913,True,False,True,keyword_z30__abs_return__M6_only__p0.05_ic0.03,train,
MSCI_WORLD,gold_z,30,0.903347,4.9e-05,0.102837,True,False,True,keyword_z30__abs_return__M6_only__p0.05_ic0.03,train,
DXY,oil_z,1,0.036295,-0.000528,0.049285,True,True,True,keyword_z30__abs_return__M6_only__p0.05_ic0.03,train,
DXY,oil_z,7,0.433208,0.000201,0.051441,True,False,True,keyword_z30__abs_return__M6_only__p0.05_ic0.03,train,
DXY,oil_z,30,0.99294,1e-06,0.031501,True,False,True,keyword_z30__abs_return__M6_only__p0.05_ic0.03,train,
DXY,rate_z,1,0.087008,-0.000422,0.048065,True,False,True,keyword_z30__abs_return__M6_only__p0.05_ic0.03,train,
DXY,rate_z,7,0.21587,0.000313,0.066009,True,False,True,keyword_z30__abs_return__M6_only__p0.05_ic0.03,train,
DXY,rate_z,14,0.42693,0.000212,0.06057,True,False,True,keyword_z30__abs_return__M6_only__p0.05_ic0.03,train,
DXY,rate_z,30,0.185068,0.000252,0.048778,True,False,True,keyword_z30__abs_return__M6_only__p0.05_ic0.03,train,
DXY,ruble_z,1,0.582969,0.000139,0.045704,True,False,True,keyword_z30__abs_return__M6_only__p0.05_ic0.03,train,
DXY,ruble_z,14,0.321498,-0.000266,0.041689,True,False,True,keyword_z30__abs_return__M6_only__p0.05_ic0.03,train,
DXY,sanctions_z,30,0.773668,5.1e-05,0.050708,True,False,True,keyword_z30__abs_return__M6_only__p0.05_ic0.03,train,
DXY,inflation_z,7,0.382596,0.000216,0.053329,True,False,True,keyword_z30__abs_return__M6_only__p0.05_ic0.03,train,
DXY,inflation_z,14,0.876966,-4e-05,0.045015,True,False,True,keyword_z30__abs_return__M6_only__p0.05_ic0.03,train,
DXY,banking_z,1,0.182694,-0.000314,0.051982,True,False,True,keyword_z30__abs_return__M6_only__p0.05_ic0.03,train,
DXY,banking_z,7,0.733029,-8.2e-05,0.032552,True,False,True,keyword_z30__abs_return__M6_only__p0.05_ic0.03,train,
DXY,banking_z,14,0.978392,-7e-06,0.036554,True,False,True,keyword_z30__abs_return__M6_only__p0.05_ic0.03,train,
DXY,gold_z,7,0.156213,0.000358,0.063103,True,False,True,keyword_z30__abs_return__M6_only__p0.05_ic0.03,train,
DXY,gold_z,14,0.709074,-0.0001,0.076735,True,False,True,keyword_z30__abs_return__M6_only__p0.05_ic0.03,train,
BRENT,oil_z,7,0.783869,0.00034,0.057839,True,False,True,keyword_z30__abs_return__M6_only__p0.05_ic0.03,train,
BRENT,oil_z,30,0.789613,0.000223,0.053382,True,False,True,keyword_z30__abs_return__M6_only__p0.05_ic0.03,train,
BRENT,rate_z,1,0.463888,0.000862,0.048946,True,False,True,keyword_z30__abs_return__M6_only__p0.05_ic0.03,train,
BRENT,rate_z,30,0.755664,-0.000289,0.105518,True,False,True,keyword_z30__abs_return__M6_only__p0.05_ic0.03,train,
BRENT,ruble_z,1,0.130039,0.001835,0.031806,True,False,True,keyword_z30__abs_return__M6_only__p0.05_ic0.03,train,
BRENT,ruble_z,7,0.346223,-0.001188,0.045646,True,False,True,keyword_z30__abs_return__M6_only__p0.05_ic0.03,train,
BRENT,ruble_z,14,0.393138,-0.001097,0.043074,True,False,True,keyword_z30__abs_return__M6_only__p0.05_ic0.03,train,
BRENT,ruble_z,30,0.339793,-0.000839,0.064711,True,False,True,keyword_z30__abs_return__M6_only__p0.05_ic0.03,train,
BRENT,sanctions_z,1,0.955147,-6.5e-05,0.036026,True,False,True,keyword_z30__abs_return__M6_only__p0.05_ic0.03,train,
BRENT,sanctions_z,7,0.725211,0.000417,0.054228,True,False,True,keyword_z30__abs_return__M6_only__p0.05_ic0.03,train,
BRENT,sanctions_z,14,0.242401,0.001449,0.032546,True,False,True,keyword_z30__abs_return__M6_only__p0.05_ic0.03,train,
BRENT,inflation_z,1,0.310592,0.00115,0.037861,True,False,True,keyword_z30__abs_return__M6_only__p0.05_ic0.03,train,
BRENT,inflation_z,7,0.871485,0.00019,0.071236,True,False,True,keyword_z30__abs_return__M6_only__p0.05_ic0.03,train,
BRENT,inflation_z,14,0.91691,-0.000127,0.09521,True,False,True,keyword_z30__abs_return__M6_only__p0.05_ic0.03,train,
BRENT,banking_z,1,0.808299,0.000274,0.030656,True,False,True,keyword_z30__abs_return__M6_only__p0.05_ic0.03,train,
BRENT,gold_z,1,0.228291,0.001458,0.039403,True,False,True,keyword_z30__abs_return__M6_only__p0.05_ic0.03,train,
BRENT,gold_z,7,0.556507,0.000719,0.06469,True,False,True,keyword_z30__abs_return__M6_only__p0.05_ic0.03,train,
BRENT,gold_z,14,0.428527,-0.001026,0.062129,True,False,True,keyword_z30__abs_return__M6_only__p0.05_ic0.03,train,
BRENT,gold_z,30,0.548371,0.000532,0.054314,True,False,True,keyword_z30__abs_return__M6_only__p0.05_ic0.03,train,
MSCI_INDIA,oil_z,30,0.765091,-8.7e-05,0.055922,True,False,True,keyword_z30__abs_return__M6_only__p0.05_ic0.03,train,
MSCI_INDIA,rate_z,7,0.892691,-6.7e-05,0.136145,True,False,True,keyword_z30__abs_return__M6_only__p0.05_ic0.03,train,
MSCI_INDIA,rate_z,14,0.443331,-0.000386,0.062153,True,False,True,keyword_z30__abs_return__M6_only__p0.05_ic0.03,train,
MSCI_INDIA,rate_z,30,0.863766,6.3e-05,0.066985,True,False,True,keyword_z30__abs_return__M6_only__p0.05_ic0.03,train,
MSCI_INDIA,ruble_z,7,0.487192,-0.000351,0.058165,True,False,True,keyword_z30__abs_return__M6_only__p0.05_ic0.03,train,
MSCI_INDIA,ruble_z,30,0.910227,-3.5e-05,0.086842,True,False,True,keyword_z30__abs_return__M6_only__p0.05_ic0.03,train,
MSCI_INDIA,sanctions_z,7,0.717136,-0.000174,0.057799,True,False,True,keyword_z30__abs_return__M6_only__p0.05_ic0.03,train,
MSCI_INDIA,sanctions_z,14,0.184557,0.000639,0.053486,True,False,True,keyword_z30__abs_return__M6_only__p0.05_ic0.03,train,
MSCI_INDIA,sanctions_z,30,0.779249,-9.2e-05,0.074554,True,False,True,keyword_z30__abs_return__M6_only__p0.05_ic0.03,train,
MSCI_INDIA,inflation_z,1,0.616667,-0.000236,0.064679,True,False,True,keyword_z30__abs_return__M6_only__p0.05_ic0.03,train,
MSCI_INDIA,inflation_z,14,0.462811,-0.000362,0.046776,True,False,True,keyword_z30__abs_return__M6_only__p0.05_ic0.03,train,
MSCI_INDIA,inflation_z,30,0.659565,0.000146,0.102502,True,False,True,keyword_z30__abs_return__M6_only__p0.05_ic0.03,train,
MSCI_INDIA,banking_z,1,0.522508,-0.000295,0.036586,True,False,True,keyword_z30__abs_return__M6_only__p0.05_ic0.03,train,
MSCI_INDIA,banking_z,7,0.854249,-8.6e-05,0.077395,True,False,True,keyword_z30__abs_return__M6_only__p0.05_ic0.03,train,
MSCI_INDIA,banking_z,30,0.546126,-0.000197,0.041253,True,False,True,keyword_z30__abs_return__M6_only__p0.05_ic0.03,train,
MSCI_INDIA,gold_z,1,0.669921,-0.000212,0.073133,True,False,True,keyword_z30__abs_return__M6_only__p0.05_ic0.03,train,
MSCI_INDIA,gold_z,7,0.733496,-0.000169,0.081551,True,False,True,keyword_z30__abs_return__M6_only__p0.05_ic0.03,train,
MSCI_INDIA,gold_z,14,0.215914,0.000626,0.041513,True,False,True,keyword_z30__abs_return__M6_only__p0.05_ic0.03,train,
CHINA_H_SHARES,oil_z,1,0.500671,-0.0007,0.068211,True,False,True,keyword_z30__abs_return__M6_only__p0.05_ic0.03,train,
CHINA_H_SHARES,oil_z,14,0.926426,-0.000103,0.030316,True,False,True,keyword_z30__abs_return__M6_only__p0.05_ic0.03,train,
CHINA_H_SHARES,oil_z,30,0.703353,-0.000271,0.035504,True,False,True,keyword_z30__abs_return__M6_only__p0.05_ic0.03,train,
CHINA_H_SHARES,rate_z,1,0.039398,0.002035,0.06255,True,True,True,keyword_z30__abs_return__M6_only__p0.05_ic0.03,train,
CHINA_H_SHARES,rate_z,7,0.952655,-6.1e-05,0.030879,True,False,True,keyword_z30__abs_return__M6_only__p0.05_ic0.03,train,
CHINA_H_SHARES,rate_z,30,0.20296,0.00092,0.053583,True,False,True,keyword_z30__abs_return__M6_only__p0.05_ic0.03,train,
CHINA_H_SHARES,ruble_z,30,0.826634,-0.000158,0.134446,True,False,True,keyword_z30__abs_return__M6_only__p0.05_ic0.03,train,
CHINA_H_SHARES,sanctions_z,7,0.535935,-0.000621,0.071419,True,False,True,keyword_z30__abs_return__M6_only__p0.05_ic0.03,train,
CHINA_H_SHARES,inflation_z,7,0.293529,-0.001059,0.047571,True,False,True,keyword_z30__abs_return__M6_only__p0.05_ic0.03,train,
CHINA_H_SHARES,inflation_z,14,0.986127,-1.8e-05,0.041271,True,False,True,keyword_z30__abs_return__M6_only__p0.05_ic0.03,train,
CHINA_H_SHARES,inflation_z,30,0.307671,0.000677,0.069113,True,False,True,keyword_z30__abs_return__M6_only__p0.05_ic0.03,train,
CHINA_H_SHARES,banking_z,7,0.912008,0.00011,0.044784,True,False,True,keyword_z30__abs_return__M6_only__p0.05_ic0.03,train,
CHINA_H_SHARES,banking_z,30,0.99353,6e-06,0.030289,True,False,True,keyword_z30__abs_return__M6_only__p0.05_ic0.03,train,
CHINA_H_SHARES,gold_z,7,0.211845,-0.00132,0.062301,True,False,True,keyword_z30__abs_return__M6_only__p0.05_ic0.03,train,
CHINA_H_SHARES,gold_z,14,0.387378,-0.000956,0.075062,True,False,True,keyword_z30__abs_return__M6_only__p0.05_ic0.03,train,
CHINA_H_SHARES,gold_z,30,0.838066,0.000147,0.138082,True,False,True,keyword_z30__abs_return__M6_only__p0.05_ic0.03,train,
FTSE_CHINA_50,oil_z,1,0.486885,-0.000768,0.050805,True,False,True,keyword_z30__abs_return__M6_only__p0.05_ic0.03,train,
FTSE_CHINA_50,oil_z,7,0.511466,-0.000747,0.043206,True,False,True,keyword_z30__abs_return__M6_only__p0.05_ic0.03,train,
FTSE_CHINA_50,rate_z,1,0.033479,0.002233,0.053451,True,True,True,keyword_z30__abs_return__M6_only__p0.05_ic0.03,train,
FTSE_CHINA_50,rate_z,30,0.156536,0.001116,0.053695,True,False,True,keyword_z30__abs_return__M6_only__p0.05_ic0.03,train,
FTSE_CHINA_50,ruble_z,30,0.654387,-0.000347,0.164721,True,False,True,keyword_z30__abs_return__M6_only__p0.05_ic0.03,train,
FTSE_CHINA_50,sanctions_z,7,0.465217,-0.000776,0.041179,True,False,True,keyword_z30__abs_return__M6_only__p0.05_ic0.03,train,
FTSE_CHINA_50,sanctions_z,14,0.611929,0.000551,0.033271,True,False,True,keyword_z30__abs_return__M6_only__p0.05_ic0.03,train,
FTSE_CHINA_50,inflation_z,7,0.189326,-0.001404,0.05716,True,False,True,keyword_z30__abs_return__M6_only__p0.05_ic0.03,train,
FTSE_CHINA_50,inflation_z,30,0.297063,0.000741,0.065878,True,False,True,keyword_z30__abs_return__M6_only__p0.05_ic0.03,train,
FTSE_CHINA_50,banking_z,7,0.999047,1e-06,0.071547,True,False,True,keyword_z30__abs_return__M6_only__p0.05_ic0.03,train,
FTSE_CHINA_50,banking_z,30,0.694798,0.000302,0.038057,True,False,True,keyword_z30__abs_return__M6_only__p0.05_ic0.03,train,
FTSE_CHINA_50,gold_z,14,0.412584,-0.000958,0.072217,True,False,True,keyword_z30__abs_return__M6_only__p0.05_ic0.03,train,
FTSE_CHINA_50,gold_z,30,0.698183,0.000306,0.167287,True,False,True,keyword_z30__abs_return__M6_only__p0.05_ic0.03,train,
GOLD,oil_z,14,0.942265,-4.5e-05,0.049427,True,False,True,keyword_z30__abs_return__M6_only__p0.05_ic0.03,train,
GOLD,oil_z,30,0.865719,4.6e-05,0.046574,True,False,True,keyword_z30__abs_return__M6_only__p0.05_ic0.03,train,
GOLD,rate_z,14,0.229904,-0.000717,0.055621,True,False,True,keyword_z30__abs_return__M6_only__p0.05_ic0.03,train,
GOLD,rate_z,30,0.899536,4.7e-05,0.070297,True,False,True,keyword_z30__abs_return__M6_only__p0.05_ic0.03,train,
GOLD,ruble_z,7,0.896233,7.6e-05,0.083301,True,False,True,keyword_z30__abs_return__M6_only__p0.05_ic0.03,train,
GOLD,ruble_z,30,0.579832,-0.000162,0.107168,True,False,True,keyword_z30__abs_return__M6_only__p0.05_ic0.03,train,
GOLD,sanctions_z,30,0.058917,-0.00059,0.033679,True,False,True,keyword_z30__abs_return__M6_only__p0.05_ic0.03,train,
GOLD,inflation_z,1,0.223579,-0.000623,0.070593,True,False,True,keyword_z30__abs_return__M6_only__p0.05_ic0.03,train,
GOLD,inflation_z,7,0.036041,-0.001128,0.082791,True,True,True,keyword_z30__abs_return__M6_only__p0.05_ic0.03,train,
GOLD,inflation_z,14,0.27958,-0.000638,0.082087,True,False,True,keyword_z30__abs_return__M6_only__p0.05_ic0.03,train,
GOLD,banking_z,7,0.188079,0.000717,0.051699,True,False,True,keyword_z30__abs_return__M6_only__p0.05_ic0.03,train,
GOLD,gold_z,7,0.834313,0.000118,0.088304,True,False,True,keyword_z30__abs_return__M6_only__p0.05_ic0.03,train,
GOLD,gold_z,14,0.062022,-0.001121,0.042623,True,False,True,keyword_z30__abs_return__M6_only__p0.05_ic0.03,train,
GOLD,gold_z,30,0.421652,-0.000275,0.100307,True,False,True,keyword_z30__abs_return__M6_only__p0.05_ic0.03,train,
SILVER,oil_z,30,0.557764,0.000402,0.039491,True,False,True,keyword_z30__abs_return__M6_only__p0.05_ic0.03,train,
SILVER,rate_z,1,0.326204,0.001063,0.128685,True,False,True,keyword_z30__abs_return__M6_only__p0.05_ic0.03,train,
SILVER,rate_z,7,0.466144,-0.000818,0.108622,True,False,True,keyword_z30__abs_return__M6_only__p0.05_ic0.03,train,
SILVER,rate_z,30,0.355004,-0.000675,0.076872,True,False,True,keyword_z30__abs_return__M6_only__p0.05_ic0.03,train,
SILVER,ruble_z,7,0.473809,0.000829,0.101142,True,False,True,keyword_z30__abs_return__M6_only__p0.05_ic0.03,train,
SILVER,ruble_z,30,0.926311,-5.7e-05,0.144126,True,False,True,keyword_z30__abs_return__M6_only__p0.05_ic0.03,train,
SILVER,sanctions_z,1,0.024904,0.002368,0.038574,True,True,True,keyword_z30__abs_return__M6_only__p0.05_ic0.03,train,
SILVER,sanctions_z,7,0.725221,0.000389,0.031245,True,False,True,keyword_z30__abs_return__M6_only__p0.05_ic0.03,train,
SILVER,sanctions_z,14,0.136546,0.001678,0.067042,True,False,True,keyword_z30__abs_return__M6_only__p0.05_ic0.03,train,
SILVER,sanctions_z,30,0.236418,-0.000739,0.055508,True,False,True,keyword_z30__abs_return__M6_only__p0.05_ic0.03,train,
SILVER,inflation_z,7,0.312217,-0.001127,0.111862,True,False,True,keyword_z30__abs_return__M6_only__p0.05_ic0.03,train,
SILVER,inflation_z,30,0.643356,-0.000331,0.040025,True,False,True,keyword_z30__abs_return__M6_only__p0.05_ic0.03,train,
SILVER,banking_z,1,0.737037,-0.000361,0.092374,True,False,True,keyword_z30__abs_return__M6_only__p0.05_ic0.03,train,
SILVER,banking_z,7,0.518403,0.000703,0.030123,True,False,True,keyword_z30__abs_return__M6_only__p0.05_ic0.03,train,
SILVER,gold_z,1,0.058401,0.002097,0.06307,True,False,True,keyword_z30__abs_return__M6_only__p0.05_ic0.03,train,
SILVER,gold_z,7,0.757666,0.000347,0.036119,True,False,True,keyword_z30__abs_return__M6_only__p0.05_ic0.03,train,
SILVER,gold_z,30,0.465096,-0.000452,0.040276,True,False,True,keyword_z30__abs_return__M6_only__p0.05_ic0.03,train,
IMOEX,oil_z,1,0.357061,0.001256,0.069641,True,False,True,keyword_z30__abs_return__M6_only__p0.05_ic0.03,train,
IMOEX,oil_z,30,0.640598,0.000201,0.051415,True,False,True,keyword_z30__abs_return__M6_only__p0.05_ic0.03,train,
IMOEX,rate_z,14,0.256193,-0.001629,0.050203,True,False,True,keyword_z30__abs_return__M6_only__p0.05_ic0.03,train,
IMOEX,rate_z,30,0.610749,-0.000236,0.132212,True,False,True,keyword_z30__abs_return__M6_only__p0.05_ic0.03,train,
IMOEX,ruble_z,1,0.940764,-0.000103,0.059664,True,False,True,keyword_z30__abs_return__M6_only__p0.05_ic0.03,train,
IMOEX,ruble_z,7,0.045778,0.002836,0.069028,True,True,True,keyword_z30__abs_return__M6_only__p0.05_ic0.03,train,
IMOEX,ruble_z,30,0.918048,-4.8e-05,0.066543,True,False,True,keyword_z30__abs_return__M6_only__p0.05_ic0.03,train,
IMOEX,sanctions_z,1,0.218074,-0.001643,0.080309,True,False,True,keyword_z30__abs_return__M6_only__p0.05_ic0.03,train,
IMOEX,sanctions_z,14,0.694992,-0.000564,0.035374,True,False,True,keyword_z30__abs_return__M6_only__p0.05_ic0.03,train,
IMOEX,inflation_z,14,0.592514,-0.000753,0.056878,True,False,True,keyword_z30__abs_return__M6_only__p0.05_ic0.03,train,
IMOEX,banking_z,7,0.284128,0.001439,0.059464,True,False,True,keyword_z30__abs_return__M6_only__p0.05_ic0.03,train,
IMOEX,banking_z,30,0.117771,0.000768,0.073011,True,False,True,keyword_z30__abs_return__M6_only__p0.05_ic0.03,train,
IMOEX,gold_z,1,0.482097,0.000964,0.033914,True,False,True,keyword_z30__abs_return__M6_only__p0.05_ic0.03,train,
IMOEX,gold_z,7,0.446618,-0.001066,0.032849,True,False,True,keyword_z30__abs_return__M6_only__p0.05_ic0.03,train,
IMOEX,gold_z,30,0.291696,0.000523,0.038561,True,False,True,keyword_z30__abs_return__M6_only__p0.05_ic0.03,train,
MOEXFN,oil_z,1,0.555987,0.000882,0.072724,True,False,True,keyword_z30__abs_return__M6_only__p0.05_ic0.03,train,
MOEXFN,oil_z,14,0.673132,0.000695,0.037284,True,False,True,keyword_z30__abs_return__M6_only__p0.05_ic0.03,train,
MOEXFN,oil_z,30,0.951997,-2.9e-05,0.036787,True,False,True,keyword_z30__abs_return__M6_only__p0.05_ic0.03,train,
MOEXFN,rate_z,1,0.585706,0.000798,0.061416,True,False,True,keyword_z30__abs_return__M6_only__p0.05_ic0.03,train,
MOEXFN,rate_z,7,0.064928,-0.002748,0.067133,True,False,True,keyword_z30__abs_return__M6_only__p0.05_ic0.03,train,
MOEXFN,rate_z,30,0.674338,0.000233,0.036096,True,False,True,keyword_z30__abs_return__M6_only__p0.05_ic0.03,train,
MOEXFN,ruble_z,7,0.290806,0.001624,0.052363,True,False,True,keyword_z30__abs_return__M6_only__p0.05_ic0.03,train,
MOEXFN,sanctions_z,1,0.024817,-0.003265,0.043417,True,True,True,keyword_z30__abs_return__M6_only__p0.05_ic0.03,train,
MOEXFN,sanctions_z,7,0.755998,-0.000472,0.079588,True,False,True,keyword_z30__abs_return__M6_only__p0.05_ic0.03,train,
MOEXFN,sanctions_z,14,0.418796,-0.001279,0.037335,True,False,True,keyword_z30__abs_return__M6_only__p0.05_ic0.03,train,
MOEXFN,sanctions_z,30,0.706536,-0.000201,0.038156,True,False,True,keyword_z30__abs_return__M6_only__p0.05_ic0.03,train,
MOEXFN,inflation_z,7,0.128855,-0.002234,0.052418,True,False,True,keyword_z30__abs_return__M6_only__p0.05_ic0.03,train,
MOEXFN,banking_z,1,0.984658,2.7e-05,0.030516,True,False,True,keyword_z30__abs_return__M6_only__p0.05_ic0.03,train,
MOEXFN,banking_z,7,0.678573,0.0006,0.100703,True,False,True,keyword_z30__abs_return__M6_only__p0.05_ic0.03,train,
MOEXFN,banking_z,14,0.224197,-0.001831,0.032464,True,False,True,keyword_z30__abs_return__M6_only__p0.05_ic0.03,train,
MOEXFN,banking_z,30,0.335017,0.000485,0.036192,True,False,True,keyword_z30__abs_return__M6_only__p0.05_ic0.03,train,
MOEXFN,gold_z,1,0.499572,0.001015,0.045065,True,False,True,keyword_z30__abs_return__M6_only__p0.05_ic0.03,train,
MOEXFN,gold_z,30,0.704607,0.000197,0.034163,True,False,True,keyword_z30__abs_return__M6_only__p0.05_ic0.03,train,
MOEXOG,oil_z,1,0.372412,0.001223,0.063082,True,False,True,keyword_z30__abs_return__M6_only__p0.05_ic0.03,train,
MOEXOG,oil_z,30,0.414184,0.00035,0.032739,True,False,True,keyword_z30__abs_return__M6_only__p0.05_ic0.03,train,
MOEXOG,rate_z,1,0.461153,0.000989,0.070696,True,False,True,keyword_z30__abs_return__M6_only__p0.05_ic0.03,train,
MOEXOG,rate_z,14,0.242371,-0.001678,0.066195,True,False,True,keyword_z30__abs_return__M6_only__p0.05_ic0.03,train,
MOEXOG,ruble_z,1,0.894888,-0.000184,0.105722,True,False,True,keyword_z30__abs_return__M6_only__p0.05_ic0.03,train,
MOEXOG,ruble_z,14,0.746495,0.00048,0.058005,True,False,True,keyword_z30__abs_return__M6_only__p0.05_ic0.03,train,
MOEXOG,ruble_z,30,0.797615,-0.00012,0.07292,True,False,True,keyword_z30__abs_return__M6_only__p0.05_ic0.03,train,
MOEXOG,sanctions_z,30,0.990988,6e-06,0.046818,True,False,True,keyword_z30__abs_return__M6_only__p0.05_ic0.03,train,
MOEXOG,inflation_z,14,0.869916,-0.000234,0.060663,True,False,True,keyword_z30__abs_return__M6_only__p0.05_ic0.03,train,
MOEXOG,inflation_z,30,0.659731,0.000211,0.080055,True,False,True,keyword_z30__abs_return__M6_only__p0.05_ic0.03,train,
MOEXOG,banking_z,1,0.631545,0.000612,0.04966,True,False,True,keyword_z30__abs_return__M6_only__p0.05_ic0.03,train,
MOEXOG,gold_z,1,0.37829,0.001214,0.051427,True,False,True,keyword_z30__abs_return__M6_only__p0.05_ic0.03,train,
MOEXOG,gold_z,7,0.558599,-0.000826,0.035227,True,False,True,keyword_z30__abs_return__M6_only__p0.05_ic0.03,train,
MOEX10,oil_z,1,0.513895,0.000843,0.043421,True,False,True,keyword_z30__abs_return__M6_only__p0.05_ic0.03,train,
MOEX10,oil_z,7,0.506928,0.000894,0.067772,True,False,True,keyword_z30__abs_return__M6_only__p0.05_ic0.03,train,
MOEX10,oil_z,14,0.910342,0.00016,0.074066,True,False,True,keyword_z30__abs_return__M6_only__p0.05_ic0.03,train,
MOEX10,rate_z,30,0.738966,-0.000156,0.053724,True,False,True,keyword_z30__abs_return__M6_only__p0.05_ic0.03,train,
MOEX10,ruble_z,1,0.696468,-0.000511,0.045346,True,False,True,keyword_z30__abs_return__M6_only__p0.05_ic0.03,train,
MOEX10,ruble_z,7,0.21098,0.001669,0.053721,True,False,True,keyword_z30__abs_return__M6_only__p0.05_ic0.03,train,
MOEX10,ruble_z,14,0.692223,0.000545,0.038291,True,False,True,keyword_z30__abs_return__M6_only__p0.05_ic0.03,train,
MOEX10,ruble_z,30,0.95536,-2.6e-05,0.042919,True,False,True,keyword_z30__abs_return__M6_only__p0.05_ic0.03,train,
MOEX10,sanctions_z,1,0.151317,-0.001807,0.070367,True,False,True,keyword_z30__abs_return__M6_only__p0.05_ic0.03,train,
MOEX10,sanctions_z,7,0.390566,-0.001131,0.034185,True,False,True,keyword_z30__abs_return__M6_only__p0.05_ic0.03,train,
MOEX10,sanctions_z,14,0.392678,-0.001171,0.047063,True,False,True,keyword_z30__abs_return__M6_only__p0.05_ic0.03,train,
MOEX10,sanctions_z,30,0.588467,-0.000268,0.045114,True,False,True,keyword_z30__abs_return__M6_only__p0.05_ic0.03,train,
MOEX10,inflation_z,7,0.192324,-0.001656,0.048919,True,False,True,keyword_z30__abs_return__M6_only__p0.05_ic0.03,train,
MOEX10,inflation_z,14,0.722953,-0.000472,0.09159,True,False,True,keyword_z30__abs_return__M6_only__p0.05_ic0.03,train,
MOEX10,inflation_z,30,0.726849,0.000159,0.045462,True,False,True,keyword_z30__abs_return__M6_only__p0.05_ic0.03,train,
MOEX10,banking_z,1,0.851688,0.000225,0.035082,True,False,True,keyword_z30__abs_return__M6_only__p0.05_ic0.03,train,
MOEX10,banking_z,7,0.304784,0.001296,0.03303,True,False,True,keyword_z30__abs_return__M6_only__p0.05_ic0.03,train,
MOEX10,gold_z,1,0.671035,0.000551,0.042827,True,False,True,keyword_z30__abs_return__M6_only__p0.05_ic0.03,train,
MOEX10,gold_z,7,0.277004,-0.001433,0.072121,True,False,True,keyword_z30__abs_return__M6_only__p0.05_ic0.03,train,
MOEX10,gold_z,14,0.987914,2.1e-05,0.052005,True,False,True,keyword_z30__abs_return__M6_only__p0.05_ic0.03,train,
SP500,oil_z,7,0.101582,-0.000926,0.101142,True,False,True,keyword_z30__abs_return__M6_only__p0.05_ic0.03,val,
SP500,oil_z,14,0.302795,-0.000618,0.054493,True,False,True,keyword_z30__abs_return__M6_only__p0.05_ic0.03,val,
SP500,sanctions_z,14,0.474822,0.000438,0.062017,True,False,True,keyword_z30__abs_return__M6_only__p0.05_ic0.03,val,
SP500,inflation_z,1,0.48093,-0.00038,0.076944,True,False,True,keyword_z30__abs_return__M6_only__p0.05_ic0.03,val,
SP500,inflation_z,7,0.478555,0.000406,0.060944,True,False,True,keyword_z30__abs_return__M6_only__p0.05_ic0.03,val,
SP500,banking_z,7,0.02622,-0.001244,0.052807,True,True,True,keyword_z30__abs_return__M6_only__p0.05_ic0.03,val,
SP500,gold_z,7,0.138868,-0.000856,0.063871,True,False,True,keyword_z30__abs_return__M6_only__p0.05_ic0.03,val,
SP500,gold_z,14,0.221234,-0.00075,0.097509,True,False,True,keyword_z30__abs_return__M6_only__p0.05_ic0.03,val,
USD_RUB,oil_z,1,0.265191,-0.00082,0.083309,True,False,True,keyword_z30__abs_return__M6_only__p0.05_ic0.03,val,
USD_RUB,oil_z,7,0.695884,0.000305,0.090526,True,False,True,keyword_z30__abs_return__M6_only__p0.05_ic0.03,val,
USD_RUB,oil_z,14,0.724376,-0.00029,0.065411,True,False,True,keyword_z30__abs_return__M6_only__p0.05_ic0.03,val,
USD_RUB,oil_z,30,0.65571,-0.00019,0.077709,True,False,True,keyword_z30__abs_return__M6_only__p0.05_ic0.03,val,
USD_RUB,rate_z,14,0.68603,0.00033,0.04514,True,False,True,keyword_z30__abs_return__M6_only__p0.05_ic0.03,val,
USD_RUB,inflation_z,7,0.294413,0.000809,0.167616,True,False,True,keyword_z30__abs_return__M6_only__p0.05_ic0.03,val,
USD_RUB,inflation_z,30,0.93273,-4.2e-05,0.06472,True,False,True,keyword_z30__abs_return__M6_only__p0.05_ic0.03,val,
USD_RUB,banking_z,7,0.938653,-5.9e-05,0.065079,True,False,True,keyword_z30__abs_return__M6_only__p0.05_ic0.03,val,
EUR_RUB,oil_z,1,0.265191,-0.00082,0.083309,True,False,True,keyword_z30__abs_return__M6_only__p0.05_ic0.03,val,
EUR_RUB,oil_z,7,0.695884,0.000305,0.090526,True,False,True,keyword_z30__abs_return__M6_only__p0.05_ic0.03,val,
EUR_RUB,oil_z,14,0.724376,-0.00029,0.065411,True,False,True,keyword_z30__abs_return__M6_only__p0.05_ic0.03,val,
EUR_RUB,oil_z,30,0.65571,-0.00019,0.077709,True,False,True,keyword_z30__abs_return__M6_only__p0.05_ic0.03,val,
EUR_RUB,rate_z,14,0.68603,0.00033,0.04514,True,False,True,keyword_z30__abs_return__M6_only__p0.05_ic0.03,val,
EUR_RUB,inflation_z,7,0.294413,0.000809,0.167616,True,False,True,keyword_z30__abs_return__M6_only__p0.05_ic0.03,val,
EUR_RUB,inflation_z,30,0.93273,-4.2e-05,0.06472,True,False,True,keyword_z30__abs_return__M6_only__p0.05_ic0.03,val,
EUR_RUB,banking_z,7,0.938653,-5.9e-05,0.065079,True,False,True,keyword_z30__abs_return__M6_only__p0.05_ic0.03,val,
DJ_SOUTH_AFRICA,oil_z,14,0.510231,-0.0004,0.091801,True,False,True,keyword_z30__abs_return__M6_only__p0.05_ic0.03,val,
DJ_SOUTH_AFRICA,rate_z,1,0.665046,-0.000228,0.073021,True,False,True,keyword_z30__abs_return__M6_only__p0.05_ic0.03,val,
DJ_SOUTH_AFRICA,rate_z,30,0.726306,-0.000125,0.08056,True,False,True,keyword_z30__abs_return__M6_only__p0.05_ic0.03,val,
DJ_SOUTH_AFRICA,ruble_z,1,0.531155,0.00035,0.068658,True,False,True,keyword_z30__abs_return__M6_only__p0.05_ic0.03,val,
DJ_SOUTH_AFRICA,ruble_z,7,0.904718,7.1e-05,0.032108,True,False,True,keyword_z30__abs_return__M6_only__p0.05_ic0.03,val,
DJ_SOUTH_AFRICA,sanctions_z,1,0.806929,0.000135,0.04027,True,False,True,keyword_z30__abs_return__M6_only__p0.05_ic0.03,val,
DJ_SOUTH_AFRICA,sanctions_z,14,0.844245,-0.000121,0.064947,True,False,True,keyword_z30__abs_return__M6_only__p0.05_ic0.03,val,
DJ_SOUTH_AFRICA,sanctions_z,30,0.668541,0.000135,0.108352,True,False,True,keyword_z30__abs_return__M6_only__p0.05_ic0.03,val,
DJ_SOUTH_AFRICA,inflation_z,7,0.375671,0.000503,0.088999,True,False,True,keyword_z30__abs_return__M6_only__p0.05_ic0.03,val,
DJ_SOUTH_AFRICA,banking_z,1,0.616859,-0.000262,0.083444,True,False,True,keyword_z30__abs_return__M6_only__p0.05_ic0.03,val,
DJ_SOUTH_AFRICA,banking_z,30,0.699724,-0.000167,0.052416,True,False,True,keyword_z30__abs_return__M6_only__p0.05_ic0.03,val,
DJ_SOUTH_AFRICA,gold_z,7,0.755193,-0.000177,0.034363,True,False,True,keyword_z30__abs_return__M6_only__p0.05_ic0.03,val,
DJ_SOUTH_AFRICA,gold_z,30,0.594021,0.0002,0.078195,True,False,True,keyword_z30__abs_return__M6_only__p0.05_ic0.03,val,
MSCI_WORLD,rate_z,30,0.829179,8.4e-05,0.130084,True,False,True,keyword_z30__abs_return__M6_only__p0.05_ic0.03,val,
MSCI_WORLD,ruble_z,1,0.917122,5.3e-05,0.034268,True,False,True,keyword_z30__abs_return__M6_only__p0.05_ic0.03,val,
MSCI_WORLD,ruble_z,7,0.446204,0.000414,0.058887,True,False,True,keyword_z30__abs_return__M6_only__p0.05_ic0.03,val,
MSCI_WORLD,sanctions_z,1,0.691709,0.000199,0.084339,True,False,True,keyword_z30__abs_return__M6_only__p0.05_ic0.03,val,
MSCI_WORLD,inflation_z,1,0.897934,6.2e-05,0.090535,True,False,True,keyword_z30__abs_return__M6_only__p0.05_ic0.03,val,
MSCI_WORLD,banking_z,30,0.691401,0.000161,0.044706,True,False,True,keyword_z30__abs_return__M6_only__p0.05_ic0.03,val,
MSCI_WORLD,gold_z,14,0.089343,-0.000924,0.044685,True,False,True,keyword_z30__abs_return__M6_only__p0.05_ic0.03,val,
MSCI_WORLD,gold_z,30,0.678618,0.000138,0.034619,True,False,True,keyword_z30__abs_return__M6_only__p0.05_ic0.03,val,
DXY,oil_z,1,0.771537,6.8e-05,0.074403,True,False,True,keyword_z30__abs_return__M6_only__p0.05_ic0.03,val,
DXY,oil_z,30,0.282333,-0.000147,0.120937,True,False,True,keyword_z30__abs_return__M6_only__p0.05_ic0.03,val,
DXY,rate_z,7,0.921276,2.3e-05,0.050461,True,False,True,keyword_z30__abs_return__M6_only__p0.05_ic0.03,val,
DXY,rate_z,14,0.148455,-0.000367,0.073709,True,False,True,keyword_z30__abs_return__M6_only__p0.05_ic0.03,val,
DXY,rate_z,30,0.9119,-1.6e-05,0.058825,True,False,True,keyword_z30__abs_return__M6_only__p0.05_ic0.03,val,
DXY,ruble_z,1,0.55216,0.000142,0.116625,True,False,True,keyword_z30__abs_return__M6_only__p0.05_ic0.03,val,
DXY,sanctions_z,30,0.756379,-3.5e-05,0.045395,True,False,True,keyword_z30__abs_return__M6_only__p0.05_ic0.03,val,
DXY,inflation_z,7,0.744589,-7.8e-05,0.052266,True,False,True,keyword_z30__abs_return__M6_only__p0.05_ic0.03,val,
DXY,inflation_z,14,0.09672,-0.000415,0.08541,True,False,True,keyword_z30__abs_return__M6_only__p0.05_ic0.03,val,
DXY,banking_z,1,0.857562,-4e-05,0.069156,True,False,True,keyword_z30__abs_return__M6_only__p0.05_ic0.03,val,
DXY,banking_z,7,0.831629,-5e-05,0.069081,True,False,True,keyword_z30__abs_return__M6_only__p0.05_ic0.03,val,
DXY,banking_z,14,0.778064,-7e-05,0.066462,True,False,True,keyword_z30__abs_return__M6_only__p0.05_ic0.03,val,
DXY,gold_z,14,0.84658,5e-05,0.057679,True,False,True,keyword_z30__abs_return__M6_only__p0.05_ic0.03,val,
BRENT,rate_z,1,0.915032,9.6e-05,0.079313,True,False,True,keyword_z30__abs_return__M6_only__p0.05_ic0.03,val,
BRENT,rate_z,30,0.444299,-0.000499,0.057206,True,False,True,keyword_z30__abs_return__M6_only__p0.05_ic0.03,val,
BRENT,ruble_z,1,0.741976,0.000313,0.063405,True,False,True,keyword_z30__abs_return__M6_only__p0.05_ic0.03,val,
BRENT,ruble_z,7,0.730671,0.000346,0.04655,True,False,True,keyword_z30__abs_return__M6_only__p0.05_ic0.03,val,
BRENT,ruble_z,14,0.32746,0.001061,0.037788,True,False,True,keyword_z30__abs_return__M6_only__p0.05_ic0.03,val,
BRENT,sanctions_z,1,0.445863,0.000713,0.055405,True,False,True,keyword_z30__abs_return__M6_only__p0.05_ic0.03,val,
BRENT,sanctions_z,7,0.361473,-0.000894,0.061996,True,False,True,keyword_z30__abs_return__M6_only__p0.05_ic0.03,val,
BRENT,inflation_z,1,0.364199,-0.000813,0.047769,True,False,True,keyword_z30__abs_return__M6_only__p0.05_ic0.03,val,
BRENT,inflation_z,7,0.710916,-0.000356,0.176119,True,False,True,keyword_z30__abs_return__M6_only__p0.05_ic0.03,val,
BRENT,inflation_z,14,0.253787,-0.001143,0.041381,True,False,True,keyword_z30__abs_return__M6_only__p0.05_ic0.03,val,
BRENT,banking_z,1,0.621376,0.00044,0.036338,True,False,True,keyword_z30__abs_return__M6_only__p0.05_ic0.03,val,
BRENT,gold_z,7,0.163952,0.00133,0.034488,True,False,True,keyword_z30__abs_return__M6_only__p0.05_ic0.03,val,
BRENT,gold_z,14,0.236384,-0.001209,0.069121,True,False,True,keyword_z30__abs_return__M6_only__p0.05_ic0.03,val,
MSCI_INDIA,rate_z,14,0.790406,0.00016,0.03352,True,False,True,keyword_z30__abs_return__M6_only__p0.05_ic0.03,val,
MSCI_INDIA,ruble_z,30,0.707443,-0.000133,0.151841,True,False,True,keyword_z30__abs_return__M6_only__p0.05_ic0.03,val,
MSCI_INDIA,sanctions_z,7,0.795214,0.00015,0.064146,True,False,True,keyword_z30__abs_return__M6_only__p0.05_ic0.03,val,
MSCI_INDIA,sanctions_z,14,0.902584,-7.6e-05,0.137589,True,False,True,keyword_z30__abs_return__M6_only__p0.05_ic0.03,val,
MSCI_INDIA,sanctions_z,30,0.627976,-0.000148,0.100068,True,False,True,keyword_z30__abs_return__M6_only__p0.05_ic0.03,val,
MSCI_INDIA,inflation_z,1,0.411006,0.000441,0.053874,True,False,True,keyword_z30__abs_return__M6_only__p0.05_ic0.03,val,
MSCI_INDIA,inflation_z,14,0.098779,0.001006,0.076732,True,False,True,keyword_z30__abs_return__M6_only__p0.05_ic0.03,val,
MSCI_INDIA,inflation_z,30,0.170282,0.000554,0.044878,True,False,True,keyword_z30__abs_return__M6_only__p0.05_ic0.03,val,
MSCI_INDIA,banking_z,1,0.316792,0.000535,0.074026,True,False,True,keyword_z30__abs_return__M6_only__p0.05_ic0.03,val,
MSCI_INDIA,banking_z,30,0.471812,-0.000259,0.037338,True,False,True,keyword_z30__abs_return__M6_only__p0.05_ic0.03,val,
CHINA_H_SHARES,oil_z,14,0.808626,-0.0003,0.081908,True,False,True,keyword_z30__abs_return__M6_only__p0.05_ic0.03,val,
CHINA_H_SHARES,oil_z,30,0.97014,2.3e-05,0.134539,True,False,True,keyword_z30__abs_return__M6_only__p0.05_ic0.03,val,
CHINA_H_SHARES,rate_z,30,0.85521,-0.000143,0.063438,True,False,True,keyword_z30__abs_return__M6_only__p0.05_ic0.03,val,
CHINA_H_SHARES,ruble_z,30,0.429223,0.000603,0.104744,True,False,True,keyword_z30__abs_return__M6_only__p0.05_ic0.03,val,
CHINA_H_SHARES,sanctions_z,7,0.024537,-0.002656,0.062884,True,True,True,keyword_z30__abs_return__M6_only__p0.05_ic0.03,val,
CHINA_H_SHARES,inflation_z,7,0.726055,0.000408,0.058149,True,False,True,keyword_z30__abs_return__M6_only__p0.05_ic0.03,val,
CHINA_H_SHARES,inflation_z,14,0.326432,-0.001222,0.062736,True,False,True,keyword_z30__abs_return__M6_only__p0.05_ic0.03,val,
CHINA_H_SHARES,inflation_z,30,0.883493,0.000107,0.047567,True,False,True,keyword_z30__abs_return__M6_only__p0.05_ic0.03,val,
CHINA_H_SHARES,banking_z,30,0.879443,0.000111,0.031371,True,False,True,keyword_z30__abs_return__M6_only__p0.05_ic0.03,val,
CHINA_H_SHARES,gold_z,14,0.996242,-6e-06,0.04411,True,False,True,keyword_z30__abs_return__M6_only__p0.05_ic0.03,val,
CHINA_H_SHARES,gold_z,30,0.824617,0.00015,0.059667,True,False,True,keyword_z30__abs_return__M6_only__p0.05_ic0.03,val,
FTSE_CHINA_50,rate_z,1,0.309286,-0.00109,0.089253,True,False,True,keyword_z30__abs_return__M6_only__p0.05_ic0.03,val,
FTSE_CHINA_50,rate_z,30,0.271518,0.000787,0.060254,True,False,True,keyword_z30__abs_return__M6_only__p0.05_ic0.03,val,
FTSE_CHINA_50,ruble_z,30,0.907846,-6.9e-05,0.120155,True,False,True,keyword_z30__abs_return__M6_only__p0.05_ic0.03,val,
FTSE_CHINA_50,sanctions_z,7,0.5804,-0.000648,0.032587,True,False,True,keyword_z30__abs_return__M6_only__p0.05_ic0.03,val,
FTSE_CHINA_50,inflation_z,30,0.532086,0.000413,0.132255,True,False,True,keyword_z30__abs_return__M6_only__p0.05_ic0.03,val,
FTSE_CHINA_50,banking_z,7,0.611816,-0.000589,0.082405,True,False,True,keyword_z30__abs_return__M6_only__p0.05_ic0.03,val,
FTSE_CHINA_50,gold_z,14,0.596437,0.000676,0.038429,True,False,True,keyword_z30__abs_return__M6_only__p0.05_ic0.03,val,
FTSE_CHINA_50,gold_z,30,0.559286,0.000378,0.080103,True,False,True,keyword_z30__abs_return__M6_only__p0.05_ic0.03,val,
GOLD,oil_z,30,0.712959,-0.000122,0.096079,True,False,True,keyword_z30__abs_return__M6_only__p0.05_ic0.03,val,
GOLD,rate_z,30,0.689151,-0.000137,0.073405,True,False,True,keyword_z30__abs_return__M6_only__p0.05_ic0.03,val,
GOLD,sanctions_z,30,0.462469,-0.000277,0.031523,True,False,True,keyword_z30__abs_return__M6_only__p0.05_ic0.03,val,
GOLD,inflation_z,14,0.83357,0.000175,0.046444,True,False,True,keyword_z30__abs_return__M6_only__p0.05_ic0.03,val,
GOLD,gold_z,7,0.854292,-0.000142,0.058036,True,False,True,keyword_z30__abs_return__M6_only__p0.05_ic0.03,val,
GOLD,gold_z,30,0.734281,0.00011,0.07897,True,False,True,keyword_z30__abs_return__M6_only__p0.05_ic0.03,val,
SILVER,rate_z,1,0.028032,-0.002969,0.064691,True,True,True,keyword_z30__abs_return__M6_only__p0.05_ic0.03,val,
SILVER,rate_z,7,0.699488,-0.000574,0.077062,True,False,True,keyword_z30__abs_return__M6_only__p0.05_ic0.03,val,
SILVER,rate_z,30,0.884413,8.8e-05,0.080596,True,False,True,keyword_z30__abs_return__M6_only__p0.05_ic0.03,val,
SILVER,ruble_z,30,0.96987,-2.5e-05,0.08388,True,False,True,keyword_z30__abs_return__M6_only__p0.05_ic0.03,val,
SILVER,sanctions_z,7,0.06758,-0.002784,0.03075,True,False,True,keyword_z30__abs_return__M6_only__p0.05_ic0.03,val,
SILVER,sanctions_z,14,0.464398,0.001234,0.091296,True,False,True,keyword_z30__abs_return__M6_only__p0.05_ic0.03,val,
SILVER,sanctions_z,30,0.726404,-0.000201,0.089831,True,False,True,keyword_z30__abs_return__M6_only__p0.05_ic0.03,val,
SILVER,gold_z,7,0.87308,-0.000237,0.10049,True,False,True,keyword_z30__abs_return__M6_only__p0.05_ic0.03,val,
IMOEX,oil_z,1,0.402042,0.000668,0.131145,True,False,True,keyword_z30__abs_return__M6_only__p0.05_ic0.03,val,
IMOEX,oil_z,30,0.77845,0.000122,0.079209,True,False,True,keyword_z30__abs_return__M6_only__p0.05_ic0.03,val,
IMOEX,rate_z,14,0.030385,-0.001954,0.077211,True,True,True,keyword_z30__abs_return__M6_only__p0.05_ic0.03,val,
IMOEX,rate_z,30,0.998783,1e-06,0.055287,True,False,True,keyword_z30__abs_return__M6_only__p0.05_ic0.03,val,
IMOEX,ruble_z,1,0.236765,-0.000972,0.152372,True,False,True,keyword_z30__abs_return__M6_only__p0.05_ic0.03,val,
IMOEX,ruble_z,7,0.091251,0.001483,0.104104,True,False,True,keyword_z30__abs_return__M6_only__p0.05_ic0.03,val,
IMOEX,ruble_z,30,0.871725,-7.4e-05,0.124784,True,False,True,keyword_z30__abs_return__M6_only__p0.05_ic0.03,val,
IMOEX,sanctions_z,1,0.392475,0.000691,0.119076,True,False,True,keyword_z30__abs_return__M6_only__p0.05_ic0.03,val,
IMOEX,sanctions_z,14,0.77077,-0.000261,0.146082,True,False,True,keyword_z30__abs_return__M6_only__p0.05_ic0.03,val,
IMOEX,inflation_z,14,0.887968,-0.000126,0.10647,True,False,True,keyword_z30__abs_return__M6_only__p0.05_ic0.03,val,
IMOEX,banking_z,7,0.213,-0.001022,0.129506,True,False,True,keyword_z30__abs_return__M6_only__p0.05_ic0.03,val,
IMOEX,gold_z,1,0.248006,0.000922,0.055877,True,False,True,keyword_z30__abs_return__M6_only__p0.05_ic0.03,val,
IMOEX,gold_z,7,0.095494,-0.001401,0.076559,True,False,True,keyword_z30__abs_return__M6_only__p0.05_ic0.03,val,
MOEXFN,oil_z,1,0.259942,0.000996,0.083846,True,False,True,keyword_z30__abs_return__M6_only__p0.05_ic0.03,val,
MOEXFN,oil_z,14,0.953187,5.9e-05,0.084922,True,False,True,keyword_z30__abs_return__M6_only__p0.05_ic0.03,val,
MOEXFN,oil_z,30,0.998015,1e-06,0.055372,True,False,True,keyword_z30__abs_return__M6_only__p0.05_ic0.03,val,
MOEXFN,rate_z,1,0.324754,0.000849,0.048134,True,False,True,keyword_z30__abs_return__M6_only__p0.05_ic0.03,val,
MOEXFN,rate_z,7,0.07648,-0.001639,0.043734,True,False,True,keyword_z30__abs_return__M6_only__p0.05_ic0.03,val,
MOEXFN,ruble_z,7,0.203293,0.001241,0.101488,True,False,True,keyword_z30__abs_return__M6_only__p0.05_ic0.03,val,
MOEXFN,sanctions_z,1,0.46779,0.00065,0.083389,True,False,True,keyword_z30__abs_return__M6_only__p0.05_ic0.03,val,
MOEXFN,sanctions_z,14,0.667731,-0.000429,0.091815,True,False,True,keyword_z30__abs_return__M6_only__p0.05_ic0.03,val,
MOEXFN,sanctions_z,30,0.689373,-0.000203,0.069587,True,False,True,keyword_z30__abs_return__M6_only__p0.05_ic0.03,val,
MOEXFN,inflation_z,7,0.334669,-0.000898,0.049019,True,False,True,keyword_z30__abs_return__M6_only__p0.05_ic0.03,val,
MOEXFN,banking_z,1,0.043186,0.001717,0.069241,True,True,True,keyword_z30__abs_return__M6_only__p0.05_ic0.03,val,
MOEXFN,banking_z,7,0.173223,-0.001235,0.108746,True,False,True,keyword_z30__abs_return__M6_only__p0.05_ic0.03,val,
MOEXFN,gold_z,30,0.630594,0.000267,0.039497,True,False,True,keyword_z30__abs_return__M6_only__p0.05_ic0.03,val,
MOEXOG,oil_z,1,0.315262,0.000828,0.070578,True,False,True,keyword_z30__abs_return__M6_only__p0.05_ic0.03,val,
MOEXOG,oil_z,30,0.828273,0.0001,0.080824,True,False,True,keyword_z30__abs_return__M6_only__p0.05_ic0.03,val,
MOEXOG,rate_z,1,0.245714,0.000935,0.055117,True,False,True,keyword_z30__abs_return__M6_only__p0.05_ic0.03,val,
MOEXOG,rate_z,14,0.020723,-0.002143,0.05198,True,True,True,keyword_z30__abs_return__M6_only__p0.05_ic0.03,val,
MOEXOG,ruble_z,1,0.379594,-0.000747,0.135735,True,False,True,keyword_z30__abs_return__M6_only__p0.05_ic0.03,val,
MOEXOG,ruble_z,14,0.494284,-0.000674,0.140528,True,False,True,keyword_z30__abs_return__M6_only__p0.05_ic0.03,val,
MOEXOG,ruble_z,30,0.85143,9.3e-05,0.09403,True,False,True,keyword_z30__abs_return__M6_only__p0.05_ic0.03,val,
MOEXOG,sanctions_z,30,0.580369,-0.000261,0.101942,True,False,True,keyword_z30__abs_return__M6_only__p0.05_ic0.03,val,
MOEXOG,inflation_z,14,0.679371,-0.00038,0.136672,True,False,True,keyword_z30__abs_return__M6_only__p0.05_ic0.03,val,
MOEXOG,inflation_z,30,0.493267,0.000356,0.081247,True,False,True,keyword_z30__abs_return__M6_only__p0.05_ic0.03,val,
MOEXOG,banking_z,1,0.020153,0.00184,0.046876,True,True,True,keyword_z30__abs_return__M6_only__p0.05_ic0.03,val,
MOEXOG,gold_z,7,0.063591,-0.001622,0.034143,True,False,True,keyword_z30__abs_return__M6_only__p0.05_ic0.03,val,
MOEX10,oil_z,1,0.395554,0.000786,0.099205,True,False,True,keyword_z30__abs_return__M6_only__p0.05_ic0.03,val,
MOEX10,oil_z,14,0.759176,-0.000323,0.083265,True,False,True,keyword_z30__abs_return__M6_only__p0.05_ic0.03,val,
MOEX10,ruble_z,1,0.242683,-0.001114,0.160903,True,False,True,keyword_z30__abs_return__M6_only__p0.05_ic0.03,val,
MOEX10,ruble_z,7,0.102758,0.001663,0.106609,True,False,True,keyword_z30__abs_return__M6_only__p0.05_ic0.03,val,
MOEX10,ruble_z,14,0.554407,-0.000658,0.066071,True,False,True,keyword_z30__abs_return__M6_only__p0.05_ic0.03,val,
MOEX10,ruble_z,30,0.977657,1.6e-05,0.059227,True,False,True,keyword_z30__abs_return__M6_only__p0.05_ic0.03,val,
MOEX10,sanctions_z,1,0.515773,0.00061,0.098687,True,False,True,keyword_z30__abs_return__M6_only__p0.05_ic0.03,val,
MOEX10,sanctions_z,14,0.627512,-0.000508,0.119435,True,False,True,keyword_z30__abs_return__M6_only__p0.05_ic0.03,val,
MOEX10,sanctions_z,30,0.959032,2.9e-05,0.09835,True,False,True,keyword_z30__abs_return__M6_only__p0.05_ic0.03,val,
MOEX10,inflation_z,7,0.202437,-0.001236,0.060125,True,False,True,keyword_z30__abs_return__M6_only__p0.05_ic0.03,val,
MOEX10,inflation_z,14,0.675496,-0.00043,0.102459,True,False,True,keyword_z30__abs_return__M6_only__p0.05_ic0.03,val,
MOEX10,inflation_z,30,0.649984,0.000298,0.073425,True,False,True,keyword_z30__abs_return__M6_only__p0.05_ic0.03,val,
MOEX10,banking_z,1,0.06563,0.001639,0.071305,True,False,True,keyword_z30__abs_return__M6_only__p0.05_ic0.03,val,
MOEX10,banking_z,7,0.200876,-0.001215,0.132732,True,False,True,keyword_z30__abs_return__M6_only__p0.05_ic0.03,val,
MOEX10,gold_z,1,0.134025,0.001388,0.046204,True,False,True,keyword_z30__abs_return__M6_only__p0.05_ic0.03,val,
MOEX10,gold_z,7,0.06506,-0.001795,0.031262,True,False,True,keyword_z30__abs_return__M6_only__p0.05_ic0.03,val,
MOEX10,gold_z,14,0.716672,0.000377,0.088658,True,False,True,keyword_z30__abs_return__M6_only__p0.05_ic0.03,val,
SP500,oil_z,7,0.825398,-9.4e-05,0.063704,True,False,True,keyword_z30__vol_5d__M6_only__p0.05_ic0.03,train,
SP500,oil_z,14,0.716991,0.00016,0.093591,True,False,True,keyword_z30__vol_5d__M6_only__p0.05_ic0.03,train,
SP500,oil_z,30,0.291613,0.00054,0.051573,True,False,True,keyword_z30__vol_5d__M6_only__p0.05_ic0.03,train,
SP500,rate_z,7,0.735734,0.000129,0.037036,True,False,True,keyword_z30__vol_5d__M6_only__p0.05_ic0.03,train,
SP500,rate_z,14,0.995081,2e-06,0.067915,True,False,True,keyword_z30__vol_5d__M6_only__p0.05_ic0.03,train,
SP500,ruble_z,30,0.215411,-0.000687,0.065253,True,False,True,keyword_z30__vol_5d__M6_only__p0.05_ic0.03,train,
SP500,sanctions_z,14,0.629541,0.000236,0.072389,True,False,True,keyword_z30__vol_5d__M6_only__p0.05_ic0.03,train,
SP500,inflation_z,1,0.573386,-0.000281,0.057836,True,False,True,keyword_z30__vol_5d__M6_only__p0.05_ic0.03,train,
SP500,inflation_z,7,0.621607,-0.000182,0.054048,True,False,True,keyword_z30__vol_5d__M6_only__p0.05_ic0.03,train,
SP500,banking_z,7,0.376713,-0.000361,0.0412,True,False,True,keyword_z30__vol_5d__M6_only__p0.05_ic0.03,train,
SP500,gold_z,7,0.840372,9.6e-05,0.100155,True,False,True,keyword_z30__vol_5d__M6_only__p0.05_ic0.03,train,
SP500,gold_z,14,0.766104,-0.000145,0.067849,True,False,True,keyword_z30__vol_5d__M6_only__p0.05_ic0.03,train,
USD_RUB,oil_z,1,0.561046,0.000766,0.030283,True,False,True,keyword_z30__vol_5d__M6_only__p0.05_ic0.03,train,
USD_RUB,oil_z,7,0.730143,-0.000459,0.063967,True,False,True,keyword_z30__vol_5d__M6_only__p0.05_ic0.03,train,
USD_RUB,oil_z,14,0.557275,0.000821,0.030678,True,False,True,keyword_z30__vol_5d__M6_only__p0.05_ic0.03,train,
USD_RUB,oil_z,30,0.376098,0.000725,0.03228,True,False,True,keyword_z30__vol_5d__M6_only__p0.05_ic0.03,train,
USD_RUB,rate_z,1,0.947637,-8.4e-05,0.095894,True,False,True,keyword_z30__vol_5d__M6_only__p0.05_ic0.03,train,
USD_RUB,rate_z,14,0.282306,0.00148,0.038115,True,False,True,keyword_z30__vol_5d__M6_only__p0.05_ic0.03,train,
USD_RUB,ruble_z,1,0.116962,0.002065,0.058559,True,False,True,keyword_z30__vol_5d__M6_only__p0.05_ic0.03,train,
USD_RUB,ruble_z,7,0.098346,0.002242,0.033342,True,False,True,keyword_z30__vol_5d__M6_only__p0.05_ic0.03,train,
USD_RUB,ruble_z,14,0.6695,0.000594,0.106753,True,False,True,keyword_z30__vol_5d__M6_only__p0.05_ic0.03,train,
USD_RUB,ruble_z,30,0.257226,-0.000916,0.030263,True,False,True,keyword_z30__vol_5d__M6_only__p0.05_ic0.03,train,
USD_RUB,sanctions_z,1,0.151281,0.00179,0.091664,True,False,True,keyword_z30__vol_5d__M6_only__p0.05_ic0.03,train,
USD_RUB,sanctions_z,7,0.061234,0.002381,0.040745,True,False,True,keyword_z30__vol_5d__M6_only__p0.05_ic0.03,train,
USD_RUB,sanctions_z,30,0.083777,-0.001524,0.040271,True,False,True,keyword_z30__vol_5d__M6_only__p0.05_ic0.03,train,
USD_RUB,inflation_z,7,0.490486,0.000886,0.081321,True,False,True,keyword_z30__vol_5d__M6_only__p0.05_ic0.03,train,
USD_RUB,inflation_z,14,0.279826,0.001456,0.050027,True,False,True,keyword_z30__vol_5d__M6_only__p0.05_ic0.03,train,
USD_RUB,inflation_z,30,0.634933,0.000398,0.053849,True,False,True,keyword_z30__vol_5d__M6_only__p0.05_ic0.03,train,
USD_RUB,banking_z,1,0.737632,-0.00041,0.057222,True,False,True,keyword_z30__vol_5d__M6_only__p0.05_ic0.03,train,
USD_RUB,banking_z,7,0.152015,0.001776,0.056824,True,False,True,keyword_z30__vol_5d__M6_only__p0.05_ic0.03,train,
USD_RUB,banking_z,30,0.818993,-0.000195,0.065578,True,False,True,keyword_z30__vol_5d__M6_only__p0.05_ic0.03,train,
EUR_RUB,oil_z,1,0.561046,0.000766,0.030283,True,False,True,keyword_z30__vol_5d__M6_only__p0.05_ic0.03,train,
EUR_RUB,oil_z,7,0.730143,-0.000459,0.063967,True,False,True,keyword_z30__vol_5d__M6_only__p0.05_ic0.03,train,
EUR_RUB,oil_z,14,0.557275,0.000821,0.030678,True,False,True,keyword_z30__vol_5d__M6_only__p0.05_ic0.03,train,
EUR_RUB,oil_z,30,0.376098,0.000725,0.03228,True,False,True,keyword_z30__vol_5d__M6_only__p0.05_ic0.03,train,
EUR_RUB,rate_z,1,0.947637,-8.4e-05,0.095894,True,False,True,keyword_z30__vol_5d__M6_only__p0.05_ic0.03,train,
EUR_RUB,rate_z,14,0.282306,0.00148,0.038115,True,False,True,keyword_z30__vol_5d__M6_only__p0.05_ic0.03,train,
EUR_RUB,ruble_z,1,0.116962,0.002065,0.058559,True,False,True,keyword_z30__vol_5d__M6_only__p0.05_ic0.03,train,
EUR_RUB,ruble_z,7,0.098346,0.002242,0.033342,True,False,True,keyword_z30__vol_5d__M6_only__p0.05_ic0.03,train,
EUR_RUB,ruble_z,14,0.6695,0.000594,0.106753,True,False,True,keyword_z30__vol_5d__M6_only__p0.05_ic0.03,train,
EUR_RUB,ruble_z,30,0.257226,-0.000916,0.030263,True,False,True,keyword_z30__vol_5d__M6_only__p0.05_ic0.03,train,
EUR_RUB,sanctions_z,1,0.151281,0.00179,0.091664,True,False,True,keyword_z30__vol_5d__M6_only__p0.05_ic0.03,train,
EUR_RUB,sanctions_z,7,0.061234,0.002381,0.040745,True,False,True,keyword_z30__vol_5d__M6_only__p0.05_ic0.03,train,
EUR_RUB,sanctions_z,30,0.083777,-0.001524,0.040271,True,False,True,keyword_z30__vol_5d__M6_only__p0.05_ic0.03,train,
EUR_RUB,inflation_z,7,0.490486,0.000886,0.081321,True,False,True,keyword_z30__vol_5d__M6_only__p0.05_ic0.03,train,
EUR_RUB,inflation_z,14,0.279826,0.001456,0.050027,True,False,True,keyword_z30__vol_5d__M6_only__p0.05_ic0.03,train,
EUR_RUB,inflation_z,30,0.634933,0.000398,0.053849,True,False,True,keyword_z30__vol_5d__M6_only__p0.05_ic0.03,train,
EUR_RUB,banking_z,1,0.737632,-0.00041,0.057222,True,False,True,keyword_z30__vol_5d__M6_only__p0.05_ic0.03,train,
EUR_RUB,banking_z,7,0.152015,0.001776,0.056824,True,False,True,keyword_z30__vol_5d__M6_only__p0.05_ic0.03,train,
EUR_RUB,banking_z,30,0.818993,-0.000195,0.065578,True,False,True,keyword_z30__vol_5d__M6_only__p0.05_ic0.03,train,
DJ_SOUTH_AFRICA,oil_z,14,0.244519,0.00066,0.048904,True,False,True,keyword_z30__vol_5d__M6_only__p0.05_ic0.03,train,
DJ_SOUTH_AFRICA,rate_z,1,0.626782,0.000253,0.077454,True,False,True,keyword_z30__vol_5d__M6_only__p0.05_ic0.03,train,
DJ_SOUTH_AFRICA,rate_z,7,0.829793,-0.000114,0.034164,True,False,True,keyword_z30__vol_5d__M6_only__p0.05_ic0.03,train,
DJ_SOUTH_AFRICA,rate_z,30,0.68393,0.000165,0.072643,True,False,True,keyword_z30__vol_5d__M6_only__p0.05_ic0.03,train,
DJ_SOUTH_AFRICA,ruble_z,1,0.100132,0.000878,0.05342,True,False,True,keyword_z30__vol_5d__M6_only__p0.05_ic0.03,train,
DJ_SOUTH_AFRICA,ruble_z,7,0.406528,-0.000458,0.0595,True,False,True,keyword_z30__vol_5d__M6_only__p0.05_ic0.03,train,
DJ_SOUTH_AFRICA,ruble_z,30,0.54631,-0.000226,0.046104,True,False,True,keyword_z30__vol_5d__M6_only__p0.05_ic0.03,train,
DJ_SOUTH_AFRICA,sanctions_z,1,0.74421,0.000165,0.060388,True,False,True,keyword_z30__vol_5d__M6_only__p0.05_ic0.03,train,
DJ_SOUTH_AFRICA,sanctions_z,14,0.012787,0.001341,0.08334,True,True,True,keyword_z30__vol_5d__M6_only__p0.05_ic0.03,train,
DJ_SOUTH_AFRICA,sanctions_z,30,0.227994,-0.000454,0.111598,True,False,True,keyword_z30__vol_5d__M6_only__p0.05_ic0.03,train,
DJ_SOUTH_AFRICA,inflation_z,7,0.097965,-0.000871,0.143065,True,False,True,keyword_z30__vol_5d__M6_only__p0.05_ic0.03,train,
DJ_SOUTH_AFRICA,banking_z,1,0.316226,0.000497,0.032776,True,False,True,keyword_z30__vol_5d__M6_only__p0.05_ic0.03,train,
DJ_SOUTH_AFRICA,banking_z,30,0.269914,-0.000458,0.047732,True,False,True,keyword_z30__vol_5d__M6_only__p0.05_ic0.03,train,
DJ_SOUTH_AFRICA,gold_z,7,0.809134,-0.000129,0.032929,True,False,True,keyword_z30__vol_5d__M6_only__p0.05_ic0.03,train,
DJ_SOUTH_AFRICA,gold_z,30,0.839317,8.4e-05,0.107938,True,False,True,keyword_z30__vol_5d__M6_only__p0.05_ic0.03,train,
MSCI_WORLD,oil_z,14,0.259348,0.000619,0.038444,True,False,True,keyword_z30__vol_5d__M6_only__p0.05_ic0.03,train,
MSCI_WORLD,rate_z,14,0.590565,0.000285,0.076171,True,False,True,keyword_z30__vol_5d__M6_only__p0.05_ic0.03,train,
MSCI_WORLD,rate_z,30,0.72624,0.000147,0.062521,True,False,True,keyword_z30__vol_5d__M6_only__p0.05_ic0.03,train,
MSCI_WORLD,ruble_z,1,0.953696,-3e-05,0.040228,True,False,True,keyword_z30__vol_5d__M6_only__p0.05_ic0.03,train,
MSCI_WORLD,ruble_z,7,0.845663,-0.000103,0.072038,True,False,True,keyword_z30__vol_5d__M6_only__p0.05_ic0.03,train,
MSCI_WORLD,sanctions_z,1,0.830103,0.000106,0.066627,True,False,True,keyword_z30__vol_5d__M6_only__p0.05_ic0.03,train,
MSCI_WORLD,sanctions_z,14,0.011629,0.001297,0.075112,True,True,True,keyword_z30__vol_5d__M6_only__p0.05_ic0.03,train,
MSCI_WORLD,inflation_z,1,0.365685,0.000447,0.052356,True,False,True,keyword_z30__vol_5d__M6_only__p0.05_ic0.03,train,
MSCI_WORLD,banking_z,30,0.874007,6.9e-05,0.071444,True,False,True,keyword_z30__vol_5d__M6_only__p0.05_ic0.03,train,
MSCI_WORLD,gold_z,14,0.242605,0.000632,0.048913,True,False,True,keyword_z30__vol_5d__M6_only__p0.05_ic0.03,train,
MSCI_WORLD,gold_z,30,0.903347,4.9e-05,0.102837,True,False,True,keyword_z30__vol_5d__M6_only__p0.05_ic0.03,train,
DXY,oil_z,1,0.036295,-0.000528,0.049285,True,True,True,keyword_z30__vol_5d__M6_only__p0.05_ic0.03,train,
DXY,oil_z,7,0.433208,0.000201,0.051441,True,False,True,keyword_z30__vol_5d__M6_only__p0.05_ic0.03,train,
DXY,oil_z,30,0.99294,1e-06,0.031501,True,False,True,keyword_z30__vol_5d__M6_only__p0.05_ic0.03,train,
DXY,rate_z,1,0.087008,-0.000422,0.048065,True,False,True,keyword_z30__vol_5d__M6_only__p0.05_ic0.03,train,
DXY,rate_z,7,0.21587,0.000313,0.066009,True,False,True,keyword_z30__vol_5d__M6_only__p0.05_ic0.03,train,
DXY,rate_z,14,0.42693,0.000212,0.06057,True,False,True,keyword_z30__vol_5d__M6_only__p0.05_ic0.03,train,
DXY,rate_z,30,0.185068,0.000252,0.048778,True,False,True,keyword_z30__vol_5d__M6_only__p0.05_ic0.03,train,
DXY,ruble_z,1,0.582969,0.000139,0.045704,True,False,True,keyword_z30__vol_5d__M6_only__p0.05_ic0.03,train,
DXY,ruble_z,14,0.321498,-0.000266,0.041689,True,False,True,keyword_z30__vol_5d__M6_only__p0.05_ic0.03,train,
DXY,sanctions_z,30,0.773668,5.1e-05,0.050708,True,False,True,keyword_z30__vol_5d__M6_only__p0.05_ic0.03,train,
DXY,inflation_z,7,0.382596,0.000216,0.053329,True,False,True,keyword_z30__vol_5d__M6_only__p0.05_ic0.03,train,
DXY,inflation_z,14,0.876966,-4e-05,0.045015,True,False,True,keyword_z30__vol_5d__M6_only__p0.05_ic0.03,train,
DXY,banking_z,1,0.182694,-0.000314,0.051982,True,False,True,keyword_z30__vol_5d__M6_only__p0.05_ic0.03,train,
DXY,banking_z,7,0.733029,-8.2e-05,0.032552,True,False,True,keyword_z30__vol_5d__M6_only__p0.05_ic0.03,train,
DXY,banking_z,14,0.978392,-7e-06,0.036554,True,False,True,keyword_z30__vol_5d__M6_only__p0.05_ic0.03,train,
DXY,gold_z,7,0.156213,0.000358,0.063103,True,False,True,keyword_z30__vol_5d__M6_only__p0.05_ic0.03,train,
DXY,gold_z,14,0.709074,-0.0001,0.076735,True,False,True,keyword_z30__vol_5d__M6_only__p0.05_ic0.03,train,
BRENT,oil_z,7,0.783869,0.00034,0.057839,True,False,True,keyword_z30__vol_5d__M6_only__p0.05_ic0.03,train,
BRENT,oil_z,30,0.789613,0.000223,0.053382,True,False,True,keyword_z30__vol_5d__M6_only__p0.05_ic0.03,train,
BRENT,rate_z,1,0.463888,0.000862,0.048946,True,False,True,keyword_z30__vol_5d__M6_only__p0.05_ic0.03,train,
BRENT,rate_z,30,0.755664,-0.000289,0.105518,True,False,True,keyword_z30__vol_5d__M6_only__p0.05_ic0.03,train,
BRENT,ruble_z,1,0.130039,0.001835,0.031806,True,False,True,keyword_z30__vol_5d__M6_only__p0.05_ic0.03,train,
BRENT,ruble_z,7,0.346223,-0.001188,0.045646,True,False,True,keyword_z30__vol_5d__M6_only__p0.05_ic0.03,train,
BRENT,ruble_z,14,0.393138,-0.001097,0.043074,True,False,True,keyword_z30__vol_5d__M6_only__p0.05_ic0.03,train,
BRENT,ruble_z,30,0.339793,-0.000839,0.064711,True,False,True,keyword_z30__vol_5d__M6_only__p0.05_ic0.03,train,
BRENT,sanctions_z,1,0.955147,-6.5e-05,0.036026,True,False,True,keyword_z30__vol_5d__M6_only__p0.05_ic0.03,train,
BRENT,sanctions_z,7,0.725211,0.000417,0.054228,True,False,True,keyword_z30__vol_5d__M6_only__p0.05_ic0.03,train,
BRENT,sanctions_z,14,0.242401,0.001449,0.032546,True,False,True,keyword_z30__vol_5d__M6_only__p0.05_ic0.03,train,
BRENT,inflation_z,1,0.310592,0.00115,0.037861,True,False,True,keyword_z30__vol_5d__M6_only__p0.05_ic0.03,train,
BRENT,inflation_z,7,0.871485,0.00019,0.071236,True,False,True,keyword_z30__vol_5d__M6_only__p0.05_ic0.03,train,
BRENT,inflation_z,14,0.91691,-0.000127,0.09521,True,False,True,keyword_z30__vol_5d__M6_only__p0.05_ic0.03,train,
BRENT,banking_z,1,0.808299,0.000274,0.030656,True,False,True,keyword_z30__vol_5d__M6_only__p0.05_ic0.03,train,
BRENT,gold_z,1,0.228291,0.001458,0.039403,True,False,True,keyword_z30__vol_5d__M6_only__p0.05_ic0.03,train,
BRENT,gold_z,7,0.556507,0.000719,0.06469,True,False,True,keyword_z30__vol_5d__M6_only__p0.05_ic0.03,train,
BRENT,gold_z,14,0.428527,-0.001026,0.062129,True,False,True,keyword_z30__vol_5d__M6_only__p0.05_ic0.03,train,
BRENT,gold_z,30,0.548371,0.000532,0.054314,True,False,True,keyword_z30__vol_5d__M6_only__p0.05_ic0.03,train,
MSCI_INDIA,oil_z,30,0.765091,-8.7e-05,0.055922,True,False,True,keyword_z30__vol_5d__M6_only__p0.05_ic0.03,train,
MSCI_INDIA,rate_z,7,0.892691,-6.7e-05,0.136145,True,False,True,keyword_z30__vol_5d__M6_only__p0.05_ic0.03,train,
MSCI_INDIA,rate_z,14,0.443331,-0.000386,0.062153,True,False,True,keyword_z30__vol_5d__M6_only__p0.05_ic0.03,train,
MSCI_INDIA,rate_z,30,0.863766,6.3e-05,0.066985,True,False,True,keyword_z30__vol_5d__M6_only__p0.05_ic0.03,train,
MSCI_INDIA,ruble_z,7,0.487192,-0.000351,0.058165,True,False,True,keyword_z30__vol_5d__M6_only__p0.05_ic0.03,train,
MSCI_INDIA,ruble_z,30,0.910227,-3.5e-05,0.086842,True,False,True,keyword_z30__vol_5d__M6_only__p0.05_ic0.03,train,
MSCI_INDIA,sanctions_z,7,0.717136,-0.000174,0.057799,True,False,True,keyword_z30__vol_5d__M6_only__p0.05_ic0.03,train,
MSCI_INDIA,sanctions_z,14,0.184557,0.000639,0.053486,True,False,True,keyword_z30__vol_5d__M6_only__p0.05_ic0.03,train,
MSCI_INDIA,sanctions_z,30,0.779249,-9.2e-05,0.074554,True,False,True,keyword_z30__vol_5d__M6_only__p0.05_ic0.03,train,
MSCI_INDIA,inflation_z,1,0.616667,-0.000236,0.064679,True,False,True,keyword_z30__vol_5d__M6_only__p0.05_ic0.03,train,
MSCI_INDIA,inflation_z,14,0.462811,-0.000362,0.046776,True,False,True,keyword_z30__vol_5d__M6_only__p0.05_ic0.03,train,
MSCI_INDIA,inflation_z,30,0.659565,0.000146,0.102502,True,False,True,keyword_z30__vol_5d__M6_only__p0.05_ic0.03,train,
MSCI_INDIA,banking_z,1,0.522508,-0.000295,0.036586,True,False,True,keyword_z30__vol_5d__M6_only__p0.05_ic0.03,train,
MSCI_INDIA,banking_z,7,0.854249,-8.6e-05,0.077395,True,False,True,keyword_z30__vol_5d__M6_only__p0.05_ic0.03,train,
MSCI_INDIA,banking_z,30,0.546126,-0.000197,0.041253,True,False,True,keyword_z30__vol_5d__M6_only__p0.05_ic0.03,train,
MSCI_INDIA,gold_z,1,0.669921,-0.000212,0.073133,True,False,True,keyword_z30__vol_5d__M6_only__p0.05_ic0.03,train,
MSCI_INDIA,gold_z,7,0.733496,-0.000169,0.081551,True,False,True,keyword_z30__vol_5d__M6_only__p0.05_ic0.03,train,
MSCI_INDIA,gold_z,14,0.215914,0.000626,0.041513,True,False,True,keyword_z30__vol_5d__M6_only__p0.05_ic0.03,train,
CHINA_H_SHARES,oil_z,1,0.500671,-0.0007,0.068211,True,False,True,keyword_z30__vol_5d__M6_only__p0.05_ic0.03,train,
CHINA_H_SHARES,oil_z,14,0.926426,-0.000103,0.030316,True,False,True,keyword_z30__vol_5d__M6_only__p0.05_ic0.03,train,
CHINA_H_SHARES,oil_z,30,0.703353,-0.000271,0.035504,True,False,True,keyword_z30__vol_5d__M6_only__p0.05_ic0.03,train,
CHINA_H_SHARES,rate_z,1,0.039398,0.002035,0.06255,True,True,True,keyword_z30__vol_5d__M6_only__p0.05_ic0.03,train,
CHINA_H_SHARES,rate_z,7,0.952655,-6.1e-05,0.030879,True,False,True,keyword_z30__vol_5d__M6_only__p0.05_ic0.03,train,
CHINA_H_SHARES,rate_z,30,0.20296,0.00092,0.053583,True,False,True,keyword_z30__vol_5d__M6_only__p0.05_ic0.03,train,
CHINA_H_SHARES,ruble_z,30,0.826634,-0.000158,0.134446,True,False,True,keyword_z30__vol_5d__M6_only__p0.05_ic0.03,train,
CHINA_H_SHARES,sanctions_z,7,0.535935,-0.000621,0.071419,True,False,True,keyword_z30__vol_5d__M6_only__p0.05_ic0.03,train,
CHINA_H_SHARES,inflation_z,7,0.293529,-0.001059,0.047571,True,False,True,keyword_z30__vol_5d__M6_only__p0.05_ic0.03,train,
CHINA_H_SHARES,inflation_z,14,0.986127,-1.8e-05,0.041271,True,False,True,keyword_z30__vol_5d__M6_only__p0.05_ic0.03,train,
CHINA_H_SHARES,inflation_z,30,0.307671,0.000677,0.069113,True,False,True,keyword_z30__vol_5d__M6_only__p0.05_ic0.03,train,
CHINA_H_SHARES,banking_z,7,0.912008,0.00011,0.044784,True,False,True,keyword_z30__vol_5d__M6_only__p0.05_ic0.03,train,
CHINA_H_SHARES,banking_z,30,0.99353,6e-06,0.030289,True,False,True,keyword_z30__vol_5d__M6_only__p0.05_ic0.03,train,
CHINA_H_SHARES,gold_z,7,0.211845,-0.00132,0.062301,True,False,True,keyword_z30__vol_5d__M6_only__p0.05_ic0.03,train,
CHINA_H_SHARES,gold_z,14,0.387378,-0.000956,0.075062,True,False,True,keyword_z30__vol_5d__M6_only__p0.05_ic0.03,train,
CHINA_H_SHARES,gold_z,30,0.838066,0.000147,0.138082,True,False,True,keyword_z30__vol_5d__M6_only__p0.05_ic0.03,train,
FTSE_CHINA_50,oil_z,1,0.486885,-0.000768,0.050805,True,False,True,keyword_z30__vol_5d__M6_only__p0.05_ic0.03,train,
FTSE_CHINA_50,oil_z,7,0.511466,-0.000747,0.043206,True,False,True,keyword_z30__vol_5d__M6_only__p0.05_ic0.03,train,
FTSE_CHINA_50,rate_z,1,0.033479,0.002233,0.053451,True,True,True,keyword_z30__vol_5d__M6_only__p0.05_ic0.03,train,
FTSE_CHINA_50,rate_z,30,0.156536,0.001116,0.053695,True,False,True,keyword_z30__vol_5d__M6_only__p0.05_ic0.03,train,
FTSE_CHINA_50,ruble_z,30,0.654387,-0.000347,0.164721,True,False,True,keyword_z30__vol_5d__M6_only__p0.05_ic0.03,train,
FTSE_CHINA_50,sanctions_z,7,0.465217,-0.000776,0.041179,True,False,True,keyword_z30__vol_5d__M6_only__p0.05_ic0.03,train,
FTSE_CHINA_50,sanctions_z,14,0.611929,0.000551,0.033271,True,False,True,keyword_z30__vol_5d__M6_only__p0.05_ic0.03,train,
FTSE_CHINA_50,inflation_z,7,0.189326,-0.001404,0.05716,True,False,True,keyword_z30__vol_5d__M6_only__p0.05_ic0.03,train,
FTSE_CHINA_50,inflation_z,30,0.297063,0.000741,0.065878,True,False,True,keyword_z30__vol_5d__M6_only__p0.05_ic0.03,train,
FTSE_CHINA_50,banking_z,7,0.999047,1e-06,0.071547,True,False,True,keyword_z30__vol_5d__M6_only__p0.05_ic0.03,train,
FTSE_CHINA_50,banking_z,30,0.694798,0.000302,0.038057,True,False,True,keyword_z30__vol_5d__M6_only__p0.05_ic0.03,train,
FTSE_CHINA_50,gold_z,14,0.412584,-0.000958,0.072217,True,False,True,keyword_z30__vol_5d__M6_only__p0.05_ic0.03,train,
FTSE_CHINA_50,gold_z,30,0.698183,0.000306,0.167287,True,False,True,keyword_z30__vol_5d__M6_only__p0.05_ic0.03,train,
GOLD,oil_z,14,0.942265,-4.5e-05,0.049427,True,False,True,keyword_z30__vol_5d__M6_only__p0.05_ic0.03,train,
GOLD,oil_z,30,0.865719,4.6e-05,0.046574,True,False,True,keyword_z30__vol_5d__M6_only__p0.05_ic0.03,train,
GOLD,rate_z,14,0.229904,-0.000717,0.055621,True,False,True,keyword_z30__vol_5d__M6_only__p0.05_ic0.03,train,
GOLD,rate_z,30,0.899536,4.7e-05,0.070297,True,False,True,keyword_z30__vol_5d__M6_only__p0.05_ic0.03,train,
GOLD,ruble_z,7,0.896233,7.6e-05,0.083301,True,False,True,keyword_z30__vol_5d__M6_only__p0.05_ic0.03,train,
GOLD,ruble_z,30,0.579832,-0.000162,0.107168,True,False,True,keyword_z30__vol_5d__M6_only__p0.05_ic0.03,train,
GOLD,sanctions_z,30,0.058917,-0.00059,0.033679,True,False,True,keyword_z30__vol_5d__M6_only__p0.05_ic0.03,train,
GOLD,inflation_z,1,0.223579,-0.000623,0.070593,True,False,True,keyword_z30__vol_5d__M6_only__p0.05_ic0.03,train,
GOLD,inflation_z,7,0.036041,-0.001128,0.082791,True,True,True,keyword_z30__vol_5d__M6_only__p0.05_ic0.03,train,
GOLD,inflation_z,14,0.27958,-0.000638,0.082087,True,False,True,keyword_z30__vol_5d__M6_only__p0.05_ic0.03,train,
GOLD,banking_z,7,0.188079,0.000717,0.051699,True,False,True,keyword_z30__vol_5d__M6_only__p0.05_ic0.03,train,
GOLD,gold_z,7,0.834313,0.000118,0.088304,True,False,True,keyword_z30__vol_5d__M6_only__p0.05_ic0.03,train,
GOLD,gold_z,14,0.062022,-0.001121,0.042623,True,False,True,keyword_z30__vol_5d__M6_only__p0.05_ic0.03,train,
GOLD,gold_z,30,0.421652,-0.000275,0.100307,True,False,True,keyword_z30__vol_5d__M6_only__p0.05_ic0.03,train,
SILVER,oil_z,30,0.557764,0.000402,0.039491,True,False,True,keyword_z30__vol_5d__M6_only__p0.05_ic0.03,train,
SILVER,rate_z,1,0.326204,0.001063,0.128685,True,False,True,keyword_z30__vol_5d__M6_only__p0.05_ic0.03,train,
SILVER,rate_z,7,0.466144,-0.000818,0.108622,True,False,True,keyword_z30__vol_5d__M6_only__p0.05_ic0.03,train,
SILVER,rate_z,30,0.355004,-0.000675,0.076872,True,False,True,keyword_z30__vol_5d__M6_only__p0.05_ic0.03,train,
SILVER,ruble_z,7,0.473809,0.000829,0.101142,True,False,True,keyword_z30__vol_5d__M6_only__p0.05_ic0.03,train,
SILVER,ruble_z,30,0.926311,-5.7e-05,0.144126,True,False,True,keyword_z30__vol_5d__M6_only__p0.05_ic0.03,train,
SILVER,sanctions_z,1,0.024904,0.002368,0.038574,True,True,True,keyword_z30__vol_5d__M6_only__p0.05_ic0.03,train,
SILVER,sanctions_z,7,0.725221,0.000389,0.031245,True,False,True,keyword_z30__vol_5d__M6_only__p0.05_ic0.03,train,
SILVER,sanctions_z,14,0.136546,0.001678,0.067042,True,False,True,keyword_z30__vol_5d__M6_only__p0.05_ic0.03,train,
SILVER,sanctions_z,30,0.236418,-0.000739,0.055508,True,False,True,keyword_z30__vol_5d__M6_only__p0.05_ic0.03,train,
SILVER,inflation_z,7,0.312217,-0.001127,0.111862,True,False,True,keyword_z30__vol_5d__M6_only__p0.05_ic0.03,train,
SILVER,inflation_z,30,0.643356,-0.000331,0.040025,True,False,True,keyword_z30__vol_5d__M6_only__p0.05_ic0.03,train,
SILVER,banking_z,1,0.737037,-0.000361,0.092374,True,False,True,keyword_z30__vol_5d__M6_only__p0.05_ic0.03,train,
SILVER,banking_z,7,0.518403,0.000703,0.030123,True,False,True,keyword_z30__vol_5d__M6_only__p0.05_ic0.03,train,
SILVER,gold_z,1,0.058401,0.002097,0.06307,True,False,True,keyword_z30__vol_5d__M6_only__p0.05_ic0.03,train,
SILVER,gold_z,7,0.757666,0.000347,0.036119,True,False,True,keyword_z30__vol_5d__M6_only__p0.05_ic0.03,train,
SILVER,gold_z,30,0.465096,-0.000452,0.040276,True,False,True,keyword_z30__vol_5d__M6_only__p0.05_ic0.03,train,
IMOEX,oil_z,1,0.357061,0.001256,0.069641,True,False,True,keyword_z30__vol_5d__M6_only__p0.05_ic0.03,train,
IMOEX,oil_z,30,0.640598,0.000201,0.051415,True,False,True,keyword_z30__vol_5d__M6_only__p0.05_ic0.03,train,
IMOEX,rate_z,14,0.256193,-0.001629,0.050203,True,False,True,keyword_z30__vol_5d__M6_only__p0.05_ic0.03,train,
IMOEX,rate_z,30,0.610749,-0.000236,0.132212,True,False,True,keyword_z30__vol_5d__M6_only__p0.05_ic0.03,train,
IMOEX,ruble_z,1,0.940764,-0.000103,0.059664,True,False,True,keyword_z30__vol_5d__M6_only__p0.05_ic0.03,train,
IMOEX,ruble_z,7,0.045778,0.002836,0.069028,True,True,True,keyword_z30__vol_5d__M6_only__p0.05_ic0.03,train,
IMOEX,ruble_z,30,0.918048,-4.8e-05,0.066543,True,False,True,keyword_z30__vol_5d__M6_only__p0.05_ic0.03,train,
IMOEX,sanctions_z,1,0.218074,-0.001643,0.080309,True,False,True,keyword_z30__vol_5d__M6_only__p0.05_ic0.03,train,
IMOEX,sanctions_z,14,0.694992,-0.000564,0.035374,True,False,True,keyword_z30__vol_5d__M6_only__p0.05_ic0.03,train,
IMOEX,inflation_z,14,0.592514,-0.000753,0.056878,True,False,True,keyword_z30__vol_5d__M6_only__p0.05_ic0.03,train,
IMOEX,banking_z,7,0.284128,0.001439,0.059464,True,False,True,keyword_z30__vol_5d__M6_only__p0.05_ic0.03,train,
IMOEX,banking_z,30,0.117771,0.000768,0.073011,True,False,True,keyword_z30__vol_5d__M6_only__p0.05_ic0.03,train,
IMOEX,gold_z,1,0.482097,0.000964,0.033914,True,False,True,keyword_z30__vol_5d__M6_only__p0.05_ic0.03,train,
IMOEX,gold_z,7,0.446618,-0.001066,0.032849,True,False,True,keyword_z30__vol_5d__M6_only__p0.05_ic0.03,train,
IMOEX,gold_z,30,0.291696,0.000523,0.038561,True,False,True,keyword_z30__vol_5d__M6_only__p0.05_ic0.03,train,
MOEXFN,oil_z,1,0.555987,0.000882,0.072724,True,False,True,keyword_z30__vol_5d__M6_only__p0.05_ic0.03,train,
MOEXFN,oil_z,14,0.673132,0.000695,0.037284,True,False,True,keyword_z30__vol_5d__M6_only__p0.05_ic0.03,train,
MOEXFN,oil_z,30,0.951997,-2.9e-05,0.036787,True,False,True,keyword_z30__vol_5d__M6_only__p0.05_ic0.03,train,
MOEXFN,rate_z,1,0.585706,0.000798,0.061416,True,False,True,keyword_z30__vol_5d__M6_only__p0.05_ic0.03,train,
MOEXFN,rate_z,7,0.064928,-0.002748,0.067133,True,False,True,keyword_z30__vol_5d__M6_only__p0.05_ic0.03,train,
MOEXFN,rate_z,30,0.674338,0.000233,0.036096,True,False,True,keyword_z30__vol_5d__M6_only__p0.05_ic0.03,train,
MOEXFN,ruble_z,7,0.290806,0.001624,0.052363,True,False,True,keyword_z30__vol_5d__M6_only__p0.05_ic0.03,train,
MOEXFN,sanctions_z,1,0.024817,-0.003265,0.043417,True,True,True,keyword_z30__vol_5d__M6_only__p0.05_ic0.03,train,
MOEXFN,sanctions_z,7,0.755998,-0.000472,0.079588,True,False,True,keyword_z30__vol_5d__M6_only__p0.05_ic0.03,train,
MOEXFN,sanctions_z,14,0.418796,-0.001279,0.037335,True,False,True,keyword_z30__vol_5d__M6_only__p0.05_ic0.03,train,
MOEXFN,sanctions_z,30,0.706536,-0.000201,0.038156,True,False,True,keyword_z30__vol_5d__M6_only__p0.05_ic0.03,train,
MOEXFN,inflation_z,7,0.128855,-0.002234,0.052418,True,False,True,keyword_z30__vol_5d__M6_only__p0.05_ic0.03,train,
MOEXFN,banking_z,1,0.984658,2.7e-05,0.030516,True,False,True,keyword_z30__vol_5d__M6_only__p0.05_ic0.03,train,
MOEXFN,banking_z,7,0.678573,0.0006,0.100703,True,False,True,keyword_z30__vol_5d__M6_only__p0.05_ic0.03,train,
MOEXFN,banking_z,14,0.224197,-0.001831,0.032464,True,False,True,keyword_z30__vol_5d__M6_only__p0.05_ic0.03,train,
MOEXFN,banking_z,30,0.335017,0.000485,0.036192,True,False,True,keyword_z30__vol_5d__M6_only__p0.05_ic0.03,train,
MOEXFN,gold_z,1,0.499572,0.001015,0.045065,True,False,True,keyword_z30__vol_5d__M6_only__p0.05_ic0.03,train,
MOEXFN,gold_z,30,0.704607,0.000197,0.034163,True,False,True,keyword_z30__vol_5d__M6_only__p0.05_ic0.03,train,
MOEXOG,oil_z,1,0.372412,0.001223,0.063082,True,False,True,keyword_z30__vol_5d__M6_only__p0.05_ic0.03,train,
MOEXOG,oil_z,30,0.414184,0.00035,0.032739,True,False,True,keyword_z30__vol_5d__M6_only__p0.05_ic0.03,train,
MOEXOG,rate_z,1,0.461153,0.000989,0.070696,True,False,True,keyword_z30__vol_5d__M6_only__p0.05_ic0.03,train,
MOEXOG,rate_z,14,0.242371,-0.001678,0.066195,True,False,True,keyword_z30__vol_5d__M6_only__p0.05_ic0.03,train,
MOEXOG,ruble_z,1,0.894888,-0.000184,0.105722,True,False,True,keyword_z30__vol_5d__M6_only__p0.05_ic0.03,train,
MOEXOG,ruble_z,14,0.746495,0.00048,0.058005,True,False,True,keyword_z30__vol_5d__M6_only__p0.05_ic0.03,train,
MOEXOG,ruble_z,30,0.797615,-0.00012,0.07292,True,False,True,keyword_z30__vol_5d__M6_only__p0.05_ic0.03,train,
MOEXOG,sanctions_z,30,0.990988,6e-06,0.046818,True,False,True,keyword_z30__vol_5d__M6_only__p0.05_ic0.03,train,
MOEXOG,inflation_z,14,0.869916,-0.000234,0.060663,True,False,True,keyword_z30__vol_5d__M6_only__p0.05_ic0.03,train,
MOEXOG,inflation_z,30,0.659731,0.000211,0.080055,True,False,True,keyword_z30__vol_5d__M6_only__p0.05_ic0.03,train,
MOEXOG,banking_z,1,0.631545,0.000612,0.04966,True,False,True,keyword_z30__vol_5d__M6_only__p0.05_ic0.03,train,
MOEXOG,gold_z,1,0.37829,0.001214,0.051427,True,False,True,keyword_z30__vol_5d__M6_only__p0.05_ic0.03,train,
MOEXOG,gold_z,7,0.558599,-0.000826,0.035227,True,False,True,keyword_z30__vol_5d__M6_only__p0.05_ic0.03,train,
MOEX10,oil_z,1,0.513895,0.000843,0.043421,True,False,True,keyword_z30__vol_5d__M6_only__p0.05_ic0.03,train,
MOEX10,oil_z,7,0.506928,0.000894,0.067772,True,False,True,keyword_z30__vol_5d__M6_only__p0.05_ic0.03,train,
MOEX10,oil_z,14,0.910342,0.00016,0.074066,True,False,True,keyword_z30__vol_5d__M6_only__p0.05_ic0.03,train,
MOEX10,rate_z,30,0.738966,-0.000156,0.053724,True,False,True,keyword_z30__vol_5d__M6_only__p0.05_ic0.03,train,
MOEX10,ruble_z,1,0.696468,-0.000511,0.045346,True,False,True,keyword_z30__vol_5d__M6_only__p0.05_ic0.03,train,
MOEX10,ruble_z,7,0.21098,0.001669,0.053721,True,False,True,keyword_z30__vol_5d__M6_only__p0.05_ic0.03,train,
MOEX10,ruble_z,14,0.692223,0.000545,0.038291,True,False,True,keyword_z30__vol_5d__M6_only__p0.05_ic0.03,train,
MOEX10,ruble_z,30,0.95536,-2.6e-05,0.042919,True,False,True,keyword_z30__vol_5d__M6_only__p0.05_ic0.03,train,
MOEX10,sanctions_z,1,0.151317,-0.001807,0.070367,True,False,True,keyword_z30__vol_5d__M6_only__p0.05_ic0.03,train,
MOEX10,sanctions_z,7,0.390566,-0.001131,0.034185,True,False,True,keyword_z30__vol_5d__M6_only__p0.05_ic0.03,train,
MOEX10,sanctions_z,14,0.392678,-0.001171,0.047063,True,False,True,keyword_z30__vol_5d__M6_only__p0.05_ic0.03,train,
MOEX10,sanctions_z,30,0.588467,-0.000268,0.045114,True,False,True,keyword_z30__vol_5d__M6_only__p0.05_ic0.03,train,
MOEX10,inflation_z,7,0.192324,-0.001656,0.048919,True,False,True,keyword_z30__vol_5d__M6_only__p0.05_ic0.03,train,
MOEX10,inflation_z,14,0.722953,-0.000472,0.09159,True,False,True,keyword_z30__vol_5d__M6_only__p0.05_ic0.03,train,
MOEX10,inflation_z,30,0.726849,0.000159,0.045462,True,False,True,keyword_z30__vol_5d__M6_only__p0.05_ic0.03,train,
MOEX10,banking_z,1,0.851688,0.000225,0.035082,True,False,True,keyword_z30__vol_5d__M6_only__p0.05_ic0.03,train,
MOEX10,banking_z,7,0.304784,0.001296,0.03303,True,False,True,keyword_z30__vol_5d__M6_only__p0.05_ic0.03,train,
MOEX10,gold_z,1,0.671035,0.000551,0.042827,True,False,True,keyword_z30__vol_5d__M6_only__p0.05_ic0.03,train,
MOEX10,gold_z,7,0.277004,-0.001433,0.072121,True,False,True,keyword_z30__vol_5d__M6_only__p0.05_ic0.03,train,
MOEX10,gold_z,14,0.987914,2.1e-05,0.052005,True,False,True,keyword_z30__vol_5d__M6_only__p0.05_ic0.03,train,
SP500,oil_z,7,0.101582,-0.000926,0.101142,True,False,True,keyword_z30__vol_5d__M6_only__p0.05_ic0.03,val,
SP500,oil_z,14,0.302795,-0.000618,0.054493,True,False,True,keyword_z30__vol_5d__M6_only__p0.05_ic0.03,val,
SP500,sanctions_z,14,0.474822,0.000438,0.062017,True,False,True,keyword_z30__vol_5d__M6_only__p0.05_ic0.03,val,
SP500,inflation_z,1,0.48093,-0.00038,0.076944,True,False,True,keyword_z30__vol_5d__M6_only__p0.05_ic0.03,val,
SP500,inflation_z,7,0.478555,0.000406,0.060944,True,False,True,keyword_z30__vol_5d__M6_only__p0.05_ic0.03,val,
SP500,banking_z,7,0.02622,-0.001244,0.052807,True,True,True,keyword_z30__vol_5d__M6_only__p0.05_ic0.03,val,
SP500,gold_z,7,0.138868,-0.000856,0.063871,True,False,True,keyword_z30__vol_5d__M6_only__p0.05_ic0.03,val,
SP500,gold_z,14,0.221234,-0.00075,0.097509,True,False,True,keyword_z30__vol_5d__M6_only__p0.05_ic0.03,val,
USD_RUB,oil_z,1,0.265191,-0.00082,0.083309,True,False,True,keyword_z30__vol_5d__M6_only__p0.05_ic0.03,val,
USD_RUB,oil_z,7,0.695884,0.000305,0.090526,True,False,True,keyword_z30__vol_5d__M6_only__p0.05_ic0.03,val,
USD_RUB,oil_z,14,0.724376,-0.00029,0.065411,True,False,True,keyword_z30__vol_5d__M6_only__p0.05_ic0.03,val,
USD_RUB,oil_z,30,0.65571,-0.00019,0.077709,True,False,True,keyword_z30__vol_5d__M6_only__p0.05_ic0.03,val,
USD_RUB,rate_z,14,0.68603,0.00033,0.04514,True,False,True,keyword_z30__vol_5d__M6_only__p0.05_ic0.03,val,
USD_RUB,inflation_z,7,0.294413,0.000809,0.167616,True,False,True,keyword_z30__vol_5d__M6_only__p0.05_ic0.03,val,
USD_RUB,inflation_z,30,0.93273,-4.2e-05,0.06472,True,False,True,keyword_z30__vol_5d__M6_only__p0.05_ic0.03,val,
USD_RUB,banking_z,7,0.938653,-5.9e-05,0.065079,True,False,True,keyword_z30__vol_5d__M6_only__p0.05_ic0.03,val,
EUR_RUB,oil_z,1,0.265191,-0.00082,0.083309,True,False,True,keyword_z30__vol_5d__M6_only__p0.05_ic0.03,val,
EUR_RUB,oil_z,7,0.695884,0.000305,0.090526,True,False,True,keyword_z30__vol_5d__M6_only__p0.05_ic0.03,val,
EUR_RUB,oil_z,14,0.724376,-0.00029,0.065411,True,False,True,keyword_z30__vol_5d__M6_only__p0.05_ic0.03,val,
EUR_RUB,oil_z,30,0.65571,-0.00019,0.077709,True,False,True,keyword_z30__vol_5d__M6_only__p0.05_ic0.03,val,
EUR_RUB,rate_z,14,0.68603,0.00033,0.04514,True,False,True,keyword_z30__vol_5d__M6_only__p0.05_ic0.03,val,
EUR_RUB,inflation_z,7,0.294413,0.000809,0.167616,True,False,True,keyword_z30__vol_5d__M6_only__p0.05_ic0.03,val,
EUR_RUB,inflation_z,30,0.93273,-4.2e-05,0.06472,True,False,True,keyword_z30__vol_5d__M6_only__p0.05_ic0.03,val,
EUR_RUB,banking_z,7,0.938653,-5.9e-05,0.065079,True,False,True,keyword_z30__vol_5d__M6_only__p0.05_ic0.03,val,
DJ_SOUTH_AFRICA,oil_z,14,0.510231,-0.0004,0.091801,True,False,True,keyword_z30__vol_5d__M6_only__p0.05_ic0.03,val,
DJ_SOUTH_AFRICA,rate_z,1,0.665046,-0.000228,0.073021,True,False,True,keyword_z30__vol_5d__M6_only__p0.05_ic0.03,val,
DJ_SOUTH_AFRICA,rate_z,30,0.726306,-0.000125,0.08056,True,False,True,keyword_z30__vol_5d__M6_only__p0.05_ic0.03,val,
DJ_SOUTH_AFRICA,ruble_z,1,0.531155,0.00035,0.068658,True,False,True,keyword_z30__vol_5d__M6_only__p0.05_ic0.03,val,
DJ_SOUTH_AFRICA,ruble_z,7,0.904718,7.1e-05,0.032108,True,False,True,keyword_z30__vol_5d__M6_only__p0.05_ic0.03,val,
DJ_SOUTH_AFRICA,sanctions_z,1,0.806929,0.000135,0.04027,True,False,True,keyword_z30__vol_5d__M6_only__p0.05_ic0.03,val,
DJ_SOUTH_AFRICA,sanctions_z,14,0.844245,-0.000121,0.064947,True,False,True,keyword_z30__vol_5d__M6_only__p0.05_ic0.03,val,
DJ_SOUTH_AFRICA,sanctions_z,30,0.668541,0.000135,0.108352,True,False,True,keyword_z30__vol_5d__M6_only__p0.05_ic0.03,val,
DJ_SOUTH_AFRICA,inflation_z,7,0.375671,0.000503,0.088999,True,False,True,keyword_z30__vol_5d__M6_only__p0.05_ic0.03,val,
DJ_SOUTH_AFRICA,banking_z,1,0.616859,-0.000262,0.083444,True,False,True,keyword_z30__vol_5d__M6_only__p0.05_ic0.03,val,
DJ_SOUTH_AFRICA,banking_z,30,0.699724,-0.000167,0.052416,True,False,True,keyword_z30__vol_5d__M6_only__p0.05_ic0.03,val,
DJ_SOUTH_AFRICA,gold_z,7,0.755193,-0.000177,0.034363,True,False,True,keyword_z30__vol_5d__M6_only__p0.05_ic0.03,val,
DJ_SOUTH_AFRICA,gold_z,30,0.594021,0.0002,0.078195,True,False,True,keyword_z30__vol_5d__M6_only__p0.05_ic0.03,val,
MSCI_WORLD,rate_z,30,0.829179,8.4e-05,0.130084,True,False,True,keyword_z30__vol_5d__M6_only__p0.05_ic0.03,val,
MSCI_WORLD,ruble_z,1,0.917122,5.3e-05,0.034268,True,False,True,keyword_z30__vol_5d__M6_only__p0.05_ic0.03,val,
MSCI_WORLD,ruble_z,7,0.446204,0.000414,0.058887,True,False,True,keyword_z30__vol_5d__M6_only__p0.05_ic0.03,val,
MSCI_WORLD,sanctions_z,1,0.691709,0.000199,0.084339,True,False,True,keyword_z30__vol_5d__M6_only__p0.05_ic0.03,val,
MSCI_WORLD,inflation_z,1,0.897934,6.2e-05,0.090535,True,False,True,keyword_z30__vol_5d__M6_only__p0.05_ic0.03,val,
MSCI_WORLD,banking_z,30,0.691401,0.000161,0.044706,True,False,True,keyword_z30__vol_5d__M6_only__p0.05_ic0.03,val,
MSCI_WORLD,gold_z,14,0.089343,-0.000924,0.044685,True,False,True,keyword_z30__vol_5d__M6_only__p0.05_ic0.03,val,
MSCI_WORLD,gold_z,30,0.678618,0.000138,0.034619,True,False,True,keyword_z30__vol_5d__M6_only__p0.05_ic0.03,val,
DXY,oil_z,1,0.771537,6.8e-05,0.074403,True,False,True,keyword_z30__vol_5d__M6_only__p0.05_ic0.03,val,
DXY,oil_z,30,0.282333,-0.000147,0.120937,True,False,True,keyword_z30__vol_5d__M6_only__p0.05_ic0.03,val,
DXY,rate_z,7,0.921276,2.3e-05,0.050461,True,False,True,keyword_z30__vol_5d__M6_only__p0.05_ic0.03,val,
DXY,rate_z,14,0.148455,-0.000367,0.073709,True,False,True,keyword_z30__vol_5d__M6_only__p0.05_ic0.03,val,
DXY,rate_z,30,0.9119,-1.6e-05,0.058825,True,False,True,keyword_z30__vol_5d__M6_only__p0.05_ic0.03,val,
DXY,ruble_z,1,0.55216,0.000142,0.116625,True,False,True,keyword_z30__vol_5d__M6_only__p0.05_ic0.03,val,
DXY,sanctions_z,30,0.756379,-3.5e-05,0.045395,True,False,True,keyword_z30__vol_5d__M6_only__p0.05_ic0.03,val,
DXY,inflation_z,7,0.744589,-7.8e-05,0.052266,True,False,True,keyword_z30__vol_5d__M6_only__p0.05_ic0.03,val,
DXY,inflation_z,14,0.09672,-0.000415,0.08541,True,False,True,keyword_z30__vol_5d__M6_only__p0.05_ic0.03,val,
DXY,banking_z,1,0.857562,-4e-05,0.069156,True,False,True,keyword_z30__vol_5d__M6_only__p0.05_ic0.03,val,
DXY,banking_z,7,0.831629,-5e-05,0.069081,True,False,True,keyword_z30__vol_5d__M6_only__p0.05_ic0.03,val,
DXY,banking_z,14,0.778064,-7e-05,0.066462,True,False,True,keyword_z30__vol_5d__M6_only__p0.05_ic0.03,val,
DXY,gold_z,14,0.84658,5e-05,0.057679,True,False,True,keyword_z30__vol_5d__M6_only__p0.05_ic0.03,val,
BRENT,rate_z,1,0.915032,9.6e-05,0.079313,True,False,True,keyword_z30__vol_5d__M6_only__p0.05_ic0.03,val,
BRENT,rate_z,30,0.444299,-0.000499,0.057206,True,False,True,keyword_z30__vol_5d__M6_only__p0.05_ic0.03,val,
BRENT,ruble_z,1,0.741976,0.000313,0.063405,True,False,True,keyword_z30__vol_5d__M6_only__p0.05_ic0.03,val,
BRENT,ruble_z,7,0.730671,0.000346,0.04655,True,False,True,keyword_z30__vol_5d__M6_only__p0.05_ic0.03,val,
BRENT,ruble_z,14,0.32746,0.001061,0.037788,True,False,True,keyword_z30__vol_5d__M6_only__p0.05_ic0.03,val,
BRENT,sanctions_z,1,0.445863,0.000713,0.055405,True,False,True,keyword_z30__vol_5d__M6_only__p0.05_ic0.03,val,
BRENT,sanctions_z,7,0.361473,-0.000894,0.061996,True,False,True,keyword_z30__vol_5d__M6_only__p0.05_ic0.03,val,
BRENT,inflation_z,1,0.364199,-0.000813,0.047769,True,False,True,keyword_z30__vol_5d__M6_only__p0.05_ic0.03,val,
BRENT,inflation_z,7,0.710916,-0.000356,0.176119,True,False,True,keyword_z30__vol_5d__M6_only__p0.05_ic0.03,val,
BRENT,inflation_z,14,0.253787,-0.001143,0.041381,True,False,True,keyword_z30__vol_5d__M6_only__p0.05_ic0.03,val,
BRENT,banking_z,1,0.621376,0.00044,0.036338,True,False,True,keyword_z30__vol_5d__M6_only__p0.05_ic0.03,val,
BRENT,gold_z,7,0.163952,0.00133,0.034488,True,False,True,keyword_z30__vol_5d__M6_only__p0.05_ic0.03,val,
BRENT,gold_z,14,0.236384,-0.001209,0.069121,True,False,True,keyword_z30__vol_5d__M6_only__p0.05_ic0.03,val,
MSCI_INDIA,rate_z,14,0.790406,0.00016,0.03352,True,False,True,keyword_z30__vol_5d__M6_only__p0.05_ic0.03,val,
MSCI_INDIA,ruble_z,30,0.707443,-0.000133,0.151841,True,False,True,keyword_z30__vol_5d__M6_only__p0.05_ic0.03,val,
MSCI_INDIA,sanctions_z,7,0.795214,0.00015,0.064146,True,False,True,keyword_z30__vol_5d__M6_only__p0.05_ic0.03,val,
MSCI_INDIA,sanctions_z,14,0.902584,-7.6e-05,0.137589,True,False,True,keyword_z30__vol_5d__M6_only__p0.05_ic0.03,val,
MSCI_INDIA,sanctions_z,30,0.627976,-0.000148,0.100068,True,False,True,keyword_z30__vol_5d__M6_only__p0.05_ic0.03,val,
MSCI_INDIA,inflation_z,1,0.411006,0.000441,0.053874,True,False,True,keyword_z30__vol_5d__M6_only__p0.05_ic0.03,val,
MSCI_INDIA,inflation_z,14,0.098779,0.001006,0.076732,True,False,True,keyword_z30__vol_5d__M6_only__p0.05_ic0.03,val,
MSCI_INDIA,inflation_z,30,0.170282,0.000554,0.044878,True,False,True,keyword_z30__vol_5d__M6_only__p0.05_ic0.03,val,
MSCI_INDIA,banking_z,1,0.316792,0.000535,0.074026,True,False,True,keyword_z30__vol_5d__M6_only__p0.05_ic0.03,val,
MSCI_INDIA,banking_z,30,0.471812,-0.000259,0.037338,True,False,True,keyword_z30__vol_5d__M6_only__p0.05_ic0.03,val,
CHINA_H_SHARES,oil_z,14,0.808626,-0.0003,0.081908,True,False,True,keyword_z30__vol_5d__M6_only__p0.05_ic0.03,val,
CHINA_H_SHARES,oil_z,30,0.97014,2.3e-05,0.134539,True,False,True,keyword_z30__vol_5d__M6_only__p0.05_ic0.03,val,
CHINA_H_SHARES,rate_z,30,0.85521,-0.000143,0.063438,True,False,True,keyword_z30__vol_5d__M6_only__p0.05_ic0.03,val,
CHINA_H_SHARES,ruble_z,30,0.429223,0.000603,0.104744,True,False,True,keyword_z30__vol_5d__M6_only__p0.05_ic0.03,val,
CHINA_H_SHARES,sanctions_z,7,0.024537,-0.002656,0.062884,True,True,True,keyword_z30__vol_5d__M6_only__p0.05_ic0.03,val,
CHINA_H_SHARES,inflation_z,7,0.726055,0.000408,0.058149,True,False,True,keyword_z30__vol_5d__M6_only__p0.05_ic0.03,val,
CHINA_H_SHARES,inflation_z,14,0.326432,-0.001222,0.062736,True,False,True,keyword_z30__vol_5d__M6_only__p0.05_ic0.03,val,
CHINA_H_SHARES,inflation_z,30,0.883493,0.000107,0.047567,True,False,True,keyword_z30__vol_5d__M6_only__p0.05_ic0.03,val,
CHINA_H_SHARES,banking_z,30,0.879443,0.000111,0.031371,True,False,True,keyword_z30__vol_5d__M6_only__p0.05_ic0.03,val,
CHINA_H_SHARES,gold_z,14,0.996242,-6e-06,0.04411,True,False,True,keyword_z30__vol_5d__M6_only__p0.05_ic0.03,val,
CHINA_H_SHARES,gold_z,30,0.824617,0.00015,0.059667,True,False,True,keyword_z30__vol_5d__M6_only__p0.05_ic0.03,val,
FTSE_CHINA_50,rate_z,1,0.309286,-0.00109,0.089253,True,False,True,keyword_z30__vol_5d__M6_only__p0.05_ic0.03,val,
FTSE_CHINA_50,rate_z,30,0.271518,0.000787,0.060254,True,False,True,keyword_z30__vol_5d__M6_only__p0.05_ic0.03,val,
FTSE_CHINA_50,ruble_z,30,0.907846,-6.9e-05,0.120155,True,False,True,keyword_z30__vol_5d__M6_only__p0.05_ic0.03,val,
FTSE_CHINA_50,sanctions_z,7,0.5804,-0.000648,0.032587,True,False,True,keyword_z30__vol_5d__M6_only__p0.05_ic0.03,val,
FTSE_CHINA_50,inflation_z,30,0.532086,0.000413,0.132255,True,False,True,keyword_z30__vol_5d__M6_only__p0.05_ic0.03,val,
FTSE_CHINA_50,banking_z,7,0.611816,-0.000589,0.082405,True,False,True,keyword_z30__vol_5d__M6_only__p0.05_ic0.03,val,
FTSE_CHINA_50,gold_z,14,0.596437,0.000676,0.038429,True,False,True,keyword_z30__vol_5d__M6_only__p0.05_ic0.03,val,
FTSE_CHINA_50,gold_z,30,0.559286,0.000378,0.080103,True,False,True,keyword_z30__vol_5d__M6_only__p0.05_ic0.03,val,
GOLD,oil_z,30,0.712959,-0.000122,0.096079,True,False,True,keyword_z30__vol_5d__M6_only__p0.05_ic0.03,val,
GOLD,rate_z,30,0.689151,-0.000137,0.073405,True,False,True,keyword_z30__vol_5d__M6_only__p0.05_ic0.03,val,
GOLD,sanctions_z,30,0.462469,-0.000277,0.031523,True,False,True,keyword_z30__vol_5d__M6_only__p0.05_ic0.03,val,
GOLD,inflation_z,14,0.83357,0.000175,0.046444,True,False,True,keyword_z30__vol_5d__M6_only__p0.05_ic0.03,val,
GOLD,gold_z,7,0.854292,-0.000142,0.058036,True,False,True,keyword_z30__vol_5d__M6_only__p0.05_ic0.03,val,
GOLD,gold_z,30,0.734281,0.00011,0.07897,True,False,True,keyword_z30__vol_5d__M6_only__p0.05_ic0.03,val,
SILVER,rate_z,1,0.028032,-0.002969,0.064691,True,True,True,keyword_z30__vol_5d__M6_only__p0.05_ic0.03,val,
SILVER,rate_z,7,0.699488,-0.000574,0.077062,True,False,True,keyword_z30__vol_5d__M6_only__p0.05_ic0.03,val,
SILVER,rate_z,30,0.884413,8.8e-05,0.080596,True,False,True,keyword_z30__vol_5d__M6_only__p0.05_ic0.03,val,
SILVER,ruble_z,30,0.96987,-2.5e-05,0.08388,True,False,True,keyword_z30__vol_5d__M6_only__p0.05_ic0.03,val,
SILVER,sanctions_z,7,0.06758,-0.002784,0.03075,True,False,True,keyword_z30__vol_5d__M6_only__p0.05_ic0.03,val,
SILVER,sanctions_z,14,0.464398,0.001234,0.091296,True,False,True,keyword_z30__vol_5d__M6_only__p0.05_ic0.03,val,
SILVER,sanctions_z,30,0.726404,-0.000201,0.089831,True,False,True,keyword_z30__vol_5d__M6_only__p0.05_ic0.03,val,
SILVER,gold_z,7,0.87308,-0.000237,0.10049,True,False,True,keyword_z30__vol_5d__M6_only__p0.05_ic0.03,val,
IMOEX,oil_z,1,0.402042,0.000668,0.131145,True,False,True,keyword_z30__vol_5d__M6_only__p0.05_ic0.03,val,
IMOEX,oil_z,30,0.77845,0.000122,0.079209,True,False,True,keyword_z30__vol_5d__M6_only__p0.05_ic0.03,val,
IMOEX,rate_z,14,0.030385,-0.001954,0.077211,True,True,True,keyword_z30__vol_5d__M6_only__p0.05_ic0.03,val,
IMOEX,rate_z,30,0.998783,1e-06,0.055287,True,False,True,keyword_z30__vol_5d__M6_only__p0.05_ic0.03,val,
IMOEX,ruble_z,1,0.236765,-0.000972,0.152372,True,False,True,keyword_z30__vol_5d__M6_only__p0.05_ic0.03,val,
IMOEX,ruble_z,7,0.091251,0.001483,0.104104,True,False,True,keyword_z30__vol_5d__M6_only__p0.05_ic0.03,val,
IMOEX,ruble_z,30,0.871725,-7.4e-05,0.124784,True,False,True,keyword_z30__vol_5d__M6_only__p0.05_ic0.03,val,
IMOEX,sanctions_z,1,0.392475,0.000691,0.119076,True,False,True,keyword_z30__vol_5d__M6_only__p0.05_ic0.03,val,
IMOEX,sanctions_z,14,0.77077,-0.000261,0.146082,True,False,True,keyword_z30__vol_5d__M6_only__p0.05_ic0.03,val,
IMOEX,inflation_z,14,0.887968,-0.000126,0.10647,True,False,True,keyword_z30__vol_5d__M6_only__p0.05_ic0.03,val,
IMOEX,banking_z,7,0.213,-0.001022,0.129506,True,False,True,keyword_z30__vol_5d__M6_only__p0.05_ic0.03,val,
IMOEX,gold_z,1,0.248006,0.000922,0.055877,True,False,True,keyword_z30__vol_5d__M6_only__p0.05_ic0.03,val,
IMOEX,gold_z,7,0.095494,-0.001401,0.076559,True,False,True,keyword_z30__vol_5d__M6_only__p0.05_ic0.03,val,
MOEXFN,oil_z,1,0.259942,0.000996,0.083846,True,False,True,keyword_z30__vol_5d__M6_only__p0.05_ic0.03,val,
MOEXFN,oil_z,14,0.953187,5.9e-05,0.084922,True,False,True,keyword_z30__vol_5d__M6_only__p0.05_ic0.03,val,
MOEXFN,oil_z,30,0.998015,1e-06,0.055372,True,False,True,keyword_z30__vol_5d__M6_only__p0.05_ic0.03,val,
MOEXFN,rate_z,1,0.324754,0.000849,0.048134,True,False,True,keyword_z30__vol_5d__M6_only__p0.05_ic0.03,val,
MOEXFN,rate_z,7,0.07648,-0.001639,0.043734,True,False,True,keyword_z30__vol_5d__M6_only__p0.05_ic0.03,val,
MOEXFN,ruble_z,7,0.203293,0.001241,0.101488,True,False,True,keyword_z30__vol_5d__M6_only__p0.05_ic0.03,val,
MOEXFN,sanctions_z,1,0.46779,0.00065,0.083389,True,False,True,keyword_z30__vol_5d__M6_only__p0.05_ic0.03,val,
MOEXFN,sanctions_z,14,0.667731,-0.000429,0.091815,True,False,True,keyword_z30__vol_5d__M6_only__p0.05_ic0.03,val,
MOEXFN,sanctions_z,30,0.689373,-0.000203,0.069587,True,False,True,keyword_z30__vol_5d__M6_only__p0.05_ic0.03,val,
MOEXFN,inflation_z,7,0.334669,-0.000898,0.049019,True,False,True,keyword_z30__vol_5d__M6_only__p0.05_ic0.03,val,
MOEXFN,banking_z,1,0.043186,0.001717,0.069241,True,True,True,keyword_z30__vol_5d__M6_only__p0.05_ic0.03,val,
MOEXFN,banking_z,7,0.173223,-0.001235,0.108746,True,False,True,keyword_z30__vol_5d__M6_only__p0.05_ic0.03,val,
MOEXFN,gold_z,30,0.630594,0.000267,0.039497,True,False,True,keyword_z30__vol_5d__M6_only__p0.05_ic0.03,val,
MOEXOG,oil_z,1,0.315262,0.000828,0.070578,True,False,True,keyword_z30__vol_5d__M6_only__p0.05_ic0.03,val,
MOEXOG,oil_z,30,0.828273,0.0001,0.080824,True,False,True,keyword_z30__vol_5d__M6_only__p0.05_ic0.03,val,
MOEXOG,rate_z,1,0.245714,0.000935,0.055117,True,False,True,keyword_z30__vol_5d__M6_only__p0.05_ic0.03,val,
MOEXOG,rate_z,14,0.020723,-0.002143,0.05198,True,True,True,keyword_z30__vol_5d__M6_only__p0.05_ic0.03,val,
MOEXOG,ruble_z,1,0.379594,-0.000747,0.135735,True,False,True,keyword_z30__vol_5d__M6_only__p0.05_ic0.03,val,
MOEXOG,ruble_z,14,0.494284,-0.000674,0.140528,True,False,True,keyword_z30__vol_5d__M6_only__p0.05_ic0.03,val,
MOEXOG,ruble_z,30,0.85143,9.3e-05,0.09403,True,False,True,keyword_z30__vol_5d__M6_only__p0.05_ic0.03,val,
MOEXOG,sanctions_z,30,0.580369,-0.000261,0.101942,True,False,True,keyword_z30__vol_5d__M6_only__p0.05_ic0.03,val,
MOEXOG,inflation_z,14,0.679371,-0.00038,0.136672,True,False,True,keyword_z30__vol_5d__M6_only__p0.05_ic0.03,val,
MOEXOG,inflation_z,30,0.493267,0.000356,0.081247,True,False,True,keyword_z30__vol_5d__M6_only__p0.05_ic0.03,val,
MOEXOG,banking_z,1,0.020153,0.00184,0.046876,True,True,True,keyword_z30__vol_5d__M6_only__p0.05_ic0.03,val,
MOEXOG,gold_z,7,0.063591,-0.001622,0.034143,True,False,True,keyword_z30__vol_5d__M6_only__p0.05_ic0.03,val,
MOEX10,oil_z,1,0.395554,0.000786,0.099205,True,False,True,keyword_z30__vol_5d__M6_only__p0.05_ic0.03,val,
MOEX10,oil_z,14,0.759176,-0.000323,0.083265,True,False,True,keyword_z30__vol_5d__M6_only__p0.05_ic0.03,val,
MOEX10,ruble_z,1,0.242683,-0.001114,0.160903,True,False,True,keyword_z30__vol_5d__M6_only__p0.05_ic0.03,val,
MOEX10,ruble_z,7,0.102758,0.001663,0.106609,True,False,True,keyword_z30__vol_5d__M6_only__p0.05_ic0.03,val,
MOEX10,ruble_z,14,0.554407,-0.000658,0.066071,True,False,True,keyword_z30__vol_5d__M6_only__p0.05_ic0.03,val,
MOEX10,ruble_z,30,0.977657,1.6e-05,0.059227,True,False,True,keyword_z30__vol_5d__M6_only__p0.05_ic0.03,val,
MOEX10,sanctions_z,1,0.515773,0.00061,0.098687,True,False,True,keyword_z30__vol_5d__M6_only__p0.05_ic0.03,val,
MOEX10,sanctions_z,14,0.627512,-0.000508,0.119435,True,False,True,keyword_z30__vol_5d__M6_only__p0.05_ic0.03,val,
MOEX10,sanctions_z,30,0.959032,2.9e-05,0.09835,True,False,True,keyword_z30__vol_5d__M6_only__p0.05_ic0.03,val,
MOEX10,inflation_z,7,0.202437,-0.001236,0.060125,True,False,True,keyword_z30__vol_5d__M6_only__p0.05_ic0.03,val,
MOEX10,inflation_z,14,0.675496,-0.00043,0.102459,True,False,True,keyword_z30__vol_5d__M6_only__p0.05_ic0.03,val,
MOEX10,inflation_z,30,0.649984,0.000298,0.073425,True,False,True,keyword_z30__vol_5d__M6_only__p0.05_ic0.03,val,
MOEX10,banking_z,1,0.06563,0.001639,0.071305,True,False,True,keyword_z30__vol_5d__M6_only__p0.05_ic0.03,val,
MOEX10,banking_z,7,0.200876,-0.001215,0.132732,True,False,True,keyword_z30__vol_5d__M6_only__p0.05_ic0.03,val,
MOEX10,gold_z,1,0.134025,0.001388,0.046204,True,False,True,keyword_z30__vol_5d__M6_only__p0.05_ic0.03,val,
MOEX10,gold_z,7,0.06506,-0.001795,0.031262,True,False,True,keyword_z30__vol_5d__M6_only__p0.05_ic0.03,val,
MOEX10,gold_z,14,0.716672,0.000377,0.088658,True,False,True,keyword_z30__vol_5d__M6_only__p0.05_ic0.03,val,
SP500,oil_emb,30,0.73908,0.000172,0.073947,True,False,True,embedding_raw__market_return__M6_only__p0.05_ic0.03,train,
SP500,ruble_emb,7,0.106072,-0.000801,0.066444,True,False,True,embedding_raw__market_return__M6_only__p0.05_ic0.03,train,
SP500,ruble_emb,14,0.618696,0.000258,0.079561,True,False,True,embedding_raw__market_return__M6_only__p0.05_ic0.03,train,
SP500,sanctions_emb,1,0.171343,-0.000619,0.053618,True,False,True,embedding_raw__market_return__M6_only__p0.05_ic0.03,train,
SP500,sanctions_emb,7,0.091612,-0.000782,0.05529,True,False,True,embedding_raw__market_return__M6_only__p0.05_ic0.03,train,
SP500,sanctions_emb,14,0.153408,0.000681,0.036015,True,False,True,embedding_raw__market_return__M6_only__p0.05_ic0.03,train,
SP500,inflation_emb,1,0.940648,3.5e-05,0.048447,True,False,True,embedding_raw__market_return__M6_only__p0.05_ic0.03,train,
SP500,inflation_emb,7,0.335525,-0.000457,0.101101,True,False,True,embedding_raw__market_return__M6_only__p0.05_ic0.03,train,
SP500,inflation_emb,30,0.578819,0.000308,0.050648,True,False,True,embedding_raw__market_return__M6_only__p0.05_ic0.03,train,
SP500,banking_emb,1,0.570939,-0.000279,0.031206,True,False,True,embedding_raw__market_return__M6_only__p0.05_ic0.03,train,
SP500,gold_emb,14,0.446739,0.000371,0.07632,True,False,True,embedding_raw__market_return__M6_only__p0.05_ic0.03,train,
USD_RUB,oil_emb,1,0.744781,-0.000369,0.051682,True,False,True,embedding_raw__market_return__M6_only__p0.05_ic0.03,train,
USD_RUB,oil_emb,30,0.876771,-0.000211,0.088101,True,False,True,embedding_raw__market_return__M6_only__p0.05_ic0.03,train,
USD_RUB,rate_emb,1,0.077029,-0.002229,0.032609,True,False,True,embedding_raw__market_return__M6_only__p0.05_ic0.03,train,
USD_RUB,rate_emb,7,0.068034,0.002396,0.049934,True,False,True,embedding_raw__market_return__M6_only__p0.05_ic0.03,train,
USD_RUB,rate_emb,30,0.5357,0.000824,0.06643,True,False,True,embedding_raw__market_return__M6_only__p0.05_ic0.03,train,
USD_RUB,ruble_emb,7,0.712139,0.000496,0.119258,True,False,True,embedding_raw__market_return__M6_only__p0.05_ic0.03,train,
USD_RUB,ruble_emb,14,0.054994,-0.002704,0.078562,True,False,True,embedding_raw__market_return__M6_only__p0.05_ic0.03,train,
USD_RUB,sanctions_emb,7,0.412436,-0.000993,0.088527,True,False,True,embedding_raw__market_return__M6_only__p0.05_ic0.03,train,
USD_RUB,inflation_emb,1,0.061581,-0.002289,0.075157,True,False,True,embedding_raw__market_return__M6_only__p0.05_ic0.03,train,
USD_RUB,inflation_emb,7,0.870624,-0.000206,0.032703,True,False,True,embedding_raw__market_return__M6_only__p0.05_ic0.03,train,
USD_RUB,inflation_emb,14,0.687673,-0.000541,0.034402,True,False,True,embedding_raw__market_return__M6_only__p0.05_ic0.03,train,
USD_RUB,banking_emb,1,0.938866,-9.8e-05,0.092104,True,False,True,embedding_raw__market_return__M6_only__p0.05_ic0.03,train,
USD_RUB,banking_emb,14,0.573989,0.000782,0.035247,True,False,True,embedding_raw__market_return__M6_only__p0.05_ic0.03,train,
USD_RUB,banking_emb,30,0.825246,0.000314,0.048875,True,False,True,embedding_raw__market_return__M6_only__p0.05_ic0.03,train,
USD_RUB,gold_emb,7,0.907728,0.000141,0.034863,True,False,True,embedding_raw__market_return__M6_only__p0.05_ic0.03,train,
EUR_RUB,oil_emb,1,0.744781,-0.000369,0.051682,True,False,True,embedding_raw__market_return__M6_only__p0.05_ic0.03,train,
EUR_RUB,oil_emb,30,0.876771,-0.000211,0.088101,True,False,True,embedding_raw__market_return__M6_only__p0.05_ic0.03,train,
EUR_RUB,rate_emb,1,0.077029,-0.002229,0.032609,True,False,True,embedding_raw__market_return__M6_only__p0.05_ic0.03,train,
EUR_RUB,rate_emb,7,0.068034,0.002396,0.049934,True,False,True,embedding_raw__market_return__M6_only__p0.05_ic0.03,train,
EUR_RUB,rate_emb,30,0.5357,0.000824,0.06643,True,False,True,embedding_raw__market_return__M6_only__p0.05_ic0.03,train,
EUR_RUB,ruble_emb,7,0.712139,0.000496,0.119258,True,False,True,embedding_raw__market_return__M6_only__p0.05_ic0.03,train,
EUR_RUB,ruble_emb,14,0.054994,-0.002704,0.078562,True,False,True,embedding_raw__market_return__M6_only__p0.05_ic0.03,train,
EUR_RUB,sanctions_emb,7,0.412436,-0.000993,0.088527,True,False,True,embedding_raw__market_return__M6_only__p0.05_ic0.03,train,
EUR_RUB,inflation_emb,1,0.061581,-0.002289,0.075157,True,False,True,embedding_raw__market_return__M6_only__p0.05_ic0.03,train,
EUR_RUB,inflation_emb,7,0.870624,-0.000206,0.032703,True,False,True,embedding_raw__market_return__M6_only__p0.05_ic0.03,train,
EUR_RUB,inflation_emb,14,0.687673,-0.000541,0.034402,True,False,True,embedding_raw__market_return__M6_only__p0.05_ic0.03,train,
EUR_RUB,banking_emb,1,0.938866,-9.8e-05,0.092104,True,False,True,embedding_raw__market_return__M6_only__p0.05_ic0.03,train,
EUR_RUB,banking_emb,14,0.573989,0.000782,0.035247,True,False,True,embedding_raw__market_return__M6_only__p0.05_ic0.03,train,
EUR_RUB,banking_emb,30,0.825246,0.000314,0.048875,True,False,True,embedding_raw__market_return__M6_only__p0.05_ic0.03,train,
EUR_RUB,gold_emb,7,0.907728,0.000141,0.034863,True,False,True,embedding_raw__market_return__M6_only__p0.05_ic0.03,train,
DJ_SOUTH_AFRICA,oil_emb,7,0.848511,-9.6e-05,0.037112,True,False,True,embedding_raw__market_return__M6_only__p0.05_ic0.03,train,
DJ_SOUTH_AFRICA,oil_emb,14,0.549773,-0.000317,0.092734,True,False,True,embedding_raw__market_return__M6_only__p0.05_ic0.03,train,
DJ_SOUTH_AFRICA,oil_emb,30,0.077848,-0.00107,0.031231,True,False,True,embedding_raw__market_return__M6_only__p0.05_ic0.03,train,
DJ_SOUTH_AFRICA,rate_emb,1,0.063782,0.000971,0.031769,True,False,True,embedding_raw__market_return__M6_only__p0.05_ic0.03,train,
DJ_SOUTH_AFRICA,rate_emb,14,0.489302,-0.000389,0.117387,True,False,True,embedding_raw__market_return__M6_only__p0.05_ic0.03,train,
DJ_SOUTH_AFRICA,rate_emb,30,0.46744,0.000453,0.056931,True,False,True,embedding_raw__market_return__M6_only__p0.05_ic0.03,train,
DJ_SOUTH_AFRICA,ruble_emb,1,0.522898,0.000341,0.060351,True,False,True,embedding_raw__market_return__M6_only__p0.05_ic0.03,train,
DJ_SOUTH_AFRICA,ruble_emb,7,0.138017,-0.000822,0.03321,True,False,True,embedding_raw__market_return__M6_only__p0.05_ic0.03,train,
DJ_SOUTH_AFRICA,ruble_emb,30,0.610379,0.000329,0.05554,True,False,True,embedding_raw__market_return__M6_only__p0.05_ic0.03,train,
DJ_SOUTH_AFRICA,sanctions_emb,7,0.037742,0.001053,0.060868,True,True,True,embedding_raw__market_return__M6_only__p0.05_ic0.03,train,
DJ_SOUTH_AFRICA,sanctions_emb,14,0.657777,0.000238,0.050714,True,False,True,embedding_raw__market_return__M6_only__p0.05_ic0.03,train,
DJ_SOUTH_AFRICA,sanctions_emb,30,0.439886,-0.000466,0.074345,True,False,True,embedding_raw__market_return__M6_only__p0.05_ic0.03,train,
DJ_SOUTH_AFRICA,inflation_emb,1,0.707039,-0.000191,0.043169,True,False,True,embedding_raw__market_return__M6_only__p0.05_ic0.03,train,
DJ_SOUTH_AFRICA,inflation_emb,7,0.153715,0.000748,0.052013,True,False,True,embedding_raw__market_return__M6_only__p0.05_ic0.03,train,
DJ_SOUTH_AFRICA,inflation_emb,14,0.72405,-0.000196,0.056058,True,False,True,embedding_raw__market_return__M6_only__p0.05_ic0.03,train,
DJ_SOUTH_AFRICA,inflation_emb,30,0.876259,-9.4e-05,0.053521,True,False,True,embedding_raw__market_return__M6_only__p0.05_ic0.03,train,
DJ_SOUTH_AFRICA,banking_emb,14,0.587686,0.000307,0.04691,True,False,True,embedding_raw__market_return__M6_only__p0.05_ic0.03,train,
DJ_SOUTH_AFRICA,gold_emb,7,0.556691,0.000304,0.035532,True,False,True,embedding_raw__market_return__M6_only__p0.05_ic0.03,train,
DJ_SOUTH_AFRICA,gold_emb,14,0.200906,0.000695,0.080719,True,False,True,embedding_raw__market_return__M6_only__p0.05_ic0.03,train,
DJ_SOUTH_AFRICA,gold_emb,30,0.007642,-0.0016,0.04253,True,True,True,embedding_raw__market_return__M6_only__p0.05_ic0.03,train,
MSCI_WORLD,oil_emb,14,0.922752,-4.8e-05,0.030243,True,False,True,embedding_raw__market_return__M6_only__p0.05_ic0.03,train,
MSCI_WORLD,rate_emb,1,0.957388,-2.7e-05,0.032832,True,False,True,embedding_raw__market_return__M6_only__p0.05_ic0.03,train,
MSCI_WORLD,rate_emb,7,0.123572,0.000805,0.049216,True,False,True,embedding_raw__market_return__M6_only__p0.05_ic0.03,train,
MSCI_WORLD,rate_emb,30,0.077199,0.001064,0.042409,True,False,True,embedding_raw__market_return__M6_only__p0.05_ic0.03,train,
MSCI_WORLD,sanctions_emb,1,0.945888,3.2e-05,0.049447,True,False,True,embedding_raw__market_return__M6_only__p0.05_ic0.03,train,
MSCI_WORLD,sanctions_emb,7,0.866121,-8.2e-05,0.037812,True,False,True,embedding_raw__market_return__M6_only__p0.05_ic0.03,train,
MSCI_WORLD,inflation_emb,1,0.744126,-0.00016,0.044131,True,False,True,embedding_raw__market_return__M6_only__p0.05_ic0.03,train,
MSCI_WORLD,inflation_emb,7,0.633474,-0.000241,0.03402,True,False,True,embedding_raw__market_return__M6_only__p0.05_ic0.03,train,
MSCI_WORLD,inflation_emb,14,0.794847,0.000138,0.063526,True,False,True,embedding_raw__market_return__M6_only__p0.05_ic0.03,train,
MSCI_WORLD,inflation_emb,30,0.804935,-0.000146,0.033332,True,False,True,embedding_raw__market_return__M6_only__p0.05_ic0.03,train,
MSCI_WORLD,banking_emb,1,0.383609,0.000447,0.037824,True,False,True,embedding_raw__market_return__M6_only__p0.05_ic0.03,train,
MSCI_WORLD,banking_emb,7,0.788957,0.000142,0.094496,True,False,True,embedding_raw__market_return__M6_only__p0.05_ic0.03,train,
MSCI_WORLD,gold_emb,7,0.87572,-7.6e-05,0.097622,True,False,True,embedding_raw__market_return__M6_only__p0.05_ic0.03,train,
MSCI_WORLD,gold_emb,14,0.794992,-0.000134,0.115868,True,False,True,embedding_raw__market_return__M6_only__p0.05_ic0.03,train,
MSCI_WORLD,gold_emb,30,0.498568,-0.000396,0.101084,True,False,True,embedding_raw__market_return__M6_only__p0.05_ic0.03,train,
DXY,oil_emb,1,0.373361,0.000195,0.072864,True,False,True,embedding_raw__market_return__M6_only__p0.05_ic0.03,train,
DXY,rate_emb,1,0.831832,5.2e-05,0.039019,True,False,True,embedding_raw__market_return__M6_only__p0.05_ic0.03,train,
DXY,rate_emb,14,0.019662,0.000614,0.076742,True,True,True,embedding_raw__market_return__M6_only__p0.05_ic0.03,train,
DXY,rate_emb,30,0.762204,8.8e-05,0.097559,True,False,True,embedding_raw__market_return__M6_only__p0.05_ic0.03,train,
DXY,ruble_emb,7,0.691255,0.000103,0.059216,True,False,True,embedding_raw__market_return__M6_only__p0.05_ic0.03,train,
DXY,ruble_emb,14,0.838181,-5.6e-05,0.053431,True,False,True,embedding_raw__market_return__M6_only__p0.05_ic0.03,train,
DXY,ruble_emb,30,0.902268,3.7e-05,0.062906,True,False,True,embedding_raw__market_return__M6_only__p0.05_ic0.03,train,
DXY,sanctions_emb,1,0.96457,1e-05,0.049387,True,False,True,embedding_raw__market_return__M6_only__p0.05_ic0.03,train,
DXY,sanctions_emb,7,0.601837,-0.000125,0.047465,True,False,True,embedding_raw__market_return__M6_only__p0.05_ic0.03,train,
DXY,sanctions_emb,14,0.362393,0.000231,0.051651,True,False,True,embedding_raw__market_return__M6_only__p0.05_ic0.03,train,
DXY,sanctions_emb,30,0.30641,-0.000297,0.103423,True,False,True,embedding_raw__market_return__M6_only__p0.05_ic0.03,train,
DXY,inflation_emb,7,0.285856,0.00026,0.058754,True,False,True,embedding_raw__market_return__M6_only__p0.05_ic0.03,train,
DXY,inflation_emb,30,0.715397,-0.000106,0.036527,True,False,True,embedding_raw__market_return__M6_only__p0.05_ic0.03,train,
DXY,banking_emb,1,0.226397,-0.000298,0.08202,True,False,True,embedding_raw__market_return__M6_only__p0.05_ic0.03,train,
DXY,banking_emb,7,0.944153,1.8e-05,0.033462,True,False,True,embedding_raw__market_return__M6_only__p0.05_ic0.03,train,
DXY,gold_emb,7,0.912572,2.6e-05,0.038172,True,False,True,embedding_raw__market_return__M6_only__p0.05_ic0.03,train,
DXY,gold_emb,14,0.670924,0.000106,0.12373,True,False,True,embedding_raw__market_return__M6_only__p0.05_ic0.03,train,
DXY,gold_emb,30,0.176153,0.000381,0.059992,True,False,True,embedding_raw__market_return__M6_only__p0.05_ic0.03,train,
BRENT,oil_emb,14,0.693369,0.000471,0.040033,True,False,True,embedding_raw__market_return__M6_only__p0.05_ic0.03,train,
BRENT,oil_emb,30,0.913008,-0.000143,0.110408,True,False,True,embedding_raw__market_return__M6_only__p0.05_ic0.03,train,
BRENT,rate_emb,7,0.480087,0.000848,0.046428,True,False,True,embedding_raw__market_return__M6_only__p0.05_ic0.03,train,
BRENT,rate_emb,30,0.261208,-0.001509,0.069155,True,False,True,embedding_raw__market_return__M6_only__p0.05_ic0.03,train,
BRENT,ruble_emb,1,0.757482,-0.000368,0.068642,True,False,True,embedding_raw__market_return__M6_only__p0.05_ic0.03,train,
BRENT,ruble_emb,7,0.066474,-0.002265,0.05001,True,False,True,embedding_raw__market_return__M6_only__p0.05_ic0.03,train,
BRENT,ruble_emb,14,0.82525,0.00029,0.039041,True,False,True,embedding_raw__market_return__M6_only__p0.05_ic0.03,train,
BRENT,ruble_emb,30,0.329994,0.001352,0.093502,True,False,True,embedding_raw__market_return__M6_only__p0.05_ic0.03,train,
BRENT,sanctions_emb,30,0.95227,8.1e-05,0.052997,True,False,True,embedding_raw__market_return__M6_only__p0.05_ic0.03,train,
BRENT,inflation_emb,7,0.171952,0.001603,0.076004,True,False,True,embedding_raw__market_return__M6_only__p0.05_ic0.03,train,
BRENT,inflation_emb,30,0.359743,0.001251,0.03785,True,False,True,embedding_raw__market_return__M6_only__p0.05_ic0.03,train,
BRENT,banking_emb,1,0.863346,0.000202,0.111886,True,False,True,embedding_raw__market_return__M6_only__p0.05_ic0.03,train,
BRENT,banking_emb,7,0.816015,-0.000285,0.04297,True,False,True,embedding_raw__market_return__M6_only__p0.05_ic0.03,train,
BRENT,gold_emb,30,0.92377,-0.000128,0.055355,True,False,True,embedding_raw__market_return__M6_only__p0.05_ic0.03,train,
MSCI_INDIA,oil_emb,1,0.329227,0.000425,0.121327,True,False,True,embedding_raw__market_return__M6_only__p0.05_ic0.03,train,
MSCI_INDIA,oil_emb,30,0.309407,-0.000323,0.050234,True,False,True,embedding_raw__market_return__M6_only__p0.05_ic0.03,train,
MSCI_INDIA,rate_emb,1,0.158527,0.000692,0.080879,True,False,True,embedding_raw__market_return__M6_only__p0.05_ic0.03,train,
MSCI_INDIA,rate_emb,30,0.25025,0.000402,0.044657,True,False,True,embedding_raw__market_return__M6_only__p0.05_ic0.03,train,
MSCI_INDIA,ruble_emb,7,0.454643,0.000387,0.07532,True,False,True,embedding_raw__market_return__M6_only__p0.05_ic0.03,train,
MSCI_INDIA,ruble_emb,14,0.72569,-0.000192,0.116995,True,False,True,embedding_raw__market_return__M6_only__p0.05_ic0.03,train,
MSCI_INDIA,ruble_emb,30,0.548321,0.000219,0.071656,True,False,True,embedding_raw__market_return__M6_only__p0.05_ic0.03,train,
MSCI_INDIA,inflation_emb,1,0.791654,-0.000126,0.041225,True,False,True,embedding_raw__market_return__M6_only__p0.05_ic0.03,train,
MSCI_INDIA,inflation_emb,7,0.530072,-0.000307,0.035626,True,False,True,embedding_raw__market_return__M6_only__p0.05_ic0.03,train,
MSCI_INDIA,inflation_emb,14,0.128546,0.000786,0.067171,True,False,True,embedding_raw__market_return__M6_only__p0.05_ic0.03,train,
MSCI_INDIA,banking_emb,1,0.975035,1.6e-05,0.036699,True,False,True,embedding_raw__market_return__M6_only__p0.05_ic0.03,train,
MSCI_INDIA,banking_emb,7,0.759941,0.000156,0.059368,True,False,True,embedding_raw__market_return__M6_only__p0.05_ic0.03,train,
MSCI_INDIA,banking_emb,14,0.452323,0.000396,0.072087,True,False,True,embedding_raw__market_return__M6_only__p0.05_ic0.03,train,
MSCI_INDIA,banking_emb,30,0.201761,-0.000403,0.076169,True,False,True,embedding_raw__market_return__M6_only__p0.05_ic0.03,train,
MSCI_INDIA,gold_emb,7,0.540532,0.000291,0.039221,True,False,True,embedding_raw__market_return__M6_only__p0.05_ic0.03,train,
MSCI_INDIA,gold_emb,30,0.91703,-3.4e-05,0.042059,True,False,True,embedding_raw__market_return__M6_only__p0.05_ic0.03,train,
CHINA_H_SHARES,oil_emb,1,0.990913,1e-05,0.086328,True,False,True,embedding_raw__market_return__M6_only__p0.05_ic0.03,train,
CHINA_H_SHARES,oil_emb,30,0.436129,0.000522,0.079905,True,False,True,embedding_raw__market_return__M6_only__p0.05_ic0.03,train,
CHINA_H_SHARES,rate_emb,1,0.217829,0.001242,0.090139,True,False,True,embedding_raw__market_return__M6_only__p0.05_ic0.03,train,
CHINA_H_SHARES,rate_emb,7,0.855316,0.000189,0.047122,True,False,True,embedding_raw__market_return__M6_only__p0.05_ic0.03,train,
CHINA_H_SHARES,rate_emb,14,0.036404,-0.002277,0.077115,True,True,True,embedding_raw__market_return__M6_only__p0.05_ic0.03,train,
CHINA_H_SHARES,ruble_emb,1,0.097096,0.001706,0.037078,True,False,True,embedding_raw__market_return__M6_only__p0.05_ic0.03,train,
CHINA_H_SHARES,ruble_emb,7,0.0111,-0.002731,0.071962,True,True,True,embedding_raw__market_return__M6_only__p0.05_ic0.03,train,
CHINA_H_SHARES,ruble_emb,14,0.549378,0.000682,0.032448,True,False,True,embedding_raw__market_return__M6_only__p0.05_ic0.03,train,
CHINA_H_SHARES,sanctions_emb,1,0.458028,-0.000707,0.033286,True,False,True,embedding_raw__market_return__M6_only__p0.05_ic0.03,train,
CHINA_H_SHARES,sanctions_emb,7,0.621675,0.000488,0.054668,True,False,True,embedding_raw__market_return__M6_only__p0.05_ic0.03,train,
CHINA_H_SHARES,sanctions_emb,30,0.536657,-0.000405,0.043048,True,False,True,embedding_raw__market_return__M6_only__p0.05_ic0.03,train,
CHINA_H_SHARES,inflation_emb,7,0.954041,-5.9e-05,0.049628,True,False,True,embedding_raw__market_return__M6_only__p0.05_ic0.03,train,
CHINA_H_SHARES,inflation_emb,14,0.052554,-0.002072,0.071265,True,False,True,embedding_raw__market_return__M6_only__p0.05_ic0.03,train,
CHINA_H_SHARES,inflation_emb,30,0.653291,0.000338,0.035394,True,False,True,embedding_raw__market_return__M6_only__p0.05_ic0.03,train,
CHINA_H_SHARES,banking_emb,1,0.961207,-4.9e-05,0.06595,True,False,True,embedding_raw__market_return__M6_only__p0.05_ic0.03,train,
CHINA_H_SHARES,banking_emb,7,0.984786,-2e-05,0.03391,True,False,True,embedding_raw__market_return__M6_only__p0.05_ic0.03,train,
CHINA_H_SHARES,gold_emb,1,0.946774,-6.6e-05,0.031245,True,False,True,embedding_raw__market_return__M6_only__p0.05_ic0.03,train,
CHINA_H_SHARES,gold_emb,7,0.844726,-0.000196,0.058816,True,False,True,embedding_raw__market_return__M6_only__p0.05_ic0.03,train,
CHINA_H_SHARES,gold_emb,14,0.36943,-0.000947,0.073208,True,False,True,embedding_raw__market_return__M6_only__p0.05_ic0.03,train,
CHINA_H_SHARES,gold_emb,30,0.571967,0.000338,0.066201,True,False,True,embedding_raw__market_return__M6_only__p0.05_ic0.03,train,
FTSE_CHINA_50,oil_emb,1,0.823732,0.000213,0.058418,True,False,True,embedding_raw__market_return__M6_only__p0.05_ic0.03,train,
FTSE_CHINA_50,oil_emb,14,0.946394,7.3e-05,0.043861,True,False,True,embedding_raw__market_return__M6_only__p0.05_ic0.03,train,
FTSE_CHINA_50,oil_emb,30,0.381593,0.000639,0.063972,True,False,True,embedding_raw__market_return__M6_only__p0.05_ic0.03,train,
FTSE_CHINA_50,rate_emb,1,0.261314,0.001206,0.094911,True,False,True,embedding_raw__market_return__M6_only__p0.05_ic0.03,train,
FTSE_CHINA_50,rate_emb,7,0.784567,0.000302,0.034786,True,False,True,embedding_raw__market_return__M6_only__p0.05_ic0.03,train,
FTSE_CHINA_50,rate_emb,14,0.030422,-0.002503,0.07794,True,True,True,embedding_raw__market_return__M6_only__p0.05_ic0.03,train,
FTSE_CHINA_50,ruble_emb,1,0.062872,0.002038,0.07803,True,False,True,embedding_raw__market_return__M6_only__p0.05_ic0.03,train,
FTSE_CHINA_50,ruble_emb,14,0.480229,0.000853,0.061017,True,False,True,embedding_raw__market_return__M6_only__p0.05_ic0.03,train,
FTSE_CHINA_50,sanctions_emb,7,0.686022,0.000424,0.055931,True,False,True,embedding_raw__market_return__M6_only__p0.05_ic0.03,train,
FTSE_CHINA_50,sanctions_emb,30,0.357092,-0.00065,0.07376,True,False,True,embedding_raw__market_return__M6_only__p0.05_ic0.03,train,
FTSE_CHINA_50,inflation_emb,7,0.892825,-0.000146,0.05384,True,False,True,embedding_raw__market_return__M6_only__p0.05_ic0.03,train,
FTSE_CHINA_50,inflation_emb,14,0.042964,-0.002294,0.06838,True,True,True,embedding_raw__market_return__M6_only__p0.05_ic0.03,train,
FTSE_CHINA_50,inflation_emb,30,0.640042,0.000381,0.03158,True,False,True,embedding_raw__market_return__M6_only__p0.05_ic0.03,train,
FTSE_CHINA_50,banking_emb,1,0.94106,-8e-05,0.050813,True,False,True,embedding_raw__market_return__M6_only__p0.05_ic0.03,train,
FTSE_CHINA_50,banking_emb,7,0.806412,0.000275,0.030522,True,False,True,embedding_raw__market_return__M6_only__p0.05_ic0.03,train,
FTSE_CHINA_50,gold_emb,7,0.858877,0.000189,0.0558,True,False,True,embedding_raw__market_return__M6_only__p0.05_ic0.03,train,
FTSE_CHINA_50,gold_emb,14,0.241874,-0.001311,0.081596,True,False,True,embedding_raw__market_return__M6_only__p0.05_ic0.03,train,
FTSE_CHINA_50,gold_emb,30,0.480305,0.000455,0.063256,True,False,True,embedding_raw__market_return__M6_only__p0.05_ic0.03,train,
GOLD,oil_emb,30,0.13876,-0.000413,0.109061,True,False,True,embedding_raw__market_return__M6_only__p0.05_ic0.03,train,
GOLD,rate_emb,1,0.90631,-6.4e-05,0.140362,True,False,True,embedding_raw__market_return__M6_only__p0.05_ic0.03,train,
GOLD,rate_emb,7,0.328007,0.000545,0.075873,True,False,True,embedding_raw__market_return__M6_only__p0.05_ic0.03,train,
GOLD,rate_emb,14,0.390757,-0.000514,0.100202,True,False,True,embedding_raw__market_return__M6_only__p0.05_ic0.03,train,
GOLD,rate_emb,30,0.455567,0.00021,0.045851,True,False,True,embedding_raw__market_return__M6_only__p0.05_ic0.03,train,
GOLD,ruble_emb,30,0.44112,-0.000214,0.048794,True,False,True,embedding_raw__market_return__M6_only__p0.05_ic0.03,train,
GOLD,sanctions_emb,14,0.235497,0.000658,0.060008,True,False,True,embedding_raw__market_return__M6_only__p0.05_ic0.03,train,
GOLD,inflation_emb,1,0.929479,-4.6e-05,0.132144,True,False,True,embedding_raw__market_return__M6_only__p0.05_ic0.03,train,
GOLD,inflation_emb,7,0.654518,0.000244,0.058575,True,False,True,embedding_raw__market_return__M6_only__p0.05_ic0.03,train,
GOLD,inflation_emb,14,0.778507,0.000164,0.087193,True,False,True,embedding_raw__market_return__M6_only__p0.05_ic0.03,train,
GOLD,inflation_emb,30,0.8263,-7e-05,0.06157,True,False,True,embedding_raw__market_return__M6_only__p0.05_ic0.03,train,
GOLD,banking_emb,7,0.396098,0.000478,0.047747,True,False,True,embedding_raw__market_return__M6_only__p0.05_ic0.03,train,
GOLD,banking_emb,14,0.625717,-0.000289,0.039985,True,False,True,embedding_raw__market_return__M6_only__p0.05_ic0.03,train,
GOLD,banking_emb,30,0.328694,-0.000285,0.03065,True,False,True,embedding_raw__market_return__M6_only__p0.05_ic0.03,train,
GOLD,gold_emb,1,0.373001,-0.000466,0.046408,True,False,True,embedding_raw__market_return__M6_only__p0.05_ic0.03,train,
GOLD,gold_emb,7,0.348839,-0.00049,0.112197,True,False,True,embedding_raw__market_return__M6_only__p0.05_ic0.03,train,
GOLD,gold_emb,14,0.640634,0.00026,0.034753,True,False,True,embedding_raw__market_return__M6_only__p0.05_ic0.03,train,
GOLD,gold_emb,30,0.671691,-0.000132,0.03877,True,False,True,embedding_raw__market_return__M6_only__p0.05_ic0.03,train,
SILVER,oil_emb,7,0.200279,-0.001324,0.034824,True,False,True,embedding_raw__market_return__M6_only__p0.05_ic0.03,train,
SILVER,oil_emb,14,0.907699,-0.00013,0.059788,True,False,True,embedding_raw__market_return__M6_only__p0.05_ic0.03,train,
SILVER,oil_emb,30,0.211676,-0.000782,0.071415,True,False,True,embedding_raw__market_return__M6_only__p0.05_ic0.03,train,
SILVER,rate_emb,1,0.433249,0.000873,0.051497,True,False,True,embedding_raw__market_return__M6_only__p0.05_ic0.03,train,
SILVER,rate_emb,7,0.240406,0.00132,0.040153,True,False,True,embedding_raw__market_return__M6_only__p0.05_ic0.03,train,
SILVER,rate_emb,14,0.418456,0.000973,0.033765,True,False,True,embedding_raw__market_return__M6_only__p0.05_ic0.03,train,
SILVER,ruble_emb,1,0.502696,0.00075,0.067885,True,False,True,embedding_raw__market_return__M6_only__p0.05_ic0.03,train,
SILVER,ruble_emb,7,0.109365,-0.001834,0.033527,True,False,True,embedding_raw__market_return__M6_only__p0.05_ic0.03,train,
SILVER,ruble_emb,14,0.72332,0.000422,0.100618,True,False,True,embedding_raw__market_return__M6_only__p0.05_ic0.03,train,
SILVER,ruble_emb,30,0.835043,-0.00012,0.046493,True,False,True,embedding_raw__market_return__M6_only__p0.05_ic0.03,train,
SILVER,sanctions_emb,1,0.735076,-0.000354,0.133342,True,False,True,embedding_raw__market_return__M6_only__p0.05_ic0.03,train,
SILVER,sanctions_emb,7,0.499924,-0.000721,0.093317,True,False,True,embedding_raw__market_return__M6_only__p0.05_ic0.03,train,
SILVER,inflation_emb,1,0.691086,-0.00042,0.049794,True,False,True,embedding_raw__market_return__M6_only__p0.05_ic0.03,train,
SILVER,inflation_emb,30,0.692101,-0.000256,0.049313,True,False,True,embedding_raw__market_return__M6_only__p0.05_ic0.03,train,
SILVER,banking_emb,30,0.874496,9.6e-05,0.092885,True,False,True,embedding_raw__market_return__M6_only__p0.05_ic0.03,train,
SILVER,gold_emb,14,0.941045,-8.3e-05,0.122347,True,False,True,embedding_raw__market_return__M6_only__p0.05_ic0.03,train,
SILVER,gold_emb,30,0.873015,-9.8e-05,0.057902,True,False,True,embedding_raw__market_return__M6_only__p0.05_ic0.03,train,
IMOEX,oil_emb,14,0.417078,0.001121,0.034778,True,False,True,embedding_raw__market_return__M6_only__p0.05_ic0.03,train,
IMOEX,rate_emb,1,0.12159,-0.002065,0.081395,True,False,True,embedding_raw__market_return__M6_only__p0.05_ic0.03,train,
IMOEX,rate_emb,14,0.389963,-0.001239,0.107098,True,False,True,embedding_raw__market_return__M6_only__p0.05_ic0.03,train,
IMOEX,rate_emb,30,0.923926,-8.4e-05,0.074486,True,False,True,embedding_raw__market_return__M6_only__p0.05_ic0.03,train,
IMOEX,ruble_emb,1,0.353788,0.001267,0.060545,True,False,True,embedding_raw__market_return__M6_only__p0.05_ic0.03,train,
IMOEX,ruble_emb,7,0.696947,-0.00055,0.109058,True,False,True,embedding_raw__market_return__M6_only__p0.05_ic0.03,train,
IMOEX,ruble_emb,14,0.57517,0.000831,0.084887,True,False,True,embedding_raw__market_return__M6_only__p0.05_ic0.03,train,
IMOEX,ruble_emb,30,0.34963,0.000776,0.032815,True,False,True,embedding_raw__market_return__M6_only__p0.05_ic0.03,train,
IMOEX,sanctions_emb,1,0.407003,-0.001044,0.101895,True,False,True,embedding_raw__market_return__M6_only__p0.05_ic0.03,train,
IMOEX,sanctions_emb,7,0.233794,0.001585,0.117318,True,False,True,embedding_raw__market_return__M6_only__p0.05_ic0.03,train,
IMOEX,inflation_emb,1,0.088698,-0.002215,0.057373,True,False,True,embedding_raw__market_return__M6_only__p0.05_ic0.03,train,
IMOEX,inflation_emb,7,0.230782,-0.001626,0.034166,True,False,True,embedding_raw__market_return__M6_only__p0.05_ic0.03,train,
IMOEX,banking_emb,7,0.855094,0.00026,0.068845,True,False,True,embedding_raw__market_return__M6_only__p0.05_ic0.03,train,
IMOEX,gold_emb,7,0.159726,-0.001857,0.065851,True,False,True,embedding_raw__market_return__M6_only__p0.05_ic0.03,train,
IMOEX,gold_emb,14,0.497607,-0.000944,0.070583,True,False,True,embedding_raw__market_return__M6_only__p0.05_ic0.03,train,
MOEXFN,oil_emb,14,0.560214,0.000875,0.06956,True,False,True,embedding_raw__market_return__M6_only__p0.05_ic0.03,train,
MOEXFN,oil_emb,30,0.433108,-0.000693,0.084887,True,False,True,embedding_raw__market_return__M6_only__p0.05_ic0.03,train,
MOEXFN,rate_emb,7,0.302671,0.001549,0.050828,True,False,True,embedding_raw__market_return__M6_only__p0.05_ic0.03,train,
MOEXFN,rate_emb,14,0.093862,-0.002627,0.065545,True,False,True,embedding_raw__market_return__M6_only__p0.05_ic0.03,train,
MOEXFN,rate_emb,30,0.458781,0.000671,0.052017,True,False,True,embedding_raw__market_return__M6_only__p0.05_ic0.03,train,
MOEXFN,ruble_emb,1,0.405146,0.001255,0.059985,True,False,True,embedding_raw__market_return__M6_only__p0.05_ic0.03,train,
MOEXFN,ruble_emb,7,0.918405,0.000156,0.044839,True,False,True,embedding_raw__market_return__M6_only__p0.05_ic0.03,train,
MOEXFN,ruble_emb,14,0.926812,-0.000149,0.030718,True,False,True,embedding_raw__market_return__M6_only__p0.05_ic0.03,train,
MOEXFN,sanctions_emb,1,0.554458,-0.000819,0.100277,True,False,True,embedding_raw__market_return__M6_only__p0.05_ic0.03,train,
MOEXFN,sanctions_emb,7,0.267517,0.001598,0.068473,True,False,True,embedding_raw__market_return__M6_only__p0.05_ic0.03,train,
MOEXFN,sanctions_emb,30,0.679389,-0.000371,0.066677,True,False,True,embedding_raw__market_return__M6_only__p0.05_ic0.03,train,
MOEXFN,inflation_emb,14,0.83032,-0.000341,0.079594,True,False,True,embedding_raw__market_return__M6_only__p0.05_ic0.03,train,
MOEXFN,banking_emb,1,0.423488,0.001197,0.040332,True,False,True,embedding_raw__market_return__M6_only__p0.05_ic0.03,train,
MOEXFN,banking_emb,7,0.935444,-0.000126,0.063584,True,False,True,embedding_raw__market_return__M6_only__p0.05_ic0.03,train,
MOEXFN,banking_emb,30,0.851685,0.00016,0.059966,True,False,True,embedding_raw__market_return__M6_only__p0.05_ic0.03,train,
MOEXFN,gold_emb,1,0.889655,-0.0002,0.088033,True,False,True,embedding_raw__market_return__M6_only__p0.05_ic0.03,train,
MOEXFN,gold_emb,7,0.346687,-0.001352,0.079588,True,False,True,embedding_raw__market_return__M6_only__p0.05_ic0.03,train,
MOEXFN,gold_emb,14,0.376298,-0.001354,0.040619,True,False,True,embedding_raw__market_return__M6_only__p0.05_ic0.03,train,
MOEXFN,gold_emb,30,0.265373,0.000946,0.039061,True,False,True,embedding_raw__market_return__M6_only__p0.05_ic0.03,train,
MOEXOG,oil_emb,1,0.663837,0.000519,0.042697,True,False,True,embedding_raw__market_return__M6_only__p0.05_ic0.03,train,
MOEXOG,oil_emb,7,0.055156,0.002519,0.038291,True,False,True,embedding_raw__market_return__M6_only__p0.05_ic0.03,train,
MOEXOG,rate_emb,1,0.046574,-0.002652,0.048781,True,True,True,embedding_raw__market_return__M6_only__p0.05_ic0.03,train,
MOEXOG,rate_emb,14,0.568977,-0.000829,0.084677,True,False,True,embedding_raw__market_return__M6_only__p0.05_ic0.03,train,
MOEXOG,rate_emb,30,0.471952,0.000564,0.122667,True,False,True,embedding_raw__market_return__M6_only__p0.05_ic0.03,train,
MOEXOG,ruble_emb,1,0.328075,0.001336,0.049586,True,False,True,embedding_raw__market_return__M6_only__p0.05_ic0.03,train,
MOEXOG,ruble_emb,7,0.635605,-0.000662,0.082565,True,False,True,embedding_raw__market_return__M6_only__p0.05_ic0.03,train,
MOEXOG,ruble_emb,14,0.789081,0.000397,0.047868,True,False,True,embedding_raw__market_return__M6_only__p0.05_ic0.03,train,
MOEXOG,sanctions_emb,1,0.351673,-0.001174,0.126167,True,False,True,embedding_raw__market_return__M6_only__p0.05_ic0.03,train,
MOEXOG,sanctions_emb,7,0.51118,0.000884,0.111314,True,False,True,embedding_raw__market_return__M6_only__p0.05_ic0.03,train,
MOEXOG,sanctions_emb,30,0.582134,-0.000441,0.078789,True,False,True,embedding_raw__market_return__M6_only__p0.05_ic0.03,train,
MOEXOG,inflation_emb,30,0.521465,0.000474,0.032254,True,False,True,embedding_raw__market_return__M6_only__p0.05_ic0.03,train,
MOEXOG,banking_emb,7,0.974456,-4.6e-05,0.063729,True,False,True,embedding_raw__market_return__M6_only__p0.05_ic0.03,train,
MOEXOG,gold_emb,7,0.298097,-0.001392,0.051978,True,False,True,embedding_raw__market_return__M6_only__p0.05_ic0.03,train,
MOEXOG,gold_emb,14,0.496599,-0.000956,0.045147,True,False,True,embedding_raw__market_return__M6_only__p0.05_ic0.03,train,
MOEX10,oil_emb,7,0.131902,0.001846,0.035734,True,False,True,embedding_raw__market_return__M6_only__p0.05_ic0.03,train,
MOEX10,oil_emb,30,0.182806,-0.000963,0.057259,True,False,True,embedding_raw__market_return__M6_only__p0.05_ic0.03,train,
MOEX10,rate_emb,1,0.078313,-0.002227,0.052645,True,False,True,embedding_raw__market_return__M6_only__p0.05_ic0.03,train,
MOEX10,rate_emb,7,0.215924,0.001619,0.071365,True,False,True,embedding_raw__market_return__M6_only__p0.05_ic0.03,train,
MOEX10,rate_emb,14,0.469113,-0.000988,0.049482,True,False,True,embedding_raw__market_return__M6_only__p0.05_ic0.03,train,
MOEX10,rate_emb,30,0.747728,0.000242,0.064238,True,False,True,embedding_raw__market_return__M6_only__p0.05_ic0.03,train,
MOEX10,ruble_emb,1,0.315539,0.001301,0.036164,True,False,True,embedding_raw__market_return__M6_only__p0.05_ic0.03,train,
MOEX10,ruble_emb,14,0.850655,0.000263,0.038187,True,False,True,embedding_raw__market_return__M6_only__p0.05_ic0.03,train,
MOEX10,sanctions_emb,1,0.478036,-0.000848,0.113898,True,False,True,embedding_raw__market_return__M6_only__p0.05_ic0.03,train,
MOEX10,inflation_emb,1,0.160536,-0.001734,0.035052,True,False,True,embedding_raw__market_return__M6_only__p0.05_ic0.03,train,
MOEX10,inflation_emb,14,0.933127,0.000115,0.076962,True,False,True,embedding_raw__market_return__M6_only__p0.05_ic0.03,train,
MOEX10,banking_emb,7,0.98009,-3.4e-05,0.063921,True,False,True,embedding_raw__market_return__M6_only__p0.05_ic0.03,train,
MOEX10,banking_emb,14,0.878657,0.00021,0.044725,True,False,True,embedding_raw__market_return__M6_only__p0.05_ic0.03,train,
MOEX10,gold_emb,1,0.667059,-0.000533,0.050334,True,False,True,embedding_raw__market_return__M6_only__p0.05_ic0.03,train,
MOEX10,gold_emb,7,0.148295,-0.001813,0.115299,True,False,True,embedding_raw__market_return__M6_only__p0.05_ic0.03,train,
MOEX10,gold_emb,30,0.324964,0.0007,0.073118,True,False,True,embedding_raw__market_return__M6_only__p0.05_ic0.03,train,
SP500,oil_emb,30,0.815144,-9.8e-05,0.089876,True,False,True,embedding_raw__market_return__M6_only__p0.05_ic0.03,val,
SP500,ruble_emb,14,0.88354,8.4e-05,0.056103,True,False,True,embedding_raw__market_return__M6_only__p0.05_ic0.03,val,
SP500,sanctions_emb,14,0.56003,0.000335,0.06811,True,False,True,embedding_raw__market_return__M6_only__p0.05_ic0.03,val,
SP500,inflation_emb,1,0.731177,0.000182,0.079151,True,False,True,embedding_raw__market_return__M6_only__p0.05_ic0.03,val,
SP500,inflation_emb,7,0.102429,0.000904,0.058558,True,False,True,embedding_raw__market_return__M6_only__p0.05_ic0.03,val,
SP500,inflation_emb,30,0.324311,-0.000392,0.042703,True,False,True,embedding_raw__market_return__M6_only__p0.05_ic0.03,val,
SP500,gold_emb,14,0.965461,-2.5e-05,0.031341,True,False,True,embedding_raw__market_return__M6_only__p0.05_ic0.03,val,
USD_RUB,oil_emb,1,0.455722,-0.000533,0.059498,True,False,True,embedding_raw__market_return__M6_only__p0.05_ic0.03,val,
USD_RUB,oil_emb,30,0.651219,-0.000212,0.064764,True,False,True,embedding_raw__market_return__M6_only__p0.05_ic0.03,val,
USD_RUB,rate_emb,1,0.545593,-0.00043,0.052091,True,False,True,embedding_raw__market_return__M6_only__p0.05_ic0.03,val,
USD_RUB,rate_emb,7,0.758425,0.000227,0.071991,True,False,True,embedding_raw__market_return__M6_only__p0.05_ic0.03,val,
USD_RUB,rate_emb,30,0.572172,-0.000258,0.091473,True,False,True,embedding_raw__market_return__M6_only__p0.05_ic0.03,val,
USD_RUB,ruble_emb,7,0.546387,0.000453,0.037548,True,False,True,embedding_raw__market_return__M6_only__p0.05_ic0.03,val,
USD_RUB,ruble_emb,14,0.824547,0.000175,0.077824,True,False,True,embedding_raw__market_return__M6_only__p0.05_ic0.03,val,
USD_RUB,sanctions_emb,7,0.902255,-8.9e-05,0.061702,True,False,True,embedding_raw__market_return__M6_only__p0.05_ic0.03,val,
USD_RUB,inflation_emb,7,0.381736,0.000644,0.098649,True,False,True,embedding_raw__market_return__M6_only__p0.05_ic0.03,val,
USD_RUB,banking_emb,1,0.990328,8e-06,0.09401,True,False,True,embedding_raw__market_return__M6_only__p0.05_ic0.03,val,
USD_RUB,banking_emb,30,0.22096,0.000618,0.048483,True,False,True,embedding_raw__market_return__M6_only__p0.05_ic0.03,val,
USD_RUB,gold_emb,7,0.492459,0.000481,0.068399,True,False,True,embedding_raw__market_return__M6_only__p0.05_ic0.03,val,
EUR_RUB,oil_emb,1,0.455722,-0.000533,0.059498,True,False,True,embedding_raw__market_return__M6_only__p0.05_ic0.03,val,
EUR_RUB,oil_emb,30,0.651219,-0.000212,0.064764,True,False,True,embedding_raw__market_return__M6_only__p0.05_ic0.03,val,
EUR_RUB,rate_emb,1,0.545593,-0.00043,0.052091,True,False,True,embedding_raw__market_return__M6_only__p0.05_ic0.03,val,
EUR_RUB,rate_emb,7,0.758425,0.000227,0.071991,True,False,True,embedding_raw__market_return__M6_only__p0.05_ic0.03,val,
EUR_RUB,rate_emb,30,0.572172,-0.000258,0.091473,True,False,True,embedding_raw__market_return__M6_only__p0.05_ic0.03,val,
EUR_RUB,ruble_emb,7,0.546387,0.000453,0.037548,True,False,True,embedding_raw__market_return__M6_only__p0.05_ic0.03,val,
EUR_RUB,ruble_emb,14,0.824547,0.000175,0.077824,True,False,True,embedding_raw__market_return__M6_only__p0.05_ic0.03,val,
EUR_RUB,sanctions_emb,7,0.902255,-8.9e-05,0.061702,True,False,True,embedding_raw__market_return__M6_only__p0.05_ic0.03,val,
EUR_RUB,inflation_emb,7,0.381736,0.000644,0.098649,True,False,True,embedding_raw__market_return__M6_only__p0.05_ic0.03,val,
EUR_RUB,banking_emb,1,0.990328,8e-06,0.09401,True,False,True,embedding_raw__market_return__M6_only__p0.05_ic0.03,val,
EUR_RUB,banking_emb,30,0.22096,0.000618,0.048483,True,False,True,embedding_raw__market_return__M6_only__p0.05_ic0.03,val,
EUR_RUB,gold_emb,7,0.492459,0.000481,0.068399,True,False,True,embedding_raw__market_return__M6_only__p0.05_ic0.03,val,
DJ_SOUTH_AFRICA,oil_emb,14,0.026323,0.001262,0.091105,True,True,True,embedding_raw__market_return__M6_only__p0.05_ic0.03,val,
DJ_SOUTH_AFRICA,oil_emb,30,0.343433,0.000336,0.079725,True,False,True,embedding_raw__market_return__M6_only__p0.05_ic0.03,val,
DJ_SOUTH_AFRICA,rate_emb,1,0.982177,1.2e-05,0.08112,True,False,True,embedding_raw__market_return__M6_only__p0.05_ic0.03,val,
DJ_SOUTH_AFRICA,rate_emb,14,0.929111,5.2e-05,0.127712,True,False,True,embedding_raw__market_return__M6_only__p0.05_ic0.03,val,
DJ_SOUTH_AFRICA,rate_emb,30,0.647086,0.000151,0.08995,True,False,True,embedding_raw__market_return__M6_only__p0.05_ic0.03,val,
DJ_SOUTH_AFRICA,ruble_emb,1,0.984075,-1.1e-05,0.037478,True,False,True,embedding_raw__market_return__M6_only__p0.05_ic0.03,val,
DJ_SOUTH_AFRICA,sanctions_emb,7,0.206474,0.00068,0.034492,True,False,True,embedding_raw__market_return__M6_only__p0.05_ic0.03,val,
DJ_SOUTH_AFRICA,sanctions_emb,14,0.951023,-3.5e-05,0.032552,True,False,True,embedding_raw__market_return__M6_only__p0.05_ic0.03,val,
DJ_SOUTH_AFRICA,inflation_emb,14,0.763462,0.000173,0.036728,True,False,True,embedding_raw__market_return__M6_only__p0.05_ic0.03,val,
DJ_SOUTH_AFRICA,inflation_emb,30,0.966701,-1.3e-05,0.031737,True,False,True,embedding_raw__market_return__M6_only__p0.05_ic0.03,val,
DJ_SOUTH_AFRICA,banking_emb,14,0.446404,-0.000437,0.076104,True,False,True,embedding_raw__market_return__M6_only__p0.05_ic0.03,val,
DJ_SOUTH_AFRICA,gold_emb,7,0.605321,-0.000267,0.043501,True,False,True,embedding_raw__market_return__M6_only__p0.05_ic0.03,val,
MSCI_WORLD,oil_emb,14,0.231761,0.000613,0.037037,True,False,True,embedding_raw__market_return__M6_only__p0.05_ic0.03,val,
MSCI_WORLD,rate_emb,1,0.831327,-0.000102,0.044675,True,False,True,embedding_raw__market_return__M6_only__p0.05_ic0.03,val,
MSCI_WORLD,rate_emb,7,0.414867,-0.000406,0.064811,True,False,True,embedding_raw__market_return__M6_only__p0.05_ic0.03,val,
MSCI_WORLD,rate_emb,30,0.388695,-0.00026,0.047338,True,False,True,embedding_raw__market_return__M6_only__p0.05_ic0.03,val,
MSCI_WORLD,inflation_emb,1,0.854523,8.8e-05,0.035177,True,False,True,embedding_raw__market_return__M6_only__p0.05_ic0.03,val,
MSCI_WORLD,inflation_emb,30,0.88199,4.7e-05,0.04056,True,False,True,embedding_raw__market_return__M6_only__p0.05_ic0.03,val,
MSCI_WORLD,banking_emb,7,0.500905,0.00033,0.049231,True,False,True,embedding_raw__market_return__M6_only__p0.05_ic0.03,val,
MSCI_WORLD,gold_emb,14,0.445366,0.000388,0.110894,True,False,True,embedding_raw__market_return__M6_only__p0.05_ic0.03,val,
DXY,rate_emb,1,0.154002,0.000321,0.071297,True,False,True,embedding_raw__market_return__M6_only__p0.05_ic0.03,val,
DXY,rate_emb,14,0.604048,-0.00013,0.035841,True,False,True,embedding_raw__market_return__M6_only__p0.05_ic0.03,val,
DXY,rate_emb,30,0.566689,-7.5e-05,0.059771,True,False,True,embedding_raw__market_return__M6_only__p0.05_ic0.03,val,
DXY,ruble_emb,7,0.370594,0.000208,0.060272,True,False,True,embedding_raw__market_return__M6_only__p0.05_ic0.03,val,
DXY,ruble_emb,30,0.756545,-4e-05,0.036409,True,False,True,embedding_raw__market_return__M6_only__p0.05_ic0.03,val,
DXY,sanctions_emb,1,0.356804,0.00021,0.056559,True,False,True,embedding_raw__market_return__M6_only__p0.05_ic0.03,val,
DXY,sanctions_emb,7,0.494285,-0.000155,0.050633,True,False,True,embedding_raw__market_return__M6_only__p0.05_ic0.03,val,
DXY,sanctions_emb,14,0.777229,-7e-05,0.083545,True,False,True,embedding_raw__market_return__M6_only__p0.05_ic0.03,val,
DXY,sanctions_emb,30,0.836759,-3e-05,0.039171,True,False,True,embedding_raw__market_return__M6_only__p0.05_ic0.03,val,
DXY,inflation_emb,7,0.902806,-2.9e-05,0.058432,True,False,True,embedding_raw__market_return__M6_only__p0.05_ic0.03,val,
DXY,inflation_emb,30,0.50735,7.9e-05,0.052901,True,False,True,embedding_raw__market_return__M6_only__p0.05_ic0.03,val,
DXY,banking_emb,1,0.127245,-0.000335,0.034992,True,False,True,embedding_raw__market_return__M6_only__p0.05_ic0.03,val,
DXY,banking_emb,7,0.952364,1.4e-05,0.106716,True,False,True,embedding_raw__market_return__M6_only__p0.05_ic0.03,val,
DXY,gold_emb,7,0.986989,4e-06,0.07598,True,False,True,embedding_raw__market_return__M6_only__p0.05_ic0.03,val,
DXY,gold_emb,30,0.786948,-3.9e-05,0.061866,True,False,True,embedding_raw__market_return__M6_only__p0.05_ic0.03,val,
BRENT,oil_emb,14,0.126974,-0.001487,0.031972,True,False,True,embedding_raw__market_return__M6_only__p0.05_ic0.03,val,
BRENT,oil_emb,30,0.82006,0.000112,0.058426,True,False,True,embedding_raw__market_return__M6_only__p0.05_ic0.03,val,
BRENT,rate_emb,7,0.965672,-4e-05,0.058006,True,False,True,embedding_raw__market_return__M6_only__p0.05_ic0.03,val,
BRENT,rate_emb,30,0.99921,1e-06,0.113535,True,False,True,embedding_raw__market_return__M6_only__p0.05_ic0.03,val,
BRENT,ruble_emb,1,0.653997,-0.000412,0.040766,True,False,True,embedding_raw__market_return__M6_only__p0.05_ic0.03,val,
BRENT,ruble_emb,7,0.273113,-0.00104,0.038572,True,False,True,embedding_raw__market_return__M6_only__p0.05_ic0.03,val,
BRENT,ruble_emb,14,0.672415,0.000406,0.051214,True,False,True,embedding_raw__market_return__M6_only__p0.05_ic0.03,val,
BRENT,ruble_emb,30,0.726368,-0.000185,0.04385,True,False,True,embedding_raw__market_return__M6_only__p0.05_ic0.03,val,
BRENT,inflation_emb,30,0.513574,-0.000331,0.060271,True,False,True,embedding_raw__market_return__M6_only__p0.05_ic0.03,val,
BRENT,gold_emb,30,0.6496,0.000299,0.04486,True,False,True,embedding_raw__market_return__M6_only__p0.05_ic0.03,val,
MSCI_INDIA,oil_emb,1,0.510013,0.000358,0.039955,True,False,True,embedding_raw__market_return__M6_only__p0.05_ic0.03,val,
MSCI_INDIA,oil_emb,30,0.909777,3.7e-05,0.040496,True,False,True,embedding_raw__market_return__M6_only__p0.05_ic0.03,val,
MSCI_INDIA,rate_emb,1,0.478259,0.000383,0.036633,True,False,True,embedding_raw__market_return__M6_only__p0.05_ic0.03,val,
MSCI_INDIA,rate_emb,30,0.935711,2.8e-05,0.073342,True,False,True,embedding_raw__market_return__M6_only__p0.05_ic0.03,val,
MSCI_INDIA,ruble_emb,7,0.102295,-0.0009,0.048115,True,False,True,embedding_raw__market_return__M6_only__p0.05_ic0.03,val,
MSCI_INDIA,ruble_emb,30,0.859172,6.1e-05,0.055391,True,False,True,embedding_raw__market_return__M6_only__p0.05_ic0.03,val,
MSCI_INDIA,inflation_emb,7,0.45182,0.000424,0.096325,True,False,True,embedding_raw__market_return__M6_only__p0.05_ic0.03,val,
MSCI_INDIA,inflation_emb,14,0.247809,0.000678,0.075175,True,False,True,embedding_raw__market_return__M6_only__p0.05_ic0.03,val,
MSCI_INDIA,banking_emb,1,0.185878,-0.000695,0.092348,True,False,True,embedding_raw__market_return__M6_only__p0.05_ic0.03,val,
MSCI_INDIA,banking_emb,7,0.813294,-0.00013,0.042485,True,False,True,embedding_raw__market_return__M6_only__p0.05_ic0.03,val,
MSCI_INDIA,banking_emb,30,0.761279,-0.000101,0.113238,True,False,True,embedding_raw__market_return__M6_only__p0.05_ic0.03,val,
MSCI_INDIA,gold_emb,7,0.656661,-0.000234,0.045014,True,False,True,embedding_raw__market_return__M6_only__p0.05_ic0.03,val,
MSCI_INDIA,gold_emb,30,0.698161,0.000155,0.034513,True,False,True,embedding_raw__market_return__M6_only__p0.05_ic0.03,val,
CHINA_H_SHARES,oil_emb,1,0.235917,0.001325,0.060762,True,False,True,embedding_raw__market_return__M6_only__p0.05_ic0.03,val,
CHINA_H_SHARES,oil_emb,30,0.685753,-0.000279,0.111306,True,False,True,embedding_raw__market_return__M6_only__p0.05_ic0.03,val,
CHINA_H_SHARES,rate_emb,7,0.450249,0.000886,0.035394,True,False,True,embedding_raw__market_return__M6_only__p0.05_ic0.03,val,
CHINA_H_SHARES,rate_emb,14,0.664918,-0.000535,0.033099,True,False,True,embedding_raw__market_return__M6_only__p0.05_ic0.03,val,
CHINA_H_SHARES,ruble_emb,7,0.509818,0.000775,0.089176,True,False,True,embedding_raw__market_return__M6_only__p0.05_ic0.03,val,
CHINA_H_SHARES,ruble_emb,14,0.83785,-0.000247,0.12804,True,False,True,embedding_raw__market_return__M6_only__p0.05_ic0.03,val,
CHINA_H_SHARES,sanctions_emb,1,0.344211,0.001063,0.047438,True,False,True,embedding_raw__market_return__M6_only__p0.05_ic0.03,val,
CHINA_H_SHARES,sanctions_emb,7,0.101729,-0.001851,0.057183,True,False,True,embedding_raw__market_return__M6_only__p0.05_ic0.03,val,
CHINA_H_SHARES,sanctions_emb,30,0.595526,0.000312,0.089673,True,False,True,embedding_raw__market_return__M6_only__p0.05_ic0.03,val,
CHINA_H_SHARES,inflation_emb,7,0.892597,0.000156,0.05342,True,False,True,embedding_raw__market_return__M6_only__p0.05_ic0.03,val,
CHINA_H_SHARES,inflation_emb,14,0.306967,0.001221,0.037947,True,False,True,embedding_raw__market_return__M6_only__p0.05_ic0.03,val,
CHINA_H_SHARES,inflation_emb,30,0.766281,0.000163,0.125782,True,False,True,embedding_raw__market_return__M6_only__p0.05_ic0.03,val,
CHINA_H_SHARES,gold_emb,7,0.259791,-0.001225,0.101756,True,False,True,embedding_raw__market_return__M6_only__p0.05_ic0.03,val,
CHINA_H_SHARES,gold_emb,14,0.46426,-0.00086,0.074496,True,False,True,embedding_raw__market_return__M6_only__p0.05_ic0.03,val,
CHINA_H_SHARES,gold_emb,30,0.523938,-0.000425,0.05754,True,False,True,embedding_raw__market_return__M6_only__p0.05_ic0.03,val,
FTSE_CHINA_50,oil_emb,14,0.113771,0.001882,0.045643,True,False,True,embedding_raw__market_return__M6_only__p0.05_ic0.03,val,
FTSE_CHINA_50,oil_emb,30,0.888841,-8.5e-05,0.082072,True,False,True,embedding_raw__market_return__M6_only__p0.05_ic0.03,val,
FTSE_CHINA_50,rate_emb,1,0.159187,-0.001557,0.040201,True,False,True,embedding_raw__market_return__M6_only__p0.05_ic0.03,val,
FTSE_CHINA_50,rate_emb,14,0.482912,-0.000862,0.053498,True,False,True,embedding_raw__market_return__M6_only__p0.05_ic0.03,val,
FTSE_CHINA_50,ruble_emb,14,0.670782,-0.000511,0.06349,True,False,True,embedding_raw__market_return__M6_only__p0.05_ic0.03,val,
FTSE_CHINA_50,sanctions_emb,7,0.43794,-0.000862,0.050068,True,False,True,embedding_raw__market_return__M6_only__p0.05_ic0.03,val,
FTSE_CHINA_50,sanctions_emb,30,0.714254,0.000214,0.056046,True,False,True,embedding_raw__market_return__M6_only__p0.05_ic0.03,val,
FTSE_CHINA_50,inflation_emb,7,0.564773,0.000669,0.039709,True,False,True,embedding_raw__market_return__M6_only__p0.05_ic0.03,val,
FTSE_CHINA_50,inflation_emb,14,0.374359,0.001077,0.095494,True,False,True,embedding_raw__market_return__M6_only__p0.05_ic0.03,val,
FTSE_CHINA_50,banking_emb,1,0.591379,-0.000583,0.049397,True,False,True,embedding_raw__market_return__M6_only__p0.05_ic0.03,val,
FTSE_CHINA_50,gold_emb,7,0.238382,-0.001285,0.069144,True,False,True,embedding_raw__market_return__M6_only__p0.05_ic0.03,val,
FTSE_CHINA_50,gold_emb,14,0.76178,0.000356,0.093023,True,False,True,embedding_raw__market_return__M6_only__p0.05_ic0.03,val,
FTSE_CHINA_50,gold_emb,30,0.652137,-0.000287,0.074191,True,False,True,embedding_raw__market_return__M6_only__p0.05_ic0.03,val,
GOLD,rate_emb,30,0.994734,2e-06,0.111194,True,False,True,embedding_raw__market_return__M6_only__p0.05_ic0.03,val,
GOLD,inflation_emb,1,0.870445,0.000114,0.044421,True,False,True,embedding_raw__market_return__M6_only__p0.05_ic0.03,val,
GOLD,inflation_emb,7,0.838097,0.000148,0.13823,True,False,True,embedding_raw__market_return__M6_only__p0.05_ic0.03,val,
GOLD,inflation_emb,30,0.98375,5e-06,0.097226,True,False,True,embedding_raw__market_return__M6_only__p0.05_ic0.03,val,
GOLD,banking_emb,7,0.26115,0.000805,0.11547,True,False,True,embedding_raw__market_return__M6_only__p0.05_ic0.03,val,
GOLD,gold_emb,7,0.162365,-0.000984,0.063632,True,False,True,embedding_raw__market_return__M6_only__p0.05_ic0.03,val,
GOLD,gold_emb,14,0.872646,0.000129,0.031325,True,False,True,embedding_raw__market_return__M6_only__p0.05_ic0.03,val,
SILVER,oil_emb,7,0.421504,0.001104,0.079417,True,False,True,embedding_raw__market_return__M6_only__p0.05_ic0.03,val,
SILVER,oil_emb,14,0.429018,-0.001141,0.0371,True,False,True,embedding_raw__market_return__M6_only__p0.05_ic0.03,val,
SILVER,oil_emb,30,0.700412,-0.000196,0.132335,True,False,True,embedding_raw__market_return__M6_only__p0.05_ic0.03,val,
SILVER,rate_emb,7,0.531533,-0.000878,0.051113,True,False,True,embedding_raw__market_return__M6_only__p0.05_ic0.03,val,
SILVER,rate_emb,14,0.117252,0.002353,0.107365,True,False,True,embedding_raw__market_return__M6_only__p0.05_ic0.03,val,
SILVER,ruble_emb,7,0.732975,-0.000498,0.075757,True,False,True,embedding_raw__market_return__M6_only__p0.05_ic0.03,val,
SILVER,inflation_emb,1,0.635209,-0.000634,0.04479,True,False,True,embedding_raw__market_return__M6_only__p0.05_ic0.03,val,
SILVER,inflation_emb,30,0.631125,-0.000243,0.134151,True,False,True,embedding_raw__market_return__M6_only__p0.05_ic0.03,val,
SILVER,banking_emb,30,0.13128,-0.001216,0.058954,True,False,True,embedding_raw__market_return__M6_only__p0.05_ic0.03,val,
SILVER,gold_emb,14,0.558933,-0.0009,0.066139,True,False,True,embedding_raw__market_return__M6_only__p0.05_ic0.03,val,
SILVER,gold_emb,30,0.206065,-0.000922,0.109143,True,False,True,embedding_raw__market_return__M6_only__p0.05_ic0.03,val,
IMOEX,oil_emb,14,0.875795,-0.000124,0.074491,True,False,True,embedding_raw__market_return__M6_only__p0.05_ic0.03,val,
IMOEX,rate_emb,14,0.440004,-0.000656,0.141373,True,False,True,embedding_raw__market_return__M6_only__p0.05_ic0.03,val,
IMOEX,rate_emb,30,0.884047,-6.3e-05,0.110666,True,False,True,embedding_raw__market_return__M6_only__p0.05_ic0.03,val,
IMOEX,ruble_emb,1,0.493857,0.000532,0.068982,True,False,True,embedding_raw__market_return__M6_only__p0.05_ic0.03,val,
IMOEX,ruble_emb,7,0.837652,-0.000158,0.038376,True,False,True,embedding_raw__market_return__M6_only__p0.05_ic0.03,val,
IMOEX,ruble_emb,14,0.600039,-0.000443,0.068977,True,False,True,embedding_raw__market_return__M6_only__p0.05_ic0.03,val,
IMOEX,ruble_emb,30,0.516232,-0.000333,0.052975,True,False,True,embedding_raw__market_return__M6_only__p0.05_ic0.03,val,
IMOEX,sanctions_emb,1,0.347139,0.000732,0.053078,True,False,True,embedding_raw__market_return__M6_only__p0.05_ic0.03,val,
IMOEX,sanctions_emb,7,0.046656,0.001519,0.061285,True,True,True,embedding_raw__market_return__M6_only__p0.05_ic0.03,val,
IMOEX,inflation_emb,1,0.318138,0.000764,0.094124,True,False,True,embedding_raw__market_return__M6_only__p0.05_ic0.03,val,
IMOEX,banking_emb,7,0.972631,-2.6e-05,0.036575,True,False,True,embedding_raw__market_return__M6_only__p0.05_ic0.03,val,
MOEXFN,oil_emb,30,0.691696,0.000184,0.089819,True,False,True,embedding_raw__market_return__M6_only__p0.05_ic0.03,val,
MOEXFN,rate_emb,7,0.007714,-0.002326,0.069817,True,True,True,embedding_raw__market_return__M6_only__p0.05_ic0.03,val,
MOEXFN,rate_emb,14,0.458249,-0.000696,0.130275,True,False,True,embedding_raw__market_return__M6_only__p0.05_ic0.03,val,
MOEXFN,rate_emb,30,0.975409,-1.4e-05,0.067438,True,False,True,embedding_raw__market_return__M6_only__p0.05_ic0.03,val,
MOEXFN,ruble_emb,1,0.578344,0.000481,0.085991,True,False,True,embedding_raw__market_return__M6_only__p0.05_ic0.03,val,
MOEXFN,ruble_emb,7,0.931025,7.4e-05,0.040861,True,False,True,embedding_raw__market_return__M6_only__p0.05_ic0.03,val,
MOEXFN,ruble_emb,14,0.704026,-0.000355,0.074599,True,False,True,embedding_raw__market_return__M6_only__p0.05_ic0.03,val,
MOEXFN,sanctions_emb,1,0.192054,0.00113,0.032007,True,False,True,embedding_raw__market_return__M6_only__p0.05_ic0.03,val,
MOEXFN,sanctions_emb,30,0.709353,0.00021,0.116466,True,False,True,embedding_raw__market_return__M6_only__p0.05_ic0.03,val,
MOEXFN,banking_emb,1,0.005448,0.002277,0.061711,True,True,True,embedding_raw__market_return__M6_only__p0.05_ic0.03,val,
MOEXFN,banking_emb,7,0.601733,-0.000445,0.061006,True,False,True,embedding_raw__market_return__M6_only__p0.05_ic0.03,val,
MOEXFN,gold_emb,1,0.430075,0.00066,0.043067,True,False,True,embedding_raw__market_return__M6_only__p0.05_ic0.03,val,
MOEXFN,gold_emb,14,0.68913,0.000368,0.067066,True,False,True,embedding_raw__market_return__M6_only__p0.05_ic0.03,val,
MOEXFN,gold_emb,30,0.903161,-6.1e-05,0.043246,True,False,True,embedding_raw__market_return__M6_only__p0.05_ic0.03,val,
MOEXOG,oil_emb,7,0.839946,0.000161,0.076049,True,False,True,embedding_raw__market_return__M6_only__p0.05_ic0.03,val,
MOEXOG,rate_emb,1,0.145759,0.001154,0.072413,True,False,True,embedding_raw__market_return__M6_only__p0.05_ic0.03,val,
MOEXOG,rate_emb,14,0.432342,-0.00069,0.121439,True,False,True,embedding_raw__market_return__M6_only__p0.05_ic0.03,val,
MOEXOG,rate_emb,30,0.764159,-0.000143,0.091895,True,False,True,embedding_raw__market_return__M6_only__p0.05_ic0.03,val,
MOEXOG,ruble_emb,1,0.383166,0.0007,0.071718,True,False,True,embedding_raw__market_return__M6_only__p0.05_ic0.03,val,
MOEXOG,ruble_emb,7,0.596771,-0.000421,0.071136,True,False,True,embedding_raw__market_return__M6_only__p0.05_ic0.03,val,
MOEXOG,ruble_emb,14,0.54111,-0.000533,0.06931,True,False,True,embedding_raw__market_return__M6_only__p0.05_ic0.03,val,
MOEXOG,sanctions_emb,1,0.480155,0.000568,0.040287,True,False,True,embedding_raw__market_return__M6_only__p0.05_ic0.03,val,
MOEXOG,sanctions_emb,7,0.046284,0.00157,0.059806,True,True,True,embedding_raw__market_return__M6_only__p0.05_ic0.03,val,
MOEXOG,sanctions_emb,30,0.671866,0.000251,0.079043,True,False,True,embedding_raw__market_return__M6_only__p0.05_ic0.03,val,
MOEXOG,inflation_emb,30,0.695739,0.000146,0.126155,True,False,True,embedding_raw__market_return__M6_only__p0.05_ic0.03,val,
MOEXOG,banking_emb,7,0.817913,0.000183,0.073342,True,False,True,embedding_raw__market_return__M6_only__p0.05_ic0.03,val,
MOEXOG,gold_emb,14,0.674801,0.00036,0.030936,True,False,True,embedding_raw__market_return__M6_only__p0.05_ic0.03,val,
MOEX10,oil_emb,7,0.451941,0.000674,0.032499,True,False,True,embedding_raw__market_return__M6_only__p0.05_ic0.03,val,
MOEX10,oil_emb,30,0.548231,0.000313,0.099623,True,False,True,embedding_raw__market_return__M6_only__p0.05_ic0.03,val,
MOEX10,rate_emb,1,0.12718,0.001358,0.034711,True,False,True,embedding_raw__market_return__M6_only__p0.05_ic0.03,val,
MOEX10,rate_emb,14,0.378154,-0.000865,0.137478,True,False,True,embedding_raw__market_return__M6_only__p0.05_ic0.03,val,
MOEX10,rate_emb,30,0.87445,-8.3e-05,0.069914,True,False,True,embedding_raw__market_return__M6_only__p0.05_ic0.03,val,
MOEX10,ruble_emb,1,0.689948,0.000361,0.093387,True,False,True,embedding_raw__market_return__M6_only__p0.05_ic0.03,val,
MOEX10,ruble_emb,14,0.539645,-0.000604,0.075962,True,False,True,embedding_raw__market_return__M6_only__p0.05_ic0.03,val,
MOEX10,sanctions_emb,1,0.379279,0.000796,0.056831,True,False,True,embedding_raw__market_return__M6_only__p0.05_ic0.03,val,
MOEX10,inflation_emb,1,0.282059,0.000957,0.09652,True,False,True,embedding_raw__market_return__M6_only__p0.05_ic0.03,val,
MOEX10,inflation_emb,14,0.885856,-0.000139,0.036206,True,False,True,embedding_raw__market_return__M6_only__p0.05_ic0.03,val,
MOEX10,banking_emb,7,0.690607,-0.000356,0.056525,True,False,True,embedding_raw__market_return__M6_only__p0.05_ic0.03,val,
MOEX10,gold_emb,7,0.450348,-0.000646,0.084452,True,False,True,embedding_raw__market_return__M6_only__p0.05_ic0.03,val,
MOEX10,gold_emb,30,0.983285,1.2e-05,0.037532,True,False,True,embedding_raw__market_return__M6_only__p0.05_ic0.03,val,
SP500,oil_emb,30,0.73908,0.000172,0.073947,True,False,True,embedding_raw__abs_return__M6_only__p0.05_ic0.03,train,
SP500,ruble_emb,7,0.106072,-0.000801,0.066444,True,False,True,embedding_raw__abs_return__M6_only__p0.05_ic0.03,train,
SP500,ruble_emb,14,0.618696,0.000258,0.079561,True,False,True,embedding_raw__abs_return__M6_only__p0.05_ic0.03,train,
SP500,sanctions_emb,1,0.171343,-0.000619,0.053618,True,False,True,embedding_raw__abs_return__M6_only__p0.05_ic0.03,train,
SP500,sanctions_emb,7,0.091612,-0.000782,0.05529,True,False,True,embedding_raw__abs_return__M6_only__p0.05_ic0.03,train,
SP500,sanctions_emb,14,0.153408,0.000681,0.036015,True,False,True,embedding_raw__abs_return__M6_only__p0.05_ic0.03,train,
SP500,inflation_emb,1,0.940648,3.5e-05,0.048447,True,False,True,embedding_raw__abs_return__M6_only__p0.05_ic0.03,train,
SP500,inflation_emb,7,0.335525,-0.000457,0.101101,True,False,True,embedding_raw__abs_return__M6_only__p0.05_ic0.03,train,
SP500,inflation_emb,30,0.578819,0.000308,0.050648,True,False,True,embedding_raw__abs_return__M6_only__p0.05_ic0.03,train,
SP500,banking_emb,1,0.570939,-0.000279,0.031206,True,False,True,embedding_raw__abs_return__M6_only__p0.05_ic0.03,train,
SP500,gold_emb,14,0.446739,0.000371,0.07632,True,False,True,embedding_raw__abs_return__M6_only__p0.05_ic0.03,train,
USD_RUB,oil_emb,1,0.744781,-0.000369,0.051682,True,False,True,embedding_raw__abs_return__M6_only__p0.05_ic0.03,train,
USD_RUB,oil_emb,30,0.876771,-0.000211,0.088101,True,False,True,embedding_raw__abs_return__M6_only__p0.05_ic0.03,train,
USD_RUB,rate_emb,1,0.077029,-0.002229,0.032609,True,False,True,embedding_raw__abs_return__M6_only__p0.05_ic0.03,train,
USD_RUB,rate_emb,7,0.068034,0.002396,0.049934,True,False,True,embedding_raw__abs_return__M6_only__p0.05_ic0.03,train,
USD_RUB,rate_emb,30,0.5357,0.000824,0.06643,True,False,True,embedding_raw__abs_return__M6_only__p0.05_ic0.03,train,
USD_RUB,ruble_emb,7,0.712139,0.000496,0.119258,True,False,True,embedding_raw__abs_return__M6_only__p0.05_ic0.03,train,
USD_RUB,ruble_emb,14,0.054994,-0.002704,0.078562,True,False,True,embedding_raw__abs_return__M6_only__p0.05_ic0.03,train,
USD_RUB,sanctions_emb,7,0.412436,-0.000993,0.088527,True,False,True,embedding_raw__abs_return__M6_only__p0.05_ic0.03,train,
USD_RUB,inflation_emb,1,0.061581,-0.002289,0.075157,True,False,True,embedding_raw__abs_return__M6_only__p0.05_ic0.03,train,
USD_RUB,inflation_emb,7,0.870624,-0.000206,0.032703,True,False,True,embedding_raw__abs_return__M6_only__p0.05_ic0.03,train,
USD_RUB,inflation_emb,14,0.687673,-0.000541,0.034402,True,False,True,embedding_raw__abs_return__M6_only__p0.05_ic0.03,train,
USD_RUB,banking_emb,1,0.938866,-9.8e-05,0.092104,True,False,True,embedding_raw__abs_return__M6_only__p0.05_ic0.03,train,
USD_RUB,banking_emb,14,0.573989,0.000782,0.035247,True,False,True,embedding_raw__abs_return__M6_only__p0.05_ic0.03,train,
USD_RUB,banking_emb,30,0.825246,0.000314,0.048875,True,False,True,embedding_raw__abs_return__M6_only__p0.05_ic0.03,train,
USD_RUB,gold_emb,7,0.907728,0.000141,0.034863,True,False,True,embedding_raw__abs_return__M6_only__p0.05_ic0.03,train,
EUR_RUB,oil_emb,1,0.744781,-0.000369,0.051682,True,False,True,embedding_raw__abs_return__M6_only__p0.05_ic0.03,train,
EUR_RUB,oil_emb,30,0.876771,-0.000211,0.088101,True,False,True,embedding_raw__abs_return__M6_only__p0.05_ic0.03,train,
EUR_RUB,rate_emb,1,0.077029,-0.002229,0.032609,True,False,True,embedding_raw__abs_return__M6_only__p0.05_ic0.03,train,
EUR_RUB,rate_emb,7,0.068034,0.002396,0.049934,True,False,True,embedding_raw__abs_return__M6_only__p0.05_ic0.03,train,
EUR_RUB,rate_emb,30,0.5357,0.000824,0.06643,True,False,True,embedding_raw__abs_return__M6_only__p0.05_ic0.03,train,
EUR_RUB,ruble_emb,7,0.712139,0.000496,0.119258,True,False,True,embedding_raw__abs_return__M6_only__p0.05_ic0.03,train,
EUR_RUB,ruble_emb,14,0.054994,-0.002704,0.078562,True,False,True,embedding_raw__abs_return__M6_only__p0.05_ic0.03,train,
EUR_RUB,sanctions_emb,7,0.412436,-0.000993,0.088527,True,False,True,embedding_raw__abs_return__M6_only__p0.05_ic0.03,train,
EUR_RUB,inflation_emb,1,0.061581,-0.002289,0.075157,True,False,True,embedding_raw__abs_return__M6_only__p0.05_ic0.03,train,
EUR_RUB,inflation_emb,7,0.870624,-0.000206,0.032703,True,False,True,embedding_raw__abs_return__M6_only__p0.05_ic0.03,train,
EUR_RUB,inflation_emb,14,0.687673,-0.000541,0.034402,True,False,True,embedding_raw__abs_return__M6_only__p0.05_ic0.03,train,
EUR_RUB,banking_emb,1,0.938866,-9.8e-05,0.092104,True,False,True,embedding_raw__abs_return__M6_only__p0.05_ic0.03,train,
EUR_RUB,banking_emb,14,0.573989,0.000782,0.035247,True,False,True,embedding_raw__abs_return__M6_only__p0.05_ic0.03,train,
EUR_RUB,banking_emb,30,0.825246,0.000314,0.048875,True,False,True,embedding_raw__abs_return__M6_only__p0.05_ic0.03,train,
EUR_RUB,gold_emb,7,0.907728,0.000141,0.034863,True,False,True,embedding_raw__abs_return__M6_only__p0.05_ic0.03,train,
DJ_SOUTH_AFRICA,oil_emb,7,0.848511,-9.6e-05,0.037112,True,False,True,embedding_raw__abs_return__M6_only__p0.05_ic0.03,train,
DJ_SOUTH_AFRICA,oil_emb,14,0.549773,-0.000317,0.092734,True,False,True,embedding_raw__abs_return__M6_only__p0.05_ic0.03,train,
DJ_SOUTH_AFRICA,oil_emb,30,0.077848,-0.00107,0.031231,True,False,True,embedding_raw__abs_return__M6_only__p0.05_ic0.03,train,
DJ_SOUTH_AFRICA,rate_emb,1,0.063782,0.000971,0.031769,True,False,True,embedding_raw__abs_return__M6_only__p0.05_ic0.03,train,
DJ_SOUTH_AFRICA,rate_emb,14,0.489302,-0.000389,0.117387,True,False,True,embedding_raw__abs_return__M6_only__p0.05_ic0.03,train,
DJ_SOUTH_AFRICA,rate_emb,30,0.46744,0.000453,0.056931,True,False,True,embedding_raw__abs_return__M6_only__p0.05_ic0.03,train,
DJ_SOUTH_AFRICA,ruble_emb,1,0.522898,0.000341,0.060351,True,False,True,embedding_raw__abs_return__M6_only__p0.05_ic0.03,train,
DJ_SOUTH_AFRICA,ruble_emb,7,0.138017,-0.000822,0.03321,True,False,True,embedding_raw__abs_return__M6_only__p0.05_ic0.03,train,
DJ_SOUTH_AFRICA,ruble_emb,30,0.610379,0.000329,0.05554,True,False,True,embedding_raw__abs_return__M6_only__p0.05_ic0.03,train,
DJ_SOUTH_AFRICA,sanctions_emb,7,0.037742,0.001053,0.060868,True,True,True,embedding_raw__abs_return__M6_only__p0.05_ic0.03,train,
DJ_SOUTH_AFRICA,sanctions_emb,14,0.657777,0.000238,0.050714,True,False,True,embedding_raw__abs_return__M6_only__p0.05_ic0.03,train,
DJ_SOUTH_AFRICA,sanctions_emb,30,0.439886,-0.000466,0.074345,True,False,True,embedding_raw__abs_return__M6_only__p0.05_ic0.03,train,
DJ_SOUTH_AFRICA,inflation_emb,1,0.707039,-0.000191,0.043169,True,False,True,embedding_raw__abs_return__M6_only__p0.05_ic0.03,train,
DJ_SOUTH_AFRICA,inflation_emb,7,0.153715,0.000748,0.052013,True,False,True,embedding_raw__abs_return__M6_only__p0.05_ic0.03,train,
DJ_SOUTH_AFRICA,inflation_emb,14,0.72405,-0.000196,0.056058,True,False,True,embedding_raw__abs_return__M6_only__p0.05_ic0.03,train,
DJ_SOUTH_AFRICA,inflation_emb,30,0.876259,-9.4e-05,0.053521,True,False,True,embedding_raw__abs_return__M6_only__p0.05_ic0.03,train,
DJ_SOUTH_AFRICA,banking_emb,14,0.587686,0.000307,0.04691,True,False,True,embedding_raw__abs_return__M6_only__p0.05_ic0.03,train,
DJ_SOUTH_AFRICA,gold_emb,7,0.556691,0.000304,0.035532,True,False,True,embedding_raw__abs_return__M6_only__p0.05_ic0.03,train,
DJ_SOUTH_AFRICA,gold_emb,14,0.200906,0.000695,0.080719,True,False,True,embedding_raw__abs_return__M6_only__p0.05_ic0.03,train,
DJ_SOUTH_AFRICA,gold_emb,30,0.007642,-0.0016,0.04253,True,True,True,embedding_raw__abs_return__M6_only__p0.05_ic0.03,train,
MSCI_WORLD,oil_emb,14,0.922752,-4.8e-05,0.030243,True,False,True,embedding_raw__abs_return__M6_only__p0.05_ic0.03,train,
MSCI_WORLD,rate_emb,1,0.957388,-2.7e-05,0.032832,True,False,True,embedding_raw__abs_return__M6_only__p0.05_ic0.03,train,
MSCI_WORLD,rate_emb,7,0.123572,0.000805,0.049216,True,False,True,embedding_raw__abs_return__M6_only__p0.05_ic0.03,train,
MSCI_WORLD,rate_emb,30,0.077199,0.001064,0.042409,True,False,True,embedding_raw__abs_return__M6_only__p0.05_ic0.03,train,
MSCI_WORLD,sanctions_emb,1,0.945888,3.2e-05,0.049447,True,False,True,embedding_raw__abs_return__M6_only__p0.05_ic0.03,train,
MSCI_WORLD,sanctions_emb,7,0.866121,-8.2e-05,0.037812,True,False,True,embedding_raw__abs_return__M6_only__p0.05_ic0.03,train,
MSCI_WORLD,inflation_emb,1,0.744126,-0.00016,0.044131,True,False,True,embedding_raw__abs_return__M6_only__p0.05_ic0.03,train,
MSCI_WORLD,inflation_emb,7,0.633474,-0.000241,0.03402,True,False,True,embedding_raw__abs_return__M6_only__p0.05_ic0.03,train,
MSCI_WORLD,inflation_emb,14,0.794847,0.000138,0.063526,True,False,True,embedding_raw__abs_return__M6_only__p0.05_ic0.03,train,
MSCI_WORLD,inflation_emb,30,0.804935,-0.000146,0.033332,True,False,True,embedding_raw__abs_return__M6_only__p0.05_ic0.03,train,
MSCI_WORLD,banking_emb,1,0.383609,0.000447,0.037824,True,False,True,embedding_raw__abs_return__M6_only__p0.05_ic0.03,train,
MSCI_WORLD,banking_emb,7,0.788957,0.000142,0.094496,True,False,True,embedding_raw__abs_return__M6_only__p0.05_ic0.03,train,
MSCI_WORLD,gold_emb,7,0.87572,-7.6e-05,0.097622,True,False,True,embedding_raw__abs_return__M6_only__p0.05_ic0.03,train,
MSCI_WORLD,gold_emb,14,0.794992,-0.000134,0.115868,True,False,True,embedding_raw__abs_return__M6_only__p0.05_ic0.03,train,
MSCI_WORLD,gold_emb,30,0.498568,-0.000396,0.101084,True,False,True,embedding_raw__abs_return__M6_only__p0.05_ic0.03,train,
DXY,oil_emb,1,0.373361,0.000195,0.072864,True,False,True,embedding_raw__abs_return__M6_only__p0.05_ic0.03,train,
DXY,rate_emb,1,0.831832,5.2e-05,0.039019,True,False,True,embedding_raw__abs_return__M6_only__p0.05_ic0.03,train,
DXY,rate_emb,14,0.019662,0.000614,0.076742,True,True,True,embedding_raw__abs_return__M6_only__p0.05_ic0.03,train,
DXY,rate_emb,30,0.762204,8.8e-05,0.097559,True,False,True,embedding_raw__abs_return__M6_only__p0.05_ic0.03,train,
DXY,ruble_emb,7,0.691255,0.000103,0.059216,True,False,True,embedding_raw__abs_return__M6_only__p0.05_ic0.03,train,
DXY,ruble_emb,14,0.838181,-5.6e-05,0.053431,True,False,True,embedding_raw__abs_return__M6_only__p0.05_ic0.03,train,
DXY,ruble_emb,30,0.902268,3.7e-05,0.062906,True,False,True,embedding_raw__abs_return__M6_only__p0.05_ic0.03,train,
DXY,sanctions_emb,1,0.96457,1e-05,0.049387,True,False,True,embedding_raw__abs_return__M6_only__p0.05_ic0.03,train,
DXY,sanctions_emb,7,0.601837,-0.000125,0.047465,True,False,True,embedding_raw__abs_return__M6_only__p0.05_ic0.03,train,
DXY,sanctions_emb,14,0.362393,0.000231,0.051651,True,False,True,embedding_raw__abs_return__M6_only__p0.05_ic0.03,train,
DXY,sanctions_emb,30,0.30641,-0.000297,0.103423,True,False,True,embedding_raw__abs_return__M6_only__p0.05_ic0.03,train,
DXY,inflation_emb,7,0.285856,0.00026,0.058754,True,False,True,embedding_raw__abs_return__M6_only__p0.05_ic0.03,train,
DXY,inflation_emb,30,0.715397,-0.000106,0.036527,True,False,True,embedding_raw__abs_return__M6_only__p0.05_ic0.03,train,
DXY,banking_emb,1,0.226397,-0.000298,0.08202,True,False,True,embedding_raw__abs_return__M6_only__p0.05_ic0.03,train,
DXY,banking_emb,7,0.944153,1.8e-05,0.033462,True,False,True,embedding_raw__abs_return__M6_only__p0.05_ic0.03,train,
DXY,gold_emb,7,0.912572,2.6e-05,0.038172,True,False,True,embedding_raw__abs_return__M6_only__p0.05_ic0.03,train,
DXY,gold_emb,14,0.670924,0.000106,0.12373,True,False,True,embedding_raw__abs_return__M6_only__p0.05_ic0.03,train,
DXY,gold_emb,30,0.176153,0.000381,0.059992,True,False,True,embedding_raw__abs_return__M6_only__p0.05_ic0.03,train,
BRENT,oil_emb,14,0.693369,0.000471,0.040033,True,False,True,embedding_raw__abs_return__M6_only__p0.05_ic0.03,train,
BRENT,oil_emb,30,0.913008,-0.000143,0.110408,True,False,True,embedding_raw__abs_return__M6_only__p0.05_ic0.03,train,
BRENT,rate_emb,7,0.480087,0.000848,0.046428,True,False,True,embedding_raw__abs_return__M6_only__p0.05_ic0.03,train,
BRENT,rate_emb,30,0.261208,-0.001509,0.069155,True,False,True,embedding_raw__abs_return__M6_only__p0.05_ic0.03,train,
BRENT,ruble_emb,1,0.757482,-0.000368,0.068642,True,False,True,embedding_raw__abs_return__M6_only__p0.05_ic0.03,train,
BRENT,ruble_emb,7,0.066474,-0.002265,0.05001,True,False,True,embedding_raw__abs_return__M6_only__p0.05_ic0.03,train,
BRENT,ruble_emb,14,0.82525,0.00029,0.039041,True,False,True,embedding_raw__abs_return__M6_only__p0.05_ic0.03,train,
BRENT,ruble_emb,30,0.329994,0.001352,0.093502,True,False,True,embedding_raw__abs_return__M6_only__p0.05_ic0.03,train,
BRENT,sanctions_emb,30,0.95227,8.1e-05,0.052997,True,False,True,embedding_raw__abs_return__M6_only__p0.05_ic0.03,train,
BRENT,inflation_emb,7,0.171952,0.001603,0.076004,True,False,True,embedding_raw__abs_return__M6_only__p0.05_ic0.03,train,
BRENT,inflation_emb,30,0.359743,0.001251,0.03785,True,False,True,embedding_raw__abs_return__M6_only__p0.05_ic0.03,train,
BRENT,banking_emb,1,0.863346,0.000202,0.111886,True,False,True,embedding_raw__abs_return__M6_only__p0.05_ic0.03,train,
BRENT,banking_emb,7,0.816015,-0.000285,0.04297,True,False,True,embedding_raw__abs_return__M6_only__p0.05_ic0.03,train,
BRENT,gold_emb,30,0.92377,-0.000128,0.055355,True,False,True,embedding_raw__abs_return__M6_only__p0.05_ic0.03,train,
MSCI_INDIA,oil_emb,1,0.329227,0.000425,0.121327,True,False,True,embedding_raw__abs_return__M6_only__p0.05_ic0.03,train,
MSCI_INDIA,oil_emb,30,0.309407,-0.000323,0.050234,True,False,True,embedding_raw__abs_return__M6_only__p0.05_ic0.03,train,
MSCI_INDIA,rate_emb,1,0.158527,0.000692,0.080879,True,False,True,embedding_raw__abs_return__M6_only__p0.05_ic0.03,train,
MSCI_INDIA,rate_emb,30,0.25025,0.000402,0.044657,True,False,True,embedding_raw__abs_return__M6_only__p0.05_ic0.03,train,
MSCI_INDIA,ruble_emb,7,0.454643,0.000387,0.07532,True,False,True,embedding_raw__abs_return__M6_only__p0.05_ic0.03,train,
MSCI_INDIA,ruble_emb,14,0.72569,-0.000192,0.116995,True,False,True,embedding_raw__abs_return__M6_only__p0.05_ic0.03,train,
MSCI_INDIA,ruble_emb,30,0.548321,0.000219,0.071656,True,False,True,embedding_raw__abs_return__M6_only__p0.05_ic0.03,train,
MSCI_INDIA,inflation_emb,1,0.791654,-0.000126,0.041225,True,False,True,embedding_raw__abs_return__M6_only__p0.05_ic0.03,train,
MSCI_INDIA,inflation_emb,7,0.530072,-0.000307,0.035626,True,False,True,embedding_raw__abs_return__M6_only__p0.05_ic0.03,train,
MSCI_INDIA,inflation_emb,14,0.128546,0.000786,0.067171,True,False,True,embedding_raw__abs_return__M6_only__p0.05_ic0.03,train,
MSCI_INDIA,banking_emb,1,0.975035,1.6e-05,0.036699,True,False,True,embedding_raw__abs_return__M6_only__p0.05_ic0.03,train,
MSCI_INDIA,banking_emb,7,0.759941,0.000156,0.059368,True,False,True,embedding_raw__abs_return__M6_only__p0.05_ic0.03,train,
MSCI_INDIA,banking_emb,14,0.452323,0.000396,0.072087,True,False,True,embedding_raw__abs_return__M6_only__p0.05_ic0.03,train,
MSCI_INDIA,banking_emb,30,0.201761,-0.000403,0.076169,True,False,True,embedding_raw__abs_return__M6_only__p0.05_ic0.03,train,
MSCI_INDIA,gold_emb,7,0.540532,0.000291,0.039221,True,False,True,embedding_raw__abs_return__M6_only__p0.05_ic0.03,train,
MSCI_INDIA,gold_emb,30,0.91703,-3.4e-05,0.042059,True,False,True,embedding_raw__abs_return__M6_only__p0.05_ic0.03,train,
CHINA_H_SHARES,oil_emb,1,0.990913,1e-05,0.086328,True,False,True,embedding_raw__abs_return__M6_only__p0.05_ic0.03,train,
CHINA_H_SHARES,oil_emb,30,0.436129,0.000522,0.079905,True,False,True,embedding_raw__abs_return__M6_only__p0.05_ic0.03,train,
CHINA_H_SHARES,rate_emb,1,0.217829,0.001242,0.090139,True,False,True,embedding_raw__abs_return__M6_only__p0.05_ic0.03,train,
CHINA_H_SHARES,rate_emb,7,0.855316,0.000189,0.047122,True,False,True,embedding_raw__abs_return__M6_only__p0.05_ic0.03,train,
CHINA_H_SHARES,rate_emb,14,0.036404,-0.002277,0.077115,True,True,True,embedding_raw__abs_return__M6_only__p0.05_ic0.03,train,
CHINA_H_SHARES,ruble_emb,1,0.097096,0.001706,0.037078,True,False,True,embedding_raw__abs_return__M6_only__p0.05_ic0.03,train,
CHINA_H_SHARES,ruble_emb,7,0.0111,-0.002731,0.071962,True,True,True,embedding_raw__abs_return__M6_only__p0.05_ic0.03,train,
CHINA_H_SHARES,ruble_emb,14,0.549378,0.000682,0.032448,True,False,True,embedding_raw__abs_return__M6_only__p0.05_ic0.03,train,
CHINA_H_SHARES,sanctions_emb,1,0.458028,-0.000707,0.033286,True,False,True,embedding_raw__abs_return__M6_only__p0.05_ic0.03,train,
CHINA_H_SHARES,sanctions_emb,7,0.621675,0.000488,0.054668,True,False,True,embedding_raw__abs_return__M6_only__p0.05_ic0.03,train,
CHINA_H_SHARES,sanctions_emb,30,0.536657,-0.000405,0.043048,True,False,True,embedding_raw__abs_return__M6_only__p0.05_ic0.03,train,
CHINA_H_SHARES,inflation_emb,7,0.954041,-5.9e-05,0.049628,True,False,True,embedding_raw__abs_return__M6_only__p0.05_ic0.03,train,
CHINA_H_SHARES,inflation_emb,14,0.052554,-0.002072,0.071265,True,False,True,embedding_raw__abs_return__M6_only__p0.05_ic0.03,train,
CHINA_H_SHARES,inflation_emb,30,0.653291,0.000338,0.035394,True,False,True,embedding_raw__abs_return__M6_only__p0.05_ic0.03,train,
CHINA_H_SHARES,banking_emb,1,0.961207,-4.9e-05,0.06595,True,False,True,embedding_raw__abs_return__M6_only__p0.05_ic0.03,train,
CHINA_H_SHARES,banking_emb,7,0.984786,-2e-05,0.03391,True,False,True,embedding_raw__abs_return__M6_only__p0.05_ic0.03,train,
CHINA_H_SHARES,gold_emb,1,0.946774,-6.6e-05,0.031245,True,False,True,embedding_raw__abs_return__M6_only__p0.05_ic0.03,train,
CHINA_H_SHARES,gold_emb,7,0.844726,-0.000196,0.058816,True,False,True,embedding_raw__abs_return__M6_only__p0.05_ic0.03,train,
CHINA_H_SHARES,gold_emb,14,0.36943,-0.000947,0.073208,True,False,True,embedding_raw__abs_return__M6_only__p0.05_ic0.03,train,
CHINA_H_SHARES,gold_emb,30,0.571967,0.000338,0.066201,True,False,True,embedding_raw__abs_return__M6_only__p0.05_ic0.03,train,
FTSE_CHINA_50,oil_emb,1,0.823732,0.000213,0.058418,True,False,True,embedding_raw__abs_return__M6_only__p0.05_ic0.03,train,
FTSE_CHINA_50,oil_emb,14,0.946394,7.3e-05,0.043861,True,False,True,embedding_raw__abs_return__M6_only__p0.05_ic0.03,train,
FTSE_CHINA_50,oil_emb,30,0.381593,0.000639,0.063972,True,False,True,embedding_raw__abs_return__M6_only__p0.05_ic0.03,train,
FTSE_CHINA_50,rate_emb,1,0.261314,0.001206,0.094911,True,False,True,embedding_raw__abs_return__M6_only__p0.05_ic0.03,train,
FTSE_CHINA_50,rate_emb,7,0.784567,0.000302,0.034786,True,False,True,embedding_raw__abs_return__M6_only__p0.05_ic0.03,train,
FTSE_CHINA_50,rate_emb,14,0.030422,-0.002503,0.07794,True,True,True,embedding_raw__abs_return__M6_only__p0.05_ic0.03,train,
FTSE_CHINA_50,ruble_emb,1,0.062872,0.002038,0.07803,True,False,True,embedding_raw__abs_return__M6_only__p0.05_ic0.03,train,
FTSE_CHINA_50,ruble_emb,14,0.480229,0.000853,0.061017,True,False,True,embedding_raw__abs_return__M6_only__p0.05_ic0.03,train,
FTSE_CHINA_50,sanctions_emb,7,0.686022,0.000424,0.055931,True,False,True,embedding_raw__abs_return__M6_only__p0.05_ic0.03,train,
FTSE_CHINA_50,sanctions_emb,30,0.357092,-0.00065,0.07376,True,False,True,embedding_raw__abs_return__M6_only__p0.05_ic0.03,train,
FTSE_CHINA_50,inflation_emb,7,0.892825,-0.000146,0.05384,True,False,True,embedding_raw__abs_return__M6_only__p0.05_ic0.03,train,
FTSE_CHINA_50,inflation_emb,14,0.042964,-0.002294,0.06838,True,True,True,embedding_raw__abs_return__M6_only__p0.05_ic0.03,train,
FTSE_CHINA_50,inflation_emb,30,0.640042,0.000381,0.03158,True,False,True,embedding_raw__abs_return__M6_only__p0.05_ic0.03,train,
FTSE_CHINA_50,banking_emb,1,0.94106,-8e-05,0.050813,True,False,True,embedding_raw__abs_return__M6_only__p0.05_ic0.03,train,
FTSE_CHINA_50,banking_emb,7,0.806412,0.000275,0.030522,True,False,True,embedding_raw__abs_return__M6_only__p0.05_ic0.03,train,
FTSE_CHINA_50,gold_emb,7,0.858877,0.000189,0.0558,True,False,True,embedding_raw__abs_return__M6_only__p0.05_ic0.03,train,
FTSE_CHINA_50,gold_emb,14,0.241874,-0.001311,0.081596,True,False,True,embedding_raw__abs_return__M6_only__p0.05_ic0.03,train,
FTSE_CHINA_50,gold_emb,30,0.480305,0.000455,0.063256,True,False,True,embedding_raw__abs_return__M6_only__p0.05_ic0.03,train,
GOLD,oil_emb,30,0.13876,-0.000413,0.109061,True,False,True,embedding_raw__abs_return__M6_only__p0.05_ic0.03,train,
GOLD,rate_emb,1,0.90631,-6.4e-05,0.140362,True,False,True,embedding_raw__abs_return__M6_only__p0.05_ic0.03,train,
GOLD,rate_emb,7,0.328007,0.000545,0.075873,True,False,True,embedding_raw__abs_return__M6_only__p0.05_ic0.03,train,
GOLD,rate_emb,14,0.390757,-0.000514,0.100202,True,False,True,embedding_raw__abs_return__M6_only__p0.05_ic0.03,train,
GOLD,rate_emb,30,0.455567,0.00021,0.045851,True,False,True,embedding_raw__abs_return__M6_only__p0.05_ic0.03,train,
GOLD,ruble_emb,30,0.44112,-0.000214,0.048794,True,False,True,embedding_raw__abs_return__M6_only__p0.05_ic0.03,train,
GOLD,sanctions_emb,14,0.235497,0.000658,0.060008,True,False,True,embedding_raw__abs_return__M6_only__p0.05_ic0.03,train,
GOLD,inflation_emb,1,0.929479,-4.6e-05,0.132144,True,False,True,embedding_raw__abs_return__M6_only__p0.05_ic0.03,train,
GOLD,inflation_emb,7,0.654518,0.000244,0.058575,True,False,True,embedding_raw__abs_return__M6_only__p0.05_ic0.03,train,
GOLD,inflation_emb,14,0.778507,0.000164,0.087193,True,False,True,embedding_raw__abs_return__M6_only__p0.05_ic0.03,train,
GOLD,inflation_emb,30,0.8263,-7e-05,0.06157,True,False,True,embedding_raw__abs_return__M6_only__p0.05_ic0.03,train,
GOLD,banking_emb,7,0.396098,0.000478,0.047747,True,False,True,embedding_raw__abs_return__M6_only__p0.05_ic0.03,train,
GOLD,banking_emb,14,0.625717,-0.000289,0.039985,True,False,True,embedding_raw__abs_return__M6_only__p0.05_ic0.03,train,
GOLD,banking_emb,30,0.328694,-0.000285,0.03065,True,False,True,embedding_raw__abs_return__M6_only__p0.05_ic0.03,train,
GOLD,gold_emb,1,0.373001,-0.000466,0.046408,True,False,True,embedding_raw__abs_return__M6_only__p0.05_ic0.03,train,
GOLD,gold_emb,7,0.348839,-0.00049,0.112197,True,False,True,embedding_raw__abs_return__M6_only__p0.05_ic0.03,train,
GOLD,gold_emb,14,0.640634,0.00026,0.034753,True,False,True,embedding_raw__abs_return__M6_only__p0.05_ic0.03,train,
GOLD,gold_emb,30,0.671691,-0.000132,0.03877,True,False,True,embedding_raw__abs_return__M6_only__p0.05_ic0.03,train,
SILVER,oil_emb,7,0.200279,-0.001324,0.034824,True,False,True,embedding_raw__abs_return__M6_only__p0.05_ic0.03,train,
SILVER,oil_emb,14,0.907699,-0.00013,0.059788,True,False,True,embedding_raw__abs_return__M6_only__p0.05_ic0.03,train,
SILVER,oil_emb,30,0.211676,-0.000782,0.071415,True,False,True,embedding_raw__abs_return__M6_only__p0.05_ic0.03,train,
SILVER,rate_emb,1,0.433249,0.000873,0.051497,True,False,True,embedding_raw__abs_return__M6_only__p0.05_ic0.03,train,
SILVER,rate_emb,7,0.240406,0.00132,0.040153,True,False,True,embedding_raw__abs_return__M6_only__p0.05_ic0.03,train,
SILVER,rate_emb,14,0.418456,0.000973,0.033765,True,False,True,embedding_raw__abs_return__M6_only__p0.05_ic0.03,train,
SILVER,ruble_emb,1,0.502696,0.00075,0.067885,True,False,True,embedding_raw__abs_return__M6_only__p0.05_ic0.03,train,
SILVER,ruble_emb,7,0.109365,-0.001834,0.033527,True,False,True,embedding_raw__abs_return__M6_only__p0.05_ic0.03,train,
SILVER,ruble_emb,14,0.72332,0.000422,0.100618,True,False,True,embedding_raw__abs_return__M6_only__p0.05_ic0.03,train,
SILVER,ruble_emb,30,0.835043,-0.00012,0.046493,True,False,True,embedding_raw__abs_return__M6_only__p0.05_ic0.03,train,
SILVER,sanctions_emb,1,0.735076,-0.000354,0.133342,True,False,True,embedding_raw__abs_return__M6_only__p0.05_ic0.03,train,
SILVER,sanctions_emb,7,0.499924,-0.000721,0.093317,True,False,True,embedding_raw__abs_return__M6_only__p0.05_ic0.03,train,
SILVER,inflation_emb,1,0.691086,-0.00042,0.049794,True,False,True,embedding_raw__abs_return__M6_only__p0.05_ic0.03,train,
SILVER,inflation_emb,30,0.692101,-0.000256,0.049313,True,False,True,embedding_raw__abs_return__M6_only__p0.05_ic0.03,train,
SILVER,banking_emb,30,0.874496,9.6e-05,0.092885,True,False,True,embedding_raw__abs_return__M6_only__p0.05_ic0.03,train,
SILVER,gold_emb,14,0.941045,-8.3e-05,0.122347,True,False,True,embedding_raw__abs_return__M6_only__p0.05_ic0.03,train,
SILVER,gold_emb,30,0.873015,-9.8e-05,0.057902,True,False,True,embedding_raw__abs_return__M6_only__p0.05_ic0.03,train,
IMOEX,oil_emb,14,0.417078,0.001121,0.034778,True,False,True,embedding_raw__abs_return__M6_only__p0.05_ic0.03,train,
IMOEX,rate_emb,1,0.12159,-0.002065,0.081395,True,False,True,embedding_raw__abs_return__M6_only__p0.05_ic0.03,train,
IMOEX,rate_emb,14,0.389963,-0.001239,0.107098,True,False,True,embedding_raw__abs_return__M6_only__p0.05_ic0.03,train,
IMOEX,rate_emb,30,0.923926,-8.4e-05,0.074486,True,False,True,embedding_raw__abs_return__M6_only__p0.05_ic0.03,train,
IMOEX,ruble_emb,1,0.353788,0.001267,0.060545,True,False,True,embedding_raw__abs_return__M6_only__p0.05_ic0.03,train,
IMOEX,ruble_emb,7,0.696947,-0.00055,0.109058,True,False,True,embedding_raw__abs_return__M6_only__p0.05_ic0.03,train,
IMOEX,ruble_emb,14,0.57517,0.000831,0.084887,True,False,True,embedding_raw__abs_return__M6_only__p0.05_ic0.03,train,
IMOEX,ruble_emb,30,0.34963,0.000776,0.032815,True,False,True,embedding_raw__abs_return__M6_only__p0.05_ic0.03,train,
IMOEX,sanctions_emb,1,0.407003,-0.001044,0.101895,True,False,True,embedding_raw__abs_return__M6_only__p0.05_ic0.03,train,
IMOEX,sanctions_emb,7,0.233794,0.001585,0.117318,True,False,True,embedding_raw__abs_return__M6_only__p0.05_ic0.03,train,
IMOEX,inflation_emb,1,0.088698,-0.002215,0.057373,True,False,True,embedding_raw__abs_return__M6_only__p0.05_ic0.03,train,
IMOEX,inflation_emb,7,0.230782,-0.001626,0.034166,True,False,True,embedding_raw__abs_return__M6_only__p0.05_ic0.03,train,
IMOEX,banking_emb,7,0.855094,0.00026,0.068845,True,False,True,embedding_raw__abs_return__M6_only__p0.05_ic0.03,train,
IMOEX,gold_emb,7,0.159726,-0.001857,0.065851,True,False,True,embedding_raw__abs_return__M6_only__p0.05_ic0.03,train,
IMOEX,gold_emb,14,0.497607,-0.000944,0.070583,True,False,True,embedding_raw__abs_return__M6_only__p0.05_ic0.03,train,
MOEXFN,oil_emb,14,0.560214,0.000875,0.06956,True,False,True,embedding_raw__abs_return__M6_only__p0.05_ic0.03,train,
MOEXFN,oil_emb,30,0.433108,-0.000693,0.084887,True,False,True,embedding_raw__abs_return__M6_only__p0.05_ic0.03,train,
MOEXFN,rate_emb,7,0.302671,0.001549,0.050828,True,False,True,embedding_raw__abs_return__M6_only__p0.05_ic0.03,train,
MOEXFN,rate_emb,14,0.093862,-0.002627,0.065545,True,False,True,embedding_raw__abs_return__M6_only__p0.05_ic0.03,train,
MOEXFN,rate_emb,30,0.458781,0.000671,0.052017,True,False,True,embedding_raw__abs_return__M6_only__p0.05_ic0.03,train,
MOEXFN,ruble_emb,1,0.405146,0.001255,0.059985,True,False,True,embedding_raw__abs_return__M6_only__p0.05_ic0.03,train,
MOEXFN,ruble_emb,7,0.918405,0.000156,0.044839,True,False,True,embedding_raw__abs_return__M6_only__p0.05_ic0.03,train,
MOEXFN,ruble_emb,14,0.926812,-0.000149,0.030718,True,False,True,embedding_raw__abs_return__M6_only__p0.05_ic0.03,train,
MOEXFN,sanctions_emb,1,0.554458,-0.000819,0.100277,True,False,True,embedding_raw__abs_return__M6_only__p0.05_ic0.03,train,
MOEXFN,sanctions_emb,7,0.267517,0.001598,0.068473,True,False,True,embedding_raw__abs_return__M6_only__p0.05_ic0.03,train,
MOEXFN,sanctions_emb,30,0.679389,-0.000371,0.066677,True,False,True,embedding_raw__abs_return__M6_only__p0.05_ic0.03,train,
MOEXFN,inflation_emb,14,0.83032,-0.000341,0.079594,True,False,True,embedding_raw__abs_return__M6_only__p0.05_ic0.03,train,
MOEXFN,banking_emb,1,0.423488,0.001197,0.040332,True,False,True,embedding_raw__abs_return__M6_only__p0.05_ic0.03,train,
MOEXFN,banking_emb,7,0.935444,-0.000126,0.063584,True,False,True,embedding_raw__abs_return__M6_only__p0.05_ic0.03,train,
MOEXFN,banking_emb,30,0.851685,0.00016,0.059966,True,False,True,embedding_raw__abs_return__M6_only__p0.05_ic0.03,train,
MOEXFN,gold_emb,1,0.889655,-0.0002,0.088033,True,False,True,embedding_raw__abs_return__M6_only__p0.05_ic0.03,train,
MOEXFN,gold_emb,7,0.346687,-0.001352,0.079588,True,False,True,embedding_raw__abs_return__M6_only__p0.05_ic0.03,train,
MOEXFN,gold_emb,14,0.376298,-0.001354,0.040619,True,False,True,embedding_raw__abs_return__M6_only__p0.05_ic0.03,train,
MOEXFN,gold_emb,30,0.265373,0.000946,0.039061,True,False,True,embedding_raw__abs_return__M6_only__p0.05_ic0.03,train,
MOEXOG,oil_emb,1,0.663837,0.000519,0.042697,True,False,True,embedding_raw__abs_return__M6_only__p0.05_ic0.03,train,
MOEXOG,oil_emb,7,0.055156,0.002519,0.038291,True,False,True,embedding_raw__abs_return__M6_only__p0.05_ic0.03,train,
MOEXOG,rate_emb,1,0.046574,-0.002652,0.048781,True,True,True,embedding_raw__abs_return__M6_only__p0.05_ic0.03,train,
MOEXOG,rate_emb,14,0.568977,-0.000829,0.084677,True,False,True,embedding_raw__abs_return__M6_only__p0.05_ic0.03,train,
MOEXOG,rate_emb,30,0.471952,0.000564,0.122667,True,False,True,embedding_raw__abs_return__M6_only__p0.05_ic0.03,train,
MOEXOG,ruble_emb,1,0.328075,0.001336,0.049586,True,False,True,embedding_raw__abs_return__M6_only__p0.05_ic0.03,train,
MOEXOG,ruble_emb,7,0.635605,-0.000662,0.082565,True,False,True,embedding_raw__abs_return__M6_only__p0.05_ic0.03,train,
MOEXOG,ruble_emb,14,0.789081,0.000397,0.047868,True,False,True,embedding_raw__abs_return__M6_only__p0.05_ic0.03,train,
MOEXOG,sanctions_emb,1,0.351673,-0.001174,0.126167,True,False,True,embedding_raw__abs_return__M6_only__p0.05_ic0.03,train,
MOEXOG,sanctions_emb,7,0.51118,0.000884,0.111314,True,False,True,embedding_raw__abs_return__M6_only__p0.05_ic0.03,train,
MOEXOG,sanctions_emb,30,0.582134,-0.000441,0.078789,True,False,True,embedding_raw__abs_return__M6_only__p0.05_ic0.03,train,
MOEXOG,inflation_emb,30,0.521465,0.000474,0.032254,True,False,True,embedding_raw__abs_return__M6_only__p0.05_ic0.03,train,
MOEXOG,banking_emb,7,0.974456,-4.6e-05,0.063729,True,False,True,embedding_raw__abs_return__M6_only__p0.05_ic0.03,train,
MOEXOG,gold_emb,7,0.298097,-0.001392,0.051978,True,False,True,embedding_raw__abs_return__M6_only__p0.05_ic0.03,train,
MOEXOG,gold_emb,14,0.496599,-0.000956,0.045147,True,False,True,embedding_raw__abs_return__M6_only__p0.05_ic0.03,train,
MOEX10,oil_emb,7,0.131902,0.001846,0.035734,True,False,True,embedding_raw__abs_return__M6_only__p0.05_ic0.03,train,
MOEX10,oil_emb,30,0.182806,-0.000963,0.057259,True,False,True,embedding_raw__abs_return__M6_only__p0.05_ic0.03,train,
MOEX10,rate_emb,1,0.078313,-0.002227,0.052645,True,False,True,embedding_raw__abs_return__M6_only__p0.05_ic0.03,train,
MOEX10,rate_emb,7,0.215924,0.001619,0.071365,True,False,True,embedding_raw__abs_return__M6_only__p0.05_ic0.03,train,
MOEX10,rate_emb,14,0.469113,-0.000988,0.049482,True,False,True,embedding_raw__abs_return__M6_only__p0.05_ic0.03,train,
MOEX10,rate_emb,30,0.747728,0.000242,0.064238,True,False,True,embedding_raw__abs_return__M6_only__p0.05_ic0.03,train,
MOEX10,ruble_emb,1,0.315539,0.001301,0.036164,True,False,True,embedding_raw__abs_return__M6_only__p0.05_ic0.03,train,
MOEX10,ruble_emb,14,0.850655,0.000263,0.038187,True,False,True,embedding_raw__abs_return__M6_only__p0.05_ic0.03,train,
MOEX10,sanctions_emb,1,0.478036,-0.000848,0.113898,True,False,True,embedding_raw__abs_return__M6_only__p0.05_ic0.03,train,
MOEX10,inflation_emb,1,0.160536,-0.001734,0.035052,True,False,True,embedding_raw__abs_return__M6_only__p0.05_ic0.03,train,
MOEX10,inflation_emb,14,0.933127,0.000115,0.076962,True,False,True,embedding_raw__abs_return__M6_only__p0.05_ic0.03,train,
MOEX10,banking_emb,7,0.98009,-3.4e-05,0.063921,True,False,True,embedding_raw__abs_return__M6_only__p0.05_ic0.03,train,
MOEX10,banking_emb,14,0.878657,0.00021,0.044725,True,False,True,embedding_raw__abs_return__M6_only__p0.05_ic0.03,train,
MOEX10,gold_emb,1,0.667059,-0.000533,0.050334,True,False,True,embedding_raw__abs_return__M6_only__p0.05_ic0.03,train,
MOEX10,gold_emb,7,0.148295,-0.001813,0.115299,True,False,True,embedding_raw__abs_return__M6_only__p0.05_ic0.03,train,
MOEX10,gold_emb,30,0.324964,0.0007,0.073118,True,False,True,embedding_raw__abs_return__M6_only__p0.05_ic0.03,train,
SP500,oil_emb,30,0.815144,-9.8e-05,0.089876,True,False,True,embedding_raw__abs_return__M6_only__p0.05_ic0.03,val,
SP500,ruble_emb,14,0.88354,8.4e-05,0.056103,True,False,True,embedding_raw__abs_return__M6_only__p0.05_ic0.03,val,
SP500,sanctions_emb,14,0.56003,0.000335,0.06811,True,False,True,embedding_raw__abs_return__M6_only__p0.05_ic0.03,val,
SP500,inflation_emb,1,0.731177,0.000182,0.079151,True,False,True,embedding_raw__abs_return__M6_only__p0.05_ic0.03,val,
SP500,inflation_emb,7,0.102429,0.000904,0.058558,True,False,True,embedding_raw__abs_return__M6_only__p0.05_ic0.03,val,
SP500,inflation_emb,30,0.324311,-0.000392,0.042703,True,False,True,embedding_raw__abs_return__M6_only__p0.05_ic0.03,val,
SP500,gold_emb,14,0.965461,-2.5e-05,0.031341,True,False,True,embedding_raw__abs_return__M6_only__p0.05_ic0.03,val,
USD_RUB,oil_emb,1,0.455722,-0.000533,0.059498,True,False,True,embedding_raw__abs_return__M6_only__p0.05_ic0.03,val,
USD_RUB,oil_emb,30,0.651219,-0.000212,0.064764,True,False,True,embedding_raw__abs_return__M6_only__p0.05_ic0.03,val,
USD_RUB,rate_emb,1,0.545593,-0.00043,0.052091,True,False,True,embedding_raw__abs_return__M6_only__p0.05_ic0.03,val,
USD_RUB,rate_emb,7,0.758425,0.000227,0.071991,True,False,True,embedding_raw__abs_return__M6_only__p0.05_ic0.03,val,
USD_RUB,rate_emb,30,0.572172,-0.000258,0.091473,True,False,True,embedding_raw__abs_return__M6_only__p0.05_ic0.03,val,
USD_RUB,ruble_emb,7,0.546387,0.000453,0.037548,True,False,True,embedding_raw__abs_return__M6_only__p0.05_ic0.03,val,
USD_RUB,ruble_emb,14,0.824547,0.000175,0.077824,True,False,True,embedding_raw__abs_return__M6_only__p0.05_ic0.03,val,
USD_RUB,sanctions_emb,7,0.902255,-8.9e-05,0.061702,True,False,True,embedding_raw__abs_return__M6_only__p0.05_ic0.03,val,
USD_RUB,inflation_emb,7,0.381736,0.000644,0.098649,True,False,True,embedding_raw__abs_return__M6_only__p0.05_ic0.03,val,
USD_RUB,banking_emb,1,0.990328,8e-06,0.09401,True,False,True,embedding_raw__abs_return__M6_only__p0.05_ic0.03,val,
USD_RUB,banking_emb,30,0.22096,0.000618,0.048483,True,False,True,embedding_raw__abs_return__M6_only__p0.05_ic0.03,val,
USD_RUB,gold_emb,7,0.492459,0.000481,0.068399,True,False,True,embedding_raw__abs_return__M6_only__p0.05_ic0.03,val,
EUR_RUB,oil_emb,1,0.455722,-0.000533,0.059498,True,False,True,embedding_raw__abs_return__M6_only__p0.05_ic0.03,val,
EUR_RUB,oil_emb,30,0.651219,-0.000212,0.064764,True,False,True,embedding_raw__abs_return__M6_only__p0.05_ic0.03,val,
EUR_RUB,rate_emb,1,0.545593,-0.00043,0.052091,True,False,True,embedding_raw__abs_return__M6_only__p0.05_ic0.03,val,
EUR_RUB,rate_emb,7,0.758425,0.000227,0.071991,True,False,True,embedding_raw__abs_return__M6_only__p0.05_ic0.03,val,
EUR_RUB,rate_emb,30,0.572172,-0.000258,0.091473,True,False,True,embedding_raw__abs_return__M6_only__p0.05_ic0.03,val,
EUR_RUB,ruble_emb,7,0.546387,0.000453,0.037548,True,False,True,embedding_raw__abs_return__M6_only__p0.05_ic0.03,val,
EUR_RUB,ruble_emb,14,0.824547,0.000175,0.077824,True,False,True,embedding_raw__abs_return__M6_only__p0.05_ic0.03,val,
EUR_RUB,sanctions_emb,7,0.902255,-8.9e-05,0.061702,True,False,True,embedding_raw__abs_return__M6_only__p0.05_ic0.03,val,
EUR_RUB,inflation_emb,7,0.381736,0.000644,0.098649,True,False,True,embedding_raw__abs_return__M6_only__p0.05_ic0.03,val,
EUR_RUB,banking_emb,1,0.990328,8e-06,0.09401,True,False,True,embedding_raw__abs_return__M6_only__p0.05_ic0.03,val,
EUR_RUB,banking_emb,30,0.22096,0.000618,0.048483,True,False,True,embedding_raw__abs_return__M6_only__p0.05_ic0.03,val,
EUR_RUB,gold_emb,7,0.492459,0.000481,0.068399,True,False,True,embedding_raw__abs_return__M6_only__p0.05_ic0.03,val,
DJ_SOUTH_AFRICA,oil_emb,14,0.026323,0.001262,0.091105,True,True,True,embedding_raw__abs_return__M6_only__p0.05_ic0.03,val,
DJ_SOUTH_AFRICA,oil_emb,30,0.343433,0.000336,0.079725,True,False,True,embedding_raw__abs_return__M6_only__p0.05_ic0.03,val,
DJ_SOUTH_AFRICA,rate_emb,1,0.982177,1.2e-05,0.08112,True,False,True,embedding_raw__abs_return__M6_only__p0.05_ic0.03,val,
DJ_SOUTH_AFRICA,rate_emb,14,0.929111,5.2e-05,0.127712,True,False,True,embedding_raw__abs_return__M6_only__p0.05_ic0.03,val,
DJ_SOUTH_AFRICA,rate_emb,30,0.647086,0.000151,0.08995,True,False,True,embedding_raw__abs_return__M6_only__p0.05_ic0.03,val,
DJ_SOUTH_AFRICA,ruble_emb,1,0.984075,-1.1e-05,0.037478,True,False,True,embedding_raw__abs_return__M6_only__p0.05_ic0.03,val,
DJ_SOUTH_AFRICA,sanctions_emb,7,0.206474,0.00068,0.034492,True,False,True,embedding_raw__abs_return__M6_only__p0.05_ic0.03,val,
DJ_SOUTH_AFRICA,sanctions_emb,14,0.951023,-3.5e-05,0.032552,True,False,True,embedding_raw__abs_return__M6_only__p0.05_ic0.03,val,
DJ_SOUTH_AFRICA,inflation_emb,14,0.763462,0.000173,0.036728,True,False,True,embedding_raw__abs_return__M6_only__p0.05_ic0.03,val,
DJ_SOUTH_AFRICA,inflation_emb,30,0.966701,-1.3e-05,0.031737,True,False,True,embedding_raw__abs_return__M6_only__p0.05_ic0.03,val,
DJ_SOUTH_AFRICA,banking_emb,14,0.446404,-0.000437,0.076104,True,False,True,embedding_raw__abs_return__M6_only__p0.05_ic0.03,val,
DJ_SOUTH_AFRICA,gold_emb,7,0.605321,-0.000267,0.043501,True,False,True,embedding_raw__abs_return__M6_only__p0.05_ic0.03,val,
MSCI_WORLD,oil_emb,14,0.231761,0.000613,0.037037,True,False,True,embedding_raw__abs_return__M6_only__p0.05_ic0.03,val,
MSCI_WORLD,rate_emb,1,0.831327,-0.000102,0.044675,True,False,True,embedding_raw__abs_return__M6_only__p0.05_ic0.03,val,
MSCI_WORLD,rate_emb,7,0.414867,-0.000406,0.064811,True,False,True,embedding_raw__abs_return__M6_only__p0.05_ic0.03,val,
MSCI_WORLD,rate_emb,30,0.388695,-0.00026,0.047338,True,False,True,embedding_raw__abs_return__M6_only__p0.05_ic0.03,val,
MSCI_WORLD,inflation_emb,1,0.854523,8.8e-05,0.035177,True,False,True,embedding_raw__abs_return__M6_only__p0.05_ic0.03,val,
MSCI_WORLD,inflation_emb,30,0.88199,4.7e-05,0.04056,True,False,True,embedding_raw__abs_return__M6_only__p0.05_ic0.03,val,
MSCI_WORLD,banking_emb,7,0.500905,0.00033,0.049231,True,False,True,embedding_raw__abs_return__M6_only__p0.05_ic0.03,val,
MSCI_WORLD,gold_emb,14,0.445366,0.000388,0.110894,True,False,True,embedding_raw__abs_return__M6_only__p0.05_ic0.03,val,
DXY,rate_emb,1,0.154002,0.000321,0.071297,True,False,True,embedding_raw__abs_return__M6_only__p0.05_ic0.03,val,
DXY,rate_emb,14,0.604048,-0.00013,0.035841,True,False,True,embedding_raw__abs_return__M6_only__p0.05_ic0.03,val,
DXY,rate_emb,30,0.566689,-7.5e-05,0.059771,True,False,True,embedding_raw__abs_return__M6_only__p0.05_ic0.03,val,
DXY,ruble_emb,7,0.370594,0.000208,0.060272,True,False,True,embedding_raw__abs_return__M6_only__p0.05_ic0.03,val,
DXY,ruble_emb,30,0.756545,-4e-05,0.036409,True,False,True,embedding_raw__abs_return__M6_only__p0.05_ic0.03,val,
DXY,sanctions_emb,1,0.356804,0.00021,0.056559,True,False,True,embedding_raw__abs_return__M6_only__p0.05_ic0.03,val,
DXY,sanctions_emb,7,0.494285,-0.000155,0.050633,True,False,True,embedding_raw__abs_return__M6_only__p0.05_ic0.03,val,
DXY,sanctions_emb,14,0.777229,-7e-05,0.083545,True,False,True,embedding_raw__abs_return__M6_only__p0.05_ic0.03,val,
DXY,sanctions_emb,30,0.836759,-3e-05,0.039171,True,False,True,embedding_raw__abs_return__M6_only__p0.05_ic0.03,val,
DXY,inflation_emb,7,0.902806,-2.9e-05,0.058432,True,False,True,embedding_raw__abs_return__M6_only__p0.05_ic0.03,val,
DXY,inflation_emb,30,0.50735,7.9e-05,0.052901,True,False,True,embedding_raw__abs_return__M6_only__p0.05_ic0.03,val,
DXY,banking_emb,1,0.127245,-0.000335,0.034992,True,False,True,embedding_raw__abs_return__M6_only__p0.05_ic0.03,val,
DXY,banking_emb,7,0.952364,1.4e-05,0.106716,True,False,True,embedding_raw__abs_return__M6_only__p0.05_ic0.03,val,
DXY,gold_emb,7,0.986989,4e-06,0.07598,True,False,True,embedding_raw__abs_return__M6_only__p0.05_ic0.03,val,
DXY,gold_emb,30,0.786948,-3.9e-05,0.061866,True,False,True,embedding_raw__abs_return__M6_only__p0.05_ic0.03,val,
BRENT,oil_emb,14,0.126974,-0.001487,0.031972,True,False,True,embedding_raw__abs_return__M6_only__p0.05_ic0.03,val,
BRENT,oil_emb,30,0.82006,0.000112,0.058426,True,False,True,embedding_raw__abs_return__M6_only__p0.05_ic0.03,val,
BRENT,rate_emb,7,0.965672,-4e-05,0.058006,True,False,True,embedding_raw__abs_return__M6_only__p0.05_ic0.03,val,
BRENT,rate_emb,30,0.99921,1e-06,0.113535,True,False,True,embedding_raw__abs_return__M6_only__p0.05_ic0.03,val,
BRENT,ruble_emb,1,0.653997,-0.000412,0.040766,True,False,True,embedding_raw__abs_return__M6_only__p0.05_ic0.03,val,
BRENT,ruble_emb,7,0.273113,-0.00104,0.038572,True,False,True,embedding_raw__abs_return__M6_only__p0.05_ic0.03,val,
BRENT,ruble_emb,14,0.672415,0.000406,0.051214,True,False,True,embedding_raw__abs_return__M6_only__p0.05_ic0.03,val,
BRENT,ruble_emb,30,0.726368,-0.000185,0.04385,True,False,True,embedding_raw__abs_return__M6_only__p0.05_ic0.03,val,
BRENT,inflation_emb,30,0.513574,-0.000331,0.060271,True,False,True,embedding_raw__abs_return__M6_only__p0.05_ic0.03,val,
BRENT,gold_emb,30,0.6496,0.000299,0.04486,True,False,True,embedding_raw__abs_return__M6_only__p0.05_ic0.03,val,
MSCI_INDIA,oil_emb,1,0.510013,0.000358,0.039955,True,False,True,embedding_raw__abs_return__M6_only__p0.05_ic0.03,val,
MSCI_INDIA,oil_emb,30,0.909777,3.7e-05,0.040496,True,False,True,embedding_raw__abs_return__M6_only__p0.05_ic0.03,val,
MSCI_INDIA,rate_emb,1,0.478259,0.000383,0.036633,True,False,True,embedding_raw__abs_return__M6_only__p0.05_ic0.03,val,
MSCI_INDIA,rate_emb,30,0.935711,2.8e-05,0.073342,True,False,True,embedding_raw__abs_return__M6_only__p0.05_ic0.03,val,
MSCI_INDIA,ruble_emb,7,0.102295,-0.0009,0.048115,True,False,True,embedding_raw__abs_return__M6_only__p0.05_ic0.03,val,
MSCI_INDIA,ruble_emb,30,0.859172,6.1e-05,0.055391,True,False,True,embedding_raw__abs_return__M6_only__p0.05_ic0.03,val,
MSCI_INDIA,inflation_emb,7,0.45182,0.000424,0.096325,True,False,True,embedding_raw__abs_return__M6_only__p0.05_ic0.03,val,
MSCI_INDIA,inflation_emb,14,0.247809,0.000678,0.075175,True,False,True,embedding_raw__abs_return__M6_only__p0.05_ic0.03,val,
MSCI_INDIA,banking_emb,1,0.185878,-0.000695,0.092348,True,False,True,embedding_raw__abs_return__M6_only__p0.05_ic0.03,val,
MSCI_INDIA,banking_emb,7,0.813294,-0.00013,0.042485,True,False,True,embedding_raw__abs_return__M6_only__p0.05_ic0.03,val,
MSCI_INDIA,banking_emb,30,0.761279,-0.000101,0.113238,True,False,True,embedding_raw__abs_return__M6_only__p0.05_ic0.03,val,
MSCI_INDIA,gold_emb,7,0.656661,-0.000234,0.045014,True,False,True,embedding_raw__abs_return__M6_only__p0.05_ic0.03,val,
MSCI_INDIA,gold_emb,30,0.698161,0.000155,0.034513,True,False,True,embedding_raw__abs_return__M6_only__p0.05_ic0.03,val,
CHINA_H_SHARES,oil_emb,1,0.235917,0.001325,0.060762,True,False,True,embedding_raw__abs_return__M6_only__p0.05_ic0.03,val,
CHINA_H_SHARES,oil_emb,30,0.685753,-0.000279,0.111306,True,False,True,embedding_raw__abs_return__M6_only__p0.05_ic0.03,val,
CHINA_H_SHARES,rate_emb,7,0.450249,0.000886,0.035394,True,False,True,embedding_raw__abs_return__M6_only__p0.05_ic0.03,val,
CHINA_H_SHARES,rate_emb,14,0.664918,-0.000535,0.033099,True,False,True,embedding_raw__abs_return__M6_only__p0.05_ic0.03,val,
CHINA_H_SHARES,ruble_emb,7,0.509818,0.000775,0.089176,True,False,True,embedding_raw__abs_return__M6_only__p0.05_ic0.03,val,
CHINA_H_SHARES,ruble_emb,14,0.83785,-0.000247,0.12804,True,False,True,embedding_raw__abs_return__M6_only__p0.05_ic0.03,val,
CHINA_H_SHARES,sanctions_emb,1,0.344211,0.001063,0.047438,True,False,True,embedding_raw__abs_return__M6_only__p0.05_ic0.03,val,
CHINA_H_SHARES,sanctions_emb,7,0.101729,-0.001851,0.057183,True,False,True,embedding_raw__abs_return__M6_only__p0.05_ic0.03,val,
CHINA_H_SHARES,sanctions_emb,30,0.595526,0.000312,0.089673,True,False,True,embedding_raw__abs_return__M6_only__p0.05_ic0.03,val,
CHINA_H_SHARES,inflation_emb,7,0.892597,0.000156,0.05342,True,False,True,embedding_raw__abs_return__M6_only__p0.05_ic0.03,val,
CHINA_H_SHARES,inflation_emb,14,0.306967,0.001221,0.037947,True,False,True,embedding_raw__abs_return__M6_only__p0.05_ic0.03,val,
CHINA_H_SHARES,inflation_emb,30,0.766281,0.000163,0.125782,True,False,True,embedding_raw__abs_return__M6_only__p0.05_ic0.03,val,
CHINA_H_SHARES,gold_emb,7,0.259791,-0.001225,0.101756,True,False,True,embedding_raw__abs_return__M6_only__p0.05_ic0.03,val,
CHINA_H_SHARES,gold_emb,14,0.46426,-0.00086,0.074496,True,False,True,embedding_raw__abs_return__M6_only__p0.05_ic0.03,val,
CHINA_H_SHARES,gold_emb,30,0.523938,-0.000425,0.05754,True,False,True,embedding_raw__abs_return__M6_only__p0.05_ic0.03,val,
FTSE_CHINA_50,oil_emb,14,0.113771,0.001882,0.045643,True,False,True,embedding_raw__abs_return__M6_only__p0.05_ic0.03,val,
FTSE_CHINA_50,oil_emb,30,0.888841,-8.5e-05,0.082072,True,False,True,embedding_raw__abs_return__M6_only__p0.05_ic0.03,val,
FTSE_CHINA_50,rate_emb,1,0.159187,-0.001557,0.040201,True,False,True,embedding_raw__abs_return__M6_only__p0.05_ic0.03,val,
FTSE_CHINA_50,rate_emb,14,0.482912,-0.000862,0.053498,True,False,True,embedding_raw__abs_return__M6_only__p0.05_ic0.03,val,
FTSE_CHINA_50,ruble_emb,14,0.670782,-0.000511,0.06349,True,False,True,embedding_raw__abs_return__M6_only__p0.05_ic0.03,val,
FTSE_CHINA_50,sanctions_emb,7,0.43794,-0.000862,0.050068,True,False,True,embedding_raw__abs_return__M6_only__p0.05_ic0.03,val,
FTSE_CHINA_50,sanctions_emb,30,0.714254,0.000214,0.056046,True,False,True,embedding_raw__abs_return__M6_only__p0.05_ic0.03,val,
FTSE_CHINA_50,inflation_emb,7,0.564773,0.000669,0.039709,True,False,True,embedding_raw__abs_return__M6_only__p0.05_ic0.03,val,
FTSE_CHINA_50,inflation_emb,14,0.374359,0.001077,0.095494,True,False,True,embedding_raw__abs_return__M6_only__p0.05_ic0.03,val,
FTSE_CHINA_50,banking_emb,1,0.591379,-0.000583,0.049397,True,False,True,embedding_raw__abs_return__M6_only__p0.05_ic0.03,val,
FTSE_CHINA_50,gold_emb,7,0.238382,-0.001285,0.069144,True,False,True,embedding_raw__abs_return__M6_only__p0.05_ic0.03,val,
FTSE_CHINA_50,gold_emb,14,0.76178,0.000356,0.093023,True,False,True,embedding_raw__abs_return__M6_only__p0.05_ic0.03,val,
FTSE_CHINA_50,gold_emb,30,0.652137,-0.000287,0.074191,True,False,True,embedding_raw__abs_return__M6_only__p0.05_ic0.03,val,
GOLD,rate_emb,30,0.994734,2e-06,0.111194,True,False,True,embedding_raw__abs_return__M6_only__p0.05_ic0.03,val,
GOLD,inflation_emb,1,0.870445,0.000114,0.044421,True,False,True,embedding_raw__abs_return__M6_only__p0.05_ic0.03,val,
GOLD,inflation_emb,7,0.838097,0.000148,0.13823,True,False,True,embedding_raw__abs_return__M6_only__p0.05_ic0.03,val,
GOLD,inflation_emb,30,0.98375,5e-06,0.097226,True,False,True,embedding_raw__abs_return__M6_only__p0.05_ic0.03,val,
GOLD,banking_emb,7,0.26115,0.000805,0.11547,True,False,True,embedding_raw__abs_return__M6_only__p0.05_ic0.03,val,
GOLD,gold_emb,7,0.162365,-0.000984,0.063632,True,False,True,embedding_raw__abs_return__M6_only__p0.05_ic0.03,val,
GOLD,gold_emb,14,0.872646,0.000129,0.031325,True,False,True,embedding_raw__abs_return__M6_only__p0.05_ic0.03,val,
SILVER,oil_emb,7,0.421504,0.001104,0.079417,True,False,True,embedding_raw__abs_return__M6_only__p0.05_ic0.03,val,
SILVER,oil_emb,14,0.429018,-0.001141,0.0371,True,False,True,embedding_raw__abs_return__M6_only__p0.05_ic0.03,val,
SILVER,oil_emb,30,0.700412,-0.000196,0.132335,True,False,True,embedding_raw__abs_return__M6_only__p0.05_ic0.03,val,
SILVER,rate_emb,7,0.531533,-0.000878,0.051113,True,False,True,embedding_raw__abs_return__M6_only__p0.05_ic0.03,val,
SILVER,rate_emb,14,0.117252,0.002353,0.107365,True,False,True,embedding_raw__abs_return__M6_only__p0.05_ic0.03,val,
SILVER,ruble_emb,7,0.732975,-0.000498,0.075757,True,False,True,embedding_raw__abs_return__M6_only__p0.05_ic0.03,val,
SILVER,inflation_emb,1,0.635209,-0.000634,0.04479,True,False,True,embedding_raw__abs_return__M6_only__p0.05_ic0.03,val,
SILVER,inflation_emb,30,0.631125,-0.000243,0.134151,True,False,True,embedding_raw__abs_return__M6_only__p0.05_ic0.03,val,
SILVER,banking_emb,30,0.13128,-0.001216,0.058954,True,False,True,embedding_raw__abs_return__M6_only__p0.05_ic0.03,val,
SILVER,gold_emb,14,0.558933,-0.0009,0.066139,True,False,True,embedding_raw__abs_return__M6_only__p0.05_ic0.03,val,
SILVER,gold_emb,30,0.206065,-0.000922,0.109143,True,False,True,embedding_raw__abs_return__M6_only__p0.05_ic0.03,val,
IMOEX,oil_emb,14,0.875795,-0.000124,0.074491,True,False,True,embedding_raw__abs_return__M6_only__p0.05_ic0.03,val,
IMOEX,rate_emb,14,0.440004,-0.000656,0.141373,True,False,True,embedding_raw__abs_return__M6_only__p0.05_ic0.03,val,
IMOEX,rate_emb,30,0.884047,-6.3e-05,0.110666,True,False,True,embedding_raw__abs_return__M6_only__p0.05_ic0.03,val,
IMOEX,ruble_emb,1,0.493857,0.000532,0.068982,True,False,True,embedding_raw__abs_return__M6_only__p0.05_ic0.03,val,
IMOEX,ruble_emb,7,0.837652,-0.000158,0.038376,True,False,True,embedding_raw__abs_return__M6_only__p0.05_ic0.03,val,
IMOEX,ruble_emb,14,0.600039,-0.000443,0.068977,True,False,True,embedding_raw__abs_return__M6_only__p0.05_ic0.03,val,
IMOEX,ruble_emb,30,0.516232,-0.000333,0.052975,True,False,True,embedding_raw__abs_return__M6_only__p0.05_ic0.03,val,
IMOEX,sanctions_emb,1,0.347139,0.000732,0.053078,True,False,True,embedding_raw__abs_return__M6_only__p0.05_ic0.03,val,
IMOEX,sanctions_emb,7,0.046656,0.001519,0.061285,True,True,True,embedding_raw__abs_return__M6_only__p0.05_ic0.03,val,
IMOEX,inflation_emb,1,0.318138,0.000764,0.094124,True,False,True,embedding_raw__abs_return__M6_only__p0.05_ic0.03,val,
IMOEX,banking_emb,7,0.972631,-2.6e-05,0.036575,True,False,True,embedding_raw__abs_return__M6_only__p0.05_ic0.03,val,
MOEXFN,oil_emb,30,0.691696,0.000184,0.089819,True,False,True,embedding_raw__abs_return__M6_only__p0.05_ic0.03,val,
MOEXFN,rate_emb,7,0.007714,-0.002326,0.069817,True,True,True,embedding_raw__abs_return__M6_only__p0.05_ic0.03,val,
MOEXFN,rate_emb,14,0.458249,-0.000696,0.130275,True,False,True,embedding_raw__abs_return__M6_only__p0.05_ic0.03,val,
MOEXFN,rate_emb,30,0.975409,-1.4e-05,0.067438,True,False,True,embedding_raw__abs_return__M6_only__p0.05_ic0.03,val,
MOEXFN,ruble_emb,1,0.578344,0.000481,0.085991,True,False,True,embedding_raw__abs_return__M6_only__p0.05_ic0.03,val,
MOEXFN,ruble_emb,7,0.931025,7.4e-05,0.040861,True,False,True,embedding_raw__abs_return__M6_only__p0.05_ic0.03,val,
MOEXFN,ruble_emb,14,0.704026,-0.000355,0.074599,True,False,True,embedding_raw__abs_return__M6_only__p0.05_ic0.03,val,
MOEXFN,sanctions_emb,1,0.192054,0.00113,0.032007,True,False,True,embedding_raw__abs_return__M6_only__p0.05_ic0.03,val,
MOEXFN,sanctions_emb,30,0.709353,0.00021,0.116466,True,False,True,embedding_raw__abs_return__M6_only__p0.05_ic0.03,val,
MOEXFN,banking_emb,1,0.005448,0.002277,0.061711,True,True,True,embedding_raw__abs_return__M6_only__p0.05_ic0.03,val,
MOEXFN,banking_emb,7,0.601733,-0.000445,0.061006,True,False,True,embedding_raw__abs_return__M6_only__p0.05_ic0.03,val,
MOEXFN,gold_emb,1,0.430075,0.00066,0.043067,True,False,True,embedding_raw__abs_return__M6_only__p0.05_ic0.03,val,
MOEXFN,gold_emb,14,0.68913,0.000368,0.067066,True,False,True,embedding_raw__abs_return__M6_only__p0.05_ic0.03,val,
MOEXFN,gold_emb,30,0.903161,-6.1e-05,0.043246,True,False,True,embedding_raw__abs_return__M6_only__p0.05_ic0.03,val,
MOEXOG,oil_emb,7,0.839946,0.000161,0.076049,True,False,True,embedding_raw__abs_return__M6_only__p0.05_ic0.03,val,
MOEXOG,rate_emb,1,0.145759,0.001154,0.072413,True,False,True,embedding_raw__abs_return__M6_only__p0.05_ic0.03,val,
MOEXOG,rate_emb,14,0.432342,-0.00069,0.121439,True,False,True,embedding_raw__abs_return__M6_only__p0.05_ic0.03,val,
MOEXOG,rate_emb,30,0.764159,-0.000143,0.091895,True,False,True,embedding_raw__abs_return__M6_only__p0.05_ic0.03,val,
MOEXOG,ruble_emb,1,0.383166,0.0007,0.071718,True,False,True,embedding_raw__abs_return__M6_only__p0.05_ic0.03,val,
MOEXOG,ruble_emb,7,0.596771,-0.000421,0.071136,True,False,True,embedding_raw__abs_return__M6_only__p0.05_ic0.03,val,
MOEXOG,ruble_emb,14,0.54111,-0.000533,0.06931,True,False,True,embedding_raw__abs_return__M6_only__p0.05_ic0.03,val,
MOEXOG,sanctions_emb,1,0.480155,0.000568,0.040287,True,False,True,embedding_raw__abs_return__M6_only__p0.05_ic0.03,val,
MOEXOG,sanctions_emb,7,0.046284,0.00157,0.059806,True,True,True,embedding_raw__abs_return__M6_only__p0.05_ic0.03,val,
MOEXOG,sanctions_emb,30,0.671866,0.000251,0.079043,True,False,True,embedding_raw__abs_return__M6_only__p0.05_ic0.03,val,
MOEXOG,inflation_emb,30,0.695739,0.000146,0.126155,True,False,True,embedding_raw__abs_return__M6_only__p0.05_ic0.03,val,
MOEXOG,banking_emb,7,0.817913,0.000183,0.073342,True,False,True,embedding_raw__abs_return__M6_only__p0.05_ic0.03,val,
MOEXOG,gold_emb,14,0.674801,0.00036,0.030936,True,False,True,embedding_raw__abs_return__M6_only__p0.05_ic0.03,val,
MOEX10,oil_emb,7,0.451941,0.000674,0.032499,True,False,True,embedding_raw__abs_return__M6_only__p0.05_ic0.03,val,
MOEX10,oil_emb,30,0.548231,0.000313,0.099623,True,False,True,embedding_raw__abs_return__M6_only__p0.05_ic0.03,val,
MOEX10,rate_emb,1,0.12718,0.001358,0.034711,True,False,True,embedding_raw__abs_return__M6_only__p0.05_ic0.03,val,
MOEX10,rate_emb,14,0.378154,-0.000865,0.137478,True,False,True,embedding_raw__abs_return__M6_only__p0.05_ic0.03,val,
MOEX10,rate_emb,30,0.87445,-8.3e-05,0.069914,True,False,True,embedding_raw__abs_return__M6_only__p0.05_ic0.03,val,
MOEX10,ruble_emb,1,0.689948,0.000361,0.093387,True,False,True,embedding_raw__abs_return__M6_only__p0.05_ic0.03,val,
MOEX10,ruble_emb,14,0.539645,-0.000604,0.075962,True,False,True,embedding_raw__abs_return__M6_only__p0.05_ic0.03,val,
MOEX10,sanctions_emb,1,0.379279,0.000796,0.056831,True,False,True,embedding_raw__abs_return__M6_only__p0.05_ic0.03,val,
MOEX10,inflation_emb,1,0.282059,0.000957,0.09652,True,False,True,embedding_raw__abs_return__M6_only__p0.05_ic0.03,val,
MOEX10,inflation_emb,14,0.885856,-0.000139,0.036206,True,False,True,embedding_raw__abs_return__M6_only__p0.05_ic0.03,val,
MOEX10,banking_emb,7,0.690607,-0.000356,0.056525,True,False,True,embedding_raw__abs_return__M6_only__p0.05_ic0.03,val,
MOEX10,gold_emb,7,0.450348,-0.000646,0.084452,True,False,True,embedding_raw__abs_return__M6_only__p0.05_ic0.03,val,
MOEX10,gold_emb,30,0.983285,1.2e-05,0.037532,True,False,True,embedding_raw__abs_return__M6_only__p0.05_ic0.03,val,
SP500,oil_emb,30,0.73908,0.000172,0.073947,True,False,True,embedding_raw__vol_5d__M6_only__p0.05_ic0.03,train,
SP500,ruble_emb,7,0.106072,-0.000801,0.066444,True,False,True,embedding_raw__vol_5d__M6_only__p0.05_ic0.03,train,
SP500,ruble_emb,14,0.618696,0.000258,0.079561,True,False,True,embedding_raw__vol_5d__M6_only__p0.05_ic0.03,train,
SP500,sanctions_emb,1,0.171343,-0.000619,0.053618,True,False,True,embedding_raw__vol_5d__M6_only__p0.05_ic0.03,train,
SP500,sanctions_emb,7,0.091612,-0.000782,0.05529,True,False,True,embedding_raw__vol_5d__M6_only__p0.05_ic0.03,train,
SP500,sanctions_emb,14,0.153408,0.000681,0.036015,True,False,True,embedding_raw__vol_5d__M6_only__p0.05_ic0.03,train,
SP500,inflation_emb,1,0.940648,3.5e-05,0.048447,True,False,True,embedding_raw__vol_5d__M6_only__p0.05_ic0.03,train,
SP500,inflation_emb,7,0.335525,-0.000457,0.101101,True,False,True,embedding_raw__vol_5d__M6_only__p0.05_ic0.03,train,
SP500,inflation_emb,30,0.578819,0.000308,0.050648,True,False,True,embedding_raw__vol_5d__M6_only__p0.05_ic0.03,train,
SP500,banking_emb,1,0.570939,-0.000279,0.031206,True,False,True,embedding_raw__vol_5d__M6_only__p0.05_ic0.03,train,
SP500,gold_emb,14,0.446739,0.000371,0.07632,True,False,True,embedding_raw__vol_5d__M6_only__p0.05_ic0.03,train,
USD_RUB,oil_emb,1,0.744781,-0.000369,0.051682,True,False,True,embedding_raw__vol_5d__M6_only__p0.05_ic0.03,train,
USD_RUB,oil_emb,30,0.876771,-0.000211,0.088101,True,False,True,embedding_raw__vol_5d__M6_only__p0.05_ic0.03,train,
USD_RUB,rate_emb,1,0.077029,-0.002229,0.032609,True,False,True,embedding_raw__vol_5d__M6_only__p0.05_ic0.03,train,
USD_RUB,rate_emb,7,0.068034,0.002396,0.049934,True,False,True,embedding_raw__vol_5d__M6_only__p0.05_ic0.03,train,
USD_RUB,rate_emb,30,0.5357,0.000824,0.06643,True,False,True,embedding_raw__vol_5d__M6_only__p0.05_ic0.03,train,
USD_RUB,ruble_emb,7,0.712139,0.000496,0.119258,True,False,True,embedding_raw__vol_5d__M6_only__p0.05_ic0.03,train,
USD_RUB,ruble_emb,14,0.054994,-0.002704,0.078562,True,False,True,embedding_raw__vol_5d__M6_only__p0.05_ic0.03,train,
USD_RUB,sanctions_emb,7,0.412436,-0.000993,0.088527,True,False,True,embedding_raw__vol_5d__M6_only__p0.05_ic0.03,train,
USD_RUB,inflation_emb,1,0.061581,-0.002289,0.075157,True,False,True,embedding_raw__vol_5d__M6_only__p0.05_ic0.03,train,
USD_RUB,inflation_emb,7,0.870624,-0.000206,0.032703,True,False,True,embedding_raw__vol_5d__M6_only__p0.05_ic0.03,train,
USD_RUB,inflation_emb,14,0.687673,-0.000541,0.034402,True,False,True,embedding_raw__vol_5d__M6_only__p0.05_ic0.03,train,
USD_RUB,banking_emb,1,0.938866,-9.8e-05,0.092104,True,False,True,embedding_raw__vol_5d__M6_only__p0.05_ic0.03,train,
USD_RUB,banking_emb,14,0.573989,0.000782,0.035247,True,False,True,embedding_raw__vol_5d__M6_only__p0.05_ic0.03,train,
USD_RUB,banking_emb,30,0.825246,0.000314,0.048875,True,False,True,embedding_raw__vol_5d__M6_only__p0.05_ic0.03,train,
USD_RUB,gold_emb,7,0.907728,0.000141,0.034863,True,False,True,embedding_raw__vol_5d__M6_only__p0.05_ic0.03,train,
EUR_RUB,oil_emb,1,0.744781,-0.000369,0.051682,True,False,True,embedding_raw__vol_5d__M6_only__p0.05_ic0.03,train,
EUR_RUB,oil_emb,30,0.876771,-0.000211,0.088101,True,False,True,embedding_raw__vol_5d__M6_only__p0.05_ic0.03,train,
EUR_RUB,rate_emb,1,0.077029,-0.002229,0.032609,True,False,True,embedding_raw__vol_5d__M6_only__p0.05_ic0.03,train,
EUR_RUB,rate_emb,7,0.068034,0.002396,0.049934,True,False,True,embedding_raw__vol_5d__M6_only__p0.05_ic0.03,train,
EUR_RUB,rate_emb,30,0.5357,0.000824,0.06643,True,False,True,embedding_raw__vol_5d__M6_only__p0.05_ic0.03,train,
EUR_RUB,ruble_emb,7,0.712139,0.000496,0.119258,True,False,True,embedding_raw__vol_5d__M6_only__p0.05_ic0.03,train,
EUR_RUB,ruble_emb,14,0.054994,-0.002704,0.078562,True,False,True,embedding_raw__vol_5d__M6_only__p0.05_ic0.03,train,
EUR_RUB,sanctions_emb,7,0.412436,-0.000993,0.088527,True,False,True,embedding_raw__vol_5d__M6_only__p0.05_ic0.03,train,
EUR_RUB,inflation_emb,1,0.061581,-0.002289,0.075157,True,False,True,embedding_raw__vol_5d__M6_only__p0.05_ic0.03,train,
EUR_RUB,inflation_emb,7,0.870624,-0.000206,0.032703,True,False,True,embedding_raw__vol_5d__M6_only__p0.05_ic0.03,train,
EUR_RUB,inflation_emb,14,0.687673,-0.000541,0.034402,True,False,True,embedding_raw__vol_5d__M6_only__p0.05_ic0.03,train,
EUR_RUB,banking_emb,1,0.938866,-9.8e-05,0.092104,True,False,True,embedding_raw__vol_5d__M6_only__p0.05_ic0.03,train,
EUR_RUB,banking_emb,14,0.573989,0.000782,0.035247,True,False,True,embedding_raw__vol_5d__M6_only__p0.05_ic0.03,train,
EUR_RUB,banking_emb,30,0.825246,0.000314,0.048875,True,False,True,embedding_raw__vol_5d__M6_only__p0.05_ic0.03,train,
EUR_RUB,gold_emb,7,0.907728,0.000141,0.034863,True,False,True,embedding_raw__vol_5d__M6_only__p0.05_ic0.03,train,
DJ_SOUTH_AFRICA,oil_emb,7,0.848511,-9.6e-05,0.037112,True,False,True,embedding_raw__vol_5d__M6_only__p0.05_ic0.03,train,
DJ_SOUTH_AFRICA,oil_emb,14,0.549773,-0.000317,0.092734,True,False,True,embedding_raw__vol_5d__M6_only__p0.05_ic0.03,train,
DJ_SOUTH_AFRICA,oil_emb,30,0.077848,-0.00107,0.031231,True,False,True,embedding_raw__vol_5d__M6_only__p0.05_ic0.03,train,
DJ_SOUTH_AFRICA,rate_emb,1,0.063782,0.000971,0.031769,True,False,True,embedding_raw__vol_5d__M6_only__p0.05_ic0.03,train,
DJ_SOUTH_AFRICA,rate_emb,14,0.489302,-0.000389,0.117387,True,False,True,embedding_raw__vol_5d__M6_only__p0.05_ic0.03,train,
DJ_SOUTH_AFRICA,rate_emb,30,0.46744,0.000453,0.056931,True,False,True,embedding_raw__vol_5d__M6_only__p0.05_ic0.03,train,
DJ_SOUTH_AFRICA,ruble_emb,1,0.522898,0.000341,0.060351,True,False,True,embedding_raw__vol_5d__M6_only__p0.05_ic0.03,train,
DJ_SOUTH_AFRICA,ruble_emb,7,0.138017,-0.000822,0.03321,True,False,True,embedding_raw__vol_5d__M6_only__p0.05_ic0.03,train,
DJ_SOUTH_AFRICA,ruble_emb,30,0.610379,0.000329,0.05554,True,False,True,embedding_raw__vol_5d__M6_only__p0.05_ic0.03,train,
DJ_SOUTH_AFRICA,sanctions_emb,7,0.037742,0.001053,0.060868,True,True,True,embedding_raw__vol_5d__M6_only__p0.05_ic0.03,train,
DJ_SOUTH_AFRICA,sanctions_emb,14,0.657777,0.000238,0.050714,True,False,True,embedding_raw__vol_5d__M6_only__p0.05_ic0.03,train,
DJ_SOUTH_AFRICA,sanctions_emb,30,0.439886,-0.000466,0.074345,True,False,True,embedding_raw__vol_5d__M6_only__p0.05_ic0.03,train,
DJ_SOUTH_AFRICA,inflation_emb,1,0.707039,-0.000191,0.043169,True,False,True,embedding_raw__vol_5d__M6_only__p0.05_ic0.03,train,
DJ_SOUTH_AFRICA,inflation_emb,7,0.153715,0.000748,0.052013,True,False,True,embedding_raw__vol_5d__M6_only__p0.05_ic0.03,train,
DJ_SOUTH_AFRICA,inflation_emb,14,0.72405,-0.000196,0.056058,True,False,True,embedding_raw__vol_5d__M6_only__p0.05_ic0.03,train,
DJ_SOUTH_AFRICA,inflation_emb,30,0.876259,-9.4e-05,0.053521,True,False,True,embedding_raw__vol_5d__M6_only__p0.05_ic0.03,train,
DJ_SOUTH_AFRICA,banking_emb,14,0.587686,0.000307,0.04691,True,False,True,embedding_raw__vol_5d__M6_only__p0.05_ic0.03,train,
DJ_SOUTH_AFRICA,gold_emb,7,0.556691,0.000304,0.035532,True,False,True,embedding_raw__vol_5d__M6_only__p0.05_ic0.03,train,
DJ_SOUTH_AFRICA,gold_emb,14,0.200906,0.000695,0.080719,True,False,True,embedding_raw__vol_5d__M6_only__p0.05_ic0.03,train,
DJ_SOUTH_AFRICA,gold_emb,30,0.007642,-0.0016,0.04253,True,True,True,embedding_raw__vol_5d__M6_only__p0.05_ic0.03,train,
MSCI_WORLD,oil_emb,14,0.922752,-4.8e-05,0.030243,True,False,True,embedding_raw__vol_5d__M6_only__p0.05_ic0.03,train,
MSCI_WORLD,rate_emb,1,0.957388,-2.7e-05,0.032832,True,False,True,embedding_raw__vol_5d__M6_only__p0.05_ic0.03,train,
MSCI_WORLD,rate_emb,7,0.123572,0.000805,0.049216,True,False,True,embedding_raw__vol_5d__M6_only__p0.05_ic0.03,train,
MSCI_WORLD,rate_emb,30,0.077199,0.001064,0.042409,True,False,True,embedding_raw__vol_5d__M6_only__p0.05_ic0.03,train,
MSCI_WORLD,sanctions_emb,1,0.945888,3.2e-05,0.049447,True,False,True,embedding_raw__vol_5d__M6_only__p0.05_ic0.03,train,
MSCI_WORLD,sanctions_emb,7,0.866121,-8.2e-05,0.037812,True,False,True,embedding_raw__vol_5d__M6_only__p0.05_ic0.03,train,
MSCI_WORLD,inflation_emb,1,0.744126,-0.00016,0.044131,True,False,True,embedding_raw__vol_5d__M6_only__p0.05_ic0.03,train,
MSCI_WORLD,inflation_emb,7,0.633474,-0.000241,0.03402,True,False,True,embedding_raw__vol_5d__M6_only__p0.05_ic0.03,train,
MSCI_WORLD,inflation_emb,14,0.794847,0.000138,0.063526,True,False,True,embedding_raw__vol_5d__M6_only__p0.05_ic0.03,train,
MSCI_WORLD,inflation_emb,30,0.804935,-0.000146,0.033332,True,False,True,embedding_raw__vol_5d__M6_only__p0.05_ic0.03,train,
MSCI_WORLD,banking_emb,1,0.383609,0.000447,0.037824,True,False,True,embedding_raw__vol_5d__M6_only__p0.05_ic0.03,train,
MSCI_WORLD,banking_emb,7,0.788957,0.000142,0.094496,True,False,True,embedding_raw__vol_5d__M6_only__p0.05_ic0.03,train,
MSCI_WORLD,gold_emb,7,0.87572,-7.6e-05,0.097622,True,False,True,embedding_raw__vol_5d__M6_only__p0.05_ic0.03,train,
MSCI_WORLD,gold_emb,14,0.794992,-0.000134,0.115868,True,False,True,embedding_raw__vol_5d__M6_only__p0.05_ic0.03,train,
MSCI_WORLD,gold_emb,30,0.498568,-0.000396,0.101084,True,False,True,embedding_raw__vol_5d__M6_only__p0.05_ic0.03,train,
DXY,oil_emb,1,0.373361,0.000195,0.072864,True,False,True,embedding_raw__vol_5d__M6_only__p0.05_ic0.03,train,
DXY,rate_emb,1,0.831832,5.2e-05,0.039019,True,False,True,embedding_raw__vol_5d__M6_only__p0.05_ic0.03,train,
DXY,rate_emb,14,0.019662,0.000614,0.076742,True,True,True,embedding_raw__vol_5d__M6_only__p0.05_ic0.03,train,
DXY,rate_emb,30,0.762204,8.8e-05,0.097559,True,False,True,embedding_raw__vol_5d__M6_only__p0.05_ic0.03,train,
DXY,ruble_emb,7,0.691255,0.000103,0.059216,True,False,True,embedding_raw__vol_5d__M6_only__p0.05_ic0.03,train,
DXY,ruble_emb,14,0.838181,-5.6e-05,0.053431,True,False,True,embedding_raw__vol_5d__M6_only__p0.05_ic0.03,train,
DXY,ruble_emb,30,0.902268,3.7e-05,0.062906,True,False,True,embedding_raw__vol_5d__M6_only__p0.05_ic0.03,train,
DXY,sanctions_emb,1,0.96457,1e-05,0.049387,True,False,True,embedding_raw__vol_5d__M6_only__p0.05_ic0.03,train,
DXY,sanctions_emb,7,0.601837,-0.000125,0.047465,True,False,True,embedding_raw__vol_5d__M6_only__p0.05_ic0.03,train,
DXY,sanctions_emb,14,0.362393,0.000231,0.051651,True,False,True,embedding_raw__vol_5d__M6_only__p0.05_ic0.03,train,
DXY,sanctions_emb,30,0.30641,-0.000297,0.103423,True,False,True,embedding_raw__vol_5d__M6_only__p0.05_ic0.03,train,
DXY,inflation_emb,7,0.285856,0.00026,0.058754,True,False,True,embedding_raw__vol_5d__M6_only__p0.05_ic0.03,train,
DXY,inflation_emb,30,0.715397,-0.000106,0.036527,True,False,True,embedding_raw__vol_5d__M6_only__p0.05_ic0.03,train,
DXY,banking_emb,1,0.226397,-0.000298,0.08202,True,False,True,embedding_raw__vol_5d__M6_only__p0.05_ic0.03,train,
DXY,banking_emb,7,0.944153,1.8e-05,0.033462,True,False,True,embedding_raw__vol_5d__M6_only__p0.05_ic0.03,train,
DXY,gold_emb,7,0.912572,2.6e-05,0.038172,True,False,True,embedding_raw__vol_5d__M6_only__p0.05_ic0.03,train,
DXY,gold_emb,14,0.670924,0.000106,0.12373,True,False,True,embedding_raw__vol_5d__M6_only__p0.05_ic0.03,train,
DXY,gold_emb,30,0.176153,0.000381,0.059992,True,False,True,embedding_raw__vol_5d__M6_only__p0.05_ic0.03,train,
BRENT,oil_emb,14,0.693369,0.000471,0.040033,True,False,True,embedding_raw__vol_5d__M6_only__p0.05_ic0.03,train,
BRENT,oil_emb,30,0.913008,-0.000143,0.110408,True,False,True,embedding_raw__vol_5d__M6_only__p0.05_ic0.03,train,
BRENT,rate_emb,7,0.480087,0.000848,0.046428,True,False,True,embedding_raw__vol_5d__M6_only__p0.05_ic0.03,train,
BRENT,rate_emb,30,0.261208,-0.001509,0.069155,True,False,True,embedding_raw__vol_5d__M6_only__p0.05_ic0.03,train,
BRENT,ruble_emb,1,0.757482,-0.000368,0.068642,True,False,True,embedding_raw__vol_5d__M6_only__p0.05_ic0.03,train,
BRENT,ruble_emb,7,0.066474,-0.002265,0.05001,True,False,True,embedding_raw__vol_5d__M6_only__p0.05_ic0.03,train,
BRENT,ruble_emb,14,0.82525,0.00029,0.039041,True,False,True,embedding_raw__vol_5d__M6_only__p0.05_ic0.03,train,
BRENT,ruble_emb,30,0.329994,0.001352,0.093502,True,False,True,embedding_raw__vol_5d__M6_only__p0.05_ic0.03,train,
BRENT,sanctions_emb,30,0.95227,8.1e-05,0.052997,True,False,True,embedding_raw__vol_5d__M6_only__p0.05_ic0.03,train,
BRENT,inflation_emb,7,0.171952,0.001603,0.076004,True,False,True,embedding_raw__vol_5d__M6_only__p0.05_ic0.03,train,
BRENT,inflation_emb,30,0.359743,0.001251,0.03785,True,False,True,embedding_raw__vol_5d__M6_only__p0.05_ic0.03,train,
BRENT,banking_emb,1,0.863346,0.000202,0.111886,True,False,True,embedding_raw__vol_5d__M6_only__p0.05_ic0.03,train,
BRENT,banking_emb,7,0.816015,-0.000285,0.04297,True,False,True,embedding_raw__vol_5d__M6_only__p0.05_ic0.03,train,
BRENT,gold_emb,30,0.92377,-0.000128,0.055355,True,False,True,embedding_raw__vol_5d__M6_only__p0.05_ic0.03,train,
MSCI_INDIA,oil_emb,1,0.329227,0.000425,0.121327,True,False,True,embedding_raw__vol_5d__M6_only__p0.05_ic0.03,train,
MSCI_INDIA,oil_emb,30,0.309407,-0.000323,0.050234,True,False,True,embedding_raw__vol_5d__M6_only__p0.05_ic0.03,train,
MSCI_INDIA,rate_emb,1,0.158527,0.000692,0.080879,True,False,True,embedding_raw__vol_5d__M6_only__p0.05_ic0.03,train,
MSCI_INDIA,rate_emb,30,0.25025,0.000402,0.044657,True,False,True,embedding_raw__vol_5d__M6_only__p0.05_ic0.03,train,
MSCI_INDIA,ruble_emb,7,0.454643,0.000387,0.07532,True,False,True,embedding_raw__vol_5d__M6_only__p0.05_ic0.03,train,
MSCI_INDIA,ruble_emb,14,0.72569,-0.000192,0.116995,True,False,True,embedding_raw__vol_5d__M6_only__p0.05_ic0.03,train,
MSCI_INDIA,ruble_emb,30,0.548321,0.000219,0.071656,True,False,True,embedding_raw__vol_5d__M6_only__p0.05_ic0.03,train,
MSCI_INDIA,inflation_emb,1,0.791654,-0.000126,0.041225,True,False,True,embedding_raw__vol_5d__M6_only__p0.05_ic0.03,train,
MSCI_INDIA,inflation_emb,7,0.530072,-0.000307,0.035626,True,False,True,embedding_raw__vol_5d__M6_only__p0.05_ic0.03,train,
MSCI_INDIA,inflation_emb,14,0.128546,0.000786,0.067171,True,False,True,embedding_raw__vol_5d__M6_only__p0.05_ic0.03,train,
MSCI_INDIA,banking_emb,1,0.975035,1.6e-05,0.036699,True,False,True,embedding_raw__vol_5d__M6_only__p0.05_ic0.03,train,
MSCI_INDIA,banking_emb,7,0.759941,0.000156,0.059368,True,False,True,embedding_raw__vol_5d__M6_only__p0.05_ic0.03,train,
MSCI_INDIA,banking_emb,14,0.452323,0.000396,0.072087,True,False,True,embedding_raw__vol_5d__M6_only__p0.05_ic0.03,train,
MSCI_INDIA,banking_emb,30,0.201761,-0.000403,0.076169,True,False,True,embedding_raw__vol_5d__M6_only__p0.05_ic0.03,train,
MSCI_INDIA,gold_emb,7,0.540532,0.000291,0.039221,True,False,True,embedding_raw__vol_5d__M6_only__p0.05_ic0.03,train,
MSCI_INDIA,gold_emb,30,0.91703,-3.4e-05,0.042059,True,False,True,embedding_raw__vol_5d__M6_only__p0.05_ic0.03,train,
CHINA_H_SHARES,oil_emb,1,0.990913,1e-05,0.086328,True,False,True,embedding_raw__vol_5d__M6_only__p0.05_ic0.03,train,
CHINA_H_SHARES,oil_emb,30,0.436129,0.000522,0.079905,True,False,True,embedding_raw__vol_5d__M6_only__p0.05_ic0.03,train,
CHINA_H_SHARES,rate_emb,1,0.217829,0.001242,0.090139,True,False,True,embedding_raw__vol_5d__M6_only__p0.05_ic0.03,train,
CHINA_H_SHARES,rate_emb,7,0.855316,0.000189,0.047122,True,False,True,embedding_raw__vol_5d__M6_only__p0.05_ic0.03,train,
CHINA_H_SHARES,rate_emb,14,0.036404,-0.002277,0.077115,True,True,True,embedding_raw__vol_5d__M6_only__p0.05_ic0.03,train,
CHINA_H_SHARES,ruble_emb,1,0.097096,0.001706,0.037078,True,False,True,embedding_raw__vol_5d__M6_only__p0.05_ic0.03,train,
CHINA_H_SHARES,ruble_emb,7,0.0111,-0.002731,0.071962,True,True,True,embedding_raw__vol_5d__M6_only__p0.05_ic0.03,train,
CHINA_H_SHARES,ruble_emb,14,0.549378,0.000682,0.032448,True,False,True,embedding_raw__vol_5d__M6_only__p0.05_ic0.03,train,
CHINA_H_SHARES,sanctions_emb,1,0.458028,-0.000707,0.033286,True,False,True,embedding_raw__vol_5d__M6_only__p0.05_ic0.03,train,
CHINA_H_SHARES,sanctions_emb,7,0.621675,0.000488,0.054668,True,False,True,embedding_raw__vol_5d__M6_only__p0.05_ic0.03,train,
CHINA_H_SHARES,sanctions_emb,30,0.536657,-0.000405,0.043048,True,False,True,embedding_raw__vol_5d__M6_only__p0.05_ic0.03,train,
CHINA_H_SHARES,inflation_emb,7,0.954041,-5.9e-05,0.049628,True,False,True,embedding_raw__vol_5d__M6_only__p0.05_ic0.03,train,
CHINA_H_SHARES,inflation_emb,14,0.052554,-0.002072,0.071265,True,False,True,embedding_raw__vol_5d__M6_only__p0.05_ic0.03,train,
CHINA_H_SHARES,inflation_emb,30,0.653291,0.000338,0.035394,True,False,True,embedding_raw__vol_5d__M6_only__p0.05_ic0.03,train,
CHINA_H_SHARES,banking_emb,1,0.961207,-4.9e-05,0.06595,True,False,True,embedding_raw__vol_5d__M6_only__p0.05_ic0.03,train,
CHINA_H_SHARES,banking_emb,7,0.984786,-2e-05,0.03391,True,False,True,embedding_raw__vol_5d__M6_only__p0.05_ic0.03,train,
CHINA_H_SHARES,gold_emb,1,0.946774,-6.6e-05,0.031245,True,False,True,embedding_raw__vol_5d__M6_only__p0.05_ic0.03,train,
CHINA_H_SHARES,gold_emb,7,0.844726,-0.000196,0.058816,True,False,True,embedding_raw__vol_5d__M6_only__p0.05_ic0.03,train,
CHINA_H_SHARES,gold_emb,14,0.36943,-0.000947,0.073208,True,False,True,embedding_raw__vol_5d__M6_only__p0.05_ic0.03,train,
CHINA_H_SHARES,gold_emb,30,0.571967,0.000338,0.066201,True,False,True,embedding_raw__vol_5d__M6_only__p0.05_ic0.03,train,
FTSE_CHINA_50,oil_emb,1,0.823732,0.000213,0.058418,True,False,True,embedding_raw__vol_5d__M6_only__p0.05_ic0.03,train,
FTSE_CHINA_50,oil_emb,14,0.946394,7.3e-05,0.043861,True,False,True,embedding_raw__vol_5d__M6_only__p0.05_ic0.03,train,
FTSE_CHINA_50,oil_emb,30,0.381593,0.000639,0.063972,True,False,True,embedding_raw__vol_5d__M6_only__p0.05_ic0.03,train,
FTSE_CHINA_50,rate_emb,1,0.261314,0.001206,0.094911,True,False,True,embedding_raw__vol_5d__M6_only__p0.05_ic0.03,train,
FTSE_CHINA_50,rate_emb,7,0.784567,0.000302,0.034786,True,False,True,embedding_raw__vol_5d__M6_only__p0.05_ic0.03,train,
FTSE_CHINA_50,rate_emb,14,0.030422,-0.002503,0.07794,True,True,True,embedding_raw__vol_5d__M6_only__p0.05_ic0.03,train,
FTSE_CHINA_50,ruble_emb,1,0.062872,0.002038,0.07803,True,False,True,embedding_raw__vol_5d__M6_only__p0.05_ic0.03,train,
FTSE_CHINA_50,ruble_emb,14,0.480229,0.000853,0.061017,True,False,True,embedding_raw__vol_5d__M6_only__p0.05_ic0.03,train,
FTSE_CHINA_50,sanctions_emb,7,0.686022,0.000424,0.055931,True,False,True,embedding_raw__vol_5d__M6_only__p0.05_ic0.03,train,
FTSE_CHINA_50,sanctions_emb,30,0.357092,-0.00065,0.07376,True,False,True,embedding_raw__vol_5d__M6_only__p0.05_ic0.03,train,
FTSE_CHINA_50,inflation_emb,7,0.892825,-0.000146,0.05384,True,False,True,embedding_raw__vol_5d__M6_only__p0.05_ic0.03,train,
FTSE_CHINA_50,inflation_emb,14,0.042964,-0.002294,0.06838,True,True,True,embedding_raw__vol_5d__M6_only__p0.05_ic0.03,train,
FTSE_CHINA_50,inflation_emb,30,0.640042,0.000381,0.03158,True,False,True,embedding_raw__vol_5d__M6_only__p0.05_ic0.03,train,
FTSE_CHINA_50,banking_emb,1,0.94106,-8e-05,0.050813,True,False,True,embedding_raw__vol_5d__M6_only__p0.05_ic0.03,train,
FTSE_CHINA_50,banking_emb,7,0.806412,0.000275,0.030522,True,False,True,embedding_raw__vol_5d__M6_only__p0.05_ic0.03,train,
FTSE_CHINA_50,gold_emb,7,0.858877,0.000189,0.0558,True,False,True,embedding_raw__vol_5d__M6_only__p0.05_ic0.03,train,
FTSE_CHINA_50,gold_emb,14,0.241874,-0.001311,0.081596,True,False,True,embedding_raw__vol_5d__M6_only__p0.05_ic0.03,train,
FTSE_CHINA_50,gold_emb,30,0.480305,0.000455,0.063256,True,False,True,embedding_raw__vol_5d__M6_only__p0.05_ic0.03,train,
GOLD,oil_emb,30,0.13876,-0.000413,0.109061,True,False,True,embedding_raw__vol_5d__M6_only__p0.05_ic0.03,train,
GOLD,rate_emb,1,0.90631,-6.4e-05,0.140362,True,False,True,embedding_raw__vol_5d__M6_only__p0.05_ic0.03,train,
GOLD,rate_emb,7,0.328007,0.000545,0.075873,True,False,True,embedding_raw__vol_5d__M6_only__p0.05_ic0.03,train,
GOLD,rate_emb,14,0.390757,-0.000514,0.100202,True,False,True,embedding_raw__vol_5d__M6_only__p0.05_ic0.03,train,
GOLD,rate_emb,30,0.455567,0.00021,0.045851,True,False,True,embedding_raw__vol_5d__M6_only__p0.05_ic0.03,train,
GOLD,ruble_emb,30,0.44112,-0.000214,0.048794,True,False,True,embedding_raw__vol_5d__M6_only__p0.05_ic0.03,train,
GOLD,sanctions_emb,14,0.235497,0.000658,0.060008,True,False,True,embedding_raw__vol_5d__M6_only__p0.05_ic0.03,train,
GOLD,inflation_emb,1,0.929479,-4.6e-05,0.132144,True,False,True,embedding_raw__vol_5d__M6_only__p0.05_ic0.03,train,
GOLD,inflation_emb,7,0.654518,0.000244,0.058575,True,False,True,embedding_raw__vol_5d__M6_only__p0.05_ic0.03,train,
GOLD,inflation_emb,14,0.778507,0.000164,0.087193,True,False,True,embedding_raw__vol_5d__M6_only__p0.05_ic0.03,train,
GOLD,inflation_emb,30,0.8263,-7e-05,0.06157,True,False,True,embedding_raw__vol_5d__M6_only__p0.05_ic0.03,train,
GOLD,banking_emb,7,0.396098,0.000478,0.047747,True,False,True,embedding_raw__vol_5d__M6_only__p0.05_ic0.03,train,
GOLD,banking_emb,14,0.625717,-0.000289,0.039985,True,False,True,embedding_raw__vol_5d__M6_only__p0.05_ic0.03,train,
GOLD,banking_emb,30,0.328694,-0.000285,0.03065,True,False,True,embedding_raw__vol_5d__M6_only__p0.05_ic0.03,train,
GOLD,gold_emb,1,0.373001,-0.000466,0.046408,True,False,True,embedding_raw__vol_5d__M6_only__p0.05_ic0.03,train,
GOLD,gold_emb,7,0.348839,-0.00049,0.112197,True,False,True,embedding_raw__vol_5d__M6_only__p0.05_ic0.03,train,
GOLD,gold_emb,14,0.640634,0.00026,0.034753,True,False,True,embedding_raw__vol_5d__M6_only__p0.05_ic0.03,train,
GOLD,gold_emb,30,0.671691,-0.000132,0.03877,True,False,True,embedding_raw__vol_5d__M6_only__p0.05_ic0.03,train,
SILVER,oil_emb,7,0.200279,-0.001324,0.034824,True,False,True,embedding_raw__vol_5d__M6_only__p0.05_ic0.03,train,
SILVER,oil_emb,14,0.907699,-0.00013,0.059788,True,False,True,embedding_raw__vol_5d__M6_only__p0.05_ic0.03,train,
SILVER,oil_emb,30,0.211676,-0.000782,0.071415,True,False,True,embedding_raw__vol_5d__M6_only__p0.05_ic0.03,train,
SILVER,rate_emb,1,0.433249,0.000873,0.051497,True,False,True,embedding_raw__vol_5d__M6_only__p0.05_ic0.03,train,
SILVER,rate_emb,7,0.240406,0.00132,0.040153,True,False,True,embedding_raw__vol_5d__M6_only__p0.05_ic0.03,train,
SILVER,rate_emb,14,0.418456,0.000973,0.033765,True,False,True,embedding_raw__vol_5d__M6_only__p0.05_ic0.03,train,
SILVER,ruble_emb,1,0.502696,0.00075,0.067885,True,False,True,embedding_raw__vol_5d__M6_only__p0.05_ic0.03,train,
SILVER,ruble_emb,7,0.109365,-0.001834,0.033527,True,False,True,embedding_raw__vol_5d__M6_only__p0.05_ic0.03,train,
SILVER,ruble_emb,14,0.72332,0.000422,0.100618,True,False,True,embedding_raw__vol_5d__M6_only__p0.05_ic0.03,train,
SILVER,ruble_emb,30,0.835043,-0.00012,0.046493,True,False,True,embedding_raw__vol_5d__M6_only__p0.05_ic0.03,train,
SILVER,sanctions_emb,1,0.735076,-0.000354,0.133342,True,False,True,embedding_raw__vol_5d__M6_only__p0.05_ic0.03,train,
SILVER,sanctions_emb,7,0.499924,-0.000721,0.093317,True,False,True,embedding_raw__vol_5d__M6_only__p0.05_ic0.03,train,
SILVER,inflation_emb,1,0.691086,-0.00042,0.049794,True,False,True,embedding_raw__vol_5d__M6_only__p0.05_ic0.03,train,
SILVER,inflation_emb,30,0.692101,-0.000256,0.049313,True,False,True,embedding_raw__vol_5d__M6_only__p0.05_ic0.03,train,
SILVER,banking_emb,30,0.874496,9.6e-05,0.092885,True,False,True,embedding_raw__vol_5d__M6_only__p0.05_ic0.03,train,
SILVER,gold_emb,14,0.941045,-8.3e-05,0.122347,True,False,True,embedding_raw__vol_5d__M6_only__p0.05_ic0.03,train,
SILVER,gold_emb,30,0.873015,-9.8e-05,0.057902,True,False,True,embedding_raw__vol_5d__M6_only__p0.05_ic0.03,train,
IMOEX,oil_emb,14,0.417078,0.001121,0.034778,True,False,True,embedding_raw__vol_5d__M6_only__p0.05_ic0.03,train,
IMOEX,rate_emb,1,0.12159,-0.002065,0.081395,True,False,True,embedding_raw__vol_5d__M6_only__p0.05_ic0.03,train,
IMOEX,rate_emb,14,0.389963,-0.001239,0.107098,True,False,True,embedding_raw__vol_5d__M6_only__p0.05_ic0.03,train,
IMOEX,rate_emb,30,0.923926,-8.4e-05,0.074486,True,False,True,embedding_raw__vol_5d__M6_only__p0.05_ic0.03,train,
IMOEX,ruble_emb,1,0.353788,0.001267,0.060545,True,False,True,embedding_raw__vol_5d__M6_only__p0.05_ic0.03,train,
IMOEX,ruble_emb,7,0.696947,-0.00055,0.109058,True,False,True,embedding_raw__vol_5d__M6_only__p0.05_ic0.03,train,
IMOEX,ruble_emb,14,0.57517,0.000831,0.084887,True,False,True,embedding_raw__vol_5d__M6_only__p0.05_ic0.03,train,
IMOEX,ruble_emb,30,0.34963,0.000776,0.032815,True,False,True,embedding_raw__vol_5d__M6_only__p0.05_ic0.03,train,
IMOEX,sanctions_emb,1,0.407003,-0.001044,0.101895,True,False,True,embedding_raw__vol_5d__M6_only__p0.05_ic0.03,train,
IMOEX,sanctions_emb,7,0.233794,0.001585,0.117318,True,False,True,embedding_raw__vol_5d__M6_only__p0.05_ic0.03,train,
IMOEX,inflation_emb,1,0.088698,-0.002215,0.057373,True,False,True,embedding_raw__vol_5d__M6_only__p0.05_ic0.03,train,
IMOEX,inflation_emb,7,0.230782,-0.001626,0.034166,True,False,True,embedding_raw__vol_5d__M6_only__p0.05_ic0.03,train,
IMOEX,banking_emb,7,0.855094,0.00026,0.068845,True,False,True,embedding_raw__vol_5d__M6_only__p0.05_ic0.03,train,
IMOEX,gold_emb,7,0.159726,-0.001857,0.065851,True,False,True,embedding_raw__vol_5d__M6_only__p0.05_ic0.03,train,
IMOEX,gold_emb,14,0.497607,-0.000944,0.070583,True,False,True,embedding_raw__vol_5d__M6_only__p0.05_ic0.03,train,
MOEXFN,oil_emb,14,0.560214,0.000875,0.06956,True,False,True,embedding_raw__vol_5d__M6_only__p0.05_ic0.03,train,
MOEXFN,oil_emb,30,0.433108,-0.000693,0.084887,True,False,True,embedding_raw__vol_5d__M6_only__p0.05_ic0.03,train,
MOEXFN,rate_emb,7,0.302671,0.001549,0.050828,True,False,True,embedding_raw__vol_5d__M6_only__p0.05_ic0.03,train,
MOEXFN,rate_emb,14,0.093862,-0.002627,0.065545,True,False,True,embedding_raw__vol_5d__M6_only__p0.05_ic0.03,train,
MOEXFN,rate_emb,30,0.458781,0.000671,0.052017,True,False,True,embedding_raw__vol_5d__M6_only__p0.05_ic0.03,train,
MOEXFN,ruble_emb,1,0.405146,0.001255,0.059985,True,False,True,embedding_raw__vol_5d__M6_only__p0.05_ic0.03,train,
MOEXFN,ruble_emb,7,0.918405,0.000156,0.044839,True,False,True,embedding_raw__vol_5d__M6_only__p0.05_ic0.03,train,
MOEXFN,ruble_emb,14,0.926812,-0.000149,0.030718,True,False,True,embedding_raw__vol_5d__M6_only__p0.05_ic0.03,train,
MOEXFN,sanctions_emb,1,0.554458,-0.000819,0.100277,True,False,True,embedding_raw__vol_5d__M6_only__p0.05_ic0.03,train,
MOEXFN,sanctions_emb,7,0.267517,0.001598,0.068473,True,False,True,embedding_raw__vol_5d__M6_only__p0.05_ic0.03,train,
MOEXFN,sanctions_emb,30,0.679389,-0.000371,0.066677,True,False,True,embedding_raw__vol_5d__M6_only__p0.05_ic0.03,train,
MOEXFN,inflation_emb,14,0.83032,-0.000341,0.079594,True,False,True,embedding_raw__vol_5d__M6_only__p0.05_ic0.03,train,
MOEXFN,banking_emb,1,0.423488,0.001197,0.040332,True,False,True,embedding_raw__vol_5d__M6_only__p0.05_ic0.03,train,
MOEXFN,banking_emb,7,0.935444,-0.000126,0.063584,True,False,True,embedding_raw__vol_5d__M6_only__p0.05_ic0.03,train,
MOEXFN,banking_emb,30,0.851685,0.00016,0.059966,True,False,True,embedding_raw__vol_5d__M6_only__p0.05_ic0.03,train,
MOEXFN,gold_emb,1,0.889655,-0.0002,0.088033,True,False,True,embedding_raw__vol_5d__M6_only__p0.05_ic0.03,train,
MOEXFN,gold_emb,7,0.346687,-0.001352,0.079588,True,False,True,embedding_raw__vol_5d__M6_only__p0.05_ic0.03,train,
MOEXFN,gold_emb,14,0.376298,-0.001354,0.040619,True,False,True,embedding_raw__vol_5d__M6_only__p0.05_ic0.03,train,
MOEXFN,gold_emb,30,0.265373,0.000946,0.039061,True,False,True,embedding_raw__vol_5d__M6_only__p0.05_ic0.03,train,
MOEXOG,oil_emb,1,0.663837,0.000519,0.042697,True,False,True,embedding_raw__vol_5d__M6_only__p0.05_ic0.03,train,
MOEXOG,oil_emb,7,0.055156,0.002519,0.038291,True,False,True,embedding_raw__vol_5d__M6_only__p0.05_ic0.03,train,
MOEXOG,rate_emb,1,0.046574,-0.002652,0.048781,True,True,True,embedding_raw__vol_5d__M6_only__p0.05_ic0.03,train,
MOEXOG,rate_emb,14,0.568977,-0.000829,0.084677,True,False,True,embedding_raw__vol_5d__M6_only__p0.05_ic0.03,train,
MOEXOG,rate_emb,30,0.471952,0.000564,0.122667,True,False,True,embedding_raw__vol_5d__M6_only__p0.05_ic0.03,train,
MOEXOG,ruble_emb,1,0.328075,0.001336,0.049586,True,False,True,embedding_raw__vol_5d__M6_only__p0.05_ic0.03,train,
MOEXOG,ruble_emb,7,0.635605,-0.000662,0.082565,True,False,True,embedding_raw__vol_5d__M6_only__p0.05_ic0.03,train,
MOEXOG,ruble_emb,14,0.789081,0.000397,0.047868,True,False,True,embedding_raw__vol_5d__M6_only__p0.05_ic0.03,train,
MOEXOG,sanctions_emb,1,0.351673,-0.001174,0.126167,True,False,True,embedding_raw__vol_5d__M6_only__p0.05_ic0.03,train,
MOEXOG,sanctions_emb,7,0.51118,0.000884,0.111314,True,False,True,embedding_raw__vol_5d__M6_only__p0.05_ic0.03,train,
MOEXOG,sanctions_emb,30,0.582134,-0.000441,0.078789,True,False,True,embedding_raw__vol_5d__M6_only__p0.05_ic0.03,train,
MOEXOG,inflation_emb,30,0.521465,0.000474,0.032254,True,False,True,embedding_raw__vol_5d__M6_only__p0.05_ic0.03,train,
MOEXOG,banking_emb,7,0.974456,-4.6e-05,0.063729,True,False,True,embedding_raw__vol_5d__M6_only__p0.05_ic0.03,train,
MOEXOG,gold_emb,7,0.298097,-0.001392,0.051978,True,False,True,embedding_raw__vol_5d__M6_only__p0.05_ic0.03,train,
MOEXOG,gold_emb,14,0.496599,-0.000956,0.045147,True,False,True,embedding_raw__vol_5d__M6_only__p0.05_ic0.03,train,
MOEX10,oil_emb,7,0.131902,0.001846,0.035734,True,False,True,embedding_raw__vol_5d__M6_only__p0.05_ic0.03,train,
MOEX10,oil_emb,30,0.182806,-0.000963,0.057259,True,False,True,embedding_raw__vol_5d__M6_only__p0.05_ic0.03,train,
MOEX10,rate_emb,1,0.078313,-0.002227,0.052645,True,False,True,embedding_raw__vol_5d__M6_only__p0.05_ic0.03,train,
MOEX10,rate_emb,7,0.215924,0.001619,0.071365,True,False,True,embedding_raw__vol_5d__M6_only__p0.05_ic0.03,train,
MOEX10,rate_emb,14,0.469113,-0.000988,0.049482,True,False,True,embedding_raw__vol_5d__M6_only__p0.05_ic0.03,train,
MOEX10,rate_emb,30,0.747728,0.000242,0.064238,True,False,True,embedding_raw__vol_5d__M6_only__p0.05_ic0.03,train,
MOEX10,ruble_emb,1,0.315539,0.001301,0.036164,True,False,True,embedding_raw__vol_5d__M6_only__p0.05_ic0.03,train,
MOEX10,ruble_emb,14,0.850655,0.000263,0.038187,True,False,True,embedding_raw__vol_5d__M6_only__p0.05_ic0.03,train,
MOEX10,sanctions_emb,1,0.478036,-0.000848,0.113898,True,False,True,embedding_raw__vol_5d__M6_only__p0.05_ic0.03,train,
MOEX10,inflation_emb,1,0.160536,-0.001734,0.035052,True,False,True,embedding_raw__vol_5d__M6_only__p0.05_ic0.03,train,
MOEX10,inflation_emb,14,0.933127,0.000115,0.076962,True,False,True,embedding_raw__vol_5d__M6_only__p0.05_ic0.03,train,
MOEX10,banking_emb,7,0.98009,-3.4e-05,0.063921,True,False,True,embedding_raw__vol_5d__M6_only__p0.05_ic0.03,train,
MOEX10,banking_emb,14,0.878657,0.00021,0.044725,True,False,True,embedding_raw__vol_5d__M6_only__p0.05_ic0.03,train,
MOEX10,gold_emb,1,0.667059,-0.000533,0.050334,True,False,True,embedding_raw__vol_5d__M6_only__p0.05_ic0.03,train,
MOEX10,gold_emb,7,0.148295,-0.001813,0.115299,True,False,True,embedding_raw__vol_5d__M6_only__p0.05_ic0.03,train,
MOEX10,gold_emb,30,0.324964,0.0007,0.073118,True,False,True,embedding_raw__vol_5d__M6_only__p0.05_ic0.03,train,
SP500,oil_emb,30,0.815144,-9.8e-05,0.089876,True,False,True,embedding_raw__vol_5d__M6_only__p0.05_ic0.03,val,
SP500,ruble_emb,14,0.88354,8.4e-05,0.056103,True,False,True,embedding_raw__vol_5d__M6_only__p0.05_ic0.03,val,
SP500,sanctions_emb,14,0.56003,0.000335,0.06811,True,False,True,embedding_raw__vol_5d__M6_only__p0.05_ic0.03,val,
SP500,inflation_emb,1,0.731177,0.000182,0.079151,True,False,True,embedding_raw__vol_5d__M6_only__p0.05_ic0.03,val,
SP500,inflation_emb,7,0.102429,0.000904,0.058558,True,False,True,embedding_raw__vol_5d__M6_only__p0.05_ic0.03,val,
SP500,inflation_emb,30,0.324311,-0.000392,0.042703,True,False,True,embedding_raw__vol_5d__M6_only__p0.05_ic0.03,val,
SP500,gold_emb,14,0.965461,-2.5e-05,0.031341,True,False,True,embedding_raw__vol_5d__M6_only__p0.05_ic0.03,val,
USD_RUB,oil_emb,1,0.455722,-0.000533,0.059498,True,False,True,embedding_raw__vol_5d__M6_only__p0.05_ic0.03,val,
USD_RUB,oil_emb,30,0.651219,-0.000212,0.064764,True,False,True,embedding_raw__vol_5d__M6_only__p0.05_ic0.03,val,
USD_RUB,rate_emb,1,0.545593,-0.00043,0.052091,True,False,True,embedding_raw__vol_5d__M6_only__p0.05_ic0.03,val,
USD_RUB,rate_emb,7,0.758425,0.000227,0.071991,True,False,True,embedding_raw__vol_5d__M6_only__p0.05_ic0.03,val,
USD_RUB,rate_emb,30,0.572172,-0.000258,0.091473,True,False,True,embedding_raw__vol_5d__M6_only__p0.05_ic0.03,val,
USD_RUB,ruble_emb,7,0.546387,0.000453,0.037548,True,False,True,embedding_raw__vol_5d__M6_only__p0.05_ic0.03,val,
USD_RUB,ruble_emb,14,0.824547,0.000175,0.077824,True,False,True,embedding_raw__vol_5d__M6_only__p0.05_ic0.03,val,
USD_RUB,sanctions_emb,7,0.902255,-8.9e-05,0.061702,True,False,True,embedding_raw__vol_5d__M6_only__p0.05_ic0.03,val,
USD_RUB,inflation_emb,7,0.381736,0.000644,0.098649,True,False,True,embedding_raw__vol_5d__M6_only__p0.05_ic0.03,val,
USD_RUB,banking_emb,1,0.990328,8e-06,0.09401,True,False,True,embedding_raw__vol_5d__M6_only__p0.05_ic0.03,val,
USD_RUB,banking_emb,30,0.22096,0.000618,0.048483,True,False,True,embedding_raw__vol_5d__M6_only__p0.05_ic0.03,val,
USD_RUB,gold_emb,7,0.492459,0.000481,0.068399,True,False,True,embedding_raw__vol_5d__M6_only__p0.05_ic0.03,val,
EUR_RUB,oil_emb,1,0.455722,-0.000533,0.059498,True,False,True,embedding_raw__vol_5d__M6_only__p0.05_ic0.03,val,
EUR_RUB,oil_emb,30,0.651219,-0.000212,0.064764,True,False,True,embedding_raw__vol_5d__M6_only__p0.05_ic0.03,val,
EUR_RUB,rate_emb,1,0.545593,-0.00043,0.052091,True,False,True,embedding_raw__vol_5d__M6_only__p0.05_ic0.03,val,
EUR_RUB,rate_emb,7,0.758425,0.000227,0.071991,True,False,True,embedding_raw__vol_5d__M6_only__p0.05_ic0.03,val,
EUR_RUB,rate_emb,30,0.572172,-0.000258,0.091473,True,False,True,embedding_raw__vol_5d__M6_only__p0.05_ic0.03,val,
EUR_RUB,ruble_emb,7,0.546387,0.000453,0.037548,True,False,True,embedding_raw__vol_5d__M6_only__p0.05_ic0.03,val,
EUR_RUB,ruble_emb,14,0.824547,0.000175,0.077824,True,False,True,embedding_raw__vol_5d__M6_only__p0.05_ic0.03,val,
EUR_RUB,sanctions_emb,7,0.902255,-8.9e-05,0.061702,True,False,True,embedding_raw__vol_5d__M6_only__p0.05_ic0.03,val,
EUR_RUB,inflation_emb,7,0.381736,0.000644,0.098649,True,False,True,embedding_raw__vol_5d__M6_only__p0.05_ic0.03,val,
EUR_RUB,banking_emb,1,0.990328,8e-06,0.09401,True,False,True,embedding_raw__vol_5d__M6_only__p0.05_ic0.03,val,
EUR_RUB,banking_emb,30,0.22096,0.000618,0.048483,True,False,True,embedding_raw__vol_5d__M6_only__p0.05_ic0.03,val,
EUR_RUB,gold_emb,7,0.492459,0.000481,0.068399,True,False,True,embedding_raw__vol_5d__M6_only__p0.05_ic0.03,val,
DJ_SOUTH_AFRICA,oil_emb,14,0.026323,0.001262,0.091105,True,True,True,embedding_raw__vol_5d__M6_only__p0.05_ic0.03,val,
DJ_SOUTH_AFRICA,oil_emb,30,0.343433,0.000336,0.079725,True,False,True,embedding_raw__vol_5d__M6_only__p0.05_ic0.03,val,
DJ_SOUTH_AFRICA,rate_emb,1,0.982177,1.2e-05,0.08112,True,False,True,embedding_raw__vol_5d__M6_only__p0.05_ic0.03,val,
DJ_SOUTH_AFRICA,rate_emb,14,0.929111,5.2e-05,0.127712,True,False,True,embedding_raw__vol_5d__M6_only__p0.05_ic0.03,val,
DJ_SOUTH_AFRICA,rate_emb,30,0.647086,0.000151,0.08995,True,False,True,embedding_raw__vol_5d__M6_only__p0.05_ic0.03,val,
DJ_SOUTH_AFRICA,ruble_emb,1,0.984075,-1.1e-05,0.037478,True,False,True,embedding_raw__vol_5d__M6_only__p0.05_ic0.03,val,
DJ_SOUTH_AFRICA,sanctions_emb,7,0.206474,0.00068,0.034492,True,False,True,embedding_raw__vol_5d__M6_only__p0.05_ic0.03,val,
DJ_SOUTH_AFRICA,sanctions_emb,14,0.951023,-3.5e-05,0.032552,True,False,True,embedding_raw__vol_5d__M6_only__p0.05_ic0.03,val,
DJ_SOUTH_AFRICA,inflation_emb,14,0.763462,0.000173,0.036728,True,False,True,embedding_raw__vol_5d__M6_only__p0.05_ic0.03,val,
DJ_SOUTH_AFRICA,inflation_emb,30,0.966701,-1.3e-05,0.031737,True,False,True,embedding_raw__vol_5d__M6_only__p0.05_ic0.03,val,
DJ_SOUTH_AFRICA,banking_emb,14,0.446404,-0.000437,0.076104,True,False,True,embedding_raw__vol_5d__M6_only__p0.05_ic0.03,val,
DJ_SOUTH_AFRICA,gold_emb,7,0.605321,-0.000267,0.043501,True,False,True,embedding_raw__vol_5d__M6_only__p0.05_ic0.03,val,
MSCI_WORLD,oil_emb,14,0.231761,0.000613,0.037037,True,False,True,embedding_raw__vol_5d__M6_only__p0.05_ic0.03,val,
MSCI_WORLD,rate_emb,1,0.831327,-0.000102,0.044675,True,False,True,embedding_raw__vol_5d__M6_only__p0.05_ic0.03,val,
MSCI_WORLD,rate_emb,7,0.414867,-0.000406,0.064811,True,False,True,embedding_raw__vol_5d__M6_only__p0.05_ic0.03,val,
MSCI_WORLD,rate_emb,30,0.388695,-0.00026,0.047338,True,False,True,embedding_raw__vol_5d__M6_only__p0.05_ic0.03,val,
MSCI_WORLD,inflation_emb,1,0.854523,8.8e-05,0.035177,True,False,True,embedding_raw__vol_5d__M6_only__p0.05_ic0.03,val,
MSCI_WORLD,inflation_emb,30,0.88199,4.7e-05,0.04056,True,False,True,embedding_raw__vol_5d__M6_only__p0.05_ic0.03,val,
MSCI_WORLD,banking_emb,7,0.500905,0.00033,0.049231,True,False,True,embedding_raw__vol_5d__M6_only__p0.05_ic0.03,val,
MSCI_WORLD,gold_emb,14,0.445366,0.000388,0.110894,True,False,True,embedding_raw__vol_5d__M6_only__p0.05_ic0.03,val,
DXY,rate_emb,1,0.154002,0.000321,0.071297,True,False,True,embedding_raw__vol_5d__M6_only__p0.05_ic0.03,val,
DXY,rate_emb,14,0.604048,-0.00013,0.035841,True,False,True,embedding_raw__vol_5d__M6_only__p0.05_ic0.03,val,
DXY,rate_emb,30,0.566689,-7.5e-05,0.059771,True,False,True,embedding_raw__vol_5d__M6_only__p0.05_ic0.03,val,
DXY,ruble_emb,7,0.370594,0.000208,0.060272,True,False,True,embedding_raw__vol_5d__M6_only__p0.05_ic0.03,val,
DXY,ruble_emb,30,0.756545,-4e-05,0.036409,True,False,True,embedding_raw__vol_5d__M6_only__p0.05_ic0.03,val,
DXY,sanctions_emb,1,0.356804,0.00021,0.056559,True,False,True,embedding_raw__vol_5d__M6_only__p0.05_ic0.03,val,
DXY,sanctions_emb,7,0.494285,-0.000155,0.050633,True,False,True,embedding_raw__vol_5d__M6_only__p0.05_ic0.03,val,
DXY,sanctions_emb,14,0.777229,-7e-05,0.083545,True,False,True,embedding_raw__vol_5d__M6_only__p0.05_ic0.03,val,
DXY,sanctions_emb,30,0.836759,-3e-05,0.039171,True,False,True,embedding_raw__vol_5d__M6_only__p0.05_ic0.03,val,
DXY,inflation_emb,7,0.902806,-2.9e-05,0.058432,True,False,True,embedding_raw__vol_5d__M6_only__p0.05_ic0.03,val,
DXY,inflation_emb,30,0.50735,7.9e-05,0.052901,True,False,True,embedding_raw__vol_5d__M6_only__p0.05_ic0.03,val,
DXY,banking_emb,1,0.127245,-0.000335,0.034992,True,False,True,embedding_raw__vol_5d__M6_only__p0.05_ic0.03,val,
DXY,banking_emb,7,0.952364,1.4e-05,0.106716,True,False,True,embedding_raw__vol_5d__M6_only__p0.05_ic0.03,val,
DXY,gold_emb,7,0.986989,4e-06,0.07598,True,False,True,embedding_raw__vol_5d__M6_only__p0.05_ic0.03,val,
DXY,gold_emb,30,0.786948,-3.9e-05,0.061866,True,False,True,embedding_raw__vol_5d__M6_only__p0.05_ic0.03,val,
BRENT,oil_emb,14,0.126974,-0.001487,0.031972,True,False,True,embedding_raw__vol_5d__M6_only__p0.05_ic0.03,val,
BRENT,oil_emb,30,0.82006,0.000112,0.058426,True,False,True,embedding_raw__vol_5d__M6_only__p0.05_ic0.03,val,
BRENT,rate_emb,7,0.965672,-4e-05,0.058006,True,False,True,embedding_raw__vol_5d__M6_only__p0.05_ic0.03,val,
BRENT,rate_emb,30,0.99921,1e-06,0.113535,True,False,True,embedding_raw__vol_5d__M6_only__p0.05_ic0.03,val,
BRENT,ruble_emb,1,0.653997,-0.000412,0.040766,True,False,True,embedding_raw__vol_5d__M6_only__p0.05_ic0.03,val,
BRENT,ruble_emb,7,0.273113,-0.00104,0.038572,True,False,True,embedding_raw__vol_5d__M6_only__p0.05_ic0.03,val,
BRENT,ruble_emb,14,0.672415,0.000406,0.051214,True,False,True,embedding_raw__vol_5d__M6_only__p0.05_ic0.03,val,
BRENT,ruble_emb,30,0.726368,-0.000185,0.04385,True,False,True,embedding_raw__vol_5d__M6_only__p0.05_ic0.03,val,
BRENT,inflation_emb,30,0.513574,-0.000331,0.060271,True,False,True,embedding_raw__vol_5d__M6_only__p0.05_ic0.03,val,
BRENT,gold_emb,30,0.6496,0.000299,0.04486,True,False,True,embedding_raw__vol_5d__M6_only__p0.05_ic0.03,val,
MSCI_INDIA,oil_emb,1,0.510013,0.000358,0.039955,True,False,True,embedding_raw__vol_5d__M6_only__p0.05_ic0.03,val,
MSCI_INDIA,oil_emb,30,0.909777,3.7e-05,0.040496,True,False,True,embedding_raw__vol_5d__M6_only__p0.05_ic0.03,val,
MSCI_INDIA,rate_emb,1,0.478259,0.000383,0.036633,True,False,True,embedding_raw__vol_5d__M6_only__p0.05_ic0.03,val,
MSCI_INDIA,rate_emb,30,0.935711,2.8e-05,0.073342,True,False,True,embedding_raw__vol_5d__M6_only__p0.05_ic0.03,val,
MSCI_INDIA,ruble_emb,7,0.102295,-0.0009,0.048115,True,False,True,embedding_raw__vol_5d__M6_only__p0.05_ic0.03,val,
MSCI_INDIA,ruble_emb,30,0.859172,6.1e-05,0.055391,True,False,True,embedding_raw__vol_5d__M6_only__p0.05_ic0.03,val,
MSCI_INDIA,inflation_emb,7,0.45182,0.000424,0.096325,True,False,True,embedding_raw__vol_5d__M6_only__p0.05_ic0.03,val,
MSCI_INDIA,inflation_emb,14,0.247809,0.000678,0.075175,True,False,True,embedding_raw__vol_5d__M6_only__p0.05_ic0.03,val,
MSCI_INDIA,banking_emb,1,0.185878,-0.000695,0.092348,True,False,True,embedding_raw__vol_5d__M6_only__p0.05_ic0.03,val,
MSCI_INDIA,banking_emb,7,0.813294,-0.00013,0.042485,True,False,True,embedding_raw__vol_5d__M6_only__p0.05_ic0.03,val,
MSCI_INDIA,banking_emb,30,0.761279,-0.000101,0.113238,True,False,True,embedding_raw__vol_5d__M6_only__p0.05_ic0.03,val,
MSCI_INDIA,gold_emb,7,0.656661,-0.000234,0.045014,True,False,True,embedding_raw__vol_5d__M6_only__p0.05_ic0.03,val,
MSCI_INDIA,gold_emb,30,0.698161,0.000155,0.034513,True,False,True,embedding_raw__vol_5d__M6_only__p0.05_ic0.03,val,
CHINA_H_SHARES,oil_emb,1,0.235917,0.001325,0.060762,True,False,True,embedding_raw__vol_5d__M6_only__p0.05_ic0.03,val,
CHINA_H_SHARES,oil_emb,30,0.685753,-0.000279,0.111306,True,False,True,embedding_raw__vol_5d__M6_only__p0.05_ic0.03,val,
CHINA_H_SHARES,rate_emb,7,0.450249,0.000886,0.035394,True,False,True,embedding_raw__vol_5d__M6_only__p0.05_ic0.03,val,
CHINA_H_SHARES,rate_emb,14,0.664918,-0.000535,0.033099,True,False,True,embedding_raw__vol_5d__M6_only__p0.05_ic0.03,val,
CHINA_H_SHARES,ruble_emb,7,0.509818,0.000775,0.089176,True,False,True,embedding_raw__vol_5d__M6_only__p0.05_ic0.03,val,
CHINA_H_SHARES,ruble_emb,14,0.83785,-0.000247,0.12804,True,False,True,embedding_raw__vol_5d__M6_only__p0.05_ic0.03,val,
CHINA_H_SHARES,sanctions_emb,1,0.344211,0.001063,0.047438,True,False,True,embedding_raw__vol_5d__M6_only__p0.05_ic0.03,val,
CHINA_H_SHARES,sanctions_emb,7,0.101729,-0.001851,0.057183,True,False,True,embedding_raw__vol_5d__M6_only__p0.05_ic0.03,val,
CHINA_H_SHARES,sanctions_emb,30,0.595526,0.000312,0.089673,True,False,True,embedding_raw__vol_5d__M6_only__p0.05_ic0.03,val,
CHINA_H_SHARES,inflation_emb,7,0.892597,0.000156,0.05342,True,False,True,embedding_raw__vol_5d__M6_only__p0.05_ic0.03,val,
CHINA_H_SHARES,inflation_emb,14,0.306967,0.001221,0.037947,True,False,True,embedding_raw__vol_5d__M6_only__p0.05_ic0.03,val,
CHINA_H_SHARES,inflation_emb,30,0.766281,0.000163,0.125782,True,False,True,embedding_raw__vol_5d__M6_only__p0.05_ic0.03,val,
CHINA_H_SHARES,gold_emb,7,0.259791,-0.001225,0.101756,True,False,True,embedding_raw__vol_5d__M6_only__p0.05_ic0.03,val,
CHINA_H_SHARES,gold_emb,14,0.46426,-0.00086,0.074496,True,False,True,embedding_raw__vol_5d__M6_only__p0.05_ic0.03,val,
CHINA_H_SHARES,gold_emb,30,0.523938,-0.000425,0.05754,True,False,True,embedding_raw__vol_5d__M6_only__p0.05_ic0.03,val,
FTSE_CHINA_50,oil_emb,14,0.113771,0.001882,0.045643,True,False,True,embedding_raw__vol_5d__M6_only__p0.05_ic0.03,val,
FTSE_CHINA_50,oil_emb,30,0.888841,-8.5e-05,0.082072,True,False,True,embedding_raw__vol_5d__M6_only__p0.05_ic0.03,val,
FTSE_CHINA_50,rate_emb,1,0.159187,-0.001557,0.040201,True,False,True,embedding_raw__vol_5d__M6_only__p0.05_ic0.03,val,
FTSE_CHINA_50,rate_emb,14,0.482912,-0.000862,0.053498,True,False,True,embedding_raw__vol_5d__M6_only__p0.05_ic0.03,val,
FTSE_CHINA_50,ruble_emb,14,0.670782,-0.000511,0.06349,True,False,True,embedding_raw__vol_5d__M6_only__p0.05_ic0.03,val,
FTSE_CHINA_50,sanctions_emb,7,0.43794,-0.000862,0.050068,True,False,True,embedding_raw__vol_5d__M6_only__p0.05_ic0.03,val,
FTSE_CHINA_50,sanctions_emb,30,0.714254,0.000214,0.056046,True,False,True,embedding_raw__vol_5d__M6_only__p0.05_ic0.03,val,
FTSE_CHINA_50,inflation_emb,7,0.564773,0.000669,0.039709,True,False,True,embedding_raw__vol_5d__M6_only__p0.05_ic0.03,val,
FTSE_CHINA_50,inflation_emb,14,0.374359,0.001077,0.095494,True,False,True,embedding_raw__vol_5d__M6_only__p0.05_ic0.03,val,
FTSE_CHINA_50,banking_emb,1,0.591379,-0.000583,0.049397,True,False,True,embedding_raw__vol_5d__M6_only__p0.05_ic0.03,val,
FTSE_CHINA_50,gold_emb,7,0.238382,-0.001285,0.069144,True,False,True,embedding_raw__vol_5d__M6_only__p0.05_ic0.03,val,
FTSE_CHINA_50,gold_emb,14,0.76178,0.000356,0.093023,True,False,True,embedding_raw__vol_5d__M6_only__p0.05_ic0.03,val,
FTSE_CHINA_50,gold_emb,30,0.652137,-0.000287,0.074191,True,False,True,embedding_raw__vol_5d__M6_only__p0.05_ic0.03,val,
GOLD,rate_emb,30,0.994734,2e-06,0.111194,True,False,True,embedding_raw__vol_5d__M6_only__p0.05_ic0.03,val,
GOLD,inflation_emb,1,0.870445,0.000114,0.044421,True,False,True,embedding_raw__vol_5d__M6_only__p0.05_ic0.03,val,
GOLD,inflation_emb,7,0.838097,0.000148,0.13823,True,False,True,embedding_raw__vol_5d__M6_only__p0.05_ic0.03,val,
GOLD,inflation_emb,30,0.98375,5e-06,0.097226,True,False,True,embedding_raw__vol_5d__M6_only__p0.05_ic0.03,val,
GOLD,banking_emb,7,0.26115,0.000805,0.11547,True,False,True,embedding_raw__vol_5d__M6_only__p0.05_ic0.03,val,
GOLD,gold_emb,7,0.162365,-0.000984,0.063632,True,False,True,embedding_raw__vol_5d__M6_only__p0.05_ic0.03,val,
GOLD,gold_emb,14,0.872646,0.000129,0.031325,True,False,True,embedding_raw__vol_5d__M6_only__p0.05_ic0.03,val,
SILVER,oil_emb,7,0.421504,0.001104,0.079417,True,False,True,embedding_raw__vol_5d__M6_only__p0.05_ic0.03,val,
SILVER,oil_emb,14,0.429018,-0.001141,0.0371,True,False,True,embedding_raw__vol_5d__M6_only__p0.05_ic0.03,val,
SILVER,oil_emb,30,0.700412,-0.000196,0.132335,True,False,True,embedding_raw__vol_5d__M6_only__p0.05_ic0.03,val,
SILVER,rate_emb,7,0.531533,-0.000878,0.051113,True,False,True,embedding_raw__vol_5d__M6_only__p0.05_ic0.03,val,
SILVER,rate_emb,14,0.117252,0.002353,0.107365,True,False,True,embedding_raw__vol_5d__M6_only__p0.05_ic0.03,val,
SILVER,ruble_emb,7,0.732975,-0.000498,0.075757,True,False,True,embedding_raw__vol_5d__M6_only__p0.05_ic0.03,val,
SILVER,inflation_emb,1,0.635209,-0.000634,0.04479,True,False,True,embedding_raw__vol_5d__M6_only__p0.05_ic0.03,val,
SILVER,inflation_emb,30,0.631125,-0.000243,0.134151,True,False,True,embedding_raw__vol_5d__M6_only__p0.05_ic0.03,val,
SILVER,banking_emb,30,0.13128,-0.001216,0.058954,True,False,True,embedding_raw__vol_5d__M6_only__p0.05_ic0.03,val,
SILVER,gold_emb,14,0.558933,-0.0009,0.066139,True,False,True,embedding_raw__vol_5d__M6_only__p0.05_ic0.03,val,
SILVER,gold_emb,30,0.206065,-0.000922,0.109143,True,False,True,embedding_raw__vol_5d__M6_only__p0.05_ic0.03,val,
IMOEX,oil_emb,14,0.875795,-0.000124,0.074491,True,False,True,embedding_raw__vol_5d__M6_only__p0.05_ic0.03,val,
IMOEX,rate_emb,14,0.440004,-0.000656,0.141373,True,False,True,embedding_raw__vol_5d__M6_only__p0.05_ic0.03,val,
IMOEX,rate_emb,30,0.884047,-6.3e-05,0.110666,True,False,True,embedding_raw__vol_5d__M6_only__p0.05_ic0.03,val,
IMOEX,ruble_emb,1,0.493857,0.000532,0.068982,True,False,True,embedding_raw__vol_5d__M6_only__p0.05_ic0.03,val,
IMOEX,ruble_emb,7,0.837652,-0.000158,0.038376,True,False,True,embedding_raw__vol_5d__M6_only__p0.05_ic0.03,val,
IMOEX,ruble_emb,14,0.600039,-0.000443,0.068977,True,False,True,embedding_raw__vol_5d__M6_only__p0.05_ic0.03,val,
IMOEX,ruble_emb,30,0.516232,-0.000333,0.052975,True,False,True,embedding_raw__vol_5d__M6_only__p0.05_ic0.03,val,
IMOEX,sanctions_emb,1,0.347139,0.000732,0.053078,True,False,True,embedding_raw__vol_5d__M6_only__p0.05_ic0.03,val,
IMOEX,sanctions_emb,7,0.046656,0.001519,0.061285,True,True,True,embedding_raw__vol_5d__M6_only__p0.05_ic0.03,val,
IMOEX,inflation_emb,1,0.318138,0.000764,0.094124,True,False,True,embedding_raw__vol_5d__M6_only__p0.05_ic0.03,val,
IMOEX,banking_emb,7,0.972631,-2.6e-05,0.036575,True,False,True,embedding_raw__vol_5d__M6_only__p0.05_ic0.03,val,
MOEXFN,oil_emb,30,0.691696,0.000184,0.089819,True,False,True,embedding_raw__vol_5d__M6_only__p0.05_ic0.03,val,
MOEXFN,rate_emb,7,0.007714,-0.002326,0.069817,True,True,True,embedding_raw__vol_5d__M6_only__p0.05_ic0.03,val,
MOEXFN,rate_emb,14,0.458249,-0.000696,0.130275,True,False,True,embedding_raw__vol_5d__M6_only__p0.05_ic0.03,val,
MOEXFN,rate_emb,30,0.975409,-1.4e-05,0.067438,True,False,True,embedding_raw__vol_5d__M6_only__p0.05_ic0.03,val,
MOEXFN,ruble_emb,1,0.578344,0.000481,0.085991,True,False,True,embedding_raw__vol_5d__M6_only__p0.05_ic0.03,val,
MOEXFN,ruble_emb,7,0.931025,7.4e-05,0.040861,True,False,True,embedding_raw__vol_5d__M6_only__p0.05_ic0.03,val,
MOEXFN,ruble_emb,14,0.704026,-0.000355,0.074599,True,False,True,embedding_raw__vol_5d__M6_only__p0.05_ic0.03,val,
MOEXFN,sanctions_emb,1,0.192054,0.00113,0.032007,True,False,True,embedding_raw__vol_5d__M6_only__p0.05_ic0.03,val,
MOEXFN,sanctions_emb,30,0.709353,0.00021,0.116466,True,False,True,embedding_raw__vol_5d__M6_only__p0.05_ic0.03,val,
MOEXFN,banking_emb,1,0.005448,0.002277,0.061711,True,True,True,embedding_raw__vol_5d__M6_only__p0.05_ic0.03,val,
MOEXFN,banking_emb,7,0.601733,-0.000445,0.061006,True,False,True,embedding_raw__vol_5d__M6_only__p0.05_ic0.03,val,
MOEXFN,gold_emb,1,0.430075,0.00066,0.043067,True,False,True,embedding_raw__vol_5d__M6_only__p0.05_ic0.03,val,
MOEXFN,gold_emb,14,0.68913,0.000368,0.067066,True,False,True,embedding_raw__vol_5d__M6_only__p0.05_ic0.03,val,
MOEXFN,gold_emb,30,0.903161,-6.1e-05,0.043246,True,False,True,embedding_raw__vol_5d__M6_only__p0.05_ic0.03,val,
MOEXOG,oil_emb,7,0.839946,0.000161,0.076049,True,False,True,embedding_raw__vol_5d__M6_only__p0.05_ic0.03,val,
MOEXOG,rate_emb,1,0.145759,0.001154,0.072413,True,False,True,embedding_raw__vol_5d__M6_only__p0.05_ic0.03,val,
MOEXOG,rate_emb,14,0.432342,-0.00069,0.121439,True,False,True,embedding_raw__vol_5d__M6_only__p0.05_ic0.03,val,
MOEXOG,rate_emb,30,0.764159,-0.000143,0.091895,True,False,True,embedding_raw__vol_5d__M6_only__p0.05_ic0.03,val,
MOEXOG,ruble_emb,1,0.383166,0.0007,0.071718,True,False,True,embedding_raw__vol_5d__M6_only__p0.05_ic0.03,val,
MOEXOG,ruble_emb,7,0.596771,-0.000421,0.071136,True,False,True,embedding_raw__vol_5d__M6_only__p0.05_ic0.03,val,
MOEXOG,ruble_emb,14,0.54111,-0.000533,0.06931,True,False,True,embedding_raw__vol_5d__M6_only__p0.05_ic0.03,val,
MOEXOG,sanctions_emb,1,0.480155,0.000568,0.040287,True,False,True,embedding_raw__vol_5d__M6_only__p0.05_ic0.03,val,
MOEXOG,sanctions_emb,7,0.046284,0.00157,0.059806,True,True,True,embedding_raw__vol_5d__M6_only__p0.05_ic0.03,val,
MOEXOG,sanctions_emb,30,0.671866,0.000251,0.079043,True,False,True,embedding_raw__vol_5d__M6_only__p0.05_ic0.03,val,
MOEXOG,inflation_emb,30,0.695739,0.000146,0.126155,True,False,True,embedding_raw__vol_5d__M6_only__p0.05_ic0.03,val,
MOEXOG,banking_emb,7,0.817913,0.000183,0.073342,True,False,True,embedding_raw__vol_5d__M6_only__p0.05_ic0.03,val,
MOEXOG,gold_emb,14,0.674801,0.00036,0.030936,True,False,True,embedding_raw__vol_5d__M6_only__p0.05_ic0.03,val,
MOEX10,oil_emb,7,0.451941,0.000674,0.032499,True,False,True,embedding_raw__vol_5d__M6_only__p0.05_ic0.03,val,
MOEX10,oil_emb,30,0.548231,0.000313,0.099623,True,False,True,embedding_raw__vol_5d__M6_only__p0.05_ic0.03,val,
MOEX10,rate_emb,1,0.12718,0.001358,0.034711,True,False,True,embedding_raw__vol_5d__M6_only__p0.05_ic0.03,val,
MOEX10,rate_emb,14,0.378154,-0.000865,0.137478,True,False,True,embedding_raw__vol_5d__M6_only__p0.05_ic0.03,val,
MOEX10,rate_emb,30,0.87445,-8.3e-05,0.069914,True,False,True,embedding_raw__vol_5d__M6_only__p0.05_ic0.03,val,
MOEX10,ruble_emb,1,0.689948,0.000361,0.093387,True,False,True,embedding_raw__vol_5d__M6_only__p0.05_ic0.03,val,
MOEX10,ruble_emb,14,0.539645,-0.000604,0.075962,True,False,True,embedding_raw__vol_5d__M6_only__p0.05_ic0.03,val,
MOEX10,sanctions_emb,1,0.379279,0.000796,0.056831,True,False,True,embedding_raw__vol_5d__M6_only__p0.05_ic0.03,val,
MOEX10,inflation_emb,1,0.282059,0.000957,0.09652,True,False,True,embedding_raw__vol_5d__M6_only__p0.05_ic0.03,val,
MOEX10,inflation_emb,14,0.885856,-0.000139,0.036206,True,False,True,embedding_raw__vol_5d__M6_only__p0.05_ic0.03,val,
MOEX10,banking_emb,7,0.690607,-0.000356,0.056525,True,False,True,embedding_raw__vol_5d__M6_only__p0.05_ic0.03,val,
MOEX10,gold_emb,7,0.450348,-0.000646,0.084452,True,False,True,embedding_raw__vol_5d__M6_only__p0.05_ic0.03,val,
MOEX10,gold_emb,30,0.983285,1.2e-05,0.037532,True,False,True,embedding_raw__vol_5d__M6_only__p0.05_ic0.03,val,
SP500,oil_emb_z,1,0.706464,-0.000189,0.075755,True,False,True,embedding_z90__market_return__M6_only__p0.05_ic0.03,train,
SP500,oil_emb_z,7,0.817249,0.000115,0.039338,True,False,True,embedding_z90__market_return__M6_only__p0.05_ic0.03,train,
SP500,oil_emb_z,14,0.082791,0.000859,0.079689,True,False,True,embedding_z90__market_return__M6_only__p0.05_ic0.03,train,
SP500,oil_emb_z,30,0.478968,0.000374,0.036748,True,False,True,embedding_z90__market_return__M6_only__p0.05_ic0.03,train,
SP500,rate_emb_z,14,0.395075,0.00045,0.034942,True,False,True,embedding_z90__market_return__M6_only__p0.05_ic0.03,train,
SP500,rate_emb_z,30,0.392982,0.000486,0.049287,True,False,True,embedding_z90__market_return__M6_only__p0.05_ic0.03,train,
SP500,ruble_emb_z,1,0.052824,0.000965,0.03453,True,False,True,embedding_z90__market_return__M6_only__p0.05_ic0.03,train,
SP500,ruble_emb_z,7,0.230312,-0.000612,0.032229,True,False,True,embedding_z90__market_return__M6_only__p0.05_ic0.03,train,
SP500,ruble_emb_z,30,0.156066,-0.000778,0.065642,True,False,True,embedding_z90__market_return__M6_only__p0.05_ic0.03,train,
SP500,sanctions_emb_z,7,0.050715,-0.000993,0.040578,True,False,True,embedding_z90__market_return__M6_only__p0.05_ic0.03,train,
SP500,sanctions_emb_z,14,0.726834,0.000185,0.077095,True,False,True,embedding_z90__market_return__M6_only__p0.05_ic0.03,train,
SP500,sanctions_emb_z,30,0.314705,0.000567,0.031682,True,False,True,embedding_z90__market_return__M6_only__p0.05_ic0.03,train,
SP500,inflation_emb_z,1,0.645562,0.000228,0.056153,True,False,True,embedding_z90__market_return__M6_only__p0.05_ic0.03,train,
SP500,inflation_emb_z,14,0.225563,-0.000643,0.071885,True,False,True,embedding_z90__market_return__M6_only__p0.05_ic0.03,train,
SP500,gold_emb_z,1,0.779879,-0.000141,0.057023,True,False,True,embedding_z90__market_return__M6_only__p0.05_ic0.03,train,
SP500,gold_emb_z,14,0.323658,0.000516,0.043381,True,False,True,embedding_z90__market_return__M6_only__p0.05_ic0.03,train,
SP500,gold_emb_z,30,0.718202,0.000201,0.053536,True,False,True,embedding_z90__market_return__M6_only__p0.05_ic0.03,train,
USD_RUB,rate_emb_z,1,0.161218,-0.001839,0.042647,True,False,True,embedding_z90__market_return__M6_only__p0.05_ic0.03,train,
USD_RUB,rate_emb_z,7,0.097712,0.002245,0.098642,True,False,True,embedding_z90__market_return__M6_only__p0.05_ic0.03,train,
USD_RUB,rate_emb_z,14,0.039235,0.002911,0.064475,True,True,True,embedding_z90__market_return__M6_only__p0.05_ic0.03,train,
USD_RUB,ruble_emb_z,1,0.168741,0.001837,0.030367,True,False,True,embedding_z90__market_return__M6_only__p0.05_ic0.03,train,
USD_RUB,ruble_emb_z,14,0.157377,-0.0021,0.043788,True,False,True,embedding_z90__market_return__M6_only__p0.05_ic0.03,train,
USD_RUB,ruble_emb_z,30,0.779693,0.000236,0.035544,True,False,True,embedding_z90__market_return__M6_only__p0.05_ic0.03,train,
USD_RUB,sanctions_emb_z,7,0.889795,-0.000193,0.050998,True,False,True,embedding_z90__market_return__M6_only__p0.05_ic0.03,train,
USD_RUB,sanctions_emb_z,30,0.412762,-0.000645,0.04901,True,False,True,embedding_z90__market_return__M6_only__p0.05_ic0.03,train,
USD_RUB,inflation_emb_z,1,0.055339,-0.002521,0.04125,True,False,True,embedding_z90__market_return__M6_only__p0.05_ic0.03,train,
USD_RUB,inflation_emb_z,7,0.769728,-0.000403,0.033074,True,False,True,embedding_z90__market_return__M6_only__p0.05_ic0.03,train,
USD_RUB,inflation_emb_z,14,0.805743,-0.000363,0.033674,True,False,True,embedding_z90__market_return__M6_only__p0.05_ic0.03,train,
USD_RUB,inflation_emb_z,30,0.580205,0.000448,0.088368,True,False,True,embedding_z90__market_return__M6_only__p0.05_ic0.03,train,
USD_RUB,banking_emb_z,1,0.912559,-0.000146,0.043391,True,False,True,embedding_z90__market_return__M6_only__p0.05_ic0.03,train,
USD_RUB,banking_emb_z,7,0.694256,0.000546,0.113689,True,False,True,embedding_z90__market_return__M6_only__p0.05_ic0.03,train,
USD_RUB,banking_emb_z,14,0.812313,0.000347,0.033673,True,False,True,embedding_z90__market_return__M6_only__p0.05_ic0.03,train,
USD_RUB,gold_emb_z,1,0.5974,0.000708,0.050051,True,False,True,embedding_z90__market_return__M6_only__p0.05_ic0.03,train,
USD_RUB,gold_emb_z,7,0.785058,0.000374,0.104345,True,False,True,embedding_z90__market_return__M6_only__p0.05_ic0.03,train,
USD_RUB,gold_emb_z,30,0.263161,-0.000888,0.04315,True,False,True,embedding_z90__market_return__M6_only__p0.05_ic0.03,train,
EUR_RUB,rate_emb_z,1,0.161218,-0.001839,0.042647,True,False,True,embedding_z90__market_return__M6_only__p0.05_ic0.03,train,
EUR_RUB,rate_emb_z,7,0.097712,0.002245,0.098642,True,False,True,embedding_z90__market_return__M6_only__p0.05_ic0.03,train,
EUR_RUB,rate_emb_z,14,0.039235,0.002911,0.064475,True,True,True,embedding_z90__market_return__M6_only__p0.05_ic0.03,train,
EUR_RUB,ruble_emb_z,1,0.168741,0.001837,0.030367,True,False,True,embedding_z90__market_return__M6_only__p0.05_ic0.03,train,
EUR_RUB,ruble_emb_z,14,0.157377,-0.0021,0.043788,True,False,True,embedding_z90__market_return__M6_only__p0.05_ic0.03,train,
EUR_RUB,ruble_emb_z,30,0.779693,0.000236,0.035544,True,False,True,embedding_z90__market_return__M6_only__p0.05_ic0.03,train,
EUR_RUB,sanctions_emb_z,7,0.889795,-0.000193,0.050998,True,False,True,embedding_z90__market_return__M6_only__p0.05_ic0.03,train,
EUR_RUB,sanctions_emb_z,30,0.412762,-0.000645,0.04901,True,False,True,embedding_z90__market_return__M6_only__p0.05_ic0.03,train,
EUR_RUB,inflation_emb_z,1,0.055339,-0.002521,0.04125,True,False,True,embedding_z90__market_return__M6_only__p0.05_ic0.03,train,
EUR_RUB,inflation_emb_z,7,0.769728,-0.000403,0.033074,True,False,True,embedding_z90__market_return__M6_only__p0.05_ic0.03,train,
EUR_RUB,inflation_emb_z,14,0.805743,-0.000363,0.033674,True,False,True,embedding_z90__market_return__M6_only__p0.05_ic0.03,train,
EUR_RUB,inflation_emb_z,30,0.580205,0.000448,0.088368,True,False,True,embedding_z90__market_return__M6_only__p0.05_ic0.03,train,
EUR_RUB,banking_emb_z,1,0.912559,-0.000146,0.043391,True,False,True,embedding_z90__market_return__M6_only__p0.05_ic0.03,train,
EUR_RUB,banking_emb_z,7,0.694256,0.000546,0.113689,True,False,True,embedding_z90__market_return__M6_only__p0.05_ic0.03,train,
EUR_RUB,banking_emb_z,14,0.812313,0.000347,0.033673,True,False,True,embedding_z90__market_return__M6_only__p0.05_ic0.03,train,
EUR_RUB,gold_emb_z,1,0.5974,0.000708,0.050051,True,False,True,embedding_z90__market_return__M6_only__p0.05_ic0.03,train,
EUR_RUB,gold_emb_z,7,0.785058,0.000374,0.104345,True,False,True,embedding_z90__market_return__M6_only__p0.05_ic0.03,train,
EUR_RUB,gold_emb_z,30,0.263161,-0.000888,0.04315,True,False,True,embedding_z90__market_return__M6_only__p0.05_ic0.03,train,
DJ_SOUTH_AFRICA,oil_emb_z,1,0.822058,0.00012,0.112447,True,False,True,embedding_z90__market_return__M6_only__p0.05_ic0.03,train,
DJ_SOUTH_AFRICA,oil_emb_z,30,0.63886,-0.000163,0.101432,True,False,True,embedding_z90__market_return__M6_only__p0.05_ic0.03,train,
DJ_SOUTH_AFRICA,rate_emb_z,14,0.523439,-0.00036,0.04181,True,False,True,embedding_z90__market_return__M6_only__p0.05_ic0.03,train,
DJ_SOUTH_AFRICA,rate_emb_z,30,0.35923,-0.000343,0.061092,True,False,True,embedding_z90__market_return__M6_only__p0.05_ic0.03,train,
DJ_SOUTH_AFRICA,sanctions_emb_z,7,0.043419,0.001124,0.067035,True,True,True,embedding_z90__market_return__M6_only__p0.05_ic0.03,train,
DJ_SOUTH_AFRICA,inflation_emb_z,1,0.320137,-0.000531,0.044924,True,False,True,embedding_z90__market_return__M6_only__p0.05_ic0.03,train,
DJ_SOUTH_AFRICA,inflation_emb_z,30,0.880861,5.7e-05,0.092205,True,False,True,embedding_z90__market_return__M6_only__p0.05_ic0.03,train,
DJ_SOUTH_AFRICA,banking_emb_z,1,0.391813,0.000462,0.060376,True,False,True,embedding_z90__market_return__M6_only__p0.05_ic0.03,train,
DJ_SOUTH_AFRICA,banking_emb_z,14,0.503323,0.000391,0.054749,True,False,True,embedding_z90__market_return__M6_only__p0.05_ic0.03,train,
DJ_SOUTH_AFRICA,banking_emb_z,30,0.698348,0.000146,0.031404,True,False,True,embedding_z90__market_return__M6_only__p0.05_ic0.03,train,
DJ_SOUTH_AFRICA,gold_emb_z,7,0.206396,0.000705,0.079831,True,False,True,embedding_z90__market_return__M6_only__p0.05_ic0.03,train,
MSCI_WORLD,oil_emb_z,1,0.268919,0.000577,0.151416,True,False,True,embedding_z90__market_return__M6_only__p0.05_ic0.03,train,
MSCI_WORLD,oil_emb_z,7,0.22102,0.000651,0.065685,True,False,True,embedding_z90__market_return__M6_only__p0.05_ic0.03,train,
MSCI_WORLD,rate_emb_z,7,0.122848,0.000814,0.053908,True,False,True,embedding_z90__market_return__M6_only__p0.05_ic0.03,train,
MSCI_WORLD,rate_emb_z,14,0.128562,-0.000833,0.038106,True,False,True,embedding_z90__market_return__M6_only__p0.05_ic0.03,train,
MSCI_WORLD,ruble_emb_z,1,0.16644,0.000729,0.071072,True,False,True,embedding_z90__market_return__M6_only__p0.05_ic0.03,train,
MSCI_WORLD,ruble_emb_z,14,0.991989,6e-06,0.032393,True,False,True,embedding_z90__market_return__M6_only__p0.05_ic0.03,train,
MSCI_WORLD,ruble_emb_z,30,0.484065,0.000271,0.035292,True,False,True,embedding_z90__market_return__M6_only__p0.05_ic0.03,train,
MSCI_WORLD,sanctions_emb_z,1,0.540817,0.000321,0.036053,True,False,True,embedding_z90__market_return__M6_only__p0.05_ic0.03,train,
MSCI_WORLD,sanctions_emb_z,7,0.570038,-0.000306,0.059772,True,False,True,embedding_z90__market_return__M6_only__p0.05_ic0.03,train,
MSCI_WORLD,sanctions_emb_z,14,0.973549,-1.9e-05,0.089433,True,False,True,embedding_z90__market_return__M6_only__p0.05_ic0.03,train,
MSCI_WORLD,inflation_emb_z,7,0.8886,-7.5e-05,0.074211,True,False,True,embedding_z90__market_return__M6_only__p0.05_ic0.03,train,
MSCI_WORLD,inflation_emb_z,14,0.727598,0.000197,0.047668,True,False,True,embedding_z90__market_return__M6_only__p0.05_ic0.03,train,
MSCI_WORLD,inflation_emb_z,30,0.93931,3.2e-05,0.070899,True,False,True,embedding_z90__market_return__M6_only__p0.05_ic0.03,train,
MSCI_WORLD,banking_emb_z,7,0.622836,0.000267,0.059742,True,False,True,embedding_z90__market_return__M6_only__p0.05_ic0.03,train,
MSCI_WORLD,banking_emb_z,14,0.171165,0.000769,0.060336,True,False,True,embedding_z90__market_return__M6_only__p0.05_ic0.03,train,
MSCI_WORLD,gold_emb_z,1,0.645725,0.000244,0.038333,True,False,True,embedding_z90__market_return__M6_only__p0.05_ic0.03,train,
DXY,oil_emb_z,1,0.473565,0.000181,0.054603,True,False,True,embedding_z90__market_return__M6_only__p0.05_ic0.03,train,
DXY,oil_emb_z,7,0.442328,-0.000198,0.09271,True,False,True,embedding_z90__market_return__M6_only__p0.05_ic0.03,train,
DXY,oil_emb_z,14,0.640842,0.000124,0.096748,True,False,True,embedding_z90__market_return__M6_only__p0.05_ic0.03,train,
DXY,rate_emb_z,1,0.826551,5.5e-05,0.079893,True,False,True,embedding_z90__market_return__M6_only__p0.05_ic0.03,train,
DXY,rate_emb_z,14,0.028758,0.00058,0.047579,True,True,True,embedding_z90__market_return__M6_only__p0.05_ic0.03,train,
DXY,rate_emb_z,30,0.304793,0.000181,0.117905,True,False,True,embedding_z90__market_return__M6_only__p0.05_ic0.03,train,
DXY,ruble_emb_z,14,0.845659,-5.5e-05,0.064545,True,False,True,embedding_z90__market_return__M6_only__p0.05_ic0.03,train,
DXY,ruble_emb_z,30,0.550514,-0.000112,0.090032,True,False,True,embedding_z90__market_return__M6_only__p0.05_ic0.03,train,
DXY,sanctions_emb_z,7,0.706887,-0.0001,0.031745,True,False,True,embedding_z90__market_return__M6_only__p0.05_ic0.03,train,
DXY,sanctions_emb_z,14,0.413879,0.00023,0.033622,True,False,True,embedding_z90__market_return__M6_only__p0.05_ic0.03,train,
DXY,sanctions_emb_z,30,0.719967,-5.8e-05,0.03397,True,False,True,embedding_z90__market_return__M6_only__p0.05_ic0.03,train,
DXY,inflation_emb_z,1,0.438183,0.000196,0.063186,True,False,True,embedding_z90__market_return__M6_only__p0.05_ic0.03,train,
DXY,inflation_emb_z,7,0.298223,0.00027,0.052631,True,False,True,embedding_z90__market_return__M6_only__p0.05_ic0.03,train,
DXY,inflation_emb_z,14,0.351209,-0.000258,0.076156,True,False,True,embedding_z90__market_return__M6_only__p0.05_ic0.03,train,
DXY,inflation_emb_z,30,0.989293,2e-06,0.031067,True,False,True,embedding_z90__market_return__M6_only__p0.05_ic0.03,train,
DXY,banking_emb_z,1,0.373889,-0.000225,0.035646,True,False,True,embedding_z90__market_return__M6_only__p0.05_ic0.03,train,
DXY,banking_emb_z,14,0.512794,-0.00018,0.083084,True,False,True,embedding_z90__market_return__M6_only__p0.05_ic0.03,train,
DXY,banking_emb_z,30,0.78769,4.6e-05,0.044312,True,False,True,embedding_z90__market_return__M6_only__p0.05_ic0.03,train,
DXY,gold_emb_z,7,0.971167,-9e-06,0.032025,True,False,True,embedding_z90__market_return__M6_only__p0.05_ic0.03,train,
DXY,gold_emb_z,30,0.922834,1.6e-05,0.043246,True,False,True,embedding_z90__market_return__M6_only__p0.05_ic0.03,train,
BRENT,oil_emb_z,1,0.101094,-0.001982,0.03466,True,False,True,embedding_z90__market_return__M6_only__p0.05_ic0.03,train,
BRENT,rate_emb_z,1,0.414175,-0.000983,0.045007,True,False,True,embedding_z90__market_return__M6_only__p0.05_ic0.03,train,
BRENT,rate_emb_z,7,0.326663,0.001206,0.081263,True,False,True,embedding_z90__market_return__M6_only__p0.05_ic0.03,train,
BRENT,rate_emb_z,14,0.947364,8.5e-05,0.078799,True,False,True,embedding_z90__market_return__M6_only__p0.05_ic0.03,train,
BRENT,rate_emb_z,30,0.368897,-0.000764,0.033054,True,False,True,embedding_z90__market_return__M6_only__p0.05_ic0.03,train,
BRENT,ruble_emb_z,7,0.163579,-0.001779,0.042149,True,False,True,embedding_z90__market_return__M6_only__p0.05_ic0.03,train,
BRENT,ruble_emb_z,14,0.605463,0.000704,0.088246,True,False,True,embedding_z90__market_return__M6_only__p0.05_ic0.03,train,
BRENT,sanctions_emb_z,7,0.335511,0.001229,0.041514,True,False,True,embedding_z90__market_return__M6_only__p0.05_ic0.03,train,
BRENT,sanctions_emb_z,30,0.760385,-0.000234,0.113409,True,False,True,embedding_z90__market_return__M6_only__p0.05_ic0.03,train,
BRENT,inflation_emb_z,7,0.135385,0.001872,0.140175,True,False,True,embedding_z90__market_return__M6_only__p0.05_ic0.03,train,
BRENT,inflation_emb_z,14,0.451354,0.001002,0.034751,True,False,True,embedding_z90__market_return__M6_only__p0.05_ic0.03,train,
BRENT,inflation_emb_z,30,0.429857,0.000626,0.038342,True,False,True,embedding_z90__market_return__M6_only__p0.05_ic0.03,train,
BRENT,banking_emb_z,1,0.868945,0.0002,0.122077,True,False,True,embedding_z90__market_return__M6_only__p0.05_ic0.03,train,
BRENT,gold_emb_z,1,0.619834,0.000611,0.032768,True,False,True,embedding_z90__market_return__M6_only__p0.05_ic0.03,train,
BRENT,gold_emb_z,30,0.372379,0.000684,0.088732,True,False,True,embedding_z90__market_return__M6_only__p0.05_ic0.03,train,
MSCI_INDIA,oil_emb_z,1,0.678437,0.000207,0.084001,True,False,True,embedding_z90__market_return__M6_only__p0.05_ic0.03,train,
MSCI_INDIA,oil_emb_z,7,0.078856,0.000897,0.07013,True,False,True,embedding_z90__market_return__M6_only__p0.05_ic0.03,train,
MSCI_INDIA,oil_emb_z,30,0.942428,-2.3e-05,0.079652,True,False,True,embedding_z90__market_return__M6_only__p0.05_ic0.03,train,
MSCI_INDIA,rate_emb_z,1,0.185486,0.00066,0.07188,True,False,True,embedding_z90__market_return__M6_only__p0.05_ic0.03,train,
MSCI_INDIA,rate_emb_z,7,0.925865,4.7e-05,0.098754,True,False,True,embedding_z90__market_return__M6_only__p0.05_ic0.03,train,
MSCI_INDIA,ruble_emb_z,1,0.537178,0.00031,0.063824,True,False,True,embedding_z90__market_return__M6_only__p0.05_ic0.03,train,
MSCI_INDIA,ruble_emb_z,7,0.310034,0.000528,0.036719,True,False,True,embedding_z90__market_return__M6_only__p0.05_ic0.03,train,
MSCI_INDIA,ruble_emb_z,30,0.170543,0.000461,0.068637,True,False,True,embedding_z90__market_return__M6_only__p0.05_ic0.03,train,
MSCI_INDIA,sanctions_emb_z,1,0.598807,-0.000265,0.049494,True,False,True,embedding_z90__market_return__M6_only__p0.05_ic0.03,train,
MSCI_INDIA,sanctions_emb_z,7,0.893247,-7e-05,0.058599,True,False,True,embedding_z90__market_return__M6_only__p0.05_ic0.03,train,
MSCI_INDIA,inflation_emb_z,14,0.020903,0.001228,0.06993,True,True,True,embedding_z90__market_return__M6_only__p0.05_ic0.03,train,
MSCI_INDIA,banking_emb_z,30,0.929387,-2.6e-05,0.057737,True,False,True,embedding_z90__market_return__M6_only__p0.05_ic0.03,train,
MSCI_INDIA,gold_emb_z,1,0.697883,0.000197,0.059428,True,False,True,embedding_z90__market_return__M6_only__p0.05_ic0.03,train,
MSCI_INDIA,gold_emb_z,7,0.593983,0.000276,0.054493,True,False,True,embedding_z90__market_return__M6_only__p0.05_ic0.03,train,
MSCI_INDIA,gold_emb_z,30,0.868112,5.5e-05,0.058238,True,False,True,embedding_z90__market_return__M6_only__p0.05_ic0.03,train,
CHINA_H_SHARES,oil_emb_z,1,0.989331,1.4e-05,0.072397,True,False,True,embedding_z90__market_return__M6_only__p0.05_ic0.03,train,
CHINA_H_SHARES,oil_emb_z,30,0.705718,0.000276,0.036195,True,False,True,embedding_z90__market_return__M6_only__p0.05_ic0.03,train,
CHINA_H_SHARES,rate_emb_z,14,0.036422,-0.002351,0.040293,True,True,True,embedding_z90__market_return__M6_only__p0.05_ic0.03,train,
CHINA_H_SHARES,rate_emb_z,30,0.48603,0.000502,0.091044,True,False,True,embedding_z90__market_return__M6_only__p0.05_ic0.03,train,
CHINA_H_SHARES,ruble_emb_z,1,0.128777,0.001608,0.06513,True,False,True,embedding_z90__market_return__M6_only__p0.05_ic0.03,train,
CHINA_H_SHARES,ruble_emb_z,7,0.025801,-0.002464,0.093652,True,True,True,embedding_z90__market_return__M6_only__p0.05_ic0.03,train,
CHINA_H_SHARES,ruble_emb_z,14,0.663863,0.000504,0.069653,True,False,True,embedding_z90__market_return__M6_only__p0.05_ic0.03,train,
CHINA_H_SHARES,ruble_emb_z,30,0.853044,0.000148,0.038324,True,False,True,embedding_z90__market_return__M6_only__p0.05_ic0.03,train,
CHINA_H_SHARES,sanctions_emb_z,1,0.471241,-0.00076,0.056664,True,False,True,embedding_z90__market_return__M6_only__p0.05_ic0.03,train,
CHINA_H_SHARES,sanctions_emb_z,7,0.46036,0.000808,0.09713,True,False,True,embedding_z90__market_return__M6_only__p0.05_ic0.03,train,
CHINA_H_SHARES,sanctions_emb_z,30,0.991188,8e-06,0.059931,True,False,True,embedding_z90__market_return__M6_only__p0.05_ic0.03,train,
CHINA_H_SHARES,inflation_emb_z,7,0.90884,0.000124,0.078989,True,False,True,embedding_z90__market_return__M6_only__p0.05_ic0.03,train,
CHINA_H_SHARES,inflation_emb_z,14,0.09939,-0.001905,0.068112,True,False,True,embedding_z90__market_return__M6_only__p0.05_ic0.03,train,
CHINA_H_SHARES,inflation_emb_z,30,0.63748,0.000369,0.069353,True,False,True,embedding_z90__market_return__M6_only__p0.05_ic0.03,train,
CHINA_H_SHARES,banking_emb_z,1,0.9391,-8e-05,0.050289,True,False,True,embedding_z90__market_return__M6_only__p0.05_ic0.03,train,
CHINA_H_SHARES,banking_emb_z,7,0.868142,0.000181,0.038664,True,False,True,embedding_z90__market_return__M6_only__p0.05_ic0.03,train,
CHINA_H_SHARES,banking_emb_z,14,0.874101,0.000179,0.120609,True,False,True,embedding_z90__market_return__M6_only__p0.05_ic0.03,train,
CHINA_H_SHARES,gold_emb_z,7,0.969765,-4.1e-05,0.038303,True,False,True,embedding_z90__market_return__M6_only__p0.05_ic0.03,train,
FTSE_CHINA_50,oil_emb_z,1,0.849094,0.000211,0.040491,True,False,True,embedding_z90__market_return__M6_only__p0.05_ic0.03,train,
FTSE_CHINA_50,rate_emb_z,7,0.744433,0.000372,0.036532,True,False,True,embedding_z90__market_return__M6_only__p0.05_ic0.03,train,
FTSE_CHINA_50,rate_emb_z,14,0.035676,-0.0025,0.042056,True,True,True,embedding_z90__market_return__M6_only__p0.05_ic0.03,train,
FTSE_CHINA_50,rate_emb_z,30,0.312138,0.00079,0.073977,True,False,True,embedding_z90__market_return__M6_only__p0.05_ic0.03,train,
FTSE_CHINA_50,ruble_emb_z,1,0.078414,0.00198,0.08095,True,False,True,embedding_z90__market_return__M6_only__p0.05_ic0.03,train,
FTSE_CHINA_50,ruble_emb_z,7,0.046436,-0.002339,0.084125,True,True,True,embedding_z90__market_return__M6_only__p0.05_ic0.03,train,
FTSE_CHINA_50,ruble_emb_z,14,0.617417,0.000612,0.073205,True,False,True,embedding_z90__market_return__M6_only__p0.05_ic0.03,train,
FTSE_CHINA_50,ruble_emb_z,30,0.832881,0.000181,0.044312,True,False,True,embedding_z90__market_return__M6_only__p0.05_ic0.03,train,
FTSE_CHINA_50,sanctions_emb_z,1,0.341016,-0.001068,0.034593,True,False,True,embedding_z90__market_return__M6_only__p0.05_ic0.03,train,
FTSE_CHINA_50,sanctions_emb_z,7,0.507616,0.000769,0.094293,True,False,True,embedding_z90__market_return__M6_only__p0.05_ic0.03,train,
FTSE_CHINA_50,sanctions_emb_z,30,0.810469,-0.000186,0.043202,True,False,True,embedding_z90__market_return__M6_only__p0.05_ic0.03,train,
FTSE_CHINA_50,inflation_emb_z,7,0.922662,0.000112,0.068718,True,False,True,embedding_z90__market_return__M6_only__p0.05_ic0.03,train,
FTSE_CHINA_50,inflation_emb_z,14,0.099165,-0.002017,0.065091,True,False,True,embedding_z90__market_return__M6_only__p0.05_ic0.03,train,
FTSE_CHINA_50,inflation_emb_z,30,0.542682,0.000511,0.089445,True,False,True,embedding_z90__market_return__M6_only__p0.05_ic0.03,train,
FTSE_CHINA_50,banking_emb_z,1,0.936308,-8.9e-05,0.031772,True,False,True,embedding_z90__market_return__M6_only__p0.05_ic0.03,train,
FTSE_CHINA_50,banking_emb_z,7,0.632479,0.000554,0.03153,True,False,True,embedding_z90__market_return__M6_only__p0.05_ic0.03,train,
FTSE_CHINA_50,banking_emb_z,14,0.796727,0.000309,0.10356,True,False,True,embedding_z90__market_return__M6_only__p0.05_ic0.03,train,
FTSE_CHINA_50,gold_emb_z,7,0.725135,0.000409,0.061228,True,False,True,embedding_z90__market_return__M6_only__p0.05_ic0.03,train,
GOLD,oil_emb_z,14,0.26196,0.000675,0.058082,True,False,True,embedding_z90__market_return__M6_only__p0.05_ic0.03,train,
GOLD,oil_emb_z,30,0.64834,-0.00013,0.060488,True,False,True,embedding_z90__market_return__M6_only__p0.05_ic0.03,train,
GOLD,rate_emb_z,1,0.74566,-0.000183,0.096342,True,False,True,embedding_z90__market_return__M6_only__p0.05_ic0.03,train,
GOLD,rate_emb_z,14,0.395775,-0.000527,0.043155,True,False,True,embedding_z90__market_return__M6_only__p0.05_ic0.03,train,
GOLD,rate_emb_z,30,0.951817,1.6e-05,0.124699,True,False,True,embedding_z90__market_return__M6_only__p0.05_ic0.03,train,
GOLD,ruble_emb_z,7,0.101856,-0.000971,0.045909,True,False,True,embedding_z90__market_return__M6_only__p0.05_ic0.03,train,
GOLD,ruble_emb_z,14,0.628469,0.000301,0.065019,True,False,True,embedding_z90__market_return__M6_only__p0.05_ic0.03,train,
GOLD,ruble_emb_z,30,0.999498,0.0,0.090841,True,False,True,embedding_z90__market_return__M6_only__p0.05_ic0.03,train,
GOLD,sanctions_emb_z,1,0.649704,-0.000255,0.070906,True,False,True,embedding_z90__market_return__M6_only__p0.05_ic0.03,train,
GOLD,sanctions_emb_z,14,0.296304,0.000641,0.058287,True,False,True,embedding_z90__market_return__M6_only__p0.05_ic0.03,train,
GOLD,sanctions_emb_z,30,0.975628,8e-06,0.077071,True,False,True,embedding_z90__market_return__M6_only__p0.05_ic0.03,train,
GOLD,inflation_emb_z,1,0.83496,-0.000117,0.128785,True,False,True,embedding_z90__market_return__M6_only__p0.05_ic0.03,train,
GOLD,inflation_emb_z,14,0.799586,0.000163,0.066495,True,False,True,embedding_z90__market_return__M6_only__p0.05_ic0.03,train,
GOLD,banking_emb_z,1,0.126602,-0.000862,0.052385,True,False,True,embedding_z90__market_return__M6_only__p0.05_ic0.03,train,
GOLD,banking_emb_z,14,0.441004,-0.000486,0.048071,True,False,True,embedding_z90__market_return__M6_only__p0.05_ic0.03,train,
GOLD,gold_emb_z,1,0.691988,-0.000224,0.067288,True,False,True,embedding_z90__market_return__M6_only__p0.05_ic0.03,train,
GOLD,gold_emb_z,7,0.564501,-0.000336,0.137026,True,False,True,embedding_z90__market_return__M6_only__p0.05_ic0.03,train,
GOLD,gold_emb_z,30,0.481482,-0.000244,0.046056,True,False,True,embedding_z90__market_return__M6_only__p0.05_ic0.03,train,
SILVER,oil_emb_z,1,0.689505,0.000449,0.036607,True,False,True,embedding_z90__market_return__M6_only__p0.05_ic0.03,train,
SILVER,oil_emb_z,7,0.486952,-0.000785,0.036401,True,False,True,embedding_z90__market_return__M6_only__p0.05_ic0.03,train,
SILVER,oil_emb_z,14,0.987474,1.9e-05,0.054305,True,False,True,embedding_z90__market_return__M6_only__p0.05_ic0.03,train,
SILVER,rate_emb_z,1,0.750383,0.000361,0.050098,True,False,True,embedding_z90__market_return__M6_only__p0.05_ic0.03,train,
SILVER,rate_emb_z,7,0.145628,0.001677,0.033305,True,False,True,embedding_z90__market_return__M6_only__p0.05_ic0.03,train,
SILVER,rate_emb_z,30,0.765923,0.000172,0.050673,True,False,True,embedding_z90__market_return__M6_only__p0.05_ic0.03,train,
SILVER,ruble_emb_z,1,0.494833,0.00078,0.058891,True,False,True,embedding_z90__market_return__M6_only__p0.05_ic0.03,train,
SILVER,ruble_emb_z,7,0.427421,-0.000944,0.105801,True,False,True,embedding_z90__market_return__M6_only__p0.05_ic0.03,train,
SILVER,ruble_emb_z,14,0.455672,0.000917,0.045109,True,False,True,embedding_z90__market_return__M6_only__p0.05_ic0.03,train,
SILVER,ruble_emb_z,30,0.952872,-3.6e-05,0.091114,True,False,True,embedding_z90__market_return__M6_only__p0.05_ic0.03,train,
SILVER,sanctions_emb_z,1,0.865048,0.000192,0.079468,True,False,True,embedding_z90__market_return__M6_only__p0.05_ic0.03,train,
SILVER,sanctions_emb_z,14,0.651939,-0.000559,0.05629,True,False,True,embedding_z90__market_return__M6_only__p0.05_ic0.03,train,
SILVER,sanctions_emb_z,30,0.299903,0.000576,0.062767,True,False,True,embedding_z90__market_return__M6_only__p0.05_ic0.03,train,
SILVER,inflation_emb_z,1,0.536489,-0.000695,0.033185,True,False,True,embedding_z90__market_return__M6_only__p0.05_ic0.03,train,
SILVER,inflation_emb_z,14,0.469291,-0.000924,0.038465,True,False,True,embedding_z90__market_return__M6_only__p0.05_ic0.03,train,
SILVER,inflation_emb_z,30,0.396185,-0.000582,0.040414,True,False,True,embedding_z90__market_return__M6_only__p0.05_ic0.03,train,
SILVER,gold_emb_z,1,0.785433,0.000312,0.043285,True,False,True,embedding_z90__market_return__M6_only__p0.05_ic0.03,train,
SILVER,gold_emb_z,7,0.283329,-0.001264,0.058287,True,False,True,embedding_z90__market_return__M6_only__p0.05_ic0.03,train,
SILVER,gold_emb_z,14,0.967348,5e-05,0.054954,True,False,True,embedding_z90__market_return__M6_only__p0.05_ic0.03,train,
IMOEX,oil_emb_z,7,0.077517,0.002502,0.042592,True,False,True,embedding_z90__market_return__M6_only__p0.05_ic0.03,train,
IMOEX,rate_emb_z,7,0.209001,0.001786,0.085326,True,False,True,embedding_z90__market_return__M6_only__p0.05_ic0.03,train,
IMOEX,rate_emb_z,14,0.414272,-0.001208,0.094106,True,False,True,embedding_z90__market_return__M6_only__p0.05_ic0.03,train,
IMOEX,rate_emb_z,30,0.637936,0.000221,0.074024,True,False,True,embedding_z90__market_return__M6_only__p0.05_ic0.03,train,
IMOEX,ruble_emb_z,7,0.898333,-0.000185,0.036485,True,False,True,embedding_z90__market_return__M6_only__p0.05_ic0.03,train,
IMOEX,ruble_emb_z,14,0.560108,0.0009,0.086964,True,False,True,embedding_z90__market_return__M6_only__p0.05_ic0.03,train,
IMOEX,ruble_emb_z,30,0.485816,-0.000325,0.105196,True,False,True,embedding_z90__market_return__M6_only__p0.05_ic0.03,train,
IMOEX,sanctions_emb_z,1,0.865523,-0.000234,0.06355,True,False,True,embedding_z90__market_return__M6_only__p0.05_ic0.03,train,
IMOEX,sanctions_emb_z,7,0.12837,0.00223,0.040206,True,False,True,embedding_z90__market_return__M6_only__p0.05_ic0.03,train,
IMOEX,sanctions_emb_z,14,0.34393,-0.001467,0.098396,True,False,True,embedding_z90__market_return__M6_only__p0.05_ic0.03,train,
IMOEX,sanctions_emb_z,30,0.252844,0.000587,0.087702,True,False,True,embedding_z90__market_return__M6_only__p0.05_ic0.03,train,
IMOEX,inflation_emb_z,1,0.226854,-0.00166,0.088476,True,False,True,embedding_z90__market_return__M6_only__p0.05_ic0.03,train,
IMOEX,inflation_emb_z,7,0.477038,-0.00101,0.076025,True,False,True,embedding_z90__market_return__M6_only__p0.05_ic0.03,train,
IMOEX,inflation_emb_z,30,0.282693,0.000511,0.079385,True,False,True,embedding_z90__market_return__M6_only__p0.05_ic0.03,train,
IMOEX,banking_emb_z,7,0.435036,0.001145,0.047836,True,False,True,embedding_z90__market_return__M6_only__p0.05_ic0.03,train,
MOEXFN,oil_emb_z,7,0.138406,0.002295,0.041806,True,False,True,embedding_z90__market_return__M6_only__p0.05_ic0.03,train,
MOEXFN,oil_emb_z,30,0.323362,-0.000525,0.103638,True,False,True,embedding_z90__market_return__M6_only__p0.05_ic0.03,train,
MOEXFN,rate_emb_z,14,0.128284,-0.002436,0.07448,True,False,True,embedding_z90__market_return__M6_only__p0.05_ic0.03,train,
MOEXFN,ruble_emb_z,1,0.196995,0.001972,0.033098,True,False,True,embedding_z90__market_return__M6_only__p0.05_ic0.03,train,
MOEXFN,ruble_emb_z,14,0.992481,-1.6e-05,0.047131,True,False,True,embedding_z90__market_return__M6_only__p0.05_ic0.03,train,
MOEXFN,ruble_emb_z,30,0.890816,-7.4e-05,0.099603,True,False,True,embedding_z90__market_return__M6_only__p0.05_ic0.03,train,
MOEXFN,sanctions_emb_z,30,0.382997,0.000464,0.052002,True,False,True,embedding_z90__market_return__M6_only__p0.05_ic0.03,train,
MOEXFN,inflation_emb_z,7,0.496781,-0.001058,0.10503,True,False,True,embedding_z90__market_return__M6_only__p0.05_ic0.03,train,
MOEXFN,inflation_emb_z,14,0.965802,-7.2e-05,0.033403,True,False,True,embedding_z90__market_return__M6_only__p0.05_ic0.03,train,
MOEXFN,inflation_emb_z,30,0.688378,0.000201,0.035354,True,False,True,embedding_z90__market_return__M6_only__p0.05_ic0.03,train,
MOEXFN,banking_emb_z,30,0.734112,-0.000183,0.05032,True,False,True,embedding_z90__market_return__M6_only__p0.05_ic0.03,train,
MOEXFN,gold_emb_z,14,0.275798,-0.001786,0.043025,True,False,True,embedding_z90__market_return__M6_only__p0.05_ic0.03,train,
MOEXOG,oil_emb_z,1,0.71351,-0.000507,0.071773,True,False,True,embedding_z90__market_return__M6_only__p0.05_ic0.03,train,
MOEXOG,oil_emb_z,7,0.073344,0.002572,0.105886,True,False,True,embedding_z90__market_return__M6_only__p0.05_ic0.03,train,
MOEXOG,oil_emb_z,14,0.904321,-0.000179,0.062026,True,False,True,embedding_z90__market_return__M6_only__p0.05_ic0.03,train,
MOEXOG,oil_emb_z,30,0.106868,-0.000744,0.073579,True,False,True,embedding_z90__market_return__M6_only__p0.05_ic0.03,train,
MOEXOG,rate_emb_z,7,0.075462,0.002546,0.072166,True,False,True,embedding_z90__market_return__M6_only__p0.05_ic0.03,train,
MOEXOG,rate_emb_z,14,0.629484,-0.000727,0.100173,True,False,True,embedding_z90__market_return__M6_only__p0.05_ic0.03,train,
MOEXOG,rate_emb_z,30,0.467107,0.000338,0.076967,True,False,True,embedding_z90__market_return__M6_only__p0.05_ic0.03,train,
MOEXOG,ruble_emb_z,14,0.779669,0.000431,0.051927,True,False,True,embedding_z90__market_return__M6_only__p0.05_ic0.03,train,
MOEXOG,ruble_emb_z,30,0.185855,-0.000655,0.075982,True,False,True,embedding_z90__market_return__M6_only__p0.05_ic0.03,train,
MOEXOG,sanctions_emb_z,7,0.216073,0.001835,0.040521,True,False,True,embedding_z90__market_return__M6_only__p0.05_ic0.03,train,
MOEXOG,inflation_emb_z,1,0.166865,-0.001907,0.086346,True,False,True,embedding_z90__market_return__M6_only__p0.05_ic0.03,train,
MOEXOG,inflation_emb_z,7,0.431972,-0.001128,0.036017,True,False,True,embedding_z90__market_return__M6_only__p0.05_ic0.03,train,
MOEXOG,inflation_emb_z,30,0.338932,0.000462,0.047208,True,False,True,embedding_z90__market_return__M6_only__p0.05_ic0.03,train,
MOEXOG,banking_emb_z,30,0.71244,-0.000168,0.058371,True,False,True,embedding_z90__market_return__M6_only__p0.05_ic0.03,train,
MOEXOG,gold_emb_z,1,0.675462,-0.000585,0.034714,True,False,True,embedding_z90__market_return__M6_only__p0.05_ic0.03,train,
MOEXOG,gold_emb_z,7,0.209179,-0.001811,0.082905,True,False,True,embedding_z90__market_return__M6_only__p0.05_ic0.03,train,
MOEXOG,gold_emb_z,14,0.484511,-0.001058,0.07782,True,False,True,embedding_z90__market_return__M6_only__p0.05_ic0.03,train,
MOEXOG,gold_emb_z,30,0.577072,0.000256,0.031933,True,False,True,embedding_z90__market_return__M6_only__p0.05_ic0.03,train,
MOEX10,oil_emb_z,14,0.724427,0.00049,0.030086,True,False,True,embedding_z90__market_return__M6_only__p0.05_ic0.03,train,
MOEX10,oil_emb_z,30,0.153239,-0.00063,0.093958,True,False,True,embedding_z90__market_return__M6_only__p0.05_ic0.03,train,
MOEX10,rate_emb_z,14,0.536228,-0.000869,0.061519,True,False,True,embedding_z90__market_return__M6_only__p0.05_ic0.03,train,
MOEX10,ruble_emb_z,1,0.21011,0.001651,0.066735,True,False,True,embedding_z90__market_return__M6_only__p0.05_ic0.03,train,
MOEX10,ruble_emb_z,30,0.17112,-0.000637,0.094721,True,False,True,embedding_z90__market_return__M6_only__p0.05_ic0.03,train,
MOEX10,sanctions_emb_z,14,0.150105,-0.002082,0.042966,True,False,True,embedding_z90__market_return__M6_only__p0.05_ic0.03,train,
MOEX10,inflation_emb_z,1,0.296255,-0.001358,0.046507,True,False,True,embedding_z90__market_return__M6_only__p0.05_ic0.03,train,
MOEX10,inflation_emb_z,7,0.488705,-0.000931,0.068487,True,False,True,embedding_z90__market_return__M6_only__p0.05_ic0.03,train,
MOEX10,inflation_emb_z,14,0.898474,0.000185,0.050496,True,False,True,embedding_z90__market_return__M6_only__p0.05_ic0.03,train,
MOEX10,banking_emb_z,14,0.780737,0.000401,0.046417,True,False,True,embedding_z90__market_return__M6_only__p0.05_ic0.03,train,
MOEX10,banking_emb_z,30,0.650029,-0.000218,0.079589,True,False,True,embedding_z90__market_return__M6_only__p0.05_ic0.03,train,
MOEX10,gold_emb_z,30,0.79723,0.00011,0.051724,True,False,True,embedding_z90__market_return__M6_only__p0.05_ic0.03,train,
SP500,oil_emb_z,1,0.797567,-0.00014,0.071042,True,False,True,embedding_z90__market_return__M6_only__p0.05_ic0.03,val,
SP500,oil_emb_z,7,0.166632,0.000765,0.053053,True,False,True,embedding_z90__market_return__M6_only__p0.05_ic0.03,val,
SP500,oil_emb_z,14,0.545664,-0.000355,0.06028,True,False,True,embedding_z90__market_return__M6_only__p0.05_ic0.03,val,
SP500,rate_emb_z,14,0.600603,-0.000304,0.068789,True,False,True,embedding_z90__market_return__M6_only__p0.05_ic0.03,val,
SP500,rate_emb_z,30,0.886785,6e-05,0.074508,True,False,True,embedding_z90__market_return__M6_only__p0.05_ic0.03,val,
SP500,ruble_emb_z,1,0.193992,-0.000721,0.087477,True,False,True,embedding_z90__market_return__M6_only__p0.05_ic0.03,val,
SP500,ruble_emb_z,7,0.436507,0.000455,0.065296,True,False,True,embedding_z90__market_return__M6_only__p0.05_ic0.03,val,
SP500,sanctions_emb_z,14,0.51804,0.000407,0.050112,True,False,True,embedding_z90__market_return__M6_only__p0.05_ic0.03,val,
SP500,sanctions_emb_z,30,0.458736,-0.00038,0.100177,True,False,True,embedding_z90__market_return__M6_only__p0.05_ic0.03,val,
SP500,inflation_emb_z,1,0.764967,0.000166,0.079962,True,False,True,embedding_z90__market_return__M6_only__p0.05_ic0.03,val,
SP500,inflation_emb_z,14,0.594304,0.00032,0.076876,True,False,True,embedding_z90__market_return__M6_only__p0.05_ic0.03,val,
SP500,gold_emb_z,14,0.739773,-0.000202,0.034916,True,False,True,embedding_z90__market_return__M6_only__p0.05_ic0.03,val,
SP500,gold_emb_z,30,0.484319,0.000293,0.165086,True,False,True,embedding_z90__market_return__M6_only__p0.05_ic0.03,val,
USD_RUB,rate_emb_z,1,0.580541,-0.000411,0.093478,True,False,True,embedding_z90__market_return__M6_only__p0.05_ic0.03,val,
USD_RUB,rate_emb_z,7,0.785345,0.000209,0.057496,True,False,True,embedding_z90__market_return__M6_only__p0.05_ic0.03,val,
USD_RUB,ruble_emb_z,14,0.862549,0.000149,0.061715,True,False,True,embedding_z90__market_return__M6_only__p0.05_ic0.03,val,
USD_RUB,ruble_emb_z,30,0.461977,-0.00034,0.05222,True,False,True,embedding_z90__market_return__M6_only__p0.05_ic0.03,val,
USD_RUB,sanctions_emb_z,7,0.360211,0.000732,0.057461,True,False,True,embedding_z90__market_return__M6_only__p0.05_ic0.03,val,
USD_RUB,inflation_emb_z,1,0.109888,-0.001196,0.050907,True,False,True,embedding_z90__market_return__M6_only__p0.05_ic0.03,val,
USD_RUB,inflation_emb_z,7,0.294132,0.000814,0.092145,True,False,True,embedding_z90__market_return__M6_only__p0.05_ic0.03,val,
USD_RUB,inflation_emb_z,30,0.532506,0.000293,0.036967,True,False,True,embedding_z90__market_return__M6_only__p0.05_ic0.03,val,
USD_RUB,banking_emb_z,1,0.871323,-0.000118,0.034324,True,False,True,embedding_z90__market_return__M6_only__p0.05_ic0.03,val,
USD_RUB,gold_emb_z,1,0.514713,0.000489,0.091727,True,False,True,embedding_z90__market_return__M6_only__p0.05_ic0.03,val,
USD_RUB,gold_emb_z,30,0.765351,-0.000143,0.058596,True,False,True,embedding_z90__market_return__M6_only__p0.05_ic0.03,val,
EUR_RUB,rate_emb_z,1,0.580541,-0.000411,0.093478,True,False,True,embedding_z90__market_return__M6_only__p0.05_ic0.03,val,
EUR_RUB,rate_emb_z,7,0.785345,0.000209,0.057496,True,False,True,embedding_z90__market_return__M6_only__p0.05_ic0.03,val,
EUR_RUB,ruble_emb_z,14,0.862549,0.000149,0.061715,True,False,True,embedding_z90__market_return__M6_only__p0.05_ic0.03,val,
EUR_RUB,ruble_emb_z,30,0.461977,-0.00034,0.05222,True,False,True,embedding_z90__market_return__M6_only__p0.05_ic0.03,val,
EUR_RUB,sanctions_emb_z,7,0.360211,0.000732,0.057461,True,False,True,embedding_z90__market_return__M6_only__p0.05_ic0.03,val,
EUR_RUB,inflation_emb_z,1,0.109888,-0.001196,0.050907,True,False,True,embedding_z90__market_return__M6_only__p0.05_ic0.03,val,
EUR_RUB,inflation_emb_z,7,0.294132,0.000814,0.092145,True,False,True,embedding_z90__market_return__M6_only__p0.05_ic0.03,val,
EUR_RUB,inflation_emb_z,30,0.532506,0.000293,0.036967,True,False,True,embedding_z90__market_return__M6_only__p0.05_ic0.03,val,
EUR_RUB,banking_emb_z,1,0.871323,-0.000118,0.034324,True,False,True,embedding_z90__market_return__M6_only__p0.05_ic0.03,val,
EUR_RUB,gold_emb_z,1,0.514713,0.000489,0.091727,True,False,True,embedding_z90__market_return__M6_only__p0.05_ic0.03,val,
EUR_RUB,gold_emb_z,30,0.765351,-0.000143,0.058596,True,False,True,embedding_z90__market_return__M6_only__p0.05_ic0.03,val,
DJ_SOUTH_AFRICA,oil_emb_z,1,0.290358,-0.000583,0.057647,True,False,True,embedding_z90__market_return__M6_only__p0.05_ic0.03,val,
DJ_SOUTH_AFRICA,oil_emb_z,30,0.55044,0.000206,0.136741,True,False,True,embedding_z90__market_return__M6_only__p0.05_ic0.03,val,
DJ_SOUTH_AFRICA,rate_emb_z,14,0.907007,6.9e-05,0.033857,True,False,True,embedding_z90__market_return__M6_only__p0.05_ic0.03,val,
DJ_SOUTH_AFRICA,rate_emb_z,30,0.62491,0.000165,0.089638,True,False,True,embedding_z90__market_return__M6_only__p0.05_ic0.03,val,
DJ_SOUTH_AFRICA,sanctions_emb_z,7,0.309274,0.000595,0.049779,True,False,True,embedding_z90__market_return__M6_only__p0.05_ic0.03,val,
DJ_SOUTH_AFRICA,inflation_emb_z,30,0.656693,-0.000144,0.075899,True,False,True,embedding_z90__market_return__M6_only__p0.05_ic0.03,val,
MSCI_WORLD,oil_emb_z,1,0.494808,-0.000344,0.046209,True,False,True,embedding_z90__market_return__M6_only__p0.05_ic0.03,val,
MSCI_WORLD,oil_emb_z,7,0.439531,-0.000397,0.090844,True,False,True,embedding_z90__market_return__M6_only__p0.05_ic0.03,val,
MSCI_WORLD,ruble_emb_z,14,0.961278,-2.8e-05,0.04402,True,False,True,embedding_z90__market_return__M6_only__p0.05_ic0.03,val,
MSCI_WORLD,ruble_emb_z,30,0.416329,-0.000276,0.036488,True,False,True,embedding_z90__market_return__M6_only__p0.05_ic0.03,val,
MSCI_WORLD,sanctions_emb_z,1,0.971319,-1.8e-05,0.040898,True,False,True,embedding_z90__market_return__M6_only__p0.05_ic0.03,val,
MSCI_WORLD,sanctions_emb_z,7,0.543481,-0.000327,0.035714,True,False,True,embedding_z90__market_return__M6_only__p0.05_ic0.03,val,
MSCI_WORLD,sanctions_emb_z,14,0.800223,-0.000148,0.033054,True,False,True,embedding_z90__market_return__M6_only__p0.05_ic0.03,val,
MSCI_WORLD,inflation_emb_z,14,0.829246,0.000118,0.035185,True,False,True,embedding_z90__market_return__M6_only__p0.05_ic0.03,val,
MSCI_WORLD,banking_emb_z,7,0.470676,0.000372,0.063954,True,False,True,embedding_z90__market_return__M6_only__p0.05_ic0.03,val,
MSCI_WORLD,banking_emb_z,14,0.795866,-0.000138,0.124342,True,False,True,embedding_z90__market_return__M6_only__p0.05_ic0.03,val,
DXY,oil_emb_z,1,0.214312,0.000291,0.063542,True,False,True,embedding_z90__market_return__M6_only__p0.05_ic0.03,val,
DXY,oil_emb_z,7,0.031415,0.000509,0.168545,True,True,True,embedding_z90__market_return__M6_only__p0.05_ic0.03,val,
DXY,oil_emb_z,14,0.789533,-6.8e-05,0.096703,True,False,True,embedding_z90__market_return__M6_only__p0.05_ic0.03,val,
DXY,rate_emb_z,1,0.147507,0.000341,0.055339,True,False,True,embedding_z90__market_return__M6_only__p0.05_ic0.03,val,
DXY,ruble_emb_z,30,0.695829,-4.5e-05,0.050214,True,False,True,embedding_z90__market_return__M6_only__p0.05_ic0.03,val,
DXY,sanctions_emb_z,7,0.801495,-6.2e-05,0.083323,True,False,True,embedding_z90__market_return__M6_only__p0.05_ic0.03,val,
DXY,inflation_emb_z,1,0.753014,-7.5e-05,0.055624,True,False,True,embedding_z90__market_return__M6_only__p0.05_ic0.03,val,
DXY,inflation_emb_z,7,0.988191,4e-06,0.036795,True,False,True,embedding_z90__market_return__M6_only__p0.05_ic0.03,val,
DXY,inflation_emb_z,14,0.816367,-6e-05,0.094028,True,False,True,embedding_z90__market_return__M6_only__p0.05_ic0.03,val,
DXY,inflation_emb_z,30,0.324402,0.000125,0.062624,True,False,True,embedding_z90__market_return__M6_only__p0.05_ic0.03,val,
DXY,banking_emb_z,1,0.234599,-0.000273,0.070543,True,False,True,embedding_z90__market_return__M6_only__p0.05_ic0.03,val,
DXY,banking_emb_z,14,0.746786,-8e-05,0.057345,True,False,True,embedding_z90__market_return__M6_only__p0.05_ic0.03,val,
DXY,banking_emb_z,30,0.703766,-5.2e-05,0.042493,True,False,True,embedding_z90__market_return__M6_only__p0.05_ic0.03,val,
DXY,gold_emb_z,7,0.637607,0.000111,0.081879,True,False,True,embedding_z90__market_return__M6_only__p0.05_ic0.03,val,
DXY,gold_emb_z,30,0.814205,-3e-05,0.056574,True,False,True,embedding_z90__market_return__M6_only__p0.05_ic0.03,val,
BRENT,oil_emb_z,1,0.810792,-0.000224,0.030434,True,False,True,embedding_z90__market_return__M6_only__p0.05_ic0.03,val,
BRENT,rate_emb_z,1,0.721554,0.000334,0.116332,True,False,True,embedding_z90__market_return__M6_only__p0.05_ic0.03,val,
BRENT,rate_emb_z,7,0.86427,-0.000164,0.056253,True,False,True,embedding_z90__market_return__M6_only__p0.05_ic0.03,val,
BRENT,rate_emb_z,14,0.539865,-0.000613,0.102676,True,False,True,embedding_z90__market_return__M6_only__p0.05_ic0.03,val,
BRENT,rate_emb_z,30,0.773614,-0.000181,0.073408,True,False,True,embedding_z90__market_return__M6_only__p0.05_ic0.03,val,
BRENT,ruble_emb_z,7,0.334963,-0.000945,0.077675,True,False,True,embedding_z90__market_return__M6_only__p0.05_ic0.03,val,
BRENT,ruble_emb_z,14,0.346116,0.000961,0.033247,True,False,True,embedding_z90__market_return__M6_only__p0.05_ic0.03,val,
BRENT,sanctions_emb_z,30,0.545447,-0.000419,0.051274,True,False,True,embedding_z90__market_return__M6_only__p0.05_ic0.03,val,
BRENT,inflation_emb_z,7,0.486114,0.000675,0.063257,True,False,True,embedding_z90__market_return__M6_only__p0.05_ic0.03,val,
BRENT,inflation_emb_z,14,0.734284,0.000336,0.051509,True,False,True,embedding_z90__market_return__M6_only__p0.05_ic0.03,val,
BRENT,inflation_emb_z,30,0.737675,-0.000173,0.048329,True,False,True,embedding_z90__market_return__M6_only__p0.05_ic0.03,val,
BRENT,gold_emb_z,1,0.381121,0.000825,0.055339,True,False,True,embedding_z90__market_return__M6_only__p0.05_ic0.03,val,
BRENT,gold_emb_z,30,0.469319,0.00047,0.052643,True,False,True,embedding_z90__market_return__M6_only__p0.05_ic0.03,val,
MSCI_INDIA,oil_emb_z,1,0.853358,0.000104,0.056666,True,False,True,embedding_z90__market_return__M6_only__p0.05_ic0.03,val,
MSCI_INDIA,oil_emb_z,7,0.951015,3.6e-05,0.050476,True,False,True,embedding_z90__market_return__M6_only__p0.05_ic0.03,val,
MSCI_INDIA,oil_emb_z,30,0.933651,2.6e-05,0.064394,True,False,True,embedding_z90__market_return__M6_only__p0.05_ic0.03,val,
MSCI_INDIA,rate_emb_z,1,0.499266,0.000378,0.033167,True,False,True,embedding_z90__market_return__M6_only__p0.05_ic0.03,val,
MSCI_INDIA,rate_emb_z,7,0.055371,0.001088,0.046725,True,False,True,embedding_z90__market_return__M6_only__p0.05_ic0.03,val,
MSCI_INDIA,ruble_emb_z,1,0.148902,0.000809,0.034652,True,False,True,embedding_z90__market_return__M6_only__p0.05_ic0.03,val,
MSCI_INDIA,ruble_emb_z,7,0.122711,-0.000877,0.035768,True,False,True,embedding_z90__market_return__M6_only__p0.05_ic0.03,val,
MSCI_INDIA,ruble_emb_z,30,0.449151,-0.000239,0.060629,True,False,True,embedding_z90__market_return__M6_only__p0.05_ic0.03,val,
MSCI_INDIA,inflation_emb_z,14,0.190854,0.000798,0.046137,True,False,True,embedding_z90__market_return__M6_only__p0.05_ic0.03,val,
MSCI_INDIA,banking_emb_z,30,0.554948,-0.000177,0.181676,True,False,True,embedding_z90__market_return__M6_only__p0.05_ic0.03,val,
MSCI_INDIA,gold_emb_z,7,0.580494,-0.000312,0.071097,True,False,True,embedding_z90__market_return__M6_only__p0.05_ic0.03,val,
MSCI_INDIA,gold_emb_z,30,0.835056,-7.7e-05,0.042313,True,False,True,embedding_z90__market_return__M6_only__p0.05_ic0.03,val,
CHINA_H_SHARES,oil_emb_z,1,0.450431,0.000865,0.100053,True,False,True,embedding_z90__market_return__M6_only__p0.05_ic0.03,val,
CHINA_H_SHARES,oil_emb_z,30,0.626463,-0.000345,0.111096,True,False,True,embedding_z90__market_return__M6_only__p0.05_ic0.03,val,
CHINA_H_SHARES,rate_emb_z,14,0.588466,-0.000682,0.050968,True,False,True,embedding_z90__market_return__M6_only__p0.05_ic0.03,val,
CHINA_H_SHARES,rate_emb_z,30,0.820208,0.00013,0.052264,True,False,True,embedding_z90__market_return__M6_only__p0.05_ic0.03,val,
CHINA_H_SHARES,ruble_emb_z,14,0.77117,-0.000371,0.173752,True,False,True,embedding_z90__market_return__M6_only__p0.05_ic0.03,val,
CHINA_H_SHARES,sanctions_emb_z,1,0.598155,0.000608,0.089496,True,False,True,embedding_z90__market_return__M6_only__p0.05_ic0.03,val,
CHINA_H_SHARES,sanctions_emb_z,7,0.199825,-0.001528,0.04775,True,False,True,embedding_z90__market_return__M6_only__p0.05_ic0.03,val,
CHINA_H_SHARES,sanctions_emb_z,30,0.772576,0.000174,0.043218,True,False,True,embedding_z90__market_return__M6_only__p0.05_ic0.03,val,
CHINA_H_SHARES,inflation_emb_z,7,0.88062,-0.000177,0.08422,True,False,True,embedding_z90__market_return__M6_only__p0.05_ic0.03,val,
CHINA_H_SHARES,inflation_emb_z,14,0.147231,0.001791,0.057024,True,False,True,embedding_z90__market_return__M6_only__p0.05_ic0.03,val,
CHINA_H_SHARES,gold_emb_z,7,0.067669,-0.002106,0.106761,True,False,True,embedding_z90__market_return__M6_only__p0.05_ic0.03,val,
FTSE_CHINA_50,oil_emb_z,1,0.241441,-0.001348,0.034696,True,False,True,embedding_z90__market_return__M6_only__p0.05_ic0.03,val,
FTSE_CHINA_50,rate_emb_z,7,0.129141,0.00178,0.033215,True,False,True,embedding_z90__market_return__M6_only__p0.05_ic0.03,val,
FTSE_CHINA_50,rate_emb_z,30,0.564331,0.000318,0.105127,True,False,True,embedding_z90__market_return__M6_only__p0.05_ic0.03,val,
FTSE_CHINA_50,ruble_emb_z,1,0.37306,-0.001029,0.049949,True,False,True,embedding_z90__market_return__M6_only__p0.05_ic0.03,val,
FTSE_CHINA_50,ruble_emb_z,14,0.618192,-0.00063,0.069006,True,False,True,embedding_z90__market_return__M6_only__p0.05_ic0.03,val,
FTSE_CHINA_50,ruble_emb_z,30,0.783569,-0.000171,0.128812,True,False,True,embedding_z90__market_return__M6_only__p0.05_ic0.03,val,
FTSE_CHINA_50,sanctions_emb_z,1,0.714367,-0.000422,0.07285,True,False,True,embedding_z90__market_return__M6_only__p0.05_ic0.03,val,
FTSE_CHINA_50,sanctions_emb_z,7,0.421017,-0.000948,0.041463,True,False,True,embedding_z90__market_return__M6_only__p0.05_ic0.03,val,
FTSE_CHINA_50,sanctions_emb_z,30,0.860305,9.8e-05,0.046926,True,False,True,embedding_z90__market_return__M6_only__p0.05_ic0.03,val,
FTSE_CHINA_50,inflation_emb_z,7,0.792411,0.000313,0.071357,True,False,True,embedding_z90__market_return__M6_only__p0.05_ic0.03,val,
FTSE_CHINA_50,inflation_emb_z,30,0.990918,-8e-06,0.042248,True,False,True,embedding_z90__market_return__M6_only__p0.05_ic0.03,val,
FTSE_CHINA_50,banking_emb_z,7,0.665165,0.000506,0.038526,True,False,True,embedding_z90__market_return__M6_only__p0.05_ic0.03,val,
FTSE_CHINA_50,gold_emb_z,7,0.074416,-0.002062,0.034552,True,False,True,embedding_z90__market_return__M6_only__p0.05_ic0.03,val,
GOLD,oil_emb_z,30,0.599096,-0.00022,0.118366,True,False,True,embedding_z90__market_return__M6_only__p0.05_ic0.03,val,
GOLD,rate_emb_z,1,0.021592,-0.001694,0.101638,True,True,True,embedding_z90__market_return__M6_only__p0.05_ic0.03,val,
GOLD,rate_emb_z,14,0.420506,0.000671,0.062018,True,False,True,embedding_z90__market_return__M6_only__p0.05_ic0.03,val,
GOLD,rate_emb_z,30,0.753354,-7.6e-05,0.12012,True,False,True,embedding_z90__market_return__M6_only__p0.05_ic0.03,val,
GOLD,ruble_emb_z,7,0.972801,2.7e-05,0.110721,True,False,True,embedding_z90__market_return__M6_only__p0.05_ic0.03,val,
GOLD,ruble_emb_z,30,0.855267,-5.2e-05,0.037203,True,False,True,embedding_z90__market_return__M6_only__p0.05_ic0.03,val,
GOLD,sanctions_emb_z,30,0.676893,-0.00013,0.050867,True,False,True,embedding_z90__market_return__M6_only__p0.05_ic0.03,val,
GOLD,inflation_emb_z,1,0.929348,-6.6e-05,0.135766,True,False,True,embedding_z90__market_return__M6_only__p0.05_ic0.03,val,
GOLD,banking_emb_z,1,0.709996,0.000262,0.050059,True,False,True,embedding_z90__market_return__M6_only__p0.05_ic0.03,val,
GOLD,banking_emb_z,14,0.81439,-0.000189,0.045207,True,False,True,embedding_z90__market_return__M6_only__p0.05_ic0.03,val,
GOLD,gold_emb_z,1,0.831966,-0.000156,0.050812,True,False,True,embedding_z90__market_return__M6_only__p0.05_ic0.03,val,
SILVER,oil_emb_z,1,0.843027,0.000278,0.094438,True,False,True,embedding_z90__market_return__M6_only__p0.05_ic0.03,val,
SILVER,oil_emb_z,7,0.219809,0.001824,0.128902,True,False,True,embedding_z90__market_return__M6_only__p0.05_ic0.03,val,
SILVER,rate_emb_z,1,0.025634,-0.003142,0.086526,True,True,True,embedding_z90__market_return__M6_only__p0.05_ic0.03,val,
SILVER,rate_emb_z,30,0.81518,-0.000132,0.067443,True,False,True,embedding_z90__market_return__M6_only__p0.05_ic0.03,val,
SILVER,ruble_emb_z,7,0.669345,-0.000641,0.039188,True,False,True,embedding_z90__market_return__M6_only__p0.05_ic0.03,val,
SILVER,ruble_emb_z,30,0.44905,-0.000357,0.048632,True,False,True,embedding_z90__market_return__M6_only__p0.05_ic0.03,val,
SILVER,sanctions_emb_z,14,0.318972,0.001625,0.080427,True,False,True,embedding_z90__market_return__M6_only__p0.05_ic0.03,val,
SILVER,sanctions_emb_z,30,0.477288,0.000392,0.053473,True,False,True,embedding_z90__market_return__M6_only__p0.05_ic0.03,val,
SILVER,inflation_emb_z,1,0.669451,-0.000604,0.049562,True,False,True,embedding_z90__market_return__M6_only__p0.05_ic0.03,val,
SILVER,inflation_emb_z,14,0.878348,0.000235,0.055553,True,False,True,embedding_z90__market_return__M6_only__p0.05_ic0.03,val,
SILVER,inflation_emb_z,30,0.963191,-2.5e-05,0.059761,True,False,True,embedding_z90__market_return__M6_only__p0.05_ic0.03,val,
SILVER,gold_emb_z,14,0.401704,-0.001394,0.141595,True,False,True,embedding_z90__market_return__M6_only__p0.05_ic0.03,val,
IMOEX,oil_emb_z,7,0.931439,7.1e-05,0.044642,True,False,True,embedding_z90__market_return__M6_only__p0.05_ic0.03,val,
IMOEX,rate_emb_z,14,0.398247,-0.000738,0.151522,True,False,True,embedding_z90__market_return__M6_only__p0.05_ic0.03,val,
IMOEX,rate_emb_z,30,0.812619,-0.000103,0.101866,True,False,True,embedding_z90__market_return__M6_only__p0.05_ic0.03,val,
IMOEX,ruble_emb_z,14,0.559344,-0.000542,0.122928,True,False,True,embedding_z90__market_return__M6_only__p0.05_ic0.03,val,
IMOEX,ruble_emb_z,30,0.437556,-0.000396,0.140954,True,False,True,embedding_z90__market_return__M6_only__p0.05_ic0.03,val,
IMOEX,sanctions_emb_z,7,0.056045,0.001641,0.050175,True,False,True,embedding_z90__market_return__M6_only__p0.05_ic0.03,val,
IMOEX,sanctions_emb_z,14,0.264028,0.001019,0.105658,True,False,True,embedding_z90__market_return__M6_only__p0.05_ic0.03,val,
IMOEX,sanctions_emb_z,30,0.541494,0.00035,0.064001,True,False,True,embedding_z90__market_return__M6_only__p0.05_ic0.03,val,
IMOEX,inflation_emb_z,1,0.349505,0.00076,0.105563,True,False,True,embedding_z90__market_return__M6_only__p0.05_ic0.03,val,
IMOEX,inflation_emb_z,7,0.124038,0.001289,0.083973,True,False,True,embedding_z90__market_return__M6_only__p0.05_ic0.03,val,
IMOEX,inflation_emb_z,30,0.429148,0.000312,0.037443,True,False,True,embedding_z90__market_return__M6_only__p0.05_ic0.03,val,
MOEXFN,rate_emb_z,14,0.39432,-0.000823,0.177198,True,False,True,embedding_z90__market_return__M6_only__p0.05_ic0.03,val,
MOEXFN,ruble_emb_z,1,0.641704,0.000424,0.079612,True,False,True,embedding_z90__market_return__M6_only__p0.05_ic0.03,val,
MOEXFN,ruble_emb_z,14,0.733466,-0.000348,0.1199,True,False,True,embedding_z90__market_return__M6_only__p0.05_ic0.03,val,
MOEXFN,ruble_emb_z,30,0.330283,-0.000541,0.123968,True,False,True,embedding_z90__market_return__M6_only__p0.05_ic0.03,val,
MOEXFN,sanctions_emb_z,30,0.734032,0.000199,0.036571,True,False,True,embedding_z90__market_return__M6_only__p0.05_ic0.03,val,
MOEXFN,inflation_emb_z,7,0.154078,0.001318,0.116888,True,False,True,embedding_z90__market_return__M6_only__p0.05_ic0.03,val,
MOEXFN,inflation_emb_z,30,0.743295,0.000138,0.044622,True,False,True,embedding_z90__market_return__M6_only__p0.05_ic0.03,val,
MOEXFN,banking_emb_z,30,0.416969,0.000402,0.079227,True,False,True,embedding_z90__market_return__M6_only__p0.05_ic0.03,val,
MOEXOG,oil_emb_z,1,0.743343,0.000275,0.041619,True,False,True,embedding_z90__market_return__M6_only__p0.05_ic0.03,val,
MOEXOG,oil_emb_z,7,0.955847,-4.8e-05,0.07055,True,False,True,embedding_z90__market_return__M6_only__p0.05_ic0.03,val,
MOEXOG,oil_emb_z,14,0.936958,-7.4e-05,0.07176,True,False,True,embedding_z90__market_return__M6_only__p0.05_ic0.03,val,
MOEXOG,oil_emb_z,30,0.979097,1.4e-05,0.066392,True,False,True,embedding_z90__market_return__M6_only__p0.05_ic0.03,val,
MOEXOG,rate_emb_z,7,0.005096,-0.002392,0.034928,True,True,True,embedding_z90__market_return__M6_only__p0.05_ic0.03,val,
MOEXOG,rate_emb_z,14,0.412988,-0.000739,0.141716,True,False,True,embedding_z90__market_return__M6_only__p0.05_ic0.03,val,
MOEXOG,rate_emb_z,30,0.70433,-0.000185,0.086607,True,False,True,embedding_z90__market_return__M6_only__p0.05_ic0.03,val,
MOEXOG,ruble_emb_z,14,0.429158,-0.000756,0.096361,True,False,True,embedding_z90__market_return__M6_only__p0.05_ic0.03,val,
MOEXOG,ruble_emb_z,30,0.485008,-0.000359,0.110344,True,False,True,embedding_z90__market_return__M6_only__p0.05_ic0.03,val,
MOEXOG,inflation_emb_z,1,0.414524,0.000685,0.149118,True,False,True,embedding_z90__market_return__M6_only__p0.05_ic0.03,val,
MOEXOG,inflation_emb_z,7,0.190827,0.001135,0.040881,True,False,True,embedding_z90__market_return__M6_only__p0.05_ic0.03,val,
MOEXOG,inflation_emb_z,30,0.603345,0.00021,0.039886,True,False,True,embedding_z90__market_return__M6_only__p0.05_ic0.03,val,
MOEXOG,banking_emb_z,30,0.795894,0.000124,0.072185,True,False,True,embedding_z90__market_return__M6_only__p0.05_ic0.03,val,
MOEXOG,gold_emb_z,1,0.180691,0.001129,0.089209,True,False,True,embedding_z90__market_return__M6_only__p0.05_ic0.03,val,
MOEXOG,gold_emb_z,14,0.620651,0.000463,0.057179,True,False,True,embedding_z90__market_return__M6_only__p0.05_ic0.03,val,
MOEXOG,gold_emb_z,30,0.71189,0.000185,0.156208,True,False,True,embedding_z90__market_return__M6_only__p0.05_ic0.03,val,
MOEX10,oil_emb_z,14,0.72863,0.000361,0.081574,True,False,True,embedding_z90__market_return__M6_only__p0.05_ic0.03,val,
MOEX10,oil_emb_z,30,0.678083,0.00024,0.030982,True,False,True,embedding_z90__market_return__M6_only__p0.05_ic0.03,val,
MOEX10,rate_emb_z,14,0.33801,-0.000963,0.149719,True,False,True,embedding_z90__market_return__M6_only__p0.05_ic0.03,val,
MOEX10,ruble_emb_z,1,0.653899,0.000428,0.048748,True,False,True,embedding_z90__market_return__M6_only__p0.05_ic0.03,val,
MOEX10,ruble_emb_z,30,0.417758,-0.000504,0.127825,True,False,True,embedding_z90__market_return__M6_only__p0.05_ic0.03,val,
MOEX10,sanctions_emb_z,14,0.327382,0.001043,0.121119,True,False,True,embedding_z90__market_return__M6_only__p0.05_ic0.03,val,
MOEX10,inflation_emb_z,1,0.281494,0.001016,0.107114,True,False,True,embedding_z90__market_return__M6_only__p0.05_ic0.03,val,
MOEX10,inflation_emb_z,7,0.187191,0.001275,0.096098,True,False,True,embedding_z90__market_return__M6_only__p0.05_ic0.03,val,
MOEX10,inflation_emb_z,14,0.981323,2.4e-05,0.045036,True,False,True,embedding_z90__market_return__M6_only__p0.05_ic0.03,val,
MOEX10,banking_emb_z,14,0.190863,0.001294,0.041047,True,False,True,embedding_z90__market_return__M6_only__p0.05_ic0.03,val,
MOEX10,banking_emb_z,30,0.602971,0.000291,0.073645,True,False,True,embedding_z90__market_return__M6_only__p0.05_ic0.03,val,
MOEX10,gold_emb_z,30,0.762683,0.000172,0.070173,True,False,True,embedding_z90__market_return__M6_only__p0.05_ic0.03,val,
SP500,oil_emb_z,1,0.706464,-0.000189,0.075755,True,False,True,embedding_z90__abs_return__M6_only__p0.05_ic0.03,train,
SP500,oil_emb_z,7,0.817249,0.000115,0.039338,True,False,True,embedding_z90__abs_return__M6_only__p0.05_ic0.03,train,
SP500,oil_emb_z,14,0.082791,0.000859,0.079689,True,False,True,embedding_z90__abs_return__M6_only__p0.05_ic0.03,train,
SP500,oil_emb_z,30,0.478968,0.000374,0.036748,True,False,True,embedding_z90__abs_return__M6_only__p0.05_ic0.03,train,
SP500,rate_emb_z,14,0.395075,0.00045,0.034942,True,False,True,embedding_z90__abs_return__M6_only__p0.05_ic0.03,train,
SP500,rate_emb_z,30,0.392982,0.000486,0.049287,True,False,True,embedding_z90__abs_return__M6_only__p0.05_ic0.03,train,
SP500,ruble_emb_z,1,0.052824,0.000965,0.03453,True,False,True,embedding_z90__abs_return__M6_only__p0.05_ic0.03,train,
SP500,ruble_emb_z,7,0.230312,-0.000612,0.032229,True,False,True,embedding_z90__abs_return__M6_only__p0.05_ic0.03,train,
SP500,ruble_emb_z,30,0.156066,-0.000778,0.065642,True,False,True,embedding_z90__abs_return__M6_only__p0.05_ic0.03,train,
SP500,sanctions_emb_z,7,0.050715,-0.000993,0.040578,True,False,True,embedding_z90__abs_return__M6_only__p0.05_ic0.03,train,
SP500,sanctions_emb_z,14,0.726834,0.000185,0.077095,True,False,True,embedding_z90__abs_return__M6_only__p0.05_ic0.03,train,
SP500,sanctions_emb_z,30,0.314705,0.000567,0.031682,True,False,True,embedding_z90__abs_return__M6_only__p0.05_ic0.03,train,
SP500,inflation_emb_z,1,0.645562,0.000228,0.056153,True,False,True,embedding_z90__abs_return__M6_only__p0.05_ic0.03,train,
SP500,inflation_emb_z,14,0.225563,-0.000643,0.071885,True,False,True,embedding_z90__abs_return__M6_only__p0.05_ic0.03,train,
SP500,gold_emb_z,1,0.779879,-0.000141,0.057023,True,False,True,embedding_z90__abs_return__M6_only__p0.05_ic0.03,train,
SP500,gold_emb_z,14,0.323658,0.000516,0.043381,True,False,True,embedding_z90__abs_return__M6_only__p0.05_ic0.03,train,
SP500,gold_emb_z,30,0.718202,0.000201,0.053536,True,False,True,embedding_z90__abs_return__M6_only__p0.05_ic0.03,train,
USD_RUB,rate_emb_z,1,0.161218,-0.001839,0.042647,True,False,True,embedding_z90__abs_return__M6_only__p0.05_ic0.03,train,
USD_RUB,rate_emb_z,7,0.097712,0.002245,0.098642,True,False,True,embedding_z90__abs_return__M6_only__p0.05_ic0.03,train,
USD_RUB,rate_emb_z,14,0.039235,0.002911,0.064475,True,True,True,embedding_z90__abs_return__M6_only__p0.05_ic0.03,train,
USD_RUB,ruble_emb_z,1,0.168741,0.001837,0.030367,True,False,True,embedding_z90__abs_return__M6_only__p0.05_ic0.03,train,
USD_RUB,ruble_emb_z,14,0.157377,-0.0021,0.043788,True,False,True,embedding_z90__abs_return__M6_only__p0.05_ic0.03,train,
USD_RUB,ruble_emb_z,30,0.779693,0.000236,0.035544,True,False,True,embedding_z90__abs_return__M6_only__p0.05_ic0.03,train,
USD_RUB,sanctions_emb_z,7,0.889795,-0.000193,0.050998,True,False,True,embedding_z90__abs_return__M6_only__p0.05_ic0.03,train,
USD_RUB,sanctions_emb_z,30,0.412762,-0.000645,0.04901,True,False,True,embedding_z90__abs_return__M6_only__p0.05_ic0.03,train,
USD_RUB,inflation_emb_z,1,0.055339,-0.002521,0.04125,True,False,True,embedding_z90__abs_return__M6_only__p0.05_ic0.03,train,
USD_RUB,inflation_emb_z,7,0.769728,-0.000403,0.033074,True,False,True,embedding_z90__abs_return__M6_only__p0.05_ic0.03,train,
USD_RUB,inflation_emb_z,14,0.805743,-0.000363,0.033674,True,False,True,embedding_z90__abs_return__M6_only__p0.05_ic0.03,train,
USD_RUB,inflation_emb_z,30,0.580205,0.000448,0.088368,True,False,True,embedding_z90__abs_return__M6_only__p0.05_ic0.03,train,
USD_RUB,banking_emb_z,1,0.912559,-0.000146,0.043391,True,False,True,embedding_z90__abs_return__M6_only__p0.05_ic0.03,train,
USD_RUB,banking_emb_z,7,0.694256,0.000546,0.113689,True,False,True,embedding_z90__abs_return__M6_only__p0.05_ic0.03,train,
USD_RUB,banking_emb_z,14,0.812313,0.000347,0.033673,True,False,True,embedding_z90__abs_return__M6_only__p0.05_ic0.03,train,
USD_RUB,gold_emb_z,1,0.5974,0.000708,0.050051,True,False,True,embedding_z90__abs_return__M6_only__p0.05_ic0.03,train,
USD_RUB,gold_emb_z,7,0.785058,0.000374,0.104345,True,False,True,embedding_z90__abs_return__M6_only__p0.05_ic0.03,train,
USD_RUB,gold_emb_z,30,0.263161,-0.000888,0.04315,True,False,True,embedding_z90__abs_return__M6_only__p0.05_ic0.03,train,
EUR_RUB,rate_emb_z,1,0.161218,-0.001839,0.042647,True,False,True,embedding_z90__abs_return__M6_only__p0.05_ic0.03,train,
EUR_RUB,rate_emb_z,7,0.097712,0.002245,0.098642,True,False,True,embedding_z90__abs_return__M6_only__p0.05_ic0.03,train,
EUR_RUB,rate_emb_z,14,0.039235,0.002911,0.064475,True,True,True,embedding_z90__abs_return__M6_only__p0.05_ic0.03,train,
EUR_RUB,ruble_emb_z,1,0.168741,0.001837,0.030367,True,False,True,embedding_z90__abs_return__M6_only__p0.05_ic0.03,train,
EUR_RUB,ruble_emb_z,14,0.157377,-0.0021,0.043788,True,False,True,embedding_z90__abs_return__M6_only__p0.05_ic0.03,train,
EUR_RUB,ruble_emb_z,30,0.779693,0.000236,0.035544,True,False,True,embedding_z90__abs_return__M6_only__p0.05_ic0.03,train,
EUR_RUB,sanctions_emb_z,7,0.889795,-0.000193,0.050998,True,False,True,embedding_z90__abs_return__M6_only__p0.05_ic0.03,train,
EUR_RUB,sanctions_emb_z,30,0.412762,-0.000645,0.04901,True,False,True,embedding_z90__abs_return__M6_only__p0.05_ic0.03,train,
EUR_RUB,inflation_emb_z,1,0.055339,-0.002521,0.04125,True,False,True,embedding_z90__abs_return__M6_only__p0.05_ic0.03,train,
EUR_RUB,inflation_emb_z,7,0.769728,-0.000403,0.033074,True,False,True,embedding_z90__abs_return__M6_only__p0.05_ic0.03,train,
EUR_RUB,inflation_emb_z,14,0.805743,-0.000363,0.033674,True,False,True,embedding_z90__abs_return__M6_only__p0.05_ic0.03,train,
EUR_RUB,inflation_emb_z,30,0.580205,0.000448,0.088368,True,False,True,embedding_z90__abs_return__M6_only__p0.05_ic0.03,train,
EUR_RUB,banking_emb_z,1,0.912559,-0.000146,0.043391,True,False,True,embedding_z90__abs_return__M6_only__p0.05_ic0.03,train,
EUR_RUB,banking_emb_z,7,0.694256,0.000546,0.113689,True,False,True,embedding_z90__abs_return__M6_only__p0.05_ic0.03,train,
EUR_RUB,banking_emb_z,14,0.812313,0.000347,0.033673,True,False,True,embedding_z90__abs_return__M6_only__p0.05_ic0.03,train,
EUR_RUB,gold_emb_z,1,0.5974,0.000708,0.050051,True,False,True,embedding_z90__abs_return__M6_only__p0.05_ic0.03,train,
EUR_RUB,gold_emb_z,7,0.785058,0.000374,0.104345,True,False,True,embedding_z90__abs_return__M6_only__p0.05_ic0.03,train,
EUR_RUB,gold_emb_z,30,0.263161,-0.000888,0.04315,True,False,True,embedding_z90__abs_return__M6_only__p0.05_ic0.03,train,
DJ_SOUTH_AFRICA,oil_emb_z,1,0.822058,0.00012,0.112447,True,False,True,embedding_z90__abs_return__M6_only__p0.05_ic0.03,train,
DJ_SOUTH_AFRICA,oil_emb_z,30,0.63886,-0.000163,0.101432,True,False,True,embedding_z90__abs_return__M6_only__p0.05_ic0.03,train,
DJ_SOUTH_AFRICA,rate_emb_z,14,0.523439,-0.00036,0.04181,True,False,True,embedding_z90__abs_return__M6_only__p0.05_ic0.03,train,
DJ_SOUTH_AFRICA,rate_emb_z,30,0.35923,-0.000343,0.061092,True,False,True,embedding_z90__abs_return__M6_only__p0.05_ic0.03,train,
DJ_SOUTH_AFRICA,sanctions_emb_z,7,0.043419,0.001124,0.067035,True,True,True,embedding_z90__abs_return__M6_only__p0.05_ic0.03,train,
DJ_SOUTH_AFRICA,inflation_emb_z,1,0.320137,-0.000531,0.044924,True,False,True,embedding_z90__abs_return__M6_only__p0.05_ic0.03,train,
DJ_SOUTH_AFRICA,inflation_emb_z,30,0.880861,5.7e-05,0.092205,True,False,True,embedding_z90__abs_return__M6_only__p0.05_ic0.03,train,
DJ_SOUTH_AFRICA,banking_emb_z,1,0.391813,0.000462,0.060376,True,False,True,embedding_z90__abs_return__M6_only__p0.05_ic0.03,train,
DJ_SOUTH_AFRICA,banking_emb_z,14,0.503323,0.000391,0.054749,True,False,True,embedding_z90__abs_return__M6_only__p0.05_ic0.03,train,
DJ_SOUTH_AFRICA,banking_emb_z,30,0.698348,0.000146,0.031404,True,False,True,embedding_z90__abs_return__M6_only__p0.05_ic0.03,train,
DJ_SOUTH_AFRICA,gold_emb_z,7,0.206396,0.000705,0.079831,True,False,True,embedding_z90__abs_return__M6_only__p0.05_ic0.03,train,
MSCI_WORLD,oil_emb_z,1,0.268919,0.000577,0.151416,True,False,True,embedding_z90__abs_return__M6_only__p0.05_ic0.03,train,
MSCI_WORLD,oil_emb_z,7,0.22102,0.000651,0.065685,True,False,True,embedding_z90__abs_return__M6_only__p0.05_ic0.03,train,
MSCI_WORLD,rate_emb_z,7,0.122848,0.000814,0.053908,True,False,True,embedding_z90__abs_return__M6_only__p0.05_ic0.03,train,
MSCI_WORLD,rate_emb_z,14,0.128562,-0.000833,0.038106,True,False,True,embedding_z90__abs_return__M6_only__p0.05_ic0.03,train,
MSCI_WORLD,ruble_emb_z,1,0.16644,0.000729,0.071072,True,False,True,embedding_z90__abs_return__M6_only__p0.05_ic0.03,train,
MSCI_WORLD,ruble_emb_z,14,0.991989,6e-06,0.032393,True,False,True,embedding_z90__abs_return__M6_only__p0.05_ic0.03,train,
MSCI_WORLD,ruble_emb_z,30,0.484065,0.000271,0.035292,True,False,True,embedding_z90__abs_return__M6_only__p0.05_ic0.03,train,
MSCI_WORLD,sanctions_emb_z,1,0.540817,0.000321,0.036053,True,False,True,embedding_z90__abs_return__M6_only__p0.05_ic0.03,train,
MSCI_WORLD,sanctions_emb_z,7,0.570038,-0.000306,0.059772,True,False,True,embedding_z90__abs_return__M6_only__p0.05_ic0.03,train,
MSCI_WORLD,sanctions_emb_z,14,0.973549,-1.9e-05,0.089433,True,False,True,embedding_z90__abs_return__M6_only__p0.05_ic0.03,train,
MSCI_WORLD,inflation_emb_z,7,0.8886,-7.5e-05,0.074211,True,False,True,embedding_z90__abs_return__M6_only__p0.05_ic0.03,train,
MSCI_WORLD,inflation_emb_z,14,0.727598,0.000197,0.047668,True,False,True,embedding_z90__abs_return__M6_only__p0.05_ic0.03,train,
MSCI_WORLD,inflation_emb_z,30,0.93931,3.2e-05,0.070899,True,False,True,embedding_z90__abs_return__M6_only__p0.05_ic0.03,train,
MSCI_WORLD,banking_emb_z,7,0.622836,0.000267,0.059742,True,False,True,embedding_z90__abs_return__M6_only__p0.05_ic0.03,train,
MSCI_WORLD,banking_emb_z,14,0.171165,0.000769,0.060336,True,False,True,embedding_z90__abs_return__M6_only__p0.05_ic0.03,train,
MSCI_WORLD,gold_emb_z,1,0.645725,0.000244,0.038333,True,False,True,embedding_z90__abs_return__M6_only__p0.05_ic0.03,train,
DXY,oil_emb_z,1,0.473565,0.000181,0.054603,True,False,True,embedding_z90__abs_return__M6_only__p0.05_ic0.03,train,
DXY,oil_emb_z,7,0.442328,-0.000198,0.09271,True,False,True,embedding_z90__abs_return__M6_only__p0.05_ic0.03,train,
DXY,oil_emb_z,14,0.640842,0.000124,0.096748,True,False,True,embedding_z90__abs_return__M6_only__p0.05_ic0.03,train,
DXY,rate_emb_z,1,0.826551,5.5e-05,0.079893,True,False,True,embedding_z90__abs_return__M6_only__p0.05_ic0.03,train,
DXY,rate_emb_z,14,0.028758,0.00058,0.047579,True,True,True,embedding_z90__abs_return__M6_only__p0.05_ic0.03,train,
DXY,rate_emb_z,30,0.304793,0.000181,0.117905,True,False,True,embedding_z90__abs_return__M6_only__p0.05_ic0.03,train,
DXY,ruble_emb_z,14,0.845659,-5.5e-05,0.064545,True,False,True,embedding_z90__abs_return__M6_only__p0.05_ic0.03,train,
DXY,ruble_emb_z,30,0.550514,-0.000112,0.090032,True,False,True,embedding_z90__abs_return__M6_only__p0.05_ic0.03,train,
DXY,sanctions_emb_z,7,0.706887,-0.0001,0.031745,True,False,True,embedding_z90__abs_return__M6_only__p0.05_ic0.03,train,
DXY,sanctions_emb_z,14,0.413879,0.00023,0.033622,True,False,True,embedding_z90__abs_return__M6_only__p0.05_ic0.03,train,
DXY,sanctions_emb_z,30,0.719967,-5.8e-05,0.03397,True,False,True,embedding_z90__abs_return__M6_only__p0.05_ic0.03,train,
DXY,inflation_emb_z,1,0.438183,0.000196,0.063186,True,False,True,embedding_z90__abs_return__M6_only__p0.05_ic0.03,train,
DXY,inflation_emb_z,7,0.298223,0.00027,0.052631,True,False,True,embedding_z90__abs_return__M6_only__p0.05_ic0.03,train,
DXY,inflation_emb_z,14,0.351209,-0.000258,0.076156,True,False,True,embedding_z90__abs_return__M6_only__p0.05_ic0.03,train,
DXY,inflation_emb_z,30,0.989293,2e-06,0.031067,True,False,True,embedding_z90__abs_return__M6_only__p0.05_ic0.03,train,
DXY,banking_emb_z,1,0.373889,-0.000225,0.035646,True,False,True,embedding_z90__abs_return__M6_only__p0.05_ic0.03,train,
DXY,banking_emb_z,14,0.512794,-0.00018,0.083084,True,False,True,embedding_z90__abs_return__M6_only__p0.05_ic0.03,train,
DXY,banking_emb_z,30,0.78769,4.6e-05,0.044312,True,False,True,embedding_z90__abs_return__M6_only__p0.05_ic0.03,train,
DXY,gold_emb_z,7,0.971167,-9e-06,0.032025,True,False,True,embedding_z90__abs_return__M6_only__p0.05_ic0.03,train,
DXY,gold_emb_z,30,0.922834,1.6e-05,0.043246,True,False,True,embedding_z90__abs_return__M6_only__p0.05_ic0.03,train,
BRENT,oil_emb_z,1,0.101094,-0.001982,0.03466,True,False,True,embedding_z90__abs_return__M6_only__p0.05_ic0.03,train,
BRENT,rate_emb_z,1,0.414175,-0.000983,0.045007,True,False,True,embedding_z90__abs_return__M6_only__p0.05_ic0.03,train,
BRENT,rate_emb_z,7,0.326663,0.001206,0.081263,True,False,True,embedding_z90__abs_return__M6_only__p0.05_ic0.03,train,
BRENT,rate_emb_z,14,0.947364,8.5e-05,0.078799,True,False,True,embedding_z90__abs_return__M6_only__p0.05_ic0.03,train,
BRENT,rate_emb_z,30,0.368897,-0.000764,0.033054,True,False,True,embedding_z90__abs_return__M6_only__p0.05_ic0.03,train,
BRENT,ruble_emb_z,7,0.163579,-0.001779,0.042149,True,False,True,embedding_z90__abs_return__M6_only__p0.05_ic0.03,train,
BRENT,ruble_emb_z,14,0.605463,0.000704,0.088246,True,False,True,embedding_z90__abs_return__M6_only__p0.05_ic0.03,train,
BRENT,sanctions_emb_z,7,0.335511,0.001229,0.041514,True,False,True,embedding_z90__abs_return__M6_only__p0.05_ic0.03,train,
BRENT,sanctions_emb_z,30,0.760385,-0.000234,0.113409,True,False,True,embedding_z90__abs_return__M6_only__p0.05_ic0.03,train,
BRENT,inflation_emb_z,7,0.135385,0.001872,0.140175,True,False,True,embedding_z90__abs_return__M6_only__p0.05_ic0.03,train,
BRENT,inflation_emb_z,14,0.451354,0.001002,0.034751,True,False,True,embedding_z90__abs_return__M6_only__p0.05_ic0.03,train,
BRENT,inflation_emb_z,30,0.429857,0.000626,0.038342,True,False,True,embedding_z90__abs_return__M6_only__p0.05_ic0.03,train,
BRENT,banking_emb_z,1,0.868945,0.0002,0.122077,True,False,True,embedding_z90__abs_return__M6_only__p0.05_ic0.03,train,
BRENT,gold_emb_z,1,0.619834,0.000611,0.032768,True,False,True,embedding_z90__abs_return__M6_only__p0.05_ic0.03,train,
BRENT,gold_emb_z,30,0.372379,0.000684,0.088732,True,False,True,embedding_z90__abs_return__M6_only__p0.05_ic0.03,train,
MSCI_INDIA,oil_emb_z,1,0.678437,0.000207,0.084001,True,False,True,embedding_z90__abs_return__M6_only__p0.05_ic0.03,train,
MSCI_INDIA,oil_emb_z,7,0.078856,0.000897,0.07013,True,False,True,embedding_z90__abs_return__M6_only__p0.05_ic0.03,train,
MSCI_INDIA,oil_emb_z,30,0.942428,-2.3e-05,0.079652,True,False,True,embedding_z90__abs_return__M6_only__p0.05_ic0.03,train,
MSCI_INDIA,rate_emb_z,1,0.185486,0.00066,0.07188,True,False,True,embedding_z90__abs_return__M6_only__p0.05_ic0.03,train,
MSCI_INDIA,rate_emb_z,7,0.925865,4.7e-05,0.098754,True,False,True,embedding_z90__abs_return__M6_only__p0.05_ic0.03,train,
MSCI_INDIA,ruble_emb_z,1,0.537178,0.00031,0.063824,True,False,True,embedding_z90__abs_return__M6_only__p0.05_ic0.03,train,
MSCI_INDIA,ruble_emb_z,7,0.310034,0.000528,0.036719,True,False,True,embedding_z90__abs_return__M6_only__p0.05_ic0.03,train,
MSCI_INDIA,ruble_emb_z,30,0.170543,0.000461,0.068637,True,False,True,embedding_z90__abs_return__M6_only__p0.05_ic0.03,train,
MSCI_INDIA,sanctions_emb_z,1,0.598807,-0.000265,0.049494,True,False,True,embedding_z90__abs_return__M6_only__p0.05_ic0.03,train,
MSCI_INDIA,sanctions_emb_z,7,0.893247,-7e-05,0.058599,True,False,True,embedding_z90__abs_return__M6_only__p0.05_ic0.03,train,
MSCI_INDIA,inflation_emb_z,14,0.020903,0.001228,0.06993,True,True,True,embedding_z90__abs_return__M6_only__p0.05_ic0.03,train,
MSCI_INDIA,banking_emb_z,30,0.929387,-2.6e-05,0.057737,True,False,True,embedding_z90__abs_return__M6_only__p0.05_ic0.03,train,
MSCI_INDIA,gold_emb_z,1,0.697883,0.000197,0.059428,True,False,True,embedding_z90__abs_return__M6_only__p0.05_ic0.03,train,
MSCI_INDIA,gold_emb_z,7,0.593983,0.000276,0.054493,True,False,True,embedding_z90__abs_return__M6_only__p0.05_ic0.03,train,
MSCI_INDIA,gold_emb_z,30,0.868112,5.5e-05,0.058238,True,False,True,embedding_z90__abs_return__M6_only__p0.05_ic0.03,train,
CHINA_H_SHARES,oil_emb_z,1,0.989331,1.4e-05,0.072397,True,False,True,embedding_z90__abs_return__M6_only__p0.05_ic0.03,train,
CHINA_H_SHARES,oil_emb_z,30,0.705718,0.000276,0.036195,True,False,True,embedding_z90__abs_return__M6_only__p0.05_ic0.03,train,
CHINA_H_SHARES,rate_emb_z,14,0.036422,-0.002351,0.040293,True,True,True,embedding_z90__abs_return__M6_only__p0.05_ic0.03,train,
CHINA_H_SHARES,rate_emb_z,30,0.48603,0.000502,0.091044,True,False,True,embedding_z90__abs_return__M6_only__p0.05_ic0.03,train,
CHINA_H_SHARES,ruble_emb_z,1,0.128777,0.001608,0.06513,True,False,True,embedding_z90__abs_return__M6_only__p0.05_ic0.03,train,
CHINA_H_SHARES,ruble_emb_z,7,0.025801,-0.002464,0.093652,True,True,True,embedding_z90__abs_return__M6_only__p0.05_ic0.03,train,
CHINA_H_SHARES,ruble_emb_z,14,0.663863,0.000504,0.069653,True,False,True,embedding_z90__abs_return__M6_only__p0.05_ic0.03,train,
CHINA_H_SHARES,ruble_emb_z,30,0.853044,0.000148,0.038324,True,False,True,embedding_z90__abs_return__M6_only__p0.05_ic0.03,train,
CHINA_H_SHARES,sanctions_emb_z,1,0.471241,-0.00076,0.056664,True,False,True,embedding_z90__abs_return__M6_only__p0.05_ic0.03,train,
CHINA_H_SHARES,sanctions_emb_z,7,0.46036,0.000808,0.09713,True,False,True,embedding_z90__abs_return__M6_only__p0.05_ic0.03,train,
CHINA_H_SHARES,sanctions_emb_z,30,0.991188,8e-06,0.059931,True,False,True,embedding_z90__abs_return__M6_only__p0.05_ic0.03,train,
CHINA_H_SHARES,inflation_emb_z,7,0.90884,0.000124,0.078989,True,False,True,embedding_z90__abs_return__M6_only__p0.05_ic0.03,train,
CHINA_H_SHARES,inflation_emb_z,14,0.09939,-0.001905,0.068112,True,False,True,embedding_z90__abs_return__M6_only__p0.05_ic0.03,train,
CHINA_H_SHARES,inflation_emb_z,30,0.63748,0.000369,0.069353,True,False,True,embedding_z90__abs_return__M6_only__p0.05_ic0.03,train,
CHINA_H_SHARES,banking_emb_z,1,0.9391,-8e-05,0.050289,True,False,True,embedding_z90__abs_return__M6_only__p0.05_ic0.03,train,
CHINA_H_SHARES,banking_emb_z,7,0.868142,0.000181,0.038664,True,False,True,embedding_z90__abs_return__M6_only__p0.05_ic0.03,train,
CHINA_H_SHARES,banking_emb_z,14,0.874101,0.000179,0.120609,True,False,True,embedding_z90__abs_return__M6_only__p0.05_ic0.03,train,
CHINA_H_SHARES,gold_emb_z,7,0.969765,-4.1e-05,0.038303,True,False,True,embedding_z90__abs_return__M6_only__p0.05_ic0.03,train,
FTSE_CHINA_50,oil_emb_z,1,0.849094,0.000211,0.040491,True,False,True,embedding_z90__abs_return__M6_only__p0.05_ic0.03,train,
FTSE_CHINA_50,rate_emb_z,7,0.744433,0.000372,0.036532,True,False,True,embedding_z90__abs_return__M6_only__p0.05_ic0.03,train,
FTSE_CHINA_50,rate_emb_z,14,0.035676,-0.0025,0.042056,True,True,True,embedding_z90__abs_return__M6_only__p0.05_ic0.03,train,
FTSE_CHINA_50,rate_emb_z,30,0.312138,0.00079,0.073977,True,False,True,embedding_z90__abs_return__M6_only__p0.05_ic0.03,train,
FTSE_CHINA_50,ruble_emb_z,1,0.078414,0.00198,0.08095,True,False,True,embedding_z90__abs_return__M6_only__p0.05_ic0.03,train,
FTSE_CHINA_50,ruble_emb_z,7,0.046436,-0.002339,0.084125,True,True,True,embedding_z90__abs_return__M6_only__p0.05_ic0.03,train,
FTSE_CHINA_50,ruble_emb_z,14,0.617417,0.000612,0.073205,True,False,True,embedding_z90__abs_return__M6_only__p0.05_ic0.03,train,
FTSE_CHINA_50,ruble_emb_z,30,0.832881,0.000181,0.044312,True,False,True,embedding_z90__abs_return__M6_only__p0.05_ic0.03,train,
FTSE_CHINA_50,sanctions_emb_z,1,0.341016,-0.001068,0.034593,True,False,True,embedding_z90__abs_return__M6_only__p0.05_ic0.03,train,
FTSE_CHINA_50,sanctions_emb_z,7,0.507616,0.000769,0.094293,True,False,True,embedding_z90__abs_return__M6_only__p0.05_ic0.03,train,
FTSE_CHINA_50,sanctions_emb_z,30,0.810469,-0.000186,0.043202,True,False,True,embedding_z90__abs_return__M6_only__p0.05_ic0.03,train,
FTSE_CHINA_50,inflation_emb_z,7,0.922662,0.000112,0.068718,True,False,True,embedding_z90__abs_return__M6_only__p0.05_ic0.03,train,
FTSE_CHINA_50,inflation_emb_z,14,0.099165,-0.002017,0.065091,True,False,True,embedding_z90__abs_return__M6_only__p0.05_ic0.03,train,
FTSE_CHINA_50,inflation_emb_z,30,0.542682,0.000511,0.089445,True,False,True,embedding_z90__abs_return__M6_only__p0.05_ic0.03,train,
FTSE_CHINA_50,banking_emb_z,1,0.936308,-8.9e-05,0.031772,True,False,True,embedding_z90__abs_return__M6_only__p0.05_ic0.03,train,
FTSE_CHINA_50,banking_emb_z,7,0.632479,0.000554,0.03153,True,False,True,embedding_z90__abs_return__M6_only__p0.05_ic0.03,train,
FTSE_CHINA_50,banking_emb_z,14,0.796727,0.000309,0.10356,True,False,True,embedding_z90__abs_return__M6_only__p0.05_ic0.03,train,
FTSE_CHINA_50,gold_emb_z,7,0.725135,0.000409,0.061228,True,False,True,embedding_z90__abs_return__M6_only__p0.05_ic0.03,train,
GOLD,oil_emb_z,14,0.26196,0.000675,0.058082,True,False,True,embedding_z90__abs_return__M6_only__p0.05_ic0.03,train,
GOLD,oil_emb_z,30,0.64834,-0.00013,0.060488,True,False,True,embedding_z90__abs_return__M6_only__p0.05_ic0.03,train,
GOLD,rate_emb_z,1,0.74566,-0.000183,0.096342,True,False,True,embedding_z90__abs_return__M6_only__p0.05_ic0.03,train,
GOLD,rate_emb_z,14,0.395775,-0.000527,0.043155,True,False,True,embedding_z90__abs_return__M6_only__p0.05_ic0.03,train,
GOLD,rate_emb_z,30,0.951817,1.6e-05,0.124699,True,False,True,embedding_z90__abs_return__M6_only__p0.05_ic0.03,train,
GOLD,ruble_emb_z,7,0.101856,-0.000971,0.045909,True,False,True,embedding_z90__abs_return__M6_only__p0.05_ic0.03,train,
GOLD,ruble_emb_z,14,0.628469,0.000301,0.065019,True,False,True,embedding_z90__abs_return__M6_only__p0.05_ic0.03,train,
GOLD,ruble_emb_z,30,0.999498,0.0,0.090841,True,False,True,embedding_z90__abs_return__M6_only__p0.05_ic0.03,train,
GOLD,sanctions_emb_z,1,0.649704,-0.000255,0.070906,True,False,True,embedding_z90__abs_return__M6_only__p0.05_ic0.03,train,
GOLD,sanctions_emb_z,14,0.296304,0.000641,0.058287,True,False,True,embedding_z90__abs_return__M6_only__p0.05_ic0.03,train,
GOLD,sanctions_emb_z,30,0.975628,8e-06,0.077071,True,False,True,embedding_z90__abs_return__M6_only__p0.05_ic0.03,train,
GOLD,inflation_emb_z,1,0.83496,-0.000117,0.128785,True,False,True,embedding_z90__abs_return__M6_only__p0.05_ic0.03,train,
GOLD,inflation_emb_z,14,0.799586,0.000163,0.066495,True,False,True,embedding_z90__abs_return__M6_only__p0.05_ic0.03,train,
GOLD,banking_emb_z,1,0.126602,-0.000862,0.052385,True,False,True,embedding_z90__abs_return__M6_only__p0.05_ic0.03,train,
GOLD,banking_emb_z,14,0.441004,-0.000486,0.048071,True,False,True,embedding_z90__abs_return__M6_only__p0.05_ic0.03,train,
GOLD,gold_emb_z,1,0.691988,-0.000224,0.067288,True,False,True,embedding_z90__abs_return__M6_only__p0.05_ic0.03,train,
GOLD,gold_emb_z,7,0.564501,-0.000336,0.137026,True,False,True,embedding_z90__abs_return__M6_only__p0.05_ic0.03,train,
GOLD,gold_emb_z,30,0.481482,-0.000244,0.046056,True,False,True,embedding_z90__abs_return__M6_only__p0.05_ic0.03,train,
SILVER,oil_emb_z,1,0.689505,0.000449,0.036607,True,False,True,embedding_z90__abs_return__M6_only__p0.05_ic0.03,train,
SILVER,oil_emb_z,7,0.486952,-0.000785,0.036401,True,False,True,embedding_z90__abs_return__M6_only__p0.05_ic0.03,train,
SILVER,oil_emb_z,14,0.987474,1.9e-05,0.054305,True,False,True,embedding_z90__abs_return__M6_only__p0.05_ic0.03,train,
SILVER,rate_emb_z,1,0.750383,0.000361,0.050098,True,False,True,embedding_z90__abs_return__M6_only__p0.05_ic0.03,train,
SILVER,rate_emb_z,7,0.145628,0.001677,0.033305,True,False,True,embedding_z90__abs_return__M6_only__p0.05_ic0.03,train,
SILVER,rate_emb_z,30,0.765923,0.000172,0.050673,True,False,True,embedding_z90__abs_return__M6_only__p0.05_ic0.03,train,
SILVER,ruble_emb_z,1,0.494833,0.00078,0.058891,True,False,True,embedding_z90__abs_return__M6_only__p0.05_ic0.03,train,
SILVER,ruble_emb_z,7,0.427421,-0.000944,0.105801,True,False,True,embedding_z90__abs_return__M6_only__p0.05_ic0.03,train,
SILVER,ruble_emb_z,14,0.455672,0.000917,0.045109,True,False,True,embedding_z90__abs_return__M6_only__p0.05_ic0.03,train,
SILVER,ruble_emb_z,30,0.952872,-3.6e-05,0.091114,True,False,True,embedding_z90__abs_return__M6_only__p0.05_ic0.03,train,
SILVER,sanctions_emb_z,1,0.865048,0.000192,0.079468,True,False,True,embedding_z90__abs_return__M6_only__p0.05_ic0.03,train,
SILVER,sanctions_emb_z,14,0.651939,-0.000559,0.05629,True,False,True,embedding_z90__abs_return__M6_only__p0.05_ic0.03,train,
SILVER,sanctions_emb_z,30,0.299903,0.000576,0.062767,True,False,True,embedding_z90__abs_return__M6_only__p0.05_ic0.03,train,
SILVER,inflation_emb_z,1,0.536489,-0.000695,0.033185,True,False,True,embedding_z90__abs_return__M6_only__p0.05_ic0.03,train,
SILVER,inflation_emb_z,14,0.469291,-0.000924,0.038465,True,False,True,embedding_z90__abs_return__M6_only__p0.05_ic0.03,train,
SILVER,inflation_emb_z,30,0.396185,-0.000582,0.040414,True,False,True,embedding_z90__abs_return__M6_only__p0.05_ic0.03,train,
SILVER,gold_emb_z,1,0.785433,0.000312,0.043285,True,False,True,embedding_z90__abs_return__M6_only__p0.05_ic0.03,train,
SILVER,gold_emb_z,7,0.283329,-0.001264,0.058287,True,False,True,embedding_z90__abs_return__M6_only__p0.05_ic0.03,train,
SILVER,gold_emb_z,14,0.967348,5e-05,0.054954,True,False,True,embedding_z90__abs_return__M6_only__p0.05_ic0.03,train,
IMOEX,oil_emb_z,7,0.077517,0.002502,0.042592,True,False,True,embedding_z90__abs_return__M6_only__p0.05_ic0.03,train,
IMOEX,rate_emb_z,7,0.209001,0.001786,0.085326,True,False,True,embedding_z90__abs_return__M6_only__p0.05_ic0.03,train,
IMOEX,rate_emb_z,14,0.414272,-0.001208,0.094106,True,False,True,embedding_z90__abs_return__M6_only__p0.05_ic0.03,train,
IMOEX,rate_emb_z,30,0.637936,0.000221,0.074024,True,False,True,embedding_z90__abs_return__M6_only__p0.05_ic0.03,train,
IMOEX,ruble_emb_z,7,0.898333,-0.000185,0.036485,True,False,True,embedding_z90__abs_return__M6_only__p0.05_ic0.03,train,
IMOEX,ruble_emb_z,14,0.560108,0.0009,0.086964,True,False,True,embedding_z90__abs_return__M6_only__p0.05_ic0.03,train,
IMOEX,ruble_emb_z,30,0.485816,-0.000325,0.105196,True,False,True,embedding_z90__abs_return__M6_only__p0.05_ic0.03,train,
IMOEX,sanctions_emb_z,1,0.865523,-0.000234,0.06355,True,False,True,embedding_z90__abs_return__M6_only__p0.05_ic0.03,train,
IMOEX,sanctions_emb_z,7,0.12837,0.00223,0.040206,True,False,True,embedding_z90__abs_return__M6_only__p0.05_ic0.03,train,
IMOEX,sanctions_emb_z,14,0.34393,-0.001467,0.098396,True,False,True,embedding_z90__abs_return__M6_only__p0.05_ic0.03,train,
IMOEX,sanctions_emb_z,30,0.252844,0.000587,0.087702,True,False,True,embedding_z90__abs_return__M6_only__p0.05_ic0.03,train,
IMOEX,inflation_emb_z,1,0.226854,-0.00166,0.088476,True,False,True,embedding_z90__abs_return__M6_only__p0.05_ic0.03,train,
IMOEX,inflation_emb_z,7,0.477038,-0.00101,0.076025,True,False,True,embedding_z90__abs_return__M6_only__p0.05_ic0.03,train,
IMOEX,inflation_emb_z,30,0.282693,0.000511,0.079385,True,False,True,embedding_z90__abs_return__M6_only__p0.05_ic0.03,train,
IMOEX,banking_emb_z,7,0.435036,0.001145,0.047836,True,False,True,embedding_z90__abs_return__M6_only__p0.05_ic0.03,train,
MOEXFN,oil_emb_z,7,0.138406,0.002295,0.041806,True,False,True,embedding_z90__abs_return__M6_only__p0.05_ic0.03,train,
MOEXFN,oil_emb_z,30,0.323362,-0.000525,0.103638,True,False,True,embedding_z90__abs_return__M6_only__p0.05_ic0.03,train,
MOEXFN,rate_emb_z,14,0.128284,-0.002436,0.07448,True,False,True,embedding_z90__abs_return__M6_only__p0.05_ic0.03,train,
MOEXFN,ruble_emb_z,1,0.196995,0.001972,0.033098,True,False,True,embedding_z90__abs_return__M6_only__p0.05_ic0.03,train,
MOEXFN,ruble_emb_z,14,0.992481,-1.6e-05,0.047131,True,False,True,embedding_z90__abs_return__M6_only__p0.05_ic0.03,train,
MOEXFN,ruble_emb_z,30,0.890816,-7.4e-05,0.099603,True,False,True,embedding_z90__abs_return__M6_only__p0.05_ic0.03,train,
MOEXFN,sanctions_emb_z,30,0.382997,0.000464,0.052002,True,False,True,embedding_z90__abs_return__M6_only__p0.05_ic0.03,train,
MOEXFN,inflation_emb_z,7,0.496781,-0.001058,0.10503,True,False,True,embedding_z90__abs_return__M6_only__p0.05_ic0.03,train,
MOEXFN,inflation_emb_z,14,0.965802,-7.2e-05,0.033403,True,False,True,embedding_z90__abs_return__M6_only__p0.05_ic0.03,train,
MOEXFN,inflation_emb_z,30,0.688378,0.000201,0.035354,True,False,True,embedding_z90__abs_return__M6_only__p0.05_ic0.03,train,
MOEXFN,banking_emb_z,30,0.734112,-0.000183,0.05032,True,False,True,embedding_z90__abs_return__M6_only__p0.05_ic0.03,train,
MOEXFN,gold_emb_z,14,0.275798,-0.001786,0.043025,True,False,True,embedding_z90__abs_return__M6_only__p0.05_ic0.03,train,
MOEXOG,oil_emb_z,1,0.71351,-0.000507,0.071773,True,False,True,embedding_z90__abs_return__M6_only__p0.05_ic0.03,train,
MOEXOG,oil_emb_z,7,0.073344,0.002572,0.105886,True,False,True,embedding_z90__abs_return__M6_only__p0.05_ic0.03,train,
MOEXOG,oil_emb_z,14,0.904321,-0.000179,0.062026,True,False,True,embedding_z90__abs_return__M6_only__p0.05_ic0.03,train,
MOEXOG,oil_emb_z,30,0.106868,-0.000744,0.073579,True,False,True,embedding_z90__abs_return__M6_only__p0.05_ic0.03,train,
MOEXOG,rate_emb_z,7,0.075462,0.002546,0.072166,True,False,True,embedding_z90__abs_return__M6_only__p0.05_ic0.03,train,
MOEXOG,rate_emb_z,14,0.629484,-0.000727,0.100173,True,False,True,embedding_z90__abs_return__M6_only__p0.05_ic0.03,train,
MOEXOG,rate_emb_z,30,0.467107,0.000338,0.076967,True,False,True,embedding_z90__abs_return__M6_only__p0.05_ic0.03,train,
MOEXOG,ruble_emb_z,14,0.779669,0.000431,0.051927,True,False,True,embedding_z90__abs_return__M6_only__p0.05_ic0.03,train,
MOEXOG,ruble_emb_z,30,0.185855,-0.000655,0.075982,True,False,True,embedding_z90__abs_return__M6_only__p0.05_ic0.03,train,
MOEXOG,sanctions_emb_z,7,0.216073,0.001835,0.040521,True,False,True,embedding_z90__abs_return__M6_only__p0.05_ic0.03,train,
MOEXOG,inflation_emb_z,1,0.166865,-0.001907,0.086346,True,False,True,embedding_z90__abs_return__M6_only__p0.05_ic0.03,train,
MOEXOG,inflation_emb_z,7,0.431972,-0.001128,0.036017,True,False,True,embedding_z90__abs_return__M6_only__p0.05_ic0.03,train,
MOEXOG,inflation_emb_z,30,0.338932,0.000462,0.047208,True,False,True,embedding_z90__abs_return__M6_only__p0.05_ic0.03,train,
MOEXOG,banking_emb_z,30,0.71244,-0.000168,0.058371,True,False,True,embedding_z90__abs_return__M6_only__p0.05_ic0.03,train,
MOEXOG,gold_emb_z,1,0.675462,-0.000585,0.034714,True,False,True,embedding_z90__abs_return__M6_only__p0.05_ic0.03,train,
MOEXOG,gold_emb_z,7,0.209179,-0.001811,0.082905,True,False,True,embedding_z90__abs_return__M6_only__p0.05_ic0.03,train,
MOEXOG,gold_emb_z,14,0.484511,-0.001058,0.07782,True,False,True,embedding_z90__abs_return__M6_only__p0.05_ic0.03,train,
MOEXOG,gold_emb_z,30,0.577072,0.000256,0.031933,True,False,True,embedding_z90__abs_return__M6_only__p0.05_ic0.03,train,
MOEX10,oil_emb_z,14,0.724427,0.00049,0.030086,True,False,True,embedding_z90__abs_return__M6_only__p0.05_ic0.03,train,
MOEX10,oil_emb_z,30,0.153239,-0.00063,0.093958,True,False,True,embedding_z90__abs_return__M6_only__p0.05_ic0.03,train,
MOEX10,rate_emb_z,14,0.536228,-0.000869,0.061519,True,False,True,embedding_z90__abs_return__M6_only__p0.05_ic0.03,train,
MOEX10,ruble_emb_z,1,0.21011,0.001651,0.066735,True,False,True,embedding_z90__abs_return__M6_only__p0.05_ic0.03,train,
MOEX10,ruble_emb_z,30,0.17112,-0.000637,0.094721,True,False,True,embedding_z90__abs_return__M6_only__p0.05_ic0.03,train,
MOEX10,sanctions_emb_z,14,0.150105,-0.002082,0.042966,True,False,True,embedding_z90__abs_return__M6_only__p0.05_ic0.03,train,
MOEX10,inflation_emb_z,1,0.296255,-0.001358,0.046507,True,False,True,embedding_z90__abs_return__M6_only__p0.05_ic0.03,train,
MOEX10,inflation_emb_z,7,0.488705,-0.000931,0.068487,True,False,True,embedding_z90__abs_return__M6_only__p0.05_ic0.03,train,
MOEX10,inflation_emb_z,14,0.898474,0.000185,0.050496,True,False,True,embedding_z90__abs_return__M6_only__p0.05_ic0.03,train,
MOEX10,banking_emb_z,14,0.780737,0.000401,0.046417,True,False,True,embedding_z90__abs_return__M6_only__p0.05_ic0.03,train,
MOEX10,banking_emb_z,30,0.650029,-0.000218,0.079589,True,False,True,embedding_z90__abs_return__M6_only__p0.05_ic0.03,train,
MOEX10,gold_emb_z,30,0.79723,0.00011,0.051724,True,False,True,embedding_z90__abs_return__M6_only__p0.05_ic0.03,train,
SP500,oil_emb_z,1,0.797567,-0.00014,0.071042,True,False,True,embedding_z90__abs_return__M6_only__p0.05_ic0.03,val,
SP500,oil_emb_z,7,0.166632,0.000765,0.053053,True,False,True,embedding_z90__abs_return__M6_only__p0.05_ic0.03,val,
SP500,oil_emb_z,14,0.545664,-0.000355,0.06028,True,False,True,embedding_z90__abs_return__M6_only__p0.05_ic0.03,val,
SP500,rate_emb_z,14,0.600603,-0.000304,0.068789,True,False,True,embedding_z90__abs_return__M6_only__p0.05_ic0.03,val,
SP500,rate_emb_z,30,0.886785,6e-05,0.074508,True,False,True,embedding_z90__abs_return__M6_only__p0.05_ic0.03,val,
SP500,ruble_emb_z,1,0.193992,-0.000721,0.087477,True,False,True,embedding_z90__abs_return__M6_only__p0.05_ic0.03,val,
SP500,ruble_emb_z,7,0.436507,0.000455,0.065296,True,False,True,embedding_z90__abs_return__M6_only__p0.05_ic0.03,val,
SP500,sanctions_emb_z,14,0.51804,0.000407,0.050112,True,False,True,embedding_z90__abs_return__M6_only__p0.05_ic0.03,val,
SP500,sanctions_emb_z,30,0.458736,-0.00038,0.100177,True,False,True,embedding_z90__abs_return__M6_only__p0.05_ic0.03,val,
SP500,inflation_emb_z,1,0.764967,0.000166,0.079962,True,False,True,embedding_z90__abs_return__M6_only__p0.05_ic0.03,val,
SP500,inflation_emb_z,14,0.594304,0.00032,0.076876,True,False,True,embedding_z90__abs_return__M6_only__p0.05_ic0.03,val,
SP500,gold_emb_z,14,0.739773,-0.000202,0.034916,True,False,True,embedding_z90__abs_return__M6_only__p0.05_ic0.03,val,
SP500,gold_emb_z,30,0.484319,0.000293,0.165086,True,False,True,embedding_z90__abs_return__M6_only__p0.05_ic0.03,val,
USD_RUB,rate_emb_z,1,0.580541,-0.000411,0.093478,True,False,True,embedding_z90__abs_return__M6_only__p0.05_ic0.03,val,
USD_RUB,rate_emb_z,7,0.785345,0.000209,0.057496,True,False,True,embedding_z90__abs_return__M6_only__p0.05_ic0.03,val,
USD_RUB,ruble_emb_z,14,0.862549,0.000149,0.061715,True,False,True,embedding_z90__abs_return__M6_only__p0.05_ic0.03,val,
USD_RUB,ruble_emb_z,30,0.461977,-0.00034,0.05222,True,False,True,embedding_z90__abs_return__M6_only__p0.05_ic0.03,val,
USD_RUB,sanctions_emb_z,7,0.360211,0.000732,0.057461,True,False,True,embedding_z90__abs_return__M6_only__p0.05_ic0.03,val,
USD_RUB,inflation_emb_z,1,0.109888,-0.001196,0.050907,True,False,True,embedding_z90__abs_return__M6_only__p0.05_ic0.03,val,
USD_RUB,inflation_emb_z,7,0.294132,0.000814,0.092145,True,False,True,embedding_z90__abs_return__M6_only__p0.05_ic0.03,val,
USD_RUB,inflation_emb_z,30,0.532506,0.000293,0.036967,True,False,True,embedding_z90__abs_return__M6_only__p0.05_ic0.03,val,
USD_RUB,banking_emb_z,1,0.871323,-0.000118,0.034324,True,False,True,embedding_z90__abs_return__M6_only__p0.05_ic0.03,val,
USD_RUB,gold_emb_z,1,0.514713,0.000489,0.091727,True,False,True,embedding_z90__abs_return__M6_only__p0.05_ic0.03,val,
USD_RUB,gold_emb_z,30,0.765351,-0.000143,0.058596,True,False,True,embedding_z90__abs_return__M6_only__p0.05_ic0.03,val,
EUR_RUB,rate_emb_z,1,0.580541,-0.000411,0.093478,True,False,True,embedding_z90__abs_return__M6_only__p0.05_ic0.03,val,
EUR_RUB,rate_emb_z,7,0.785345,0.000209,0.057496,True,False,True,embedding_z90__abs_return__M6_only__p0.05_ic0.03,val,
EUR_RUB,ruble_emb_z,14,0.862549,0.000149,0.061715,True,False,True,embedding_z90__abs_return__M6_only__p0.05_ic0.03,val,
EUR_RUB,ruble_emb_z,30,0.461977,-0.00034,0.05222,True,False,True,embedding_z90__abs_return__M6_only__p0.05_ic0.03,val,
EUR_RUB,sanctions_emb_z,7,0.360211,0.000732,0.057461,True,False,True,embedding_z90__abs_return__M6_only__p0.05_ic0.03,val,
EUR_RUB,inflation_emb_z,1,0.109888,-0.001196,0.050907,True,False,True,embedding_z90__abs_return__M6_only__p0.05_ic0.03,val,
EUR_RUB,inflation_emb_z,7,0.294132,0.000814,0.092145,True,False,True,embedding_z90__abs_return__M6_only__p0.05_ic0.03,val,
EUR_RUB,inflation_emb_z,30,0.532506,0.000293,0.036967,True,False,True,embedding_z90__abs_return__M6_only__p0.05_ic0.03,val,
EUR_RUB,banking_emb_z,1,0.871323,-0.000118,0.034324,True,False,True,embedding_z90__abs_return__M6_only__p0.05_ic0.03,val,
EUR_RUB,gold_emb_z,1,0.514713,0.000489,0.091727,True,False,True,embedding_z90__abs_return__M6_only__p0.05_ic0.03,val,
EUR_RUB,gold_emb_z,30,0.765351,-0.000143,0.058596,True,False,True,embedding_z90__abs_return__M6_only__p0.05_ic0.03,val,
DJ_SOUTH_AFRICA,oil_emb_z,1,0.290358,-0.000583,0.057647,True,False,True,embedding_z90__abs_return__M6_only__p0.05_ic0.03,val,
DJ_SOUTH_AFRICA,oil_emb_z,30,0.55044,0.000206,0.136741,True,False,True,embedding_z90__abs_return__M6_only__p0.05_ic0.03,val,
DJ_SOUTH_AFRICA,rate_emb_z,14,0.907007,6.9e-05,0.033857,True,False,True,embedding_z90__abs_return__M6_only__p0.05_ic0.03,val,
DJ_SOUTH_AFRICA,rate_emb_z,30,0.62491,0.000165,0.089638,True,False,True,embedding_z90__abs_return__M6_only__p0.05_ic0.03,val,
DJ_SOUTH_AFRICA,sanctions_emb_z,7,0.309274,0.000595,0.049779,True,False,True,embedding_z90__abs_return__M6_only__p0.05_ic0.03,val,
DJ_SOUTH_AFRICA,inflation_emb_z,30,0.656693,-0.000144,0.075899,True,False,True,embedding_z90__abs_return__M6_only__p0.05_ic0.03,val,
MSCI_WORLD,oil_emb_z,1,0.494808,-0.000344,0.046209,True,False,True,embedding_z90__abs_return__M6_only__p0.05_ic0.03,val,
MSCI_WORLD,oil_emb_z,7,0.439531,-0.000397,0.090844,True,False,True,embedding_z90__abs_return__M6_only__p0.05_ic0.03,val,
MSCI_WORLD,ruble_emb_z,14,0.961278,-2.8e-05,0.04402,True,False,True,embedding_z90__abs_return__M6_only__p0.05_ic0.03,val,
MSCI_WORLD,ruble_emb_z,30,0.416329,-0.000276,0.036488,True,False,True,embedding_z90__abs_return__M6_only__p0.05_ic0.03,val,
MSCI_WORLD,sanctions_emb_z,1,0.971319,-1.8e-05,0.040898,True,False,True,embedding_z90__abs_return__M6_only__p0.05_ic0.03,val,
MSCI_WORLD,sanctions_emb_z,7,0.543481,-0.000327,0.035714,True,False,True,embedding_z90__abs_return__M6_only__p0.05_ic0.03,val,
MSCI_WORLD,sanctions_emb_z,14,0.800223,-0.000148,0.033054,True,False,True,embedding_z90__abs_return__M6_only__p0.05_ic0.03,val,
MSCI_WORLD,inflation_emb_z,14,0.829246,0.000118,0.035185,True,False,True,embedding_z90__abs_return__M6_only__p0.05_ic0.03,val,
MSCI_WORLD,banking_emb_z,7,0.470676,0.000372,0.063954,True,False,True,embedding_z90__abs_return__M6_only__p0.05_ic0.03,val,
MSCI_WORLD,banking_emb_z,14,0.795866,-0.000138,0.124342,True,False,True,embedding_z90__abs_return__M6_only__p0.05_ic0.03,val,
DXY,oil_emb_z,1,0.214312,0.000291,0.063542,True,False,True,embedding_z90__abs_return__M6_only__p0.05_ic0.03,val,
DXY,oil_emb_z,7,0.031415,0.000509,0.168545,True,True,True,embedding_z90__abs_return__M6_only__p0.05_ic0.03,val,
DXY,oil_emb_z,14,0.789533,-6.8e-05,0.096703,True,False,True,embedding_z90__abs_return__M6_only__p0.05_ic0.03,val,
DXY,rate_emb_z,1,0.147507,0.000341,0.055339,True,False,True,embedding_z90__abs_return__M6_only__p0.05_ic0.03,val,
DXY,ruble_emb_z,30,0.695829,-4.5e-05,0.050214,True,False,True,embedding_z90__abs_return__M6_only__p0.05_ic0.03,val,
DXY,sanctions_emb_z,7,0.801495,-6.2e-05,0.083323,True,False,True,embedding_z90__abs_return__M6_only__p0.05_ic0.03,val,
DXY,inflation_emb_z,1,0.753014,-7.5e-05,0.055624,True,False,True,embedding_z90__abs_return__M6_only__p0.05_ic0.03,val,
DXY,inflation_emb_z,7,0.988191,4e-06,0.036795,True,False,True,embedding_z90__abs_return__M6_only__p0.05_ic0.03,val,
DXY,inflation_emb_z,14,0.816367,-6e-05,0.094028,True,False,True,embedding_z90__abs_return__M6_only__p0.05_ic0.03,val,
DXY,inflation_emb_z,30,0.324402,0.000125,0.062624,True,False,True,embedding_z90__abs_return__M6_only__p0.05_ic0.03,val,
DXY,banking_emb_z,1,0.234599,-0.000273,0.070543,True,False,True,embedding_z90__abs_return__M6_only__p0.05_ic0.03,val,
DXY,banking_emb_z,14,0.746786,-8e-05,0.057345,True,False,True,embedding_z90__abs_return__M6_only__p0.05_ic0.03,val,
DXY,banking_emb_z,30,0.703766,-5.2e-05,0.042493,True,False,True,embedding_z90__abs_return__M6_only__p0.05_ic0.03,val,
DXY,gold_emb_z,7,0.637607,0.000111,0.081879,True,False,True,embedding_z90__abs_return__M6_only__p0.05_ic0.03,val,
DXY,gold_emb_z,30,0.814205,-3e-05,0.056574,True,False,True,embedding_z90__abs_return__M6_only__p0.05_ic0.03,val,
BRENT,oil_emb_z,1,0.810792,-0.000224,0.030434,True,False,True,embedding_z90__abs_return__M6_only__p0.05_ic0.03,val,
BRENT,rate_emb_z,1,0.721554,0.000334,0.116332,True,False,True,embedding_z90__abs_return__M6_only__p0.05_ic0.03,val,
BRENT,rate_emb_z,7,0.86427,-0.000164,0.056253,True,False,True,embedding_z90__abs_return__M6_only__p0.05_ic0.03,val,
BRENT,rate_emb_z,14,0.539865,-0.000613,0.102676,True,False,True,embedding_z90__abs_return__M6_only__p0.05_ic0.03,val,
BRENT,rate_emb_z,30,0.773614,-0.000181,0.073408,True,False,True,embedding_z90__abs_return__M6_only__p0.05_ic0.03,val,
BRENT,ruble_emb_z,7,0.334963,-0.000945,0.077675,True,False,True,embedding_z90__abs_return__M6_only__p0.05_ic0.03,val,
BRENT,ruble_emb_z,14,0.346116,0.000961,0.033247,True,False,True,embedding_z90__abs_return__M6_only__p0.05_ic0.03,val,
BRENT,sanctions_emb_z,30,0.545447,-0.000419,0.051274,True,False,True,embedding_z90__abs_return__M6_only__p0.05_ic0.03,val,
BRENT,inflation_emb_z,7,0.486114,0.000675,0.063257,True,False,True,embedding_z90__abs_return__M6_only__p0.05_ic0.03,val,
BRENT,inflation_emb_z,14,0.734284,0.000336,0.051509,True,False,True,embedding_z90__abs_return__M6_only__p0.05_ic0.03,val,
BRENT,inflation_emb_z,30,0.737675,-0.000173,0.048329,True,False,True,embedding_z90__abs_return__M6_only__p0.05_ic0.03,val,
BRENT,gold_emb_z,1,0.381121,0.000825,0.055339,True,False,True,embedding_z90__abs_return__M6_only__p0.05_ic0.03,val,
BRENT,gold_emb_z,30,0.469319,0.00047,0.052643,True,False,True,embedding_z90__abs_return__M6_only__p0.05_ic0.03,val,
MSCI_INDIA,oil_emb_z,1,0.853358,0.000104,0.056666,True,False,True,embedding_z90__abs_return__M6_only__p0.05_ic0.03,val,
MSCI_INDIA,oil_emb_z,7,0.951015,3.6e-05,0.050476,True,False,True,embedding_z90__abs_return__M6_only__p0.05_ic0.03,val,
MSCI_INDIA,oil_emb_z,30,0.933651,2.6e-05,0.064394,True,False,True,embedding_z90__abs_return__M6_only__p0.05_ic0.03,val,
MSCI_INDIA,rate_emb_z,1,0.499266,0.000378,0.033167,True,False,True,embedding_z90__abs_return__M6_only__p0.05_ic0.03,val,
MSCI_INDIA,rate_emb_z,7,0.055371,0.001088,0.046725,True,False,True,embedding_z90__abs_return__M6_only__p0.05_ic0.03,val,
MSCI_INDIA,ruble_emb_z,1,0.148902,0.000809,0.034652,True,False,True,embedding_z90__abs_return__M6_only__p0.05_ic0.03,val,
MSCI_INDIA,ruble_emb_z,7,0.122711,-0.000877,0.035768,True,False,True,embedding_z90__abs_return__M6_only__p0.05_ic0.03,val,
MSCI_INDIA,ruble_emb_z,30,0.449151,-0.000239,0.060629,True,False,True,embedding_z90__abs_return__M6_only__p0.05_ic0.03,val,
MSCI_INDIA,inflation_emb_z,14,0.190854,0.000798,0.046137,True,False,True,embedding_z90__abs_return__M6_only__p0.05_ic0.03,val,
MSCI_INDIA,banking_emb_z,30,0.554948,-0.000177,0.181676,True,False,True,embedding_z90__abs_return__M6_only__p0.05_ic0.03,val,
MSCI_INDIA,gold_emb_z,7,0.580494,-0.000312,0.071097,True,False,True,embedding_z90__abs_return__M6_only__p0.05_ic0.03,val,
MSCI_INDIA,gold_emb_z,30,0.835056,-7.7e-05,0.042313,True,False,True,embedding_z90__abs_return__M6_only__p0.05_ic0.03,val,
CHINA_H_SHARES,oil_emb_z,1,0.450431,0.000865,0.100053,True,False,True,embedding_z90__abs_return__M6_only__p0.05_ic0.03,val,
CHINA_H_SHARES,oil_emb_z,30,0.626463,-0.000345,0.111096,True,False,True,embedding_z90__abs_return__M6_only__p0.05_ic0.03,val,
CHINA_H_SHARES,rate_emb_z,14,0.588466,-0.000682,0.050968,True,False,True,embedding_z90__abs_return__M6_only__p0.05_ic0.03,val,
CHINA_H_SHARES,rate_emb_z,30,0.820208,0.00013,0.052264,True,False,True,embedding_z90__abs_return__M6_only__p0.05_ic0.03,val,
CHINA_H_SHARES,ruble_emb_z,14,0.77117,-0.000371,0.173752,True,False,True,embedding_z90__abs_return__M6_only__p0.05_ic0.03,val,
CHINA_H_SHARES,sanctions_emb_z,1,0.598155,0.000608,0.089496,True,False,True,embedding_z90__abs_return__M6_only__p0.05_ic0.03,val,
CHINA_H_SHARES,sanctions_emb_z,7,0.199825,-0.001528,0.04775,True,False,True,embedding_z90__abs_return__M6_only__p0.05_ic0.03,val,
CHINA_H_SHARES,sanctions_emb_z,30,0.772576,0.000174,0.043218,True,False,True,embedding_z90__abs_return__M6_only__p0.05_ic0.03,val,
CHINA_H_SHARES,inflation_emb_z,7,0.88062,-0.000177,0.08422,True,False,True,embedding_z90__abs_return__M6_only__p0.05_ic0.03,val,
CHINA_H_SHARES,inflation_emb_z,14,0.147231,0.001791,0.057024,True,False,True,embedding_z90__abs_return__M6_only__p0.05_ic0.03,val,
CHINA_H_SHARES,gold_emb_z,7,0.067669,-0.002106,0.106761,True,False,True,embedding_z90__abs_return__M6_only__p0.05_ic0.03,val,
FTSE_CHINA_50,oil_emb_z,1,0.241441,-0.001348,0.034696,True,False,True,embedding_z90__abs_return__M6_only__p0.05_ic0.03,val,
FTSE_CHINA_50,rate_emb_z,7,0.129141,0.00178,0.033215,True,False,True,embedding_z90__abs_return__M6_only__p0.05_ic0.03,val,
FTSE_CHINA_50,rate_emb_z,30,0.564331,0.000318,0.105127,True,False,True,embedding_z90__abs_return__M6_only__p0.05_ic0.03,val,
FTSE_CHINA_50,ruble_emb_z,1,0.37306,-0.001029,0.049949,True,False,True,embedding_z90__abs_return__M6_only__p0.05_ic0.03,val,
FTSE_CHINA_50,ruble_emb_z,14,0.618192,-0.00063,0.069006,True,False,True,embedding_z90__abs_return__M6_only__p0.05_ic0.03,val,
FTSE_CHINA_50,ruble_emb_z,30,0.783569,-0.000171,0.128812,True,False,True,embedding_z90__abs_return__M6_only__p0.05_ic0.03,val,
FTSE_CHINA_50,sanctions_emb_z,1,0.714367,-0.000422,0.07285,True,False,True,embedding_z90__abs_return__M6_only__p0.05_ic0.03,val,
FTSE_CHINA_50,sanctions_emb_z,7,0.421017,-0.000948,0.041463,True,False,True,embedding_z90__abs_return__M6_only__p0.05_ic0.03,val,
FTSE_CHINA_50,sanctions_emb_z,30,0.860305,9.8e-05,0.046926,True,False,True,embedding_z90__abs_return__M6_only__p0.05_ic0.03,val,
FTSE_CHINA_50,inflation_emb_z,7,0.792411,0.000313,0.071357,True,False,True,embedding_z90__abs_return__M6_only__p0.05_ic0.03,val,
FTSE_CHINA_50,inflation_emb_z,30,0.990918,-8e-06,0.042248,True,False,True,embedding_z90__abs_return__M6_only__p0.05_ic0.03,val,
FTSE_CHINA_50,banking_emb_z,7,0.665165,0.000506,0.038526,True,False,True,embedding_z90__abs_return__M6_only__p0.05_ic0.03,val,
FTSE_CHINA_50,gold_emb_z,7,0.074416,-0.002062,0.034552,True,False,True,embedding_z90__abs_return__M6_only__p0.05_ic0.03,val,
GOLD,oil_emb_z,30,0.599096,-0.00022,0.118366,True,False,True,embedding_z90__abs_return__M6_only__p0.05_ic0.03,val,
GOLD,rate_emb_z,1,0.021592,-0.001694,0.101638,True,True,True,embedding_z90__abs_return__M6_only__p0.05_ic0.03,val,
GOLD,rate_emb_z,14,0.420506,0.000671,0.062018,True,False,True,embedding_z90__abs_return__M6_only__p0.05_ic0.03,val,
GOLD,rate_emb_z,30,0.753354,-7.6e-05,0.12012,True,False,True,embedding_z90__abs_return__M6_only__p0.05_ic0.03,val,
GOLD,ruble_emb_z,7,0.972801,2.7e-05,0.110721,True,False,True,embedding_z90__abs_return__M6_only__p0.05_ic0.03,val,
GOLD,ruble_emb_z,30,0.855267,-5.2e-05,0.037203,True,False,True,embedding_z90__abs_return__M6_only__p0.05_ic0.03,val,
GOLD,sanctions_emb_z,30,0.676893,-0.00013,0.050867,True,False,True,embedding_z90__abs_return__M6_only__p0.05_ic0.03,val,
GOLD,inflation_emb_z,1,0.929348,-6.6e-05,0.135766,True,False,True,embedding_z90__abs_return__M6_only__p0.05_ic0.03,val,
GOLD,banking_emb_z,1,0.709996,0.000262,0.050059,True,False,True,embedding_z90__abs_return__M6_only__p0.05_ic0.03,val,
GOLD,banking_emb_z,14,0.81439,-0.000189,0.045207,True,False,True,embedding_z90__abs_return__M6_only__p0.05_ic0.03,val,
GOLD,gold_emb_z,1,0.831966,-0.000156,0.050812,True,False,True,embedding_z90__abs_return__M6_only__p0.05_ic0.03,val,
SILVER,oil_emb_z,1,0.843027,0.000278,0.094438,True,False,True,embedding_z90__abs_return__M6_only__p0.05_ic0.03,val,
SILVER,oil_emb_z,7,0.219809,0.001824,0.128902,True,False,True,embedding_z90__abs_return__M6_only__p0.05_ic0.03,val,
SILVER,rate_emb_z,1,0.025634,-0.003142,0.086526,True,True,True,embedding_z90__abs_return__M6_only__p0.05_ic0.03,val,
SILVER,rate_emb_z,30,0.81518,-0.000132,0.067443,True,False,True,embedding_z90__abs_return__M6_only__p0.05_ic0.03,val,
SILVER,ruble_emb_z,7,0.669345,-0.000641,0.039188,True,False,True,embedding_z90__abs_return__M6_only__p0.05_ic0.03,val,
SILVER,ruble_emb_z,30,0.44905,-0.000357,0.048632,True,False,True,embedding_z90__abs_return__M6_only__p0.05_ic0.03,val,
SILVER,sanctions_emb_z,14,0.318972,0.001625,0.080427,True,False,True,embedding_z90__abs_return__M6_only__p0.05_ic0.03,val,
SILVER,sanctions_emb_z,30,0.477288,0.000392,0.053473,True,False,True,embedding_z90__abs_return__M6_only__p0.05_ic0.03,val,
SILVER,inflation_emb_z,1,0.669451,-0.000604,0.049562,True,False,True,embedding_z90__abs_return__M6_only__p0.05_ic0.03,val,
SILVER,inflation_emb_z,14,0.878348,0.000235,0.055553,True,False,True,embedding_z90__abs_return__M6_only__p0.05_ic0.03,val,
SILVER,inflation_emb_z,30,0.963191,-2.5e-05,0.059761,True,False,True,embedding_z90__abs_return__M6_only__p0.05_ic0.03,val,
SILVER,gold_emb_z,14,0.401704,-0.001394,0.141595,True,False,True,embedding_z90__abs_return__M6_only__p0.05_ic0.03,val,
IMOEX,oil_emb_z,7,0.931439,7.1e-05,0.044642,True,False,True,embedding_z90__abs_return__M6_only__p0.05_ic0.03,val,
IMOEX,rate_emb_z,14,0.398247,-0.000738,0.151522,True,False,True,embedding_z90__abs_return__M6_only__p0.05_ic0.03,val,
IMOEX,rate_emb_z,30,0.812619,-0.000103,0.101866,True,False,True,embedding_z90__abs_return__M6_only__p0.05_ic0.03,val,
IMOEX,ruble_emb_z,14,0.559344,-0.000542,0.122928,True,False,True,embedding_z90__abs_return__M6_only__p0.05_ic0.03,val,
IMOEX,ruble_emb_z,30,0.437556,-0.000396,0.140954,True,False,True,embedding_z90__abs_return__M6_only__p0.05_ic0.03,val,
IMOEX,sanctions_emb_z,7,0.056045,0.001641,0.050175,True,False,True,embedding_z90__abs_return__M6_only__p0.05_ic0.03,val,
IMOEX,sanctions_emb_z,14,0.264028,0.001019,0.105658,True,False,True,embedding_z90__abs_return__M6_only__p0.05_ic0.03,val,
IMOEX,sanctions_emb_z,30,0.541494,0.00035,0.064001,True,False,True,embedding_z90__abs_return__M6_only__p0.05_ic0.03,val,
IMOEX,inflation_emb_z,1,0.349505,0.00076,0.105563,True,False,True,embedding_z90__abs_return__M6_only__p0.05_ic0.03,val,
IMOEX,inflation_emb_z,7,0.124038,0.001289,0.083973,True,False,True,embedding_z90__abs_return__M6_only__p0.05_ic0.03,val,
IMOEX,inflation_emb_z,30,0.429148,0.000312,0.037443,True,False,True,embedding_z90__abs_return__M6_only__p0.05_ic0.03,val,
MOEXFN,rate_emb_z,14,0.39432,-0.000823,0.177198,True,False,True,embedding_z90__abs_return__M6_only__p0.05_ic0.03,val,
MOEXFN,ruble_emb_z,1,0.641704,0.000424,0.079612,True,False,True,embedding_z90__abs_return__M6_only__p0.05_ic0.03,val,
MOEXFN,ruble_emb_z,14,0.733466,-0.000348,0.1199,True,False,True,embedding_z90__abs_return__M6_only__p0.05_ic0.03,val,
MOEXFN,ruble_emb_z,30,0.330283,-0.000541,0.123968,True,False,True,embedding_z90__abs_return__M6_only__p0.05_ic0.03,val,
MOEXFN,sanctions_emb_z,30,0.734032,0.000199,0.036571,True,False,True,embedding_z90__abs_return__M6_only__p0.05_ic0.03,val,
MOEXFN,inflation_emb_z,7,0.154078,0.001318,0.116888,True,False,True,embedding_z90__abs_return__M6_only__p0.05_ic0.03,val,
MOEXFN,inflation_emb_z,30,0.743295,0.000138,0.044622,True,False,True,embedding_z90__abs_return__M6_only__p0.05_ic0.03,val,
MOEXFN,banking_emb_z,30,0.416969,0.000402,0.079227,True,False,True,embedding_z90__abs_return__M6_only__p0.05_ic0.03,val,
MOEXOG,oil_emb_z,1,0.743343,0.000275,0.041619,True,False,True,embedding_z90__abs_return__M6_only__p0.05_ic0.03,val,
MOEXOG,oil_emb_z,7,0.955847,-4.8e-05,0.07055,True,False,True,embedding_z90__abs_return__M6_only__p0.05_ic0.03,val,
MOEXOG,oil_emb_z,14,0.936958,-7.4e-05,0.07176,True,False,True,embedding_z90__abs_return__M6_only__p0.05_ic0.03,val,
MOEXOG,oil_emb_z,30,0.979097,1.4e-05,0.066392,True,False,True,embedding_z90__abs_return__M6_only__p0.05_ic0.03,val,
MOEXOG,rate_emb_z,7,0.005096,-0.002392,0.034928,True,True,True,embedding_z90__abs_return__M6_only__p0.05_ic0.03,val,
MOEXOG,rate_emb_z,14,0.412988,-0.000739,0.141716,True,False,True,embedding_z90__abs_return__M6_only__p0.05_ic0.03,val,
MOEXOG,rate_emb_z,30,0.70433,-0.000185,0.086607,True,False,True,embedding_z90__abs_return__M6_only__p0.05_ic0.03,val,
MOEXOG,ruble_emb_z,14,0.429158,-0.000756,0.096361,True,False,True,embedding_z90__abs_return__M6_only__p0.05_ic0.03,val,
MOEXOG,ruble_emb_z,30,0.485008,-0.000359,0.110344,True,False,True,embedding_z90__abs_return__M6_only__p0.05_ic0.03,val,
MOEXOG,inflation_emb_z,1,0.414524,0.000685,0.149118,True,False,True,embedding_z90__abs_return__M6_only__p0.05_ic0.03,val,
MOEXOG,inflation_emb_z,7,0.190827,0.001135,0.040881,True,False,True,embedding_z90__abs_return__M6_only__p0.05_ic0.03,val,
MOEXOG,inflation_emb_z,30,0.603345,0.00021,0.039886,True,False,True,embedding_z90__abs_return__M6_only__p0.05_ic0.03,val,
MOEXOG,banking_emb_z,30,0.795894,0.000124,0.072185,True,False,True,embedding_z90__abs_return__M6_only__p0.05_ic0.03,val,
MOEXOG,gold_emb_z,1,0.180691,0.001129,0.089209,True,False,True,embedding_z90__abs_return__M6_only__p0.05_ic0.03,val,
MOEXOG,gold_emb_z,14,0.620651,0.000463,0.057179,True,False,True,embedding_z90__abs_return__M6_only__p0.05_ic0.03,val,
MOEXOG,gold_emb_z,30,0.71189,0.000185,0.156208,True,False,True,embedding_z90__abs_return__M6_only__p0.05_ic0.03,val,
MOEX10,oil_emb_z,14,0.72863,0.000361,0.081574,True,False,True,embedding_z90__abs_return__M6_only__p0.05_ic0.03,val,
MOEX10,oil_emb_z,30,0.678083,0.00024,0.030982,True,False,True,embedding_z90__abs_return__M6_only__p0.05_ic0.03,val,
MOEX10,rate_emb_z,14,0.33801,-0.000963,0.149719,True,False,True,embedding_z90__abs_return__M6_only__p0.05_ic0.03,val,
MOEX10,ruble_emb_z,1,0.653899,0.000428,0.048748,True,False,True,embedding_z90__abs_return__M6_only__p0.05_ic0.03,val,
MOEX10,ruble_emb_z,30,0.417758,-0.000504,0.127825,True,False,True,embedding_z90__abs_return__M6_only__p0.05_ic0.03,val,
MOEX10,sanctions_emb_z,14,0.327382,0.001043,0.121119,True,False,True,embedding_z90__abs_return__M6_only__p0.05_ic0.03,val,
MOEX10,inflation_emb_z,1,0.281494,0.001016,0.107114,True,False,True,embedding_z90__abs_return__M6_only__p0.05_ic0.03,val,
MOEX10,inflation_emb_z,7,0.187191,0.001275,0.096098,True,False,True,embedding_z90__abs_return__M6_only__p0.05_ic0.03,val,
MOEX10,inflation_emb_z,14,0.981323,2.4e-05,0.045036,True,False,True,embedding_z90__abs_return__M6_only__p0.05_ic0.03,val,
MOEX10,banking_emb_z,14,0.190863,0.001294,0.041047,True,False,True,embedding_z90__abs_return__M6_only__p0.05_ic0.03,val,
MOEX10,banking_emb_z,30,0.602971,0.000291,0.073645,True,False,True,embedding_z90__abs_return__M6_only__p0.05_ic0.03,val,
MOEX10,gold_emb_z,30,0.762683,0.000172,0.070173,True,False,True,embedding_z90__abs_return__M6_only__p0.05_ic0.03,val,
SP500,oil_emb_z,1,0.706464,-0.000189,0.075755,True,False,True,embedding_z90__vol_5d__M6_only__p0.05_ic0.03,train,
SP500,oil_emb_z,7,0.817249,0.000115,0.039338,True,False,True,embedding_z90__vol_5d__M6_only__p0.05_ic0.03,train,
SP500,oil_emb_z,14,0.082791,0.000859,0.079689,True,False,True,embedding_z90__vol_5d__M6_only__p0.05_ic0.03,train,
SP500,oil_emb_z,30,0.478968,0.000374,0.036748,True,False,True,embedding_z90__vol_5d__M6_only__p0.05_ic0.03,train,
SP500,rate_emb_z,14,0.395075,0.00045,0.034942,True,False,True,embedding_z90__vol_5d__M6_only__p0.05_ic0.03,train,
SP500,rate_emb_z,30,0.392982,0.000486,0.049287,True,False,True,embedding_z90__vol_5d__M6_only__p0.05_ic0.03,train,
SP500,ruble_emb_z,1,0.052824,0.000965,0.03453,True,False,True,embedding_z90__vol_5d__M6_only__p0.05_ic0.03,train,
SP500,ruble_emb_z,7,0.230312,-0.000612,0.032229,True,False,True,embedding_z90__vol_5d__M6_only__p0.05_ic0.03,train,
SP500,ruble_emb_z,30,0.156066,-0.000778,0.065642,True,False,True,embedding_z90__vol_5d__M6_only__p0.05_ic0.03,train,
SP500,sanctions_emb_z,7,0.050715,-0.000993,0.040578,True,False,True,embedding_z90__vol_5d__M6_only__p0.05_ic0.03,train,
SP500,sanctions_emb_z,14,0.726834,0.000185,0.077095,True,False,True,embedding_z90__vol_5d__M6_only__p0.05_ic0.03,train,
SP500,sanctions_emb_z,30,0.314705,0.000567,0.031682,True,False,True,embedding_z90__vol_5d__M6_only__p0.05_ic0.03,train,
SP500,inflation_emb_z,1,0.645562,0.000228,0.056153,True,False,True,embedding_z90__vol_5d__M6_only__p0.05_ic0.03,train,
SP500,inflation_emb_z,14,0.225563,-0.000643,0.071885,True,False,True,embedding_z90__vol_5d__M6_only__p0.05_ic0.03,train,
SP500,gold_emb_z,1,0.779879,-0.000141,0.057023,True,False,True,embedding_z90__vol_5d__M6_only__p0.05_ic0.03,train,
SP500,gold_emb_z,14,0.323658,0.000516,0.043381,True,False,True,embedding_z90__vol_5d__M6_only__p0.05_ic0.03,train,
SP500,gold_emb_z,30,0.718202,0.000201,0.053536,True,False,True,embedding_z90__vol_5d__M6_only__p0.05_ic0.03,train,
USD_RUB,rate_emb_z,1,0.161218,-0.001839,0.042647,True,False,True,embedding_z90__vol_5d__M6_only__p0.05_ic0.03,train,
USD_RUB,rate_emb_z,7,0.097712,0.002245,0.098642,True,False,True,embedding_z90__vol_5d__M6_only__p0.05_ic0.03,train,
USD_RUB,rate_emb_z,14,0.039235,0.002911,0.064475,True,True,True,embedding_z90__vol_5d__M6_only__p0.05_ic0.03,train,
USD_RUB,ruble_emb_z,1,0.168741,0.001837,0.030367,True,False,True,embedding_z90__vol_5d__M6_only__p0.05_ic0.03,train,
USD_RUB,ruble_emb_z,14,0.157377,-0.0021,0.043788,True,False,True,embedding_z90__vol_5d__M6_only__p0.05_ic0.03,train,
USD_RUB,ruble_emb_z,30,0.779693,0.000236,0.035544,True,False,True,embedding_z90__vol_5d__M6_only__p0.05_ic0.03,train,
USD_RUB,sanctions_emb_z,7,0.889795,-0.000193,0.050998,True,False,True,embedding_z90__vol_5d__M6_only__p0.05_ic0.03,train,
USD_RUB,sanctions_emb_z,30,0.412762,-0.000645,0.04901,True,False,True,embedding_z90__vol_5d__M6_only__p0.05_ic0.03,train,
USD_RUB,inflation_emb_z,1,0.055339,-0.002521,0.04125,True,False,True,embedding_z90__vol_5d__M6_only__p0.05_ic0.03,train,
USD_RUB,inflation_emb_z,7,0.769728,-0.000403,0.033074,True,False,True,embedding_z90__vol_5d__M6_only__p0.05_ic0.03,train,
USD_RUB,inflation_emb_z,14,0.805743,-0.000363,0.033674,True,False,True,embedding_z90__vol_5d__M6_only__p0.05_ic0.03,train,
USD_RUB,inflation_emb_z,30,0.580205,0.000448,0.088368,True,False,True,embedding_z90__vol_5d__M6_only__p0.05_ic0.03,train,
USD_RUB,banking_emb_z,1,0.912559,-0.000146,0.043391,True,False,True,embedding_z90__vol_5d__M6_only__p0.05_ic0.03,train,
USD_RUB,banking_emb_z,7,0.694256,0.000546,0.113689,True,False,True,embedding_z90__vol_5d__M6_only__p0.05_ic0.03,train,
USD_RUB,banking_emb_z,14,0.812313,0.000347,0.033673,True,False,True,embedding_z90__vol_5d__M6_only__p0.05_ic0.03,train,
USD_RUB,gold_emb_z,1,0.5974,0.000708,0.050051,True,False,True,embedding_z90__vol_5d__M6_only__p0.05_ic0.03,train,
USD_RUB,gold_emb_z,7,0.785058,0.000374,0.104345,True,False,True,embedding_z90__vol_5d__M6_only__p0.05_ic0.03,train,
USD_RUB,gold_emb_z,30,0.263161,-0.000888,0.04315,True,False,True,embedding_z90__vol_5d__M6_only__p0.05_ic0.03,train,
EUR_RUB,rate_emb_z,1,0.161218,-0.001839,0.042647,True,False,True,embedding_z90__vol_5d__M6_only__p0.05_ic0.03,train,
EUR_RUB,rate_emb_z,7,0.097712,0.002245,0.098642,True,False,True,embedding_z90__vol_5d__M6_only__p0.05_ic0.03,train,
EUR_RUB,rate_emb_z,14,0.039235,0.002911,0.064475,True,True,True,embedding_z90__vol_5d__M6_only__p0.05_ic0.03,train,
EUR_RUB,ruble_emb_z,1,0.168741,0.001837,0.030367,True,False,True,embedding_z90__vol_5d__M6_only__p0.05_ic0.03,train,
EUR_RUB,ruble_emb_z,14,0.157377,-0.0021,0.043788,True,False,True,embedding_z90__vol_5d__M6_only__p0.05_ic0.03,train,
EUR_RUB,ruble_emb_z,30,0.779693,0.000236,0.035544,True,False,True,embedding_z90__vol_5d__M6_only__p0.05_ic0.03,train,
EUR_RUB,sanctions_emb_z,7,0.889795,-0.000193,0.050998,True,False,True,embedding_z90__vol_5d__M6_only__p0.05_ic0.03,train,
EUR_RUB,sanctions_emb_z,30,0.412762,-0.000645,0.04901,True,False,True,embedding_z90__vol_5d__M6_only__p0.05_ic0.03,train,
EUR_RUB,inflation_emb_z,1,0.055339,-0.002521,0.04125,True,False,True,embedding_z90__vol_5d__M6_only__p0.05_ic0.03,train,
EUR_RUB,inflation_emb_z,7,0.769728,-0.000403,0.033074,True,False,True,embedding_z90__vol_5d__M6_only__p0.05_ic0.03,train,
EUR_RUB,inflation_emb_z,14,0.805743,-0.000363,0.033674,True,False,True,embedding_z90__vol_5d__M6_only__p0.05_ic0.03,train,
EUR_RUB,inflation_emb_z,30,0.580205,0.000448,0.088368,True,False,True,embedding_z90__vol_5d__M6_only__p0.05_ic0.03,train,
EUR_RUB,banking_emb_z,1,0.912559,-0.000146,0.043391,True,False,True,embedding_z90__vol_5d__M6_only__p0.05_ic0.03,train,
EUR_RUB,banking_emb_z,7,0.694256,0.000546,0.113689,True,False,True,embedding_z90__vol_5d__M6_only__p0.05_ic0.03,train,
EUR_RUB,banking_emb_z,14,0.812313,0.000347,0.033673,True,False,True,embedding_z90__vol_5d__M6_only__p0.05_ic0.03,train,
EUR_RUB,gold_emb_z,1,0.5974,0.000708,0.050051,True,False,True,embedding_z90__vol_5d__M6_only__p0.05_ic0.03,train,
EUR_RUB,gold_emb_z,7,0.785058,0.000374,0.104345,True,False,True,embedding_z90__vol_5d__M6_only__p0.05_ic0.03,train,
EUR_RUB,gold_emb_z,30,0.263161,-0.000888,0.04315,True,False,True,embedding_z90__vol_5d__M6_only__p0.05_ic0.03,train,
DJ_SOUTH_AFRICA,oil_emb_z,1,0.822058,0.00012,0.112447,True,False,True,embedding_z90__vol_5d__M6_only__p0.05_ic0.03,train,
DJ_SOUTH_AFRICA,oil_emb_z,30,0.63886,-0.000163,0.101432,True,False,True,embedding_z90__vol_5d__M6_only__p0.05_ic0.03,train,
DJ_SOUTH_AFRICA,rate_emb_z,14,0.523439,-0.00036,0.04181,True,False,True,embedding_z90__vol_5d__M6_only__p0.05_ic0.03,train,
DJ_SOUTH_AFRICA,rate_emb_z,30,0.35923,-0.000343,0.061092,True,False,True,embedding_z90__vol_5d__M6_only__p0.05_ic0.03,train,
DJ_SOUTH_AFRICA,sanctions_emb_z,7,0.043419,0.001124,0.067035,True,True,True,embedding_z90__vol_5d__M6_only__p0.05_ic0.03,train,
DJ_SOUTH_AFRICA,inflation_emb_z,1,0.320137,-0.000531,0.044924,True,False,True,embedding_z90__vol_5d__M6_only__p0.05_ic0.03,train,
DJ_SOUTH_AFRICA,inflation_emb_z,30,0.880861,5.7e-05,0.092205,True,False,True,embedding_z90__vol_5d__M6_only__p0.05_ic0.03,train,
DJ_SOUTH_AFRICA,banking_emb_z,1,0.391813,0.000462,0.060376,True,False,True,embedding_z90__vol_5d__M6_only__p0.05_ic0.03,train,
DJ_SOUTH_AFRICA,banking_emb_z,14,0.503323,0.000391,0.054749,True,False,True,embedding_z90__vol_5d__M6_only__p0.05_ic0.03,train,
DJ_SOUTH_AFRICA,banking_emb_z,30,0.698348,0.000146,0.031404,True,False,True,embedding_z90__vol_5d__M6_only__p0.05_ic0.03,train,
DJ_SOUTH_AFRICA,gold_emb_z,7,0.206396,0.000705,0.079831,True,False,True,embedding_z90__vol_5d__M6_only__p0.05_ic0.03,train,
MSCI_WORLD,oil_emb_z,1,0.268919,0.000577,0.151416,True,False,True,embedding_z90__vol_5d__M6_only__p0.05_ic0.03,train,
MSCI_WORLD,oil_emb_z,7,0.22102,0.000651,0.065685,True,False,True,embedding_z90__vol_5d__M6_only__p0.05_ic0.03,train,
MSCI_WORLD,rate_emb_z,7,0.122848,0.000814,0.053908,True,False,True,embedding_z90__vol_5d__M6_only__p0.05_ic0.03,train,
MSCI_WORLD,rate_emb_z,14,0.128562,-0.000833,0.038106,True,False,True,embedding_z90__vol_5d__M6_only__p0.05_ic0.03,train,
MSCI_WORLD,ruble_emb_z,1,0.16644,0.000729,0.071072,True,False,True,embedding_z90__vol_5d__M6_only__p0.05_ic0.03,train,
MSCI_WORLD,ruble_emb_z,14,0.991989,6e-06,0.032393,True,False,True,embedding_z90__vol_5d__M6_only__p0.05_ic0.03,train,
MSCI_WORLD,ruble_emb_z,30,0.484065,0.000271,0.035292,True,False,True,embedding_z90__vol_5d__M6_only__p0.05_ic0.03,train,
MSCI_WORLD,sanctions_emb_z,1,0.540817,0.000321,0.036053,True,False,True,embedding_z90__vol_5d__M6_only__p0.05_ic0.03,train,
MSCI_WORLD,sanctions_emb_z,7,0.570038,-0.000306,0.059772,True,False,True,embedding_z90__vol_5d__M6_only__p0.05_ic0.03,train,
MSCI_WORLD,sanctions_emb_z,14,0.973549,-1.9e-05,0.089433,True,False,True,embedding_z90__vol_5d__M6_only__p0.05_ic0.03,train,
MSCI_WORLD,inflation_emb_z,7,0.8886,-7.5e-05,0.074211,True,False,True,embedding_z90__vol_5d__M6_only__p0.05_ic0.03,train,
MSCI_WORLD,inflation_emb_z,14,0.727598,0.000197,0.047668,True,False,True,embedding_z90__vol_5d__M6_only__p0.05_ic0.03,train,
MSCI_WORLD,inflation_emb_z,30,0.93931,3.2e-05,0.070899,True,False,True,embedding_z90__vol_5d__M6_only__p0.05_ic0.03,train,
MSCI_WORLD,banking_emb_z,7,0.622836,0.000267,0.059742,True,False,True,embedding_z90__vol_5d__M6_only__p0.05_ic0.03,train,
MSCI_WORLD,banking_emb_z,14,0.171165,0.000769,0.060336,True,False,True,embedding_z90__vol_5d__M6_only__p0.05_ic0.03,train,
MSCI_WORLD,gold_emb_z,1,0.645725,0.000244,0.038333,True,False,True,embedding_z90__vol_5d__M6_only__p0.05_ic0.03,train,
DXY,oil_emb_z,1,0.473565,0.000181,0.054603,True,False,True,embedding_z90__vol_5d__M6_only__p0.05_ic0.03,train,
DXY,oil_emb_z,7,0.442328,-0.000198,0.09271,True,False,True,embedding_z90__vol_5d__M6_only__p0.05_ic0.03,train,
DXY,oil_emb_z,14,0.640842,0.000124,0.096748,True,False,True,embedding_z90__vol_5d__M6_only__p0.05_ic0.03,train,
DXY,rate_emb_z,1,0.826551,5.5e-05,0.079893,True,False,True,embedding_z90__vol_5d__M6_only__p0.05_ic0.03,train,
DXY,rate_emb_z,14,0.028758,0.00058,0.047579,True,True,True,embedding_z90__vol_5d__M6_only__p0.05_ic0.03,train,
DXY,rate_emb_z,30,0.304793,0.000181,0.117905,True,False,True,embedding_z90__vol_5d__M6_only__p0.05_ic0.03,train,
DXY,ruble_emb_z,14,0.845659,-5.5e-05,0.064545,True,False,True,embedding_z90__vol_5d__M6_only__p0.05_ic0.03,train,
DXY,ruble_emb_z,30,0.550514,-0.000112,0.090032,True,False,True,embedding_z90__vol_5d__M6_only__p0.05_ic0.03,train,
DXY,sanctions_emb_z,7,0.706887,-0.0001,0.031745,True,False,True,embedding_z90__vol_5d__M6_only__p0.05_ic0.03,train,
DXY,sanctions_emb_z,14,0.413879,0.00023,0.033622,True,False,True,embedding_z90__vol_5d__M6_only__p0.05_ic0.03,train,
DXY,sanctions_emb_z,30,0.719967,-5.8e-05,0.03397,True,False,True,embedding_z90__vol_5d__M6_only__p0.05_ic0.03,train,
DXY,inflation_emb_z,1,0.438183,0.000196,0.063186,True,False,True,embedding_z90__vol_5d__M6_only__p0.05_ic0.03,train,
DXY,inflation_emb_z,7,0.298223,0.00027,0.052631,True,False,True,embedding_z90__vol_5d__M6_only__p0.05_ic0.03,train,
DXY,inflation_emb_z,14,0.351209,-0.000258,0.076156,True,False,True,embedding_z90__vol_5d__M6_only__p0.05_ic0.03,train,
DXY,inflation_emb_z,30,0.989293,2e-06,0.031067,True,False,True,embedding_z90__vol_5d__M6_only__p0.05_ic0.03,train,
DXY,banking_emb_z,1,0.373889,-0.000225,0.035646,True,False,True,embedding_z90__vol_5d__M6_only__p0.05_ic0.03,train,
DXY,banking_emb_z,14,0.512794,-0.00018,0.083084,True,False,True,embedding_z90__vol_5d__M6_only__p0.05_ic0.03,train,
DXY,banking_emb_z,30,0.78769,4.6e-05,0.044312,True,False,True,embedding_z90__vol_5d__M6_only__p0.05_ic0.03,train,
DXY,gold_emb_z,7,0.971167,-9e-06,0.032025,True,False,True,embedding_z90__vol_5d__M6_only__p0.05_ic0.03,train,
DXY,gold_emb_z,30,0.922834,1.6e-05,0.043246,True,False,True,embedding_z90__vol_5d__M6_only__p0.05_ic0.03,train,
BRENT,oil_emb_z,1,0.101094,-0.001982,0.03466,True,False,True,embedding_z90__vol_5d__M6_only__p0.05_ic0.03,train,
BRENT,rate_emb_z,1,0.414175,-0.000983,0.045007,True,False,True,embedding_z90__vol_5d__M6_only__p0.05_ic0.03,train,
BRENT,rate_emb_z,7,0.326663,0.001206,0.081263,True,False,True,embedding_z90__vol_5d__M6_only__p0.05_ic0.03,train,
BRENT,rate_emb_z,14,0.947364,8.5e-05,0.078799,True,False,True,embedding_z90__vol_5d__M6_only__p0.05_ic0.03,train,
BRENT,rate_emb_z,30,0.368897,-0.000764,0.033054,True,False,True,embedding_z90__vol_5d__M6_only__p0.05_ic0.03,train,
BRENT,ruble_emb_z,7,0.163579,-0.001779,0.042149,True,False,True,embedding_z90__vol_5d__M6_only__p0.05_ic0.03,train,
BRENT,ruble_emb_z,14,0.605463,0.000704,0.088246,True,False,True,embedding_z90__vol_5d__M6_only__p0.05_ic0.03,train,
BRENT,sanctions_emb_z,7,0.335511,0.001229,0.041514,True,False,True,embedding_z90__vol_5d__M6_only__p0.05_ic0.03,train,
BRENT,sanctions_emb_z,30,0.760385,-0.000234,0.113409,True,False,True,embedding_z90__vol_5d__M6_only__p0.05_ic0.03,train,
BRENT,inflation_emb_z,7,0.135385,0.001872,0.140175,True,False,True,embedding_z90__vol_5d__M6_only__p0.05_ic0.03,train,
BRENT,inflation_emb_z,14,0.451354,0.001002,0.034751,True,False,True,embedding_z90__vol_5d__M6_only__p0.05_ic0.03,train,
BRENT,inflation_emb_z,30,0.429857,0.000626,0.038342,True,False,True,embedding_z90__vol_5d__M6_only__p0.05_ic0.03,train,
BRENT,banking_emb_z,1,0.868945,0.0002,0.122077,True,False,True,embedding_z90__vol_5d__M6_only__p0.05_ic0.03,train,
BRENT,gold_emb_z,1,0.619834,0.000611,0.032768,True,False,True,embedding_z90__vol_5d__M6_only__p0.05_ic0.03,train,
BRENT,gold_emb_z,30,0.372379,0.000684,0.088732,True,False,True,embedding_z90__vol_5d__M6_only__p0.05_ic0.03,train,
MSCI_INDIA,oil_emb_z,1,0.678437,0.000207,0.084001,True,False,True,embedding_z90__vol_5d__M6_only__p0.05_ic0.03,train,
MSCI_INDIA,oil_emb_z,7,0.078856,0.000897,0.07013,True,False,True,embedding_z90__vol_5d__M6_only__p0.05_ic0.03,train,
MSCI_INDIA,oil_emb_z,30,0.942428,-2.3e-05,0.079652,True,False,True,embedding_z90__vol_5d__M6_only__p0.05_ic0.03,train,
MSCI_INDIA,rate_emb_z,1,0.185486,0.00066,0.07188,True,False,True,embedding_z90__vol_5d__M6_only__p0.05_ic0.03,train,
MSCI_INDIA,rate_emb_z,7,0.925865,4.7e-05,0.098754,True,False,True,embedding_z90__vol_5d__M6_only__p0.05_ic0.03,train,
MSCI_INDIA,ruble_emb_z,1,0.537178,0.00031,0.063824,True,False,True,embedding_z90__vol_5d__M6_only__p0.05_ic0.03,train,
MSCI_INDIA,ruble_emb_z,7,0.310034,0.000528,0.036719,True,False,True,embedding_z90__vol_5d__M6_only__p0.05_ic0.03,train,
MSCI_INDIA,ruble_emb_z,30,0.170543,0.000461,0.068637,True,False,True,embedding_z90__vol_5d__M6_only__p0.05_ic0.03,train,
MSCI_INDIA,sanctions_emb_z,1,0.598807,-0.000265,0.049494,True,False,True,embedding_z90__vol_5d__M6_only__p0.05_ic0.03,train,
MSCI_INDIA,sanctions_emb_z,7,0.893247,-7e-05,0.058599,True,False,True,embedding_z90__vol_5d__M6_only__p0.05_ic0.03,train,
MSCI_INDIA,inflation_emb_z,14,0.020903,0.001228,0.06993,True,True,True,embedding_z90__vol_5d__M6_only__p0.05_ic0.03,train,
MSCI_INDIA,banking_emb_z,30,0.929387,-2.6e-05,0.057737,True,False,True,embedding_z90__vol_5d__M6_only__p0.05_ic0.03,train,
MSCI_INDIA,gold_emb_z,1,0.697883,0.000197,0.059428,True,False,True,embedding_z90__vol_5d__M6_only__p0.05_ic0.03,train,
MSCI_INDIA,gold_emb_z,7,0.593983,0.000276,0.054493,True,False,True,embedding_z90__vol_5d__M6_only__p0.05_ic0.03,train,
MSCI_INDIA,gold_emb_z,30,0.868112,5.5e-05,0.058238,True,False,True,embedding_z90__vol_5d__M6_only__p0.05_ic0.03,train,
CHINA_H_SHARES,oil_emb_z,1,0.989331,1.4e-05,0.072397,True,False,True,embedding_z90__vol_5d__M6_only__p0.05_ic0.03,train,
CHINA_H_SHARES,oil_emb_z,30,0.705718,0.000276,0.036195,True,False,True,embedding_z90__vol_5d__M6_only__p0.05_ic0.03,train,
CHINA_H_SHARES,rate_emb_z,14,0.036422,-0.002351,0.040293,True,True,True,embedding_z90__vol_5d__M6_only__p0.05_ic0.03,train,
CHINA_H_SHARES,rate_emb_z,30,0.48603,0.000502,0.091044,True,False,True,embedding_z90__vol_5d__M6_only__p0.05_ic0.03,train,
CHINA_H_SHARES,ruble_emb_z,1,0.128777,0.001608,0.06513,True,False,True,embedding_z90__vol_5d__M6_only__p0.05_ic0.03,train,
CHINA_H_SHARES,ruble_emb_z,7,0.025801,-0.002464,0.093652,True,True,True,embedding_z90__vol_5d__M6_only__p0.05_ic0.03,train,
CHINA_H_SHARES,ruble_emb_z,14,0.663863,0.000504,0.069653,True,False,True,embedding_z90__vol_5d__M6_only__p0.05_ic0.03,train,
CHINA_H_SHARES,ruble_emb_z,30,0.853044,0.000148,0.038324,True,False,True,embedding_z90__vol_5d__M6_only__p0.05_ic0.03,train,
CHINA_H_SHARES,sanctions_emb_z,1,0.471241,-0.00076,0.056664,True,False,True,embedding_z90__vol_5d__M6_only__p0.05_ic0.03,train,
CHINA_H_SHARES,sanctions_emb_z,7,0.46036,0.000808,0.09713,True,False,True,embedding_z90__vol_5d__M6_only__p0.05_ic0.03,train,
CHINA_H_SHARES,sanctions_emb_z,30,0.991188,8e-06,0.059931,True,False,True,embedding_z90__vol_5d__M6_only__p0.05_ic0.03,train,
CHINA_H_SHARES,inflation_emb_z,7,0.90884,0.000124,0.078989,True,False,True,embedding_z90__vol_5d__M6_only__p0.05_ic0.03,train,
CHINA_H_SHARES,inflation_emb_z,14,0.09939,-0.001905,0.068112,True,False,True,embedding_z90__vol_5d__M6_only__p0.05_ic0.03,train,
CHINA_H_SHARES,inflation_emb_z,30,0.63748,0.000369,0.069353,True,False,True,embedding_z90__vol_5d__M6_only__p0.05_ic0.03,train,
CHINA_H_SHARES,banking_emb_z,1,0.9391,-8e-05,0.050289,True,False,True,embedding_z90__vol_5d__M6_only__p0.05_ic0.03,train,
CHINA_H_SHARES,banking_emb_z,7,0.868142,0.000181,0.038664,True,False,True,embedding_z90__vol_5d__M6_only__p0.05_ic0.03,train,
CHINA_H_SHARES,banking_emb_z,14,0.874101,0.000179,0.120609,True,False,True,embedding_z90__vol_5d__M6_only__p0.05_ic0.03,train,
CHINA_H_SHARES,gold_emb_z,7,0.969765,-4.1e-05,0.038303,True,False,True,embedding_z90__vol_5d__M6_only__p0.05_ic0.03,train,
FTSE_CHINA_50,oil_emb_z,1,0.849094,0.000211,0.040491,True,False,True,embedding_z90__vol_5d__M6_only__p0.05_ic0.03,train,
FTSE_CHINA_50,rate_emb_z,7,0.744433,0.000372,0.036532,True,False,True,embedding_z90__vol_5d__M6_only__p0.05_ic0.03,train,
FTSE_CHINA_50,rate_emb_z,14,0.035676,-0.0025,0.042056,True,True,True,embedding_z90__vol_5d__M6_only__p0.05_ic0.03,train,
FTSE_CHINA_50,rate_emb_z,30,0.312138,0.00079,0.073977,True,False,True,embedding_z90__vol_5d__M6_only__p0.05_ic0.03,train,
FTSE_CHINA_50,ruble_emb_z,1,0.078414,0.00198,0.08095,True,False,True,embedding_z90__vol_5d__M6_only__p0.05_ic0.03,train,
FTSE_CHINA_50,ruble_emb_z,7,0.046436,-0.002339,0.084125,True,True,True,embedding_z90__vol_5d__M6_only__p0.05_ic0.03,train,
FTSE_CHINA_50,ruble_emb_z,14,0.617417,0.000612,0.073205,True,False,True,embedding_z90__vol_5d__M6_only__p0.05_ic0.03,train,
FTSE_CHINA_50,ruble_emb_z,30,0.832881,0.000181,0.044312,True,False,True,embedding_z90__vol_5d__M6_only__p0.05_ic0.03,train,
FTSE_CHINA_50,sanctions_emb_z,1,0.341016,-0.001068,0.034593,True,False,True,embedding_z90__vol_5d__M6_only__p0.05_ic0.03,train,
FTSE_CHINA_50,sanctions_emb_z,7,0.507616,0.000769,0.094293,True,False,True,embedding_z90__vol_5d__M6_only__p0.05_ic0.03,train,
FTSE_CHINA_50,sanctions_emb_z,30,0.810469,-0.000186,0.043202,True,False,True,embedding_z90__vol_5d__M6_only__p0.05_ic0.03,train,
FTSE_CHINA_50,inflation_emb_z,7,0.922662,0.000112,0.068718,True,False,True,embedding_z90__vol_5d__M6_only__p0.05_ic0.03,train,
FTSE_CHINA_50,inflation_emb_z,14,0.099165,-0.002017,0.065091,True,False,True,embedding_z90__vol_5d__M6_only__p0.05_ic0.03,train,
FTSE_CHINA_50,inflation_emb_z,30,0.542682,0.000511,0.089445,True,False,True,embedding_z90__vol_5d__M6_only__p0.05_ic0.03,train,
FTSE_CHINA_50,banking_emb_z,1,0.936308,-8.9e-05,0.031772,True,False,True,embedding_z90__vol_5d__M6_only__p0.05_ic0.03,train,
FTSE_CHINA_50,banking_emb_z,7,0.632479,0.000554,0.03153,True,False,True,embedding_z90__vol_5d__M6_only__p0.05_ic0.03,train,
FTSE_CHINA_50,banking_emb_z,14,0.796727,0.000309,0.10356,True,False,True,embedding_z90__vol_5d__M6_only__p0.05_ic0.03,train,
FTSE_CHINA_50,gold_emb_z,7,0.725135,0.000409,0.061228,True,False,True,embedding_z90__vol_5d__M6_only__p0.05_ic0.03,train,
GOLD,oil_emb_z,14,0.26196,0.000675,0.058082,True,False,True,embedding_z90__vol_5d__M6_only__p0.05_ic0.03,train,
GOLD,oil_emb_z,30,0.64834,-0.00013,0.060488,True,False,True,embedding_z90__vol_5d__M6_only__p0.05_ic0.03,train,
GOLD,rate_emb_z,1,0.74566,-0.000183,0.096342,True,False,True,embedding_z90__vol_5d__M6_only__p0.05_ic0.03,train,
GOLD,rate_emb_z,14,0.395775,-0.000527,0.043155,True,False,True,embedding_z90__vol_5d__M6_only__p0.05_ic0.03,train,
GOLD,rate_emb_z,30,0.951817,1.6e-05,0.124699,True,False,True,embedding_z90__vol_5d__M6_only__p0.05_ic0.03,train,
GOLD,ruble_emb_z,7,0.101856,-0.000971,0.045909,True,False,True,embedding_z90__vol_5d__M6_only__p0.05_ic0.03,train,
GOLD,ruble_emb_z,14,0.628469,0.000301,0.065019,True,False,True,embedding_z90__vol_5d__M6_only__p0.05_ic0.03,train,
GOLD,ruble_emb_z,30,0.999498,0.0,0.090841,True,False,True,embedding_z90__vol_5d__M6_only__p0.05_ic0.03,train,
GOLD,sanctions_emb_z,1,0.649704,-0.000255,0.070906,True,False,True,embedding_z90__vol_5d__M6_only__p0.05_ic0.03,train,
GOLD,sanctions_emb_z,14,0.296304,0.000641,0.058287,True,False,True,embedding_z90__vol_5d__M6_only__p0.05_ic0.03,train,
GOLD,sanctions_emb_z,30,0.975628,8e-06,0.077071,True,False,True,embedding_z90__vol_5d__M6_only__p0.05_ic0.03,train,
GOLD,inflation_emb_z,1,0.83496,-0.000117,0.128785,True,False,True,embedding_z90__vol_5d__M6_only__p0.05_ic0.03,train,
GOLD,inflation_emb_z,14,0.799586,0.000163,0.066495,True,False,True,embedding_z90__vol_5d__M6_only__p0.05_ic0.03,train,
GOLD,banking_emb_z,1,0.126602,-0.000862,0.052385,True,False,True,embedding_z90__vol_5d__M6_only__p0.05_ic0.03,train,
GOLD,banking_emb_z,14,0.441004,-0.000486,0.048071,True,False,True,embedding_z90__vol_5d__M6_only__p0.05_ic0.03,train,
GOLD,gold_emb_z,1,0.691988,-0.000224,0.067288,True,False,True,embedding_z90__vol_5d__M6_only__p0.05_ic0.03,train,
GOLD,gold_emb_z,7,0.564501,-0.000336,0.137026,True,False,True,embedding_z90__vol_5d__M6_only__p0.05_ic0.03,train,
GOLD,gold_emb_z,30,0.481482,-0.000244,0.046056,True,False,True,embedding_z90__vol_5d__M6_only__p0.05_ic0.03,train,
SILVER,oil_emb_z,1,0.689505,0.000449,0.036607,True,False,True,embedding_z90__vol_5d__M6_only__p0.05_ic0.03,train,
SILVER,oil_emb_z,7,0.486952,-0.000785,0.036401,True,False,True,embedding_z90__vol_5d__M6_only__p0.05_ic0.03,train,
SILVER,oil_emb_z,14,0.987474,1.9e-05,0.054305,True,False,True,embedding_z90__vol_5d__M6_only__p0.05_ic0.03,train,
SILVER,rate_emb_z,1,0.750383,0.000361,0.050098,True,False,True,embedding_z90__vol_5d__M6_only__p0.05_ic0.03,train,
SILVER,rate_emb_z,7,0.145628,0.001677,0.033305,True,False,True,embedding_z90__vol_5d__M6_only__p0.05_ic0.03,train,
SILVER,rate_emb_z,30,0.765923,0.000172,0.050673,True,False,True,embedding_z90__vol_5d__M6_only__p0.05_ic0.03,train,
SILVER,ruble_emb_z,1,0.494833,0.00078,0.058891,True,False,True,embedding_z90__vol_5d__M6_only__p0.05_ic0.03,train,
SILVER,ruble_emb_z,7,0.427421,-0.000944,0.105801,True,False,True,embedding_z90__vol_5d__M6_only__p0.05_ic0.03,train,
SILVER,ruble_emb_z,14,0.455672,0.000917,0.045109,True,False,True,embedding_z90__vol_5d__M6_only__p0.05_ic0.03,train,
SILVER,ruble_emb_z,30,0.952872,-3.6e-05,0.091114,True,False,True,embedding_z90__vol_5d__M6_only__p0.05_ic0.03,train,
SILVER,sanctions_emb_z,1,0.865048,0.000192,0.079468,True,False,True,embedding_z90__vol_5d__M6_only__p0.05_ic0.03,train,
SILVER,sanctions_emb_z,14,0.651939,-0.000559,0.05629,True,False,True,embedding_z90__vol_5d__M6_only__p0.05_ic0.03,train,
SILVER,sanctions_emb_z,30,0.299903,0.000576,0.062767,True,False,True,embedding_z90__vol_5d__M6_only__p0.05_ic0.03,train,
SILVER,inflation_emb_z,1,0.536489,-0.000695,0.033185,True,False,True,embedding_z90__vol_5d__M6_only__p0.05_ic0.03,train,
SILVER,inflation_emb_z,14,0.469291,-0.000924,0.038465,True,False,True,embedding_z90__vol_5d__M6_only__p0.05_ic0.03,train,
SILVER,inflation_emb_z,30,0.396185,-0.000582,0.040414,True,False,True,embedding_z90__vol_5d__M6_only__p0.05_ic0.03,train,
SILVER,gold_emb_z,1,0.785433,0.000312,0.043285,True,False,True,embedding_z90__vol_5d__M6_only__p0.05_ic0.03,train,
SILVER,gold_emb_z,7,0.283329,-0.001264,0.058287,True,False,True,embedding_z90__vol_5d__M6_only__p0.05_ic0.03,train,
SILVER,gold_emb_z,14,0.967348,5e-05,0.054954,True,False,True,embedding_z90__vol_5d__M6_only__p0.05_ic0.03,train,
IMOEX,oil_emb_z,7,0.077517,0.002502,0.042592,True,False,True,embedding_z90__vol_5d__M6_only__p0.05_ic0.03,train,
IMOEX,rate_emb_z,7,0.209001,0.001786,0.085326,True,False,True,embedding_z90__vol_5d__M6_only__p0.05_ic0.03,train,
IMOEX,rate_emb_z,14,0.414272,-0.001208,0.094106,True,False,True,embedding_z90__vol_5d__M6_only__p0.05_ic0.03,train,
IMOEX,rate_emb_z,30,0.637936,0.000221,0.074024,True,False,True,embedding_z90__vol_5d__M6_only__p0.05_ic0.03,train,
IMOEX,ruble_emb_z,7,0.898333,-0.000185,0.036485,True,False,True,embedding_z90__vol_5d__M6_only__p0.05_ic0.03,train,
IMOEX,ruble_emb_z,14,0.560108,0.0009,0.086964,True,False,True,embedding_z90__vol_5d__M6_only__p0.05_ic0.03,train,
IMOEX,ruble_emb_z,30,0.485816,-0.000325,0.105196,True,False,True,embedding_z90__vol_5d__M6_only__p0.05_ic0.03,train,
IMOEX,sanctions_emb_z,1,0.865523,-0.000234,0.06355,True,False,True,embedding_z90__vol_5d__M6_only__p0.05_ic0.03,train,
IMOEX,sanctions_emb_z,7,0.12837,0.00223,0.040206,True,False,True,embedding_z90__vol_5d__M6_only__p0.05_ic0.03,train,
IMOEX,sanctions_emb_z,14,0.34393,-0.001467,0.098396,True,False,True,embedding_z90__vol_5d__M6_only__p0.05_ic0.03,train,
IMOEX,sanctions_emb_z,30,0.252844,0.000587,0.087702,True,False,True,embedding_z90__vol_5d__M6_only__p0.05_ic0.03,train,
IMOEX,inflation_emb_z,1,0.226854,-0.00166,0.088476,True,False,True,embedding_z90__vol_5d__M6_only__p0.05_ic0.03,train,
IMOEX,inflation_emb_z,7,0.477038,-0.00101,0.076025,True,False,True,embedding_z90__vol_5d__M6_only__p0.05_ic0.03,train,
IMOEX,inflation_emb_z,30,0.282693,0.000511,0.079385,True,False,True,embedding_z90__vol_5d__M6_only__p0.05_ic0.03,train,
IMOEX,banking_emb_z,7,0.435036,0.001145,0.047836,True,False,True,embedding_z90__vol_5d__M6_only__p0.05_ic0.03,train,
MOEXFN,oil_emb_z,7,0.138406,0.002295,0.041806,True,False,True,embedding_z90__vol_5d__M6_only__p0.05_ic0.03,train,
MOEXFN,oil_emb_z,30,0.323362,-0.000525,0.103638,True,False,True,embedding_z90__vol_5d__M6_only__p0.05_ic0.03,train,
MOEXFN,rate_emb_z,14,0.128284,-0.002436,0.07448,True,False,True,embedding_z90__vol_5d__M6_only__p0.05_ic0.03,train,
MOEXFN,ruble_emb_z,1,0.196995,0.001972,0.033098,True,False,True,embedding_z90__vol_5d__M6_only__p0.05_ic0.03,train,
MOEXFN,ruble_emb_z,14,0.992481,-1.6e-05,0.047131,True,False,True,embedding_z90__vol_5d__M6_only__p0.05_ic0.03,train,
MOEXFN,ruble_emb_z,30,0.890816,-7.4e-05,0.099603,True,False,True,embedding_z90__vol_5d__M6_only__p0.05_ic0.03,train,
MOEXFN,sanctions_emb_z,30,0.382997,0.000464,0.052002,True,False,True,embedding_z90__vol_5d__M6_only__p0.05_ic0.03,train,
MOEXFN,inflation_emb_z,7,0.496781,-0.001058,0.10503,True,False,True,embedding_z90__vol_5d__M6_only__p0.05_ic0.03,train,
MOEXFN,inflation_emb_z,14,0.965802,-7.2e-05,0.033403,True,False,True,embedding_z90__vol_5d__M6_only__p0.05_ic0.03,train,
MOEXFN,inflation_emb_z,30,0.688378,0.000201,0.035354,True,False,True,embedding_z90__vol_5d__M6_only__p0.05_ic0.03,train,
MOEXFN,banking_emb_z,30,0.734112,-0.000183,0.05032,True,False,True,embedding_z90__vol_5d__M6_only__p0.05_ic0.03,train,
MOEXFN,gold_emb_z,14,0.275798,-0.001786,0.043025,True,False,True,embedding_z90__vol_5d__M6_only__p0.05_ic0.03,train,
MOEXOG,oil_emb_z,1,0.71351,-0.000507,0.071773,True,False,True,embedding_z90__vol_5d__M6_only__p0.05_ic0.03,train,
MOEXOG,oil_emb_z,7,0.073344,0.002572,0.105886,True,False,True,embedding_z90__vol_5d__M6_only__p0.05_ic0.03,train,
MOEXOG,oil_emb_z,14,0.904321,-0.000179,0.062026,True,False,True,embedding_z90__vol_5d__M6_only__p0.05_ic0.03,train,
MOEXOG,oil_emb_z,30,0.106868,-0.000744,0.073579,True,False,True,embedding_z90__vol_5d__M6_only__p0.05_ic0.03,train,
MOEXOG,rate_emb_z,7,0.075462,0.002546,0.072166,True,False,True,embedding_z90__vol_5d__M6_only__p0.05_ic0.03,train,
MOEXOG,rate_emb_z,14,0.629484,-0.000727,0.100173,True,False,True,embedding_z90__vol_5d__M6_only__p0.05_ic0.03,train,
MOEXOG,rate_emb_z,30,0.467107,0.000338,0.076967,True,False,True,embedding_z90__vol_5d__M6_only__p0.05_ic0.03,train,
MOEXOG,ruble_emb_z,14,0.779669,0.000431,0.051927,True,False,True,embedding_z90__vol_5d__M6_only__p0.05_ic0.03,train,
MOEXOG,ruble_emb_z,30,0.185855,-0.000655,0.075982,True,False,True,embedding_z90__vol_5d__M6_only__p0.05_ic0.03,train,
MOEXOG,sanctions_emb_z,7,0.216073,0.001835,0.040521,True,False,True,embedding_z90__vol_5d__M6_only__p0.05_ic0.03,train,
MOEXOG,inflation_emb_z,1,0.166865,-0.001907,0.086346,True,False,True,embedding_z90__vol_5d__M6_only__p0.05_ic0.03,train,
MOEXOG,inflation_emb_z,7,0.431972,-0.001128,0.036017,True,False,True,embedding_z90__vol_5d__M6_only__p0.05_ic0.03,train,
MOEXOG,inflation_emb_z,30,0.338932,0.000462,0.047208,True,False,True,embedding_z90__vol_5d__M6_only__p0.05_ic0.03,train,
MOEXOG,banking_emb_z,30,0.71244,-0.000168,0.058371,True,False,True,embedding_z90__vol_5d__M6_only__p0.05_ic0.03,train,
MOEXOG,gold_emb_z,1,0.675462,-0.000585,0.034714,True,False,True,embedding_z90__vol_5d__M6_only__p0.05_ic0.03,train,
MOEXOG,gold_emb_z,7,0.209179,-0.001811,0.082905,True,False,True,embedding_z90__vol_5d__M6_only__p0.05_ic0.03,train,
MOEXOG,gold_emb_z,14,0.484511,-0.001058,0.07782,True,False,True,embedding_z90__vol_5d__M6_only__p0.05_ic0.03,train,
MOEXOG,gold_emb_z,30,0.577072,0.000256,0.031933,True,False,True,embedding_z90__vol_5d__M6_only__p0.05_ic0.03,train,
MOEX10,oil_emb_z,14,0.724427,0.00049,0.030086,True,False,True,embedding_z90__vol_5d__M6_only__p0.05_ic0.03,train,
MOEX10,oil_emb_z,30,0.153239,-0.00063,0.093958,True,False,True,embedding_z90__vol_5d__M6_only__p0.05_ic0.03,train,
MOEX10,rate_emb_z,14,0.536228,-0.000869,0.061519,True,False,True,embedding_z90__vol_5d__M6_only__p0.05_ic0.03,train,
MOEX10,ruble_emb_z,1,0.21011,0.001651,0.066735,True,False,True,embedding_z90__vol_5d__M6_only__p0.05_ic0.03,train,
MOEX10,ruble_emb_z,30,0.17112,-0.000637,0.094721,True,False,True,embedding_z90__vol_5d__M6_only__p0.05_ic0.03,train,
MOEX10,sanctions_emb_z,14,0.150105,-0.002082,0.042966,True,False,True,embedding_z90__vol_5d__M6_only__p0.05_ic0.03,train,
MOEX10,inflation_emb_z,1,0.296255,-0.001358,0.046507,True,False,True,embedding_z90__vol_5d__M6_only__p0.05_ic0.03,train,
MOEX10,inflation_emb_z,7,0.488705,-0.000931,0.068487,True,False,True,embedding_z90__vol_5d__M6_only__p0.05_ic0.03,train,
MOEX10,inflation_emb_z,14,0.898474,0.000185,0.050496,True,False,True,embedding_z90__vol_5d__M6_only__p0.05_ic0.03,train,
MOEX10,banking_emb_z,14,0.780737,0.000401,0.046417,True,False,True,embedding_z90__vol_5d__M6_only__p0.05_ic0.03,train,
MOEX10,banking_emb_z,30,0.650029,-0.000218,0.079589,True,False,True,embedding_z90__vol_5d__M6_only__p0.05_ic0.03,train,
MOEX10,gold_emb_z,30,0.79723,0.00011,0.051724,True,False,True,embedding_z90__vol_5d__M6_only__p0.05_ic0.03,train,
SP500,oil_emb_z,1,0.797567,-0.00014,0.071042,True,False,True,embedding_z90__vol_5d__M6_only__p0.05_ic0.03,val,
SP500,oil_emb_z,7,0.166632,0.000765,0.053053,True,False,True,embedding_z90__vol_5d__M6_only__p0.05_ic0.03,val,
SP500,oil_emb_z,14,0.545664,-0.000355,0.06028,True,False,True,embedding_z90__vol_5d__M6_only__p0.05_ic0.03,val,
SP500,rate_emb_z,14,0.600603,-0.000304,0.068789,True,False,True,embedding_z90__vol_5d__M6_only__p0.05_ic0.03,val,
SP500,rate_emb_z,30,0.886785,6e-05,0.074508,True,False,True,embedding_z90__vol_5d__M6_only__p0.05_ic0.03,val,
SP500,ruble_emb_z,1,0.193992,-0.000721,0.087477,True,False,True,embedding_z90__vol_5d__M6_only__p0.05_ic0.03,val,
SP500,ruble_emb_z,7,0.436507,0.000455,0.065296,True,False,True,embedding_z90__vol_5d__M6_only__p0.05_ic0.03,val,
SP500,sanctions_emb_z,14,0.51804,0.000407,0.050112,True,False,True,embedding_z90__vol_5d__M6_only__p0.05_ic0.03,val,
SP500,sanctions_emb_z,30,0.458736,-0.00038,0.100177,True,False,True,embedding_z90__vol_5d__M6_only__p0.05_ic0.03,val,
SP500,inflation_emb_z,1,0.764967,0.000166,0.079962,True,False,True,embedding_z90__vol_5d__M6_only__p0.05_ic0.03,val,
SP500,inflation_emb_z,14,0.594304,0.00032,0.076876,True,False,True,embedding_z90__vol_5d__M6_only__p0.05_ic0.03,val,
SP500,gold_emb_z,14,0.739773,-0.000202,0.034916,True,False,True,embedding_z90__vol_5d__M6_only__p0.05_ic0.03,val,
SP500,gold_emb_z,30,0.484319,0.000293,0.165086,True,False,True,embedding_z90__vol_5d__M6_only__p0.05_ic0.03,val,
USD_RUB,rate_emb_z,1,0.580541,-0.000411,0.093478,True,False,True,embedding_z90__vol_5d__M6_only__p0.05_ic0.03,val,
USD_RUB,rate_emb_z,7,0.785345,0.000209,0.057496,True,False,True,embedding_z90__vol_5d__M6_only__p0.05_ic0.03,val,
USD_RUB,ruble_emb_z,14,0.862549,0.000149,0.061715,True,False,True,embedding_z90__vol_5d__M6_only__p0.05_ic0.03,val,
USD_RUB,ruble_emb_z,30,0.461977,-0.00034,0.05222,True,False,True,embedding_z90__vol_5d__M6_only__p0.05_ic0.03,val,
USD_RUB,sanctions_emb_z,7,0.360211,0.000732,0.057461,True,False,True,embedding_z90__vol_5d__M6_only__p0.05_ic0.03,val,
USD_RUB,inflation_emb_z,1,0.109888,-0.001196,0.050907,True,False,True,embedding_z90__vol_5d__M6_only__p0.05_ic0.03,val,
USD_RUB,inflation_emb_z,7,0.294132,0.000814,0.092145,True,False,True,embedding_z90__vol_5d__M6_only__p0.05_ic0.03,val,
USD_RUB,inflation_emb_z,30,0.532506,0.000293,0.036967,True,False,True,embedding_z90__vol_5d__M6_only__p0.05_ic0.03,val,
USD_RUB,banking_emb_z,1,0.871323,-0.000118,0.034324,True,False,True,embedding_z90__vol_5d__M6_only__p0.05_ic0.03,val,
USD_RUB,gold_emb_z,1,0.514713,0.000489,0.091727,True,False,True,embedding_z90__vol_5d__M6_only__p0.05_ic0.03,val,
USD_RUB,gold_emb_z,30,0.765351,-0.000143,0.058596,True,False,True,embedding_z90__vol_5d__M6_only__p0.05_ic0.03,val,
EUR_RUB,rate_emb_z,1,0.580541,-0.000411,0.093478,True,False,True,embedding_z90__vol_5d__M6_only__p0.05_ic0.03,val,
EUR_RUB,rate_emb_z,7,0.785345,0.000209,0.057496,True,False,True,embedding_z90__vol_5d__M6_only__p0.05_ic0.03,val,
EUR_RUB,ruble_emb_z,14,0.862549,0.000149,0.061715,True,False,True,embedding_z90__vol_5d__M6_only__p0.05_ic0.03,val,
EUR_RUB,ruble_emb_z,30,0.461977,-0.00034,0.05222,True,False,True,embedding_z90__vol_5d__M6_only__p0.05_ic0.03,val,
EUR_RUB,sanctions_emb_z,7,0.360211,0.000732,0.057461,True,False,True,embedding_z90__vol_5d__M6_only__p0.05_ic0.03,val,
EUR_RUB,inflation_emb_z,1,0.109888,-0.001196,0.050907,True,False,True,embedding_z90__vol_5d__M6_only__p0.05_ic0.03,val,
EUR_RUB,inflation_emb_z,7,0.294132,0.000814,0.092145,True,False,True,embedding_z90__vol_5d__M6_only__p0.05_ic0.03,val,
EUR_RUB,inflation_emb_z,30,0.532506,0.000293,0.036967,True,False,True,embedding_z90__vol_5d__M6_only__p0.05_ic0.03,val,
EUR_RUB,banking_emb_z,1,0.871323,-0.000118,0.034324,True,False,True,embedding_z90__vol_5d__M6_only__p0.05_ic0.03,val,
EUR_RUB,gold_emb_z,1,0.514713,0.000489,0.091727,True,False,True,embedding_z90__vol_5d__M6_only__p0.05_ic0.03,val,
EUR_RUB,gold_emb_z,30,0.765351,-0.000143,0.058596,True,False,True,embedding_z90__vol_5d__M6_only__p0.05_ic0.03,val,
DJ_SOUTH_AFRICA,oil_emb_z,1,0.290358,-0.000583,0.057647,True,False,True,embedding_z90__vol_5d__M6_only__p0.05_ic0.03,val,
DJ_SOUTH_AFRICA,oil_emb_z,30,0.55044,0.000206,0.136741,True,False,True,embedding_z90__vol_5d__M6_only__p0.05_ic0.03,val,
DJ_SOUTH_AFRICA,rate_emb_z,14,0.907007,6.9e-05,0.033857,True,False,True,embedding_z90__vol_5d__M6_only__p0.05_ic0.03,val,
DJ_SOUTH_AFRICA,rate_emb_z,30,0.62491,0.000165,0.089638,True,False,True,embedding_z90__vol_5d__M6_only__p0.05_ic0.03,val,
DJ_SOUTH_AFRICA,sanctions_emb_z,7,0.309274,0.000595,0.049779,True,False,True,embedding_z90__vol_5d__M6_only__p0.05_ic0.03,val,
DJ_SOUTH_AFRICA,inflation_emb_z,30,0.656693,-0.000144,0.075899,True,False,True,embedding_z90__vol_5d__M6_only__p0.05_ic0.03,val,
MSCI_WORLD,oil_emb_z,1,0.494808,-0.000344,0.046209,True,False,True,embedding_z90__vol_5d__M6_only__p0.05_ic0.03,val,
MSCI_WORLD,oil_emb_z,7,0.439531,-0.000397,0.090844,True,False,True,embedding_z90__vol_5d__M6_only__p0.05_ic0.03,val,
MSCI_WORLD,ruble_emb_z,14,0.961278,-2.8e-05,0.04402,True,False,True,embedding_z90__vol_5d__M6_only__p0.05_ic0.03,val,
MSCI_WORLD,ruble_emb_z,30,0.416329,-0.000276,0.036488,True,False,True,embedding_z90__vol_5d__M6_only__p0.05_ic0.03,val,
MSCI_WORLD,sanctions_emb_z,1,0.971319,-1.8e-05,0.040898,True,False,True,embedding_z90__vol_5d__M6_only__p0.05_ic0.03,val,
MSCI_WORLD,sanctions_emb_z,7,0.543481,-0.000327,0.035714,True,False,True,embedding_z90__vol_5d__M6_only__p0.05_ic0.03,val,
MSCI_WORLD,sanctions_emb_z,14,0.800223,-0.000148,0.033054,True,False,True,embedding_z90__vol_5d__M6_only__p0.05_ic0.03,val,
MSCI_WORLD,inflation_emb_z,14,0.829246,0.000118,0.035185,True,False,True,embedding_z90__vol_5d__M6_only__p0.05_ic0.03,val,
MSCI_WORLD,banking_emb_z,7,0.470676,0.000372,0.063954,True,False,True,embedding_z90__vol_5d__M6_only__p0.05_ic0.03,val,
MSCI_WORLD,banking_emb_z,14,0.795866,-0.000138,0.124342,True,False,True,embedding_z90__vol_5d__M6_only__p0.05_ic0.03,val,
DXY,oil_emb_z,1,0.214312,0.000291,0.063542,True,False,True,embedding_z90__vol_5d__M6_only__p0.05_ic0.03,val,
DXY,oil_emb_z,7,0.031415,0.000509,0.168545,True,True,True,embedding_z90__vol_5d__M6_only__p0.05_ic0.03,val,
DXY,oil_emb_z,14,0.789533,-6.8e-05,0.096703,True,False,True,embedding_z90__vol_5d__M6_only__p0.05_ic0.03,val,
DXY,rate_emb_z,1,0.147507,0.000341,0.055339,True,False,True,embedding_z90__vol_5d__M6_only__p0.05_ic0.03,val,
DXY,ruble_emb_z,30,0.695829,-4.5e-05,0.050214,True,False,True,embedding_z90__vol_5d__M6_only__p0.05_ic0.03,val,
DXY,sanctions_emb_z,7,0.801495,-6.2e-05,0.083323,True,False,True,embedding_z90__vol_5d__M6_only__p0.05_ic0.03,val,
DXY,inflation_emb_z,1,0.753014,-7.5e-05,0.055624,True,False,True,embedding_z90__vol_5d__M6_only__p0.05_ic0.03,val,
DXY,inflation_emb_z,7,0.988191,4e-06,0.036795,True,False,True,embedding_z90__vol_5d__M6_only__p0.05_ic0.03,val,
DXY,inflation_emb_z,14,0.816367,-6e-05,0.094028,True,False,True,embedding_z90__vol_5d__M6_only__p0.05_ic0.03,val,
DXY,inflation_emb_z,30,0.324402,0.000125,0.062624,True,False,True,embedding_z90__vol_5d__M6_only__p0.05_ic0.03,val,
DXY,banking_emb_z,1,0.234599,-0.000273,0.070543,True,False,True,embedding_z90__vol_5d__M6_only__p0.05_ic0.03,val,
DXY,banking_emb_z,14,0.746786,-8e-05,0.057345,True,False,True,embedding_z90__vol_5d__M6_only__p0.05_ic0.03,val,
DXY,banking_emb_z,30,0.703766,-5.2e-05,0.042493,True,False,True,embedding_z90__vol_5d__M6_only__p0.05_ic0.03,val,
DXY,gold_emb_z,7,0.637607,0.000111,0.081879,True,False,True,embedding_z90__vol_5d__M6_only__p0.05_ic0.03,val,
DXY,gold_emb_z,30,0.814205,-3e-05,0.056574,True,False,True,embedding_z90__vol_5d__M6_only__p0.05_ic0.03,val,
BRENT,oil_emb_z,1,0.810792,-0.000224,0.030434,True,False,True,embedding_z90__vol_5d__M6_only__p0.05_ic0.03,val,
BRENT,rate_emb_z,1,0.721554,0.000334,0.116332,True,False,True,embedding_z90__vol_5d__M6_only__p0.05_ic0.03,val,
BRENT,rate_emb_z,7,0.86427,-0.000164,0.056253,True,False,True,embedding_z90__vol_5d__M6_only__p0.05_ic0.03,val,
BRENT,rate_emb_z,14,0.539865,-0.000613,0.102676,True,False,True,embedding_z90__vol_5d__M6_only__p0.05_ic0.03,val,
BRENT,rate_emb_z,30,0.773614,-0.000181,0.073408,True,False,True,embedding_z90__vol_5d__M6_only__p0.05_ic0.03,val,
BRENT,ruble_emb_z,7,0.334963,-0.000945,0.077675,True,False,True,embedding_z90__vol_5d__M6_only__p0.05_ic0.03,val,
BRENT,ruble_emb_z,14,0.346116,0.000961,0.033247,True,False,True,embedding_z90__vol_5d__M6_only__p0.05_ic0.03,val,
BRENT,sanctions_emb_z,30,0.545447,-0.000419,0.051274,True,False,True,embedding_z90__vol_5d__M6_only__p0.05_ic0.03,val,
BRENT,inflation_emb_z,7,0.486114,0.000675,0.063257,True,False,True,embedding_z90__vol_5d__M6_only__p0.05_ic0.03,val,
BRENT,inflation_emb_z,14,0.734284,0.000336,0.051509,True,False,True,embedding_z90__vol_5d__M6_only__p0.05_ic0.03,val,
BRENT,inflation_emb_z,30,0.737675,-0.000173,0.048329,True,False,True,embedding_z90__vol_5d__M6_only__p0.05_ic0.03,val,
BRENT,gold_emb_z,1,0.381121,0.000825,0.055339,True,False,True,embedding_z90__vol_5d__M6_only__p0.05_ic0.03,val,
BRENT,gold_emb_z,30,0.469319,0.00047,0.052643,True,False,True,embedding_z90__vol_5d__M6_only__p0.05_ic0.03,val,
MSCI_INDIA,oil_emb_z,1,0.853358,0.000104,0.056666,True,False,True,embedding_z90__vol_5d__M6_only__p0.05_ic0.03,val,
MSCI_INDIA,oil_emb_z,7,0.951015,3.6e-05,0.050476,True,False,True,embedding_z90__vol_5d__M6_only__p0.05_ic0.03,val,
MSCI_INDIA,oil_emb_z,30,0.933651,2.6e-05,0.064394,True,False,True,embedding_z90__vol_5d__M6_only__p0.05_ic0.03,val,
MSCI_INDIA,rate_emb_z,1,0.499266,0.000378,0.033167,True,False,True,embedding_z90__vol_5d__M6_only__p0.05_ic0.03,val,
MSCI_INDIA,rate_emb_z,7,0.055371,0.001088,0.046725,True,False,True,embedding_z90__vol_5d__M6_only__p0.05_ic0.03,val,
MSCI_INDIA,ruble_emb_z,1,0.148902,0.000809,0.034652,True,False,True,embedding_z90__vol_5d__M6_only__p0.05_ic0.03,val,
MSCI_INDIA,ruble_emb_z,7,0.122711,-0.000877,0.035768,True,False,True,embedding_z90__vol_5d__M6_only__p0.05_ic0.03,val,
MSCI_INDIA,ruble_emb_z,30,0.449151,-0.000239,0.060629,True,False,True,embedding_z90__vol_5d__M6_only__p0.05_ic0.03,val,
MSCI_INDIA,inflation_emb_z,14,0.190854,0.000798,0.046137,True,False,True,embedding_z90__vol_5d__M6_only__p0.05_ic0.03,val,
MSCI_INDIA,banking_emb_z,30,0.554948,-0.000177,0.181676,True,False,True,embedding_z90__vol_5d__M6_only__p0.05_ic0.03,val,
MSCI_INDIA,gold_emb_z,7,0.580494,-0.000312,0.071097,True,False,True,embedding_z90__vol_5d__M6_only__p0.05_ic0.03,val,
MSCI_INDIA,gold_emb_z,30,0.835056,-7.7e-05,0.042313,True,False,True,embedding_z90__vol_5d__M6_only__p0.05_ic0.03,val,
CHINA_H_SHARES,oil_emb_z,1,0.450431,0.000865,0.100053,True,False,True,embedding_z90__vol_5d__M6_only__p0.05_ic0.03,val,
CHINA_H_SHARES,oil_emb_z,30,0.626463,-0.000345,0.111096,True,False,True,embedding_z90__vol_5d__M6_only__p0.05_ic0.03,val,
CHINA_H_SHARES,rate_emb_z,14,0.588466,-0.000682,0.050968,True,False,True,embedding_z90__vol_5d__M6_only__p0.05_ic0.03,val,
CHINA_H_SHARES,rate_emb_z,30,0.820208,0.00013,0.052264,True,False,True,embedding_z90__vol_5d__M6_only__p0.05_ic0.03,val,
CHINA_H_SHARES,ruble_emb_z,14,0.77117,-0.000371,0.173752,True,False,True,embedding_z90__vol_5d__M6_only__p0.05_ic0.03,val,
CHINA_H_SHARES,sanctions_emb_z,1,0.598155,0.000608,0.089496,True,False,True,embedding_z90__vol_5d__M6_only__p0.05_ic0.03,val,
CHINA_H_SHARES,sanctions_emb_z,7,0.199825,-0.001528,0.04775,True,False,True,embedding_z90__vol_5d__M6_only__p0.05_ic0.03,val,
CHINA_H_SHARES,sanctions_emb_z,30,0.772576,0.000174,0.043218,True,False,True,embedding_z90__vol_5d__M6_only__p0.05_ic0.03,val,
CHINA_H_SHARES,inflation_emb_z,7,0.88062,-0.000177,0.08422,True,False,True,embedding_z90__vol_5d__M6_only__p0.05_ic0.03,val,
CHINA_H_SHARES,inflation_emb_z,14,0.147231,0.001791,0.057024,True,False,True,embedding_z90__vol_5d__M6_only__p0.05_ic0.03,val,
CHINA_H_SHARES,gold_emb_z,7,0.067669,-0.002106,0.106761,True,False,True,embedding_z90__vol_5d__M6_only__p0.05_ic0.03,val,
FTSE_CHINA_50,oil_emb_z,1,0.241441,-0.001348,0.034696,True,False,True,embedding_z90__vol_5d__M6_only__p0.05_ic0.03,val,
FTSE_CHINA_50,rate_emb_z,7,0.129141,0.00178,0.033215,True,False,True,embedding_z90__vol_5d__M6_only__p0.05_ic0.03,val,
FTSE_CHINA_50,rate_emb_z,30,0.564331,0.000318,0.105127,True,False,True,embedding_z90__vol_5d__M6_only__p0.05_ic0.03,val,
FTSE_CHINA_50,ruble_emb_z,1,0.37306,-0.001029,0.049949,True,False,True,embedding_z90__vol_5d__M6_only__p0.05_ic0.03,val,
FTSE_CHINA_50,ruble_emb_z,14,0.618192,-0.00063,0.069006,True,False,True,embedding_z90__vol_5d__M6_only__p0.05_ic0.03,val,
FTSE_CHINA_50,ruble_emb_z,30,0.783569,-0.000171,0.128812,True,False,True,embedding_z90__vol_5d__M6_only__p0.05_ic0.03,val,
FTSE_CHINA_50,sanctions_emb_z,1,0.714367,-0.000422,0.07285,True,False,True,embedding_z90__vol_5d__M6_only__p0.05_ic0.03,val,
FTSE_CHINA_50,sanctions_emb_z,7,0.421017,-0.000948,0.041463,True,False,True,embedding_z90__vol_5d__M6_only__p0.05_ic0.03,val,
FTSE_CHINA_50,sanctions_emb_z,30,0.860305,9.8e-05,0.046926,True,False,True,embedding_z90__vol_5d__M6_only__p0.05_ic0.03,val,
FTSE_CHINA_50,inflation_emb_z,7,0.792411,0.000313,0.071357,True,False,True,embedding_z90__vol_5d__M6_only__p0.05_ic0.03,val,
FTSE_CHINA_50,inflation_emb_z,30,0.990918,-8e-06,0.042248,True,False,True,embedding_z90__vol_5d__M6_only__p0.05_ic0.03,val,
FTSE_CHINA_50,banking_emb_z,7,0.665165,0.000506,0.038526,True,False,True,embedding_z90__vol_5d__M6_only__p0.05_ic0.03,val,
FTSE_CHINA_50,gold_emb_z,7,0.074416,-0.002062,0.034552,True,False,True,embedding_z90__vol_5d__M6_only__p0.05_ic0.03,val,
GOLD,oil_emb_z,30,0.599096,-0.00022,0.118366,True,False,True,embedding_z90__vol_5d__M6_only__p0.05_ic0.03,val,
GOLD,rate_emb_z,1,0.021592,-0.001694,0.101638,True,True,True,embedding_z90__vol_5d__M6_only__p0.05_ic0.03,val,
GOLD,rate_emb_z,14,0.420506,0.000671,0.062018,True,False,True,embedding_z90__vol_5d__M6_only__p0.05_ic0.03,val,
GOLD,rate_emb_z,30,0.753354,-7.6e-05,0.12012,True,False,True,embedding_z90__vol_5d__M6_only__p0.05_ic0.03,val,
GOLD,ruble_emb_z,7,0.972801,2.7e-05,0.110721,True,False,True,embedding_z90__vol_5d__M6_only__p0.05_ic0.03,val,
GOLD,ruble_emb_z,30,0.855267,-5.2e-05,0.037203,True,False,True,embedding_z90__vol_5d__M6_only__p0.05_ic0.03,val,
GOLD,sanctions_emb_z,30,0.676893,-0.00013,0.050867,True,False,True,embedding_z90__vol_5d__M6_only__p0.05_ic0.03,val,
GOLD,inflation_emb_z,1,0.929348,-6.6e-05,0.135766,True,False,True,embedding_z90__vol_5d__M6_only__p0.05_ic0.03,val,
GOLD,banking_emb_z,1,0.709996,0.000262,0.050059,True,False,True,embedding_z90__vol_5d__M6_only__p0.05_ic0.03,val,
GOLD,banking_emb_z,14,0.81439,-0.000189,0.045207,True,False,True,embedding_z90__vol_5d__M6_only__p0.05_ic0.03,val,
GOLD,gold_emb_z,1,0.831966,-0.000156,0.050812,True,False,True,embedding_z90__vol_5d__M6_only__p0.05_ic0.03,val,
SILVER,oil_emb_z,1,0.843027,0.000278,0.094438,True,False,True,embedding_z90__vol_5d__M6_only__p0.05_ic0.03,val,
SILVER,oil_emb_z,7,0.219809,0.001824,0.128902,True,False,True,embedding_z90__vol_5d__M6_only__p0.05_ic0.03,val,
SILVER,rate_emb_z,1,0.025634,-0.003142,0.086526,True,True,True,embedding_z90__vol_5d__M6_only__p0.05_ic0.03,val,
SILVER,rate_emb_z,30,0.81518,-0.000132,0.067443,True,False,True,embedding_z90__vol_5d__M6_only__p0.05_ic0.03,val,
SILVER,ruble_emb_z,7,0.669345,-0.000641,0.039188,True,False,True,embedding_z90__vol_5d__M6_only__p0.05_ic0.03,val,
SILVER,ruble_emb_z,30,0.44905,-0.000357,0.048632,True,False,True,embedding_z90__vol_5d__M6_only__p0.05_ic0.03,val,
SILVER,sanctions_emb_z,14,0.318972,0.001625,0.080427,True,False,True,embedding_z90__vol_5d__M6_only__p0.05_ic0.03,val,
SILVER,sanctions_emb_z,30,0.477288,0.000392,0.053473,True,False,True,embedding_z90__vol_5d__M6_only__p0.05_ic0.03,val,
SILVER,inflation_emb_z,1,0.669451,-0.000604,0.049562,True,False,True,embedding_z90__vol_5d__M6_only__p0.05_ic0.03,val,
SILVER,inflation_emb_z,14,0.878348,0.000235,0.055553,True,False,True,embedding_z90__vol_5d__M6_only__p0.05_ic0.03,val,
SILVER,inflation_emb_z,30,0.963191,-2.5e-05,0.059761,True,False,True,embedding_z90__vol_5d__M6_only__p0.05_ic0.03,val,
SILVER,gold_emb_z,14,0.401704,-0.001394,0.141595,True,False,True,embedding_z90__vol_5d__M6_only__p0.05_ic0.03,val,
IMOEX,oil_emb_z,7,0.931439,7.1e-05,0.044642,True,False,True,embedding_z90__vol_5d__M6_only__p0.05_ic0.03,val,
IMOEX,rate_emb_z,14,0.398247,-0.000738,0.151522,True,False,True,embedding_z90__vol_5d__M6_only__p0.05_ic0.03,val,
IMOEX,rate_emb_z,30,0.812619,-0.000103,0.101866,True,False,True,embedding_z90__vol_5d__M6_only__p0.05_ic0.03,val,
IMOEX,ruble_emb_z,14,0.559344,-0.000542,0.122928,True,False,True,embedding_z90__vol_5d__M6_only__p0.05_ic0.03,val,
IMOEX,ruble_emb_z,30,0.437556,-0.000396,0.140954,True,False,True,embedding_z90__vol_5d__M6_only__p0.05_ic0.03,val,
IMOEX,sanctions_emb_z,7,0.056045,0.001641,0.050175,True,False,True,embedding_z90__vol_5d__M6_only__p0.05_ic0.03,val,
IMOEX,sanctions_emb_z,14,0.264028,0.001019,0.105658,True,False,True,embedding_z90__vol_5d__M6_only__p0.05_ic0.03,val,
IMOEX,sanctions_emb_z,30,0.541494,0.00035,0.064001,True,False,True,embedding_z90__vol_5d__M6_only__p0.05_ic0.03,val,
IMOEX,inflation_emb_z,1,0.349505,0.00076,0.105563,True,False,True,embedding_z90__vol_5d__M6_only__p0.05_ic0.03,val,
IMOEX,inflation_emb_z,7,0.124038,0.001289,0.083973,True,False,True,embedding_z90__vol_5d__M6_only__p0.05_ic0.03,val,
IMOEX,inflation_emb_z,30,0.429148,0.000312,0.037443,True,False,True,embedding_z90__vol_5d__M6_only__p0.05_ic0.03,val,
MOEXFN,rate_emb_z,14,0.39432,-0.000823,0.177198,True,False,True,embedding_z90__vol_5d__M6_only__p0.05_ic0.03,val,
MOEXFN,ruble_emb_z,1,0.641704,0.000424,0.079612,True,False,True,embedding_z90__vol_5d__M6_only__p0.05_ic0.03,val,
MOEXFN,ruble_emb_z,14,0.733466,-0.000348,0.1199,True,False,True,embedding_z90__vol_5d__M6_only__p0.05_ic0.03,val,
MOEXFN,ruble_emb_z,30,0.330283,-0.000541,0.123968,True,False,True,embedding_z90__vol_5d__M6_only__p0.05_ic0.03,val,
MOEXFN,sanctions_emb_z,30,0.734032,0.000199,0.036571,True,False,True,embedding_z90__vol_5d__M6_only__p0.05_ic0.03,val,
MOEXFN,inflation_emb_z,7,0.154078,0.001318,0.116888,True,False,True,embedding_z90__vol_5d__M6_only__p0.05_ic0.03,val,
MOEXFN,inflation_emb_z,30,0.743295,0.000138,0.044622,True,False,True,embedding_z90__vol_5d__M6_only__p0.05_ic0.03,val,
MOEXFN,banking_emb_z,30,0.416969,0.000402,0.079227,True,False,True,embedding_z90__vol_5d__M6_only__p0.05_ic0.03,val,
MOEXOG,oil_emb_z,1,0.743343,0.000275,0.041619,True,False,True,embedding_z90__vol_5d__M6_only__p0.05_ic0.03,val,
MOEXOG,oil_emb_z,7,0.955847,-4.8e-05,0.07055,True,False,True,embedding_z90__vol_5d__M6_only__p0.05_ic0.03,val,
MOEXOG,oil_emb_z,14,0.936958,-7.4e-05,0.07176,True,False,True,embedding_z90__vol_5d__M6_only__p0.05_ic0.03,val,
MOEXOG,oil_emb_z,30,0.979097,1.4e-05,0.066392,True,False,True,embedding_z90__vol_5d__M6_only__p0.05_ic0.03,val,
MOEXOG,rate_emb_z,7,0.005096,-0.002392,0.034928,True,True,True,embedding_z90__vol_5d__M6_only__p0.05_ic0.03,val,
MOEXOG,rate_emb_z,14,0.412988,-0.000739,0.141716,True,False,True,embedding_z90__vol_5d__M6_only__p0.05_ic0.03,val,
MOEXOG,rate_emb_z,30,0.70433,-0.000185,0.086607,True,False,True,embedding_z90__vol_5d__M6_only__p0.05_ic0.03,val,
MOEXOG,ruble_emb_z,14,0.429158,-0.000756,0.096361,True,False,True,embedding_z90__vol_5d__M6_only__p0.05_ic0.03,val,
MOEXOG,ruble_emb_z,30,0.485008,-0.000359,0.110344,True,False,True,embedding_z90__vol_5d__M6_only__p0.05_ic0.03,val,
MOEXOG,inflation_emb_z,1,0.414524,0.000685,0.149118,True,False,True,embedding_z90__vol_5d__M6_only__p0.05_ic0.03,val,
MOEXOG,inflation_emb_z,7,0.190827,0.001135,0.040881,True,False,True,embedding_z90__vol_5d__M6_only__p0.05_ic0.03,val,
MOEXOG,inflation_emb_z,30,0.603345,0.00021,0.039886,True,False,True,embedding_z90__vol_5d__M6_only__p0.05_ic0.03,val,
MOEXOG,banking_emb_z,30,0.795894,0.000124,0.072185,True,False,True,embedding_z90__vol_5d__M6_only__p0.05_ic0.03,val,
MOEXOG,gold_emb_z,1,0.180691,0.001129,0.089209,True,False,True,embedding_z90__vol_5d__M6_only__p0.05_ic0.03,val,
MOEXOG,gold_emb_z,14,0.620651,0.000463,0.057179,True,False,True,embedding_z90__vol_5d__M6_only__p0.05_ic0.03,val,
MOEXOG,gold_emb_z,30,0.71189,0.000185,0.156208,True,False,True,embedding_z90__vol_5d__M6_only__p0.05_ic0.03,val,
MOEX10,oil_emb_z,14,0.72863,0.000361,0.081574,True,False,True,embedding_z90__vol_5d__M6_only__p0.05_ic0.03,val,
MOEX10,oil_emb_z,30,0.678083,0.00024,0.030982,True,False,True,embedding_z90__vol_5d__M6_only__p0.05_ic0.03,val,
MOEX10,rate_emb_z,14,0.33801,-0.000963,0.149719,True,False,True,embedding_z90__vol_5d__M6_only__p0.05_ic0.03,val,
MOEX10,ruble_emb_z,1,0.653899,0.000428,0.048748,True,False,True,embedding_z90__vol_5d__M6_only__p0.05_ic0.03,val,
MOEX10,ruble_emb_z,30,0.417758,-0.000504,0.127825,True,False,True,embedding_z90__vol_5d__M6_only__p0.05_ic0.03,val,
MOEX10,sanctions_emb_z,14,0.327382,0.001043,0.121119,True,False,True,embedding_z90__vol_5d__M6_only__p0.05_ic0.03,val,
MOEX10,inflation_emb_z,1,0.281494,0.001016,0.107114,True,False,True,embedding_z90__vol_5d__M6_only__p0.05_ic0.03,val,
MOEX10,inflation_emb_z,7,0.187191,0.001275,0.096098,True,False,True,embedding_z90__vol_5d__M6_only__p0.05_ic0.03,val,
MOEX10,inflation_emb_z,14,0.981323,2.4e-05,0.045036,True,False,True,embedding_z90__vol_5d__M6_only__p0.05_ic0.03,val,
MOEX10,banking_emb_z,14,0.190863,0.001294,0.041047,True,False,True,embedding_z90__vol_5d__M6_only__p0.05_ic0.03,val,
MOEX10,banking_emb_z,30,0.602971,0.000291,0.073645,True,False,True,embedding_z90__vol_5d__M6_only__p0.05_ic0.03,val,
MOEX10,gold_emb_z,30,0.762683,0.000172,0.070173,True,False,True,embedding_z90__vol_5d__M6_only__p0.05_ic0.03,val,
MSCI_WORLD,sanctions_z,14,0.013743,0.001235,0.099342,True,True,True,keyword_z90__market_return__M5_AND_M6__p0.05_ic0.08,train,
GOLD,inflation_z,7,0.016276,-0.001157,0.137763,True,True,True,keyword_z90__market_return__M5_AND_M6__p0.05_ic0.08,train,
CHINA_H_SHARES,ruble_emb_z,7,0.025801,-0.002464,0.093652,True,True,True,embedding_z90__market_return__M5_AND_M6__p0.05_ic0.08,train,
FTSE_CHINA_50,ruble_emb_z,7,0.046436,-0.002339,0.084125,True,True,True,embedding_z90__market_return__M5_AND_M6__p0.05_ic0.08,train,
DJ_SOUTH_AFRICA,sanctions_z,14,0.012787,0.001341,0.08334,True,True,True,keyword_z30__market_return__M5_AND_M6__p0.05_ic0.08,train,
GOLD,inflation_z,7,0.036041,-0.001128,0.082791,True,True,True,keyword_z30__market_return__M5_AND_M6__p0.05_ic0.08,train,
MOEXOG,sanctions_z,23,0.042029,0.001633,0.072188,True,True,True,keyword_z90__market_return__M5_AND_M6__p0.05_ic0.06,train,
MOEXOG,sanctions_z,23,0.042029,0.001633,0.072188,True,True,True,keyword_z90__market_return__M5_AND_M6__p0.05_ic0.06,train,
USD_RUB,sanctions_z,2,0.023852,0.002671,0.067966,True,True,True,keyword_z90__market_return__M5_AND_M6__p0.05_ic0.06,train,
EUR_RUB,sanctions_z,2,0.023852,0.002671,0.067966,True,True,True,keyword_z90__market_return__M5_AND_M6__p0.05_ic0.06,train,
GOLD,rate_z,8,0.027731,-0.001127,0.068269,True,True,True,keyword_z90__market_return__M5_AND_M6__p0.05_ic0.06,train,
MSCI_WORLD,sanctions_z,14,0.013743,0.001235,0.099342,True,True,True,keyword_z90__market_return__M5_AND_M6__p0.05_ic0.06,train,
GOLD,inflation_z,7,0.016276,-0.001157,0.137763,True,True,True,keyword_z90__market_return__M5_AND_M6__p0.05_ic0.06,train,
GOLD,inflation_z,7,0.016276,-0.001157,0.137763,True,True,True,keyword_z90__market_return__M5_AND_M6__p0.05_ic0.08,train,
FTSE_CHINA_50,oil_emb,23,0.006156,0.003159,0.080355,True,True,True,embedding_raw__market_return__M5_AND_M6__p0.05_ic0.08,train,
GOLD,rate_emb,23,0.024005,0.001388,0.093875,True,True,True,embedding_raw__market_return__M5_AND_M6__p0.05_ic0.08,train,
SILVER,oil_emb,23,0.042461,-0.002632,0.092155,True,True,True,embedding_raw__market_return__M5_AND_M6__p0.05_ic0.08,train,
IMOEX,banking_emb,2,0.024055,0.003069,0.086381,True,True,True,embedding_raw__market_return__M5_AND_M6__p0.05_ic0.08,train,
MOEXOG,banking_emb,2,0.02216,0.003113,0.151019,True,True,True,embedding_raw__market_return__M5_AND_M6__p0.05_ic0.08,train,
MOEX10,banking_emb,2,0.026706,0.002852,0.088712,True,True,True,embedding_raw__market_return__M5_AND_M6__p0.05_ic0.08,train,
DXY,rate_emb_z,8,0.040284,-0.000531,0.085736,True,True,True,embedding_z90__market_return__M5_AND_M6__p0.05_ic0.08,train,
BRENT,ruble_emb_z,8,0.032084,-0.002736,0.10981,True,True,True,embedding_z90__market_return__M5_AND_M6__p0.05_ic0.08,train,
MSCI_INDIA,oil_emb_z,2,0.023528,0.001127,0.095458,True,True,True,embedding_z90__market_return__M5_AND_M6__p0.05_ic0.08,train,
MSCI_INDIA,rate_emb_z,8,0.023049,0.001158,0.082457,True,True,True,embedding_z90__market_return__M5_AND_M6__p0.05_ic0.08,train,
CHINA_H_SHARES,oil_emb_z,23,0.013201,0.002918,0.12929,True,True,True,embedding_z90__market_return__M5_AND_M6__p0.05_ic0.08,train,
FTSE_CHINA_50,oil_emb_z,23,0.011519,0.003131,0.148028,True,True,True,embedding_z90__market_return__M5_AND_M6__p0.05_ic0.08,train,
MOEXOG,oil_z,23,0.034127,0.001809,0.084277,True,True,True,keyword_z30__market_return__M5_AND_M6__p0.05_ic0.08,train,
MSCI_WORLD,sanctions_z,14,0.013743,0.001235,0.099342,True,True,True,keyword_z90__market_return__M5_AND_M6__p0.05_ic0.06,train,
GOLD,inflation_z,7,0.016276,-0.001157,0.137763,True,True,True,keyword_z90__market_return__M5_AND_M6__p0.05_ic0.06,train,
USD_RUB,oil_z,28,0.022095,-0.002806,0.076826,True,True,True,keyword_z90__market_return__M5_AND_M6__p0.05_ic0.06,train,
EUR_RUB,oil_z,28,0.022095,-0.002806,0.076826,True,True,True,keyword_z90__market_return__M5_AND_M6__p0.05_ic0.06,train,
DJ_SOUTH_AFRICA,oil_z,21,0.00259,-0.00171,0.065967,True,True,True,keyword_z90__market_return__M5_AND_M6__p0.05_ic0.06,train,
DJ_SOUTH_AFRICA,gold_z,28,0.02248,-0.001381,0.067601,True,True,True,keyword_z90__market_return__M5_AND_M6__p0.05_ic0.06,train,
MSCI_WORLD,oil_z,21,0.046234,-0.001085,0.064608,True,True,True,keyword_z90__market_return__M5_AND_M6__p0.05_ic0.06,train,
MSCI_WORLD,sanctions_z,14,0.013743,0.001235,0.099342,True,True,True,keyword_z90__market_return__M5_AND_M6__p0.05_ic0.06,train,
BRENT,gold_z,21,0.011742,-0.003337,0.06836,True,True,True,keyword_z90__market_return__M5_AND_M6__p0.05_ic0.06,train,
GOLD,inflation_z,7,0.016276,-0.001157,0.137763,True,True,True,keyword_z90__market_return__M5_AND_M6__p0.05_ic0.06,train,
USD_RUB,oil_z,28,0.022095,-0.002806,0.076826,True,True,True,keyword_z90__market_return__M5_AND_M6__p0.05_ic0.06,train,
EUR_RUB,oil_z,28,0.022095,-0.002806,0.076826,True,True,True,keyword_z90__market_return__M5_AND_M6__p0.05_ic0.06,train,
DJ_SOUTH_AFRICA,oil_z,21,0.00259,-0.00171,0.065967,True,True,True,keyword_z90__market_return__M5_AND_M6__p0.05_ic0.06,train,
DJ_SOUTH_AFRICA,gold_z,28,0.02248,-0.001381,0.067601,True,True,True,keyword_z90__market_return__M5_AND_M6__p0.05_ic0.06,train,
MSCI_WORLD,oil_z,21,0.046234,-0.001085,0.064608,True,True,True,keyword_z90__market_return__M5_AND_M6__p0.05_ic0.06,train,
MSCI_WORLD,sanctions_z,14,0.013743,0.001235,0.099342,True,True,True,keyword_z90__market_return__M5_AND_M6__p0.05_ic0.06,train,
BRENT,gold_z,21,0.011742,-0.003337,0.06836,True,True,True,keyword_z90__market_return__M5_AND_M6__p0.05_ic0.06,train,
GOLD,inflation_z,7,0.016276,-0.001157,0.137763,True,True,True,keyword_z90__market_return__M5_AND_M6__p0.05_ic0.06,train,
MOEXOG,sanctions_z,23,0.042029,0.001633,0.072188,True,True,True,keyword_z90__market_return__M5_AND_M6__p0.05_ic0.06,train,
MOEXFN,gold_z,8,0.026346,-0.006778,0.108028,True,True,True,keyword_z90__market_return__M5_AND_M6__p0.05_ic0.07,train,
GOLD,inflation_z,7,0.016276,-0.001157,0.137763,True,True,True,keyword_z90__market_return__M5_AND_M6__p0.05_ic0.08,train,
FTSE_CHINA_50,oil_emb,23,0.006156,0.003159,0.080355,True,True,True,embedding_raw__market_return__M5_AND_M6__p0.05_ic0.08,train,
GOLD,rate_emb,23,0.024005,0.001388,0.093875,True,True,True,embedding_raw__market_return__M5_AND_M6__p0.05_ic0.08,train,
SILVER,oil_emb,23,0.042461,-0.002632,0.092155,True,True,True,embedding_raw__market_return__M5_AND_M6__p0.05_ic0.08,train,
IMOEX,banking_emb,2,0.024055,0.003069,0.086381,True,True,True,embedding_raw__market_return__M5_AND_M6__p0.05_ic0.08,train,
MOEXOG,banking_emb,2,0.02216,0.003113,0.151019,True,True,True,embedding_raw__market_return__M5_AND_M6__p0.05_ic0.08,train,
MOEX10,banking_emb,2,0.026706,0.002852,0.088712,True,True,True,embedding_raw__market_return__M5_AND_M6__p0.05_ic0.08,train,
DXY,rate_emb_z,8,0.040284,-0.000531,0.085736,True,True,True,embedding_z90__market_return__M5_AND_M6__p0.05_ic0.08,train,
BRENT,ruble_emb_z,8,0.032084,-0.002736,0.10981,True,True,True,embedding_z90__market_return__M5_AND_M6__p0.05_ic0.08,train,
MSCI_INDIA,oil_emb_z,2,0.023528,0.001127,0.095458,True,True,True,embedding_z90__market_return__M5_AND_M6__p0.05_ic0.08,train,
MSCI_INDIA,rate_emb_z,8,0.023049,0.001158,0.082457,True,True,True,embedding_z90__market_return__M5_AND_M6__p0.05_ic0.08,train,
CHINA_H_SHARES,oil_emb_z,23,0.013201,0.002918,0.12929,True,True,True,embedding_z90__market_return__M5_AND_M6__p0.05_ic0.08,train,
FTSE_CHINA_50,oil_emb_z,23,0.011519,0.003131,0.148028,True,True,True,embedding_z90__market_return__M5_AND_M6__p0.05_ic0.08,train,
USD_RUB,oil_z,28,0.011613,-0.003178,0.099928,True,True,True,keyword_z30__market_return__M5_AND_M6__p0.05_ic0.08,train,
EUR_RUB,oil_z,28,0.011613,-0.003178,0.099928,True,True,True,keyword_z30__market_return__M5_AND_M6__p0.05_ic0.08,train,
MOEXOG,oil_z,23,0.034127,0.001809,0.084277,True,True,True,keyword_z30__market_return__M5_AND_M6__p0.05_ic0.08,train,
MSCI_WORLD,sanctions_z,14,0.013743,0.001235,0.099342,True,True,True,keyword_z90__market_return__M5_AND_M6__p0.05_ic0.06,train,
GOLD,inflation_z,7,0.016276,-0.001157,0.137763,True,True,True,keyword_z90__market_return__M5_AND_M6__p0.05_ic0.06,train,
USD_RUB,oil_z,28,0.022095,-0.002806,0.076826,True,True,True,keyword_z90__market_return__M5_AND_M6__p0.05_ic0.06,train,
EUR_RUB,oil_z,28,0.022095,-0.002806,0.076826,True,True,True,keyword_z90__market_return__M5_AND_M6__p0.05_ic0.06,train,
DJ_SOUTH_AFRICA,oil_z,21,0.00259,-0.00171,0.065967,True,True,True,keyword_z90__market_return__M5_AND_M6__p0.05_ic0.06,train,
DJ_SOUTH_AFRICA,gold_z,28,0.02248,-0.001381,0.067601,True,True,True,keyword_z90__market_return__M5_AND_M6__p0.05_ic0.06,train,
MSCI_WORLD,oil_z,21,0.046234,-0.001085,0.064608,True,True,True,keyword_z90__market_return__M5_AND_M6__p0.05_ic0.06,train,
MSCI_WORLD,sanctions_z,14,0.013743,0.001235,0.099342,True,True,True,keyword_z90__market_return__M5_AND_M6__p0.05_ic0.06,train,
BRENT,gold_z,21,0.011742,-0.003337,0.06836,True,True,True,keyword_z90__market_return__M5_AND_M6__p0.05_ic0.06,train,
GOLD,inflation_z,7,0.016276,-0.001157,0.137763,True,True,True,keyword_z90__market_return__M5_AND_M6__p0.05_ic0.06,train,
USD_RUB,oil_z,28,0.022095,-0.002806,0.076826,True,True,True,keyword_z90__market_return__M5_AND_M6__p0.05_ic0.06,train,
EUR_RUB,oil_z,28,0.022095,-0.002806,0.076826,True,True,True,keyword_z90__market_return__M5_AND_M6__p0.05_ic0.06,train,
DJ_SOUTH_AFRICA,oil_z,21,0.00259,-0.00171,0.065967,True,True,True,keyword_z90__market_return__M5_AND_M6__p0.05_ic0.06,train,
DJ_SOUTH_AFRICA,gold_z,28,0.02248,-0.001381,0.067601,True,True,True,keyword_z90__market_return__M5_AND_M6__p0.05_ic0.06,train,
MSCI_WORLD,oil_z,21,0.046234,-0.001085,0.064608,True,True,True,keyword_z90__market_return__M5_AND_M6__p0.05_ic0.06,train,
MSCI_WORLD,sanctions_z,14,0.013743,0.001235,0.099342,True,True,True,keyword_z90__market_return__M5_AND_M6__p0.05_ic0.06,train,
BRENT,gold_z,21,0.011742,-0.003337,0.06836,True,True,True,keyword_z90__market_return__M5_AND_M6__p0.05_ic0.06,train,
GOLD,inflation_z,7,0.016276,-0.001157,0.137763,True,True,True,keyword_z90__market_return__M5_AND_M6__p0.05_ic0.06,train,
MOEXOG,sanctions_z,23,0.042029,0.001633,0.072188,True,True,True,keyword_z90__market_return__M5_AND_M6__p0.05_ic0.06,train,
GOLD,inflation_z,7,0.016276,-0.001157,0.137763,True,True,True,keyword_z90__market_return__M5_AND_M6__p0.05_ic0.08,train,
FTSE_CHINA_50,oil_emb,23,0.006156,0.003159,0.080355,True,True,True,embedding_raw__market_return__M5_AND_M6__p0.05_ic0.08,train,
GOLD,rate_emb,23,0.024005,0.001388,0.093875,True,True,True,embedding_raw__market_return__M5_AND_M6__p0.05_ic0.08,train,
SILVER,oil_emb,23,0.042461,-0.002632,0.092155,True,True,True,embedding_raw__market_return__M5_AND_M6__p0.05_ic0.08,train,
IMOEX,banking_emb,2,0.024055,0.003069,0.086381,True,True,True,embedding_raw__market_return__M5_AND_M6__p0.05_ic0.08,train,
MOEXOG,banking_emb,2,0.02216,0.003113,0.151019,True,True,True,embedding_raw__market_return__M5_AND_M6__p0.05_ic0.08,train,
MOEX10,banking_emb,2,0.026706,0.002852,0.088712,True,True,True,embedding_raw__market_return__M5_AND_M6__p0.05_ic0.08,train,
DXY,rate_emb_z,8,0.040284,-0.000531,0.085736,True,True,True,embedding_z90__market_return__M5_AND_M6__p0.05_ic0.08,train,
BRENT,ruble_emb_z,8,0.032084,-0.002736,0.10981,True,True,True,embedding_z90__market_return__M5_AND_M6__p0.05_ic0.08,train,
MSCI_INDIA,oil_emb_z,2,0.023528,0.001127,0.095458,True,True,True,embedding_z90__market_return__M5_AND_M6__p0.05_ic0.08,train,
MSCI_INDIA,rate_emb_z,8,0.023049,0.001158,0.082457,True,True,True,embedding_z90__market_return__M5_AND_M6__p0.05_ic0.08,train,
CHINA_H_SHARES,oil_emb_z,23,0.013201,0.002918,0.12929,True,True,True,embedding_z90__market_return__M5_AND_M6__p0.05_ic0.08,train,
FTSE_CHINA_50,oil_emb_z,23,0.011519,0.003131,0.148028,True,True,True,embedding_z90__market_return__M5_AND_M6__p0.05_ic0.08,train,
USD_RUB,oil_z,28,0.011613,-0.003178,0.099928,True,True,True,keyword_z30__market_return__M5_AND_M6__p0.05_ic0.08,train,
EUR_RUB,oil_z,28,0.011613,-0.003178,0.099928,True,True,True,keyword_z30__market_return__M5_AND_M6__p0.05_ic0.08,train,
MOEXOG,oil_z,23,0.034127,0.001809,0.084277,True,True,True,keyword_z30__market_return__M5_AND_M6__p0.05_ic0.08,train,
MSCI_WORLD,sanctions_z,14,0.013743,0.001235,0.099342,True,True,True,keyword_z90__market_return__M5_AND_M6__p0.05_ic0.06,train,
GOLD,inflation_z,7,0.016276,-0.001157,0.137763,True,True,True,keyword_z90__market_return__M5_AND_M6__p0.05_ic0.06,train,
USD_RUB,oil_z,28,0.022095,-0.002806,0.076826,True,True,True,keyword_z90__market_return__M5_AND_M6__p0.05_ic0.06,train,
EUR_RUB,oil_z,28,0.022095,-0.002806,0.076826,True,True,True,keyword_z90__market_return__M5_AND_M6__p0.05_ic0.06,train,
DJ_SOUTH_AFRICA,oil_z,21,0.00259,-0.00171,0.065967,True,True,True,keyword_z90__market_return__M5_AND_M6__p0.05_ic0.06,train,
DJ_SOUTH_AFRICA,gold_z,28,0.02248,-0.001381,0.067601,True,True,True,keyword_z90__market_return__M5_AND_M6__p0.05_ic0.06,train,
MSCI_WORLD,oil_z,21,0.046234,-0.001085,0.064608,True,True,True,keyword_z90__market_return__M5_AND_M6__p0.05_ic0.06,train,
MSCI_WORLD,sanctions_z,14,0.013743,0.001235,0.099342,True,True,True,keyword_z90__market_return__M5_AND_M6__p0.05_ic0.06,train,
BRENT,gold_z,21,0.011742,-0.003337,0.06836,True,True,True,keyword_z90__market_return__M5_AND_M6__p0.05_ic0.06,train,
GOLD,inflation_z,7,0.016276,-0.001157,0.137763,True,True,True,keyword_z90__market_return__M5_AND_M6__p0.05_ic0.06,train,
USD_RUB,oil_z,28,0.022095,-0.002806,0.076826,True,True,True,keyword_z90__market_return__M5_AND_M6__p0.05_ic0.06,train,
EUR_RUB,oil_z,28,0.022095,-0.002806,0.076826,True,True,True,keyword_z90__market_return__M5_AND_M6__p0.05_ic0.06,train,
DJ_SOUTH_AFRICA,oil_z,21,0.00259,-0.00171,0.065967,True,True,True,keyword_z90__market_return__M5_AND_M6__p0.05_ic0.06,train,
DJ_SOUTH_AFRICA,gold_z,28,0.02248,-0.001381,0.067601,True,True,True,keyword_z90__market_return__M5_AND_M6__p0.05_ic0.06,train,
MSCI_WORLD,oil_z,21,0.046234,-0.001085,0.064608,True,True,True,keyword_z90__market_return__M5_AND_M6__p0.05_ic0.06,train,
MSCI_WORLD,sanctions_z,14,0.013743,0.001235,0.099342,True,True,True,keyword_z90__market_return__M5_AND_M6__p0.05_ic0.06,train,
BRENT,gold_z,21,0.011742,-0.003337,0.06836,True,True,True,keyword_z90__market_return__M5_AND_M6__p0.05_ic0.06,train,
GOLD,inflation_z,7,0.016276,-0.001157,0.137763,True,True,True,keyword_z90__market_return__M5_AND_M6__p0.05_ic0.06,train,
MOEXOG,sanctions_z,23,0.042029,0.001633,0.072188,True,True,True,keyword_z90__market_return__M5_AND_M6__p0.05_ic0.06,train,
GOLD,inflation_z,7,0.016276,-0.001157,0.137763,True,True,True,keyword_z90__market_return__M5_AND_M6__p0.05_ic0.08,train,
FTSE_CHINA_50,oil_emb,23,0.006156,0.003159,0.080355,True,True,True,embedding_raw__market_return__M5_AND_M6__p0.05_ic0.08,train,
GOLD,rate_emb,23,0.024005,0.001388,0.093875,True,True,True,embedding_raw__market_return__M5_AND_M6__p0.05_ic0.08,train,
SILVER,oil_emb,23,0.042461,-0.002632,0.092155,True,True,True,embedding_raw__market_return__M5_AND_M6__p0.05_ic0.08,train,
IMOEX,banking_emb,2,0.024055,0.003069,0.086381,True,True,True,embedding_raw__market_return__M5_AND_M6__p0.05_ic0.08,train,
MOEXOG,banking_emb,2,0.02216,0.003113,0.151019,True,True,True,embedding_raw__market_return__M5_AND_M6__p0.05_ic0.08,train,
MOEX10,banking_emb,2,0.026706,0.002852,0.088712,True,True,True,embedding_raw__market_return__M5_AND_M6__p0.05_ic0.08,train,
DXY,rate_emb_z,8,0.040284,-0.000531,0.085736,True,True,True,embedding_z90__market_return__M5_AND_M6__p0.05_ic0.08,train,
BRENT,ruble_emb_z,8,0.032084,-0.002736,0.10981,True,True,True,embedding_z90__market_return__M5_AND_M6__p0.05_ic0.08,train,
MSCI_INDIA,oil_emb_z,2,0.023528,0.001127,0.095458,True,True,True,embedding_z90__market_return__M5_AND_M6__p0.05_ic0.08,train,
MSCI_INDIA,rate_emb_z,8,0.023049,0.001158,0.082457,True,True,True,embedding_z90__market_return__M5_AND_M6__p0.05_ic0.08,train,
CHINA_H_SHARES,oil_emb_z,23,0.013201,0.002918,0.12929,True,True,True,embedding_z90__market_return__M5_AND_M6__p0.05_ic0.08,train,
FTSE_CHINA_50,oil_emb_z,23,0.011519,0.003131,0.148028,True,True,True,embedding_z90__market_return__M5_AND_M6__p0.05_ic0.08,train,
USD_RUB,oil_z,28,0.011613,-0.003178,0.099928,True,True,True,keyword_z30__market_return__M5_AND_M6__p0.05_ic0.08,train,
EUR_RUB,oil_z,28,0.011613,-0.003178,0.099928,True,True,True,keyword_z30__market_return__M5_AND_M6__p0.05_ic0.08,train,
MOEXOG,oil_z,23,0.034127,0.001809,0.084277,True,True,True,keyword_z30__market_return__M5_AND_M6__p0.05_ic0.08,train,
MSCI_WORLD,sanctions_z,14,0.013743,0.001235,0.099342,True,True,True,keyword_z90__market_return__M5_AND_M6__p0.05_ic0.06,train,
GOLD,inflation_z,7,0.016276,-0.001157,0.137763,True,True,True,keyword_z90__market_return__M5_AND_M6__p0.05_ic0.06,train,
USD_RUB,oil_z,28,0.022095,-0.002806,0.076826,True,True,True,keyword_z90__market_return__M5_AND_M6__p0.05_ic0.06,train,
EUR_RUB,oil_z,28,0.022095,-0.002806,0.076826,True,True,True,keyword_z90__market_return__M5_AND_M6__p0.05_ic0.06,train,
DJ_SOUTH_AFRICA,oil_z,21,0.00259,-0.00171,0.065967,True,True,True,keyword_z90__market_return__M5_AND_M6__p0.05_ic0.06,train,
DJ_SOUTH_AFRICA,gold_z,28,0.02248,-0.001381,0.067601,True,True,True,keyword_z90__market_return__M5_AND_M6__p0.05_ic0.06,train,
MSCI_WORLD,oil_z,21,0.046234,-0.001085,0.064608,True,True,True,keyword_z90__market_return__M5_AND_M6__p0.05_ic0.06,train,
MSCI_WORLD,sanctions_z,14,0.013743,0.001235,0.099342,True,True,True,keyword_z90__market_return__M5_AND_M6__p0.05_ic0.06,train,
BRENT,gold_z,21,0.011742,-0.003337,0.06836,True,True,True,keyword_z90__market_return__M5_AND_M6__p0.05_ic0.06,train,
GOLD,inflation_z,7,0.016276,-0.001157,0.137763,True,True,True,keyword_z90__market_return__M5_AND_M6__p0.05_ic0.06,train,
USD_RUB,oil_z,28,0.022095,-0.002806,0.076826,True,True,True,keyword_z90__market_return__M5_AND_M6__p0.05_ic0.06,train,
EUR_RUB,oil_z,28,0.022095,-0.002806,0.076826,True,True,True,keyword_z90__market_return__M5_AND_M6__p0.05_ic0.06,train,
DJ_SOUTH_AFRICA,oil_z,21,0.00259,-0.00171,0.065967,True,True,True,keyword_z90__market_return__M5_AND_M6__p0.05_ic0.06,train,
DJ_SOUTH_AFRICA,gold_z,28,0.02248,-0.001381,0.067601,True,True,True,keyword_z90__market_return__M5_AND_M6__p0.05_ic0.06,train,
MSCI_WORLD,oil_z,21,0.046234,-0.001085,0.064608,True,True,True,keyword_z90__market_return__M5_AND_M6__p0.05_ic0.06,train,
BRENT,gold_z,21,0.011742,-0.003337,0.06836,True,True,True,keyword_z90__market_return__M5_AND_M6__p0.05_ic0.06,train,
USD_RUB,oil_z,28,0.022095,-0.002806,0.076826,True,True,True,keyword_z90__market_return__M5_AND_M6__p0.05_ic0.06,train,
EUR_RUB,oil_z,28,0.022095,-0.002806,0.076826,True,True,True,keyword_z90__market_return__M5_AND_M6__p0.05_ic0.06,train,
DJ_SOUTH_AFRICA,oil_z,21,0.00259,-0.00171,0.065967,True,True,True,keyword_z90__market_return__M5_AND_M6__p0.05_ic0.06,train,
DJ_SOUTH_AFRICA,gold_z,28,0.02248,-0.001381,0.067601,True,True,True,keyword_z90__market_return__M5_AND_M6__p0.05_ic0.06,train,
MSCI_WORLD,oil_z,21,0.046234,-0.001085,0.064608,True,True,True,keyword_z90__market_return__M5_AND_M6__p0.05_ic0.06,train,
BRENT,gold_z,21,0.011742,-0.003337,0.06836,True,True,True,keyword_z90__market_return__M5_AND_M6__p0.05_ic0.06,train,
MOEXFN,gold_z,8,0.026346,-0.006778,0.108028,True,True,True,keyword_z90__market_return__M5_AND_M6__p0.05_ic0.07,train,
GOLD,inflation_z,7,0.016276,-0.001157,0.137763,True,True,True,keyword_z90__market_return__M5_AND_M6__p0.05_ic0.08,train,
FTSE_CHINA_50,oil_emb,23,0.006156,0.003159,0.080355,True,True,True,embedding_raw__market_return__M5_AND_M6__p0.05_ic0.08,train,
GOLD,rate_emb,23,0.024005,0.001388,0.093875,True,True,True,embedding_raw__market_return__M5_AND_M6__p0.05_ic0.08,train,
SILVER,oil_emb,23,0.042461,-0.002632,0.092155,True,True,True,embedding_raw__market_return__M5_AND_M6__p0.05_ic0.08,train,
IMOEX,banking_emb,2,0.024055,0.003069,0.086381,True,True,True,embedding_raw__market_return__M5_AND_M6__p0.05_ic0.08,train,
MOEXOG,banking_emb,2,0.02216,0.003113,0.151019,True,True,True,embedding_raw__market_return__M5_AND_M6__p0.05_ic0.08,train,
MOEX10,banking_emb,2,0.026706,0.002852,0.088712,True,True,True,embedding_raw__market_return__M5_AND_M6__p0.05_ic0.08,train,
DXY,rate_emb_z,8,0.040284,-0.000531,0.085736,True,True,True,embedding_z90__market_return__M5_AND_M6__p0.05_ic0.08,train,
BRENT,ruble_emb_z,8,0.032084,-0.002736,0.10981,True,True,True,embedding_z90__market_return__M5_AND_M6__p0.05_ic0.08,train,
MSCI_INDIA,oil_emb_z,2,0.023528,0.001127,0.095458,True,True,True,embedding_z90__market_return__M5_AND_M6__p0.05_ic0.08,train,
MSCI_INDIA,rate_emb_z,8,0.023049,0.001158,0.082457,True,True,True,embedding_z90__market_return__M5_AND_M6__p0.05_ic0.08,train,
CHINA_H_SHARES,oil_emb_z,23,0.013201,0.002918,0.12929,True,True,True,embedding_z90__market_return__M5_AND_M6__p0.05_ic0.08,train,
FTSE_CHINA_50,oil_emb_z,23,0.011519,0.003131,0.148028,True,True,True,embedding_z90__market_return__M5_AND_M6__p0.05_ic0.08,train,
USD_RUB,oil_z,28,0.011613,-0.003178,0.099928,True,True,True,keyword_z30__market_return__M5_AND_M6__p0.05_ic0.08,train,
EUR_RUB,oil_z,28,0.011613,-0.003178,0.099928,True,True,True,keyword_z30__market_return__M5_AND_M6__p0.05_ic0.08,train,
MOEXOG,oil_z,23,0.034127,0.001809,0.084277,True,True,True,keyword_z30__market_return__M5_AND_M6__p0.05_ic0.08,train,
MSCI_WORLD,sanctions_z,14,0.013743,0.001235,0.099342,True,True,True,keyword_z90__market_return__M5_AND_M6__p0.05_ic0.06,train,
GOLD,inflation_z,7,0.016276,-0.001157,0.137763,True,True,True,keyword_z90__market_return__M5_AND_M6__p0.05_ic0.06,train,
USD_RUB,oil_z,28,0.022095,-0.002806,0.076826,True,True,True,keyword_z90__market_return__M5_AND_M6__p0.05_ic0.06,train,
EUR_RUB,oil_z,28,0.022095,-0.002806,0.076826,True,True,True,keyword_z90__market_return__M5_AND_M6__p0.05_ic0.06,train,
DJ_SOUTH_AFRICA,oil_z,21,0.00259,-0.00171,0.065967,True,True,True,keyword_z90__market_return__M5_AND_M6__p0.05_ic0.06,train,
DJ_SOUTH_AFRICA,gold_z,28,0.02248,-0.001381,0.067601,True,True,True,keyword_z90__market_return__M5_AND_M6__p0.05_ic0.06,train,
MSCI_WORLD,oil_z,21,0.046234,-0.001085,0.064608,True,True,True,keyword_z90__market_return__M5_AND_M6__p0.05_ic0.06,train,
MSCI_WORLD,sanctions_z,14,0.013743,0.001235,0.099342,True,True,True,keyword_z90__market_return__M5_AND_M6__p0.05_ic0.06,train,
BRENT,gold_z,21,0.011742,-0.003337,0.06836,True,True,True,keyword_z90__market_return__M5_AND_M6__p0.05_ic0.06,train,
GOLD,inflation_z,7,0.016276,-0.001157,0.137763,True,True,True,keyword_z90__market_return__M5_AND_M6__p0.05_ic0.06,train,
USD_RUB,oil_z,28,0.022095,-0.002806,0.076826,True,True,True,keyword_z90__market_return__M5_AND_M6__p0.05_ic0.06,train,
EUR_RUB,oil_z,28,0.022095,-0.002806,0.076826,True,True,True,keyword_z90__market_return__M5_AND_M6__p0.05_ic0.06,train,
DJ_SOUTH_AFRICA,oil_z,21,0.00259,-0.00171,0.065967,True,True,True,keyword_z90__market_return__M5_AND_M6__p0.05_ic0.06,train,
DJ_SOUTH_AFRICA,gold_z,28,0.02248,-0.001381,0.067601,True,True,True,keyword_z90__market_return__M5_AND_M6__p0.05_ic0.06,train,
MSCI_WORLD,oil_z,21,0.046234,-0.001085,0.064608,True,True,True,keyword_z90__market_return__M5_AND_M6__p0.05_ic0.06,train,
BRENT,gold_z,21,0.011742,-0.003337,0.06836,True,True,True,keyword_z90__market_return__M5_AND_M6__p0.05_ic0.06,train,
USD_RUB,oil_z,28,0.022095,-0.002806,0.076826,True,True,True,keyword_z90__market_return__M5_AND_M6__p0.05_ic0.06,train,
EUR_RUB,oil_z,28,0.022095,-0.002806,0.076826,True,True,True,keyword_z90__market_return__M5_AND_M6__p0.05_ic0.06,train,
DJ_SOUTH_AFRICA,oil_z,21,0.00259,-0.00171,0.065967,True,True,True,keyword_z90__market_return__M5_AND_M6__p0.05_ic0.06,train,
DJ_SOUTH_AFRICA,gold_z,28,0.02248,-0.001381,0.067601,True,True,True,keyword_z90__market_return__M5_AND_M6__p0.05_ic0.06,train,
MSCI_WORLD,oil_z,21,0.046234,-0.001085,0.064608,True,True,True,keyword_z90__market_return__M5_AND_M6__p0.05_ic0.06,train,
BRENT,gold_z,21,0.011742,-0.003337,0.06836,True,True,True,keyword_z90__market_return__M5_AND_M6__p0.05_ic0.06,train,
GOLD,inflation_z,7,0.016276,-0.001157,0.137763,True,True,True,keyword_z90__market_return__M5_AND_M6__p0.05_ic0.08,train,
FTSE_CHINA_50,oil_emb,23,0.006156,0.003159,0.080355,True,True,True,embedding_raw__market_return__M5_AND_M6__p0.05_ic0.08,train,
GOLD,rate_emb,23,0.024005,0.001388,0.093875,True,True,True,embedding_raw__market_return__M5_AND_M6__p0.05_ic0.08,train,
SILVER,oil_emb,23,0.042461,-0.002632,0.092155,True,True,True,embedding_raw__market_return__M5_AND_M6__p0.05_ic0.08,train,
IMOEX,banking_emb,2,0.024055,0.003069,0.086381,True,True,True,embedding_raw__market_return__M5_AND_M6__p0.05_ic0.08,train,
MOEXOG,banking_emb,2,0.02216,0.003113,0.151019,True,True,True,embedding_raw__market_return__M5_AND_M6__p0.05_ic0.08,train,
MOEX10,banking_emb,2,0.026706,0.002852,0.088712,True,True,True,embedding_raw__market_return__M5_AND_M6__p0.05_ic0.08,train,
DXY,rate_emb_z,8,0.040284,-0.000531,0.085736,True,True,True,embedding_z90__market_return__M5_AND_M6__p0.05_ic0.08,train,
BRENT,ruble_emb_z,8,0.032084,-0.002736,0.10981,True,True,True,embedding_z90__market_return__M5_AND_M6__p0.05_ic0.08,train,
MSCI_INDIA,oil_emb_z,2,0.023528,0.001127,0.095458,True,True,True,embedding_z90__market_return__M5_AND_M6__p0.05_ic0.08,train,
MSCI_INDIA,rate_emb_z,8,0.023049,0.001158,0.082457,True,True,True,embedding_z90__market_return__M5_AND_M6__p0.05_ic0.08,train,
CHINA_H_SHARES,oil_emb_z,23,0.013201,0.002918,0.12929,True,True,True,embedding_z90__market_return__M5_AND_M6__p0.05_ic0.08,train,
FTSE_CHINA_50,oil_emb_z,23,0.011519,0.003131,0.148028,True,True,True,embedding_z90__market_return__M5_AND_M6__p0.05_ic0.08,train,
USD_RUB,oil_z,28,0.011613,-0.003178,0.099928,True,True,True,keyword_z30__market_return__M5_AND_M6__p0.05_ic0.08,train,
EUR_RUB,oil_z,28,0.011613,-0.003178,0.099928,True,True,True,keyword_z30__market_return__M5_AND_M6__p0.05_ic0.08,train,
MOEXOG,oil_z,23,0.034127,0.001809,0.084277,True,True,True,keyword_z30__market_return__M5_AND_M6__p0.05_ic0.08,train,
MSCI_WORLD,sanctions_z,14,0.013743,0.001235,0.099342,True,True,True,keyword_z90__market_return__M5_AND_M6__p0.05_ic0.06,train,
GOLD,inflation_z,7,0.016276,-0.001157,0.137763,True,True,True,keyword_z90__market_return__M5_AND_M6__p0.05_ic0.06,train,
USD_RUB,oil_z,28,0.022095,-0.002806,0.076826,True,True,True,keyword_z90__market_return__M5_AND_M6__p0.05_ic0.06,train,
EUR_RUB,oil_z,28,0.022095,-0.002806,0.076826,True,True,True,keyword_z90__market_return__M5_AND_M6__p0.05_ic0.06,train,
DJ_SOUTH_AFRICA,oil_z,21,0.00259,-0.00171,0.065967,True,True,True,keyword_z90__market_return__M5_AND_M6__p0.05_ic0.06,train,
DJ_SOUTH_AFRICA,gold_z,28,0.02248,-0.001381,0.067601,True,True,True,keyword_z90__market_return__M5_AND_M6__p0.05_ic0.06,train,
MSCI_WORLD,oil_z,21,0.046234,-0.001085,0.064608,True,True,True,keyword_z90__market_return__M5_AND_M6__p0.05_ic0.06,train,
MSCI_WORLD,sanctions_z,14,0.013743,0.001235,0.099342,True,True,True,keyword_z90__market_return__M5_AND_M6__p0.05_ic0.06,train,
BRENT,gold_z,21,0.011742,-0.003337,0.06836,True,True,True,keyword_z90__market_return__M5_AND_M6__p0.05_ic0.06,train,
GOLD,inflation_z,7,0.016276,-0.001157,0.137763,True,True,True,keyword_z90__market_return__M5_AND_M6__p0.05_ic0.06,train,
USD_RUB,oil_z,28,0.022095,-0.002806,0.076826,True,True,True,keyword_z90__market_return__M5_AND_M6__p0.05_ic0.06,train,
EUR_RUB,oil_z,28,0.022095,-0.002806,0.076826,True,True,True,keyword_z90__market_return__M5_AND_M6__p0.05_ic0.06,train,
DJ_SOUTH_AFRICA,oil_z,21,0.00259,-0.00171,0.065967,True,True,True,keyword_z90__market_return__M5_AND_M6__p0.05_ic0.06,train,
DJ_SOUTH_AFRICA,gold_z,28,0.02248,-0.001381,0.067601,True,True,True,keyword_z90__market_return__M5_AND_M6__p0.05_ic0.06,train,
MSCI_WORLD,oil_z,21,0.046234,-0.001085,0.064608,True,True,True,keyword_z90__market_return__M5_AND_M6__p0.05_ic0.06,train,
BRENT,gold_z,21,0.011742,-0.003337,0.06836,True,True,True,keyword_z90__market_return__M5_AND_M6__p0.05_ic0.06,train,
USD_RUB,oil_z,28,0.022095,-0.002806,0.076826,True,True,True,keyword_z90__market_return__M5_AND_M6__p0.05_ic0.06,train,
EUR_RUB,oil_z,28,0.022095,-0.002806,0.076826,True,True,True,keyword_z90__market_return__M5_AND_M6__p0.05_ic0.06,train,
DJ_SOUTH_AFRICA,oil_z,21,0.00259,-0.00171,0.065967,True,True,True,keyword_z90__market_return__M5_AND_M6__p0.05_ic0.06,train,
DJ_SOUTH_AFRICA,gold_z,28,0.02248,-0.001381,0.067601,True,True,True,keyword_z90__market_return__M5_AND_M6__p0.05_ic0.06,train,
MSCI_WORLD,oil_z,21,0.046234,-0.001085,0.064608,True,True,True,keyword_z90__market_return__M5_AND_M6__p0.05_ic0.06,train,
BRENT,gold_z,21,0.011742,-0.003337,0.06836,True,True,True,keyword_z90__market_return__M5_AND_M6__p0.05_ic0.06,train,
GOLD,inflation_z,7,0.016276,-0.001157,0.137763,True,True,True,keyword_z90__market_return__M5_AND_M6__p0.05_ic0.08,train,
FTSE_CHINA_50,oil_emb,23,0.006156,0.003159,0.080355,True,True,True,embedding_raw__market_return__M5_AND_M6__p0.05_ic0.08,train,
GOLD,rate_emb,23,0.024005,0.001388,0.093875,True,True,True,embedding_raw__market_return__M5_AND_M6__p0.05_ic0.08,train,
SILVER,oil_emb,23,0.042461,-0.002632,0.092155,True,True,True,embedding_raw__market_return__M5_AND_M6__p0.05_ic0.08,train,
IMOEX,banking_emb,2,0.024055,0.003069,0.086381,True,True,True,embedding_raw__market_return__M5_AND_M6__p0.05_ic0.08,train,
MOEXOG,banking_emb,2,0.02216,0.003113,0.151019,True,True,True,embedding_raw__market_return__M5_AND_M6__p0.05_ic0.08,train,
MOEX10,banking_emb,2,0.026706,0.002852,0.088712,True,True,True,embedding_raw__market_return__M5_AND_M6__p0.05_ic0.08,train,
DXY,rate_emb_z,8,0.040284,-0.000531,0.085736,True,True,True,embedding_z90__market_return__M5_AND_M6__p0.05_ic0.08,train,
BRENT,ruble_emb_z,8,0.032084,-0.002736,0.10981,True,True,True,embedding_z90__market_return__M5_AND_M6__p0.05_ic0.08,train,
MSCI_INDIA,oil_emb_z,2,0.023528,0.001127,0.095458,True,True,True,embedding_z90__market_return__M5_AND_M6__p0.05_ic0.08,train,
MSCI_INDIA,rate_emb_z,8,0.023049,0.001158,0.082457,True,True,True,embedding_z90__market_return__M5_AND_M6__p0.05_ic0.08,train,
CHINA_H_SHARES,oil_emb_z,23,0.013201,0.002918,0.12929,True,True,True,embedding_z90__market_return__M5_AND_M6__p0.05_ic0.08,train,
FTSE_CHINA_50,oil_emb_z,23,0.011519,0.003131,0.148028,True,True,True,embedding_z90__market_return__M5_AND_M6__p0.05_ic0.08,train,
USD_RUB,oil_z,28,0.011613,-0.003178,0.099928,True,True,True,keyword_z30__market_return__M5_AND_M6__p0.05_ic0.08,train,
EUR_RUB,oil_z,28,0.011613,-0.003178,0.099928,True,True,True,keyword_z30__market_return__M5_AND_M6__p0.05_ic0.08,train,
MOEXOG,oil_z,23,0.034127,0.001809,0.084277,True,True,True,keyword_z30__market_return__M5_AND_M6__p0.05_ic0.08,train,
MSCI_WORLD,sanctions_z,14,0.013743,0.001235,0.099342,True,True,True,keyword_z90__market_return__M5_AND_M6__p0.05_ic0.06,train,
GOLD,inflation_z,7,0.016276,-0.001157,0.137763,True,True,True,keyword_z90__market_return__M5_AND_M6__p0.05_ic0.06,train,
USD_RUB,oil_z,28,0.022095,-0.002806,0.076826,True,True,True,keyword_z90__market_return__M5_AND_M6__p0.05_ic0.06,train,
EUR_RUB,oil_z,28,0.022095,-0.002806,0.076826,True,True,True,keyword_z90__market_return__M5_AND_M6__p0.05_ic0.06,train,
DJ_SOUTH_AFRICA,oil_z,21,0.00259,-0.00171,0.065967,True,True,True,keyword_z90__market_return__M5_AND_M6__p0.05_ic0.06,train,
DJ_SOUTH_AFRICA,gold_z,28,0.02248,-0.001381,0.067601,True,True,True,keyword_z90__market_return__M5_AND_M6__p0.05_ic0.06,train,
MSCI_WORLD,oil_z,21,0.046234,-0.001085,0.064608,True,True,True,keyword_z90__market_return__M5_AND_M6__p0.05_ic0.06,train,
MSCI_WORLD,sanctions_z,14,0.013743,0.001235,0.099342,True,True,True,keyword_z90__market_return__M5_AND_M6__p0.05_ic0.06,train,
BRENT,gold_z,21,0.011742,-0.003337,0.06836,True,True,True,keyword_z90__market_return__M5_AND_M6__p0.05_ic0.06,train,
GOLD,inflation_z,7,0.016276,-0.001157,0.137763,True,True,True,keyword_z90__market_return__M5_AND_M6__p0.05_ic0.06,train,
USD_RUB,oil_z,28,0.022095,-0.002806,0.076826,True,True,True,keyword_z90__market_return__M5_AND_M6__p0.05_ic0.06,train,
EUR_RUB,oil_z,28,0.022095,-0.002806,0.076826,True,True,True,keyword_z90__market_return__M5_AND_M6__p0.05_ic0.06,train,
DJ_SOUTH_AFRICA,oil_z,21,0.00259,-0.00171,0.065967,True,True,True,keyword_z90__market_return__M5_AND_M6__p0.05_ic0.06,train,
DJ_SOUTH_AFRICA,gold_z,28,0.02248,-0.001381,0.067601,True,True,True,keyword_z90__market_return__M5_AND_M6__p0.05_ic0.06,train,
MSCI_WORLD,oil_z,21,0.046234,-0.001085,0.064608,True,True,True,keyword_z90__market_return__M5_AND_M6__p0.05_ic0.06,train,
BRENT,gold_z,21,0.011742,-0.003337,0.06836,True,True,True,keyword_z90__market_return__M5_AND_M6__p0.05_ic0.06,train,
USD_RUB,oil_z,28,0.022095,-0.002806,0.076826,True,True,True,keyword_z90__market_return__M5_AND_M6__p0.05_ic0.06,train,
EUR_RUB,oil_z,28,0.022095,-0.002806,0.076826,True,True,True,keyword_z90__market_return__M5_AND_M6__p0.05_ic0.06,train,
DJ_SOUTH_AFRICA,oil_z,21,0.00259,-0.00171,0.065967,True,True,True,keyword_z90__market_return__M5_AND_M6__p0.05_ic0.06,train,
DJ_SOUTH_AFRICA,gold_z,28,0.02248,-0.001381,0.067601,True,True,True,keyword_z90__market_return__M5_AND_M6__p0.05_ic0.06,train,
MSCI_WORLD,oil_z,21,0.046234,-0.001085,0.064608,True,True,True,keyword_z90__market_return__M5_AND_M6__p0.05_ic0.06,train,
BRENT,gold_z,21,0.011742,-0.003337,0.06836,True,True,True,keyword_z90__market_return__M5_AND_M6__p0.05_ic0.06,train,
MOEXFN,gold_z,8,0.026346,-0.006778,0.108028,True,True,True,keyword_z90__market_return__M5_AND_M6__p0.05_ic0.07,train,
GOLD,inflation_z,7,0.016276,-0.001157,0.137763,True,True,True,keyword_z90__market_return__M5_AND_M6__p0.05_ic0.08,train,
FTSE_CHINA_50,oil_emb,23,0.006156,0.003159,0.080355,True,True,True,embedding_raw__market_return__M5_AND_M6__p0.05_ic0.08,train,
GOLD,rate_emb,23,0.024005,0.001388,0.093875,True,True,True,embedding_raw__market_return__M5_AND_M6__p0.05_ic0.08,train,
SILVER,oil_emb,23,0.042461,-0.002632,0.092155,True,True,True,embedding_raw__market_return__M5_AND_M6__p0.05_ic0.08,train,
IMOEX,banking_emb,2,0.024055,0.003069,0.086381,True,True,True,embedding_raw__market_return__M5_AND_M6__p0.05_ic0.08,train,
MOEXOG,banking_emb,2,0.02216,0.003113,0.151019,True,True,True,embedding_raw__market_return__M5_AND_M6__p0.05_ic0.08,train,
MOEX10,banking_emb,2,0.026706,0.002852,0.088712,True,True,True,embedding_raw__market_return__M5_AND_M6__p0.05_ic0.08,train,
DXY,rate_emb_z,8,0.040284,-0.000531,0.085736,True,True,True,embedding_z90__market_return__M5_AND_M6__p0.05_ic0.08,train,
BRENT,ruble_emb_z,8,0.032084,-0.002736,0.10981,True,True,True,embedding_z90__market_return__M5_AND_M6__p0.05_ic0.08,train,
MSCI_INDIA,oil_emb_z,2,0.023528,0.001127,0.095458,True,True,True,embedding_z90__market_return__M5_AND_M6__p0.05_ic0.08,train,
MSCI_INDIA,rate_emb_z,8,0.023049,0.001158,0.082457,True,True,True,embedding_z90__market_return__M5_AND_M6__p0.05_ic0.08,train,
CHINA_H_SHARES,oil_emb_z,23,0.013201,0.002918,0.12929,True,True,True,embedding_z90__market_return__M5_AND_M6__p0.05_ic0.08,train,
FTSE_CHINA_50,oil_emb_z,23,0.011519,0.003131,0.148028,True,True,True,embedding_z90__market_return__M5_AND_M6__p0.05_ic0.08,train,
USD_RUB,oil_z,28,0.011613,-0.003178,0.099928,True,True,True,keyword_z30__market_return__M5_AND_M6__p0.05_ic0.08,train,
EUR_RUB,oil_z,28,0.011613,-0.003178,0.099928,True,True,True,keyword_z30__market_return__M5_AND_M6__p0.05_ic0.08,train,
MOEXOG,oil_z,23,0.034127,0.001809,0.084277,True,True,True,keyword_z30__market_return__M5_AND_M6__p0.05_ic0.08,train,
MSCI_WORLD,sanctions_z,14,0.013743,0.001235,0.099342,True,True,True,keyword_z90__market_return__M5_AND_M6__p0.05_ic0.06,train,
GOLD,inflation_z,7,0.016276,-0.001157,0.137763,True,True,True,keyword_z90__market_return__M5_AND_M6__p0.05_ic0.06,train,
USD_RUB,oil_z,28,0.022095,-0.002806,0.076826,True,True,True,keyword_z90__market_return__M5_AND_M6__p0.05_ic0.06,train,
EUR_RUB,oil_z,28,0.022095,-0.002806,0.076826,True,True,True,keyword_z90__market_return__M5_AND_M6__p0.05_ic0.06,train,
DJ_SOUTH_AFRICA,oil_z,21,0.00259,-0.00171,0.065967,True,True,True,keyword_z90__market_return__M5_AND_M6__p0.05_ic0.06,train,
DJ_SOUTH_AFRICA,gold_z,28,0.02248,-0.001381,0.067601,True,True,True,keyword_z90__market_return__M5_AND_M6__p0.05_ic0.06,train,
MSCI_WORLD,oil_z,21,0.046234,-0.001085,0.064608,True,True,True,keyword_z90__market_return__M5_AND_M6__p0.05_ic0.06,train,
MSCI_WORLD,sanctions_z,14,0.013743,0.001235,0.099342,True,True,True,keyword_z90__market_return__M5_AND_M6__p0.05_ic0.06,train,
BRENT,gold_z,21,0.011742,-0.003337,0.06836,True,True,True,keyword_z90__market_return__M5_AND_M6__p0.05_ic0.06,train,
GOLD,inflation_z,7,0.016276,-0.001157,0.137763,True,True,True,keyword_z90__market_return__M5_AND_M6__p0.05_ic0.06,train,
USD_RUB,oil_z,28,0.022095,-0.002806,0.076826,True,True,True,keyword_z90__market_return__M5_AND_M6__p0.05_ic0.06,train,
EUR_RUB,oil_z,28,0.022095,-0.002806,0.076826,True,True,True,keyword_z90__market_return__M5_AND_M6__p0.05_ic0.06,train,
DJ_SOUTH_AFRICA,oil_z,21,0.00259,-0.00171,0.065967,True,True,True,keyword_z90__market_return__M5_AND_M6__p0.05_ic0.06,train,
DJ_SOUTH_AFRICA,gold_z,28,0.02248,-0.001381,0.067601,True,True,True,keyword_z90__market_return__M5_AND_M6__p0.05_ic0.06,train,
MSCI_WORLD,oil_z,21,0.046234,-0.001085,0.064608,True,True,True,keyword_z90__market_return__M5_AND_M6__p0.05_ic0.06,train,
BRENT,gold_z,21,0.011742,-0.003337,0.06836,True,True,True,keyword_z90__market_return__M5_AND_M6__p0.05_ic0.06,train,
USD_RUB,oil_z,28,0.022095,-0.002806,0.076826,True,True,True,keyword_z90__market_return__M5_AND_M6__p0.05_ic0.06,train,
EUR_RUB,oil_z,28,0.022095,-0.002806,0.076826,True,True,True,keyword_z90__market_return__M5_AND_M6__p0.05_ic0.06,train,
DJ_SOUTH_AFRICA,oil_z,21,0.00259,-0.00171,0.065967,True,True,True,keyword_z90__market_return__M5_AND_M6__p0.05_ic0.06,train,
DJ_SOUTH_AFRICA,gold_z,28,0.02248,-0.001381,0.067601,True,True,True,keyword_z90__market_return__M5_AND_M6__p0.05_ic0.06,train,
MSCI_WORLD,oil_z,21,0.046234,-0.001085,0.064608,True,True,True,keyword_z90__market_return__M5_AND_M6__p0.05_ic0.06,train,
BRENT,gold_z,21,0.011742,-0.003337,0.06836,True,True,True,keyword_z90__market_return__M5_AND_M6__p0.05_ic0.06,train,
GOLD,inflation_z,7,0.016276,-0.001157,0.137763,True,True,True,keyword_z90__market_return__M5_AND_M6__p0.05_ic0.08,train,
DXY,rate_emb_z,8,0.040284,-0.000531,0.085736,True,True,True,embedding_z90__market_return__M5_AND_M6__p0.05_ic0.08,train,
BRENT,ruble_emb_z,8,0.032084,-0.002736,0.10981,True,True,True,embedding_z90__market_return__M5_AND_M6__p0.05_ic0.08,train,
MSCI_INDIA,oil_emb_z,2,0.023528,0.001127,0.095458,True,True,True,embedding_z90__market_return__M5_AND_M6__p0.05_ic0.08,train,
MSCI_INDIA,rate_emb_z,8,0.023049,0.001158,0.082457,True,True,True,embedding_z90__market_return__M5_AND_M6__p0.05_ic0.08,train,
CHINA_H_SHARES,oil_emb_z,23,0.013201,0.002918,0.12929,True,True,True,embedding_z90__market_return__M5_AND_M6__p0.05_ic0.08,train,
FTSE_CHINA_50,oil_emb_z,23,0.011519,0.003131,0.148028,True,True,True,embedding_z90__market_return__M5_AND_M6__p0.05_ic0.08,train,
FTSE_CHINA_50,oil_emb,23,0.006156,0.003159,0.080355,True,True,True,embedding_raw__market_return__M5_AND_M6__p0.05_ic0.08,train,
GOLD,rate_emb,23,0.024005,0.001388,0.093875,True,True,True,embedding_raw__market_return__M5_AND_M6__p0.05_ic0.08,train,
SILVER,oil_emb,23,0.042461,-0.002632,0.092155,True,True,True,embedding_raw__market_return__M5_AND_M6__p0.05_ic0.08,train,
IMOEX,banking_emb,2,0.024055,0.003069,0.086381,True,True,True,embedding_raw__market_return__M5_AND_M6__p0.05_ic0.08,train,
MOEXOG,banking_emb,2,0.02216,0.003113,0.151019,True,True,True,embedding_raw__market_return__M5_AND_M6__p0.05_ic0.08,train,
MOEX10,banking_emb,2,0.026706,0.002852,0.088712,True,True,True,embedding_raw__market_return__M5_AND_M6__p0.05_ic0.08,train,
USD_RUB,oil_z,28,0.011613,-0.003178,0.099928,True,True,True,keyword_z30__market_return__M5_AND_M6__p0.05_ic0.08,train,
EUR_RUB,oil_z,28,0.011613,-0.003178,0.099928,True,True,True,keyword_z30__market_return__M5_AND_M6__p0.05_ic0.08,train,
MOEXOG,oil_z,23,0.034127,0.001809,0.084277,True,True,True,keyword_z30__market_return__M5_AND_M6__p0.05_ic0.08,train,
MSCI_WORLD,sanctions_z,14,0.013743,0.001235,0.099342,True,True,True,keyword_z90__market_return__M5_AND_M6__p0.05_ic0.06,train,
GOLD,inflation_z,7,0.016276,-0.001157,0.137763,True,True,True,keyword_z90__market_return__M5_AND_M6__p0.05_ic0.06,train,
USD_RUB,oil_z,28,0.022095,-0.002806,0.076826,True,True,True,keyword_z90__market_return__M5_AND_M6__p0.05_ic0.06,train,
EUR_RUB,oil_z,28,0.022095,-0.002806,0.076826,True,True,True,keyword_z90__market_return__M5_AND_M6__p0.05_ic0.06,train,
DJ_SOUTH_AFRICA,oil_z,21,0.00259,-0.00171,0.065967,True,True,True,keyword_z90__market_return__M5_AND_M6__p0.05_ic0.06,train,
DJ_SOUTH_AFRICA,gold_z,28,0.02248,-0.001381,0.067601,True,True,True,keyword_z90__market_return__M5_AND_M6__p0.05_ic0.06,train,
MSCI_WORLD,oil_z,21,0.046234,-0.001085,0.064608,True,True,True,keyword_z90__market_return__M5_AND_M6__p0.05_ic0.06,train,
BRENT,gold_z,21,0.011742,-0.003337,0.06836,True,True,True,keyword_z90__market_return__M5_AND_M6__p0.05_ic0.06,train,
USD_RUB,oil_z,28,0.022095,-0.002806,0.076826,True,True,True,keyword_z90__market_return__M5_AND_M6__p0.05_ic0.06,train,
EUR_RUB,oil_z,28,0.022095,-0.002806,0.076826,True,True,True,keyword_z90__market_return__M5_AND_M6__p0.05_ic0.06,train,
DJ_SOUTH_AFRICA,oil_z,21,0.00259,-0.00171,0.065967,True,True,True,keyword_z90__market_return__M5_AND_M6__p0.05_ic0.06,train,
DJ_SOUTH_AFRICA,gold_z,28,0.02248,-0.001381,0.067601,True,True,True,keyword_z90__market_return__M5_AND_M6__p0.05_ic0.06,train,
MSCI_WORLD,oil_z,21,0.046234,-0.001085,0.064608,True,True,True,keyword_z90__market_return__M5_AND_M6__p0.05_ic0.06,train,
BRENT,gold_z,21,0.011742,-0.003337,0.06836,True,True,True,keyword_z90__market_return__M5_AND_M6__p0.05_ic0.06,train,
USD_RUB,oil_z,28,0.022095,-0.002806,0.076826,True,True,True,keyword_z90__market_return__M5_AND_M6__p0.05_ic0.06,train,
EUR_RUB,oil_z,28,0.022095,-0.002806,0.076826,True,True,True,keyword_z90__market_return__M5_AND_M6__p0.05_ic0.06,train,
DJ_SOUTH_AFRICA,oil_z,21,0.00259,-0.00171,0.065967,True,True,True,keyword_z90__market_return__M5_AND_M6__p0.05_ic0.06,train,
DJ_SOUTH_AFRICA,gold_z,28,0.02248,-0.001381,0.067601,True,True,True,keyword_z90__market_return__M5_AND_M6__p0.05_ic0.06,train,
MSCI_WORLD,oil_z,21,0.046234,-0.001085,0.064608,True,True,True,keyword_z90__market_return__M5_AND_M6__p0.05_ic0.06,train,
MSCI_WORLD,sanctions_z,14,0.013743,0.001235,0.099342,True,True,True,keyword_z90__market_return__M5_AND_M6__p0.05_ic0.06,train,
BRENT,gold_z,21,0.011742,-0.003337,0.06836,True,True,True,keyword_z90__market_return__M5_AND_M6__p0.05_ic0.06,train,
GOLD,inflation_z,7,0.016276,-0.001157,0.137763,True,True,True,keyword_z90__market_return__M5_AND_M6__p0.05_ic0.06,train,
GOLD,inflation_z,7,0.016276,-0.001157,0.137763,True,True,True,keyword_z90__market_return__M5_AND_M6__p0.05_ic0.08,train,
DXY,rate_emb_z,8,0.040284,-0.000531,0.085736,True,True,True,embedding_z90__market_return__M5_AND_M6__p0.05_ic0.08,train,
BRENT,ruble_emb_z,8,0.032084,-0.002736,0.10981,True,True,True,embedding_z90__market_return__M5_AND_M6__p0.05_ic0.08,train,
MSCI_INDIA,oil_emb_z,2,0.023528,0.001127,0.095458,True,True,True,embedding_z90__market_return__M5_AND_M6__p0.05_ic0.08,train,
MSCI_INDIA,rate_emb_z,8,0.023049,0.001158,0.082457,True,True,True,embedding_z90__market_return__M5_AND_M6__p0.05_ic0.08,train,
CHINA_H_SHARES,oil_emb_z,23,0.013201,0.002918,0.12929,True,True,True,embedding_z90__market_return__M5_AND_M6__p0.05_ic0.08,train,
FTSE_CHINA_50,oil_emb_z,23,0.011519,0.003131,0.148028,True,True,True,embedding_z90__market_return__M5_AND_M6__p0.05_ic0.08,train,
FTSE_CHINA_50,oil_emb,23,0.006156,0.003159,0.080355,True,True,True,embedding_raw__market_return__M5_AND_M6__p0.05_ic0.08,train,
GOLD,rate_emb,23,0.024005,0.001388,0.093875,True,True,True,embedding_raw__market_return__M5_AND_M6__p0.05_ic0.08,train,
SILVER,oil_emb,23,0.042461,-0.002632,0.092155,True,True,True,embedding_raw__market_return__M5_AND_M6__p0.05_ic0.08,train,
IMOEX,banking_emb,2,0.024055,0.003069,0.086381,True,True,True,embedding_raw__market_return__M5_AND_M6__p0.05_ic0.08,train,
MOEXOG,banking_emb,2,0.02216,0.003113,0.151019,True,True,True,embedding_raw__market_return__M5_AND_M6__p0.05_ic0.08,train,
MOEX10,banking_emb,2,0.026706,0.002852,0.088712,True,True,True,embedding_raw__market_return__M5_AND_M6__p0.05_ic0.08,train,
USD_RUB,oil_z,28,0.011613,-0.003178,0.099928,True,True,True,keyword_z30__market_return__M5_AND_M6__p0.05_ic0.08,train,
EUR_RUB,oil_z,28,0.011613,-0.003178,0.099928,True,True,True,keyword_z30__market_return__M5_AND_M6__p0.05_ic0.08,train,
MOEXOG,oil_z,23,0.034127,0.001809,0.084277,True,True,True,keyword_z30__market_return__M5_AND_M6__p0.05_ic0.08,train,
MSCI_WORLD,sanctions_z,14,0.013743,0.001235,0.099342,True,True,True,keyword_z90__market_return__M5_AND_M6__p0.05_ic0.06,train,
GOLD,inflation_z,7,0.016276,-0.001157,0.137763,True,True,True,keyword_z90__market_return__M5_AND_M6__p0.05_ic0.06,train,
USD_RUB,oil_z,28,0.022095,-0.002806,0.076826,True,True,True,keyword_z90__market_return__M5_AND_M6__p0.05_ic0.06,train,
EUR_RUB,oil_z,28,0.022095,-0.002806,0.076826,True,True,True,keyword_z90__market_return__M5_AND_M6__p0.05_ic0.06,train,
DJ_SOUTH_AFRICA,oil_z,21,0.00259,-0.00171,0.065967,True,True,True,keyword_z90__market_return__M5_AND_M6__p0.05_ic0.06,train,
DJ_SOUTH_AFRICA,gold_z,28,0.02248,-0.001381,0.067601,True,True,True,keyword_z90__market_return__M5_AND_M6__p0.05_ic0.06,train,
MSCI_WORLD,oil_z,21,0.046234,-0.001085,0.064608,True,True,True,keyword_z90__market_return__M5_AND_M6__p0.05_ic0.06,train,
BRENT,gold_z,21,0.011742,-0.003337,0.06836,True,True,True,keyword_z90__market_return__M5_AND_M6__p0.05_ic0.06,train,
USD_RUB,oil_z,28,0.022095,-0.002806,0.076826,True,True,True,keyword_z90__market_return__M5_AND_M6__p0.05_ic0.06,train,
EUR_RUB,oil_z,28,0.022095,-0.002806,0.076826,True,True,True,keyword_z90__market_return__M5_AND_M6__p0.05_ic0.06,train,
DJ_SOUTH_AFRICA,oil_z,21,0.00259,-0.00171,0.065967,True,True,True,keyword_z90__market_return__M5_AND_M6__p0.05_ic0.06,train,
DJ_SOUTH_AFRICA,gold_z,28,0.02248,-0.001381,0.067601,True,True,True,keyword_z90__market_return__M5_AND_M6__p0.05_ic0.06,train,
MSCI_WORLD,oil_z,21,0.046234,-0.001085,0.064608,True,True,True,keyword_z90__market_return__M5_AND_M6__p0.05_ic0.06,train,
BRENT,gold_z,21,0.011742,-0.003337,0.06836,True,True,True,keyword_z90__market_return__M5_AND_M6__p0.05_ic0.06,train,
USD_RUB,oil_z,28,0.022095,-0.002806,0.076826,True,True,True,keyword_z90__market_return__M5_AND_M6__p0.05_ic0.06,train,
EUR_RUB,oil_z,28,0.022095,-0.002806,0.076826,True,True,True,keyword_z90__market_return__M5_AND_M6__p0.05_ic0.06,train,
DJ_SOUTH_AFRICA,oil_z,21,0.00259,-0.00171,0.065967,True,True,True,keyword_z90__market_return__M5_AND_M6__p0.05_ic0.06,train,
DJ_SOUTH_AFRICA,gold_z,28,0.02248,-0.001381,0.067601,True,True,True,keyword_z90__market_return__M5_AND_M6__p0.05_ic0.06,train,
MSCI_WORLD,oil_z,21,0.046234,-0.001085,0.064608,True,True,True,keyword_z90__market_return__M5_AND_M6__p0.05_ic0.06,train,
MSCI_WORLD,sanctions_z,14,0.013743,0.001235,0.099342,True,True,True,keyword_z90__market_return__M5_AND_M6__p0.05_ic0.06,train,
BRENT,gold_z,21,0.011742,-0.003337,0.06836,True,True,True,keyword_z90__market_return__M5_AND_M6__p0.05_ic0.06,train,
GOLD,inflation_z,7,0.016276,-0.001157,0.137763,True,True,True,keyword_z90__market_return__M5_AND_M6__p0.05_ic0.06,train,
MOEXFN,gold_z,8,0.026346,-0.006778,0.108028,True,True,True,keyword_z90__market_return__M5_AND_M6__p0.05_ic0.07,train,
GOLD,inflation_z,7,0.016276,-0.001157,0.137763,True,True,True,keyword_z90__market_return__M5_AND_M6__p0.05_ic0.08,train,
DXY,rate_emb_z,8,0.040284,-0.000531,0.085736,True,True,True,embedding_z90__market_return__M5_AND_M6__p0.05_ic0.08,train,
BRENT,ruble_emb_z,8,0.032084,-0.002736,0.10981,True,True,True,embedding_z90__market_return__M5_AND_M6__p0.05_ic0.08,train,
MSCI_INDIA,oil_emb_z,2,0.023528,0.001127,0.095458,True,True,True,embedding_z90__market_return__M5_AND_M6__p0.05_ic0.08,train,
MSCI_INDIA,rate_emb_z,8,0.023049,0.001158,0.082457,True,True,True,embedding_z90__market_return__M5_AND_M6__p0.05_ic0.08,train,
CHINA_H_SHARES,oil_emb_z,23,0.013201,0.002918,0.12929,True,True,True,embedding_z90__market_return__M5_AND_M6__p0.05_ic0.08,train,
FTSE_CHINA_50,oil_emb_z,23,0.011519,0.003131,0.148028,True,True,True,embedding_z90__market_return__M5_AND_M6__p0.05_ic0.08,train,
FTSE_CHINA_50,oil_emb,23,0.006156,0.003159,0.080355,True,True,True,embedding_raw__market_return__M5_AND_M6__p0.05_ic0.08,train,
GOLD,rate_emb,23,0.024005,0.001388,0.093875,True,True,True,embedding_raw__market_return__M5_AND_M6__p0.05_ic0.08,train,
SILVER,oil_emb,23,0.042461,-0.002632,0.092155,True,True,True,embedding_raw__market_return__M5_AND_M6__p0.05_ic0.08,train,
IMOEX,banking_emb,2,0.024055,0.003069,0.086381,True,True,True,embedding_raw__market_return__M5_AND_M6__p0.05_ic0.08,train,
MOEXOG,banking_emb,2,0.02216,0.003113,0.151019,True,True,True,embedding_raw__market_return__M5_AND_M6__p0.05_ic0.08,train,
MOEX10,banking_emb,2,0.026706,0.002852,0.088712,True,True,True,embedding_raw__market_return__M5_AND_M6__p0.05_ic0.08,train,
USD_RUB,oil_z,28,0.011613,-0.003178,0.099928,True,True,True,keyword_z30__market_return__M5_AND_M6__p0.05_ic0.08,train,
EUR_RUB,oil_z,28,0.011613,-0.003178,0.099928,True,True,True,keyword_z30__market_return__M5_AND_M6__p0.05_ic0.08,train,
MOEXOG,oil_z,23,0.034127,0.001809,0.084277,True,True,True,keyword_z30__market_return__M5_AND_M6__p0.05_ic0.08,train,
MSCI_WORLD,sanctions_z,14,0.013743,0.001235,0.099342,True,True,True,keyword_z90__market_return__M5_AND_M6__p0.05_ic0.06,train,
GOLD,inflation_z,7,0.016276,-0.001157,0.137763,True,True,True,keyword_z90__market_return__M5_AND_M6__p0.05_ic0.06,train,
USD_RUB,oil_z,28,0.022095,-0.002806,0.076826,True,True,True,keyword_z90__market_return__M5_AND_M6__p0.05_ic0.06,train,
EUR_RUB,oil_z,28,0.022095,-0.002806,0.076826,True,True,True,keyword_z90__market_return__M5_AND_M6__p0.05_ic0.06,train,
DJ_SOUTH_AFRICA,oil_z,21,0.00259,-0.00171,0.065967,True,True,True,keyword_z90__market_return__M5_AND_M6__p0.05_ic0.06,train,
DJ_SOUTH_AFRICA,gold_z,28,0.02248,-0.001381,0.067601,True,True,True,keyword_z90__market_return__M5_AND_M6__p0.05_ic0.06,train,
MSCI_WORLD,oil_z,21,0.046234,-0.001085,0.064608,True,True,True,keyword_z90__market_return__M5_AND_M6__p0.05_ic0.06,train,
BRENT,gold_z,21,0.011742,-0.003337,0.06836,True,True,True,keyword_z90__market_return__M5_AND_M6__p0.05_ic0.06,train,
USD_RUB,oil_z,28,0.022095,-0.002806,0.076826,True,True,True,keyword_z90__market_return__M5_AND_M6__p0.05_ic0.06,train,
EUR_RUB,oil_z,28,0.022095,-0.002806,0.076826,True,True,True,keyword_z90__market_return__M5_AND_M6__p0.05_ic0.06,train,
DJ_SOUTH_AFRICA,oil_z,21,0.00259,-0.00171,0.065967,True,True,True,keyword_z90__market_return__M5_AND_M6__p0.05_ic0.06,train,
DJ_SOUTH_AFRICA,gold_z,28,0.02248,-0.001381,0.067601,True,True,True,keyword_z90__market_return__M5_AND_M6__p0.05_ic0.06,train,
MSCI_WORLD,oil_z,21,0.046234,-0.001085,0.064608,True,True,True,keyword_z90__market_return__M5_AND_M6__p0.05_ic0.06,train,
BRENT,gold_z,21,0.011742,-0.003337,0.06836,True,True,True,keyword_z90__market_return__M5_AND_M6__p0.05_ic0.06,train,
USD_RUB,oil_z,28,0.022095,-0.002806,0.076826,True,True,True,keyword_z90__market_return__M5_AND_M6__p0.05_ic0.06,train,
EUR_RUB,oil_z,28,0.022095,-0.002806,0.076826,True,True,True,keyword_z90__market_return__M5_AND_M6__p0.05_ic0.06,train,
DJ_SOUTH_AFRICA,oil_z,21,0.00259,-0.00171,0.065967,True,True,True,keyword_z90__market_return__M5_AND_M6__p0.05_ic0.06,train,
DJ_SOUTH_AFRICA,gold_z,28,0.02248,-0.001381,0.067601,True,True,True,keyword_z90__market_return__M5_AND_M6__p0.05_ic0.06,train,
MSCI_WORLD,oil_z,21,0.046234,-0.001085,0.064608,True,True,True,keyword_z90__market_return__M5_AND_M6__p0.05_ic0.06,train,
MSCI_WORLD,sanctions_z,14,0.013743,0.001235,0.099342,True,True,True,keyword_z90__market_return__M5_AND_M6__p0.05_ic0.06,train,
BRENT,gold_z,21,0.011742,-0.003337,0.06836,True,True,True,keyword_z90__market_return__M5_AND_M6__p0.05_ic0.06,train,
GOLD,inflation_z,7,0.016276,-0.001157,0.137763,True,True,True,keyword_z90__market_return__M5_AND_M6__p0.05_ic0.06,train,
GOLD,inflation_z,7,0.016276,-0.001157,0.137763,True,True,True,keyword_z90__market_return__M5_AND_M6__p0.05_ic0.08,train,
DXY,rate_emb_z,8,0.040284,-0.000531,0.085736,True,True,True,embedding_z90__market_return__M5_AND_M6__p0.05_ic0.08,train,
BRENT,ruble_emb_z,8,0.032084,-0.002736,0.10981,True,True,True,embedding_z90__market_return__M5_AND_M6__p0.05_ic0.08,train,
MSCI_INDIA,oil_emb_z,2,0.023528,0.001127,0.095458,True,True,True,embedding_z90__market_return__M5_AND_M6__p0.05_ic0.08,train,
MSCI_INDIA,rate_emb_z,8,0.023049,0.001158,0.082457,True,True,True,embedding_z90__market_return__M5_AND_M6__p0.05_ic0.08,train,
CHINA_H_SHARES,oil_emb_z,23,0.013201,0.002918,0.12929,True,True,True,embedding_z90__market_return__M5_AND_M6__p0.05_ic0.08,train,
FTSE_CHINA_50,oil_emb_z,23,0.011519,0.003131,0.148028,True,True,True,embedding_z90__market_return__M5_AND_M6__p0.05_ic0.08,train,
FTSE_CHINA_50,oil_emb,23,0.006156,0.003159,0.080355,True,True,True,embedding_raw__market_return__M5_AND_M6__p0.05_ic0.08,train,
GOLD,rate_emb,23,0.024005,0.001388,0.093875,True,True,True,embedding_raw__market_return__M5_AND_M6__p0.05_ic0.08,train,
SILVER,oil_emb,23,0.042461,-0.002632,0.092155,True,True,True,embedding_raw__market_return__M5_AND_M6__p0.05_ic0.08,train,
IMOEX,banking_emb,2,0.024055,0.003069,0.086381,True,True,True,embedding_raw__market_return__M5_AND_M6__p0.05_ic0.08,train,
MOEXOG,banking_emb,2,0.02216,0.003113,0.151019,True,True,True,embedding_raw__market_return__M5_AND_M6__p0.05_ic0.08,train,
MOEX10,banking_emb,2,0.026706,0.002852,0.088712,True,True,True,embedding_raw__market_return__M5_AND_M6__p0.05_ic0.08,train,
USD_RUB,oil_z,28,0.011613,-0.003178,0.099928,True,True,True,keyword_z30__market_return__M5_AND_M6__p0.05_ic0.08,train,
EUR_RUB,oil_z,28,0.011613,-0.003178,0.099928,True,True,True,keyword_z30__market_return__M5_AND_M6__p0.05_ic0.08,train,
MOEXOG,oil_z,23,0.034127,0.001809,0.084277,True,True,True,keyword_z30__market_return__M5_AND_M6__p0.05_ic0.08,train,
MSCI_WORLD,sanctions_z,14,0.013743,0.001235,0.099342,True,True,True,keyword_z90__market_return__M5_AND_M6__p0.05_ic0.06,train,
GOLD,inflation_z,7,0.016276,-0.001157,0.137763,True,True,True,keyword_z90__market_return__M5_AND_M6__p0.05_ic0.06,train,
USD_RUB,oil_z,28,0.022095,-0.002806,0.076826,True,True,True,keyword_z90__market_return__M5_AND_M6__p0.05_ic0.06,train,
EUR_RUB,oil_z,28,0.022095,-0.002806,0.076826,True,True,True,keyword_z90__market_return__M5_AND_M6__p0.05_ic0.06,train,
DJ_SOUTH_AFRICA,oil_z,21,0.00259,-0.00171,0.065967,True,True,True,keyword_z90__market_return__M5_AND_M6__p0.05_ic0.06,train,
DJ_SOUTH_AFRICA,gold_z,28,0.02248,-0.001381,0.067601,True,True,True,keyword_z90__market_return__M5_AND_M6__p0.05_ic0.06,train,
MSCI_WORLD,oil_z,21,0.046234,-0.001085,0.064608,True,True,True,keyword_z90__market_return__M5_AND_M6__p0.05_ic0.06,train,
BRENT,gold_z,21,0.011742,-0.003337,0.06836,True,True,True,keyword_z90__market_return__M5_AND_M6__p0.05_ic0.06,train,
USD_RUB,oil_z,28,0.022095,-0.002806,0.076826,True,True,True,keyword_z90__market_return__M5_AND_M6__p0.05_ic0.06,train,
EUR_RUB,oil_z,28,0.022095,-0.002806,0.076826,True,True,True,keyword_z90__market_return__M5_AND_M6__p0.05_ic0.06,train,
DJ_SOUTH_AFRICA,oil_z,21,0.00259,-0.00171,0.065967,True,True,True,keyword_z90__market_return__M5_AND_M6__p0.05_ic0.06,train,
DJ_SOUTH_AFRICA,gold_z,28,0.02248,-0.001381,0.067601,True,True,True,keyword_z90__market_return__M5_AND_M6__p0.05_ic0.06,train,
MSCI_WORLD,oil_z,21,0.046234,-0.001085,0.064608,True,True,True,keyword_z90__market_return__M5_AND_M6__p0.05_ic0.06,train,
BRENT,gold_z,21,0.011742,-0.003337,0.06836,True,True,True,keyword_z90__market_return__M5_AND_M6__p0.05_ic0.06,train,
USD_RUB,oil_z,28,0.022095,-0.002806,0.076826,True,True,True,keyword_z90__market_return__M5_AND_M6__p0.05_ic0.06,train,
EUR_RUB,oil_z,28,0.022095,-0.002806,0.076826,True,True,True,keyword_z90__market_return__M5_AND_M6__p0.05_ic0.06,train,
DJ_SOUTH_AFRICA,oil_z,21,0.00259,-0.00171,0.065967,True,True,True,keyword_z90__market_return__M5_AND_M6__p0.05_ic0.06,train,
DJ_SOUTH_AFRICA,gold_z,28,0.02248,-0.001381,0.067601,True,True,True,keyword_z90__market_return__M5_AND_M6__p0.05_ic0.06,train,
MSCI_WORLD,oil_z,21,0.046234,-0.001085,0.064608,True,True,True,keyword_z90__market_return__M5_AND_M6__p0.05_ic0.06,train,
MSCI_WORLD,sanctions_z,14,0.013743,0.001235,0.099342,True,True,True,keyword_z90__market_return__M5_AND_M6__p0.05_ic0.06,train,
BRENT,gold_z,21,0.011742,-0.003337,0.06836,True,True,True,keyword_z90__market_return__M5_AND_M6__p0.05_ic0.06,train,
GOLD,inflation_z,7,0.016276,-0.001157,0.137763,True,True,True,keyword_z90__market_return__M5_AND_M6__p0.05_ic0.06,train,
GOLD,inflation_z,7,0.016276,-0.001157,0.137763,True,True,True,keyword_z90__market_return__M5_AND_M6__p0.05_ic0.08,train,
DXY,rate_emb_z,8,0.040284,-0.000531,0.085736,True,True,True,embedding_z90__market_return__M5_AND_M6__p0.05_ic0.08,train,
BRENT,ruble_emb_z,8,0.032084,-0.002736,0.10981,True,True,True,embedding_z90__market_return__M5_AND_M6__p0.05_ic0.08,train,
MSCI_INDIA,oil_emb_z,2,0.023528,0.001127,0.095458,True,True,True,embedding_z90__market_return__M5_AND_M6__p0.05_ic0.08,train,
MSCI_INDIA,rate_emb_z,8,0.023049,0.001158,0.082457,True,True,True,embedding_z90__market_return__M5_AND_M6__p0.05_ic0.08,train,
CHINA_H_SHARES,oil_emb_z,23,0.013201,0.002918,0.12929,True,True,True,embedding_z90__market_return__M5_AND_M6__p0.05_ic0.08,train,
FTSE_CHINA_50,oil_emb_z,23,0.011519,0.003131,0.148028,True,True,True,embedding_z90__market_return__M5_AND_M6__p0.05_ic0.08,train,
FTSE_CHINA_50,oil_emb,23,0.006156,0.003159,0.080355,True,True,True,embedding_raw__market_return__M5_AND_M6__p0.05_ic0.08,train,
GOLD,rate_emb,23,0.024005,0.001388,0.093875,True,True,True,embedding_raw__market_return__M5_AND_M6__p0.05_ic0.08,train,
SILVER,oil_emb,23,0.042461,-0.002632,0.092155,True,True,True,embedding_raw__market_return__M5_AND_M6__p0.05_ic0.08,train,
IMOEX,banking_emb,2,0.024055,0.003069,0.086381,True,True,True,embedding_raw__market_return__M5_AND_M6__p0.05_ic0.08,train,
MOEXOG,banking_emb,2,0.02216,0.003113,0.151019,True,True,True,embedding_raw__market_return__M5_AND_M6__p0.05_ic0.08,train,
MOEX10,banking_emb,2,0.026706,0.002852,0.088712,True,True,True,embedding_raw__market_return__M5_AND_M6__p0.05_ic0.08,train,
USD_RUB,oil_z,28,0.011613,-0.003178,0.099928,True,True,True,keyword_z30__market_return__M5_AND_M6__p0.05_ic0.08,train,
EUR_RUB,oil_z,28,0.011613,-0.003178,0.099928,True,True,True,keyword_z30__market_return__M5_AND_M6__p0.05_ic0.08,train,
MOEXOG,oil_z,23,0.034127,0.001809,0.084277,True,True,True,keyword_z30__market_return__M5_AND_M6__p0.05_ic0.08,train,
MSCI_WORLD,sanctions_z,14,0.013743,0.001235,0.099342,True,True,True,keyword_z90__market_return__M5_AND_M6__p0.05_ic0.06,train,
GOLD,inflation_z,7,0.016276,-0.001157,0.137763,True,True,True,keyword_z90__market_return__M5_AND_M6__p0.05_ic0.06,train,
USD_RUB,oil_z,28,0.022095,-0.002806,0.076826,True,True,True,keyword_z90__market_return__M5_AND_M6__p0.05_ic0.06,train,
EUR_RUB,oil_z,28,0.022095,-0.002806,0.076826,True,True,True,keyword_z90__market_return__M5_AND_M6__p0.05_ic0.06,train,
DJ_SOUTH_AFRICA,oil_z,21,0.00259,-0.00171,0.065967,True,True,True,keyword_z90__market_return__M5_AND_M6__p0.05_ic0.06,train,
DJ_SOUTH_AFRICA,gold_z,28,0.02248,-0.001381,0.067601,True,True,True,keyword_z90__market_return__M5_AND_M6__p0.05_ic0.06,train,
MSCI_WORLD,oil_z,21,0.046234,-0.001085,0.064608,True,True,True,keyword_z90__market_return__M5_AND_M6__p0.05_ic0.06,train,
BRENT,gold_z,21,0.011742,-0.003337,0.06836,True,True,True,keyword_z90__market_return__M5_AND_M6__p0.05_ic0.06,train,
USD_RUB,oil_z,28,0.022095,-0.002806,0.076826,True,True,True,keyword_z90__market_return__M5_AND_M6__p0.05_ic0.06,train,
EUR_RUB,oil_z,28,0.022095,-0.002806,0.076826,True,True,True,keyword_z90__market_return__M5_AND_M6__p0.05_ic0.06,train,
DJ_SOUTH_AFRICA,oil_z,21,0.00259,-0.00171,0.065967,True,True,True,keyword_z90__market_return__M5_AND_M6__p0.05_ic0.06,train,
DJ_SOUTH_AFRICA,gold_z,28,0.02248,-0.001381,0.067601,True,True,True,keyword_z90__market_return__M5_AND_M6__p0.05_ic0.06,train,
MSCI_WORLD,oil_z,21,0.046234,-0.001085,0.064608,True,True,True,keyword_z90__market_return__M5_AND_M6__p0.05_ic0.06,train,
BRENT,gold_z,21,0.011742,-0.003337,0.06836,True,True,True,keyword_z90__market_return__M5_AND_M6__p0.05_ic0.06,train,
USD_RUB,oil_z,28,0.022095,-0.002806,0.076826,True,True,True,keyword_z90__market_return__M5_AND_M6__p0.05_ic0.06,train,
EUR_RUB,oil_z,28,0.022095,-0.002806,0.076826,True,True,True,keyword_z90__market_return__M5_AND_M6__p0.05_ic0.06,train,
DJ_SOUTH_AFRICA,oil_z,21,0.00259,-0.00171,0.065967,True,True,True,keyword_z90__market_return__M5_AND_M6__p0.05_ic0.06,train,
DJ_SOUTH_AFRICA,gold_z,28,0.02248,-0.001381,0.067601,True,True,True,keyword_z90__market_return__M5_AND_M6__p0.05_ic0.06,train,
MSCI_WORLD,oil_z,21,0.046234,-0.001085,0.064608,True,True,True,keyword_z90__market_return__M5_AND_M6__p0.05_ic0.06,train,
MSCI_WORLD,sanctions_z,14,0.013743,0.001235,0.099342,True,True,True,keyword_z90__market_return__M5_AND_M6__p0.05_ic0.06,train,
BRENT,gold_z,21,0.011742,-0.003337,0.06836,True,True,True,keyword_z90__market_return__M5_AND_M6__p0.05_ic0.06,train,
GOLD,inflation_z,7,0.016276,-0.001157,0.137763,True,True,True,keyword_z90__market_return__M5_AND_M6__p0.05_ic0.06,train,
MOEXFN,gold_z,8,0.026346,-0.006778,0.108028,True,True,True,keyword_z90__market_return__M5_AND_M6__p0.05_ic0.07,train,
GOLD,inflation_z,7,0.016276,-0.001157,0.137763,True,True,True,keyword_z90__market_return__M5_AND_M6__p0.05_ic0.08,train,
DXY,rate_emb_z,8,0.040284,-0.000531,0.085736,True,True,True,embedding_z90__market_return__M5_AND_M6__p0.05_ic0.08,train,
BRENT,ruble_emb_z,8,0.032084,-0.002736,0.10981,True,True,True,embedding_z90__market_return__M5_AND_M6__p0.05_ic0.08,train,
MSCI_INDIA,oil_emb_z,2,0.023528,0.001127,0.095458,True,True,True,embedding_z90__market_return__M5_AND_M6__p0.05_ic0.08,train,
MSCI_INDIA,rate_emb_z,8,0.023049,0.001158,0.082457,True,True,True,embedding_z90__market_return__M5_AND_M6__p0.05_ic0.08,train,
CHINA_H_SHARES,oil_emb_z,23,0.013201,0.002918,0.12929,True,True,True,embedding_z90__market_return__M5_AND_M6__p0.05_ic0.08,train,
FTSE_CHINA_50,oil_emb_z,23,0.011519,0.003131,0.148028,True,True,True,embedding_z90__market_return__M5_AND_M6__p0.05_ic0.08,train,
FTSE_CHINA_50,oil_emb,23,0.006156,0.003159,0.080355,True,True,True,embedding_raw__market_return__M5_AND_M6__p0.05_ic0.08,train,
GOLD,rate_emb,23,0.024005,0.001388,0.093875,True,True,True,embedding_raw__market_return__M5_AND_M6__p0.05_ic0.08,train,
SILVER,oil_emb,23,0.042461,-0.002632,0.092155,True,True,True,embedding_raw__market_return__M5_AND_M6__p0.05_ic0.08,train,
IMOEX,banking_emb,2,0.024055,0.003069,0.086381,True,True,True,embedding_raw__market_return__M5_AND_M6__p0.05_ic0.08,train,
MOEXOG,banking_emb,2,0.02216,0.003113,0.151019,True,True,True,embedding_raw__market_return__M5_AND_M6__p0.05_ic0.08,train,
MOEX10,banking_emb,2,0.026706,0.002852,0.088712,True,True,True,embedding_raw__market_return__M5_AND_M6__p0.05_ic0.08,train,
USD_RUB,oil_z,28,0.011613,-0.003178,0.099928,True,True,True,keyword_z30__market_return__M5_AND_M6__p0.05_ic0.08,train,
EUR_RUB,oil_z,28,0.011613,-0.003178,0.099928,True,True,True,keyword_z30__market_return__M5_AND_M6__p0.05_ic0.08,train,
MOEXOG,oil_z,23,0.034127,0.001809,0.084277,True,True,True,keyword_z30__market_return__M5_AND_M6__p0.05_ic0.08,train,
MSCI_WORLD,sanctions_z,14,0.013743,0.001235,0.099342,True,True,True,keyword_z90__market_return__M5_AND_M6__p0.05_ic0.06,train,
GOLD,inflation_z,7,0.016276,-0.001157,0.137763,True,True,True,keyword_z90__market_return__M5_AND_M6__p0.05_ic0.06,train,
USD_RUB,oil_z,28,0.022095,-0.002806,0.076826,True,True,True,keyword_z90__market_return__M5_AND_M6__p0.05_ic0.06,train,
EUR_RUB,oil_z,28,0.022095,-0.002806,0.076826,True,True,True,keyword_z90__market_return__M5_AND_M6__p0.05_ic0.06,train,
DJ_SOUTH_AFRICA,oil_z,21,0.00259,-0.00171,0.065967,True,True,True,keyword_z90__market_return__M5_AND_M6__p0.05_ic0.06,train,
DJ_SOUTH_AFRICA,gold_z,28,0.02248,-0.001381,0.067601,True,True,True,keyword_z90__market_return__M5_AND_M6__p0.05_ic0.06,train,
MSCI_WORLD,oil_z,21,0.046234,-0.001085,0.064608,True,True,True,keyword_z90__market_return__M5_AND_M6__p0.05_ic0.06,train,
BRENT,gold_z,21,0.011742,-0.003337,0.06836,True,True,True,keyword_z90__market_return__M5_AND_M6__p0.05_ic0.06,train,
USD_RUB,oil_z,28,0.022095,-0.002806,0.076826,True,True,True,keyword_z90__market_return__M5_AND_M6__p0.05_ic0.06,train,
EUR_RUB,oil_z,28,0.022095,-0.002806,0.076826,True,True,True,keyword_z90__market_return__M5_AND_M6__p0.05_ic0.06,train,
DJ_SOUTH_AFRICA,oil_z,21,0.00259,-0.00171,0.065967,True,True,True,keyword_z90__market_return__M5_AND_M6__p0.05_ic0.06,train,
DJ_SOUTH_AFRICA,gold_z,28,0.02248,-0.001381,0.067601,True,True,True,keyword_z90__market_return__M5_AND_M6__p0.05_ic0.06,train,
MSCI_WORLD,oil_z,21,0.046234,-0.001085,0.064608,True,True,True,keyword_z90__market_return__M5_AND_M6__p0.05_ic0.06,train,
BRENT,gold_z,21,0.011742,-0.003337,0.06836,True,True,True,keyword_z90__market_return__M5_AND_M6__p0.05_ic0.06,train,
USD_RUB,oil_z,28,0.022095,-0.002806,0.076826,True,True,True,keyword_z90__market_return__M5_AND_M6__p0.05_ic0.06,train,
EUR_RUB,oil_z,28,0.022095,-0.002806,0.076826,True,True,True,keyword_z90__market_return__M5_AND_M6__p0.05_ic0.06,train,
DJ_SOUTH_AFRICA,oil_z,21,0.00259,-0.00171,0.065967,True,True,True,keyword_z90__market_return__M5_AND_M6__p0.05_ic0.06,train,
DJ_SOUTH_AFRICA,gold_z,28,0.02248,-0.001381,0.067601,True,True,True,keyword_z90__market_return__M5_AND_M6__p0.05_ic0.06,train,
MSCI_WORLD,oil_z,21,0.046234,-0.001085,0.064608,True,True,True,keyword_z90__market_return__M5_AND_M6__p0.05_ic0.06,train,
MSCI_WORLD,sanctions_z,14,0.013743,0.001235,0.099342,True,True,True,keyword_z90__market_return__M5_AND_M6__p0.05_ic0.06,train,
BRENT,gold_z,21,0.011742,-0.003337,0.06836,True,True,True,keyword_z90__market_return__M5_AND_M6__p0.05_ic0.06,train,
GOLD,inflation_z,7,0.016276,-0.001157,0.137763,True,True,True,keyword_z90__market_return__M5_AND_M6__p0.05_ic0.06,train,
GOLD,inflation_z,7,0.016276,-0.001157,0.137763,True,True,True,keyword_z90__market_return__M5_AND_M6__p0.05_ic0.08,train,
DXY,rate_emb_z,8,0.040284,-0.000531,0.085736,True,True,True,embedding_z90__market_return__M5_AND_M6__p0.05_ic0.08,train,
BRENT,ruble_emb_z,8,0.032084,-0.002736,0.10981,True,True,True,embedding_z90__market_return__M5_AND_M6__p0.05_ic0.08,train,
MSCI_INDIA,oil_emb_z,2,0.023528,0.001127,0.095458,True,True,True,embedding_z90__market_return__M5_AND_M6__p0.05_ic0.08,train,
MSCI_INDIA,rate_emb_z,8,0.023049,0.001158,0.082457,True,True,True,embedding_z90__market_return__M5_AND_M6__p0.05_ic0.08,train,
CHINA_H_SHARES,oil_emb_z,23,0.013201,0.002918,0.12929,True,True,True,embedding_z90__market_return__M5_AND_M6__p0.05_ic0.08,train,
FTSE_CHINA_50,oil_emb_z,23,0.011519,0.003131,0.148028,True,True,True,embedding_z90__market_return__M5_AND_M6__p0.05_ic0.08,train,
FTSE_CHINA_50,oil_emb,23,0.006156,0.003159,0.080355,True,True,True,embedding_raw__market_return__M5_AND_M6__p0.05_ic0.08,train,
GOLD,rate_emb,23,0.024005,0.001388,0.093875,True,True,True,embedding_raw__market_return__M5_AND_M6__p0.05_ic0.08,train,
SILVER,oil_emb,23,0.042461,-0.002632,0.092155,True,True,True,embedding_raw__market_return__M5_AND_M6__p0.05_ic0.08,train,
IMOEX,banking_emb,2,0.024055,0.003069,0.086381,True,True,True,embedding_raw__market_return__M5_AND_M6__p0.05_ic0.08,train,
MOEXOG,banking_emb,2,0.02216,0.003113,0.151019,True,True,True,embedding_raw__market_return__M5_AND_M6__p0.05_ic0.08,train,
MOEX10,banking_emb,2,0.026706,0.002852,0.088712,True,True,True,embedding_raw__market_return__M5_AND_M6__p0.05_ic0.08,train,
USD_RUB,oil_z,28,0.011613,-0.003178,0.099928,True,True,True,keyword_z30__market_return__M5_AND_M6__p0.05_ic0.08,train,
EUR_RUB,oil_z,28,0.011613,-0.003178,0.099928,True,True,True,keyword_z30__market_return__M5_AND_M6__p0.05_ic0.08,train,
MOEXOG,oil_z,23,0.034127,0.001809,0.084277,True,True,True,keyword_z30__market_return__M5_AND_M6__p0.05_ic0.08,train,
MSCI_WORLD,sanctions_z,14,0.013743,0.001235,0.099342,True,True,True,keyword_z90__market_return__M5_AND_M6__p0.05_ic0.06,train,
GOLD,inflation_z,7,0.016276,-0.001157,0.137763,True,True,True,keyword_z90__market_return__M5_AND_M6__p0.05_ic0.06,train,
USD_RUB,oil_z,28,0.022095,-0.002806,0.076826,True,True,True,keyword_z90__market_return__M5_AND_M6__p0.05_ic0.06,train,
EUR_RUB,oil_z,28,0.022095,-0.002806,0.076826,True,True,True,keyword_z90__market_return__M5_AND_M6__p0.05_ic0.06,train,
DJ_SOUTH_AFRICA,oil_z,21,0.00259,-0.00171,0.065967,True,True,True,keyword_z90__market_return__M5_AND_M6__p0.05_ic0.06,train,
DJ_SOUTH_AFRICA,gold_z,28,0.02248,-0.001381,0.067601,True,True,True,keyword_z90__market_return__M5_AND_M6__p0.05_ic0.06,train,
MSCI_WORLD,oil_z,21,0.046234,-0.001085,0.064608,True,True,True,keyword_z90__market_return__M5_AND_M6__p0.05_ic0.06,train,
BRENT,gold_z,21,0.011742,-0.003337,0.06836,True,True,True,keyword_z90__market_return__M5_AND_M6__p0.05_ic0.06,train,
USD_RUB,oil_z,28,0.022095,-0.002806,0.076826,True,True,True,keyword_z90__market_return__M5_AND_M6__p0.05_ic0.06,train,
EUR_RUB,oil_z,28,0.022095,-0.002806,0.076826,True,True,True,keyword_z90__market_return__M5_AND_M6__p0.05_ic0.06,train,
DJ_SOUTH_AFRICA,oil_z,21,0.00259,-0.00171,0.065967,True,True,True,keyword_z90__market_return__M5_AND_M6__p0.05_ic0.06,train,
DJ_SOUTH_AFRICA,gold_z,28,0.02248,-0.001381,0.067601,True,True,True,keyword_z90__market_return__M5_AND_M6__p0.05_ic0.06,train,
MSCI_WORLD,oil_z,21,0.046234,-0.001085,0.064608,True,True,True,keyword_z90__market_return__M5_AND_M6__p0.05_ic0.06,train,
BRENT,gold_z,21,0.011742,-0.003337,0.06836,True,True,True,keyword_z90__market_return__M5_AND_M6__p0.05_ic0.06,train,
USD_RUB,oil_z,28,0.022095,-0.002806,0.076826,True,True,True,keyword_z90__market_return__M5_AND_M6__p0.05_ic0.06,train,
EUR_RUB,oil_z,28,0.022095,-0.002806,0.076826,True,True,True,keyword_z90__market_return__M5_AND_M6__p0.05_ic0.06,train,
DJ_SOUTH_AFRICA,oil_z,21,0.00259,-0.00171,0.065967,True,True,True,keyword_z90__market_return__M5_AND_M6__p0.05_ic0.06,train,
DJ_SOUTH_AFRICA,gold_z,28,0.02248,-0.001381,0.067601,True,True,True,keyword_z90__market_return__M5_AND_M6__p0.05_ic0.06,train,
MSCI_WORLD,oil_z,21,0.046234,-0.001085,0.064608,True,True,True,keyword_z90__market_return__M5_AND_M6__p0.05_ic0.06,train,
MSCI_WORLD,sanctions_z,14,0.013743,0.001235,0.099342,True,True,True,keyword_z90__market_return__M5_AND_M6__p0.05_ic0.06,train,
BRENT,gold_z,21,0.011742,-0.003337,0.06836,True,True,True,keyword_z90__market_return__M5_AND_M6__p0.05_ic0.06,train,
GOLD,inflation_z,7,0.016276,-0.001157,0.137763,True,True,True,keyword_z90__market_return__M5_AND_M6__p0.05_ic0.06,train,
GOLD,inflation_z,7,0.016276,-0.001157,0.137763,True,True,True,keyword_z90__market_return__M5_AND_M6__p0.05_ic0.08,train,
DXY,rate_emb_z,8,0.040284,-0.000531,0.085736,True,True,True,embedding_z90__market_return__M5_AND_M6__p0.05_ic0.08,train,
BRENT,ruble_emb_z,8,0.032084,-0.002736,0.10981,True,True,True,embedding_z90__market_return__M5_AND_M6__p0.05_ic0.08,train,
MSCI_INDIA,oil_emb_z,2,0.023528,0.001127,0.095458,True,True,True,embedding_z90__market_return__M5_AND_M6__p0.05_ic0.08,train,
MSCI_INDIA,rate_emb_z,8,0.023049,0.001158,0.082457,True,True,True,embedding_z90__market_return__M5_AND_M6__p0.05_ic0.08,train,
CHINA_H_SHARES,oil_emb_z,23,0.013201,0.002918,0.12929,True,True,True,embedding_z90__market_return__M5_AND_M6__p0.05_ic0.08,train,
FTSE_CHINA_50,oil_emb_z,23,0.011519,0.003131,0.148028,True,True,True,embedding_z90__market_return__M5_AND_M6__p0.05_ic0.08,train,
FTSE_CHINA_50,oil_emb,23,0.006156,0.003159,0.080355,True,True,True,embedding_raw__market_return__M5_AND_M6__p0.05_ic0.08,train,
GOLD,rate_emb,23,0.024005,0.001388,0.093875,True,True,True,embedding_raw__market_return__M5_AND_M6__p0.05_ic0.08,train,
SILVER,oil_emb,23,0.042461,-0.002632,0.092155,True,True,True,embedding_raw__market_return__M5_AND_M6__p0.05_ic0.08,train,
IMOEX,banking_emb,2,0.024055,0.003069,0.086381,True,True,True,embedding_raw__market_return__M5_AND_M6__p0.05_ic0.08,train,
MOEXOG,banking_emb,2,0.02216,0.003113,0.151019,True,True,True,embedding_raw__market_return__M5_AND_M6__p0.05_ic0.08,train,
MOEX10,banking_emb,2,0.026706,0.002852,0.088712,True,True,True,embedding_raw__market_return__M5_AND_M6__p0.05_ic0.08,train,
USD_RUB,oil_z,28,0.011613,-0.003178,0.099928,True,True,True,keyword_z30__market_return__M5_AND_M6__p0.05_ic0.08,train,
EUR_RUB,oil_z,28,0.011613,-0.003178,0.099928,True,True,True,keyword_z30__market_return__M5_AND_M6__p0.05_ic0.08,train,
MOEXOG,oil_z,23,0.034127,0.001809,0.084277,True,True,True,keyword_z30__market_return__M5_AND_M6__p0.05_ic0.08,train,
MSCI_WORLD,sanctions_z,14,0.013743,0.001235,0.099342,True,True,True,keyword_z90__market_return__M5_AND_M6__p0.05_ic0.06,train,
GOLD,inflation_z,7,0.016276,-0.001157,0.137763,True,True,True,keyword_z90__market_return__M5_AND_M6__p0.05_ic0.06,train,
USD_RUB,oil_z,28,0.022095,-0.002806,0.076826,True,True,True,keyword_z90__market_return__M5_AND_M6__p0.05_ic0.06,train,
EUR_RUB,oil_z,28,0.022095,-0.002806,0.076826,True,True,True,keyword_z90__market_return__M5_AND_M6__p0.05_ic0.06,train,
DJ_SOUTH_AFRICA,oil_z,21,0.00259,-0.00171,0.065967,True,True,True,keyword_z90__market_return__M5_AND_M6__p0.05_ic0.06,train,
DJ_SOUTH_AFRICA,gold_z,28,0.02248,-0.001381,0.067601,True,True,True,keyword_z90__market_return__M5_AND_M6__p0.05_ic0.06,train,
MSCI_WORLD,oil_z,21,0.046234,-0.001085,0.064608,True,True,True,keyword_z90__market_return__M5_AND_M6__p0.05_ic0.06,train,
BRENT,gold_z,21,0.011742,-0.003337,0.06836,True,True,True,keyword_z90__market_return__M5_AND_M6__p0.05_ic0.06,train,
USD_RUB,oil_z,28,0.022095,-0.002806,0.076826,True,True,True,keyword_z90__market_return__M5_AND_M6__p0.05_ic0.06,train,
EUR_RUB,oil_z,28,0.022095,-0.002806,0.076826,True,True,True,keyword_z90__market_return__M5_AND_M6__p0.05_ic0.06,train,
DJ_SOUTH_AFRICA,oil_z,21,0.00259,-0.00171,0.065967,True,True,True,keyword_z90__market_return__M5_AND_M6__p0.05_ic0.06,train,
DJ_SOUTH_AFRICA,gold_z,28,0.02248,-0.001381,0.067601,True,True,True,keyword_z90__market_return__M5_AND_M6__p0.05_ic0.06,train,
MSCI_WORLD,oil_z,21,0.046234,-0.001085,0.064608,True,True,True,keyword_z90__market_return__M5_AND_M6__p0.05_ic0.06,train,
BRENT,gold_z,21,0.011742,-0.003337,0.06836,True,True,True,keyword_z90__market_return__M5_AND_M6__p0.05_ic0.06,train,
USD_RUB,oil_z,28,0.022095,-0.002806,0.076826,True,True,True,keyword_z90__market_return__M5_AND_M6__p0.05_ic0.06,train,
EUR_RUB,oil_z,28,0.022095,-0.002806,0.076826,True,True,True,keyword_z90__market_return__M5_AND_M6__p0.05_ic0.06,train,
DJ_SOUTH_AFRICA,oil_z,21,0.00259,-0.00171,0.065967,True,True,True,keyword_z90__market_return__M5_AND_M6__p0.05_ic0.06,train,
DJ_SOUTH_AFRICA,gold_z,28,0.02248,-0.001381,0.067601,True,True,True,keyword_z90__market_return__M5_AND_M6__p0.05_ic0.06,train,
MSCI_WORLD,oil_z,21,0.046234,-0.001085,0.064608,True,True,True,keyword_z90__market_return__M5_AND_M6__p0.05_ic0.06,train,
MSCI_WORLD,sanctions_z,14,0.013743,0.001235,0.099342,True,True,True,keyword_z90__market_return__M5_AND_M6__p0.05_ic0.06,train,
BRENT,gold_z,21,0.011742,-0.003337,0.06836,True,True,True,keyword_z90__market_return__M5_AND_M6__p0.05_ic0.06,train,
MOEXFN,gold_z,8,0.026346,-0.006778,0.108028,True,True,True,keyword_z90__market_return__M5_AND_M6__p0.05_ic0.07,train,
GOLD,inflation_z,7,0.016276,-0.001157,0.137763,True,True,True,keyword_z90__market_return__M5_AND_M6__p0.05_ic0.08,train,
DXY,rate_emb_z,8,0.040284,-0.000531,0.085736,True,True,True,embedding_z90__market_return__M5_AND_M6__p0.05_ic0.08,train,
BRENT,ruble_emb_z,8,0.032084,-0.002736,0.10981,True,True,True,embedding_z90__market_return__M5_AND_M6__p0.05_ic0.08,train,
MSCI_INDIA,oil_emb_z,2,0.023528,0.001127,0.095458,True,True,True,embedding_z90__market_return__M5_AND_M6__p0.05_ic0.08,train,
MSCI_INDIA,rate_emb_z,8,0.023049,0.001158,0.082457,True,True,True,embedding_z90__market_return__M5_AND_M6__p0.05_ic0.08,train,
CHINA_H_SHARES,oil_emb_z,23,0.013201,0.002918,0.12929,True,True,True,embedding_z90__market_return__M5_AND_M6__p0.05_ic0.08,train,
FTSE_CHINA_50,oil_emb_z,23,0.011519,0.003131,0.148028,True,True,True,embedding_z90__market_return__M5_AND_M6__p0.05_ic0.08,train,
FTSE_CHINA_50,oil_emb,23,0.006156,0.003159,0.080355,True,True,True,embedding_raw__market_return__M5_AND_M6__p0.05_ic0.08,train,
GOLD,rate_emb,23,0.024005,0.001388,0.093875,True,True,True,embedding_raw__market_return__M5_AND_M6__p0.05_ic0.08,train,
SILVER,oil_emb,23,0.042461,-0.002632,0.092155,True,True,True,embedding_raw__market_return__M5_AND_M6__p0.05_ic0.08,train,
IMOEX,banking_emb,2,0.024055,0.003069,0.086381,True,True,True,embedding_raw__market_return__M5_AND_M6__p0.05_ic0.08,train,
MOEXOG,banking_emb,2,0.02216,0.003113,0.151019,True,True,True,embedding_raw__market_return__M5_AND_M6__p0.05_ic0.08,train,
MOEX10,banking_emb,2,0.026706,0.002852,0.088712,True,True,True,embedding_raw__market_return__M5_AND_M6__p0.05_ic0.08,train,
USD_RUB,oil_z,28,0.011613,-0.003178,0.099928,True,True,True,keyword_z30__market_return__M5_AND_M6__p0.05_ic0.08,train,
EUR_RUB,oil_z,28,0.011613,-0.003178,0.099928,True,True,True,keyword_z30__market_return__M5_AND_M6__p0.05_ic0.08,train,
MOEXOG,oil_z,23,0.034127,0.001809,0.084277,True,True,True,keyword_z30__market_return__M5_AND_M6__p0.05_ic0.08,train,
USD_RUB,oil_z,28,0.022095,-0.002806,0.076826,True,True,True,keyword_z90__market_return__M5_AND_M6__p0.05_ic0.06,train,
EUR_RUB,oil_z,28,0.022095,-0.002806,0.076826,True,True,True,keyword_z90__market_return__M5_AND_M6__p0.05_ic0.06,train,
DJ_SOUTH_AFRICA,oil_z,21,0.00259,-0.00171,0.065967,True,True,True,keyword_z90__market_return__M5_AND_M6__p0.05_ic0.06,train,
DJ_SOUTH_AFRICA,gold_z,28,0.02248,-0.001381,0.067601,True,True,True,keyword_z90__market_return__M5_AND_M6__p0.05_ic0.06,train,
MSCI_WORLD,oil_z,21,0.046234,-0.001085,0.064608,True,True,True,keyword_z90__market_return__M5_AND_M6__p0.05_ic0.06,train,
BRENT,gold_z,21,0.011742,-0.003337,0.06836,True,True,True,keyword_z90__market_return__M5_AND_M6__p0.05_ic0.06,train,
USD_RUB,oil_z,28,0.022095,-0.002806,0.076826,True,True,True,keyword_z90__market_return__M5_AND_M6__p0.05_ic0.06,train,
EUR_RUB,oil_z,28,0.022095,-0.002806,0.076826,True,True,True,keyword_z90__market_return__M5_AND_M6__p0.05_ic0.06,train,
DJ_SOUTH_AFRICA,oil_z,21,0.00259,-0.00171,0.065967,True,True,True,keyword_z90__market_return__M5_AND_M6__p0.05_ic0.06,train,
DJ_SOUTH_AFRICA,gold_z,28,0.02248,-0.001381,0.067601,True,True,True,keyword_z90__market_return__M5_AND_M6__p0.05_ic0.06,train,
MSCI_WORLD,oil_z,21,0.046234,-0.001085,0.064608,True,True,True,keyword_z90__market_return__M5_AND_M6__p0.05_ic0.06,train,
BRENT,gold_z,21,0.011742,-0.003337,0.06836,True,True,True,keyword_z90__market_return__M5_AND_M6__p0.05_ic0.06,train,
MSCI_WORLD,sanctions_z,14,0.013743,0.001235,0.099342,True,True,True,keyword_z90__market_return__M5_AND_M6__p0.05_ic0.06,train,
GOLD,inflation_z,7,0.016276,-0.001157,0.137763,True,True,True,keyword_z90__market_return__M5_AND_M6__p0.05_ic0.06,train,
USD_RUB,oil_z,28,0.022095,-0.002806,0.076826,True,True,True,keyword_z90__market_return__M5_AND_M6__p0.05_ic0.06,train,
EUR_RUB,oil_z,28,0.022095,-0.002806,0.076826,True,True,True,keyword_z90__market_return__M5_AND_M6__p0.05_ic0.06,train,
DJ_SOUTH_AFRICA,oil_z,21,0.00259,-0.00171,0.065967,True,True,True,keyword_z90__market_return__M5_AND_M6__p0.05_ic0.06,train,
DJ_SOUTH_AFRICA,gold_z,28,0.02248,-0.001381,0.067601,True,True,True,keyword_z90__market_return__M5_AND_M6__p0.05_ic0.06,train,
MSCI_WORLD,oil_z,21,0.046234,-0.001085,0.064608,True,True,True,keyword_z90__market_return__M5_AND_M6__p0.05_ic0.06,train,
MSCI_WORLD,sanctions_z,14,0.013743,0.001235,0.099342,True,True,True,keyword_z90__market_return__M5_AND_M6__p0.05_ic0.06,train,
BRENT,gold_z,21,0.011742,-0.003337,0.06836,True,True,True,keyword_z90__market_return__M5_AND_M6__p0.05_ic0.06,train,
GOLD,inflation_z,7,0.016276,-0.001157,0.137763,True,True,True,keyword_z90__market_return__M5_AND_M6__p0.05_ic0.08,train,
DXY,rate_emb_z,8,0.040284,-0.000531,0.085736,True,True,True,embedding_z90__market_return__M5_AND_M6__p0.05_ic0.08,train,
BRENT,ruble_emb_z,8,0.032084,-0.002736,0.10981,True,True,True,embedding_z90__market_return__M5_AND_M6__p0.05_ic0.08,train,
MSCI_INDIA,oil_emb_z,2,0.023528,0.001127,0.095458,True,True,True,embedding_z90__market_return__M5_AND_M6__p0.05_ic0.08,train,
MSCI_INDIA,rate_emb_z,8,0.023049,0.001158,0.082457,True,True,True,embedding_z90__market_return__M5_AND_M6__p0.05_ic0.08,train,
CHINA_H_SHARES,oil_emb_z,23,0.013201,0.002918,0.12929,True,True,True,embedding_z90__market_return__M5_AND_M6__p0.05_ic0.08,train,
FTSE_CHINA_50,oil_emb_z,23,0.011519,0.003131,0.148028,True,True,True,embedding_z90__market_return__M5_AND_M6__p0.05_ic0.08,train,
FTSE_CHINA_50,oil_emb,23,0.006156,0.003159,0.080355,True,True,True,embedding_raw__market_return__M5_AND_M6__p0.05_ic0.08,train,
GOLD,rate_emb,23,0.024005,0.001388,0.093875,True,True,True,embedding_raw__market_return__M5_AND_M6__p0.05_ic0.08,train,
SILVER,oil_emb,23,0.042461,-0.002632,0.092155,True,True,True,embedding_raw__market_return__M5_AND_M6__p0.05_ic0.08,train,
IMOEX,banking_emb,2,0.024055,0.003069,0.086381,True,True,True,embedding_raw__market_return__M5_AND_M6__p0.05_ic0.08,train,
MOEXOG,banking_emb,2,0.02216,0.003113,0.151019,True,True,True,embedding_raw__market_return__M5_AND_M6__p0.05_ic0.08,train,
MOEX10,banking_emb,2,0.026706,0.002852,0.088712,True,True,True,embedding_raw__market_return__M5_AND_M6__p0.05_ic0.08,train,
USD_RUB,oil_z,28,0.011613,-0.003178,0.099928,True,True,True,keyword_z30__market_return__M5_AND_M6__p0.05_ic0.08,train,
EUR_RUB,oil_z,28,0.011613,-0.003178,0.099928,True,True,True,keyword_z30__market_return__M5_AND_M6__p0.05_ic0.08,train,
MOEXOG,oil_z,23,0.034127,0.001809,0.084277,True,True,True,keyword_z30__market_return__M5_AND_M6__p0.05_ic0.08,train,
USD_RUB,oil_z,28,0.022095,-0.002806,0.076826,True,True,True,keyword_z90__market_return__M5_AND_M6__p0.05_ic0.06,train,
EUR_RUB,oil_z,28,0.022095,-0.002806,0.076826,True,True,True,keyword_z90__market_return__M5_AND_M6__p0.05_ic0.06,train,
DJ_SOUTH_AFRICA,oil_z,21,0.00259,-0.00171,0.065967,True,True,True,keyword_z90__market_return__M5_AND_M6__p0.05_ic0.06,train,
DJ_SOUTH_AFRICA,gold_z,28,0.02248,-0.001381,0.067601,True,True,True,keyword_z90__market_return__M5_AND_M6__p0.05_ic0.06,train,
MSCI_WORLD,oil_z,21,0.046234,-0.001085,0.064608,True,True,True,keyword_z90__market_return__M5_AND_M6__p0.05_ic0.06,train,
BRENT,gold_z,21,0.011742,-0.003337,0.06836,True,True,True,keyword_z90__market_return__M5_AND_M6__p0.05_ic0.06,train,
USD_RUB,oil_z,28,0.022095,-0.002806,0.076826,True,True,True,keyword_z90__market_return__M5_AND_M6__p0.05_ic0.06,train,
EUR_RUB,oil_z,28,0.022095,-0.002806,0.076826,True,True,True,keyword_z90__market_return__M5_AND_M6__p0.05_ic0.06,train,
DJ_SOUTH_AFRICA,oil_z,21,0.00259,-0.00171,0.065967,True,True,True,keyword_z90__market_return__M5_AND_M6__p0.05_ic0.06,train,
DJ_SOUTH_AFRICA,gold_z,28,0.02248,-0.001381,0.067601,True,True,True,keyword_z90__market_return__M5_AND_M6__p0.05_ic0.06,train,
MSCI_WORLD,oil_z,21,0.046234,-0.001085,0.064608,True,True,True,keyword_z90__market_return__M5_AND_M6__p0.05_ic0.06,train,
BRENT,gold_z,21,0.011742,-0.003337,0.06836,True,True,True,keyword_z90__market_return__M5_AND_M6__p0.05_ic0.06,train,
MSCI_WORLD,sanctions_z,14,0.013743,0.001235,0.099342,True,True,True,keyword_z90__market_return__M5_AND_M6__p0.05_ic0.06,train,
GOLD,inflation_z,7,0.016276,-0.001157,0.137763,True,True,True,keyword_z90__market_return__M5_AND_M6__p0.05_ic0.06,train,
USD_RUB,oil_z,28,0.022095,-0.002806,0.076826,True,True,True,keyword_z90__market_return__M5_AND_M6__p0.05_ic0.06,train,
EUR_RUB,oil_z,28,0.022095,-0.002806,0.076826,True,True,True,keyword_z90__market_return__M5_AND_M6__p0.05_ic0.06,train,
DJ_SOUTH_AFRICA,oil_z,21,0.00259,-0.00171,0.065967,True,True,True,keyword_z90__market_return__M5_AND_M6__p0.05_ic0.06,train,
DJ_SOUTH_AFRICA,gold_z,28,0.02248,-0.001381,0.067601,True,True,True,keyword_z90__market_return__M5_AND_M6__p0.05_ic0.06,train,
MSCI_WORLD,oil_z,21,0.046234,-0.001085,0.064608,True,True,True,keyword_z90__market_return__M5_AND_M6__p0.05_ic0.06,train,
MSCI_WORLD,sanctions_z,14,0.013743,0.001235,0.099342,True,True,True,keyword_z90__market_return__M5_AND_M6__p0.05_ic0.06,train,
BRENT,gold_z,21,0.011742,-0.003337,0.06836,True,True,True,keyword_z90__market_return__M5_AND_M6__p0.05_ic0.06,train,
GOLD,inflation_z,7,0.016276,-0.001157,0.137763,True,True,True,keyword_z90__market_return__M5_AND_M6__p0.05_ic0.08,train,
DXY,rate_emb_z,8,0.040284,-0.000531,0.085736,True,True,True,embedding_z90__market_return__M5_AND_M6__p0.05_ic0.08,train,
BRENT,ruble_emb_z,8,0.032084,-0.002736,0.10981,True,True,True,embedding_z90__market_return__M5_AND_M6__p0.05_ic0.08,train,
MSCI_INDIA,oil_emb_z,2,0.023528,0.001127,0.095458,True,True,True,embedding_z90__market_return__M5_AND_M6__p0.05_ic0.08,train,
MSCI_INDIA,rate_emb_z,8,0.023049,0.001158,0.082457,True,True,True,embedding_z90__market_return__M5_AND_M6__p0.05_ic0.08,train,
CHINA_H_SHARES,oil_emb_z,23,0.013201,0.002918,0.12929,True,True,True,embedding_z90__market_return__M5_AND_M6__p0.05_ic0.08,train,
FTSE_CHINA_50,oil_emb_z,23,0.011519,0.003131,0.148028,True,True,True,embedding_z90__market_return__M5_AND_M6__p0.05_ic0.08,train,
FTSE_CHINA_50,oil_emb,23,0.006156,0.003159,0.080355,True,True,True,embedding_raw__market_return__M5_AND_M6__p0.05_ic0.08,train,
GOLD,rate_emb,23,0.024005,0.001388,0.093875,True,True,True,embedding_raw__market_return__M5_AND_M6__p0.05_ic0.08,train,
SILVER,oil_emb,23,0.042461,-0.002632,0.092155,True,True,True,embedding_raw__market_return__M5_AND_M6__p0.05_ic0.08,train,
IMOEX,banking_emb,2,0.024055,0.003069,0.086381,True,True,True,embedding_raw__market_return__M5_AND_M6__p0.05_ic0.08,train,
MOEXOG,banking_emb,2,0.02216,0.003113,0.151019,True,True,True,embedding_raw__market_return__M5_AND_M6__p0.05_ic0.08,train,
MOEX10,banking_emb,2,0.026706,0.002852,0.088712,True,True,True,embedding_raw__market_return__M5_AND_M6__p0.05_ic0.08,train,
USD_RUB,oil_z,28,0.011613,-0.003178,0.099928,True,True,True,keyword_z30__market_return__M5_AND_M6__p0.05_ic0.08,train,
EUR_RUB,oil_z,28,0.011613,-0.003178,0.099928,True,True,True,keyword_z30__market_return__M5_AND_M6__p0.05_ic0.08,train,
MOEXOG,oil_z,23,0.034127,0.001809,0.084277,True,True,True,keyword_z30__market_return__M5_AND_M6__p0.05_ic0.08,train,
USD_RUB,oil_z,28,0.022095,-0.002806,0.076826,True,True,True,keyword_z90__market_return__M5_AND_M6__p0.05_ic0.06,train,
EUR_RUB,oil_z,28,0.022095,-0.002806,0.076826,True,True,True,keyword_z90__market_return__M5_AND_M6__p0.05_ic0.06,train,
DJ_SOUTH_AFRICA,oil_z,21,0.00259,-0.00171,0.065967,True,True,True,keyword_z90__market_return__M5_AND_M6__p0.05_ic0.06,train,
DJ_SOUTH_AFRICA,gold_z,28,0.02248,-0.001381,0.067601,True,True,True,keyword_z90__market_return__M5_AND_M6__p0.05_ic0.06,train,
MSCI_WORLD,oil_z,21,0.046234,-0.001085,0.064608,True,True,True,keyword_z90__market_return__M5_AND_M6__p0.05_ic0.06,train,
BRENT,gold_z,21,0.011742,-0.003337,0.06836,True,True,True,keyword_z90__market_return__M5_AND_M6__p0.05_ic0.06,train,
USD_RUB,oil_z,28,0.022095,-0.002806,0.076826,True,True,True,keyword_z90__market_return__M5_AND_M6__p0.05_ic0.06,train,
EUR_RUB,oil_z,28,0.022095,-0.002806,0.076826,True,True,True,keyword_z90__market_return__M5_AND_M6__p0.05_ic0.06,train,
DJ_SOUTH_AFRICA,oil_z,21,0.00259,-0.00171,0.065967,True,True,True,keyword_z90__market_return__M5_AND_M6__p0.05_ic0.06,train,
DJ_SOUTH_AFRICA,gold_z,28,0.02248,-0.001381,0.067601,True,True,True,keyword_z90__market_return__M5_AND_M6__p0.05_ic0.06,train,
MSCI_WORLD,oil_z,21,0.046234,-0.001085,0.064608,True,True,True,keyword_z90__market_return__M5_AND_M6__p0.05_ic0.06,train,
BRENT,gold_z,21,0.011742,-0.003337,0.06836,True,True,True,keyword_z90__market_return__M5_AND_M6__p0.05_ic0.06,train,
MSCI_WORLD,sanctions_z,14,0.013743,0.001235,0.099342,True,True,True,keyword_z90__market_return__M5_AND_M6__p0.05_ic0.06,train,
GOLD,inflation_z,7,0.016276,-0.001157,0.137763,True,True,True,keyword_z90__market_return__M5_AND_M6__p0.05_ic0.06,train,
USD_RUB,oil_z,28,0.022095,-0.002806,0.076826,True,True,True,keyword_z90__market_return__M5_AND_M6__p0.05_ic0.06,train,
EUR_RUB,oil_z,28,0.022095,-0.002806,0.076826,True,True,True,keyword_z90__market_return__M5_AND_M6__p0.05_ic0.06,train,
DJ_SOUTH_AFRICA,oil_z,21,0.00259,-0.00171,0.065967,True,True,True,keyword_z90__market_return__M5_AND_M6__p0.05_ic0.06,train,
DJ_SOUTH_AFRICA,gold_z,28,0.02248,-0.001381,0.067601,True,True,True,keyword_z90__market_return__M5_AND_M6__p0.05_ic0.06,train,
MSCI_WORLD,oil_z,21,0.046234,-0.001085,0.064608,True,True,True,keyword_z90__market_return__M5_AND_M6__p0.05_ic0.06,train,
MSCI_WORLD,sanctions_z,14,0.013743,0.001235,0.099342,True,True,True,keyword_z90__market_return__M5_AND_M6__p0.05_ic0.06,train,
BRENT,gold_z,21,0.011742,-0.003337,0.06836,True,True,True,keyword_z90__market_return__M5_AND_M6__p0.05_ic0.06,train,
MOEXFN,gold_z,8,0.026346,-0.006778,0.108028,True,True,True,keyword_z90__market_return__M5_AND_M6__p0.05_ic0.07,train,
GOLD,inflation_z,7,0.016276,-0.001157,0.137763,True,True,True,keyword_z90__market_return__M5_AND_M6__p0.05_ic0.08,train,
DXY,rate_emb_z,8,0.040284,-0.000531,0.085736,True,True,True,embedding_z90__market_return__M5_AND_M6__p0.05_ic0.08,train,
BRENT,ruble_emb_z,8,0.032084,-0.002736,0.10981,True,True,True,embedding_z90__market_return__M5_AND_M6__p0.05_ic0.08,train,
MSCI_INDIA,oil_emb_z,2,0.023528,0.001127,0.095458,True,True,True,embedding_z90__market_return__M5_AND_M6__p0.05_ic0.08,train,
MSCI_INDIA,rate_emb_z,8,0.023049,0.001158,0.082457,True,True,True,embedding_z90__market_return__M5_AND_M6__p0.05_ic0.08,train,
CHINA_H_SHARES,oil_emb_z,23,0.013201,0.002918,0.12929,True,True,True,embedding_z90__market_return__M5_AND_M6__p0.05_ic0.08,train,
FTSE_CHINA_50,oil_emb_z,23,0.011519,0.003131,0.148028,True,True,True,embedding_z90__market_return__M5_AND_M6__p0.05_ic0.08,train,
FTSE_CHINA_50,oil_emb,23,0.006156,0.003159,0.080355,True,True,True,embedding_raw__market_return__M5_AND_M6__p0.05_ic0.08,train,
GOLD,rate_emb,23,0.024005,0.001388,0.093875,True,True,True,embedding_raw__market_return__M5_AND_M6__p0.05_ic0.08,train,
SILVER,oil_emb,23,0.042461,-0.002632,0.092155,True,True,True,embedding_raw__market_return__M5_AND_M6__p0.05_ic0.08,train,
IMOEX,banking_emb,2,0.024055,0.003069,0.086381,True,True,True,embedding_raw__market_return__M5_AND_M6__p0.05_ic0.08,train,
MOEXOG,banking_emb,2,0.02216,0.003113,0.151019,True,True,True,embedding_raw__market_return__M5_AND_M6__p0.05_ic0.08,train,
MOEX10,banking_emb,2,0.026706,0.002852,0.088712,True,True,True,embedding_raw__market_return__M5_AND_M6__p0.05_ic0.08,train,
USD_RUB,oil_z,28,0.011613,-0.003178,0.099928,True,True,True,keyword_z30__market_return__M5_AND_M6__p0.05_ic0.08,train,
EUR_RUB,oil_z,28,0.011613,-0.003178,0.099928,True,True,True,keyword_z30__market_return__M5_AND_M6__p0.05_ic0.08,train,
MOEXOG,oil_z,23,0.034127,0.001809,0.084277,True,True,True,keyword_z30__market_return__M5_AND_M6__p0.05_ic0.08,train,
USD_RUB,oil_z,28,0.022095,-0.002806,0.076826,True,True,True,keyword_z90__market_return__M5_AND_M6__p0.05_ic0.06,train,
EUR_RUB,oil_z,28,0.022095,-0.002806,0.076826,True,True,True,keyword_z90__market_return__M5_AND_M6__p0.05_ic0.06,train,
DJ_SOUTH_AFRICA,oil_z,21,0.00259,-0.00171,0.065967,True,True,True,keyword_z90__market_return__M5_AND_M6__p0.05_ic0.06,train,
DJ_SOUTH_AFRICA,gold_z,28,0.02248,-0.001381,0.067601,True,True,True,keyword_z90__market_return__M5_AND_M6__p0.05_ic0.06,train,
MSCI_WORLD,oil_z,21,0.046234,-0.001085,0.064608,True,True,True,keyword_z90__market_return__M5_AND_M6__p0.05_ic0.06,train,
BRENT,gold_z,21,0.011742,-0.003337,0.06836,True,True,True,keyword_z90__market_return__M5_AND_M6__p0.05_ic0.06,train,
USD_RUB,oil_z,28,0.022095,-0.002806,0.076826,True,True,True,keyword_z90__market_return__M5_AND_M6__p0.05_ic0.06,train,
EUR_RUB,oil_z,28,0.022095,-0.002806,0.076826,True,True,True,keyword_z90__market_return__M5_AND_M6__p0.05_ic0.06,train,
DJ_SOUTH_AFRICA,oil_z,21,0.00259,-0.00171,0.065967,True,True,True,keyword_z90__market_return__M5_AND_M6__p0.05_ic0.06,train,
DJ_SOUTH_AFRICA,gold_z,28,0.02248,-0.001381,0.067601,True,True,True,keyword_z90__market_return__M5_AND_M6__p0.05_ic0.06,train,
MSCI_WORLD,oil_z,21,0.046234,-0.001085,0.064608,True,True,True,keyword_z90__market_return__M5_AND_M6__p0.05_ic0.06,train,
BRENT,gold_z,21,0.011742,-0.003337,0.06836,True,True,True,keyword_z90__market_return__M5_AND_M6__p0.05_ic0.06,train,
MSCI_WORLD,sanctions_z,14,0.013743,0.001235,0.099342,True,True,True,keyword_z90__market_return__M5_AND_M6__p0.05_ic0.06,train,
GOLD,inflation_z,7,0.016276,-0.001157,0.137763,True,True,True,keyword_z90__market_return__M5_AND_M6__p0.05_ic0.06,train,
USD_RUB,oil_z,28,0.022095,-0.002806,0.076826,True,True,True,keyword_z90__market_return__M5_AND_M6__p0.05_ic0.06,train,
EUR_RUB,oil_z,28,0.022095,-0.002806,0.076826,True,True,True,keyword_z90__market_return__M5_AND_M6__p0.05_ic0.06,train,
DJ_SOUTH_AFRICA,oil_z,21,0.00259,-0.00171,0.065967,True,True,True,keyword_z90__market_return__M5_AND_M6__p0.05_ic0.06,train,
DJ_SOUTH_AFRICA,gold_z,28,0.02248,-0.001381,0.067601,True,True,True,keyword_z90__market_return__M5_AND_M6__p0.05_ic0.06,train,
MSCI_WORLD,oil_z,21,0.046234,-0.001085,0.064608,True,True,True,keyword_z90__market_return__M5_AND_M6__p0.05_ic0.06,train,
MSCI_WORLD,sanctions_z,14,0.013743,0.001235,0.099342,True,True,True,keyword_z90__market_return__M5_AND_M6__p0.05_ic0.06,train,
BRENT,gold_z,21,0.011742,-0.003337,0.06836,True,True,True,keyword_z90__market_return__M5_AND_M6__p0.05_ic0.06,train,
GOLD,inflation_z,7,0.016276,-0.001157,0.137763,True,True,True,keyword_z90__market_return__M5_AND_M6__p0.05_ic0.08,train,
DXY,rate_emb_z,8,0.040284,-0.000531,0.085736,True,True,True,embedding_z90__market_return__M5_AND_M6__p0.05_ic0.08,train,
BRENT,ruble_emb_z,8,0.032084,-0.002736,0.10981,True,True,True,embedding_z90__market_return__M5_AND_M6__p0.05_ic0.08,train,
MSCI_INDIA,oil_emb_z,2,0.023528,0.001127,0.095458,True,True,True,embedding_z90__market_return__M5_AND_M6__p0.05_ic0.08,train,
MSCI_INDIA,rate_emb_z,8,0.023049,0.001158,0.082457,True,True,True,embedding_z90__market_return__M5_AND_M6__p0.05_ic0.08,train,
CHINA_H_SHARES,oil_emb_z,23,0.013201,0.002918,0.12929,True,True,True,embedding_z90__market_return__M5_AND_M6__p0.05_ic0.08,train,
FTSE_CHINA_50,oil_emb_z,23,0.011519,0.003131,0.148028,True,True,True,embedding_z90__market_return__M5_AND_M6__p0.05_ic0.08,train,
FTSE_CHINA_50,oil_emb,23,0.006156,0.003159,0.080355,True,True,True,embedding_raw__market_return__M5_AND_M6__p0.05_ic0.08,train,
GOLD,rate_emb,23,0.024005,0.001388,0.093875,True,True,True,embedding_raw__market_return__M5_AND_M6__p0.05_ic0.08,train,
SILVER,oil_emb,23,0.042461,-0.002632,0.092155,True,True,True,embedding_raw__market_return__M5_AND_M6__p0.05_ic0.08,train,
IMOEX,banking_emb,2,0.024055,0.003069,0.086381,True,True,True,embedding_raw__market_return__M5_AND_M6__p0.05_ic0.08,train,
MOEXOG,banking_emb,2,0.02216,0.003113,0.151019,True,True,True,embedding_raw__market_return__M5_AND_M6__p0.05_ic0.08,train,
MOEX10,banking_emb,2,0.026706,0.002852,0.088712,True,True,True,embedding_raw__market_return__M5_AND_M6__p0.05_ic0.08,train,
USD_RUB,oil_z,28,0.011613,-0.003178,0.099928,True,True,True,keyword_z30__market_return__M5_AND_M6__p0.05_ic0.08,train,
EUR_RUB,oil_z,28,0.011613,-0.003178,0.099928,True,True,True,keyword_z30__market_return__M5_AND_M6__p0.05_ic0.08,train,
MOEXOG,oil_z,23,0.034127,0.001809,0.084277,True,True,True,keyword_z30__market_return__M5_AND_M6__p0.05_ic0.08,train,
USD_RUB,oil_z,28,0.022095,-0.002806,0.076826,True,True,True,keyword_z90__market_return__M5_AND_M6__p0.05_ic0.06,train,
EUR_RUB,oil_z,28,0.022095,-0.002806,0.076826,True,True,True,keyword_z90__market_return__M5_AND_M6__p0.05_ic0.06,train,
DJ_SOUTH_AFRICA,oil_z,21,0.00259,-0.00171,0.065967,True,True,True,keyword_z90__market_return__M5_AND_M6__p0.05_ic0.06,train,
DJ_SOUTH_AFRICA,gold_z,28,0.02248,-0.001381,0.067601,True,True,True,keyword_z90__market_return__M5_AND_M6__p0.05_ic0.06,train,
MSCI_WORLD,oil_z,21,0.046234,-0.001085,0.064608,True,True,True,keyword_z90__market_return__M5_AND_M6__p0.05_ic0.06,train,
BRENT,gold_z,21,0.011742,-0.003337,0.06836,True,True,True,keyword_z90__market_return__M5_AND_M6__p0.05_ic0.06,train,
USD_RUB,oil_z,28,0.022095,-0.002806,0.076826,True,True,True,keyword_z90__market_return__M5_AND_M6__p0.05_ic0.06,train,
EUR_RUB,oil_z,28,0.022095,-0.002806,0.076826,True,True,True,keyword_z90__market_return__M5_AND_M6__p0.05_ic0.06,train,
DJ_SOUTH_AFRICA,oil_z,21,0.00259,-0.00171,0.065967,True,True,True,keyword_z90__market_return__M5_AND_M6__p0.05_ic0.06,train,
DJ_SOUTH_AFRICA,gold_z,28,0.02248,-0.001381,0.067601,True,True,True,keyword_z90__market_return__M5_AND_M6__p0.05_ic0.06,train,
MSCI_WORLD,oil_z,21,0.046234,-0.001085,0.064608,True,True,True,keyword_z90__market_return__M5_AND_M6__p0.05_ic0.06,train,
BRENT,gold_z,21,0.011742,-0.003337,0.06836,True,True,True,keyword_z90__market_return__M5_AND_M6__p0.05_ic0.06,train,
MSCI_WORLD,sanctions_z,14,0.013743,0.001235,0.099342,True,True,True,keyword_z90__market_return__M5_AND_M6__p0.05_ic0.06,train,
GOLD,inflation_z,7,0.016276,-0.001157,0.137763,True,True,True,keyword_z90__market_return__M5_AND_M6__p0.05_ic0.06,train,
USD_RUB,oil_z,28,0.022095,-0.002806,0.076826,True,True,True,keyword_z90__market_return__M5_AND_M6__p0.05_ic0.06,train,
EUR_RUB,oil_z,28,0.022095,-0.002806,0.076826,True,True,True,keyword_z90__market_return__M5_AND_M6__p0.05_ic0.06,train,
DJ_SOUTH_AFRICA,oil_z,21,0.00259,-0.00171,0.065967,True,True,True,keyword_z90__market_return__M5_AND_M6__p0.05_ic0.06,train,
DJ_SOUTH_AFRICA,gold_z,28,0.02248,-0.001381,0.067601,True,True,True,keyword_z90__market_return__M5_AND_M6__p0.05_ic0.06,train,
MSCI_WORLD,oil_z,21,0.046234,-0.001085,0.064608,True,True,True,keyword_z90__market_return__M5_AND_M6__p0.05_ic0.06,train,
MSCI_WORLD,sanctions_z,14,0.013743,0.001235,0.099342,True,True,True,keyword_z90__market_return__M5_AND_M6__p0.05_ic0.06,train,
BRENT,gold_z,21,0.011742,-0.003337,0.06836,True,True,True,keyword_z90__market_return__M5_AND_M6__p0.05_ic0.06,train,
GOLD,inflation_z,7,0.016276,-0.001157,0.137763,True,True,True,keyword_z90__market_return__M5_AND_M6__p0.05_ic0.08,train,
DXY,rate_emb_z,8,0.040284,-0.000531,0.085736,True,True,True,embedding_z90__market_return__M5_AND_M6__p0.05_ic0.08,train,
BRENT,ruble_emb_z,8,0.032084,-0.002736,0.10981,True,True,True,embedding_z90__market_return__M5_AND_M6__p0.05_ic0.08,train,
MSCI_INDIA,oil_emb_z,2,0.023528,0.001127,0.095458,True,True,True,embedding_z90__market_return__M5_AND_M6__p0.05_ic0.08,train,
MSCI_INDIA,rate_emb_z,8,0.023049,0.001158,0.082457,True,True,True,embedding_z90__market_return__M5_AND_M6__p0.05_ic0.08,train,
CHINA_H_SHARES,oil_emb_z,23,0.013201,0.002918,0.12929,True,True,True,embedding_z90__market_return__M5_AND_M6__p0.05_ic0.08,train,
FTSE_CHINA_50,oil_emb_z,23,0.011519,0.003131,0.148028,True,True,True,embedding_z90__market_return__M5_AND_M6__p0.05_ic0.08,train,
FTSE_CHINA_50,oil_emb,23,0.006156,0.003159,0.080355,True,True,True,embedding_raw__market_return__M5_AND_M6__p0.05_ic0.08,train,
GOLD,rate_emb,23,0.024005,0.001388,0.093875,True,True,True,embedding_raw__market_return__M5_AND_M6__p0.05_ic0.08,train,
SILVER,oil_emb,23,0.042461,-0.002632,0.092155,True,True,True,embedding_raw__market_return__M5_AND_M6__p0.05_ic0.08,train,
IMOEX,banking_emb,2,0.024055,0.003069,0.086381,True,True,True,embedding_raw__market_return__M5_AND_M6__p0.05_ic0.08,train,
MOEXOG,banking_emb,2,0.02216,0.003113,0.151019,True,True,True,embedding_raw__market_return__M5_AND_M6__p0.05_ic0.08,train,
MOEX10,banking_emb,2,0.026706,0.002852,0.088712,True,True,True,embedding_raw__market_return__M5_AND_M6__p0.05_ic0.08,train,
USD_RUB,oil_z,28,0.011613,-0.003178,0.099928,True,True,True,keyword_z30__market_return__M5_AND_M6__p0.05_ic0.08,train,
EUR_RUB,oil_z,28,0.011613,-0.003178,0.099928,True,True,True,keyword_z30__market_return__M5_AND_M6__p0.05_ic0.08,train,
MOEXOG,oil_z,23,0.034127,0.001809,0.084277,True,True,True,keyword_z30__market_return__M5_AND_M6__p0.05_ic0.08,train,
USD_RUB,oil_z,28,0.022095,-0.002806,0.076826,True,True,True,keyword_z90__market_return__M5_AND_M6__p0.05_ic0.06,train,
EUR_RUB,oil_z,28,0.022095,-0.002806,0.076826,True,True,True,keyword_z90__market_return__M5_AND_M6__p0.05_ic0.06,train,
DJ_SOUTH_AFRICA,oil_z,21,0.00259,-0.00171,0.065967,True,True,True,keyword_z90__market_return__M5_AND_M6__p0.05_ic0.06,train,
DJ_SOUTH_AFRICA,gold_z,28,0.02248,-0.001381,0.067601,True,True,True,keyword_z90__market_return__M5_AND_M6__p0.05_ic0.06,train,
MSCI_WORLD,oil_z,21,0.046234,-0.001085,0.064608,True,True,True,keyword_z90__market_return__M5_AND_M6__p0.05_ic0.06,train,
BRENT,gold_z,21,0.011742,-0.003337,0.06836,True,True,True,keyword_z90__market_return__M5_AND_M6__p0.05_ic0.06,train,
USD_RUB,oil_z,28,0.022095,-0.002806,0.076826,True,True,True,keyword_z90__market_return__M5_AND_M6__p0.05_ic0.06,train,
EUR_RUB,oil_z,28,0.022095,-0.002806,0.076826,True,True,True,keyword_z90__market_return__M5_AND_M6__p0.05_ic0.06,train,
DJ_SOUTH_AFRICA,oil_z,21,0.00259,-0.00171,0.065967,True,True,True,keyword_z90__market_return__M5_AND_M6__p0.05_ic0.06,train,
DJ_SOUTH_AFRICA,gold_z,28,0.02248,-0.001381,0.067601,True,True,True,keyword_z90__market_return__M5_AND_M6__p0.05_ic0.06,train,
MSCI_WORLD,oil_z,21,0.046234,-0.001085,0.064608,True,True,True,keyword_z90__market_return__M5_AND_M6__p0.05_ic0.06,train,
BRENT,gold_z,21,0.011742,-0.003337,0.06836,True,True,True,keyword_z90__market_return__M5_AND_M6__p0.05_ic0.06,train,
MSCI_WORLD,sanctions_z,14,0.013743,0.001235,0.099342,True,True,True,keyword_z90__market_return__M5_AND_M6__p0.05_ic0.06,train,
GOLD,inflation_z,7,0.016276,-0.001157,0.137763,True,True,True,keyword_z90__market_return__M5_AND_M6__p0.05_ic0.06,train,
USD_RUB,oil_z,28,0.022095,-0.002806,0.076826,True,True,True,keyword_z90__market_return__M5_AND_M6__p0.05_ic0.06,train,
EUR_RUB,oil_z,28,0.022095,-0.002806,0.076826,True,True,True,keyword_z90__market_return__M5_AND_M6__p0.05_ic0.06,train,
DJ_SOUTH_AFRICA,oil_z,21,0.00259,-0.00171,0.065967,True,True,True,keyword_z90__market_return__M5_AND_M6__p0.05_ic0.06,train,
DJ_SOUTH_AFRICA,gold_z,28,0.02248,-0.001381,0.067601,True,True,True,keyword_z90__market_return__M5_AND_M6__p0.05_ic0.06,train,
MSCI_WORLD,oil_z,21,0.046234,-0.001085,0.064608,True,True,True,keyword_z90__market_return__M5_AND_M6__p0.05_ic0.06,train,
MSCI_WORLD,sanctions_z,14,0.013743,0.001235,0.099342,True,True,True,keyword_z90__market_return__M5_AND_M6__p0.05_ic0.06,train,
BRENT,gold_z,21,0.011742,-0.003337,0.06836,True,True,True,keyword_z90__market_return__M5_AND_M6__p0.05_ic0.06,train,
MOEXFN,gold_z,8,0.026346,-0.006778,0.108028,True,True,True,keyword_z90__market_return__M5_AND_M6__p0.05_ic0.07,train,
GOLD,inflation_z,7,0.016276,-0.001157,0.137763,True,True,True,keyword_z90__market_return__M5_AND_M6__p0.05_ic0.08,train,
DXY,rate_emb_z,8,0.040284,-0.000531,0.085736,True,True,True,embedding_z90__market_return__M5_AND_M6__p0.05_ic0.08,train,
BRENT,ruble_emb_z,8,0.032084,-0.002736,0.10981,True,True,True,embedding_z90__market_return__M5_AND_M6__p0.05_ic0.08,train,
MSCI_INDIA,oil_emb_z,2,0.023528,0.001127,0.095458,True,True,True,embedding_z90__market_return__M5_AND_M6__p0.05_ic0.08,train,
MSCI_INDIA,rate_emb_z,8,0.023049,0.001158,0.082457,True,True,True,embedding_z90__market_return__M5_AND_M6__p0.05_ic0.08,train,
CHINA_H_SHARES,oil_emb_z,23,0.013201,0.002918,0.12929,True,True,True,embedding_z90__market_return__M5_AND_M6__p0.05_ic0.08,train,
FTSE_CHINA_50,oil_emb_z,23,0.011519,0.003131,0.148028,True,True,True,embedding_z90__market_return__M5_AND_M6__p0.05_ic0.08,train,
FTSE_CHINA_50,oil_emb,23,0.006156,0.003159,0.080355,True,True,True,embedding_raw__market_return__M5_AND_M6__p0.05_ic0.08,train,
GOLD,rate_emb,23,0.024005,0.001388,0.093875,True,True,True,embedding_raw__market_return__M5_AND_M6__p0.05_ic0.08,train,
SILVER,oil_emb,23,0.042461,-0.002632,0.092155,True,True,True,embedding_raw__market_return__M5_AND_M6__p0.05_ic0.08,train,
IMOEX,banking_emb,2,0.024055,0.003069,0.086381,True,True,True,embedding_raw__market_return__M5_AND_M6__p0.05_ic0.08,train,
MOEXOG,banking_emb,2,0.02216,0.003113,0.151019,True,True,True,embedding_raw__market_return__M5_AND_M6__p0.05_ic0.08,train,
MOEX10,banking_emb,2,0.026706,0.002852,0.088712,True,True,True,embedding_raw__market_return__M5_AND_M6__p0.05_ic0.08,train,
USD_RUB,oil_z,28,0.011613,-0.003178,0.099928,True,True,True,keyword_z30__market_return__M5_AND_M6__p0.05_ic0.08,train,
EUR_RUB,oil_z,28,0.011613,-0.003178,0.099928,True,True,True,keyword_z30__market_return__M5_AND_M6__p0.05_ic0.08,train,
MOEXOG,oil_z,23,0.034127,0.001809,0.084277,True,True,True,keyword_z30__market_return__M5_AND_M6__p0.05_ic0.08,train,
USD_RUB,oil_z,28,0.022095,-0.002806,0.076826,True,True,True,keyword_z90__market_return__M5_AND_M6__p0.05_ic0.06,train,
EUR_RUB,oil_z,28,0.022095,-0.002806,0.076826,True,True,True,keyword_z90__market_return__M5_AND_M6__p0.05_ic0.06,train,
DJ_SOUTH_AFRICA,oil_z,21,0.00259,-0.00171,0.065967,True,True,True,keyword_z90__market_return__M5_AND_M6__p0.05_ic0.06,train,
DJ_SOUTH_AFRICA,gold_z,28,0.02248,-0.001381,0.067601,True,True,True,keyword_z90__market_return__M5_AND_M6__p0.05_ic0.06,train,
MSCI_WORLD,oil_z,21,0.046234,-0.001085,0.064608,True,True,True,keyword_z90__market_return__M5_AND_M6__p0.05_ic0.06,train,
BRENT,gold_z,21,0.011742,-0.003337,0.06836,True,True,True,keyword_z90__market_return__M5_AND_M6__p0.05_ic0.06,train,
USD_RUB,oil_z,28,0.022095,-0.002806,0.076826,True,True,True,keyword_z90__market_return__M5_AND_M6__p0.05_ic0.06,train,
EUR_RUB,oil_z,28,0.022095,-0.002806,0.076826,True,True,True,keyword_z90__market_return__M5_AND_M6__p0.05_ic0.06,train,
DJ_SOUTH_AFRICA,oil_z,21,0.00259,-0.00171,0.065967,True,True,True,keyword_z90__market_return__M5_AND_M6__p0.05_ic0.06,train,
DJ_SOUTH_AFRICA,gold_z,28,0.02248,-0.001381,0.067601,True,True,True,keyword_z90__market_return__M5_AND_M6__p0.05_ic0.06,train,
MSCI_WORLD,oil_z,21,0.046234,-0.001085,0.064608,True,True,True,keyword_z90__market_return__M5_AND_M6__p0.05_ic0.06,train,
BRENT,gold_z,21,0.011742,-0.003337,0.06836,True,True,True,keyword_z90__market_return__M5_AND_M6__p0.05_ic0.06,train,
MSCI_WORLD,sanctions_z,14,0.013743,0.001235,0.099342,True,True,True,keyword_z90__market_return__M5_AND_M6__p0.05_ic0.06,train,
GOLD,inflation_z,7,0.016276,-0.001157,0.137763,True,True,True,keyword_z90__market_return__M5_AND_M6__p0.05_ic0.06,train,
USD_RUB,oil_z,28,0.022095,-0.002806,0.076826,True,True,True,keyword_z90__market_return__M5_AND_M6__p0.05_ic0.06,train,
EUR_RUB,oil_z,28,0.022095,-0.002806,0.076826,True,True,True,keyword_z90__market_return__M5_AND_M6__p0.05_ic0.06,train,
DJ_SOUTH_AFRICA,oil_z,21,0.00259,-0.00171,0.065967,True,True,True,keyword_z90__market_return__M5_AND_M6__p0.05_ic0.06,train,
DJ_SOUTH_AFRICA,gold_z,28,0.02248,-0.001381,0.067601,True,True,True,keyword_z90__market_return__M5_AND_M6__p0.05_ic0.06,train,
MSCI_WORLD,oil_z,21,0.046234,-0.001085,0.064608,True,True,True,keyword_z90__market_return__M5_AND_M6__p0.05_ic0.06,train,
MSCI_WORLD,sanctions_z,14,0.013743,0.001235,0.099342,True,True,True,keyword_z90__market_return__M5_AND_M6__p0.05_ic0.06,train,
BRENT,gold_z,21,0.011742,-0.003337,0.06836,True,True,True,keyword_z90__market_return__M5_AND_M6__p0.05_ic0.06,train,
GOLD,inflation_z,7,0.016276,-0.001157,0.137763,True,True,True,keyword_z90__market_return__M5_AND_M6__p0.05_ic0.08,train,
DXY,rate_emb_z,8,0.040284,-0.000531,0.085736,True,True,True,embedding_z90__market_return__M5_AND_M6__p0.05_ic0.08,train,
BRENT,ruble_emb_z,8,0.032084,-0.002736,0.10981,True,True,True,embedding_z90__market_return__M5_AND_M6__p0.05_ic0.08,train,
MSCI_INDIA,oil_emb_z,2,0.023528,0.001127,0.095458,True,True,True,embedding_z90__market_return__M5_AND_M6__p0.05_ic0.08,train,
MSCI_INDIA,rate_emb_z,8,0.023049,0.001158,0.082457,True,True,True,embedding_z90__market_return__M5_AND_M6__p0.05_ic0.08,train,
CHINA_H_SHARES,oil_emb_z,23,0.013201,0.002918,0.12929,True,True,True,embedding_z90__market_return__M5_AND_M6__p0.05_ic0.08,train,
FTSE_CHINA_50,oil_emb_z,23,0.011519,0.003131,0.148028,True,True,True,embedding_z90__market_return__M5_AND_M6__p0.05_ic0.08,train,
FTSE_CHINA_50,oil_emb,23,0.006156,0.003159,0.080355,True,True,True,embedding_raw__market_return__M5_AND_M6__p0.05_ic0.08,train,
GOLD,rate_emb,23,0.024005,0.001388,0.093875,True,True,True,embedding_raw__market_return__M5_AND_M6__p0.05_ic0.08,train,
SILVER,oil_emb,23,0.042461,-0.002632,0.092155,True,True,True,embedding_raw__market_return__M5_AND_M6__p0.05_ic0.08,train,
IMOEX,banking_emb,2,0.024055,0.003069,0.086381,True,True,True,embedding_raw__market_return__M5_AND_M6__p0.05_ic0.08,train,
MOEXOG,banking_emb,2,0.02216,0.003113,0.151019,True,True,True,embedding_raw__market_return__M5_AND_M6__p0.05_ic0.08,train,
MOEX10,banking_emb,2,0.026706,0.002852,0.088712,True,True,True,embedding_raw__market_return__M5_AND_M6__p0.05_ic0.08,train,
USD_RUB,oil_z,28,0.011613,-0.003178,0.099928,True,True,True,keyword_z30__market_return__M5_AND_M6__p0.05_ic0.08,train,
EUR_RUB,oil_z,28,0.011613,-0.003178,0.099928,True,True,True,keyword_z30__market_return__M5_AND_M6__p0.05_ic0.08,train,
MOEXOG,oil_z,23,0.034127,0.001809,0.084277,True,True,True,keyword_z30__market_return__M5_AND_M6__p0.05_ic0.08,train,
USD_RUB,oil_z,28,0.022095,-0.002806,0.076826,True,True,True,keyword_z90__market_return__M5_AND_M6__p0.05_ic0.06,train,
EUR_RUB,oil_z,28,0.022095,-0.002806,0.076826,True,True,True,keyword_z90__market_return__M5_AND_M6__p0.05_ic0.06,train,
DJ_SOUTH_AFRICA,oil_z,21,0.00259,-0.00171,0.065967,True,True,True,keyword_z90__market_return__M5_AND_M6__p0.05_ic0.06,train,
DJ_SOUTH_AFRICA,gold_z,28,0.02248,-0.001381,0.067601,True,True,True,keyword_z90__market_return__M5_AND_M6__p0.05_ic0.06,train,
MSCI_WORLD,oil_z,21,0.046234,-0.001085,0.064608,True,True,True,keyword_z90__market_return__M5_AND_M6__p0.05_ic0.06,train,
BRENT,gold_z,21,0.011742,-0.003337,0.06836,True,True,True,keyword_z90__market_return__M5_AND_M6__p0.05_ic0.06,train,
USD_RUB,oil_z,28,0.022095,-0.002806,0.076826,True,True,True,keyword_z90__market_return__M5_AND_M6__p0.05_ic0.06,train,
EUR_RUB,oil_z,28,0.022095,-0.002806,0.076826,True,True,True,keyword_z90__market_return__M5_AND_M6__p0.05_ic0.06,train,
DJ_SOUTH_AFRICA,oil_z,21,0.00259,-0.00171,0.065967,True,True,True,keyword_z90__market_return__M5_AND_M6__p0.05_ic0.06,train,
DJ_SOUTH_AFRICA,gold_z,28,0.02248,-0.001381,0.067601,True,True,True,keyword_z90__market_return__M5_AND_M6__p0.05_ic0.06,train,
MSCI_WORLD,oil_z,21,0.046234,-0.001085,0.064608,True,True,True,keyword_z90__market_return__M5_AND_M6__p0.05_ic0.06,train,
BRENT,gold_z,21,0.011742,-0.003337,0.06836,True,True,True,keyword_z90__market_return__M5_AND_M6__p0.05_ic0.06,train,
MSCI_WORLD,sanctions_z,14,0.013743,0.001235,0.099342,True,True,True,keyword_z90__market_return__M5_AND_M6__p0.05_ic0.06,train,
GOLD,inflation_z,7,0.016276,-0.001157,0.137763,True,True,True,keyword_z90__market_return__M5_AND_M6__p0.05_ic0.06,train,
USD_RUB,oil_z,28,0.022095,-0.002806,0.076826,True,True,True,keyword_z90__market_return__M5_AND_M6__p0.05_ic0.06,train,
EUR_RUB,oil_z,28,0.022095,-0.002806,0.076826,True,True,True,keyword_z90__market_return__M5_AND_M6__p0.05_ic0.06,train,
DJ_SOUTH_AFRICA,oil_z,21,0.00259,-0.00171,0.065967,True,True,True,keyword_z90__market_return__M5_AND_M6__p0.05_ic0.06,train,
DJ_SOUTH_AFRICA,gold_z,28,0.02248,-0.001381,0.067601,True,True,True,keyword_z90__market_return__M5_AND_M6__p0.05_ic0.06,train,
MSCI_WORLD,oil_z,21,0.046234,-0.001085,0.064608,True,True,True,keyword_z90__market_return__M5_AND_M6__p0.05_ic0.06,train,
MSCI_WORLD,sanctions_z,14,0.013743,0.001235,0.099342,True,True,True,keyword_z90__market_return__M5_AND_M6__p0.05_ic0.06,train,
BRENT,gold_z,21,0.011742,-0.003337,0.06836,True,True,True,keyword_z90__market_return__M5_AND_M6__p0.05_ic0.06,train,
GOLD,inflation_z,7,0.016276,-0.001157,0.137763,True,True,True,keyword_z90__market_return__M5_AND_M6__p0.05_ic0.08,train,
DXY,rate_emb_z,8,0.040284,-0.000531,0.085736,True,True,True,embedding_z90__market_return__M5_AND_M6__p0.05_ic0.08,train,
BRENT,ruble_emb_z,8,0.032084,-0.002736,0.10981,True,True,True,embedding_z90__market_return__M5_AND_M6__p0.05_ic0.08,train,
MSCI_INDIA,oil_emb_z,2,0.023528,0.001127,0.095458,True,True,True,embedding_z90__market_return__M5_AND_M6__p0.05_ic0.08,train,
MSCI_INDIA,rate_emb_z,8,0.023049,0.001158,0.082457,True,True,True,embedding_z90__market_return__M5_AND_M6__p0.05_ic0.08,train,
CHINA_H_SHARES,oil_emb_z,23,0.013201,0.002918,0.12929,True,True,True,embedding_z90__market_return__M5_AND_M6__p0.05_ic0.08,train,
FTSE_CHINA_50,oil_emb_z,23,0.011519,0.003131,0.148028,True,True,True,embedding_z90__market_return__M5_AND_M6__p0.05_ic0.08,train,
FTSE_CHINA_50,oil_emb,23,0.006156,0.003159,0.080355,True,True,True,embedding_raw__market_return__M5_AND_M6__p0.05_ic0.08,train,
GOLD,rate_emb,23,0.024005,0.001388,0.093875,True,True,True,embedding_raw__market_return__M5_AND_M6__p0.05_ic0.08,train,
SILVER,oil_emb,23,0.042461,-0.002632,0.092155,True,True,True,embedding_raw__market_return__M5_AND_M6__p0.05_ic0.08,train,
IMOEX,banking_emb,2,0.024055,0.003069,0.086381,True,True,True,embedding_raw__market_return__M5_AND_M6__p0.05_ic0.08,train,
MOEXOG,banking_emb,2,0.02216,0.003113,0.151019,True,True,True,embedding_raw__market_return__M5_AND_M6__p0.05_ic0.08,train,
MOEX10,banking_emb,2,0.026706,0.002852,0.088712,True,True,True,embedding_raw__market_return__M5_AND_M6__p0.05_ic0.08,train,
USD_RUB,oil_z,28,0.011613,-0.003178,0.099928,True,True,True,keyword_z30__market_return__M5_AND_M6__p0.05_ic0.08,train,
EUR_RUB,oil_z,28,0.011613,-0.003178,0.099928,True,True,True,keyword_z30__market_return__M5_AND_M6__p0.05_ic0.08,train,
MOEXOG,oil_z,23,0.034127,0.001809,0.084277,True,True,True,keyword_z30__market_return__M5_AND_M6__p0.05_ic0.08,train,
USD_RUB,oil_z,28,0.022095,-0.002806,0.076826,True,True,True,keyword_z90__market_return__M5_AND_M6__p0.05_ic0.06,train,
EUR_RUB,oil_z,28,0.022095,-0.002806,0.076826,True,True,True,keyword_z90__market_return__M5_AND_M6__p0.05_ic0.06,train,
DJ_SOUTH_AFRICA,oil_z,21,0.00259,-0.00171,0.065967,True,True,True,keyword_z90__market_return__M5_AND_M6__p0.05_ic0.06,train,
DJ_SOUTH_AFRICA,gold_z,28,0.02248,-0.001381,0.067601,True,True,True,keyword_z90__market_return__M5_AND_M6__p0.05_ic0.06,train,
MSCI_WORLD,oil_z,21,0.046234,-0.001085,0.064608,True,True,True,keyword_z90__market_return__M5_AND_M6__p0.05_ic0.06,train,
BRENT,gold_z,21,0.011742,-0.003337,0.06836,True,True,True,keyword_z90__market_return__M5_AND_M6__p0.05_ic0.06,train,
USD_RUB,oil_z,28,0.022095,-0.002806,0.076826,True,True,True,keyword_z90__market_return__M5_AND_M6__p0.05_ic0.06,train,
EUR_RUB,oil_z,28,0.022095,-0.002806,0.076826,True,True,True,keyword_z90__market_return__M5_AND_M6__p0.05_ic0.06,train,
DJ_SOUTH_AFRICA,oil_z,21,0.00259,-0.00171,0.065967,True,True,True,keyword_z90__market_return__M5_AND_M6__p0.05_ic0.06,train,
DJ_SOUTH_AFRICA,gold_z,28,0.02248,-0.001381,0.067601,True,True,True,keyword_z90__market_return__M5_AND_M6__p0.05_ic0.06,train,
MSCI_WORLD,oil_z,21,0.046234,-0.001085,0.064608,True,True,True,keyword_z90__market_return__M5_AND_M6__p0.05_ic0.06,train,
BRENT,gold_z,21,0.011742,-0.003337,0.06836,True,True,True,keyword_z90__market_return__M5_AND_M6__p0.05_ic0.06,train,
MSCI_WORLD,sanctions_z,14,0.013743,0.001235,0.099342,True,True,True,keyword_z90__market_return__M5_AND_M6__p0.05_ic0.06,train,
GOLD,inflation_z,7,0.016276,-0.001157,0.137763,True,True,True,keyword_z90__market_return__M5_AND_M6__p0.05_ic0.06,train,
USD_RUB,oil_z,28,0.022095,-0.002806,0.076826,True,True,True,keyword_z90__market_return__M5_AND_M6__p0.05_ic0.06,train,
EUR_RUB,oil_z,28,0.022095,-0.002806,0.076826,True,True,True,keyword_z90__market_return__M5_AND_M6__p0.05_ic0.06,train,
DJ_SOUTH_AFRICA,oil_z,21,0.00259,-0.00171,0.065967,True,True,True,keyword_z90__market_return__M5_AND_M6__p0.05_ic0.06,train,
DJ_SOUTH_AFRICA,gold_z,28,0.02248,-0.001381,0.067601,True,True,True,keyword_z90__market_return__M5_AND_M6__p0.05_ic0.06,train,
MSCI_WORLD,oil_z,21,0.046234,-0.001085,0.064608,True,True,True,keyword_z90__market_return__M5_AND_M6__p0.05_ic0.06,train,
MSCI_WORLD,sanctions_z,14,0.013743,0.001235,0.099342,True,True,True,keyword_z90__market_return__M5_AND_M6__p0.05_ic0.06,train,
BRENT,gold_z,21,0.011742,-0.003337,0.06836,True,True,True,keyword_z90__market_return__M5_AND_M6__p0.05_ic0.06,train,
MOEXFN,gold_z,8,0.026346,-0.006778,0.108028,True,True,True,keyword_z90__market_return__M5_AND_M6__p0.05_ic0.07,train,
GOLD,inflation_z,7,0.016276,-0.001157,0.137763,True,True,True,keyword_z90__market_return__M5_AND_M6__p0.05_ic0.08,train,
DXY,rate_emb_z,8,0.040284,-0.000531,0.085736,True,True,True,embedding_z90__market_return__M5_AND_M6__p0.05_ic0.08,train,
BRENT,ruble_emb_z,8,0.032084,-0.002736,0.10981,True,True,True,embedding_z90__market_return__M5_AND_M6__p0.05_ic0.08,train,
MSCI_INDIA,oil_emb_z,2,0.023528,0.001127,0.095458,True,True,True,embedding_z90__market_return__M5_AND_M6__p0.05_ic0.08,train,
MSCI_INDIA,rate_emb_z,8,0.023049,0.001158,0.082457,True,True,True,embedding_z90__market_return__M5_AND_M6__p0.05_ic0.08,train,
CHINA_H_SHARES,oil_emb_z,23,0.013201,0.002918,0.12929,True,True,True,embedding_z90__market_return__M5_AND_M6__p0.05_ic0.08,train,
FTSE_CHINA_50,oil_emb_z,23,0.011519,0.003131,0.148028,True,True,True,embedding_z90__market_return__M5_AND_M6__p0.05_ic0.08,train,
FTSE_CHINA_50,oil_emb,23,0.006156,0.003159,0.080355,True,True,True,embedding_raw__market_return__M5_AND_M6__p0.05_ic0.08,train,
GOLD,rate_emb,23,0.024005,0.001388,0.093875,True,True,True,embedding_raw__market_return__M5_AND_M6__p0.05_ic0.08,train,
SILVER,oil_emb,23,0.042461,-0.002632,0.092155,True,True,True,embedding_raw__market_return__M5_AND_M6__p0.05_ic0.08,train,
IMOEX,banking_emb,2,0.024055,0.003069,0.086381,True,True,True,embedding_raw__market_return__M5_AND_M6__p0.05_ic0.08,train,
MOEXOG,banking_emb,2,0.02216,0.003113,0.151019,True,True,True,embedding_raw__market_return__M5_AND_M6__p0.05_ic0.08,train,
MOEX10,banking_emb,2,0.026706,0.002852,0.088712,True,True,True,embedding_raw__market_return__M5_AND_M6__p0.05_ic0.08,train,
USD_RUB,oil_z,28,0.011613,-0.003178,0.099928,True,True,True,keyword_z30__market_return__M5_AND_M6__p0.05_ic0.08,train,
EUR_RUB,oil_z,28,0.011613,-0.003178,0.099928,True,True,True,keyword_z30__market_return__M5_AND_M6__p0.05_ic0.08,train,
MOEXOG,oil_z,23,0.034127,0.001809,0.084277,True,True,True,keyword_z30__market_return__M5_AND_M6__p0.05_ic0.08,train,
USD_RUB,oil_z,28,0.022095,-0.002806,0.076826,True,True,True,keyword_z90__market_return__M5_AND_M6__p0.05_ic0.06,train,
EUR_RUB,oil_z,28,0.022095,-0.002806,0.076826,True,True,True,keyword_z90__market_return__M5_AND_M6__p0.05_ic0.06,train,
DJ_SOUTH_AFRICA,oil_z,21,0.00259,-0.00171,0.065967,True,True,True,keyword_z90__market_return__M5_AND_M6__p0.05_ic0.06,train,
DJ_SOUTH_AFRICA,gold_z,28,0.02248,-0.001381,0.067601,True,True,True,keyword_z90__market_return__M5_AND_M6__p0.05_ic0.06,train,
MSCI_WORLD,oil_z,21,0.046234,-0.001085,0.064608,True,True,True,keyword_z90__market_return__M5_AND_M6__p0.05_ic0.06,train,
BRENT,gold_z,21,0.011742,-0.003337,0.06836,True,True,True,keyword_z90__market_return__M5_AND_M6__p0.05_ic0.06,train,
USD_RUB,oil_z,28,0.022095,-0.002806,0.076826,True,True,True,keyword_z90__market_return__M5_AND_M6__p0.05_ic0.06,train,
EUR_RUB,oil_z,28,0.022095,-0.002806,0.076826,True,True,True,keyword_z90__market_return__M5_AND_M6__p0.05_ic0.06,train,
DJ_SOUTH_AFRICA,oil_z,21,0.00259,-0.00171,0.065967,True,True,True,keyword_z90__market_return__M5_AND_M6__p0.05_ic0.06,train,
DJ_SOUTH_AFRICA,gold_z,28,0.02248,-0.001381,0.067601,True,True,True,keyword_z90__market_return__M5_AND_M6__p0.05_ic0.06,train,
MSCI_WORLD,oil_z,21,0.046234,-0.001085,0.064608,True,True,True,keyword_z90__market_return__M5_AND_M6__p0.05_ic0.06,train,
BRENT,gold_z,21,0.011742,-0.003337,0.06836,True,True,True,keyword_z90__market_return__M5_AND_M6__p0.05_ic0.06,train,
MSCI_WORLD,sanctions_z,14,0.013743,0.001235,0.099342,True,True,True,keyword_z90__market_return__M5_AND_M6__p0.05_ic0.06,train,
GOLD,inflation_z,7,0.016276,-0.001157,0.137763,True,True,True,keyword_z90__market_return__M5_AND_M6__p0.05_ic0.06,train,
USD_RUB,oil_z,28,0.022095,-0.002806,0.076826,True,True,True,keyword_z90__market_return__M5_AND_M6__p0.05_ic0.06,train,
EUR_RUB,oil_z,28,0.022095,-0.002806,0.076826,True,True,True,keyword_z90__market_return__M5_AND_M6__p0.05_ic0.06,train,
DJ_SOUTH_AFRICA,oil_z,21,0.00259,-0.00171,0.065967,True,True,True,keyword_z90__market_return__M5_AND_M6__p0.05_ic0.06,train,
DJ_SOUTH_AFRICA,gold_z,28,0.02248,-0.001381,0.067601,True,True,True,keyword_z90__market_return__M5_AND_M6__p0.05_ic0.06,train,
MSCI_WORLD,oil_z,21,0.046234,-0.001085,0.064608,True,True,True,keyword_z90__market_return__M5_AND_M6__p0.05_ic0.06,train,
MSCI_WORLD,sanctions_z,14,0.013743,0.001235,0.099342,True,True,True,keyword_z90__market_return__M5_AND_M6__p0.05_ic0.06,train,
BRENT,gold_z,21,0.011742,-0.003337,0.06836,True,True,True,keyword_z90__market_return__M5_AND_M6__p0.05_ic0.06,train,
GOLD,inflation_z,7,0.016276,-0.001157,0.137763,True,True,True,keyword_z90__market_return__M5_AND_M6__p0.05_ic0.08,train,
DXY,rate_emb_z,8,0.040284,-0.000531,0.085736,True,True,True,embedding_z90__market_return__M5_AND_M6__p0.05_ic0.08,train,
BRENT,ruble_emb_z,8,0.032084,-0.002736,0.10981,True,True,True,embedding_z90__market_return__M5_AND_M6__p0.05_ic0.08,train,
MSCI_INDIA,oil_emb_z,2,0.023528,0.001127,0.095458,True,True,True,embedding_z90__market_return__M5_AND_M6__p0.05_ic0.08,train,
MSCI_INDIA,rate_emb_z,8,0.023049,0.001158,0.082457,True,True,True,embedding_z90__market_return__M5_AND_M6__p0.05_ic0.08,train,
CHINA_H_SHARES,oil_emb_z,23,0.013201,0.002918,0.12929,True,True,True,embedding_z90__market_return__M5_AND_M6__p0.05_ic0.08,train,
FTSE_CHINA_50,oil_emb_z,23,0.011519,0.003131,0.148028,True,True,True,embedding_z90__market_return__M5_AND_M6__p0.05_ic0.08,train,
FTSE_CHINA_50,oil_emb,23,0.006156,0.003159,0.080355,True,True,True,embedding_raw__market_return__M5_AND_M6__p0.05_ic0.08,train,
GOLD,rate_emb,23,0.024005,0.001388,0.093875,True,True,True,embedding_raw__market_return__M5_AND_M6__p0.05_ic0.08,train,
SILVER,oil_emb,23,0.042461,-0.002632,0.092155,True,True,True,embedding_raw__market_return__M5_AND_M6__p0.05_ic0.08,train,
IMOEX,banking_emb,2,0.024055,0.003069,0.086381,True,True,True,embedding_raw__market_return__M5_AND_M6__p0.05_ic0.08,train,
MOEXOG,banking_emb,2,0.02216,0.003113,0.151019,True,True,True,embedding_raw__market_return__M5_AND_M6__p0.05_ic0.08,train,
MOEX10,banking_emb,2,0.026706,0.002852,0.088712,True,True,True,embedding_raw__market_return__M5_AND_M6__p0.05_ic0.08,train,
USD_RUB,oil_z,28,0.011613,-0.003178,0.099928,True,True,True,keyword_z30__market_return__M5_AND_M6__p0.05_ic0.08,train,
EUR_RUB,oil_z,28,0.011613,-0.003178,0.099928,True,True,True,keyword_z30__market_return__M5_AND_M6__p0.05_ic0.08,train,
MOEXOG,oil_z,23,0.034127,0.001809,0.084277,True,True,True,keyword_z30__market_return__M5_AND_M6__p0.05_ic0.08,train,
USD_RUB,oil_z,28,0.022095,-0.002806,0.076826,True,True,True,keyword_z90__market_return__M5_AND_M6__p0.05_ic0.06,train,
EUR_RUB,oil_z,28,0.022095,-0.002806,0.076826,True,True,True,keyword_z90__market_return__M5_AND_M6__p0.05_ic0.06,train,
DJ_SOUTH_AFRICA,oil_z,21,0.00259,-0.00171,0.065967,True,True,True,keyword_z90__market_return__M5_AND_M6__p0.05_ic0.06,train,
DJ_SOUTH_AFRICA,gold_z,28,0.02248,-0.001381,0.067601,True,True,True,keyword_z90__market_return__M5_AND_M6__p0.05_ic0.06,train,
MSCI_WORLD,oil_z,21,0.046234,-0.001085,0.064608,True,True,True,keyword_z90__market_return__M5_AND_M6__p0.05_ic0.06,train,
BRENT,gold_z,21,0.011742,-0.003337,0.06836,True,True,True,keyword_z90__market_return__M5_AND_M6__p0.05_ic0.06,train,
USD_RUB,oil_z,28,0.022095,-0.002806,0.076826,True,True,True,keyword_z90__market_return__M5_AND_M6__p0.05_ic0.06,train,
EUR_RUB,oil_z,28,0.022095,-0.002806,0.076826,True,True,True,keyword_z90__market_return__M5_AND_M6__p0.05_ic0.06,train,
DJ_SOUTH_AFRICA,oil_z,21,0.00259,-0.00171,0.065967,True,True,True,keyword_z90__market_return__M5_AND_M6__p0.05_ic0.06,train,
DJ_SOUTH_AFRICA,gold_z,28,0.02248,-0.001381,0.067601,True,True,True,keyword_z90__market_return__M5_AND_M6__p0.05_ic0.06,train,
MSCI_WORLD,oil_z,21,0.046234,-0.001085,0.064608,True,True,True,keyword_z90__market_return__M5_AND_M6__p0.05_ic0.06,train,
BRENT,gold_z,21,0.011742,-0.003337,0.06836,True,True,True,keyword_z90__market_return__M5_AND_M6__p0.05_ic0.06,train,
MSCI_WORLD,sanctions_z,14,0.013743,0.001235,0.099342,True,True,True,keyword_z90__market_return__M5_AND_M6__p0.05_ic0.06,train,
GOLD,inflation_z,7,0.016276,-0.001157,0.137763,True,True,True,keyword_z90__market_return__M5_AND_M6__p0.05_ic0.06,train,
USD_RUB,oil_z,28,0.022095,-0.002806,0.076826,True,True,True,keyword_z90__market_return__M5_AND_M6__p0.05_ic0.06,train,
EUR_RUB,oil_z,28,0.022095,-0.002806,0.076826,True,True,True,keyword_z90__market_return__M5_AND_M6__p0.05_ic0.06,train,
DJ_SOUTH_AFRICA,oil_z,21,0.00259,-0.00171,0.065967,True,True,True,keyword_z90__market_return__M5_AND_M6__p0.05_ic0.06,train,
DJ_SOUTH_AFRICA,gold_z,28,0.02248,-0.001381,0.067601,True,True,True,keyword_z90__market_return__M5_AND_M6__p0.05_ic0.06,train,
MSCI_WORLD,oil_z,21,0.046234,-0.001085,0.064608,True,True,True,keyword_z90__market_return__M5_AND_M6__p0.05_ic0.06,train,
MSCI_WORLD,sanctions_z,14,0.013743,0.001235,0.099342,True,True,True,keyword_z90__market_return__M5_AND_M6__p0.05_ic0.06,train,
BRENT,gold_z,21,0.011742,-0.003337,0.06836,True,True,True,keyword_z90__market_return__M5_AND_M6__p0.05_ic0.06,train,
GOLD,inflation_z,7,0.016276,-0.001157,0.137763,True,True,True,keyword_z90__market_return__M5_AND_M6__p0.05_ic0.08,train,
DXY,rate_emb_z,8,0.040284,-0.000531,0.085736,True,True,True,embedding_z90__market_return__M5_AND_M6__p0.05_ic0.08,train,
BRENT,ruble_emb_z,8,0.032084,-0.002736,0.10981,True,True,True,embedding_z90__market_return__M5_AND_M6__p0.05_ic0.08,train,
MSCI_INDIA,oil_emb_z,2,0.023528,0.001127,0.095458,True,True,True,embedding_z90__market_return__M5_AND_M6__p0.05_ic0.08,train,
MSCI_INDIA,rate_emb_z,8,0.023049,0.001158,0.082457,True,True,True,embedding_z90__market_return__M5_AND_M6__p0.05_ic0.08,train,
CHINA_H_SHARES,oil_emb_z,23,0.013201,0.002918,0.12929,True,True,True,embedding_z90__market_return__M5_AND_M6__p0.05_ic0.08,train,
FTSE_CHINA_50,oil_emb_z,23,0.011519,0.003131,0.148028,True,True,True,embedding_z90__market_return__M5_AND_M6__p0.05_ic0.08,train,
