[20:37:36] Loading train data...
[20:37:37]   train: 16/16 instruments loaded
[20:37:37] Loading val data...
[20:37:37]   val: 16/16 instruments loaded
[20:37:37] Loading test data...
[20:37:38]   test: 16/16 instruments loaded
[20:37:38] LOOP MODE: max=8.0h  phases=[1, 2, 3]
[20:37:38] 
============================================================
[20:37:38] ROUND 1  |  elapsed=0.00h  remaining=8.00h
[20:37:38] ============================================================
[20:37:38] Configs for round 1: 15
[20:37:38] 
[1/15] sweep_keyword_raw_market_return  (budget=32min)
[20:37:38]   Config: sweep_keyword_raw_market_return
[20:37:38]     feature=keyword_raw  target=market_return  ensemble=M6_only  ic_min=0.03
[20:37:40]   HIT  SP500              oil              lag=  1 m5_p=0.6627  m6_ic=0.0539
[20:37:40]   HIT  SP500              oil              lag=  7 m5_p=0.5171  m6_ic=0.0363
[20:37:41]   HIT  SP500              rate             lag= 14 m5_p=0.5287  m6_ic=0.0301
[20:37:42]   HIT  SP500              rate             lag= 30 m5_p=0.9348  m6_ic=0.0314
[20:37:42]   HIT  SP500              ruble            lag=  7 m5_p=0.9108  m6_ic=0.0474
[20:37:43]   HIT  SP500              ruble            lag= 30 m5_p=0.0762  m6_ic=0.0413
[20:37:44]   HIT  SP500              inflation        lag= 14 m5_p=0.5948  m6_ic=0.0655
[20:37:45]   HIT  SP500              banking          lag=  7 m5_p=0.3701  m6_ic=0.0536
[20:37:46]   HIT  SP500              gold             lag=  7 m5_p=0.8524  m6_ic=0.0942
[20:37:46]   HIT  USD_RUB            oil              lag=  1 m5_p=0.4151  m6_ic=0.0614
[20:37:47]   HIT  USD_RUB            oil              lag= 14 m5_p=0.6241  m6_ic=0.0417
[20:37:47]   HIT  USD_RUB            oil              lag= 30 m5_p=0.1626  m6_ic=0.0698
[20:37:47]   HIT  USD_RUB            rate             lag=  1 m5_p=0.7527  m6_ic=0.0950
[20:37:47]   HIT  USD_RUB            rate             lag=  7 m5_p=0.8101  m6_ic=0.0394
[20:37:48]   HIT  USD_RUB            rate             lag= 14 m5_p=0.7542  m6_ic=0.0378
[20:37:48]   HIT  USD_RUB            rate             lag= 30 m5_p=0.9971  m6_ic=0.0479
[20:37:48]   HIT  USD_RUB            ruble            lag=  1 m5_p=0.7646  m6_ic=0.0442
[20:37:48]   HIT  USD_RUB            ruble            lag=  7 m5_p=0.4884  m6_ic=0.0483
[20:37:48]   HIT  USD_RUB            ruble            lag= 14 m5_p=0.9676  m6_ic=0.1183
[20:37:49]   HIT  USD_RUB            sanctions        lag=  1 m5_p=0.0777  m6_ic=0.1348
[20:37:49]   HIT  USD_RUB            sanctions        lag=  7 m5_p=0.9775  m6_ic=0.0313
[20:37:49]   HIT  USD_RUB            sanctions        lag= 14 m5_p=0.1527  m6_ic=0.0743
[20:37:49]   HIT  USD_RUB            sanctions        lag= 30 m5_p=0.6349  m6_ic=0.0726
[20:37:50]   HIT  USD_RUB            inflation        lag=  1 m5_p=0.8798  m6_ic=0.0351
[20:37:50]   HIT  USD_RUB            inflation        lag=  7 m5_p=0.9352  m6_ic=0.0371
[20:37:50]   HIT  USD_RUB            inflation        lag= 14 m5_p=0.5422  m6_ic=0.0338
[20:37:51]   HIT  USD_RUB            banking          lag= 14 m5_p=0.8158  m6_ic=0.0645
[20:37:51]   HIT  USD_RUB            banking          lag= 30 m5_p=0.6790  m6_ic=0.0792
[20:37:52]   HIT  USD_RUB            gold             lag= 14 m5_p=0.9653  m6_ic=0.0307
[20:37:52]   HIT  EUR_RUB            oil              lag=  1 m5_p=0.4151  m6_ic=0.0614
[20:37:52]   HIT  EUR_RUB            oil              lag= 14 m5_p=0.6241  m6_ic=0.0417
[20:37:53]   HIT  EUR_RUB            oil              lag= 30 m5_p=0.1626  m6_ic=0.0698
[20:37:53]   HIT  EUR_RUB            rate             lag=  1 m5_p=0.7527  m6_ic=0.0950
[20:37:53]   HIT  EUR_RUB            rate             lag=  7 m5_p=0.8101  m6_ic=0.0394
[20:37:53]   HIT  EUR_RUB            rate             lag= 14 m5_p=0.7542  m6_ic=0.0378
[20:37:54]   HIT  EUR_RUB            rate             lag= 30 m5_p=0.9971  m6_ic=0.0479
[20:37:54]   HIT  EUR_RUB            ruble            lag=  1 m5_p=0.7646  m6_ic=0.0442
[20:37:54]   HIT  EUR_RUB            ruble            lag=  7 m5_p=0.4884  m6_ic=0.0483
[20:37:54]   HIT  EUR_RUB            ruble            lag= 14 m5_p=0.9676  m6_ic=0.1183
[20:37:54]   HIT  EUR_RUB            sanctions        lag=  1 m5_p=0.0777  m6_ic=0.1348
[20:37:55]   HIT  EUR_RUB            sanctions        lag=  7 m5_p=0.9775  m6_ic=0.0313
[20:37:55]   HIT  EUR_RUB            sanctions        lag= 14 m5_p=0.1527  m6_ic=0.0743
[20:37:55]   HIT  EUR_RUB            sanctions        lag= 30 m5_p=0.6349  m6_ic=0.0726
[20:37:55]   HIT  EUR_RUB            inflation        lag=  1 m5_p=0.8798  m6_ic=0.0351
[20:37:56]   HIT  EUR_RUB            inflation        lag=  7 m5_p=0.9352  m6_ic=0.0371
[20:37:56]   HIT  EUR_RUB            inflation        lag= 14 m5_p=0.5422  m6_ic=0.0338
[20:37:57]   HIT  EUR_RUB            banking          lag= 14 m5_p=0.8158  m6_ic=0.0645
[20:37:57]   HIT  EUR_RUB            banking          lag= 30 m5_p=0.6790  m6_ic=0.0792
[20:37:57]   HIT  EUR_RUB            gold             lag= 14 m5_p=0.9653  m6_ic=0.0307
[20:37:58]   HIT  DJ_SOUTH_AFRICA    oil              lag=  7 m5_p=0.4695  m6_ic=0.0444
[20:37:59]   HIT  DJ_SOUTH_AFRICA    rate             lag= 30 m5_p=0.5259  m6_ic=0.0386
[20:38:00]   HIT  DJ_SOUTH_AFRICA    ruble            lag= 14 m5_p=0.8469  m6_ic=0.0706
[20:38:00]   HIT  DJ_SOUTH_AFRICA    ruble            lag= 30 m5_p=0.4112  m6_ic=0.0331
[20:38:00]   HIT  DJ_SOUTH_AFRICA    sanctions        lag=  1 m5_p=0.7779  m6_ic=0.1255
[20:38:01]   HIT  DJ_SOUTH_AFRICA    sanctions        lag=  7 m5_p=0.4984  m6_ic=0.0476
[20:38:01]   HIT  DJ_SOUTH_AFRICA    sanctions        lag= 14 m5_p=0.0167  m6_ic=0.0383
[20:38:01]   HIT  DJ_SOUTH_AFRICA    sanctions        lag= 30 m5_p=0.1325  m6_ic=0.0511
[20:38:01]   HIT  DJ_SOUTH_AFRICA    inflation        lag=  1 m5_p=0.4426  m6_ic=0.0457
[20:38:02]   HIT  DJ_SOUTH_AFRICA    inflation        lag= 14 m5_p=0.8858  m6_ic=0.0498
[20:38:02]   HIT  DJ_SOUTH_AFRICA    inflation        lag= 30 m5_p=0.9178  m6_ic=0.0772
[20:38:02]   HIT  DJ_SOUTH_AFRICA    banking          lag=  1 m5_p=0.8775  m6_ic=0.0612
[20:38:02]   HIT  DJ_SOUTH_AFRICA    banking          lag=  7 m5_p=0.9187  m6_ic=0.1092
[20:38:03]   HIT  DJ_SOUTH_AFRICA    banking          lag= 14 m5_p=0.7734  m6_ic=0.0857
[20:38:03]   HIT  DJ_SOUTH_AFRICA    banking          lag= 30 m5_p=0.5459  m6_ic=0.0867
[20:38:03]   HIT  DJ_SOUTH_AFRICA    gold             lag=  1 m5_p=0.9638  m6_ic=0.0482
[20:38:03]   HIT  DJ_SOUTH_AFRICA    gold             lag=  7 m5_p=0.0160  m6_ic=0.0380
[20:38:03]   HIT  DJ_SOUTH_AFRICA    gold             lag= 14 m5_p=0.1792  m6_ic=0.0626
[20:38:04]   HIT  DJ_SOUTH_AFRICA    gold             lag= 30 m5_p=0.8632  m6_ic=0.0696
[20:38:04]   HIT  MSCI_WORLD         oil              lag= 14 m5_p=0.7583  m6_ic=0.0790
[20:38:04]   HIT  MSCI_WORLD         oil              lag= 30 m5_p=0.5465  m6_ic=0.0388
[20:38:05]   HIT  MSCI_WORLD         rate             lag=  1 m5_p=0.8296  m6_ic=0.0851
[20:38:05]   HIT  MSCI_WORLD         rate             lag=  7 m5_p=0.4579  m6_ic=0.0438
[20:38:05]   HIT  MSCI_WORLD         rate             lag= 14 m5_p=0.7534  m6_ic=0.0444
[20:38:05]   HIT  MSCI_WORLD         rate             lag= 30 m5_p=0.4239  m6_ic=0.1146
[20:38:05]   HIT  MSCI_WORLD         ruble            lag=  1 m5_p=0.8053  m6_ic=0.0430
[20:38:06]   HIT  MSCI_WORLD         sanctions        lag=  1 m5_p=0.9279  m6_ic=0.0375
[20:38:07]   HIT  MSCI_WORLD         sanctions        lag= 14 m5_p=0.0236  m6_ic=0.0584
[20:38:07]   HIT  MSCI_WORLD         sanctions        lag= 30 m5_p=0.1371  m6_ic=0.0381
[20:38:07]   HIT  MSCI_WORLD         inflation        lag=  1 m5_p=0.9293  m6_ic=0.0340
[20:38:07]   HIT  MSCI_WORLD         inflation        lag=  7 m5_p=0.8139  m6_ic=0.0516
[20:38:08]   HIT  MSCI_WORLD         banking          lag=  1 m5_p=0.6049  m6_ic=0.0353
[20:38:08]   HIT  MSCI_WORLD         banking          lag=  7 m5_p=0.2795  m6_ic=0.0432
[20:38:08]   HIT  MSCI_WORLD         banking          lag= 14 m5_p=0.5942  m6_ic=0.0327
[20:38:09]   HIT  MSCI_WORLD         banking          lag= 30 m5_p=0.7214  m6_ic=0.0710
[20:38:09]   HIT  MSCI_WORLD         gold             lag= 14 m5_p=0.9363  m6_ic=0.0811
[20:38:10]   HIT  DXY                oil              lag=  1 m5_p=0.9938  m6_ic=0.0545
[20:38:10]   HIT  DXY                oil              lag=  7 m5_p=0.4559  m6_ic=0.0401
[20:38:10]   HIT  DXY                oil              lag= 14 m5_p=0.9907  m6_ic=0.0408
[20:38:11]   HIT  DXY                rate             lag=  1 m5_p=0.6407  m6_ic=0.1002
[20:38:11]   HIT  DXY                rate             lag=  7 m5_p=0.8922  m6_ic=0.0507
[20:38:11]   HIT  DXY                rate             lag= 30 m5_p=0.6109  m6_ic=0.0358
[20:38:12]   HIT  DXY                ruble            lag= 30 m5_p=0.7125  m6_ic=0.0336
[20:38:12]   HIT  DXY                sanctions        lag=  7 m5_p=0.6776  m6_ic=0.0334
[20:38:13]   HIT  DXY                sanctions        lag= 14 m5_p=0.2611  m6_ic=0.0324
[20:38:14]   HIT  DXY                banking          lag=  7 m5_p=0.9637  m6_ic=0.0312
[20:38:14]   HIT  DXY                banking          lag= 14 m5_p=0.7537  m6_ic=0.0459
[20:38:15]   HIT  DXY                banking          lag= 30 m5_p=0.8030  m6_ic=0.0401
[20:38:15]   HIT  DXY                gold             lag=  7 m5_p=0.1827  m6_ic=0.0601
[20:38:15]   HIT  DXY                gold             lag= 14 m5_p=0.6443  m6_ic=0.0731
[20:38:15]   HIT  DXY                gold             lag= 30 m5_p=0.8404  m6_ic=0.0608
[20:38:16]   HIT  BRENT              oil              lag=  7 m5_p=0.9807  m6_ic=0.0504
[20:38:16]   HIT  BRENT              oil              lag= 14 m5_p=0.8691  m6_ic=0.0561
[20:38:16]   HIT  BRENT              oil              lag= 30 m5_p=0.8554  m6_ic=0.0732
[20:38:16]   HIT  BRENT              rate             lag=  7 m5_p=0.9612  m6_ic=0.0734
[20:38:17]   HIT  BRENT              rate             lag= 14 m5_p=0.9184  m6_ic=0.0727
[20:38:17]   HIT  BRENT              ruble            lag=  7 m5_p=0.1811  m6_ic=0.0722
[20:38:18]   HIT  BRENT              ruble            lag= 14 m5_p=0.6368  m6_ic=0.0536
[20:38:18]   HIT  BRENT              ruble            lag= 30 m5_p=0.4976  m6_ic=0.0478
[20:38:18]   HIT  BRENT              sanctions        lag=  1 m5_p=0.8883  m6_ic=0.0389
[20:38:18]   HIT  BRENT              sanctions        lag=  7 m5_p=0.0344  m6_ic=0.1222
[20:38:18]   HIT  BRENT              sanctions        lag= 14 m5_p=0.6047  m6_ic=0.0669
[20:38:19]   HIT  BRENT              sanctions        lag= 30 m5_p=0.7844  m6_ic=0.0517
[20:38:19]   HIT  BRENT              inflation        lag=  7 m5_p=0.6647  m6_ic=0.0522
[20:38:19]   HIT  BRENT              inflation        lag= 30 m5_p=0.7393  m6_ic=0.0407
[20:38:20]   HIT  BRENT              banking          lag= 30 m5_p=0.3849  m6_ic=0.0319
[20:38:20]   HIT  BRENT              gold             lag=  1 m5_p=0.4448  m6_ic=0.0355
[20:38:21]   HIT  BRENT              gold             lag= 30 m5_p=0.6646  m6_ic=0.0375
[20:38:21]   HIT  MSCI_INDIA         oil              lag=  1 m5_p=0.8762  m6_ic=0.0847
[20:38:21]   HIT  MSCI_INDIA         oil              lag=  7 m5_p=0.6587  m6_ic=0.0376
[20:38:22]   HIT  MSCI_INDIA         oil              lag= 14 m5_p=0.9138  m6_ic=0.0576
[20:38:22]   HIT  MSCI_INDIA         rate             lag=  7 m5_p=0.4848  m6_ic=0.0311
[20:38:23]   HIT  MSCI_INDIA         rate             lag= 30 m5_p=0.6603  m6_ic=0.0430
[20:38:23]   HIT  MSCI_INDIA         ruble            lag= 30 m5_p=0.6740  m6_ic=0.0458
[20:38:24]   HIT  MSCI_INDIA         sanctions        lag=  1 m5_p=0.8585  m6_ic=0.1201
[20:38:24]   HIT  MSCI_INDIA         sanctions        lag= 14 m5_p=0.0381  m6_ic=0.0760
[20:38:24]   HIT  MSCI_INDIA         inflation        lag=  1 m5_p=0.9173  m6_ic=0.1354
[20:38:25]   HIT  MSCI_INDIA         inflation        lag= 30 m5_p=0.7822  m6_ic=0.0536
[20:38:25]   HIT  MSCI_INDIA         banking          lag=  1 m5_p=0.5125  m6_ic=0.0806
[20:38:25]   HIT  MSCI_INDIA         banking          lag=  7 m5_p=0.5848  m6_ic=0.1100
[20:38:26]   HIT  MSCI_INDIA         banking          lag= 30 m5_p=0.5876  m6_ic=0.0520
[20:38:26]   HIT  MSCI_INDIA         gold             lag=  1 m5_p=0.9223  m6_ic=0.0316
[20:38:27]   HIT  MSCI_INDIA         gold             lag= 30 m5_p=0.8411  m6_ic=0.0849
[20:38:27]   HIT  CHINA_H_SHARES     oil              lag=  1 m5_p=0.4252  m6_ic=0.0343
[20:38:27]   HIT  CHINA_H_SHARES     oil              lag=  7 m5_p=0.2836  m6_ic=0.0621
[20:38:27]   HIT  CHINA_H_SHARES     oil              lag= 14 m5_p=0.7447  m6_ic=0.0546
[20:38:28]   HIT  CHINA_H_SHARES     rate             lag=  1 m5_p=0.4171  m6_ic=0.0592
[20:38:28]   HIT  CHINA_H_SHARES     rate             lag=  7 m5_p=0.8738  m6_ic=0.0416
[20:38:28]   HIT  CHINA_H_SHARES     rate             lag= 14 m5_p=0.2584  m6_ic=0.0415
[20:38:28]   HIT  CHINA_H_SHARES     ruble            lag=  1 m5_p=0.8376  m6_ic=0.0627
[20:38:29]   HIT  CHINA_H_SHARES     ruble            lag= 30 m5_p=0.5751  m6_ic=0.0612
[20:38:29]   HIT  CHINA_H_SHARES     sanctions        lag=  1 m5_p=0.1269  m6_ic=0.0444
[20:38:30]   HIT  CHINA_H_SHARES     sanctions        lag= 14 m5_p=0.0570  m6_ic=0.0427
[20:38:30]   HIT  CHINA_H_SHARES     sanctions        lag= 30 m5_p=0.7132  m6_ic=0.0422
[20:38:30]   HIT  CHINA_H_SHARES     inflation        lag=  1 m5_p=0.5014  m6_ic=0.0630
[20:38:30]   HIT  CHINA_H_SHARES     inflation        lag=  7 m5_p=0.5842  m6_ic=0.0326
[20:38:31]   HIT  CHINA_H_SHARES     banking          lag= 14 m5_p=0.1631  m6_ic=0.0425
[20:38:31]   HIT  CHINA_H_SHARES     banking          lag= 30 m5_p=0.4281  m6_ic=0.0334
[20:38:32]   HIT  CHINA_H_SHARES     gold             lag=  1 m5_p=0.7182  m6_ic=0.0669
[20:38:32]   HIT  CHINA_H_SHARES     gold             lag= 14 m5_p=0.9956  m6_ic=0.0525
[20:38:32]   HIT  FTSE_CHINA_50      oil              lag=  1 m5_p=0.4584  m6_ic=0.0529
[20:38:33]   HIT  FTSE_CHINA_50      oil              lag=  7 m5_p=0.2440  m6_ic=0.0695
[20:38:33]   HIT  FTSE_CHINA_50      oil              lag= 14 m5_p=0.7124  m6_ic=0.0473
[20:38:33]   HIT  FTSE_CHINA_50      rate             lag=  1 m5_p=0.5148  m6_ic=0.0649
[20:38:34]   HIT  FTSE_CHINA_50      rate             lag=  7 m5_p=0.9913  m6_ic=0.0363
[20:38:34]   HIT  FTSE_CHINA_50      rate             lag= 14 m5_p=0.2687  m6_ic=0.0479
[20:38:34]   HIT  FTSE_CHINA_50      ruble            lag=  1 m5_p=0.9901  m6_ic=0.0409
[20:38:35]   HIT  FTSE_CHINA_50      ruble            lag= 30 m5_p=0.3880  m6_ic=0.0817
[20:38:35]   HIT  FTSE_CHINA_50      sanctions        lag= 14 m5_p=0.0897  m6_ic=0.0445
[20:38:36]   HIT  FTSE_CHINA_50      sanctions        lag= 30 m5_p=0.4187  m6_ic=0.0440
[20:38:36]   HIT  FTSE_CHINA_50      inflation        lag=  1 m5_p=0.6470  m6_ic=0.0428
[20:38:36]   HIT  FTSE_CHINA_50      inflation        lag=  7 m5_p=0.3905  m6_ic=0.0340
[20:38:36]   HIT  FTSE_CHINA_50      inflation        lag= 30 m5_p=0.6986  m6_ic=0.0496
[20:38:37]   HIT  FTSE_CHINA_50      banking          lag=  1 m5_p=0.6430  m6_ic=0.0363
[20:38:37]   HIT  FTSE_CHINA_50      banking          lag= 14 m5_p=0.1179  m6_ic=0.0360
[20:38:37]   HIT  FTSE_CHINA_50      gold             lag=  1 m5_p=0.6650  m6_ic=0.0336
[20:38:38]   HIT  FTSE_CHINA_50      gold             lag=  7 m5_p=0.1741  m6_ic=0.0432
[20:38:38]   HIT  FTSE_CHINA_50      gold             lag= 14 m5_p=0.9787  m6_ic=0.0412
[20:38:38]   HIT  FTSE_CHINA_50      gold             lag= 30 m5_p=0.3984  m6_ic=0.0550
[20:38:38]   HIT  GOLD               oil              lag=  1 m5_p=0.9532  m6_ic=0.0326
[20:38:39]   HIT  GOLD               oil              lag= 30 m5_p=0.3688  m6_ic=0.0932
[20:38:40]   HIT  GOLD               ruble            lag=  1 m5_p=0.7153  m6_ic=0.0798
[20:38:40]   HIT  GOLD               ruble            lag=  7 m5_p=0.6456  m6_ic=0.1263
[20:38:40]   HIT  GOLD               ruble            lag= 14 m5_p=0.4860  m6_ic=0.0612
[20:38:40]   HIT  GOLD               ruble            lag= 30 m5_p=0.7346  m6_ic=0.0603
[20:38:40]   HIT  GOLD               sanctions        lag=  1 m5_p=0.9744  m6_ic=0.0562
[20:38:41]   HIT  GOLD               sanctions        lag=  7 m5_p=0.5785  m6_ic=0.0424
[20:38:41]   HIT  GOLD               sanctions        lag= 30 m5_p=0.0448  m6_ic=0.0603
[20:38:41]   HIT  GOLD               inflation        lag=  1 m5_p=0.0726  m6_ic=0.0479
[20:38:42]   HIT  GOLD               inflation        lag= 30 m5_p=0.3846  m6_ic=0.0750
[20:38:42]   HIT  GOLD               banking          lag=  1 m5_p=0.2110  m6_ic=0.0443
[20:38:42]   HIT  GOLD               banking          lag=  7 m5_p=0.6102  m6_ic=0.0774
[20:38:42]   HIT  GOLD               banking          lag= 14 m5_p=0.4794  m6_ic=0.0343
[20:38:43]   HIT  GOLD               gold             lag=  7 m5_p=0.7286  m6_ic=0.0902
[20:38:43]   HIT  GOLD               gold             lag= 14 m5_p=0.2403  m6_ic=0.0845
[20:38:43]   HIT  GOLD               gold             lag= 30 m5_p=0.7674  m6_ic=0.0310
[20:38:43]   HIT  SILVER             oil              lag=  1 m5_p=0.5583  m6_ic=0.0637
[20:38:44]   HIT  SILVER             oil              lag=  7 m5_p=0.7134  m6_ic=0.0428
[20:38:44]   HIT  SILVER             oil              lag= 30 m5_p=0.9348  m6_ic=0.0440
[20:38:44]   HIT  SILVER             rate             lag=  7 m5_p=0.5172  m6_ic=0.0744
[20:38:45]   HIT  SILVER             rate             lag= 14 m5_p=0.5417  m6_ic=0.0392
[20:38:45]   HIT  SILVER             rate             lag= 30 m5_p=0.2067  m6_ic=0.0430
[20:38:45]   HIT  SILVER             ruble            lag= 14 m5_p=0.7541  m6_ic=0.0504
[20:38:46]   HIT  SILVER             ruble            lag= 30 m5_p=0.5015  m6_ic=0.0913
[20:38:46]   HIT  SILVER             sanctions        lag=  7 m5_p=0.7734  m6_ic=0.0438
[20:38:46]   HIT  SILVER             sanctions        lag= 14 m5_p=0.2520  m6_ic=0.0362
[20:38:46]   HIT  SILVER             sanctions        lag= 30 m5_p=0.2898  m6_ic=0.0987
[20:38:46]   HIT  SILVER             inflation        lag=  1 m5_p=0.4563  m6_ic=0.1023
[20:38:47]   HIT  SILVER             inflation        lag= 14 m5_p=0.5560  m6_ic=0.0378
[20:38:47]   HIT  SILVER             banking          lag=  1 m5_p=0.8597  m6_ic=0.1069
[20:38:48]   HIT  SILVER             banking          lag=  7 m5_p=0.7958  m6_ic=0.1034
[20:38:48]   HIT  SILVER             banking          lag= 14 m5_p=0.7033  m6_ic=0.0433
[20:38:48]   HIT  SILVER             banking          lag= 30 m5_p=0.4961  m6_ic=0.0565
[20:38:48]   HIT  SILVER             gold             lag=  1 m5_p=0.5015  m6_ic=0.0709
[20:38:48]   HIT  SILVER             gold             lag= 14 m5_p=0.9397  m6_ic=0.0362
[20:38:49]   HIT  IMOEX              oil              lag=  7 m5_p=0.3656  m6_ic=0.0982
[20:38:49]   HIT  IMOEX              oil              lag= 14 m5_p=0.6076  m6_ic=0.0473
[20:38:50]   HIT  IMOEX              rate             lag=  1 m5_p=0.1954  m6_ic=0.0644
[20:38:50]   HIT  IMOEX              rate             lag= 14 m5_p=0.2500  m6_ic=0.0539
[20:38:50]   HIT  IMOEX              rate             lag= 30 m5_p=0.7067  m6_ic=0.1142
[20:38:50]   HIT  IMOEX              ruble            lag=  1 m5_p=0.6798  m6_ic=0.0638
[20:38:51]   HIT  IMOEX              ruble            lag=  7 m5_p=0.3416  m6_ic=0.0426
[20:38:51]   HIT  IMOEX              ruble            lag= 30 m5_p=0.8905  m6_ic=0.0697
[20:38:52]   HIT  IMOEX              sanctions        lag= 14 m5_p=0.9472  m6_ic=0.0559
[20:38:52]   HIT  IMOEX              inflation        lag=  1 m5_p=0.1679  m6_ic=0.0467
[20:38:52]   HIT  IMOEX              inflation        lag=  7 m5_p=0.5877  m6_ic=0.0634
[20:38:53]   HIT  IMOEX              inflation        lag= 30 m5_p=0.5803  m6_ic=0.1008
[20:38:53]   HIT  IMOEX              banking          lag=  1 m5_p=0.2253  m6_ic=0.1129
[20:38:53]   HIT  IMOEX              banking          lag= 30 m5_p=0.6247  m6_ic=0.0719
[20:38:54]   HIT  IMOEX              gold             lag=  1 m5_p=0.1881  m6_ic=0.0330
[20:38:54]   HIT  IMOEX              gold             lag=  7 m5_p=0.8441  m6_ic=0.0457
[20:38:55]   HIT  MOEXFN             oil              lag=  7 m5_p=0.3823  m6_ic=0.0555
[20:38:55]   HIT  MOEXFN             rate             lag=  1 m5_p=0.1128  m6_ic=0.0572
[20:38:56]   HIT  MOEXFN             rate             lag= 30 m5_p=0.9347  m6_ic=0.0956
[20:38:56]   HIT  MOEXFN             ruble            lag=  1 m5_p=0.3256  m6_ic=0.0750
[20:38:56]   HIT  MOEXFN             ruble            lag=  7 m5_p=0.6758  m6_ic=0.0360
[20:38:57]   HIT  MOEXFN             ruble            lag= 30 m5_p=0.6894  m6_ic=0.0504
[20:38:57]   HIT  MOEXFN             sanctions        lag=  7 m5_p=0.7753  m6_ic=0.0594
[20:38:57]   HIT  MOEXFN             sanctions        lag= 14 m5_p=0.9255  m6_ic=0.0561
[20:38:57]   HIT  MOEXFN             sanctions        lag= 30 m5_p=0.3461  m6_ic=0.0867
[20:38:58]   HIT  MOEXFN             inflation        lag=  1 m5_p=0.0918  m6_ic=0.0509
[20:38:58]   HIT  MOEXFN             banking          lag=  1 m5_p=0.1911  m6_ic=0.0902
[20:38:59]   HIT  MOEXFN             banking          lag=  7 m5_p=0.3546  m6_ic=0.0357
[20:38:59]   HIT  MOEXFN             banking          lag= 30 m5_p=0.2464  m6_ic=0.1143
[20:38:59]   HIT  MOEXFN             gold             lag=  7 m5_p=0.6910  m6_ic=0.0444
[20:39:00]   HIT  MOEXOG             oil              lag=  7 m5_p=0.4351  m6_ic=0.1201
[20:39:00]   HIT  MOEXOG             oil              lag= 14 m5_p=0.5055  m6_ic=0.0430
[20:39:01]   HIT  MOEXOG             oil              lag= 30 m5_p=0.6199  m6_ic=0.0678
[20:39:01]   HIT  MOEXOG             rate             lag=  1 m5_p=0.1240  m6_ic=0.0447
[20:39:01]   HIT  MOEXOG             rate             lag= 14 m5_p=0.2992  m6_ic=0.0307
[20:39:01]   HIT  MOEXOG             rate             lag= 30 m5_p=0.9974  m6_ic=0.1017
[20:39:02]   HIT  MOEXOG             ruble            lag=  1 m5_p=0.7496  m6_ic=0.0840
[20:39:02]   HIT  MOEXOG             ruble            lag=  7 m5_p=0.4303  m6_ic=0.0639
[20:39:02]   HIT  MOEXOG             ruble            lag= 30 m5_p=0.4104  m6_ic=0.1030
[20:39:03]   HIT  MOEXOG             sanctions        lag=  7 m5_p=0.1408  m6_ic=0.0445
[20:39:03]   HIT  MOEXOG             sanctions        lag= 14 m5_p=0.9303  m6_ic=0.0472
[20:39:03]   HIT  MOEXOG             sanctions        lag= 30 m5_p=0.9924  m6_ic=0.0328
[20:39:03]   HIT  MOEXOG             inflation        lag=  7 m5_p=0.4974  m6_ic=0.0594
[20:39:04]   HIT  MOEXOG             inflation        lag= 30 m5_p=0.1695  m6_ic=0.1147
[20:39:04]   HIT  MOEXOG             banking          lag=  1 m5_p=0.1295  m6_ic=0.1578
[20:39:04]   HIT  MOEXOG             banking          lag=  7 m5_p=0.2620  m6_ic=0.0737
[20:39:04]   HIT  MOEXOG             banking          lag= 14 m5_p=0.2146  m6_ic=0.0304
[20:39:05]   HIT  MOEXOG             banking          lag= 30 m5_p=0.1279  m6_ic=0.0343
[20:39:05]   HIT  MOEXOG             gold             lag=  1 m5_p=0.1103  m6_ic=0.0536
[20:39:05]   HIT  MOEXOG             gold             lag= 30 m5_p=0.7551  m6_ic=0.0595
[20:39:06]   HIT  MOEX10             oil              lag=  7 m5_p=0.3970  m6_ic=0.0669
[20:39:06]   HIT  MOEX10             oil              lag= 14 m5_p=0.8907  m6_ic=0.0437
[20:39:06]   HIT  MOEX10             oil              lag= 30 m5_p=0.4688  m6_ic=0.0402
[20:39:06]   HIT  MOEX10             rate             lag=  1 m5_p=0.1918  m6_ic=0.0642
[20:39:07]   HIT  MOEX10             rate             lag= 14 m5_p=0.3288  m6_ic=0.0401
[20:39:07]   HIT  MOEX10             rate             lag= 30 m5_p=0.4227  m6_ic=0.1644
[20:39:07]   HIT  MOEX10             ruble            lag=  1 m5_p=0.7842  m6_ic=0.0666
[20:39:07]   HIT  MOEX10             ruble            lag=  7 m5_p=0.5689  m6_ic=0.0365
[20:39:07]   HIT  MOEX10             ruble            lag= 14 m5_p=0.4969  m6_ic=0.0568
[20:39:08]   HIT  MOEX10             ruble            lag= 30 m5_p=0.5129  m6_ic=0.0473
[20:39:08]   HIT  MOEX10             sanctions        lag= 14 m5_p=0.8578  m6_ic=0.0368
[20:39:09]   HIT  MOEX10             inflation        lag=  1 m5_p=0.1634  m6_ic=0.0644
[20:39:09]   HIT  MOEX10             inflation        lag=  7 m5_p=0.6236  m6_ic=0.0318
[20:39:09]   HIT  MOEX10             banking          lag=  1 m5_p=0.2926  m6_ic=0.0754
[20:39:10]   HIT  MOEX10             banking          lag= 30 m5_p=0.2579  m6_ic=0.1062
[20:39:11]     Train: 269 signals
[20:39:11]     Val holdout (269 candidates)...
[20:39:11]     VAL PASS  SP500              oil              lag=  1  m6_ic=0.0550
[20:39:11]     VAL PASS  SP500              oil              lag=  7  m6_ic=0.0566
[20:39:12]     VAL PASS  SP500              rate             lag= 30  m6_ic=0.0611
[20:39:12]     VAL PASS  SP500              ruble            lag=  7  m6_ic=0.0657
[20:39:12]     VAL PASS  SP500              inflation        lag= 14  m6_ic=0.1072
[20:39:12]     VAL PASS  SP500              banking          lag=  7  m6_ic=0.0827
[20:39:13]     VAL PASS  SP500              gold             lag=  7  m6_ic=0.0408
[20:39:13]     VAL PASS  USD_RUB            oil              lag=  1  m6_ic=0.1082
[20:39:13]     VAL PASS  USD_RUB            oil              lag= 30  m6_ic=0.1140
[20:39:13]     VAL PASS  USD_RUB            rate             lag=  1  m6_ic=0.0635
[20:39:14]     VAL PASS  USD_RUB            rate             lag= 14  m6_ic=0.1297
[20:39:14]     VAL PASS  USD_RUB            rate             lag= 30  m6_ic=0.0577
[20:39:14]     VAL PASS  USD_RUB            ruble            lag=  1  m6_ic=0.0704
[20:39:14]     VAL PASS  USD_RUB            ruble            lag=  7  m6_ic=0.0754
[20:39:15]     VAL PASS  USD_RUB            ruble            lag= 14  m6_ic=0.1186
[20:39:15]     VAL PASS  USD_RUB            sanctions        lag=  7  m6_ic=0.0796
[20:39:15]     VAL PASS  USD_RUB            sanctions        lag= 14  m6_ic=0.1077
[20:39:15]     VAL PASS  USD_RUB            sanctions        lag= 30  m6_ic=0.0894
[20:39:16]     VAL PASS  USD_RUB            inflation        lag=  7  m6_ic=0.0707
[20:39:16]     VAL PASS  EUR_RUB            oil              lag=  1  m6_ic=0.1082
[20:39:17]     VAL PASS  EUR_RUB            oil              lag= 30  m6_ic=0.1140
[20:39:17]     VAL PASS  EUR_RUB            rate             lag=  1  m6_ic=0.0635
[20:39:17]     VAL PASS  EUR_RUB            rate             lag= 14  m6_ic=0.1297
[20:39:18]     VAL PASS  EUR_RUB            rate             lag= 30  m6_ic=0.0577
[20:39:18]     VAL PASS  EUR_RUB            ruble            lag=  1  m6_ic=0.0704
[20:39:18]     VAL PASS  EUR_RUB            ruble            lag=  7  m6_ic=0.0754
[20:39:18]     VAL PASS  EUR_RUB            ruble            lag= 14  m6_ic=0.1186
[20:39:19]     VAL PASS  EUR_RUB            sanctions        lag=  7  m6_ic=0.0796
[20:39:19]     VAL PASS  EUR_RUB            sanctions        lag= 14  m6_ic=0.1077
[20:39:19]     VAL PASS  EUR_RUB            sanctions        lag= 30  m6_ic=0.0894
[20:39:19]     VAL PASS  EUR_RUB            inflation        lag=  7  m6_ic=0.0707
[20:39:21]     VAL PASS  DJ_SOUTH_AFRICA    sanctions        lag=  1  m6_ic=0.0457
[20:39:21]     VAL PASS  DJ_SOUTH_AFRICA    sanctions        lag=  7  m6_ic=0.0566
[20:39:21]     VAL PASS  DJ_SOUTH_AFRICA    sanctions        lag= 14  m6_ic=0.0420
[20:39:22]     VAL PASS  DJ_SOUTH_AFRICA    sanctions        lag= 30  m6_ic=0.0423
[20:39:22]     VAL PASS  DJ_SOUTH_AFRICA    inflation        lag= 30  m6_ic=0.0358
[20:39:22]     VAL PASS  DJ_SOUTH_AFRICA    banking          lag=  1  m6_ic=0.0851
[20:39:22]     VAL PASS  DJ_SOUTH_AFRICA    banking          lag=  7  m6_ic=0.0443
[20:39:23]     VAL PASS  DJ_SOUTH_AFRICA    banking          lag= 30  m6_ic=0.0356
[20:39:23]     VAL PASS  DJ_SOUTH_AFRICA    gold             lag=  1  m6_ic=0.0555
[20:39:23]     VAL PASS  DJ_SOUTH_AFRICA    gold             lag=  7  m6_ic=0.0551
[20:39:23]     VAL PASS  DJ_SOUTH_AFRICA    gold             lag= 14  m6_ic=0.0637
[20:39:24]     VAL PASS  DJ_SOUTH_AFRICA    gold             lag= 30  m6_ic=0.1073
[20:39:24]     VAL PASS  MSCI_WORLD         oil              lag= 14  m6_ic=0.0649
[20:39:24]     VAL PASS  MSCI_WORLD         oil              lag= 30  m6_ic=0.0348
[20:39:24]     VAL PASS  MSCI_WORLD         rate             lag=  1  m6_ic=0.0303
[20:39:25]     VAL PASS  MSCI_WORLD         rate             lag= 14  m6_ic=0.0896
[20:39:25]     VAL PASS  MSCI_WORLD         rate             lag= 30  m6_ic=0.0506
[20:39:26]     VAL PASS  MSCI_WORLD         banking          lag=  1  m6_ic=0.0556
[20:39:27]     VAL PASS  MSCI_WORLD         banking          lag= 30  m6_ic=0.0343
[20:39:27]     VAL PASS  DXY                oil              lag= 14  m6_ic=0.1204
[20:39:28]     VAL PASS  DXY                rate             lag=  7  m6_ic=0.0960
[20:39:28]     VAL PASS  DXY                rate             lag= 30  m6_ic=0.0832
[20:39:28]     VAL PASS  DXY                ruble            lag= 30  m6_ic=0.0981
[20:39:28]     VAL PASS  DXY                sanctions        lag=  7  m6_ic=0.0456
[20:39:28]     VAL PASS  DXY                sanctions        lag= 14  m6_ic=0.0308
[20:39:29]     VAL PASS  DXY                banking          lag=  7  m6_ic=0.0908
[20:39:29]     VAL PASS  DXY                banking          lag= 14  m6_ic=0.0449
[20:39:29]     VAL PASS  DXY                banking          lag= 30  m6_ic=0.0622
[20:39:29]     VAL PASS  DXY                gold             lag= 14  m6_ic=0.0884
[20:39:30]     VAL PASS  DXY                gold             lag= 30  m6_ic=0.0407
[20:39:30]     VAL PASS  BRENT              oil              lag= 14  m6_ic=0.0876
[20:39:30]     VAL PASS  BRENT              oil              lag= 30  m6_ic=0.0938
[20:39:30]     VAL PASS  BRENT              rate             lag= 14  m6_ic=0.0323
[20:39:31]     VAL PASS  BRENT              ruble            lag= 14  m6_ic=0.0517
[20:39:31]     VAL PASS  BRENT              sanctions        lag=  7  m6_ic=0.0416
[20:39:32]     VAL PASS  BRENT              inflation        lag= 30  m6_ic=0.0655
[20:39:33]     VAL PASS  MSCI_INDIA         oil              lag=  7  m6_ic=0.0566
[20:39:33]     VAL PASS  MSCI_INDIA         rate             lag=  7  m6_ic=0.0834
[20:39:34]     VAL PASS  MSCI_INDIA         rate             lag= 30  m6_ic=0.1738
[20:39:34]     VAL PASS  MSCI_INDIA         sanctions        lag=  1  m6_ic=0.1118
[20:39:34]     VAL PASS  MSCI_INDIA         inflation        lag=  1  m6_ic=0.0506
[20:39:34]     VAL PASS  MSCI_INDIA         inflation        lag= 30  m6_ic=0.0443
[20:39:35]     VAL PASS  MSCI_INDIA         banking          lag=  1  m6_ic=0.0486
[20:39:35]     VAL PASS  MSCI_INDIA         banking          lag=  7  m6_ic=0.0330
[20:39:35]     VAL PASS  MSCI_INDIA         banking          lag= 30  m6_ic=0.0722
[20:39:35]     VAL PASS  MSCI_INDIA         gold             lag=  1  m6_ic=0.0812
[20:39:36]     VAL PASS  CHINA_H_SHARES     rate             lag=  1  m6_ic=0.0515
[20:39:36]     VAL PASS  CHINA_H_SHARES     rate             lag=  7  m6_ic=0.0504
[20:39:37]     VAL PASS  CHINA_H_SHARES     rate             lag= 14  m6_ic=0.0901
[20:39:37]     VAL PASS  CHINA_H_SHARES     ruble            lag=  1  m6_ic=0.0727
[20:39:37]     VAL PASS  CHINA_H_SHARES     ruble            lag= 30  m6_ic=0.0745
[20:39:37]     VAL PASS  CHINA_H_SHARES     sanctions        lag=  1  m6_ic=0.0463
[20:39:37]     VAL PASS  CHINA_H_SHARES     sanctions        lag= 14  m6_ic=0.0627
[20:39:37]     VAL PASS  CHINA_H_SHARES     sanctions        lag= 30  m6_ic=0.0977
[20:39:38]     VAL PASS  CHINA_H_SHARES     banking          lag= 14  m6_ic=0.0575
[20:39:38]     VAL PASS  CHINA_H_SHARES     gold             lag= 14  m6_ic=0.0951
[20:39:39]     VAL PASS  FTSE_CHINA_50      oil              lag=  1  m6_ic=0.0758
[20:39:39]     VAL PASS  FTSE_CHINA_50      oil              lag=  7  m6_ic=0.0351
[20:39:39]     VAL PASS  FTSE_CHINA_50      rate             lag=  1  m6_ic=0.0715
[20:39:39]     VAL PASS  FTSE_CHINA_50      rate             lag=  7  m6_ic=0.0946
[20:39:40]     VAL PASS  FTSE_CHINA_50      rate             lag= 14  m6_ic=0.0461
[20:39:40]     VAL PASS  FTSE_CHINA_50      ruble            lag= 30  m6_ic=0.0522
[20:39:40]     VAL PASS  FTSE_CHINA_50      sanctions        lag= 30  m6_ic=0.0720
[20:39:40]     VAL PASS  FTSE_CHINA_50      inflation        lag=  1  m6_ic=0.0345
[20:39:41]     VAL PASS  FTSE_CHINA_50      inflation        lag=  7  m6_ic=0.0458
[20:39:41]     VAL PASS  FTSE_CHINA_50      gold             lag=  7  m6_ic=0.0381
[20:39:42]     VAL PASS  FTSE_CHINA_50      gold             lag= 14  m6_ic=0.0526
[20:39:42]     VAL PASS  FTSE_CHINA_50      gold             lag= 30  m6_ic=0.0736
[20:39:42]     VAL PASS  GOLD               oil              lag=  1  m6_ic=0.0851
[20:39:42]     VAL PASS  GOLD               oil              lag= 30  m6_ic=0.0743
[20:39:42]     VAL PASS  GOLD               ruble            lag=  7  m6_ic=0.0650
[20:39:43]     VAL PASS  GOLD               ruble            lag= 14  m6_ic=0.0500
[20:39:43]     VAL PASS  GOLD               ruble            lag= 30  m6_ic=0.0531
[20:39:43]     VAL PASS  GOLD               sanctions        lag=  1  m6_ic=0.0581
[20:39:43]     VAL PASS  GOLD               sanctions        lag=  7  m6_ic=0.0909
[20:39:44]     VAL PASS  GOLD               inflation        lag=  1  m6_ic=0.0616
[20:39:44]     VAL PASS  GOLD               inflation        lag= 30  m6_ic=0.0763
[20:39:44]     VAL PASS  GOLD               banking          lag=  1  m6_ic=0.0610
[20:39:44]     VAL PASS  GOLD               banking          lag=  7  m6_ic=0.0414
[20:39:44]     VAL PASS  GOLD               banking          lag= 14  m6_ic=0.0503
[20:39:46]     VAL PASS  SILVER             rate             lag= 14  m6_ic=0.1188
[20:39:46]     VAL PASS  SILVER             rate             lag= 30  m6_ic=0.0396
[20:39:46]     VAL PASS  SILVER             ruble            lag= 14  m6_ic=0.0338
[20:39:46]     VAL PASS  SILVER             ruble            lag= 30  m6_ic=0.0367
[20:39:46]     VAL PASS  SILVER             sanctions        lag=  7  m6_ic=0.0692
[20:39:47]     VAL PASS  SILVER             inflation        lag=  1  m6_ic=0.0842
[20:39:47]     VAL PASS  SILVER             inflation        lag= 14  m6_ic=0.0577
[20:39:47]     VAL PASS  SILVER             banking          lag=  1  m6_ic=0.0579
[20:39:48]     VAL PASS  SILVER             banking          lag= 30  m6_ic=0.0373
[20:39:48]     VAL PASS  SILVER             gold             lag=  1  m6_ic=0.0628
[20:39:48]     VAL PASS  SILVER             gold             lag= 14  m6_ic=0.0476
[20:39:48]     VAL PASS  IMOEX              oil              lag= 14  m6_ic=0.0326
[20:39:49]     VAL PASS  IMOEX              rate             lag= 14  m6_ic=0.0616
[20:39:49]     VAL PASS  IMOEX              rate             lag= 30  m6_ic=0.0468
[20:39:49]     VAL PASS  IMOEX              ruble            lag=  1  m6_ic=0.0661
[20:39:49]     VAL PASS  IMOEX              ruble            lag=  7  m6_ic=0.0732
[20:39:49]     VAL PASS  IMOEX              ruble            lag= 30  m6_ic=0.1228
[20:39:50]     VAL PASS  IMOEX              sanctions        lag= 14  m6_ic=0.0891
[20:39:50]     VAL PASS  IMOEX              inflation        lag=  1  m6_ic=0.0482
[20:39:50]     VAL PASS  IMOEX              inflation        lag=  7  m6_ic=0.0720
[20:39:50]     VAL PASS  IMOEX              banking          lag= 30  m6_ic=0.0438
[20:39:51]     VAL PASS  IMOEX              gold             lag=  1  m6_ic=0.0407
[20:39:51]     VAL PASS  MOEXFN             ruble            lag=  1  m6_ic=0.0466
[20:39:52]     VAL PASS  MOEXFN             ruble            lag=  7  m6_ic=0.0524
[20:39:52]     VAL PASS  MOEXFN             ruble            lag= 30  m6_ic=0.1087
[20:39:52]     VAL PASS  MOEXFN             sanctions        lag=  7  m6_ic=0.0638
[20:39:52]     VAL PASS  MOEXFN             sanctions        lag= 14  m6_ic=0.0785
[20:39:52]     VAL PASS  MOEXFN             sanctions        lag= 30  m6_ic=0.0793
[20:39:53]     VAL PASS  MOEXFN             inflation        lag=  1  m6_ic=0.0818
[20:39:53]     VAL PASS  MOEXFN             banking          lag=  1  m6_ic=0.0471
[20:39:53]     VAL PASS  MOEXFN             banking          lag=  7  m6_ic=0.0529
[20:39:54]     VAL PASS  MOEXOG             oil              lag= 14  m6_ic=0.0340
[20:39:54]     VAL PASS  MOEXOG             oil              lag= 30  m6_ic=0.0663
[20:39:54]     VAL PASS  MOEXOG             rate             lag=  1  m6_ic=0.0423
[20:39:54]     VAL PASS  MOEXOG             rate             lag= 14  m6_ic=0.0638
[20:39:55]     VAL PASS  MOEXOG             ruble            lag=  1  m6_ic=0.0505
[20:39:55]     VAL PASS  MOEXOG             ruble            lag=  7  m6_ic=0.0791
[20:39:55]     VAL PASS  MOEXOG             ruble            lag= 30  m6_ic=0.0750
[20:39:55]     VAL PASS  MOEXOG             sanctions        lag=  7  m6_ic=0.0534
[20:39:55]     VAL PASS  MOEXOG             sanctions        lag= 14  m6_ic=0.1024
[20:39:55]     VAL PASS  MOEXOG             sanctions        lag= 30  m6_ic=0.0510
[20:39:56]     VAL PASS  MOEXOG             inflation        lag=  7  m6_ic=0.0845
[20:39:56]     VAL PASS  MOEXOG             banking          lag=  1  m6_ic=0.0887
[20:39:56]     VAL PASS  MOEXOG             banking          lag=  7  m6_ic=0.1396
[20:39:57]     VAL PASS  MOEXOG             gold             lag=  1  m6_ic=0.0336
[20:39:57]     VAL PASS  MOEXOG             gold             lag= 30  m6_ic=0.0948
[20:39:57]     VAL PASS  MOEX10             oil              lag= 14  m6_ic=0.0647
[20:39:58]     VAL PASS  MOEX10             oil              lag= 30  m6_ic=0.0521
[20:39:58]     VAL PASS  MOEX10             rate             lag=  1  m6_ic=0.0330
[20:39:58]     VAL PASS  MOEX10             rate             lag= 30  m6_ic=0.0587
[20:39:58]     VAL PASS  MOEX10             ruble            lag=  1  m6_ic=0.0559
[20:39:58]     VAL PASS  MOEX10             ruble            lag=  7  m6_ic=0.0819
[20:39:59]     VAL PASS  MOEX10             ruble            lag= 14  m6_ic=0.0718
[20:39:59]     VAL PASS  MOEX10             ruble            lag= 30  m6_ic=0.0542
[20:39:59]     VAL PASS  MOEX10             sanctions        lag= 14  m6_ic=0.0879
[20:39:59]     VAL PASS  MOEX10             inflation        lag=  1  m6_ic=0.0420
[20:39:59]     VAL PASS  MOEX10             inflation        lag=  7  m6_ic=0.0700
[20:39:59]     VAL PASS  MOEX10             banking          lag=  1  m6_ic=0.0310
[20:40:00]     Val: 169/269 held
[20:40:00]   → train=269  val=169  max_ic=0.1644  score=2838.0
[20:40:00] 
============================================================
[20:40:00] FINAL REPORT
[20:40:00] ============================================================
[20:40:00] Report: C:\project\signal_mind\analytics\phase_b\night_search\night_report_20260520_203734.md
[20:40:00] Hits CSV: C:\project\signal_mind\analytics\phase_b\night_search\night_hits_20260520_203734.csv
[20:40:00] 
[2/15] sweep_keyword_raw_abs_return  (budget=34min)
[20:40:00]   Config: sweep_keyword_raw_abs_return
[20:40:00]     feature=keyword_raw  target=abs_return  ensemble=M6_only  ic_min=0.03
[20:40:00]   HIT  SP500              oil              lag=  1 m5_p=0.6627  m6_ic=0.0539
[20:40:00]   HIT  SP500              oil              lag=  7 m5_p=0.5171  m6_ic=0.0363
[20:40:01]   HIT  SP500              rate             lag= 14 m5_p=0.5287  m6_ic=0.0301
[20:40:01]   HIT  SP500              rate             lag= 30 m5_p=0.9348  m6_ic=0.0314
[20:40:02]   HIT  SP500              ruble            lag=  7 m5_p=0.9108  m6_ic=0.0474
[20:40:02]   HIT  SP500              ruble            lag= 30 m5_p=0.0762  m6_ic=0.0413
[20:40:04]   HIT  SP500              inflation        lag= 14 m5_p=0.5948  m6_ic=0.0655
[20:40:04]   HIT  SP500              banking          lag=  7 m5_p=0.3701  m6_ic=0.0536
[20:40:05]   HIT  SP500              gold             lag=  7 m5_p=0.8524  m6_ic=0.0942
[20:40:05]   HIT  USD_RUB            oil              lag=  1 m5_p=0.4151  m6_ic=0.0614
[20:40:06]   HIT  USD_RUB            oil              lag= 14 m5_p=0.6241  m6_ic=0.0417
[20:40:06]   HIT  USD_RUB            oil              lag= 30 m5_p=0.1626  m6_ic=0.0698
[20:40:06]   HIT  USD_RUB            rate             lag=  1 m5_p=0.7527  m6_ic=0.0950
[20:40:06]   HIT  USD_RUB            rate             lag=  7 m5_p=0.8101  m6_ic=0.0394
[20:40:07]   HIT  USD_RUB            rate             lag= 14 m5_p=0.7542  m6_ic=0.0378
[20:40:07]   HIT  USD_RUB            rate             lag= 30 m5_p=0.9971  m6_ic=0.0479
[20:40:07]   HIT  USD_RUB            ruble            lag=  1 m5_p=0.7646  m6_ic=0.0442
[20:40:07]   HIT  USD_RUB            ruble            lag=  7 m5_p=0.4884  m6_ic=0.0483
[20:40:07]   HIT  USD_RUB            ruble            lag= 14 m5_p=0.9676  m6_ic=0.1183
[20:40:08]   HIT  USD_RUB            sanctions        lag=  1 m5_p=0.0777  m6_ic=0.1348
[20:40:08]   HIT  USD_RUB            sanctions        lag=  7 m5_p=0.9775  m6_ic=0.0313
[20:40:08]   HIT  USD_RUB            sanctions        lag= 14 m5_p=0.1527  m6_ic=0.0743
[20:40:08]   HIT  USD_RUB            sanctions        lag= 30 m5_p=0.6349  m6_ic=0.0726
[20:40:09]   HIT  USD_RUB            inflation        lag=  1 m5_p=0.8798  m6_ic=0.0351
[20:40:09]   HIT  USD_RUB            inflation        lag=  7 m5_p=0.9352  m6_ic=0.0371
[20:40:09]   HIT  USD_RUB            inflation        lag= 14 m5_p=0.5422  m6_ic=0.0338
[20:40:10]   HIT  USD_RUB            banking          lag= 14 m5_p=0.8158  m6_ic=0.0645
[20:40:10]   HIT  USD_RUB            banking          lag= 30 m5_p=0.6790  m6_ic=0.0792
[20:40:11]   HIT  USD_RUB            gold             lag= 14 m5_p=0.9653  m6_ic=0.0307
[20:40:11]   HIT  EUR_RUB            oil              lag=  1 m5_p=0.4151  m6_ic=0.0614
[20:40:11]   HIT  EUR_RUB            oil              lag= 14 m5_p=0.6241  m6_ic=0.0417
[20:40:12]   HIT  EUR_RUB            oil              lag= 30 m5_p=0.1626  m6_ic=0.0698
[20:40:12]   HIT  EUR_RUB            rate             lag=  1 m5_p=0.7527  m6_ic=0.0950
[20:40:12]   HIT  EUR_RUB            rate             lag=  7 m5_p=0.8101  m6_ic=0.0394
[20:40:12]   HIT  EUR_RUB            rate             lag= 14 m5_p=0.7542  m6_ic=0.0378
[20:40:12]   HIT  EUR_RUB            rate             lag= 30 m5_p=0.9971  m6_ic=0.0479
[20:40:13]   HIT  EUR_RUB            ruble            lag=  1 m5_p=0.7646  m6_ic=0.0442
[20:40:13]   HIT  EUR_RUB            ruble            lag=  7 m5_p=0.4884  m6_ic=0.0483
[20:40:13]   HIT  EUR_RUB            ruble            lag= 14 m5_p=0.9676  m6_ic=0.1183
[20:40:13]   HIT  EUR_RUB            sanctions        lag=  1 m5_p=0.0777  m6_ic=0.1348
[20:40:14]   HIT  EUR_RUB            sanctions        lag=  7 m5_p=0.9775  m6_ic=0.0313
[20:40:14]   HIT  EUR_RUB            sanctions        lag= 14 m5_p=0.1527  m6_ic=0.0743
[20:40:14]   HIT  EUR_RUB            sanctions        lag= 30 m5_p=0.6349  m6_ic=0.0726
[20:40:14]   HIT  EUR_RUB            inflation        lag=  1 m5_p=0.8798  m6_ic=0.0351
[20:40:14]   HIT  EUR_RUB            inflation        lag=  7 m5_p=0.9352  m6_ic=0.0371
[20:40:15]   HIT  EUR_RUB            inflation        lag= 14 m5_p=0.5422  m6_ic=0.0338
[20:40:15]   HIT  EUR_RUB            banking          lag= 14 m5_p=0.8158  m6_ic=0.0645
[20:40:16]   HIT  EUR_RUB            banking          lag= 30 m5_p=0.6790  m6_ic=0.0792
[20:40:16]   HIT  EUR_RUB            gold             lag= 14 m5_p=0.9653  m6_ic=0.0307
[20:40:17]   HIT  DJ_SOUTH_AFRICA    oil              lag=  7 m5_p=0.4695  m6_ic=0.0444
[20:40:18]   HIT  DJ_SOUTH_AFRICA    rate             lag= 30 m5_p=0.5259  m6_ic=0.0386
[20:40:18]   HIT  DJ_SOUTH_AFRICA    ruble            lag= 14 m5_p=0.8469  m6_ic=0.0706
[20:40:19]   HIT  DJ_SOUTH_AFRICA    ruble            lag= 30 m5_p=0.4112  m6_ic=0.0331
[20:40:19]   HIT  DJ_SOUTH_AFRICA    sanctions        lag=  1 m5_p=0.7779  m6_ic=0.1255
[20:40:19]   HIT  DJ_SOUTH_AFRICA    sanctions        lag=  7 m5_p=0.4984  m6_ic=0.0476
[20:40:19]   HIT  DJ_SOUTH_AFRICA    sanctions        lag= 14 m5_p=0.0167  m6_ic=0.0383
[20:40:20]   HIT  DJ_SOUTH_AFRICA    sanctions        lag= 30 m5_p=0.1325  m6_ic=0.0511
[20:40:20]   HIT  DJ_SOUTH_AFRICA    inflation        lag=  1 m5_p=0.4426  m6_ic=0.0457
[20:40:20]   HIT  DJ_SOUTH_AFRICA    inflation        lag= 14 m5_p=0.8858  m6_ic=0.0498
[20:40:20]   HIT  DJ_SOUTH_AFRICA    inflation        lag= 30 m5_p=0.9178  m6_ic=0.0772
[20:40:21]   HIT  DJ_SOUTH_AFRICA    banking          lag=  1 m5_p=0.8775  m6_ic=0.0612
[20:40:21]   HIT  DJ_SOUTH_AFRICA    banking          lag=  7 m5_p=0.9187  m6_ic=0.1092
[20:40:21]   HIT  DJ_SOUTH_AFRICA    banking          lag= 14 m5_p=0.7734  m6_ic=0.0857
[20:40:21]   HIT  DJ_SOUTH_AFRICA    banking          lag= 30 m5_p=0.5459  m6_ic=0.0867
[20:40:21]   HIT  DJ_SOUTH_AFRICA    gold             lag=  1 m5_p=0.9638  m6_ic=0.0482
[20:40:22]   HIT  DJ_SOUTH_AFRICA    gold             lag=  7 m5_p=0.0160  m6_ic=0.0380
[20:40:22]   HIT  DJ_SOUTH_AFRICA    gold             lag= 14 m5_p=0.1792  m6_ic=0.0626
[20:40:22]   HIT  DJ_SOUTH_AFRICA    gold             lag= 30 m5_p=0.8632  m6_ic=0.0696
[20:40:23]   HIT  MSCI_WORLD         oil              lag= 14 m5_p=0.7583  m6_ic=0.0790
[20:40:23]   HIT  MSCI_WORLD         oil              lag= 30 m5_p=0.5465  m6_ic=0.0388
[20:40:23]   HIT  MSCI_WORLD         rate             lag=  1 m5_p=0.8296  m6_ic=0.0851
[20:40:23]   HIT  MSCI_WORLD         rate             lag=  7 m5_p=0.4579  m6_ic=0.0438
[20:40:24]   HIT  MSCI_WORLD         rate             lag= 14 m5_p=0.7534  m6_ic=0.0444
[20:40:24]   HIT  MSCI_WORLD         rate             lag= 30 m5_p=0.4239  m6_ic=0.1146
[20:40:24]   HIT  MSCI_WORLD         ruble            lag=  1 m5_p=0.8053  m6_ic=0.0430
[20:40:25]   HIT  MSCI_WORLD         sanctions        lag=  1 m5_p=0.9279  m6_ic=0.0375
[20:40:25]   HIT  MSCI_WORLD         sanctions        lag= 14 m5_p=0.0236  m6_ic=0.0584
[20:40:25]   HIT  MSCI_WORLD         sanctions        lag= 30 m5_p=0.1371  m6_ic=0.0381
[20:40:26]   HIT  MSCI_WORLD         inflation        lag=  1 m5_p=0.9293  m6_ic=0.0340
[20:40:26]   HIT  MSCI_WORLD         inflation        lag=  7 m5_p=0.8139  m6_ic=0.0516
[20:40:26]   HIT  MSCI_WORLD         banking          lag=  1 m5_p=0.6049  m6_ic=0.0353
[20:40:27]   HIT  MSCI_WORLD         banking          lag=  7 m5_p=0.2795  m6_ic=0.0432
[20:40:27]   HIT  MSCI_WORLD         banking          lag= 14 m5_p=0.5942  m6_ic=0.0327
[20:40:27]   HIT  MSCI_WORLD         banking          lag= 30 m5_p=0.7214  m6_ic=0.0710
[20:40:28]   HIT  MSCI_WORLD         gold             lag= 14 m5_p=0.9363  m6_ic=0.0811
[20:40:28]   HIT  DXY                oil              lag=  1 m5_p=0.9938  m6_ic=0.0545
[20:40:28]   HIT  DXY                oil              lag=  7 m5_p=0.4559  m6_ic=0.0401
[20:40:28]   HIT  DXY                oil              lag= 14 m5_p=0.9907  m6_ic=0.0408
[20:40:29]   HIT  DXY                rate             lag=  1 m5_p=0.6407  m6_ic=0.1002
[20:40:29]   HIT  DXY                rate             lag=  7 m5_p=0.8922  m6_ic=0.0507
[20:40:30]   HIT  DXY                rate             lag= 30 m5_p=0.6109  m6_ic=0.0358
[20:40:30]   HIT  DXY                ruble            lag= 30 m5_p=0.7125  m6_ic=0.0336
[20:40:31]   HIT  DXY                sanctions        lag=  7 m5_p=0.6776  m6_ic=0.0334
[20:40:31]   HIT  DXY                sanctions        lag= 14 m5_p=0.2611  m6_ic=0.0324
[20:40:32]   HIT  DXY                banking          lag=  7 m5_p=0.9637  m6_ic=0.0312
[20:40:32]   HIT  DXY                banking          lag= 14 m5_p=0.7537  m6_ic=0.0459
[20:40:33]   HIT  DXY                banking          lag= 30 m5_p=0.8030  m6_ic=0.0401
[20:40:33]   HIT  DXY                gold             lag=  7 m5_p=0.1827  m6_ic=0.0601
[20:40:33]   HIT  DXY                gold             lag= 14 m5_p=0.6443  m6_ic=0.0731
[20:40:33]   HIT  DXY                gold             lag= 30 m5_p=0.8404  m6_ic=0.0608
[20:40:34]   HIT  BRENT              oil              lag=  7 m5_p=0.9807  m6_ic=0.0504
[20:40:34]   HIT  BRENT              oil              lag= 14 m5_p=0.8691  m6_ic=0.0561
[20:40:34]   HIT  BRENT              oil              lag= 30 m5_p=0.8554  m6_ic=0.0732
[20:40:35]   HIT  BRENT              rate             lag=  7 m5_p=0.9612  m6_ic=0.0734
[20:40:35]   HIT  BRENT              rate             lag= 14 m5_p=0.9184  m6_ic=0.0727
[20:40:35]   HIT  BRENT              ruble            lag=  7 m5_p=0.1811  m6_ic=0.0722
[20:40:36]   HIT  BRENT              ruble            lag= 14 m5_p=0.6368  m6_ic=0.0536
[20:40:36]   HIT  BRENT              ruble            lag= 30 m5_p=0.4976  m6_ic=0.0478
[20:40:36]   HIT  BRENT              sanctions        lag=  1 m5_p=0.8883  m6_ic=0.0389
[20:40:36]   HIT  BRENT              sanctions        lag=  7 m5_p=0.0344  m6_ic=0.1222
[20:40:36]   HIT  BRENT              sanctions        lag= 14 m5_p=0.6047  m6_ic=0.0669
[20:40:37]   HIT  BRENT              sanctions        lag= 30 m5_p=0.7844  m6_ic=0.0517
[20:40:37]   HIT  BRENT              inflation        lag=  7 m5_p=0.6647  m6_ic=0.0522
[20:40:37]   HIT  BRENT              inflation        lag= 30 m5_p=0.7393  m6_ic=0.0407
[20:40:38]   HIT  BRENT              banking          lag= 30 m5_p=0.3849  m6_ic=0.0319
[20:40:38]   HIT  BRENT              gold             lag=  1 m5_p=0.4448  m6_ic=0.0355
[20:40:39]   HIT  BRENT              gold             lag= 30 m5_p=0.6646  m6_ic=0.0375
[20:40:39]   HIT  MSCI_INDIA         oil              lag=  1 m5_p=0.8762  m6_ic=0.0847
[20:40:40]   HIT  MSCI_INDIA         oil              lag=  7 m5_p=0.6587  m6_ic=0.0376
[20:40:40]   HIT  MSCI_INDIA         oil              lag= 14 m5_p=0.9138  m6_ic=0.0576
[20:40:40]   HIT  MSCI_INDIA         rate             lag=  7 m5_p=0.4848  m6_ic=0.0311
[20:40:41]   HIT  MSCI_INDIA         rate             lag= 30 m5_p=0.6603  m6_ic=0.0430
[20:40:42]   HIT  MSCI_INDIA         ruble            lag= 30 m5_p=0.6740  m6_ic=0.0458
[20:40:42]   HIT  MSCI_INDIA         sanctions        lag=  1 m5_p=0.8585  m6_ic=0.1201
[20:40:42]   HIT  MSCI_INDIA         sanctions        lag= 14 m5_p=0.0381  m6_ic=0.0760
[20:40:43]   HIT  MSCI_INDIA         inflation        lag=  1 m5_p=0.9173  m6_ic=0.1354
[20:40:43]   HIT  MSCI_INDIA         inflation        lag= 30 m5_p=0.7822  m6_ic=0.0536
[20:40:43]   HIT  MSCI_INDIA         banking          lag=  1 m5_p=0.5125  m6_ic=0.0806
[20:40:44]   HIT  MSCI_INDIA         banking          lag=  7 m5_p=0.5848  m6_ic=0.1100
[20:40:44]   HIT  MSCI_INDIA         banking          lag= 30 m5_p=0.5876  m6_ic=0.0520
[20:40:44]   HIT  MSCI_INDIA         gold             lag=  1 m5_p=0.9223  m6_ic=0.0316
[20:40:45]   HIT  MSCI_INDIA         gold             lag= 30 m5_p=0.8411  m6_ic=0.0849
[20:40:45]   HIT  CHINA_H_SHARES     oil              lag=  1 m5_p=0.4252  m6_ic=0.0343
[20:40:45]   HIT  CHINA_H_SHARES     oil              lag=  7 m5_p=0.2836  m6_ic=0.0621
[20:40:45]   HIT  CHINA_H_SHARES     oil              lag= 14 m5_p=0.7447  m6_ic=0.0546
[20:40:46]   HIT  CHINA_H_SHARES     rate             lag=  1 m5_p=0.4171  m6_ic=0.0592
[20:40:46]   HIT  CHINA_H_SHARES     rate             lag=  7 m5_p=0.8738  m6_ic=0.0416
[20:40:46]   HIT  CHINA_H_SHARES     rate             lag= 14 m5_p=0.2584  m6_ic=0.0415
[20:40:47]   HIT  CHINA_H_SHARES     ruble            lag=  1 m5_p=0.8376  m6_ic=0.0627
[20:40:47]   HIT  CHINA_H_SHARES     ruble            lag= 30 m5_p=0.5751  m6_ic=0.0612
[20:40:47]   HIT  CHINA_H_SHARES     sanctions        lag=  1 m5_p=0.1269  m6_ic=0.0444
[20:40:48]   HIT  CHINA_H_SHARES     sanctions        lag= 14 m5_p=0.0570  m6_ic=0.0427
[20:40:48]   HIT  CHINA_H_SHARES     sanctions        lag= 30 m5_p=0.7132  m6_ic=0.0422
[20:40:48]   HIT  CHINA_H_SHARES     inflation        lag=  1 m5_p=0.5014  m6_ic=0.0630
[20:40:48]   HIT  CHINA_H_SHARES     inflation        lag=  7 m5_p=0.5842  m6_ic=0.0326
[20:40:49]   HIT  CHINA_H_SHARES     banking          lag= 14 m5_p=0.1631  m6_ic=0.0425
[20:40:50]   HIT  CHINA_H_SHARES     banking          lag= 30 m5_p=0.4281  m6_ic=0.0334
[20:40:50]   HIT  CHINA_H_SHARES     gold             lag=  1 m5_p=0.7182  m6_ic=0.0669
[20:40:50]   HIT  CHINA_H_SHARES     gold             lag= 14 m5_p=0.9956  m6_ic=0.0525
[20:40:51]   HIT  FTSE_CHINA_50      oil              lag=  1 m5_p=0.4584  m6_ic=0.0529
[20:40:51]   HIT  FTSE_CHINA_50      oil              lag=  7 m5_p=0.2440  m6_ic=0.0695
[20:40:51]   HIT  FTSE_CHINA_50      oil              lag= 14 m5_p=0.7124  m6_ic=0.0473
[20:40:51]   HIT  FTSE_CHINA_50      rate             lag=  1 m5_p=0.5148  m6_ic=0.0649
[20:40:52]   HIT  FTSE_CHINA_50      rate             lag=  7 m5_p=0.9913  m6_ic=0.0363
[20:40:52]   HIT  FTSE_CHINA_50      rate             lag= 14 m5_p=0.2687  m6_ic=0.0479
[20:40:52]   HIT  FTSE_CHINA_50      ruble            lag=  1 m5_p=0.9901  m6_ic=0.0409
[20:40:53]   HIT  FTSE_CHINA_50      ruble            lag= 30 m5_p=0.3880  m6_ic=0.0817
[20:40:53]   HIT  FTSE_CHINA_50      sanctions        lag= 14 m5_p=0.0897  m6_ic=0.0445
[20:40:54]   HIT  FTSE_CHINA_50      sanctions        lag= 30 m5_p=0.4187  m6_ic=0.0440
[20:40:54]   HIT  FTSE_CHINA_50      inflation        lag=  1 m5_p=0.6470  m6_ic=0.0428
[20:40:54]   HIT  FTSE_CHINA_50      inflation        lag=  7 m5_p=0.3905  m6_ic=0.0340
[20:40:54]   HIT  FTSE_CHINA_50      inflation        lag= 30 m5_p=0.6986  m6_ic=0.0496
[20:40:55]   HIT  FTSE_CHINA_50      banking          lag=  1 m5_p=0.6430  m6_ic=0.0363
[20:40:55]   HIT  FTSE_CHINA_50      banking          lag= 14 m5_p=0.1179  m6_ic=0.0360
[20:40:55]   HIT  FTSE_CHINA_50      gold             lag=  1 m5_p=0.6650  m6_ic=0.0336
[20:40:56]   HIT  FTSE_CHINA_50      gold             lag=  7 m5_p=0.1741  m6_ic=0.0432
[20:40:56]   HIT  FTSE_CHINA_50      gold             lag= 14 m5_p=0.9787  m6_ic=0.0412
[20:40:56]   HIT  FTSE_CHINA_50      gold             lag= 30 m5_p=0.3984  m6_ic=0.0550
[20:40:56]   HIT  GOLD               oil              lag=  1 m5_p=0.9532  m6_ic=0.0326
[20:40:57]   HIT  GOLD               oil              lag= 30 m5_p=0.3688  m6_ic=0.0932
[20:40:58]   HIT  GOLD               ruble            lag=  1 m5_p=0.7153  m6_ic=0.0798
[20:40:58]   HIT  GOLD               ruble            lag=  7 m5_p=0.6456  m6_ic=0.1263
[20:40:58]   HIT  GOLD               ruble            lag= 14 m5_p=0.4860  m6_ic=0.0612
[20:40:58]   HIT  GOLD               ruble            lag= 30 m5_p=0.7346  m6_ic=0.0603
[20:40:58]   HIT  GOLD               sanctions        lag=  1 m5_p=0.9744  m6_ic=0.0562
[20:40:59]   HIT  GOLD               sanctions        lag=  7 m5_p=0.5785  m6_ic=0.0424
[20:40:59]   HIT  GOLD               sanctions        lag= 30 m5_p=0.0448  m6_ic=0.0603
[20:40:59]   HIT  GOLD               inflation        lag=  1 m5_p=0.0726  m6_ic=0.0479
[20:41:00]   HIT  GOLD               inflation        lag= 30 m5_p=0.3846  m6_ic=0.0750
[20:41:00]   HIT  GOLD               banking          lag=  1 m5_p=0.2110  m6_ic=0.0443
[20:41:00]   HIT  GOLD               banking          lag=  7 m5_p=0.6102  m6_ic=0.0774
[20:41:00]   HIT  GOLD               banking          lag= 14 m5_p=0.4794  m6_ic=0.0343
[20:41:01]   HIT  GOLD               gold             lag=  7 m5_p=0.7286  m6_ic=0.0902
[20:41:01]   HIT  GOLD               gold             lag= 14 m5_p=0.2403  m6_ic=0.0845
[20:41:01]   HIT  GOLD               gold             lag= 30 m5_p=0.7674  m6_ic=0.0310
[20:41:02]   HIT  SILVER             oil              lag=  1 m5_p=0.5583  m6_ic=0.0637
[20:41:02]   HIT  SILVER             oil              lag=  7 m5_p=0.7134  m6_ic=0.0428
[20:41:02]   HIT  SILVER             oil              lag= 30 m5_p=0.9348  m6_ic=0.0440
[20:41:02]   HIT  SILVER             rate             lag=  7 m5_p=0.5172  m6_ic=0.0744
[20:41:03]   HIT  SILVER             rate             lag= 14 m5_p=0.5417  m6_ic=0.0392
[20:41:03]   HIT  SILVER             rate             lag= 30 m5_p=0.2067  m6_ic=0.0430
[20:41:03]   HIT  SILVER             ruble            lag= 14 m5_p=0.7541  m6_ic=0.0504
[20:41:04]   HIT  SILVER             ruble            lag= 30 m5_p=0.5015  m6_ic=0.0913
[20:41:04]   HIT  SILVER             sanctions        lag=  7 m5_p=0.7734  m6_ic=0.0438
[20:41:04]   HIT  SILVER             sanctions        lag= 14 m5_p=0.2520  m6_ic=0.0362
[20:41:04]   HIT  SILVER             sanctions        lag= 30 m5_p=0.2898  m6_ic=0.0987
[20:41:05]   HIT  SILVER             inflation        lag=  1 m5_p=0.4563  m6_ic=0.1023
[20:41:05]   HIT  SILVER             inflation        lag= 14 m5_p=0.5560  m6_ic=0.0378
[20:41:05]   HIT  SILVER             banking          lag=  1 m5_p=0.8597  m6_ic=0.1069
[20:41:05]   HIT  SILVER             banking          lag=  7 m5_p=0.7958  m6_ic=0.1034
[20:41:06]   HIT  SILVER             banking          lag= 14 m5_p=0.7033  m6_ic=0.0433
[20:41:06]   HIT  SILVER             banking          lag= 30 m5_p=0.4961  m6_ic=0.0565
[20:41:06]   HIT  SILVER             gold             lag=  1 m5_p=0.5015  m6_ic=0.0709
[20:41:06]   HIT  SILVER             gold             lag= 14 m5_p=0.9397  m6_ic=0.0362
[20:41:07]   HIT  IMOEX              oil              lag=  7 m5_p=0.3656  m6_ic=0.0982
[20:41:07]   HIT  IMOEX              oil              lag= 14 m5_p=0.6076  m6_ic=0.0473
[20:41:08]   HIT  IMOEX              rate             lag=  1 m5_p=0.1954  m6_ic=0.0644
[20:41:08]   HIT  IMOEX              rate             lag= 14 m5_p=0.2500  m6_ic=0.0539
[20:41:08]   HIT  IMOEX              rate             lag= 30 m5_p=0.7067  m6_ic=0.1142
[20:41:08]   HIT  IMOEX              ruble            lag=  1 m5_p=0.6798  m6_ic=0.0638
[20:41:09]   HIT  IMOEX              ruble            lag=  7 m5_p=0.3416  m6_ic=0.0426
[20:41:09]   HIT  IMOEX              ruble            lag= 30 m5_p=0.8905  m6_ic=0.0697
[20:41:10]   HIT  IMOEX              sanctions        lag= 14 m5_p=0.9472  m6_ic=0.0559
[20:41:10]   HIT  IMOEX              inflation        lag=  1 m5_p=0.1679  m6_ic=0.0467
[20:41:10]   HIT  IMOEX              inflation        lag=  7 m5_p=0.5877  m6_ic=0.0634
[20:41:11]   HIT  IMOEX              inflation        lag= 30 m5_p=0.5803  m6_ic=0.1008
[20:41:11]   HIT  IMOEX              banking          lag=  1 m5_p=0.2253  m6_ic=0.1129
[20:41:11]   HIT  IMOEX              banking          lag= 30 m5_p=0.6247  m6_ic=0.0719
[20:41:12]   HIT  IMOEX              gold             lag=  1 m5_p=0.1881  m6_ic=0.0330
[20:41:12]   HIT  IMOEX              gold             lag=  7 m5_p=0.8441  m6_ic=0.0457
[20:41:13]   HIT  MOEXFN             oil              lag=  7 m5_p=0.3823  m6_ic=0.0555
[20:41:13]   HIT  MOEXFN             rate             lag=  1 m5_p=0.1128  m6_ic=0.0572
[20:41:14]   HIT  MOEXFN             rate             lag= 30 m5_p=0.9347  m6_ic=0.0956
[20:41:14]   HIT  MOEXFN             ruble            lag=  1 m5_p=0.3256  m6_ic=0.0750
[20:41:14]   HIT  MOEXFN             ruble            lag=  7 m5_p=0.6758  m6_ic=0.0360
[20:41:15]   HIT  MOEXFN             ruble            lag= 30 m5_p=0.6894  m6_ic=0.0504
[20:41:15]   HIT  MOEXFN             sanctions        lag=  7 m5_p=0.7753  m6_ic=0.0594
[20:41:15]   HIT  MOEXFN             sanctions        lag= 14 m5_p=0.9255  m6_ic=0.0561
[20:41:15]   HIT  MOEXFN             sanctions        lag= 30 m5_p=0.3461  m6_ic=0.0867
[20:41:16]   HIT  MOEXFN             inflation        lag=  1 m5_p=0.0918  m6_ic=0.0509
[20:41:16]   HIT  MOEXFN             banking          lag=  1 m5_p=0.1911  m6_ic=0.0902
[20:41:17]   HIT  MOEXFN             banking          lag=  7 m5_p=0.3546  m6_ic=0.0357
[20:41:17]   HIT  MOEXFN             banking          lag= 30 m5_p=0.2464  m6_ic=0.1143
[20:41:17]   HIT  MOEXFN             gold             lag=  7 m5_p=0.6910  m6_ic=0.0444
[20:41:18]   HIT  MOEXOG             oil              lag=  7 m5_p=0.4351  m6_ic=0.1201
[20:41:18]   HIT  MOEXOG             oil              lag= 14 m5_p=0.5055  m6_ic=0.0430
[20:41:19]   HIT  MOEXOG             oil              lag= 30 m5_p=0.6199  m6_ic=0.0678
[20:41:19]   HIT  MOEXOG             rate             lag=  1 m5_p=0.1240  m6_ic=0.0447
[20:41:19]   HIT  MOEXOG             rate             lag= 14 m5_p=0.2992  m6_ic=0.0307
[20:41:19]   HIT  MOEXOG             rate             lag= 30 m5_p=0.9974  m6_ic=0.1017
[20:41:20]   HIT  MOEXOG             ruble            lag=  1 m5_p=0.7496  m6_ic=0.0840
[20:41:20]   HIT  MOEXOG             ruble            lag=  7 m5_p=0.4303  m6_ic=0.0639
[20:41:20]   HIT  MOEXOG             ruble            lag= 30 m5_p=0.4104  m6_ic=0.1030
[20:41:20]   HIT  MOEXOG             sanctions        lag=  7 m5_p=0.1408  m6_ic=0.0445
[20:41:21]   HIT  MOEXOG             sanctions        lag= 14 m5_p=0.9303  m6_ic=0.0472
[20:41:21]   HIT  MOEXOG             sanctions        lag= 30 m5_p=0.9924  m6_ic=0.0328
[20:41:21]   HIT  MOEXOG             inflation        lag=  7 m5_p=0.4974  m6_ic=0.0594
[20:41:22]   HIT  MOEXOG             inflation        lag= 30 m5_p=0.1695  m6_ic=0.1147
[20:41:22]   HIT  MOEXOG             banking          lag=  1 m5_p=0.1295  m6_ic=0.1578
[20:41:22]   HIT  MOEXOG             banking          lag=  7 m5_p=0.2620  m6_ic=0.0737
[20:41:22]   HIT  MOEXOG             banking          lag= 14 m5_p=0.2146  m6_ic=0.0304
[20:41:23]   HIT  MOEXOG             banking          lag= 30 m5_p=0.1279  m6_ic=0.0343
[20:41:23]   HIT  MOEXOG             gold             lag=  1 m5_p=0.1103  m6_ic=0.0536
[20:41:23]   HIT  MOEXOG             gold             lag= 30 m5_p=0.7551  m6_ic=0.0595
[20:41:24]   HIT  MOEX10             oil              lag=  7 m5_p=0.3970  m6_ic=0.0669
[20:41:24]   HIT  MOEX10             oil              lag= 14 m5_p=0.8907  m6_ic=0.0437
[20:41:24]   HIT  MOEX10             oil              lag= 30 m5_p=0.4688  m6_ic=0.0402
[20:41:24]   HIT  MOEX10             rate             lag=  1 m5_p=0.1918  m6_ic=0.0642
[20:41:25]   HIT  MOEX10             rate             lag= 14 m5_p=0.3288  m6_ic=0.0401
[20:41:25]   HIT  MOEX10             rate             lag= 30 m5_p=0.4227  m6_ic=0.1644
[20:41:25]   HIT  MOEX10             ruble            lag=  1 m5_p=0.7842  m6_ic=0.0666
[20:41:25]   HIT  MOEX10             ruble            lag=  7 m5_p=0.5689  m6_ic=0.0365
[20:41:26]   HIT  MOEX10             ruble            lag= 14 m5_p=0.4969  m6_ic=0.0568
[20:41:26]   HIT  MOEX10             ruble            lag= 30 m5_p=0.5129  m6_ic=0.0473
[20:41:26]   HIT  MOEX10             sanctions        lag= 14 m5_p=0.8578  m6_ic=0.0368
[20:41:27]   HIT  MOEX10             inflation        lag=  1 m5_p=0.1634  m6_ic=0.0644
[20:41:27]   HIT  MOEX10             inflation        lag=  7 m5_p=0.6236  m6_ic=0.0318
[20:41:28]   HIT  MOEX10             banking          lag=  1 m5_p=0.2926  m6_ic=0.0754
[20:41:28]   HIT  MOEX10             banking          lag= 30 m5_p=0.2579  m6_ic=0.1062
[20:41:29]     Train: 269 signals
[20:41:29]     Val holdout (269 candidates)...
[20:41:29]     VAL PASS  SP500              oil              lag=  1  m6_ic=0.0550
[20:41:29]     VAL PASS  SP500              oil              lag=  7  m6_ic=0.0566
[20:41:30]     VAL PASS  SP500              rate             lag= 30  m6_ic=0.0611
[20:41:30]     VAL PASS  SP500              ruble            lag=  7  m6_ic=0.0657
[20:41:30]     VAL PASS  SP500              inflation        lag= 14  m6_ic=0.1072
[20:41:30]     VAL PASS  SP500              banking          lag=  7  m6_ic=0.0827
[20:41:31]     VAL PASS  SP500              gold             lag=  7  m6_ic=0.0408
[20:41:31]     VAL PASS  USD_RUB            oil              lag=  1  m6_ic=0.1082
[20:41:31]     VAL PASS  USD_RUB            oil              lag= 30  m6_ic=0.1140
[20:41:31]     VAL PASS  USD_RUB            rate             lag=  1  m6_ic=0.0635
[20:41:32]     VAL PASS  USD_RUB            rate             lag= 14  m6_ic=0.1297
[20:41:32]     VAL PASS  USD_RUB            rate             lag= 30  m6_ic=0.0577
[20:41:32]     VAL PASS  USD_RUB            ruble            lag=  1  m6_ic=0.0704
[20:41:32]     VAL PASS  USD_RUB            ruble            lag=  7  m6_ic=0.0754
[20:41:33]     VAL PASS  USD_RUB            ruble            lag= 14  m6_ic=0.1186
[20:41:33]     VAL PASS  USD_RUB            sanctions        lag=  7  m6_ic=0.0796
[20:41:33]     VAL PASS  USD_RUB            sanctions        lag= 14  m6_ic=0.1077
[20:41:33]     VAL PASS  USD_RUB            sanctions        lag= 30  m6_ic=0.0894
[20:41:34]     VAL PASS  USD_RUB            inflation        lag=  7  m6_ic=0.0707
[20:41:35]     VAL PASS  EUR_RUB            oil              lag=  1  m6_ic=0.1082
[20:41:35]     VAL PASS  EUR_RUB            oil              lag= 30  m6_ic=0.1140
[20:41:35]     VAL PASS  EUR_RUB            rate             lag=  1  m6_ic=0.0635
[20:41:36]     VAL PASS  EUR_RUB            rate             lag= 14  m6_ic=0.1297
[20:41:36]     VAL PASS  EUR_RUB            rate             lag= 30  m6_ic=0.0577
[20:41:36]     VAL PASS  EUR_RUB            ruble            lag=  1  m6_ic=0.0704
[20:41:36]     VAL PASS  EUR_RUB            ruble            lag=  7  m6_ic=0.0754
[20:41:36]     VAL PASS  EUR_RUB            ruble            lag= 14  m6_ic=0.1186
[20:41:37]     VAL PASS  EUR_RUB            sanctions        lag=  7  m6_ic=0.0796
[20:41:37]     VAL PASS  EUR_RUB            sanctions        lag= 14  m6_ic=0.1077
[20:41:37]     VAL PASS  EUR_RUB            sanctions        lag= 30  m6_ic=0.0894
[20:41:37]     VAL PASS  EUR_RUB            inflation        lag=  7  m6_ic=0.0707
[20:41:39]     VAL PASS  DJ_SOUTH_AFRICA    sanctions        lag=  1  m6_ic=0.0457
[20:41:39]     VAL PASS  DJ_SOUTH_AFRICA    sanctions        lag=  7  m6_ic=0.0566
[20:41:39]     VAL PASS  DJ_SOUTH_AFRICA    sanctions        lag= 14  m6_ic=0.0420
[20:41:40]     VAL PASS  DJ_SOUTH_AFRICA    sanctions        lag= 30  m6_ic=0.0423
[20:41:40]     VAL PASS  DJ_SOUTH_AFRICA    inflation        lag= 30  m6_ic=0.0358
[20:41:40]     VAL PASS  DJ_SOUTH_AFRICA    banking          lag=  1  m6_ic=0.0851
[20:41:40]     VAL PASS  DJ_SOUTH_AFRICA    banking          lag=  7  m6_ic=0.0443
[20:41:41]     VAL PASS  DJ_SOUTH_AFRICA    banking          lag= 30  m6_ic=0.0356
[20:41:41]     VAL PASS  DJ_SOUTH_AFRICA    gold             lag=  1  m6_ic=0.0555
[20:41:41]     VAL PASS  DJ_SOUTH_AFRICA    gold             lag=  7  m6_ic=0.0551
[20:41:41]     VAL PASS  DJ_SOUTH_AFRICA    gold             lag= 14  m6_ic=0.0637
[20:41:41]     VAL PASS  DJ_SOUTH_AFRICA    gold             lag= 30  m6_ic=0.1073
[20:41:42]     VAL PASS  MSCI_WORLD         oil              lag= 14  m6_ic=0.0649
[20:41:42]     VAL PASS  MSCI_WORLD         oil              lag= 30  m6_ic=0.0348
[20:41:42]     VAL PASS  MSCI_WORLD         rate             lag=  1  m6_ic=0.0303
[20:41:42]     VAL PASS  MSCI_WORLD         rate             lag= 14  m6_ic=0.0896
[20:41:43]     VAL PASS  MSCI_WORLD         rate             lag= 30  m6_ic=0.0506
[20:41:44]     VAL PASS  MSCI_WORLD         banking          lag=  1  m6_ic=0.0556
[20:41:44]     VAL PASS  MSCI_WORLD         banking          lag= 30  m6_ic=0.0343
[20:41:45]     VAL PASS  DXY                oil              lag= 14  m6_ic=0.1204
[20:41:46]     VAL PASS  DXY                rate             lag=  7  m6_ic=0.0960
[20:41:46]     VAL PASS  DXY                rate             lag= 30  m6_ic=0.0832
[20:41:46]     VAL PASS  DXY                ruble            lag= 30  m6_ic=0.0981
[20:41:46]     VAL PASS  DXY                sanctions        lag=  7  m6_ic=0.0456
[20:41:46]     VAL PASS  DXY                sanctions        lag= 14  m6_ic=0.0308
[20:41:46]     VAL PASS  DXY                banking          lag=  7  m6_ic=0.0908
[20:41:47]     VAL PASS  DXY                banking          lag= 14  m6_ic=0.0449
[20:41:47]     VAL PASS  DXY                banking          lag= 30  m6_ic=0.0622
[20:41:47]     VAL PASS  DXY                gold             lag= 14  m6_ic=0.0884
[20:41:47]     VAL PASS  DXY                gold             lag= 30  m6_ic=0.0407
[20:41:48]     VAL PASS  BRENT              oil              lag= 14  m6_ic=0.0876
[20:41:48]     VAL PASS  BRENT              oil              lag= 30  m6_ic=0.0938
[20:41:48]     VAL PASS  BRENT              rate             lag= 14  m6_ic=0.0323
[20:41:49]     VAL PASS  BRENT              ruble            lag= 14  m6_ic=0.0517
[20:41:49]     VAL PASS  BRENT              sanctions        lag=  7  m6_ic=0.0416
[20:41:50]     VAL PASS  BRENT              inflation        lag= 30  m6_ic=0.0655
[20:41:51]     VAL PASS  MSCI_INDIA         oil              lag=  7  m6_ic=0.0566
[20:41:51]     VAL PASS  MSCI_INDIA         rate             lag=  7  m6_ic=0.0834
[20:41:51]     VAL PASS  MSCI_INDIA         rate             lag= 30  m6_ic=0.1738
[20:41:52]     VAL PASS  MSCI_INDIA         sanctions        lag=  1  m6_ic=0.1118
[20:41:52]     VAL PASS  MSCI_INDIA         inflation        lag=  1  m6_ic=0.0506
[20:41:52]     VAL PASS  MSCI_INDIA         inflation        lag= 30  m6_ic=0.0443
[20:41:52]     VAL PASS  MSCI_INDIA         banking          lag=  1  m6_ic=0.0486
[20:41:53]     VAL PASS  MSCI_INDIA         banking          lag=  7  m6_ic=0.0330
[20:41:53]     VAL PASS  MSCI_INDIA         banking          lag= 30  m6_ic=0.0722
[20:41:53]     VAL PASS  MSCI_INDIA         gold             lag=  1  m6_ic=0.0812
[20:41:54]     VAL PASS  CHINA_H_SHARES     rate             lag=  1  m6_ic=0.0515
[20:41:54]     VAL PASS  CHINA_H_SHARES     rate             lag=  7  m6_ic=0.0504
[20:41:54]     VAL PASS  CHINA_H_SHARES     rate             lag= 14  m6_ic=0.0901
[20:41:54]     VAL PASS  CHINA_H_SHARES     ruble            lag=  1  m6_ic=0.0727
[20:41:55]     VAL PASS  CHINA_H_SHARES     ruble            lag= 30  m6_ic=0.0745
[20:41:55]     VAL PASS  CHINA_H_SHARES     sanctions        lag=  1  m6_ic=0.0463
[20:41:55]     VAL PASS  CHINA_H_SHARES     sanctions        lag= 14  m6_ic=0.0627
[20:41:55]     VAL PASS  CHINA_H_SHARES     sanctions        lag= 30  m6_ic=0.0977
[20:41:56]     VAL PASS  CHINA_H_SHARES     banking          lag= 14  m6_ic=0.0575
[20:41:56]     VAL PASS  CHINA_H_SHARES     gold             lag= 14  m6_ic=0.0951
[20:41:56]     VAL PASS  FTSE_CHINA_50      oil              lag=  1  m6_ic=0.0758
[20:41:57]     VAL PASS  FTSE_CHINA_50      oil              lag=  7  m6_ic=0.0351
[20:41:57]     VAL PASS  FTSE_CHINA_50      rate             lag=  1  m6_ic=0.0715
[20:41:57]     VAL PASS  FTSE_CHINA_50      rate             lag=  7  m6_ic=0.0946
[20:41:57]     VAL PASS  FTSE_CHINA_50      rate             lag= 14  m6_ic=0.0461
[20:41:58]     VAL PASS  FTSE_CHINA_50      ruble            lag= 30  m6_ic=0.0522
[20:41:58]     VAL PASS  FTSE_CHINA_50      sanctions        lag= 30  m6_ic=0.0720
[20:41:58]     VAL PASS  FTSE_CHINA_50      inflation        lag=  1  m6_ic=0.0345
[20:41:58]     VAL PASS  FTSE_CHINA_50      inflation        lag=  7  m6_ic=0.0458
[20:41:59]     VAL PASS  FTSE_CHINA_50      gold             lag=  7  m6_ic=0.0381
[20:41:59]     VAL PASS  FTSE_CHINA_50      gold             lag= 14  m6_ic=0.0526
[20:42:00]     VAL PASS  FTSE_CHINA_50      gold             lag= 30  m6_ic=0.0736
[20:42:00]     VAL PASS  GOLD               oil              lag=  1  m6_ic=0.0851
[20:42:00]     VAL PASS  GOLD               oil              lag= 30  m6_ic=0.0743
[20:42:00]     VAL PASS  GOLD               ruble            lag=  7  m6_ic=0.0650
[20:42:00]     VAL PASS  GOLD               ruble            lag= 14  m6_ic=0.0500
[20:42:01]     VAL PASS  GOLD               ruble            lag= 30  m6_ic=0.0531
[20:42:01]     VAL PASS  GOLD               sanctions        lag=  1  m6_ic=0.0581
[20:42:01]     VAL PASS  GOLD               sanctions        lag=  7  m6_ic=0.0909
[20:42:01]     VAL PASS  GOLD               inflation        lag=  1  m6_ic=0.0616
[20:42:02]     VAL PASS  GOLD               inflation        lag= 30  m6_ic=0.0763
[20:42:02]     VAL PASS  GOLD               banking          lag=  1  m6_ic=0.0610
[20:42:02]     VAL PASS  GOLD               banking          lag=  7  m6_ic=0.0414
[20:42:02]     VAL PASS  GOLD               banking          lag= 14  m6_ic=0.0503
[20:42:04]     VAL PASS  SILVER             rate             lag= 14  m6_ic=0.1188
[20:42:04]     VAL PASS  SILVER             rate             lag= 30  m6_ic=0.0396
[20:42:04]     VAL PASS  SILVER             ruble            lag= 14  m6_ic=0.0338
[20:42:04]     VAL PASS  SILVER             ruble            lag= 30  m6_ic=0.0367
[20:42:04]     VAL PASS  SILVER             sanctions        lag=  7  m6_ic=0.0692
[20:42:05]     VAL PASS  SILVER             inflation        lag=  1  m6_ic=0.0842
[20:42:05]     VAL PASS  SILVER             inflation        lag= 14  m6_ic=0.0577
[20:42:05]     VAL PASS  SILVER             banking          lag=  1  m6_ic=0.0579
[20:42:06]     VAL PASS  SILVER             banking          lag= 30  m6_ic=0.0373
[20:42:06]     VAL PASS  SILVER             gold             lag=  1  m6_ic=0.0628
[20:42:06]     VAL PASS  SILVER             gold             lag= 14  m6_ic=0.0476
[20:42:06]     VAL PASS  IMOEX              oil              lag= 14  m6_ic=0.0326
[20:42:07]     VAL PASS  IMOEX              rate             lag= 14  m6_ic=0.0616
[20:42:07]     VAL PASS  IMOEX              rate             lag= 30  m6_ic=0.0468
[20:42:07]     VAL PASS  IMOEX              ruble            lag=  1  m6_ic=0.0661
[20:42:07]     VAL PASS  IMOEX              ruble            lag=  7  m6_ic=0.0732
[20:42:07]     VAL PASS  IMOEX              ruble            lag= 30  m6_ic=0.1228
[20:42:08]     VAL PASS  IMOEX              sanctions        lag= 14  m6_ic=0.0891
[20:42:08]     VAL PASS  IMOEX              inflation        lag=  1  m6_ic=0.0482
[20:42:08]     VAL PASS  IMOEX              inflation        lag=  7  m6_ic=0.0720
[20:42:09]     VAL PASS  IMOEX              banking          lag= 30  m6_ic=0.0438
[20:42:09]     VAL PASS  IMOEX              gold             lag=  1  m6_ic=0.0407
[20:42:10]     VAL PASS  MOEXFN             ruble            lag=  1  m6_ic=0.0466
[20:42:10]     VAL PASS  MOEXFN             ruble            lag=  7  m6_ic=0.0524
[20:42:10]     VAL PASS  MOEXFN             ruble            lag= 30  m6_ic=0.1087
[20:42:10]     VAL PASS  MOEXFN             sanctions        lag=  7  m6_ic=0.0638
[20:42:10]     VAL PASS  MOEXFN             sanctions        lag= 14  m6_ic=0.0785
[20:42:10]     VAL PASS  MOEXFN             sanctions        lag= 30  m6_ic=0.0793
[20:42:11]     VAL PASS  MOEXFN             inflation        lag=  1  m6_ic=0.0818
[20:42:11]     VAL PASS  MOEXFN             banking          lag=  1  m6_ic=0.0471
[20:42:11]     VAL PASS  MOEXFN             banking          lag=  7  m6_ic=0.0529
[20:42:12]     VAL PASS  MOEXOG             oil              lag= 14  m6_ic=0.0340
[20:42:12]     VAL PASS  MOEXOG             oil              lag= 30  m6_ic=0.0663
[20:42:12]     VAL PASS  MOEXOG             rate             lag=  1  m6_ic=0.0423
[20:42:12]     VAL PASS  MOEXOG             rate             lag= 14  m6_ic=0.0638
[20:42:13]     VAL PASS  MOEXOG             ruble            lag=  1  m6_ic=0.0505
[20:42:13]     VAL PASS  MOEXOG             ruble            lag=  7  m6_ic=0.0791
[20:42:13]     VAL PASS  MOEXOG             ruble            lag= 30  m6_ic=0.0750
[20:42:13]     VAL PASS  MOEXOG             sanctions        lag=  7  m6_ic=0.0534
[20:42:13]     VAL PASS  MOEXOG             sanctions        lag= 14  m6_ic=0.1024
[20:42:14]     VAL PASS  MOEXOG             sanctions        lag= 30  m6_ic=0.0510
[20:42:14]     VAL PASS  MOEXOG             inflation        lag=  7  m6_ic=0.0845
[20:42:14]     VAL PASS  MOEXOG             banking          lag=  1  m6_ic=0.0887
[20:42:14]     VAL PASS  MOEXOG             banking          lag=  7  m6_ic=0.1396
[20:42:15]     VAL PASS  MOEXOG             gold             lag=  1  m6_ic=0.0336
[20:42:15]     VAL PASS  MOEXOG             gold             lag= 30  m6_ic=0.0948
[20:42:15]     VAL PASS  MOEX10             oil              lag= 14  m6_ic=0.0647
[20:42:16]     VAL PASS  MOEX10             oil              lag= 30  m6_ic=0.0521
[20:42:16]     VAL PASS  MOEX10             rate             lag=  1  m6_ic=0.0330
[20:42:16]     VAL PASS  MOEX10             rate             lag= 30  m6_ic=0.0587
[20:42:16]     VAL PASS  MOEX10             ruble            lag=  1  m6_ic=0.0559
[20:42:16]     VAL PASS  MOEX10             ruble            lag=  7  m6_ic=0.0819
[20:42:17]     VAL PASS  MOEX10             ruble            lag= 14  m6_ic=0.0718
[20:42:17]     VAL PASS  MOEX10             ruble            lag= 30  m6_ic=0.0542
[20:42:17]     VAL PASS  MOEX10             sanctions        lag= 14  m6_ic=0.0879
[20:42:17]     VAL PASS  MOEX10             inflation        lag=  1  m6_ic=0.0420
[20:42:17]     VAL PASS  MOEX10             inflation        lag=  7  m6_ic=0.0700
[20:42:17]     VAL PASS  MOEX10             banking          lag=  1  m6_ic=0.0310
[20:42:18]     Val: 169/269 held
[20:42:18]   → train=269  val=169  max_ic=0.1644  score=2838.0
[20:42:18] 
============================================================
[20:42:18] FINAL REPORT
[20:42:18] ============================================================
[20:42:18] Report: C:\project\signal_mind\analytics\phase_b\night_search\night_report_20260520_203734.md
[20:42:18] Hits CSV: C:\project\signal_mind\analytics\phase_b\night_search\night_hits_20260520_203734.csv
[20:42:18] 
[3/15] sweep_keyword_raw_vol_5d  (budget=37min)
[20:42:18]   Config: sweep_keyword_raw_vol_5d
[20:42:18]     feature=keyword_raw  target=vol_5d  ensemble=M6_only  ic_min=0.03
[20:42:18]   HIT  SP500              oil              lag=  1 m5_p=0.6627  m6_ic=0.0539
[20:42:18]   HIT  SP500              oil              lag=  7 m5_p=0.5171  m6_ic=0.0363
[20:42:19]   HIT  SP500              rate             lag= 14 m5_p=0.5287  m6_ic=0.0301
[20:42:19]   HIT  SP500              rate             lag= 30 m5_p=0.9348  m6_ic=0.0314
[20:42:20]   HIT  SP500              ruble            lag=  7 m5_p=0.9108  m6_ic=0.0474
[20:42:20]   HIT  SP500              ruble            lag= 30 m5_p=0.0762  m6_ic=0.0413
[20:42:22]   HIT  SP500              inflation        lag= 14 m5_p=0.5948  m6_ic=0.0655
[20:42:22]   HIT  SP500              banking          lag=  7 m5_p=0.3701  m6_ic=0.0536
[20:42:23]   HIT  SP500              gold             lag=  7 m5_p=0.8524  m6_ic=0.0942
[20:42:24]   HIT  USD_RUB            oil              lag=  1 m5_p=0.4151  m6_ic=0.0614
[20:42:24]   HIT  USD_RUB            oil              lag= 14 m5_p=0.6241  m6_ic=0.0417
[20:42:24]   HIT  USD_RUB            oil              lag= 30 m5_p=0.1626  m6_ic=0.0698
[20:42:24]   HIT  USD_RUB            rate             lag=  1 m5_p=0.7527  m6_ic=0.0950
[20:42:25]   HIT  USD_RUB            rate             lag=  7 m5_p=0.8101  m6_ic=0.0394
[20:42:25]   HIT  USD_RUB            rate             lag= 14 m5_p=0.7542  m6_ic=0.0378
[20:42:25]   HIT  USD_RUB            rate             lag= 30 m5_p=0.9971  m6_ic=0.0479
[20:42:25]   HIT  USD_RUB            ruble            lag=  1 m5_p=0.7646  m6_ic=0.0442
[20:42:25]   HIT  USD_RUB            ruble            lag=  7 m5_p=0.4884  m6_ic=0.0483
[20:42:26]   HIT  USD_RUB            ruble            lag= 14 m5_p=0.9676  m6_ic=0.1183
[20:42:26]   HIT  USD_RUB            sanctions        lag=  1 m5_p=0.0777  m6_ic=0.1348
[20:42:26]   HIT  USD_RUB            sanctions        lag=  7 m5_p=0.9775  m6_ic=0.0313
[20:42:26]   HIT  USD_RUB            sanctions        lag= 14 m5_p=0.1527  m6_ic=0.0743
[20:42:27]   HIT  USD_RUB            sanctions        lag= 30 m5_p=0.6349  m6_ic=0.0726
[20:42:27]   HIT  USD_RUB            inflation        lag=  1 m5_p=0.8798  m6_ic=0.0351
[20:42:27]   HIT  USD_RUB            inflation        lag=  7 m5_p=0.9352  m6_ic=0.0371
[20:42:27]   HIT  USD_RUB            inflation        lag= 14 m5_p=0.5422  m6_ic=0.0338
[20:42:28]   HIT  USD_RUB            banking          lag= 14 m5_p=0.8158  m6_ic=0.0645
[20:42:28]   HIT  USD_RUB            banking          lag= 30 m5_p=0.6790  m6_ic=0.0792
[20:42:29]   HIT  USD_RUB            gold             lag= 14 m5_p=0.9653  m6_ic=0.0307
[20:42:29]   HIT  EUR_RUB            oil              lag=  1 m5_p=0.4151  m6_ic=0.0614
[20:42:29]   HIT  EUR_RUB            oil              lag= 14 m5_p=0.6241  m6_ic=0.0417
[20:42:30]   HIT  EUR_RUB            oil              lag= 30 m5_p=0.1626  m6_ic=0.0698
[20:42:30]   HIT  EUR_RUB            rate             lag=  1 m5_p=0.7527  m6_ic=0.0950
[20:42:30]   HIT  EUR_RUB            rate             lag=  7 m5_p=0.8101  m6_ic=0.0394
[20:42:30]   HIT  EUR_RUB            rate             lag= 14 m5_p=0.7542  m6_ic=0.0378
[20:42:30]   HIT  EUR_RUB            rate             lag= 30 m5_p=0.9971  m6_ic=0.0479
[20:42:31]   HIT  EUR_RUB            ruble            lag=  1 m5_p=0.7646  m6_ic=0.0442
[20:42:31]   HIT  EUR_RUB            ruble            lag=  7 m5_p=0.4884  m6_ic=0.0483
[20:42:31]   HIT  EUR_RUB            ruble            lag= 14 m5_p=0.9676  m6_ic=0.1183
[20:42:31]   HIT  EUR_RUB            sanctions        lag=  1 m5_p=0.0777  m6_ic=0.1348
[20:42:32]   HIT  EUR_RUB            sanctions        lag=  7 m5_p=0.9775  m6_ic=0.0313
[20:42:32]   HIT  EUR_RUB            sanctions        lag= 14 m5_p=0.1527  m6_ic=0.0743
[20:42:32]   HIT  EUR_RUB            sanctions        lag= 30 m5_p=0.6349  m6_ic=0.0726
[20:42:32]   HIT  EUR_RUB            inflation        lag=  1 m5_p=0.8798  m6_ic=0.0351
[20:42:32]   HIT  EUR_RUB            inflation        lag=  7 m5_p=0.9352  m6_ic=0.0371
[20:42:33]   HIT  EUR_RUB            inflation        lag= 14 m5_p=0.5422  m6_ic=0.0338
[20:42:33]   HIT  EUR_RUB            banking          lag= 14 m5_p=0.8158  m6_ic=0.0645
[20:42:34]   HIT  EUR_RUB            banking          lag= 30 m5_p=0.6790  m6_ic=0.0792
[20:42:34]   HIT  EUR_RUB            gold             lag= 14 m5_p=0.9653  m6_ic=0.0307
[20:42:35]   HIT  DJ_SOUTH_AFRICA    oil              lag=  7 m5_p=0.4695  m6_ic=0.0444
[20:42:36]   HIT  DJ_SOUTH_AFRICA    rate             lag= 30 m5_p=0.5259  m6_ic=0.0386
[20:42:37]   HIT  DJ_SOUTH_AFRICA    ruble            lag= 14 m5_p=0.8469  m6_ic=0.0706
[20:42:37]   HIT  DJ_SOUTH_AFRICA    ruble            lag= 30 m5_p=0.4112  m6_ic=0.0331
[20:42:37]   HIT  DJ_SOUTH_AFRICA    sanctions        lag=  1 m5_p=0.7779  m6_ic=0.1255
[20:42:37]   HIT  DJ_SOUTH_AFRICA    sanctions        lag=  7 m5_p=0.4984  m6_ic=0.0476
[20:42:37]   HIT  DJ_SOUTH_AFRICA    sanctions        lag= 14 m5_p=0.0167  m6_ic=0.0383
[20:42:38]   HIT  DJ_SOUTH_AFRICA    sanctions        lag= 30 m5_p=0.1325  m6_ic=0.0511
[20:42:38]   HIT  DJ_SOUTH_AFRICA    inflation        lag=  1 m5_p=0.4426  m6_ic=0.0457
[20:42:38]   HIT  DJ_SOUTH_AFRICA    inflation        lag= 14 m5_p=0.8858  m6_ic=0.0498
[20:42:38]   HIT  DJ_SOUTH_AFRICA    inflation        lag= 30 m5_p=0.9178  m6_ic=0.0772
[20:42:39]   HIT  DJ_SOUTH_AFRICA    banking          lag=  1 m5_p=0.8775  m6_ic=0.0612
[20:42:39]   HIT  DJ_SOUTH_AFRICA    banking          lag=  7 m5_p=0.9187  m6_ic=0.1092
[20:42:39]   HIT  DJ_SOUTH_AFRICA    banking          lag= 14 m5_p=0.7734  m6_ic=0.0857
[20:42:39]   HIT  DJ_SOUTH_AFRICA    banking          lag= 30 m5_p=0.5459  m6_ic=0.0867
[20:42:39]   HIT  DJ_SOUTH_AFRICA    gold             lag=  1 m5_p=0.9638  m6_ic=0.0482
[20:42:40]   HIT  DJ_SOUTH_AFRICA    gold             lag=  7 m5_p=0.0160  m6_ic=0.0380
[20:42:40]   HIT  DJ_SOUTH_AFRICA    gold             lag= 14 m5_p=0.1792  m6_ic=0.0626
[20:42:40]   HIT  DJ_SOUTH_AFRICA    gold             lag= 30 m5_p=0.8632  m6_ic=0.0696
[20:42:41]   HIT  MSCI_WORLD         oil              lag= 14 m5_p=0.7583  m6_ic=0.0790
[20:42:41]   HIT  MSCI_WORLD         oil              lag= 30 m5_p=0.5465  m6_ic=0.0388
[20:42:41]   HIT  MSCI_WORLD         rate             lag=  1 m5_p=0.8296  m6_ic=0.0851
[20:42:41]   HIT  MSCI_WORLD         rate             lag=  7 m5_p=0.4579  m6_ic=0.0438
[20:42:41]   HIT  MSCI_WORLD         rate             lag= 14 m5_p=0.7534  m6_ic=0.0444
[20:42:42]   HIT  MSCI_WORLD         rate             lag= 30 m5_p=0.4239  m6_ic=0.1146
[20:42:42]   HIT  MSCI_WORLD         ruble            lag=  1 m5_p=0.8053  m6_ic=0.0430
[20:42:43]   HIT  MSCI_WORLD         sanctions        lag=  1 m5_p=0.9279  m6_ic=0.0375
[20:42:43]   HIT  MSCI_WORLD         sanctions        lag= 14 m5_p=0.0236  m6_ic=0.0584
[20:42:43]   HIT  MSCI_WORLD         sanctions        lag= 30 m5_p=0.1371  m6_ic=0.0381
[20:42:43]   HIT  MSCI_WORLD         inflation        lag=  1 m5_p=0.9293  m6_ic=0.0340
[20:42:44]   HIT  MSCI_WORLD         inflation        lag=  7 m5_p=0.8139  m6_ic=0.0516
[20:42:44]   HIT  MSCI_WORLD         banking          lag=  1 m5_p=0.6049  m6_ic=0.0353
[20:42:45]   HIT  MSCI_WORLD         banking          lag=  7 m5_p=0.2795  m6_ic=0.0432
[20:42:45]   HIT  MSCI_WORLD         banking          lag= 14 m5_p=0.5942  m6_ic=0.0327
[20:42:45]   HIT  MSCI_WORLD         banking          lag= 30 m5_p=0.7214  m6_ic=0.0710
[20:42:46]   HIT  MSCI_WORLD         gold             lag= 14 m5_p=0.9363  m6_ic=0.0811
[20:42:46]   HIT  DXY                oil              lag=  1 m5_p=0.9938  m6_ic=0.0545
[20:42:46]   HIT  DXY                oil              lag=  7 m5_p=0.4559  m6_ic=0.0401
[20:42:46]   HIT  DXY                oil              lag= 14 m5_p=0.9907  m6_ic=0.0408
[20:42:47]   HIT  DXY                rate             lag=  1 m5_p=0.6407  m6_ic=0.1002
[20:42:47]   HIT  DXY                rate             lag=  7 m5_p=0.8922  m6_ic=0.0507
[20:42:47]   HIT  DXY                rate             lag= 30 m5_p=0.6109  m6_ic=0.0358
[20:42:48]   HIT  DXY                ruble            lag= 30 m5_p=0.7125  m6_ic=0.0336
[20:42:49]   HIT  DXY                sanctions        lag=  7 m5_p=0.6776  m6_ic=0.0334
[20:42:49]   HIT  DXY                sanctions        lag= 14 m5_p=0.2611  m6_ic=0.0324
[20:42:50]   HIT  DXY                banking          lag=  7 m5_p=0.9637  m6_ic=0.0312
[20:42:50]   HIT  DXY                banking          lag= 14 m5_p=0.7537  m6_ic=0.0459
[20:42:51]   HIT  DXY                banking          lag= 30 m5_p=0.8030  m6_ic=0.0401
[20:42:51]   HIT  DXY                gold             lag=  7 m5_p=0.1827  m6_ic=0.0601
[20:42:51]   HIT  DXY                gold             lag= 14 m5_p=0.6443  m6_ic=0.0731
[20:42:52]   HIT  DXY                gold             lag= 30 m5_p=0.8404  m6_ic=0.0608
[20:42:52]   HIT  BRENT              oil              lag=  7 m5_p=0.9807  m6_ic=0.0504
[20:42:52]   HIT  BRENT              oil              lag= 14 m5_p=0.8691  m6_ic=0.0561
[20:42:52]   HIT  BRENT              oil              lag= 30 m5_p=0.8554  m6_ic=0.0732
[20:42:53]   HIT  BRENT              rate             lag=  7 m5_p=0.9612  m6_ic=0.0734
[20:42:53]   HIT  BRENT              rate             lag= 14 m5_p=0.9184  m6_ic=0.0727
[20:42:53]   HIT  BRENT              ruble            lag=  7 m5_p=0.1811  m6_ic=0.0722
[20:42:54]   HIT  BRENT              ruble            lag= 14 m5_p=0.6368  m6_ic=0.0536
[20:42:54]   HIT  BRENT              ruble            lag= 30 m5_p=0.4976  m6_ic=0.0478
[20:42:54]   HIT  BRENT              sanctions        lag=  1 m5_p=0.8883  m6_ic=0.0389
[20:42:54]   HIT  BRENT              sanctions        lag=  7 m5_p=0.0344  m6_ic=0.1222
[20:42:55]   HIT  BRENT              sanctions        lag= 14 m5_p=0.6047  m6_ic=0.0669
[20:42:55]   HIT  BRENT              sanctions        lag= 30 m5_p=0.7844  m6_ic=0.0517
[20:42:55]   HIT  BRENT              inflation        lag=  7 m5_p=0.6647  m6_ic=0.0522
[20:42:56]   HIT  BRENT              inflation        lag= 30 m5_p=0.7393  m6_ic=0.0407
[20:42:56]   HIT  BRENT              banking          lag= 30 m5_p=0.3849  m6_ic=0.0319
[20:42:57]   HIT  BRENT              gold             lag=  1 m5_p=0.4448  m6_ic=0.0355
[20:42:57]   HIT  BRENT              gold             lag= 30 m5_p=0.6646  m6_ic=0.0375
[20:42:57]   HIT  MSCI_INDIA         oil              lag=  1 m5_p=0.8762  m6_ic=0.0847
[20:42:58]   HIT  MSCI_INDIA         oil              lag=  7 m5_p=0.6587  m6_ic=0.0376
[20:42:58]   HIT  MSCI_INDIA         oil              lag= 14 m5_p=0.9138  m6_ic=0.0576
[20:42:58]   HIT  MSCI_INDIA         rate             lag=  7 m5_p=0.4848  m6_ic=0.0311
[20:42:59]   HIT  MSCI_INDIA         rate             lag= 30 m5_p=0.6603  m6_ic=0.0430
[20:42:59]   HIT  MSCI_INDIA         ruble            lag= 30 m5_p=0.6740  m6_ic=0.0458
[20:43:00]   HIT  MSCI_INDIA         sanctions        lag=  1 m5_p=0.8585  m6_ic=0.1201
[20:43:00]   HIT  MSCI_INDIA         sanctions        lag= 14 m5_p=0.0381  m6_ic=0.0760
[20:43:00]   HIT  MSCI_INDIA         inflation        lag=  1 m5_p=0.9173  m6_ic=0.1354
[20:43:01]   HIT  MSCI_INDIA         inflation        lag= 30 m5_p=0.7822  m6_ic=0.0536
[20:43:01]   HIT  MSCI_INDIA         banking          lag=  1 m5_p=0.5125  m6_ic=0.0806
[20:43:01]   HIT  MSCI_INDIA         banking          lag=  7 m5_p=0.5848  m6_ic=0.1100
[20:43:02]   HIT  MSCI_INDIA         banking          lag= 30 m5_p=0.5876  m6_ic=0.0520
[20:43:02]   HIT  MSCI_INDIA         gold             lag=  1 m5_p=0.9223  m6_ic=0.0316
[20:43:03]   HIT  MSCI_INDIA         gold             lag= 30 m5_p=0.8411  m6_ic=0.0849
[20:43:03]   HIT  CHINA_H_SHARES     oil              lag=  1 m5_p=0.4252  m6_ic=0.0343
[20:43:03]   HIT  CHINA_H_SHARES     oil              lag=  7 m5_p=0.2836  m6_ic=0.0621
[20:43:03]   HIT  CHINA_H_SHARES     oil              lag= 14 m5_p=0.7447  m6_ic=0.0546
[20:43:04]   HIT  CHINA_H_SHARES     rate             lag=  1 m5_p=0.4171  m6_ic=0.0592
[20:43:04]   HIT  CHINA_H_SHARES     rate             lag=  7 m5_p=0.8738  m6_ic=0.0416
[20:43:04]   HIT  CHINA_H_SHARES     rate             lag= 14 m5_p=0.2584  m6_ic=0.0415
[20:43:04]   HIT  CHINA_H_SHARES     ruble            lag=  1 m5_p=0.8376  m6_ic=0.0627
[20:43:05]   HIT  CHINA_H_SHARES     ruble            lag= 30 m5_p=0.5751  m6_ic=0.0612
[20:43:05]   HIT  CHINA_H_SHARES     sanctions        lag=  1 m5_p=0.1269  m6_ic=0.0444
[20:43:06]   HIT  CHINA_H_SHARES     sanctions        lag= 14 m5_p=0.0570  m6_ic=0.0427
[20:43:06]   HIT  CHINA_H_SHARES     sanctions        lag= 30 m5_p=0.7132  m6_ic=0.0422
[20:43:06]   HIT  CHINA_H_SHARES     inflation        lag=  1 m5_p=0.5014  m6_ic=0.0630
[20:43:06]   HIT  CHINA_H_SHARES     inflation        lag=  7 m5_p=0.5842  m6_ic=0.0326
[20:43:07]   HIT  CHINA_H_SHARES     banking          lag= 14 m5_p=0.1631  m6_ic=0.0425
[20:43:07]   HIT  CHINA_H_SHARES     banking          lag= 30 m5_p=0.4281  m6_ic=0.0334
[20:43:08]   HIT  CHINA_H_SHARES     gold             lag=  1 m5_p=0.7182  m6_ic=0.0669
[20:43:08]   HIT  CHINA_H_SHARES     gold             lag= 14 m5_p=0.9956  m6_ic=0.0525
[20:43:08]   HIT  FTSE_CHINA_50      oil              lag=  1 m5_p=0.4584  m6_ic=0.0529
[20:43:09]   HIT  FTSE_CHINA_50      oil              lag=  7 m5_p=0.2440  m6_ic=0.0695
[20:43:09]   HIT  FTSE_CHINA_50      oil              lag= 14 m5_p=0.7124  m6_ic=0.0473
[20:43:09]   HIT  FTSE_CHINA_50      rate             lag=  1 m5_p=0.5148  m6_ic=0.0649
[20:43:09]   HIT  FTSE_CHINA_50      rate             lag=  7 m5_p=0.9913  m6_ic=0.0363
[20:43:10]   HIT  FTSE_CHINA_50      rate             lag= 14 m5_p=0.2687  m6_ic=0.0479
[20:43:10]   HIT  FTSE_CHINA_50      ruble            lag=  1 m5_p=0.9901  m6_ic=0.0409
[20:43:11]   HIT  FTSE_CHINA_50      ruble            lag= 30 m5_p=0.3880  m6_ic=0.0817
[20:43:11]   HIT  FTSE_CHINA_50      sanctions        lag= 14 m5_p=0.0897  m6_ic=0.0445
[20:43:11]   HIT  FTSE_CHINA_50      sanctions        lag= 30 m5_p=0.4187  m6_ic=0.0440
[20:43:12]   HIT  FTSE_CHINA_50      inflation        lag=  1 m5_p=0.6470  m6_ic=0.0428
[20:43:12]   HIT  FTSE_CHINA_50      inflation        lag=  7 m5_p=0.3905  m6_ic=0.0340
[20:43:12]   HIT  FTSE_CHINA_50      inflation        lag= 30 m5_p=0.6986  m6_ic=0.0496
[20:43:12]   HIT  FTSE_CHINA_50      banking          lag=  1 m5_p=0.6430  m6_ic=0.0363
[20:43:13]   HIT  FTSE_CHINA_50      banking          lag= 14 m5_p=0.1179  m6_ic=0.0360
[20:43:13]   HIT  FTSE_CHINA_50      gold             lag=  1 m5_p=0.6650  m6_ic=0.0336
[20:43:13]   HIT  FTSE_CHINA_50      gold             lag=  7 m5_p=0.1741  m6_ic=0.0432
[20:43:14]   HIT  FTSE_CHINA_50      gold             lag= 14 m5_p=0.9787  m6_ic=0.0412
[20:43:14]   HIT  FTSE_CHINA_50      gold             lag= 30 m5_p=0.3984  m6_ic=0.0550
[20:43:14]   HIT  GOLD               oil              lag=  1 m5_p=0.9532  m6_ic=0.0326
[20:43:15]   HIT  GOLD               oil              lag= 30 m5_p=0.3688  m6_ic=0.0932
[20:43:15]   HIT  GOLD               ruble            lag=  1 m5_p=0.7153  m6_ic=0.0798
[20:43:16]   HIT  GOLD               ruble            lag=  7 m5_p=0.6456  m6_ic=0.1263
[20:43:16]   HIT  GOLD               ruble            lag= 14 m5_p=0.4860  m6_ic=0.0612
[20:43:16]   HIT  GOLD               ruble            lag= 30 m5_p=0.7346  m6_ic=0.0603
[20:43:16]   HIT  GOLD               sanctions        lag=  1 m5_p=0.9744  m6_ic=0.0562
[20:43:16]   HIT  GOLD               sanctions        lag=  7 m5_p=0.5785  m6_ic=0.0424
[20:43:17]   HIT  GOLD               sanctions        lag= 30 m5_p=0.0448  m6_ic=0.0603
[20:43:17]   HIT  GOLD               inflation        lag=  1 m5_p=0.0726  m6_ic=0.0479
[20:43:18]   HIT  GOLD               inflation        lag= 30 m5_p=0.3846  m6_ic=0.0750
[20:43:18]   HIT  GOLD               banking          lag=  1 m5_p=0.2110  m6_ic=0.0443
[20:43:18]   HIT  GOLD               banking          lag=  7 m5_p=0.6102  m6_ic=0.0774
[20:43:18]   HIT  GOLD               banking          lag= 14 m5_p=0.4794  m6_ic=0.0343
[20:43:19]   HIT  GOLD               gold             lag=  7 m5_p=0.7286  m6_ic=0.0902
[20:43:19]   HIT  GOLD               gold             lag= 14 m5_p=0.2403  m6_ic=0.0845
[20:43:19]   HIT  GOLD               gold             lag= 30 m5_p=0.7674  m6_ic=0.0310
[20:43:19]   HIT  SILVER             oil              lag=  1 m5_p=0.5583  m6_ic=0.0637
[20:43:20]   HIT  SILVER             oil              lag=  7 m5_p=0.7134  m6_ic=0.0428
[20:43:20]   HIT  SILVER             oil              lag= 30 m5_p=0.9348  m6_ic=0.0440
[20:43:20]   HIT  SILVER             rate             lag=  7 m5_p=0.5172  m6_ic=0.0744
[20:43:20]   HIT  SILVER             rate             lag= 14 m5_p=0.5417  m6_ic=0.0392
[20:43:21]   HIT  SILVER             rate             lag= 30 m5_p=0.2067  m6_ic=0.0430
[20:43:21]   HIT  SILVER             ruble            lag= 14 m5_p=0.7541  m6_ic=0.0504
[20:43:21]   HIT  SILVER             ruble            lag= 30 m5_p=0.5015  m6_ic=0.0913
[20:43:22]   HIT  SILVER             sanctions        lag=  7 m5_p=0.7734  m6_ic=0.0438
[20:43:22]   HIT  SILVER             sanctions        lag= 14 m5_p=0.2520  m6_ic=0.0362
[20:43:22]   HIT  SILVER             sanctions        lag= 30 m5_p=0.2898  m6_ic=0.0987
[20:43:22]   HIT  SILVER             inflation        lag=  1 m5_p=0.4563  m6_ic=0.1023
[20:43:23]   HIT  SILVER             inflation        lag= 14 m5_p=0.5560  m6_ic=0.0378
[20:43:23]   HIT  SILVER             banking          lag=  1 m5_p=0.8597  m6_ic=0.1069
[20:43:23]   HIT  SILVER             banking          lag=  7 m5_p=0.7958  m6_ic=0.1034
[20:43:23]   HIT  SILVER             banking          lag= 14 m5_p=0.7033  m6_ic=0.0433
[20:43:24]   HIT  SILVER             banking          lag= 30 m5_p=0.4961  m6_ic=0.0565
[20:43:24]   HIT  SILVER             gold             lag=  1 m5_p=0.5015  m6_ic=0.0709
[20:43:24]   HIT  SILVER             gold             lag= 14 m5_p=0.9397  m6_ic=0.0362
[20:43:25]   HIT  IMOEX              oil              lag=  7 m5_p=0.3656  m6_ic=0.0982
[20:43:25]   HIT  IMOEX              oil              lag= 14 m5_p=0.6076  m6_ic=0.0473
[20:43:25]   HIT  IMOEX              rate             lag=  1 m5_p=0.1954  m6_ic=0.0644
[20:43:26]   HIT  IMOEX              rate             lag= 14 m5_p=0.2500  m6_ic=0.0539
[20:43:26]   HIT  IMOEX              rate             lag= 30 m5_p=0.7067  m6_ic=0.1142
[20:43:26]   HIT  IMOEX              ruble            lag=  1 m5_p=0.6798  m6_ic=0.0638
[20:43:26]   HIT  IMOEX              ruble            lag=  7 m5_p=0.3416  m6_ic=0.0426
[20:43:27]   HIT  IMOEX              ruble            lag= 30 m5_p=0.8905  m6_ic=0.0697
[20:43:27]   HIT  IMOEX              sanctions        lag= 14 m5_p=0.9472  m6_ic=0.0559
[20:43:28]   HIT  IMOEX              inflation        lag=  1 m5_p=0.1679  m6_ic=0.0467
[20:43:28]   HIT  IMOEX              inflation        lag=  7 m5_p=0.5877  m6_ic=0.0634
[20:43:28]   HIT  IMOEX              inflation        lag= 30 m5_p=0.5803  m6_ic=0.1008
[20:43:29]   HIT  IMOEX              banking          lag=  1 m5_p=0.2253  m6_ic=0.1129
[20:43:29]   HIT  IMOEX              banking          lag= 30 m5_p=0.6247  m6_ic=0.0719
[20:43:29]   HIT  IMOEX              gold             lag=  1 m5_p=0.1881  m6_ic=0.0330
[20:43:30]   HIT  IMOEX              gold             lag=  7 m5_p=0.8441  m6_ic=0.0457
[20:43:30]   HIT  MOEXFN             oil              lag=  7 m5_p=0.3823  m6_ic=0.0555
[20:43:31]   HIT  MOEXFN             rate             lag=  1 m5_p=0.1128  m6_ic=0.0572
[20:43:32]   HIT  MOEXFN             rate             lag= 30 m5_p=0.9347  m6_ic=0.0956
[20:43:32]   HIT  MOEXFN             ruble            lag=  1 m5_p=0.3256  m6_ic=0.0750
[20:43:32]   HIT  MOEXFN             ruble            lag=  7 m5_p=0.6758  m6_ic=0.0360
[20:43:32]   HIT  MOEXFN             ruble            lag= 30 m5_p=0.6894  m6_ic=0.0504
[20:43:33]   HIT  MOEXFN             sanctions        lag=  7 m5_p=0.7753  m6_ic=0.0594
[20:43:33]   HIT  MOEXFN             sanctions        lag= 14 m5_p=0.9255  m6_ic=0.0561
[20:43:33]   HIT  MOEXFN             sanctions        lag= 30 m5_p=0.3461  m6_ic=0.0867
[20:43:33]   HIT  MOEXFN             inflation        lag=  1 m5_p=0.0918  m6_ic=0.0509
[20:43:34]   HIT  MOEXFN             banking          lag=  1 m5_p=0.1911  m6_ic=0.0902
[20:43:34]   HIT  MOEXFN             banking          lag=  7 m5_p=0.3546  m6_ic=0.0357
[20:43:35]   HIT  MOEXFN             banking          lag= 30 m5_p=0.2464  m6_ic=0.1143
[20:43:35]   HIT  MOEXFN             gold             lag=  7 m5_p=0.6910  m6_ic=0.0444
[20:43:36]   HIT  MOEXOG             oil              lag=  7 m5_p=0.4351  m6_ic=0.1201
[20:43:36]   HIT  MOEXOG             oil              lag= 14 m5_p=0.5055  m6_ic=0.0430
[20:43:36]   HIT  MOEXOG             oil              lag= 30 m5_p=0.6199  m6_ic=0.0678
[20:43:36]   HIT  MOEXOG             rate             lag=  1 m5_p=0.1240  m6_ic=0.0447
[20:43:37]   HIT  MOEXOG             rate             lag= 14 m5_p=0.2992  m6_ic=0.0307
[20:43:37]   HIT  MOEXOG             rate             lag= 30 m5_p=0.9974  m6_ic=0.1017
[20:43:37]   HIT  MOEXOG             ruble            lag=  1 m5_p=0.7496  m6_ic=0.0840
[20:43:37]   HIT  MOEXOG             ruble            lag=  7 m5_p=0.4303  m6_ic=0.0639
[20:43:38]   HIT  MOEXOG             ruble            lag= 30 m5_p=0.4104  m6_ic=0.1030
[20:43:38]   HIT  MOEXOG             sanctions        lag=  7 m5_p=0.1408  m6_ic=0.0445
[20:43:38]   HIT  MOEXOG             sanctions        lag= 14 m5_p=0.9303  m6_ic=0.0472
[20:43:39]   HIT  MOEXOG             sanctions        lag= 30 m5_p=0.9924  m6_ic=0.0328
[20:43:39]   HIT  MOEXOG             inflation        lag=  7 m5_p=0.4974  m6_ic=0.0594
[20:43:40]   HIT  MOEXOG             inflation        lag= 30 m5_p=0.1695  m6_ic=0.1147
[20:43:40]   HIT  MOEXOG             banking          lag=  1 m5_p=0.1295  m6_ic=0.1578
[20:43:40]   HIT  MOEXOG             banking          lag=  7 m5_p=0.2620  m6_ic=0.0737
[20:43:40]   HIT  MOEXOG             banking          lag= 14 m5_p=0.2146  m6_ic=0.0304
[20:43:40]   HIT  MOEXOG             banking          lag= 30 m5_p=0.1279  m6_ic=0.0343
[20:43:40]   HIT  MOEXOG             gold             lag=  1 m5_p=0.1103  m6_ic=0.0536
[20:43:41]   HIT  MOEXOG             gold             lag= 30 m5_p=0.7551  m6_ic=0.0595
[20:43:41]   HIT  MOEX10             oil              lag=  7 m5_p=0.3970  m6_ic=0.0669
[20:43:42]   HIT  MOEX10             oil              lag= 14 m5_p=0.8907  m6_ic=0.0437
[20:43:42]   HIT  MOEX10             oil              lag= 30 m5_p=0.4688  m6_ic=0.0402
[20:43:42]   HIT  MOEX10             rate             lag=  1 m5_p=0.1918  m6_ic=0.0642
[20:43:42]   HIT  MOEX10             rate             lag= 14 m5_p=0.3288  m6_ic=0.0401
[20:43:43]   HIT  MOEX10             rate             lag= 30 m5_p=0.4227  m6_ic=0.1644
[20:43:43]   HIT  MOEX10             ruble            lag=  1 m5_p=0.7842  m6_ic=0.0666
[20:43:43]   HIT  MOEX10             ruble            lag=  7 m5_p=0.5689  m6_ic=0.0365
[20:43:43]   HIT  MOEX10             ruble            lag= 14 m5_p=0.4969  m6_ic=0.0568
[20:43:43]   HIT  MOEX10             ruble            lag= 30 m5_p=0.5129  m6_ic=0.0473
[20:43:44]   HIT  MOEX10             sanctions        lag= 14 m5_p=0.8578  m6_ic=0.0368
[20:43:44]   HIT  MOEX10             inflation        lag=  1 m5_p=0.1634  m6_ic=0.0644
[20:43:45]   HIT  MOEX10             inflation        lag=  7 m5_p=0.6236  m6_ic=0.0318
[20:43:45]   HIT  MOEX10             banking          lag=  1 m5_p=0.2926  m6_ic=0.0754
[20:43:46]   HIT  MOEX10             banking          lag= 30 m5_p=0.2579  m6_ic=0.1062
[20:43:47]     Train: 269 signals
[20:43:47]     Val holdout (269 candidates)...
[20:43:47]     VAL PASS  SP500              oil              lag=  1  m6_ic=0.0550
[20:43:47]     VAL PASS  SP500              oil              lag=  7  m6_ic=0.0566
[20:43:47]     VAL PASS  SP500              rate             lag= 30  m6_ic=0.0611
[20:43:47]     VAL PASS  SP500              ruble            lag=  7  m6_ic=0.0657
[20:43:48]     VAL PASS  SP500              inflation        lag= 14  m6_ic=0.1072
[20:43:48]     VAL PASS  SP500              banking          lag=  7  m6_ic=0.0827
[20:43:48]     VAL PASS  SP500              gold             lag=  7  m6_ic=0.0408
[20:43:48]     VAL PASS  USD_RUB            oil              lag=  1  m6_ic=0.1082
[20:43:49]     VAL PASS  USD_RUB            oil              lag= 30  m6_ic=0.1140
[20:43:49]     VAL PASS  USD_RUB            rate             lag=  1  m6_ic=0.0635
[20:43:49]     VAL PASS  USD_RUB            rate             lag= 14  m6_ic=0.1297
[20:43:49]     VAL PASS  USD_RUB            rate             lag= 30  m6_ic=0.0577
[20:43:50]     VAL PASS  USD_RUB            ruble            lag=  1  m6_ic=0.0704
[20:43:50]     VAL PASS  USD_RUB            ruble            lag=  7  m6_ic=0.0754
[20:43:50]     VAL PASS  USD_RUB            ruble            lag= 14  m6_ic=0.1186
[20:43:50]     VAL PASS  USD_RUB            sanctions        lag=  7  m6_ic=0.0796
[20:43:50]     VAL PASS  USD_RUB            sanctions        lag= 14  m6_ic=0.1077
[20:43:51]     VAL PASS  USD_RUB            sanctions        lag= 30  m6_ic=0.0894
[20:43:51]     VAL PASS  USD_RUB            inflation        lag=  7  m6_ic=0.0707
[20:43:52]     VAL PASS  EUR_RUB            oil              lag=  1  m6_ic=0.1082
[20:43:52]     VAL PASS  EUR_RUB            oil              lag= 30  m6_ic=0.1140
[20:43:52]     VAL PASS  EUR_RUB            rate             lag=  1  m6_ic=0.0635
[20:43:53]     VAL PASS  EUR_RUB            rate             lag= 14  m6_ic=0.1297
[20:43:53]     VAL PASS  EUR_RUB            rate             lag= 30  m6_ic=0.0577
[20:43:53]     VAL PASS  EUR_RUB            ruble            lag=  1  m6_ic=0.0704
[20:43:53]     VAL PASS  EUR_RUB            ruble            lag=  7  m6_ic=0.0754
[20:43:53]     VAL PASS  EUR_RUB            ruble            lag= 14  m6_ic=0.1186
[20:43:54]     VAL PASS  EUR_RUB            sanctions        lag=  7  m6_ic=0.0796
[20:43:54]     VAL PASS  EUR_RUB            sanctions        lag= 14  m6_ic=0.1077
[20:43:54]     VAL PASS  EUR_RUB            sanctions        lag= 30  m6_ic=0.0894
[20:43:55]     VAL PASS  EUR_RUB            inflation        lag=  7  m6_ic=0.0707
[20:43:56]     VAL PASS  DJ_SOUTH_AFRICA    sanctions        lag=  1  m6_ic=0.0457
[20:43:56]     VAL PASS  DJ_SOUTH_AFRICA    sanctions        lag=  7  m6_ic=0.0566
[20:43:57]     VAL PASS  DJ_SOUTH_AFRICA    sanctions        lag= 14  m6_ic=0.0420
[20:43:57]     VAL PASS  DJ_SOUTH_AFRICA    sanctions        lag= 30  m6_ic=0.0423
[20:43:57]     VAL PASS  DJ_SOUTH_AFRICA    inflation        lag= 30  m6_ic=0.0358
[20:43:57]     VAL PASS  DJ_SOUTH_AFRICA    banking          lag=  1  m6_ic=0.0851
[20:43:58]     VAL PASS  DJ_SOUTH_AFRICA    banking          lag=  7  m6_ic=0.0443
[20:43:58]     VAL PASS  DJ_SOUTH_AFRICA    banking          lag= 30  m6_ic=0.0356
[20:43:58]     VAL PASS  DJ_SOUTH_AFRICA    gold             lag=  1  m6_ic=0.0555
[20:43:58]     VAL PASS  DJ_SOUTH_AFRICA    gold             lag=  7  m6_ic=0.0551
[20:43:59]     VAL PASS  DJ_SOUTH_AFRICA    gold             lag= 14  m6_ic=0.0637
[20:43:59]     VAL PASS  DJ_SOUTH_AFRICA    gold             lag= 30  m6_ic=0.1073
[20:43:59]     VAL PASS  MSCI_WORLD         oil              lag= 14  m6_ic=0.0649
[20:43:59]     VAL PASS  MSCI_WORLD         oil              lag= 30  m6_ic=0.0348
[20:43:59]     VAL PASS  MSCI_WORLD         rate             lag=  1  m6_ic=0.0303
[20:44:00]     VAL PASS  MSCI_WORLD         rate             lag= 14  m6_ic=0.0896
[20:44:00]     VAL PASS  MSCI_WORLD         rate             lag= 30  m6_ic=0.0506
[20:44:01]     VAL PASS  MSCI_WORLD         banking          lag=  1  m6_ic=0.0556
[20:44:02]     VAL PASS  MSCI_WORLD         banking          lag= 30  m6_ic=0.0343
[20:44:02]     VAL PASS  DXY                oil              lag= 14  m6_ic=0.1204
[20:44:03]     VAL PASS  DXY                rate             lag=  7  m6_ic=0.0960
[20:44:03]     VAL PASS  DXY                rate             lag= 30  m6_ic=0.0832
[20:44:03]     VAL PASS  DXY                ruble            lag= 30  m6_ic=0.0981
[20:44:03]     VAL PASS  DXY                sanctions        lag=  7  m6_ic=0.0456
[20:44:03]     VAL PASS  DXY                sanctions        lag= 14  m6_ic=0.0308
[20:44:04]     VAL PASS  DXY                banking          lag=  7  m6_ic=0.0908
[20:44:04]     VAL PASS  DXY                banking          lag= 14  m6_ic=0.0449
[20:44:04]     VAL PASS  DXY                banking          lag= 30  m6_ic=0.0622
[20:44:04]     VAL PASS  DXY                gold             lag= 14  m6_ic=0.0884
[20:44:05]     VAL PASS  DXY                gold             lag= 30  m6_ic=0.0407
[20:44:05]     VAL PASS  BRENT              oil              lag= 14  m6_ic=0.0876
[20:44:05]     VAL PASS  BRENT              oil              lag= 30  m6_ic=0.0938
[20:44:05]     VAL PASS  BRENT              rate             lag= 14  m6_ic=0.0323
[20:44:06]     VAL PASS  BRENT              ruble            lag= 14  m6_ic=0.0517
[20:44:06]     VAL PASS  BRENT              sanctions        lag=  7  m6_ic=0.0416
[20:44:07]     VAL PASS  BRENT              inflation        lag= 30  m6_ic=0.0655
[20:44:08]     VAL PASS  MSCI_INDIA         oil              lag=  7  m6_ic=0.0566
[20:44:08]     VAL PASS  MSCI_INDIA         rate             lag=  7  m6_ic=0.0834
[20:44:09]     VAL PASS  MSCI_INDIA         rate             lag= 30  m6_ic=0.1738
[20:44:09]     VAL PASS  MSCI_INDIA         sanctions        lag=  1  m6_ic=0.1118
[20:44:09]     VAL PASS  MSCI_INDIA         inflation        lag=  1  m6_ic=0.0506
[20:44:10]     VAL PASS  MSCI_INDIA         inflation        lag= 30  m6_ic=0.0443
[20:44:10]     VAL PASS  MSCI_INDIA         banking          lag=  1  m6_ic=0.0486
[20:44:10]     VAL PASS  MSCI_INDIA         banking          lag=  7  m6_ic=0.0330
[20:44:10]     VAL PASS  MSCI_INDIA         banking          lag= 30  m6_ic=0.0722
[20:44:10]     VAL PASS  MSCI_INDIA         gold             lag=  1  m6_ic=0.0812
[20:44:11]     VAL PASS  CHINA_H_SHARES     rate             lag=  1  m6_ic=0.0515
[20:44:11]     VAL PASS  CHINA_H_SHARES     rate             lag=  7  m6_ic=0.0504
[20:44:12]     VAL PASS  CHINA_H_SHARES     rate             lag= 14  m6_ic=0.0901
[20:44:12]     VAL PASS  CHINA_H_SHARES     ruble            lag=  1  m6_ic=0.0727
[20:44:12]     VAL PASS  CHINA_H_SHARES     ruble            lag= 30  m6_ic=0.0745
[20:44:12]     VAL PASS  CHINA_H_SHARES     sanctions        lag=  1  m6_ic=0.0463
[20:44:12]     VAL PASS  CHINA_H_SHARES     sanctions        lag= 14  m6_ic=0.0627
[20:44:13]     VAL PASS  CHINA_H_SHARES     sanctions        lag= 30  m6_ic=0.0977
[20:44:13]     VAL PASS  CHINA_H_SHARES     banking          lag= 14  m6_ic=0.0575
[20:44:14]     VAL PASS  CHINA_H_SHARES     gold             lag= 14  m6_ic=0.0951
[20:44:14]     VAL PASS  FTSE_CHINA_50      oil              lag=  1  m6_ic=0.0758
[20:44:14]     VAL PASS  FTSE_CHINA_50      oil              lag=  7  m6_ic=0.0351
[20:44:14]     VAL PASS  FTSE_CHINA_50      rate             lag=  1  m6_ic=0.0715
[20:44:15]     VAL PASS  FTSE_CHINA_50      rate             lag=  7  m6_ic=0.0946
[20:44:15]     VAL PASS  FTSE_CHINA_50      rate             lag= 14  m6_ic=0.0461
[20:44:15]     VAL PASS  FTSE_CHINA_50      ruble            lag= 30  m6_ic=0.0522
[20:44:15]     VAL PASS  FTSE_CHINA_50      sanctions        lag= 30  m6_ic=0.0720
[20:44:16]     VAL PASS  FTSE_CHINA_50      inflation        lag=  1  m6_ic=0.0345
[20:44:16]     VAL PASS  FTSE_CHINA_50      inflation        lag=  7  m6_ic=0.0458
[20:44:17]     VAL PASS  FTSE_CHINA_50      gold             lag=  7  m6_ic=0.0381
[20:44:17]     VAL PASS  FTSE_CHINA_50      gold             lag= 14  m6_ic=0.0526
[20:44:17]     VAL PASS  FTSE_CHINA_50      gold             lag= 30  m6_ic=0.0736
[20:44:17]     VAL PASS  GOLD               oil              lag=  1  m6_ic=0.0851
[20:44:17]     VAL PASS  GOLD               oil              lag= 30  m6_ic=0.0743
[20:44:18]     VAL PASS  GOLD               ruble            lag=  7  m6_ic=0.0650
[20:44:18]     VAL PASS  GOLD               ruble            lag= 14  m6_ic=0.0500
[20:44:18]     VAL PASS  GOLD               ruble            lag= 30  m6_ic=0.0531
[20:44:18]     VAL PASS  GOLD               sanctions        lag=  1  m6_ic=0.0581
[20:44:18]     VAL PASS  GOLD               sanctions        lag=  7  m6_ic=0.0909
[20:44:19]     VAL PASS  GOLD               inflation        lag=  1  m6_ic=0.0616
[20:44:19]     VAL PASS  GOLD               inflation        lag= 30  m6_ic=0.0763
[20:44:19]     VAL PASS  GOLD               banking          lag=  1  m6_ic=0.0610
[20:44:19]     VAL PASS  GOLD               banking          lag=  7  m6_ic=0.0414
[20:44:19]     VAL PASS  GOLD               banking          lag= 14  m6_ic=0.0503
[20:44:21]     VAL PASS  SILVER             rate             lag= 14  m6_ic=0.1188
[20:44:21]     VAL PASS  SILVER             rate             lag= 30  m6_ic=0.0396
[20:44:21]     VAL PASS  SILVER             ruble            lag= 14  m6_ic=0.0338
[20:44:21]     VAL PASS  SILVER             ruble            lag= 30  m6_ic=0.0367
[20:44:21]     VAL PASS  SILVER             sanctions        lag=  7  m6_ic=0.0692
[20:44:22]     VAL PASS  SILVER             inflation        lag=  1  m6_ic=0.0842
[20:44:22]     VAL PASS  SILVER             inflation        lag= 14  m6_ic=0.0577
[20:44:22]     VAL PASS  SILVER             banking          lag=  1  m6_ic=0.0579
[20:44:23]     VAL PASS  SILVER             banking          lag= 30  m6_ic=0.0373
[20:44:23]     VAL PASS  SILVER             gold             lag=  1  m6_ic=0.0628
[20:44:23]     VAL PASS  SILVER             gold             lag= 14  m6_ic=0.0476
[20:44:23]     VAL PASS  IMOEX              oil              lag= 14  m6_ic=0.0326
[20:44:24]     VAL PASS  IMOEX              rate             lag= 14  m6_ic=0.0616
[20:44:24]     VAL PASS  IMOEX              rate             lag= 30  m6_ic=0.0468
[20:44:24]     VAL PASS  IMOEX              ruble            lag=  1  m6_ic=0.0661
[20:44:24]     VAL PASS  IMOEX              ruble            lag=  7  m6_ic=0.0732
[20:44:25]     VAL PASS  IMOEX              ruble            lag= 30  m6_ic=0.1228
[20:44:25]     VAL PASS  IMOEX              sanctions        lag= 14  m6_ic=0.0891
[20:44:25]     VAL PASS  IMOEX              inflation        lag=  1  m6_ic=0.0482
[20:44:25]     VAL PASS  IMOEX              inflation        lag=  7  m6_ic=0.0720
[20:44:26]     VAL PASS  IMOEX              banking          lag= 30  m6_ic=0.0438
[20:44:26]     VAL PASS  IMOEX              gold             lag=  1  m6_ic=0.0407
[20:44:27]     VAL PASS  MOEXFN             ruble            lag=  1  m6_ic=0.0466
[20:44:27]     VAL PASS  MOEXFN             ruble            lag=  7  m6_ic=0.0524
[20:44:27]     VAL PASS  MOEXFN             ruble            lag= 30  m6_ic=0.1087
[20:44:27]     VAL PASS  MOEXFN             sanctions        lag=  7  m6_ic=0.0638
[20:44:27]     VAL PASS  MOEXFN             sanctions        lag= 14  m6_ic=0.0785
[20:44:28]     VAL PASS  MOEXFN             sanctions        lag= 30  m6_ic=0.0793
[20:44:28]     VAL PASS  MOEXFN             inflation        lag=  1  m6_ic=0.0818
[20:44:28]     VAL PASS  MOEXFN             banking          lag=  1  m6_ic=0.0471
[20:44:28]     VAL PASS  MOEXFN             banking          lag=  7  m6_ic=0.0529
[20:44:29]     VAL PASS  MOEXOG             oil              lag= 14  m6_ic=0.0340
[20:44:29]     VAL PASS  MOEXOG             oil              lag= 30  m6_ic=0.0663
[20:44:29]     VAL PASS  MOEXOG             rate             lag=  1  m6_ic=0.0423
[20:44:29]     VAL PASS  MOEXOG             rate             lag= 14  m6_ic=0.0638
[20:44:30]     VAL PASS  MOEXOG             ruble            lag=  1  m6_ic=0.0505
[20:44:30]     VAL PASS  MOEXOG             ruble            lag=  7  m6_ic=0.0791
[20:44:30]     VAL PASS  MOEXOG             ruble            lag= 30  m6_ic=0.0750
[20:44:30]     VAL PASS  MOEXOG             sanctions        lag=  7  m6_ic=0.0534
[20:44:30]     VAL PASS  MOEXOG             sanctions        lag= 14  m6_ic=0.1024
[20:44:31]     VAL PASS  MOEXOG             sanctions        lag= 30  m6_ic=0.0510
[20:44:31]     VAL PASS  MOEXOG             inflation        lag=  7  m6_ic=0.0845
[20:44:31]     VAL PASS  MOEXOG             banking          lag=  1  m6_ic=0.0887
[20:44:31]     VAL PASS  MOEXOG             banking          lag=  7  m6_ic=0.1396
[20:44:32]     VAL PASS  MOEXOG             gold             lag=  1  m6_ic=0.0336
[20:44:32]     VAL PASS  MOEXOG             gold             lag= 30  m6_ic=0.0948
[20:44:33]     VAL PASS  MOEX10             oil              lag= 14  m6_ic=0.0647
[20:44:33]     VAL PASS  MOEX10             oil              lag= 30  m6_ic=0.0521
[20:44:33]     VAL PASS  MOEX10             rate             lag=  1  m6_ic=0.0330
[20:44:33]     VAL PASS  MOEX10             rate             lag= 30  m6_ic=0.0587
[20:44:33]     VAL PASS  MOEX10             ruble            lag=  1  m6_ic=0.0559
[20:44:34]     VAL PASS  MOEX10             ruble            lag=  7  m6_ic=0.0819
[20:44:34]     VAL PASS  MOEX10             ruble            lag= 14  m6_ic=0.0718
[20:44:34]     VAL PASS  MOEX10             ruble            lag= 30  m6_ic=0.0542
[20:44:34]     VAL PASS  MOEX10             sanctions        lag= 14  m6_ic=0.0879
[20:44:34]     VAL PASS  MOEX10             inflation        lag=  1  m6_ic=0.0420
[20:44:34]     VAL PASS  MOEX10             inflation        lag=  7  m6_ic=0.0700
[20:44:35]     VAL PASS  MOEX10             banking          lag=  1  m6_ic=0.0310
[20:44:35]     Val: 169/269 held
[20:44:35]   → train=269  val=169  max_ic=0.1644  score=2838.0
[20:44:35] 
============================================================
[20:44:35] FINAL REPORT
[20:44:35] ============================================================
[20:44:35] Report: C:\project\signal_mind\analytics\phase_b\night_search\night_report_20260520_203734.md
[20:44:35] Hits CSV: C:\project\signal_mind\analytics\phase_b\night_search\night_hits_20260520_203734.csv
[20:44:35] 
[4/15] sweep_keyword_z90_market_return  (budget=39min)
[20:44:35]   Config: sweep_keyword_z90_market_return
[20:44:35]     feature=keyword_z90  target=market_return  ensemble=M6_only  ic_min=0.03
[20:44:35]   HIT  SP500              oil_z            lag=  7 m5_p=0.6748  m6_ic=0.0527
[20:44:35]   HIT  SP500              oil_z            lag= 14 m5_p=0.7862  m6_ic=0.1014
[20:44:36]   HIT  SP500              rate_z           lag=  1 m5_p=0.4366  m6_ic=0.0510
[20:44:36]   HIT  SP500              rate_z           lag=  7 m5_p=0.8581  m6_ic=0.0547
[20:44:36]   HIT  SP500              rate_z           lag= 14 m5_p=0.9377  m6_ic=0.0710
[20:44:37]   HIT  SP500              ruble_z          lag=  1 m5_p=0.6337  m6_ic=0.0566
[20:44:38]   HIT  SP500              sanctions_z      lag=  1 m5_p=0.4430  m6_ic=0.0698
[20:44:38]   HIT  SP500              sanctions_z      lag=  7 m5_p=0.7751  m6_ic=0.0709
[20:44:38]   HIT  SP500              inflation_z      lag=  1 m5_p=0.4970  m6_ic=0.0398
[20:44:39]   HIT  SP500              inflation_z      lag=  7 m5_p=0.5052  m6_ic=0.0847
[20:44:39]   HIT  SP500              inflation_z      lag= 30 m5_p=0.6300  m6_ic=0.0727
[20:44:39]   HIT  SP500              banking_z        lag=  1 m5_p=0.8581  m6_ic=0.0508
[20:44:40]   HIT  SP500              banking_z        lag= 14 m5_p=0.6500  m6_ic=0.0462
[20:44:40]   HIT  SP500              banking_z        lag= 30 m5_p=0.5090  m6_ic=0.0337
[20:44:40]   HIT  SP500              gold_z           lag=  7 m5_p=0.7528  m6_ic=0.0567
[20:44:41]   HIT  USD_RUB            oil_z            lag= 14 m5_p=0.6692  m6_ic=0.0580
[20:44:42]   HIT  USD_RUB            oil_z            lag= 30 m5_p=0.4686  m6_ic=0.0829
[20:44:42]   HIT  USD_RUB            rate_z           lag=  1 m5_p=0.9318  m6_ic=0.1048
[20:44:42]   HIT  USD_RUB            rate_z           lag= 30 m5_p=0.3641  m6_ic=0.0830
[20:44:43]   HIT  USD_RUB            ruble_z          lag=  1 m5_p=0.1133  m6_ic=0.0395
[20:44:43]   HIT  USD_RUB            ruble_z          lag=  7 m5_p=0.1581  m6_ic=0.0476
[20:44:43]   HIT  USD_RUB            ruble_z          lag= 14 m5_p=0.9816  m6_ic=0.1100
[20:44:44]   HIT  USD_RUB            sanctions_z      lag= 14 m5_p=0.6089  m6_ic=0.0672
[20:44:44]   HIT  USD_RUB            sanctions_z      lag= 30 m5_p=0.1916  m6_ic=0.0594
[20:44:47]   HIT  EUR_RUB            oil_z            lag= 14 m5_p=0.6692  m6_ic=0.0580
[20:44:47]   HIT  EUR_RUB            oil_z            lag= 30 m5_p=0.4686  m6_ic=0.0829
[20:44:47]   HIT  EUR_RUB            rate_z           lag=  1 m5_p=0.9318  m6_ic=0.1048
[20:44:48]   HIT  EUR_RUB            rate_z           lag= 30 m5_p=0.3641  m6_ic=0.0830
[20:44:48]   HIT  EUR_RUB            ruble_z          lag=  1 m5_p=0.1133  m6_ic=0.0395
[20:44:48]   HIT  EUR_RUB            ruble_z          lag=  7 m5_p=0.1581  m6_ic=0.0476
[20:44:49]   HIT  EUR_RUB            ruble_z          lag= 14 m5_p=0.9816  m6_ic=0.1100
[20:44:49]   HIT  EUR_RUB            sanctions_z      lag= 14 m5_p=0.6089  m6_ic=0.0672
[20:44:50]   HIT  EUR_RUB            sanctions_z      lag= 30 m5_p=0.1916  m6_ic=0.0594
[20:44:52]   HIT  DJ_SOUTH_AFRICA    oil_z            lag=  7 m5_p=0.6844  m6_ic=0.0421
[20:44:53]   HIT  DJ_SOUTH_AFRICA    oil_z            lag= 30 m5_p=0.7089  m6_ic=0.0453
[20:44:54]   HIT  DJ_SOUTH_AFRICA    ruble_z          lag=  1 m5_p=0.2753  m6_ic=0.0327
[20:44:55]   HIT  DJ_SOUTH_AFRICA    sanctions_z      lag=  1 m5_p=0.6815  m6_ic=0.0457
[20:44:55]   HIT  DJ_SOUTH_AFRICA    sanctions_z      lag= 14 m5_p=0.0779  m6_ic=0.0913
[20:44:56]   HIT  DJ_SOUTH_AFRICA    inflation_z      lag= 14 m5_p=0.3188  m6_ic=0.0959
[20:44:56]   HIT  DJ_SOUTH_AFRICA    inflation_z      lag= 30 m5_p=0.7929  m6_ic=0.0511
[20:44:56]   HIT  DJ_SOUTH_AFRICA    banking_z        lag=  1 m5_p=0.7066  m6_ic=0.0641
[20:44:56]   HIT  DJ_SOUTH_AFRICA    banking_z        lag=  7 m5_p=0.5309  m6_ic=0.0672
[20:44:57]   HIT  DJ_SOUTH_AFRICA    banking_z        lag= 30 m5_p=0.4462  m6_ic=0.1268
[20:44:58]   HIT  DJ_SOUTH_AFRICA    gold_z           lag= 30 m5_p=0.6862  m6_ic=0.0316
[20:44:58]   HIT  MSCI_WORLD         oil_z            lag=  1 m5_p=0.5159  m6_ic=0.0479
[20:44:58]   HIT  MSCI_WORLD         oil_z            lag= 14 m5_p=0.4804  m6_ic=0.0423
[20:44:58]   HIT  MSCI_WORLD         oil_z            lag= 30 m5_p=0.2309  m6_ic=0.0322
[20:44:59]   HIT  MSCI_WORLD         rate_z           lag=  7 m5_p=0.2870  m6_ic=0.0667
[20:44:59]   HIT  MSCI_WORLD         rate_z           lag= 14 m5_p=0.6915  m6_ic=0.0301
[20:44:59]   HIT  MSCI_WORLD         rate_z           lag= 30 m5_p=0.8385  m6_ic=0.0355
[20:44:59]   HIT  MSCI_WORLD         ruble_z          lag=  1 m5_p=0.8080  m6_ic=0.0853
[20:45:00]   HIT  MSCI_WORLD         ruble_z          lag=  7 m5_p=0.9167  m6_ic=0.0921
[20:45:00]   HIT  MSCI_WORLD         ruble_z          lag= 30 m5_p=0.6524  m6_ic=0.0477
[20:45:00]   HIT  MSCI_WORLD         sanctions_z      lag=  7 m5_p=0.9308  m6_ic=0.0323
[20:45:01]   HIT  MSCI_WORLD         sanctions_z      lag= 14 m5_p=0.0137  m6_ic=0.0993
[20:45:01]   HIT  MSCI_WORLD         inflation_z      lag=  1 m5_p=0.7383  m6_ic=0.0436
[20:45:02]   HIT  MSCI_WORLD         inflation_z      lag= 30 m5_p=0.7384  m6_ic=0.0309
[20:45:02]   HIT  MSCI_WORLD         banking_z        lag=  7 m5_p=0.2023  m6_ic=0.0786
[20:45:03]   HIT  MSCI_WORLD         banking_z        lag= 30 m5_p=0.9942  m6_ic=0.0386
[20:45:04]   HIT  DXY                oil_z            lag=  1 m5_p=0.2414  m6_ic=0.0793
[20:45:04]   HIT  DXY                oil_z            lag= 14 m5_p=0.7563  m6_ic=0.0457
[20:45:04]   HIT  DXY                oil_z            lag= 30 m5_p=0.9815  m6_ic=0.0813
[20:45:04]   HIT  DXY                rate_z           lag=  1 m5_p=0.3050  m6_ic=0.0430
[20:45:05]   HIT  DXY                rate_z           lag=  7 m5_p=0.2421  m6_ic=0.0551
[20:45:05]   HIT  DXY                rate_z           lag= 30 m5_p=0.1284  m6_ic=0.0300
[20:45:05]   HIT  DXY                ruble_z          lag=  7 m5_p=0.4020  m6_ic=0.0448
[20:45:06]   HIT  DXY                sanctions_z      lag=  1 m5_p=0.9497  m6_ic=0.0383
[20:45:06]   HIT  DXY                sanctions_z      lag= 14 m5_p=0.1076  m6_ic=0.0375
[20:45:07]   HIT  DXY                inflation_z      lag=  7 m5_p=0.2981  m6_ic=0.0602
[20:45:08]   HIT  DXY                banking_z        lag=  1 m5_p=0.2260  m6_ic=0.0604
[20:45:08]   HIT  DXY                banking_z        lag= 14 m5_p=0.7712  m6_ic=0.0496
[20:45:09]   HIT  DXY                gold_z           lag=  7 m5_p=0.1179  m6_ic=0.0653
[20:45:09]   HIT  DXY                gold_z           lag= 14 m5_p=0.9351  m6_ic=0.1175
[20:45:09]   HIT  DXY                gold_z           lag= 30 m5_p=0.4623  m6_ic=0.0315
[20:45:09]   HIT  BRENT              oil_z            lag=  1 m5_p=0.9346  m6_ic=0.0406
[20:45:10]   HIT  BRENT              oil_z            lag=  7 m5_p=0.7838  m6_ic=0.0323
[20:45:10]   HIT  BRENT              oil_z            lag= 30 m5_p=0.8551  m6_ic=0.0800
[20:45:10]   HIT  BRENT              rate_z           lag=  7 m5_p=0.6818  m6_ic=0.0496
[20:45:11]   HIT  BRENT              ruble_z          lag=  1 m5_p=0.2518  m6_ic=0.0403
[20:45:12]   HIT  BRENT              ruble_z          lag= 30 m5_p=0.4153  m6_ic=0.1042
[20:45:12]   HIT  BRENT              sanctions_z      lag=  1 m5_p=0.5997  m6_ic=0.0313
[20:45:12]   HIT  BRENT              sanctions_z      lag=  7 m5_p=0.9600  m6_ic=0.0553
[20:45:12]   HIT  BRENT              sanctions_z      lag= 14 m5_p=0.3220  m6_ic=0.0433
[20:45:12]   HIT  BRENT              sanctions_z      lag= 30 m5_p=0.5788  m6_ic=0.0428
[20:45:13]   HIT  BRENT              inflation_z      lag=  1 m5_p=0.2547  m6_ic=0.0371
[20:45:13]   HIT  BRENT              inflation_z      lag= 14 m5_p=0.6837  m6_ic=0.1134
[20:45:13]   HIT  BRENT              inflation_z      lag= 30 m5_p=0.6957  m6_ic=0.0373
[20:45:13]   HIT  BRENT              banking_z        lag=  1 m5_p=0.7337  m6_ic=0.0561
[20:45:14]   HIT  BRENT              banking_z        lag=  7 m5_p=0.1672  m6_ic=0.0787
[20:45:14]   HIT  BRENT              banking_z        lag= 14 m5_p=0.6100  m6_ic=0.0377
[20:45:15]   HIT  BRENT              gold_z           lag= 14 m5_p=0.3846  m6_ic=0.0425
[20:45:15]   HIT  BRENT              gold_z           lag= 30 m5_p=0.4444  m6_ic=0.0414
[20:45:16]   HIT  MSCI_INDIA         rate_z           lag=  1 m5_p=0.4597  m6_ic=0.0374
[20:45:16]   HIT  MSCI_INDIA         rate_z           lag= 14 m5_p=0.6407  m6_ic=0.0556
[20:45:17]   HIT  MSCI_INDIA         ruble_z          lag=  1 m5_p=0.7407  m6_ic=0.0782
[20:45:17]   HIT  MSCI_INDIA         ruble_z          lag= 14 m5_p=0.7548  m6_ic=0.0444
[20:45:17]   HIT  MSCI_INDIA         ruble_z          lag= 30 m5_p=0.6840  m6_ic=0.1163
[20:45:17]   HIT  MSCI_INDIA         sanctions_z      lag=  1 m5_p=0.8390  m6_ic=0.0804
[20:45:18]   HIT  MSCI_INDIA         sanctions_z      lag=  7 m5_p=0.6660  m6_ic=0.0532
[20:45:18]   HIT  MSCI_INDIA         sanctions_z      lag= 30 m5_p=0.7515  m6_ic=0.0537
[20:45:18]   HIT  MSCI_INDIA         inflation_z      lag=  7 m5_p=0.4727  m6_ic=0.0344
[20:45:19]   HIT  MSCI_INDIA         inflation_z      lag= 30 m5_p=0.7764  m6_ic=0.0488
[20:45:19]   HIT  MSCI_INDIA         banking_z        lag=  7 m5_p=0.6346  m6_ic=0.0664
[20:45:19]   HIT  MSCI_INDIA         banking_z        lag= 14 m5_p=0.3996  m6_ic=0.0755
[20:45:20]   HIT  MSCI_INDIA         banking_z        lag= 30 m5_p=0.5097  m6_ic=0.1499
[20:45:20]   HIT  MSCI_INDIA         gold_z           lag=  1 m5_p=0.5637  m6_ic=0.0718
[20:45:20]   HIT  MSCI_INDIA         gold_z           lag=  7 m5_p=0.6810  m6_ic=0.0318
[20:45:20]   HIT  MSCI_INDIA         gold_z           lag= 14 m5_p=0.2356  m6_ic=0.1126
[20:45:21]   HIT  CHINA_H_SHARES     oil_z            lag=  1 m5_p=0.4078  m6_ic=0.0396
[20:45:21]   HIT  CHINA_H_SHARES     oil_z            lag=  7 m5_p=0.3879  m6_ic=0.0652
[20:45:21]   HIT  CHINA_H_SHARES     oil_z            lag= 30 m5_p=0.6605  m6_ic=0.0794
[20:45:21]   HIT  CHINA_H_SHARES     rate_z           lag=  1 m5_p=0.0778  m6_ic=0.0808
[20:45:22]   HIT  CHINA_H_SHARES     rate_z           lag=  7 m5_p=0.8293  m6_ic=0.0837
[20:45:22]   HIT  CHINA_H_SHARES     rate_z           lag= 14 m5_p=0.7421  m6_ic=0.0693
[20:45:23]   HIT  CHINA_H_SHARES     ruble_z          lag= 30 m5_p=0.6007  m6_ic=0.0372
[20:45:23]   HIT  CHINA_H_SHARES     sanctions_z      lag=  1 m5_p=0.4326  m6_ic=0.0352
[20:45:23]   HIT  CHINA_H_SHARES     sanctions_z      lag= 14 m5_p=0.3141  m6_ic=0.0414
[20:45:24]   HIT  CHINA_H_SHARES     sanctions_z      lag= 30 m5_p=0.2065  m6_ic=0.0882
[20:45:24]   HIT  CHINA_H_SHARES     inflation_z      lag=  1 m5_p=0.1657  m6_ic=0.0329
[20:45:24]   HIT  CHINA_H_SHARES     inflation_z      lag= 30 m5_p=0.3707  m6_ic=0.0400
[20:45:25]   HIT  CHINA_H_SHARES     banking_z        lag=  7 m5_p=0.9238  m6_ic=0.0517
[20:45:25]   HIT  CHINA_H_SHARES     banking_z        lag= 30 m5_p=0.9528  m6_ic=0.0391
[20:45:26]   HIT  CHINA_H_SHARES     gold_z           lag=  1 m5_p=0.3506  m6_ic=0.0655
[20:45:26]   HIT  CHINA_H_SHARES     gold_z           lag=  7 m5_p=0.2418  m6_ic=0.0632
[20:45:26]   HIT  CHINA_H_SHARES     gold_z           lag= 30 m5_p=0.9133  m6_ic=0.0892
[20:45:26]   HIT  FTSE_CHINA_50      oil_z            lag=  1 m5_p=0.4418  m6_ic=0.0537
[20:45:26]   HIT  FTSE_CHINA_50      oil_z            lag=  7 m5_p=0.3249  m6_ic=0.0373
[20:45:27]   HIT  FTSE_CHINA_50      oil_z            lag= 14 m5_p=0.8152  m6_ic=0.0316
[20:45:27]   HIT  FTSE_CHINA_50      oil_z            lag= 30 m5_p=0.6776  m6_ic=0.0983
[20:45:27]   HIT  FTSE_CHINA_50      rate_z           lag=  1 m5_p=0.0686  m6_ic=0.0939
[20:45:27]   HIT  FTSE_CHINA_50      rate_z           lag=  7 m5_p=0.9920  m6_ic=0.0796
[20:45:27]   HIT  FTSE_CHINA_50      rate_z           lag= 14 m5_p=0.9641  m6_ic=0.0636
[20:45:28]   HIT  FTSE_CHINA_50      ruble_z          lag= 14 m5_p=0.8984  m6_ic=0.0423
[20:45:29]   HIT  FTSE_CHINA_50      sanctions_z      lag=  1 m5_p=0.4682  m6_ic=0.0388
[20:45:29]   HIT  FTSE_CHINA_50      sanctions_z      lag=  7 m5_p=0.6112  m6_ic=0.0567
[20:45:29]   HIT  FTSE_CHINA_50      sanctions_z      lag= 14 m5_p=0.5075  m6_ic=0.0465
[20:45:29]   HIT  FTSE_CHINA_50      sanctions_z      lag= 30 m5_p=0.1301  m6_ic=0.0854
[20:45:30]   HIT  FTSE_CHINA_50      inflation_z      lag= 30 m5_p=0.3401  m6_ic=0.0377
[20:45:31]   HIT  FTSE_CHINA_50      banking_z        lag=  7 m5_p=0.9999  m6_ic=0.0536
[20:45:31]   HIT  FTSE_CHINA_50      banking_z        lag= 30 m5_p=0.7490  m6_ic=0.0443
[20:45:31]   HIT  FTSE_CHINA_50      gold_z           lag=  1 m5_p=0.2753  m6_ic=0.0715
[20:45:31]   HIT  FTSE_CHINA_50      gold_z           lag=  7 m5_p=0.2675  m6_ic=0.0782
[20:45:32]   HIT  FTSE_CHINA_50      gold_z           lag= 30 m5_p=0.7492  m6_ic=0.1108
[20:45:32]   HIT  GOLD               oil_z            lag=  1 m5_p=0.3410  m6_ic=0.0740
[20:45:32]   HIT  GOLD               oil_z            lag=  7 m5_p=0.5309  m6_ic=0.0307
[20:45:32]   HIT  GOLD               oil_z            lag= 30 m5_p=0.8937  m6_ic=0.0544
[20:45:33]   HIT  GOLD               rate_z           lag=  1 m5_p=0.9320  m6_ic=0.0944
[20:45:33]   HIT  GOLD               rate_z           lag= 14 m5_p=0.1962  m6_ic=0.0795
[20:45:33]   HIT  GOLD               rate_z           lag= 30 m5_p=0.9938  m6_ic=0.0415
[20:45:34]   HIT  GOLD               ruble_z          lag= 30 m5_p=0.8547  m6_ic=0.1470
[20:45:34]   HIT  GOLD               sanctions_z      lag=  1 m5_p=0.9873  m6_ic=0.0309
[20:45:35]   HIT  GOLD               sanctions_z      lag= 14 m5_p=0.1815  m6_ic=0.0689
[20:45:35]   HIT  GOLD               sanctions_z      lag= 30 m5_p=0.0688  m6_ic=0.0646
[20:45:35]   HIT  GOLD               inflation_z      lag=  7 m5_p=0.0163  m6_ic=0.1378
[20:45:36]   HIT  GOLD               banking_z        lag=  7 m5_p=0.2484  m6_ic=0.0472
[20:45:36]   HIT  GOLD               banking_z        lag= 30 m5_p=0.8820  m6_ic=0.0463
[20:45:36]   HIT  GOLD               gold_z           lag=  1 m5_p=0.9441  m6_ic=0.0352
[20:45:37]   HIT  GOLD               gold_z           lag=  7 m5_p=0.9611  m6_ic=0.1063
[20:45:37]   HIT  GOLD               gold_z           lag= 14 m5_p=0.0545  m6_ic=0.0797
[20:45:37]   HIT  GOLD               gold_z           lag= 30 m5_p=0.4941  m6_ic=0.0389
[20:45:38]   HIT  SILVER             oil_z            lag= 30 m5_p=0.5800  m6_ic=0.0502
[20:45:38]   HIT  SILVER             rate_z           lag=  1 m5_p=0.4295  m6_ic=0.0367
[20:45:38]   HIT  SILVER             rate_z           lag=  7 m5_p=0.2690  m6_ic=0.1576
[20:45:38]   HIT  SILVER             rate_z           lag= 14 m5_p=0.7726  m6_ic=0.1103
[20:45:39]   HIT  SILVER             rate_z           lag= 30 m5_p=0.3588  m6_ic=0.0329
[20:45:39]   HIT  SILVER             ruble_z          lag= 30 m5_p=0.5785  m6_ic=0.0343
[20:45:40]   HIT  SILVER             sanctions_z      lag=  7 m5_p=0.6731  m6_ic=0.0738
[20:45:40]   HIT  SILVER             sanctions_z      lag= 14 m5_p=0.2403  m6_ic=0.0328
[20:45:40]   HIT  SILVER             inflation_z      lag=  7 m5_p=0.1879  m6_ic=0.0463
[20:45:41]   HIT  SILVER             inflation_z      lag= 30 m5_p=0.3543  m6_ic=0.0508
[20:45:41]   HIT  SILVER             banking_z        lag=  1 m5_p=0.9566  m6_ic=0.0990
[20:45:41]   HIT  SILVER             banking_z        lag= 14 m5_p=0.8649  m6_ic=0.0429
[20:45:42]   HIT  SILVER             banking_z        lag= 30 m5_p=0.5269  m6_ic=0.0363
[20:45:42]   HIT  SILVER             gold_z           lag=  1 m5_p=0.1866  m6_ic=0.0339
[20:45:42]   HIT  SILVER             gold_z           lag= 14 m5_p=0.9873  m6_ic=0.0467
[20:45:42]   HIT  SILVER             gold_z           lag= 30 m5_p=0.1992  m6_ic=0.0391
[20:45:43]   HIT  IMOEX              oil_z            lag=  1 m5_p=0.2413  m6_ic=0.0580
[20:45:43]   HIT  IMOEX              rate_z           lag=  1 m5_p=0.3025  m6_ic=0.0443
[20:45:44]   HIT  IMOEX              rate_z           lag=  7 m5_p=0.2258  m6_ic=0.0420
[20:45:44]   HIT  IMOEX              rate_z           lag= 14 m5_p=0.2674  m6_ic=0.0817
[20:45:44]   HIT  IMOEX              rate_z           lag= 30 m5_p=0.4265  m6_ic=0.1355
[20:45:44]   HIT  IMOEX              ruble_z          lag=  1 m5_p=0.7600  m6_ic=0.1486
[20:45:44]   HIT  IMOEX              ruble_z          lag=  7 m5_p=0.0306  m6_ic=0.0333
[20:45:45]   HIT  IMOEX              ruble_z          lag= 14 m5_p=0.3301  m6_ic=0.0746
[20:45:45]   HIT  IMOEX              ruble_z          lag= 30 m5_p=0.8361  m6_ic=0.0588
[20:45:45]   HIT  IMOEX              sanctions_z      lag= 14 m5_p=0.7735  m6_ic=0.0305
[20:45:46]   HIT  IMOEX              inflation_z      lag=  1 m5_p=0.2068  m6_ic=0.0652
[20:45:46]   HIT  IMOEX              inflation_z      lag= 30 m5_p=0.5172  m6_ic=0.0900
[20:45:47]   HIT  IMOEX              banking_z        lag=  7 m5_p=0.1920  m6_ic=0.0512
[20:45:47]   HIT  IMOEX              banking_z        lag= 30 m5_p=0.0824  m6_ic=0.0624
[20:45:47]   HIT  IMOEX              gold_z           lag=  1 m5_p=0.3190  m6_ic=0.0361
[20:45:48]   HIT  IMOEX              gold_z           lag= 30 m5_p=0.3290  m6_ic=0.0581
[20:45:48]   HIT  MOEXFN             oil_z            lag=  1 m5_p=0.3589  m6_ic=0.1419
[20:45:48]   HIT  MOEXFN             oil_z            lag=  7 m5_p=0.3274  m6_ic=0.0580
[20:45:48]   HIT  MOEXFN             oil_z            lag= 14 m5_p=0.6156  m6_ic=0.0324
[20:45:49]   HIT  MOEXFN             rate_z           lag= 14 m5_p=0.6683  m6_ic=0.0319
[20:45:49]   HIT  MOEXFN             rate_z           lag= 30 m5_p=0.9930  m6_ic=0.0357
[20:45:50]   HIT  MOEXFN             ruble_z          lag=  1 m5_p=0.6517  m6_ic=0.0735
[20:45:50]   HIT  MOEXFN             ruble_z          lag=  7 m5_p=0.2104  m6_ic=0.0631
[20:45:50]   HIT  MOEXFN             ruble_z          lag= 14 m5_p=0.5300  m6_ic=0.0578
[20:45:50]   HIT  MOEXFN             sanctions_z      lag=  1 m5_p=0.0556  m6_ic=0.0696
[20:45:51]   HIT  MOEXFN             sanctions_z      lag=  7 m5_p=0.9122  m6_ic=0.0433
[20:45:51]   HIT  MOEXFN             inflation_z      lag=  1 m5_p=0.2433  m6_ic=0.0377
[20:45:51]   HIT  MOEXFN             inflation_z      lag=  7 m5_p=0.4069  m6_ic=0.0376
[20:45:52]   HIT  MOEXFN             inflation_z      lag= 30 m5_p=0.4238  m6_ic=0.0521
[20:45:52]   HIT  MOEXFN             banking_z        lag=  7 m5_p=0.4758  m6_ic=0.0767
[20:45:52]   HIT  MOEXFN             banking_z        lag= 14 m5_p=0.1339  m6_ic=0.0699
[20:45:53]   HIT  MOEXFN             gold_z           lag=  7 m5_p=0.1800  m6_ic=0.0408
[20:45:54]   HIT  MOEXOG             oil_z            lag=  1 m5_p=0.2170  m6_ic=0.1113
[20:45:54]   HIT  MOEXOG             oil_z            lag=  7 m5_p=0.4584  m6_ic=0.0360
[20:45:54]   HIT  MOEXOG             rate_z           lag=  1 m5_p=0.2176  m6_ic=0.0682
[20:45:55]   HIT  MOEXOG             ruble_z          lag=  1 m5_p=0.7748  m6_ic=0.1057
[20:45:55]   HIT  MOEXOG             ruble_z          lag=  7 m5_p=0.0664  m6_ic=0.0461
[20:45:56]   HIT  MOEXOG             ruble_z          lag= 30 m5_p=0.9428  m6_ic=0.0346
[20:45:56]   HIT  MOEXOG             sanctions_z      lag=  7 m5_p=0.4094  m6_ic=0.0456
[20:45:56]   HIT  MOEXOG             sanctions_z      lag= 14 m5_p=0.3950  m6_ic=0.0419
[20:45:56]   HIT  MOEXOG             sanctions_z      lag= 30 m5_p=0.7427  m6_ic=0.0935
[20:45:57]   HIT  MOEXOG             inflation_z      lag=  1 m5_p=0.1034  m6_ic=0.1183
[20:45:57]   HIT  MOEXOG             inflation_z      lag= 30 m5_p=0.8230  m6_ic=0.1764
[20:45:58]   HIT  MOEXOG             banking_z        lag= 30 m5_p=0.1176  m6_ic=0.0665
[20:45:58]   HIT  MOEXOG             gold_z           lag=  1 m5_p=0.2022  m6_ic=0.0321
[20:45:58]   HIT  MOEXOG             gold_z           lag=  7 m5_p=0.7653  m6_ic=0.0454
[20:45:59]   HIT  MOEXOG             gold_z           lag= 30 m5_p=0.4799  m6_ic=0.0626
[20:45:59]   HIT  MOEX10             oil_z            lag=  1 m5_p=0.3737  m6_ic=0.1661
[20:45:59]   HIT  MOEX10             oil_z            lag=  7 m5_p=0.4867  m6_ic=0.0718
[20:45:59]   HIT  MOEX10             oil_z            lag= 14 m5_p=0.7293  m6_ic=0.0705
[20:46:00]   HIT  MOEX10             rate_z           lag=  1 m5_p=0.3887  m6_ic=0.0357
[20:46:00]   HIT  MOEX10             rate_z           lag=  7 m5_p=0.3078  m6_ic=0.0524
[20:46:00]   HIT  MOEX10             rate_z           lag= 30 m5_p=0.4483  m6_ic=0.0572
[20:46:01]   HIT  MOEX10             ruble_z          lag=  1 m5_p=0.9719  m6_ic=0.1048
[20:46:01]   HIT  MOEX10             ruble_z          lag=  7 m5_p=0.1292  m6_ic=0.0463
[20:46:01]   HIT  MOEX10             ruble_z          lag= 14 m5_p=0.4546  m6_ic=0.0393
[20:46:02]   HIT  MOEX10             sanctions_z      lag=  7 m5_p=0.6263  m6_ic=0.0733
[20:46:02]   HIT  MOEX10             sanctions_z      lag= 30 m5_p=0.4859  m6_ic=0.0602
[20:46:02]   HIT  MOEX10             inflation_z      lag=  1 m5_p=0.2736  m6_ic=0.0465
[20:46:03]   HIT  MOEX10             inflation_z      lag= 30 m5_p=0.7899  m6_ic=0.0795
[20:46:03]   HIT  MOEX10             banking_z        lag= 14 m5_p=0.0831  m6_ic=0.0306
[20:46:04]   HIT  MOEX10             gold_z           lag= 14 m5_p=0.9573  m6_ic=0.0366
[20:46:04]   HIT  MOEX10             gold_z           lag= 30 m5_p=0.6804  m6_ic=0.0659
[20:46:04]     Train: 239 signals
[20:46:04]     Val holdout (239 candidates)...
[20:46:05]     VAL PASS  SP500              rate_z           lag= 14  m6_ic=0.0907
[20:46:06]     VAL PASS  SP500              ruble_z          lag=  1  m6_ic=0.0665
[20:46:06]     VAL PASS  SP500              sanctions_z      lag=  7  m6_ic=0.1125
[20:46:06]     VAL PASS  SP500              inflation_z      lag=  1  m6_ic=0.0551
[20:46:06]     VAL PASS  SP500              inflation_z      lag=  7  m6_ic=0.0685
[20:46:07]     VAL PASS  SP500              banking_z        lag=  1  m6_ic=0.0980
[20:46:07]     VAL PASS  SP500              banking_z        lag= 30  m6_ic=0.0897
[20:46:08]     VAL PASS  USD_RUB            oil_z            lag= 14  m6_ic=0.0405
[20:46:08]     VAL PASS  USD_RUB            oil_z            lag= 30  m6_ic=0.0910
[20:46:08]     VAL PASS  USD_RUB            rate_z           lag=  1  m6_ic=0.1435
[20:46:08]     VAL PASS  USD_RUB            rate_z           lag= 30  m6_ic=0.0349
[20:46:08]     VAL PASS  USD_RUB            ruble_z          lag=  1  m6_ic=0.1347
[20:46:09]     VAL PASS  USD_RUB            ruble_z          lag=  7  m6_ic=0.1535
[20:46:09]     VAL PASS  USD_RUB            ruble_z          lag= 14  m6_ic=0.0900
[20:46:09]     VAL PASS  USD_RUB            sanctions_z      lag= 14  m6_ic=0.0338
[20:46:09]     VAL PASS  USD_RUB            sanctions_z      lag= 30  m6_ic=0.0439
[20:46:09]     VAL PASS  EUR_RUB            oil_z            lag= 14  m6_ic=0.0405
[20:46:10]     VAL PASS  EUR_RUB            oil_z            lag= 30  m6_ic=0.0910
[20:46:10]     VAL PASS  EUR_RUB            rate_z           lag=  1  m6_ic=0.1435
[20:46:10]     VAL PASS  EUR_RUB            rate_z           lag= 30  m6_ic=0.0349
[20:46:10]     VAL PASS  EUR_RUB            ruble_z          lag=  1  m6_ic=0.1347
[20:46:10]     VAL PASS  EUR_RUB            ruble_z          lag=  7  m6_ic=0.1535
[20:46:11]     VAL PASS  EUR_RUB            ruble_z          lag= 14  m6_ic=0.0900
[20:46:11]     VAL PASS  EUR_RUB            sanctions_z      lag= 14  m6_ic=0.0338
[20:46:11]     VAL PASS  EUR_RUB            sanctions_z      lag= 30  m6_ic=0.0439
[20:46:11]     VAL PASS  DJ_SOUTH_AFRICA    oil_z            lag= 30  m6_ic=0.0594
[20:46:12]     VAL PASS  DJ_SOUTH_AFRICA    sanctions_z      lag=  1  m6_ic=0.0689
[20:46:12]     VAL PASS  DJ_SOUTH_AFRICA    inflation_z      lag= 30  m6_ic=0.0897
[20:46:13]     VAL PASS  DJ_SOUTH_AFRICA    banking_z        lag=  1  m6_ic=0.0329
[20:46:13]     VAL PASS  DJ_SOUTH_AFRICA    banking_z        lag=  7  m6_ic=0.0636
[20:46:13]     VAL PASS  MSCI_WORLD         oil_z            lag=  1  m6_ic=0.0304
[20:46:14]     VAL PASS  MSCI_WORLD         rate_z           lag= 14  m6_ic=0.0385
[20:46:15]     VAL PASS  MSCI_WORLD         ruble_z          lag=  1  m6_ic=0.0619
[20:46:15]     VAL PASS  MSCI_WORLD         ruble_z          lag= 30  m6_ic=0.0596
[20:46:15]     VAL PASS  MSCI_WORLD         sanctions_z      lag=  7  m6_ic=0.0977
[20:46:16]     VAL PASS  MSCI_WORLD         sanctions_z      lag= 14  m6_ic=0.0521
[20:46:16]     VAL PASS  MSCI_WORLD         inflation_z      lag= 30  m6_ic=0.1127
[20:46:16]     VAL PASS  MSCI_WORLD         banking_z        lag=  7  m6_ic=0.0324
[20:46:17]     VAL PASS  DXY                oil_z            lag= 14  m6_ic=0.0360
[20:46:17]     VAL PASS  DXY                oil_z            lag= 30  m6_ic=0.1178
[20:46:17]     VAL PASS  DXY                rate_z           lag=  1  m6_ic=0.0472
[20:46:17]     VAL PASS  DXY                rate_z           lag=  7  m6_ic=0.0570
[20:46:18]     VAL PASS  DXY                rate_z           lag= 30  m6_ic=0.0851
[20:46:18]     VAL PASS  DXY                ruble_z          lag=  7  m6_ic=0.0950
[20:46:18]     VAL PASS  DXY                sanctions_z      lag= 14  m6_ic=0.1437
[20:46:18]     VAL PASS  DXY                inflation_z      lag=  7  m6_ic=0.0928
[20:46:19]     VAL PASS  DXY                banking_z        lag=  1  m6_ic=0.0325
[20:46:19]     VAL PASS  DXY                banking_z        lag= 14  m6_ic=0.1399
[20:46:19]     VAL PASS  DXY                gold_z           lag=  7  m6_ic=0.0432
[20:46:19]     VAL PASS  DXY                gold_z           lag= 14  m6_ic=0.1087
[20:46:20]     VAL PASS  BRENT              oil_z            lag=  1  m6_ic=0.1032
[20:46:21]     VAL PASS  BRENT              ruble_z          lag= 30  m6_ic=0.0509
[20:46:21]     VAL PASS  BRENT              sanctions_z      lag=  7  m6_ic=0.0419
[20:46:21]     VAL PASS  BRENT              sanctions_z      lag= 14  m6_ic=0.0669
[20:46:22]     VAL PASS  BRENT              inflation_z      lag= 30  m6_ic=0.0981
[20:46:22]     VAL PASS  BRENT              banking_z        lag=  1  m6_ic=0.0564
[20:46:22]     VAL PASS  BRENT              banking_z        lag= 14  m6_ic=0.0605
[20:46:23]     VAL PASS  BRENT              gold_z           lag= 30  m6_ic=0.1296
[20:46:23]     VAL PASS  MSCI_INDIA         rate_z           lag= 14  m6_ic=0.0480
[20:46:24]     VAL PASS  MSCI_INDIA         ruble_z          lag= 30  m6_ic=0.1265
[20:46:24]     VAL PASS  MSCI_INDIA         sanctions_z      lag=  1  m6_ic=0.0489
[20:46:25]     VAL PASS  MSCI_INDIA         inflation_z      lag=  7  m6_ic=0.0330
[20:46:25]     VAL PASS  MSCI_INDIA         banking_z        lag=  7  m6_ic=0.0539
[20:46:26]     VAL PASS  MSCI_INDIA         gold_z           lag=  7  m6_ic=0.0649
[20:46:26]     VAL PASS  CHINA_H_SHARES     oil_z            lag=  7  m6_ic=0.1027
[20:46:27]     VAL PASS  CHINA_H_SHARES     oil_z            lag= 30  m6_ic=0.1875
[20:46:27]     VAL PASS  CHINA_H_SHARES     rate_z           lag=  1  m6_ic=0.0377
[20:46:27]     VAL PASS  CHINA_H_SHARES     rate_z           lag=  7  m6_ic=0.0334
[20:46:27]     VAL PASS  CHINA_H_SHARES     ruble_z          lag= 30  m6_ic=0.0800
[20:46:28]     VAL PASS  CHINA_H_SHARES     sanctions_z      lag=  1  m6_ic=0.1120
[20:46:28]     VAL PASS  CHINA_H_SHARES     sanctions_z      lag= 14  m6_ic=0.0458
[20:46:28]     VAL PASS  CHINA_H_SHARES     sanctions_z      lag= 30  m6_ic=0.0319
[20:46:28]     VAL PASS  CHINA_H_SHARES     inflation_z      lag=  1  m6_ic=0.1077
[20:46:29]     VAL PASS  CHINA_H_SHARES     banking_z        lag=  7  m6_ic=0.1068
[20:46:29]     VAL PASS  CHINA_H_SHARES     banking_z        lag= 30  m6_ic=0.0977
[20:46:29]     VAL PASS  CHINA_H_SHARES     gold_z           lag=  1  m6_ic=0.0505
[20:46:29]     VAL PASS  CHINA_H_SHARES     gold_z           lag=  7  m6_ic=0.0511
[20:46:30]     VAL PASS  FTSE_CHINA_50      oil_z            lag=  1  m6_ic=0.0538
[20:46:30]     VAL PASS  FTSE_CHINA_50      oil_z            lag=  7  m6_ic=0.1095
[20:46:30]     VAL PASS  FTSE_CHINA_50      oil_z            lag= 30  m6_ic=0.1354
[20:46:30]     VAL PASS  FTSE_CHINA_50      rate_z           lag=  1  m6_ic=0.1022
[20:46:31]     VAL PASS  FTSE_CHINA_50      rate_z           lag=  7  m6_ic=0.0757
[20:46:31]     VAL PASS  FTSE_CHINA_50      ruble_z          lag= 14  m6_ic=0.0397
[20:46:31]     VAL PASS  FTSE_CHINA_50      sanctions_z      lag=  7  m6_ic=0.0579
[20:46:32]     VAL PASS  FTSE_CHINA_50      sanctions_z      lag= 30  m6_ic=0.0526
[20:46:32]     VAL PASS  FTSE_CHINA_50      inflation_z      lag= 30  m6_ic=0.0831
[20:46:32]     VAL PASS  FTSE_CHINA_50      banking_z        lag=  7  m6_ic=0.0489
[20:46:32]     VAL PASS  FTSE_CHINA_50      banking_z        lag= 30  m6_ic=0.0318
[20:46:33]     VAL PASS  FTSE_CHINA_50      gold_z           lag=  1  m6_ic=0.0767
[20:46:33]     VAL PASS  FTSE_CHINA_50      gold_z           lag= 30  m6_ic=0.1237
[20:46:33]     VAL PASS  GOLD               oil_z            lag=  1  m6_ic=0.0908
[20:46:34]     VAL PASS  GOLD               oil_z            lag= 30  m6_ic=0.0629
[20:46:34]     VAL PASS  GOLD               rate_z           lag=  1  m6_ic=0.1066
[20:46:34]     VAL PASS  GOLD               rate_z           lag= 14  m6_ic=0.1597
[20:46:34]     VAL PASS  GOLD               rate_z           lag= 30  m6_ic=0.0724
[20:46:35]     VAL PASS  GOLD               sanctions_z      lag=  1  m6_ic=0.0540
[20:46:35]     VAL PASS  GOLD               sanctions_z      lag= 14  m6_ic=0.0433
[20:46:35]     VAL PASS  GOLD               inflation_z      lag=  7  m6_ic=0.0318
[20:46:35]     VAL PASS  GOLD               banking_z        lag= 30  m6_ic=0.0451
[20:46:36]     VAL PASS  GOLD               gold_z           lag=  1  m6_ic=0.0394
[20:46:36]     VAL PASS  GOLD               gold_z           lag= 14  m6_ic=0.0773
[20:46:37]     VAL PASS  SILVER             rate_z           lag=  7  m6_ic=0.1293
[20:46:37]     VAL PASS  SILVER             rate_z           lag= 14  m6_ic=0.1576
[20:46:37]     VAL PASS  SILVER             rate_z           lag= 30  m6_ic=0.0650
[20:46:37]     VAL PASS  SILVER             ruble_z          lag= 30  m6_ic=0.0850
[20:46:38]     VAL PASS  SILVER             sanctions_z      lag=  7  m6_ic=0.0517
[20:46:38]     VAL PASS  SILVER             inflation_z      lag= 30  m6_ic=0.0609
[20:46:38]     VAL PASS  SILVER             banking_z        lag=  1  m6_ic=0.0796
[20:46:39]     VAL PASS  SILVER             banking_z        lag= 14  m6_ic=0.0997
[20:46:39]     VAL PASS  SILVER             banking_z        lag= 30  m6_ic=0.0700
[20:46:39]     VAL PASS  SILVER             gold_z           lag=  1  m6_ic=0.0474
[20:46:39]     VAL PASS  SILVER             gold_z           lag= 14  m6_ic=0.0687
[20:46:39]     VAL PASS  SILVER             gold_z           lag= 30  m6_ic=0.0849
[20:46:40]     VAL PASS  IMOEX              oil_z            lag=  1  m6_ic=0.0631
[20:46:40]     VAL PASS  IMOEX              rate_z           lag=  1  m6_ic=0.0323
[20:46:40]     VAL PASS  IMOEX              rate_z           lag= 14  m6_ic=0.0584
[20:46:40]     VAL PASS  IMOEX              rate_z           lag= 30  m6_ic=0.0648
[20:46:41]     VAL PASS  IMOEX              ruble_z          lag= 14  m6_ic=0.0858
[20:46:41]     VAL PASS  IMOEX              sanctions_z      lag= 14  m6_ic=0.1077
[20:46:42]     VAL PASS  IMOEX              inflation_z      lag=  1  m6_ic=0.0944
[20:46:42]     VAL PASS  IMOEX              inflation_z      lag= 30  m6_ic=0.0594
[20:46:42]     VAL PASS  IMOEX              banking_z        lag= 30  m6_ic=0.0422
[20:46:42]     VAL PASS  IMOEX              gold_z           lag=  1  m6_ic=0.0365
[20:46:43]     VAL PASS  IMOEX              gold_z           lag= 30  m6_ic=0.1228
[20:46:43]     VAL PASS  MOEXFN             oil_z            lag=  1  m6_ic=0.1353
[20:46:43]     VAL PASS  MOEXFN             oil_z            lag= 14  m6_ic=0.0365
[20:46:43]     VAL PASS  MOEXFN             rate_z           lag= 14  m6_ic=0.0341
[20:46:44]     VAL PASS  MOEXFN             rate_z           lag= 30  m6_ic=0.0700
[20:46:44]     VAL PASS  MOEXFN             ruble_z          lag= 14  m6_ic=0.0594
[20:46:44]     VAL PASS  MOEXFN             sanctions_z      lag=  1  m6_ic=0.0574
[20:46:45]     VAL PASS  MOEXFN             sanctions_z      lag=  7  m6_ic=0.0677
[20:46:45]     VAL PASS  MOEXFN             inflation_z      lag=  1  m6_ic=0.1187
[20:46:45]     VAL PASS  MOEXFN             inflation_z      lag= 30  m6_ic=0.0354
[20:46:45]     VAL PASS  MOEXFN             banking_z        lag= 14  m6_ic=0.0309
[20:46:46]     VAL PASS  MOEXOG             oil_z            lag=  1  m6_ic=0.0449
[20:46:46]     VAL PASS  MOEXOG             oil_z            lag=  7  m6_ic=0.0438
[20:46:46]     VAL PASS  MOEXOG             ruble_z          lag=  1  m6_ic=0.0370
[20:46:47]     VAL PASS  MOEXOG             sanctions_z      lag=  7  m6_ic=0.0375
[20:46:47]     VAL PASS  MOEXOG             sanctions_z      lag= 14  m6_ic=0.0866
[20:46:47]     VAL PASS  MOEXOG             sanctions_z      lag= 30  m6_ic=0.1425
[20:46:48]     VAL PASS  MOEXOG             inflation_z      lag=  1  m6_ic=0.0766
[20:46:48]     VAL PASS  MOEXOG             inflation_z      lag= 30  m6_ic=0.0440
[20:46:48]     VAL PASS  MOEXOG             gold_z           lag=  7  m6_ic=0.0391
[20:46:49]     VAL PASS  MOEXOG             gold_z           lag= 30  m6_ic=0.1182
[20:46:49]     VAL PASS  MOEX10             oil_z            lag=  1  m6_ic=0.0731
[20:46:49]     VAL PASS  MOEX10             oil_z            lag=  7  m6_ic=0.0389
[20:46:49]     VAL PASS  MOEX10             oil_z            lag= 14  m6_ic=0.1335
[20:46:50]     VAL PASS  MOEX10             rate_z           lag= 30  m6_ic=0.1275
[20:46:50]     VAL PASS  MOEX10             ruble_z          lag= 14  m6_ic=0.0695
[20:46:51]     VAL PASS  MOEX10             sanctions_z      lag=  7  m6_ic=0.0474
[20:46:51]     VAL PASS  MOEX10             sanctions_z      lag= 30  m6_ic=0.0620
[20:46:51]     VAL PASS  MOEX10             inflation_z      lag=  1  m6_ic=0.0563
[20:46:51]     VAL PASS  MOEX10             inflation_z      lag= 30  m6_ic=0.0443
[20:46:52]     VAL PASS  MOEX10             banking_z        lag= 14  m6_ic=0.0462
[20:46:52]     VAL PASS  MOEX10             gold_z           lag= 14  m6_ic=0.0630
[20:46:52]     VAL PASS  MOEX10             gold_z           lag= 30  m6_ic=0.0901
[20:46:52]     Val: 156/239 held
[20:46:52]   → train=239  val=156  max_ic=0.1764  score=2532.3
[20:46:52] 
============================================================
[20:46:52] FINAL REPORT
[20:46:52] ============================================================
[20:46:52] Report: C:\project\signal_mind\analytics\phase_b\night_search\night_report_20260520_203734.md
[20:46:52] Hits CSV: C:\project\signal_mind\analytics\phase_b\night_search\night_hits_20260520_203734.csv
[20:46:52] 
[5/15] sweep_keyword_z90_abs_return  (budget=43min)
[20:46:52]   Config: sweep_keyword_z90_abs_return
[20:46:52]     feature=keyword_z90  target=abs_return  ensemble=M6_only  ic_min=0.03
[20:46:52]   HIT  SP500              oil_z            lag=  7 m5_p=0.6748  m6_ic=0.0527
[20:46:53]   HIT  SP500              oil_z            lag= 14 m5_p=0.7862  m6_ic=0.1014
[20:46:53]   HIT  SP500              rate_z           lag=  1 m5_p=0.4366  m6_ic=0.0510
[20:46:53]   HIT  SP500              rate_z           lag=  7 m5_p=0.8581  m6_ic=0.0547
[20:46:53]   HIT  SP500              rate_z           lag= 14 m5_p=0.9377  m6_ic=0.0710
[20:46:54]   HIT  SP500              ruble_z          lag=  1 m5_p=0.6337  m6_ic=0.0566
[20:46:55]   HIT  SP500              sanctions_z      lag=  1 m5_p=0.4430  m6_ic=0.0698
[20:46:55]   HIT  SP500              sanctions_z      lag=  7 m5_p=0.7751  m6_ic=0.0709
[20:46:56]   HIT  SP500              inflation_z      lag=  1 m5_p=0.4970  m6_ic=0.0398
[20:46:56]   HIT  SP500              inflation_z      lag=  7 m5_p=0.5052  m6_ic=0.0847
[20:46:56]   HIT  SP500              inflation_z      lag= 30 m5_p=0.6300  m6_ic=0.0727
[20:46:56]   HIT  SP500              banking_z        lag=  1 m5_p=0.8581  m6_ic=0.0508
[20:46:57]   HIT  SP500              banking_z        lag= 14 m5_p=0.6500  m6_ic=0.0462
[20:46:57]   HIT  SP500              banking_z        lag= 30 m5_p=0.5090  m6_ic=0.0337
[20:46:57]   HIT  SP500              gold_z           lag=  7 m5_p=0.7528  m6_ic=0.0567
[20:46:58]   HIT  USD_RUB            oil_z            lag= 14 m5_p=0.6692  m6_ic=0.0580
[20:46:59]   HIT  USD_RUB            oil_z            lag= 30 m5_p=0.4686  m6_ic=0.0829
[20:46:59]   HIT  USD_RUB            rate_z           lag=  1 m5_p=0.9318  m6_ic=0.1048
[20:46:59]   HIT  USD_RUB            rate_z           lag= 30 m5_p=0.3641  m6_ic=0.0830
[20:47:00]   HIT  USD_RUB            ruble_z          lag=  1 m5_p=0.1133  m6_ic=0.0395
[20:47:00]   HIT  USD_RUB            ruble_z          lag=  7 m5_p=0.1581  m6_ic=0.0476
[20:47:00]   HIT  USD_RUB            ruble_z          lag= 14 m5_p=0.9816  m6_ic=0.1100
[20:47:01]   HIT  USD_RUB            sanctions_z      lag= 14 m5_p=0.6089  m6_ic=0.0672
[20:47:01]   HIT  USD_RUB            sanctions_z      lag= 30 m5_p=0.1916  m6_ic=0.0594
[20:47:04]   HIT  EUR_RUB            oil_z            lag= 14 m5_p=0.6692  m6_ic=0.0580
[20:47:04]   HIT  EUR_RUB            oil_z            lag= 30 m5_p=0.4686  m6_ic=0.0829
[20:47:04]   HIT  EUR_RUB            rate_z           lag=  1 m5_p=0.9318  m6_ic=0.1048
[20:47:05]   HIT  EUR_RUB            rate_z           lag= 30 m5_p=0.3641  m6_ic=0.0830
[20:47:05]   HIT  EUR_RUB            ruble_z          lag=  1 m5_p=0.1133  m6_ic=0.0395
[20:47:05]   HIT  EUR_RUB            ruble_z          lag=  7 m5_p=0.1581  m6_ic=0.0476
[20:47:06]   HIT  EUR_RUB            ruble_z          lag= 14 m5_p=0.9816  m6_ic=0.1100
[20:47:06]   HIT  EUR_RUB            sanctions_z      lag= 14 m5_p=0.6089  m6_ic=0.0672
[20:47:07]   HIT  EUR_RUB            sanctions_z      lag= 30 m5_p=0.1916  m6_ic=0.0594
[20:47:09]   HIT  DJ_SOUTH_AFRICA    oil_z            lag=  7 m5_p=0.6844  m6_ic=0.0421
[20:47:10]   HIT  DJ_SOUTH_AFRICA    oil_z            lag= 30 m5_p=0.7089  m6_ic=0.0453
[20:47:11]   HIT  DJ_SOUTH_AFRICA    ruble_z          lag=  1 m5_p=0.2753  m6_ic=0.0327
[20:47:12]   HIT  DJ_SOUTH_AFRICA    sanctions_z      lag=  1 m5_p=0.6815  m6_ic=0.0457
[20:47:12]   HIT  DJ_SOUTH_AFRICA    sanctions_z      lag= 14 m5_p=0.0779  m6_ic=0.0913
[20:47:13]   HIT  DJ_SOUTH_AFRICA    inflation_z      lag= 14 m5_p=0.3188  m6_ic=0.0959
[20:47:13]   HIT  DJ_SOUTH_AFRICA    inflation_z      lag= 30 m5_p=0.7929  m6_ic=0.0511
[20:47:13]   HIT  DJ_SOUTH_AFRICA    banking_z        lag=  1 m5_p=0.7066  m6_ic=0.0641
[20:47:13]   HIT  DJ_SOUTH_AFRICA    banking_z        lag=  7 m5_p=0.5309  m6_ic=0.0672
[20:47:14]   HIT  DJ_SOUTH_AFRICA    banking_z        lag= 30 m5_p=0.4462  m6_ic=0.1268
[20:47:15]   HIT  DJ_SOUTH_AFRICA    gold_z           lag= 30 m5_p=0.6862  m6_ic=0.0316
[20:47:15]   HIT  MSCI_WORLD         oil_z            lag=  1 m5_p=0.5159  m6_ic=0.0479
[20:47:15]   HIT  MSCI_WORLD         oil_z            lag= 14 m5_p=0.4804  m6_ic=0.0423
[20:47:15]   HIT  MSCI_WORLD         oil_z            lag= 30 m5_p=0.2309  m6_ic=0.0322
[20:47:16]   HIT  MSCI_WORLD         rate_z           lag=  7 m5_p=0.2870  m6_ic=0.0667
[20:47:16]   HIT  MSCI_WORLD         rate_z           lag= 14 m5_p=0.6915  m6_ic=0.0301
[20:47:16]   HIT  MSCI_WORLD         rate_z           lag= 30 m5_p=0.8385  m6_ic=0.0355
[20:47:16]   HIT  MSCI_WORLD         ruble_z          lag=  1 m5_p=0.8080  m6_ic=0.0853
[20:47:17]   HIT  MSCI_WORLD         ruble_z          lag=  7 m5_p=0.9167  m6_ic=0.0921
[20:47:17]   HIT  MSCI_WORLD         ruble_z          lag= 30 m5_p=0.6524  m6_ic=0.0477
[20:47:17]   HIT  MSCI_WORLD         sanctions_z      lag=  7 m5_p=0.9308  m6_ic=0.0323
[20:47:18]   HIT  MSCI_WORLD         sanctions_z      lag= 14 m5_p=0.0137  m6_ic=0.0993
[20:47:18]   HIT  MSCI_WORLD         inflation_z      lag=  1 m5_p=0.7383  m6_ic=0.0436
[20:47:19]   HIT  MSCI_WORLD         inflation_z      lag= 30 m5_p=0.7384  m6_ic=0.0309
[20:47:19]   HIT  MSCI_WORLD         banking_z        lag=  7 m5_p=0.2023  m6_ic=0.0786
[20:47:19]   HIT  MSCI_WORLD         banking_z        lag= 30 m5_p=0.9942  m6_ic=0.0386
[20:47:20]   HIT  DXY                oil_z            lag=  1 m5_p=0.2414  m6_ic=0.0793
[20:47:21]   HIT  DXY                oil_z            lag= 14 m5_p=0.7563  m6_ic=0.0457
[20:47:21]   HIT  DXY                oil_z            lag= 30 m5_p=0.9815  m6_ic=0.0813
[20:47:21]   HIT  DXY                rate_z           lag=  1 m5_p=0.3050  m6_ic=0.0430
[20:47:21]   HIT  DXY                rate_z           lag=  7 m5_p=0.2421  m6_ic=0.0551
[20:47:22]   HIT  DXY                rate_z           lag= 30 m5_p=0.1284  m6_ic=0.0300
[20:47:22]   HIT  DXY                ruble_z          lag=  7 m5_p=0.4020  m6_ic=0.0448
[20:47:23]   HIT  DXY                sanctions_z      lag=  1 m5_p=0.9497  m6_ic=0.0383
[20:47:23]   HIT  DXY                sanctions_z      lag= 14 m5_p=0.1076  m6_ic=0.0375
[20:47:24]   HIT  DXY                inflation_z      lag=  7 m5_p=0.2981  m6_ic=0.0602
[20:47:24]   HIT  DXY                banking_z        lag=  1 m5_p=0.2260  m6_ic=0.0604
[20:47:25]   HIT  DXY                banking_z        lag= 14 m5_p=0.7712  m6_ic=0.0496
[20:47:25]   HIT  DXY                gold_z           lag=  7 m5_p=0.1179  m6_ic=0.0653
[20:47:26]   HIT  DXY                gold_z           lag= 14 m5_p=0.9351  m6_ic=0.1175
[20:47:26]   HIT  DXY                gold_z           lag= 30 m5_p=0.4623  m6_ic=0.0315
[20:47:26]   HIT  BRENT              oil_z            lag=  1 m5_p=0.9346  m6_ic=0.0406
[20:47:26]   HIT  BRENT              oil_z            lag=  7 m5_p=0.7838  m6_ic=0.0323
[20:47:26]   HIT  BRENT              oil_z            lag= 30 m5_p=0.8551  m6_ic=0.0800
[20:47:27]   HIT  BRENT              rate_z           lag=  7 m5_p=0.6818  m6_ic=0.0496
[20:47:28]   HIT  BRENT              ruble_z          lag=  1 m5_p=0.2518  m6_ic=0.0403
[20:47:28]   HIT  BRENT              ruble_z          lag= 30 m5_p=0.4153  m6_ic=0.1042
[20:47:28]   HIT  BRENT              sanctions_z      lag=  1 m5_p=0.5997  m6_ic=0.0313
[20:47:29]   HIT  BRENT              sanctions_z      lag=  7 m5_p=0.9600  m6_ic=0.0553
[20:47:29]   HIT  BRENT              sanctions_z      lag= 14 m5_p=0.3220  m6_ic=0.0433
[20:47:29]   HIT  BRENT              sanctions_z      lag= 30 m5_p=0.5788  m6_ic=0.0428
[20:47:29]   HIT  BRENT              inflation_z      lag=  1 m5_p=0.2547  m6_ic=0.0371
[20:47:29]   HIT  BRENT              inflation_z      lag= 14 m5_p=0.6837  m6_ic=0.1134
[20:47:30]   HIT  BRENT              inflation_z      lag= 30 m5_p=0.6957  m6_ic=0.0373
[20:47:30]   HIT  BRENT              banking_z        lag=  1 m5_p=0.7337  m6_ic=0.0561
[20:47:30]   HIT  BRENT              banking_z        lag=  7 m5_p=0.1672  m6_ic=0.0787
[20:47:30]   HIT  BRENT              banking_z        lag= 14 m5_p=0.6100  m6_ic=0.0377
[20:47:31]   HIT  BRENT              gold_z           lag= 14 m5_p=0.3846  m6_ic=0.0425
[20:47:31]   HIT  BRENT              gold_z           lag= 30 m5_p=0.4444  m6_ic=0.0414
[20:47:32]   HIT  MSCI_INDIA         rate_z           lag=  1 m5_p=0.4597  m6_ic=0.0374
[20:47:33]   HIT  MSCI_INDIA         rate_z           lag= 14 m5_p=0.6407  m6_ic=0.0556
[20:47:33]   HIT  MSCI_INDIA         ruble_z          lag=  1 m5_p=0.7407  m6_ic=0.0782
[20:47:34]   HIT  MSCI_INDIA         ruble_z          lag= 14 m5_p=0.7548  m6_ic=0.0444
[20:47:34]   HIT  MSCI_INDIA         ruble_z          lag= 30 m5_p=0.6840  m6_ic=0.1163
[20:47:34]   HIT  MSCI_INDIA         sanctions_z      lag=  1 m5_p=0.8390  m6_ic=0.0804
[20:47:34]   HIT  MSCI_INDIA         sanctions_z      lag=  7 m5_p=0.6660  m6_ic=0.0532
[20:47:35]   HIT  MSCI_INDIA         sanctions_z      lag= 30 m5_p=0.7515  m6_ic=0.0537
[20:47:35]   HIT  MSCI_INDIA         inflation_z      lag=  7 m5_p=0.4727  m6_ic=0.0344
[20:47:35]   HIT  MSCI_INDIA         inflation_z      lag= 30 m5_p=0.7764  m6_ic=0.0488
[20:47:36]   HIT  MSCI_INDIA         banking_z        lag=  7 m5_p=0.6346  m6_ic=0.0664
[20:47:36]   HIT  MSCI_INDIA         banking_z        lag= 14 m5_p=0.3996  m6_ic=0.0755
[20:47:36]   HIT  MSCI_INDIA         banking_z        lag= 30 m5_p=0.5097  m6_ic=0.1499
[20:47:36]   HIT  MSCI_INDIA         gold_z           lag=  1 m5_p=0.5637  m6_ic=0.0718
[20:47:37]   HIT  MSCI_INDIA         gold_z           lag=  7 m5_p=0.6810  m6_ic=0.0318
[20:47:37]   HIT  MSCI_INDIA         gold_z           lag= 14 m5_p=0.2356  m6_ic=0.1126
[20:47:37]   HIT  CHINA_H_SHARES     oil_z            lag=  1 m5_p=0.4078  m6_ic=0.0396
[20:47:37]   HIT  CHINA_H_SHARES     oil_z            lag=  7 m5_p=0.3879  m6_ic=0.0652
[20:47:38]   HIT  CHINA_H_SHARES     oil_z            lag= 30 m5_p=0.6605  m6_ic=0.0794
[20:47:38]   HIT  CHINA_H_SHARES     rate_z           lag=  1 m5_p=0.0778  m6_ic=0.0808
[20:47:38]   HIT  CHINA_H_SHARES     rate_z           lag=  7 m5_p=0.8293  m6_ic=0.0837
[20:47:39]   HIT  CHINA_H_SHARES     rate_z           lag= 14 m5_p=0.7421  m6_ic=0.0693
[20:47:40]   HIT  CHINA_H_SHARES     ruble_z          lag= 30 m5_p=0.6007  m6_ic=0.0372
[20:47:40]   HIT  CHINA_H_SHARES     sanctions_z      lag=  1 m5_p=0.4326  m6_ic=0.0352
[20:47:40]   HIT  CHINA_H_SHARES     sanctions_z      lag= 14 m5_p=0.3141  m6_ic=0.0414
[20:47:40]   HIT  CHINA_H_SHARES     sanctions_z      lag= 30 m5_p=0.2065  m6_ic=0.0882
[20:47:41]   HIT  CHINA_H_SHARES     inflation_z      lag=  1 m5_p=0.1657  m6_ic=0.0329
[20:47:41]   HIT  CHINA_H_SHARES     inflation_z      lag= 30 m5_p=0.3707  m6_ic=0.0400
[20:47:42]   HIT  CHINA_H_SHARES     banking_z        lag=  7 m5_p=0.9238  m6_ic=0.0517
[20:47:42]   HIT  CHINA_H_SHARES     banking_z        lag= 30 m5_p=0.9528  m6_ic=0.0391
[20:47:42]   HIT  CHINA_H_SHARES     gold_z           lag=  1 m5_p=0.3506  m6_ic=0.0655
[20:47:42]   HIT  CHINA_H_SHARES     gold_z           lag=  7 m5_p=0.2418  m6_ic=0.0632
[20:47:43]   HIT  CHINA_H_SHARES     gold_z           lag= 30 m5_p=0.9133  m6_ic=0.0892
[20:47:43]   HIT  FTSE_CHINA_50      oil_z            lag=  1 m5_p=0.4418  m6_ic=0.0537
[20:47:43]   HIT  FTSE_CHINA_50      oil_z            lag=  7 m5_p=0.3249  m6_ic=0.0373
[20:47:43]   HIT  FTSE_CHINA_50      oil_z            lag= 14 m5_p=0.8152  m6_ic=0.0316
[20:47:44]   HIT  FTSE_CHINA_50      oil_z            lag= 30 m5_p=0.6776  m6_ic=0.0983
[20:47:44]   HIT  FTSE_CHINA_50      rate_z           lag=  1 m5_p=0.0686  m6_ic=0.0939
[20:47:44]   HIT  FTSE_CHINA_50      rate_z           lag=  7 m5_p=0.9920  m6_ic=0.0796
[20:47:44]   HIT  FTSE_CHINA_50      rate_z           lag= 14 m5_p=0.9641  m6_ic=0.0636
[20:47:45]   HIT  FTSE_CHINA_50      ruble_z          lag= 14 m5_p=0.8984  m6_ic=0.0423
[20:47:45]   HIT  FTSE_CHINA_50      sanctions_z      lag=  1 m5_p=0.4682  m6_ic=0.0388
[20:47:46]   HIT  FTSE_CHINA_50      sanctions_z      lag=  7 m5_p=0.6112  m6_ic=0.0567
[20:47:46]   HIT  FTSE_CHINA_50      sanctions_z      lag= 14 m5_p=0.5075  m6_ic=0.0465
[20:47:46]   HIT  FTSE_CHINA_50      sanctions_z      lag= 30 m5_p=0.1301  m6_ic=0.0854
[20:47:47]   HIT  FTSE_CHINA_50      inflation_z      lag= 30 m5_p=0.3401  m6_ic=0.0377
[20:47:47]   HIT  FTSE_CHINA_50      banking_z        lag=  7 m5_p=0.9999  m6_ic=0.0536
[20:47:48]   HIT  FTSE_CHINA_50      banking_z        lag= 30 m5_p=0.7490  m6_ic=0.0443
[20:47:48]   HIT  FTSE_CHINA_50      gold_z           lag=  1 m5_p=0.2753  m6_ic=0.0715
[20:47:48]   HIT  FTSE_CHINA_50      gold_z           lag=  7 m5_p=0.2675  m6_ic=0.0782
[20:47:48]   HIT  FTSE_CHINA_50      gold_z           lag= 30 m5_p=0.7492  m6_ic=0.1108
[20:47:49]   HIT  GOLD               oil_z            lag=  1 m5_p=0.3410  m6_ic=0.0740
[20:47:49]   HIT  GOLD               oil_z            lag=  7 m5_p=0.5309  m6_ic=0.0307
[20:47:49]   HIT  GOLD               oil_z            lag= 30 m5_p=0.8937  m6_ic=0.0544
[20:47:49]   HIT  GOLD               rate_z           lag=  1 m5_p=0.9320  m6_ic=0.0944
[20:47:50]   HIT  GOLD               rate_z           lag= 14 m5_p=0.1962  m6_ic=0.0795
[20:47:50]   HIT  GOLD               rate_z           lag= 30 m5_p=0.9938  m6_ic=0.0415
[20:47:51]   HIT  GOLD               ruble_z          lag= 30 m5_p=0.8547  m6_ic=0.1470
[20:47:51]   HIT  GOLD               sanctions_z      lag=  1 m5_p=0.9873  m6_ic=0.0309
[20:47:51]   HIT  GOLD               sanctions_z      lag= 14 m5_p=0.1815  m6_ic=0.0689
[20:47:51]   HIT  GOLD               sanctions_z      lag= 30 m5_p=0.0688  m6_ic=0.0646
[20:47:52]   HIT  GOLD               inflation_z      lag=  7 m5_p=0.0163  m6_ic=0.1378
[20:47:53]   HIT  GOLD               banking_z        lag=  7 m5_p=0.2484  m6_ic=0.0472
[20:47:53]   HIT  GOLD               banking_z        lag= 30 m5_p=0.8820  m6_ic=0.0463
[20:47:53]   HIT  GOLD               gold_z           lag=  1 m5_p=0.9441  m6_ic=0.0352
[20:47:53]   HIT  GOLD               gold_z           lag=  7 m5_p=0.9611  m6_ic=0.1063
[20:47:53]   HIT  GOLD               gold_z           lag= 14 m5_p=0.0545  m6_ic=0.0797
[20:47:54]   HIT  GOLD               gold_z           lag= 30 m5_p=0.4941  m6_ic=0.0389
[20:47:54]   HIT  SILVER             oil_z            lag= 30 m5_p=0.5800  m6_ic=0.0502
[20:47:55]   HIT  SILVER             rate_z           lag=  1 m5_p=0.4295  m6_ic=0.0367
[20:47:55]   HIT  SILVER             rate_z           lag=  7 m5_p=0.2690  m6_ic=0.1576
[20:47:55]   HIT  SILVER             rate_z           lag= 14 m5_p=0.7726  m6_ic=0.1103
[20:47:55]   HIT  SILVER             rate_z           lag= 30 m5_p=0.3588  m6_ic=0.0329
[20:47:56]   HIT  SILVER             ruble_z          lag= 30 m5_p=0.5785  m6_ic=0.0343
[20:47:56]   HIT  SILVER             sanctions_z      lag=  7 m5_p=0.6731  m6_ic=0.0738
[20:47:57]   HIT  SILVER             sanctions_z      lag= 14 m5_p=0.2403  m6_ic=0.0328
[20:47:57]   HIT  SILVER             inflation_z      lag=  7 m5_p=0.1879  m6_ic=0.0463
[20:47:57]   HIT  SILVER             inflation_z      lag= 30 m5_p=0.3543  m6_ic=0.0508
[20:47:58]   HIT  SILVER             banking_z        lag=  1 m5_p=0.9566  m6_ic=0.0990
[20:47:58]   HIT  SILVER             banking_z        lag= 14 m5_p=0.8649  m6_ic=0.0429
[20:47:58]   HIT  SILVER             banking_z        lag= 30 m5_p=0.5269  m6_ic=0.0363
[20:47:58]   HIT  SILVER             gold_z           lag=  1 m5_p=0.1866  m6_ic=0.0339
[20:47:59]   HIT  SILVER             gold_z           lag= 14 m5_p=0.9873  m6_ic=0.0467
[20:47:59]   HIT  SILVER             gold_z           lag= 30 m5_p=0.1992  m6_ic=0.0391
[20:47:59]   HIT  IMOEX              oil_z            lag=  1 m5_p=0.2413  m6_ic=0.0580
[20:48:00]   HIT  IMOEX              rate_z           lag=  1 m5_p=0.3025  m6_ic=0.0443
[20:48:00]   HIT  IMOEX              rate_z           lag=  7 m5_p=0.2258  m6_ic=0.0420
[20:48:00]   HIT  IMOEX              rate_z           lag= 14 m5_p=0.2674  m6_ic=0.0817
[20:48:01]   HIT  IMOEX              rate_z           lag= 30 m5_p=0.4265  m6_ic=0.1355
[20:48:01]   HIT  IMOEX              ruble_z          lag=  1 m5_p=0.7600  m6_ic=0.1486
[20:48:01]   HIT  IMOEX              ruble_z          lag=  7 m5_p=0.0306  m6_ic=0.0333
[20:48:01]   HIT  IMOEX              ruble_z          lag= 14 m5_p=0.3301  m6_ic=0.0746
[20:48:01]   HIT  IMOEX              ruble_z          lag= 30 m5_p=0.8361  m6_ic=0.0588
[20:48:02]   HIT  IMOEX              sanctions_z      lag= 14 m5_p=0.7735  m6_ic=0.0305
[20:48:02]   HIT  IMOEX              inflation_z      lag=  1 m5_p=0.2068  m6_ic=0.0652
[20:48:03]   HIT  IMOEX              inflation_z      lag= 30 m5_p=0.5172  m6_ic=0.0900
[20:48:03]   HIT  IMOEX              banking_z        lag=  7 m5_p=0.1920  m6_ic=0.0512
[20:48:04]   HIT  IMOEX              banking_z        lag= 30 m5_p=0.0824  m6_ic=0.0624
[20:48:04]   HIT  IMOEX              gold_z           lag=  1 m5_p=0.3190  m6_ic=0.0361
[20:48:05]   HIT  IMOEX              gold_z           lag= 30 m5_p=0.3290  m6_ic=0.0581
[20:48:05]   HIT  MOEXFN             oil_z            lag=  1 m5_p=0.3589  m6_ic=0.1419
[20:48:05]   HIT  MOEXFN             oil_z            lag=  7 m5_p=0.3274  m6_ic=0.0580
[20:48:05]   HIT  MOEXFN             oil_z            lag= 14 m5_p=0.6156  m6_ic=0.0324
[20:48:06]   HIT  MOEXFN             rate_z           lag= 14 m5_p=0.6683  m6_ic=0.0319
[20:48:06]   HIT  MOEXFN             rate_z           lag= 30 m5_p=0.9930  m6_ic=0.0357
[20:48:06]   HIT  MOEXFN             ruble_z          lag=  1 m5_p=0.6517  m6_ic=0.0735
[20:48:07]   HIT  MOEXFN             ruble_z          lag=  7 m5_p=0.2104  m6_ic=0.0631
[20:48:07]   HIT  MOEXFN             ruble_z          lag= 14 m5_p=0.5300  m6_ic=0.0578
[20:48:07]   HIT  MOEXFN             sanctions_z      lag=  1 m5_p=0.0556  m6_ic=0.0696
[20:48:07]   HIT  MOEXFN             sanctions_z      lag=  7 m5_p=0.9122  m6_ic=0.0433
[20:48:08]   HIT  MOEXFN             inflation_z      lag=  1 m5_p=0.2433  m6_ic=0.0377
[20:48:08]   HIT  MOEXFN             inflation_z      lag=  7 m5_p=0.4069  m6_ic=0.0376
[20:48:09]   HIT  MOEXFN             inflation_z      lag= 30 m5_p=0.4238  m6_ic=0.0521
[20:48:09]   HIT  MOEXFN             banking_z        lag=  7 m5_p=0.4758  m6_ic=0.0767
[20:48:09]   HIT  MOEXFN             banking_z        lag= 14 m5_p=0.1339  m6_ic=0.0699
[20:48:10]   HIT  MOEXFN             gold_z           lag=  7 m5_p=0.1800  m6_ic=0.0408
[20:48:10]   HIT  MOEXOG             oil_z            lag=  1 m5_p=0.2170  m6_ic=0.1113
[20:48:11]   HIT  MOEXOG             oil_z            lag=  7 m5_p=0.4584  m6_ic=0.0360
[20:48:11]   HIT  MOEXOG             rate_z           lag=  1 m5_p=0.2176  m6_ic=0.0682
[20:48:12]   HIT  MOEXOG             ruble_z          lag=  1 m5_p=0.7748  m6_ic=0.1057
[20:48:12]   HIT  MOEXOG             ruble_z          lag=  7 m5_p=0.0664  m6_ic=0.0461
[20:48:13]   HIT  MOEXOG             ruble_z          lag= 30 m5_p=0.9428  m6_ic=0.0346
[20:48:13]   HIT  MOEXOG             sanctions_z      lag=  7 m5_p=0.4094  m6_ic=0.0456
[20:48:13]   HIT  MOEXOG             sanctions_z      lag= 14 m5_p=0.3950  m6_ic=0.0419
[20:48:13]   HIT  MOEXOG             sanctions_z      lag= 30 m5_p=0.7427  m6_ic=0.0935
[20:48:13]   HIT  MOEXOG             inflation_z      lag=  1 m5_p=0.1034  m6_ic=0.1183
[20:48:14]   HIT  MOEXOG             inflation_z      lag= 30 m5_p=0.8230  m6_ic=0.1764
[20:48:15]   HIT  MOEXOG             banking_z        lag= 30 m5_p=0.1176  m6_ic=0.0665
[20:48:15]   HIT  MOEXOG             gold_z           lag=  1 m5_p=0.2022  m6_ic=0.0321
[20:48:15]   HIT  MOEXOG             gold_z           lag=  7 m5_p=0.7653  m6_ic=0.0454
[20:48:16]   HIT  MOEXOG             gold_z           lag= 30 m5_p=0.4799  m6_ic=0.0626
[20:48:16]   HIT  MOEX10             oil_z            lag=  1 m5_p=0.3737  m6_ic=0.1661
[20:48:16]   HIT  MOEX10             oil_z            lag=  7 m5_p=0.4867  m6_ic=0.0718
[20:48:16]   HIT  MOEX10             oil_z            lag= 14 m5_p=0.7293  m6_ic=0.0705
[20:48:17]   HIT  MOEX10             rate_z           lag=  1 m5_p=0.3887  m6_ic=0.0357
[20:48:17]   HIT  MOEX10             rate_z           lag=  7 m5_p=0.3078  m6_ic=0.0524
[20:48:17]   HIT  MOEX10             rate_z           lag= 30 m5_p=0.4483  m6_ic=0.0572
[20:48:17]   HIT  MOEX10             ruble_z          lag=  1 m5_p=0.9719  m6_ic=0.1048
[20:48:18]   HIT  MOEX10             ruble_z          lag=  7 m5_p=0.1292  m6_ic=0.0463
[20:48:18]   HIT  MOEX10             ruble_z          lag= 14 m5_p=0.4546  m6_ic=0.0393
[20:48:18]   HIT  MOEX10             sanctions_z      lag=  7 m5_p=0.6263  m6_ic=0.0733
[20:48:19]   HIT  MOEX10             sanctions_z      lag= 30 m5_p=0.4859  m6_ic=0.0602
[20:48:19]   HIT  MOEX10             inflation_z      lag=  1 m5_p=0.2736  m6_ic=0.0465
[20:48:20]   HIT  MOEX10             inflation_z      lag= 30 m5_p=0.7899  m6_ic=0.0795
[20:48:20]   HIT  MOEX10             banking_z        lag= 14 m5_p=0.0831  m6_ic=0.0306
[20:48:21]   HIT  MOEX10             gold_z           lag= 14 m5_p=0.9573  m6_ic=0.0366
[20:48:21]   HIT  MOEX10             gold_z           lag= 30 m5_p=0.6804  m6_ic=0.0659
[20:48:21]     Train: 239 signals
[20:48:21]     Val holdout (239 candidates)...
[20:48:22]     VAL PASS  SP500              rate_z           lag= 14  m6_ic=0.0907
[20:48:22]     VAL PASS  SP500              ruble_z          lag=  1  m6_ic=0.0665
[20:48:23]     VAL PASS  SP500              sanctions_z      lag=  7  m6_ic=0.1125
[20:48:23]     VAL PASS  SP500              inflation_z      lag=  1  m6_ic=0.0551
[20:48:23]     VAL PASS  SP500              inflation_z      lag=  7  m6_ic=0.0685
[20:48:24]     VAL PASS  SP500              banking_z        lag=  1  m6_ic=0.0980
[20:48:24]     VAL PASS  SP500              banking_z        lag= 30  m6_ic=0.0897
[20:48:24]     VAL PASS  USD_RUB            oil_z            lag= 14  m6_ic=0.0405
[20:48:25]     VAL PASS  USD_RUB            oil_z            lag= 30  m6_ic=0.0910
[20:48:25]     VAL PASS  USD_RUB            rate_z           lag=  1  m6_ic=0.1435
[20:48:25]     VAL PASS  USD_RUB            rate_z           lag= 30  m6_ic=0.0349
[20:48:25]     VAL PASS  USD_RUB            ruble_z          lag=  1  m6_ic=0.1347
[20:48:25]     VAL PASS  USD_RUB            ruble_z          lag=  7  m6_ic=0.1535
[20:48:26]     VAL PASS  USD_RUB            ruble_z          lag= 14  m6_ic=0.0900
[20:48:26]     VAL PASS  USD_RUB            sanctions_z      lag= 14  m6_ic=0.0338
[20:48:26]     VAL PASS  USD_RUB            sanctions_z      lag= 30  m6_ic=0.0439
[20:48:26]     VAL PASS  EUR_RUB            oil_z            lag= 14  m6_ic=0.0405
[20:48:26]     VAL PASS  EUR_RUB            oil_z            lag= 30  m6_ic=0.0910
[20:48:27]     VAL PASS  EUR_RUB            rate_z           lag=  1  m6_ic=0.1435
[20:48:27]     VAL PASS  EUR_RUB            rate_z           lag= 30  m6_ic=0.0349
[20:48:27]     VAL PASS  EUR_RUB            ruble_z          lag=  1  m6_ic=0.1347
[20:48:27]     VAL PASS  EUR_RUB            ruble_z          lag=  7  m6_ic=0.1535
[20:48:27]     VAL PASS  EUR_RUB            ruble_z          lag= 14  m6_ic=0.0900
[20:48:28]     VAL PASS  EUR_RUB            sanctions_z      lag= 14  m6_ic=0.0338
[20:48:28]     VAL PASS  EUR_RUB            sanctions_z      lag= 30  m6_ic=0.0439
[20:48:28]     VAL PASS  DJ_SOUTH_AFRICA    oil_z            lag= 30  m6_ic=0.0594
[20:48:29]     VAL PASS  DJ_SOUTH_AFRICA    sanctions_z      lag=  1  m6_ic=0.0689
[20:48:29]     VAL PASS  DJ_SOUTH_AFRICA    inflation_z      lag= 30  m6_ic=0.0897
[20:48:30]     VAL PASS  DJ_SOUTH_AFRICA    banking_z        lag=  1  m6_ic=0.0329
[20:48:30]     VAL PASS  DJ_SOUTH_AFRICA    banking_z        lag=  7  m6_ic=0.0636
[20:48:31]     VAL PASS  MSCI_WORLD         oil_z            lag=  1  m6_ic=0.0304
[20:48:31]     VAL PASS  MSCI_WORLD         rate_z           lag= 14  m6_ic=0.0385
[20:48:32]     VAL PASS  MSCI_WORLD         ruble_z          lag=  1  m6_ic=0.0619
[20:48:32]     VAL PASS  MSCI_WORLD         ruble_z          lag= 30  m6_ic=0.0596
[20:48:32]     VAL PASS  MSCI_WORLD         sanctions_z      lag=  7  m6_ic=0.0977
[20:48:33]     VAL PASS  MSCI_WORLD         sanctions_z      lag= 14  m6_ic=0.0521
[20:48:33]     VAL PASS  MSCI_WORLD         inflation_z      lag= 30  m6_ic=0.1127
[20:48:33]     VAL PASS  MSCI_WORLD         banking_z        lag=  7  m6_ic=0.0324
[20:48:34]     VAL PASS  DXY                oil_z            lag= 14  m6_ic=0.0360
[20:48:34]     VAL PASS  DXY                oil_z            lag= 30  m6_ic=0.1178
[20:48:34]     VAL PASS  DXY                rate_z           lag=  1  m6_ic=0.0472
[20:48:34]     VAL PASS  DXY                rate_z           lag=  7  m6_ic=0.0570
[20:48:35]     VAL PASS  DXY                rate_z           lag= 30  m6_ic=0.0851
[20:48:35]     VAL PASS  DXY                ruble_z          lag=  7  m6_ic=0.0950
[20:48:35]     VAL PASS  DXY                sanctions_z      lag= 14  m6_ic=0.1437
[20:48:35]     VAL PASS  DXY                inflation_z      lag=  7  m6_ic=0.0928
[20:48:36]     VAL PASS  DXY                banking_z        lag=  1  m6_ic=0.0325
[20:48:36]     VAL PASS  DXY                banking_z        lag= 14  m6_ic=0.1399
[20:48:36]     VAL PASS  DXY                gold_z           lag=  7  m6_ic=0.0432
[20:48:36]     VAL PASS  DXY                gold_z           lag= 14  m6_ic=0.1087
[20:48:37]     VAL PASS  BRENT              oil_z            lag=  1  m6_ic=0.1032
[20:48:38]     VAL PASS  BRENT              ruble_z          lag= 30  m6_ic=0.0509
[20:48:38]     VAL PASS  BRENT              sanctions_z      lag=  7  m6_ic=0.0419
[20:48:38]     VAL PASS  BRENT              sanctions_z      lag= 14  m6_ic=0.0669
[20:48:39]     VAL PASS  BRENT              inflation_z      lag= 30  m6_ic=0.0981
[20:48:39]     VAL PASS  BRENT              banking_z        lag=  1  m6_ic=0.0564
[20:48:40]     VAL PASS  BRENT              banking_z        lag= 14  m6_ic=0.0605
[20:48:40]     VAL PASS  BRENT              gold_z           lag= 30  m6_ic=0.1296
[20:48:41]     VAL PASS  MSCI_INDIA         rate_z           lag= 14  m6_ic=0.0480
[20:48:41]     VAL PASS  MSCI_INDIA         ruble_z          lag= 30  m6_ic=0.1265
[20:48:41]     VAL PASS  MSCI_INDIA         sanctions_z      lag=  1  m6_ic=0.0489
[20:48:42]     VAL PASS  MSCI_INDIA         inflation_z      lag=  7  m6_ic=0.0330
[20:48:42]     VAL PASS  MSCI_INDIA         banking_z        lag=  7  m6_ic=0.0539
[20:48:43]     VAL PASS  MSCI_INDIA         gold_z           lag=  7  m6_ic=0.0649
[20:48:44]     VAL PASS  CHINA_H_SHARES     oil_z            lag=  7  m6_ic=0.1027
[20:48:44]     VAL PASS  CHINA_H_SHARES     oil_z            lag= 30  m6_ic=0.1875
[20:48:44]     VAL PASS  CHINA_H_SHARES     rate_z           lag=  1  m6_ic=0.0377
[20:48:44]     VAL PASS  CHINA_H_SHARES     rate_z           lag=  7  m6_ic=0.0334
[20:48:45]     VAL PASS  CHINA_H_SHARES     ruble_z          lag= 30  m6_ic=0.0800
[20:48:45]     VAL PASS  CHINA_H_SHARES     sanctions_z      lag=  1  m6_ic=0.1120
[20:48:45]     VAL PASS  CHINA_H_SHARES     sanctions_z      lag= 14  m6_ic=0.0458
[20:48:45]     VAL PASS  CHINA_H_SHARES     sanctions_z      lag= 30  m6_ic=0.0319
[20:48:46]     VAL PASS  CHINA_H_SHARES     inflation_z      lag=  1  m6_ic=0.1077
[20:48:46]     VAL PASS  CHINA_H_SHARES     banking_z        lag=  7  m6_ic=0.1068
[20:48:46]     VAL PASS  CHINA_H_SHARES     banking_z        lag= 30  m6_ic=0.0977
[20:48:46]     VAL PASS  CHINA_H_SHARES     gold_z           lag=  1  m6_ic=0.0505
[20:48:46]     VAL PASS  CHINA_H_SHARES     gold_z           lag=  7  m6_ic=0.0511
[20:48:47]     VAL PASS  FTSE_CHINA_50      oil_z            lag=  1  m6_ic=0.0538
[20:48:47]     VAL PASS  FTSE_CHINA_50      oil_z            lag=  7  m6_ic=0.1095
[20:48:47]     VAL PASS  FTSE_CHINA_50      oil_z            lag= 30  m6_ic=0.1354
[20:48:48]     VAL PASS  FTSE_CHINA_50      rate_z           lag=  1  m6_ic=0.1022
[20:48:48]     VAL PASS  FTSE_CHINA_50      rate_z           lag=  7  m6_ic=0.0757
[20:48:48]     VAL PASS  FTSE_CHINA_50      ruble_z          lag= 14  m6_ic=0.0397
[20:48:49]     VAL PASS  FTSE_CHINA_50      sanctions_z      lag=  7  m6_ic=0.0579
[20:48:49]     VAL PASS  FTSE_CHINA_50      sanctions_z      lag= 30  m6_ic=0.0526
[20:48:49]     VAL PASS  FTSE_CHINA_50      inflation_z      lag= 30  m6_ic=0.0831
[20:48:49]     VAL PASS  FTSE_CHINA_50      banking_z        lag=  7  m6_ic=0.0489
[20:48:50]     VAL PASS  FTSE_CHINA_50      banking_z        lag= 30  m6_ic=0.0318
[20:48:50]     VAL PASS  FTSE_CHINA_50      gold_z           lag=  1  m6_ic=0.0767
[20:48:50]     VAL PASS  FTSE_CHINA_50      gold_z           lag= 30  m6_ic=0.1237
[20:48:50]     VAL PASS  GOLD               oil_z            lag=  1  m6_ic=0.0908
[20:48:51]     VAL PASS  GOLD               oil_z            lag= 30  m6_ic=0.0629
[20:48:51]     VAL PASS  GOLD               rate_z           lag=  1  m6_ic=0.1066
[20:48:51]     VAL PASS  GOLD               rate_z           lag= 14  m6_ic=0.1597
[20:48:51]     VAL PASS  GOLD               rate_z           lag= 30  m6_ic=0.0724
[20:48:52]     VAL PASS  GOLD               sanctions_z      lag=  1  m6_ic=0.0540
[20:48:52]     VAL PASS  GOLD               sanctions_z      lag= 14  m6_ic=0.0433
[20:48:52]     VAL PASS  GOLD               inflation_z      lag=  7  m6_ic=0.0318
[20:48:53]     VAL PASS  GOLD               banking_z        lag= 30  m6_ic=0.0451
[20:48:53]     VAL PASS  GOLD               gold_z           lag=  1  m6_ic=0.0394
[20:48:53]     VAL PASS  GOLD               gold_z           lag= 14  m6_ic=0.0773
[20:48:54]     VAL PASS  SILVER             rate_z           lag=  7  m6_ic=0.1293
[20:48:54]     VAL PASS  SILVER             rate_z           lag= 14  m6_ic=0.1576
[20:48:55]     VAL PASS  SILVER             rate_z           lag= 30  m6_ic=0.0650
[20:48:55]     VAL PASS  SILVER             ruble_z          lag= 30  m6_ic=0.0850
[20:48:55]     VAL PASS  SILVER             sanctions_z      lag=  7  m6_ic=0.0517
[20:48:55]     VAL PASS  SILVER             inflation_z      lag= 30  m6_ic=0.0609
[20:48:56]     VAL PASS  SILVER             banking_z        lag=  1  m6_ic=0.0796
[20:48:56]     VAL PASS  SILVER             banking_z        lag= 14  m6_ic=0.0997
[20:48:56]     VAL PASS  SILVER             banking_z        lag= 30  m6_ic=0.0700
[20:48:56]     VAL PASS  SILVER             gold_z           lag=  1  m6_ic=0.0474
[20:48:57]     VAL PASS  SILVER             gold_z           lag= 14  m6_ic=0.0687
[20:48:57]     VAL PASS  SILVER             gold_z           lag= 30  m6_ic=0.0849
[20:48:57]     VAL PASS  IMOEX              oil_z            lag=  1  m6_ic=0.0631
[20:48:57]     VAL PASS  IMOEX              rate_z           lag=  1  m6_ic=0.0323
[20:48:58]     VAL PASS  IMOEX              rate_z           lag= 14  m6_ic=0.0584
[20:48:58]     VAL PASS  IMOEX              rate_z           lag= 30  m6_ic=0.0648
[20:48:58]     VAL PASS  IMOEX              ruble_z          lag= 14  m6_ic=0.0858
[20:48:59]     VAL PASS  IMOEX              sanctions_z      lag= 14  m6_ic=0.1077
[20:48:59]     VAL PASS  IMOEX              inflation_z      lag=  1  m6_ic=0.0944
[20:48:59]     VAL PASS  IMOEX              inflation_z      lag= 30  m6_ic=0.0594
[20:49:00]     VAL PASS  IMOEX              banking_z        lag= 30  m6_ic=0.0422
[20:49:00]     VAL PASS  IMOEX              gold_z           lag=  1  m6_ic=0.0365
[20:49:00]     VAL PASS  IMOEX              gold_z           lag= 30  m6_ic=0.1228
[20:49:00]     VAL PASS  MOEXFN             oil_z            lag=  1  m6_ic=0.1353
[20:49:01]     VAL PASS  MOEXFN             oil_z            lag= 14  m6_ic=0.0365
[20:49:01]     VAL PASS  MOEXFN             rate_z           lag= 14  m6_ic=0.0341
[20:49:01]     VAL PASS  MOEXFN             rate_z           lag= 30  m6_ic=0.0700
[20:49:01]     VAL PASS  MOEXFN             ruble_z          lag= 14  m6_ic=0.0594
[20:49:02]     VAL PASS  MOEXFN             sanctions_z      lag=  1  m6_ic=0.0574
[20:49:02]     VAL PASS  MOEXFN             sanctions_z      lag=  7  m6_ic=0.0677
[20:49:02]     VAL PASS  MOEXFN             inflation_z      lag=  1  m6_ic=0.1187
[20:49:02]     VAL PASS  MOEXFN             inflation_z      lag= 30  m6_ic=0.0354
[20:49:03]     VAL PASS  MOEXFN             banking_z        lag= 14  m6_ic=0.0309
[20:49:03]     VAL PASS  MOEXOG             oil_z            lag=  1  m6_ic=0.0449
[20:49:03]     VAL PASS  MOEXOG             oil_z            lag=  7  m6_ic=0.0438
[20:49:04]     VAL PASS  MOEXOG             ruble_z          lag=  1  m6_ic=0.0370
[20:49:04]     VAL PASS  MOEXOG             sanctions_z      lag=  7  m6_ic=0.0375
[20:49:05]     VAL PASS  MOEXOG             sanctions_z      lag= 14  m6_ic=0.0866
[20:49:05]     VAL PASS  MOEXOG             sanctions_z      lag= 30  m6_ic=0.1425
[20:49:05]     VAL PASS  MOEXOG             inflation_z      lag=  1  m6_ic=0.0766
[20:49:05]     VAL PASS  MOEXOG             inflation_z      lag= 30  m6_ic=0.0440
[20:49:06]     VAL PASS  MOEXOG             gold_z           lag=  7  m6_ic=0.0391
[20:49:06]     VAL PASS  MOEXOG             gold_z           lag= 30  m6_ic=0.1182
[20:49:06]     VAL PASS  MOEX10             oil_z            lag=  1  m6_ic=0.0731
[20:49:06]     VAL PASS  MOEX10             oil_z            lag=  7  m6_ic=0.0389
[20:49:07]     VAL PASS  MOEX10             oil_z            lag= 14  m6_ic=0.1335
[20:49:07]     VAL PASS  MOEX10             rate_z           lag= 30  m6_ic=0.1275
[20:49:08]     VAL PASS  MOEX10             ruble_z          lag= 14  m6_ic=0.0695
[20:49:08]     VAL PASS  MOEX10             sanctions_z      lag=  7  m6_ic=0.0474
[20:49:08]     VAL PASS  MOEX10             sanctions_z      lag= 30  m6_ic=0.0620
[20:49:09]     VAL PASS  MOEX10             inflation_z      lag=  1  m6_ic=0.0563
[20:49:09]     VAL PASS  MOEX10             inflation_z      lag= 30  m6_ic=0.0443
[20:49:09]     VAL PASS  MOEX10             banking_z        lag= 14  m6_ic=0.0462
[20:49:09]     VAL PASS  MOEX10             gold_z           lag= 14  m6_ic=0.0630
[20:49:09]     VAL PASS  MOEX10             gold_z           lag= 30  m6_ic=0.0901
[20:49:09]     Val: 156/239 held
[20:49:09]   → train=239  val=156  max_ic=0.1764  score=2532.3
[20:49:09] 
============================================================
[20:49:09] FINAL REPORT
[20:49:09] ============================================================
[20:49:09] Report: C:\project\signal_mind\analytics\phase_b\night_search\night_report_20260520_203734.md
[20:49:10] Hits CSV: C:\project\signal_mind\analytics\phase_b\night_search\night_hits_20260520_203734.csv
[20:49:10] 
[6/15] sweep_keyword_z90_vol_5d  (budget=47min)
[20:49:10]   Config: sweep_keyword_z90_vol_5d
[20:49:10]     feature=keyword_z90  target=vol_5d  ensemble=M6_only  ic_min=0.03
[20:49:10]   HIT  SP500              oil_z            lag=  7 m5_p=0.6748  m6_ic=0.0527
[20:49:10]   HIT  SP500              oil_z            lag= 14 m5_p=0.7862  m6_ic=0.1014
[20:49:11]   HIT  SP500              rate_z           lag=  1 m5_p=0.4366  m6_ic=0.0510
[20:49:11]   HIT  SP500              rate_z           lag=  7 m5_p=0.8581  m6_ic=0.0547
[20:49:11]   HIT  SP500              rate_z           lag= 14 m5_p=0.9377  m6_ic=0.0710
[20:49:11]   HIT  SP500              ruble_z          lag=  1 m5_p=0.6337  m6_ic=0.0566
[20:49:12]   HIT  SP500              sanctions_z      lag=  1 m5_p=0.4430  m6_ic=0.0698
[20:49:12]   HIT  SP500              sanctions_z      lag=  7 m5_p=0.7751  m6_ic=0.0709
[20:49:13]   HIT  SP500              inflation_z      lag=  1 m5_p=0.4970  m6_ic=0.0398
[20:49:13]   HIT  SP500              inflation_z      lag=  7 m5_p=0.5052  m6_ic=0.0847
[20:49:14]   HIT  SP500              inflation_z      lag= 30 m5_p=0.6300  m6_ic=0.0727
[20:49:14]   HIT  SP500              banking_z        lag=  1 m5_p=0.8581  m6_ic=0.0508
[20:49:14]   HIT  SP500              banking_z        lag= 14 m5_p=0.6500  m6_ic=0.0462
[20:49:15]   HIT  SP500              banking_z        lag= 30 m5_p=0.5090  m6_ic=0.0337
[20:49:15]   HIT  SP500              gold_z           lag=  7 m5_p=0.7528  m6_ic=0.0567
[20:49:16]   HIT  USD_RUB            oil_z            lag= 14 m5_p=0.6692  m6_ic=0.0580
[20:49:16]   HIT  USD_RUB            oil_z            lag= 30 m5_p=0.4686  m6_ic=0.0829
[20:49:16]   HIT  USD_RUB            rate_z           lag=  1 m5_p=0.9318  m6_ic=0.1048
[20:49:17]   HIT  USD_RUB            rate_z           lag= 30 m5_p=0.3641  m6_ic=0.0830
[20:49:17]   HIT  USD_RUB            ruble_z          lag=  1 m5_p=0.1133  m6_ic=0.0395
[20:49:17]   HIT  USD_RUB            ruble_z          lag=  7 m5_p=0.1581  m6_ic=0.0476
[20:49:18]   HIT  USD_RUB            ruble_z          lag= 14 m5_p=0.9816  m6_ic=0.1100
[20:49:18]   HIT  USD_RUB            sanctions_z      lag= 14 m5_p=0.6089  m6_ic=0.0672
[20:49:19]   HIT  USD_RUB            sanctions_z      lag= 30 m5_p=0.1916  m6_ic=0.0594
[20:49:22]   HIT  EUR_RUB            oil_z            lag= 14 m5_p=0.6692  m6_ic=0.0580
[20:49:22]   HIT  EUR_RUB            oil_z            lag= 30 m5_p=0.4686  m6_ic=0.0829
[20:49:22]   HIT  EUR_RUB            rate_z           lag=  1 m5_p=0.9318  m6_ic=0.1048
[20:49:23]   HIT  EUR_RUB            rate_z           lag= 30 m5_p=0.3641  m6_ic=0.0830
[20:49:23]   HIT  EUR_RUB            ruble_z          lag=  1 m5_p=0.1133  m6_ic=0.0395
[20:49:23]   HIT  EUR_RUB            ruble_z          lag=  7 m5_p=0.1581  m6_ic=0.0476
[20:49:23]   HIT  EUR_RUB            ruble_z          lag= 14 m5_p=0.9816  m6_ic=0.1100
[20:49:24]   HIT  EUR_RUB            sanctions_z      lag= 14 m5_p=0.6089  m6_ic=0.0672
[20:49:24]   HIT  EUR_RUB            sanctions_z      lag= 30 m5_p=0.1916  m6_ic=0.0594
[20:49:27]   HIT  DJ_SOUTH_AFRICA    oil_z            lag=  7 m5_p=0.6844  m6_ic=0.0421
[20:49:28]   HIT  DJ_SOUTH_AFRICA    oil_z            lag= 30 m5_p=0.7089  m6_ic=0.0453
[20:49:28]   HIT  DJ_SOUTH_AFRICA    ruble_z          lag=  1 m5_p=0.2753  m6_ic=0.0327
[20:49:29]   HIT  DJ_SOUTH_AFRICA    sanctions_z      lag=  1 m5_p=0.6815  m6_ic=0.0457
[20:49:30]   HIT  DJ_SOUTH_AFRICA    sanctions_z      lag= 14 m5_p=0.0779  m6_ic=0.0913
[20:49:30]   HIT  DJ_SOUTH_AFRICA    inflation_z      lag= 14 m5_p=0.3188  m6_ic=0.0959
[20:49:31]   HIT  DJ_SOUTH_AFRICA    inflation_z      lag= 30 m5_p=0.7929  m6_ic=0.0511
[20:49:31]   HIT  DJ_SOUTH_AFRICA    banking_z        lag=  1 m5_p=0.7066  m6_ic=0.0641
[20:49:31]   HIT  DJ_SOUTH_AFRICA    banking_z        lag=  7 m5_p=0.5309  m6_ic=0.0672
[20:49:31]   HIT  DJ_SOUTH_AFRICA    banking_z        lag= 30 m5_p=0.4462  m6_ic=0.1268
[20:49:32]   HIT  DJ_SOUTH_AFRICA    gold_z           lag= 30 m5_p=0.6862  m6_ic=0.0316
[20:49:32]   HIT  MSCI_WORLD         oil_z            lag=  1 m5_p=0.5159  m6_ic=0.0479
[20:49:33]   HIT  MSCI_WORLD         oil_z            lag= 14 m5_p=0.4804  m6_ic=0.0423
[20:49:33]   HIT  MSCI_WORLD         oil_z            lag= 30 m5_p=0.2309  m6_ic=0.0322
[20:49:33]   HIT  MSCI_WORLD         rate_z           lag=  7 m5_p=0.2870  m6_ic=0.0667
[20:49:34]   HIT  MSCI_WORLD         rate_z           lag= 14 m5_p=0.6915  m6_ic=0.0301
[20:49:34]   HIT  MSCI_WORLD         rate_z           lag= 30 m5_p=0.8385  m6_ic=0.0355
[20:49:34]   HIT  MSCI_WORLD         ruble_z          lag=  1 m5_p=0.8080  m6_ic=0.0853
[20:49:34]   HIT  MSCI_WORLD         ruble_z          lag=  7 m5_p=0.9167  m6_ic=0.0921
[20:49:35]   HIT  MSCI_WORLD         ruble_z          lag= 30 m5_p=0.6524  m6_ic=0.0477
[20:49:35]   HIT  MSCI_WORLD         sanctions_z      lag=  7 m5_p=0.9308  m6_ic=0.0323
[20:49:35]   HIT  MSCI_WORLD         sanctions_z      lag= 14 m5_p=0.0137  m6_ic=0.0993
[20:49:36]   HIT  MSCI_WORLD         inflation_z      lag=  1 m5_p=0.7383  m6_ic=0.0436
[20:49:36]   HIT  MSCI_WORLD         inflation_z      lag= 30 m5_p=0.7384  m6_ic=0.0309
[20:49:37]   HIT  MSCI_WORLD         banking_z        lag=  7 m5_p=0.2023  m6_ic=0.0786
[20:49:37]   HIT  MSCI_WORLD         banking_z        lag= 30 m5_p=0.9942  m6_ic=0.0386
[20:49:38]   HIT  DXY                oil_z            lag=  1 m5_p=0.2414  m6_ic=0.0793
[20:49:39]   HIT  DXY                oil_z            lag= 14 m5_p=0.7563  m6_ic=0.0457
[20:49:39]   HIT  DXY                oil_z            lag= 30 m5_p=0.9815  m6_ic=0.0813
[20:49:39]   HIT  DXY                rate_z           lag=  1 m5_p=0.3050  m6_ic=0.0430
[20:49:39]   HIT  DXY                rate_z           lag=  7 m5_p=0.2421  m6_ic=0.0551
[20:49:40]   HIT  DXY                rate_z           lag= 30 m5_p=0.1284  m6_ic=0.0300
[20:49:40]   HIT  DXY                ruble_z          lag=  7 m5_p=0.4020  m6_ic=0.0448
[20:49:40]   HIT  DXY                sanctions_z      lag=  1 m5_p=0.9497  m6_ic=0.0383
[20:49:41]   HIT  DXY                sanctions_z      lag= 14 m5_p=0.1076  m6_ic=0.0375
[20:49:41]   HIT  DXY                inflation_z      lag=  7 m5_p=0.2981  m6_ic=0.0602
[20:49:42]   HIT  DXY                banking_z        lag=  1 m5_p=0.2260  m6_ic=0.0604
[20:49:42]   HIT  DXY                banking_z        lag= 14 m5_p=0.7712  m6_ic=0.0496
[20:49:43]   HIT  DXY                gold_z           lag=  7 m5_p=0.1179  m6_ic=0.0653
[20:49:43]   HIT  DXY                gold_z           lag= 14 m5_p=0.9351  m6_ic=0.1175
[20:49:43]   HIT  DXY                gold_z           lag= 30 m5_p=0.4623  m6_ic=0.0315
[20:49:44]   HIT  BRENT              oil_z            lag=  1 m5_p=0.9346  m6_ic=0.0406
[20:49:44]   HIT  BRENT              oil_z            lag=  7 m5_p=0.7838  m6_ic=0.0323
[20:49:44]   HIT  BRENT              oil_z            lag= 30 m5_p=0.8551  m6_ic=0.0800
[20:49:45]   HIT  BRENT              rate_z           lag=  7 m5_p=0.6818  m6_ic=0.0496
[20:49:45]   HIT  BRENT              ruble_z          lag=  1 m5_p=0.2518  m6_ic=0.0403
[20:49:46]   HIT  BRENT              ruble_z          lag= 30 m5_p=0.4153  m6_ic=0.1042
[20:49:46]   HIT  BRENT              sanctions_z      lag=  1 m5_p=0.5997  m6_ic=0.0313
[20:49:46]   HIT  BRENT              sanctions_z      lag=  7 m5_p=0.9600  m6_ic=0.0553
[20:49:46]   HIT  BRENT              sanctions_z      lag= 14 m5_p=0.3220  m6_ic=0.0433
[20:49:47]   HIT  BRENT              sanctions_z      lag= 30 m5_p=0.5788  m6_ic=0.0428
[20:49:47]   HIT  BRENT              inflation_z      lag=  1 m5_p=0.2547  m6_ic=0.0371
[20:49:47]   HIT  BRENT              inflation_z      lag= 14 m5_p=0.6837  m6_ic=0.1134
[20:49:47]   HIT  BRENT              inflation_z      lag= 30 m5_p=0.6957  m6_ic=0.0373
[20:49:48]   HIT  BRENT              banking_z        lag=  1 m5_p=0.7337  m6_ic=0.0561
[20:49:48]   HIT  BRENT              banking_z        lag=  7 m5_p=0.1672  m6_ic=0.0787
[20:49:48]   HIT  BRENT              banking_z        lag= 14 m5_p=0.6100  m6_ic=0.0377
[20:49:49]   HIT  BRENT              gold_z           lag= 14 m5_p=0.3846  m6_ic=0.0425
[20:49:49]   HIT  BRENT              gold_z           lag= 30 m5_p=0.4444  m6_ic=0.0414
[20:49:50]   HIT  MSCI_INDIA         rate_z           lag=  1 m5_p=0.4597  m6_ic=0.0374
[20:49:51]   HIT  MSCI_INDIA         rate_z           lag= 14 m5_p=0.6407  m6_ic=0.0556
[20:49:51]   HIT  MSCI_INDIA         ruble_z          lag=  1 m5_p=0.7407  m6_ic=0.0782
[20:49:51]   HIT  MSCI_INDIA         ruble_z          lag= 14 m5_p=0.7548  m6_ic=0.0444
[20:49:52]   HIT  MSCI_INDIA         ruble_z          lag= 30 m5_p=0.6840  m6_ic=0.1163
[20:49:52]   HIT  MSCI_INDIA         sanctions_z      lag=  1 m5_p=0.8390  m6_ic=0.0804
[20:49:52]   HIT  MSCI_INDIA         sanctions_z      lag=  7 m5_p=0.6660  m6_ic=0.0532
[20:49:52]   HIT  MSCI_INDIA         sanctions_z      lag= 30 m5_p=0.7515  m6_ic=0.0537
[20:49:53]   HIT  MSCI_INDIA         inflation_z      lag=  7 m5_p=0.4727  m6_ic=0.0344
[20:49:53]   HIT  MSCI_INDIA         inflation_z      lag= 30 m5_p=0.7764  m6_ic=0.0488
[20:49:53]   HIT  MSCI_INDIA         banking_z        lag=  7 m5_p=0.6346  m6_ic=0.0664
[20:49:54]   HIT  MSCI_INDIA         banking_z        lag= 14 m5_p=0.3996  m6_ic=0.0755
[20:49:54]   HIT  MSCI_INDIA         banking_z        lag= 30 m5_p=0.5097  m6_ic=0.1499
[20:49:54]   HIT  MSCI_INDIA         gold_z           lag=  1 m5_p=0.5637  m6_ic=0.0718
[20:49:54]   HIT  MSCI_INDIA         gold_z           lag=  7 m5_p=0.6810  m6_ic=0.0318
[20:49:55]   HIT  MSCI_INDIA         gold_z           lag= 14 m5_p=0.2356  m6_ic=0.1126
[20:49:55]   HIT  CHINA_H_SHARES     oil_z            lag=  1 m5_p=0.4078  m6_ic=0.0396
[20:49:55]   HIT  CHINA_H_SHARES     oil_z            lag=  7 m5_p=0.3879  m6_ic=0.0652
[20:49:56]   HIT  CHINA_H_SHARES     oil_z            lag= 30 m5_p=0.6605  m6_ic=0.0794
[20:49:56]   HIT  CHINA_H_SHARES     rate_z           lag=  1 m5_p=0.0778  m6_ic=0.0808
[20:49:56]   HIT  CHINA_H_SHARES     rate_z           lag=  7 m5_p=0.8293  m6_ic=0.0837
[20:49:56]   HIT  CHINA_H_SHARES     rate_z           lag= 14 m5_p=0.7421  m6_ic=0.0693
[20:49:57]   HIT  CHINA_H_SHARES     ruble_z          lag= 30 m5_p=0.6007  m6_ic=0.0372
[20:49:57]   HIT  CHINA_H_SHARES     sanctions_z      lag=  1 m5_p=0.4326  m6_ic=0.0352
[20:49:58]   HIT  CHINA_H_SHARES     sanctions_z      lag= 14 m5_p=0.3141  m6_ic=0.0414
[20:49:58]   HIT  CHINA_H_SHARES     sanctions_z      lag= 30 m5_p=0.2065  m6_ic=0.0882
[20:49:58]   HIT  CHINA_H_SHARES     inflation_z      lag=  1 m5_p=0.1657  m6_ic=0.0329
[20:49:59]   HIT  CHINA_H_SHARES     inflation_z      lag= 30 m5_p=0.3707  m6_ic=0.0400
[20:49:59]   HIT  CHINA_H_SHARES     banking_z        lag=  7 m5_p=0.9238  m6_ic=0.0517
[20:49:59]   HIT  CHINA_H_SHARES     banking_z        lag= 30 m5_p=0.9528  m6_ic=0.0391
[20:50:00]   HIT  CHINA_H_SHARES     gold_z           lag=  1 m5_p=0.3506  m6_ic=0.0655
[20:50:00]   HIT  CHINA_H_SHARES     gold_z           lag=  7 m5_p=0.2418  m6_ic=0.0632
[20:50:00]   HIT  CHINA_H_SHARES     gold_z           lag= 30 m5_p=0.9133  m6_ic=0.0892
[20:50:00]   HIT  FTSE_CHINA_50      oil_z            lag=  1 m5_p=0.4418  m6_ic=0.0537
[20:50:01]   HIT  FTSE_CHINA_50      oil_z            lag=  7 m5_p=0.3249  m6_ic=0.0373
[20:50:01]   HIT  FTSE_CHINA_50      oil_z            lag= 14 m5_p=0.8152  m6_ic=0.0316
[20:50:01]   HIT  FTSE_CHINA_50      oil_z            lag= 30 m5_p=0.6776  m6_ic=0.0983
[20:50:01]   HIT  FTSE_CHINA_50      rate_z           lag=  1 m5_p=0.0686  m6_ic=0.0939
[20:50:01]   HIT  FTSE_CHINA_50      rate_z           lag=  7 m5_p=0.9920  m6_ic=0.0796
[20:50:02]   HIT  FTSE_CHINA_50      rate_z           lag= 14 m5_p=0.9641  m6_ic=0.0636
[20:50:02]   HIT  FTSE_CHINA_50      ruble_z          lag= 14 m5_p=0.8984  m6_ic=0.0423
[20:50:03]   HIT  FTSE_CHINA_50      sanctions_z      lag=  1 m5_p=0.4682  m6_ic=0.0388
[20:50:03]   HIT  FTSE_CHINA_50      sanctions_z      lag=  7 m5_p=0.6112  m6_ic=0.0567
[20:50:03]   HIT  FTSE_CHINA_50      sanctions_z      lag= 14 m5_p=0.5075  m6_ic=0.0465
[20:50:03]   HIT  FTSE_CHINA_50      sanctions_z      lag= 30 m5_p=0.1301  m6_ic=0.0854
[20:50:04]   HIT  FTSE_CHINA_50      inflation_z      lag= 30 m5_p=0.3401  m6_ic=0.0377
[20:50:05]   HIT  FTSE_CHINA_50      banking_z        lag=  7 m5_p=0.9999  m6_ic=0.0536
[20:50:05]   HIT  FTSE_CHINA_50      banking_z        lag= 30 m5_p=0.7490  m6_ic=0.0443
[20:50:05]   HIT  FTSE_CHINA_50      gold_z           lag=  1 m5_p=0.2753  m6_ic=0.0715
[20:50:05]   HIT  FTSE_CHINA_50      gold_z           lag=  7 m5_p=0.2675  m6_ic=0.0782
[20:50:06]   HIT  FTSE_CHINA_50      gold_z           lag= 30 m5_p=0.7492  m6_ic=0.1108
[20:50:06]   HIT  GOLD               oil_z            lag=  1 m5_p=0.3410  m6_ic=0.0740
[20:50:06]   HIT  GOLD               oil_z            lag=  7 m5_p=0.5309  m6_ic=0.0307
[20:50:07]   HIT  GOLD               oil_z            lag= 30 m5_p=0.8937  m6_ic=0.0544
[20:50:07]   HIT  GOLD               rate_z           lag=  1 m5_p=0.9320  m6_ic=0.0944
[20:50:07]   HIT  GOLD               rate_z           lag= 14 m5_p=0.1962  m6_ic=0.0795
[20:50:07]   HIT  GOLD               rate_z           lag= 30 m5_p=0.9938  m6_ic=0.0415
[20:50:08]   HIT  GOLD               ruble_z          lag= 30 m5_p=0.8547  m6_ic=0.1470
[20:50:08]   HIT  GOLD               sanctions_z      lag=  1 m5_p=0.9873  m6_ic=0.0309
[20:50:09]   HIT  GOLD               sanctions_z      lag= 14 m5_p=0.1815  m6_ic=0.0689
[20:50:09]   HIT  GOLD               sanctions_z      lag= 30 m5_p=0.0688  m6_ic=0.0646
[20:50:09]   HIT  GOLD               inflation_z      lag=  7 m5_p=0.0163  m6_ic=0.1378
[20:50:10]   HIT  GOLD               banking_z        lag=  7 m5_p=0.2484  m6_ic=0.0472
[20:50:10]   HIT  GOLD               banking_z        lag= 30 m5_p=0.8820  m6_ic=0.0463
[20:50:11]   HIT  GOLD               gold_z           lag=  1 m5_p=0.9441  m6_ic=0.0352
[20:50:11]   HIT  GOLD               gold_z           lag=  7 m5_p=0.9611  m6_ic=0.1063
[20:50:11]   HIT  GOLD               gold_z           lag= 14 m5_p=0.0545  m6_ic=0.0797
[20:50:11]   HIT  GOLD               gold_z           lag= 30 m5_p=0.4941  m6_ic=0.0389
[20:50:12]   HIT  SILVER             oil_z            lag= 30 m5_p=0.5800  m6_ic=0.0502
[20:50:12]   HIT  SILVER             rate_z           lag=  1 m5_p=0.4295  m6_ic=0.0367
[20:50:12]   HIT  SILVER             rate_z           lag=  7 m5_p=0.2690  m6_ic=0.1576
[20:50:12]   HIT  SILVER             rate_z           lag= 14 m5_p=0.7726  m6_ic=0.1103
[20:50:13]   HIT  SILVER             rate_z           lag= 30 m5_p=0.3588  m6_ic=0.0329
[20:50:13]   HIT  SILVER             ruble_z          lag= 30 m5_p=0.5785  m6_ic=0.0343
[20:50:14]   HIT  SILVER             sanctions_z      lag=  7 m5_p=0.6731  m6_ic=0.0738
[20:50:14]   HIT  SILVER             sanctions_z      lag= 14 m5_p=0.2403  m6_ic=0.0328
[20:50:14]   HIT  SILVER             inflation_z      lag=  7 m5_p=0.1879  m6_ic=0.0463
[20:50:15]   HIT  SILVER             inflation_z      lag= 30 m5_p=0.3543  m6_ic=0.0508
[20:50:15]   HIT  SILVER             banking_z        lag=  1 m5_p=0.9566  m6_ic=0.0990
[20:50:15]   HIT  SILVER             banking_z        lag= 14 m5_p=0.8649  m6_ic=0.0429
[20:50:16]   HIT  SILVER             banking_z        lag= 30 m5_p=0.5269  m6_ic=0.0363
[20:50:16]   HIT  SILVER             gold_z           lag=  1 m5_p=0.1866  m6_ic=0.0339
[20:50:16]   HIT  SILVER             gold_z           lag= 14 m5_p=0.9873  m6_ic=0.0467
[20:50:16]   HIT  SILVER             gold_z           lag= 30 m5_p=0.1992  m6_ic=0.0391
[20:50:17]   HIT  IMOEX              oil_z            lag=  1 m5_p=0.2413  m6_ic=0.0580
[20:50:17]   HIT  IMOEX              rate_z           lag=  1 m5_p=0.3025  m6_ic=0.0443
[20:50:17]   HIT  IMOEX              rate_z           lag=  7 m5_p=0.2258  m6_ic=0.0420
[20:50:18]   HIT  IMOEX              rate_z           lag= 14 m5_p=0.2674  m6_ic=0.0817
[20:50:18]   HIT  IMOEX              rate_z           lag= 30 m5_p=0.4265  m6_ic=0.1355
[20:50:18]   HIT  IMOEX              ruble_z          lag=  1 m5_p=0.7600  m6_ic=0.1486
[20:50:18]   HIT  IMOEX              ruble_z          lag=  7 m5_p=0.0306  m6_ic=0.0333
[20:50:18]   HIT  IMOEX              ruble_z          lag= 14 m5_p=0.3301  m6_ic=0.0746
[20:50:19]   HIT  IMOEX              ruble_z          lag= 30 m5_p=0.8361  m6_ic=0.0588
[20:50:19]   HIT  IMOEX              sanctions_z      lag= 14 m5_p=0.7735  m6_ic=0.0305
[20:50:20]   HIT  IMOEX              inflation_z      lag=  1 m5_p=0.2068  m6_ic=0.0652
[20:50:20]   HIT  IMOEX              inflation_z      lag= 30 m5_p=0.5172  m6_ic=0.0900
[20:50:21]   HIT  IMOEX              banking_z        lag=  7 m5_p=0.1920  m6_ic=0.0512
[20:50:21]   HIT  IMOEX              banking_z        lag= 30 m5_p=0.0824  m6_ic=0.0624
[20:50:21]   HIT  IMOEX              gold_z           lag=  1 m5_p=0.3190  m6_ic=0.0361
[20:50:22]   HIT  IMOEX              gold_z           lag= 30 m5_p=0.3290  m6_ic=0.0581
[20:50:22]   HIT  MOEXFN             oil_z            lag=  1 m5_p=0.3589  m6_ic=0.1419
[20:50:22]   HIT  MOEXFN             oil_z            lag=  7 m5_p=0.3274  m6_ic=0.0580
[20:50:22]   HIT  MOEXFN             oil_z            lag= 14 m5_p=0.6156  m6_ic=0.0324
[20:50:23]   HIT  MOEXFN             rate_z           lag= 14 m5_p=0.6683  m6_ic=0.0319
[20:50:23]   HIT  MOEXFN             rate_z           lag= 30 m5_p=0.9930  m6_ic=0.0357
[20:50:23]   HIT  MOEXFN             ruble_z          lag=  1 m5_p=0.6517  m6_ic=0.0735
[20:50:24]   HIT  MOEXFN             ruble_z          lag=  7 m5_p=0.2104  m6_ic=0.0631
[20:50:24]   HIT  MOEXFN             ruble_z          lag= 14 m5_p=0.5300  m6_ic=0.0578
[20:50:24]   HIT  MOEXFN             sanctions_z      lag=  1 m5_p=0.0556  m6_ic=0.0696
[20:50:24]   HIT  MOEXFN             sanctions_z      lag=  7 m5_p=0.9122  m6_ic=0.0433
[20:50:25]   HIT  MOEXFN             inflation_z      lag=  1 m5_p=0.2433  m6_ic=0.0377
[20:50:25]   HIT  MOEXFN             inflation_z      lag=  7 m5_p=0.4069  m6_ic=0.0376
[20:50:26]   HIT  MOEXFN             inflation_z      lag= 30 m5_p=0.4238  m6_ic=0.0521
[20:50:26]   HIT  MOEXFN             banking_z        lag=  7 m5_p=0.4758  m6_ic=0.0767
[20:50:26]   HIT  MOEXFN             banking_z        lag= 14 m5_p=0.1339  m6_ic=0.0699
[20:50:27]   HIT  MOEXFN             gold_z           lag=  7 m5_p=0.1800  m6_ic=0.0408
[20:50:27]   HIT  MOEXOG             oil_z            lag=  1 m5_p=0.2170  m6_ic=0.1113
[20:50:28]   HIT  MOEXOG             oil_z            lag=  7 m5_p=0.4584  m6_ic=0.0360
[20:50:28]   HIT  MOEXOG             rate_z           lag=  1 m5_p=0.2176  m6_ic=0.0682
[20:50:29]   HIT  MOEXOG             ruble_z          lag=  1 m5_p=0.7748  m6_ic=0.1057
[20:50:29]   HIT  MOEXOG             ruble_z          lag=  7 m5_p=0.0664  m6_ic=0.0461
[20:50:30]   HIT  MOEXOG             ruble_z          lag= 30 m5_p=0.9428  m6_ic=0.0346
[20:50:30]   HIT  MOEXOG             sanctions_z      lag=  7 m5_p=0.4094  m6_ic=0.0456
[20:50:30]   HIT  MOEXOG             sanctions_z      lag= 14 m5_p=0.3950  m6_ic=0.0419
[20:50:30]   HIT  MOEXOG             sanctions_z      lag= 30 m5_p=0.7427  m6_ic=0.0935
[20:50:31]   HIT  MOEXOG             inflation_z      lag=  1 m5_p=0.1034  m6_ic=0.1183
[20:50:31]   HIT  MOEXOG             inflation_z      lag= 30 m5_p=0.8230  m6_ic=0.1764
[20:50:32]   HIT  MOEXOG             banking_z        lag= 30 m5_p=0.1176  m6_ic=0.0665
[20:50:32]   HIT  MOEXOG             gold_z           lag=  1 m5_p=0.2022  m6_ic=0.0321
[20:50:32]   HIT  MOEXOG             gold_z           lag=  7 m5_p=0.7653  m6_ic=0.0454
[20:50:33]   HIT  MOEXOG             gold_z           lag= 30 m5_p=0.4799  m6_ic=0.0626
[20:50:33]   HIT  MOEX10             oil_z            lag=  1 m5_p=0.3737  m6_ic=0.1661
[20:50:33]   HIT  MOEX10             oil_z            lag=  7 m5_p=0.4867  m6_ic=0.0718
[20:50:33]   HIT  MOEX10             oil_z            lag= 14 m5_p=0.7293  m6_ic=0.0705
[20:50:34]   HIT  MOEX10             rate_z           lag=  1 m5_p=0.3887  m6_ic=0.0357
[20:50:34]   HIT  MOEX10             rate_z           lag=  7 m5_p=0.3078  m6_ic=0.0524
[20:50:34]   HIT  MOEX10             rate_z           lag= 30 m5_p=0.4483  m6_ic=0.0572
[20:50:34]   HIT  MOEX10             ruble_z          lag=  1 m5_p=0.9719  m6_ic=0.1048
[20:50:35]   HIT  MOEX10             ruble_z          lag=  7 m5_p=0.1292  m6_ic=0.0463
[20:50:35]   HIT  MOEX10             ruble_z          lag= 14 m5_p=0.4546  m6_ic=0.0393
[20:50:35]   HIT  MOEX10             sanctions_z      lag=  7 m5_p=0.6263  m6_ic=0.0733
[20:50:36]   HIT  MOEX10             sanctions_z      lag= 30 m5_p=0.4859  m6_ic=0.0602
[20:50:36]   HIT  MOEX10             inflation_z      lag=  1 m5_p=0.2736  m6_ic=0.0465
[20:50:37]   HIT  MOEX10             inflation_z      lag= 30 m5_p=0.7899  m6_ic=0.0795
[20:50:37]   HIT  MOEX10             banking_z        lag= 14 m5_p=0.0831  m6_ic=0.0306
[20:50:38]   HIT  MOEX10             gold_z           lag= 14 m5_p=0.9573  m6_ic=0.0366
[20:50:38]   HIT  MOEX10             gold_z           lag= 30 m5_p=0.6804  m6_ic=0.0659
[20:50:38]     Train: 239 signals
[20:50:38]     Val holdout (239 candidates)...
[20:50:39]     VAL PASS  SP500              rate_z           lag= 14  m6_ic=0.0907
[20:50:39]     VAL PASS  SP500              ruble_z          lag=  1  m6_ic=0.0665
[20:50:40]     VAL PASS  SP500              sanctions_z      lag=  7  m6_ic=0.1125
[20:50:40]     VAL PASS  SP500              inflation_z      lag=  1  m6_ic=0.0551
[20:50:40]     VAL PASS  SP500              inflation_z      lag=  7  m6_ic=0.0685
[20:50:41]     VAL PASS  SP500              banking_z        lag=  1  m6_ic=0.0980
[20:50:41]     VAL PASS  SP500              banking_z        lag= 30  m6_ic=0.0897
[20:50:42]     VAL PASS  USD_RUB            oil_z            lag= 14  m6_ic=0.0405
[20:50:42]     VAL PASS  USD_RUB            oil_z            lag= 30  m6_ic=0.0910
[20:50:42]     VAL PASS  USD_RUB            rate_z           lag=  1  m6_ic=0.1435
[20:50:42]     VAL PASS  USD_RUB            rate_z           lag= 30  m6_ic=0.0349
[20:50:42]     VAL PASS  USD_RUB            ruble_z          lag=  1  m6_ic=0.1347
[20:50:43]     VAL PASS  USD_RUB            ruble_z          lag=  7  m6_ic=0.1535
[20:50:43]     VAL PASS  USD_RUB            ruble_z          lag= 14  m6_ic=0.0900
[20:50:43]     VAL PASS  USD_RUB            sanctions_z      lag= 14  m6_ic=0.0338
[20:50:43]     VAL PASS  USD_RUB            sanctions_z      lag= 30  m6_ic=0.0439
[20:50:43]     VAL PASS  EUR_RUB            oil_z            lag= 14  m6_ic=0.0405
[20:50:44]     VAL PASS  EUR_RUB            oil_z            lag= 30  m6_ic=0.0910
[20:50:44]     VAL PASS  EUR_RUB            rate_z           lag=  1  m6_ic=0.1435
[20:50:44]     VAL PASS  EUR_RUB            rate_z           lag= 30  m6_ic=0.0349
[20:50:44]     VAL PASS  EUR_RUB            ruble_z          lag=  1  m6_ic=0.1347
[20:50:45]     VAL PASS  EUR_RUB            ruble_z          lag=  7  m6_ic=0.1535
[20:50:45]     VAL PASS  EUR_RUB            ruble_z          lag= 14  m6_ic=0.0900
[20:50:45]     VAL PASS  EUR_RUB            sanctions_z      lag= 14  m6_ic=0.0338
[20:50:45]     VAL PASS  EUR_RUB            sanctions_z      lag= 30  m6_ic=0.0439
[20:50:46]     VAL PASS  DJ_SOUTH_AFRICA    oil_z            lag= 30  m6_ic=0.0594
[20:50:46]     VAL PASS  DJ_SOUTH_AFRICA    sanctions_z      lag=  1  m6_ic=0.0689
[20:50:47]     VAL PASS  DJ_SOUTH_AFRICA    inflation_z      lag= 30  m6_ic=0.0897
[20:50:47]     VAL PASS  DJ_SOUTH_AFRICA    banking_z        lag=  1  m6_ic=0.0329
[20:50:47]     VAL PASS  DJ_SOUTH_AFRICA    banking_z        lag=  7  m6_ic=0.0636
[20:50:48]     VAL PASS  MSCI_WORLD         oil_z            lag=  1  m6_ic=0.0304
[20:50:49]     VAL PASS  MSCI_WORLD         rate_z           lag= 14  m6_ic=0.0385
[20:50:49]     VAL PASS  MSCI_WORLD         ruble_z          lag=  1  m6_ic=0.0619
[20:50:49]     VAL PASS  MSCI_WORLD         ruble_z          lag= 30  m6_ic=0.0596
[20:50:50]     VAL PASS  MSCI_WORLD         sanctions_z      lag=  7  m6_ic=0.0977
[20:50:50]     VAL PASS  MSCI_WORLD         sanctions_z      lag= 14  m6_ic=0.0521
[20:50:50]     VAL PASS  MSCI_WORLD         inflation_z      lag= 30  m6_ic=0.1127
[20:50:50]     VAL PASS  MSCI_WORLD         banking_z        lag=  7  m6_ic=0.0324
[20:50:51]     VAL PASS  DXY                oil_z            lag= 14  m6_ic=0.0360
[20:50:51]     VAL PASS  DXY                oil_z            lag= 30  m6_ic=0.1178
[20:50:51]     VAL PASS  DXY                rate_z           lag=  1  m6_ic=0.0472
[20:50:52]     VAL PASS  DXY                rate_z           lag=  7  m6_ic=0.0570
[20:50:52]     VAL PASS  DXY                rate_z           lag= 30  m6_ic=0.0851
[20:50:52]     VAL PASS  DXY                ruble_z          lag=  7  m6_ic=0.0950
[20:50:52]     VAL PASS  DXY                sanctions_z      lag= 14  m6_ic=0.1437
[20:50:53]     VAL PASS  DXY                inflation_z      lag=  7  m6_ic=0.0928
[20:50:53]     VAL PASS  DXY                banking_z        lag=  1  m6_ic=0.0325
[20:50:53]     VAL PASS  DXY                banking_z        lag= 14  m6_ic=0.1399
[20:50:53]     VAL PASS  DXY                gold_z           lag=  7  m6_ic=0.0432
[20:50:53]     VAL PASS  DXY                gold_z           lag= 14  m6_ic=0.1087
[20:50:54]     VAL PASS  BRENT              oil_z            lag=  1  m6_ic=0.1032
[20:50:55]     VAL PASS  BRENT              ruble_z          lag= 30  m6_ic=0.0509
[20:50:55]     VAL PASS  BRENT              sanctions_z      lag=  7  m6_ic=0.0419
[20:50:56]     VAL PASS  BRENT              sanctions_z      lag= 14  m6_ic=0.0669
[20:50:56]     VAL PASS  BRENT              inflation_z      lag= 30  m6_ic=0.0981
[20:50:57]     VAL PASS  BRENT              banking_z        lag=  1  m6_ic=0.0564
[20:50:57]     VAL PASS  BRENT              banking_z        lag= 14  m6_ic=0.0605
[20:50:57]     VAL PASS  BRENT              gold_z           lag= 30  m6_ic=0.1296
[20:50:58]     VAL PASS  MSCI_INDIA         rate_z           lag= 14  m6_ic=0.0480
[20:50:58]     VAL PASS  MSCI_INDIA         ruble_z          lag= 30  m6_ic=0.1265
[20:50:59]     VAL PASS  MSCI_INDIA         sanctions_z      lag=  1  m6_ic=0.0489
[20:50:59]     VAL PASS  MSCI_INDIA         inflation_z      lag=  7  m6_ic=0.0330
[20:51:00]     VAL PASS  MSCI_INDIA         banking_z        lag=  7  m6_ic=0.0539
[20:51:00]     VAL PASS  MSCI_INDIA         gold_z           lag=  7  m6_ic=0.0649
[20:51:01]     VAL PASS  CHINA_H_SHARES     oil_z            lag=  7  m6_ic=0.1027
[20:51:01]     VAL PASS  CHINA_H_SHARES     oil_z            lag= 30  m6_ic=0.1875
[20:51:01]     VAL PASS  CHINA_H_SHARES     rate_z           lag=  1  m6_ic=0.0377
[20:51:02]     VAL PASS  CHINA_H_SHARES     rate_z           lag=  7  m6_ic=0.0334
[20:51:02]     VAL PASS  CHINA_H_SHARES     ruble_z          lag= 30  m6_ic=0.0800
[20:51:02]     VAL PASS  CHINA_H_SHARES     sanctions_z      lag=  1  m6_ic=0.1120
[20:51:02]     VAL PASS  CHINA_H_SHARES     sanctions_z      lag= 14  m6_ic=0.0458
[20:51:03]     VAL PASS  CHINA_H_SHARES     sanctions_z      lag= 30  m6_ic=0.0319
[20:51:03]     VAL PASS  CHINA_H_SHARES     inflation_z      lag=  1  m6_ic=0.1077
[20:51:03]     VAL PASS  CHINA_H_SHARES     banking_z        lag=  7  m6_ic=0.1068
[20:51:03]     VAL PASS  CHINA_H_SHARES     banking_z        lag= 30  m6_ic=0.0977
[20:51:04]     VAL PASS  CHINA_H_SHARES     gold_z           lag=  1  m6_ic=0.0505
[20:51:04]     VAL PASS  CHINA_H_SHARES     gold_z           lag=  7  m6_ic=0.0511
[20:51:04]     VAL PASS  FTSE_CHINA_50      oil_z            lag=  1  m6_ic=0.0538
[20:51:04]     VAL PASS  FTSE_CHINA_50      oil_z            lag=  7  m6_ic=0.1095
[20:51:05]     VAL PASS  FTSE_CHINA_50      oil_z            lag= 30  m6_ic=0.1354
[20:51:05]     VAL PASS  FTSE_CHINA_50      rate_z           lag=  1  m6_ic=0.1022
[20:51:05]     VAL PASS  FTSE_CHINA_50      rate_z           lag=  7  m6_ic=0.0757
[20:51:06]     VAL PASS  FTSE_CHINA_50      ruble_z          lag= 14  m6_ic=0.0397
[20:51:06]     VAL PASS  FTSE_CHINA_50      sanctions_z      lag=  7  m6_ic=0.0579
[20:51:06]     VAL PASS  FTSE_CHINA_50      sanctions_z      lag= 30  m6_ic=0.0526
[20:51:07]     VAL PASS  FTSE_CHINA_50      inflation_z      lag= 30  m6_ic=0.0831
[20:51:07]     VAL PASS  FTSE_CHINA_50      banking_z        lag=  7  m6_ic=0.0489
[20:51:07]     VAL PASS  FTSE_CHINA_50      banking_z        lag= 30  m6_ic=0.0318
[20:51:07]     VAL PASS  FTSE_CHINA_50      gold_z           lag=  1  m6_ic=0.0767
[20:51:08]     VAL PASS  FTSE_CHINA_50      gold_z           lag= 30  m6_ic=0.1237
[20:51:08]     VAL PASS  GOLD               oil_z            lag=  1  m6_ic=0.0908
[20:51:08]     VAL PASS  GOLD               oil_z            lag= 30  m6_ic=0.0629
[20:51:08]     VAL PASS  GOLD               rate_z           lag=  1  m6_ic=0.1066
[20:51:09]     VAL PASS  GOLD               rate_z           lag= 14  m6_ic=0.1597
[20:51:09]     VAL PASS  GOLD               rate_z           lag= 30  m6_ic=0.0724
[20:51:09]     VAL PASS  GOLD               sanctions_z      lag=  1  m6_ic=0.0540
[20:51:09]     VAL PASS  GOLD               sanctions_z      lag= 14  m6_ic=0.0433
[20:51:10]     VAL PASS  GOLD               inflation_z      lag=  7  m6_ic=0.0318
[20:51:10]     VAL PASS  GOLD               banking_z        lag= 30  m6_ic=0.0451
[20:51:10]     VAL PASS  GOLD               gold_z           lag=  1  m6_ic=0.0394
[20:51:11]     VAL PASS  GOLD               gold_z           lag= 14  m6_ic=0.0773
[20:51:12]     VAL PASS  SILVER             rate_z           lag=  7  m6_ic=0.1293
[20:51:12]     VAL PASS  SILVER             rate_z           lag= 14  m6_ic=0.1576
[20:51:12]     VAL PASS  SILVER             rate_z           lag= 30  m6_ic=0.0650
[20:51:12]     VAL PASS  SILVER             ruble_z          lag= 30  m6_ic=0.0850
[20:51:12]     VAL PASS  SILVER             sanctions_z      lag=  7  m6_ic=0.0517
[20:51:13]     VAL PASS  SILVER             inflation_z      lag= 30  m6_ic=0.0609
[20:51:13]     VAL PASS  SILVER             banking_z        lag=  1  m6_ic=0.0796
[20:51:13]     VAL PASS  SILVER             banking_z        lag= 14  m6_ic=0.0997
[20:51:13]     VAL PASS  SILVER             banking_z        lag= 30  m6_ic=0.0700
[20:51:14]     VAL PASS  SILVER             gold_z           lag=  1  m6_ic=0.0474
[20:51:14]     VAL PASS  SILVER             gold_z           lag= 14  m6_ic=0.0687
[20:51:14]     VAL PASS  SILVER             gold_z           lag= 30  m6_ic=0.0849
[20:51:14]     VAL PASS  IMOEX              oil_z            lag=  1  m6_ic=0.0631
[20:51:14]     VAL PASS  IMOEX              rate_z           lag=  1  m6_ic=0.0323
[20:51:15]     VAL PASS  IMOEX              rate_z           lag= 14  m6_ic=0.0584
[20:51:15]     VAL PASS  IMOEX              rate_z           lag= 30  m6_ic=0.0648
[20:51:16]     VAL PASS  IMOEX              ruble_z          lag= 14  m6_ic=0.0858
[20:51:16]     VAL PASS  IMOEX              sanctions_z      lag= 14  m6_ic=0.1077
[20:51:16]     VAL PASS  IMOEX              inflation_z      lag=  1  m6_ic=0.0944
[20:51:16]     VAL PASS  IMOEX              inflation_z      lag= 30  m6_ic=0.0594
[20:51:17]     VAL PASS  IMOEX              banking_z        lag= 30  m6_ic=0.0422
[20:51:17]     VAL PASS  IMOEX              gold_z           lag=  1  m6_ic=0.0365
[20:51:17]     VAL PASS  IMOEX              gold_z           lag= 30  m6_ic=0.1228
[20:51:17]     VAL PASS  MOEXFN             oil_z            lag=  1  m6_ic=0.1353
[20:51:18]     VAL PASS  MOEXFN             oil_z            lag= 14  m6_ic=0.0365
[20:51:18]     VAL PASS  MOEXFN             rate_z           lag= 14  m6_ic=0.0341
[20:51:18]     VAL PASS  MOEXFN             rate_z           lag= 30  m6_ic=0.0700
[20:51:19]     VAL PASS  MOEXFN             ruble_z          lag= 14  m6_ic=0.0594
[20:51:19]     VAL PASS  MOEXFN             sanctions_z      lag=  1  m6_ic=0.0574
[20:51:19]     VAL PASS  MOEXFN             sanctions_z      lag=  7  m6_ic=0.0677
[20:51:19]     VAL PASS  MOEXFN             inflation_z      lag=  1  m6_ic=0.1187
[20:51:20]     VAL PASS  MOEXFN             inflation_z      lag= 30  m6_ic=0.0354
[20:51:20]     VAL PASS  MOEXFN             banking_z        lag= 14  m6_ic=0.0309
[20:51:21]     VAL PASS  MOEXOG             oil_z            lag=  1  m6_ic=0.0449
[20:51:21]     VAL PASS  MOEXOG             oil_z            lag=  7  m6_ic=0.0438
[20:51:21]     VAL PASS  MOEXOG             ruble_z          lag=  1  m6_ic=0.0370
[20:51:22]     VAL PASS  MOEXOG             sanctions_z      lag=  7  m6_ic=0.0375
[20:51:22]     VAL PASS  MOEXOG             sanctions_z      lag= 14  m6_ic=0.0866
[20:51:22]     VAL PASS  MOEXOG             sanctions_z      lag= 30  m6_ic=0.1425
[20:51:22]     VAL PASS  MOEXOG             inflation_z      lag=  1  m6_ic=0.0766
[20:51:23]     VAL PASS  MOEXOG             inflation_z      lag= 30  m6_ic=0.0440
[20:51:23]     VAL PASS  MOEXOG             gold_z           lag=  7  m6_ic=0.0391
[20:51:24]     VAL PASS  MOEXOG             gold_z           lag= 30  m6_ic=0.1182
[20:51:24]     VAL PASS  MOEX10             oil_z            lag=  1  m6_ic=0.0731
[20:51:24]     VAL PASS  MOEX10             oil_z            lag=  7  m6_ic=0.0389
[20:51:24]     VAL PASS  MOEX10             oil_z            lag= 14  m6_ic=0.1335
[20:51:25]     VAL PASS  MOEX10             rate_z           lag= 30  m6_ic=0.1275
[20:51:25]     VAL PASS  MOEX10             ruble_z          lag= 14  m6_ic=0.0695
[20:51:25]     VAL PASS  MOEX10             sanctions_z      lag=  7  m6_ic=0.0474
[20:51:26]     VAL PASS  MOEX10             sanctions_z      lag= 30  m6_ic=0.0620
[20:51:26]     VAL PASS  MOEX10             inflation_z      lag=  1  m6_ic=0.0563
[20:51:26]     VAL PASS  MOEX10             inflation_z      lag= 30  m6_ic=0.0443
[20:51:26]     VAL PASS  MOEX10             banking_z        lag= 14  m6_ic=0.0462
[20:51:27]     VAL PASS  MOEX10             gold_z           lag= 14  m6_ic=0.0630
[20:51:27]     VAL PASS  MOEX10             gold_z           lag= 30  m6_ic=0.0901
[20:51:27]     Val: 156/239 held
[20:51:27]   → train=239  val=156  max_ic=0.1764  score=2532.3
[20:51:27] 
============================================================
[20:51:27] FINAL REPORT
[20:51:27] ============================================================
[20:51:27] Report: C:\project\signal_mind\analytics\phase_b\night_search\night_report_20260520_203734.md
[20:51:27] Hits CSV: C:\project\signal_mind\analytics\phase_b\night_search\night_hits_20260520_203734.csv
[20:51:27] 
[7/15] sweep_keyword_z30_market_return  (budget=52min)
[20:51:27]   Config: sweep_keyword_z30_market_return
[20:51:27]     feature=keyword_z30  target=market_return  ensemble=M6_only  ic_min=0.03
[20:51:27]   HIT  SP500              oil_z            lag=  7 m5_p=0.8254  m6_ic=0.0637
[20:51:28]   HIT  SP500              oil_z            lag= 14 m5_p=0.7170  m6_ic=0.0936
[20:51:28]   HIT  SP500              oil_z            lag= 30 m5_p=0.2916  m6_ic=0.0516
[20:51:28]   HIT  SP500              rate_z           lag=  7 m5_p=0.7357  m6_ic=0.0370
[20:51:28]   HIT  SP500              rate_z           lag= 14 m5_p=0.9951  m6_ic=0.0679
[20:51:30]   HIT  SP500              ruble_z          lag= 30 m5_p=0.2154  m6_ic=0.0653
[20:51:30]   HIT  SP500              sanctions_z      lag= 14 m5_p=0.6295  m6_ic=0.0724
[20:51:31]   HIT  SP500              inflation_z      lag=  1 m5_p=0.5734  m6_ic=0.0578
[20:51:31]   HIT  SP500              inflation_z      lag=  7 m5_p=0.6216  m6_ic=0.0540
[20:51:32]   HIT  SP500              banking_z        lag=  7 m5_p=0.3767  m6_ic=0.0412
[20:51:32]   HIT  SP500              gold_z           lag=  7 m5_p=0.8404  m6_ic=0.1002
[20:51:33]   HIT  SP500              gold_z           lag= 14 m5_p=0.7661  m6_ic=0.0678
[20:51:33]   HIT  USD_RUB            oil_z            lag=  1 m5_p=0.5610  m6_ic=0.0303
[20:51:33]   HIT  USD_RUB            oil_z            lag=  7 m5_p=0.7301  m6_ic=0.0640
[20:51:33]   HIT  USD_RUB            oil_z            lag= 14 m5_p=0.5573  m6_ic=0.0307
[20:51:34]   HIT  USD_RUB            oil_z            lag= 30 m5_p=0.3761  m6_ic=0.0323
[20:51:34]   HIT  USD_RUB            rate_z           lag=  1 m5_p=0.9476  m6_ic=0.0959
[20:51:34]   HIT  USD_RUB            rate_z           lag= 14 m5_p=0.2823  m6_ic=0.0381
[20:51:35]   HIT  USD_RUB            ruble_z          lag=  1 m5_p=0.1170  m6_ic=0.0586
[20:51:35]   HIT  USD_RUB            ruble_z          lag=  7 m5_p=0.0983  m6_ic=0.0333
[20:51:35]   HIT  USD_RUB            ruble_z          lag= 14 m5_p=0.6695  m6_ic=0.1068
[20:51:35]   HIT  USD_RUB            ruble_z          lag= 30 m5_p=0.2572  m6_ic=0.0303
[20:51:36]   HIT  USD_RUB            sanctions_z      lag=  1 m5_p=0.1513  m6_ic=0.0917
[20:51:36]   HIT  USD_RUB            sanctions_z      lag=  7 m5_p=0.0612  m6_ic=0.0407
[20:51:36]   HIT  USD_RUB            sanctions_z      lag= 30 m5_p=0.0838  m6_ic=0.0403
[20:51:37]   HIT  USD_RUB            inflation_z      lag=  7 m5_p=0.4905  m6_ic=0.0813
[20:51:37]   HIT  USD_RUB            inflation_z      lag= 14 m5_p=0.2798  m6_ic=0.0500
[20:51:37]   HIT  USD_RUB            inflation_z      lag= 30 m5_p=0.6349  m6_ic=0.0538
[20:51:37]   HIT  USD_RUB            banking_z        lag=  1 m5_p=0.7376  m6_ic=0.0572
[20:51:38]   HIT  USD_RUB            banking_z        lag=  7 m5_p=0.1520  m6_ic=0.0568
[20:51:38]   HIT  USD_RUB            banking_z        lag= 30 m5_p=0.8190  m6_ic=0.0656
[20:51:39]   HIT  EUR_RUB            oil_z            lag=  1 m5_p=0.5610  m6_ic=0.0303
[20:51:40]   HIT  EUR_RUB            oil_z            lag=  7 m5_p=0.7301  m6_ic=0.0640
[20:51:40]   HIT  EUR_RUB            oil_z            lag= 14 m5_p=0.5573  m6_ic=0.0307
[20:51:40]   HIT  EUR_RUB            oil_z            lag= 30 m5_p=0.3761  m6_ic=0.0323
[20:51:40]   HIT  EUR_RUB            rate_z           lag=  1 m5_p=0.9476  m6_ic=0.0959
[20:51:41]   HIT  EUR_RUB            rate_z           lag= 14 m5_p=0.2823  m6_ic=0.0381
[20:51:41]   HIT  EUR_RUB            ruble_z          lag=  1 m5_p=0.1170  m6_ic=0.0586
[20:51:41]   HIT  EUR_RUB            ruble_z          lag=  7 m5_p=0.0983  m6_ic=0.0333
[20:51:41]   HIT  EUR_RUB            ruble_z          lag= 14 m5_p=0.6695  m6_ic=0.1068
[20:51:42]   HIT  EUR_RUB            ruble_z          lag= 30 m5_p=0.2572  m6_ic=0.0303
[20:51:42]   HIT  EUR_RUB            sanctions_z      lag=  1 m5_p=0.1513  m6_ic=0.0917
[20:51:42]   HIT  EUR_RUB            sanctions_z      lag=  7 m5_p=0.0612  m6_ic=0.0407
[20:51:42]   HIT  EUR_RUB            sanctions_z      lag= 30 m5_p=0.0838  m6_ic=0.0403
[20:51:43]   HIT  EUR_RUB            inflation_z      lag=  7 m5_p=0.4905  m6_ic=0.0813
[20:51:43]   HIT  EUR_RUB            inflation_z      lag= 14 m5_p=0.2798  m6_ic=0.0500
[20:51:43]   HIT  EUR_RUB            inflation_z      lag= 30 m5_p=0.6349  m6_ic=0.0538
[20:51:43]   HIT  EUR_RUB            banking_z        lag=  1 m5_p=0.7376  m6_ic=0.0572
[20:51:44]   HIT  EUR_RUB            banking_z        lag=  7 m5_p=0.1520  m6_ic=0.0568
[20:51:44]   HIT  EUR_RUB            banking_z        lag= 30 m5_p=0.8190  m6_ic=0.0656
[20:51:45]   HIT  DJ_SOUTH_AFRICA    oil_z            lag= 14 m5_p=0.2445  m6_ic=0.0489
[20:51:46]   HIT  DJ_SOUTH_AFRICA    rate_z           lag=  1 m5_p=0.6268  m6_ic=0.0775
[20:51:46]   HIT  DJ_SOUTH_AFRICA    rate_z           lag=  7 m5_p=0.8298  m6_ic=0.0342
[20:51:46]   HIT  DJ_SOUTH_AFRICA    rate_z           lag= 30 m5_p=0.6839  m6_ic=0.0726
[20:51:47]   HIT  DJ_SOUTH_AFRICA    ruble_z          lag=  1 m5_p=0.1001  m6_ic=0.0534
[20:51:47]   HIT  DJ_SOUTH_AFRICA    ruble_z          lag=  7 m5_p=0.4065  m6_ic=0.0595
[20:51:47]   HIT  DJ_SOUTH_AFRICA    ruble_z          lag= 30 m5_p=0.5463  m6_ic=0.0461
[20:51:47]   HIT  DJ_SOUTH_AFRICA    sanctions_z      lag=  1 m5_p=0.7442  m6_ic=0.0604
[20:51:48]   HIT  DJ_SOUTH_AFRICA    sanctions_z      lag= 14 m5_p=0.0128  m6_ic=0.0833
[20:51:48]   HIT  DJ_SOUTH_AFRICA    sanctions_z      lag= 30 m5_p=0.2280  m6_ic=0.1116
[20:51:48]   HIT  DJ_SOUTH_AFRICA    inflation_z      lag=  7 m5_p=0.0980  m6_ic=0.1431
[20:51:49]   HIT  DJ_SOUTH_AFRICA    banking_z        lag=  1 m5_p=0.3162  m6_ic=0.0328
[20:51:50]   HIT  DJ_SOUTH_AFRICA    banking_z        lag= 30 m5_p=0.2699  m6_ic=0.0477
[20:51:50]   HIT  DJ_SOUTH_AFRICA    gold_z           lag=  7 m5_p=0.8091  m6_ic=0.0329
[20:51:50]   HIT  DJ_SOUTH_AFRICA    gold_z           lag= 30 m5_p=0.8393  m6_ic=0.1079
[20:51:51]   HIT  MSCI_WORLD         oil_z            lag= 14 m5_p=0.2593  m6_ic=0.0384
[20:51:52]   HIT  MSCI_WORLD         rate_z           lag= 14 m5_p=0.5906  m6_ic=0.0762
[20:51:52]   HIT  MSCI_WORLD         rate_z           lag= 30 m5_p=0.7262  m6_ic=0.0625
[20:51:52]   HIT  MSCI_WORLD         ruble_z          lag=  1 m5_p=0.9537  m6_ic=0.0402
[20:51:52]   HIT  MSCI_WORLD         ruble_z          lag=  7 m5_p=0.8457  m6_ic=0.0720
[20:51:53]   HIT  MSCI_WORLD         sanctions_z      lag=  1 m5_p=0.8301  m6_ic=0.0666
[20:51:53]   HIT  MSCI_WORLD         sanctions_z      lag= 14 m5_p=0.0116  m6_ic=0.0751
[20:51:54]   HIT  MSCI_WORLD         inflation_z      lag=  1 m5_p=0.3657  m6_ic=0.0524
[20:51:55]   HIT  MSCI_WORLD         banking_z        lag= 30 m5_p=0.8740  m6_ic=0.0714
[20:51:56]   HIT  MSCI_WORLD         gold_z           lag= 14 m5_p=0.2426  m6_ic=0.0489
[20:51:56]   HIT  MSCI_WORLD         gold_z           lag= 30 m5_p=0.9033  m6_ic=0.1028
[20:51:56]   HIT  DXY                oil_z            lag=  1 m5_p=0.0363  m6_ic=0.0493
[20:51:56]   HIT  DXY                oil_z            lag=  7 m5_p=0.4332  m6_ic=0.0514
[20:51:57]   HIT  DXY                oil_z            lag= 30 m5_p=0.9929  m6_ic=0.0315
[20:51:57]   HIT  DXY                rate_z           lag=  1 m5_p=0.0870  m6_ic=0.0481
[20:51:57]   HIT  DXY                rate_z           lag=  7 m5_p=0.2159  m6_ic=0.0660
[20:51:57]   HIT  DXY                rate_z           lag= 14 m5_p=0.4269  m6_ic=0.0606
[20:51:58]   HIT  DXY                rate_z           lag= 30 m5_p=0.1851  m6_ic=0.0488
[20:51:58]   HIT  DXY                ruble_z          lag=  1 m5_p=0.5830  m6_ic=0.0457
[20:51:58]   HIT  DXY                ruble_z          lag= 14 m5_p=0.3215  m6_ic=0.0417
[20:51:59]   HIT  DXY                sanctions_z      lag= 30 m5_p=0.7737  m6_ic=0.0507
[20:52:00]   HIT  DXY                inflation_z      lag=  7 m5_p=0.3826  m6_ic=0.0533
[20:52:00]   HIT  DXY                inflation_z      lag= 14 m5_p=0.8770  m6_ic=0.0450
[20:52:00]   HIT  DXY                banking_z        lag=  1 m5_p=0.1827  m6_ic=0.0520
[20:52:01]   HIT  DXY                banking_z        lag=  7 m5_p=0.7330  m6_ic=0.0326
[20:52:01]   HIT  DXY                banking_z        lag= 14 m5_p=0.9784  m6_ic=0.0366
[20:52:01]   HIT  DXY                gold_z           lag=  7 m5_p=0.1562  m6_ic=0.0631
[20:52:02]   HIT  DXY                gold_z           lag= 14 m5_p=0.7091  m6_ic=0.0767
[20:52:02]   HIT  BRENT              oil_z            lag=  7 m5_p=0.7839  m6_ic=0.0578
[20:52:03]   HIT  BRENT              oil_z            lag= 30 m5_p=0.7896  m6_ic=0.0534
[20:52:03]   HIT  BRENT              rate_z           lag=  1 m5_p=0.4639  m6_ic=0.0489
[20:52:04]   HIT  BRENT              rate_z           lag= 30 m5_p=0.7557  m6_ic=0.1055
[20:52:04]   HIT  BRENT              ruble_z          lag=  1 m5_p=0.1300  m6_ic=0.0318
[20:52:04]   HIT  BRENT              ruble_z          lag=  7 m5_p=0.3462  m6_ic=0.0456
[20:52:04]   HIT  BRENT              ruble_z          lag= 14 m5_p=0.3931  m6_ic=0.0431
[20:52:04]   HIT  BRENT              ruble_z          lag= 30 m5_p=0.3398  m6_ic=0.0647
[20:52:04]   HIT  BRENT              sanctions_z      lag=  1 m5_p=0.9551  m6_ic=0.0360
[20:52:05]   HIT  BRENT              sanctions_z      lag=  7 m5_p=0.7252  m6_ic=0.0542
[20:52:05]   HIT  BRENT              sanctions_z      lag= 14 m5_p=0.2424  m6_ic=0.0325
[20:52:05]   HIT  BRENT              inflation_z      lag=  1 m5_p=0.3106  m6_ic=0.0379
[20:52:05]   HIT  BRENT              inflation_z      lag=  7 m5_p=0.8715  m6_ic=0.0712
[20:52:06]   HIT  BRENT              inflation_z      lag= 14 m5_p=0.9169  m6_ic=0.0952
[20:52:06]   HIT  BRENT              banking_z        lag=  1 m5_p=0.8083  m6_ic=0.0307
[20:52:07]   HIT  BRENT              gold_z           lag=  1 m5_p=0.2283  m6_ic=0.0394
[20:52:07]   HIT  BRENT              gold_z           lag=  7 m5_p=0.5565  m6_ic=0.0647
[20:52:07]   HIT  BRENT              gold_z           lag= 14 m5_p=0.4285  m6_ic=0.0621
[20:52:07]   HIT  BRENT              gold_z           lag= 30 m5_p=0.5484  m6_ic=0.0543
[20:52:08]   HIT  MSCI_INDIA         oil_z            lag= 30 m5_p=0.7651  m6_ic=0.0559
[20:52:09]   HIT  MSCI_INDIA         rate_z           lag=  7 m5_p=0.8927  m6_ic=0.1361
[20:52:09]   HIT  MSCI_INDIA         rate_z           lag= 14 m5_p=0.4433  m6_ic=0.0622
[20:52:09]   HIT  MSCI_INDIA         rate_z           lag= 30 m5_p=0.8638  m6_ic=0.0670
[20:52:09]   HIT  MSCI_INDIA         ruble_z          lag=  7 m5_p=0.4872  m6_ic=0.0582
[20:52:10]   HIT  MSCI_INDIA         ruble_z          lag= 30 m5_p=0.9102  m6_ic=0.0868
[20:52:10]   HIT  MSCI_INDIA         sanctions_z      lag=  7 m5_p=0.7171  m6_ic=0.0578
[20:52:10]   HIT  MSCI_INDIA         sanctions_z      lag= 14 m5_p=0.1846  m6_ic=0.0535
[20:52:11]   HIT  MSCI_INDIA         sanctions_z      lag= 30 m5_p=0.7792  m6_ic=0.0746
[20:52:11]   HIT  MSCI_INDIA         inflation_z      lag=  1 m5_p=0.6167  m6_ic=0.0647
[20:52:11]   HIT  MSCI_INDIA         inflation_z      lag= 14 m5_p=0.4628  m6_ic=0.0468
[20:52:12]   HIT  MSCI_INDIA         inflation_z      lag= 30 m5_p=0.6596  m6_ic=0.1025
[20:52:12]   HIT  MSCI_INDIA         banking_z        lag=  1 m5_p=0.5225  m6_ic=0.0366
[20:52:12]   HIT  MSCI_INDIA         banking_z        lag=  7 m5_p=0.8542  m6_ic=0.0774
[20:52:12]   HIT  MSCI_INDIA         banking_z        lag= 30 m5_p=0.5461  m6_ic=0.0413
[20:52:13]   HIT  MSCI_INDIA         gold_z           lag=  1 m5_p=0.6699  m6_ic=0.0731
[20:52:13]   HIT  MSCI_INDIA         gold_z           lag=  7 m5_p=0.7335  m6_ic=0.0816
[20:52:13]   HIT  MSCI_INDIA         gold_z           lag= 14 m5_p=0.2159  m6_ic=0.0415
[20:52:13]   HIT  CHINA_H_SHARES     oil_z            lag=  1 m5_p=0.5007  m6_ic=0.0682
[20:52:14]   HIT  CHINA_H_SHARES     oil_z            lag= 14 m5_p=0.9264  m6_ic=0.0303
[20:52:14]   HIT  CHINA_H_SHARES     oil_z            lag= 30 m5_p=0.7034  m6_ic=0.0355
[20:52:14]   HIT  CHINA_H_SHARES     rate_z           lag=  1 m5_p=0.0394  m6_ic=0.0625
[20:52:14]   HIT  CHINA_H_SHARES     rate_z           lag=  7 m5_p=0.9527  m6_ic=0.0309
[20:52:15]   HIT  CHINA_H_SHARES     rate_z           lag= 30 m5_p=0.2030  m6_ic=0.0536
[20:52:16]   HIT  CHINA_H_SHARES     ruble_z          lag= 30 m5_p=0.8266  m6_ic=0.1344
[20:52:16]   HIT  CHINA_H_SHARES     sanctions_z      lag=  7 m5_p=0.5359  m6_ic=0.0714
[20:52:17]   HIT  CHINA_H_SHARES     inflation_z      lag=  7 m5_p=0.2935  m6_ic=0.0476
[20:52:17]   HIT  CHINA_H_SHARES     inflation_z      lag= 14 m5_p=0.9861  m6_ic=0.0413
[20:52:17]   HIT  CHINA_H_SHARES     inflation_z      lag= 30 m5_p=0.3077  m6_ic=0.0691
[20:52:18]   HIT  CHINA_H_SHARES     banking_z        lag=  7 m5_p=0.9120  m6_ic=0.0448
[20:52:18]   HIT  CHINA_H_SHARES     banking_z        lag= 30 m5_p=0.9935  m6_ic=0.0303
[20:52:18]   HIT  CHINA_H_SHARES     gold_z           lag=  7 m5_p=0.2118  m6_ic=0.0623
[20:52:19]   HIT  CHINA_H_SHARES     gold_z           lag= 14 m5_p=0.3874  m6_ic=0.0751
[20:52:19]   HIT  CHINA_H_SHARES     gold_z           lag= 30 m5_p=0.8381  m6_ic=0.1381
[20:52:19]   HIT  FTSE_CHINA_50      oil_z            lag=  1 m5_p=0.4869  m6_ic=0.0508
[20:52:19]   HIT  FTSE_CHINA_50      oil_z            lag=  7 m5_p=0.5115  m6_ic=0.0432
[20:52:20]   HIT  FTSE_CHINA_50      rate_z           lag=  1 m5_p=0.0335  m6_ic=0.0535
[20:52:20]   HIT  FTSE_CHINA_50      rate_z           lag= 30 m5_p=0.1565  m6_ic=0.0537
[20:52:21]   HIT  FTSE_CHINA_50      ruble_z          lag= 30 m5_p=0.6544  m6_ic=0.1647
[20:52:22]   HIT  FTSE_CHINA_50      sanctions_z      lag=  7 m5_p=0.4652  m6_ic=0.0412
[20:52:22]   HIT  FTSE_CHINA_50      sanctions_z      lag= 14 m5_p=0.6119  m6_ic=0.0333
[20:52:23]   HIT  FTSE_CHINA_50      inflation_z      lag=  7 m5_p=0.1893  m6_ic=0.0572
[20:52:23]   HIT  FTSE_CHINA_50      inflation_z      lag= 30 m5_p=0.2971  m6_ic=0.0659
[20:52:23]   HIT  FTSE_CHINA_50      banking_z        lag=  7 m5_p=0.9990  m6_ic=0.0715
[20:52:24]   HIT  FTSE_CHINA_50      banking_z        lag= 30 m5_p=0.6948  m6_ic=0.0381
[20:52:24]   HIT  FTSE_CHINA_50      gold_z           lag= 14 m5_p=0.4126  m6_ic=0.0722
[20:52:24]   HIT  FTSE_CHINA_50      gold_z           lag= 30 m5_p=0.6982  m6_ic=0.1673
[20:52:25]   HIT  GOLD               oil_z            lag= 14 m5_p=0.9423  m6_ic=0.0494
[20:52:25]   HIT  GOLD               oil_z            lag= 30 m5_p=0.8657  m6_ic=0.0466
[20:52:26]   HIT  GOLD               rate_z           lag= 14 m5_p=0.2299  m6_ic=0.0556
[20:52:26]   HIT  GOLD               rate_z           lag= 30 m5_p=0.8995  m6_ic=0.0703
[20:52:26]   HIT  GOLD               ruble_z          lag=  7 m5_p=0.8962  m6_ic=0.0833
[20:52:27]   HIT  GOLD               ruble_z          lag= 30 m5_p=0.5798  m6_ic=0.1072
[20:52:28]   HIT  GOLD               sanctions_z      lag= 30 m5_p=0.0589  m6_ic=0.0337
[20:52:28]   HIT  GOLD               inflation_z      lag=  1 m5_p=0.2236  m6_ic=0.0706
[20:52:28]   HIT  GOLD               inflation_z      lag=  7 m5_p=0.0360  m6_ic=0.0828
[20:52:28]   HIT  GOLD               inflation_z      lag= 14 m5_p=0.2796  m6_ic=0.0821
[20:52:29]   HIT  GOLD               banking_z        lag=  7 m5_p=0.1881  m6_ic=0.0517
[20:52:29]   HIT  GOLD               gold_z           lag=  7 m5_p=0.8343  m6_ic=0.0883
[20:52:30]   HIT  GOLD               gold_z           lag= 14 m5_p=0.0620  m6_ic=0.0426
[20:52:30]   HIT  GOLD               gold_z           lag= 30 m5_p=0.4217  m6_ic=0.1003
[20:52:31]   HIT  SILVER             oil_z            lag= 30 m5_p=0.5578  m6_ic=0.0395
[20:52:31]   HIT  SILVER             rate_z           lag=  1 m5_p=0.3262  m6_ic=0.1287
[20:52:31]   HIT  SILVER             rate_z           lag=  7 m5_p=0.4661  m6_ic=0.1086
[20:52:31]   HIT  SILVER             rate_z           lag= 30 m5_p=0.3550  m6_ic=0.0769
[20:52:32]   HIT  SILVER             ruble_z          lag=  7 m5_p=0.4738  m6_ic=0.1011
[20:52:32]   HIT  SILVER             ruble_z          lag= 30 m5_p=0.9263  m6_ic=0.1441
[20:52:32]   HIT  SILVER             sanctions_z      lag=  1 m5_p=0.0249  m6_ic=0.0386
[20:52:32]   HIT  SILVER             sanctions_z      lag=  7 m5_p=0.7252  m6_ic=0.0312
[20:52:33]   HIT  SILVER             sanctions_z      lag= 14 m5_p=0.1365  m6_ic=0.0670
[20:52:33]   HIT  SILVER             sanctions_z      lag= 30 m5_p=0.2364  m6_ic=0.0555
[20:52:33]   HIT  SILVER             inflation_z      lag=  7 m5_p=0.3122  m6_ic=0.1119
[20:52:34]   HIT  SILVER             inflation_z      lag= 30 m5_p=0.6434  m6_ic=0.0400
[20:52:34]   HIT  SILVER             banking_z        lag=  1 m5_p=0.7370  m6_ic=0.0924
[20:52:34]   HIT  SILVER             banking_z        lag=  7 m5_p=0.5184  m6_ic=0.0301
[20:52:35]   HIT  SILVER             gold_z           lag=  1 m5_p=0.0584  m6_ic=0.0631
[20:52:35]   HIT  SILVER             gold_z           lag=  7 m5_p=0.7577  m6_ic=0.0361
[20:52:35]   HIT  SILVER             gold_z           lag= 30 m5_p=0.4651  m6_ic=0.0403
[20:52:35]   HIT  IMOEX              oil_z            lag=  1 m5_p=0.3571  m6_ic=0.0696
[20:52:36]   HIT  IMOEX              oil_z            lag= 30 m5_p=0.6406  m6_ic=0.0514
[20:52:37]   HIT  IMOEX              rate_z           lag= 14 m5_p=0.2562  m6_ic=0.0502
[20:52:37]   HIT  IMOEX              rate_z           lag= 30 m5_p=0.6107  m6_ic=0.1322
[20:52:37]   HIT  IMOEX              ruble_z          lag=  1 m5_p=0.9408  m6_ic=0.0597
[20:52:37]   HIT  IMOEX              ruble_z          lag=  7 m5_p=0.0458  m6_ic=0.0690
[20:52:38]   HIT  IMOEX              ruble_z          lag= 30 m5_p=0.9180  m6_ic=0.0665
[20:52:38]   HIT  IMOEX              sanctions_z      lag=  1 m5_p=0.2181  m6_ic=0.0803
[20:52:38]   HIT  IMOEX              sanctions_z      lag= 14 m5_p=0.6950  m6_ic=0.0354
[20:52:39]   HIT  IMOEX              inflation_z      lag= 14 m5_p=0.5925  m6_ic=0.0569
[20:52:39]   HIT  IMOEX              banking_z        lag=  7 m5_p=0.2841  m6_ic=0.0595
[20:52:40]   HIT  IMOEX              banking_z        lag= 30 m5_p=0.1178  m6_ic=0.0730
[20:52:40]   HIT  IMOEX              gold_z           lag=  1 m5_p=0.4821  m6_ic=0.0339
[20:52:40]   HIT  IMOEX              gold_z           lag=  7 m5_p=0.4466  m6_ic=0.0328
[20:52:41]   HIT  IMOEX              gold_z           lag= 30 m5_p=0.2917  m6_ic=0.0386
[20:52:41]   HIT  MOEXFN             oil_z            lag=  1 m5_p=0.5560  m6_ic=0.0727
[20:52:41]   HIT  MOEXFN             oil_z            lag= 14 m5_p=0.6731  m6_ic=0.0373
[20:52:41]   HIT  MOEXFN             oil_z            lag= 30 m5_p=0.9520  m6_ic=0.0368
[20:52:42]   HIT  MOEXFN             rate_z           lag=  1 m5_p=0.5857  m6_ic=0.0614
[20:52:42]   HIT  MOEXFN             rate_z           lag=  7 m5_p=0.0649  m6_ic=0.0671
[20:52:42]   HIT  MOEXFN             rate_z           lag= 30 m5_p=0.6743  m6_ic=0.0361
[20:52:43]   HIT  MOEXFN             ruble_z          lag=  7 m5_p=0.2908  m6_ic=0.0524
[20:52:43]   HIT  MOEXFN             sanctions_z      lag=  1 m5_p=0.0248  m6_ic=0.0434
[20:52:43]   HIT  MOEXFN             sanctions_z      lag=  7 m5_p=0.7560  m6_ic=0.0796
[20:52:44]   HIT  MOEXFN             sanctions_z      lag= 14 m5_p=0.4188  m6_ic=0.0373
[20:52:44]   HIT  MOEXFN             sanctions_z      lag= 30 m5_p=0.7065  m6_ic=0.0382
[20:52:44]   HIT  MOEXFN             inflation_z      lag=  7 m5_p=0.1289  m6_ic=0.0524
[20:52:45]   HIT  MOEXFN             banking_z        lag=  1 m5_p=0.9847  m6_ic=0.0305
[20:52:45]   HIT  MOEXFN             banking_z        lag=  7 m5_p=0.6786  m6_ic=0.1007
[20:52:45]   HIT  MOEXFN             banking_z        lag= 14 m5_p=0.2242  m6_ic=0.0325
[20:52:45]   HIT  MOEXFN             banking_z        lag= 30 m5_p=0.3350  m6_ic=0.0362
[20:52:46]   HIT  MOEXFN             gold_z           lag=  1 m5_p=0.4996  m6_ic=0.0451
[20:52:46]   HIT  MOEXFN             gold_z           lag= 30 m5_p=0.7046  m6_ic=0.0342
[20:52:46]   HIT  MOEXOG             oil_z            lag=  1 m5_p=0.3724  m6_ic=0.0631
[20:52:47]   HIT  MOEXOG             oil_z            lag= 30 m5_p=0.4142  m6_ic=0.0327
[20:52:47]   HIT  MOEXOG             rate_z           lag=  1 m5_p=0.4612  m6_ic=0.0707
[20:52:48]   HIT  MOEXOG             rate_z           lag= 14 m5_p=0.2424  m6_ic=0.0662
[20:52:48]   HIT  MOEXOG             ruble_z          lag=  1 m5_p=0.8949  m6_ic=0.1057
[20:52:48]   HIT  MOEXOG             ruble_z          lag= 14 m5_p=0.7465  m6_ic=0.0580
[20:52:48]   HIT  MOEXOG             ruble_z          lag= 30 m5_p=0.7976  m6_ic=0.0729
[20:52:49]   HIT  MOEXOG             sanctions_z      lag= 30 m5_p=0.9910  m6_ic=0.0468
[20:52:50]   HIT  MOEXOG             inflation_z      lag= 14 m5_p=0.8699  m6_ic=0.0607
[20:52:50]   HIT  MOEXOG             inflation_z      lag= 30 m5_p=0.6597  m6_ic=0.0801
[20:52:50]   HIT  MOEXOG             banking_z        lag=  1 m5_p=0.6315  m6_ic=0.0497
[20:52:51]   HIT  MOEXOG             gold_z           lag=  1 m5_p=0.3783  m6_ic=0.0514
[20:52:51]   HIT  MOEXOG             gold_z           lag=  7 m5_p=0.5586  m6_ic=0.0352
[20:52:52]   HIT  MOEX10             oil_z            lag=  1 m5_p=0.5139  m6_ic=0.0434
[20:52:52]   HIT  MOEX10             oil_z            lag=  7 m5_p=0.5069  m6_ic=0.0678
[20:52:52]   HIT  MOEX10             oil_z            lag= 14 m5_p=0.9103  m6_ic=0.0741
[20:52:53]   HIT  MOEX10             rate_z           lag= 30 m5_p=0.7390  m6_ic=0.0537
[20:52:53]   HIT  MOEX10             ruble_z          lag=  1 m5_p=0.6965  m6_ic=0.0453
[20:52:54]   HIT  MOEX10             ruble_z          lag=  7 m5_p=0.2110  m6_ic=0.0537
[20:52:54]   HIT  MOEX10             ruble_z          lag= 14 m5_p=0.6922  m6_ic=0.0383
[20:52:54]   HIT  MOEX10             ruble_z          lag= 30 m5_p=0.9554  m6_ic=0.0429
[20:52:54]   HIT  MOEX10             sanctions_z      lag=  1 m5_p=0.1513  m6_ic=0.0704
[20:52:55]   HIT  MOEX10             sanctions_z      lag=  7 m5_p=0.3906  m6_ic=0.0342
[20:52:55]   HIT  MOEX10             sanctions_z      lag= 14 m5_p=0.3927  m6_ic=0.0471
[20:52:55]   HIT  MOEX10             sanctions_z      lag= 30 m5_p=0.5885  m6_ic=0.0451
[20:52:55]   HIT  MOEX10             inflation_z      lag=  7 m5_p=0.1923  m6_ic=0.0489
[20:52:55]   HIT  MOEX10             inflation_z      lag= 14 m5_p=0.7230  m6_ic=0.0916
[20:52:56]   HIT  MOEX10             inflation_z      lag= 30 m5_p=0.7268  m6_ic=0.0455
[20:52:56]   HIT  MOEX10             banking_z        lag=  1 m5_p=0.8517  m6_ic=0.0351
[20:52:56]   HIT  MOEX10             banking_z        lag=  7 m5_p=0.3048  m6_ic=0.0330
[20:52:57]   HIT  MOEX10             gold_z           lag=  1 m5_p=0.6710  m6_ic=0.0428
[20:52:57]   HIT  MOEX10             gold_z           lag=  7 m5_p=0.2770  m6_ic=0.0721
[20:52:57]   HIT  MOEX10             gold_z           lag= 14 m5_p=0.9879  m6_ic=0.0520
[20:52:57]     Train: 256 signals
[20:52:57]     Val holdout (256 candidates)...
[20:52:58]     VAL PASS  SP500              oil_z            lag=  7  m6_ic=0.1011
[20:52:58]     VAL PASS  SP500              oil_z            lag= 14  m6_ic=0.0545
[20:52:59]     VAL PASS  SP500              sanctions_z      lag= 14  m6_ic=0.0620
[20:52:59]     VAL PASS  SP500              inflation_z      lag=  1  m6_ic=0.0769
[20:52:59]     VAL PASS  SP500              inflation_z      lag=  7  m6_ic=0.0609
[20:52:59]     VAL PASS  SP500              banking_z        lag=  7  m6_ic=0.0528
[20:53:00]     VAL PASS  SP500              gold_z           lag=  7  m6_ic=0.0639
[20:53:00]     VAL PASS  SP500              gold_z           lag= 14  m6_ic=0.0975
[20:53:00]     VAL PASS  USD_RUB            oil_z            lag=  1  m6_ic=0.0833
[20:53:00]     VAL PASS  USD_RUB            oil_z            lag=  7  m6_ic=0.0905
[20:53:00]     VAL PASS  USD_RUB            oil_z            lag= 14  m6_ic=0.0654
[20:53:01]     VAL PASS  USD_RUB            oil_z            lag= 30  m6_ic=0.0777
[20:53:01]     VAL PASS  USD_RUB            rate_z           lag= 14  m6_ic=0.0451
[20:53:03]     VAL PASS  USD_RUB            inflation_z      lag=  7  m6_ic=0.1676
[20:53:03]     VAL PASS  USD_RUB            inflation_z      lag= 30  m6_ic=0.0647
[20:53:03]     VAL PASS  USD_RUB            banking_z        lag=  7  m6_ic=0.0651
[20:53:04]     VAL PASS  EUR_RUB            oil_z            lag=  1  m6_ic=0.0833
[20:53:04]     VAL PASS  EUR_RUB            oil_z            lag=  7  m6_ic=0.0905
[20:53:04]     VAL PASS  EUR_RUB            oil_z            lag= 14  m6_ic=0.0654
[20:53:04]     VAL PASS  EUR_RUB            oil_z            lag= 30  m6_ic=0.0777
[20:53:05]     VAL PASS  EUR_RUB            rate_z           lag= 14  m6_ic=0.0451
[20:53:06]     VAL PASS  EUR_RUB            inflation_z      lag=  7  m6_ic=0.1676
[20:53:07]     VAL PASS  EUR_RUB            inflation_z      lag= 30  m6_ic=0.0647
[20:53:07]     VAL PASS  EUR_RUB            banking_z        lag=  7  m6_ic=0.0651
[20:53:08]     VAL PASS  DJ_SOUTH_AFRICA    oil_z            lag= 14  m6_ic=0.0918
[20:53:08]     VAL PASS  DJ_SOUTH_AFRICA    rate_z           lag=  1  m6_ic=0.0730
[20:53:08]     VAL PASS  DJ_SOUTH_AFRICA    rate_z           lag= 30  m6_ic=0.0806
[20:53:09]     VAL PASS  DJ_SOUTH_AFRICA    ruble_z          lag=  1  m6_ic=0.0687
[20:53:09]     VAL PASS  DJ_SOUTH_AFRICA    ruble_z          lag=  7  m6_ic=0.0321
[20:53:09]     VAL PASS  DJ_SOUTH_AFRICA    sanctions_z      lag=  1  m6_ic=0.0403
[20:53:09]     VAL PASS  DJ_SOUTH_AFRICA    sanctions_z      lag= 14  m6_ic=0.0649
[20:53:10]     VAL PASS  DJ_SOUTH_AFRICA    sanctions_z      lag= 30  m6_ic=0.1084
[20:53:10]     VAL PASS  DJ_SOUTH_AFRICA    inflation_z      lag=  7  m6_ic=0.0890
[20:53:10]     VAL PASS  DJ_SOUTH_AFRICA    banking_z        lag=  1  m6_ic=0.0834
[20:53:10]     VAL PASS  DJ_SOUTH_AFRICA    banking_z        lag= 30  m6_ic=0.0524
[20:53:10]     VAL PASS  DJ_SOUTH_AFRICA    gold_z           lag=  7  m6_ic=0.0344
[20:53:11]     VAL PASS  DJ_SOUTH_AFRICA    gold_z           lag= 30  m6_ic=0.0782
[20:53:11]     VAL PASS  MSCI_WORLD         rate_z           lag= 30  m6_ic=0.1301
[20:53:12]     VAL PASS  MSCI_WORLD         ruble_z          lag=  1  m6_ic=0.0343
[20:53:12]     VAL PASS  MSCI_WORLD         ruble_z          lag=  7  m6_ic=0.0589
[20:53:12]     VAL PASS  MSCI_WORLD         sanctions_z      lag=  1  m6_ic=0.0843
[20:53:12]     VAL PASS  MSCI_WORLD         inflation_z      lag=  1  m6_ic=0.0905
[20:53:13]     VAL PASS  MSCI_WORLD         banking_z        lag= 30  m6_ic=0.0447
[20:53:13]     VAL PASS  MSCI_WORLD         gold_z           lag= 14  m6_ic=0.0447
[20:53:13]     VAL PASS  MSCI_WORLD         gold_z           lag= 30  m6_ic=0.0346
[20:53:13]     VAL PASS  DXY                oil_z            lag=  1  m6_ic=0.0744
[20:53:14]     VAL PASS  DXY                oil_z            lag= 30  m6_ic=0.1209
[20:53:14]     VAL PASS  DXY                rate_z           lag=  7  m6_ic=0.0505
[20:53:14]     VAL PASS  DXY                rate_z           lag= 14  m6_ic=0.0737
[20:53:14]     VAL PASS  DXY                rate_z           lag= 30  m6_ic=0.0588
[20:53:15]     VAL PASS  DXY                ruble_z          lag=  1  m6_ic=0.1166
[20:53:15]     VAL PASS  DXY                sanctions_z      lag= 30  m6_ic=0.0454
[20:53:15]     VAL PASS  DXY                inflation_z      lag=  7  m6_ic=0.0523
[20:53:15]     VAL PASS  DXY                inflation_z      lag= 14  m6_ic=0.0854
[20:53:16]     VAL PASS  DXY                banking_z        lag=  1  m6_ic=0.0692
[20:53:16]     VAL PASS  DXY                banking_z        lag=  7  m6_ic=0.0691
[20:53:16]     VAL PASS  DXY                banking_z        lag= 14  m6_ic=0.0665
[20:53:16]     VAL PASS  DXY                gold_z           lag= 14  m6_ic=0.0577
[20:53:17]     VAL PASS  BRENT              rate_z           lag=  1  m6_ic=0.0793
[20:53:17]     VAL PASS  BRENT              rate_z           lag= 30  m6_ic=0.0572
[20:53:17]     VAL PASS  BRENT              ruble_z          lag=  1  m6_ic=0.0634
[20:53:18]     VAL PASS  BRENT              ruble_z          lag=  7  m6_ic=0.0466
[20:53:18]     VAL PASS  BRENT              ruble_z          lag= 14  m6_ic=0.0378
[20:53:18]     VAL PASS  BRENT              sanctions_z      lag=  1  m6_ic=0.0554
[20:53:18]     VAL PASS  BRENT              sanctions_z      lag=  7  m6_ic=0.0620
[20:53:19]     VAL PASS  BRENT              inflation_z      lag=  1  m6_ic=0.0478
[20:53:19]     VAL PASS  BRENT              inflation_z      lag=  7  m6_ic=0.1761
[20:53:19]     VAL PASS  BRENT              inflation_z      lag= 14  m6_ic=0.0414
[20:53:19]     VAL PASS  BRENT              banking_z        lag=  1  m6_ic=0.0363
[20:53:20]     VAL PASS  BRENT              gold_z           lag=  7  m6_ic=0.0345
[20:53:20]     VAL PASS  BRENT              gold_z           lag= 14  m6_ic=0.0691
[20:53:21]     VAL PASS  MSCI_INDIA         rate_z           lag= 14  m6_ic=0.0335
[20:53:21]     VAL PASS  MSCI_INDIA         ruble_z          lag= 30  m6_ic=0.1518
[20:53:22]     VAL PASS  MSCI_INDIA         sanctions_z      lag=  7  m6_ic=0.0641
[20:53:22]     VAL PASS  MSCI_INDIA         sanctions_z      lag= 14  m6_ic=0.1376
[20:53:22]     VAL PASS  MSCI_INDIA         sanctions_z      lag= 30  m6_ic=0.1001
[20:53:22]     VAL PASS  MSCI_INDIA         inflation_z      lag=  1  m6_ic=0.0539
[20:53:22]     VAL PASS  MSCI_INDIA         inflation_z      lag= 14  m6_ic=0.0767
[20:53:23]     VAL PASS  MSCI_INDIA         inflation_z      lag= 30  m6_ic=0.0449
[20:53:23]     VAL PASS  MSCI_INDIA         banking_z        lag=  1  m6_ic=0.0740
[20:53:23]     VAL PASS  MSCI_INDIA         banking_z        lag= 30  m6_ic=0.0373
[20:53:24]     VAL PASS  CHINA_H_SHARES     oil_z            lag= 14  m6_ic=0.0819
[20:53:24]     VAL PASS  CHINA_H_SHARES     oil_z            lag= 30  m6_ic=0.1345
[20:53:25]     VAL PASS  CHINA_H_SHARES     rate_z           lag= 30  m6_ic=0.0634
[20:53:25]     VAL PASS  CHINA_H_SHARES     ruble_z          lag= 30  m6_ic=0.1047
[20:53:25]     VAL PASS  CHINA_H_SHARES     sanctions_z      lag=  7  m6_ic=0.0629
[20:53:26]     VAL PASS  CHINA_H_SHARES     inflation_z      lag=  7  m6_ic=0.0581
[20:53:26]     VAL PASS  CHINA_H_SHARES     inflation_z      lag= 14  m6_ic=0.0627
[20:53:26]     VAL PASS  CHINA_H_SHARES     inflation_z      lag= 30  m6_ic=0.0476
[20:53:26]     VAL PASS  CHINA_H_SHARES     banking_z        lag= 30  m6_ic=0.0314
[20:53:27]     VAL PASS  CHINA_H_SHARES     gold_z           lag= 14  m6_ic=0.0441
[20:53:27]     VAL PASS  CHINA_H_SHARES     gold_z           lag= 30  m6_ic=0.0597
[20:53:28]     VAL PASS  FTSE_CHINA_50      rate_z           lag=  1  m6_ic=0.0893
[20:53:28]     VAL PASS  FTSE_CHINA_50      rate_z           lag= 30  m6_ic=0.0603
[20:53:28]     VAL PASS  FTSE_CHINA_50      ruble_z          lag= 30  m6_ic=0.1202
[20:53:28]     VAL PASS  FTSE_CHINA_50      sanctions_z      lag=  7  m6_ic=0.0326
[20:53:29]     VAL PASS  FTSE_CHINA_50      inflation_z      lag= 30  m6_ic=0.1323
[20:53:29]     VAL PASS  FTSE_CHINA_50      banking_z        lag=  7  m6_ic=0.0824
[20:53:29]     VAL PASS  FTSE_CHINA_50      gold_z           lag= 14  m6_ic=0.0384
[20:53:30]     VAL PASS  FTSE_CHINA_50      gold_z           lag= 30  m6_ic=0.0801
[20:53:30]     VAL PASS  GOLD               oil_z            lag= 30  m6_ic=0.0961
[20:53:30]     VAL PASS  GOLD               rate_z           lag= 30  m6_ic=0.0734
[20:53:31]     VAL PASS  GOLD               sanctions_z      lag= 30  m6_ic=0.0315
[20:53:31]     VAL PASS  GOLD               inflation_z      lag= 14  m6_ic=0.0464
[20:53:32]     VAL PASS  GOLD               gold_z           lag=  7  m6_ic=0.0580
[20:53:32]     VAL PASS  GOLD               gold_z           lag= 30  m6_ic=0.0790
[20:53:33]     VAL PASS  SILVER             rate_z           lag=  1  m6_ic=0.0647
[20:53:33]     VAL PASS  SILVER             rate_z           lag=  7  m6_ic=0.0771
[20:53:33]     VAL PASS  SILVER             rate_z           lag= 30  m6_ic=0.0806
[20:53:33]     VAL PASS  SILVER             ruble_z          lag= 30  m6_ic=0.0839
[20:53:34]     VAL PASS  SILVER             sanctions_z      lag=  7  m6_ic=0.0307
[20:53:34]     VAL PASS  SILVER             sanctions_z      lag= 14  m6_ic=0.0913
[20:53:34]     VAL PASS  SILVER             sanctions_z      lag= 30  m6_ic=0.0898
[20:53:35]     VAL PASS  SILVER             gold_z           lag=  7  m6_ic=0.1005
[20:53:36]     VAL PASS  IMOEX              oil_z            lag=  1  m6_ic=0.1311
[20:53:36]     VAL PASS  IMOEX              oil_z            lag= 30  m6_ic=0.0792
[20:53:36]     VAL PASS  IMOEX              rate_z           lag= 14  m6_ic=0.0772
[20:53:36]     VAL PASS  IMOEX              rate_z           lag= 30  m6_ic=0.0553
[20:53:36]     VAL PASS  IMOEX              ruble_z          lag=  1  m6_ic=0.1524
[20:53:37]     VAL PASS  IMOEX              ruble_z          lag=  7  m6_ic=0.1041
[20:53:37]     VAL PASS  IMOEX              ruble_z          lag= 30  m6_ic=0.1248
[20:53:37]     VAL PASS  IMOEX              sanctions_z      lag=  1  m6_ic=0.1191
[20:53:37]     VAL PASS  IMOEX              sanctions_z      lag= 14  m6_ic=0.1461
[20:53:37]     VAL PASS  IMOEX              inflation_z      lag= 14  m6_ic=0.1065
[20:53:38]     VAL PASS  IMOEX              banking_z        lag=  7  m6_ic=0.1295
[20:53:38]     VAL PASS  IMOEX              gold_z           lag=  1  m6_ic=0.0559
[20:53:38]     VAL PASS  IMOEX              gold_z           lag=  7  m6_ic=0.0766
[20:53:39]     VAL PASS  MOEXFN             oil_z            lag=  1  m6_ic=0.0838
[20:53:39]     VAL PASS  MOEXFN             oil_z            lag= 14  m6_ic=0.0849
[20:53:39]     VAL PASS  MOEXFN             oil_z            lag= 30  m6_ic=0.0554
[20:53:39]     VAL PASS  MOEXFN             rate_z           lag=  1  m6_ic=0.0481
[20:53:40]     VAL PASS  MOEXFN             rate_z           lag=  7  m6_ic=0.0437
[20:53:40]     VAL PASS  MOEXFN             ruble_z          lag=  7  m6_ic=0.1015
[20:53:40]     VAL PASS  MOEXFN             sanctions_z      lag=  1  m6_ic=0.0834
[20:53:41]     VAL PASS  MOEXFN             sanctions_z      lag= 14  m6_ic=0.0918
[20:53:41]     VAL PASS  MOEXFN             sanctions_z      lag= 30  m6_ic=0.0696
[20:53:41]     VAL PASS  MOEXFN             inflation_z      lag=  7  m6_ic=0.0490
[20:53:41]     VAL PASS  MOEXFN             banking_z        lag=  1  m6_ic=0.0692
[20:53:41]     VAL PASS  MOEXFN             banking_z        lag=  7  m6_ic=0.1087
[20:53:42]     VAL PASS  MOEXFN             gold_z           lag= 30  m6_ic=0.0395
[20:53:42]     VAL PASS  MOEXOG             oil_z            lag=  1  m6_ic=0.0706
[20:53:43]     VAL PASS  MOEXOG             oil_z            lag= 30  m6_ic=0.0808
[20:53:43]     VAL PASS  MOEXOG             rate_z           lag=  1  m6_ic=0.0551
[20:53:43]     VAL PASS  MOEXOG             rate_z           lag= 14  m6_ic=0.0520
[20:53:43]     VAL PASS  MOEXOG             ruble_z          lag=  1  m6_ic=0.1357
[20:53:43]     VAL PASS  MOEXOG             ruble_z          lag= 14  m6_ic=0.1405
[20:53:44]     VAL PASS  MOEXOG             ruble_z          lag= 30  m6_ic=0.0940
[20:53:44]     VAL PASS  MOEXOG             sanctions_z      lag= 30  m6_ic=0.1019
[20:53:44]     VAL PASS  MOEXOG             inflation_z      lag= 14  m6_ic=0.1367
[20:53:44]     VAL PASS  MOEXOG             inflation_z      lag= 30  m6_ic=0.0812
[20:53:45]     VAL PASS  MOEXOG             banking_z        lag=  1  m6_ic=0.0469
[20:53:45]     VAL PASS  MOEXOG             gold_z           lag=  7  m6_ic=0.0341
[20:53:45]     VAL PASS  MOEX10             oil_z            lag=  1  m6_ic=0.0992
[20:53:45]     VAL PASS  MOEX10             oil_z            lag= 14  m6_ic=0.0833
[20:53:46]     VAL PASS  MOEX10             ruble_z          lag=  1  m6_ic=0.1609
[20:53:46]     VAL PASS  MOEX10             ruble_z          lag=  7  m6_ic=0.1066
[20:53:46]     VAL PASS  MOEX10             ruble_z          lag= 14  m6_ic=0.0661
[20:53:46]     VAL PASS  MOEX10             ruble_z          lag= 30  m6_ic=0.0592
[20:53:47]     VAL PASS  MOEX10             sanctions_z      lag=  1  m6_ic=0.0987
[20:53:47]     VAL PASS  MOEX10             sanctions_z      lag= 14  m6_ic=0.1194
[20:53:47]     VAL PASS  MOEX10             sanctions_z      lag= 30  m6_ic=0.0984
[20:53:47]     VAL PASS  MOEX10             inflation_z      lag=  7  m6_ic=0.0601
[20:53:48]     VAL PASS  MOEX10             inflation_z      lag= 14  m6_ic=0.1025
[20:53:48]     VAL PASS  MOEX10             inflation_z      lag= 30  m6_ic=0.0734
[20:53:48]     VAL PASS  MOEX10             banking_z        lag=  1  m6_ic=0.0713
[20:53:48]     VAL PASS  MOEX10             banking_z        lag=  7  m6_ic=0.1327
[20:53:48]     VAL PASS  MOEX10             gold_z           lag=  1  m6_ic=0.0462
[20:53:49]     VAL PASS  MOEX10             gold_z           lag=  7  m6_ic=0.0313
[20:53:49]     VAL PASS  MOEX10             gold_z           lag= 14  m6_ic=0.0887
[20:53:49]     Val: 169/256 held
[20:53:49]   → train=256  val=169  max_ic=0.1673  score=2720.0
[20:53:49] 
============================================================
[20:53:49] FINAL REPORT
[20:53:49] ============================================================
[20:53:49] Report: C:\project\signal_mind\analytics\phase_b\night_search\night_report_20260520_203734.md
[20:53:49] Hits CSV: C:\project\signal_mind\analytics\phase_b\night_search\night_hits_20260520_203734.csv
[20:53:49] 
[8/15] sweep_keyword_z30_abs_return  (budget=58min)
[20:53:49]   Config: sweep_keyword_z30_abs_return
[20:53:49]     feature=keyword_z30  target=abs_return  ensemble=M6_only  ic_min=0.03
[20:53:50]   HIT  SP500              oil_z            lag=  7 m5_p=0.8254  m6_ic=0.0637
[20:53:50]   HIT  SP500              oil_z            lag= 14 m5_p=0.7170  m6_ic=0.0936
[20:53:50]   HIT  SP500              oil_z            lag= 30 m5_p=0.2916  m6_ic=0.0516
[20:53:50]   HIT  SP500              rate_z           lag=  7 m5_p=0.7357  m6_ic=0.0370
[20:53:51]   HIT  SP500              rate_z           lag= 14 m5_p=0.9951  m6_ic=0.0679
[20:53:52]   HIT  SP500              ruble_z          lag= 30 m5_p=0.2154  m6_ic=0.0653
[20:53:52]   HIT  SP500              sanctions_z      lag= 14 m5_p=0.6295  m6_ic=0.0724
[20:53:53]   HIT  SP500              inflation_z      lag=  1 m5_p=0.5734  m6_ic=0.0578
[20:53:53]   HIT  SP500              inflation_z      lag=  7 m5_p=0.6216  m6_ic=0.0540
[20:53:54]   HIT  SP500              banking_z        lag=  7 m5_p=0.3767  m6_ic=0.0412
[20:53:55]   HIT  SP500              gold_z           lag=  7 m5_p=0.8404  m6_ic=0.1002
[20:53:55]   HIT  SP500              gold_z           lag= 14 m5_p=0.7661  m6_ic=0.0678
[20:53:55]   HIT  USD_RUB            oil_z            lag=  1 m5_p=0.5610  m6_ic=0.0303
[20:53:55]   HIT  USD_RUB            oil_z            lag=  7 m5_p=0.7301  m6_ic=0.0640
[20:53:56]   HIT  USD_RUB            oil_z            lag= 14 m5_p=0.5573  m6_ic=0.0307
[20:53:56]   HIT  USD_RUB            oil_z            lag= 30 m5_p=0.3761  m6_ic=0.0323
[20:53:56]   HIT  USD_RUB            rate_z           lag=  1 m5_p=0.9476  m6_ic=0.0959
[20:53:56]   HIT  USD_RUB            rate_z           lag= 14 m5_p=0.2823  m6_ic=0.0381
[20:53:57]   HIT  USD_RUB            ruble_z          lag=  1 m5_p=0.1170  m6_ic=0.0586
[20:53:57]   HIT  USD_RUB            ruble_z          lag=  7 m5_p=0.0983  m6_ic=0.0333
[20:53:57]   HIT  USD_RUB            ruble_z          lag= 14 m5_p=0.6695  m6_ic=0.1068
[20:53:57]   HIT  USD_RUB            ruble_z          lag= 30 m5_p=0.2572  m6_ic=0.0303
[20:53:58]   HIT  USD_RUB            sanctions_z      lag=  1 m5_p=0.1513  m6_ic=0.0917
[20:53:58]   HIT  USD_RUB            sanctions_z      lag=  7 m5_p=0.0612  m6_ic=0.0407
[20:53:58]   HIT  USD_RUB            sanctions_z      lag= 30 m5_p=0.0838  m6_ic=0.0403
[20:53:59]   HIT  USD_RUB            inflation_z      lag=  7 m5_p=0.4905  m6_ic=0.0813
[20:53:59]   HIT  USD_RUB            inflation_z      lag= 14 m5_p=0.2798  m6_ic=0.0500
[20:53:59]   HIT  USD_RUB            inflation_z      lag= 30 m5_p=0.6349  m6_ic=0.0538
[20:53:59]   HIT  USD_RUB            banking_z        lag=  1 m5_p=0.7376  m6_ic=0.0572
[20:54:00]   HIT  USD_RUB            banking_z        lag=  7 m5_p=0.1520  m6_ic=0.0568
[20:54:00]   HIT  USD_RUB            banking_z        lag= 30 m5_p=0.8190  m6_ic=0.0656
[20:54:01]   HIT  EUR_RUB            oil_z            lag=  1 m5_p=0.5610  m6_ic=0.0303
[20:54:01]   HIT  EUR_RUB            oil_z            lag=  7 m5_p=0.7301  m6_ic=0.0640
[20:54:01]   HIT  EUR_RUB            oil_z            lag= 14 m5_p=0.5573  m6_ic=0.0307
[20:54:02]   HIT  EUR_RUB            oil_z            lag= 30 m5_p=0.3761  m6_ic=0.0323
[20:54:02]   HIT  EUR_RUB            rate_z           lag=  1 m5_p=0.9476  m6_ic=0.0959
[20:54:02]   HIT  EUR_RUB            rate_z           lag= 14 m5_p=0.2823  m6_ic=0.0381
[20:54:03]   HIT  EUR_RUB            ruble_z          lag=  1 m5_p=0.1170  m6_ic=0.0586
[20:54:03]   HIT  EUR_RUB            ruble_z          lag=  7 m5_p=0.0983  m6_ic=0.0333
[20:54:03]   HIT  EUR_RUB            ruble_z          lag= 14 m5_p=0.6695  m6_ic=0.1068
[20:54:03]   HIT  EUR_RUB            ruble_z          lag= 30 m5_p=0.2572  m6_ic=0.0303
[20:54:03]   HIT  EUR_RUB            sanctions_z      lag=  1 m5_p=0.1513  m6_ic=0.0917
[20:54:04]   HIT  EUR_RUB            sanctions_z      lag=  7 m5_p=0.0612  m6_ic=0.0407
[20:54:04]   HIT  EUR_RUB            sanctions_z      lag= 30 m5_p=0.0838  m6_ic=0.0403
[20:54:04]   HIT  EUR_RUB            inflation_z      lag=  7 m5_p=0.4905  m6_ic=0.0813
[20:54:05]   HIT  EUR_RUB            inflation_z      lag= 14 m5_p=0.2798  m6_ic=0.0500
[20:54:05]   HIT  EUR_RUB            inflation_z      lag= 30 m5_p=0.6349  m6_ic=0.0538
[20:54:05]   HIT  EUR_RUB            banking_z        lag=  1 m5_p=0.7376  m6_ic=0.0572
[20:54:05]   HIT  EUR_RUB            banking_z        lag=  7 m5_p=0.1520  m6_ic=0.0568
[20:54:06]   HIT  EUR_RUB            banking_z        lag= 30 m5_p=0.8190  m6_ic=0.0656
[20:54:07]   HIT  DJ_SOUTH_AFRICA    oil_z            lag= 14 m5_p=0.2445  m6_ic=0.0489
[20:54:07]   HIT  DJ_SOUTH_AFRICA    rate_z           lag=  1 m5_p=0.6268  m6_ic=0.0775
[20:54:08]   HIT  DJ_SOUTH_AFRICA    rate_z           lag=  7 m5_p=0.8298  m6_ic=0.0342
[20:54:08]   HIT  DJ_SOUTH_AFRICA    rate_z           lag= 30 m5_p=0.6839  m6_ic=0.0726
[20:54:08]   HIT  DJ_SOUTH_AFRICA    ruble_z          lag=  1 m5_p=0.1001  m6_ic=0.0534
[20:54:09]   HIT  DJ_SOUTH_AFRICA    ruble_z          lag=  7 m5_p=0.4065  m6_ic=0.0595
[20:54:09]   HIT  DJ_SOUTH_AFRICA    ruble_z          lag= 30 m5_p=0.5463  m6_ic=0.0461
[20:54:09]   HIT  DJ_SOUTH_AFRICA    sanctions_z      lag=  1 m5_p=0.7442  m6_ic=0.0604
[20:54:10]   HIT  DJ_SOUTH_AFRICA    sanctions_z      lag= 14 m5_p=0.0128  m6_ic=0.0833
[20:54:10]   HIT  DJ_SOUTH_AFRICA    sanctions_z      lag= 30 m5_p=0.2280  m6_ic=0.1116
[20:54:10]   HIT  DJ_SOUTH_AFRICA    inflation_z      lag=  7 m5_p=0.0980  m6_ic=0.1431
[20:54:11]   HIT  DJ_SOUTH_AFRICA    banking_z        lag=  1 m5_p=0.3162  m6_ic=0.0328
[20:54:11]   HIT  DJ_SOUTH_AFRICA    banking_z        lag= 30 m5_p=0.2699  m6_ic=0.0477
[20:54:12]   HIT  DJ_SOUTH_AFRICA    gold_z           lag=  7 m5_p=0.8091  m6_ic=0.0329
[20:54:12]   HIT  DJ_SOUTH_AFRICA    gold_z           lag= 30 m5_p=0.8393  m6_ic=0.1079
[20:54:13]   HIT  MSCI_WORLD         oil_z            lag= 14 m5_p=0.2593  m6_ic=0.0384
[20:54:14]   HIT  MSCI_WORLD         rate_z           lag= 14 m5_p=0.5906  m6_ic=0.0762
[20:54:14]   HIT  MSCI_WORLD         rate_z           lag= 30 m5_p=0.7262  m6_ic=0.0625
[20:54:14]   HIT  MSCI_WORLD         ruble_z          lag=  1 m5_p=0.9537  m6_ic=0.0402
[20:54:14]   HIT  MSCI_WORLD         ruble_z          lag=  7 m5_p=0.8457  m6_ic=0.0720
[20:54:15]   HIT  MSCI_WORLD         sanctions_z      lag=  1 m5_p=0.8301  m6_ic=0.0666
[20:54:15]   HIT  MSCI_WORLD         sanctions_z      lag= 14 m5_p=0.0116  m6_ic=0.0751
[20:54:16]   HIT  MSCI_WORLD         inflation_z      lag=  1 m5_p=0.3657  m6_ic=0.0524
[20:54:17]   HIT  MSCI_WORLD         banking_z        lag= 30 m5_p=0.8740  m6_ic=0.0714
[20:54:18]   HIT  MSCI_WORLD         gold_z           lag= 14 m5_p=0.2426  m6_ic=0.0489
[20:54:18]   HIT  MSCI_WORLD         gold_z           lag= 30 m5_p=0.9033  m6_ic=0.1028
[20:54:18]   HIT  DXY                oil_z            lag=  1 m5_p=0.0363  m6_ic=0.0493
[20:54:18]   HIT  DXY                oil_z            lag=  7 m5_p=0.4332  m6_ic=0.0514
[20:54:19]   HIT  DXY                oil_z            lag= 30 m5_p=0.9929  m6_ic=0.0315
[20:54:19]   HIT  DXY                rate_z           lag=  1 m5_p=0.0870  m6_ic=0.0481
[20:54:19]   HIT  DXY                rate_z           lag=  7 m5_p=0.2159  m6_ic=0.0660
[20:54:19]   HIT  DXY                rate_z           lag= 14 m5_p=0.4269  m6_ic=0.0606
[20:54:20]   HIT  DXY                rate_z           lag= 30 m5_p=0.1851  m6_ic=0.0488
[20:54:20]   HIT  DXY                ruble_z          lag=  1 m5_p=0.5830  m6_ic=0.0457
[20:54:20]   HIT  DXY                ruble_z          lag= 14 m5_p=0.3215  m6_ic=0.0417
[20:54:21]   HIT  DXY                sanctions_z      lag= 30 m5_p=0.7737  m6_ic=0.0507
[20:54:22]   HIT  DXY                inflation_z      lag=  7 m5_p=0.3826  m6_ic=0.0533
[20:54:22]   HIT  DXY                inflation_z      lag= 14 m5_p=0.8770  m6_ic=0.0450
[20:54:22]   HIT  DXY                banking_z        lag=  1 m5_p=0.1827  m6_ic=0.0520
[20:54:22]   HIT  DXY                banking_z        lag=  7 m5_p=0.7330  m6_ic=0.0326
[20:54:23]   HIT  DXY                banking_z        lag= 14 m5_p=0.9784  m6_ic=0.0366
[20:54:23]   HIT  DXY                gold_z           lag=  7 m5_p=0.1562  m6_ic=0.0631
[20:54:23]   HIT  DXY                gold_z           lag= 14 m5_p=0.7091  m6_ic=0.0767
[20:54:24]   HIT  BRENT              oil_z            lag=  7 m5_p=0.7839  m6_ic=0.0578
[20:54:25]   HIT  BRENT              oil_z            lag= 30 m5_p=0.7896  m6_ic=0.0534
[20:54:25]   HIT  BRENT              rate_z           lag=  1 m5_p=0.4639  m6_ic=0.0489
[20:54:25]   HIT  BRENT              rate_z           lag= 30 m5_p=0.7557  m6_ic=0.1055
[20:54:26]   HIT  BRENT              ruble_z          lag=  1 m5_p=0.1300  m6_ic=0.0318
[20:54:26]   HIT  BRENT              ruble_z          lag=  7 m5_p=0.3462  m6_ic=0.0456
[20:54:26]   HIT  BRENT              ruble_z          lag= 14 m5_p=0.3931  m6_ic=0.0431
[20:54:26]   HIT  BRENT              ruble_z          lag= 30 m5_p=0.3398  m6_ic=0.0647
[20:54:26]   HIT  BRENT              sanctions_z      lag=  1 m5_p=0.9551  m6_ic=0.0360
[20:54:27]   HIT  BRENT              sanctions_z      lag=  7 m5_p=0.7252  m6_ic=0.0542
[20:54:27]   HIT  BRENT              sanctions_z      lag= 14 m5_p=0.2424  m6_ic=0.0325
[20:54:27]   HIT  BRENT              inflation_z      lag=  1 m5_p=0.3106  m6_ic=0.0379
[20:54:27]   HIT  BRENT              inflation_z      lag=  7 m5_p=0.8715  m6_ic=0.0712
[20:54:28]   HIT  BRENT              inflation_z      lag= 14 m5_p=0.9169  m6_ic=0.0952
[20:54:28]   HIT  BRENT              banking_z        lag=  1 m5_p=0.8083  m6_ic=0.0307
[20:54:29]   HIT  BRENT              gold_z           lag=  1 m5_p=0.2283  m6_ic=0.0394
[20:54:29]   HIT  BRENT              gold_z           lag=  7 m5_p=0.5565  m6_ic=0.0647
[20:54:29]   HIT  BRENT              gold_z           lag= 14 m5_p=0.4285  m6_ic=0.0621
[20:54:29]   HIT  BRENT              gold_z           lag= 30 m5_p=0.5484  m6_ic=0.0543
[20:54:30]   HIT  MSCI_INDIA         oil_z            lag= 30 m5_p=0.7651  m6_ic=0.0559
[20:54:31]   HIT  MSCI_INDIA         rate_z           lag=  7 m5_p=0.8927  m6_ic=0.1361
[20:54:31]   HIT  MSCI_INDIA         rate_z           lag= 14 m5_p=0.4433  m6_ic=0.0622
[20:54:31]   HIT  MSCI_INDIA         rate_z           lag= 30 m5_p=0.8638  m6_ic=0.0670
[20:54:31]   HIT  MSCI_INDIA         ruble_z          lag=  7 m5_p=0.4872  m6_ic=0.0582
[20:54:32]   HIT  MSCI_INDIA         ruble_z          lag= 30 m5_p=0.9102  m6_ic=0.0868
[20:54:32]   HIT  MSCI_INDIA         sanctions_z      lag=  7 m5_p=0.7171  m6_ic=0.0578
[20:54:32]   HIT  MSCI_INDIA         sanctions_z      lag= 14 m5_p=0.1846  m6_ic=0.0535
[20:54:33]   HIT  MSCI_INDIA         sanctions_z      lag= 30 m5_p=0.7792  m6_ic=0.0746
[20:54:33]   HIT  MSCI_INDIA         inflation_z      lag=  1 m5_p=0.6167  m6_ic=0.0647
[20:54:33]   HIT  MSCI_INDIA         inflation_z      lag= 14 m5_p=0.4628  m6_ic=0.0468
[20:54:33]   HIT  MSCI_INDIA         inflation_z      lag= 30 m5_p=0.6596  m6_ic=0.1025
[20:54:33]   HIT  MSCI_INDIA         banking_z        lag=  1 m5_p=0.5225  m6_ic=0.0366
[20:54:34]   HIT  MSCI_INDIA         banking_z        lag=  7 m5_p=0.8542  m6_ic=0.0774
[20:54:34]   HIT  MSCI_INDIA         banking_z        lag= 30 m5_p=0.5461  m6_ic=0.0413
[20:54:34]   HIT  MSCI_INDIA         gold_z           lag=  1 m5_p=0.6699  m6_ic=0.0731
[20:54:35]   HIT  MSCI_INDIA         gold_z           lag=  7 m5_p=0.7335  m6_ic=0.0816
[20:54:35]   HIT  MSCI_INDIA         gold_z           lag= 14 m5_p=0.2159  m6_ic=0.0415
[20:54:35]   HIT  CHINA_H_SHARES     oil_z            lag=  1 m5_p=0.5007  m6_ic=0.0682
[20:54:36]   HIT  CHINA_H_SHARES     oil_z            lag= 14 m5_p=0.9264  m6_ic=0.0303
[20:54:36]   HIT  CHINA_H_SHARES     oil_z            lag= 30 m5_p=0.7034  m6_ic=0.0355
[20:54:36]   HIT  CHINA_H_SHARES     rate_z           lag=  1 m5_p=0.0394  m6_ic=0.0625
[20:54:36]   HIT  CHINA_H_SHARES     rate_z           lag=  7 m5_p=0.9527  m6_ic=0.0309
[20:54:37]   HIT  CHINA_H_SHARES     rate_z           lag= 30 m5_p=0.2030  m6_ic=0.0536
[20:54:37]   HIT  CHINA_H_SHARES     ruble_z          lag= 30 m5_p=0.8266  m6_ic=0.1344
[20:54:38]   HIT  CHINA_H_SHARES     sanctions_z      lag=  7 m5_p=0.5359  m6_ic=0.0714
[20:54:39]   HIT  CHINA_H_SHARES     inflation_z      lag=  7 m5_p=0.2935  m6_ic=0.0476
[20:54:39]   HIT  CHINA_H_SHARES     inflation_z      lag= 14 m5_p=0.9861  m6_ic=0.0413
[20:54:39]   HIT  CHINA_H_SHARES     inflation_z      lag= 30 m5_p=0.3077  m6_ic=0.0691
[20:54:39]   HIT  CHINA_H_SHARES     banking_z        lag=  7 m5_p=0.9120  m6_ic=0.0448
[20:54:40]   HIT  CHINA_H_SHARES     banking_z        lag= 30 m5_p=0.9935  m6_ic=0.0303
[20:54:40]   HIT  CHINA_H_SHARES     gold_z           lag=  7 m5_p=0.2118  m6_ic=0.0623
[20:54:40]   HIT  CHINA_H_SHARES     gold_z           lag= 14 m5_p=0.3874  m6_ic=0.0751
[20:54:41]   HIT  CHINA_H_SHARES     gold_z           lag= 30 m5_p=0.8381  m6_ic=0.1381
[20:54:41]   HIT  FTSE_CHINA_50      oil_z            lag=  1 m5_p=0.4869  m6_ic=0.0508
[20:54:41]   HIT  FTSE_CHINA_50      oil_z            lag=  7 m5_p=0.5115  m6_ic=0.0432
[20:54:42]   HIT  FTSE_CHINA_50      rate_z           lag=  1 m5_p=0.0335  m6_ic=0.0535
[20:54:42]   HIT  FTSE_CHINA_50      rate_z           lag= 30 m5_p=0.1565  m6_ic=0.0537
[20:54:43]   HIT  FTSE_CHINA_50      ruble_z          lag= 30 m5_p=0.6544  m6_ic=0.1647
[20:54:43]   HIT  FTSE_CHINA_50      sanctions_z      lag=  7 m5_p=0.4652  m6_ic=0.0412
[20:54:44]   HIT  FTSE_CHINA_50      sanctions_z      lag= 14 m5_p=0.6119  m6_ic=0.0333
[20:54:44]   HIT  FTSE_CHINA_50      inflation_z      lag=  7 m5_p=0.1893  m6_ic=0.0572
[20:54:45]   HIT  FTSE_CHINA_50      inflation_z      lag= 30 m5_p=0.2971  m6_ic=0.0659
[20:54:45]   HIT  FTSE_CHINA_50      banking_z        lag=  7 m5_p=0.9990  m6_ic=0.0715
[20:54:46]   HIT  FTSE_CHINA_50      banking_z        lag= 30 m5_p=0.6948  m6_ic=0.0381
[20:54:46]   HIT  FTSE_CHINA_50      gold_z           lag= 14 m5_p=0.4126  m6_ic=0.0722
[20:54:46]   HIT  FTSE_CHINA_50      gold_z           lag= 30 m5_p=0.6982  m6_ic=0.1673
[20:54:47]   HIT  GOLD               oil_z            lag= 14 m5_p=0.9423  m6_ic=0.0494
[20:54:47]   HIT  GOLD               oil_z            lag= 30 m5_p=0.8657  m6_ic=0.0466
[20:54:48]   HIT  GOLD               rate_z           lag= 14 m5_p=0.2299  m6_ic=0.0556
[20:54:48]   HIT  GOLD               rate_z           lag= 30 m5_p=0.8995  m6_ic=0.0703
[20:54:48]   HIT  GOLD               ruble_z          lag=  7 m5_p=0.8962  m6_ic=0.0833
[20:54:49]   HIT  GOLD               ruble_z          lag= 30 m5_p=0.5798  m6_ic=0.1072
[20:54:50]   HIT  GOLD               sanctions_z      lag= 30 m5_p=0.0589  m6_ic=0.0337
[20:54:50]   HIT  GOLD               inflation_z      lag=  1 m5_p=0.2236  m6_ic=0.0706
[20:54:50]   HIT  GOLD               inflation_z      lag=  7 m5_p=0.0360  m6_ic=0.0828
[20:54:50]   HIT  GOLD               inflation_z      lag= 14 m5_p=0.2796  m6_ic=0.0821
[20:54:51]   HIT  GOLD               banking_z        lag=  7 m5_p=0.1881  m6_ic=0.0517
[20:54:51]   HIT  GOLD               gold_z           lag=  7 m5_p=0.8343  m6_ic=0.0883
[20:54:52]   HIT  GOLD               gold_z           lag= 14 m5_p=0.0620  m6_ic=0.0426
[20:54:52]   HIT  GOLD               gold_z           lag= 30 m5_p=0.4217  m6_ic=0.1003
[20:54:53]   HIT  SILVER             oil_z            lag= 30 m5_p=0.5578  m6_ic=0.0395
[20:54:53]   HIT  SILVER             rate_z           lag=  1 m5_p=0.3262  m6_ic=0.1287
[20:54:53]   HIT  SILVER             rate_z           lag=  7 m5_p=0.4661  m6_ic=0.1086
[20:54:53]   HIT  SILVER             rate_z           lag= 30 m5_p=0.3550  m6_ic=0.0769
[20:54:54]   HIT  SILVER             ruble_z          lag=  7 m5_p=0.4738  m6_ic=0.1011
[20:54:54]   HIT  SILVER             ruble_z          lag= 30 m5_p=0.9263  m6_ic=0.1441
[20:54:54]   HIT  SILVER             sanctions_z      lag=  1 m5_p=0.0249  m6_ic=0.0386
[20:54:54]   HIT  SILVER             sanctions_z      lag=  7 m5_p=0.7252  m6_ic=0.0312
[20:54:55]   HIT  SILVER             sanctions_z      lag= 14 m5_p=0.1365  m6_ic=0.0670
[20:54:55]   HIT  SILVER             sanctions_z      lag= 30 m5_p=0.2364  m6_ic=0.0555
[20:54:55]   HIT  SILVER             inflation_z      lag=  7 m5_p=0.3122  m6_ic=0.1119
[20:54:55]   HIT  SILVER             inflation_z      lag= 30 m5_p=0.6434  m6_ic=0.0400
[20:54:56]   HIT  SILVER             banking_z        lag=  1 m5_p=0.7370  m6_ic=0.0924
[20:54:56]   HIT  SILVER             banking_z        lag=  7 m5_p=0.5184  m6_ic=0.0301
[20:54:56]   HIT  SILVER             gold_z           lag=  1 m5_p=0.0584  m6_ic=0.0631
[20:54:57]   HIT  SILVER             gold_z           lag=  7 m5_p=0.7577  m6_ic=0.0361
[20:54:57]   HIT  SILVER             gold_z           lag= 30 m5_p=0.4651  m6_ic=0.0403
[20:54:57]   HIT  IMOEX              oil_z            lag=  1 m5_p=0.3571  m6_ic=0.0696
[20:54:58]   HIT  IMOEX              oil_z            lag= 30 m5_p=0.6406  m6_ic=0.0514
[20:54:58]   HIT  IMOEX              rate_z           lag= 14 m5_p=0.2562  m6_ic=0.0502
[20:54:59]   HIT  IMOEX              rate_z           lag= 30 m5_p=0.6107  m6_ic=0.1322
[20:54:59]   HIT  IMOEX              ruble_z          lag=  1 m5_p=0.9408  m6_ic=0.0597
[20:54:59]   HIT  IMOEX              ruble_z          lag=  7 m5_p=0.0458  m6_ic=0.0690
[20:54:59]   HIT  IMOEX              ruble_z          lag= 30 m5_p=0.9180  m6_ic=0.0665
[20:55:00]   HIT  IMOEX              sanctions_z      lag=  1 m5_p=0.2181  m6_ic=0.0803
[20:55:00]   HIT  IMOEX              sanctions_z      lag= 14 m5_p=0.6950  m6_ic=0.0354
[20:55:01]   HIT  IMOEX              inflation_z      lag= 14 m5_p=0.5925  m6_ic=0.0569
[20:55:01]   HIT  IMOEX              banking_z        lag=  7 m5_p=0.2841  m6_ic=0.0595
[20:55:02]   HIT  IMOEX              banking_z        lag= 30 m5_p=0.1178  m6_ic=0.0730
[20:55:02]   HIT  IMOEX              gold_z           lag=  1 m5_p=0.4821  m6_ic=0.0339
[20:55:02]   HIT  IMOEX              gold_z           lag=  7 m5_p=0.4466  m6_ic=0.0328
[20:55:03]   HIT  IMOEX              gold_z           lag= 30 m5_p=0.2917  m6_ic=0.0386
[20:55:03]   HIT  MOEXFN             oil_z            lag=  1 m5_p=0.5560  m6_ic=0.0727
[20:55:03]   HIT  MOEXFN             oil_z            lag= 14 m5_p=0.6731  m6_ic=0.0373
[20:55:03]   HIT  MOEXFN             oil_z            lag= 30 m5_p=0.9520  m6_ic=0.0368
[20:55:04]   HIT  MOEXFN             rate_z           lag=  1 m5_p=0.5857  m6_ic=0.0614
[20:55:04]   HIT  MOEXFN             rate_z           lag=  7 m5_p=0.0649  m6_ic=0.0671
[20:55:04]   HIT  MOEXFN             rate_z           lag= 30 m5_p=0.6743  m6_ic=0.0361
[20:55:05]   HIT  MOEXFN             ruble_z          lag=  7 m5_p=0.2908  m6_ic=0.0524
[20:55:05]   HIT  MOEXFN             sanctions_z      lag=  1 m5_p=0.0248  m6_ic=0.0434
[20:55:05]   HIT  MOEXFN             sanctions_z      lag=  7 m5_p=0.7560  m6_ic=0.0796
[20:55:06]   HIT  MOEXFN             sanctions_z      lag= 14 m5_p=0.4188  m6_ic=0.0373
[20:55:06]   HIT  MOEXFN             sanctions_z      lag= 30 m5_p=0.7065  m6_ic=0.0382
[20:55:06]   HIT  MOEXFN             inflation_z      lag=  7 m5_p=0.1289  m6_ic=0.0524
[20:55:07]   HIT  MOEXFN             banking_z        lag=  1 m5_p=0.9847  m6_ic=0.0305
[20:55:07]   HIT  MOEXFN             banking_z        lag=  7 m5_p=0.6786  m6_ic=0.1007
[20:55:07]   HIT  MOEXFN             banking_z        lag= 14 m5_p=0.2242  m6_ic=0.0325
[20:55:07]   HIT  MOEXFN             banking_z        lag= 30 m5_p=0.3350  m6_ic=0.0362
[20:55:08]   HIT  MOEXFN             gold_z           lag=  1 m5_p=0.4996  m6_ic=0.0451
[20:55:08]   HIT  MOEXFN             gold_z           lag= 30 m5_p=0.7046  m6_ic=0.0342
[20:55:08]   HIT  MOEXOG             oil_z            lag=  1 m5_p=0.3724  m6_ic=0.0631
[20:55:09]   HIT  MOEXOG             oil_z            lag= 30 m5_p=0.4142  m6_ic=0.0327
[20:55:09]   HIT  MOEXOG             rate_z           lag=  1 m5_p=0.4612  m6_ic=0.0707
[20:55:10]   HIT  MOEXOG             rate_z           lag= 14 m5_p=0.2424  m6_ic=0.0662
[20:55:10]   HIT  MOEXOG             ruble_z          lag=  1 m5_p=0.8949  m6_ic=0.1057
[20:55:10]   HIT  MOEXOG             ruble_z          lag= 14 m5_p=0.7465  m6_ic=0.0580
[20:55:11]   HIT  MOEXOG             ruble_z          lag= 30 m5_p=0.7976  m6_ic=0.0729
[20:55:11]   HIT  MOEXOG             sanctions_z      lag= 30 m5_p=0.9910  m6_ic=0.0468
[20:55:12]   HIT  MOEXOG             inflation_z      lag= 14 m5_p=0.8699  m6_ic=0.0607
[20:55:12]   HIT  MOEXOG             inflation_z      lag= 30 m5_p=0.6597  m6_ic=0.0801
[20:55:12]   HIT  MOEXOG             banking_z        lag=  1 m5_p=0.6315  m6_ic=0.0497
[20:55:13]   HIT  MOEXOG             gold_z           lag=  1 m5_p=0.3783  m6_ic=0.0514
[20:55:13]   HIT  MOEXOG             gold_z           lag=  7 m5_p=0.5586  m6_ic=0.0352
[20:55:14]   HIT  MOEX10             oil_z            lag=  1 m5_p=0.5139  m6_ic=0.0434
[20:55:14]   HIT  MOEX10             oil_z            lag=  7 m5_p=0.5069  m6_ic=0.0678
[20:55:14]   HIT  MOEX10             oil_z            lag= 14 m5_p=0.9103  m6_ic=0.0741
[20:55:15]   HIT  MOEX10             rate_z           lag= 30 m5_p=0.7390  m6_ic=0.0537
[20:55:16]   HIT  MOEX10             ruble_z          lag=  1 m5_p=0.6965  m6_ic=0.0453
[20:55:16]   HIT  MOEX10             ruble_z          lag=  7 m5_p=0.2110  m6_ic=0.0537
[20:55:16]   HIT  MOEX10             ruble_z          lag= 14 m5_p=0.6922  m6_ic=0.0383
[20:55:16]   HIT  MOEX10             ruble_z          lag= 30 m5_p=0.9554  m6_ic=0.0429
[20:55:17]   HIT  MOEX10             sanctions_z      lag=  1 m5_p=0.1513  m6_ic=0.0704
[20:55:17]   HIT  MOEX10             sanctions_z      lag=  7 m5_p=0.3906  m6_ic=0.0342
[20:55:17]   HIT  MOEX10             sanctions_z      lag= 14 m5_p=0.3927  m6_ic=0.0471
[20:55:17]   HIT  MOEX10             sanctions_z      lag= 30 m5_p=0.5885  m6_ic=0.0451
[20:55:18]   HIT  MOEX10             inflation_z      lag=  7 m5_p=0.1923  m6_ic=0.0489
[20:55:18]   HIT  MOEX10             inflation_z      lag= 14 m5_p=0.7230  m6_ic=0.0916
[20:55:18]   HIT  MOEX10             inflation_z      lag= 30 m5_p=0.7268  m6_ic=0.0455
[20:55:18]   HIT  MOEX10             banking_z        lag=  1 m5_p=0.8517  m6_ic=0.0351
[20:55:18]   HIT  MOEX10             banking_z        lag=  7 m5_p=0.3048  m6_ic=0.0330
[20:55:19]   HIT  MOEX10             gold_z           lag=  1 m5_p=0.6710  m6_ic=0.0428
[20:55:19]   HIT  MOEX10             gold_z           lag=  7 m5_p=0.2770  m6_ic=0.0721
[20:55:19]   HIT  MOEX10             gold_z           lag= 14 m5_p=0.9879  m6_ic=0.0520
[20:55:20]     Train: 256 signals
[20:55:20]     Val holdout (256 candidates)...
[20:55:20]     VAL PASS  SP500              oil_z            lag=  7  m6_ic=0.1011
[20:55:20]     VAL PASS  SP500              oil_z            lag= 14  m6_ic=0.0545
[20:55:21]     VAL PASS  SP500              sanctions_z      lag= 14  m6_ic=0.0620
[20:55:21]     VAL PASS  SP500              inflation_z      lag=  1  m6_ic=0.0769
[20:55:21]     VAL PASS  SP500              inflation_z      lag=  7  m6_ic=0.0609
[20:55:22]     VAL PASS  SP500              banking_z        lag=  7  m6_ic=0.0528
[20:55:22]     VAL PASS  SP500              gold_z           lag=  7  m6_ic=0.0639
[20:55:22]     VAL PASS  SP500              gold_z           lag= 14  m6_ic=0.0975
[20:55:22]     VAL PASS  USD_RUB            oil_z            lag=  1  m6_ic=0.0833
[20:55:22]     VAL PASS  USD_RUB            oil_z            lag=  7  m6_ic=0.0905
[20:55:23]     VAL PASS  USD_RUB            oil_z            lag= 14  m6_ic=0.0654
[20:55:23]     VAL PASS  USD_RUB            oil_z            lag= 30  m6_ic=0.0777
[20:55:23]     VAL PASS  USD_RUB            rate_z           lag= 14  m6_ic=0.0451
[20:55:25]     VAL PASS  USD_RUB            inflation_z      lag=  7  m6_ic=0.1676
[20:55:25]     VAL PASS  USD_RUB            inflation_z      lag= 30  m6_ic=0.0647
[20:55:25]     VAL PASS  USD_RUB            banking_z        lag=  7  m6_ic=0.0651
[20:55:26]     VAL PASS  EUR_RUB            oil_z            lag=  1  m6_ic=0.0833
[20:55:26]     VAL PASS  EUR_RUB            oil_z            lag=  7  m6_ic=0.0905
[20:55:26]     VAL PASS  EUR_RUB            oil_z            lag= 14  m6_ic=0.0654
[20:55:27]     VAL PASS  EUR_RUB            oil_z            lag= 30  m6_ic=0.0777
[20:55:27]     VAL PASS  EUR_RUB            rate_z           lag= 14  m6_ic=0.0451
[20:55:28]     VAL PASS  EUR_RUB            inflation_z      lag=  7  m6_ic=0.1676
[20:55:29]     VAL PASS  EUR_RUB            inflation_z      lag= 30  m6_ic=0.0647
[20:55:29]     VAL PASS  EUR_RUB            banking_z        lag=  7  m6_ic=0.0651
[20:55:30]     VAL PASS  DJ_SOUTH_AFRICA    oil_z            lag= 14  m6_ic=0.0918
[20:55:30]     VAL PASS  DJ_SOUTH_AFRICA    rate_z           lag=  1  m6_ic=0.0730
[20:55:30]     VAL PASS  DJ_SOUTH_AFRICA    rate_z           lag= 30  m6_ic=0.0806
[20:55:30]     VAL PASS  DJ_SOUTH_AFRICA    ruble_z          lag=  1  m6_ic=0.0687
[20:55:31]     VAL PASS  DJ_SOUTH_AFRICA    ruble_z          lag=  7  m6_ic=0.0321
[20:55:31]     VAL PASS  DJ_SOUTH_AFRICA    sanctions_z      lag=  1  m6_ic=0.0403
[20:55:31]     VAL PASS  DJ_SOUTH_AFRICA    sanctions_z      lag= 14  m6_ic=0.0649
[20:55:31]     VAL PASS  DJ_SOUTH_AFRICA    sanctions_z      lag= 30  m6_ic=0.1084
[20:55:32]     VAL PASS  DJ_SOUTH_AFRICA    inflation_z      lag=  7  m6_ic=0.0890
[20:55:32]     VAL PASS  DJ_SOUTH_AFRICA    banking_z        lag=  1  m6_ic=0.0834
[20:55:32]     VAL PASS  DJ_SOUTH_AFRICA    banking_z        lag= 30  m6_ic=0.0524
[20:55:32]     VAL PASS  DJ_SOUTH_AFRICA    gold_z           lag=  7  m6_ic=0.0344
[20:55:32]     VAL PASS  DJ_SOUTH_AFRICA    gold_z           lag= 30  m6_ic=0.0782
[20:55:33]     VAL PASS  MSCI_WORLD         rate_z           lag= 30  m6_ic=0.1301
[20:55:33]     VAL PASS  MSCI_WORLD         ruble_z          lag=  1  m6_ic=0.0343
[20:55:33]     VAL PASS  MSCI_WORLD         ruble_z          lag=  7  m6_ic=0.0589
[20:55:34]     VAL PASS  MSCI_WORLD         sanctions_z      lag=  1  m6_ic=0.0843
[20:55:34]     VAL PASS  MSCI_WORLD         inflation_z      lag=  1  m6_ic=0.0905
[20:55:34]     VAL PASS  MSCI_WORLD         banking_z        lag= 30  m6_ic=0.0447
[20:55:34]     VAL PASS  MSCI_WORLD         gold_z           lag= 14  m6_ic=0.0447
[20:55:35]     VAL PASS  MSCI_WORLD         gold_z           lag= 30  m6_ic=0.0346
[20:55:35]     VAL PASS  DXY                oil_z            lag=  1  m6_ic=0.0744
[20:55:35]     VAL PASS  DXY                oil_z            lag= 30  m6_ic=0.1209
[20:55:36]     VAL PASS  DXY                rate_z           lag=  7  m6_ic=0.0505
[20:55:36]     VAL PASS  DXY                rate_z           lag= 14  m6_ic=0.0737
[20:55:36]     VAL PASS  DXY                rate_z           lag= 30  m6_ic=0.0588
[20:55:36]     VAL PASS  DXY                ruble_z          lag=  1  m6_ic=0.1166
[20:55:37]     VAL PASS  DXY                sanctions_z      lag= 30  m6_ic=0.0454
[20:55:37]     VAL PASS  DXY                inflation_z      lag=  7  m6_ic=0.0523
[20:55:37]     VAL PASS  DXY                inflation_z      lag= 14  m6_ic=0.0854
[20:55:37]     VAL PASS  DXY                banking_z        lag=  1  m6_ic=0.0692
[20:55:37]     VAL PASS  DXY                banking_z        lag=  7  m6_ic=0.0691
[20:55:38]     VAL PASS  DXY                banking_z        lag= 14  m6_ic=0.0665
[20:55:38]     VAL PASS  DXY                gold_z           lag= 14  m6_ic=0.0577
[20:55:39]     VAL PASS  BRENT              rate_z           lag=  1  m6_ic=0.0793
[20:55:39]     VAL PASS  BRENT              rate_z           lag= 30  m6_ic=0.0572
[20:55:39]     VAL PASS  BRENT              ruble_z          lag=  1  m6_ic=0.0634
[20:55:39]     VAL PASS  BRENT              ruble_z          lag=  7  m6_ic=0.0466
[20:55:39]     VAL PASS  BRENT              ruble_z          lag= 14  m6_ic=0.0378
[20:55:40]     VAL PASS  BRENT              sanctions_z      lag=  1  m6_ic=0.0554
[20:55:40]     VAL PASS  BRENT              sanctions_z      lag=  7  m6_ic=0.0620
[20:55:40]     VAL PASS  BRENT              inflation_z      lag=  1  m6_ic=0.0478
[20:55:41]     VAL PASS  BRENT              inflation_z      lag=  7  m6_ic=0.1761
[20:55:41]     VAL PASS  BRENT              inflation_z      lag= 14  m6_ic=0.0414
[20:55:41]     VAL PASS  BRENT              banking_z        lag=  1  m6_ic=0.0363
[20:55:41]     VAL PASS  BRENT              gold_z           lag=  7  m6_ic=0.0345
[20:55:42]     VAL PASS  BRENT              gold_z           lag= 14  m6_ic=0.0691
[20:55:43]     VAL PASS  MSCI_INDIA         rate_z           lag= 14  m6_ic=0.0335
[20:55:43]     VAL PASS  MSCI_INDIA         ruble_z          lag= 30  m6_ic=0.1518
[20:55:43]     VAL PASS  MSCI_INDIA         sanctions_z      lag=  7  m6_ic=0.0641
[20:55:44]     VAL PASS  MSCI_INDIA         sanctions_z      lag= 14  m6_ic=0.1376
[20:55:44]     VAL PASS  MSCI_INDIA         sanctions_z      lag= 30  m6_ic=0.1001
[20:55:44]     VAL PASS  MSCI_INDIA         inflation_z      lag=  1  m6_ic=0.0539
[20:55:44]     VAL PASS  MSCI_INDIA         inflation_z      lag= 14  m6_ic=0.0767
[20:55:44]     VAL PASS  MSCI_INDIA         inflation_z      lag= 30  m6_ic=0.0449
[20:55:45]     VAL PASS  MSCI_INDIA         banking_z        lag=  1  m6_ic=0.0740
[20:55:45]     VAL PASS  MSCI_INDIA         banking_z        lag= 30  m6_ic=0.0373
[20:55:46]     VAL PASS  CHINA_H_SHARES     oil_z            lag= 14  m6_ic=0.0819
[20:55:46]     VAL PASS  CHINA_H_SHARES     oil_z            lag= 30  m6_ic=0.1345
[20:55:47]     VAL PASS  CHINA_H_SHARES     rate_z           lag= 30  m6_ic=0.0634
[20:55:47]     VAL PASS  CHINA_H_SHARES     ruble_z          lag= 30  m6_ic=0.1047
[20:55:47]     VAL PASS  CHINA_H_SHARES     sanctions_z      lag=  7  m6_ic=0.0629
[20:55:47]     VAL PASS  CHINA_H_SHARES     inflation_z      lag=  7  m6_ic=0.0581
[20:55:48]     VAL PASS  CHINA_H_SHARES     inflation_z      lag= 14  m6_ic=0.0627
[20:55:48]     VAL PASS  CHINA_H_SHARES     inflation_z      lag= 30  m6_ic=0.0476
[20:55:48]     VAL PASS  CHINA_H_SHARES     banking_z        lag= 30  m6_ic=0.0314
[20:55:49]     VAL PASS  CHINA_H_SHARES     gold_z           lag= 14  m6_ic=0.0441
[20:55:49]     VAL PASS  CHINA_H_SHARES     gold_z           lag= 30  m6_ic=0.0597
[20:55:49]     VAL PASS  FTSE_CHINA_50      rate_z           lag=  1  m6_ic=0.0893
[20:55:50]     VAL PASS  FTSE_CHINA_50      rate_z           lag= 30  m6_ic=0.0603
[20:55:50]     VAL PASS  FTSE_CHINA_50      ruble_z          lag= 30  m6_ic=0.1202
[20:55:50]     VAL PASS  FTSE_CHINA_50      sanctions_z      lag=  7  m6_ic=0.0326
[20:55:51]     VAL PASS  FTSE_CHINA_50      inflation_z      lag= 30  m6_ic=0.1323
[20:55:51]     VAL PASS  FTSE_CHINA_50      banking_z        lag=  7  m6_ic=0.0824
[20:55:51]     VAL PASS  FTSE_CHINA_50      gold_z           lag= 14  m6_ic=0.0384
[20:55:52]     VAL PASS  FTSE_CHINA_50      gold_z           lag= 30  m6_ic=0.0801
[20:55:52]     VAL PASS  GOLD               oil_z            lag= 30  m6_ic=0.0961
[20:55:52]     VAL PASS  GOLD               rate_z           lag= 30  m6_ic=0.0734
[20:55:53]     VAL PASS  GOLD               sanctions_z      lag= 30  m6_ic=0.0315
[20:55:53]     VAL PASS  GOLD               inflation_z      lag= 14  m6_ic=0.0464
[20:55:54]     VAL PASS  GOLD               gold_z           lag=  7  m6_ic=0.0580
[20:55:54]     VAL PASS  GOLD               gold_z           lag= 30  m6_ic=0.0790
[20:55:55]     VAL PASS  SILVER             rate_z           lag=  1  m6_ic=0.0647
[20:55:55]     VAL PASS  SILVER             rate_z           lag=  7  m6_ic=0.0771
[20:55:55]     VAL PASS  SILVER             rate_z           lag= 30  m6_ic=0.0806
[20:55:55]     VAL PASS  SILVER             ruble_z          lag= 30  m6_ic=0.0839
[20:55:56]     VAL PASS  SILVER             sanctions_z      lag=  7  m6_ic=0.0307
[20:55:56]     VAL PASS  SILVER             sanctions_z      lag= 14  m6_ic=0.0913
[20:55:56]     VAL PASS  SILVER             sanctions_z      lag= 30  m6_ic=0.0898
[20:55:57]     VAL PASS  SILVER             gold_z           lag=  7  m6_ic=0.1005
[20:55:58]     VAL PASS  IMOEX              oil_z            lag=  1  m6_ic=0.1311
[20:55:58]     VAL PASS  IMOEX              oil_z            lag= 30  m6_ic=0.0792
[20:55:58]     VAL PASS  IMOEX              rate_z           lag= 14  m6_ic=0.0772
[20:55:58]     VAL PASS  IMOEX              rate_z           lag= 30  m6_ic=0.0553
[20:55:58]     VAL PASS  IMOEX              ruble_z          lag=  1  m6_ic=0.1524
[20:55:59]     VAL PASS  IMOEX              ruble_z          lag=  7  m6_ic=0.1041
[20:55:59]     VAL PASS  IMOEX              ruble_z          lag= 30  m6_ic=0.1248
[20:55:59]     VAL PASS  IMOEX              sanctions_z      lag=  1  m6_ic=0.1191
[20:55:59]     VAL PASS  IMOEX              sanctions_z      lag= 14  m6_ic=0.1461
[20:55:59]     VAL PASS  IMOEX              inflation_z      lag= 14  m6_ic=0.1065
[20:56:00]     VAL PASS  IMOEX              banking_z        lag=  7  m6_ic=0.1295
[20:56:00]     VAL PASS  IMOEX              gold_z           lag=  1  m6_ic=0.0559
[20:56:00]     VAL PASS  IMOEX              gold_z           lag=  7  m6_ic=0.0766
[20:56:01]     VAL PASS  MOEXFN             oil_z            lag=  1  m6_ic=0.0838
[20:56:01]     VAL PASS  MOEXFN             oil_z            lag= 14  m6_ic=0.0849
[20:56:01]     VAL PASS  MOEXFN             oil_z            lag= 30  m6_ic=0.0554
[20:56:01]     VAL PASS  MOEXFN             rate_z           lag=  1  m6_ic=0.0481
[20:56:01]     VAL PASS  MOEXFN             rate_z           lag=  7  m6_ic=0.0437
[20:56:02]     VAL PASS  MOEXFN             ruble_z          lag=  7  m6_ic=0.1015
[20:56:02]     VAL PASS  MOEXFN             sanctions_z      lag=  1  m6_ic=0.0834
[20:56:02]     VAL PASS  MOEXFN             sanctions_z      lag= 14  m6_ic=0.0918
[20:56:03]     VAL PASS  MOEXFN             sanctions_z      lag= 30  m6_ic=0.0696
[20:56:03]     VAL PASS  MOEXFN             inflation_z      lag=  7  m6_ic=0.0490
[20:56:03]     VAL PASS  MOEXFN             banking_z        lag=  1  m6_ic=0.0692
[20:56:03]     VAL PASS  MOEXFN             banking_z        lag=  7  m6_ic=0.1087
[20:56:04]     VAL PASS  MOEXFN             gold_z           lag= 30  m6_ic=0.0395
[20:56:04]     VAL PASS  MOEXOG             oil_z            lag=  1  m6_ic=0.0706
[20:56:04]     VAL PASS  MOEXOG             oil_z            lag= 30  m6_ic=0.0808
[20:56:05]     VAL PASS  MOEXOG             rate_z           lag=  1  m6_ic=0.0551
[20:56:05]     VAL PASS  MOEXOG             rate_z           lag= 14  m6_ic=0.0520
[20:56:05]     VAL PASS  MOEXOG             ruble_z          lag=  1  m6_ic=0.1357
[20:56:05]     VAL PASS  MOEXOG             ruble_z          lag= 14  m6_ic=0.1405
[20:56:05]     VAL PASS  MOEXOG             ruble_z          lag= 30  m6_ic=0.0940
[20:56:06]     VAL PASS  MOEXOG             sanctions_z      lag= 30  m6_ic=0.1019
[20:56:06]     VAL PASS  MOEXOG             inflation_z      lag= 14  m6_ic=0.1367
[20:56:06]     VAL PASS  MOEXOG             inflation_z      lag= 30  m6_ic=0.0812
[20:56:06]     VAL PASS  MOEXOG             banking_z        lag=  1  m6_ic=0.0469
[20:56:07]     VAL PASS  MOEXOG             gold_z           lag=  7  m6_ic=0.0341
[20:56:07]     VAL PASS  MOEX10             oil_z            lag=  1  m6_ic=0.0992
[20:56:07]     VAL PASS  MOEX10             oil_z            lag= 14  m6_ic=0.0833
[20:56:08]     VAL PASS  MOEX10             ruble_z          lag=  1  m6_ic=0.1609
[20:56:08]     VAL PASS  MOEX10             ruble_z          lag=  7  m6_ic=0.1066
[20:56:08]     VAL PASS  MOEX10             ruble_z          lag= 14  m6_ic=0.0661
[20:56:08]     VAL PASS  MOEX10             ruble_z          lag= 30  m6_ic=0.0592
[20:56:08]     VAL PASS  MOEX10             sanctions_z      lag=  1  m6_ic=0.0987
[20:56:09]     VAL PASS  MOEX10             sanctions_z      lag= 14  m6_ic=0.1194
[20:56:09]     VAL PASS  MOEX10             sanctions_z      lag= 30  m6_ic=0.0984
[20:56:09]     VAL PASS  MOEX10             inflation_z      lag=  7  m6_ic=0.0601
[20:56:09]     VAL PASS  MOEX10             inflation_z      lag= 14  m6_ic=0.1025
[20:56:10]     VAL PASS  MOEX10             inflation_z      lag= 30  m6_ic=0.0734
[20:56:10]     VAL PASS  MOEX10             banking_z        lag=  1  m6_ic=0.0713
[20:56:10]     VAL PASS  MOEX10             banking_z        lag=  7  m6_ic=0.1327
[20:56:10]     VAL PASS  MOEX10             gold_z           lag=  1  m6_ic=0.0462
[20:56:10]     VAL PASS  MOEX10             gold_z           lag=  7  m6_ic=0.0313
[20:56:10]     VAL PASS  MOEX10             gold_z           lag= 14  m6_ic=0.0887
[20:56:10]     Val: 169/256 held
[20:56:10]   → train=256  val=169  max_ic=0.1673  score=2720.0
[20:56:10] 
============================================================
[20:56:10] FINAL REPORT
[20:56:10] ============================================================
[20:56:11] Report: C:\project\signal_mind\analytics\phase_b\night_search\night_report_20260520_203734.md
[20:56:11] Hits CSV: C:\project\signal_mind\analytics\phase_b\night_search\night_hits_20260520_203734.csv
[20:56:11] 
[9/15] sweep_keyword_z30_vol_5d  (budget=66min)
[20:56:11]   Config: sweep_keyword_z30_vol_5d
[20:56:11]     feature=keyword_z30  target=vol_5d  ensemble=M6_only  ic_min=0.03
[20:56:11]   HIT  SP500              oil_z            lag=  7 m5_p=0.8254  m6_ic=0.0637
[20:56:11]   HIT  SP500              oil_z            lag= 14 m5_p=0.7170  m6_ic=0.0936
[20:56:12]   HIT  SP500              oil_z            lag= 30 m5_p=0.2916  m6_ic=0.0516
[20:56:12]   HIT  SP500              rate_z           lag=  7 m5_p=0.7357  m6_ic=0.0370
[20:56:12]   HIT  SP500              rate_z           lag= 14 m5_p=0.9951  m6_ic=0.0679
[20:56:13]   HIT  SP500              ruble_z          lag= 30 m5_p=0.2154  m6_ic=0.0653
[20:56:14]   HIT  SP500              sanctions_z      lag= 14 m5_p=0.6295  m6_ic=0.0724
[20:56:14]   HIT  SP500              inflation_z      lag=  1 m5_p=0.5734  m6_ic=0.0578
[20:56:15]   HIT  SP500              inflation_z      lag=  7 m5_p=0.6216  m6_ic=0.0540
[20:56:15]   HIT  SP500              banking_z        lag=  7 m5_p=0.3767  m6_ic=0.0412
[20:56:16]   HIT  SP500              gold_z           lag=  7 m5_p=0.8404  m6_ic=0.1002
[20:56:17]   HIT  SP500              gold_z           lag= 14 m5_p=0.7661  m6_ic=0.0678
[20:56:17]   HIT  USD_RUB            oil_z            lag=  1 m5_p=0.5610  m6_ic=0.0303
[20:56:17]   HIT  USD_RUB            oil_z            lag=  7 m5_p=0.7301  m6_ic=0.0640
[20:56:17]   HIT  USD_RUB            oil_z            lag= 14 m5_p=0.5573  m6_ic=0.0307
[20:56:18]   HIT  USD_RUB            oil_z            lag= 30 m5_p=0.3761  m6_ic=0.0323
[20:56:18]   HIT  USD_RUB            rate_z           lag=  1 m5_p=0.9476  m6_ic=0.0959
[20:56:18]   HIT  USD_RUB            rate_z           lag= 14 m5_p=0.2823  m6_ic=0.0381
[20:56:19]   HIT  USD_RUB            ruble_z          lag=  1 m5_p=0.1170  m6_ic=0.0586
[20:56:19]   HIT  USD_RUB            ruble_z          lag=  7 m5_p=0.0983  m6_ic=0.0333
[20:56:19]   HIT  USD_RUB            ruble_z          lag= 14 m5_p=0.6695  m6_ic=0.1068
[20:56:19]   HIT  USD_RUB            ruble_z          lag= 30 m5_p=0.2572  m6_ic=0.0303
[20:56:19]   HIT  USD_RUB            sanctions_z      lag=  1 m5_p=0.1513  m6_ic=0.0917
[20:56:20]   HIT  USD_RUB            sanctions_z      lag=  7 m5_p=0.0612  m6_ic=0.0407
[20:56:20]   HIT  USD_RUB            sanctions_z      lag= 30 m5_p=0.0838  m6_ic=0.0403
[20:56:20]   HIT  USD_RUB            inflation_z      lag=  7 m5_p=0.4905  m6_ic=0.0813
[20:56:21]   HIT  USD_RUB            inflation_z      lag= 14 m5_p=0.2798  m6_ic=0.0500
[20:56:21]   HIT  USD_RUB            inflation_z      lag= 30 m5_p=0.6349  m6_ic=0.0538
[20:56:21]   HIT  USD_RUB            banking_z        lag=  1 m5_p=0.7376  m6_ic=0.0572
[20:56:21]   HIT  USD_RUB            banking_z        lag=  7 m5_p=0.1520  m6_ic=0.0568
[20:56:22]   HIT  USD_RUB            banking_z        lag= 30 m5_p=0.8190  m6_ic=0.0656
[20:56:23]   HIT  EUR_RUB            oil_z            lag=  1 m5_p=0.5610  m6_ic=0.0303
[20:56:23]   HIT  EUR_RUB            oil_z            lag=  7 m5_p=0.7301  m6_ic=0.0640
[20:56:23]   HIT  EUR_RUB            oil_z            lag= 14 m5_p=0.5573  m6_ic=0.0307
[20:56:23]   HIT  EUR_RUB            oil_z            lag= 30 m5_p=0.3761  m6_ic=0.0323
[20:56:23]   HIT  EUR_RUB            rate_z           lag=  1 m5_p=0.9476  m6_ic=0.0959
[20:56:24]   HIT  EUR_RUB            rate_z           lag= 14 m5_p=0.2823  m6_ic=0.0381
[20:56:24]   HIT  EUR_RUB            ruble_z          lag=  1 m5_p=0.1170  m6_ic=0.0586
[20:56:24]   HIT  EUR_RUB            ruble_z          lag=  7 m5_p=0.0983  m6_ic=0.0333
[20:56:25]   HIT  EUR_RUB            ruble_z          lag= 14 m5_p=0.6695  m6_ic=0.1068
[20:56:25]   HIT  EUR_RUB            ruble_z          lag= 30 m5_p=0.2572  m6_ic=0.0303
[20:56:25]   HIT  EUR_RUB            sanctions_z      lag=  1 m5_p=0.1513  m6_ic=0.0917
[20:56:25]   HIT  EUR_RUB            sanctions_z      lag=  7 m5_p=0.0612  m6_ic=0.0407
[20:56:26]   HIT  EUR_RUB            sanctions_z      lag= 30 m5_p=0.0838  m6_ic=0.0403
[20:56:26]   HIT  EUR_RUB            inflation_z      lag=  7 m5_p=0.4905  m6_ic=0.0813
[20:56:26]   HIT  EUR_RUB            inflation_z      lag= 14 m5_p=0.2798  m6_ic=0.0500
[20:56:27]   HIT  EUR_RUB            inflation_z      lag= 30 m5_p=0.6349  m6_ic=0.0538
[20:56:27]   HIT  EUR_RUB            banking_z        lag=  1 m5_p=0.7376  m6_ic=0.0572
[20:56:27]   HIT  EUR_RUB            banking_z        lag=  7 m5_p=0.1520  m6_ic=0.0568
[20:56:27]   HIT  EUR_RUB            banking_z        lag= 30 m5_p=0.8190  m6_ic=0.0656
[20:56:29]   HIT  DJ_SOUTH_AFRICA    oil_z            lag= 14 m5_p=0.2445  m6_ic=0.0489
[20:56:29]   HIT  DJ_SOUTH_AFRICA    rate_z           lag=  1 m5_p=0.6268  m6_ic=0.0775
[20:56:29]   HIT  DJ_SOUTH_AFRICA    rate_z           lag=  7 m5_p=0.8298  m6_ic=0.0342
[20:56:30]   HIT  DJ_SOUTH_AFRICA    rate_z           lag= 30 m5_p=0.6839  m6_ic=0.0726
[20:56:30]   HIT  DJ_SOUTH_AFRICA    ruble_z          lag=  1 m5_p=0.1001  m6_ic=0.0534
[20:56:30]   HIT  DJ_SOUTH_AFRICA    ruble_z          lag=  7 m5_p=0.4065  m6_ic=0.0595
[20:56:30]   HIT  DJ_SOUTH_AFRICA    ruble_z          lag= 30 m5_p=0.5463  m6_ic=0.0461
[20:56:31]   HIT  DJ_SOUTH_AFRICA    sanctions_z      lag=  1 m5_p=0.7442  m6_ic=0.0604
[20:56:31]   HIT  DJ_SOUTH_AFRICA    sanctions_z      lag= 14 m5_p=0.0128  m6_ic=0.0833
[20:56:31]   HIT  DJ_SOUTH_AFRICA    sanctions_z      lag= 30 m5_p=0.2280  m6_ic=0.1116
[20:56:32]   HIT  DJ_SOUTH_AFRICA    inflation_z      lag=  7 m5_p=0.0980  m6_ic=0.1431
[20:56:32]   HIT  DJ_SOUTH_AFRICA    banking_z        lag=  1 m5_p=0.3162  m6_ic=0.0328
[20:56:33]   HIT  DJ_SOUTH_AFRICA    banking_z        lag= 30 m5_p=0.2699  m6_ic=0.0477
[20:56:33]   HIT  DJ_SOUTH_AFRICA    gold_z           lag=  7 m5_p=0.8091  m6_ic=0.0329
[20:56:34]   HIT  DJ_SOUTH_AFRICA    gold_z           lag= 30 m5_p=0.8393  m6_ic=0.1079
[20:56:34]   HIT  MSCI_WORLD         oil_z            lag= 14 m5_p=0.2593  m6_ic=0.0384
[20:56:35]   HIT  MSCI_WORLD         rate_z           lag= 14 m5_p=0.5906  m6_ic=0.0762
[20:56:35]   HIT  MSCI_WORLD         rate_z           lag= 30 m5_p=0.7262  m6_ic=0.0625
[20:56:35]   HIT  MSCI_WORLD         ruble_z          lag=  1 m5_p=0.9537  m6_ic=0.0402
[20:56:36]   HIT  MSCI_WORLD         ruble_z          lag=  7 m5_p=0.8457  m6_ic=0.0720
[20:56:36]   HIT  MSCI_WORLD         sanctions_z      lag=  1 m5_p=0.8301  m6_ic=0.0666
[20:56:37]   HIT  MSCI_WORLD         sanctions_z      lag= 14 m5_p=0.0116  m6_ic=0.0751
[20:56:37]   HIT  MSCI_WORLD         inflation_z      lag=  1 m5_p=0.3657  m6_ic=0.0524
[20:56:38]   HIT  MSCI_WORLD         banking_z        lag= 30 m5_p=0.8740  m6_ic=0.0714
[20:56:39]   HIT  MSCI_WORLD         gold_z           lag= 14 m5_p=0.2426  m6_ic=0.0489
[20:56:39]   HIT  MSCI_WORLD         gold_z           lag= 30 m5_p=0.9033  m6_ic=0.1028
[20:56:39]   HIT  DXY                oil_z            lag=  1 m5_p=0.0363  m6_ic=0.0493
[20:56:40]   HIT  DXY                oil_z            lag=  7 m5_p=0.4332  m6_ic=0.0514
[20:56:40]   HIT  DXY                oil_z            lag= 30 m5_p=0.9929  m6_ic=0.0315
[20:56:40]   HIT  DXY                rate_z           lag=  1 m5_p=0.0870  m6_ic=0.0481
[20:56:40]   HIT  DXY                rate_z           lag=  7 m5_p=0.2159  m6_ic=0.0660
[20:56:41]   HIT  DXY                rate_z           lag= 14 m5_p=0.4269  m6_ic=0.0606
[20:56:41]   HIT  DXY                rate_z           lag= 30 m5_p=0.1851  m6_ic=0.0488
[20:56:41]   HIT  DXY                ruble_z          lag=  1 m5_p=0.5830  m6_ic=0.0457
[20:56:41]   HIT  DXY                ruble_z          lag= 14 m5_p=0.3215  m6_ic=0.0417
[20:56:42]   HIT  DXY                sanctions_z      lag= 30 m5_p=0.7737  m6_ic=0.0507
[20:56:43]   HIT  DXY                inflation_z      lag=  7 m5_p=0.3826  m6_ic=0.0533
[20:56:43]   HIT  DXY                inflation_z      lag= 14 m5_p=0.8770  m6_ic=0.0450
[20:56:43]   HIT  DXY                banking_z        lag=  1 m5_p=0.1827  m6_ic=0.0520
[20:56:44]   HIT  DXY                banking_z        lag=  7 m5_p=0.7330  m6_ic=0.0326
[20:56:44]   HIT  DXY                banking_z        lag= 14 m5_p=0.9784  m6_ic=0.0366
[20:56:44]   HIT  DXY                gold_z           lag=  7 m5_p=0.1562  m6_ic=0.0631
[20:56:45]   HIT  DXY                gold_z           lag= 14 m5_p=0.7091  m6_ic=0.0767
[20:56:45]   HIT  BRENT              oil_z            lag=  7 m5_p=0.7839  m6_ic=0.0578
[20:56:46]   HIT  BRENT              oil_z            lag= 30 m5_p=0.7896  m6_ic=0.0534
[20:56:46]   HIT  BRENT              rate_z           lag=  1 m5_p=0.4639  m6_ic=0.0489
[20:56:46]   HIT  BRENT              rate_z           lag= 30 m5_p=0.7557  m6_ic=0.1055
[20:56:47]   HIT  BRENT              ruble_z          lag=  1 m5_p=0.1300  m6_ic=0.0318
[20:56:47]   HIT  BRENT              ruble_z          lag=  7 m5_p=0.3462  m6_ic=0.0456
[20:56:47]   HIT  BRENT              ruble_z          lag= 14 m5_p=0.3931  m6_ic=0.0431
[20:56:47]   HIT  BRENT              ruble_z          lag= 30 m5_p=0.3398  m6_ic=0.0647
[20:56:48]   HIT  BRENT              sanctions_z      lag=  1 m5_p=0.9551  m6_ic=0.0360
[20:56:48]   HIT  BRENT              sanctions_z      lag=  7 m5_p=0.7252  m6_ic=0.0542
[20:56:48]   HIT  BRENT              sanctions_z      lag= 14 m5_p=0.2424  m6_ic=0.0325
[20:56:48]   HIT  BRENT              inflation_z      lag=  1 m5_p=0.3106  m6_ic=0.0379
[20:56:48]   HIT  BRENT              inflation_z      lag=  7 m5_p=0.8715  m6_ic=0.0712
[20:56:49]   HIT  BRENT              inflation_z      lag= 14 m5_p=0.9169  m6_ic=0.0952
[20:56:49]   HIT  BRENT              banking_z        lag=  1 m5_p=0.8083  m6_ic=0.0307
[20:56:50]   HIT  BRENT              gold_z           lag=  1 m5_p=0.2283  m6_ic=0.0394
[20:56:50]   HIT  BRENT              gold_z           lag=  7 m5_p=0.5565  m6_ic=0.0647
[20:56:50]   HIT  BRENT              gold_z           lag= 14 m5_p=0.4285  m6_ic=0.0621
[20:56:50]   HIT  BRENT              gold_z           lag= 30 m5_p=0.5484  m6_ic=0.0543
[20:56:51]   HIT  MSCI_INDIA         oil_z            lag= 30 m5_p=0.7651  m6_ic=0.0559
[20:56:52]   HIT  MSCI_INDIA         rate_z           lag=  7 m5_p=0.8927  m6_ic=0.1361
[20:56:52]   HIT  MSCI_INDIA         rate_z           lag= 14 m5_p=0.4433  m6_ic=0.0622
[20:56:52]   HIT  MSCI_INDIA         rate_z           lag= 30 m5_p=0.8638  m6_ic=0.0670
[20:56:53]   HIT  MSCI_INDIA         ruble_z          lag=  7 m5_p=0.4872  m6_ic=0.0582
[20:56:53]   HIT  MSCI_INDIA         ruble_z          lag= 30 m5_p=0.9102  m6_ic=0.0868
[20:56:53]   HIT  MSCI_INDIA         sanctions_z      lag=  7 m5_p=0.7171  m6_ic=0.0578
[20:56:54]   HIT  MSCI_INDIA         sanctions_z      lag= 14 m5_p=0.1846  m6_ic=0.0535
[20:56:54]   HIT  MSCI_INDIA         sanctions_z      lag= 30 m5_p=0.7792  m6_ic=0.0746
[20:56:54]   HIT  MSCI_INDIA         inflation_z      lag=  1 m5_p=0.6167  m6_ic=0.0647
[20:56:54]   HIT  MSCI_INDIA         inflation_z      lag= 14 m5_p=0.4628  m6_ic=0.0468
[20:56:55]   HIT  MSCI_INDIA         inflation_z      lag= 30 m5_p=0.6596  m6_ic=0.1025
[20:56:55]   HIT  MSCI_INDIA         banking_z        lag=  1 m5_p=0.5225  m6_ic=0.0366
[20:56:55]   HIT  MSCI_INDIA         banking_z        lag=  7 m5_p=0.8542  m6_ic=0.0774
[20:56:55]   HIT  MSCI_INDIA         banking_z        lag= 30 m5_p=0.5461  m6_ic=0.0413
[20:56:56]   HIT  MSCI_INDIA         gold_z           lag=  1 m5_p=0.6699  m6_ic=0.0731
[20:56:56]   HIT  MSCI_INDIA         gold_z           lag=  7 m5_p=0.7335  m6_ic=0.0816
[20:56:56]   HIT  MSCI_INDIA         gold_z           lag= 14 m5_p=0.2159  m6_ic=0.0415
[20:56:56]   HIT  CHINA_H_SHARES     oil_z            lag=  1 m5_p=0.5007  m6_ic=0.0682
[20:56:57]   HIT  CHINA_H_SHARES     oil_z            lag= 14 m5_p=0.9264  m6_ic=0.0303
[20:56:57]   HIT  CHINA_H_SHARES     oil_z            lag= 30 m5_p=0.7034  m6_ic=0.0355
[20:56:57]   HIT  CHINA_H_SHARES     rate_z           lag=  1 m5_p=0.0394  m6_ic=0.0625
[20:56:57]   HIT  CHINA_H_SHARES     rate_z           lag=  7 m5_p=0.9527  m6_ic=0.0309
[20:56:58]   HIT  CHINA_H_SHARES     rate_z           lag= 30 m5_p=0.2030  m6_ic=0.0536
[20:56:59]   HIT  CHINA_H_SHARES     ruble_z          lag= 30 m5_p=0.8266  m6_ic=0.1344
[20:56:59]   HIT  CHINA_H_SHARES     sanctions_z      lag=  7 m5_p=0.5359  m6_ic=0.0714
[20:57:00]   HIT  CHINA_H_SHARES     inflation_z      lag=  7 m5_p=0.2935  m6_ic=0.0476
[20:57:00]   HIT  CHINA_H_SHARES     inflation_z      lag= 14 m5_p=0.9861  m6_ic=0.0413
[20:57:00]   HIT  CHINA_H_SHARES     inflation_z      lag= 30 m5_p=0.3077  m6_ic=0.0691
[20:57:01]   HIT  CHINA_H_SHARES     banking_z        lag=  7 m5_p=0.9120  m6_ic=0.0448
[20:57:01]   HIT  CHINA_H_SHARES     banking_z        lag= 30 m5_p=0.9935  m6_ic=0.0303
[20:57:01]   HIT  CHINA_H_SHARES     gold_z           lag=  7 m5_p=0.2118  m6_ic=0.0623
[20:57:02]   HIT  CHINA_H_SHARES     gold_z           lag= 14 m5_p=0.3874  m6_ic=0.0751
[20:57:02]   HIT  CHINA_H_SHARES     gold_z           lag= 30 m5_p=0.8381  m6_ic=0.1381
[20:57:02]   HIT  FTSE_CHINA_50      oil_z            lag=  1 m5_p=0.4869  m6_ic=0.0508
[20:57:02]   HIT  FTSE_CHINA_50      oil_z            lag=  7 m5_p=0.5115  m6_ic=0.0432
[20:57:03]   HIT  FTSE_CHINA_50      rate_z           lag=  1 m5_p=0.0335  m6_ic=0.0535
[20:57:04]   HIT  FTSE_CHINA_50      rate_z           lag= 30 m5_p=0.1565  m6_ic=0.0537
[20:57:05]   HIT  FTSE_CHINA_50      ruble_z          lag= 30 m5_p=0.6544  m6_ic=0.1647
[20:57:05]   HIT  FTSE_CHINA_50      sanctions_z      lag=  7 m5_p=0.4652  m6_ic=0.0412
[20:57:05]   HIT  FTSE_CHINA_50      sanctions_z      lag= 14 m5_p=0.6119  m6_ic=0.0333
[20:57:06]   HIT  FTSE_CHINA_50      inflation_z      lag=  7 m5_p=0.1893  m6_ic=0.0572
[20:57:06]   HIT  FTSE_CHINA_50      inflation_z      lag= 30 m5_p=0.2971  m6_ic=0.0659
[20:57:06]   HIT  FTSE_CHINA_50      banking_z        lag=  7 m5_p=0.9990  m6_ic=0.0715
[20:57:07]   HIT  FTSE_CHINA_50      banking_z        lag= 30 m5_p=0.6948  m6_ic=0.0381
[20:57:08]   HIT  FTSE_CHINA_50      gold_z           lag= 14 m5_p=0.4126  m6_ic=0.0722
[20:57:08]   HIT  FTSE_CHINA_50      gold_z           lag= 30 m5_p=0.6982  m6_ic=0.1673
[20:57:08]   HIT  GOLD               oil_z            lag= 14 m5_p=0.9423  m6_ic=0.0494
[20:57:09]   HIT  GOLD               oil_z            lag= 30 m5_p=0.8657  m6_ic=0.0466
[20:57:09]   HIT  GOLD               rate_z           lag= 14 m5_p=0.2299  m6_ic=0.0556
[20:57:09]   HIT  GOLD               rate_z           lag= 30 m5_p=0.8995  m6_ic=0.0703
[20:57:10]   HIT  GOLD               ruble_z          lag=  7 m5_p=0.8962  m6_ic=0.0833
[20:57:10]   HIT  GOLD               ruble_z          lag= 30 m5_p=0.5798  m6_ic=0.1072
[20:57:11]   HIT  GOLD               sanctions_z      lag= 30 m5_p=0.0589  m6_ic=0.0337
[20:57:11]   HIT  GOLD               inflation_z      lag=  1 m5_p=0.2236  m6_ic=0.0706
[20:57:11]   HIT  GOLD               inflation_z      lag=  7 m5_p=0.0360  m6_ic=0.0828
[20:57:11]   HIT  GOLD               inflation_z      lag= 14 m5_p=0.2796  m6_ic=0.0821
[20:57:12]   HIT  GOLD               banking_z        lag=  7 m5_p=0.1881  m6_ic=0.0517
[20:57:13]   HIT  GOLD               gold_z           lag=  7 m5_p=0.8343  m6_ic=0.0883
[20:57:13]   HIT  GOLD               gold_z           lag= 14 m5_p=0.0620  m6_ic=0.0426
[20:57:13]   HIT  GOLD               gold_z           lag= 30 m5_p=0.4217  m6_ic=0.1003
[20:57:14]   HIT  SILVER             oil_z            lag= 30 m5_p=0.5578  m6_ic=0.0395
[20:57:14]   HIT  SILVER             rate_z           lag=  1 m5_p=0.3262  m6_ic=0.1287
[20:57:14]   HIT  SILVER             rate_z           lag=  7 m5_p=0.4661  m6_ic=0.1086
[20:57:15]   HIT  SILVER             rate_z           lag= 30 m5_p=0.3550  m6_ic=0.0769
[20:57:15]   HIT  SILVER             ruble_z          lag=  7 m5_p=0.4738  m6_ic=0.1011
[20:57:15]   HIT  SILVER             ruble_z          lag= 30 m5_p=0.9263  m6_ic=0.1441
[20:57:16]   HIT  SILVER             sanctions_z      lag=  1 m5_p=0.0249  m6_ic=0.0386
[20:57:16]   HIT  SILVER             sanctions_z      lag=  7 m5_p=0.7252  m6_ic=0.0312
[20:57:16]   HIT  SILVER             sanctions_z      lag= 14 m5_p=0.1365  m6_ic=0.0670
[20:57:16]   HIT  SILVER             sanctions_z      lag= 30 m5_p=0.2364  m6_ic=0.0555
[20:57:17]   HIT  SILVER             inflation_z      lag=  7 m5_p=0.3122  m6_ic=0.1119
[20:57:17]   HIT  SILVER             inflation_z      lag= 30 m5_p=0.6434  m6_ic=0.0400
[20:57:17]   HIT  SILVER             banking_z        lag=  1 m5_p=0.7370  m6_ic=0.0924
[20:57:17]   HIT  SILVER             banking_z        lag=  7 m5_p=0.5184  m6_ic=0.0301
[20:57:18]   HIT  SILVER             gold_z           lag=  1 m5_p=0.0584  m6_ic=0.0631
[20:57:18]   HIT  SILVER             gold_z           lag=  7 m5_p=0.7577  m6_ic=0.0361
[20:57:18]   HIT  SILVER             gold_z           lag= 30 m5_p=0.4651  m6_ic=0.0403
[20:57:19]   HIT  IMOEX              oil_z            lag=  1 m5_p=0.3571  m6_ic=0.0696
[20:57:19]   HIT  IMOEX              oil_z            lag= 30 m5_p=0.6406  m6_ic=0.0514
[20:57:20]   HIT  IMOEX              rate_z           lag= 14 m5_p=0.2562  m6_ic=0.0502
[20:57:20]   HIT  IMOEX              rate_z           lag= 30 m5_p=0.6107  m6_ic=0.1322
[20:57:20]   HIT  IMOEX              ruble_z          lag=  1 m5_p=0.9408  m6_ic=0.0597
[20:57:20]   HIT  IMOEX              ruble_z          lag=  7 m5_p=0.0458  m6_ic=0.0690
[20:57:21]   HIT  IMOEX              ruble_z          lag= 30 m5_p=0.9180  m6_ic=0.0665
[20:57:21]   HIT  IMOEX              sanctions_z      lag=  1 m5_p=0.2181  m6_ic=0.0803
[20:57:21]   HIT  IMOEX              sanctions_z      lag= 14 m5_p=0.6950  m6_ic=0.0354
[20:57:22]   HIT  IMOEX              inflation_z      lag= 14 m5_p=0.5925  m6_ic=0.0569
[20:57:23]   HIT  IMOEX              banking_z        lag=  7 m5_p=0.2841  m6_ic=0.0595
[20:57:23]   HIT  IMOEX              banking_z        lag= 30 m5_p=0.1178  m6_ic=0.0730
[20:57:24]   HIT  IMOEX              gold_z           lag=  1 m5_p=0.4821  m6_ic=0.0339
[20:57:24]   HIT  IMOEX              gold_z           lag=  7 m5_p=0.4466  m6_ic=0.0328
[20:57:24]   HIT  IMOEX              gold_z           lag= 30 m5_p=0.2917  m6_ic=0.0386
[20:57:24]   HIT  MOEXFN             oil_z            lag=  1 m5_p=0.5560  m6_ic=0.0727
[20:57:25]   HIT  MOEXFN             oil_z            lag= 14 m5_p=0.6731  m6_ic=0.0373
[20:57:25]   HIT  MOEXFN             oil_z            lag= 30 m5_p=0.9520  m6_ic=0.0368
[20:57:25]   HIT  MOEXFN             rate_z           lag=  1 m5_p=0.5857  m6_ic=0.0614
[20:57:25]   HIT  MOEXFN             rate_z           lag=  7 m5_p=0.0649  m6_ic=0.0671
[20:57:26]   HIT  MOEXFN             rate_z           lag= 30 m5_p=0.6743  m6_ic=0.0361
[20:57:26]   HIT  MOEXFN             ruble_z          lag=  7 m5_p=0.2908  m6_ic=0.0524
[20:57:27]   HIT  MOEXFN             sanctions_z      lag=  1 m5_p=0.0248  m6_ic=0.0434
[20:57:27]   HIT  MOEXFN             sanctions_z      lag=  7 m5_p=0.7560  m6_ic=0.0796
[20:57:27]   HIT  MOEXFN             sanctions_z      lag= 14 m5_p=0.4188  m6_ic=0.0373
[20:57:27]   HIT  MOEXFN             sanctions_z      lag= 30 m5_p=0.7065  m6_ic=0.0382
[20:57:28]   HIT  MOEXFN             inflation_z      lag=  7 m5_p=0.1289  m6_ic=0.0524
[20:57:28]   HIT  MOEXFN             banking_z        lag=  1 m5_p=0.9847  m6_ic=0.0305
[20:57:28]   HIT  MOEXFN             banking_z        lag=  7 m5_p=0.6786  m6_ic=0.1007
[20:57:29]   HIT  MOEXFN             banking_z        lag= 14 m5_p=0.2242  m6_ic=0.0325
[20:57:29]   HIT  MOEXFN             banking_z        lag= 30 m5_p=0.3350  m6_ic=0.0362
[20:57:29]   HIT  MOEXFN             gold_z           lag=  1 m5_p=0.4996  m6_ic=0.0451
[20:57:29]   HIT  MOEXFN             gold_z           lag= 30 m5_p=0.7046  m6_ic=0.0342
[20:57:30]   HIT  MOEXOG             oil_z            lag=  1 m5_p=0.3724  m6_ic=0.0631
[20:57:30]   HIT  MOEXOG             oil_z            lag= 30 m5_p=0.4142  m6_ic=0.0327
[20:57:30]   HIT  MOEXOG             rate_z           lag=  1 m5_p=0.4612  m6_ic=0.0707
[20:57:31]   HIT  MOEXOG             rate_z           lag= 14 m5_p=0.2424  m6_ic=0.0662
[20:57:31]   HIT  MOEXOG             ruble_z          lag=  1 m5_p=0.8949  m6_ic=0.1057
[20:57:32]   HIT  MOEXOG             ruble_z          lag= 14 m5_p=0.7465  m6_ic=0.0580
[20:57:32]   HIT  MOEXOG             ruble_z          lag= 30 m5_p=0.7976  m6_ic=0.0729
[20:57:33]   HIT  MOEXOG             sanctions_z      lag= 30 m5_p=0.9910  m6_ic=0.0468
[20:57:33]   HIT  MOEXOG             inflation_z      lag= 14 m5_p=0.8699  m6_ic=0.0607
[20:57:33]   HIT  MOEXOG             inflation_z      lag= 30 m5_p=0.6597  m6_ic=0.0801
[20:57:34]   HIT  MOEXOG             banking_z        lag=  1 m5_p=0.6315  m6_ic=0.0497
[20:57:34]   HIT  MOEXOG             gold_z           lag=  1 m5_p=0.3783  m6_ic=0.0514
[20:57:35]   HIT  MOEXOG             gold_z           lag=  7 m5_p=0.5586  m6_ic=0.0352
[20:57:35]   HIT  MOEX10             oil_z            lag=  1 m5_p=0.5139  m6_ic=0.0434
[20:57:35]   HIT  MOEX10             oil_z            lag=  7 m5_p=0.5069  m6_ic=0.0678
[20:57:36]   HIT  MOEX10             oil_z            lag= 14 m5_p=0.9103  m6_ic=0.0741
[20:57:37]   HIT  MOEX10             rate_z           lag= 30 m5_p=0.7390  m6_ic=0.0537
[20:57:37]   HIT  MOEX10             ruble_z          lag=  1 m5_p=0.6965  m6_ic=0.0453
[20:57:37]   HIT  MOEX10             ruble_z          lag=  7 m5_p=0.2110  m6_ic=0.0537
[20:57:37]   HIT  MOEX10             ruble_z          lag= 14 m5_p=0.6922  m6_ic=0.0383
[20:57:37]   HIT  MOEX10             ruble_z          lag= 30 m5_p=0.9554  m6_ic=0.0429
[20:57:38]   HIT  MOEX10             sanctions_z      lag=  1 m5_p=0.1513  m6_ic=0.0704
[20:57:38]   HIT  MOEX10             sanctions_z      lag=  7 m5_p=0.3906  m6_ic=0.0342
[20:57:38]   HIT  MOEX10             sanctions_z      lag= 14 m5_p=0.3927  m6_ic=0.0471
[20:57:38]   HIT  MOEX10             sanctions_z      lag= 30 m5_p=0.5885  m6_ic=0.0451
[20:57:39]   HIT  MOEX10             inflation_z      lag=  7 m5_p=0.1923  m6_ic=0.0489
[20:57:39]   HIT  MOEX10             inflation_z      lag= 14 m5_p=0.7230  m6_ic=0.0916
[20:57:39]   HIT  MOEX10             inflation_z      lag= 30 m5_p=0.7268  m6_ic=0.0455
[20:57:39]   HIT  MOEX10             banking_z        lag=  1 m5_p=0.8517  m6_ic=0.0351
[20:57:39]   HIT  MOEX10             banking_z        lag=  7 m5_p=0.3048  m6_ic=0.0330
[20:57:40]   HIT  MOEX10             gold_z           lag=  1 m5_p=0.6710  m6_ic=0.0428
[20:57:40]   HIT  MOEX10             gold_z           lag=  7 m5_p=0.2770  m6_ic=0.0721
[20:57:40]   HIT  MOEX10             gold_z           lag= 14 m5_p=0.9879  m6_ic=0.0520
[20:57:41]     Train: 256 signals
[20:57:41]     Val holdout (256 candidates)...
[20:57:41]     VAL PASS  SP500              oil_z            lag=  7  m6_ic=0.1011
[20:57:41]     VAL PASS  SP500              oil_z            lag= 14  m6_ic=0.0545
[20:57:42]     VAL PASS  SP500              sanctions_z      lag= 14  m6_ic=0.0620
[20:57:42]     VAL PASS  SP500              inflation_z      lag=  1  m6_ic=0.0769
[20:57:42]     VAL PASS  SP500              inflation_z      lag=  7  m6_ic=0.0609
[20:57:43]     VAL PASS  SP500              banking_z        lag=  7  m6_ic=0.0528
[20:57:43]     VAL PASS  SP500              gold_z           lag=  7  m6_ic=0.0639
[20:57:43]     VAL PASS  SP500              gold_z           lag= 14  m6_ic=0.0975
[20:57:43]     VAL PASS  USD_RUB            oil_z            lag=  1  m6_ic=0.0833
[20:57:43]     VAL PASS  USD_RUB            oil_z            lag=  7  m6_ic=0.0905
[20:57:44]     VAL PASS  USD_RUB            oil_z            lag= 14  m6_ic=0.0654
[20:57:44]     VAL PASS  USD_RUB            oil_z            lag= 30  m6_ic=0.0777
[20:57:44]     VAL PASS  USD_RUB            rate_z           lag= 14  m6_ic=0.0451
[20:57:46]     VAL PASS  USD_RUB            inflation_z      lag=  7  m6_ic=0.1676
[20:57:46]     VAL PASS  USD_RUB            inflation_z      lag= 30  m6_ic=0.0647
[20:57:47]     VAL PASS  USD_RUB            banking_z        lag=  7  m6_ic=0.0651
[20:57:47]     VAL PASS  EUR_RUB            oil_z            lag=  1  m6_ic=0.0833
[20:57:47]     VAL PASS  EUR_RUB            oil_z            lag=  7  m6_ic=0.0905
[20:57:47]     VAL PASS  EUR_RUB            oil_z            lag= 14  m6_ic=0.0654
[20:57:48]     VAL PASS  EUR_RUB            oil_z            lag= 30  m6_ic=0.0777
[20:57:48]     VAL PASS  EUR_RUB            rate_z           lag= 14  m6_ic=0.0451
[20:57:50]     VAL PASS  EUR_RUB            inflation_z      lag=  7  m6_ic=0.1676
[20:57:50]     VAL PASS  EUR_RUB            inflation_z      lag= 30  m6_ic=0.0647
[20:57:50]     VAL PASS  EUR_RUB            banking_z        lag=  7  m6_ic=0.0651
[20:57:51]     VAL PASS  DJ_SOUTH_AFRICA    oil_z            lag= 14  m6_ic=0.0918
[20:57:51]     VAL PASS  DJ_SOUTH_AFRICA    rate_z           lag=  1  m6_ic=0.0730
[20:57:51]     VAL PASS  DJ_SOUTH_AFRICA    rate_z           lag= 30  m6_ic=0.0806
[20:57:52]     VAL PASS  DJ_SOUTH_AFRICA    ruble_z          lag=  1  m6_ic=0.0687
[20:57:52]     VAL PASS  DJ_SOUTH_AFRICA    ruble_z          lag=  7  m6_ic=0.0321
[20:57:52]     VAL PASS  DJ_SOUTH_AFRICA    sanctions_z      lag=  1  m6_ic=0.0403
[20:57:52]     VAL PASS  DJ_SOUTH_AFRICA    sanctions_z      lag= 14  m6_ic=0.0649
[20:57:53]     VAL PASS  DJ_SOUTH_AFRICA    sanctions_z      lag= 30  m6_ic=0.1084
[20:57:53]     VAL PASS  DJ_SOUTH_AFRICA    inflation_z      lag=  7  m6_ic=0.0890
[20:57:53]     VAL PASS  DJ_SOUTH_AFRICA    banking_z        lag=  1  m6_ic=0.0834
[20:57:53]     VAL PASS  DJ_SOUTH_AFRICA    banking_z        lag= 30  m6_ic=0.0524
[20:57:53]     VAL PASS  DJ_SOUTH_AFRICA    gold_z           lag=  7  m6_ic=0.0344
[20:57:54]     VAL PASS  DJ_SOUTH_AFRICA    gold_z           lag= 30  m6_ic=0.0782
[20:57:54]     VAL PASS  MSCI_WORLD         rate_z           lag= 30  m6_ic=0.1301
[20:57:54]     VAL PASS  MSCI_WORLD         ruble_z          lag=  1  m6_ic=0.0343
[20:57:55]     VAL PASS  MSCI_WORLD         ruble_z          lag=  7  m6_ic=0.0589
[20:57:55]     VAL PASS  MSCI_WORLD         sanctions_z      lag=  1  m6_ic=0.0843
[20:57:55]     VAL PASS  MSCI_WORLD         inflation_z      lag=  1  m6_ic=0.0905
[20:57:55]     VAL PASS  MSCI_WORLD         banking_z        lag= 30  m6_ic=0.0447
[20:57:56]     VAL PASS  MSCI_WORLD         gold_z           lag= 14  m6_ic=0.0447
[20:57:56]     VAL PASS  MSCI_WORLD         gold_z           lag= 30  m6_ic=0.0346
[20:57:56]     VAL PASS  DXY                oil_z            lag=  1  m6_ic=0.0744
[20:57:57]     VAL PASS  DXY                oil_z            lag= 30  m6_ic=0.1209
[20:57:57]     VAL PASS  DXY                rate_z           lag=  7  m6_ic=0.0505
[20:57:57]     VAL PASS  DXY                rate_z           lag= 14  m6_ic=0.0737
[20:57:57]     VAL PASS  DXY                rate_z           lag= 30  m6_ic=0.0588
[20:57:57]     VAL PASS  DXY                ruble_z          lag=  1  m6_ic=0.1166
[20:57:58]     VAL PASS  DXY                sanctions_z      lag= 30  m6_ic=0.0454
[20:57:58]     VAL PASS  DXY                inflation_z      lag=  7  m6_ic=0.0523
[20:57:58]     VAL PASS  DXY                inflation_z      lag= 14  m6_ic=0.0854
[20:57:59]     VAL PASS  DXY                banking_z        lag=  1  m6_ic=0.0692
[20:57:59]     VAL PASS  DXY                banking_z        lag=  7  m6_ic=0.0691
[20:57:59]     VAL PASS  DXY                banking_z        lag= 14  m6_ic=0.0665
[20:57:59]     VAL PASS  DXY                gold_z           lag= 14  m6_ic=0.0577
[20:58:00]     VAL PASS  BRENT              rate_z           lag=  1  m6_ic=0.0793
[20:58:00]     VAL PASS  BRENT              rate_z           lag= 30  m6_ic=0.0572
[20:58:00]     VAL PASS  BRENT              ruble_z          lag=  1  m6_ic=0.0634
[20:58:01]     VAL PASS  BRENT              ruble_z          lag=  7  m6_ic=0.0466
[20:58:01]     VAL PASS  BRENT              ruble_z          lag= 14  m6_ic=0.0378
[20:58:01]     VAL PASS  BRENT              sanctions_z      lag=  1  m6_ic=0.0554
[20:58:01]     VAL PASS  BRENT              sanctions_z      lag=  7  m6_ic=0.0620
[20:58:02]     VAL PASS  BRENT              inflation_z      lag=  1  m6_ic=0.0478
[20:58:02]     VAL PASS  BRENT              inflation_z      lag=  7  m6_ic=0.1761
[20:58:02]     VAL PASS  BRENT              inflation_z      lag= 14  m6_ic=0.0414
[20:58:02]     VAL PASS  BRENT              banking_z        lag=  1  m6_ic=0.0363
[20:58:03]     VAL PASS  BRENT              gold_z           lag=  7  m6_ic=0.0345
[20:58:03]     VAL PASS  BRENT              gold_z           lag= 14  m6_ic=0.0691
[20:58:04]     VAL PASS  MSCI_INDIA         rate_z           lag= 14  m6_ic=0.0335
[20:58:04]     VAL PASS  MSCI_INDIA         ruble_z          lag= 30  m6_ic=0.1518
[20:58:05]     VAL PASS  MSCI_INDIA         sanctions_z      lag=  7  m6_ic=0.0641
[20:58:05]     VAL PASS  MSCI_INDIA         sanctions_z      lag= 14  m6_ic=0.1376
[20:58:05]     VAL PASS  MSCI_INDIA         sanctions_z      lag= 30  m6_ic=0.1001
[20:58:05]     VAL PASS  MSCI_INDIA         inflation_z      lag=  1  m6_ic=0.0539
[20:58:05]     VAL PASS  MSCI_INDIA         inflation_z      lag= 14  m6_ic=0.0767
[20:58:06]     VAL PASS  MSCI_INDIA         inflation_z      lag= 30  m6_ic=0.0449
[20:58:06]     VAL PASS  MSCI_INDIA         banking_z        lag=  1  m6_ic=0.0740
[20:58:06]     VAL PASS  MSCI_INDIA         banking_z        lag= 30  m6_ic=0.0373
[20:58:07]     VAL PASS  CHINA_H_SHARES     oil_z            lag= 14  m6_ic=0.0819
[20:58:07]     VAL PASS  CHINA_H_SHARES     oil_z            lag= 30  m6_ic=0.1345
[20:58:08]     VAL PASS  CHINA_H_SHARES     rate_z           lag= 30  m6_ic=0.0634
[20:58:08]     VAL PASS  CHINA_H_SHARES     ruble_z          lag= 30  m6_ic=0.1047
[20:58:08]     VAL PASS  CHINA_H_SHARES     sanctions_z      lag=  7  m6_ic=0.0629
[20:58:09]     VAL PASS  CHINA_H_SHARES     inflation_z      lag=  7  m6_ic=0.0581
[20:58:09]     VAL PASS  CHINA_H_SHARES     inflation_z      lag= 14  m6_ic=0.0627
[20:58:09]     VAL PASS  CHINA_H_SHARES     inflation_z      lag= 30  m6_ic=0.0476
[20:58:10]     VAL PASS  CHINA_H_SHARES     banking_z        lag= 30  m6_ic=0.0314
[20:58:10]     VAL PASS  CHINA_H_SHARES     gold_z           lag= 14  m6_ic=0.0441
[20:58:10]     VAL PASS  CHINA_H_SHARES     gold_z           lag= 30  m6_ic=0.0597
[20:58:11]     VAL PASS  FTSE_CHINA_50      rate_z           lag=  1  m6_ic=0.0893
[20:58:11]     VAL PASS  FTSE_CHINA_50      rate_z           lag= 30  m6_ic=0.0603
[20:58:11]     VAL PASS  FTSE_CHINA_50      ruble_z          lag= 30  m6_ic=0.1202
[20:58:11]     VAL PASS  FTSE_CHINA_50      sanctions_z      lag=  7  m6_ic=0.0326
[20:58:12]     VAL PASS  FTSE_CHINA_50      inflation_z      lag= 30  m6_ic=0.1323
[20:58:12]     VAL PASS  FTSE_CHINA_50      banking_z        lag=  7  m6_ic=0.0824
[20:58:13]     VAL PASS  FTSE_CHINA_50      gold_z           lag= 14  m6_ic=0.0384
[20:58:13]     VAL PASS  FTSE_CHINA_50      gold_z           lag= 30  m6_ic=0.0801
[20:58:13]     VAL PASS  GOLD               oil_z            lag= 30  m6_ic=0.0961
[20:58:14]     VAL PASS  GOLD               rate_z           lag= 30  m6_ic=0.0734
[20:58:14]     VAL PASS  GOLD               sanctions_z      lag= 30  m6_ic=0.0315
[20:58:15]     VAL PASS  GOLD               inflation_z      lag= 14  m6_ic=0.0464
[20:58:15]     VAL PASS  GOLD               gold_z           lag=  7  m6_ic=0.0580
[20:58:16]     VAL PASS  GOLD               gold_z           lag= 30  m6_ic=0.0790
[20:58:16]     VAL PASS  SILVER             rate_z           lag=  1  m6_ic=0.0647
[20:58:16]     VAL PASS  SILVER             rate_z           lag=  7  m6_ic=0.0771
[20:58:16]     VAL PASS  SILVER             rate_z           lag= 30  m6_ic=0.0806
[20:58:17]     VAL PASS  SILVER             ruble_z          lag= 30  m6_ic=0.0839
[20:58:17]     VAL PASS  SILVER             sanctions_z      lag=  7  m6_ic=0.0307
[20:58:17]     VAL PASS  SILVER             sanctions_z      lag= 14  m6_ic=0.0913
[20:58:17]     VAL PASS  SILVER             sanctions_z      lag= 30  m6_ic=0.0898
[20:58:19]     VAL PASS  SILVER             gold_z           lag=  7  m6_ic=0.1005
[20:58:19]     VAL PASS  IMOEX              oil_z            lag=  1  m6_ic=0.1311
[20:58:19]     VAL PASS  IMOEX              oil_z            lag= 30  m6_ic=0.0792
[20:58:19]     VAL PASS  IMOEX              rate_z           lag= 14  m6_ic=0.0772
[20:58:20]     VAL PASS  IMOEX              rate_z           lag= 30  m6_ic=0.0553
[20:58:20]     VAL PASS  IMOEX              ruble_z          lag=  1  m6_ic=0.1524
[20:58:20]     VAL PASS  IMOEX              ruble_z          lag=  7  m6_ic=0.1041
[20:58:20]     VAL PASS  IMOEX              ruble_z          lag= 30  m6_ic=0.1248
[20:58:20]     VAL PASS  IMOEX              sanctions_z      lag=  1  m6_ic=0.1191
[20:58:21]     VAL PASS  IMOEX              sanctions_z      lag= 14  m6_ic=0.1461
[20:58:21]     VAL PASS  IMOEX              inflation_z      lag= 14  m6_ic=0.1065
[20:58:21]     VAL PASS  IMOEX              banking_z        lag=  7  m6_ic=0.1295
[20:58:21]     VAL PASS  IMOEX              gold_z           lag=  1  m6_ic=0.0559
[20:58:22]     VAL PASS  IMOEX              gold_z           lag=  7  m6_ic=0.0766
[20:58:22]     VAL PASS  MOEXFN             oil_z            lag=  1  m6_ic=0.0838
[20:58:22]     VAL PASS  MOEXFN             oil_z            lag= 14  m6_ic=0.0849
[20:58:22]     VAL PASS  MOEXFN             oil_z            lag= 30  m6_ic=0.0554
[20:58:23]     VAL PASS  MOEXFN             rate_z           lag=  1  m6_ic=0.0481
[20:58:23]     VAL PASS  MOEXFN             rate_z           lag=  7  m6_ic=0.0437
[20:58:23]     VAL PASS  MOEXFN             ruble_z          lag=  7  m6_ic=0.1015
[20:58:23]     VAL PASS  MOEXFN             sanctions_z      lag=  1  m6_ic=0.0834
[20:58:24]     VAL PASS  MOEXFN             sanctions_z      lag= 14  m6_ic=0.0918
[20:58:24]     VAL PASS  MOEXFN             sanctions_z      lag= 30  m6_ic=0.0696
[20:58:24]     VAL PASS  MOEXFN             inflation_z      lag=  7  m6_ic=0.0490
[20:58:24]     VAL PASS  MOEXFN             banking_z        lag=  1  m6_ic=0.0692
[20:58:25]     VAL PASS  MOEXFN             banking_z        lag=  7  m6_ic=0.1087
[20:58:25]     VAL PASS  MOEXFN             gold_z           lag= 30  m6_ic=0.0395
[20:58:26]     VAL PASS  MOEXOG             oil_z            lag=  1  m6_ic=0.0706
[20:58:26]     VAL PASS  MOEXOG             oil_z            lag= 30  m6_ic=0.0808
[20:58:26]     VAL PASS  MOEXOG             rate_z           lag=  1  m6_ic=0.0551
[20:58:26]     VAL PASS  MOEXOG             rate_z           lag= 14  m6_ic=0.0520
[20:58:26]     VAL PASS  MOEXOG             ruble_z          lag=  1  m6_ic=0.1357
[20:58:27]     VAL PASS  MOEXOG             ruble_z          lag= 14  m6_ic=0.1405
[20:58:27]     VAL PASS  MOEXOG             ruble_z          lag= 30  m6_ic=0.0940
[20:58:27]     VAL PASS  MOEXOG             sanctions_z      lag= 30  m6_ic=0.1019
[20:58:27]     VAL PASS  MOEXOG             inflation_z      lag= 14  m6_ic=0.1367
[20:58:27]     VAL PASS  MOEXOG             inflation_z      lag= 30  m6_ic=0.0812
[20:58:28]     VAL PASS  MOEXOG             banking_z        lag=  1  m6_ic=0.0469
[20:58:28]     VAL PASS  MOEXOG             gold_z           lag=  7  m6_ic=0.0341
[20:58:28]     VAL PASS  MOEX10             oil_z            lag=  1  m6_ic=0.0992
[20:58:29]     VAL PASS  MOEX10             oil_z            lag= 14  m6_ic=0.0833
[20:58:29]     VAL PASS  MOEX10             ruble_z          lag=  1  m6_ic=0.1609
[20:58:29]     VAL PASS  MOEX10             ruble_z          lag=  7  m6_ic=0.1066
[20:58:29]     VAL PASS  MOEX10             ruble_z          lag= 14  m6_ic=0.0661
[20:58:30]     VAL PASS  MOEX10             ruble_z          lag= 30  m6_ic=0.0592
[20:58:30]     VAL PASS  MOEX10             sanctions_z      lag=  1  m6_ic=0.0987
[20:58:30]     VAL PASS  MOEX10             sanctions_z      lag= 14  m6_ic=0.1194
[20:58:30]     VAL PASS  MOEX10             sanctions_z      lag= 30  m6_ic=0.0984
[20:58:30]     VAL PASS  MOEX10             inflation_z      lag=  7  m6_ic=0.0601
[20:58:31]     VAL PASS  MOEX10             inflation_z      lag= 14  m6_ic=0.1025
[20:58:31]     VAL PASS  MOEX10             inflation_z      lag= 30  m6_ic=0.0734
[20:58:31]     VAL PASS  MOEX10             banking_z        lag=  1  m6_ic=0.0713
[20:58:31]     VAL PASS  MOEX10             banking_z        lag=  7  m6_ic=0.1327
[20:58:31]     VAL PASS  MOEX10             gold_z           lag=  1  m6_ic=0.0462
[20:58:32]     VAL PASS  MOEX10             gold_z           lag=  7  m6_ic=0.0313
[20:58:32]     VAL PASS  MOEX10             gold_z           lag= 14  m6_ic=0.0887
[20:58:32]     Val: 169/256 held
[20:58:32]   → train=256  val=169  max_ic=0.1673  score=2720.0
[20:58:32] 
============================================================
[20:58:32] FINAL REPORT
[20:58:32] ============================================================
[20:58:32] Report: C:\project\signal_mind\analytics\phase_b\night_search\night_report_20260520_203734.md
[20:58:32] Hits CSV: C:\project\signal_mind\analytics\phase_b\night_search\night_hits_20260520_203734.csv
[20:58:32] 
[10/15] sweep_embedding_raw_market_return  (budget=77min)
[20:58:32]   Config: sweep_embedding_raw_market_return
[20:58:32]     feature=embedding_raw  target=market_return  ensemble=M6_only  ic_min=0.03
[20:58:33]   HIT  SP500              oil_emb          lag= 30 m5_p=0.7391  m6_ic=0.0739
[20:58:34]   HIT  SP500              ruble_emb        lag=  7 m5_p=0.1061  m6_ic=0.0664
[20:58:35]   HIT  SP500              ruble_emb        lag= 14 m5_p=0.6187  m6_ic=0.0796
[20:58:35]   HIT  SP500              sanctions_emb    lag=  1 m5_p=0.1713  m6_ic=0.0536
[20:58:35]   HIT  SP500              sanctions_emb    lag=  7 m5_p=0.0916  m6_ic=0.0553
[20:58:35]   HIT  SP500              sanctions_emb    lag= 14 m5_p=0.1534  m6_ic=0.0360
[20:58:36]   HIT  SP500              inflation_emb    lag=  1 m5_p=0.9406  m6_ic=0.0484
[20:58:36]   HIT  SP500              inflation_emb    lag=  7 m5_p=0.3355  m6_ic=0.1011
[20:58:36]   HIT  SP500              inflation_emb    lag= 30 m5_p=0.5788  m6_ic=0.0506
[20:58:37]   HIT  SP500              banking_emb      lag=  1 m5_p=0.5709  m6_ic=0.0312
[20:58:38]   HIT  SP500              gold_emb         lag= 14 m5_p=0.4467  m6_ic=0.0763
[20:58:38]   HIT  USD_RUB            oil_emb          lag=  1 m5_p=0.7448  m6_ic=0.0517
[20:58:39]   HIT  USD_RUB            oil_emb          lag= 30 m5_p=0.8768  m6_ic=0.0881
[20:58:39]   HIT  USD_RUB            rate_emb         lag=  1 m5_p=0.0770  m6_ic=0.0326
[20:58:39]   HIT  USD_RUB            rate_emb         lag=  7 m5_p=0.0680  m6_ic=0.0499
[20:58:40]   HIT  USD_RUB            rate_emb         lag= 30 m5_p=0.5357  m6_ic=0.0664
[20:58:40]   HIT  USD_RUB            ruble_emb        lag=  7 m5_p=0.7121  m6_ic=0.1193
[20:58:40]   HIT  USD_RUB            ruble_emb        lag= 14 m5_p=0.0550  m6_ic=0.0786
[20:58:41]   HIT  USD_RUB            sanctions_emb    lag=  7 m5_p=0.4124  m6_ic=0.0885
[20:58:41]   HIT  USD_RUB            inflation_emb    lag=  1 m5_p=0.0616  m6_ic=0.0752
[20:58:42]   HIT  USD_RUB            inflation_emb    lag=  7 m5_p=0.8706  m6_ic=0.0327
[20:58:42]   HIT  USD_RUB            inflation_emb    lag= 14 m5_p=0.6877  m6_ic=0.0344
[20:58:42]   HIT  USD_RUB            banking_emb      lag=  1 m5_p=0.9389  m6_ic=0.0921
[20:58:43]   HIT  USD_RUB            banking_emb      lag= 14 m5_p=0.5740  m6_ic=0.0352
[20:58:43]   HIT  USD_RUB            banking_emb      lag= 30 m5_p=0.8252  m6_ic=0.0489
[20:58:43]   HIT  USD_RUB            gold_emb         lag=  7 m5_p=0.9077  m6_ic=0.0349
[20:58:44]   HIT  EUR_RUB            oil_emb          lag=  1 m5_p=0.7448  m6_ic=0.0517
[20:58:45]   HIT  EUR_RUB            oil_emb          lag= 30 m5_p=0.8768  m6_ic=0.0881
[20:58:45]   HIT  EUR_RUB            rate_emb         lag=  1 m5_p=0.0770  m6_ic=0.0326
[20:58:45]   HIT  EUR_RUB            rate_emb         lag=  7 m5_p=0.0680  m6_ic=0.0499
[20:58:45]   HIT  EUR_RUB            rate_emb         lag= 30 m5_p=0.5357  m6_ic=0.0664
[20:58:46]   HIT  EUR_RUB            ruble_emb        lag=  7 m5_p=0.7121  m6_ic=0.1193
[20:58:46]   HIT  EUR_RUB            ruble_emb        lag= 14 m5_p=0.0550  m6_ic=0.0786
[20:58:47]   HIT  EUR_RUB            sanctions_emb    lag=  7 m5_p=0.4124  m6_ic=0.0885
[20:58:47]   HIT  EUR_RUB            inflation_emb    lag=  1 m5_p=0.0616  m6_ic=0.0752
[20:58:47]   HIT  EUR_RUB            inflation_emb    lag=  7 m5_p=0.8706  m6_ic=0.0327
[20:58:48]   HIT  EUR_RUB            inflation_emb    lag= 14 m5_p=0.6877  m6_ic=0.0344
[20:58:48]   HIT  EUR_RUB            banking_emb      lag=  1 m5_p=0.9389  m6_ic=0.0921
[20:58:48]   HIT  EUR_RUB            banking_emb      lag= 14 m5_p=0.5740  m6_ic=0.0352
[20:58:49]   HIT  EUR_RUB            banking_emb      lag= 30 m5_p=0.8252  m6_ic=0.0489
[20:58:49]   HIT  EUR_RUB            gold_emb         lag=  7 m5_p=0.9077  m6_ic=0.0349
[20:58:50]   HIT  DJ_SOUTH_AFRICA    oil_emb          lag=  7 m5_p=0.8485  m6_ic=0.0371
[20:58:50]   HIT  DJ_SOUTH_AFRICA    oil_emb          lag= 14 m5_p=0.5498  m6_ic=0.0927
[20:58:50]   HIT  DJ_SOUTH_AFRICA    oil_emb          lag= 30 m5_p=0.0778  m6_ic=0.0312
[20:58:51]   HIT  DJ_SOUTH_AFRICA    rate_emb         lag=  1 m5_p=0.0638  m6_ic=0.0318
[20:58:51]   HIT  DJ_SOUTH_AFRICA    rate_emb         lag= 14 m5_p=0.4893  m6_ic=0.1174
[20:58:51]   HIT  DJ_SOUTH_AFRICA    rate_emb         lag= 30 m5_p=0.4674  m6_ic=0.0569
[20:58:51]   HIT  DJ_SOUTH_AFRICA    ruble_emb        lag=  1 m5_p=0.5229  m6_ic=0.0604
[20:58:52]   HIT  DJ_SOUTH_AFRICA    ruble_emb        lag=  7 m5_p=0.1380  m6_ic=0.0332
[20:58:52]   HIT  DJ_SOUTH_AFRICA    ruble_emb        lag= 30 m5_p=0.6104  m6_ic=0.0555
[20:58:52]   HIT  DJ_SOUTH_AFRICA    sanctions_emb    lag=  7 m5_p=0.0377  m6_ic=0.0609
[20:58:53]   HIT  DJ_SOUTH_AFRICA    sanctions_emb    lag= 14 m5_p=0.6578  m6_ic=0.0507
[20:58:53]   HIT  DJ_SOUTH_AFRICA    sanctions_emb    lag= 30 m5_p=0.4399  m6_ic=0.0743
[20:58:53]   HIT  DJ_SOUTH_AFRICA    inflation_emb    lag=  1 m5_p=0.7070  m6_ic=0.0432
[20:58:53]   HIT  DJ_SOUTH_AFRICA    inflation_emb    lag=  7 m5_p=0.1537  m6_ic=0.0520
[20:58:53]   HIT  DJ_SOUTH_AFRICA    inflation_emb    lag= 14 m5_p=0.7240  m6_ic=0.0561
[20:58:54]   HIT  DJ_SOUTH_AFRICA    inflation_emb    lag= 30 m5_p=0.8763  m6_ic=0.0535
[20:58:54]   HIT  DJ_SOUTH_AFRICA    banking_emb      lag= 14 m5_p=0.5877  m6_ic=0.0469
[20:58:55]   HIT  DJ_SOUTH_AFRICA    gold_emb         lag=  7 m5_p=0.5567  m6_ic=0.0355
[20:58:55]   HIT  DJ_SOUTH_AFRICA    gold_emb         lag= 14 m5_p=0.2009  m6_ic=0.0807
[20:58:55]   HIT  DJ_SOUTH_AFRICA    gold_emb         lag= 30 m5_p=0.0076  m6_ic=0.0425
[20:58:56]   HIT  MSCI_WORLD         oil_emb          lag= 14 m5_p=0.9228  m6_ic=0.0302
[20:58:56]   HIT  MSCI_WORLD         rate_emb         lag=  1 m5_p=0.9574  m6_ic=0.0328
[20:58:57]   HIT  MSCI_WORLD         rate_emb         lag=  7 m5_p=0.1236  m6_ic=0.0492
[20:58:57]   HIT  MSCI_WORLD         rate_emb         lag= 30 m5_p=0.0772  m6_ic=0.0424
[20:58:58]   HIT  MSCI_WORLD         sanctions_emb    lag=  1 m5_p=0.9459  m6_ic=0.0494
[20:58:58]   HIT  MSCI_WORLD         sanctions_emb    lag=  7 m5_p=0.8661  m6_ic=0.0378
[20:58:59]   HIT  MSCI_WORLD         inflation_emb    lag=  1 m5_p=0.7441  m6_ic=0.0441
[20:58:59]   HIT  MSCI_WORLD         inflation_emb    lag=  7 m5_p=0.6335  m6_ic=0.0340
[20:58:59]   HIT  MSCI_WORLD         inflation_emb    lag= 14 m5_p=0.7948  m6_ic=0.0635
[20:59:00]   HIT  MSCI_WORLD         inflation_emb    lag= 30 m5_p=0.8049  m6_ic=0.0333
[20:59:00]   HIT  MSCI_WORLD         banking_emb      lag=  1 m5_p=0.3836  m6_ic=0.0378
[20:59:00]   HIT  MSCI_WORLD         banking_emb      lag=  7 m5_p=0.7890  m6_ic=0.0945
[20:59:01]   HIT  MSCI_WORLD         gold_emb         lag=  7 m5_p=0.8757  m6_ic=0.0976
[20:59:01]   HIT  MSCI_WORLD         gold_emb         lag= 14 m5_p=0.7950  m6_ic=0.1159
[20:59:02]   HIT  MSCI_WORLD         gold_emb         lag= 30 m5_p=0.4986  m6_ic=0.1011
[20:59:02]   HIT  DXY                oil_emb          lag=  1 m5_p=0.3734  m6_ic=0.0729
[20:59:03]   HIT  DXY                rate_emb         lag=  1 m5_p=0.8318  m6_ic=0.0390
[20:59:03]   HIT  DXY                rate_emb         lag= 14 m5_p=0.0197  m6_ic=0.0767
[20:59:03]   HIT  DXY                rate_emb         lag= 30 m5_p=0.7622  m6_ic=0.0976
[20:59:04]   HIT  DXY                ruble_emb        lag=  7 m5_p=0.6913  m6_ic=0.0592
[20:59:04]   HIT  DXY                ruble_emb        lag= 14 m5_p=0.8382  m6_ic=0.0534
[20:59:04]   HIT  DXY                ruble_emb        lag= 30 m5_p=0.9023  m6_ic=0.0629
[20:59:04]   HIT  DXY                sanctions_emb    lag=  1 m5_p=0.9646  m6_ic=0.0494
[20:59:04]   HIT  DXY                sanctions_emb    lag=  7 m5_p=0.6018  m6_ic=0.0475
[20:59:05]   HIT  DXY                sanctions_emb    lag= 14 m5_p=0.3624  m6_ic=0.0517
[20:59:05]   HIT  DXY                sanctions_emb    lag= 30 m5_p=0.3064  m6_ic=0.1034
[20:59:05]   HIT  DXY                inflation_emb    lag=  7 m5_p=0.2859  m6_ic=0.0588
[20:59:06]   HIT  DXY                inflation_emb    lag= 30 m5_p=0.7154  m6_ic=0.0365
[20:59:06]   HIT  DXY                banking_emb      lag=  1 m5_p=0.2264  m6_ic=0.0820
[20:59:06]   HIT  DXY                banking_emb      lag=  7 m5_p=0.9442  m6_ic=0.0335
[20:59:07]   HIT  DXY                gold_emb         lag=  7 m5_p=0.9126  m6_ic=0.0382
[20:59:07]   HIT  DXY                gold_emb         lag= 14 m5_p=0.6709  m6_ic=0.1237
[20:59:07]   HIT  DXY                gold_emb         lag= 30 m5_p=0.1762  m6_ic=0.0600
[20:59:08]   HIT  BRENT              oil_emb          lag= 14 m5_p=0.6934  m6_ic=0.0400
[20:59:08]   HIT  BRENT              oil_emb          lag= 30 m5_p=0.9130  m6_ic=0.1104
[20:59:09]   HIT  BRENT              rate_emb         lag=  7 m5_p=0.4801  m6_ic=0.0464
[20:59:09]   HIT  BRENT              rate_emb         lag= 30 m5_p=0.2612  m6_ic=0.0692
[20:59:09]   HIT  BRENT              ruble_emb        lag=  1 m5_p=0.7575  m6_ic=0.0686
[20:59:09]   HIT  BRENT              ruble_emb        lag=  7 m5_p=0.0665  m6_ic=0.0500
[20:59:10]   HIT  BRENT              ruble_emb        lag= 14 m5_p=0.8253  m6_ic=0.0390
[20:59:10]   HIT  BRENT              ruble_emb        lag= 30 m5_p=0.3300  m6_ic=0.0935
[20:59:11]   HIT  BRENT              sanctions_emb    lag= 30 m5_p=0.9523  m6_ic=0.0530
[20:59:11]   HIT  BRENT              inflation_emb    lag=  7 m5_p=0.1720  m6_ic=0.0760
[20:59:11]   HIT  BRENT              inflation_emb    lag= 30 m5_p=0.3597  m6_ic=0.0379
[20:59:12]   HIT  BRENT              banking_emb      lag=  1 m5_p=0.8633  m6_ic=0.1119
[20:59:12]   HIT  BRENT              banking_emb      lag=  7 m5_p=0.8160  m6_ic=0.0430
[20:59:13]   HIT  BRENT              gold_emb         lag= 30 m5_p=0.9238  m6_ic=0.0554
[20:59:13]   HIT  MSCI_INDIA         oil_emb          lag=  1 m5_p=0.3292  m6_ic=0.1213
[20:59:14]   HIT  MSCI_INDIA         oil_emb          lag= 30 m5_p=0.3094  m6_ic=0.0502
[20:59:14]   HIT  MSCI_INDIA         rate_emb         lag=  1 m5_p=0.1585  m6_ic=0.0809
[20:59:15]   HIT  MSCI_INDIA         rate_emb         lag= 30 m5_p=0.2502  m6_ic=0.0447
[20:59:15]   HIT  MSCI_INDIA         ruble_emb        lag=  7 m5_p=0.4546  m6_ic=0.0753
[20:59:15]   HIT  MSCI_INDIA         ruble_emb        lag= 14 m5_p=0.7257  m6_ic=0.1170
[20:59:15]   HIT  MSCI_INDIA         ruble_emb        lag= 30 m5_p=0.5483  m6_ic=0.0717
[20:59:16]   HIT  MSCI_INDIA         inflation_emb    lag=  1 m5_p=0.7917  m6_ic=0.0412
[20:59:17]   HIT  MSCI_INDIA         inflation_emb    lag=  7 m5_p=0.5301  m6_ic=0.0356
[20:59:17]   HIT  MSCI_INDIA         inflation_emb    lag= 14 m5_p=0.1285  m6_ic=0.0672
[20:59:17]   HIT  MSCI_INDIA         banking_emb      lag=  1 m5_p=0.9750  m6_ic=0.0367
[20:59:17]   HIT  MSCI_INDIA         banking_emb      lag=  7 m5_p=0.7599  m6_ic=0.0594
[20:59:18]   HIT  MSCI_INDIA         banking_emb      lag= 14 m5_p=0.4523  m6_ic=0.0721
[20:59:18]   HIT  MSCI_INDIA         banking_emb      lag= 30 m5_p=0.2018  m6_ic=0.0762
[20:59:18]   HIT  MSCI_INDIA         gold_emb         lag=  7 m5_p=0.5405  m6_ic=0.0392
[20:59:19]   HIT  MSCI_INDIA         gold_emb         lag= 30 m5_p=0.9170  m6_ic=0.0421
[20:59:19]   HIT  CHINA_H_SHARES     oil_emb          lag=  1 m5_p=0.9909  m6_ic=0.0863
[20:59:19]   HIT  CHINA_H_SHARES     oil_emb          lag= 30 m5_p=0.4361  m6_ic=0.0799
[20:59:20]   HIT  CHINA_H_SHARES     rate_emb         lag=  1 m5_p=0.2178  m6_ic=0.0901
[20:59:20]   HIT  CHINA_H_SHARES     rate_emb         lag=  7 m5_p=0.8553  m6_ic=0.0471
[20:59:20]   HIT  CHINA_H_SHARES     rate_emb         lag= 14 m5_p=0.0364  m6_ic=0.0771
[20:59:20]   HIT  CHINA_H_SHARES     ruble_emb        lag=  1 m5_p=0.0971  m6_ic=0.0371
[20:59:21]   HIT  CHINA_H_SHARES     ruble_emb        lag=  7 m5_p=0.0111  m6_ic=0.0720
[20:59:21]   HIT  CHINA_H_SHARES     ruble_emb        lag= 14 m5_p=0.5494  m6_ic=0.0324
[20:59:21]   HIT  CHINA_H_SHARES     sanctions_emb    lag=  1 m5_p=0.4580  m6_ic=0.0333
[20:59:21]   HIT  CHINA_H_SHARES     sanctions_emb    lag=  7 m5_p=0.6217  m6_ic=0.0547
[20:59:22]   HIT  CHINA_H_SHARES     sanctions_emb    lag= 30 m5_p=0.5367  m6_ic=0.0430
[20:59:22]   HIT  CHINA_H_SHARES     inflation_emb    lag=  7 m5_p=0.9540  m6_ic=0.0496
[20:59:22]   HIT  CHINA_H_SHARES     inflation_emb    lag= 14 m5_p=0.0526  m6_ic=0.0713
[20:59:23]   HIT  CHINA_H_SHARES     inflation_emb    lag= 30 m5_p=0.6533  m6_ic=0.0354
[20:59:23]   HIT  CHINA_H_SHARES     banking_emb      lag=  1 m5_p=0.9612  m6_ic=0.0659
[20:59:23]   HIT  CHINA_H_SHARES     banking_emb      lag=  7 m5_p=0.9848  m6_ic=0.0339
[20:59:24]   HIT  CHINA_H_SHARES     gold_emb         lag=  1 m5_p=0.9468  m6_ic=0.0312
[20:59:24]   HIT  CHINA_H_SHARES     gold_emb         lag=  7 m5_p=0.8447  m6_ic=0.0588
[20:59:24]   HIT  CHINA_H_SHARES     gold_emb         lag= 14 m5_p=0.3694  m6_ic=0.0732
[20:59:24]   HIT  CHINA_H_SHARES     gold_emb         lag= 30 m5_p=0.5720  m6_ic=0.0662
[20:59:25]   HIT  FTSE_CHINA_50      oil_emb          lag=  1 m5_p=0.8237  m6_ic=0.0584
[20:59:25]   HIT  FTSE_CHINA_50      oil_emb          lag= 14 m5_p=0.9464  m6_ic=0.0439
[20:59:25]   HIT  FTSE_CHINA_50      oil_emb          lag= 30 m5_p=0.3816  m6_ic=0.0640
[20:59:25]   HIT  FTSE_CHINA_50      rate_emb         lag=  1 m5_p=0.2613  m6_ic=0.0949
[20:59:26]   HIT  FTSE_CHINA_50      rate_emb         lag=  7 m5_p=0.7846  m6_ic=0.0348
[20:59:26]   HIT  FTSE_CHINA_50      rate_emb         lag= 14 m5_p=0.0304  m6_ic=0.0779
[20:59:26]   HIT  FTSE_CHINA_50      ruble_emb        lag=  1 m5_p=0.0629  m6_ic=0.0780
[20:59:27]   HIT  FTSE_CHINA_50      ruble_emb        lag= 14 m5_p=0.4802  m6_ic=0.0610
[20:59:27]   HIT  FTSE_CHINA_50      sanctions_emb    lag=  7 m5_p=0.6860  m6_ic=0.0559
[20:59:28]   HIT  FTSE_CHINA_50      sanctions_emb    lag= 30 m5_p=0.3571  m6_ic=0.0738
[20:59:28]   HIT  FTSE_CHINA_50      inflation_emb    lag=  7 m5_p=0.8928  m6_ic=0.0538
[20:59:28]   HIT  FTSE_CHINA_50      inflation_emb    lag= 14 m5_p=0.0430  m6_ic=0.0684
[20:59:28]   HIT  FTSE_CHINA_50      inflation_emb    lag= 30 m5_p=0.6400  m6_ic=0.0316
[20:59:29]   HIT  FTSE_CHINA_50      banking_emb      lag=  1 m5_p=0.9411  m6_ic=0.0508
[20:59:29]   HIT  FTSE_CHINA_50      banking_emb      lag=  7 m5_p=0.8064  m6_ic=0.0305
[20:59:30]   HIT  FTSE_CHINA_50      gold_emb         lag=  7 m5_p=0.8589  m6_ic=0.0558
[20:59:30]   HIT  FTSE_CHINA_50      gold_emb         lag= 14 m5_p=0.2419  m6_ic=0.0816
[20:59:30]   HIT  FTSE_CHINA_50      gold_emb         lag= 30 m5_p=0.4803  m6_ic=0.0633
[20:59:31]   HIT  GOLD               oil_emb          lag= 30 m5_p=0.1388  m6_ic=0.1091
[20:59:31]   HIT  GOLD               rate_emb         lag=  1 m5_p=0.9063  m6_ic=0.1404
[20:59:31]   HIT  GOLD               rate_emb         lag=  7 m5_p=0.3280  m6_ic=0.0759
[20:59:31]   HIT  GOLD               rate_emb         lag= 14 m5_p=0.3908  m6_ic=0.1002
[20:59:31]   HIT  GOLD               rate_emb         lag= 30 m5_p=0.4556  m6_ic=0.0459
[20:59:32]   HIT  GOLD               ruble_emb        lag= 30 m5_p=0.4411  m6_ic=0.0488
[20:59:33]   HIT  GOLD               sanctions_emb    lag= 14 m5_p=0.2355  m6_ic=0.0600
[20:59:33]   HIT  GOLD               inflation_emb    lag=  1 m5_p=0.9295  m6_ic=0.1321
[20:59:33]   HIT  GOLD               inflation_emb    lag=  7 m5_p=0.6545  m6_ic=0.0586
[20:59:33]   HIT  GOLD               inflation_emb    lag= 14 m5_p=0.7785  m6_ic=0.0872
[20:59:34]   HIT  GOLD               inflation_emb    lag= 30 m5_p=0.8263  m6_ic=0.0616
[20:59:34]   HIT  GOLD               banking_emb      lag=  7 m5_p=0.3961  m6_ic=0.0477
[20:59:34]   HIT  GOLD               banking_emb      lag= 14 m5_p=0.6257  m6_ic=0.0400
[20:59:34]   HIT  GOLD               banking_emb      lag= 30 m5_p=0.3287  m6_ic=0.0307
[20:59:35]   HIT  GOLD               gold_emb         lag=  1 m5_p=0.3730  m6_ic=0.0464
[20:59:35]   HIT  GOLD               gold_emb         lag=  7 m5_p=0.3488  m6_ic=0.1122
[20:59:35]   HIT  GOLD               gold_emb         lag= 14 m5_p=0.6406  m6_ic=0.0348
[20:59:35]   HIT  GOLD               gold_emb         lag= 30 m5_p=0.6717  m6_ic=0.0388
[20:59:36]   HIT  SILVER             oil_emb          lag=  7 m5_p=0.2003  m6_ic=0.0348
[20:59:36]   HIT  SILVER             oil_emb          lag= 14 m5_p=0.9077  m6_ic=0.0598
[20:59:36]   HIT  SILVER             oil_emb          lag= 30 m5_p=0.2117  m6_ic=0.0714
[20:59:36]   HIT  SILVER             rate_emb         lag=  1 m5_p=0.4332  m6_ic=0.0515
[20:59:36]   HIT  SILVER             rate_emb         lag=  7 m5_p=0.2404  m6_ic=0.0402
[20:59:37]   HIT  SILVER             rate_emb         lag= 14 m5_p=0.4185  m6_ic=0.0338
[20:59:37]   HIT  SILVER             ruble_emb        lag=  1 m5_p=0.5027  m6_ic=0.0679
[20:59:37]   HIT  SILVER             ruble_emb        lag=  7 m5_p=0.1094  m6_ic=0.0335
[20:59:37]   HIT  SILVER             ruble_emb        lag= 14 m5_p=0.7233  m6_ic=0.1006
[20:59:37]   HIT  SILVER             ruble_emb        lag= 30 m5_p=0.8350  m6_ic=0.0465
[20:59:38]   HIT  SILVER             sanctions_emb    lag=  1 m5_p=0.7351  m6_ic=0.1333
[20:59:38]   HIT  SILVER             sanctions_emb    lag=  7 m5_p=0.4999  m6_ic=0.0933
[20:59:39]   HIT  SILVER             inflation_emb    lag=  1 m5_p=0.6911  m6_ic=0.0498
[20:59:39]   HIT  SILVER             inflation_emb    lag= 30 m5_p=0.6921  m6_ic=0.0493
[20:59:40]   HIT  SILVER             banking_emb      lag= 30 m5_p=0.8745  m6_ic=0.0929
[20:59:40]   HIT  SILVER             gold_emb         lag= 14 m5_p=0.9410  m6_ic=0.1223
[20:59:41]   HIT  SILVER             gold_emb         lag= 30 m5_p=0.8730  m6_ic=0.0579
[20:59:41]   HIT  IMOEX              oil_emb          lag= 14 m5_p=0.4171  m6_ic=0.0348
[20:59:42]   HIT  IMOEX              rate_emb         lag=  1 m5_p=0.1216  m6_ic=0.0814
[20:59:42]   HIT  IMOEX              rate_emb         lag= 14 m5_p=0.3900  m6_ic=0.1071
[20:59:42]   HIT  IMOEX              rate_emb         lag= 30 m5_p=0.9239  m6_ic=0.0745
[20:59:43]   HIT  IMOEX              ruble_emb        lag=  1 m5_p=0.3538  m6_ic=0.0605
[20:59:43]   HIT  IMOEX              ruble_emb        lag=  7 m5_p=0.6969  m6_ic=0.1091
[20:59:43]   HIT  IMOEX              ruble_emb        lag= 14 m5_p=0.5752  m6_ic=0.0849
[20:59:43]   HIT  IMOEX              ruble_emb        lag= 30 m5_p=0.3496  m6_ic=0.0328
[20:59:43]   HIT  IMOEX              sanctions_emb    lag=  1 m5_p=0.4070  m6_ic=0.1019
[20:59:44]   HIT  IMOEX              sanctions_emb    lag=  7 m5_p=0.2338  m6_ic=0.1173
[20:59:44]   HIT  IMOEX              inflation_emb    lag=  1 m5_p=0.0887  m6_ic=0.0574
[20:59:44]   HIT  IMOEX              inflation_emb    lag=  7 m5_p=0.2308  m6_ic=0.0342
[20:59:45]   HIT  IMOEX              banking_emb      lag=  7 m5_p=0.8551  m6_ic=0.0688
[20:59:46]   HIT  IMOEX              gold_emb         lag=  7 m5_p=0.1597  m6_ic=0.0659
[20:59:46]   HIT  IMOEX              gold_emb         lag= 14 m5_p=0.4976  m6_ic=0.0706
[20:59:47]   HIT  MOEXFN             oil_emb          lag= 14 m5_p=0.5602  m6_ic=0.0696
[20:59:47]   HIT  MOEXFN             oil_emb          lag= 30 m5_p=0.4331  m6_ic=0.0849
[20:59:48]   HIT  MOEXFN             rate_emb         lag=  7 m5_p=0.3027  m6_ic=0.0508
[20:59:48]   HIT  MOEXFN             rate_emb         lag= 14 m5_p=0.0939  m6_ic=0.0655
[20:59:48]   HIT  MOEXFN             rate_emb         lag= 30 m5_p=0.4588  m6_ic=0.0520
[20:59:48]   HIT  MOEXFN             ruble_emb        lag=  1 m5_p=0.4051  m6_ic=0.0600
[20:59:48]   HIT  MOEXFN             ruble_emb        lag=  7 m5_p=0.9184  m6_ic=0.0448
[20:59:49]   HIT  MOEXFN             ruble_emb        lag= 14 m5_p=0.9268  m6_ic=0.0307
[20:59:49]   HIT  MOEXFN             sanctions_emb    lag=  1 m5_p=0.5545  m6_ic=0.1003
[20:59:49]   HIT  MOEXFN             sanctions_emb    lag=  7 m5_p=0.2675  m6_ic=0.0685
[20:59:50]   HIT  MOEXFN             sanctions_emb    lag= 30 m5_p=0.6794  m6_ic=0.0667
[20:59:50]   HIT  MOEXFN             inflation_emb    lag= 14 m5_p=0.8303  m6_ic=0.0796
[20:59:50]   HIT  MOEXFN             banking_emb      lag=  1 m5_p=0.4235  m6_ic=0.0403
[20:59:51]   HIT  MOEXFN             banking_emb      lag=  7 m5_p=0.9354  m6_ic=0.0636
[20:59:51]   HIT  MOEXFN             banking_emb      lag= 30 m5_p=0.8517  m6_ic=0.0600
[20:59:51]   HIT  MOEXFN             gold_emb         lag=  1 m5_p=0.8897  m6_ic=0.0880
[20:59:52]   HIT  MOEXFN             gold_emb         lag=  7 m5_p=0.3467  m6_ic=0.0796
[20:59:52]   HIT  MOEXFN             gold_emb         lag= 14 m5_p=0.3763  m6_ic=0.0406
[20:59:52]   HIT  MOEXFN             gold_emb         lag= 30 m5_p=0.2654  m6_ic=0.0391
[20:59:52]   HIT  MOEXOG             oil_emb          lag=  1 m5_p=0.6638  m6_ic=0.0427
[20:59:52]   HIT  MOEXOG             oil_emb          lag=  7 m5_p=0.0552  m6_ic=0.0383
[20:59:53]   HIT  MOEXOG             rate_emb         lag=  1 m5_p=0.0466  m6_ic=0.0488
[20:59:53]   HIT  MOEXOG             rate_emb         lag= 14 m5_p=0.5690  m6_ic=0.0847
[20:59:54]   HIT  MOEXOG             rate_emb         lag= 30 m5_p=0.4720  m6_ic=0.1227
[20:59:54]   HIT  MOEXOG             ruble_emb        lag=  1 m5_p=0.3281  m6_ic=0.0496
[20:59:54]   HIT  MOEXOG             ruble_emb        lag=  7 m5_p=0.6356  m6_ic=0.0826
[20:59:54]   HIT  MOEXOG             ruble_emb        lag= 14 m5_p=0.7891  m6_ic=0.0479
[20:59:55]   HIT  MOEXOG             sanctions_emb    lag=  1 m5_p=0.3517  m6_ic=0.1262
[20:59:55]   HIT  MOEXOG             sanctions_emb    lag=  7 m5_p=0.5112  m6_ic=0.1113
[20:59:55]   HIT  MOEXOG             sanctions_emb    lag= 30 m5_p=0.5821  m6_ic=0.0788
[20:59:56]   HIT  MOEXOG             inflation_emb    lag= 30 m5_p=0.5215  m6_ic=0.0323
[20:59:56]   HIT  MOEXOG             banking_emb      lag=  7 m5_p=0.9745  m6_ic=0.0637
[20:59:57]   HIT  MOEXOG             gold_emb         lag=  7 m5_p=0.2981  m6_ic=0.0520
[20:59:57]   HIT  MOEXOG             gold_emb         lag= 14 m5_p=0.4966  m6_ic=0.0451
[20:59:58]   HIT  MOEX10             oil_emb          lag=  7 m5_p=0.1319  m6_ic=0.0357
[20:59:58]   HIT  MOEX10             oil_emb          lag= 30 m5_p=0.1828  m6_ic=0.0573
[20:59:58]   HIT  MOEX10             rate_emb         lag=  1 m5_p=0.0783  m6_ic=0.0526
[20:59:59]   HIT  MOEX10             rate_emb         lag=  7 m5_p=0.2159  m6_ic=0.0714
[20:59:59]   HIT  MOEX10             rate_emb         lag= 14 m5_p=0.4691  m6_ic=0.0495
[20:59:59]   HIT  MOEX10             rate_emb         lag= 30 m5_p=0.7477  m6_ic=0.0642
[20:59:59]   HIT  MOEX10             ruble_emb        lag=  1 m5_p=0.3155  m6_ic=0.0362
[21:00:00]   HIT  MOEX10             ruble_emb        lag= 14 m5_p=0.8507  m6_ic=0.0382
[21:00:00]   HIT  MOEX10             sanctions_emb    lag=  1 m5_p=0.4780  m6_ic=0.1139
[21:00:01]   HIT  MOEX10             inflation_emb    lag=  1 m5_p=0.1605  m6_ic=0.0351
[21:00:01]   HIT  MOEX10             inflation_emb    lag= 14 m5_p=0.9331  m6_ic=0.0770
[21:00:02]   HIT  MOEX10             banking_emb      lag=  7 m5_p=0.9801  m6_ic=0.0639
[21:00:02]   HIT  MOEX10             banking_emb      lag= 14 m5_p=0.8787  m6_ic=0.0447
[21:00:03]   HIT  MOEX10             gold_emb         lag=  1 m5_p=0.6671  m6_ic=0.0503
[21:00:03]   HIT  MOEX10             gold_emb         lag=  7 m5_p=0.1483  m6_ic=0.1153
[21:00:03]   HIT  MOEX10             gold_emb         lag= 30 m5_p=0.3250  m6_ic=0.0731
[21:00:03]     Train: 262 signals
[21:00:03]     Val holdout (262 candidates)...
[21:00:04]     VAL PASS  SP500              oil_emb          lag= 30  m6_ic=0.0899
[21:00:04]     VAL PASS  SP500              ruble_emb        lag= 14  m6_ic=0.0561
[21:00:05]     VAL PASS  SP500              sanctions_emb    lag= 14  m6_ic=0.0681
[21:00:05]     VAL PASS  SP500              inflation_emb    lag=  1  m6_ic=0.0792
[21:00:05]     VAL PASS  SP500              inflation_emb    lag=  7  m6_ic=0.0586
[21:00:05]     VAL PASS  SP500              inflation_emb    lag= 30  m6_ic=0.0427
[21:00:06]     VAL PASS  SP500              gold_emb         lag= 14  m6_ic=0.0313
[21:00:06]     VAL PASS  USD_RUB            oil_emb          lag=  1  m6_ic=0.0595
[21:00:06]     VAL PASS  USD_RUB            oil_emb          lag= 30  m6_ic=0.0648
[21:00:06]     VAL PASS  USD_RUB            rate_emb         lag=  1  m6_ic=0.0521
[21:00:06]     VAL PASS  USD_RUB            rate_emb         lag=  7  m6_ic=0.0720
[21:00:07]     VAL PASS  USD_RUB            rate_emb         lag= 30  m6_ic=0.0915
[21:00:07]     VAL PASS  USD_RUB            ruble_emb        lag=  7  m6_ic=0.0375
[21:00:07]     VAL PASS  USD_RUB            ruble_emb        lag= 14  m6_ic=0.0778
[21:00:07]     VAL PASS  USD_RUB            sanctions_emb    lag=  7  m6_ic=0.0617
[21:00:08]     VAL PASS  USD_RUB            inflation_emb    lag=  7  m6_ic=0.0986
[21:00:08]     VAL PASS  USD_RUB            banking_emb      lag=  1  m6_ic=0.0940
[21:00:08]     VAL PASS  USD_RUB            banking_emb      lag= 30  m6_ic=0.0485
[21:00:08]     VAL PASS  USD_RUB            gold_emb         lag=  7  m6_ic=0.0684
[21:00:09]     VAL PASS  EUR_RUB            oil_emb          lag=  1  m6_ic=0.0595
[21:00:09]     VAL PASS  EUR_RUB            oil_emb          lag= 30  m6_ic=0.0648
[21:00:09]     VAL PASS  EUR_RUB            rate_emb         lag=  1  m6_ic=0.0521
[21:00:09]     VAL PASS  EUR_RUB            rate_emb         lag=  7  m6_ic=0.0720
[21:00:09]     VAL PASS  EUR_RUB            rate_emb         lag= 30  m6_ic=0.0915
[21:00:10]     VAL PASS  EUR_RUB            ruble_emb        lag=  7  m6_ic=0.0375
[21:00:10]     VAL PASS  EUR_RUB            ruble_emb        lag= 14  m6_ic=0.0778
[21:00:10]     VAL PASS  EUR_RUB            sanctions_emb    lag=  7  m6_ic=0.0617
[21:00:10]     VAL PASS  EUR_RUB            inflation_emb    lag=  7  m6_ic=0.0986
[21:00:11]     VAL PASS  EUR_RUB            banking_emb      lag=  1  m6_ic=0.0940
[21:00:11]     VAL PASS  EUR_RUB            banking_emb      lag= 30  m6_ic=0.0485
[21:00:11]     VAL PASS  EUR_RUB            gold_emb         lag=  7  m6_ic=0.0684
[21:00:12]     VAL PASS  DJ_SOUTH_AFRICA    oil_emb          lag= 14  m6_ic=0.0911
[21:00:12]     VAL PASS  DJ_SOUTH_AFRICA    oil_emb          lag= 30  m6_ic=0.0797
[21:00:12]     VAL PASS  DJ_SOUTH_AFRICA    rate_emb         lag=  1  m6_ic=0.0811
[21:00:12]     VAL PASS  DJ_SOUTH_AFRICA    rate_emb         lag= 14  m6_ic=0.1277
[21:00:12]     VAL PASS  DJ_SOUTH_AFRICA    rate_emb         lag= 30  m6_ic=0.0900
[21:00:13]     VAL PASS  DJ_SOUTH_AFRICA    ruble_emb        lag=  1  m6_ic=0.0375
[21:00:13]     VAL PASS  DJ_SOUTH_AFRICA    sanctions_emb    lag=  7  m6_ic=0.0345
[21:00:13]     VAL PASS  DJ_SOUTH_AFRICA    sanctions_emb    lag= 14  m6_ic=0.0326
[21:00:14]     VAL PASS  DJ_SOUTH_AFRICA    inflation_emb    lag= 14  m6_ic=0.0367
[21:00:14]     VAL PASS  DJ_SOUTH_AFRICA    inflation_emb    lag= 30  m6_ic=0.0317
[21:00:14]     VAL PASS  DJ_SOUTH_AFRICA    banking_emb      lag= 14  m6_ic=0.0761
[21:00:15]     VAL PASS  DJ_SOUTH_AFRICA    gold_emb         lag=  7  m6_ic=0.0435
[21:00:15]     VAL PASS  MSCI_WORLD         oil_emb          lag= 14  m6_ic=0.0370
[21:00:15]     VAL PASS  MSCI_WORLD         rate_emb         lag=  1  m6_ic=0.0447
[21:00:16]     VAL PASS  MSCI_WORLD         rate_emb         lag=  7  m6_ic=0.0648
[21:00:16]     VAL PASS  MSCI_WORLD         rate_emb         lag= 30  m6_ic=0.0473
[21:00:16]     VAL PASS  MSCI_WORLD         inflation_emb    lag=  1  m6_ic=0.0352
[21:00:17]     VAL PASS  MSCI_WORLD         inflation_emb    lag= 30  m6_ic=0.0406
[21:00:17]     VAL PASS  MSCI_WORLD         banking_emb      lag=  7  m6_ic=0.0492
[21:00:18]     VAL PASS  MSCI_WORLD         gold_emb         lag= 14  m6_ic=0.1109
[21:00:18]     VAL PASS  DXY                rate_emb         lag=  1  m6_ic=0.0713
[21:00:18]     VAL PASS  DXY                rate_emb         lag= 14  m6_ic=0.0358
[21:00:18]     VAL PASS  DXY                rate_emb         lag= 30  m6_ic=0.0598
[21:00:19]     VAL PASS  DXY                ruble_emb        lag=  7  m6_ic=0.0603
[21:00:19]     VAL PASS  DXY                ruble_emb        lag= 30  m6_ic=0.0364
[21:00:19]     VAL PASS  DXY                sanctions_emb    lag=  1  m6_ic=0.0566
[21:00:19]     VAL PASS  DXY                sanctions_emb    lag=  7  m6_ic=0.0506
[21:00:20]     VAL PASS  DXY                sanctions_emb    lag= 14  m6_ic=0.0835
[21:00:20]     VAL PASS  DXY                sanctions_emb    lag= 30  m6_ic=0.0392
[21:00:20]     VAL PASS  DXY                inflation_emb    lag=  7  m6_ic=0.0584
[21:00:20]     VAL PASS  DXY                inflation_emb    lag= 30  m6_ic=0.0529
[21:00:20]     VAL PASS  DXY                banking_emb      lag=  1  m6_ic=0.0350
[21:00:21]     VAL PASS  DXY                banking_emb      lag=  7  m6_ic=0.1067
[21:00:21]     VAL PASS  DXY                gold_emb         lag=  7  m6_ic=0.0760
[21:00:21]     VAL PASS  DXY                gold_emb         lag= 30  m6_ic=0.0619
[21:00:21]     VAL PASS  BRENT              oil_emb          lag= 14  m6_ic=0.0320
[21:00:22]     VAL PASS  BRENT              oil_emb          lag= 30  m6_ic=0.0584
[21:00:22]     VAL PASS  BRENT              rate_emb         lag=  7  m6_ic=0.0580
[21:00:22]     VAL PASS  BRENT              rate_emb         lag= 30  m6_ic=0.1135
[21:00:22]     VAL PASS  BRENT              ruble_emb        lag=  1  m6_ic=0.0408
[21:00:22]     VAL PASS  BRENT              ruble_emb        lag=  7  m6_ic=0.0386
[21:00:22]     VAL PASS  BRENT              ruble_emb        lag= 14  m6_ic=0.0512
[21:00:23]     VAL PASS  BRENT              ruble_emb        lag= 30  m6_ic=0.0439
[21:00:23]     VAL PASS  BRENT              inflation_emb    lag= 30  m6_ic=0.0603
[21:00:24]     VAL PASS  BRENT              gold_emb         lag= 30  m6_ic=0.0449
[21:00:24]     VAL PASS  MSCI_INDIA         oil_emb          lag=  1  m6_ic=0.0400
[21:00:24]     VAL PASS  MSCI_INDIA         oil_emb          lag= 30  m6_ic=0.0405
[21:00:24]     VAL PASS  MSCI_INDIA         rate_emb         lag=  1  m6_ic=0.0366
[21:00:25]     VAL PASS  MSCI_INDIA         rate_emb         lag= 30  m6_ic=0.0733
[21:00:25]     VAL PASS  MSCI_INDIA         ruble_emb        lag=  7  m6_ic=0.0481
[21:00:25]     VAL PASS  MSCI_INDIA         ruble_emb        lag= 30  m6_ic=0.0554
[21:00:25]     VAL PASS  MSCI_INDIA         inflation_emb    lag=  7  m6_ic=0.0963
[21:00:26]     VAL PASS  MSCI_INDIA         inflation_emb    lag= 14  m6_ic=0.0752
[21:00:26]     VAL PASS  MSCI_INDIA         banking_emb      lag=  1  m6_ic=0.0923
[21:00:26]     VAL PASS  MSCI_INDIA         banking_emb      lag=  7  m6_ic=0.0425
[21:00:26]     VAL PASS  MSCI_INDIA         banking_emb      lag= 30  m6_ic=0.1132
[21:00:27]     VAL PASS  MSCI_INDIA         gold_emb         lag=  7  m6_ic=0.0450
[21:00:27]     VAL PASS  MSCI_INDIA         gold_emb         lag= 30  m6_ic=0.0345
[21:00:27]     VAL PASS  CHINA_H_SHARES     oil_emb          lag=  1  m6_ic=0.0608
[21:00:27]     VAL PASS  CHINA_H_SHARES     oil_emb          lag= 30  m6_ic=0.1113
[21:00:28]     VAL PASS  CHINA_H_SHARES     rate_emb         lag=  7  m6_ic=0.0354
[21:00:28]     VAL PASS  CHINA_H_SHARES     rate_emb         lag= 14  m6_ic=0.0331
[21:00:28]     VAL PASS  CHINA_H_SHARES     ruble_emb        lag=  7  m6_ic=0.0892
[21:00:28]     VAL PASS  CHINA_H_SHARES     ruble_emb        lag= 14  m6_ic=0.1280
[21:00:28]     VAL PASS  CHINA_H_SHARES     sanctions_emb    lag=  1  m6_ic=0.0474
[21:00:29]     VAL PASS  CHINA_H_SHARES     sanctions_emb    lag=  7  m6_ic=0.0572
[21:00:29]     VAL PASS  CHINA_H_SHARES     sanctions_emb    lag= 30  m6_ic=0.0897
[21:00:29]     VAL PASS  CHINA_H_SHARES     inflation_emb    lag=  7  m6_ic=0.0534
[21:00:29]     VAL PASS  CHINA_H_SHARES     inflation_emb    lag= 14  m6_ic=0.0379
[21:00:29]     VAL PASS  CHINA_H_SHARES     inflation_emb    lag= 30  m6_ic=0.1258
[21:00:30]     VAL PASS  CHINA_H_SHARES     gold_emb         lag=  7  m6_ic=0.1018
[21:00:30]     VAL PASS  CHINA_H_SHARES     gold_emb         lag= 14  m6_ic=0.0745
[21:00:30]     VAL PASS  CHINA_H_SHARES     gold_emb         lag= 30  m6_ic=0.0575
[21:00:31]     VAL PASS  FTSE_CHINA_50      oil_emb          lag= 14  m6_ic=0.0456
[21:00:31]     VAL PASS  FTSE_CHINA_50      oil_emb          lag= 30  m6_ic=0.0821
[21:00:31]     VAL PASS  FTSE_CHINA_50      rate_emb         lag=  1  m6_ic=0.0402
[21:00:32]     VAL PASS  FTSE_CHINA_50      rate_emb         lag= 14  m6_ic=0.0535
[21:00:32]     VAL PASS  FTSE_CHINA_50      ruble_emb        lag= 14  m6_ic=0.0635
[21:00:32]     VAL PASS  FTSE_CHINA_50      sanctions_emb    lag=  7  m6_ic=0.0501
[21:00:32]     VAL PASS  FTSE_CHINA_50      sanctions_emb    lag= 30  m6_ic=0.0560
[21:00:32]     VAL PASS  FTSE_CHINA_50      inflation_emb    lag=  7  m6_ic=0.0397
[21:00:33]     VAL PASS  FTSE_CHINA_50      inflation_emb    lag= 14  m6_ic=0.0955
[21:00:33]     VAL PASS  FTSE_CHINA_50      banking_emb      lag=  1  m6_ic=0.0494
[21:00:33]     VAL PASS  FTSE_CHINA_50      gold_emb         lag=  7  m6_ic=0.0691
[21:00:33]     VAL PASS  FTSE_CHINA_50      gold_emb         lag= 14  m6_ic=0.0930
[21:00:34]     VAL PASS  FTSE_CHINA_50      gold_emb         lag= 30  m6_ic=0.0742
[21:00:35]     VAL PASS  GOLD               rate_emb         lag= 30  m6_ic=0.1112
[21:00:35]     VAL PASS  GOLD               inflation_emb    lag=  1  m6_ic=0.0444
[21:00:35]     VAL PASS  GOLD               inflation_emb    lag=  7  m6_ic=0.1382
[21:00:36]     VAL PASS  GOLD               inflation_emb    lag= 30  m6_ic=0.0972
[21:00:36]     VAL PASS  GOLD               banking_emb      lag=  7  m6_ic=0.1155
[21:00:37]     VAL PASS  GOLD               gold_emb         lag=  7  m6_ic=0.0636
[21:00:37]     VAL PASS  GOLD               gold_emb         lag= 14  m6_ic=0.0313
[21:00:37]     VAL PASS  SILVER             oil_emb          lag=  7  m6_ic=0.0794
[21:00:37]     VAL PASS  SILVER             oil_emb          lag= 14  m6_ic=0.0371
[21:00:38]     VAL PASS  SILVER             oil_emb          lag= 30  m6_ic=0.1323
[21:00:38]     VAL PASS  SILVER             rate_emb         lag=  7  m6_ic=0.0511
[21:00:38]     VAL PASS  SILVER             rate_emb         lag= 14  m6_ic=0.1074
[21:00:38]     VAL PASS  SILVER             ruble_emb        lag=  7  m6_ic=0.0758
[21:00:39]     VAL PASS  SILVER             inflation_emb    lag=  1  m6_ic=0.0448
[21:00:40]     VAL PASS  SILVER             inflation_emb    lag= 30  m6_ic=0.1342
[21:00:40]     VAL PASS  SILVER             banking_emb      lag= 30  m6_ic=0.0590
[21:00:40]     VAL PASS  SILVER             gold_emb         lag= 14  m6_ic=0.0661
[21:00:40]     VAL PASS  SILVER             gold_emb         lag= 30  m6_ic=0.1091
[21:00:40]     VAL PASS  IMOEX              oil_emb          lag= 14  m6_ic=0.0745
[21:00:41]     VAL PASS  IMOEX              rate_emb         lag= 14  m6_ic=0.1414
[21:00:41]     VAL PASS  IMOEX              rate_emb         lag= 30  m6_ic=0.1107
[21:00:41]     VAL PASS  IMOEX              ruble_emb        lag=  1  m6_ic=0.0690
[21:00:41]     VAL PASS  IMOEX              ruble_emb        lag=  7  m6_ic=0.0384
[21:00:42]     VAL PASS  IMOEX              ruble_emb        lag= 14  m6_ic=0.0690
[21:00:42]     VAL PASS  IMOEX              ruble_emb        lag= 30  m6_ic=0.0530
[21:00:42]     VAL PASS  IMOEX              sanctions_emb    lag=  1  m6_ic=0.0531
[21:00:42]     VAL PASS  IMOEX              sanctions_emb    lag=  7  m6_ic=0.0613
[21:00:42]     VAL PASS  IMOEX              inflation_emb    lag=  1  m6_ic=0.0941
[21:00:43]     VAL PASS  IMOEX              banking_emb      lag=  7  m6_ic=0.0366
[21:00:43]     VAL PASS  MOEXFN             oil_emb          lag= 30  m6_ic=0.0898
[21:00:44]     VAL PASS  MOEXFN             rate_emb         lag=  7  m6_ic=0.0698
[21:00:44]     VAL PASS  MOEXFN             rate_emb         lag= 14  m6_ic=0.1303
[21:00:44]     VAL PASS  MOEXFN             rate_emb         lag= 30  m6_ic=0.0674
[21:00:44]     VAL PASS  MOEXFN             ruble_emb        lag=  1  m6_ic=0.0860
[21:00:44]     VAL PASS  MOEXFN             ruble_emb        lag=  7  m6_ic=0.0409
[21:00:45]     VAL PASS  MOEXFN             ruble_emb        lag= 14  m6_ic=0.0746
[21:00:45]     VAL PASS  MOEXFN             sanctions_emb    lag=  1  m6_ic=0.0320
[21:00:45]     VAL PASS  MOEXFN             sanctions_emb    lag= 30  m6_ic=0.1165
[21:00:45]     VAL PASS  MOEXFN             banking_emb      lag=  1  m6_ic=0.0617
[21:00:46]     VAL PASS  MOEXFN             banking_emb      lag=  7  m6_ic=0.0610
[21:00:46]     VAL PASS  MOEXFN             gold_emb         lag=  1  m6_ic=0.0431
[21:00:46]     VAL PASS  MOEXFN             gold_emb         lag= 14  m6_ic=0.0671
[21:00:47]     VAL PASS  MOEXFN             gold_emb         lag= 30  m6_ic=0.0432
[21:00:47]     VAL PASS  MOEXOG             oil_emb          lag=  7  m6_ic=0.0760
[21:00:47]     VAL PASS  MOEXOG             rate_emb         lag=  1  m6_ic=0.0724
[21:00:47]     VAL PASS  MOEXOG             rate_emb         lag= 14  m6_ic=0.1214
[21:00:47]     VAL PASS  MOEXOG             rate_emb         lag= 30  m6_ic=0.0919
[21:00:48]     VAL PASS  MOEXOG             ruble_emb        lag=  1  m6_ic=0.0717
[21:00:48]     VAL PASS  MOEXOG             ruble_emb        lag=  7  m6_ic=0.0711
[21:00:48]     VAL PASS  MOEXOG             ruble_emb        lag= 14  m6_ic=0.0693
[21:00:48]     VAL PASS  MOEXOG             sanctions_emb    lag=  1  m6_ic=0.0403
[21:00:48]     VAL PASS  MOEXOG             sanctions_emb    lag=  7  m6_ic=0.0598
[21:00:49]     VAL PASS  MOEXOG             sanctions_emb    lag= 30  m6_ic=0.0790
[21:00:49]     VAL PASS  MOEXOG             inflation_emb    lag= 30  m6_ic=0.1262
[21:00:49]     VAL PASS  MOEXOG             banking_emb      lag=  7  m6_ic=0.0733
[21:00:49]     VAL PASS  MOEXOG             gold_emb         lag= 14  m6_ic=0.0309
[21:00:49]     VAL PASS  MOEX10             oil_emb          lag=  7  m6_ic=0.0325
[21:00:50]     VAL PASS  MOEX10             oil_emb          lag= 30  m6_ic=0.0996
[21:00:50]     VAL PASS  MOEX10             rate_emb         lag=  1  m6_ic=0.0347
[21:00:50]     VAL PASS  MOEX10             rate_emb         lag= 14  m6_ic=0.1375
[21:00:50]     VAL PASS  MOEX10             rate_emb         lag= 30  m6_ic=0.0699
[21:00:51]     VAL PASS  MOEX10             ruble_emb        lag=  1  m6_ic=0.0934
[21:00:51]     VAL PASS  MOEX10             ruble_emb        lag= 14  m6_ic=0.0760
[21:00:51]     VAL PASS  MOEX10             sanctions_emb    lag=  1  m6_ic=0.0568
[21:00:51]     VAL PASS  MOEX10             inflation_emb    lag=  1  m6_ic=0.0965
[21:00:51]     VAL PASS  MOEX10             inflation_emb    lag= 14  m6_ic=0.0362
[21:00:51]     VAL PASS  MOEX10             banking_emb      lag=  7  m6_ic=0.0565
[21:00:52]     VAL PASS  MOEX10             gold_emb         lag=  7  m6_ic=0.0845
[21:00:52]     VAL PASS  MOEX10             gold_emb         lag= 30  m6_ic=0.0375
[21:00:52]     Val: 186/262 held
[21:00:52]   → train=262  val=186  max_ic=0.1404  score=2787.3
[21:00:52] 
============================================================
[21:00:52] FINAL REPORT
[21:00:52] ============================================================
[21:00:53] Report: C:\project\signal_mind\analytics\phase_b\night_search\night_report_20260520_203734.md
[21:00:53] Hits CSV: C:\project\signal_mind\analytics\phase_b\night_search\night_hits_20260520_203734.csv
[21:00:53] 
[11/15] sweep_embedding_raw_abs_return  (budget=91min)
[21:00:53]   Config: sweep_embedding_raw_abs_return
[21:00:53]     feature=embedding_raw  target=abs_return  ensemble=M6_only  ic_min=0.03
[21:00:54]   HIT  SP500              oil_emb          lag= 30 m5_p=0.7391  m6_ic=0.0739
[21:00:55]   HIT  SP500              ruble_emb        lag=  7 m5_p=0.1061  m6_ic=0.0664
[21:00:55]   HIT  SP500              ruble_emb        lag= 14 m5_p=0.6187  m6_ic=0.0796
[21:00:56]   HIT  SP500              sanctions_emb    lag=  1 m5_p=0.1713  m6_ic=0.0536
[21:00:56]   HIT  SP500              sanctions_emb    lag=  7 m5_p=0.0916  m6_ic=0.0553
[21:00:56]   HIT  SP500              sanctions_emb    lag= 14 m5_p=0.1534  m6_ic=0.0360
[21:00:56]   HIT  SP500              inflation_emb    lag=  1 m5_p=0.9406  m6_ic=0.0484
[21:00:57]   HIT  SP500              inflation_emb    lag=  7 m5_p=0.3355  m6_ic=0.1011
[21:00:57]   HIT  SP500              inflation_emb    lag= 30 m5_p=0.5788  m6_ic=0.0506
[21:00:57]   HIT  SP500              banking_emb      lag=  1 m5_p=0.5709  m6_ic=0.0312
[21:00:58]   HIT  SP500              gold_emb         lag= 14 m5_p=0.4467  m6_ic=0.0763
[21:00:59]   HIT  USD_RUB            oil_emb          lag=  1 m5_p=0.7448  m6_ic=0.0517
[21:00:59]   HIT  USD_RUB            oil_emb          lag= 30 m5_p=0.8768  m6_ic=0.0881
[21:01:00]   HIT  USD_RUB            rate_emb         lag=  1 m5_p=0.0770  m6_ic=0.0326
[21:01:00]   HIT  USD_RUB            rate_emb         lag=  7 m5_p=0.0680  m6_ic=0.0499
[21:01:00]   HIT  USD_RUB            rate_emb         lag= 30 m5_p=0.5357  m6_ic=0.0664
[21:01:01]   HIT  USD_RUB            ruble_emb        lag=  7 m5_p=0.7121  m6_ic=0.1193
[21:01:01]   HIT  USD_RUB            ruble_emb        lag= 14 m5_p=0.0550  m6_ic=0.0786
[21:01:01]   HIT  USD_RUB            sanctions_emb    lag=  7 m5_p=0.4124  m6_ic=0.0885
[21:01:02]   HIT  USD_RUB            inflation_emb    lag=  1 m5_p=0.0616  m6_ic=0.0752
[21:01:02]   HIT  USD_RUB            inflation_emb    lag=  7 m5_p=0.8706  m6_ic=0.0327
[21:01:02]   HIT  USD_RUB            inflation_emb    lag= 14 m5_p=0.6877  m6_ic=0.0344
[21:01:03]   HIT  USD_RUB            banking_emb      lag=  1 m5_p=0.9389  m6_ic=0.0921
[21:01:03]   HIT  USD_RUB            banking_emb      lag= 14 m5_p=0.5740  m6_ic=0.0352
[21:01:03]   HIT  USD_RUB            banking_emb      lag= 30 m5_p=0.8252  m6_ic=0.0489
[21:01:04]   HIT  USD_RUB            gold_emb         lag=  7 m5_p=0.9077  m6_ic=0.0349
[21:01:04]   HIT  EUR_RUB            oil_emb          lag=  1 m5_p=0.7448  m6_ic=0.0517
[21:01:05]   HIT  EUR_RUB            oil_emb          lag= 30 m5_p=0.8768  m6_ic=0.0881
[21:01:05]   HIT  EUR_RUB            rate_emb         lag=  1 m5_p=0.0770  m6_ic=0.0326
[21:01:05]   HIT  EUR_RUB            rate_emb         lag=  7 m5_p=0.0680  m6_ic=0.0499
[21:01:06]   HIT  EUR_RUB            rate_emb         lag= 30 m5_p=0.5357  m6_ic=0.0664
[21:01:06]   HIT  EUR_RUB            ruble_emb        lag=  7 m5_p=0.7121  m6_ic=0.1193
[21:01:06]   HIT  EUR_RUB            ruble_emb        lag= 14 m5_p=0.0550  m6_ic=0.0786
[21:01:07]   HIT  EUR_RUB            sanctions_emb    lag=  7 m5_p=0.4124  m6_ic=0.0885
[21:01:08]   HIT  EUR_RUB            inflation_emb    lag=  1 m5_p=0.0616  m6_ic=0.0752
[21:01:08]   HIT  EUR_RUB            inflation_emb    lag=  7 m5_p=0.8706  m6_ic=0.0327
[21:01:08]   HIT  EUR_RUB            inflation_emb    lag= 14 m5_p=0.6877  m6_ic=0.0344
[21:01:08]   HIT  EUR_RUB            banking_emb      lag=  1 m5_p=0.9389  m6_ic=0.0921
[21:01:09]   HIT  EUR_RUB            banking_emb      lag= 14 m5_p=0.5740  m6_ic=0.0352
[21:01:09]   HIT  EUR_RUB            banking_emb      lag= 30 m5_p=0.8252  m6_ic=0.0489
[21:01:09]   HIT  EUR_RUB            gold_emb         lag=  7 m5_p=0.9077  m6_ic=0.0349
[21:01:10]   HIT  DJ_SOUTH_AFRICA    oil_emb          lag=  7 m5_p=0.8485  m6_ic=0.0371
[21:01:10]   HIT  DJ_SOUTH_AFRICA    oil_emb          lag= 14 m5_p=0.5498  m6_ic=0.0927
[21:01:11]   HIT  DJ_SOUTH_AFRICA    oil_emb          lag= 30 m5_p=0.0778  m6_ic=0.0312
[21:01:11]   HIT  DJ_SOUTH_AFRICA    rate_emb         lag=  1 m5_p=0.0638  m6_ic=0.0318
[21:01:11]   HIT  DJ_SOUTH_AFRICA    rate_emb         lag= 14 m5_p=0.4893  m6_ic=0.1174
[21:01:12]   HIT  DJ_SOUTH_AFRICA    rate_emb         lag= 30 m5_p=0.4674  m6_ic=0.0569
[21:01:12]   HIT  DJ_SOUTH_AFRICA    ruble_emb        lag=  1 m5_p=0.5229  m6_ic=0.0604
[21:01:12]   HIT  DJ_SOUTH_AFRICA    ruble_emb        lag=  7 m5_p=0.1380  m6_ic=0.0332
[21:01:12]   HIT  DJ_SOUTH_AFRICA    ruble_emb        lag= 30 m5_p=0.6104  m6_ic=0.0555
[21:01:13]   HIT  DJ_SOUTH_AFRICA    sanctions_emb    lag=  7 m5_p=0.0377  m6_ic=0.0609
[21:01:13]   HIT  DJ_SOUTH_AFRICA    sanctions_emb    lag= 14 m5_p=0.6578  m6_ic=0.0507
[21:01:13]   HIT  DJ_SOUTH_AFRICA    sanctions_emb    lag= 30 m5_p=0.4399  m6_ic=0.0743
[21:01:13]   HIT  DJ_SOUTH_AFRICA    inflation_emb    lag=  1 m5_p=0.7070  m6_ic=0.0432
[21:01:14]   HIT  DJ_SOUTH_AFRICA    inflation_emb    lag=  7 m5_p=0.1537  m6_ic=0.0520
[21:01:14]   HIT  DJ_SOUTH_AFRICA    inflation_emb    lag= 14 m5_p=0.7240  m6_ic=0.0561
[21:01:14]   HIT  DJ_SOUTH_AFRICA    inflation_emb    lag= 30 m5_p=0.8763  m6_ic=0.0535
[21:01:15]   HIT  DJ_SOUTH_AFRICA    banking_emb      lag= 14 m5_p=0.5877  m6_ic=0.0469
[21:01:15]   HIT  DJ_SOUTH_AFRICA    gold_emb         lag=  7 m5_p=0.5567  m6_ic=0.0355
[21:01:15]   HIT  DJ_SOUTH_AFRICA    gold_emb         lag= 14 m5_p=0.2009  m6_ic=0.0807
[21:01:16]   HIT  DJ_SOUTH_AFRICA    gold_emb         lag= 30 m5_p=0.0076  m6_ic=0.0425
[21:01:16]   HIT  MSCI_WORLD         oil_emb          lag= 14 m5_p=0.9228  m6_ic=0.0302
[21:01:17]   HIT  MSCI_WORLD         rate_emb         lag=  1 m5_p=0.9574  m6_ic=0.0328
[21:01:17]   HIT  MSCI_WORLD         rate_emb         lag=  7 m5_p=0.1236  m6_ic=0.0492
[21:01:17]   HIT  MSCI_WORLD         rate_emb         lag= 30 m5_p=0.0772  m6_ic=0.0424
[21:01:18]   HIT  MSCI_WORLD         sanctions_emb    lag=  1 m5_p=0.9459  m6_ic=0.0494
[21:01:18]   HIT  MSCI_WORLD         sanctions_emb    lag=  7 m5_p=0.8661  m6_ic=0.0378
[21:01:19]   HIT  MSCI_WORLD         inflation_emb    lag=  1 m5_p=0.7441  m6_ic=0.0441
[21:01:19]   HIT  MSCI_WORLD         inflation_emb    lag=  7 m5_p=0.6335  m6_ic=0.0340
[21:01:19]   HIT  MSCI_WORLD         inflation_emb    lag= 14 m5_p=0.7948  m6_ic=0.0635
[21:01:20]   HIT  MSCI_WORLD         inflation_emb    lag= 30 m5_p=0.8049  m6_ic=0.0333
[21:01:20]   HIT  MSCI_WORLD         banking_emb      lag=  1 m5_p=0.3836  m6_ic=0.0378
[21:01:20]   HIT  MSCI_WORLD         banking_emb      lag=  7 m5_p=0.7890  m6_ic=0.0945
[21:01:21]   HIT  MSCI_WORLD         gold_emb         lag=  7 m5_p=0.8757  m6_ic=0.0976
[21:01:21]   HIT  MSCI_WORLD         gold_emb         lag= 14 m5_p=0.7950  m6_ic=0.1159
[21:01:21]   HIT  MSCI_WORLD         gold_emb         lag= 30 m5_p=0.4986  m6_ic=0.1011
[21:01:21]   HIT  DXY                oil_emb          lag=  1 m5_p=0.3734  m6_ic=0.0729
[21:01:22]   HIT  DXY                rate_emb         lag=  1 m5_p=0.8318  m6_ic=0.0390
[21:01:23]   HIT  DXY                rate_emb         lag= 14 m5_p=0.0197  m6_ic=0.0767
[21:01:23]   HIT  DXY                rate_emb         lag= 30 m5_p=0.7622  m6_ic=0.0976
[21:01:23]   HIT  DXY                ruble_emb        lag=  7 m5_p=0.6913  m6_ic=0.0592
[21:01:23]   HIT  DXY                ruble_emb        lag= 14 m5_p=0.8382  m6_ic=0.0534
[21:01:24]   HIT  DXY                ruble_emb        lag= 30 m5_p=0.9023  m6_ic=0.0629
[21:01:24]   HIT  DXY                sanctions_emb    lag=  1 m5_p=0.9646  m6_ic=0.0494
[21:01:24]   HIT  DXY                sanctions_emb    lag=  7 m5_p=0.6018  m6_ic=0.0475
[21:01:24]   HIT  DXY                sanctions_emb    lag= 14 m5_p=0.3624  m6_ic=0.0517
[21:01:25]   HIT  DXY                sanctions_emb    lag= 30 m5_p=0.3064  m6_ic=0.1034
[21:01:25]   HIT  DXY                inflation_emb    lag=  7 m5_p=0.2859  m6_ic=0.0588
[21:01:25]   HIT  DXY                inflation_emb    lag= 30 m5_p=0.7154  m6_ic=0.0365
[21:01:26]   HIT  DXY                banking_emb      lag=  1 m5_p=0.2264  m6_ic=0.0820
[21:01:26]   HIT  DXY                banking_emb      lag=  7 m5_p=0.9442  m6_ic=0.0335
[21:01:27]   HIT  DXY                gold_emb         lag=  7 m5_p=0.9126  m6_ic=0.0382
[21:01:27]   HIT  DXY                gold_emb         lag= 14 m5_p=0.6709  m6_ic=0.1237
[21:01:27]   HIT  DXY                gold_emb         lag= 30 m5_p=0.1762  m6_ic=0.0600
[21:01:28]   HIT  BRENT              oil_emb          lag= 14 m5_p=0.6934  m6_ic=0.0400
[21:01:28]   HIT  BRENT              oil_emb          lag= 30 m5_p=0.9130  m6_ic=0.1104
[21:01:28]   HIT  BRENT              rate_emb         lag=  7 m5_p=0.4801  m6_ic=0.0464
[21:01:29]   HIT  BRENT              rate_emb         lag= 30 m5_p=0.2612  m6_ic=0.0692
[21:01:29]   HIT  BRENT              ruble_emb        lag=  1 m5_p=0.7575  m6_ic=0.0686
[21:01:29]   HIT  BRENT              ruble_emb        lag=  7 m5_p=0.0665  m6_ic=0.0500
[21:01:29]   HIT  BRENT              ruble_emb        lag= 14 m5_p=0.8253  m6_ic=0.0390
[21:01:30]   HIT  BRENT              ruble_emb        lag= 30 m5_p=0.3300  m6_ic=0.0935
[21:01:30]   HIT  BRENT              sanctions_emb    lag= 30 m5_p=0.9523  m6_ic=0.0530
[21:01:31]   HIT  BRENT              inflation_emb    lag=  7 m5_p=0.1720  m6_ic=0.0760
[21:01:31]   HIT  BRENT              inflation_emb    lag= 30 m5_p=0.3597  m6_ic=0.0379
[21:01:31]   HIT  BRENT              banking_emb      lag=  1 m5_p=0.8633  m6_ic=0.1119
[21:01:32]   HIT  BRENT              banking_emb      lag=  7 m5_p=0.8160  m6_ic=0.0430
[21:01:33]   HIT  BRENT              gold_emb         lag= 30 m5_p=0.9238  m6_ic=0.0554
[21:01:33]   HIT  MSCI_INDIA         oil_emb          lag=  1 m5_p=0.3292  m6_ic=0.1213
[21:01:33]   HIT  MSCI_INDIA         oil_emb          lag= 30 m5_p=0.3094  m6_ic=0.0502
[21:01:34]   HIT  MSCI_INDIA         rate_emb         lag=  1 m5_p=0.1585  m6_ic=0.0809
[21:01:34]   HIT  MSCI_INDIA         rate_emb         lag= 30 m5_p=0.2502  m6_ic=0.0447
[21:01:35]   HIT  MSCI_INDIA         ruble_emb        lag=  7 m5_p=0.4546  m6_ic=0.0753
[21:01:35]   HIT  MSCI_INDIA         ruble_emb        lag= 14 m5_p=0.7257  m6_ic=0.1170
[21:01:35]   HIT  MSCI_INDIA         ruble_emb        lag= 30 m5_p=0.5483  m6_ic=0.0717
[21:01:36]   HIT  MSCI_INDIA         inflation_emb    lag=  1 m5_p=0.7917  m6_ic=0.0412
[21:01:36]   HIT  MSCI_INDIA         inflation_emb    lag=  7 m5_p=0.5301  m6_ic=0.0356
[21:01:36]   HIT  MSCI_INDIA         inflation_emb    lag= 14 m5_p=0.1285  m6_ic=0.0672
[21:01:37]   HIT  MSCI_INDIA         banking_emb      lag=  1 m5_p=0.9750  m6_ic=0.0367
[21:01:37]   HIT  MSCI_INDIA         banking_emb      lag=  7 m5_p=0.7599  m6_ic=0.0594
[21:01:37]   HIT  MSCI_INDIA         banking_emb      lag= 14 m5_p=0.4523  m6_ic=0.0721
[21:01:37]   HIT  MSCI_INDIA         banking_emb      lag= 30 m5_p=0.2018  m6_ic=0.0762
[21:01:38]   HIT  MSCI_INDIA         gold_emb         lag=  7 m5_p=0.5405  m6_ic=0.0392
[21:01:38]   HIT  MSCI_INDIA         gold_emb         lag= 30 m5_p=0.9170  m6_ic=0.0421
[21:01:38]   HIT  CHINA_H_SHARES     oil_emb          lag=  1 m5_p=0.9909  m6_ic=0.0863
[21:01:39]   HIT  CHINA_H_SHARES     oil_emb          lag= 30 m5_p=0.4361  m6_ic=0.0799
[21:01:39]   HIT  CHINA_H_SHARES     rate_emb         lag=  1 m5_p=0.2178  m6_ic=0.0901
[21:01:39]   HIT  CHINA_H_SHARES     rate_emb         lag=  7 m5_p=0.8553  m6_ic=0.0471
[21:01:40]   HIT  CHINA_H_SHARES     rate_emb         lag= 14 m5_p=0.0364  m6_ic=0.0771
[21:01:40]   HIT  CHINA_H_SHARES     ruble_emb        lag=  1 m5_p=0.0971  m6_ic=0.0371
[21:01:40]   HIT  CHINA_H_SHARES     ruble_emb        lag=  7 m5_p=0.0111  m6_ic=0.0720
[21:01:40]   HIT  CHINA_H_SHARES     ruble_emb        lag= 14 m5_p=0.5494  m6_ic=0.0324
[21:01:41]   HIT  CHINA_H_SHARES     sanctions_emb    lag=  1 m5_p=0.4580  m6_ic=0.0333
[21:01:41]   HIT  CHINA_H_SHARES     sanctions_emb    lag=  7 m5_p=0.6217  m6_ic=0.0547
[21:01:41]   HIT  CHINA_H_SHARES     sanctions_emb    lag= 30 m5_p=0.5367  m6_ic=0.0430
[21:01:42]   HIT  CHINA_H_SHARES     inflation_emb    lag=  7 m5_p=0.9540  m6_ic=0.0496
[21:01:42]   HIT  CHINA_H_SHARES     inflation_emb    lag= 14 m5_p=0.0526  m6_ic=0.0713
[21:01:42]   HIT  CHINA_H_SHARES     inflation_emb    lag= 30 m5_p=0.6533  m6_ic=0.0354
[21:01:42]   HIT  CHINA_H_SHARES     banking_emb      lag=  1 m5_p=0.9612  m6_ic=0.0659
[21:01:43]   HIT  CHINA_H_SHARES     banking_emb      lag=  7 m5_p=0.9848  m6_ic=0.0339
[21:01:43]   HIT  CHINA_H_SHARES     gold_emb         lag=  1 m5_p=0.9468  m6_ic=0.0312
[21:01:43]   HIT  CHINA_H_SHARES     gold_emb         lag=  7 m5_p=0.8447  m6_ic=0.0588
[21:01:44]   HIT  CHINA_H_SHARES     gold_emb         lag= 14 m5_p=0.3694  m6_ic=0.0732
[21:01:44]   HIT  CHINA_H_SHARES     gold_emb         lag= 30 m5_p=0.5720  m6_ic=0.0662
[21:01:44]   HIT  FTSE_CHINA_50      oil_emb          lag=  1 m5_p=0.8237  m6_ic=0.0584
[21:01:44]   HIT  FTSE_CHINA_50      oil_emb          lag= 14 m5_p=0.9464  m6_ic=0.0439
[21:01:45]   HIT  FTSE_CHINA_50      oil_emb          lag= 30 m5_p=0.3816  m6_ic=0.0640
[21:01:45]   HIT  FTSE_CHINA_50      rate_emb         lag=  1 m5_p=0.2613  m6_ic=0.0949
[21:01:45]   HIT  FTSE_CHINA_50      rate_emb         lag=  7 m5_p=0.7846  m6_ic=0.0348
[21:01:45]   HIT  FTSE_CHINA_50      rate_emb         lag= 14 m5_p=0.0304  m6_ic=0.0779
[21:01:46]   HIT  FTSE_CHINA_50      ruble_emb        lag=  1 m5_p=0.0629  m6_ic=0.0780
[21:01:46]   HIT  FTSE_CHINA_50      ruble_emb        lag= 14 m5_p=0.4802  m6_ic=0.0610
[21:01:47]   HIT  FTSE_CHINA_50      sanctions_emb    lag=  7 m5_p=0.6860  m6_ic=0.0559
[21:01:47]   HIT  FTSE_CHINA_50      sanctions_emb    lag= 30 m5_p=0.3571  m6_ic=0.0738
[21:01:47]   HIT  FTSE_CHINA_50      inflation_emb    lag=  7 m5_p=0.8928  m6_ic=0.0538
[21:01:48]   HIT  FTSE_CHINA_50      inflation_emb    lag= 14 m5_p=0.0430  m6_ic=0.0684
[21:01:48]   HIT  FTSE_CHINA_50      inflation_emb    lag= 30 m5_p=0.6400  m6_ic=0.0316
[21:01:48]   HIT  FTSE_CHINA_50      banking_emb      lag=  1 m5_p=0.9411  m6_ic=0.0508
[21:01:48]   HIT  FTSE_CHINA_50      banking_emb      lag=  7 m5_p=0.8064  m6_ic=0.0305
[21:01:49]   HIT  FTSE_CHINA_50      gold_emb         lag=  7 m5_p=0.8589  m6_ic=0.0558
[21:01:49]   HIT  FTSE_CHINA_50      gold_emb         lag= 14 m5_p=0.2419  m6_ic=0.0816
[21:01:49]   HIT  FTSE_CHINA_50      gold_emb         lag= 30 m5_p=0.4803  m6_ic=0.0633
[21:01:50]   HIT  GOLD               oil_emb          lag= 30 m5_p=0.1388  m6_ic=0.1091
[21:01:50]   HIT  GOLD               rate_emb         lag=  1 m5_p=0.9063  m6_ic=0.1404
[21:01:50]   HIT  GOLD               rate_emb         lag=  7 m5_p=0.3280  m6_ic=0.0759
[21:01:51]   HIT  GOLD               rate_emb         lag= 14 m5_p=0.3908  m6_ic=0.1002
[21:01:51]   HIT  GOLD               rate_emb         lag= 30 m5_p=0.4556  m6_ic=0.0459
[21:01:52]   HIT  GOLD               ruble_emb        lag= 30 m5_p=0.4411  m6_ic=0.0488
[21:01:52]   HIT  GOLD               sanctions_emb    lag= 14 m5_p=0.2355  m6_ic=0.0600
[21:01:53]   HIT  GOLD               inflation_emb    lag=  1 m5_p=0.9295  m6_ic=0.1321
[21:01:53]   HIT  GOLD               inflation_emb    lag=  7 m5_p=0.6545  m6_ic=0.0586
[21:01:53]   HIT  GOLD               inflation_emb    lag= 14 m5_p=0.7785  m6_ic=0.0872
[21:01:53]   HIT  GOLD               inflation_emb    lag= 30 m5_p=0.8263  m6_ic=0.0616
[21:01:54]   HIT  GOLD               banking_emb      lag=  7 m5_p=0.3961  m6_ic=0.0477
[21:01:54]   HIT  GOLD               banking_emb      lag= 14 m5_p=0.6257  m6_ic=0.0400
[21:01:54]   HIT  GOLD               banking_emb      lag= 30 m5_p=0.3287  m6_ic=0.0307
[21:01:54]   HIT  GOLD               gold_emb         lag=  1 m5_p=0.3730  m6_ic=0.0464
[21:01:54]   HIT  GOLD               gold_emb         lag=  7 m5_p=0.3488  m6_ic=0.1122
[21:01:54]   HIT  GOLD               gold_emb         lag= 14 m5_p=0.6406  m6_ic=0.0348
[21:01:55]   HIT  GOLD               gold_emb         lag= 30 m5_p=0.6717  m6_ic=0.0388
[21:01:55]   HIT  SILVER             oil_emb          lag=  7 m5_p=0.2003  m6_ic=0.0348
[21:01:55]   HIT  SILVER             oil_emb          lag= 14 m5_p=0.9077  m6_ic=0.0598
[21:01:55]   HIT  SILVER             oil_emb          lag= 30 m5_p=0.2117  m6_ic=0.0714
[21:01:56]   HIT  SILVER             rate_emb         lag=  1 m5_p=0.4332  m6_ic=0.0515
[21:01:56]   HIT  SILVER             rate_emb         lag=  7 m5_p=0.2404  m6_ic=0.0402
[21:01:56]   HIT  SILVER             rate_emb         lag= 14 m5_p=0.4185  m6_ic=0.0338
[21:01:56]   HIT  SILVER             ruble_emb        lag=  1 m5_p=0.5027  m6_ic=0.0679
[21:01:57]   HIT  SILVER             ruble_emb        lag=  7 m5_p=0.1094  m6_ic=0.0335
[21:01:57]   HIT  SILVER             ruble_emb        lag= 14 m5_p=0.7233  m6_ic=0.1006
[21:01:57]   HIT  SILVER             ruble_emb        lag= 30 m5_p=0.8350  m6_ic=0.0465
[21:01:57]   HIT  SILVER             sanctions_emb    lag=  1 m5_p=0.7351  m6_ic=0.1333
[21:01:57]   HIT  SILVER             sanctions_emb    lag=  7 m5_p=0.4999  m6_ic=0.0933
[21:01:58]   HIT  SILVER             inflation_emb    lag=  1 m5_p=0.6911  m6_ic=0.0498
[21:01:58]   HIT  SILVER             inflation_emb    lag= 30 m5_p=0.6921  m6_ic=0.0493
[21:01:59]   HIT  SILVER             banking_emb      lag= 30 m5_p=0.8745  m6_ic=0.0929
[21:02:00]   HIT  SILVER             gold_emb         lag= 14 m5_p=0.9410  m6_ic=0.1223
[21:02:00]   HIT  SILVER             gold_emb         lag= 30 m5_p=0.8730  m6_ic=0.0579
[21:02:01]   HIT  IMOEX              oil_emb          lag= 14 m5_p=0.4171  m6_ic=0.0348
[21:02:01]   HIT  IMOEX              rate_emb         lag=  1 m5_p=0.1216  m6_ic=0.0814
[21:02:01]   HIT  IMOEX              rate_emb         lag= 14 m5_p=0.3900  m6_ic=0.1071
[21:02:02]   HIT  IMOEX              rate_emb         lag= 30 m5_p=0.9239  m6_ic=0.0745
[21:02:02]   HIT  IMOEX              ruble_emb        lag=  1 m5_p=0.3538  m6_ic=0.0605
[21:02:02]   HIT  IMOEX              ruble_emb        lag=  7 m5_p=0.6969  m6_ic=0.1091
[21:02:02]   HIT  IMOEX              ruble_emb        lag= 14 m5_p=0.5752  m6_ic=0.0849
[21:02:02]   HIT  IMOEX              ruble_emb        lag= 30 m5_p=0.3496  m6_ic=0.0328
[21:02:03]   HIT  IMOEX              sanctions_emb    lag=  1 m5_p=0.4070  m6_ic=0.1019
[21:02:03]   HIT  IMOEX              sanctions_emb    lag=  7 m5_p=0.2338  m6_ic=0.1173
[21:02:03]   HIT  IMOEX              inflation_emb    lag=  1 m5_p=0.0887  m6_ic=0.0574
[21:02:04]   HIT  IMOEX              inflation_emb    lag=  7 m5_p=0.2308  m6_ic=0.0342
[21:02:04]   HIT  IMOEX              banking_emb      lag=  7 m5_p=0.8551  m6_ic=0.0688
[21:02:05]   HIT  IMOEX              gold_emb         lag=  7 m5_p=0.1597  m6_ic=0.0659
[21:02:05]   HIT  IMOEX              gold_emb         lag= 14 m5_p=0.4976  m6_ic=0.0706
[21:02:06]   HIT  MOEXFN             oil_emb          lag= 14 m5_p=0.5602  m6_ic=0.0696
[21:02:06]   HIT  MOEXFN             oil_emb          lag= 30 m5_p=0.4331  m6_ic=0.0849
[21:02:07]   HIT  MOEXFN             rate_emb         lag=  7 m5_p=0.3027  m6_ic=0.0508
[21:02:07]   HIT  MOEXFN             rate_emb         lag= 14 m5_p=0.0939  m6_ic=0.0655
[21:02:07]   HIT  MOEXFN             rate_emb         lag= 30 m5_p=0.4588  m6_ic=0.0520
[21:02:07]   HIT  MOEXFN             ruble_emb        lag=  1 m5_p=0.4051  m6_ic=0.0600
[21:02:08]   HIT  MOEXFN             ruble_emb        lag=  7 m5_p=0.9184  m6_ic=0.0448
[21:02:08]   HIT  MOEXFN             ruble_emb        lag= 14 m5_p=0.9268  m6_ic=0.0307
[21:02:08]   HIT  MOEXFN             sanctions_emb    lag=  1 m5_p=0.5545  m6_ic=0.1003
[21:02:08]   HIT  MOEXFN             sanctions_emb    lag=  7 m5_p=0.2675  m6_ic=0.0685
[21:02:09]   HIT  MOEXFN             sanctions_emb    lag= 30 m5_p=0.6794  m6_ic=0.0667
[21:02:09]   HIT  MOEXFN             inflation_emb    lag= 14 m5_p=0.8303  m6_ic=0.0796
[21:02:10]   HIT  MOEXFN             banking_emb      lag=  1 m5_p=0.4235  m6_ic=0.0403
[21:02:10]   HIT  MOEXFN             banking_emb      lag=  7 m5_p=0.9354  m6_ic=0.0636
[21:02:11]   HIT  MOEXFN             banking_emb      lag= 30 m5_p=0.8517  m6_ic=0.0600
[21:02:11]   HIT  MOEXFN             gold_emb         lag=  1 m5_p=0.8897  m6_ic=0.0880
[21:02:11]   HIT  MOEXFN             gold_emb         lag=  7 m5_p=0.3467  m6_ic=0.0796
[21:02:11]   HIT  MOEXFN             gold_emb         lag= 14 m5_p=0.3763  m6_ic=0.0406
[21:02:11]   HIT  MOEXFN             gold_emb         lag= 30 m5_p=0.2654  m6_ic=0.0391
[21:02:12]   HIT  MOEXOG             oil_emb          lag=  1 m5_p=0.6638  m6_ic=0.0427
[21:02:12]   HIT  MOEXOG             oil_emb          lag=  7 m5_p=0.0552  m6_ic=0.0383
[21:02:12]   HIT  MOEXOG             rate_emb         lag=  1 m5_p=0.0466  m6_ic=0.0488
[21:02:13]   HIT  MOEXOG             rate_emb         lag= 14 m5_p=0.5690  m6_ic=0.0847
[21:02:13]   HIT  MOEXOG             rate_emb         lag= 30 m5_p=0.4720  m6_ic=0.1227
[21:02:13]   HIT  MOEXOG             ruble_emb        lag=  1 m5_p=0.3281  m6_ic=0.0496
[21:02:13]   HIT  MOEXOG             ruble_emb        lag=  7 m5_p=0.6356  m6_ic=0.0826
[21:02:14]   HIT  MOEXOG             ruble_emb        lag= 14 m5_p=0.7891  m6_ic=0.0479
[21:02:14]   HIT  MOEXOG             sanctions_emb    lag=  1 m5_p=0.3517  m6_ic=0.1262
[21:02:14]   HIT  MOEXOG             sanctions_emb    lag=  7 m5_p=0.5112  m6_ic=0.1113
[21:02:15]   HIT  MOEXOG             sanctions_emb    lag= 30 m5_p=0.5821  m6_ic=0.0788
[21:02:15]   HIT  MOEXOG             inflation_emb    lag= 30 m5_p=0.5215  m6_ic=0.0323
[21:02:16]   HIT  MOEXOG             banking_emb      lag=  7 m5_p=0.9745  m6_ic=0.0637
[21:02:17]   HIT  MOEXOG             gold_emb         lag=  7 m5_p=0.2981  m6_ic=0.0520
[21:02:17]   HIT  MOEXOG             gold_emb         lag= 14 m5_p=0.4966  m6_ic=0.0451
[21:02:17]   HIT  MOEX10             oil_emb          lag=  7 m5_p=0.1319  m6_ic=0.0357
[21:02:18]   HIT  MOEX10             oil_emb          lag= 30 m5_p=0.1828  m6_ic=0.0573
[21:02:18]   HIT  MOEX10             rate_emb         lag=  1 m5_p=0.0783  m6_ic=0.0526
[21:02:18]   HIT  MOEX10             rate_emb         lag=  7 m5_p=0.2159  m6_ic=0.0714
[21:02:18]   HIT  MOEX10             rate_emb         lag= 14 m5_p=0.4691  m6_ic=0.0495
[21:02:19]   HIT  MOEX10             rate_emb         lag= 30 m5_p=0.7477  m6_ic=0.0642
[21:02:19]   HIT  MOEX10             ruble_emb        lag=  1 m5_p=0.3155  m6_ic=0.0362
[21:02:19]   HIT  MOEX10             ruble_emb        lag= 14 m5_p=0.8507  m6_ic=0.0382
[21:02:20]   HIT  MOEX10             sanctions_emb    lag=  1 m5_p=0.4780  m6_ic=0.1139
[21:02:20]   HIT  MOEX10             inflation_emb    lag=  1 m5_p=0.1605  m6_ic=0.0351
[21:02:21]   HIT  MOEX10             inflation_emb    lag= 14 m5_p=0.9331  m6_ic=0.0770
[21:02:21]   HIT  MOEX10             banking_emb      lag=  7 m5_p=0.9801  m6_ic=0.0639
[21:02:22]   HIT  MOEX10             banking_emb      lag= 14 m5_p=0.8787  m6_ic=0.0447
[21:02:22]   HIT  MOEX10             gold_emb         lag=  1 m5_p=0.6671  m6_ic=0.0503
[21:02:22]   HIT  MOEX10             gold_emb         lag=  7 m5_p=0.1483  m6_ic=0.1153
[21:02:23]   HIT  MOEX10             gold_emb         lag= 30 m5_p=0.3250  m6_ic=0.0731
[21:02:23]     Train: 262 signals
[21:02:23]     Val holdout (262 candidates)...
[21:02:23]     VAL PASS  SP500              oil_emb          lag= 30  m6_ic=0.0899
[21:02:23]     VAL PASS  SP500              ruble_emb        lag= 14  m6_ic=0.0561
[21:02:24]     VAL PASS  SP500              sanctions_emb    lag= 14  m6_ic=0.0681
[21:02:24]     VAL PASS  SP500              inflation_emb    lag=  1  m6_ic=0.0792
[21:02:24]     VAL PASS  SP500              inflation_emb    lag=  7  m6_ic=0.0586
[21:02:24]     VAL PASS  SP500              inflation_emb    lag= 30  m6_ic=0.0427
[21:02:25]     VAL PASS  SP500              gold_emb         lag= 14  m6_ic=0.0313
[21:02:25]     VAL PASS  USD_RUB            oil_emb          lag=  1  m6_ic=0.0595
[21:02:25]     VAL PASS  USD_RUB            oil_emb          lag= 30  m6_ic=0.0648
[21:02:25]     VAL PASS  USD_RUB            rate_emb         lag=  1  m6_ic=0.0521
[21:02:25]     VAL PASS  USD_RUB            rate_emb         lag=  7  m6_ic=0.0720
[21:02:26]     VAL PASS  USD_RUB            rate_emb         lag= 30  m6_ic=0.0915
[21:02:26]     VAL PASS  USD_RUB            ruble_emb        lag=  7  m6_ic=0.0375
[21:02:26]     VAL PASS  USD_RUB            ruble_emb        lag= 14  m6_ic=0.0778
[21:02:26]     VAL PASS  USD_RUB            sanctions_emb    lag=  7  m6_ic=0.0617
[21:02:27]     VAL PASS  USD_RUB            inflation_emb    lag=  7  m6_ic=0.0986
[21:02:27]     VAL PASS  USD_RUB            banking_emb      lag=  1  m6_ic=0.0940
[21:02:27]     VAL PASS  USD_RUB            banking_emb      lag= 30  m6_ic=0.0485
[21:02:28]     VAL PASS  USD_RUB            gold_emb         lag=  7  m6_ic=0.0684
[21:02:28]     VAL PASS  EUR_RUB            oil_emb          lag=  1  m6_ic=0.0595
[21:02:28]     VAL PASS  EUR_RUB            oil_emb          lag= 30  m6_ic=0.0648
[21:02:28]     VAL PASS  EUR_RUB            rate_emb         lag=  1  m6_ic=0.0521
[21:02:29]     VAL PASS  EUR_RUB            rate_emb         lag=  7  m6_ic=0.0720
[21:02:29]     VAL PASS  EUR_RUB            rate_emb         lag= 30  m6_ic=0.0915
[21:02:29]     VAL PASS  EUR_RUB            ruble_emb        lag=  7  m6_ic=0.0375
[21:02:29]     VAL PASS  EUR_RUB            ruble_emb        lag= 14  m6_ic=0.0778
[21:02:29]     VAL PASS  EUR_RUB            sanctions_emb    lag=  7  m6_ic=0.0617
[21:02:30]     VAL PASS  EUR_RUB            inflation_emb    lag=  7  m6_ic=0.0986
[21:02:30]     VAL PASS  EUR_RUB            banking_emb      lag=  1  m6_ic=0.0940
[21:02:31]     VAL PASS  EUR_RUB            banking_emb      lag= 30  m6_ic=0.0485
[21:02:31]     VAL PASS  EUR_RUB            gold_emb         lag=  7  m6_ic=0.0684
[21:02:31]     VAL PASS  DJ_SOUTH_AFRICA    oil_emb          lag= 14  m6_ic=0.0911
[21:02:31]     VAL PASS  DJ_SOUTH_AFRICA    oil_emb          lag= 30  m6_ic=0.0797
[21:02:32]     VAL PASS  DJ_SOUTH_AFRICA    rate_emb         lag=  1  m6_ic=0.0811
[21:02:32]     VAL PASS  DJ_SOUTH_AFRICA    rate_emb         lag= 14  m6_ic=0.1277
[21:02:32]     VAL PASS  DJ_SOUTH_AFRICA    rate_emb         lag= 30  m6_ic=0.0900
[21:02:32]     VAL PASS  DJ_SOUTH_AFRICA    ruble_emb        lag=  1  m6_ic=0.0375
[21:02:33]     VAL PASS  DJ_SOUTH_AFRICA    sanctions_emb    lag=  7  m6_ic=0.0345
[21:02:33]     VAL PASS  DJ_SOUTH_AFRICA    sanctions_emb    lag= 14  m6_ic=0.0326
[21:02:34]     VAL PASS  DJ_SOUTH_AFRICA    inflation_emb    lag= 14  m6_ic=0.0367
[21:02:34]     VAL PASS  DJ_SOUTH_AFRICA    inflation_emb    lag= 30  m6_ic=0.0317
[21:02:34]     VAL PASS  DJ_SOUTH_AFRICA    banking_emb      lag= 14  m6_ic=0.0761
[21:02:34]     VAL PASS  DJ_SOUTH_AFRICA    gold_emb         lag=  7  m6_ic=0.0435
[21:02:35]     VAL PASS  MSCI_WORLD         oil_emb          lag= 14  m6_ic=0.0370
[21:02:35]     VAL PASS  MSCI_WORLD         rate_emb         lag=  1  m6_ic=0.0447
[21:02:35]     VAL PASS  MSCI_WORLD         rate_emb         lag=  7  m6_ic=0.0648
[21:02:36]     VAL PASS  MSCI_WORLD         rate_emb         lag= 30  m6_ic=0.0473
[21:02:36]     VAL PASS  MSCI_WORLD         inflation_emb    lag=  1  m6_ic=0.0352
[21:02:37]     VAL PASS  MSCI_WORLD         inflation_emb    lag= 30  m6_ic=0.0406
[21:02:37]     VAL PASS  MSCI_WORLD         banking_emb      lag=  7  m6_ic=0.0492
[21:02:37]     VAL PASS  MSCI_WORLD         gold_emb         lag= 14  m6_ic=0.1109
[21:02:38]     VAL PASS  DXY                rate_emb         lag=  1  m6_ic=0.0713
[21:02:38]     VAL PASS  DXY                rate_emb         lag= 14  m6_ic=0.0358
[21:02:38]     VAL PASS  DXY                rate_emb         lag= 30  m6_ic=0.0598
[21:02:39]     VAL PASS  DXY                ruble_emb        lag=  7  m6_ic=0.0603
[21:02:39]     VAL PASS  DXY                ruble_emb        lag= 30  m6_ic=0.0364
[21:02:39]     VAL PASS  DXY                sanctions_emb    lag=  1  m6_ic=0.0566
[21:02:39]     VAL PASS  DXY                sanctions_emb    lag=  7  m6_ic=0.0506
[21:02:39]     VAL PASS  DXY                sanctions_emb    lag= 14  m6_ic=0.0835
[21:02:40]     VAL PASS  DXY                sanctions_emb    lag= 30  m6_ic=0.0392
[21:02:40]     VAL PASS  DXY                inflation_emb    lag=  7  m6_ic=0.0584
[21:02:40]     VAL PASS  DXY                inflation_emb    lag= 30  m6_ic=0.0529
[21:02:40]     VAL PASS  DXY                banking_emb      lag=  1  m6_ic=0.0350
[21:02:40]     VAL PASS  DXY                banking_emb      lag=  7  m6_ic=0.1067
[21:02:41]     VAL PASS  DXY                gold_emb         lag=  7  m6_ic=0.0760
[21:02:41]     VAL PASS  DXY                gold_emb         lag= 30  m6_ic=0.0619
[21:02:41]     VAL PASS  BRENT              oil_emb          lag= 14  m6_ic=0.0320
[21:02:41]     VAL PASS  BRENT              oil_emb          lag= 30  m6_ic=0.0584
[21:02:42]     VAL PASS  BRENT              rate_emb         lag=  7  m6_ic=0.0580
[21:02:42]     VAL PASS  BRENT              rate_emb         lag= 30  m6_ic=0.1135
[21:02:42]     VAL PASS  BRENT              ruble_emb        lag=  1  m6_ic=0.0408
[21:02:42]     VAL PASS  BRENT              ruble_emb        lag=  7  m6_ic=0.0386
[21:02:42]     VAL PASS  BRENT              ruble_emb        lag= 14  m6_ic=0.0512
[21:02:42]     VAL PASS  BRENT              ruble_emb        lag= 30  m6_ic=0.0439
[21:02:43]     VAL PASS  BRENT              inflation_emb    lag= 30  m6_ic=0.0603
[21:02:44]     VAL PASS  BRENT              gold_emb         lag= 30  m6_ic=0.0449
[21:02:44]     VAL PASS  MSCI_INDIA         oil_emb          lag=  1  m6_ic=0.0400
[21:02:44]     VAL PASS  MSCI_INDIA         oil_emb          lag= 30  m6_ic=0.0405
[21:02:44]     VAL PASS  MSCI_INDIA         rate_emb         lag=  1  m6_ic=0.0366
[21:02:44]     VAL PASS  MSCI_INDIA         rate_emb         lag= 30  m6_ic=0.0733
[21:02:45]     VAL PASS  MSCI_INDIA         ruble_emb        lag=  7  m6_ic=0.0481
[21:02:45]     VAL PASS  MSCI_INDIA         ruble_emb        lag= 30  m6_ic=0.0554
[21:02:45]     VAL PASS  MSCI_INDIA         inflation_emb    lag=  7  m6_ic=0.0963
[21:02:46]     VAL PASS  MSCI_INDIA         inflation_emb    lag= 14  m6_ic=0.0752
[21:02:46]     VAL PASS  MSCI_INDIA         banking_emb      lag=  1  m6_ic=0.0923
[21:02:46]     VAL PASS  MSCI_INDIA         banking_emb      lag=  7  m6_ic=0.0425
[21:02:46]     VAL PASS  MSCI_INDIA         banking_emb      lag= 30  m6_ic=0.1132
[21:02:46]     VAL PASS  MSCI_INDIA         gold_emb         lag=  7  m6_ic=0.0450
[21:02:47]     VAL PASS  MSCI_INDIA         gold_emb         lag= 30  m6_ic=0.0345
[21:02:47]     VAL PASS  CHINA_H_SHARES     oil_emb          lag=  1  m6_ic=0.0608
[21:02:47]     VAL PASS  CHINA_H_SHARES     oil_emb          lag= 30  m6_ic=0.1113
[21:02:47]     VAL PASS  CHINA_H_SHARES     rate_emb         lag=  7  m6_ic=0.0354
[21:02:48]     VAL PASS  CHINA_H_SHARES     rate_emb         lag= 14  m6_ic=0.0331
[21:02:48]     VAL PASS  CHINA_H_SHARES     ruble_emb        lag=  7  m6_ic=0.0892
[21:02:48]     VAL PASS  CHINA_H_SHARES     ruble_emb        lag= 14  m6_ic=0.1280
[21:02:48]     VAL PASS  CHINA_H_SHARES     sanctions_emb    lag=  1  m6_ic=0.0474
[21:02:48]     VAL PASS  CHINA_H_SHARES     sanctions_emb    lag=  7  m6_ic=0.0572
[21:02:49]     VAL PASS  CHINA_H_SHARES     sanctions_emb    lag= 30  m6_ic=0.0897
[21:02:49]     VAL PASS  CHINA_H_SHARES     inflation_emb    lag=  7  m6_ic=0.0534
[21:02:49]     VAL PASS  CHINA_H_SHARES     inflation_emb    lag= 14  m6_ic=0.0379
[21:02:49]     VAL PASS  CHINA_H_SHARES     inflation_emb    lag= 30  m6_ic=0.1258
[21:02:50]     VAL PASS  CHINA_H_SHARES     gold_emb         lag=  7  m6_ic=0.1018
[21:02:50]     VAL PASS  CHINA_H_SHARES     gold_emb         lag= 14  m6_ic=0.0745
[21:02:50]     VAL PASS  CHINA_H_SHARES     gold_emb         lag= 30  m6_ic=0.0575
[21:02:51]     VAL PASS  FTSE_CHINA_50      oil_emb          lag= 14  m6_ic=0.0456
[21:02:51]     VAL PASS  FTSE_CHINA_50      oil_emb          lag= 30  m6_ic=0.0821
[21:02:51]     VAL PASS  FTSE_CHINA_50      rate_emb         lag=  1  m6_ic=0.0402
[21:02:51]     VAL PASS  FTSE_CHINA_50      rate_emb         lag= 14  m6_ic=0.0535
[21:02:52]     VAL PASS  FTSE_CHINA_50      ruble_emb        lag= 14  m6_ic=0.0635
[21:02:52]     VAL PASS  FTSE_CHINA_50      sanctions_emb    lag=  7  m6_ic=0.0501
[21:02:52]     VAL PASS  FTSE_CHINA_50      sanctions_emb    lag= 30  m6_ic=0.0560
[21:02:52]     VAL PASS  FTSE_CHINA_50      inflation_emb    lag=  7  m6_ic=0.0397
[21:02:52]     VAL PASS  FTSE_CHINA_50      inflation_emb    lag= 14  m6_ic=0.0955
[21:02:53]     VAL PASS  FTSE_CHINA_50      banking_emb      lag=  1  m6_ic=0.0494
[21:02:53]     VAL PASS  FTSE_CHINA_50      gold_emb         lag=  7  m6_ic=0.0691
[21:02:53]     VAL PASS  FTSE_CHINA_50      gold_emb         lag= 14  m6_ic=0.0930
[21:02:54]     VAL PASS  FTSE_CHINA_50      gold_emb         lag= 30  m6_ic=0.0742
[21:02:54]     VAL PASS  GOLD               rate_emb         lag= 30  m6_ic=0.1112
[21:02:55]     VAL PASS  GOLD               inflation_emb    lag=  1  m6_ic=0.0444
[21:02:55]     VAL PASS  GOLD               inflation_emb    lag=  7  m6_ic=0.1382
[21:02:56]     VAL PASS  GOLD               inflation_emb    lag= 30  m6_ic=0.0972
[21:02:56]     VAL PASS  GOLD               banking_emb      lag=  7  m6_ic=0.1155
[21:02:57]     VAL PASS  GOLD               gold_emb         lag=  7  m6_ic=0.0636
[21:02:57]     VAL PASS  GOLD               gold_emb         lag= 14  m6_ic=0.0313
[21:02:57]     VAL PASS  SILVER             oil_emb          lag=  7  m6_ic=0.0794
[21:02:57]     VAL PASS  SILVER             oil_emb          lag= 14  m6_ic=0.0371
[21:02:57]     VAL PASS  SILVER             oil_emb          lag= 30  m6_ic=0.1323
[21:02:58]     VAL PASS  SILVER             rate_emb         lag=  7  m6_ic=0.0511
[21:02:58]     VAL PASS  SILVER             rate_emb         lag= 14  m6_ic=0.1074
[21:02:58]     VAL PASS  SILVER             ruble_emb        lag=  7  m6_ic=0.0758
[21:02:59]     VAL PASS  SILVER             inflation_emb    lag=  1  m6_ic=0.0448
[21:02:59]     VAL PASS  SILVER             inflation_emb    lag= 30  m6_ic=0.1342
[21:03:00]     VAL PASS  SILVER             banking_emb      lag= 30  m6_ic=0.0590
[21:03:00]     VAL PASS  SILVER             gold_emb         lag= 14  m6_ic=0.0661
[21:03:00]     VAL PASS  SILVER             gold_emb         lag= 30  m6_ic=0.1091
[21:03:00]     VAL PASS  IMOEX              oil_emb          lag= 14  m6_ic=0.0745
[21:03:00]     VAL PASS  IMOEX              rate_emb         lag= 14  m6_ic=0.1414
[21:03:01]     VAL PASS  IMOEX              rate_emb         lag= 30  m6_ic=0.1107
[21:03:01]     VAL PASS  IMOEX              ruble_emb        lag=  1  m6_ic=0.0690
[21:03:01]     VAL PASS  IMOEX              ruble_emb        lag=  7  m6_ic=0.0384
[21:03:01]     VAL PASS  IMOEX              ruble_emb        lag= 14  m6_ic=0.0690
[21:03:01]     VAL PASS  IMOEX              ruble_emb        lag= 30  m6_ic=0.0530
[21:03:02]     VAL PASS  IMOEX              sanctions_emb    lag=  1  m6_ic=0.0531
[21:03:02]     VAL PASS  IMOEX              sanctions_emb    lag=  7  m6_ic=0.0613
[21:03:02]     VAL PASS  IMOEX              inflation_emb    lag=  1  m6_ic=0.0941
[21:03:02]     VAL PASS  IMOEX              banking_emb      lag=  7  m6_ic=0.0366
[21:03:03]     VAL PASS  MOEXFN             oil_emb          lag= 30  m6_ic=0.0898
[21:03:03]     VAL PASS  MOEXFN             rate_emb         lag=  7  m6_ic=0.0698
[21:03:03]     VAL PASS  MOEXFN             rate_emb         lag= 14  m6_ic=0.1303
[21:03:04]     VAL PASS  MOEXFN             rate_emb         lag= 30  m6_ic=0.0674
[21:03:04]     VAL PASS  MOEXFN             ruble_emb        lag=  1  m6_ic=0.0860
[21:03:04]     VAL PASS  MOEXFN             ruble_emb        lag=  7  m6_ic=0.0409
[21:03:04]     VAL PASS  MOEXFN             ruble_emb        lag= 14  m6_ic=0.0746
[21:03:04]     VAL PASS  MOEXFN             sanctions_emb    lag=  1  m6_ic=0.0320
[21:03:05]     VAL PASS  MOEXFN             sanctions_emb    lag= 30  m6_ic=0.1165
[21:03:05]     VAL PASS  MOEXFN             banking_emb      lag=  1  m6_ic=0.0617
[21:03:05]     VAL PASS  MOEXFN             banking_emb      lag=  7  m6_ic=0.0610
[21:03:06]     VAL PASS  MOEXFN             gold_emb         lag=  1  m6_ic=0.0431
[21:03:06]     VAL PASS  MOEXFN             gold_emb         lag= 14  m6_ic=0.0671
[21:03:06]     VAL PASS  MOEXFN             gold_emb         lag= 30  m6_ic=0.0432
[21:03:07]     VAL PASS  MOEXOG             oil_emb          lag=  7  m6_ic=0.0760
[21:03:07]     VAL PASS  MOEXOG             rate_emb         lag=  1  m6_ic=0.0724
[21:03:07]     VAL PASS  MOEXOG             rate_emb         lag= 14  m6_ic=0.1214
[21:03:07]     VAL PASS  MOEXOG             rate_emb         lag= 30  m6_ic=0.0919
[21:03:07]     VAL PASS  MOEXOG             ruble_emb        lag=  1  m6_ic=0.0717
[21:03:07]     VAL PASS  MOEXOG             ruble_emb        lag=  7  m6_ic=0.0711
[21:03:08]     VAL PASS  MOEXOG             ruble_emb        lag= 14  m6_ic=0.0693
[21:03:08]     VAL PASS  MOEXOG             sanctions_emb    lag=  1  m6_ic=0.0403
[21:03:08]     VAL PASS  MOEXOG             sanctions_emb    lag=  7  m6_ic=0.0598
[21:03:08]     VAL PASS  MOEXOG             sanctions_emb    lag= 30  m6_ic=0.0790
[21:03:08]     VAL PASS  MOEXOG             inflation_emb    lag= 30  m6_ic=0.1262
[21:03:09]     VAL PASS  MOEXOG             banking_emb      lag=  7  m6_ic=0.0733
[21:03:09]     VAL PASS  MOEXOG             gold_emb         lag= 14  m6_ic=0.0309
[21:03:09]     VAL PASS  MOEX10             oil_emb          lag=  7  m6_ic=0.0325
[21:03:09]     VAL PASS  MOEX10             oil_emb          lag= 30  m6_ic=0.0996
[21:03:10]     VAL PASS  MOEX10             rate_emb         lag=  1  m6_ic=0.0347
[21:03:10]     VAL PASS  MOEX10             rate_emb         lag= 14  m6_ic=0.1375
[21:03:10]     VAL PASS  MOEX10             rate_emb         lag= 30  m6_ic=0.0699
[21:03:10]     VAL PASS  MOEX10             ruble_emb        lag=  1  m6_ic=0.0934
[21:03:11]     VAL PASS  MOEX10             ruble_emb        lag= 14  m6_ic=0.0760
[21:03:11]     VAL PASS  MOEX10             sanctions_emb    lag=  1  m6_ic=0.0568
[21:03:11]     VAL PASS  MOEX10             inflation_emb    lag=  1  m6_ic=0.0965
[21:03:11]     VAL PASS  MOEX10             inflation_emb    lag= 14  m6_ic=0.0362
[21:03:11]     VAL PASS  MOEX10             banking_emb      lag=  7  m6_ic=0.0565
[21:03:12]     VAL PASS  MOEX10             gold_emb         lag=  7  m6_ic=0.0845
[21:03:12]     VAL PASS  MOEX10             gold_emb         lag= 30  m6_ic=0.0375
[21:03:12]     Val: 186/262 held
[21:03:12]   → train=262  val=186  max_ic=0.1404  score=2787.3
[21:03:12] 
============================================================
[21:03:12] FINAL REPORT
[21:03:12] ============================================================
[21:03:13] Report: C:\project\signal_mind\analytics\phase_b\night_search\night_report_20260520_203734.md
[21:03:13] Hits CSV: C:\project\signal_mind\analytics\phase_b\night_search\night_hits_20260520_203734.csv
[21:03:13] 
[12/15] sweep_embedding_raw_vol_5d  (budget=114min)
[21:03:13]   Config: sweep_embedding_raw_vol_5d
[21:03:13]     feature=embedding_raw  target=vol_5d  ensemble=M6_only  ic_min=0.03
[21:03:13]   HIT  SP500              oil_emb          lag= 30 m5_p=0.7391  m6_ic=0.0739
[21:03:15]   HIT  SP500              ruble_emb        lag=  7 m5_p=0.1061  m6_ic=0.0664
[21:03:15]   HIT  SP500              ruble_emb        lag= 14 m5_p=0.6187  m6_ic=0.0796
[21:03:15]   HIT  SP500              sanctions_emb    lag=  1 m5_p=0.1713  m6_ic=0.0536
[21:03:16]   HIT  SP500              sanctions_emb    lag=  7 m5_p=0.0916  m6_ic=0.0553
[21:03:16]   HIT  SP500              sanctions_emb    lag= 14 m5_p=0.1534  m6_ic=0.0360
[21:03:16]   HIT  SP500              inflation_emb    lag=  1 m5_p=0.9406  m6_ic=0.0484
[21:03:16]   HIT  SP500              inflation_emb    lag=  7 m5_p=0.3355  m6_ic=0.1011
[21:03:17]   HIT  SP500              inflation_emb    lag= 30 m5_p=0.5788  m6_ic=0.0506
[21:03:17]   HIT  SP500              banking_emb      lag=  1 m5_p=0.5709  m6_ic=0.0312
[21:03:18]   HIT  SP500              gold_emb         lag= 14 m5_p=0.4467  m6_ic=0.0763
[21:03:19]   HIT  USD_RUB            oil_emb          lag=  1 m5_p=0.7448  m6_ic=0.0517
[21:03:19]   HIT  USD_RUB            oil_emb          lag= 30 m5_p=0.8768  m6_ic=0.0881
[21:03:20]   HIT  USD_RUB            rate_emb         lag=  1 m5_p=0.0770  m6_ic=0.0326
[21:03:20]   HIT  USD_RUB            rate_emb         lag=  7 m5_p=0.0680  m6_ic=0.0499
[21:03:20]   HIT  USD_RUB            rate_emb         lag= 30 m5_p=0.5357  m6_ic=0.0664
[21:03:21]   HIT  USD_RUB            ruble_emb        lag=  7 m5_p=0.7121  m6_ic=0.1193
[21:03:21]   HIT  USD_RUB            ruble_emb        lag= 14 m5_p=0.0550  m6_ic=0.0786
[21:03:21]   HIT  USD_RUB            sanctions_emb    lag=  7 m5_p=0.4124  m6_ic=0.0885
[21:03:22]   HIT  USD_RUB            inflation_emb    lag=  1 m5_p=0.0616  m6_ic=0.0752
[21:03:22]   HIT  USD_RUB            inflation_emb    lag=  7 m5_p=0.8706  m6_ic=0.0327
[21:03:22]   HIT  USD_RUB            inflation_emb    lag= 14 m5_p=0.6877  m6_ic=0.0344
[21:03:23]   HIT  USD_RUB            banking_emb      lag=  1 m5_p=0.9389  m6_ic=0.0921
[21:03:23]   HIT  USD_RUB            banking_emb      lag= 14 m5_p=0.5740  m6_ic=0.0352
[21:03:23]   HIT  USD_RUB            banking_emb      lag= 30 m5_p=0.8252  m6_ic=0.0489
[21:03:24]   HIT  USD_RUB            gold_emb         lag=  7 m5_p=0.9077  m6_ic=0.0349
[21:03:24]   HIT  EUR_RUB            oil_emb          lag=  1 m5_p=0.7448  m6_ic=0.0517
[21:03:25]   HIT  EUR_RUB            oil_emb          lag= 30 m5_p=0.8768  m6_ic=0.0881
[21:03:25]   HIT  EUR_RUB            rate_emb         lag=  1 m5_p=0.0770  m6_ic=0.0326
[21:03:25]   HIT  EUR_RUB            rate_emb         lag=  7 m5_p=0.0680  m6_ic=0.0499
[21:03:26]   HIT  EUR_RUB            rate_emb         lag= 30 m5_p=0.5357  m6_ic=0.0664
[21:03:26]   HIT  EUR_RUB            ruble_emb        lag=  7 m5_p=0.7121  m6_ic=0.1193
[21:03:26]   HIT  EUR_RUB            ruble_emb        lag= 14 m5_p=0.0550  m6_ic=0.0786
[21:03:27]   HIT  EUR_RUB            sanctions_emb    lag=  7 m5_p=0.4124  m6_ic=0.0885
[21:03:28]   HIT  EUR_RUB            inflation_emb    lag=  1 m5_p=0.0616  m6_ic=0.0752
[21:03:28]   HIT  EUR_RUB            inflation_emb    lag=  7 m5_p=0.8706  m6_ic=0.0327
[21:03:28]   HIT  EUR_RUB            inflation_emb    lag= 14 m5_p=0.6877  m6_ic=0.0344
[21:03:28]   HIT  EUR_RUB            banking_emb      lag=  1 m5_p=0.9389  m6_ic=0.0921
[21:03:29]   HIT  EUR_RUB            banking_emb      lag= 14 m5_p=0.5740  m6_ic=0.0352
[21:03:29]   HIT  EUR_RUB            banking_emb      lag= 30 m5_p=0.8252  m6_ic=0.0489
[21:03:29]   HIT  EUR_RUB            gold_emb         lag=  7 m5_p=0.9077  m6_ic=0.0349
[21:03:30]   HIT  DJ_SOUTH_AFRICA    oil_emb          lag=  7 m5_p=0.8485  m6_ic=0.0371
[21:03:30]   HIT  DJ_SOUTH_AFRICA    oil_emb          lag= 14 m5_p=0.5498  m6_ic=0.0927
[21:03:31]   HIT  DJ_SOUTH_AFRICA    oil_emb          lag= 30 m5_p=0.0778  m6_ic=0.0312
[21:03:31]   HIT  DJ_SOUTH_AFRICA    rate_emb         lag=  1 m5_p=0.0638  m6_ic=0.0318
[21:03:31]   HIT  DJ_SOUTH_AFRICA    rate_emb         lag= 14 m5_p=0.4893  m6_ic=0.1174
[21:03:32]   HIT  DJ_SOUTH_AFRICA    rate_emb         lag= 30 m5_p=0.4674  m6_ic=0.0569
[21:03:32]   HIT  DJ_SOUTH_AFRICA    ruble_emb        lag=  1 m5_p=0.5229  m6_ic=0.0604
[21:03:32]   HIT  DJ_SOUTH_AFRICA    ruble_emb        lag=  7 m5_p=0.1380  m6_ic=0.0332
[21:03:32]   HIT  DJ_SOUTH_AFRICA    ruble_emb        lag= 30 m5_p=0.6104  m6_ic=0.0555
[21:03:33]   HIT  DJ_SOUTH_AFRICA    sanctions_emb    lag=  7 m5_p=0.0377  m6_ic=0.0609
[21:03:33]   HIT  DJ_SOUTH_AFRICA    sanctions_emb    lag= 14 m5_p=0.6578  m6_ic=0.0507
[21:03:33]   HIT  DJ_SOUTH_AFRICA    sanctions_emb    lag= 30 m5_p=0.4399  m6_ic=0.0743
[21:03:33]   HIT  DJ_SOUTH_AFRICA    inflation_emb    lag=  1 m5_p=0.7070  m6_ic=0.0432
[21:03:34]   HIT  DJ_SOUTH_AFRICA    inflation_emb    lag=  7 m5_p=0.1537  m6_ic=0.0520
[21:03:34]   HIT  DJ_SOUTH_AFRICA    inflation_emb    lag= 14 m5_p=0.7240  m6_ic=0.0561
[21:03:34]   HIT  DJ_SOUTH_AFRICA    inflation_emb    lag= 30 m5_p=0.8763  m6_ic=0.0535
[21:03:35]   HIT  DJ_SOUTH_AFRICA    banking_emb      lag= 14 m5_p=0.5877  m6_ic=0.0469
[21:03:35]   HIT  DJ_SOUTH_AFRICA    gold_emb         lag=  7 m5_p=0.5567  m6_ic=0.0355
[21:03:35]   HIT  DJ_SOUTH_AFRICA    gold_emb         lag= 14 m5_p=0.2009  m6_ic=0.0807
[21:03:36]   HIT  DJ_SOUTH_AFRICA    gold_emb         lag= 30 m5_p=0.0076  m6_ic=0.0425
[21:03:36]   HIT  MSCI_WORLD         oil_emb          lag= 14 m5_p=0.9228  m6_ic=0.0302
[21:03:37]   HIT  MSCI_WORLD         rate_emb         lag=  1 m5_p=0.9574  m6_ic=0.0328
[21:03:37]   HIT  MSCI_WORLD         rate_emb         lag=  7 m5_p=0.1236  m6_ic=0.0492
[21:03:37]   HIT  MSCI_WORLD         rate_emb         lag= 30 m5_p=0.0772  m6_ic=0.0424
[21:03:38]   HIT  MSCI_WORLD         sanctions_emb    lag=  1 m5_p=0.9459  m6_ic=0.0494
[21:03:38]   HIT  MSCI_WORLD         sanctions_emb    lag=  7 m5_p=0.8661  m6_ic=0.0378
[21:03:39]   HIT  MSCI_WORLD         inflation_emb    lag=  1 m5_p=0.7441  m6_ic=0.0441
[21:03:39]   HIT  MSCI_WORLD         inflation_emb    lag=  7 m5_p=0.6335  m6_ic=0.0340
[21:03:40]   HIT  MSCI_WORLD         inflation_emb    lag= 14 m5_p=0.7948  m6_ic=0.0635
[21:03:40]   HIT  MSCI_WORLD         inflation_emb    lag= 30 m5_p=0.8049  m6_ic=0.0333
[21:03:40]   HIT  MSCI_WORLD         banking_emb      lag=  1 m5_p=0.3836  m6_ic=0.0378
[21:03:40]   HIT  MSCI_WORLD         banking_emb      lag=  7 m5_p=0.7890  m6_ic=0.0945
[21:03:41]   HIT  MSCI_WORLD         gold_emb         lag=  7 m5_p=0.8757  m6_ic=0.0976
[21:03:41]   HIT  MSCI_WORLD         gold_emb         lag= 14 m5_p=0.7950  m6_ic=0.1159
[21:03:41]   HIT  MSCI_WORLD         gold_emb         lag= 30 m5_p=0.4986  m6_ic=0.1011
[21:03:42]   HIT  DXY                oil_emb          lag=  1 m5_p=0.3734  m6_ic=0.0729
[21:03:42]   HIT  DXY                rate_emb         lag=  1 m5_p=0.8318  m6_ic=0.0390
[21:03:43]   HIT  DXY                rate_emb         lag= 14 m5_p=0.0197  m6_ic=0.0767
[21:03:43]   HIT  DXY                rate_emb         lag= 30 m5_p=0.7622  m6_ic=0.0976
[21:03:43]   HIT  DXY                ruble_emb        lag=  7 m5_p=0.6913  m6_ic=0.0592
[21:03:44]   HIT  DXY                ruble_emb        lag= 14 m5_p=0.8382  m6_ic=0.0534
[21:03:44]   HIT  DXY                ruble_emb        lag= 30 m5_p=0.9023  m6_ic=0.0629
[21:03:44]   HIT  DXY                sanctions_emb    lag=  1 m5_p=0.9646  m6_ic=0.0494
[21:03:44]   HIT  DXY                sanctions_emb    lag=  7 m5_p=0.6018  m6_ic=0.0475
[21:03:44]   HIT  DXY                sanctions_emb    lag= 14 m5_p=0.3624  m6_ic=0.0517
[21:03:45]   HIT  DXY                sanctions_emb    lag= 30 m5_p=0.3064  m6_ic=0.1034
[21:03:45]   HIT  DXY                inflation_emb    lag=  7 m5_p=0.2859  m6_ic=0.0588
[21:03:45]   HIT  DXY                inflation_emb    lag= 30 m5_p=0.7154  m6_ic=0.0365
[21:03:46]   HIT  DXY                banking_emb      lag=  1 m5_p=0.2264  m6_ic=0.0820
[21:03:46]   HIT  DXY                banking_emb      lag=  7 m5_p=0.9442  m6_ic=0.0335
[21:03:47]   HIT  DXY                gold_emb         lag=  7 m5_p=0.9126  m6_ic=0.0382
[21:03:47]   HIT  DXY                gold_emb         lag= 14 m5_p=0.6709  m6_ic=0.1237
[21:03:47]   HIT  DXY                gold_emb         lag= 30 m5_p=0.1762  m6_ic=0.0600
[21:03:48]   HIT  BRENT              oil_emb          lag= 14 m5_p=0.6934  m6_ic=0.0400
[21:03:48]   HIT  BRENT              oil_emb          lag= 30 m5_p=0.9130  m6_ic=0.1104
[21:03:48]   HIT  BRENT              rate_emb         lag=  7 m5_p=0.4801  m6_ic=0.0464
[21:03:49]   HIT  BRENT              rate_emb         lag= 30 m5_p=0.2612  m6_ic=0.0692
[21:03:49]   HIT  BRENT              ruble_emb        lag=  1 m5_p=0.7575  m6_ic=0.0686
[21:03:49]   HIT  BRENT              ruble_emb        lag=  7 m5_p=0.0665  m6_ic=0.0500
[21:03:49]   HIT  BRENT              ruble_emb        lag= 14 m5_p=0.8253  m6_ic=0.0390
[21:03:50]   HIT  BRENT              ruble_emb        lag= 30 m5_p=0.3300  m6_ic=0.0935
[21:03:50]   HIT  BRENT              sanctions_emb    lag= 30 m5_p=0.9523  m6_ic=0.0530
[21:03:51]   HIT  BRENT              inflation_emb    lag=  7 m5_p=0.1720  m6_ic=0.0760
[21:03:51]   HIT  BRENT              inflation_emb    lag= 30 m5_p=0.3597  m6_ic=0.0379
[21:03:51]   HIT  BRENT              banking_emb      lag=  1 m5_p=0.8633  m6_ic=0.1119
[21:03:52]   HIT  BRENT              banking_emb      lag=  7 m5_p=0.8160  m6_ic=0.0430
[21:03:53]   HIT  BRENT              gold_emb         lag= 30 m5_p=0.9238  m6_ic=0.0554
[21:03:53]   HIT  MSCI_INDIA         oil_emb          lag=  1 m5_p=0.3292  m6_ic=0.1213
[21:03:53]   HIT  MSCI_INDIA         oil_emb          lag= 30 m5_p=0.3094  m6_ic=0.0502
[21:03:54]   HIT  MSCI_INDIA         rate_emb         lag=  1 m5_p=0.1585  m6_ic=0.0809
[21:03:54]   HIT  MSCI_INDIA         rate_emb         lag= 30 m5_p=0.2502  m6_ic=0.0447
[21:03:55]   HIT  MSCI_INDIA         ruble_emb        lag=  7 m5_p=0.4546  m6_ic=0.0753
[21:03:55]   HIT  MSCI_INDIA         ruble_emb        lag= 14 m5_p=0.7257  m6_ic=0.1170
[21:03:55]   HIT  MSCI_INDIA         ruble_emb        lag= 30 m5_p=0.5483  m6_ic=0.0717
[21:03:56]   HIT  MSCI_INDIA         inflation_emb    lag=  1 m5_p=0.7917  m6_ic=0.0412
[21:03:56]   HIT  MSCI_INDIA         inflation_emb    lag=  7 m5_p=0.5301  m6_ic=0.0356
[21:03:56]   HIT  MSCI_INDIA         inflation_emb    lag= 14 m5_p=0.1285  m6_ic=0.0672
[21:03:57]   HIT  MSCI_INDIA         banking_emb      lag=  1 m5_p=0.9750  m6_ic=0.0367
[21:03:57]   HIT  MSCI_INDIA         banking_emb      lag=  7 m5_p=0.7599  m6_ic=0.0594
[21:03:57]   HIT  MSCI_INDIA         banking_emb      lag= 14 m5_p=0.4523  m6_ic=0.0721
[21:03:58]   HIT  MSCI_INDIA         banking_emb      lag= 30 m5_p=0.2018  m6_ic=0.0762
[21:03:58]   HIT  MSCI_INDIA         gold_emb         lag=  7 m5_p=0.5405  m6_ic=0.0392
[21:03:58]   HIT  MSCI_INDIA         gold_emb         lag= 30 m5_p=0.9170  m6_ic=0.0421
[21:03:59]   HIT  CHINA_H_SHARES     oil_emb          lag=  1 m5_p=0.9909  m6_ic=0.0863
[21:03:59]   HIT  CHINA_H_SHARES     oil_emb          lag= 30 m5_p=0.4361  m6_ic=0.0799
[21:03:59]   HIT  CHINA_H_SHARES     rate_emb         lag=  1 m5_p=0.2178  m6_ic=0.0901
[21:04:00]   HIT  CHINA_H_SHARES     rate_emb         lag=  7 m5_p=0.8553  m6_ic=0.0471
[21:04:00]   HIT  CHINA_H_SHARES     rate_emb         lag= 14 m5_p=0.0364  m6_ic=0.0771
[21:04:00]   HIT  CHINA_H_SHARES     ruble_emb        lag=  1 m5_p=0.0971  m6_ic=0.0371
[21:04:00]   HIT  CHINA_H_SHARES     ruble_emb        lag=  7 m5_p=0.0111  m6_ic=0.0720
[21:04:01]   HIT  CHINA_H_SHARES     ruble_emb        lag= 14 m5_p=0.5494  m6_ic=0.0324
[21:04:01]   HIT  CHINA_H_SHARES     sanctions_emb    lag=  1 m5_p=0.4580  m6_ic=0.0333
[21:04:01]   HIT  CHINA_H_SHARES     sanctions_emb    lag=  7 m5_p=0.6217  m6_ic=0.0547
[21:04:02]   HIT  CHINA_H_SHARES     sanctions_emb    lag= 30 m5_p=0.5367  m6_ic=0.0430
[21:04:02]   HIT  CHINA_H_SHARES     inflation_emb    lag=  7 m5_p=0.9540  m6_ic=0.0496
[21:04:02]   HIT  CHINA_H_SHARES     inflation_emb    lag= 14 m5_p=0.0526  m6_ic=0.0713
[21:04:02]   HIT  CHINA_H_SHARES     inflation_emb    lag= 30 m5_p=0.6533  m6_ic=0.0354
[21:04:03]   HIT  CHINA_H_SHARES     banking_emb      lag=  1 m5_p=0.9612  m6_ic=0.0659
[21:04:03]   HIT  CHINA_H_SHARES     banking_emb      lag=  7 m5_p=0.9848  m6_ic=0.0339
[21:04:03]   HIT  CHINA_H_SHARES     gold_emb         lag=  1 m5_p=0.9468  m6_ic=0.0312
[21:04:03]   HIT  CHINA_H_SHARES     gold_emb         lag=  7 m5_p=0.8447  m6_ic=0.0588
[21:04:04]   HIT  CHINA_H_SHARES     gold_emb         lag= 14 m5_p=0.3694  m6_ic=0.0732
[21:04:04]   HIT  CHINA_H_SHARES     gold_emb         lag= 30 m5_p=0.5720  m6_ic=0.0662
[21:04:04]   HIT  FTSE_CHINA_50      oil_emb          lag=  1 m5_p=0.8237  m6_ic=0.0584
[21:04:04]   HIT  FTSE_CHINA_50      oil_emb          lag= 14 m5_p=0.9464  m6_ic=0.0439
[21:04:05]   HIT  FTSE_CHINA_50      oil_emb          lag= 30 m5_p=0.3816  m6_ic=0.0640
[21:04:05]   HIT  FTSE_CHINA_50      rate_emb         lag=  1 m5_p=0.2613  m6_ic=0.0949
[21:04:05]   HIT  FTSE_CHINA_50      rate_emb         lag=  7 m5_p=0.7846  m6_ic=0.0348
[21:04:05]   HIT  FTSE_CHINA_50      rate_emb         lag= 14 m5_p=0.0304  m6_ic=0.0779
[21:04:06]   HIT  FTSE_CHINA_50      ruble_emb        lag=  1 m5_p=0.0629  m6_ic=0.0780
[21:04:06]   HIT  FTSE_CHINA_50      ruble_emb        lag= 14 m5_p=0.4802  m6_ic=0.0610
[21:04:07]   HIT  FTSE_CHINA_50      sanctions_emb    lag=  7 m5_p=0.6860  m6_ic=0.0559
[21:04:07]   HIT  FTSE_CHINA_50      sanctions_emb    lag= 30 m5_p=0.3571  m6_ic=0.0738
[21:04:08]   HIT  FTSE_CHINA_50      inflation_emb    lag=  7 m5_p=0.8928  m6_ic=0.0538
[21:04:08]   HIT  FTSE_CHINA_50      inflation_emb    lag= 14 m5_p=0.0430  m6_ic=0.0684
[21:04:08]   HIT  FTSE_CHINA_50      inflation_emb    lag= 30 m5_p=0.6400  m6_ic=0.0316
[21:04:08]   HIT  FTSE_CHINA_50      banking_emb      lag=  1 m5_p=0.9411  m6_ic=0.0508
[21:04:08]   HIT  FTSE_CHINA_50      banking_emb      lag=  7 m5_p=0.8064  m6_ic=0.0305
[21:04:09]   HIT  FTSE_CHINA_50      gold_emb         lag=  7 m5_p=0.8589  m6_ic=0.0558
[21:04:09]   HIT  FTSE_CHINA_50      gold_emb         lag= 14 m5_p=0.2419  m6_ic=0.0816
[21:04:09]   HIT  FTSE_CHINA_50      gold_emb         lag= 30 m5_p=0.4803  m6_ic=0.0633
[21:04:10]   HIT  GOLD               oil_emb          lag= 30 m5_p=0.1388  m6_ic=0.1091
[21:04:10]   HIT  GOLD               rate_emb         lag=  1 m5_p=0.9063  m6_ic=0.1404
[21:04:11]   HIT  GOLD               rate_emb         lag=  7 m5_p=0.3280  m6_ic=0.0759
[21:04:11]   HIT  GOLD               rate_emb         lag= 14 m5_p=0.3908  m6_ic=0.1002
[21:04:11]   HIT  GOLD               rate_emb         lag= 30 m5_p=0.4556  m6_ic=0.0459
[21:04:12]   HIT  GOLD               ruble_emb        lag= 30 m5_p=0.4411  m6_ic=0.0488
[21:04:12]   HIT  GOLD               sanctions_emb    lag= 14 m5_p=0.2355  m6_ic=0.0600
[21:04:13]   HIT  GOLD               inflation_emb    lag=  1 m5_p=0.9295  m6_ic=0.1321
[21:04:13]   HIT  GOLD               inflation_emb    lag=  7 m5_p=0.6545  m6_ic=0.0586
[21:04:13]   HIT  GOLD               inflation_emb    lag= 14 m5_p=0.7785  m6_ic=0.0872
[21:04:13]   HIT  GOLD               inflation_emb    lag= 30 m5_p=0.8263  m6_ic=0.0616
[21:04:14]   HIT  GOLD               banking_emb      lag=  7 m5_p=0.3961  m6_ic=0.0477
[21:04:14]   HIT  GOLD               banking_emb      lag= 14 m5_p=0.6257  m6_ic=0.0400
[21:04:14]   HIT  GOLD               banking_emb      lag= 30 m5_p=0.3287  m6_ic=0.0307
[21:04:14]   HIT  GOLD               gold_emb         lag=  1 m5_p=0.3730  m6_ic=0.0464
[21:04:14]   HIT  GOLD               gold_emb         lag=  7 m5_p=0.3488  m6_ic=0.1122
[21:04:15]   HIT  GOLD               gold_emb         lag= 14 m5_p=0.6406  m6_ic=0.0348
[21:04:15]   HIT  GOLD               gold_emb         lag= 30 m5_p=0.6717  m6_ic=0.0388
[21:04:15]   HIT  SILVER             oil_emb          lag=  7 m5_p=0.2003  m6_ic=0.0348
[21:04:15]   HIT  SILVER             oil_emb          lag= 14 m5_p=0.9077  m6_ic=0.0598
[21:04:16]   HIT  SILVER             oil_emb          lag= 30 m5_p=0.2117  m6_ic=0.0714
[21:04:16]   HIT  SILVER             rate_emb         lag=  1 m5_p=0.4332  m6_ic=0.0515
[21:04:16]   HIT  SILVER             rate_emb         lag=  7 m5_p=0.2404  m6_ic=0.0402
[21:04:16]   HIT  SILVER             rate_emb         lag= 14 m5_p=0.4185  m6_ic=0.0338
[21:04:17]   HIT  SILVER             ruble_emb        lag=  1 m5_p=0.5027  m6_ic=0.0679
[21:04:17]   HIT  SILVER             ruble_emb        lag=  7 m5_p=0.1094  m6_ic=0.0335
[21:04:17]   HIT  SILVER             ruble_emb        lag= 14 m5_p=0.7233  m6_ic=0.1006
[21:04:17]   HIT  SILVER             ruble_emb        lag= 30 m5_p=0.8350  m6_ic=0.0465
[21:04:17]   HIT  SILVER             sanctions_emb    lag=  1 m5_p=0.7351  m6_ic=0.1333
[21:04:18]   HIT  SILVER             sanctions_emb    lag=  7 m5_p=0.4999  m6_ic=0.0933
[21:04:18]   HIT  SILVER             inflation_emb    lag=  1 m5_p=0.6911  m6_ic=0.0498
[21:04:19]   HIT  SILVER             inflation_emb    lag= 30 m5_p=0.6921  m6_ic=0.0493
[21:04:20]   HIT  SILVER             banking_emb      lag= 30 m5_p=0.8745  m6_ic=0.0929
[21:04:20]   HIT  SILVER             gold_emb         lag= 14 m5_p=0.9410  m6_ic=0.1223
[21:04:20]   HIT  SILVER             gold_emb         lag= 30 m5_p=0.8730  m6_ic=0.0579
[21:04:21]   HIT  IMOEX              oil_emb          lag= 14 m5_p=0.4171  m6_ic=0.0348
[21:04:21]   HIT  IMOEX              rate_emb         lag=  1 m5_p=0.1216  m6_ic=0.0814
[21:04:22]   HIT  IMOEX              rate_emb         lag= 14 m5_p=0.3900  m6_ic=0.1071
[21:04:22]   HIT  IMOEX              rate_emb         lag= 30 m5_p=0.9239  m6_ic=0.0745
[21:04:22]   HIT  IMOEX              ruble_emb        lag=  1 m5_p=0.3538  m6_ic=0.0605
[21:04:22]   HIT  IMOEX              ruble_emb        lag=  7 m5_p=0.6969  m6_ic=0.1091
[21:04:22]   HIT  IMOEX              ruble_emb        lag= 14 m5_p=0.5752  m6_ic=0.0849
[21:04:23]   HIT  IMOEX              ruble_emb        lag= 30 m5_p=0.3496  m6_ic=0.0328
[21:04:23]   HIT  IMOEX              sanctions_emb    lag=  1 m5_p=0.4070  m6_ic=0.1019
[21:04:23]   HIT  IMOEX              sanctions_emb    lag=  7 m5_p=0.2338  m6_ic=0.1173
[21:04:24]   HIT  IMOEX              inflation_emb    lag=  1 m5_p=0.0887  m6_ic=0.0574
[21:04:24]   HIT  IMOEX              inflation_emb    lag=  7 m5_p=0.2308  m6_ic=0.0342
[21:04:25]   HIT  IMOEX              banking_emb      lag=  7 m5_p=0.8551  m6_ic=0.0688
[21:04:25]   HIT  IMOEX              gold_emb         lag=  7 m5_p=0.1597  m6_ic=0.0659
[21:04:26]   HIT  IMOEX              gold_emb         lag= 14 m5_p=0.4976  m6_ic=0.0706
[21:04:26]   HIT  MOEXFN             oil_emb          lag= 14 m5_p=0.5602  m6_ic=0.0696
[21:04:27]   HIT  MOEXFN             oil_emb          lag= 30 m5_p=0.4331  m6_ic=0.0849
[21:04:27]   HIT  MOEXFN             rate_emb         lag=  7 m5_p=0.3027  m6_ic=0.0508
[21:04:27]   HIT  MOEXFN             rate_emb         lag= 14 m5_p=0.0939  m6_ic=0.0655
[21:04:27]   HIT  MOEXFN             rate_emb         lag= 30 m5_p=0.4588  m6_ic=0.0520
[21:04:28]   HIT  MOEXFN             ruble_emb        lag=  1 m5_p=0.4051  m6_ic=0.0600
[21:04:28]   HIT  MOEXFN             ruble_emb        lag=  7 m5_p=0.9184  m6_ic=0.0448
[21:04:28]   HIT  MOEXFN             ruble_emb        lag= 14 m5_p=0.9268  m6_ic=0.0307
[21:04:28]   HIT  MOEXFN             sanctions_emb    lag=  1 m5_p=0.5545  m6_ic=0.1003
[21:04:29]   HIT  MOEXFN             sanctions_emb    lag=  7 m5_p=0.2675  m6_ic=0.0685
[21:04:29]   HIT  MOEXFN             sanctions_emb    lag= 30 m5_p=0.6794  m6_ic=0.0667
[21:04:30]   HIT  MOEXFN             inflation_emb    lag= 14 m5_p=0.8303  m6_ic=0.0796
[21:04:30]   HIT  MOEXFN             banking_emb      lag=  1 m5_p=0.4235  m6_ic=0.0403
[21:04:30]   HIT  MOEXFN             banking_emb      lag=  7 m5_p=0.9354  m6_ic=0.0636
[21:04:31]   HIT  MOEXFN             banking_emb      lag= 30 m5_p=0.8517  m6_ic=0.0600
[21:04:31]   HIT  MOEXFN             gold_emb         lag=  1 m5_p=0.8897  m6_ic=0.0880
[21:04:31]   HIT  MOEXFN             gold_emb         lag=  7 m5_p=0.3467  m6_ic=0.0796
[21:04:31]   HIT  MOEXFN             gold_emb         lag= 14 m5_p=0.3763  m6_ic=0.0406
[21:04:32]   HIT  MOEXFN             gold_emb         lag= 30 m5_p=0.2654  m6_ic=0.0391
[21:04:32]   HIT  MOEXOG             oil_emb          lag=  1 m5_p=0.6638  m6_ic=0.0427
[21:04:32]   HIT  MOEXOG             oil_emb          lag=  7 m5_p=0.0552  m6_ic=0.0383
[21:04:33]   HIT  MOEXOG             rate_emb         lag=  1 m5_p=0.0466  m6_ic=0.0488
[21:04:33]   HIT  MOEXOG             rate_emb         lag= 14 m5_p=0.5690  m6_ic=0.0847
[21:04:33]   HIT  MOEXOG             rate_emb         lag= 30 m5_p=0.4720  m6_ic=0.1227
[21:04:33]   HIT  MOEXOG             ruble_emb        lag=  1 m5_p=0.3281  m6_ic=0.0496
[21:04:34]   HIT  MOEXOG             ruble_emb        lag=  7 m5_p=0.6356  m6_ic=0.0826
[21:04:34]   HIT  MOEXOG             ruble_emb        lag= 14 m5_p=0.7891  m6_ic=0.0479
[21:04:34]   HIT  MOEXOG             sanctions_emb    lag=  1 m5_p=0.3517  m6_ic=0.1262
[21:04:34]   HIT  MOEXOG             sanctions_emb    lag=  7 m5_p=0.5112  m6_ic=0.1113
[21:04:35]   HIT  MOEXOG             sanctions_emb    lag= 30 m5_p=0.5821  m6_ic=0.0788
[21:04:36]   HIT  MOEXOG             inflation_emb    lag= 30 m5_p=0.5215  m6_ic=0.0323
[21:04:36]   HIT  MOEXOG             banking_emb      lag=  7 m5_p=0.9745  m6_ic=0.0637
[21:04:37]   HIT  MOEXOG             gold_emb         lag=  7 m5_p=0.2981  m6_ic=0.0520
[21:04:37]   HIT  MOEXOG             gold_emb         lag= 14 m5_p=0.4966  m6_ic=0.0451
[21:04:38]   HIT  MOEX10             oil_emb          lag=  7 m5_p=0.1319  m6_ic=0.0357
[21:04:38]   HIT  MOEX10             oil_emb          lag= 30 m5_p=0.1828  m6_ic=0.0573
[21:04:38]   HIT  MOEX10             rate_emb         lag=  1 m5_p=0.0783  m6_ic=0.0526
[21:04:38]   HIT  MOEX10             rate_emb         lag=  7 m5_p=0.2159  m6_ic=0.0714
[21:04:39]   HIT  MOEX10             rate_emb         lag= 14 m5_p=0.4691  m6_ic=0.0495
[21:04:39]   HIT  MOEX10             rate_emb         lag= 30 m5_p=0.7477  m6_ic=0.0642
[21:04:39]   HIT  MOEX10             ruble_emb        lag=  1 m5_p=0.3155  m6_ic=0.0362
[21:04:39]   HIT  MOEX10             ruble_emb        lag= 14 m5_p=0.8507  m6_ic=0.0382
[21:04:40]   HIT  MOEX10             sanctions_emb    lag=  1 m5_p=0.4780  m6_ic=0.1139
[21:04:41]   HIT  MOEX10             inflation_emb    lag=  1 m5_p=0.1605  m6_ic=0.0351
[21:04:41]   HIT  MOEX10             inflation_emb    lag= 14 m5_p=0.9331  m6_ic=0.0770
[21:04:42]   HIT  MOEX10             banking_emb      lag=  7 m5_p=0.9801  m6_ic=0.0639
[21:04:42]   HIT  MOEX10             banking_emb      lag= 14 m5_p=0.8787  m6_ic=0.0447
[21:04:42]   HIT  MOEX10             gold_emb         lag=  1 m5_p=0.6671  m6_ic=0.0503
[21:04:42]   HIT  MOEX10             gold_emb         lag=  7 m5_p=0.1483  m6_ic=0.1153
[21:04:43]   HIT  MOEX10             gold_emb         lag= 30 m5_p=0.3250  m6_ic=0.0731
[21:04:43]     Train: 262 signals
[21:04:43]     Val holdout (262 candidates)...
[21:04:43]     VAL PASS  SP500              oil_emb          lag= 30  m6_ic=0.0899
[21:04:43]     VAL PASS  SP500              ruble_emb        lag= 14  m6_ic=0.0561
[21:04:44]     VAL PASS  SP500              sanctions_emb    lag= 14  m6_ic=0.0681
[21:04:44]     VAL PASS  SP500              inflation_emb    lag=  1  m6_ic=0.0792
[21:04:44]     VAL PASS  SP500              inflation_emb    lag=  7  m6_ic=0.0586
[21:04:44]     VAL PASS  SP500              inflation_emb    lag= 30  m6_ic=0.0427
[21:04:45]     VAL PASS  SP500              gold_emb         lag= 14  m6_ic=0.0313
[21:04:45]     VAL PASS  USD_RUB            oil_emb          lag=  1  m6_ic=0.0595
[21:04:45]     VAL PASS  USD_RUB            oil_emb          lag= 30  m6_ic=0.0648
[21:04:45]     VAL PASS  USD_RUB            rate_emb         lag=  1  m6_ic=0.0521
[21:04:46]     VAL PASS  USD_RUB            rate_emb         lag=  7  m6_ic=0.0720
[21:04:46]     VAL PASS  USD_RUB            rate_emb         lag= 30  m6_ic=0.0915
[21:04:46]     VAL PASS  USD_RUB            ruble_emb        lag=  7  m6_ic=0.0375
[21:04:46]     VAL PASS  USD_RUB            ruble_emb        lag= 14  m6_ic=0.0778
[21:04:46]     VAL PASS  USD_RUB            sanctions_emb    lag=  7  m6_ic=0.0617
[21:04:47]     VAL PASS  USD_RUB            inflation_emb    lag=  7  m6_ic=0.0986
[21:04:47]     VAL PASS  USD_RUB            banking_emb      lag=  1  m6_ic=0.0940
[21:04:47]     VAL PASS  USD_RUB            banking_emb      lag= 30  m6_ic=0.0485
[21:04:48]     VAL PASS  USD_RUB            gold_emb         lag=  7  m6_ic=0.0684
[21:04:48]     VAL PASS  EUR_RUB            oil_emb          lag=  1  m6_ic=0.0595
[21:04:48]     VAL PASS  EUR_RUB            oil_emb          lag= 30  m6_ic=0.0648
[21:04:48]     VAL PASS  EUR_RUB            rate_emb         lag=  1  m6_ic=0.0521
[21:04:48]     VAL PASS  EUR_RUB            rate_emb         lag=  7  m6_ic=0.0720
[21:04:49]     VAL PASS  EUR_RUB            rate_emb         lag= 30  m6_ic=0.0915
[21:04:49]     VAL PASS  EUR_RUB            ruble_emb        lag=  7  m6_ic=0.0375
[21:04:49]     VAL PASS  EUR_RUB            ruble_emb        lag= 14  m6_ic=0.0778
[21:04:49]     VAL PASS  EUR_RUB            sanctions_emb    lag=  7  m6_ic=0.0617
[21:04:49]     VAL PASS  EUR_RUB            inflation_emb    lag=  7  m6_ic=0.0986
[21:04:50]     VAL PASS  EUR_RUB            banking_emb      lag=  1  m6_ic=0.0940
[21:04:50]     VAL PASS  EUR_RUB            banking_emb      lag= 30  m6_ic=0.0485
[21:04:50]     VAL PASS  EUR_RUB            gold_emb         lag=  7  m6_ic=0.0684
[21:04:51]     VAL PASS  DJ_SOUTH_AFRICA    oil_emb          lag= 14  m6_ic=0.0911
[21:04:51]     VAL PASS  DJ_SOUTH_AFRICA    oil_emb          lag= 30  m6_ic=0.0797
[21:04:51]     VAL PASS  DJ_SOUTH_AFRICA    rate_emb         lag=  1  m6_ic=0.0811
[21:04:51]     VAL PASS  DJ_SOUTH_AFRICA    rate_emb         lag= 14  m6_ic=0.1277
[21:04:52]     VAL PASS  DJ_SOUTH_AFRICA    rate_emb         lag= 30  m6_ic=0.0900
[21:04:52]     VAL PASS  DJ_SOUTH_AFRICA    ruble_emb        lag=  1  m6_ic=0.0375
[21:04:52]     VAL PASS  DJ_SOUTH_AFRICA    sanctions_emb    lag=  7  m6_ic=0.0345
[21:04:52]     VAL PASS  DJ_SOUTH_AFRICA    sanctions_emb    lag= 14  m6_ic=0.0326
[21:04:53]     VAL PASS  DJ_SOUTH_AFRICA    inflation_emb    lag= 14  m6_ic=0.0367
[21:04:53]     VAL PASS  DJ_SOUTH_AFRICA    inflation_emb    lag= 30  m6_ic=0.0317
[21:04:54]     VAL PASS  DJ_SOUTH_AFRICA    banking_emb      lag= 14  m6_ic=0.0761
[21:04:54]     VAL PASS  DJ_SOUTH_AFRICA    gold_emb         lag=  7  m6_ic=0.0435
[21:04:54]     VAL PASS  MSCI_WORLD         oil_emb          lag= 14  m6_ic=0.0370
[21:04:55]     VAL PASS  MSCI_WORLD         rate_emb         lag=  1  m6_ic=0.0447
[21:04:55]     VAL PASS  MSCI_WORLD         rate_emb         lag=  7  m6_ic=0.0648
[21:04:55]     VAL PASS  MSCI_WORLD         rate_emb         lag= 30  m6_ic=0.0473
[21:04:56]     VAL PASS  MSCI_WORLD         inflation_emb    lag=  1  m6_ic=0.0352
[21:04:56]     VAL PASS  MSCI_WORLD         inflation_emb    lag= 30  m6_ic=0.0406
[21:04:57]     VAL PASS  MSCI_WORLD         banking_emb      lag=  7  m6_ic=0.0492
[21:04:57]     VAL PASS  MSCI_WORLD         gold_emb         lag= 14  m6_ic=0.1109
[21:04:58]     VAL PASS  DXY                rate_emb         lag=  1  m6_ic=0.0713
[21:04:58]     VAL PASS  DXY                rate_emb         lag= 14  m6_ic=0.0358
[21:04:58]     VAL PASS  DXY                rate_emb         lag= 30  m6_ic=0.0598
[21:04:58]     VAL PASS  DXY                ruble_emb        lag=  7  m6_ic=0.0603
[21:04:59]     VAL PASS  DXY                ruble_emb        lag= 30  m6_ic=0.0364
[21:04:59]     VAL PASS  DXY                sanctions_emb    lag=  1  m6_ic=0.0566
[21:04:59]     VAL PASS  DXY                sanctions_emb    lag=  7  m6_ic=0.0506
[21:04:59]     VAL PASS  DXY                sanctions_emb    lag= 14  m6_ic=0.0835
[21:04:59]     VAL PASS  DXY                sanctions_emb    lag= 30  m6_ic=0.0392
[21:04:59]     VAL PASS  DXY                inflation_emb    lag=  7  m6_ic=0.0584
[21:05:00]     VAL PASS  DXY                inflation_emb    lag= 30  m6_ic=0.0529
[21:05:00]     VAL PASS  DXY                banking_emb      lag=  1  m6_ic=0.0350
[21:05:00]     VAL PASS  DXY                banking_emb      lag=  7  m6_ic=0.1067
[21:05:00]     VAL PASS  DXY                gold_emb         lag=  7  m6_ic=0.0760
[21:05:01]     VAL PASS  DXY                gold_emb         lag= 30  m6_ic=0.0619
[21:05:01]     VAL PASS  BRENT              oil_emb          lag= 14  m6_ic=0.0320
[21:05:01]     VAL PASS  BRENT              oil_emb          lag= 30  m6_ic=0.0584
[21:05:01]     VAL PASS  BRENT              rate_emb         lag=  7  m6_ic=0.0580
[21:05:01]     VAL PASS  BRENT              rate_emb         lag= 30  m6_ic=0.1135
[21:05:02]     VAL PASS  BRENT              ruble_emb        lag=  1  m6_ic=0.0408
[21:05:02]     VAL PASS  BRENT              ruble_emb        lag=  7  m6_ic=0.0386
[21:05:02]     VAL PASS  BRENT              ruble_emb        lag= 14  m6_ic=0.0512
[21:05:02]     VAL PASS  BRENT              ruble_emb        lag= 30  m6_ic=0.0439
[21:05:03]     VAL PASS  BRENT              inflation_emb    lag= 30  m6_ic=0.0603
[21:05:03]     VAL PASS  BRENT              gold_emb         lag= 30  m6_ic=0.0449
[21:05:03]     VAL PASS  MSCI_INDIA         oil_emb          lag=  1  m6_ic=0.0400
[21:05:04]     VAL PASS  MSCI_INDIA         oil_emb          lag= 30  m6_ic=0.0405
[21:05:04]     VAL PASS  MSCI_INDIA         rate_emb         lag=  1  m6_ic=0.0366
[21:05:04]     VAL PASS  MSCI_INDIA         rate_emb         lag= 30  m6_ic=0.0733
[21:05:04]     VAL PASS  MSCI_INDIA         ruble_emb        lag=  7  m6_ic=0.0481
[21:05:05]     VAL PASS  MSCI_INDIA         ruble_emb        lag= 30  m6_ic=0.0554
[21:05:05]     VAL PASS  MSCI_INDIA         inflation_emb    lag=  7  m6_ic=0.0963
[21:05:05]     VAL PASS  MSCI_INDIA         inflation_emb    lag= 14  m6_ic=0.0752
[21:05:05]     VAL PASS  MSCI_INDIA         banking_emb      lag=  1  m6_ic=0.0923
[21:05:06]     VAL PASS  MSCI_INDIA         banking_emb      lag=  7  m6_ic=0.0425
[21:05:06]     VAL PASS  MSCI_INDIA         banking_emb      lag= 30  m6_ic=0.1132
[21:05:06]     VAL PASS  MSCI_INDIA         gold_emb         lag=  7  m6_ic=0.0450
[21:05:06]     VAL PASS  MSCI_INDIA         gold_emb         lag= 30  m6_ic=0.0345
[21:05:07]     VAL PASS  CHINA_H_SHARES     oil_emb          lag=  1  m6_ic=0.0608
[21:05:07]     VAL PASS  CHINA_H_SHARES     oil_emb          lag= 30  m6_ic=0.1113
[21:05:07]     VAL PASS  CHINA_H_SHARES     rate_emb         lag=  7  m6_ic=0.0354
[21:05:07]     VAL PASS  CHINA_H_SHARES     rate_emb         lag= 14  m6_ic=0.0331
[21:05:08]     VAL PASS  CHINA_H_SHARES     ruble_emb        lag=  7  m6_ic=0.0892
[21:05:08]     VAL PASS  CHINA_H_SHARES     ruble_emb        lag= 14  m6_ic=0.1280
[21:05:08]     VAL PASS  CHINA_H_SHARES     sanctions_emb    lag=  1  m6_ic=0.0474
[21:05:08]     VAL PASS  CHINA_H_SHARES     sanctions_emb    lag=  7  m6_ic=0.0572
[21:05:08]     VAL PASS  CHINA_H_SHARES     sanctions_emb    lag= 30  m6_ic=0.0897
[21:05:08]     VAL PASS  CHINA_H_SHARES     inflation_emb    lag=  7  m6_ic=0.0534
[21:05:09]     VAL PASS  CHINA_H_SHARES     inflation_emb    lag= 14  m6_ic=0.0379
[21:05:09]     VAL PASS  CHINA_H_SHARES     inflation_emb    lag= 30  m6_ic=0.1258
[21:05:10]     VAL PASS  CHINA_H_SHARES     gold_emb         lag=  7  m6_ic=0.1018
[21:05:10]     VAL PASS  CHINA_H_SHARES     gold_emb         lag= 14  m6_ic=0.0745
[21:05:10]     VAL PASS  CHINA_H_SHARES     gold_emb         lag= 30  m6_ic=0.0575
[21:05:10]     VAL PASS  FTSE_CHINA_50      oil_emb          lag= 14  m6_ic=0.0456
[21:05:11]     VAL PASS  FTSE_CHINA_50      oil_emb          lag= 30  m6_ic=0.0821
[21:05:11]     VAL PASS  FTSE_CHINA_50      rate_emb         lag=  1  m6_ic=0.0402
[21:05:11]     VAL PASS  FTSE_CHINA_50      rate_emb         lag= 14  m6_ic=0.0535
[21:05:12]     VAL PASS  FTSE_CHINA_50      ruble_emb        lag= 14  m6_ic=0.0635
[21:05:12]     VAL PASS  FTSE_CHINA_50      sanctions_emb    lag=  7  m6_ic=0.0501
[21:05:12]     VAL PASS  FTSE_CHINA_50      sanctions_emb    lag= 30  m6_ic=0.0560
[21:05:12]     VAL PASS  FTSE_CHINA_50      inflation_emb    lag=  7  m6_ic=0.0397
[21:05:12]     VAL PASS  FTSE_CHINA_50      inflation_emb    lag= 14  m6_ic=0.0955
[21:05:13]     VAL PASS  FTSE_CHINA_50      banking_emb      lag=  1  m6_ic=0.0494
[21:05:13]     VAL PASS  FTSE_CHINA_50      gold_emb         lag=  7  m6_ic=0.0691
[21:05:13]     VAL PASS  FTSE_CHINA_50      gold_emb         lag= 14  m6_ic=0.0930
[21:05:13]     VAL PASS  FTSE_CHINA_50      gold_emb         lag= 30  m6_ic=0.0742
[21:05:14]     VAL PASS  GOLD               rate_emb         lag= 30  m6_ic=0.1112
[21:05:15]     VAL PASS  GOLD               inflation_emb    lag=  1  m6_ic=0.0444
[21:05:15]     VAL PASS  GOLD               inflation_emb    lag=  7  m6_ic=0.1382
[21:05:15]     VAL PASS  GOLD               inflation_emb    lag= 30  m6_ic=0.0972
[21:05:16]     VAL PASS  GOLD               banking_emb      lag=  7  m6_ic=0.1155
[21:05:16]     VAL PASS  GOLD               gold_emb         lag=  7  m6_ic=0.0636
[21:05:16]     VAL PASS  GOLD               gold_emb         lag= 14  m6_ic=0.0313
[21:05:17]     VAL PASS  SILVER             oil_emb          lag=  7  m6_ic=0.0794
[21:05:17]     VAL PASS  SILVER             oil_emb          lag= 14  m6_ic=0.0371
[21:05:17]     VAL PASS  SILVER             oil_emb          lag= 30  m6_ic=0.1323
[21:05:18]     VAL PASS  SILVER             rate_emb         lag=  7  m6_ic=0.0511
[21:05:18]     VAL PASS  SILVER             rate_emb         lag= 14  m6_ic=0.1074
[21:05:18]     VAL PASS  SILVER             ruble_emb        lag=  7  m6_ic=0.0758
[21:05:19]     VAL PASS  SILVER             inflation_emb    lag=  1  m6_ic=0.0448
[21:05:19]     VAL PASS  SILVER             inflation_emb    lag= 30  m6_ic=0.1342
[21:05:19]     VAL PASS  SILVER             banking_emb      lag= 30  m6_ic=0.0590
[21:05:19]     VAL PASS  SILVER             gold_emb         lag= 14  m6_ic=0.0661
[21:05:20]     VAL PASS  SILVER             gold_emb         lag= 30  m6_ic=0.1091
[21:05:20]     VAL PASS  IMOEX              oil_emb          lag= 14  m6_ic=0.0745
[21:05:20]     VAL PASS  IMOEX              rate_emb         lag= 14  m6_ic=0.1414
[21:05:20]     VAL PASS  IMOEX              rate_emb         lag= 30  m6_ic=0.1107
[21:05:21]     VAL PASS  IMOEX              ruble_emb        lag=  1  m6_ic=0.0690
[21:05:21]     VAL PASS  IMOEX              ruble_emb        lag=  7  m6_ic=0.0384
[21:05:21]     VAL PASS  IMOEX              ruble_emb        lag= 14  m6_ic=0.0690
[21:05:21]     VAL PASS  IMOEX              ruble_emb        lag= 30  m6_ic=0.0530
[21:05:21]     VAL PASS  IMOEX              sanctions_emb    lag=  1  m6_ic=0.0531
[21:05:21]     VAL PASS  IMOEX              sanctions_emb    lag=  7  m6_ic=0.0613
[21:05:22]     VAL PASS  IMOEX              inflation_emb    lag=  1  m6_ic=0.0941
[21:05:22]     VAL PASS  IMOEX              banking_emb      lag=  7  m6_ic=0.0366
[21:05:23]     VAL PASS  MOEXFN             oil_emb          lag= 30  m6_ic=0.0898
[21:05:23]     VAL PASS  MOEXFN             rate_emb         lag=  7  m6_ic=0.0698
[21:05:23]     VAL PASS  MOEXFN             rate_emb         lag= 14  m6_ic=0.1303
[21:05:23]     VAL PASS  MOEXFN             rate_emb         lag= 30  m6_ic=0.0674
[21:05:24]     VAL PASS  MOEXFN             ruble_emb        lag=  1  m6_ic=0.0860
[21:05:24]     VAL PASS  MOEXFN             ruble_emb        lag=  7  m6_ic=0.0409
[21:05:24]     VAL PASS  MOEXFN             ruble_emb        lag= 14  m6_ic=0.0746
[21:05:24]     VAL PASS  MOEXFN             sanctions_emb    lag=  1  m6_ic=0.0320
[21:05:24]     VAL PASS  MOEXFN             sanctions_emb    lag= 30  m6_ic=0.1165
[21:05:25]     VAL PASS  MOEXFN             banking_emb      lag=  1  m6_ic=0.0617
[21:05:25]     VAL PASS  MOEXFN             banking_emb      lag=  7  m6_ic=0.0610
[21:05:25]     VAL PASS  MOEXFN             gold_emb         lag=  1  m6_ic=0.0431
[21:05:26]     VAL PASS  MOEXFN             gold_emb         lag= 14  m6_ic=0.0671
[21:05:26]     VAL PASS  MOEXFN             gold_emb         lag= 30  m6_ic=0.0432
[21:05:26]     VAL PASS  MOEXOG             oil_emb          lag=  7  m6_ic=0.0760
[21:05:26]     VAL PASS  MOEXOG             rate_emb         lag=  1  m6_ic=0.0724
[21:05:27]     VAL PASS  MOEXOG             rate_emb         lag= 14  m6_ic=0.1214
[21:05:27]     VAL PASS  MOEXOG             rate_emb         lag= 30  m6_ic=0.0919
[21:05:27]     VAL PASS  MOEXOG             ruble_emb        lag=  1  m6_ic=0.0717
[21:05:27]     VAL PASS  MOEXOG             ruble_emb        lag=  7  m6_ic=0.0711
[21:05:27]     VAL PASS  MOEXOG             ruble_emb        lag= 14  m6_ic=0.0693
[21:05:28]     VAL PASS  MOEXOG             sanctions_emb    lag=  1  m6_ic=0.0403
[21:05:28]     VAL PASS  MOEXOG             sanctions_emb    lag=  7  m6_ic=0.0598
[21:05:28]     VAL PASS  MOEXOG             sanctions_emb    lag= 30  m6_ic=0.0790
[21:05:28]     VAL PASS  MOEXOG             inflation_emb    lag= 30  m6_ic=0.1262
[21:05:28]     VAL PASS  MOEXOG             banking_emb      lag=  7  m6_ic=0.0733
[21:05:29]     VAL PASS  MOEXOG             gold_emb         lag= 14  m6_ic=0.0309
[21:05:29]     VAL PASS  MOEX10             oil_emb          lag=  7  m6_ic=0.0325
[21:05:29]     VAL PASS  MOEX10             oil_emb          lag= 30  m6_ic=0.0996
[21:05:29]     VAL PASS  MOEX10             rate_emb         lag=  1  m6_ic=0.0347
[21:05:30]     VAL PASS  MOEX10             rate_emb         lag= 14  m6_ic=0.1375
[21:05:30]     VAL PASS  MOEX10             rate_emb         lag= 30  m6_ic=0.0699
[21:05:30]     VAL PASS  MOEX10             ruble_emb        lag=  1  m6_ic=0.0934
[21:05:30]     VAL PASS  MOEX10             ruble_emb        lag= 14  m6_ic=0.0760
[21:05:30]     VAL PASS  MOEX10             sanctions_emb    lag=  1  m6_ic=0.0568
[21:05:30]     VAL PASS  MOEX10             inflation_emb    lag=  1  m6_ic=0.0965
[21:05:31]     VAL PASS  MOEX10             inflation_emb    lag= 14  m6_ic=0.0362
[21:05:31]     VAL PASS  MOEX10             banking_emb      lag=  7  m6_ic=0.0565
[21:05:31]     VAL PASS  MOEX10             gold_emb         lag=  7  m6_ic=0.0845
[21:05:32]     VAL PASS  MOEX10             gold_emb         lag= 30  m6_ic=0.0375
[21:05:32]     Val: 186/262 held
[21:05:32]   → train=262  val=186  max_ic=0.1404  score=2787.3
[21:05:32] 
============================================================
[21:05:32] FINAL REPORT
[21:05:32] ============================================================
[21:05:32] Report: C:\project\signal_mind\analytics\phase_b\night_search\night_report_20260520_203734.md
[21:05:32] Hits CSV: C:\project\signal_mind\analytics\phase_b\night_search\night_hits_20260520_203734.csv
[21:05:32] 
[13/15] sweep_embedding_z90_market_return  (budget=151min)
[21:05:32]   Config: sweep_embedding_z90_market_return
[21:05:32]     feature=embedding_z90  target=market_return  ensemble=M6_only  ic_min=0.03
[21:05:33]   HIT  SP500              oil_emb_z        lag=  1 m5_p=0.7065  m6_ic=0.0758
[21:05:33]   HIT  SP500              oil_emb_z        lag=  7 m5_p=0.8172  m6_ic=0.0393
[21:05:33]   HIT  SP500              oil_emb_z        lag= 14 m5_p=0.0828  m6_ic=0.0797
[21:05:33]   HIT  SP500              oil_emb_z        lag= 30 m5_p=0.4790  m6_ic=0.0367
[21:05:34]   HIT  SP500              rate_emb_z       lag= 14 m5_p=0.3951  m6_ic=0.0349
[21:05:34]   HIT  SP500              rate_emb_z       lag= 30 m5_p=0.3930  m6_ic=0.0493
[21:05:34]   HIT  SP500              ruble_emb_z      lag=  1 m5_p=0.0528  m6_ic=0.0345
[21:05:35]   HIT  SP500              ruble_emb_z      lag=  7 m5_p=0.2303  m6_ic=0.0322
[21:05:35]   HIT  SP500              ruble_emb_z      lag= 30 m5_p=0.1561  m6_ic=0.0656
[21:05:35]   HIT  SP500              sanctions_emb_z  lag=  7 m5_p=0.0507  m6_ic=0.0406
[21:05:36]   HIT  SP500              sanctions_emb_z  lag= 14 m5_p=0.7268  m6_ic=0.0771
[21:05:36]   HIT  SP500              sanctions_emb_z  lag= 30 m5_p=0.3147  m6_ic=0.0317
[21:05:36]   HIT  SP500              inflation_emb_z  lag=  1 m5_p=0.6456  m6_ic=0.0562
[21:05:36]   HIT  SP500              inflation_emb_z  lag= 14 m5_p=0.2256  m6_ic=0.0719
[21:05:38]   HIT  SP500              gold_emb_z       lag=  1 m5_p=0.7799  m6_ic=0.0570
[21:05:38]   HIT  SP500              gold_emb_z       lag= 14 m5_p=0.3237  m6_ic=0.0434
[21:05:38]   HIT  SP500              gold_emb_z       lag= 30 m5_p=0.7182  m6_ic=0.0535
[21:05:39]   HIT  USD_RUB            rate_emb_z       lag=  1 m5_p=0.1612  m6_ic=0.0426
[21:05:40]   HIT  USD_RUB            rate_emb_z       lag=  7 m5_p=0.0977  m6_ic=0.0986
[21:05:40]   HIT  USD_RUB            rate_emb_z       lag= 14 m5_p=0.0392  m6_ic=0.0645
[21:05:40]   HIT  USD_RUB            ruble_emb_z      lag=  1 m5_p=0.1687  m6_ic=0.0304
[21:05:41]   HIT  USD_RUB            ruble_emb_z      lag= 14 m5_p=0.1574  m6_ic=0.0438
[21:05:41]   HIT  USD_RUB            ruble_emb_z      lag= 30 m5_p=0.7797  m6_ic=0.0355
[21:05:41]   HIT  USD_RUB            sanctions_emb_z  lag=  7 m5_p=0.8898  m6_ic=0.0510
[21:05:42]   HIT  USD_RUB            sanctions_emb_z  lag= 30 m5_p=0.4128  m6_ic=0.0490
[21:05:42]   HIT  USD_RUB            inflation_emb_z  lag=  1 m5_p=0.0553  m6_ic=0.0413
[21:05:42]   HIT  USD_RUB            inflation_emb_z  lag=  7 m5_p=0.7697  m6_ic=0.0331
[21:05:42]   HIT  USD_RUB            inflation_emb_z  lag= 14 m5_p=0.8057  m6_ic=0.0337
[21:05:43]   HIT  USD_RUB            inflation_emb_z  lag= 30 m5_p=0.5802  m6_ic=0.0884
[21:05:43]   HIT  USD_RUB            banking_emb_z    lag=  1 m5_p=0.9126  m6_ic=0.0434
[21:05:43]   HIT  USD_RUB            banking_emb_z    lag=  7 m5_p=0.6943  m6_ic=0.1137
[21:05:43]   HIT  USD_RUB            banking_emb_z    lag= 14 m5_p=0.8123  m6_ic=0.0337
[21:05:44]   HIT  USD_RUB            gold_emb_z       lag=  1 m5_p=0.5974  m6_ic=0.0501
[21:05:44]   HIT  USD_RUB            gold_emb_z       lag=  7 m5_p=0.7851  m6_ic=0.1043
[21:05:44]   HIT  USD_RUB            gold_emb_z       lag= 30 m5_p=0.2632  m6_ic=0.0432
[21:05:45]   HIT  EUR_RUB            rate_emb_z       lag=  1 m5_p=0.1612  m6_ic=0.0426
[21:05:45]   HIT  EUR_RUB            rate_emb_z       lag=  7 m5_p=0.0977  m6_ic=0.0986
[21:05:45]   HIT  EUR_RUB            rate_emb_z       lag= 14 m5_p=0.0392  m6_ic=0.0645
[21:05:46]   HIT  EUR_RUB            ruble_emb_z      lag=  1 m5_p=0.1687  m6_ic=0.0304
[21:05:46]   HIT  EUR_RUB            ruble_emb_z      lag= 14 m5_p=0.1574  m6_ic=0.0438
[21:05:47]   HIT  EUR_RUB            ruble_emb_z      lag= 30 m5_p=0.7797  m6_ic=0.0355
[21:05:47]   HIT  EUR_RUB            sanctions_emb_z  lag=  7 m5_p=0.8898  m6_ic=0.0510
[21:05:47]   HIT  EUR_RUB            sanctions_emb_z  lag= 30 m5_p=0.4128  m6_ic=0.0490
[21:05:48]   HIT  EUR_RUB            inflation_emb_z  lag=  1 m5_p=0.0553  m6_ic=0.0413
[21:05:48]   HIT  EUR_RUB            inflation_emb_z  lag=  7 m5_p=0.7697  m6_ic=0.0331
[21:05:48]   HIT  EUR_RUB            inflation_emb_z  lag= 14 m5_p=0.8057  m6_ic=0.0337
[21:05:48]   HIT  EUR_RUB            inflation_emb_z  lag= 30 m5_p=0.5802  m6_ic=0.0884
[21:05:48]   HIT  EUR_RUB            banking_emb_z    lag=  1 m5_p=0.9126  m6_ic=0.0434
[21:05:49]   HIT  EUR_RUB            banking_emb_z    lag=  7 m5_p=0.6943  m6_ic=0.1137
[21:05:49]   HIT  EUR_RUB            banking_emb_z    lag= 14 m5_p=0.8123  m6_ic=0.0337
[21:05:49]   HIT  EUR_RUB            gold_emb_z       lag=  1 m5_p=0.5974  m6_ic=0.0501
[21:05:49]   HIT  EUR_RUB            gold_emb_z       lag=  7 m5_p=0.7851  m6_ic=0.1043
[21:05:50]   HIT  EUR_RUB            gold_emb_z       lag= 30 m5_p=0.2632  m6_ic=0.0432
[21:05:50]   HIT  DJ_SOUTH_AFRICA    oil_emb_z        lag=  1 m5_p=0.8221  m6_ic=0.1124
[21:05:51]   HIT  DJ_SOUTH_AFRICA    oil_emb_z        lag= 30 m5_p=0.6389  m6_ic=0.1014
[21:05:51]   HIT  DJ_SOUTH_AFRICA    rate_emb_z       lag= 14 m5_p=0.5234  m6_ic=0.0418
[21:05:51]   HIT  DJ_SOUTH_AFRICA    rate_emb_z       lag= 30 m5_p=0.3592  m6_ic=0.0611
[21:05:53]   HIT  DJ_SOUTH_AFRICA    sanctions_emb_z  lag=  7 m5_p=0.0434  m6_ic=0.0670
[21:05:53]   HIT  DJ_SOUTH_AFRICA    inflation_emb_z  lag=  1 m5_p=0.3201  m6_ic=0.0449
[21:05:54]   HIT  DJ_SOUTH_AFRICA    inflation_emb_z  lag= 30 m5_p=0.8809  m6_ic=0.0922
[21:05:54]   HIT  DJ_SOUTH_AFRICA    banking_emb_z    lag=  1 m5_p=0.3918  m6_ic=0.0604
[21:05:55]   HIT  DJ_SOUTH_AFRICA    banking_emb_z    lag= 14 m5_p=0.5033  m6_ic=0.0547
[21:05:55]   HIT  DJ_SOUTH_AFRICA    banking_emb_z    lag= 30 m5_p=0.6983  m6_ic=0.0314
[21:05:55]   HIT  DJ_SOUTH_AFRICA    gold_emb_z       lag=  7 m5_p=0.2064  m6_ic=0.0798
[21:05:56]   HIT  MSCI_WORLD         oil_emb_z        lag=  1 m5_p=0.2689  m6_ic=0.1514
[21:05:56]   HIT  MSCI_WORLD         oil_emb_z        lag=  7 m5_p=0.2210  m6_ic=0.0657
[21:05:57]   HIT  MSCI_WORLD         rate_emb_z       lag=  7 m5_p=0.1228  m6_ic=0.0539
[21:05:57]   HIT  MSCI_WORLD         rate_emb_z       lag= 14 m5_p=0.1286  m6_ic=0.0381
[21:05:57]   HIT  MSCI_WORLD         ruble_emb_z      lag=  1 m5_p=0.1664  m6_ic=0.0711
[21:05:58]   HIT  MSCI_WORLD         ruble_emb_z      lag= 14 m5_p=0.9920  m6_ic=0.0324
[21:05:58]   HIT  MSCI_WORLD         ruble_emb_z      lag= 30 m5_p=0.4841  m6_ic=0.0353
[21:05:58]   HIT  MSCI_WORLD         sanctions_emb_z  lag=  1 m5_p=0.5408  m6_ic=0.0361
[21:05:58]   HIT  MSCI_WORLD         sanctions_emb_z  lag=  7 m5_p=0.5700  m6_ic=0.0598
[21:05:58]   HIT  MSCI_WORLD         sanctions_emb_z  lag= 14 m5_p=0.9735  m6_ic=0.0894
[21:05:59]   HIT  MSCI_WORLD         inflation_emb_z  lag=  7 m5_p=0.8886  m6_ic=0.0742
[21:05:59]   HIT  MSCI_WORLD         inflation_emb_z  lag= 14 m5_p=0.7276  m6_ic=0.0477
[21:06:00]   HIT  MSCI_WORLD         inflation_emb_z  lag= 30 m5_p=0.9393  m6_ic=0.0709
[21:06:00]   HIT  MSCI_WORLD         banking_emb_z    lag=  7 m5_p=0.6228  m6_ic=0.0597
[21:06:00]   HIT  MSCI_WORLD         banking_emb_z    lag= 14 m5_p=0.1712  m6_ic=0.0603
[21:06:01]   HIT  MSCI_WORLD         gold_emb_z       lag=  1 m5_p=0.6457  m6_ic=0.0383
[21:06:01]   HIT  DXY                oil_emb_z        lag=  1 m5_p=0.4736  m6_ic=0.0546
[21:06:01]   HIT  DXY                oil_emb_z        lag=  7 m5_p=0.4423  m6_ic=0.0927
[21:06:02]   HIT  DXY                oil_emb_z        lag= 14 m5_p=0.6408  m6_ic=0.0967
[21:06:02]   HIT  DXY                rate_emb_z       lag=  1 m5_p=0.8266  m6_ic=0.0799
[21:06:03]   HIT  DXY                rate_emb_z       lag= 14 m5_p=0.0288  m6_ic=0.0476
[21:06:03]   HIT  DXY                rate_emb_z       lag= 30 m5_p=0.3048  m6_ic=0.1179
[21:06:03]   HIT  DXY                ruble_emb_z      lag= 14 m5_p=0.8457  m6_ic=0.0645
[21:06:04]   HIT  DXY                ruble_emb_z      lag= 30 m5_p=0.5505  m6_ic=0.0900
[21:06:04]   HIT  DXY                sanctions_emb_z  lag=  7 m5_p=0.7069  m6_ic=0.0317
[21:06:04]   HIT  DXY                sanctions_emb_z  lag= 14 m5_p=0.4139  m6_ic=0.0336
[21:06:04]   HIT  DXY                sanctions_emb_z  lag= 30 m5_p=0.7200  m6_ic=0.0340
[21:06:05]   HIT  DXY                inflation_emb_z  lag=  1 m5_p=0.4382  m6_ic=0.0632
[21:06:05]   HIT  DXY                inflation_emb_z  lag=  7 m5_p=0.2982  m6_ic=0.0526
[21:06:05]   HIT  DXY                inflation_emb_z  lag= 14 m5_p=0.3512  m6_ic=0.0762
[21:06:05]   HIT  DXY                inflation_emb_z  lag= 30 m5_p=0.9893  m6_ic=0.0311
[21:06:05]   HIT  DXY                banking_emb_z    lag=  1 m5_p=0.3739  m6_ic=0.0356
[21:06:06]   HIT  DXY                banking_emb_z    lag= 14 m5_p=0.5128  m6_ic=0.0831
[21:06:06]   HIT  DXY                banking_emb_z    lag= 30 m5_p=0.7877  m6_ic=0.0443
[21:06:06]   HIT  DXY                gold_emb_z       lag=  7 m5_p=0.9712  m6_ic=0.0320
[21:06:07]   HIT  DXY                gold_emb_z       lag= 30 m5_p=0.9228  m6_ic=0.0432
[21:06:07]   HIT  BRENT              oil_emb_z        lag=  1 m5_p=0.1011  m6_ic=0.0347
[21:06:08]   HIT  BRENT              rate_emb_z       lag=  1 m5_p=0.4142  m6_ic=0.0450
[21:06:08]   HIT  BRENT              rate_emb_z       lag=  7 m5_p=0.3267  m6_ic=0.0813
[21:06:08]   HIT  BRENT              rate_emb_z       lag= 14 m5_p=0.9474  m6_ic=0.0788
[21:06:08]   HIT  BRENT              rate_emb_z       lag= 30 m5_p=0.3689  m6_ic=0.0331
[21:06:09]   HIT  BRENT              ruble_emb_z      lag=  7 m5_p=0.1636  m6_ic=0.0421
[21:06:09]   HIT  BRENT              ruble_emb_z      lag= 14 m5_p=0.6055  m6_ic=0.0882
[21:06:10]   HIT  BRENT              sanctions_emb_z  lag=  7 m5_p=0.3355  m6_ic=0.0415
[21:06:10]   HIT  BRENT              sanctions_emb_z  lag= 30 m5_p=0.7604  m6_ic=0.1134
[21:06:11]   HIT  BRENT              inflation_emb_z  lag=  7 m5_p=0.1354  m6_ic=0.1402
[21:06:11]   HIT  BRENT              inflation_emb_z  lag= 14 m5_p=0.4514  m6_ic=0.0348
[21:06:11]   HIT  BRENT              inflation_emb_z  lag= 30 m5_p=0.4299  m6_ic=0.0383
[21:06:11]   HIT  BRENT              banking_emb_z    lag=  1 m5_p=0.8689  m6_ic=0.1221
[21:06:12]   HIT  BRENT              gold_emb_z       lag=  1 m5_p=0.6198  m6_ic=0.0328
[21:06:13]   HIT  BRENT              gold_emb_z       lag= 30 m5_p=0.3724  m6_ic=0.0887
[21:06:13]   HIT  MSCI_INDIA         oil_emb_z        lag=  1 m5_p=0.6784  m6_ic=0.0840
[21:06:13]   HIT  MSCI_INDIA         oil_emb_z        lag=  7 m5_p=0.0789  m6_ic=0.0701
[21:06:13]   HIT  MSCI_INDIA         oil_emb_z        lag= 30 m5_p=0.9424  m6_ic=0.0797
[21:06:14]   HIT  MSCI_INDIA         rate_emb_z       lag=  1 m5_p=0.1855  m6_ic=0.0719
[21:06:14]   HIT  MSCI_INDIA         rate_emb_z       lag=  7 m5_p=0.9259  m6_ic=0.0988
[21:06:14]   HIT  MSCI_INDIA         ruble_emb_z      lag=  1 m5_p=0.5372  m6_ic=0.0638
[21:06:15]   HIT  MSCI_INDIA         ruble_emb_z      lag=  7 m5_p=0.3100  m6_ic=0.0367
[21:06:15]   HIT  MSCI_INDIA         ruble_emb_z      lag= 30 m5_p=0.1705  m6_ic=0.0686
[21:06:15]   HIT  MSCI_INDIA         sanctions_emb_z  lag=  1 m5_p=0.5988  m6_ic=0.0495
[21:06:15]   HIT  MSCI_INDIA         sanctions_emb_z  lag=  7 m5_p=0.8932  m6_ic=0.0586
[21:06:16]   HIT  MSCI_INDIA         inflation_emb_z  lag= 14 m5_p=0.0209  m6_ic=0.0699
[21:06:17]   HIT  MSCI_INDIA         banking_emb_z    lag= 30 m5_p=0.9294  m6_ic=0.0577
[21:06:18]   HIT  MSCI_INDIA         gold_emb_z       lag=  1 m5_p=0.6979  m6_ic=0.0594
[21:06:18]   HIT  MSCI_INDIA         gold_emb_z       lag=  7 m5_p=0.5940  m6_ic=0.0545
[21:06:18]   HIT  MSCI_INDIA         gold_emb_z       lag= 30 m5_p=0.8681  m6_ic=0.0582
[21:06:18]   HIT  CHINA_H_SHARES     oil_emb_z        lag=  1 m5_p=0.9893  m6_ic=0.0724
[21:06:19]   HIT  CHINA_H_SHARES     oil_emb_z        lag= 30 m5_p=0.7057  m6_ic=0.0362
[21:06:20]   HIT  CHINA_H_SHARES     rate_emb_z       lag= 14 m5_p=0.0364  m6_ic=0.0403
[21:06:20]   HIT  CHINA_H_SHARES     rate_emb_z       lag= 30 m5_p=0.4860  m6_ic=0.0910
[21:06:20]   HIT  CHINA_H_SHARES     ruble_emb_z      lag=  1 m5_p=0.1288  m6_ic=0.0651
[21:06:20]   HIT  CHINA_H_SHARES     ruble_emb_z      lag=  7 m5_p=0.0258  m6_ic=0.0937
[21:06:20]   HIT  CHINA_H_SHARES     ruble_emb_z      lag= 14 m5_p=0.6639  m6_ic=0.0697
[21:06:21]   HIT  CHINA_H_SHARES     ruble_emb_z      lag= 30 m5_p=0.8530  m6_ic=0.0383
[21:06:21]   HIT  CHINA_H_SHARES     sanctions_emb_z  lag=  1 m5_p=0.4712  m6_ic=0.0567
[21:06:21]   HIT  CHINA_H_SHARES     sanctions_emb_z  lag=  7 m5_p=0.4604  m6_ic=0.0971
[21:06:21]   HIT  CHINA_H_SHARES     sanctions_emb_z  lag= 30 m5_p=0.9912  m6_ic=0.0599
[21:06:22]   HIT  CHINA_H_SHARES     inflation_emb_z  lag=  7 m5_p=0.9088  m6_ic=0.0790
[21:06:22]   HIT  CHINA_H_SHARES     inflation_emb_z  lag= 14 m5_p=0.0994  m6_ic=0.0681
[21:06:22]   HIT  CHINA_H_SHARES     inflation_emb_z  lag= 30 m5_p=0.6375  m6_ic=0.0694
[21:06:22]   HIT  CHINA_H_SHARES     banking_emb_z    lag=  1 m5_p=0.9391  m6_ic=0.0503
[21:06:23]   HIT  CHINA_H_SHARES     banking_emb_z    lag=  7 m5_p=0.8681  m6_ic=0.0387
[21:06:23]   HIT  CHINA_H_SHARES     banking_emb_z    lag= 14 m5_p=0.8741  m6_ic=0.1206
[21:06:23]   HIT  CHINA_H_SHARES     gold_emb_z       lag=  7 m5_p=0.9698  m6_ic=0.0383
[21:06:24]   HIT  FTSE_CHINA_50      oil_emb_z        lag=  1 m5_p=0.8491  m6_ic=0.0405
[21:06:25]   HIT  FTSE_CHINA_50      rate_emb_z       lag=  7 m5_p=0.7444  m6_ic=0.0365
[21:06:25]   HIT  FTSE_CHINA_50      rate_emb_z       lag= 14 m5_p=0.0357  m6_ic=0.0421
[21:06:25]   HIT  FTSE_CHINA_50      rate_emb_z       lag= 30 m5_p=0.3121  m6_ic=0.0740
[21:06:26]   HIT  FTSE_CHINA_50      ruble_emb_z      lag=  1 m5_p=0.0784  m6_ic=0.0809
[21:06:26]   HIT  FTSE_CHINA_50      ruble_emb_z      lag=  7 m5_p=0.0464  m6_ic=0.0841
[21:06:26]   HIT  FTSE_CHINA_50      ruble_emb_z      lag= 14 m5_p=0.6174  m6_ic=0.0732
[21:06:26]   HIT  FTSE_CHINA_50      ruble_emb_z      lag= 30 m5_p=0.8329  m6_ic=0.0443
[21:06:26]   HIT  FTSE_CHINA_50      sanctions_emb_z  lag=  1 m5_p=0.3410  m6_ic=0.0346
[21:06:26]   HIT  FTSE_CHINA_50      sanctions_emb_z  lag=  7 m5_p=0.5076  m6_ic=0.0943
[21:06:27]   HIT  FTSE_CHINA_50      sanctions_emb_z  lag= 30 m5_p=0.8105  m6_ic=0.0432
[21:06:27]   HIT  FTSE_CHINA_50      inflation_emb_z  lag=  7 m5_p=0.9227  m6_ic=0.0687
[21:06:27]   HIT  FTSE_CHINA_50      inflation_emb_z  lag= 14 m5_p=0.0992  m6_ic=0.0651
[21:06:28]   HIT  FTSE_CHINA_50      inflation_emb_z  lag= 30 m5_p=0.5427  m6_ic=0.0894
[21:06:28]   HIT  FTSE_CHINA_50      banking_emb_z    lag=  1 m5_p=0.9363  m6_ic=0.0318
[21:06:28]   HIT  FTSE_CHINA_50      banking_emb_z    lag=  7 m5_p=0.6325  m6_ic=0.0315
[21:06:28]   HIT  FTSE_CHINA_50      banking_emb_z    lag= 14 m5_p=0.7967  m6_ic=0.1036
[21:06:29]   HIT  FTSE_CHINA_50      gold_emb_z       lag=  7 m5_p=0.7251  m6_ic=0.0612
[21:06:30]   HIT  GOLD               oil_emb_z        lag= 14 m5_p=0.2620  m6_ic=0.0581
[21:06:30]   HIT  GOLD               oil_emb_z        lag= 30 m5_p=0.6483  m6_ic=0.0605
[21:06:30]   HIT  GOLD               rate_emb_z       lag=  1 m5_p=0.7457  m6_ic=0.0963
[21:06:31]   HIT  GOLD               rate_emb_z       lag= 14 m5_p=0.3958  m6_ic=0.0432
[21:06:31]   HIT  GOLD               rate_emb_z       lag= 30 m5_p=0.9518  m6_ic=0.1247
[21:06:31]   HIT  GOLD               ruble_emb_z      lag=  7 m5_p=0.1019  m6_ic=0.0459
[21:06:31]   HIT  GOLD               ruble_emb_z      lag= 14 m5_p=0.6285  m6_ic=0.0650
[21:06:32]   HIT  GOLD               ruble_emb_z      lag= 30 m5_p=0.9995  m6_ic=0.0908
[21:06:32]   HIT  GOLD               sanctions_emb_z  lag=  1 m5_p=0.6497  m6_ic=0.0709
[21:06:32]   HIT  GOLD               sanctions_emb_z  lag= 14 m5_p=0.2963  m6_ic=0.0583
[21:06:32]   HIT  GOLD               sanctions_emb_z  lag= 30 m5_p=0.9756  m6_ic=0.0771
[21:06:33]   HIT  GOLD               inflation_emb_z  lag=  1 m5_p=0.8350  m6_ic=0.1288
[21:06:33]   HIT  GOLD               inflation_emb_z  lag= 14 m5_p=0.7996  m6_ic=0.0665
[21:06:33]   HIT  GOLD               banking_emb_z    lag=  1 m5_p=0.1266  m6_ic=0.0524
[21:06:34]   HIT  GOLD               banking_emb_z    lag= 14 m5_p=0.4410  m6_ic=0.0481
[21:06:34]   HIT  GOLD               gold_emb_z       lag=  1 m5_p=0.6920  m6_ic=0.0673
[21:06:34]   HIT  GOLD               gold_emb_z       lag=  7 m5_p=0.5645  m6_ic=0.1370
[21:06:35]   HIT  GOLD               gold_emb_z       lag= 30 m5_p=0.4815  m6_ic=0.0461
[21:06:35]   HIT  SILVER             oil_emb_z        lag=  1 m5_p=0.6895  m6_ic=0.0366
[21:06:35]   HIT  SILVER             oil_emb_z        lag=  7 m5_p=0.4870  m6_ic=0.0364
[21:06:35]   HIT  SILVER             oil_emb_z        lag= 14 m5_p=0.9875  m6_ic=0.0543
[21:06:36]   HIT  SILVER             rate_emb_z       lag=  1 m5_p=0.7504  m6_ic=0.0501
[21:06:36]   HIT  SILVER             rate_emb_z       lag=  7 m5_p=0.1456  m6_ic=0.0333
[21:06:36]   HIT  SILVER             rate_emb_z       lag= 30 m5_p=0.7659  m6_ic=0.0507
[21:06:36]   HIT  SILVER             ruble_emb_z      lag=  1 m5_p=0.4948  m6_ic=0.0589
[21:06:37]   HIT  SILVER             ruble_emb_z      lag=  7 m5_p=0.4274  m6_ic=0.1058
[21:06:37]   HIT  SILVER             ruble_emb_z      lag= 14 m5_p=0.4557  m6_ic=0.0451
[21:06:37]   HIT  SILVER             ruble_emb_z      lag= 30 m5_p=0.9529  m6_ic=0.0911
[21:06:37]   HIT  SILVER             sanctions_emb_z  lag=  1 m5_p=0.8650  m6_ic=0.0795
[21:06:38]   HIT  SILVER             sanctions_emb_z  lag= 14 m5_p=0.6519  m6_ic=0.0563
[21:06:38]   HIT  SILVER             sanctions_emb_z  lag= 30 m5_p=0.2999  m6_ic=0.0628
[21:06:38]   HIT  SILVER             inflation_emb_z  lag=  1 m5_p=0.5365  m6_ic=0.0332
[21:06:38]   HIT  SILVER             inflation_emb_z  lag= 14 m5_p=0.4693  m6_ic=0.0385
[21:06:39]   HIT  SILVER             inflation_emb_z  lag= 30 m5_p=0.3962  m6_ic=0.0404
[21:06:39]   HIT  SILVER             gold_emb_z       lag=  1 m5_p=0.7854  m6_ic=0.0433
[21:06:40]   HIT  SILVER             gold_emb_z       lag=  7 m5_p=0.2833  m6_ic=0.0583
[21:06:40]   HIT  SILVER             gold_emb_z       lag= 14 m5_p=0.9673  m6_ic=0.0550
[21:06:40]   HIT  IMOEX              oil_emb_z        lag=  7 m5_p=0.0775  m6_ic=0.0426
[21:06:41]   HIT  IMOEX              rate_emb_z       lag=  7 m5_p=0.2090  m6_ic=0.0853
[21:06:41]   HIT  IMOEX              rate_emb_z       lag= 14 m5_p=0.4143  m6_ic=0.0941
[21:06:42]   HIT  IMOEX              rate_emb_z       lag= 30 m5_p=0.6379  m6_ic=0.0740
[21:06:42]   HIT  IMOEX              ruble_emb_z      lag=  7 m5_p=0.8983  m6_ic=0.0365
[21:06:42]   HIT  IMOEX              ruble_emb_z      lag= 14 m5_p=0.5601  m6_ic=0.0870
[21:06:42]   HIT  IMOEX              ruble_emb_z      lag= 30 m5_p=0.4858  m6_ic=0.1052
[21:06:43]   HIT  IMOEX              sanctions_emb_z  lag=  1 m5_p=0.8655  m6_ic=0.0635
[21:06:43]   HIT  IMOEX              sanctions_emb_z  lag=  7 m5_p=0.1284  m6_ic=0.0402
[21:06:43]   HIT  IMOEX              sanctions_emb_z  lag= 14 m5_p=0.3439  m6_ic=0.0984
[21:06:43]   HIT  IMOEX              sanctions_emb_z  lag= 30 m5_p=0.2528  m6_ic=0.0877
[21:06:43]   HIT  IMOEX              inflation_emb_z  lag=  1 m5_p=0.2269  m6_ic=0.0885
[21:06:44]   HIT  IMOEX              inflation_emb_z  lag=  7 m5_p=0.4770  m6_ic=0.0760
[21:06:44]   HIT  IMOEX              inflation_emb_z  lag= 30 m5_p=0.2827  m6_ic=0.0794
[21:06:44]   HIT  IMOEX              banking_emb_z    lag=  7 m5_p=0.4350  m6_ic=0.0478
[21:06:46]   HIT  MOEXFN             oil_emb_z        lag=  7 m5_p=0.1384  m6_ic=0.0418
[21:06:46]   HIT  MOEXFN             oil_emb_z        lag= 30 m5_p=0.3234  m6_ic=0.1036
[21:06:47]   HIT  MOEXFN             rate_emb_z       lag= 14 m5_p=0.1283  m6_ic=0.0745
[21:06:47]   HIT  MOEXFN             ruble_emb_z      lag=  1 m5_p=0.1970  m6_ic=0.0331
[21:06:48]   HIT  MOEXFN             ruble_emb_z      lag= 14 m5_p=0.9925  m6_ic=0.0471
[21:06:48]   HIT  MOEXFN             ruble_emb_z      lag= 30 m5_p=0.8908  m6_ic=0.0996
[21:06:49]   HIT  MOEXFN             sanctions_emb_z  lag= 30 m5_p=0.3830  m6_ic=0.0520
[21:06:49]   HIT  MOEXFN             inflation_emb_z  lag=  7 m5_p=0.4968  m6_ic=0.1050
[21:06:49]   HIT  MOEXFN             inflation_emb_z  lag= 14 m5_p=0.9658  m6_ic=0.0334
[21:06:50]   HIT  MOEXFN             inflation_emb_z  lag= 30 m5_p=0.6884  m6_ic=0.0354
[21:06:50]   HIT  MOEXFN             banking_emb_z    lag= 30 m5_p=0.7341  m6_ic=0.0503
[21:06:51]   HIT  MOEXFN             gold_emb_z       lag= 14 m5_p=0.2758  m6_ic=0.0430
[21:06:51]   HIT  MOEXOG             oil_emb_z        lag=  1 m5_p=0.7135  m6_ic=0.0718
[21:06:52]   HIT  MOEXOG             oil_emb_z        lag=  7 m5_p=0.0733  m6_ic=0.1059
[21:06:52]   HIT  MOEXOG             oil_emb_z        lag= 14 m5_p=0.9043  m6_ic=0.0620
[21:06:52]   HIT  MOEXOG             oil_emb_z        lag= 30 m5_p=0.1069  m6_ic=0.0736
[21:06:52]   HIT  MOEXOG             rate_emb_z       lag=  7 m5_p=0.0755  m6_ic=0.0722
[21:06:53]   HIT  MOEXOG             rate_emb_z       lag= 14 m5_p=0.6295  m6_ic=0.1002
[21:06:53]   HIT  MOEXOG             rate_emb_z       lag= 30 m5_p=0.4671  m6_ic=0.0770
[21:06:53]   HIT  MOEXOG             ruble_emb_z      lag= 14 m5_p=0.7797  m6_ic=0.0519
[21:06:53]   HIT  MOEXOG             ruble_emb_z      lag= 30 m5_p=0.1859  m6_ic=0.0760
[21:06:54]   HIT  MOEXOG             sanctions_emb_z  lag=  7 m5_p=0.2161  m6_ic=0.0405
[21:06:54]   HIT  MOEXOG             inflation_emb_z  lag=  1 m5_p=0.1669  m6_ic=0.0863
[21:06:55]   HIT  MOEXOG             inflation_emb_z  lag=  7 m5_p=0.4320  m6_ic=0.0360
[21:06:55]   HIT  MOEXOG             inflation_emb_z  lag= 30 m5_p=0.3389  m6_ic=0.0472
[21:06:56]   HIT  MOEXOG             banking_emb_z    lag= 30 m5_p=0.7124  m6_ic=0.0584
[21:06:56]   HIT  MOEXOG             gold_emb_z       lag=  1 m5_p=0.6755  m6_ic=0.0347
[21:06:56]   HIT  MOEXOG             gold_emb_z       lag=  7 m5_p=0.2092  m6_ic=0.0829
[21:06:56]   HIT  MOEXOG             gold_emb_z       lag= 14 m5_p=0.4845  m6_ic=0.0778
[21:06:57]   HIT  MOEXOG             gold_emb_z       lag= 30 m5_p=0.5771  m6_ic=0.0319
[21:06:57]   HIT  MOEX10             oil_emb_z        lag= 14 m5_p=0.7244  m6_ic=0.0301
[21:06:57]   HIT  MOEX10             oil_emb_z        lag= 30 m5_p=0.1532  m6_ic=0.0940
[21:06:58]   HIT  MOEX10             rate_emb_z       lag= 14 m5_p=0.5362  m6_ic=0.0615
[21:06:58]   HIT  MOEX10             ruble_emb_z      lag=  1 m5_p=0.2101  m6_ic=0.0667
[21:06:59]   HIT  MOEX10             ruble_emb_z      lag= 30 m5_p=0.1711  m6_ic=0.0947
[21:07:00]   HIT  MOEX10             sanctions_emb_z  lag= 14 m5_p=0.1501  m6_ic=0.0430
[21:07:00]   HIT  MOEX10             inflation_emb_z  lag=  1 m5_p=0.2963  m6_ic=0.0465
[21:07:00]   HIT  MOEX10             inflation_emb_z  lag=  7 m5_p=0.4887  m6_ic=0.0685
[21:07:00]   HIT  MOEX10             inflation_emb_z  lag= 14 m5_p=0.8985  m6_ic=0.0505
[21:07:01]   HIT  MOEX10             banking_emb_z    lag= 14 m5_p=0.7807  m6_ic=0.0464
[21:07:01]   HIT  MOEX10             banking_emb_z    lag= 30 m5_p=0.6500  m6_ic=0.0796
[21:07:02]   HIT  MOEX10             gold_emb_z       lag= 30 m5_p=0.7972  m6_ic=0.0517
[21:07:02]     Train: 260 signals
[21:07:02]     Val holdout (260 candidates)...
[21:07:02]     VAL PASS  SP500              oil_emb_z        lag=  1  m6_ic=0.0710
[21:07:03]     VAL PASS  SP500              oil_emb_z        lag=  7  m6_ic=0.0531
[21:07:03]     VAL PASS  SP500              oil_emb_z        lag= 14  m6_ic=0.0603
[21:07:03]     VAL PASS  SP500              rate_emb_z       lag= 14  m6_ic=0.0688
[21:07:04]     VAL PASS  SP500              rate_emb_z       lag= 30  m6_ic=0.0745
[21:07:04]     VAL PASS  SP500              ruble_emb_z      lag=  1  m6_ic=0.0875
[21:07:04]     VAL PASS  SP500              ruble_emb_z      lag=  7  m6_ic=0.0653
[21:07:05]     VAL PASS  SP500              sanctions_emb_z  lag= 14  m6_ic=0.0501
[21:07:05]     VAL PASS  SP500              sanctions_emb_z  lag= 30  m6_ic=0.1002
[21:07:05]     VAL PASS  SP500              inflation_emb_z  lag=  1  m6_ic=0.0800
[21:07:05]     VAL PASS  SP500              inflation_emb_z  lag= 14  m6_ic=0.0769
[21:07:06]     VAL PASS  SP500              gold_emb_z       lag= 14  m6_ic=0.0349
[21:07:06]     VAL PASS  SP500              gold_emb_z       lag= 30  m6_ic=0.1651
[21:07:06]     VAL PASS  USD_RUB            rate_emb_z       lag=  1  m6_ic=0.0935
[21:07:06]     VAL PASS  USD_RUB            rate_emb_z       lag=  7  m6_ic=0.0575
[21:07:07]     VAL PASS  USD_RUB            ruble_emb_z      lag= 14  m6_ic=0.0617
[21:07:07]     VAL PASS  USD_RUB            ruble_emb_z      lag= 30  m6_ic=0.0522
[21:07:07]     VAL PASS  USD_RUB            sanctions_emb_z  lag=  7  m6_ic=0.0575
[21:07:08]     VAL PASS  USD_RUB            inflation_emb_z  lag=  1  m6_ic=0.0509
[21:07:08]     VAL PASS  USD_RUB            inflation_emb_z  lag=  7  m6_ic=0.0921
[21:07:08]     VAL PASS  USD_RUB            inflation_emb_z  lag= 30  m6_ic=0.0370
[21:07:09]     VAL PASS  USD_RUB            banking_emb_z    lag=  1  m6_ic=0.0343
[21:07:09]     VAL PASS  USD_RUB            gold_emb_z       lag=  1  m6_ic=0.0917
[21:07:09]     VAL PASS  USD_RUB            gold_emb_z       lag= 30  m6_ic=0.0586
[21:07:10]     VAL PASS  EUR_RUB            rate_emb_z       lag=  1  m6_ic=0.0935
[21:07:10]     VAL PASS  EUR_RUB            rate_emb_z       lag=  7  m6_ic=0.0575
[21:07:10]     VAL PASS  EUR_RUB            ruble_emb_z      lag= 14  m6_ic=0.0617
[21:07:11]     VAL PASS  EUR_RUB            ruble_emb_z      lag= 30  m6_ic=0.0522
[21:07:11]     VAL PASS  EUR_RUB            sanctions_emb_z  lag=  7  m6_ic=0.0575
[21:07:11]     VAL PASS  EUR_RUB            inflation_emb_z  lag=  1  m6_ic=0.0509
[21:07:11]     VAL PASS  EUR_RUB            inflation_emb_z  lag=  7  m6_ic=0.0921
[21:07:12]     VAL PASS  EUR_RUB            inflation_emb_z  lag= 30  m6_ic=0.0370
[21:07:12]     VAL PASS  EUR_RUB            banking_emb_z    lag=  1  m6_ic=0.0343
[21:07:13]     VAL PASS  EUR_RUB            gold_emb_z       lag=  1  m6_ic=0.0917
[21:07:13]     VAL PASS  EUR_RUB            gold_emb_z       lag= 30  m6_ic=0.0586
[21:07:13]     VAL PASS  DJ_SOUTH_AFRICA    oil_emb_z        lag=  1  m6_ic=0.0576
[21:07:14]     VAL PASS  DJ_SOUTH_AFRICA    oil_emb_z        lag= 30  m6_ic=0.1367
[21:07:14]     VAL PASS  DJ_SOUTH_AFRICA    rate_emb_z       lag= 14  m6_ic=0.0339
[21:07:14]     VAL PASS  DJ_SOUTH_AFRICA    rate_emb_z       lag= 30  m6_ic=0.0896
[21:07:14]     VAL PASS  DJ_SOUTH_AFRICA    sanctions_emb_z  lag=  7  m6_ic=0.0498
[21:07:15]     VAL PASS  DJ_SOUTH_AFRICA    inflation_emb_z  lag= 30  m6_ic=0.0759
[21:07:16]     VAL PASS  MSCI_WORLD         oil_emb_z        lag=  1  m6_ic=0.0462
[21:07:16]     VAL PASS  MSCI_WORLD         oil_emb_z        lag=  7  m6_ic=0.0908
[21:07:17]     VAL PASS  MSCI_WORLD         ruble_emb_z      lag= 14  m6_ic=0.0440
[21:07:17]     VAL PASS  MSCI_WORLD         ruble_emb_z      lag= 30  m6_ic=0.0365
[21:07:17]     VAL PASS  MSCI_WORLD         sanctions_emb_z  lag=  1  m6_ic=0.0409
[21:07:18]     VAL PASS  MSCI_WORLD         sanctions_emb_z  lag=  7  m6_ic=0.0357
[21:07:18]     VAL PASS  MSCI_WORLD         sanctions_emb_z  lag= 14  m6_ic=0.0331
[21:07:18]     VAL PASS  MSCI_WORLD         inflation_emb_z  lag= 14  m6_ic=0.0352
[21:07:19]     VAL PASS  MSCI_WORLD         banking_emb_z    lag=  7  m6_ic=0.0640
[21:07:19]     VAL PASS  MSCI_WORLD         banking_emb_z    lag= 14  m6_ic=0.1243
[21:07:19]     VAL PASS  DXY                oil_emb_z        lag=  1  m6_ic=0.0635
[21:07:19]     VAL PASS  DXY                oil_emb_z        lag=  7  m6_ic=0.1685
[21:07:20]     VAL PASS  DXY                oil_emb_z        lag= 14  m6_ic=0.0967
[21:07:20]     VAL PASS  DXY                rate_emb_z       lag=  1  m6_ic=0.0553
[21:07:21]     VAL PASS  DXY                ruble_emb_z      lag= 30  m6_ic=0.0502
[21:07:21]     VAL PASS  DXY                sanctions_emb_z  lag=  7  m6_ic=0.0833
[21:07:21]     VAL PASS  DXY                inflation_emb_z  lag=  1  m6_ic=0.0556
[21:07:22]     VAL PASS  DXY                inflation_emb_z  lag=  7  m6_ic=0.0368
[21:07:22]     VAL PASS  DXY                inflation_emb_z  lag= 14  m6_ic=0.0940
[21:07:22]     VAL PASS  DXY                inflation_emb_z  lag= 30  m6_ic=0.0626
[21:07:22]     VAL PASS  DXY                banking_emb_z    lag=  1  m6_ic=0.0705
[21:07:23]     VAL PASS  DXY                banking_emb_z    lag= 14  m6_ic=0.0573
[21:07:23]     VAL PASS  DXY                banking_emb_z    lag= 30  m6_ic=0.0425
[21:07:23]     VAL PASS  DXY                gold_emb_z       lag=  7  m6_ic=0.0819
[21:07:23]     VAL PASS  DXY                gold_emb_z       lag= 30  m6_ic=0.0566
[21:07:23]     VAL PASS  BRENT              oil_emb_z        lag=  1  m6_ic=0.0304
[21:07:24]     VAL PASS  BRENT              rate_emb_z       lag=  1  m6_ic=0.1163
[21:07:24]     VAL PASS  BRENT              rate_emb_z       lag=  7  m6_ic=0.0563
[21:07:24]     VAL PASS  BRENT              rate_emb_z       lag= 14  m6_ic=0.1027
[21:07:24]     VAL PASS  BRENT              rate_emb_z       lag= 30  m6_ic=0.0734
[21:07:24]     VAL PASS  BRENT              ruble_emb_z      lag=  7  m6_ic=0.0777
[21:07:25]     VAL PASS  BRENT              ruble_emb_z      lag= 14  m6_ic=0.0332
[21:07:25]     VAL PASS  BRENT              sanctions_emb_z  lag= 30  m6_ic=0.0513
[21:07:25]     VAL PASS  BRENT              inflation_emb_z  lag=  7  m6_ic=0.0633
[21:07:25]     VAL PASS  BRENT              inflation_emb_z  lag= 14  m6_ic=0.0515
[21:07:26]     VAL PASS  BRENT              inflation_emb_z  lag= 30  m6_ic=0.0483
[21:07:26]     VAL PASS  BRENT              gold_emb_z       lag=  1  m6_ic=0.0553
[21:07:26]     VAL PASS  BRENT              gold_emb_z       lag= 30  m6_ic=0.0526
[21:07:26]     VAL PASS  MSCI_INDIA         oil_emb_z        lag=  1  m6_ic=0.0567
[21:07:27]     VAL PASS  MSCI_INDIA         oil_emb_z        lag=  7  m6_ic=0.0505
[21:07:27]     VAL PASS  MSCI_INDIA         oil_emb_z        lag= 30  m6_ic=0.0644
[21:07:27]     VAL PASS  MSCI_INDIA         rate_emb_z       lag=  1  m6_ic=0.0332
[21:07:27]     VAL PASS  MSCI_INDIA         rate_emb_z       lag=  7  m6_ic=0.0467
[21:07:27]     VAL PASS  MSCI_INDIA         ruble_emb_z      lag=  1  m6_ic=0.0347
[21:07:28]     VAL PASS  MSCI_INDIA         ruble_emb_z      lag=  7  m6_ic=0.0358
[21:07:28]     VAL PASS  MSCI_INDIA         ruble_emb_z      lag= 30  m6_ic=0.0606
[21:07:28]     VAL PASS  MSCI_INDIA         inflation_emb_z  lag= 14  m6_ic=0.0461
[21:07:29]     VAL PASS  MSCI_INDIA         banking_emb_z    lag= 30  m6_ic=0.1817
[21:07:29]     VAL PASS  MSCI_INDIA         gold_emb_z       lag=  7  m6_ic=0.0711
[21:07:29]     VAL PASS  MSCI_INDIA         gold_emb_z       lag= 30  m6_ic=0.0423
[21:07:29]     VAL PASS  CHINA_H_SHARES     oil_emb_z        lag=  1  m6_ic=0.1001
[21:07:30]     VAL PASS  CHINA_H_SHARES     oil_emb_z        lag= 30  m6_ic=0.1111
[21:07:30]     VAL PASS  CHINA_H_SHARES     rate_emb_z       lag= 14  m6_ic=0.0510
[21:07:30]     VAL PASS  CHINA_H_SHARES     rate_emb_z       lag= 30  m6_ic=0.0523
[21:07:31]     VAL PASS  CHINA_H_SHARES     ruble_emb_z      lag= 14  m6_ic=0.1738
[21:07:31]     VAL PASS  CHINA_H_SHARES     sanctions_emb_z  lag=  1  m6_ic=0.0895
[21:07:31]     VAL PASS  CHINA_H_SHARES     sanctions_emb_z  lag=  7  m6_ic=0.0478
[21:07:31]     VAL PASS  CHINA_H_SHARES     sanctions_emb_z  lag= 30  m6_ic=0.0432
[21:07:32]     VAL PASS  CHINA_H_SHARES     inflation_emb_z  lag=  7  m6_ic=0.0842
[21:07:32]     VAL PASS  CHINA_H_SHARES     inflation_emb_z  lag= 14  m6_ic=0.0570
[21:07:33]     VAL PASS  CHINA_H_SHARES     gold_emb_z       lag=  7  m6_ic=0.1068
[21:07:33]     VAL PASS  FTSE_CHINA_50      oil_emb_z        lag=  1  m6_ic=0.0347
[21:07:33]     VAL PASS  FTSE_CHINA_50      rate_emb_z       lag=  7  m6_ic=0.0332
[21:07:34]     VAL PASS  FTSE_CHINA_50      rate_emb_z       lag= 30  m6_ic=0.1051
[21:07:34]     VAL PASS  FTSE_CHINA_50      ruble_emb_z      lag=  1  m6_ic=0.0499
[21:07:34]     VAL PASS  FTSE_CHINA_50      ruble_emb_z      lag= 14  m6_ic=0.0690
[21:07:34]     VAL PASS  FTSE_CHINA_50      ruble_emb_z      lag= 30  m6_ic=0.1288
[21:07:35]     VAL PASS  FTSE_CHINA_50      sanctions_emb_z  lag=  1  m6_ic=0.0728
[21:07:35]     VAL PASS  FTSE_CHINA_50      sanctions_emb_z  lag=  7  m6_ic=0.0415
[21:07:35]     VAL PASS  FTSE_CHINA_50      sanctions_emb_z  lag= 30  m6_ic=0.0469
[21:07:35]     VAL PASS  FTSE_CHINA_50      inflation_emb_z  lag=  7  m6_ic=0.0714
[21:07:36]     VAL PASS  FTSE_CHINA_50      inflation_emb_z  lag= 30  m6_ic=0.0422
[21:07:36]     VAL PASS  FTSE_CHINA_50      banking_emb_z    lag=  7  m6_ic=0.0385
[21:07:36]     VAL PASS  FTSE_CHINA_50      gold_emb_z       lag=  7  m6_ic=0.0346
[21:07:37]     VAL PASS  GOLD               oil_emb_z        lag= 30  m6_ic=0.1184
[21:07:37]     VAL PASS  GOLD               rate_emb_z       lag=  1  m6_ic=0.1016
[21:07:37]     VAL PASS  GOLD               rate_emb_z       lag= 14  m6_ic=0.0620
[21:07:37]     VAL PASS  GOLD               rate_emb_z       lag= 30  m6_ic=0.1201
[21:07:38]     VAL PASS  GOLD               ruble_emb_z      lag=  7  m6_ic=0.1107
[21:07:38]     VAL PASS  GOLD               ruble_emb_z      lag= 30  m6_ic=0.0372
[21:07:39]     VAL PASS  GOLD               sanctions_emb_z  lag= 30  m6_ic=0.0509
[21:07:39]     VAL PASS  GOLD               inflation_emb_z  lag=  1  m6_ic=0.1358
[21:07:39]     VAL PASS  GOLD               banking_emb_z    lag=  1  m6_ic=0.0501
[21:07:39]     VAL PASS  GOLD               banking_emb_z    lag= 14  m6_ic=0.0452
[21:07:40]     VAL PASS  GOLD               gold_emb_z       lag=  1  m6_ic=0.0508
[21:07:40]     VAL PASS  SILVER             oil_emb_z        lag=  1  m6_ic=0.0944
[21:07:40]     VAL PASS  SILVER             oil_emb_z        lag=  7  m6_ic=0.1289
[21:07:41]     VAL PASS  SILVER             rate_emb_z       lag=  1  m6_ic=0.0865
[21:07:41]     VAL PASS  SILVER             rate_emb_z       lag= 30  m6_ic=0.0674
[21:07:41]     VAL PASS  SILVER             ruble_emb_z      lag=  7  m6_ic=0.0392
[21:07:42]     VAL PASS  SILVER             ruble_emb_z      lag= 30  m6_ic=0.0486
[21:07:42]     VAL PASS  SILVER             sanctions_emb_z  lag= 14  m6_ic=0.0804
[21:07:42]     VAL PASS  SILVER             sanctions_emb_z  lag= 30  m6_ic=0.0535
[21:07:43]     VAL PASS  SILVER             inflation_emb_z  lag=  1  m6_ic=0.0496
[21:07:43]     VAL PASS  SILVER             inflation_emb_z  lag= 14  m6_ic=0.0556
[21:07:43]     VAL PASS  SILVER             inflation_emb_z  lag= 30  m6_ic=0.0598
[21:07:44]     VAL PASS  SILVER             gold_emb_z       lag= 14  m6_ic=0.1416
[21:07:44]     VAL PASS  IMOEX              oil_emb_z        lag=  7  m6_ic=0.0446
[21:07:44]     VAL PASS  IMOEX              rate_emb_z       lag= 14  m6_ic=0.1515
[21:07:45]     VAL PASS  IMOEX              rate_emb_z       lag= 30  m6_ic=0.1019
[21:07:45]     VAL PASS  IMOEX              ruble_emb_z      lag= 14  m6_ic=0.1229
[21:07:45]     VAL PASS  IMOEX              ruble_emb_z      lag= 30  m6_ic=0.1410
[21:07:46]     VAL PASS  IMOEX              sanctions_emb_z  lag=  7  m6_ic=0.0502
[21:07:46]     VAL PASS  IMOEX              sanctions_emb_z  lag= 14  m6_ic=0.1057
[21:07:46]     VAL PASS  IMOEX              sanctions_emb_z  lag= 30  m6_ic=0.0640
[21:07:46]     VAL PASS  IMOEX              inflation_emb_z  lag=  1  m6_ic=0.1056
[21:07:46]     VAL PASS  IMOEX              inflation_emb_z  lag=  7  m6_ic=0.0840
[21:07:47]     VAL PASS  IMOEX              inflation_emb_z  lag= 30  m6_ic=0.0374
[21:07:47]     VAL PASS  MOEXFN             rate_emb_z       lag= 14  m6_ic=0.1772
[21:07:48]     VAL PASS  MOEXFN             ruble_emb_z      lag=  1  m6_ic=0.0796
[21:07:48]     VAL PASS  MOEXFN             ruble_emb_z      lag= 14  m6_ic=0.1199
[21:07:48]     VAL PASS  MOEXFN             ruble_emb_z      lag= 30  m6_ic=0.1240
[21:07:48]     VAL PASS  MOEXFN             sanctions_emb_z  lag= 30  m6_ic=0.0366
[21:07:48]     VAL PASS  MOEXFN             inflation_emb_z  lag=  7  m6_ic=0.1169
[21:07:49]     VAL PASS  MOEXFN             inflation_emb_z  lag= 30  m6_ic=0.0446
[21:07:49]     VAL PASS  MOEXFN             banking_emb_z    lag= 30  m6_ic=0.0792
[21:07:49]     VAL PASS  MOEXOG             oil_emb_z        lag=  1  m6_ic=0.0416
[21:07:50]     VAL PASS  MOEXOG             oil_emb_z        lag=  7  m6_ic=0.0706
[21:07:50]     VAL PASS  MOEXOG             oil_emb_z        lag= 14  m6_ic=0.0718
[21:07:50]     VAL PASS  MOEXOG             oil_emb_z        lag= 30  m6_ic=0.0664
[21:07:50]     VAL PASS  MOEXOG             rate_emb_z       lag=  7  m6_ic=0.0349
[21:07:50]     VAL PASS  MOEXOG             rate_emb_z       lag= 14  m6_ic=0.1417
[21:07:51]     VAL PASS  MOEXOG             rate_emb_z       lag= 30  m6_ic=0.0866
[21:07:51]     VAL PASS  MOEXOG             ruble_emb_z      lag= 14  m6_ic=0.0964
[21:07:51]     VAL PASS  MOEXOG             ruble_emb_z      lag= 30  m6_ic=0.1103
[21:07:51]     VAL PASS  MOEXOG             inflation_emb_z  lag=  1  m6_ic=0.1491
[21:07:52]     VAL PASS  MOEXOG             inflation_emb_z  lag=  7  m6_ic=0.0409
[21:07:52]     VAL PASS  MOEXOG             inflation_emb_z  lag= 30  m6_ic=0.0399
[21:07:52]     VAL PASS  MOEXOG             banking_emb_z    lag= 30  m6_ic=0.0722
[21:07:52]     VAL PASS  MOEXOG             gold_emb_z       lag=  1  m6_ic=0.0892
[21:07:53]     VAL PASS  MOEXOG             gold_emb_z       lag= 14  m6_ic=0.0572
[21:07:53]     VAL PASS  MOEXOG             gold_emb_z       lag= 30  m6_ic=0.1562
[21:07:53]     VAL PASS  MOEX10             oil_emb_z        lag= 14  m6_ic=0.0816
[21:07:53]     VAL PASS  MOEX10             oil_emb_z        lag= 30  m6_ic=0.0310
[21:07:54]     VAL PASS  MOEX10             rate_emb_z       lag= 14  m6_ic=0.1497
[21:07:54]     VAL PASS  MOEX10             ruble_emb_z      lag=  1  m6_ic=0.0487
[21:07:54]     VAL PASS  MOEX10             ruble_emb_z      lag= 30  m6_ic=0.1278
[21:07:54]     VAL PASS  MOEX10             sanctions_emb_z  lag= 14  m6_ic=0.1211
[21:07:54]     VAL PASS  MOEX10             inflation_emb_z  lag=  1  m6_ic=0.1071
[21:07:54]     VAL PASS  MOEX10             inflation_emb_z  lag=  7  m6_ic=0.0961
[21:07:55]     VAL PASS  MOEX10             inflation_emb_z  lag= 14  m6_ic=0.0450
[21:07:55]     VAL PASS  MOEX10             banking_emb_z    lag= 14  m6_ic=0.0410
[21:07:55]     VAL PASS  MOEX10             banking_emb_z    lag= 30  m6_ic=0.0736
[21:07:55]     VAL PASS  MOEX10             gold_emb_z       lag= 30  m6_ic=0.0702
[21:07:55]     Val: 185/260 held
[21:07:55]   → train=260  val=185  max_ic=0.1514  score=2763.2
[21:07:55] 
============================================================
[21:07:55] FINAL REPORT
[21:07:55] ============================================================
[21:07:56] Report: C:\project\signal_mind\analytics\phase_b\night_search\night_report_20260520_203734.md
[21:07:56] Hits CSV: C:\project\signal_mind\analytics\phase_b\night_search\night_hits_20260520_203734.csv
[21:07:56] 
[14/15] sweep_embedding_z90_abs_return  (budget=225min)
[21:07:56]   Config: sweep_embedding_z90_abs_return
[21:07:56]     feature=embedding_z90  target=abs_return  ensemble=M6_only  ic_min=0.03
[21:07:57]   HIT  SP500              oil_emb_z        lag=  1 m5_p=0.7065  m6_ic=0.0758
[21:07:57]   HIT  SP500              oil_emb_z        lag=  7 m5_p=0.8172  m6_ic=0.0393
[21:07:57]   HIT  SP500              oil_emb_z        lag= 14 m5_p=0.0828  m6_ic=0.0797
[21:07:57]   HIT  SP500              oil_emb_z        lag= 30 m5_p=0.4790  m6_ic=0.0367
[21:07:58]   HIT  SP500              rate_emb_z       lag= 14 m5_p=0.3951  m6_ic=0.0349
[21:07:58]   HIT  SP500              rate_emb_z       lag= 30 m5_p=0.3930  m6_ic=0.0493
[21:07:58]   HIT  SP500              ruble_emb_z      lag=  1 m5_p=0.0528  m6_ic=0.0345
[21:07:58]   HIT  SP500              ruble_emb_z      lag=  7 m5_p=0.2303  m6_ic=0.0322
[21:07:59]   HIT  SP500              ruble_emb_z      lag= 30 m5_p=0.1561  m6_ic=0.0656
[21:07:59]   HIT  SP500              sanctions_emb_z  lag=  7 m5_p=0.0507  m6_ic=0.0406
[21:07:59]   HIT  SP500              sanctions_emb_z  lag= 14 m5_p=0.7268  m6_ic=0.0771
[21:08:00]   HIT  SP500              sanctions_emb_z  lag= 30 m5_p=0.3147  m6_ic=0.0317
[21:08:00]   HIT  SP500              inflation_emb_z  lag=  1 m5_p=0.6456  m6_ic=0.0562
[21:08:00]   HIT  SP500              inflation_emb_z  lag= 14 m5_p=0.2256  m6_ic=0.0719
[21:08:01]   HIT  SP500              gold_emb_z       lag=  1 m5_p=0.7799  m6_ic=0.0570
[21:08:02]   HIT  SP500              gold_emb_z       lag= 14 m5_p=0.3237  m6_ic=0.0434
[21:08:02]   HIT  SP500              gold_emb_z       lag= 30 m5_p=0.7182  m6_ic=0.0535
[21:08:03]   HIT  USD_RUB            rate_emb_z       lag=  1 m5_p=0.1612  m6_ic=0.0426
[21:08:03]   HIT  USD_RUB            rate_emb_z       lag=  7 m5_p=0.0977  m6_ic=0.0986
[21:08:04]   HIT  USD_RUB            rate_emb_z       lag= 14 m5_p=0.0392  m6_ic=0.0645
[21:08:04]   HIT  USD_RUB            ruble_emb_z      lag=  1 m5_p=0.1687  m6_ic=0.0304
[21:08:04]   HIT  USD_RUB            ruble_emb_z      lag= 14 m5_p=0.1574  m6_ic=0.0438
[21:08:05]   HIT  USD_RUB            ruble_emb_z      lag= 30 m5_p=0.7797  m6_ic=0.0355
[21:08:05]   HIT  USD_RUB            sanctions_emb_z  lag=  7 m5_p=0.8898  m6_ic=0.0510
[21:08:05]   HIT  USD_RUB            sanctions_emb_z  lag= 30 m5_p=0.4128  m6_ic=0.0490
[21:08:06]   HIT  USD_RUB            inflation_emb_z  lag=  1 m5_p=0.0553  m6_ic=0.0413
[21:08:06]   HIT  USD_RUB            inflation_emb_z  lag=  7 m5_p=0.7697  m6_ic=0.0331
[21:08:06]   HIT  USD_RUB            inflation_emb_z  lag= 14 m5_p=0.8057  m6_ic=0.0337
[21:08:06]   HIT  USD_RUB            inflation_emb_z  lag= 30 m5_p=0.5802  m6_ic=0.0884
[21:08:06]   HIT  USD_RUB            banking_emb_z    lag=  1 m5_p=0.9126  m6_ic=0.0434
[21:08:07]   HIT  USD_RUB            banking_emb_z    lag=  7 m5_p=0.6943  m6_ic=0.1137
[21:08:07]   HIT  USD_RUB            banking_emb_z    lag= 14 m5_p=0.8123  m6_ic=0.0337
[21:08:07]   HIT  USD_RUB            gold_emb_z       lag=  1 m5_p=0.5974  m6_ic=0.0501
[21:08:07]   HIT  USD_RUB            gold_emb_z       lag=  7 m5_p=0.7851  m6_ic=0.1043
[21:08:08]   HIT  USD_RUB            gold_emb_z       lag= 30 m5_p=0.2632  m6_ic=0.0432
[21:08:09]   HIT  EUR_RUB            rate_emb_z       lag=  1 m5_p=0.1612  m6_ic=0.0426
[21:08:09]   HIT  EUR_RUB            rate_emb_z       lag=  7 m5_p=0.0977  m6_ic=0.0986
[21:08:09]   HIT  EUR_RUB            rate_emb_z       lag= 14 m5_p=0.0392  m6_ic=0.0645
[21:08:10]   HIT  EUR_RUB            ruble_emb_z      lag=  1 m5_p=0.1687  m6_ic=0.0304
[21:08:10]   HIT  EUR_RUB            ruble_emb_z      lag= 14 m5_p=0.1574  m6_ic=0.0438
[21:08:10]   HIT  EUR_RUB            ruble_emb_z      lag= 30 m5_p=0.7797  m6_ic=0.0355
[21:08:11]   HIT  EUR_RUB            sanctions_emb_z  lag=  7 m5_p=0.8898  m6_ic=0.0510
[21:08:11]   HIT  EUR_RUB            sanctions_emb_z  lag= 30 m5_p=0.4128  m6_ic=0.0490
[21:08:11]   HIT  EUR_RUB            inflation_emb_z  lag=  1 m5_p=0.0553  m6_ic=0.0413
[21:08:12]   HIT  EUR_RUB            inflation_emb_z  lag=  7 m5_p=0.7697  m6_ic=0.0331
[21:08:12]   HIT  EUR_RUB            inflation_emb_z  lag= 14 m5_p=0.8057  m6_ic=0.0337
[21:08:12]   HIT  EUR_RUB            inflation_emb_z  lag= 30 m5_p=0.5802  m6_ic=0.0884
[21:08:12]   HIT  EUR_RUB            banking_emb_z    lag=  1 m5_p=0.9126  m6_ic=0.0434
[21:08:12]   HIT  EUR_RUB            banking_emb_z    lag=  7 m5_p=0.6943  m6_ic=0.1137
[21:08:13]   HIT  EUR_RUB            banking_emb_z    lag= 14 m5_p=0.8123  m6_ic=0.0337
[21:08:13]   HIT  EUR_RUB            gold_emb_z       lag=  1 m5_p=0.5974  m6_ic=0.0501
[21:08:13]   HIT  EUR_RUB            gold_emb_z       lag=  7 m5_p=0.7851  m6_ic=0.1043
[21:08:14]   HIT  EUR_RUB            gold_emb_z       lag= 30 m5_p=0.2632  m6_ic=0.0432
[21:08:14]   HIT  DJ_SOUTH_AFRICA    oil_emb_z        lag=  1 m5_p=0.8221  m6_ic=0.1124
[21:08:14]   HIT  DJ_SOUTH_AFRICA    oil_emb_z        lag= 30 m5_p=0.6389  m6_ic=0.1014
[21:08:15]   HIT  DJ_SOUTH_AFRICA    rate_emb_z       lag= 14 m5_p=0.5234  m6_ic=0.0418
[21:08:15]   HIT  DJ_SOUTH_AFRICA    rate_emb_z       lag= 30 m5_p=0.3592  m6_ic=0.0611
[21:08:17]   HIT  DJ_SOUTH_AFRICA    sanctions_emb_z  lag=  7 m5_p=0.0434  m6_ic=0.0670
[21:08:17]   HIT  DJ_SOUTH_AFRICA    inflation_emb_z  lag=  1 m5_p=0.3201  m6_ic=0.0449
[21:08:18]   HIT  DJ_SOUTH_AFRICA    inflation_emb_z  lag= 30 m5_p=0.8809  m6_ic=0.0922
[21:08:18]   HIT  DJ_SOUTH_AFRICA    banking_emb_z    lag=  1 m5_p=0.3918  m6_ic=0.0604
[21:08:18]   HIT  DJ_SOUTH_AFRICA    banking_emb_z    lag= 14 m5_p=0.5033  m6_ic=0.0547
[21:08:19]   HIT  DJ_SOUTH_AFRICA    banking_emb_z    lag= 30 m5_p=0.6983  m6_ic=0.0314
[21:08:19]   HIT  DJ_SOUTH_AFRICA    gold_emb_z       lag=  7 m5_p=0.2064  m6_ic=0.0798
[21:08:20]   HIT  MSCI_WORLD         oil_emb_z        lag=  1 m5_p=0.2689  m6_ic=0.1514
[21:08:20]   HIT  MSCI_WORLD         oil_emb_z        lag=  7 m5_p=0.2210  m6_ic=0.0657
[21:08:21]   HIT  MSCI_WORLD         rate_emb_z       lag=  7 m5_p=0.1228  m6_ic=0.0539
[21:08:21]   HIT  MSCI_WORLD         rate_emb_z       lag= 14 m5_p=0.1286  m6_ic=0.0381
[21:08:21]   HIT  MSCI_WORLD         ruble_emb_z      lag=  1 m5_p=0.1664  m6_ic=0.0711
[21:08:21]   HIT  MSCI_WORLD         ruble_emb_z      lag= 14 m5_p=0.9920  m6_ic=0.0324
[21:08:22]   HIT  MSCI_WORLD         ruble_emb_z      lag= 30 m5_p=0.4841  m6_ic=0.0353
[21:08:22]   HIT  MSCI_WORLD         sanctions_emb_z  lag=  1 m5_p=0.5408  m6_ic=0.0361
[21:08:22]   HIT  MSCI_WORLD         sanctions_emb_z  lag=  7 m5_p=0.5700  m6_ic=0.0598
[21:08:22]   HIT  MSCI_WORLD         sanctions_emb_z  lag= 14 m5_p=0.9735  m6_ic=0.0894
[21:08:23]   HIT  MSCI_WORLD         inflation_emb_z  lag=  7 m5_p=0.8886  m6_ic=0.0742
[21:08:23]   HIT  MSCI_WORLD         inflation_emb_z  lag= 14 m5_p=0.7276  m6_ic=0.0477
[21:08:23]   HIT  MSCI_WORLD         inflation_emb_z  lag= 30 m5_p=0.9393  m6_ic=0.0709
[21:08:24]   HIT  MSCI_WORLD         banking_emb_z    lag=  7 m5_p=0.6228  m6_ic=0.0597
[21:08:24]   HIT  MSCI_WORLD         banking_emb_z    lag= 14 m5_p=0.1712  m6_ic=0.0603
[21:08:24]   HIT  MSCI_WORLD         gold_emb_z       lag=  1 m5_p=0.6457  m6_ic=0.0383
[21:08:25]   HIT  DXY                oil_emb_z        lag=  1 m5_p=0.4736  m6_ic=0.0546
[21:08:25]   HIT  DXY                oil_emb_z        lag=  7 m5_p=0.4423  m6_ic=0.0927
[21:08:25]   HIT  DXY                oil_emb_z        lag= 14 m5_p=0.6408  m6_ic=0.0967
[21:08:26]   HIT  DXY                rate_emb_z       lag=  1 m5_p=0.8266  m6_ic=0.0799
[21:08:26]   HIT  DXY                rate_emb_z       lag= 14 m5_p=0.0288  m6_ic=0.0476
[21:08:27]   HIT  DXY                rate_emb_z       lag= 30 m5_p=0.3048  m6_ic=0.1179
[21:08:27]   HIT  DXY                ruble_emb_z      lag= 14 m5_p=0.8457  m6_ic=0.0645
[21:08:27]   HIT  DXY                ruble_emb_z      lag= 30 m5_p=0.5505  m6_ic=0.0900
[21:08:28]   HIT  DXY                sanctions_emb_z  lag=  7 m5_p=0.7069  m6_ic=0.0317
[21:08:28]   HIT  DXY                sanctions_emb_z  lag= 14 m5_p=0.4139  m6_ic=0.0336
[21:08:28]   HIT  DXY                sanctions_emb_z  lag= 30 m5_p=0.7200  m6_ic=0.0340
[21:08:28]   HIT  DXY                inflation_emb_z  lag=  1 m5_p=0.4382  m6_ic=0.0632
[21:08:29]   HIT  DXY                inflation_emb_z  lag=  7 m5_p=0.2982  m6_ic=0.0526
[21:08:29]   HIT  DXY                inflation_emb_z  lag= 14 m5_p=0.3512  m6_ic=0.0762
[21:08:29]   HIT  DXY                inflation_emb_z  lag= 30 m5_p=0.9893  m6_ic=0.0311
[21:08:29]   HIT  DXY                banking_emb_z    lag=  1 m5_p=0.3739  m6_ic=0.0356
[21:08:30]   HIT  DXY                banking_emb_z    lag= 14 m5_p=0.5128  m6_ic=0.0831
[21:08:30]   HIT  DXY                banking_emb_z    lag= 30 m5_p=0.7877  m6_ic=0.0443
[21:08:30]   HIT  DXY                gold_emb_z       lag=  7 m5_p=0.9712  m6_ic=0.0320
[21:08:31]   HIT  DXY                gold_emb_z       lag= 30 m5_p=0.9228  m6_ic=0.0432
[21:08:31]   HIT  BRENT              oil_emb_z        lag=  1 m5_p=0.1011  m6_ic=0.0347
[21:08:32]   HIT  BRENT              rate_emb_z       lag=  1 m5_p=0.4142  m6_ic=0.0450
[21:08:32]   HIT  BRENT              rate_emb_z       lag=  7 m5_p=0.3267  m6_ic=0.0813
[21:08:32]   HIT  BRENT              rate_emb_z       lag= 14 m5_p=0.9474  m6_ic=0.0788
[21:08:32]   HIT  BRENT              rate_emb_z       lag= 30 m5_p=0.3689  m6_ic=0.0331
[21:08:33]   HIT  BRENT              ruble_emb_z      lag=  7 m5_p=0.1636  m6_ic=0.0421
[21:08:33]   HIT  BRENT              ruble_emb_z      lag= 14 m5_p=0.6055  m6_ic=0.0882
[21:08:33]   HIT  BRENT              sanctions_emb_z  lag=  7 m5_p=0.3355  m6_ic=0.0415
[21:08:34]   HIT  BRENT              sanctions_emb_z  lag= 30 m5_p=0.7604  m6_ic=0.1134
[21:08:34]   HIT  BRENT              inflation_emb_z  lag=  7 m5_p=0.1354  m6_ic=0.1402
[21:08:34]   HIT  BRENT              inflation_emb_z  lag= 14 m5_p=0.4514  m6_ic=0.0348
[21:08:35]   HIT  BRENT              inflation_emb_z  lag= 30 m5_p=0.4299  m6_ic=0.0383
[21:08:35]   HIT  BRENT              banking_emb_z    lag=  1 m5_p=0.8689  m6_ic=0.1221
[21:08:36]   HIT  BRENT              gold_emb_z       lag=  1 m5_p=0.6198  m6_ic=0.0328
[21:08:36]   HIT  BRENT              gold_emb_z       lag= 30 m5_p=0.3724  m6_ic=0.0887
[21:08:37]   HIT  MSCI_INDIA         oil_emb_z        lag=  1 m5_p=0.6784  m6_ic=0.0840
[21:08:37]   HIT  MSCI_INDIA         oil_emb_z        lag=  7 m5_p=0.0789  m6_ic=0.0701
[21:08:37]   HIT  MSCI_INDIA         oil_emb_z        lag= 30 m5_p=0.9424  m6_ic=0.0797
[21:08:37]   HIT  MSCI_INDIA         rate_emb_z       lag=  1 m5_p=0.1855  m6_ic=0.0719
[21:08:38]   HIT  MSCI_INDIA         rate_emb_z       lag=  7 m5_p=0.9259  m6_ic=0.0988
[21:08:38]   HIT  MSCI_INDIA         ruble_emb_z      lag=  1 m5_p=0.5372  m6_ic=0.0638
[21:08:38]   HIT  MSCI_INDIA         ruble_emb_z      lag=  7 m5_p=0.3100  m6_ic=0.0367
[21:08:39]   HIT  MSCI_INDIA         ruble_emb_z      lag= 30 m5_p=0.1705  m6_ic=0.0686
[21:08:39]   HIT  MSCI_INDIA         sanctions_emb_z  lag=  1 m5_p=0.5988  m6_ic=0.0495
[21:08:39]   HIT  MSCI_INDIA         sanctions_emb_z  lag=  7 m5_p=0.8932  m6_ic=0.0586
[21:08:40]   HIT  MSCI_INDIA         inflation_emb_z  lag= 14 m5_p=0.0209  m6_ic=0.0699
[21:08:41]   HIT  MSCI_INDIA         banking_emb_z    lag= 30 m5_p=0.9294  m6_ic=0.0577
[21:08:41]   HIT  MSCI_INDIA         gold_emb_z       lag=  1 m5_p=0.6979  m6_ic=0.0594
[21:08:42]   HIT  MSCI_INDIA         gold_emb_z       lag=  7 m5_p=0.5940  m6_ic=0.0545
[21:08:42]   HIT  MSCI_INDIA         gold_emb_z       lag= 30 m5_p=0.8681  m6_ic=0.0582
[21:08:42]   HIT  CHINA_H_SHARES     oil_emb_z        lag=  1 m5_p=0.9893  m6_ic=0.0724
[21:08:43]   HIT  CHINA_H_SHARES     oil_emb_z        lag= 30 m5_p=0.7057  m6_ic=0.0362
[21:08:43]   HIT  CHINA_H_SHARES     rate_emb_z       lag= 14 m5_p=0.0364  m6_ic=0.0403
[21:08:44]   HIT  CHINA_H_SHARES     rate_emb_z       lag= 30 m5_p=0.4860  m6_ic=0.0910
[21:08:44]   HIT  CHINA_H_SHARES     ruble_emb_z      lag=  1 m5_p=0.1288  m6_ic=0.0651
[21:08:44]   HIT  CHINA_H_SHARES     ruble_emb_z      lag=  7 m5_p=0.0258  m6_ic=0.0937
[21:08:44]   HIT  CHINA_H_SHARES     ruble_emb_z      lag= 14 m5_p=0.6639  m6_ic=0.0697
[21:08:44]   HIT  CHINA_H_SHARES     ruble_emb_z      lag= 30 m5_p=0.8530  m6_ic=0.0383
[21:08:45]   HIT  CHINA_H_SHARES     sanctions_emb_z  lag=  1 m5_p=0.4712  m6_ic=0.0567
[21:08:45]   HIT  CHINA_H_SHARES     sanctions_emb_z  lag=  7 m5_p=0.4604  m6_ic=0.0971
[21:08:45]   HIT  CHINA_H_SHARES     sanctions_emb_z  lag= 30 m5_p=0.9912  m6_ic=0.0599
[21:08:46]   HIT  CHINA_H_SHARES     inflation_emb_z  lag=  7 m5_p=0.9088  m6_ic=0.0790
[21:08:46]   HIT  CHINA_H_SHARES     inflation_emb_z  lag= 14 m5_p=0.0994  m6_ic=0.0681
[21:08:46]   HIT  CHINA_H_SHARES     inflation_emb_z  lag= 30 m5_p=0.6375  m6_ic=0.0694
[21:08:46]   HIT  CHINA_H_SHARES     banking_emb_z    lag=  1 m5_p=0.9391  m6_ic=0.0503
[21:08:46]   HIT  CHINA_H_SHARES     banking_emb_z    lag=  7 m5_p=0.8681  m6_ic=0.0387
[21:08:47]   HIT  CHINA_H_SHARES     banking_emb_z    lag= 14 m5_p=0.8741  m6_ic=0.1206
[21:08:47]   HIT  CHINA_H_SHARES     gold_emb_z       lag=  7 m5_p=0.9698  m6_ic=0.0383
[21:08:48]   HIT  FTSE_CHINA_50      oil_emb_z        lag=  1 m5_p=0.8491  m6_ic=0.0405
[21:08:49]   HIT  FTSE_CHINA_50      rate_emb_z       lag=  7 m5_p=0.7444  m6_ic=0.0365
[21:08:49]   HIT  FTSE_CHINA_50      rate_emb_z       lag= 14 m5_p=0.0357  m6_ic=0.0421
[21:08:49]   HIT  FTSE_CHINA_50      rate_emb_z       lag= 30 m5_p=0.3121  m6_ic=0.0740
[21:08:49]   HIT  FTSE_CHINA_50      ruble_emb_z      lag=  1 m5_p=0.0784  m6_ic=0.0809
[21:08:50]   HIT  FTSE_CHINA_50      ruble_emb_z      lag=  7 m5_p=0.0464  m6_ic=0.0841
[21:08:50]   HIT  FTSE_CHINA_50      ruble_emb_z      lag= 14 m5_p=0.6174  m6_ic=0.0732
[21:08:50]   HIT  FTSE_CHINA_50      ruble_emb_z      lag= 30 m5_p=0.8329  m6_ic=0.0443
[21:08:50]   HIT  FTSE_CHINA_50      sanctions_emb_z  lag=  1 m5_p=0.3410  m6_ic=0.0346
[21:08:50]   HIT  FTSE_CHINA_50      sanctions_emb_z  lag=  7 m5_p=0.5076  m6_ic=0.0943
[21:08:51]   HIT  FTSE_CHINA_50      sanctions_emb_z  lag= 30 m5_p=0.8105  m6_ic=0.0432
[21:08:51]   HIT  FTSE_CHINA_50      inflation_emb_z  lag=  7 m5_p=0.9227  m6_ic=0.0687
[21:08:51]   HIT  FTSE_CHINA_50      inflation_emb_z  lag= 14 m5_p=0.0992  m6_ic=0.0651
[21:08:52]   HIT  FTSE_CHINA_50      inflation_emb_z  lag= 30 m5_p=0.5427  m6_ic=0.0894
[21:08:52]   HIT  FTSE_CHINA_50      banking_emb_z    lag=  1 m5_p=0.9363  m6_ic=0.0318
[21:08:52]   HIT  FTSE_CHINA_50      banking_emb_z    lag=  7 m5_p=0.6325  m6_ic=0.0315
[21:08:52]   HIT  FTSE_CHINA_50      banking_emb_z    lag= 14 m5_p=0.7967  m6_ic=0.1036
[21:08:53]   HIT  FTSE_CHINA_50      gold_emb_z       lag=  7 m5_p=0.7251  m6_ic=0.0612
[21:08:54]   HIT  GOLD               oil_emb_z        lag= 14 m5_p=0.2620  m6_ic=0.0581
[21:08:54]   HIT  GOLD               oil_emb_z        lag= 30 m5_p=0.6483  m6_ic=0.0605
[21:08:54]   HIT  GOLD               rate_emb_z       lag=  1 m5_p=0.7457  m6_ic=0.0963
[21:08:55]   HIT  GOLD               rate_emb_z       lag= 14 m5_p=0.3958  m6_ic=0.0432
[21:08:55]   HIT  GOLD               rate_emb_z       lag= 30 m5_p=0.9518  m6_ic=0.1247
[21:08:55]   HIT  GOLD               ruble_emb_z      lag=  7 m5_p=0.1019  m6_ic=0.0459
[21:08:55]   HIT  GOLD               ruble_emb_z      lag= 14 m5_p=0.6285  m6_ic=0.0650
[21:08:56]   HIT  GOLD               ruble_emb_z      lag= 30 m5_p=0.9995  m6_ic=0.0908
[21:08:56]   HIT  GOLD               sanctions_emb_z  lag=  1 m5_p=0.6497  m6_ic=0.0709
[21:08:56]   HIT  GOLD               sanctions_emb_z  lag= 14 m5_p=0.2963  m6_ic=0.0583
[21:08:56]   HIT  GOLD               sanctions_emb_z  lag= 30 m5_p=0.9756  m6_ic=0.0771
[21:08:56]   HIT  GOLD               inflation_emb_z  lag=  1 m5_p=0.8350  m6_ic=0.1288
[21:08:57]   HIT  GOLD               inflation_emb_z  lag= 14 m5_p=0.7996  m6_ic=0.0665
[21:08:57]   HIT  GOLD               banking_emb_z    lag=  1 m5_p=0.1266  m6_ic=0.0524
[21:08:58]   HIT  GOLD               banking_emb_z    lag= 14 m5_p=0.4410  m6_ic=0.0481
[21:08:58]   HIT  GOLD               gold_emb_z       lag=  1 m5_p=0.6920  m6_ic=0.0673
[21:08:58]   HIT  GOLD               gold_emb_z       lag=  7 m5_p=0.5645  m6_ic=0.1370
[21:08:59]   HIT  GOLD               gold_emb_z       lag= 30 m5_p=0.4815  m6_ic=0.0461
[21:08:59]   HIT  SILVER             oil_emb_z        lag=  1 m5_p=0.6895  m6_ic=0.0366
[21:08:59]   HIT  SILVER             oil_emb_z        lag=  7 m5_p=0.4870  m6_ic=0.0364
[21:08:59]   HIT  SILVER             oil_emb_z        lag= 14 m5_p=0.9875  m6_ic=0.0543
[21:09:00]   HIT  SILVER             rate_emb_z       lag=  1 m5_p=0.7504  m6_ic=0.0501
[21:09:00]   HIT  SILVER             rate_emb_z       lag=  7 m5_p=0.1456  m6_ic=0.0333
[21:09:00]   HIT  SILVER             rate_emb_z       lag= 30 m5_p=0.7659  m6_ic=0.0507
[21:09:00]   HIT  SILVER             ruble_emb_z      lag=  1 m5_p=0.4948  m6_ic=0.0589
[21:09:01]   HIT  SILVER             ruble_emb_z      lag=  7 m5_p=0.4274  m6_ic=0.1058
[21:09:01]   HIT  SILVER             ruble_emb_z      lag= 14 m5_p=0.4557  m6_ic=0.0451
[21:09:01]   HIT  SILVER             ruble_emb_z      lag= 30 m5_p=0.9529  m6_ic=0.0911
[21:09:01]   HIT  SILVER             sanctions_emb_z  lag=  1 m5_p=0.8650  m6_ic=0.0795
[21:09:02]   HIT  SILVER             sanctions_emb_z  lag= 14 m5_p=0.6519  m6_ic=0.0563
[21:09:02]   HIT  SILVER             sanctions_emb_z  lag= 30 m5_p=0.2999  m6_ic=0.0628
[21:09:02]   HIT  SILVER             inflation_emb_z  lag=  1 m5_p=0.5365  m6_ic=0.0332
[21:09:02]   HIT  SILVER             inflation_emb_z  lag= 14 m5_p=0.4693  m6_ic=0.0385
[21:09:02]   HIT  SILVER             inflation_emb_z  lag= 30 m5_p=0.3962  m6_ic=0.0404
[21:09:03]   HIT  SILVER             gold_emb_z       lag=  1 m5_p=0.7854  m6_ic=0.0433
[21:09:04]   HIT  SILVER             gold_emb_z       lag=  7 m5_p=0.2833  m6_ic=0.0583
[21:09:04]   HIT  SILVER             gold_emb_z       lag= 14 m5_p=0.9673  m6_ic=0.0550
[21:09:04]   HIT  IMOEX              oil_emb_z        lag=  7 m5_p=0.0775  m6_ic=0.0426
[21:09:05]   HIT  IMOEX              rate_emb_z       lag=  7 m5_p=0.2090  m6_ic=0.0853
[21:09:05]   HIT  IMOEX              rate_emb_z       lag= 14 m5_p=0.4143  m6_ic=0.0941
[21:09:06]   HIT  IMOEX              rate_emb_z       lag= 30 m5_p=0.6379  m6_ic=0.0740
[21:09:06]   HIT  IMOEX              ruble_emb_z      lag=  7 m5_p=0.8983  m6_ic=0.0365
[21:09:06]   HIT  IMOEX              ruble_emb_z      lag= 14 m5_p=0.5601  m6_ic=0.0870
[21:09:06]   HIT  IMOEX              ruble_emb_z      lag= 30 m5_p=0.4858  m6_ic=0.1052
[21:09:07]   HIT  IMOEX              sanctions_emb_z  lag=  1 m5_p=0.8655  m6_ic=0.0635
[21:09:07]   HIT  IMOEX              sanctions_emb_z  lag=  7 m5_p=0.1284  m6_ic=0.0402
[21:09:07]   HIT  IMOEX              sanctions_emb_z  lag= 14 m5_p=0.3439  m6_ic=0.0984
[21:09:07]   HIT  IMOEX              sanctions_emb_z  lag= 30 m5_p=0.2528  m6_ic=0.0877
[21:09:07]   HIT  IMOEX              inflation_emb_z  lag=  1 m5_p=0.2269  m6_ic=0.0885
[21:09:07]   HIT  IMOEX              inflation_emb_z  lag=  7 m5_p=0.4770  m6_ic=0.0760
[21:09:08]   HIT  IMOEX              inflation_emb_z  lag= 30 m5_p=0.2827  m6_ic=0.0794
[21:09:08]   HIT  IMOEX              banking_emb_z    lag=  7 m5_p=0.4350  m6_ic=0.0478
[21:09:10]   HIT  MOEXFN             oil_emb_z        lag=  7 m5_p=0.1384  m6_ic=0.0418
[21:09:10]   HIT  MOEXFN             oil_emb_z        lag= 30 m5_p=0.3234  m6_ic=0.1036
[21:09:11]   HIT  MOEXFN             rate_emb_z       lag= 14 m5_p=0.1283  m6_ic=0.0745
[21:09:11]   HIT  MOEXFN             ruble_emb_z      lag=  1 m5_p=0.1970  m6_ic=0.0331
[21:09:12]   HIT  MOEXFN             ruble_emb_z      lag= 14 m5_p=0.9925  m6_ic=0.0471
[21:09:12]   HIT  MOEXFN             ruble_emb_z      lag= 30 m5_p=0.8908  m6_ic=0.0996
[21:09:13]   HIT  MOEXFN             sanctions_emb_z  lag= 30 m5_p=0.3830  m6_ic=0.0520
[21:09:13]   HIT  MOEXFN             inflation_emb_z  lag=  7 m5_p=0.4968  m6_ic=0.1050
[21:09:13]   HIT  MOEXFN             inflation_emb_z  lag= 14 m5_p=0.9658  m6_ic=0.0334
[21:09:13]   HIT  MOEXFN             inflation_emb_z  lag= 30 m5_p=0.6884  m6_ic=0.0354
[21:09:14]   HIT  MOEXFN             banking_emb_z    lag= 30 m5_p=0.7341  m6_ic=0.0503
[21:09:15]   HIT  MOEXFN             gold_emb_z       lag= 14 m5_p=0.2758  m6_ic=0.0430
[21:09:15]   HIT  MOEXOG             oil_emb_z        lag=  1 m5_p=0.7135  m6_ic=0.0718
[21:09:15]   HIT  MOEXOG             oil_emb_z        lag=  7 m5_p=0.0733  m6_ic=0.1059
[21:09:15]   HIT  MOEXOG             oil_emb_z        lag= 14 m5_p=0.9043  m6_ic=0.0620
[21:09:16]   HIT  MOEXOG             oil_emb_z        lag= 30 m5_p=0.1069  m6_ic=0.0736
[21:09:16]   HIT  MOEXOG             rate_emb_z       lag=  7 m5_p=0.0755  m6_ic=0.0722
[21:09:16]   HIT  MOEXOG             rate_emb_z       lag= 14 m5_p=0.6295  m6_ic=0.1002
[21:09:16]   HIT  MOEXOG             rate_emb_z       lag= 30 m5_p=0.4671  m6_ic=0.0770
[21:09:17]   HIT  MOEXOG             ruble_emb_z      lag= 14 m5_p=0.7797  m6_ic=0.0519
[21:09:17]   HIT  MOEXOG             ruble_emb_z      lag= 30 m5_p=0.1859  m6_ic=0.0760
[21:09:18]   HIT  MOEXOG             sanctions_emb_z  lag=  7 m5_p=0.2161  m6_ic=0.0405
[21:09:18]   HIT  MOEXOG             inflation_emb_z  lag=  1 m5_p=0.1669  m6_ic=0.0863
[21:09:18]   HIT  MOEXOG             inflation_emb_z  lag=  7 m5_p=0.4320  m6_ic=0.0360
[21:09:19]   HIT  MOEXOG             inflation_emb_z  lag= 30 m5_p=0.3389  m6_ic=0.0472
[21:09:20]   HIT  MOEXOG             banking_emb_z    lag= 30 m5_p=0.7124  m6_ic=0.0584
[21:09:20]   HIT  MOEXOG             gold_emb_z       lag=  1 m5_p=0.6755  m6_ic=0.0347
[21:09:20]   HIT  MOEXOG             gold_emb_z       lag=  7 m5_p=0.2092  m6_ic=0.0829
[21:09:20]   HIT  MOEXOG             gold_emb_z       lag= 14 m5_p=0.4845  m6_ic=0.0778
[21:09:20]   HIT  MOEXOG             gold_emb_z       lag= 30 m5_p=0.5771  m6_ic=0.0319
[21:09:21]   HIT  MOEX10             oil_emb_z        lag= 14 m5_p=0.7244  m6_ic=0.0301
[21:09:21]   HIT  MOEX10             oil_emb_z        lag= 30 m5_p=0.1532  m6_ic=0.0940
[21:09:22]   HIT  MOEX10             rate_emb_z       lag= 14 m5_p=0.5362  m6_ic=0.0615
[21:09:22]   HIT  MOEX10             ruble_emb_z      lag=  1 m5_p=0.2101  m6_ic=0.0667
[21:09:23]   HIT  MOEX10             ruble_emb_z      lag= 30 m5_p=0.1711  m6_ic=0.0947
[21:09:23]   HIT  MOEX10             sanctions_emb_z  lag= 14 m5_p=0.1501  m6_ic=0.0430
[21:09:24]   HIT  MOEX10             inflation_emb_z  lag=  1 m5_p=0.2963  m6_ic=0.0465
[21:09:24]   HIT  MOEX10             inflation_emb_z  lag=  7 m5_p=0.4887  m6_ic=0.0685
[21:09:24]   HIT  MOEX10             inflation_emb_z  lag= 14 m5_p=0.8985  m6_ic=0.0505
[21:09:25]   HIT  MOEX10             banking_emb_z    lag= 14 m5_p=0.7807  m6_ic=0.0464
[21:09:25]   HIT  MOEX10             banking_emb_z    lag= 30 m5_p=0.6500  m6_ic=0.0796
[21:09:26]   HIT  MOEX10             gold_emb_z       lag= 30 m5_p=0.7972  m6_ic=0.0517
[21:09:26]     Train: 260 signals
[21:09:26]     Val holdout (260 candidates)...
[21:09:26]     VAL PASS  SP500              oil_emb_z        lag=  1  m6_ic=0.0710
[21:09:26]     VAL PASS  SP500              oil_emb_z        lag=  7  m6_ic=0.0531
[21:09:27]     VAL PASS  SP500              oil_emb_z        lag= 14  m6_ic=0.0603
[21:09:27]     VAL PASS  SP500              rate_emb_z       lag= 14  m6_ic=0.0688
[21:09:27]     VAL PASS  SP500              rate_emb_z       lag= 30  m6_ic=0.0745
[21:09:27]     VAL PASS  SP500              ruble_emb_z      lag=  1  m6_ic=0.0875
[21:09:28]     VAL PASS  SP500              ruble_emb_z      lag=  7  m6_ic=0.0653
[21:09:28]     VAL PASS  SP500              sanctions_emb_z  lag= 14  m6_ic=0.0501
[21:09:28]     VAL PASS  SP500              sanctions_emb_z  lag= 30  m6_ic=0.1002
[21:09:29]     VAL PASS  SP500              inflation_emb_z  lag=  1  m6_ic=0.0800
[21:09:29]     VAL PASS  SP500              inflation_emb_z  lag= 14  m6_ic=0.0769
[21:09:29]     VAL PASS  SP500              gold_emb_z       lag= 14  m6_ic=0.0349
[21:09:30]     VAL PASS  SP500              gold_emb_z       lag= 30  m6_ic=0.1651
[21:09:30]     VAL PASS  USD_RUB            rate_emb_z       lag=  1  m6_ic=0.0935
[21:09:30]     VAL PASS  USD_RUB            rate_emb_z       lag=  7  m6_ic=0.0575
[21:09:31]     VAL PASS  USD_RUB            ruble_emb_z      lag= 14  m6_ic=0.0617
[21:09:31]     VAL PASS  USD_RUB            ruble_emb_z      lag= 30  m6_ic=0.0522
[21:09:31]     VAL PASS  USD_RUB            sanctions_emb_z  lag=  7  m6_ic=0.0575
[21:09:31]     VAL PASS  USD_RUB            inflation_emb_z  lag=  1  m6_ic=0.0509
[21:09:32]     VAL PASS  USD_RUB            inflation_emb_z  lag=  7  m6_ic=0.0921
[21:09:32]     VAL PASS  USD_RUB            inflation_emb_z  lag= 30  m6_ic=0.0370
[21:09:32]     VAL PASS  USD_RUB            banking_emb_z    lag=  1  m6_ic=0.0343
[21:09:33]     VAL PASS  USD_RUB            gold_emb_z       lag=  1  m6_ic=0.0917
[21:09:33]     VAL PASS  USD_RUB            gold_emb_z       lag= 30  m6_ic=0.0586
[21:09:33]     VAL PASS  EUR_RUB            rate_emb_z       lag=  1  m6_ic=0.0935
[21:09:34]     VAL PASS  EUR_RUB            rate_emb_z       lag=  7  m6_ic=0.0575
[21:09:34]     VAL PASS  EUR_RUB            ruble_emb_z      lag= 14  m6_ic=0.0617
[21:09:34]     VAL PASS  EUR_RUB            ruble_emb_z      lag= 30  m6_ic=0.0522
[21:09:35]     VAL PASS  EUR_RUB            sanctions_emb_z  lag=  7  m6_ic=0.0575
[21:09:35]     VAL PASS  EUR_RUB            inflation_emb_z  lag=  1  m6_ic=0.0509
[21:09:35]     VAL PASS  EUR_RUB            inflation_emb_z  lag=  7  m6_ic=0.0921
[21:09:36]     VAL PASS  EUR_RUB            inflation_emb_z  lag= 30  m6_ic=0.0370
[21:09:36]     VAL PASS  EUR_RUB            banking_emb_z    lag=  1  m6_ic=0.0343
[21:09:36]     VAL PASS  EUR_RUB            gold_emb_z       lag=  1  m6_ic=0.0917
[21:09:37]     VAL PASS  EUR_RUB            gold_emb_z       lag= 30  m6_ic=0.0586
[21:09:37]     VAL PASS  DJ_SOUTH_AFRICA    oil_emb_z        lag=  1  m6_ic=0.0576
[21:09:37]     VAL PASS  DJ_SOUTH_AFRICA    oil_emb_z        lag= 30  m6_ic=0.1367
[21:09:37]     VAL PASS  DJ_SOUTH_AFRICA    rate_emb_z       lag= 14  m6_ic=0.0339
[21:09:38]     VAL PASS  DJ_SOUTH_AFRICA    rate_emb_z       lag= 30  m6_ic=0.0896
[21:09:38]     VAL PASS  DJ_SOUTH_AFRICA    sanctions_emb_z  lag=  7  m6_ic=0.0498
[21:09:38]     VAL PASS  DJ_SOUTH_AFRICA    inflation_emb_z  lag= 30  m6_ic=0.0759
[21:09:39]     VAL PASS  MSCI_WORLD         oil_emb_z        lag=  1  m6_ic=0.0462
[21:09:40]     VAL PASS  MSCI_WORLD         oil_emb_z        lag=  7  m6_ic=0.0908
[21:09:40]     VAL PASS  MSCI_WORLD         ruble_emb_z      lag= 14  m6_ic=0.0440
[21:09:41]     VAL PASS  MSCI_WORLD         ruble_emb_z      lag= 30  m6_ic=0.0365
[21:09:41]     VAL PASS  MSCI_WORLD         sanctions_emb_z  lag=  1  m6_ic=0.0409
[21:09:41]     VAL PASS  MSCI_WORLD         sanctions_emb_z  lag=  7  m6_ic=0.0357
[21:09:41]     VAL PASS  MSCI_WORLD         sanctions_emb_z  lag= 14  m6_ic=0.0331
[21:09:42]     VAL PASS  MSCI_WORLD         inflation_emb_z  lag= 14  m6_ic=0.0352
[21:09:42]     VAL PASS  MSCI_WORLD         banking_emb_z    lag=  7  m6_ic=0.0640
[21:09:42]     VAL PASS  MSCI_WORLD         banking_emb_z    lag= 14  m6_ic=0.1243
[21:09:42]     VAL PASS  DXY                oil_emb_z        lag=  1  m6_ic=0.0635
[21:09:43]     VAL PASS  DXY                oil_emb_z        lag=  7  m6_ic=0.1685
[21:09:43]     VAL PASS  DXY                oil_emb_z        lag= 14  m6_ic=0.0967
[21:09:43]     VAL PASS  DXY                rate_emb_z       lag=  1  m6_ic=0.0553
[21:09:44]     VAL PASS  DXY                ruble_emb_z      lag= 30  m6_ic=0.0502
[21:09:44]     VAL PASS  DXY                sanctions_emb_z  lag=  7  m6_ic=0.0833
[21:09:45]     VAL PASS  DXY                inflation_emb_z  lag=  1  m6_ic=0.0556
[21:09:45]     VAL PASS  DXY                inflation_emb_z  lag=  7  m6_ic=0.0368
[21:09:45]     VAL PASS  DXY                inflation_emb_z  lag= 14  m6_ic=0.0940
[21:09:45]     VAL PASS  DXY                inflation_emb_z  lag= 30  m6_ic=0.0626
[21:09:46]     VAL PASS  DXY                banking_emb_z    lag=  1  m6_ic=0.0705
[21:09:46]     VAL PASS  DXY                banking_emb_z    lag= 14  m6_ic=0.0573
[21:09:46]     VAL PASS  DXY                banking_emb_z    lag= 30  m6_ic=0.0425
[21:09:46]     VAL PASS  DXY                gold_emb_z       lag=  7  m6_ic=0.0819
[21:09:46]     VAL PASS  DXY                gold_emb_z       lag= 30  m6_ic=0.0566
[21:09:47]     VAL PASS  BRENT              oil_emb_z        lag=  1  m6_ic=0.0304
[21:09:47]     VAL PASS  BRENT              rate_emb_z       lag=  1  m6_ic=0.1163
[21:09:47]     VAL PASS  BRENT              rate_emb_z       lag=  7  m6_ic=0.0563
[21:09:47]     VAL PASS  BRENT              rate_emb_z       lag= 14  m6_ic=0.1027
[21:09:47]     VAL PASS  BRENT              rate_emb_z       lag= 30  m6_ic=0.0734
[21:09:48]     VAL PASS  BRENT              ruble_emb_z      lag=  7  m6_ic=0.0777
[21:09:48]     VAL PASS  BRENT              ruble_emb_z      lag= 14  m6_ic=0.0332
[21:09:48]     VAL PASS  BRENT              sanctions_emb_z  lag= 30  m6_ic=0.0513
[21:09:48]     VAL PASS  BRENT              inflation_emb_z  lag=  7  m6_ic=0.0633
[21:09:49]     VAL PASS  BRENT              inflation_emb_z  lag= 14  m6_ic=0.0515
[21:09:49]     VAL PASS  BRENT              inflation_emb_z  lag= 30  m6_ic=0.0483
[21:09:49]     VAL PASS  BRENT              gold_emb_z       lag=  1  m6_ic=0.0553
[21:09:49]     VAL PASS  BRENT              gold_emb_z       lag= 30  m6_ic=0.0526
[21:09:50]     VAL PASS  MSCI_INDIA         oil_emb_z        lag=  1  m6_ic=0.0567
[21:09:50]     VAL PASS  MSCI_INDIA         oil_emb_z        lag=  7  m6_ic=0.0505
[21:09:50]     VAL PASS  MSCI_INDIA         oil_emb_z        lag= 30  m6_ic=0.0644
[21:09:50]     VAL PASS  MSCI_INDIA         rate_emb_z       lag=  1  m6_ic=0.0332
[21:09:50]     VAL PASS  MSCI_INDIA         rate_emb_z       lag=  7  m6_ic=0.0467
[21:09:51]     VAL PASS  MSCI_INDIA         ruble_emb_z      lag=  1  m6_ic=0.0347
[21:09:51]     VAL PASS  MSCI_INDIA         ruble_emb_z      lag=  7  m6_ic=0.0358
[21:09:51]     VAL PASS  MSCI_INDIA         ruble_emb_z      lag= 30  m6_ic=0.0606
[21:09:52]     VAL PASS  MSCI_INDIA         inflation_emb_z  lag= 14  m6_ic=0.0461
[21:09:52]     VAL PASS  MSCI_INDIA         banking_emb_z    lag= 30  m6_ic=0.1817
[21:09:52]     VAL PASS  MSCI_INDIA         gold_emb_z       lag=  7  m6_ic=0.0711
[21:09:53]     VAL PASS  MSCI_INDIA         gold_emb_z       lag= 30  m6_ic=0.0423
[21:09:53]     VAL PASS  CHINA_H_SHARES     oil_emb_z        lag=  1  m6_ic=0.1001
[21:09:53]     VAL PASS  CHINA_H_SHARES     oil_emb_z        lag= 30  m6_ic=0.1111
[21:09:53]     VAL PASS  CHINA_H_SHARES     rate_emb_z       lag= 14  m6_ic=0.0510
[21:09:53]     VAL PASS  CHINA_H_SHARES     rate_emb_z       lag= 30  m6_ic=0.0523
[21:09:54]     VAL PASS  CHINA_H_SHARES     ruble_emb_z      lag= 14  m6_ic=0.1738
[21:09:54]     VAL PASS  CHINA_H_SHARES     sanctions_emb_z  lag=  1  m6_ic=0.0895
[21:09:54]     VAL PASS  CHINA_H_SHARES     sanctions_emb_z  lag=  7  m6_ic=0.0478
[21:09:55]     VAL PASS  CHINA_H_SHARES     sanctions_emb_z  lag= 30  m6_ic=0.0432
[21:09:55]     VAL PASS  CHINA_H_SHARES     inflation_emb_z  lag=  7  m6_ic=0.0842
[21:09:55]     VAL PASS  CHINA_H_SHARES     inflation_emb_z  lag= 14  m6_ic=0.0570
[21:09:56]     VAL PASS  CHINA_H_SHARES     gold_emb_z       lag=  7  m6_ic=0.1068
[21:09:56]     VAL PASS  FTSE_CHINA_50      oil_emb_z        lag=  1  m6_ic=0.0347
[21:09:56]     VAL PASS  FTSE_CHINA_50      rate_emb_z       lag=  7  m6_ic=0.0332
[21:09:57]     VAL PASS  FTSE_CHINA_50      rate_emb_z       lag= 30  m6_ic=0.1051
[21:09:57]     VAL PASS  FTSE_CHINA_50      ruble_emb_z      lag=  1  m6_ic=0.0499
[21:09:57]     VAL PASS  FTSE_CHINA_50      ruble_emb_z      lag= 14  m6_ic=0.0690
[21:09:58]     VAL PASS  FTSE_CHINA_50      ruble_emb_z      lag= 30  m6_ic=0.1288
[21:09:58]     VAL PASS  FTSE_CHINA_50      sanctions_emb_z  lag=  1  m6_ic=0.0728
[21:09:58]     VAL PASS  FTSE_CHINA_50      sanctions_emb_z  lag=  7  m6_ic=0.0415
[21:09:58]     VAL PASS  FTSE_CHINA_50      sanctions_emb_z  lag= 30  m6_ic=0.0469
[21:09:58]     VAL PASS  FTSE_CHINA_50      inflation_emb_z  lag=  7  m6_ic=0.0714
[21:09:59]     VAL PASS  FTSE_CHINA_50      inflation_emb_z  lag= 30  m6_ic=0.0422
[21:09:59]     VAL PASS  FTSE_CHINA_50      banking_emb_z    lag=  7  m6_ic=0.0385
[21:10:00]     VAL PASS  FTSE_CHINA_50      gold_emb_z       lag=  7  m6_ic=0.0346
[21:10:00]     VAL PASS  GOLD               oil_emb_z        lag= 30  m6_ic=0.1184
[21:10:00]     VAL PASS  GOLD               rate_emb_z       lag=  1  m6_ic=0.1016
[21:10:00]     VAL PASS  GOLD               rate_emb_z       lag= 14  m6_ic=0.0620
[21:10:01]     VAL PASS  GOLD               rate_emb_z       lag= 30  m6_ic=0.1201
[21:10:01]     VAL PASS  GOLD               ruble_emb_z      lag=  7  m6_ic=0.1107
[21:10:01]     VAL PASS  GOLD               ruble_emb_z      lag= 30  m6_ic=0.0372
[21:10:02]     VAL PASS  GOLD               sanctions_emb_z  lag= 30  m6_ic=0.0509
[21:10:02]     VAL PASS  GOLD               inflation_emb_z  lag=  1  m6_ic=0.1358
[21:10:02]     VAL PASS  GOLD               banking_emb_z    lag=  1  m6_ic=0.0501
[21:10:03]     VAL PASS  GOLD               banking_emb_z    lag= 14  m6_ic=0.0452
[21:10:03]     VAL PASS  GOLD               gold_emb_z       lag=  1  m6_ic=0.0508
[21:10:03]     VAL PASS  SILVER             oil_emb_z        lag=  1  m6_ic=0.0944
[21:10:03]     VAL PASS  SILVER             oil_emb_z        lag=  7  m6_ic=0.1289
[21:10:04]     VAL PASS  SILVER             rate_emb_z       lag=  1  m6_ic=0.0865
[21:10:04]     VAL PASS  SILVER             rate_emb_z       lag= 30  m6_ic=0.0674
[21:10:05]     VAL PASS  SILVER             ruble_emb_z      lag=  7  m6_ic=0.0392
[21:10:05]     VAL PASS  SILVER             ruble_emb_z      lag= 30  m6_ic=0.0486
[21:10:05]     VAL PASS  SILVER             sanctions_emb_z  lag= 14  m6_ic=0.0804
[21:10:06]     VAL PASS  SILVER             sanctions_emb_z  lag= 30  m6_ic=0.0535
[21:10:06]     VAL PASS  SILVER             inflation_emb_z  lag=  1  m6_ic=0.0496
[21:10:06]     VAL PASS  SILVER             inflation_emb_z  lag= 14  m6_ic=0.0556
[21:10:06]     VAL PASS  SILVER             inflation_emb_z  lag= 30  m6_ic=0.0598
[21:10:07]     VAL PASS  SILVER             gold_emb_z       lag= 14  m6_ic=0.1416
[21:10:07]     VAL PASS  IMOEX              oil_emb_z        lag=  7  m6_ic=0.0446
[21:10:07]     VAL PASS  IMOEX              rate_emb_z       lag= 14  m6_ic=0.1515
[21:10:08]     VAL PASS  IMOEX              rate_emb_z       lag= 30  m6_ic=0.1019
[21:10:08]     VAL PASS  IMOEX              ruble_emb_z      lag= 14  m6_ic=0.1229
[21:10:08]     VAL PASS  IMOEX              ruble_emb_z      lag= 30  m6_ic=0.1410
[21:10:09]     VAL PASS  IMOEX              sanctions_emb_z  lag=  7  m6_ic=0.0502
[21:10:09]     VAL PASS  IMOEX              sanctions_emb_z  lag= 14  m6_ic=0.1057
[21:10:09]     VAL PASS  IMOEX              sanctions_emb_z  lag= 30  m6_ic=0.0640
[21:10:09]     VAL PASS  IMOEX              inflation_emb_z  lag=  1  m6_ic=0.1056
[21:10:09]     VAL PASS  IMOEX              inflation_emb_z  lag=  7  m6_ic=0.0840
[21:10:10]     VAL PASS  IMOEX              inflation_emb_z  lag= 30  m6_ic=0.0374
[21:10:10]     VAL PASS  MOEXFN             rate_emb_z       lag= 14  m6_ic=0.1772
[21:10:11]     VAL PASS  MOEXFN             ruble_emb_z      lag=  1  m6_ic=0.0796
[21:10:11]     VAL PASS  MOEXFN             ruble_emb_z      lag= 14  m6_ic=0.1199
[21:10:11]     VAL PASS  MOEXFN             ruble_emb_z      lag= 30  m6_ic=0.1240
[21:10:11]     VAL PASS  MOEXFN             sanctions_emb_z  lag= 30  m6_ic=0.0366
[21:10:11]     VAL PASS  MOEXFN             inflation_emb_z  lag=  7  m6_ic=0.1169
[21:10:12]     VAL PASS  MOEXFN             inflation_emb_z  lag= 30  m6_ic=0.0446
[21:10:12]     VAL PASS  MOEXFN             banking_emb_z    lag= 30  m6_ic=0.0792
[21:10:13]     VAL PASS  MOEXOG             oil_emb_z        lag=  1  m6_ic=0.0416
[21:10:13]     VAL PASS  MOEXOG             oil_emb_z        lag=  7  m6_ic=0.0706
[21:10:13]     VAL PASS  MOEXOG             oil_emb_z        lag= 14  m6_ic=0.0718
[21:10:13]     VAL PASS  MOEXOG             oil_emb_z        lag= 30  m6_ic=0.0664
[21:10:13]     VAL PASS  MOEXOG             rate_emb_z       lag=  7  m6_ic=0.0349
[21:10:14]     VAL PASS  MOEXOG             rate_emb_z       lag= 14  m6_ic=0.1417
[21:10:14]     VAL PASS  MOEXOG             rate_emb_z       lag= 30  m6_ic=0.0866
[21:10:14]     VAL PASS  MOEXOG             ruble_emb_z      lag= 14  m6_ic=0.0964
[21:10:14]     VAL PASS  MOEXOG             ruble_emb_z      lag= 30  m6_ic=0.1103
[21:10:15]     VAL PASS  MOEXOG             inflation_emb_z  lag=  1  m6_ic=0.1491
[21:10:15]     VAL PASS  MOEXOG             inflation_emb_z  lag=  7  m6_ic=0.0409
[21:10:15]     VAL PASS  MOEXOG             inflation_emb_z  lag= 30  m6_ic=0.0399
[21:10:15]     VAL PASS  MOEXOG             banking_emb_z    lag= 30  m6_ic=0.0722
[21:10:15]     VAL PASS  MOEXOG             gold_emb_z       lag=  1  m6_ic=0.0892
[21:10:16]     VAL PASS  MOEXOG             gold_emb_z       lag= 14  m6_ic=0.0572
[21:10:16]     VAL PASS  MOEXOG             gold_emb_z       lag= 30  m6_ic=0.1562
[21:10:16]     VAL PASS  MOEX10             oil_emb_z        lag= 14  m6_ic=0.0816
[21:10:16]     VAL PASS  MOEX10             oil_emb_z        lag= 30  m6_ic=0.0310
[21:10:17]     VAL PASS  MOEX10             rate_emb_z       lag= 14  m6_ic=0.1497
[21:10:17]     VAL PASS  MOEX10             ruble_emb_z      lag=  1  m6_ic=0.0487
[21:10:17]     VAL PASS  MOEX10             ruble_emb_z      lag= 30  m6_ic=0.1278
[21:10:17]     VAL PASS  MOEX10             sanctions_emb_z  lag= 14  m6_ic=0.1211
[21:10:17]     VAL PASS  MOEX10             inflation_emb_z  lag=  1  m6_ic=0.1071
[21:10:18]     VAL PASS  MOEX10             inflation_emb_z  lag=  7  m6_ic=0.0961
[21:10:18]     VAL PASS  MOEX10             inflation_emb_z  lag= 14  m6_ic=0.0450
[21:10:18]     VAL PASS  MOEX10             banking_emb_z    lag= 14  m6_ic=0.0410
[21:10:18]     VAL PASS  MOEX10             banking_emb_z    lag= 30  m6_ic=0.0736
[21:10:18]     VAL PASS  MOEX10             gold_emb_z       lag= 30  m6_ic=0.0702
[21:10:18]     Val: 185/260 held
[21:10:18]   → train=260  val=185  max_ic=0.1514  score=2763.2
[21:10:18] 
============================================================
[21:10:18] FINAL REPORT
[21:10:18] ============================================================
[21:10:19] Report: C:\project\signal_mind\analytics\phase_b\night_search\night_report_20260520_203734.md
[21:10:20] Hits CSV: C:\project\signal_mind\analytics\phase_b\night_search\night_hits_20260520_203734.csv
[21:10:20] 
[15/15] sweep_embedding_z90_vol_5d  (budget=447min)
[21:10:20]   Config: sweep_embedding_z90_vol_5d
[21:10:20]     feature=embedding_z90  target=vol_5d  ensemble=M6_only  ic_min=0.03
[21:10:20]   HIT  SP500              oil_emb_z        lag=  1 m5_p=0.7065  m6_ic=0.0758
[21:10:20]   HIT  SP500              oil_emb_z        lag=  7 m5_p=0.8172  m6_ic=0.0393
[21:10:20]   HIT  SP500              oil_emb_z        lag= 14 m5_p=0.0828  m6_ic=0.0797
[21:10:20]   HIT  SP500              oil_emb_z        lag= 30 m5_p=0.4790  m6_ic=0.0367
[21:10:21]   HIT  SP500              rate_emb_z       lag= 14 m5_p=0.3951  m6_ic=0.0349
[21:10:21]   HIT  SP500              rate_emb_z       lag= 30 m5_p=0.3930  m6_ic=0.0493
[21:10:21]   HIT  SP500              ruble_emb_z      lag=  1 m5_p=0.0528  m6_ic=0.0345
[21:10:22]   HIT  SP500              ruble_emb_z      lag=  7 m5_p=0.2303  m6_ic=0.0322
[21:10:22]   HIT  SP500              ruble_emb_z      lag= 30 m5_p=0.1561  m6_ic=0.0656
[21:10:22]   HIT  SP500              sanctions_emb_z  lag=  7 m5_p=0.0507  m6_ic=0.0406
[21:10:23]   HIT  SP500              sanctions_emb_z  lag= 14 m5_p=0.7268  m6_ic=0.0771
[21:10:23]   HIT  SP500              sanctions_emb_z  lag= 30 m5_p=0.3147  m6_ic=0.0317
[21:10:23]   HIT  SP500              inflation_emb_z  lag=  1 m5_p=0.6456  m6_ic=0.0562
[21:10:24]   HIT  SP500              inflation_emb_z  lag= 14 m5_p=0.2256  m6_ic=0.0719
[21:10:25]   HIT  SP500              gold_emb_z       lag=  1 m5_p=0.7799  m6_ic=0.0570
[21:10:25]   HIT  SP500              gold_emb_z       lag= 14 m5_p=0.3237  m6_ic=0.0434
[21:10:25]   HIT  SP500              gold_emb_z       lag= 30 m5_p=0.7182  m6_ic=0.0535
[21:10:26]   HIT  USD_RUB            rate_emb_z       lag=  1 m5_p=0.1612  m6_ic=0.0426
[21:10:27]   HIT  USD_RUB            rate_emb_z       lag=  7 m5_p=0.0977  m6_ic=0.0986
[21:10:27]   HIT  USD_RUB            rate_emb_z       lag= 14 m5_p=0.0392  m6_ic=0.0645
[21:10:27]   HIT  USD_RUB            ruble_emb_z      lag=  1 m5_p=0.1687  m6_ic=0.0304
[21:10:27]   HIT  USD_RUB            ruble_emb_z      lag= 14 m5_p=0.1574  m6_ic=0.0438
[21:10:28]   HIT  USD_RUB            ruble_emb_z      lag= 30 m5_p=0.7797  m6_ic=0.0355
[21:10:28]   HIT  USD_RUB            sanctions_emb_z  lag=  7 m5_p=0.8898  m6_ic=0.0510
[21:10:29]   HIT  USD_RUB            sanctions_emb_z  lag= 30 m5_p=0.4128  m6_ic=0.0490
[21:10:29]   HIT  USD_RUB            inflation_emb_z  lag=  1 m5_p=0.0553  m6_ic=0.0413
[21:10:29]   HIT  USD_RUB            inflation_emb_z  lag=  7 m5_p=0.7697  m6_ic=0.0331
[21:10:29]   HIT  USD_RUB            inflation_emb_z  lag= 14 m5_p=0.8057  m6_ic=0.0337
[21:10:29]   HIT  USD_RUB            inflation_emb_z  lag= 30 m5_p=0.5802  m6_ic=0.0884
[21:10:29]   HIT  USD_RUB            banking_emb_z    lag=  1 m5_p=0.9126  m6_ic=0.0434
[21:10:30]   HIT  USD_RUB            banking_emb_z    lag=  7 m5_p=0.6943  m6_ic=0.1137
[21:10:30]   HIT  USD_RUB            banking_emb_z    lag= 14 m5_p=0.8123  m6_ic=0.0337
[21:10:30]   HIT  USD_RUB            gold_emb_z       lag=  1 m5_p=0.5974  m6_ic=0.0501
[21:10:30]   HIT  USD_RUB            gold_emb_z       lag=  7 m5_p=0.7851  m6_ic=0.1043
[21:10:31]   HIT  USD_RUB            gold_emb_z       lag= 30 m5_p=0.2632  m6_ic=0.0432
[21:10:32]   HIT  EUR_RUB            rate_emb_z       lag=  1 m5_p=0.1612  m6_ic=0.0426
[21:10:32]   HIT  EUR_RUB            rate_emb_z       lag=  7 m5_p=0.0977  m6_ic=0.0986
[21:10:32]   HIT  EUR_RUB            rate_emb_z       lag= 14 m5_p=0.0392  m6_ic=0.0645
[21:10:33]   HIT  EUR_RUB            ruble_emb_z      lag=  1 m5_p=0.1687  m6_ic=0.0304
[21:10:33]   HIT  EUR_RUB            ruble_emb_z      lag= 14 m5_p=0.1574  m6_ic=0.0438
[21:10:33]   HIT  EUR_RUB            ruble_emb_z      lag= 30 m5_p=0.7797  m6_ic=0.0355
[21:10:34]   HIT  EUR_RUB            sanctions_emb_z  lag=  7 m5_p=0.8898  m6_ic=0.0510
[21:10:34]   HIT  EUR_RUB            sanctions_emb_z  lag= 30 m5_p=0.4128  m6_ic=0.0490
[21:10:34]   HIT  EUR_RUB            inflation_emb_z  lag=  1 m5_p=0.0553  m6_ic=0.0413
[21:10:34]   HIT  EUR_RUB            inflation_emb_z  lag=  7 m5_p=0.7697  m6_ic=0.0331
[21:10:35]   HIT  EUR_RUB            inflation_emb_z  lag= 14 m5_p=0.8057  m6_ic=0.0337
[21:10:35]   HIT  EUR_RUB            inflation_emb_z  lag= 30 m5_p=0.5802  m6_ic=0.0884
[21:10:35]   HIT  EUR_RUB            banking_emb_z    lag=  1 m5_p=0.9126  m6_ic=0.0434
[21:10:35]   HIT  EUR_RUB            banking_emb_z    lag=  7 m5_p=0.6943  m6_ic=0.1137
[21:10:35]   HIT  EUR_RUB            banking_emb_z    lag= 14 m5_p=0.8123  m6_ic=0.0337
[21:10:36]   HIT  EUR_RUB            gold_emb_z       lag=  1 m5_p=0.5974  m6_ic=0.0501
[21:10:36]   HIT  EUR_RUB            gold_emb_z       lag=  7 m5_p=0.7851  m6_ic=0.1043
[21:10:37]   HIT  EUR_RUB            gold_emb_z       lag= 30 m5_p=0.2632  m6_ic=0.0432
[21:10:37]   HIT  DJ_SOUTH_AFRICA    oil_emb_z        lag=  1 m5_p=0.8221  m6_ic=0.1124
[21:10:37]   HIT  DJ_SOUTH_AFRICA    oil_emb_z        lag= 30 m5_p=0.6389  m6_ic=0.1014
[21:10:38]   HIT  DJ_SOUTH_AFRICA    rate_emb_z       lag= 14 m5_p=0.5234  m6_ic=0.0418
[21:10:38]   HIT  DJ_SOUTH_AFRICA    rate_emb_z       lag= 30 m5_p=0.3592  m6_ic=0.0611
[21:10:39]   HIT  DJ_SOUTH_AFRICA    sanctions_emb_z  lag=  7 m5_p=0.0434  m6_ic=0.0670
[21:10:40]   HIT  DJ_SOUTH_AFRICA    inflation_emb_z  lag=  1 m5_p=0.3201  m6_ic=0.0449
[21:10:41]   HIT  DJ_SOUTH_AFRICA    inflation_emb_z  lag= 30 m5_p=0.8809  m6_ic=0.0922
[21:10:41]   HIT  DJ_SOUTH_AFRICA    banking_emb_z    lag=  1 m5_p=0.3918  m6_ic=0.0604
[21:10:41]   HIT  DJ_SOUTH_AFRICA    banking_emb_z    lag= 14 m5_p=0.5033  m6_ic=0.0547
[21:10:41]   HIT  DJ_SOUTH_AFRICA    banking_emb_z    lag= 30 m5_p=0.6983  m6_ic=0.0314
[21:10:42]   HIT  DJ_SOUTH_AFRICA    gold_emb_z       lag=  7 m5_p=0.2064  m6_ic=0.0798
[21:10:42]   HIT  MSCI_WORLD         oil_emb_z        lag=  1 m5_p=0.2689  m6_ic=0.1514
[21:10:43]   HIT  MSCI_WORLD         oil_emb_z        lag=  7 m5_p=0.2210  m6_ic=0.0657
[21:10:43]   HIT  MSCI_WORLD         rate_emb_z       lag=  7 m5_p=0.1228  m6_ic=0.0539
[21:10:44]   HIT  MSCI_WORLD         rate_emb_z       lag= 14 m5_p=0.1286  m6_ic=0.0381
[21:10:44]   HIT  MSCI_WORLD         ruble_emb_z      lag=  1 m5_p=0.1664  m6_ic=0.0711
[21:10:44]   HIT  MSCI_WORLD         ruble_emb_z      lag= 14 m5_p=0.9920  m6_ic=0.0324
[21:10:45]   HIT  MSCI_WORLD         ruble_emb_z      lag= 30 m5_p=0.4841  m6_ic=0.0353
[21:10:45]   HIT  MSCI_WORLD         sanctions_emb_z  lag=  1 m5_p=0.5408  m6_ic=0.0361
[21:10:45]   HIT  MSCI_WORLD         sanctions_emb_z  lag=  7 m5_p=0.5700  m6_ic=0.0598
[21:10:45]   HIT  MSCI_WORLD         sanctions_emb_z  lag= 14 m5_p=0.9735  m6_ic=0.0894
[21:10:46]   HIT  MSCI_WORLD         inflation_emb_z  lag=  7 m5_p=0.8886  m6_ic=0.0742
[21:10:46]   HIT  MSCI_WORLD         inflation_emb_z  lag= 14 m5_p=0.7276  m6_ic=0.0477
[21:10:46]   HIT  MSCI_WORLD         inflation_emb_z  lag= 30 m5_p=0.9393  m6_ic=0.0709
[21:10:47]   HIT  MSCI_WORLD         banking_emb_z    lag=  7 m5_p=0.6228  m6_ic=0.0597
[21:10:47]   HIT  MSCI_WORLD         banking_emb_z    lag= 14 m5_p=0.1712  m6_ic=0.0603
[21:10:47]   HIT  MSCI_WORLD         gold_emb_z       lag=  1 m5_p=0.6457  m6_ic=0.0383
[21:10:48]   HIT  DXY                oil_emb_z        lag=  1 m5_p=0.4736  m6_ic=0.0546
[21:10:48]   HIT  DXY                oil_emb_z        lag=  7 m5_p=0.4423  m6_ic=0.0927
[21:10:48]   HIT  DXY                oil_emb_z        lag= 14 m5_p=0.6408  m6_ic=0.0967
[21:10:49]   HIT  DXY                rate_emb_z       lag=  1 m5_p=0.8266  m6_ic=0.0799
[21:10:49]   HIT  DXY                rate_emb_z       lag= 14 m5_p=0.0288  m6_ic=0.0476
[21:10:50]   HIT  DXY                rate_emb_z       lag= 30 m5_p=0.3048  m6_ic=0.1179
[21:10:50]   HIT  DXY                ruble_emb_z      lag= 14 m5_p=0.8457  m6_ic=0.0645
[21:10:50]   HIT  DXY                ruble_emb_z      lag= 30 m5_p=0.5505  m6_ic=0.0900
[21:10:51]   HIT  DXY                sanctions_emb_z  lag=  7 m5_p=0.7069  m6_ic=0.0317
[21:10:51]   HIT  DXY                sanctions_emb_z  lag= 14 m5_p=0.4139  m6_ic=0.0336
[21:10:51]   HIT  DXY                sanctions_emb_z  lag= 30 m5_p=0.7200  m6_ic=0.0340
[21:10:51]   HIT  DXY                inflation_emb_z  lag=  1 m5_p=0.4382  m6_ic=0.0632
[21:10:52]   HIT  DXY                inflation_emb_z  lag=  7 m5_p=0.2982  m6_ic=0.0526
[21:10:52]   HIT  DXY                inflation_emb_z  lag= 14 m5_p=0.3512  m6_ic=0.0762
[21:10:52]   HIT  DXY                inflation_emb_z  lag= 30 m5_p=0.9893  m6_ic=0.0311
[21:10:52]   HIT  DXY                banking_emb_z    lag=  1 m5_p=0.3739  m6_ic=0.0356
[21:10:53]   HIT  DXY                banking_emb_z    lag= 14 m5_p=0.5128  m6_ic=0.0831
[21:10:53]   HIT  DXY                banking_emb_z    lag= 30 m5_p=0.7877  m6_ic=0.0443
[21:10:53]   HIT  DXY                gold_emb_z       lag=  7 m5_p=0.9712  m6_ic=0.0320
[21:10:54]   HIT  DXY                gold_emb_z       lag= 30 m5_p=0.9228  m6_ic=0.0432
[21:10:54]   HIT  BRENT              oil_emb_z        lag=  1 m5_p=0.1011  m6_ic=0.0347
[21:10:55]   HIT  BRENT              rate_emb_z       lag=  1 m5_p=0.4142  m6_ic=0.0450
[21:10:55]   HIT  BRENT              rate_emb_z       lag=  7 m5_p=0.3267  m6_ic=0.0813
[21:10:55]   HIT  BRENT              rate_emb_z       lag= 14 m5_p=0.9474  m6_ic=0.0788
[21:10:55]   HIT  BRENT              rate_emb_z       lag= 30 m5_p=0.3689  m6_ic=0.0331
[21:10:56]   HIT  BRENT              ruble_emb_z      lag=  7 m5_p=0.1636  m6_ic=0.0421
[21:10:56]   HIT  BRENT              ruble_emb_z      lag= 14 m5_p=0.6055  m6_ic=0.0882
[21:10:56]   HIT  BRENT              sanctions_emb_z  lag=  7 m5_p=0.3355  m6_ic=0.0415
[21:10:57]   HIT  BRENT              sanctions_emb_z  lag= 30 m5_p=0.7604  m6_ic=0.1134
[21:10:57]   HIT  BRENT              inflation_emb_z  lag=  7 m5_p=0.1354  m6_ic=0.1402
[21:10:57]   HIT  BRENT              inflation_emb_z  lag= 14 m5_p=0.4514  m6_ic=0.0348
[21:10:58]   HIT  BRENT              inflation_emb_z  lag= 30 m5_p=0.4299  m6_ic=0.0383
[21:10:58]   HIT  BRENT              banking_emb_z    lag=  1 m5_p=0.8689  m6_ic=0.1221
[21:10:59]   HIT  BRENT              gold_emb_z       lag=  1 m5_p=0.6198  m6_ic=0.0328
[21:10:59]   HIT  BRENT              gold_emb_z       lag= 30 m5_p=0.3724  m6_ic=0.0887
[21:11:00]   HIT  MSCI_INDIA         oil_emb_z        lag=  1 m5_p=0.6784  m6_ic=0.0840
[21:11:00]   HIT  MSCI_INDIA         oil_emb_z        lag=  7 m5_p=0.0789  m6_ic=0.0701
[21:11:00]   HIT  MSCI_INDIA         oil_emb_z        lag= 30 m5_p=0.9424  m6_ic=0.0797
[21:11:00]   HIT  MSCI_INDIA         rate_emb_z       lag=  1 m5_p=0.1855  m6_ic=0.0719
[21:11:01]   HIT  MSCI_INDIA         rate_emb_z       lag=  7 m5_p=0.9259  m6_ic=0.0988
[21:11:01]   HIT  MSCI_INDIA         ruble_emb_z      lag=  1 m5_p=0.5372  m6_ic=0.0638
[21:11:01]   HIT  MSCI_INDIA         ruble_emb_z      lag=  7 m5_p=0.3100  m6_ic=0.0367
[21:11:02]   HIT  MSCI_INDIA         ruble_emb_z      lag= 30 m5_p=0.1705  m6_ic=0.0686
[21:11:02]   HIT  MSCI_INDIA         sanctions_emb_z  lag=  1 m5_p=0.5988  m6_ic=0.0495
[21:11:02]   HIT  MSCI_INDIA         sanctions_emb_z  lag=  7 m5_p=0.8932  m6_ic=0.0586
[21:11:03]   HIT  MSCI_INDIA         inflation_emb_z  lag= 14 m5_p=0.0209  m6_ic=0.0699
[21:11:04]   HIT  MSCI_INDIA         banking_emb_z    lag= 30 m5_p=0.9294  m6_ic=0.0577
[21:11:04]   HIT  MSCI_INDIA         gold_emb_z       lag=  1 m5_p=0.6979  m6_ic=0.0594
[21:11:05]   HIT  MSCI_INDIA         gold_emb_z       lag=  7 m5_p=0.5940  m6_ic=0.0545
[21:11:05]   HIT  MSCI_INDIA         gold_emb_z       lag= 30 m5_p=0.8681  m6_ic=0.0582
[21:11:05]   HIT  CHINA_H_SHARES     oil_emb_z        lag=  1 m5_p=0.9893  m6_ic=0.0724
[21:11:06]   HIT  CHINA_H_SHARES     oil_emb_z        lag= 30 m5_p=0.7057  m6_ic=0.0362
[21:11:06]   HIT  CHINA_H_SHARES     rate_emb_z       lag= 14 m5_p=0.0364  m6_ic=0.0403
[21:11:07]   HIT  CHINA_H_SHARES     rate_emb_z       lag= 30 m5_p=0.4860  m6_ic=0.0910
[21:11:07]   HIT  CHINA_H_SHARES     ruble_emb_z      lag=  1 m5_p=0.1288  m6_ic=0.0651
[21:11:07]   HIT  CHINA_H_SHARES     ruble_emb_z      lag=  7 m5_p=0.0258  m6_ic=0.0937
[21:11:07]   HIT  CHINA_H_SHARES     ruble_emb_z      lag= 14 m5_p=0.6639  m6_ic=0.0697
[21:11:07]   HIT  CHINA_H_SHARES     ruble_emb_z      lag= 30 m5_p=0.8530  m6_ic=0.0383
[21:11:08]   HIT  CHINA_H_SHARES     sanctions_emb_z  lag=  1 m5_p=0.4712  m6_ic=0.0567
[21:11:08]   HIT  CHINA_H_SHARES     sanctions_emb_z  lag=  7 m5_p=0.4604  m6_ic=0.0971
[21:11:08]   HIT  CHINA_H_SHARES     sanctions_emb_z  lag= 30 m5_p=0.9912  m6_ic=0.0599
[21:11:08]   HIT  CHINA_H_SHARES     inflation_emb_z  lag=  7 m5_p=0.9088  m6_ic=0.0790
[21:11:09]   HIT  CHINA_H_SHARES     inflation_emb_z  lag= 14 m5_p=0.0994  m6_ic=0.0681
[21:11:09]   HIT  CHINA_H_SHARES     inflation_emb_z  lag= 30 m5_p=0.6375  m6_ic=0.0694
[21:11:09]   HIT  CHINA_H_SHARES     banking_emb_z    lag=  1 m5_p=0.9391  m6_ic=0.0503
[21:11:09]   HIT  CHINA_H_SHARES     banking_emb_z    lag=  7 m5_p=0.8681  m6_ic=0.0387
[21:11:09]   HIT  CHINA_H_SHARES     banking_emb_z    lag= 14 m5_p=0.8741  m6_ic=0.1206
[21:11:10]   HIT  CHINA_H_SHARES     gold_emb_z       lag=  7 m5_p=0.9698  m6_ic=0.0383
[21:11:11]   HIT  FTSE_CHINA_50      oil_emb_z        lag=  1 m5_p=0.8491  m6_ic=0.0405
[21:11:12]   HIT  FTSE_CHINA_50      rate_emb_z       lag=  7 m5_p=0.7444  m6_ic=0.0365
[21:11:12]   HIT  FTSE_CHINA_50      rate_emb_z       lag= 14 m5_p=0.0357  m6_ic=0.0421
[21:11:12]   HIT  FTSE_CHINA_50      rate_emb_z       lag= 30 m5_p=0.3121  m6_ic=0.0740
[21:11:12]   HIT  FTSE_CHINA_50      ruble_emb_z      lag=  1 m5_p=0.0784  m6_ic=0.0809
[21:11:12]   HIT  FTSE_CHINA_50      ruble_emb_z      lag=  7 m5_p=0.0464  m6_ic=0.0841
[21:11:13]   HIT  FTSE_CHINA_50      ruble_emb_z      lag= 14 m5_p=0.6174  m6_ic=0.0732
[21:11:13]   HIT  FTSE_CHINA_50      ruble_emb_z      lag= 30 m5_p=0.8329  m6_ic=0.0443
[21:11:13]   HIT  FTSE_CHINA_50      sanctions_emb_z  lag=  1 m5_p=0.3410  m6_ic=0.0346
[21:11:13]   HIT  FTSE_CHINA_50      sanctions_emb_z  lag=  7 m5_p=0.5076  m6_ic=0.0943
[21:11:14]   HIT  FTSE_CHINA_50      sanctions_emb_z  lag= 30 m5_p=0.8105  m6_ic=0.0432
[21:11:14]   HIT  FTSE_CHINA_50      inflation_emb_z  lag=  7 m5_p=0.9227  m6_ic=0.0687
[21:11:14]   HIT  FTSE_CHINA_50      inflation_emb_z  lag= 14 m5_p=0.0992  m6_ic=0.0651
[21:11:14]   HIT  FTSE_CHINA_50      inflation_emb_z  lag= 30 m5_p=0.5427  m6_ic=0.0894
[21:11:15]   HIT  FTSE_CHINA_50      banking_emb_z    lag=  1 m5_p=0.9363  m6_ic=0.0318
[21:11:15]   HIT  FTSE_CHINA_50      banking_emb_z    lag=  7 m5_p=0.6325  m6_ic=0.0315
[21:11:15]   HIT  FTSE_CHINA_50      banking_emb_z    lag= 14 m5_p=0.7967  m6_ic=0.1036
[21:11:16]   HIT  FTSE_CHINA_50      gold_emb_z       lag=  7 m5_p=0.7251  m6_ic=0.0612
[21:11:17]   HIT  GOLD               oil_emb_z        lag= 14 m5_p=0.2620  m6_ic=0.0581
[21:11:17]   HIT  GOLD               oil_emb_z        lag= 30 m5_p=0.6483  m6_ic=0.0605
[21:11:17]   HIT  GOLD               rate_emb_z       lag=  1 m5_p=0.7457  m6_ic=0.0963
[21:11:17]   HIT  GOLD               rate_emb_z       lag= 14 m5_p=0.3958  m6_ic=0.0432
[21:11:18]   HIT  GOLD               rate_emb_z       lag= 30 m5_p=0.9518  m6_ic=0.1247
[21:11:18]   HIT  GOLD               ruble_emb_z      lag=  7 m5_p=0.1019  m6_ic=0.0459
[21:11:18]   HIT  GOLD               ruble_emb_z      lag= 14 m5_p=0.6285  m6_ic=0.0650
[21:11:18]   HIT  GOLD               ruble_emb_z      lag= 30 m5_p=0.9995  m6_ic=0.0908
[21:11:18]   HIT  GOLD               sanctions_emb_z  lag=  1 m5_p=0.6497  m6_ic=0.0709
[21:11:19]   HIT  GOLD               sanctions_emb_z  lag= 14 m5_p=0.2963  m6_ic=0.0583
[21:11:19]   HIT  GOLD               sanctions_emb_z  lag= 30 m5_p=0.9756  m6_ic=0.0771
[21:11:19]   HIT  GOLD               inflation_emb_z  lag=  1 m5_p=0.8350  m6_ic=0.1288
[21:11:20]   HIT  GOLD               inflation_emb_z  lag= 14 m5_p=0.7996  m6_ic=0.0665
[21:11:20]   HIT  GOLD               banking_emb_z    lag=  1 m5_p=0.1266  m6_ic=0.0524
[21:11:20]   HIT  GOLD               banking_emb_z    lag= 14 m5_p=0.4410  m6_ic=0.0481
[21:11:21]   HIT  GOLD               gold_emb_z       lag=  1 m5_p=0.6920  m6_ic=0.0673
[21:11:21]   HIT  GOLD               gold_emb_z       lag=  7 m5_p=0.5645  m6_ic=0.1370
[21:11:21]   HIT  GOLD               gold_emb_z       lag= 30 m5_p=0.4815  m6_ic=0.0461
[21:11:22]   HIT  SILVER             oil_emb_z        lag=  1 m5_p=0.6895  m6_ic=0.0366
[21:11:22]   HIT  SILVER             oil_emb_z        lag=  7 m5_p=0.4870  m6_ic=0.0364
[21:11:22]   HIT  SILVER             oil_emb_z        lag= 14 m5_p=0.9875  m6_ic=0.0543
[21:11:22]   HIT  SILVER             rate_emb_z       lag=  1 m5_p=0.7504  m6_ic=0.0501
[21:11:22]   HIT  SILVER             rate_emb_z       lag=  7 m5_p=0.1456  m6_ic=0.0333
[21:11:23]   HIT  SILVER             rate_emb_z       lag= 30 m5_p=0.7659  m6_ic=0.0507
[21:11:23]   HIT  SILVER             ruble_emb_z      lag=  1 m5_p=0.4948  m6_ic=0.0589
[21:11:23]   HIT  SILVER             ruble_emb_z      lag=  7 m5_p=0.4274  m6_ic=0.1058
[21:11:23]   HIT  SILVER             ruble_emb_z      lag= 14 m5_p=0.4557  m6_ic=0.0451
[21:11:24]   HIT  SILVER             ruble_emb_z      lag= 30 m5_p=0.9529  m6_ic=0.0911
[21:11:24]   HIT  SILVER             sanctions_emb_z  lag=  1 m5_p=0.8650  m6_ic=0.0795
[21:11:24]   HIT  SILVER             sanctions_emb_z  lag= 14 m5_p=0.6519  m6_ic=0.0563
[21:11:24]   HIT  SILVER             sanctions_emb_z  lag= 30 m5_p=0.2999  m6_ic=0.0628
[21:11:25]   HIT  SILVER             inflation_emb_z  lag=  1 m5_p=0.5365  m6_ic=0.0332
[21:11:25]   HIT  SILVER             inflation_emb_z  lag= 14 m5_p=0.4693  m6_ic=0.0385
[21:11:25]   HIT  SILVER             inflation_emb_z  lag= 30 m5_p=0.3962  m6_ic=0.0404
[21:11:26]   HIT  SILVER             gold_emb_z       lag=  1 m5_p=0.7854  m6_ic=0.0433
[21:11:26]   HIT  SILVER             gold_emb_z       lag=  7 m5_p=0.2833  m6_ic=0.0583
[21:11:27]   HIT  SILVER             gold_emb_z       lag= 14 m5_p=0.9673  m6_ic=0.0550
[21:11:27]   HIT  IMOEX              oil_emb_z        lag=  7 m5_p=0.0775  m6_ic=0.0426
[21:11:28]   HIT  IMOEX              rate_emb_z       lag=  7 m5_p=0.2090  m6_ic=0.0853
[21:11:28]   HIT  IMOEX              rate_emb_z       lag= 14 m5_p=0.4143  m6_ic=0.0941
[21:11:28]   HIT  IMOEX              rate_emb_z       lag= 30 m5_p=0.6379  m6_ic=0.0740
[21:11:29]   HIT  IMOEX              ruble_emb_z      lag=  7 m5_p=0.8983  m6_ic=0.0365
[21:11:29]   HIT  IMOEX              ruble_emb_z      lag= 14 m5_p=0.5601  m6_ic=0.0870
[21:11:29]   HIT  IMOEX              ruble_emb_z      lag= 30 m5_p=0.4858  m6_ic=0.1052
[21:11:29]   HIT  IMOEX              sanctions_emb_z  lag=  1 m5_p=0.8655  m6_ic=0.0635
[21:11:29]   HIT  IMOEX              sanctions_emb_z  lag=  7 m5_p=0.1284  m6_ic=0.0402
[21:11:30]   HIT  IMOEX              sanctions_emb_z  lag= 14 m5_p=0.3439  m6_ic=0.0984
[21:11:30]   HIT  IMOEX              sanctions_emb_z  lag= 30 m5_p=0.2528  m6_ic=0.0877
[21:11:30]   HIT  IMOEX              inflation_emb_z  lag=  1 m5_p=0.2269  m6_ic=0.0885
[21:11:30]   HIT  IMOEX              inflation_emb_z  lag=  7 m5_p=0.4770  m6_ic=0.0760
[21:11:31]   HIT  IMOEX              inflation_emb_z  lag= 30 m5_p=0.2827  m6_ic=0.0794
[21:11:31]   HIT  IMOEX              banking_emb_z    lag=  7 m5_p=0.4350  m6_ic=0.0478
[21:11:33]   HIT  MOEXFN             oil_emb_z        lag=  7 m5_p=0.1384  m6_ic=0.0418
[21:11:33]   HIT  MOEXFN             oil_emb_z        lag= 30 m5_p=0.3234  m6_ic=0.1036
[21:11:33]   HIT  MOEXFN             rate_emb_z       lag= 14 m5_p=0.1283  m6_ic=0.0745
[21:11:34]   HIT  MOEXFN             ruble_emb_z      lag=  1 m5_p=0.1970  m6_ic=0.0331
[21:11:34]   HIT  MOEXFN             ruble_emb_z      lag= 14 m5_p=0.9925  m6_ic=0.0471
[21:11:34]   HIT  MOEXFN             ruble_emb_z      lag= 30 m5_p=0.8908  m6_ic=0.0996
[21:11:35]   HIT  MOEXFN             sanctions_emb_z  lag= 30 m5_p=0.3830  m6_ic=0.0520
[21:11:36]   HIT  MOEXFN             inflation_emb_z  lag=  7 m5_p=0.4968  m6_ic=0.1050
[21:11:36]   HIT  MOEXFN             inflation_emb_z  lag= 14 m5_p=0.9658  m6_ic=0.0334
[21:11:36]   HIT  MOEXFN             inflation_emb_z  lag= 30 m5_p=0.6884  m6_ic=0.0354
[21:11:37]   HIT  MOEXFN             banking_emb_z    lag= 30 m5_p=0.7341  m6_ic=0.0503
[21:11:37]   HIT  MOEXFN             gold_emb_z       lag= 14 m5_p=0.2758  m6_ic=0.0430
[21:11:38]   HIT  MOEXOG             oil_emb_z        lag=  1 m5_p=0.7135  m6_ic=0.0718
[21:11:38]   HIT  MOEXOG             oil_emb_z        lag=  7 m5_p=0.0733  m6_ic=0.1059
[21:11:38]   HIT  MOEXOG             oil_emb_z        lag= 14 m5_p=0.9043  m6_ic=0.0620
[21:11:38]   HIT  MOEXOG             oil_emb_z        lag= 30 m5_p=0.1069  m6_ic=0.0736
[21:11:39]   HIT  MOEXOG             rate_emb_z       lag=  7 m5_p=0.0755  m6_ic=0.0722
[21:11:39]   HIT  MOEXOG             rate_emb_z       lag= 14 m5_p=0.6295  m6_ic=0.1002
[21:11:39]   HIT  MOEXOG             rate_emb_z       lag= 30 m5_p=0.4671  m6_ic=0.0770
[21:11:40]   HIT  MOEXOG             ruble_emb_z      lag= 14 m5_p=0.7797  m6_ic=0.0519
[21:11:40]   HIT  MOEXOG             ruble_emb_z      lag= 30 m5_p=0.1859  m6_ic=0.0760
[21:11:40]   HIT  MOEXOG             sanctions_emb_z  lag=  7 m5_p=0.2161  m6_ic=0.0405
[21:11:41]   HIT  MOEXOG             inflation_emb_z  lag=  1 m5_p=0.1669  m6_ic=0.0863
[21:11:41]   HIT  MOEXOG             inflation_emb_z  lag=  7 m5_p=0.4320  m6_ic=0.0360
[21:11:42]   HIT  MOEXOG             inflation_emb_z  lag= 30 m5_p=0.3389  m6_ic=0.0472
[21:11:42]   HIT  MOEXOG             banking_emb_z    lag= 30 m5_p=0.7124  m6_ic=0.0584
[21:11:43]   HIT  MOEXOG             gold_emb_z       lag=  1 m5_p=0.6755  m6_ic=0.0347
[21:11:43]   HIT  MOEXOG             gold_emb_z       lag=  7 m5_p=0.2092  m6_ic=0.0829
[21:11:43]   HIT  MOEXOG             gold_emb_z       lag= 14 m5_p=0.4845  m6_ic=0.0778
[21:11:43]   HIT  MOEXOG             gold_emb_z       lag= 30 m5_p=0.5771  m6_ic=0.0319
[21:11:44]   HIT  MOEX10             oil_emb_z        lag= 14 m5_p=0.7244  m6_ic=0.0301
[21:11:44]   HIT  MOEX10             oil_emb_z        lag= 30 m5_p=0.1532  m6_ic=0.0940
[21:11:45]   HIT  MOEX10             rate_emb_z       lag= 14 m5_p=0.5362  m6_ic=0.0615
[21:11:45]   HIT  MOEX10             ruble_emb_z      lag=  1 m5_p=0.2101  m6_ic=0.0667
[21:11:46]   HIT  MOEX10             ruble_emb_z      lag= 30 m5_p=0.1711  m6_ic=0.0947
[21:11:46]   HIT  MOEX10             sanctions_emb_z  lag= 14 m5_p=0.1501  m6_ic=0.0430
[21:11:47]   HIT  MOEX10             inflation_emb_z  lag=  1 m5_p=0.2963  m6_ic=0.0465
[21:11:47]   HIT  MOEX10             inflation_emb_z  lag=  7 m5_p=0.4887  m6_ic=0.0685
[21:11:47]   HIT  MOEX10             inflation_emb_z  lag= 14 m5_p=0.8985  m6_ic=0.0505
[21:11:48]   HIT  MOEX10             banking_emb_z    lag= 14 m5_p=0.7807  m6_ic=0.0464
[21:11:48]   HIT  MOEX10             banking_emb_z    lag= 30 m5_p=0.6500  m6_ic=0.0796
[21:11:49]   HIT  MOEX10             gold_emb_z       lag= 30 m5_p=0.7972  m6_ic=0.0517
[21:11:49]     Train: 260 signals
[21:11:49]     Val holdout (260 candidates)...
[21:11:49]     VAL PASS  SP500              oil_emb_z        lag=  1  m6_ic=0.0710
[21:11:49]     VAL PASS  SP500              oil_emb_z        lag=  7  m6_ic=0.0531
[21:11:50]     VAL PASS  SP500              oil_emb_z        lag= 14  m6_ic=0.0603
[21:11:50]     VAL PASS  SP500              rate_emb_z       lag= 14  m6_ic=0.0688
[21:11:50]     VAL PASS  SP500              rate_emb_z       lag= 30  m6_ic=0.0745
[21:11:50]     VAL PASS  SP500              ruble_emb_z      lag=  1  m6_ic=0.0875
[21:11:51]     VAL PASS  SP500              ruble_emb_z      lag=  7  m6_ic=0.0653
[21:11:51]     VAL PASS  SP500              sanctions_emb_z  lag= 14  m6_ic=0.0501
[21:11:51]     VAL PASS  SP500              sanctions_emb_z  lag= 30  m6_ic=0.1002
[21:11:52]     VAL PASS  SP500              inflation_emb_z  lag=  1  m6_ic=0.0800
[21:11:52]     VAL PASS  SP500              inflation_emb_z  lag= 14  m6_ic=0.0769
[21:11:52]     VAL PASS  SP500              gold_emb_z       lag= 14  m6_ic=0.0349
[21:11:53]     VAL PASS  SP500              gold_emb_z       lag= 30  m6_ic=0.1651
[21:11:53]     VAL PASS  USD_RUB            rate_emb_z       lag=  1  m6_ic=0.0935
[21:11:53]     VAL PASS  USD_RUB            rate_emb_z       lag=  7  m6_ic=0.0575
[21:11:54]     VAL PASS  USD_RUB            ruble_emb_z      lag= 14  m6_ic=0.0617
[21:11:54]     VAL PASS  USD_RUB            ruble_emb_z      lag= 30  m6_ic=0.0522
[21:11:54]     VAL PASS  USD_RUB            sanctions_emb_z  lag=  7  m6_ic=0.0575
[21:11:54]     VAL PASS  USD_RUB            inflation_emb_z  lag=  1  m6_ic=0.0509
[21:11:55]     VAL PASS  USD_RUB            inflation_emb_z  lag=  7  m6_ic=0.0921
[21:11:55]     VAL PASS  USD_RUB            inflation_emb_z  lag= 30  m6_ic=0.0370
[21:11:55]     VAL PASS  USD_RUB            banking_emb_z    lag=  1  m6_ic=0.0343
[21:11:56]     VAL PASS  USD_RUB            gold_emb_z       lag=  1  m6_ic=0.0917
[21:11:56]     VAL PASS  USD_RUB            gold_emb_z       lag= 30  m6_ic=0.0586
[21:11:56]     VAL PASS  EUR_RUB            rate_emb_z       lag=  1  m6_ic=0.0935
[21:11:57]     VAL PASS  EUR_RUB            rate_emb_z       lag=  7  m6_ic=0.0575
[21:11:57]     VAL PASS  EUR_RUB            ruble_emb_z      lag= 14  m6_ic=0.0617
[21:11:57]     VAL PASS  EUR_RUB            ruble_emb_z      lag= 30  m6_ic=0.0522
[21:11:58]     VAL PASS  EUR_RUB            sanctions_emb_z  lag=  7  m6_ic=0.0575
[21:11:58]     VAL PASS  EUR_RUB            inflation_emb_z  lag=  1  m6_ic=0.0509
[21:11:58]     VAL PASS  EUR_RUB            inflation_emb_z  lag=  7  m6_ic=0.0921
[21:11:59]     VAL PASS  EUR_RUB            inflation_emb_z  lag= 30  m6_ic=0.0370
[21:11:59]     VAL PASS  EUR_RUB            banking_emb_z    lag=  1  m6_ic=0.0343
[21:11:59]     VAL PASS  EUR_RUB            gold_emb_z       lag=  1  m6_ic=0.0917
[21:12:00]     VAL PASS  EUR_RUB            gold_emb_z       lag= 30  m6_ic=0.0586
[21:12:00]     VAL PASS  DJ_SOUTH_AFRICA    oil_emb_z        lag=  1  m6_ic=0.0576
[21:12:00]     VAL PASS  DJ_SOUTH_AFRICA    oil_emb_z        lag= 30  m6_ic=0.1367
[21:12:00]     VAL PASS  DJ_SOUTH_AFRICA    rate_emb_z       lag= 14  m6_ic=0.0339
[21:12:01]     VAL PASS  DJ_SOUTH_AFRICA    rate_emb_z       lag= 30  m6_ic=0.0896
[21:12:01]     VAL PASS  DJ_SOUTH_AFRICA    sanctions_emb_z  lag=  7  m6_ic=0.0498
[21:12:01]     VAL PASS  DJ_SOUTH_AFRICA    inflation_emb_z  lag= 30  m6_ic=0.0759
[21:12:02]     VAL PASS  MSCI_WORLD         oil_emb_z        lag=  1  m6_ic=0.0462
[21:12:03]     VAL PASS  MSCI_WORLD         oil_emb_z        lag=  7  m6_ic=0.0908
[21:12:03]     VAL PASS  MSCI_WORLD         ruble_emb_z      lag= 14  m6_ic=0.0440
[21:12:04]     VAL PASS  MSCI_WORLD         ruble_emb_z      lag= 30  m6_ic=0.0365
[21:12:04]     VAL PASS  MSCI_WORLD         sanctions_emb_z  lag=  1  m6_ic=0.0409
[21:12:04]     VAL PASS  MSCI_WORLD         sanctions_emb_z  lag=  7  m6_ic=0.0357
[21:12:04]     VAL PASS  MSCI_WORLD         sanctions_emb_z  lag= 14  m6_ic=0.0331
[21:12:05]     VAL PASS  MSCI_WORLD         inflation_emb_z  lag= 14  m6_ic=0.0352
[21:12:05]     VAL PASS  MSCI_WORLD         banking_emb_z    lag=  7  m6_ic=0.0640
[21:12:05]     VAL PASS  MSCI_WORLD         banking_emb_z    lag= 14  m6_ic=0.1243
[21:12:06]     VAL PASS  DXY                oil_emb_z        lag=  1  m6_ic=0.0635
[21:12:06]     VAL PASS  DXY                oil_emb_z        lag=  7  m6_ic=0.1685
[21:12:06]     VAL PASS  DXY                oil_emb_z        lag= 14  m6_ic=0.0967
[21:12:06]     VAL PASS  DXY                rate_emb_z       lag=  1  m6_ic=0.0553
[21:12:07]     VAL PASS  DXY                ruble_emb_z      lag= 30  m6_ic=0.0502
[21:12:07]     VAL PASS  DXY                sanctions_emb_z  lag=  7  m6_ic=0.0833
[21:12:08]     VAL PASS  DXY                inflation_emb_z  lag=  1  m6_ic=0.0556
[21:12:08]     VAL PASS  DXY                inflation_emb_z  lag=  7  m6_ic=0.0368
[21:12:08]     VAL PASS  DXY                inflation_emb_z  lag= 14  m6_ic=0.0940
[21:12:08]     VAL PASS  DXY                inflation_emb_z  lag= 30  m6_ic=0.0626
[21:12:09]     VAL PASS  DXY                banking_emb_z    lag=  1  m6_ic=0.0705
[21:12:09]     VAL PASS  DXY                banking_emb_z    lag= 14  m6_ic=0.0573
[21:12:09]     VAL PASS  DXY                banking_emb_z    lag= 30  m6_ic=0.0425
[21:12:09]     VAL PASS  DXY                gold_emb_z       lag=  7  m6_ic=0.0819
[21:12:09]     VAL PASS  DXY                gold_emb_z       lag= 30  m6_ic=0.0566
[21:12:10]     VAL PASS  BRENT              oil_emb_z        lag=  1  m6_ic=0.0304
[21:12:10]     VAL PASS  BRENT              rate_emb_z       lag=  1  m6_ic=0.1163
[21:12:10]     VAL PASS  BRENT              rate_emb_z       lag=  7  m6_ic=0.0563
[21:12:10]     VAL PASS  BRENT              rate_emb_z       lag= 14  m6_ic=0.1027
[21:12:10]     VAL PASS  BRENT              rate_emb_z       lag= 30  m6_ic=0.0734
[21:12:11]     VAL PASS  BRENT              ruble_emb_z      lag=  7  m6_ic=0.0777
[21:12:11]     VAL PASS  BRENT              ruble_emb_z      lag= 14  m6_ic=0.0332
[21:12:11]     VAL PASS  BRENT              sanctions_emb_z  lag= 30  m6_ic=0.0513
[21:12:11]     VAL PASS  BRENT              inflation_emb_z  lag=  7  m6_ic=0.0633
[21:12:12]     VAL PASS  BRENT              inflation_emb_z  lag= 14  m6_ic=0.0515
[21:12:12]     VAL PASS  BRENT              inflation_emb_z  lag= 30  m6_ic=0.0483
[21:12:12]     VAL PASS  BRENT              gold_emb_z       lag=  1  m6_ic=0.0553
[21:12:12]     VAL PASS  BRENT              gold_emb_z       lag= 30  m6_ic=0.0526
[21:12:13]     VAL PASS  MSCI_INDIA         oil_emb_z        lag=  1  m6_ic=0.0567
[21:12:13]     VAL PASS  MSCI_INDIA         oil_emb_z        lag=  7  m6_ic=0.0505
[21:12:13]     VAL PASS  MSCI_INDIA         oil_emb_z        lag= 30  m6_ic=0.0644
[21:12:13]     VAL PASS  MSCI_INDIA         rate_emb_z       lag=  1  m6_ic=0.0332
[21:12:13]     VAL PASS  MSCI_INDIA         rate_emb_z       lag=  7  m6_ic=0.0467
[21:12:14]     VAL PASS  MSCI_INDIA         ruble_emb_z      lag=  1  m6_ic=0.0347
[21:12:14]     VAL PASS  MSCI_INDIA         ruble_emb_z      lag=  7  m6_ic=0.0358
[21:12:14]     VAL PASS  MSCI_INDIA         ruble_emb_z      lag= 30  m6_ic=0.0606
[21:12:15]     VAL PASS  MSCI_INDIA         inflation_emb_z  lag= 14  m6_ic=0.0461
[21:12:15]     VAL PASS  MSCI_INDIA         banking_emb_z    lag= 30  m6_ic=0.1817
[21:12:15]     VAL PASS  MSCI_INDIA         gold_emb_z       lag=  7  m6_ic=0.0711
[21:12:15]     VAL PASS  MSCI_INDIA         gold_emb_z       lag= 30  m6_ic=0.0423
[21:12:16]     VAL PASS  CHINA_H_SHARES     oil_emb_z        lag=  1  m6_ic=0.1001
[21:12:16]     VAL PASS  CHINA_H_SHARES     oil_emb_z        lag= 30  m6_ic=0.1111
[21:12:16]     VAL PASS  CHINA_H_SHARES     rate_emb_z       lag= 14  m6_ic=0.0510
[21:12:16]     VAL PASS  CHINA_H_SHARES     rate_emb_z       lag= 30  m6_ic=0.0523
[21:12:17]     VAL PASS  CHINA_H_SHARES     ruble_emb_z      lag= 14  m6_ic=0.1738
[21:12:17]     VAL PASS  CHINA_H_SHARES     sanctions_emb_z  lag=  1  m6_ic=0.0895
[21:12:17]     VAL PASS  CHINA_H_SHARES     sanctions_emb_z  lag=  7  m6_ic=0.0478
[21:12:18]     VAL PASS  CHINA_H_SHARES     sanctions_emb_z  lag= 30  m6_ic=0.0432
[21:12:18]     VAL PASS  CHINA_H_SHARES     inflation_emb_z  lag=  7  m6_ic=0.0842
[21:12:18]     VAL PASS  CHINA_H_SHARES     inflation_emb_z  lag= 14  m6_ic=0.0570
[21:12:19]     VAL PASS  CHINA_H_SHARES     gold_emb_z       lag=  7  m6_ic=0.1068
[21:12:19]     VAL PASS  FTSE_CHINA_50      oil_emb_z        lag=  1  m6_ic=0.0347
[21:12:19]     VAL PASS  FTSE_CHINA_50      rate_emb_z       lag=  7  m6_ic=0.0332
[21:12:20]     VAL PASS  FTSE_CHINA_50      rate_emb_z       lag= 30  m6_ic=0.1051
[21:12:20]     VAL PASS  FTSE_CHINA_50      ruble_emb_z      lag=  1  m6_ic=0.0499
[21:12:20]     VAL PASS  FTSE_CHINA_50      ruble_emb_z      lag= 14  m6_ic=0.0690
[21:12:21]     VAL PASS  FTSE_CHINA_50      ruble_emb_z      lag= 30  m6_ic=0.1288
[21:12:21]     VAL PASS  FTSE_CHINA_50      sanctions_emb_z  lag=  1  m6_ic=0.0728
[21:12:21]     VAL PASS  FTSE_CHINA_50      sanctions_emb_z  lag=  7  m6_ic=0.0415
[21:12:21]     VAL PASS  FTSE_CHINA_50      sanctions_emb_z  lag= 30  m6_ic=0.0469
[21:12:21]     VAL PASS  FTSE_CHINA_50      inflation_emb_z  lag=  7  m6_ic=0.0714
[21:12:22]     VAL PASS  FTSE_CHINA_50      inflation_emb_z  lag= 30  m6_ic=0.0422
[21:12:22]     VAL PASS  FTSE_CHINA_50      banking_emb_z    lag=  7  m6_ic=0.0385
[21:12:23]     VAL PASS  FTSE_CHINA_50      gold_emb_z       lag=  7  m6_ic=0.0346
[21:12:23]     VAL PASS  GOLD               oil_emb_z        lag= 30  m6_ic=0.1184
[21:12:23]     VAL PASS  GOLD               rate_emb_z       lag=  1  m6_ic=0.1016
[21:12:23]     VAL PASS  GOLD               rate_emb_z       lag= 14  m6_ic=0.0620
[21:12:24]     VAL PASS  GOLD               rate_emb_z       lag= 30  m6_ic=0.1201
[21:12:24]     VAL PASS  GOLD               ruble_emb_z      lag=  7  m6_ic=0.1107
[21:12:24]     VAL PASS  GOLD               ruble_emb_z      lag= 30  m6_ic=0.0372
[21:12:25]     VAL PASS  GOLD               sanctions_emb_z  lag= 30  m6_ic=0.0509
[21:12:25]     VAL PASS  GOLD               inflation_emb_z  lag=  1  m6_ic=0.1358
[21:12:25]     VAL PASS  GOLD               banking_emb_z    lag=  1  m6_ic=0.0501
[21:12:26]     VAL PASS  GOLD               banking_emb_z    lag= 14  m6_ic=0.0452
[21:12:26]     VAL PASS  GOLD               gold_emb_z       lag=  1  m6_ic=0.0508
[21:12:26]     VAL PASS  SILVER             oil_emb_z        lag=  1  m6_ic=0.0944
[21:12:26]     VAL PASS  SILVER             oil_emb_z        lag=  7  m6_ic=0.1289
[21:12:27]     VAL PASS  SILVER             rate_emb_z       lag=  1  m6_ic=0.0865
[21:12:27]     VAL PASS  SILVER             rate_emb_z       lag= 30  m6_ic=0.0674
[21:12:28]     VAL PASS  SILVER             ruble_emb_z      lag=  7  m6_ic=0.0392
[21:12:28]     VAL PASS  SILVER             ruble_emb_z      lag= 30  m6_ic=0.0486
[21:12:28]     VAL PASS  SILVER             sanctions_emb_z  lag= 14  m6_ic=0.0804
[21:12:29]     VAL PASS  SILVER             sanctions_emb_z  lag= 30  m6_ic=0.0535
[21:12:29]     VAL PASS  SILVER             inflation_emb_z  lag=  1  m6_ic=0.0496
[21:12:29]     VAL PASS  SILVER             inflation_emb_z  lag= 14  m6_ic=0.0556
[21:12:29]     VAL PASS  SILVER             inflation_emb_z  lag= 30  m6_ic=0.0598
[21:12:30]     VAL PASS  SILVER             gold_emb_z       lag= 14  m6_ic=0.1416
[21:12:30]     VAL PASS  IMOEX              oil_emb_z        lag=  7  m6_ic=0.0446
[21:12:30]     VAL PASS  IMOEX              rate_emb_z       lag= 14  m6_ic=0.1515
[21:12:31]     VAL PASS  IMOEX              rate_emb_z       lag= 30  m6_ic=0.1019
[21:12:31]     VAL PASS  IMOEX              ruble_emb_z      lag= 14  m6_ic=0.1229
[21:12:31]     VAL PASS  IMOEX              ruble_emb_z      lag= 30  m6_ic=0.1410
[21:12:32]     VAL PASS  IMOEX              sanctions_emb_z  lag=  7  m6_ic=0.0502
[21:12:32]     VAL PASS  IMOEX              sanctions_emb_z  lag= 14  m6_ic=0.1057
[21:12:32]     VAL PASS  IMOEX              sanctions_emb_z  lag= 30  m6_ic=0.0640
[21:12:32]     VAL PASS  IMOEX              inflation_emb_z  lag=  1  m6_ic=0.1056
[21:12:32]     VAL PASS  IMOEX              inflation_emb_z  lag=  7  m6_ic=0.0840
[21:12:33]     VAL PASS  IMOEX              inflation_emb_z  lag= 30  m6_ic=0.0374
[21:12:33]     VAL PASS  MOEXFN             rate_emb_z       lag= 14  m6_ic=0.1772
[21:12:34]     VAL PASS  MOEXFN             ruble_emb_z      lag=  1  m6_ic=0.0796
[21:12:34]     VAL PASS  MOEXFN             ruble_emb_z      lag= 14  m6_ic=0.1199
[21:12:34]     VAL PASS  MOEXFN             ruble_emb_z      lag= 30  m6_ic=0.1240
[21:12:34]     VAL PASS  MOEXFN             sanctions_emb_z  lag= 30  m6_ic=0.0366
[21:12:34]     VAL PASS  MOEXFN             inflation_emb_z  lag=  7  m6_ic=0.1169
[21:12:35]     VAL PASS  MOEXFN             inflation_emb_z  lag= 30  m6_ic=0.0446
[21:12:35]     VAL PASS  MOEXFN             banking_emb_z    lag= 30  m6_ic=0.0792
[21:12:35]     VAL PASS  MOEXOG             oil_emb_z        lag=  1  m6_ic=0.0416
[21:12:36]     VAL PASS  MOEXOG             oil_emb_z        lag=  7  m6_ic=0.0706
[21:12:36]     VAL PASS  MOEXOG             oil_emb_z        lag= 14  m6_ic=0.0718
[21:12:36]     VAL PASS  MOEXOG             oil_emb_z        lag= 30  m6_ic=0.0664
[21:12:36]     VAL PASS  MOEXOG             rate_emb_z       lag=  7  m6_ic=0.0349
[21:12:37]     VAL PASS  MOEXOG             rate_emb_z       lag= 14  m6_ic=0.1417
[21:12:37]     VAL PASS  MOEXOG             rate_emb_z       lag= 30  m6_ic=0.0866
[21:12:37]     VAL PASS  MOEXOG             ruble_emb_z      lag= 14  m6_ic=0.0964
[21:12:37]     VAL PASS  MOEXOG             ruble_emb_z      lag= 30  m6_ic=0.1103
[21:12:38]     VAL PASS  MOEXOG             inflation_emb_z  lag=  1  m6_ic=0.1491
[21:12:38]     VAL PASS  MOEXOG             inflation_emb_z  lag=  7  m6_ic=0.0409
[21:12:38]     VAL PASS  MOEXOG             inflation_emb_z  lag= 30  m6_ic=0.0399
[21:12:38]     VAL PASS  MOEXOG             banking_emb_z    lag= 30  m6_ic=0.0722
[21:12:38]     VAL PASS  MOEXOG             gold_emb_z       lag=  1  m6_ic=0.0892
[21:12:39]     VAL PASS  MOEXOG             gold_emb_z       lag= 14  m6_ic=0.0572
[21:12:39]     VAL PASS  MOEXOG             gold_emb_z       lag= 30  m6_ic=0.1562
[21:12:39]     VAL PASS  MOEX10             oil_emb_z        lag= 14  m6_ic=0.0816
[21:12:39]     VAL PASS  MOEX10             oil_emb_z        lag= 30  m6_ic=0.0310
[21:12:40]     VAL PASS  MOEX10             rate_emb_z       lag= 14  m6_ic=0.1497
[21:12:40]     VAL PASS  MOEX10             ruble_emb_z      lag=  1  m6_ic=0.0487
[21:12:40]     VAL PASS  MOEX10             ruble_emb_z      lag= 30  m6_ic=0.1278
[21:12:40]     VAL PASS  MOEX10             sanctions_emb_z  lag= 14  m6_ic=0.1211
[21:12:40]     VAL PASS  MOEX10             inflation_emb_z  lag=  1  m6_ic=0.1071
[21:12:41]     VAL PASS  MOEX10             inflation_emb_z  lag=  7  m6_ic=0.0961
[21:12:41]     VAL PASS  MOEX10             inflation_emb_z  lag= 14  m6_ic=0.0450
[21:12:41]     VAL PASS  MOEX10             banking_emb_z    lag= 14  m6_ic=0.0410
[21:12:41]     VAL PASS  MOEX10             banking_emb_z    lag= 30  m6_ic=0.0736
[21:12:41]     VAL PASS  MOEX10             gold_emb_z       lag= 30  m6_ic=0.0702
[21:12:41]     Val: 185/260 held
[21:12:41]   → train=260  val=185  max_ic=0.1514  score=2763.2
[21:12:41] 
============================================================
[21:12:41] FINAL REPORT
[21:12:41] ============================================================
[21:12:43] Report: C:\project\signal_mind\analytics\phase_b\night_search\night_report_20260520_203734.md
[21:12:43] Hits CSV: C:\project\signal_mind\analytics\phase_b\night_search\night_hits_20260520_203734.csv
[21:12:43] 
--- Round 1 done: 3858 train signals  best=sweep_keyword_raw_market_return  max_ic=0.1644
[21:12:43] 
============================================================
[21:12:43] ROUND 2  |  elapsed=0.59h  remaining=7.41h
[21:12:43] ============================================================
[21:12:43]   Adaptive round 2: top_insts=['GOLD', 'IMOEX', 'MOEXOG'], best_feat=embedding_raw, best_tgt=abs_return
[21:12:43] Configs for round 2: 7
[21:12:43] 
[1/7] r2_m6strict_embedding_raw_abs_return  (budget=64min)
[21:12:43]   Config: r2_m6strict_embedding_raw_abs_return
[21:12:43]     feature=embedding_raw  target=abs_return  ensemble=M6_only  ic_min=0.05
[21:12:44]   HIT  SP500              oil_emb          lag= 30 m5_p=0.7391  m6_ic=0.0739
[21:12:44]   HIT  SP500              oil_emb          lag= 60 m5_p=0.5737  m6_ic=0.0852
[21:12:47]   HIT  SP500              ruble_emb        lag=  7 m5_p=0.1061  m6_ic=0.0664
[21:12:47]   HIT  SP500              ruble_emb        lag= 14 m5_p=0.6187  m6_ic=0.0796
[21:12:47]   HIT  SP500              ruble_emb        lag= 60 m5_p=0.3526  m6_ic=0.0602
[21:12:48]   HIT  SP500              sanctions_emb    lag=  1 m5_p=0.1713  m6_ic=0.0536
[21:12:48]   HIT  SP500              sanctions_emb    lag=  7 m5_p=0.0916  m6_ic=0.0553
[21:12:49]   HIT  SP500              sanctions_emb    lag= 60 m5_p=0.7538  m6_ic=0.0620
[21:12:50]   HIT  SP500              inflation_emb    lag=  7 m5_p=0.3355  m6_ic=0.1011
[21:12:50]   HIT  SP500              inflation_emb    lag= 30 m5_p=0.5788  m6_ic=0.0506
[21:12:51]   HIT  SP500              inflation_emb    lag= 90 m5_p=0.8434  m6_ic=0.0513
[21:12:52]   HIT  SP500              banking_emb      lag= 60 m5_p=0.7138  m6_ic=0.0597
[21:12:53]   HIT  SP500              gold_emb         lag= 14 m5_p=0.4467  m6_ic=0.0763
[21:12:55]   HIT  USD_RUB            oil_emb          lag=  1 m5_p=0.7448  m6_ic=0.0517
[21:12:55]   HIT  USD_RUB            oil_emb          lag= 30 m5_p=0.8768  m6_ic=0.0881
[21:12:56]   HIT  USD_RUB            oil_emb          lag= 60 m5_p=0.1595  m6_ic=0.0610
[21:12:57]   HIT  USD_RUB            rate_emb         lag= 30 m5_p=0.5357  m6_ic=0.0664
[21:12:58]   HIT  USD_RUB            ruble_emb        lag=  7 m5_p=0.7121  m6_ic=0.1193
[21:12:58]   HIT  USD_RUB            ruble_emb        lag= 14 m5_p=0.0550  m6_ic=0.0786
[21:13:00]   HIT  USD_RUB            sanctions_emb    lag=  7 m5_p=0.4124  m6_ic=0.0885
[21:13:00]   HIT  USD_RUB            sanctions_emb    lag= 60 m5_p=0.9634  m6_ic=0.0607
[21:13:01]   HIT  USD_RUB            inflation_emb    lag=  1 m5_p=0.0616  m6_ic=0.0752
[21:13:03]   HIT  USD_RUB            banking_emb      lag=  1 m5_p=0.9389  m6_ic=0.0921
[21:13:04]   HIT  USD_RUB            banking_emb      lag= 60 m5_p=0.5922  m6_ic=0.0963
[21:13:05]   HIT  USD_RUB            gold_emb         lag= 60 m5_p=0.1869  m6_ic=0.0689
[21:13:06]   HIT  USD_RUB            gold_emb         lag= 90 m5_p=0.1489  m6_ic=0.1779
[21:13:06]   HIT  EUR_RUB            oil_emb          lag=  1 m5_p=0.7448  m6_ic=0.0517
[21:13:06]   HIT  EUR_RUB            oil_emb          lag= 30 m5_p=0.8768  m6_ic=0.0881
[21:13:07]   HIT  EUR_RUB            oil_emb          lag= 60 m5_p=0.1595  m6_ic=0.0610
[21:13:08]   HIT  EUR_RUB            rate_emb         lag= 30 m5_p=0.5357  m6_ic=0.0664
[21:13:09]   HIT  EUR_RUB            ruble_emb        lag=  7 m5_p=0.7121  m6_ic=0.1193
[21:13:09]   HIT  EUR_RUB            ruble_emb        lag= 14 m5_p=0.0550  m6_ic=0.0786
[21:13:11]   HIT  EUR_RUB            sanctions_emb    lag=  7 m5_p=0.4124  m6_ic=0.0885
[21:13:12]   HIT  EUR_RUB            sanctions_emb    lag= 60 m5_p=0.9634  m6_ic=0.0607
[21:13:12]   HIT  EUR_RUB            inflation_emb    lag=  1 m5_p=0.0616  m6_ic=0.0752
[21:13:14]   HIT  EUR_RUB            banking_emb      lag=  1 m5_p=0.9389  m6_ic=0.0921
[21:13:15]   HIT  EUR_RUB            banking_emb      lag= 60 m5_p=0.5922  m6_ic=0.0963
[21:13:16]   HIT  EUR_RUB            gold_emb         lag= 60 m5_p=0.1869  m6_ic=0.0689
[21:13:17]   HIT  EUR_RUB            gold_emb         lag= 90 m5_p=0.1489  m6_ic=0.1779
[21:13:17]   HIT  DJ_SOUTH_AFRICA    oil_emb          lag= 14 m5_p=0.5498  m6_ic=0.0927
[21:13:19]   HIT  DJ_SOUTH_AFRICA    rate_emb         lag= 14 m5_p=0.4893  m6_ic=0.1174
[21:13:19]   HIT  DJ_SOUTH_AFRICA    rate_emb         lag= 30 m5_p=0.4674  m6_ic=0.0569
[21:13:20]   HIT  DJ_SOUTH_AFRICA    ruble_emb        lag=  1 m5_p=0.5229  m6_ic=0.0604
[21:13:21]   HIT  DJ_SOUTH_AFRICA    ruble_emb        lag= 30 m5_p=0.6104  m6_ic=0.0555
[21:13:22]   HIT  DJ_SOUTH_AFRICA    sanctions_emb    lag=  7 m5_p=0.0377  m6_ic=0.0609
[21:13:22]   HIT  DJ_SOUTH_AFRICA    sanctions_emb    lag= 14 m5_p=0.6578  m6_ic=0.0507
[21:13:22]   HIT  DJ_SOUTH_AFRICA    sanctions_emb    lag= 30 m5_p=0.4399  m6_ic=0.0743
[21:13:24]   HIT  DJ_SOUTH_AFRICA    inflation_emb    lag=  7 m5_p=0.1537  m6_ic=0.0520
[21:13:24]   HIT  DJ_SOUTH_AFRICA    inflation_emb    lag= 14 m5_p=0.7240  m6_ic=0.0561
[21:13:24]   HIT  DJ_SOUTH_AFRICA    inflation_emb    lag= 30 m5_p=0.8763  m6_ic=0.0535
[21:13:24]   HIT  DJ_SOUTH_AFRICA    inflation_emb    lag= 60 m5_p=0.9583  m6_ic=0.0539
[21:13:26]   HIT  DJ_SOUTH_AFRICA    banking_emb      lag= 90 m5_p=0.6779  m6_ic=0.1163
[21:13:27]   HIT  DJ_SOUTH_AFRICA    gold_emb         lag= 14 m5_p=0.2009  m6_ic=0.0807
[21:13:33]   HIT  MSCI_WORLD         ruble_emb        lag= 90 m5_p=0.8555  m6_ic=0.0502
[21:13:35]   HIT  MSCI_WORLD         inflation_emb    lag= 14 m5_p=0.7948  m6_ic=0.0635
[21:13:36]   HIT  MSCI_WORLD         inflation_emb    lag= 60 m5_p=0.4727  m6_ic=0.0915
[21:13:36]   HIT  MSCI_WORLD         inflation_emb    lag= 90 m5_p=0.4958  m6_ic=0.0635
[21:13:36]   HIT  MSCI_WORLD         banking_emb      lag=  7 m5_p=0.7890  m6_ic=0.0945
[21:13:37]   HIT  MSCI_WORLD         banking_emb      lag= 60 m5_p=0.7256  m6_ic=0.0818
[21:13:38]   HIT  MSCI_WORLD         gold_emb         lag=  7 m5_p=0.8757  m6_ic=0.0976
[21:13:38]   HIT  MSCI_WORLD         gold_emb         lag= 14 m5_p=0.7950  m6_ic=0.1159
[21:13:39]   HIT  MSCI_WORLD         gold_emb         lag= 30 m5_p=0.4986  m6_ic=0.1011
[21:13:40]   HIT  DXY                oil_emb          lag=  1 m5_p=0.3734  m6_ic=0.0729
[21:13:41]   HIT  DXY                oil_emb          lag= 90 m5_p=0.2480  m6_ic=0.0681
[21:13:42]   HIT  DXY                rate_emb         lag= 14 m5_p=0.0197  m6_ic=0.0767
[21:13:42]   HIT  DXY                rate_emb         lag= 30 m5_p=0.7622  m6_ic=0.0976
[21:13:42]   HIT  DXY                rate_emb         lag= 60 m5_p=0.5643  m6_ic=0.0996
[21:13:43]   HIT  DXY                rate_emb         lag= 90 m5_p=0.7496  m6_ic=0.0752
[21:13:43]   HIT  DXY                ruble_emb        lag=  7 m5_p=0.6913  m6_ic=0.0592
[21:13:43]   HIT  DXY                ruble_emb        lag= 14 m5_p=0.8382  m6_ic=0.0534
[21:13:43]   HIT  DXY                ruble_emb        lag= 30 m5_p=0.9023  m6_ic=0.0629
[21:13:44]   HIT  DXY                ruble_emb        lag= 90 m5_p=0.9972  m6_ic=0.0502
[21:13:45]   HIT  DXY                sanctions_emb    lag= 14 m5_p=0.3624  m6_ic=0.0517
[21:13:45]   HIT  DXY                sanctions_emb    lag= 30 m5_p=0.3064  m6_ic=0.1034
[21:13:46]   HIT  DXY                inflation_emb    lag=  7 m5_p=0.2859  m6_ic=0.0588
[21:13:47]   HIT  DXY                inflation_emb    lag= 90 m5_p=0.6435  m6_ic=0.0930
[21:13:48]   HIT  DXY                banking_emb      lag=  1 m5_p=0.2264  m6_ic=0.0820
[21:13:49]   HIT  DXY                banking_emb      lag= 90 m5_p=0.9200  m6_ic=0.1148
[21:13:50]   HIT  DXY                gold_emb         lag= 14 m5_p=0.6709  m6_ic=0.1237
[21:13:50]   HIT  DXY                gold_emb         lag= 30 m5_p=0.1762  m6_ic=0.0600
[21:13:52]   HIT  BRENT              oil_emb          lag= 30 m5_p=0.9130  m6_ic=0.1104
[21:13:52]   HIT  BRENT              oil_emb          lag= 60 m5_p=0.6716  m6_ic=0.0544
[21:13:52]   HIT  BRENT              oil_emb          lag= 90 m5_p=0.7908  m6_ic=0.0519
[21:13:53]   HIT  BRENT              rate_emb         lag= 30 m5_p=0.2612  m6_ic=0.0692
[21:13:53]   HIT  BRENT              rate_emb         lag= 60 m5_p=0.5185  m6_ic=0.0632
[21:13:54]   HIT  BRENT              rate_emb         lag= 90 m5_p=0.4757  m6_ic=0.0697
[21:13:54]   HIT  BRENT              ruble_emb        lag=  1 m5_p=0.7575  m6_ic=0.0686
[21:13:54]   HIT  BRENT              ruble_emb        lag=  7 m5_p=0.0665  m6_ic=0.0500
[21:13:55]   HIT  BRENT              ruble_emb        lag= 30 m5_p=0.3300  m6_ic=0.0935
[21:13:56]   HIT  BRENT              sanctions_emb    lag= 30 m5_p=0.9523  m6_ic=0.0530
[21:13:58]   HIT  BRENT              inflation_emb    lag=  7 m5_p=0.1720  m6_ic=0.0760
[21:13:58]   HIT  BRENT              inflation_emb    lag= 60 m5_p=0.9104  m6_ic=0.0588
[21:13:59]   HIT  BRENT              inflation_emb    lag= 90 m5_p=0.9708  m6_ic=0.0662
[21:13:59]   HIT  BRENT              banking_emb      lag=  1 m5_p=0.8633  m6_ic=0.1119
[21:14:00]   HIT  BRENT              banking_emb      lag= 60 m5_p=0.5852  m6_ic=0.0505
[21:14:01]   HIT  BRENT              gold_emb         lag= 30 m5_p=0.9238  m6_ic=0.0554
[21:14:02]   HIT  MSCI_INDIA         oil_emb          lag=  1 m5_p=0.3292  m6_ic=0.1213
[21:14:03]   HIT  MSCI_INDIA         oil_emb          lag= 30 m5_p=0.3094  m6_ic=0.0502
[21:14:03]   HIT  MSCI_INDIA         oil_emb          lag= 60 m5_p=0.5944  m6_ic=0.0604
[21:14:04]   HIT  MSCI_INDIA         rate_emb         lag=  1 m5_p=0.1585  m6_ic=0.0809
[21:14:06]   HIT  MSCI_INDIA         ruble_emb        lag=  7 m5_p=0.4546  m6_ic=0.0753
[21:14:06]   HIT  MSCI_INDIA         ruble_emb        lag= 14 m5_p=0.7257  m6_ic=0.1170
[21:14:06]   HIT  MSCI_INDIA         ruble_emb        lag= 30 m5_p=0.5483  m6_ic=0.0717
[21:14:06]   HIT  MSCI_INDIA         ruble_emb        lag= 60 m5_p=0.9933  m6_ic=0.0684
[21:14:08]   HIT  MSCI_INDIA         sanctions_emb    lag= 60 m5_p=0.7228  m6_ic=0.0508
[21:14:09]   HIT  MSCI_INDIA         sanctions_emb    lag= 90 m5_p=0.9441  m6_ic=0.1191
[21:14:09]   HIT  MSCI_INDIA         inflation_emb    lag= 14 m5_p=0.1285  m6_ic=0.0672
[21:14:10]   HIT  MSCI_INDIA         inflation_emb    lag= 60 m5_p=0.7217  m6_ic=0.0506
[21:14:10]   HIT  MSCI_INDIA         banking_emb      lag=  7 m5_p=0.7599  m6_ic=0.0594
[21:14:11]   HIT  MSCI_INDIA         banking_emb      lag= 14 m5_p=0.4523  m6_ic=0.0721
[21:14:11]   HIT  MSCI_INDIA         banking_emb      lag= 30 m5_p=0.2018  m6_ic=0.0762
[21:14:13]   HIT  MSCI_INDIA         gold_emb         lag= 60 m5_p=0.6854  m6_ic=0.0875
[21:14:13]   HIT  MSCI_INDIA         gold_emb         lag= 90 m5_p=0.4450  m6_ic=0.0545
[21:14:13]   HIT  CHINA_H_SHARES     oil_emb          lag=  1 m5_p=0.9909  m6_ic=0.0863
[21:14:14]   HIT  CHINA_H_SHARES     oil_emb          lag= 30 m5_p=0.4361  m6_ic=0.0799
[21:14:15]   HIT  CHINA_H_SHARES     oil_emb          lag= 90 m5_p=0.8815  m6_ic=0.1171
[21:14:15]   HIT  CHINA_H_SHARES     rate_emb         lag=  1 m5_p=0.2178  m6_ic=0.0901
[21:14:15]   HIT  CHINA_H_SHARES     rate_emb         lag= 14 m5_p=0.0364  m6_ic=0.0771
[21:14:17]   HIT  CHINA_H_SHARES     ruble_emb        lag=  7 m5_p=0.0111  m6_ic=0.0720
[21:14:17]   HIT  CHINA_H_SHARES     ruble_emb        lag= 60 m5_p=0.6838  m6_ic=0.0844
[21:14:18]   HIT  CHINA_H_SHARES     ruble_emb        lag= 90 m5_p=0.4687  m6_ic=0.0756
[21:14:18]   HIT  CHINA_H_SHARES     sanctions_emb    lag=  7 m5_p=0.6217  m6_ic=0.0547
[21:14:19]   HIT  CHINA_H_SHARES     sanctions_emb    lag= 60 m5_p=0.9509  m6_ic=0.0539
[21:14:20]   HIT  CHINA_H_SHARES     inflation_emb    lag= 14 m5_p=0.0526  m6_ic=0.0713
[21:14:21]   HIT  CHINA_H_SHARES     inflation_emb    lag= 90 m5_p=0.4646  m6_ic=0.0652
[21:14:21]   HIT  CHINA_H_SHARES     banking_emb      lag=  1 m5_p=0.9612  m6_ic=0.0659
[21:14:22]   HIT  CHINA_H_SHARES     banking_emb      lag= 60 m5_p=0.7753  m6_ic=0.0504
[21:14:23]   HIT  CHINA_H_SHARES     banking_emb      lag= 90 m5_p=0.6709  m6_ic=0.0869
[21:14:23]   HIT  CHINA_H_SHARES     gold_emb         lag=  7 m5_p=0.8447  m6_ic=0.0588
[21:14:23]   HIT  CHINA_H_SHARES     gold_emb         lag= 14 m5_p=0.3694  m6_ic=0.0732
[21:14:23]   HIT  CHINA_H_SHARES     gold_emb         lag= 30 m5_p=0.5720  m6_ic=0.0662
[21:14:24]   HIT  CHINA_H_SHARES     gold_emb         lag= 90 m5_p=0.8845  m6_ic=0.0536
[21:14:24]   HIT  FTSE_CHINA_50      oil_emb          lag=  1 m5_p=0.8237  m6_ic=0.0584
[21:14:25]   HIT  FTSE_CHINA_50      oil_emb          lag= 30 m5_p=0.3816  m6_ic=0.0640
[21:14:26]   HIT  FTSE_CHINA_50      oil_emb          lag= 90 m5_p=0.9415  m6_ic=0.1445
[21:14:26]   HIT  FTSE_CHINA_50      rate_emb         lag=  1 m5_p=0.2613  m6_ic=0.0949
[21:14:26]   HIT  FTSE_CHINA_50      rate_emb         lag= 14 m5_p=0.0304  m6_ic=0.0779
[21:14:27]   HIT  FTSE_CHINA_50      rate_emb         lag= 60 m5_p=0.6836  m6_ic=0.0524
[21:14:28]   HIT  FTSE_CHINA_50      ruble_emb        lag=  1 m5_p=0.0629  m6_ic=0.0780
[21:14:28]   HIT  FTSE_CHINA_50      ruble_emb        lag= 14 m5_p=0.4802  m6_ic=0.0610
[21:14:29]   HIT  FTSE_CHINA_50      ruble_emb        lag= 60 m5_p=0.7641  m6_ic=0.0610
[21:14:29]   HIT  FTSE_CHINA_50      ruble_emb        lag= 90 m5_p=0.3932  m6_ic=0.0644
[21:14:29]   HIT  FTSE_CHINA_50      sanctions_emb    lag=  7 m5_p=0.6860  m6_ic=0.0559
[21:14:30]   HIT  FTSE_CHINA_50      sanctions_emb    lag= 30 m5_p=0.3571  m6_ic=0.0738
[21:14:31]   HIT  FTSE_CHINA_50      inflation_emb    lag=  7 m5_p=0.8928  m6_ic=0.0538
[21:14:31]   HIT  FTSE_CHINA_50      inflation_emb    lag= 14 m5_p=0.0430  m6_ic=0.0684
[21:14:32]   HIT  FTSE_CHINA_50      inflation_emb    lag= 90 m5_p=0.3484  m6_ic=0.0735
[21:14:32]   HIT  FTSE_CHINA_50      banking_emb      lag=  1 m5_p=0.9411  m6_ic=0.0508
[21:14:34]   HIT  FTSE_CHINA_50      banking_emb      lag= 90 m5_p=0.8222  m6_ic=0.0551
[21:14:34]   HIT  FTSE_CHINA_50      gold_emb         lag=  7 m5_p=0.8589  m6_ic=0.0558
[21:14:34]   HIT  FTSE_CHINA_50      gold_emb         lag= 14 m5_p=0.2419  m6_ic=0.0816
[21:14:34]   HIT  FTSE_CHINA_50      gold_emb         lag= 30 m5_p=0.4803  m6_ic=0.0633
[21:14:35]   HIT  FTSE_CHINA_50      gold_emb         lag= 90 m5_p=0.7982  m6_ic=0.0515
[21:14:36]   HIT  GOLD               oil_emb          lag= 30 m5_p=0.1388  m6_ic=0.1091
[21:14:36]   HIT  GOLD               oil_emb          lag= 60 m5_p=0.5164  m6_ic=0.0663
[21:14:37]   HIT  GOLD               rate_emb         lag=  1 m5_p=0.9063  m6_ic=0.1404
[21:14:37]   HIT  GOLD               rate_emb         lag=  7 m5_p=0.3280  m6_ic=0.0759
[21:14:37]   HIT  GOLD               rate_emb         lag= 14 m5_p=0.3908  m6_ic=0.1002
[21:14:40]   HIT  GOLD               sanctions_emb    lag= 14 m5_p=0.2355  m6_ic=0.0600
[21:14:41]   HIT  GOLD               inflation_emb    lag=  1 m5_p=0.9295  m6_ic=0.1321
[21:14:41]   HIT  GOLD               inflation_emb    lag=  7 m5_p=0.6545  m6_ic=0.0586
[21:14:41]   HIT  GOLD               inflation_emb    lag= 14 m5_p=0.7785  m6_ic=0.0872
[21:14:42]   HIT  GOLD               inflation_emb    lag= 30 m5_p=0.8263  m6_ic=0.0616
[21:14:42]   HIT  GOLD               inflation_emb    lag= 60 m5_p=0.9722  m6_ic=0.0890
[21:14:43]   HIT  GOLD               banking_emb      lag= 60 m5_p=0.7087  m6_ic=0.0965
[21:14:44]   HIT  GOLD               banking_emb      lag= 90 m5_p=0.8948  m6_ic=0.0613
[21:14:44]   HIT  GOLD               gold_emb         lag=  7 m5_p=0.3488  m6_ic=0.1122
[21:14:45]   HIT  GOLD               gold_emb         lag= 60 m5_p=0.7433  m6_ic=0.0725
[21:14:46]   HIT  SILVER             oil_emb          lag= 14 m5_p=0.9077  m6_ic=0.0598
[21:14:46]   HIT  SILVER             oil_emb          lag= 30 m5_p=0.2117  m6_ic=0.0714
[21:14:47]   HIT  SILVER             oil_emb          lag= 90 m5_p=0.3966  m6_ic=0.0516
[21:14:47]   HIT  SILVER             rate_emb         lag=  1 m5_p=0.4332  m6_ic=0.0515
[21:14:48]   HIT  SILVER             ruble_emb        lag=  1 m5_p=0.5027  m6_ic=0.0679
[21:14:49]   HIT  SILVER             ruble_emb        lag= 14 m5_p=0.7233  m6_ic=0.1006
[21:14:49]   HIT  SILVER             ruble_emb        lag= 90 m5_p=0.6127  m6_ic=0.0608
[21:14:50]   HIT  SILVER             sanctions_emb    lag=  1 m5_p=0.7351  m6_ic=0.1333
[21:14:50]   HIT  SILVER             sanctions_emb    lag=  7 m5_p=0.4999  m6_ic=0.0933
[21:14:51]   HIT  SILVER             sanctions_emb    lag= 90 m5_p=0.4601  m6_ic=0.1006
[21:14:53]   HIT  SILVER             banking_emb      lag= 30 m5_p=0.8745  m6_ic=0.0929
[21:14:53]   HIT  SILVER             banking_emb      lag= 60 m5_p=0.7102  m6_ic=0.0788
[21:14:54]   HIT  SILVER             gold_emb         lag= 14 m5_p=0.9410  m6_ic=0.1223
[21:14:54]   HIT  SILVER             gold_emb         lag= 30 m5_p=0.8730  m6_ic=0.0579
[21:14:55]   HIT  SILVER             gold_emb         lag= 90 m5_p=0.2186  m6_ic=0.1009
[21:14:56]   HIT  IMOEX              oil_emb          lag= 60 m5_p=0.1433  m6_ic=0.0695
[21:14:57]   HIT  IMOEX              oil_emb          lag= 90 m5_p=0.6907  m6_ic=0.0809
[21:14:57]   HIT  IMOEX              rate_emb         lag=  1 m5_p=0.1216  m6_ic=0.0814
[21:14:57]   HIT  IMOEX              rate_emb         lag= 14 m5_p=0.3900  m6_ic=0.1071
[21:14:57]   HIT  IMOEX              rate_emb         lag= 30 m5_p=0.9239  m6_ic=0.0745
[21:14:58]   HIT  IMOEX              rate_emb         lag= 60 m5_p=0.9107  m6_ic=0.0745
[21:14:58]   HIT  IMOEX              ruble_emb        lag=  1 m5_p=0.3538  m6_ic=0.0605
[21:14:59]   HIT  IMOEX              ruble_emb        lag=  7 m5_p=0.6969  m6_ic=0.1091
[21:14:59]   HIT  IMOEX              ruble_emb        lag= 14 m5_p=0.5752  m6_ic=0.0849
[21:15:00]   HIT  IMOEX              sanctions_emb    lag=  1 m5_p=0.4070  m6_ic=0.1019
[21:15:00]   HIT  IMOEX              sanctions_emb    lag=  7 m5_p=0.2338  m6_ic=0.1173
[21:15:02]   HIT  IMOEX              inflation_emb    lag=  1 m5_p=0.0887  m6_ic=0.0574
[21:15:03]   HIT  IMOEX              banking_emb      lag=  7 m5_p=0.8551  m6_ic=0.0688
[21:15:04]   HIT  IMOEX              banking_emb      lag= 60 m5_p=0.9324  m6_ic=0.0745
[21:15:04]   HIT  IMOEX              banking_emb      lag= 90 m5_p=0.4305  m6_ic=0.0799
[21:15:05]   HIT  IMOEX              gold_emb         lag=  7 m5_p=0.1597  m6_ic=0.0659
[21:15:05]   HIT  IMOEX              gold_emb         lag= 14 m5_p=0.4976  m6_ic=0.0706
[21:15:06]   HIT  IMOEX              gold_emb         lag= 90 m5_p=0.9132  m6_ic=0.0716
[21:15:07]   HIT  MOEXFN             oil_emb          lag= 14 m5_p=0.5602  m6_ic=0.0696
[21:15:07]   HIT  MOEXFN             oil_emb          lag= 30 m5_p=0.4331  m6_ic=0.0849
[21:15:08]   HIT  MOEXFN             oil_emb          lag= 90 m5_p=0.4013  m6_ic=0.0664
[21:15:08]   HIT  MOEXFN             rate_emb         lag=  7 m5_p=0.3027  m6_ic=0.0508
[21:15:08]   HIT  MOEXFN             rate_emb         lag= 14 m5_p=0.0939  m6_ic=0.0655
[21:15:08]   HIT  MOEXFN             rate_emb         lag= 30 m5_p=0.4588  m6_ic=0.0520
[21:15:09]   HIT  MOEXFN             ruble_emb        lag=  1 m5_p=0.4051  m6_ic=0.0600
[21:15:11]   HIT  MOEXFN             sanctions_emb    lag=  1 m5_p=0.5545  m6_ic=0.1003
[21:15:11]   HIT  MOEXFN             sanctions_emb    lag=  7 m5_p=0.2675  m6_ic=0.0685
[21:15:12]   HIT  MOEXFN             sanctions_emb    lag= 30 m5_p=0.6794  m6_ic=0.0667
[21:15:13]   HIT  MOEXFN             inflation_emb    lag= 14 m5_p=0.8303  m6_ic=0.0796
[21:15:13]   HIT  MOEXFN             inflation_emb    lag= 60 m5_p=0.2619  m6_ic=0.1018
[21:15:14]   HIT  MOEXFN             banking_emb      lag=  7 m5_p=0.9354  m6_ic=0.0636
[21:15:15]   HIT  MOEXFN             banking_emb      lag= 30 m5_p=0.8517  m6_ic=0.0600
[21:15:15]   HIT  MOEXFN             banking_emb      lag= 90 m5_p=0.4493  m6_ic=0.1174
[21:15:16]   HIT  MOEXFN             gold_emb         lag=  1 m5_p=0.8897  m6_ic=0.0880
[21:15:16]   HIT  MOEXFN             gold_emb         lag=  7 m5_p=0.3467  m6_ic=0.0796
[21:15:19]   HIT  MOEXOG             rate_emb         lag= 14 m5_p=0.5690  m6_ic=0.0847
[21:15:19]   HIT  MOEXOG             rate_emb         lag= 30 m5_p=0.4720  m6_ic=0.1227
[21:15:20]   HIT  MOEXOG             ruble_emb        lag=  7 m5_p=0.6356  m6_ic=0.0826
[21:15:22]   HIT  MOEXOG             ruble_emb        lag= 90 m5_p=0.3997  m6_ic=0.0508
[21:15:22]   HIT  MOEXOG             sanctions_emb    lag=  1 m5_p=0.3517  m6_ic=0.1262
[21:15:22]   HIT  MOEXOG             sanctions_emb    lag=  7 m5_p=0.5112  m6_ic=0.1113
[21:15:22]   HIT  MOEXOG             sanctions_emb    lag= 30 m5_p=0.5821  m6_ic=0.0788
[21:15:25]   HIT  MOEXOG             inflation_emb    lag= 90 m5_p=0.6551  m6_ic=0.0749
[21:15:25]   HIT  MOEXOG             banking_emb      lag=  7 m5_p=0.9745  m6_ic=0.0637
[21:15:26]   HIT  MOEXOG             banking_emb      lag= 90 m5_p=0.5357  m6_ic=0.1317
[21:15:27]   HIT  MOEXOG             gold_emb         lag=  7 m5_p=0.2981  m6_ic=0.0520
[21:15:27]   HIT  MOEXOG             gold_emb         lag= 60 m5_p=0.2375  m6_ic=0.0767
[21:15:28]   HIT  MOEXOG             gold_emb         lag= 90 m5_p=0.5651  m6_ic=0.0634
[21:15:29]   HIT  MOEX10             oil_emb          lag= 30 m5_p=0.1828  m6_ic=0.0573
[21:15:30]   HIT  MOEX10             rate_emb         lag=  1 m5_p=0.0783  m6_ic=0.0526
[21:15:30]   HIT  MOEX10             rate_emb         lag=  7 m5_p=0.2159  m6_ic=0.0714
[21:15:30]   HIT  MOEX10             rate_emb         lag= 30 m5_p=0.7477  m6_ic=0.0642
[21:15:33]   HIT  MOEX10             sanctions_emb    lag=  1 m5_p=0.4780  m6_ic=0.1139
[21:15:35]   HIT  MOEX10             inflation_emb    lag= 14 m5_p=0.9331  m6_ic=0.0770
[21:15:36]   HIT  MOEX10             banking_emb      lag=  7 m5_p=0.9801  m6_ic=0.0639
[21:15:37]   HIT  MOEX10             banking_emb      lag= 60 m5_p=0.4106  m6_ic=0.0596
[21:15:37]   HIT  MOEX10             banking_emb      lag= 90 m5_p=0.3198  m6_ic=0.1165
[21:15:37]   HIT  MOEX10             gold_emb         lag=  1 m5_p=0.6671  m6_ic=0.0503
[21:15:37]   HIT  MOEX10             gold_emb         lag=  7 m5_p=0.1483  m6_ic=0.1153
[21:15:38]   HIT  MOEX10             gold_emb         lag= 30 m5_p=0.3250  m6_ic=0.0731
[21:15:38]   HIT  MOEX10             gold_emb         lag= 60 m5_p=0.4497  m6_ic=0.0830
[21:15:39]   HIT  MOEX10             gold_emb         lag= 90 m5_p=0.6707  m6_ic=0.0583
[21:15:39]     Train: 245 signals
[21:15:39]     Val holdout (245 candidates)...
[21:15:39]     VAL PASS  SP500              oil_emb          lag= 30  m6_ic=0.0899
[21:15:40]     VAL PASS  SP500              ruble_emb        lag= 14  m6_ic=0.0561
[21:15:41]     VAL PASS  SP500              inflation_emb    lag=  7  m6_ic=0.0586
[21:15:41]     VAL PASS  SP500              inflation_emb    lag= 90  m6_ic=0.0773
[21:15:42]     VAL PASS  USD_RUB            oil_emb          lag=  1  m6_ic=0.0595
[21:15:42]     VAL PASS  USD_RUB            oil_emb          lag= 30  m6_ic=0.0648
[21:15:43]     VAL PASS  USD_RUB            rate_emb         lag= 30  m6_ic=0.0915
[21:15:43]     VAL PASS  USD_RUB            ruble_emb        lag= 14  m6_ic=0.0778
[21:15:43]     VAL PASS  USD_RUB            sanctions_emb    lag=  7  m6_ic=0.0617
[21:15:44]     VAL PASS  USD_RUB            sanctions_emb    lag= 60  m6_ic=0.1789
[21:15:44]     VAL PASS  USD_RUB            banking_emb      lag=  1  m6_ic=0.0940
[21:15:45]     VAL PASS  EUR_RUB            oil_emb          lag=  1  m6_ic=0.0595
[21:15:45]     VAL PASS  EUR_RUB            oil_emb          lag= 30  m6_ic=0.0648
[21:15:46]     VAL PASS  EUR_RUB            rate_emb         lag= 30  m6_ic=0.0915
[21:15:46]     VAL PASS  EUR_RUB            ruble_emb        lag= 14  m6_ic=0.0778
[21:15:46]     VAL PASS  EUR_RUB            sanctions_emb    lag=  7  m6_ic=0.0617
[21:15:47]     VAL PASS  EUR_RUB            sanctions_emb    lag= 60  m6_ic=0.1789
[21:15:47]     VAL PASS  EUR_RUB            banking_emb      lag=  1  m6_ic=0.0940
[21:15:48]     VAL PASS  DJ_SOUTH_AFRICA    oil_emb          lag= 14  m6_ic=0.0911
[21:15:48]     VAL PASS  DJ_SOUTH_AFRICA    rate_emb         lag= 14  m6_ic=0.1277
[21:15:48]     VAL PASS  DJ_SOUTH_AFRICA    rate_emb         lag= 30  m6_ic=0.0900
[21:15:52]     VAL PASS  MSCI_WORLD         inflation_emb    lag= 90  m6_ic=0.0550
[21:15:53]     VAL PASS  MSCI_WORLD         gold_emb         lag= 14  m6_ic=0.1109
[21:15:54]     VAL PASS  DXY                oil_emb          lag= 90  m6_ic=0.0637
[21:15:54]     VAL PASS  DXY                rate_emb         lag= 30  m6_ic=0.0598
[21:15:54]     VAL PASS  DXY                rate_emb         lag= 60  m6_ic=0.0945
[21:15:55]     VAL PASS  DXY                rate_emb         lag= 90  m6_ic=0.0568
[21:15:55]     VAL PASS  DXY                ruble_emb        lag=  7  m6_ic=0.0603
[21:15:55]     VAL PASS  DXY                ruble_emb        lag= 90  m6_ic=0.0535
[21:15:56]     VAL PASS  DXY                sanctions_emb    lag= 14  m6_ic=0.0835
[21:15:56]     VAL PASS  DXY                inflation_emb    lag=  7  m6_ic=0.0584
[21:15:56]     VAL PASS  DXY                inflation_emb    lag= 90  m6_ic=0.0985
[21:15:57]     VAL PASS  DXY                gold_emb         lag= 30  m6_ic=0.0619
[21:15:58]     VAL PASS  BRENT              oil_emb          lag= 30  m6_ic=0.0584
[21:15:58]     VAL PASS  BRENT              oil_emb          lag= 90  m6_ic=0.1526
[21:15:59]     VAL PASS  BRENT              rate_emb         lag= 30  m6_ic=0.1135
[21:16:01]     VAL PASS  BRENT              banking_emb      lag= 60  m6_ic=0.0686
[21:16:03]     VAL PASS  MSCI_INDIA         ruble_emb        lag= 30  m6_ic=0.0554
[21:16:04]     VAL PASS  MSCI_INDIA         inflation_emb    lag= 14  m6_ic=0.0752
[21:16:04]     VAL PASS  MSCI_INDIA         inflation_emb    lag= 60  m6_ic=0.0970
[21:16:05]     VAL PASS  MSCI_INDIA         banking_emb      lag= 30  m6_ic=0.1132
[21:16:05]     VAL PASS  MSCI_INDIA         gold_emb         lag= 60  m6_ic=0.1030
[21:16:05]     VAL PASS  MSCI_INDIA         gold_emb         lag= 90  m6_ic=0.0589
[21:16:05]     VAL PASS  CHINA_H_SHARES     oil_emb          lag=  1  m6_ic=0.0608
[21:16:06]     VAL PASS  CHINA_H_SHARES     oil_emb          lag= 30  m6_ic=0.1113
[21:16:06]     VAL PASS  CHINA_H_SHARES     oil_emb          lag= 90  m6_ic=0.1192
[21:16:07]     VAL PASS  CHINA_H_SHARES     ruble_emb        lag=  7  m6_ic=0.0892
[21:16:07]     VAL PASS  CHINA_H_SHARES     ruble_emb        lag= 60  m6_ic=0.1918
[21:16:07]     VAL PASS  CHINA_H_SHARES     sanctions_emb    lag=  7  m6_ic=0.0572
[21:16:08]     VAL PASS  CHINA_H_SHARES     sanctions_emb    lag= 60  m6_ic=0.1845
[21:16:08]     VAL PASS  CHINA_H_SHARES     banking_emb      lag= 60  m6_ic=0.0687
[21:16:09]     VAL PASS  CHINA_H_SHARES     gold_emb         lag=  7  m6_ic=0.1018
[21:16:09]     VAL PASS  CHINA_H_SHARES     gold_emb         lag= 14  m6_ic=0.0745
[21:16:09]     VAL PASS  CHINA_H_SHARES     gold_emb         lag= 30  m6_ic=0.0575
[21:16:10]     VAL PASS  FTSE_CHINA_50      oil_emb          lag= 30  m6_ic=0.0821
[21:16:11]     VAL PASS  FTSE_CHINA_50      rate_emb         lag= 14  m6_ic=0.0535
[21:16:11]     VAL PASS  FTSE_CHINA_50      rate_emb         lag= 60  m6_ic=0.1732
[21:16:11]     VAL PASS  FTSE_CHINA_50      ruble_emb        lag= 14  m6_ic=0.0635
[21:16:12]     VAL PASS  FTSE_CHINA_50      ruble_emb        lag= 60  m6_ic=0.1854
[21:16:12]     VAL PASS  FTSE_CHINA_50      sanctions_emb    lag=  7  m6_ic=0.0501
[21:16:12]     VAL PASS  FTSE_CHINA_50      sanctions_emb    lag= 30  m6_ic=0.0560
[21:16:13]     VAL PASS  FTSE_CHINA_50      inflation_emb    lag= 14  m6_ic=0.0955
[21:16:14]     VAL PASS  FTSE_CHINA_50      gold_emb         lag=  7  m6_ic=0.0691
[21:16:14]     VAL PASS  FTSE_CHINA_50      gold_emb         lag= 14  m6_ic=0.0930
[21:16:14]     VAL PASS  FTSE_CHINA_50      gold_emb         lag= 30  m6_ic=0.0742
[21:16:16]     VAL PASS  GOLD               inflation_emb    lag=  7  m6_ic=0.1382
[21:16:16]     VAL PASS  GOLD               inflation_emb    lag= 30  m6_ic=0.0972
[21:16:17]     VAL PASS  GOLD               gold_emb         lag=  7  m6_ic=0.0636
[21:16:17]     VAL PASS  GOLD               gold_emb         lag= 60  m6_ic=0.0929
[21:16:18]     VAL PASS  SILVER             oil_emb          lag= 30  m6_ic=0.1323
[21:16:19]     VAL PASS  SILVER             banking_emb      lag= 30  m6_ic=0.0590
[21:16:20]     VAL PASS  SILVER             banking_emb      lag= 60  m6_ic=0.1231
[21:16:20]     VAL PASS  SILVER             gold_emb         lag= 14  m6_ic=0.0661
[21:16:20]     VAL PASS  SILVER             gold_emb         lag= 30  m6_ic=0.1091
[21:16:20]     VAL PASS  IMOEX              oil_emb          lag= 60  m6_ic=0.0824
[21:16:21]     VAL PASS  IMOEX              oil_emb          lag= 90  m6_ic=0.1022
[21:16:21]     VAL PASS  IMOEX              rate_emb         lag= 14  m6_ic=0.1414
[21:16:21]     VAL PASS  IMOEX              rate_emb         lag= 30  m6_ic=0.1107
[21:16:22]     VAL PASS  IMOEX              ruble_emb        lag=  1  m6_ic=0.0690
[21:16:22]     VAL PASS  IMOEX              ruble_emb        lag= 14  m6_ic=0.0690
[21:16:22]     VAL PASS  IMOEX              sanctions_emb    lag=  1  m6_ic=0.0531
[21:16:22]     VAL PASS  IMOEX              sanctions_emb    lag=  7  m6_ic=0.0613
[21:16:23]     VAL PASS  IMOEX              inflation_emb    lag=  1  m6_ic=0.0941
[21:16:23]     VAL PASS  IMOEX              banking_emb      lag= 60  m6_ic=0.0863
[21:16:23]     VAL PASS  IMOEX              banking_emb      lag= 90  m6_ic=0.0974
[21:16:24]     VAL PASS  IMOEX              gold_emb         lag= 90  m6_ic=0.0794
[21:16:25]     VAL PASS  MOEXFN             oil_emb          lag= 30  m6_ic=0.0898
[21:16:25]     VAL PASS  MOEXFN             oil_emb          lag= 90  m6_ic=0.1277
[21:16:25]     VAL PASS  MOEXFN             rate_emb         lag=  7  m6_ic=0.0698
[21:16:25]     VAL PASS  MOEXFN             rate_emb         lag= 14  m6_ic=0.1303
[21:16:26]     VAL PASS  MOEXFN             rate_emb         lag= 30  m6_ic=0.0674
[21:16:26]     VAL PASS  MOEXFN             ruble_emb        lag=  1  m6_ic=0.0860
[21:16:26]     VAL PASS  MOEXFN             sanctions_emb    lag= 30  m6_ic=0.1165
[21:16:27]     VAL PASS  MOEXFN             banking_emb      lag=  7  m6_ic=0.0610
[21:16:28]     VAL PASS  MOEXOG             rate_emb         lag= 14  m6_ic=0.1214
[21:16:28]     VAL PASS  MOEXOG             rate_emb         lag= 30  m6_ic=0.0919
[21:16:28]     VAL PASS  MOEXOG             ruble_emb        lag=  7  m6_ic=0.0711
[21:16:29]     VAL PASS  MOEXOG             ruble_emb        lag= 90  m6_ic=0.0592
[21:16:29]     VAL PASS  MOEXOG             sanctions_emb    lag=  7  m6_ic=0.0598
[21:16:29]     VAL PASS  MOEXOG             sanctions_emb    lag= 30  m6_ic=0.0790
[21:16:30]     VAL PASS  MOEXOG             banking_emb      lag=  7  m6_ic=0.0733
[21:16:30]     VAL PASS  MOEXOG             banking_emb      lag= 90  m6_ic=0.0640
[21:16:31]     VAL PASS  MOEXOG             gold_emb         lag= 60  m6_ic=0.1318
[21:16:31]     VAL PASS  MOEXOG             gold_emb         lag= 90  m6_ic=0.1053
[21:16:31]     VAL PASS  MOEX10             oil_emb          lag= 30  m6_ic=0.0996
[21:16:32]     VAL PASS  MOEX10             rate_emb         lag= 30  m6_ic=0.0699
[21:16:32]     VAL PASS  MOEX10             sanctions_emb    lag=  1  m6_ic=0.0568
[21:16:32]     VAL PASS  MOEX10             banking_emb      lag=  7  m6_ic=0.0565
[21:16:33]     VAL PASS  MOEX10             banking_emb      lag= 60  m6_ic=0.0678
[21:16:33]     VAL PASS  MOEX10             banking_emb      lag= 90  m6_ic=0.1123
[21:16:33]     VAL PASS  MOEX10             gold_emb         lag=  7  m6_ic=0.0845
[21:16:34]     VAL PASS  MOEX10             gold_emb         lag= 60  m6_ic=0.1421
[21:16:34]     VAL PASS  MOEX10             gold_emb         lag= 90  m6_ic=0.0613
[21:16:34]     Val: 113/245 held
[21:16:34]   → train=245  val=113  max_ic=0.1779  score=2702.7
[21:16:34] 
============================================================
[21:16:34] FINAL REPORT
[21:16:34] ============================================================
[21:16:35] Report: C:\project\signal_mind\analytics\phase_b\night_search\night_report_20260520_203734.md
[21:16:36] Hits CSV: C:\project\signal_mind\analytics\phase_b\night_search\night_hits_20260520_203734.csv
[21:16:36] 
[2/7] r2_m6strict_embedding_raw_market_return  (budget=74min)
[21:16:36]   Config: r2_m6strict_embedding_raw_market_return
[21:16:36]     feature=embedding_raw  target=market_return  ensemble=M6_only  ic_min=0.05
[21:16:37]   HIT  SP500              oil_emb          lag= 30 m5_p=0.7391  m6_ic=0.0739
[21:16:37]   HIT  SP500              oil_emb          lag= 60 m5_p=0.5737  m6_ic=0.0852
[21:16:39]   HIT  SP500              ruble_emb        lag=  7 m5_p=0.1061  m6_ic=0.0664
[21:16:39]   HIT  SP500              ruble_emb        lag= 14 m5_p=0.6187  m6_ic=0.0796
[21:16:40]   HIT  SP500              ruble_emb        lag= 60 m5_p=0.3526  m6_ic=0.0602
[21:16:41]   HIT  SP500              sanctions_emb    lag=  1 m5_p=0.1713  m6_ic=0.0536
[21:16:41]   HIT  SP500              sanctions_emb    lag=  7 m5_p=0.0916  m6_ic=0.0553
[21:16:42]   HIT  SP500              sanctions_emb    lag= 60 m5_p=0.7538  m6_ic=0.0620
[21:16:43]   HIT  SP500              inflation_emb    lag=  7 m5_p=0.3355  m6_ic=0.1011
[21:16:43]   HIT  SP500              inflation_emb    lag= 30 m5_p=0.5788  m6_ic=0.0506
[21:16:44]   HIT  SP500              inflation_emb    lag= 90 m5_p=0.8434  m6_ic=0.0513
[21:16:45]   HIT  SP500              banking_emb      lag= 60 m5_p=0.7138  m6_ic=0.0597
[21:16:46]   HIT  SP500              gold_emb         lag= 14 m5_p=0.4467  m6_ic=0.0763
[21:16:47]   HIT  USD_RUB            oil_emb          lag=  1 m5_p=0.7448  m6_ic=0.0517
[21:16:48]   HIT  USD_RUB            oil_emb          lag= 30 m5_p=0.8768  m6_ic=0.0881
[21:16:48]   HIT  USD_RUB            oil_emb          lag= 60 m5_p=0.1595  m6_ic=0.0610
[21:16:50]   HIT  USD_RUB            rate_emb         lag= 30 m5_p=0.5357  m6_ic=0.0664
[21:16:51]   HIT  USD_RUB            ruble_emb        lag=  7 m5_p=0.7121  m6_ic=0.1193
[21:16:51]   HIT  USD_RUB            ruble_emb        lag= 14 m5_p=0.0550  m6_ic=0.0786
[21:16:52]   HIT  USD_RUB            sanctions_emb    lag=  7 m5_p=0.4124  m6_ic=0.0885
[21:16:53]   HIT  USD_RUB            sanctions_emb    lag= 60 m5_p=0.9634  m6_ic=0.0607
[21:16:54]   HIT  USD_RUB            inflation_emb    lag=  1 m5_p=0.0616  m6_ic=0.0752
[21:16:55]   HIT  USD_RUB            banking_emb      lag=  1 m5_p=0.9389  m6_ic=0.0921
[21:16:56]   HIT  USD_RUB            banking_emb      lag= 60 m5_p=0.5922  m6_ic=0.0963
[21:16:58]   HIT  USD_RUB            gold_emb         lag= 60 m5_p=0.1869  m6_ic=0.0689
[21:16:58]   HIT  USD_RUB            gold_emb         lag= 90 m5_p=0.1489  m6_ic=0.1779
[21:16:59]   HIT  EUR_RUB            oil_emb          lag=  1 m5_p=0.7448  m6_ic=0.0517
[21:16:59]   HIT  EUR_RUB            oil_emb          lag= 30 m5_p=0.8768  m6_ic=0.0881
[21:17:00]   HIT  EUR_RUB            oil_emb          lag= 60 m5_p=0.1595  m6_ic=0.0610
[21:17:01]   HIT  EUR_RUB            rate_emb         lag= 30 m5_p=0.5357  m6_ic=0.0664
[21:17:02]   HIT  EUR_RUB            ruble_emb        lag=  7 m5_p=0.7121  m6_ic=0.1193
[21:17:02]   HIT  EUR_RUB            ruble_emb        lag= 14 m5_p=0.0550  m6_ic=0.0786
[21:17:04]   HIT  EUR_RUB            sanctions_emb    lag=  7 m5_p=0.4124  m6_ic=0.0885
[21:17:04]   HIT  EUR_RUB            sanctions_emb    lag= 60 m5_p=0.9634  m6_ic=0.0607
[21:17:05]   HIT  EUR_RUB            inflation_emb    lag=  1 m5_p=0.0616  m6_ic=0.0752
[21:17:07]   HIT  EUR_RUB            banking_emb      lag=  1 m5_p=0.9389  m6_ic=0.0921
[21:17:08]   HIT  EUR_RUB            banking_emb      lag= 60 m5_p=0.5922  m6_ic=0.0963
[21:17:09]   HIT  EUR_RUB            gold_emb         lag= 60 m5_p=0.1869  m6_ic=0.0689
[21:17:10]   HIT  EUR_RUB            gold_emb         lag= 90 m5_p=0.1489  m6_ic=0.1779
[21:17:10]   HIT  DJ_SOUTH_AFRICA    oil_emb          lag= 14 m5_p=0.5498  m6_ic=0.0927
[21:17:12]   HIT  DJ_SOUTH_AFRICA    rate_emb         lag= 14 m5_p=0.4893  m6_ic=0.1174
[21:17:12]   HIT  DJ_SOUTH_AFRICA    rate_emb         lag= 30 m5_p=0.4674  m6_ic=0.0569
[21:17:13]   HIT  DJ_SOUTH_AFRICA    ruble_emb        lag=  1 m5_p=0.5229  m6_ic=0.0604
[21:17:14]   HIT  DJ_SOUTH_AFRICA    ruble_emb        lag= 30 m5_p=0.6104  m6_ic=0.0555
[21:17:15]   HIT  DJ_SOUTH_AFRICA    sanctions_emb    lag=  7 m5_p=0.0377  m6_ic=0.0609
[21:17:15]   HIT  DJ_SOUTH_AFRICA    sanctions_emb    lag= 14 m5_p=0.6578  m6_ic=0.0507
[21:17:15]   HIT  DJ_SOUTH_AFRICA    sanctions_emb    lag= 30 m5_p=0.4399  m6_ic=0.0743
[21:17:16]   HIT  DJ_SOUTH_AFRICA    inflation_emb    lag=  7 m5_p=0.1537  m6_ic=0.0520
[21:17:17]   HIT  DJ_SOUTH_AFRICA    inflation_emb    lag= 14 m5_p=0.7240  m6_ic=0.0561
[21:17:17]   HIT  DJ_SOUTH_AFRICA    inflation_emb    lag= 30 m5_p=0.8763  m6_ic=0.0535
[21:17:17]   HIT  DJ_SOUTH_AFRICA    inflation_emb    lag= 60 m5_p=0.9583  m6_ic=0.0539
[21:17:19]   HIT  DJ_SOUTH_AFRICA    banking_emb      lag= 90 m5_p=0.6779  m6_ic=0.1163
[21:17:20]   HIT  DJ_SOUTH_AFRICA    gold_emb         lag= 14 m5_p=0.2009  m6_ic=0.0807
[21:17:26]   HIT  MSCI_WORLD         ruble_emb        lag= 90 m5_p=0.8555  m6_ic=0.0502
[21:17:28]   HIT  MSCI_WORLD         inflation_emb    lag= 14 m5_p=0.7948  m6_ic=0.0635
[21:17:28]   HIT  MSCI_WORLD         inflation_emb    lag= 60 m5_p=0.4727  m6_ic=0.0915
[21:17:29]   HIT  MSCI_WORLD         inflation_emb    lag= 90 m5_p=0.4958  m6_ic=0.0635
[21:17:29]   HIT  MSCI_WORLD         banking_emb      lag=  7 m5_p=0.7890  m6_ic=0.0945
[21:17:30]   HIT  MSCI_WORLD         banking_emb      lag= 60 m5_p=0.7256  m6_ic=0.0818
[21:17:31]   HIT  MSCI_WORLD         gold_emb         lag=  7 m5_p=0.8757  m6_ic=0.0976
[21:17:31]   HIT  MSCI_WORLD         gold_emb         lag= 14 m5_p=0.7950  m6_ic=0.1159
[21:17:31]   HIT  MSCI_WORLD         gold_emb         lag= 30 m5_p=0.4986  m6_ic=0.1011
[21:17:32]   HIT  DXY                oil_emb          lag=  1 m5_p=0.3734  m6_ic=0.0729
[21:17:34]   HIT  DXY                oil_emb          lag= 90 m5_p=0.2480  m6_ic=0.0681
[21:17:34]   HIT  DXY                rate_emb         lag= 14 m5_p=0.0197  m6_ic=0.0767
[21:17:34]   HIT  DXY                rate_emb         lag= 30 m5_p=0.7622  m6_ic=0.0976
[21:17:35]   HIT  DXY                rate_emb         lag= 60 m5_p=0.5643  m6_ic=0.0996
[21:17:35]   HIT  DXY                rate_emb         lag= 90 m5_p=0.7496  m6_ic=0.0752
[21:17:36]   HIT  DXY                ruble_emb        lag=  7 m5_p=0.6913  m6_ic=0.0592
[21:17:36]   HIT  DXY                ruble_emb        lag= 14 m5_p=0.8382  m6_ic=0.0534
[21:17:36]   HIT  DXY                ruble_emb        lag= 30 m5_p=0.9023  m6_ic=0.0629
[21:17:37]   HIT  DXY                ruble_emb        lag= 90 m5_p=0.9972  m6_ic=0.0502
[21:17:37]   HIT  DXY                sanctions_emb    lag= 14 m5_p=0.3624  m6_ic=0.0517
[21:17:38]   HIT  DXY                sanctions_emb    lag= 30 m5_p=0.3064  m6_ic=0.1034
[21:17:39]   HIT  DXY                inflation_emb    lag=  7 m5_p=0.2859  m6_ic=0.0588
[21:17:40]   HIT  DXY                inflation_emb    lag= 90 m5_p=0.6435  m6_ic=0.0930
[21:17:40]   HIT  DXY                banking_emb      lag=  1 m5_p=0.2264  m6_ic=0.0820
[21:17:42]   HIT  DXY                banking_emb      lag= 90 m5_p=0.9200  m6_ic=0.1148
[21:17:42]   HIT  DXY                gold_emb         lag= 14 m5_p=0.6709  m6_ic=0.1237
[21:17:43]   HIT  DXY                gold_emb         lag= 30 m5_p=0.1762  m6_ic=0.0600
[21:17:44]   HIT  BRENT              oil_emb          lag= 30 m5_p=0.9130  m6_ic=0.1104
[21:17:45]   HIT  BRENT              oil_emb          lag= 60 m5_p=0.6716  m6_ic=0.0544
[21:17:45]   HIT  BRENT              oil_emb          lag= 90 m5_p=0.7908  m6_ic=0.0519
[21:17:46]   HIT  BRENT              rate_emb         lag= 30 m5_p=0.2612  m6_ic=0.0692
[21:17:46]   HIT  BRENT              rate_emb         lag= 60 m5_p=0.5185  m6_ic=0.0632
[21:17:47]   HIT  BRENT              rate_emb         lag= 90 m5_p=0.4757  m6_ic=0.0697
[21:17:47]   HIT  BRENT              ruble_emb        lag=  1 m5_p=0.7575  m6_ic=0.0686
[21:17:47]   HIT  BRENT              ruble_emb        lag=  7 m5_p=0.0665  m6_ic=0.0500
[21:17:47]   HIT  BRENT              ruble_emb        lag= 30 m5_p=0.3300  m6_ic=0.0935
[21:17:49]   HIT  BRENT              sanctions_emb    lag= 30 m5_p=0.9523  m6_ic=0.0530
[21:17:50]   HIT  BRENT              inflation_emb    lag=  7 m5_p=0.1720  m6_ic=0.0760
[21:17:51]   HIT  BRENT              inflation_emb    lag= 60 m5_p=0.9104  m6_ic=0.0588
[21:17:51]   HIT  BRENT              inflation_emb    lag= 90 m5_p=0.9708  m6_ic=0.0662
[21:17:52]   HIT  BRENT              banking_emb      lag=  1 m5_p=0.8633  m6_ic=0.1119
[21:17:53]   HIT  BRENT              banking_emb      lag= 60 m5_p=0.5852  m6_ic=0.0505
[21:17:54]   HIT  BRENT              gold_emb         lag= 30 m5_p=0.9238  m6_ic=0.0554
[21:17:55]   HIT  MSCI_INDIA         oil_emb          lag=  1 m5_p=0.3292  m6_ic=0.1213
[21:17:55]   HIT  MSCI_INDIA         oil_emb          lag= 30 m5_p=0.3094  m6_ic=0.0502
[21:17:56]   HIT  MSCI_INDIA         oil_emb          lag= 60 m5_p=0.5944  m6_ic=0.0604
[21:17:56]   HIT  MSCI_INDIA         rate_emb         lag=  1 m5_p=0.1585  m6_ic=0.0809
[21:17:58]   HIT  MSCI_INDIA         ruble_emb        lag=  7 m5_p=0.4546  m6_ic=0.0753
[21:17:58]   HIT  MSCI_INDIA         ruble_emb        lag= 14 m5_p=0.7257  m6_ic=0.1170
[21:17:59]   HIT  MSCI_INDIA         ruble_emb        lag= 30 m5_p=0.5483  m6_ic=0.0717
[21:17:59]   HIT  MSCI_INDIA         ruble_emb        lag= 60 m5_p=0.9933  m6_ic=0.0684
[21:18:01]   HIT  MSCI_INDIA         sanctions_emb    lag= 60 m5_p=0.7228  m6_ic=0.0508
[21:18:01]   HIT  MSCI_INDIA         sanctions_emb    lag= 90 m5_p=0.9441  m6_ic=0.1191
[21:18:02]   HIT  MSCI_INDIA         inflation_emb    lag= 14 m5_p=0.1285  m6_ic=0.0672
[21:18:02]   HIT  MSCI_INDIA         inflation_emb    lag= 60 m5_p=0.7217  m6_ic=0.0506
[21:18:03]   HIT  MSCI_INDIA         banking_emb      lag=  7 m5_p=0.7599  m6_ic=0.0594
[21:18:03]   HIT  MSCI_INDIA         banking_emb      lag= 14 m5_p=0.4523  m6_ic=0.0721
[21:18:03]   HIT  MSCI_INDIA         banking_emb      lag= 30 m5_p=0.2018  m6_ic=0.0762
[21:18:05]   HIT  MSCI_INDIA         gold_emb         lag= 60 m5_p=0.6854  m6_ic=0.0875
[21:18:06]   HIT  MSCI_INDIA         gold_emb         lag= 90 m5_p=0.4450  m6_ic=0.0545
[21:18:06]   HIT  CHINA_H_SHARES     oil_emb          lag=  1 m5_p=0.9909  m6_ic=0.0863
[21:18:07]   HIT  CHINA_H_SHARES     oil_emb          lag= 30 m5_p=0.4361  m6_ic=0.0799
[21:18:07]   HIT  CHINA_H_SHARES     oil_emb          lag= 90 m5_p=0.8815  m6_ic=0.1171
[21:18:07]   HIT  CHINA_H_SHARES     rate_emb         lag=  1 m5_p=0.2178  m6_ic=0.0901
[21:18:08]   HIT  CHINA_H_SHARES     rate_emb         lag= 14 m5_p=0.0364  m6_ic=0.0771
[21:18:09]   HIT  CHINA_H_SHARES     ruble_emb        lag=  7 m5_p=0.0111  m6_ic=0.0720
[21:18:10]   HIT  CHINA_H_SHARES     ruble_emb        lag= 60 m5_p=0.6838  m6_ic=0.0844
[21:18:10]   HIT  CHINA_H_SHARES     ruble_emb        lag= 90 m5_p=0.4687  m6_ic=0.0756
[21:18:11]   HIT  CHINA_H_SHARES     sanctions_emb    lag=  7 m5_p=0.6217  m6_ic=0.0547
[21:18:11]   HIT  CHINA_H_SHARES     sanctions_emb    lag= 60 m5_p=0.9509  m6_ic=0.0539
[21:18:13]   HIT  CHINA_H_SHARES     inflation_emb    lag= 14 m5_p=0.0526  m6_ic=0.0713
[21:18:14]   HIT  CHINA_H_SHARES     inflation_emb    lag= 90 m5_p=0.4646  m6_ic=0.0652
[21:18:14]   HIT  CHINA_H_SHARES     banking_emb      lag=  1 m5_p=0.9612  m6_ic=0.0659
[21:18:15]   HIT  CHINA_H_SHARES     banking_emb      lag= 60 m5_p=0.7753  m6_ic=0.0504
[21:18:15]   HIT  CHINA_H_SHARES     banking_emb      lag= 90 m5_p=0.6709  m6_ic=0.0869
[21:18:15]   HIT  CHINA_H_SHARES     gold_emb         lag=  7 m5_p=0.8447  m6_ic=0.0588
[21:18:16]   HIT  CHINA_H_SHARES     gold_emb         lag= 14 m5_p=0.3694  m6_ic=0.0732
[21:18:16]   HIT  CHINA_H_SHARES     gold_emb         lag= 30 m5_p=0.5720  m6_ic=0.0662
[21:18:17]   HIT  CHINA_H_SHARES     gold_emb         lag= 90 m5_p=0.8845  m6_ic=0.0536
[21:18:17]   HIT  FTSE_CHINA_50      oil_emb          lag=  1 m5_p=0.8237  m6_ic=0.0584
[21:18:17]   HIT  FTSE_CHINA_50      oil_emb          lag= 30 m5_p=0.3816  m6_ic=0.0640
[21:18:18]   HIT  FTSE_CHINA_50      oil_emb          lag= 90 m5_p=0.9415  m6_ic=0.1445
[21:18:18]   HIT  FTSE_CHINA_50      rate_emb         lag=  1 m5_p=0.2613  m6_ic=0.0949
[21:18:19]   HIT  FTSE_CHINA_50      rate_emb         lag= 14 m5_p=0.0304  m6_ic=0.0779
[21:18:19]   HIT  FTSE_CHINA_50      rate_emb         lag= 60 m5_p=0.6836  m6_ic=0.0524
[21:18:20]   HIT  FTSE_CHINA_50      ruble_emb        lag=  1 m5_p=0.0629  m6_ic=0.0780
[21:18:20]   HIT  FTSE_CHINA_50      ruble_emb        lag= 14 m5_p=0.4802  m6_ic=0.0610
[21:18:21]   HIT  FTSE_CHINA_50      ruble_emb        lag= 60 m5_p=0.7641  m6_ic=0.0610
[21:18:21]   HIT  FTSE_CHINA_50      ruble_emb        lag= 90 m5_p=0.3932  m6_ic=0.0644
[21:18:22]   HIT  FTSE_CHINA_50      sanctions_emb    lag=  7 m5_p=0.6860  m6_ic=0.0559
[21:18:22]   HIT  FTSE_CHINA_50      sanctions_emb    lag= 30 m5_p=0.3571  m6_ic=0.0738
[21:18:23]   HIT  FTSE_CHINA_50      inflation_emb    lag=  7 m5_p=0.8928  m6_ic=0.0538
[21:18:23]   HIT  FTSE_CHINA_50      inflation_emb    lag= 14 m5_p=0.0430  m6_ic=0.0684
[21:18:24]   HIT  FTSE_CHINA_50      inflation_emb    lag= 90 m5_p=0.3484  m6_ic=0.0735
[21:18:25]   HIT  FTSE_CHINA_50      banking_emb      lag=  1 m5_p=0.9411  m6_ic=0.0508
[21:18:26]   HIT  FTSE_CHINA_50      banking_emb      lag= 90 m5_p=0.8222  m6_ic=0.0551
[21:18:26]   HIT  FTSE_CHINA_50      gold_emb         lag=  7 m5_p=0.8589  m6_ic=0.0558
[21:18:26]   HIT  FTSE_CHINA_50      gold_emb         lag= 14 m5_p=0.2419  m6_ic=0.0816
[21:18:27]   HIT  FTSE_CHINA_50      gold_emb         lag= 30 m5_p=0.4803  m6_ic=0.0633
[21:18:27]   HIT  FTSE_CHINA_50      gold_emb         lag= 90 m5_p=0.7982  m6_ic=0.0515
[21:18:28]   HIT  GOLD               oil_emb          lag= 30 m5_p=0.1388  m6_ic=0.1091
[21:18:29]   HIT  GOLD               oil_emb          lag= 60 m5_p=0.5164  m6_ic=0.0663
[21:18:29]   HIT  GOLD               rate_emb         lag=  1 m5_p=0.9063  m6_ic=0.1404
[21:18:29]   HIT  GOLD               rate_emb         lag=  7 m5_p=0.3280  m6_ic=0.0759
[21:18:29]   HIT  GOLD               rate_emb         lag= 14 m5_p=0.3908  m6_ic=0.1002
[21:18:32]   HIT  GOLD               sanctions_emb    lag= 14 m5_p=0.2355  m6_ic=0.0600
[21:18:33]   HIT  GOLD               inflation_emb    lag=  1 m5_p=0.9295  m6_ic=0.1321
[21:18:34]   HIT  GOLD               inflation_emb    lag=  7 m5_p=0.6545  m6_ic=0.0586
[21:18:34]   HIT  GOLD               inflation_emb    lag= 14 m5_p=0.7785  m6_ic=0.0872
[21:18:34]   HIT  GOLD               inflation_emb    lag= 30 m5_p=0.8263  m6_ic=0.0616
[21:18:34]   HIT  GOLD               inflation_emb    lag= 60 m5_p=0.9722  m6_ic=0.0890
[21:18:36]   HIT  GOLD               banking_emb      lag= 60 m5_p=0.7087  m6_ic=0.0965
[21:18:36]   HIT  GOLD               banking_emb      lag= 90 m5_p=0.8948  m6_ic=0.0613
[21:18:36]   HIT  GOLD               gold_emb         lag=  7 m5_p=0.3488  m6_ic=0.1122
[21:18:37]   HIT  GOLD               gold_emb         lag= 60 m5_p=0.7433  m6_ic=0.0725
[21:18:38]   HIT  SILVER             oil_emb          lag= 14 m5_p=0.9077  m6_ic=0.0598
[21:18:38]   HIT  SILVER             oil_emb          lag= 30 m5_p=0.2117  m6_ic=0.0714
[21:18:39]   HIT  SILVER             oil_emb          lag= 90 m5_p=0.3966  m6_ic=0.0516
[21:18:39]   HIT  SILVER             rate_emb         lag=  1 m5_p=0.4332  m6_ic=0.0515
[21:18:41]   HIT  SILVER             ruble_emb        lag=  1 m5_p=0.5027  m6_ic=0.0679
[21:18:41]   HIT  SILVER             ruble_emb        lag= 14 m5_p=0.7233  m6_ic=0.1006
[21:18:42]   HIT  SILVER             ruble_emb        lag= 90 m5_p=0.6127  m6_ic=0.0608
[21:18:42]   HIT  SILVER             sanctions_emb    lag=  1 m5_p=0.7351  m6_ic=0.1333
[21:18:42]   HIT  SILVER             sanctions_emb    lag=  7 m5_p=0.4999  m6_ic=0.0933
[21:18:43]   HIT  SILVER             sanctions_emb    lag= 90 m5_p=0.4601  m6_ic=0.1006
[21:18:45]   HIT  SILVER             banking_emb      lag= 30 m5_p=0.8745  m6_ic=0.0929
[21:18:46]   HIT  SILVER             banking_emb      lag= 60 m5_p=0.7102  m6_ic=0.0788
[21:18:47]   HIT  SILVER             gold_emb         lag= 14 m5_p=0.9410  m6_ic=0.1223
[21:18:47]   HIT  SILVER             gold_emb         lag= 30 m5_p=0.8730  m6_ic=0.0579
[21:18:47]   HIT  SILVER             gold_emb         lag= 90 m5_p=0.2186  m6_ic=0.1009
[21:18:49]   HIT  IMOEX              oil_emb          lag= 60 m5_p=0.1433  m6_ic=0.0695
[21:18:49]   HIT  IMOEX              oil_emb          lag= 90 m5_p=0.6907  m6_ic=0.0809
[21:18:49]   HIT  IMOEX              rate_emb         lag=  1 m5_p=0.1216  m6_ic=0.0814
[21:18:50]   HIT  IMOEX              rate_emb         lag= 14 m5_p=0.3900  m6_ic=0.1071
[21:18:50]   HIT  IMOEX              rate_emb         lag= 30 m5_p=0.9239  m6_ic=0.0745
[21:18:50]   HIT  IMOEX              rate_emb         lag= 60 m5_p=0.9107  m6_ic=0.0745
[21:18:51]   HIT  IMOEX              ruble_emb        lag=  1 m5_p=0.3538  m6_ic=0.0605
[21:18:51]   HIT  IMOEX              ruble_emb        lag=  7 m5_p=0.6969  m6_ic=0.1091
[21:18:51]   HIT  IMOEX              ruble_emb        lag= 14 m5_p=0.5752  m6_ic=0.0849
[21:18:52]   HIT  IMOEX              sanctions_emb    lag=  1 m5_p=0.4070  m6_ic=0.1019
[21:18:53]   HIT  IMOEX              sanctions_emb    lag=  7 m5_p=0.2338  m6_ic=0.1173
[21:18:54]   HIT  IMOEX              inflation_emb    lag=  1 m5_p=0.0887  m6_ic=0.0574
[21:18:56]   HIT  IMOEX              banking_emb      lag=  7 m5_p=0.8551  m6_ic=0.0688
[21:18:57]   HIT  IMOEX              banking_emb      lag= 60 m5_p=0.9324  m6_ic=0.0745
[21:18:57]   HIT  IMOEX              banking_emb      lag= 90 m5_p=0.4305  m6_ic=0.0799
[21:18:58]   HIT  IMOEX              gold_emb         lag=  7 m5_p=0.1597  m6_ic=0.0659
[21:18:58]   HIT  IMOEX              gold_emb         lag= 14 m5_p=0.4976  m6_ic=0.0706
[21:18:59]   HIT  IMOEX              gold_emb         lag= 90 m5_p=0.9132  m6_ic=0.0716
[21:18:59]   HIT  MOEXFN             oil_emb          lag= 14 m5_p=0.5602  m6_ic=0.0696
[21:19:00]   HIT  MOEXFN             oil_emb          lag= 30 m5_p=0.4331  m6_ic=0.0849
[21:19:00]   HIT  MOEXFN             oil_emb          lag= 90 m5_p=0.4013  m6_ic=0.0664
[21:19:01]   HIT  MOEXFN             rate_emb         lag=  7 m5_p=0.3027  m6_ic=0.0508
[21:19:01]   HIT  MOEXFN             rate_emb         lag= 14 m5_p=0.0939  m6_ic=0.0655
[21:19:01]   HIT  MOEXFN             rate_emb         lag= 30 m5_p=0.4588  m6_ic=0.0520
[21:19:02]   HIT  MOEXFN             ruble_emb        lag=  1 m5_p=0.4051  m6_ic=0.0600
[21:19:04]   HIT  MOEXFN             sanctions_emb    lag=  1 m5_p=0.5545  m6_ic=0.1003
[21:19:04]   HIT  MOEXFN             sanctions_emb    lag=  7 m5_p=0.2675  m6_ic=0.0685
[21:19:04]   HIT  MOEXFN             sanctions_emb    lag= 30 m5_p=0.6794  m6_ic=0.0667
[21:19:06]   HIT  MOEXFN             inflation_emb    lag= 14 m5_p=0.8303  m6_ic=0.0796
[21:19:06]   HIT  MOEXFN             inflation_emb    lag= 60 m5_p=0.2619  m6_ic=0.1018
[21:19:07]   HIT  MOEXFN             banking_emb      lag=  7 m5_p=0.9354  m6_ic=0.0636
[21:19:07]   HIT  MOEXFN             banking_emb      lag= 30 m5_p=0.8517  m6_ic=0.0600
[21:19:08]   HIT  MOEXFN             banking_emb      lag= 90 m5_p=0.4493  m6_ic=0.1174
[21:19:08]   HIT  MOEXFN             gold_emb         lag=  1 m5_p=0.8897  m6_ic=0.0880
[21:19:09]   HIT  MOEXFN             gold_emb         lag=  7 m5_p=0.3467  m6_ic=0.0796
[21:19:12]   HIT  MOEXOG             rate_emb         lag= 14 m5_p=0.5690  m6_ic=0.0847
[21:19:12]   HIT  MOEXOG             rate_emb         lag= 30 m5_p=0.4720  m6_ic=0.1227
[21:19:13]   HIT  MOEXOG             ruble_emb        lag=  7 m5_p=0.6356  m6_ic=0.0826
[21:19:15]   HIT  MOEXOG             ruble_emb        lag= 90 m5_p=0.3997  m6_ic=0.0508
[21:19:15]   HIT  MOEXOG             sanctions_emb    lag=  1 m5_p=0.3517  m6_ic=0.1262
[21:19:15]   HIT  MOEXOG             sanctions_emb    lag=  7 m5_p=0.5112  m6_ic=0.1113
[21:19:15]   HIT  MOEXOG             sanctions_emb    lag= 30 m5_p=0.5821  m6_ic=0.0788
[21:19:18]   HIT  MOEXOG             inflation_emb    lag= 90 m5_p=0.6551  m6_ic=0.0749
[21:19:18]   HIT  MOEXOG             banking_emb      lag=  7 m5_p=0.9745  m6_ic=0.0637
[21:19:19]   HIT  MOEXOG             banking_emb      lag= 90 m5_p=0.5357  m6_ic=0.1317
[21:19:20]   HIT  MOEXOG             gold_emb         lag=  7 m5_p=0.2981  m6_ic=0.0520
[21:19:20]   HIT  MOEXOG             gold_emb         lag= 60 m5_p=0.2375  m6_ic=0.0767
[21:19:21]   HIT  MOEXOG             gold_emb         lag= 90 m5_p=0.5651  m6_ic=0.0634
[21:19:22]   HIT  MOEX10             oil_emb          lag= 30 m5_p=0.1828  m6_ic=0.0573
[21:19:23]   HIT  MOEX10             rate_emb         lag=  1 m5_p=0.0783  m6_ic=0.0526
[21:19:23]   HIT  MOEX10             rate_emb         lag=  7 m5_p=0.2159  m6_ic=0.0714
[21:19:23]   HIT  MOEX10             rate_emb         lag= 30 m5_p=0.7477  m6_ic=0.0642
[21:19:26]   HIT  MOEX10             sanctions_emb    lag=  1 m5_p=0.4780  m6_ic=0.1139
[21:19:28]   HIT  MOEX10             inflation_emb    lag= 14 m5_p=0.9331  m6_ic=0.0770
[21:19:29]   HIT  MOEX10             banking_emb      lag=  7 m5_p=0.9801  m6_ic=0.0639
[21:19:30]   HIT  MOEX10             banking_emb      lag= 60 m5_p=0.4106  m6_ic=0.0596
[21:19:30]   HIT  MOEX10             banking_emb      lag= 90 m5_p=0.3198  m6_ic=0.1165
[21:19:31]   HIT  MOEX10             gold_emb         lag=  1 m5_p=0.6671  m6_ic=0.0503
[21:19:31]   HIT  MOEX10             gold_emb         lag=  7 m5_p=0.1483  m6_ic=0.1153
[21:19:31]   HIT  MOEX10             gold_emb         lag= 30 m5_p=0.3250  m6_ic=0.0731
[21:19:31]   HIT  MOEX10             gold_emb         lag= 60 m5_p=0.4497  m6_ic=0.0830
[21:19:32]   HIT  MOEX10             gold_emb         lag= 90 m5_p=0.6707  m6_ic=0.0583
[21:19:32]     Train: 245 signals
[21:19:32]     Val holdout (245 candidates)...
[21:19:32]     VAL PASS  SP500              oil_emb          lag= 30  m6_ic=0.0899
[21:19:33]     VAL PASS  SP500              ruble_emb        lag= 14  m6_ic=0.0561
[21:19:34]     VAL PASS  SP500              inflation_emb    lag=  7  m6_ic=0.0586
[21:19:35]     VAL PASS  SP500              inflation_emb    lag= 90  m6_ic=0.0773
[21:19:35]     VAL PASS  USD_RUB            oil_emb          lag=  1  m6_ic=0.0595
[21:19:36]     VAL PASS  USD_RUB            oil_emb          lag= 30  m6_ic=0.0648
[21:19:36]     VAL PASS  USD_RUB            rate_emb         lag= 30  m6_ic=0.0915
[21:19:36]     VAL PASS  USD_RUB            ruble_emb        lag= 14  m6_ic=0.0778
[21:19:37]     VAL PASS  USD_RUB            sanctions_emb    lag=  7  m6_ic=0.0617
[21:19:37]     VAL PASS  USD_RUB            sanctions_emb    lag= 60  m6_ic=0.1789
[21:19:37]     VAL PASS  USD_RUB            banking_emb      lag=  1  m6_ic=0.0940
[21:19:38]     VAL PASS  EUR_RUB            oil_emb          lag=  1  m6_ic=0.0595
[21:19:38]     VAL PASS  EUR_RUB            oil_emb          lag= 30  m6_ic=0.0648
[21:19:39]     VAL PASS  EUR_RUB            rate_emb         lag= 30  m6_ic=0.0915
[21:19:39]     VAL PASS  EUR_RUB            ruble_emb        lag= 14  m6_ic=0.0778
[21:19:39]     VAL PASS  EUR_RUB            sanctions_emb    lag=  7  m6_ic=0.0617
[21:19:40]     VAL PASS  EUR_RUB            sanctions_emb    lag= 60  m6_ic=0.1789
[21:19:40]     VAL PASS  EUR_RUB            banking_emb      lag=  1  m6_ic=0.0940
[21:19:41]     VAL PASS  DJ_SOUTH_AFRICA    oil_emb          lag= 14  m6_ic=0.0911
[21:19:41]     VAL PASS  DJ_SOUTH_AFRICA    rate_emb         lag= 14  m6_ic=0.1277
[21:19:42]     VAL PASS  DJ_SOUTH_AFRICA    rate_emb         lag= 30  m6_ic=0.0900
[21:19:45]     VAL PASS  MSCI_WORLD         inflation_emb    lag= 90  m6_ic=0.0550
[21:19:46]     VAL PASS  MSCI_WORLD         gold_emb         lag= 14  m6_ic=0.1109
[21:19:47]     VAL PASS  DXY                oil_emb          lag= 90  m6_ic=0.0637
[21:19:47]     VAL PASS  DXY                rate_emb         lag= 30  m6_ic=0.0598
[21:19:47]     VAL PASS  DXY                rate_emb         lag= 60  m6_ic=0.0945
[21:19:48]     VAL PASS  DXY                rate_emb         lag= 90  m6_ic=0.0568
[21:19:48]     VAL PASS  DXY                ruble_emb        lag=  7  m6_ic=0.0603
[21:19:48]     VAL PASS  DXY                ruble_emb        lag= 90  m6_ic=0.0535
[21:19:49]     VAL PASS  DXY                sanctions_emb    lag= 14  m6_ic=0.0835
[21:19:49]     VAL PASS  DXY                inflation_emb    lag=  7  m6_ic=0.0584
[21:19:49]     VAL PASS  DXY                inflation_emb    lag= 90  m6_ic=0.0985
[21:19:50]     VAL PASS  DXY                gold_emb         lag= 30  m6_ic=0.0619
[21:19:50]     VAL PASS  BRENT              oil_emb          lag= 30  m6_ic=0.0584
[21:19:51]     VAL PASS  BRENT              oil_emb          lag= 90  m6_ic=0.1526
[21:19:51]     VAL PASS  BRENT              rate_emb         lag= 30  m6_ic=0.1135
[21:19:54]     VAL PASS  BRENT              banking_emb      lag= 60  m6_ic=0.0686
[21:19:56]     VAL PASS  MSCI_INDIA         ruble_emb        lag= 30  m6_ic=0.0554
[21:19:57]     VAL PASS  MSCI_INDIA         inflation_emb    lag= 14  m6_ic=0.0752
[21:19:57]     VAL PASS  MSCI_INDIA         inflation_emb    lag= 60  m6_ic=0.0970
[21:19:58]     VAL PASS  MSCI_INDIA         banking_emb      lag= 30  m6_ic=0.1132
[21:19:58]     VAL PASS  MSCI_INDIA         gold_emb         lag= 60  m6_ic=0.1030
[21:19:58]     VAL PASS  MSCI_INDIA         gold_emb         lag= 90  m6_ic=0.0589
[21:19:58]     VAL PASS  CHINA_H_SHARES     oil_emb          lag=  1  m6_ic=0.0608
[21:19:59]     VAL PASS  CHINA_H_SHARES     oil_emb          lag= 30  m6_ic=0.1113
[21:19:59]     VAL PASS  CHINA_H_SHARES     oil_emb          lag= 90  m6_ic=0.1192
[21:19:59]     VAL PASS  CHINA_H_SHARES     ruble_emb        lag=  7  m6_ic=0.0892
[21:20:00]     VAL PASS  CHINA_H_SHARES     ruble_emb        lag= 60  m6_ic=0.1918
[21:20:00]     VAL PASS  CHINA_H_SHARES     sanctions_emb    lag=  7  m6_ic=0.0572
[21:20:00]     VAL PASS  CHINA_H_SHARES     sanctions_emb    lag= 60  m6_ic=0.1845
[21:20:02]     VAL PASS  CHINA_H_SHARES     banking_emb      lag= 60  m6_ic=0.0687
[21:20:02]     VAL PASS  CHINA_H_SHARES     gold_emb         lag=  7  m6_ic=0.1018
[21:20:02]     VAL PASS  CHINA_H_SHARES     gold_emb         lag= 14  m6_ic=0.0745
[21:20:03]     VAL PASS  CHINA_H_SHARES     gold_emb         lag= 30  m6_ic=0.0575
[21:20:03]     VAL PASS  FTSE_CHINA_50      oil_emb          lag= 30  m6_ic=0.0821
[21:20:04]     VAL PASS  FTSE_CHINA_50      rate_emb         lag= 14  m6_ic=0.0535
[21:20:04]     VAL PASS  FTSE_CHINA_50      rate_emb         lag= 60  m6_ic=0.1732
[21:20:05]     VAL PASS  FTSE_CHINA_50      ruble_emb        lag= 14  m6_ic=0.0635
[21:20:05]     VAL PASS  FTSE_CHINA_50      ruble_emb        lag= 60  m6_ic=0.1854
[21:20:05]     VAL PASS  FTSE_CHINA_50      sanctions_emb    lag=  7  m6_ic=0.0501
[21:20:06]     VAL PASS  FTSE_CHINA_50      sanctions_emb    lag= 30  m6_ic=0.0560
[21:20:06]     VAL PASS  FTSE_CHINA_50      inflation_emb    lag= 14  m6_ic=0.0955
[21:20:07]     VAL PASS  FTSE_CHINA_50      gold_emb         lag=  7  m6_ic=0.0691
[21:20:07]     VAL PASS  FTSE_CHINA_50      gold_emb         lag= 14  m6_ic=0.0930
[21:20:07]     VAL PASS  FTSE_CHINA_50      gold_emb         lag= 30  m6_ic=0.0742
[21:20:09]     VAL PASS  GOLD               inflation_emb    lag=  7  m6_ic=0.1382
[21:20:10]     VAL PASS  GOLD               inflation_emb    lag= 30  m6_ic=0.0972
[21:20:10]     VAL PASS  GOLD               gold_emb         lag=  7  m6_ic=0.0636
[21:20:11]     VAL PASS  GOLD               gold_emb         lag= 60  m6_ic=0.0929
[21:20:11]     VAL PASS  SILVER             oil_emb          lag= 30  m6_ic=0.1323
[21:20:13]     VAL PASS  SILVER             banking_emb      lag= 30  m6_ic=0.0590
[21:20:13]     VAL PASS  SILVER             banking_emb      lag= 60  m6_ic=0.1231
[21:20:13]     VAL PASS  SILVER             gold_emb         lag= 14  m6_ic=0.0661
[21:20:13]     VAL PASS  SILVER             gold_emb         lag= 30  m6_ic=0.1091
[21:20:14]     VAL PASS  IMOEX              oil_emb          lag= 60  m6_ic=0.0824
[21:20:14]     VAL PASS  IMOEX              oil_emb          lag= 90  m6_ic=0.1022
[21:20:14]     VAL PASS  IMOEX              rate_emb         lag= 14  m6_ic=0.1414
[21:20:15]     VAL PASS  IMOEX              rate_emb         lag= 30  m6_ic=0.1107
[21:20:15]     VAL PASS  IMOEX              ruble_emb        lag=  1  m6_ic=0.0690
[21:20:15]     VAL PASS  IMOEX              ruble_emb        lag= 14  m6_ic=0.0690
[21:20:16]     VAL PASS  IMOEX              sanctions_emb    lag=  1  m6_ic=0.0531
[21:20:16]     VAL PASS  IMOEX              sanctions_emb    lag=  7  m6_ic=0.0613
[21:20:16]     VAL PASS  IMOEX              inflation_emb    lag=  1  m6_ic=0.0941
[21:20:16]     VAL PASS  IMOEX              banking_emb      lag= 60  m6_ic=0.0863
[21:20:17]     VAL PASS  IMOEX              banking_emb      lag= 90  m6_ic=0.0974
[21:20:17]     VAL PASS  IMOEX              gold_emb         lag= 90  m6_ic=0.0794
[21:20:18]     VAL PASS  MOEXFN             oil_emb          lag= 30  m6_ic=0.0898
[21:20:18]     VAL PASS  MOEXFN             oil_emb          lag= 90  m6_ic=0.1277
[21:20:18]     VAL PASS  MOEXFN             rate_emb         lag=  7  m6_ic=0.0698
[21:20:19]     VAL PASS  MOEXFN             rate_emb         lag= 14  m6_ic=0.1303
[21:20:19]     VAL PASS  MOEXFN             rate_emb         lag= 30  m6_ic=0.0674
[21:20:19]     VAL PASS  MOEXFN             ruble_emb        lag=  1  m6_ic=0.0860
[21:20:20]     VAL PASS  MOEXFN             sanctions_emb    lag= 30  m6_ic=0.1165
[21:20:20]     VAL PASS  MOEXFN             banking_emb      lag=  7  m6_ic=0.0610
[21:20:21]     VAL PASS  MOEXOG             rate_emb         lag= 14  m6_ic=0.1214
[21:20:22]     VAL PASS  MOEXOG             rate_emb         lag= 30  m6_ic=0.0919
[21:20:22]     VAL PASS  MOEXOG             ruble_emb        lag=  7  m6_ic=0.0711
[21:20:22]     VAL PASS  MOEXOG             ruble_emb        lag= 90  m6_ic=0.0592
[21:20:22]     VAL PASS  MOEXOG             sanctions_emb    lag=  7  m6_ic=0.0598
[21:20:23]     VAL PASS  MOEXOG             sanctions_emb    lag= 30  m6_ic=0.0790
[21:20:23]     VAL PASS  MOEXOG             banking_emb      lag=  7  m6_ic=0.0733
[21:20:23]     VAL PASS  MOEXOG             banking_emb      lag= 90  m6_ic=0.0640
[21:20:24]     VAL PASS  MOEXOG             gold_emb         lag= 60  m6_ic=0.1318
[21:20:24]     VAL PASS  MOEXOG             gold_emb         lag= 90  m6_ic=0.1053
[21:20:25]     VAL PASS  MOEX10             oil_emb          lag= 30  m6_ic=0.0996
[21:20:25]     VAL PASS  MOEX10             rate_emb         lag= 30  m6_ic=0.0699
[21:20:26]     VAL PASS  MOEX10             sanctions_emb    lag=  1  m6_ic=0.0568
[21:20:26]     VAL PASS  MOEX10             banking_emb      lag=  7  m6_ic=0.0565
[21:20:26]     VAL PASS  MOEX10             banking_emb      lag= 60  m6_ic=0.0678
[21:20:27]     VAL PASS  MOEX10             banking_emb      lag= 90  m6_ic=0.1123
[21:20:27]     VAL PASS  MOEX10             gold_emb         lag=  7  m6_ic=0.0845
[21:20:27]     VAL PASS  MOEX10             gold_emb         lag= 60  m6_ic=0.1421
[21:20:28]     VAL PASS  MOEX10             gold_emb         lag= 90  m6_ic=0.0613
[21:20:28]     Val: 113/245 held
[21:20:28]   → train=245  val=113  max_ic=0.1779  score=2702.7
[21:20:28] 
============================================================
[21:20:28] FINAL REPORT
[21:20:28] ============================================================
[21:20:29] Report: C:\project\signal_mind\analytics\phase_b\night_search\night_report_20260520_203734.md
[21:20:29] Hits CSV: C:\project\signal_mind\analytics\phase_b\night_search\night_hits_20260520_203734.csv
[21:20:29] 
[3/7] r2_m6strict_keyword_z90_abs_return  (budget=87min)
[21:20:29]   Config: r2_m6strict_keyword_z90_abs_return
[21:20:29]     feature=keyword_z90  target=abs_return  ensemble=M6_only  ic_min=0.05
[21:20:30]   HIT  SP500              oil_z            lag=  7 m5_p=0.6748  m6_ic=0.0527
[21:20:30]   HIT  SP500              oil_z            lag= 14 m5_p=0.7862  m6_ic=0.1014
[21:20:31]   HIT  SP500              oil_z            lag= 90 m5_p=0.6483  m6_ic=0.0626
[21:20:31]   HIT  SP500              rate_z           lag=  1 m5_p=0.4366  m6_ic=0.0510
[21:20:31]   HIT  SP500              rate_z           lag=  7 m5_p=0.8581  m6_ic=0.0547
[21:20:32]   HIT  SP500              rate_z           lag= 14 m5_p=0.9377  m6_ic=0.0710
[21:20:33]   HIT  SP500              rate_z           lag= 90 m5_p=0.7958  m6_ic=0.1028
[21:20:33]   HIT  SP500              ruble_z          lag=  1 m5_p=0.6337  m6_ic=0.0566
[21:20:34]   HIT  SP500              ruble_z          lag= 90 m5_p=0.5817  m6_ic=0.0630
[21:20:34]   HIT  SP500              sanctions_z      lag=  1 m5_p=0.4430  m6_ic=0.0698
[21:20:35]   HIT  SP500              sanctions_z      lag=  7 m5_p=0.7751  m6_ic=0.0709
[21:20:35]   HIT  SP500              sanctions_z      lag= 60 m5_p=0.9864  m6_ic=0.0701
[21:20:36]   HIT  SP500              inflation_z      lag=  7 m5_p=0.5052  m6_ic=0.0847
[21:20:37]   HIT  SP500              inflation_z      lag= 30 m5_p=0.6300  m6_ic=0.0727
[21:20:38]   HIT  SP500              banking_z        lag=  1 m5_p=0.8581  m6_ic=0.0508
[21:20:40]   HIT  SP500              gold_z           lag=  7 m5_p=0.7528  m6_ic=0.0567
[21:20:40]   HIT  SP500              gold_z           lag= 60 m5_p=0.6742  m6_ic=0.0717
[21:20:41]   HIT  USD_RUB            oil_z            lag= 14 m5_p=0.6692  m6_ic=0.0580
[21:20:42]   HIT  USD_RUB            oil_z            lag= 30 m5_p=0.4686  m6_ic=0.0829
[21:20:43]   HIT  USD_RUB            rate_z           lag=  1 m5_p=0.9318  m6_ic=0.1048
[21:20:43]   HIT  USD_RUB            rate_z           lag= 30 m5_p=0.3641  m6_ic=0.0830
[21:20:44]   HIT  USD_RUB            rate_z           lag= 90 m5_p=0.2379  m6_ic=0.0686
[21:20:45]   HIT  USD_RUB            ruble_z          lag= 14 m5_p=0.9816  m6_ic=0.1100
[21:20:45]   HIT  USD_RUB            ruble_z          lag= 60 m5_p=0.7312  m6_ic=0.0742
[21:20:46]   HIT  USD_RUB            ruble_z          lag= 90 m5_p=0.9662  m6_ic=0.1145
[21:20:46]   HIT  USD_RUB            sanctions_z      lag= 14 m5_p=0.6089  m6_ic=0.0672
[21:20:46]   HIT  USD_RUB            sanctions_z      lag= 30 m5_p=0.1916  m6_ic=0.0594
[21:20:49]   HIT  USD_RUB            inflation_z      lag= 90 m5_p=0.2806  m6_ic=0.0713
[21:20:51]   HIT  USD_RUB            gold_z           lag= 60 m5_p=0.5684  m6_ic=0.1113
[21:20:52]   HIT  EUR_RUB            oil_z            lag= 14 m5_p=0.6692  m6_ic=0.0580
[21:20:53]   HIT  EUR_RUB            oil_z            lag= 30 m5_p=0.4686  m6_ic=0.0829
[21:20:54]   HIT  EUR_RUB            rate_z           lag=  1 m5_p=0.9318  m6_ic=0.1048
[21:20:54]   HIT  EUR_RUB            rate_z           lag= 30 m5_p=0.3641  m6_ic=0.0830
[21:20:55]   HIT  EUR_RUB            rate_z           lag= 90 m5_p=0.2379  m6_ic=0.0686
[21:20:56]   HIT  EUR_RUB            ruble_z          lag= 14 m5_p=0.9816  m6_ic=0.1100
[21:20:56]   HIT  EUR_RUB            ruble_z          lag= 60 m5_p=0.7312  m6_ic=0.0742
[21:20:57]   HIT  EUR_RUB            ruble_z          lag= 90 m5_p=0.9662  m6_ic=0.1145
[21:20:57]   HIT  EUR_RUB            sanctions_z      lag= 14 m5_p=0.6089  m6_ic=0.0672
[21:20:57]   HIT  EUR_RUB            sanctions_z      lag= 30 m5_p=0.1916  m6_ic=0.0594
[21:21:00]   HIT  EUR_RUB            inflation_z      lag= 90 m5_p=0.2806  m6_ic=0.0713
[21:21:02]   HIT  EUR_RUB            gold_z           lag= 60 m5_p=0.5684  m6_ic=0.1113
[21:21:05]   HIT  DJ_SOUTH_AFRICA    oil_z            lag= 90 m5_p=0.2402  m6_ic=0.0802
[21:21:06]   HIT  DJ_SOUTH_AFRICA    rate_z           lag= 60 m5_p=0.7816  m6_ic=0.1164
[21:21:08]   HIT  DJ_SOUTH_AFRICA    sanctions_z      lag= 14 m5_p=0.0779  m6_ic=0.0913
[21:21:10]   HIT  DJ_SOUTH_AFRICA    inflation_z      lag= 14 m5_p=0.3188  m6_ic=0.0959
[21:21:10]   HIT  DJ_SOUTH_AFRICA    inflation_z      lag= 30 m5_p=0.7929  m6_ic=0.0511
[21:21:11]   HIT  DJ_SOUTH_AFRICA    inflation_z      lag= 60 m5_p=0.8564  m6_ic=0.0611
[21:21:11]   HIT  DJ_SOUTH_AFRICA    banking_z        lag=  1 m5_p=0.7066  m6_ic=0.0641
[21:21:11]   HIT  DJ_SOUTH_AFRICA    banking_z        lag=  7 m5_p=0.5309  m6_ic=0.0672
[21:21:12]   HIT  DJ_SOUTH_AFRICA    banking_z        lag= 30 m5_p=0.4462  m6_ic=0.1268
[21:21:12]   HIT  DJ_SOUTH_AFRICA    banking_z        lag= 60 m5_p=0.9748  m6_ic=0.0972
[21:21:14]   HIT  DJ_SOUTH_AFRICA    gold_z           lag= 60 m5_p=0.3428  m6_ic=0.0562
[21:21:16]   HIT  MSCI_WORLD         rate_z           lag=  7 m5_p=0.2870  m6_ic=0.0667
[21:21:17]   HIT  MSCI_WORLD         rate_z           lag= 90 m5_p=0.7478  m6_ic=0.1517
[21:21:18]   HIT  MSCI_WORLD         ruble_z          lag=  1 m5_p=0.8080  m6_ic=0.0853
[21:21:18]   HIT  MSCI_WORLD         ruble_z          lag=  7 m5_p=0.9167  m6_ic=0.0921
[21:21:19]   HIT  MSCI_WORLD         ruble_z          lag= 90 m5_p=0.6188  m6_ic=0.1066
[21:21:20]   HIT  MSCI_WORLD         sanctions_z      lag= 14 m5_p=0.0137  m6_ic=0.0993
[21:21:20]   HIT  MSCI_WORLD         sanctions_z      lag= 60 m5_p=0.3532  m6_ic=0.0918
[21:21:21]   HIT  MSCI_WORLD         sanctions_z      lag= 90 m5_p=0.2693  m6_ic=0.1154
[21:21:22]   HIT  MSCI_WORLD         inflation_z      lag= 60 m5_p=0.6673  m6_ic=0.0575
[21:21:22]   HIT  MSCI_WORLD         inflation_z      lag= 90 m5_p=0.4112  m6_ic=0.0621
[21:21:22]   HIT  MSCI_WORLD         banking_z        lag=  7 m5_p=0.2023  m6_ic=0.0786
[21:21:23]   HIT  MSCI_WORLD         banking_z        lag= 60 m5_p=0.2813  m6_ic=0.0592
[21:21:25]   HIT  MSCI_WORLD         gold_z           lag= 90 m5_p=0.9810  m6_ic=0.0894
[21:21:25]   HIT  DXY                oil_z            lag=  1 m5_p=0.2414  m6_ic=0.0793
[21:21:26]   HIT  DXY                oil_z            lag= 30 m5_p=0.9815  m6_ic=0.0813
[21:21:27]   HIT  DXY                oil_z            lag= 90 m5_p=0.9912  m6_ic=0.0635
[21:21:27]   HIT  DXY                rate_z           lag=  7 m5_p=0.2421  m6_ic=0.0551
[21:21:29]   HIT  DXY                ruble_z          lag= 60 m5_p=0.8247  m6_ic=0.0943
[21:21:31]   HIT  DXY                sanctions_z      lag= 60 m5_p=0.5423  m6_ic=0.0663
[21:21:32]   HIT  DXY                inflation_z      lag=  7 m5_p=0.2981  m6_ic=0.0602
[21:21:32]   HIT  DXY                inflation_z      lag= 60 m5_p=0.8323  m6_ic=0.0536
[21:21:33]   HIT  DXY                banking_z        lag=  1 m5_p=0.2260  m6_ic=0.0604
[21:21:35]   HIT  DXY                gold_z           lag=  7 m5_p=0.1179  m6_ic=0.0653
[21:21:35]   HIT  DXY                gold_z           lag= 14 m5_p=0.9351  m6_ic=0.1175
[21:21:37]   HIT  BRENT              oil_z            lag= 30 m5_p=0.8551  m6_ic=0.0800
[21:21:37]   HIT  BRENT              oil_z            lag= 60 m5_p=0.2735  m6_ic=0.1269
[21:21:39]   HIT  BRENT              rate_z           lag= 60 m5_p=0.8882  m6_ic=0.0770
[21:21:39]   HIT  BRENT              rate_z           lag= 90 m5_p=0.8229  m6_ic=0.0602
[21:21:40]   HIT  BRENT              ruble_z          lag= 30 m5_p=0.4153  m6_ic=0.1042
[21:21:41]   HIT  BRENT              ruble_z          lag= 90 m5_p=0.5436  m6_ic=0.0678
[21:21:41]   HIT  BRENT              sanctions_z      lag=  7 m5_p=0.9600  m6_ic=0.0553
[21:21:43]   HIT  BRENT              inflation_z      lag= 14 m5_p=0.6837  m6_ic=0.1134
[21:21:44]   HIT  BRENT              banking_z        lag=  1 m5_p=0.7337  m6_ic=0.0561
[21:21:44]   HIT  BRENT              banking_z        lag=  7 m5_p=0.1672  m6_ic=0.0787
[21:21:47]   HIT  BRENT              gold_z           lag= 60 m5_p=0.8769  m6_ic=0.0518
[21:21:48]   HIT  MSCI_INDIA         oil_z            lag= 60 m5_p=0.9855  m6_ic=0.0980
[21:21:49]   HIT  MSCI_INDIA         rate_z           lag= 14 m5_p=0.6407  m6_ic=0.0556
[21:21:50]   HIT  MSCI_INDIA         rate_z           lag= 90 m5_p=0.8636  m6_ic=0.0796
[21:21:50]   HIT  MSCI_INDIA         ruble_z          lag=  1 m5_p=0.7407  m6_ic=0.0782
[21:21:51]   HIT  MSCI_INDIA         ruble_z          lag= 30 m5_p=0.6840  m6_ic=0.1163
[21:21:52]   HIT  MSCI_INDIA         ruble_z          lag= 90 m5_p=0.6185  m6_ic=0.0868
[21:21:52]   HIT  MSCI_INDIA         sanctions_z      lag=  1 m5_p=0.8390  m6_ic=0.0804
[21:21:52]   HIT  MSCI_INDIA         sanctions_z      lag=  7 m5_p=0.6660  m6_ic=0.0532
[21:21:53]   HIT  MSCI_INDIA         sanctions_z      lag= 30 m5_p=0.7515  m6_ic=0.0537
[21:21:53]   HIT  MSCI_INDIA         sanctions_z      lag= 60 m5_p=0.4506  m6_ic=0.0842
[21:21:53]   HIT  MSCI_INDIA         sanctions_z      lag= 90 m5_p=0.9105  m6_ic=0.0866
[21:21:55]   HIT  MSCI_INDIA         inflation_z      lag= 90 m5_p=0.7698  m6_ic=0.0550
[21:21:55]   HIT  MSCI_INDIA         banking_z        lag=  7 m5_p=0.6346  m6_ic=0.0664
[21:21:56]   HIT  MSCI_INDIA         banking_z        lag= 14 m5_p=0.3996  m6_ic=0.0755
[21:21:56]   HIT  MSCI_INDIA         banking_z        lag= 30 m5_p=0.5097  m6_ic=0.1499
[21:21:56]   HIT  MSCI_INDIA         banking_z        lag= 90 m5_p=0.4741  m6_ic=0.0529
[21:21:57]   HIT  MSCI_INDIA         gold_z           lag=  1 m5_p=0.5637  m6_ic=0.0718
[21:21:57]   HIT  MSCI_INDIA         gold_z           lag= 14 m5_p=0.2356  m6_ic=0.1126
[21:21:58]   HIT  MSCI_INDIA         gold_z           lag= 60 m5_p=0.5479  m6_ic=0.1041
[21:21:58]   HIT  CHINA_H_SHARES     oil_z            lag=  7 m5_p=0.3879  m6_ic=0.0652
[21:21:59]   HIT  CHINA_H_SHARES     oil_z            lag= 30 m5_p=0.6605  m6_ic=0.0794
[21:21:59]   HIT  CHINA_H_SHARES     oil_z            lag= 60 m5_p=0.6681  m6_ic=0.1319
[21:22:00]   HIT  CHINA_H_SHARES     oil_z            lag= 90 m5_p=0.4793  m6_ic=0.0766
[21:22:00]   HIT  CHINA_H_SHARES     rate_z           lag=  1 m5_p=0.0778  m6_ic=0.0808
[21:22:00]   HIT  CHINA_H_SHARES     rate_z           lag=  7 m5_p=0.8293  m6_ic=0.0837
[21:22:00]   HIT  CHINA_H_SHARES     rate_z           lag= 14 m5_p=0.7421  m6_ic=0.0693
[21:22:01]   HIT  CHINA_H_SHARES     rate_z           lag= 60 m5_p=0.6374  m6_ic=0.0948
[21:22:02]   HIT  CHINA_H_SHARES     ruble_z          lag= 60 m5_p=0.9203  m6_ic=0.1099
[21:22:04]   HIT  CHINA_H_SHARES     sanctions_z      lag= 30 m5_p=0.2065  m6_ic=0.0882
[21:22:04]   HIT  CHINA_H_SHARES     sanctions_z      lag= 60 m5_p=0.9197  m6_ic=0.0797
[21:22:04]   HIT  CHINA_H_SHARES     sanctions_z      lag= 90 m5_p=0.7773  m6_ic=0.0890
[21:22:05]   HIT  CHINA_H_SHARES     inflation_z      lag= 60 m5_p=0.7289  m6_ic=0.0874
[21:22:06]   HIT  CHINA_H_SHARES     inflation_z      lag= 90 m5_p=0.7802  m6_ic=0.0652
[21:22:06]   HIT  CHINA_H_SHARES     banking_z        lag=  7 m5_p=0.9238  m6_ic=0.0517
[21:22:08]   HIT  CHINA_H_SHARES     gold_z           lag=  1 m5_p=0.3506  m6_ic=0.0655
[21:22:08]   HIT  CHINA_H_SHARES     gold_z           lag=  7 m5_p=0.2418  m6_ic=0.0632
[21:22:08]   HIT  CHINA_H_SHARES     gold_z           lag= 30 m5_p=0.9133  m6_ic=0.0892
[21:22:09]   HIT  FTSE_CHINA_50      oil_z            lag=  1 m5_p=0.4418  m6_ic=0.0537
[21:22:10]   HIT  FTSE_CHINA_50      oil_z            lag= 30 m5_p=0.6776  m6_ic=0.0983
[21:22:10]   HIT  FTSE_CHINA_50      oil_z            lag= 60 m5_p=0.4530  m6_ic=0.1566
[21:22:11]   HIT  FTSE_CHINA_50      oil_z            lag= 90 m5_p=0.8766  m6_ic=0.0576
[21:22:11]   HIT  FTSE_CHINA_50      rate_z           lag=  1 m5_p=0.0686  m6_ic=0.0939
[21:22:11]   HIT  FTSE_CHINA_50      rate_z           lag=  7 m5_p=0.9920  m6_ic=0.0796
[21:22:11]   HIT  FTSE_CHINA_50      rate_z           lag= 14 m5_p=0.9641  m6_ic=0.0636
[21:22:12]   HIT  FTSE_CHINA_50      rate_z           lag= 60 m5_p=0.8194  m6_ic=0.1049
[21:22:12]   HIT  FTSE_CHINA_50      rate_z           lag= 90 m5_p=0.9278  m6_ic=0.0539
[21:22:13]   HIT  FTSE_CHINA_50      ruble_z          lag= 60 m5_p=0.7556  m6_ic=0.1017
[21:22:14]   HIT  FTSE_CHINA_50      ruble_z          lag= 90 m5_p=0.6851  m6_ic=0.0505
[21:22:14]   HIT  FTSE_CHINA_50      sanctions_z      lag=  7 m5_p=0.6112  m6_ic=0.0567
[21:22:15]   HIT  FTSE_CHINA_50      sanctions_z      lag= 30 m5_p=0.1301  m6_ic=0.0854
[21:22:15]   HIT  FTSE_CHINA_50      sanctions_z      lag= 60 m5_p=0.7502  m6_ic=0.0856
[21:22:15]   HIT  FTSE_CHINA_50      sanctions_z      lag= 90 m5_p=0.6721  m6_ic=0.0818
[21:22:16]   HIT  FTSE_CHINA_50      inflation_z      lag= 60 m5_p=0.7981  m6_ic=0.0631
[21:22:17]   HIT  FTSE_CHINA_50      inflation_z      lag= 90 m5_p=0.9206  m6_ic=0.0689
[21:22:17]   HIT  FTSE_CHINA_50      banking_z        lag=  7 m5_p=0.9999  m6_ic=0.0536
[21:22:19]   HIT  FTSE_CHINA_50      gold_z           lag=  1 m5_p=0.2753  m6_ic=0.0715
[21:22:19]   HIT  FTSE_CHINA_50      gold_z           lag=  7 m5_p=0.2675  m6_ic=0.0782
[21:22:19]   HIT  FTSE_CHINA_50      gold_z           lag= 30 m5_p=0.7492  m6_ic=0.1108
[21:22:20]   HIT  GOLD               oil_z            lag=  1 m5_p=0.3410  m6_ic=0.0740
[21:22:21]   HIT  GOLD               oil_z            lag= 30 m5_p=0.8937  m6_ic=0.0544
[21:22:21]   HIT  GOLD               oil_z            lag= 60 m5_p=0.9014  m6_ic=0.0752
[21:22:21]   HIT  GOLD               oil_z            lag= 90 m5_p=0.5624  m6_ic=0.0833
[21:22:22]   HIT  GOLD               rate_z           lag=  1 m5_p=0.9320  m6_ic=0.0944
[21:22:22]   HIT  GOLD               rate_z           lag= 14 m5_p=0.1962  m6_ic=0.0795
[21:22:22]   HIT  GOLD               rate_z           lag= 60 m5_p=0.5491  m6_ic=0.0636
[21:22:24]   HIT  GOLD               ruble_z          lag= 30 m5_p=0.8547  m6_ic=0.1470
[21:22:24]   HIT  GOLD               ruble_z          lag= 60 m5_p=0.7659  m6_ic=0.1186
[21:22:24]   HIT  GOLD               ruble_z          lag= 90 m5_p=0.9028  m6_ic=0.0600
[21:22:25]   HIT  GOLD               sanctions_z      lag= 14 m5_p=0.1815  m6_ic=0.0689
[21:22:25]   HIT  GOLD               sanctions_z      lag= 30 m5_p=0.0688  m6_ic=0.0646
[21:22:26]   HIT  GOLD               inflation_z      lag=  7 m5_p=0.0163  m6_ic=0.1378
[21:22:27]   HIT  GOLD               inflation_z      lag= 90 m5_p=0.7992  m6_ic=0.0754
[21:22:28]   HIT  GOLD               banking_z        lag= 60 m5_p=0.9913  m6_ic=0.0991
[21:22:29]   HIT  GOLD               gold_z           lag=  7 m5_p=0.9611  m6_ic=0.1063
[21:22:29]   HIT  GOLD               gold_z           lag= 14 m5_p=0.0545  m6_ic=0.0797
[21:22:30]   HIT  GOLD               gold_z           lag= 90 m5_p=0.5023  m6_ic=0.1015
[21:22:31]   HIT  SILVER             oil_z            lag= 30 m5_p=0.5800  m6_ic=0.0502
[21:22:31]   HIT  SILVER             oil_z            lag= 60 m5_p=0.4103  m6_ic=0.0550
[21:22:31]   HIT  SILVER             oil_z            lag= 90 m5_p=0.8355  m6_ic=0.0775
[21:22:32]   HIT  SILVER             rate_z           lag=  7 m5_p=0.2690  m6_ic=0.1576
[21:22:32]   HIT  SILVER             rate_z           lag= 14 m5_p=0.7726  m6_ic=0.1103
[21:22:34]   HIT  SILVER             ruble_z          lag= 90 m5_p=0.9695  m6_ic=0.0573
[21:22:34]   HIT  SILVER             sanctions_z      lag=  7 m5_p=0.6731  m6_ic=0.0738
[21:22:35]   HIT  SILVER             sanctions_z      lag= 60 m5_p=0.7023  m6_ic=0.0603
[21:22:36]   HIT  SILVER             inflation_z      lag= 30 m5_p=0.3543  m6_ic=0.0508
[21:22:37]   HIT  SILVER             banking_z        lag=  1 m5_p=0.9566  m6_ic=0.0990
[21:22:39]   HIT  SILVER             gold_z           lag= 60 m5_p=0.8350  m6_ic=0.0684
[21:22:40]   HIT  IMOEX              oil_z            lag=  1 m5_p=0.2413  m6_ic=0.0580
[21:22:42]   HIT  IMOEX              rate_z           lag= 14 m5_p=0.2674  m6_ic=0.0817
[21:22:42]   HIT  IMOEX              rate_z           lag= 30 m5_p=0.4265  m6_ic=0.1355
[21:22:43]   HIT  IMOEX              ruble_z          lag=  1 m5_p=0.7600  m6_ic=0.1486
[21:22:43]   HIT  IMOEX              ruble_z          lag= 14 m5_p=0.3301  m6_ic=0.0746
[21:22:44]   HIT  IMOEX              ruble_z          lag= 30 m5_p=0.8361  m6_ic=0.0588
[21:22:44]   HIT  IMOEX              ruble_z          lag= 60 m5_p=0.6688  m6_ic=0.0978
[21:22:44]   HIT  IMOEX              ruble_z          lag= 90 m5_p=0.8489  m6_ic=0.0870
[21:22:46]   HIT  IMOEX              sanctions_z      lag= 90 m5_p=0.6260  m6_ic=0.0908
[21:22:46]   HIT  IMOEX              inflation_z      lag=  1 m5_p=0.2068  m6_ic=0.0652
[21:22:47]   HIT  IMOEX              inflation_z      lag= 30 m5_p=0.5172  m6_ic=0.0900
[21:22:47]   HIT  IMOEX              inflation_z      lag= 60 m5_p=0.5068  m6_ic=0.0678
[21:22:48]   HIT  IMOEX              banking_z        lag=  7 m5_p=0.1920  m6_ic=0.0512
[21:22:48]   HIT  IMOEX              banking_z        lag= 30 m5_p=0.0824  m6_ic=0.0624
[21:22:49]   HIT  IMOEX              banking_z        lag= 60 m5_p=0.9616  m6_ic=0.0751
[21:22:49]   HIT  IMOEX              banking_z        lag= 90 m5_p=0.5625  m6_ic=0.0545
[21:22:50]   HIT  IMOEX              gold_z           lag= 30 m5_p=0.3290  m6_ic=0.0581
[21:22:50]   HIT  IMOEX              gold_z           lag= 60 m5_p=0.4053  m6_ic=0.0970
[21:22:51]   HIT  MOEXFN             oil_z            lag=  1 m5_p=0.3589  m6_ic=0.1419
[21:22:51]   HIT  MOEXFN             oil_z            lag=  7 m5_p=0.3274  m6_ic=0.0580
[21:22:54]   HIT  MOEXFN             rate_z           lag= 90 m5_p=0.1989  m6_ic=0.0818
[21:22:54]   HIT  MOEXFN             ruble_z          lag=  1 m5_p=0.6517  m6_ic=0.0735
[21:22:54]   HIT  MOEXFN             ruble_z          lag=  7 m5_p=0.2104  m6_ic=0.0631
[21:22:54]   HIT  MOEXFN             ruble_z          lag= 14 m5_p=0.5300  m6_ic=0.0578
[21:22:55]   HIT  MOEXFN             ruble_z          lag= 90 m5_p=0.6900  m6_ic=0.0602
[21:22:55]   HIT  MOEXFN             sanctions_z      lag=  1 m5_p=0.0556  m6_ic=0.0696
[21:22:57]   HIT  MOEXFN             inflation_z      lag= 30 m5_p=0.4238  m6_ic=0.0521
[21:22:58]   HIT  MOEXFN             inflation_z      lag= 60 m5_p=0.3714  m6_ic=0.0972
[21:22:58]   HIT  MOEXFN             inflation_z      lag= 90 m5_p=0.3520  m6_ic=0.0598
[21:22:58]   HIT  MOEXFN             banking_z        lag=  7 m5_p=0.4758  m6_ic=0.0767
[21:22:59]   HIT  MOEXFN             banking_z        lag= 14 m5_p=0.1339  m6_ic=0.0699
[21:22:59]   HIT  MOEXFN             banking_z        lag= 90 m5_p=0.7302  m6_ic=0.1007
[21:23:01]   HIT  MOEXFN             gold_z           lag= 60 m5_p=0.5758  m6_ic=0.0604
[21:23:01]   HIT  MOEXOG             oil_z            lag=  1 m5_p=0.2170  m6_ic=0.1113
[21:23:03]   HIT  MOEXOG             oil_z            lag= 90 m5_p=0.7259  m6_ic=0.0946
[21:23:03]   HIT  MOEXOG             rate_z           lag=  1 m5_p=0.2176  m6_ic=0.0682
[21:23:04]   HIT  MOEXOG             ruble_z          lag=  1 m5_p=0.7748  m6_ic=0.1057
[21:23:05]   HIT  MOEXOG             ruble_z          lag= 60 m5_p=0.5663  m6_ic=0.0820
[21:23:06]   HIT  MOEXOG             sanctions_z      lag= 30 m5_p=0.7427  m6_ic=0.0935
[21:23:07]   HIT  MOEXOG             inflation_z      lag=  1 m5_p=0.1034  m6_ic=0.1183
[21:23:08]   HIT  MOEXOG             inflation_z      lag= 30 m5_p=0.8230  m6_ic=0.1764
[21:23:09]   HIT  MOEXOG             banking_z        lag= 30 m5_p=0.1176  m6_ic=0.0665
[21:23:10]   HIT  MOEXOG             banking_z        lag= 90 m5_p=0.5761  m6_ic=0.0818
[21:23:11]   HIT  MOEXOG             gold_z           lag= 30 m5_p=0.4799  m6_ic=0.0626
[21:23:11]   HIT  MOEXOG             gold_z           lag= 90 m5_p=0.8659  m6_ic=0.0510
[21:23:11]   HIT  MOEX10             oil_z            lag=  1 m5_p=0.3737  m6_ic=0.1661
[21:23:12]   HIT  MOEX10             oil_z            lag=  7 m5_p=0.4867  m6_ic=0.0718
[21:23:12]   HIT  MOEX10             oil_z            lag= 14 m5_p=0.7293  m6_ic=0.0705
[21:23:13]   HIT  MOEX10             rate_z           lag=  7 m5_p=0.3078  m6_ic=0.0524
[21:23:14]   HIT  MOEX10             rate_z           lag= 30 m5_p=0.4483  m6_ic=0.0572
[21:23:14]   HIT  MOEX10             rate_z           lag= 60 m5_p=0.2885  m6_ic=0.0518
[21:23:14]   HIT  MOEX10             ruble_z          lag=  1 m5_p=0.9719  m6_ic=0.1048
[21:23:15]   HIT  MOEX10             ruble_z          lag= 60 m5_p=0.7193  m6_ic=0.0554
[21:23:16]   HIT  MOEX10             ruble_z          lag= 90 m5_p=0.7606  m6_ic=0.0807
[21:23:16]   HIT  MOEX10             sanctions_z      lag=  7 m5_p=0.6263  m6_ic=0.0733
[21:23:17]   HIT  MOEX10             sanctions_z      lag= 30 m5_p=0.4859  m6_ic=0.0602
[21:23:17]   HIT  MOEX10             sanctions_z      lag= 90 m5_p=0.4173  m6_ic=0.0678
[21:23:18]   HIT  MOEX10             inflation_z      lag= 30 m5_p=0.7899  m6_ic=0.0795
[21:23:18]   HIT  MOEX10             inflation_z      lag= 60 m5_p=0.3680  m6_ic=0.0581
[21:23:19]   HIT  MOEX10             inflation_z      lag= 90 m5_p=0.3195  m6_ic=0.1019
[21:23:21]   HIT  MOEX10             gold_z           lag= 30 m5_p=0.6804  m6_ic=0.0659
[21:23:22]     Train: 235 signals
[21:23:22]     Val holdout (235 candidates)...
[21:23:23]     VAL PASS  SP500              rate_z           lag= 14  m6_ic=0.0907
[21:23:23]     VAL PASS  SP500              rate_z           lag= 90  m6_ic=0.0724
[21:23:24]     VAL PASS  SP500              ruble_z          lag=  1  m6_ic=0.0665
[21:23:24]     VAL PASS  SP500              sanctions_z      lag=  7  m6_ic=0.1125
[21:23:25]     VAL PASS  SP500              sanctions_z      lag= 60  m6_ic=0.1130
[21:23:25]     VAL PASS  SP500              inflation_z      lag=  7  m6_ic=0.0685
[21:23:25]     VAL PASS  SP500              banking_z        lag=  1  m6_ic=0.0980
[21:23:26]     VAL PASS  SP500              gold_z           lag= 60  m6_ic=0.0793
[21:23:26]     VAL PASS  USD_RUB            oil_z            lag= 30  m6_ic=0.0910
[21:23:27]     VAL PASS  USD_RUB            rate_z           lag=  1  m6_ic=0.1435
[21:23:27]     VAL PASS  USD_RUB            ruble_z          lag= 14  m6_ic=0.0900
[21:23:28]     VAL PASS  USD_RUB            ruble_z          lag= 60  m6_ic=0.0637
[21:23:28]     VAL PASS  USD_RUB            ruble_z          lag= 90  m6_ic=0.1056
[21:23:29]     VAL PASS  USD_RUB            gold_z           lag= 60  m6_ic=0.0670
[21:23:30]     VAL PASS  EUR_RUB            oil_z            lag= 30  m6_ic=0.0910
[21:23:30]     VAL PASS  EUR_RUB            rate_z           lag=  1  m6_ic=0.1435
[21:23:31]     VAL PASS  EUR_RUB            ruble_z          lag= 14  m6_ic=0.0900
[21:23:31]     VAL PASS  EUR_RUB            ruble_z          lag= 60  m6_ic=0.0637
[21:23:31]     VAL PASS  EUR_RUB            ruble_z          lag= 90  m6_ic=0.1056
[21:23:32]     VAL PASS  EUR_RUB            gold_z           lag= 60  m6_ic=0.0670
[21:23:33]     VAL PASS  DJ_SOUTH_AFRICA    oil_z            lag= 90  m6_ic=0.0746
[21:23:34]     VAL PASS  DJ_SOUTH_AFRICA    inflation_z      lag= 30  m6_ic=0.0897
[21:23:34]     VAL PASS  DJ_SOUTH_AFRICA    banking_z        lag=  7  m6_ic=0.0636
[21:23:35]     VAL PASS  DJ_SOUTH_AFRICA    gold_z           lag= 60  m6_ic=0.1740
[21:23:36]     VAL PASS  MSCI_WORLD         rate_z           lag= 90  m6_ic=0.1312
[21:23:36]     VAL PASS  MSCI_WORLD         ruble_z          lag=  1  m6_ic=0.0619
[21:23:37]     VAL PASS  MSCI_WORLD         sanctions_z      lag= 14  m6_ic=0.0521
[21:23:37]     VAL PASS  MSCI_WORLD         sanctions_z      lag= 90  m6_ic=0.0766
[21:23:38]     VAL PASS  MSCI_WORLD         inflation_z      lag= 60  m6_ic=0.0521
[21:23:38]     VAL PASS  MSCI_WORLD         inflation_z      lag= 90  m6_ic=0.1055
[21:23:38]     VAL PASS  MSCI_WORLD         banking_z        lag= 60  m6_ic=0.0659
[21:23:39]     VAL PASS  DXY                oil_z            lag= 30  m6_ic=0.1178
[21:23:40]     VAL PASS  DXY                oil_z            lag= 90  m6_ic=0.1244
[21:23:40]     VAL PASS  DXY                rate_z           lag=  7  m6_ic=0.0570
[21:23:40]     VAL PASS  DXY                sanctions_z      lag= 60  m6_ic=0.0799
[21:23:40]     VAL PASS  DXY                inflation_z      lag=  7  m6_ic=0.0928
[21:23:41]     VAL PASS  DXY                gold_z           lag= 14  m6_ic=0.1087
[21:23:43]     VAL PASS  BRENT              ruble_z          lag= 30  m6_ic=0.0509
[21:23:43]     VAL PASS  BRENT              ruble_z          lag= 90  m6_ic=0.0637
[21:23:44]     VAL PASS  BRENT              banking_z        lag=  1  m6_ic=0.0564
[21:23:45]     VAL PASS  MSCI_INDIA         ruble_z          lag= 30  m6_ic=0.1265
[21:23:47]     VAL PASS  MSCI_INDIA         sanctions_z      lag= 60  m6_ic=0.0508
[21:23:47]     VAL PASS  MSCI_INDIA         sanctions_z      lag= 90  m6_ic=0.1993
[21:23:47]     VAL PASS  MSCI_INDIA         inflation_z      lag= 90  m6_ic=0.1077
[21:23:48]     VAL PASS  MSCI_INDIA         banking_z        lag=  7  m6_ic=0.0539
[21:23:49]     VAL PASS  CHINA_H_SHARES     oil_z            lag=  7  m6_ic=0.1027
[21:23:49]     VAL PASS  CHINA_H_SHARES     oil_z            lag= 30  m6_ic=0.1875
[21:23:50]     VAL PASS  CHINA_H_SHARES     oil_z            lag= 60  m6_ic=0.2225
[21:23:51]     VAL PASS  CHINA_H_SHARES     rate_z           lag= 60  m6_ic=0.0841
[21:23:51]     VAL PASS  CHINA_H_SHARES     ruble_z          lag= 60  m6_ic=0.0863
[21:23:52]     VAL PASS  CHINA_H_SHARES     sanctions_z      lag= 90  m6_ic=0.0929
[21:23:52]     VAL PASS  CHINA_H_SHARES     inflation_z      lag= 60  m6_ic=0.0793
[21:23:53]     VAL PASS  CHINA_H_SHARES     banking_z        lag=  7  m6_ic=0.1068
[21:23:53]     VAL PASS  CHINA_H_SHARES     gold_z           lag=  1  m6_ic=0.0505
[21:23:53]     VAL PASS  CHINA_H_SHARES     gold_z           lag=  7  m6_ic=0.0511
[21:23:54]     VAL PASS  FTSE_CHINA_50      oil_z            lag=  1  m6_ic=0.0538
[21:23:54]     VAL PASS  FTSE_CHINA_50      oil_z            lag= 30  m6_ic=0.1354
[21:23:54]     VAL PASS  FTSE_CHINA_50      oil_z            lag= 60  m6_ic=0.0678
[21:23:55]     VAL PASS  FTSE_CHINA_50      rate_z           lag=  1  m6_ic=0.1022
[21:23:55]     VAL PASS  FTSE_CHINA_50      rate_z           lag=  7  m6_ic=0.0757
[21:23:56]     VAL PASS  FTSE_CHINA_50      rate_z           lag= 90  m6_ic=0.1189
[21:23:56]     VAL PASS  FTSE_CHINA_50      ruble_z          lag= 90  m6_ic=0.1040
[21:23:57]     VAL PASS  FTSE_CHINA_50      sanctions_z      lag=  7  m6_ic=0.0579
[21:23:57]     VAL PASS  FTSE_CHINA_50      sanctions_z      lag= 30  m6_ic=0.0526
[21:23:57]     VAL PASS  FTSE_CHINA_50      sanctions_z      lag= 90  m6_ic=0.0830
[21:23:58]     VAL PASS  FTSE_CHINA_50      gold_z           lag=  1  m6_ic=0.0767
[21:23:59]     VAL PASS  FTSE_CHINA_50      gold_z           lag= 30  m6_ic=0.1237
[21:23:59]     VAL PASS  GOLD               oil_z            lag=  1  m6_ic=0.0908
[21:23:59]     VAL PASS  GOLD               oil_z            lag= 30  m6_ic=0.0629
[21:24:00]     VAL PASS  GOLD               rate_z           lag=  1  m6_ic=0.1066
[21:24:00]     VAL PASS  GOLD               rate_z           lag= 14  m6_ic=0.1597
[21:24:02]     VAL PASS  GOLD               gold_z           lag= 14  m6_ic=0.0773
[21:24:02]     VAL PASS  SILVER             rate_z           lag=  7  m6_ic=0.1293
[21:24:03]     VAL PASS  SILVER             rate_z           lag= 14  m6_ic=0.1576
[21:24:03]     VAL PASS  SILVER             sanctions_z      lag=  7  m6_ic=0.0517
[21:24:03]     VAL PASS  SILVER             inflation_z      lag= 30  m6_ic=0.0609
[21:24:04]     VAL PASS  SILVER             banking_z        lag=  1  m6_ic=0.0796
[21:24:04]     VAL PASS  IMOEX              oil_z            lag=  1  m6_ic=0.0631
[21:24:04]     VAL PASS  IMOEX              rate_z           lag= 14  m6_ic=0.0584
[21:24:04]     VAL PASS  IMOEX              rate_z           lag= 30  m6_ic=0.0648
[21:24:05]     VAL PASS  IMOEX              ruble_z          lag= 14  m6_ic=0.0858
[21:24:05]     VAL PASS  IMOEX              ruble_z          lag= 60  m6_ic=0.0888
[21:24:06]     VAL PASS  IMOEX              inflation_z      lag=  1  m6_ic=0.0944
[21:24:06]     VAL PASS  IMOEX              inflation_z      lag= 30  m6_ic=0.0594
[21:24:07]     VAL PASS  IMOEX              banking_z        lag= 60  m6_ic=0.0964
[21:24:08]     VAL PASS  IMOEX              banking_z        lag= 90  m6_ic=0.1451
[21:24:08]     VAL PASS  IMOEX              gold_z           lag= 30  m6_ic=0.1228
[21:24:08]     VAL PASS  IMOEX              gold_z           lag= 60  m6_ic=0.0855
[21:24:08]     VAL PASS  MOEXFN             oil_z            lag=  1  m6_ic=0.1353
[21:24:10]     VAL PASS  MOEXFN             ruble_z          lag= 14  m6_ic=0.0594
[21:24:10]     VAL PASS  MOEXFN             sanctions_z      lag=  1  m6_ic=0.0574
[21:24:11]     VAL PASS  MOEXFN             inflation_z      lag= 60  m6_ic=0.0578
[21:24:11]     VAL PASS  MOEXFN             inflation_z      lag= 90  m6_ic=0.0503
[21:24:12]     VAL PASS  MOEXFN             banking_z        lag= 90  m6_ic=0.1096
[21:24:12]     VAL PASS  MOEXFN             gold_z           lag= 60  m6_ic=0.1105
[21:24:13]     VAL PASS  MOEXOG             ruble_z          lag= 60  m6_ic=0.0634
[21:24:14]     VAL PASS  MOEXOG             sanctions_z      lag= 30  m6_ic=0.1425
[21:24:14]     VAL PASS  MOEXOG             inflation_z      lag=  1  m6_ic=0.0766
[21:24:15]     VAL PASS  MOEXOG             banking_z        lag= 90  m6_ic=0.1328
[21:24:15]     VAL PASS  MOEXOG             gold_z           lag= 30  m6_ic=0.1182
[21:24:15]     VAL PASS  MOEX10             oil_z            lag=  1  m6_ic=0.0731
[21:24:16]     VAL PASS  MOEX10             oil_z            lag= 14  m6_ic=0.1335
[21:24:16]     VAL PASS  MOEX10             rate_z           lag= 30  m6_ic=0.1275
[21:24:17]     VAL PASS  MOEX10             ruble_z          lag= 60  m6_ic=0.0520
[21:24:18]     VAL PASS  MOEX10             sanctions_z      lag= 30  m6_ic=0.0620
[21:24:19]     VAL PASS  MOEX10             gold_z           lag= 30  m6_ic=0.0901
[21:24:19]     Val: 106/235 held
[21:24:19]   → train=235  val=106  max_ic=0.1764  score=2593.1
[21:24:19] 
============================================================
[21:24:19] FINAL REPORT
[21:24:19] ============================================================
[21:24:21] Report: C:\project\signal_mind\analytics\phase_b\night_search\night_report_20260520_203734.md
[21:24:21] Hits CSV: C:\project\signal_mind\analytics\phase_b\night_search\night_hits_20260520_203734.csv
[21:24:21] 
[4/7] r2_m6strict_keyword_z90_market_return  (budget=108min)
[21:24:21]   Config: r2_m6strict_keyword_z90_market_return
[21:24:21]     feature=keyword_z90  target=market_return  ensemble=M6_only  ic_min=0.05
[21:24:21]   HIT  SP500              oil_z            lag=  7 m5_p=0.6748  m6_ic=0.0527
[21:24:21]   HIT  SP500              oil_z            lag= 14 m5_p=0.7862  m6_ic=0.1014
[21:24:22]   HIT  SP500              oil_z            lag= 90 m5_p=0.6483  m6_ic=0.0626
[21:24:23]   HIT  SP500              rate_z           lag=  1 m5_p=0.4366  m6_ic=0.0510
[21:24:23]   HIT  SP500              rate_z           lag=  7 m5_p=0.8581  m6_ic=0.0547
[21:24:23]   HIT  SP500              rate_z           lag= 14 m5_p=0.9377  m6_ic=0.0710
[21:24:24]   HIT  SP500              rate_z           lag= 90 m5_p=0.7958  m6_ic=0.1028
[21:24:24]   HIT  SP500              ruble_z          lag=  1 m5_p=0.6337  m6_ic=0.0566
[21:24:26]   HIT  SP500              ruble_z          lag= 90 m5_p=0.5817  m6_ic=0.0630
[21:24:26]   HIT  SP500              sanctions_z      lag=  1 m5_p=0.4430  m6_ic=0.0698
[21:24:26]   HIT  SP500              sanctions_z      lag=  7 m5_p=0.7751  m6_ic=0.0709
[21:24:27]   HIT  SP500              sanctions_z      lag= 60 m5_p=0.9864  m6_ic=0.0701
[21:24:28]   HIT  SP500              inflation_z      lag=  7 m5_p=0.5052  m6_ic=0.0847
[21:24:28]   HIT  SP500              inflation_z      lag= 30 m5_p=0.6300  m6_ic=0.0727
[21:24:29]   HIT  SP500              banking_z        lag=  1 m5_p=0.8581  m6_ic=0.0508
[21:24:31]   HIT  SP500              gold_z           lag=  7 m5_p=0.7528  m6_ic=0.0567
[21:24:32]   HIT  SP500              gold_z           lag= 60 m5_p=0.6742  m6_ic=0.0717
[21:24:33]   HIT  USD_RUB            oil_z            lag= 14 m5_p=0.6692  m6_ic=0.0580
[21:24:33]   HIT  USD_RUB            oil_z            lag= 30 m5_p=0.4686  m6_ic=0.0829
[21:24:34]   HIT  USD_RUB            rate_z           lag=  1 m5_p=0.9318  m6_ic=0.1048
[21:24:35]   HIT  USD_RUB            rate_z           lag= 30 m5_p=0.3641  m6_ic=0.0830
[21:24:35]   HIT  USD_RUB            rate_z           lag= 90 m5_p=0.2379  m6_ic=0.0686
[21:24:36]   HIT  USD_RUB            ruble_z          lag= 14 m5_p=0.9816  m6_ic=0.1100
[21:24:37]   HIT  USD_RUB            ruble_z          lag= 60 m5_p=0.7312  m6_ic=0.0742
[21:24:37]   HIT  USD_RUB            ruble_z          lag= 90 m5_p=0.9662  m6_ic=0.1145
[21:24:38]   HIT  USD_RUB            sanctions_z      lag= 14 m5_p=0.6089  m6_ic=0.0672
[21:24:38]   HIT  USD_RUB            sanctions_z      lag= 30 m5_p=0.1916  m6_ic=0.0594
[21:24:40]   HIT  USD_RUB            inflation_z      lag= 90 m5_p=0.2806  m6_ic=0.0713
[21:24:43]   HIT  USD_RUB            gold_z           lag= 60 m5_p=0.5684  m6_ic=0.1113
[21:24:44]   HIT  EUR_RUB            oil_z            lag= 14 m5_p=0.6692  m6_ic=0.0580
[21:24:44]   HIT  EUR_RUB            oil_z            lag= 30 m5_p=0.4686  m6_ic=0.0829
[21:24:45]   HIT  EUR_RUB            rate_z           lag=  1 m5_p=0.9318  m6_ic=0.1048
[21:24:46]   HIT  EUR_RUB            rate_z           lag= 30 m5_p=0.3641  m6_ic=0.0830
[21:24:47]   HIT  EUR_RUB            rate_z           lag= 90 m5_p=0.2379  m6_ic=0.0686
[21:24:47]   HIT  EUR_RUB            ruble_z          lag= 14 m5_p=0.9816  m6_ic=0.1100
[21:24:48]   HIT  EUR_RUB            ruble_z          lag= 60 m5_p=0.7312  m6_ic=0.0742
[21:24:48]   HIT  EUR_RUB            ruble_z          lag= 90 m5_p=0.9662  m6_ic=0.1145
[21:24:49]   HIT  EUR_RUB            sanctions_z      lag= 14 m5_p=0.6089  m6_ic=0.0672
[21:24:49]   HIT  EUR_RUB            sanctions_z      lag= 30 m5_p=0.1916  m6_ic=0.0594
[21:24:52]   HIT  EUR_RUB            inflation_z      lag= 90 m5_p=0.2806  m6_ic=0.0713
[21:24:54]   HIT  EUR_RUB            gold_z           lag= 60 m5_p=0.5684  m6_ic=0.1113
[21:24:56]   HIT  DJ_SOUTH_AFRICA    oil_z            lag= 90 m5_p=0.2402  m6_ic=0.0802
[21:24:57]   HIT  DJ_SOUTH_AFRICA    rate_z           lag= 60 m5_p=0.7816  m6_ic=0.1164
[21:25:00]   HIT  DJ_SOUTH_AFRICA    sanctions_z      lag= 14 m5_p=0.0779  m6_ic=0.0913
[21:25:02]   HIT  DJ_SOUTH_AFRICA    inflation_z      lag= 14 m5_p=0.3188  m6_ic=0.0959
[21:25:02]   HIT  DJ_SOUTH_AFRICA    inflation_z      lag= 30 m5_p=0.7929  m6_ic=0.0511
[21:25:02]   HIT  DJ_SOUTH_AFRICA    inflation_z      lag= 60 m5_p=0.8564  m6_ic=0.0611
[21:25:03]   HIT  DJ_SOUTH_AFRICA    banking_z        lag=  1 m5_p=0.7066  m6_ic=0.0641
[21:25:03]   HIT  DJ_SOUTH_AFRICA    banking_z        lag=  7 m5_p=0.5309  m6_ic=0.0672
[21:25:04]   HIT  DJ_SOUTH_AFRICA    banking_z        lag= 30 m5_p=0.4462  m6_ic=0.1268
[21:25:04]   HIT  DJ_SOUTH_AFRICA    banking_z        lag= 60 m5_p=0.9748  m6_ic=0.0972
[21:25:05]   HIT  DJ_SOUTH_AFRICA    gold_z           lag= 60 m5_p=0.3428  m6_ic=0.0562
[21:25:08]   HIT  MSCI_WORLD         rate_z           lag=  7 m5_p=0.2870  m6_ic=0.0667
[21:25:09]   HIT  MSCI_WORLD         rate_z           lag= 90 m5_p=0.7478  m6_ic=0.1517
[21:25:09]   HIT  MSCI_WORLD         ruble_z          lag=  1 m5_p=0.8080  m6_ic=0.0853
[21:25:09]   HIT  MSCI_WORLD         ruble_z          lag=  7 m5_p=0.9167  m6_ic=0.0921
[21:25:11]   HIT  MSCI_WORLD         ruble_z          lag= 90 m5_p=0.6188  m6_ic=0.1066
[21:25:11]   HIT  MSCI_WORLD         sanctions_z      lag= 14 m5_p=0.0137  m6_ic=0.0993
[21:25:12]   HIT  MSCI_WORLD         sanctions_z      lag= 60 m5_p=0.3532  m6_ic=0.0918
[21:25:12]   HIT  MSCI_WORLD         sanctions_z      lag= 90 m5_p=0.2693  m6_ic=0.1154
[21:25:13]   HIT  MSCI_WORLD         inflation_z      lag= 60 m5_p=0.6673  m6_ic=0.0575
[21:25:14]   HIT  MSCI_WORLD         inflation_z      lag= 90 m5_p=0.4112  m6_ic=0.0621
[21:25:14]   HIT  MSCI_WORLD         banking_z        lag=  7 m5_p=0.2023  m6_ic=0.0786
[21:25:15]   HIT  MSCI_WORLD         banking_z        lag= 60 m5_p=0.2813  m6_ic=0.0592
[21:25:17]   HIT  MSCI_WORLD         gold_z           lag= 90 m5_p=0.9810  m6_ic=0.0894
[21:25:17]   HIT  DXY                oil_z            lag=  1 m5_p=0.2414  m6_ic=0.0793
[21:25:18]   HIT  DXY                oil_z            lag= 30 m5_p=0.9815  m6_ic=0.0813
[21:25:19]   HIT  DXY                oil_z            lag= 90 m5_p=0.9912  m6_ic=0.0635
[21:25:19]   HIT  DXY                rate_z           lag=  7 m5_p=0.2421  m6_ic=0.0551
[21:25:21]   HIT  DXY                ruble_z          lag= 60 m5_p=0.8247  m6_ic=0.0943
[21:25:23]   HIT  DXY                sanctions_z      lag= 60 m5_p=0.5423  m6_ic=0.0663
[21:25:24]   HIT  DXY                inflation_z      lag=  7 m5_p=0.2981  m6_ic=0.0602
[21:25:24]   HIT  DXY                inflation_z      lag= 60 m5_p=0.8323  m6_ic=0.0536
[21:25:25]   HIT  DXY                banking_z        lag=  1 m5_p=0.2260  m6_ic=0.0604
[21:25:27]   HIT  DXY                gold_z           lag=  7 m5_p=0.1179  m6_ic=0.0653
[21:25:27]   HIT  DXY                gold_z           lag= 14 m5_p=0.9351  m6_ic=0.1175
[21:25:29]   HIT  BRENT              oil_z            lag= 30 m5_p=0.8551  m6_ic=0.0800
[21:25:29]   HIT  BRENT              oil_z            lag= 60 m5_p=0.2735  m6_ic=0.1269
[21:25:31]   HIT  BRENT              rate_z           lag= 60 m5_p=0.8882  m6_ic=0.0770
[21:25:31]   HIT  BRENT              rate_z           lag= 90 m5_p=0.8229  m6_ic=0.0602
[21:25:32]   HIT  BRENT              ruble_z          lag= 30 m5_p=0.4153  m6_ic=0.1042
[21:25:33]   HIT  BRENT              ruble_z          lag= 90 m5_p=0.5436  m6_ic=0.0678
[21:25:33]   HIT  BRENT              sanctions_z      lag=  7 m5_p=0.9600  m6_ic=0.0553
[21:25:35]   HIT  BRENT              inflation_z      lag= 14 m5_p=0.6837  m6_ic=0.1134
[21:25:36]   HIT  BRENT              banking_z        lag=  1 m5_p=0.7337  m6_ic=0.0561
[21:25:37]   HIT  BRENT              banking_z        lag=  7 m5_p=0.1672  m6_ic=0.0787
[21:25:39]   HIT  BRENT              gold_z           lag= 60 m5_p=0.8769  m6_ic=0.0518
[21:25:41]   HIT  MSCI_INDIA         oil_z            lag= 60 m5_p=0.9855  m6_ic=0.0980
[21:25:42]   HIT  MSCI_INDIA         rate_z           lag= 14 m5_p=0.6407  m6_ic=0.0556
[21:25:43]   HIT  MSCI_INDIA         rate_z           lag= 90 m5_p=0.8636  m6_ic=0.0796
[21:25:43]   HIT  MSCI_INDIA         ruble_z          lag=  1 m5_p=0.7407  m6_ic=0.0782
[21:25:44]   HIT  MSCI_INDIA         ruble_z          lag= 30 m5_p=0.6840  m6_ic=0.1163
[21:25:44]   HIT  MSCI_INDIA         ruble_z          lag= 90 m5_p=0.6185  m6_ic=0.0868
[21:25:45]   HIT  MSCI_INDIA         sanctions_z      lag=  1 m5_p=0.8390  m6_ic=0.0804
[21:25:45]   HIT  MSCI_INDIA         sanctions_z      lag=  7 m5_p=0.6660  m6_ic=0.0532
[21:25:45]   HIT  MSCI_INDIA         sanctions_z      lag= 30 m5_p=0.7515  m6_ic=0.0537
[21:25:45]   HIT  MSCI_INDIA         sanctions_z      lag= 60 m5_p=0.4506  m6_ic=0.0842
[21:25:46]   HIT  MSCI_INDIA         sanctions_z      lag= 90 m5_p=0.9105  m6_ic=0.0866
[21:25:47]   HIT  MSCI_INDIA         inflation_z      lag= 90 m5_p=0.7698  m6_ic=0.0550
[21:25:48]   HIT  MSCI_INDIA         banking_z        lag=  7 m5_p=0.6346  m6_ic=0.0664
[21:25:48]   HIT  MSCI_INDIA         banking_z        lag= 14 m5_p=0.3996  m6_ic=0.0755
[21:25:48]   HIT  MSCI_INDIA         banking_z        lag= 30 m5_p=0.5097  m6_ic=0.1499
[21:25:49]   HIT  MSCI_INDIA         banking_z        lag= 90 m5_p=0.4741  m6_ic=0.0529
[21:25:49]   HIT  MSCI_INDIA         gold_z           lag=  1 m5_p=0.5637  m6_ic=0.0718
[21:25:50]   HIT  MSCI_INDIA         gold_z           lag= 14 m5_p=0.2356  m6_ic=0.1126
[21:25:50]   HIT  MSCI_INDIA         gold_z           lag= 60 m5_p=0.5479  m6_ic=0.1041
[21:25:51]   HIT  CHINA_H_SHARES     oil_z            lag=  7 m5_p=0.3879  m6_ic=0.0652
[21:25:51]   HIT  CHINA_H_SHARES     oil_z            lag= 30 m5_p=0.6605  m6_ic=0.0794
[21:25:52]   HIT  CHINA_H_SHARES     oil_z            lag= 60 m5_p=0.6681  m6_ic=0.1319
[21:25:52]   HIT  CHINA_H_SHARES     oil_z            lag= 90 m5_p=0.4793  m6_ic=0.0766
[21:25:52]   HIT  CHINA_H_SHARES     rate_z           lag=  1 m5_p=0.0778  m6_ic=0.0808
[21:25:53]   HIT  CHINA_H_SHARES     rate_z           lag=  7 m5_p=0.8293  m6_ic=0.0837
[21:25:53]   HIT  CHINA_H_SHARES     rate_z           lag= 14 m5_p=0.7421  m6_ic=0.0693
[21:25:53]   HIT  CHINA_H_SHARES     rate_z           lag= 60 m5_p=0.6374  m6_ic=0.0948
[21:25:55]   HIT  CHINA_H_SHARES     ruble_z          lag= 60 m5_p=0.9203  m6_ic=0.1099
[21:25:56]   HIT  CHINA_H_SHARES     sanctions_z      lag= 30 m5_p=0.2065  m6_ic=0.0882
[21:25:56]   HIT  CHINA_H_SHARES     sanctions_z      lag= 60 m5_p=0.9197  m6_ic=0.0797
[21:25:57]   HIT  CHINA_H_SHARES     sanctions_z      lag= 90 m5_p=0.7773  m6_ic=0.0890
[21:25:58]   HIT  CHINA_H_SHARES     inflation_z      lag= 60 m5_p=0.7289  m6_ic=0.0874
[21:25:58]   HIT  CHINA_H_SHARES     inflation_z      lag= 90 m5_p=0.7802  m6_ic=0.0652
[21:25:59]   HIT  CHINA_H_SHARES     banking_z        lag=  7 m5_p=0.9238  m6_ic=0.0517
[21:26:00]   HIT  CHINA_H_SHARES     gold_z           lag=  1 m5_p=0.3506  m6_ic=0.0655
[21:26:00]   HIT  CHINA_H_SHARES     gold_z           lag=  7 m5_p=0.2418  m6_ic=0.0632
[21:26:01]   HIT  CHINA_H_SHARES     gold_z           lag= 30 m5_p=0.9133  m6_ic=0.0892
[21:26:02]   HIT  FTSE_CHINA_50      oil_z            lag=  1 m5_p=0.4418  m6_ic=0.0537
[21:26:02]   HIT  FTSE_CHINA_50      oil_z            lag= 30 m5_p=0.6776  m6_ic=0.0983
[21:26:03]   HIT  FTSE_CHINA_50      oil_z            lag= 60 m5_p=0.4530  m6_ic=0.1566
[21:26:03]   HIT  FTSE_CHINA_50      oil_z            lag= 90 m5_p=0.8766  m6_ic=0.0576
[21:26:03]   HIT  FTSE_CHINA_50      rate_z           lag=  1 m5_p=0.0686  m6_ic=0.0939
[21:26:03]   HIT  FTSE_CHINA_50      rate_z           lag=  7 m5_p=0.9920  m6_ic=0.0796
[21:26:04]   HIT  FTSE_CHINA_50      rate_z           lag= 14 m5_p=0.9641  m6_ic=0.0636
[21:26:04]   HIT  FTSE_CHINA_50      rate_z           lag= 60 m5_p=0.8194  m6_ic=0.1049
[21:26:05]   HIT  FTSE_CHINA_50      rate_z           lag= 90 m5_p=0.9278  m6_ic=0.0539
[21:26:06]   HIT  FTSE_CHINA_50      ruble_z          lag= 60 m5_p=0.7556  m6_ic=0.1017
[21:26:06]   HIT  FTSE_CHINA_50      ruble_z          lag= 90 m5_p=0.6851  m6_ic=0.0505
[21:26:07]   HIT  FTSE_CHINA_50      sanctions_z      lag=  7 m5_p=0.6112  m6_ic=0.0567
[21:26:07]   HIT  FTSE_CHINA_50      sanctions_z      lag= 30 m5_p=0.1301  m6_ic=0.0854
[21:26:07]   HIT  FTSE_CHINA_50      sanctions_z      lag= 60 m5_p=0.7502  m6_ic=0.0856
[21:26:08]   HIT  FTSE_CHINA_50      sanctions_z      lag= 90 m5_p=0.6721  m6_ic=0.0818
[21:26:09]   HIT  FTSE_CHINA_50      inflation_z      lag= 60 m5_p=0.7981  m6_ic=0.0631
[21:26:09]   HIT  FTSE_CHINA_50      inflation_z      lag= 90 m5_p=0.9206  m6_ic=0.0689
[21:26:10]   HIT  FTSE_CHINA_50      banking_z        lag=  7 m5_p=0.9999  m6_ic=0.0536
[21:26:11]   HIT  FTSE_CHINA_50      gold_z           lag=  1 m5_p=0.2753  m6_ic=0.0715
[21:26:11]   HIT  FTSE_CHINA_50      gold_z           lag=  7 m5_p=0.2675  m6_ic=0.0782
[21:26:12]   HIT  FTSE_CHINA_50      gold_z           lag= 30 m5_p=0.7492  m6_ic=0.1108
[21:26:13]   HIT  GOLD               oil_z            lag=  1 m5_p=0.3410  m6_ic=0.0740
[21:26:13]   HIT  GOLD               oil_z            lag= 30 m5_p=0.8937  m6_ic=0.0544
[21:26:14]   HIT  GOLD               oil_z            lag= 60 m5_p=0.9014  m6_ic=0.0752
[21:26:14]   HIT  GOLD               oil_z            lag= 90 m5_p=0.5624  m6_ic=0.0833
[21:26:14]   HIT  GOLD               rate_z           lag=  1 m5_p=0.9320  m6_ic=0.0944
[21:26:14]   HIT  GOLD               rate_z           lag= 14 m5_p=0.1962  m6_ic=0.0795
[21:26:15]   HIT  GOLD               rate_z           lag= 60 m5_p=0.5491  m6_ic=0.0636
[21:26:16]   HIT  GOLD               ruble_z          lag= 30 m5_p=0.8547  m6_ic=0.1470
[21:26:16]   HIT  GOLD               ruble_z          lag= 60 m5_p=0.7659  m6_ic=0.1186
[21:26:17]   HIT  GOLD               ruble_z          lag= 90 m5_p=0.9028  m6_ic=0.0600
[21:26:17]   HIT  GOLD               sanctions_z      lag= 14 m5_p=0.1815  m6_ic=0.0689
[21:26:17]   HIT  GOLD               sanctions_z      lag= 30 m5_p=0.0688  m6_ic=0.0646
[21:26:18]   HIT  GOLD               inflation_z      lag=  7 m5_p=0.0163  m6_ic=0.1378
[21:26:19]   HIT  GOLD               inflation_z      lag= 90 m5_p=0.7992  m6_ic=0.0754
[21:26:21]   HIT  GOLD               banking_z        lag= 60 m5_p=0.9913  m6_ic=0.0991
[21:26:21]   HIT  GOLD               gold_z           lag=  7 m5_p=0.9611  m6_ic=0.1063
[21:26:21]   HIT  GOLD               gold_z           lag= 14 m5_p=0.0545  m6_ic=0.0797
[21:26:22]   HIT  GOLD               gold_z           lag= 90 m5_p=0.5023  m6_ic=0.1015
[21:26:23]   HIT  SILVER             oil_z            lag= 30 m5_p=0.5800  m6_ic=0.0502
[21:26:23]   HIT  SILVER             oil_z            lag= 60 m5_p=0.4103  m6_ic=0.0550
[21:26:24]   HIT  SILVER             oil_z            lag= 90 m5_p=0.8355  m6_ic=0.0775
[21:26:24]   HIT  SILVER             rate_z           lag=  7 m5_p=0.2690  m6_ic=0.1576
[21:26:24]   HIT  SILVER             rate_z           lag= 14 m5_p=0.7726  m6_ic=0.1103
[21:26:27]   HIT  SILVER             ruble_z          lag= 90 m5_p=0.9695  m6_ic=0.0573
[21:26:27]   HIT  SILVER             sanctions_z      lag=  7 m5_p=0.6731  m6_ic=0.0738
[21:26:28]   HIT  SILVER             sanctions_z      lag= 60 m5_p=0.7023  m6_ic=0.0603
[21:26:29]   HIT  SILVER             inflation_z      lag= 30 m5_p=0.3543  m6_ic=0.0508
[21:26:30]   HIT  SILVER             banking_z        lag=  1 m5_p=0.9566  m6_ic=0.0990
[21:26:32]   HIT  SILVER             gold_z           lag= 60 m5_p=0.8350  m6_ic=0.0684
[21:26:33]   HIT  IMOEX              oil_z            lag=  1 m5_p=0.2413  m6_ic=0.0580
[21:26:35]   HIT  IMOEX              rate_z           lag= 14 m5_p=0.2674  m6_ic=0.0817
[21:26:35]   HIT  IMOEX              rate_z           lag= 30 m5_p=0.4265  m6_ic=0.1355
[21:26:36]   HIT  IMOEX              ruble_z          lag=  1 m5_p=0.7600  m6_ic=0.1486
[21:26:36]   HIT  IMOEX              ruble_z          lag= 14 m5_p=0.3301  m6_ic=0.0746
[21:26:36]   HIT  IMOEX              ruble_z          lag= 30 m5_p=0.8361  m6_ic=0.0588
[21:26:37]   HIT  IMOEX              ruble_z          lag= 60 m5_p=0.6688  m6_ic=0.0978
[21:26:37]   HIT  IMOEX              ruble_z          lag= 90 m5_p=0.8489  m6_ic=0.0870
[21:26:39]   HIT  IMOEX              sanctions_z      lag= 90 m5_p=0.6260  m6_ic=0.0908
[21:26:39]   HIT  IMOEX              inflation_z      lag=  1 m5_p=0.2068  m6_ic=0.0652
[21:26:39]   HIT  IMOEX              inflation_z      lag= 30 m5_p=0.5172  m6_ic=0.0900
[21:26:40]   HIT  IMOEX              inflation_z      lag= 60 m5_p=0.5068  m6_ic=0.0678
[21:26:41]   HIT  IMOEX              banking_z        lag=  7 m5_p=0.1920  m6_ic=0.0512
[21:26:41]   HIT  IMOEX              banking_z        lag= 30 m5_p=0.0824  m6_ic=0.0624
[21:26:41]   HIT  IMOEX              banking_z        lag= 60 m5_p=0.9616  m6_ic=0.0751
[21:26:42]   HIT  IMOEX              banking_z        lag= 90 m5_p=0.5625  m6_ic=0.0545
[21:26:43]   HIT  IMOEX              gold_z           lag= 30 m5_p=0.3290  m6_ic=0.0581
[21:26:43]   HIT  IMOEX              gold_z           lag= 60 m5_p=0.4053  m6_ic=0.0970
[21:26:44]   HIT  MOEXFN             oil_z            lag=  1 m5_p=0.3589  m6_ic=0.1419
[21:26:44]   HIT  MOEXFN             oil_z            lag=  7 m5_p=0.3274  m6_ic=0.0580
[21:26:46]   HIT  MOEXFN             rate_z           lag= 90 m5_p=0.1989  m6_ic=0.0818
[21:26:47]   HIT  MOEXFN             ruble_z          lag=  1 m5_p=0.6517  m6_ic=0.0735
[21:26:47]   HIT  MOEXFN             ruble_z          lag=  7 m5_p=0.2104  m6_ic=0.0631
[21:26:47]   HIT  MOEXFN             ruble_z          lag= 14 m5_p=0.5300  m6_ic=0.0578
[21:26:48]   HIT  MOEXFN             ruble_z          lag= 90 m5_p=0.6900  m6_ic=0.0602
[21:26:48]   HIT  MOEXFN             sanctions_z      lag=  1 m5_p=0.0556  m6_ic=0.0696
[21:26:50]   HIT  MOEXFN             inflation_z      lag= 30 m5_p=0.4238  m6_ic=0.0521
[21:26:50]   HIT  MOEXFN             inflation_z      lag= 60 m5_p=0.3714  m6_ic=0.0972
[21:26:51]   HIT  MOEXFN             inflation_z      lag= 90 m5_p=0.3520  m6_ic=0.0598
[21:26:51]   HIT  MOEXFN             banking_z        lag=  7 m5_p=0.4758  m6_ic=0.0767
[21:26:51]   HIT  MOEXFN             banking_z        lag= 14 m5_p=0.1339  m6_ic=0.0699
[21:26:52]   HIT  MOEXFN             banking_z        lag= 90 m5_p=0.7302  m6_ic=0.1007
[21:26:53]   HIT  MOEXFN             gold_z           lag= 60 m5_p=0.5758  m6_ic=0.0604
[21:26:54]   HIT  MOEXOG             oil_z            lag=  1 m5_p=0.2170  m6_ic=0.1113
[21:26:55]   HIT  MOEXOG             oil_z            lag= 90 m5_p=0.7259  m6_ic=0.0946
[21:26:55]   HIT  MOEXOG             rate_z           lag=  1 m5_p=0.2176  m6_ic=0.0682
[21:26:57]   HIT  MOEXOG             ruble_z          lag=  1 m5_p=0.7748  m6_ic=0.1057
[21:26:58]   HIT  MOEXOG             ruble_z          lag= 60 m5_p=0.5663  m6_ic=0.0820
[21:26:59]   HIT  MOEXOG             sanctions_z      lag= 30 m5_p=0.7427  m6_ic=0.0935
[21:27:00]   HIT  MOEXOG             inflation_z      lag=  1 m5_p=0.1034  m6_ic=0.1183
[21:27:00]   HIT  MOEXOG             inflation_z      lag= 30 m5_p=0.8230  m6_ic=0.1764
[21:27:02]   HIT  MOEXOG             banking_z        lag= 30 m5_p=0.1176  m6_ic=0.0665
[21:27:03]   HIT  MOEXOG             banking_z        lag= 90 m5_p=0.5761  m6_ic=0.0818
[21:27:03]   HIT  MOEXOG             gold_z           lag= 30 m5_p=0.4799  m6_ic=0.0626
[21:27:04]   HIT  MOEXOG             gold_z           lag= 90 m5_p=0.8659  m6_ic=0.0510
[21:27:04]   HIT  MOEX10             oil_z            lag=  1 m5_p=0.3737  m6_ic=0.1661
[21:27:04]   HIT  MOEX10             oil_z            lag=  7 m5_p=0.4867  m6_ic=0.0718
[21:27:05]   HIT  MOEX10             oil_z            lag= 14 m5_p=0.7293  m6_ic=0.0705
[21:27:06]   HIT  MOEX10             rate_z           lag=  7 m5_p=0.3078  m6_ic=0.0524
[21:27:06]   HIT  MOEX10             rate_z           lag= 30 m5_p=0.4483  m6_ic=0.0572
[21:27:07]   HIT  MOEX10             rate_z           lag= 60 m5_p=0.2885  m6_ic=0.0518
[21:27:07]   HIT  MOEX10             ruble_z          lag=  1 m5_p=0.9719  m6_ic=0.1048
[21:27:08]   HIT  MOEX10             ruble_z          lag= 60 m5_p=0.7193  m6_ic=0.0554
[21:27:08]   HIT  MOEX10             ruble_z          lag= 90 m5_p=0.7606  m6_ic=0.0807
[21:27:09]   HIT  MOEX10             sanctions_z      lag=  7 m5_p=0.6263  m6_ic=0.0733
[21:27:09]   HIT  MOEX10             sanctions_z      lag= 30 m5_p=0.4859  m6_ic=0.0602
[21:27:10]   HIT  MOEX10             sanctions_z      lag= 90 m5_p=0.4173  m6_ic=0.0678
[21:27:11]   HIT  MOEX10             inflation_z      lag= 30 m5_p=0.7899  m6_ic=0.0795
[21:27:11]   HIT  MOEX10             inflation_z      lag= 60 m5_p=0.3680  m6_ic=0.0581
[21:27:11]   HIT  MOEX10             inflation_z      lag= 90 m5_p=0.3195  m6_ic=0.1019
[21:27:14]   HIT  MOEX10             gold_z           lag= 30 m5_p=0.6804  m6_ic=0.0659
[21:27:15]     Train: 235 signals
[21:27:15]     Val holdout (235 candidates)...
[21:27:16]     VAL PASS  SP500              rate_z           lag= 14  m6_ic=0.0907
[21:27:16]     VAL PASS  SP500              rate_z           lag= 90  m6_ic=0.0724
[21:27:17]     VAL PASS  SP500              ruble_z          lag=  1  m6_ic=0.0665
[21:27:17]     VAL PASS  SP500              sanctions_z      lag=  7  m6_ic=0.1125
[21:27:18]     VAL PASS  SP500              sanctions_z      lag= 60  m6_ic=0.1130
[21:27:18]     VAL PASS  SP500              inflation_z      lag=  7  m6_ic=0.0685
[21:27:18]     VAL PASS  SP500              banking_z        lag=  1  m6_ic=0.0980
[21:27:19]     VAL PASS  SP500              gold_z           lag= 60  m6_ic=0.0793
[21:27:19]     VAL PASS  USD_RUB            oil_z            lag= 30  m6_ic=0.0910
[21:27:19]     VAL PASS  USD_RUB            rate_z           lag=  1  m6_ic=0.1435
[21:27:20]     VAL PASS  USD_RUB            ruble_z          lag= 14  m6_ic=0.0900
[21:27:20]     VAL PASS  USD_RUB            ruble_z          lag= 60  m6_ic=0.0637
[21:27:21]     VAL PASS  USD_RUB            ruble_z          lag= 90  m6_ic=0.1056
[21:27:22]     VAL PASS  USD_RUB            gold_z           lag= 60  m6_ic=0.0670
[21:27:22]     VAL PASS  EUR_RUB            oil_z            lag= 30  m6_ic=0.0910
[21:27:23]     VAL PASS  EUR_RUB            rate_z           lag=  1  m6_ic=0.1435
[21:27:23]     VAL PASS  EUR_RUB            ruble_z          lag= 14  m6_ic=0.0900
[21:27:24]     VAL PASS  EUR_RUB            ruble_z          lag= 60  m6_ic=0.0637
[21:27:24]     VAL PASS  EUR_RUB            ruble_z          lag= 90  m6_ic=0.1056
[21:27:25]     VAL PASS  EUR_RUB            gold_z           lag= 60  m6_ic=0.0670
[21:27:25]     VAL PASS  DJ_SOUTH_AFRICA    oil_z            lag= 90  m6_ic=0.0746
[21:27:26]     VAL PASS  DJ_SOUTH_AFRICA    inflation_z      lag= 30  m6_ic=0.0897
[21:27:27]     VAL PASS  DJ_SOUTH_AFRICA    banking_z        lag=  7  m6_ic=0.0636
[21:27:28]     VAL PASS  DJ_SOUTH_AFRICA    gold_z           lag= 60  m6_ic=0.1740
[21:27:28]     VAL PASS  MSCI_WORLD         rate_z           lag= 90  m6_ic=0.1312
[21:27:29]     VAL PASS  MSCI_WORLD         ruble_z          lag=  1  m6_ic=0.0619
[21:27:29]     VAL PASS  MSCI_WORLD         sanctions_z      lag= 14  m6_ic=0.0521
[21:27:30]     VAL PASS  MSCI_WORLD         sanctions_z      lag= 90  m6_ic=0.0766
[21:27:30]     VAL PASS  MSCI_WORLD         inflation_z      lag= 60  m6_ic=0.0521
[21:27:31]     VAL PASS  MSCI_WORLD         inflation_z      lag= 90  m6_ic=0.1055
[21:27:31]     VAL PASS  MSCI_WORLD         banking_z        lag= 60  m6_ic=0.0659
[21:27:32]     VAL PASS  DXY                oil_z            lag= 30  m6_ic=0.1178
[21:27:32]     VAL PASS  DXY                oil_z            lag= 90  m6_ic=0.1244
[21:27:32]     VAL PASS  DXY                rate_z           lag=  7  m6_ic=0.0570
[21:27:33]     VAL PASS  DXY                sanctions_z      lag= 60  m6_ic=0.0799
[21:27:33]     VAL PASS  DXY                inflation_z      lag=  7  m6_ic=0.0928
[21:27:34]     VAL PASS  DXY                gold_z           lag= 14  m6_ic=0.1087
[21:27:35]     VAL PASS  BRENT              ruble_z          lag= 30  m6_ic=0.0509
[21:27:36]     VAL PASS  BRENT              ruble_z          lag= 90  m6_ic=0.0637
[21:27:36]     VAL PASS  BRENT              banking_z        lag=  1  m6_ic=0.0564
[21:27:38]     VAL PASS  MSCI_INDIA         ruble_z          lag= 30  m6_ic=0.1265
[21:27:39]     VAL PASS  MSCI_INDIA         sanctions_z      lag= 60  m6_ic=0.0508
[21:27:40]     VAL PASS  MSCI_INDIA         sanctions_z      lag= 90  m6_ic=0.1993
[21:27:40]     VAL PASS  MSCI_INDIA         inflation_z      lag= 90  m6_ic=0.1077
[21:27:40]     VAL PASS  MSCI_INDIA         banking_z        lag=  7  m6_ic=0.0539
[21:27:42]     VAL PASS  CHINA_H_SHARES     oil_z            lag=  7  m6_ic=0.1027
[21:27:42]     VAL PASS  CHINA_H_SHARES     oil_z            lag= 30  m6_ic=0.1875
[21:27:42]     VAL PASS  CHINA_H_SHARES     oil_z            lag= 60  m6_ic=0.2225
[21:27:44]     VAL PASS  CHINA_H_SHARES     rate_z           lag= 60  m6_ic=0.0841
[21:27:44]     VAL PASS  CHINA_H_SHARES     ruble_z          lag= 60  m6_ic=0.0863
[21:27:45]     VAL PASS  CHINA_H_SHARES     sanctions_z      lag= 90  m6_ic=0.0929
[21:27:45]     VAL PASS  CHINA_H_SHARES     inflation_z      lag= 60  m6_ic=0.0793
[21:27:46]     VAL PASS  CHINA_H_SHARES     banking_z        lag=  7  m6_ic=0.1068
[21:27:46]     VAL PASS  CHINA_H_SHARES     gold_z           lag=  1  m6_ic=0.0505
[21:27:46]     VAL PASS  CHINA_H_SHARES     gold_z           lag=  7  m6_ic=0.0511
[21:27:46]     VAL PASS  FTSE_CHINA_50      oil_z            lag=  1  m6_ic=0.0538
[21:27:47]     VAL PASS  FTSE_CHINA_50      oil_z            lag= 30  m6_ic=0.1354
[21:27:47]     VAL PASS  FTSE_CHINA_50      oil_z            lag= 60  m6_ic=0.0678
[21:27:47]     VAL PASS  FTSE_CHINA_50      rate_z           lag=  1  m6_ic=0.1022
[21:27:48]     VAL PASS  FTSE_CHINA_50      rate_z           lag=  7  m6_ic=0.0757
[21:27:48]     VAL PASS  FTSE_CHINA_50      rate_z           lag= 90  m6_ic=0.1189
[21:27:49]     VAL PASS  FTSE_CHINA_50      ruble_z          lag= 90  m6_ic=0.1040
[21:27:49]     VAL PASS  FTSE_CHINA_50      sanctions_z      lag=  7  m6_ic=0.0579
[21:27:49]     VAL PASS  FTSE_CHINA_50      sanctions_z      lag= 30  m6_ic=0.0526
[21:27:50]     VAL PASS  FTSE_CHINA_50      sanctions_z      lag= 90  m6_ic=0.0830
[21:27:51]     VAL PASS  FTSE_CHINA_50      gold_z           lag=  1  m6_ic=0.0767
[21:27:51]     VAL PASS  FTSE_CHINA_50      gold_z           lag= 30  m6_ic=0.1237
[21:27:52]     VAL PASS  GOLD               oil_z            lag=  1  m6_ic=0.0908
[21:27:52]     VAL PASS  GOLD               oil_z            lag= 30  m6_ic=0.0629
[21:27:52]     VAL PASS  GOLD               rate_z           lag=  1  m6_ic=0.1066
[21:27:53]     VAL PASS  GOLD               rate_z           lag= 14  m6_ic=0.1597
[21:27:54]     VAL PASS  GOLD               gold_z           lag= 14  m6_ic=0.0773
[21:27:55]     VAL PASS  SILVER             rate_z           lag=  7  m6_ic=0.1293
[21:27:55]     VAL PASS  SILVER             rate_z           lag= 14  m6_ic=0.1576
[21:27:56]     VAL PASS  SILVER             sanctions_z      lag=  7  m6_ic=0.0517
[21:27:56]     VAL PASS  SILVER             inflation_z      lag= 30  m6_ic=0.0609
[21:27:56]     VAL PASS  SILVER             banking_z        lag=  1  m6_ic=0.0796
[21:27:56]     VAL PASS  IMOEX              oil_z            lag=  1  m6_ic=0.0631
[21:27:57]     VAL PASS  IMOEX              rate_z           lag= 14  m6_ic=0.0584
[21:27:57]     VAL PASS  IMOEX              rate_z           lag= 30  m6_ic=0.0648
[21:27:57]     VAL PASS  IMOEX              ruble_z          lag= 14  m6_ic=0.0858
[21:27:58]     VAL PASS  IMOEX              ruble_z          lag= 60  m6_ic=0.0888
[21:27:59]     VAL PASS  IMOEX              inflation_z      lag=  1  m6_ic=0.0944
[21:27:59]     VAL PASS  IMOEX              inflation_z      lag= 30  m6_ic=0.0594
[21:28:00]     VAL PASS  IMOEX              banking_z        lag= 60  m6_ic=0.0964
[21:28:00]     VAL PASS  IMOEX              banking_z        lag= 90  m6_ic=0.1451
[21:28:00]     VAL PASS  IMOEX              gold_z           lag= 30  m6_ic=0.1228
[21:28:01]     VAL PASS  IMOEX              gold_z           lag= 60  m6_ic=0.0855
[21:28:01]     VAL PASS  MOEXFN             oil_z            lag=  1  m6_ic=0.1353
[21:28:02]     VAL PASS  MOEXFN             ruble_z          lag= 14  m6_ic=0.0594
[21:28:03]     VAL PASS  MOEXFN             sanctions_z      lag=  1  m6_ic=0.0574
[21:28:03]     VAL PASS  MOEXFN             inflation_z      lag= 60  m6_ic=0.0578
[21:28:04]     VAL PASS  MOEXFN             inflation_z      lag= 90  m6_ic=0.0503
[21:28:04]     VAL PASS  MOEXFN             banking_z        lag= 90  m6_ic=0.1096
[21:28:05]     VAL PASS  MOEXFN             gold_z           lag= 60  m6_ic=0.1105
[21:28:06]     VAL PASS  MOEXOG             ruble_z          lag= 60  m6_ic=0.0634
[21:28:06]     VAL PASS  MOEXOG             sanctions_z      lag= 30  m6_ic=0.1425
[21:28:06]     VAL PASS  MOEXOG             inflation_z      lag=  1  m6_ic=0.0766
[21:28:07]     VAL PASS  MOEXOG             banking_z        lag= 90  m6_ic=0.1328
[21:28:07]     VAL PASS  MOEXOG             gold_z           lag= 30  m6_ic=0.1182
[21:28:08]     VAL PASS  MOEX10             oil_z            lag=  1  m6_ic=0.0731
[21:28:08]     VAL PASS  MOEX10             oil_z            lag= 14  m6_ic=0.1335
[21:28:09]     VAL PASS  MOEX10             rate_z           lag= 30  m6_ic=0.1275
[21:28:09]     VAL PASS  MOEX10             ruble_z          lag= 60  m6_ic=0.0520
[21:28:10]     VAL PASS  MOEX10             sanctions_z      lag= 30  m6_ic=0.0620
[21:28:12]     VAL PASS  MOEX10             gold_z           lag= 30  m6_ic=0.0901
[21:28:12]     Val: 106/235 held
[21:28:12]   → train=235  val=106  max_ic=0.1764  score=2593.1
[21:28:12] 
============================================================
[21:28:12] FINAL REPORT
[21:28:12] ============================================================
[21:28:13] Report: C:\project\signal_mind\analytics\phase_b\night_search\night_report_20260520_203734.md
[21:28:14] Hits CSV: C:\project\signal_mind\analytics\phase_b\night_search\night_hits_20260520_203734.csv
[21:28:14] 
[5/7] r2_m6strict_embedding_z90_abs_return  (budget=143min)
[21:28:14]   Config: r2_m6strict_embedding_z90_abs_return
[21:28:14]     feature=embedding_z90  target=abs_return  ensemble=M6_only  ic_min=0.05
[21:28:14]   HIT  SP500              oil_emb_z        lag=  1 m5_p=0.7065  m6_ic=0.0758
[21:28:14]   HIT  SP500              oil_emb_z        lag= 14 m5_p=0.0828  m6_ic=0.0797
[21:28:16]   HIT  SP500              rate_emb_z       lag= 60 m5_p=0.6871  m6_ic=0.0506
[21:28:17]   HIT  SP500              rate_emb_z       lag= 90 m5_p=0.8390  m6_ic=0.0509
[21:28:18]   HIT  SP500              ruble_emb_z      lag= 30 m5_p=0.1561  m6_ic=0.0656
[21:28:18]   HIT  SP500              ruble_emb_z      lag= 90 m5_p=0.8460  m6_ic=0.1280
[21:28:19]   HIT  SP500              sanctions_emb_z  lag= 14 m5_p=0.7268  m6_ic=0.0771
[21:28:20]   HIT  SP500              sanctions_emb_z  lag= 60 m5_p=0.9841  m6_ic=0.0771
[21:28:20]   HIT  SP500              inflation_emb_z  lag=  1 m5_p=0.6456  m6_ic=0.0562
[21:28:21]   HIT  SP500              inflation_emb_z  lag= 14 m5_p=0.2256  m6_ic=0.0719
[21:28:21]   HIT  SP500              inflation_emb_z  lag= 60 m5_p=0.4663  m6_ic=0.0570
[21:28:24]   HIT  SP500              gold_emb_z       lag=  1 m5_p=0.7799  m6_ic=0.0570
[21:28:24]   HIT  SP500              gold_emb_z       lag= 30 m5_p=0.7182  m6_ic=0.0535
[21:28:27]   HIT  USD_RUB            rate_emb_z       lag=  7 m5_p=0.0977  m6_ic=0.0986
[21:28:27]   HIT  USD_RUB            rate_emb_z       lag= 14 m5_p=0.0392  m6_ic=0.0645
[21:28:28]   HIT  USD_RUB            rate_emb_z       lag= 90 m5_p=0.8797  m6_ic=0.0514
[21:28:29]   HIT  USD_RUB            ruble_emb_z      lag= 60 m5_p=0.4263  m6_ic=0.0929
[21:28:30]   HIT  USD_RUB            sanctions_emb_z  lag=  7 m5_p=0.8898  m6_ic=0.0510
[21:28:32]   HIT  USD_RUB            inflation_emb_z  lag= 30 m5_p=0.5802  m6_ic=0.0884
[21:28:33]   HIT  USD_RUB            banking_emb_z    lag=  7 m5_p=0.6943  m6_ic=0.1137
[21:28:35]   HIT  USD_RUB            gold_emb_z       lag=  1 m5_p=0.5974  m6_ic=0.0501
[21:28:35]   HIT  USD_RUB            gold_emb_z       lag=  7 m5_p=0.7851  m6_ic=0.1043
[21:28:38]   HIT  EUR_RUB            rate_emb_z       lag=  7 m5_p=0.0977  m6_ic=0.0986
[21:28:38]   HIT  EUR_RUB            rate_emb_z       lag= 14 m5_p=0.0392  m6_ic=0.0645
[21:28:39]   HIT  EUR_RUB            rate_emb_z       lag= 90 m5_p=0.8797  m6_ic=0.0514
[21:28:40]   HIT  EUR_RUB            ruble_emb_z      lag= 60 m5_p=0.4263  m6_ic=0.0929
[21:28:41]   HIT  EUR_RUB            sanctions_emb_z  lag=  7 m5_p=0.8898  m6_ic=0.0510
[21:28:43]   HIT  EUR_RUB            inflation_emb_z  lag= 30 m5_p=0.5802  m6_ic=0.0884
[21:28:45]   HIT  EUR_RUB            banking_emb_z    lag=  7 m5_p=0.6943  m6_ic=0.1137
[21:28:46]   HIT  EUR_RUB            gold_emb_z       lag=  1 m5_p=0.5974  m6_ic=0.0501
[21:28:46]   HIT  EUR_RUB            gold_emb_z       lag=  7 m5_p=0.7851  m6_ic=0.1043
[21:28:47]   HIT  DJ_SOUTH_AFRICA    oil_emb_z        lag=  1 m5_p=0.8221  m6_ic=0.1124
[21:28:48]   HIT  DJ_SOUTH_AFRICA    oil_emb_z        lag= 30 m5_p=0.6389  m6_ic=0.1014
[21:28:48]   HIT  DJ_SOUTH_AFRICA    oil_emb_z        lag= 60 m5_p=0.5845  m6_ic=0.1482
[21:28:50]   HIT  DJ_SOUTH_AFRICA    rate_emb_z       lag= 30 m5_p=0.3592  m6_ic=0.0611
[21:28:51]   HIT  DJ_SOUTH_AFRICA    rate_emb_z       lag= 90 m5_p=0.7962  m6_ic=0.0633
[21:28:52]   HIT  DJ_SOUTH_AFRICA    sanctions_emb_z  lag=  7 m5_p=0.0434  m6_ic=0.0670
[21:28:54]   HIT  DJ_SOUTH_AFRICA    sanctions_emb_z  lag= 90 m5_p=0.6666  m6_ic=0.1123
[21:28:55]   HIT  DJ_SOUTH_AFRICA    inflation_emb_z  lag= 30 m5_p=0.8809  m6_ic=0.0922
[21:28:55]   HIT  DJ_SOUTH_AFRICA    inflation_emb_z  lag= 60 m5_p=0.8141  m6_ic=0.1141
[21:28:55]   HIT  DJ_SOUTH_AFRICA    inflation_emb_z  lag= 90 m5_p=0.3238  m6_ic=0.0829
[21:28:55]   HIT  DJ_SOUTH_AFRICA    banking_emb_z    lag=  1 m5_p=0.3918  m6_ic=0.0604
[21:28:56]   HIT  DJ_SOUTH_AFRICA    banking_emb_z    lag= 14 m5_p=0.5033  m6_ic=0.0547
[21:28:56]   HIT  DJ_SOUTH_AFRICA    banking_emb_z    lag= 60 m5_p=0.6874  m6_ic=0.0515
[21:28:57]   HIT  DJ_SOUTH_AFRICA    gold_emb_z       lag=  7 m5_p=0.2064  m6_ic=0.0798
[21:28:59]   HIT  MSCI_WORLD         oil_emb_z        lag=  1 m5_p=0.2689  m6_ic=0.1514
[21:28:59]   HIT  MSCI_WORLD         oil_emb_z        lag=  7 m5_p=0.2210  m6_ic=0.0657
[21:29:01]   HIT  MSCI_WORLD         rate_emb_z       lag=  7 m5_p=0.1228  m6_ic=0.0539
[21:29:01]   HIT  MSCI_WORLD         rate_emb_z       lag= 60 m5_p=0.9469  m6_ic=0.0652
[21:29:02]   HIT  MSCI_WORLD         ruble_emb_z      lag=  1 m5_p=0.1664  m6_ic=0.0711
[21:29:04]   HIT  MSCI_WORLD         sanctions_emb_z  lag=  7 m5_p=0.5700  m6_ic=0.0598
[21:29:04]   HIT  MSCI_WORLD         sanctions_emb_z  lag= 14 m5_p=0.9735  m6_ic=0.0894
[21:29:04]   HIT  MSCI_WORLD         sanctions_emb_z  lag= 60 m5_p=0.9164  m6_ic=0.1089
[21:29:05]   HIT  MSCI_WORLD         inflation_emb_z  lag=  7 m5_p=0.8886  m6_ic=0.0742
[21:29:06]   HIT  MSCI_WORLD         inflation_emb_z  lag= 30 m5_p=0.9393  m6_ic=0.0709
[21:29:06]   HIT  MSCI_WORLD         inflation_emb_z  lag= 60 m5_p=0.1925  m6_ic=0.0983
[21:29:07]   HIT  MSCI_WORLD         banking_emb_z    lag=  7 m5_p=0.6228  m6_ic=0.0597
[21:29:07]   HIT  MSCI_WORLD         banking_emb_z    lag= 14 m5_p=0.1712  m6_ic=0.0603
[21:29:09]   HIT  MSCI_WORLD         gold_emb_z       lag= 60 m5_p=0.4960  m6_ic=0.0786
[21:29:10]   HIT  MSCI_WORLD         gold_emb_z       lag= 90 m5_p=0.7065  m6_ic=0.1010
[21:29:10]   HIT  DXY                oil_emb_z        lag=  1 m5_p=0.4736  m6_ic=0.0546
[21:29:10]   HIT  DXY                oil_emb_z        lag=  7 m5_p=0.4423  m6_ic=0.0927
[21:29:10]   HIT  DXY                oil_emb_z        lag= 14 m5_p=0.6408  m6_ic=0.0967
[21:29:11]   HIT  DXY                oil_emb_z        lag= 60 m5_p=0.8495  m6_ic=0.0611
[21:29:11]   HIT  DXY                rate_emb_z       lag=  1 m5_p=0.8266  m6_ic=0.0799
[21:29:12]   HIT  DXY                rate_emb_z       lag= 30 m5_p=0.3048  m6_ic=0.1179
[21:29:13]   HIT  DXY                ruble_emb_z      lag= 14 m5_p=0.8457  m6_ic=0.0645
[21:29:14]   HIT  DXY                ruble_emb_z      lag= 30 m5_p=0.5505  m6_ic=0.0900
[21:29:16]   HIT  DXY                sanctions_emb_z  lag= 90 m5_p=0.9967  m6_ic=0.0870
[21:29:16]   HIT  DXY                inflation_emb_z  lag=  1 m5_p=0.4382  m6_ic=0.0632
[21:29:16]   HIT  DXY                inflation_emb_z  lag=  7 m5_p=0.2982  m6_ic=0.0526
[21:29:17]   HIT  DXY                inflation_emb_z  lag= 14 m5_p=0.3512  m6_ic=0.0762
[21:29:17]   HIT  DXY                inflation_emb_z  lag= 60 m5_p=0.3308  m6_ic=0.0516
[21:29:18]   HIT  DXY                inflation_emb_z  lag= 90 m5_p=0.8868  m6_ic=0.0684
[21:29:18]   HIT  DXY                banking_emb_z    lag= 14 m5_p=0.5128  m6_ic=0.0831
[21:29:19]   HIT  DXY                banking_emb_z    lag= 90 m5_p=0.6749  m6_ic=0.0746
[21:29:20]   HIT  DXY                gold_emb_z       lag= 60 m5_p=0.7501  m6_ic=0.1261
[21:29:22]   HIT  BRENT              oil_emb_z        lag= 60 m5_p=0.9052  m6_ic=0.0715
[21:29:23]   HIT  BRENT              rate_emb_z       lag=  7 m5_p=0.3267  m6_ic=0.0813
[21:29:23]   HIT  BRENT              rate_emb_z       lag= 14 m5_p=0.9474  m6_ic=0.0788
[21:29:25]   HIT  BRENT              ruble_emb_z      lag= 14 m5_p=0.6055  m6_ic=0.0882
[21:29:25]   HIT  BRENT              ruble_emb_z      lag= 60 m5_p=0.6246  m6_ic=0.1248
[21:29:26]   HIT  BRENT              sanctions_emb_z  lag= 30 m5_p=0.7604  m6_ic=0.1134
[21:29:27]   HIT  BRENT              sanctions_emb_z  lag= 60 m5_p=0.4003  m6_ic=0.0589
[21:29:28]   HIT  BRENT              inflation_emb_z  lag=  7 m5_p=0.1354  m6_ic=0.1402
[21:29:29]   HIT  BRENT              banking_emb_z    lag=  1 m5_p=0.8689  m6_ic=0.1221
[21:29:31]   HIT  BRENT              gold_emb_z       lag= 30 m5_p=0.3724  m6_ic=0.0887
[21:29:32]   HIT  MSCI_INDIA         oil_emb_z        lag=  1 m5_p=0.6784  m6_ic=0.0840
[21:29:32]   HIT  MSCI_INDIA         oil_emb_z        lag=  7 m5_p=0.0789  m6_ic=0.0701
[21:29:33]   HIT  MSCI_INDIA         oil_emb_z        lag= 30 m5_p=0.9424  m6_ic=0.0797
[21:29:33]   HIT  MSCI_INDIA         oil_emb_z        lag= 90 m5_p=0.6532  m6_ic=0.0594
[21:29:34]   HIT  MSCI_INDIA         rate_emb_z       lag=  1 m5_p=0.1855  m6_ic=0.0719
[21:29:34]   HIT  MSCI_INDIA         rate_emb_z       lag=  7 m5_p=0.9259  m6_ic=0.0988
[21:29:35]   HIT  MSCI_INDIA         ruble_emb_z      lag=  1 m5_p=0.5372  m6_ic=0.0638
[21:29:36]   HIT  MSCI_INDIA         ruble_emb_z      lag= 30 m5_p=0.1705  m6_ic=0.0686
[21:29:37]   HIT  MSCI_INDIA         ruble_emb_z      lag= 90 m5_p=0.9164  m6_ic=0.0615
[21:29:37]   HIT  MSCI_INDIA         sanctions_emb_z  lag=  7 m5_p=0.8932  m6_ic=0.0586
[21:29:38]   HIT  MSCI_INDIA         sanctions_emb_z  lag= 60 m5_p=0.4846  m6_ic=0.0813
[21:29:39]   HIT  MSCI_INDIA         inflation_emb_z  lag= 14 m5_p=0.0209  m6_ic=0.0699
[21:29:39]   HIT  MSCI_INDIA         inflation_emb_z  lag= 60 m5_p=0.6968  m6_ic=0.0858
[21:29:41]   HIT  MSCI_INDIA         banking_emb_z    lag= 30 m5_p=0.9294  m6_ic=0.0577
[21:29:41]   HIT  MSCI_INDIA         banking_emb_z    lag= 60 m5_p=0.8605  m6_ic=0.0582
[21:29:41]   HIT  MSCI_INDIA         banking_emb_z    lag= 90 m5_p=0.6200  m6_ic=0.0797
[21:29:42]   HIT  MSCI_INDIA         gold_emb_z       lag=  1 m5_p=0.6979  m6_ic=0.0594
[21:29:42]   HIT  MSCI_INDIA         gold_emb_z       lag=  7 m5_p=0.5940  m6_ic=0.0545
[21:29:42]   HIT  MSCI_INDIA         gold_emb_z       lag= 30 m5_p=0.8681  m6_ic=0.0582
[21:29:43]   HIT  CHINA_H_SHARES     oil_emb_z        lag=  1 m5_p=0.9893  m6_ic=0.0724
[21:29:44]   HIT  CHINA_H_SHARES     oil_emb_z        lag= 60 m5_p=0.6481  m6_ic=0.1233
[21:29:44]   HIT  CHINA_H_SHARES     oil_emb_z        lag= 90 m5_p=0.9475  m6_ic=0.1726
[21:29:45]   HIT  CHINA_H_SHARES     rate_emb_z       lag= 30 m5_p=0.4860  m6_ic=0.0910
[21:29:46]   HIT  CHINA_H_SHARES     ruble_emb_z      lag=  1 m5_p=0.1288  m6_ic=0.0651
[21:29:46]   HIT  CHINA_H_SHARES     ruble_emb_z      lag=  7 m5_p=0.0258  m6_ic=0.0937
[21:29:46]   HIT  CHINA_H_SHARES     ruble_emb_z      lag= 14 m5_p=0.6639  m6_ic=0.0697
[21:29:48]   HIT  CHINA_H_SHARES     ruble_emb_z      lag= 90 m5_p=0.6281  m6_ic=0.0838
[21:29:48]   HIT  CHINA_H_SHARES     sanctions_emb_z  lag=  1 m5_p=0.4712  m6_ic=0.0567
[21:29:48]   HIT  CHINA_H_SHARES     sanctions_emb_z  lag=  7 m5_p=0.4604  m6_ic=0.0971
[21:29:48]   HIT  CHINA_H_SHARES     sanctions_emb_z  lag= 30 m5_p=0.9912  m6_ic=0.0599
[21:29:49]   HIT  CHINA_H_SHARES     inflation_emb_z  lag=  7 m5_p=0.9088  m6_ic=0.0790
[21:29:50]   HIT  CHINA_H_SHARES     inflation_emb_z  lag= 14 m5_p=0.0994  m6_ic=0.0681
[21:29:50]   HIT  CHINA_H_SHARES     inflation_emb_z  lag= 30 m5_p=0.6375  m6_ic=0.0694
[21:29:50]   HIT  CHINA_H_SHARES     inflation_emb_z  lag= 60 m5_p=0.7614  m6_ic=0.0593
[21:29:51]   HIT  CHINA_H_SHARES     banking_emb_z    lag=  1 m5_p=0.9391  m6_ic=0.0503
[21:29:51]   HIT  CHINA_H_SHARES     banking_emb_z    lag= 14 m5_p=0.8741  m6_ic=0.1206
[21:29:52]   HIT  CHINA_H_SHARES     banking_emb_z    lag= 90 m5_p=0.7789  m6_ic=0.0509
[21:29:54]   HIT  CHINA_H_SHARES     gold_emb_z       lag= 90 m5_p=0.9378  m6_ic=0.0595
[21:29:55]   HIT  FTSE_CHINA_50      oil_emb_z        lag= 60 m5_p=0.5684  m6_ic=0.1345
[21:29:55]   HIT  FTSE_CHINA_50      oil_emb_z        lag= 90 m5_p=0.9521  m6_ic=0.1889
[21:29:56]   HIT  FTSE_CHINA_50      rate_emb_z       lag= 30 m5_p=0.3121  m6_ic=0.0740
[21:29:57]   HIT  FTSE_CHINA_50      rate_emb_z       lag= 90 m5_p=0.8118  m6_ic=0.0577
[21:29:57]   HIT  FTSE_CHINA_50      ruble_emb_z      lag=  1 m5_p=0.0784  m6_ic=0.0809
[21:29:57]   HIT  FTSE_CHINA_50      ruble_emb_z      lag=  7 m5_p=0.0464  m6_ic=0.0841
[21:29:57]   HIT  FTSE_CHINA_50      ruble_emb_z      lag= 14 m5_p=0.6174  m6_ic=0.0732
[21:29:58]   HIT  FTSE_CHINA_50      ruble_emb_z      lag= 90 m5_p=0.6887  m6_ic=0.0905
[21:29:59]   HIT  FTSE_CHINA_50      sanctions_emb_z  lag=  7 m5_p=0.5076  m6_ic=0.0943
[21:30:00]   HIT  FTSE_CHINA_50      inflation_emb_z  lag=  7 m5_p=0.9227  m6_ic=0.0687
[21:30:01]   HIT  FTSE_CHINA_50      inflation_emb_z  lag= 14 m5_p=0.0992  m6_ic=0.0651
[21:30:01]   HIT  FTSE_CHINA_50      inflation_emb_z  lag= 30 m5_p=0.5427  m6_ic=0.0894
[21:30:02]   HIT  FTSE_CHINA_50      banking_emb_z    lag= 14 m5_p=0.7967  m6_ic=0.1036
[21:30:03]   HIT  FTSE_CHINA_50      banking_emb_z    lag= 60 m5_p=0.7203  m6_ic=0.0502
[21:30:03]   HIT  FTSE_CHINA_50      banking_emb_z    lag= 90 m5_p=0.9653  m6_ic=0.0565
[21:30:04]   HIT  FTSE_CHINA_50      gold_emb_z       lag=  7 m5_p=0.7251  m6_ic=0.0612
[21:30:05]   HIT  FTSE_CHINA_50      gold_emb_z       lag= 90 m5_p=0.9086  m6_ic=0.0675
[21:30:05]   HIT  GOLD               oil_emb_z        lag= 14 m5_p=0.2620  m6_ic=0.0581
[21:30:06]   HIT  GOLD               oil_emb_z        lag= 30 m5_p=0.6483  m6_ic=0.0605
[21:30:06]   HIT  GOLD               oil_emb_z        lag= 60 m5_p=0.6679  m6_ic=0.0541
[21:30:06]   HIT  GOLD               oil_emb_z        lag= 90 m5_p=0.8511  m6_ic=0.0575
[21:30:06]   HIT  GOLD               rate_emb_z       lag=  1 m5_p=0.7457  m6_ic=0.0963
[21:30:07]   HIT  GOLD               rate_emb_z       lag= 30 m5_p=0.9518  m6_ic=0.1247
[21:30:08]   HIT  GOLD               rate_emb_z       lag= 90 m5_p=0.5182  m6_ic=0.0529
[21:30:08]   HIT  GOLD               ruble_emb_z      lag= 14 m5_p=0.6285  m6_ic=0.0650
[21:30:08]   HIT  GOLD               ruble_emb_z      lag= 30 m5_p=0.9995  m6_ic=0.0908
[21:30:09]   HIT  GOLD               ruble_emb_z      lag= 90 m5_p=0.8696  m6_ic=0.0718
[21:30:09]   HIT  GOLD               sanctions_emb_z  lag=  1 m5_p=0.6497  m6_ic=0.0709
[21:30:10]   HIT  GOLD               sanctions_emb_z  lag= 14 m5_p=0.2963  m6_ic=0.0583
[21:30:10]   HIT  GOLD               sanctions_emb_z  lag= 30 m5_p=0.9756  m6_ic=0.0771
[21:30:10]   HIT  GOLD               sanctions_emb_z  lag= 60 m5_p=0.5986  m6_ic=0.1857
[21:30:11]   HIT  GOLD               inflation_emb_z  lag=  1 m5_p=0.8350  m6_ic=0.1288
[21:30:11]   HIT  GOLD               inflation_emb_z  lag= 14 m5_p=0.7996  m6_ic=0.0665
[21:30:12]   HIT  GOLD               banking_emb_z    lag=  1 m5_p=0.1266  m6_ic=0.0524
[21:30:13]   HIT  GOLD               banking_emb_z    lag= 90 m5_p=0.5651  m6_ic=0.1082
[21:30:13]   HIT  GOLD               gold_emb_z       lag=  1 m5_p=0.6920  m6_ic=0.0673
[21:30:14]   HIT  GOLD               gold_emb_z       lag=  7 m5_p=0.5645  m6_ic=0.1370
[21:30:14]   HIT  GOLD               gold_emb_z       lag= 60 m5_p=0.9568  m6_ic=0.0810
[21:30:15]   HIT  SILVER             oil_emb_z        lag= 14 m5_p=0.9875  m6_ic=0.0543
[21:30:16]   HIT  SILVER             rate_emb_z       lag=  1 m5_p=0.7504  m6_ic=0.0501
[21:30:17]   HIT  SILVER             rate_emb_z       lag= 30 m5_p=0.7659  m6_ic=0.0507
[21:30:18]   HIT  SILVER             rate_emb_z       lag= 90 m5_p=0.8532  m6_ic=0.0518
[21:30:18]   HIT  SILVER             ruble_emb_z      lag=  1 m5_p=0.4948  m6_ic=0.0589
[21:30:18]   HIT  SILVER             ruble_emb_z      lag=  7 m5_p=0.4274  m6_ic=0.1058
[21:30:18]   HIT  SILVER             ruble_emb_z      lag= 30 m5_p=0.9529  m6_ic=0.0911
[21:30:19]   HIT  SILVER             ruble_emb_z      lag= 90 m5_p=0.9953  m6_ic=0.0635
[21:30:19]   HIT  SILVER             sanctions_emb_z  lag=  1 m5_p=0.8650  m6_ic=0.0795
[21:30:19]   HIT  SILVER             sanctions_emb_z  lag= 14 m5_p=0.6519  m6_ic=0.0563
[21:30:20]   HIT  SILVER             sanctions_emb_z  lag= 30 m5_p=0.2999  m6_ic=0.0628
[21:30:20]   HIT  SILVER             sanctions_emb_z  lag= 60 m5_p=0.9089  m6_ic=0.1101
[21:30:20]   HIT  SILVER             sanctions_emb_z  lag= 90 m5_p=0.8557  m6_ic=0.0730
[21:30:21]   HIT  SILVER             inflation_emb_z  lag= 60 m5_p=0.7131  m6_ic=0.0523
[21:30:22]   HIT  SILVER             inflation_emb_z  lag= 90 m5_p=0.5268  m6_ic=0.1170
[21:30:23]   HIT  SILVER             banking_emb_z    lag= 90 m5_p=0.4339  m6_ic=0.1826
[21:30:23]   HIT  SILVER             gold_emb_z       lag=  7 m5_p=0.2833  m6_ic=0.0583
[21:30:24]   HIT  SILVER             gold_emb_z       lag= 14 m5_p=0.9673  m6_ic=0.0550
[21:30:24]   HIT  SILVER             gold_emb_z       lag= 90 m5_p=0.4843  m6_ic=0.1090
[21:30:26]   HIT  IMOEX              oil_emb_z        lag= 90 m5_p=0.7935  m6_ic=0.0702
[21:30:26]   HIT  IMOEX              rate_emb_z       lag=  7 m5_p=0.2090  m6_ic=0.0853
[21:30:27]   HIT  IMOEX              rate_emb_z       lag= 14 m5_p=0.4143  m6_ic=0.0941
[21:30:27]   HIT  IMOEX              rate_emb_z       lag= 30 m5_p=0.6379  m6_ic=0.0740
[21:30:27]   HIT  IMOEX              rate_emb_z       lag= 60 m5_p=0.6293  m6_ic=0.0798
[21:30:28]   HIT  IMOEX              ruble_emb_z      lag= 14 m5_p=0.5601  m6_ic=0.0870
[21:30:28]   HIT  IMOEX              ruble_emb_z      lag= 30 m5_p=0.4858  m6_ic=0.1052
[21:30:29]   HIT  IMOEX              sanctions_emb_z  lag=  1 m5_p=0.8655  m6_ic=0.0635
[21:30:30]   HIT  IMOEX              sanctions_emb_z  lag= 14 m5_p=0.3439  m6_ic=0.0984
[21:30:30]   HIT  IMOEX              sanctions_emb_z  lag= 30 m5_p=0.2528  m6_ic=0.0877
[21:30:30]   HIT  IMOEX              sanctions_emb_z  lag= 60 m5_p=0.9651  m6_ic=0.0951
[21:30:31]   HIT  IMOEX              inflation_emb_z  lag=  1 m5_p=0.2269  m6_ic=0.0885
[21:30:31]   HIT  IMOEX              inflation_emb_z  lag=  7 m5_p=0.4770  m6_ic=0.0760
[21:30:31]   HIT  IMOEX              inflation_emb_z  lag= 30 m5_p=0.2827  m6_ic=0.0794
[21:30:34]   HIT  IMOEX              banking_emb_z    lag= 90 m5_p=0.7612  m6_ic=0.0802
[21:30:36]   HIT  MOEXFN             oil_emb_z        lag= 30 m5_p=0.3234  m6_ic=0.1036
[21:30:37]   HIT  MOEXFN             rate_emb_z       lag= 14 m5_p=0.1283  m6_ic=0.0745
[21:30:39]   HIT  MOEXFN             ruble_emb_z      lag= 30 m5_p=0.8908  m6_ic=0.0996
[21:30:41]   HIT  MOEXFN             sanctions_emb_z  lag= 30 m5_p=0.3830  m6_ic=0.0520
[21:30:41]   HIT  MOEXFN             sanctions_emb_z  lag= 60 m5_p=0.7569  m6_ic=0.0831
[21:30:42]   HIT  MOEXFN             inflation_emb_z  lag=  7 m5_p=0.4968  m6_ic=0.1050
[21:30:42]   HIT  MOEXFN             inflation_emb_z  lag= 60 m5_p=0.7875  m6_ic=0.1499
[21:30:43]   HIT  MOEXFN             banking_emb_z    lag= 30 m5_p=0.7341  m6_ic=0.0503
[21:30:44]   HIT  MOEXFN             banking_emb_z    lag= 90 m5_p=0.4318  m6_ic=0.1323
[21:30:46]   HIT  MOEXOG             oil_emb_z        lag=  1 m5_p=0.7135  m6_ic=0.0718
[21:30:46]   HIT  MOEXOG             oil_emb_z        lag=  7 m5_p=0.0733  m6_ic=0.1059
[21:30:46]   HIT  MOEXOG             oil_emb_z        lag= 14 m5_p=0.9043  m6_ic=0.0620
[21:30:46]   HIT  MOEXOG             oil_emb_z        lag= 30 m5_p=0.1069  m6_ic=0.0736
[21:30:47]   HIT  MOEXOG             oil_emb_z        lag= 90 m5_p=0.4730  m6_ic=0.0932
[21:30:48]   HIT  MOEXOG             rate_emb_z       lag=  7 m5_p=0.0755  m6_ic=0.0722
[21:30:48]   HIT  MOEXOG             rate_emb_z       lag= 14 m5_p=0.6295  m6_ic=0.1002
[21:30:48]   HIT  MOEXOG             rate_emb_z       lag= 30 m5_p=0.4671  m6_ic=0.0770
[21:30:48]   HIT  MOEXOG             rate_emb_z       lag= 60 m5_p=0.6695  m6_ic=0.0670
[21:30:49]   HIT  MOEXOG             ruble_emb_z      lag= 14 m5_p=0.7797  m6_ic=0.0519
[21:30:49]   HIT  MOEXOG             ruble_emb_z      lag= 30 m5_p=0.1859  m6_ic=0.0760
[21:30:50]   HIT  MOEXOG             ruble_emb_z      lag= 90 m5_p=0.9379  m6_ic=0.0712
[21:30:52]   HIT  MOEXOG             inflation_emb_z  lag=  1 m5_p=0.1669  m6_ic=0.0863
[21:30:53]   HIT  MOEXOG             inflation_emb_z  lag= 60 m5_p=0.5719  m6_ic=0.0944
[21:30:53]   HIT  MOEXOG             inflation_emb_z  lag= 90 m5_p=0.8964  m6_ic=0.0553
[21:30:54]   HIT  MOEXOG             banking_emb_z    lag= 30 m5_p=0.7124  m6_ic=0.0584
[21:30:54]   HIT  MOEXOG             banking_emb_z    lag= 60 m5_p=0.2318  m6_ic=0.1172
[21:30:55]   HIT  MOEXOG             banking_emb_z    lag= 90 m5_p=0.5544  m6_ic=0.0829
[21:30:55]   HIT  MOEXOG             gold_emb_z       lag=  7 m5_p=0.2092  m6_ic=0.0829
[21:30:55]   HIT  MOEXOG             gold_emb_z       lag= 14 m5_p=0.4845  m6_ic=0.0778
[21:30:56]   HIT  MOEXOG             gold_emb_z       lag= 60 m5_p=0.8891  m6_ic=0.0599
[21:30:56]   HIT  MOEXOG             gold_emb_z       lag= 90 m5_p=0.9979  m6_ic=0.0900
[21:30:57]   HIT  MOEX10             oil_emb_z        lag= 30 m5_p=0.1532  m6_ic=0.0940
[21:30:58]   HIT  MOEX10             rate_emb_z       lag= 14 m5_p=0.5362  m6_ic=0.0615
[21:30:59]   HIT  MOEX10             rate_emb_z       lag= 60 m5_p=0.7388  m6_ic=0.0622
[21:30:59]   HIT  MOEX10             rate_emb_z       lag= 90 m5_p=0.8439  m6_ic=0.0668
[21:30:59]   HIT  MOEX10             ruble_emb_z      lag=  1 m5_p=0.2101  m6_ic=0.0667
[21:31:00]   HIT  MOEX10             ruble_emb_z      lag= 30 m5_p=0.1711  m6_ic=0.0947
[21:31:02]   HIT  MOEX10             sanctions_emb_z  lag= 60 m5_p=0.9091  m6_ic=0.0775
[21:31:02]   HIT  MOEX10             inflation_emb_z  lag=  7 m5_p=0.4887  m6_ic=0.0685
[21:31:03]   HIT  MOEX10             inflation_emb_z  lag= 14 m5_p=0.8985  m6_ic=0.0505
[21:31:03]   HIT  MOEX10             inflation_emb_z  lag= 60 m5_p=0.5956  m6_ic=0.0729
[21:31:04]   HIT  MOEX10             banking_emb_z    lag= 30 m5_p=0.6500  m6_ic=0.0796
[21:31:05]   HIT  MOEX10             banking_emb_z    lag= 90 m5_p=0.5589  m6_ic=0.0923
[21:31:06]   HIT  MOEX10             gold_emb_z       lag= 30 m5_p=0.7972  m6_ic=0.0517
[21:31:07]   HIT  MOEX10             gold_emb_z       lag= 90 m5_p=0.6541  m6_ic=0.0580
[21:31:07]     Train: 242 signals
[21:31:07]     Val holdout (242 candidates)...
[21:31:07]     VAL PASS  SP500              oil_emb_z        lag=  1  m6_ic=0.0710
[21:31:07]     VAL PASS  SP500              oil_emb_z        lag= 14  m6_ic=0.0603
[21:31:07]     VAL PASS  SP500              rate_emb_z       lag= 60  m6_ic=0.1312
[21:31:09]     VAL PASS  SP500              sanctions_emb_z  lag= 14  m6_ic=0.0501
[21:31:09]     VAL PASS  SP500              sanctions_emb_z  lag= 60  m6_ic=0.1182
[21:31:09]     VAL PASS  SP500              inflation_emb_z  lag=  1  m6_ic=0.0800
[21:31:09]     VAL PASS  SP500              inflation_emb_z  lag= 14  m6_ic=0.0769
[21:31:10]     VAL PASS  SP500              inflation_emb_z  lag= 60  m6_ic=0.1510
[21:31:10]     VAL PASS  SP500              gold_emb_z       lag= 30  m6_ic=0.1651
[21:31:10]     VAL PASS  USD_RUB            rate_emb_z       lag=  7  m6_ic=0.0575
[21:31:11]     VAL PASS  USD_RUB            rate_emb_z       lag= 90  m6_ic=0.1050
[21:31:11]     VAL PASS  USD_RUB            ruble_emb_z      lag= 60  m6_ic=0.1171
[21:31:11]     VAL PASS  USD_RUB            sanctions_emb_z  lag=  7  m6_ic=0.0575
[21:31:12]     VAL PASS  USD_RUB            gold_emb_z       lag=  1  m6_ic=0.0917
[21:31:12]     VAL PASS  EUR_RUB            rate_emb_z       lag=  7  m6_ic=0.0575
[21:31:13]     VAL PASS  EUR_RUB            rate_emb_z       lag= 90  m6_ic=0.1050
[21:31:13]     VAL PASS  EUR_RUB            ruble_emb_z      lag= 60  m6_ic=0.1171
[21:31:13]     VAL PASS  EUR_RUB            sanctions_emb_z  lag=  7  m6_ic=0.0575
[21:31:14]     VAL PASS  EUR_RUB            gold_emb_z       lag=  1  m6_ic=0.0917
[21:31:14]     VAL PASS  DJ_SOUTH_AFRICA    oil_emb_z        lag=  1  m6_ic=0.0576
[21:31:15]     VAL PASS  DJ_SOUTH_AFRICA    oil_emb_z        lag= 30  m6_ic=0.1367
[21:31:15]     VAL PASS  DJ_SOUTH_AFRICA    rate_emb_z       lag= 30  m6_ic=0.0896
[21:31:16]     VAL PASS  DJ_SOUTH_AFRICA    inflation_emb_z  lag= 30  m6_ic=0.0759
[21:31:17]     VAL PASS  DJ_SOUTH_AFRICA    inflation_emb_z  lag= 60  m6_ic=0.0753
[21:31:18]     VAL PASS  MSCI_WORLD         oil_emb_z        lag=  7  m6_ic=0.0908
[21:31:20]     VAL PASS  MSCI_WORLD         banking_emb_z    lag=  7  m6_ic=0.0640
[21:31:21]     VAL PASS  MSCI_WORLD         banking_emb_z    lag= 14  m6_ic=0.1243
[21:31:22]     VAL PASS  DXY                oil_emb_z        lag=  1  m6_ic=0.0635
[21:31:22]     VAL PASS  DXY                oil_emb_z        lag=  7  m6_ic=0.1685
[21:31:22]     VAL PASS  DXY                oil_emb_z        lag= 14  m6_ic=0.0967
[21:31:22]     VAL PASS  DXY                rate_emb_z       lag=  1  m6_ic=0.0553
[21:31:23]     VAL PASS  DXY                ruble_emb_z      lag= 30  m6_ic=0.0502
[21:31:24]     VAL PASS  DXY                inflation_emb_z  lag=  1  m6_ic=0.0556
[21:31:24]     VAL PASS  DXY                inflation_emb_z  lag= 14  m6_ic=0.0940
[21:31:25]     VAL PASS  DXY                banking_emb_z    lag= 14  m6_ic=0.0573
[21:31:25]     VAL PASS  DXY                banking_emb_z    lag= 90  m6_ic=0.1500
[21:31:26]     VAL PASS  BRENT              rate_emb_z       lag=  7  m6_ic=0.0563
[21:31:26]     VAL PASS  BRENT              rate_emb_z       lag= 14  m6_ic=0.1027
[21:31:27]     VAL PASS  BRENT              sanctions_emb_z  lag= 30  m6_ic=0.0513
[21:31:27]     VAL PASS  BRENT              sanctions_emb_z  lag= 60  m6_ic=0.0891
[21:31:27]     VAL PASS  BRENT              inflation_emb_z  lag=  7  m6_ic=0.0633
[21:31:28]     VAL PASS  BRENT              gold_emb_z       lag= 30  m6_ic=0.0526
[21:31:28]     VAL PASS  MSCI_INDIA         oil_emb_z        lag=  1  m6_ic=0.0567
[21:31:28]     VAL PASS  MSCI_INDIA         oil_emb_z        lag=  7  m6_ic=0.0505
[21:31:28]     VAL PASS  MSCI_INDIA         oil_emb_z        lag= 30  m6_ic=0.0644
[21:31:29]     VAL PASS  MSCI_INDIA         oil_emb_z        lag= 90  m6_ic=0.0710
[21:31:30]     VAL PASS  MSCI_INDIA         ruble_emb_z      lag= 30  m6_ic=0.0606
[21:31:31]     VAL PASS  MSCI_INDIA         banking_emb_z    lag= 30  m6_ic=0.1817
[21:31:31]     VAL PASS  MSCI_INDIA         banking_emb_z    lag= 60  m6_ic=0.0870
[21:31:32]     VAL PASS  MSCI_INDIA         banking_emb_z    lag= 90  m6_ic=0.0761
[21:31:32]     VAL PASS  MSCI_INDIA         gold_emb_z       lag=  7  m6_ic=0.0711
[21:31:33]     VAL PASS  CHINA_H_SHARES     oil_emb_z        lag=  1  m6_ic=0.1001
[21:31:33]     VAL PASS  CHINA_H_SHARES     rate_emb_z       lag= 30  m6_ic=0.0523
[21:31:34]     VAL PASS  CHINA_H_SHARES     ruble_emb_z      lag= 14  m6_ic=0.1738
[21:31:34]     VAL PASS  CHINA_H_SHARES     ruble_emb_z      lag= 90  m6_ic=0.0621
[21:31:35]     VAL PASS  CHINA_H_SHARES     sanctions_emb_z  lag=  1  m6_ic=0.0895
[21:31:35]     VAL PASS  CHINA_H_SHARES     inflation_emb_z  lag=  7  m6_ic=0.0842
[21:31:35]     VAL PASS  CHINA_H_SHARES     inflation_emb_z  lag= 14  m6_ic=0.0570
[21:31:36]     VAL PASS  CHINA_H_SHARES     inflation_emb_z  lag= 60  m6_ic=0.1108
[21:31:37]     VAL PASS  CHINA_H_SHARES     banking_emb_z    lag= 90  m6_ic=0.0927
[21:31:37]     VAL PASS  FTSE_CHINA_50      oil_emb_z        lag= 60  m6_ic=0.0784
[21:31:38]     VAL PASS  FTSE_CHINA_50      rate_emb_z       lag= 30  m6_ic=0.1051
[21:31:38]     VAL PASS  FTSE_CHINA_50      rate_emb_z       lag= 90  m6_ic=0.1140
[21:31:39]     VAL PASS  FTSE_CHINA_50      ruble_emb_z      lag= 14  m6_ic=0.0690
[21:31:39]     VAL PASS  FTSE_CHINA_50      ruble_emb_z      lag= 90  m6_ic=0.0622
[21:31:40]     VAL PASS  FTSE_CHINA_50      inflation_emb_z  lag=  7  m6_ic=0.0714
[21:31:40]     VAL PASS  FTSE_CHINA_50      banking_emb_z    lag= 60  m6_ic=0.0523
[21:31:41]     VAL PASS  FTSE_CHINA_50      gold_emb_z       lag= 90  m6_ic=0.1307
[21:31:42]     VAL PASS  GOLD               oil_emb_z        lag= 30  m6_ic=0.1184
[21:31:42]     VAL PASS  GOLD               rate_emb_z       lag=  1  m6_ic=0.1016
[21:31:42]     VAL PASS  GOLD               rate_emb_z       lag= 30  m6_ic=0.1201
[21:31:44]     VAL PASS  GOLD               sanctions_emb_z  lag= 30  m6_ic=0.0509
[21:31:44]     VAL PASS  GOLD               inflation_emb_z  lag=  1  m6_ic=0.1358
[21:31:44]     VAL PASS  GOLD               banking_emb_z    lag=  1  m6_ic=0.0501
[21:31:45]     VAL PASS  GOLD               gold_emb_z       lag=  1  m6_ic=0.0508
[21:31:45]     VAL PASS  SILVER             rate_emb_z       lag=  1  m6_ic=0.0865
[21:31:46]     VAL PASS  SILVER             rate_emb_z       lag= 30  m6_ic=0.0674
[21:31:47]     VAL PASS  SILVER             sanctions_emb_z  lag= 14  m6_ic=0.0804
[21:31:47]     VAL PASS  SILVER             sanctions_emb_z  lag= 30  m6_ic=0.0535
[21:31:48]     VAL PASS  SILVER             gold_emb_z       lag= 14  m6_ic=0.1416
[21:31:49]     VAL PASS  IMOEX              rate_emb_z       lag= 14  m6_ic=0.1515
[21:31:49]     VAL PASS  IMOEX              rate_emb_z       lag= 30  m6_ic=0.1019
[21:31:50]     VAL PASS  IMOEX              rate_emb_z       lag= 60  m6_ic=0.1169
[21:31:50]     VAL PASS  IMOEX              ruble_emb_z      lag= 14  m6_ic=0.1229
[21:31:50]     VAL PASS  IMOEX              ruble_emb_z      lag= 30  m6_ic=0.1410
[21:31:50]     VAL PASS  IMOEX              sanctions_emb_z  lag= 14  m6_ic=0.1057
[21:31:51]     VAL PASS  IMOEX              sanctions_emb_z  lag= 30  m6_ic=0.0640
[21:31:51]     VAL PASS  IMOEX              inflation_emb_z  lag=  1  m6_ic=0.1056
[21:31:51]     VAL PASS  IMOEX              inflation_emb_z  lag=  7  m6_ic=0.0840
[21:31:52]     VAL PASS  IMOEX              banking_emb_z    lag= 90  m6_ic=0.0546
[21:31:52]     VAL PASS  MOEXFN             rate_emb_z       lag= 14  m6_ic=0.1772
[21:31:53]     VAL PASS  MOEXFN             ruble_emb_z      lag= 30  m6_ic=0.1240
[21:31:53]     VAL PASS  MOEXFN             sanctions_emb_z  lag= 60  m6_ic=0.0650
[21:31:53]     VAL PASS  MOEXFN             inflation_emb_z  lag=  7  m6_ic=0.1169
[21:31:54]     VAL PASS  MOEXFN             inflation_emb_z  lag= 60  m6_ic=0.0704
[21:31:54]     VAL PASS  MOEXFN             banking_emb_z    lag= 30  m6_ic=0.0792
[21:31:55]     VAL PASS  MOEXOG             oil_emb_z        lag=  7  m6_ic=0.0706
[21:31:55]     VAL PASS  MOEXOG             oil_emb_z        lag= 14  m6_ic=0.0718
[21:31:55]     VAL PASS  MOEXOG             oil_emb_z        lag= 30  m6_ic=0.0664
[21:31:55]     VAL PASS  MOEXOG             oil_emb_z        lag= 90  m6_ic=0.0691
[21:31:56]     VAL PASS  MOEXOG             rate_emb_z       lag= 14  m6_ic=0.1417
[21:31:56]     VAL PASS  MOEXOG             rate_emb_z       lag= 30  m6_ic=0.0866
[21:31:56]     VAL PASS  MOEXOG             rate_emb_z       lag= 60  m6_ic=0.1092
[21:31:57]     VAL PASS  MOEXOG             ruble_emb_z      lag= 14  m6_ic=0.0964
[21:31:57]     VAL PASS  MOEXOG             ruble_emb_z      lag= 30  m6_ic=0.1103
[21:31:57]     VAL PASS  MOEXOG             inflation_emb_z  lag=  1  m6_ic=0.1491
[21:31:58]     VAL PASS  MOEXOG             inflation_emb_z  lag= 60  m6_ic=0.0969
[21:31:58]     VAL PASS  MOEXOG             inflation_emb_z  lag= 90  m6_ic=0.1516
[21:31:58]     VAL PASS  MOEXOG             banking_emb_z    lag= 30  m6_ic=0.0722
[21:31:59]     VAL PASS  MOEXOG             gold_emb_z       lag= 14  m6_ic=0.0572
[21:31:59]     VAL PASS  MOEXOG             gold_emb_z       lag= 60  m6_ic=0.1108
[21:32:00]     VAL PASS  MOEX10             rate_emb_z       lag= 14  m6_ic=0.1497
[21:32:01]     VAL PASS  MOEX10             rate_emb_z       lag= 60  m6_ic=0.1339
[21:32:01]     VAL PASS  MOEX10             ruble_emb_z      lag= 30  m6_ic=0.1278
[21:32:02]     VAL PASS  MOEX10             inflation_emb_z  lag=  7  m6_ic=0.0961
[21:32:02]     VAL PASS  MOEX10             inflation_emb_z  lag= 60  m6_ic=0.0593
[21:32:03]     VAL PASS  MOEX10             banking_emb_z    lag= 30  m6_ic=0.0736
[21:32:03]     VAL PASS  MOEX10             gold_emb_z       lag= 30  m6_ic=0.0702
[21:32:03]     Val: 118/242 held
[21:32:03]   → train=242  val=118  max_ic=0.1889  score=2670.0
[21:32:03] 
============================================================
[21:32:03] FINAL REPORT
[21:32:03] ============================================================
[21:32:05] Report: C:\project\signal_mind\analytics\phase_b\night_search\night_report_20260520_203734.md
[21:32:06] Hits CSV: C:\project\signal_mind\analytics\phase_b\night_search\night_hits_20260520_203734.csv
[21:32:06] 
[6/7] r2_m6strict_embedding_z90_market_return  (budget=213min)
[21:32:06]   Config: r2_m6strict_embedding_z90_market_return
[21:32:06]     feature=embedding_z90  target=market_return  ensemble=M6_only  ic_min=0.05
[21:32:06]   HIT  SP500              oil_emb_z        lag=  1 m5_p=0.7065  m6_ic=0.0758
[21:32:06]   HIT  SP500              oil_emb_z        lag= 14 m5_p=0.0828  m6_ic=0.0797
[21:32:08]   HIT  SP500              rate_emb_z       lag= 60 m5_p=0.6871  m6_ic=0.0506
[21:32:09]   HIT  SP500              rate_emb_z       lag= 90 m5_p=0.8390  m6_ic=0.0509
[21:32:09]   HIT  SP500              ruble_emb_z      lag= 30 m5_p=0.1561  m6_ic=0.0656
[21:32:10]   HIT  SP500              ruble_emb_z      lag= 90 m5_p=0.8460  m6_ic=0.1280
[21:32:11]   HIT  SP500              sanctions_emb_z  lag= 14 m5_p=0.7268  m6_ic=0.0771
[21:32:11]   HIT  SP500              sanctions_emb_z  lag= 60 m5_p=0.9841  m6_ic=0.0771
[21:32:12]   HIT  SP500              inflation_emb_z  lag=  1 m5_p=0.6456  m6_ic=0.0562
[21:32:13]   HIT  SP500              inflation_emb_z  lag= 14 m5_p=0.2256  m6_ic=0.0719
[21:32:13]   HIT  SP500              inflation_emb_z  lag= 60 m5_p=0.4663  m6_ic=0.0570
[21:32:15]   HIT  SP500              gold_emb_z       lag=  1 m5_p=0.7799  m6_ic=0.0570
[21:32:16]   HIT  SP500              gold_emb_z       lag= 30 m5_p=0.7182  m6_ic=0.0535
[21:32:19]   HIT  USD_RUB            rate_emb_z       lag=  7 m5_p=0.0977  m6_ic=0.0986
[21:32:19]   HIT  USD_RUB            rate_emb_z       lag= 14 m5_p=0.0392  m6_ic=0.0645
[21:32:20]   HIT  USD_RUB            rate_emb_z       lag= 90 m5_p=0.8797  m6_ic=0.0514
[21:32:21]   HIT  USD_RUB            ruble_emb_z      lag= 60 m5_p=0.4263  m6_ic=0.0929
[21:32:22]   HIT  USD_RUB            sanctions_emb_z  lag=  7 m5_p=0.8898  m6_ic=0.0510
[21:32:24]   HIT  USD_RUB            inflation_emb_z  lag= 30 m5_p=0.5802  m6_ic=0.0884
[21:32:25]   HIT  USD_RUB            banking_emb_z    lag=  7 m5_p=0.6943  m6_ic=0.1137
[21:32:27]   HIT  USD_RUB            gold_emb_z       lag=  1 m5_p=0.5974  m6_ic=0.0501
[21:32:27]   HIT  USD_RUB            gold_emb_z       lag=  7 m5_p=0.7851  m6_ic=0.1043
[21:32:30]   HIT  EUR_RUB            rate_emb_z       lag=  7 m5_p=0.0977  m6_ic=0.0986
[21:32:30]   HIT  EUR_RUB            rate_emb_z       lag= 14 m5_p=0.0392  m6_ic=0.0645
[21:32:31]   HIT  EUR_RUB            rate_emb_z       lag= 90 m5_p=0.8797  m6_ic=0.0514
[21:32:32]   HIT  EUR_RUB            ruble_emb_z      lag= 60 m5_p=0.4263  m6_ic=0.0929
[21:32:33]   HIT  EUR_RUB            sanctions_emb_z  lag=  7 m5_p=0.8898  m6_ic=0.0510
[21:32:35]   HIT  EUR_RUB            inflation_emb_z  lag= 30 m5_p=0.5802  m6_ic=0.0884
[21:32:36]   HIT  EUR_RUB            banking_emb_z    lag=  7 m5_p=0.6943  m6_ic=0.1137
[21:32:38]   HIT  EUR_RUB            gold_emb_z       lag=  1 m5_p=0.5974  m6_ic=0.0501
[21:32:38]   HIT  EUR_RUB            gold_emb_z       lag=  7 m5_p=0.7851  m6_ic=0.1043
[21:32:39]   HIT  DJ_SOUTH_AFRICA    oil_emb_z        lag=  1 m5_p=0.8221  m6_ic=0.1124
[21:32:40]   HIT  DJ_SOUTH_AFRICA    oil_emb_z        lag= 30 m5_p=0.6389  m6_ic=0.1014
[21:32:40]   HIT  DJ_SOUTH_AFRICA    oil_emb_z        lag= 60 m5_p=0.5845  m6_ic=0.1482
[21:32:42]   HIT  DJ_SOUTH_AFRICA    rate_emb_z       lag= 30 m5_p=0.3592  m6_ic=0.0611
[21:32:42]   HIT  DJ_SOUTH_AFRICA    rate_emb_z       lag= 90 m5_p=0.7962  m6_ic=0.0633
[21:32:44]   HIT  DJ_SOUTH_AFRICA    sanctions_emb_z  lag=  7 m5_p=0.0434  m6_ic=0.0670
[21:32:46]   HIT  DJ_SOUTH_AFRICA    sanctions_emb_z  lag= 90 m5_p=0.6666  m6_ic=0.1123
[21:32:46]   HIT  DJ_SOUTH_AFRICA    inflation_emb_z  lag= 30 m5_p=0.8809  m6_ic=0.0922
[21:32:47]   HIT  DJ_SOUTH_AFRICA    inflation_emb_z  lag= 60 m5_p=0.8141  m6_ic=0.1141
[21:32:47]   HIT  DJ_SOUTH_AFRICA    inflation_emb_z  lag= 90 m5_p=0.3238  m6_ic=0.0829
[21:32:47]   HIT  DJ_SOUTH_AFRICA    banking_emb_z    lag=  1 m5_p=0.3918  m6_ic=0.0604
[21:32:48]   HIT  DJ_SOUTH_AFRICA    banking_emb_z    lag= 14 m5_p=0.5033  m6_ic=0.0547
[21:32:48]   HIT  DJ_SOUTH_AFRICA    banking_emb_z    lag= 60 m5_p=0.6874  m6_ic=0.0515
[21:32:49]   HIT  DJ_SOUTH_AFRICA    gold_emb_z       lag=  7 m5_p=0.2064  m6_ic=0.0798
[21:32:50]   HIT  MSCI_WORLD         oil_emb_z        lag=  1 m5_p=0.2689  m6_ic=0.1514
[21:32:51]   HIT  MSCI_WORLD         oil_emb_z        lag=  7 m5_p=0.2210  m6_ic=0.0657
[21:32:52]   HIT  MSCI_WORLD         rate_emb_z       lag=  7 m5_p=0.1228  m6_ic=0.0539
[21:32:53]   HIT  MSCI_WORLD         rate_emb_z       lag= 60 m5_p=0.9469  m6_ic=0.0652
[21:32:54]   HIT  MSCI_WORLD         ruble_emb_z      lag=  1 m5_p=0.1664  m6_ic=0.0711
[21:32:55]   HIT  MSCI_WORLD         sanctions_emb_z  lag=  7 m5_p=0.5700  m6_ic=0.0598
[21:32:55]   HIT  MSCI_WORLD         sanctions_emb_z  lag= 14 m5_p=0.9735  m6_ic=0.0894
[21:32:56]   HIT  MSCI_WORLD         sanctions_emb_z  lag= 60 m5_p=0.9164  m6_ic=0.1089
[21:32:57]   HIT  MSCI_WORLD         inflation_emb_z  lag=  7 m5_p=0.8886  m6_ic=0.0742
[21:32:57]   HIT  MSCI_WORLD         inflation_emb_z  lag= 30 m5_p=0.9393  m6_ic=0.0709
[21:32:58]   HIT  MSCI_WORLD         inflation_emb_z  lag= 60 m5_p=0.1925  m6_ic=0.0983
[21:32:58]   HIT  MSCI_WORLD         banking_emb_z    lag=  7 m5_p=0.6228  m6_ic=0.0597
[21:32:59]   HIT  MSCI_WORLD         banking_emb_z    lag= 14 m5_p=0.1712  m6_ic=0.0603
[21:33:01]   HIT  MSCI_WORLD         gold_emb_z       lag= 60 m5_p=0.4960  m6_ic=0.0786
[21:33:01]   HIT  MSCI_WORLD         gold_emb_z       lag= 90 m5_p=0.7065  m6_ic=0.1010
[21:33:01]   HIT  DXY                oil_emb_z        lag=  1 m5_p=0.4736  m6_ic=0.0546
[21:33:02]   HIT  DXY                oil_emb_z        lag=  7 m5_p=0.4423  m6_ic=0.0927
[21:33:02]   HIT  DXY                oil_emb_z        lag= 14 m5_p=0.6408  m6_ic=0.0967
[21:33:02]   HIT  DXY                oil_emb_z        lag= 60 m5_p=0.8495  m6_ic=0.0611
[21:33:03]   HIT  DXY                rate_emb_z       lag=  1 m5_p=0.8266  m6_ic=0.0799
[21:33:04]   HIT  DXY                rate_emb_z       lag= 30 m5_p=0.3048  m6_ic=0.1179
[21:33:05]   HIT  DXY                ruble_emb_z      lag= 14 m5_p=0.8457  m6_ic=0.0645
[21:33:05]   HIT  DXY                ruble_emb_z      lag= 30 m5_p=0.5505  m6_ic=0.0900
[21:33:08]   HIT  DXY                sanctions_emb_z  lag= 90 m5_p=0.9967  m6_ic=0.0870
[21:33:08]   HIT  DXY                inflation_emb_z  lag=  1 m5_p=0.4382  m6_ic=0.0632
[21:33:08]   HIT  DXY                inflation_emb_z  lag=  7 m5_p=0.2982  m6_ic=0.0526
[21:33:08]   HIT  DXY                inflation_emb_z  lag= 14 m5_p=0.3512  m6_ic=0.0762
[21:33:09]   HIT  DXY                inflation_emb_z  lag= 60 m5_p=0.3308  m6_ic=0.0516
[21:33:09]   HIT  DXY                inflation_emb_z  lag= 90 m5_p=0.8868  m6_ic=0.0684
[21:33:10]   HIT  DXY                banking_emb_z    lag= 14 m5_p=0.5128  m6_ic=0.0831
[21:33:11]   HIT  DXY                banking_emb_z    lag= 90 m5_p=0.6749  m6_ic=0.0746
[21:33:12]   HIT  DXY                gold_emb_z       lag= 60 m5_p=0.7501  m6_ic=0.1261
[21:33:13]   HIT  BRENT              oil_emb_z        lag= 60 m5_p=0.9052  m6_ic=0.0715
[21:33:14]   HIT  BRENT              rate_emb_z       lag=  7 m5_p=0.3267  m6_ic=0.0813
[21:33:14]   HIT  BRENT              rate_emb_z       lag= 14 m5_p=0.9474  m6_ic=0.0788
[21:33:16]   HIT  BRENT              ruble_emb_z      lag= 14 m5_p=0.6055  m6_ic=0.0882
[21:33:17]   HIT  BRENT              ruble_emb_z      lag= 60 m5_p=0.6246  m6_ic=0.1248
[21:33:18]   HIT  BRENT              sanctions_emb_z  lag= 30 m5_p=0.7604  m6_ic=0.1134
[21:33:18]   HIT  BRENT              sanctions_emb_z  lag= 60 m5_p=0.4003  m6_ic=0.0589
[21:33:19]   HIT  BRENT              inflation_emb_z  lag=  7 m5_p=0.1354  m6_ic=0.1402
[21:33:20]   HIT  BRENT              banking_emb_z    lag=  1 m5_p=0.8689  m6_ic=0.1221
[21:33:22]   HIT  BRENT              gold_emb_z       lag= 30 m5_p=0.3724  m6_ic=0.0887
[21:33:23]   HIT  MSCI_INDIA         oil_emb_z        lag=  1 m5_p=0.6784  m6_ic=0.0840
[21:33:24]   HIT  MSCI_INDIA         oil_emb_z        lag=  7 m5_p=0.0789  m6_ic=0.0701
[21:33:24]   HIT  MSCI_INDIA         oil_emb_z        lag= 30 m5_p=0.9424  m6_ic=0.0797
[21:33:25]   HIT  MSCI_INDIA         oil_emb_z        lag= 90 m5_p=0.6532  m6_ic=0.0594
[21:33:25]   HIT  MSCI_INDIA         rate_emb_z       lag=  1 m5_p=0.1855  m6_ic=0.0719
[21:33:25]   HIT  MSCI_INDIA         rate_emb_z       lag=  7 m5_p=0.9259  m6_ic=0.0988
[21:33:27]   HIT  MSCI_INDIA         ruble_emb_z      lag=  1 m5_p=0.5372  m6_ic=0.0638
[21:33:27]   HIT  MSCI_INDIA         ruble_emb_z      lag= 30 m5_p=0.1705  m6_ic=0.0686
[21:33:28]   HIT  MSCI_INDIA         ruble_emb_z      lag= 90 m5_p=0.9164  m6_ic=0.0615
[21:33:28]   HIT  MSCI_INDIA         sanctions_emb_z  lag=  7 m5_p=0.8932  m6_ic=0.0586
[21:33:29]   HIT  MSCI_INDIA         sanctions_emb_z  lag= 60 m5_p=0.4846  m6_ic=0.0813
[21:33:30]   HIT  MSCI_INDIA         inflation_emb_z  lag= 14 m5_p=0.0209  m6_ic=0.0699
[21:33:31]   HIT  MSCI_INDIA         inflation_emb_z  lag= 60 m5_p=0.6968  m6_ic=0.0858
[21:33:32]   HIT  MSCI_INDIA         banking_emb_z    lag= 30 m5_p=0.9294  m6_ic=0.0577
[21:33:32]   HIT  MSCI_INDIA         banking_emb_z    lag= 60 m5_p=0.8605  m6_ic=0.0582
[21:33:33]   HIT  MSCI_INDIA         banking_emb_z    lag= 90 m5_p=0.6200  m6_ic=0.0797
[21:33:33]   HIT  MSCI_INDIA         gold_emb_z       lag=  1 m5_p=0.6979  m6_ic=0.0594
[21:33:33]   HIT  MSCI_INDIA         gold_emb_z       lag=  7 m5_p=0.5940  m6_ic=0.0545
[21:33:34]   HIT  MSCI_INDIA         gold_emb_z       lag= 30 m5_p=0.8681  m6_ic=0.0582
[21:33:35]   HIT  CHINA_H_SHARES     oil_emb_z        lag=  1 m5_p=0.9893  m6_ic=0.0724
[21:33:36]   HIT  CHINA_H_SHARES     oil_emb_z        lag= 60 m5_p=0.6481  m6_ic=0.1233
[21:33:36]   HIT  CHINA_H_SHARES     oil_emb_z        lag= 90 m5_p=0.9475  m6_ic=0.1726
[21:33:37]   HIT  CHINA_H_SHARES     rate_emb_z       lag= 30 m5_p=0.4860  m6_ic=0.0910
[21:33:38]   HIT  CHINA_H_SHARES     ruble_emb_z      lag=  1 m5_p=0.1288  m6_ic=0.0651
[21:33:38]   HIT  CHINA_H_SHARES     ruble_emb_z      lag=  7 m5_p=0.0258  m6_ic=0.0937
[21:33:38]   HIT  CHINA_H_SHARES     ruble_emb_z      lag= 14 m5_p=0.6639  m6_ic=0.0697
[21:33:39]   HIT  CHINA_H_SHARES     ruble_emb_z      lag= 90 m5_p=0.6281  m6_ic=0.0838
[21:33:39]   HIT  CHINA_H_SHARES     sanctions_emb_z  lag=  1 m5_p=0.4712  m6_ic=0.0567
[21:33:40]   HIT  CHINA_H_SHARES     sanctions_emb_z  lag=  7 m5_p=0.4604  m6_ic=0.0971
[21:33:40]   HIT  CHINA_H_SHARES     sanctions_emb_z  lag= 30 m5_p=0.9912  m6_ic=0.0599
[21:33:41]   HIT  CHINA_H_SHARES     inflation_emb_z  lag=  7 m5_p=0.9088  m6_ic=0.0790
[21:33:41]   HIT  CHINA_H_SHARES     inflation_emb_z  lag= 14 m5_p=0.0994  m6_ic=0.0681
[21:33:42]   HIT  CHINA_H_SHARES     inflation_emb_z  lag= 30 m5_p=0.6375  m6_ic=0.0694
[21:33:42]   HIT  CHINA_H_SHARES     inflation_emb_z  lag= 60 m5_p=0.7614  m6_ic=0.0593
[21:33:43]   HIT  CHINA_H_SHARES     banking_emb_z    lag=  1 m5_p=0.9391  m6_ic=0.0503
[21:33:43]   HIT  CHINA_H_SHARES     banking_emb_z    lag= 14 m5_p=0.8741  m6_ic=0.1206
[21:33:44]   HIT  CHINA_H_SHARES     banking_emb_z    lag= 90 m5_p=0.7789  m6_ic=0.0509
[21:33:46]   HIT  CHINA_H_SHARES     gold_emb_z       lag= 90 m5_p=0.9378  m6_ic=0.0595
[21:33:47]   HIT  FTSE_CHINA_50      oil_emb_z        lag= 60 m5_p=0.5684  m6_ic=0.1345
[21:33:47]   HIT  FTSE_CHINA_50      oil_emb_z        lag= 90 m5_p=0.9521  m6_ic=0.1889
[21:33:48]   HIT  FTSE_CHINA_50      rate_emb_z       lag= 30 m5_p=0.3121  m6_ic=0.0740
[21:33:49]   HIT  FTSE_CHINA_50      rate_emb_z       lag= 90 m5_p=0.8118  m6_ic=0.0577
[21:33:49]   HIT  FTSE_CHINA_50      ruble_emb_z      lag=  1 m5_p=0.0784  m6_ic=0.0809
[21:33:49]   HIT  FTSE_CHINA_50      ruble_emb_z      lag=  7 m5_p=0.0464  m6_ic=0.0841
[21:33:49]   HIT  FTSE_CHINA_50      ruble_emb_z      lag= 14 m5_p=0.6174  m6_ic=0.0732
[21:33:50]   HIT  FTSE_CHINA_50      ruble_emb_z      lag= 90 m5_p=0.6887  m6_ic=0.0905
[21:33:50]   HIT  FTSE_CHINA_50      sanctions_emb_z  lag=  7 m5_p=0.5076  m6_ic=0.0943
[21:33:52]   HIT  FTSE_CHINA_50      inflation_emb_z  lag=  7 m5_p=0.9227  m6_ic=0.0687
[21:33:52]   HIT  FTSE_CHINA_50      inflation_emb_z  lag= 14 m5_p=0.0992  m6_ic=0.0651
[21:33:52]   HIT  FTSE_CHINA_50      inflation_emb_z  lag= 30 m5_p=0.5427  m6_ic=0.0894
[21:33:54]   HIT  FTSE_CHINA_50      banking_emb_z    lag= 14 m5_p=0.7967  m6_ic=0.1036
[21:33:54]   HIT  FTSE_CHINA_50      banking_emb_z    lag= 60 m5_p=0.7203  m6_ic=0.0502
[21:33:55]   HIT  FTSE_CHINA_50      banking_emb_z    lag= 90 m5_p=0.9653  m6_ic=0.0565
[21:33:55]   HIT  FTSE_CHINA_50      gold_emb_z       lag=  7 m5_p=0.7251  m6_ic=0.0612
[21:33:56]   HIT  FTSE_CHINA_50      gold_emb_z       lag= 90 m5_p=0.9086  m6_ic=0.0675
[21:33:57]   HIT  GOLD               oil_emb_z        lag= 14 m5_p=0.2620  m6_ic=0.0581
[21:33:57]   HIT  GOLD               oil_emb_z        lag= 30 m5_p=0.6483  m6_ic=0.0605
[21:33:57]   HIT  GOLD               oil_emb_z        lag= 60 m5_p=0.6679  m6_ic=0.0541
[21:33:58]   HIT  GOLD               oil_emb_z        lag= 90 m5_p=0.8511  m6_ic=0.0575
[21:33:58]   HIT  GOLD               rate_emb_z       lag=  1 m5_p=0.7457  m6_ic=0.0963
[21:33:58]   HIT  GOLD               rate_emb_z       lag= 30 m5_p=0.9518  m6_ic=0.1247
[21:33:59]   HIT  GOLD               rate_emb_z       lag= 90 m5_p=0.5182  m6_ic=0.0529
[21:34:00]   HIT  GOLD               ruble_emb_z      lag= 14 m5_p=0.6285  m6_ic=0.0650
[21:34:00]   HIT  GOLD               ruble_emb_z      lag= 30 m5_p=0.9995  m6_ic=0.0908
[21:34:01]   HIT  GOLD               ruble_emb_z      lag= 90 m5_p=0.8696  m6_ic=0.0718
[21:34:01]   HIT  GOLD               sanctions_emb_z  lag=  1 m5_p=0.6497  m6_ic=0.0709
[21:34:01]   HIT  GOLD               sanctions_emb_z  lag= 14 m5_p=0.2963  m6_ic=0.0583
[21:34:01]   HIT  GOLD               sanctions_emb_z  lag= 30 m5_p=0.9756  m6_ic=0.0771
[21:34:02]   HIT  GOLD               sanctions_emb_z  lag= 60 m5_p=0.5986  m6_ic=0.1857
[21:34:02]   HIT  GOLD               inflation_emb_z  lag=  1 m5_p=0.8350  m6_ic=0.1288
[21:34:02]   HIT  GOLD               inflation_emb_z  lag= 14 m5_p=0.7996  m6_ic=0.0665
[21:34:03]   HIT  GOLD               banking_emb_z    lag=  1 m5_p=0.1266  m6_ic=0.0524
[21:34:05]   HIT  GOLD               banking_emb_z    lag= 90 m5_p=0.5651  m6_ic=0.1082
[21:34:05]   HIT  GOLD               gold_emb_z       lag=  1 m5_p=0.6920  m6_ic=0.0673
[21:34:05]   HIT  GOLD               gold_emb_z       lag=  7 m5_p=0.5645  m6_ic=0.1370
[21:34:06]   HIT  GOLD               gold_emb_z       lag= 60 m5_p=0.9568  m6_ic=0.0810
[21:34:07]   HIT  SILVER             oil_emb_z        lag= 14 m5_p=0.9875  m6_ic=0.0543
[21:34:08]   HIT  SILVER             rate_emb_z       lag=  1 m5_p=0.7504  m6_ic=0.0501
[21:34:08]   HIT  SILVER             rate_emb_z       lag= 30 m5_p=0.7659  m6_ic=0.0507
[21:34:09]   HIT  SILVER             rate_emb_z       lag= 90 m5_p=0.8532  m6_ic=0.0518
[21:34:09]   HIT  SILVER             ruble_emb_z      lag=  1 m5_p=0.4948  m6_ic=0.0589
[21:34:09]   HIT  SILVER             ruble_emb_z      lag=  7 m5_p=0.4274  m6_ic=0.1058
[21:34:10]   HIT  SILVER             ruble_emb_z      lag= 30 m5_p=0.9529  m6_ic=0.0911
[21:34:10]   HIT  SILVER             ruble_emb_z      lag= 90 m5_p=0.9953  m6_ic=0.0635
[21:34:10]   HIT  SILVER             sanctions_emb_z  lag=  1 m5_p=0.8650  m6_ic=0.0795
[21:34:11]   HIT  SILVER             sanctions_emb_z  lag= 14 m5_p=0.6519  m6_ic=0.0563
[21:34:11]   HIT  SILVER             sanctions_emb_z  lag= 30 m5_p=0.2999  m6_ic=0.0628
[21:34:11]   HIT  SILVER             sanctions_emb_z  lag= 60 m5_p=0.9089  m6_ic=0.1101
[21:34:12]   HIT  SILVER             sanctions_emb_z  lag= 90 m5_p=0.8557  m6_ic=0.0730
[21:34:13]   HIT  SILVER             inflation_emb_z  lag= 60 m5_p=0.7131  m6_ic=0.0523
[21:34:13]   HIT  SILVER             inflation_emb_z  lag= 90 m5_p=0.5268  m6_ic=0.1170
[21:34:14]   HIT  SILVER             banking_emb_z    lag= 90 m5_p=0.4339  m6_ic=0.1826
[21:34:15]   HIT  SILVER             gold_emb_z       lag=  7 m5_p=0.2833  m6_ic=0.0583
[21:34:15]   HIT  SILVER             gold_emb_z       lag= 14 m5_p=0.9673  m6_ic=0.0550
[21:34:16]   HIT  SILVER             gold_emb_z       lag= 90 m5_p=0.4843  m6_ic=0.1090
[21:34:17]   HIT  IMOEX              oil_emb_z        lag= 90 m5_p=0.7935  m6_ic=0.0702
[21:34:17]   HIT  IMOEX              rate_emb_z       lag=  7 m5_p=0.2090  m6_ic=0.0853
[21:34:18]   HIT  IMOEX              rate_emb_z       lag= 14 m5_p=0.4143  m6_ic=0.0941
[21:34:18]   HIT  IMOEX              rate_emb_z       lag= 30 m5_p=0.6379  m6_ic=0.0740
[21:34:18]   HIT  IMOEX              rate_emb_z       lag= 60 m5_p=0.6293  m6_ic=0.0798
[21:34:19]   HIT  IMOEX              ruble_emb_z      lag= 14 m5_p=0.5601  m6_ic=0.0870
[21:34:19]   HIT  IMOEX              ruble_emb_z      lag= 30 m5_p=0.4858  m6_ic=0.1052
[21:34:20]   HIT  IMOEX              sanctions_emb_z  lag=  1 m5_p=0.8655  m6_ic=0.0635
[21:34:21]   HIT  IMOEX              sanctions_emb_z  lag= 14 m5_p=0.3439  m6_ic=0.0984
[21:34:21]   HIT  IMOEX              sanctions_emb_z  lag= 30 m5_p=0.2528  m6_ic=0.0877
[21:34:21]   HIT  IMOEX              sanctions_emb_z  lag= 60 m5_p=0.9651  m6_ic=0.0951
[21:34:22]   HIT  IMOEX              inflation_emb_z  lag=  1 m5_p=0.2269  m6_ic=0.0885
[21:34:22]   HIT  IMOEX              inflation_emb_z  lag=  7 m5_p=0.4770  m6_ic=0.0760
[21:34:23]   HIT  IMOEX              inflation_emb_z  lag= 30 m5_p=0.2827  m6_ic=0.0794
[21:34:25]   HIT  IMOEX              banking_emb_z    lag= 90 m5_p=0.7612  m6_ic=0.0802
[21:34:27]   HIT  MOEXFN             oil_emb_z        lag= 30 m5_p=0.3234  m6_ic=0.1036
[21:34:28]   HIT  MOEXFN             rate_emb_z       lag= 14 m5_p=0.1283  m6_ic=0.0745
[21:34:30]   HIT  MOEXFN             ruble_emb_z      lag= 30 m5_p=0.8908  m6_ic=0.0996
[21:34:32]   HIT  MOEXFN             sanctions_emb_z  lag= 30 m5_p=0.3830  m6_ic=0.0520
[21:34:32]   HIT  MOEXFN             sanctions_emb_z  lag= 60 m5_p=0.7569  m6_ic=0.0831
[21:34:33]   HIT  MOEXFN             inflation_emb_z  lag=  7 m5_p=0.4968  m6_ic=0.1050
[21:34:33]   HIT  MOEXFN             inflation_emb_z  lag= 60 m5_p=0.7875  m6_ic=0.1499
[21:34:34]   HIT  MOEXFN             banking_emb_z    lag= 30 m5_p=0.7341  m6_ic=0.0503
[21:34:35]   HIT  MOEXFN             banking_emb_z    lag= 90 m5_p=0.4318  m6_ic=0.1323
[21:34:37]   HIT  MOEXOG             oil_emb_z        lag=  1 m5_p=0.7135  m6_ic=0.0718
[21:34:37]   HIT  MOEXOG             oil_emb_z        lag=  7 m5_p=0.0733  m6_ic=0.1059
[21:34:37]   HIT  MOEXOG             oil_emb_z        lag= 14 m5_p=0.9043  m6_ic=0.0620
[21:34:37]   HIT  MOEXOG             oil_emb_z        lag= 30 m5_p=0.1069  m6_ic=0.0736
[21:34:38]   HIT  MOEXOG             oil_emb_z        lag= 90 m5_p=0.4730  m6_ic=0.0932
[21:34:38]   HIT  MOEXOG             rate_emb_z       lag=  7 m5_p=0.0755  m6_ic=0.0722
[21:34:39]   HIT  MOEXOG             rate_emb_z       lag= 14 m5_p=0.6295  m6_ic=0.1002
[21:34:39]   HIT  MOEXOG             rate_emb_z       lag= 30 m5_p=0.4671  m6_ic=0.0770
[21:34:39]   HIT  MOEXOG             rate_emb_z       lag= 60 m5_p=0.6695  m6_ic=0.0670
[21:34:40]   HIT  MOEXOG             ruble_emb_z      lag= 14 m5_p=0.7797  m6_ic=0.0519
[21:34:40]   HIT  MOEXOG             ruble_emb_z      lag= 30 m5_p=0.1859  m6_ic=0.0760
[21:34:41]   HIT  MOEXOG             ruble_emb_z      lag= 90 m5_p=0.9379  m6_ic=0.0712
[21:34:43]   HIT  MOEXOG             inflation_emb_z  lag=  1 m5_p=0.1669  m6_ic=0.0863
[21:34:44]   HIT  MOEXOG             inflation_emb_z  lag= 60 m5_p=0.5719  m6_ic=0.0944
[21:34:44]   HIT  MOEXOG             inflation_emb_z  lag= 90 m5_p=0.8964  m6_ic=0.0553
[21:34:45]   HIT  MOEXOG             banking_emb_z    lag= 30 m5_p=0.7124  m6_ic=0.0584
[21:34:45]   HIT  MOEXOG             banking_emb_z    lag= 60 m5_p=0.2318  m6_ic=0.1172
[21:34:45]   HIT  MOEXOG             banking_emb_z    lag= 90 m5_p=0.5544  m6_ic=0.0829
[21:34:46]   HIT  MOEXOG             gold_emb_z       lag=  7 m5_p=0.2092  m6_ic=0.0829
[21:34:46]   HIT  MOEXOG             gold_emb_z       lag= 14 m5_p=0.4845  m6_ic=0.0778
[21:34:46]   HIT  MOEXOG             gold_emb_z       lag= 60 m5_p=0.8891  m6_ic=0.0599
[21:34:47]   HIT  MOEXOG             gold_emb_z       lag= 90 m5_p=0.9979  m6_ic=0.0900
[21:34:48]   HIT  MOEX10             oil_emb_z        lag= 30 m5_p=0.1532  m6_ic=0.0940
[21:34:49]   HIT  MOEX10             rate_emb_z       lag= 14 m5_p=0.5362  m6_ic=0.0615
[21:34:49]   HIT  MOEX10             rate_emb_z       lag= 60 m5_p=0.7388  m6_ic=0.0622
[21:34:50]   HIT  MOEX10             rate_emb_z       lag= 90 m5_p=0.8439  m6_ic=0.0668
[21:34:50]   HIT  MOEX10             ruble_emb_z      lag=  1 m5_p=0.2101  m6_ic=0.0667
[21:34:51]   HIT  MOEX10             ruble_emb_z      lag= 30 m5_p=0.1711  m6_ic=0.0947
[21:34:52]   HIT  MOEX10             sanctions_emb_z  lag= 60 m5_p=0.9091  m6_ic=0.0775
[21:34:53]   HIT  MOEX10             inflation_emb_z  lag=  7 m5_p=0.4887  m6_ic=0.0685
[21:34:53]   HIT  MOEX10             inflation_emb_z  lag= 14 m5_p=0.8985  m6_ic=0.0505
[21:34:54]   HIT  MOEX10             inflation_emb_z  lag= 60 m5_p=0.5956  m6_ic=0.0729
[21:34:55]   HIT  MOEX10             banking_emb_z    lag= 30 m5_p=0.6500  m6_ic=0.0796
[21:34:56]   HIT  MOEX10             banking_emb_z    lag= 90 m5_p=0.5589  m6_ic=0.0923
[21:34:56]   HIT  MOEX10             gold_emb_z       lag= 30 m5_p=0.7972  m6_ic=0.0517
[21:34:57]   HIT  MOEX10             gold_emb_z       lag= 90 m5_p=0.6541  m6_ic=0.0580
[21:34:57]     Train: 242 signals
[21:34:57]     Val holdout (242 candidates)...
[21:34:57]     VAL PASS  SP500              oil_emb_z        lag=  1  m6_ic=0.0710
[21:34:57]     VAL PASS  SP500              oil_emb_z        lag= 14  m6_ic=0.0603
[21:34:58]     VAL PASS  SP500              rate_emb_z       lag= 60  m6_ic=0.1312
[21:34:59]     VAL PASS  SP500              sanctions_emb_z  lag= 14  m6_ic=0.0501
[21:34:59]     VAL PASS  SP500              sanctions_emb_z  lag= 60  m6_ic=0.1182
[21:35:00]     VAL PASS  SP500              inflation_emb_z  lag=  1  m6_ic=0.0800
[21:35:00]     VAL PASS  SP500              inflation_emb_z  lag= 14  m6_ic=0.0769
[21:35:00]     VAL PASS  SP500              inflation_emb_z  lag= 60  m6_ic=0.1510
[21:35:00]     VAL PASS  SP500              gold_emb_z       lag= 30  m6_ic=0.1651
[21:35:01]     VAL PASS  USD_RUB            rate_emb_z       lag=  7  m6_ic=0.0575
[21:35:01]     VAL PASS  USD_RUB            rate_emb_z       lag= 90  m6_ic=0.1050
[21:35:02]     VAL PASS  USD_RUB            ruble_emb_z      lag= 60  m6_ic=0.1171
[21:35:02]     VAL PASS  USD_RUB            sanctions_emb_z  lag=  7  m6_ic=0.0575
[21:35:02]     VAL PASS  USD_RUB            gold_emb_z       lag=  1  m6_ic=0.0917
[21:35:03]     VAL PASS  EUR_RUB            rate_emb_z       lag=  7  m6_ic=0.0575
[21:35:03]     VAL PASS  EUR_RUB            rate_emb_z       lag= 90  m6_ic=0.1050
[21:35:04]     VAL PASS  EUR_RUB            ruble_emb_z      lag= 60  m6_ic=0.1171
[21:35:04]     VAL PASS  EUR_RUB            sanctions_emb_z  lag=  7  m6_ic=0.0575
[21:35:05]     VAL PASS  EUR_RUB            gold_emb_z       lag=  1  m6_ic=0.0917
[21:35:05]     VAL PASS  DJ_SOUTH_AFRICA    oil_emb_z        lag=  1  m6_ic=0.0576
[21:35:05]     VAL PASS  DJ_SOUTH_AFRICA    oil_emb_z        lag= 30  m6_ic=0.1367
[21:35:06]     VAL PASS  DJ_SOUTH_AFRICA    rate_emb_z       lag= 30  m6_ic=0.0896
[21:35:07]     VAL PASS  DJ_SOUTH_AFRICA    inflation_emb_z  lag= 30  m6_ic=0.0759
[21:35:07]     VAL PASS  DJ_SOUTH_AFRICA    inflation_emb_z  lag= 60  m6_ic=0.0753
[21:35:09]     VAL PASS  MSCI_WORLD         oil_emb_z        lag=  7  m6_ic=0.0908
[21:35:11]     VAL PASS  MSCI_WORLD         banking_emb_z    lag=  7  m6_ic=0.0640
[21:35:11]     VAL PASS  MSCI_WORLD         banking_emb_z    lag= 14  m6_ic=0.1243
[21:35:12]     VAL PASS  DXY                oil_emb_z        lag=  1  m6_ic=0.0635
[21:35:12]     VAL PASS  DXY                oil_emb_z        lag=  7  m6_ic=0.1685
[21:35:12]     VAL PASS  DXY                oil_emb_z        lag= 14  m6_ic=0.0967
[21:35:13]     VAL PASS  DXY                rate_emb_z       lag=  1  m6_ic=0.0553
[21:35:13]     VAL PASS  DXY                ruble_emb_z      lag= 30  m6_ic=0.0502
[21:35:14]     VAL PASS  DXY                inflation_emb_z  lag=  1  m6_ic=0.0556
[21:35:14]     VAL PASS  DXY                inflation_emb_z  lag= 14  m6_ic=0.0940
[21:35:15]     VAL PASS  DXY                banking_emb_z    lag= 14  m6_ic=0.0573
[21:35:16]     VAL PASS  DXY                banking_emb_z    lag= 90  m6_ic=0.1500
[21:35:16]     VAL PASS  BRENT              rate_emb_z       lag=  7  m6_ic=0.0563
[21:35:17]     VAL PASS  BRENT              rate_emb_z       lag= 14  m6_ic=0.1027
[21:35:17]     VAL PASS  BRENT              sanctions_emb_z  lag= 30  m6_ic=0.0513
[21:35:18]     VAL PASS  BRENT              sanctions_emb_z  lag= 60  m6_ic=0.0891
[21:35:18]     VAL PASS  BRENT              inflation_emb_z  lag=  7  m6_ic=0.0633
[21:35:18]     VAL PASS  BRENT              gold_emb_z       lag= 30  m6_ic=0.0526
[21:35:18]     VAL PASS  MSCI_INDIA         oil_emb_z        lag=  1  m6_ic=0.0567
[21:35:18]     VAL PASS  MSCI_INDIA         oil_emb_z        lag=  7  m6_ic=0.0505
[21:35:19]     VAL PASS  MSCI_INDIA         oil_emb_z        lag= 30  m6_ic=0.0644
[21:35:19]     VAL PASS  MSCI_INDIA         oil_emb_z        lag= 90  m6_ic=0.0710
[21:35:20]     VAL PASS  MSCI_INDIA         ruble_emb_z      lag= 30  m6_ic=0.0606
[21:35:21]     VAL PASS  MSCI_INDIA         banking_emb_z    lag= 30  m6_ic=0.1817
[21:35:22]     VAL PASS  MSCI_INDIA         banking_emb_z    lag= 60  m6_ic=0.0870
[21:35:22]     VAL PASS  MSCI_INDIA         banking_emb_z    lag= 90  m6_ic=0.0761
[21:35:22]     VAL PASS  MSCI_INDIA         gold_emb_z       lag=  7  m6_ic=0.0711
[21:35:23]     VAL PASS  CHINA_H_SHARES     oil_emb_z        lag=  1  m6_ic=0.1001
[21:35:24]     VAL PASS  CHINA_H_SHARES     rate_emb_z       lag= 30  m6_ic=0.0523
[21:35:24]     VAL PASS  CHINA_H_SHARES     ruble_emb_z      lag= 14  m6_ic=0.1738
[21:35:25]     VAL PASS  CHINA_H_SHARES     ruble_emb_z      lag= 90  m6_ic=0.0621
[21:35:25]     VAL PASS  CHINA_H_SHARES     sanctions_emb_z  lag=  1  m6_ic=0.0895
[21:35:25]     VAL PASS  CHINA_H_SHARES     inflation_emb_z  lag=  7  m6_ic=0.0842
[21:35:26]     VAL PASS  CHINA_H_SHARES     inflation_emb_z  lag= 14  m6_ic=0.0570
[21:35:26]     VAL PASS  CHINA_H_SHARES     inflation_emb_z  lag= 60  m6_ic=0.1108
[21:35:27]     VAL PASS  CHINA_H_SHARES     banking_emb_z    lag= 90  m6_ic=0.0927
[21:35:28]     VAL PASS  FTSE_CHINA_50      oil_emb_z        lag= 60  m6_ic=0.0784
[21:35:28]     VAL PASS  FTSE_CHINA_50      rate_emb_z       lag= 30  m6_ic=0.1051
[21:35:28]     VAL PASS  FTSE_CHINA_50      rate_emb_z       lag= 90  m6_ic=0.1140
[21:35:29]     VAL PASS  FTSE_CHINA_50      ruble_emb_z      lag= 14  m6_ic=0.0690
[21:35:29]     VAL PASS  FTSE_CHINA_50      ruble_emb_z      lag= 90  m6_ic=0.0622
[21:35:30]     VAL PASS  FTSE_CHINA_50      inflation_emb_z  lag=  7  m6_ic=0.0714
[21:35:31]     VAL PASS  FTSE_CHINA_50      banking_emb_z    lag= 60  m6_ic=0.0523
[21:35:31]     VAL PASS  FTSE_CHINA_50      gold_emb_z       lag= 90  m6_ic=0.1307
[21:35:32]     VAL PASS  GOLD               oil_emb_z        lag= 30  m6_ic=0.1184
[21:35:32]     VAL PASS  GOLD               rate_emb_z       lag=  1  m6_ic=0.1016
[21:35:33]     VAL PASS  GOLD               rate_emb_z       lag= 30  m6_ic=0.1201
[21:35:34]     VAL PASS  GOLD               sanctions_emb_z  lag= 30  m6_ic=0.0509
[21:35:34]     VAL PASS  GOLD               inflation_emb_z  lag=  1  m6_ic=0.1358
[21:35:35]     VAL PASS  GOLD               banking_emb_z    lag=  1  m6_ic=0.0501
[21:35:35]     VAL PASS  GOLD               gold_emb_z       lag=  1  m6_ic=0.0508
[21:35:36]     VAL PASS  SILVER             rate_emb_z       lag=  1  m6_ic=0.0865
[21:35:36]     VAL PASS  SILVER             rate_emb_z       lag= 30  m6_ic=0.0674
[21:35:37]     VAL PASS  SILVER             sanctions_emb_z  lag= 14  m6_ic=0.0804
[21:35:37]     VAL PASS  SILVER             sanctions_emb_z  lag= 30  m6_ic=0.0535
[21:35:39]     VAL PASS  SILVER             gold_emb_z       lag= 14  m6_ic=0.1416
[21:35:39]     VAL PASS  IMOEX              rate_emb_z       lag= 14  m6_ic=0.1515
[21:35:40]     VAL PASS  IMOEX              rate_emb_z       lag= 30  m6_ic=0.1019
[21:35:40]     VAL PASS  IMOEX              rate_emb_z       lag= 60  m6_ic=0.1169
[21:35:40]     VAL PASS  IMOEX              ruble_emb_z      lag= 14  m6_ic=0.1229
[21:35:40]     VAL PASS  IMOEX              ruble_emb_z      lag= 30  m6_ic=0.1410
[21:35:41]     VAL PASS  IMOEX              sanctions_emb_z  lag= 14  m6_ic=0.1057
[21:35:41]     VAL PASS  IMOEX              sanctions_emb_z  lag= 30  m6_ic=0.0640
[21:35:41]     VAL PASS  IMOEX              inflation_emb_z  lag=  1  m6_ic=0.1056
[21:35:42]     VAL PASS  IMOEX              inflation_emb_z  lag=  7  m6_ic=0.0840
[21:35:42]     VAL PASS  IMOEX              banking_emb_z    lag= 90  m6_ic=0.0546
[21:35:43]     VAL PASS  MOEXFN             rate_emb_z       lag= 14  m6_ic=0.1772
[21:35:43]     VAL PASS  MOEXFN             ruble_emb_z      lag= 30  m6_ic=0.1240
[21:35:44]     VAL PASS  MOEXFN             sanctions_emb_z  lag= 60  m6_ic=0.0650
[21:35:44]     VAL PASS  MOEXFN             inflation_emb_z  lag=  7  m6_ic=0.1169
[21:35:44]     VAL PASS  MOEXFN             inflation_emb_z  lag= 60  m6_ic=0.0704
[21:35:44]     VAL PASS  MOEXFN             banking_emb_z    lag= 30  m6_ic=0.0792
[21:35:45]     VAL PASS  MOEXOG             oil_emb_z        lag=  7  m6_ic=0.0706
[21:35:45]     VAL PASS  MOEXOG             oil_emb_z        lag= 14  m6_ic=0.0718
[21:35:45]     VAL PASS  MOEXOG             oil_emb_z        lag= 30  m6_ic=0.0664
[21:35:46]     VAL PASS  MOEXOG             oil_emb_z        lag= 90  m6_ic=0.0691
[21:35:46]     VAL PASS  MOEXOG             rate_emb_z       lag= 14  m6_ic=0.1417
[21:35:46]     VAL PASS  MOEXOG             rate_emb_z       lag= 30  m6_ic=0.0866
[21:35:47]     VAL PASS  MOEXOG             rate_emb_z       lag= 60  m6_ic=0.1092
[21:35:47]     VAL PASS  MOEXOG             ruble_emb_z      lag= 14  m6_ic=0.0964
[21:35:47]     VAL PASS  MOEXOG             ruble_emb_z      lag= 30  m6_ic=0.1103
[21:35:48]     VAL PASS  MOEXOG             inflation_emb_z  lag=  1  m6_ic=0.1491
[21:35:48]     VAL PASS  MOEXOG             inflation_emb_z  lag= 60  m6_ic=0.0969
[21:35:48]     VAL PASS  MOEXOG             inflation_emb_z  lag= 90  m6_ic=0.1516
[21:35:49]     VAL PASS  MOEXOG             banking_emb_z    lag= 30  m6_ic=0.0722
[21:35:50]     VAL PASS  MOEXOG             gold_emb_z       lag= 14  m6_ic=0.0572
[21:35:50]     VAL PASS  MOEXOG             gold_emb_z       lag= 60  m6_ic=0.1108
[21:35:51]     VAL PASS  MOEX10             rate_emb_z       lag= 14  m6_ic=0.1497
[21:35:51]     VAL PASS  MOEX10             rate_emb_z       lag= 60  m6_ic=0.1339
[21:35:52]     VAL PASS  MOEX10             ruble_emb_z      lag= 30  m6_ic=0.1278
[21:35:52]     VAL PASS  MOEX10             inflation_emb_z  lag=  7  m6_ic=0.0961
[21:35:53]     VAL PASS  MOEX10             inflation_emb_z  lag= 60  m6_ic=0.0593
[21:35:53]     VAL PASS  MOEX10             banking_emb_z    lag= 30  m6_ic=0.0736
[21:35:53]     VAL PASS  MOEX10             gold_emb_z       lag= 30  m6_ic=0.0702
[21:35:54]     Val: 118/242 held
[21:35:54]   → train=242  val=118  max_ic=0.1889  score=2670.0
[21:35:54] 
============================================================
[21:35:54] FINAL REPORT
[21:35:54] ============================================================
[21:35:56] Report: C:\project\signal_mind\analytics\phase_b\night_search\night_report_20260520_203734.md
[21:35:56] Hits CSV: C:\project\signal_mind\analytics\phase_b\night_search\night_hits_20260520_203734.csv
[21:35:56] 
[7/7] r2_and_embedding_raw_abs_return  (budget=422min)
[21:35:56]   Config: r2_and_embedding_raw_abs_return
[21:35:56]     feature=embedding_raw  target=abs_return  ensemble=M5_AND_M6  ic_min=0.01
[21:35:59]   HIT  SP500              ruble_emb        lag=  1 m5_p=0.0375  m6_ic=0.0265
[21:36:35]   HIT  DJ_SOUTH_AFRICA    sanctions_emb    lag=  7 m5_p=0.0377  m6_ic=0.0609
[21:36:40]   HIT  DJ_SOUTH_AFRICA    gold_emb         lag= 30 m5_p=0.0076  m6_ic=0.0425
[21:36:54]   HIT  DXY                rate_emb         lag= 14 m5_p=0.0197  m6_ic=0.0767
[21:37:13]   HIT  BRENT              gold_emb         lag=  7 m5_p=0.0146  m6_ic=0.0179
[21:37:28]   HIT  CHINA_H_SHARES     rate_emb         lag= 14 m5_p=0.0364  m6_ic=0.0771
[21:37:29]   HIT  CHINA_H_SHARES     ruble_emb        lag=  7 m5_p=0.0111  m6_ic=0.0720
[21:37:39]   HIT  FTSE_CHINA_50      rate_emb         lag= 14 m5_p=0.0304  m6_ic=0.0779
[21:37:40]   HIT  FTSE_CHINA_50      ruble_emb        lag=  7 m5_p=0.0214  m6_ic=0.0166
[21:37:43]   HIT  FTSE_CHINA_50      inflation_emb    lag= 14 m5_p=0.0430  m6_ic=0.0684
[21:38:08]   HIT  IMOEX              oil_emb          lag=  7 m5_p=0.0438  m6_ic=0.0124
[21:38:24]   HIT  MOEXFN             sanctions_emb    lag= 14 m5_p=0.0413  m6_ic=0.0187
[21:38:31]   HIT  MOEXOG             rate_emb         lag=  1 m5_p=0.0466  m6_ic=0.0488
[21:38:52]     Train: 13 signals
[21:38:52]     Val holdout (13 candidates)...
[21:38:55]     Val: 0/13 held
[21:38:55]   → train=13  val=0  max_ic=0.0779  score=140.7
[21:38:55] 
============================================================
[21:38:55] FINAL REPORT
[21:38:55] ============================================================
[21:38:57] Report: C:\project\signal_mind\analytics\phase_b\night_search\night_report_20260520_203734.md
[21:38:57] Hits CSV: C:\project\signal_mind\analytics\phase_b\night_search\night_hits_20260520_203734.csv
[21:38:57] 
--- Round 2 done: 1457 train signals  best=r2_m6strict_embedding_raw_abs_return  max_ic=0.1779
[21:38:57] 
============================================================
[21:38:57] ROUND 3  |  elapsed=1.02h  remaining=6.98h
[21:38:57] ============================================================
[21:38:57]   Adaptive round 3: top_insts=['GOLD', 'IMOEX', 'MOEXOG'], best_feat=keyword_z90, best_tgt=abs_return
[21:38:57] Configs for round 3: 6
[21:38:57] 
[1/6] r3_and_keyword_raw_abs_return  (budget=70min)
[21:38:57]   Config: r3_and_keyword_raw_abs_return
[21:38:57]     feature=keyword_raw  target=abs_return  ensemble=M5_AND_M6  ic_min=0.01
[21:39:37]   HIT  DJ_SOUTH_AFRICA    sanctions        lag= 14 m5_p=0.0167  m6_ic=0.0383
[21:39:41]   HIT  DJ_SOUTH_AFRICA    gold             lag=  7 m5_p=0.0160  m6_ic=0.0380
[21:39:48]   HIT  MSCI_WORLD         sanctions        lag= 14 m5_p=0.0236  m6_ic=0.0584
[21:40:10]   HIT  BRENT              sanctions        lag=  7 m5_p=0.0344  m6_ic=0.1222
[21:40:21]   HIT  MSCI_INDIA         sanctions        lag= 14 m5_p=0.0381  m6_ic=0.0760
[21:40:54]   HIT  GOLD               sanctions        lag= 30 m5_p=0.0448  m6_ic=0.0603
[21:41:35]   HIT  MOEXOG             ruble            lag= 60 m5_p=0.0250  m6_ic=0.0620
[21:41:53]     Train: 7 signals
[21:41:53]     Val holdout (7 candidates)...
[21:41:53]     VAL PASS  BRENT              sanctions        lag=  7  m6_ic=0.0416
[21:41:54]     Val: 1/7 held
[21:41:54]   → train=7  val=1  max_ic=0.1222  score=81.5
[21:41:54] 
============================================================
[21:41:54] FINAL REPORT
[21:41:54] ============================================================
[21:41:56] Report: C:\project\signal_mind\analytics\phase_b\night_search\night_report_20260520_203734.md
[21:41:56] Hits CSV: C:\project\signal_mind\analytics\phase_b\night_search\night_hits_20260520_203734.csv
[21:41:56] 
[2/6] r3_and_keyword_z90_abs_return  (budget=83min)
[21:41:56]   Config: r3_and_keyword_z90_abs_return
[21:41:56]     feature=keyword_z90  target=abs_return  ensemble=M5_AND_M6  ic_min=0.01
[21:42:17]   HIT  USD_RUB            gold_z           lag=  7 m5_p=0.0117  m6_ic=0.0149
[21:42:28]   HIT  EUR_RUB            gold_z           lag=  7 m5_p=0.0117  m6_ic=0.0149
[21:42:46]   HIT  MSCI_WORLD         sanctions_z      lag= 14 m5_p=0.0137  m6_ic=0.0993
[21:43:53]   HIT  GOLD               inflation_z      lag=  7 m5_p=0.0163  m6_ic=0.1378
[21:44:10]   HIT  IMOEX              ruble_z          lag=  7 m5_p=0.0306  m6_ic=0.0333
[21:44:48]     Train: 5 signals
[21:44:48]     Val holdout (5 candidates)...
[21:44:49]     Val: 0/5 held
[21:44:49]   → train=5  val=0  max_ic=0.1378  score=58.0
[21:44:49] 
============================================================
[21:44:49] FINAL REPORT
[21:44:49] ============================================================
[21:44:51] Report: C:\project\signal_mind\analytics\phase_b\night_search\night_report_20260520_203734.md
[21:44:51] Hits CSV: C:\project\signal_mind\analytics\phase_b\night_search\night_hits_20260520_203734.csv
[21:44:51] 
[3/6] r3_and_keyword_z30_abs_return  (budget=103min)
[21:44:51]   Config: r3_and_keyword_z30_abs_return
[21:44:51]     feature=keyword_z30  target=abs_return  ensemble=M5_AND_M6  ic_min=0.01
[21:45:30]   HIT  DJ_SOUTH_AFRICA    sanctions_z      lag= 14 m5_p=0.0128  m6_ic=0.0833
[21:45:35]   HIT  DJ_SOUTH_AFRICA    gold_z           lag=  1 m5_p=0.0148  m6_ic=0.0224
[21:45:41]   HIT  MSCI_WORLD         sanctions_z      lag= 14 m5_p=0.0116  m6_ic=0.0751
[21:45:47]   HIT  DXY                oil_z            lag=  1 m5_p=0.0363  m6_ic=0.0493
[21:46:22]   HIT  CHINA_H_SHARES     rate_z           lag=  1 m5_p=0.0394  m6_ic=0.0625
[21:46:33]   HIT  FTSE_CHINA_50      rate_z           lag=  1 m5_p=0.0335  m6_ic=0.0535
[21:46:48]   HIT  GOLD               inflation_z      lag=  7 m5_p=0.0360  m6_ic=0.0828
[21:46:56]   HIT  SILVER             sanctions_z      lag=  1 m5_p=0.0249  m6_ic=0.0386
[21:47:05]   HIT  IMOEX              ruble_z          lag=  7 m5_p=0.0458  m6_ic=0.0690
[21:47:18]   HIT  MOEXFN             sanctions_z      lag=  1 m5_p=0.0248  m6_ic=0.0434
[21:47:44]     Train: 10 signals
[21:47:44]     Val holdout (10 candidates)...
[21:47:46]     Val: 0/10 held
[21:47:46]   → train=10  val=0  max_ic=0.0833  score=111.8
[21:47:46] 
============================================================
[21:47:46] FINAL REPORT
[21:47:46] ============================================================
[21:47:48] Report: C:\project\signal_mind\analytics\phase_b\night_search\night_report_20260520_203734.md
[21:47:48] Hits CSV: C:\project\signal_mind\analytics\phase_b\night_search\night_hits_20260520_203734.csv
[21:47:48] 
[4/6] r3_and_embedding_raw_abs_return  (budget=137min)
[21:47:48]   Config: r3_and_embedding_raw_abs_return
[21:47:48]     feature=embedding_raw  target=abs_return  ensemble=M5_AND_M6  ic_min=0.01
[21:47:52]   HIT  SP500              ruble_emb        lag=  1 m5_p=0.0375  m6_ic=0.0265
[21:48:27]   HIT  DJ_SOUTH_AFRICA    sanctions_emb    lag=  7 m5_p=0.0377  m6_ic=0.0609
[21:48:33]   HIT  DJ_SOUTH_AFRICA    gold_emb         lag= 30 m5_p=0.0076  m6_ic=0.0425
[21:48:47]   HIT  DXY                rate_emb         lag= 14 m5_p=0.0197  m6_ic=0.0767
[21:49:06]   HIT  BRENT              gold_emb         lag=  7 m5_p=0.0146  m6_ic=0.0179
[21:49:21]   HIT  CHINA_H_SHARES     rate_emb         lag= 14 m5_p=0.0364  m6_ic=0.0771
[21:49:22]   HIT  CHINA_H_SHARES     ruble_emb        lag=  7 m5_p=0.0111  m6_ic=0.0720
[21:49:31]   HIT  FTSE_CHINA_50      rate_emb         lag= 14 m5_p=0.0304  m6_ic=0.0779
[21:49:33]   HIT  FTSE_CHINA_50      ruble_emb        lag=  7 m5_p=0.0214  m6_ic=0.0166
[21:49:36]   HIT  FTSE_CHINA_50      inflation_emb    lag= 14 m5_p=0.0430  m6_ic=0.0684
[21:50:00]   HIT  IMOEX              oil_emb          lag=  7 m5_p=0.0438  m6_ic=0.0124
[21:50:16]   HIT  MOEXFN             sanctions_emb    lag= 14 m5_p=0.0413  m6_ic=0.0187
[21:50:23]   HIT  MOEXOG             rate_emb         lag=  1 m5_p=0.0466  m6_ic=0.0488
[21:50:43]     Train: 13 signals
[21:50:43]     Val holdout (13 candidates)...
[21:50:45]     Val: 0/13 held
[21:50:45]   → train=13  val=0  max_ic=0.0779  score=140.7
[21:50:45] 
============================================================
[21:50:45] FINAL REPORT
[21:50:45] ============================================================
[21:50:47] Report: C:\project\signal_mind\analytics\phase_b\night_search\night_report_20260520_203734.md
[21:50:48] Hits CSV: C:\project\signal_mind\analytics\phase_b\night_search\night_hits_20260520_203734.csv
[21:50:48] 
[5/6] r3_and_embedding_z90_abs_return  (budget=203min)
[21:50:48]   Config: r3_and_embedding_z90_abs_return
[21:50:48]     feature=embedding_z90  target=abs_return  ensemble=M5_AND_M6  ic_min=0.01
[21:51:01]   HIT  USD_RUB            rate_emb_z       lag= 14 m5_p=0.0392  m6_ic=0.0645
[21:51:12]   HIT  EUR_RUB            rate_emb_z       lag= 14 m5_p=0.0392  m6_ic=0.0645
[21:51:26]   HIT  DJ_SOUTH_AFRICA    sanctions_emb_z  lag=  7 m5_p=0.0434  m6_ic=0.0670
[21:51:46]   HIT  DXY                rate_emb_z       lag= 14 m5_p=0.0288  m6_ic=0.0476
[21:52:05]   HIT  BRENT              gold_emb_z       lag=  7 m5_p=0.0084  m6_ic=0.0189
[21:52:13]   HIT  MSCI_INDIA         inflation_emb_z  lag= 14 m5_p=0.0209  m6_ic=0.0699
[21:52:19]   HIT  CHINA_H_SHARES     rate_emb_z       lag= 14 m5_p=0.0364  m6_ic=0.0403
[21:52:20]   HIT  CHINA_H_SHARES     ruble_emb_z      lag=  7 m5_p=0.0258  m6_ic=0.0937
[21:52:30]   HIT  FTSE_CHINA_50      rate_emb_z       lag= 14 m5_p=0.0357  m6_ic=0.0421
[21:52:31]   HIT  FTSE_CHINA_50      ruble_emb_z      lag=  7 m5_p=0.0464  m6_ic=0.0841
[21:52:55]   HIT  SILVER             banking_emb_z    lag=  1 m5_p=0.0375  m6_ic=0.0151
[21:53:40]     Train: 11 signals
[21:53:40]     Val holdout (11 candidates)...
[21:53:42]     Val: 0/11 held
[21:53:42]   → train=11  val=0  max_ic=0.0937  score=121.5
[21:53:42] 
============================================================
[21:53:42] FINAL REPORT
[21:53:42] ============================================================
[21:53:44] Report: C:\project\signal_mind\analytics\phase_b\night_search\night_report_20260520_203734.md
[21:53:44] Hits CSV: C:\project\signal_mind\analytics\phase_b\night_search\night_hits_20260520_203734.csv
[21:53:44] 
[6/6] r3_m6prod_keyword_z90_abs_return  (budget=404min)
[21:53:44]   Config: r3_m6prod_keyword_z90_abs_return
[21:53:44]     feature=keyword_z90  target=abs_return  ensemble=M6_only  ic_min=0.08
[21:53:57]   HIT  USD_RUB            rate_z           lag=  1 m5_p=0.9318  m6_ic=0.1048
[21:54:00]   HIT  USD_RUB            ruble_z          lag= 90 m5_p=0.9662  m6_ic=0.1145
[21:54:08]   HIT  EUR_RUB            rate_z           lag=  1 m5_p=0.9318  m6_ic=0.1048
[21:54:11]   HIT  EUR_RUB            ruble_z          lag= 90 m5_p=0.9662  m6_ic=0.1145
[21:54:20]   HIT  DJ_SOUTH_AFRICA    rate_z           lag= 60 m5_p=0.7816  m6_ic=0.1164
[21:54:34]   HIT  MSCI_WORLD         sanctions_z      lag= 14 m5_p=0.0137  m6_ic=0.0993
[21:54:35]   HIT  MSCI_WORLD         sanctions_z      lag= 90 m5_p=0.2693  m6_ic=0.1154
[21:55:02]   HIT  MSCI_INDIA         oil_z            lag= 60 m5_p=0.9855  m6_ic=0.0980
[21:55:40]   HIT  GOLD               inflation_z      lag=  7 m5_p=0.0163  m6_ic=0.1378
[21:55:56]   HIT  IMOEX              ruble_z          lag=  1 m5_p=0.7600  m6_ic=0.1486
[21:56:17]   HIT  MOEXOG             ruble_z          lag=  1 m5_p=0.7748  m6_ic=0.1057
[21:56:20]   HIT  MOEXOG             inflation_z      lag=  1 m5_p=0.1034  m6_ic=0.1183
[21:56:21]   HIT  MOEXOG             inflation_z      lag= 30 m5_p=0.8230  m6_ic=0.1764
[21:56:35]     Train: 13 signals
[21:56:35]     Val holdout (13 candidates)...
[21:56:35]     VAL PASS  USD_RUB            rate_z           lag=  1  m6_ic=0.1435
[21:56:36]     VAL PASS  EUR_RUB            rate_z           lag=  1  m6_ic=0.1435
[21:56:38]     Val: 2/13 held
[21:56:38]   → train=13  val=2  max_ic=0.1764  score=155.0
[21:56:38] 
============================================================
[21:56:38] FINAL REPORT
[21:56:38] ============================================================
[21:56:40] Report: C:\project\signal_mind\analytics\phase_b\night_search\night_report_20260520_203734.md
[21:56:40] Hits CSV: C:\project\signal_mind\analytics\phase_b\night_search\night_hits_20260520_203734.csv
[21:56:40] 
--- Round 3 done: 59 train signals  best=r3_m6prod_keyword_z90_abs_return  max_ic=0.1764
[21:56:40] 
============================================================
[21:56:40] ROUND 4  |  elapsed=1.32h  remaining=6.68h
[21:56:40] ============================================================
[21:56:40]   Adaptive round 4: top_insts=['GOLD', 'MOEXOG', 'IMOEX'], best_feat=keyword_z90, best_tgt=abs_return
[21:56:40] Configs for round 4: 6
[21:56:40] 
[1/6] r4_nearmiss_keyword_raw_market_return  (budget=67min)
[21:56:40]   Config: r4_nearmiss_keyword_raw_market_return
[21:56:40]     feature=keyword_raw  target=market_return  ensemble=M5_AND_M6  ic_min=0.01
[21:57:20]   HIT  DJ_SOUTH_AFRICA    sanctions        lag= 14 m5_p=0.0167  m6_ic=0.0383
[21:57:24]   HIT  DJ_SOUTH_AFRICA    gold             lag=  7 m5_p=0.0160  m6_ic=0.0380
[21:57:31]   HIT  MSCI_WORLD         sanctions        lag= 14 m5_p=0.0236  m6_ic=0.0584
[21:57:53]   HIT  BRENT              sanctions        lag=  7 m5_p=0.0344  m6_ic=0.1222
[21:58:04]   HIT  MSCI_INDIA         sanctions        lag= 14 m5_p=0.0381  m6_ic=0.0760
[21:58:36]   HIT  GOLD               sanctions        lag= 30 m5_p=0.0448  m6_ic=0.0603
[21:59:16]   HIT  MOEXOG             ruble            lag= 60 m5_p=0.0250  m6_ic=0.0620
[21:59:34]     Train: 7 signals
[21:59:34]     Val holdout (7 candidates)...
[21:59:34]     VAL PASS  BRENT              sanctions        lag=  7  m6_ic=0.0416
[21:59:35]     Val: 1/7 held
[21:59:35]   → train=7  val=1  max_ic=0.1222  score=81.5
[21:59:35] 
============================================================
[21:59:35] FINAL REPORT
[21:59:35] ============================================================
[21:59:37] Report: C:\project\signal_mind\analytics\phase_b\night_search\night_report_20260520_203734.md
[21:59:37] Hits CSV: C:\project\signal_mind\analytics\phase_b\night_search\night_hits_20260520_203734.csv
[21:59:37] 
[2/6] r4_nearmiss_keyword_raw_abs_return  (budget=80min)
[21:59:37]   Config: r4_nearmiss_keyword_raw_abs_return
[21:59:37]     feature=keyword_raw  target=abs_return  ensemble=M5_AND_M6  ic_min=0.01
[22:00:16]   HIT  DJ_SOUTH_AFRICA    sanctions        lag= 14 m5_p=0.0167  m6_ic=0.0383
[22:00:21]   HIT  DJ_SOUTH_AFRICA    gold             lag=  7 m5_p=0.0160  m6_ic=0.0380
[22:00:27]   HIT  MSCI_WORLD         sanctions        lag= 14 m5_p=0.0236  m6_ic=0.0584
[22:00:49]   HIT  BRENT              sanctions        lag=  7 m5_p=0.0344  m6_ic=0.1222
[22:01:00]   HIT  MSCI_INDIA         sanctions        lag= 14 m5_p=0.0381  m6_ic=0.0760
[22:01:33]   HIT  GOLD               sanctions        lag= 30 m5_p=0.0448  m6_ic=0.0603
[22:02:13]   HIT  MOEXOG             ruble            lag= 60 m5_p=0.0250  m6_ic=0.0620
[22:02:31]     Train: 7 signals
[22:02:31]     Val holdout (7 candidates)...
[22:02:31]     VAL PASS  BRENT              sanctions        lag=  7  m6_ic=0.0416
[22:02:32]     Val: 1/7 held
[22:02:32]   → train=7  val=1  max_ic=0.1222  score=81.5
[22:02:32] 
============================================================
[22:02:32] FINAL REPORT
[22:02:32] ============================================================
[22:02:34] Report: C:\project\signal_mind\analytics\phase_b\night_search\night_report_20260520_203734.md
[22:02:34] Hits CSV: C:\project\signal_mind\analytics\phase_b\night_search\night_hits_20260520_203734.csv
[22:02:34] 
[3/6] r4_nearmiss_keyword_raw_vol_5d  (budget=99min)
[22:02:34]   Config: r4_nearmiss_keyword_raw_vol_5d
[22:02:34]     feature=keyword_raw  target=vol_5d  ensemble=M5_AND_M6  ic_min=0.01
[22:03:15]   HIT  DJ_SOUTH_AFRICA    sanctions        lag= 14 m5_p=0.0167  m6_ic=0.0383
[22:03:19]   HIT  DJ_SOUTH_AFRICA    gold             lag=  7 m5_p=0.0160  m6_ic=0.0380
[22:03:26]   HIT  MSCI_WORLD         sanctions        lag= 14 m5_p=0.0236  m6_ic=0.0584
[22:03:48]   HIT  BRENT              sanctions        lag=  7 m5_p=0.0344  m6_ic=0.1222
[22:03:59]   HIT  MSCI_INDIA         sanctions        lag= 14 m5_p=0.0381  m6_ic=0.0760
[22:04:32]   HIT  GOLD               sanctions        lag= 30 m5_p=0.0448  m6_ic=0.0603
[22:05:12]   HIT  MOEXOG             ruble            lag= 60 m5_p=0.0250  m6_ic=0.0620
[22:05:29]     Train: 7 signals
[22:05:29]     Val holdout (7 candidates)...
[22:05:30]     VAL PASS  BRENT              sanctions        lag=  7  m6_ic=0.0416
[22:05:30]     Val: 1/7 held
[22:05:30]   → train=7  val=1  max_ic=0.1222  score=81.5
[22:05:30] 
============================================================
[22:05:30] FINAL REPORT
[22:05:30] ============================================================
[22:05:32] Report: C:\project\signal_mind\analytics\phase_b\night_search\night_report_20260520_203734.md
[22:05:32] Hits CSV: C:\project\signal_mind\analytics\phase_b\night_search\night_hits_20260520_203734.csv
[22:05:32] 
[4/6] r4_nearmiss_keyword_z90_market_return  (budget=131min)
[22:05:32]   Config: r4_nearmiss_keyword_z90_market_return
[22:05:32]     feature=keyword_z90  target=market_return  ensemble=M5_AND_M6  ic_min=0.01
[22:05:54]   HIT  USD_RUB            gold_z           lag=  7 m5_p=0.0117  m6_ic=0.0149
[22:06:05]   HIT  EUR_RUB            gold_z           lag=  7 m5_p=0.0117  m6_ic=0.0149
[22:06:22]   HIT  MSCI_WORLD         sanctions_z      lag= 14 m5_p=0.0137  m6_ic=0.0993
[22:07:28]   HIT  GOLD               inflation_z      lag=  7 m5_p=0.0163  m6_ic=0.1378
[22:07:45]   HIT  IMOEX              ruble_z          lag=  7 m5_p=0.0306  m6_ic=0.0333
[22:08:23]     Train: 5 signals
[22:08:23]     Val holdout (5 candidates)...
[22:08:24]     Val: 0/5 held
[22:08:24]   → train=5  val=0  max_ic=0.1378  score=58.0
[22:08:24] 
============================================================
[22:08:24] FINAL REPORT
[22:08:24] ============================================================
[22:08:26] Report: C:\project\signal_mind\analytics\phase_b\night_search\night_report_20260520_203734.md
[22:08:26] Hits CSV: C:\project\signal_mind\analytics\phase_b\night_search\night_hits_20260520_203734.csv
[22:08:26] 
[5/6] r4_nearmiss_keyword_z90_abs_return  (budget=195min)
[22:08:26]   Config: r4_nearmiss_keyword_z90_abs_return
[22:08:26]     feature=keyword_z90  target=abs_return  ensemble=M5_AND_M6  ic_min=0.01
[22:08:47]   HIT  USD_RUB            gold_z           lag=  7 m5_p=0.0117  m6_ic=0.0149
[22:08:58]   HIT  EUR_RUB            gold_z           lag=  7 m5_p=0.0117  m6_ic=0.0149
[22:09:15]   HIT  MSCI_WORLD         sanctions_z      lag= 14 m5_p=0.0137  m6_ic=0.0993
[22:10:21]   HIT  GOLD               inflation_z      lag=  7 m5_p=0.0163  m6_ic=0.1378
[22:10:38]   HIT  IMOEX              ruble_z          lag=  7 m5_p=0.0306  m6_ic=0.0333
[22:11:17]     Train: 5 signals
[22:11:17]     Val holdout (5 candidates)...
[22:11:18]     Val: 0/5 held
[22:11:18]   → train=5  val=0  max_ic=0.1378  score=58.0
[22:11:18] 
============================================================
[22:11:18] FINAL REPORT
[22:11:18] ============================================================
[22:11:20] Report: C:\project\signal_mind\analytics\phase_b\night_search\night_report_20260520_203734.md
[22:11:20] Hits CSV: C:\project\signal_mind\analytics\phase_b\night_search\night_hits_20260520_203734.csv
[22:11:20] 
[6/6] r4_nearmiss_keyword_z90_vol_5d  (budget=386min)
[22:11:20]   Config: r4_nearmiss_keyword_z90_vol_5d
[22:11:20]     feature=keyword_z90  target=vol_5d  ensemble=M5_AND_M6  ic_min=0.01
[22:11:41]   HIT  USD_RUB            gold_z           lag=  7 m5_p=0.0117  m6_ic=0.0149
[22:11:52]   HIT  EUR_RUB            gold_z           lag=  7 m5_p=0.0117  m6_ic=0.0149
[22:12:09]   HIT  MSCI_WORLD         sanctions_z      lag= 14 m5_p=0.0137  m6_ic=0.0993
[22:13:15]   HIT  GOLD               inflation_z      lag=  7 m5_p=0.0163  m6_ic=0.1378
[22:13:32]   HIT  IMOEX              ruble_z          lag=  7 m5_p=0.0306  m6_ic=0.0333
[22:14:11]     Train: 5 signals
[22:14:11]     Val holdout (5 candidates)...
[22:14:11]     Val: 0/5 held
[22:14:11]   → train=5  val=0  max_ic=0.1378  score=58.0
[22:14:11] 
============================================================
[22:14:11] FINAL REPORT
[22:14:11] ============================================================
[22:14:13] Report: C:\project\signal_mind\analytics\phase_b\night_search\night_report_20260520_203734.md
[22:14:14] Hits CSV: C:\project\signal_mind\analytics\phase_b\night_search\night_hits_20260520_203734.csv
[22:14:14] 
--- Round 4 done: 36 train signals  best=r4_nearmiss_keyword_raw_market_return  max_ic=0.1222
[22:14:14] 
============================================================
[22:14:14] ROUND 5  |  elapsed=1.61h  remaining=6.39h
[22:14:14] ============================================================
[22:14:14]   Adaptive round 5: top_insts=['GOLD', 'MOEXOG', 'IMOEX'], best_feat=keyword_z90, best_tgt=abs_return
[22:14:14] Configs for round 5: 6
[22:14:14] 
[1/6] r5_nearmiss_keyword_raw_market_return  (budget=64min)
[22:14:14]   Config: r5_nearmiss_keyword_raw_market_return
[22:14:14]     feature=keyword_raw  target=market_return  ensemble=M5_AND_M6  ic_min=0.01
[22:14:53]   HIT  DJ_SOUTH_AFRICA    sanctions        lag= 14 m5_p=0.0167  m6_ic=0.0383
[22:14:57]   HIT  DJ_SOUTH_AFRICA    gold             lag=  7 m5_p=0.0160  m6_ic=0.0380
[22:15:04]   HIT  MSCI_WORLD         sanctions        lag= 14 m5_p=0.0236  m6_ic=0.0584
[22:15:27]   HIT  BRENT              sanctions        lag=  7 m5_p=0.0344  m6_ic=0.1222
[22:15:42]   HIT  MSCI_INDIA         sanctions        lag= 14 m5_p=0.0381  m6_ic=0.0760
[22:16:25]   HIT  GOLD               sanctions        lag= 30 m5_p=0.0448  m6_ic=0.0603
[22:17:20]   HIT  MOEXOG             ruble            lag= 60 m5_p=0.0250  m6_ic=0.0620
[22:17:42]     Train: 7 signals
[22:17:42]     Val holdout (7 candidates)...
[22:17:43]     VAL PASS  BRENT              sanctions        lag=  7  m6_ic=0.0416
[22:17:44]     Val: 1/7 held
[22:17:44]   → train=7  val=1  max_ic=0.1222  score=81.5
[22:17:44] 
============================================================
[22:17:44] FINAL REPORT
[22:17:44] ============================================================
[22:17:46] Report: C:\project\signal_mind\analytics\phase_b\night_search\night_report_20260520_203734.md
[22:17:47] Hits CSV: C:\project\signal_mind\analytics\phase_b\night_search\night_hits_20260520_203734.csv
[22:17:47] 
[2/6] r5_nearmiss_keyword_raw_abs_return  (budget=76min)
[22:17:47]   Config: r5_nearmiss_keyword_raw_abs_return
[22:17:47]     feature=keyword_raw  target=abs_return  ensemble=M5_AND_M6  ic_min=0.01
[22:18:30]   HIT  DJ_SOUTH_AFRICA    sanctions        lag= 14 m5_p=0.0167  m6_ic=0.0383
[22:18:35]   HIT  DJ_SOUTH_AFRICA    gold             lag=  7 m5_p=0.0160  m6_ic=0.0380
[22:18:42]   HIT  MSCI_WORLD         sanctions        lag= 14 m5_p=0.0236  m6_ic=0.0584
[22:19:05]   HIT  BRENT              sanctions        lag=  7 m5_p=0.0344  m6_ic=0.1222
[22:19:16]   HIT  MSCI_INDIA         sanctions        lag= 14 m5_p=0.0381  m6_ic=0.0760
[22:19:48]   HIT  GOLD               sanctions        lag= 30 m5_p=0.0448  m6_ic=0.0603
[22:20:29]   HIT  MOEXOG             ruble            lag= 60 m5_p=0.0250  m6_ic=0.0620
[22:20:47]     Train: 7 signals
[22:20:47]     Val holdout (7 candidates)...
[22:20:48]     VAL PASS  BRENT              sanctions        lag=  7  m6_ic=0.0416
[22:20:48]     Val: 1/7 held
[22:20:48]   → train=7  val=1  max_ic=0.1222  score=81.5
[22:20:48] 
============================================================
[22:20:48] FINAL REPORT
[22:20:48] ============================================================
[22:20:50] Report: C:\project\signal_mind\analytics\phase_b\night_search\night_report_20260520_203734.md
[22:20:51] Hits CSV: C:\project\signal_mind\analytics\phase_b\night_search\night_hits_20260520_203734.csv
[22:20:51] 
[3/6] r5_nearmiss_keyword_raw_vol_5d  (budget=94min)
[22:20:51]   Config: r5_nearmiss_keyword_raw_vol_5d
[22:20:51]     feature=keyword_raw  target=vol_5d  ensemble=M5_AND_M6  ic_min=0.01
[22:21:30]   HIT  DJ_SOUTH_AFRICA    sanctions        lag= 14 m5_p=0.0167  m6_ic=0.0383
[22:21:34]   HIT  DJ_SOUTH_AFRICA    gold             lag=  7 m5_p=0.0160  m6_ic=0.0380
[22:21:41]   HIT  MSCI_WORLD         sanctions        lag= 14 m5_p=0.0236  m6_ic=0.0584
[22:22:03]   HIT  BRENT              sanctions        lag=  7 m5_p=0.0344  m6_ic=0.1222
[22:22:15]   HIT  MSCI_INDIA         sanctions        lag= 14 m5_p=0.0381  m6_ic=0.0760
[22:22:47]   HIT  GOLD               sanctions        lag= 30 m5_p=0.0448  m6_ic=0.0603
[22:23:28]   HIT  MOEXOG             ruble            lag= 60 m5_p=0.0250  m6_ic=0.0620
[22:23:45]     Train: 7 signals
[22:23:45]     Val holdout (7 candidates)...
[22:23:46]     VAL PASS  BRENT              sanctions        lag=  7  m6_ic=0.0416
[22:23:46]     Val: 1/7 held
[22:23:46]   → train=7  val=1  max_ic=0.1222  score=81.5
[22:23:46] 
============================================================
[22:23:46] FINAL REPORT
[22:23:46] ============================================================
[22:23:48] Report: C:\project\signal_mind\analytics\phase_b\night_search\night_report_20260520_203734.md
[22:23:49] Hits CSV: C:\project\signal_mind\analytics\phase_b\night_search\night_hits_20260520_203734.csv
[22:23:49] 
[4/6] r5_nearmiss_keyword_z90_market_return  (budget=125min)
[22:23:49]   Config: r5_nearmiss_keyword_z90_market_return
[22:23:49]     feature=keyword_z90  target=market_return  ensemble=M5_AND_M6  ic_min=0.01
[22:24:10]   HIT  USD_RUB            gold_z           lag=  7 m5_p=0.0117  m6_ic=0.0149
[22:24:21]   HIT  EUR_RUB            gold_z           lag=  7 m5_p=0.0117  m6_ic=0.0149
[22:24:38]   HIT  MSCI_WORLD         sanctions_z      lag= 14 m5_p=0.0137  m6_ic=0.0993
[22:25:44]   HIT  GOLD               inflation_z      lag=  7 m5_p=0.0163  m6_ic=0.1378
[22:26:01]   HIT  IMOEX              ruble_z          lag=  7 m5_p=0.0306  m6_ic=0.0333
[22:26:39]     Train: 5 signals
[22:26:39]     Val holdout (5 candidates)...
[22:26:40]     Val: 0/5 held
[22:26:40]   → train=5  val=0  max_ic=0.1378  score=58.0
[22:26:40] 
============================================================
[22:26:40] FINAL REPORT
[22:26:40] ============================================================
[22:26:42] Report: C:\project\signal_mind\analytics\phase_b\night_search\night_report_20260520_203734.md
[22:26:43] Hits CSV: C:\project\signal_mind\analytics\phase_b\night_search\night_hits_20260520_203734.csv
[22:26:43] 
[5/6] r5_nearmiss_keyword_z90_abs_return  (budget=185min)
[22:26:43]   Config: r5_nearmiss_keyword_z90_abs_return
[22:26:43]     feature=keyword_z90  target=abs_return  ensemble=M5_AND_M6  ic_min=0.01
[22:27:04]   HIT  USD_RUB            gold_z           lag=  7 m5_p=0.0117  m6_ic=0.0149
[22:27:15]   HIT  EUR_RUB            gold_z           lag=  7 m5_p=0.0117  m6_ic=0.0149
[22:27:33]   HIT  MSCI_WORLD         sanctions_z      lag= 14 m5_p=0.0137  m6_ic=0.0993
[22:28:39]   HIT  GOLD               inflation_z      lag=  7 m5_p=0.0163  m6_ic=0.1378
[22:28:56]   HIT  IMOEX              ruble_z          lag=  7 m5_p=0.0306  m6_ic=0.0333
[22:29:35]     Train: 5 signals
[22:29:35]     Val holdout (5 candidates)...
[22:29:36]     Val: 0/5 held
[22:29:36]   → train=5  val=0  max_ic=0.1378  score=58.0
[22:29:36] 
============================================================
[22:29:36] FINAL REPORT
[22:29:36] ============================================================
[22:29:38] Report: C:\project\signal_mind\analytics\phase_b\night_search\night_report_20260520_203734.md
[22:29:38] Hits CSV: C:\project\signal_mind\analytics\phase_b\night_search\night_hits_20260520_203734.csv
[22:29:38] 
[6/6] r5_nearmiss_keyword_z90_vol_5d  (budget=368min)
[22:29:38]   Config: r5_nearmiss_keyword_z90_vol_5d
[22:29:38]     feature=keyword_z90  target=vol_5d  ensemble=M5_AND_M6  ic_min=0.01
[22:29:59]   HIT  USD_RUB            gold_z           lag=  7 m5_p=0.0117  m6_ic=0.0149
[22:30:10]   HIT  EUR_RUB            gold_z           lag=  7 m5_p=0.0117  m6_ic=0.0149
[22:30:28]   HIT  MSCI_WORLD         sanctions_z      lag= 14 m5_p=0.0137  m6_ic=0.0993
[22:31:34]   HIT  GOLD               inflation_z      lag=  7 m5_p=0.0163  m6_ic=0.1378
[22:31:51]   HIT  IMOEX              ruble_z          lag=  7 m5_p=0.0306  m6_ic=0.0333
[22:32:29]     Train: 5 signals
[22:32:29]     Val holdout (5 candidates)...
[22:32:30]     Val: 0/5 held
[22:32:30]   → train=5  val=0  max_ic=0.1378  score=58.0
[22:32:30] 
============================================================
[22:32:30] FINAL REPORT
[22:32:30] ============================================================
[22:32:32] Report: C:\project\signal_mind\analytics\phase_b\night_search\night_report_20260520_203734.md
[22:32:32] Hits CSV: C:\project\signal_mind\analytics\phase_b\night_search\night_hits_20260520_203734.csv
[22:32:32] 
--- Round 5 done: 36 train signals  best=r5_nearmiss_keyword_raw_market_return  max_ic=0.1222
[22:32:32] 
============================================================
[22:32:32] ROUND 6  |  elapsed=1.92h  remaining=6.08h
[22:32:32] ============================================================
[22:32:32]   Adaptive round 6: top_insts=['GOLD', 'MOEXOG', 'IMOEX'], best_feat=keyword_z90, best_tgt=abs_return
[22:32:32] Configs for round 6: 6
[22:32:32] 
[1/6] r6_nearmiss_keyword_raw_market_return  (budget=61min)
[22:32:32]   Config: r6_nearmiss_keyword_raw_market_return
[22:32:32]     feature=keyword_raw  target=market_return  ensemble=M5_AND_M6  ic_min=0.01
[22:33:11]   HIT  DJ_SOUTH_AFRICA    sanctions        lag= 14 m5_p=0.0167  m6_ic=0.0383
[22:33:16]   HIT  DJ_SOUTH_AFRICA    gold             lag=  7 m5_p=0.0160  m6_ic=0.0380
[22:33:22]   HIT  MSCI_WORLD         sanctions        lag= 14 m5_p=0.0236  m6_ic=0.0584
[22:33:45]   HIT  BRENT              sanctions        lag=  7 m5_p=0.0344  m6_ic=0.1222
[22:33:56]   HIT  MSCI_INDIA         sanctions        lag= 14 m5_p=0.0381  m6_ic=0.0760
[22:34:29]   HIT  GOLD               sanctions        lag= 30 m5_p=0.0448  m6_ic=0.0603
[22:35:09]   HIT  MOEXOG             ruble            lag= 60 m5_p=0.0250  m6_ic=0.0620
[22:35:27]     Train: 7 signals
[22:35:27]     Val holdout (7 candidates)...
[22:35:28]     VAL PASS  BRENT              sanctions        lag=  7  m6_ic=0.0416
[22:35:28]     Val: 1/7 held
[22:35:28]   → train=7  val=1  max_ic=0.1222  score=81.5
[22:35:28] 
============================================================
[22:35:28] FINAL REPORT
[22:35:28] ============================================================
[22:35:30] Report: C:\project\signal_mind\analytics\phase_b\night_search\night_report_20260520_203734.md
[22:35:30] Hits CSV: C:\project\signal_mind\analytics\phase_b\night_search\night_hits_20260520_203734.csv
[22:35:30] 
[2/6] r6_nearmiss_keyword_raw_abs_return  (budget=72min)
[22:35:30]   Config: r6_nearmiss_keyword_raw_abs_return
[22:35:30]     feature=keyword_raw  target=abs_return  ensemble=M5_AND_M6  ic_min=0.01
[22:36:10]   HIT  DJ_SOUTH_AFRICA    sanctions        lag= 14 m5_p=0.0167  m6_ic=0.0383
[22:36:14]   HIT  DJ_SOUTH_AFRICA    gold             lag=  7 m5_p=0.0160  m6_ic=0.0380
[22:36:21]   HIT  MSCI_WORLD         sanctions        lag= 14 m5_p=0.0236  m6_ic=0.0584
[22:36:43]   HIT  BRENT              sanctions        lag=  7 m5_p=0.0344  m6_ic=0.1222
[22:36:55]   HIT  MSCI_INDIA         sanctions        lag= 14 m5_p=0.0381  m6_ic=0.0760
[22:37:28]   HIT  GOLD               sanctions        lag= 30 m5_p=0.0448  m6_ic=0.0603
[22:38:08]   HIT  MOEXOG             ruble            lag= 60 m5_p=0.0250  m6_ic=0.0620
[22:38:26]     Train: 7 signals
[22:38:26]     Val holdout (7 candidates)...
[22:38:26]     VAL PASS  BRENT              sanctions        lag=  7  m6_ic=0.0416
[22:38:27]     Val: 1/7 held
[22:38:27]   → train=7  val=1  max_ic=0.1222  score=81.5
[22:38:27] 
============================================================
[22:38:27] FINAL REPORT
[22:38:27] ============================================================
[22:38:29] Report: C:\project\signal_mind\analytics\phase_b\night_search\night_report_20260520_203734.md
[22:38:29] Hits CSV: C:\project\signal_mind\analytics\phase_b\night_search\night_hits_20260520_203734.csv
[22:38:29] 
[3/6] r6_nearmiss_keyword_raw_vol_5d  (budget=90min)
[22:38:29]   Config: r6_nearmiss_keyword_raw_vol_5d
[22:38:29]     feature=keyword_raw  target=vol_5d  ensemble=M5_AND_M6  ic_min=0.01
[22:39:08]   HIT  DJ_SOUTH_AFRICA    sanctions        lag= 14 m5_p=0.0167  m6_ic=0.0383
[22:39:13]   HIT  DJ_SOUTH_AFRICA    gold             lag=  7 m5_p=0.0160  m6_ic=0.0380
[22:39:19]   HIT  MSCI_WORLD         sanctions        lag= 14 m5_p=0.0236  m6_ic=0.0584
[22:39:41]   HIT  BRENT              sanctions        lag=  7 m5_p=0.0344  m6_ic=0.1222
[22:39:52]   HIT  MSCI_INDIA         sanctions        lag= 14 m5_p=0.0381  m6_ic=0.0760
[22:40:24]   HIT  GOLD               sanctions        lag= 30 m5_p=0.0448  m6_ic=0.0603
[22:41:05]   HIT  MOEXOG             ruble            lag= 60 m5_p=0.0250  m6_ic=0.0620
[22:41:22]     Train: 7 signals
[22:41:22]     Val holdout (7 candidates)...
[22:41:23]     VAL PASS  BRENT              sanctions        lag=  7  m6_ic=0.0416
[22:41:24]     Val: 1/7 held
[22:41:24]   → train=7  val=1  max_ic=0.1222  score=81.5
[22:41:24] 
============================================================
[22:41:24] FINAL REPORT
[22:41:24] ============================================================
[22:41:26] Report: C:\project\signal_mind\analytics\phase_b\night_search\night_report_20260520_203734.md
[22:41:26] Hits CSV: C:\project\signal_mind\analytics\phase_b\night_search\night_hits_20260520_203734.csv
[22:41:26] 
[4/6] r6_nearmiss_keyword_z90_market_return  (budget=119min)
[22:41:26]   Config: r6_nearmiss_keyword_z90_market_return
[22:41:26]     feature=keyword_z90  target=market_return  ensemble=M5_AND_M6  ic_min=0.01
[22:41:47]   HIT  USD_RUB            gold_z           lag=  7 m5_p=0.0117  m6_ic=0.0149
[22:41:58]   HIT  EUR_RUB            gold_z           lag=  7 m5_p=0.0117  m6_ic=0.0149
[22:42:16]   HIT  MSCI_WORLD         sanctions_z      lag= 14 m5_p=0.0137  m6_ic=0.0993
[22:43:22]   HIT  GOLD               inflation_z      lag=  7 m5_p=0.0163  m6_ic=0.1378
[22:43:39]   HIT  IMOEX              ruble_z          lag=  7 m5_p=0.0306  m6_ic=0.0333
[22:44:17]     Train: 5 signals
[22:44:17]     Val holdout (5 candidates)...
[22:44:18]     Val: 0/5 held
[22:44:18]   → train=5  val=0  max_ic=0.1378  score=58.0
[22:44:18] 
============================================================
[22:44:18] FINAL REPORT
[22:44:18] ============================================================
[22:44:20] Report: C:\project\signal_mind\analytics\phase_b\night_search\night_report_20260520_203734.md
[22:44:20] Hits CSV: C:\project\signal_mind\analytics\phase_b\night_search\night_hits_20260520_203734.csv
[22:44:20] 
[5/6] r6_nearmiss_keyword_z90_abs_return  (budget=177min)
[22:44:20]   Config: r6_nearmiss_keyword_z90_abs_return
[22:44:20]     feature=keyword_z90  target=abs_return  ensemble=M5_AND_M6  ic_min=0.01
[22:44:42]   HIT  USD_RUB            gold_z           lag=  7 m5_p=0.0117  m6_ic=0.0149
[22:44:53]   HIT  EUR_RUB            gold_z           lag=  7 m5_p=0.0117  m6_ic=0.0149
[22:45:10]   HIT  MSCI_WORLD         sanctions_z      lag= 14 m5_p=0.0137  m6_ic=0.0993
[22:46:16]   HIT  GOLD               inflation_z      lag=  7 m5_p=0.0163  m6_ic=0.1378
[22:46:33]   HIT  IMOEX              ruble_z          lag=  7 m5_p=0.0306  m6_ic=0.0333
[22:47:12]     Train: 5 signals
[22:47:12]     Val holdout (5 candidates)...
[22:47:13]     Val: 0/5 held
[22:47:13]   → train=5  val=0  max_ic=0.1378  score=58.0
[22:47:13] 
============================================================
[22:47:13] FINAL REPORT
[22:47:13] ============================================================
[22:47:15] Report: C:\project\signal_mind\analytics\phase_b\night_search\night_report_20260520_203734.md
[22:47:15] Hits CSV: C:\project\signal_mind\analytics\phase_b\night_search\night_hits_20260520_203734.csv
[22:47:15] 
[6/6] r6_nearmiss_keyword_z90_vol_5d  (budget=350min)
[22:47:15]   Config: r6_nearmiss_keyword_z90_vol_5d
[22:47:15]     feature=keyword_z90  target=vol_5d  ensemble=M5_AND_M6  ic_min=0.01
[22:47:37]   HIT  USD_RUB            gold_z           lag=  7 m5_p=0.0117  m6_ic=0.0149
[22:47:48]   HIT  EUR_RUB            gold_z           lag=  7 m5_p=0.0117  m6_ic=0.0149
[22:48:05]   HIT  MSCI_WORLD         sanctions_z      lag= 14 m5_p=0.0137  m6_ic=0.0993
[22:49:13]   HIT  GOLD               inflation_z      lag=  7 m5_p=0.0163  m6_ic=0.1378
[22:49:30]   HIT  IMOEX              ruble_z          lag=  7 m5_p=0.0306  m6_ic=0.0333
[22:50:08]     Train: 5 signals
[22:50:08]     Val holdout (5 candidates)...
[22:50:08]     Val: 0/5 held
[22:50:08]   → train=5  val=0  max_ic=0.1378  score=58.0
[22:50:08] 
============================================================
[22:50:08] FINAL REPORT
[22:50:08] ============================================================
[22:50:10] Report: C:\project\signal_mind\analytics\phase_b\night_search\night_report_20260520_203734.md
[22:50:11] Hits CSV: C:\project\signal_mind\analytics\phase_b\night_search\night_hits_20260520_203734.csv
[22:50:11] 
--- Round 6 done: 36 train signals  best=r6_nearmiss_keyword_raw_market_return  max_ic=0.1222
[22:50:11] 
============================================================
[22:50:11] ROUND 7  |  elapsed=2.21h  remaining=5.79h
[22:50:11] ============================================================
[22:50:11]   Adaptive round 7: top_insts=['GOLD', 'MOEXOG', 'IMOEX'], best_feat=keyword_z90, best_tgt=abs_return
[22:50:11] Configs for round 7: 6
[22:50:11] 
[1/6] r7_nearmiss_keyword_raw_market_return  (budget=58min)
[22:50:11]   Config: r7_nearmiss_keyword_raw_market_return
[22:50:11]     feature=keyword_raw  target=market_return  ensemble=M5_AND_M6  ic_min=0.01
[22:50:50]   HIT  DJ_SOUTH_AFRICA    sanctions        lag= 14 m5_p=0.0167  m6_ic=0.0383
[22:50:54]   HIT  DJ_SOUTH_AFRICA    gold             lag=  7 m5_p=0.0160  m6_ic=0.0380
[22:51:01]   HIT  MSCI_WORLD         sanctions        lag= 14 m5_p=0.0236  m6_ic=0.0584
[22:51:23]   HIT  BRENT              sanctions        lag=  7 m5_p=0.0344  m6_ic=0.1222
[22:51:34]   HIT  MSCI_INDIA         sanctions        lag= 14 m5_p=0.0381  m6_ic=0.0760
[22:52:07]   HIT  GOLD               sanctions        lag= 30 m5_p=0.0448  m6_ic=0.0603
[22:52:48]   HIT  MOEXOG             ruble            lag= 60 m5_p=0.0250  m6_ic=0.0620
[22:53:05]     Train: 7 signals
[22:53:05]     Val holdout (7 candidates)...
[22:53:06]     VAL PASS  BRENT              sanctions        lag=  7  m6_ic=0.0416
[22:53:07]     Val: 1/7 held
[22:53:07]   → train=7  val=1  max_ic=0.1222  score=81.5
[22:53:07] 
============================================================
[22:53:07] FINAL REPORT
[22:53:07] ============================================================
[22:53:09] Report: C:\project\signal_mind\analytics\phase_b\night_search\night_report_20260520_203734.md
[22:53:09] Hits CSV: C:\project\signal_mind\analytics\phase_b\night_search\night_hits_20260520_203734.csv
[22:53:09] 
[2/6] r7_nearmiss_keyword_raw_abs_return  (budget=69min)
[22:53:09]   Config: r7_nearmiss_keyword_raw_abs_return
[22:53:09]     feature=keyword_raw  target=abs_return  ensemble=M5_AND_M6  ic_min=0.01
[22:53:48]   HIT  DJ_SOUTH_AFRICA    sanctions        lag= 14 m5_p=0.0167  m6_ic=0.0383
[22:53:52]   HIT  DJ_SOUTH_AFRICA    gold             lag=  7 m5_p=0.0160  m6_ic=0.0380
[22:53:59]   HIT  MSCI_WORLD         sanctions        lag= 14 m5_p=0.0236  m6_ic=0.0584
[22:54:22]   HIT  BRENT              sanctions        lag=  7 m5_p=0.0344  m6_ic=0.1222
[22:54:34]   HIT  MSCI_INDIA         sanctions        lag= 14 m5_p=0.0381  m6_ic=0.0760
[22:55:06]   HIT  GOLD               sanctions        lag= 30 m5_p=0.0448  m6_ic=0.0603
[22:55:47]   HIT  MOEXOG             ruble            lag= 60 m5_p=0.0250  m6_ic=0.0620
[22:56:05]     Train: 7 signals
[22:56:05]     Val holdout (7 candidates)...
[22:56:06]     VAL PASS  BRENT              sanctions        lag=  7  m6_ic=0.0416
[22:56:06]     Val: 1/7 held
[22:56:06]   → train=7  val=1  max_ic=0.1222  score=81.5
[22:56:06] 
============================================================
[22:56:06] FINAL REPORT
[22:56:06] ============================================================
[22:56:08] Report: C:\project\signal_mind\analytics\phase_b\night_search\night_report_20260520_203734.md
[22:56:08] Hits CSV: C:\project\signal_mind\analytics\phase_b\night_search\night_hits_20260520_203734.csv
[22:56:08] 
[3/6] r7_nearmiss_keyword_raw_vol_5d  (budget=85min)
[22:56:08]   Config: r7_nearmiss_keyword_raw_vol_5d
[22:56:08]     feature=keyword_raw  target=vol_5d  ensemble=M5_AND_M6  ic_min=0.01
[22:56:47]   HIT  DJ_SOUTH_AFRICA    sanctions        lag= 14 m5_p=0.0167  m6_ic=0.0383
[22:56:51]   HIT  DJ_SOUTH_AFRICA    gold             lag=  7 m5_p=0.0160  m6_ic=0.0380
[22:56:58]   HIT  MSCI_WORLD         sanctions        lag= 14 m5_p=0.0236  m6_ic=0.0584
[22:57:20]   HIT  BRENT              sanctions        lag=  7 m5_p=0.0344  m6_ic=0.1222
[22:57:31]   HIT  MSCI_INDIA         sanctions        lag= 14 m5_p=0.0381  m6_ic=0.0760
[22:58:04]   HIT  GOLD               sanctions        lag= 30 m5_p=0.0448  m6_ic=0.0603
[22:58:44]   HIT  MOEXOG             ruble            lag= 60 m5_p=0.0250  m6_ic=0.0620
[22:59:02]     Train: 7 signals
[22:59:02]     Val holdout (7 candidates)...
[22:59:02]     VAL PASS  BRENT              sanctions        lag=  7  m6_ic=0.0416
[22:59:03]     Val: 1/7 held
[22:59:03]   → train=7  val=1  max_ic=0.1222  score=81.5
[22:59:03] 
============================================================
[22:59:03] FINAL REPORT
[22:59:03] ============================================================
[22:59:05] Report: C:\project\signal_mind\analytics\phase_b\night_search\night_report_20260520_203734.md
[22:59:05] Hits CSV: C:\project\signal_mind\analytics\phase_b\night_search\night_hits_20260520_203734.csv
[22:59:05] 
[4/6] r7_nearmiss_keyword_z90_market_return  (budget=113min)
[22:59:05]   Config: r7_nearmiss_keyword_z90_market_return
[22:59:05]     feature=keyword_z90  target=market_return  ensemble=M5_AND_M6  ic_min=0.01
[22:59:26]   HIT  USD_RUB            gold_z           lag=  7 m5_p=0.0117  m6_ic=0.0149
[22:59:37]   HIT  EUR_RUB            gold_z           lag=  7 m5_p=0.0117  m6_ic=0.0149
[22:59:55]   HIT  MSCI_WORLD         sanctions_z      lag= 14 m5_p=0.0137  m6_ic=0.0993
[23:01:01]   HIT  GOLD               inflation_z      lag=  7 m5_p=0.0163  m6_ic=0.1378
[23:01:19]   HIT  IMOEX              ruble_z          lag=  7 m5_p=0.0306  m6_ic=0.0333
[23:01:56]     Train: 5 signals
[23:01:56]     Val holdout (5 candidates)...
[23:01:57]     Val: 0/5 held
[23:01:57]   → train=5  val=0  max_ic=0.1378  score=58.0
[23:01:57] 
============================================================
[23:01:57] FINAL REPORT
[23:01:57] ============================================================
[23:01:59] Report: C:\project\signal_mind\analytics\phase_b\night_search\night_report_20260520_203734.md
[23:02:00] Hits CSV: C:\project\signal_mind\analytics\phase_b\night_search\night_hits_20260520_203734.csv
[23:02:00] 
[5/6] r7_nearmiss_keyword_z90_abs_return  (budget=168min)
[23:02:00]   Config: r7_nearmiss_keyword_z90_abs_return
[23:02:00]     feature=keyword_z90  target=abs_return  ensemble=M5_AND_M6  ic_min=0.01
[23:02:21]   HIT  USD_RUB            gold_z           lag=  7 m5_p=0.0117  m6_ic=0.0149
[23:02:32]   HIT  EUR_RUB            gold_z           lag=  7 m5_p=0.0117  m6_ic=0.0149
[23:02:51]   HIT  MSCI_WORLD         sanctions_z      lag= 14 m5_p=0.0137  m6_ic=0.0993
[23:03:57]   HIT  GOLD               inflation_z      lag=  7 m5_p=0.0163  m6_ic=0.1378
[23:04:14]   HIT  IMOEX              ruble_z          lag=  7 m5_p=0.0306  m6_ic=0.0333
[23:04:52]     Train: 5 signals
[23:04:52]     Val holdout (5 candidates)...
[23:04:53]     Val: 0/5 held
[23:04:53]   → train=5  val=0  max_ic=0.1378  score=58.0
[23:04:53] 
============================================================
[23:04:53] FINAL REPORT
[23:04:53] ============================================================
[23:04:55] Report: C:\project\signal_mind\analytics\phase_b\night_search\night_report_20260520_203734.md
[23:04:55] Hits CSV: C:\project\signal_mind\analytics\phase_b\night_search\night_hits_20260520_203734.csv
[23:04:55] 
[6/6] r7_nearmiss_keyword_z90_vol_5d  (budget=333min)
[23:04:55]   Config: r7_nearmiss_keyword_z90_vol_5d
[23:04:55]     feature=keyword_z90  target=vol_5d  ensemble=M5_AND_M6  ic_min=0.01
[23:05:16]   HIT  USD_RUB            gold_z           lag=  7 m5_p=0.0117  m6_ic=0.0149
[23:05:27]   HIT  EUR_RUB            gold_z           lag=  7 m5_p=0.0117  m6_ic=0.0149
[23:05:45]   HIT  MSCI_WORLD         sanctions_z      lag= 14 m5_p=0.0137  m6_ic=0.0993
[23:06:51]   HIT  GOLD               inflation_z      lag=  7 m5_p=0.0163  m6_ic=0.1378
[23:07:08]   HIT  IMOEX              ruble_z          lag=  7 m5_p=0.0306  m6_ic=0.0333
[23:07:46]     Train: 5 signals
[23:07:46]     Val holdout (5 candidates)...
[23:07:47]     Val: 0/5 held
[23:07:47]   → train=5  val=0  max_ic=0.1378  score=58.0
[23:07:47] 
============================================================
[23:07:47] FINAL REPORT
[23:07:47] ============================================================
[23:07:49] Report: C:\project\signal_mind\analytics\phase_b\night_search\night_report_20260520_203734.md
[23:07:49] Hits CSV: C:\project\signal_mind\analytics\phase_b\night_search\night_hits_20260520_203734.csv
[23:07:49] 
--- Round 7 done: 36 train signals  best=r7_nearmiss_keyword_raw_market_return  max_ic=0.1222
[23:07:49] 
============================================================
[23:07:49] ROUND 8  |  elapsed=2.50h  remaining=5.50h
[23:07:49] ============================================================
[23:07:49]   Adaptive round 8: top_insts=['GOLD', 'MOEXOG', 'IMOEX'], best_feat=keyword_z90, best_tgt=abs_return
[23:07:49] Configs for round 8: 6
[23:07:49] 
[1/6] r8_nearmiss_keyword_raw_market_return  (budget=55min)
[23:07:49]   Config: r8_nearmiss_keyword_raw_market_return
[23:07:49]     feature=keyword_raw  target=market_return  ensemble=M5_AND_M6  ic_min=0.01
[23:08:28]   HIT  DJ_SOUTH_AFRICA    sanctions        lag= 14 m5_p=0.0167  m6_ic=0.0383
[23:08:32]   HIT  DJ_SOUTH_AFRICA    gold             lag=  7 m5_p=0.0160  m6_ic=0.0380
[23:08:39]   HIT  MSCI_WORLD         sanctions        lag= 14 m5_p=0.0236  m6_ic=0.0584
[23:09:01]   HIT  BRENT              sanctions        lag=  7 m5_p=0.0344  m6_ic=0.1222
[23:09:12]   HIT  MSCI_INDIA         sanctions        lag= 14 m5_p=0.0381  m6_ic=0.0760
[23:09:45]   HIT  GOLD               sanctions        lag= 30 m5_p=0.0448  m6_ic=0.0603
[23:10:26]   HIT  MOEXOG             ruble            lag= 60 m5_p=0.0250  m6_ic=0.0620
[23:10:43]     Train: 7 signals
[23:10:43]     Val holdout (7 candidates)...
[23:10:44]     VAL PASS  BRENT              sanctions        lag=  7  m6_ic=0.0416
[23:10:45]     Val: 1/7 held
[23:10:45]   → train=7  val=1  max_ic=0.1222  score=81.5
[23:10:45] 
============================================================
[23:10:45] FINAL REPORT
[23:10:45] ============================================================
[23:10:47] Report: C:\project\signal_mind\analytics\phase_b\night_search\night_report_20260520_203734.md
[23:10:47] Hits CSV: C:\project\signal_mind\analytics\phase_b\night_search\night_hits_20260520_203734.csv
[23:10:47] 
[2/6] r8_nearmiss_keyword_raw_abs_return  (budget=65min)
[23:10:47]   Config: r8_nearmiss_keyword_raw_abs_return
[23:10:47]     feature=keyword_raw  target=abs_return  ensemble=M5_AND_M6  ic_min=0.01
[23:11:26]   HIT  DJ_SOUTH_AFRICA    sanctions        lag= 14 m5_p=0.0167  m6_ic=0.0383
[23:11:31]   HIT  DJ_SOUTH_AFRICA    gold             lag=  7 m5_p=0.0160  m6_ic=0.0380
[23:11:37]   HIT  MSCI_WORLD         sanctions        lag= 14 m5_p=0.0236  m6_ic=0.0584
[23:11:59]   HIT  BRENT              sanctions        lag=  7 m5_p=0.0344  m6_ic=0.1222
[23:12:11]   HIT  MSCI_INDIA         sanctions        lag= 14 m5_p=0.0381  m6_ic=0.0760
[23:12:43]   HIT  GOLD               sanctions        lag= 30 m5_p=0.0448  m6_ic=0.0603
[23:13:23]   HIT  MOEXOG             ruble            lag= 60 m5_p=0.0250  m6_ic=0.0620
[23:13:41]     Train: 7 signals
[23:13:41]     Val holdout (7 candidates)...
[23:13:42]     VAL PASS  BRENT              sanctions        lag=  7  m6_ic=0.0416
[23:13:42]     Val: 1/7 held
[23:13:42]   → train=7  val=1  max_ic=0.1222  score=81.5
[23:13:42] 
============================================================
[23:13:42] FINAL REPORT
[23:13:42] ============================================================
[23:13:44] Report: C:\project\signal_mind\analytics\phase_b\night_search\night_report_20260520_203734.md
[23:13:44] Hits CSV: C:\project\signal_mind\analytics\phase_b\night_search\night_hits_20260520_203734.csv
[23:13:44] 
[3/6] r8_nearmiss_keyword_raw_vol_5d  (budget=81min)
[23:13:44]   Config: r8_nearmiss_keyword_raw_vol_5d
[23:13:44]     feature=keyword_raw  target=vol_5d  ensemble=M5_AND_M6  ic_min=0.01
[23:14:23]   HIT  DJ_SOUTH_AFRICA    sanctions        lag= 14 m5_p=0.0167  m6_ic=0.0383
[23:14:28]   HIT  DJ_SOUTH_AFRICA    gold             lag=  7 m5_p=0.0160  m6_ic=0.0380
[23:14:34]   HIT  MSCI_WORLD         sanctions        lag= 14 m5_p=0.0236  m6_ic=0.0584
[23:14:57]   HIT  BRENT              sanctions        lag=  7 m5_p=0.0344  m6_ic=0.1222
[23:15:08]   HIT  MSCI_INDIA         sanctions        lag= 14 m5_p=0.0381  m6_ic=0.0760
[23:15:40]   HIT  GOLD               sanctions        lag= 30 m5_p=0.0448  m6_ic=0.0603
[23:16:21]   HIT  MOEXOG             ruble            lag= 60 m5_p=0.0250  m6_ic=0.0620
[23:16:38]     Train: 7 signals
[23:16:38]     Val holdout (7 candidates)...
[23:16:39]     VAL PASS  BRENT              sanctions        lag=  7  m6_ic=0.0416
[23:16:40]     Val: 1/7 held
[23:16:40]   → train=7  val=1  max_ic=0.1222  score=81.5
[23:16:40] 
============================================================
[23:16:40] FINAL REPORT
[23:16:40] ============================================================
[23:16:42] Report: C:\project\signal_mind\analytics\phase_b\night_search\night_report_20260520_203734.md
[23:16:42] Hits CSV: C:\project\signal_mind\analytics\phase_b\night_search\night_hits_20260520_203734.csv
[23:16:42] 
[4/6] r8_nearmiss_keyword_z90_market_return  (budget=107min)
[23:16:42]   Config: r8_nearmiss_keyword_z90_market_return
[23:16:42]     feature=keyword_z90  target=market_return  ensemble=M5_AND_M6  ic_min=0.01
[23:17:03]   HIT  USD_RUB            gold_z           lag=  7 m5_p=0.0117  m6_ic=0.0149
[23:17:14]   HIT  EUR_RUB            gold_z           lag=  7 m5_p=0.0117  m6_ic=0.0149
[23:17:32]   HIT  MSCI_WORLD         sanctions_z      lag= 14 m5_p=0.0137  m6_ic=0.0993
[23:18:38]   HIT  GOLD               inflation_z      lag=  7 m5_p=0.0163  m6_ic=0.1378
[23:18:55]   HIT  IMOEX              ruble_z          lag=  7 m5_p=0.0306  m6_ic=0.0333
[23:19:35]     Train: 5 signals
[23:19:35]     Val holdout (5 candidates)...
[23:19:36]     Val: 0/5 held
[23:19:36]   → train=5  val=0  max_ic=0.1378  score=58.0
[23:19:36] 
============================================================
[23:19:36] FINAL REPORT
[23:19:36] ============================================================
[23:19:38] Report: C:\project\signal_mind\analytics\phase_b\night_search\night_report_20260520_203734.md
[23:19:38] Hits CSV: C:\project\signal_mind\analytics\phase_b\night_search\night_hits_20260520_203734.csv
[23:19:38] 
[5/6] r8_nearmiss_keyword_z90_abs_return  (budget=159min)
[23:19:38]   Config: r8_nearmiss_keyword_z90_abs_return
[23:19:38]     feature=keyword_z90  target=abs_return  ensemble=M5_AND_M6  ic_min=0.01
[23:19:59]   HIT  USD_RUB            gold_z           lag=  7 m5_p=0.0117  m6_ic=0.0149
[23:20:10]   HIT  EUR_RUB            gold_z           lag=  7 m5_p=0.0117  m6_ic=0.0149
[23:20:28]   HIT  MSCI_WORLD         sanctions_z      lag= 14 m5_p=0.0137  m6_ic=0.0993
[23:21:34]   HIT  GOLD               inflation_z      lag=  7 m5_p=0.0163  m6_ic=0.1378
[23:21:51]   HIT  IMOEX              ruble_z          lag=  7 m5_p=0.0306  m6_ic=0.0333
[23:22:29]     Train: 5 signals
[23:22:29]     Val holdout (5 candidates)...
[23:22:30]     Val: 0/5 held
[23:22:30]   → train=5  val=0  max_ic=0.1378  score=58.0
[23:22:30] 
============================================================
[23:22:30] FINAL REPORT
[23:22:30] ============================================================
[23:22:32] Report: C:\project\signal_mind\analytics\phase_b\night_search\night_report_20260520_203734.md
[23:22:32] Hits CSV: C:\project\signal_mind\analytics\phase_b\night_search\night_hits_20260520_203734.csv
[23:22:32] 
[6/6] r8_nearmiss_keyword_z90_vol_5d  (budget=315min)
[23:22:32]   Config: r8_nearmiss_keyword_z90_vol_5d
[23:22:32]     feature=keyword_z90  target=vol_5d  ensemble=M5_AND_M6  ic_min=0.01
[23:22:53]   HIT  USD_RUB            gold_z           lag=  7 m5_p=0.0117  m6_ic=0.0149
[23:23:04]   HIT  EUR_RUB            gold_z           lag=  7 m5_p=0.0117  m6_ic=0.0149
[23:23:22]   HIT  MSCI_WORLD         sanctions_z      lag= 14 m5_p=0.0137  m6_ic=0.0993
[23:24:28]   HIT  GOLD               inflation_z      lag=  7 m5_p=0.0163  m6_ic=0.1378
[23:24:45]   HIT  IMOEX              ruble_z          lag=  7 m5_p=0.0306  m6_ic=0.0333
[23:25:23]     Train: 5 signals
[23:25:23]     Val holdout (5 candidates)...
[23:25:24]     Val: 0/5 held
[23:25:24]   → train=5  val=0  max_ic=0.1378  score=58.0
[23:25:24] 
============================================================
[23:25:24] FINAL REPORT
[23:25:24] ============================================================
[23:25:26] Report: C:\project\signal_mind\analytics\phase_b\night_search\night_report_20260520_203734.md
[23:25:26] Hits CSV: C:\project\signal_mind\analytics\phase_b\night_search\night_hits_20260520_203734.csv
[23:25:26] 
--- Round 8 done: 36 train signals  best=r8_nearmiss_keyword_raw_market_return  max_ic=0.1222
[23:25:26] 
============================================================
[23:25:26] ROUND 9  |  elapsed=2.80h  remaining=5.20h
[23:25:26] ============================================================
[23:25:26]   Adaptive round 9: top_insts=['GOLD', 'MOEXOG', 'IMOEX'], best_feat=keyword_z90, best_tgt=abs_return
[23:25:26] Configs for round 9: 6
[23:25:26] 
[1/6] r9_nearmiss_keyword_raw_market_return  (budget=52min)
[23:25:26]   Config: r9_nearmiss_keyword_raw_market_return
[23:25:26]     feature=keyword_raw  target=market_return  ensemble=M5_AND_M6  ic_min=0.01
[23:26:05]   HIT  DJ_SOUTH_AFRICA    sanctions        lag= 14 m5_p=0.0167  m6_ic=0.0383
[23:26:09]   HIT  DJ_SOUTH_AFRICA    gold             lag=  7 m5_p=0.0160  m6_ic=0.0380
[23:26:16]   HIT  MSCI_WORLD         sanctions        lag= 14 m5_p=0.0236  m6_ic=0.0584
[23:26:38]   HIT  BRENT              sanctions        lag=  7 m5_p=0.0344  m6_ic=0.1222
[23:26:49]   HIT  MSCI_INDIA         sanctions        lag= 14 m5_p=0.0381  m6_ic=0.0760
[23:27:22]   HIT  GOLD               sanctions        lag= 30 m5_p=0.0448  m6_ic=0.0603
[23:28:02]   HIT  MOEXOG             ruble            lag= 60 m5_p=0.0250  m6_ic=0.0620
[23:28:20]     Train: 7 signals
[23:28:20]     Val holdout (7 candidates)...
[23:28:20]     VAL PASS  BRENT              sanctions        lag=  7  m6_ic=0.0416
[23:28:21]     Val: 1/7 held
[23:28:21]   → train=7  val=1  max_ic=0.1222  score=81.5
[23:28:21] 
============================================================
[23:28:21] FINAL REPORT
[23:28:21] ============================================================
[23:28:23] Report: C:\project\signal_mind\analytics\phase_b\night_search\night_report_20260520_203734.md
[23:28:23] Hits CSV: C:\project\signal_mind\analytics\phase_b\night_search\night_hits_20260520_203734.csv
[23:28:23] 
[2/6] r9_nearmiss_keyword_raw_abs_return  (budget=62min)
[23:28:23]   Config: r9_nearmiss_keyword_raw_abs_return
[23:28:23]     feature=keyword_raw  target=abs_return  ensemble=M5_AND_M6  ic_min=0.01
[23:29:02]   HIT  DJ_SOUTH_AFRICA    sanctions        lag= 14 m5_p=0.0167  m6_ic=0.0383
[23:29:06]   HIT  DJ_SOUTH_AFRICA    gold             lag=  7 m5_p=0.0160  m6_ic=0.0380
[23:29:13]   HIT  MSCI_WORLD         sanctions        lag= 14 m5_p=0.0236  m6_ic=0.0584
[23:29:35]   HIT  BRENT              sanctions        lag=  7 m5_p=0.0344  m6_ic=0.1222
[23:29:46]   HIT  MSCI_INDIA         sanctions        lag= 14 m5_p=0.0381  m6_ic=0.0760
[23:30:19]   HIT  GOLD               sanctions        lag= 30 m5_p=0.0448  m6_ic=0.0603
[23:30:59]   HIT  MOEXOG             ruble            lag= 60 m5_p=0.0250  m6_ic=0.0620
[23:31:16]     Train: 7 signals
[23:31:16]     Val holdout (7 candidates)...
[23:31:17]     VAL PASS  BRENT              sanctions        lag=  7  m6_ic=0.0416
[23:31:18]     Val: 1/7 held
[23:31:18]   → train=7  val=1  max_ic=0.1222  score=81.5
[23:31:18] 
============================================================
[23:31:18] FINAL REPORT
[23:31:18] ============================================================
[23:31:20] Report: C:\project\signal_mind\analytics\phase_b\night_search\night_report_20260520_203734.md
[23:31:20] Hits CSV: C:\project\signal_mind\analytics\phase_b\night_search\night_hits_20260520_203734.csv
[23:31:20] 
[3/6] r9_nearmiss_keyword_raw_vol_5d  (budget=77min)
[23:31:20]   Config: r9_nearmiss_keyword_raw_vol_5d
[23:31:20]     feature=keyword_raw  target=vol_5d  ensemble=M5_AND_M6  ic_min=0.01
[23:31:59]   HIT  DJ_SOUTH_AFRICA    sanctions        lag= 14 m5_p=0.0167  m6_ic=0.0383
[23:32:04]   HIT  DJ_SOUTH_AFRICA    gold             lag=  7 m5_p=0.0160  m6_ic=0.0380
[23:32:10]   HIT  MSCI_WORLD         sanctions        lag= 14 m5_p=0.0236  m6_ic=0.0584
[23:32:32]   HIT  BRENT              sanctions        lag=  7 m5_p=0.0344  m6_ic=0.1222
[23:32:43]   HIT  MSCI_INDIA         sanctions        lag= 14 m5_p=0.0381  m6_ic=0.0760
[23:33:16]   HIT  GOLD               sanctions        lag= 30 m5_p=0.0448  m6_ic=0.0603
[23:33:57]   HIT  MOEXOG             ruble            lag= 60 m5_p=0.0250  m6_ic=0.0620
[23:34:14]     Train: 7 signals
[23:34:14]     Val holdout (7 candidates)...
[23:34:15]     VAL PASS  BRENT              sanctions        lag=  7  m6_ic=0.0416
[23:34:16]     Val: 1/7 held
[23:34:16]   → train=7  val=1  max_ic=0.1222  score=81.5
[23:34:16] 
============================================================
[23:34:16] FINAL REPORT
[23:34:16] ============================================================
[23:34:18] Report: C:\project\signal_mind\analytics\phase_b\night_search\night_report_20260520_203734.md
[23:34:18] Hits CSV: C:\project\signal_mind\analytics\phase_b\night_search\night_hits_20260520_203734.csv
[23:34:18] 
[4/6] r9_nearmiss_keyword_z90_market_return  (budget=101min)
[23:34:18]   Config: r9_nearmiss_keyword_z90_market_return
[23:34:18]     feature=keyword_z90  target=market_return  ensemble=M5_AND_M6  ic_min=0.01
[23:34:39]   HIT  USD_RUB            gold_z           lag=  7 m5_p=0.0117  m6_ic=0.0149
[23:34:50]   HIT  EUR_RUB            gold_z           lag=  7 m5_p=0.0117  m6_ic=0.0149
[23:35:08]   HIT  MSCI_WORLD         sanctions_z      lag= 14 m5_p=0.0137  m6_ic=0.0993
[23:36:15]   HIT  GOLD               inflation_z      lag=  7 m5_p=0.0163  m6_ic=0.1378
[23:36:31]   HIT  IMOEX              ruble_z          lag=  7 m5_p=0.0306  m6_ic=0.0333
[23:37:10]     Train: 5 signals
[23:37:10]     Val holdout (5 candidates)...
[23:37:11]     Val: 0/5 held
[23:37:11]   → train=5  val=0  max_ic=0.1378  score=58.0
[23:37:11] 
============================================================
[23:37:11] FINAL REPORT
[23:37:11] ============================================================
[23:37:13] Report: C:\project\signal_mind\analytics\phase_b\night_search\night_report_20260520_203734.md
[23:37:13] Hits CSV: C:\project\signal_mind\analytics\phase_b\night_search\night_hits_20260520_203734.csv
[23:37:13] 
[5/6] r9_nearmiss_keyword_z90_abs_return  (budget=150min)
[23:37:13]   Config: r9_nearmiss_keyword_z90_abs_return
[23:37:13]     feature=keyword_z90  target=abs_return  ensemble=M5_AND_M6  ic_min=0.01
[23:37:34]   HIT  USD_RUB            gold_z           lag=  7 m5_p=0.0117  m6_ic=0.0149
[23:37:46]   HIT  EUR_RUB            gold_z           lag=  7 m5_p=0.0117  m6_ic=0.0149
[23:38:04]   HIT  MSCI_WORLD         sanctions_z      lag= 14 m5_p=0.0137  m6_ic=0.0993
[23:39:10]   HIT  GOLD               inflation_z      lag=  7 m5_p=0.0163  m6_ic=0.1378
[23:39:27]   HIT  IMOEX              ruble_z          lag=  7 m5_p=0.0306  m6_ic=0.0333
[23:40:05]     Train: 5 signals
[23:40:05]     Val holdout (5 candidates)...
[23:40:06]     Val: 0/5 held
[23:40:06]   → train=5  val=0  max_ic=0.1378  score=58.0
[23:40:06] 
============================================================
[23:40:06] FINAL REPORT
[23:40:06] ============================================================
[23:40:08] Report: C:\project\signal_mind\analytics\phase_b\night_search\night_report_20260520_203734.md
[23:40:09] Hits CSV: C:\project\signal_mind\analytics\phase_b\night_search\night_hits_20260520_203734.csv
[23:40:09] 
[6/6] r9_nearmiss_keyword_z90_vol_5d  (budget=297min)
[23:40:09]   Config: r9_nearmiss_keyword_z90_vol_5d
[23:40:09]     feature=keyword_z90  target=vol_5d  ensemble=M5_AND_M6  ic_min=0.01
[23:40:30]   HIT  USD_RUB            gold_z           lag=  7 m5_p=0.0117  m6_ic=0.0149
[23:40:41]   HIT  EUR_RUB            gold_z           lag=  7 m5_p=0.0117  m6_ic=0.0149
[23:40:59]   HIT  MSCI_WORLD         sanctions_z      lag= 14 m5_p=0.0137  m6_ic=0.0993
[23:42:06]   HIT  GOLD               inflation_z      lag=  7 m5_p=0.0163  m6_ic=0.1378
[23:42:22]   HIT  IMOEX              ruble_z          lag=  7 m5_p=0.0306  m6_ic=0.0333
[23:43:00]     Train: 5 signals
[23:43:00]     Val holdout (5 candidates)...
[23:43:01]     Val: 0/5 held
[23:43:01]   → train=5  val=0  max_ic=0.1378  score=58.0
[23:43:01] 
============================================================
[23:43:01] FINAL REPORT
[23:43:01] ============================================================
[23:43:03] Report: C:\project\signal_mind\analytics\phase_b\night_search\night_report_20260520_203734.md
[23:43:04] Hits CSV: C:\project\signal_mind\analytics\phase_b\night_search\night_hits_20260520_203734.csv
[23:43:04] 
--- Round 9 done: 36 train signals  best=r9_nearmiss_keyword_raw_market_return  max_ic=0.1222
[23:43:04] 
============================================================
[23:43:04] ROUND 10  |  elapsed=3.09h  remaining=4.91h
[23:43:04] ============================================================
[23:43:04]   Adaptive round 10: top_insts=['GOLD', 'MOEXOG', 'MSCI_INDIA'], best_feat=keyword_z90, best_tgt=abs_return
[23:43:04] Configs for round 10: 6
[23:43:04] 
[1/6] r10_nearmiss_keyword_raw_market_return  (budget=49min)
[23:43:04]   Config: r10_nearmiss_keyword_raw_market_return
[23:43:04]     feature=keyword_raw  target=market_return  ensemble=M5_AND_M6  ic_min=0.01
[23:43:42]   HIT  DJ_SOUTH_AFRICA    sanctions        lag= 14 m5_p=0.0167  m6_ic=0.0383
[23:43:47]   HIT  DJ_SOUTH_AFRICA    gold             lag=  7 m5_p=0.0160  m6_ic=0.0380
[23:43:53]   HIT  MSCI_WORLD         sanctions        lag= 14 m5_p=0.0236  m6_ic=0.0584
[23:44:15]   HIT  BRENT              sanctions        lag=  7 m5_p=0.0344  m6_ic=0.1222
[23:44:26]   HIT  MSCI_INDIA         sanctions        lag= 14 m5_p=0.0381  m6_ic=0.0760
[23:44:58]   HIT  GOLD               sanctions        lag= 30 m5_p=0.0448  m6_ic=0.0603
[23:45:39]   HIT  MOEXOG             ruble            lag= 60 m5_p=0.0250  m6_ic=0.0620
[23:45:56]     Train: 7 signals
[23:45:56]     Val holdout (7 candidates)...
[23:45:57]     VAL PASS  BRENT              sanctions        lag=  7  m6_ic=0.0416
[23:45:57]     Val: 1/7 held
[23:45:57]   → train=7  val=1  max_ic=0.1222  score=81.5
[23:45:57] 
============================================================
[23:45:57] FINAL REPORT
[23:45:57] ============================================================
[23:45:59] Report: C:\project\signal_mind\analytics\phase_b\night_search\night_report_20260520_203734.md
[23:46:00] Hits CSV: C:\project\signal_mind\analytics\phase_b\night_search\night_hits_20260520_203734.csv
[23:46:00] 
[2/6] r10_nearmiss_keyword_raw_abs_return  (budget=58min)
[23:46:00]   Config: r10_nearmiss_keyword_raw_abs_return
[23:46:00]     feature=keyword_raw  target=abs_return  ensemble=M5_AND_M6  ic_min=0.01
[23:46:39]   HIT  DJ_SOUTH_AFRICA    sanctions        lag= 14 m5_p=0.0167  m6_ic=0.0383
[23:46:43]   HIT  DJ_SOUTH_AFRICA    gold             lag=  7 m5_p=0.0160  m6_ic=0.0380
[23:46:50]   HIT  MSCI_WORLD         sanctions        lag= 14 m5_p=0.0236  m6_ic=0.0584
[23:47:12]   HIT  BRENT              sanctions        lag=  7 m5_p=0.0344  m6_ic=0.1222
[23:47:23]   HIT  MSCI_INDIA         sanctions        lag= 14 m5_p=0.0381  m6_ic=0.0760
[23:47:55]   HIT  GOLD               sanctions        lag= 30 m5_p=0.0448  m6_ic=0.0603
[23:48:36]   HIT  MOEXOG             ruble            lag= 60 m5_p=0.0250  m6_ic=0.0620
[23:48:54]     Train: 7 signals
[23:48:54]     Val holdout (7 candidates)...
[23:48:54]     VAL PASS  BRENT              sanctions        lag=  7  m6_ic=0.0416
[23:48:55]     Val: 1/7 held
[23:48:55]   → train=7  val=1  max_ic=0.1222  score=81.5
[23:48:55] 
============================================================
[23:48:55] FINAL REPORT
[23:48:55] ============================================================
[23:48:57] Report: C:\project\signal_mind\analytics\phase_b\night_search\night_report_20260520_203734.md
[23:48:57] Hits CSV: C:\project\signal_mind\analytics\phase_b\night_search\night_hits_20260520_203734.csv
[23:48:57] 
[3/6] r10_nearmiss_keyword_raw_vol_5d  (budget=72min)
[23:48:57]   Config: r10_nearmiss_keyword_raw_vol_5d
[23:48:57]     feature=keyword_raw  target=vol_5d  ensemble=M5_AND_M6  ic_min=0.01
[23:49:36]   HIT  DJ_SOUTH_AFRICA    sanctions        lag= 14 m5_p=0.0167  m6_ic=0.0383
[23:49:40]   HIT  DJ_SOUTH_AFRICA    gold             lag=  7 m5_p=0.0160  m6_ic=0.0380
[23:49:47]   HIT  MSCI_WORLD         sanctions        lag= 14 m5_p=0.0236  m6_ic=0.0584
[23:50:09]   HIT  BRENT              sanctions        lag=  7 m5_p=0.0344  m6_ic=0.1222
[23:50:20]   HIT  MSCI_INDIA         sanctions        lag= 14 m5_p=0.0381  m6_ic=0.0760
[23:50:53]   HIT  GOLD               sanctions        lag= 30 m5_p=0.0448  m6_ic=0.0603
[23:51:33]   HIT  MOEXOG             ruble            lag= 60 m5_p=0.0250  m6_ic=0.0620
[23:51:51]     Train: 7 signals
[23:51:51]     Val holdout (7 candidates)...
[23:51:52]     VAL PASS  BRENT              sanctions        lag=  7  m6_ic=0.0416
[23:51:53]     Val: 1/7 held
[23:51:53]   → train=7  val=1  max_ic=0.1222  score=81.5
[23:51:53] 
============================================================
[23:51:53] FINAL REPORT
[23:51:53] ============================================================
[23:51:55] Report: C:\project\signal_mind\analytics\phase_b\night_search\night_report_20260520_203734.md
[23:51:55] Hits CSV: C:\project\signal_mind\analytics\phase_b\night_search\night_hits_20260520_203734.csv
[23:51:55] 
[4/6] r10_nearmiss_keyword_z90_market_return  (budget=95min)
[23:51:55]   Config: r10_nearmiss_keyword_z90_market_return
[23:51:55]     feature=keyword_z90  target=market_return  ensemble=M5_AND_M6  ic_min=0.01
[23:52:16]   HIT  USD_RUB            gold_z           lag=  7 m5_p=0.0117  m6_ic=0.0149
[23:52:27]   HIT  EUR_RUB            gold_z           lag=  7 m5_p=0.0117  m6_ic=0.0149
[23:52:45]   HIT  MSCI_WORLD         sanctions_z      lag= 14 m5_p=0.0137  m6_ic=0.0993
[23:53:52]   HIT  GOLD               inflation_z      lag=  7 m5_p=0.0163  m6_ic=0.1378
[23:54:09]   HIT  IMOEX              ruble_z          lag=  7 m5_p=0.0306  m6_ic=0.0333
[23:54:47]     Train: 5 signals
[23:54:47]     Val holdout (5 candidates)...
[23:54:48]     Val: 0/5 held
[23:54:48]   → train=5  val=0  max_ic=0.1378  score=58.0
[23:54:48] 
============================================================
[23:54:48] FINAL REPORT
[23:54:48] ============================================================
[23:54:50] Report: C:\project\signal_mind\analytics\phase_b\night_search\night_report_20260520_203734.md
[23:54:50] Hits CSV: C:\project\signal_mind\analytics\phase_b\night_search\night_hits_20260520_203734.csv
[23:54:50] 
[5/6] r10_nearmiss_keyword_z90_abs_return  (budget=141min)
[23:54:50]   Config: r10_nearmiss_keyword_z90_abs_return
[23:54:50]     feature=keyword_z90  target=abs_return  ensemble=M5_AND_M6  ic_min=0.01
[23:55:11]   HIT  USD_RUB            gold_z           lag=  7 m5_p=0.0117  m6_ic=0.0149
[23:55:22]   HIT  EUR_RUB            gold_z           lag=  7 m5_p=0.0117  m6_ic=0.0149
[23:55:40]   HIT  MSCI_WORLD         sanctions_z      lag= 14 m5_p=0.0137  m6_ic=0.0993
[23:56:46]   HIT  GOLD               inflation_z      lag=  7 m5_p=0.0163  m6_ic=0.1378
[23:57:03]   HIT  IMOEX              ruble_z          lag=  7 m5_p=0.0306  m6_ic=0.0333
[23:57:41]     Train: 5 signals
[23:57:41]     Val holdout (5 candidates)...
[23:57:42]     Val: 0/5 held
[23:57:42]   → train=5  val=0  max_ic=0.1378  score=58.0
[23:57:42] 
============================================================
[23:57:42] FINAL REPORT
[23:57:42] ============================================================
[23:57:44] Report: C:\project\signal_mind\analytics\phase_b\night_search\night_report_20260520_203734.md
[23:57:44] Hits CSV: C:\project\signal_mind\analytics\phase_b\night_search\night_hits_20260520_203734.csv
[23:57:44] 
[6/6] r10_nearmiss_keyword_z90_vol_5d  (budget=280min)
[23:57:44]   Config: r10_nearmiss_keyword_z90_vol_5d
[23:57:44]     feature=keyword_z90  target=vol_5d  ensemble=M5_AND_M6  ic_min=0.01
[23:58:06]   HIT  USD_RUB            gold_z           lag=  7 m5_p=0.0117  m6_ic=0.0149
[23:58:17]   HIT  EUR_RUB            gold_z           lag=  7 m5_p=0.0117  m6_ic=0.0149
[23:58:34]   HIT  MSCI_WORLD         sanctions_z      lag= 14 m5_p=0.0137  m6_ic=0.0993
[23:59:42]   HIT  GOLD               inflation_z      lag=  7 m5_p=0.0163  m6_ic=0.1378
[23:59:59]   HIT  IMOEX              ruble_z          lag=  7 m5_p=0.0306  m6_ic=0.0333
[00:00:37]     Train: 5 signals
[00:00:37]     Val holdout (5 candidates)...
[00:00:38]     Val: 0/5 held
[00:00:38]   → train=5  val=0  max_ic=0.1378  score=58.0
[00:00:38] 
============================================================
[00:00:38] FINAL REPORT
[00:00:38] ============================================================
[00:00:40] Report: C:\project\signal_mind\analytics\phase_b\night_search\night_report_20260520_203734.md
[00:00:40] Hits CSV: C:\project\signal_mind\analytics\phase_b\night_search\night_hits_20260520_203734.csv
[00:00:40] 
--- Round 10 done: 36 train signals  best=r10_nearmiss_keyword_raw_market_return  max_ic=0.1222
[00:00:40] 
============================================================
[00:00:40] ROUND 11  |  elapsed=3.38h  remaining=4.62h
[00:00:40] ============================================================
[00:00:40]   Adaptive round 11: top_insts=['GOLD', 'MOEXOG', 'MSCI_INDIA'], best_feat=keyword_z90, best_tgt=abs_return
[00:00:40] Configs for round 11: 6
[00:00:40] 
[1/6] r11_nearmiss_keyword_raw_market_return  (budget=46min)
[00:00:40]   Config: r11_nearmiss_keyword_raw_market_return
[00:00:40]     feature=keyword_raw  target=market_return  ensemble=M5_AND_M6  ic_min=0.01
[00:01:19]   HIT  DJ_SOUTH_AFRICA    sanctions        lag= 14 m5_p=0.0167  m6_ic=0.0383
[00:01:23]   HIT  DJ_SOUTH_AFRICA    gold             lag=  7 m5_p=0.0160  m6_ic=0.0380
[00:01:30]   HIT  MSCI_WORLD         sanctions        lag= 14 m5_p=0.0236  m6_ic=0.0584
[00:01:52]   HIT  BRENT              sanctions        lag=  7 m5_p=0.0344  m6_ic=0.1222
[00:02:03]   HIT  MSCI_INDIA         sanctions        lag= 14 m5_p=0.0381  m6_ic=0.0760
[00:02:35]   HIT  GOLD               sanctions        lag= 30 m5_p=0.0448  m6_ic=0.0603
[00:03:16]   HIT  MOEXOG             ruble            lag= 60 m5_p=0.0250  m6_ic=0.0620
[00:03:34]     Train: 7 signals
[00:03:34]     Val holdout (7 candidates)...
[00:03:35]     VAL PASS  BRENT              sanctions        lag=  7  m6_ic=0.0416
[00:03:35]     Val: 1/7 held
[00:03:35]   → train=7  val=1  max_ic=0.1222  score=81.5
[00:03:35] 
============================================================
[00:03:35] FINAL REPORT
[00:03:35] ============================================================
[00:03:37] Report: C:\project\signal_mind\analytics\phase_b\night_search\night_report_20260520_203734.md
[00:03:38] Hits CSV: C:\project\signal_mind\analytics\phase_b\night_search\night_hits_20260520_203734.csv
[00:03:38] 
[2/6] r11_nearmiss_keyword_raw_abs_return  (budget=55min)
[00:03:38]   Config: r11_nearmiss_keyword_raw_abs_return
[00:03:38]     feature=keyword_raw  target=abs_return  ensemble=M5_AND_M6  ic_min=0.01
[00:04:16]   HIT  DJ_SOUTH_AFRICA    sanctions        lag= 14 m5_p=0.0167  m6_ic=0.0383
[00:04:21]   HIT  DJ_SOUTH_AFRICA    gold             lag=  7 m5_p=0.0160  m6_ic=0.0380
[00:04:28]   HIT  MSCI_WORLD         sanctions        lag= 14 m5_p=0.0236  m6_ic=0.0584
[00:04:49]   HIT  BRENT              sanctions        lag=  7 m5_p=0.0344  m6_ic=0.1222
[00:05:01]   HIT  MSCI_INDIA         sanctions        lag= 14 m5_p=0.0381  m6_ic=0.0760
[00:05:33]   HIT  GOLD               sanctions        lag= 30 m5_p=0.0448  m6_ic=0.0603
[00:06:14]   HIT  MOEXOG             ruble            lag= 60 m5_p=0.0250  m6_ic=0.0620
[00:06:31]     Train: 7 signals
[00:06:31]     Val holdout (7 candidates)...
[00:06:32]     VAL PASS  BRENT              sanctions        lag=  7  m6_ic=0.0416
[00:06:32]     Val: 1/7 held
[00:06:32]   → train=7  val=1  max_ic=0.1222  score=81.5
[00:06:32] 
============================================================
[00:06:32] FINAL REPORT
[00:06:32] ============================================================
[00:06:34] Report: C:\project\signal_mind\analytics\phase_b\night_search\night_report_20260520_203734.md
[00:06:35] Hits CSV: C:\project\signal_mind\analytics\phase_b\night_search\night_hits_20260520_203734.csv
[00:06:35] 
[3/6] r11_nearmiss_keyword_raw_vol_5d  (budget=68min)
[00:06:35]   Config: r11_nearmiss_keyword_raw_vol_5d
[00:06:35]     feature=keyword_raw  target=vol_5d  ensemble=M5_AND_M6  ic_min=0.01
[00:07:13]   HIT  DJ_SOUTH_AFRICA    sanctions        lag= 14 m5_p=0.0167  m6_ic=0.0383
[00:07:18]   HIT  DJ_SOUTH_AFRICA    gold             lag=  7 m5_p=0.0160  m6_ic=0.0380
[00:07:24]   HIT  MSCI_WORLD         sanctions        lag= 14 m5_p=0.0236  m6_ic=0.0584
[00:07:46]   HIT  BRENT              sanctions        lag=  7 m5_p=0.0344  m6_ic=0.1222
[00:07:57]   HIT  MSCI_INDIA         sanctions        lag= 14 m5_p=0.0381  m6_ic=0.0760
[00:08:30]   HIT  GOLD               sanctions        lag= 30 m5_p=0.0448  m6_ic=0.0603
[00:09:10]   HIT  MOEXOG             ruble            lag= 60 m5_p=0.0250  m6_ic=0.0620
[00:09:28]     Train: 7 signals
[00:09:28]     Val holdout (7 candidates)...
[00:09:28]     VAL PASS  BRENT              sanctions        lag=  7  m6_ic=0.0416
[00:09:29]     Val: 1/7 held
[00:09:29]   → train=7  val=1  max_ic=0.1222  score=81.5
[00:09:29] 
============================================================
[00:09:29] FINAL REPORT
[00:09:29] ============================================================
[00:09:31] Report: C:\project\signal_mind\analytics\phase_b\night_search\night_report_20260520_203734.md
[00:09:31] Hits CSV: C:\project\signal_mind\analytics\phase_b\night_search\night_hits_20260520_203734.csv
[00:09:31] 
[4/6] r11_nearmiss_keyword_z90_market_return  (budget=89min)
[00:09:31]   Config: r11_nearmiss_keyword_z90_market_return
[00:09:31]     feature=keyword_z90  target=market_return  ensemble=M5_AND_M6  ic_min=0.01
[00:09:52]   HIT  USD_RUB            gold_z           lag=  7 m5_p=0.0117  m6_ic=0.0149
[00:10:03]   HIT  EUR_RUB            gold_z           lag=  7 m5_p=0.0117  m6_ic=0.0149
[00:10:21]   HIT  MSCI_WORLD         sanctions_z      lag= 14 m5_p=0.0137  m6_ic=0.0993
[00:11:27]   HIT  GOLD               inflation_z      lag=  7 m5_p=0.0163  m6_ic=0.1378
[00:11:43]   HIT  IMOEX              ruble_z          lag=  7 m5_p=0.0306  m6_ic=0.0333
[00:12:22]     Train: 5 signals
[00:12:22]     Val holdout (5 candidates)...
[00:12:23]     Val: 0/5 held
[00:12:23]   → train=5  val=0  max_ic=0.1378  score=58.0
[00:12:23] 
============================================================
[00:12:23] FINAL REPORT
[00:12:23] ============================================================
[00:12:25] Report: C:\project\signal_mind\analytics\phase_b\night_search\night_report_20260520_203734.md
[00:12:25] Hits CSV: C:\project\signal_mind\analytics\phase_b\night_search\night_hits_20260520_203734.csv
[00:12:25] 
[5/6] r11_nearmiss_keyword_z90_abs_return  (budget=133min)
[00:12:25]   Config: r11_nearmiss_keyword_z90_abs_return
[00:12:25]     feature=keyword_z90  target=abs_return  ensemble=M5_AND_M6  ic_min=0.01
[00:12:46]   HIT  USD_RUB            gold_z           lag=  7 m5_p=0.0117  m6_ic=0.0149
[00:12:57]   HIT  EUR_RUB            gold_z           lag=  7 m5_p=0.0117  m6_ic=0.0149
[00:13:15]   HIT  MSCI_WORLD         sanctions_z      lag= 14 m5_p=0.0137  m6_ic=0.0993
[00:14:21]   HIT  GOLD               inflation_z      lag=  7 m5_p=0.0163  m6_ic=0.1378
[00:14:38]   HIT  IMOEX              ruble_z          lag=  7 m5_p=0.0306  m6_ic=0.0333
[00:15:16]     Train: 5 signals
[00:15:16]     Val holdout (5 candidates)...
[00:15:17]     Val: 0/5 held
[00:15:17]   → train=5  val=0  max_ic=0.1378  score=58.0
[00:15:17] 
============================================================
[00:15:17] FINAL REPORT
[00:15:17] ============================================================
[00:15:19] Report: C:\project\signal_mind\analytics\phase_b\night_search\night_report_20260520_203734.md
[00:15:19] Hits CSV: C:\project\signal_mind\analytics\phase_b\night_search\night_hits_20260520_203734.csv
[00:15:19] 
[6/6] r11_nearmiss_keyword_z90_vol_5d  (budget=262min)
[00:15:19]   Config: r11_nearmiss_keyword_z90_vol_5d
[00:15:19]     feature=keyword_z90  target=vol_5d  ensemble=M5_AND_M6  ic_min=0.01
[00:15:40]   HIT  USD_RUB            gold_z           lag=  7 m5_p=0.0117  m6_ic=0.0149
[00:15:52]   HIT  EUR_RUB            gold_z           lag=  7 m5_p=0.0117  m6_ic=0.0149
[00:16:09]   HIT  MSCI_WORLD         sanctions_z      lag= 14 m5_p=0.0137  m6_ic=0.0993
[00:17:15]   HIT  GOLD               inflation_z      lag=  7 m5_p=0.0163  m6_ic=0.1378
[00:17:32]   HIT  IMOEX              ruble_z          lag=  7 m5_p=0.0306  m6_ic=0.0333
[00:18:10]     Train: 5 signals
[00:18:10]     Val holdout (5 candidates)...
[00:18:11]     Val: 0/5 held
[00:18:11]   → train=5  val=0  max_ic=0.1378  score=58.0
[00:18:11] 
============================================================
[00:18:11] FINAL REPORT
[00:18:11] ============================================================
[00:18:13] Report: C:\project\signal_mind\analytics\phase_b\night_search\night_report_20260520_203734.md
[00:18:13] Hits CSV: C:\project\signal_mind\analytics\phase_b\night_search\night_hits_20260520_203734.csv
[00:18:13] 
--- Round 11 done: 36 train signals  best=r11_nearmiss_keyword_raw_market_return  max_ic=0.1222
[00:18:13] 
============================================================
[00:18:13] ROUND 12  |  elapsed=3.68h  remaining=4.32h
[00:18:13] ============================================================
[00:18:13]   Adaptive round 12: top_insts=['GOLD', 'MOEXOG', 'MSCI_INDIA'], best_feat=keyword_z90, best_tgt=abs_return
[00:18:13] Configs for round 12: 6
[00:18:13] 
[1/6] r12_nearmiss_keyword_raw_market_return  (budget=43min)
[00:18:13]   Config: r12_nearmiss_keyword_raw_market_return
[00:18:13]     feature=keyword_raw  target=market_return  ensemble=M5_AND_M6  ic_min=0.01
[00:18:52]   HIT  DJ_SOUTH_AFRICA    sanctions        lag= 14 m5_p=0.0167  m6_ic=0.0383
[00:18:56]   HIT  DJ_SOUTH_AFRICA    gold             lag=  7 m5_p=0.0160  m6_ic=0.0380
[00:19:04]   HIT  MSCI_WORLD         sanctions        lag= 14 m5_p=0.0236  m6_ic=0.0584
[00:19:26]   HIT  BRENT              sanctions        lag=  7 m5_p=0.0344  m6_ic=0.1222
[00:19:37]   HIT  MSCI_INDIA         sanctions        lag= 14 m5_p=0.0381  m6_ic=0.0760
[00:20:09]   HIT  GOLD               sanctions        lag= 30 m5_p=0.0448  m6_ic=0.0603
[00:20:49]   HIT  MOEXOG             ruble            lag= 60 m5_p=0.0250  m6_ic=0.0620
[00:21:06]     Train: 7 signals
[00:21:06]     Val holdout (7 candidates)...
[00:21:07]     VAL PASS  BRENT              sanctions        lag=  7  m6_ic=0.0416
[00:21:07]     Val: 1/7 held
[00:21:07]   → train=7  val=1  max_ic=0.1222  score=81.5
[00:21:07] 
============================================================
[00:21:07] FINAL REPORT
[00:21:07] ============================================================
[00:21:09] Report: C:\project\signal_mind\analytics\phase_b\night_search\night_report_20260520_203734.md
[00:21:10] Hits CSV: C:\project\signal_mind\analytics\phase_b\night_search\night_hits_20260520_203734.csv
[00:21:10] 
[2/6] r12_nearmiss_keyword_raw_abs_return  (budget=51min)
[00:21:10]   Config: r12_nearmiss_keyword_raw_abs_return
[00:21:10]     feature=keyword_raw  target=abs_return  ensemble=M5_AND_M6  ic_min=0.01
[00:21:48]   HIT  DJ_SOUTH_AFRICA    sanctions        lag= 14 m5_p=0.0167  m6_ic=0.0383
[00:21:53]   HIT  DJ_SOUTH_AFRICA    gold             lag=  7 m5_p=0.0160  m6_ic=0.0380
[00:21:59]   HIT  MSCI_WORLD         sanctions        lag= 14 m5_p=0.0236  m6_ic=0.0584
[00:22:21]   HIT  BRENT              sanctions        lag=  7 m5_p=0.0344  m6_ic=0.1222
[00:22:32]   HIT  MSCI_INDIA         sanctions        lag= 14 m5_p=0.0381  m6_ic=0.0760
[00:23:04]   HIT  GOLD               sanctions        lag= 30 m5_p=0.0448  m6_ic=0.0603
[00:23:45]   HIT  MOEXOG             ruble            lag= 60 m5_p=0.0250  m6_ic=0.0620
[00:24:02]     Train: 7 signals
[00:24:02]     Val holdout (7 candidates)...
[00:24:02]     VAL PASS  BRENT              sanctions        lag=  7  m6_ic=0.0416
[00:24:03]     Val: 1/7 held
[00:24:03]   → train=7  val=1  max_ic=0.1222  score=81.5
[00:24:03] 
============================================================
[00:24:03] FINAL REPORT
[00:24:03] ============================================================
[00:24:05] Report: C:\project\signal_mind\analytics\phase_b\night_search\night_report_20260520_203734.md
[00:24:05] Hits CSV: C:\project\signal_mind\analytics\phase_b\night_search\night_hits_20260520_203734.csv
[00:24:05] 
[3/6] r12_nearmiss_keyword_raw_vol_5d  (budget=63min)
[00:24:05]   Config: r12_nearmiss_keyword_raw_vol_5d
[00:24:05]     feature=keyword_raw  target=vol_5d  ensemble=M5_AND_M6  ic_min=0.01
[00:24:43]   HIT  DJ_SOUTH_AFRICA    sanctions        lag= 14 m5_p=0.0167  m6_ic=0.0383
[00:24:48]   HIT  DJ_SOUTH_AFRICA    gold             lag=  7 m5_p=0.0160  m6_ic=0.0380
[00:24:54]   HIT  MSCI_WORLD         sanctions        lag= 14 m5_p=0.0236  m6_ic=0.0584
[00:25:16]   HIT  BRENT              sanctions        lag=  7 m5_p=0.0344  m6_ic=0.1222
[00:25:27]   HIT  MSCI_INDIA         sanctions        lag= 14 m5_p=0.0381  m6_ic=0.0760
[00:25:59]   HIT  GOLD               sanctions        lag= 30 m5_p=0.0448  m6_ic=0.0603
[00:26:39]   HIT  MOEXOG             ruble            lag= 60 m5_p=0.0250  m6_ic=0.0620
[00:26:57]     Train: 7 signals
[00:26:57]     Val holdout (7 candidates)...
[00:26:57]     VAL PASS  BRENT              sanctions        lag=  7  m6_ic=0.0416
[00:26:58]     Val: 1/7 held
[00:26:58]   → train=7  val=1  max_ic=0.1222  score=81.5
[00:26:58] 
============================================================
[00:26:58] FINAL REPORT
[00:26:58] ============================================================
[00:27:00] Report: C:\project\signal_mind\analytics\phase_b\night_search\night_report_20260520_203734.md
[00:27:00] Hits CSV: C:\project\signal_mind\analytics\phase_b\night_search\night_hits_20260520_203734.csv
[00:27:00] 
[4/6] r12_nearmiss_keyword_z90_market_return  (budget=84min)
[00:27:00]   Config: r12_nearmiss_keyword_z90_market_return
[00:27:00]     feature=keyword_z90  target=market_return  ensemble=M5_AND_M6  ic_min=0.01
[00:27:21]   HIT  USD_RUB            gold_z           lag=  7 m5_p=0.0117  m6_ic=0.0149
[00:27:32]   HIT  EUR_RUB            gold_z           lag=  7 m5_p=0.0117  m6_ic=0.0149
[00:27:49]   HIT  MSCI_WORLD         sanctions_z      lag= 14 m5_p=0.0137  m6_ic=0.0993
[00:28:56]   HIT  GOLD               inflation_z      lag=  7 m5_p=0.0163  m6_ic=0.1378
[00:29:12]   HIT  IMOEX              ruble_z          lag=  7 m5_p=0.0306  m6_ic=0.0333
[00:29:50]     Train: 5 signals
[00:29:50]     Val holdout (5 candidates)...
[00:29:51]     Val: 0/5 held
[00:29:51]   → train=5  val=0  max_ic=0.1378  score=58.0
[00:29:51] 
============================================================
[00:29:51] FINAL REPORT
[00:29:51] ============================================================
[00:29:53] Report: C:\project\signal_mind\analytics\phase_b\night_search\night_report_20260520_203734.md
[00:29:53] Hits CSV: C:\project\signal_mind\analytics\phase_b\night_search\night_hits_20260520_203734.csv
[00:29:53] 
[5/6] r12_nearmiss_keyword_z90_abs_return  (budget=124min)
[00:29:53]   Config: r12_nearmiss_keyword_z90_abs_return
[00:29:53]     feature=keyword_z90  target=abs_return  ensemble=M5_AND_M6  ic_min=0.01
[00:30:15]   HIT  USD_RUB            gold_z           lag=  7 m5_p=0.0117  m6_ic=0.0149
[00:30:26]   HIT  EUR_RUB            gold_z           lag=  7 m5_p=0.0117  m6_ic=0.0149
[00:30:43]   HIT  MSCI_WORLD         sanctions_z      lag= 14 m5_p=0.0137  m6_ic=0.0993
[00:31:50]   HIT  GOLD               inflation_z      lag=  7 m5_p=0.0163  m6_ic=0.1378
[00:32:06]   HIT  IMOEX              ruble_z          lag=  7 m5_p=0.0306  m6_ic=0.0333
[00:32:44]     Train: 5 signals
[00:32:44]     Val holdout (5 candidates)...
[00:32:45]     Val: 0/5 held
[00:32:45]   → train=5  val=0  max_ic=0.1378  score=58.0
[00:32:45] 
============================================================
[00:32:45] FINAL REPORT
[00:32:45] ============================================================
[00:32:47] Report: C:\project\signal_mind\analytics\phase_b\night_search\night_report_20260520_203734.md
[00:32:48] Hits CSV: C:\project\signal_mind\analytics\phase_b\night_search\night_hits_20260520_203734.csv
[00:32:48] 
[6/6] r12_nearmiss_keyword_z90_vol_5d  (budget=245min)
[00:32:48]   Config: r12_nearmiss_keyword_z90_vol_5d
[00:32:48]     feature=keyword_z90  target=vol_5d  ensemble=M5_AND_M6  ic_min=0.01
[00:33:09]   HIT  USD_RUB            gold_z           lag=  7 m5_p=0.0117  m6_ic=0.0149
[00:33:20]   HIT  EUR_RUB            gold_z           lag=  7 m5_p=0.0117  m6_ic=0.0149
[00:33:37]   HIT  MSCI_WORLD         sanctions_z      lag= 14 m5_p=0.0137  m6_ic=0.0993
[00:34:44]   HIT  GOLD               inflation_z      lag=  7 m5_p=0.0163  m6_ic=0.1378
[00:35:00]   HIT  IMOEX              ruble_z          lag=  7 m5_p=0.0306  m6_ic=0.0333
[00:35:39]     Train: 5 signals
[00:35:39]     Val holdout (5 candidates)...
[00:35:40]     Val: 0/5 held
[00:35:40]   → train=5  val=0  max_ic=0.1378  score=58.0
[00:35:40] 
============================================================
[00:35:40] FINAL REPORT
[00:35:40] ============================================================
[00:35:42] Report: C:\project\signal_mind\analytics\phase_b\night_search\night_report_20260520_203734.md
[00:35:42] Hits CSV: C:\project\signal_mind\analytics\phase_b\night_search\night_hits_20260520_203734.csv
[00:35:42] 
--- Round 12 done: 36 train signals  best=r12_nearmiss_keyword_raw_market_return  max_ic=0.1222
[00:35:42] 
============================================================
[00:35:42] ROUND 13  |  elapsed=3.97h  remaining=4.03h
[00:35:42] ============================================================
[00:35:42]   Adaptive round 13: top_insts=['GOLD', 'MOEXOG', 'MSCI_INDIA'], best_feat=keyword_z90, best_tgt=abs_return
[00:35:42] Configs for round 13: 6
[00:35:42] 
[1/6] r13_nearmiss_keyword_raw_market_return  (budget=40min)
[00:35:42]   Config: r13_nearmiss_keyword_raw_market_return
[00:35:42]     feature=keyword_raw  target=market_return  ensemble=M5_AND_M6  ic_min=0.01
[00:36:21]   HIT  DJ_SOUTH_AFRICA    sanctions        lag= 14 m5_p=0.0167  m6_ic=0.0383
[00:36:25]   HIT  DJ_SOUTH_AFRICA    gold             lag=  7 m5_p=0.0160  m6_ic=0.0380
[00:36:32]   HIT  MSCI_WORLD         sanctions        lag= 14 m5_p=0.0236  m6_ic=0.0584
[00:36:53]   HIT  BRENT              sanctions        lag=  7 m5_p=0.0344  m6_ic=0.1222
[00:37:05]   HIT  MSCI_INDIA         sanctions        lag= 14 m5_p=0.0381  m6_ic=0.0760
[00:37:37]   HIT  GOLD               sanctions        lag= 30 m5_p=0.0448  m6_ic=0.0603
[00:38:17]   HIT  MOEXOG             ruble            lag= 60 m5_p=0.0250  m6_ic=0.0620
[00:38:35]     Train: 7 signals
[00:38:35]     Val holdout (7 candidates)...
[00:38:35]     VAL PASS  BRENT              sanctions        lag=  7  m6_ic=0.0416
[00:38:36]     Val: 1/7 held
[00:38:36]   → train=7  val=1  max_ic=0.1222  score=81.5
[00:38:36] 
============================================================
[00:38:36] FINAL REPORT
[00:38:36] ============================================================
[00:38:38] Report: C:\project\signal_mind\analytics\phase_b\night_search\night_report_20260520_203734.md
[00:38:38] Hits CSV: C:\project\signal_mind\analytics\phase_b\night_search\night_hits_20260520_203734.csv
[00:38:38] 
[2/6] r13_nearmiss_keyword_raw_abs_return  (budget=48min)
[00:38:38]   Config: r13_nearmiss_keyword_raw_abs_return
[00:38:38]     feature=keyword_raw  target=abs_return  ensemble=M5_AND_M6  ic_min=0.01
[00:39:17]   HIT  DJ_SOUTH_AFRICA    sanctions        lag= 14 m5_p=0.0167  m6_ic=0.0383
[00:39:21]   HIT  DJ_SOUTH_AFRICA    gold             lag=  7 m5_p=0.0160  m6_ic=0.0380
[00:39:28]   HIT  MSCI_WORLD         sanctions        lag= 14 m5_p=0.0236  m6_ic=0.0584
[00:39:49]   HIT  BRENT              sanctions        lag=  7 m5_p=0.0344  m6_ic=0.1222
[00:40:01]   HIT  MSCI_INDIA         sanctions        lag= 14 m5_p=0.0381  m6_ic=0.0760
[00:40:33]   HIT  GOLD               sanctions        lag= 30 m5_p=0.0448  m6_ic=0.0603
[00:41:13]   HIT  MOEXOG             ruble            lag= 60 m5_p=0.0250  m6_ic=0.0620
[00:41:31]     Train: 7 signals
[00:41:31]     Val holdout (7 candidates)...
[00:41:31]     VAL PASS  BRENT              sanctions        lag=  7  m6_ic=0.0416
[00:41:32]     Val: 1/7 held
[00:41:32]   → train=7  val=1  max_ic=0.1222  score=81.5
[00:41:32] 
============================================================
[00:41:32] FINAL REPORT
[00:41:32] ============================================================
[00:41:34] Report: C:\project\signal_mind\analytics\phase_b\night_search\night_report_20260520_203734.md
[00:41:34] Hits CSV: C:\project\signal_mind\analytics\phase_b\night_search\night_hits_20260520_203734.csv
[00:41:34] 
[3/6] r13_nearmiss_keyword_raw_vol_5d  (budget=59min)
[00:41:34]   Config: r13_nearmiss_keyword_raw_vol_5d
[00:41:34]     feature=keyword_raw  target=vol_5d  ensemble=M5_AND_M6  ic_min=0.01
[00:42:13]   HIT  DJ_SOUTH_AFRICA    sanctions        lag= 14 m5_p=0.0167  m6_ic=0.0383
[00:42:18]   HIT  DJ_SOUTH_AFRICA    gold             lag=  7 m5_p=0.0160  m6_ic=0.0380
[00:42:24]   HIT  MSCI_WORLD         sanctions        lag= 14 m5_p=0.0236  m6_ic=0.0584
[00:42:47]   HIT  BRENT              sanctions        lag=  7 m5_p=0.0344  m6_ic=0.1222
[00:42:58]   HIT  MSCI_INDIA         sanctions        lag= 14 m5_p=0.0381  m6_ic=0.0760
[00:43:30]   HIT  GOLD               sanctions        lag= 30 m5_p=0.0448  m6_ic=0.0603
[00:44:10]   HIT  MOEXOG             ruble            lag= 60 m5_p=0.0250  m6_ic=0.0620
[00:44:28]     Train: 7 signals
[00:44:28]     Val holdout (7 candidates)...
[00:44:28]     VAL PASS  BRENT              sanctions        lag=  7  m6_ic=0.0416
[00:44:29]     Val: 1/7 held
[00:44:29]   → train=7  val=1  max_ic=0.1222  score=81.5
[00:44:29] 
============================================================
[00:44:29] FINAL REPORT
[00:44:29] ============================================================
[00:44:31] Report: C:\project\signal_mind\analytics\phase_b\night_search\night_report_20260520_203734.md
[00:44:31] Hits CSV: C:\project\signal_mind\analytics\phase_b\night_search\night_hits_20260520_203734.csv
[00:44:31] 
[4/6] r13_nearmiss_keyword_z90_market_return  (budget=78min)
[00:44:31]   Config: r13_nearmiss_keyword_z90_market_return
[00:44:31]     feature=keyword_z90  target=market_return  ensemble=M5_AND_M6  ic_min=0.01
[00:44:52]   HIT  USD_RUB            gold_z           lag=  7 m5_p=0.0117  m6_ic=0.0149
[00:45:04]   HIT  EUR_RUB            gold_z           lag=  7 m5_p=0.0117  m6_ic=0.0149
[00:45:21]   HIT  MSCI_WORLD         sanctions_z      lag= 14 m5_p=0.0137  m6_ic=0.0993
[00:46:27]   HIT  GOLD               inflation_z      lag=  7 m5_p=0.0163  m6_ic=0.1378
[00:46:44]   HIT  IMOEX              ruble_z          lag=  7 m5_p=0.0306  m6_ic=0.0333
[00:47:22]     Train: 5 signals
[00:47:22]     Val holdout (5 candidates)...
[00:47:23]     Val: 0/5 held
[00:47:23]   → train=5  val=0  max_ic=0.1378  score=58.0
[00:47:23] 
============================================================
[00:47:23] FINAL REPORT
[00:47:23] ============================================================
[00:47:25] Report: C:\project\signal_mind\analytics\phase_b\night_search\night_report_20260520_203734.md
[00:47:25] Hits CSV: C:\project\signal_mind\analytics\phase_b\night_search\night_hits_20260520_203734.csv
[00:47:25] 
[5/6] r13_nearmiss_keyword_z90_abs_return  (budget=115min)
[00:47:25]   Config: r13_nearmiss_keyword_z90_abs_return
[00:47:25]     feature=keyword_z90  target=abs_return  ensemble=M5_AND_M6  ic_min=0.01
[00:47:46]   HIT  USD_RUB            gold_z           lag=  7 m5_p=0.0117  m6_ic=0.0149
[00:47:57]   HIT  EUR_RUB            gold_z           lag=  7 m5_p=0.0117  m6_ic=0.0149
[00:48:14]   HIT  MSCI_WORLD         sanctions_z      lag= 14 m5_p=0.0137  m6_ic=0.0993
[00:49:21]   HIT  GOLD               inflation_z      lag=  7 m5_p=0.0163  m6_ic=0.1378
[00:49:38]   HIT  IMOEX              ruble_z          lag=  7 m5_p=0.0306  m6_ic=0.0333
[00:50:15]     Train: 5 signals
[00:50:15]     Val holdout (5 candidates)...
[00:50:16]     Val: 0/5 held
[00:50:16]   → train=5  val=0  max_ic=0.1378  score=58.0
[00:50:16] 
============================================================
[00:50:16] FINAL REPORT
[00:50:16] ============================================================
[00:50:18] Report: C:\project\signal_mind\analytics\phase_b\night_search\night_report_20260520_203734.md
[00:50:19] Hits CSV: C:\project\signal_mind\analytics\phase_b\night_search\night_hits_20260520_203734.csv
[00:50:19] 
[6/6] r13_nearmiss_keyword_z90_vol_5d  (budget=227min)
[00:50:19]   Config: r13_nearmiss_keyword_z90_vol_5d
[00:50:19]     feature=keyword_z90  target=vol_5d  ensemble=M5_AND_M6  ic_min=0.01
[00:50:40]   HIT  USD_RUB            gold_z           lag=  7 m5_p=0.0117  m6_ic=0.0149
[00:50:51]   HIT  EUR_RUB            gold_z           lag=  7 m5_p=0.0117  m6_ic=0.0149
[00:51:08]   HIT  MSCI_WORLD         sanctions_z      lag= 14 m5_p=0.0137  m6_ic=0.0993
[00:52:15]   HIT  GOLD               inflation_z      lag=  7 m5_p=0.0163  m6_ic=0.1378
[00:52:32]   HIT  IMOEX              ruble_z          lag=  7 m5_p=0.0306  m6_ic=0.0333
[00:53:11]     Train: 5 signals
[00:53:11]     Val holdout (5 candidates)...
[00:53:12]     Val: 0/5 held
[00:53:12]   → train=5  val=0  max_ic=0.1378  score=58.0
[00:53:12] 
============================================================
[00:53:12] FINAL REPORT
[00:53:12] ============================================================
[00:53:14] Report: C:\project\signal_mind\analytics\phase_b\night_search\night_report_20260520_203734.md
[00:53:14] Hits CSV: C:\project\signal_mind\analytics\phase_b\night_search\night_hits_20260520_203734.csv
[00:53:14] 
--- Round 13 done: 36 train signals  best=r13_nearmiss_keyword_raw_market_return  max_ic=0.1222
[00:53:14] 
============================================================
[00:53:14] ROUND 14  |  elapsed=4.26h  remaining=3.74h
[00:53:14] ============================================================
[00:53:14]   Adaptive round 14: top_insts=['GOLD', 'MOEXOG', 'MSCI_INDIA'], best_feat=keyword_z90, best_tgt=abs_return
[00:53:14] Configs for round 14: 6
[00:53:14] 
[1/6] r14_nearmiss_keyword_raw_market_return  (budget=37min)
[00:53:14]   Config: r14_nearmiss_keyword_raw_market_return
[00:53:14]     feature=keyword_raw  target=market_return  ensemble=M5_AND_M6  ic_min=0.01
[00:53:52]   HIT  DJ_SOUTH_AFRICA    sanctions        lag= 14 m5_p=0.0167  m6_ic=0.0383
[00:53:57]   HIT  DJ_SOUTH_AFRICA    gold             lag=  7 m5_p=0.0160  m6_ic=0.0380
[00:54:04]   HIT  MSCI_WORLD         sanctions        lag= 14 m5_p=0.0236  m6_ic=0.0584
[00:54:25]   HIT  BRENT              sanctions        lag=  7 m5_p=0.0344  m6_ic=0.1222
[00:54:36]   HIT  MSCI_INDIA         sanctions        lag= 14 m5_p=0.0381  m6_ic=0.0760
[00:55:09]   HIT  GOLD               sanctions        lag= 30 m5_p=0.0448  m6_ic=0.0603
[00:55:50]   HIT  MOEXOG             ruble            lag= 60 m5_p=0.0250  m6_ic=0.0620
[00:56:07]     Train: 7 signals
[00:56:07]     Val holdout (7 candidates)...
[00:56:07]     VAL PASS  BRENT              sanctions        lag=  7  m6_ic=0.0416
[00:56:08]     Val: 1/7 held
[00:56:08]   → train=7  val=1  max_ic=0.1222  score=81.5
[00:56:08] 
============================================================
[00:56:08] FINAL REPORT
[00:56:08] ============================================================
[00:56:10] Report: C:\project\signal_mind\analytics\phase_b\night_search\night_report_20260520_203734.md
[00:56:10] Hits CSV: C:\project\signal_mind\analytics\phase_b\night_search\night_hits_20260520_203734.csv
[00:56:10] 
[2/6] r14_nearmiss_keyword_raw_abs_return  (budget=44min)
[00:56:10]   Config: r14_nearmiss_keyword_raw_abs_return
[00:56:10]     feature=keyword_raw  target=abs_return  ensemble=M5_AND_M6  ic_min=0.01
[00:56:49]   HIT  DJ_SOUTH_AFRICA    sanctions        lag= 14 m5_p=0.0167  m6_ic=0.0383
[00:56:54]   HIT  DJ_SOUTH_AFRICA    gold             lag=  7 m5_p=0.0160  m6_ic=0.0380
[00:57:00]   HIT  MSCI_WORLD         sanctions        lag= 14 m5_p=0.0236  m6_ic=0.0584
[00:57:22]   HIT  BRENT              sanctions        lag=  7 m5_p=0.0344  m6_ic=0.1222
[00:57:33]   HIT  MSCI_INDIA         sanctions        lag= 14 m5_p=0.0381  m6_ic=0.0760
[00:58:05]   HIT  GOLD               sanctions        lag= 30 m5_p=0.0448  m6_ic=0.0603
[00:58:46]   HIT  MOEXOG             ruble            lag= 60 m5_p=0.0250  m6_ic=0.0620
[00:59:03]     Train: 7 signals
[00:59:03]     Val holdout (7 candidates)...
[00:59:04]     VAL PASS  BRENT              sanctions        lag=  7  m6_ic=0.0416
[00:59:04]     Val: 1/7 held
[00:59:04]   → train=7  val=1  max_ic=0.1222  score=81.5
[00:59:04] 
============================================================
[00:59:04] FINAL REPORT
[00:59:04] ============================================================
[00:59:06] Report: C:\project\signal_mind\analytics\phase_b\night_search\night_report_20260520_203734.md
[00:59:07] Hits CSV: C:\project\signal_mind\analytics\phase_b\night_search\night_hits_20260520_203734.csv
[00:59:07] 
[3/6] r14_nearmiss_keyword_raw_vol_5d  (budget=55min)
[00:59:07]   Config: r14_nearmiss_keyword_raw_vol_5d
[00:59:07]     feature=keyword_raw  target=vol_5d  ensemble=M5_AND_M6  ic_min=0.01
[00:59:45]   HIT  DJ_SOUTH_AFRICA    sanctions        lag= 14 m5_p=0.0167  m6_ic=0.0383
[00:59:50]   HIT  DJ_SOUTH_AFRICA    gold             lag=  7 m5_p=0.0160  m6_ic=0.0380
[00:59:56]   HIT  MSCI_WORLD         sanctions        lag= 14 m5_p=0.0236  m6_ic=0.0584
[01:00:18]   HIT  BRENT              sanctions        lag=  7 m5_p=0.0344  m6_ic=0.1222
[01:00:29]   HIT  MSCI_INDIA         sanctions        lag= 14 m5_p=0.0381  m6_ic=0.0760
[01:01:02]   HIT  GOLD               sanctions        lag= 30 m5_p=0.0448  m6_ic=0.0603
[01:01:42]   HIT  MOEXOG             ruble            lag= 60 m5_p=0.0250  m6_ic=0.0620
[01:02:00]     Train: 7 signals
[01:02:00]     Val holdout (7 candidates)...
[01:02:00]     VAL PASS  BRENT              sanctions        lag=  7  m6_ic=0.0416
[01:02:01]     Val: 1/7 held
[01:02:01]   → train=7  val=1  max_ic=0.1222  score=81.5
[01:02:01] 
============================================================
[01:02:01] FINAL REPORT
[01:02:01] ============================================================
[01:02:04] Report: C:\project\signal_mind\analytics\phase_b\night_search\night_report_20260520_203734.md
[01:02:04] Hits CSV: C:\project\signal_mind\analytics\phase_b\night_search\night_hits_20260520_203734.csv
[01:02:04] 
[4/6] r14_nearmiss_keyword_z90_market_return  (budget=72min)
[01:02:04]   Config: r14_nearmiss_keyword_z90_market_return
[01:02:04]     feature=keyword_z90  target=market_return  ensemble=M5_AND_M6  ic_min=0.01
[01:02:25]   HIT  USD_RUB            gold_z           lag=  7 m5_p=0.0117  m6_ic=0.0149
[01:02:36]   HIT  EUR_RUB            gold_z           lag=  7 m5_p=0.0117  m6_ic=0.0149
[01:02:53]   HIT  MSCI_WORLD         sanctions_z      lag= 14 m5_p=0.0137  m6_ic=0.0993
[01:04:01]   HIT  GOLD               inflation_z      lag=  7 m5_p=0.0163  m6_ic=0.1378
[01:04:18]   HIT  IMOEX              ruble_z          lag=  7 m5_p=0.0306  m6_ic=0.0333
[01:04:56]     Train: 5 signals
[01:04:56]     Val holdout (5 candidates)...
[01:04:57]     Val: 0/5 held
[01:04:57]   → train=5  val=0  max_ic=0.1378  score=58.0
[01:04:57] 
============================================================
[01:04:57] FINAL REPORT
[01:04:57] ============================================================
[01:04:59] Report: C:\project\signal_mind\analytics\phase_b\night_search\night_report_20260520_203734.md
[01:04:59] Hits CSV: C:\project\signal_mind\analytics\phase_b\night_search\night_hits_20260520_203734.csv
[01:04:59] 
[5/6] r14_nearmiss_keyword_z90_abs_return  (budget=106min)
[01:04:59]   Config: r14_nearmiss_keyword_z90_abs_return
[01:04:59]     feature=keyword_z90  target=abs_return  ensemble=M5_AND_M6  ic_min=0.01
[01:05:20]   HIT  USD_RUB            gold_z           lag=  7 m5_p=0.0117  m6_ic=0.0149
[01:05:31]   HIT  EUR_RUB            gold_z           lag=  7 m5_p=0.0117  m6_ic=0.0149
[01:05:49]   HIT  MSCI_WORLD         sanctions_z      lag= 14 m5_p=0.0137  m6_ic=0.0993
[01:06:54]   HIT  GOLD               inflation_z      lag=  7 m5_p=0.0163  m6_ic=0.1378
[01:07:11]   HIT  IMOEX              ruble_z          lag=  7 m5_p=0.0306  m6_ic=0.0333
[01:07:49]     Train: 5 signals
[01:07:49]     Val holdout (5 candidates)...
[01:07:50]     Val: 0/5 held
[01:07:50]   → train=5  val=0  max_ic=0.1378  score=58.0
[01:07:50] 
============================================================
[01:07:50] FINAL REPORT
[01:07:50] ============================================================
[01:07:52] Report: C:\project\signal_mind\analytics\phase_b\night_search\night_report_20260520_203734.md
[01:07:52] Hits CSV: C:\project\signal_mind\analytics\phase_b\night_search\night_hits_20260520_203734.csv
[01:07:52] 
[6/6] r14_nearmiss_keyword_z90_vol_5d  (budget=210min)
[01:07:52]   Config: r14_nearmiss_keyword_z90_vol_5d
[01:07:52]     feature=keyword_z90  target=vol_5d  ensemble=M5_AND_M6  ic_min=0.01
[01:08:13]   HIT  USD_RUB            gold_z           lag=  7 m5_p=0.0117  m6_ic=0.0149
[01:08:24]   HIT  EUR_RUB            gold_z           lag=  7 m5_p=0.0117  m6_ic=0.0149
[01:08:42]   HIT  MSCI_WORLD         sanctions_z      lag= 14 m5_p=0.0137  m6_ic=0.0993
[01:09:48]   HIT  GOLD               inflation_z      lag=  7 m5_p=0.0163  m6_ic=0.1378
[01:10:05]   HIT  IMOEX              ruble_z          lag=  7 m5_p=0.0306  m6_ic=0.0333
[01:10:43]     Train: 5 signals
[01:10:43]     Val holdout (5 candidates)...
[01:10:44]     Val: 0/5 held
[01:10:44]   → train=5  val=0  max_ic=0.1378  score=58.0
[01:10:44] 
============================================================
[01:10:44] FINAL REPORT
[01:10:44] ============================================================
[01:10:46] Report: C:\project\signal_mind\analytics\phase_b\night_search\night_report_20260520_203734.md
[01:10:46] Hits CSV: C:\project\signal_mind\analytics\phase_b\night_search\night_hits_20260520_203734.csv
[01:10:46] 
--- Round 14 done: 36 train signals  best=r14_nearmiss_keyword_raw_market_return  max_ic=0.1222
[01:10:46] 
============================================================
[01:10:46] ROUND 15  |  elapsed=4.55h  remaining=3.45h
[01:10:46] ============================================================
[01:10:46]   Adaptive round 15: top_insts=['GOLD', 'MOEXOG', 'MSCI_INDIA'], best_feat=keyword_z90, best_tgt=abs_return
[01:10:46] Configs for round 15: 6
[01:10:46] 
[1/6] r15_nearmiss_keyword_raw_market_return  (budget=34min)
[01:10:46]   Config: r15_nearmiss_keyword_raw_market_return
[01:10:46]     feature=keyword_raw  target=market_return  ensemble=M5_AND_M6  ic_min=0.01
[01:11:24]   HIT  DJ_SOUTH_AFRICA    sanctions        lag= 14 m5_p=0.0167  m6_ic=0.0383
[01:11:29]   HIT  DJ_SOUTH_AFRICA    gold             lag=  7 m5_p=0.0160  m6_ic=0.0380
[01:11:36]   HIT  MSCI_WORLD         sanctions        lag= 14 m5_p=0.0236  m6_ic=0.0584
[01:11:58]   HIT  BRENT              sanctions        lag=  7 m5_p=0.0344  m6_ic=0.1222
[01:12:09]   HIT  MSCI_INDIA         sanctions        lag= 14 m5_p=0.0381  m6_ic=0.0760
[01:12:41]   HIT  GOLD               sanctions        lag= 30 m5_p=0.0448  m6_ic=0.0603
[01:13:21]   HIT  MOEXOG             ruble            lag= 60 m5_p=0.0250  m6_ic=0.0620
[01:13:39]     Train: 7 signals
[01:13:39]     Val holdout (7 candidates)...
[01:13:39]     VAL PASS  BRENT              sanctions        lag=  7  m6_ic=0.0416
[01:13:40]     Val: 1/7 held
[01:13:40]   → train=7  val=1  max_ic=0.1222  score=81.5
[01:13:40] 
============================================================
[01:13:40] FINAL REPORT
[01:13:40] ============================================================
[01:13:42] Report: C:\project\signal_mind\analytics\phase_b\night_search\night_report_20260520_203734.md
[01:13:42] Hits CSV: C:\project\signal_mind\analytics\phase_b\night_search\night_hits_20260520_203734.csv
[01:13:42] 
[2/6] r15_nearmiss_keyword_raw_abs_return  (budget=41min)
[01:13:42]   Config: r15_nearmiss_keyword_raw_abs_return
[01:13:42]     feature=keyword_raw  target=abs_return  ensemble=M5_AND_M6  ic_min=0.01
[01:14:21]   HIT  DJ_SOUTH_AFRICA    sanctions        lag= 14 m5_p=0.0167  m6_ic=0.0383
[01:14:25]   HIT  DJ_SOUTH_AFRICA    gold             lag=  7 m5_p=0.0160  m6_ic=0.0380
[01:14:32]   HIT  MSCI_WORLD         sanctions        lag= 14 m5_p=0.0236  m6_ic=0.0584
[01:14:54]   HIT  BRENT              sanctions        lag=  7 m5_p=0.0344  m6_ic=0.1222
[01:15:05]   HIT  MSCI_INDIA         sanctions        lag= 14 m5_p=0.0381  m6_ic=0.0760
[01:15:37]   HIT  GOLD               sanctions        lag= 30 m5_p=0.0448  m6_ic=0.0603
[01:16:18]   HIT  MOEXOG             ruble            lag= 60 m5_p=0.0250  m6_ic=0.0620
[01:16:35]     Train: 7 signals
[01:16:35]     Val holdout (7 candidates)...
[01:16:36]     VAL PASS  BRENT              sanctions        lag=  7  m6_ic=0.0416
[01:16:36]     Val: 1/7 held
[01:16:36]   → train=7  val=1  max_ic=0.1222  score=81.5
[01:16:36] 
============================================================
[01:16:36] FINAL REPORT
[01:16:36] ============================================================
[01:16:39] Report: C:\project\signal_mind\analytics\phase_b\night_search\night_report_20260520_203734.md
[01:16:39] Hits CSV: C:\project\signal_mind\analytics\phase_b\night_search\night_hits_20260520_203734.csv
[01:16:39] 
[3/6] r15_nearmiss_keyword_raw_vol_5d  (budget=50min)
[01:16:39]   Config: r15_nearmiss_keyword_raw_vol_5d
[01:16:39]     feature=keyword_raw  target=vol_5d  ensemble=M5_AND_M6  ic_min=0.01
[01:17:17]   HIT  DJ_SOUTH_AFRICA    sanctions        lag= 14 m5_p=0.0167  m6_ic=0.0383
[01:17:22]   HIT  DJ_SOUTH_AFRICA    gold             lag=  7 m5_p=0.0160  m6_ic=0.0380
[01:17:28]   HIT  MSCI_WORLD         sanctions        lag= 14 m5_p=0.0236  m6_ic=0.0584
[01:17:50]   HIT  BRENT              sanctions        lag=  7 m5_p=0.0344  m6_ic=0.1222
[01:18:01]   HIT  MSCI_INDIA         sanctions        lag= 14 m5_p=0.0381  m6_ic=0.0760
[01:18:33]   HIT  GOLD               sanctions        lag= 30 m5_p=0.0448  m6_ic=0.0603
[01:19:14]   HIT  MOEXOG             ruble            lag= 60 m5_p=0.0250  m6_ic=0.0620
[01:19:31]     Train: 7 signals
[01:19:31]     Val holdout (7 candidates)...
[01:19:32]     VAL PASS  BRENT              sanctions        lag=  7  m6_ic=0.0416
[01:19:33]     Val: 1/7 held
[01:19:33]   → train=7  val=1  max_ic=0.1222  score=81.5
[01:19:33] 
============================================================
[01:19:33] FINAL REPORT
[01:19:33] ============================================================
[01:19:35] Report: C:\project\signal_mind\analytics\phase_b\night_search\night_report_20260520_203734.md
[01:19:35] Hits CSV: C:\project\signal_mind\analytics\phase_b\night_search\night_hits_20260520_203734.csv
[01:19:35] 
[4/6] r15_nearmiss_keyword_z90_market_return  (budget=66min)
[01:19:35]   Config: r15_nearmiss_keyword_z90_market_return
[01:19:35]     feature=keyword_z90  target=market_return  ensemble=M5_AND_M6  ic_min=0.01
[01:19:56]   HIT  USD_RUB            gold_z           lag=  7 m5_p=0.0117  m6_ic=0.0149
[01:20:07]   HIT  EUR_RUB            gold_z           lag=  7 m5_p=0.0117  m6_ic=0.0149
[01:20:25]   HIT  MSCI_WORLD         sanctions_z      lag= 14 m5_p=0.0137  m6_ic=0.0993
[01:21:31]   HIT  GOLD               inflation_z      lag=  7 m5_p=0.0163  m6_ic=0.1378
[01:21:48]   HIT  IMOEX              ruble_z          lag=  7 m5_p=0.0306  m6_ic=0.0333
[01:22:25]     Train: 5 signals
[01:22:25]     Val holdout (5 candidates)...
[01:22:26]     Val: 0/5 held
[01:22:26]   → train=5  val=0  max_ic=0.1378  score=58.0
[01:22:26] 
============================================================
[01:22:26] FINAL REPORT
[01:22:26] ============================================================
[01:22:28] Report: C:\project\signal_mind\analytics\phase_b\night_search\night_report_20260520_203734.md
[01:22:29] Hits CSV: C:\project\signal_mind\analytics\phase_b\night_search\night_hits_20260520_203734.csv
[01:22:29] 
[5/6] r15_nearmiss_keyword_z90_abs_return  (budget=98min)
[01:22:29]   Config: r15_nearmiss_keyword_z90_abs_return
[01:22:29]     feature=keyword_z90  target=abs_return  ensemble=M5_AND_M6  ic_min=0.01
[01:22:50]   HIT  USD_RUB            gold_z           lag=  7 m5_p=0.0117  m6_ic=0.0149
[01:23:01]   HIT  EUR_RUB            gold_z           lag=  7 m5_p=0.0117  m6_ic=0.0149
[01:23:18]   HIT  MSCI_WORLD         sanctions_z      lag= 14 m5_p=0.0137  m6_ic=0.0993
[01:24:24]   HIT  GOLD               inflation_z      lag=  7 m5_p=0.0163  m6_ic=0.1378
[01:24:41]   HIT  IMOEX              ruble_z          lag=  7 m5_p=0.0306  m6_ic=0.0333
[01:25:19]     Train: 5 signals
[01:25:19]     Val holdout (5 candidates)...
[01:25:20]     Val: 0/5 held
[01:25:20]   → train=5  val=0  max_ic=0.1378  score=58.0
[01:25:20] 
============================================================
[01:25:20] FINAL REPORT
[01:25:20] ============================================================
[01:25:22] Report: C:\project\signal_mind\analytics\phase_b\night_search\night_report_20260520_203734.md
[01:25:22] Hits CSV: C:\project\signal_mind\analytics\phase_b\night_search\night_hits_20260520_203734.csv
[01:25:22] 
[6/6] r15_nearmiss_keyword_z90_vol_5d  (budget=192min)
[01:25:22]   Config: r15_nearmiss_keyword_z90_vol_5d
[01:25:22]     feature=keyword_z90  target=vol_5d  ensemble=M5_AND_M6  ic_min=0.01
[01:25:44]   HIT  USD_RUB            gold_z           lag=  7 m5_p=0.0117  m6_ic=0.0149
[01:25:55]   HIT  EUR_RUB            gold_z           lag=  7 m5_p=0.0117  m6_ic=0.0149
[01:26:12]   HIT  MSCI_WORLD         sanctions_z      lag= 14 m5_p=0.0137  m6_ic=0.0993
[01:27:17]   HIT  GOLD               inflation_z      lag=  7 m5_p=0.0163  m6_ic=0.1378
[01:27:34]   HIT  IMOEX              ruble_z          lag=  7 m5_p=0.0306  m6_ic=0.0333
[01:28:12]     Train: 5 signals
[01:28:12]     Val holdout (5 candidates)...
[01:28:13]     Val: 0/5 held
[01:28:13]   → train=5  val=0  max_ic=0.1378  score=58.0
[01:28:13] 
============================================================
[01:28:13] FINAL REPORT
[01:28:13] ============================================================
[01:28:15] Report: C:\project\signal_mind\analytics\phase_b\night_search\night_report_20260520_203734.md
[01:28:15] Hits CSV: C:\project\signal_mind\analytics\phase_b\night_search\night_hits_20260520_203734.csv
[01:28:15] 
--- Round 15 done: 36 train signals  best=r15_nearmiss_keyword_raw_market_return  max_ic=0.1222
[01:28:15] 
============================================================
[01:28:15] ROUND 16  |  elapsed=4.84h  remaining=3.16h
[01:28:15] ============================================================
[01:28:15]   Adaptive round 16: top_insts=['GOLD', 'MOEXOG', 'MSCI_INDIA'], best_feat=keyword_z90, best_tgt=abs_return
[01:28:16] Configs for round 16: 6
[01:28:16] 
[1/6] r16_nearmiss_keyword_raw_market_return  (budget=32min)
[01:28:16]   Config: r16_nearmiss_keyword_raw_market_return
[01:28:16]     feature=keyword_raw  target=market_return  ensemble=M5_AND_M6  ic_min=0.01
[01:28:54]   HIT  DJ_SOUTH_AFRICA    sanctions        lag= 14 m5_p=0.0167  m6_ic=0.0383
[01:28:59]   HIT  DJ_SOUTH_AFRICA    gold             lag=  7 m5_p=0.0160  m6_ic=0.0380
[01:29:05]   HIT  MSCI_WORLD         sanctions        lag= 14 m5_p=0.0236  m6_ic=0.0584
[01:29:27]   HIT  BRENT              sanctions        lag=  7 m5_p=0.0344  m6_ic=0.1222
[01:29:38]   HIT  MSCI_INDIA         sanctions        lag= 14 m5_p=0.0381  m6_ic=0.0760
[01:30:10]   HIT  GOLD               sanctions        lag= 30 m5_p=0.0448  m6_ic=0.0603
[01:30:51]   HIT  MOEXOG             ruble            lag= 60 m5_p=0.0250  m6_ic=0.0620
[01:31:09]     Train: 7 signals
[01:31:09]     Val holdout (7 candidates)...
[01:31:09]     VAL PASS  BRENT              sanctions        lag=  7  m6_ic=0.0416
[01:31:10]     Val: 1/7 held
[01:31:10]   → train=7  val=1  max_ic=0.1222  score=81.5
[01:31:10] 
============================================================
[01:31:10] FINAL REPORT
[01:31:10] ============================================================
[01:31:12] Report: C:\project\signal_mind\analytics\phase_b\night_search\night_report_20260520_203734.md
[01:31:12] Hits CSV: C:\project\signal_mind\analytics\phase_b\night_search\night_hits_20260520_203734.csv
[01:31:12] 
[2/6] r16_nearmiss_keyword_raw_abs_return  (budget=37min)
[01:31:12]   Config: r16_nearmiss_keyword_raw_abs_return
[01:31:12]     feature=keyword_raw  target=abs_return  ensemble=M5_AND_M6  ic_min=0.01
[01:31:51]   HIT  DJ_SOUTH_AFRICA    sanctions        lag= 14 m5_p=0.0167  m6_ic=0.0383
[01:31:55]   HIT  DJ_SOUTH_AFRICA    gold             lag=  7 m5_p=0.0160  m6_ic=0.0380
[01:32:02]   HIT  MSCI_WORLD         sanctions        lag= 14 m5_p=0.0236  m6_ic=0.0584
[01:32:24]   HIT  BRENT              sanctions        lag=  7 m5_p=0.0344  m6_ic=0.1222
[01:32:35]   HIT  MSCI_INDIA         sanctions        lag= 14 m5_p=0.0381  m6_ic=0.0760
[01:33:07]   HIT  GOLD               sanctions        lag= 30 m5_p=0.0448  m6_ic=0.0603
[01:33:47]   HIT  MOEXOG             ruble            lag= 60 m5_p=0.0250  m6_ic=0.0620
[01:34:04]     Train: 7 signals
[01:34:04]     Val holdout (7 candidates)...
[01:34:05]     VAL PASS  BRENT              sanctions        lag=  7  m6_ic=0.0416
[01:34:06]     Val: 1/7 held
[01:34:06]   → train=7  val=1  max_ic=0.1222  score=81.5
[01:34:06] 
============================================================
[01:34:06] FINAL REPORT
[01:34:06] ============================================================
[01:34:08] Report: C:\project\signal_mind\analytics\phase_b\night_search\night_report_20260520_203734.md
[01:34:08] Hits CSV: C:\project\signal_mind\analytics\phase_b\night_search\night_hits_20260520_203734.csv
[01:34:08] 
[3/6] r16_nearmiss_keyword_raw_vol_5d  (budget=46min)
[01:34:08]   Config: r16_nearmiss_keyword_raw_vol_5d
[01:34:08]     feature=keyword_raw  target=vol_5d  ensemble=M5_AND_M6  ic_min=0.01
[01:34:46]   HIT  DJ_SOUTH_AFRICA    sanctions        lag= 14 m5_p=0.0167  m6_ic=0.0383
[01:34:51]   HIT  DJ_SOUTH_AFRICA    gold             lag=  7 m5_p=0.0160  m6_ic=0.0380
[01:34:57]   HIT  MSCI_WORLD         sanctions        lag= 14 m5_p=0.0236  m6_ic=0.0584
[01:35:19]   HIT  BRENT              sanctions        lag=  7 m5_p=0.0344  m6_ic=0.1222
[01:35:30]   HIT  MSCI_INDIA         sanctions        lag= 14 m5_p=0.0381  m6_ic=0.0760
[01:36:02]   HIT  GOLD               sanctions        lag= 30 m5_p=0.0448  m6_ic=0.0603
[01:36:42]   HIT  MOEXOG             ruble            lag= 60 m5_p=0.0250  m6_ic=0.0620
[01:36:59]     Train: 7 signals
[01:36:59]     Val holdout (7 candidates)...
[01:37:00]     VAL PASS  BRENT              sanctions        lag=  7  m6_ic=0.0416
[01:37:01]     Val: 1/7 held
[01:37:01]   → train=7  val=1  max_ic=0.1222  score=81.5
[01:37:01] 
============================================================
[01:37:01] FINAL REPORT
[01:37:01] ============================================================
[01:37:03] Report: C:\project\signal_mind\analytics\phase_b\night_search\night_report_20260520_203734.md
[01:37:03] Hits CSV: C:\project\signal_mind\analytics\phase_b\night_search\night_hits_20260520_203734.csv
[01:37:03] 
[4/6] r16_nearmiss_keyword_z90_market_return  (budget=60min)
[01:37:03]   Config: r16_nearmiss_keyword_z90_market_return
[01:37:03]     feature=keyword_z90  target=market_return  ensemble=M5_AND_M6  ic_min=0.01
[01:37:24]   HIT  USD_RUB            gold_z           lag=  7 m5_p=0.0117  m6_ic=0.0149
[01:37:35]   HIT  EUR_RUB            gold_z           lag=  7 m5_p=0.0117  m6_ic=0.0149
[01:37:53]   HIT  MSCI_WORLD         sanctions_z      lag= 14 m5_p=0.0137  m6_ic=0.0993
[01:38:59]   HIT  GOLD               inflation_z      lag=  7 m5_p=0.0163  m6_ic=0.1378
[01:39:15]   HIT  IMOEX              ruble_z          lag=  7 m5_p=0.0306  m6_ic=0.0333
[01:39:53]     Train: 5 signals
[01:39:53]     Val holdout (5 candidates)...
[01:39:54]     Val: 0/5 held
[01:39:54]   → train=5  val=0  max_ic=0.1378  score=58.0
[01:39:54] 
============================================================
[01:39:54] FINAL REPORT
[01:39:54] ============================================================
[01:39:56] Report: C:\project\signal_mind\analytics\phase_b\night_search\night_report_20260520_203734.md
[01:39:56] Hits CSV: C:\project\signal_mind\analytics\phase_b\night_search\night_hits_20260520_203734.csv
[01:39:56] 
[5/6] r16_nearmiss_keyword_z90_abs_return  (budget=89min)
[01:39:56]   Config: r16_nearmiss_keyword_z90_abs_return
[01:39:56]     feature=keyword_z90  target=abs_return  ensemble=M5_AND_M6  ic_min=0.01
[01:40:17]   HIT  USD_RUB            gold_z           lag=  7 m5_p=0.0117  m6_ic=0.0149
[01:40:28]   HIT  EUR_RUB            gold_z           lag=  7 m5_p=0.0117  m6_ic=0.0149
[01:40:46]   HIT  MSCI_WORLD         sanctions_z      lag= 14 m5_p=0.0137  m6_ic=0.0993
[01:41:51]   HIT  GOLD               inflation_z      lag=  7 m5_p=0.0163  m6_ic=0.1378
[01:42:08]   HIT  IMOEX              ruble_z          lag=  7 m5_p=0.0306  m6_ic=0.0333
[01:42:46]     Train: 5 signals
[01:42:46]     Val holdout (5 candidates)...
[01:42:47]     Val: 0/5 held
[01:42:47]   → train=5  val=0  max_ic=0.1378  score=58.0
[01:42:47] 
============================================================
[01:42:47] FINAL REPORT
[01:42:47] ============================================================
[01:42:49] Report: C:\project\signal_mind\analytics\phase_b\night_search\night_report_20260520_203734.md
[01:42:49] Hits CSV: C:\project\signal_mind\analytics\phase_b\night_search\night_hits_20260520_203734.csv
[01:42:49] 
[6/6] r16_nearmiss_keyword_z90_vol_5d  (budget=175min)
[01:42:49]   Config: r16_nearmiss_keyword_z90_vol_5d
[01:42:49]     feature=keyword_z90  target=vol_5d  ensemble=M5_AND_M6  ic_min=0.01
[01:43:10]   HIT  USD_RUB            gold_z           lag=  7 m5_p=0.0117  m6_ic=0.0149
[01:43:21]   HIT  EUR_RUB            gold_z           lag=  7 m5_p=0.0117  m6_ic=0.0149
[01:43:39]   HIT  MSCI_WORLD         sanctions_z      lag= 14 m5_p=0.0137  m6_ic=0.0993
[01:44:44]   HIT  GOLD               inflation_z      lag=  7 m5_p=0.0163  m6_ic=0.1378
[01:45:01]   HIT  IMOEX              ruble_z          lag=  7 m5_p=0.0306  m6_ic=0.0333
[01:45:39]     Train: 5 signals
[01:45:39]     Val holdout (5 candidates)...
[01:45:40]     Val: 0/5 held
[01:45:40]   → train=5  val=0  max_ic=0.1378  score=58.0
[01:45:40] 
============================================================
[01:45:40] FINAL REPORT
[01:45:40] ============================================================
[01:45:42] Report: C:\project\signal_mind\analytics\phase_b\night_search\night_report_20260520_203734.md
[01:45:42] Hits CSV: C:\project\signal_mind\analytics\phase_b\night_search\night_hits_20260520_203734.csv
[01:45:42] 
--- Round 16 done: 36 train signals  best=r16_nearmiss_keyword_raw_market_return  max_ic=0.1222
[01:45:42] 
============================================================
[01:45:42] ROUND 17  |  elapsed=5.13h  remaining=2.87h
[01:45:42] ============================================================
[01:45:42]   Adaptive round 17: top_insts=['GOLD', 'MOEXOG', 'MSCI_INDIA'], best_feat=keyword_z90, best_tgt=abs_return
[01:45:42] Configs for round 17: 6
[01:45:42] 
[1/6] r17_nearmiss_keyword_raw_market_return  (budget=29min)
[01:45:42]   Config: r17_nearmiss_keyword_raw_market_return
[01:45:42]     feature=keyword_raw  target=market_return  ensemble=M5_AND_M6  ic_min=0.01
[01:46:21]   HIT  DJ_SOUTH_AFRICA    sanctions        lag= 14 m5_p=0.0167  m6_ic=0.0383
[01:46:26]   HIT  DJ_SOUTH_AFRICA    gold             lag=  7 m5_p=0.0160  m6_ic=0.0380
[01:46:32]   HIT  MSCI_WORLD         sanctions        lag= 14 m5_p=0.0236  m6_ic=0.0584
[01:46:54]   HIT  BRENT              sanctions        lag=  7 m5_p=0.0344  m6_ic=0.1222
[01:47:05]   HIT  MSCI_INDIA         sanctions        lag= 14 m5_p=0.0381  m6_ic=0.0760
[01:47:37]   HIT  GOLD               sanctions        lag= 30 m5_p=0.0448  m6_ic=0.0603
[01:48:17]   HIT  MOEXOG             ruble            lag= 60 m5_p=0.0250  m6_ic=0.0620
[01:48:35]     Train: 7 signals
[01:48:35]     Val holdout (7 candidates)...
[01:48:35]     VAL PASS  BRENT              sanctions        lag=  7  m6_ic=0.0416
[01:48:36]     Val: 1/7 held
[01:48:36]   → train=7  val=1  max_ic=0.1222  score=81.5
[01:48:36] 
============================================================
[01:48:36] FINAL REPORT
[01:48:36] ============================================================
[01:48:38] Report: C:\project\signal_mind\analytics\phase_b\night_search\night_report_20260520_203734.md
[01:48:38] Hits CSV: C:\project\signal_mind\analytics\phase_b\night_search\night_hits_20260520_203734.csv
[01:48:38] 
[2/6] r17_nearmiss_keyword_raw_abs_return  (budget=34min)
[01:48:38]   Config: r17_nearmiss_keyword_raw_abs_return
[01:48:38]     feature=keyword_raw  target=abs_return  ensemble=M5_AND_M6  ic_min=0.01
[01:49:17]   HIT  DJ_SOUTH_AFRICA    sanctions        lag= 14 m5_p=0.0167  m6_ic=0.0383
[01:49:21]   HIT  DJ_SOUTH_AFRICA    gold             lag=  7 m5_p=0.0160  m6_ic=0.0380
[01:49:27]   HIT  MSCI_WORLD         sanctions        lag= 14 m5_p=0.0236  m6_ic=0.0584
[01:49:49]   HIT  BRENT              sanctions        lag=  7 m5_p=0.0344  m6_ic=0.1222
[01:50:00]   HIT  MSCI_INDIA         sanctions        lag= 14 m5_p=0.0381  m6_ic=0.0760
[01:50:33]   HIT  GOLD               sanctions        lag= 30 m5_p=0.0448  m6_ic=0.0603
[01:51:13]   HIT  MOEXOG             ruble            lag= 60 m5_p=0.0250  m6_ic=0.0620
[01:51:30]     Train: 7 signals
[01:51:30]     Val holdout (7 candidates)...
[01:51:31]     VAL PASS  BRENT              sanctions        lag=  7  m6_ic=0.0416
[01:51:31]     Val: 1/7 held
[01:51:31]   → train=7  val=1  max_ic=0.1222  score=81.5
[01:51:31] 
============================================================
[01:51:31] FINAL REPORT
[01:51:31] ============================================================
[01:51:33] Report: C:\project\signal_mind\analytics\phase_b\night_search\night_report_20260520_203734.md
[01:51:33] Hits CSV: C:\project\signal_mind\analytics\phase_b\night_search\night_hits_20260520_203734.csv
[01:51:33] 
[3/6] r17_nearmiss_keyword_raw_vol_5d  (budget=42min)
[01:51:33]   Config: r17_nearmiss_keyword_raw_vol_5d
[01:51:33]     feature=keyword_raw  target=vol_5d  ensemble=M5_AND_M6  ic_min=0.01
[01:52:13]   HIT  DJ_SOUTH_AFRICA    sanctions        lag= 14 m5_p=0.0167  m6_ic=0.0383
[01:52:18]   HIT  DJ_SOUTH_AFRICA    gold             lag=  7 m5_p=0.0160  m6_ic=0.0380
[01:52:24]   HIT  MSCI_WORLD         sanctions        lag= 14 m5_p=0.0236  m6_ic=0.0584
[01:52:46]   HIT  BRENT              sanctions        lag=  7 m5_p=0.0344  m6_ic=0.1222
[01:52:57]   HIT  MSCI_INDIA         sanctions        lag= 14 m5_p=0.0381  m6_ic=0.0760
[01:53:29]   HIT  GOLD               sanctions        lag= 30 m5_p=0.0448  m6_ic=0.0603
[01:54:09]   HIT  MOEXOG             ruble            lag= 60 m5_p=0.0250  m6_ic=0.0620
[01:54:27]     Train: 7 signals
[01:54:27]     Val holdout (7 candidates)...
[01:54:27]     VAL PASS  BRENT              sanctions        lag=  7  m6_ic=0.0416
[01:54:28]     Val: 1/7 held
[01:54:28]   → train=7  val=1  max_ic=0.1222  score=81.5
[01:54:28] 
============================================================
[01:54:28] FINAL REPORT
[01:54:28] ============================================================
[01:54:30] Report: C:\project\signal_mind\analytics\phase_b\night_search\night_report_20260520_203734.md
[01:54:30] Hits CSV: C:\project\signal_mind\analytics\phase_b\night_search\night_hits_20260520_203734.csv
[01:54:30] 
[4/6] r17_nearmiss_keyword_z90_market_return  (budget=54min)
[01:54:30]   Config: r17_nearmiss_keyword_z90_market_return
[01:54:30]     feature=keyword_z90  target=market_return  ensemble=M5_AND_M6  ic_min=0.01
[01:54:51]   HIT  USD_RUB            gold_z           lag=  7 m5_p=0.0117  m6_ic=0.0149
[01:55:02]   HIT  EUR_RUB            gold_z           lag=  7 m5_p=0.0117  m6_ic=0.0149
[01:55:20]   HIT  MSCI_WORLD         sanctions_z      lag= 14 m5_p=0.0137  m6_ic=0.0993
[01:56:25]   HIT  GOLD               inflation_z      lag=  7 m5_p=0.0163  m6_ic=0.1378
[01:56:42]   HIT  IMOEX              ruble_z          lag=  7 m5_p=0.0306  m6_ic=0.0333
[01:57:20]     Train: 5 signals
[01:57:20]     Val holdout (5 candidates)...
[01:57:21]     Val: 0/5 held
[01:57:21]   → train=5  val=0  max_ic=0.1378  score=58.0
[01:57:21] 
============================================================
[01:57:21] FINAL REPORT
[01:57:21] ============================================================
[01:57:23] Report: C:\project\signal_mind\analytics\phase_b\night_search\night_report_20260520_203734.md
[01:57:23] Hits CSV: C:\project\signal_mind\analytics\phase_b\night_search\night_hits_20260520_203734.csv
[01:57:23] 
[5/6] r17_nearmiss_keyword_z90_abs_return  (budget=80min)
[01:57:23]   Config: r17_nearmiss_keyword_z90_abs_return
[01:57:23]     feature=keyword_z90  target=abs_return  ensemble=M5_AND_M6  ic_min=0.01
[01:57:44]   HIT  USD_RUB            gold_z           lag=  7 m5_p=0.0117  m6_ic=0.0149
[01:57:55]   HIT  EUR_RUB            gold_z           lag=  7 m5_p=0.0117  m6_ic=0.0149
[01:58:12]   HIT  MSCI_WORLD         sanctions_z      lag= 14 m5_p=0.0137  m6_ic=0.0993
[01:59:18]   HIT  GOLD               inflation_z      lag=  7 m5_p=0.0163  m6_ic=0.1378
[01:59:34]   HIT  IMOEX              ruble_z          lag=  7 m5_p=0.0306  m6_ic=0.0333
[02:00:12]     Train: 5 signals
[02:00:12]     Val holdout (5 candidates)...
[02:00:13]     Val: 0/5 held
[02:00:13]   → train=5  val=0  max_ic=0.1378  score=58.0
[02:00:13] 
============================================================
[02:00:13] FINAL REPORT
[02:00:13] ============================================================
[02:00:15] Report: C:\project\signal_mind\analytics\phase_b\night_search\night_report_20260520_203734.md
[02:00:16] Hits CSV: C:\project\signal_mind\analytics\phase_b\night_search\night_hits_20260520_203734.csv
[02:00:16] 
[6/6] r17_nearmiss_keyword_z90_vol_5d  (budget=157min)
[02:00:16]   Config: r17_nearmiss_keyword_z90_vol_5d
[02:00:16]     feature=keyword_z90  target=vol_5d  ensemble=M5_AND_M6  ic_min=0.01
[02:00:37]   HIT  USD_RUB            gold_z           lag=  7 m5_p=0.0117  m6_ic=0.0149
[02:00:48]   HIT  EUR_RUB            gold_z           lag=  7 m5_p=0.0117  m6_ic=0.0149
[02:01:05]   HIT  MSCI_WORLD         sanctions_z      lag= 14 m5_p=0.0137  m6_ic=0.0993
[02:02:11]   HIT  GOLD               inflation_z      lag=  7 m5_p=0.0163  m6_ic=0.1378
[02:02:27]   HIT  IMOEX              ruble_z          lag=  7 m5_p=0.0306  m6_ic=0.0333
[02:03:05]     Train: 5 signals
[02:03:05]     Val holdout (5 candidates)...
[02:03:06]     Val: 0/5 held
[02:03:06]   → train=5  val=0  max_ic=0.1378  score=58.0
[02:03:06] 
============================================================
[02:03:06] FINAL REPORT
[02:03:06] ============================================================
[02:03:08] Report: C:\project\signal_mind\analytics\phase_b\night_search\night_report_20260520_203734.md
[02:03:08] Hits CSV: C:\project\signal_mind\analytics\phase_b\night_search\night_hits_20260520_203734.csv
[02:03:08] 
--- Round 17 done: 36 train signals  best=r17_nearmiss_keyword_raw_market_return  max_ic=0.1222
[02:03:08] 
============================================================
[02:03:08] ROUND 18  |  elapsed=5.43h  remaining=2.57h
[02:03:08] ============================================================
[02:03:09]   Adaptive round 18: top_insts=['GOLD', 'MOEXOG', 'MSCI_INDIA'], best_feat=keyword_z90, best_tgt=abs_return
[02:03:09] Configs for round 18: 6
[02:03:09] 
[1/6] r18_nearmiss_keyword_raw_market_return  (budget=26min)
[02:03:09]   Config: r18_nearmiss_keyword_raw_market_return
[02:03:09]     feature=keyword_raw  target=market_return  ensemble=M5_AND_M6  ic_min=0.01
[02:03:48]   HIT  DJ_SOUTH_AFRICA    sanctions        lag= 14 m5_p=0.0167  m6_ic=0.0383
[02:03:53]   HIT  DJ_SOUTH_AFRICA    gold             lag=  7 m5_p=0.0160  m6_ic=0.0380
[02:03:59]   HIT  MSCI_WORLD         sanctions        lag= 14 m5_p=0.0236  m6_ic=0.0584
[02:04:22]   HIT  BRENT              sanctions        lag=  7 m5_p=0.0344  m6_ic=0.1222
[02:04:33]   HIT  MSCI_INDIA         sanctions        lag= 14 m5_p=0.0381  m6_ic=0.0760
[02:05:05]   HIT  GOLD               sanctions        lag= 30 m5_p=0.0448  m6_ic=0.0603
[02:05:46]   HIT  MOEXOG             ruble            lag= 60 m5_p=0.0250  m6_ic=0.0620
[02:06:03]     Train: 7 signals
[02:06:03]     Val holdout (7 candidates)...
[02:06:04]     VAL PASS  BRENT              sanctions        lag=  7  m6_ic=0.0416
[02:06:04]     Val: 1/7 held
[02:06:04]   → train=7  val=1  max_ic=0.1222  score=81.5
[02:06:04] 
============================================================
[02:06:04] FINAL REPORT
[02:06:04] ============================================================
[02:06:06] Report: C:\project\signal_mind\analytics\phase_b\night_search\night_report_20260520_203734.md
[02:06:07] Hits CSV: C:\project\signal_mind\analytics\phase_b\night_search\night_hits_20260520_203734.csv
[02:06:07] 
[2/6] r18_nearmiss_keyword_raw_abs_return  (budget=30min)
[02:06:07]   Config: r18_nearmiss_keyword_raw_abs_return
[02:06:07]     feature=keyword_raw  target=abs_return  ensemble=M5_AND_M6  ic_min=0.01
[02:06:45]   HIT  DJ_SOUTH_AFRICA    sanctions        lag= 14 m5_p=0.0167  m6_ic=0.0383
[02:06:50]   HIT  DJ_SOUTH_AFRICA    gold             lag=  7 m5_p=0.0160  m6_ic=0.0380
[02:06:56]   HIT  MSCI_WORLD         sanctions        lag= 14 m5_p=0.0236  m6_ic=0.0584
[02:07:18]   HIT  BRENT              sanctions        lag=  7 m5_p=0.0344  m6_ic=0.1222
[02:07:29]   HIT  MSCI_INDIA         sanctions        lag= 14 m5_p=0.0381  m6_ic=0.0760
[02:08:02]   HIT  GOLD               sanctions        lag= 30 m5_p=0.0448  m6_ic=0.0603
[02:08:42]   HIT  MOEXOG             ruble            lag= 60 m5_p=0.0250  m6_ic=0.0620
[02:08:59]     Train: 7 signals
[02:08:59]     Val holdout (7 candidates)...
[02:09:00]     VAL PASS  BRENT              sanctions        lag=  7  m6_ic=0.0416
[02:09:01]     Val: 1/7 held
[02:09:01]   → train=7  val=1  max_ic=0.1222  score=81.5
[02:09:01] 
============================================================
[02:09:01] FINAL REPORT
[02:09:01] ============================================================
[02:09:03] Report: C:\project\signal_mind\analytics\phase_b\night_search\night_report_20260520_203734.md
[02:09:03] Hits CSV: C:\project\signal_mind\analytics\phase_b\night_search\night_hits_20260520_203734.csv
[02:09:03] 
[3/6] r18_nearmiss_keyword_raw_vol_5d  (budget=37min)
[02:09:03]   Config: r18_nearmiss_keyword_raw_vol_5d
[02:09:03]     feature=keyword_raw  target=vol_5d  ensemble=M5_AND_M6  ic_min=0.01
[02:09:42]   HIT  DJ_SOUTH_AFRICA    sanctions        lag= 14 m5_p=0.0167  m6_ic=0.0383
[02:09:46]   HIT  DJ_SOUTH_AFRICA    gold             lag=  7 m5_p=0.0160  m6_ic=0.0380
[02:09:53]   HIT  MSCI_WORLD         sanctions        lag= 14 m5_p=0.0236  m6_ic=0.0584
[02:10:15]   HIT  BRENT              sanctions        lag=  7 m5_p=0.0344  m6_ic=0.1222
[02:10:27]   HIT  MSCI_INDIA         sanctions        lag= 14 m5_p=0.0381  m6_ic=0.0760
[02:10:59]   HIT  GOLD               sanctions        lag= 30 m5_p=0.0448  m6_ic=0.0603
[02:11:39]   HIT  MOEXOG             ruble            lag= 60 m5_p=0.0250  m6_ic=0.0620
[02:11:56]     Train: 7 signals
[02:11:56]     Val holdout (7 candidates)...
[02:11:57]     VAL PASS  BRENT              sanctions        lag=  7  m6_ic=0.0416
[02:11:58]     Val: 1/7 held
[02:11:58]   → train=7  val=1  max_ic=0.1222  score=81.5
[02:11:58] 
============================================================
[02:11:58] FINAL REPORT
[02:11:58] ============================================================
[02:12:00] Report: C:\project\signal_mind\analytics\phase_b\night_search\night_report_20260520_203734.md
[02:12:00] Hits CSV: C:\project\signal_mind\analytics\phase_b\night_search\night_hits_20260520_203734.csv
[02:12:00] 
[4/6] r18_nearmiss_keyword_z90_market_return  (budget=49min)
[02:12:00]   Config: r18_nearmiss_keyword_z90_market_return
[02:12:00]     feature=keyword_z90  target=market_return  ensemble=M5_AND_M6  ic_min=0.01
[02:12:21]   HIT  USD_RUB            gold_z           lag=  7 m5_p=0.0117  m6_ic=0.0149
[02:12:31]   HIT  EUR_RUB            gold_z           lag=  7 m5_p=0.0117  m6_ic=0.0149
[02:12:49]   HIT  MSCI_WORLD         sanctions_z      lag= 14 m5_p=0.0137  m6_ic=0.0993
[02:13:55]   HIT  GOLD               inflation_z      lag=  7 m5_p=0.0163  m6_ic=0.1378
[02:14:12]   HIT  IMOEX              ruble_z          lag=  7 m5_p=0.0306  m6_ic=0.0333
[02:14:50]     Train: 5 signals
[02:14:50]     Val holdout (5 candidates)...
[02:14:51]     Val: 0/5 held
[02:14:51]   → train=5  val=0  max_ic=0.1378  score=58.0
[02:14:51] 
============================================================
[02:14:51] FINAL REPORT
[02:14:51] ============================================================
[02:14:53] Report: C:\project\signal_mind\analytics\phase_b\night_search\night_report_20260520_203734.md
[02:14:53] Hits CSV: C:\project\signal_mind\analytics\phase_b\night_search\night_hits_20260520_203734.csv
[02:14:53] 
[5/6] r18_nearmiss_keyword_z90_abs_return  (budget=71min)
[02:14:53]   Config: r18_nearmiss_keyword_z90_abs_return
[02:14:53]     feature=keyword_z90  target=abs_return  ensemble=M5_AND_M6  ic_min=0.01
[02:15:16]   HIT  USD_RUB            gold_z           lag=  7 m5_p=0.0117  m6_ic=0.0149
[02:15:26]   HIT  EUR_RUB            gold_z           lag=  7 m5_p=0.0117  m6_ic=0.0149
[02:15:45]   HIT  MSCI_WORLD         sanctions_z      lag= 14 m5_p=0.0137  m6_ic=0.0993
[02:16:50]   HIT  GOLD               inflation_z      lag=  7 m5_p=0.0163  m6_ic=0.1378
[02:17:07]   HIT  IMOEX              ruble_z          lag=  7 m5_p=0.0306  m6_ic=0.0333
[02:17:45]     Train: 5 signals
[02:17:45]     Val holdout (5 candidates)...
[02:17:46]     Val: 0/5 held
[02:17:46]   → train=5  val=0  max_ic=0.1378  score=58.0
[02:17:46] 
============================================================
[02:17:46] FINAL REPORT
[02:17:46] ============================================================
[02:17:48] Report: C:\project\signal_mind\analytics\phase_b\night_search\night_report_20260520_203734.md
[02:17:48] Hits CSV: C:\project\signal_mind\analytics\phase_b\night_search\night_hits_20260520_203734.csv
[02:17:48] 
[6/6] r18_nearmiss_keyword_z90_vol_5d  (budget=140min)
[02:17:48]   Config: r18_nearmiss_keyword_z90_vol_5d
[02:17:48]     feature=keyword_z90  target=vol_5d  ensemble=M5_AND_M6  ic_min=0.01
[02:18:09]   HIT  USD_RUB            gold_z           lag=  7 m5_p=0.0117  m6_ic=0.0149
[02:18:20]   HIT  EUR_RUB            gold_z           lag=  7 m5_p=0.0117  m6_ic=0.0149
[02:18:38]   HIT  MSCI_WORLD         sanctions_z      lag= 14 m5_p=0.0137  m6_ic=0.0993
[02:19:44]   HIT  GOLD               inflation_z      lag=  7 m5_p=0.0163  m6_ic=0.1378
[02:20:01]   HIT  IMOEX              ruble_z          lag=  7 m5_p=0.0306  m6_ic=0.0333
[02:20:39]     Train: 5 signals
[02:20:39]     Val holdout (5 candidates)...
[02:20:40]     Val: 0/5 held
[02:20:40]   → train=5  val=0  max_ic=0.1378  score=58.0
[02:20:40] 
============================================================
[02:20:40] FINAL REPORT
[02:20:40] ============================================================
[02:20:42] Report: C:\project\signal_mind\analytics\phase_b\night_search\night_report_20260520_203734.md
[02:20:42] Hits CSV: C:\project\signal_mind\analytics\phase_b\night_search\night_hits_20260520_203734.csv
[02:20:42] 
--- Round 18 done: 36 train signals  best=r18_nearmiss_keyword_raw_market_return  max_ic=0.1222
[02:20:42] 
============================================================
[02:20:42] ROUND 19  |  elapsed=5.72h  remaining=2.28h
[02:20:42] ============================================================
[02:20:43]   Adaptive round 19: top_insts=['GOLD', 'MOEXOG', 'MSCI_INDIA'], best_feat=keyword_z90, best_tgt=abs_return
[02:20:43] Configs for round 19: 6
[02:20:43] 
[1/6] r19_nearmiss_keyword_raw_market_return  (budget=23min)
[02:20:43]   Config: r19_nearmiss_keyword_raw_market_return
[02:20:43]     feature=keyword_raw  target=market_return  ensemble=M5_AND_M6  ic_min=0.01
[02:21:21]   HIT  DJ_SOUTH_AFRICA    sanctions        lag= 14 m5_p=0.0167  m6_ic=0.0383
[02:21:26]   HIT  DJ_SOUTH_AFRICA    gold             lag=  7 m5_p=0.0160  m6_ic=0.0380
[02:21:32]   HIT  MSCI_WORLD         sanctions        lag= 14 m5_p=0.0236  m6_ic=0.0584
[02:21:55]   HIT  BRENT              sanctions        lag=  7 m5_p=0.0344  m6_ic=0.1222
[02:22:06]   HIT  MSCI_INDIA         sanctions        lag= 14 m5_p=0.0381  m6_ic=0.0760
[02:22:47]   HIT  GOLD               sanctions        lag= 30 m5_p=0.0448  m6_ic=0.0603
[02:23:32]   HIT  MOEXOG             ruble            lag= 60 m5_p=0.0250  m6_ic=0.0620
[02:23:54]     Train: 7 signals
[02:23:54]     Val holdout (7 candidates)...
[02:23:55]     VAL PASS  BRENT              sanctions        lag=  7  m6_ic=0.0416
[02:23:56]     Val: 1/7 held
[02:23:56]   → train=7  val=1  max_ic=0.1222  score=81.5
[02:23:56] 
============================================================
[02:23:56] FINAL REPORT
[02:23:56] ============================================================
[02:23:59] Report: C:\project\signal_mind\analytics\phase_b\night_search\night_report_20260520_203734.md
[02:23:59] Hits CSV: C:\project\signal_mind\analytics\phase_b\night_search\night_hits_20260520_203734.csv
[02:23:59] 
[2/6] r19_nearmiss_keyword_raw_abs_return  (budget=27min)
[02:23:59]   Config: r19_nearmiss_keyword_raw_abs_return
[02:23:59]     feature=keyword_raw  target=abs_return  ensemble=M5_AND_M6  ic_min=0.01
