[20:01:20] Loading train data...
[20:01:21]   train: 16/16 instruments loaded
[20:01:21] Loading val data...
[20:01:22]   val: 16/16 instruments loaded
[20:01:22] Loading test data...
[20:01:23]   test: 16/16 instruments loaded
[20:01:23] LOOP MODE: max=8.0h  phases=[1, 2, 3]
[20:01:23] 
============================================================
[20:01:23] ROUND 1  |  elapsed=0.00h  remaining=8.00h
[20:01:23] ============================================================
[20:01:23] Configs for round 1: 15
[20:01:23] 
[1/15] sweep_keyword_raw_market_return  (budget=32min)
[20:01:23]   Config: sweep_keyword_raw_market_return
[20:01:23]     feature=keyword_raw  target=market_return  ensemble=M6_only  ic_min=0.03
[20:01:29]   HIT  SP500              oil              lag=  1 m5_p=0.6627  m6_ic=0.0539
[20:01:30]   HIT  SP500              oil              lag=  7 m5_p=0.5171  m6_ic=0.0363
[20:01:32]   HIT  SP500              rate             lag= 14 m5_p=0.5287  m6_ic=0.0301
[20:01:33]   HIT  SP500              rate             lag= 30 m5_p=0.9348  m6_ic=0.0314
[20:01:34]   HIT  SP500              ruble            lag=  7 m5_p=0.9108  m6_ic=0.0474
[20:01:34]   HIT  SP500              ruble            lag= 30 m5_p=0.0762  m6_ic=0.0413
[20:01:36]   HIT  SP500              inflation        lag= 14 m5_p=0.5948  m6_ic=0.0655
[20:01:38]   HIT  SP500              banking          lag=  7 m5_p=0.3701  m6_ic=0.0536
[20:01:39]   HIT  SP500              gold             lag=  7 m5_p=0.8524  m6_ic=0.0942
[20:01:40]   HIT  USD_RUB            oil              lag=  1 m5_p=0.4151  m6_ic=0.0614
[20:01:41]   HIT  USD_RUB            oil              lag= 14 m5_p=0.6241  m6_ic=0.0417
[20:01:41]   HIT  USD_RUB            oil              lag= 30 m5_p=0.1626  m6_ic=0.0698
[20:01:41]   HIT  USD_RUB            rate             lag=  1 m5_p=0.7527  m6_ic=0.0950
[20:01:41]   HIT  USD_RUB            rate             lag=  7 m5_p=0.8101  m6_ic=0.0394
[20:01:42]   HIT  USD_RUB            rate             lag= 14 m5_p=0.7542  m6_ic=0.0378
[20:01:42]   HIT  USD_RUB            rate             lag= 30 m5_p=0.9971  m6_ic=0.0479
[20:01:42]   HIT  USD_RUB            ruble            lag=  1 m5_p=0.7646  m6_ic=0.0442
[20:01:42]   HIT  USD_RUB            ruble            lag=  7 m5_p=0.4884  m6_ic=0.0483
[20:01:42]   HIT  USD_RUB            ruble            lag= 14 m5_p=0.9676  m6_ic=0.1183
[20:01:43]   HIT  USD_RUB            sanctions        lag=  1 m5_p=0.0777  m6_ic=0.1348
[20:01:43]   HIT  USD_RUB            sanctions        lag=  7 m5_p=0.9775  m6_ic=0.0313
[20:01:43]   HIT  USD_RUB            sanctions        lag= 14 m5_p=0.1527  m6_ic=0.0743
[20:01:44]   HIT  USD_RUB            sanctions        lag= 30 m5_p=0.6349  m6_ic=0.0726
[20:01:44]   HIT  USD_RUB            inflation        lag=  1 m5_p=0.8798  m6_ic=0.0351
[20:01:44]   HIT  USD_RUB            inflation        lag=  7 m5_p=0.9352  m6_ic=0.0371
[20:01:44]   HIT  USD_RUB            inflation        lag= 14 m5_p=0.5422  m6_ic=0.0338
[20:01:46]   HIT  USD_RUB            banking          lag= 14 m5_p=0.8158  m6_ic=0.0645
[20:01:47]   HIT  USD_RUB            banking          lag= 30 m5_p=0.6790  m6_ic=0.0792
[20:01:48]   HIT  USD_RUB            gold             lag= 14 m5_p=0.9653  m6_ic=0.0307
[20:01:49]   HIT  EUR_RUB            oil              lag=  1 m5_p=0.4151  m6_ic=0.0614
[20:01:49]   HIT  EUR_RUB            oil              lag= 14 m5_p=0.6241  m6_ic=0.0417
[20:01:50]   HIT  EUR_RUB            oil              lag= 30 m5_p=0.1626  m6_ic=0.0698
[20:01:50]   HIT  EUR_RUB            rate             lag=  1 m5_p=0.7527  m6_ic=0.0950
[20:01:50]   HIT  EUR_RUB            rate             lag=  7 m5_p=0.8101  m6_ic=0.0394
[20:01:50]   HIT  EUR_RUB            rate             lag= 14 m5_p=0.7542  m6_ic=0.0378
[20:01:51]   HIT  EUR_RUB            rate             lag= 30 m5_p=0.9971  m6_ic=0.0479
[20:01:51]   HIT  EUR_RUB            ruble            lag=  1 m5_p=0.7646  m6_ic=0.0442
[20:01:51]   HIT  EUR_RUB            ruble            lag=  7 m5_p=0.4884  m6_ic=0.0483
[20:01:51]   HIT  EUR_RUB            ruble            lag= 14 m5_p=0.9676  m6_ic=0.1183
[20:01:52]   HIT  EUR_RUB            sanctions        lag=  1 m5_p=0.0777  m6_ic=0.1348
[20:01:52]   HIT  EUR_RUB            sanctions        lag=  7 m5_p=0.9775  m6_ic=0.0313
[20:01:53]   HIT  EUR_RUB            sanctions        lag= 14 m5_p=0.1527  m6_ic=0.0743
[20:01:53]   HIT  EUR_RUB            sanctions        lag= 30 m5_p=0.6349  m6_ic=0.0726
[20:01:54]   HIT  EUR_RUB            inflation        lag=  1 m5_p=0.8798  m6_ic=0.0351
[20:01:54]   HIT  EUR_RUB            inflation        lag=  7 m5_p=0.9352  m6_ic=0.0371
[20:01:54]   HIT  EUR_RUB            inflation        lag= 14 m5_p=0.5422  m6_ic=0.0338
[20:01:56]   HIT  EUR_RUB            banking          lag= 14 m5_p=0.8158  m6_ic=0.0645
[20:01:56]   HIT  EUR_RUB            banking          lag= 30 m5_p=0.6790  m6_ic=0.0792
[20:01:57]   HIT  EUR_RUB            gold             lag= 14 m5_p=0.9653  m6_ic=0.0307
[20:01:57]   HIT  DJ_SOUTH_AFRICA    oil              lag=  7 m5_p=0.4695  m6_ic=0.0444
[20:01:59]   HIT  DJ_SOUTH_AFRICA    rate             lag= 30 m5_p=0.5259  m6_ic=0.0386
[20:01:59]   HIT  DJ_SOUTH_AFRICA    ruble            lag= 14 m5_p=0.8469  m6_ic=0.0706
[20:01:59]   HIT  DJ_SOUTH_AFRICA    ruble            lag= 30 m5_p=0.4112  m6_ic=0.0331
[20:02:00]   HIT  DJ_SOUTH_AFRICA    sanctions        lag=  1 m5_p=0.7779  m6_ic=0.1255
[20:02:00]   HIT  DJ_SOUTH_AFRICA    sanctions        lag=  7 m5_p=0.4984  m6_ic=0.0476
[20:02:00]   HIT  DJ_SOUTH_AFRICA    sanctions        lag= 14 m5_p=0.0167  m6_ic=0.0383
[20:02:00]   HIT  DJ_SOUTH_AFRICA    sanctions        lag= 30 m5_p=0.1325  m6_ic=0.0511
[20:02:00]   HIT  DJ_SOUTH_AFRICA    inflation        lag=  1 m5_p=0.4426  m6_ic=0.0457
[20:02:01]   HIT  DJ_SOUTH_AFRICA    inflation        lag= 14 m5_p=0.8858  m6_ic=0.0498
[20:02:01]   HIT  DJ_SOUTH_AFRICA    inflation        lag= 30 m5_p=0.9178  m6_ic=0.0772
[20:02:01]   HIT  DJ_SOUTH_AFRICA    banking          lag=  1 m5_p=0.8775  m6_ic=0.0612
[20:02:01]   HIT  DJ_SOUTH_AFRICA    banking          lag=  7 m5_p=0.9187  m6_ic=0.1092
[20:02:01]   HIT  DJ_SOUTH_AFRICA    banking          lag= 14 m5_p=0.7734  m6_ic=0.0857
[20:02:02]   HIT  DJ_SOUTH_AFRICA    banking          lag= 30 m5_p=0.5459  m6_ic=0.0867
[20:02:02]   HIT  DJ_SOUTH_AFRICA    gold             lag=  1 m5_p=0.9638  m6_ic=0.0482
[20:02:02]   HIT  DJ_SOUTH_AFRICA    gold             lag=  7 m5_p=0.0160  m6_ic=0.0380
[20:02:02]   HIT  DJ_SOUTH_AFRICA    gold             lag= 14 m5_p=0.1792  m6_ic=0.0626
[20:02:03]   HIT  DJ_SOUTH_AFRICA    gold             lag= 30 m5_p=0.8632  m6_ic=0.0696
[20:02:03]   HIT  MSCI_WORLD         oil              lag= 14 m5_p=0.7583  m6_ic=0.0790
[20:02:03]   HIT  MSCI_WORLD         oil              lag= 30 m5_p=0.5465  m6_ic=0.0388
[20:02:04]   HIT  MSCI_WORLD         rate             lag=  1 m5_p=0.8296  m6_ic=0.0851
[20:02:04]   HIT  MSCI_WORLD         rate             lag=  7 m5_p=0.4579  m6_ic=0.0438
[20:02:04]   HIT  MSCI_WORLD         rate             lag= 14 m5_p=0.7534  m6_ic=0.0444
[20:02:04]   HIT  MSCI_WORLD         rate             lag= 30 m5_p=0.4239  m6_ic=0.1146
[20:02:04]   HIT  MSCI_WORLD         ruble            lag=  1 m5_p=0.8053  m6_ic=0.0430
[20:02:05]   HIT  MSCI_WORLD         sanctions        lag=  1 m5_p=0.9279  m6_ic=0.0375
[20:02:06]   HIT  MSCI_WORLD         sanctions        lag= 14 m5_p=0.0236  m6_ic=0.0584
[20:02:06]   HIT  MSCI_WORLD         sanctions        lag= 30 m5_p=0.1371  m6_ic=0.0381
[20:02:06]   HIT  MSCI_WORLD         inflation        lag=  1 m5_p=0.9293  m6_ic=0.0340
[20:02:06]   HIT  MSCI_WORLD         inflation        lag=  7 m5_p=0.8139  m6_ic=0.0516
[20:02:07]   HIT  MSCI_WORLD         banking          lag=  1 m5_p=0.6049  m6_ic=0.0353
[20:02:07]   HIT  MSCI_WORLD         banking          lag=  7 m5_p=0.2795  m6_ic=0.0432
[20:02:07]   HIT  MSCI_WORLD         banking          lag= 14 m5_p=0.5942  m6_ic=0.0327
[20:02:07]   HIT  MSCI_WORLD         banking          lag= 30 m5_p=0.7214  m6_ic=0.0710
[20:02:08]   HIT  MSCI_WORLD         gold             lag= 14 m5_p=0.9363  m6_ic=0.0811
[20:02:08]   HIT  DXY                oil              lag=  1 m5_p=0.9938  m6_ic=0.0545
[20:02:09]   HIT  DXY                oil              lag=  7 m5_p=0.4559  m6_ic=0.0401
[20:02:09]   HIT  DXY                oil              lag= 14 m5_p=0.9907  m6_ic=0.0408
[20:02:09]   HIT  DXY                rate             lag=  1 m5_p=0.6407  m6_ic=0.1002
[20:02:09]   HIT  DXY                rate             lag=  7 m5_p=0.8922  m6_ic=0.0507
[20:02:10]   HIT  DXY                rate             lag= 30 m5_p=0.6109  m6_ic=0.0358
[20:02:11]   HIT  DXY                ruble            lag= 30 m5_p=0.7125  m6_ic=0.0336
[20:02:11]   HIT  DXY                sanctions        lag=  7 m5_p=0.6776  m6_ic=0.0334
[20:02:11]   HIT  DXY                sanctions        lag= 14 m5_p=0.2611  m6_ic=0.0324
[20:02:12]   HIT  DXY                banking          lag=  7 m5_p=0.9637  m6_ic=0.0312
[20:02:13]   HIT  DXY                banking          lag= 14 m5_p=0.7537  m6_ic=0.0459
[20:02:13]   HIT  DXY                banking          lag= 30 m5_p=0.8030  m6_ic=0.0401
[20:02:13]   HIT  DXY                gold             lag=  7 m5_p=0.1827  m6_ic=0.0601
[20:02:13]   HIT  DXY                gold             lag= 14 m5_p=0.6443  m6_ic=0.0731
[20:02:14]   HIT  DXY                gold             lag= 30 m5_p=0.8404  m6_ic=0.0608
[20:02:14]   HIT  BRENT              oil              lag=  7 m5_p=0.9807  m6_ic=0.0504
[20:02:14]   HIT  BRENT              oil              lag= 14 m5_p=0.8691  m6_ic=0.0561
[20:02:16]   HIT  BRENT              oil              lag= 30 m5_p=0.8554  m6_ic=0.0732
[20:02:17]   HIT  BRENT              rate             lag=  7 m5_p=0.9612  m6_ic=0.0734
[20:02:18]   HIT  BRENT              rate             lag= 14 m5_p=0.9184  m6_ic=0.0727
[20:02:19]   HIT  BRENT              ruble            lag=  7 m5_p=0.1811  m6_ic=0.0722
[20:02:20]   HIT  BRENT              ruble            lag= 14 m5_p=0.6368  m6_ic=0.0536
[20:02:20]   HIT  BRENT              ruble            lag= 30 m5_p=0.4976  m6_ic=0.0478
[20:02:20]   HIT  BRENT              sanctions        lag=  1 m5_p=0.8883  m6_ic=0.0389
[20:02:20]   HIT  BRENT              sanctions        lag=  7 m5_p=0.0344  m6_ic=0.1222
[20:02:20]   HIT  BRENT              sanctions        lag= 14 m5_p=0.6047  m6_ic=0.0669
[20:02:21]   HIT  BRENT              sanctions        lag= 30 m5_p=0.7844  m6_ic=0.0517
[20:02:21]   HIT  BRENT              inflation        lag=  7 m5_p=0.6647  m6_ic=0.0522
[20:02:22]   HIT  BRENT              inflation        lag= 30 m5_p=0.7393  m6_ic=0.0407
[20:02:22]   HIT  BRENT              banking          lag= 30 m5_p=0.3849  m6_ic=0.0319
[20:02:23]   HIT  BRENT              gold             lag=  1 m5_p=0.4448  m6_ic=0.0355
[20:02:23]   HIT  BRENT              gold             lag= 30 m5_p=0.6646  m6_ic=0.0375
[20:02:23]   HIT  MSCI_INDIA         oil              lag=  1 m5_p=0.8762  m6_ic=0.0847
[20:02:24]   HIT  MSCI_INDIA         oil              lag=  7 m5_p=0.6587  m6_ic=0.0376
[20:02:24]   HIT  MSCI_INDIA         oil              lag= 14 m5_p=0.9138  m6_ic=0.0576
[20:02:25]   HIT  MSCI_INDIA         rate             lag=  7 m5_p=0.4848  m6_ic=0.0311
[20:02:25]   HIT  MSCI_INDIA         rate             lag= 30 m5_p=0.6603  m6_ic=0.0430
[20:02:27]   HIT  MSCI_INDIA         ruble            lag= 30 m5_p=0.6740  m6_ic=0.0458
[20:02:27]   HIT  MSCI_INDIA         sanctions        lag=  1 m5_p=0.8585  m6_ic=0.1201
[20:02:27]   HIT  MSCI_INDIA         sanctions        lag= 14 m5_p=0.0381  m6_ic=0.0760
[20:02:28]   HIT  MSCI_INDIA         inflation        lag=  1 m5_p=0.9173  m6_ic=0.1354
[20:02:28]   HIT  MSCI_INDIA         inflation        lag= 30 m5_p=0.7822  m6_ic=0.0536
[20:02:28]   HIT  MSCI_INDIA         banking          lag=  1 m5_p=0.5125  m6_ic=0.0806
[20:02:29]   HIT  MSCI_INDIA         banking          lag=  7 m5_p=0.5848  m6_ic=0.1100
[20:02:29]   HIT  MSCI_INDIA         banking          lag= 30 m5_p=0.5876  m6_ic=0.0520
[20:02:29]   HIT  MSCI_INDIA         gold             lag=  1 m5_p=0.9223  m6_ic=0.0316
[20:02:30]   HIT  MSCI_INDIA         gold             lag= 30 m5_p=0.8411  m6_ic=0.0849
[20:02:30]   HIT  CHINA_H_SHARES     oil              lag=  1 m5_p=0.4252  m6_ic=0.0343
[20:02:30]   HIT  CHINA_H_SHARES     oil              lag=  7 m5_p=0.2836  m6_ic=0.0621
[20:02:30]   HIT  CHINA_H_SHARES     oil              lag= 14 m5_p=0.7447  m6_ic=0.0546
[20:02:31]   HIT  CHINA_H_SHARES     rate             lag=  1 m5_p=0.4171  m6_ic=0.0592
[20:02:31]   HIT  CHINA_H_SHARES     rate             lag=  7 m5_p=0.8738  m6_ic=0.0416
[20:02:31]   HIT  CHINA_H_SHARES     rate             lag= 14 m5_p=0.2584  m6_ic=0.0415
[20:02:32]   HIT  CHINA_H_SHARES     ruble            lag=  1 m5_p=0.8376  m6_ic=0.0627
[20:02:32]   HIT  CHINA_H_SHARES     ruble            lag= 30 m5_p=0.5751  m6_ic=0.0612
[20:02:32]   HIT  CHINA_H_SHARES     sanctions        lag=  1 m5_p=0.1269  m6_ic=0.0444
[20:02:33]   HIT  CHINA_H_SHARES     sanctions        lag= 14 m5_p=0.0570  m6_ic=0.0427
[20:02:33]   HIT  CHINA_H_SHARES     sanctions        lag= 30 m5_p=0.7132  m6_ic=0.0422
[20:02:33]   HIT  CHINA_H_SHARES     inflation        lag=  1 m5_p=0.5014  m6_ic=0.0630
[20:02:33]   HIT  CHINA_H_SHARES     inflation        lag=  7 m5_p=0.5842  m6_ic=0.0326
[20:02:34]   HIT  CHINA_H_SHARES     banking          lag= 14 m5_p=0.1631  m6_ic=0.0425
[20:02:35]   HIT  CHINA_H_SHARES     banking          lag= 30 m5_p=0.4281  m6_ic=0.0334
[20:02:35]   HIT  CHINA_H_SHARES     gold             lag=  1 m5_p=0.7182  m6_ic=0.0669
[20:02:35]   HIT  CHINA_H_SHARES     gold             lag= 14 m5_p=0.9956  m6_ic=0.0525
[20:02:36]   HIT  FTSE_CHINA_50      oil              lag=  1 m5_p=0.4584  m6_ic=0.0529
[20:02:36]   HIT  FTSE_CHINA_50      oil              lag=  7 m5_p=0.2440  m6_ic=0.0695
[20:02:36]   HIT  FTSE_CHINA_50      oil              lag= 14 m5_p=0.7124  m6_ic=0.0473
[20:02:36]   HIT  FTSE_CHINA_50      rate             lag=  1 m5_p=0.5148  m6_ic=0.0649
[20:02:37]   HIT  FTSE_CHINA_50      rate             lag=  7 m5_p=0.9913  m6_ic=0.0363
[20:02:37]   HIT  FTSE_CHINA_50      rate             lag= 14 m5_p=0.2687  m6_ic=0.0479
[20:02:37]   HIT  FTSE_CHINA_50      ruble            lag=  1 m5_p=0.9901  m6_ic=0.0409
[20:02:38]   HIT  FTSE_CHINA_50      ruble            lag= 30 m5_p=0.3880  m6_ic=0.0817
[20:02:38]   HIT  FTSE_CHINA_50      sanctions        lag= 14 m5_p=0.0897  m6_ic=0.0445
[20:02:39]   HIT  FTSE_CHINA_50      sanctions        lag= 30 m5_p=0.4187  m6_ic=0.0440
[20:02:39]   HIT  FTSE_CHINA_50      inflation        lag=  1 m5_p=0.6470  m6_ic=0.0428
[20:02:39]   HIT  FTSE_CHINA_50      inflation        lag=  7 m5_p=0.3905  m6_ic=0.0340
[20:02:39]   HIT  FTSE_CHINA_50      inflation        lag= 30 m5_p=0.6986  m6_ic=0.0496
[20:02:40]   HIT  FTSE_CHINA_50      banking          lag=  1 m5_p=0.6430  m6_ic=0.0363
[20:02:40]   HIT  FTSE_CHINA_50      banking          lag= 14 m5_p=0.1179  m6_ic=0.0360
[20:02:40]   HIT  FTSE_CHINA_50      gold             lag=  1 m5_p=0.6650  m6_ic=0.0336
[20:02:41]   HIT  FTSE_CHINA_50      gold             lag=  7 m5_p=0.1741  m6_ic=0.0432
[20:02:41]   HIT  FTSE_CHINA_50      gold             lag= 14 m5_p=0.9787  m6_ic=0.0412
[20:02:41]   HIT  FTSE_CHINA_50      gold             lag= 30 m5_p=0.3984  m6_ic=0.0550
[20:02:41]   HIT  GOLD               oil              lag=  1 m5_p=0.9532  m6_ic=0.0326
[20:02:42]   HIT  GOLD               oil              lag= 30 m5_p=0.3688  m6_ic=0.0932
[20:02:43]   HIT  GOLD               ruble            lag=  1 m5_p=0.7153  m6_ic=0.0798
[20:02:43]   HIT  GOLD               ruble            lag=  7 m5_p=0.6456  m6_ic=0.1263
[20:02:43]   HIT  GOLD               ruble            lag= 14 m5_p=0.4860  m6_ic=0.0612
[20:02:43]   HIT  GOLD               ruble            lag= 30 m5_p=0.7346  m6_ic=0.0603
[20:02:44]   HIT  GOLD               sanctions        lag=  1 m5_p=0.9744  m6_ic=0.0562
[20:02:44]   HIT  GOLD               sanctions        lag=  7 m5_p=0.5785  m6_ic=0.0424
[20:02:44]   HIT  GOLD               sanctions        lag= 30 m5_p=0.0448  m6_ic=0.0603
[20:02:44]   HIT  GOLD               inflation        lag=  1 m5_p=0.0726  m6_ic=0.0479
[20:02:45]   HIT  GOLD               inflation        lag= 30 m5_p=0.3846  m6_ic=0.0750
[20:02:45]   HIT  GOLD               banking          lag=  1 m5_p=0.2110  m6_ic=0.0443
[20:02:45]   HIT  GOLD               banking          lag=  7 m5_p=0.6102  m6_ic=0.0774
[20:02:45]   HIT  GOLD               banking          lag= 14 m5_p=0.4794  m6_ic=0.0343
[20:02:46]   HIT  GOLD               gold             lag=  7 m5_p=0.7286  m6_ic=0.0902
[20:02:46]   HIT  GOLD               gold             lag= 14 m5_p=0.2403  m6_ic=0.0845
[20:02:46]   HIT  GOLD               gold             lag= 30 m5_p=0.7674  m6_ic=0.0310
[20:02:47]   HIT  SILVER             oil              lag=  1 m5_p=0.5583  m6_ic=0.0637
[20:02:47]   HIT  SILVER             oil              lag=  7 m5_p=0.7134  m6_ic=0.0428
[20:02:47]   HIT  SILVER             oil              lag= 30 m5_p=0.9348  m6_ic=0.0440
[20:02:48]   HIT  SILVER             rate             lag=  7 m5_p=0.5172  m6_ic=0.0744
[20:02:48]   HIT  SILVER             rate             lag= 14 m5_p=0.5417  m6_ic=0.0392
[20:02:48]   HIT  SILVER             rate             lag= 30 m5_p=0.2067  m6_ic=0.0430
[20:02:48]   HIT  SILVER             ruble            lag= 14 m5_p=0.7541  m6_ic=0.0504
[20:02:49]   HIT  SILVER             ruble            lag= 30 m5_p=0.5015  m6_ic=0.0913
[20:02:49]   HIT  SILVER             sanctions        lag=  7 m5_p=0.7734  m6_ic=0.0438
[20:02:49]   HIT  SILVER             sanctions        lag= 14 m5_p=0.2520  m6_ic=0.0362
[20:02:49]   HIT  SILVER             sanctions        lag= 30 m5_p=0.2898  m6_ic=0.0987
[20:02:50]   HIT  SILVER             inflation        lag=  1 m5_p=0.4563  m6_ic=0.1023
[20:02:50]   HIT  SILVER             inflation        lag= 14 m5_p=0.5560  m6_ic=0.0378
[20:02:50]   HIT  SILVER             banking          lag=  1 m5_p=0.8597  m6_ic=0.1069
[20:02:51]   HIT  SILVER             banking          lag=  7 m5_p=0.7958  m6_ic=0.1034
[20:02:51]   HIT  SILVER             banking          lag= 14 m5_p=0.7033  m6_ic=0.0433
[20:02:51]   HIT  SILVER             banking          lag= 30 m5_p=0.4961  m6_ic=0.0565
[20:02:51]   HIT  SILVER             gold             lag=  1 m5_p=0.5015  m6_ic=0.0709
[20:02:52]   HIT  SILVER             gold             lag= 14 m5_p=0.9397  m6_ic=0.0362
[20:02:52]   HIT  IMOEX              oil              lag=  7 m5_p=0.3656  m6_ic=0.0982
[20:02:52]   HIT  IMOEX              oil              lag= 14 m5_p=0.6076  m6_ic=0.0473
[20:02:53]   HIT  IMOEX              rate             lag=  1 m5_p=0.1954  m6_ic=0.0644
[20:02:53]   HIT  IMOEX              rate             lag= 14 m5_p=0.2500  m6_ic=0.0539
[20:02:53]   HIT  IMOEX              rate             lag= 30 m5_p=0.7067  m6_ic=0.1142
[20:02:54]   HIT  IMOEX              ruble            lag=  1 m5_p=0.6798  m6_ic=0.0638
[20:02:54]   HIT  IMOEX              ruble            lag=  7 m5_p=0.3416  m6_ic=0.0426
[20:02:54]   HIT  IMOEX              ruble            lag= 30 m5_p=0.8905  m6_ic=0.0697
[20:02:55]   HIT  IMOEX              sanctions        lag= 14 m5_p=0.9472  m6_ic=0.0559
[20:02:55]   HIT  IMOEX              inflation        lag=  1 m5_p=0.1679  m6_ic=0.0467
[20:02:55]   HIT  IMOEX              inflation        lag=  7 m5_p=0.5877  m6_ic=0.0634
[20:02:56]   HIT  IMOEX              inflation        lag= 30 m5_p=0.5803  m6_ic=0.1008
[20:02:56]   HIT  IMOEX              banking          lag=  1 m5_p=0.2253  m6_ic=0.1129
[20:02:57]   HIT  IMOEX              banking          lag= 30 m5_p=0.6247  m6_ic=0.0719
[20:02:57]   HIT  IMOEX              gold             lag=  1 m5_p=0.1881  m6_ic=0.0330
[20:02:57]   HIT  IMOEX              gold             lag=  7 m5_p=0.8441  m6_ic=0.0457
[20:02:58]   HIT  MOEXFN             oil              lag=  7 m5_p=0.3823  m6_ic=0.0555
[20:02:59]   HIT  MOEXFN             rate             lag=  1 m5_p=0.1128  m6_ic=0.0572
[20:02:59]   HIT  MOEXFN             rate             lag= 30 m5_p=0.9347  m6_ic=0.0956
[20:02:59]   HIT  MOEXFN             ruble            lag=  1 m5_p=0.3256  m6_ic=0.0750
[20:02:59]   HIT  MOEXFN             ruble            lag=  7 m5_p=0.6758  m6_ic=0.0360
[20:03:00]   HIT  MOEXFN             ruble            lag= 30 m5_p=0.6894  m6_ic=0.0504
[20:03:00]   HIT  MOEXFN             sanctions        lag=  7 m5_p=0.7753  m6_ic=0.0594
[20:03:00]   HIT  MOEXFN             sanctions        lag= 14 m5_p=0.9255  m6_ic=0.0561
[20:03:01]   HIT  MOEXFN             sanctions        lag= 30 m5_p=0.3461  m6_ic=0.0867
[20:03:01]   HIT  MOEXFN             inflation        lag=  1 m5_p=0.0918  m6_ic=0.0509
[20:03:02]   HIT  MOEXFN             banking          lag=  1 m5_p=0.1911  m6_ic=0.0902
[20:03:02]   HIT  MOEXFN             banking          lag=  7 m5_p=0.3546  m6_ic=0.0357
[20:03:02]   HIT  MOEXFN             banking          lag= 30 m5_p=0.2464  m6_ic=0.1143
[20:03:03]   HIT  MOEXFN             gold             lag=  7 m5_p=0.6910  m6_ic=0.0444
[20:03:03]   HIT  MOEXOG             oil              lag=  7 m5_p=0.4351  m6_ic=0.1201
[20:03:04]   HIT  MOEXOG             oil              lag= 14 m5_p=0.5055  m6_ic=0.0430
[20:03:04]   HIT  MOEXOG             oil              lag= 30 m5_p=0.6199  m6_ic=0.0678
[20:03:04]   HIT  MOEXOG             rate             lag=  1 m5_p=0.1240  m6_ic=0.0447
[20:03:04]   HIT  MOEXOG             rate             lag= 14 m5_p=0.2992  m6_ic=0.0307
[20:03:05]   HIT  MOEXOG             rate             lag= 30 m5_p=0.9974  m6_ic=0.1017
[20:03:05]   HIT  MOEXOG             ruble            lag=  1 m5_p=0.7496  m6_ic=0.0840
[20:03:05]   HIT  MOEXOG             ruble            lag=  7 m5_p=0.4303  m6_ic=0.0639
[20:03:05]   HIT  MOEXOG             ruble            lag= 30 m5_p=0.4104  m6_ic=0.1030
[20:03:06]   HIT  MOEXOG             sanctions        lag=  7 m5_p=0.1408  m6_ic=0.0445
[20:03:06]   HIT  MOEXOG             sanctions        lag= 14 m5_p=0.9303  m6_ic=0.0472
[20:03:06]   HIT  MOEXOG             sanctions        lag= 30 m5_p=0.9924  m6_ic=0.0328
[20:03:07]   HIT  MOEXOG             inflation        lag=  7 m5_p=0.4974  m6_ic=0.0594
[20:03:07]   HIT  MOEXOG             inflation        lag= 30 m5_p=0.1695  m6_ic=0.1147
[20:03:07]   HIT  MOEXOG             banking          lag=  1 m5_p=0.1295  m6_ic=0.1578
[20:03:07]   HIT  MOEXOG             banking          lag=  7 m5_p=0.2620  m6_ic=0.0737
[20:03:08]   HIT  MOEXOG             banking          lag= 14 m5_p=0.2146  m6_ic=0.0304
[20:03:08]   HIT  MOEXOG             banking          lag= 30 m5_p=0.1279  m6_ic=0.0343
[20:03:08]   HIT  MOEXOG             gold             lag=  1 m5_p=0.1103  m6_ic=0.0536
[20:03:09]   HIT  MOEXOG             gold             lag= 30 m5_p=0.7551  m6_ic=0.0595
[20:03:09]   HIT  MOEX10             oil              lag=  7 m5_p=0.3970  m6_ic=0.0669
[20:03:09]   HIT  MOEX10             oil              lag= 14 m5_p=0.8907  m6_ic=0.0437
[20:03:10]   HIT  MOEX10             oil              lag= 30 m5_p=0.4688  m6_ic=0.0402
[20:03:10]   HIT  MOEX10             rate             lag=  1 m5_p=0.1918  m6_ic=0.0642
[20:03:10]   HIT  MOEX10             rate             lag= 14 m5_p=0.3288  m6_ic=0.0401
[20:03:10]   HIT  MOEX10             rate             lag= 30 m5_p=0.4227  m6_ic=0.1644
[20:03:10]   HIT  MOEX10             ruble            lag=  1 m5_p=0.7842  m6_ic=0.0666
[20:03:11]   HIT  MOEX10             ruble            lag=  7 m5_p=0.5689  m6_ic=0.0365
[20:03:11]   HIT  MOEX10             ruble            lag= 14 m5_p=0.4969  m6_ic=0.0568
[20:03:11]   HIT  MOEX10             ruble            lag= 30 m5_p=0.5129  m6_ic=0.0473
[20:03:12]   HIT  MOEX10             sanctions        lag= 14 m5_p=0.8578  m6_ic=0.0368
[20:03:12]   HIT  MOEX10             inflation        lag=  1 m5_p=0.1634  m6_ic=0.0644
[20:03:12]   HIT  MOEX10             inflation        lag=  7 m5_p=0.6236  m6_ic=0.0318
[20:03:13]   HIT  MOEX10             banking          lag=  1 m5_p=0.2926  m6_ic=0.0754
[20:03:14]   HIT  MOEX10             banking          lag= 30 m5_p=0.2579  m6_ic=0.1062
[20:03:15]     Train: 269 signals
[20:03:15]     Val holdout (269 candidates)...
[20:03:15]     VAL PASS  SP500              oil              lag=  1  m6_ic=0.0550
[20:03:16]     VAL PASS  SP500              oil              lag=  7  m6_ic=0.0566
[20:03:16]     VAL PASS  SP500              rate             lag= 30  m6_ic=0.0611
[20:03:16]     VAL PASS  SP500              ruble            lag=  7  m6_ic=0.0657
[20:03:17]     VAL PASS  SP500              inflation        lag= 14  m6_ic=0.1072
[20:03:17]     VAL PASS  SP500              banking          lag=  7  m6_ic=0.0827
[20:03:17]     VAL PASS  SP500              gold             lag=  7  m6_ic=0.0408
[20:03:17]     VAL PASS  USD_RUB            oil              lag=  1  m6_ic=0.1082
[20:03:18]     VAL PASS  USD_RUB            oil              lag= 30  m6_ic=0.1140
[20:03:18]     VAL PASS  USD_RUB            rate             lag=  1  m6_ic=0.0635
[20:03:18]     VAL PASS  USD_RUB            rate             lag= 14  m6_ic=0.1297
[20:03:19]     VAL PASS  USD_RUB            rate             lag= 30  m6_ic=0.0577
[20:03:19]     VAL PASS  USD_RUB            ruble            lag=  1  m6_ic=0.0704
[20:03:19]     VAL PASS  USD_RUB            ruble            lag=  7  m6_ic=0.0754
[20:03:19]     VAL PASS  USD_RUB            ruble            lag= 14  m6_ic=0.1186
[20:03:19]     VAL PASS  USD_RUB            sanctions        lag=  7  m6_ic=0.0796
[20:03:20]     VAL PASS  USD_RUB            sanctions        lag= 14  m6_ic=0.1077
[20:03:20]     VAL PASS  USD_RUB            sanctions        lag= 30  m6_ic=0.0894
[20:03:20]     VAL PASS  USD_RUB            inflation        lag=  7  m6_ic=0.0707
[20:03:21]     VAL PASS  EUR_RUB            oil              lag=  1  m6_ic=0.1082
[20:03:21]     VAL PASS  EUR_RUB            oil              lag= 30  m6_ic=0.1140
[20:03:22]     VAL PASS  EUR_RUB            rate             lag=  1  m6_ic=0.0635
[20:03:22]     VAL PASS  EUR_RUB            rate             lag= 14  m6_ic=0.1297
[20:03:22]     VAL PASS  EUR_RUB            rate             lag= 30  m6_ic=0.0577
[20:03:22]     VAL PASS  EUR_RUB            ruble            lag=  1  m6_ic=0.0704
[20:03:22]     VAL PASS  EUR_RUB            ruble            lag=  7  m6_ic=0.0754
[20:03:23]     VAL PASS  EUR_RUB            ruble            lag= 14  m6_ic=0.1186
[20:03:23]     VAL PASS  EUR_RUB            sanctions        lag=  7  m6_ic=0.0796
[20:03:23]     VAL PASS  EUR_RUB            sanctions        lag= 14  m6_ic=0.1077
[20:03:23]     VAL PASS  EUR_RUB            sanctions        lag= 30  m6_ic=0.0894
[20:03:24]     VAL PASS  EUR_RUB            inflation        lag=  7  m6_ic=0.0707
[20:03:25]     VAL PASS  DJ_SOUTH_AFRICA    sanctions        lag=  1  m6_ic=0.0457
[20:03:26]     VAL PASS  DJ_SOUTH_AFRICA    sanctions        lag=  7  m6_ic=0.0566
[20:03:26]     VAL PASS  DJ_SOUTH_AFRICA    sanctions        lag= 14  m6_ic=0.0420
[20:03:26]     VAL PASS  DJ_SOUTH_AFRICA    sanctions        lag= 30  m6_ic=0.0423
[20:03:27]     VAL PASS  DJ_SOUTH_AFRICA    inflation        lag= 30  m6_ic=0.0358
[20:03:27]     VAL PASS  DJ_SOUTH_AFRICA    banking          lag=  1  m6_ic=0.0851
[20:03:27]     VAL PASS  DJ_SOUTH_AFRICA    banking          lag=  7  m6_ic=0.0443
[20:03:27]     VAL PASS  DJ_SOUTH_AFRICA    banking          lag= 30  m6_ic=0.0356
[20:03:28]     VAL PASS  DJ_SOUTH_AFRICA    gold             lag=  1  m6_ic=0.0555
[20:03:28]     VAL PASS  DJ_SOUTH_AFRICA    gold             lag=  7  m6_ic=0.0551
[20:03:28]     VAL PASS  DJ_SOUTH_AFRICA    gold             lag= 14  m6_ic=0.0637
[20:03:28]     VAL PASS  DJ_SOUTH_AFRICA    gold             lag= 30  m6_ic=0.1073
[20:03:28]     VAL PASS  MSCI_WORLD         oil              lag= 14  m6_ic=0.0649
[20:03:28]     VAL PASS  MSCI_WORLD         oil              lag= 30  m6_ic=0.0348
[20:03:29]     VAL PASS  MSCI_WORLD         rate             lag=  1  m6_ic=0.0303
[20:03:29]     VAL PASS  MSCI_WORLD         rate             lag= 14  m6_ic=0.0896
[20:03:29]     VAL PASS  MSCI_WORLD         rate             lag= 30  m6_ic=0.0506
[20:03:30]     VAL PASS  MSCI_WORLD         banking          lag=  1  m6_ic=0.0556
[20:03:31]     VAL PASS  MSCI_WORLD         banking          lag= 30  m6_ic=0.0343
[20:03:32]     VAL PASS  DXY                oil              lag= 14  m6_ic=0.1204
[20:03:32]     VAL PASS  DXY                rate             lag=  7  m6_ic=0.0960
[20:03:32]     VAL PASS  DXY                rate             lag= 30  m6_ic=0.0832
[20:03:32]     VAL PASS  DXY                ruble            lag= 30  m6_ic=0.0981
[20:03:33]     VAL PASS  DXY                sanctions        lag=  7  m6_ic=0.0456
[20:03:33]     VAL PASS  DXY                sanctions        lag= 14  m6_ic=0.0308
[20:03:33]     VAL PASS  DXY                banking          lag=  7  m6_ic=0.0908
[20:03:33]     VAL PASS  DXY                banking          lag= 14  m6_ic=0.0449
[20:03:33]     VAL PASS  DXY                banking          lag= 30  m6_ic=0.0622
[20:03:34]     VAL PASS  DXY                gold             lag= 14  m6_ic=0.0884
[20:03:34]     VAL PASS  DXY                gold             lag= 30  m6_ic=0.0407
[20:03:34]     VAL PASS  BRENT              oil              lag= 14  m6_ic=0.0876
[20:03:34]     VAL PASS  BRENT              oil              lag= 30  m6_ic=0.0938
[20:03:35]     VAL PASS  BRENT              rate             lag= 14  m6_ic=0.0323
[20:03:35]     VAL PASS  BRENT              ruble            lag= 14  m6_ic=0.0517
[20:03:36]     VAL PASS  BRENT              sanctions        lag=  7  m6_ic=0.0416
[20:03:37]     VAL PASS  BRENT              inflation        lag= 30  m6_ic=0.0655
[20:03:38]     VAL PASS  MSCI_INDIA         oil              lag=  7  m6_ic=0.0566
[20:03:38]     VAL PASS  MSCI_INDIA         rate             lag=  7  m6_ic=0.0834
[20:03:38]     VAL PASS  MSCI_INDIA         rate             lag= 30  m6_ic=0.1738
[20:03:38]     VAL PASS  MSCI_INDIA         sanctions        lag=  1  m6_ic=0.1118
[20:03:39]     VAL PASS  MSCI_INDIA         inflation        lag=  1  m6_ic=0.0506
[20:03:39]     VAL PASS  MSCI_INDIA         inflation        lag= 30  m6_ic=0.0443
[20:03:39]     VAL PASS  MSCI_INDIA         banking          lag=  1  m6_ic=0.0486
[20:03:39]     VAL PASS  MSCI_INDIA         banking          lag=  7  m6_ic=0.0330
[20:03:40]     VAL PASS  MSCI_INDIA         banking          lag= 30  m6_ic=0.0722
[20:03:40]     VAL PASS  MSCI_INDIA         gold             lag=  1  m6_ic=0.0812
[20:03:41]     VAL PASS  CHINA_H_SHARES     rate             lag=  1  m6_ic=0.0515
[20:03:41]     VAL PASS  CHINA_H_SHARES     rate             lag=  7  m6_ic=0.0504
[20:03:41]     VAL PASS  CHINA_H_SHARES     rate             lag= 14  m6_ic=0.0901
[20:03:41]     VAL PASS  CHINA_H_SHARES     ruble            lag=  1  m6_ic=0.0727
[20:03:41]     VAL PASS  CHINA_H_SHARES     ruble            lag= 30  m6_ic=0.0745
[20:03:42]     VAL PASS  CHINA_H_SHARES     sanctions        lag=  1  m6_ic=0.0463
[20:03:42]     VAL PASS  CHINA_H_SHARES     sanctions        lag= 14  m6_ic=0.0627
[20:03:42]     VAL PASS  CHINA_H_SHARES     sanctions        lag= 30  m6_ic=0.0977
[20:03:43]     VAL PASS  CHINA_H_SHARES     banking          lag= 14  m6_ic=0.0575
[20:03:43]     VAL PASS  CHINA_H_SHARES     gold             lag= 14  m6_ic=0.0951
[20:03:43]     VAL PASS  FTSE_CHINA_50      oil              lag=  1  m6_ic=0.0758
[20:03:43]     VAL PASS  FTSE_CHINA_50      oil              lag=  7  m6_ic=0.0351
[20:03:44]     VAL PASS  FTSE_CHINA_50      rate             lag=  1  m6_ic=0.0715
[20:03:44]     VAL PASS  FTSE_CHINA_50      rate             lag=  7  m6_ic=0.0946
[20:03:44]     VAL PASS  FTSE_CHINA_50      rate             lag= 14  m6_ic=0.0461
[20:03:44]     VAL PASS  FTSE_CHINA_50      ruble            lag= 30  m6_ic=0.0522
[20:03:45]     VAL PASS  FTSE_CHINA_50      sanctions        lag= 30  m6_ic=0.0720
[20:03:45]     VAL PASS  FTSE_CHINA_50      inflation        lag=  1  m6_ic=0.0345
[20:03:45]     VAL PASS  FTSE_CHINA_50      inflation        lag=  7  m6_ic=0.0458
[20:03:46]     VAL PASS  FTSE_CHINA_50      gold             lag=  7  m6_ic=0.0381
[20:03:46]     VAL PASS  FTSE_CHINA_50      gold             lag= 14  m6_ic=0.0526
[20:03:46]     VAL PASS  FTSE_CHINA_50      gold             lag= 30  m6_ic=0.0736
[20:03:47]     VAL PASS  GOLD               oil              lag=  1  m6_ic=0.0851
[20:03:47]     VAL PASS  GOLD               oil              lag= 30  m6_ic=0.0743
[20:03:47]     VAL PASS  GOLD               ruble            lag=  7  m6_ic=0.0650
[20:03:47]     VAL PASS  GOLD               ruble            lag= 14  m6_ic=0.0500
[20:03:48]     VAL PASS  GOLD               ruble            lag= 30  m6_ic=0.0531
[20:03:48]     VAL PASS  GOLD               sanctions        lag=  1  m6_ic=0.0581
[20:03:48]     VAL PASS  GOLD               sanctions        lag=  7  m6_ic=0.0909
[20:03:48]     VAL PASS  GOLD               inflation        lag=  1  m6_ic=0.0616
[20:03:48]     VAL PASS  GOLD               inflation        lag= 30  m6_ic=0.0763
[20:03:49]     VAL PASS  GOLD               banking          lag=  1  m6_ic=0.0610
[20:03:49]     VAL PASS  GOLD               banking          lag=  7  m6_ic=0.0414
[20:03:49]     VAL PASS  GOLD               banking          lag= 14  m6_ic=0.0503
[20:03:50]     VAL PASS  SILVER             rate             lag= 14  m6_ic=0.1188
[20:03:50]     VAL PASS  SILVER             rate             lag= 30  m6_ic=0.0396
[20:03:51]     VAL PASS  SILVER             ruble            lag= 14  m6_ic=0.0338
[20:03:51]     VAL PASS  SILVER             ruble            lag= 30  m6_ic=0.0367
[20:03:51]     VAL PASS  SILVER             sanctions        lag=  7  m6_ic=0.0692
[20:03:51]     VAL PASS  SILVER             inflation        lag=  1  m6_ic=0.0842
[20:03:52]     VAL PASS  SILVER             inflation        lag= 14  m6_ic=0.0577
[20:03:52]     VAL PASS  SILVER             banking          lag=  1  m6_ic=0.0579
[20:03:52]     VAL PASS  SILVER             banking          lag= 30  m6_ic=0.0373
[20:03:52]     VAL PASS  SILVER             gold             lag=  1  m6_ic=0.0628
[20:03:53]     VAL PASS  SILVER             gold             lag= 14  m6_ic=0.0476
[20:03:53]     VAL PASS  IMOEX              oil              lag= 14  m6_ic=0.0326
[20:03:53]     VAL PASS  IMOEX              rate             lag= 14  m6_ic=0.0616
[20:03:54]     VAL PASS  IMOEX              rate             lag= 30  m6_ic=0.0468
[20:03:54]     VAL PASS  IMOEX              ruble            lag=  1  m6_ic=0.0661
[20:03:54]     VAL PASS  IMOEX              ruble            lag=  7  m6_ic=0.0732
[20:03:54]     VAL PASS  IMOEX              ruble            lag= 30  m6_ic=0.1228
[20:03:54]     VAL PASS  IMOEX              sanctions        lag= 14  m6_ic=0.0891
[20:03:54]     VAL PASS  IMOEX              inflation        lag=  1  m6_ic=0.0482
[20:03:55]     VAL PASS  IMOEX              inflation        lag=  7  m6_ic=0.0720
[20:03:55]     VAL PASS  IMOEX              banking          lag= 30  m6_ic=0.0438
[20:03:55]     VAL PASS  IMOEX              gold             lag=  1  m6_ic=0.0407
[20:03:56]     VAL PASS  MOEXFN             ruble            lag=  1  m6_ic=0.0466
[20:03:56]     VAL PASS  MOEXFN             ruble            lag=  7  m6_ic=0.0524
[20:03:57]     VAL PASS  MOEXFN             ruble            lag= 30  m6_ic=0.1087
[20:03:57]     VAL PASS  MOEXFN             sanctions        lag=  7  m6_ic=0.0638
[20:03:57]     VAL PASS  MOEXFN             sanctions        lag= 14  m6_ic=0.0785
[20:03:57]     VAL PASS  MOEXFN             sanctions        lag= 30  m6_ic=0.0793
[20:03:57]     VAL PASS  MOEXFN             inflation        lag=  1  m6_ic=0.0818
[20:03:57]     VAL PASS  MOEXFN             banking          lag=  1  m6_ic=0.0471
[20:03:58]     VAL PASS  MOEXFN             banking          lag=  7  m6_ic=0.0529
[20:03:58]     VAL PASS  MOEXOG             oil              lag= 14  m6_ic=0.0340
[20:03:59]     VAL PASS  MOEXOG             oil              lag= 30  m6_ic=0.0663
[20:03:59]     VAL PASS  MOEXOG             rate             lag=  1  m6_ic=0.0423
[20:03:59]     VAL PASS  MOEXOG             rate             lag= 14  m6_ic=0.0638
[20:03:59]     VAL PASS  MOEXOG             ruble            lag=  1  m6_ic=0.0505
[20:03:59]     VAL PASS  MOEXOG             ruble            lag=  7  m6_ic=0.0791
[20:04:00]     VAL PASS  MOEXOG             ruble            lag= 30  m6_ic=0.0750
[20:04:00]     VAL PASS  MOEXOG             sanctions        lag=  7  m6_ic=0.0534
[20:04:00]     VAL PASS  MOEXOG             sanctions        lag= 14  m6_ic=0.1024
[20:04:00]     VAL PASS  MOEXOG             sanctions        lag= 30  m6_ic=0.0510
[20:04:00]     VAL PASS  MOEXOG             inflation        lag=  7  m6_ic=0.0845
[20:04:01]     VAL PASS  MOEXOG             banking          lag=  1  m6_ic=0.0887
[20:04:01]     VAL PASS  MOEXOG             banking          lag=  7  m6_ic=0.1396
[20:04:01]     VAL PASS  MOEXOG             gold             lag=  1  m6_ic=0.0336
[20:04:02]     VAL PASS  MOEXOG             gold             lag= 30  m6_ic=0.0948
[20:04:02]     VAL PASS  MOEX10             oil              lag= 14  m6_ic=0.0647
[20:04:02]     VAL PASS  MOEX10             oil              lag= 30  m6_ic=0.0521
[20:04:02]     VAL PASS  MOEX10             rate             lag=  1  m6_ic=0.0330
[20:04:03]     VAL PASS  MOEX10             rate             lag= 30  m6_ic=0.0587
[20:04:03]     VAL PASS  MOEX10             ruble            lag=  1  m6_ic=0.0559
[20:04:03]     VAL PASS  MOEX10             ruble            lag=  7  m6_ic=0.0819
[20:04:03]     VAL PASS  MOEX10             ruble            lag= 14  m6_ic=0.0718
[20:04:03]     VAL PASS  MOEX10             ruble            lag= 30  m6_ic=0.0542
[20:04:04]     VAL PASS  MOEX10             sanctions        lag= 14  m6_ic=0.0879
[20:04:04]     VAL PASS  MOEX10             inflation        lag=  1  m6_ic=0.0420
[20:04:04]     VAL PASS  MOEX10             inflation        lag=  7  m6_ic=0.0700
[20:04:04]     VAL PASS  MOEX10             banking          lag=  1  m6_ic=0.0310
[20:04:04]     Val: 169/269 held
[20:04:04]   → train=269  val=169  max_ic=0.1644  score=2838.0
[20:04:04] 
============================================================
[20:04:04] FINAL REPORT
[20:04:04] ============================================================
[20:04:04] Report: C:\project\signal_mind\analytics\phase_b\night_search\night_report_20260520_200111.md
[20:04:04] Hits CSV: C:\project\signal_mind\analytics\phase_b\night_search\night_hits_20260520_200111.csv
[20:04:04] 
[2/15] sweep_keyword_raw_abs_return  (budget=34min)
[20:04:04]   Config: sweep_keyword_raw_abs_return
[20:04:04]     feature=keyword_raw  target=abs_return  ensemble=M6_only  ic_min=0.03
[20:04:04]   HIT  SP500              oil              lag=  1 m5_p=0.6627  m6_ic=0.0539
[20:04:05]   HIT  SP500              oil              lag=  7 m5_p=0.5171  m6_ic=0.0363
[20:04:06]   HIT  SP500              rate             lag= 14 m5_p=0.5287  m6_ic=0.0301
[20:04:06]   HIT  SP500              rate             lag= 30 m5_p=0.9348  m6_ic=0.0314
[20:04:06]   HIT  SP500              ruble            lag=  7 m5_p=0.9108  m6_ic=0.0474
[20:04:07]   HIT  SP500              ruble            lag= 30 m5_p=0.0762  m6_ic=0.0413
[20:04:08]   HIT  SP500              inflation        lag= 14 m5_p=0.5948  m6_ic=0.0655
[20:04:09]   HIT  SP500              banking          lag=  7 m5_p=0.3701  m6_ic=0.0536
[20:04:10]   HIT  SP500              gold             lag=  7 m5_p=0.8524  m6_ic=0.0942
[20:04:10]   HIT  USD_RUB            oil              lag=  1 m5_p=0.4151  m6_ic=0.0614
[20:04:11]   HIT  USD_RUB            oil              lag= 14 m5_p=0.6241  m6_ic=0.0417
[20:04:11]   HIT  USD_RUB            oil              lag= 30 m5_p=0.1626  m6_ic=0.0698
[20:04:11]   HIT  USD_RUB            rate             lag=  1 m5_p=0.7527  m6_ic=0.0950
[20:04:11]   HIT  USD_RUB            rate             lag=  7 m5_p=0.8101  m6_ic=0.0394
[20:04:11]   HIT  USD_RUB            rate             lag= 14 m5_p=0.7542  m6_ic=0.0378
[20:04:12]   HIT  USD_RUB            rate             lag= 30 m5_p=0.9971  m6_ic=0.0479
[20:04:12]   HIT  USD_RUB            ruble            lag=  1 m5_p=0.7646  m6_ic=0.0442
[20:04:12]   HIT  USD_RUB            ruble            lag=  7 m5_p=0.4884  m6_ic=0.0483
[20:04:12]   HIT  USD_RUB            ruble            lag= 14 m5_p=0.9676  m6_ic=0.1183
[20:04:13]   HIT  USD_RUB            sanctions        lag=  1 m5_p=0.0777  m6_ic=0.1348
[20:04:13]   HIT  USD_RUB            sanctions        lag=  7 m5_p=0.9775  m6_ic=0.0313
[20:04:13]   HIT  USD_RUB            sanctions        lag= 14 m5_p=0.1527  m6_ic=0.0743
[20:04:13]   HIT  USD_RUB            sanctions        lag= 30 m5_p=0.6349  m6_ic=0.0726
[20:04:13]   HIT  USD_RUB            inflation        lag=  1 m5_p=0.8798  m6_ic=0.0351
[20:04:14]   HIT  USD_RUB            inflation        lag=  7 m5_p=0.9352  m6_ic=0.0371
[20:04:14]   HIT  USD_RUB            inflation        lag= 14 m5_p=0.5422  m6_ic=0.0338
[20:04:15]   HIT  USD_RUB            banking          lag= 14 m5_p=0.8158  m6_ic=0.0645
[20:04:15]   HIT  USD_RUB            banking          lag= 30 m5_p=0.6790  m6_ic=0.0792
[20:04:15]   HIT  USD_RUB            gold             lag= 14 m5_p=0.9653  m6_ic=0.0307
[20:04:16]   HIT  EUR_RUB            oil              lag=  1 m5_p=0.4151  m6_ic=0.0614
[20:04:16]   HIT  EUR_RUB            oil              lag= 14 m5_p=0.6241  m6_ic=0.0417
[20:04:16]   HIT  EUR_RUB            oil              lag= 30 m5_p=0.1626  m6_ic=0.0698
[20:04:17]   HIT  EUR_RUB            rate             lag=  1 m5_p=0.7527  m6_ic=0.0950
[20:04:17]   HIT  EUR_RUB            rate             lag=  7 m5_p=0.8101  m6_ic=0.0394
[20:04:17]   HIT  EUR_RUB            rate             lag= 14 m5_p=0.7542  m6_ic=0.0378
[20:04:17]   HIT  EUR_RUB            rate             lag= 30 m5_p=0.9971  m6_ic=0.0479
[20:04:17]   HIT  EUR_RUB            ruble            lag=  1 m5_p=0.7646  m6_ic=0.0442
[20:04:18]   HIT  EUR_RUB            ruble            lag=  7 m5_p=0.4884  m6_ic=0.0483
[20:04:18]   HIT  EUR_RUB            ruble            lag= 14 m5_p=0.9676  m6_ic=0.1183
[20:04:18]   HIT  EUR_RUB            sanctions        lag=  1 m5_p=0.0777  m6_ic=0.1348
[20:04:18]   HIT  EUR_RUB            sanctions        lag=  7 m5_p=0.9775  m6_ic=0.0313
[20:04:19]   HIT  EUR_RUB            sanctions        lag= 14 m5_p=0.1527  m6_ic=0.0743
[20:04:19]   HIT  EUR_RUB            sanctions        lag= 30 m5_p=0.6349  m6_ic=0.0726
[20:04:19]   HIT  EUR_RUB            inflation        lag=  1 m5_p=0.8798  m6_ic=0.0351
[20:04:19]   HIT  EUR_RUB            inflation        lag=  7 m5_p=0.9352  m6_ic=0.0371
[20:04:19]   HIT  EUR_RUB            inflation        lag= 14 m5_p=0.5422  m6_ic=0.0338
[20:04:20]   HIT  EUR_RUB            banking          lag= 14 m5_p=0.8158  m6_ic=0.0645
[20:04:20]   HIT  EUR_RUB            banking          lag= 30 m5_p=0.6790  m6_ic=0.0792
[20:04:21]   HIT  EUR_RUB            gold             lag= 14 m5_p=0.9653  m6_ic=0.0307
[20:04:22]   HIT  DJ_SOUTH_AFRICA    oil              lag=  7 m5_p=0.4695  m6_ic=0.0444
[20:04:23]   HIT  DJ_SOUTH_AFRICA    rate             lag= 30 m5_p=0.5259  m6_ic=0.0386
[20:04:23]   HIT  DJ_SOUTH_AFRICA    ruble            lag= 14 m5_p=0.8469  m6_ic=0.0706
[20:04:24]   HIT  DJ_SOUTH_AFRICA    ruble            lag= 30 m5_p=0.4112  m6_ic=0.0331
[20:04:24]   HIT  DJ_SOUTH_AFRICA    sanctions        lag=  1 m5_p=0.7779  m6_ic=0.1255
[20:04:24]   HIT  DJ_SOUTH_AFRICA    sanctions        lag=  7 m5_p=0.4984  m6_ic=0.0476
[20:04:24]   HIT  DJ_SOUTH_AFRICA    sanctions        lag= 14 m5_p=0.0167  m6_ic=0.0383
[20:04:24]   HIT  DJ_SOUTH_AFRICA    sanctions        lag= 30 m5_p=0.1325  m6_ic=0.0511
[20:04:24]   HIT  DJ_SOUTH_AFRICA    inflation        lag=  1 m5_p=0.4426  m6_ic=0.0457
[20:04:25]   HIT  DJ_SOUTH_AFRICA    inflation        lag= 14 m5_p=0.8858  m6_ic=0.0498
[20:04:25]   HIT  DJ_SOUTH_AFRICA    inflation        lag= 30 m5_p=0.9178  m6_ic=0.0772
[20:04:25]   HIT  DJ_SOUTH_AFRICA    banking          lag=  1 m5_p=0.8775  m6_ic=0.0612
[20:04:26]   HIT  DJ_SOUTH_AFRICA    banking          lag=  7 m5_p=0.9187  m6_ic=0.1092
[20:04:26]   HIT  DJ_SOUTH_AFRICA    banking          lag= 14 m5_p=0.7734  m6_ic=0.0857
[20:04:26]   HIT  DJ_SOUTH_AFRICA    banking          lag= 30 m5_p=0.5459  m6_ic=0.0867
[20:04:26]   HIT  DJ_SOUTH_AFRICA    gold             lag=  1 m5_p=0.9638  m6_ic=0.0482
[20:04:26]   HIT  DJ_SOUTH_AFRICA    gold             lag=  7 m5_p=0.0160  m6_ic=0.0380
[20:04:26]   HIT  DJ_SOUTH_AFRICA    gold             lag= 14 m5_p=0.1792  m6_ic=0.0626
[20:04:27]   HIT  DJ_SOUTH_AFRICA    gold             lag= 30 m5_p=0.8632  m6_ic=0.0696
[20:04:27]   HIT  MSCI_WORLD         oil              lag= 14 m5_p=0.7583  m6_ic=0.0790
[20:04:28]   HIT  MSCI_WORLD         oil              lag= 30 m5_p=0.5465  m6_ic=0.0388
[20:04:28]   HIT  MSCI_WORLD         rate             lag=  1 m5_p=0.8296  m6_ic=0.0851
[20:04:28]   HIT  MSCI_WORLD         rate             lag=  7 m5_p=0.4579  m6_ic=0.0438
[20:04:28]   HIT  MSCI_WORLD         rate             lag= 14 m5_p=0.7534  m6_ic=0.0444
[20:04:28]   HIT  MSCI_WORLD         rate             lag= 30 m5_p=0.4239  m6_ic=0.1146
[20:04:28]   HIT  MSCI_WORLD         ruble            lag=  1 m5_p=0.8053  m6_ic=0.0430
[20:04:29]   HIT  MSCI_WORLD         sanctions        lag=  1 m5_p=0.9279  m6_ic=0.0375
[20:04:30]   HIT  MSCI_WORLD         sanctions        lag= 14 m5_p=0.0236  m6_ic=0.0584
[20:04:30]   HIT  MSCI_WORLD         sanctions        lag= 30 m5_p=0.1371  m6_ic=0.0381
[20:04:30]   HIT  MSCI_WORLD         inflation        lag=  1 m5_p=0.9293  m6_ic=0.0340
[20:04:30]   HIT  MSCI_WORLD         inflation        lag=  7 m5_p=0.8139  m6_ic=0.0516
[20:04:31]   HIT  MSCI_WORLD         banking          lag=  1 m5_p=0.6049  m6_ic=0.0353
[20:04:31]   HIT  MSCI_WORLD         banking          lag=  7 m5_p=0.2795  m6_ic=0.0432
[20:04:31]   HIT  MSCI_WORLD         banking          lag= 14 m5_p=0.5942  m6_ic=0.0327
[20:04:31]   HIT  MSCI_WORLD         banking          lag= 30 m5_p=0.7214  m6_ic=0.0710
[20:04:32]   HIT  MSCI_WORLD         gold             lag= 14 m5_p=0.9363  m6_ic=0.0811
[20:04:32]   HIT  DXY                oil              lag=  1 m5_p=0.9938  m6_ic=0.0545
[20:04:33]   HIT  DXY                oil              lag=  7 m5_p=0.4559  m6_ic=0.0401
[20:04:33]   HIT  DXY                oil              lag= 14 m5_p=0.9907  m6_ic=0.0408
[20:04:33]   HIT  DXY                rate             lag=  1 m5_p=0.6407  m6_ic=0.1002
[20:04:33]   HIT  DXY                rate             lag=  7 m5_p=0.8922  m6_ic=0.0507
[20:04:34]   HIT  DXY                rate             lag= 30 m5_p=0.6109  m6_ic=0.0358
[20:04:35]   HIT  DXY                ruble            lag= 30 m5_p=0.7125  m6_ic=0.0336
[20:04:35]   HIT  DXY                sanctions        lag=  7 m5_p=0.6776  m6_ic=0.0334
[20:04:35]   HIT  DXY                sanctions        lag= 14 m5_p=0.2611  m6_ic=0.0324
[20:04:37]   HIT  DXY                banking          lag=  7 m5_p=0.9637  m6_ic=0.0312
[20:04:37]   HIT  DXY                banking          lag= 14 m5_p=0.7537  m6_ic=0.0459
[20:04:37]   HIT  DXY                banking          lag= 30 m5_p=0.8030  m6_ic=0.0401
[20:04:37]   HIT  DXY                gold             lag=  7 m5_p=0.1827  m6_ic=0.0601
[20:04:38]   HIT  DXY                gold             lag= 14 m5_p=0.6443  m6_ic=0.0731
[20:04:38]   HIT  DXY                gold             lag= 30 m5_p=0.8404  m6_ic=0.0608
[20:04:38]   HIT  BRENT              oil              lag=  7 m5_p=0.9807  m6_ic=0.0504
[20:04:38]   HIT  BRENT              oil              lag= 14 m5_p=0.8691  m6_ic=0.0561
[20:04:39]   HIT  BRENT              oil              lag= 30 m5_p=0.8554  m6_ic=0.0732
[20:04:39]   HIT  BRENT              rate             lag=  7 m5_p=0.9612  m6_ic=0.0734
[20:04:39]   HIT  BRENT              rate             lag= 14 m5_p=0.9184  m6_ic=0.0727
[20:04:40]   HIT  BRENT              ruble            lag=  7 m5_p=0.1811  m6_ic=0.0722
[20:04:40]   HIT  BRENT              ruble            lag= 14 m5_p=0.6368  m6_ic=0.0536
[20:04:40]   HIT  BRENT              ruble            lag= 30 m5_p=0.4976  m6_ic=0.0478
[20:04:40]   HIT  BRENT              sanctions        lag=  1 m5_p=0.8883  m6_ic=0.0389
[20:04:41]   HIT  BRENT              sanctions        lag=  7 m5_p=0.0344  m6_ic=0.1222
[20:04:41]   HIT  BRENT              sanctions        lag= 14 m5_p=0.6047  m6_ic=0.0669
[20:04:41]   HIT  BRENT              sanctions        lag= 30 m5_p=0.7844  m6_ic=0.0517
[20:04:42]   HIT  BRENT              inflation        lag=  7 m5_p=0.6647  m6_ic=0.0522
[20:04:42]   HIT  BRENT              inflation        lag= 30 m5_p=0.7393  m6_ic=0.0407
[20:04:43]   HIT  BRENT              banking          lag= 30 m5_p=0.3849  m6_ic=0.0319
[20:04:43]   HIT  BRENT              gold             lag=  1 m5_p=0.4448  m6_ic=0.0355
[20:04:44]   HIT  BRENT              gold             lag= 30 m5_p=0.6646  m6_ic=0.0375
[20:04:44]   HIT  MSCI_INDIA         oil              lag=  1 m5_p=0.8762  m6_ic=0.0847
[20:04:44]   HIT  MSCI_INDIA         oil              lag=  7 m5_p=0.6587  m6_ic=0.0376
[20:04:44]   HIT  MSCI_INDIA         oil              lag= 14 m5_p=0.9138  m6_ic=0.0576
[20:04:45]   HIT  MSCI_INDIA         rate             lag=  7 m5_p=0.4848  m6_ic=0.0311
[20:04:45]   HIT  MSCI_INDIA         rate             lag= 30 m5_p=0.6603  m6_ic=0.0430
[20:04:46]   HIT  MSCI_INDIA         ruble            lag= 30 m5_p=0.6740  m6_ic=0.0458
[20:04:46]   HIT  MSCI_INDIA         sanctions        lag=  1 m5_p=0.8585  m6_ic=0.1201
[20:04:46]   HIT  MSCI_INDIA         sanctions        lag= 14 m5_p=0.0381  m6_ic=0.0760
[20:04:47]   HIT  MSCI_INDIA         inflation        lag=  1 m5_p=0.9173  m6_ic=0.1354
[20:04:48]   HIT  MSCI_INDIA         inflation        lag= 30 m5_p=0.7822  m6_ic=0.0536
[20:04:48]   HIT  MSCI_INDIA         banking          lag=  1 m5_p=0.5125  m6_ic=0.0806
[20:04:48]   HIT  MSCI_INDIA         banking          lag=  7 m5_p=0.5848  m6_ic=0.1100
[20:04:48]   HIT  MSCI_INDIA         banking          lag= 30 m5_p=0.5876  m6_ic=0.0520
[20:04:49]   HIT  MSCI_INDIA         gold             lag=  1 m5_p=0.9223  m6_ic=0.0316
[20:04:49]   HIT  MSCI_INDIA         gold             lag= 30 m5_p=0.8411  m6_ic=0.0849
[20:04:49]   HIT  CHINA_H_SHARES     oil              lag=  1 m5_p=0.4252  m6_ic=0.0343
[20:04:50]   HIT  CHINA_H_SHARES     oil              lag=  7 m5_p=0.2836  m6_ic=0.0621
[20:04:50]   HIT  CHINA_H_SHARES     oil              lag= 14 m5_p=0.7447  m6_ic=0.0546
[20:04:50]   HIT  CHINA_H_SHARES     rate             lag=  1 m5_p=0.4171  m6_ic=0.0592
[20:04:50]   HIT  CHINA_H_SHARES     rate             lag=  7 m5_p=0.8738  m6_ic=0.0416
[20:04:50]   HIT  CHINA_H_SHARES     rate             lag= 14 m5_p=0.2584  m6_ic=0.0415
[20:04:51]   HIT  CHINA_H_SHARES     ruble            lag=  1 m5_p=0.8376  m6_ic=0.0627
[20:04:51]   HIT  CHINA_H_SHARES     ruble            lag= 30 m5_p=0.5751  m6_ic=0.0612
[20:04:52]   HIT  CHINA_H_SHARES     sanctions        lag=  1 m5_p=0.1269  m6_ic=0.0444
[20:04:52]   HIT  CHINA_H_SHARES     sanctions        lag= 14 m5_p=0.0570  m6_ic=0.0427
[20:04:52]   HIT  CHINA_H_SHARES     sanctions        lag= 30 m5_p=0.7132  m6_ic=0.0422
[20:04:53]   HIT  CHINA_H_SHARES     inflation        lag=  1 m5_p=0.5014  m6_ic=0.0630
[20:04:53]   HIT  CHINA_H_SHARES     inflation        lag=  7 m5_p=0.5842  m6_ic=0.0326
[20:04:54]   HIT  CHINA_H_SHARES     banking          lag= 14 m5_p=0.1631  m6_ic=0.0425
[20:04:54]   HIT  CHINA_H_SHARES     banking          lag= 30 m5_p=0.4281  m6_ic=0.0334
[20:04:54]   HIT  CHINA_H_SHARES     gold             lag=  1 m5_p=0.7182  m6_ic=0.0669
[20:04:54]   HIT  CHINA_H_SHARES     gold             lag= 14 m5_p=0.9956  m6_ic=0.0525
[20:04:55]   HIT  FTSE_CHINA_50      oil              lag=  1 m5_p=0.4584  m6_ic=0.0529
[20:04:55]   HIT  FTSE_CHINA_50      oil              lag=  7 m5_p=0.2440  m6_ic=0.0695
[20:04:55]   HIT  FTSE_CHINA_50      oil              lag= 14 m5_p=0.7124  m6_ic=0.0473
[20:04:56]   HIT  FTSE_CHINA_50      rate             lag=  1 m5_p=0.5148  m6_ic=0.0649
[20:04:56]   HIT  FTSE_CHINA_50      rate             lag=  7 m5_p=0.9913  m6_ic=0.0363
[20:04:56]   HIT  FTSE_CHINA_50      rate             lag= 14 m5_p=0.2687  m6_ic=0.0479
[20:04:56]   HIT  FTSE_CHINA_50      ruble            lag=  1 m5_p=0.9901  m6_ic=0.0409
[20:04:57]   HIT  FTSE_CHINA_50      ruble            lag= 30 m5_p=0.3880  m6_ic=0.0817
[20:04:58]   HIT  FTSE_CHINA_50      sanctions        lag= 14 m5_p=0.0897  m6_ic=0.0445
[20:04:58]   HIT  FTSE_CHINA_50      sanctions        lag= 30 m5_p=0.4187  m6_ic=0.0440
[20:04:58]   HIT  FTSE_CHINA_50      inflation        lag=  1 m5_p=0.6470  m6_ic=0.0428
[20:04:58]   HIT  FTSE_CHINA_50      inflation        lag=  7 m5_p=0.3905  m6_ic=0.0340
[20:04:59]   HIT  FTSE_CHINA_50      inflation        lag= 30 m5_p=0.6986  m6_ic=0.0496
[20:04:59]   HIT  FTSE_CHINA_50      banking          lag=  1 m5_p=0.6430  m6_ic=0.0363
[20:04:59]   HIT  FTSE_CHINA_50      banking          lag= 14 m5_p=0.1179  m6_ic=0.0360
[20:05:00]   HIT  FTSE_CHINA_50      gold             lag=  1 m5_p=0.6650  m6_ic=0.0336
[20:05:00]   HIT  FTSE_CHINA_50      gold             lag=  7 m5_p=0.1741  m6_ic=0.0432
[20:05:00]   HIT  FTSE_CHINA_50      gold             lag= 14 m5_p=0.9787  m6_ic=0.0412
[20:05:00]   HIT  FTSE_CHINA_50      gold             lag= 30 m5_p=0.3984  m6_ic=0.0550
[20:05:00]   HIT  GOLD               oil              lag=  1 m5_p=0.9532  m6_ic=0.0326
[20:05:01]   HIT  GOLD               oil              lag= 30 m5_p=0.3688  m6_ic=0.0932
[20:05:02]   HIT  GOLD               ruble            lag=  1 m5_p=0.7153  m6_ic=0.0798
[20:05:02]   HIT  GOLD               ruble            lag=  7 m5_p=0.6456  m6_ic=0.1263
[20:05:02]   HIT  GOLD               ruble            lag= 14 m5_p=0.4860  m6_ic=0.0612
[20:05:03]   HIT  GOLD               ruble            lag= 30 m5_p=0.7346  m6_ic=0.0603
[20:05:03]   HIT  GOLD               sanctions        lag=  1 m5_p=0.9744  m6_ic=0.0562
[20:05:03]   HIT  GOLD               sanctions        lag=  7 m5_p=0.5785  m6_ic=0.0424
[20:05:03]   HIT  GOLD               sanctions        lag= 30 m5_p=0.0448  m6_ic=0.0603
[20:05:04]   HIT  GOLD               inflation        lag=  1 m5_p=0.0726  m6_ic=0.0479
[20:05:04]   HIT  GOLD               inflation        lag= 30 m5_p=0.3846  m6_ic=0.0750
[20:05:04]   HIT  GOLD               banking          lag=  1 m5_p=0.2110  m6_ic=0.0443
[20:05:04]   HIT  GOLD               banking          lag=  7 m5_p=0.6102  m6_ic=0.0774
[20:05:05]   HIT  GOLD               banking          lag= 14 m5_p=0.4794  m6_ic=0.0343
[20:05:05]   HIT  GOLD               gold             lag=  7 m5_p=0.7286  m6_ic=0.0902
[20:05:05]   HIT  GOLD               gold             lag= 14 m5_p=0.2403  m6_ic=0.0845
[20:05:06]   HIT  GOLD               gold             lag= 30 m5_p=0.7674  m6_ic=0.0310
[20:05:06]   HIT  SILVER             oil              lag=  1 m5_p=0.5583  m6_ic=0.0637
[20:05:06]   HIT  SILVER             oil              lag=  7 m5_p=0.7134  m6_ic=0.0428
[20:05:06]   HIT  SILVER             oil              lag= 30 m5_p=0.9348  m6_ic=0.0440
[20:05:07]   HIT  SILVER             rate             lag=  7 m5_p=0.5172  m6_ic=0.0744
[20:05:07]   HIT  SILVER             rate             lag= 14 m5_p=0.5417  m6_ic=0.0392
[20:05:07]   HIT  SILVER             rate             lag= 30 m5_p=0.2067  m6_ic=0.0430
[20:05:08]   HIT  SILVER             ruble            lag= 14 m5_p=0.7541  m6_ic=0.0504
[20:05:08]   HIT  SILVER             ruble            lag= 30 m5_p=0.5015  m6_ic=0.0913
[20:05:08]   HIT  SILVER             sanctions        lag=  7 m5_p=0.7734  m6_ic=0.0438
[20:05:08]   HIT  SILVER             sanctions        lag= 14 m5_p=0.2520  m6_ic=0.0362
[20:05:09]   HIT  SILVER             sanctions        lag= 30 m5_p=0.2898  m6_ic=0.0987
[20:05:09]   HIT  SILVER             inflation        lag=  1 m5_p=0.4563  m6_ic=0.1023
[20:05:09]   HIT  SILVER             inflation        lag= 14 m5_p=0.5560  m6_ic=0.0378
[20:05:09]   HIT  SILVER             banking          lag=  1 m5_p=0.8597  m6_ic=0.1069
[20:05:10]   HIT  SILVER             banking          lag=  7 m5_p=0.7958  m6_ic=0.1034
[20:05:10]   HIT  SILVER             banking          lag= 14 m5_p=0.7033  m6_ic=0.0433
[20:05:10]   HIT  SILVER             banking          lag= 30 m5_p=0.4961  m6_ic=0.0565
[20:05:10]   HIT  SILVER             gold             lag=  1 m5_p=0.5015  m6_ic=0.0709
[20:05:11]   HIT  SILVER             gold             lag= 14 m5_p=0.9397  m6_ic=0.0362
[20:05:11]   HIT  IMOEX              oil              lag=  7 m5_p=0.3656  m6_ic=0.0982
[20:05:11]   HIT  IMOEX              oil              lag= 14 m5_p=0.6076  m6_ic=0.0473
[20:05:12]   HIT  IMOEX              rate             lag=  1 m5_p=0.1954  m6_ic=0.0644
[20:05:12]   HIT  IMOEX              rate             lag= 14 m5_p=0.2500  m6_ic=0.0539
[20:05:12]   HIT  IMOEX              rate             lag= 30 m5_p=0.7067  m6_ic=0.1142
[20:05:13]   HIT  IMOEX              ruble            lag=  1 m5_p=0.6798  m6_ic=0.0638
[20:05:13]   HIT  IMOEX              ruble            lag=  7 m5_p=0.3416  m6_ic=0.0426
[20:05:13]   HIT  IMOEX              ruble            lag= 30 m5_p=0.8905  m6_ic=0.0697
[20:05:14]   HIT  IMOEX              sanctions        lag= 14 m5_p=0.9472  m6_ic=0.0559
[20:05:14]   HIT  IMOEX              inflation        lag=  1 m5_p=0.1679  m6_ic=0.0467
[20:05:14]   HIT  IMOEX              inflation        lag=  7 m5_p=0.5877  m6_ic=0.0634
[20:05:15]   HIT  IMOEX              inflation        lag= 30 m5_p=0.5803  m6_ic=0.1008
[20:05:15]   HIT  IMOEX              banking          lag=  1 m5_p=0.2253  m6_ic=0.1129
[20:05:16]   HIT  IMOEX              banking          lag= 30 m5_p=0.6247  m6_ic=0.0719
[20:05:16]   HIT  IMOEX              gold             lag=  1 m5_p=0.1881  m6_ic=0.0330
[20:05:16]   HIT  IMOEX              gold             lag=  7 m5_p=0.8441  m6_ic=0.0457
[20:05:17]   HIT  MOEXFN             oil              lag=  7 m5_p=0.3823  m6_ic=0.0555
[20:05:17]   HIT  MOEXFN             rate             lag=  1 m5_p=0.1128  m6_ic=0.0572
[20:05:18]   HIT  MOEXFN             rate             lag= 30 m5_p=0.9347  m6_ic=0.0956
[20:05:18]   HIT  MOEXFN             ruble            lag=  1 m5_p=0.3256  m6_ic=0.0750
[20:05:18]   HIT  MOEXFN             ruble            lag=  7 m5_p=0.6758  m6_ic=0.0360
[20:05:19]   HIT  MOEXFN             ruble            lag= 30 m5_p=0.6894  m6_ic=0.0504
[20:05:19]   HIT  MOEXFN             sanctions        lag=  7 m5_p=0.7753  m6_ic=0.0594
[20:05:19]   HIT  MOEXFN             sanctions        lag= 14 m5_p=0.9255  m6_ic=0.0561
[20:05:20]   HIT  MOEXFN             sanctions        lag= 30 m5_p=0.3461  m6_ic=0.0867
[20:05:20]   HIT  MOEXFN             inflation        lag=  1 m5_p=0.0918  m6_ic=0.0509
[20:05:21]   HIT  MOEXFN             banking          lag=  1 m5_p=0.1911  m6_ic=0.0902
[20:05:21]   HIT  MOEXFN             banking          lag=  7 m5_p=0.3546  m6_ic=0.0357
[20:05:21]   HIT  MOEXFN             banking          lag= 30 m5_p=0.2464  m6_ic=0.1143
[20:05:22]   HIT  MOEXFN             gold             lag=  7 m5_p=0.6910  m6_ic=0.0444
[20:05:22]   HIT  MOEXOG             oil              lag=  7 m5_p=0.4351  m6_ic=0.1201
[20:05:23]   HIT  MOEXOG             oil              lag= 14 m5_p=0.5055  m6_ic=0.0430
[20:05:23]   HIT  MOEXOG             oil              lag= 30 m5_p=0.6199  m6_ic=0.0678
[20:05:23]   HIT  MOEXOG             rate             lag=  1 m5_p=0.1240  m6_ic=0.0447
[20:05:23]   HIT  MOEXOG             rate             lag= 14 m5_p=0.2992  m6_ic=0.0307
[20:05:24]   HIT  MOEXOG             rate             lag= 30 m5_p=0.9974  m6_ic=0.1017
[20:05:24]   HIT  MOEXOG             ruble            lag=  1 m5_p=0.7496  m6_ic=0.0840
[20:05:24]   HIT  MOEXOG             ruble            lag=  7 m5_p=0.4303  m6_ic=0.0639
[20:05:25]   HIT  MOEXOG             ruble            lag= 30 m5_p=0.4104  m6_ic=0.1030
[20:05:25]   HIT  MOEXOG             sanctions        lag=  7 m5_p=0.1408  m6_ic=0.0445
[20:05:25]   HIT  MOEXOG             sanctions        lag= 14 m5_p=0.9303  m6_ic=0.0472
[20:05:25]   HIT  MOEXOG             sanctions        lag= 30 m5_p=0.9924  m6_ic=0.0328
[20:05:26]   HIT  MOEXOG             inflation        lag=  7 m5_p=0.4974  m6_ic=0.0594
[20:05:26]   HIT  MOEXOG             inflation        lag= 30 m5_p=0.1695  m6_ic=0.1147
[20:05:26]   HIT  MOEXOG             banking          lag=  1 m5_p=0.1295  m6_ic=0.1578
[20:05:26]   HIT  MOEXOG             banking          lag=  7 m5_p=0.2620  m6_ic=0.0737
[20:05:27]   HIT  MOEXOG             banking          lag= 14 m5_p=0.2146  m6_ic=0.0304
[20:05:27]   HIT  MOEXOG             banking          lag= 30 m5_p=0.1279  m6_ic=0.0343
[20:05:27]   HIT  MOEXOG             gold             lag=  1 m5_p=0.1103  m6_ic=0.0536
[20:05:28]   HIT  MOEXOG             gold             lag= 30 m5_p=0.7551  m6_ic=0.0595
[20:05:28]   HIT  MOEX10             oil              lag=  7 m5_p=0.3970  m6_ic=0.0669
[20:05:28]   HIT  MOEX10             oil              lag= 14 m5_p=0.8907  m6_ic=0.0437
[20:05:29]   HIT  MOEX10             oil              lag= 30 m5_p=0.4688  m6_ic=0.0402
[20:05:29]   HIT  MOEX10             rate             lag=  1 m5_p=0.1918  m6_ic=0.0642
[20:05:29]   HIT  MOEX10             rate             lag= 14 m5_p=0.3288  m6_ic=0.0401
[20:05:29]   HIT  MOEX10             rate             lag= 30 m5_p=0.4227  m6_ic=0.1644
[20:05:29]   HIT  MOEX10             ruble            lag=  1 m5_p=0.7842  m6_ic=0.0666
[20:05:30]   HIT  MOEX10             ruble            lag=  7 m5_p=0.5689  m6_ic=0.0365
[20:05:30]   HIT  MOEX10             ruble            lag= 14 m5_p=0.4969  m6_ic=0.0568
[20:05:30]   HIT  MOEX10             ruble            lag= 30 m5_p=0.5129  m6_ic=0.0473
[20:05:31]   HIT  MOEX10             sanctions        lag= 14 m5_p=0.8578  m6_ic=0.0368
[20:05:31]   HIT  MOEX10             inflation        lag=  1 m5_p=0.1634  m6_ic=0.0644
[20:05:31]   HIT  MOEX10             inflation        lag=  7 m5_p=0.6236  m6_ic=0.0318
[20:05:32]   HIT  MOEX10             banking          lag=  1 m5_p=0.2926  m6_ic=0.0754
[20:05:32]   HIT  MOEX10             banking          lag= 30 m5_p=0.2579  m6_ic=0.1062
[20:05:33]     Train: 269 signals
[20:05:33]     Val holdout (269 candidates)...
[20:05:33]     VAL PASS  SP500              oil              lag=  1  m6_ic=0.0550
[20:05:34]     VAL PASS  SP500              oil              lag=  7  m6_ic=0.0566
[20:05:34]     VAL PASS  SP500              rate             lag= 30  m6_ic=0.0611
[20:05:34]     VAL PASS  SP500              ruble            lag=  7  m6_ic=0.0657
[20:05:35]     VAL PASS  SP500              inflation        lag= 14  m6_ic=0.1072
[20:05:35]     VAL PASS  SP500              banking          lag=  7  m6_ic=0.0827
[20:05:35]     VAL PASS  SP500              gold             lag=  7  m6_ic=0.0408
[20:05:35]     VAL PASS  USD_RUB            oil              lag=  1  m6_ic=0.1082
[20:05:36]     VAL PASS  USD_RUB            oil              lag= 30  m6_ic=0.1140
[20:05:36]     VAL PASS  USD_RUB            rate             lag=  1  m6_ic=0.0635
[20:05:36]     VAL PASS  USD_RUB            rate             lag= 14  m6_ic=0.1297
[20:05:36]     VAL PASS  USD_RUB            rate             lag= 30  m6_ic=0.0577
[20:05:37]     VAL PASS  USD_RUB            ruble            lag=  1  m6_ic=0.0704
[20:05:37]     VAL PASS  USD_RUB            ruble            lag=  7  m6_ic=0.0754
[20:05:37]     VAL PASS  USD_RUB            ruble            lag= 14  m6_ic=0.1186
[20:05:37]     VAL PASS  USD_RUB            sanctions        lag=  7  m6_ic=0.0796
[20:05:37]     VAL PASS  USD_RUB            sanctions        lag= 14  m6_ic=0.1077
[20:05:38]     VAL PASS  USD_RUB            sanctions        lag= 30  m6_ic=0.0894
[20:05:38]     VAL PASS  USD_RUB            inflation        lag=  7  m6_ic=0.0707
[20:05:39]     VAL PASS  EUR_RUB            oil              lag=  1  m6_ic=0.1082
[20:05:39]     VAL PASS  EUR_RUB            oil              lag= 30  m6_ic=0.1140
[20:05:39]     VAL PASS  EUR_RUB            rate             lag=  1  m6_ic=0.0635
[20:05:40]     VAL PASS  EUR_RUB            rate             lag= 14  m6_ic=0.1297
[20:05:40]     VAL PASS  EUR_RUB            rate             lag= 30  m6_ic=0.0577
[20:05:40]     VAL PASS  EUR_RUB            ruble            lag=  1  m6_ic=0.0704
[20:05:40]     VAL PASS  EUR_RUB            ruble            lag=  7  m6_ic=0.0754
[20:05:40]     VAL PASS  EUR_RUB            ruble            lag= 14  m6_ic=0.1186
[20:05:41]     VAL PASS  EUR_RUB            sanctions        lag=  7  m6_ic=0.0796
[20:05:41]     VAL PASS  EUR_RUB            sanctions        lag= 14  m6_ic=0.1077
[20:05:41]     VAL PASS  EUR_RUB            sanctions        lag= 30  m6_ic=0.0894
[20:05:41]     VAL PASS  EUR_RUB            inflation        lag=  7  m6_ic=0.0707
[20:05:43]     VAL PASS  DJ_SOUTH_AFRICA    sanctions        lag=  1  m6_ic=0.0457
[20:05:43]     VAL PASS  DJ_SOUTH_AFRICA    sanctions        lag=  7  m6_ic=0.0566
[20:05:43]     VAL PASS  DJ_SOUTH_AFRICA    sanctions        lag= 14  m6_ic=0.0420
[20:05:44]     VAL PASS  DJ_SOUTH_AFRICA    sanctions        lag= 30  m6_ic=0.0423
[20:05:44]     VAL PASS  DJ_SOUTH_AFRICA    inflation        lag= 30  m6_ic=0.0358
[20:05:44]     VAL PASS  DJ_SOUTH_AFRICA    banking          lag=  1  m6_ic=0.0851
[20:05:45]     VAL PASS  DJ_SOUTH_AFRICA    banking          lag=  7  m6_ic=0.0443
[20:05:45]     VAL PASS  DJ_SOUTH_AFRICA    banking          lag= 30  m6_ic=0.0356
[20:05:45]     VAL PASS  DJ_SOUTH_AFRICA    gold             lag=  1  m6_ic=0.0555
[20:05:45]     VAL PASS  DJ_SOUTH_AFRICA    gold             lag=  7  m6_ic=0.0551
[20:05:45]     VAL PASS  DJ_SOUTH_AFRICA    gold             lag= 14  m6_ic=0.0637
[20:05:46]     VAL PASS  DJ_SOUTH_AFRICA    gold             lag= 30  m6_ic=0.1073
[20:05:46]     VAL PASS  MSCI_WORLD         oil              lag= 14  m6_ic=0.0649
[20:05:46]     VAL PASS  MSCI_WORLD         oil              lag= 30  m6_ic=0.0348
[20:05:46]     VAL PASS  MSCI_WORLD         rate             lag=  1  m6_ic=0.0303
[20:05:47]     VAL PASS  MSCI_WORLD         rate             lag= 14  m6_ic=0.0896
[20:05:47]     VAL PASS  MSCI_WORLD         rate             lag= 30  m6_ic=0.0506
[20:05:48]     VAL PASS  MSCI_WORLD         banking          lag=  1  m6_ic=0.0556
[20:05:49]     VAL PASS  MSCI_WORLD         banking          lag= 30  m6_ic=0.0343
[20:05:49]     VAL PASS  DXY                oil              lag= 14  m6_ic=0.1204
[20:05:50]     VAL PASS  DXY                rate             lag=  7  m6_ic=0.0960
[20:05:50]     VAL PASS  DXY                rate             lag= 30  m6_ic=0.0832
[20:05:50]     VAL PASS  DXY                ruble            lag= 30  m6_ic=0.0981
[20:05:50]     VAL PASS  DXY                sanctions        lag=  7  m6_ic=0.0456
[20:05:50]     VAL PASS  DXY                sanctions        lag= 14  m6_ic=0.0308
[20:05:51]     VAL PASS  DXY                banking          lag=  7  m6_ic=0.0908
[20:05:51]     VAL PASS  DXY                banking          lag= 14  m6_ic=0.0449
[20:05:51]     VAL PASS  DXY                banking          lag= 30  m6_ic=0.0622
[20:05:51]     VAL PASS  DXY                gold             lag= 14  m6_ic=0.0884
[20:05:51]     VAL PASS  DXY                gold             lag= 30  m6_ic=0.0407
[20:05:52]     VAL PASS  BRENT              oil              lag= 14  m6_ic=0.0876
[20:05:52]     VAL PASS  BRENT              oil              lag= 30  m6_ic=0.0938
[20:05:52]     VAL PASS  BRENT              rate             lag= 14  m6_ic=0.0323
[20:05:53]     VAL PASS  BRENT              ruble            lag= 14  m6_ic=0.0517
[20:05:53]     VAL PASS  BRENT              sanctions        lag=  7  m6_ic=0.0416
[20:05:54]     VAL PASS  BRENT              inflation        lag= 30  m6_ic=0.0655
[20:05:55]     VAL PASS  MSCI_INDIA         oil              lag=  7  m6_ic=0.0566
[20:05:55]     VAL PASS  MSCI_INDIA         rate             lag=  7  m6_ic=0.0834
[20:05:56]     VAL PASS  MSCI_INDIA         rate             lag= 30  m6_ic=0.1738
[20:05:56]     VAL PASS  MSCI_INDIA         sanctions        lag=  1  m6_ic=0.1118
[20:05:56]     VAL PASS  MSCI_INDIA         inflation        lag=  1  m6_ic=0.0506
[20:05:56]     VAL PASS  MSCI_INDIA         inflation        lag= 30  m6_ic=0.0443
[20:05:57]     VAL PASS  MSCI_INDIA         banking          lag=  1  m6_ic=0.0486
[20:05:57]     VAL PASS  MSCI_INDIA         banking          lag=  7  m6_ic=0.0330
[20:05:57]     VAL PASS  MSCI_INDIA         banking          lag= 30  m6_ic=0.0722
[20:05:57]     VAL PASS  MSCI_INDIA         gold             lag=  1  m6_ic=0.0812
[20:05:58]     VAL PASS  CHINA_H_SHARES     rate             lag=  1  m6_ic=0.0515
[20:05:58]     VAL PASS  CHINA_H_SHARES     rate             lag=  7  m6_ic=0.0504
[20:05:58]     VAL PASS  CHINA_H_SHARES     rate             lag= 14  m6_ic=0.0901
[20:05:58]     VAL PASS  CHINA_H_SHARES     ruble            lag=  1  m6_ic=0.0727
[20:05:59]     VAL PASS  CHINA_H_SHARES     ruble            lag= 30  m6_ic=0.0745
[20:05:59]     VAL PASS  CHINA_H_SHARES     sanctions        lag=  1  m6_ic=0.0463
[20:05:59]     VAL PASS  CHINA_H_SHARES     sanctions        lag= 14  m6_ic=0.0627
[20:05:59]     VAL PASS  CHINA_H_SHARES     sanctions        lag= 30  m6_ic=0.0977
[20:06:00]     VAL PASS  CHINA_H_SHARES     banking          lag= 14  m6_ic=0.0575
[20:06:00]     VAL PASS  CHINA_H_SHARES     gold             lag= 14  m6_ic=0.0951
[20:06:01]     VAL PASS  FTSE_CHINA_50      oil              lag=  1  m6_ic=0.0758
[20:06:01]     VAL PASS  FTSE_CHINA_50      oil              lag=  7  m6_ic=0.0351
[20:06:01]     VAL PASS  FTSE_CHINA_50      rate             lag=  1  m6_ic=0.0715
[20:06:01]     VAL PASS  FTSE_CHINA_50      rate             lag=  7  m6_ic=0.0946
[20:06:01]     VAL PASS  FTSE_CHINA_50      rate             lag= 14  m6_ic=0.0461
[20:06:02]     VAL PASS  FTSE_CHINA_50      ruble            lag= 30  m6_ic=0.0522
[20:06:02]     VAL PASS  FTSE_CHINA_50      sanctions        lag= 30  m6_ic=0.0720
[20:06:02]     VAL PASS  FTSE_CHINA_50      inflation        lag=  1  m6_ic=0.0345
[20:06:03]     VAL PASS  FTSE_CHINA_50      inflation        lag=  7  m6_ic=0.0458
[20:06:03]     VAL PASS  FTSE_CHINA_50      gold             lag=  7  m6_ic=0.0381
[20:06:04]     VAL PASS  FTSE_CHINA_50      gold             lag= 14  m6_ic=0.0526
[20:06:04]     VAL PASS  FTSE_CHINA_50      gold             lag= 30  m6_ic=0.0736
[20:06:04]     VAL PASS  GOLD               oil              lag=  1  m6_ic=0.0851
[20:06:04]     VAL PASS  GOLD               oil              lag= 30  m6_ic=0.0743
[20:06:04]     VAL PASS  GOLD               ruble            lag=  7  m6_ic=0.0650
[20:06:05]     VAL PASS  GOLD               ruble            lag= 14  m6_ic=0.0500
[20:06:05]     VAL PASS  GOLD               ruble            lag= 30  m6_ic=0.0531
[20:06:05]     VAL PASS  GOLD               sanctions        lag=  1  m6_ic=0.0581
[20:06:05]     VAL PASS  GOLD               sanctions        lag=  7  m6_ic=0.0909
[20:06:05]     VAL PASS  GOLD               inflation        lag=  1  m6_ic=0.0616
[20:06:06]     VAL PASS  GOLD               inflation        lag= 30  m6_ic=0.0763
[20:06:06]     VAL PASS  GOLD               banking          lag=  1  m6_ic=0.0610
[20:06:06]     VAL PASS  GOLD               banking          lag=  7  m6_ic=0.0414
[20:06:06]     VAL PASS  GOLD               banking          lag= 14  m6_ic=0.0503
[20:06:07]     VAL PASS  SILVER             rate             lag= 14  m6_ic=0.1188
[20:06:08]     VAL PASS  SILVER             rate             lag= 30  m6_ic=0.0396
[20:06:08]     VAL PASS  SILVER             ruble            lag= 14  m6_ic=0.0338
[20:06:08]     VAL PASS  SILVER             ruble            lag= 30  m6_ic=0.0367
[20:06:08]     VAL PASS  SILVER             sanctions        lag=  7  m6_ic=0.0692
[20:06:09]     VAL PASS  SILVER             inflation        lag=  1  m6_ic=0.0842
[20:06:09]     VAL PASS  SILVER             inflation        lag= 14  m6_ic=0.0577
[20:06:09]     VAL PASS  SILVER             banking          lag=  1  m6_ic=0.0579
[20:06:10]     VAL PASS  SILVER             banking          lag= 30  m6_ic=0.0373
[20:06:10]     VAL PASS  SILVER             gold             lag=  1  m6_ic=0.0628
[20:06:10]     VAL PASS  SILVER             gold             lag= 14  m6_ic=0.0476
[20:06:10]     VAL PASS  IMOEX              oil              lag= 14  m6_ic=0.0326
[20:06:11]     VAL PASS  IMOEX              rate             lag= 14  m6_ic=0.0616
[20:06:11]     VAL PASS  IMOEX              rate             lag= 30  m6_ic=0.0468
[20:06:11]     VAL PASS  IMOEX              ruble            lag=  1  m6_ic=0.0661
[20:06:11]     VAL PASS  IMOEX              ruble            lag=  7  m6_ic=0.0732
[20:06:11]     VAL PASS  IMOEX              ruble            lag= 30  m6_ic=0.1228
[20:06:12]     VAL PASS  IMOEX              sanctions        lag= 14  m6_ic=0.0891
[20:06:12]     VAL PASS  IMOEX              inflation        lag=  1  m6_ic=0.0482
[20:06:12]     VAL PASS  IMOEX              inflation        lag=  7  m6_ic=0.0720
[20:06:12]     VAL PASS  IMOEX              banking          lag= 30  m6_ic=0.0438
[20:06:13]     VAL PASS  IMOEX              gold             lag=  1  m6_ic=0.0407
[20:06:13]     VAL PASS  MOEXFN             ruble            lag=  1  m6_ic=0.0466
[20:06:14]     VAL PASS  MOEXFN             ruble            lag=  7  m6_ic=0.0524
[20:06:14]     VAL PASS  MOEXFN             ruble            lag= 30  m6_ic=0.1087
[20:06:14]     VAL PASS  MOEXFN             sanctions        lag=  7  m6_ic=0.0638
[20:06:14]     VAL PASS  MOEXFN             sanctions        lag= 14  m6_ic=0.0785
[20:06:14]     VAL PASS  MOEXFN             sanctions        lag= 30  m6_ic=0.0793
[20:06:15]     VAL PASS  MOEXFN             inflation        lag=  1  m6_ic=0.0818
[20:06:15]     VAL PASS  MOEXFN             banking          lag=  1  m6_ic=0.0471
[20:06:15]     VAL PASS  MOEXFN             banking          lag=  7  m6_ic=0.0529
[20:06:16]     VAL PASS  MOEXOG             oil              lag= 14  m6_ic=0.0340
[20:06:16]     VAL PASS  MOEXOG             oil              lag= 30  m6_ic=0.0663
[20:06:16]     VAL PASS  MOEXOG             rate             lag=  1  m6_ic=0.0423
[20:06:16]     VAL PASS  MOEXOG             rate             lag= 14  m6_ic=0.0638
[20:06:17]     VAL PASS  MOEXOG             ruble            lag=  1  m6_ic=0.0505
[20:06:17]     VAL PASS  MOEXOG             ruble            lag=  7  m6_ic=0.0791
[20:06:17]     VAL PASS  MOEXOG             ruble            lag= 30  m6_ic=0.0750
[20:06:17]     VAL PASS  MOEXOG             sanctions        lag=  7  m6_ic=0.0534
[20:06:17]     VAL PASS  MOEXOG             sanctions        lag= 14  m6_ic=0.1024
[20:06:17]     VAL PASS  MOEXOG             sanctions        lag= 30  m6_ic=0.0510
[20:06:18]     VAL PASS  MOEXOG             inflation        lag=  7  m6_ic=0.0845
[20:06:18]     VAL PASS  MOEXOG             banking          lag=  1  m6_ic=0.0887
[20:06:18]     VAL PASS  MOEXOG             banking          lag=  7  m6_ic=0.1396
[20:06:19]     VAL PASS  MOEXOG             gold             lag=  1  m6_ic=0.0336
[20:06:19]     VAL PASS  MOEXOG             gold             lag= 30  m6_ic=0.0948
[20:06:20]     VAL PASS  MOEX10             oil              lag= 14  m6_ic=0.0647
[20:06:20]     VAL PASS  MOEX10             oil              lag= 30  m6_ic=0.0521
[20:06:20]     VAL PASS  MOEX10             rate             lag=  1  m6_ic=0.0330
[20:06:20]     VAL PASS  MOEX10             rate             lag= 30  m6_ic=0.0587
[20:06:20]     VAL PASS  MOEX10             ruble            lag=  1  m6_ic=0.0559
[20:06:21]     VAL PASS  MOEX10             ruble            lag=  7  m6_ic=0.0819
[20:06:21]     VAL PASS  MOEX10             ruble            lag= 14  m6_ic=0.0718
[20:06:21]     VAL PASS  MOEX10             ruble            lag= 30  m6_ic=0.0542
[20:06:21]     VAL PASS  MOEX10             sanctions        lag= 14  m6_ic=0.0879
[20:06:21]     VAL PASS  MOEX10             inflation        lag=  1  m6_ic=0.0420
[20:06:22]     VAL PASS  MOEX10             inflation        lag=  7  m6_ic=0.0700
[20:06:22]     VAL PASS  MOEX10             banking          lag=  1  m6_ic=0.0310
[20:06:22]     Val: 169/269 held
[20:06:22]   → train=269  val=169  max_ic=0.1644  score=2838.0
[20:06:22] 
============================================================
[20:06:22] FINAL REPORT
[20:06:22] ============================================================
[20:06:22] Report: C:\project\signal_mind\analytics\phase_b\night_search\night_report_20260520_200111.md
[20:06:22] Hits CSV: C:\project\signal_mind\analytics\phase_b\night_search\night_hits_20260520_200111.csv
[20:06:22] 
[3/15] sweep_keyword_raw_vol_5d  (budget=37min)
[20:06:22]   Config: sweep_keyword_raw_vol_5d
[20:06:22]     feature=keyword_raw  target=vol_5d  ensemble=M6_only  ic_min=0.03
[20:06:22]   HIT  SP500              oil              lag=  1 m5_p=0.6627  m6_ic=0.0539
[20:06:22]   HIT  SP500              oil              lag=  7 m5_p=0.5171  m6_ic=0.0363
[20:06:23]   HIT  SP500              rate             lag= 14 m5_p=0.5287  m6_ic=0.0301
[20:06:24]   HIT  SP500              rate             lag= 30 m5_p=0.9348  m6_ic=0.0314
[20:06:24]   HIT  SP500              ruble            lag=  7 m5_p=0.9108  m6_ic=0.0474
[20:06:24]   HIT  SP500              ruble            lag= 30 m5_p=0.0762  m6_ic=0.0413
[20:06:26]   HIT  SP500              inflation        lag= 14 m5_p=0.5948  m6_ic=0.0655
[20:06:27]   HIT  SP500              banking          lag=  7 m5_p=0.3701  m6_ic=0.0536
[20:06:27]   HIT  SP500              gold             lag=  7 m5_p=0.8524  m6_ic=0.0942
[20:06:28]   HIT  USD_RUB            oil              lag=  1 m5_p=0.4151  m6_ic=0.0614
[20:06:28]   HIT  USD_RUB            oil              lag= 14 m5_p=0.6241  m6_ic=0.0417
[20:06:29]   HIT  USD_RUB            oil              lag= 30 m5_p=0.1626  m6_ic=0.0698
[20:06:29]   HIT  USD_RUB            rate             lag=  1 m5_p=0.7527  m6_ic=0.0950
[20:06:29]   HIT  USD_RUB            rate             lag=  7 m5_p=0.8101  m6_ic=0.0394
[20:06:29]   HIT  USD_RUB            rate             lag= 14 m5_p=0.7542  m6_ic=0.0378
[20:06:29]   HIT  USD_RUB            rate             lag= 30 m5_p=0.9971  m6_ic=0.0479
[20:06:30]   HIT  USD_RUB            ruble            lag=  1 m5_p=0.7646  m6_ic=0.0442
[20:06:30]   HIT  USD_RUB            ruble            lag=  7 m5_p=0.4884  m6_ic=0.0483
[20:06:30]   HIT  USD_RUB            ruble            lag= 14 m5_p=0.9676  m6_ic=0.1183
[20:06:30]   HIT  USD_RUB            sanctions        lag=  1 m5_p=0.0777  m6_ic=0.1348
[20:06:31]   HIT  USD_RUB            sanctions        lag=  7 m5_p=0.9775  m6_ic=0.0313
[20:06:31]   HIT  USD_RUB            sanctions        lag= 14 m5_p=0.1527  m6_ic=0.0743
[20:06:31]   HIT  USD_RUB            sanctions        lag= 30 m5_p=0.6349  m6_ic=0.0726
[20:06:31]   HIT  USD_RUB            inflation        lag=  1 m5_p=0.8798  m6_ic=0.0351
[20:06:31]   HIT  USD_RUB            inflation        lag=  7 m5_p=0.9352  m6_ic=0.0371
[20:06:32]   HIT  USD_RUB            inflation        lag= 14 m5_p=0.5422  m6_ic=0.0338
[20:06:32]   HIT  USD_RUB            banking          lag= 14 m5_p=0.8158  m6_ic=0.0645
[20:06:33]   HIT  USD_RUB            banking          lag= 30 m5_p=0.6790  m6_ic=0.0792
[20:06:33]   HIT  USD_RUB            gold             lag= 14 m5_p=0.9653  m6_ic=0.0307
[20:06:33]   HIT  EUR_RUB            oil              lag=  1 m5_p=0.4151  m6_ic=0.0614
[20:06:34]   HIT  EUR_RUB            oil              lag= 14 m5_p=0.6241  m6_ic=0.0417
[20:06:34]   HIT  EUR_RUB            oil              lag= 30 m5_p=0.1626  m6_ic=0.0698
[20:06:34]   HIT  EUR_RUB            rate             lag=  1 m5_p=0.7527  m6_ic=0.0950
[20:06:35]   HIT  EUR_RUB            rate             lag=  7 m5_p=0.8101  m6_ic=0.0394
[20:06:35]   HIT  EUR_RUB            rate             lag= 14 m5_p=0.7542  m6_ic=0.0378
[20:06:35]   HIT  EUR_RUB            rate             lag= 30 m5_p=0.9971  m6_ic=0.0479
[20:06:35]   HIT  EUR_RUB            ruble            lag=  1 m5_p=0.7646  m6_ic=0.0442
[20:06:35]   HIT  EUR_RUB            ruble            lag=  7 m5_p=0.4884  m6_ic=0.0483
[20:06:36]   HIT  EUR_RUB            ruble            lag= 14 m5_p=0.9676  m6_ic=0.1183
[20:06:36]   HIT  EUR_RUB            sanctions        lag=  1 m5_p=0.0777  m6_ic=0.1348
[20:06:36]   HIT  EUR_RUB            sanctions        lag=  7 m5_p=0.9775  m6_ic=0.0313
[20:06:36]   HIT  EUR_RUB            sanctions        lag= 14 m5_p=0.1527  m6_ic=0.0743
[20:06:37]   HIT  EUR_RUB            sanctions        lag= 30 m5_p=0.6349  m6_ic=0.0726
[20:06:37]   HIT  EUR_RUB            inflation        lag=  1 m5_p=0.8798  m6_ic=0.0351
[20:06:37]   HIT  EUR_RUB            inflation        lag=  7 m5_p=0.9352  m6_ic=0.0371
[20:06:37]   HIT  EUR_RUB            inflation        lag= 14 m5_p=0.5422  m6_ic=0.0338
[20:06:38]   HIT  EUR_RUB            banking          lag= 14 m5_p=0.8158  m6_ic=0.0645
[20:06:38]   HIT  EUR_RUB            banking          lag= 30 m5_p=0.6790  m6_ic=0.0792
[20:06:39]   HIT  EUR_RUB            gold             lag= 14 m5_p=0.9653  m6_ic=0.0307
[20:06:39]   HIT  DJ_SOUTH_AFRICA    oil              lag=  7 m5_p=0.4695  m6_ic=0.0444
[20:06:41]   HIT  DJ_SOUTH_AFRICA    rate             lag= 30 m5_p=0.5259  m6_ic=0.0386
[20:06:41]   HIT  DJ_SOUTH_AFRICA    ruble            lag= 14 m5_p=0.8469  m6_ic=0.0706
[20:06:41]   HIT  DJ_SOUTH_AFRICA    ruble            lag= 30 m5_p=0.4112  m6_ic=0.0331
[20:06:42]   HIT  DJ_SOUTH_AFRICA    sanctions        lag=  1 m5_p=0.7779  m6_ic=0.1255
[20:06:42]   HIT  DJ_SOUTH_AFRICA    sanctions        lag=  7 m5_p=0.4984  m6_ic=0.0476
[20:06:42]   HIT  DJ_SOUTH_AFRICA    sanctions        lag= 14 m5_p=0.0167  m6_ic=0.0383
[20:06:42]   HIT  DJ_SOUTH_AFRICA    sanctions        lag= 30 m5_p=0.1325  m6_ic=0.0511
[20:06:42]   HIT  DJ_SOUTH_AFRICA    inflation        lag=  1 m5_p=0.4426  m6_ic=0.0457
[20:06:43]   HIT  DJ_SOUTH_AFRICA    inflation        lag= 14 m5_p=0.8858  m6_ic=0.0498
[20:06:43]   HIT  DJ_SOUTH_AFRICA    inflation        lag= 30 m5_p=0.9178  m6_ic=0.0772
[20:06:43]   HIT  DJ_SOUTH_AFRICA    banking          lag=  1 m5_p=0.8775  m6_ic=0.0612
[20:06:43]   HIT  DJ_SOUTH_AFRICA    banking          lag=  7 m5_p=0.9187  m6_ic=0.1092
[20:06:44]   HIT  DJ_SOUTH_AFRICA    banking          lag= 14 m5_p=0.7734  m6_ic=0.0857
[20:06:44]   HIT  DJ_SOUTH_AFRICA    banking          lag= 30 m5_p=0.5459  m6_ic=0.0867
[20:06:44]   HIT  DJ_SOUTH_AFRICA    gold             lag=  1 m5_p=0.9638  m6_ic=0.0482
[20:06:44]   HIT  DJ_SOUTH_AFRICA    gold             lag=  7 m5_p=0.0160  m6_ic=0.0380
[20:06:44]   HIT  DJ_SOUTH_AFRICA    gold             lag= 14 m5_p=0.1792  m6_ic=0.0626
[20:06:45]   HIT  DJ_SOUTH_AFRICA    gold             lag= 30 m5_p=0.8632  m6_ic=0.0696
[20:06:45]   HIT  MSCI_WORLD         oil              lag= 14 m5_p=0.7583  m6_ic=0.0790
[20:06:45]   HIT  MSCI_WORLD         oil              lag= 30 m5_p=0.5465  m6_ic=0.0388
[20:06:46]   HIT  MSCI_WORLD         rate             lag=  1 m5_p=0.8296  m6_ic=0.0851
[20:06:46]   HIT  MSCI_WORLD         rate             lag=  7 m5_p=0.4579  m6_ic=0.0438
[20:06:46]   HIT  MSCI_WORLD         rate             lag= 14 m5_p=0.7534  m6_ic=0.0444
[20:06:46]   HIT  MSCI_WORLD         rate             lag= 30 m5_p=0.4239  m6_ic=0.1146
[20:06:46]   HIT  MSCI_WORLD         ruble            lag=  1 m5_p=0.8053  m6_ic=0.0430
[20:06:47]   HIT  MSCI_WORLD         sanctions        lag=  1 m5_p=0.9279  m6_ic=0.0375
[20:06:48]   HIT  MSCI_WORLD         sanctions        lag= 14 m5_p=0.0236  m6_ic=0.0584
[20:06:48]   HIT  MSCI_WORLD         sanctions        lag= 30 m5_p=0.1371  m6_ic=0.0381
[20:06:48]   HIT  MSCI_WORLD         inflation        lag=  1 m5_p=0.9293  m6_ic=0.0340
[20:06:48]   HIT  MSCI_WORLD         inflation        lag=  7 m5_p=0.8139  m6_ic=0.0516
[20:06:49]   HIT  MSCI_WORLD         banking          lag=  1 m5_p=0.6049  m6_ic=0.0353
[20:06:49]   HIT  MSCI_WORLD         banking          lag=  7 m5_p=0.2795  m6_ic=0.0432
[20:06:49]   HIT  MSCI_WORLD         banking          lag= 14 m5_p=0.5942  m6_ic=0.0327
[20:06:49]   HIT  MSCI_WORLD         banking          lag= 30 m5_p=0.7214  m6_ic=0.0710
[20:06:50]   HIT  MSCI_WORLD         gold             lag= 14 m5_p=0.9363  m6_ic=0.0811
[20:06:50]   HIT  DXY                oil              lag=  1 m5_p=0.9938  m6_ic=0.0545
[20:06:50]   HIT  DXY                oil              lag=  7 m5_p=0.4559  m6_ic=0.0401
[20:06:51]   HIT  DXY                oil              lag= 14 m5_p=0.9907  m6_ic=0.0408
[20:06:51]   HIT  DXY                rate             lag=  1 m5_p=0.6407  m6_ic=0.1002
[20:06:51]   HIT  DXY                rate             lag=  7 m5_p=0.8922  m6_ic=0.0507
[20:06:52]   HIT  DXY                rate             lag= 30 m5_p=0.6109  m6_ic=0.0358
[20:06:52]   HIT  DXY                ruble            lag= 30 m5_p=0.7125  m6_ic=0.0336
[20:06:53]   HIT  DXY                sanctions        lag=  7 m5_p=0.6776  m6_ic=0.0334
[20:06:53]   HIT  DXY                sanctions        lag= 14 m5_p=0.2611  m6_ic=0.0324
[20:06:54]   HIT  DXY                banking          lag=  7 m5_p=0.9637  m6_ic=0.0312
[20:06:55]   HIT  DXY                banking          lag= 14 m5_p=0.7537  m6_ic=0.0459
[20:06:55]   HIT  DXY                banking          lag= 30 m5_p=0.8030  m6_ic=0.0401
[20:06:55]   HIT  DXY                gold             lag=  7 m5_p=0.1827  m6_ic=0.0601
[20:06:55]   HIT  DXY                gold             lag= 14 m5_p=0.6443  m6_ic=0.0731
[20:06:56]   HIT  DXY                gold             lag= 30 m5_p=0.8404  m6_ic=0.0608
[20:06:56]   HIT  BRENT              oil              lag=  7 m5_p=0.9807  m6_ic=0.0504
[20:06:56]   HIT  BRENT              oil              lag= 14 m5_p=0.8691  m6_ic=0.0561
[20:06:57]   HIT  BRENT              oil              lag= 30 m5_p=0.8554  m6_ic=0.0732
[20:06:57]   HIT  BRENT              rate             lag=  7 m5_p=0.9612  m6_ic=0.0734
[20:06:57]   HIT  BRENT              rate             lag= 14 m5_p=0.9184  m6_ic=0.0727
[20:06:58]   HIT  BRENT              ruble            lag=  7 m5_p=0.1811  m6_ic=0.0722
[20:06:58]   HIT  BRENT              ruble            lag= 14 m5_p=0.6368  m6_ic=0.0536
[20:06:59]   HIT  BRENT              ruble            lag= 30 m5_p=0.4976  m6_ic=0.0478
[20:06:59]   HIT  BRENT              sanctions        lag=  1 m5_p=0.8883  m6_ic=0.0389
[20:06:59]   HIT  BRENT              sanctions        lag=  7 m5_p=0.0344  m6_ic=0.1222
[20:06:59]   HIT  BRENT              sanctions        lag= 14 m5_p=0.6047  m6_ic=0.0669
[20:06:59]   HIT  BRENT              sanctions        lag= 30 m5_p=0.7844  m6_ic=0.0517
[20:07:00]   HIT  BRENT              inflation        lag=  7 m5_p=0.6647  m6_ic=0.0522
[20:07:00]   HIT  BRENT              inflation        lag= 30 m5_p=0.7393  m6_ic=0.0407
[20:07:01]   HIT  BRENT              banking          lag= 30 m5_p=0.3849  m6_ic=0.0319
[20:07:01]   HIT  BRENT              gold             lag=  1 m5_p=0.4448  m6_ic=0.0355
[20:07:02]   HIT  BRENT              gold             lag= 30 m5_p=0.6646  m6_ic=0.0375
[20:07:02]   HIT  MSCI_INDIA         oil              lag=  1 m5_p=0.8762  m6_ic=0.0847
[20:07:02]   HIT  MSCI_INDIA         oil              lag=  7 m5_p=0.6587  m6_ic=0.0376
[20:07:02]   HIT  MSCI_INDIA         oil              lag= 14 m5_p=0.9138  m6_ic=0.0576
[20:07:03]   HIT  MSCI_INDIA         rate             lag=  7 m5_p=0.4848  m6_ic=0.0311
[20:07:03]   HIT  MSCI_INDIA         rate             lag= 30 m5_p=0.6603  m6_ic=0.0430
[20:07:04]   HIT  MSCI_INDIA         ruble            lag= 30 m5_p=0.6740  m6_ic=0.0458
[20:07:04]   HIT  MSCI_INDIA         sanctions        lag=  1 m5_p=0.8585  m6_ic=0.1201
[20:07:05]   HIT  MSCI_INDIA         sanctions        lag= 14 m5_p=0.0381  m6_ic=0.0760
[20:07:05]   HIT  MSCI_INDIA         inflation        lag=  1 m5_p=0.9173  m6_ic=0.1354
[20:07:06]   HIT  MSCI_INDIA         inflation        lag= 30 m5_p=0.7822  m6_ic=0.0536
[20:07:06]   HIT  MSCI_INDIA         banking          lag=  1 m5_p=0.5125  m6_ic=0.0806
[20:07:06]   HIT  MSCI_INDIA         banking          lag=  7 m5_p=0.5848  m6_ic=0.1100
[20:07:07]   HIT  MSCI_INDIA         banking          lag= 30 m5_p=0.5876  m6_ic=0.0520
[20:07:07]   HIT  MSCI_INDIA         gold             lag=  1 m5_p=0.9223  m6_ic=0.0316
[20:07:07]   HIT  MSCI_INDIA         gold             lag= 30 m5_p=0.8411  m6_ic=0.0849
[20:07:08]   HIT  CHINA_H_SHARES     oil              lag=  1 m5_p=0.4252  m6_ic=0.0343
[20:07:08]   HIT  CHINA_H_SHARES     oil              lag=  7 m5_p=0.2836  m6_ic=0.0621
[20:07:08]   HIT  CHINA_H_SHARES     oil              lag= 14 m5_p=0.7447  m6_ic=0.0546
[20:07:08]   HIT  CHINA_H_SHARES     rate             lag=  1 m5_p=0.4171  m6_ic=0.0592
[20:07:09]   HIT  CHINA_H_SHARES     rate             lag=  7 m5_p=0.8738  m6_ic=0.0416
[20:07:09]   HIT  CHINA_H_SHARES     rate             lag= 14 m5_p=0.2584  m6_ic=0.0415
[20:07:09]   HIT  CHINA_H_SHARES     ruble            lag=  1 m5_p=0.8376  m6_ic=0.0627
[20:07:10]   HIT  CHINA_H_SHARES     ruble            lag= 30 m5_p=0.5751  m6_ic=0.0612
[20:07:10]   HIT  CHINA_H_SHARES     sanctions        lag=  1 m5_p=0.1269  m6_ic=0.0444
[20:07:10]   HIT  CHINA_H_SHARES     sanctions        lag= 14 m5_p=0.0570  m6_ic=0.0427
[20:07:11]   HIT  CHINA_H_SHARES     sanctions        lag= 30 m5_p=0.7132  m6_ic=0.0422
[20:07:11]   HIT  CHINA_H_SHARES     inflation        lag=  1 m5_p=0.5014  m6_ic=0.0630
[20:07:11]   HIT  CHINA_H_SHARES     inflation        lag=  7 m5_p=0.5842  m6_ic=0.0326
[20:07:12]   HIT  CHINA_H_SHARES     banking          lag= 14 m5_p=0.1631  m6_ic=0.0425
[20:07:12]   HIT  CHINA_H_SHARES     banking          lag= 30 m5_p=0.4281  m6_ic=0.0334
[20:07:12]   HIT  CHINA_H_SHARES     gold             lag=  1 m5_p=0.7182  m6_ic=0.0669
[20:07:13]   HIT  CHINA_H_SHARES     gold             lag= 14 m5_p=0.9956  m6_ic=0.0525
[20:07:13]   HIT  FTSE_CHINA_50      oil              lag=  1 m5_p=0.4584  m6_ic=0.0529
[20:07:13]   HIT  FTSE_CHINA_50      oil              lag=  7 m5_p=0.2440  m6_ic=0.0695
[20:07:13]   HIT  FTSE_CHINA_50      oil              lag= 14 m5_p=0.7124  m6_ic=0.0473
[20:07:14]   HIT  FTSE_CHINA_50      rate             lag=  1 m5_p=0.5148  m6_ic=0.0649
[20:07:14]   HIT  FTSE_CHINA_50      rate             lag=  7 m5_p=0.9913  m6_ic=0.0363
[20:07:14]   HIT  FTSE_CHINA_50      rate             lag= 14 m5_p=0.2687  m6_ic=0.0479
[20:07:15]   HIT  FTSE_CHINA_50      ruble            lag=  1 m5_p=0.9901  m6_ic=0.0409
[20:07:15]   HIT  FTSE_CHINA_50      ruble            lag= 30 m5_p=0.3880  m6_ic=0.0817
[20:07:16]   HIT  FTSE_CHINA_50      sanctions        lag= 14 m5_p=0.0897  m6_ic=0.0445
[20:07:16]   HIT  FTSE_CHINA_50      sanctions        lag= 30 m5_p=0.4187  m6_ic=0.0440
[20:07:16]   HIT  FTSE_CHINA_50      inflation        lag=  1 m5_p=0.6470  m6_ic=0.0428
[20:07:17]   HIT  FTSE_CHINA_50      inflation        lag=  7 m5_p=0.3905  m6_ic=0.0340
[20:07:17]   HIT  FTSE_CHINA_50      inflation        lag= 30 m5_p=0.6986  m6_ic=0.0496
[20:07:17]   HIT  FTSE_CHINA_50      banking          lag=  1 m5_p=0.6430  m6_ic=0.0363
[20:07:18]   HIT  FTSE_CHINA_50      banking          lag= 14 m5_p=0.1179  m6_ic=0.0360
[20:07:18]   HIT  FTSE_CHINA_50      gold             lag=  1 m5_p=0.6650  m6_ic=0.0336
[20:07:18]   HIT  FTSE_CHINA_50      gold             lag=  7 m5_p=0.1741  m6_ic=0.0432
[20:07:18]   HIT  FTSE_CHINA_50      gold             lag= 14 m5_p=0.9787  m6_ic=0.0412
[20:07:19]   HIT  FTSE_CHINA_50      gold             lag= 30 m5_p=0.3984  m6_ic=0.0550
[20:07:19]   HIT  GOLD               oil              lag=  1 m5_p=0.9532  m6_ic=0.0326
[20:07:19]   HIT  GOLD               oil              lag= 30 m5_p=0.3688  m6_ic=0.0932
[20:07:20]   HIT  GOLD               ruble            lag=  1 m5_p=0.7153  m6_ic=0.0798
[20:07:21]   HIT  GOLD               ruble            lag=  7 m5_p=0.6456  m6_ic=0.1263
[20:07:21]   HIT  GOLD               ruble            lag= 14 m5_p=0.4860  m6_ic=0.0612
[20:07:21]   HIT  GOLD               ruble            lag= 30 m5_p=0.7346  m6_ic=0.0603
[20:07:21]   HIT  GOLD               sanctions        lag=  1 m5_p=0.9744  m6_ic=0.0562
[20:07:21]   HIT  GOLD               sanctions        lag=  7 m5_p=0.5785  m6_ic=0.0424
[20:07:22]   HIT  GOLD               sanctions        lag= 30 m5_p=0.0448  m6_ic=0.0603
[20:07:22]   HIT  GOLD               inflation        lag=  1 m5_p=0.0726  m6_ic=0.0479
[20:07:22]   HIT  GOLD               inflation        lag= 30 m5_p=0.3846  m6_ic=0.0750
[20:07:23]   HIT  GOLD               banking          lag=  1 m5_p=0.2110  m6_ic=0.0443
[20:07:23]   HIT  GOLD               banking          lag=  7 m5_p=0.6102  m6_ic=0.0774
[20:07:23]   HIT  GOLD               banking          lag= 14 m5_p=0.4794  m6_ic=0.0343
[20:07:24]   HIT  GOLD               gold             lag=  7 m5_p=0.7286  m6_ic=0.0902
[20:07:24]   HIT  GOLD               gold             lag= 14 m5_p=0.2403  m6_ic=0.0845
[20:07:24]   HIT  GOLD               gold             lag= 30 m5_p=0.7674  m6_ic=0.0310
[20:07:24]   HIT  SILVER             oil              lag=  1 m5_p=0.5583  m6_ic=0.0637
[20:07:24]   HIT  SILVER             oil              lag=  7 m5_p=0.7134  m6_ic=0.0428
[20:07:25]   HIT  SILVER             oil              lag= 30 m5_p=0.9348  m6_ic=0.0440
[20:07:25]   HIT  SILVER             rate             lag=  7 m5_p=0.5172  m6_ic=0.0744
[20:07:25]   HIT  SILVER             rate             lag= 14 m5_p=0.5417  m6_ic=0.0392
[20:07:26]   HIT  SILVER             rate             lag= 30 m5_p=0.2067  m6_ic=0.0430
[20:07:26]   HIT  SILVER             ruble            lag= 14 m5_p=0.7541  m6_ic=0.0504
[20:07:26]   HIT  SILVER             ruble            lag= 30 m5_p=0.5015  m6_ic=0.0913
[20:07:27]   HIT  SILVER             sanctions        lag=  7 m5_p=0.7734  m6_ic=0.0438
[20:07:27]   HIT  SILVER             sanctions        lag= 14 m5_p=0.2520  m6_ic=0.0362
[20:07:27]   HIT  SILVER             sanctions        lag= 30 m5_p=0.2898  m6_ic=0.0987
[20:07:27]   HIT  SILVER             inflation        lag=  1 m5_p=0.4563  m6_ic=0.1023
[20:07:28]   HIT  SILVER             inflation        lag= 14 m5_p=0.5560  m6_ic=0.0378
[20:07:28]   HIT  SILVER             banking          lag=  1 m5_p=0.8597  m6_ic=0.1069
[20:07:28]   HIT  SILVER             banking          lag=  7 m5_p=0.7958  m6_ic=0.1034
[20:07:28]   HIT  SILVER             banking          lag= 14 m5_p=0.7033  m6_ic=0.0433
[20:07:28]   HIT  SILVER             banking          lag= 30 m5_p=0.4961  m6_ic=0.0565
[20:07:29]   HIT  SILVER             gold             lag=  1 m5_p=0.5015  m6_ic=0.0709
[20:07:29]   HIT  SILVER             gold             lag= 14 m5_p=0.9397  m6_ic=0.0362
[20:07:30]   HIT  IMOEX              oil              lag=  7 m5_p=0.3656  m6_ic=0.0982
[20:07:30]   HIT  IMOEX              oil              lag= 14 m5_p=0.6076  m6_ic=0.0473
[20:07:30]   HIT  IMOEX              rate             lag=  1 m5_p=0.1954  m6_ic=0.0644
[20:07:31]   HIT  IMOEX              rate             lag= 14 m5_p=0.2500  m6_ic=0.0539
[20:07:31]   HIT  IMOEX              rate             lag= 30 m5_p=0.7067  m6_ic=0.1142
[20:07:31]   HIT  IMOEX              ruble            lag=  1 m5_p=0.6798  m6_ic=0.0638
[20:07:31]   HIT  IMOEX              ruble            lag=  7 m5_p=0.3416  m6_ic=0.0426
[20:07:32]   HIT  IMOEX              ruble            lag= 30 m5_p=0.8905  m6_ic=0.0697
[20:07:32]   HIT  IMOEX              sanctions        lag= 14 m5_p=0.9472  m6_ic=0.0559
[20:07:33]   HIT  IMOEX              inflation        lag=  1 m5_p=0.1679  m6_ic=0.0467
[20:07:33]   HIT  IMOEX              inflation        lag=  7 m5_p=0.5877  m6_ic=0.0634
[20:07:33]   HIT  IMOEX              inflation        lag= 30 m5_p=0.5803  m6_ic=0.1008
[20:07:33]   HIT  IMOEX              banking          lag=  1 m5_p=0.2253  m6_ic=0.1129
[20:07:34]   HIT  IMOEX              banking          lag= 30 m5_p=0.6247  m6_ic=0.0719
[20:07:34]   HIT  IMOEX              gold             lag=  1 m5_p=0.1881  m6_ic=0.0330
[20:07:34]   HIT  IMOEX              gold             lag=  7 m5_p=0.8441  m6_ic=0.0457
[20:07:35]   HIT  MOEXFN             oil              lag=  7 m5_p=0.3823  m6_ic=0.0555
[20:07:36]   HIT  MOEXFN             rate             lag=  1 m5_p=0.1128  m6_ic=0.0572
[20:07:36]   HIT  MOEXFN             rate             lag= 30 m5_p=0.9347  m6_ic=0.0956
[20:07:37]   HIT  MOEXFN             ruble            lag=  1 m5_p=0.3256  m6_ic=0.0750
[20:07:37]   HIT  MOEXFN             ruble            lag=  7 m5_p=0.6758  m6_ic=0.0360
[20:07:37]   HIT  MOEXFN             ruble            lag= 30 m5_p=0.6894  m6_ic=0.0504
[20:07:38]   HIT  MOEXFN             sanctions        lag=  7 m5_p=0.7753  m6_ic=0.0594
[20:07:38]   HIT  MOEXFN             sanctions        lag= 14 m5_p=0.9255  m6_ic=0.0561
[20:07:38]   HIT  MOEXFN             sanctions        lag= 30 m5_p=0.3461  m6_ic=0.0867
[20:07:38]   HIT  MOEXFN             inflation        lag=  1 m5_p=0.0918  m6_ic=0.0509
[20:07:39]   HIT  MOEXFN             banking          lag=  1 m5_p=0.1911  m6_ic=0.0902
[20:07:39]   HIT  MOEXFN             banking          lag=  7 m5_p=0.3546  m6_ic=0.0357
[20:07:40]   HIT  MOEXFN             banking          lag= 30 m5_p=0.2464  m6_ic=0.1143
[20:07:40]   HIT  MOEXFN             gold             lag=  7 m5_p=0.6910  m6_ic=0.0444
[20:07:41]   HIT  MOEXOG             oil              lag=  7 m5_p=0.4351  m6_ic=0.1201
[20:07:41]   HIT  MOEXOG             oil              lag= 14 m5_p=0.5055  m6_ic=0.0430
[20:07:41]   HIT  MOEXOG             oil              lag= 30 m5_p=0.6199  m6_ic=0.0678
[20:07:41]   HIT  MOEXOG             rate             lag=  1 m5_p=0.1240  m6_ic=0.0447
[20:07:42]   HIT  MOEXOG             rate             lag= 14 m5_p=0.2992  m6_ic=0.0307
[20:07:42]   HIT  MOEXOG             rate             lag= 30 m5_p=0.9974  m6_ic=0.1017
[20:07:42]   HIT  MOEXOG             ruble            lag=  1 m5_p=0.7496  m6_ic=0.0840
[20:07:42]   HIT  MOEXOG             ruble            lag=  7 m5_p=0.4303  m6_ic=0.0639
[20:07:43]   HIT  MOEXOG             ruble            lag= 30 m5_p=0.4104  m6_ic=0.1030
[20:07:43]   HIT  MOEXOG             sanctions        lag=  7 m5_p=0.1408  m6_ic=0.0445
[20:07:43]   HIT  MOEXOG             sanctions        lag= 14 m5_p=0.9303  m6_ic=0.0472
[20:07:44]   HIT  MOEXOG             sanctions        lag= 30 m5_p=0.9924  m6_ic=0.0328
[20:07:44]   HIT  MOEXOG             inflation        lag=  7 m5_p=0.4974  m6_ic=0.0594
[20:07:44]   HIT  MOEXOG             inflation        lag= 30 m5_p=0.1695  m6_ic=0.1147
[20:07:45]   HIT  MOEXOG             banking          lag=  1 m5_p=0.1295  m6_ic=0.1578
[20:07:45]   HIT  MOEXOG             banking          lag=  7 m5_p=0.2620  m6_ic=0.0737
[20:07:45]   HIT  MOEXOG             banking          lag= 14 m5_p=0.2146  m6_ic=0.0304
[20:07:45]   HIT  MOEXOG             banking          lag= 30 m5_p=0.1279  m6_ic=0.0343
[20:07:45]   HIT  MOEXOG             gold             lag=  1 m5_p=0.1103  m6_ic=0.0536
[20:07:46]   HIT  MOEXOG             gold             lag= 30 m5_p=0.7551  m6_ic=0.0595
[20:07:46]   HIT  MOEX10             oil              lag=  7 m5_p=0.3970  m6_ic=0.0669
[20:07:47]   HIT  MOEX10             oil              lag= 14 m5_p=0.8907  m6_ic=0.0437
[20:07:47]   HIT  MOEX10             oil              lag= 30 m5_p=0.4688  m6_ic=0.0402
[20:07:47]   HIT  MOEX10             rate             lag=  1 m5_p=0.1918  m6_ic=0.0642
[20:07:47]   HIT  MOEX10             rate             lag= 14 m5_p=0.3288  m6_ic=0.0401
[20:07:48]   HIT  MOEX10             rate             lag= 30 m5_p=0.4227  m6_ic=0.1644
[20:07:48]   HIT  MOEX10             ruble            lag=  1 m5_p=0.7842  m6_ic=0.0666
[20:07:48]   HIT  MOEX10             ruble            lag=  7 m5_p=0.5689  m6_ic=0.0365
[20:07:48]   HIT  MOEX10             ruble            lag= 14 m5_p=0.4969  m6_ic=0.0568
[20:07:48]   HIT  MOEX10             ruble            lag= 30 m5_p=0.5129  m6_ic=0.0473
[20:07:49]   HIT  MOEX10             sanctions        lag= 14 m5_p=0.8578  m6_ic=0.0368
[20:07:49]   HIT  MOEX10             inflation        lag=  1 m5_p=0.1634  m6_ic=0.0644
[20:07:50]   HIT  MOEX10             inflation        lag=  7 m5_p=0.6236  m6_ic=0.0318
[20:07:50]   HIT  MOEX10             banking          lag=  1 m5_p=0.2926  m6_ic=0.0754
[20:07:51]   HIT  MOEX10             banking          lag= 30 m5_p=0.2579  m6_ic=0.1062
[20:07:52]     Train: 269 signals
[20:07:52]     Val holdout (269 candidates)...
[20:07:52]     VAL PASS  SP500              oil              lag=  1  m6_ic=0.0550
[20:07:52]     VAL PASS  SP500              oil              lag=  7  m6_ic=0.0566
[20:07:52]     VAL PASS  SP500              rate             lag= 30  m6_ic=0.0611
[20:07:53]     VAL PASS  SP500              ruble            lag=  7  m6_ic=0.0657
[20:07:53]     VAL PASS  SP500              inflation        lag= 14  m6_ic=0.1072
[20:07:53]     VAL PASS  SP500              banking          lag=  7  m6_ic=0.0827
[20:07:53]     VAL PASS  SP500              gold             lag=  7  m6_ic=0.0408
[20:07:54]     VAL PASS  USD_RUB            oil              lag=  1  m6_ic=0.1082
[20:07:54]     VAL PASS  USD_RUB            oil              lag= 30  m6_ic=0.1140
[20:07:54]     VAL PASS  USD_RUB            rate             lag=  1  m6_ic=0.0635
[20:07:54]     VAL PASS  USD_RUB            rate             lag= 14  m6_ic=0.1297
[20:07:55]     VAL PASS  USD_RUB            rate             lag= 30  m6_ic=0.0577
[20:07:55]     VAL PASS  USD_RUB            ruble            lag=  1  m6_ic=0.0704
[20:07:55]     VAL PASS  USD_RUB            ruble            lag=  7  m6_ic=0.0754
[20:07:55]     VAL PASS  USD_RUB            ruble            lag= 14  m6_ic=0.1186
[20:07:56]     VAL PASS  USD_RUB            sanctions        lag=  7  m6_ic=0.0796
[20:07:56]     VAL PASS  USD_RUB            sanctions        lag= 14  m6_ic=0.1077
[20:07:56]     VAL PASS  USD_RUB            sanctions        lag= 30  m6_ic=0.0894
[20:07:56]     VAL PASS  USD_RUB            inflation        lag=  7  m6_ic=0.0707
[20:07:57]     VAL PASS  EUR_RUB            oil              lag=  1  m6_ic=0.1082
[20:07:58]     VAL PASS  EUR_RUB            oil              lag= 30  m6_ic=0.1140
[20:07:58]     VAL PASS  EUR_RUB            rate             lag=  1  m6_ic=0.0635
[20:07:58]     VAL PASS  EUR_RUB            rate             lag= 14  m6_ic=0.1297
[20:07:58]     VAL PASS  EUR_RUB            rate             lag= 30  m6_ic=0.0577
[20:07:58]     VAL PASS  EUR_RUB            ruble            lag=  1  m6_ic=0.0704
[20:07:59]     VAL PASS  EUR_RUB            ruble            lag=  7  m6_ic=0.0754
[20:07:59]     VAL PASS  EUR_RUB            ruble            lag= 14  m6_ic=0.1186
[20:07:59]     VAL PASS  EUR_RUB            sanctions        lag=  7  m6_ic=0.0796
[20:07:59]     VAL PASS  EUR_RUB            sanctions        lag= 14  m6_ic=0.1077
[20:07:59]     VAL PASS  EUR_RUB            sanctions        lag= 30  m6_ic=0.0894
[20:08:00]     VAL PASS  EUR_RUB            inflation        lag=  7  m6_ic=0.0707
[20:08:01]     VAL PASS  DJ_SOUTH_AFRICA    sanctions        lag=  1  m6_ic=0.0457
[20:08:02]     VAL PASS  DJ_SOUTH_AFRICA    sanctions        lag=  7  m6_ic=0.0566
[20:08:02]     VAL PASS  DJ_SOUTH_AFRICA    sanctions        lag= 14  m6_ic=0.0420
[20:08:02]     VAL PASS  DJ_SOUTH_AFRICA    sanctions        lag= 30  m6_ic=0.0423
[20:08:03]     VAL PASS  DJ_SOUTH_AFRICA    inflation        lag= 30  m6_ic=0.0358
[20:08:03]     VAL PASS  DJ_SOUTH_AFRICA    banking          lag=  1  m6_ic=0.0851
[20:08:03]     VAL PASS  DJ_SOUTH_AFRICA    banking          lag=  7  m6_ic=0.0443
[20:08:03]     VAL PASS  DJ_SOUTH_AFRICA    banking          lag= 30  m6_ic=0.0356
[20:08:03]     VAL PASS  DJ_SOUTH_AFRICA    gold             lag=  1  m6_ic=0.0555
[20:08:04]     VAL PASS  DJ_SOUTH_AFRICA    gold             lag=  7  m6_ic=0.0551
[20:08:04]     VAL PASS  DJ_SOUTH_AFRICA    gold             lag= 14  m6_ic=0.0637
[20:08:04]     VAL PASS  DJ_SOUTH_AFRICA    gold             lag= 30  m6_ic=0.1073
[20:08:04]     VAL PASS  MSCI_WORLD         oil              lag= 14  m6_ic=0.0649
[20:08:04]     VAL PASS  MSCI_WORLD         oil              lag= 30  m6_ic=0.0348
[20:08:05]     VAL PASS  MSCI_WORLD         rate             lag=  1  m6_ic=0.0303
[20:08:05]     VAL PASS  MSCI_WORLD         rate             lag= 14  m6_ic=0.0896
[20:08:05]     VAL PASS  MSCI_WORLD         rate             lag= 30  m6_ic=0.0506
[20:08:06]     VAL PASS  MSCI_WORLD         banking          lag=  1  m6_ic=0.0556
[20:08:07]     VAL PASS  MSCI_WORLD         banking          lag= 30  m6_ic=0.0343
[20:08:08]     VAL PASS  DXY                oil              lag= 14  m6_ic=0.1204
[20:08:08]     VAL PASS  DXY                rate             lag=  7  m6_ic=0.0960
[20:08:08]     VAL PASS  DXY                rate             lag= 30  m6_ic=0.0832
[20:08:08]     VAL PASS  DXY                ruble            lag= 30  m6_ic=0.0981
[20:08:09]     VAL PASS  DXY                sanctions        lag=  7  m6_ic=0.0456
[20:08:09]     VAL PASS  DXY                sanctions        lag= 14  m6_ic=0.0308
[20:08:09]     VAL PASS  DXY                banking          lag=  7  m6_ic=0.0908
[20:08:09]     VAL PASS  DXY                banking          lag= 14  m6_ic=0.0449
[20:08:09]     VAL PASS  DXY                banking          lag= 30  m6_ic=0.0622
[20:08:10]     VAL PASS  DXY                gold             lag= 14  m6_ic=0.0884
[20:08:10]     VAL PASS  DXY                gold             lag= 30  m6_ic=0.0407
[20:08:10]     VAL PASS  BRENT              oil              lag= 14  m6_ic=0.0876
[20:08:10]     VAL PASS  BRENT              oil              lag= 30  m6_ic=0.0938
[20:08:11]     VAL PASS  BRENT              rate             lag= 14  m6_ic=0.0323
[20:08:11]     VAL PASS  BRENT              ruble            lag= 14  m6_ic=0.0517
[20:08:12]     VAL PASS  BRENT              sanctions        lag=  7  m6_ic=0.0416
[20:08:12]     VAL PASS  BRENT              inflation        lag= 30  m6_ic=0.0655
[20:08:13]     VAL PASS  MSCI_INDIA         oil              lag=  7  m6_ic=0.0566
[20:08:14]     VAL PASS  MSCI_INDIA         rate             lag=  7  m6_ic=0.0834
[20:08:14]     VAL PASS  MSCI_INDIA         rate             lag= 30  m6_ic=0.1738
[20:08:14]     VAL PASS  MSCI_INDIA         sanctions        lag=  1  m6_ic=0.1118
[20:08:15]     VAL PASS  MSCI_INDIA         inflation        lag=  1  m6_ic=0.0506
[20:08:15]     VAL PASS  MSCI_INDIA         inflation        lag= 30  m6_ic=0.0443
[20:08:15]     VAL PASS  MSCI_INDIA         banking          lag=  1  m6_ic=0.0486
[20:08:15]     VAL PASS  MSCI_INDIA         banking          lag=  7  m6_ic=0.0330
[20:08:15]     VAL PASS  MSCI_INDIA         banking          lag= 30  m6_ic=0.0722
[20:08:15]     VAL PASS  MSCI_INDIA         gold             lag=  1  m6_ic=0.0812
[20:08:16]     VAL PASS  CHINA_H_SHARES     rate             lag=  1  m6_ic=0.0515
[20:08:17]     VAL PASS  CHINA_H_SHARES     rate             lag=  7  m6_ic=0.0504
[20:08:17]     VAL PASS  CHINA_H_SHARES     rate             lag= 14  m6_ic=0.0901
[20:08:17]     VAL PASS  CHINA_H_SHARES     ruble            lag=  1  m6_ic=0.0727
[20:08:17]     VAL PASS  CHINA_H_SHARES     ruble            lag= 30  m6_ic=0.0745
[20:08:17]     VAL PASS  CHINA_H_SHARES     sanctions        lag=  1  m6_ic=0.0463
[20:08:17]     VAL PASS  CHINA_H_SHARES     sanctions        lag= 14  m6_ic=0.0627
[20:08:18]     VAL PASS  CHINA_H_SHARES     sanctions        lag= 30  m6_ic=0.0977
[20:08:18]     VAL PASS  CHINA_H_SHARES     banking          lag= 14  m6_ic=0.0575
[20:08:19]     VAL PASS  CHINA_H_SHARES     gold             lag= 14  m6_ic=0.0951
[20:08:19]     VAL PASS  FTSE_CHINA_50      oil              lag=  1  m6_ic=0.0758
[20:08:19]     VAL PASS  FTSE_CHINA_50      oil              lag=  7  m6_ic=0.0351
[20:08:20]     VAL PASS  FTSE_CHINA_50      rate             lag=  1  m6_ic=0.0715
[20:08:20]     VAL PASS  FTSE_CHINA_50      rate             lag=  7  m6_ic=0.0946
[20:08:20]     VAL PASS  FTSE_CHINA_50      rate             lag= 14  m6_ic=0.0461
[20:08:20]     VAL PASS  FTSE_CHINA_50      ruble            lag= 30  m6_ic=0.0522
[20:08:21]     VAL PASS  FTSE_CHINA_50      sanctions        lag= 30  m6_ic=0.0720
[20:08:21]     VAL PASS  FTSE_CHINA_50      inflation        lag=  1  m6_ic=0.0345
[20:08:21]     VAL PASS  FTSE_CHINA_50      inflation        lag=  7  m6_ic=0.0458
[20:08:22]     VAL PASS  FTSE_CHINA_50      gold             lag=  7  m6_ic=0.0381
[20:08:22]     VAL PASS  FTSE_CHINA_50      gold             lag= 14  m6_ic=0.0526
[20:08:22]     VAL PASS  FTSE_CHINA_50      gold             lag= 30  m6_ic=0.0736
[20:08:22]     VAL PASS  GOLD               oil              lag=  1  m6_ic=0.0851
[20:08:23]     VAL PASS  GOLD               oil              lag= 30  m6_ic=0.0743
[20:08:23]     VAL PASS  GOLD               ruble            lag=  7  m6_ic=0.0650
[20:08:23]     VAL PASS  GOLD               ruble            lag= 14  m6_ic=0.0500
[20:08:23]     VAL PASS  GOLD               ruble            lag= 30  m6_ic=0.0531
[20:08:23]     VAL PASS  GOLD               sanctions        lag=  1  m6_ic=0.0581
[20:08:24]     VAL PASS  GOLD               sanctions        lag=  7  m6_ic=0.0909
[20:08:24]     VAL PASS  GOLD               inflation        lag=  1  m6_ic=0.0616
[20:08:24]     VAL PASS  GOLD               inflation        lag= 30  m6_ic=0.0763
[20:08:24]     VAL PASS  GOLD               banking          lag=  1  m6_ic=0.0610
[20:08:24]     VAL PASS  GOLD               banking          lag=  7  m6_ic=0.0414
[20:08:25]     VAL PASS  GOLD               banking          lag= 14  m6_ic=0.0503
[20:08:26]     VAL PASS  SILVER             rate             lag= 14  m6_ic=0.1188
[20:08:26]     VAL PASS  SILVER             rate             lag= 30  m6_ic=0.0396
[20:08:26]     VAL PASS  SILVER             ruble            lag= 14  m6_ic=0.0338
[20:08:26]     VAL PASS  SILVER             ruble            lag= 30  m6_ic=0.0367
[20:08:27]     VAL PASS  SILVER             sanctions        lag=  7  m6_ic=0.0692
[20:08:27]     VAL PASS  SILVER             inflation        lag=  1  m6_ic=0.0842
[20:08:27]     VAL PASS  SILVER             inflation        lag= 14  m6_ic=0.0577
[20:08:28]     VAL PASS  SILVER             banking          lag=  1  m6_ic=0.0579
[20:08:28]     VAL PASS  SILVER             banking          lag= 30  m6_ic=0.0373
[20:08:28]     VAL PASS  SILVER             gold             lag=  1  m6_ic=0.0628
[20:08:28]     VAL PASS  SILVER             gold             lag= 14  m6_ic=0.0476
[20:08:29]     VAL PASS  IMOEX              oil              lag= 14  m6_ic=0.0326
[20:08:29]     VAL PASS  IMOEX              rate             lag= 14  m6_ic=0.0616
[20:08:29]     VAL PASS  IMOEX              rate             lag= 30  m6_ic=0.0468
[20:08:29]     VAL PASS  IMOEX              ruble            lag=  1  m6_ic=0.0661
[20:08:30]     VAL PASS  IMOEX              ruble            lag=  7  m6_ic=0.0732
[20:08:30]     VAL PASS  IMOEX              ruble            lag= 30  m6_ic=0.1228
[20:08:30]     VAL PASS  IMOEX              sanctions        lag= 14  m6_ic=0.0891
[20:08:30]     VAL PASS  IMOEX              inflation        lag=  1  m6_ic=0.0482
[20:08:30]     VAL PASS  IMOEX              inflation        lag=  7  m6_ic=0.0720
[20:08:31]     VAL PASS  IMOEX              banking          lag= 30  m6_ic=0.0438
[20:08:31]     VAL PASS  IMOEX              gold             lag=  1  m6_ic=0.0407
[20:08:32]     VAL PASS  MOEXFN             ruble            lag=  1  m6_ic=0.0466
[20:08:32]     VAL PASS  MOEXFN             ruble            lag=  7  m6_ic=0.0524
[20:08:32]     VAL PASS  MOEXFN             ruble            lag= 30  m6_ic=0.1087
[20:08:32]     VAL PASS  MOEXFN             sanctions        lag=  7  m6_ic=0.0638
[20:08:33]     VAL PASS  MOEXFN             sanctions        lag= 14  m6_ic=0.0785
[20:08:33]     VAL PASS  MOEXFN             sanctions        lag= 30  m6_ic=0.0793
[20:08:33]     VAL PASS  MOEXFN             inflation        lag=  1  m6_ic=0.0818
[20:08:33]     VAL PASS  MOEXFN             banking          lag=  1  m6_ic=0.0471
[20:08:33]     VAL PASS  MOEXFN             banking          lag=  7  m6_ic=0.0529
[20:08:34]     VAL PASS  MOEXOG             oil              lag= 14  m6_ic=0.0340
[20:08:34]     VAL PASS  MOEXOG             oil              lag= 30  m6_ic=0.0663
[20:08:34]     VAL PASS  MOEXOG             rate             lag=  1  m6_ic=0.0423
[20:08:35]     VAL PASS  MOEXOG             rate             lag= 14  m6_ic=0.0638
[20:08:35]     VAL PASS  MOEXOG             ruble            lag=  1  m6_ic=0.0505
[20:08:35]     VAL PASS  MOEXOG             ruble            lag=  7  m6_ic=0.0791
[20:08:35]     VAL PASS  MOEXOG             ruble            lag= 30  m6_ic=0.0750
[20:08:36]     VAL PASS  MOEXOG             sanctions        lag=  7  m6_ic=0.0534
[20:08:36]     VAL PASS  MOEXOG             sanctions        lag= 14  m6_ic=0.1024
[20:08:36]     VAL PASS  MOEXOG             sanctions        lag= 30  m6_ic=0.0510
[20:08:36]     VAL PASS  MOEXOG             inflation        lag=  7  m6_ic=0.0845
[20:08:37]     VAL PASS  MOEXOG             banking          lag=  1  m6_ic=0.0887
[20:08:37]     VAL PASS  MOEXOG             banking          lag=  7  m6_ic=0.1396
[20:08:37]     VAL PASS  MOEXOG             gold             lag=  1  m6_ic=0.0336
[20:08:37]     VAL PASS  MOEXOG             gold             lag= 30  m6_ic=0.0948
[20:08:38]     VAL PASS  MOEX10             oil              lag= 14  m6_ic=0.0647
[20:08:38]     VAL PASS  MOEX10             oil              lag= 30  m6_ic=0.0521
[20:08:38]     VAL PASS  MOEX10             rate             lag=  1  m6_ic=0.0330
[20:08:39]     VAL PASS  MOEX10             rate             lag= 30  m6_ic=0.0587
[20:08:39]     VAL PASS  MOEX10             ruble            lag=  1  m6_ic=0.0559
[20:08:39]     VAL PASS  MOEX10             ruble            lag=  7  m6_ic=0.0819
[20:08:39]     VAL PASS  MOEX10             ruble            lag= 14  m6_ic=0.0718
[20:08:39]     VAL PASS  MOEX10             ruble            lag= 30  m6_ic=0.0542
[20:08:39]     VAL PASS  MOEX10             sanctions        lag= 14  m6_ic=0.0879
[20:08:40]     VAL PASS  MOEX10             inflation        lag=  1  m6_ic=0.0420
[20:08:40]     VAL PASS  MOEX10             inflation        lag=  7  m6_ic=0.0700
[20:08:40]     VAL PASS  MOEX10             banking          lag=  1  m6_ic=0.0310
[20:08:40]     Val: 169/269 held
[20:08:40]   → train=269  val=169  max_ic=0.1644  score=2838.0
[20:08:40] 
============================================================
[20:08:40] FINAL REPORT
[20:08:40] ============================================================
[20:08:40] Report: C:\project\signal_mind\analytics\phase_b\night_search\night_report_20260520_200111.md
[20:08:40] Hits CSV: C:\project\signal_mind\analytics\phase_b\night_search\night_hits_20260520_200111.csv
[20:08:40] 
[4/15] sweep_keyword_z90_market_return  (budget=39min)
[20:08:40]   Config: sweep_keyword_z90_market_return
[20:08:40]     feature=keyword_z90  target=market_return  ensemble=M6_only  ic_min=0.03
[20:08:41]   HIT  SP500              oil_z            lag=  7 m5_p=0.6748  m6_ic=0.0527
[20:08:41]   HIT  SP500              oil_z            lag= 14 m5_p=0.7862  m6_ic=0.1014
[20:08:41]   HIT  SP500              rate_z           lag=  1 m5_p=0.4366  m6_ic=0.0510
[20:08:41]   HIT  SP500              rate_z           lag=  7 m5_p=0.8581  m6_ic=0.0547
[20:08:42]   HIT  SP500              rate_z           lag= 14 m5_p=0.9377  m6_ic=0.0710
[20:08:42]   HIT  SP500              ruble_z          lag=  1 m5_p=0.6337  m6_ic=0.0566
[20:08:43]   HIT  SP500              sanctions_z      lag=  1 m5_p=0.4430  m6_ic=0.0698
[20:08:43]   HIT  SP500              sanctions_z      lag=  7 m5_p=0.7751  m6_ic=0.0709
[20:08:44]   HIT  SP500              inflation_z      lag=  1 m5_p=0.4970  m6_ic=0.0398
[20:08:44]   HIT  SP500              inflation_z      lag=  7 m5_p=0.5052  m6_ic=0.0847
[20:08:44]   HIT  SP500              inflation_z      lag= 30 m5_p=0.6300  m6_ic=0.0727
[20:08:44]   HIT  SP500              banking_z        lag=  1 m5_p=0.8581  m6_ic=0.0508
[20:08:45]   HIT  SP500              banking_z        lag= 14 m5_p=0.6500  m6_ic=0.0462
[20:08:45]   HIT  SP500              banking_z        lag= 30 m5_p=0.5090  m6_ic=0.0337
[20:08:45]   HIT  SP500              gold_z           lag=  7 m5_p=0.7528  m6_ic=0.0567
[20:08:46]   HIT  USD_RUB            oil_z            lag= 14 m5_p=0.6692  m6_ic=0.0580
[20:08:47]   HIT  USD_RUB            oil_z            lag= 30 m5_p=0.4686  m6_ic=0.0829
[20:08:47]   HIT  USD_RUB            rate_z           lag=  1 m5_p=0.9318  m6_ic=0.1048
[20:08:47]   HIT  USD_RUB            rate_z           lag= 30 m5_p=0.3641  m6_ic=0.0830
[20:08:48]   HIT  USD_RUB            ruble_z          lag=  1 m5_p=0.1133  m6_ic=0.0395
[20:08:48]   HIT  USD_RUB            ruble_z          lag=  7 m5_p=0.1581  m6_ic=0.0476
[20:08:48]   HIT  USD_RUB            ruble_z          lag= 14 m5_p=0.9816  m6_ic=0.1100
[20:08:49]   HIT  USD_RUB            sanctions_z      lag= 14 m5_p=0.6089  m6_ic=0.0672
[20:08:49]   HIT  USD_RUB            sanctions_z      lag= 30 m5_p=0.1916  m6_ic=0.0594
[20:08:52]   HIT  EUR_RUB            oil_z            lag= 14 m5_p=0.6692  m6_ic=0.0580
[20:08:52]   HIT  EUR_RUB            oil_z            lag= 30 m5_p=0.4686  m6_ic=0.0829
[20:08:52]   HIT  EUR_RUB            rate_z           lag=  1 m5_p=0.9318  m6_ic=0.1048
[20:08:53]   HIT  EUR_RUB            rate_z           lag= 30 m5_p=0.3641  m6_ic=0.0830
[20:08:53]   HIT  EUR_RUB            ruble_z          lag=  1 m5_p=0.1133  m6_ic=0.0395
[20:08:53]   HIT  EUR_RUB            ruble_z          lag=  7 m5_p=0.1581  m6_ic=0.0476
[20:08:54]   HIT  EUR_RUB            ruble_z          lag= 14 m5_p=0.9816  m6_ic=0.1100
[20:08:54]   HIT  EUR_RUB            sanctions_z      lag= 14 m5_p=0.6089  m6_ic=0.0672
[20:08:55]   HIT  EUR_RUB            sanctions_z      lag= 30 m5_p=0.1916  m6_ic=0.0594
[20:08:57]   HIT  DJ_SOUTH_AFRICA    oil_z            lag=  7 m5_p=0.6844  m6_ic=0.0421
[20:08:58]   HIT  DJ_SOUTH_AFRICA    oil_z            lag= 30 m5_p=0.7089  m6_ic=0.0453
[20:08:59]   HIT  DJ_SOUTH_AFRICA    ruble_z          lag=  1 m5_p=0.2753  m6_ic=0.0327
[20:09:00]   HIT  DJ_SOUTH_AFRICA    sanctions_z      lag=  1 m5_p=0.6815  m6_ic=0.0457
[20:09:00]   HIT  DJ_SOUTH_AFRICA    sanctions_z      lag= 14 m5_p=0.0779  m6_ic=0.0913
[20:09:01]   HIT  DJ_SOUTH_AFRICA    inflation_z      lag= 14 m5_p=0.3188  m6_ic=0.0959
[20:09:01]   HIT  DJ_SOUTH_AFRICA    inflation_z      lag= 30 m5_p=0.7929  m6_ic=0.0511
[20:09:01]   HIT  DJ_SOUTH_AFRICA    banking_z        lag=  1 m5_p=0.7066  m6_ic=0.0641
[20:09:01]   HIT  DJ_SOUTH_AFRICA    banking_z        lag=  7 m5_p=0.5309  m6_ic=0.0672
[20:09:02]   HIT  DJ_SOUTH_AFRICA    banking_z        lag= 30 m5_p=0.4462  m6_ic=0.1268
[20:09:03]   HIT  DJ_SOUTH_AFRICA    gold_z           lag= 30 m5_p=0.6862  m6_ic=0.0316
[20:09:03]   HIT  MSCI_WORLD         oil_z            lag=  1 m5_p=0.5159  m6_ic=0.0479
[20:09:03]   HIT  MSCI_WORLD         oil_z            lag= 14 m5_p=0.4804  m6_ic=0.0423
[20:09:03]   HIT  MSCI_WORLD         oil_z            lag= 30 m5_p=0.2309  m6_ic=0.0322
[20:09:04]   HIT  MSCI_WORLD         rate_z           lag=  7 m5_p=0.2870  m6_ic=0.0667
[20:09:04]   HIT  MSCI_WORLD         rate_z           lag= 14 m5_p=0.6915  m6_ic=0.0301
[20:09:04]   HIT  MSCI_WORLD         rate_z           lag= 30 m5_p=0.8385  m6_ic=0.0355
[20:09:04]   HIT  MSCI_WORLD         ruble_z          lag=  1 m5_p=0.8080  m6_ic=0.0853
[20:09:05]   HIT  MSCI_WORLD         ruble_z          lag=  7 m5_p=0.9167  m6_ic=0.0921
[20:09:05]   HIT  MSCI_WORLD         ruble_z          lag= 30 m5_p=0.6524  m6_ic=0.0477
[20:09:05]   HIT  MSCI_WORLD         sanctions_z      lag=  7 m5_p=0.9308  m6_ic=0.0323
[20:09:05]   HIT  MSCI_WORLD         sanctions_z      lag= 14 m5_p=0.0137  m6_ic=0.0993
[20:09:06]   HIT  MSCI_WORLD         inflation_z      lag=  1 m5_p=0.7383  m6_ic=0.0436
[20:09:07]   HIT  MSCI_WORLD         inflation_z      lag= 30 m5_p=0.7384  m6_ic=0.0309
[20:09:07]   HIT  MSCI_WORLD         banking_z        lag=  7 m5_p=0.2023  m6_ic=0.0786
[20:09:07]   HIT  MSCI_WORLD         banking_z        lag= 30 m5_p=0.9942  m6_ic=0.0386
[20:09:08]   HIT  DXY                oil_z            lag=  1 m5_p=0.2414  m6_ic=0.0793
[20:09:09]   HIT  DXY                oil_z            lag= 14 m5_p=0.7563  m6_ic=0.0457
[20:09:09]   HIT  DXY                oil_z            lag= 30 m5_p=0.9815  m6_ic=0.0813
[20:09:09]   HIT  DXY                rate_z           lag=  1 m5_p=0.3050  m6_ic=0.0430
[20:09:09]   HIT  DXY                rate_z           lag=  7 m5_p=0.2421  m6_ic=0.0551
[20:09:10]   HIT  DXY                rate_z           lag= 30 m5_p=0.1284  m6_ic=0.0300
[20:09:10]   HIT  DXY                ruble_z          lag=  7 m5_p=0.4020  m6_ic=0.0448
[20:09:11]   HIT  DXY                sanctions_z      lag=  1 m5_p=0.9497  m6_ic=0.0383
[20:09:11]   HIT  DXY                sanctions_z      lag= 14 m5_p=0.1076  m6_ic=0.0375
[20:09:12]   HIT  DXY                inflation_z      lag=  7 m5_p=0.2981  m6_ic=0.0602
[20:09:12]   HIT  DXY                banking_z        lag=  1 m5_p=0.2260  m6_ic=0.0604
[20:09:13]   HIT  DXY                banking_z        lag= 14 m5_p=0.7712  m6_ic=0.0496
[20:09:13]   HIT  DXY                gold_z           lag=  7 m5_p=0.1179  m6_ic=0.0653
[20:09:13]   HIT  DXY                gold_z           lag= 14 m5_p=0.9351  m6_ic=0.1175
[20:09:14]   HIT  DXY                gold_z           lag= 30 m5_p=0.4623  m6_ic=0.0315
[20:09:14]   HIT  BRENT              oil_z            lag=  1 m5_p=0.9346  m6_ic=0.0406
[20:09:14]   HIT  BRENT              oil_z            lag=  7 m5_p=0.7838  m6_ic=0.0323
[20:09:14]   HIT  BRENT              oil_z            lag= 30 m5_p=0.8551  m6_ic=0.0800
[20:09:15]   HIT  BRENT              rate_z           lag=  7 m5_p=0.6818  m6_ic=0.0496
[20:09:15]   HIT  BRENT              ruble_z          lag=  1 m5_p=0.2518  m6_ic=0.0403
[20:09:16]   HIT  BRENT              ruble_z          lag= 30 m5_p=0.4153  m6_ic=0.1042
[20:09:16]   HIT  BRENT              sanctions_z      lag=  1 m5_p=0.5997  m6_ic=0.0313
[20:09:16]   HIT  BRENT              sanctions_z      lag=  7 m5_p=0.9600  m6_ic=0.0553
[20:09:17]   HIT  BRENT              sanctions_z      lag= 14 m5_p=0.3220  m6_ic=0.0433
[20:09:17]   HIT  BRENT              sanctions_z      lag= 30 m5_p=0.5788  m6_ic=0.0428
[20:09:17]   HIT  BRENT              inflation_z      lag=  1 m5_p=0.2547  m6_ic=0.0371
[20:09:17]   HIT  BRENT              inflation_z      lag= 14 m5_p=0.6837  m6_ic=0.1134
[20:09:18]   HIT  BRENT              inflation_z      lag= 30 m5_p=0.6957  m6_ic=0.0373
[20:09:18]   HIT  BRENT              banking_z        lag=  1 m5_p=0.7337  m6_ic=0.0561
[20:09:18]   HIT  BRENT              banking_z        lag=  7 m5_p=0.1672  m6_ic=0.0787
[20:09:18]   HIT  BRENT              banking_z        lag= 14 m5_p=0.6100  m6_ic=0.0377
[20:09:19]   HIT  BRENT              gold_z           lag= 14 m5_p=0.3846  m6_ic=0.0425
[20:09:19]   HIT  BRENT              gold_z           lag= 30 m5_p=0.4444  m6_ic=0.0414
[20:09:20]   HIT  MSCI_INDIA         rate_z           lag=  1 m5_p=0.4597  m6_ic=0.0374
[20:09:21]   HIT  MSCI_INDIA         rate_z           lag= 14 m5_p=0.6407  m6_ic=0.0556
[20:09:21]   HIT  MSCI_INDIA         ruble_z          lag=  1 m5_p=0.7407  m6_ic=0.0782
[20:09:22]   HIT  MSCI_INDIA         ruble_z          lag= 14 m5_p=0.7548  m6_ic=0.0444
[20:09:22]   HIT  MSCI_INDIA         ruble_z          lag= 30 m5_p=0.6840  m6_ic=0.1163
[20:09:22]   HIT  MSCI_INDIA         sanctions_z      lag=  1 m5_p=0.8390  m6_ic=0.0804
[20:09:22]   HIT  MSCI_INDIA         sanctions_z      lag=  7 m5_p=0.6660  m6_ic=0.0532
[20:09:22]   HIT  MSCI_INDIA         sanctions_z      lag= 30 m5_p=0.7515  m6_ic=0.0537
[20:09:23]   HIT  MSCI_INDIA         inflation_z      lag=  7 m5_p=0.4727  m6_ic=0.0344
[20:09:23]   HIT  MSCI_INDIA         inflation_z      lag= 30 m5_p=0.7764  m6_ic=0.0488
[20:09:24]   HIT  MSCI_INDIA         banking_z        lag=  7 m5_p=0.6346  m6_ic=0.0664
[20:09:24]   HIT  MSCI_INDIA         banking_z        lag= 14 m5_p=0.3996  m6_ic=0.0755
[20:09:24]   HIT  MSCI_INDIA         banking_z        lag= 30 m5_p=0.5097  m6_ic=0.1499
[20:09:24]   HIT  MSCI_INDIA         gold_z           lag=  1 m5_p=0.5637  m6_ic=0.0718
[20:09:24]   HIT  MSCI_INDIA         gold_z           lag=  7 m5_p=0.6810  m6_ic=0.0318
[20:09:25]   HIT  MSCI_INDIA         gold_z           lag= 14 m5_p=0.2356  m6_ic=0.1126
[20:09:25]   HIT  CHINA_H_SHARES     oil_z            lag=  1 m5_p=0.4078  m6_ic=0.0396
[20:09:25]   HIT  CHINA_H_SHARES     oil_z            lag=  7 m5_p=0.3879  m6_ic=0.0652
[20:09:26]   HIT  CHINA_H_SHARES     oil_z            lag= 30 m5_p=0.6605  m6_ic=0.0794
[20:09:26]   HIT  CHINA_H_SHARES     rate_z           lag=  1 m5_p=0.0778  m6_ic=0.0808
[20:09:26]   HIT  CHINA_H_SHARES     rate_z           lag=  7 m5_p=0.8293  m6_ic=0.0837
[20:09:26]   HIT  CHINA_H_SHARES     rate_z           lag= 14 m5_p=0.7421  m6_ic=0.0693
[20:09:27]   HIT  CHINA_H_SHARES     ruble_z          lag= 30 m5_p=0.6007  m6_ic=0.0372
[20:09:27]   HIT  CHINA_H_SHARES     sanctions_z      lag=  1 m5_p=0.4326  m6_ic=0.0352
[20:09:28]   HIT  CHINA_H_SHARES     sanctions_z      lag= 14 m5_p=0.3141  m6_ic=0.0414
[20:09:28]   HIT  CHINA_H_SHARES     sanctions_z      lag= 30 m5_p=0.2065  m6_ic=0.0882
[20:09:28]   HIT  CHINA_H_SHARES     inflation_z      lag=  1 m5_p=0.1657  m6_ic=0.0329
[20:09:29]   HIT  CHINA_H_SHARES     inflation_z      lag= 30 m5_p=0.3707  m6_ic=0.0400
[20:09:29]   HIT  CHINA_H_SHARES     banking_z        lag=  7 m5_p=0.9238  m6_ic=0.0517
[20:09:29]   HIT  CHINA_H_SHARES     banking_z        lag= 30 m5_p=0.9528  m6_ic=0.0391
[20:09:30]   HIT  CHINA_H_SHARES     gold_z           lag=  1 m5_p=0.3506  m6_ic=0.0655
[20:09:30]   HIT  CHINA_H_SHARES     gold_z           lag=  7 m5_p=0.2418  m6_ic=0.0632
[20:09:30]   HIT  CHINA_H_SHARES     gold_z           lag= 30 m5_p=0.9133  m6_ic=0.0892
[20:09:30]   HIT  FTSE_CHINA_50      oil_z            lag=  1 m5_p=0.4418  m6_ic=0.0537
[20:09:31]   HIT  FTSE_CHINA_50      oil_z            lag=  7 m5_p=0.3249  m6_ic=0.0373
[20:09:31]   HIT  FTSE_CHINA_50      oil_z            lag= 14 m5_p=0.8152  m6_ic=0.0316
[20:09:31]   HIT  FTSE_CHINA_50      oil_z            lag= 30 m5_p=0.6776  m6_ic=0.0983
[20:09:31]   HIT  FTSE_CHINA_50      rate_z           lag=  1 m5_p=0.0686  m6_ic=0.0939
[20:09:31]   HIT  FTSE_CHINA_50      rate_z           lag=  7 m5_p=0.9920  m6_ic=0.0796
[20:09:32]   HIT  FTSE_CHINA_50      rate_z           lag= 14 m5_p=0.9641  m6_ic=0.0636
[20:09:32]   HIT  FTSE_CHINA_50      ruble_z          lag= 14 m5_p=0.8984  m6_ic=0.0423
[20:09:33]   HIT  FTSE_CHINA_50      sanctions_z      lag=  1 m5_p=0.4682  m6_ic=0.0388
[20:09:33]   HIT  FTSE_CHINA_50      sanctions_z      lag=  7 m5_p=0.6112  m6_ic=0.0567
[20:09:33]   HIT  FTSE_CHINA_50      sanctions_z      lag= 14 m5_p=0.5075  m6_ic=0.0465
[20:09:33]   HIT  FTSE_CHINA_50      sanctions_z      lag= 30 m5_p=0.1301  m6_ic=0.0854
[20:09:34]   HIT  FTSE_CHINA_50      inflation_z      lag= 30 m5_p=0.3401  m6_ic=0.0377
[20:09:34]   HIT  FTSE_CHINA_50      banking_z        lag=  7 m5_p=0.9999  m6_ic=0.0536
[20:09:35]   HIT  FTSE_CHINA_50      banking_z        lag= 30 m5_p=0.7490  m6_ic=0.0443
[20:09:35]   HIT  FTSE_CHINA_50      gold_z           lag=  1 m5_p=0.2753  m6_ic=0.0715
[20:09:35]   HIT  FTSE_CHINA_50      gold_z           lag=  7 m5_p=0.2675  m6_ic=0.0782
[20:09:36]   HIT  FTSE_CHINA_50      gold_z           lag= 30 m5_p=0.7492  m6_ic=0.1108
[20:09:36]   HIT  GOLD               oil_z            lag=  1 m5_p=0.3410  m6_ic=0.0740
[20:09:36]   HIT  GOLD               oil_z            lag=  7 m5_p=0.5309  m6_ic=0.0307
[20:09:36]   HIT  GOLD               oil_z            lag= 30 m5_p=0.8937  m6_ic=0.0544
[20:09:37]   HIT  GOLD               rate_z           lag=  1 m5_p=0.9320  m6_ic=0.0944
[20:09:37]   HIT  GOLD               rate_z           lag= 14 m5_p=0.1962  m6_ic=0.0795
[20:09:37]   HIT  GOLD               rate_z           lag= 30 m5_p=0.9938  m6_ic=0.0415
[20:09:38]   HIT  GOLD               ruble_z          lag= 30 m5_p=0.8547  m6_ic=0.1470
[20:09:38]   HIT  GOLD               sanctions_z      lag=  1 m5_p=0.9873  m6_ic=0.0309
[20:09:38]   HIT  GOLD               sanctions_z      lag= 14 m5_p=0.1815  m6_ic=0.0689
[20:09:39]   HIT  GOLD               sanctions_z      lag= 30 m5_p=0.0688  m6_ic=0.0646
[20:09:39]   HIT  GOLD               inflation_z      lag=  7 m5_p=0.0163  m6_ic=0.1378
[20:09:40]   HIT  GOLD               banking_z        lag=  7 m5_p=0.2484  m6_ic=0.0472
[20:09:40]   HIT  GOLD               banking_z        lag= 30 m5_p=0.8820  m6_ic=0.0463
[20:09:40]   HIT  GOLD               gold_z           lag=  1 m5_p=0.9441  m6_ic=0.0352
[20:09:40]   HIT  GOLD               gold_z           lag=  7 m5_p=0.9611  m6_ic=0.1063
[20:09:41]   HIT  GOLD               gold_z           lag= 14 m5_p=0.0545  m6_ic=0.0797
[20:09:41]   HIT  GOLD               gold_z           lag= 30 m5_p=0.4941  m6_ic=0.0389
[20:09:42]   HIT  SILVER             oil_z            lag= 30 m5_p=0.5800  m6_ic=0.0502
[20:09:42]   HIT  SILVER             rate_z           lag=  1 m5_p=0.4295  m6_ic=0.0367
[20:09:42]   HIT  SILVER             rate_z           lag=  7 m5_p=0.2690  m6_ic=0.1576
[20:09:42]   HIT  SILVER             rate_z           lag= 14 m5_p=0.7726  m6_ic=0.1103
[20:09:42]   HIT  SILVER             rate_z           lag= 30 m5_p=0.3588  m6_ic=0.0329
[20:09:43]   HIT  SILVER             ruble_z          lag= 30 m5_p=0.5785  m6_ic=0.0343
[20:09:44]   HIT  SILVER             sanctions_z      lag=  7 m5_p=0.6731  m6_ic=0.0738
[20:09:44]   HIT  SILVER             sanctions_z      lag= 14 m5_p=0.2403  m6_ic=0.0328
[20:09:44]   HIT  SILVER             inflation_z      lag=  7 m5_p=0.1879  m6_ic=0.0463
[20:09:45]   HIT  SILVER             inflation_z      lag= 30 m5_p=0.3543  m6_ic=0.0508
[20:09:45]   HIT  SILVER             banking_z        lag=  1 m5_p=0.9566  m6_ic=0.0990
[20:09:45]   HIT  SILVER             banking_z        lag= 14 m5_p=0.8649  m6_ic=0.0429
[20:09:45]   HIT  SILVER             banking_z        lag= 30 m5_p=0.5269  m6_ic=0.0363
[20:09:46]   HIT  SILVER             gold_z           lag=  1 m5_p=0.1866  m6_ic=0.0339
[20:09:46]   HIT  SILVER             gold_z           lag= 14 m5_p=0.9873  m6_ic=0.0467
[20:09:46]   HIT  SILVER             gold_z           lag= 30 m5_p=0.1992  m6_ic=0.0391
[20:09:46]   HIT  IMOEX              oil_z            lag=  1 m5_p=0.2413  m6_ic=0.0580
[20:09:47]   HIT  IMOEX              rate_z           lag=  1 m5_p=0.3025  m6_ic=0.0443
[20:09:47]   HIT  IMOEX              rate_z           lag=  7 m5_p=0.2258  m6_ic=0.0420
[20:09:48]   HIT  IMOEX              rate_z           lag= 14 m5_p=0.2674  m6_ic=0.0817
[20:09:48]   HIT  IMOEX              rate_z           lag= 30 m5_p=0.4265  m6_ic=0.1355
[20:09:48]   HIT  IMOEX              ruble_z          lag=  1 m5_p=0.7600  m6_ic=0.1486
[20:09:48]   HIT  IMOEX              ruble_z          lag=  7 m5_p=0.0306  m6_ic=0.0333
[20:09:48]   HIT  IMOEX              ruble_z          lag= 14 m5_p=0.3301  m6_ic=0.0746
[20:09:49]   HIT  IMOEX              ruble_z          lag= 30 m5_p=0.8361  m6_ic=0.0588
[20:09:49]   HIT  IMOEX              sanctions_z      lag= 14 m5_p=0.7735  m6_ic=0.0305
[20:09:49]   HIT  IMOEX              inflation_z      lag=  1 m5_p=0.2068  m6_ic=0.0652
[20:09:50]   HIT  IMOEX              inflation_z      lag= 30 m5_p=0.5172  m6_ic=0.0900
[20:09:50]   HIT  IMOEX              banking_z        lag=  7 m5_p=0.1920  m6_ic=0.0512
[20:09:51]   HIT  IMOEX              banking_z        lag= 30 m5_p=0.0824  m6_ic=0.0624
[20:09:51]   HIT  IMOEX              gold_z           lag=  1 m5_p=0.3190  m6_ic=0.0361
[20:09:52]   HIT  IMOEX              gold_z           lag= 30 m5_p=0.3290  m6_ic=0.0581
[20:09:52]   HIT  MOEXFN             oil_z            lag=  1 m5_p=0.3589  m6_ic=0.1419
[20:09:52]   HIT  MOEXFN             oil_z            lag=  7 m5_p=0.3274  m6_ic=0.0580
[20:09:52]   HIT  MOEXFN             oil_z            lag= 14 m5_p=0.6156  m6_ic=0.0324
[20:09:53]   HIT  MOEXFN             rate_z           lag= 14 m5_p=0.6683  m6_ic=0.0319
[20:09:53]   HIT  MOEXFN             rate_z           lag= 30 m5_p=0.9930  m6_ic=0.0357
[20:09:53]   HIT  MOEXFN             ruble_z          lag=  1 m5_p=0.6517  m6_ic=0.0735
[20:09:54]   HIT  MOEXFN             ruble_z          lag=  7 m5_p=0.2104  m6_ic=0.0631
[20:09:54]   HIT  MOEXFN             ruble_z          lag= 14 m5_p=0.5300  m6_ic=0.0578
[20:09:54]   HIT  MOEXFN             sanctions_z      lag=  1 m5_p=0.0556  m6_ic=0.0696
[20:09:54]   HIT  MOEXFN             sanctions_z      lag=  7 m5_p=0.9122  m6_ic=0.0433
[20:09:55]   HIT  MOEXFN             inflation_z      lag=  1 m5_p=0.2433  m6_ic=0.0377
[20:09:55]   HIT  MOEXFN             inflation_z      lag=  7 m5_p=0.4069  m6_ic=0.0376
[20:09:56]   HIT  MOEXFN             inflation_z      lag= 30 m5_p=0.4238  m6_ic=0.0521
[20:09:56]   HIT  MOEXFN             banking_z        lag=  7 m5_p=0.4758  m6_ic=0.0767
[20:09:56]   HIT  MOEXFN             banking_z        lag= 14 m5_p=0.1339  m6_ic=0.0699
[20:09:57]   HIT  MOEXFN             gold_z           lag=  7 m5_p=0.1800  m6_ic=0.0408
[20:09:57]   HIT  MOEXOG             oil_z            lag=  1 m5_p=0.2170  m6_ic=0.1113
[20:09:57]   HIT  MOEXOG             oil_z            lag=  7 m5_p=0.4584  m6_ic=0.0360
[20:09:58]   HIT  MOEXOG             rate_z           lag=  1 m5_p=0.2176  m6_ic=0.0682
[20:09:59]   HIT  MOEXOG             ruble_z          lag=  1 m5_p=0.7748  m6_ic=0.1057
[20:09:59]   HIT  MOEXOG             ruble_z          lag=  7 m5_p=0.0664  m6_ic=0.0461
[20:09:59]   HIT  MOEXOG             ruble_z          lag= 30 m5_p=0.9428  m6_ic=0.0346
[20:10:00]   HIT  MOEXOG             sanctions_z      lag=  7 m5_p=0.4094  m6_ic=0.0456
[20:10:00]   HIT  MOEXOG             sanctions_z      lag= 14 m5_p=0.3950  m6_ic=0.0419
[20:10:00]   HIT  MOEXOG             sanctions_z      lag= 30 m5_p=0.7427  m6_ic=0.0935
[20:10:01]   HIT  MOEXOG             inflation_z      lag=  1 m5_p=0.1034  m6_ic=0.1183
[20:10:01]   HIT  MOEXOG             inflation_z      lag= 30 m5_p=0.8230  m6_ic=0.1764
[20:10:02]   HIT  MOEXOG             banking_z        lag= 30 m5_p=0.1176  m6_ic=0.0665
[20:10:02]   HIT  MOEXOG             gold_z           lag=  1 m5_p=0.2022  m6_ic=0.0321
[20:10:02]   HIT  MOEXOG             gold_z           lag=  7 m5_p=0.7653  m6_ic=0.0454
[20:10:03]   HIT  MOEXOG             gold_z           lag= 30 m5_p=0.4799  m6_ic=0.0626
[20:10:03]   HIT  MOEX10             oil_z            lag=  1 m5_p=0.3737  m6_ic=0.1661
[20:10:03]   HIT  MOEX10             oil_z            lag=  7 m5_p=0.4867  m6_ic=0.0718
[20:10:03]   HIT  MOEX10             oil_z            lag= 14 m5_p=0.7293  m6_ic=0.0705
[20:10:04]   HIT  MOEX10             rate_z           lag=  1 m5_p=0.3887  m6_ic=0.0357
[20:10:04]   HIT  MOEX10             rate_z           lag=  7 m5_p=0.3078  m6_ic=0.0524
[20:10:04]   HIT  MOEX10             rate_z           lag= 30 m5_p=0.4483  m6_ic=0.0572
[20:10:04]   HIT  MOEX10             ruble_z          lag=  1 m5_p=0.9719  m6_ic=0.1048
[20:10:05]   HIT  MOEX10             ruble_z          lag=  7 m5_p=0.1292  m6_ic=0.0463
[20:10:05]   HIT  MOEX10             ruble_z          lag= 14 m5_p=0.4546  m6_ic=0.0393
[20:10:05]   HIT  MOEX10             sanctions_z      lag=  7 m5_p=0.6263  m6_ic=0.0733
[20:10:06]   HIT  MOEX10             sanctions_z      lag= 30 m5_p=0.4859  m6_ic=0.0602
[20:10:06]   HIT  MOEX10             inflation_z      lag=  1 m5_p=0.2736  m6_ic=0.0465
[20:10:07]   HIT  MOEX10             inflation_z      lag= 30 m5_p=0.7899  m6_ic=0.0795
[20:10:07]   HIT  MOEX10             banking_z        lag= 14 m5_p=0.0831  m6_ic=0.0306
[20:10:08]   HIT  MOEX10             gold_z           lag= 14 m5_p=0.9573  m6_ic=0.0366
[20:10:08]   HIT  MOEX10             gold_z           lag= 30 m5_p=0.6804  m6_ic=0.0659
[20:10:08]     Train: 239 signals
[20:10:08]     Val holdout (239 candidates)...
[20:10:09]     VAL PASS  SP500              rate_z           lag= 14  m6_ic=0.0907
[20:10:09]     VAL PASS  SP500              ruble_z          lag=  1  m6_ic=0.0665
[20:10:10]     VAL PASS  SP500              sanctions_z      lag=  7  m6_ic=0.1125
[20:10:10]     VAL PASS  SP500              inflation_z      lag=  1  m6_ic=0.0551
[20:10:10]     VAL PASS  SP500              inflation_z      lag=  7  m6_ic=0.0685
[20:10:11]     VAL PASS  SP500              banking_z        lag=  1  m6_ic=0.0980
[20:10:11]     VAL PASS  SP500              banking_z        lag= 30  m6_ic=0.0897
[20:10:11]     VAL PASS  USD_RUB            oil_z            lag= 14  m6_ic=0.0405
[20:10:12]     VAL PASS  USD_RUB            oil_z            lag= 30  m6_ic=0.0910
[20:10:12]     VAL PASS  USD_RUB            rate_z           lag=  1  m6_ic=0.1435
[20:10:12]     VAL PASS  USD_RUB            rate_z           lag= 30  m6_ic=0.0349
[20:10:12]     VAL PASS  USD_RUB            ruble_z          lag=  1  m6_ic=0.1347
[20:10:12]     VAL PASS  USD_RUB            ruble_z          lag=  7  m6_ic=0.1535
[20:10:13]     VAL PASS  USD_RUB            ruble_z          lag= 14  m6_ic=0.0900
[20:10:13]     VAL PASS  USD_RUB            sanctions_z      lag= 14  m6_ic=0.0338
[20:10:13]     VAL PASS  USD_RUB            sanctions_z      lag= 30  m6_ic=0.0439
[20:10:13]     VAL PASS  EUR_RUB            oil_z            lag= 14  m6_ic=0.0405
[20:10:13]     VAL PASS  EUR_RUB            oil_z            lag= 30  m6_ic=0.0910
[20:10:14]     VAL PASS  EUR_RUB            rate_z           lag=  1  m6_ic=0.1435
[20:10:14]     VAL PASS  EUR_RUB            rate_z           lag= 30  m6_ic=0.0349
[20:10:14]     VAL PASS  EUR_RUB            ruble_z          lag=  1  m6_ic=0.1347
[20:10:14]     VAL PASS  EUR_RUB            ruble_z          lag=  7  m6_ic=0.1535
[20:10:14]     VAL PASS  EUR_RUB            ruble_z          lag= 14  m6_ic=0.0900
[20:10:15]     VAL PASS  EUR_RUB            sanctions_z      lag= 14  m6_ic=0.0338
[20:10:15]     VAL PASS  EUR_RUB            sanctions_z      lag= 30  m6_ic=0.0439
[20:10:15]     VAL PASS  DJ_SOUTH_AFRICA    oil_z            lag= 30  m6_ic=0.0594
[20:10:16]     VAL PASS  DJ_SOUTH_AFRICA    sanctions_z      lag=  1  m6_ic=0.0689
[20:10:16]     VAL PASS  DJ_SOUTH_AFRICA    inflation_z      lag= 30  m6_ic=0.0897
[20:10:17]     VAL PASS  DJ_SOUTH_AFRICA    banking_z        lag=  1  m6_ic=0.0329
[20:10:17]     VAL PASS  DJ_SOUTH_AFRICA    banking_z        lag=  7  m6_ic=0.0636
[20:10:17]     VAL PASS  MSCI_WORLD         oil_z            lag=  1  m6_ic=0.0304
[20:10:18]     VAL PASS  MSCI_WORLD         rate_z           lag= 14  m6_ic=0.0385
[20:10:19]     VAL PASS  MSCI_WORLD         ruble_z          lag=  1  m6_ic=0.0619
[20:10:19]     VAL PASS  MSCI_WORLD         ruble_z          lag= 30  m6_ic=0.0596
[20:10:19]     VAL PASS  MSCI_WORLD         sanctions_z      lag=  7  m6_ic=0.0977
[20:10:19]     VAL PASS  MSCI_WORLD         sanctions_z      lag= 14  m6_ic=0.0521
[20:10:20]     VAL PASS  MSCI_WORLD         inflation_z      lag= 30  m6_ic=0.1127
[20:10:20]     VAL PASS  MSCI_WORLD         banking_z        lag=  7  m6_ic=0.0324
[20:10:21]     VAL PASS  DXY                oil_z            lag= 14  m6_ic=0.0360
[20:10:21]     VAL PASS  DXY                oil_z            lag= 30  m6_ic=0.1178
[20:10:21]     VAL PASS  DXY                rate_z           lag=  1  m6_ic=0.0472
[20:10:21]     VAL PASS  DXY                rate_z           lag=  7  m6_ic=0.0570
[20:10:22]     VAL PASS  DXY                rate_z           lag= 30  m6_ic=0.0851
[20:10:22]     VAL PASS  DXY                ruble_z          lag=  7  m6_ic=0.0950
[20:10:22]     VAL PASS  DXY                sanctions_z      lag= 14  m6_ic=0.1437
[20:10:22]     VAL PASS  DXY                inflation_z      lag=  7  m6_ic=0.0928
[20:10:22]     VAL PASS  DXY                banking_z        lag=  1  m6_ic=0.0325
[20:10:23]     VAL PASS  DXY                banking_z        lag= 14  m6_ic=0.1399
[20:10:23]     VAL PASS  DXY                gold_z           lag=  7  m6_ic=0.0432
[20:10:23]     VAL PASS  DXY                gold_z           lag= 14  m6_ic=0.1087
[20:10:23]     VAL PASS  BRENT              oil_z            lag=  1  m6_ic=0.1032
[20:10:24]     VAL PASS  BRENT              ruble_z          lag= 30  m6_ic=0.0509
[20:10:25]     VAL PASS  BRENT              sanctions_z      lag=  7  m6_ic=0.0419
[20:10:25]     VAL PASS  BRENT              sanctions_z      lag= 14  m6_ic=0.0669
[20:10:26]     VAL PASS  BRENT              inflation_z      lag= 30  m6_ic=0.0981
[20:10:26]     VAL PASS  BRENT              banking_z        lag=  1  m6_ic=0.0564
[20:10:26]     VAL PASS  BRENT              banking_z        lag= 14  m6_ic=0.0605
[20:10:27]     VAL PASS  BRENT              gold_z           lag= 30  m6_ic=0.1296
[20:10:27]     VAL PASS  MSCI_INDIA         rate_z           lag= 14  m6_ic=0.0480
[20:10:28]     VAL PASS  MSCI_INDIA         ruble_z          lag= 30  m6_ic=0.1265
[20:10:28]     VAL PASS  MSCI_INDIA         sanctions_z      lag=  1  m6_ic=0.0489
[20:10:29]     VAL PASS  MSCI_INDIA         inflation_z      lag=  7  m6_ic=0.0330
[20:10:29]     VAL PASS  MSCI_INDIA         banking_z        lag=  7  m6_ic=0.0539
[20:10:30]     VAL PASS  MSCI_INDIA         gold_z           lag=  7  m6_ic=0.0649
[20:10:30]     VAL PASS  CHINA_H_SHARES     oil_z            lag=  7  m6_ic=0.1027
[20:10:31]     VAL PASS  CHINA_H_SHARES     oil_z            lag= 30  m6_ic=0.1875
[20:10:31]     VAL PASS  CHINA_H_SHARES     rate_z           lag=  1  m6_ic=0.0377
[20:10:31]     VAL PASS  CHINA_H_SHARES     rate_z           lag=  7  m6_ic=0.0334
[20:10:31]     VAL PASS  CHINA_H_SHARES     ruble_z          lag= 30  m6_ic=0.0800
[20:10:32]     VAL PASS  CHINA_H_SHARES     sanctions_z      lag=  1  m6_ic=0.1120
[20:10:32]     VAL PASS  CHINA_H_SHARES     sanctions_z      lag= 14  m6_ic=0.0458
[20:10:32]     VAL PASS  CHINA_H_SHARES     sanctions_z      lag= 30  m6_ic=0.0319
[20:10:32]     VAL PASS  CHINA_H_SHARES     inflation_z      lag=  1  m6_ic=0.1077
[20:10:33]     VAL PASS  CHINA_H_SHARES     banking_z        lag=  7  m6_ic=0.1068
[20:10:33]     VAL PASS  CHINA_H_SHARES     banking_z        lag= 30  m6_ic=0.0977
[20:10:33]     VAL PASS  CHINA_H_SHARES     gold_z           lag=  1  m6_ic=0.0505
[20:10:33]     VAL PASS  CHINA_H_SHARES     gold_z           lag=  7  m6_ic=0.0511
[20:10:34]     VAL PASS  FTSE_CHINA_50      oil_z            lag=  1  m6_ic=0.0538
[20:10:34]     VAL PASS  FTSE_CHINA_50      oil_z            lag=  7  m6_ic=0.1095
[20:10:34]     VAL PASS  FTSE_CHINA_50      oil_z            lag= 30  m6_ic=0.1354
[20:10:35]     VAL PASS  FTSE_CHINA_50      rate_z           lag=  1  m6_ic=0.1022
[20:10:35]     VAL PASS  FTSE_CHINA_50      rate_z           lag=  7  m6_ic=0.0757
[20:10:35]     VAL PASS  FTSE_CHINA_50      ruble_z          lag= 14  m6_ic=0.0397
[20:10:35]     VAL PASS  FTSE_CHINA_50      sanctions_z      lag=  7  m6_ic=0.0579
[20:10:36]     VAL PASS  FTSE_CHINA_50      sanctions_z      lag= 30  m6_ic=0.0526
[20:10:36]     VAL PASS  FTSE_CHINA_50      inflation_z      lag= 30  m6_ic=0.0831
[20:10:36]     VAL PASS  FTSE_CHINA_50      banking_z        lag=  7  m6_ic=0.0489
[20:10:37]     VAL PASS  FTSE_CHINA_50      banking_z        lag= 30  m6_ic=0.0318
[20:10:37]     VAL PASS  FTSE_CHINA_50      gold_z           lag=  1  m6_ic=0.0767
[20:10:37]     VAL PASS  FTSE_CHINA_50      gold_z           lag= 30  m6_ic=0.1237
[20:10:37]     VAL PASS  GOLD               oil_z            lag=  1  m6_ic=0.0908
[20:10:38]     VAL PASS  GOLD               oil_z            lag= 30  m6_ic=0.0629
[20:10:38]     VAL PASS  GOLD               rate_z           lag=  1  m6_ic=0.1066
[20:10:38]     VAL PASS  GOLD               rate_z           lag= 14  m6_ic=0.1597
[20:10:38]     VAL PASS  GOLD               rate_z           lag= 30  m6_ic=0.0724
[20:10:39]     VAL PASS  GOLD               sanctions_z      lag=  1  m6_ic=0.0540
[20:10:39]     VAL PASS  GOLD               sanctions_z      lag= 14  m6_ic=0.0433
[20:10:39]     VAL PASS  GOLD               inflation_z      lag=  7  m6_ic=0.0318
[20:10:39]     VAL PASS  GOLD               banking_z        lag= 30  m6_ic=0.0451
[20:10:40]     VAL PASS  GOLD               gold_z           lag=  1  m6_ic=0.0394
[20:10:40]     VAL PASS  GOLD               gold_z           lag= 14  m6_ic=0.0773
[20:10:41]     VAL PASS  SILVER             rate_z           lag=  7  m6_ic=0.1293
[20:10:41]     VAL PASS  SILVER             rate_z           lag= 14  m6_ic=0.1576
[20:10:41]     VAL PASS  SILVER             rate_z           lag= 30  m6_ic=0.0650
[20:10:41]     VAL PASS  SILVER             ruble_z          lag= 30  m6_ic=0.0850
[20:10:42]     VAL PASS  SILVER             sanctions_z      lag=  7  m6_ic=0.0517
[20:10:42]     VAL PASS  SILVER             inflation_z      lag= 30  m6_ic=0.0609
[20:10:42]     VAL PASS  SILVER             banking_z        lag=  1  m6_ic=0.0796
[20:10:43]     VAL PASS  SILVER             banking_z        lag= 14  m6_ic=0.0997
[20:10:43]     VAL PASS  SILVER             banking_z        lag= 30  m6_ic=0.0700
[20:10:43]     VAL PASS  SILVER             gold_z           lag=  1  m6_ic=0.0474
[20:10:43]     VAL PASS  SILVER             gold_z           lag= 14  m6_ic=0.0687
[20:10:43]     VAL PASS  SILVER             gold_z           lag= 30  m6_ic=0.0849
[20:10:43]     VAL PASS  IMOEX              oil_z            lag=  1  m6_ic=0.0631
[20:10:44]     VAL PASS  IMOEX              rate_z           lag=  1  m6_ic=0.0323
[20:10:44]     VAL PASS  IMOEX              rate_z           lag= 14  m6_ic=0.0584
[20:10:44]     VAL PASS  IMOEX              rate_z           lag= 30  m6_ic=0.0648
[20:10:45]     VAL PASS  IMOEX              ruble_z          lag= 14  m6_ic=0.0858
[20:10:45]     VAL PASS  IMOEX              sanctions_z      lag= 14  m6_ic=0.1077
[20:10:46]     VAL PASS  IMOEX              inflation_z      lag=  1  m6_ic=0.0944
[20:10:46]     VAL PASS  IMOEX              inflation_z      lag= 30  m6_ic=0.0594
[20:10:46]     VAL PASS  IMOEX              banking_z        lag= 30  m6_ic=0.0422
[20:10:46]     VAL PASS  IMOEX              gold_z           lag=  1  m6_ic=0.0365
[20:10:47]     VAL PASS  IMOEX              gold_z           lag= 30  m6_ic=0.1228
[20:10:47]     VAL PASS  MOEXFN             oil_z            lag=  1  m6_ic=0.1353
[20:10:47]     VAL PASS  MOEXFN             oil_z            lag= 14  m6_ic=0.0365
[20:10:47]     VAL PASS  MOEXFN             rate_z           lag= 14  m6_ic=0.0341
[20:10:48]     VAL PASS  MOEXFN             rate_z           lag= 30  m6_ic=0.0700
[20:10:48]     VAL PASS  MOEXFN             ruble_z          lag= 14  m6_ic=0.0594
[20:10:48]     VAL PASS  MOEXFN             sanctions_z      lag=  1  m6_ic=0.0574
[20:10:49]     VAL PASS  MOEXFN             sanctions_z      lag=  7  m6_ic=0.0677
[20:10:49]     VAL PASS  MOEXFN             inflation_z      lag=  1  m6_ic=0.1187
[20:10:49]     VAL PASS  MOEXFN             inflation_z      lag= 30  m6_ic=0.0354
[20:10:50]     VAL PASS  MOEXFN             banking_z        lag= 14  m6_ic=0.0309
[20:10:50]     VAL PASS  MOEXOG             oil_z            lag=  1  m6_ic=0.0449
[20:10:50]     VAL PASS  MOEXOG             oil_z            lag=  7  m6_ic=0.0438
[20:10:50]     VAL PASS  MOEXOG             ruble_z          lag=  1  m6_ic=0.0370
[20:10:51]     VAL PASS  MOEXOG             sanctions_z      lag=  7  m6_ic=0.0375
[20:10:51]     VAL PASS  MOEXOG             sanctions_z      lag= 14  m6_ic=0.0866
[20:10:52]     VAL PASS  MOEXOG             sanctions_z      lag= 30  m6_ic=0.1425
[20:10:52]     VAL PASS  MOEXOG             inflation_z      lag=  1  m6_ic=0.0766
[20:10:52]     VAL PASS  MOEXOG             inflation_z      lag= 30  m6_ic=0.0440
[20:10:53]     VAL PASS  MOEXOG             gold_z           lag=  7  m6_ic=0.0391
[20:10:53]     VAL PASS  MOEXOG             gold_z           lag= 30  m6_ic=0.1182
[20:10:53]     VAL PASS  MOEX10             oil_z            lag=  1  m6_ic=0.0731
[20:10:53]     VAL PASS  MOEX10             oil_z            lag=  7  m6_ic=0.0389
[20:10:53]     VAL PASS  MOEX10             oil_z            lag= 14  m6_ic=0.1335
[20:10:54]     VAL PASS  MOEX10             rate_z           lag= 30  m6_ic=0.1275
[20:10:54]     VAL PASS  MOEX10             ruble_z          lag= 14  m6_ic=0.0695
[20:10:55]     VAL PASS  MOEX10             sanctions_z      lag=  7  m6_ic=0.0474
[20:10:55]     VAL PASS  MOEX10             sanctions_z      lag= 30  m6_ic=0.0620
[20:10:55]     VAL PASS  MOEX10             inflation_z      lag=  1  m6_ic=0.0563
[20:10:55]     VAL PASS  MOEX10             inflation_z      lag= 30  m6_ic=0.0443
[20:10:55]     VAL PASS  MOEX10             banking_z        lag= 14  m6_ic=0.0462
[20:10:56]     VAL PASS  MOEX10             gold_z           lag= 14  m6_ic=0.0630
[20:10:56]     VAL PASS  MOEX10             gold_z           lag= 30  m6_ic=0.0901
[20:10:56]     Val: 156/239 held
[20:10:56]   → train=239  val=156  max_ic=0.1764  score=2532.3
[20:10:56] 
============================================================
[20:10:56] FINAL REPORT
[20:10:56] ============================================================
[20:10:56] Report: C:\project\signal_mind\analytics\phase_b\night_search\night_report_20260520_200111.md
[20:10:56] Hits CSV: C:\project\signal_mind\analytics\phase_b\night_search\night_hits_20260520_200111.csv
[20:10:56] 
[5/15] sweep_keyword_z90_abs_return  (budget=43min)
[20:10:56]   Config: sweep_keyword_z90_abs_return
[20:10:56]     feature=keyword_z90  target=abs_return  ensemble=M6_only  ic_min=0.03
[20:10:56]   HIT  SP500              oil_z            lag=  7 m5_p=0.6748  m6_ic=0.0527
[20:10:57]   HIT  SP500              oil_z            lag= 14 m5_p=0.7862  m6_ic=0.1014
[20:10:57]   HIT  SP500              rate_z           lag=  1 m5_p=0.4366  m6_ic=0.0510
[20:10:57]   HIT  SP500              rate_z           lag=  7 m5_p=0.8581  m6_ic=0.0547
[20:10:57]   HIT  SP500              rate_z           lag= 14 m5_p=0.9377  m6_ic=0.0710
[20:10:58]   HIT  SP500              ruble_z          lag=  1 m5_p=0.6337  m6_ic=0.0566
[20:10:59]   HIT  SP500              sanctions_z      lag=  1 m5_p=0.4430  m6_ic=0.0698
[20:10:59]   HIT  SP500              sanctions_z      lag=  7 m5_p=0.7751  m6_ic=0.0709
[20:10:59]   HIT  SP500              inflation_z      lag=  1 m5_p=0.4970  m6_ic=0.0398
[20:11:00]   HIT  SP500              inflation_z      lag=  7 m5_p=0.5052  m6_ic=0.0847
[20:11:00]   HIT  SP500              inflation_z      lag= 30 m5_p=0.6300  m6_ic=0.0727
[20:11:00]   HIT  SP500              banking_z        lag=  1 m5_p=0.8581  m6_ic=0.0508
[20:11:01]   HIT  SP500              banking_z        lag= 14 m5_p=0.6500  m6_ic=0.0462
[20:11:01]   HIT  SP500              banking_z        lag= 30 m5_p=0.5090  m6_ic=0.0337
[20:11:01]   HIT  SP500              gold_z           lag=  7 m5_p=0.7528  m6_ic=0.0567
[20:11:02]   HIT  USD_RUB            oil_z            lag= 14 m5_p=0.6692  m6_ic=0.0580
[20:11:02]   HIT  USD_RUB            oil_z            lag= 30 m5_p=0.4686  m6_ic=0.0829
[20:11:03]   HIT  USD_RUB            rate_z           lag=  1 m5_p=0.9318  m6_ic=0.1048
[20:11:03]   HIT  USD_RUB            rate_z           lag= 30 m5_p=0.3641  m6_ic=0.0830
[20:11:03]   HIT  USD_RUB            ruble_z          lag=  1 m5_p=0.1133  m6_ic=0.0395
[20:11:04]   HIT  USD_RUB            ruble_z          lag=  7 m5_p=0.1581  m6_ic=0.0476
[20:11:04]   HIT  USD_RUB            ruble_z          lag= 14 m5_p=0.9816  m6_ic=0.1100
[20:11:05]   HIT  USD_RUB            sanctions_z      lag= 14 m5_p=0.6089  m6_ic=0.0672
[20:11:05]   HIT  USD_RUB            sanctions_z      lag= 30 m5_p=0.1916  m6_ic=0.0594
[20:11:08]   HIT  EUR_RUB            oil_z            lag= 14 m5_p=0.6692  m6_ic=0.0580
[20:11:08]   HIT  EUR_RUB            oil_z            lag= 30 m5_p=0.4686  m6_ic=0.0829
[20:11:08]   HIT  EUR_RUB            rate_z           lag=  1 m5_p=0.9318  m6_ic=0.1048
[20:11:09]   HIT  EUR_RUB            rate_z           lag= 30 m5_p=0.3641  m6_ic=0.0830
[20:11:09]   HIT  EUR_RUB            ruble_z          lag=  1 m5_p=0.1133  m6_ic=0.0395
[20:11:09]   HIT  EUR_RUB            ruble_z          lag=  7 m5_p=0.1581  m6_ic=0.0476
[20:11:10]   HIT  EUR_RUB            ruble_z          lag= 14 m5_p=0.9816  m6_ic=0.1100
[20:11:10]   HIT  EUR_RUB            sanctions_z      lag= 14 m5_p=0.6089  m6_ic=0.0672
[20:11:11]   HIT  EUR_RUB            sanctions_z      lag= 30 m5_p=0.1916  m6_ic=0.0594
[20:11:13]   HIT  DJ_SOUTH_AFRICA    oil_z            lag=  7 m5_p=0.6844  m6_ic=0.0421
[20:11:14]   HIT  DJ_SOUTH_AFRICA    oil_z            lag= 30 m5_p=0.7089  m6_ic=0.0453
[20:11:15]   HIT  DJ_SOUTH_AFRICA    ruble_z          lag=  1 m5_p=0.2753  m6_ic=0.0327
[20:11:16]   HIT  DJ_SOUTH_AFRICA    sanctions_z      lag=  1 m5_p=0.6815  m6_ic=0.0457
[20:11:16]   HIT  DJ_SOUTH_AFRICA    sanctions_z      lag= 14 m5_p=0.0779  m6_ic=0.0913
[20:11:17]   HIT  DJ_SOUTH_AFRICA    inflation_z      lag= 14 m5_p=0.3188  m6_ic=0.0959
[20:11:17]   HIT  DJ_SOUTH_AFRICA    inflation_z      lag= 30 m5_p=0.7929  m6_ic=0.0511
[20:11:17]   HIT  DJ_SOUTH_AFRICA    banking_z        lag=  1 m5_p=0.7066  m6_ic=0.0641
[20:11:17]   HIT  DJ_SOUTH_AFRICA    banking_z        lag=  7 m5_p=0.5309  m6_ic=0.0672
[20:11:18]   HIT  DJ_SOUTH_AFRICA    banking_z        lag= 30 m5_p=0.4462  m6_ic=0.1268
[20:11:19]   HIT  DJ_SOUTH_AFRICA    gold_z           lag= 30 m5_p=0.6862  m6_ic=0.0316
[20:11:19]   HIT  MSCI_WORLD         oil_z            lag=  1 m5_p=0.5159  m6_ic=0.0479
[20:11:19]   HIT  MSCI_WORLD         oil_z            lag= 14 m5_p=0.4804  m6_ic=0.0423
[20:11:19]   HIT  MSCI_WORLD         oil_z            lag= 30 m5_p=0.2309  m6_ic=0.0322
[20:11:20]   HIT  MSCI_WORLD         rate_z           lag=  7 m5_p=0.2870  m6_ic=0.0667
[20:11:20]   HIT  MSCI_WORLD         rate_z           lag= 14 m5_p=0.6915  m6_ic=0.0301
[20:11:20]   HIT  MSCI_WORLD         rate_z           lag= 30 m5_p=0.8385  m6_ic=0.0355
[20:11:20]   HIT  MSCI_WORLD         ruble_z          lag=  1 m5_p=0.8080  m6_ic=0.0853
[20:11:21]   HIT  MSCI_WORLD         ruble_z          lag=  7 m5_p=0.9167  m6_ic=0.0921
[20:11:21]   HIT  MSCI_WORLD         ruble_z          lag= 30 m5_p=0.6524  m6_ic=0.0477
[20:11:21]   HIT  MSCI_WORLD         sanctions_z      lag=  7 m5_p=0.9308  m6_ic=0.0323
[20:11:22]   HIT  MSCI_WORLD         sanctions_z      lag= 14 m5_p=0.0137  m6_ic=0.0993
[20:11:22]   HIT  MSCI_WORLD         inflation_z      lag=  1 m5_p=0.7383  m6_ic=0.0436
[20:11:23]   HIT  MSCI_WORLD         inflation_z      lag= 30 m5_p=0.7384  m6_ic=0.0309
[20:11:23]   HIT  MSCI_WORLD         banking_z        lag=  7 m5_p=0.2023  m6_ic=0.0786
[20:11:23]   HIT  MSCI_WORLD         banking_z        lag= 30 m5_p=0.9942  m6_ic=0.0386
[20:11:24]   HIT  DXY                oil_z            lag=  1 m5_p=0.2414  m6_ic=0.0793
[20:11:25]   HIT  DXY                oil_z            lag= 14 m5_p=0.7563  m6_ic=0.0457
[20:11:25]   HIT  DXY                oil_z            lag= 30 m5_p=0.9815  m6_ic=0.0813
[20:11:25]   HIT  DXY                rate_z           lag=  1 m5_p=0.3050  m6_ic=0.0430
[20:11:25]   HIT  DXY                rate_z           lag=  7 m5_p=0.2421  m6_ic=0.0551
[20:11:26]   HIT  DXY                rate_z           lag= 30 m5_p=0.1284  m6_ic=0.0300
[20:11:26]   HIT  DXY                ruble_z          lag=  7 m5_p=0.4020  m6_ic=0.0448
[20:11:27]   HIT  DXY                sanctions_z      lag=  1 m5_p=0.9497  m6_ic=0.0383
[20:11:27]   HIT  DXY                sanctions_z      lag= 14 m5_p=0.1076  m6_ic=0.0375
[20:11:28]   HIT  DXY                inflation_z      lag=  7 m5_p=0.2981  m6_ic=0.0602
[20:11:28]   HIT  DXY                banking_z        lag=  1 m5_p=0.2260  m6_ic=0.0604
[20:11:29]   HIT  DXY                banking_z        lag= 14 m5_p=0.7712  m6_ic=0.0496
[20:11:29]   HIT  DXY                gold_z           lag=  7 m5_p=0.1179  m6_ic=0.0653
[20:11:29]   HIT  DXY                gold_z           lag= 14 m5_p=0.9351  m6_ic=0.1175
[20:11:30]   HIT  DXY                gold_z           lag= 30 m5_p=0.4623  m6_ic=0.0315
[20:11:30]   HIT  BRENT              oil_z            lag=  1 m5_p=0.9346  m6_ic=0.0406
[20:11:30]   HIT  BRENT              oil_z            lag=  7 m5_p=0.7838  m6_ic=0.0323
[20:11:30]   HIT  BRENT              oil_z            lag= 30 m5_p=0.8551  m6_ic=0.0800
[20:11:31]   HIT  BRENT              rate_z           lag=  7 m5_p=0.6818  m6_ic=0.0496
[20:11:31]   HIT  BRENT              ruble_z          lag=  1 m5_p=0.2518  m6_ic=0.0403
[20:11:32]   HIT  BRENT              ruble_z          lag= 30 m5_p=0.4153  m6_ic=0.1042
[20:11:32]   HIT  BRENT              sanctions_z      lag=  1 m5_p=0.5997  m6_ic=0.0313
[20:11:32]   HIT  BRENT              sanctions_z      lag=  7 m5_p=0.9600  m6_ic=0.0553
[20:11:33]   HIT  BRENT              sanctions_z      lag= 14 m5_p=0.3220  m6_ic=0.0433
[20:11:33]   HIT  BRENT              sanctions_z      lag= 30 m5_p=0.5788  m6_ic=0.0428
[20:11:33]   HIT  BRENT              inflation_z      lag=  1 m5_p=0.2547  m6_ic=0.0371
[20:11:33]   HIT  BRENT              inflation_z      lag= 14 m5_p=0.6837  m6_ic=0.1134
[20:11:34]   HIT  BRENT              inflation_z      lag= 30 m5_p=0.6957  m6_ic=0.0373
[20:11:34]   HIT  BRENT              banking_z        lag=  1 m5_p=0.7337  m6_ic=0.0561
[20:11:34]   HIT  BRENT              banking_z        lag=  7 m5_p=0.1672  m6_ic=0.0787
[20:11:34]   HIT  BRENT              banking_z        lag= 14 m5_p=0.6100  m6_ic=0.0377
[20:11:35]   HIT  BRENT              gold_z           lag= 14 m5_p=0.3846  m6_ic=0.0425
[20:11:35]   HIT  BRENT              gold_z           lag= 30 m5_p=0.4444  m6_ic=0.0414
[20:11:36]   HIT  MSCI_INDIA         rate_z           lag=  1 m5_p=0.4597  m6_ic=0.0374
[20:11:37]   HIT  MSCI_INDIA         rate_z           lag= 14 m5_p=0.6407  m6_ic=0.0556
[20:11:38]   HIT  MSCI_INDIA         ruble_z          lag=  1 m5_p=0.7407  m6_ic=0.0782
[20:11:38]   HIT  MSCI_INDIA         ruble_z          lag= 14 m5_p=0.7548  m6_ic=0.0444
[20:11:38]   HIT  MSCI_INDIA         ruble_z          lag= 30 m5_p=0.6840  m6_ic=0.1163
[20:11:39]   HIT  MSCI_INDIA         sanctions_z      lag=  1 m5_p=0.8390  m6_ic=0.0804
[20:11:39]   HIT  MSCI_INDIA         sanctions_z      lag=  7 m5_p=0.6660  m6_ic=0.0532
[20:11:39]   HIT  MSCI_INDIA         sanctions_z      lag= 30 m5_p=0.7515  m6_ic=0.0537
[20:11:40]   HIT  MSCI_INDIA         inflation_z      lag=  7 m5_p=0.4727  m6_ic=0.0344
[20:11:41]   HIT  MSCI_INDIA         inflation_z      lag= 30 m5_p=0.7764  m6_ic=0.0488
[20:11:41]   HIT  MSCI_INDIA         banking_z        lag=  7 m5_p=0.6346  m6_ic=0.0664
[20:11:41]   HIT  MSCI_INDIA         banking_z        lag= 14 m5_p=0.3996  m6_ic=0.0755
[20:11:42]   HIT  MSCI_INDIA         banking_z        lag= 30 m5_p=0.5097  m6_ic=0.1499
[20:11:42]   HIT  MSCI_INDIA         gold_z           lag=  1 m5_p=0.5637  m6_ic=0.0718
[20:11:42]   HIT  MSCI_INDIA         gold_z           lag=  7 m5_p=0.6810  m6_ic=0.0318
[20:11:43]   HIT  MSCI_INDIA         gold_z           lag= 14 m5_p=0.2356  m6_ic=0.1126
[20:11:43]   HIT  CHINA_H_SHARES     oil_z            lag=  1 m5_p=0.4078  m6_ic=0.0396
[20:11:44]   HIT  CHINA_H_SHARES     oil_z            lag=  7 m5_p=0.3879  m6_ic=0.0652
[20:11:44]   HIT  CHINA_H_SHARES     oil_z            lag= 30 m5_p=0.6605  m6_ic=0.0794
[20:11:44]   HIT  CHINA_H_SHARES     rate_z           lag=  1 m5_p=0.0778  m6_ic=0.0808
[20:11:45]   HIT  CHINA_H_SHARES     rate_z           lag=  7 m5_p=0.8293  m6_ic=0.0837
[20:11:45]   HIT  CHINA_H_SHARES     rate_z           lag= 14 m5_p=0.7421  m6_ic=0.0693
[20:11:46]   HIT  CHINA_H_SHARES     ruble_z          lag= 30 m5_p=0.6007  m6_ic=0.0372
[20:11:46]   HIT  CHINA_H_SHARES     sanctions_z      lag=  1 m5_p=0.4326  m6_ic=0.0352
[20:11:46]   HIT  CHINA_H_SHARES     sanctions_z      lag= 14 m5_p=0.3141  m6_ic=0.0414
[20:11:47]   HIT  CHINA_H_SHARES     sanctions_z      lag= 30 m5_p=0.2065  m6_ic=0.0882
[20:11:47]   HIT  CHINA_H_SHARES     inflation_z      lag=  1 m5_p=0.1657  m6_ic=0.0329
[20:11:48]   HIT  CHINA_H_SHARES     inflation_z      lag= 30 m5_p=0.3707  m6_ic=0.0400
[20:11:48]   HIT  CHINA_H_SHARES     banking_z        lag=  7 m5_p=0.9238  m6_ic=0.0517
[20:11:48]   HIT  CHINA_H_SHARES     banking_z        lag= 30 m5_p=0.9528  m6_ic=0.0391
[20:11:49]   HIT  CHINA_H_SHARES     gold_z           lag=  1 m5_p=0.3506  m6_ic=0.0655
[20:11:49]   HIT  CHINA_H_SHARES     gold_z           lag=  7 m5_p=0.2418  m6_ic=0.0632
[20:11:49]   HIT  CHINA_H_SHARES     gold_z           lag= 30 m5_p=0.9133  m6_ic=0.0892
[20:11:49]   HIT  FTSE_CHINA_50      oil_z            lag=  1 m5_p=0.4418  m6_ic=0.0537
[20:11:50]   HIT  FTSE_CHINA_50      oil_z            lag=  7 m5_p=0.3249  m6_ic=0.0373
[20:11:50]   HIT  FTSE_CHINA_50      oil_z            lag= 14 m5_p=0.8152  m6_ic=0.0316
[20:11:50]   HIT  FTSE_CHINA_50      oil_z            lag= 30 m5_p=0.6776  m6_ic=0.0983
[20:11:50]   HIT  FTSE_CHINA_50      rate_z           lag=  1 m5_p=0.0686  m6_ic=0.0939
[20:11:50]   HIT  FTSE_CHINA_50      rate_z           lag=  7 m5_p=0.9920  m6_ic=0.0796
[20:11:51]   HIT  FTSE_CHINA_50      rate_z           lag= 14 m5_p=0.9641  m6_ic=0.0636
[20:11:51]   HIT  FTSE_CHINA_50      ruble_z          lag= 14 m5_p=0.8984  m6_ic=0.0423
[20:11:52]   HIT  FTSE_CHINA_50      sanctions_z      lag=  1 m5_p=0.4682  m6_ic=0.0388
[20:11:52]   HIT  FTSE_CHINA_50      sanctions_z      lag=  7 m5_p=0.6112  m6_ic=0.0567
[20:11:52]   HIT  FTSE_CHINA_50      sanctions_z      lag= 14 m5_p=0.5075  m6_ic=0.0465
[20:11:53]   HIT  FTSE_CHINA_50      sanctions_z      lag= 30 m5_p=0.1301  m6_ic=0.0854
[20:11:53]   HIT  FTSE_CHINA_50      inflation_z      lag= 30 m5_p=0.3401  m6_ic=0.0377
[20:11:54]   HIT  FTSE_CHINA_50      banking_z        lag=  7 m5_p=0.9999  m6_ic=0.0536
[20:11:54]   HIT  FTSE_CHINA_50      banking_z        lag= 30 m5_p=0.7490  m6_ic=0.0443
[20:11:54]   HIT  FTSE_CHINA_50      gold_z           lag=  1 m5_p=0.2753  m6_ic=0.0715
[20:11:54]   HIT  FTSE_CHINA_50      gold_z           lag=  7 m5_p=0.2675  m6_ic=0.0782
[20:11:55]   HIT  FTSE_CHINA_50      gold_z           lag= 30 m5_p=0.7492  m6_ic=0.1108
[20:11:55]   HIT  GOLD               oil_z            lag=  1 m5_p=0.3410  m6_ic=0.0740
[20:11:55]   HIT  GOLD               oil_z            lag=  7 m5_p=0.5309  m6_ic=0.0307
[20:11:56]   HIT  GOLD               oil_z            lag= 30 m5_p=0.8937  m6_ic=0.0544
[20:11:56]   HIT  GOLD               rate_z           lag=  1 m5_p=0.9320  m6_ic=0.0944
[20:11:56]   HIT  GOLD               rate_z           lag= 14 m5_p=0.1962  m6_ic=0.0795
[20:11:57]   HIT  GOLD               rate_z           lag= 30 m5_p=0.9938  m6_ic=0.0415
[20:11:57]   HIT  GOLD               ruble_z          lag= 30 m5_p=0.8547  m6_ic=0.1470
[20:11:57]   HIT  GOLD               sanctions_z      lag=  1 m5_p=0.9873  m6_ic=0.0309
[20:11:58]   HIT  GOLD               sanctions_z      lag= 14 m5_p=0.1815  m6_ic=0.0689
[20:11:58]   HIT  GOLD               sanctions_z      lag= 30 m5_p=0.0688  m6_ic=0.0646
[20:11:58]   HIT  GOLD               inflation_z      lag=  7 m5_p=0.0163  m6_ic=0.1378
[20:11:59]   HIT  GOLD               banking_z        lag=  7 m5_p=0.2484  m6_ic=0.0472
[20:12:00]   HIT  GOLD               banking_z        lag= 30 m5_p=0.8820  m6_ic=0.0463
[20:12:00]   HIT  GOLD               gold_z           lag=  1 m5_p=0.9441  m6_ic=0.0352
[20:12:00]   HIT  GOLD               gold_z           lag=  7 m5_p=0.9611  m6_ic=0.1063
[20:12:00]   HIT  GOLD               gold_z           lag= 14 m5_p=0.0545  m6_ic=0.0797
[20:12:00]   HIT  GOLD               gold_z           lag= 30 m5_p=0.4941  m6_ic=0.0389
[20:12:01]   HIT  SILVER             oil_z            lag= 30 m5_p=0.5800  m6_ic=0.0502
[20:12:01]   HIT  SILVER             rate_z           lag=  1 m5_p=0.4295  m6_ic=0.0367
[20:12:01]   HIT  SILVER             rate_z           lag=  7 m5_p=0.2690  m6_ic=0.1576
[20:12:02]   HIT  SILVER             rate_z           lag= 14 m5_p=0.7726  m6_ic=0.1103
[20:12:02]   HIT  SILVER             rate_z           lag= 30 m5_p=0.3588  m6_ic=0.0329
[20:12:03]   HIT  SILVER             ruble_z          lag= 30 m5_p=0.5785  m6_ic=0.0343
[20:12:03]   HIT  SILVER             sanctions_z      lag=  7 m5_p=0.6731  m6_ic=0.0738
[20:12:03]   HIT  SILVER             sanctions_z      lag= 14 m5_p=0.2403  m6_ic=0.0328
[20:12:04]   HIT  SILVER             inflation_z      lag=  7 m5_p=0.1879  m6_ic=0.0463
[20:12:04]   HIT  SILVER             inflation_z      lag= 30 m5_p=0.3543  m6_ic=0.0508
[20:12:04]   HIT  SILVER             banking_z        lag=  1 m5_p=0.9566  m6_ic=0.0990
[20:12:05]   HIT  SILVER             banking_z        lag= 14 m5_p=0.8649  m6_ic=0.0429
[20:12:05]   HIT  SILVER             banking_z        lag= 30 m5_p=0.5269  m6_ic=0.0363
[20:12:05]   HIT  SILVER             gold_z           lag=  1 m5_p=0.1866  m6_ic=0.0339
[20:12:05]   HIT  SILVER             gold_z           lag= 14 m5_p=0.9873  m6_ic=0.0467
[20:12:06]   HIT  SILVER             gold_z           lag= 30 m5_p=0.1992  m6_ic=0.0391
[20:12:06]   HIT  IMOEX              oil_z            lag=  1 m5_p=0.2413  m6_ic=0.0580
[20:12:07]   HIT  IMOEX              rate_z           lag=  1 m5_p=0.3025  m6_ic=0.0443
[20:12:07]   HIT  IMOEX              rate_z           lag=  7 m5_p=0.2258  m6_ic=0.0420
[20:12:07]   HIT  IMOEX              rate_z           lag= 14 m5_p=0.2674  m6_ic=0.0817
[20:12:07]   HIT  IMOEX              rate_z           lag= 30 m5_p=0.4265  m6_ic=0.1355
[20:12:08]   HIT  IMOEX              ruble_z          lag=  1 m5_p=0.7600  m6_ic=0.1486
[20:12:08]   HIT  IMOEX              ruble_z          lag=  7 m5_p=0.0306  m6_ic=0.0333
[20:12:08]   HIT  IMOEX              ruble_z          lag= 14 m5_p=0.3301  m6_ic=0.0746
[20:12:08]   HIT  IMOEX              ruble_z          lag= 30 m5_p=0.8361  m6_ic=0.0588
[20:12:09]   HIT  IMOEX              sanctions_z      lag= 14 m5_p=0.7735  m6_ic=0.0305
[20:12:09]   HIT  IMOEX              inflation_z      lag=  1 m5_p=0.2068  m6_ic=0.0652
[20:12:10]   HIT  IMOEX              inflation_z      lag= 30 m5_p=0.5172  m6_ic=0.0900
[20:12:10]   HIT  IMOEX              banking_z        lag=  7 m5_p=0.1920  m6_ic=0.0512
[20:12:11]   HIT  IMOEX              banking_z        lag= 30 m5_p=0.0824  m6_ic=0.0624
[20:12:11]   HIT  IMOEX              gold_z           lag=  1 m5_p=0.3190  m6_ic=0.0361
[20:12:11]   HIT  IMOEX              gold_z           lag= 30 m5_p=0.3290  m6_ic=0.0581
[20:12:12]   HIT  MOEXFN             oil_z            lag=  1 m5_p=0.3589  m6_ic=0.1419
[20:12:12]   HIT  MOEXFN             oil_z            lag=  7 m5_p=0.3274  m6_ic=0.0580
[20:12:12]   HIT  MOEXFN             oil_z            lag= 14 m5_p=0.6156  m6_ic=0.0324
[20:12:13]   HIT  MOEXFN             rate_z           lag= 14 m5_p=0.6683  m6_ic=0.0319
[20:12:13]   HIT  MOEXFN             rate_z           lag= 30 m5_p=0.9930  m6_ic=0.0357
[20:12:13]   HIT  MOEXFN             ruble_z          lag=  1 m5_p=0.6517  m6_ic=0.0735
[20:12:13]   HIT  MOEXFN             ruble_z          lag=  7 m5_p=0.2104  m6_ic=0.0631
[20:12:13]   HIT  MOEXFN             ruble_z          lag= 14 m5_p=0.5300  m6_ic=0.0578
[20:12:14]   HIT  MOEXFN             sanctions_z      lag=  1 m5_p=0.0556  m6_ic=0.0696
[20:12:14]   HIT  MOEXFN             sanctions_z      lag=  7 m5_p=0.9122  m6_ic=0.0433
[20:12:15]   HIT  MOEXFN             inflation_z      lag=  1 m5_p=0.2433  m6_ic=0.0377
[20:12:15]   HIT  MOEXFN             inflation_z      lag=  7 m5_p=0.4069  m6_ic=0.0376
[20:12:15]   HIT  MOEXFN             inflation_z      lag= 30 m5_p=0.4238  m6_ic=0.0521
[20:12:16]   HIT  MOEXFN             banking_z        lag=  7 m5_p=0.4758  m6_ic=0.0767
[20:12:16]   HIT  MOEXFN             banking_z        lag= 14 m5_p=0.1339  m6_ic=0.0699
[20:12:16]   HIT  MOEXFN             gold_z           lag=  7 m5_p=0.1800  m6_ic=0.0408
[20:12:17]   HIT  MOEXOG             oil_z            lag=  1 m5_p=0.2170  m6_ic=0.1113
[20:12:17]   HIT  MOEXOG             oil_z            lag=  7 m5_p=0.4584  m6_ic=0.0360
[20:12:18]   HIT  MOEXOG             rate_z           lag=  1 m5_p=0.2176  m6_ic=0.0682
[20:12:18]   HIT  MOEXOG             ruble_z          lag=  1 m5_p=0.7748  m6_ic=0.1057
[20:12:19]   HIT  MOEXOG             ruble_z          lag=  7 m5_p=0.0664  m6_ic=0.0461
[20:12:19]   HIT  MOEXOG             ruble_z          lag= 30 m5_p=0.9428  m6_ic=0.0346
[20:12:19]   HIT  MOEXOG             sanctions_z      lag=  7 m5_p=0.4094  m6_ic=0.0456
[20:12:20]   HIT  MOEXOG             sanctions_z      lag= 14 m5_p=0.3950  m6_ic=0.0419
[20:12:20]   HIT  MOEXOG             sanctions_z      lag= 30 m5_p=0.7427  m6_ic=0.0935
[20:12:20]   HIT  MOEXOG             inflation_z      lag=  1 m5_p=0.1034  m6_ic=0.1183
[20:12:21]   HIT  MOEXOG             inflation_z      lag= 30 m5_p=0.8230  m6_ic=0.1764
[20:12:21]   HIT  MOEXOG             banking_z        lag= 30 m5_p=0.1176  m6_ic=0.0665
[20:12:22]   HIT  MOEXOG             gold_z           lag=  1 m5_p=0.2022  m6_ic=0.0321
[20:12:22]   HIT  MOEXOG             gold_z           lag=  7 m5_p=0.7653  m6_ic=0.0454
[20:12:22]   HIT  MOEXOG             gold_z           lag= 30 m5_p=0.4799  m6_ic=0.0626
[20:12:22]   HIT  MOEX10             oil_z            lag=  1 m5_p=0.3737  m6_ic=0.1661
[20:12:23]   HIT  MOEX10             oil_z            lag=  7 m5_p=0.4867  m6_ic=0.0718
[20:12:23]   HIT  MOEX10             oil_z            lag= 14 m5_p=0.7293  m6_ic=0.0705
[20:12:23]   HIT  MOEX10             rate_z           lag=  1 m5_p=0.3887  m6_ic=0.0357
[20:12:23]   HIT  MOEX10             rate_z           lag=  7 m5_p=0.3078  m6_ic=0.0524
[20:12:24]   HIT  MOEX10             rate_z           lag= 30 m5_p=0.4483  m6_ic=0.0572
[20:12:24]   HIT  MOEX10             ruble_z          lag=  1 m5_p=0.9719  m6_ic=0.1048
[20:12:24]   HIT  MOEX10             ruble_z          lag=  7 m5_p=0.1292  m6_ic=0.0463
[20:12:24]   HIT  MOEX10             ruble_z          lag= 14 m5_p=0.4546  m6_ic=0.0393
[20:12:25]   HIT  MOEX10             sanctions_z      lag=  7 m5_p=0.6263  m6_ic=0.0733
[20:12:25]   HIT  MOEX10             sanctions_z      lag= 30 m5_p=0.4859  m6_ic=0.0602
[20:12:26]   HIT  MOEX10             inflation_z      lag=  1 m5_p=0.2736  m6_ic=0.0465
[20:12:26]   HIT  MOEX10             inflation_z      lag= 30 m5_p=0.7899  m6_ic=0.0795
[20:12:27]   HIT  MOEX10             banking_z        lag= 14 m5_p=0.0831  m6_ic=0.0306
[20:12:28]   HIT  MOEX10             gold_z           lag= 14 m5_p=0.9573  m6_ic=0.0366
[20:12:28]   HIT  MOEX10             gold_z           lag= 30 m5_p=0.6804  m6_ic=0.0659
[20:12:28]     Train: 239 signals
[20:12:28]     Val holdout (239 candidates)...
[20:12:29]     VAL PASS  SP500              rate_z           lag= 14  m6_ic=0.0907
[20:12:29]     VAL PASS  SP500              ruble_z          lag=  1  m6_ic=0.0665
[20:12:29]     VAL PASS  SP500              sanctions_z      lag=  7  m6_ic=0.1125
[20:12:30]     VAL PASS  SP500              inflation_z      lag=  1  m6_ic=0.0551
[20:12:30]     VAL PASS  SP500              inflation_z      lag=  7  m6_ic=0.0685
[20:12:30]     VAL PASS  SP500              banking_z        lag=  1  m6_ic=0.0980
[20:12:31]     VAL PASS  SP500              banking_z        lag= 30  m6_ic=0.0897
[20:12:31]     VAL PASS  USD_RUB            oil_z            lag= 14  m6_ic=0.0405
[20:12:31]     VAL PASS  USD_RUB            oil_z            lag= 30  m6_ic=0.0910
[20:12:32]     VAL PASS  USD_RUB            rate_z           lag=  1  m6_ic=0.1435
[20:12:32]     VAL PASS  USD_RUB            rate_z           lag= 30  m6_ic=0.0349
[20:12:32]     VAL PASS  USD_RUB            ruble_z          lag=  1  m6_ic=0.1347
[20:12:32]     VAL PASS  USD_RUB            ruble_z          lag=  7  m6_ic=0.1535
[20:12:32]     VAL PASS  USD_RUB            ruble_z          lag= 14  m6_ic=0.0900
[20:12:33]     VAL PASS  USD_RUB            sanctions_z      lag= 14  m6_ic=0.0338
[20:12:33]     VAL PASS  USD_RUB            sanctions_z      lag= 30  m6_ic=0.0439
[20:12:33]     VAL PASS  EUR_RUB            oil_z            lag= 14  m6_ic=0.0405
[20:12:33]     VAL PASS  EUR_RUB            oil_z            lag= 30  m6_ic=0.0910
[20:12:33]     VAL PASS  EUR_RUB            rate_z           lag=  1  m6_ic=0.1435
[20:12:34]     VAL PASS  EUR_RUB            rate_z           lag= 30  m6_ic=0.0349
[20:12:34]     VAL PASS  EUR_RUB            ruble_z          lag=  1  m6_ic=0.1347
[20:12:34]     VAL PASS  EUR_RUB            ruble_z          lag=  7  m6_ic=0.1535
[20:12:34]     VAL PASS  EUR_RUB            ruble_z          lag= 14  m6_ic=0.0900
[20:12:35]     VAL PASS  EUR_RUB            sanctions_z      lag= 14  m6_ic=0.0338
[20:12:35]     VAL PASS  EUR_RUB            sanctions_z      lag= 30  m6_ic=0.0439
[20:12:35]     VAL PASS  DJ_SOUTH_AFRICA    oil_z            lag= 30  m6_ic=0.0594
[20:12:36]     VAL PASS  DJ_SOUTH_AFRICA    sanctions_z      lag=  1  m6_ic=0.0689
[20:12:36]     VAL PASS  DJ_SOUTH_AFRICA    inflation_z      lag= 30  m6_ic=0.0897
[20:12:36]     VAL PASS  DJ_SOUTH_AFRICA    banking_z        lag=  1  m6_ic=0.0329
[20:12:37]     VAL PASS  DJ_SOUTH_AFRICA    banking_z        lag=  7  m6_ic=0.0636
[20:12:37]     VAL PASS  MSCI_WORLD         oil_z            lag=  1  m6_ic=0.0304
[20:12:38]     VAL PASS  MSCI_WORLD         rate_z           lag= 14  m6_ic=0.0385
[20:12:39]     VAL PASS  MSCI_WORLD         ruble_z          lag=  1  m6_ic=0.0619
[20:12:39]     VAL PASS  MSCI_WORLD         ruble_z          lag= 30  m6_ic=0.0596
[20:12:39]     VAL PASS  MSCI_WORLD         sanctions_z      lag=  7  m6_ic=0.0977
[20:12:39]     VAL PASS  MSCI_WORLD         sanctions_z      lag= 14  m6_ic=0.0521
[20:12:40]     VAL PASS  MSCI_WORLD         inflation_z      lag= 30  m6_ic=0.1127
[20:12:40]     VAL PASS  MSCI_WORLD         banking_z        lag=  7  m6_ic=0.0324
[20:12:41]     VAL PASS  DXY                oil_z            lag= 14  m6_ic=0.0360
[20:12:41]     VAL PASS  DXY                oil_z            lag= 30  m6_ic=0.1178
[20:12:41]     VAL PASS  DXY                rate_z           lag=  1  m6_ic=0.0472
[20:12:41]     VAL PASS  DXY                rate_z           lag=  7  m6_ic=0.0570
[20:12:41]     VAL PASS  DXY                rate_z           lag= 30  m6_ic=0.0851
[20:12:41]     VAL PASS  DXY                ruble_z          lag=  7  m6_ic=0.0950
[20:12:42]     VAL PASS  DXY                sanctions_z      lag= 14  m6_ic=0.1437
[20:12:42]     VAL PASS  DXY                inflation_z      lag=  7  m6_ic=0.0928
[20:12:42]     VAL PASS  DXY                banking_z        lag=  1  m6_ic=0.0325
[20:12:43]     VAL PASS  DXY                banking_z        lag= 14  m6_ic=0.1399
[20:12:43]     VAL PASS  DXY                gold_z           lag=  7  m6_ic=0.0432
[20:12:43]     VAL PASS  DXY                gold_z           lag= 14  m6_ic=0.1087
[20:12:44]     VAL PASS  BRENT              oil_z            lag=  1  m6_ic=0.1032
[20:12:45]     VAL PASS  BRENT              ruble_z          lag= 30  m6_ic=0.0509
[20:12:45]     VAL PASS  BRENT              sanctions_z      lag=  7  m6_ic=0.0419
[20:12:45]     VAL PASS  BRENT              sanctions_z      lag= 14  m6_ic=0.0669
[20:12:46]     VAL PASS  BRENT              inflation_z      lag= 30  m6_ic=0.0981
[20:12:46]     VAL PASS  BRENT              banking_z        lag=  1  m6_ic=0.0564
[20:12:47]     VAL PASS  BRENT              banking_z        lag= 14  m6_ic=0.0605
[20:12:47]     VAL PASS  BRENT              gold_z           lag= 30  m6_ic=0.1296
[20:12:47]     VAL PASS  MSCI_INDIA         rate_z           lag= 14  m6_ic=0.0480
[20:12:48]     VAL PASS  MSCI_INDIA         ruble_z          lag= 30  m6_ic=0.1265
[20:12:48]     VAL PASS  MSCI_INDIA         sanctions_z      lag=  1  m6_ic=0.0489
[20:12:49]     VAL PASS  MSCI_INDIA         inflation_z      lag=  7  m6_ic=0.0330
[20:12:49]     VAL PASS  MSCI_INDIA         banking_z        lag=  7  m6_ic=0.0539
[20:12:50]     VAL PASS  MSCI_INDIA         gold_z           lag=  7  m6_ic=0.0649
[20:12:51]     VAL PASS  CHINA_H_SHARES     oil_z            lag=  7  m6_ic=0.1027
[20:12:51]     VAL PASS  CHINA_H_SHARES     oil_z            lag= 30  m6_ic=0.1875
[20:12:51]     VAL PASS  CHINA_H_SHARES     rate_z           lag=  1  m6_ic=0.0377
[20:12:51]     VAL PASS  CHINA_H_SHARES     rate_z           lag=  7  m6_ic=0.0334
[20:12:52]     VAL PASS  CHINA_H_SHARES     ruble_z          lag= 30  m6_ic=0.0800
[20:12:52]     VAL PASS  CHINA_H_SHARES     sanctions_z      lag=  1  m6_ic=0.1120
[20:12:52]     VAL PASS  CHINA_H_SHARES     sanctions_z      lag= 14  m6_ic=0.0458
[20:12:52]     VAL PASS  CHINA_H_SHARES     sanctions_z      lag= 30  m6_ic=0.0319
[20:12:53]     VAL PASS  CHINA_H_SHARES     inflation_z      lag=  1  m6_ic=0.1077
[20:12:53]     VAL PASS  CHINA_H_SHARES     banking_z        lag=  7  m6_ic=0.1068
[20:12:53]     VAL PASS  CHINA_H_SHARES     banking_z        lag= 30  m6_ic=0.0977
[20:12:53]     VAL PASS  CHINA_H_SHARES     gold_z           lag=  1  m6_ic=0.0505
[20:12:54]     VAL PASS  CHINA_H_SHARES     gold_z           lag=  7  m6_ic=0.0511
[20:12:54]     VAL PASS  FTSE_CHINA_50      oil_z            lag=  1  m6_ic=0.0538
[20:12:54]     VAL PASS  FTSE_CHINA_50      oil_z            lag=  7  m6_ic=0.1095
[20:12:55]     VAL PASS  FTSE_CHINA_50      oil_z            lag= 30  m6_ic=0.1354
[20:12:55]     VAL PASS  FTSE_CHINA_50      rate_z           lag=  1  m6_ic=0.1022
[20:12:55]     VAL PASS  FTSE_CHINA_50      rate_z           lag=  7  m6_ic=0.0757
[20:12:55]     VAL PASS  FTSE_CHINA_50      ruble_z          lag= 14  m6_ic=0.0397
[20:12:56]     VAL PASS  FTSE_CHINA_50      sanctions_z      lag=  7  m6_ic=0.0579
[20:12:56]     VAL PASS  FTSE_CHINA_50      sanctions_z      lag= 30  m6_ic=0.0526
[20:12:56]     VAL PASS  FTSE_CHINA_50      inflation_z      lag= 30  m6_ic=0.0831
[20:12:57]     VAL PASS  FTSE_CHINA_50      banking_z        lag=  7  m6_ic=0.0489
[20:12:57]     VAL PASS  FTSE_CHINA_50      banking_z        lag= 30  m6_ic=0.0318
[20:12:57]     VAL PASS  FTSE_CHINA_50      gold_z           lag=  1  m6_ic=0.0767
[20:12:57]     VAL PASS  FTSE_CHINA_50      gold_z           lag= 30  m6_ic=0.1237
[20:12:58]     VAL PASS  GOLD               oil_z            lag=  1  m6_ic=0.0908
[20:12:58]     VAL PASS  GOLD               oil_z            lag= 30  m6_ic=0.0629
[20:12:58]     VAL PASS  GOLD               rate_z           lag=  1  m6_ic=0.1066
[20:12:58]     VAL PASS  GOLD               rate_z           lag= 14  m6_ic=0.1597
[20:12:59]     VAL PASS  GOLD               rate_z           lag= 30  m6_ic=0.0724
[20:12:59]     VAL PASS  GOLD               sanctions_z      lag=  1  m6_ic=0.0540
[20:12:59]     VAL PASS  GOLD               sanctions_z      lag= 14  m6_ic=0.0433
[20:13:00]     VAL PASS  GOLD               inflation_z      lag=  7  m6_ic=0.0318
[20:13:00]     VAL PASS  GOLD               banking_z        lag= 30  m6_ic=0.0451
[20:13:00]     VAL PASS  GOLD               gold_z           lag=  1  m6_ic=0.0394
[20:13:01]     VAL PASS  GOLD               gold_z           lag= 14  m6_ic=0.0773
[20:13:01]     VAL PASS  SILVER             rate_z           lag=  7  m6_ic=0.1293
[20:13:01]     VAL PASS  SILVER             rate_z           lag= 14  m6_ic=0.1576
[20:13:02]     VAL PASS  SILVER             rate_z           lag= 30  m6_ic=0.0650
[20:13:02]     VAL PASS  SILVER             ruble_z          lag= 30  m6_ic=0.0850
[20:13:02]     VAL PASS  SILVER             sanctions_z      lag=  7  m6_ic=0.0517
[20:13:03]     VAL PASS  SILVER             inflation_z      lag= 30  m6_ic=0.0609
[20:13:03]     VAL PASS  SILVER             banking_z        lag=  1  m6_ic=0.0796
[20:13:03]     VAL PASS  SILVER             banking_z        lag= 14  m6_ic=0.0997
[20:13:03]     VAL PASS  SILVER             banking_z        lag= 30  m6_ic=0.0700
[20:13:03]     VAL PASS  SILVER             gold_z           lag=  1  m6_ic=0.0474
[20:13:04]     VAL PASS  SILVER             gold_z           lag= 14  m6_ic=0.0687
[20:13:04]     VAL PASS  SILVER             gold_z           lag= 30  m6_ic=0.0849
[20:13:04]     VAL PASS  IMOEX              oil_z            lag=  1  m6_ic=0.0631
[20:13:04]     VAL PASS  IMOEX              rate_z           lag=  1  m6_ic=0.0323
[20:13:05]     VAL PASS  IMOEX              rate_z           lag= 14  m6_ic=0.0584
[20:13:05]     VAL PASS  IMOEX              rate_z           lag= 30  m6_ic=0.0648
[20:13:05]     VAL PASS  IMOEX              ruble_z          lag= 14  m6_ic=0.0858
[20:13:06]     VAL PASS  IMOEX              sanctions_z      lag= 14  m6_ic=0.1077
[20:13:06]     VAL PASS  IMOEX              inflation_z      lag=  1  m6_ic=0.0944
[20:13:06]     VAL PASS  IMOEX              inflation_z      lag= 30  m6_ic=0.0594
[20:13:07]     VAL PASS  IMOEX              banking_z        lag= 30  m6_ic=0.0422
[20:13:07]     VAL PASS  IMOEX              gold_z           lag=  1  m6_ic=0.0365
[20:13:07]     VAL PASS  IMOEX              gold_z           lag= 30  m6_ic=0.1228
[20:13:07]     VAL PASS  MOEXFN             oil_z            lag=  1  m6_ic=0.1353
[20:13:08]     VAL PASS  MOEXFN             oil_z            lag= 14  m6_ic=0.0365
[20:13:08]     VAL PASS  MOEXFN             rate_z           lag= 14  m6_ic=0.0341
[20:13:08]     VAL PASS  MOEXFN             rate_z           lag= 30  m6_ic=0.0700
[20:13:09]     VAL PASS  MOEXFN             ruble_z          lag= 14  m6_ic=0.0594
[20:13:09]     VAL PASS  MOEXFN             sanctions_z      lag=  1  m6_ic=0.0574
[20:13:09]     VAL PASS  MOEXFN             sanctions_z      lag=  7  m6_ic=0.0677
[20:13:09]     VAL PASS  MOEXFN             inflation_z      lag=  1  m6_ic=0.1187
[20:13:10]     VAL PASS  MOEXFN             inflation_z      lag= 30  m6_ic=0.0354
[20:13:10]     VAL PASS  MOEXFN             banking_z        lag= 14  m6_ic=0.0309
[20:13:10]     VAL PASS  MOEXOG             oil_z            lag=  1  m6_ic=0.0449
[20:13:11]     VAL PASS  MOEXOG             oil_z            lag=  7  m6_ic=0.0438
[20:13:11]     VAL PASS  MOEXOG             ruble_z          lag=  1  m6_ic=0.0370
[20:13:12]     VAL PASS  MOEXOG             sanctions_z      lag=  7  m6_ic=0.0375
[20:13:12]     VAL PASS  MOEXOG             sanctions_z      lag= 14  m6_ic=0.0866
[20:13:12]     VAL PASS  MOEXOG             sanctions_z      lag= 30  m6_ic=0.1425
[20:13:12]     VAL PASS  MOEXOG             inflation_z      lag=  1  m6_ic=0.0766
[20:13:12]     VAL PASS  MOEXOG             inflation_z      lag= 30  m6_ic=0.0440
[20:13:13]     VAL PASS  MOEXOG             gold_z           lag=  7  m6_ic=0.0391
[20:13:13]     VAL PASS  MOEXOG             gold_z           lag= 30  m6_ic=0.1182
[20:13:13]     VAL PASS  MOEX10             oil_z            lag=  1  m6_ic=0.0731
[20:13:14]     VAL PASS  MOEX10             oil_z            lag=  7  m6_ic=0.0389
[20:13:14]     VAL PASS  MOEX10             oil_z            lag= 14  m6_ic=0.1335
[20:13:14]     VAL PASS  MOEX10             rate_z           lag= 30  m6_ic=0.1275
[20:13:15]     VAL PASS  MOEX10             ruble_z          lag= 14  m6_ic=0.0695
[20:13:15]     VAL PASS  MOEX10             sanctions_z      lag=  7  m6_ic=0.0474
[20:13:15]     VAL PASS  MOEX10             sanctions_z      lag= 30  m6_ic=0.0620
[20:13:16]     VAL PASS  MOEX10             inflation_z      lag=  1  m6_ic=0.0563
[20:13:16]     VAL PASS  MOEX10             inflation_z      lag= 30  m6_ic=0.0443
[20:13:16]     VAL PASS  MOEX10             banking_z        lag= 14  m6_ic=0.0462
[20:13:16]     VAL PASS  MOEX10             gold_z           lag= 14  m6_ic=0.0630
[20:13:16]     VAL PASS  MOEX10             gold_z           lag= 30  m6_ic=0.0901
[20:13:16]     Val: 156/239 held
[20:13:16]   → train=239  val=156  max_ic=0.1764  score=2532.3
[20:13:16] 
============================================================
[20:13:16] FINAL REPORT
[20:13:16] ============================================================
[20:13:17] Report: C:\project\signal_mind\analytics\phase_b\night_search\night_report_20260520_200111.md
[20:13:17] Hits CSV: C:\project\signal_mind\analytics\phase_b\night_search\night_hits_20260520_200111.csv
[20:13:17] 
[6/15] sweep_keyword_z90_vol_5d  (budget=47min)
[20:13:17]   Config: sweep_keyword_z90_vol_5d
[20:13:17]     feature=keyword_z90  target=vol_5d  ensemble=M6_only  ic_min=0.03
[20:13:17]   HIT  SP500              oil_z            lag=  7 m5_p=0.6748  m6_ic=0.0527
[20:13:17]   HIT  SP500              oil_z            lag= 14 m5_p=0.7862  m6_ic=0.1014
[20:13:18]   HIT  SP500              rate_z           lag=  1 m5_p=0.4366  m6_ic=0.0510
[20:13:18]   HIT  SP500              rate_z           lag=  7 m5_p=0.8581  m6_ic=0.0547
[20:13:18]   HIT  SP500              rate_z           lag= 14 m5_p=0.9377  m6_ic=0.0710
[20:13:19]   HIT  SP500              ruble_z          lag=  1 m5_p=0.6337  m6_ic=0.0566
[20:13:19]   HIT  SP500              sanctions_z      lag=  1 m5_p=0.4430  m6_ic=0.0698
[20:13:20]   HIT  SP500              sanctions_z      lag=  7 m5_p=0.7751  m6_ic=0.0709
[20:13:20]   HIT  SP500              inflation_z      lag=  1 m5_p=0.4970  m6_ic=0.0398
[20:13:21]   HIT  SP500              inflation_z      lag=  7 m5_p=0.5052  m6_ic=0.0847
[20:13:21]   HIT  SP500              inflation_z      lag= 30 m5_p=0.6300  m6_ic=0.0727
[20:13:21]   HIT  SP500              banking_z        lag=  1 m5_p=0.8581  m6_ic=0.0508
[20:13:22]   HIT  SP500              banking_z        lag= 14 m5_p=0.6500  m6_ic=0.0462
[20:13:22]   HIT  SP500              banking_z        lag= 30 m5_p=0.5090  m6_ic=0.0337
[20:13:22]   HIT  SP500              gold_z           lag=  7 m5_p=0.7528  m6_ic=0.0567
[20:13:23]   HIT  USD_RUB            oil_z            lag= 14 m5_p=0.6692  m6_ic=0.0580
[20:13:23]   HIT  USD_RUB            oil_z            lag= 30 m5_p=0.4686  m6_ic=0.0829
[20:13:24]   HIT  USD_RUB            rate_z           lag=  1 m5_p=0.9318  m6_ic=0.1048
[20:13:24]   HIT  USD_RUB            rate_z           lag= 30 m5_p=0.3641  m6_ic=0.0830
[20:13:24]   HIT  USD_RUB            ruble_z          lag=  1 m5_p=0.1133  m6_ic=0.0395
[20:13:25]   HIT  USD_RUB            ruble_z          lag=  7 m5_p=0.1581  m6_ic=0.0476
[20:13:25]   HIT  USD_RUB            ruble_z          lag= 14 m5_p=0.9816  m6_ic=0.1100
[20:13:26]   HIT  USD_RUB            sanctions_z      lag= 14 m5_p=0.6089  m6_ic=0.0672
[20:13:26]   HIT  USD_RUB            sanctions_z      lag= 30 m5_p=0.1916  m6_ic=0.0594
[20:13:29]   HIT  EUR_RUB            oil_z            lag= 14 m5_p=0.6692  m6_ic=0.0580
[20:13:29]   HIT  EUR_RUB            oil_z            lag= 30 m5_p=0.4686  m6_ic=0.0829
[20:13:29]   HIT  EUR_RUB            rate_z           lag=  1 m5_p=0.9318  m6_ic=0.1048
[20:13:30]   HIT  EUR_RUB            rate_z           lag= 30 m5_p=0.3641  m6_ic=0.0830
[20:13:30]   HIT  EUR_RUB            ruble_z          lag=  1 m5_p=0.1133  m6_ic=0.0395
[20:13:30]   HIT  EUR_RUB            ruble_z          lag=  7 m5_p=0.1581  m6_ic=0.0476
[20:13:30]   HIT  EUR_RUB            ruble_z          lag= 14 m5_p=0.9816  m6_ic=0.1100
[20:13:31]   HIT  EUR_RUB            sanctions_z      lag= 14 m5_p=0.6089  m6_ic=0.0672
[20:13:31]   HIT  EUR_RUB            sanctions_z      lag= 30 m5_p=0.1916  m6_ic=0.0594
[20:13:34]   HIT  DJ_SOUTH_AFRICA    oil_z            lag=  7 m5_p=0.6844  m6_ic=0.0421
[20:13:35]   HIT  DJ_SOUTH_AFRICA    oil_z            lag= 30 m5_p=0.7089  m6_ic=0.0453
[20:13:36]   HIT  DJ_SOUTH_AFRICA    ruble_z          lag=  1 m5_p=0.2753  m6_ic=0.0327
[20:13:36]   HIT  DJ_SOUTH_AFRICA    sanctions_z      lag=  1 m5_p=0.6815  m6_ic=0.0457
[20:13:37]   HIT  DJ_SOUTH_AFRICA    sanctions_z      lag= 14 m5_p=0.0779  m6_ic=0.0913
[20:13:38]   HIT  DJ_SOUTH_AFRICA    inflation_z      lag= 14 m5_p=0.3188  m6_ic=0.0959
[20:13:38]   HIT  DJ_SOUTH_AFRICA    inflation_z      lag= 30 m5_p=0.7929  m6_ic=0.0511
[20:13:38]   HIT  DJ_SOUTH_AFRICA    banking_z        lag=  1 m5_p=0.7066  m6_ic=0.0641
[20:13:38]   HIT  DJ_SOUTH_AFRICA    banking_z        lag=  7 m5_p=0.5309  m6_ic=0.0672
[20:13:39]   HIT  DJ_SOUTH_AFRICA    banking_z        lag= 30 m5_p=0.4462  m6_ic=0.1268
[20:13:39]   HIT  DJ_SOUTH_AFRICA    gold_z           lag= 30 m5_p=0.6862  m6_ic=0.0316
[20:13:40]   HIT  MSCI_WORLD         oil_z            lag=  1 m5_p=0.5159  m6_ic=0.0479
[20:13:40]   HIT  MSCI_WORLD         oil_z            lag= 14 m5_p=0.4804  m6_ic=0.0423
[20:13:40]   HIT  MSCI_WORLD         oil_z            lag= 30 m5_p=0.2309  m6_ic=0.0322
[20:13:41]   HIT  MSCI_WORLD         rate_z           lag=  7 m5_p=0.2870  m6_ic=0.0667
[20:13:41]   HIT  MSCI_WORLD         rate_z           lag= 14 m5_p=0.6915  m6_ic=0.0301
[20:13:41]   HIT  MSCI_WORLD         rate_z           lag= 30 m5_p=0.8385  m6_ic=0.0355
[20:13:41]   HIT  MSCI_WORLD         ruble_z          lag=  1 m5_p=0.8080  m6_ic=0.0853
[20:13:42]   HIT  MSCI_WORLD         ruble_z          lag=  7 m5_p=0.9167  m6_ic=0.0921
[20:13:42]   HIT  MSCI_WORLD         ruble_z          lag= 30 m5_p=0.6524  m6_ic=0.0477
[20:13:42]   HIT  MSCI_WORLD         sanctions_z      lag=  7 m5_p=0.9308  m6_ic=0.0323
[20:13:42]   HIT  MSCI_WORLD         sanctions_z      lag= 14 m5_p=0.0137  m6_ic=0.0993
[20:13:43]   HIT  MSCI_WORLD         inflation_z      lag=  1 m5_p=0.7383  m6_ic=0.0436
[20:13:44]   HIT  MSCI_WORLD         inflation_z      lag= 30 m5_p=0.7384  m6_ic=0.0309
[20:13:44]   HIT  MSCI_WORLD         banking_z        lag=  7 m5_p=0.2023  m6_ic=0.0786
[20:13:44]   HIT  MSCI_WORLD         banking_z        lag= 30 m5_p=0.9942  m6_ic=0.0386
[20:13:45]   HIT  DXY                oil_z            lag=  1 m5_p=0.2414  m6_ic=0.0793
[20:13:46]   HIT  DXY                oil_z            lag= 14 m5_p=0.7563  m6_ic=0.0457
[20:13:46]   HIT  DXY                oil_z            lag= 30 m5_p=0.9815  m6_ic=0.0813
[20:13:46]   HIT  DXY                rate_z           lag=  1 m5_p=0.3050  m6_ic=0.0430
[20:13:46]   HIT  DXY                rate_z           lag=  7 m5_p=0.2421  m6_ic=0.0551
[20:13:47]   HIT  DXY                rate_z           lag= 30 m5_p=0.1284  m6_ic=0.0300
[20:13:47]   HIT  DXY                ruble_z          lag=  7 m5_p=0.4020  m6_ic=0.0448
[20:13:48]   HIT  DXY                sanctions_z      lag=  1 m5_p=0.9497  m6_ic=0.0383
[20:13:48]   HIT  DXY                sanctions_z      lag= 14 m5_p=0.1076  m6_ic=0.0375
[20:13:49]   HIT  DXY                inflation_z      lag=  7 m5_p=0.2981  m6_ic=0.0602
[20:13:49]   HIT  DXY                banking_z        lag=  1 m5_p=0.2260  m6_ic=0.0604
[20:13:50]   HIT  DXY                banking_z        lag= 14 m5_p=0.7712  m6_ic=0.0496
[20:13:50]   HIT  DXY                gold_z           lag=  7 m5_p=0.1179  m6_ic=0.0653
[20:13:51]   HIT  DXY                gold_z           lag= 14 m5_p=0.9351  m6_ic=0.1175
[20:13:51]   HIT  DXY                gold_z           lag= 30 m5_p=0.4623  m6_ic=0.0315
[20:13:51]   HIT  BRENT              oil_z            lag=  1 m5_p=0.9346  m6_ic=0.0406
[20:13:51]   HIT  BRENT              oil_z            lag=  7 m5_p=0.7838  m6_ic=0.0323
[20:13:52]   HIT  BRENT              oil_z            lag= 30 m5_p=0.8551  m6_ic=0.0800
[20:13:52]   HIT  BRENT              rate_z           lag=  7 m5_p=0.6818  m6_ic=0.0496
[20:13:53]   HIT  BRENT              ruble_z          lag=  1 m5_p=0.2518  m6_ic=0.0403
[20:13:53]   HIT  BRENT              ruble_z          lag= 30 m5_p=0.4153  m6_ic=0.1042
[20:13:53]   HIT  BRENT              sanctions_z      lag=  1 m5_p=0.5997  m6_ic=0.0313
[20:13:54]   HIT  BRENT              sanctions_z      lag=  7 m5_p=0.9600  m6_ic=0.0553
[20:13:54]   HIT  BRENT              sanctions_z      lag= 14 m5_p=0.3220  m6_ic=0.0433
[20:13:54]   HIT  BRENT              sanctions_z      lag= 30 m5_p=0.5788  m6_ic=0.0428
[20:13:54]   HIT  BRENT              inflation_z      lag=  1 m5_p=0.2547  m6_ic=0.0371
[20:13:54]   HIT  BRENT              inflation_z      lag= 14 m5_p=0.6837  m6_ic=0.1134
[20:13:55]   HIT  BRENT              inflation_z      lag= 30 m5_p=0.6957  m6_ic=0.0373
[20:13:55]   HIT  BRENT              banking_z        lag=  1 m5_p=0.7337  m6_ic=0.0561
[20:13:55]   HIT  BRENT              banking_z        lag=  7 m5_p=0.1672  m6_ic=0.0787
[20:13:55]   HIT  BRENT              banking_z        lag= 14 m5_p=0.6100  m6_ic=0.0377
[20:13:56]   HIT  BRENT              gold_z           lag= 14 m5_p=0.3846  m6_ic=0.0425
[20:13:56]   HIT  BRENT              gold_z           lag= 30 m5_p=0.4444  m6_ic=0.0414
[20:13:57]   HIT  MSCI_INDIA         rate_z           lag=  1 m5_p=0.4597  m6_ic=0.0374
[20:13:58]   HIT  MSCI_INDIA         rate_z           lag= 14 m5_p=0.6407  m6_ic=0.0556
[20:13:58]   HIT  MSCI_INDIA         ruble_z          lag=  1 m5_p=0.7407  m6_ic=0.0782
[20:13:59]   HIT  MSCI_INDIA         ruble_z          lag= 14 m5_p=0.7548  m6_ic=0.0444
[20:13:59]   HIT  MSCI_INDIA         ruble_z          lag= 30 m5_p=0.6840  m6_ic=0.1163
[20:13:59]   HIT  MSCI_INDIA         sanctions_z      lag=  1 m5_p=0.8390  m6_ic=0.0804
[20:13:59]   HIT  MSCI_INDIA         sanctions_z      lag=  7 m5_p=0.6660  m6_ic=0.0532
[20:14:00]   HIT  MSCI_INDIA         sanctions_z      lag= 30 m5_p=0.7515  m6_ic=0.0537
[20:14:00]   HIT  MSCI_INDIA         inflation_z      lag=  7 m5_p=0.4727  m6_ic=0.0344
[20:14:00]   HIT  MSCI_INDIA         inflation_z      lag= 30 m5_p=0.7764  m6_ic=0.0488
[20:14:01]   HIT  MSCI_INDIA         banking_z        lag=  7 m5_p=0.6346  m6_ic=0.0664
[20:14:01]   HIT  MSCI_INDIA         banking_z        lag= 14 m5_p=0.3996  m6_ic=0.0755
[20:14:01]   HIT  MSCI_INDIA         banking_z        lag= 30 m5_p=0.5097  m6_ic=0.1499
[20:14:01]   HIT  MSCI_INDIA         gold_z           lag=  1 m5_p=0.5637  m6_ic=0.0718
[20:14:02]   HIT  MSCI_INDIA         gold_z           lag=  7 m5_p=0.6810  m6_ic=0.0318
[20:14:02]   HIT  MSCI_INDIA         gold_z           lag= 14 m5_p=0.2356  m6_ic=0.1126
[20:14:02]   HIT  CHINA_H_SHARES     oil_z            lag=  1 m5_p=0.4078  m6_ic=0.0396
[20:14:02]   HIT  CHINA_H_SHARES     oil_z            lag=  7 m5_p=0.3879  m6_ic=0.0652
[20:14:03]   HIT  CHINA_H_SHARES     oil_z            lag= 30 m5_p=0.6605  m6_ic=0.0794
[20:14:03]   HIT  CHINA_H_SHARES     rate_z           lag=  1 m5_p=0.0778  m6_ic=0.0808
[20:14:03]   HIT  CHINA_H_SHARES     rate_z           lag=  7 m5_p=0.8293  m6_ic=0.0837
[20:14:03]   HIT  CHINA_H_SHARES     rate_z           lag= 14 m5_p=0.7421  m6_ic=0.0693
[20:14:04]   HIT  CHINA_H_SHARES     ruble_z          lag= 30 m5_p=0.6007  m6_ic=0.0372
[20:14:05]   HIT  CHINA_H_SHARES     sanctions_z      lag=  1 m5_p=0.4326  m6_ic=0.0352
[20:14:05]   HIT  CHINA_H_SHARES     sanctions_z      lag= 14 m5_p=0.3141  m6_ic=0.0414
[20:14:05]   HIT  CHINA_H_SHARES     sanctions_z      lag= 30 m5_p=0.2065  m6_ic=0.0882
[20:14:05]   HIT  CHINA_H_SHARES     inflation_z      lag=  1 m5_p=0.1657  m6_ic=0.0329
[20:14:06]   HIT  CHINA_H_SHARES     inflation_z      lag= 30 m5_p=0.3707  m6_ic=0.0400
[20:14:06]   HIT  CHINA_H_SHARES     banking_z        lag=  7 m5_p=0.9238  m6_ic=0.0517
[20:14:07]   HIT  CHINA_H_SHARES     banking_z        lag= 30 m5_p=0.9528  m6_ic=0.0391
[20:14:07]   HIT  CHINA_H_SHARES     gold_z           lag=  1 m5_p=0.3506  m6_ic=0.0655
[20:14:07]   HIT  CHINA_H_SHARES     gold_z           lag=  7 m5_p=0.2418  m6_ic=0.0632
[20:14:08]   HIT  CHINA_H_SHARES     gold_z           lag= 30 m5_p=0.9133  m6_ic=0.0892
[20:14:08]   HIT  FTSE_CHINA_50      oil_z            lag=  1 m5_p=0.4418  m6_ic=0.0537
[20:14:08]   HIT  FTSE_CHINA_50      oil_z            lag=  7 m5_p=0.3249  m6_ic=0.0373
[20:14:08]   HIT  FTSE_CHINA_50      oil_z            lag= 14 m5_p=0.8152  m6_ic=0.0316
[20:14:08]   HIT  FTSE_CHINA_50      oil_z            lag= 30 m5_p=0.6776  m6_ic=0.0983
[20:14:09]   HIT  FTSE_CHINA_50      rate_z           lag=  1 m5_p=0.0686  m6_ic=0.0939
[20:14:09]   HIT  FTSE_CHINA_50      rate_z           lag=  7 m5_p=0.9920  m6_ic=0.0796
[20:14:09]   HIT  FTSE_CHINA_50      rate_z           lag= 14 m5_p=0.9641  m6_ic=0.0636
[20:14:10]   HIT  FTSE_CHINA_50      ruble_z          lag= 14 m5_p=0.8984  m6_ic=0.0423
[20:14:10]   HIT  FTSE_CHINA_50      sanctions_z      lag=  1 m5_p=0.4682  m6_ic=0.0388
[20:14:10]   HIT  FTSE_CHINA_50      sanctions_z      lag=  7 m5_p=0.6112  m6_ic=0.0567
[20:14:11]   HIT  FTSE_CHINA_50      sanctions_z      lag= 14 m5_p=0.5075  m6_ic=0.0465
[20:14:11]   HIT  FTSE_CHINA_50      sanctions_z      lag= 30 m5_p=0.1301  m6_ic=0.0854
[20:14:12]   HIT  FTSE_CHINA_50      inflation_z      lag= 30 m5_p=0.3401  m6_ic=0.0377
[20:14:12]   HIT  FTSE_CHINA_50      banking_z        lag=  7 m5_p=0.9999  m6_ic=0.0536
[20:14:12]   HIT  FTSE_CHINA_50      banking_z        lag= 30 m5_p=0.7490  m6_ic=0.0443
[20:14:13]   HIT  FTSE_CHINA_50      gold_z           lag=  1 m5_p=0.2753  m6_ic=0.0715
[20:14:13]   HIT  FTSE_CHINA_50      gold_z           lag=  7 m5_p=0.2675  m6_ic=0.0782
[20:14:13]   HIT  FTSE_CHINA_50      gold_z           lag= 30 m5_p=0.7492  m6_ic=0.1108
[20:14:13]   HIT  GOLD               oil_z            lag=  1 m5_p=0.3410  m6_ic=0.0740
[20:14:14]   HIT  GOLD               oil_z            lag=  7 m5_p=0.5309  m6_ic=0.0307
[20:14:14]   HIT  GOLD               oil_z            lag= 30 m5_p=0.8937  m6_ic=0.0544
[20:14:14]   HIT  GOLD               rate_z           lag=  1 m5_p=0.9320  m6_ic=0.0944
[20:14:15]   HIT  GOLD               rate_z           lag= 14 m5_p=0.1962  m6_ic=0.0795
[20:14:15]   HIT  GOLD               rate_z           lag= 30 m5_p=0.9938  m6_ic=0.0415
[20:14:16]   HIT  GOLD               ruble_z          lag= 30 m5_p=0.8547  m6_ic=0.1470
[20:14:16]   HIT  GOLD               sanctions_z      lag=  1 m5_p=0.9873  m6_ic=0.0309
[20:14:16]   HIT  GOLD               sanctions_z      lag= 14 m5_p=0.1815  m6_ic=0.0689
[20:14:16]   HIT  GOLD               sanctions_z      lag= 30 m5_p=0.0688  m6_ic=0.0646
[20:14:17]   HIT  GOLD               inflation_z      lag=  7 m5_p=0.0163  m6_ic=0.1378
[20:14:17]   HIT  GOLD               banking_z        lag=  7 m5_p=0.2484  m6_ic=0.0472
[20:14:18]   HIT  GOLD               banking_z        lag= 30 m5_p=0.8820  m6_ic=0.0463
[20:14:18]   HIT  GOLD               gold_z           lag=  1 m5_p=0.9441  m6_ic=0.0352
[20:14:18]   HIT  GOLD               gold_z           lag=  7 m5_p=0.9611  m6_ic=0.1063
[20:14:18]   HIT  GOLD               gold_z           lag= 14 m5_p=0.0545  m6_ic=0.0797
[20:14:19]   HIT  GOLD               gold_z           lag= 30 m5_p=0.4941  m6_ic=0.0389
[20:14:19]   HIT  SILVER             oil_z            lag= 30 m5_p=0.5800  m6_ic=0.0502
[20:14:20]   HIT  SILVER             rate_z           lag=  1 m5_p=0.4295  m6_ic=0.0367
[20:14:20]   HIT  SILVER             rate_z           lag=  7 m5_p=0.2690  m6_ic=0.1576
[20:14:20]   HIT  SILVER             rate_z           lag= 14 m5_p=0.7726  m6_ic=0.1103
[20:14:20]   HIT  SILVER             rate_z           lag= 30 m5_p=0.3588  m6_ic=0.0329
[20:14:21]   HIT  SILVER             ruble_z          lag= 30 m5_p=0.5785  m6_ic=0.0343
[20:14:21]   HIT  SILVER             sanctions_z      lag=  7 m5_p=0.6731  m6_ic=0.0738
[20:14:22]   HIT  SILVER             sanctions_z      lag= 14 m5_p=0.2403  m6_ic=0.0328
[20:14:22]   HIT  SILVER             inflation_z      lag=  7 m5_p=0.1879  m6_ic=0.0463
[20:14:23]   HIT  SILVER             inflation_z      lag= 30 m5_p=0.3543  m6_ic=0.0508
[20:14:23]   HIT  SILVER             banking_z        lag=  1 m5_p=0.9566  m6_ic=0.0990
[20:14:23]   HIT  SILVER             banking_z        lag= 14 m5_p=0.8649  m6_ic=0.0429
[20:14:23]   HIT  SILVER             banking_z        lag= 30 m5_p=0.5269  m6_ic=0.0363
[20:14:23]   HIT  SILVER             gold_z           lag=  1 m5_p=0.1866  m6_ic=0.0339
[20:14:24]   HIT  SILVER             gold_z           lag= 14 m5_p=0.9873  m6_ic=0.0467
[20:14:24]   HIT  SILVER             gold_z           lag= 30 m5_p=0.1992  m6_ic=0.0391
[20:14:24]   HIT  IMOEX              oil_z            lag=  1 m5_p=0.2413  m6_ic=0.0580
[20:14:25]   HIT  IMOEX              rate_z           lag=  1 m5_p=0.3025  m6_ic=0.0443
[20:14:25]   HIT  IMOEX              rate_z           lag=  7 m5_p=0.2258  m6_ic=0.0420
[20:14:25]   HIT  IMOEX              rate_z           lag= 14 m5_p=0.2674  m6_ic=0.0817
[20:14:26]   HIT  IMOEX              rate_z           lag= 30 m5_p=0.4265  m6_ic=0.1355
[20:14:26]   HIT  IMOEX              ruble_z          lag=  1 m5_p=0.7600  m6_ic=0.1486
[20:14:26]   HIT  IMOEX              ruble_z          lag=  7 m5_p=0.0306  m6_ic=0.0333
[20:14:26]   HIT  IMOEX              ruble_z          lag= 14 m5_p=0.3301  m6_ic=0.0746
[20:14:27]   HIT  IMOEX              ruble_z          lag= 30 m5_p=0.8361  m6_ic=0.0588
[20:14:27]   HIT  IMOEX              sanctions_z      lag= 14 m5_p=0.7735  m6_ic=0.0305
[20:14:27]   HIT  IMOEX              inflation_z      lag=  1 m5_p=0.2068  m6_ic=0.0652
[20:14:28]   HIT  IMOEX              inflation_z      lag= 30 m5_p=0.5172  m6_ic=0.0900
[20:14:28]   HIT  IMOEX              banking_z        lag=  7 m5_p=0.1920  m6_ic=0.0512
[20:14:29]   HIT  IMOEX              banking_z        lag= 30 m5_p=0.0824  m6_ic=0.0624
[20:14:29]   HIT  IMOEX              gold_z           lag=  1 m5_p=0.3190  m6_ic=0.0361
[20:14:30]   HIT  IMOEX              gold_z           lag= 30 m5_p=0.3290  m6_ic=0.0581
[20:14:30]   HIT  MOEXFN             oil_z            lag=  1 m5_p=0.3589  m6_ic=0.1419
[20:14:30]   HIT  MOEXFN             oil_z            lag=  7 m5_p=0.3274  m6_ic=0.0580
[20:14:30]   HIT  MOEXFN             oil_z            lag= 14 m5_p=0.6156  m6_ic=0.0324
[20:14:31]   HIT  MOEXFN             rate_z           lag= 14 m5_p=0.6683  m6_ic=0.0319
[20:14:31]   HIT  MOEXFN             rate_z           lag= 30 m5_p=0.9930  m6_ic=0.0357
[20:14:32]   HIT  MOEXFN             ruble_z          lag=  1 m5_p=0.6517  m6_ic=0.0735
[20:14:32]   HIT  MOEXFN             ruble_z          lag=  7 m5_p=0.2104  m6_ic=0.0631
[20:14:32]   HIT  MOEXFN             ruble_z          lag= 14 m5_p=0.5300  m6_ic=0.0578
[20:14:32]   HIT  MOEXFN             sanctions_z      lag=  1 m5_p=0.0556  m6_ic=0.0696
[20:14:33]   HIT  MOEXFN             sanctions_z      lag=  7 m5_p=0.9122  m6_ic=0.0433
[20:14:33]   HIT  MOEXFN             inflation_z      lag=  1 m5_p=0.2433  m6_ic=0.0377
[20:14:33]   HIT  MOEXFN             inflation_z      lag=  7 m5_p=0.4069  m6_ic=0.0376
[20:14:34]   HIT  MOEXFN             inflation_z      lag= 30 m5_p=0.4238  m6_ic=0.0521
[20:14:34]   HIT  MOEXFN             banking_z        lag=  7 m5_p=0.4758  m6_ic=0.0767
[20:14:34]   HIT  MOEXFN             banking_z        lag= 14 m5_p=0.1339  m6_ic=0.0699
[20:14:35]   HIT  MOEXFN             gold_z           lag=  7 m5_p=0.1800  m6_ic=0.0408
[20:14:35]   HIT  MOEXOG             oil_z            lag=  1 m5_p=0.2170  m6_ic=0.1113
[20:14:36]   HIT  MOEXOG             oil_z            lag=  7 m5_p=0.4584  m6_ic=0.0360
[20:14:36]   HIT  MOEXOG             rate_z           lag=  1 m5_p=0.2176  m6_ic=0.0682
[20:14:37]   HIT  MOEXOG             ruble_z          lag=  1 m5_p=0.7748  m6_ic=0.1057
[20:14:37]   HIT  MOEXOG             ruble_z          lag=  7 m5_p=0.0664  m6_ic=0.0461
[20:14:38]   HIT  MOEXOG             ruble_z          lag= 30 m5_p=0.9428  m6_ic=0.0346
[20:14:38]   HIT  MOEXOG             sanctions_z      lag=  7 m5_p=0.4094  m6_ic=0.0456
[20:14:38]   HIT  MOEXOG             sanctions_z      lag= 14 m5_p=0.3950  m6_ic=0.0419
[20:14:38]   HIT  MOEXOG             sanctions_z      lag= 30 m5_p=0.7427  m6_ic=0.0935
[20:14:39]   HIT  MOEXOG             inflation_z      lag=  1 m5_p=0.1034  m6_ic=0.1183
[20:14:39]   HIT  MOEXOG             inflation_z      lag= 30 m5_p=0.8230  m6_ic=0.1764
[20:14:40]   HIT  MOEXOG             banking_z        lag= 30 m5_p=0.1176  m6_ic=0.0665
[20:14:40]   HIT  MOEXOG             gold_z           lag=  1 m5_p=0.2022  m6_ic=0.0321
[20:14:40]   HIT  MOEXOG             gold_z           lag=  7 m5_p=0.7653  m6_ic=0.0454
[20:14:41]   HIT  MOEXOG             gold_z           lag= 30 m5_p=0.4799  m6_ic=0.0626
[20:14:41]   HIT  MOEX10             oil_z            lag=  1 m5_p=0.3737  m6_ic=0.1661
[20:14:41]   HIT  MOEX10             oil_z            lag=  7 m5_p=0.4867  m6_ic=0.0718
[20:14:41]   HIT  MOEX10             oil_z            lag= 14 m5_p=0.7293  m6_ic=0.0705
[20:14:42]   HIT  MOEX10             rate_z           lag=  1 m5_p=0.3887  m6_ic=0.0357
[20:14:42]   HIT  MOEX10             rate_z           lag=  7 m5_p=0.3078  m6_ic=0.0524
[20:14:42]   HIT  MOEX10             rate_z           lag= 30 m5_p=0.4483  m6_ic=0.0572
[20:14:43]   HIT  MOEX10             ruble_z          lag=  1 m5_p=0.9719  m6_ic=0.1048
[20:14:43]   HIT  MOEX10             ruble_z          lag=  7 m5_p=0.1292  m6_ic=0.0463
[20:14:43]   HIT  MOEX10             ruble_z          lag= 14 m5_p=0.4546  m6_ic=0.0393
[20:14:44]   HIT  MOEX10             sanctions_z      lag=  7 m5_p=0.6263  m6_ic=0.0733
[20:14:44]   HIT  MOEX10             sanctions_z      lag= 30 m5_p=0.4859  m6_ic=0.0602
[20:14:44]   HIT  MOEX10             inflation_z      lag=  1 m5_p=0.2736  m6_ic=0.0465
[20:14:45]   HIT  MOEX10             inflation_z      lag= 30 m5_p=0.7899  m6_ic=0.0795
[20:14:45]   HIT  MOEX10             banking_z        lag= 14 m5_p=0.0831  m6_ic=0.0306
[20:14:46]   HIT  MOEX10             gold_z           lag= 14 m5_p=0.9573  m6_ic=0.0366
[20:14:46]   HIT  MOEX10             gold_z           lag= 30 m5_p=0.6804  m6_ic=0.0659
[20:14:46]     Train: 239 signals
[20:14:46]     Val holdout (239 candidates)...
[20:14:47]     VAL PASS  SP500              rate_z           lag= 14  m6_ic=0.0907
[20:14:48]     VAL PASS  SP500              ruble_z          lag=  1  m6_ic=0.0665
[20:14:48]     VAL PASS  SP500              sanctions_z      lag=  7  m6_ic=0.1125
[20:14:48]     VAL PASS  SP500              inflation_z      lag=  1  m6_ic=0.0551
[20:14:48]     VAL PASS  SP500              inflation_z      lag=  7  m6_ic=0.0685
[20:14:49]     VAL PASS  SP500              banking_z        lag=  1  m6_ic=0.0980
[20:14:49]     VAL PASS  SP500              banking_z        lag= 30  m6_ic=0.0897
[20:14:50]     VAL PASS  USD_RUB            oil_z            lag= 14  m6_ic=0.0405
[20:14:50]     VAL PASS  USD_RUB            oil_z            lag= 30  m6_ic=0.0910
[20:14:50]     VAL PASS  USD_RUB            rate_z           lag=  1  m6_ic=0.1435
[20:14:50]     VAL PASS  USD_RUB            rate_z           lag= 30  m6_ic=0.0349
[20:14:51]     VAL PASS  USD_RUB            ruble_z          lag=  1  m6_ic=0.1347
[20:14:51]     VAL PASS  USD_RUB            ruble_z          lag=  7  m6_ic=0.1535
[20:14:51]     VAL PASS  USD_RUB            ruble_z          lag= 14  m6_ic=0.0900
[20:14:51]     VAL PASS  USD_RUB            sanctions_z      lag= 14  m6_ic=0.0338
[20:14:51]     VAL PASS  USD_RUB            sanctions_z      lag= 30  m6_ic=0.0439
[20:14:52]     VAL PASS  EUR_RUB            oil_z            lag= 14  m6_ic=0.0405
[20:14:52]     VAL PASS  EUR_RUB            oil_z            lag= 30  m6_ic=0.0910
[20:14:52]     VAL PASS  EUR_RUB            rate_z           lag=  1  m6_ic=0.1435
[20:14:52]     VAL PASS  EUR_RUB            rate_z           lag= 30  m6_ic=0.0349
[20:14:52]     VAL PASS  EUR_RUB            ruble_z          lag=  1  m6_ic=0.1347
[20:14:53]     VAL PASS  EUR_RUB            ruble_z          lag=  7  m6_ic=0.1535
[20:14:53]     VAL PASS  EUR_RUB            ruble_z          lag= 14  m6_ic=0.0900
[20:14:53]     VAL PASS  EUR_RUB            sanctions_z      lag= 14  m6_ic=0.0338
[20:14:53]     VAL PASS  EUR_RUB            sanctions_z      lag= 30  m6_ic=0.0439
[20:14:54]     VAL PASS  DJ_SOUTH_AFRICA    oil_z            lag= 30  m6_ic=0.0594
[20:14:54]     VAL PASS  DJ_SOUTH_AFRICA    sanctions_z      lag=  1  m6_ic=0.0689
[20:14:55]     VAL PASS  DJ_SOUTH_AFRICA    inflation_z      lag= 30  m6_ic=0.0897
[20:14:55]     VAL PASS  DJ_SOUTH_AFRICA    banking_z        lag=  1  m6_ic=0.0329
[20:14:55]     VAL PASS  DJ_SOUTH_AFRICA    banking_z        lag=  7  m6_ic=0.0636
[20:14:56]     VAL PASS  MSCI_WORLD         oil_z            lag=  1  m6_ic=0.0304
[20:14:57]     VAL PASS  MSCI_WORLD         rate_z           lag= 14  m6_ic=0.0385
[20:14:57]     VAL PASS  MSCI_WORLD         ruble_z          lag=  1  m6_ic=0.0619
[20:14:57]     VAL PASS  MSCI_WORLD         ruble_z          lag= 30  m6_ic=0.0596
[20:14:58]     VAL PASS  MSCI_WORLD         sanctions_z      lag=  7  m6_ic=0.0977
[20:14:58]     VAL PASS  MSCI_WORLD         sanctions_z      lag= 14  m6_ic=0.0521
[20:14:58]     VAL PASS  MSCI_WORLD         inflation_z      lag= 30  m6_ic=0.1127
[20:14:58]     VAL PASS  MSCI_WORLD         banking_z        lag=  7  m6_ic=0.0324
[20:14:59]     VAL PASS  DXY                oil_z            lag= 14  m6_ic=0.0360
[20:14:59]     VAL PASS  DXY                oil_z            lag= 30  m6_ic=0.1178
[20:14:59]     VAL PASS  DXY                rate_z           lag=  1  m6_ic=0.0472
[20:15:00]     VAL PASS  DXY                rate_z           lag=  7  m6_ic=0.0570
[20:15:00]     VAL PASS  DXY                rate_z           lag= 30  m6_ic=0.0851
[20:15:00]     VAL PASS  DXY                ruble_z          lag=  7  m6_ic=0.0950
[20:15:00]     VAL PASS  DXY                sanctions_z      lag= 14  m6_ic=0.1437
[20:15:01]     VAL PASS  DXY                inflation_z      lag=  7  m6_ic=0.0928
[20:15:01]     VAL PASS  DXY                banking_z        lag=  1  m6_ic=0.0325
[20:15:01]     VAL PASS  DXY                banking_z        lag= 14  m6_ic=0.1399
[20:15:01]     VAL PASS  DXY                gold_z           lag=  7  m6_ic=0.0432
[20:15:01]     VAL PASS  DXY                gold_z           lag= 14  m6_ic=0.1087
[20:15:02]     VAL PASS  BRENT              oil_z            lag=  1  m6_ic=0.1032
[20:15:03]     VAL PASS  BRENT              ruble_z          lag= 30  m6_ic=0.0509
[20:15:03]     VAL PASS  BRENT              sanctions_z      lag=  7  m6_ic=0.0419
[20:15:03]     VAL PASS  BRENT              sanctions_z      lag= 14  m6_ic=0.0669
[20:15:04]     VAL PASS  BRENT              inflation_z      lag= 30  m6_ic=0.0981
[20:15:04]     VAL PASS  BRENT              banking_z        lag=  1  m6_ic=0.0564
[20:15:05]     VAL PASS  BRENT              banking_z        lag= 14  m6_ic=0.0605
[20:15:05]     VAL PASS  BRENT              gold_z           lag= 30  m6_ic=0.1296
[20:15:06]     VAL PASS  MSCI_INDIA         rate_z           lag= 14  m6_ic=0.0480
[20:15:06]     VAL PASS  MSCI_INDIA         ruble_z          lag= 30  m6_ic=0.1265
[20:15:06]     VAL PASS  MSCI_INDIA         sanctions_z      lag=  1  m6_ic=0.0489
[20:15:07]     VAL PASS  MSCI_INDIA         inflation_z      lag=  7  m6_ic=0.0330
[20:15:08]     VAL PASS  MSCI_INDIA         banking_z        lag=  7  m6_ic=0.0539
[20:15:08]     VAL PASS  MSCI_INDIA         gold_z           lag=  7  m6_ic=0.0649
[20:15:09]     VAL PASS  CHINA_H_SHARES     oil_z            lag=  7  m6_ic=0.1027
[20:15:09]     VAL PASS  CHINA_H_SHARES     oil_z            lag= 30  m6_ic=0.1875
[20:15:09]     VAL PASS  CHINA_H_SHARES     rate_z           lag=  1  m6_ic=0.0377
[20:15:10]     VAL PASS  CHINA_H_SHARES     rate_z           lag=  7  m6_ic=0.0334
[20:15:10]     VAL PASS  CHINA_H_SHARES     ruble_z          lag= 30  m6_ic=0.0800
[20:15:10]     VAL PASS  CHINA_H_SHARES     sanctions_z      lag=  1  m6_ic=0.1120
[20:15:10]     VAL PASS  CHINA_H_SHARES     sanctions_z      lag= 14  m6_ic=0.0458
[20:15:11]     VAL PASS  CHINA_H_SHARES     sanctions_z      lag= 30  m6_ic=0.0319
[20:15:11]     VAL PASS  CHINA_H_SHARES     inflation_z      lag=  1  m6_ic=0.1077
[20:15:11]     VAL PASS  CHINA_H_SHARES     banking_z        lag=  7  m6_ic=0.1068
[20:15:11]     VAL PASS  CHINA_H_SHARES     banking_z        lag= 30  m6_ic=0.0977
[20:15:12]     VAL PASS  CHINA_H_SHARES     gold_z           lag=  1  m6_ic=0.0505
[20:15:12]     VAL PASS  CHINA_H_SHARES     gold_z           lag=  7  m6_ic=0.0511
[20:15:12]     VAL PASS  FTSE_CHINA_50      oil_z            lag=  1  m6_ic=0.0538
[20:15:12]     VAL PASS  FTSE_CHINA_50      oil_z            lag=  7  m6_ic=0.1095
[20:15:13]     VAL PASS  FTSE_CHINA_50      oil_z            lag= 30  m6_ic=0.1354
[20:15:13]     VAL PASS  FTSE_CHINA_50      rate_z           lag=  1  m6_ic=0.1022
[20:15:13]     VAL PASS  FTSE_CHINA_50      rate_z           lag=  7  m6_ic=0.0757
[20:15:14]     VAL PASS  FTSE_CHINA_50      ruble_z          lag= 14  m6_ic=0.0397
[20:15:14]     VAL PASS  FTSE_CHINA_50      sanctions_z      lag=  7  m6_ic=0.0579
[20:15:14]     VAL PASS  FTSE_CHINA_50      sanctions_z      lag= 30  m6_ic=0.0526
[20:15:15]     VAL PASS  FTSE_CHINA_50      inflation_z      lag= 30  m6_ic=0.0831
[20:15:15]     VAL PASS  FTSE_CHINA_50      banking_z        lag=  7  m6_ic=0.0489
[20:15:15]     VAL PASS  FTSE_CHINA_50      banking_z        lag= 30  m6_ic=0.0318
[20:15:15]     VAL PASS  FTSE_CHINA_50      gold_z           lag=  1  m6_ic=0.0767
[20:15:16]     VAL PASS  FTSE_CHINA_50      gold_z           lag= 30  m6_ic=0.1237
[20:15:16]     VAL PASS  GOLD               oil_z            lag=  1  m6_ic=0.0908
[20:15:16]     VAL PASS  GOLD               oil_z            lag= 30  m6_ic=0.0629
[20:15:16]     VAL PASS  GOLD               rate_z           lag=  1  m6_ic=0.1066
[20:15:17]     VAL PASS  GOLD               rate_z           lag= 14  m6_ic=0.1597
[20:15:17]     VAL PASS  GOLD               rate_z           lag= 30  m6_ic=0.0724
[20:15:17]     VAL PASS  GOLD               sanctions_z      lag=  1  m6_ic=0.0540
[20:15:17]     VAL PASS  GOLD               sanctions_z      lag= 14  m6_ic=0.0433
[20:15:18]     VAL PASS  GOLD               inflation_z      lag=  7  m6_ic=0.0318
[20:15:18]     VAL PASS  GOLD               banking_z        lag= 30  m6_ic=0.0451
[20:15:18]     VAL PASS  GOLD               gold_z           lag=  1  m6_ic=0.0394
[20:15:19]     VAL PASS  GOLD               gold_z           lag= 14  m6_ic=0.0773
[20:15:19]     VAL PASS  SILVER             rate_z           lag=  7  m6_ic=0.1293
[20:15:20]     VAL PASS  SILVER             rate_z           lag= 14  m6_ic=0.1576
[20:15:20]     VAL PASS  SILVER             rate_z           lag= 30  m6_ic=0.0650
[20:15:20]     VAL PASS  SILVER             ruble_z          lag= 30  m6_ic=0.0850
[20:15:20]     VAL PASS  SILVER             sanctions_z      lag=  7  m6_ic=0.0517
[20:15:21]     VAL PASS  SILVER             inflation_z      lag= 30  m6_ic=0.0609
[20:15:21]     VAL PASS  SILVER             banking_z        lag=  1  m6_ic=0.0796
[20:15:21]     VAL PASS  SILVER             banking_z        lag= 14  m6_ic=0.0997
[20:15:21]     VAL PASS  SILVER             banking_z        lag= 30  m6_ic=0.0700
[20:15:22]     VAL PASS  SILVER             gold_z           lag=  1  m6_ic=0.0474
[20:15:22]     VAL PASS  SILVER             gold_z           lag= 14  m6_ic=0.0687
[20:15:22]     VAL PASS  SILVER             gold_z           lag= 30  m6_ic=0.0849
[20:15:22]     VAL PASS  IMOEX              oil_z            lag=  1  m6_ic=0.0631
[20:15:22]     VAL PASS  IMOEX              rate_z           lag=  1  m6_ic=0.0323
[20:15:23]     VAL PASS  IMOEX              rate_z           lag= 14  m6_ic=0.0584
[20:15:23]     VAL PASS  IMOEX              rate_z           lag= 30  m6_ic=0.0648
[20:15:24]     VAL PASS  IMOEX              ruble_z          lag= 14  m6_ic=0.0858
[20:15:24]     VAL PASS  IMOEX              sanctions_z      lag= 14  m6_ic=0.1077
[20:15:24]     VAL PASS  IMOEX              inflation_z      lag=  1  m6_ic=0.0944
[20:15:24]     VAL PASS  IMOEX              inflation_z      lag= 30  m6_ic=0.0594
[20:15:25]     VAL PASS  IMOEX              banking_z        lag= 30  m6_ic=0.0422
[20:15:25]     VAL PASS  IMOEX              gold_z           lag=  1  m6_ic=0.0365
[20:15:25]     VAL PASS  IMOEX              gold_z           lag= 30  m6_ic=0.1228
[20:15:25]     VAL PASS  MOEXFN             oil_z            lag=  1  m6_ic=0.1353
[20:15:26]     VAL PASS  MOEXFN             oil_z            lag= 14  m6_ic=0.0365
[20:15:26]     VAL PASS  MOEXFN             rate_z           lag= 14  m6_ic=0.0341
[20:15:26]     VAL PASS  MOEXFN             rate_z           lag= 30  m6_ic=0.0700
[20:15:27]     VAL PASS  MOEXFN             ruble_z          lag= 14  m6_ic=0.0594
[20:15:27]     VAL PASS  MOEXFN             sanctions_z      lag=  1  m6_ic=0.0574
[20:15:27]     VAL PASS  MOEXFN             sanctions_z      lag=  7  m6_ic=0.0677
[20:15:27]     VAL PASS  MOEXFN             inflation_z      lag=  1  m6_ic=0.1187
[20:15:28]     VAL PASS  MOEXFN             inflation_z      lag= 30  m6_ic=0.0354
[20:15:28]     VAL PASS  MOEXFN             banking_z        lag= 14  m6_ic=0.0309
[20:15:29]     VAL PASS  MOEXOG             oil_z            lag=  1  m6_ic=0.0449
[20:15:29]     VAL PASS  MOEXOG             oil_z            lag=  7  m6_ic=0.0438
[20:15:29]     VAL PASS  MOEXOG             ruble_z          lag=  1  m6_ic=0.0370
[20:15:30]     VAL PASS  MOEXOG             sanctions_z      lag=  7  m6_ic=0.0375
[20:15:30]     VAL PASS  MOEXOG             sanctions_z      lag= 14  m6_ic=0.0866
[20:15:30]     VAL PASS  MOEXOG             sanctions_z      lag= 30  m6_ic=0.1425
[20:15:30]     VAL PASS  MOEXOG             inflation_z      lag=  1  m6_ic=0.0766
[20:15:31]     VAL PASS  MOEXOG             inflation_z      lag= 30  m6_ic=0.0440
[20:15:31]     VAL PASS  MOEXOG             gold_z           lag=  7  m6_ic=0.0391
[20:15:31]     VAL PASS  MOEXOG             gold_z           lag= 30  m6_ic=0.1182
[20:15:32]     VAL PASS  MOEX10             oil_z            lag=  1  m6_ic=0.0731
[20:15:32]     VAL PASS  MOEX10             oil_z            lag=  7  m6_ic=0.0389
[20:15:32]     VAL PASS  MOEX10             oil_z            lag= 14  m6_ic=0.1335
[20:15:33]     VAL PASS  MOEX10             rate_z           lag= 30  m6_ic=0.1275
[20:15:33]     VAL PASS  MOEX10             ruble_z          lag= 14  m6_ic=0.0695
[20:15:33]     VAL PASS  MOEX10             sanctions_z      lag=  7  m6_ic=0.0474
[20:15:34]     VAL PASS  MOEX10             sanctions_z      lag= 30  m6_ic=0.0620
[20:15:34]     VAL PASS  MOEX10             inflation_z      lag=  1  m6_ic=0.0563
[20:15:34]     VAL PASS  MOEX10             inflation_z      lag= 30  m6_ic=0.0443
[20:15:34]     VAL PASS  MOEX10             banking_z        lag= 14  m6_ic=0.0462
[20:15:34]     VAL PASS  MOEX10             gold_z           lag= 14  m6_ic=0.0630
[20:15:35]     VAL PASS  MOEX10             gold_z           lag= 30  m6_ic=0.0901
[20:15:35]     Val: 156/239 held
[20:15:35]   → train=239  val=156  max_ic=0.1764  score=2532.3
[20:15:35] 
============================================================
[20:15:35] FINAL REPORT
[20:15:35] ============================================================
[20:15:35] Report: C:\project\signal_mind\analytics\phase_b\night_search\night_report_20260520_200111.md
[20:15:35] Hits CSV: C:\project\signal_mind\analytics\phase_b\night_search\night_hits_20260520_200111.csv
[20:15:35] 
[7/15] sweep_keyword_z30_market_return  (budget=52min)
[20:15:35]   Config: sweep_keyword_z30_market_return
[20:15:35]     feature=keyword_z30  target=market_return  ensemble=M6_only  ic_min=0.03
[20:15:35]   HIT  SP500              oil_z            lag=  7 m5_p=0.8254  m6_ic=0.0637
[20:15:35]   HIT  SP500              oil_z            lag= 14 m5_p=0.7170  m6_ic=0.0936
[20:15:36]   HIT  SP500              oil_z            lag= 30 m5_p=0.2916  m6_ic=0.0516
[20:15:36]   HIT  SP500              rate_z           lag=  7 m5_p=0.7357  m6_ic=0.0370
[20:15:36]   HIT  SP500              rate_z           lag= 14 m5_p=0.9951  m6_ic=0.0679
[20:15:37]   HIT  SP500              ruble_z          lag= 30 m5_p=0.2154  m6_ic=0.0653
[20:15:38]   HIT  SP500              sanctions_z      lag= 14 m5_p=0.6295  m6_ic=0.0724
[20:15:38]   HIT  SP500              inflation_z      lag=  1 m5_p=0.5734  m6_ic=0.0578
[20:15:38]   HIT  SP500              inflation_z      lag=  7 m5_p=0.6216  m6_ic=0.0540
[20:15:39]   HIT  SP500              banking_z        lag=  7 m5_p=0.3767  m6_ic=0.0412
[20:15:40]   HIT  SP500              gold_z           lag=  7 m5_p=0.8404  m6_ic=0.1002
[20:15:40]   HIT  SP500              gold_z           lag= 14 m5_p=0.7661  m6_ic=0.0678
[20:15:41]   HIT  USD_RUB            oil_z            lag=  1 m5_p=0.5610  m6_ic=0.0303
[20:15:41]   HIT  USD_RUB            oil_z            lag=  7 m5_p=0.7301  m6_ic=0.0640
[20:15:41]   HIT  USD_RUB            oil_z            lag= 14 m5_p=0.5573  m6_ic=0.0307
[20:15:41]   HIT  USD_RUB            oil_z            lag= 30 m5_p=0.3761  m6_ic=0.0323
[20:15:42]   HIT  USD_RUB            rate_z           lag=  1 m5_p=0.9476  m6_ic=0.0959
[20:15:42]   HIT  USD_RUB            rate_z           lag= 14 m5_p=0.2823  m6_ic=0.0381
[20:15:42]   HIT  USD_RUB            ruble_z          lag=  1 m5_p=0.1170  m6_ic=0.0586
[20:15:43]   HIT  USD_RUB            ruble_z          lag=  7 m5_p=0.0983  m6_ic=0.0333
[20:15:43]   HIT  USD_RUB            ruble_z          lag= 14 m5_p=0.6695  m6_ic=0.1068
[20:15:43]   HIT  USD_RUB            ruble_z          lag= 30 m5_p=0.2572  m6_ic=0.0303
[20:15:43]   HIT  USD_RUB            sanctions_z      lag=  1 m5_p=0.1513  m6_ic=0.0917
[20:15:43]   HIT  USD_RUB            sanctions_z      lag=  7 m5_p=0.0612  m6_ic=0.0407
[20:15:44]   HIT  USD_RUB            sanctions_z      lag= 30 m5_p=0.0838  m6_ic=0.0403
[20:15:44]   HIT  USD_RUB            inflation_z      lag=  7 m5_p=0.4905  m6_ic=0.0813
[20:15:44]   HIT  USD_RUB            inflation_z      lag= 14 m5_p=0.2798  m6_ic=0.0500
[20:15:45]   HIT  USD_RUB            inflation_z      lag= 30 m5_p=0.6349  m6_ic=0.0538
[20:15:45]   HIT  USD_RUB            banking_z        lag=  1 m5_p=0.7376  m6_ic=0.0572
[20:15:45]   HIT  USD_RUB            banking_z        lag=  7 m5_p=0.1520  m6_ic=0.0568
[20:15:46]   HIT  USD_RUB            banking_z        lag= 30 m5_p=0.8190  m6_ic=0.0656
[20:15:47]   HIT  EUR_RUB            oil_z            lag=  1 m5_p=0.5610  m6_ic=0.0303
[20:15:47]   HIT  EUR_RUB            oil_z            lag=  7 m5_p=0.7301  m6_ic=0.0640
[20:15:47]   HIT  EUR_RUB            oil_z            lag= 14 m5_p=0.5573  m6_ic=0.0307
[20:15:47]   HIT  EUR_RUB            oil_z            lag= 30 m5_p=0.3761  m6_ic=0.0323
[20:15:47]   HIT  EUR_RUB            rate_z           lag=  1 m5_p=0.9476  m6_ic=0.0959
[20:15:48]   HIT  EUR_RUB            rate_z           lag= 14 m5_p=0.2823  m6_ic=0.0381
[20:15:48]   HIT  EUR_RUB            ruble_z          lag=  1 m5_p=0.1170  m6_ic=0.0586
[20:15:48]   HIT  EUR_RUB            ruble_z          lag=  7 m5_p=0.0983  m6_ic=0.0333
[20:15:48]   HIT  EUR_RUB            ruble_z          lag= 14 m5_p=0.6695  m6_ic=0.1068
[20:15:49]   HIT  EUR_RUB            ruble_z          lag= 30 m5_p=0.2572  m6_ic=0.0303
[20:15:49]   HIT  EUR_RUB            sanctions_z      lag=  1 m5_p=0.1513  m6_ic=0.0917
[20:15:49]   HIT  EUR_RUB            sanctions_z      lag=  7 m5_p=0.0612  m6_ic=0.0407
[20:15:49]   HIT  EUR_RUB            sanctions_z      lag= 30 m5_p=0.0838  m6_ic=0.0403
[20:15:50]   HIT  EUR_RUB            inflation_z      lag=  7 m5_p=0.4905  m6_ic=0.0813
[20:15:50]   HIT  EUR_RUB            inflation_z      lag= 14 m5_p=0.2798  m6_ic=0.0500
[20:15:50]   HIT  EUR_RUB            inflation_z      lag= 30 m5_p=0.6349  m6_ic=0.0538
[20:15:50]   HIT  EUR_RUB            banking_z        lag=  1 m5_p=0.7376  m6_ic=0.0572
[20:15:51]   HIT  EUR_RUB            banking_z        lag=  7 m5_p=0.1520  m6_ic=0.0568
[20:15:51]   HIT  EUR_RUB            banking_z        lag= 30 m5_p=0.8190  m6_ic=0.0656
[20:15:53]   HIT  DJ_SOUTH_AFRICA    oil_z            lag= 14 m5_p=0.2445  m6_ic=0.0489
[20:15:53]   HIT  DJ_SOUTH_AFRICA    rate_z           lag=  1 m5_p=0.6268  m6_ic=0.0775
[20:15:53]   HIT  DJ_SOUTH_AFRICA    rate_z           lag=  7 m5_p=0.8298  m6_ic=0.0342
[20:15:54]   HIT  DJ_SOUTH_AFRICA    rate_z           lag= 30 m5_p=0.6839  m6_ic=0.0726
[20:15:54]   HIT  DJ_SOUTH_AFRICA    ruble_z          lag=  1 m5_p=0.1001  m6_ic=0.0534
[20:15:54]   HIT  DJ_SOUTH_AFRICA    ruble_z          lag=  7 m5_p=0.4065  m6_ic=0.0595
[20:15:54]   HIT  DJ_SOUTH_AFRICA    ruble_z          lag= 30 m5_p=0.5463  m6_ic=0.0461
[20:15:55]   HIT  DJ_SOUTH_AFRICA    sanctions_z      lag=  1 m5_p=0.7442  m6_ic=0.0604
[20:15:55]   HIT  DJ_SOUTH_AFRICA    sanctions_z      lag= 14 m5_p=0.0128  m6_ic=0.0833
[20:15:55]   HIT  DJ_SOUTH_AFRICA    sanctions_z      lag= 30 m5_p=0.2280  m6_ic=0.1116
[20:15:56]   HIT  DJ_SOUTH_AFRICA    inflation_z      lag=  7 m5_p=0.0980  m6_ic=0.1431
[20:15:56]   HIT  DJ_SOUTH_AFRICA    banking_z        lag=  1 m5_p=0.3162  m6_ic=0.0328
[20:15:57]   HIT  DJ_SOUTH_AFRICA    banking_z        lag= 30 m5_p=0.2699  m6_ic=0.0477
[20:15:57]   HIT  DJ_SOUTH_AFRICA    gold_z           lag=  7 m5_p=0.8091  m6_ic=0.0329
[20:15:58]   HIT  DJ_SOUTH_AFRICA    gold_z           lag= 30 m5_p=0.8393  m6_ic=0.1079
[20:15:58]   HIT  MSCI_WORLD         oil_z            lag= 14 m5_p=0.2593  m6_ic=0.0384
[20:15:59]   HIT  MSCI_WORLD         rate_z           lag= 14 m5_p=0.5906  m6_ic=0.0762
[20:15:59]   HIT  MSCI_WORLD         rate_z           lag= 30 m5_p=0.7262  m6_ic=0.0625
[20:15:59]   HIT  MSCI_WORLD         ruble_z          lag=  1 m5_p=0.9537  m6_ic=0.0402
[20:16:00]   HIT  MSCI_WORLD         ruble_z          lag=  7 m5_p=0.8457  m6_ic=0.0720
[20:16:00]   HIT  MSCI_WORLD         sanctions_z      lag=  1 m5_p=0.8301  m6_ic=0.0666
[20:16:01]   HIT  MSCI_WORLD         sanctions_z      lag= 14 m5_p=0.0116  m6_ic=0.0751
[20:16:01]   HIT  MSCI_WORLD         inflation_z      lag=  1 m5_p=0.3657  m6_ic=0.0524
[20:16:02]   HIT  MSCI_WORLD         banking_z        lag= 30 m5_p=0.8740  m6_ic=0.0714
[20:16:03]   HIT  MSCI_WORLD         gold_z           lag= 14 m5_p=0.2426  m6_ic=0.0489
[20:16:03]   HIT  MSCI_WORLD         gold_z           lag= 30 m5_p=0.9033  m6_ic=0.1028
[20:16:03]   HIT  DXY                oil_z            lag=  1 m5_p=0.0363  m6_ic=0.0493
[20:16:04]   HIT  DXY                oil_z            lag=  7 m5_p=0.4332  m6_ic=0.0514
[20:16:04]   HIT  DXY                oil_z            lag= 30 m5_p=0.9929  m6_ic=0.0315
[20:16:04]   HIT  DXY                rate_z           lag=  1 m5_p=0.0870  m6_ic=0.0481
[20:16:04]   HIT  DXY                rate_z           lag=  7 m5_p=0.2159  m6_ic=0.0660
[20:16:05]   HIT  DXY                rate_z           lag= 14 m5_p=0.4269  m6_ic=0.0606
[20:16:05]   HIT  DXY                rate_z           lag= 30 m5_p=0.1851  m6_ic=0.0488
[20:16:05]   HIT  DXY                ruble_z          lag=  1 m5_p=0.5830  m6_ic=0.0457
[20:16:05]   HIT  DXY                ruble_z          lag= 14 m5_p=0.3215  m6_ic=0.0417
[20:16:06]   HIT  DXY                sanctions_z      lag= 30 m5_p=0.7737  m6_ic=0.0507
[20:16:07]   HIT  DXY                inflation_z      lag=  7 m5_p=0.3826  m6_ic=0.0533
[20:16:07]   HIT  DXY                inflation_z      lag= 14 m5_p=0.8770  m6_ic=0.0450
[20:16:07]   HIT  DXY                banking_z        lag=  1 m5_p=0.1827  m6_ic=0.0520
[20:16:08]   HIT  DXY                banking_z        lag=  7 m5_p=0.7330  m6_ic=0.0326
[20:16:08]   HIT  DXY                banking_z        lag= 14 m5_p=0.9784  m6_ic=0.0366
[20:16:08]   HIT  DXY                gold_z           lag=  7 m5_p=0.1562  m6_ic=0.0631
[20:16:09]   HIT  DXY                gold_z           lag= 14 m5_p=0.7091  m6_ic=0.0767
[20:16:09]   HIT  BRENT              oil_z            lag=  7 m5_p=0.7839  m6_ic=0.0578
[20:16:10]   HIT  BRENT              oil_z            lag= 30 m5_p=0.7896  m6_ic=0.0534
[20:16:10]   HIT  BRENT              rate_z           lag=  1 m5_p=0.4639  m6_ic=0.0489
[20:16:10]   HIT  BRENT              rate_z           lag= 30 m5_p=0.7557  m6_ic=0.1055
[20:16:11]   HIT  BRENT              ruble_z          lag=  1 m5_p=0.1300  m6_ic=0.0318
[20:16:11]   HIT  BRENT              ruble_z          lag=  7 m5_p=0.3462  m6_ic=0.0456
[20:16:11]   HIT  BRENT              ruble_z          lag= 14 m5_p=0.3931  m6_ic=0.0431
[20:16:11]   HIT  BRENT              ruble_z          lag= 30 m5_p=0.3398  m6_ic=0.0647
[20:16:11]   HIT  BRENT              sanctions_z      lag=  1 m5_p=0.9551  m6_ic=0.0360
[20:16:12]   HIT  BRENT              sanctions_z      lag=  7 m5_p=0.7252  m6_ic=0.0542
[20:16:12]   HIT  BRENT              sanctions_z      lag= 14 m5_p=0.2424  m6_ic=0.0325
[20:16:12]   HIT  BRENT              inflation_z      lag=  1 m5_p=0.3106  m6_ic=0.0379
[20:16:12]   HIT  BRENT              inflation_z      lag=  7 m5_p=0.8715  m6_ic=0.0712
[20:16:13]   HIT  BRENT              inflation_z      lag= 14 m5_p=0.9169  m6_ic=0.0952
[20:16:13]   HIT  BRENT              banking_z        lag=  1 m5_p=0.8083  m6_ic=0.0307
[20:16:14]   HIT  BRENT              gold_z           lag=  1 m5_p=0.2283  m6_ic=0.0394
[20:16:14]   HIT  BRENT              gold_z           lag=  7 m5_p=0.5565  m6_ic=0.0647
[20:16:14]   HIT  BRENT              gold_z           lag= 14 m5_p=0.4285  m6_ic=0.0621
[20:16:14]   HIT  BRENT              gold_z           lag= 30 m5_p=0.5484  m6_ic=0.0543
[20:16:15]   HIT  MSCI_INDIA         oil_z            lag= 30 m5_p=0.7651  m6_ic=0.0559
[20:16:16]   HIT  MSCI_INDIA         rate_z           lag=  7 m5_p=0.8927  m6_ic=0.1361
[20:16:16]   HIT  MSCI_INDIA         rate_z           lag= 14 m5_p=0.4433  m6_ic=0.0622
[20:16:16]   HIT  MSCI_INDIA         rate_z           lag= 30 m5_p=0.8638  m6_ic=0.0670
[20:16:16]   HIT  MSCI_INDIA         ruble_z          lag=  7 m5_p=0.4872  m6_ic=0.0582
[20:16:17]   HIT  MSCI_INDIA         ruble_z          lag= 30 m5_p=0.9102  m6_ic=0.0868
[20:16:17]   HIT  MSCI_INDIA         sanctions_z      lag=  7 m5_p=0.7171  m6_ic=0.0578
[20:16:17]   HIT  MSCI_INDIA         sanctions_z      lag= 14 m5_p=0.1846  m6_ic=0.0535
[20:16:18]   HIT  MSCI_INDIA         sanctions_z      lag= 30 m5_p=0.7792  m6_ic=0.0746
[20:16:18]   HIT  MSCI_INDIA         inflation_z      lag=  1 m5_p=0.6167  m6_ic=0.0647
[20:16:18]   HIT  MSCI_INDIA         inflation_z      lag= 14 m5_p=0.4628  m6_ic=0.0468
[20:16:19]   HIT  MSCI_INDIA         inflation_z      lag= 30 m5_p=0.6596  m6_ic=0.1025
[20:16:19]   HIT  MSCI_INDIA         banking_z        lag=  1 m5_p=0.5225  m6_ic=0.0366
[20:16:19]   HIT  MSCI_INDIA         banking_z        lag=  7 m5_p=0.8542  m6_ic=0.0774
[20:16:19]   HIT  MSCI_INDIA         banking_z        lag= 30 m5_p=0.5461  m6_ic=0.0413
[20:16:20]   HIT  MSCI_INDIA         gold_z           lag=  1 m5_p=0.6699  m6_ic=0.0731
[20:16:20]   HIT  MSCI_INDIA         gold_z           lag=  7 m5_p=0.7335  m6_ic=0.0816
[20:16:20]   HIT  MSCI_INDIA         gold_z           lag= 14 m5_p=0.2159  m6_ic=0.0415
[20:16:20]   HIT  CHINA_H_SHARES     oil_z            lag=  1 m5_p=0.5007  m6_ic=0.0682
[20:16:21]   HIT  CHINA_H_SHARES     oil_z            lag= 14 m5_p=0.9264  m6_ic=0.0303
[20:16:21]   HIT  CHINA_H_SHARES     oil_z            lag= 30 m5_p=0.7034  m6_ic=0.0355
[20:16:21]   HIT  CHINA_H_SHARES     rate_z           lag=  1 m5_p=0.0394  m6_ic=0.0625
[20:16:21]   HIT  CHINA_H_SHARES     rate_z           lag=  7 m5_p=0.9527  m6_ic=0.0309
[20:16:22]   HIT  CHINA_H_SHARES     rate_z           lag= 30 m5_p=0.2030  m6_ic=0.0536
[20:16:23]   HIT  CHINA_H_SHARES     ruble_z          lag= 30 m5_p=0.8266  m6_ic=0.1344
[20:16:23]   HIT  CHINA_H_SHARES     sanctions_z      lag=  7 m5_p=0.5359  m6_ic=0.0714
[20:16:24]   HIT  CHINA_H_SHARES     inflation_z      lag=  7 m5_p=0.2935  m6_ic=0.0476
[20:16:24]   HIT  CHINA_H_SHARES     inflation_z      lag= 14 m5_p=0.9861  m6_ic=0.0413
[20:16:24]   HIT  CHINA_H_SHARES     inflation_z      lag= 30 m5_p=0.3077  m6_ic=0.0691
[20:16:24]   HIT  CHINA_H_SHARES     banking_z        lag=  7 m5_p=0.9120  m6_ic=0.0448
[20:16:25]   HIT  CHINA_H_SHARES     banking_z        lag= 30 m5_p=0.9935  m6_ic=0.0303
[20:16:25]   HIT  CHINA_H_SHARES     gold_z           lag=  7 m5_p=0.2118  m6_ic=0.0623
[20:16:25]   HIT  CHINA_H_SHARES     gold_z           lag= 14 m5_p=0.3874  m6_ic=0.0751
[20:16:26]   HIT  CHINA_H_SHARES     gold_z           lag= 30 m5_p=0.8381  m6_ic=0.1381
[20:16:26]   HIT  FTSE_CHINA_50      oil_z            lag=  1 m5_p=0.4869  m6_ic=0.0508
[20:16:26]   HIT  FTSE_CHINA_50      oil_z            lag=  7 m5_p=0.5115  m6_ic=0.0432
[20:16:27]   HIT  FTSE_CHINA_50      rate_z           lag=  1 m5_p=0.0335  m6_ic=0.0535
[20:16:27]   HIT  FTSE_CHINA_50      rate_z           lag= 30 m5_p=0.1565  m6_ic=0.0537
[20:16:28]   HIT  FTSE_CHINA_50      ruble_z          lag= 30 m5_p=0.6544  m6_ic=0.1647
[20:16:28]   HIT  FTSE_CHINA_50      sanctions_z      lag=  7 m5_p=0.4652  m6_ic=0.0412
[20:16:29]   HIT  FTSE_CHINA_50      sanctions_z      lag= 14 m5_p=0.6119  m6_ic=0.0333
[20:16:29]   HIT  FTSE_CHINA_50      inflation_z      lag=  7 m5_p=0.1893  m6_ic=0.0572
[20:16:30]   HIT  FTSE_CHINA_50      inflation_z      lag= 30 m5_p=0.2971  m6_ic=0.0659
[20:16:30]   HIT  FTSE_CHINA_50      banking_z        lag=  7 m5_p=0.9990  m6_ic=0.0715
[20:16:30]   HIT  FTSE_CHINA_50      banking_z        lag= 30 m5_p=0.6948  m6_ic=0.0381
[20:16:31]   HIT  FTSE_CHINA_50      gold_z           lag= 14 m5_p=0.4126  m6_ic=0.0722
[20:16:31]   HIT  FTSE_CHINA_50      gold_z           lag= 30 m5_p=0.6982  m6_ic=0.1673
[20:16:32]   HIT  GOLD               oil_z            lag= 14 m5_p=0.9423  m6_ic=0.0494
[20:16:32]   HIT  GOLD               oil_z            lag= 30 m5_p=0.8657  m6_ic=0.0466
[20:16:33]   HIT  GOLD               rate_z           lag= 14 m5_p=0.2299  m6_ic=0.0556
[20:16:33]   HIT  GOLD               rate_z           lag= 30 m5_p=0.8995  m6_ic=0.0703
[20:16:33]   HIT  GOLD               ruble_z          lag=  7 m5_p=0.8962  m6_ic=0.0833
[20:16:34]   HIT  GOLD               ruble_z          lag= 30 m5_p=0.5798  m6_ic=0.1072
[20:16:34]   HIT  GOLD               sanctions_z      lag= 30 m5_p=0.0589  m6_ic=0.0337
[20:16:34]   HIT  GOLD               inflation_z      lag=  1 m5_p=0.2236  m6_ic=0.0706
[20:16:35]   HIT  GOLD               inflation_z      lag=  7 m5_p=0.0360  m6_ic=0.0828
[20:16:35]   HIT  GOLD               inflation_z      lag= 14 m5_p=0.2796  m6_ic=0.0821
[20:16:35]   HIT  GOLD               banking_z        lag=  7 m5_p=0.1881  m6_ic=0.0517
[20:16:36]   HIT  GOLD               gold_z           lag=  7 m5_p=0.8343  m6_ic=0.0883
[20:16:36]   HIT  GOLD               gold_z           lag= 14 m5_p=0.0620  m6_ic=0.0426
[20:16:37]   HIT  GOLD               gold_z           lag= 30 m5_p=0.4217  m6_ic=0.1003
[20:16:37]   HIT  SILVER             oil_z            lag= 30 m5_p=0.5578  m6_ic=0.0395
[20:16:38]   HIT  SILVER             rate_z           lag=  1 m5_p=0.3262  m6_ic=0.1287
[20:16:38]   HIT  SILVER             rate_z           lag=  7 m5_p=0.4661  m6_ic=0.1086
[20:16:38]   HIT  SILVER             rate_z           lag= 30 m5_p=0.3550  m6_ic=0.0769
[20:16:38]   HIT  SILVER             ruble_z          lag=  7 m5_p=0.4738  m6_ic=0.1011
[20:16:39]   HIT  SILVER             ruble_z          lag= 30 m5_p=0.9263  m6_ic=0.1441
[20:16:39]   HIT  SILVER             sanctions_z      lag=  1 m5_p=0.0249  m6_ic=0.0386
[20:16:39]   HIT  SILVER             sanctions_z      lag=  7 m5_p=0.7252  m6_ic=0.0312
[20:16:39]   HIT  SILVER             sanctions_z      lag= 14 m5_p=0.1365  m6_ic=0.0670
[20:16:40]   HIT  SILVER             sanctions_z      lag= 30 m5_p=0.2364  m6_ic=0.0555
[20:16:40]   HIT  SILVER             inflation_z      lag=  7 m5_p=0.3122  m6_ic=0.1119
[20:16:40]   HIT  SILVER             inflation_z      lag= 30 m5_p=0.6434  m6_ic=0.0400
[20:16:41]   HIT  SILVER             banking_z        lag=  1 m5_p=0.7370  m6_ic=0.0924
[20:16:41]   HIT  SILVER             banking_z        lag=  7 m5_p=0.5184  m6_ic=0.0301
[20:16:41]   HIT  SILVER             gold_z           lag=  1 m5_p=0.0584  m6_ic=0.0631
[20:16:41]   HIT  SILVER             gold_z           lag=  7 m5_p=0.7577  m6_ic=0.0361
[20:16:42]   HIT  SILVER             gold_z           lag= 30 m5_p=0.4651  m6_ic=0.0403
[20:16:42]   HIT  IMOEX              oil_z            lag=  1 m5_p=0.3571  m6_ic=0.0696
[20:16:43]   HIT  IMOEX              oil_z            lag= 30 m5_p=0.6406  m6_ic=0.0514
[20:16:43]   HIT  IMOEX              rate_z           lag= 14 m5_p=0.2562  m6_ic=0.0502
[20:16:43]   HIT  IMOEX              rate_z           lag= 30 m5_p=0.6107  m6_ic=0.1322
[20:16:44]   HIT  IMOEX              ruble_z          lag=  1 m5_p=0.9408  m6_ic=0.0597
[20:16:44]   HIT  IMOEX              ruble_z          lag=  7 m5_p=0.0458  m6_ic=0.0690
[20:16:44]   HIT  IMOEX              ruble_z          lag= 30 m5_p=0.9180  m6_ic=0.0665
[20:16:44]   HIT  IMOEX              sanctions_z      lag=  1 m5_p=0.2181  m6_ic=0.0803
[20:16:45]   HIT  IMOEX              sanctions_z      lag= 14 m5_p=0.6950  m6_ic=0.0354
[20:16:45]   HIT  IMOEX              inflation_z      lag= 14 m5_p=0.5925  m6_ic=0.0569
[20:16:46]   HIT  IMOEX              banking_z        lag=  7 m5_p=0.2841  m6_ic=0.0595
[20:16:47]   HIT  IMOEX              banking_z        lag= 30 m5_p=0.1178  m6_ic=0.0730
[20:16:47]   HIT  IMOEX              gold_z           lag=  1 m5_p=0.4821  m6_ic=0.0339
[20:16:47]   HIT  IMOEX              gold_z           lag=  7 m5_p=0.4466  m6_ic=0.0328
[20:16:47]   HIT  IMOEX              gold_z           lag= 30 m5_p=0.2917  m6_ic=0.0386
[20:16:48]   HIT  MOEXFN             oil_z            lag=  1 m5_p=0.5560  m6_ic=0.0727
[20:16:48]   HIT  MOEXFN             oil_z            lag= 14 m5_p=0.6731  m6_ic=0.0373
[20:16:48]   HIT  MOEXFN             oil_z            lag= 30 m5_p=0.9520  m6_ic=0.0368
[20:16:48]   HIT  MOEXFN             rate_z           lag=  1 m5_p=0.5857  m6_ic=0.0614
[20:16:49]   HIT  MOEXFN             rate_z           lag=  7 m5_p=0.0649  m6_ic=0.0671
[20:16:49]   HIT  MOEXFN             rate_z           lag= 30 m5_p=0.6743  m6_ic=0.0361
[20:16:49]   HIT  MOEXFN             ruble_z          lag=  7 m5_p=0.2908  m6_ic=0.0524
[20:16:50]   HIT  MOEXFN             sanctions_z      lag=  1 m5_p=0.0248  m6_ic=0.0434
[20:16:50]   HIT  MOEXFN             sanctions_z      lag=  7 m5_p=0.7560  m6_ic=0.0796
[20:16:50]   HIT  MOEXFN             sanctions_z      lag= 14 m5_p=0.4188  m6_ic=0.0373
[20:16:51]   HIT  MOEXFN             sanctions_z      lag= 30 m5_p=0.7065  m6_ic=0.0382
[20:16:51]   HIT  MOEXFN             inflation_z      lag=  7 m5_p=0.1289  m6_ic=0.0524
[20:16:52]   HIT  MOEXFN             banking_z        lag=  1 m5_p=0.9847  m6_ic=0.0305
[20:16:52]   HIT  MOEXFN             banking_z        lag=  7 m5_p=0.6786  m6_ic=0.1007
[20:16:52]   HIT  MOEXFN             banking_z        lag= 14 m5_p=0.2242  m6_ic=0.0325
[20:16:52]   HIT  MOEXFN             banking_z        lag= 30 m5_p=0.3350  m6_ic=0.0362
[20:16:52]   HIT  MOEXFN             gold_z           lag=  1 m5_p=0.4996  m6_ic=0.0451
[20:16:53]   HIT  MOEXFN             gold_z           lag= 30 m5_p=0.7046  m6_ic=0.0342
[20:16:53]   HIT  MOEXOG             oil_z            lag=  1 m5_p=0.3724  m6_ic=0.0631
[20:16:54]   HIT  MOEXOG             oil_z            lag= 30 m5_p=0.4142  m6_ic=0.0327
[20:16:54]   HIT  MOEXOG             rate_z           lag=  1 m5_p=0.4612  m6_ic=0.0707
[20:16:54]   HIT  MOEXOG             rate_z           lag= 14 m5_p=0.2424  m6_ic=0.0662
[20:16:55]   HIT  MOEXOG             ruble_z          lag=  1 m5_p=0.8949  m6_ic=0.1057
[20:16:55]   HIT  MOEXOG             ruble_z          lag= 14 m5_p=0.7465  m6_ic=0.0580
[20:16:55]   HIT  MOEXOG             ruble_z          lag= 30 m5_p=0.7976  m6_ic=0.0729
[20:16:56]   HIT  MOEXOG             sanctions_z      lag= 30 m5_p=0.9910  m6_ic=0.0468
[20:16:57]   HIT  MOEXOG             inflation_z      lag= 14 m5_p=0.8699  m6_ic=0.0607
[20:16:57]   HIT  MOEXOG             inflation_z      lag= 30 m5_p=0.6597  m6_ic=0.0801
[20:16:57]   HIT  MOEXOG             banking_z        lag=  1 m5_p=0.6315  m6_ic=0.0497
[20:16:58]   HIT  MOEXOG             gold_z           lag=  1 m5_p=0.3783  m6_ic=0.0514
[20:16:58]   HIT  MOEXOG             gold_z           lag=  7 m5_p=0.5586  m6_ic=0.0352
[20:16:59]   HIT  MOEX10             oil_z            lag=  1 m5_p=0.5139  m6_ic=0.0434
[20:16:59]   HIT  MOEX10             oil_z            lag=  7 m5_p=0.5069  m6_ic=0.0678
[20:16:59]   HIT  MOEX10             oil_z            lag= 14 m5_p=0.9103  m6_ic=0.0741
[20:17:00]   HIT  MOEX10             rate_z           lag= 30 m5_p=0.7390  m6_ic=0.0537
[20:17:00]   HIT  MOEX10             ruble_z          lag=  1 m5_p=0.6965  m6_ic=0.0453
[20:17:00]   HIT  MOEX10             ruble_z          lag=  7 m5_p=0.2110  m6_ic=0.0537
[20:17:01]   HIT  MOEX10             ruble_z          lag= 14 m5_p=0.6922  m6_ic=0.0383
[20:17:01]   HIT  MOEX10             ruble_z          lag= 30 m5_p=0.9554  m6_ic=0.0429
[20:17:01]   HIT  MOEX10             sanctions_z      lag=  1 m5_p=0.1513  m6_ic=0.0704
[20:17:01]   HIT  MOEX10             sanctions_z      lag=  7 m5_p=0.3906  m6_ic=0.0342
[20:17:01]   HIT  MOEX10             sanctions_z      lag= 14 m5_p=0.3927  m6_ic=0.0471
[20:17:02]   HIT  MOEX10             sanctions_z      lag= 30 m5_p=0.5885  m6_ic=0.0451
[20:17:02]   HIT  MOEX10             inflation_z      lag=  7 m5_p=0.1923  m6_ic=0.0489
[20:17:02]   HIT  MOEX10             inflation_z      lag= 14 m5_p=0.7230  m6_ic=0.0916
[20:17:03]   HIT  MOEX10             inflation_z      lag= 30 m5_p=0.7268  m6_ic=0.0455
[20:17:03]   HIT  MOEX10             banking_z        lag=  1 m5_p=0.8517  m6_ic=0.0351
[20:17:03]   HIT  MOEX10             banking_z        lag=  7 m5_p=0.3048  m6_ic=0.0330
[20:17:03]   HIT  MOEX10             gold_z           lag=  1 m5_p=0.6710  m6_ic=0.0428
[20:17:04]   HIT  MOEX10             gold_z           lag=  7 m5_p=0.2770  m6_ic=0.0721
[20:17:04]   HIT  MOEX10             gold_z           lag= 14 m5_p=0.9879  m6_ic=0.0520
[20:17:04]     Train: 256 signals
[20:17:04]     Val holdout (256 candidates)...
[20:17:04]     VAL PASS  SP500              oil_z            lag=  7  m6_ic=0.1011
[20:17:04]     VAL PASS  SP500              oil_z            lag= 14  m6_ic=0.0545
[20:17:06]     VAL PASS  SP500              sanctions_z      lag= 14  m6_ic=0.0620
[20:17:06]     VAL PASS  SP500              inflation_z      lag=  1  m6_ic=0.0769
[20:17:06]     VAL PASS  SP500              inflation_z      lag=  7  m6_ic=0.0609
[20:17:06]     VAL PASS  SP500              banking_z        lag=  7  m6_ic=0.0528
[20:17:06]     VAL PASS  SP500              gold_z           lag=  7  m6_ic=0.0639
[20:17:07]     VAL PASS  SP500              gold_z           lag= 14  m6_ic=0.0975
[20:17:07]     VAL PASS  USD_RUB            oil_z            lag=  1  m6_ic=0.0833
[20:17:07]     VAL PASS  USD_RUB            oil_z            lag=  7  m6_ic=0.0905
[20:17:07]     VAL PASS  USD_RUB            oil_z            lag= 14  m6_ic=0.0654
[20:17:07]     VAL PASS  USD_RUB            oil_z            lag= 30  m6_ic=0.0777
[20:17:08]     VAL PASS  USD_RUB            rate_z           lag= 14  m6_ic=0.0451
[20:17:09]     VAL PASS  USD_RUB            inflation_z      lag=  7  m6_ic=0.1676
[20:17:10]     VAL PASS  USD_RUB            inflation_z      lag= 30  m6_ic=0.0647
[20:17:10]     VAL PASS  USD_RUB            banking_z        lag=  7  m6_ic=0.0651
[20:17:11]     VAL PASS  EUR_RUB            oil_z            lag=  1  m6_ic=0.0833
[20:17:11]     VAL PASS  EUR_RUB            oil_z            lag=  7  m6_ic=0.0905
[20:17:11]     VAL PASS  EUR_RUB            oil_z            lag= 14  m6_ic=0.0654
[20:17:11]     VAL PASS  EUR_RUB            oil_z            lag= 30  m6_ic=0.0777
[20:17:12]     VAL PASS  EUR_RUB            rate_z           lag= 14  m6_ic=0.0451
[20:17:13]     VAL PASS  EUR_RUB            inflation_z      lag=  7  m6_ic=0.1676
[20:17:14]     VAL PASS  EUR_RUB            inflation_z      lag= 30  m6_ic=0.0647
[20:17:14]     VAL PASS  EUR_RUB            banking_z        lag=  7  m6_ic=0.0651
[20:17:14]     VAL PASS  DJ_SOUTH_AFRICA    oil_z            lag= 14  m6_ic=0.0918
[20:17:15]     VAL PASS  DJ_SOUTH_AFRICA    rate_z           lag=  1  m6_ic=0.0730
[20:17:15]     VAL PASS  DJ_SOUTH_AFRICA    rate_z           lag= 30  m6_ic=0.0806
[20:17:15]     VAL PASS  DJ_SOUTH_AFRICA    ruble_z          lag=  1  m6_ic=0.0687
[20:17:15]     VAL PASS  DJ_SOUTH_AFRICA    ruble_z          lag=  7  m6_ic=0.0321
[20:17:16]     VAL PASS  DJ_SOUTH_AFRICA    sanctions_z      lag=  1  m6_ic=0.0403
[20:17:16]     VAL PASS  DJ_SOUTH_AFRICA    sanctions_z      lag= 14  m6_ic=0.0649
[20:17:16]     VAL PASS  DJ_SOUTH_AFRICA    sanctions_z      lag= 30  m6_ic=0.1084
[20:17:16]     VAL PASS  DJ_SOUTH_AFRICA    inflation_z      lag=  7  m6_ic=0.0890
[20:17:17]     VAL PASS  DJ_SOUTH_AFRICA    banking_z        lag=  1  m6_ic=0.0834
[20:17:17]     VAL PASS  DJ_SOUTH_AFRICA    banking_z        lag= 30  m6_ic=0.0524
[20:17:17]     VAL PASS  DJ_SOUTH_AFRICA    gold_z           lag=  7  m6_ic=0.0344
[20:17:17]     VAL PASS  DJ_SOUTH_AFRICA    gold_z           lag= 30  m6_ic=0.0782
[20:17:18]     VAL PASS  MSCI_WORLD         rate_z           lag= 30  m6_ic=0.1301
[20:17:18]     VAL PASS  MSCI_WORLD         ruble_z          lag=  1  m6_ic=0.0343
[20:17:18]     VAL PASS  MSCI_WORLD         ruble_z          lag=  7  m6_ic=0.0589
[20:17:18]     VAL PASS  MSCI_WORLD         sanctions_z      lag=  1  m6_ic=0.0843
[20:17:19]     VAL PASS  MSCI_WORLD         inflation_z      lag=  1  m6_ic=0.0905
[20:17:19]     VAL PASS  MSCI_WORLD         banking_z        lag= 30  m6_ic=0.0447
[20:17:19]     VAL PASS  MSCI_WORLD         gold_z           lag= 14  m6_ic=0.0447
[20:17:19]     VAL PASS  MSCI_WORLD         gold_z           lag= 30  m6_ic=0.0346
[20:17:20]     VAL PASS  DXY                oil_z            lag=  1  m6_ic=0.0744
[20:17:20]     VAL PASS  DXY                oil_z            lag= 30  m6_ic=0.1209
[20:17:20]     VAL PASS  DXY                rate_z           lag=  7  m6_ic=0.0505
[20:17:21]     VAL PASS  DXY                rate_z           lag= 14  m6_ic=0.0737
[20:17:21]     VAL PASS  DXY                rate_z           lag= 30  m6_ic=0.0588
[20:17:21]     VAL PASS  DXY                ruble_z          lag=  1  m6_ic=0.1166
[20:17:21]     VAL PASS  DXY                sanctions_z      lag= 30  m6_ic=0.0454
[20:17:22]     VAL PASS  DXY                inflation_z      lag=  7  m6_ic=0.0523
[20:17:22]     VAL PASS  DXY                inflation_z      lag= 14  m6_ic=0.0854
[20:17:22]     VAL PASS  DXY                banking_z        lag=  1  m6_ic=0.0692
[20:17:22]     VAL PASS  DXY                banking_z        lag=  7  m6_ic=0.0691
[20:17:22]     VAL PASS  DXY                banking_z        lag= 14  m6_ic=0.0665
[20:17:23]     VAL PASS  DXY                gold_z           lag= 14  m6_ic=0.0577
[20:17:23]     VAL PASS  BRENT              rate_z           lag=  1  m6_ic=0.0793
[20:17:24]     VAL PASS  BRENT              rate_z           lag= 30  m6_ic=0.0572
[20:17:24]     VAL PASS  BRENT              ruble_z          lag=  1  m6_ic=0.0634
[20:17:24]     VAL PASS  BRENT              ruble_z          lag=  7  m6_ic=0.0466
[20:17:24]     VAL PASS  BRENT              ruble_z          lag= 14  m6_ic=0.0378
[20:17:25]     VAL PASS  BRENT              sanctions_z      lag=  1  m6_ic=0.0554
[20:17:25]     VAL PASS  BRENT              sanctions_z      lag=  7  m6_ic=0.0620
[20:17:25]     VAL PASS  BRENT              inflation_z      lag=  1  m6_ic=0.0478
[20:17:25]     VAL PASS  BRENT              inflation_z      lag=  7  m6_ic=0.1761
[20:17:26]     VAL PASS  BRENT              inflation_z      lag= 14  m6_ic=0.0414
[20:17:26]     VAL PASS  BRENT              banking_z        lag=  1  m6_ic=0.0363
[20:17:26]     VAL PASS  BRENT              gold_z           lag=  7  m6_ic=0.0345
[20:17:26]     VAL PASS  BRENT              gold_z           lag= 14  m6_ic=0.0691
[20:17:27]     VAL PASS  MSCI_INDIA         rate_z           lag= 14  m6_ic=0.0335
[20:17:28]     VAL PASS  MSCI_INDIA         ruble_z          lag= 30  m6_ic=0.1518
[20:17:28]     VAL PASS  MSCI_INDIA         sanctions_z      lag=  7  m6_ic=0.0641
[20:17:28]     VAL PASS  MSCI_INDIA         sanctions_z      lag= 14  m6_ic=0.1376
[20:17:29]     VAL PASS  MSCI_INDIA         sanctions_z      lag= 30  m6_ic=0.1001
[20:17:29]     VAL PASS  MSCI_INDIA         inflation_z      lag=  1  m6_ic=0.0539
[20:17:29]     VAL PASS  MSCI_INDIA         inflation_z      lag= 14  m6_ic=0.0767
[20:17:29]     VAL PASS  MSCI_INDIA         inflation_z      lag= 30  m6_ic=0.0449
[20:17:29]     VAL PASS  MSCI_INDIA         banking_z        lag=  1  m6_ic=0.0740
[20:17:30]     VAL PASS  MSCI_INDIA         banking_z        lag= 30  m6_ic=0.0373
[20:17:31]     VAL PASS  CHINA_H_SHARES     oil_z            lag= 14  m6_ic=0.0819
[20:17:31]     VAL PASS  CHINA_H_SHARES     oil_z            lag= 30  m6_ic=0.1345
[20:17:32]     VAL PASS  CHINA_H_SHARES     rate_z           lag= 30  m6_ic=0.0634
[20:17:32]     VAL PASS  CHINA_H_SHARES     ruble_z          lag= 30  m6_ic=0.1047
[20:17:32]     VAL PASS  CHINA_H_SHARES     sanctions_z      lag=  7  m6_ic=0.0629
[20:17:32]     VAL PASS  CHINA_H_SHARES     inflation_z      lag=  7  m6_ic=0.0581
[20:17:32]     VAL PASS  CHINA_H_SHARES     inflation_z      lag= 14  m6_ic=0.0627
[20:17:33]     VAL PASS  CHINA_H_SHARES     inflation_z      lag= 30  m6_ic=0.0476
[20:17:33]     VAL PASS  CHINA_H_SHARES     banking_z        lag= 30  m6_ic=0.0314
[20:17:33]     VAL PASS  CHINA_H_SHARES     gold_z           lag= 14  m6_ic=0.0441
[20:17:34]     VAL PASS  CHINA_H_SHARES     gold_z           lag= 30  m6_ic=0.0597
[20:17:34]     VAL PASS  FTSE_CHINA_50      rate_z           lag=  1  m6_ic=0.0893
[20:17:34]     VAL PASS  FTSE_CHINA_50      rate_z           lag= 30  m6_ic=0.0603
[20:17:35]     VAL PASS  FTSE_CHINA_50      ruble_z          lag= 30  m6_ic=0.1202
[20:17:35]     VAL PASS  FTSE_CHINA_50      sanctions_z      lag=  7  m6_ic=0.0326
[20:17:35]     VAL PASS  FTSE_CHINA_50      inflation_z      lag= 30  m6_ic=0.1323
[20:17:36]     VAL PASS  FTSE_CHINA_50      banking_z        lag=  7  m6_ic=0.0824
[20:17:36]     VAL PASS  FTSE_CHINA_50      gold_z           lag= 14  m6_ic=0.0384
[20:17:36]     VAL PASS  FTSE_CHINA_50      gold_z           lag= 30  m6_ic=0.0801
[20:17:37]     VAL PASS  GOLD               oil_z            lag= 30  m6_ic=0.0961
[20:17:37]     VAL PASS  GOLD               rate_z           lag= 30  m6_ic=0.0734
[20:17:38]     VAL PASS  GOLD               sanctions_z      lag= 30  m6_ic=0.0315
[20:17:38]     VAL PASS  GOLD               inflation_z      lag= 14  m6_ic=0.0464
[20:17:39]     VAL PASS  GOLD               gold_z           lag=  7  m6_ic=0.0580
[20:17:39]     VAL PASS  GOLD               gold_z           lag= 30  m6_ic=0.0790
[20:17:39]     VAL PASS  SILVER             rate_z           lag=  1  m6_ic=0.0647
[20:17:40]     VAL PASS  SILVER             rate_z           lag=  7  m6_ic=0.0771
[20:17:40]     VAL PASS  SILVER             rate_z           lag= 30  m6_ic=0.0806
[20:17:40]     VAL PASS  SILVER             ruble_z          lag= 30  m6_ic=0.0839
[20:17:41]     VAL PASS  SILVER             sanctions_z      lag=  7  m6_ic=0.0307
[20:17:41]     VAL PASS  SILVER             sanctions_z      lag= 14  m6_ic=0.0913
[20:17:41]     VAL PASS  SILVER             sanctions_z      lag= 30  m6_ic=0.0898
[20:17:42]     VAL PASS  SILVER             gold_z           lag=  7  m6_ic=0.1005
[20:17:42]     VAL PASS  IMOEX              oil_z            lag=  1  m6_ic=0.1311
[20:17:43]     VAL PASS  IMOEX              oil_z            lag= 30  m6_ic=0.0792
[20:17:43]     VAL PASS  IMOEX              rate_z           lag= 14  m6_ic=0.0772
[20:17:43]     VAL PASS  IMOEX              rate_z           lag= 30  m6_ic=0.0553
[20:17:43]     VAL PASS  IMOEX              ruble_z          lag=  1  m6_ic=0.1524
[20:17:43]     VAL PASS  IMOEX              ruble_z          lag=  7  m6_ic=0.1041
[20:17:44]     VAL PASS  IMOEX              ruble_z          lag= 30  m6_ic=0.1248
[20:17:44]     VAL PASS  IMOEX              sanctions_z      lag=  1  m6_ic=0.1191
[20:17:44]     VAL PASS  IMOEX              sanctions_z      lag= 14  m6_ic=0.1461
[20:17:44]     VAL PASS  IMOEX              inflation_z      lag= 14  m6_ic=0.1065
[20:17:44]     VAL PASS  IMOEX              banking_z        lag=  7  m6_ic=0.1295
[20:17:45]     VAL PASS  IMOEX              gold_z           lag=  1  m6_ic=0.0559
[20:17:45]     VAL PASS  IMOEX              gold_z           lag=  7  m6_ic=0.0766
[20:17:45]     VAL PASS  MOEXFN             oil_z            lag=  1  m6_ic=0.0838
[20:17:46]     VAL PASS  MOEXFN             oil_z            lag= 14  m6_ic=0.0849
[20:17:46]     VAL PASS  MOEXFN             oil_z            lag= 30  m6_ic=0.0554
[20:17:46]     VAL PASS  MOEXFN             rate_z           lag=  1  m6_ic=0.0481
[20:17:46]     VAL PASS  MOEXFN             rate_z           lag=  7  m6_ic=0.0437
[20:17:47]     VAL PASS  MOEXFN             ruble_z          lag=  7  m6_ic=0.1015
[20:17:47]     VAL PASS  MOEXFN             sanctions_z      lag=  1  m6_ic=0.0834
[20:17:47]     VAL PASS  MOEXFN             sanctions_z      lag= 14  m6_ic=0.0918
[20:17:47]     VAL PASS  MOEXFN             sanctions_z      lag= 30  m6_ic=0.0696
[20:17:48]     VAL PASS  MOEXFN             inflation_z      lag=  7  m6_ic=0.0490
[20:17:48]     VAL PASS  MOEXFN             banking_z        lag=  1  m6_ic=0.0692
[20:17:48]     VAL PASS  MOEXFN             banking_z        lag=  7  m6_ic=0.1087
[20:17:49]     VAL PASS  MOEXFN             gold_z           lag= 30  m6_ic=0.0395
[20:17:49]     VAL PASS  MOEXOG             oil_z            lag=  1  m6_ic=0.0706
[20:17:49]     VAL PASS  MOEXOG             oil_z            lag= 30  m6_ic=0.0808
[20:17:49]     VAL PASS  MOEXOG             rate_z           lag=  1  m6_ic=0.0551
[20:17:50]     VAL PASS  MOEXOG             rate_z           lag= 14  m6_ic=0.0520
[20:17:50]     VAL PASS  MOEXOG             ruble_z          lag=  1  m6_ic=0.1357
[20:17:50]     VAL PASS  MOEXOG             ruble_z          lag= 14  m6_ic=0.1405
[20:17:50]     VAL PASS  MOEXOG             ruble_z          lag= 30  m6_ic=0.0940
[20:17:51]     VAL PASS  MOEXOG             sanctions_z      lag= 30  m6_ic=0.1019
[20:17:51]     VAL PASS  MOEXOG             inflation_z      lag= 14  m6_ic=0.1367
[20:17:51]     VAL PASS  MOEXOG             inflation_z      lag= 30  m6_ic=0.0812
[20:17:51]     VAL PASS  MOEXOG             banking_z        lag=  1  m6_ic=0.0469
[20:17:52]     VAL PASS  MOEXOG             gold_z           lag=  7  m6_ic=0.0341
[20:17:52]     VAL PASS  MOEX10             oil_z            lag=  1  m6_ic=0.0992
[20:17:52]     VAL PASS  MOEX10             oil_z            lag= 14  m6_ic=0.0833
[20:17:53]     VAL PASS  MOEX10             ruble_z          lag=  1  m6_ic=0.1609
[20:17:53]     VAL PASS  MOEX10             ruble_z          lag=  7  m6_ic=0.1066
[20:17:53]     VAL PASS  MOEX10             ruble_z          lag= 14  m6_ic=0.0661
[20:17:53]     VAL PASS  MOEX10             ruble_z          lag= 30  m6_ic=0.0592
[20:17:53]     VAL PASS  MOEX10             sanctions_z      lag=  1  m6_ic=0.0987
[20:17:54]     VAL PASS  MOEX10             sanctions_z      lag= 14  m6_ic=0.1194
[20:17:54]     VAL PASS  MOEX10             sanctions_z      lag= 30  m6_ic=0.0984
[20:17:54]     VAL PASS  MOEX10             inflation_z      lag=  7  m6_ic=0.0601
[20:17:54]     VAL PASS  MOEX10             inflation_z      lag= 14  m6_ic=0.1025
[20:17:55]     VAL PASS  MOEX10             inflation_z      lag= 30  m6_ic=0.0734
[20:17:55]     VAL PASS  MOEX10             banking_z        lag=  1  m6_ic=0.0713
[20:17:55]     VAL PASS  MOEX10             banking_z        lag=  7  m6_ic=0.1327
[20:17:55]     VAL PASS  MOEX10             gold_z           lag=  1  m6_ic=0.0462
[20:17:55]     VAL PASS  MOEX10             gold_z           lag=  7  m6_ic=0.0313
[20:17:56]     VAL PASS  MOEX10             gold_z           lag= 14  m6_ic=0.0887
[20:17:56]     Val: 169/256 held
[20:17:56]   → train=256  val=169  max_ic=0.1673  score=2720.0
[20:17:56] 
============================================================
[20:17:56] FINAL REPORT
[20:17:56] ============================================================
[20:17:56] Report: C:\project\signal_mind\analytics\phase_b\night_search\night_report_20260520_200111.md
[20:17:56] Hits CSV: C:\project\signal_mind\analytics\phase_b\night_search\night_hits_20260520_200111.csv
[20:17:56] 
[8/15] sweep_keyword_z30_abs_return  (budget=58min)
[20:17:56]   Config: sweep_keyword_z30_abs_return
[20:17:56]     feature=keyword_z30  target=abs_return  ensemble=M6_only  ic_min=0.03
[20:17:56]   HIT  SP500              oil_z            lag=  7 m5_p=0.8254  m6_ic=0.0637
[20:17:57]   HIT  SP500              oil_z            lag= 14 m5_p=0.7170  m6_ic=0.0936
[20:17:57]   HIT  SP500              oil_z            lag= 30 m5_p=0.2916  m6_ic=0.0516
[20:17:57]   HIT  SP500              rate_z           lag=  7 m5_p=0.7357  m6_ic=0.0370
[20:17:57]   HIT  SP500              rate_z           lag= 14 m5_p=0.9951  m6_ic=0.0679
[20:17:59]   HIT  SP500              ruble_z          lag= 30 m5_p=0.2154  m6_ic=0.0653
[20:17:59]   HIT  SP500              sanctions_z      lag= 14 m5_p=0.6295  m6_ic=0.0724
[20:18:00]   HIT  SP500              inflation_z      lag=  1 m5_p=0.5734  m6_ic=0.0578
[20:18:00]   HIT  SP500              inflation_z      lag=  7 m5_p=0.6216  m6_ic=0.0540
[20:18:01]   HIT  SP500              banking_z        lag=  7 m5_p=0.3767  m6_ic=0.0412
[20:18:01]   HIT  SP500              gold_z           lag=  7 m5_p=0.8404  m6_ic=0.1002
[20:18:02]   HIT  SP500              gold_z           lag= 14 m5_p=0.7661  m6_ic=0.0678
[20:18:02]   HIT  USD_RUB            oil_z            lag=  1 m5_p=0.5610  m6_ic=0.0303
[20:18:02]   HIT  USD_RUB            oil_z            lag=  7 m5_p=0.7301  m6_ic=0.0640
[20:18:02]   HIT  USD_RUB            oil_z            lag= 14 m5_p=0.5573  m6_ic=0.0307
[20:18:03]   HIT  USD_RUB            oil_z            lag= 30 m5_p=0.3761  m6_ic=0.0323
[20:18:03]   HIT  USD_RUB            rate_z           lag=  1 m5_p=0.9476  m6_ic=0.0959
[20:18:03]   HIT  USD_RUB            rate_z           lag= 14 m5_p=0.2823  m6_ic=0.0381
[20:18:04]   HIT  USD_RUB            ruble_z          lag=  1 m5_p=0.1170  m6_ic=0.0586
[20:18:04]   HIT  USD_RUB            ruble_z          lag=  7 m5_p=0.0983  m6_ic=0.0333
[20:18:04]   HIT  USD_RUB            ruble_z          lag= 14 m5_p=0.6695  m6_ic=0.1068
[20:18:04]   HIT  USD_RUB            ruble_z          lag= 30 m5_p=0.2572  m6_ic=0.0303
[20:18:05]   HIT  USD_RUB            sanctions_z      lag=  1 m5_p=0.1513  m6_ic=0.0917
[20:18:05]   HIT  USD_RUB            sanctions_z      lag=  7 m5_p=0.0612  m6_ic=0.0407
[20:18:05]   HIT  USD_RUB            sanctions_z      lag= 30 m5_p=0.0838  m6_ic=0.0403
[20:18:05]   HIT  USD_RUB            inflation_z      lag=  7 m5_p=0.4905  m6_ic=0.0813
[20:18:06]   HIT  USD_RUB            inflation_z      lag= 14 m5_p=0.2798  m6_ic=0.0500
[20:18:06]   HIT  USD_RUB            inflation_z      lag= 30 m5_p=0.6349  m6_ic=0.0538
[20:18:06]   HIT  USD_RUB            banking_z        lag=  1 m5_p=0.7376  m6_ic=0.0572
[20:18:06]   HIT  USD_RUB            banking_z        lag=  7 m5_p=0.1520  m6_ic=0.0568
[20:18:07]   HIT  USD_RUB            banking_z        lag= 30 m5_p=0.8190  m6_ic=0.0656
[20:18:08]   HIT  EUR_RUB            oil_z            lag=  1 m5_p=0.5610  m6_ic=0.0303
[20:18:08]   HIT  EUR_RUB            oil_z            lag=  7 m5_p=0.7301  m6_ic=0.0640
[20:18:08]   HIT  EUR_RUB            oil_z            lag= 14 m5_p=0.5573  m6_ic=0.0307
[20:18:08]   HIT  EUR_RUB            oil_z            lag= 30 m5_p=0.3761  m6_ic=0.0323
[20:18:09]   HIT  EUR_RUB            rate_z           lag=  1 m5_p=0.9476  m6_ic=0.0959
[20:18:09]   HIT  EUR_RUB            rate_z           lag= 14 m5_p=0.2823  m6_ic=0.0381
[20:18:09]   HIT  EUR_RUB            ruble_z          lag=  1 m5_p=0.1170  m6_ic=0.0586
[20:18:10]   HIT  EUR_RUB            ruble_z          lag=  7 m5_p=0.0983  m6_ic=0.0333
[20:18:10]   HIT  EUR_RUB            ruble_z          lag= 14 m5_p=0.6695  m6_ic=0.1068
[20:18:10]   HIT  EUR_RUB            ruble_z          lag= 30 m5_p=0.2572  m6_ic=0.0303
[20:18:10]   HIT  EUR_RUB            sanctions_z      lag=  1 m5_p=0.1513  m6_ic=0.0917
[20:18:10]   HIT  EUR_RUB            sanctions_z      lag=  7 m5_p=0.0612  m6_ic=0.0407
[20:18:11]   HIT  EUR_RUB            sanctions_z      lag= 30 m5_p=0.0838  m6_ic=0.0403
[20:18:11]   HIT  EUR_RUB            inflation_z      lag=  7 m5_p=0.4905  m6_ic=0.0813
[20:18:11]   HIT  EUR_RUB            inflation_z      lag= 14 m5_p=0.2798  m6_ic=0.0500
[20:18:12]   HIT  EUR_RUB            inflation_z      lag= 30 m5_p=0.6349  m6_ic=0.0538
[20:18:12]   HIT  EUR_RUB            banking_z        lag=  1 m5_p=0.7376  m6_ic=0.0572
[20:18:12]   HIT  EUR_RUB            banking_z        lag=  7 m5_p=0.1520  m6_ic=0.0568
[20:18:12]   HIT  EUR_RUB            banking_z        lag= 30 m5_p=0.8190  m6_ic=0.0656
[20:18:14]   HIT  DJ_SOUTH_AFRICA    oil_z            lag= 14 m5_p=0.2445  m6_ic=0.0489
[20:18:14]   HIT  DJ_SOUTH_AFRICA    rate_z           lag=  1 m5_p=0.6268  m6_ic=0.0775
[20:18:14]   HIT  DJ_SOUTH_AFRICA    rate_z           lag=  7 m5_p=0.8298  m6_ic=0.0342
[20:18:15]   HIT  DJ_SOUTH_AFRICA    rate_z           lag= 30 m5_p=0.6839  m6_ic=0.0726
[20:18:15]   HIT  DJ_SOUTH_AFRICA    ruble_z          lag=  1 m5_p=0.1001  m6_ic=0.0534
[20:18:15]   HIT  DJ_SOUTH_AFRICA    ruble_z          lag=  7 m5_p=0.4065  m6_ic=0.0595
[20:18:16]   HIT  DJ_SOUTH_AFRICA    ruble_z          lag= 30 m5_p=0.5463  m6_ic=0.0461
[20:18:16]   HIT  DJ_SOUTH_AFRICA    sanctions_z      lag=  1 m5_p=0.7442  m6_ic=0.0604
[20:18:16]   HIT  DJ_SOUTH_AFRICA    sanctions_z      lag= 14 m5_p=0.0128  m6_ic=0.0833
[20:18:16]   HIT  DJ_SOUTH_AFRICA    sanctions_z      lag= 30 m5_p=0.2280  m6_ic=0.1116
[20:18:17]   HIT  DJ_SOUTH_AFRICA    inflation_z      lag=  7 m5_p=0.0980  m6_ic=0.1431
[20:18:17]   HIT  DJ_SOUTH_AFRICA    banking_z        lag=  1 m5_p=0.3162  m6_ic=0.0328
[20:18:18]   HIT  DJ_SOUTH_AFRICA    banking_z        lag= 30 m5_p=0.2699  m6_ic=0.0477
[20:18:18]   HIT  DJ_SOUTH_AFRICA    gold_z           lag=  7 m5_p=0.8091  m6_ic=0.0329
[20:18:19]   HIT  DJ_SOUTH_AFRICA    gold_z           lag= 30 m5_p=0.8393  m6_ic=0.1079
[20:18:19]   HIT  MSCI_WORLD         oil_z            lag= 14 m5_p=0.2593  m6_ic=0.0384
[20:18:20]   HIT  MSCI_WORLD         rate_z           lag= 14 m5_p=0.5906  m6_ic=0.0762
[20:18:20]   HIT  MSCI_WORLD         rate_z           lag= 30 m5_p=0.7262  m6_ic=0.0625
[20:18:21]   HIT  MSCI_WORLD         ruble_z          lag=  1 m5_p=0.9537  m6_ic=0.0402
[20:18:21]   HIT  MSCI_WORLD         ruble_z          lag=  7 m5_p=0.8457  m6_ic=0.0720
[20:18:21]   HIT  MSCI_WORLD         sanctions_z      lag=  1 m5_p=0.8301  m6_ic=0.0666
[20:18:22]   HIT  MSCI_WORLD         sanctions_z      lag= 14 m5_p=0.0116  m6_ic=0.0751
[20:18:22]   HIT  MSCI_WORLD         inflation_z      lag=  1 m5_p=0.3657  m6_ic=0.0524
[20:18:24]   HIT  MSCI_WORLD         banking_z        lag= 30 m5_p=0.8740  m6_ic=0.0714
[20:18:24]   HIT  MSCI_WORLD         gold_z           lag= 14 m5_p=0.2426  m6_ic=0.0489
[20:18:25]   HIT  MSCI_WORLD         gold_z           lag= 30 m5_p=0.9033  m6_ic=0.1028
[20:18:25]   HIT  DXY                oil_z            lag=  1 m5_p=0.0363  m6_ic=0.0493
[20:18:25]   HIT  DXY                oil_z            lag=  7 m5_p=0.4332  m6_ic=0.0514
[20:18:26]   HIT  DXY                oil_z            lag= 30 m5_p=0.9929  m6_ic=0.0315
[20:18:26]   HIT  DXY                rate_z           lag=  1 m5_p=0.0870  m6_ic=0.0481
[20:18:26]   HIT  DXY                rate_z           lag=  7 m5_p=0.2159  m6_ic=0.0660
[20:18:26]   HIT  DXY                rate_z           lag= 14 m5_p=0.4269  m6_ic=0.0606
[20:18:26]   HIT  DXY                rate_z           lag= 30 m5_p=0.1851  m6_ic=0.0488
[20:18:27]   HIT  DXY                ruble_z          lag=  1 m5_p=0.5830  m6_ic=0.0457
[20:18:27]   HIT  DXY                ruble_z          lag= 14 m5_p=0.3215  m6_ic=0.0417
[20:18:28]   HIT  DXY                sanctions_z      lag= 30 m5_p=0.7737  m6_ic=0.0507
[20:18:28]   HIT  DXY                inflation_z      lag=  7 m5_p=0.3826  m6_ic=0.0533
[20:18:29]   HIT  DXY                inflation_z      lag= 14 m5_p=0.8770  m6_ic=0.0450
[20:18:29]   HIT  DXY                banking_z        lag=  1 m5_p=0.1827  m6_ic=0.0520
[20:18:29]   HIT  DXY                banking_z        lag=  7 m5_p=0.7330  m6_ic=0.0326
[20:18:30]   HIT  DXY                banking_z        lag= 14 m5_p=0.9784  m6_ic=0.0366
[20:18:30]   HIT  DXY                gold_z           lag=  7 m5_p=0.1562  m6_ic=0.0631
[20:18:30]   HIT  DXY                gold_z           lag= 14 m5_p=0.7091  m6_ic=0.0767
[20:18:31]   HIT  BRENT              oil_z            lag=  7 m5_p=0.7839  m6_ic=0.0578
[20:18:31]   HIT  BRENT              oil_z            lag= 30 m5_p=0.7896  m6_ic=0.0534
[20:18:32]   HIT  BRENT              rate_z           lag=  1 m5_p=0.4639  m6_ic=0.0489
[20:18:32]   HIT  BRENT              rate_z           lag= 30 m5_p=0.7557  m6_ic=0.1055
[20:18:32]   HIT  BRENT              ruble_z          lag=  1 m5_p=0.1300  m6_ic=0.0318
[20:18:33]   HIT  BRENT              ruble_z          lag=  7 m5_p=0.3462  m6_ic=0.0456
[20:18:33]   HIT  BRENT              ruble_z          lag= 14 m5_p=0.3931  m6_ic=0.0431
[20:18:33]   HIT  BRENT              ruble_z          lag= 30 m5_p=0.3398  m6_ic=0.0647
[20:18:33]   HIT  BRENT              sanctions_z      lag=  1 m5_p=0.9551  m6_ic=0.0360
[20:18:33]   HIT  BRENT              sanctions_z      lag=  7 m5_p=0.7252  m6_ic=0.0542
[20:18:34]   HIT  BRENT              sanctions_z      lag= 14 m5_p=0.2424  m6_ic=0.0325
[20:18:34]   HIT  BRENT              inflation_z      lag=  1 m5_p=0.3106  m6_ic=0.0379
[20:18:34]   HIT  BRENT              inflation_z      lag=  7 m5_p=0.8715  m6_ic=0.0712
[20:18:34]   HIT  BRENT              inflation_z      lag= 14 m5_p=0.9169  m6_ic=0.0952
[20:18:35]   HIT  BRENT              banking_z        lag=  1 m5_p=0.8083  m6_ic=0.0307
[20:18:36]   HIT  BRENT              gold_z           lag=  1 m5_p=0.2283  m6_ic=0.0394
[20:18:36]   HIT  BRENT              gold_z           lag=  7 m5_p=0.5565  m6_ic=0.0647
[20:18:36]   HIT  BRENT              gold_z           lag= 14 m5_p=0.4285  m6_ic=0.0621
[20:18:36]   HIT  BRENT              gold_z           lag= 30 m5_p=0.5484  m6_ic=0.0543
[20:18:37]   HIT  MSCI_INDIA         oil_z            lag= 30 m5_p=0.7651  m6_ic=0.0559
[20:18:37]   HIT  MSCI_INDIA         rate_z           lag=  7 m5_p=0.8927  m6_ic=0.1361
[20:18:38]   HIT  MSCI_INDIA         rate_z           lag= 14 m5_p=0.4433  m6_ic=0.0622
[20:18:38]   HIT  MSCI_INDIA         rate_z           lag= 30 m5_p=0.8638  m6_ic=0.0670
[20:18:38]   HIT  MSCI_INDIA         ruble_z          lag=  7 m5_p=0.4872  m6_ic=0.0582
[20:18:39]   HIT  MSCI_INDIA         ruble_z          lag= 30 m5_p=0.9102  m6_ic=0.0868
[20:18:39]   HIT  MSCI_INDIA         sanctions_z      lag=  7 m5_p=0.7171  m6_ic=0.0578
[20:18:39]   HIT  MSCI_INDIA         sanctions_z      lag= 14 m5_p=0.1846  m6_ic=0.0535
[20:18:39]   HIT  MSCI_INDIA         sanctions_z      lag= 30 m5_p=0.7792  m6_ic=0.0746
[20:18:40]   HIT  MSCI_INDIA         inflation_z      lag=  1 m5_p=0.6167  m6_ic=0.0647
[20:18:40]   HIT  MSCI_INDIA         inflation_z      lag= 14 m5_p=0.4628  m6_ic=0.0468
[20:18:40]   HIT  MSCI_INDIA         inflation_z      lag= 30 m5_p=0.6596  m6_ic=0.1025
[20:18:40]   HIT  MSCI_INDIA         banking_z        lag=  1 m5_p=0.5225  m6_ic=0.0366
[20:18:41]   HIT  MSCI_INDIA         banking_z        lag=  7 m5_p=0.8542  m6_ic=0.0774
[20:18:41]   HIT  MSCI_INDIA         banking_z        lag= 30 m5_p=0.5461  m6_ic=0.0413
[20:18:41]   HIT  MSCI_INDIA         gold_z           lag=  1 m5_p=0.6699  m6_ic=0.0731
[20:18:41]   HIT  MSCI_INDIA         gold_z           lag=  7 m5_p=0.7335  m6_ic=0.0816
[20:18:42]   HIT  MSCI_INDIA         gold_z           lag= 14 m5_p=0.2159  m6_ic=0.0415
[20:18:42]   HIT  CHINA_H_SHARES     oil_z            lag=  1 m5_p=0.5007  m6_ic=0.0682
[20:18:42]   HIT  CHINA_H_SHARES     oil_z            lag= 14 m5_p=0.9264  m6_ic=0.0303
[20:18:43]   HIT  CHINA_H_SHARES     oil_z            lag= 30 m5_p=0.7034  m6_ic=0.0355
[20:18:43]   HIT  CHINA_H_SHARES     rate_z           lag=  1 m5_p=0.0394  m6_ic=0.0625
[20:18:43]   HIT  CHINA_H_SHARES     rate_z           lag=  7 m5_p=0.9527  m6_ic=0.0309
[20:18:44]   HIT  CHINA_H_SHARES     rate_z           lag= 30 m5_p=0.2030  m6_ic=0.0536
[20:18:44]   HIT  CHINA_H_SHARES     ruble_z          lag= 30 m5_p=0.8266  m6_ic=0.1344
[20:18:45]   HIT  CHINA_H_SHARES     sanctions_z      lag=  7 m5_p=0.5359  m6_ic=0.0714
[20:18:45]   HIT  CHINA_H_SHARES     inflation_z      lag=  7 m5_p=0.2935  m6_ic=0.0476
[20:18:46]   HIT  CHINA_H_SHARES     inflation_z      lag= 14 m5_p=0.9861  m6_ic=0.0413
[20:18:46]   HIT  CHINA_H_SHARES     inflation_z      lag= 30 m5_p=0.3077  m6_ic=0.0691
[20:18:46]   HIT  CHINA_H_SHARES     banking_z        lag=  7 m5_p=0.9120  m6_ic=0.0448
[20:18:47]   HIT  CHINA_H_SHARES     banking_z        lag= 30 m5_p=0.9935  m6_ic=0.0303
[20:18:47]   HIT  CHINA_H_SHARES     gold_z           lag=  7 m5_p=0.2118  m6_ic=0.0623
[20:18:47]   HIT  CHINA_H_SHARES     gold_z           lag= 14 m5_p=0.3874  m6_ic=0.0751
[20:18:47]   HIT  CHINA_H_SHARES     gold_z           lag= 30 m5_p=0.8381  m6_ic=0.1381
[20:18:48]   HIT  FTSE_CHINA_50      oil_z            lag=  1 m5_p=0.4869  m6_ic=0.0508
[20:18:48]   HIT  FTSE_CHINA_50      oil_z            lag=  7 m5_p=0.5115  m6_ic=0.0432
[20:18:48]   HIT  FTSE_CHINA_50      rate_z           lag=  1 m5_p=0.0335  m6_ic=0.0535
[20:18:49]   HIT  FTSE_CHINA_50      rate_z           lag= 30 m5_p=0.1565  m6_ic=0.0537
[20:18:50]   HIT  FTSE_CHINA_50      ruble_z          lag= 30 m5_p=0.6544  m6_ic=0.1647
[20:18:50]   HIT  FTSE_CHINA_50      sanctions_z      lag=  7 m5_p=0.4652  m6_ic=0.0412
[20:18:50]   HIT  FTSE_CHINA_50      sanctions_z      lag= 14 m5_p=0.6119  m6_ic=0.0333
[20:18:51]   HIT  FTSE_CHINA_50      inflation_z      lag=  7 m5_p=0.1893  m6_ic=0.0572
[20:18:51]   HIT  FTSE_CHINA_50      inflation_z      lag= 30 m5_p=0.2971  m6_ic=0.0659
[20:18:52]   HIT  FTSE_CHINA_50      banking_z        lag=  7 m5_p=0.9990  m6_ic=0.0715
[20:18:52]   HIT  FTSE_CHINA_50      banking_z        lag= 30 m5_p=0.6948  m6_ic=0.0381
[20:18:53]   HIT  FTSE_CHINA_50      gold_z           lag= 14 m5_p=0.4126  m6_ic=0.0722
[20:18:53]   HIT  FTSE_CHINA_50      gold_z           lag= 30 m5_p=0.6982  m6_ic=0.1673
[20:18:53]   HIT  GOLD               oil_z            lag= 14 m5_p=0.9423  m6_ic=0.0494
[20:18:54]   HIT  GOLD               oil_z            lag= 30 m5_p=0.8657  m6_ic=0.0466
[20:18:54]   HIT  GOLD               rate_z           lag= 14 m5_p=0.2299  m6_ic=0.0556
[20:18:54]   HIT  GOLD               rate_z           lag= 30 m5_p=0.8995  m6_ic=0.0703
[20:18:55]   HIT  GOLD               ruble_z          lag=  7 m5_p=0.8962  m6_ic=0.0833
[20:18:55]   HIT  GOLD               ruble_z          lag= 30 m5_p=0.5798  m6_ic=0.1072
[20:18:56]   HIT  GOLD               sanctions_z      lag= 30 m5_p=0.0589  m6_ic=0.0337
[20:18:56]   HIT  GOLD               inflation_z      lag=  1 m5_p=0.2236  m6_ic=0.0706
[20:18:56]   HIT  GOLD               inflation_z      lag=  7 m5_p=0.0360  m6_ic=0.0828
[20:18:56]   HIT  GOLD               inflation_z      lag= 14 m5_p=0.2796  m6_ic=0.0821
[20:18:57]   HIT  GOLD               banking_z        lag=  7 m5_p=0.1881  m6_ic=0.0517
[20:18:58]   HIT  GOLD               gold_z           lag=  7 m5_p=0.8343  m6_ic=0.0883
[20:18:58]   HIT  GOLD               gold_z           lag= 14 m5_p=0.0620  m6_ic=0.0426
[20:18:58]   HIT  GOLD               gold_z           lag= 30 m5_p=0.4217  m6_ic=0.1003
[20:18:59]   HIT  SILVER             oil_z            lag= 30 m5_p=0.5578  m6_ic=0.0395
[20:18:59]   HIT  SILVER             rate_z           lag=  1 m5_p=0.3262  m6_ic=0.1287
[20:18:59]   HIT  SILVER             rate_z           lag=  7 m5_p=0.4661  m6_ic=0.1086
[20:19:00]   HIT  SILVER             rate_z           lag= 30 m5_p=0.3550  m6_ic=0.0769
[20:19:00]   HIT  SILVER             ruble_z          lag=  7 m5_p=0.4738  m6_ic=0.1011
[20:19:00]   HIT  SILVER             ruble_z          lag= 30 m5_p=0.9263  m6_ic=0.1441
[20:19:01]   HIT  SILVER             sanctions_z      lag=  1 m5_p=0.0249  m6_ic=0.0386
[20:19:01]   HIT  SILVER             sanctions_z      lag=  7 m5_p=0.7252  m6_ic=0.0312
[20:19:01]   HIT  SILVER             sanctions_z      lag= 14 m5_p=0.1365  m6_ic=0.0670
[20:19:01]   HIT  SILVER             sanctions_z      lag= 30 m5_p=0.2364  m6_ic=0.0555
[20:19:01]   HIT  SILVER             inflation_z      lag=  7 m5_p=0.3122  m6_ic=0.1119
[20:19:02]   HIT  SILVER             inflation_z      lag= 30 m5_p=0.6434  m6_ic=0.0400
[20:19:02]   HIT  SILVER             banking_z        lag=  1 m5_p=0.7370  m6_ic=0.0924
[20:19:02]   HIT  SILVER             banking_z        lag=  7 m5_p=0.5184  m6_ic=0.0301
[20:19:03]   HIT  SILVER             gold_z           lag=  1 m5_p=0.0584  m6_ic=0.0631
[20:19:03]   HIT  SILVER             gold_z           lag=  7 m5_p=0.7577  m6_ic=0.0361
[20:19:03]   HIT  SILVER             gold_z           lag= 30 m5_p=0.4651  m6_ic=0.0403
[20:19:04]   HIT  IMOEX              oil_z            lag=  1 m5_p=0.3571  m6_ic=0.0696
[20:19:04]   HIT  IMOEX              oil_z            lag= 30 m5_p=0.6406  m6_ic=0.0514
[20:19:05]   HIT  IMOEX              rate_z           lag= 14 m5_p=0.2562  m6_ic=0.0502
[20:19:05]   HIT  IMOEX              rate_z           lag= 30 m5_p=0.6107  m6_ic=0.1322
[20:19:05]   HIT  IMOEX              ruble_z          lag=  1 m5_p=0.9408  m6_ic=0.0597
[20:19:05]   HIT  IMOEX              ruble_z          lag=  7 m5_p=0.0458  m6_ic=0.0690
[20:19:06]   HIT  IMOEX              ruble_z          lag= 30 m5_p=0.9180  m6_ic=0.0665
[20:19:06]   HIT  IMOEX              sanctions_z      lag=  1 m5_p=0.2181  m6_ic=0.0803
[20:19:06]   HIT  IMOEX              sanctions_z      lag= 14 m5_p=0.6950  m6_ic=0.0354
[20:19:07]   HIT  IMOEX              inflation_z      lag= 14 m5_p=0.5925  m6_ic=0.0569
[20:19:08]   HIT  IMOEX              banking_z        lag=  7 m5_p=0.2841  m6_ic=0.0595
[20:19:08]   HIT  IMOEX              banking_z        lag= 30 m5_p=0.1178  m6_ic=0.0730
[20:19:08]   HIT  IMOEX              gold_z           lag=  1 m5_p=0.4821  m6_ic=0.0339
[20:19:09]   HIT  IMOEX              gold_z           lag=  7 m5_p=0.4466  m6_ic=0.0328
[20:19:09]   HIT  IMOEX              gold_z           lag= 30 m5_p=0.2917  m6_ic=0.0386
[20:19:09]   HIT  MOEXFN             oil_z            lag=  1 m5_p=0.5560  m6_ic=0.0727
[20:19:10]   HIT  MOEXFN             oil_z            lag= 14 m5_p=0.6731  m6_ic=0.0373
[20:19:10]   HIT  MOEXFN             oil_z            lag= 30 m5_p=0.9520  m6_ic=0.0368
[20:19:10]   HIT  MOEXFN             rate_z           lag=  1 m5_p=0.5857  m6_ic=0.0614
[20:19:10]   HIT  MOEXFN             rate_z           lag=  7 m5_p=0.0649  m6_ic=0.0671
[20:19:11]   HIT  MOEXFN             rate_z           lag= 30 m5_p=0.6743  m6_ic=0.0361
[20:19:11]   HIT  MOEXFN             ruble_z          lag=  7 m5_p=0.2908  m6_ic=0.0524
[20:19:12]   HIT  MOEXFN             sanctions_z      lag=  1 m5_p=0.0248  m6_ic=0.0434
[20:19:12]   HIT  MOEXFN             sanctions_z      lag=  7 m5_p=0.7560  m6_ic=0.0796
[20:19:12]   HIT  MOEXFN             sanctions_z      lag= 14 m5_p=0.4188  m6_ic=0.0373
[20:19:12]   HIT  MOEXFN             sanctions_z      lag= 30 m5_p=0.7065  m6_ic=0.0382
[20:19:12]   HIT  MOEXFN             inflation_z      lag=  7 m5_p=0.1289  m6_ic=0.0524
[20:19:13]   HIT  MOEXFN             banking_z        lag=  1 m5_p=0.9847  m6_ic=0.0305
[20:19:13]   HIT  MOEXFN             banking_z        lag=  7 m5_p=0.6786  m6_ic=0.1007
[20:19:14]   HIT  MOEXFN             banking_z        lag= 14 m5_p=0.2242  m6_ic=0.0325
[20:19:14]   HIT  MOEXFN             banking_z        lag= 30 m5_p=0.3350  m6_ic=0.0362
[20:19:14]   HIT  MOEXFN             gold_z           lag=  1 m5_p=0.4996  m6_ic=0.0451
[20:19:15]   HIT  MOEXFN             gold_z           lag= 30 m5_p=0.7046  m6_ic=0.0342
[20:19:15]   HIT  MOEXOG             oil_z            lag=  1 m5_p=0.3724  m6_ic=0.0631
[20:19:15]   HIT  MOEXOG             oil_z            lag= 30 m5_p=0.4142  m6_ic=0.0327
[20:19:16]   HIT  MOEXOG             rate_z           lag=  1 m5_p=0.4612  m6_ic=0.0707
[20:19:16]   HIT  MOEXOG             rate_z           lag= 14 m5_p=0.2424  m6_ic=0.0662
[20:19:16]   HIT  MOEXOG             ruble_z          lag=  1 m5_p=0.8949  m6_ic=0.1057
[20:19:17]   HIT  MOEXOG             ruble_z          lag= 14 m5_p=0.7465  m6_ic=0.0580
[20:19:17]   HIT  MOEXOG             ruble_z          lag= 30 m5_p=0.7976  m6_ic=0.0729
[20:19:18]   HIT  MOEXOG             sanctions_z      lag= 30 m5_p=0.9910  m6_ic=0.0468
[20:19:18]   HIT  MOEXOG             inflation_z      lag= 14 m5_p=0.8699  m6_ic=0.0607
[20:19:18]   HIT  MOEXOG             inflation_z      lag= 30 m5_p=0.6597  m6_ic=0.0801
[20:19:19]   HIT  MOEXOG             banking_z        lag=  1 m5_p=0.6315  m6_ic=0.0497
[20:19:19]   HIT  MOEXOG             gold_z           lag=  1 m5_p=0.3783  m6_ic=0.0514
[20:19:20]   HIT  MOEXOG             gold_z           lag=  7 m5_p=0.5586  m6_ic=0.0352
[20:19:20]   HIT  MOEX10             oil_z            lag=  1 m5_p=0.5139  m6_ic=0.0434
[20:19:20]   HIT  MOEX10             oil_z            lag=  7 m5_p=0.5069  m6_ic=0.0678
[20:19:21]   HIT  MOEX10             oil_z            lag= 14 m5_p=0.9103  m6_ic=0.0741
[20:19:22]   HIT  MOEX10             rate_z           lag= 30 m5_p=0.7390  m6_ic=0.0537
[20:19:22]   HIT  MOEX10             ruble_z          lag=  1 m5_p=0.6965  m6_ic=0.0453
[20:19:22]   HIT  MOEX10             ruble_z          lag=  7 m5_p=0.2110  m6_ic=0.0537
[20:19:22]   HIT  MOEX10             ruble_z          lag= 14 m5_p=0.6922  m6_ic=0.0383
[20:19:22]   HIT  MOEX10             ruble_z          lag= 30 m5_p=0.9554  m6_ic=0.0429
[20:19:23]   HIT  MOEX10             sanctions_z      lag=  1 m5_p=0.1513  m6_ic=0.0704
[20:19:23]   HIT  MOEX10             sanctions_z      lag=  7 m5_p=0.3906  m6_ic=0.0342
[20:19:23]   HIT  MOEX10             sanctions_z      lag= 14 m5_p=0.3927  m6_ic=0.0471
[20:19:23]   HIT  MOEX10             sanctions_z      lag= 30 m5_p=0.5885  m6_ic=0.0451
[20:19:24]   HIT  MOEX10             inflation_z      lag=  7 m5_p=0.1923  m6_ic=0.0489
[20:19:24]   HIT  MOEX10             inflation_z      lag= 14 m5_p=0.7230  m6_ic=0.0916
[20:19:24]   HIT  MOEX10             inflation_z      lag= 30 m5_p=0.7268  m6_ic=0.0455
[20:19:24]   HIT  MOEX10             banking_z        lag=  1 m5_p=0.8517  m6_ic=0.0351
[20:19:24]   HIT  MOEX10             banking_z        lag=  7 m5_p=0.3048  m6_ic=0.0330
[20:19:25]   HIT  MOEX10             gold_z           lag=  1 m5_p=0.6710  m6_ic=0.0428
[20:19:25]   HIT  MOEX10             gold_z           lag=  7 m5_p=0.2770  m6_ic=0.0721
[20:19:25]   HIT  MOEX10             gold_z           lag= 14 m5_p=0.9879  m6_ic=0.0520
[20:19:26]     Train: 256 signals
[20:19:26]     Val holdout (256 candidates)...
[20:19:26]     VAL PASS  SP500              oil_z            lag=  7  m6_ic=0.1011
[20:19:26]     VAL PASS  SP500              oil_z            lag= 14  m6_ic=0.0545
[20:19:27]     VAL PASS  SP500              sanctions_z      lag= 14  m6_ic=0.0620
[20:19:27]     VAL PASS  SP500              inflation_z      lag=  1  m6_ic=0.0769
[20:19:27]     VAL PASS  SP500              inflation_z      lag=  7  m6_ic=0.0609
[20:19:28]     VAL PASS  SP500              banking_z        lag=  7  m6_ic=0.0528
[20:19:28]     VAL PASS  SP500              gold_z           lag=  7  m6_ic=0.0639
[20:19:28]     VAL PASS  SP500              gold_z           lag= 14  m6_ic=0.0975
[20:19:28]     VAL PASS  USD_RUB            oil_z            lag=  1  m6_ic=0.0833
[20:19:28]     VAL PASS  USD_RUB            oil_z            lag=  7  m6_ic=0.0905
[20:19:29]     VAL PASS  USD_RUB            oil_z            lag= 14  m6_ic=0.0654
[20:19:29]     VAL PASS  USD_RUB            oil_z            lag= 30  m6_ic=0.0777
[20:19:29]     VAL PASS  USD_RUB            rate_z           lag= 14  m6_ic=0.0451
[20:19:31]     VAL PASS  USD_RUB            inflation_z      lag=  7  m6_ic=0.1676
[20:19:31]     VAL PASS  USD_RUB            inflation_z      lag= 30  m6_ic=0.0647
[20:19:32]     VAL PASS  USD_RUB            banking_z        lag=  7  m6_ic=0.0651
[20:19:32]     VAL PASS  EUR_RUB            oil_z            lag=  1  m6_ic=0.0833
[20:19:32]     VAL PASS  EUR_RUB            oil_z            lag=  7  m6_ic=0.0905
[20:19:32]     VAL PASS  EUR_RUB            oil_z            lag= 14  m6_ic=0.0654
[20:19:33]     VAL PASS  EUR_RUB            oil_z            lag= 30  m6_ic=0.0777
[20:19:33]     VAL PASS  EUR_RUB            rate_z           lag= 14  m6_ic=0.0451
[20:19:35]     VAL PASS  EUR_RUB            inflation_z      lag=  7  m6_ic=0.1676
[20:19:35]     VAL PASS  EUR_RUB            inflation_z      lag= 30  m6_ic=0.0647
[20:19:36]     VAL PASS  EUR_RUB            banking_z        lag=  7  m6_ic=0.0651
[20:19:36]     VAL PASS  DJ_SOUTH_AFRICA    oil_z            lag= 14  m6_ic=0.0918
[20:19:36]     VAL PASS  DJ_SOUTH_AFRICA    rate_z           lag=  1  m6_ic=0.0730
[20:19:37]     VAL PASS  DJ_SOUTH_AFRICA    rate_z           lag= 30  m6_ic=0.0806
[20:19:37]     VAL PASS  DJ_SOUTH_AFRICA    ruble_z          lag=  1  m6_ic=0.0687
[20:19:37]     VAL PASS  DJ_SOUTH_AFRICA    ruble_z          lag=  7  m6_ic=0.0321
[20:19:38]     VAL PASS  DJ_SOUTH_AFRICA    sanctions_z      lag=  1  m6_ic=0.0403
[20:19:38]     VAL PASS  DJ_SOUTH_AFRICA    sanctions_z      lag= 14  m6_ic=0.0649
[20:19:38]     VAL PASS  DJ_SOUTH_AFRICA    sanctions_z      lag= 30  m6_ic=0.1084
[20:19:38]     VAL PASS  DJ_SOUTH_AFRICA    inflation_z      lag=  7  m6_ic=0.0890
[20:19:38]     VAL PASS  DJ_SOUTH_AFRICA    banking_z        lag=  1  m6_ic=0.0834
[20:19:39]     VAL PASS  DJ_SOUTH_AFRICA    banking_z        lag= 30  m6_ic=0.0524
[20:19:39]     VAL PASS  DJ_SOUTH_AFRICA    gold_z           lag=  7  m6_ic=0.0344
[20:19:39]     VAL PASS  DJ_SOUTH_AFRICA    gold_z           lag= 30  m6_ic=0.0782
[20:19:40]     VAL PASS  MSCI_WORLD         rate_z           lag= 30  m6_ic=0.1301
[20:19:40]     VAL PASS  MSCI_WORLD         ruble_z          lag=  1  m6_ic=0.0343
[20:19:40]     VAL PASS  MSCI_WORLD         ruble_z          lag=  7  m6_ic=0.0589
[20:19:40]     VAL PASS  MSCI_WORLD         sanctions_z      lag=  1  m6_ic=0.0843
[20:19:41]     VAL PASS  MSCI_WORLD         inflation_z      lag=  1  m6_ic=0.0905
[20:19:41]     VAL PASS  MSCI_WORLD         banking_z        lag= 30  m6_ic=0.0447
[20:19:41]     VAL PASS  MSCI_WORLD         gold_z           lag= 14  m6_ic=0.0447
[20:19:41]     VAL PASS  MSCI_WORLD         gold_z           lag= 30  m6_ic=0.0346
[20:19:41]     VAL PASS  DXY                oil_z            lag=  1  m6_ic=0.0744
[20:19:42]     VAL PASS  DXY                oil_z            lag= 30  m6_ic=0.1209
[20:19:42]     VAL PASS  DXY                rate_z           lag=  7  m6_ic=0.0505
[20:19:42]     VAL PASS  DXY                rate_z           lag= 14  m6_ic=0.0737
[20:19:43]     VAL PASS  DXY                rate_z           lag= 30  m6_ic=0.0588
[20:19:43]     VAL PASS  DXY                ruble_z          lag=  1  m6_ic=0.1166
[20:19:43]     VAL PASS  DXY                sanctions_z      lag= 30  m6_ic=0.0454
[20:19:44]     VAL PASS  DXY                inflation_z      lag=  7  m6_ic=0.0523
[20:19:44]     VAL PASS  DXY                inflation_z      lag= 14  m6_ic=0.0854
[20:19:44]     VAL PASS  DXY                banking_z        lag=  1  m6_ic=0.0692
[20:19:44]     VAL PASS  DXY                banking_z        lag=  7  m6_ic=0.0691
[20:19:44]     VAL PASS  DXY                banking_z        lag= 14  m6_ic=0.0665
[20:19:45]     VAL PASS  DXY                gold_z           lag= 14  m6_ic=0.0577
[20:19:45]     VAL PASS  BRENT              rate_z           lag=  1  m6_ic=0.0793
[20:19:45]     VAL PASS  BRENT              rate_z           lag= 30  m6_ic=0.0572
[20:19:46]     VAL PASS  BRENT              ruble_z          lag=  1  m6_ic=0.0634
[20:19:46]     VAL PASS  BRENT              ruble_z          lag=  7  m6_ic=0.0466
[20:19:46]     VAL PASS  BRENT              ruble_z          lag= 14  m6_ic=0.0378
[20:19:46]     VAL PASS  BRENT              sanctions_z      lag=  1  m6_ic=0.0554
[20:19:47]     VAL PASS  BRENT              sanctions_z      lag=  7  m6_ic=0.0620
[20:19:47]     VAL PASS  BRENT              inflation_z      lag=  1  m6_ic=0.0478
[20:19:47]     VAL PASS  BRENT              inflation_z      lag=  7  m6_ic=0.1761
[20:19:47]     VAL PASS  BRENT              inflation_z      lag= 14  m6_ic=0.0414
[20:19:48]     VAL PASS  BRENT              banking_z        lag=  1  m6_ic=0.0363
[20:19:48]     VAL PASS  BRENT              gold_z           lag=  7  m6_ic=0.0345
[20:19:48]     VAL PASS  BRENT              gold_z           lag= 14  m6_ic=0.0691
[20:19:49]     VAL PASS  MSCI_INDIA         rate_z           lag= 14  m6_ic=0.0335
[20:19:50]     VAL PASS  MSCI_INDIA         ruble_z          lag= 30  m6_ic=0.1518
[20:19:50]     VAL PASS  MSCI_INDIA         sanctions_z      lag=  7  m6_ic=0.0641
[20:19:50]     VAL PASS  MSCI_INDIA         sanctions_z      lag= 14  m6_ic=0.1376
[20:19:50]     VAL PASS  MSCI_INDIA         sanctions_z      lag= 30  m6_ic=0.1001
[20:19:50]     VAL PASS  MSCI_INDIA         inflation_z      lag=  1  m6_ic=0.0539
[20:19:51]     VAL PASS  MSCI_INDIA         inflation_z      lag= 14  m6_ic=0.0767
[20:19:51]     VAL PASS  MSCI_INDIA         inflation_z      lag= 30  m6_ic=0.0449
[20:19:51]     VAL PASS  MSCI_INDIA         banking_z        lag=  1  m6_ic=0.0740
[20:19:51]     VAL PASS  MSCI_INDIA         banking_z        lag= 30  m6_ic=0.0373
[20:19:52]     VAL PASS  CHINA_H_SHARES     oil_z            lag= 14  m6_ic=0.0819
[20:19:53]     VAL PASS  CHINA_H_SHARES     oil_z            lag= 30  m6_ic=0.1345
[20:19:53]     VAL PASS  CHINA_H_SHARES     rate_z           lag= 30  m6_ic=0.0634
[20:19:53]     VAL PASS  CHINA_H_SHARES     ruble_z          lag= 30  m6_ic=0.1047
[20:19:54]     VAL PASS  CHINA_H_SHARES     sanctions_z      lag=  7  m6_ic=0.0629
[20:19:54]     VAL PASS  CHINA_H_SHARES     inflation_z      lag=  7  m6_ic=0.0581
[20:19:54]     VAL PASS  CHINA_H_SHARES     inflation_z      lag= 14  m6_ic=0.0627
[20:19:54]     VAL PASS  CHINA_H_SHARES     inflation_z      lag= 30  m6_ic=0.0476
[20:19:55]     VAL PASS  CHINA_H_SHARES     banking_z        lag= 30  m6_ic=0.0314
[20:19:55]     VAL PASS  CHINA_H_SHARES     gold_z           lag= 14  m6_ic=0.0441
[20:19:55]     VAL PASS  CHINA_H_SHARES     gold_z           lag= 30  m6_ic=0.0597
[20:19:56]     VAL PASS  FTSE_CHINA_50      rate_z           lag=  1  m6_ic=0.0893
[20:19:56]     VAL PASS  FTSE_CHINA_50      rate_z           lag= 30  m6_ic=0.0603
[20:19:56]     VAL PASS  FTSE_CHINA_50      ruble_z          lag= 30  m6_ic=0.1202
[20:19:56]     VAL PASS  FTSE_CHINA_50      sanctions_z      lag=  7  m6_ic=0.0326
[20:19:57]     VAL PASS  FTSE_CHINA_50      inflation_z      lag= 30  m6_ic=0.1323
[20:19:57]     VAL PASS  FTSE_CHINA_50      banking_z        lag=  7  m6_ic=0.0824
[20:19:58]     VAL PASS  FTSE_CHINA_50      gold_z           lag= 14  m6_ic=0.0384
[20:19:58]     VAL PASS  FTSE_CHINA_50      gold_z           lag= 30  m6_ic=0.0801
[20:19:58]     VAL PASS  GOLD               oil_z            lag= 30  m6_ic=0.0961
[20:19:59]     VAL PASS  GOLD               rate_z           lag= 30  m6_ic=0.0734
[20:19:59]     VAL PASS  GOLD               sanctions_z      lag= 30  m6_ic=0.0315
[20:20:00]     VAL PASS  GOLD               inflation_z      lag= 14  m6_ic=0.0464
[20:20:00]     VAL PASS  GOLD               gold_z           lag=  7  m6_ic=0.0580
[20:20:01]     VAL PASS  GOLD               gold_z           lag= 30  m6_ic=0.0790
[20:20:01]     VAL PASS  SILVER             rate_z           lag=  1  m6_ic=0.0647
[20:20:01]     VAL PASS  SILVER             rate_z           lag=  7  m6_ic=0.0771
[20:20:01]     VAL PASS  SILVER             rate_z           lag= 30  m6_ic=0.0806
[20:20:02]     VAL PASS  SILVER             ruble_z          lag= 30  m6_ic=0.0839
[20:20:02]     VAL PASS  SILVER             sanctions_z      lag=  7  m6_ic=0.0307
[20:20:02]     VAL PASS  SILVER             sanctions_z      lag= 14  m6_ic=0.0913
[20:20:03]     VAL PASS  SILVER             sanctions_z      lag= 30  m6_ic=0.0898
[20:20:04]     VAL PASS  SILVER             gold_z           lag=  7  m6_ic=0.1005
[20:20:04]     VAL PASS  IMOEX              oil_z            lag=  1  m6_ic=0.1311
[20:20:04]     VAL PASS  IMOEX              oil_z            lag= 30  m6_ic=0.0792
[20:20:04]     VAL PASS  IMOEX              rate_z           lag= 14  m6_ic=0.0772
[20:20:05]     VAL PASS  IMOEX              rate_z           lag= 30  m6_ic=0.0553
[20:20:05]     VAL PASS  IMOEX              ruble_z          lag=  1  m6_ic=0.1524
[20:20:05]     VAL PASS  IMOEX              ruble_z          lag=  7  m6_ic=0.1041
[20:20:05]     VAL PASS  IMOEX              ruble_z          lag= 30  m6_ic=0.1248
[20:20:06]     VAL PASS  IMOEX              sanctions_z      lag=  1  m6_ic=0.1191
[20:20:06]     VAL PASS  IMOEX              sanctions_z      lag= 14  m6_ic=0.1461
[20:20:06]     VAL PASS  IMOEX              inflation_z      lag= 14  m6_ic=0.1065
[20:20:06]     VAL PASS  IMOEX              banking_z        lag=  7  m6_ic=0.1295
[20:20:06]     VAL PASS  IMOEX              gold_z           lag=  1  m6_ic=0.0559
[20:20:07]     VAL PASS  IMOEX              gold_z           lag=  7  m6_ic=0.0766
[20:20:07]     VAL PASS  MOEXFN             oil_z            lag=  1  m6_ic=0.0838
[20:20:07]     VAL PASS  MOEXFN             oil_z            lag= 14  m6_ic=0.0849
[20:20:07]     VAL PASS  MOEXFN             oil_z            lag= 30  m6_ic=0.0554
[20:20:08]     VAL PASS  MOEXFN             rate_z           lag=  1  m6_ic=0.0481
[20:20:08]     VAL PASS  MOEXFN             rate_z           lag=  7  m6_ic=0.0437
[20:20:08]     VAL PASS  MOEXFN             ruble_z          lag=  7  m6_ic=0.1015
[20:20:08]     VAL PASS  MOEXFN             sanctions_z      lag=  1  m6_ic=0.0834
[20:20:09]     VAL PASS  MOEXFN             sanctions_z      lag= 14  m6_ic=0.0918
[20:20:09]     VAL PASS  MOEXFN             sanctions_z      lag= 30  m6_ic=0.0696
[20:20:09]     VAL PASS  MOEXFN             inflation_z      lag=  7  m6_ic=0.0490
[20:20:09]     VAL PASS  MOEXFN             banking_z        lag=  1  m6_ic=0.0692
[20:20:10]     VAL PASS  MOEXFN             banking_z        lag=  7  m6_ic=0.1087
[20:20:10]     VAL PASS  MOEXFN             gold_z           lag= 30  m6_ic=0.0395
[20:20:11]     VAL PASS  MOEXOG             oil_z            lag=  1  m6_ic=0.0706
[20:20:11]     VAL PASS  MOEXOG             oil_z            lag= 30  m6_ic=0.0808
[20:20:11]     VAL PASS  MOEXOG             rate_z           lag=  1  m6_ic=0.0551
[20:20:11]     VAL PASS  MOEXOG             rate_z           lag= 14  m6_ic=0.0520
[20:20:11]     VAL PASS  MOEXOG             ruble_z          lag=  1  m6_ic=0.1357
[20:20:12]     VAL PASS  MOEXOG             ruble_z          lag= 14  m6_ic=0.1405
[20:20:12]     VAL PASS  MOEXOG             ruble_z          lag= 30  m6_ic=0.0940
[20:20:12]     VAL PASS  MOEXOG             sanctions_z      lag= 30  m6_ic=0.1019
[20:20:12]     VAL PASS  MOEXOG             inflation_z      lag= 14  m6_ic=0.1367
[20:20:12]     VAL PASS  MOEXOG             inflation_z      lag= 30  m6_ic=0.0812
[20:20:13]     VAL PASS  MOEXOG             banking_z        lag=  1  m6_ic=0.0469
[20:20:13]     VAL PASS  MOEXOG             gold_z           lag=  7  m6_ic=0.0341
[20:20:13]     VAL PASS  MOEX10             oil_z            lag=  1  m6_ic=0.0992
[20:20:14]     VAL PASS  MOEX10             oil_z            lag= 14  m6_ic=0.0833
[20:20:14]     VAL PASS  MOEX10             ruble_z          lag=  1  m6_ic=0.1609
[20:20:14]     VAL PASS  MOEX10             ruble_z          lag=  7  m6_ic=0.1066
[20:20:14]     VAL PASS  MOEX10             ruble_z          lag= 14  m6_ic=0.0661
[20:20:15]     VAL PASS  MOEX10             ruble_z          lag= 30  m6_ic=0.0592
[20:20:15]     VAL PASS  MOEX10             sanctions_z      lag=  1  m6_ic=0.0987
[20:20:15]     VAL PASS  MOEX10             sanctions_z      lag= 14  m6_ic=0.1194
[20:20:15]     VAL PASS  MOEX10             sanctions_z      lag= 30  m6_ic=0.0984
[20:20:16]     VAL PASS  MOEX10             inflation_z      lag=  7  m6_ic=0.0601
[20:20:16]     VAL PASS  MOEX10             inflation_z      lag= 14  m6_ic=0.1025
[20:20:16]     VAL PASS  MOEX10             inflation_z      lag= 30  m6_ic=0.0734
[20:20:16]     VAL PASS  MOEX10             banking_z        lag=  1  m6_ic=0.0713
[20:20:16]     VAL PASS  MOEX10             banking_z        lag=  7  m6_ic=0.1327
[20:20:17]     VAL PASS  MOEX10             gold_z           lag=  1  m6_ic=0.0462
[20:20:17]     VAL PASS  MOEX10             gold_z           lag=  7  m6_ic=0.0313
[20:20:17]     VAL PASS  MOEX10             gold_z           lag= 14  m6_ic=0.0887
[20:20:17]     Val: 169/256 held
[20:20:17]   → train=256  val=169  max_ic=0.1673  score=2720.0
[20:20:17] 
============================================================
[20:20:17] FINAL REPORT
[20:20:17] ============================================================
[20:20:17] Report: C:\project\signal_mind\analytics\phase_b\night_search\night_report_20260520_200111.md
[20:20:17] Hits CSV: C:\project\signal_mind\analytics\phase_b\night_search\night_hits_20260520_200111.csv
[20:20:17] 
[9/15] sweep_keyword_z30_vol_5d  (budget=66min)
[20:20:17]   Config: sweep_keyword_z30_vol_5d
[20:20:17]     feature=keyword_z30  target=vol_5d  ensemble=M6_only  ic_min=0.03
[20:20:18]   HIT  SP500              oil_z            lag=  7 m5_p=0.8254  m6_ic=0.0637
[20:20:18]   HIT  SP500              oil_z            lag= 14 m5_p=0.7170  m6_ic=0.0936
[20:20:18]   HIT  SP500              oil_z            lag= 30 m5_p=0.2916  m6_ic=0.0516
[20:20:19]   HIT  SP500              rate_z           lag=  7 m5_p=0.7357  m6_ic=0.0370
[20:20:19]   HIT  SP500              rate_z           lag= 14 m5_p=0.9951  m6_ic=0.0679
[20:20:20]   HIT  SP500              ruble_z          lag= 30 m5_p=0.2154  m6_ic=0.0653
[20:20:20]   HIT  SP500              sanctions_z      lag= 14 m5_p=0.6295  m6_ic=0.0724
[20:20:21]   HIT  SP500              inflation_z      lag=  1 m5_p=0.5734  m6_ic=0.0578
[20:20:21]   HIT  SP500              inflation_z      lag=  7 m5_p=0.6216  m6_ic=0.0540
[20:20:22]   HIT  SP500              banking_z        lag=  7 m5_p=0.3767  m6_ic=0.0412
[20:20:23]   HIT  SP500              gold_z           lag=  7 m5_p=0.8404  m6_ic=0.1002
[20:20:23]   HIT  SP500              gold_z           lag= 14 m5_p=0.7661  m6_ic=0.0678
[20:20:23]   HIT  USD_RUB            oil_z            lag=  1 m5_p=0.5610  m6_ic=0.0303
[20:20:23]   HIT  USD_RUB            oil_z            lag=  7 m5_p=0.7301  m6_ic=0.0640
[20:20:24]   HIT  USD_RUB            oil_z            lag= 14 m5_p=0.5573  m6_ic=0.0307
[20:20:24]   HIT  USD_RUB            oil_z            lag= 30 m5_p=0.3761  m6_ic=0.0323
[20:20:24]   HIT  USD_RUB            rate_z           lag=  1 m5_p=0.9476  m6_ic=0.0959
[20:20:24]   HIT  USD_RUB            rate_z           lag= 14 m5_p=0.2823  m6_ic=0.0381
[20:20:25]   HIT  USD_RUB            ruble_z          lag=  1 m5_p=0.1170  m6_ic=0.0586
[20:20:25]   HIT  USD_RUB            ruble_z          lag=  7 m5_p=0.0983  m6_ic=0.0333
[20:20:25]   HIT  USD_RUB            ruble_z          lag= 14 m5_p=0.6695  m6_ic=0.1068
[20:20:25]   HIT  USD_RUB            ruble_z          lag= 30 m5_p=0.2572  m6_ic=0.0303
[20:20:26]   HIT  USD_RUB            sanctions_z      lag=  1 m5_p=0.1513  m6_ic=0.0917
[20:20:26]   HIT  USD_RUB            sanctions_z      lag=  7 m5_p=0.0612  m6_ic=0.0407
[20:20:26]   HIT  USD_RUB            sanctions_z      lag= 30 m5_p=0.0838  m6_ic=0.0403
[20:20:27]   HIT  USD_RUB            inflation_z      lag=  7 m5_p=0.4905  m6_ic=0.0813
[20:20:27]   HIT  USD_RUB            inflation_z      lag= 14 m5_p=0.2798  m6_ic=0.0500
[20:20:27]   HIT  USD_RUB            inflation_z      lag= 30 m5_p=0.6349  m6_ic=0.0538
[20:20:27]   HIT  USD_RUB            banking_z        lag=  1 m5_p=0.7376  m6_ic=0.0572
[20:20:27]   HIT  USD_RUB            banking_z        lag=  7 m5_p=0.1520  m6_ic=0.0568
[20:20:28]   HIT  USD_RUB            banking_z        lag= 30 m5_p=0.8190  m6_ic=0.0656
[20:20:29]   HIT  EUR_RUB            oil_z            lag=  1 m5_p=0.5610  m6_ic=0.0303
[20:20:29]   HIT  EUR_RUB            oil_z            lag=  7 m5_p=0.7301  m6_ic=0.0640
[20:20:29]   HIT  EUR_RUB            oil_z            lag= 14 m5_p=0.5573  m6_ic=0.0307
[20:20:30]   HIT  EUR_RUB            oil_z            lag= 30 m5_p=0.3761  m6_ic=0.0323
[20:20:30]   HIT  EUR_RUB            rate_z           lag=  1 m5_p=0.9476  m6_ic=0.0959
[20:20:30]   HIT  EUR_RUB            rate_z           lag= 14 m5_p=0.2823  m6_ic=0.0381
[20:20:31]   HIT  EUR_RUB            ruble_z          lag=  1 m5_p=0.1170  m6_ic=0.0586
[20:20:31]   HIT  EUR_RUB            ruble_z          lag=  7 m5_p=0.0983  m6_ic=0.0333
[20:20:31]   HIT  EUR_RUB            ruble_z          lag= 14 m5_p=0.6695  m6_ic=0.1068
[20:20:31]   HIT  EUR_RUB            ruble_z          lag= 30 m5_p=0.2572  m6_ic=0.0303
[20:20:31]   HIT  EUR_RUB            sanctions_z      lag=  1 m5_p=0.1513  m6_ic=0.0917
[20:20:32]   HIT  EUR_RUB            sanctions_z      lag=  7 m5_p=0.0612  m6_ic=0.0407
[20:20:32]   HIT  EUR_RUB            sanctions_z      lag= 30 m5_p=0.0838  m6_ic=0.0403
[20:20:32]   HIT  EUR_RUB            inflation_z      lag=  7 m5_p=0.4905  m6_ic=0.0813
[20:20:33]   HIT  EUR_RUB            inflation_z      lag= 14 m5_p=0.2798  m6_ic=0.0500
[20:20:33]   HIT  EUR_RUB            inflation_z      lag= 30 m5_p=0.6349  m6_ic=0.0538
[20:20:33]   HIT  EUR_RUB            banking_z        lag=  1 m5_p=0.7376  m6_ic=0.0572
[20:20:33]   HIT  EUR_RUB            banking_z        lag=  7 m5_p=0.1520  m6_ic=0.0568
[20:20:34]   HIT  EUR_RUB            banking_z        lag= 30 m5_p=0.8190  m6_ic=0.0656
[20:20:35]   HIT  DJ_SOUTH_AFRICA    oil_z            lag= 14 m5_p=0.2445  m6_ic=0.0489
[20:20:36]   HIT  DJ_SOUTH_AFRICA    rate_z           lag=  1 m5_p=0.6268  m6_ic=0.0775
[20:20:36]   HIT  DJ_SOUTH_AFRICA    rate_z           lag=  7 m5_p=0.8298  m6_ic=0.0342
[20:20:36]   HIT  DJ_SOUTH_AFRICA    rate_z           lag= 30 m5_p=0.6839  m6_ic=0.0726
[20:20:36]   HIT  DJ_SOUTH_AFRICA    ruble_z          lag=  1 m5_p=0.1001  m6_ic=0.0534
[20:20:36]   HIT  DJ_SOUTH_AFRICA    ruble_z          lag=  7 m5_p=0.4065  m6_ic=0.0595
[20:20:37]   HIT  DJ_SOUTH_AFRICA    ruble_z          lag= 30 m5_p=0.5463  m6_ic=0.0461
[20:20:37]   HIT  DJ_SOUTH_AFRICA    sanctions_z      lag=  1 m5_p=0.7442  m6_ic=0.0604
[20:20:37]   HIT  DJ_SOUTH_AFRICA    sanctions_z      lag= 14 m5_p=0.0128  m6_ic=0.0833
[20:20:38]   HIT  DJ_SOUTH_AFRICA    sanctions_z      lag= 30 m5_p=0.2280  m6_ic=0.1116
[20:20:38]   HIT  DJ_SOUTH_AFRICA    inflation_z      lag=  7 m5_p=0.0980  m6_ic=0.1431
[20:20:39]   HIT  DJ_SOUTH_AFRICA    banking_z        lag=  1 m5_p=0.3162  m6_ic=0.0328
[20:20:39]   HIT  DJ_SOUTH_AFRICA    banking_z        lag= 30 m5_p=0.2699  m6_ic=0.0477
[20:20:40]   HIT  DJ_SOUTH_AFRICA    gold_z           lag=  7 m5_p=0.8091  m6_ic=0.0329
[20:20:40]   HIT  DJ_SOUTH_AFRICA    gold_z           lag= 30 m5_p=0.8393  m6_ic=0.1079
[20:20:41]   HIT  MSCI_WORLD         oil_z            lag= 14 m5_p=0.2593  m6_ic=0.0384
[20:20:42]   HIT  MSCI_WORLD         rate_z           lag= 14 m5_p=0.5906  m6_ic=0.0762
[20:20:42]   HIT  MSCI_WORLD         rate_z           lag= 30 m5_p=0.7262  m6_ic=0.0625
[20:20:42]   HIT  MSCI_WORLD         ruble_z          lag=  1 m5_p=0.9537  m6_ic=0.0402
[20:20:42]   HIT  MSCI_WORLD         ruble_z          lag=  7 m5_p=0.8457  m6_ic=0.0720
[20:20:43]   HIT  MSCI_WORLD         sanctions_z      lag=  1 m5_p=0.8301  m6_ic=0.0666
[20:20:43]   HIT  MSCI_WORLD         sanctions_z      lag= 14 m5_p=0.0116  m6_ic=0.0751
[20:20:44]   HIT  MSCI_WORLD         inflation_z      lag=  1 m5_p=0.3657  m6_ic=0.0524
[20:20:45]   HIT  MSCI_WORLD         banking_z        lag= 30 m5_p=0.8740  m6_ic=0.0714
[20:20:46]   HIT  MSCI_WORLD         gold_z           lag= 14 m5_p=0.2426  m6_ic=0.0489
[20:20:46]   HIT  MSCI_WORLD         gold_z           lag= 30 m5_p=0.9033  m6_ic=0.1028
[20:20:46]   HIT  DXY                oil_z            lag=  1 m5_p=0.0363  m6_ic=0.0493
[20:20:46]   HIT  DXY                oil_z            lag=  7 m5_p=0.4332  m6_ic=0.0514
[20:20:47]   HIT  DXY                oil_z            lag= 30 m5_p=0.9929  m6_ic=0.0315
[20:20:47]   HIT  DXY                rate_z           lag=  1 m5_p=0.0870  m6_ic=0.0481
[20:20:47]   HIT  DXY                rate_z           lag=  7 m5_p=0.2159  m6_ic=0.0660
[20:20:47]   HIT  DXY                rate_z           lag= 14 m5_p=0.4269  m6_ic=0.0606
[20:20:48]   HIT  DXY                rate_z           lag= 30 m5_p=0.1851  m6_ic=0.0488
[20:20:48]   HIT  DXY                ruble_z          lag=  1 m5_p=0.5830  m6_ic=0.0457
[20:20:48]   HIT  DXY                ruble_z          lag= 14 m5_p=0.3215  m6_ic=0.0417
[20:20:49]   HIT  DXY                sanctions_z      lag= 30 m5_p=0.7737  m6_ic=0.0507
[20:20:50]   HIT  DXY                inflation_z      lag=  7 m5_p=0.3826  m6_ic=0.0533
[20:20:50]   HIT  DXY                inflation_z      lag= 14 m5_p=0.8770  m6_ic=0.0450
[20:20:50]   HIT  DXY                banking_z        lag=  1 m5_p=0.1827  m6_ic=0.0520
[20:20:50]   HIT  DXY                banking_z        lag=  7 m5_p=0.7330  m6_ic=0.0326
[20:20:51]   HIT  DXY                banking_z        lag= 14 m5_p=0.9784  m6_ic=0.0366
[20:20:51]   HIT  DXY                gold_z           lag=  7 m5_p=0.1562  m6_ic=0.0631
[20:20:51]   HIT  DXY                gold_z           lag= 14 m5_p=0.7091  m6_ic=0.0767
[20:20:52]   HIT  BRENT              oil_z            lag=  7 m5_p=0.7839  m6_ic=0.0578
[20:20:52]   HIT  BRENT              oil_z            lag= 30 m5_p=0.7896  m6_ic=0.0534
[20:20:53]   HIT  BRENT              rate_z           lag=  1 m5_p=0.4639  m6_ic=0.0489
[20:20:53]   HIT  BRENT              rate_z           lag= 30 m5_p=0.7557  m6_ic=0.1055
[20:20:53]   HIT  BRENT              ruble_z          lag=  1 m5_p=0.1300  m6_ic=0.0318
[20:20:54]   HIT  BRENT              ruble_z          lag=  7 m5_p=0.3462  m6_ic=0.0456
[20:20:54]   HIT  BRENT              ruble_z          lag= 14 m5_p=0.3931  m6_ic=0.0431
[20:20:54]   HIT  BRENT              ruble_z          lag= 30 m5_p=0.3398  m6_ic=0.0647
[20:20:54]   HIT  BRENT              sanctions_z      lag=  1 m5_p=0.9551  m6_ic=0.0360
[20:20:54]   HIT  BRENT              sanctions_z      lag=  7 m5_p=0.7252  m6_ic=0.0542
[20:20:55]   HIT  BRENT              sanctions_z      lag= 14 m5_p=0.2424  m6_ic=0.0325
[20:20:55]   HIT  BRENT              inflation_z      lag=  1 m5_p=0.3106  m6_ic=0.0379
[20:20:55]   HIT  BRENT              inflation_z      lag=  7 m5_p=0.8715  m6_ic=0.0712
[20:20:55]   HIT  BRENT              inflation_z      lag= 14 m5_p=0.9169  m6_ic=0.0952
[20:20:56]   HIT  BRENT              banking_z        lag=  1 m5_p=0.8083  m6_ic=0.0307
[20:20:57]   HIT  BRENT              gold_z           lag=  1 m5_p=0.2283  m6_ic=0.0394
[20:20:57]   HIT  BRENT              gold_z           lag=  7 m5_p=0.5565  m6_ic=0.0647
[20:20:57]   HIT  BRENT              gold_z           lag= 14 m5_p=0.4285  m6_ic=0.0621
[20:20:57]   HIT  BRENT              gold_z           lag= 30 m5_p=0.5484  m6_ic=0.0543
[20:20:58]   HIT  MSCI_INDIA         oil_z            lag= 30 m5_p=0.7651  m6_ic=0.0559
[20:20:59]   HIT  MSCI_INDIA         rate_z           lag=  7 m5_p=0.8927  m6_ic=0.1361
[20:20:59]   HIT  MSCI_INDIA         rate_z           lag= 14 m5_p=0.4433  m6_ic=0.0622
[20:20:59]   HIT  MSCI_INDIA         rate_z           lag= 30 m5_p=0.8638  m6_ic=0.0670
[20:20:59]   HIT  MSCI_INDIA         ruble_z          lag=  7 m5_p=0.4872  m6_ic=0.0582
[20:21:00]   HIT  MSCI_INDIA         ruble_z          lag= 30 m5_p=0.9102  m6_ic=0.0868
[20:21:00]   HIT  MSCI_INDIA         sanctions_z      lag=  7 m5_p=0.7171  m6_ic=0.0578
[20:21:00]   HIT  MSCI_INDIA         sanctions_z      lag= 14 m5_p=0.1846  m6_ic=0.0535
[20:21:01]   HIT  MSCI_INDIA         sanctions_z      lag= 30 m5_p=0.7792  m6_ic=0.0746
[20:21:01]   HIT  MSCI_INDIA         inflation_z      lag=  1 m5_p=0.6167  m6_ic=0.0647
[20:21:01]   HIT  MSCI_INDIA         inflation_z      lag= 14 m5_p=0.4628  m6_ic=0.0468
[20:21:01]   HIT  MSCI_INDIA         inflation_z      lag= 30 m5_p=0.6596  m6_ic=0.1025
[20:21:02]   HIT  MSCI_INDIA         banking_z        lag=  1 m5_p=0.5225  m6_ic=0.0366
[20:21:02]   HIT  MSCI_INDIA         banking_z        lag=  7 m5_p=0.8542  m6_ic=0.0774
[20:21:02]   HIT  MSCI_INDIA         banking_z        lag= 30 m5_p=0.5461  m6_ic=0.0413
[20:21:02]   HIT  MSCI_INDIA         gold_z           lag=  1 m5_p=0.6699  m6_ic=0.0731
[20:21:03]   HIT  MSCI_INDIA         gold_z           lag=  7 m5_p=0.7335  m6_ic=0.0816
[20:21:03]   HIT  MSCI_INDIA         gold_z           lag= 14 m5_p=0.2159  m6_ic=0.0415
[20:21:03]   HIT  CHINA_H_SHARES     oil_z            lag=  1 m5_p=0.5007  m6_ic=0.0682
[20:21:03]   HIT  CHINA_H_SHARES     oil_z            lag= 14 m5_p=0.9264  m6_ic=0.0303
[20:21:04]   HIT  CHINA_H_SHARES     oil_z            lag= 30 m5_p=0.7034  m6_ic=0.0355
[20:21:04]   HIT  CHINA_H_SHARES     rate_z           lag=  1 m5_p=0.0394  m6_ic=0.0625
[20:21:04]   HIT  CHINA_H_SHARES     rate_z           lag=  7 m5_p=0.9527  m6_ic=0.0309
[20:21:04]   HIT  CHINA_H_SHARES     rate_z           lag= 30 m5_p=0.2030  m6_ic=0.0536
[20:21:05]   HIT  CHINA_H_SHARES     ruble_z          lag= 30 m5_p=0.8266  m6_ic=0.1344
[20:21:06]   HIT  CHINA_H_SHARES     sanctions_z      lag=  7 m5_p=0.5359  m6_ic=0.0714
[20:21:07]   HIT  CHINA_H_SHARES     inflation_z      lag=  7 m5_p=0.2935  m6_ic=0.0476
[20:21:07]   HIT  CHINA_H_SHARES     inflation_z      lag= 14 m5_p=0.9861  m6_ic=0.0413
[20:21:07]   HIT  CHINA_H_SHARES     inflation_z      lag= 30 m5_p=0.3077  m6_ic=0.0691
[20:21:07]   HIT  CHINA_H_SHARES     banking_z        lag=  7 m5_p=0.9120  m6_ic=0.0448
[20:21:08]   HIT  CHINA_H_SHARES     banking_z        lag= 30 m5_p=0.9935  m6_ic=0.0303
[20:21:08]   HIT  CHINA_H_SHARES     gold_z           lag=  7 m5_p=0.2118  m6_ic=0.0623
[20:21:08]   HIT  CHINA_H_SHARES     gold_z           lag= 14 m5_p=0.3874  m6_ic=0.0751
[20:21:09]   HIT  CHINA_H_SHARES     gold_z           lag= 30 m5_p=0.8381  m6_ic=0.1381
[20:21:09]   HIT  FTSE_CHINA_50      oil_z            lag=  1 m5_p=0.4869  m6_ic=0.0508
[20:21:09]   HIT  FTSE_CHINA_50      oil_z            lag=  7 m5_p=0.5115  m6_ic=0.0432
[20:21:10]   HIT  FTSE_CHINA_50      rate_z           lag=  1 m5_p=0.0335  m6_ic=0.0535
[20:21:10]   HIT  FTSE_CHINA_50      rate_z           lag= 30 m5_p=0.1565  m6_ic=0.0537
[20:21:11]   HIT  FTSE_CHINA_50      ruble_z          lag= 30 m5_p=0.6544  m6_ic=0.1647
[20:21:11]   HIT  FTSE_CHINA_50      sanctions_z      lag=  7 m5_p=0.4652  m6_ic=0.0412
[20:21:12]   HIT  FTSE_CHINA_50      sanctions_z      lag= 14 m5_p=0.6119  m6_ic=0.0333
[20:21:12]   HIT  FTSE_CHINA_50      inflation_z      lag=  7 m5_p=0.1893  m6_ic=0.0572
[20:21:13]   HIT  FTSE_CHINA_50      inflation_z      lag= 30 m5_p=0.2971  m6_ic=0.0659
[20:21:13]   HIT  FTSE_CHINA_50      banking_z        lag=  7 m5_p=0.9990  m6_ic=0.0715
[20:21:14]   HIT  FTSE_CHINA_50      banking_z        lag= 30 m5_p=0.6948  m6_ic=0.0381
[20:21:14]   HIT  FTSE_CHINA_50      gold_z           lag= 14 m5_p=0.4126  m6_ic=0.0722
[20:21:14]   HIT  FTSE_CHINA_50      gold_z           lag= 30 m5_p=0.6982  m6_ic=0.1673
[20:21:15]   HIT  GOLD               oil_z            lag= 14 m5_p=0.9423  m6_ic=0.0494
[20:21:15]   HIT  GOLD               oil_z            lag= 30 m5_p=0.8657  m6_ic=0.0466
[20:21:16]   HIT  GOLD               rate_z           lag= 14 m5_p=0.2299  m6_ic=0.0556
[20:21:16]   HIT  GOLD               rate_z           lag= 30 m5_p=0.8995  m6_ic=0.0703
[20:21:16]   HIT  GOLD               ruble_z          lag=  7 m5_p=0.8962  m6_ic=0.0833
[20:21:17]   HIT  GOLD               ruble_z          lag= 30 m5_p=0.5798  m6_ic=0.1072
[20:21:17]   HIT  GOLD               sanctions_z      lag= 30 m5_p=0.0589  m6_ic=0.0337
[20:21:18]   HIT  GOLD               inflation_z      lag=  1 m5_p=0.2236  m6_ic=0.0706
[20:21:18]   HIT  GOLD               inflation_z      lag=  7 m5_p=0.0360  m6_ic=0.0828
[20:21:18]   HIT  GOLD               inflation_z      lag= 14 m5_p=0.2796  m6_ic=0.0821
[20:21:19]   HIT  GOLD               banking_z        lag=  7 m5_p=0.1881  m6_ic=0.0517
[20:21:19]   HIT  GOLD               gold_z           lag=  7 m5_p=0.8343  m6_ic=0.0883
[20:21:19]   HIT  GOLD               gold_z           lag= 14 m5_p=0.0620  m6_ic=0.0426
[20:21:20]   HIT  GOLD               gold_z           lag= 30 m5_p=0.4217  m6_ic=0.1003
[20:21:21]   HIT  SILVER             oil_z            lag= 30 m5_p=0.5578  m6_ic=0.0395
[20:21:21]   HIT  SILVER             rate_z           lag=  1 m5_p=0.3262  m6_ic=0.1287
[20:21:21]   HIT  SILVER             rate_z           lag=  7 m5_p=0.4661  m6_ic=0.1086
[20:21:21]   HIT  SILVER             rate_z           lag= 30 m5_p=0.3550  m6_ic=0.0769
[20:21:22]   HIT  SILVER             ruble_z          lag=  7 m5_p=0.4738  m6_ic=0.1011
[20:21:22]   HIT  SILVER             ruble_z          lag= 30 m5_p=0.9263  m6_ic=0.1441
[20:21:22]   HIT  SILVER             sanctions_z      lag=  1 m5_p=0.0249  m6_ic=0.0386
[20:21:22]   HIT  SILVER             sanctions_z      lag=  7 m5_p=0.7252  m6_ic=0.0312
[20:21:23]   HIT  SILVER             sanctions_z      lag= 14 m5_p=0.1365  m6_ic=0.0670
[20:21:23]   HIT  SILVER             sanctions_z      lag= 30 m5_p=0.2364  m6_ic=0.0555
[20:21:23]   HIT  SILVER             inflation_z      lag=  7 m5_p=0.3122  m6_ic=0.1119
[20:21:24]   HIT  SILVER             inflation_z      lag= 30 m5_p=0.6434  m6_ic=0.0400
[20:21:24]   HIT  SILVER             banking_z        lag=  1 m5_p=0.7370  m6_ic=0.0924
[20:21:24]   HIT  SILVER             banking_z        lag=  7 m5_p=0.5184  m6_ic=0.0301
[20:21:24]   HIT  SILVER             gold_z           lag=  1 m5_p=0.0584  m6_ic=0.0631
[20:21:25]   HIT  SILVER             gold_z           lag=  7 m5_p=0.7577  m6_ic=0.0361
[20:21:25]   HIT  SILVER             gold_z           lag= 30 m5_p=0.4651  m6_ic=0.0403
[20:21:25]   HIT  IMOEX              oil_z            lag=  1 m5_p=0.3571  m6_ic=0.0696
[20:21:26]   HIT  IMOEX              oil_z            lag= 30 m5_p=0.6406  m6_ic=0.0514
[20:21:26]   HIT  IMOEX              rate_z           lag= 14 m5_p=0.2562  m6_ic=0.0502
[20:21:27]   HIT  IMOEX              rate_z           lag= 30 m5_p=0.6107  m6_ic=0.1322
[20:21:27]   HIT  IMOEX              ruble_z          lag=  1 m5_p=0.9408  m6_ic=0.0597
[20:21:27]   HIT  IMOEX              ruble_z          lag=  7 m5_p=0.0458  m6_ic=0.0690
[20:21:27]   HIT  IMOEX              ruble_z          lag= 30 m5_p=0.9180  m6_ic=0.0665
[20:21:28]   HIT  IMOEX              sanctions_z      lag=  1 m5_p=0.2181  m6_ic=0.0803
[20:21:28]   HIT  IMOEX              sanctions_z      lag= 14 m5_p=0.6950  m6_ic=0.0354
[20:21:29]   HIT  IMOEX              inflation_z      lag= 14 m5_p=0.5925  m6_ic=0.0569
[20:21:29]   HIT  IMOEX              banking_z        lag=  7 m5_p=0.2841  m6_ic=0.0595
[20:21:30]   HIT  IMOEX              banking_z        lag= 30 m5_p=0.1178  m6_ic=0.0730
[20:21:30]   HIT  IMOEX              gold_z           lag=  1 m5_p=0.4821  m6_ic=0.0339
[20:21:30]   HIT  IMOEX              gold_z           lag=  7 m5_p=0.4466  m6_ic=0.0328
[20:21:31]   HIT  IMOEX              gold_z           lag= 30 m5_p=0.2917  m6_ic=0.0386
[20:21:31]   HIT  MOEXFN             oil_z            lag=  1 m5_p=0.5560  m6_ic=0.0727
[20:21:31]   HIT  MOEXFN             oil_z            lag= 14 m5_p=0.6731  m6_ic=0.0373
[20:21:31]   HIT  MOEXFN             oil_z            lag= 30 m5_p=0.9520  m6_ic=0.0368
[20:21:32]   HIT  MOEXFN             rate_z           lag=  1 m5_p=0.5857  m6_ic=0.0614
[20:21:32]   HIT  MOEXFN             rate_z           lag=  7 m5_p=0.0649  m6_ic=0.0671
[20:21:32]   HIT  MOEXFN             rate_z           lag= 30 m5_p=0.6743  m6_ic=0.0361
[20:21:33]   HIT  MOEXFN             ruble_z          lag=  7 m5_p=0.2908  m6_ic=0.0524
[20:21:33]   HIT  MOEXFN             sanctions_z      lag=  1 m5_p=0.0248  m6_ic=0.0434
[20:21:33]   HIT  MOEXFN             sanctions_z      lag=  7 m5_p=0.7560  m6_ic=0.0796
[20:21:34]   HIT  MOEXFN             sanctions_z      lag= 14 m5_p=0.4188  m6_ic=0.0373
[20:21:34]   HIT  MOEXFN             sanctions_z      lag= 30 m5_p=0.7065  m6_ic=0.0382
[20:21:34]   HIT  MOEXFN             inflation_z      lag=  7 m5_p=0.1289  m6_ic=0.0524
[20:21:35]   HIT  MOEXFN             banking_z        lag=  1 m5_p=0.9847  m6_ic=0.0305
[20:21:35]   HIT  MOEXFN             banking_z        lag=  7 m5_p=0.6786  m6_ic=0.1007
[20:21:35]   HIT  MOEXFN             banking_z        lag= 14 m5_p=0.2242  m6_ic=0.0325
[20:21:35]   HIT  MOEXFN             banking_z        lag= 30 m5_p=0.3350  m6_ic=0.0362
[20:21:36]   HIT  MOEXFN             gold_z           lag=  1 m5_p=0.4996  m6_ic=0.0451
[20:21:36]   HIT  MOEXFN             gold_z           lag= 30 m5_p=0.7046  m6_ic=0.0342
[20:21:36]   HIT  MOEXOG             oil_z            lag=  1 m5_p=0.3724  m6_ic=0.0631
[20:21:37]   HIT  MOEXOG             oil_z            lag= 30 m5_p=0.4142  m6_ic=0.0327
[20:21:37]   HIT  MOEXOG             rate_z           lag=  1 m5_p=0.4612  m6_ic=0.0707
[20:21:38]   HIT  MOEXOG             rate_z           lag= 14 m5_p=0.2424  m6_ic=0.0662
[20:21:38]   HIT  MOEXOG             ruble_z          lag=  1 m5_p=0.8949  m6_ic=0.1057
[20:21:38]   HIT  MOEXOG             ruble_z          lag= 14 m5_p=0.7465  m6_ic=0.0580
[20:21:39]   HIT  MOEXOG             ruble_z          lag= 30 m5_p=0.7976  m6_ic=0.0729
[20:21:39]   HIT  MOEXOG             sanctions_z      lag= 30 m5_p=0.9910  m6_ic=0.0468
[20:21:40]   HIT  MOEXOG             inflation_z      lag= 14 m5_p=0.8699  m6_ic=0.0607
[20:21:40]   HIT  MOEXOG             inflation_z      lag= 30 m5_p=0.6597  m6_ic=0.0801
[20:21:40]   HIT  MOEXOG             banking_z        lag=  1 m5_p=0.6315  m6_ic=0.0497
[20:21:41]   HIT  MOEXOG             gold_z           lag=  1 m5_p=0.3783  m6_ic=0.0514
[20:21:41]   HIT  MOEXOG             gold_z           lag=  7 m5_p=0.5586  m6_ic=0.0352
[20:21:42]   HIT  MOEX10             oil_z            lag=  1 m5_p=0.5139  m6_ic=0.0434
[20:21:42]   HIT  MOEX10             oil_z            lag=  7 m5_p=0.5069  m6_ic=0.0678
[20:21:42]   HIT  MOEX10             oil_z            lag= 14 m5_p=0.9103  m6_ic=0.0741
[20:21:43]   HIT  MOEX10             rate_z           lag= 30 m5_p=0.7390  m6_ic=0.0537
[20:21:43]   HIT  MOEX10             ruble_z          lag=  1 m5_p=0.6965  m6_ic=0.0453
[20:21:44]   HIT  MOEX10             ruble_z          lag=  7 m5_p=0.2110  m6_ic=0.0537
[20:21:44]   HIT  MOEX10             ruble_z          lag= 14 m5_p=0.6922  m6_ic=0.0383
[20:21:44]   HIT  MOEX10             ruble_z          lag= 30 m5_p=0.9554  m6_ic=0.0429
[20:21:44]   HIT  MOEX10             sanctions_z      lag=  1 m5_p=0.1513  m6_ic=0.0704
[20:21:44]   HIT  MOEX10             sanctions_z      lag=  7 m5_p=0.3906  m6_ic=0.0342
[20:21:45]   HIT  MOEX10             sanctions_z      lag= 14 m5_p=0.3927  m6_ic=0.0471
[20:21:45]   HIT  MOEX10             sanctions_z      lag= 30 m5_p=0.5885  m6_ic=0.0451
[20:21:45]   HIT  MOEX10             inflation_z      lag=  7 m5_p=0.1923  m6_ic=0.0489
[20:21:45]   HIT  MOEX10             inflation_z      lag= 14 m5_p=0.7230  m6_ic=0.0916
[20:21:46]   HIT  MOEX10             inflation_z      lag= 30 m5_p=0.7268  m6_ic=0.0455
[20:21:46]   HIT  MOEX10             banking_z        lag=  1 m5_p=0.8517  m6_ic=0.0351
[20:21:46]   HIT  MOEX10             banking_z        lag=  7 m5_p=0.3048  m6_ic=0.0330
[20:21:46]   HIT  MOEX10             gold_z           lag=  1 m5_p=0.6710  m6_ic=0.0428
[20:21:47]   HIT  MOEX10             gold_z           lag=  7 m5_p=0.2770  m6_ic=0.0721
[20:21:47]   HIT  MOEX10             gold_z           lag= 14 m5_p=0.9879  m6_ic=0.0520
[20:21:47]     Train: 256 signals
[20:21:47]     Val holdout (256 candidates)...
[20:21:47]     VAL PASS  SP500              oil_z            lag=  7  m6_ic=0.1011
[20:21:47]     VAL PASS  SP500              oil_z            lag= 14  m6_ic=0.0545
[20:21:49]     VAL PASS  SP500              sanctions_z      lag= 14  m6_ic=0.0620
[20:21:49]     VAL PASS  SP500              inflation_z      lag=  1  m6_ic=0.0769
[20:21:49]     VAL PASS  SP500              inflation_z      lag=  7  m6_ic=0.0609
[20:21:49]     VAL PASS  SP500              banking_z        lag=  7  m6_ic=0.0528
[20:21:49]     VAL PASS  SP500              gold_z           lag=  7  m6_ic=0.0639
[20:21:50]     VAL PASS  SP500              gold_z           lag= 14  m6_ic=0.0975
[20:21:50]     VAL PASS  USD_RUB            oil_z            lag=  1  m6_ic=0.0833
[20:21:50]     VAL PASS  USD_RUB            oil_z            lag=  7  m6_ic=0.0905
[20:21:50]     VAL PASS  USD_RUB            oil_z            lag= 14  m6_ic=0.0654
[20:21:50]     VAL PASS  USD_RUB            oil_z            lag= 30  m6_ic=0.0777
[20:21:51]     VAL PASS  USD_RUB            rate_z           lag= 14  m6_ic=0.0451
[20:21:52]     VAL PASS  USD_RUB            inflation_z      lag=  7  m6_ic=0.1676
[20:21:53]     VAL PASS  USD_RUB            inflation_z      lag= 30  m6_ic=0.0647
[20:21:53]     VAL PASS  USD_RUB            banking_z        lag=  7  m6_ic=0.0651
[20:21:53]     VAL PASS  EUR_RUB            oil_z            lag=  1  m6_ic=0.0833
[20:21:54]     VAL PASS  EUR_RUB            oil_z            lag=  7  m6_ic=0.0905
[20:21:54]     VAL PASS  EUR_RUB            oil_z            lag= 14  m6_ic=0.0654
[20:21:54]     VAL PASS  EUR_RUB            oil_z            lag= 30  m6_ic=0.0777
[20:21:54]     VAL PASS  EUR_RUB            rate_z           lag= 14  m6_ic=0.0451
[20:21:56]     VAL PASS  EUR_RUB            inflation_z      lag=  7  m6_ic=0.1676
[20:21:56]     VAL PASS  EUR_RUB            inflation_z      lag= 30  m6_ic=0.0647
[20:21:57]     VAL PASS  EUR_RUB            banking_z        lag=  7  m6_ic=0.0651
[20:21:57]     VAL PASS  DJ_SOUTH_AFRICA    oil_z            lag= 14  m6_ic=0.0918
[20:21:57]     VAL PASS  DJ_SOUTH_AFRICA    rate_z           lag=  1  m6_ic=0.0730
[20:21:58]     VAL PASS  DJ_SOUTH_AFRICA    rate_z           lag= 30  m6_ic=0.0806
[20:21:58]     VAL PASS  DJ_SOUTH_AFRICA    ruble_z          lag=  1  m6_ic=0.0687
[20:21:58]     VAL PASS  DJ_SOUTH_AFRICA    ruble_z          lag=  7  m6_ic=0.0321
[20:21:59]     VAL PASS  DJ_SOUTH_AFRICA    sanctions_z      lag=  1  m6_ic=0.0403
[20:21:59]     VAL PASS  DJ_SOUTH_AFRICA    sanctions_z      lag= 14  m6_ic=0.0649
[20:21:59]     VAL PASS  DJ_SOUTH_AFRICA    sanctions_z      lag= 30  m6_ic=0.1084
[20:21:59]     VAL PASS  DJ_SOUTH_AFRICA    inflation_z      lag=  7  m6_ic=0.0890
[20:22:00]     VAL PASS  DJ_SOUTH_AFRICA    banking_z        lag=  1  m6_ic=0.0834
[20:22:00]     VAL PASS  DJ_SOUTH_AFRICA    banking_z        lag= 30  m6_ic=0.0524
[20:22:00]     VAL PASS  DJ_SOUTH_AFRICA    gold_z           lag=  7  m6_ic=0.0344
[20:22:00]     VAL PASS  DJ_SOUTH_AFRICA    gold_z           lag= 30  m6_ic=0.0782
[20:22:01]     VAL PASS  MSCI_WORLD         rate_z           lag= 30  m6_ic=0.1301
[20:22:01]     VAL PASS  MSCI_WORLD         ruble_z          lag=  1  m6_ic=0.0343
[20:22:01]     VAL PASS  MSCI_WORLD         ruble_z          lag=  7  m6_ic=0.0589
[20:22:01]     VAL PASS  MSCI_WORLD         sanctions_z      lag=  1  m6_ic=0.0843
[20:22:02]     VAL PASS  MSCI_WORLD         inflation_z      lag=  1  m6_ic=0.0905
[20:22:02]     VAL PASS  MSCI_WORLD         banking_z        lag= 30  m6_ic=0.0447
[20:22:02]     VAL PASS  MSCI_WORLD         gold_z           lag= 14  m6_ic=0.0447
[20:22:02]     VAL PASS  MSCI_WORLD         gold_z           lag= 30  m6_ic=0.0346
[20:22:03]     VAL PASS  DXY                oil_z            lag=  1  m6_ic=0.0744
[20:22:03]     VAL PASS  DXY                oil_z            lag= 30  m6_ic=0.1209
[20:22:03]     VAL PASS  DXY                rate_z           lag=  7  m6_ic=0.0505
[20:22:04]     VAL PASS  DXY                rate_z           lag= 14  m6_ic=0.0737
[20:22:04]     VAL PASS  DXY                rate_z           lag= 30  m6_ic=0.0588
[20:22:04]     VAL PASS  DXY                ruble_z          lag=  1  m6_ic=0.1166
[20:22:04]     VAL PASS  DXY                sanctions_z      lag= 30  m6_ic=0.0454
[20:22:05]     VAL PASS  DXY                inflation_z      lag=  7  m6_ic=0.0523
[20:22:05]     VAL PASS  DXY                inflation_z      lag= 14  m6_ic=0.0854
[20:22:05]     VAL PASS  DXY                banking_z        lag=  1  m6_ic=0.0692
[20:22:05]     VAL PASS  DXY                banking_z        lag=  7  m6_ic=0.0691
[20:22:06]     VAL PASS  DXY                banking_z        lag= 14  m6_ic=0.0665
[20:22:06]     VAL PASS  DXY                gold_z           lag= 14  m6_ic=0.0577
[20:22:07]     VAL PASS  BRENT              rate_z           lag=  1  m6_ic=0.0793
[20:22:07]     VAL PASS  BRENT              rate_z           lag= 30  m6_ic=0.0572
[20:22:07]     VAL PASS  BRENT              ruble_z          lag=  1  m6_ic=0.0634
[20:22:07]     VAL PASS  BRENT              ruble_z          lag=  7  m6_ic=0.0466
[20:22:07]     VAL PASS  BRENT              ruble_z          lag= 14  m6_ic=0.0378
[20:22:08]     VAL PASS  BRENT              sanctions_z      lag=  1  m6_ic=0.0554
[20:22:08]     VAL PASS  BRENT              sanctions_z      lag=  7  m6_ic=0.0620
[20:22:08]     VAL PASS  BRENT              inflation_z      lag=  1  m6_ic=0.0478
[20:22:09]     VAL PASS  BRENT              inflation_z      lag=  7  m6_ic=0.1761
[20:22:09]     VAL PASS  BRENT              inflation_z      lag= 14  m6_ic=0.0414
[20:22:09]     VAL PASS  BRENT              banking_z        lag=  1  m6_ic=0.0363
[20:22:09]     VAL PASS  BRENT              gold_z           lag=  7  m6_ic=0.0345
[20:22:10]     VAL PASS  BRENT              gold_z           lag= 14  m6_ic=0.0691
[20:22:10]     VAL PASS  MSCI_INDIA         rate_z           lag= 14  m6_ic=0.0335
[20:22:11]     VAL PASS  MSCI_INDIA         ruble_z          lag= 30  m6_ic=0.1518
[20:22:11]     VAL PASS  MSCI_INDIA         sanctions_z      lag=  7  m6_ic=0.0641
[20:22:12]     VAL PASS  MSCI_INDIA         sanctions_z      lag= 14  m6_ic=0.1376
[20:22:12]     VAL PASS  MSCI_INDIA         sanctions_z      lag= 30  m6_ic=0.1001
[20:22:12]     VAL PASS  MSCI_INDIA         inflation_z      lag=  1  m6_ic=0.0539
[20:22:12]     VAL PASS  MSCI_INDIA         inflation_z      lag= 14  m6_ic=0.0767
[20:22:12]     VAL PASS  MSCI_INDIA         inflation_z      lag= 30  m6_ic=0.0449
[20:22:13]     VAL PASS  MSCI_INDIA         banking_z        lag=  1  m6_ic=0.0740
[20:22:13]     VAL PASS  MSCI_INDIA         banking_z        lag= 30  m6_ic=0.0373
[20:22:14]     VAL PASS  CHINA_H_SHARES     oil_z            lag= 14  m6_ic=0.0819
[20:22:14]     VAL PASS  CHINA_H_SHARES     oil_z            lag= 30  m6_ic=0.1345
[20:22:15]     VAL PASS  CHINA_H_SHARES     rate_z           lag= 30  m6_ic=0.0634
[20:22:15]     VAL PASS  CHINA_H_SHARES     ruble_z          lag= 30  m6_ic=0.1047
[20:22:15]     VAL PASS  CHINA_H_SHARES     sanctions_z      lag=  7  m6_ic=0.0629
[20:22:15]     VAL PASS  CHINA_H_SHARES     inflation_z      lag=  7  m6_ic=0.0581
[20:22:16]     VAL PASS  CHINA_H_SHARES     inflation_z      lag= 14  m6_ic=0.0627
[20:22:16]     VAL PASS  CHINA_H_SHARES     inflation_z      lag= 30  m6_ic=0.0476
[20:22:16]     VAL PASS  CHINA_H_SHARES     banking_z        lag= 30  m6_ic=0.0314
[20:22:17]     VAL PASS  CHINA_H_SHARES     gold_z           lag= 14  m6_ic=0.0441
[20:22:17]     VAL PASS  CHINA_H_SHARES     gold_z           lag= 30  m6_ic=0.0597
[20:22:17]     VAL PASS  FTSE_CHINA_50      rate_z           lag=  1  m6_ic=0.0893
[20:22:18]     VAL PASS  FTSE_CHINA_50      rate_z           lag= 30  m6_ic=0.0603
[20:22:18]     VAL PASS  FTSE_CHINA_50      ruble_z          lag= 30  m6_ic=0.1202
[20:22:18]     VAL PASS  FTSE_CHINA_50      sanctions_z      lag=  7  m6_ic=0.0326
[20:22:19]     VAL PASS  FTSE_CHINA_50      inflation_z      lag= 30  m6_ic=0.1323
[20:22:19]     VAL PASS  FTSE_CHINA_50      banking_z        lag=  7  m6_ic=0.0824
[20:22:19]     VAL PASS  FTSE_CHINA_50      gold_z           lag= 14  m6_ic=0.0384
[20:22:19]     VAL PASS  FTSE_CHINA_50      gold_z           lag= 30  m6_ic=0.0801
[20:22:20]     VAL PASS  GOLD               oil_z            lag= 30  m6_ic=0.0961
[20:22:20]     VAL PASS  GOLD               rate_z           lag= 30  m6_ic=0.0734
[20:22:21]     VAL PASS  GOLD               sanctions_z      lag= 30  m6_ic=0.0315
[20:22:21]     VAL PASS  GOLD               inflation_z      lag= 14  m6_ic=0.0464
[20:22:22]     VAL PASS  GOLD               gold_z           lag=  7  m6_ic=0.0580
[20:22:22]     VAL PASS  GOLD               gold_z           lag= 30  m6_ic=0.0790
[20:22:22]     VAL PASS  SILVER             rate_z           lag=  1  m6_ic=0.0647
[20:22:23]     VAL PASS  SILVER             rate_z           lag=  7  m6_ic=0.0771
[20:22:23]     VAL PASS  SILVER             rate_z           lag= 30  m6_ic=0.0806
[20:22:23]     VAL PASS  SILVER             ruble_z          lag= 30  m6_ic=0.0839
[20:22:24]     VAL PASS  SILVER             sanctions_z      lag=  7  m6_ic=0.0307
[20:22:24]     VAL PASS  SILVER             sanctions_z      lag= 14  m6_ic=0.0913
[20:22:24]     VAL PASS  SILVER             sanctions_z      lag= 30  m6_ic=0.0898
[20:22:25]     VAL PASS  SILVER             gold_z           lag=  7  m6_ic=0.1005
[20:22:26]     VAL PASS  IMOEX              oil_z            lag=  1  m6_ic=0.1311
[20:22:26]     VAL PASS  IMOEX              oil_z            lag= 30  m6_ic=0.0792
[20:22:26]     VAL PASS  IMOEX              rate_z           lag= 14  m6_ic=0.0772
[20:22:26]     VAL PASS  IMOEX              rate_z           lag= 30  m6_ic=0.0553
[20:22:26]     VAL PASS  IMOEX              ruble_z          lag=  1  m6_ic=0.1524
[20:22:27]     VAL PASS  IMOEX              ruble_z          lag=  7  m6_ic=0.1041
[20:22:27]     VAL PASS  IMOEX              ruble_z          lag= 30  m6_ic=0.1248
[20:22:27]     VAL PASS  IMOEX              sanctions_z      lag=  1  m6_ic=0.1191
[20:22:27]     VAL PASS  IMOEX              sanctions_z      lag= 14  m6_ic=0.1461
[20:22:27]     VAL PASS  IMOEX              inflation_z      lag= 14  m6_ic=0.1065
[20:22:28]     VAL PASS  IMOEX              banking_z        lag=  7  m6_ic=0.1295
[20:22:28]     VAL PASS  IMOEX              gold_z           lag=  1  m6_ic=0.0559
[20:22:28]     VAL PASS  IMOEX              gold_z           lag=  7  m6_ic=0.0766
[20:22:29]     VAL PASS  MOEXFN             oil_z            lag=  1  m6_ic=0.0838
[20:22:29]     VAL PASS  MOEXFN             oil_z            lag= 14  m6_ic=0.0849
[20:22:29]     VAL PASS  MOEXFN             oil_z            lag= 30  m6_ic=0.0554
[20:22:29]     VAL PASS  MOEXFN             rate_z           lag=  1  m6_ic=0.0481
[20:22:29]     VAL PASS  MOEXFN             rate_z           lag=  7  m6_ic=0.0437
[20:22:30]     VAL PASS  MOEXFN             ruble_z          lag=  7  m6_ic=0.1015
[20:22:30]     VAL PASS  MOEXFN             sanctions_z      lag=  1  m6_ic=0.0834
[20:22:30]     VAL PASS  MOEXFN             sanctions_z      lag= 14  m6_ic=0.0918
[20:22:31]     VAL PASS  MOEXFN             sanctions_z      lag= 30  m6_ic=0.0696
[20:22:31]     VAL PASS  MOEXFN             inflation_z      lag=  7  m6_ic=0.0490
[20:22:31]     VAL PASS  MOEXFN             banking_z        lag=  1  m6_ic=0.0692
[20:22:31]     VAL PASS  MOEXFN             banking_z        lag=  7  m6_ic=0.1087
[20:22:32]     VAL PASS  MOEXFN             gold_z           lag= 30  m6_ic=0.0395
[20:22:32]     VAL PASS  MOEXOG             oil_z            lag=  1  m6_ic=0.0706
[20:22:32]     VAL PASS  MOEXOG             oil_z            lag= 30  m6_ic=0.0808
[20:22:33]     VAL PASS  MOEXOG             rate_z           lag=  1  m6_ic=0.0551
[20:22:33]     VAL PASS  MOEXOG             rate_z           lag= 14  m6_ic=0.0520
[20:22:33]     VAL PASS  MOEXOG             ruble_z          lag=  1  m6_ic=0.1357
[20:22:33]     VAL PASS  MOEXOG             ruble_z          lag= 14  m6_ic=0.1405
[20:22:33]     VAL PASS  MOEXOG             ruble_z          lag= 30  m6_ic=0.0940
[20:22:34]     VAL PASS  MOEXOG             sanctions_z      lag= 30  m6_ic=0.1019
[20:22:34]     VAL PASS  MOEXOG             inflation_z      lag= 14  m6_ic=0.1367
[20:22:34]     VAL PASS  MOEXOG             inflation_z      lag= 30  m6_ic=0.0812
[20:22:34]     VAL PASS  MOEXOG             banking_z        lag=  1  m6_ic=0.0469
[20:22:35]     VAL PASS  MOEXOG             gold_z           lag=  7  m6_ic=0.0341
[20:22:35]     VAL PASS  MOEX10             oil_z            lag=  1  m6_ic=0.0992
[20:22:35]     VAL PASS  MOEX10             oil_z            lag= 14  m6_ic=0.0833
[20:22:36]     VAL PASS  MOEX10             ruble_z          lag=  1  m6_ic=0.1609
[20:22:36]     VAL PASS  MOEX10             ruble_z          lag=  7  m6_ic=0.1066
[20:22:36]     VAL PASS  MOEX10             ruble_z          lag= 14  m6_ic=0.0661
[20:22:36]     VAL PASS  MOEX10             ruble_z          lag= 30  m6_ic=0.0592
[20:22:36]     VAL PASS  MOEX10             sanctions_z      lag=  1  m6_ic=0.0987
[20:22:37]     VAL PASS  MOEX10             sanctions_z      lag= 14  m6_ic=0.1194
[20:22:37]     VAL PASS  MOEX10             sanctions_z      lag= 30  m6_ic=0.0984
[20:22:37]     VAL PASS  MOEX10             inflation_z      lag=  7  m6_ic=0.0601
[20:22:37]     VAL PASS  MOEX10             inflation_z      lag= 14  m6_ic=0.1025
[20:22:38]     VAL PASS  MOEX10             inflation_z      lag= 30  m6_ic=0.0734
[20:22:38]     VAL PASS  MOEX10             banking_z        lag=  1  m6_ic=0.0713
[20:22:38]     VAL PASS  MOEX10             banking_z        lag=  7  m6_ic=0.1327
[20:22:38]     VAL PASS  MOEX10             gold_z           lag=  1  m6_ic=0.0462
[20:22:38]     VAL PASS  MOEX10             gold_z           lag=  7  m6_ic=0.0313
[20:22:39]     VAL PASS  MOEX10             gold_z           lag= 14  m6_ic=0.0887
[20:22:39]     Val: 169/256 held
[20:22:39]   → train=256  val=169  max_ic=0.1673  score=2720.0
[20:22:39] 
============================================================
[20:22:39] FINAL REPORT
[20:22:39] ============================================================
[20:22:39] Report: C:\project\signal_mind\analytics\phase_b\night_search\night_report_20260520_200111.md
[20:22:39] Hits CSV: C:\project\signal_mind\analytics\phase_b\night_search\night_hits_20260520_200111.csv
[20:22:39] 
[10/15] sweep_embedding_raw_market_return  (budget=76min)
[20:22:39]   Config: sweep_embedding_raw_market_return
[20:22:39]     feature=embedding_raw  target=market_return  ensemble=M6_only  ic_min=0.03
[20:22:40]   HIT  SP500              oil_emb          lag= 30 m5_p=0.7391  m6_ic=0.0739
[20:22:41]   HIT  SP500              ruble_emb        lag=  7 m5_p=0.1061  m6_ic=0.0664
[20:22:41]   HIT  SP500              ruble_emb        lag= 14 m5_p=0.6187  m6_ic=0.0796
[20:22:42]   HIT  SP500              sanctions_emb    lag=  1 m5_p=0.1713  m6_ic=0.0536
[20:22:42]   HIT  SP500              sanctions_emb    lag=  7 m5_p=0.0916  m6_ic=0.0553
[20:22:42]   HIT  SP500              sanctions_emb    lag= 14 m5_p=0.1534  m6_ic=0.0360
[20:22:43]   HIT  SP500              inflation_emb    lag=  1 m5_p=0.9406  m6_ic=0.0484
[20:22:43]   HIT  SP500              inflation_emb    lag=  7 m5_p=0.3355  m6_ic=0.1011
[20:22:43]   HIT  SP500              inflation_emb    lag= 30 m5_p=0.5788  m6_ic=0.0506
[20:22:43]   HIT  SP500              banking_emb      lag=  1 m5_p=0.5709  m6_ic=0.0312
[20:22:45]   HIT  SP500              gold_emb         lag= 14 m5_p=0.4467  m6_ic=0.0763
[20:22:45]   HIT  USD_RUB            oil_emb          lag=  1 m5_p=0.7448  m6_ic=0.0517
[20:22:46]   HIT  USD_RUB            oil_emb          lag= 30 m5_p=0.8768  m6_ic=0.0881
[20:22:46]   HIT  USD_RUB            rate_emb         lag=  1 m5_p=0.0770  m6_ic=0.0326
[20:22:46]   HIT  USD_RUB            rate_emb         lag=  7 m5_p=0.0680  m6_ic=0.0499
[20:22:47]   HIT  USD_RUB            rate_emb         lag= 30 m5_p=0.5357  m6_ic=0.0664
[20:22:47]   HIT  USD_RUB            ruble_emb        lag=  7 m5_p=0.7121  m6_ic=0.1193
[20:22:47]   HIT  USD_RUB            ruble_emb        lag= 14 m5_p=0.0550  m6_ic=0.0786
[20:22:48]   HIT  USD_RUB            sanctions_emb    lag=  7 m5_p=0.4124  m6_ic=0.0885
[20:22:48]   HIT  USD_RUB            inflation_emb    lag=  1 m5_p=0.0616  m6_ic=0.0752
[20:22:49]   HIT  USD_RUB            inflation_emb    lag=  7 m5_p=0.8706  m6_ic=0.0327
[20:22:49]   HIT  USD_RUB            inflation_emb    lag= 14 m5_p=0.6877  m6_ic=0.0344
[20:22:49]   HIT  USD_RUB            banking_emb      lag=  1 m5_p=0.9389  m6_ic=0.0921
[20:22:50]   HIT  USD_RUB            banking_emb      lag= 14 m5_p=0.5740  m6_ic=0.0352
[20:22:50]   HIT  USD_RUB            banking_emb      lag= 30 m5_p=0.8252  m6_ic=0.0489
[20:22:50]   HIT  USD_RUB            gold_emb         lag=  7 m5_p=0.9077  m6_ic=0.0349
[20:22:51]   HIT  EUR_RUB            oil_emb          lag=  1 m5_p=0.7448  m6_ic=0.0517
[20:22:51]   HIT  EUR_RUB            oil_emb          lag= 30 m5_p=0.8768  m6_ic=0.0881
[20:22:52]   HIT  EUR_RUB            rate_emb         lag=  1 m5_p=0.0770  m6_ic=0.0326
[20:22:52]   HIT  EUR_RUB            rate_emb         lag=  7 m5_p=0.0680  m6_ic=0.0499
[20:22:52]   HIT  EUR_RUB            rate_emb         lag= 30 m5_p=0.5357  m6_ic=0.0664
[20:22:53]   HIT  EUR_RUB            ruble_emb        lag=  7 m5_p=0.7121  m6_ic=0.1193
[20:22:53]   HIT  EUR_RUB            ruble_emb        lag= 14 m5_p=0.0550  m6_ic=0.0786
[20:22:54]   HIT  EUR_RUB            sanctions_emb    lag=  7 m5_p=0.4124  m6_ic=0.0885
[20:22:54]   HIT  EUR_RUB            inflation_emb    lag=  1 m5_p=0.0616  m6_ic=0.0752
[20:22:54]   HIT  EUR_RUB            inflation_emb    lag=  7 m5_p=0.8706  m6_ic=0.0327
[20:22:55]   HIT  EUR_RUB            inflation_emb    lag= 14 m5_p=0.6877  m6_ic=0.0344
[20:22:55]   HIT  EUR_RUB            banking_emb      lag=  1 m5_p=0.9389  m6_ic=0.0921
[20:22:55]   HIT  EUR_RUB            banking_emb      lag= 14 m5_p=0.5740  m6_ic=0.0352
[20:22:56]   HIT  EUR_RUB            banking_emb      lag= 30 m5_p=0.8252  m6_ic=0.0489
[20:22:56]   HIT  EUR_RUB            gold_emb         lag=  7 m5_p=0.9077  m6_ic=0.0349
[20:22:57]   HIT  DJ_SOUTH_AFRICA    oil_emb          lag=  7 m5_p=0.8485  m6_ic=0.0371
[20:22:57]   HIT  DJ_SOUTH_AFRICA    oil_emb          lag= 14 m5_p=0.5498  m6_ic=0.0927
[20:22:57]   HIT  DJ_SOUTH_AFRICA    oil_emb          lag= 30 m5_p=0.0778  m6_ic=0.0312
[20:22:57]   HIT  DJ_SOUTH_AFRICA    rate_emb         lag=  1 m5_p=0.0638  m6_ic=0.0318
[20:22:58]   HIT  DJ_SOUTH_AFRICA    rate_emb         lag= 14 m5_p=0.4893  m6_ic=0.1174
[20:22:58]   HIT  DJ_SOUTH_AFRICA    rate_emb         lag= 30 m5_p=0.4674  m6_ic=0.0569
[20:22:58]   HIT  DJ_SOUTH_AFRICA    ruble_emb        lag=  1 m5_p=0.5229  m6_ic=0.0604
[20:22:58]   HIT  DJ_SOUTH_AFRICA    ruble_emb        lag=  7 m5_p=0.1380  m6_ic=0.0332
[20:22:59]   HIT  DJ_SOUTH_AFRICA    ruble_emb        lag= 30 m5_p=0.6104  m6_ic=0.0555
[20:22:59]   HIT  DJ_SOUTH_AFRICA    sanctions_emb    lag=  7 m5_p=0.0377  m6_ic=0.0609
[20:22:59]   HIT  DJ_SOUTH_AFRICA    sanctions_emb    lag= 14 m5_p=0.6578  m6_ic=0.0507
[20:23:00]   HIT  DJ_SOUTH_AFRICA    sanctions_emb    lag= 30 m5_p=0.4399  m6_ic=0.0743
[20:23:00]   HIT  DJ_SOUTH_AFRICA    inflation_emb    lag=  1 m5_p=0.7070  m6_ic=0.0432
[20:23:00]   HIT  DJ_SOUTH_AFRICA    inflation_emb    lag=  7 m5_p=0.1537  m6_ic=0.0520
[20:23:00]   HIT  DJ_SOUTH_AFRICA    inflation_emb    lag= 14 m5_p=0.7240  m6_ic=0.0561
[20:23:00]   HIT  DJ_SOUTH_AFRICA    inflation_emb    lag= 30 m5_p=0.8763  m6_ic=0.0535
[20:23:01]   HIT  DJ_SOUTH_AFRICA    banking_emb      lag= 14 m5_p=0.5877  m6_ic=0.0469
[20:23:02]   HIT  DJ_SOUTH_AFRICA    gold_emb         lag=  7 m5_p=0.5567  m6_ic=0.0355
[20:23:02]   HIT  DJ_SOUTH_AFRICA    gold_emb         lag= 14 m5_p=0.2009  m6_ic=0.0807
[20:23:02]   HIT  DJ_SOUTH_AFRICA    gold_emb         lag= 30 m5_p=0.0076  m6_ic=0.0425
[20:23:03]   HIT  MSCI_WORLD         oil_emb          lag= 14 m5_p=0.9228  m6_ic=0.0302
[20:23:03]   HIT  MSCI_WORLD         rate_emb         lag=  1 m5_p=0.9574  m6_ic=0.0328
[20:23:03]   HIT  MSCI_WORLD         rate_emb         lag=  7 m5_p=0.1236  m6_ic=0.0492
[20:23:04]   HIT  MSCI_WORLD         rate_emb         lag= 30 m5_p=0.0772  m6_ic=0.0424
[20:23:05]   HIT  MSCI_WORLD         sanctions_emb    lag=  1 m5_p=0.9459  m6_ic=0.0494
[20:23:05]   HIT  MSCI_WORLD         sanctions_emb    lag=  7 m5_p=0.8661  m6_ic=0.0378
[20:23:06]   HIT  MSCI_WORLD         inflation_emb    lag=  1 m5_p=0.7441  m6_ic=0.0441
[20:23:06]   HIT  MSCI_WORLD         inflation_emb    lag=  7 m5_p=0.6335  m6_ic=0.0340
[20:23:06]   HIT  MSCI_WORLD         inflation_emb    lag= 14 m5_p=0.7948  m6_ic=0.0635
[20:23:06]   HIT  MSCI_WORLD         inflation_emb    lag= 30 m5_p=0.8049  m6_ic=0.0333
[20:23:06]   HIT  MSCI_WORLD         banking_emb      lag=  1 m5_p=0.3836  m6_ic=0.0378
[20:23:06]   HIT  MSCI_WORLD         banking_emb      lag=  7 m5_p=0.7890  m6_ic=0.0945
[20:23:07]   HIT  MSCI_WORLD         gold_emb         lag=  7 m5_p=0.8757  m6_ic=0.0976
[20:23:08]   HIT  MSCI_WORLD         gold_emb         lag= 14 m5_p=0.7950  m6_ic=0.1159
[20:23:08]   HIT  MSCI_WORLD         gold_emb         lag= 30 m5_p=0.4986  m6_ic=0.1011
[20:23:08]   HIT  DXY                oil_emb          lag=  1 m5_p=0.3734  m6_ic=0.0729
[20:23:09]   HIT  DXY                rate_emb         lag=  1 m5_p=0.8318  m6_ic=0.0390
[20:23:09]   HIT  DXY                rate_emb         lag= 14 m5_p=0.0197  m6_ic=0.0767
[20:23:09]   HIT  DXY                rate_emb         lag= 30 m5_p=0.7622  m6_ic=0.0976
[20:23:10]   HIT  DXY                ruble_emb        lag=  7 m5_p=0.6913  m6_ic=0.0592
[20:23:10]   HIT  DXY                ruble_emb        lag= 14 m5_p=0.8382  m6_ic=0.0534
[20:23:10]   HIT  DXY                ruble_emb        lag= 30 m5_p=0.9023  m6_ic=0.0629
[20:23:10]   HIT  DXY                sanctions_emb    lag=  1 m5_p=0.9646  m6_ic=0.0494
[20:23:11]   HIT  DXY                sanctions_emb    lag=  7 m5_p=0.6018  m6_ic=0.0475
[20:23:11]   HIT  DXY                sanctions_emb    lag= 14 m5_p=0.3624  m6_ic=0.0517
[20:23:11]   HIT  DXY                sanctions_emb    lag= 30 m5_p=0.3064  m6_ic=0.1034
[20:23:11]   HIT  DXY                inflation_emb    lag=  7 m5_p=0.2859  m6_ic=0.0588
[20:23:12]   HIT  DXY                inflation_emb    lag= 30 m5_p=0.7154  m6_ic=0.0365
[20:23:12]   HIT  DXY                banking_emb      lag=  1 m5_p=0.2264  m6_ic=0.0820
[20:23:12]   HIT  DXY                banking_emb      lag=  7 m5_p=0.9442  m6_ic=0.0335
[20:23:13]   HIT  DXY                gold_emb         lag=  7 m5_p=0.9126  m6_ic=0.0382
[20:23:13]   HIT  DXY                gold_emb         lag= 14 m5_p=0.6709  m6_ic=0.1237
[20:23:14]   HIT  DXY                gold_emb         lag= 30 m5_p=0.1762  m6_ic=0.0600
[20:23:14]   HIT  BRENT              oil_emb          lag= 14 m5_p=0.6934  m6_ic=0.0400
[20:23:14]   HIT  BRENT              oil_emb          lag= 30 m5_p=0.9130  m6_ic=0.1104
[20:23:15]   HIT  BRENT              rate_emb         lag=  7 m5_p=0.4801  m6_ic=0.0464
[20:23:15]   HIT  BRENT              rate_emb         lag= 30 m5_p=0.2612  m6_ic=0.0692
[20:23:15]   HIT  BRENT              ruble_emb        lag=  1 m5_p=0.7575  m6_ic=0.0686
[20:23:16]   HIT  BRENT              ruble_emb        lag=  7 m5_p=0.0665  m6_ic=0.0500
[20:23:16]   HIT  BRENT              ruble_emb        lag= 14 m5_p=0.8253  m6_ic=0.0390
[20:23:16]   HIT  BRENT              ruble_emb        lag= 30 m5_p=0.3300  m6_ic=0.0935
[20:23:17]   HIT  BRENT              sanctions_emb    lag= 30 m5_p=0.9523  m6_ic=0.0530
[20:23:17]   HIT  BRENT              inflation_emb    lag=  7 m5_p=0.1720  m6_ic=0.0760
[20:23:18]   HIT  BRENT              inflation_emb    lag= 30 m5_p=0.3597  m6_ic=0.0379
[20:23:18]   HIT  BRENT              banking_emb      lag=  1 m5_p=0.8633  m6_ic=0.1119
[20:23:18]   HIT  BRENT              banking_emb      lag=  7 m5_p=0.8160  m6_ic=0.0430
[20:23:19]   HIT  BRENT              gold_emb         lag= 30 m5_p=0.9238  m6_ic=0.0554
[20:23:19]   HIT  MSCI_INDIA         oil_emb          lag=  1 m5_p=0.3292  m6_ic=0.1213
[20:23:20]   HIT  MSCI_INDIA         oil_emb          lag= 30 m5_p=0.3094  m6_ic=0.0502
[20:23:20]   HIT  MSCI_INDIA         rate_emb         lag=  1 m5_p=0.1585  m6_ic=0.0809
[20:23:21]   HIT  MSCI_INDIA         rate_emb         lag= 30 m5_p=0.2502  m6_ic=0.0447
[20:23:21]   HIT  MSCI_INDIA         ruble_emb        lag=  7 m5_p=0.4546  m6_ic=0.0753
[20:23:21]   HIT  MSCI_INDIA         ruble_emb        lag= 14 m5_p=0.7257  m6_ic=0.1170
[20:23:22]   HIT  MSCI_INDIA         ruble_emb        lag= 30 m5_p=0.5483  m6_ic=0.0717
[20:23:23]   HIT  MSCI_INDIA         inflation_emb    lag=  1 m5_p=0.7917  m6_ic=0.0412
[20:23:23]   HIT  MSCI_INDIA         inflation_emb    lag=  7 m5_p=0.5301  m6_ic=0.0356
[20:23:23]   HIT  MSCI_INDIA         inflation_emb    lag= 14 m5_p=0.1285  m6_ic=0.0672
[20:23:23]   HIT  MSCI_INDIA         banking_emb      lag=  1 m5_p=0.9750  m6_ic=0.0367
[20:23:24]   HIT  MSCI_INDIA         banking_emb      lag=  7 m5_p=0.7599  m6_ic=0.0594
[20:23:24]   HIT  MSCI_INDIA         banking_emb      lag= 14 m5_p=0.4523  m6_ic=0.0721
[20:23:24]   HIT  MSCI_INDIA         banking_emb      lag= 30 m5_p=0.2018  m6_ic=0.0762
[20:23:25]   HIT  MSCI_INDIA         gold_emb         lag=  7 m5_p=0.5405  m6_ic=0.0392
[20:23:25]   HIT  MSCI_INDIA         gold_emb         lag= 30 m5_p=0.9170  m6_ic=0.0421
[20:23:25]   HIT  CHINA_H_SHARES     oil_emb          lag=  1 m5_p=0.9909  m6_ic=0.0863
[20:23:26]   HIT  CHINA_H_SHARES     oil_emb          lag= 30 m5_p=0.4361  m6_ic=0.0799
[20:23:26]   HIT  CHINA_H_SHARES     rate_emb         lag=  1 m5_p=0.2178  m6_ic=0.0901
[20:23:26]   HIT  CHINA_H_SHARES     rate_emb         lag=  7 m5_p=0.8553  m6_ic=0.0471
[20:23:26]   HIT  CHINA_H_SHARES     rate_emb         lag= 14 m5_p=0.0364  m6_ic=0.0771
[20:23:27]   HIT  CHINA_H_SHARES     ruble_emb        lag=  1 m5_p=0.0971  m6_ic=0.0371
[20:23:27]   HIT  CHINA_H_SHARES     ruble_emb        lag=  7 m5_p=0.0111  m6_ic=0.0720
[20:23:27]   HIT  CHINA_H_SHARES     ruble_emb        lag= 14 m5_p=0.5494  m6_ic=0.0324
[20:23:28]   HIT  CHINA_H_SHARES     sanctions_emb    lag=  1 m5_p=0.4580  m6_ic=0.0333
[20:23:28]   HIT  CHINA_H_SHARES     sanctions_emb    lag=  7 m5_p=0.6217  m6_ic=0.0547
[20:23:28]   HIT  CHINA_H_SHARES     sanctions_emb    lag= 30 m5_p=0.5367  m6_ic=0.0430
[20:23:29]   HIT  CHINA_H_SHARES     inflation_emb    lag=  7 m5_p=0.9540  m6_ic=0.0496
[20:23:29]   HIT  CHINA_H_SHARES     inflation_emb    lag= 14 m5_p=0.0526  m6_ic=0.0713
[20:23:29]   HIT  CHINA_H_SHARES     inflation_emb    lag= 30 m5_p=0.6533  m6_ic=0.0354
[20:23:29]   HIT  CHINA_H_SHARES     banking_emb      lag=  1 m5_p=0.9612  m6_ic=0.0659
[20:23:29]   HIT  CHINA_H_SHARES     banking_emb      lag=  7 m5_p=0.9848  m6_ic=0.0339
[20:23:30]   HIT  CHINA_H_SHARES     gold_emb         lag=  1 m5_p=0.9468  m6_ic=0.0312
[20:23:30]   HIT  CHINA_H_SHARES     gold_emb         lag=  7 m5_p=0.8447  m6_ic=0.0588
[20:23:30]   HIT  CHINA_H_SHARES     gold_emb         lag= 14 m5_p=0.3694  m6_ic=0.0732
[20:23:31]   HIT  CHINA_H_SHARES     gold_emb         lag= 30 m5_p=0.5720  m6_ic=0.0662
[20:23:31]   HIT  FTSE_CHINA_50      oil_emb          lag=  1 m5_p=0.8237  m6_ic=0.0584
[20:23:31]   HIT  FTSE_CHINA_50      oil_emb          lag= 14 m5_p=0.9464  m6_ic=0.0439
[20:23:31]   HIT  FTSE_CHINA_50      oil_emb          lag= 30 m5_p=0.3816  m6_ic=0.0640
[20:23:32]   HIT  FTSE_CHINA_50      rate_emb         lag=  1 m5_p=0.2613  m6_ic=0.0949
[20:23:32]   HIT  FTSE_CHINA_50      rate_emb         lag=  7 m5_p=0.7846  m6_ic=0.0348
[20:23:32]   HIT  FTSE_CHINA_50      rate_emb         lag= 14 m5_p=0.0304  m6_ic=0.0779
[20:23:32]   HIT  FTSE_CHINA_50      ruble_emb        lag=  1 m5_p=0.0629  m6_ic=0.0780
[20:23:33]   HIT  FTSE_CHINA_50      ruble_emb        lag= 14 m5_p=0.4802  m6_ic=0.0610
[20:23:33]   HIT  FTSE_CHINA_50      sanctions_emb    lag=  7 m5_p=0.6860  m6_ic=0.0559
[20:23:34]   HIT  FTSE_CHINA_50      sanctions_emb    lag= 30 m5_p=0.3571  m6_ic=0.0738
[20:23:34]   HIT  FTSE_CHINA_50      inflation_emb    lag=  7 m5_p=0.8928  m6_ic=0.0538
[20:23:34]   HIT  FTSE_CHINA_50      inflation_emb    lag= 14 m5_p=0.0430  m6_ic=0.0684
[20:23:35]   HIT  FTSE_CHINA_50      inflation_emb    lag= 30 m5_p=0.6400  m6_ic=0.0316
[20:23:35]   HIT  FTSE_CHINA_50      banking_emb      lag=  1 m5_p=0.9411  m6_ic=0.0508
[20:23:35]   HIT  FTSE_CHINA_50      banking_emb      lag=  7 m5_p=0.8064  m6_ic=0.0305
[20:23:36]   HIT  FTSE_CHINA_50      gold_emb         lag=  7 m5_p=0.8589  m6_ic=0.0558
[20:23:36]   HIT  FTSE_CHINA_50      gold_emb         lag= 14 m5_p=0.2419  m6_ic=0.0816
[20:23:36]   HIT  FTSE_CHINA_50      gold_emb         lag= 30 m5_p=0.4803  m6_ic=0.0633
[20:23:37]   HIT  GOLD               oil_emb          lag= 30 m5_p=0.1388  m6_ic=0.1091
[20:23:37]   HIT  GOLD               rate_emb         lag=  1 m5_p=0.9063  m6_ic=0.1404
[20:23:37]   HIT  GOLD               rate_emb         lag=  7 m5_p=0.3280  m6_ic=0.0759
[20:23:38]   HIT  GOLD               rate_emb         lag= 14 m5_p=0.3908  m6_ic=0.1002
[20:23:38]   HIT  GOLD               rate_emb         lag= 30 m5_p=0.4556  m6_ic=0.0459
[20:23:39]   HIT  GOLD               ruble_emb        lag= 30 m5_p=0.4411  m6_ic=0.0488
[20:23:39]   HIT  GOLD               sanctions_emb    lag= 14 m5_p=0.2355  m6_ic=0.0600
[20:23:40]   HIT  GOLD               inflation_emb    lag=  1 m5_p=0.9295  m6_ic=0.1321
[20:23:40]   HIT  GOLD               inflation_emb    lag=  7 m5_p=0.6545  m6_ic=0.0586
[20:23:40]   HIT  GOLD               inflation_emb    lag= 14 m5_p=0.7785  m6_ic=0.0872
[20:23:40]   HIT  GOLD               inflation_emb    lag= 30 m5_p=0.8263  m6_ic=0.0616
[20:23:41]   HIT  GOLD               banking_emb      lag=  7 m5_p=0.3961  m6_ic=0.0477
[20:23:41]   HIT  GOLD               banking_emb      lag= 14 m5_p=0.6257  m6_ic=0.0400
[20:23:41]   HIT  GOLD               banking_emb      lag= 30 m5_p=0.3287  m6_ic=0.0307
[20:23:41]   HIT  GOLD               gold_emb         lag=  1 m5_p=0.3730  m6_ic=0.0464
[20:23:41]   HIT  GOLD               gold_emb         lag=  7 m5_p=0.3488  m6_ic=0.1122
[20:23:42]   HIT  GOLD               gold_emb         lag= 14 m5_p=0.6406  m6_ic=0.0348
[20:23:42]   HIT  GOLD               gold_emb         lag= 30 m5_p=0.6717  m6_ic=0.0388
[20:23:42]   HIT  SILVER             oil_emb          lag=  7 m5_p=0.2003  m6_ic=0.0348
[20:23:42]   HIT  SILVER             oil_emb          lag= 14 m5_p=0.9077  m6_ic=0.0598
[20:23:43]   HIT  SILVER             oil_emb          lag= 30 m5_p=0.2117  m6_ic=0.0714
[20:23:43]   HIT  SILVER             rate_emb         lag=  1 m5_p=0.4332  m6_ic=0.0515
[20:23:43]   HIT  SILVER             rate_emb         lag=  7 m5_p=0.2404  m6_ic=0.0402
[20:23:43]   HIT  SILVER             rate_emb         lag= 14 m5_p=0.4185  m6_ic=0.0338
[20:23:43]   HIT  SILVER             ruble_emb        lag=  1 m5_p=0.5027  m6_ic=0.0679
[20:23:44]   HIT  SILVER             ruble_emb        lag=  7 m5_p=0.1094  m6_ic=0.0335
[20:23:44]   HIT  SILVER             ruble_emb        lag= 14 m5_p=0.7233  m6_ic=0.1006
[20:23:44]   HIT  SILVER             ruble_emb        lag= 30 m5_p=0.8350  m6_ic=0.0465
[20:23:44]   HIT  SILVER             sanctions_emb    lag=  1 m5_p=0.7351  m6_ic=0.1333
[20:23:44]   HIT  SILVER             sanctions_emb    lag=  7 m5_p=0.4999  m6_ic=0.0933
[20:23:45]   HIT  SILVER             inflation_emb    lag=  1 m5_p=0.6911  m6_ic=0.0498
[20:23:45]   HIT  SILVER             inflation_emb    lag= 30 m5_p=0.6921  m6_ic=0.0493
[20:23:46]   HIT  SILVER             banking_emb      lag= 30 m5_p=0.8745  m6_ic=0.0929
[20:23:47]   HIT  SILVER             gold_emb         lag= 14 m5_p=0.9410  m6_ic=0.1223
[20:23:47]   HIT  SILVER             gold_emb         lag= 30 m5_p=0.8730  m6_ic=0.0579
[20:23:48]   HIT  IMOEX              oil_emb          lag= 14 m5_p=0.4171  m6_ic=0.0348
[20:23:48]   HIT  IMOEX              rate_emb         lag=  1 m5_p=0.1216  m6_ic=0.0814
[20:23:48]   HIT  IMOEX              rate_emb         lag= 14 m5_p=0.3900  m6_ic=0.1071
[20:23:49]   HIT  IMOEX              rate_emb         lag= 30 m5_p=0.9239  m6_ic=0.0745
[20:23:49]   HIT  IMOEX              ruble_emb        lag=  1 m5_p=0.3538  m6_ic=0.0605
[20:23:49]   HIT  IMOEX              ruble_emb        lag=  7 m5_p=0.6969  m6_ic=0.1091
[20:23:49]   HIT  IMOEX              ruble_emb        lag= 14 m5_p=0.5752  m6_ic=0.0849
[20:23:49]   HIT  IMOEX              ruble_emb        lag= 30 m5_p=0.3496  m6_ic=0.0328
[20:23:50]   HIT  IMOEX              sanctions_emb    lag=  1 m5_p=0.4070  m6_ic=0.1019
[20:23:50]   HIT  IMOEX              sanctions_emb    lag=  7 m5_p=0.2338  m6_ic=0.1173
[20:23:50]   HIT  IMOEX              inflation_emb    lag=  1 m5_p=0.0887  m6_ic=0.0574
[20:23:51]   HIT  IMOEX              inflation_emb    lag=  7 m5_p=0.2308  m6_ic=0.0342
[20:23:51]   HIT  IMOEX              banking_emb      lag=  7 m5_p=0.8551  m6_ic=0.0688
[20:23:52]   HIT  IMOEX              gold_emb         lag=  7 m5_p=0.1597  m6_ic=0.0659
[20:23:52]   HIT  IMOEX              gold_emb         lag= 14 m5_p=0.4976  m6_ic=0.0706
[20:23:53]   HIT  MOEXFN             oil_emb          lag= 14 m5_p=0.5602  m6_ic=0.0696
[20:23:53]   HIT  MOEXFN             oil_emb          lag= 30 m5_p=0.4331  m6_ic=0.0849
[20:23:54]   HIT  MOEXFN             rate_emb         lag=  7 m5_p=0.3027  m6_ic=0.0508
[20:23:54]   HIT  MOEXFN             rate_emb         lag= 14 m5_p=0.0939  m6_ic=0.0655
[20:23:54]   HIT  MOEXFN             rate_emb         lag= 30 m5_p=0.4588  m6_ic=0.0520
[20:23:54]   HIT  MOEXFN             ruble_emb        lag=  1 m5_p=0.4051  m6_ic=0.0600
[20:23:55]   HIT  MOEXFN             ruble_emb        lag=  7 m5_p=0.9184  m6_ic=0.0448
[20:23:55]   HIT  MOEXFN             ruble_emb        lag= 14 m5_p=0.9268  m6_ic=0.0307
[20:23:55]   HIT  MOEXFN             sanctions_emb    lag=  1 m5_p=0.5545  m6_ic=0.1003
[20:23:55]   HIT  MOEXFN             sanctions_emb    lag=  7 m5_p=0.2675  m6_ic=0.0685
[20:23:56]   HIT  MOEXFN             sanctions_emb    lag= 30 m5_p=0.6794  m6_ic=0.0667
[20:23:56]   HIT  MOEXFN             inflation_emb    lag= 14 m5_p=0.8303  m6_ic=0.0796
[20:23:57]   HIT  MOEXFN             banking_emb      lag=  1 m5_p=0.4235  m6_ic=0.0403
[20:23:57]   HIT  MOEXFN             banking_emb      lag=  7 m5_p=0.9354  m6_ic=0.0636
[20:23:57]   HIT  MOEXFN             banking_emb      lag= 30 m5_p=0.8517  m6_ic=0.0600
[20:23:58]   HIT  MOEXFN             gold_emb         lag=  1 m5_p=0.8897  m6_ic=0.0880
[20:23:58]   HIT  MOEXFN             gold_emb         lag=  7 m5_p=0.3467  m6_ic=0.0796
[20:23:58]   HIT  MOEXFN             gold_emb         lag= 14 m5_p=0.3763  m6_ic=0.0406
[20:23:58]   HIT  MOEXFN             gold_emb         lag= 30 m5_p=0.2654  m6_ic=0.0391
[20:23:58]   HIT  MOEXOG             oil_emb          lag=  1 m5_p=0.6638  m6_ic=0.0427
[20:23:59]   HIT  MOEXOG             oil_emb          lag=  7 m5_p=0.0552  m6_ic=0.0383
[20:23:59]   HIT  MOEXOG             rate_emb         lag=  1 m5_p=0.0466  m6_ic=0.0488
[20:24:00]   HIT  MOEXOG             rate_emb         lag= 14 m5_p=0.5690  m6_ic=0.0847
[20:24:00]   HIT  MOEXOG             rate_emb         lag= 30 m5_p=0.4720  m6_ic=0.1227
[20:24:00]   HIT  MOEXOG             ruble_emb        lag=  1 m5_p=0.3281  m6_ic=0.0496
[20:24:00]   HIT  MOEXOG             ruble_emb        lag=  7 m5_p=0.6356  m6_ic=0.0826
[20:24:01]   HIT  MOEXOG             ruble_emb        lag= 14 m5_p=0.7891  m6_ic=0.0479
[20:24:01]   HIT  MOEXOG             sanctions_emb    lag=  1 m5_p=0.3517  m6_ic=0.1262
[20:24:01]   HIT  MOEXOG             sanctions_emb    lag=  7 m5_p=0.5112  m6_ic=0.1113
[20:24:02]   HIT  MOEXOG             sanctions_emb    lag= 30 m5_p=0.5821  m6_ic=0.0788
[20:24:02]   HIT  MOEXOG             inflation_emb    lag= 30 m5_p=0.5215  m6_ic=0.0323
[20:24:03]   HIT  MOEXOG             banking_emb      lag=  7 m5_p=0.9745  m6_ic=0.0637
[20:24:04]   HIT  MOEXOG             gold_emb         lag=  7 m5_p=0.2981  m6_ic=0.0520
[20:24:04]   HIT  MOEXOG             gold_emb         lag= 14 m5_p=0.4966  m6_ic=0.0451
[20:24:04]   HIT  MOEX10             oil_emb          lag=  7 m5_p=0.1319  m6_ic=0.0357
[20:24:05]   HIT  MOEX10             oil_emb          lag= 30 m5_p=0.1828  m6_ic=0.0573
[20:24:05]   HIT  MOEX10             rate_emb         lag=  1 m5_p=0.0783  m6_ic=0.0526
[20:24:05]   HIT  MOEX10             rate_emb         lag=  7 m5_p=0.2159  m6_ic=0.0714
[20:24:05]   HIT  MOEX10             rate_emb         lag= 14 m5_p=0.4691  m6_ic=0.0495
[20:24:06]   HIT  MOEX10             rate_emb         lag= 30 m5_p=0.7477  m6_ic=0.0642
[20:24:06]   HIT  MOEX10             ruble_emb        lag=  1 m5_p=0.3155  m6_ic=0.0362
[20:24:06]   HIT  MOEX10             ruble_emb        lag= 14 m5_p=0.8507  m6_ic=0.0382
[20:24:07]   HIT  MOEX10             sanctions_emb    lag=  1 m5_p=0.4780  m6_ic=0.1139
[20:24:07]   HIT  MOEX10             inflation_emb    lag=  1 m5_p=0.1605  m6_ic=0.0351
[20:24:08]   HIT  MOEX10             inflation_emb    lag= 14 m5_p=0.9331  m6_ic=0.0770
[20:24:08]   HIT  MOEX10             banking_emb      lag=  7 m5_p=0.9801  m6_ic=0.0639
[20:24:09]   HIT  MOEX10             banking_emb      lag= 14 m5_p=0.8787  m6_ic=0.0447
[20:24:09]   HIT  MOEX10             gold_emb         lag=  1 m5_p=0.6671  m6_ic=0.0503
[20:24:09]   HIT  MOEX10             gold_emb         lag=  7 m5_p=0.1483  m6_ic=0.1153
[20:24:10]   HIT  MOEX10             gold_emb         lag= 30 m5_p=0.3250  m6_ic=0.0731
[20:24:10]     Train: 262 signals
[20:24:10]     Val holdout (262 candidates)...
[20:24:10]     VAL PASS  SP500              oil_emb          lag= 30  m6_ic=0.0899
[20:24:10]     VAL PASS  SP500              ruble_emb        lag= 14  m6_ic=0.0561
[20:24:11]     VAL PASS  SP500              sanctions_emb    lag= 14  m6_ic=0.0681
[20:24:11]     VAL PASS  SP500              inflation_emb    lag=  1  m6_ic=0.0792
[20:24:11]     VAL PASS  SP500              inflation_emb    lag=  7  m6_ic=0.0586
[20:24:11]     VAL PASS  SP500              inflation_emb    lag= 30  m6_ic=0.0427
[20:24:12]     VAL PASS  SP500              gold_emb         lag= 14  m6_ic=0.0313
[20:24:12]     VAL PASS  USD_RUB            oil_emb          lag=  1  m6_ic=0.0595
[20:24:12]     VAL PASS  USD_RUB            oil_emb          lag= 30  m6_ic=0.0648
[20:24:12]     VAL PASS  USD_RUB            rate_emb         lag=  1  m6_ic=0.0521
[20:24:12]     VAL PASS  USD_RUB            rate_emb         lag=  7  m6_ic=0.0720
[20:24:13]     VAL PASS  USD_RUB            rate_emb         lag= 30  m6_ic=0.0915
[20:24:13]     VAL PASS  USD_RUB            ruble_emb        lag=  7  m6_ic=0.0375
[20:24:13]     VAL PASS  USD_RUB            ruble_emb        lag= 14  m6_ic=0.0778
[20:24:13]     VAL PASS  USD_RUB            sanctions_emb    lag=  7  m6_ic=0.0617
[20:24:14]     VAL PASS  USD_RUB            inflation_emb    lag=  7  m6_ic=0.0986
[20:24:14]     VAL PASS  USD_RUB            banking_emb      lag=  1  m6_ic=0.0940
[20:24:14]     VAL PASS  USD_RUB            banking_emb      lag= 30  m6_ic=0.0485
[20:24:15]     VAL PASS  USD_RUB            gold_emb         lag=  7  m6_ic=0.0684
[20:24:15]     VAL PASS  EUR_RUB            oil_emb          lag=  1  m6_ic=0.0595
[20:24:15]     VAL PASS  EUR_RUB            oil_emb          lag= 30  m6_ic=0.0648
[20:24:15]     VAL PASS  EUR_RUB            rate_emb         lag=  1  m6_ic=0.0521
[20:24:15]     VAL PASS  EUR_RUB            rate_emb         lag=  7  m6_ic=0.0720
[20:24:16]     VAL PASS  EUR_RUB            rate_emb         lag= 30  m6_ic=0.0915
[20:24:16]     VAL PASS  EUR_RUB            ruble_emb        lag=  7  m6_ic=0.0375
[20:24:16]     VAL PASS  EUR_RUB            ruble_emb        lag= 14  m6_ic=0.0778
[20:24:16]     VAL PASS  EUR_RUB            sanctions_emb    lag=  7  m6_ic=0.0617
[20:24:16]     VAL PASS  EUR_RUB            inflation_emb    lag=  7  m6_ic=0.0986
[20:24:17]     VAL PASS  EUR_RUB            banking_emb      lag=  1  m6_ic=0.0940
[20:24:17]     VAL PASS  EUR_RUB            banking_emb      lag= 30  m6_ic=0.0485
[20:24:17]     VAL PASS  EUR_RUB            gold_emb         lag=  7  m6_ic=0.0684
[20:24:18]     VAL PASS  DJ_SOUTH_AFRICA    oil_emb          lag= 14  m6_ic=0.0911
[20:24:18]     VAL PASS  DJ_SOUTH_AFRICA    oil_emb          lag= 30  m6_ic=0.0797
[20:24:18]     VAL PASS  DJ_SOUTH_AFRICA    rate_emb         lag=  1  m6_ic=0.0811
[20:24:18]     VAL PASS  DJ_SOUTH_AFRICA    rate_emb         lag= 14  m6_ic=0.1277
[20:24:18]     VAL PASS  DJ_SOUTH_AFRICA    rate_emb         lag= 30  m6_ic=0.0900
[20:24:19]     VAL PASS  DJ_SOUTH_AFRICA    ruble_emb        lag=  1  m6_ic=0.0375
[20:24:19]     VAL PASS  DJ_SOUTH_AFRICA    sanctions_emb    lag=  7  m6_ic=0.0345
[20:24:19]     VAL PASS  DJ_SOUTH_AFRICA    sanctions_emb    lag= 14  m6_ic=0.0326
[20:24:20]     VAL PASS  DJ_SOUTH_AFRICA    inflation_emb    lag= 14  m6_ic=0.0367
[20:24:20]     VAL PASS  DJ_SOUTH_AFRICA    inflation_emb    lag= 30  m6_ic=0.0317
[20:24:20]     VAL PASS  DJ_SOUTH_AFRICA    banking_emb      lag= 14  m6_ic=0.0761
[20:24:21]     VAL PASS  DJ_SOUTH_AFRICA    gold_emb         lag=  7  m6_ic=0.0435
[20:24:21]     VAL PASS  MSCI_WORLD         oil_emb          lag= 14  m6_ic=0.0370
[20:24:21]     VAL PASS  MSCI_WORLD         rate_emb         lag=  1  m6_ic=0.0447
[20:24:22]     VAL PASS  MSCI_WORLD         rate_emb         lag=  7  m6_ic=0.0648
[20:24:22]     VAL PASS  MSCI_WORLD         rate_emb         lag= 30  m6_ic=0.0473
[20:24:22]     VAL PASS  MSCI_WORLD         inflation_emb    lag=  1  m6_ic=0.0352
[20:24:23]     VAL PASS  MSCI_WORLD         inflation_emb    lag= 30  m6_ic=0.0406
[20:24:23]     VAL PASS  MSCI_WORLD         banking_emb      lag=  7  m6_ic=0.0492
[20:24:24]     VAL PASS  MSCI_WORLD         gold_emb         lag= 14  m6_ic=0.1109
[20:24:24]     VAL PASS  DXY                rate_emb         lag=  1  m6_ic=0.0713
[20:24:24]     VAL PASS  DXY                rate_emb         lag= 14  m6_ic=0.0358
[20:24:25]     VAL PASS  DXY                rate_emb         lag= 30  m6_ic=0.0598
[20:24:25]     VAL PASS  DXY                ruble_emb        lag=  7  m6_ic=0.0603
[20:24:25]     VAL PASS  DXY                ruble_emb        lag= 30  m6_ic=0.0364
[20:24:25]     VAL PASS  DXY                sanctions_emb    lag=  1  m6_ic=0.0566
[20:24:26]     VAL PASS  DXY                sanctions_emb    lag=  7  m6_ic=0.0506
[20:24:26]     VAL PASS  DXY                sanctions_emb    lag= 14  m6_ic=0.0835
[20:24:26]     VAL PASS  DXY                sanctions_emb    lag= 30  m6_ic=0.0392
[20:24:26]     VAL PASS  DXY                inflation_emb    lag=  7  m6_ic=0.0584
[20:24:26]     VAL PASS  DXY                inflation_emb    lag= 30  m6_ic=0.0529
[20:24:27]     VAL PASS  DXY                banking_emb      lag=  1  m6_ic=0.0350
[20:24:27]     VAL PASS  DXY                banking_emb      lag=  7  m6_ic=0.1067
[20:24:27]     VAL PASS  DXY                gold_emb         lag=  7  m6_ic=0.0760
[20:24:27]     VAL PASS  DXY                gold_emb         lag= 30  m6_ic=0.0619
[20:24:27]     VAL PASS  BRENT              oil_emb          lag= 14  m6_ic=0.0320
[20:24:28]     VAL PASS  BRENT              oil_emb          lag= 30  m6_ic=0.0584
[20:24:28]     VAL PASS  BRENT              rate_emb         lag=  7  m6_ic=0.0580
[20:24:28]     VAL PASS  BRENT              rate_emb         lag= 30  m6_ic=0.1135
[20:24:28]     VAL PASS  BRENT              ruble_emb        lag=  1  m6_ic=0.0408
[20:24:28]     VAL PASS  BRENT              ruble_emb        lag=  7  m6_ic=0.0386
[20:24:29]     VAL PASS  BRENT              ruble_emb        lag= 14  m6_ic=0.0512
[20:24:29]     VAL PASS  BRENT              ruble_emb        lag= 30  m6_ic=0.0439
[20:24:29]     VAL PASS  BRENT              inflation_emb    lag= 30  m6_ic=0.0603
[20:24:30]     VAL PASS  BRENT              gold_emb         lag= 30  m6_ic=0.0449
[20:24:30]     VAL PASS  MSCI_INDIA         oil_emb          lag=  1  m6_ic=0.0400
[20:24:30]     VAL PASS  MSCI_INDIA         oil_emb          lag= 30  m6_ic=0.0405
[20:24:31]     VAL PASS  MSCI_INDIA         rate_emb         lag=  1  m6_ic=0.0366
[20:24:31]     VAL PASS  MSCI_INDIA         rate_emb         lag= 30  m6_ic=0.0733
[20:24:31]     VAL PASS  MSCI_INDIA         ruble_emb        lag=  7  m6_ic=0.0481
[20:24:31]     VAL PASS  MSCI_INDIA         ruble_emb        lag= 30  m6_ic=0.0554
[20:24:32]     VAL PASS  MSCI_INDIA         inflation_emb    lag=  7  m6_ic=0.0963
[20:24:32]     VAL PASS  MSCI_INDIA         inflation_emb    lag= 14  m6_ic=0.0752
[20:24:32]     VAL PASS  MSCI_INDIA         banking_emb      lag=  1  m6_ic=0.0923
[20:24:32]     VAL PASS  MSCI_INDIA         banking_emb      lag=  7  m6_ic=0.0425
[20:24:33]     VAL PASS  MSCI_INDIA         banking_emb      lag= 30  m6_ic=0.1132
[20:24:33]     VAL PASS  MSCI_INDIA         gold_emb         lag=  7  m6_ic=0.0450
[20:24:33]     VAL PASS  MSCI_INDIA         gold_emb         lag= 30  m6_ic=0.0345
[20:24:33]     VAL PASS  CHINA_H_SHARES     oil_emb          lag=  1  m6_ic=0.0608
[20:24:34]     VAL PASS  CHINA_H_SHARES     oil_emb          lag= 30  m6_ic=0.1113
[20:24:34]     VAL PASS  CHINA_H_SHARES     rate_emb         lag=  7  m6_ic=0.0354
[20:24:34]     VAL PASS  CHINA_H_SHARES     rate_emb         lag= 14  m6_ic=0.0331
[20:24:34]     VAL PASS  CHINA_H_SHARES     ruble_emb        lag=  7  m6_ic=0.0892
[20:24:35]     VAL PASS  CHINA_H_SHARES     ruble_emb        lag= 14  m6_ic=0.1280
[20:24:35]     VAL PASS  CHINA_H_SHARES     sanctions_emb    lag=  1  m6_ic=0.0474
[20:24:35]     VAL PASS  CHINA_H_SHARES     sanctions_emb    lag=  7  m6_ic=0.0572
[20:24:35]     VAL PASS  CHINA_H_SHARES     sanctions_emb    lag= 30  m6_ic=0.0897
[20:24:35]     VAL PASS  CHINA_H_SHARES     inflation_emb    lag=  7  m6_ic=0.0534
[20:24:36]     VAL PASS  CHINA_H_SHARES     inflation_emb    lag= 14  m6_ic=0.0379
[20:24:36]     VAL PASS  CHINA_H_SHARES     inflation_emb    lag= 30  m6_ic=0.1258
[20:24:37]     VAL PASS  CHINA_H_SHARES     gold_emb         lag=  7  m6_ic=0.1018
[20:24:37]     VAL PASS  CHINA_H_SHARES     gold_emb         lag= 14  m6_ic=0.0745
[20:24:37]     VAL PASS  CHINA_H_SHARES     gold_emb         lag= 30  m6_ic=0.0575
[20:24:37]     VAL PASS  FTSE_CHINA_50      oil_emb          lag= 14  m6_ic=0.0456
[20:24:38]     VAL PASS  FTSE_CHINA_50      oil_emb          lag= 30  m6_ic=0.0821
[20:24:38]     VAL PASS  FTSE_CHINA_50      rate_emb         lag=  1  m6_ic=0.0402
[20:24:38]     VAL PASS  FTSE_CHINA_50      rate_emb         lag= 14  m6_ic=0.0535
[20:24:38]     VAL PASS  FTSE_CHINA_50      ruble_emb        lag= 14  m6_ic=0.0635
[20:24:39]     VAL PASS  FTSE_CHINA_50      sanctions_emb    lag=  7  m6_ic=0.0501
[20:24:39]     VAL PASS  FTSE_CHINA_50      sanctions_emb    lag= 30  m6_ic=0.0560
[20:24:39]     VAL PASS  FTSE_CHINA_50      inflation_emb    lag=  7  m6_ic=0.0397
[20:24:39]     VAL PASS  FTSE_CHINA_50      inflation_emb    lag= 14  m6_ic=0.0955
[20:24:40]     VAL PASS  FTSE_CHINA_50      banking_emb      lag=  1  m6_ic=0.0494
[20:24:40]     VAL PASS  FTSE_CHINA_50      gold_emb         lag=  7  m6_ic=0.0691
[20:24:40]     VAL PASS  FTSE_CHINA_50      gold_emb         lag= 14  m6_ic=0.0930
[20:24:40]     VAL PASS  FTSE_CHINA_50      gold_emb         lag= 30  m6_ic=0.0742
[20:24:41]     VAL PASS  GOLD               rate_emb         lag= 30  m6_ic=0.1112
[20:24:42]     VAL PASS  GOLD               inflation_emb    lag=  1  m6_ic=0.0444
[20:24:42]     VAL PASS  GOLD               inflation_emb    lag=  7  m6_ic=0.1382
[20:24:42]     VAL PASS  GOLD               inflation_emb    lag= 30  m6_ic=0.0972
[20:24:43]     VAL PASS  GOLD               banking_emb      lag=  7  m6_ic=0.1155
[20:24:43]     VAL PASS  GOLD               gold_emb         lag=  7  m6_ic=0.0636
[20:24:43]     VAL PASS  GOLD               gold_emb         lag= 14  m6_ic=0.0313
[20:24:44]     VAL PASS  SILVER             oil_emb          lag=  7  m6_ic=0.0794
[20:24:44]     VAL PASS  SILVER             oil_emb          lag= 14  m6_ic=0.0371
[20:24:44]     VAL PASS  SILVER             oil_emb          lag= 30  m6_ic=0.1323
[20:24:45]     VAL PASS  SILVER             rate_emb         lag=  7  m6_ic=0.0511
[20:24:45]     VAL PASS  SILVER             rate_emb         lag= 14  m6_ic=0.1074
[20:24:45]     VAL PASS  SILVER             ruble_emb        lag=  7  m6_ic=0.0758
[20:24:46]     VAL PASS  SILVER             inflation_emb    lag=  1  m6_ic=0.0448
[20:24:46]     VAL PASS  SILVER             inflation_emb    lag= 30  m6_ic=0.1342
[20:24:46]     VAL PASS  SILVER             banking_emb      lag= 30  m6_ic=0.0590
[20:24:47]     VAL PASS  SILVER             gold_emb         lag= 14  m6_ic=0.0661
[20:24:47]     VAL PASS  SILVER             gold_emb         lag= 30  m6_ic=0.1091
[20:24:47]     VAL PASS  IMOEX              oil_emb          lag= 14  m6_ic=0.0745
[20:24:47]     VAL PASS  IMOEX              rate_emb         lag= 14  m6_ic=0.1414
[20:24:47]     VAL PASS  IMOEX              rate_emb         lag= 30  m6_ic=0.1107
[20:24:48]     VAL PASS  IMOEX              ruble_emb        lag=  1  m6_ic=0.0690
[20:24:48]     VAL PASS  IMOEX              ruble_emb        lag=  7  m6_ic=0.0384
[20:24:48]     VAL PASS  IMOEX              ruble_emb        lag= 14  m6_ic=0.0690
[20:24:48]     VAL PASS  IMOEX              ruble_emb        lag= 30  m6_ic=0.0530
[20:24:48]     VAL PASS  IMOEX              sanctions_emb    lag=  1  m6_ic=0.0531
[20:24:49]     VAL PASS  IMOEX              sanctions_emb    lag=  7  m6_ic=0.0613
[20:24:49]     VAL PASS  IMOEX              inflation_emb    lag=  1  m6_ic=0.0941
[20:24:49]     VAL PASS  IMOEX              banking_emb      lag=  7  m6_ic=0.0366
[20:24:50]     VAL PASS  MOEXFN             oil_emb          lag= 30  m6_ic=0.0898
[20:24:50]     VAL PASS  MOEXFN             rate_emb         lag=  7  m6_ic=0.0698
[20:24:50]     VAL PASS  MOEXFN             rate_emb         lag= 14  m6_ic=0.1303
[20:24:50]     VAL PASS  MOEXFN             rate_emb         lag= 30  m6_ic=0.0674
[20:24:51]     VAL PASS  MOEXFN             ruble_emb        lag=  1  m6_ic=0.0860
[20:24:51]     VAL PASS  MOEXFN             ruble_emb        lag=  7  m6_ic=0.0409
[20:24:51]     VAL PASS  MOEXFN             ruble_emb        lag= 14  m6_ic=0.0746
[20:24:51]     VAL PASS  MOEXFN             sanctions_emb    lag=  1  m6_ic=0.0320
[20:24:52]     VAL PASS  MOEXFN             sanctions_emb    lag= 30  m6_ic=0.1165
[20:24:52]     VAL PASS  MOEXFN             banking_emb      lag=  1  m6_ic=0.0617
[20:24:52]     VAL PASS  MOEXFN             banking_emb      lag=  7  m6_ic=0.0610
[20:24:52]     VAL PASS  MOEXFN             gold_emb         lag=  1  m6_ic=0.0431
[20:24:53]     VAL PASS  MOEXFN             gold_emb         lag= 14  m6_ic=0.0671
[20:24:53]     VAL PASS  MOEXFN             gold_emb         lag= 30  m6_ic=0.0432
[20:24:53]     VAL PASS  MOEXOG             oil_emb          lag=  7  m6_ic=0.0760
[20:24:54]     VAL PASS  MOEXOG             rate_emb         lag=  1  m6_ic=0.0724
[20:24:54]     VAL PASS  MOEXOG             rate_emb         lag= 14  m6_ic=0.1214
[20:24:54]     VAL PASS  MOEXOG             rate_emb         lag= 30  m6_ic=0.0919
[20:24:54]     VAL PASS  MOEXOG             ruble_emb        lag=  1  m6_ic=0.0717
[20:24:54]     VAL PASS  MOEXOG             ruble_emb        lag=  7  m6_ic=0.0711
[20:24:55]     VAL PASS  MOEXOG             ruble_emb        lag= 14  m6_ic=0.0693
[20:24:55]     VAL PASS  MOEXOG             sanctions_emb    lag=  1  m6_ic=0.0403
[20:24:55]     VAL PASS  MOEXOG             sanctions_emb    lag=  7  m6_ic=0.0598
[20:24:55]     VAL PASS  MOEXOG             sanctions_emb    lag= 30  m6_ic=0.0790
[20:24:55]     VAL PASS  MOEXOG             inflation_emb    lag= 30  m6_ic=0.1262
[20:24:55]     VAL PASS  MOEXOG             banking_emb      lag=  7  m6_ic=0.0733
[20:24:56]     VAL PASS  MOEXOG             gold_emb         lag= 14  m6_ic=0.0309
[20:24:56]     VAL PASS  MOEX10             oil_emb          lag=  7  m6_ic=0.0325
[20:24:56]     VAL PASS  MOEX10             oil_emb          lag= 30  m6_ic=0.0996
[20:24:56]     VAL PASS  MOEX10             rate_emb         lag=  1  m6_ic=0.0347
[20:24:57]     VAL PASS  MOEX10             rate_emb         lag= 14  m6_ic=0.1375
[20:24:57]     VAL PASS  MOEX10             rate_emb         lag= 30  m6_ic=0.0699
[20:24:57]     VAL PASS  MOEX10             ruble_emb        lag=  1  m6_ic=0.0934
[20:24:57]     VAL PASS  MOEX10             ruble_emb        lag= 14  m6_ic=0.0760
[20:24:58]     VAL PASS  MOEX10             sanctions_emb    lag=  1  m6_ic=0.0568
[20:24:58]     VAL PASS  MOEX10             inflation_emb    lag=  1  m6_ic=0.0965
[20:24:58]     VAL PASS  MOEX10             inflation_emb    lag= 14  m6_ic=0.0362
[20:24:58]     VAL PASS  MOEX10             banking_emb      lag=  7  m6_ic=0.0565
[20:24:59]     VAL PASS  MOEX10             gold_emb         lag=  7  m6_ic=0.0845
[20:24:59]     VAL PASS  MOEX10             gold_emb         lag= 30  m6_ic=0.0375
[20:24:59]     Val: 186/262 held
[20:24:59]   → train=262  val=186  max_ic=0.1404  score=2787.3
[20:24:59] 
============================================================
[20:24:59] FINAL REPORT
[20:24:59] ============================================================
[20:24:59] Report: C:\project\signal_mind\analytics\phase_b\night_search\night_report_20260520_200111.md
[20:24:59] Hits CSV: C:\project\signal_mind\analytics\phase_b\night_search\night_hits_20260520_200111.csv
[20:24:59] 
[11/15] sweep_embedding_raw_abs_return  (budget=91min)
[20:24:59]   Config: sweep_embedding_raw_abs_return
[20:24:59]     feature=embedding_raw  target=abs_return  ensemble=M6_only  ic_min=0.03
[20:25:00]   HIT  SP500              oil_emb          lag= 30 m5_p=0.7391  m6_ic=0.0739
[20:25:02]   HIT  SP500              ruble_emb        lag=  7 m5_p=0.1061  m6_ic=0.0664
[20:25:02]   HIT  SP500              ruble_emb        lag= 14 m5_p=0.6187  m6_ic=0.0796
[20:25:02]   HIT  SP500              sanctions_emb    lag=  1 m5_p=0.1713  m6_ic=0.0536
[20:25:02]   HIT  SP500              sanctions_emb    lag=  7 m5_p=0.0916  m6_ic=0.0553
[20:25:03]   HIT  SP500              sanctions_emb    lag= 14 m5_p=0.1534  m6_ic=0.0360
[20:25:03]   HIT  SP500              inflation_emb    lag=  1 m5_p=0.9406  m6_ic=0.0484
[20:25:03]   HIT  SP500              inflation_emb    lag=  7 m5_p=0.3355  m6_ic=0.1011
[20:25:04]   HIT  SP500              inflation_emb    lag= 30 m5_p=0.5788  m6_ic=0.0506
[20:25:04]   HIT  SP500              banking_emb      lag=  1 m5_p=0.5709  m6_ic=0.0312
[20:25:05]   HIT  SP500              gold_emb         lag= 14 m5_p=0.4467  m6_ic=0.0763
[20:25:06]   HIT  USD_RUB            oil_emb          lag=  1 m5_p=0.7448  m6_ic=0.0517
[20:25:06]   HIT  USD_RUB            oil_emb          lag= 30 m5_p=0.8768  m6_ic=0.0881
[20:25:06]   HIT  USD_RUB            rate_emb         lag=  1 m5_p=0.0770  m6_ic=0.0326
[20:25:06]   HIT  USD_RUB            rate_emb         lag=  7 m5_p=0.0680  m6_ic=0.0499
[20:25:07]   HIT  USD_RUB            rate_emb         lag= 30 m5_p=0.5357  m6_ic=0.0664
[20:25:07]   HIT  USD_RUB            ruble_emb        lag=  7 m5_p=0.7121  m6_ic=0.1193
[20:25:08]   HIT  USD_RUB            ruble_emb        lag= 14 m5_p=0.0550  m6_ic=0.0786
[20:25:08]   HIT  USD_RUB            sanctions_emb    lag=  7 m5_p=0.4124  m6_ic=0.0885
[20:25:09]   HIT  USD_RUB            inflation_emb    lag=  1 m5_p=0.0616  m6_ic=0.0752
[20:25:09]   HIT  USD_RUB            inflation_emb    lag=  7 m5_p=0.8706  m6_ic=0.0327
[20:25:09]   HIT  USD_RUB            inflation_emb    lag= 14 m5_p=0.6877  m6_ic=0.0344
[20:25:10]   HIT  USD_RUB            banking_emb      lag=  1 m5_p=0.9389  m6_ic=0.0921
[20:25:10]   HIT  USD_RUB            banking_emb      lag= 14 m5_p=0.5740  m6_ic=0.0352
[20:25:10]   HIT  USD_RUB            banking_emb      lag= 30 m5_p=0.8252  m6_ic=0.0489
[20:25:10]   HIT  USD_RUB            gold_emb         lag=  7 m5_p=0.9077  m6_ic=0.0349
[20:25:11]   HIT  EUR_RUB            oil_emb          lag=  1 m5_p=0.7448  m6_ic=0.0517
[20:25:12]   HIT  EUR_RUB            oil_emb          lag= 30 m5_p=0.8768  m6_ic=0.0881
[20:25:12]   HIT  EUR_RUB            rate_emb         lag=  1 m5_p=0.0770  m6_ic=0.0326
[20:25:12]   HIT  EUR_RUB            rate_emb         lag=  7 m5_p=0.0680  m6_ic=0.0499
[20:25:13]   HIT  EUR_RUB            rate_emb         lag= 30 m5_p=0.5357  m6_ic=0.0664
[20:25:13]   HIT  EUR_RUB            ruble_emb        lag=  7 m5_p=0.7121  m6_ic=0.1193
[20:25:13]   HIT  EUR_RUB            ruble_emb        lag= 14 m5_p=0.0550  m6_ic=0.0786
[20:25:14]   HIT  EUR_RUB            sanctions_emb    lag=  7 m5_p=0.4124  m6_ic=0.0885
[20:25:14]   HIT  EUR_RUB            inflation_emb    lag=  1 m5_p=0.0616  m6_ic=0.0752
[20:25:14]   HIT  EUR_RUB            inflation_emb    lag=  7 m5_p=0.8706  m6_ic=0.0327
[20:25:15]   HIT  EUR_RUB            inflation_emb    lag= 14 m5_p=0.6877  m6_ic=0.0344
[20:25:15]   HIT  EUR_RUB            banking_emb      lag=  1 m5_p=0.9389  m6_ic=0.0921
[20:25:15]   HIT  EUR_RUB            banking_emb      lag= 14 m5_p=0.5740  m6_ic=0.0352
[20:25:16]   HIT  EUR_RUB            banking_emb      lag= 30 m5_p=0.8252  m6_ic=0.0489
[20:25:16]   HIT  EUR_RUB            gold_emb         lag=  7 m5_p=0.9077  m6_ic=0.0349
[20:25:17]   HIT  DJ_SOUTH_AFRICA    oil_emb          lag=  7 m5_p=0.8485  m6_ic=0.0371
[20:25:17]   HIT  DJ_SOUTH_AFRICA    oil_emb          lag= 14 m5_p=0.5498  m6_ic=0.0927
[20:25:17]   HIT  DJ_SOUTH_AFRICA    oil_emb          lag= 30 m5_p=0.0778  m6_ic=0.0312
[20:25:17]   HIT  DJ_SOUTH_AFRICA    rate_emb         lag=  1 m5_p=0.0638  m6_ic=0.0318
[20:25:18]   HIT  DJ_SOUTH_AFRICA    rate_emb         lag= 14 m5_p=0.4893  m6_ic=0.1174
[20:25:18]   HIT  DJ_SOUTH_AFRICA    rate_emb         lag= 30 m5_p=0.4674  m6_ic=0.0569
[20:25:18]   HIT  DJ_SOUTH_AFRICA    ruble_emb        lag=  1 m5_p=0.5229  m6_ic=0.0604
[20:25:19]   HIT  DJ_SOUTH_AFRICA    ruble_emb        lag=  7 m5_p=0.1380  m6_ic=0.0332
[20:25:19]   HIT  DJ_SOUTH_AFRICA    ruble_emb        lag= 30 m5_p=0.6104  m6_ic=0.0555
[20:25:19]   HIT  DJ_SOUTH_AFRICA    sanctions_emb    lag=  7 m5_p=0.0377  m6_ic=0.0609
[20:25:20]   HIT  DJ_SOUTH_AFRICA    sanctions_emb    lag= 14 m5_p=0.6578  m6_ic=0.0507
[20:25:20]   HIT  DJ_SOUTH_AFRICA    sanctions_emb    lag= 30 m5_p=0.4399  m6_ic=0.0743
[20:25:20]   HIT  DJ_SOUTH_AFRICA    inflation_emb    lag=  1 m5_p=0.7070  m6_ic=0.0432
[20:25:20]   HIT  DJ_SOUTH_AFRICA    inflation_emb    lag=  7 m5_p=0.1537  m6_ic=0.0520
[20:25:20]   HIT  DJ_SOUTH_AFRICA    inflation_emb    lag= 14 m5_p=0.7240  m6_ic=0.0561
[20:25:21]   HIT  DJ_SOUTH_AFRICA    inflation_emb    lag= 30 m5_p=0.8763  m6_ic=0.0535
[20:25:21]   HIT  DJ_SOUTH_AFRICA    banking_emb      lag= 14 m5_p=0.5877  m6_ic=0.0469
[20:25:22]   HIT  DJ_SOUTH_AFRICA    gold_emb         lag=  7 m5_p=0.5567  m6_ic=0.0355
[20:25:22]   HIT  DJ_SOUTH_AFRICA    gold_emb         lag= 14 m5_p=0.2009  m6_ic=0.0807
[20:25:22]   HIT  DJ_SOUTH_AFRICA    gold_emb         lag= 30 m5_p=0.0076  m6_ic=0.0425
[20:25:23]   HIT  MSCI_WORLD         oil_emb          lag= 14 m5_p=0.9228  m6_ic=0.0302
[20:25:23]   HIT  MSCI_WORLD         rate_emb         lag=  1 m5_p=0.9574  m6_ic=0.0328
[20:25:23]   HIT  MSCI_WORLD         rate_emb         lag=  7 m5_p=0.1236  m6_ic=0.0492
[20:25:24]   HIT  MSCI_WORLD         rate_emb         lag= 30 m5_p=0.0772  m6_ic=0.0424
[20:25:25]   HIT  MSCI_WORLD         sanctions_emb    lag=  1 m5_p=0.9459  m6_ic=0.0494
[20:25:25]   HIT  MSCI_WORLD         sanctions_emb    lag=  7 m5_p=0.8661  m6_ic=0.0378
[20:25:26]   HIT  MSCI_WORLD         inflation_emb    lag=  1 m5_p=0.7441  m6_ic=0.0441
[20:25:26]   HIT  MSCI_WORLD         inflation_emb    lag=  7 m5_p=0.6335  m6_ic=0.0340
[20:25:26]   HIT  MSCI_WORLD         inflation_emb    lag= 14 m5_p=0.7948  m6_ic=0.0635
[20:25:26]   HIT  MSCI_WORLD         inflation_emb    lag= 30 m5_p=0.8049  m6_ic=0.0333
[20:25:26]   HIT  MSCI_WORLD         banking_emb      lag=  1 m5_p=0.3836  m6_ic=0.0378
[20:25:27]   HIT  MSCI_WORLD         banking_emb      lag=  7 m5_p=0.7890  m6_ic=0.0945
[20:25:27]   HIT  MSCI_WORLD         gold_emb         lag=  7 m5_p=0.8757  m6_ic=0.0976
[20:25:28]   HIT  MSCI_WORLD         gold_emb         lag= 14 m5_p=0.7950  m6_ic=0.1159
[20:25:28]   HIT  MSCI_WORLD         gold_emb         lag= 30 m5_p=0.4986  m6_ic=0.1011
[20:25:28]   HIT  DXY                oil_emb          lag=  1 m5_p=0.3734  m6_ic=0.0729
[20:25:29]   HIT  DXY                rate_emb         lag=  1 m5_p=0.8318  m6_ic=0.0390
[20:25:29]   HIT  DXY                rate_emb         lag= 14 m5_p=0.0197  m6_ic=0.0767
[20:25:30]   HIT  DXY                rate_emb         lag= 30 m5_p=0.7622  m6_ic=0.0976
[20:25:30]   HIT  DXY                ruble_emb        lag=  7 m5_p=0.6913  m6_ic=0.0592
[20:25:30]   HIT  DXY                ruble_emb        lag= 14 m5_p=0.8382  m6_ic=0.0534
[20:25:30]   HIT  DXY                ruble_emb        lag= 30 m5_p=0.9023  m6_ic=0.0629
[20:25:31]   HIT  DXY                sanctions_emb    lag=  1 m5_p=0.9646  m6_ic=0.0494
[20:25:31]   HIT  DXY                sanctions_emb    lag=  7 m5_p=0.6018  m6_ic=0.0475
[20:25:31]   HIT  DXY                sanctions_emb    lag= 14 m5_p=0.3624  m6_ic=0.0517
[20:25:31]   HIT  DXY                sanctions_emb    lag= 30 m5_p=0.3064  m6_ic=0.1034
[20:25:32]   HIT  DXY                inflation_emb    lag=  7 m5_p=0.2859  m6_ic=0.0588
[20:25:32]   HIT  DXY                inflation_emb    lag= 30 m5_p=0.7154  m6_ic=0.0365
[20:25:32]   HIT  DXY                banking_emb      lag=  1 m5_p=0.2264  m6_ic=0.0820
[20:25:32]   HIT  DXY                banking_emb      lag=  7 m5_p=0.9442  m6_ic=0.0335
[20:25:33]   HIT  DXY                gold_emb         lag=  7 m5_p=0.9126  m6_ic=0.0382
[20:25:33]   HIT  DXY                gold_emb         lag= 14 m5_p=0.6709  m6_ic=0.1237
[20:25:34]   HIT  DXY                gold_emb         lag= 30 m5_p=0.1762  m6_ic=0.0600
[20:25:34]   HIT  BRENT              oil_emb          lag= 14 m5_p=0.6934  m6_ic=0.0400
[20:25:34]   HIT  BRENT              oil_emb          lag= 30 m5_p=0.9130  m6_ic=0.1104
[20:25:35]   HIT  BRENT              rate_emb         lag=  7 m5_p=0.4801  m6_ic=0.0464
[20:25:35]   HIT  BRENT              rate_emb         lag= 30 m5_p=0.2612  m6_ic=0.0692
[20:25:35]   HIT  BRENT              ruble_emb        lag=  1 m5_p=0.7575  m6_ic=0.0686
[20:25:36]   HIT  BRENT              ruble_emb        lag=  7 m5_p=0.0665  m6_ic=0.0500
[20:25:36]   HIT  BRENT              ruble_emb        lag= 14 m5_p=0.8253  m6_ic=0.0390
[20:25:36]   HIT  BRENT              ruble_emb        lag= 30 m5_p=0.3300  m6_ic=0.0935
[20:25:37]   HIT  BRENT              sanctions_emb    lag= 30 m5_p=0.9523  m6_ic=0.0530
[20:25:37]   HIT  BRENT              inflation_emb    lag=  7 m5_p=0.1720  m6_ic=0.0760
[20:25:38]   HIT  BRENT              inflation_emb    lag= 30 m5_p=0.3597  m6_ic=0.0379
[20:25:38]   HIT  BRENT              banking_emb      lag=  1 m5_p=0.8633  m6_ic=0.1119
[20:25:38]   HIT  BRENT              banking_emb      lag=  7 m5_p=0.8160  m6_ic=0.0430
[20:25:39]   HIT  BRENT              gold_emb         lag= 30 m5_p=0.9238  m6_ic=0.0554
[20:25:39]   HIT  MSCI_INDIA         oil_emb          lag=  1 m5_p=0.3292  m6_ic=0.1213
[20:25:40]   HIT  MSCI_INDIA         oil_emb          lag= 30 m5_p=0.3094  m6_ic=0.0502
[20:25:40]   HIT  MSCI_INDIA         rate_emb         lag=  1 m5_p=0.1585  m6_ic=0.0809
[20:25:41]   HIT  MSCI_INDIA         rate_emb         lag= 30 m5_p=0.2502  m6_ic=0.0447
[20:25:41]   HIT  MSCI_INDIA         ruble_emb        lag=  7 m5_p=0.4546  m6_ic=0.0753
[20:25:41]   HIT  MSCI_INDIA         ruble_emb        lag= 14 m5_p=0.7257  m6_ic=0.1170
[20:25:42]   HIT  MSCI_INDIA         ruble_emb        lag= 30 m5_p=0.5483  m6_ic=0.0717
[20:25:43]   HIT  MSCI_INDIA         inflation_emb    lag=  1 m5_p=0.7917  m6_ic=0.0412
[20:25:43]   HIT  MSCI_INDIA         inflation_emb    lag=  7 m5_p=0.5301  m6_ic=0.0356
[20:25:43]   HIT  MSCI_INDIA         inflation_emb    lag= 14 m5_p=0.1285  m6_ic=0.0672
[20:25:44]   HIT  MSCI_INDIA         banking_emb      lag=  1 m5_p=0.9750  m6_ic=0.0367
[20:25:44]   HIT  MSCI_INDIA         banking_emb      lag=  7 m5_p=0.7599  m6_ic=0.0594
[20:25:44]   HIT  MSCI_INDIA         banking_emb      lag= 14 m5_p=0.4523  m6_ic=0.0721
[20:25:44]   HIT  MSCI_INDIA         banking_emb      lag= 30 m5_p=0.2018  m6_ic=0.0762
[20:25:45]   HIT  MSCI_INDIA         gold_emb         lag=  7 m5_p=0.5405  m6_ic=0.0392
[20:25:45]   HIT  MSCI_INDIA         gold_emb         lag= 30 m5_p=0.9170  m6_ic=0.0421
[20:25:45]   HIT  CHINA_H_SHARES     oil_emb          lag=  1 m5_p=0.9909  m6_ic=0.0863
[20:25:46]   HIT  CHINA_H_SHARES     oil_emb          lag= 30 m5_p=0.4361  m6_ic=0.0799
[20:25:46]   HIT  CHINA_H_SHARES     rate_emb         lag=  1 m5_p=0.2178  m6_ic=0.0901
[20:25:46]   HIT  CHINA_H_SHARES     rate_emb         lag=  7 m5_p=0.8553  m6_ic=0.0471
[20:25:46]   HIT  CHINA_H_SHARES     rate_emb         lag= 14 m5_p=0.0364  m6_ic=0.0771
[20:25:47]   HIT  CHINA_H_SHARES     ruble_emb        lag=  1 m5_p=0.0971  m6_ic=0.0371
[20:25:47]   HIT  CHINA_H_SHARES     ruble_emb        lag=  7 m5_p=0.0111  m6_ic=0.0720
[20:25:47]   HIT  CHINA_H_SHARES     ruble_emb        lag= 14 m5_p=0.5494  m6_ic=0.0324
[20:25:48]   HIT  CHINA_H_SHARES     sanctions_emb    lag=  1 m5_p=0.4580  m6_ic=0.0333
[20:25:48]   HIT  CHINA_H_SHARES     sanctions_emb    lag=  7 m5_p=0.6217  m6_ic=0.0547
[20:25:48]   HIT  CHINA_H_SHARES     sanctions_emb    lag= 30 m5_p=0.5367  m6_ic=0.0430
[20:25:48]   HIT  CHINA_H_SHARES     inflation_emb    lag=  7 m5_p=0.9540  m6_ic=0.0496
[20:25:49]   HIT  CHINA_H_SHARES     inflation_emb    lag= 14 m5_p=0.0526  m6_ic=0.0713
[20:25:49]   HIT  CHINA_H_SHARES     inflation_emb    lag= 30 m5_p=0.6533  m6_ic=0.0354
[20:25:49]   HIT  CHINA_H_SHARES     banking_emb      lag=  1 m5_p=0.9612  m6_ic=0.0659
[20:25:49]   HIT  CHINA_H_SHARES     banking_emb      lag=  7 m5_p=0.9848  m6_ic=0.0339
[20:25:50]   HIT  CHINA_H_SHARES     gold_emb         lag=  1 m5_p=0.9468  m6_ic=0.0312
[20:25:50]   HIT  CHINA_H_SHARES     gold_emb         lag=  7 m5_p=0.8447  m6_ic=0.0588
[20:25:50]   HIT  CHINA_H_SHARES     gold_emb         lag= 14 m5_p=0.3694  m6_ic=0.0732
[20:25:50]   HIT  CHINA_H_SHARES     gold_emb         lag= 30 m5_p=0.5720  m6_ic=0.0662
[20:25:51]   HIT  FTSE_CHINA_50      oil_emb          lag=  1 m5_p=0.8237  m6_ic=0.0584
[20:25:51]   HIT  FTSE_CHINA_50      oil_emb          lag= 14 m5_p=0.9464  m6_ic=0.0439
[20:25:51]   HIT  FTSE_CHINA_50      oil_emb          lag= 30 m5_p=0.3816  m6_ic=0.0640
[20:25:51]   HIT  FTSE_CHINA_50      rate_emb         lag=  1 m5_p=0.2613  m6_ic=0.0949
[20:25:52]   HIT  FTSE_CHINA_50      rate_emb         lag=  7 m5_p=0.7846  m6_ic=0.0348
[20:25:52]   HIT  FTSE_CHINA_50      rate_emb         lag= 14 m5_p=0.0304  m6_ic=0.0779
[20:25:52]   HIT  FTSE_CHINA_50      ruble_emb        lag=  1 m5_p=0.0629  m6_ic=0.0780
[20:25:53]   HIT  FTSE_CHINA_50      ruble_emb        lag= 14 m5_p=0.4802  m6_ic=0.0610
[20:25:53]   HIT  FTSE_CHINA_50      sanctions_emb    lag=  7 m5_p=0.6860  m6_ic=0.0559
[20:25:54]   HIT  FTSE_CHINA_50      sanctions_emb    lag= 30 m5_p=0.3571  m6_ic=0.0738
[20:25:54]   HIT  FTSE_CHINA_50      inflation_emb    lag=  7 m5_p=0.8928  m6_ic=0.0538
[20:25:54]   HIT  FTSE_CHINA_50      inflation_emb    lag= 14 m5_p=0.0430  m6_ic=0.0684
[20:25:54]   HIT  FTSE_CHINA_50      inflation_emb    lag= 30 m5_p=0.6400  m6_ic=0.0316
[20:25:55]   HIT  FTSE_CHINA_50      banking_emb      lag=  1 m5_p=0.9411  m6_ic=0.0508
[20:25:55]   HIT  FTSE_CHINA_50      banking_emb      lag=  7 m5_p=0.8064  m6_ic=0.0305
[20:25:56]   HIT  FTSE_CHINA_50      gold_emb         lag=  7 m5_p=0.8589  m6_ic=0.0558
[20:25:56]   HIT  FTSE_CHINA_50      gold_emb         lag= 14 m5_p=0.2419  m6_ic=0.0816
[20:25:56]   HIT  FTSE_CHINA_50      gold_emb         lag= 30 m5_p=0.4803  m6_ic=0.0633
[20:25:57]   HIT  GOLD               oil_emb          lag= 30 m5_p=0.1388  m6_ic=0.1091
[20:25:57]   HIT  GOLD               rate_emb         lag=  1 m5_p=0.9063  m6_ic=0.1404
[20:25:57]   HIT  GOLD               rate_emb         lag=  7 m5_p=0.3280  m6_ic=0.0759
[20:25:57]   HIT  GOLD               rate_emb         lag= 14 m5_p=0.3908  m6_ic=0.1002
[20:25:58]   HIT  GOLD               rate_emb         lag= 30 m5_p=0.4556  m6_ic=0.0459
[20:25:58]   HIT  GOLD               ruble_emb        lag= 30 m5_p=0.4411  m6_ic=0.0488
[20:25:59]   HIT  GOLD               sanctions_emb    lag= 14 m5_p=0.2355  m6_ic=0.0600
[20:25:59]   HIT  GOLD               inflation_emb    lag=  1 m5_p=0.9295  m6_ic=0.1321
[20:26:00]   HIT  GOLD               inflation_emb    lag=  7 m5_p=0.6545  m6_ic=0.0586
[20:26:00]   HIT  GOLD               inflation_emb    lag= 14 m5_p=0.7785  m6_ic=0.0872
[20:26:00]   HIT  GOLD               inflation_emb    lag= 30 m5_p=0.8263  m6_ic=0.0616
[20:26:00]   HIT  GOLD               banking_emb      lag=  7 m5_p=0.3961  m6_ic=0.0477
[20:26:01]   HIT  GOLD               banking_emb      lag= 14 m5_p=0.6257  m6_ic=0.0400
[20:26:01]   HIT  GOLD               banking_emb      lag= 30 m5_p=0.3287  m6_ic=0.0307
[20:26:01]   HIT  GOLD               gold_emb         lag=  1 m5_p=0.3730  m6_ic=0.0464
[20:26:01]   HIT  GOLD               gold_emb         lag=  7 m5_p=0.3488  m6_ic=0.1122
[20:26:01]   HIT  GOLD               gold_emb         lag= 14 m5_p=0.6406  m6_ic=0.0348
[20:26:02]   HIT  GOLD               gold_emb         lag= 30 m5_p=0.6717  m6_ic=0.0388
[20:26:02]   HIT  SILVER             oil_emb          lag=  7 m5_p=0.2003  m6_ic=0.0348
[20:26:02]   HIT  SILVER             oil_emb          lag= 14 m5_p=0.9077  m6_ic=0.0598
[20:26:02]   HIT  SILVER             oil_emb          lag= 30 m5_p=0.2117  m6_ic=0.0714
[20:26:02]   HIT  SILVER             rate_emb         lag=  1 m5_p=0.4332  m6_ic=0.0515
[20:26:03]   HIT  SILVER             rate_emb         lag=  7 m5_p=0.2404  m6_ic=0.0402
[20:26:03]   HIT  SILVER             rate_emb         lag= 14 m5_p=0.4185  m6_ic=0.0338
[20:26:03]   HIT  SILVER             ruble_emb        lag=  1 m5_p=0.5027  m6_ic=0.0679
[20:26:03]   HIT  SILVER             ruble_emb        lag=  7 m5_p=0.1094  m6_ic=0.0335
[20:26:04]   HIT  SILVER             ruble_emb        lag= 14 m5_p=0.7233  m6_ic=0.1006
[20:26:04]   HIT  SILVER             ruble_emb        lag= 30 m5_p=0.8350  m6_ic=0.0465
[20:26:04]   HIT  SILVER             sanctions_emb    lag=  1 m5_p=0.7351  m6_ic=0.1333
[20:26:04]   HIT  SILVER             sanctions_emb    lag=  7 m5_p=0.4999  m6_ic=0.0933
[20:26:05]   HIT  SILVER             inflation_emb    lag=  1 m5_p=0.6911  m6_ic=0.0498
[20:26:05]   HIT  SILVER             inflation_emb    lag= 30 m5_p=0.6921  m6_ic=0.0493
[20:26:06]   HIT  SILVER             banking_emb      lag= 30 m5_p=0.8745  m6_ic=0.0929
[20:26:07]   HIT  SILVER             gold_emb         lag= 14 m5_p=0.9410  m6_ic=0.1223
[20:26:07]   HIT  SILVER             gold_emb         lag= 30 m5_p=0.8730  m6_ic=0.0579
[20:26:07]   HIT  IMOEX              oil_emb          lag= 14 m5_p=0.4171  m6_ic=0.0348
[20:26:08]   HIT  IMOEX              rate_emb         lag=  1 m5_p=0.1216  m6_ic=0.0814
[20:26:08]   HIT  IMOEX              rate_emb         lag= 14 m5_p=0.3900  m6_ic=0.1071
[20:26:08]   HIT  IMOEX              rate_emb         lag= 30 m5_p=0.9239  m6_ic=0.0745
[20:26:09]   HIT  IMOEX              ruble_emb        lag=  1 m5_p=0.3538  m6_ic=0.0605
[20:26:09]   HIT  IMOEX              ruble_emb        lag=  7 m5_p=0.6969  m6_ic=0.1091
[20:26:09]   HIT  IMOEX              ruble_emb        lag= 14 m5_p=0.5752  m6_ic=0.0849
[20:26:09]   HIT  IMOEX              ruble_emb        lag= 30 m5_p=0.3496  m6_ic=0.0328
[20:26:10]   HIT  IMOEX              sanctions_emb    lag=  1 m5_p=0.4070  m6_ic=0.1019
[20:26:10]   HIT  IMOEX              sanctions_emb    lag=  7 m5_p=0.2338  m6_ic=0.1173
[20:26:10]   HIT  IMOEX              inflation_emb    lag=  1 m5_p=0.0887  m6_ic=0.0574
[20:26:10]   HIT  IMOEX              inflation_emb    lag=  7 m5_p=0.2308  m6_ic=0.0342
[20:26:11]   HIT  IMOEX              banking_emb      lag=  7 m5_p=0.8551  m6_ic=0.0688
[20:26:12]   HIT  IMOEX              gold_emb         lag=  7 m5_p=0.1597  m6_ic=0.0659
[20:26:12]   HIT  IMOEX              gold_emb         lag= 14 m5_p=0.4976  m6_ic=0.0706
[20:26:13]   HIT  MOEXFN             oil_emb          lag= 14 m5_p=0.5602  m6_ic=0.0696
[20:26:13]   HIT  MOEXFN             oil_emb          lag= 30 m5_p=0.4331  m6_ic=0.0849
[20:26:14]   HIT  MOEXFN             rate_emb         lag=  7 m5_p=0.3027  m6_ic=0.0508
[20:26:14]   HIT  MOEXFN             rate_emb         lag= 14 m5_p=0.0939  m6_ic=0.0655
[20:26:14]   HIT  MOEXFN             rate_emb         lag= 30 m5_p=0.4588  m6_ic=0.0520
[20:26:14]   HIT  MOEXFN             ruble_emb        lag=  1 m5_p=0.4051  m6_ic=0.0600
[20:26:15]   HIT  MOEXFN             ruble_emb        lag=  7 m5_p=0.9184  m6_ic=0.0448
[20:26:15]   HIT  MOEXFN             ruble_emb        lag= 14 m5_p=0.9268  m6_ic=0.0307
[20:26:15]   HIT  MOEXFN             sanctions_emb    lag=  1 m5_p=0.5545  m6_ic=0.1003
[20:26:15]   HIT  MOEXFN             sanctions_emb    lag=  7 m5_p=0.2675  m6_ic=0.0685
[20:26:16]   HIT  MOEXFN             sanctions_emb    lag= 30 m5_p=0.6794  m6_ic=0.0667
[20:26:16]   HIT  MOEXFN             inflation_emb    lag= 14 m5_p=0.8303  m6_ic=0.0796
[20:26:17]   HIT  MOEXFN             banking_emb      lag=  1 m5_p=0.4235  m6_ic=0.0403
[20:26:17]   HIT  MOEXFN             banking_emb      lag=  7 m5_p=0.9354  m6_ic=0.0636
[20:26:17]   HIT  MOEXFN             banking_emb      lag= 30 m5_p=0.8517  m6_ic=0.0600
[20:26:18]   HIT  MOEXFN             gold_emb         lag=  1 m5_p=0.8897  m6_ic=0.0880
[20:26:18]   HIT  MOEXFN             gold_emb         lag=  7 m5_p=0.3467  m6_ic=0.0796
[20:26:18]   HIT  MOEXFN             gold_emb         lag= 14 m5_p=0.3763  m6_ic=0.0406
[20:26:18]   HIT  MOEXFN             gold_emb         lag= 30 m5_p=0.2654  m6_ic=0.0391
[20:26:18]   HIT  MOEXOG             oil_emb          lag=  1 m5_p=0.6638  m6_ic=0.0427
[20:26:19]   HIT  MOEXOG             oil_emb          lag=  7 m5_p=0.0552  m6_ic=0.0383
[20:26:19]   HIT  MOEXOG             rate_emb         lag=  1 m5_p=0.0466  m6_ic=0.0488
[20:26:20]   HIT  MOEXOG             rate_emb         lag= 14 m5_p=0.5690  m6_ic=0.0847
[20:26:20]   HIT  MOEXOG             rate_emb         lag= 30 m5_p=0.4720  m6_ic=0.1227
[20:26:20]   HIT  MOEXOG             ruble_emb        lag=  1 m5_p=0.3281  m6_ic=0.0496
[20:26:20]   HIT  MOEXOG             ruble_emb        lag=  7 m5_p=0.6356  m6_ic=0.0826
[20:26:20]   HIT  MOEXOG             ruble_emb        lag= 14 m5_p=0.7891  m6_ic=0.0479
[20:26:21]   HIT  MOEXOG             sanctions_emb    lag=  1 m5_p=0.3517  m6_ic=0.1262
[20:26:21]   HIT  MOEXOG             sanctions_emb    lag=  7 m5_p=0.5112  m6_ic=0.1113
[20:26:21]   HIT  MOEXOG             sanctions_emb    lag= 30 m5_p=0.5821  m6_ic=0.0788
[20:26:22]   HIT  MOEXOG             inflation_emb    lag= 30 m5_p=0.5215  m6_ic=0.0323
[20:26:23]   HIT  MOEXOG             banking_emb      lag=  7 m5_p=0.9745  m6_ic=0.0637
[20:26:23]   HIT  MOEXOG             gold_emb         lag=  7 m5_p=0.2981  m6_ic=0.0520
[20:26:24]   HIT  MOEXOG             gold_emb         lag= 14 m5_p=0.4966  m6_ic=0.0451
[20:26:24]   HIT  MOEX10             oil_emb          lag=  7 m5_p=0.1319  m6_ic=0.0357
[20:26:25]   HIT  MOEX10             oil_emb          lag= 30 m5_p=0.1828  m6_ic=0.0573
[20:26:25]   HIT  MOEX10             rate_emb         lag=  1 m5_p=0.0783  m6_ic=0.0526
[20:26:25]   HIT  MOEX10             rate_emb         lag=  7 m5_p=0.2159  m6_ic=0.0714
[20:26:25]   HIT  MOEX10             rate_emb         lag= 14 m5_p=0.4691  m6_ic=0.0495
[20:26:25]   HIT  MOEX10             rate_emb         lag= 30 m5_p=0.7477  m6_ic=0.0642
[20:26:26]   HIT  MOEX10             ruble_emb        lag=  1 m5_p=0.3155  m6_ic=0.0362
[20:26:26]   HIT  MOEX10             ruble_emb        lag= 14 m5_p=0.8507  m6_ic=0.0382
[20:26:26]   HIT  MOEX10             sanctions_emb    lag=  1 m5_p=0.4780  m6_ic=0.1139
[20:26:27]   HIT  MOEX10             inflation_emb    lag=  1 m5_p=0.1605  m6_ic=0.0351
[20:26:28]   HIT  MOEX10             inflation_emb    lag= 14 m5_p=0.9331  m6_ic=0.0770
[20:26:28]   HIT  MOEX10             banking_emb      lag=  7 m5_p=0.9801  m6_ic=0.0639
[20:26:28]   HIT  MOEX10             banking_emb      lag= 14 m5_p=0.8787  m6_ic=0.0447
[20:26:29]   HIT  MOEX10             gold_emb         lag=  1 m5_p=0.6671  m6_ic=0.0503
[20:26:29]   HIT  MOEX10             gold_emb         lag=  7 m5_p=0.1483  m6_ic=0.1153
[20:26:29]   HIT  MOEX10             gold_emb         lag= 30 m5_p=0.3250  m6_ic=0.0731
[20:26:29]     Train: 262 signals
[20:26:29]     Val holdout (262 candidates)...
[20:26:30]     VAL PASS  SP500              oil_emb          lag= 30  m6_ic=0.0899
[20:26:30]     VAL PASS  SP500              ruble_emb        lag= 14  m6_ic=0.0561
[20:26:31]     VAL PASS  SP500              sanctions_emb    lag= 14  m6_ic=0.0681
[20:26:31]     VAL PASS  SP500              inflation_emb    lag=  1  m6_ic=0.0792
[20:26:31]     VAL PASS  SP500              inflation_emb    lag=  7  m6_ic=0.0586
[20:26:31]     VAL PASS  SP500              inflation_emb    lag= 30  m6_ic=0.0427
[20:26:32]     VAL PASS  SP500              gold_emb         lag= 14  m6_ic=0.0313
[20:26:32]     VAL PASS  USD_RUB            oil_emb          lag=  1  m6_ic=0.0595
[20:26:32]     VAL PASS  USD_RUB            oil_emb          lag= 30  m6_ic=0.0648
[20:26:32]     VAL PASS  USD_RUB            rate_emb         lag=  1  m6_ic=0.0521
[20:26:32]     VAL PASS  USD_RUB            rate_emb         lag=  7  m6_ic=0.0720
[20:26:32]     VAL PASS  USD_RUB            rate_emb         lag= 30  m6_ic=0.0915
[20:26:33]     VAL PASS  USD_RUB            ruble_emb        lag=  7  m6_ic=0.0375
[20:26:33]     VAL PASS  USD_RUB            ruble_emb        lag= 14  m6_ic=0.0778
[20:26:33]     VAL PASS  USD_RUB            sanctions_emb    lag=  7  m6_ic=0.0617
[20:26:33]     VAL PASS  USD_RUB            inflation_emb    lag=  7  m6_ic=0.0986
[20:26:34]     VAL PASS  USD_RUB            banking_emb      lag=  1  m6_ic=0.0940
[20:26:34]     VAL PASS  USD_RUB            banking_emb      lag= 30  m6_ic=0.0485
[20:26:34]     VAL PASS  USD_RUB            gold_emb         lag=  7  m6_ic=0.0684
[20:26:34]     VAL PASS  EUR_RUB            oil_emb          lag=  1  m6_ic=0.0595
[20:26:35]     VAL PASS  EUR_RUB            oil_emb          lag= 30  m6_ic=0.0648
[20:26:35]     VAL PASS  EUR_RUB            rate_emb         lag=  1  m6_ic=0.0521
[20:26:35]     VAL PASS  EUR_RUB            rate_emb         lag=  7  m6_ic=0.0720
[20:26:35]     VAL PASS  EUR_RUB            rate_emb         lag= 30  m6_ic=0.0915
[20:26:35]     VAL PASS  EUR_RUB            ruble_emb        lag=  7  m6_ic=0.0375
[20:26:36]     VAL PASS  EUR_RUB            ruble_emb        lag= 14  m6_ic=0.0778
[20:26:36]     VAL PASS  EUR_RUB            sanctions_emb    lag=  7  m6_ic=0.0617
[20:26:36]     VAL PASS  EUR_RUB            inflation_emb    lag=  7  m6_ic=0.0986
[20:26:36]     VAL PASS  EUR_RUB            banking_emb      lag=  1  m6_ic=0.0940
[20:26:37]     VAL PASS  EUR_RUB            banking_emb      lag= 30  m6_ic=0.0485
[20:26:37]     VAL PASS  EUR_RUB            gold_emb         lag=  7  m6_ic=0.0684
[20:26:37]     VAL PASS  DJ_SOUTH_AFRICA    oil_emb          lag= 14  m6_ic=0.0911
[20:26:38]     VAL PASS  DJ_SOUTH_AFRICA    oil_emb          lag= 30  m6_ic=0.0797
[20:26:38]     VAL PASS  DJ_SOUTH_AFRICA    rate_emb         lag=  1  m6_ic=0.0811
[20:26:38]     VAL PASS  DJ_SOUTH_AFRICA    rate_emb         lag= 14  m6_ic=0.1277
[20:26:38]     VAL PASS  DJ_SOUTH_AFRICA    rate_emb         lag= 30  m6_ic=0.0900
[20:26:38]     VAL PASS  DJ_SOUTH_AFRICA    ruble_emb        lag=  1  m6_ic=0.0375
[20:26:39]     VAL PASS  DJ_SOUTH_AFRICA    sanctions_emb    lag=  7  m6_ic=0.0345
[20:26:39]     VAL PASS  DJ_SOUTH_AFRICA    sanctions_emb    lag= 14  m6_ic=0.0326
[20:26:40]     VAL PASS  DJ_SOUTH_AFRICA    inflation_emb    lag= 14  m6_ic=0.0367
[20:26:40]     VAL PASS  DJ_SOUTH_AFRICA    inflation_emb    lag= 30  m6_ic=0.0317
[20:26:40]     VAL PASS  DJ_SOUTH_AFRICA    banking_emb      lag= 14  m6_ic=0.0761
[20:26:40]     VAL PASS  DJ_SOUTH_AFRICA    gold_emb         lag=  7  m6_ic=0.0435
[20:26:41]     VAL PASS  MSCI_WORLD         oil_emb          lag= 14  m6_ic=0.0370
[20:26:41]     VAL PASS  MSCI_WORLD         rate_emb         lag=  1  m6_ic=0.0447
[20:26:41]     VAL PASS  MSCI_WORLD         rate_emb         lag=  7  m6_ic=0.0648
[20:26:42]     VAL PASS  MSCI_WORLD         rate_emb         lag= 30  m6_ic=0.0473
[20:26:42]     VAL PASS  MSCI_WORLD         inflation_emb    lag=  1  m6_ic=0.0352
[20:26:43]     VAL PASS  MSCI_WORLD         inflation_emb    lag= 30  m6_ic=0.0406
[20:26:43]     VAL PASS  MSCI_WORLD         banking_emb      lag=  7  m6_ic=0.0492
[20:26:43]     VAL PASS  MSCI_WORLD         gold_emb         lag= 14  m6_ic=0.1109
[20:26:44]     VAL PASS  DXY                rate_emb         lag=  1  m6_ic=0.0713
[20:26:44]     VAL PASS  DXY                rate_emb         lag= 14  m6_ic=0.0358
[20:26:44]     VAL PASS  DXY                rate_emb         lag= 30  m6_ic=0.0598
[20:26:45]     VAL PASS  DXY                ruble_emb        lag=  7  m6_ic=0.0603
[20:26:45]     VAL PASS  DXY                ruble_emb        lag= 30  m6_ic=0.0364
[20:26:45]     VAL PASS  DXY                sanctions_emb    lag=  1  m6_ic=0.0566
[20:26:45]     VAL PASS  DXY                sanctions_emb    lag=  7  m6_ic=0.0506
[20:26:46]     VAL PASS  DXY                sanctions_emb    lag= 14  m6_ic=0.0835
[20:26:46]     VAL PASS  DXY                sanctions_emb    lag= 30  m6_ic=0.0392
[20:26:46]     VAL PASS  DXY                inflation_emb    lag=  7  m6_ic=0.0584
[20:26:46]     VAL PASS  DXY                inflation_emb    lag= 30  m6_ic=0.0529
[20:26:46]     VAL PASS  DXY                banking_emb      lag=  1  m6_ic=0.0350
[20:26:47]     VAL PASS  DXY                banking_emb      lag=  7  m6_ic=0.1067
[20:26:47]     VAL PASS  DXY                gold_emb         lag=  7  m6_ic=0.0760
[20:26:47]     VAL PASS  DXY                gold_emb         lag= 30  m6_ic=0.0619
[20:26:47]     VAL PASS  BRENT              oil_emb          lag= 14  m6_ic=0.0320
[20:26:48]     VAL PASS  BRENT              oil_emb          lag= 30  m6_ic=0.0584
[20:26:48]     VAL PASS  BRENT              rate_emb         lag=  7  m6_ic=0.0580
[20:26:48]     VAL PASS  BRENT              rate_emb         lag= 30  m6_ic=0.1135
[20:26:48]     VAL PASS  BRENT              ruble_emb        lag=  1  m6_ic=0.0408
[20:26:48]     VAL PASS  BRENT              ruble_emb        lag=  7  m6_ic=0.0386
[20:26:48]     VAL PASS  BRENT              ruble_emb        lag= 14  m6_ic=0.0512
[20:26:49]     VAL PASS  BRENT              ruble_emb        lag= 30  m6_ic=0.0439
[20:26:49]     VAL PASS  BRENT              inflation_emb    lag= 30  m6_ic=0.0603
[20:26:50]     VAL PASS  BRENT              gold_emb         lag= 30  m6_ic=0.0449
[20:26:50]     VAL PASS  MSCI_INDIA         oil_emb          lag=  1  m6_ic=0.0400
[20:26:50]     VAL PASS  MSCI_INDIA         oil_emb          lag= 30  m6_ic=0.0405
[20:26:50]     VAL PASS  MSCI_INDIA         rate_emb         lag=  1  m6_ic=0.0366
[20:26:51]     VAL PASS  MSCI_INDIA         rate_emb         lag= 30  m6_ic=0.0733
[20:26:51]     VAL PASS  MSCI_INDIA         ruble_emb        lag=  7  m6_ic=0.0481
[20:26:51]     VAL PASS  MSCI_INDIA         ruble_emb        lag= 30  m6_ic=0.0554
[20:26:51]     VAL PASS  MSCI_INDIA         inflation_emb    lag=  7  m6_ic=0.0963
[20:26:52]     VAL PASS  MSCI_INDIA         inflation_emb    lag= 14  m6_ic=0.0752
[20:26:52]     VAL PASS  MSCI_INDIA         banking_emb      lag=  1  m6_ic=0.0923
[20:26:52]     VAL PASS  MSCI_INDIA         banking_emb      lag=  7  m6_ic=0.0425
[20:26:52]     VAL PASS  MSCI_INDIA         banking_emb      lag= 30  m6_ic=0.1132
[20:26:53]     VAL PASS  MSCI_INDIA         gold_emb         lag=  7  m6_ic=0.0450
[20:26:53]     VAL PASS  MSCI_INDIA         gold_emb         lag= 30  m6_ic=0.0345
[20:26:53]     VAL PASS  CHINA_H_SHARES     oil_emb          lag=  1  m6_ic=0.0608
[20:26:53]     VAL PASS  CHINA_H_SHARES     oil_emb          lag= 30  m6_ic=0.1113
[20:26:54]     VAL PASS  CHINA_H_SHARES     rate_emb         lag=  7  m6_ic=0.0354
[20:26:54]     VAL PASS  CHINA_H_SHARES     rate_emb         lag= 14  m6_ic=0.0331
[20:26:54]     VAL PASS  CHINA_H_SHARES     ruble_emb        lag=  7  m6_ic=0.0892
[20:26:54]     VAL PASS  CHINA_H_SHARES     ruble_emb        lag= 14  m6_ic=0.1280
[20:26:54]     VAL PASS  CHINA_H_SHARES     sanctions_emb    lag=  1  m6_ic=0.0474
[20:26:55]     VAL PASS  CHINA_H_SHARES     sanctions_emb    lag=  7  m6_ic=0.0572
[20:26:55]     VAL PASS  CHINA_H_SHARES     sanctions_emb    lag= 30  m6_ic=0.0897
[20:26:55]     VAL PASS  CHINA_H_SHARES     inflation_emb    lag=  7  m6_ic=0.0534
[20:26:55]     VAL PASS  CHINA_H_SHARES     inflation_emb    lag= 14  m6_ic=0.0379
[20:26:55]     VAL PASS  CHINA_H_SHARES     inflation_emb    lag= 30  m6_ic=0.1258
[20:26:56]     VAL PASS  CHINA_H_SHARES     gold_emb         lag=  7  m6_ic=0.1018
[20:26:56]     VAL PASS  CHINA_H_SHARES     gold_emb         lag= 14  m6_ic=0.0745
[20:26:56]     VAL PASS  CHINA_H_SHARES     gold_emb         lag= 30  m6_ic=0.0575
[20:26:57]     VAL PASS  FTSE_CHINA_50      oil_emb          lag= 14  m6_ic=0.0456
[20:26:57]     VAL PASS  FTSE_CHINA_50      oil_emb          lag= 30  m6_ic=0.0821
[20:26:57]     VAL PASS  FTSE_CHINA_50      rate_emb         lag=  1  m6_ic=0.0402
[20:26:57]     VAL PASS  FTSE_CHINA_50      rate_emb         lag= 14  m6_ic=0.0535
[20:26:58]     VAL PASS  FTSE_CHINA_50      ruble_emb        lag= 14  m6_ic=0.0635
[20:26:58]     VAL PASS  FTSE_CHINA_50      sanctions_emb    lag=  7  m6_ic=0.0501
[20:26:58]     VAL PASS  FTSE_CHINA_50      sanctions_emb    lag= 30  m6_ic=0.0560
[20:26:58]     VAL PASS  FTSE_CHINA_50      inflation_emb    lag=  7  m6_ic=0.0397
[20:26:59]     VAL PASS  FTSE_CHINA_50      inflation_emb    lag= 14  m6_ic=0.0955
[20:26:59]     VAL PASS  FTSE_CHINA_50      banking_emb      lag=  1  m6_ic=0.0494
[20:26:59]     VAL PASS  FTSE_CHINA_50      gold_emb         lag=  7  m6_ic=0.0691
[20:26:59]     VAL PASS  FTSE_CHINA_50      gold_emb         lag= 14  m6_ic=0.0930
[20:27:00]     VAL PASS  FTSE_CHINA_50      gold_emb         lag= 30  m6_ic=0.0742
[20:27:01]     VAL PASS  GOLD               rate_emb         lag= 30  m6_ic=0.1112
[20:27:01]     VAL PASS  GOLD               inflation_emb    lag=  1  m6_ic=0.0444
[20:27:01]     VAL PASS  GOLD               inflation_emb    lag=  7  m6_ic=0.1382
[20:27:02]     VAL PASS  GOLD               inflation_emb    lag= 30  m6_ic=0.0972
[20:27:02]     VAL PASS  GOLD               banking_emb      lag=  7  m6_ic=0.1155
[20:27:02]     VAL PASS  GOLD               gold_emb         lag=  7  m6_ic=0.0636
[20:27:03]     VAL PASS  GOLD               gold_emb         lag= 14  m6_ic=0.0313
[20:27:03]     VAL PASS  SILVER             oil_emb          lag=  7  m6_ic=0.0794
[20:27:03]     VAL PASS  SILVER             oil_emb          lag= 14  m6_ic=0.0371
[20:27:03]     VAL PASS  SILVER             oil_emb          lag= 30  m6_ic=0.1323
[20:27:04]     VAL PASS  SILVER             rate_emb         lag=  7  m6_ic=0.0511
[20:27:04]     VAL PASS  SILVER             rate_emb         lag= 14  m6_ic=0.1074
[20:27:04]     VAL PASS  SILVER             ruble_emb        lag=  7  m6_ic=0.0758
[20:27:05]     VAL PASS  SILVER             inflation_emb    lag=  1  m6_ic=0.0448
[20:27:05]     VAL PASS  SILVER             inflation_emb    lag= 30  m6_ic=0.1342
[20:27:06]     VAL PASS  SILVER             banking_emb      lag= 30  m6_ic=0.0590
[20:27:06]     VAL PASS  SILVER             gold_emb         lag= 14  m6_ic=0.0661
[20:27:06]     VAL PASS  SILVER             gold_emb         lag= 30  m6_ic=0.1091
[20:27:06]     VAL PASS  IMOEX              oil_emb          lag= 14  m6_ic=0.0745
[20:27:07]     VAL PASS  IMOEX              rate_emb         lag= 14  m6_ic=0.1414
[20:27:07]     VAL PASS  IMOEX              rate_emb         lag= 30  m6_ic=0.1107
[20:27:07]     VAL PASS  IMOEX              ruble_emb        lag=  1  m6_ic=0.0690
[20:27:07]     VAL PASS  IMOEX              ruble_emb        lag=  7  m6_ic=0.0384
[20:27:07]     VAL PASS  IMOEX              ruble_emb        lag= 14  m6_ic=0.0690
[20:27:07]     VAL PASS  IMOEX              ruble_emb        lag= 30  m6_ic=0.0530
[20:27:08]     VAL PASS  IMOEX              sanctions_emb    lag=  1  m6_ic=0.0531
[20:27:08]     VAL PASS  IMOEX              sanctions_emb    lag=  7  m6_ic=0.0613
[20:27:08]     VAL PASS  IMOEX              inflation_emb    lag=  1  m6_ic=0.0941
[20:27:08]     VAL PASS  IMOEX              banking_emb      lag=  7  m6_ic=0.0366
[20:27:09]     VAL PASS  MOEXFN             oil_emb          lag= 30  m6_ic=0.0898
[20:27:09]     VAL PASS  MOEXFN             rate_emb         lag=  7  m6_ic=0.0698
[20:27:10]     VAL PASS  MOEXFN             rate_emb         lag= 14  m6_ic=0.1303
[20:27:10]     VAL PASS  MOEXFN             rate_emb         lag= 30  m6_ic=0.0674
[20:27:10]     VAL PASS  MOEXFN             ruble_emb        lag=  1  m6_ic=0.0860
[20:27:10]     VAL PASS  MOEXFN             ruble_emb        lag=  7  m6_ic=0.0409
[20:27:10]     VAL PASS  MOEXFN             ruble_emb        lag= 14  m6_ic=0.0746
[20:27:10]     VAL PASS  MOEXFN             sanctions_emb    lag=  1  m6_ic=0.0320
[20:27:11]     VAL PASS  MOEXFN             sanctions_emb    lag= 30  m6_ic=0.1165
[20:27:11]     VAL PASS  MOEXFN             banking_emb      lag=  1  m6_ic=0.0617
[20:27:11]     VAL PASS  MOEXFN             banking_emb      lag=  7  m6_ic=0.0610
[20:27:12]     VAL PASS  MOEXFN             gold_emb         lag=  1  m6_ic=0.0431
[20:27:12]     VAL PASS  MOEXFN             gold_emb         lag= 14  m6_ic=0.0671
[20:27:12]     VAL PASS  MOEXFN             gold_emb         lag= 30  m6_ic=0.0432
[20:27:13]     VAL PASS  MOEXOG             oil_emb          lag=  7  m6_ic=0.0760
[20:27:13]     VAL PASS  MOEXOG             rate_emb         lag=  1  m6_ic=0.0724
[20:27:13]     VAL PASS  MOEXOG             rate_emb         lag= 14  m6_ic=0.1214
[20:27:13]     VAL PASS  MOEXOG             rate_emb         lag= 30  m6_ic=0.0919
[20:27:13]     VAL PASS  MOEXOG             ruble_emb        lag=  1  m6_ic=0.0717
[20:27:14]     VAL PASS  MOEXOG             ruble_emb        lag=  7  m6_ic=0.0711
[20:27:14]     VAL PASS  MOEXOG             ruble_emb        lag= 14  m6_ic=0.0693
[20:27:14]     VAL PASS  MOEXOG             sanctions_emb    lag=  1  m6_ic=0.0403
[20:27:14]     VAL PASS  MOEXOG             sanctions_emb    lag=  7  m6_ic=0.0598
[20:27:14]     VAL PASS  MOEXOG             sanctions_emb    lag= 30  m6_ic=0.0790
[20:27:14]     VAL PASS  MOEXOG             inflation_emb    lag= 30  m6_ic=0.1262
[20:27:15]     VAL PASS  MOEXOG             banking_emb      lag=  7  m6_ic=0.0733
[20:27:15]     VAL PASS  MOEXOG             gold_emb         lag= 14  m6_ic=0.0309
[20:27:15]     VAL PASS  MOEX10             oil_emb          lag=  7  m6_ic=0.0325
[20:27:15]     VAL PASS  MOEX10             oil_emb          lag= 30  m6_ic=0.0996
[20:27:16]     VAL PASS  MOEX10             rate_emb         lag=  1  m6_ic=0.0347
[20:27:16]     VAL PASS  MOEX10             rate_emb         lag= 14  m6_ic=0.1375
[20:27:16]     VAL PASS  MOEX10             rate_emb         lag= 30  m6_ic=0.0699
[20:27:16]     VAL PASS  MOEX10             ruble_emb        lag=  1  m6_ic=0.0934
[20:27:16]     VAL PASS  MOEX10             ruble_emb        lag= 14  m6_ic=0.0760
[20:27:17]     VAL PASS  MOEX10             sanctions_emb    lag=  1  m6_ic=0.0568
[20:27:17]     VAL PASS  MOEX10             inflation_emb    lag=  1  m6_ic=0.0965
[20:27:17]     VAL PASS  MOEX10             inflation_emb    lag= 14  m6_ic=0.0362
[20:27:17]     VAL PASS  MOEX10             banking_emb      lag=  7  m6_ic=0.0565
[20:27:18]     VAL PASS  MOEX10             gold_emb         lag=  7  m6_ic=0.0845
[20:27:18]     VAL PASS  MOEX10             gold_emb         lag= 30  m6_ic=0.0375
[20:27:18]     Val: 186/262 held
[20:27:18]   → train=262  val=186  max_ic=0.1404  score=2787.3
[20:27:18] 
============================================================
[20:27:18] FINAL REPORT
[20:27:18] ============================================================
[20:27:18] Report: C:\project\signal_mind\analytics\phase_b\night_search\night_report_20260520_200111.md
[20:27:19] Hits CSV: C:\project\signal_mind\analytics\phase_b\night_search\night_hits_20260520_200111.csv
[20:27:19] 
[12/15] sweep_embedding_raw_vol_5d  (budget=114min)
[20:27:19]   Config: sweep_embedding_raw_vol_5d
[20:27:19]     feature=embedding_raw  target=vol_5d  ensemble=M6_only  ic_min=0.03
[20:27:19]   HIT  SP500              oil_emb          lag= 30 m5_p=0.7391  m6_ic=0.0739
[20:27:21]   HIT  SP500              ruble_emb        lag=  7 m5_p=0.1061  m6_ic=0.0664
[20:27:21]   HIT  SP500              ruble_emb        lag= 14 m5_p=0.6187  m6_ic=0.0796
[20:27:21]   HIT  SP500              sanctions_emb    lag=  1 m5_p=0.1713  m6_ic=0.0536
[20:27:21]   HIT  SP500              sanctions_emb    lag=  7 m5_p=0.0916  m6_ic=0.0553
[20:27:22]   HIT  SP500              sanctions_emb    lag= 14 m5_p=0.1534  m6_ic=0.0360
[20:27:22]   HIT  SP500              inflation_emb    lag=  1 m5_p=0.9406  m6_ic=0.0484
[20:27:22]   HIT  SP500              inflation_emb    lag=  7 m5_p=0.3355  m6_ic=0.1011
[20:27:23]   HIT  SP500              inflation_emb    lag= 30 m5_p=0.5788  m6_ic=0.0506
[20:27:23]   HIT  SP500              banking_emb      lag=  1 m5_p=0.5709  m6_ic=0.0312
[20:27:24]   HIT  SP500              gold_emb         lag= 14 m5_p=0.4467  m6_ic=0.0763
[20:27:24]   HIT  USD_RUB            oil_emb          lag=  1 m5_p=0.7448  m6_ic=0.0517
[20:27:25]   HIT  USD_RUB            oil_emb          lag= 30 m5_p=0.8768  m6_ic=0.0881
[20:27:25]   HIT  USD_RUB            rate_emb         lag=  1 m5_p=0.0770  m6_ic=0.0326
[20:27:25]   HIT  USD_RUB            rate_emb         lag=  7 m5_p=0.0680  m6_ic=0.0499
[20:27:26]   HIT  USD_RUB            rate_emb         lag= 30 m5_p=0.5357  m6_ic=0.0664
[20:27:26]   HIT  USD_RUB            ruble_emb        lag=  7 m5_p=0.7121  m6_ic=0.1193
[20:27:27]   HIT  USD_RUB            ruble_emb        lag= 14 m5_p=0.0550  m6_ic=0.0786
[20:27:27]   HIT  USD_RUB            sanctions_emb    lag=  7 m5_p=0.4124  m6_ic=0.0885
[20:27:28]   HIT  USD_RUB            inflation_emb    lag=  1 m5_p=0.0616  m6_ic=0.0752
[20:27:28]   HIT  USD_RUB            inflation_emb    lag=  7 m5_p=0.8706  m6_ic=0.0327
[20:27:28]   HIT  USD_RUB            inflation_emb    lag= 14 m5_p=0.6877  m6_ic=0.0344
[20:27:28]   HIT  USD_RUB            banking_emb      lag=  1 m5_p=0.9389  m6_ic=0.0921
[20:27:29]   HIT  USD_RUB            banking_emb      lag= 14 m5_p=0.5740  m6_ic=0.0352
[20:27:29]   HIT  USD_RUB            banking_emb      lag= 30 m5_p=0.8252  m6_ic=0.0489
[20:27:29]   HIT  USD_RUB            gold_emb         lag=  7 m5_p=0.9077  m6_ic=0.0349
[20:27:30]   HIT  EUR_RUB            oil_emb          lag=  1 m5_p=0.7448  m6_ic=0.0517
[20:27:31]   HIT  EUR_RUB            oil_emb          lag= 30 m5_p=0.8768  m6_ic=0.0881
[20:27:31]   HIT  EUR_RUB            rate_emb         lag=  1 m5_p=0.0770  m6_ic=0.0326
[20:27:31]   HIT  EUR_RUB            rate_emb         lag=  7 m5_p=0.0680  m6_ic=0.0499
[20:27:31]   HIT  EUR_RUB            rate_emb         lag= 30 m5_p=0.5357  m6_ic=0.0664
[20:27:32]   HIT  EUR_RUB            ruble_emb        lag=  7 m5_p=0.7121  m6_ic=0.1193
[20:27:32]   HIT  EUR_RUB            ruble_emb        lag= 14 m5_p=0.0550  m6_ic=0.0786
[20:27:33]   HIT  EUR_RUB            sanctions_emb    lag=  7 m5_p=0.4124  m6_ic=0.0885
[20:27:33]   HIT  EUR_RUB            inflation_emb    lag=  1 m5_p=0.0616  m6_ic=0.0752
[20:27:33]   HIT  EUR_RUB            inflation_emb    lag=  7 m5_p=0.8706  m6_ic=0.0327
[20:27:34]   HIT  EUR_RUB            inflation_emb    lag= 14 m5_p=0.6877  m6_ic=0.0344
[20:27:34]   HIT  EUR_RUB            banking_emb      lag=  1 m5_p=0.9389  m6_ic=0.0921
[20:27:34]   HIT  EUR_RUB            banking_emb      lag= 14 m5_p=0.5740  m6_ic=0.0352
[20:27:35]   HIT  EUR_RUB            banking_emb      lag= 30 m5_p=0.8252  m6_ic=0.0489
[20:27:35]   HIT  EUR_RUB            gold_emb         lag=  7 m5_p=0.9077  m6_ic=0.0349
[20:27:36]   HIT  DJ_SOUTH_AFRICA    oil_emb          lag=  7 m5_p=0.8485  m6_ic=0.0371
[20:27:36]   HIT  DJ_SOUTH_AFRICA    oil_emb          lag= 14 m5_p=0.5498  m6_ic=0.0927
[20:27:36]   HIT  DJ_SOUTH_AFRICA    oil_emb          lag= 30 m5_p=0.0778  m6_ic=0.0312
[20:27:36]   HIT  DJ_SOUTH_AFRICA    rate_emb         lag=  1 m5_p=0.0638  m6_ic=0.0318
[20:27:37]   HIT  DJ_SOUTH_AFRICA    rate_emb         lag= 14 m5_p=0.4893  m6_ic=0.1174
[20:27:37]   HIT  DJ_SOUTH_AFRICA    rate_emb         lag= 30 m5_p=0.4674  m6_ic=0.0569
[20:27:37]   HIT  DJ_SOUTH_AFRICA    ruble_emb        lag=  1 m5_p=0.5229  m6_ic=0.0604
[20:27:37]   HIT  DJ_SOUTH_AFRICA    ruble_emb        lag=  7 m5_p=0.1380  m6_ic=0.0332
[20:27:38]   HIT  DJ_SOUTH_AFRICA    ruble_emb        lag= 30 m5_p=0.6104  m6_ic=0.0555
[20:27:38]   HIT  DJ_SOUTH_AFRICA    sanctions_emb    lag=  7 m5_p=0.0377  m6_ic=0.0609
[20:27:38]   HIT  DJ_SOUTH_AFRICA    sanctions_emb    lag= 14 m5_p=0.6578  m6_ic=0.0507
[20:27:39]   HIT  DJ_SOUTH_AFRICA    sanctions_emb    lag= 30 m5_p=0.4399  m6_ic=0.0743
[20:27:39]   HIT  DJ_SOUTH_AFRICA    inflation_emb    lag=  1 m5_p=0.7070  m6_ic=0.0432
[20:27:39]   HIT  DJ_SOUTH_AFRICA    inflation_emb    lag=  7 m5_p=0.1537  m6_ic=0.0520
[20:27:39]   HIT  DJ_SOUTH_AFRICA    inflation_emb    lag= 14 m5_p=0.7240  m6_ic=0.0561
[20:27:39]   HIT  DJ_SOUTH_AFRICA    inflation_emb    lag= 30 m5_p=0.8763  m6_ic=0.0535
[20:27:40]   HIT  DJ_SOUTH_AFRICA    banking_emb      lag= 14 m5_p=0.5877  m6_ic=0.0469
[20:27:41]   HIT  DJ_SOUTH_AFRICA    gold_emb         lag=  7 m5_p=0.5567  m6_ic=0.0355
[20:27:41]   HIT  DJ_SOUTH_AFRICA    gold_emb         lag= 14 m5_p=0.2009  m6_ic=0.0807
[20:27:41]   HIT  DJ_SOUTH_AFRICA    gold_emb         lag= 30 m5_p=0.0076  m6_ic=0.0425
[20:27:42]   HIT  MSCI_WORLD         oil_emb          lag= 14 m5_p=0.9228  m6_ic=0.0302
[20:27:42]   HIT  MSCI_WORLD         rate_emb         lag=  1 m5_p=0.9574  m6_ic=0.0328
[20:27:42]   HIT  MSCI_WORLD         rate_emb         lag=  7 m5_p=0.1236  m6_ic=0.0492
[20:27:43]   HIT  MSCI_WORLD         rate_emb         lag= 30 m5_p=0.0772  m6_ic=0.0424
[20:27:44]   HIT  MSCI_WORLD         sanctions_emb    lag=  1 m5_p=0.9459  m6_ic=0.0494
[20:27:44]   HIT  MSCI_WORLD         sanctions_emb    lag=  7 m5_p=0.8661  m6_ic=0.0378
[20:27:45]   HIT  MSCI_WORLD         inflation_emb    lag=  1 m5_p=0.7441  m6_ic=0.0441
[20:27:45]   HIT  MSCI_WORLD         inflation_emb    lag=  7 m5_p=0.6335  m6_ic=0.0340
[20:27:45]   HIT  MSCI_WORLD         inflation_emb    lag= 14 m5_p=0.7948  m6_ic=0.0635
[20:27:45]   HIT  MSCI_WORLD         inflation_emb    lag= 30 m5_p=0.8049  m6_ic=0.0333
[20:27:46]   HIT  MSCI_WORLD         banking_emb      lag=  1 m5_p=0.3836  m6_ic=0.0378
[20:27:46]   HIT  MSCI_WORLD         banking_emb      lag=  7 m5_p=0.7890  m6_ic=0.0945
[20:27:47]   HIT  MSCI_WORLD         gold_emb         lag=  7 m5_p=0.8757  m6_ic=0.0976
[20:27:47]   HIT  MSCI_WORLD         gold_emb         lag= 14 m5_p=0.7950  m6_ic=0.1159
[20:27:47]   HIT  MSCI_WORLD         gold_emb         lag= 30 m5_p=0.4986  m6_ic=0.1011
[20:27:47]   HIT  DXY                oil_emb          lag=  1 m5_p=0.3734  m6_ic=0.0729
[20:27:48]   HIT  DXY                rate_emb         lag=  1 m5_p=0.8318  m6_ic=0.0390
[20:27:48]   HIT  DXY                rate_emb         lag= 14 m5_p=0.0197  m6_ic=0.0767
[20:27:49]   HIT  DXY                rate_emb         lag= 30 m5_p=0.7622  m6_ic=0.0976
[20:27:49]   HIT  DXY                ruble_emb        lag=  7 m5_p=0.6913  m6_ic=0.0592
[20:27:49]   HIT  DXY                ruble_emb        lag= 14 m5_p=0.8382  m6_ic=0.0534
[20:27:49]   HIT  DXY                ruble_emb        lag= 30 m5_p=0.9023  m6_ic=0.0629
[20:27:50]   HIT  DXY                sanctions_emb    lag=  1 m5_p=0.9646  m6_ic=0.0494
[20:27:50]   HIT  DXY                sanctions_emb    lag=  7 m5_p=0.6018  m6_ic=0.0475
[20:27:50]   HIT  DXY                sanctions_emb    lag= 14 m5_p=0.3624  m6_ic=0.0517
[20:27:50]   HIT  DXY                sanctions_emb    lag= 30 m5_p=0.3064  m6_ic=0.1034
[20:27:51]   HIT  DXY                inflation_emb    lag=  7 m5_p=0.2859  m6_ic=0.0588
[20:27:51]   HIT  DXY                inflation_emb    lag= 30 m5_p=0.7154  m6_ic=0.0365
[20:27:51]   HIT  DXY                banking_emb      lag=  1 m5_p=0.2264  m6_ic=0.0820
[20:27:51]   HIT  DXY                banking_emb      lag=  7 m5_p=0.9442  m6_ic=0.0335
[20:27:52]   HIT  DXY                gold_emb         lag=  7 m5_p=0.9126  m6_ic=0.0382
[20:27:52]   HIT  DXY                gold_emb         lag= 14 m5_p=0.6709  m6_ic=0.1237
[20:27:53]   HIT  DXY                gold_emb         lag= 30 m5_p=0.1762  m6_ic=0.0600
[20:27:53]   HIT  BRENT              oil_emb          lag= 14 m5_p=0.6934  m6_ic=0.0400
[20:27:54]   HIT  BRENT              oil_emb          lag= 30 m5_p=0.9130  m6_ic=0.1104
[20:27:54]   HIT  BRENT              rate_emb         lag=  7 m5_p=0.4801  m6_ic=0.0464
[20:27:54]   HIT  BRENT              rate_emb         lag= 30 m5_p=0.2612  m6_ic=0.0692
[20:27:55]   HIT  BRENT              ruble_emb        lag=  1 m5_p=0.7575  m6_ic=0.0686
[20:27:55]   HIT  BRENT              ruble_emb        lag=  7 m5_p=0.0665  m6_ic=0.0500
[20:27:55]   HIT  BRENT              ruble_emb        lag= 14 m5_p=0.8253  m6_ic=0.0390
[20:27:55]   HIT  BRENT              ruble_emb        lag= 30 m5_p=0.3300  m6_ic=0.0935
[20:27:56]   HIT  BRENT              sanctions_emb    lag= 30 m5_p=0.9523  m6_ic=0.0530
[20:27:56]   HIT  BRENT              inflation_emb    lag=  7 m5_p=0.1720  m6_ic=0.0760
[20:27:57]   HIT  BRENT              inflation_emb    lag= 30 m5_p=0.3597  m6_ic=0.0379
[20:27:57]   HIT  BRENT              banking_emb      lag=  1 m5_p=0.8633  m6_ic=0.1119
[20:27:57]   HIT  BRENT              banking_emb      lag=  7 m5_p=0.8160  m6_ic=0.0430
[20:27:58]   HIT  BRENT              gold_emb         lag= 30 m5_p=0.9238  m6_ic=0.0554
[20:27:59]   HIT  MSCI_INDIA         oil_emb          lag=  1 m5_p=0.3292  m6_ic=0.1213
[20:27:59]   HIT  MSCI_INDIA         oil_emb          lag= 30 m5_p=0.3094  m6_ic=0.0502
[20:27:59]   HIT  MSCI_INDIA         rate_emb         lag=  1 m5_p=0.1585  m6_ic=0.0809
[20:28:00]   HIT  MSCI_INDIA         rate_emb         lag= 30 m5_p=0.2502  m6_ic=0.0447
[20:28:01]   HIT  MSCI_INDIA         ruble_emb        lag=  7 m5_p=0.4546  m6_ic=0.0753
[20:28:01]   HIT  MSCI_INDIA         ruble_emb        lag= 14 m5_p=0.7257  m6_ic=0.1170
[20:28:01]   HIT  MSCI_INDIA         ruble_emb        lag= 30 m5_p=0.5483  m6_ic=0.0717
[20:28:02]   HIT  MSCI_INDIA         inflation_emb    lag=  1 m5_p=0.7917  m6_ic=0.0412
[20:28:02]   HIT  MSCI_INDIA         inflation_emb    lag=  7 m5_p=0.5301  m6_ic=0.0356
[20:28:02]   HIT  MSCI_INDIA         inflation_emb    lag= 14 m5_p=0.1285  m6_ic=0.0672
[20:28:03]   HIT  MSCI_INDIA         banking_emb      lag=  1 m5_p=0.9750  m6_ic=0.0367
[20:28:03]   HIT  MSCI_INDIA         banking_emb      lag=  7 m5_p=0.7599  m6_ic=0.0594
[20:28:03]   HIT  MSCI_INDIA         banking_emb      lag= 14 m5_p=0.4523  m6_ic=0.0721
[20:28:03]   HIT  MSCI_INDIA         banking_emb      lag= 30 m5_p=0.2018  m6_ic=0.0762
[20:28:04]   HIT  MSCI_INDIA         gold_emb         lag=  7 m5_p=0.5405  m6_ic=0.0392
[20:28:04]   HIT  MSCI_INDIA         gold_emb         lag= 30 m5_p=0.9170  m6_ic=0.0421
[20:28:04]   HIT  CHINA_H_SHARES     oil_emb          lag=  1 m5_p=0.9909  m6_ic=0.0863
[20:28:05]   HIT  CHINA_H_SHARES     oil_emb          lag= 30 m5_p=0.4361  m6_ic=0.0799
[20:28:05]   HIT  CHINA_H_SHARES     rate_emb         lag=  1 m5_p=0.2178  m6_ic=0.0901
[20:28:05]   HIT  CHINA_H_SHARES     rate_emb         lag=  7 m5_p=0.8553  m6_ic=0.0471
[20:28:06]   HIT  CHINA_H_SHARES     rate_emb         lag= 14 m5_p=0.0364  m6_ic=0.0771
[20:28:06]   HIT  CHINA_H_SHARES     ruble_emb        lag=  1 m5_p=0.0971  m6_ic=0.0371
[20:28:06]   HIT  CHINA_H_SHARES     ruble_emb        lag=  7 m5_p=0.0111  m6_ic=0.0720
[20:28:06]   HIT  CHINA_H_SHARES     ruble_emb        lag= 14 m5_p=0.5494  m6_ic=0.0324
[20:28:07]   HIT  CHINA_H_SHARES     sanctions_emb    lag=  1 m5_p=0.4580  m6_ic=0.0333
[20:28:07]   HIT  CHINA_H_SHARES     sanctions_emb    lag=  7 m5_p=0.6217  m6_ic=0.0547
[20:28:07]   HIT  CHINA_H_SHARES     sanctions_emb    lag= 30 m5_p=0.5367  m6_ic=0.0430
[20:28:08]   HIT  CHINA_H_SHARES     inflation_emb    lag=  7 m5_p=0.9540  m6_ic=0.0496
[20:28:08]   HIT  CHINA_H_SHARES     inflation_emb    lag= 14 m5_p=0.0526  m6_ic=0.0713
[20:28:08]   HIT  CHINA_H_SHARES     inflation_emb    lag= 30 m5_p=0.6533  m6_ic=0.0354
[20:28:08]   HIT  CHINA_H_SHARES     banking_emb      lag=  1 m5_p=0.9612  m6_ic=0.0659
[20:28:09]   HIT  CHINA_H_SHARES     banking_emb      lag=  7 m5_p=0.9848  m6_ic=0.0339
[20:28:09]   HIT  CHINA_H_SHARES     gold_emb         lag=  1 m5_p=0.9468  m6_ic=0.0312
[20:28:09]   HIT  CHINA_H_SHARES     gold_emb         lag=  7 m5_p=0.8447  m6_ic=0.0588
[20:28:10]   HIT  CHINA_H_SHARES     gold_emb         lag= 14 m5_p=0.3694  m6_ic=0.0732
[20:28:10]   HIT  CHINA_H_SHARES     gold_emb         lag= 30 m5_p=0.5720  m6_ic=0.0662
[20:28:10]   HIT  FTSE_CHINA_50      oil_emb          lag=  1 m5_p=0.8237  m6_ic=0.0584
[20:28:10]   HIT  FTSE_CHINA_50      oil_emb          lag= 14 m5_p=0.9464  m6_ic=0.0439
[20:28:11]   HIT  FTSE_CHINA_50      oil_emb          lag= 30 m5_p=0.3816  m6_ic=0.0640
[20:28:11]   HIT  FTSE_CHINA_50      rate_emb         lag=  1 m5_p=0.2613  m6_ic=0.0949
[20:28:11]   HIT  FTSE_CHINA_50      rate_emb         lag=  7 m5_p=0.7846  m6_ic=0.0348
[20:28:11]   HIT  FTSE_CHINA_50      rate_emb         lag= 14 m5_p=0.0304  m6_ic=0.0779
[20:28:12]   HIT  FTSE_CHINA_50      ruble_emb        lag=  1 m5_p=0.0629  m6_ic=0.0780
[20:28:12]   HIT  FTSE_CHINA_50      ruble_emb        lag= 14 m5_p=0.4802  m6_ic=0.0610
[20:28:13]   HIT  FTSE_CHINA_50      sanctions_emb    lag=  7 m5_p=0.6860  m6_ic=0.0559
[20:28:13]   HIT  FTSE_CHINA_50      sanctions_emb    lag= 30 m5_p=0.3571  m6_ic=0.0738
[20:28:13]   HIT  FTSE_CHINA_50      inflation_emb    lag=  7 m5_p=0.8928  m6_ic=0.0538
[20:28:13]   HIT  FTSE_CHINA_50      inflation_emb    lag= 14 m5_p=0.0430  m6_ic=0.0684
[20:28:14]   HIT  FTSE_CHINA_50      inflation_emb    lag= 30 m5_p=0.6400  m6_ic=0.0316
[20:28:14]   HIT  FTSE_CHINA_50      banking_emb      lag=  1 m5_p=0.9411  m6_ic=0.0508
[20:28:14]   HIT  FTSE_CHINA_50      banking_emb      lag=  7 m5_p=0.8064  m6_ic=0.0305
[20:28:15]   HIT  FTSE_CHINA_50      gold_emb         lag=  7 m5_p=0.8589  m6_ic=0.0558
[20:28:15]   HIT  FTSE_CHINA_50      gold_emb         lag= 14 m5_p=0.2419  m6_ic=0.0816
[20:28:15]   HIT  FTSE_CHINA_50      gold_emb         lag= 30 m5_p=0.4803  m6_ic=0.0633
[20:28:16]   HIT  GOLD               oil_emb          lag= 30 m5_p=0.1388  m6_ic=0.1091
[20:28:16]   HIT  GOLD               rate_emb         lag=  1 m5_p=0.9063  m6_ic=0.1404
[20:28:16]   HIT  GOLD               rate_emb         lag=  7 m5_p=0.3280  m6_ic=0.0759
[20:28:17]   HIT  GOLD               rate_emb         lag= 14 m5_p=0.3908  m6_ic=0.1002
[20:28:17]   HIT  GOLD               rate_emb         lag= 30 m5_p=0.4556  m6_ic=0.0459
[20:28:17]   HIT  GOLD               ruble_emb        lag= 30 m5_p=0.4411  m6_ic=0.0488
[20:28:18]   HIT  GOLD               sanctions_emb    lag= 14 m5_p=0.2355  m6_ic=0.0600
[20:28:18]   HIT  GOLD               inflation_emb    lag=  1 m5_p=0.9295  m6_ic=0.1321
[20:28:19]   HIT  GOLD               inflation_emb    lag=  7 m5_p=0.6545  m6_ic=0.0586
[20:28:19]   HIT  GOLD               inflation_emb    lag= 14 m5_p=0.7785  m6_ic=0.0872
[20:28:19]   HIT  GOLD               inflation_emb    lag= 30 m5_p=0.8263  m6_ic=0.0616
[20:28:19]   HIT  GOLD               banking_emb      lag=  7 m5_p=0.3961  m6_ic=0.0477
[20:28:19]   HIT  GOLD               banking_emb      lag= 14 m5_p=0.6257  m6_ic=0.0400
[20:28:20]   HIT  GOLD               banking_emb      lag= 30 m5_p=0.3287  m6_ic=0.0307
[20:28:20]   HIT  GOLD               gold_emb         lag=  1 m5_p=0.3730  m6_ic=0.0464
[20:28:20]   HIT  GOLD               gold_emb         lag=  7 m5_p=0.3488  m6_ic=0.1122
[20:28:20]   HIT  GOLD               gold_emb         lag= 14 m5_p=0.6406  m6_ic=0.0348
[20:28:21]   HIT  GOLD               gold_emb         lag= 30 m5_p=0.6717  m6_ic=0.0388
[20:28:21]   HIT  SILVER             oil_emb          lag=  7 m5_p=0.2003  m6_ic=0.0348
[20:28:21]   HIT  SILVER             oil_emb          lag= 14 m5_p=0.9077  m6_ic=0.0598
[20:28:21]   HIT  SILVER             oil_emb          lag= 30 m5_p=0.2117  m6_ic=0.0714
[20:28:22]   HIT  SILVER             rate_emb         lag=  1 m5_p=0.4332  m6_ic=0.0515
[20:28:22]   HIT  SILVER             rate_emb         lag=  7 m5_p=0.2404  m6_ic=0.0402
[20:28:22]   HIT  SILVER             rate_emb         lag= 14 m5_p=0.4185  m6_ic=0.0338
[20:28:22]   HIT  SILVER             ruble_emb        lag=  1 m5_p=0.5027  m6_ic=0.0679
[20:28:22]   HIT  SILVER             ruble_emb        lag=  7 m5_p=0.1094  m6_ic=0.0335
[20:28:23]   HIT  SILVER             ruble_emb        lag= 14 m5_p=0.7233  m6_ic=0.1006
[20:28:23]   HIT  SILVER             ruble_emb        lag= 30 m5_p=0.8350  m6_ic=0.0465
[20:28:23]   HIT  SILVER             sanctions_emb    lag=  1 m5_p=0.7351  m6_ic=0.1333
[20:28:23]   HIT  SILVER             sanctions_emb    lag=  7 m5_p=0.4999  m6_ic=0.0933
[20:28:24]   HIT  SILVER             inflation_emb    lag=  1 m5_p=0.6911  m6_ic=0.0498
[20:28:24]   HIT  SILVER             inflation_emb    lag= 30 m5_p=0.6921  m6_ic=0.0493
[20:28:25]   HIT  SILVER             banking_emb      lag= 30 m5_p=0.8745  m6_ic=0.0929
[20:28:26]   HIT  SILVER             gold_emb         lag= 14 m5_p=0.9410  m6_ic=0.1223
[20:28:26]   HIT  SILVER             gold_emb         lag= 30 m5_p=0.8730  m6_ic=0.0579
[20:28:26]   HIT  IMOEX              oil_emb          lag= 14 m5_p=0.4171  m6_ic=0.0348
[20:28:27]   HIT  IMOEX              rate_emb         lag=  1 m5_p=0.1216  m6_ic=0.0814
[20:28:27]   HIT  IMOEX              rate_emb         lag= 14 m5_p=0.3900  m6_ic=0.1071
[20:28:28]   HIT  IMOEX              rate_emb         lag= 30 m5_p=0.9239  m6_ic=0.0745
[20:28:28]   HIT  IMOEX              ruble_emb        lag=  1 m5_p=0.3538  m6_ic=0.0605
[20:28:28]   HIT  IMOEX              ruble_emb        lag=  7 m5_p=0.6969  m6_ic=0.1091
[20:28:28]   HIT  IMOEX              ruble_emb        lag= 14 m5_p=0.5752  m6_ic=0.0849
[20:28:28]   HIT  IMOEX              ruble_emb        lag= 30 m5_p=0.3496  m6_ic=0.0328
[20:28:29]   HIT  IMOEX              sanctions_emb    lag=  1 m5_p=0.4070  m6_ic=0.1019
[20:28:29]   HIT  IMOEX              sanctions_emb    lag=  7 m5_p=0.2338  m6_ic=0.1173
[20:28:29]   HIT  IMOEX              inflation_emb    lag=  1 m5_p=0.0887  m6_ic=0.0574
[20:28:29]   HIT  IMOEX              inflation_emb    lag=  7 m5_p=0.2308  m6_ic=0.0342
[20:28:30]   HIT  IMOEX              banking_emb      lag=  7 m5_p=0.8551  m6_ic=0.0688
[20:28:31]   HIT  IMOEX              gold_emb         lag=  7 m5_p=0.1597  m6_ic=0.0659
[20:28:31]   HIT  IMOEX              gold_emb         lag= 14 m5_p=0.4976  m6_ic=0.0706
[20:28:32]   HIT  MOEXFN             oil_emb          lag= 14 m5_p=0.5602  m6_ic=0.0696
[20:28:32]   HIT  MOEXFN             oil_emb          lag= 30 m5_p=0.4331  m6_ic=0.0849
[20:28:33]   HIT  MOEXFN             rate_emb         lag=  7 m5_p=0.3027  m6_ic=0.0508
[20:28:33]   HIT  MOEXFN             rate_emb         lag= 14 m5_p=0.0939  m6_ic=0.0655
[20:28:33]   HIT  MOEXFN             rate_emb         lag= 30 m5_p=0.4588  m6_ic=0.0520
[20:28:33]   HIT  MOEXFN             ruble_emb        lag=  1 m5_p=0.4051  m6_ic=0.0600
[20:28:33]   HIT  MOEXFN             ruble_emb        lag=  7 m5_p=0.9184  m6_ic=0.0448
[20:28:34]   HIT  MOEXFN             ruble_emb        lag= 14 m5_p=0.9268  m6_ic=0.0307
[20:28:34]   HIT  MOEXFN             sanctions_emb    lag=  1 m5_p=0.5545  m6_ic=0.1003
[20:28:34]   HIT  MOEXFN             sanctions_emb    lag=  7 m5_p=0.2675  m6_ic=0.0685
[20:28:35]   HIT  MOEXFN             sanctions_emb    lag= 30 m5_p=0.6794  m6_ic=0.0667
[20:28:35]   HIT  MOEXFN             inflation_emb    lag= 14 m5_p=0.8303  m6_ic=0.0796
[20:28:36]   HIT  MOEXFN             banking_emb      lag=  1 m5_p=0.4235  m6_ic=0.0403
[20:28:36]   HIT  MOEXFN             banking_emb      lag=  7 m5_p=0.9354  m6_ic=0.0636
[20:28:36]   HIT  MOEXFN             banking_emb      lag= 30 m5_p=0.8517  m6_ic=0.0600
[20:28:37]   HIT  MOEXFN             gold_emb         lag=  1 m5_p=0.8897  m6_ic=0.0880
[20:28:37]   HIT  MOEXFN             gold_emb         lag=  7 m5_p=0.3467  m6_ic=0.0796
[20:28:37]   HIT  MOEXFN             gold_emb         lag= 14 m5_p=0.3763  m6_ic=0.0406
[20:28:37]   HIT  MOEXFN             gold_emb         lag= 30 m5_p=0.2654  m6_ic=0.0391
[20:28:37]   HIT  MOEXOG             oil_emb          lag=  1 m5_p=0.6638  m6_ic=0.0427
[20:28:38]   HIT  MOEXOG             oil_emb          lag=  7 m5_p=0.0552  m6_ic=0.0383
[20:28:38]   HIT  MOEXOG             rate_emb         lag=  1 m5_p=0.0466  m6_ic=0.0488
[20:28:39]   HIT  MOEXOG             rate_emb         lag= 14 m5_p=0.5690  m6_ic=0.0847
[20:28:39]   HIT  MOEXOG             rate_emb         lag= 30 m5_p=0.4720  m6_ic=0.1227
[20:28:39]   HIT  MOEXOG             ruble_emb        lag=  1 m5_p=0.3281  m6_ic=0.0496
[20:28:39]   HIT  MOEXOG             ruble_emb        lag=  7 m5_p=0.6356  m6_ic=0.0826
[20:28:39]   HIT  MOEXOG             ruble_emb        lag= 14 m5_p=0.7891  m6_ic=0.0479
[20:28:40]   HIT  MOEXOG             sanctions_emb    lag=  1 m5_p=0.3517  m6_ic=0.1262
[20:28:40]   HIT  MOEXOG             sanctions_emb    lag=  7 m5_p=0.5112  m6_ic=0.1113
[20:28:40]   HIT  MOEXOG             sanctions_emb    lag= 30 m5_p=0.5821  m6_ic=0.0788
[20:28:41]   HIT  MOEXOG             inflation_emb    lag= 30 m5_p=0.5215  m6_ic=0.0323
[20:28:42]   HIT  MOEXOG             banking_emb      lag=  7 m5_p=0.9745  m6_ic=0.0637
[20:28:42]   HIT  MOEXOG             gold_emb         lag=  7 m5_p=0.2981  m6_ic=0.0520
[20:28:43]   HIT  MOEXOG             gold_emb         lag= 14 m5_p=0.4966  m6_ic=0.0451
[20:28:43]   HIT  MOEX10             oil_emb          lag=  7 m5_p=0.1319  m6_ic=0.0357
[20:28:44]   HIT  MOEX10             oil_emb          lag= 30 m5_p=0.1828  m6_ic=0.0573
[20:28:44]   HIT  MOEX10             rate_emb         lag=  1 m5_p=0.0783  m6_ic=0.0526
[20:28:44]   HIT  MOEX10             rate_emb         lag=  7 m5_p=0.2159  m6_ic=0.0714
[20:28:44]   HIT  MOEX10             rate_emb         lag= 14 m5_p=0.4691  m6_ic=0.0495
[20:28:44]   HIT  MOEX10             rate_emb         lag= 30 m5_p=0.7477  m6_ic=0.0642
[20:28:45]   HIT  MOEX10             ruble_emb        lag=  1 m5_p=0.3155  m6_ic=0.0362
[20:28:45]   HIT  MOEX10             ruble_emb        lag= 14 m5_p=0.8507  m6_ic=0.0382
[20:28:45]   HIT  MOEX10             sanctions_emb    lag=  1 m5_p=0.4780  m6_ic=0.1139
[20:28:46]   HIT  MOEX10             inflation_emb    lag=  1 m5_p=0.1605  m6_ic=0.0351
[20:28:47]   HIT  MOEX10             inflation_emb    lag= 14 m5_p=0.9331  m6_ic=0.0770
[20:28:47]   HIT  MOEX10             banking_emb      lag=  7 m5_p=0.9801  m6_ic=0.0639
[20:28:47]   HIT  MOEX10             banking_emb      lag= 14 m5_p=0.8787  m6_ic=0.0447
[20:28:48]   HIT  MOEX10             gold_emb         lag=  1 m5_p=0.6671  m6_ic=0.0503
[20:28:48]   HIT  MOEX10             gold_emb         lag=  7 m5_p=0.1483  m6_ic=0.1153
[20:28:48]   HIT  MOEX10             gold_emb         lag= 30 m5_p=0.3250  m6_ic=0.0731
[20:28:48]     Train: 262 signals
[20:28:48]     Val holdout (262 candidates)...
[20:28:49]     VAL PASS  SP500              oil_emb          lag= 30  m6_ic=0.0899
[20:28:49]     VAL PASS  SP500              ruble_emb        lag= 14  m6_ic=0.0561
[20:28:49]     VAL PASS  SP500              sanctions_emb    lag= 14  m6_ic=0.0681
[20:28:50]     VAL PASS  SP500              inflation_emb    lag=  1  m6_ic=0.0792
[20:28:50]     VAL PASS  SP500              inflation_emb    lag=  7  m6_ic=0.0586
[20:28:50]     VAL PASS  SP500              inflation_emb    lag= 30  m6_ic=0.0427
[20:28:51]     VAL PASS  SP500              gold_emb         lag= 14  m6_ic=0.0313
[20:28:51]     VAL PASS  USD_RUB            oil_emb          lag=  1  m6_ic=0.0595
[20:28:51]     VAL PASS  USD_RUB            oil_emb          lag= 30  m6_ic=0.0648
[20:28:51]     VAL PASS  USD_RUB            rate_emb         lag=  1  m6_ic=0.0521
[20:28:51]     VAL PASS  USD_RUB            rate_emb         lag=  7  m6_ic=0.0720
[20:28:51]     VAL PASS  USD_RUB            rate_emb         lag= 30  m6_ic=0.0915
[20:28:52]     VAL PASS  USD_RUB            ruble_emb        lag=  7  m6_ic=0.0375
[20:28:52]     VAL PASS  USD_RUB            ruble_emb        lag= 14  m6_ic=0.0778
[20:28:52]     VAL PASS  USD_RUB            sanctions_emb    lag=  7  m6_ic=0.0617
[20:28:52]     VAL PASS  USD_RUB            inflation_emb    lag=  7  m6_ic=0.0986
[20:28:53]     VAL PASS  USD_RUB            banking_emb      lag=  1  m6_ic=0.0940
[20:28:53]     VAL PASS  USD_RUB            banking_emb      lag= 30  m6_ic=0.0485
[20:28:53]     VAL PASS  USD_RUB            gold_emb         lag=  7  m6_ic=0.0684
[20:28:53]     VAL PASS  EUR_RUB            oil_emb          lag=  1  m6_ic=0.0595
[20:28:54]     VAL PASS  EUR_RUB            oil_emb          lag= 30  m6_ic=0.0648
[20:28:54]     VAL PASS  EUR_RUB            rate_emb         lag=  1  m6_ic=0.0521
[20:28:54]     VAL PASS  EUR_RUB            rate_emb         lag=  7  m6_ic=0.0720
[20:28:54]     VAL PASS  EUR_RUB            rate_emb         lag= 30  m6_ic=0.0915
[20:28:54]     VAL PASS  EUR_RUB            ruble_emb        lag=  7  m6_ic=0.0375
[20:28:54]     VAL PASS  EUR_RUB            ruble_emb        lag= 14  m6_ic=0.0778
[20:28:55]     VAL PASS  EUR_RUB            sanctions_emb    lag=  7  m6_ic=0.0617
[20:28:55]     VAL PASS  EUR_RUB            inflation_emb    lag=  7  m6_ic=0.0986
[20:28:56]     VAL PASS  EUR_RUB            banking_emb      lag=  1  m6_ic=0.0940
[20:28:56]     VAL PASS  EUR_RUB            banking_emb      lag= 30  m6_ic=0.0485
[20:28:56]     VAL PASS  EUR_RUB            gold_emb         lag=  7  m6_ic=0.0684
[20:28:56]     VAL PASS  DJ_SOUTH_AFRICA    oil_emb          lag= 14  m6_ic=0.0911
[20:28:57]     VAL PASS  DJ_SOUTH_AFRICA    oil_emb          lag= 30  m6_ic=0.0797
[20:28:57]     VAL PASS  DJ_SOUTH_AFRICA    rate_emb         lag=  1  m6_ic=0.0811
[20:28:57]     VAL PASS  DJ_SOUTH_AFRICA    rate_emb         lag= 14  m6_ic=0.1277
[20:28:57]     VAL PASS  DJ_SOUTH_AFRICA    rate_emb         lag= 30  m6_ic=0.0900
[20:28:57]     VAL PASS  DJ_SOUTH_AFRICA    ruble_emb        lag=  1  m6_ic=0.0375
[20:28:58]     VAL PASS  DJ_SOUTH_AFRICA    sanctions_emb    lag=  7  m6_ic=0.0345
[20:28:58]     VAL PASS  DJ_SOUTH_AFRICA    sanctions_emb    lag= 14  m6_ic=0.0326
[20:28:59]     VAL PASS  DJ_SOUTH_AFRICA    inflation_emb    lag= 14  m6_ic=0.0367
[20:28:59]     VAL PASS  DJ_SOUTH_AFRICA    inflation_emb    lag= 30  m6_ic=0.0317
[20:28:59]     VAL PASS  DJ_SOUTH_AFRICA    banking_emb      lag= 14  m6_ic=0.0761
[20:28:59]     VAL PASS  DJ_SOUTH_AFRICA    gold_emb         lag=  7  m6_ic=0.0435
[20:29:00]     VAL PASS  MSCI_WORLD         oil_emb          lag= 14  m6_ic=0.0370
[20:29:00]     VAL PASS  MSCI_WORLD         rate_emb         lag=  1  m6_ic=0.0447
[20:29:00]     VAL PASS  MSCI_WORLD         rate_emb         lag=  7  m6_ic=0.0648
[20:29:01]     VAL PASS  MSCI_WORLD         rate_emb         lag= 30  m6_ic=0.0473
[20:29:01]     VAL PASS  MSCI_WORLD         inflation_emb    lag=  1  m6_ic=0.0352
[20:29:02]     VAL PASS  MSCI_WORLD         inflation_emb    lag= 30  m6_ic=0.0406
[20:29:02]     VAL PASS  MSCI_WORLD         banking_emb      lag=  7  m6_ic=0.0492
[20:29:02]     VAL PASS  MSCI_WORLD         gold_emb         lag= 14  m6_ic=0.1109
[20:29:03]     VAL PASS  DXY                rate_emb         lag=  1  m6_ic=0.0713
[20:29:03]     VAL PASS  DXY                rate_emb         lag= 14  m6_ic=0.0358
[20:29:03]     VAL PASS  DXY                rate_emb         lag= 30  m6_ic=0.0598
[20:29:04]     VAL PASS  DXY                ruble_emb        lag=  7  m6_ic=0.0603
[20:29:04]     VAL PASS  DXY                ruble_emb        lag= 30  m6_ic=0.0364
[20:29:04]     VAL PASS  DXY                sanctions_emb    lag=  1  m6_ic=0.0566
[20:29:04]     VAL PASS  DXY                sanctions_emb    lag=  7  m6_ic=0.0506
[20:29:04]     VAL PASS  DXY                sanctions_emb    lag= 14  m6_ic=0.0835
[20:29:05]     VAL PASS  DXY                sanctions_emb    lag= 30  m6_ic=0.0392
[20:29:05]     VAL PASS  DXY                inflation_emb    lag=  7  m6_ic=0.0584
[20:29:05]     VAL PASS  DXY                inflation_emb    lag= 30  m6_ic=0.0529
[20:29:05]     VAL PASS  DXY                banking_emb      lag=  1  m6_ic=0.0350
[20:29:05]     VAL PASS  DXY                banking_emb      lag=  7  m6_ic=0.1067
[20:29:06]     VAL PASS  DXY                gold_emb         lag=  7  m6_ic=0.0760
[20:29:06]     VAL PASS  DXY                gold_emb         lag= 30  m6_ic=0.0619
[20:29:06]     VAL PASS  BRENT              oil_emb          lag= 14  m6_ic=0.0320
[20:29:06]     VAL PASS  BRENT              oil_emb          lag= 30  m6_ic=0.0584
[20:29:07]     VAL PASS  BRENT              rate_emb         lag=  7  m6_ic=0.0580
[20:29:07]     VAL PASS  BRENT              rate_emb         lag= 30  m6_ic=0.1135
[20:29:07]     VAL PASS  BRENT              ruble_emb        lag=  1  m6_ic=0.0408
[20:29:07]     VAL PASS  BRENT              ruble_emb        lag=  7  m6_ic=0.0386
[20:29:07]     VAL PASS  BRENT              ruble_emb        lag= 14  m6_ic=0.0512
[20:29:08]     VAL PASS  BRENT              ruble_emb        lag= 30  m6_ic=0.0439
[20:29:08]     VAL PASS  BRENT              inflation_emb    lag= 30  m6_ic=0.0603
[20:29:09]     VAL PASS  BRENT              gold_emb         lag= 30  m6_ic=0.0449
[20:29:09]     VAL PASS  MSCI_INDIA         oil_emb          lag=  1  m6_ic=0.0400
[20:29:09]     VAL PASS  MSCI_INDIA         oil_emb          lag= 30  m6_ic=0.0405
[20:29:09]     VAL PASS  MSCI_INDIA         rate_emb         lag=  1  m6_ic=0.0366
[20:29:10]     VAL PASS  MSCI_INDIA         rate_emb         lag= 30  m6_ic=0.0733
[20:29:10]     VAL PASS  MSCI_INDIA         ruble_emb        lag=  7  m6_ic=0.0481
[20:29:10]     VAL PASS  MSCI_INDIA         ruble_emb        lag= 30  m6_ic=0.0554
[20:29:10]     VAL PASS  MSCI_INDIA         inflation_emb    lag=  7  m6_ic=0.0963
[20:29:11]     VAL PASS  MSCI_INDIA         inflation_emb    lag= 14  m6_ic=0.0752
[20:29:11]     VAL PASS  MSCI_INDIA         banking_emb      lag=  1  m6_ic=0.0923
[20:29:11]     VAL PASS  MSCI_INDIA         banking_emb      lag=  7  m6_ic=0.0425
[20:29:11]     VAL PASS  MSCI_INDIA         banking_emb      lag= 30  m6_ic=0.1132
[20:29:12]     VAL PASS  MSCI_INDIA         gold_emb         lag=  7  m6_ic=0.0450
[20:29:12]     VAL PASS  MSCI_INDIA         gold_emb         lag= 30  m6_ic=0.0345
[20:29:12]     VAL PASS  CHINA_H_SHARES     oil_emb          lag=  1  m6_ic=0.0608
[20:29:12]     VAL PASS  CHINA_H_SHARES     oil_emb          lag= 30  m6_ic=0.1113
[20:29:12]     VAL PASS  CHINA_H_SHARES     rate_emb         lag=  7  m6_ic=0.0354
[20:29:13]     VAL PASS  CHINA_H_SHARES     rate_emb         lag= 14  m6_ic=0.0331
[20:29:13]     VAL PASS  CHINA_H_SHARES     ruble_emb        lag=  7  m6_ic=0.0892
[20:29:13]     VAL PASS  CHINA_H_SHARES     ruble_emb        lag= 14  m6_ic=0.1280
[20:29:13]     VAL PASS  CHINA_H_SHARES     sanctions_emb    lag=  1  m6_ic=0.0474
[20:29:13]     VAL PASS  CHINA_H_SHARES     sanctions_emb    lag=  7  m6_ic=0.0572
[20:29:14]     VAL PASS  CHINA_H_SHARES     sanctions_emb    lag= 30  m6_ic=0.0897
[20:29:14]     VAL PASS  CHINA_H_SHARES     inflation_emb    lag=  7  m6_ic=0.0534
[20:29:14]     VAL PASS  CHINA_H_SHARES     inflation_emb    lag= 14  m6_ic=0.0379
[20:29:14]     VAL PASS  CHINA_H_SHARES     inflation_emb    lag= 30  m6_ic=0.1258
[20:29:15]     VAL PASS  CHINA_H_SHARES     gold_emb         lag=  7  m6_ic=0.1018
[20:29:15]     VAL PASS  CHINA_H_SHARES     gold_emb         lag= 14  m6_ic=0.0745
[20:29:15]     VAL PASS  CHINA_H_SHARES     gold_emb         lag= 30  m6_ic=0.0575
[20:29:16]     VAL PASS  FTSE_CHINA_50      oil_emb          lag= 14  m6_ic=0.0456
[20:29:16]     VAL PASS  FTSE_CHINA_50      oil_emb          lag= 30  m6_ic=0.0821
[20:29:16]     VAL PASS  FTSE_CHINA_50      rate_emb         lag=  1  m6_ic=0.0402
[20:29:16]     VAL PASS  FTSE_CHINA_50      rate_emb         lag= 14  m6_ic=0.0535
[20:29:17]     VAL PASS  FTSE_CHINA_50      ruble_emb        lag= 14  m6_ic=0.0635
[20:29:17]     VAL PASS  FTSE_CHINA_50      sanctions_emb    lag=  7  m6_ic=0.0501
[20:29:17]     VAL PASS  FTSE_CHINA_50      sanctions_emb    lag= 30  m6_ic=0.0560
[20:29:17]     VAL PASS  FTSE_CHINA_50      inflation_emb    lag=  7  m6_ic=0.0397
[20:29:18]     VAL PASS  FTSE_CHINA_50      inflation_emb    lag= 14  m6_ic=0.0955
[20:29:18]     VAL PASS  FTSE_CHINA_50      banking_emb      lag=  1  m6_ic=0.0494
[20:29:18]     VAL PASS  FTSE_CHINA_50      gold_emb         lag=  7  m6_ic=0.0691
[20:29:18]     VAL PASS  FTSE_CHINA_50      gold_emb         lag= 14  m6_ic=0.0930
[20:29:19]     VAL PASS  FTSE_CHINA_50      gold_emb         lag= 30  m6_ic=0.0742
[20:29:20]     VAL PASS  GOLD               rate_emb         lag= 30  m6_ic=0.1112
[20:29:20]     VAL PASS  GOLD               inflation_emb    lag=  1  m6_ic=0.0444
[20:29:20]     VAL PASS  GOLD               inflation_emb    lag=  7  m6_ic=0.1382
[20:29:21]     VAL PASS  GOLD               inflation_emb    lag= 30  m6_ic=0.0972
[20:29:21]     VAL PASS  GOLD               banking_emb      lag=  7  m6_ic=0.1155
[20:29:22]     VAL PASS  GOLD               gold_emb         lag=  7  m6_ic=0.0636
[20:29:22]     VAL PASS  GOLD               gold_emb         lag= 14  m6_ic=0.0313
[20:29:22]     VAL PASS  SILVER             oil_emb          lag=  7  m6_ic=0.0794
[20:29:22]     VAL PASS  SILVER             oil_emb          lag= 14  m6_ic=0.0371
[20:29:22]     VAL PASS  SILVER             oil_emb          lag= 30  m6_ic=0.1323
[20:29:23]     VAL PASS  SILVER             rate_emb         lag=  7  m6_ic=0.0511
[20:29:23]     VAL PASS  SILVER             rate_emb         lag= 14  m6_ic=0.1074
[20:29:23]     VAL PASS  SILVER             ruble_emb        lag=  7  m6_ic=0.0758
[20:29:24]     VAL PASS  SILVER             inflation_emb    lag=  1  m6_ic=0.0448
[20:29:24]     VAL PASS  SILVER             inflation_emb    lag= 30  m6_ic=0.1342
[20:29:25]     VAL PASS  SILVER             banking_emb      lag= 30  m6_ic=0.0590
[20:29:25]     VAL PASS  SILVER             gold_emb         lag= 14  m6_ic=0.0661
[20:29:25]     VAL PASS  SILVER             gold_emb         lag= 30  m6_ic=0.1091
[20:29:25]     VAL PASS  IMOEX              oil_emb          lag= 14  m6_ic=0.0745
[20:29:26]     VAL PASS  IMOEX              rate_emb         lag= 14  m6_ic=0.1414
[20:29:26]     VAL PASS  IMOEX              rate_emb         lag= 30  m6_ic=0.1107
[20:29:26]     VAL PASS  IMOEX              ruble_emb        lag=  1  m6_ic=0.0690
[20:29:26]     VAL PASS  IMOEX              ruble_emb        lag=  7  m6_ic=0.0384
[20:29:26]     VAL PASS  IMOEX              ruble_emb        lag= 14  m6_ic=0.0690
[20:29:26]     VAL PASS  IMOEX              ruble_emb        lag= 30  m6_ic=0.0530
[20:29:27]     VAL PASS  IMOEX              sanctions_emb    lag=  1  m6_ic=0.0531
[20:29:27]     VAL PASS  IMOEX              sanctions_emb    lag=  7  m6_ic=0.0613
[20:29:27]     VAL PASS  IMOEX              inflation_emb    lag=  1  m6_ic=0.0941
[20:29:27]     VAL PASS  IMOEX              banking_emb      lag=  7  m6_ic=0.0366
[20:29:28]     VAL PASS  MOEXFN             oil_emb          lag= 30  m6_ic=0.0898
[20:29:28]     VAL PASS  MOEXFN             rate_emb         lag=  7  m6_ic=0.0698
[20:29:28]     VAL PASS  MOEXFN             rate_emb         lag= 14  m6_ic=0.1303
[20:29:29]     VAL PASS  MOEXFN             rate_emb         lag= 30  m6_ic=0.0674
[20:29:29]     VAL PASS  MOEXFN             ruble_emb        lag=  1  m6_ic=0.0860
[20:29:29]     VAL PASS  MOEXFN             ruble_emb        lag=  7  m6_ic=0.0409
[20:29:29]     VAL PASS  MOEXFN             ruble_emb        lag= 14  m6_ic=0.0746
[20:29:29]     VAL PASS  MOEXFN             sanctions_emb    lag=  1  m6_ic=0.0320
[20:29:30]     VAL PASS  MOEXFN             sanctions_emb    lag= 30  m6_ic=0.1165
[20:29:30]     VAL PASS  MOEXFN             banking_emb      lag=  1  m6_ic=0.0617
[20:29:30]     VAL PASS  MOEXFN             banking_emb      lag=  7  m6_ic=0.0610
[20:29:31]     VAL PASS  MOEXFN             gold_emb         lag=  1  m6_ic=0.0431
[20:29:31]     VAL PASS  MOEXFN             gold_emb         lag= 14  m6_ic=0.0671
[20:29:31]     VAL PASS  MOEXFN             gold_emb         lag= 30  m6_ic=0.0432
[20:29:32]     VAL PASS  MOEXOG             oil_emb          lag=  7  m6_ic=0.0760
[20:29:32]     VAL PASS  MOEXOG             rate_emb         lag=  1  m6_ic=0.0724
[20:29:32]     VAL PASS  MOEXOG             rate_emb         lag= 14  m6_ic=0.1214
[20:29:32]     VAL PASS  MOEXOG             rate_emb         lag= 30  m6_ic=0.0919
[20:29:33]     VAL PASS  MOEXOG             ruble_emb        lag=  1  m6_ic=0.0717
[20:29:33]     VAL PASS  MOEXOG             ruble_emb        lag=  7  m6_ic=0.0711
[20:29:33]     VAL PASS  MOEXOG             ruble_emb        lag= 14  m6_ic=0.0693
[20:29:33]     VAL PASS  MOEXOG             sanctions_emb    lag=  1  m6_ic=0.0403
[20:29:33]     VAL PASS  MOEXOG             sanctions_emb    lag=  7  m6_ic=0.0598
[20:29:33]     VAL PASS  MOEXOG             sanctions_emb    lag= 30  m6_ic=0.0790
[20:29:34]     VAL PASS  MOEXOG             inflation_emb    lag= 30  m6_ic=0.1262
[20:29:34]     VAL PASS  MOEXOG             banking_emb      lag=  7  m6_ic=0.0733
[20:29:34]     VAL PASS  MOEXOG             gold_emb         lag= 14  m6_ic=0.0309
[20:29:34]     VAL PASS  MOEX10             oil_emb          lag=  7  m6_ic=0.0325
[20:29:35]     VAL PASS  MOEX10             oil_emb          lag= 30  m6_ic=0.0996
[20:29:35]     VAL PASS  MOEX10             rate_emb         lag=  1  m6_ic=0.0347
[20:29:35]     VAL PASS  MOEX10             rate_emb         lag= 14  m6_ic=0.1375
[20:29:35]     VAL PASS  MOEX10             rate_emb         lag= 30  m6_ic=0.0699
[20:29:36]     VAL PASS  MOEX10             ruble_emb        lag=  1  m6_ic=0.0934
[20:29:36]     VAL PASS  MOEX10             ruble_emb        lag= 14  m6_ic=0.0760
[20:29:36]     VAL PASS  MOEX10             sanctions_emb    lag=  1  m6_ic=0.0568
[20:29:36]     VAL PASS  MOEX10             inflation_emb    lag=  1  m6_ic=0.0965
[20:29:36]     VAL PASS  MOEX10             inflation_emb    lag= 14  m6_ic=0.0362
[20:29:36]     VAL PASS  MOEX10             banking_emb      lag=  7  m6_ic=0.0565
[20:29:37]     VAL PASS  MOEX10             gold_emb         lag=  7  m6_ic=0.0845
[20:29:37]     VAL PASS  MOEX10             gold_emb         lag= 30  m6_ic=0.0375
[20:29:37]     Val: 186/262 held
[20:29:37]   → train=262  val=186  max_ic=0.1404  score=2787.3
[20:29:37] 
============================================================
[20:29:37] FINAL REPORT
[20:29:37] ============================================================
[20:29:38] Report: C:\project\signal_mind\analytics\phase_b\night_search\night_report_20260520_200111.md
[20:29:38] Hits CSV: C:\project\signal_mind\analytics\phase_b\night_search\night_hits_20260520_200111.csv
[20:29:38] 
[13/15] sweep_embedding_z90_market_return  (budget=151min)
[20:29:38]   Config: sweep_embedding_z90_market_return
[20:29:38]     feature=embedding_z90  target=market_return  ensemble=M6_only  ic_min=0.03
[20:29:38]   HIT  SP500              oil_emb_z        lag=  1 m5_p=0.7065  m6_ic=0.0758
[20:29:38]   HIT  SP500              oil_emb_z        lag=  7 m5_p=0.8172  m6_ic=0.0393
[20:29:39]   HIT  SP500              oil_emb_z        lag= 14 m5_p=0.0828  m6_ic=0.0797
[20:29:39]   HIT  SP500              oil_emb_z        lag= 30 m5_p=0.4790  m6_ic=0.0367
[20:29:39]   HIT  SP500              rate_emb_z       lag= 14 m5_p=0.3951  m6_ic=0.0349
[20:29:40]   HIT  SP500              rate_emb_z       lag= 30 m5_p=0.3930  m6_ic=0.0493
[20:29:40]   HIT  SP500              ruble_emb_z      lag=  1 m5_p=0.0528  m6_ic=0.0345
[20:29:40]   HIT  SP500              ruble_emb_z      lag=  7 m5_p=0.2303  m6_ic=0.0322
[20:29:41]   HIT  SP500              ruble_emb_z      lag= 30 m5_p=0.1561  m6_ic=0.0656
[20:29:41]   HIT  SP500              sanctions_emb_z  lag=  7 m5_p=0.0507  m6_ic=0.0406
[20:29:41]   HIT  SP500              sanctions_emb_z  lag= 14 m5_p=0.7268  m6_ic=0.0771
[20:29:41]   HIT  SP500              sanctions_emb_z  lag= 30 m5_p=0.3147  m6_ic=0.0317
[20:29:42]   HIT  SP500              inflation_emb_z  lag=  1 m5_p=0.6456  m6_ic=0.0562
[20:29:42]   HIT  SP500              inflation_emb_z  lag= 14 m5_p=0.2256  m6_ic=0.0719
[20:29:43]   HIT  SP500              gold_emb_z       lag=  1 m5_p=0.7799  m6_ic=0.0570
[20:29:44]   HIT  SP500              gold_emb_z       lag= 14 m5_p=0.3237  m6_ic=0.0434
[20:29:44]   HIT  SP500              gold_emb_z       lag= 30 m5_p=0.7182  m6_ic=0.0535
[20:29:45]   HIT  USD_RUB            rate_emb_z       lag=  1 m5_p=0.1612  m6_ic=0.0426
[20:29:45]   HIT  USD_RUB            rate_emb_z       lag=  7 m5_p=0.0977  m6_ic=0.0986
[20:29:45]   HIT  USD_RUB            rate_emb_z       lag= 14 m5_p=0.0392  m6_ic=0.0645
[20:29:46]   HIT  USD_RUB            ruble_emb_z      lag=  1 m5_p=0.1687  m6_ic=0.0304
[20:29:46]   HIT  USD_RUB            ruble_emb_z      lag= 14 m5_p=0.1574  m6_ic=0.0438
[20:29:46]   HIT  USD_RUB            ruble_emb_z      lag= 30 m5_p=0.7797  m6_ic=0.0355
[20:29:47]   HIT  USD_RUB            sanctions_emb_z  lag=  7 m5_p=0.8898  m6_ic=0.0510
[20:29:47]   HIT  USD_RUB            sanctions_emb_z  lag= 30 m5_p=0.4128  m6_ic=0.0490
[20:29:47]   HIT  USD_RUB            inflation_emb_z  lag=  1 m5_p=0.0553  m6_ic=0.0413
[20:29:48]   HIT  USD_RUB            inflation_emb_z  lag=  7 m5_p=0.7697  m6_ic=0.0331
[20:29:48]   HIT  USD_RUB            inflation_emb_z  lag= 14 m5_p=0.8057  m6_ic=0.0337
[20:29:48]   HIT  USD_RUB            inflation_emb_z  lag= 30 m5_p=0.5802  m6_ic=0.0884
[20:29:48]   HIT  USD_RUB            banking_emb_z    lag=  1 m5_p=0.9126  m6_ic=0.0434
[20:29:48]   HIT  USD_RUB            banking_emb_z    lag=  7 m5_p=0.6943  m6_ic=0.1137
[20:29:49]   HIT  USD_RUB            banking_emb_z    lag= 14 m5_p=0.8123  m6_ic=0.0337
[20:29:49]   HIT  USD_RUB            gold_emb_z       lag=  1 m5_p=0.5974  m6_ic=0.0501
[20:29:49]   HIT  USD_RUB            gold_emb_z       lag=  7 m5_p=0.7851  m6_ic=0.1043
[20:29:50]   HIT  USD_RUB            gold_emb_z       lag= 30 m5_p=0.2632  m6_ic=0.0432
[20:29:51]   HIT  EUR_RUB            rate_emb_z       lag=  1 m5_p=0.1612  m6_ic=0.0426
[20:29:51]   HIT  EUR_RUB            rate_emb_z       lag=  7 m5_p=0.0977  m6_ic=0.0986
[20:29:51]   HIT  EUR_RUB            rate_emb_z       lag= 14 m5_p=0.0392  m6_ic=0.0645
[20:29:51]   HIT  EUR_RUB            ruble_emb_z      lag=  1 m5_p=0.1687  m6_ic=0.0304
[20:29:52]   HIT  EUR_RUB            ruble_emb_z      lag= 14 m5_p=0.1574  m6_ic=0.0438
[20:29:52]   HIT  EUR_RUB            ruble_emb_z      lag= 30 m5_p=0.7797  m6_ic=0.0355
[20:29:52]   HIT  EUR_RUB            sanctions_emb_z  lag=  7 m5_p=0.8898  m6_ic=0.0510
[20:29:53]   HIT  EUR_RUB            sanctions_emb_z  lag= 30 m5_p=0.4128  m6_ic=0.0490
[20:29:53]   HIT  EUR_RUB            inflation_emb_z  lag=  1 m5_p=0.0553  m6_ic=0.0413
[20:29:53]   HIT  EUR_RUB            inflation_emb_z  lag=  7 m5_p=0.7697  m6_ic=0.0331
[20:29:53]   HIT  EUR_RUB            inflation_emb_z  lag= 14 m5_p=0.8057  m6_ic=0.0337
[20:29:54]   HIT  EUR_RUB            inflation_emb_z  lag= 30 m5_p=0.5802  m6_ic=0.0884
[20:29:54]   HIT  EUR_RUB            banking_emb_z    lag=  1 m5_p=0.9126  m6_ic=0.0434
[20:29:54]   HIT  EUR_RUB            banking_emb_z    lag=  7 m5_p=0.6943  m6_ic=0.1137
[20:29:54]   HIT  EUR_RUB            banking_emb_z    lag= 14 m5_p=0.8123  m6_ic=0.0337
[20:29:55]   HIT  EUR_RUB            gold_emb_z       lag=  1 m5_p=0.5974  m6_ic=0.0501
[20:29:55]   HIT  EUR_RUB            gold_emb_z       lag=  7 m5_p=0.7851  m6_ic=0.1043
[20:29:55]   HIT  EUR_RUB            gold_emb_z       lag= 30 m5_p=0.2632  m6_ic=0.0432
[20:29:55]   HIT  DJ_SOUTH_AFRICA    oil_emb_z        lag=  1 m5_p=0.8221  m6_ic=0.1124
[20:29:56]   HIT  DJ_SOUTH_AFRICA    oil_emb_z        lag= 30 m5_p=0.6389  m6_ic=0.1014
[20:29:57]   HIT  DJ_SOUTH_AFRICA    rate_emb_z       lag= 14 m5_p=0.5234  m6_ic=0.0418
[20:29:57]   HIT  DJ_SOUTH_AFRICA    rate_emb_z       lag= 30 m5_p=0.3592  m6_ic=0.0611
[20:29:58]   HIT  DJ_SOUTH_AFRICA    sanctions_emb_z  lag=  7 m5_p=0.0434  m6_ic=0.0670
[20:29:59]   HIT  DJ_SOUTH_AFRICA    inflation_emb_z  lag=  1 m5_p=0.3201  m6_ic=0.0449
[20:29:59]   HIT  DJ_SOUTH_AFRICA    inflation_emb_z  lag= 30 m5_p=0.8809  m6_ic=0.0922
[20:29:59]   HIT  DJ_SOUTH_AFRICA    banking_emb_z    lag=  1 m5_p=0.3918  m6_ic=0.0604
[20:30:00]   HIT  DJ_SOUTH_AFRICA    banking_emb_z    lag= 14 m5_p=0.5033  m6_ic=0.0547
[20:30:00]   HIT  DJ_SOUTH_AFRICA    banking_emb_z    lag= 30 m5_p=0.6983  m6_ic=0.0314
[20:30:00]   HIT  DJ_SOUTH_AFRICA    gold_emb_z       lag=  7 m5_p=0.2064  m6_ic=0.0798
[20:30:01]   HIT  MSCI_WORLD         oil_emb_z        lag=  1 m5_p=0.2689  m6_ic=0.1514
[20:30:01]   HIT  MSCI_WORLD         oil_emb_z        lag=  7 m5_p=0.2210  m6_ic=0.0657
[20:30:02]   HIT  MSCI_WORLD         rate_emb_z       lag=  7 m5_p=0.1228  m6_ic=0.0539
[20:30:02]   HIT  MSCI_WORLD         rate_emb_z       lag= 14 m5_p=0.1286  m6_ic=0.0381
[20:30:03]   HIT  MSCI_WORLD         ruble_emb_z      lag=  1 m5_p=0.1664  m6_ic=0.0711
[20:30:03]   HIT  MSCI_WORLD         ruble_emb_z      lag= 14 m5_p=0.9920  m6_ic=0.0324
[20:30:03]   HIT  MSCI_WORLD         ruble_emb_z      lag= 30 m5_p=0.4841  m6_ic=0.0353
[20:30:04]   HIT  MSCI_WORLD         sanctions_emb_z  lag=  1 m5_p=0.5408  m6_ic=0.0361
[20:30:04]   HIT  MSCI_WORLD         sanctions_emb_z  lag=  7 m5_p=0.5700  m6_ic=0.0598
[20:30:04]   HIT  MSCI_WORLD         sanctions_emb_z  lag= 14 m5_p=0.9735  m6_ic=0.0894
[20:30:05]   HIT  MSCI_WORLD         inflation_emb_z  lag=  7 m5_p=0.8886  m6_ic=0.0742
[20:30:05]   HIT  MSCI_WORLD         inflation_emb_z  lag= 14 m5_p=0.7276  m6_ic=0.0477
[20:30:05]   HIT  MSCI_WORLD         inflation_emb_z  lag= 30 m5_p=0.9393  m6_ic=0.0709
[20:30:05]   HIT  MSCI_WORLD         banking_emb_z    lag=  7 m5_p=0.6228  m6_ic=0.0597
[20:30:06]   HIT  MSCI_WORLD         banking_emb_z    lag= 14 m5_p=0.1712  m6_ic=0.0603
[20:30:06]   HIT  MSCI_WORLD         gold_emb_z       lag=  1 m5_p=0.6457  m6_ic=0.0383
[20:30:07]   HIT  DXY                oil_emb_z        lag=  1 m5_p=0.4736  m6_ic=0.0546
[20:30:07]   HIT  DXY                oil_emb_z        lag=  7 m5_p=0.4423  m6_ic=0.0927
[20:30:07]   HIT  DXY                oil_emb_z        lag= 14 m5_p=0.6408  m6_ic=0.0967
[20:30:08]   HIT  DXY                rate_emb_z       lag=  1 m5_p=0.8266  m6_ic=0.0799
[20:30:08]   HIT  DXY                rate_emb_z       lag= 14 m5_p=0.0288  m6_ic=0.0476
[20:30:08]   HIT  DXY                rate_emb_z       lag= 30 m5_p=0.3048  m6_ic=0.1179
[20:30:09]   HIT  DXY                ruble_emb_z      lag= 14 m5_p=0.8457  m6_ic=0.0645
[20:30:09]   HIT  DXY                ruble_emb_z      lag= 30 m5_p=0.5505  m6_ic=0.0900
[20:30:10]   HIT  DXY                sanctions_emb_z  lag=  7 m5_p=0.7069  m6_ic=0.0317
[20:30:10]   HIT  DXY                sanctions_emb_z  lag= 14 m5_p=0.4139  m6_ic=0.0336
[20:30:10]   HIT  DXY                sanctions_emb_z  lag= 30 m5_p=0.7200  m6_ic=0.0340
[20:30:10]   HIT  DXY                inflation_emb_z  lag=  1 m5_p=0.4382  m6_ic=0.0632
[20:30:10]   HIT  DXY                inflation_emb_z  lag=  7 m5_p=0.2982  m6_ic=0.0526
[20:30:11]   HIT  DXY                inflation_emb_z  lag= 14 m5_p=0.3512  m6_ic=0.0762
[20:30:11]   HIT  DXY                inflation_emb_z  lag= 30 m5_p=0.9893  m6_ic=0.0311
[20:30:11]   HIT  DXY                banking_emb_z    lag=  1 m5_p=0.3739  m6_ic=0.0356
[20:30:11]   HIT  DXY                banking_emb_z    lag= 14 m5_p=0.5128  m6_ic=0.0831
[20:30:12]   HIT  DXY                banking_emb_z    lag= 30 m5_p=0.7877  m6_ic=0.0443
[20:30:12]   HIT  DXY                gold_emb_z       lag=  7 m5_p=0.9712  m6_ic=0.0320
[20:30:12]   HIT  DXY                gold_emb_z       lag= 30 m5_p=0.9228  m6_ic=0.0432
[20:30:13]   HIT  BRENT              oil_emb_z        lag=  1 m5_p=0.1011  m6_ic=0.0347
[20:30:13]   HIT  BRENT              rate_emb_z       lag=  1 m5_p=0.4142  m6_ic=0.0450
[20:30:14]   HIT  BRENT              rate_emb_z       lag=  7 m5_p=0.3267  m6_ic=0.0813
[20:30:14]   HIT  BRENT              rate_emb_z       lag= 14 m5_p=0.9474  m6_ic=0.0788
[20:30:14]   HIT  BRENT              rate_emb_z       lag= 30 m5_p=0.3689  m6_ic=0.0331
[20:30:14]   HIT  BRENT              ruble_emb_z      lag=  7 m5_p=0.1636  m6_ic=0.0421
[20:30:15]   HIT  BRENT              ruble_emb_z      lag= 14 m5_p=0.6055  m6_ic=0.0882
[20:30:15]   HIT  BRENT              sanctions_emb_z  lag=  7 m5_p=0.3355  m6_ic=0.0415
[20:30:16]   HIT  BRENT              sanctions_emb_z  lag= 30 m5_p=0.7604  m6_ic=0.1134
[20:30:16]   HIT  BRENT              inflation_emb_z  lag=  7 m5_p=0.1354  m6_ic=0.1402
[20:30:16]   HIT  BRENT              inflation_emb_z  lag= 14 m5_p=0.4514  m6_ic=0.0348
[20:30:17]   HIT  BRENT              inflation_emb_z  lag= 30 m5_p=0.4299  m6_ic=0.0383
[20:30:17]   HIT  BRENT              banking_emb_z    lag=  1 m5_p=0.8689  m6_ic=0.1221
[20:30:18]   HIT  BRENT              gold_emb_z       lag=  1 m5_p=0.6198  m6_ic=0.0328
[20:30:18]   HIT  BRENT              gold_emb_z       lag= 30 m5_p=0.3724  m6_ic=0.0887
[20:30:18]   HIT  MSCI_INDIA         oil_emb_z        lag=  1 m5_p=0.6784  m6_ic=0.0840
[20:30:18]   HIT  MSCI_INDIA         oil_emb_z        lag=  7 m5_p=0.0789  m6_ic=0.0701
[20:30:19]   HIT  MSCI_INDIA         oil_emb_z        lag= 30 m5_p=0.9424  m6_ic=0.0797
[20:30:19]   HIT  MSCI_INDIA         rate_emb_z       lag=  1 m5_p=0.1855  m6_ic=0.0719
[20:30:19]   HIT  MSCI_INDIA         rate_emb_z       lag=  7 m5_p=0.9259  m6_ic=0.0988
[20:30:20]   HIT  MSCI_INDIA         ruble_emb_z      lag=  1 m5_p=0.5372  m6_ic=0.0638
[20:30:20]   HIT  MSCI_INDIA         ruble_emb_z      lag=  7 m5_p=0.3100  m6_ic=0.0367
[20:30:21]   HIT  MSCI_INDIA         ruble_emb_z      lag= 30 m5_p=0.1705  m6_ic=0.0686
[20:30:21]   HIT  MSCI_INDIA         sanctions_emb_z  lag=  1 m5_p=0.5988  m6_ic=0.0495
[20:30:21]   HIT  MSCI_INDIA         sanctions_emb_z  lag=  7 m5_p=0.8932  m6_ic=0.0586
[20:30:22]   HIT  MSCI_INDIA         inflation_emb_z  lag= 14 m5_p=0.0209  m6_ic=0.0699
[20:30:23]   HIT  MSCI_INDIA         banking_emb_z    lag= 30 m5_p=0.9294  m6_ic=0.0577
[20:30:23]   HIT  MSCI_INDIA         gold_emb_z       lag=  1 m5_p=0.6979  m6_ic=0.0594
[20:30:23]   HIT  MSCI_INDIA         gold_emb_z       lag=  7 m5_p=0.5940  m6_ic=0.0545
[20:30:24]   HIT  MSCI_INDIA         gold_emb_z       lag= 30 m5_p=0.8681  m6_ic=0.0582
[20:30:24]   HIT  CHINA_H_SHARES     oil_emb_z        lag=  1 m5_p=0.9893  m6_ic=0.0724
[20:30:25]   HIT  CHINA_H_SHARES     oil_emb_z        lag= 30 m5_p=0.7057  m6_ic=0.0362
[20:30:25]   HIT  CHINA_H_SHARES     rate_emb_z       lag= 14 m5_p=0.0364  m6_ic=0.0403
[20:30:25]   HIT  CHINA_H_SHARES     rate_emb_z       lag= 30 m5_p=0.4860  m6_ic=0.0910
[20:30:25]   HIT  CHINA_H_SHARES     ruble_emb_z      lag=  1 m5_p=0.1288  m6_ic=0.0651
[20:30:26]   HIT  CHINA_H_SHARES     ruble_emb_z      lag=  7 m5_p=0.0258  m6_ic=0.0937
[20:30:26]   HIT  CHINA_H_SHARES     ruble_emb_z      lag= 14 m5_p=0.6639  m6_ic=0.0697
[20:30:26]   HIT  CHINA_H_SHARES     ruble_emb_z      lag= 30 m5_p=0.8530  m6_ic=0.0383
[20:30:26]   HIT  CHINA_H_SHARES     sanctions_emb_z  lag=  1 m5_p=0.4712  m6_ic=0.0567
[20:30:26]   HIT  CHINA_H_SHARES     sanctions_emb_z  lag=  7 m5_p=0.4604  m6_ic=0.0971
[20:30:27]   HIT  CHINA_H_SHARES     sanctions_emb_z  lag= 30 m5_p=0.9912  m6_ic=0.0599
[20:30:27]   HIT  CHINA_H_SHARES     inflation_emb_z  lag=  7 m5_p=0.9088  m6_ic=0.0790
[20:30:27]   HIT  CHINA_H_SHARES     inflation_emb_z  lag= 14 m5_p=0.0994  m6_ic=0.0681
[20:30:28]   HIT  CHINA_H_SHARES     inflation_emb_z  lag= 30 m5_p=0.6375  m6_ic=0.0694
[20:30:28]   HIT  CHINA_H_SHARES     banking_emb_z    lag=  1 m5_p=0.9391  m6_ic=0.0503
[20:30:28]   HIT  CHINA_H_SHARES     banking_emb_z    lag=  7 m5_p=0.8681  m6_ic=0.0387
[20:30:28]   HIT  CHINA_H_SHARES     banking_emb_z    lag= 14 m5_p=0.8741  m6_ic=0.1206
[20:30:29]   HIT  CHINA_H_SHARES     gold_emb_z       lag=  7 m5_p=0.9698  m6_ic=0.0383
[20:30:29]   HIT  FTSE_CHINA_50      oil_emb_z        lag=  1 m5_p=0.8491  m6_ic=0.0405
[20:30:30]   HIT  FTSE_CHINA_50      rate_emb_z       lag=  7 m5_p=0.7444  m6_ic=0.0365
[20:30:31]   HIT  FTSE_CHINA_50      rate_emb_z       lag= 14 m5_p=0.0357  m6_ic=0.0421
[20:30:31]   HIT  FTSE_CHINA_50      rate_emb_z       lag= 30 m5_p=0.3121  m6_ic=0.0740
[20:30:31]   HIT  FTSE_CHINA_50      ruble_emb_z      lag=  1 m5_p=0.0784  m6_ic=0.0809
[20:30:31]   HIT  FTSE_CHINA_50      ruble_emb_z      lag=  7 m5_p=0.0464  m6_ic=0.0841
[20:30:31]   HIT  FTSE_CHINA_50      ruble_emb_z      lag= 14 m5_p=0.6174  m6_ic=0.0732
[20:30:32]   HIT  FTSE_CHINA_50      ruble_emb_z      lag= 30 m5_p=0.8329  m6_ic=0.0443
[20:30:32]   HIT  FTSE_CHINA_50      sanctions_emb_z  lag=  1 m5_p=0.3410  m6_ic=0.0346
[20:30:32]   HIT  FTSE_CHINA_50      sanctions_emb_z  lag=  7 m5_p=0.5076  m6_ic=0.0943
[20:30:32]   HIT  FTSE_CHINA_50      sanctions_emb_z  lag= 30 m5_p=0.8105  m6_ic=0.0432
[20:30:33]   HIT  FTSE_CHINA_50      inflation_emb_z  lag=  7 m5_p=0.9227  m6_ic=0.0687
[20:30:33]   HIT  FTSE_CHINA_50      inflation_emb_z  lag= 14 m5_p=0.0992  m6_ic=0.0651
[20:30:33]   HIT  FTSE_CHINA_50      inflation_emb_z  lag= 30 m5_p=0.5427  m6_ic=0.0894
[20:30:33]   HIT  FTSE_CHINA_50      banking_emb_z    lag=  1 m5_p=0.9363  m6_ic=0.0318
[20:30:34]   HIT  FTSE_CHINA_50      banking_emb_z    lag=  7 m5_p=0.6325  m6_ic=0.0315
[20:30:34]   HIT  FTSE_CHINA_50      banking_emb_z    lag= 14 m5_p=0.7967  m6_ic=0.1036
[20:30:34]   HIT  FTSE_CHINA_50      gold_emb_z       lag=  7 m5_p=0.7251  m6_ic=0.0612
[20:30:35]   HIT  GOLD               oil_emb_z        lag= 14 m5_p=0.2620  m6_ic=0.0581
[20:30:35]   HIT  GOLD               oil_emb_z        lag= 30 m5_p=0.6483  m6_ic=0.0605
[20:30:36]   HIT  GOLD               rate_emb_z       lag=  1 m5_p=0.7457  m6_ic=0.0963
[20:30:36]   HIT  GOLD               rate_emb_z       lag= 14 m5_p=0.3958  m6_ic=0.0432
[20:30:36]   HIT  GOLD               rate_emb_z       lag= 30 m5_p=0.9518  m6_ic=0.1247
[20:30:37]   HIT  GOLD               ruble_emb_z      lag=  7 m5_p=0.1019  m6_ic=0.0459
[20:30:37]   HIT  GOLD               ruble_emb_z      lag= 14 m5_p=0.6285  m6_ic=0.0650
[20:30:37]   HIT  GOLD               ruble_emb_z      lag= 30 m5_p=0.9995  m6_ic=0.0908
[20:30:37]   HIT  GOLD               sanctions_emb_z  lag=  1 m5_p=0.6497  m6_ic=0.0709
[20:30:38]   HIT  GOLD               sanctions_emb_z  lag= 14 m5_p=0.2963  m6_ic=0.0583
[20:30:38]   HIT  GOLD               sanctions_emb_z  lag= 30 m5_p=0.9756  m6_ic=0.0771
[20:30:38]   HIT  GOLD               inflation_emb_z  lag=  1 m5_p=0.8350  m6_ic=0.1288
[20:30:38]   HIT  GOLD               inflation_emb_z  lag= 14 m5_p=0.7996  m6_ic=0.0665
[20:30:39]   HIT  GOLD               banking_emb_z    lag=  1 m5_p=0.1266  m6_ic=0.0524
[20:30:39]   HIT  GOLD               banking_emb_z    lag= 14 m5_p=0.4410  m6_ic=0.0481
[20:30:40]   HIT  GOLD               gold_emb_z       lag=  1 m5_p=0.6920  m6_ic=0.0673
[20:30:40]   HIT  GOLD               gold_emb_z       lag=  7 m5_p=0.5645  m6_ic=0.1370
[20:30:40]   HIT  GOLD               gold_emb_z       lag= 30 m5_p=0.4815  m6_ic=0.0461
[20:30:40]   HIT  SILVER             oil_emb_z        lag=  1 m5_p=0.6895  m6_ic=0.0366
[20:30:41]   HIT  SILVER             oil_emb_z        lag=  7 m5_p=0.4870  m6_ic=0.0364
[20:30:41]   HIT  SILVER             oil_emb_z        lag= 14 m5_p=0.9875  m6_ic=0.0543
[20:30:41]   HIT  SILVER             rate_emb_z       lag=  1 m5_p=0.7504  m6_ic=0.0501
[20:30:41]   HIT  SILVER             rate_emb_z       lag=  7 m5_p=0.1456  m6_ic=0.0333
[20:30:42]   HIT  SILVER             rate_emb_z       lag= 30 m5_p=0.7659  m6_ic=0.0507
[20:30:42]   HIT  SILVER             ruble_emb_z      lag=  1 m5_p=0.4948  m6_ic=0.0589
[20:30:42]   HIT  SILVER             ruble_emb_z      lag=  7 m5_p=0.4274  m6_ic=0.1058
[20:30:42]   HIT  SILVER             ruble_emb_z      lag= 14 m5_p=0.4557  m6_ic=0.0451
[20:30:43]   HIT  SILVER             ruble_emb_z      lag= 30 m5_p=0.9529  m6_ic=0.0911
[20:30:43]   HIT  SILVER             sanctions_emb_z  lag=  1 m5_p=0.8650  m6_ic=0.0795
[20:30:43]   HIT  SILVER             sanctions_emb_z  lag= 14 m5_p=0.6519  m6_ic=0.0563
[20:30:43]   HIT  SILVER             sanctions_emb_z  lag= 30 m5_p=0.2999  m6_ic=0.0628
[20:30:44]   HIT  SILVER             inflation_emb_z  lag=  1 m5_p=0.5365  m6_ic=0.0332
[20:30:44]   HIT  SILVER             inflation_emb_z  lag= 14 m5_p=0.4693  m6_ic=0.0385
[20:30:44]   HIT  SILVER             inflation_emb_z  lag= 30 m5_p=0.3962  m6_ic=0.0404
[20:30:45]   HIT  SILVER             gold_emb_z       lag=  1 m5_p=0.7854  m6_ic=0.0433
[20:30:45]   HIT  SILVER             gold_emb_z       lag=  7 m5_p=0.2833  m6_ic=0.0583
[20:30:45]   HIT  SILVER             gold_emb_z       lag= 14 m5_p=0.9673  m6_ic=0.0550
[20:30:46]   HIT  IMOEX              oil_emb_z        lag=  7 m5_p=0.0775  m6_ic=0.0426
[20:30:47]   HIT  IMOEX              rate_emb_z       lag=  7 m5_p=0.2090  m6_ic=0.0853
[20:30:47]   HIT  IMOEX              rate_emb_z       lag= 14 m5_p=0.4143  m6_ic=0.0941
[20:30:47]   HIT  IMOEX              rate_emb_z       lag= 30 m5_p=0.6379  m6_ic=0.0740
[20:30:48]   HIT  IMOEX              ruble_emb_z      lag=  7 m5_p=0.8983  m6_ic=0.0365
[20:30:48]   HIT  IMOEX              ruble_emb_z      lag= 14 m5_p=0.5601  m6_ic=0.0870
[20:30:48]   HIT  IMOEX              ruble_emb_z      lag= 30 m5_p=0.4858  m6_ic=0.1052
[20:30:48]   HIT  IMOEX              sanctions_emb_z  lag=  1 m5_p=0.8655  m6_ic=0.0635
[20:30:48]   HIT  IMOEX              sanctions_emb_z  lag=  7 m5_p=0.1284  m6_ic=0.0402
[20:30:48]   HIT  IMOEX              sanctions_emb_z  lag= 14 m5_p=0.3439  m6_ic=0.0984
[20:30:49]   HIT  IMOEX              sanctions_emb_z  lag= 30 m5_p=0.2528  m6_ic=0.0877
[20:30:49]   HIT  IMOEX              inflation_emb_z  lag=  1 m5_p=0.2269  m6_ic=0.0885
[20:30:49]   HIT  IMOEX              inflation_emb_z  lag=  7 m5_p=0.4770  m6_ic=0.0760
[20:30:49]   HIT  IMOEX              inflation_emb_z  lag= 30 m5_p=0.2827  m6_ic=0.0794
[20:30:50]   HIT  IMOEX              banking_emb_z    lag=  7 m5_p=0.4350  m6_ic=0.0478
[20:30:51]   HIT  MOEXFN             oil_emb_z        lag=  7 m5_p=0.1384  m6_ic=0.0418
[20:30:52]   HIT  MOEXFN             oil_emb_z        lag= 30 m5_p=0.3234  m6_ic=0.1036
[20:30:52]   HIT  MOEXFN             rate_emb_z       lag= 14 m5_p=0.1283  m6_ic=0.0745
[20:30:53]   HIT  MOEXFN             ruble_emb_z      lag=  1 m5_p=0.1970  m6_ic=0.0331
[20:30:53]   HIT  MOEXFN             ruble_emb_z      lag= 14 m5_p=0.9925  m6_ic=0.0471
[20:30:53]   HIT  MOEXFN             ruble_emb_z      lag= 30 m5_p=0.8908  m6_ic=0.0996
[20:30:54]   HIT  MOEXFN             sanctions_emb_z  lag= 30 m5_p=0.3830  m6_ic=0.0520
[20:30:54]   HIT  MOEXFN             inflation_emb_z  lag=  7 m5_p=0.4968  m6_ic=0.1050
[20:30:55]   HIT  MOEXFN             inflation_emb_z  lag= 14 m5_p=0.9658  m6_ic=0.0334
[20:30:55]   HIT  MOEXFN             inflation_emb_z  lag= 30 m5_p=0.6884  m6_ic=0.0354
[20:30:56]   HIT  MOEXFN             banking_emb_z    lag= 30 m5_p=0.7341  m6_ic=0.0503
[20:30:56]   HIT  MOEXFN             gold_emb_z       lag= 14 m5_p=0.2758  m6_ic=0.0430
[20:30:56]   HIT  MOEXOG             oil_emb_z        lag=  1 m5_p=0.7135  m6_ic=0.0718
[20:30:57]   HIT  MOEXOG             oil_emb_z        lag=  7 m5_p=0.0733  m6_ic=0.1059
[20:30:57]   HIT  MOEXOG             oil_emb_z        lag= 14 m5_p=0.9043  m6_ic=0.0620
[20:30:57]   HIT  MOEXOG             oil_emb_z        lag= 30 m5_p=0.1069  m6_ic=0.0736
[20:30:57]   HIT  MOEXOG             rate_emb_z       lag=  7 m5_p=0.0755  m6_ic=0.0722
[20:30:58]   HIT  MOEXOG             rate_emb_z       lag= 14 m5_p=0.6295  m6_ic=0.1002
[20:30:58]   HIT  MOEXOG             rate_emb_z       lag= 30 m5_p=0.4671  m6_ic=0.0770
[20:30:58]   HIT  MOEXOG             ruble_emb_z      lag= 14 m5_p=0.7797  m6_ic=0.0519
[20:30:59]   HIT  MOEXOG             ruble_emb_z      lag= 30 m5_p=0.1859  m6_ic=0.0760
[20:30:59]   HIT  MOEXOG             sanctions_emb_z  lag=  7 m5_p=0.2161  m6_ic=0.0405
[20:31:00]   HIT  MOEXOG             inflation_emb_z  lag=  1 m5_p=0.1669  m6_ic=0.0863
[20:31:00]   HIT  MOEXOG             inflation_emb_z  lag=  7 m5_p=0.4320  m6_ic=0.0360
[20:31:00]   HIT  MOEXOG             inflation_emb_z  lag= 30 m5_p=0.3389  m6_ic=0.0472
[20:31:01]   HIT  MOEXOG             banking_emb_z    lag= 30 m5_p=0.7124  m6_ic=0.0584
[20:31:01]   HIT  MOEXOG             gold_emb_z       lag=  1 m5_p=0.6755  m6_ic=0.0347
[20:31:01]   HIT  MOEXOG             gold_emb_z       lag=  7 m5_p=0.2092  m6_ic=0.0829
[20:31:02]   HIT  MOEXOG             gold_emb_z       lag= 14 m5_p=0.4845  m6_ic=0.0778
[20:31:02]   HIT  MOEXOG             gold_emb_z       lag= 30 m5_p=0.5771  m6_ic=0.0319
[20:31:02]   HIT  MOEX10             oil_emb_z        lag= 14 m5_p=0.7244  m6_ic=0.0301
[20:31:03]   HIT  MOEX10             oil_emb_z        lag= 30 m5_p=0.1532  m6_ic=0.0940
[20:31:03]   HIT  MOEX10             rate_emb_z       lag= 14 m5_p=0.5362  m6_ic=0.0615
[20:31:04]   HIT  MOEX10             ruble_emb_z      lag=  1 m5_p=0.2101  m6_ic=0.0667
[20:31:04]   HIT  MOEX10             ruble_emb_z      lag= 30 m5_p=0.1711  m6_ic=0.0947
[20:31:05]   HIT  MOEX10             sanctions_emb_z  lag= 14 m5_p=0.1501  m6_ic=0.0430
[20:31:05]   HIT  MOEX10             inflation_emb_z  lag=  1 m5_p=0.2963  m6_ic=0.0465
[20:31:05]   HIT  MOEX10             inflation_emb_z  lag=  7 m5_p=0.4887  m6_ic=0.0685
[20:31:05]   HIT  MOEX10             inflation_emb_z  lag= 14 m5_p=0.8985  m6_ic=0.0505
[20:31:06]   HIT  MOEX10             banking_emb_z    lag= 14 m5_p=0.7807  m6_ic=0.0464
[20:31:06]   HIT  MOEX10             banking_emb_z    lag= 30 m5_p=0.6500  m6_ic=0.0796
[20:31:07]   HIT  MOEX10             gold_emb_z       lag= 30 m5_p=0.7972  m6_ic=0.0517
[20:31:07]     Train: 260 signals
[20:31:07]     Val holdout (260 candidates)...
[20:31:07]     VAL PASS  SP500              oil_emb_z        lag=  1  m6_ic=0.0710
[20:31:08]     VAL PASS  SP500              oil_emb_z        lag=  7  m6_ic=0.0531
[20:31:08]     VAL PASS  SP500              oil_emb_z        lag= 14  m6_ic=0.0603
[20:31:08]     VAL PASS  SP500              rate_emb_z       lag= 14  m6_ic=0.0688
[20:31:08]     VAL PASS  SP500              rate_emb_z       lag= 30  m6_ic=0.0745
[20:31:09]     VAL PASS  SP500              ruble_emb_z      lag=  1  m6_ic=0.0875
[20:31:09]     VAL PASS  SP500              ruble_emb_z      lag=  7  m6_ic=0.0653
[20:31:09]     VAL PASS  SP500              sanctions_emb_z  lag= 14  m6_ic=0.0501
[20:31:10]     VAL PASS  SP500              sanctions_emb_z  lag= 30  m6_ic=0.1002
[20:31:10]     VAL PASS  SP500              inflation_emb_z  lag=  1  m6_ic=0.0800
[20:31:10]     VAL PASS  SP500              inflation_emb_z  lag= 14  m6_ic=0.0769
[20:31:10]     VAL PASS  SP500              gold_emb_z       lag= 14  m6_ic=0.0349
[20:31:11]     VAL PASS  SP500              gold_emb_z       lag= 30  m6_ic=0.1651
[20:31:11]     VAL PASS  USD_RUB            rate_emb_z       lag=  1  m6_ic=0.0935
[20:31:11]     VAL PASS  USD_RUB            rate_emb_z       lag=  7  m6_ic=0.0575
[20:31:12]     VAL PASS  USD_RUB            ruble_emb_z      lag= 14  m6_ic=0.0617
[20:31:12]     VAL PASS  USD_RUB            ruble_emb_z      lag= 30  m6_ic=0.0522
[20:31:12]     VAL PASS  USD_RUB            sanctions_emb_z  lag=  7  m6_ic=0.0575
[20:31:12]     VAL PASS  USD_RUB            inflation_emb_z  lag=  1  m6_ic=0.0509
[20:31:13]     VAL PASS  USD_RUB            inflation_emb_z  lag=  7  m6_ic=0.0921
[20:31:13]     VAL PASS  USD_RUB            inflation_emb_z  lag= 30  m6_ic=0.0370
[20:31:13]     VAL PASS  USD_RUB            banking_emb_z    lag=  1  m6_ic=0.0343
[20:31:14]     VAL PASS  USD_RUB            gold_emb_z       lag=  1  m6_ic=0.0917
[20:31:14]     VAL PASS  USD_RUB            gold_emb_z       lag= 30  m6_ic=0.0586
[20:31:14]     VAL PASS  EUR_RUB            rate_emb_z       lag=  1  m6_ic=0.0935
[20:31:15]     VAL PASS  EUR_RUB            rate_emb_z       lag=  7  m6_ic=0.0575
[20:31:15]     VAL PASS  EUR_RUB            ruble_emb_z      lag= 14  m6_ic=0.0617
[20:31:15]     VAL PASS  EUR_RUB            ruble_emb_z      lag= 30  m6_ic=0.0522
[20:31:16]     VAL PASS  EUR_RUB            sanctions_emb_z  lag=  7  m6_ic=0.0575
[20:31:16]     VAL PASS  EUR_RUB            inflation_emb_z  lag=  1  m6_ic=0.0509
[20:31:16]     VAL PASS  EUR_RUB            inflation_emb_z  lag=  7  m6_ic=0.0921
[20:31:17]     VAL PASS  EUR_RUB            inflation_emb_z  lag= 30  m6_ic=0.0370
[20:31:17]     VAL PASS  EUR_RUB            banking_emb_z    lag=  1  m6_ic=0.0343
[20:31:17]     VAL PASS  EUR_RUB            gold_emb_z       lag=  1  m6_ic=0.0917
[20:31:18]     VAL PASS  EUR_RUB            gold_emb_z       lag= 30  m6_ic=0.0586
[20:31:18]     VAL PASS  DJ_SOUTH_AFRICA    oil_emb_z        lag=  1  m6_ic=0.0576
[20:31:18]     VAL PASS  DJ_SOUTH_AFRICA    oil_emb_z        lag= 30  m6_ic=0.1367
[20:31:19]     VAL PASS  DJ_SOUTH_AFRICA    rate_emb_z       lag= 14  m6_ic=0.0339
[20:31:19]     VAL PASS  DJ_SOUTH_AFRICA    rate_emb_z       lag= 30  m6_ic=0.0896
[20:31:19]     VAL PASS  DJ_SOUTH_AFRICA    sanctions_emb_z  lag=  7  m6_ic=0.0498
[20:31:19]     VAL PASS  DJ_SOUTH_AFRICA    inflation_emb_z  lag= 30  m6_ic=0.0759
[20:31:20]     VAL PASS  MSCI_WORLD         oil_emb_z        lag=  1  m6_ic=0.0462
[20:31:21]     VAL PASS  MSCI_WORLD         oil_emb_z        lag=  7  m6_ic=0.0908
[20:31:21]     VAL PASS  MSCI_WORLD         ruble_emb_z      lag= 14  m6_ic=0.0440
[20:31:22]     VAL PASS  MSCI_WORLD         ruble_emb_z      lag= 30  m6_ic=0.0365
[20:31:22]     VAL PASS  MSCI_WORLD         sanctions_emb_z  lag=  1  m6_ic=0.0409
[20:31:22]     VAL PASS  MSCI_WORLD         sanctions_emb_z  lag=  7  m6_ic=0.0357
[20:31:22]     VAL PASS  MSCI_WORLD         sanctions_emb_z  lag= 14  m6_ic=0.0331
[20:31:23]     VAL PASS  MSCI_WORLD         inflation_emb_z  lag= 14  m6_ic=0.0352
[20:31:23]     VAL PASS  MSCI_WORLD         banking_emb_z    lag=  7  m6_ic=0.0640
[20:31:23]     VAL PASS  MSCI_WORLD         banking_emb_z    lag= 14  m6_ic=0.1243
[20:31:24]     VAL PASS  DXY                oil_emb_z        lag=  1  m6_ic=0.0635
[20:31:24]     VAL PASS  DXY                oil_emb_z        lag=  7  m6_ic=0.1685
[20:31:24]     VAL PASS  DXY                oil_emb_z        lag= 14  m6_ic=0.0967
[20:31:24]     VAL PASS  DXY                rate_emb_z       lag=  1  m6_ic=0.0553
[20:31:25]     VAL PASS  DXY                ruble_emb_z      lag= 30  m6_ic=0.0502
[20:31:25]     VAL PASS  DXY                sanctions_emb_z  lag=  7  m6_ic=0.0833
[20:31:26]     VAL PASS  DXY                inflation_emb_z  lag=  1  m6_ic=0.0556
[20:31:26]     VAL PASS  DXY                inflation_emb_z  lag=  7  m6_ic=0.0368
[20:31:26]     VAL PASS  DXY                inflation_emb_z  lag= 14  m6_ic=0.0940
[20:31:26]     VAL PASS  DXY                inflation_emb_z  lag= 30  m6_ic=0.0626
[20:31:27]     VAL PASS  DXY                banking_emb_z    lag=  1  m6_ic=0.0705
[20:31:27]     VAL PASS  DXY                banking_emb_z    lag= 14  m6_ic=0.0573
[20:31:27]     VAL PASS  DXY                banking_emb_z    lag= 30  m6_ic=0.0425
[20:31:27]     VAL PASS  DXY                gold_emb_z       lag=  7  m6_ic=0.0819
[20:31:28]     VAL PASS  DXY                gold_emb_z       lag= 30  m6_ic=0.0566
[20:31:28]     VAL PASS  BRENT              oil_emb_z        lag=  1  m6_ic=0.0304
[20:31:28]     VAL PASS  BRENT              rate_emb_z       lag=  1  m6_ic=0.1163
[20:31:28]     VAL PASS  BRENT              rate_emb_z       lag=  7  m6_ic=0.0563
[20:31:28]     VAL PASS  BRENT              rate_emb_z       lag= 14  m6_ic=0.1027
[20:31:29]     VAL PASS  BRENT              rate_emb_z       lag= 30  m6_ic=0.0734
[20:31:29]     VAL PASS  BRENT              ruble_emb_z      lag=  7  m6_ic=0.0777
[20:31:29]     VAL PASS  BRENT              ruble_emb_z      lag= 14  m6_ic=0.0332
[20:31:29]     VAL PASS  BRENT              sanctions_emb_z  lag= 30  m6_ic=0.0513
[20:31:30]     VAL PASS  BRENT              inflation_emb_z  lag=  7  m6_ic=0.0633
[20:31:30]     VAL PASS  BRENT              inflation_emb_z  lag= 14  m6_ic=0.0515
[20:31:30]     VAL PASS  BRENT              inflation_emb_z  lag= 30  m6_ic=0.0483
[20:31:30]     VAL PASS  BRENT              gold_emb_z       lag=  1  m6_ic=0.0553
[20:31:31]     VAL PASS  BRENT              gold_emb_z       lag= 30  m6_ic=0.0526
[20:31:31]     VAL PASS  MSCI_INDIA         oil_emb_z        lag=  1  m6_ic=0.0567
[20:31:31]     VAL PASS  MSCI_INDIA         oil_emb_z        lag=  7  m6_ic=0.0505
[20:31:31]     VAL PASS  MSCI_INDIA         oil_emb_z        lag= 30  m6_ic=0.0644
[20:31:31]     VAL PASS  MSCI_INDIA         rate_emb_z       lag=  1  m6_ic=0.0332
[20:31:32]     VAL PASS  MSCI_INDIA         rate_emb_z       lag=  7  m6_ic=0.0467
[20:31:32]     VAL PASS  MSCI_INDIA         ruble_emb_z      lag=  1  m6_ic=0.0347
[20:31:32]     VAL PASS  MSCI_INDIA         ruble_emb_z      lag=  7  m6_ic=0.0358
[20:31:32]     VAL PASS  MSCI_INDIA         ruble_emb_z      lag= 30  m6_ic=0.0606
[20:31:33]     VAL PASS  MSCI_INDIA         inflation_emb_z  lag= 14  m6_ic=0.0461
[20:31:33]     VAL PASS  MSCI_INDIA         banking_emb_z    lag= 30  m6_ic=0.1817
[20:31:33]     VAL PASS  MSCI_INDIA         gold_emb_z       lag=  7  m6_ic=0.0711
[20:31:34]     VAL PASS  MSCI_INDIA         gold_emb_z       lag= 30  m6_ic=0.0423
[20:31:34]     VAL PASS  CHINA_H_SHARES     oil_emb_z        lag=  1  m6_ic=0.1001
[20:31:34]     VAL PASS  CHINA_H_SHARES     oil_emb_z        lag= 30  m6_ic=0.1111
[20:31:34]     VAL PASS  CHINA_H_SHARES     rate_emb_z       lag= 14  m6_ic=0.0510
[20:31:34]     VAL PASS  CHINA_H_SHARES     rate_emb_z       lag= 30  m6_ic=0.0523
[20:31:35]     VAL PASS  CHINA_H_SHARES     ruble_emb_z      lag= 14  m6_ic=0.1738
[20:31:35]     VAL PASS  CHINA_H_SHARES     sanctions_emb_z  lag=  1  m6_ic=0.0895
[20:31:36]     VAL PASS  CHINA_H_SHARES     sanctions_emb_z  lag=  7  m6_ic=0.0478
[20:31:36]     VAL PASS  CHINA_H_SHARES     sanctions_emb_z  lag= 30  m6_ic=0.0432
[20:31:36]     VAL PASS  CHINA_H_SHARES     inflation_emb_z  lag=  7  m6_ic=0.0842
[20:31:36]     VAL PASS  CHINA_H_SHARES     inflation_emb_z  lag= 14  m6_ic=0.0570
[20:31:37]     VAL PASS  CHINA_H_SHARES     gold_emb_z       lag=  7  m6_ic=0.1068
[20:31:37]     VAL PASS  FTSE_CHINA_50      oil_emb_z        lag=  1  m6_ic=0.0347
[20:31:38]     VAL PASS  FTSE_CHINA_50      rate_emb_z       lag=  7  m6_ic=0.0332
[20:31:38]     VAL PASS  FTSE_CHINA_50      rate_emb_z       lag= 30  m6_ic=0.1051
[20:31:38]     VAL PASS  FTSE_CHINA_50      ruble_emb_z      lag=  1  m6_ic=0.0499
[20:31:39]     VAL PASS  FTSE_CHINA_50      ruble_emb_z      lag= 14  m6_ic=0.0690
[20:31:39]     VAL PASS  FTSE_CHINA_50      ruble_emb_z      lag= 30  m6_ic=0.1288
[20:31:39]     VAL PASS  FTSE_CHINA_50      sanctions_emb_z  lag=  1  m6_ic=0.0728
[20:31:39]     VAL PASS  FTSE_CHINA_50      sanctions_emb_z  lag=  7  m6_ic=0.0415
[20:31:39]     VAL PASS  FTSE_CHINA_50      sanctions_emb_z  lag= 30  m6_ic=0.0469
[20:31:40]     VAL PASS  FTSE_CHINA_50      inflation_emb_z  lag=  7  m6_ic=0.0714
[20:31:40]     VAL PASS  FTSE_CHINA_50      inflation_emb_z  lag= 30  m6_ic=0.0422
[20:31:41]     VAL PASS  FTSE_CHINA_50      banking_emb_z    lag=  7  m6_ic=0.0385
[20:31:41]     VAL PASS  FTSE_CHINA_50      gold_emb_z       lag=  7  m6_ic=0.0346
[20:31:41]     VAL PASS  GOLD               oil_emb_z        lag= 30  m6_ic=0.1184
[20:31:42]     VAL PASS  GOLD               rate_emb_z       lag=  1  m6_ic=0.1016
[20:31:42]     VAL PASS  GOLD               rate_emb_z       lag= 14  m6_ic=0.0620
[20:31:42]     VAL PASS  GOLD               rate_emb_z       lag= 30  m6_ic=0.1201
[20:31:42]     VAL PASS  GOLD               ruble_emb_z      lag=  7  m6_ic=0.1107
[20:31:43]     VAL PASS  GOLD               ruble_emb_z      lag= 30  m6_ic=0.0372
[20:31:43]     VAL PASS  GOLD               sanctions_emb_z  lag= 30  m6_ic=0.0509
[20:31:43]     VAL PASS  GOLD               inflation_emb_z  lag=  1  m6_ic=0.1358
[20:31:44]     VAL PASS  GOLD               banking_emb_z    lag=  1  m6_ic=0.0501
[20:31:44]     VAL PASS  GOLD               banking_emb_z    lag= 14  m6_ic=0.0452
[20:31:44]     VAL PASS  GOLD               gold_emb_z       lag=  1  m6_ic=0.0508
[20:31:45]     VAL PASS  SILVER             oil_emb_z        lag=  1  m6_ic=0.0944
[20:31:45]     VAL PASS  SILVER             oil_emb_z        lag=  7  m6_ic=0.1289
[20:31:45]     VAL PASS  SILVER             rate_emb_z       lag=  1  m6_ic=0.0865
[20:31:46]     VAL PASS  SILVER             rate_emb_z       lag= 30  m6_ic=0.0674
[20:31:46]     VAL PASS  SILVER             ruble_emb_z      lag=  7  m6_ic=0.0392
[20:31:46]     VAL PASS  SILVER             ruble_emb_z      lag= 30  m6_ic=0.0486
[20:31:47]     VAL PASS  SILVER             sanctions_emb_z  lag= 14  m6_ic=0.0804
[20:31:47]     VAL PASS  SILVER             sanctions_emb_z  lag= 30  m6_ic=0.0535
[20:31:47]     VAL PASS  SILVER             inflation_emb_z  lag=  1  m6_ic=0.0496
[20:31:47]     VAL PASS  SILVER             inflation_emb_z  lag= 14  m6_ic=0.0556
[20:31:48]     VAL PASS  SILVER             inflation_emb_z  lag= 30  m6_ic=0.0598
[20:31:48]     VAL PASS  SILVER             gold_emb_z       lag= 14  m6_ic=0.1416
[20:31:48]     VAL PASS  IMOEX              oil_emb_z        lag=  7  m6_ic=0.0446
[20:31:49]     VAL PASS  IMOEX              rate_emb_z       lag= 14  m6_ic=0.1515
[20:31:49]     VAL PASS  IMOEX              rate_emb_z       lag= 30  m6_ic=0.1019
[20:31:49]     VAL PASS  IMOEX              ruble_emb_z      lag= 14  m6_ic=0.1229
[20:31:50]     VAL PASS  IMOEX              ruble_emb_z      lag= 30  m6_ic=0.1410
[20:31:50]     VAL PASS  IMOEX              sanctions_emb_z  lag=  7  m6_ic=0.0502
[20:31:50]     VAL PASS  IMOEX              sanctions_emb_z  lag= 14  m6_ic=0.1057
[20:31:50]     VAL PASS  IMOEX              sanctions_emb_z  lag= 30  m6_ic=0.0640
[20:31:51]     VAL PASS  IMOEX              inflation_emb_z  lag=  1  m6_ic=0.1056
[20:31:51]     VAL PASS  IMOEX              inflation_emb_z  lag=  7  m6_ic=0.0840
[20:31:51]     VAL PASS  IMOEX              inflation_emb_z  lag= 30  m6_ic=0.0374
[20:31:52]     VAL PASS  MOEXFN             rate_emb_z       lag= 14  m6_ic=0.1772
[20:31:52]     VAL PASS  MOEXFN             ruble_emb_z      lag=  1  m6_ic=0.0796
[20:31:52]     VAL PASS  MOEXFN             ruble_emb_z      lag= 14  m6_ic=0.1199
[20:31:52]     VAL PASS  MOEXFN             ruble_emb_z      lag= 30  m6_ic=0.1240
[20:31:53]     VAL PASS  MOEXFN             sanctions_emb_z  lag= 30  m6_ic=0.0366
[20:31:53]     VAL PASS  MOEXFN             inflation_emb_z  lag=  7  m6_ic=0.1169
[20:31:53]     VAL PASS  MOEXFN             inflation_emb_z  lag= 30  m6_ic=0.0446
[20:31:53]     VAL PASS  MOEXFN             banking_emb_z    lag= 30  m6_ic=0.0792
[20:31:54]     VAL PASS  MOEXOG             oil_emb_z        lag=  1  m6_ic=0.0416
[20:31:54]     VAL PASS  MOEXOG             oil_emb_z        lag=  7  m6_ic=0.0706
[20:31:54]     VAL PASS  MOEXOG             oil_emb_z        lag= 14  m6_ic=0.0718
[20:31:54]     VAL PASS  MOEXOG             oil_emb_z        lag= 30  m6_ic=0.0664
[20:31:55]     VAL PASS  MOEXOG             rate_emb_z       lag=  7  m6_ic=0.0349
[20:31:55]     VAL PASS  MOEXOG             rate_emb_z       lag= 14  m6_ic=0.1417
[20:31:55]     VAL PASS  MOEXOG             rate_emb_z       lag= 30  m6_ic=0.0866
[20:31:55]     VAL PASS  MOEXOG             ruble_emb_z      lag= 14  m6_ic=0.0964
[20:31:55]     VAL PASS  MOEXOG             ruble_emb_z      lag= 30  m6_ic=0.1103
[20:31:56]     VAL PASS  MOEXOG             inflation_emb_z  lag=  1  m6_ic=0.1491
[20:31:56]     VAL PASS  MOEXOG             inflation_emb_z  lag=  7  m6_ic=0.0409
[20:31:56]     VAL PASS  MOEXOG             inflation_emb_z  lag= 30  m6_ic=0.0399
[20:31:57]     VAL PASS  MOEXOG             banking_emb_z    lag= 30  m6_ic=0.0722
[20:31:57]     VAL PASS  MOEXOG             gold_emb_z       lag=  1  m6_ic=0.0892
[20:31:57]     VAL PASS  MOEXOG             gold_emb_z       lag= 14  m6_ic=0.0572
[20:31:57]     VAL PASS  MOEXOG             gold_emb_z       lag= 30  m6_ic=0.1562
[20:31:58]     VAL PASS  MOEX10             oil_emb_z        lag= 14  m6_ic=0.0816
[20:31:58]     VAL PASS  MOEX10             oil_emb_z        lag= 30  m6_ic=0.0310
[20:31:58]     VAL PASS  MOEX10             rate_emb_z       lag= 14  m6_ic=0.1497
[20:31:58]     VAL PASS  MOEX10             ruble_emb_z      lag=  1  m6_ic=0.0487
[20:31:58]     VAL PASS  MOEX10             ruble_emb_z      lag= 30  m6_ic=0.1278
[20:31:59]     VAL PASS  MOEX10             sanctions_emb_z  lag= 14  m6_ic=0.1211
[20:31:59]     VAL PASS  MOEX10             inflation_emb_z  lag=  1  m6_ic=0.1071
[20:31:59]     VAL PASS  MOEX10             inflation_emb_z  lag=  7  m6_ic=0.0961
[20:31:59]     VAL PASS  MOEX10             inflation_emb_z  lag= 14  m6_ic=0.0450
[20:31:59]     VAL PASS  MOEX10             banking_emb_z    lag= 14  m6_ic=0.0410
[20:32:00]     VAL PASS  MOEX10             banking_emb_z    lag= 30  m6_ic=0.0736
[20:32:00]     VAL PASS  MOEX10             gold_emb_z       lag= 30  m6_ic=0.0702
[20:32:00]     Val: 185/260 held
[20:32:00]   → train=260  val=185  max_ic=0.1514  score=2763.2
[20:32:00] 
============================================================
[20:32:00] FINAL REPORT
[20:32:00] ============================================================
[20:32:01] Report: C:\project\signal_mind\analytics\phase_b\night_search\night_report_20260520_200111.md
[20:32:01] Hits CSV: C:\project\signal_mind\analytics\phase_b\night_search\night_hits_20260520_200111.csv
[20:32:01] 
[14/15] sweep_embedding_z90_abs_return  (budget=225min)
[20:32:01]   Config: sweep_embedding_z90_abs_return
[20:32:01]     feature=embedding_z90  target=abs_return  ensemble=M6_only  ic_min=0.03
[20:32:01]   HIT  SP500              oil_emb_z        lag=  1 m5_p=0.7065  m6_ic=0.0758
[20:32:01]   HIT  SP500              oil_emb_z        lag=  7 m5_p=0.8172  m6_ic=0.0393
[20:32:01]   HIT  SP500              oil_emb_z        lag= 14 m5_p=0.0828  m6_ic=0.0797
[20:32:02]   HIT  SP500              oil_emb_z        lag= 30 m5_p=0.4790  m6_ic=0.0367
[20:32:02]   HIT  SP500              rate_emb_z       lag= 14 m5_p=0.3951  m6_ic=0.0349
[20:32:03]   HIT  SP500              rate_emb_z       lag= 30 m5_p=0.3930  m6_ic=0.0493
[20:32:03]   HIT  SP500              ruble_emb_z      lag=  1 m5_p=0.0528  m6_ic=0.0345
[20:32:03]   HIT  SP500              ruble_emb_z      lag=  7 m5_p=0.2303  m6_ic=0.0322
[20:32:03]   HIT  SP500              ruble_emb_z      lag= 30 m5_p=0.1561  m6_ic=0.0656
[20:32:04]   HIT  SP500              sanctions_emb_z  lag=  7 m5_p=0.0507  m6_ic=0.0406
[20:32:04]   HIT  SP500              sanctions_emb_z  lag= 14 m5_p=0.7268  m6_ic=0.0771
[20:32:04]   HIT  SP500              sanctions_emb_z  lag= 30 m5_p=0.3147  m6_ic=0.0317
[20:32:04]   HIT  SP500              inflation_emb_z  lag=  1 m5_p=0.6456  m6_ic=0.0562
[20:32:05]   HIT  SP500              inflation_emb_z  lag= 14 m5_p=0.2256  m6_ic=0.0719
[20:32:06]   HIT  SP500              gold_emb_z       lag=  1 m5_p=0.7799  m6_ic=0.0570
[20:32:06]   HIT  SP500              gold_emb_z       lag= 14 m5_p=0.3237  m6_ic=0.0434
[20:32:06]   HIT  SP500              gold_emb_z       lag= 30 m5_p=0.7182  m6_ic=0.0535
[20:32:07]   HIT  USD_RUB            rate_emb_z       lag=  1 m5_p=0.1612  m6_ic=0.0426
[20:32:08]   HIT  USD_RUB            rate_emb_z       lag=  7 m5_p=0.0977  m6_ic=0.0986
[20:32:08]   HIT  USD_RUB            rate_emb_z       lag= 14 m5_p=0.0392  m6_ic=0.0645
[20:32:08]   HIT  USD_RUB            ruble_emb_z      lag=  1 m5_p=0.1687  m6_ic=0.0304
[20:32:09]   HIT  USD_RUB            ruble_emb_z      lag= 14 m5_p=0.1574  m6_ic=0.0438
[20:32:09]   HIT  USD_RUB            ruble_emb_z      lag= 30 m5_p=0.7797  m6_ic=0.0355
[20:32:09]   HIT  USD_RUB            sanctions_emb_z  lag=  7 m5_p=0.8898  m6_ic=0.0510
[20:32:10]   HIT  USD_RUB            sanctions_emb_z  lag= 30 m5_p=0.4128  m6_ic=0.0490
[20:32:10]   HIT  USD_RUB            inflation_emb_z  lag=  1 m5_p=0.0553  m6_ic=0.0413
[20:32:10]   HIT  USD_RUB            inflation_emb_z  lag=  7 m5_p=0.7697  m6_ic=0.0331
[20:32:10]   HIT  USD_RUB            inflation_emb_z  lag= 14 m5_p=0.8057  m6_ic=0.0337
[20:32:11]   HIT  USD_RUB            inflation_emb_z  lag= 30 m5_p=0.5802  m6_ic=0.0884
[20:32:11]   HIT  USD_RUB            banking_emb_z    lag=  1 m5_p=0.9126  m6_ic=0.0434
[20:32:11]   HIT  USD_RUB            banking_emb_z    lag=  7 m5_p=0.6943  m6_ic=0.1137
[20:32:11]   HIT  USD_RUB            banking_emb_z    lag= 14 m5_p=0.8123  m6_ic=0.0337
[20:32:11]   HIT  USD_RUB            gold_emb_z       lag=  1 m5_p=0.5974  m6_ic=0.0501
[20:32:12]   HIT  USD_RUB            gold_emb_z       lag=  7 m5_p=0.7851  m6_ic=0.1043
[20:32:12]   HIT  USD_RUB            gold_emb_z       lag= 30 m5_p=0.2632  m6_ic=0.0432
[20:32:13]   HIT  EUR_RUB            rate_emb_z       lag=  1 m5_p=0.1612  m6_ic=0.0426
[20:32:13]   HIT  EUR_RUB            rate_emb_z       lag=  7 m5_p=0.0977  m6_ic=0.0986
[20:32:13]   HIT  EUR_RUB            rate_emb_z       lag= 14 m5_p=0.0392  m6_ic=0.0645
[20:32:14]   HIT  EUR_RUB            ruble_emb_z      lag=  1 m5_p=0.1687  m6_ic=0.0304
[20:32:14]   HIT  EUR_RUB            ruble_emb_z      lag= 14 m5_p=0.1574  m6_ic=0.0438
[20:32:15]   HIT  EUR_RUB            ruble_emb_z      lag= 30 m5_p=0.7797  m6_ic=0.0355
[20:32:15]   HIT  EUR_RUB            sanctions_emb_z  lag=  7 m5_p=0.8898  m6_ic=0.0510
[20:32:15]   HIT  EUR_RUB            sanctions_emb_z  lag= 30 m5_p=0.4128  m6_ic=0.0490
[20:32:16]   HIT  EUR_RUB            inflation_emb_z  lag=  1 m5_p=0.0553  m6_ic=0.0413
[20:32:16]   HIT  EUR_RUB            inflation_emb_z  lag=  7 m5_p=0.7697  m6_ic=0.0331
[20:32:16]   HIT  EUR_RUB            inflation_emb_z  lag= 14 m5_p=0.8057  m6_ic=0.0337
[20:32:16]   HIT  EUR_RUB            inflation_emb_z  lag= 30 m5_p=0.5802  m6_ic=0.0884
[20:32:16]   HIT  EUR_RUB            banking_emb_z    lag=  1 m5_p=0.9126  m6_ic=0.0434
[20:32:17]   HIT  EUR_RUB            banking_emb_z    lag=  7 m5_p=0.6943  m6_ic=0.1137
[20:32:17]   HIT  EUR_RUB            banking_emb_z    lag= 14 m5_p=0.8123  m6_ic=0.0337
[20:32:17]   HIT  EUR_RUB            gold_emb_z       lag=  1 m5_p=0.5974  m6_ic=0.0501
[20:32:17]   HIT  EUR_RUB            gold_emb_z       lag=  7 m5_p=0.7851  m6_ic=0.1043
[20:32:18]   HIT  EUR_RUB            gold_emb_z       lag= 30 m5_p=0.2632  m6_ic=0.0432
[20:32:18]   HIT  DJ_SOUTH_AFRICA    oil_emb_z        lag=  1 m5_p=0.8221  m6_ic=0.1124
[20:32:18]   HIT  DJ_SOUTH_AFRICA    oil_emb_z        lag= 30 m5_p=0.6389  m6_ic=0.1014
[20:32:19]   HIT  DJ_SOUTH_AFRICA    rate_emb_z       lag= 14 m5_p=0.5234  m6_ic=0.0418
[20:32:19]   HIT  DJ_SOUTH_AFRICA    rate_emb_z       lag= 30 m5_p=0.3592  m6_ic=0.0611
[20:32:20]   HIT  DJ_SOUTH_AFRICA    sanctions_emb_z  lag=  7 m5_p=0.0434  m6_ic=0.0670
[20:32:21]   HIT  DJ_SOUTH_AFRICA    inflation_emb_z  lag=  1 m5_p=0.3201  m6_ic=0.0449
[20:32:22]   HIT  DJ_SOUTH_AFRICA    inflation_emb_z  lag= 30 m5_p=0.8809  m6_ic=0.0922
[20:32:22]   HIT  DJ_SOUTH_AFRICA    banking_emb_z    lag=  1 m5_p=0.3918  m6_ic=0.0604
[20:32:22]   HIT  DJ_SOUTH_AFRICA    banking_emb_z    lag= 14 m5_p=0.5033  m6_ic=0.0547
[20:32:23]   HIT  DJ_SOUTH_AFRICA    banking_emb_z    lag= 30 m5_p=0.6983  m6_ic=0.0314
[20:32:23]   HIT  DJ_SOUTH_AFRICA    gold_emb_z       lag=  7 m5_p=0.2064  m6_ic=0.0798
[20:32:24]   HIT  MSCI_WORLD         oil_emb_z        lag=  1 m5_p=0.2689  m6_ic=0.1514
[20:32:24]   HIT  MSCI_WORLD         oil_emb_z        lag=  7 m5_p=0.2210  m6_ic=0.0657
[20:32:25]   HIT  MSCI_WORLD         rate_emb_z       lag=  7 m5_p=0.1228  m6_ic=0.0539
[20:32:25]   HIT  MSCI_WORLD         rate_emb_z       lag= 14 m5_p=0.1286  m6_ic=0.0381
[20:32:25]   HIT  MSCI_WORLD         ruble_emb_z      lag=  1 m5_p=0.1664  m6_ic=0.0711
[20:32:25]   HIT  MSCI_WORLD         ruble_emb_z      lag= 14 m5_p=0.9920  m6_ic=0.0324
[20:32:26]   HIT  MSCI_WORLD         ruble_emb_z      lag= 30 m5_p=0.4841  m6_ic=0.0353
[20:32:26]   HIT  MSCI_WORLD         sanctions_emb_z  lag=  1 m5_p=0.5408  m6_ic=0.0361
[20:32:26]   HIT  MSCI_WORLD         sanctions_emb_z  lag=  7 m5_p=0.5700  m6_ic=0.0598
[20:32:26]   HIT  MSCI_WORLD         sanctions_emb_z  lag= 14 m5_p=0.9735  m6_ic=0.0894
[20:32:27]   HIT  MSCI_WORLD         inflation_emb_z  lag=  7 m5_p=0.8886  m6_ic=0.0742
[20:32:27]   HIT  MSCI_WORLD         inflation_emb_z  lag= 14 m5_p=0.7276  m6_ic=0.0477
[20:32:27]   HIT  MSCI_WORLD         inflation_emb_z  lag= 30 m5_p=0.9393  m6_ic=0.0709
[20:32:28]   HIT  MSCI_WORLD         banking_emb_z    lag=  7 m5_p=0.6228  m6_ic=0.0597
[20:32:28]   HIT  MSCI_WORLD         banking_emb_z    lag= 14 m5_p=0.1712  m6_ic=0.0603
[20:32:28]   HIT  MSCI_WORLD         gold_emb_z       lag=  1 m5_p=0.6457  m6_ic=0.0383
[20:32:29]   HIT  DXY                oil_emb_z        lag=  1 m5_p=0.4736  m6_ic=0.0546
[20:32:29]   HIT  DXY                oil_emb_z        lag=  7 m5_p=0.4423  m6_ic=0.0927
[20:32:30]   HIT  DXY                oil_emb_z        lag= 14 m5_p=0.6408  m6_ic=0.0967
[20:32:30]   HIT  DXY                rate_emb_z       lag=  1 m5_p=0.8266  m6_ic=0.0799
[20:32:30]   HIT  DXY                rate_emb_z       lag= 14 m5_p=0.0288  m6_ic=0.0476
[20:32:31]   HIT  DXY                rate_emb_z       lag= 30 m5_p=0.3048  m6_ic=0.1179
[20:32:31]   HIT  DXY                ruble_emb_z      lag= 14 m5_p=0.8457  m6_ic=0.0645
[20:32:31]   HIT  DXY                ruble_emb_z      lag= 30 m5_p=0.5505  m6_ic=0.0900
[20:32:32]   HIT  DXY                sanctions_emb_z  lag=  7 m5_p=0.7069  m6_ic=0.0317
[20:32:32]   HIT  DXY                sanctions_emb_z  lag= 14 m5_p=0.4139  m6_ic=0.0336
[20:32:32]   HIT  DXY                sanctions_emb_z  lag= 30 m5_p=0.7200  m6_ic=0.0340
[20:32:32]   HIT  DXY                inflation_emb_z  lag=  1 m5_p=0.4382  m6_ic=0.0632
[20:32:33]   HIT  DXY                inflation_emb_z  lag=  7 m5_p=0.2982  m6_ic=0.0526
[20:32:33]   HIT  DXY                inflation_emb_z  lag= 14 m5_p=0.3512  m6_ic=0.0762
[20:32:33]   HIT  DXY                inflation_emb_z  lag= 30 m5_p=0.9893  m6_ic=0.0311
[20:32:33]   HIT  DXY                banking_emb_z    lag=  1 m5_p=0.3739  m6_ic=0.0356
[20:32:34]   HIT  DXY                banking_emb_z    lag= 14 m5_p=0.5128  m6_ic=0.0831
[20:32:34]   HIT  DXY                banking_emb_z    lag= 30 m5_p=0.7877  m6_ic=0.0443
[20:32:34]   HIT  DXY                gold_emb_z       lag=  7 m5_p=0.9712  m6_ic=0.0320
[20:32:35]   HIT  DXY                gold_emb_z       lag= 30 m5_p=0.9228  m6_ic=0.0432
[20:32:35]   HIT  BRENT              oil_emb_z        lag=  1 m5_p=0.1011  m6_ic=0.0347
[20:32:36]   HIT  BRENT              rate_emb_z       lag=  1 m5_p=0.4142  m6_ic=0.0450
[20:32:36]   HIT  BRENT              rate_emb_z       lag=  7 m5_p=0.3267  m6_ic=0.0813
[20:32:36]   HIT  BRENT              rate_emb_z       lag= 14 m5_p=0.9474  m6_ic=0.0788
[20:32:36]   HIT  BRENT              rate_emb_z       lag= 30 m5_p=0.3689  m6_ic=0.0331
[20:32:37]   HIT  BRENT              ruble_emb_z      lag=  7 m5_p=0.1636  m6_ic=0.0421
[20:32:37]   HIT  BRENT              ruble_emb_z      lag= 14 m5_p=0.6055  m6_ic=0.0882
[20:32:37]   HIT  BRENT              sanctions_emb_z  lag=  7 m5_p=0.3355  m6_ic=0.0415
[20:32:38]   HIT  BRENT              sanctions_emb_z  lag= 30 m5_p=0.7604  m6_ic=0.1134
[20:32:38]   HIT  BRENT              inflation_emb_z  lag=  7 m5_p=0.1354  m6_ic=0.1402
[20:32:38]   HIT  BRENT              inflation_emb_z  lag= 14 m5_p=0.4514  m6_ic=0.0348
[20:32:39]   HIT  BRENT              inflation_emb_z  lag= 30 m5_p=0.4299  m6_ic=0.0383
[20:32:39]   HIT  BRENT              banking_emb_z    lag=  1 m5_p=0.8689  m6_ic=0.1221
[20:32:40]   HIT  BRENT              gold_emb_z       lag=  1 m5_p=0.6198  m6_ic=0.0328
[20:32:40]   HIT  BRENT              gold_emb_z       lag= 30 m5_p=0.3724  m6_ic=0.0887
[20:32:40]   HIT  MSCI_INDIA         oil_emb_z        lag=  1 m5_p=0.6784  m6_ic=0.0840
[20:32:41]   HIT  MSCI_INDIA         oil_emb_z        lag=  7 m5_p=0.0789  m6_ic=0.0701
[20:32:41]   HIT  MSCI_INDIA         oil_emb_z        lag= 30 m5_p=0.9424  m6_ic=0.0797
[20:32:41]   HIT  MSCI_INDIA         rate_emb_z       lag=  1 m5_p=0.1855  m6_ic=0.0719
[20:32:42]   HIT  MSCI_INDIA         rate_emb_z       lag=  7 m5_p=0.9259  m6_ic=0.0988
[20:32:42]   HIT  MSCI_INDIA         ruble_emb_z      lag=  1 m5_p=0.5372  m6_ic=0.0638
[20:32:42]   HIT  MSCI_INDIA         ruble_emb_z      lag=  7 m5_p=0.3100  m6_ic=0.0367
[20:32:43]   HIT  MSCI_INDIA         ruble_emb_z      lag= 30 m5_p=0.1705  m6_ic=0.0686
[20:32:43]   HIT  MSCI_INDIA         sanctions_emb_z  lag=  1 m5_p=0.5988  m6_ic=0.0495
[20:32:43]   HIT  MSCI_INDIA         sanctions_emb_z  lag=  7 m5_p=0.8932  m6_ic=0.0586
[20:32:44]   HIT  MSCI_INDIA         inflation_emb_z  lag= 14 m5_p=0.0209  m6_ic=0.0699
[20:32:45]   HIT  MSCI_INDIA         banking_emb_z    lag= 30 m5_p=0.9294  m6_ic=0.0577
[20:32:45]   HIT  MSCI_INDIA         gold_emb_z       lag=  1 m5_p=0.6979  m6_ic=0.0594
[20:32:46]   HIT  MSCI_INDIA         gold_emb_z       lag=  7 m5_p=0.5940  m6_ic=0.0545
[20:32:46]   HIT  MSCI_INDIA         gold_emb_z       lag= 30 m5_p=0.8681  m6_ic=0.0582
[20:32:46]   HIT  CHINA_H_SHARES     oil_emb_z        lag=  1 m5_p=0.9893  m6_ic=0.0724
[20:32:47]   HIT  CHINA_H_SHARES     oil_emb_z        lag= 30 m5_p=0.7057  m6_ic=0.0362
[20:32:47]   HIT  CHINA_H_SHARES     rate_emb_z       lag= 14 m5_p=0.0364  m6_ic=0.0403
[20:32:48]   HIT  CHINA_H_SHARES     rate_emb_z       lag= 30 m5_p=0.4860  m6_ic=0.0910
[20:32:48]   HIT  CHINA_H_SHARES     ruble_emb_z      lag=  1 m5_p=0.1288  m6_ic=0.0651
[20:32:48]   HIT  CHINA_H_SHARES     ruble_emb_z      lag=  7 m5_p=0.0258  m6_ic=0.0937
[20:32:48]   HIT  CHINA_H_SHARES     ruble_emb_z      lag= 14 m5_p=0.6639  m6_ic=0.0697
[20:32:48]   HIT  CHINA_H_SHARES     ruble_emb_z      lag= 30 m5_p=0.8530  m6_ic=0.0383
[20:32:49]   HIT  CHINA_H_SHARES     sanctions_emb_z  lag=  1 m5_p=0.4712  m6_ic=0.0567
[20:32:49]   HIT  CHINA_H_SHARES     sanctions_emb_z  lag=  7 m5_p=0.4604  m6_ic=0.0971
[20:32:49]   HIT  CHINA_H_SHARES     sanctions_emb_z  lag= 30 m5_p=0.9912  m6_ic=0.0599
[20:32:50]   HIT  CHINA_H_SHARES     inflation_emb_z  lag=  7 m5_p=0.9088  m6_ic=0.0790
[20:32:50]   HIT  CHINA_H_SHARES     inflation_emb_z  lag= 14 m5_p=0.0994  m6_ic=0.0681
[20:32:50]   HIT  CHINA_H_SHARES     inflation_emb_z  lag= 30 m5_p=0.6375  m6_ic=0.0694
[20:32:50]   HIT  CHINA_H_SHARES     banking_emb_z    lag=  1 m5_p=0.9391  m6_ic=0.0503
[20:32:50]   HIT  CHINA_H_SHARES     banking_emb_z    lag=  7 m5_p=0.8681  m6_ic=0.0387
[20:32:51]   HIT  CHINA_H_SHARES     banking_emb_z    lag= 14 m5_p=0.8741  m6_ic=0.1206
[20:32:51]   HIT  CHINA_H_SHARES     gold_emb_z       lag=  7 m5_p=0.9698  m6_ic=0.0383
[20:32:52]   HIT  FTSE_CHINA_50      oil_emb_z        lag=  1 m5_p=0.8491  m6_ic=0.0405
[20:32:53]   HIT  FTSE_CHINA_50      rate_emb_z       lag=  7 m5_p=0.7444  m6_ic=0.0365
[20:32:53]   HIT  FTSE_CHINA_50      rate_emb_z       lag= 14 m5_p=0.0357  m6_ic=0.0421
[20:32:53]   HIT  FTSE_CHINA_50      rate_emb_z       lag= 30 m5_p=0.3121  m6_ic=0.0740
[20:32:53]   HIT  FTSE_CHINA_50      ruble_emb_z      lag=  1 m5_p=0.0784  m6_ic=0.0809
[20:32:54]   HIT  FTSE_CHINA_50      ruble_emb_z      lag=  7 m5_p=0.0464  m6_ic=0.0841
[20:32:54]   HIT  FTSE_CHINA_50      ruble_emb_z      lag= 14 m5_p=0.6174  m6_ic=0.0732
[20:32:54]   HIT  FTSE_CHINA_50      ruble_emb_z      lag= 30 m5_p=0.8329  m6_ic=0.0443
[20:32:54]   HIT  FTSE_CHINA_50      sanctions_emb_z  lag=  1 m5_p=0.3410  m6_ic=0.0346
[20:32:54]   HIT  FTSE_CHINA_50      sanctions_emb_z  lag=  7 m5_p=0.5076  m6_ic=0.0943
[20:32:55]   HIT  FTSE_CHINA_50      sanctions_emb_z  lag= 30 m5_p=0.8105  m6_ic=0.0432
[20:32:55]   HIT  FTSE_CHINA_50      inflation_emb_z  lag=  7 m5_p=0.9227  m6_ic=0.0687
[20:32:55]   HIT  FTSE_CHINA_50      inflation_emb_z  lag= 14 m5_p=0.0992  m6_ic=0.0651
[20:32:56]   HIT  FTSE_CHINA_50      inflation_emb_z  lag= 30 m5_p=0.5427  m6_ic=0.0894
[20:32:56]   HIT  FTSE_CHINA_50      banking_emb_z    lag=  1 m5_p=0.9363  m6_ic=0.0318
[20:32:56]   HIT  FTSE_CHINA_50      banking_emb_z    lag=  7 m5_p=0.6325  m6_ic=0.0315
[20:32:56]   HIT  FTSE_CHINA_50      banking_emb_z    lag= 14 m5_p=0.7967  m6_ic=0.1036
[20:32:57]   HIT  FTSE_CHINA_50      gold_emb_z       lag=  7 m5_p=0.7251  m6_ic=0.0612
[20:32:58]   HIT  GOLD               oil_emb_z        lag= 14 m5_p=0.2620  m6_ic=0.0581
[20:32:58]   HIT  GOLD               oil_emb_z        lag= 30 m5_p=0.6483  m6_ic=0.0605
[20:32:58]   HIT  GOLD               rate_emb_z       lag=  1 m5_p=0.7457  m6_ic=0.0963
[20:32:58]   HIT  GOLD               rate_emb_z       lag= 14 m5_p=0.3958  m6_ic=0.0432
[20:32:59]   HIT  GOLD               rate_emb_z       lag= 30 m5_p=0.9518  m6_ic=0.1247
[20:32:59]   HIT  GOLD               ruble_emb_z      lag=  7 m5_p=0.1019  m6_ic=0.0459
[20:32:59]   HIT  GOLD               ruble_emb_z      lag= 14 m5_p=0.6285  m6_ic=0.0650
[20:32:59]   HIT  GOLD               ruble_emb_z      lag= 30 m5_p=0.9995  m6_ic=0.0908
[20:33:00]   HIT  GOLD               sanctions_emb_z  lag=  1 m5_p=0.6497  m6_ic=0.0709
[20:33:00]   HIT  GOLD               sanctions_emb_z  lag= 14 m5_p=0.2963  m6_ic=0.0583
[20:33:00]   HIT  GOLD               sanctions_emb_z  lag= 30 m5_p=0.9756  m6_ic=0.0771
[20:33:00]   HIT  GOLD               inflation_emb_z  lag=  1 m5_p=0.8350  m6_ic=0.1288
[20:33:01]   HIT  GOLD               inflation_emb_z  lag= 14 m5_p=0.7996  m6_ic=0.0665
[20:33:01]   HIT  GOLD               banking_emb_z    lag=  1 m5_p=0.1266  m6_ic=0.0524
[20:33:01]   HIT  GOLD               banking_emb_z    lag= 14 m5_p=0.4410  m6_ic=0.0481
[20:33:02]   HIT  GOLD               gold_emb_z       lag=  1 m5_p=0.6920  m6_ic=0.0673
[20:33:02]   HIT  GOLD               gold_emb_z       lag=  7 m5_p=0.5645  m6_ic=0.1370
[20:33:02]   HIT  GOLD               gold_emb_z       lag= 30 m5_p=0.4815  m6_ic=0.0461
[20:33:03]   HIT  SILVER             oil_emb_z        lag=  1 m5_p=0.6895  m6_ic=0.0366
[20:33:03]   HIT  SILVER             oil_emb_z        lag=  7 m5_p=0.4870  m6_ic=0.0364
[20:33:03]   HIT  SILVER             oil_emb_z        lag= 14 m5_p=0.9875  m6_ic=0.0543
[20:33:03]   HIT  SILVER             rate_emb_z       lag=  1 m5_p=0.7504  m6_ic=0.0501
[20:33:04]   HIT  SILVER             rate_emb_z       lag=  7 m5_p=0.1456  m6_ic=0.0333
[20:33:04]   HIT  SILVER             rate_emb_z       lag= 30 m5_p=0.7659  m6_ic=0.0507
[20:33:04]   HIT  SILVER             ruble_emb_z      lag=  1 m5_p=0.4948  m6_ic=0.0589
[20:33:04]   HIT  SILVER             ruble_emb_z      lag=  7 m5_p=0.4274  m6_ic=0.1058
[20:33:04]   HIT  SILVER             ruble_emb_z      lag= 14 m5_p=0.4557  m6_ic=0.0451
[20:33:05]   HIT  SILVER             ruble_emb_z      lag= 30 m5_p=0.9529  m6_ic=0.0911
[20:33:05]   HIT  SILVER             sanctions_emb_z  lag=  1 m5_p=0.8650  m6_ic=0.0795
[20:33:05]   HIT  SILVER             sanctions_emb_z  lag= 14 m5_p=0.6519  m6_ic=0.0563
[20:33:05]   HIT  SILVER             sanctions_emb_z  lag= 30 m5_p=0.2999  m6_ic=0.0628
[20:33:06]   HIT  SILVER             inflation_emb_z  lag=  1 m5_p=0.5365  m6_ic=0.0332
[20:33:06]   HIT  SILVER             inflation_emb_z  lag= 14 m5_p=0.4693  m6_ic=0.0385
[20:33:06]   HIT  SILVER             inflation_emb_z  lag= 30 m5_p=0.3962  m6_ic=0.0404
[20:33:07]   HIT  SILVER             gold_emb_z       lag=  1 m5_p=0.7854  m6_ic=0.0433
[20:33:07]   HIT  SILVER             gold_emb_z       lag=  7 m5_p=0.2833  m6_ic=0.0583
[20:33:07]   HIT  SILVER             gold_emb_z       lag= 14 m5_p=0.9673  m6_ic=0.0550
[20:33:08]   HIT  IMOEX              oil_emb_z        lag=  7 m5_p=0.0775  m6_ic=0.0426
[20:33:09]   HIT  IMOEX              rate_emb_z       lag=  7 m5_p=0.2090  m6_ic=0.0853
[20:33:09]   HIT  IMOEX              rate_emb_z       lag= 14 m5_p=0.4143  m6_ic=0.0941
[20:33:09]   HIT  IMOEX              rate_emb_z       lag= 30 m5_p=0.6379  m6_ic=0.0740
[20:33:10]   HIT  IMOEX              ruble_emb_z      lag=  7 m5_p=0.8983  m6_ic=0.0365
[20:33:10]   HIT  IMOEX              ruble_emb_z      lag= 14 m5_p=0.5601  m6_ic=0.0870
[20:33:10]   HIT  IMOEX              ruble_emb_z      lag= 30 m5_p=0.4858  m6_ic=0.1052
[20:33:10]   HIT  IMOEX              sanctions_emb_z  lag=  1 m5_p=0.8655  m6_ic=0.0635
[20:33:10]   HIT  IMOEX              sanctions_emb_z  lag=  7 m5_p=0.1284  m6_ic=0.0402
[20:33:11]   HIT  IMOEX              sanctions_emb_z  lag= 14 m5_p=0.3439  m6_ic=0.0984
[20:33:11]   HIT  IMOEX              sanctions_emb_z  lag= 30 m5_p=0.2528  m6_ic=0.0877
[20:33:11]   HIT  IMOEX              inflation_emb_z  lag=  1 m5_p=0.2269  m6_ic=0.0885
[20:33:11]   HIT  IMOEX              inflation_emb_z  lag=  7 m5_p=0.4770  m6_ic=0.0760
[20:33:12]   HIT  IMOEX              inflation_emb_z  lag= 30 m5_p=0.2827  m6_ic=0.0794
[20:33:12]   HIT  IMOEX              banking_emb_z    lag=  7 m5_p=0.4350  m6_ic=0.0478
[20:33:14]   HIT  MOEXFN             oil_emb_z        lag=  7 m5_p=0.1384  m6_ic=0.0418
[20:33:14]   HIT  MOEXFN             oil_emb_z        lag= 30 m5_p=0.3234  m6_ic=0.1036
[20:33:14]   HIT  MOEXFN             rate_emb_z       lag= 14 m5_p=0.1283  m6_ic=0.0745
[20:33:15]   HIT  MOEXFN             ruble_emb_z      lag=  1 m5_p=0.1970  m6_ic=0.0331
[20:33:15]   HIT  MOEXFN             ruble_emb_z      lag= 14 m5_p=0.9925  m6_ic=0.0471
[20:33:16]   HIT  MOEXFN             ruble_emb_z      lag= 30 m5_p=0.8908  m6_ic=0.0996
[20:33:16]   HIT  MOEXFN             sanctions_emb_z  lag= 30 m5_p=0.3830  m6_ic=0.0520
[20:33:17]   HIT  MOEXFN             inflation_emb_z  lag=  7 m5_p=0.4968  m6_ic=0.1050
[20:33:17]   HIT  MOEXFN             inflation_emb_z  lag= 14 m5_p=0.9658  m6_ic=0.0334
[20:33:17]   HIT  MOEXFN             inflation_emb_z  lag= 30 m5_p=0.6884  m6_ic=0.0354
[20:33:18]   HIT  MOEXFN             banking_emb_z    lag= 30 m5_p=0.7341  m6_ic=0.0503
[20:33:19]   HIT  MOEXFN             gold_emb_z       lag= 14 m5_p=0.2758  m6_ic=0.0430
[20:33:19]   HIT  MOEXOG             oil_emb_z        lag=  1 m5_p=0.7135  m6_ic=0.0718
[20:33:19]   HIT  MOEXOG             oil_emb_z        lag=  7 m5_p=0.0733  m6_ic=0.1059
[20:33:19]   HIT  MOEXOG             oil_emb_z        lag= 14 m5_p=0.9043  m6_ic=0.0620
[20:33:19]   HIT  MOEXOG             oil_emb_z        lag= 30 m5_p=0.1069  m6_ic=0.0736
[20:33:20]   HIT  MOEXOG             rate_emb_z       lag=  7 m5_p=0.0755  m6_ic=0.0722
[20:33:20]   HIT  MOEXOG             rate_emb_z       lag= 14 m5_p=0.6295  m6_ic=0.1002
[20:33:20]   HIT  MOEXOG             rate_emb_z       lag= 30 m5_p=0.4671  m6_ic=0.0770
[20:33:21]   HIT  MOEXOG             ruble_emb_z      lag= 14 m5_p=0.7797  m6_ic=0.0519
[20:33:21]   HIT  MOEXOG             ruble_emb_z      lag= 30 m5_p=0.1859  m6_ic=0.0760
[20:33:22]   HIT  MOEXOG             sanctions_emb_z  lag=  7 m5_p=0.2161  m6_ic=0.0405
[20:33:22]   HIT  MOEXOG             inflation_emb_z  lag=  1 m5_p=0.1669  m6_ic=0.0863
[20:33:22]   HIT  MOEXOG             inflation_emb_z  lag=  7 m5_p=0.4320  m6_ic=0.0360
[20:33:23]   HIT  MOEXOG             inflation_emb_z  lag= 30 m5_p=0.3389  m6_ic=0.0472
[20:33:23]   HIT  MOEXOG             banking_emb_z    lag= 30 m5_p=0.7124  m6_ic=0.0584
[20:33:24]   HIT  MOEXOG             gold_emb_z       lag=  1 m5_p=0.6755  m6_ic=0.0347
[20:33:24]   HIT  MOEXOG             gold_emb_z       lag=  7 m5_p=0.2092  m6_ic=0.0829
[20:33:24]   HIT  MOEXOG             gold_emb_z       lag= 14 m5_p=0.4845  m6_ic=0.0778
[20:33:24]   HIT  MOEXOG             gold_emb_z       lag= 30 m5_p=0.5771  m6_ic=0.0319
[20:33:25]   HIT  MOEX10             oil_emb_z        lag= 14 m5_p=0.7244  m6_ic=0.0301
[20:33:25]   HIT  MOEX10             oil_emb_z        lag= 30 m5_p=0.1532  m6_ic=0.0940
[20:33:26]   HIT  MOEX10             rate_emb_z       lag= 14 m5_p=0.5362  m6_ic=0.0615
[20:33:26]   HIT  MOEX10             ruble_emb_z      lag=  1 m5_p=0.2101  m6_ic=0.0667
[20:33:27]   HIT  MOEX10             ruble_emb_z      lag= 30 m5_p=0.1711  m6_ic=0.0947
[20:33:27]   HIT  MOEX10             sanctions_emb_z  lag= 14 m5_p=0.1501  m6_ic=0.0430
[20:33:28]   HIT  MOEX10             inflation_emb_z  lag=  1 m5_p=0.2963  m6_ic=0.0465
[20:33:28]   HIT  MOEX10             inflation_emb_z  lag=  7 m5_p=0.4887  m6_ic=0.0685
[20:33:28]   HIT  MOEX10             inflation_emb_z  lag= 14 m5_p=0.8985  m6_ic=0.0505
[20:33:29]   HIT  MOEX10             banking_emb_z    lag= 14 m5_p=0.7807  m6_ic=0.0464
[20:33:29]   HIT  MOEX10             banking_emb_z    lag= 30 m5_p=0.6500  m6_ic=0.0796
[20:33:30]   HIT  MOEX10             gold_emb_z       lag= 30 m5_p=0.7972  m6_ic=0.0517
[20:33:30]     Train: 260 signals
[20:33:30]     Val holdout (260 candidates)...
[20:33:30]     VAL PASS  SP500              oil_emb_z        lag=  1  m6_ic=0.0710
[20:33:30]     VAL PASS  SP500              oil_emb_z        lag=  7  m6_ic=0.0531
[20:33:30]     VAL PASS  SP500              oil_emb_z        lag= 14  m6_ic=0.0603
[20:33:31]     VAL PASS  SP500              rate_emb_z       lag= 14  m6_ic=0.0688
[20:33:31]     VAL PASS  SP500              rate_emb_z       lag= 30  m6_ic=0.0745
[20:33:31]     VAL PASS  SP500              ruble_emb_z      lag=  1  m6_ic=0.0875
[20:33:32]     VAL PASS  SP500              ruble_emb_z      lag=  7  m6_ic=0.0653
[20:33:32]     VAL PASS  SP500              sanctions_emb_z  lag= 14  m6_ic=0.0501
[20:33:32]     VAL PASS  SP500              sanctions_emb_z  lag= 30  m6_ic=0.1002
[20:33:33]     VAL PASS  SP500              inflation_emb_z  lag=  1  m6_ic=0.0800
[20:33:33]     VAL PASS  SP500              inflation_emb_z  lag= 14  m6_ic=0.0769
[20:33:33]     VAL PASS  SP500              gold_emb_z       lag= 14  m6_ic=0.0349
[20:33:33]     VAL PASS  SP500              gold_emb_z       lag= 30  m6_ic=0.1651
[20:33:34]     VAL PASS  USD_RUB            rate_emb_z       lag=  1  m6_ic=0.0935
[20:33:34]     VAL PASS  USD_RUB            rate_emb_z       lag=  7  m6_ic=0.0575
[20:33:34]     VAL PASS  USD_RUB            ruble_emb_z      lag= 14  m6_ic=0.0617
[20:33:35]     VAL PASS  USD_RUB            ruble_emb_z      lag= 30  m6_ic=0.0522
[20:33:35]     VAL PASS  USD_RUB            sanctions_emb_z  lag=  7  m6_ic=0.0575
[20:33:35]     VAL PASS  USD_RUB            inflation_emb_z  lag=  1  m6_ic=0.0509
[20:33:36]     VAL PASS  USD_RUB            inflation_emb_z  lag=  7  m6_ic=0.0921
[20:33:36]     VAL PASS  USD_RUB            inflation_emb_z  lag= 30  m6_ic=0.0370
[20:33:36]     VAL PASS  USD_RUB            banking_emb_z    lag=  1  m6_ic=0.0343
[20:33:37]     VAL PASS  USD_RUB            gold_emb_z       lag=  1  m6_ic=0.0917
[20:33:37]     VAL PASS  USD_RUB            gold_emb_z       lag= 30  m6_ic=0.0586
[20:33:37]     VAL PASS  EUR_RUB            rate_emb_z       lag=  1  m6_ic=0.0935
[20:33:38]     VAL PASS  EUR_RUB            rate_emb_z       lag=  7  m6_ic=0.0575
[20:33:38]     VAL PASS  EUR_RUB            ruble_emb_z      lag= 14  m6_ic=0.0617
[20:33:38]     VAL PASS  EUR_RUB            ruble_emb_z      lag= 30  m6_ic=0.0522
[20:33:39]     VAL PASS  EUR_RUB            sanctions_emb_z  lag=  7  m6_ic=0.0575
[20:33:39]     VAL PASS  EUR_RUB            inflation_emb_z  lag=  1  m6_ic=0.0509
[20:33:39]     VAL PASS  EUR_RUB            inflation_emb_z  lag=  7  m6_ic=0.0921
[20:33:40]     VAL PASS  EUR_RUB            inflation_emb_z  lag= 30  m6_ic=0.0370
[20:33:40]     VAL PASS  EUR_RUB            banking_emb_z    lag=  1  m6_ic=0.0343
[20:33:40]     VAL PASS  EUR_RUB            gold_emb_z       lag=  1  m6_ic=0.0917
[20:33:41]     VAL PASS  EUR_RUB            gold_emb_z       lag= 30  m6_ic=0.0586
[20:33:41]     VAL PASS  DJ_SOUTH_AFRICA    oil_emb_z        lag=  1  m6_ic=0.0576
[20:33:41]     VAL PASS  DJ_SOUTH_AFRICA    oil_emb_z        lag= 30  m6_ic=0.1367
[20:33:42]     VAL PASS  DJ_SOUTH_AFRICA    rate_emb_z       lag= 14  m6_ic=0.0339
[20:33:42]     VAL PASS  DJ_SOUTH_AFRICA    rate_emb_z       lag= 30  m6_ic=0.0896
[20:33:42]     VAL PASS  DJ_SOUTH_AFRICA    sanctions_emb_z  lag=  7  m6_ic=0.0498
[20:33:42]     VAL PASS  DJ_SOUTH_AFRICA    inflation_emb_z  lag= 30  m6_ic=0.0759
[20:33:43]     VAL PASS  MSCI_WORLD         oil_emb_z        lag=  1  m6_ic=0.0462
[20:33:44]     VAL PASS  MSCI_WORLD         oil_emb_z        lag=  7  m6_ic=0.0908
[20:33:44]     VAL PASS  MSCI_WORLD         ruble_emb_z      lag= 14  m6_ic=0.0440
[20:33:45]     VAL PASS  MSCI_WORLD         ruble_emb_z      lag= 30  m6_ic=0.0365
[20:33:45]     VAL PASS  MSCI_WORLD         sanctions_emb_z  lag=  1  m6_ic=0.0409
[20:33:45]     VAL PASS  MSCI_WORLD         sanctions_emb_z  lag=  7  m6_ic=0.0357
[20:33:45]     VAL PASS  MSCI_WORLD         sanctions_emb_z  lag= 14  m6_ic=0.0331
[20:33:46]     VAL PASS  MSCI_WORLD         inflation_emb_z  lag= 14  m6_ic=0.0352
[20:33:46]     VAL PASS  MSCI_WORLD         banking_emb_z    lag=  7  m6_ic=0.0640
[20:33:46]     VAL PASS  MSCI_WORLD         banking_emb_z    lag= 14  m6_ic=0.1243
[20:33:47]     VAL PASS  DXY                oil_emb_z        lag=  1  m6_ic=0.0635
[20:33:47]     VAL PASS  DXY                oil_emb_z        lag=  7  m6_ic=0.1685
[20:33:47]     VAL PASS  DXY                oil_emb_z        lag= 14  m6_ic=0.0967
[20:33:47]     VAL PASS  DXY                rate_emb_z       lag=  1  m6_ic=0.0553
[20:33:48]     VAL PASS  DXY                ruble_emb_z      lag= 30  m6_ic=0.0502
[20:33:48]     VAL PASS  DXY                sanctions_emb_z  lag=  7  m6_ic=0.0833
[20:33:49]     VAL PASS  DXY                inflation_emb_z  lag=  1  m6_ic=0.0556
[20:33:49]     VAL PASS  DXY                inflation_emb_z  lag=  7  m6_ic=0.0368
[20:33:49]     VAL PASS  DXY                inflation_emb_z  lag= 14  m6_ic=0.0940
[20:33:50]     VAL PASS  DXY                inflation_emb_z  lag= 30  m6_ic=0.0626
[20:33:50]     VAL PASS  DXY                banking_emb_z    lag=  1  m6_ic=0.0705
[20:33:50]     VAL PASS  DXY                banking_emb_z    lag= 14  m6_ic=0.0573
[20:33:50]     VAL PASS  DXY                banking_emb_z    lag= 30  m6_ic=0.0425
[20:33:50]     VAL PASS  DXY                gold_emb_z       lag=  7  m6_ic=0.0819
[20:33:51]     VAL PASS  DXY                gold_emb_z       lag= 30  m6_ic=0.0566
[20:33:51]     VAL PASS  BRENT              oil_emb_z        lag=  1  m6_ic=0.0304
[20:33:51]     VAL PASS  BRENT              rate_emb_z       lag=  1  m6_ic=0.1163
[20:33:51]     VAL PASS  BRENT              rate_emb_z       lag=  7  m6_ic=0.0563
[20:33:51]     VAL PASS  BRENT              rate_emb_z       lag= 14  m6_ic=0.1027
[20:33:52]     VAL PASS  BRENT              rate_emb_z       lag= 30  m6_ic=0.0734
[20:33:52]     VAL PASS  BRENT              ruble_emb_z      lag=  7  m6_ic=0.0777
[20:33:52]     VAL PASS  BRENT              ruble_emb_z      lag= 14  m6_ic=0.0332
[20:33:52]     VAL PASS  BRENT              sanctions_emb_z  lag= 30  m6_ic=0.0513
[20:33:53]     VAL PASS  BRENT              inflation_emb_z  lag=  7  m6_ic=0.0633
[20:33:53]     VAL PASS  BRENT              inflation_emb_z  lag= 14  m6_ic=0.0515
[20:33:53]     VAL PASS  BRENT              inflation_emb_z  lag= 30  m6_ic=0.0483
[20:33:54]     VAL PASS  BRENT              gold_emb_z       lag=  1  m6_ic=0.0553
[20:33:54]     VAL PASS  BRENT              gold_emb_z       lag= 30  m6_ic=0.0526
[20:33:54]     VAL PASS  MSCI_INDIA         oil_emb_z        lag=  1  m6_ic=0.0567
[20:33:54]     VAL PASS  MSCI_INDIA         oil_emb_z        lag=  7  m6_ic=0.0505
[20:33:54]     VAL PASS  MSCI_INDIA         oil_emb_z        lag= 30  m6_ic=0.0644
[20:33:55]     VAL PASS  MSCI_INDIA         rate_emb_z       lag=  1  m6_ic=0.0332
[20:33:55]     VAL PASS  MSCI_INDIA         rate_emb_z       lag=  7  m6_ic=0.0467
[20:33:55]     VAL PASS  MSCI_INDIA         ruble_emb_z      lag=  1  m6_ic=0.0347
[20:33:55]     VAL PASS  MSCI_INDIA         ruble_emb_z      lag=  7  m6_ic=0.0358
[20:33:55]     VAL PASS  MSCI_INDIA         ruble_emb_z      lag= 30  m6_ic=0.0606
[20:33:56]     VAL PASS  MSCI_INDIA         inflation_emb_z  lag= 14  m6_ic=0.0461
[20:33:56]     VAL PASS  MSCI_INDIA         banking_emb_z    lag= 30  m6_ic=0.1817
[20:33:57]     VAL PASS  MSCI_INDIA         gold_emb_z       lag=  7  m6_ic=0.0711
[20:33:57]     VAL PASS  MSCI_INDIA         gold_emb_z       lag= 30  m6_ic=0.0423
[20:33:57]     VAL PASS  CHINA_H_SHARES     oil_emb_z        lag=  1  m6_ic=0.1001
[20:33:57]     VAL PASS  CHINA_H_SHARES     oil_emb_z        lag= 30  m6_ic=0.1111
[20:33:57]     VAL PASS  CHINA_H_SHARES     rate_emb_z       lag= 14  m6_ic=0.0510
[20:33:58]     VAL PASS  CHINA_H_SHARES     rate_emb_z       lag= 30  m6_ic=0.0523
[20:33:58]     VAL PASS  CHINA_H_SHARES     ruble_emb_z      lag= 14  m6_ic=0.1738
[20:33:59]     VAL PASS  CHINA_H_SHARES     sanctions_emb_z  lag=  1  m6_ic=0.0895
[20:33:59]     VAL PASS  CHINA_H_SHARES     sanctions_emb_z  lag=  7  m6_ic=0.0478
[20:33:59]     VAL PASS  CHINA_H_SHARES     sanctions_emb_z  lag= 30  m6_ic=0.0432
[20:33:59]     VAL PASS  CHINA_H_SHARES     inflation_emb_z  lag=  7  m6_ic=0.0842
[20:33:59]     VAL PASS  CHINA_H_SHARES     inflation_emb_z  lag= 14  m6_ic=0.0570
[20:34:00]     VAL PASS  CHINA_H_SHARES     gold_emb_z       lag=  7  m6_ic=0.1068
[20:34:00]     VAL PASS  FTSE_CHINA_50      oil_emb_z        lag=  1  m6_ic=0.0347
[20:34:01]     VAL PASS  FTSE_CHINA_50      rate_emb_z       lag=  7  m6_ic=0.0332
[20:34:01]     VAL PASS  FTSE_CHINA_50      rate_emb_z       lag= 30  m6_ic=0.1051
[20:34:01]     VAL PASS  FTSE_CHINA_50      ruble_emb_z      lag=  1  m6_ic=0.0499
[20:34:02]     VAL PASS  FTSE_CHINA_50      ruble_emb_z      lag= 14  m6_ic=0.0690
[20:34:02]     VAL PASS  FTSE_CHINA_50      ruble_emb_z      lag= 30  m6_ic=0.1288
[20:34:02]     VAL PASS  FTSE_CHINA_50      sanctions_emb_z  lag=  1  m6_ic=0.0728
[20:34:02]     VAL PASS  FTSE_CHINA_50      sanctions_emb_z  lag=  7  m6_ic=0.0415
[20:34:02]     VAL PASS  FTSE_CHINA_50      sanctions_emb_z  lag= 30  m6_ic=0.0469
[20:34:03]     VAL PASS  FTSE_CHINA_50      inflation_emb_z  lag=  7  m6_ic=0.0714
[20:34:03]     VAL PASS  FTSE_CHINA_50      inflation_emb_z  lag= 30  m6_ic=0.0422
[20:34:03]     VAL PASS  FTSE_CHINA_50      banking_emb_z    lag=  7  m6_ic=0.0385
[20:34:04]     VAL PASS  FTSE_CHINA_50      gold_emb_z       lag=  7  m6_ic=0.0346
[20:34:04]     VAL PASS  GOLD               oil_emb_z        lag= 30  m6_ic=0.1184
[20:34:04]     VAL PASS  GOLD               rate_emb_z       lag=  1  m6_ic=0.1016
[20:34:05]     VAL PASS  GOLD               rate_emb_z       lag= 14  m6_ic=0.0620
[20:34:05]     VAL PASS  GOLD               rate_emb_z       lag= 30  m6_ic=0.1201
[20:34:05]     VAL PASS  GOLD               ruble_emb_z      lag=  7  m6_ic=0.1107
[20:34:05]     VAL PASS  GOLD               ruble_emb_z      lag= 30  m6_ic=0.0372
[20:34:06]     VAL PASS  GOLD               sanctions_emb_z  lag= 30  m6_ic=0.0509
[20:34:06]     VAL PASS  GOLD               inflation_emb_z  lag=  1  m6_ic=0.1358
[20:34:06]     VAL PASS  GOLD               banking_emb_z    lag=  1  m6_ic=0.0501
[20:34:07]     VAL PASS  GOLD               banking_emb_z    lag= 14  m6_ic=0.0452
[20:34:07]     VAL PASS  GOLD               gold_emb_z       lag=  1  m6_ic=0.0508
[20:34:07]     VAL PASS  SILVER             oil_emb_z        lag=  1  m6_ic=0.0944
[20:34:08]     VAL PASS  SILVER             oil_emb_z        lag=  7  m6_ic=0.1289
[20:34:08]     VAL PASS  SILVER             rate_emb_z       lag=  1  m6_ic=0.0865
[20:34:08]     VAL PASS  SILVER             rate_emb_z       lag= 30  m6_ic=0.0674
[20:34:09]     VAL PASS  SILVER             ruble_emb_z      lag=  7  m6_ic=0.0392
[20:34:09]     VAL PASS  SILVER             ruble_emb_z      lag= 30  m6_ic=0.0486
[20:34:09]     VAL PASS  SILVER             sanctions_emb_z  lag= 14  m6_ic=0.0804
[20:34:10]     VAL PASS  SILVER             sanctions_emb_z  lag= 30  m6_ic=0.0535
[20:34:10]     VAL PASS  SILVER             inflation_emb_z  lag=  1  m6_ic=0.0496
[20:34:10]     VAL PASS  SILVER             inflation_emb_z  lag= 14  m6_ic=0.0556
[20:34:10]     VAL PASS  SILVER             inflation_emb_z  lag= 30  m6_ic=0.0598
[20:34:11]     VAL PASS  SILVER             gold_emb_z       lag= 14  m6_ic=0.1416
[20:34:11]     VAL PASS  IMOEX              oil_emb_z        lag=  7  m6_ic=0.0446
[20:34:11]     VAL PASS  IMOEX              rate_emb_z       lag= 14  m6_ic=0.1515
[20:34:12]     VAL PASS  IMOEX              rate_emb_z       lag= 30  m6_ic=0.1019
[20:34:12]     VAL PASS  IMOEX              ruble_emb_z      lag= 14  m6_ic=0.1229
[20:34:12]     VAL PASS  IMOEX              ruble_emb_z      lag= 30  m6_ic=0.1410
[20:34:13]     VAL PASS  IMOEX              sanctions_emb_z  lag=  7  m6_ic=0.0502
[20:34:13]     VAL PASS  IMOEX              sanctions_emb_z  lag= 14  m6_ic=0.1057
[20:34:13]     VAL PASS  IMOEX              sanctions_emb_z  lag= 30  m6_ic=0.0640
[20:34:13]     VAL PASS  IMOEX              inflation_emb_z  lag=  1  m6_ic=0.1056
[20:34:13]     VAL PASS  IMOEX              inflation_emb_z  lag=  7  m6_ic=0.0840
[20:34:14]     VAL PASS  IMOEX              inflation_emb_z  lag= 30  m6_ic=0.0374
[20:34:14]     VAL PASS  MOEXFN             rate_emb_z       lag= 14  m6_ic=0.1772
[20:34:15]     VAL PASS  MOEXFN             ruble_emb_z      lag=  1  m6_ic=0.0796
[20:34:15]     VAL PASS  MOEXFN             ruble_emb_z      lag= 14  m6_ic=0.1199
[20:34:15]     VAL PASS  MOEXFN             ruble_emb_z      lag= 30  m6_ic=0.1240
[20:34:15]     VAL PASS  MOEXFN             sanctions_emb_z  lag= 30  m6_ic=0.0366
[20:34:15]     VAL PASS  MOEXFN             inflation_emb_z  lag=  7  m6_ic=0.1169
[20:34:16]     VAL PASS  MOEXFN             inflation_emb_z  lag= 30  m6_ic=0.0446
[20:34:16]     VAL PASS  MOEXFN             banking_emb_z    lag= 30  m6_ic=0.0792
[20:34:17]     VAL PASS  MOEXOG             oil_emb_z        lag=  1  m6_ic=0.0416
[20:34:17]     VAL PASS  MOEXOG             oil_emb_z        lag=  7  m6_ic=0.0706
[20:34:17]     VAL PASS  MOEXOG             oil_emb_z        lag= 14  m6_ic=0.0718
[20:34:17]     VAL PASS  MOEXOG             oil_emb_z        lag= 30  m6_ic=0.0664
[20:34:17]     VAL PASS  MOEXOG             rate_emb_z       lag=  7  m6_ic=0.0349
[20:34:18]     VAL PASS  MOEXOG             rate_emb_z       lag= 14  m6_ic=0.1417
[20:34:18]     VAL PASS  MOEXOG             rate_emb_z       lag= 30  m6_ic=0.0866
[20:34:18]     VAL PASS  MOEXOG             ruble_emb_z      lag= 14  m6_ic=0.0964
[20:34:18]     VAL PASS  MOEXOG             ruble_emb_z      lag= 30  m6_ic=0.1103
[20:34:19]     VAL PASS  MOEXOG             inflation_emb_z  lag=  1  m6_ic=0.1491
[20:34:19]     VAL PASS  MOEXOG             inflation_emb_z  lag=  7  m6_ic=0.0409
[20:34:19]     VAL PASS  MOEXOG             inflation_emb_z  lag= 30  m6_ic=0.0399
[20:34:19]     VAL PASS  MOEXOG             banking_emb_z    lag= 30  m6_ic=0.0722
[20:34:19]     VAL PASS  MOEXOG             gold_emb_z       lag=  1  m6_ic=0.0892
[20:34:20]     VAL PASS  MOEXOG             gold_emb_z       lag= 14  m6_ic=0.0572
[20:34:20]     VAL PASS  MOEXOG             gold_emb_z       lag= 30  m6_ic=0.1562
[20:34:20]     VAL PASS  MOEX10             oil_emb_z        lag= 14  m6_ic=0.0816
[20:34:20]     VAL PASS  MOEX10             oil_emb_z        lag= 30  m6_ic=0.0310
[20:34:21]     VAL PASS  MOEX10             rate_emb_z       lag= 14  m6_ic=0.1497
[20:34:21]     VAL PASS  MOEX10             ruble_emb_z      lag=  1  m6_ic=0.0487
[20:34:21]     VAL PASS  MOEX10             ruble_emb_z      lag= 30  m6_ic=0.1278
[20:34:21]     VAL PASS  MOEX10             sanctions_emb_z  lag= 14  m6_ic=0.1211
[20:34:21]     VAL PASS  MOEX10             inflation_emb_z  lag=  1  m6_ic=0.1071
[20:34:22]     VAL PASS  MOEX10             inflation_emb_z  lag=  7  m6_ic=0.0961
[20:34:22]     VAL PASS  MOEX10             inflation_emb_z  lag= 14  m6_ic=0.0450
[20:34:22]     VAL PASS  MOEX10             banking_emb_z    lag= 14  m6_ic=0.0410
[20:34:22]     VAL PASS  MOEX10             banking_emb_z    lag= 30  m6_ic=0.0736
[20:34:22]     VAL PASS  MOEX10             gold_emb_z       lag= 30  m6_ic=0.0702
[20:34:22]     Val: 185/260 held
[20:34:22]   → train=260  val=185  max_ic=0.1514  score=2763.2
[20:34:23] 
============================================================
[20:34:23] FINAL REPORT
[20:34:23] ============================================================
[20:34:23] Report: C:\project\signal_mind\analytics\phase_b\night_search\night_report_20260520_200111.md
[20:34:24] Hits CSV: C:\project\signal_mind\analytics\phase_b\night_search\night_hits_20260520_200111.csv
[20:34:24] 
[15/15] sweep_embedding_z90_vol_5d  (budget=447min)
[20:34:24]   Config: sweep_embedding_z90_vol_5d
[20:34:24]     feature=embedding_z90  target=vol_5d  ensemble=M6_only  ic_min=0.03
[20:34:24]   HIT  SP500              oil_emb_z        lag=  1 m5_p=0.7065  m6_ic=0.0758
[20:34:24]   HIT  SP500              oil_emb_z        lag=  7 m5_p=0.8172  m6_ic=0.0393
[20:34:24]   HIT  SP500              oil_emb_z        lag= 14 m5_p=0.0828  m6_ic=0.0797
[20:34:24]   HIT  SP500              oil_emb_z        lag= 30 m5_p=0.4790  m6_ic=0.0367
[20:34:25]   HIT  SP500              rate_emb_z       lag= 14 m5_p=0.3951  m6_ic=0.0349
[20:34:25]   HIT  SP500              rate_emb_z       lag= 30 m5_p=0.3930  m6_ic=0.0493
[20:34:26]   HIT  SP500              ruble_emb_z      lag=  1 m5_p=0.0528  m6_ic=0.0345
[20:34:26]   HIT  SP500              ruble_emb_z      lag=  7 m5_p=0.2303  m6_ic=0.0322
[20:34:26]   HIT  SP500              ruble_emb_z      lag= 30 m5_p=0.1561  m6_ic=0.0656
[20:34:27]   HIT  SP500              sanctions_emb_z  lag=  7 m5_p=0.0507  m6_ic=0.0406
[20:34:27]   HIT  SP500              sanctions_emb_z  lag= 14 m5_p=0.7268  m6_ic=0.0771
[20:34:27]   HIT  SP500              sanctions_emb_z  lag= 30 m5_p=0.3147  m6_ic=0.0317
[20:34:27]   HIT  SP500              inflation_emb_z  lag=  1 m5_p=0.6456  m6_ic=0.0562
[20:34:28]   HIT  SP500              inflation_emb_z  lag= 14 m5_p=0.2256  m6_ic=0.0719
[20:34:29]   HIT  SP500              gold_emb_z       lag=  1 m5_p=0.7799  m6_ic=0.0570
[20:34:29]   HIT  SP500              gold_emb_z       lag= 14 m5_p=0.3237  m6_ic=0.0434
[20:34:30]   HIT  SP500              gold_emb_z       lag= 30 m5_p=0.7182  m6_ic=0.0535
[20:34:31]   HIT  USD_RUB            rate_emb_z       lag=  1 m5_p=0.1612  m6_ic=0.0426
[20:34:31]   HIT  USD_RUB            rate_emb_z       lag=  7 m5_p=0.0977  m6_ic=0.0986
[20:34:31]   HIT  USD_RUB            rate_emb_z       lag= 14 m5_p=0.0392  m6_ic=0.0645
[20:34:31]   HIT  USD_RUB            ruble_emb_z      lag=  1 m5_p=0.1687  m6_ic=0.0304
[20:34:32]   HIT  USD_RUB            ruble_emb_z      lag= 14 m5_p=0.1574  m6_ic=0.0438
[20:34:32]   HIT  USD_RUB            ruble_emb_z      lag= 30 m5_p=0.7797  m6_ic=0.0355
[20:34:32]   HIT  USD_RUB            sanctions_emb_z  lag=  7 m5_p=0.8898  m6_ic=0.0510
[20:34:33]   HIT  USD_RUB            sanctions_emb_z  lag= 30 m5_p=0.4128  m6_ic=0.0490
[20:34:33]   HIT  USD_RUB            inflation_emb_z  lag=  1 m5_p=0.0553  m6_ic=0.0413
[20:34:33]   HIT  USD_RUB            inflation_emb_z  lag=  7 m5_p=0.7697  m6_ic=0.0331
[20:34:33]   HIT  USD_RUB            inflation_emb_z  lag= 14 m5_p=0.8057  m6_ic=0.0337
[20:34:34]   HIT  USD_RUB            inflation_emb_z  lag= 30 m5_p=0.5802  m6_ic=0.0884
[20:34:34]   HIT  USD_RUB            banking_emb_z    lag=  1 m5_p=0.9126  m6_ic=0.0434
[20:34:34]   HIT  USD_RUB            banking_emb_z    lag=  7 m5_p=0.6943  m6_ic=0.1137
[20:34:34]   HIT  USD_RUB            banking_emb_z    lag= 14 m5_p=0.8123  m6_ic=0.0337
[20:34:35]   HIT  USD_RUB            gold_emb_z       lag=  1 m5_p=0.5974  m6_ic=0.0501
[20:34:35]   HIT  USD_RUB            gold_emb_z       lag=  7 m5_p=0.7851  m6_ic=0.1043
[20:34:35]   HIT  USD_RUB            gold_emb_z       lag= 30 m5_p=0.2632  m6_ic=0.0432
[20:34:36]   HIT  EUR_RUB            rate_emb_z       lag=  1 m5_p=0.1612  m6_ic=0.0426
[20:34:37]   HIT  EUR_RUB            rate_emb_z       lag=  7 m5_p=0.0977  m6_ic=0.0986
[20:34:37]   HIT  EUR_RUB            rate_emb_z       lag= 14 m5_p=0.0392  m6_ic=0.0645
[20:34:37]   HIT  EUR_RUB            ruble_emb_z      lag=  1 m5_p=0.1687  m6_ic=0.0304
[20:34:38]   HIT  EUR_RUB            ruble_emb_z      lag= 14 m5_p=0.1574  m6_ic=0.0438
[20:34:38]   HIT  EUR_RUB            ruble_emb_z      lag= 30 m5_p=0.7797  m6_ic=0.0355
[20:34:38]   HIT  EUR_RUB            sanctions_emb_z  lag=  7 m5_p=0.8898  m6_ic=0.0510
[20:34:39]   HIT  EUR_RUB            sanctions_emb_z  lag= 30 m5_p=0.4128  m6_ic=0.0490
[20:34:39]   HIT  EUR_RUB            inflation_emb_z  lag=  1 m5_p=0.0553  m6_ic=0.0413
[20:34:39]   HIT  EUR_RUB            inflation_emb_z  lag=  7 m5_p=0.7697  m6_ic=0.0331
[20:34:39]   HIT  EUR_RUB            inflation_emb_z  lag= 14 m5_p=0.8057  m6_ic=0.0337
[20:34:40]   HIT  EUR_RUB            inflation_emb_z  lag= 30 m5_p=0.5802  m6_ic=0.0884
[20:34:40]   HIT  EUR_RUB            banking_emb_z    lag=  1 m5_p=0.9126  m6_ic=0.0434
[20:34:40]   HIT  EUR_RUB            banking_emb_z    lag=  7 m5_p=0.6943  m6_ic=0.1137
[20:34:40]   HIT  EUR_RUB            banking_emb_z    lag= 14 m5_p=0.8123  m6_ic=0.0337
[20:34:41]   HIT  EUR_RUB            gold_emb_z       lag=  1 m5_p=0.5974  m6_ic=0.0501
[20:34:41]   HIT  EUR_RUB            gold_emb_z       lag=  7 m5_p=0.7851  m6_ic=0.1043
[20:34:41]   HIT  EUR_RUB            gold_emb_z       lag= 30 m5_p=0.2632  m6_ic=0.0432
[20:34:41]   HIT  DJ_SOUTH_AFRICA    oil_emb_z        lag=  1 m5_p=0.8221  m6_ic=0.1124
[20:34:42]   HIT  DJ_SOUTH_AFRICA    oil_emb_z        lag= 30 m5_p=0.6389  m6_ic=0.1014
[20:34:43]   HIT  DJ_SOUTH_AFRICA    rate_emb_z       lag= 14 m5_p=0.5234  m6_ic=0.0418
[20:34:43]   HIT  DJ_SOUTH_AFRICA    rate_emb_z       lag= 30 m5_p=0.3592  m6_ic=0.0611
[20:34:44]   HIT  DJ_SOUTH_AFRICA    sanctions_emb_z  lag=  7 m5_p=0.0434  m6_ic=0.0670
[20:34:45]   HIT  DJ_SOUTH_AFRICA    inflation_emb_z  lag=  1 m5_p=0.3201  m6_ic=0.0449
[20:34:45]   HIT  DJ_SOUTH_AFRICA    inflation_emb_z  lag= 30 m5_p=0.8809  m6_ic=0.0922
[20:34:45]   HIT  DJ_SOUTH_AFRICA    banking_emb_z    lag=  1 m5_p=0.3918  m6_ic=0.0604
[20:34:46]   HIT  DJ_SOUTH_AFRICA    banking_emb_z    lag= 14 m5_p=0.5033  m6_ic=0.0547
[20:34:46]   HIT  DJ_SOUTH_AFRICA    banking_emb_z    lag= 30 m5_p=0.6983  m6_ic=0.0314
[20:34:46]   HIT  DJ_SOUTH_AFRICA    gold_emb_z       lag=  7 m5_p=0.2064  m6_ic=0.0798
[20:34:47]   HIT  MSCI_WORLD         oil_emb_z        lag=  1 m5_p=0.2689  m6_ic=0.1514
[20:34:47]   HIT  MSCI_WORLD         oil_emb_z        lag=  7 m5_p=0.2210  m6_ic=0.0657
[20:34:48]   HIT  MSCI_WORLD         rate_emb_z       lag=  7 m5_p=0.1228  m6_ic=0.0539
[20:34:48]   HIT  MSCI_WORLD         rate_emb_z       lag= 14 m5_p=0.1286  m6_ic=0.0381
[20:34:49]   HIT  MSCI_WORLD         ruble_emb_z      lag=  1 m5_p=0.1664  m6_ic=0.0711
[20:34:49]   HIT  MSCI_WORLD         ruble_emb_z      lag= 14 m5_p=0.9920  m6_ic=0.0324
[20:34:49]   HIT  MSCI_WORLD         ruble_emb_z      lag= 30 m5_p=0.4841  m6_ic=0.0353
[20:34:50]   HIT  MSCI_WORLD         sanctions_emb_z  lag=  1 m5_p=0.5408  m6_ic=0.0361
[20:34:50]   HIT  MSCI_WORLD         sanctions_emb_z  lag=  7 m5_p=0.5700  m6_ic=0.0598
[20:34:50]   HIT  MSCI_WORLD         sanctions_emb_z  lag= 14 m5_p=0.9735  m6_ic=0.0894
[20:34:51]   HIT  MSCI_WORLD         inflation_emb_z  lag=  7 m5_p=0.8886  m6_ic=0.0742
[20:34:51]   HIT  MSCI_WORLD         inflation_emb_z  lag= 14 m5_p=0.7276  m6_ic=0.0477
[20:34:51]   HIT  MSCI_WORLD         inflation_emb_z  lag= 30 m5_p=0.9393  m6_ic=0.0709
[20:34:51]   HIT  MSCI_WORLD         banking_emb_z    lag=  7 m5_p=0.6228  m6_ic=0.0597
[20:34:51]   HIT  MSCI_WORLD         banking_emb_z    lag= 14 m5_p=0.1712  m6_ic=0.0603
[20:34:52]   HIT  MSCI_WORLD         gold_emb_z       lag=  1 m5_p=0.6457  m6_ic=0.0383
[20:34:53]   HIT  DXY                oil_emb_z        lag=  1 m5_p=0.4736  m6_ic=0.0546
[20:34:53]   HIT  DXY                oil_emb_z        lag=  7 m5_p=0.4423  m6_ic=0.0927
[20:34:53]   HIT  DXY                oil_emb_z        lag= 14 m5_p=0.6408  m6_ic=0.0967
[20:34:54]   HIT  DXY                rate_emb_z       lag=  1 m5_p=0.8266  m6_ic=0.0799
[20:34:54]   HIT  DXY                rate_emb_z       lag= 14 m5_p=0.0288  m6_ic=0.0476
[20:34:54]   HIT  DXY                rate_emb_z       lag= 30 m5_p=0.3048  m6_ic=0.1179
[20:34:55]   HIT  DXY                ruble_emb_z      lag= 14 m5_p=0.8457  m6_ic=0.0645
[20:34:55]   HIT  DXY                ruble_emb_z      lag= 30 m5_p=0.5505  m6_ic=0.0900
[20:34:55]   HIT  DXY                sanctions_emb_z  lag=  7 m5_p=0.7069  m6_ic=0.0317
[20:34:56]   HIT  DXY                sanctions_emb_z  lag= 14 m5_p=0.4139  m6_ic=0.0336
[20:34:56]   HIT  DXY                sanctions_emb_z  lag= 30 m5_p=0.7200  m6_ic=0.0340
[20:34:56]   HIT  DXY                inflation_emb_z  lag=  1 m5_p=0.4382  m6_ic=0.0632
[20:34:56]   HIT  DXY                inflation_emb_z  lag=  7 m5_p=0.2982  m6_ic=0.0526
[20:34:56]   HIT  DXY                inflation_emb_z  lag= 14 m5_p=0.3512  m6_ic=0.0762
[20:34:57]   HIT  DXY                inflation_emb_z  lag= 30 m5_p=0.9893  m6_ic=0.0311
[20:34:57]   HIT  DXY                banking_emb_z    lag=  1 m5_p=0.3739  m6_ic=0.0356
[20:34:57]   HIT  DXY                banking_emb_z    lag= 14 m5_p=0.5128  m6_ic=0.0831
[20:34:57]   HIT  DXY                banking_emb_z    lag= 30 m5_p=0.7877  m6_ic=0.0443
[20:34:58]   HIT  DXY                gold_emb_z       lag=  7 m5_p=0.9712  m6_ic=0.0320
[20:34:58]   HIT  DXY                gold_emb_z       lag= 30 m5_p=0.9228  m6_ic=0.0432
[20:34:59]   HIT  BRENT              oil_emb_z        lag=  1 m5_p=0.1011  m6_ic=0.0347
[20:34:59]   HIT  BRENT              rate_emb_z       lag=  1 m5_p=0.4142  m6_ic=0.0450
[20:35:00]   HIT  BRENT              rate_emb_z       lag=  7 m5_p=0.3267  m6_ic=0.0813
[20:35:00]   HIT  BRENT              rate_emb_z       lag= 14 m5_p=0.9474  m6_ic=0.0788
[20:35:00]   HIT  BRENT              rate_emb_z       lag= 30 m5_p=0.3689  m6_ic=0.0331
[20:35:00]   HIT  BRENT              ruble_emb_z      lag=  7 m5_p=0.1636  m6_ic=0.0421
[20:35:01]   HIT  BRENT              ruble_emb_z      lag= 14 m5_p=0.6055  m6_ic=0.0882
[20:35:01]   HIT  BRENT              sanctions_emb_z  lag=  7 m5_p=0.3355  m6_ic=0.0415
[20:35:02]   HIT  BRENT              sanctions_emb_z  lag= 30 m5_p=0.7604  m6_ic=0.1134
[20:35:02]   HIT  BRENT              inflation_emb_z  lag=  7 m5_p=0.1354  m6_ic=0.1402
[20:35:02]   HIT  BRENT              inflation_emb_z  lag= 14 m5_p=0.4514  m6_ic=0.0348
[20:35:03]   HIT  BRENT              inflation_emb_z  lag= 30 m5_p=0.4299  m6_ic=0.0383
[20:35:03]   HIT  BRENT              banking_emb_z    lag=  1 m5_p=0.8689  m6_ic=0.1221
[20:35:04]   HIT  BRENT              gold_emb_z       lag=  1 m5_p=0.6198  m6_ic=0.0328
[20:35:04]   HIT  BRENT              gold_emb_z       lag= 30 m5_p=0.3724  m6_ic=0.0887
[20:35:04]   HIT  MSCI_INDIA         oil_emb_z        lag=  1 m5_p=0.6784  m6_ic=0.0840
[20:35:05]   HIT  MSCI_INDIA         oil_emb_z        lag=  7 m5_p=0.0789  m6_ic=0.0701
[20:35:05]   HIT  MSCI_INDIA         oil_emb_z        lag= 30 m5_p=0.9424  m6_ic=0.0797
[20:35:05]   HIT  MSCI_INDIA         rate_emb_z       lag=  1 m5_p=0.1855  m6_ic=0.0719
[20:35:05]   HIT  MSCI_INDIA         rate_emb_z       lag=  7 m5_p=0.9259  m6_ic=0.0988
[20:35:06]   HIT  MSCI_INDIA         ruble_emb_z      lag=  1 m5_p=0.5372  m6_ic=0.0638
[20:35:06]   HIT  MSCI_INDIA         ruble_emb_z      lag=  7 m5_p=0.3100  m6_ic=0.0367
[20:35:07]   HIT  MSCI_INDIA         ruble_emb_z      lag= 30 m5_p=0.1705  m6_ic=0.0686
[20:35:07]   HIT  MSCI_INDIA         sanctions_emb_z  lag=  1 m5_p=0.5988  m6_ic=0.0495
[20:35:07]   HIT  MSCI_INDIA         sanctions_emb_z  lag=  7 m5_p=0.8932  m6_ic=0.0586
[20:35:08]   HIT  MSCI_INDIA         inflation_emb_z  lag= 14 m5_p=0.0209  m6_ic=0.0699
[20:35:09]   HIT  MSCI_INDIA         banking_emb_z    lag= 30 m5_p=0.9294  m6_ic=0.0577
[20:35:09]   HIT  MSCI_INDIA         gold_emb_z       lag=  1 m5_p=0.6979  m6_ic=0.0594
[20:35:09]   HIT  MSCI_INDIA         gold_emb_z       lag=  7 m5_p=0.5940  m6_ic=0.0545
[20:35:10]   HIT  MSCI_INDIA         gold_emb_z       lag= 30 m5_p=0.8681  m6_ic=0.0582
[20:35:10]   HIT  CHINA_H_SHARES     oil_emb_z        lag=  1 m5_p=0.9893  m6_ic=0.0724
[20:35:11]   HIT  CHINA_H_SHARES     oil_emb_z        lag= 30 m5_p=0.7057  m6_ic=0.0362
[20:35:11]   HIT  CHINA_H_SHARES     rate_emb_z       lag= 14 m5_p=0.0364  m6_ic=0.0403
[20:35:11]   HIT  CHINA_H_SHARES     rate_emb_z       lag= 30 m5_p=0.4860  m6_ic=0.0910
[20:35:12]   HIT  CHINA_H_SHARES     ruble_emb_z      lag=  1 m5_p=0.1288  m6_ic=0.0651
[20:35:12]   HIT  CHINA_H_SHARES     ruble_emb_z      lag=  7 m5_p=0.0258  m6_ic=0.0937
[20:35:12]   HIT  CHINA_H_SHARES     ruble_emb_z      lag= 14 m5_p=0.6639  m6_ic=0.0697
[20:35:12]   HIT  CHINA_H_SHARES     ruble_emb_z      lag= 30 m5_p=0.8530  m6_ic=0.0383
[20:35:12]   HIT  CHINA_H_SHARES     sanctions_emb_z  lag=  1 m5_p=0.4712  m6_ic=0.0567
[20:35:13]   HIT  CHINA_H_SHARES     sanctions_emb_z  lag=  7 m5_p=0.4604  m6_ic=0.0971
[20:35:13]   HIT  CHINA_H_SHARES     sanctions_emb_z  lag= 30 m5_p=0.9912  m6_ic=0.0599
[20:35:13]   HIT  CHINA_H_SHARES     inflation_emb_z  lag=  7 m5_p=0.9088  m6_ic=0.0790
[20:35:13]   HIT  CHINA_H_SHARES     inflation_emb_z  lag= 14 m5_p=0.0994  m6_ic=0.0681
[20:35:14]   HIT  CHINA_H_SHARES     inflation_emb_z  lag= 30 m5_p=0.6375  m6_ic=0.0694
[20:35:14]   HIT  CHINA_H_SHARES     banking_emb_z    lag=  1 m5_p=0.9391  m6_ic=0.0503
[20:35:14]   HIT  CHINA_H_SHARES     banking_emb_z    lag=  7 m5_p=0.8681  m6_ic=0.0387
[20:35:14]   HIT  CHINA_H_SHARES     banking_emb_z    lag= 14 m5_p=0.8741  m6_ic=0.1206
[20:35:15]   HIT  CHINA_H_SHARES     gold_emb_z       lag=  7 m5_p=0.9698  m6_ic=0.0383
[20:35:15]   HIT  FTSE_CHINA_50      oil_emb_z        lag=  1 m5_p=0.8491  m6_ic=0.0405
[20:35:16]   HIT  FTSE_CHINA_50      rate_emb_z       lag=  7 m5_p=0.7444  m6_ic=0.0365
[20:35:17]   HIT  FTSE_CHINA_50      rate_emb_z       lag= 14 m5_p=0.0357  m6_ic=0.0421
[20:35:17]   HIT  FTSE_CHINA_50      rate_emb_z       lag= 30 m5_p=0.3121  m6_ic=0.0740
[20:35:17]   HIT  FTSE_CHINA_50      ruble_emb_z      lag=  1 m5_p=0.0784  m6_ic=0.0809
[20:35:17]   HIT  FTSE_CHINA_50      ruble_emb_z      lag=  7 m5_p=0.0464  m6_ic=0.0841
[20:35:17]   HIT  FTSE_CHINA_50      ruble_emb_z      lag= 14 m5_p=0.6174  m6_ic=0.0732
[20:35:18]   HIT  FTSE_CHINA_50      ruble_emb_z      lag= 30 m5_p=0.8329  m6_ic=0.0443
[20:35:18]   HIT  FTSE_CHINA_50      sanctions_emb_z  lag=  1 m5_p=0.3410  m6_ic=0.0346
[20:35:18]   HIT  FTSE_CHINA_50      sanctions_emb_z  lag=  7 m5_p=0.5076  m6_ic=0.0943
[20:35:18]   HIT  FTSE_CHINA_50      sanctions_emb_z  lag= 30 m5_p=0.8105  m6_ic=0.0432
[20:35:19]   HIT  FTSE_CHINA_50      inflation_emb_z  lag=  7 m5_p=0.9227  m6_ic=0.0687
[20:35:19]   HIT  FTSE_CHINA_50      inflation_emb_z  lag= 14 m5_p=0.0992  m6_ic=0.0651
[20:35:19]   HIT  FTSE_CHINA_50      inflation_emb_z  lag= 30 m5_p=0.5427  m6_ic=0.0894
[20:35:19]   HIT  FTSE_CHINA_50      banking_emb_z    lag=  1 m5_p=0.9363  m6_ic=0.0318
[20:35:20]   HIT  FTSE_CHINA_50      banking_emb_z    lag=  7 m5_p=0.6325  m6_ic=0.0315
[20:35:20]   HIT  FTSE_CHINA_50      banking_emb_z    lag= 14 m5_p=0.7967  m6_ic=0.1036
[20:35:20]   HIT  FTSE_CHINA_50      gold_emb_z       lag=  7 m5_p=0.7251  m6_ic=0.0612
[20:35:21]   HIT  GOLD               oil_emb_z        lag= 14 m5_p=0.2620  m6_ic=0.0581
[20:35:22]   HIT  GOLD               oil_emb_z        lag= 30 m5_p=0.6483  m6_ic=0.0605
[20:35:22]   HIT  GOLD               rate_emb_z       lag=  1 m5_p=0.7457  m6_ic=0.0963
[20:35:22]   HIT  GOLD               rate_emb_z       lag= 14 m5_p=0.3958  m6_ic=0.0432
[20:35:22]   HIT  GOLD               rate_emb_z       lag= 30 m5_p=0.9518  m6_ic=0.1247
[20:35:23]   HIT  GOLD               ruble_emb_z      lag=  7 m5_p=0.1019  m6_ic=0.0459
[20:35:23]   HIT  GOLD               ruble_emb_z      lag= 14 m5_p=0.6285  m6_ic=0.0650
[20:35:23]   HIT  GOLD               ruble_emb_z      lag= 30 m5_p=0.9995  m6_ic=0.0908
[20:35:23]   HIT  GOLD               sanctions_emb_z  lag=  1 m5_p=0.6497  m6_ic=0.0709
[20:35:24]   HIT  GOLD               sanctions_emb_z  lag= 14 m5_p=0.2963  m6_ic=0.0583
[20:35:24]   HIT  GOLD               sanctions_emb_z  lag= 30 m5_p=0.9756  m6_ic=0.0771
[20:35:24]   HIT  GOLD               inflation_emb_z  lag=  1 m5_p=0.8350  m6_ic=0.1288
[20:35:25]   HIT  GOLD               inflation_emb_z  lag= 14 m5_p=0.7996  m6_ic=0.0665
[20:35:25]   HIT  GOLD               banking_emb_z    lag=  1 m5_p=0.1266  m6_ic=0.0524
[20:35:25]   HIT  GOLD               banking_emb_z    lag= 14 m5_p=0.4410  m6_ic=0.0481
[20:35:26]   HIT  GOLD               gold_emb_z       lag=  1 m5_p=0.6920  m6_ic=0.0673
[20:35:26]   HIT  GOLD               gold_emb_z       lag=  7 m5_p=0.5645  m6_ic=0.1370
[20:35:26]   HIT  GOLD               gold_emb_z       lag= 30 m5_p=0.4815  m6_ic=0.0461
[20:35:27]   HIT  SILVER             oil_emb_z        lag=  1 m5_p=0.6895  m6_ic=0.0366
[20:35:27]   HIT  SILVER             oil_emb_z        lag=  7 m5_p=0.4870  m6_ic=0.0364
[20:35:27]   HIT  SILVER             oil_emb_z        lag= 14 m5_p=0.9875  m6_ic=0.0543
[20:35:27]   HIT  SILVER             rate_emb_z       lag=  1 m5_p=0.7504  m6_ic=0.0501
[20:35:27]   HIT  SILVER             rate_emb_z       lag=  7 m5_p=0.1456  m6_ic=0.0333
[20:35:28]   HIT  SILVER             rate_emb_z       lag= 30 m5_p=0.7659  m6_ic=0.0507
[20:35:28]   HIT  SILVER             ruble_emb_z      lag=  1 m5_p=0.4948  m6_ic=0.0589
[20:35:28]   HIT  SILVER             ruble_emb_z      lag=  7 m5_p=0.4274  m6_ic=0.1058
[20:35:28]   HIT  SILVER             ruble_emb_z      lag= 14 m5_p=0.4557  m6_ic=0.0451
[20:35:29]   HIT  SILVER             ruble_emb_z      lag= 30 m5_p=0.9529  m6_ic=0.0911
[20:35:29]   HIT  SILVER             sanctions_emb_z  lag=  1 m5_p=0.8650  m6_ic=0.0795
[20:35:29]   HIT  SILVER             sanctions_emb_z  lag= 14 m5_p=0.6519  m6_ic=0.0563
[20:35:29]   HIT  SILVER             sanctions_emb_z  lag= 30 m5_p=0.2999  m6_ic=0.0628
[20:35:30]   HIT  SILVER             inflation_emb_z  lag=  1 m5_p=0.5365  m6_ic=0.0332
[20:35:30]   HIT  SILVER             inflation_emb_z  lag= 14 m5_p=0.4693  m6_ic=0.0385
[20:35:30]   HIT  SILVER             inflation_emb_z  lag= 30 m5_p=0.3962  m6_ic=0.0404
[20:35:31]   HIT  SILVER             gold_emb_z       lag=  1 m5_p=0.7854  m6_ic=0.0433
[20:35:31]   HIT  SILVER             gold_emb_z       lag=  7 m5_p=0.2833  m6_ic=0.0583
[20:35:31]   HIT  SILVER             gold_emb_z       lag= 14 m5_p=0.9673  m6_ic=0.0550
[20:35:32]   HIT  IMOEX              oil_emb_z        lag=  7 m5_p=0.0775  m6_ic=0.0426
[20:35:33]   HIT  IMOEX              rate_emb_z       lag=  7 m5_p=0.2090  m6_ic=0.0853
[20:35:33]   HIT  IMOEX              rate_emb_z       lag= 14 m5_p=0.4143  m6_ic=0.0941
[20:35:33]   HIT  IMOEX              rate_emb_z       lag= 30 m5_p=0.6379  m6_ic=0.0740
[20:35:34]   HIT  IMOEX              ruble_emb_z      lag=  7 m5_p=0.8983  m6_ic=0.0365
[20:35:34]   HIT  IMOEX              ruble_emb_z      lag= 14 m5_p=0.5601  m6_ic=0.0870
[20:35:34]   HIT  IMOEX              ruble_emb_z      lag= 30 m5_p=0.4858  m6_ic=0.1052
[20:35:34]   HIT  IMOEX              sanctions_emb_z  lag=  1 m5_p=0.8655  m6_ic=0.0635
[20:35:34]   HIT  IMOEX              sanctions_emb_z  lag=  7 m5_p=0.1284  m6_ic=0.0402
[20:35:34]   HIT  IMOEX              sanctions_emb_z  lag= 14 m5_p=0.3439  m6_ic=0.0984
[20:35:35]   HIT  IMOEX              sanctions_emb_z  lag= 30 m5_p=0.2528  m6_ic=0.0877
[20:35:35]   HIT  IMOEX              inflation_emb_z  lag=  1 m5_p=0.2269  m6_ic=0.0885
[20:35:35]   HIT  IMOEX              inflation_emb_z  lag=  7 m5_p=0.4770  m6_ic=0.0760
[20:35:36]   HIT  IMOEX              inflation_emb_z  lag= 30 m5_p=0.2827  m6_ic=0.0794
[20:35:36]   HIT  IMOEX              banking_emb_z    lag=  7 m5_p=0.4350  m6_ic=0.0478
[20:35:38]   HIT  MOEXFN             oil_emb_z        lag=  7 m5_p=0.1384  m6_ic=0.0418
[20:35:38]   HIT  MOEXFN             oil_emb_z        lag= 30 m5_p=0.3234  m6_ic=0.1036
[20:35:39]   HIT  MOEXFN             rate_emb_z       lag= 14 m5_p=0.1283  m6_ic=0.0745
[20:35:39]   HIT  MOEXFN             ruble_emb_z      lag=  1 m5_p=0.1970  m6_ic=0.0331
[20:35:39]   HIT  MOEXFN             ruble_emb_z      lag= 14 m5_p=0.9925  m6_ic=0.0471
[20:35:40]   HIT  MOEXFN             ruble_emb_z      lag= 30 m5_p=0.8908  m6_ic=0.0996
[20:35:40]   HIT  MOEXFN             sanctions_emb_z  lag= 30 m5_p=0.3830  m6_ic=0.0520
[20:35:41]   HIT  MOEXFN             inflation_emb_z  lag=  7 m5_p=0.4968  m6_ic=0.1050
[20:35:41]   HIT  MOEXFN             inflation_emb_z  lag= 14 m5_p=0.9658  m6_ic=0.0334
[20:35:41]   HIT  MOEXFN             inflation_emb_z  lag= 30 m5_p=0.6884  m6_ic=0.0354
[20:35:42]   HIT  MOEXFN             banking_emb_z    lag= 30 m5_p=0.7341  m6_ic=0.0503
[20:35:43]   HIT  MOEXFN             gold_emb_z       lag= 14 m5_p=0.2758  m6_ic=0.0430
[20:35:43]   HIT  MOEXOG             oil_emb_z        lag=  1 m5_p=0.7135  m6_ic=0.0718
[20:35:43]   HIT  MOEXOG             oil_emb_z        lag=  7 m5_p=0.0733  m6_ic=0.1059
[20:35:43]   HIT  MOEXOG             oil_emb_z        lag= 14 m5_p=0.9043  m6_ic=0.0620
[20:35:44]   HIT  MOEXOG             oil_emb_z        lag= 30 m5_p=0.1069  m6_ic=0.0736
[20:35:44]   HIT  MOEXOG             rate_emb_z       lag=  7 m5_p=0.0755  m6_ic=0.0722
[20:35:44]   HIT  MOEXOG             rate_emb_z       lag= 14 m5_p=0.6295  m6_ic=0.1002
[20:35:44]   HIT  MOEXOG             rate_emb_z       lag= 30 m5_p=0.4671  m6_ic=0.0770
[20:35:45]   HIT  MOEXOG             ruble_emb_z      lag= 14 m5_p=0.7797  m6_ic=0.0519
[20:35:45]   HIT  MOEXOG             ruble_emb_z      lag= 30 m5_p=0.1859  m6_ic=0.0760
[20:35:45]   HIT  MOEXOG             sanctions_emb_z  lag=  7 m5_p=0.2161  m6_ic=0.0405
[20:35:46]   HIT  MOEXOG             inflation_emb_z  lag=  1 m5_p=0.1669  m6_ic=0.0863
[20:35:46]   HIT  MOEXOG             inflation_emb_z  lag=  7 m5_p=0.4320  m6_ic=0.0360
[20:35:47]   HIT  MOEXOG             inflation_emb_z  lag= 30 m5_p=0.3389  m6_ic=0.0472
[20:35:47]   HIT  MOEXOG             banking_emb_z    lag= 30 m5_p=0.7124  m6_ic=0.0584
[20:35:48]   HIT  MOEXOG             gold_emb_z       lag=  1 m5_p=0.6755  m6_ic=0.0347
[20:35:48]   HIT  MOEXOG             gold_emb_z       lag=  7 m5_p=0.2092  m6_ic=0.0829
[20:35:48]   HIT  MOEXOG             gold_emb_z       lag= 14 m5_p=0.4845  m6_ic=0.0778
[20:35:48]   HIT  MOEXOG             gold_emb_z       lag= 30 m5_p=0.5771  m6_ic=0.0319
[20:35:49]   HIT  MOEX10             oil_emb_z        lag= 14 m5_p=0.7244  m6_ic=0.0301
[20:35:49]   HIT  MOEX10             oil_emb_z        lag= 30 m5_p=0.1532  m6_ic=0.0940
[20:35:50]   HIT  MOEX10             rate_emb_z       lag= 14 m5_p=0.5362  m6_ic=0.0615
[20:35:50]   HIT  MOEX10             ruble_emb_z      lag=  1 m5_p=0.2101  m6_ic=0.0667
[20:35:51]   HIT  MOEX10             ruble_emb_z      lag= 30 m5_p=0.1711  m6_ic=0.0947
[20:35:51]   HIT  MOEX10             sanctions_emb_z  lag= 14 m5_p=0.1501  m6_ic=0.0430
[20:35:52]   HIT  MOEX10             inflation_emb_z  lag=  1 m5_p=0.2963  m6_ic=0.0465
[20:35:52]   HIT  MOEX10             inflation_emb_z  lag=  7 m5_p=0.4887  m6_ic=0.0685
[20:35:52]   HIT  MOEX10             inflation_emb_z  lag= 14 m5_p=0.8985  m6_ic=0.0505
[20:35:53]   HIT  MOEX10             banking_emb_z    lag= 14 m5_p=0.7807  m6_ic=0.0464
[20:35:53]   HIT  MOEX10             banking_emb_z    lag= 30 m5_p=0.6500  m6_ic=0.0796
[20:35:54]   HIT  MOEX10             gold_emb_z       lag= 30 m5_p=0.7972  m6_ic=0.0517
[20:35:54]     Train: 260 signals
[20:35:54]     Val holdout (260 candidates)...
[20:35:54]     VAL PASS  SP500              oil_emb_z        lag=  1  m6_ic=0.0710
[20:35:54]     VAL PASS  SP500              oil_emb_z        lag=  7  m6_ic=0.0531
[20:35:54]     VAL PASS  SP500              oil_emb_z        lag= 14  m6_ic=0.0603
[20:35:55]     VAL PASS  SP500              rate_emb_z       lag= 14  m6_ic=0.0688
[20:35:55]     VAL PASS  SP500              rate_emb_z       lag= 30  m6_ic=0.0745
[20:35:55]     VAL PASS  SP500              ruble_emb_z      lag=  1  m6_ic=0.0875
[20:35:55]     VAL PASS  SP500              ruble_emb_z      lag=  7  m6_ic=0.0653
[20:35:56]     VAL PASS  SP500              sanctions_emb_z  lag= 14  m6_ic=0.0501
[20:35:56]     VAL PASS  SP500              sanctions_emb_z  lag= 30  m6_ic=0.1002
[20:35:56]     VAL PASS  SP500              inflation_emb_z  lag=  1  m6_ic=0.0800
[20:35:57]     VAL PASS  SP500              inflation_emb_z  lag= 14  m6_ic=0.0769
[20:35:57]     VAL PASS  SP500              gold_emb_z       lag= 14  m6_ic=0.0349
[20:35:57]     VAL PASS  SP500              gold_emb_z       lag= 30  m6_ic=0.1651
[20:35:58]     VAL PASS  USD_RUB            rate_emb_z       lag=  1  m6_ic=0.0935
[20:35:58]     VAL PASS  USD_RUB            rate_emb_z       lag=  7  m6_ic=0.0575
[20:35:58]     VAL PASS  USD_RUB            ruble_emb_z      lag= 14  m6_ic=0.0617
[20:35:58]     VAL PASS  USD_RUB            ruble_emb_z      lag= 30  m6_ic=0.0522
[20:35:59]     VAL PASS  USD_RUB            sanctions_emb_z  lag=  7  m6_ic=0.0575
[20:35:59]     VAL PASS  USD_RUB            inflation_emb_z  lag=  1  m6_ic=0.0509
[20:35:59]     VAL PASS  USD_RUB            inflation_emb_z  lag=  7  m6_ic=0.0921
[20:36:00]     VAL PASS  USD_RUB            inflation_emb_z  lag= 30  m6_ic=0.0370
[20:36:00]     VAL PASS  USD_RUB            banking_emb_z    lag=  1  m6_ic=0.0343
[20:36:00]     VAL PASS  USD_RUB            gold_emb_z       lag=  1  m6_ic=0.0917
[20:36:01]     VAL PASS  USD_RUB            gold_emb_z       lag= 30  m6_ic=0.0586
[20:36:01]     VAL PASS  EUR_RUB            rate_emb_z       lag=  1  m6_ic=0.0935
[20:36:01]     VAL PASS  EUR_RUB            rate_emb_z       lag=  7  m6_ic=0.0575
[20:36:02]     VAL PASS  EUR_RUB            ruble_emb_z      lag= 14  m6_ic=0.0617
[20:36:02]     VAL PASS  EUR_RUB            ruble_emb_z      lag= 30  m6_ic=0.0522
[20:36:02]     VAL PASS  EUR_RUB            sanctions_emb_z  lag=  7  m6_ic=0.0575
[20:36:03]     VAL PASS  EUR_RUB            inflation_emb_z  lag=  1  m6_ic=0.0509
[20:36:03]     VAL PASS  EUR_RUB            inflation_emb_z  lag=  7  m6_ic=0.0921
[20:36:03]     VAL PASS  EUR_RUB            inflation_emb_z  lag= 30  m6_ic=0.0370
[20:36:04]     VAL PASS  EUR_RUB            banking_emb_z    lag=  1  m6_ic=0.0343
[20:36:04]     VAL PASS  EUR_RUB            gold_emb_z       lag=  1  m6_ic=0.0917
[20:36:05]     VAL PASS  EUR_RUB            gold_emb_z       lag= 30  m6_ic=0.0586
[20:36:05]     VAL PASS  DJ_SOUTH_AFRICA    oil_emb_z        lag=  1  m6_ic=0.0576
[20:36:05]     VAL PASS  DJ_SOUTH_AFRICA    oil_emb_z        lag= 30  m6_ic=0.1367
[20:36:05]     VAL PASS  DJ_SOUTH_AFRICA    rate_emb_z       lag= 14  m6_ic=0.0339
[20:36:05]     VAL PASS  DJ_SOUTH_AFRICA    rate_emb_z       lag= 30  m6_ic=0.0896
[20:36:06]     VAL PASS  DJ_SOUTH_AFRICA    sanctions_emb_z  lag=  7  m6_ic=0.0498
[20:36:06]     VAL PASS  DJ_SOUTH_AFRICA    inflation_emb_z  lag= 30  m6_ic=0.0759
[20:36:07]     VAL PASS  MSCI_WORLD         oil_emb_z        lag=  1  m6_ic=0.0462
[20:36:07]     VAL PASS  MSCI_WORLD         oil_emb_z        lag=  7  m6_ic=0.0908
[20:36:08]     VAL PASS  MSCI_WORLD         ruble_emb_z      lag= 14  m6_ic=0.0440
[20:36:08]     VAL PASS  MSCI_WORLD         ruble_emb_z      lag= 30  m6_ic=0.0365
[20:36:08]     VAL PASS  MSCI_WORLD         sanctions_emb_z  lag=  1  m6_ic=0.0409
[20:36:09]     VAL PASS  MSCI_WORLD         sanctions_emb_z  lag=  7  m6_ic=0.0357
[20:36:09]     VAL PASS  MSCI_WORLD         sanctions_emb_z  lag= 14  m6_ic=0.0331
[20:36:09]     VAL PASS  MSCI_WORLD         inflation_emb_z  lag= 14  m6_ic=0.0352
[20:36:10]     VAL PASS  MSCI_WORLD         banking_emb_z    lag=  7  m6_ic=0.0640
[20:36:10]     VAL PASS  MSCI_WORLD         banking_emb_z    lag= 14  m6_ic=0.1243
[20:36:10]     VAL PASS  DXY                oil_emb_z        lag=  1  m6_ic=0.0635
[20:36:10]     VAL PASS  DXY                oil_emb_z        lag=  7  m6_ic=0.1685
[20:36:11]     VAL PASS  DXY                oil_emb_z        lag= 14  m6_ic=0.0967
[20:36:11]     VAL PASS  DXY                rate_emb_z       lag=  1  m6_ic=0.0553
[20:36:12]     VAL PASS  DXY                ruble_emb_z      lag= 30  m6_ic=0.0502
[20:36:12]     VAL PASS  DXY                sanctions_emb_z  lag=  7  m6_ic=0.0833
[20:36:12]     VAL PASS  DXY                inflation_emb_z  lag=  1  m6_ic=0.0556
[20:36:13]     VAL PASS  DXY                inflation_emb_z  lag=  7  m6_ic=0.0368
[20:36:13]     VAL PASS  DXY                inflation_emb_z  lag= 14  m6_ic=0.0940
[20:36:13]     VAL PASS  DXY                inflation_emb_z  lag= 30  m6_ic=0.0626
[20:36:13]     VAL PASS  DXY                banking_emb_z    lag=  1  m6_ic=0.0705
[20:36:13]     VAL PASS  DXY                banking_emb_z    lag= 14  m6_ic=0.0573
[20:36:14]     VAL PASS  DXY                banking_emb_z    lag= 30  m6_ic=0.0425
[20:36:14]     VAL PASS  DXY                gold_emb_z       lag=  7  m6_ic=0.0819
[20:36:14]     VAL PASS  DXY                gold_emb_z       lag= 30  m6_ic=0.0566
[20:36:14]     VAL PASS  BRENT              oil_emb_z        lag=  1  m6_ic=0.0304
[20:36:14]     VAL PASS  BRENT              rate_emb_z       lag=  1  m6_ic=0.1163
[20:36:14]     VAL PASS  BRENT              rate_emb_z       lag=  7  m6_ic=0.0563
[20:36:15]     VAL PASS  BRENT              rate_emb_z       lag= 14  m6_ic=0.1027
[20:36:15]     VAL PASS  BRENT              rate_emb_z       lag= 30  m6_ic=0.0734
[20:36:15]     VAL PASS  BRENT              ruble_emb_z      lag=  7  m6_ic=0.0777
[20:36:15]     VAL PASS  BRENT              ruble_emb_z      lag= 14  m6_ic=0.0332
[20:36:16]     VAL PASS  BRENT              sanctions_emb_z  lag= 30  m6_ic=0.0513
[20:36:16]     VAL PASS  BRENT              inflation_emb_z  lag=  7  m6_ic=0.0633
[20:36:16]     VAL PASS  BRENT              inflation_emb_z  lag= 14  m6_ic=0.0515
[20:36:16]     VAL PASS  BRENT              inflation_emb_z  lag= 30  m6_ic=0.0483
[20:36:17]     VAL PASS  BRENT              gold_emb_z       lag=  1  m6_ic=0.0553
[20:36:17]     VAL PASS  BRENT              gold_emb_z       lag= 30  m6_ic=0.0526
[20:36:17]     VAL PASS  MSCI_INDIA         oil_emb_z        lag=  1  m6_ic=0.0567
[20:36:17]     VAL PASS  MSCI_INDIA         oil_emb_z        lag=  7  m6_ic=0.0505
[20:36:18]     VAL PASS  MSCI_INDIA         oil_emb_z        lag= 30  m6_ic=0.0644
[20:36:18]     VAL PASS  MSCI_INDIA         rate_emb_z       lag=  1  m6_ic=0.0332
[20:36:18]     VAL PASS  MSCI_INDIA         rate_emb_z       lag=  7  m6_ic=0.0467
[20:36:18]     VAL PASS  MSCI_INDIA         ruble_emb_z      lag=  1  m6_ic=0.0347
[20:36:18]     VAL PASS  MSCI_INDIA         ruble_emb_z      lag=  7  m6_ic=0.0358
[20:36:19]     VAL PASS  MSCI_INDIA         ruble_emb_z      lag= 30  m6_ic=0.0606
[20:36:19]     VAL PASS  MSCI_INDIA         inflation_emb_z  lag= 14  m6_ic=0.0461
[20:36:19]     VAL PASS  MSCI_INDIA         banking_emb_z    lag= 30  m6_ic=0.1817
[20:36:20]     VAL PASS  MSCI_INDIA         gold_emb_z       lag=  7  m6_ic=0.0711
[20:36:20]     VAL PASS  MSCI_INDIA         gold_emb_z       lag= 30  m6_ic=0.0423
[20:36:20]     VAL PASS  CHINA_H_SHARES     oil_emb_z        lag=  1  m6_ic=0.1001
[20:36:20]     VAL PASS  CHINA_H_SHARES     oil_emb_z        lag= 30  m6_ic=0.1111
[20:36:21]     VAL PASS  CHINA_H_SHARES     rate_emb_z       lag= 14  m6_ic=0.0510
[20:36:21]     VAL PASS  CHINA_H_SHARES     rate_emb_z       lag= 30  m6_ic=0.0523
[20:36:21]     VAL PASS  CHINA_H_SHARES     ruble_emb_z      lag= 14  m6_ic=0.1738
[20:36:22]     VAL PASS  CHINA_H_SHARES     sanctions_emb_z  lag=  1  m6_ic=0.0895
[20:36:22]     VAL PASS  CHINA_H_SHARES     sanctions_emb_z  lag=  7  m6_ic=0.0478
[20:36:22]     VAL PASS  CHINA_H_SHARES     sanctions_emb_z  lag= 30  m6_ic=0.0432
[20:36:22]     VAL PASS  CHINA_H_SHARES     inflation_emb_z  lag=  7  m6_ic=0.0842
[20:36:22]     VAL PASS  CHINA_H_SHARES     inflation_emb_z  lag= 14  m6_ic=0.0570
[20:36:24]     VAL PASS  CHINA_H_SHARES     gold_emb_z       lag=  7  m6_ic=0.1068
[20:36:24]     VAL PASS  FTSE_CHINA_50      oil_emb_z        lag=  1  m6_ic=0.0347
[20:36:24]     VAL PASS  FTSE_CHINA_50      rate_emb_z       lag=  7  m6_ic=0.0332
[20:36:24]     VAL PASS  FTSE_CHINA_50      rate_emb_z       lag= 30  m6_ic=0.1051
[20:36:25]     VAL PASS  FTSE_CHINA_50      ruble_emb_z      lag=  1  m6_ic=0.0499
[20:36:25]     VAL PASS  FTSE_CHINA_50      ruble_emb_z      lag= 14  m6_ic=0.0690
[20:36:25]     VAL PASS  FTSE_CHINA_50      ruble_emb_z      lag= 30  m6_ic=0.1288
[20:36:25]     VAL PASS  FTSE_CHINA_50      sanctions_emb_z  lag=  1  m6_ic=0.0728
[20:36:26]     VAL PASS  FTSE_CHINA_50      sanctions_emb_z  lag=  7  m6_ic=0.0415
[20:36:26]     VAL PASS  FTSE_CHINA_50      sanctions_emb_z  lag= 30  m6_ic=0.0469
[20:36:26]     VAL PASS  FTSE_CHINA_50      inflation_emb_z  lag=  7  m6_ic=0.0714
[20:36:26]     VAL PASS  FTSE_CHINA_50      inflation_emb_z  lag= 30  m6_ic=0.0422
[20:36:27]     VAL PASS  FTSE_CHINA_50      banking_emb_z    lag=  7  m6_ic=0.0385
[20:36:27]     VAL PASS  FTSE_CHINA_50      gold_emb_z       lag=  7  m6_ic=0.0346
[20:36:28]     VAL PASS  GOLD               oil_emb_z        lag= 30  m6_ic=0.1184
[20:36:28]     VAL PASS  GOLD               rate_emb_z       lag=  1  m6_ic=0.1016
[20:36:28]     VAL PASS  GOLD               rate_emb_z       lag= 14  m6_ic=0.0620
[20:36:28]     VAL PASS  GOLD               rate_emb_z       lag= 30  m6_ic=0.1201
[20:36:28]     VAL PASS  GOLD               ruble_emb_z      lag=  7  m6_ic=0.1107
[20:36:29]     VAL PASS  GOLD               ruble_emb_z      lag= 30  m6_ic=0.0372
[20:36:29]     VAL PASS  GOLD               sanctions_emb_z  lag= 30  m6_ic=0.0509
[20:36:30]     VAL PASS  GOLD               inflation_emb_z  lag=  1  m6_ic=0.1358
[20:36:30]     VAL PASS  GOLD               banking_emb_z    lag=  1  m6_ic=0.0501
[20:36:30]     VAL PASS  GOLD               banking_emb_z    lag= 14  m6_ic=0.0452
[20:36:30]     VAL PASS  GOLD               gold_emb_z       lag=  1  m6_ic=0.0508
[20:36:31]     VAL PASS  SILVER             oil_emb_z        lag=  1  m6_ic=0.0944
[20:36:31]     VAL PASS  SILVER             oil_emb_z        lag=  7  m6_ic=0.1289
[20:36:31]     VAL PASS  SILVER             rate_emb_z       lag=  1  m6_ic=0.0865
[20:36:32]     VAL PASS  SILVER             rate_emb_z       lag= 30  m6_ic=0.0674
[20:36:32]     VAL PASS  SILVER             ruble_emb_z      lag=  7  m6_ic=0.0392
[20:36:32]     VAL PASS  SILVER             ruble_emb_z      lag= 30  m6_ic=0.0486
[20:36:33]     VAL PASS  SILVER             sanctions_emb_z  lag= 14  m6_ic=0.0804
[20:36:33]     VAL PASS  SILVER             sanctions_emb_z  lag= 30  m6_ic=0.0535
[20:36:33]     VAL PASS  SILVER             inflation_emb_z  lag=  1  m6_ic=0.0496
[20:36:33]     VAL PASS  SILVER             inflation_emb_z  lag= 14  m6_ic=0.0556
[20:36:34]     VAL PASS  SILVER             inflation_emb_z  lag= 30  m6_ic=0.0598
[20:36:34]     VAL PASS  SILVER             gold_emb_z       lag= 14  m6_ic=0.1416
[20:36:34]     VAL PASS  IMOEX              oil_emb_z        lag=  7  m6_ic=0.0446
[20:36:35]     VAL PASS  IMOEX              rate_emb_z       lag= 14  m6_ic=0.1515
[20:36:35]     VAL PASS  IMOEX              rate_emb_z       lag= 30  m6_ic=0.1019
[20:36:35]     VAL PASS  IMOEX              ruble_emb_z      lag= 14  m6_ic=0.1229
[20:36:36]     VAL PASS  IMOEX              ruble_emb_z      lag= 30  m6_ic=0.1410
[20:36:36]     VAL PASS  IMOEX              sanctions_emb_z  lag=  7  m6_ic=0.0502
[20:36:36]     VAL PASS  IMOEX              sanctions_emb_z  lag= 14  m6_ic=0.1057
[20:36:36]     VAL PASS  IMOEX              sanctions_emb_z  lag= 30  m6_ic=0.0640
[20:36:37]     VAL PASS  IMOEX              inflation_emb_z  lag=  1  m6_ic=0.1056
[20:36:37]     VAL PASS  IMOEX              inflation_emb_z  lag=  7  m6_ic=0.0840
[20:36:37]     VAL PASS  IMOEX              inflation_emb_z  lag= 30  m6_ic=0.0374
[20:36:38]     VAL PASS  MOEXFN             rate_emb_z       lag= 14  m6_ic=0.1772
[20:36:38]     VAL PASS  MOEXFN             ruble_emb_z      lag=  1  m6_ic=0.0796
[20:36:38]     VAL PASS  MOEXFN             ruble_emb_z      lag= 14  m6_ic=0.1199
[20:36:38]     VAL PASS  MOEXFN             ruble_emb_z      lag= 30  m6_ic=0.1240
[20:36:39]     VAL PASS  MOEXFN             sanctions_emb_z  lag= 30  m6_ic=0.0366
[20:36:39]     VAL PASS  MOEXFN             inflation_emb_z  lag=  7  m6_ic=0.1169
[20:36:39]     VAL PASS  MOEXFN             inflation_emb_z  lag= 30  m6_ic=0.0446
[20:36:40]     VAL PASS  MOEXFN             banking_emb_z    lag= 30  m6_ic=0.0792
[20:36:40]     VAL PASS  MOEXOG             oil_emb_z        lag=  1  m6_ic=0.0416
[20:36:40]     VAL PASS  MOEXOG             oil_emb_z        lag=  7  m6_ic=0.0706
[20:36:40]     VAL PASS  MOEXOG             oil_emb_z        lag= 14  m6_ic=0.0718
[20:36:41]     VAL PASS  MOEXOG             oil_emb_z        lag= 30  m6_ic=0.0664
[20:36:41]     VAL PASS  MOEXOG             rate_emb_z       lag=  7  m6_ic=0.0349
[20:36:41]     VAL PASS  MOEXOG             rate_emb_z       lag= 14  m6_ic=0.1417
[20:36:41]     VAL PASS  MOEXOG             rate_emb_z       lag= 30  m6_ic=0.0866
[20:36:41]     VAL PASS  MOEXOG             ruble_emb_z      lag= 14  m6_ic=0.0964
[20:36:42]     VAL PASS  MOEXOG             ruble_emb_z      lag= 30  m6_ic=0.1103
[20:36:42]     VAL PASS  MOEXOG             inflation_emb_z  lag=  1  m6_ic=0.1491
[20:36:42]     VAL PASS  MOEXOG             inflation_emb_z  lag=  7  m6_ic=0.0409
[20:36:42]     VAL PASS  MOEXOG             inflation_emb_z  lag= 30  m6_ic=0.0399
[20:36:43]     VAL PASS  MOEXOG             banking_emb_z    lag= 30  m6_ic=0.0722
[20:36:43]     VAL PASS  MOEXOG             gold_emb_z       lag=  1  m6_ic=0.0892
[20:36:43]     VAL PASS  MOEXOG             gold_emb_z       lag= 14  m6_ic=0.0572
[20:36:43]     VAL PASS  MOEXOG             gold_emb_z       lag= 30  m6_ic=0.1562
[20:36:44]     VAL PASS  MOEX10             oil_emb_z        lag= 14  m6_ic=0.0816
[20:36:44]     VAL PASS  MOEX10             oil_emb_z        lag= 30  m6_ic=0.0310
[20:36:44]     VAL PASS  MOEX10             rate_emb_z       lag= 14  m6_ic=0.1497
[20:36:44]     VAL PASS  MOEX10             ruble_emb_z      lag=  1  m6_ic=0.0487
[20:36:44]     VAL PASS  MOEX10             ruble_emb_z      lag= 30  m6_ic=0.1278
[20:36:45]     VAL PASS  MOEX10             sanctions_emb_z  lag= 14  m6_ic=0.1211
[20:36:45]     VAL PASS  MOEX10             inflation_emb_z  lag=  1  m6_ic=0.1071
[20:36:45]     VAL PASS  MOEX10             inflation_emb_z  lag=  7  m6_ic=0.0961
[20:36:45]     VAL PASS  MOEX10             inflation_emb_z  lag= 14  m6_ic=0.0450
[20:36:45]     VAL PASS  MOEX10             banking_emb_z    lag= 14  m6_ic=0.0410
[20:36:46]     VAL PASS  MOEX10             banking_emb_z    lag= 30  m6_ic=0.0736
[20:36:46]     VAL PASS  MOEX10             gold_emb_z       lag= 30  m6_ic=0.0702
[20:36:46]     Val: 185/260 held
[20:36:46]   → train=260  val=185  max_ic=0.1514  score=2763.2
[20:36:46] 
============================================================
[20:36:46] FINAL REPORT
[20:36:46] ============================================================
[20:36:47] Report: C:\project\signal_mind\analytics\phase_b\night_search\night_report_20260520_200111.md
[20:36:47] Hits CSV: C:\project\signal_mind\analytics\phase_b\night_search\night_hits_20260520_200111.csv
